2800000019	Κατα Ματθαιον
280101006d	Βίβλος γενέσεως Ἰησοῦ Χριστοῦ υἱοῦ Δαυεὶδ υἱοῦ Ἀβραάμ.
28010200e6	Ἀβραὰμ ἐγέννησεν τὸν Ἰσαάκ· Ἰσαὰκ δὲ ἐγέννησεν τὸν Ἰακώβ· Ἰακὼβ δὲ ἐγέννησεν τὸν Ἰούδαν καὶ τοὺς ἀδελφοὺς αὐτοῦ·
28010300e7	Ἰούδας δὲ ἐγέννησεν τὸν Φαρὲς καὶ τὸν Ζαρὰ ἐκ τῆς Θαμάρ· Φαρὲς δὲ ἐγέννησεν τὸν Ἐσρώμ· Ἐσρὼμ δὲ ἐγέννησεν τὸν Ἀράμ·
28010400c7	Ἀρὰμ δὲ ἐγέννησεν τὸν Ἀμιναδάβ· Ἀμιναδὰβ δὲ ἐγέννησεν τὸν Ναασσών· Ναασσὼν δὲ ἐγέννησεν τὸν Σαλμών·
28010500e7	Σαλμὼν δὲ ἐγέννησεν τὸν Βοὸς ἐκ τῆς Ῥαχάβ· Βοὸς δὲ ἐγέννησεν τὸν Ἰωβὴδ ἐκ τῆς Ῥούθ· Ἰωβὴδ δὲ ἐγέννησεν τὸν Ἰεσσαί·
28010600bf	Ἰεσσαὶ δὲ ἐγέννησεν τὸν Δαυεὶδ τὸν βασιλέα· Δαυεὶδ δὲ ἐγέννησεν τὸν Σολομῶνα ἐκ τῆς τοῦ Οὐρίου·
28010700b7	Σολομὼν δὲ ἐγέννησεν τὸν Ῥοβοάμ· Ῥοβοὰμ δὲ ἐγέννησεν τὸν Ἀβιά· Ἀβιὰ δὲ ἐγέννησεν τὸν Ἀσάφ·
28010800be	Ἀσὰφ δὲ ἐγέννησεν τὸν Ἰωσαφάτ· Ἰωσαφὰτ δὲ ἐγέννησεν τὸν Ἰωράμ· Ἰωρὰμ δὲ ἐγέννησεν τὸν Ὀζείαν·
28010900b9	Ὀζείας δὲ ἐγέννησεν τὸν Ἰωάθαμ· Ἰωάθαμ δὲ ἐγέννησεν τὸν Ἄχαζ· Ἄχαζ δὲ ἐγέννησεν τὸν Ἐζεκίαν·
28010a00c2	Ἐζεκίας δὲ ἐγέννησεν τὸν Μανασσῆ· Μανασσῆς δὲ ἐγέννησεν τὸν Ἀμώς· Ἀμὼς δὲ ἐγέννησεν τὸν Ἰωσείαν·
28010b00b2	Ἰωσείας δὲ ἐγέννησεν τὸν Ἰεχονίαν καὶ τοὺς ἀδελφοὺς αὐτοῦ ἐπὶ τῆς μετοικεσίας Βαβυλῶνος.
28010c00cc	Μετὰ δὲ τὴν μετοικεσίαν Βαβυλῶνος Ἰεχονίας ἐγέννησεν τὸν Σαλαθιήλ· Σαλαθιὴλ δὲ ἐγέννησεν τὸν Ζοροβάβελ·
28010d00ca	Ζοροβάβελ δὲ ἐγέννησεν τὸν Ἀβιούδ· Ἀβιοὺδ δὲ ἐγέννησεν τὸν Ἐλιακείμ· Ἐλιακεὶμ δὲ ἐγέννησεν τὸν Ἀζώρ·
28010e00b4	Ἀζὼρ δὲ ἐγέννησεν τὸν Σαδώκ· Σαδὼκ δὲ ἐγέννησεν τὸν Ἀχείμ· Ἀχεὶμ δὲ ἐγέννησεν τὸν Ἐλιούδ·
28010f00c1	Ἐλιοὺδ δὲ ἐγέννησεν τὸν Ἐλεάζαρ· Ἐλεάζαρ δὲ ἐγέννησεν τὸν Μαθθάν· Μαθθὰν δὲ ἐγέννησεν τὸν Ἰακώβ·
28011000b1	Ἰακὼβ δὲ ἐγέννησεν τὸν Ἰωσὴφ τὸν ἄνδρα Μαρίας, ἐξ ἧς ἐγεννήθη Ἰησοῦς ὁ λεγόμενος Χριστός.
280111018b	Πᾶσαι οὖν αἱ γενεαὶ ἀπὸ Ἀβραὰμ ἕως Δαυεὶδ γενεαὶ δεκατέσσαρες, καὶ ἀπὸ Δαυεὶδ ἕως τῆς μετοικεσίας Βαβυλῶνος γενεαὶ δεκατέσσαρες, καὶ ἀπὸ τῆς μετοικεσίας Βαβυλῶνος ἕως τοῦ χριστοῦ γενεαὶ δεκατέσσαρες.
2801120129	Τοῦ δὲ χριστοῦ ἡ γένεσις οὕτως ἦν· μνηστευθείσης τῆς μητρὸς αὐτοῦ Μαρίας τῷ Ἰωσήφ, πρὶν ἢ συνελθεῖν αὐτοὺς εὑρέθη ἐν γαστρὶ ἔχουσα ἐκ πνεύματος ἁγίου.
28011300bf	Ἰωσὴφ δὲ ὁ ἀνὴρ αὐτῆς, δίκαιος ὢν καὶ μὴ θέλων αὐτὴν δειγματίσαι, ἐβουλήθη λάθρα ἀπολῦσαι αὐτήν.
280114017c	ταῦτα δὲ αὐτοῦ ἐνθυμηθέντος, ἰδοὺ ἄγγελος κυρίου κατ᾽ ὄναρ ἐφάνη αὐτῷ λέγων, Ἰωσὴφ υἱὸς Δαυείδ, μὴ φοβηθῇς παραλαβεῖν Μαριὰμ τὴν γυναῖκά σου· τὸ γὰρ ἐν αὐτῇ γεννηθὲν ἐκ πνεύματός ἐστιν ἁγίου.
28011500d9	τέξεται δὲ υἱόν, καὶ καλέσεις τὸ ὄνομα αὐτοῦ Ἰησοῦν· αὐτὸς γὰρ σώσει τὸν λαὸν αὐτοῦ ἀπὸ τῶν ἁμαρτιῶν αὐτῶν.
280116009f	τοῦτο δὲ ὅλον γέγονεν, ἵνα πληρωθῇ τὸ ῥηθὲν ὑπὸ κυρίου διὰ τοῦ προφήτου λέγοντος,
2801170105	Ἰδοὺ ἡ παρθένος ἐν γαστρὶ ἕξει καὶ τέξεται υἱόν, καὶ καλέσουσιν τὸ ὄνομα αὐτοῦ Ἐμμανουήλ, ὅ ἐστιν μεθερμηνευόμενον, Μεθ᾽ ἡμῶν ὁ θεός.
28011800e2	Ἐγερθεὶς δὲ ὁ Ἰωσὴφ ἀπὸ τοῦ ὕπνου ἐποίησεν ὡς προσέταξεν αὐτῷ ὁ ἄγγελος κυρίου· καὶ παρέλαβεν τὴν γυναῖκα αὐτοῦ.
28011900a0	καὶ οὐκ ἐγίνωσκεν αὐτὴν ἕως οὗ ἔτεκεν υἱόν, καὶ ἐκάλεσεν τὸ ὄνομα αὐτοῦ Ἰησοῦν.
2802010106	Τοῦ δὲ Ἰησοῦ γεννηθέντος ἐν Βηθλεὲμ τῆς Ἰουδαίας ἐν ἡμέραις Ἡρώδου τοῦ βασιλέως, ἰδοὺ μάγοι ἀπὸ ἀνατολῶν παρεγένοντο εἰς Ἱεροσόλυμα
28020200fb	λέγοντες, Ποῦ ἐστιν ὁ τεχθεὶς βασιλεὺς τῶν Ἰουδαίων; εἴδομεν γὰρ αὐτοῦ τὸν ἀστέρα ἐν τῇ ἀνατολῇ, καὶ ἤλθομεν προσκυνῆσαι αὐτῷ.
280203008d	ἀκούσας δὲ ὁ βασιλεὺς Ἡρώδης ἐταράχθη, καὶ πᾶσα Ἱεροσόλυμα μετ᾽ αὐτοῦ·
28020400d5	καὶ συναγαγὼν πάντας τοὺς ἀρχιερεῖς καὶ γραμματεῖς τοῦ λαοῦ, ἐπυνθάνετο παρ᾽ αὐτῶν, ποῦ ὁ χριστὸς γεννᾶται.
280205009c	οἱ δὲ εἶπoν αὐτῷ, Ἐν Βηθλεὲμ τῆς Ἰουδαίας. οὕτως γὰρ γέγραπται διὰ τοῦ προφήτου,
2802060119	Καὶ σύ, Βηθλεὲμ γῆ Ἰούδα, οὐδαμῶς ἐλαχίστη εἶ ἐν τοῖς ἡγεμόσιν Ἰούδα· ἐκ σοῦ γὰρ ἐξελεύσεται ἡγούμενος, ὅστις ποιμανεῖ τὸν λαόν μου τὸν Ἰσραήλ.
28020700b5	Τότε Ἡρώδης λάθρα καλέσας τοὺς μάγους ἠκρίβωσεν παρ᾽ αὐτῶν τὸν χρόνον τοῦ φαινομένου ἀστέρος,
280208012a	καὶ πέμψας αὐτοὺς εἰς Βηθλεὲμ εἶπεν, Πορευθέντες ἐξετάσατε ἀκριβῶς περὶ τοῦ παιδίου· ἐπὰν δὲ εὕρητε, ἀπαγγείλατέ μοι, ὅπως κἀγὼ ἐλθὼν προσκυνήσω αὐτῷ.
2802090118	οἱ δὲ ἀκούσαντες τοῦ βασιλέως ἐπορεύθησαν· καὶ ἰδοὺ ὁ ἀστήρ, ὃν εἶδον ἐν τῇ ἀνατολῇ, προῆγεν αὐτοὺς ἕως ἐλθὼν ἐστάθη ἐπάνω οὗ ἦν τὸ παιδίον.
28020a0067	ἰδόντες δὲ τὸν ἀστέρα ἐχάρησαν χαρὰν μεγάλην σφόδρα·
28020b0184	καὶ ἐλθόντες εἰς τὴν οἰκίαν εἶδον τὸ παιδίον μετὰ Μαρίας τῆς μητρὸς αὐτοῦ, καὶ πεσόντες προσεκύνησαν αὐτῷ, καὶ ἀνοίξαντες τοὺς θησαυροὺς αὐτῶν προσήνεγκαν αὐτῷ δῶρα, χρυσὸν καὶ λίβανον καὶ σμύρναν.
28020c00c9	καὶ χρηματισθέντες κατ᾽ ὄναρ μὴ ἀνακάμψαι πρὸς Ἡρώδην, δι᾽ ἄλλης ὁδοῦ ἀνεχώρησαν εἰς τὴν χώραν αὐτῶν.
28020d01d8	Ἀναχωρησάντων δὲ αὐτῶν, ἰδοὺ ἄγγελος κυρίου κατ᾽ ὄναρ φαίνεται τῷ Ἰωσὴφ λέγων, Ἐγερθεὶς παράλαβε τὸ παιδίον καὶ τὴν μητέρα αὐτοῦ, καὶ φεῦγε εἰς Αἴγυπτον, καὶ ἴσθι ἐκεῖ ἕως ἂν εἴπω σοί· μέλλει γὰρ Ἡρώδης ζητεῖν τὸ παιδίον, τοῦ ἀπολέσαι αὐτό.
28020e00b5	ὁ δὲ ἐγερθεὶς παρέλαβεν τὸ παιδίον καὶ τὴν μητέρα αὐτοῦ νυκτὸς καὶ ἀνεχώρησεν εἰς Αἴγυπτον,
28020f0100	καὶ ἦν ἐκεῖ ἕως τῆς τελευτῆς Ἡρώδου· ἵνα πληρωθῇ τὸ ῥηθὲν ὑπὸ κυρίου διὰ τοῦ προφήτου λέγοντος, Ἐξ Αἰγύπτου ἐκάλεσα τὸν υἱόν μου.
28021001b2	Τότε Ἡρώδης ἰδὼν ὅτι ἐνεπαίχθη ὑπὸ τῶν μάγων, ἐθυμώθη λίαν, καὶ ἀποστείλας ἀνεῖλεν πάντας τοὺς παῖδας τοὺς ἐν Βηθλεὲμ καὶ ἐν πᾶσιν τοῖς ὁρίοις αὐτῆς, ἀπὸ διετοῦς καὶ κατωτέρω, κατὰ τὸν χρόνον ὃν ἠκρίβωσεν παρὰ τῶν μάγων.
2802110072	τότε ἐπληρώθη τὸ ῥηθὲν διὰ Ἱερεμίου τοῦ προφήτου λέγοντος,
28021200f5	Φωνὴ ἐν Ῥαμᾶ ἠκούσθη, κλαυθμὸς καὶ ὀδυρμὸς πολύς, Ῥαχὴλ κλαίουσα τὰ τέκνα αὐτῆς, καὶ οὐκ ἤθελεν παρακληθῆναι, ὅτι οὐκ εἰσίν.
28021300af	Τελευτήσαντος δὲ τοῦ Ἡρώδου, ἰδοὺ ἄγγελος κυρίου φαίνεται κατ᾽ ὄναρ τῷ Ἰωσὴφ ἐν Αἰγύπτῳ,
2802140109	λέγων, Ἐγερθεὶς παράλαβε τὸ παιδίον καὶ τὴν μητέρα αὐτοῦ, καὶ πορεύου εἰς γῆν Ἰσραήλ· τεθνήκασιν γὰρ οἱ ζητοῦντες τὴν ψυχὴν τοῦ παιδίου.
28021500a8	ὁ δὲ ἐγερθεὶς παρέλαβεν τὸ παιδίον καὶ τὴν μητέρα αὐτοῦ καὶ εἰσῆλθεν εἰς γῆν Ἰσραήλ.
2802160150	ἀκούσας δὲ ὅτι Ἀρχέλαος βασιλεύει [ἐπὶ] τῆς Ἰουδαίας ἀντὶ τοῦ πατρὸς αὐτοῦ Ἡρώδου ἐφοβήθη ἐκεῖ ἀπελθεῖν· χρηματισθεὶς δὲ κατ᾽ ὄναρ ἀνεχώρησεν εἰς τὰ μέρη τῆς Γαλιλαίας,
28021700df	καὶ ἐλθὼν κατῴκησεν εἰς πόλιν λεγομένην Ναζαρέθ, ὅπως πληρωθῇ τὸ ῥηθὲν διὰ τῶν προφητῶν ὅτι Ναζωραῖος κληθήσεται.
28030100ba	Ἐν δὲ ταῖς ἡμέραις ἐκείναις παραγίνεται Ἰωάννης ὁ βαπτιστὴς κηρύσσων ἐν τῇ ἐρήμῳ τῆς Ἰουδαίας
2803020074	[καὶ] λέγων, Μετανοεῖτε· ἤγγικεν γὰρ ἡ βασιλεία τῶν οὐρανῶν.
2803030122	οὗτος γάρ ἐστιν ὁ ῥηθεὶς διὰ Ἡσαΐου τοῦ προφήτου λέγοντος, Φωνὴ βοῶντος ἐν τῇ ἐρήμῳ, ἑτοιμάσατε τὴν ὁδὸν κυρίου, εὐθείας ποιεῖτε τὰς τρίβους αὐτοῦ.
2803040128	Αὐτὸς δὲ ὁ Ἰωάννης εἶχεν τὸ ἔνδυμα αὐτοῦ ἀπὸ τριχῶν καμήλου καὶ ζώνην δερματίνην περὶ τὴν ὀσφὺν αὐτοῦ· ἡ δὲ τροφὴ ἦν αὐτοῦ ἀκρίδες καὶ μέλι ἄγριον.
28030500b7	Τότε ἐξεπορεύετο πρὸς αὐτὸν Ἱεροσόλυμα καὶ πᾶσα ἡ Ἰουδαία καὶ πᾶσα ἡ περίχωρος τοῦ Ἰορδάνου,
28030600a9	καὶ ἐβαπτίζοντο ἐν τῷ Ἰορδάνῃ ποταμῷ ὑπ᾽ αὐτοῦ, ἐξομολογούμενοι τὰς ἁμαρτίας αὐτῶν.
2803070147	ἰδὼν δὲ πολλοὺς τῶν Φαρισαίων καὶ Σαδδουκαίων ἐρχομένους ἐπὶ τὸ βάπτισμα [αὐτοῦ], εἶπεν αὐτοῖς, Γεννήματα ἐχιδνῶν, τίς ὑπέδειξεν ὑμῖν φυγεῖν ἀπὸ τῆς μελλούσης ὀργῆς;
280308004f	ποιήσατε οὖν καρπὸν ἄξιον τῆς μετανοίας·
280309010b	καὶ μὴ δόξητε λέγειν ἐν ἑαυτοῖς, Πατέρα ἔχομεν τὸν Ἀβραάμ· λέγω γὰρ ὑμῖν, ὅτι δύναται ὁ θεὸς ἐκ τῶν λίθων τούτων ἐγεῖραι τέκνα τῷ Ἀβραάμ.
28030a00ef	ἤδη δὲ ἡ ἀξίνη πρὸς τὴν ῥίζαν τῶν δένδρων κεῖται· πᾶν οὖν δένδρον μὴ ποιοῦν καρπὸν καλὸν ἐκκόπτεται καὶ εἰς πῦρ βάλλεται.
28030b0168	ἐγὼ μὲν ὑμᾶς βαπτίζω ἐν ὕδατι εἰς μετάνοιαν· ὁ δὲ ὀπίσω μου ἐρχόμενος ἰσχυρότερός μού ἐστιν, οὗ οὐκ εἰμὶ ἱκανὸς τὰ ὑποδήματα βαστάσαι· αὐτὸς ὑμᾶς βαπτίσει ἐν πνεύματι ἁγίῳ καὶ πυρί.
28030c0130	οὗ τὸ πτύον ἐν τῇ χειρὶ αὐτοῦ, καὶ διακαθαριεῖ τὴν ἅλωνα αὐτοῦ, καὶ συνάξει τὸν σῖτον αὐτοῦ εἰς τὴν ἀποθήκην αὐτοῦ τὸ δὲ ἄχυρον κατακαύσει πυρὶ ἀσβέστῳ.
28030d00d3	Τότε παραγίνεται ὁ Ἰησοῦς ἀπὸ τῆς Γαλιλαίας ἐπὶ τὸν Ἰορδάνην πρὸς τὸν Ἰωάννην, τοῦ βαπτισθῆναι ὑπ᾽ αὐτοῦ.
28030e00b7	ὁ δὲ [Ἰωάννης] διεκώλυεν αὐτὸν λέγων, Ἐγὼ χρείαν ἔχω ὑπὸ σοῦ βαπτισθῆναι, καὶ σὺ ἔρχῃ πρός με;
28030f00fd	Ἀποκριθεὶς δὲ ὁ Ἰησοῦς εἶπεν πρὸς αὐτόν, Ἄφες ἄρτι· οὕτως γὰρ πρέπον ἐστὶν ἡμῖν πληρῶσαι πᾶσαν δικαιοσύνην. τότε ἀφίησιν αὐτόν.
2803100159	βαπτισθεὶς δὲ ὁ Ἰησοῦς εὐθὺς ἀνέβη ἀπὸ τοῦ ὕδατος· καὶ ἰδοὺ ἀνεῴχθησαν αὐτῷ οἱ οὐρανοί, καὶ εἶδεν τὸ πνεῦμα τοῦ θεοῦ καταβαῖνον ὡσεὶ περιστερὰν [καὶ] ἐρχόμενον ἐπ᾽ αὐτόν.
28031100ac	καὶ ἰδοὺ φωνὴ ἐκ τῶν οὐρανῶν λέγουσα, Οὗτός ἐστιν ὁ υἱός μου ὁ ἀγαπητός, ἐν ᾧ εὐδόκησα.
28040100a7	Τότε ὁ Ἰησοῦς ἀνήχθη εἰς τὴν ἔρημον ὑπὸ τοῦ πνεύματος, πειρασθῆναι ὑπὸ τοῦ διαβόλου.
2804020095	καὶ νηστεύσας ἡμέρας τεσσεράκοντα καὶ νύκτας τεσσεράκοντα, ὕστερον ἐπείνασεν.
28040300c0	καὶ προσελθὼν ὁ πειράζων εἶπεν αὐτῷ, Εἰ υἱὸς εἶ τοῦ θεοῦ, εἰπὲ ἵνα οἱ λίθοι οὗτοι ἄρτοι γένωνται.
28040400f7	ὁ δὲ ἀποκριθεὶς εἶπεν, Γέγραπται, Οὐκ ἐπ᾽ ἄρτῳ μόνῳ ζήσεται ὁ ἄνθρωπος, ἀλλ᾽ ἐν παντὶ ῥήματι ἐκπορευομένῳ διὰ στόματος θεοῦ.
28040500c8	Τότε παραλαμβάνει αὐτὸν ὁ διάβολος εἰς τὴν ἁγίαν πόλιν, καὶ ἔστησεν αὐτὸν ἐπὶ τὸ πτερύγιον τοῦ ἱεροῦ,
2804060168	καὶ λέγει αὐτῷ, Εἰ υἱὸς εἶ τοῦ θεοῦ, βάλε σεαυτὸν κάτω· γέγραπται γὰρ ὅτι τοῖς ἀγγέλοις αὐτοῦ ἐντελεῖται περὶ σοῦ, καὶ ἐπὶ χειρῶν ἀροῦσίν σε, μή ποτε προσκόψῃς πρὸς λίθον τὸν πόδα σου.
280407008b	ἔφη αὐτῷ ὁ Ἰησοῦς, Πάλιν γέγραπται, Οὐκ ἐκπειράσεις κύριον τὸν θεόν σου.
28040800fa	Πάλιν παραλαμβάνει αὐτὸν ὁ διάβολος εἰς ὄρος ὑψηλὸν λίαν, καὶ δείκνυσιν αὐτῷ πάσας τὰς βασιλείας τοῦ κόσμου καὶ τὴν δόξαν αὐτῶν,
280409007c	καὶ εἶπεν αὐτῷ, Ταῦτά σοι πάντα δώσω, ἐὰν πεσὼν προσκυνήσῃς μοι.
28040a00dc	τότε λέγει αὐτῷ ὁ Ἰησοῦς, Ὕπαγε, Σατανᾶ· γέγραπται γάρ, Κύριον τὸν θεόν σου προσκυνήσεις, καὶ αὐτῷ μόνῳ λατρεύσεις.
28040b0099	τότε ἀφίησιν αὐτὸν ὁ διάβολος, καὶ ἰδοὺ ἄγγελοι προσῆλθον καὶ διηκόνουν αὐτῷ.
28040c007a	Ἀκούσας δὲ ὅτι Ἰωάννης παρεδόθη, ἀνεχώρησεν εἰς τὴν Γαλιλαίαν·
28040d00d5	καὶ καταλιπὼν τὴν Ναζαρὰ ἐλθὼν κατῴκησεν εἰς Καφαρναοὺμ τὴν παραθαλασσίαν ἐν ὁρίοις Ζαβουλὼν καὶ Νεφθαλείμ,
28040e006b	ἵνα πληρωθῇ τὸ ῥηθὲν διὰ Ἡσαΐου τοῦ προφήτου λέγοντος,
28040f00a2	Γῆ Ζαβουλὼν καὶ γῆ Νεφθαλείμ, ὁδὸν θαλάσσης πέραν τοῦ Ἰορδάνου, Γαλιλαία τῶν ἐθνῶν,
28041000db	ὁ λαὸς ὁ καθήμενος ἐν σκοτίᾳ φῶς εἶδεν μέγα, καὶ τοῖς καθημένοις ἐν χώρᾳ καὶ σκιᾷ θανάτου, φῶς ἀνέτειλεν αὐτοῖς.
28041100ba	ἀπὸ τότε ἤρξατο ὁ Ἰησοῦς κηρύσσειν καὶ λέγειν, Μετανοεῖτε· ἤγγικεν γὰρ ἡ βασιλεία τῶν οὐρανῶν.
2804120163	Περιπατῶν δὲ παρὰ τὴν θάλασσαν τῆς Γαλιλαίας εἶδεν δύο ἀδελφούς, Σίμωνα τὸν λεγόμενον Πέτρον καὶ Ἀνδρέαν τὸν ἀδελφὸν αὐτοῦ, βάλλοντας ἀμφίβληστρον εἰς τὴν θάλασσαν· ἦσαν γὰρ ἁλιεῖς.
2804130084	καὶ λέγει αὐτοῖς, Δεῦτε ὀπίσω μου, καὶ ποιήσω ὑμᾶς ἁλιεῖς ἀνθρώπων.
2804140060	οἱ δὲ εὐθέως ἀφέντες τὰ δίκτυα ἠκολούθησαν αὐτῷ.
2804150189	καὶ προβὰς ἐκεῖθεν εἶδεν ἄλλους δύο ἀδελφούς, Ἰάκωβον τὸν τοῦ Ζεβεδαίου καὶ Ἰωάννην τὸν ἀδελφὸν αὐτοῦ, ἐν τῷ πλοίῳ μετὰ Ζεβεδαίου τοῦ πατρὸς αὐτῶν καταρτίζοντας τὰ δίκτυα αὐτῶν, καὶ ἐκάλεσεν αὐτούς.
280416008b	οἱ δὲ εὐθέως ἀφέντες τὸ πλοῖον καὶ τὸν πατέρα αὐτῶν ἠκολούθησαν αὐτῷ.
2804170157	Καὶ περιῆγεν [ὁ Ἰησοῦς] ἐν ὅλῃ τῇ Γαλιλαίᾳ διδάσκων ἐν ταῖς συναγωγαῖς αὐτῶν, καὶ κηρύσσων τὸ εὐαγγέλιον τῆς βασιλείας, καὶ θεραπεύων πᾶσαν νόσον καὶ πᾶσαν μαλακίαν ἐν τῷ λαῷ.
28041801a8	καὶ ἀπῆλθεν ἡ ἀκοὴ αὐτοῦ εἰς ὅλην τὴν Συρίαν· καὶ προσήνεγκαν αὐτῷ πάντας τοὺς κακῶς ἔχοντας, ποικίλαις νόσοις καὶ βασάνοις συνεχομένους, δαιμονιζομένους, καὶ σεληνιαζομένους, καὶ παραλυτικούς· καὶ ἐθεράπευσεν αὐτούς.
28041900ed	καὶ ἠκολούθησαν αὐτῷ ὄχλοι πολλοὶ ἀπὸ τῆς Γαλιλαίας καὶ Δεκαπόλεως καὶ Ἱεροσολύμων καὶ Ἰουδαίας καὶ πέραν τοῦ Ἰορδάνου.
28050100bd	Ἰδὼν δὲ τοὺς ὄχλους ἀνέβη εἰς τὸ ὄρος· καὶ καθίσαντος αὐτοῦ, προσῆλθαν αὐτῷ οἱ μαθηταὶ αὐτοῦ·
2805020064	καὶ ἀνοίξας τὸ στόμα αὐτοῦ ἐδίδασκεν αὐτοὺς λέγων,
280503008c	Μακάριοι οἱ πτωχοὶ τῷ πνεύματι, ὅτι αὐτῶν ἐστιν ἡ βασιλεία τῶν οὐρανῶν.
280504006a	μακάριοι οἱ πραεῖς, ὅτι αὐτοὶ κληρονομήσουσιν τὴν γῆν.
2805050062	μακάριοι οἱ πενθοῦντες, ὅτι αὐτοὶ παρακληθήσονται.
2805060097	μακάριοι οἱ πεινῶντες καὶ διψῶντες τὴν δικαιοσύνην, ὅτι αὐτοὶ χορτασθήσονται.
280507005b	μακάριοι οἱ ἐλεήμονες, ὅτι αὐτοὶ ἐλεηθήσονται.
2805080073	μακάριοι οἱ καθαροὶ τῇ καρδίᾳ, ὅτι αὐτοὶ τὸν θεὸν ὄψονται.
2805090073	μακάριοι οἱ εἰρηνοποιοί, ὅτι [αὐτοὶ] υἱοὶ θεοῦ κληθήσονται.
28050a00a3	μακάριοι οἱ δεδιωγμένοι ἕνεκεν δικαιοσύνης, ὅτι αὐτῶν ἐστιν ἡ βασιλεία τῶν οὐρανῶν.
28050b00d7	μακάριοί ἐστε, ὅταν ὀνειδίσωσιν ὑμᾶς καὶ διώξωσιν, καὶ εἴπωσιν πᾶν πονηρὸν καθ᾽ ὑμῶν ψευδόμενοι, ἕνεκεν ἐμοῦ.
28050c00e1	χαίρετε καὶ ἀγαλλιᾶσθε, ὅτι ὁ μισθὸς ὑμῶν πολὺς ἐν τοῖς οὐρανοῖς· οὕτως γὰρ ἐδίωξαν τοὺς προφήτας τοὺς πρὸ ὑμῶν.
28050d011e	Ὑμεῖς ἐστε τὸ ἅλας τῆς γῆς· ἐὰν δὲ τὸ ἅλας μωρανθῇ, ἐν τίνι ἁλισθήσεται; εἰς οὐδὲν ἰσχύει ἔτι, εἰ μὴ βληθὲν ἔξω καταπατεῖσθαι ὑπὸ τῶν ἀνθρώπων.
28050e0096	Ὑμεῖς ἐστε τὸ φῶς τοῦ κόσμου· οὐ δύναται πόλις κρυβῆναι ἐπάνω ὄρους κειμένη·
28050f00de	οὐδὲ καίουσιν λύχνον καὶ τιθέασιν αὐτὸν ὑπὸ τὸν μόδιον, ἀλλ᾽ ἐπὶ τὴν λυχνίαν, καὶ λάμπει πᾶσιν τοῖς ἐν τῇ οἰκίᾳ.
2805100107	οὕτως λαμψάτω τὸ φῶς ὑμῶν ἔμπροσθεν τῶν ἀνθρώπων, ὅπως ἴδωσιν ὑμῶν τὰ καλὰ ἔργα, καὶ δοξάσωσιν τὸν πατέρα ὑμῶν τὸν ἐν τοῖς οὐρανοῖς.
28051100b9	Μὴ νομίσητε ὅτι ἦλθον καταλῦσαι τὸν νόμον ἢ τοὺς προφήτας· οὐκ ἦλθον καταλῦσαι, ἀλλὰ πληρῶσαι.
28051200f8	ἀμὴν γὰρ λέγω ὑμῖν, ἕως ἂν παρέλθῃ ὁ οὐρανὸς καὶ ἡ γῆ, ἰῶτα ἓν ἢ μία κεραία οὐ μὴ παρέλθῃ ἀπὸ τοῦ νόμου, ἕως ἂν πάντα γένηται.
28051301a9	ὃς ἐὰν οὖν λύσῃ μίαν τῶν ἐντολῶν τούτων τῶν ἐλαχίστων καὶ διδάξῃ οὕτως τοὺς ἀνθρώπους, ἐλάχιστος κληθήσεται ἐν τῇ βασιλείᾳ τῶν οὐρανῶν· ὃς δ᾽ ἂν ποιήσῃ καὶ διδάξῃ, οὗτος μέγας κληθήσεται ἐν τῇ βασιλείᾳ τῶν οὐρανῶν.
2805140110	λέγω γὰρ ὑμῖν ὅτι ἐὰν μὴ περισσεύσῃ ἡ δικαιοσύνη ὑμῶν πλεῖον τῶν γραμματέων καὶ Φαρισαίων, οὐ μὴ εἰσέλθητε εἰς τὴν βασιλείαν τῶν οὐρανῶν.
28051500b3	Ἠκούσατε ὅτι ἐῤῥήθη τοῖς ἀρχαίοις, Οὐ φονεύσεις· ὃς δ᾽ ἂν φονεύσῃ, ἔνοχος ἔσται τῇ κρίσει·
28051601a0	ἐγὼ δὲ λέγω ὑμῖν ὅτι πᾶς ὁ ὀργιζόμενος τῷ ἀδελφῷ αὐτοῦ [εἰκῆ] ἔνοχος ἔσται τῇ κρίσει· ὃς δ᾽ ἂν εἴπῃ τῷ ἀδελφῷ αὐτοῦ, ῥακά, ἔνοχος ἔσται τῷ συνεδρίῳ· ὃς δ᾽ ἂν εἴπῃ, μωρέ, ἔνοχος ἔσται εἰς τὴν γέενναν τοῦ πυρός.
28051700c8	ἐὰν οὖν προσφέρῃς τὸ δῶρόν σου ἐπὶ τὸ θυσιαστήριον, κἀκεῖ μνησθῇς ὅτι ὁ ἀδελφός σου ἔχει τι κατὰ σοῦ,
2805180100	ἄφες ἐκεῖ τὸ δῶρόν σου ἔμπροσθεν τοῦ θυσιαστηρίου, καὶ ὕπαγε πρῶτον διαλλάγηθι τῷ ἀδελφῷ σου, καὶ τότε ἐλθὼν πρόσφερε τὸ δῶρόν σου.
280519014a	ἴσθι εὐνοῶν τῷ ἀντιδίκῳ σου ταχὺ ἕως ὅτου εἶ μετ᾽ αὐτοῦ ἐν τῇ ὁδῷ, μή ποτέ σε παραδῷ ὁ ἀντίδικος τῷ κριτῇ, καὶ ὁ κριτής [σε παραδῷ] τῷ ὑπηρέτῃ, καὶ εἰς φυλακὴν βληθήσῃ.
28051a0092	ἀμὴν λέγω σοι, οὐ μὴ ἐξέλθῃς ἐκεῖθεν ἕως ἂν ἀποδῷς τὸν ἔσχατον κοδράντην.
28051b0047	Ἠκούσατε ὅτι ἐῤῥήθη, Οὐ μοιχεύσεις·
28051c00da	ἐγὼ δὲ λέγω ὑμῖν ὅτι πᾶς ὁ βλέπων γυναῖκα πρὸς τὸ ἐπιθυμῆσαι αὐτὴν ἤδη ἐμοίχευσεν αὐτὴν ἐν τῇ καρδίᾳ αὐτοῦ.
28051d0142	εἰ δὲ ὁ ὀφθαλμός σου ὁ δεξιὸς σκανδαλίζει σε, ἔξελε αὐτὸν καὶ βάλε ἀπὸ σοῦ· συμφέρει γάρ σοι ἵνα ἀπόληται ἓν τῶν μελῶν σου, καὶ μὴ ὅλον τὸ σῶμά σου βληθῇ εἰς γέενναν.
28051e013c	καὶ εἰ ἡ δεξιά σου χεὶρ σκανδαλίζει σε, ἔκκοψον αὐτὴν καὶ βάλε ἀπὸ σοῦ· συμφέρει γάρ σοι ἵνα ἀπόληται ἓν τῶν μελῶν σου, καὶ μὴ ὅλον τὸ σῶμά σου εἰς γέενναν ἀπέλθῃ.
28051f0084	Ἐῤῥήθη δέ, ὃς ἂν ἀπολύσῃ τὴν γυναῖκα αὐτοῦ, δότω αὐτῇ ἀποστάσιον·
2805200121	ἐγὼ δὲ λέγω ὑμῖν ὅτι πᾶς ὁ ἀπολύων τὴν γυναῖκα αὐτοῦ, παρεκτὸς λόγου πορνείας, ποιεῖ αὐτὴν μοιχευθῆναι· καὶ ὃς ἐὰν ἀπολελυμένην γαμήσῃ, μοιχᾶται.
28052100bf	Πάλιν ἠκούσατε ὅτι ἐῤῥήθη τοῖς ἀρχαίοις, Οὐκ ἐπιορκήσεις, ἀποδώσεις δὲ τῷ κυρίῳ τοὺς ὅρκους σου·
280522009b	ἐγὼ δὲ λέγω ὑμῖν μὴ ὀμόσαι ὅλως, μήτε ἐν τῷ οὐρανῷ, ὅτι θρόνος ἐστὶν τοῦ θεοῦ,
28052300d7	μήτε ἐν τῇ γῇ, ὅτι ὑποπόδιόν ἐστιν τῶν ποδῶν αὐτοῦ, μήτε εἰς Ἱεροσόλυμα, ὅτι πόλις ἐστὶν τοῦ μεγάλου βασιλέως·
280524009e	μήτε ἐν τῇ κεφαλῇ σου ὀμόσῃς, ὅτι οὐ δύνασαι μίαν τρίχα λευκὴν ποιῆσαι ἢ μέλαιναν.
280525009e	ἔστω δὲ ὁ λόγος ὑμῶν, ναὶ ναί, οὒ οὔ· τὸ δὲ περισσὸν τούτων ἐκ τοῦ πονηροῦ ἐστιν.
280526008f	Ἠκούσατε ὅτι ἐῤῥήθη, Ὀφθαλμὸν ἀντὶ ὀφθαλμοῦ, καὶ ὀδόντα ἀντὶ ὀδόντος·
28052700ee	ἐγὼ δὲ λέγω ὑμῖν μὴ ἀντιστῆναι τῷ πονηρῷ· ἀλλ᾽ ὅστις σε ῥαπίζει εἰς τὴν δεξιὰν σιαγόνα σου, στρέψον αὐτῷ καὶ τὴν ἄλλην·
280528009e	καὶ τῷ θέλοντί σοι κριθῆναι καὶ τὸν χιτῶνά σου λαβεῖν, ἄφες αὐτῷ καὶ τὸ ἱμάτιον·
280529006d	καὶ ὅστις σε ἀγγαρεύσει μίλιον ἕν, ὕπαγε μετ᾽ αὐτοῦ δύο.
28052a008a	τῷ αἰτοῦντί σε δός, καὶ τὸν θέλοντα ἀπὸ σοῦ δανείσασθαι μὴ ἀποστραφῇς.
28052b0094	Ἠκούσατε ὅτι ἐῤῥήθη, Ἀγαπήσεις τὸν πλησίον σου καὶ μισήσεις τὸν ἐχθρόν σου·
28052c00ac	ἐγὼ δὲ λέγω ὑμῖν, ἀγαπᾶτε τοὺς ἐχθροὺς ὑμῶν, καὶ προσεύχεσθε ὑπὲρ τῶν διωκόντων ὑμᾶς,
28052d011f	ὅπως γένησθε υἱοὶ τοῦ πατρὸς ὑμῶν τοῦ ἐν οὐρανοῖς, ὅτι τὸν ἥλιον αὐτοῦ ἀνατέλλει ἐπὶ πονηροὺς καὶ ἀγαθούς, καὶ βρέχει ἐπὶ δικαίους καὶ ἀδίκους.
28052e00bb	ἐὰν γὰρ ἀγαπήσητε τοὺς ἀγαπῶντας ὑμᾶς, τίνα μισθὸν ἔχετε; οὐχὶ καὶ οἱ τελῶναι οὕτως ποιοῦσιν;
28052f00ce	καὶ ἐὰν ἀσπάσησθε τοὺς ἀδελφοὺς ὑμῶν μόνον, τί περισσὸν ποιεῖτε; οὐχὶ καὶ οἱ ἐθνικοὶ τὸ αὐτὸ ποιοῦσιν;
2805300085	ἔσεσθε οὖν ὑμεῖς τέλειοι, ὡς ὁ πατὴρ ὑμῶν ὁ οὐράνιος τέλειός ἐστιν.
280601013b	Προσέχετε τὴν δικαιοσύνην ὑμῶν μὴ ποιεῖν ἔμπροσθεν τῶν ἀνθρώπων πρὸς τὸ θεαθῆναι αὐτοῖς· εἰ δὲ μή γε, μισθὸν οὐκ ἔχετε παρὰ τῷ πατρὶ ὑμῶν τῷ ἐν τοῖς οὐρανοῖς.
280602018d	ὅταν οὖν ποιῇς ἐλεημοσύνην, μὴ σαλπίσῃς ἔμπροσθέν σου, ὥσπερ οἱ ὑποκριταὶ ποιοῦσιν ἐν ταῖς συναγωγαῖς καὶ ἐν ταῖς ῥύμαις, ὅπως δοξασθῶσιν ὑπὸ τῶν ἀνθρώπων· ἀμὴν λέγω ὑμῖν, ἀπέχουσιν τὸν μισθὸν αὐτῶν.
2806030090	σοῦ δὲ ποιοῦντος ἐλεημοσύνην, μὴ γνώτω ἡ ἀριστερά σου τί ποιεῖ ἡ δεξιά σου,
28060400ad	ὅπως ᾖ σου ἡ ἐλεημοσύνη ἐν τῷ κρυπτῷ· καὶ ὁ πατήρ σου ὁ βλέπων ἐν τῷ κρυπτῷ ἀποδώσει σοι.
280605019e	Καὶ ὅταν προσεύχησθε, οὐκ ἔσεσθε ὡς οἱ ὑποκριταί, ὅτι φιλοῦσιν ἐν ταῖς συναγωγαῖς καὶ ἐν ταῖς γωνίαις τῶν πλατειῶν ἑστῶτες προσεύχεσθαι, ὅπως φανῶσιν τοῖς ἀνθρώποις· ἀμὴν λέγω ὑμῖν, ἀπέχουσιν τὸν μισθὸν αὐτῶν.
2806060141	σὺ δέ, ὅταν προσεύχῃ, εἴσελθε εἰς τὸ ταμιεῖόν σου, καὶ κλείσας τὴν θύραν σου πρόσευξαι τῷ πατρί σου τῷ ἐν τῷ κρυπτῷ· καὶ ὁ πατήρ σου ὁ βλέπων ἐν τῷ κρυπτῷ ἀποδώσει σοι.
28060700d8	προσευχόμενοι δὲ μὴ βαττολογήσητε, ὥσπερ οἱ ἐθνικοί· δοκοῦσιν γὰρ ὅτι ἐν τῇ πολυλογίᾳ αὐτῶν εἰσακουσθήσονται.
28060800ba	μὴ οὖν ὁμοιωθῆτε αὐτοῖς· οἶδεν γὰρ ὁ πατὴρ ὑμῶν ὧν χρείαν ἔχετε πρὸ τοῦ ὑμᾶς αἰτῆσαι αὐτόν.
28060900a6	οὕτως οὖν προσεύχεσθε ὑμεῖς· Πάτερ ἡμῶν ὁ ἐν τοῖς οὐρανοῖς, ἁγιασθήτω τὸ ὄνομά σου·
28060a008d	ἐλθέτω ἡ βασιλεία σου· γενηθήτω τὸ θέλημά σου, ὡς ἐν οὐρανῷ καὶ ἐπὶ γῆς·
28060b005d	τὸν ἄρτον ἡμῶν τὸν ἐπιούσιον δὸς ἡμῖν σήμερον.
28060c009e	καὶ ἄφες ἡμῖν τὰ ὀφειλήματα ἡμῶν, ὡς καὶ ἡμεῖς ἀφήκαμεν τοῖς ὀφειλέταις ἡμῶν·
28060d0090	καὶ μὴ εἰσενέγκῃς ἡμᾶς εἰς πειρασμόν, ἀλλὰ ῥῦσαι ἡμᾶς ἀπὸ τοῦ πονηροῦ.
28060e00ba	Ἐὰν γὰρ ἀφῆτε τοῖς ἀνθρώποις τὰ παραπτώματα αὐτῶν, ἀφήσει καὶ ὑμῖν ὁ πατὴρ ὑμῶν ὁ οὐράνιος·
28060f00c7	ἐὰν δὲ μὴ ἀφῆτε τοῖς ἀνθρώποις τὰ παραπτώματα αὐτῶν, οὐδὲ ὁ πατὴρ ὑμῶν ἀφήσει τὰ παραπτώματα ὑμῶν.
280610015a	Ὅταν δὲ νηστεύητε, μὴ γίνεσθε ὡς οἱ ὑποκριταὶ σκυθρωποί· ἀφανίζουσιν γὰρ τὰ πρόσωπα αὐτῶν, ὅπως φανῶσιν τοῖς ἀνθρώποις νηστεύοντες· ἀμὴν λέγω ὑμῖν, ἀπέχουσιν τὸν μισθὸν αὐτῶν.
280611007e	σὺ δὲ νηστεύων ἄλειψαί σου τὴν κεφαλὴν καὶ τὸ πρόσωπόν σου νίψαι·
28061200f7	ὅπως μὴ φανῇς τοῖς ἀνθρώποις νηστεύων, ἀλλὰ τῷ πατρί σου τῷ ἐν τῷ κρυφαίῳ· καὶ ὁ πατήρ σου ὁ βλέπων ἐν τῷ κρυφαίῳ ἀποδώσει σοι.
28061300e9	Μὴ θησαυρίζετε ὑμῖν θησαυροὺς ἐπὶ τῆς γῆς, ὅπου σὴς καὶ βρῶσις ἀφανίζει, καὶ ὅπου κλέπται διορύσσουσιν καὶ κλέπτουσιν·
28061400f9	θησαυρίζετε δὲ ὑμῖν θησαυροὺς ἐν οὐρανῷ, ὅπου οὔτε σὴς οὔτε βρῶσις ἀφανίζει, καὶ ὅπου κλέπται οὐ διορύσσουσιν οὐδὲ κλέπτουσιν.
2806150071	ὅπου γάρ ἐστιν ὁ θησαυρός σου, ἐκεῖ ἔσται καὶ ἡ καρδία σου.
28061600ce	Ὁ λύχνος τοῦ σώματός ἐστιν ὁ ὀφθαλμός· ἐὰν οὖν ὁ ὀφθαλμός σου ἁπλοῦς ᾖ, ὅλον τὸ σῶμά σου φωτεινὸν ἔσται·
28061700eb	ἐὰν δὲ ὁ ὀφθαλμός σου πονηρὸς ᾖ, ὅλον τὸ σῶμά σου σκοτεινὸν ἔσται. εἰ οὖν τὸ φῶς τὸ ἐν σοὶ σκότος ἐστίν, τὸ σκότος πόσον;
2806180149	Οὐδεὶς δύναται δυσὶ κυρίοις δουλεύειν· ἢ γὰρ τὸν ἕνα μισήσει καὶ τὸν ἕτερον ἀγαπήσει, ἢ ἑνὸς ἀνθέξεται καὶ τοῦ ἑτέρου καταφρονήσει. οὐ δύνασθε θεῷ δουλεύειν καὶ μαμωνᾷ.
2806190145	διὰ τοῦτο λέγω ὑμῖν, μὴ μεριμνᾶτε τῇ ψυχῇ ὑμῶν τί φάγητε ἢ τί πίητε, μηδὲ τῷ σώματι ὑμῶν τί ἐνδύσησθε. οὐχὶ ἡ ψυχὴ πλεῖόν ἐστιν τῆς τροφῆς, καὶ τὸ σῶμα τοῦ ἐνδύματος;
28061a015f	ἐμβλέψατε εἰς τὰ πετεινὰ τοῦ οὐρανοῦ, ὅτι οὐ σπείρουσιν οὐδὲ θερίζουσιν οὐδὲ συνάγουσιν εἰς ἀποθήκας, καὶ ὁ πατὴρ ὑμῶν ὁ οὐράνιος τρέφει αὐτά· οὐχ ὑμεῖς μᾶλλον διαφέρετε αὐτῶν;
28061b0097	τίς δὲ ἐξ ὑμῶν μεριμνῶν δύναται προσθεῖναι ἐπὶ τὴν ἡλικίαν αὐτοῦ πῆχυν ἕνα;
28061c00d3	καὶ περὶ ἐνδύματος τί μεριμνᾶτε; καταμάθετε τὰ κρίνα τοῦ ἀγροῦ, πῶς αὐξάνουσιν· οὐ κοπιοῦσιν οὐδὲ νήθουσιν·
28061d009a	λέγω δὲ ὑμῖν ὅτι οὐδὲ Σολομὼν ἐν πάσῃ τῇ δόξῃ αὐτοῦ περιεβάλετο ὡς ἓν τούτων.
28061e010c	εἰ δὲ τὸν χόρτον τοῦ ἀγροῦ, σήμερον ὄντα καὶ αὔριον εἰς κλίβανον βαλλόμενον, ὁ θεὸς οὕτως ἀμφιέννυσιν, οὐ πολλῷ μᾶλλον ὑμᾶς, ὀλιγόπιστοι;
28061f0085	μὴ οὖν μεριμνήσητε λέγοντες, Τί φάγωμεν, ἤ τί πίωμεν, ἤ τί περιβαλώμεθα;
28062000c4	πάντα γὰρ ταῦτα τὰ ἔθνη ἐπιζητοῦσιν· οἶδεν γὰρ ὁ πατὴρ ὑμῶν ὁ οὐράνιος ὅτι χρῄζετε τούτων ἁπάντων.
28062100cc	ζητεῖτε δὲ πρῶτον τὴν βασιλείαν τοῦ θεοῦ καὶ τὴν δικαιοσύνην αὐτοῦ, καὶ ταῦτα πάντα προστεθήσεται ὑμῖν·
28062200c4	μὴ οὖν μεριμνήσητε εἰς τὴν αὔριον· ἡ γὰρ αὔριον μεριμνήσει ἑαυτῆς. ἀρκετὸν τῇ ἡμέρᾳ ἡ κακία αὐτῆς.
2807010035	Μὴ κρίνετε, ἵνα μὴ κριθῆτε·
280702009d	ἐν ᾧ γὰρ κρίματι κρίνετε, κριθήσεσθε· καὶ ἐν ᾧ μέτρῳ μετρεῖτε, μετρηθήσεται ὑμῖν.
28070300c8	τί δὲ βλέπεις τὸ κάρφος τὸ ἐν τῷ ὀφθαλμῷ τοῦ ἀδελφοῦ σου, τὴν δὲ ἐν τῷ σῷ ὀφθαλμῷ δοκὸν οὐ κατανοεῖς;
28070400d3	ἢ πῶς ἐρεῖς τῷ ἀδελφῷ σου, Ἄφες ἐκβάλω τὸ κάρφος ἐκ τοῦ ὀφθαλμοῦ σου· καὶ ἰδοὺ ἡ δοκὸς ἐν τῷ ὀφθαλμῷ σοῦ;
28070500f8	ὑποκριτά, ἔκβαλε πρῶτον ἐκ τοῦ ὀφθαλμοῦ σου τὴν δοκόν, καὶ τότε διαβλέψεις ἐκβαλεῖν τὸ κάρφος ἐκ τοῦ ὀφθαλμοῦ τοῦ ἀδελφοῦ σου.
280706013f	Μὴ δῶτε τὸ ἅγιον τοῖς κυσίν, μηδὲ βάλητε τοὺς μαργαρίτας ὑμῶν ἔμπροσθεν τῶν χοίρων, μή ποτε καταπατήσουσιν αὐτοὺς ἐν τοῖς ποσὶν αὐτῶν, καὶ στραφέντες ῥήξωσιν ὑμᾶς.
28070700a2	Αἰτεῖτε, καὶ δοθήσεται ὑμῖν· ζητεῖτε, καὶ εὑρήσετε· κρούετε, καὶ ἀνοιγήσεται ὑμῖν.
2807080091	πᾶς γὰρ ὁ αἰτῶν λαμβάνει, καὶ ὁ ζητῶν εὑρίσκει, καὶ τῷ κρούοντι ἀνοίγεται.
280709009c	ἢ τίς ἐξ ὑμῶν ἄνθρωπος, ὃν αἰτήσει ὁ υἱὸς αὐτοῦ ἄρτον, μὴ λίθον ἐπιδώσει αὐτῷ;
28070a0057	ἢ καὶ ἰχθὺν αἰτήσει, μὴ ὄφιν ἐπιδώσει αὐτῷ;
28070b012e	εἰ οὖν ὑμεῖς πονηροὶ ὄντες οἴδατε δόματα ἀγαθὰ διδόναι τοῖς τέκνοις ὑμῶν, πόσῳ μᾶλλον ὁ πατὴρ ὑμῶν ὁ ἐν τοῖς οὐρανοῖς δώσει ἀγαθὰ τοῖς αἰτοῦσιν αὐτόν;
28070c00fa	πάντα οὖν ὅσα ἂν θέλητε ἵνα ποιῶσιν ὑμῖν οἱ ἄνθρωποι, οὕτως καὶ ὑμεῖς ποιεῖτε αὐτοῖς· οὗτος γάρ ἐστιν ὁ νόμος καὶ οἱ προφῆται.
28070d011d	Εἰσέλθατε διὰ τῆς στενῆς πύλης, ὅτι πλατεῖα ἡ πύλη καὶ εὐρύχωρος ἡ ὁδὸς ἡ ἀπάγουσα εἰς τὴν ἀπώλειαν, καὶ πολλοί εἰσιν οἱ εἰσερχόμενοι δι᾽αὐτῆς·
28070e00c7	τί στενὴ ἡ πύλη καὶ τεθλιμμένη ἡ ὁδὸς ἡ ἀπάγουσα εἰς τὴν ζωήν, καὶ ὀλίγοι εἰσὶν οἱ εὑρίσκοντες αὐτήν.
28070f00e6	Προσέχετε [δὲ] ἀπὸ τῶν ψευδοπροφητῶν, οἵτινες ἔρχονται πρὸς ὑμᾶς ἐν ἐνδύμασιν προβάτων, ἔσωθεν δέ εἰσιν λύκοι ἅρπαγες.
28071000c9	ἀπὸ τῶν καρπῶν αὐτῶν ἐπιγνώσεσθε αὐτούς· μή τι συλλέγουσιν ἀπὸ ἀκανθῶν σταφυλάς, ἢ ἀπὸ τριβόλων σῦκα;
28071100b5	οὕτως πᾶν δένδρον ἀγαθὸν καρποὺς καλοὺς ποιεῖ· τὸ δὲ σαπρὸν δένδρον καρποὺς πονηροὺς ποιεῖ.
28071200b8	οὐ δύναται δένδρον ἀγαθὸν καρποὺς πονηροὺς ποιεῖν, οὐδὲ δένδρον σαπρὸν καρποὺς καλοὺς ποιεῖν.
2807130084	πᾶν δένδρον μὴ ποιοῦν καρπὸν καλὸν ἐκκόπτεται καὶ εἰς πῦρ βάλλεται.
280714005f	ἄρα γε ἀπὸ τῶν καρπῶν αὐτῶν ἐπιγνώσεσθε αὐτούς.
2807150108	Οὐ πᾶς ὁ λέγων μοι, Κύριε κύριε, εἰσελεύσεται εἰς τὴν βασιλείαν τῶν οὐρανῶν, ἀλλ᾽ ὁ ποιῶν τὸ θέλημα τοῦ πατρός μου τοῦ ἐν τοῖς οὐρανοῖς.
280716014c	πολλοὶ ἐροῦσίν μοι ἐν ἐκείνῃ τῇ ἡμέρᾳ, Κύριε κύριε, οὐ τῷ σῷ ὀνόματι ἐπροφητεύσαμεν, καὶ τῷ σῷ ὀνόματι δαιμόνια ἐξεβάλομεν, καὶ τῷ σῷ ὀνόματι δυνάμεις πολλὰς ἐποιήσαμεν;
28071700c8	καὶ τότε ὁμολογήσω αὐτοῖς ὅτι οὐδέποτε ἔγνων ὑμᾶς· ἀποχωρεῖτε ἀπ᾽ ἐμοῦ οἱ ἐργαζόμενοι τὴν ἀνομίαν.
2807180118	Πᾶς οὖν ὅστις ἀκούει μου τοὺς λόγους [τούτους] καὶ ποιεῖ αὐτούς, ὁμοιωθήσεται ἀνδρὶ φρονίμῳ, ὅστις ᾠκοδόμησεν αὐτοῦ τὴν οἰκίαν ἐπὶ τὴν πέτραν·
280719011b	καὶ κατέβη ἡ βροχὴ καὶ ἦλθαν οἱ ποταμοὶ καὶ ἔπνευσαν οἱ ἄνεμοι, καὶ προσέπεσαν τῇ οἰκίᾳ ἐκείνῃ, καὶ οὐκ ἔπεσεν· τεθεμελίωτο γὰρ ἐπὶ τὴν πέτραν.
28071a010d	Καὶ πᾶς ὁ ἀκούων μου τοὺς λόγους τούτους καὶ μὴ ποιῶν αὐτούς, ὁμοιωθήσεται ἀνδρὶ μωρῷ, ὅστις ᾠκοδόμησεν αὐτοῦ τὴν οἰκίαν ἐπὶ τὴν ἄμμον·
28071b0110	καὶ κατέβη ἡ βροχὴ καὶ ἦλθον οἱ ποταμοὶ καὶ ἔπνευσαν οἱ ἄνεμοι, καὶ προσέκοψαν τῇ οἰκίᾳ ἐκείνῃ, καὶ ἔπεσεν· καὶ ἦν ἡ πτῶσις αὐτῆς μεγάλη.
28071c00c3	Καὶ ἐγένετο ὅτε ἐτέλεσεν ὁ Ἰησοῦς τοὺς λόγους τούτους, ἐξεπλήσσοντο οἱ ὄχλοι ἐπὶ τῇ διδαχῇ αὐτοῦ·
28071d0090	ἦν γὰρ διδάσκων αὐτοὺς ὡς ἐξουσίαν ἔχων, καὶ οὐχ ὡς οἱ γραμματεῖς αὐτῶν.
2808010082	Καταβάντος δὲ αὐτοῦ ἀπὸ τοῦ ὄρους ἠκολούθησαν αὐτῷ ὄχλοι πολλοί·
28080200aa	καὶ ἰδοὺ λεπρὸς προσελθὼν προσεκύνει αὐτῷ λέγων, Κύριε, ἐὰν θέλῃς, δύνασαί με καθαρίσαι.
28080300bd	Καὶ ἐκτείνας τὴν χεῖρα ἥψατο αὐτοῦ λέγων, Θέλω, καθαρίσθητι. καὶ εὐθέως ἐκαθαρίσθη αὐτοῦ ἡ λέπρα.
2808040122	καὶ λέγει αὐτῷ ὁ Ἰησοῦς, Ὅρα μηδενὶ εἴπῃς, ἀλλὰ ὕπαγε σεαυτὸν δεῖξον τῷ ἱερεῖ, καὶ προσένεγκον τὸ δῶρον ὃ προσέταξεν Μωυσῆς, εἰς μαρτύριον αὐτοῖς.
28080500a2	Εἰσελθόντος δὲ αὐτοῦ εἰς Καφαρναοὺμ προσῆλθεν αὐτῷ ἑκατόνταρχος παρακαλῶν αὐτὸν
28080600a0	καὶ λέγων, Κύριε, ὁ παῖς μου βέβληται ἐν τῇ οἰκίᾳ παραλυτικὸς δεινῶς βασανιζόμενος.
280807006b	[καὶ] λέγει αὐτῷ [ὁ Ἰησοῦς,] Ἐγὼ ἐλθὼν θεραπεύσω αὐτόν.
2808080111	ἀποκριθεὶς δὲ ὁ ἑκατόνταρχος ἔφη, Κύριε, οὐκ εἰμὶ ἱκανὸς ἵνα μου ὑπὸ τὴν στέγην εἰσέλθῃς· ἀλλὰ μόνον εἰπὲ λόγῳ, καὶ ἰαθήσεται ὁ παῖς μου.
2808090167	καὶ γὰρ ἐγὼ ἄνθρωπός εἰμι ὑπὸ ἐξουσίαν, ἔχων ὑπ᾽ ἐμαυτὸν στρατιώτας, καὶ λέγω τούτῳ, Πορεύθητι, καὶ πορεύεται· καὶ ἄλλῳ, Ἔρχου, καὶ ἔρχεται· καὶ τῷ δούλῳ μου, Ποίησον τοῦτο, καὶ ποιεῖ.
28080a00f6	Ἀκούσας δὲ ὁ Ἰησοῦς ἐθαύμασεν, καὶ εἶπεν τοῖς ἀκολουθοῦσιν, Ἀμὴν λέγω ὑμῖν, παρ᾽ οὐδενὶ τοσαύτην πίστιν ἐν τῷ Ἰσραὴλ εὗρον.
28080b0114	λέγω δὲ ὑμῖν ὅτι πολλοὶ ἀπὸ ἀνατολῶν καὶ δυσμῶν ἥξουσιν, καὶ ἀνακλιθήσονται μετὰ Ἀβραὰμ καὶ Ἰσαὰκ καὶ Ἰακὼβ ἐν τῇ βασιλείᾳ τῶν οὐρανῶν·
28080c00e4	οἱ δὲ υἱοὶ τῆς βασιλείας ἐκβληθήσονται εἰς τὸ σκότος τὸ ἐξώτερον· ἐκεῖ ἔσται ὁ κλαυθμὸς καὶ ὁ βρυγμὸς τῶν ὀδόντων.
28080d00d7	καὶ εἶπεν ὁ Ἰησοῦς τῷ ἑκατοντάρχῃ, Ὕπαγε, [καὶ] ὡς ἐπίστευσας γενηθήτω σοι. καὶ ἰάθη ὁ παῖς ἐν τῇ ὥρᾳ ἐκείνῃ.
28080e00bb	Καὶ ἐλθὼν ὁ Ἰησοῦς εἰς τὴν οἰκίαν Πέτρου, εἶδεν τὴν πενθερὰν αὐτοῦ βεβλημένην καὶ πυρέσσουσαν,
28080f00ac	καὶ ἥψατο τῆς χειρὸς αὐτῆς, καὶ ἀφῆκεν αὐτὴν ὁ πυρετός· καὶ ἠγέρθη, καὶ διηκόνει αὐτῷ.
2808100106	Ὀψίας δὲ γενομένης προσήνεγκαν αὐτῷ δαιμονιζομένους πολλούς· καὶ ἐξέβαλεν τὰ πνεύματα λόγῳ, καὶ πάντας τοὺς κακῶς ἔχοντας ἐθεράπευσεν,
28081100e1	ὅπως πληρωθῇ τὸ ῥηθὲν διὰ Ἡσαΐου τοῦ προφήτου λέγοντος, Αὐτὸς τὰς ἀσθενείας ἡμῶν ἔλαβεν καὶ τὰς νόσους ἐβάστασεν.
2808120099	Ἰδὼν δὲ ὁ Ἰησοῦς πολλοὺς ὄχλους περὶ αὐτὸν ἐκέλευσεν ἀπελθεῖν εἰς τὸ πέραν.
28081300a5	καὶ προσελθὼν εἷς γραμματεὺς εἶπεν αὐτῷ, Διδάσκαλε, ἀκολουθήσω σοι ὅπου ἐὰν ἀπέρχῃ.
280814012c	καὶ λέγει αὐτῷ ὁ Ἰησοῦς, Αἱ ἀλώπεκες φωλεοὺς ἔχουσιν, καὶ τὰ πετεινὰ τοῦ οὐρανοῦ κατασκηνώσεις· ὁ δὲ υἱὸς τοῦ ἀνθρώπου οὐκ ἔχει ποῦ τὴν κεφαλὴν κλίνῃ.
28081500bb	Ἕτερος δὲ τῶν μαθητῶν εἶπεν αὐτῷ, Κύριε, ἐπίτρεψόν μοι πρῶτον ἀπελθεῖν καὶ θάψαι τὸν πατέρα μου.
28081600ab	ὁ δὲ Ἰησοῦς λέγει αὐτῷ, Ἀκολούθει μοι, καὶ ἄφες τοὺς νεκροὺς θάψαι τοὺς ἑαυτῶν νεκρούς.
2808170080	Καὶ ἐμβάντι αὐτῷ εἰς πλοῖον, ἠκολούθησαν αὐτῷ οἱ μαθηταὶ αὐτοῦ.
28081800da	καὶ ἰδοὺ σεισμὸς μέγας ἐγένετο ἐν τῇ θαλάσσῃ, ὥστε τὸ πλοῖον καλύπτεσθαι ὑπὸ τῶν κυμάτων· αὐτὸς δὲ ἐκάθευδεν·
280819007f	καὶ προσελθόντες ἤγειραν αὐτὸν λέγοντες, Κύριε, σῶσον, ἀπολλύμεθα.
28081a00f6	καὶ λέγει αὐτοῖς, Τί δειλοί ἐστε, ὀλιγόπιστοι; τότε ἐγερθεὶς ἐπετίμησεν τοῖς ἀνέμοις καὶ τῇ θαλάσσῃ, καὶ ἐγένετο γαλήνη μεγάλη.
28081b00ce	οἱ δὲ ἄνθρωποι ἐθαύμασαν λέγοντες, Ποταπός ἐστιν οὗτος, ὅτι καὶ οἱ ἄνεμοι καὶ ἡ θάλασσα αὐτῷ ὑπακούουσιν;
28081c0177	Καὶ ἐλθόντος αὐτοῦ εἰς τὸ πέραν εἰς τὴν χώραν τῶν Γαδαρηνῶν, ὑπήντησαν αὐτῷ δύο δαιμονιζόμενοι ἐκ τῶν μνημείων ἐξερχόμενοι, χαλεποὶ λίαν, ὥστε μὴ ἰσχύειν τινὰ παρελθεῖν διὰ τῆς ὁδοῦ ἐκείνης·
28081d00b9	καὶ ἰδοὺ ἔκραξαν λέγοντες, Τί ἡμῖν καὶ σοί, υἱὲ τοῦ θεοῦ; ἦλθες ὧδε πρὸ καιροῦ βασανίσαι ἡμᾶς;
28081e006b	ἦν δὲ μακρὰν ἀπ᾽ αὐτῶν ἀγέλη χοίρων πολλῶν βοσκομένη·
28081f00cb	οἱ δὲ δαίμονες παρεκάλουν αὐτὸν λέγοντες, Εἰ ἐκβάλλεις ἡμᾶς, ἀπόστειλον ἡμᾶς εἰς τὴν ἀγέλην τῶν χοίρων.
2808200143	καὶ εἶπεν αὐτοῖς, Ὑπάγετε. οἱ δὲ ἐξελθόντες ἀπῆλθαν εἰς τοὺς χοίρους, καὶ ἰδοὺ ὥρμησεν πᾶσα ἡ ἀγέλη κατὰ τοῦ κρημνοῦ εἰς τὴν θάλασσαν, καὶ ἀπέθανον ἐν τοῖς ὕδασιν.
28082100bc	οἱ δὲ βόσκοντες ἔφυγον, καὶ ἀπελθόντες εἰς τὴν πόλιν ἀπήγγειλαν πάντα, καὶ τὰ τῶν δαιμονιζομένων.
28082200ec	καὶ ἰδοὺ πᾶσα ἡ πόλις ἐξῆλθεν εἰς ὑπάντησιν τῷ Ἰησοῦ· καὶ ἰδόντες αὐτὸν παρεκάλεσαν ὅπως μεταβῇ ἀπὸ τῶν ὁρίων αὐτῶν.
280901007b	Καὶ ἐμβὰς εἰς πλοῖον διεπέρασεν καὶ ἦλθεν εἰς τὴν ἰδίαν πόλιν.
2809020136	καὶ ἰδοὺ προσέφερον αὐτῷ παραλυτικὸν ἐπὶ κλίνης βεβλημένον· καὶ ἰδὼν ὁ Ἰησοῦς τὴν πίστιν αὐτῶν εἶπεν τῷ παραλυτικῷ, Θάρσει, τέκνον, ἀφίενταί σου αἱ ἁμαρτίαι.
280903007d	καὶ ἰδού τινες τῶν γραμματέων εἶπoν ἐν ἑαυτοῖς, Οὗτος βλασφημεῖ.
28090400be	καὶ εἰδὼς ὁ Ἰησοῦς τὰς ἐνθυμήσεις αὐτῶν εἶπεν, Ἵνα τί ἐνθυμεῖσθε πονηρὰ ἐν ταῖς καρδίαις ὑμῶν;
28090500b0	τί γάρ ἐστιν εὐκοπώτερον, εἰπεῖν, Ἀφίενταί σου αἱ ἁμαρτίαι, ἢ εἰπεῖν, Ἔγειρε καὶ περιπάτει;
2809060145	ἵνα δὲ εἰδῆτε ὅτι ἐξουσίαν ἔχει ὁ υἱὸς τοῦ ἀνθρώπου ἐπὶ τῆς γῆς ἀφιέναι ἁμαρτίας, (τότε λέγει τῷ παραλυτικῷ,) Ἔγειρε ἆρόν σου τὴν κλίνην, καὶ ὕπαγε εἰς τὸν οἶκόν σου.
2809070055	καὶ ἐγερθεὶς ἀπῆλθεν εἰς τὸν οἶκον αὐτοῦ.
28090800bf	ἰδόντες δὲ οἱ ὄχλοι ἐφοβήθησαν, καὶ ἐδόξασαν τὸν θεὸν τὸν δόντα ἐξουσίαν τοιαύτην τοῖς ἀνθρώποις.
280909012a	Καὶ παράγων ὁ Ἰησοῦς ἐκεῖθεν εἶδεν ἄνθρωπον καθήμενον ἐπὶ τὸ τελώνιον, Μαθθαῖον λεγόμενον, καὶ λέγει αὐτῷ, Ἀκολούθει μοι. καὶ ἀναστὰς ἠκολούθησεν αὐτῷ.
28090a0114	καὶ ἐγένετο αὐτοῦ ἀνακειμένου ἐν τῇ οἰκίᾳ, καὶ ἰδοὺ πολλοὶ τελῶναι καὶ ἁμαρτωλοὶ ἐλθόντες συνανέκειντο τῷ Ἰησοῦ καὶ τοῖς μαθηταῖς αὐτοῦ.
28090b00e8	καὶ ἰδόντες οἱ Φαρισαῖοι ἔλεγον τοῖς μαθηταῖς αὐτοῦ, Διὰ τί μετὰ τῶν τελωνῶν καὶ ἁμαρτωλῶν ἐσθίει ὁ διδάσκαλος ὑμῶν;
28090c00b1	ὁ δὲ [Ἰησοῦς] ἀκούσας εἶπεν, Οὐ χρείαν ἔχουσιν οἱ ἰσχύοντες ἰατροῦ ἀλλὰ οἱ κακῶς ἔχοντες.
28090d00cb	πορευθέντες δὲ μάθετε τί ἐστιν, Ἔλεος θέλω, καὶ οὐ θυσίαν· οὐ γὰρ ἦλθον καλέσαι δικαίους, ἀλλ᾽ ἁμαρτωλούς.
28090e0101	Τότε προσέρχονται αὐτῷ οἱ μαθηταὶ Ἰωάννου λέγοντες, Διὰ τί ἡμεῖς καὶ οἱ Φαρισαῖοι νηστεύομεν πολλά, οἱ δὲ μαθηταί σου οὐ νηστεύουσιν;
28090f016a	καὶ εἶπεν αὐτοῖς ὁ Ἰησοῦς, Μὴ δύνανται οἱ υἱοὶ τοῦ νυμφῶνος πενθεῖν ἐφ᾽ ὅσον μετ᾽ αὐτῶν ἐστιν ὁ νυμφίος; ἐλεύσονται δὲ ἡμέραι ὅταν ἀπαρθῇ ἀπ᾽ αὐτῶν ὁ νυμφίος, καὶ τότε νηστεύσουσιν.
280910010b	οὐδεὶς δὲ ἐπιβάλλει ἐπίβλημα ῥάκους ἀγνάφου ἐπὶ ἱματίῳ παλαιῷ· αἴρει γὰρ τὸ πλήρωμα αὐτοῦ ἀπὸ τοῦ ἱματίου, καὶ χεῖρον σχίσμα γίνεται.
2809110189	οὐδὲ βάλλουσιν οἶνον νέον εἰς ἀσκοὺς παλαιούς· εἰ δὲ μή γε, ῥήγνυνται οἱ ἀσκοί, καὶ ὁ οἶνος ἐκχεῖται καὶ οἱ ἀσκοὶ ἀπόλλυνται· ἀλλὰ βάλλουσιν οἶνον νέον εἰς ἀσκοὺς καινούς, καὶ ἀμφότεροι συντηροῦνται.
2809120149	Ταῦτα αὐτοῦ λαλοῦντος αὐτοῖς, ἰδοὺ ἄρχων εἷς ἐλθὼν προσεκύνει αὐτῷ, λέγων ὅτι ἡ θυγάτηρ μου ἄρτι ἐτελεύτησεν· ἀλλὰ ἐλθὼν ἐπίθες τὴν χεῖρά σου ἐπ᾽ αὐτήν, καὶ ζήσεται.
2809130079	καὶ ἐγερθεὶς ὁ Ἰησοῦς ἠκολούθει αὐτῷ, καὶ οἱ μαθηταὶ αὐτοῦ.
28091400c1	Καὶ ἰδοὺ γυνὴ αἱμοῤῥοοῦσα δώδεκα ἔτη προσελθοῦσα ὄπισθεν ἥψατο τοῦ κρασπέδου τοῦ ἱματίου αὐτοῦ.
2809150085	ἔλεγεν γὰρ ἐν ἑαυτῇ, Ἐὰν μόνον ἅψωμαι τοῦ ἱματίου αὐτοῦ, σωθήσομαι.
28091600f1	Ὁ δὲ Ἰησοῦς στραφεὶς καὶ ἰδὼν αὐτὴν εἶπεν, Θάρσει, θύγατερ· ἡ πίστις σου σέσωκέν σε. καὶ ἐσώθη ἡ γυνὴ ἀπὸ τῆς ὥρας ἐκείνης.
28091700c4	Καὶ ἐλθὼν ὁ Ἰησοῦς εἰς τὴν οἰκίαν τοῦ ἄρχοντος, καὶ ἰδὼν τοὺς αὐλητὰς καὶ τὸν ὄχλον θορυβούμενον,
28091800a5	ἔλεγεν, Ἀναχωρεῖτε· οὐ γὰρ ἀπέθανεν τὸ κοράσιον, ἀλλὰ καθεύδει. καὶ κατεγέλων αὐτοῦ.
28091900a9	ὅτε δὲ ἐξεβλήθη ὁ ὄχλος, εἰσελθὼν ἐκράτησεν τῆς χειρὸς αὐτῆς, καὶ ἠγέρθη τὸ κοράσιον.
28091a0062	καὶ ἐξῆλθεν ἡ φήμη αὕτη εἰς ὅλην τὴν γῆν ἐκείνην.
28091b00db	Καὶ παράγοντι ἐκεῖθεν τῷ Ἰησοῦ, ἠκολούθησαν [αὐτῷ] δύο τυφλοί, κράζοντες καὶ λέγοντες, Ἐλέησον ἡμᾶς, υἱὸς Δαυείδ.
28091c0115	ἐλθόντι δὲ εἰς τὴν οἰκίαν, προσῆλθαν αὐτῷ οἱ τυφλοί, καὶ λέγει αὐτοῖς ὁ Ἰησοῦς, Πιστεύετε ὅτι δύναμαι τοῦτο ποιῆσαι; λέγουσιν αὐτῷ, Ναὶ κύριε.
28091d008f	τότε ἥψατο τῶν ὀφθαλμῶν αὐτῶν λέγων, Κατὰ τὴν πίστιν ὑμῶν γενηθήτω ὑμῖν.
28091e00c0	Καὶ ἠνεῴχθησαν αὐτῶν οἱ ὀφθαλμοί· καὶ ἐνεβριμήθη αὐτοῖς ὁ Ἰησοῦς λέγων, Ὁρᾶτε μηδεὶς γινωσκέτω.
28091f006e	οἱ δὲ ἐξελθόντες διεφήμισαν αὐτὸν ἐν ὅλῃ τῇ γῇ ἐκείνῃ.
2809200096	Αὐτῶν δὲ ἐξερχομένων, ἰδοὺ προσήνεγκαν αὐτῷ [ἄνθρωπον] κωφὸν δαιμονιζόμενον.
28092100e2	καὶ ἐκβληθέντος τοῦ δαιμονίου ἐλάλησεν ὁ κωφός· καὶ ἐθαύμασαν οἱ ὄχλοι λέγοντες, Οὐδέποτε ἐφάνη οὕτως ἐν τῷ Ἰσραήλ.
280922008f	Οἱ δὲ Φαρισαῖοι ἔλεγον, Ἐν τῷ ἄρχοντι τῶν δαιμονίων ἐκβάλλει τὰ δαιμόνια.
2809230155	Καὶ περιῆγεν ὁ Ἰησοῦς τὰς πόλεις πάσας καὶ τὰς κώμας, διδάσκων ἐν ταῖς συναγωγαῖς αὐτῶν καὶ κηρύσσων τὸ εὐαγγέλιον τῆς βασιλείας, καὶ θεραπεύων πᾶσαν νόσον καὶ πᾶσαν μαλακίαν.
28092400d7	Ἰδὼν δὲ τοὺς ὄχλους ἐσπλαγχνίσθη περὶ αὐτῶν, ὅτι ἦσαν ἐσκυλμένοι καὶ ἐριμμένοι ὡς πρόβατα μὴ ἔχοντα ποιμένα.
2809250093	τότε λέγει τοῖς μαθηταῖς αὐτοῦ, Ὁ μὲν θερισμὸς πολύς, οἱ δὲ ἐργάται ὀλίγοι·
280926009f	δεήθητε οὖν τοῦ κυρίου τοῦ θερισμοῦ, ὅπως ἐκβάλῃ ἐργάτας εἰς τὸν θερισμὸν αὐτοῦ.
280a010135	Καὶ προσκαλεσάμενος τοὺς δώδεκα μαθητὰς αὐτοῦ, ἔδωκεν αὐτοῖς ἐξουσίαν πνευμάτων ἀκαθάρτων, ὥστε ἐκβάλλειν αὐτά, καὶ θεραπεύειν πᾶσαν νόσον καὶ πᾶσαν μαλακίαν.
280a020140	Τῶν δὲ δώδεκα ἀποστόλων τὰ ὀνόματά ἐστιν ταῦτα· πρῶτος Σίμων ὁ λεγόμενος Πέτρος καὶ Ἀνδρέας ὁ ἀδελφὸς αὐτοῦ, Ἰάκωβος ὁ τοῦ Ζεβεδαίου καὶ Ἰωάννης ὁ ἀδελφὸς αὐτοῦ,
280a0300b4	Φίλιππος καὶ Βαρθολομαῖος, Θωμᾶς καὶ Μαθθαῖος ὁ τελώνης, Ἰάκωβος ὁ τοῦ Ἀλφαίου καὶ Θαδδαῖος,
280a040079	Σίμων ὁ Καναναῖος καὶ Ἰούδας Ἰσκαριώτης ὁ καὶ παραδοὺς αὐτόν.
280a050105	Τούτους τοὺς δώδεκα ἀπέστειλεν ὁ Ἰησοῦς παραγγείλας αὐτοῖς λέγων, Εἰς ὁδὸν ἐθνῶν μὴ ἀπέλθητε, καὶ εἰς πόλιν Σαμαρειτῶν μὴ εἰσέλθητε,
280a06007a	πορεύεσθε δὲ μᾶλλον πρὸς τὰ πρόβατα τὰ ἀπολωλότα οἴκου Ἰσραήλ.
280a070088	πορευόμενοι δὲ κηρύσσετε, λέγοντες ὅτι ἤγγικεν ἡ βασιλεία τῶν οὐρανῶν.
280a0800d5	ἀσθενοῦντας θεραπεύετε, νεκροὺς ἐγείρετε, λεπροὺς καθαρίζετε, δαιμόνια ἐκβάλλετε· δωρεὰν ἐλάβετε, δωρεὰν δότε.
280a09007d	Μὴ κτήσησθε χρυσὸν μηδὲ ἄργυρον μηδὲ χαλκὸν εἰς τὰς ζώνας ὑμῶν,
280a0a00c8	μὴ πήραν εἰς ὁδὸν μηδὲ δύο χιτῶνας μηδὲ ὑποδήματα μηδὲ ῥάβδον· ἄξιος γὰρ ὁ ἐργάτης τῆς τροφῆς αὐτοῦ.
280a0b00ca	εἰς ἣν δ᾽ ἂν πόλιν ἢ κώμην εἰσέλθητε, ἐξετάσατε τίς ἐν αὐτῇ ἄξιός ἐστιν, κἀκεῖ μείνατε ἕως ἂν ἐξέλθητε.
280a0c005e	εἰσερχόμενοι δὲ εἰς τὴν οἰκίαν ἀσπάσασθε αὐτήν.
280a0d00e8	καὶ ἐὰν μὲν ᾖ ἡ οἰκία ἀξία, ἐλθάτω ἡ εἰρήνη ὑμῶν ἐπ᾽ αὐτήν· ἐὰν δὲ μὴ ᾖ ἀξία, ἡ εἰρήνη ὑμῶν πρὸς ὑμᾶς ἐπιστραφήτω.
280a0e0121	καὶ ὃς ἂν μὴ δέξηται ὑμᾶς, μηδὲ ἀκούσῃ τοὺς λόγους ὑμῶν, ἐξερχόμενοι ἔξω τῆς οἰκίας ἢ τῆς πόλεως ἐκείνης ἐκτινάξατε τὸν κονιορτὸν τῶν ποδῶν ὑμῶν.
280a0f00bb	ἀμὴν λέγω ὑμῖν, ἀνεκτότερον ἔσται γῇ Σοδόμων καὶ Γομόῤῥας ἐν ἡμέρᾳ κρίσεως, ἢ τῇ πόλει ἐκείνῃ.
280a1000e0	ἰδοὺ ἐγὼ ἀποστέλλω ὑμᾶς ὡς πρόβατα ἐν μέσῳ λύκων· γίνεσθε οὖν φρόνιμοι ὡς οἱ ὄφεις καὶ ἀκέραιοι ὡς αἱ περιστεραί.
280a1100e6	Προσέχετε δὲ ἀπὸ τῶν ἀνθρώπων· παραδώσουσιν γὰρ ὑμᾶς εἰς συνέδρια, καὶ ἐν ταῖς συναγωγαῖς αὐτῶν μαστιγώσουσιν ὑμᾶς·
280a1200bd	καὶ ἐπὶ ἡγεμόνας δὲ καὶ βασιλεῖς ἀχθήσεσθε ἕνεκεν ἐμοῦ, εἰς μαρτύριον αὐτοῖς καὶ τοῖς ἔθνεσιν.
280a1300d2	ὅταν δὲ παραδῶσιν ὑμᾶς, μὴ μεριμνήσητε πῶς ἢ τί λαλήσητε· δοθήσεται γὰρ ὑμῖν ἐν ἐκείνῃ τῇ ὥρᾳ τί λαλήσητε·
280a1400a5	οὐ γὰρ ὑμεῖς ἐστε οἱ λαλοῦντες, ἀλλὰ τὸ πνεῦμα τοῦ πατρὸς ὑμῶν τὸ λαλοῦν ἐν ὑμῖν.
280a1500ee	παραδώσει δὲ ἀδελφὸς ἀδελφὸν εἰς θάνατον, καὶ πατὴρ τέκνον· καὶ ἐπαναστήσονται τέκνα ἐπὶ γονεῖς, καὶ θανατώσουσιν αὐτούς.
280a1600b5	καὶ ἔσεσθε μισούμενοι ὑπὸ πάντων διὰ τὸ ὄνομά μου· ὁ δὲ ὑπομείνας εἰς τέλος, οὗτος σωθήσεται.
280a17012a	Ὅταν δὲ διώκωσιν ὑμᾶς ἐν τῇ πόλει ταύτῃ, φεύγετε εἰς τὴν ἑτέραν· ἀμὴν γὰρ λέγω ὑμῖν, οὐ μὴ τελέσητε τὰς πόλεις Ἰσραὴλ ἕως ἂν ἔλθῃ ὁ υἱὸς τοῦ ἀνθρώπου.
280a180093	Οὐκ ἔστιν μαθητὴς ὑπὲρ τὸν διδάσκαλον, οὐδὲ δοῦλος ὑπὲρ τὸν κύριον αὐτοῦ.
280a190141	ἀρκετὸν τῷ μαθητῇ ἵνα γένηται ὡς ὁ διδάσκαλος αὐτοῦ, καὶ ὁ δοῦλος ὡς ὁ κύριος αὐτοῦ. εἰ τὸν οἰκοδεσπότην Βεελζεβοὺλ ἐπεκάλεσαν, πόσῳ μᾶλλον τοὺς οἰκιακοὺς αὐτοῦ;
280a1a00d0	μὴ οὖν φοβηθῆτε αὐτούς· οὐδὲν γάρ ἐστιν κεκαλυμμένον, ὃ οὐκ ἀποκαλυφθήσεται, καὶ κρυπτόν, ὃ οὐ γνωσθήσεται.
280a1b00bb	ὃ λέγω ὑμῖν ἐν τῇ σκοτίᾳ, εἴπατε ἐν τῷ φωτί, καὶ ὃ εἰς τὸ οὖς ἀκούετε, κηρύξατε ἐπὶ τῶν δωμάτων.
280a1c0136	καὶ μὴ φοβεῖσθε ἀπὸ τῶν ἀποκτεννόντων τὸ σῶμα, τὴν δὲ ψυχὴν μὴ δυναμένων ἀποκτεῖναι· φοβήθητε δὲ μᾶλλον τὸν δυνάμενον καὶ ψυχὴν καὶ σῶμα ἀπολέσαι ἐν γεέννῃ.
280a1d00c6	οὐχὶ δύο στρουθία ἀσσαρίου πωλεῖται; καὶ ἓν ἐξ αὐτῶν οὐ πεσεῖται ἐπὶ τὴν γῆν ἄνευ τοῦ πατρὸς ὑμῶν·
280a1e0074	ὑμῶν δὲ καὶ αἱ τρίχες τῆς κεφαλῆς πᾶσαι ἠριθμημέναι εἰσίν.
280a1f0063	μὴ οὖν φοβεῖσθε· πολλῶν στρουθίων διαφέρετε ὑμεῖς.
280a2000ff	Πᾶς οὖν ὅστις ὁμολογήσει ἐν ἐμοὶ ἔμπροσθεν τῶν ἀνθρώπων, ὁμολογήσω κἀγὼ ἐν αὐτῷ ἔμπροσθεν τοῦ πατρός μου τοῦ ἐν [τοῖς] οὐρανοῖς.
280a2100e3	ὅστις δὲ ἀρνήσηταί με ἔμπροσθεν τῶν ἀνθρώπων, ἀρνήσομαι κἀγὼ αὐτὸν ἔμπροσθεν τοῦ πατρός μου τοῦ ἐν [τοῖς] οὐρανοῖς.
280a2200b3	Μὴ νομίσητε ὅτι ἦλθον βαλεῖν εἰρήνην ἐπὶ τὴν γῆν· οὐκ ἦλθον βαλεῖν εἰρήνην, ἀλλὰ μάχαιραν.
280a2300f1	ἦλθον γὰρ διχάσαι ἄνθρωπον κατὰ τοῦ πατρὸς αὐτοῦ, καὶ θυγατέρα κατὰ τῆς μητρὸς αὐτῆς, καὶ νύμφην κατὰ τῆς πενθερᾶς αὐτῆς·
280a240057	καὶ ἐχθροὶ τοῦ ἀνθρώπου οἱ οἰκιακοὶ αὐτοῦ.
280a2500de	Ὁ φιλῶν πατέρα ἢ μητέρα ὑπὲρ ἐμὲ οὐκ ἔστιν μου ἄξιος, καὶ ὁ φιλῶν υἱὸν ἢ θυγατέρα ὑπὲρ ἐμὲ οὐκ ἔστιν μου ἄξιος·
280a2600a1	καὶ ὃς οὐ λαμβάνει τὸν σταυρὸν αὐτοῦ καὶ ἀκολουθεῖ ὀπίσω μου οὐκ ἔστιν μου ἄξιος.
280a2700c6	ὁ εὑρὼν τὴν ψυχὴν αὐτοῦ ἀπολέσει αὐτήν· καὶ ὁ ἀπολέσας τὴν ψυχὴν αὐτοῦ ἕνεκεν ἐμοῦ εὑρήσει αὐτήν.
280a28009a	Ὁ δεχόμενος ὑμᾶς ἐμὲ δέχεται· καὶ ὁ ἐμὲ δεχόμενος δέχεται τὸν ἀποστείλαντά με.
280a2900fe	ὁ δεχόμενος προφήτην εἰς ὄνομα προφήτου μισθὸν προφήτου λήμψεται, καὶ ὁ δεχόμενος δίκαιον εἰς ὄνομα δικαίου μισθὸν δικαίου λήμψεται·
280a2a00fc	καὶ ὃς ἂν ποτίσῃ ἕνα τῶν μικρῶν τούτων ποτήριον ψυχροῦ μόνον εἰς ὄνομα μαθητοῦ, ἀμὴν λέγω ὑμῖν, οὐ μὴ ἀπολέσῃ τὸν μισθὸν αὐτοῦ.
280b01010f	Καὶ ἐγένετο ὅτε ἐτέλεσεν ὁ Ἰησοῦς διατάσσων τοῖς δώδεκα μαθηταῖς αὐτοῦ, μετέβη ἐκεῖθεν τοῦ διδάσκειν καὶ κηρύσσειν ἐν ταῖς πόλεσιν αὐτῶν.
280b0200af	Ὁ δὲ Ἰωάννης ἀκούσας ἐν τῷ δεσμωτηρίῳ τὰ ἔργα τοῦ χριστοῦ, πέμψας διὰ τῶν μαθητῶν αὐτοῦ,
280b030067	εἶπεν αὐτῷ, Σὺ εἶ ὁ ἐρχόμενος, ἢ ἕτερον προσδοκῶμεν;
280b0400b8	καὶ ἀποκριθεὶς ὁ Ἰησοῦς εἶπεν αὐτοῖς, Πορευθέντες ἀπαγγείλατε Ἰωάννῃ ἃ ἀκούετε καὶ βλέπετε·
280b05010d	τυφλοὶ ἀναβλέπουσιν, [καὶ] χωλοὶ περιπατοῦσιν, λεπροὶ καθαρίζονται, καὶ κωφοὶ ἀκούουσιν, καὶ νεκροὶ ἐγείρονται, καὶ πτωχοὶ εὐαγγελίζονται·
280b060060	καὶ μακάριός ἐστιν ὃς ἂν μὴ σκανδαλισθῇ ἐν ἐμοί·
280b070111	Τούτων δὲ πορευομένων ἤρξατο ὁ Ἰησοῦς λέγειν τοῖς ὄχλοις περὶ Ἰωάννου, Τί ἐξήλθατε εἰς τὴν ἔρημον θεάσασθαι; κάλαμον ὑπὸ ἀνέμου σαλευόμενον;
280b0800f0	ἀλλὰ τί ἐξήλθατε ἰδεῖν; ἄνθρωπον ἐν μαλακοῖς ἠμφιεσμένον; ἰδοὺ οἱ τὰ μαλακὰ φοροῦντες ἐν τοῖς οἴκοις τῶν βασιλέων εἰσίν·
280b090092	ἀλλὰ τί ἐξήλθατε ἰδεῖν; προφήτην; ναὶ λέγω ὑμῖν, καὶ περισσότερον προφήτου·
280b0a0100	οὗτος [γάρ] ἐστιν περὶ οὗ γέγραπται, Ἰδοὺ ἐγὼ ἀποστέλλω τὸν ἄγγελόν μου πρὸ προσώπου σου, ὃς κατασκευάσει τὴν ὁδόν σου ἔμπροσθέν σου.
280b0b011f	Ἀμὴν λέγω ὑμῖν, οὐκ ἐγήγερται ἐν γεννητοῖς γυναικῶν μείζων Ἰωάννου τοῦ βαπτιστοῦ· ὁ δὲ μικρότερος ἐν τῇ βασιλείᾳ τῶν οὐρανῶν μείζων αὐτοῦ ἐστιν.
280b0c00de	ἀπὸ δὲ τῶν ἡμερῶν Ἰωάννου τοῦ βαπτιστοῦ ἕως ἄρτι ἡ βασιλεία τῶν οὐρανῶν βιάζεται, καὶ βιασταὶ ἁρπάζουσιν αὐτήν.
280b0d0077	πάντες γὰρ οἱ προφῆται καὶ ὁ νόμος ἕως Ἰωάννου ἐπροφήτευσαν·
280b0e0074	καὶ εἰ θέλετε δέξασθαι, αὐτός ἐστιν Ἡλίας ὁ μέλλων ἔρχεσθαι.
280b0f0038	ὁ ἔχων ὦτα [ἀκούειν] ἀκουέτω.
280b1000da	Τίνι δὲ ὁμοιώσω τὴν γενεὰν ταύτην; ὁμοία ἐστὶν παιδίοις καθημένοις ἐν ταῖς ἀγοραῖς ἃ προσφωνοῦντα τοῖς ἑτέροις
280b110090	λέγουσιν, Ηὐλήσαμεν ὑμῖν καὶ οὐκ ὠρχήσασθε, ἐθρηνήσαμεν καὶ οὐκ ἐκόψασθε.
280b120087	ἦλθεν γὰρ Ἰωάννης μήτε ἐσθίων μήτε πίνων, καὶ λέγουσιν, Δαιμόνιον ἔχει.
280b130144	ἦλθεν ὁ υἱὸς τοῦ ἀνθρώπου ἐσθίων καὶ πίνων, καὶ λέγουσιν, Ἰδοὺ ἄνθρωπος φάγος καὶ οἰνοπότης, τελωνῶν φίλος καὶ ἁμαρτωλῶν. καὶ ἐδικαιώθη ἡ σοφία ἀπὸ τῶν ἔργων αὐτῆς.
280b1400bc	Τότε ἤρξατο ὀνειδίζειν τὰς πόλεις ἐν αἷς ἐγένοντο αἱ πλεῖσται δυνάμεις αὐτοῦ, ὅτι οὐ μετενόησαν.
280b15011a	Οὐαί σοι Χοραζείν, οὐαί σοι Βηθσαϊδά, ὅτι εἰ ἐν Τύρῳ καὶ Σιδῶνι ἐγένοντο αἱ δυνάμεις αἱ γενόμεναι ἐν ὑμῖν, πάλαι ἂν ἐν σάκκῳ καὶ σποδῷ μετενόησαν.
280b160094	πλὴν λέγω ὑμῖν, Τύρῳ καὶ Σιδῶνι ἀνεκτότερον ἔσται ἐν ἡμέρᾳ κρίσεως ἢ ὑμῖν.
280b17012a	καὶ σύ Καφαρναούμ, μὴ ἕως οὐρανοῦ ὑψωθήσῃ; ἕως ᾅδου καταβήσῃ, ὅτι εἰ ἐν Σοδόμοις ἐγενήθησαν αἱ δυνάμεις αἱ γενόμεναι ἐν σοί, ἔμεινεν ἂν μέχρι τῆς σήμερον.
280b18008c	πλὴν λέγω ὑμῖν ὅτι γῇ Σοδόμων ἀνεκτότερον ἔσται ἐν ἡμέρᾳ κρίσεως ἢ σοί.
280b190155	Ἐν ἐκείνῳ τῷ καιρῷ ἀποκριθεὶς ὁ Ἰησοῦς εἶπεν, Ἐξομολογοῦμαί σοι, πάτερ κύριε τοῦ οὐρανοῦ καὶ τῆς γῆς, ὅτι ἔκρυψας ταῦτα ἀπὸ σοφῶν καὶ συνετῶν, καὶ ἀπεκάλυψας αὐτὰ νηπίοις.
280b1a0067	ναὶ ὁ πατήρ, ὅτι οὕτως ἐγένετο εὐδοκία ἔμπροσθέν σου.
280b1b014c	πάντα μοι παρεδόθη ὑπὸ τοῦ πατρός μου, καὶ οὐδεὶς ἐπιγινώσκει τὸν υἱὸν εἰ μὴ ὁ πατήρ, οὐδὲ τὸν πατέρα τις ἐπιγινώσκει εἰ μὴ ὁ υἱὸς καὶ ᾧ ἐὰν βούληται ὁ υἱὸς ἀποκαλύψαι.
280b1c008d	Δεῦτε πρός με πάντες οἱ κοπιῶντες καὶ πεφορτισμένοι, κἀγὼ ἀναπαύσω ὑμᾶς.
280b1d0102	ἄρατε τὸν ζυγόν μου ἐφ᾽ ὑμᾶς, καὶ μάθετε ἀπ᾽ ἐμοῦ, ὅτι πραΰς εἰμι καὶ ταπεινὸς τῇ καρδίᾳ, καὶ εὑρήσετε ἀνάπαυσιν ταῖς ψυχαῖς ὑμῶν.
280b1e006e	ὁ γὰρ ζυγός μου χρηστὸς καὶ τὸ φορτίον μου ἐλαφρόν ἐστιν.
280c010116	Ἐν ἐκείνῳ τῷ καιρῷ ἐπορεύθη ὁ Ἰησοῦς τοῖς σάββασιν διὰ τῶν σπορίμων· οἱ δὲ μαθηταὶ αὐτοῦ ἐπείνασαν, καὶ ἤρξαντο τίλλειν στάχυας καὶ ἐσθίειν.
280c0200c1	οἱ δὲ Φαρισαῖοι ἰδόντες εἶπαν αὐτῷ, Ἰδοὺ οἱ μαθηταί σου ποιοῦσιν ὃ οὐκ ἔξεστιν ποιεῖν ἐν σαββάτῳ.
280c0300a7	ὁ δὲ εἶπεν αὐτοῖς, Οὐκ ἀνέγνωτε τί ἐποίησεν Δαυείδ, ὅτε ἐπείνασεν, καὶ οἱ μετ᾽ αὐτοῦ;
280c04012e	πῶς εἰσῆλθεν εἰς τὸν οἶκον τοῦ θεοῦ, καὶ τοὺς ἄρτους τῆς προθέσεως ἔφαγεν, ὃ οὐκ ἐξὸν ἦν αὐτῷ φαγεῖν, οὐδὲ τοῖς μετ᾽ αὐτοῦ, εἰ μὴ τοῖς ἱερεῦσιν μόνοις;
280c0500d7	ἢ οὐκ ἀνέγνωτε ἐν τῷ νόμῳ ὅτι τοῖς σάββασιν οἱ ἱερεῖς ἐν τῷ ἱερῷ τὸ σάββατον βεβηλοῦσιν, καὶ ἀναίτιοί εἰσιν;
280c060059	λέγω δὲ ὑμῖν ὅτι τοῦ ἱεροῦ μεῖζόν ἐστιν ὧδε.
280c0700a8	εἰ δὲ ἐγνώκειτε τί ἐστιν, Ἔλεος θέλω καὶ οὐ θυσίαν, οὐκ ἂν κατεδικάσατε τοὺς ἀναιτίους.
280c080062	κύριος γάρ ἐστιν τοῦ σαββάτου ὁ υἱὸς τοῦ ἀνθρώπου.
280c090066	Καὶ μεταβὰς ἐκεῖθεν ἦλθεν εἰς τὴν συναγωγὴν αὐτῶν.
280c0a00fc	καὶ ἰδού, ἄνθρωπος χεῖρα ἔχων ξηράν· καὶ ἐπηρώτησαν αὐτὸν λέγοντες, Εἰ ἔξεστιν τοῖς σάββασιν θεραπεύειν; ἵνα κατηγορήσωσιν αὐτοῦ.
280c0b0116	ὁ δὲ εἶπεν αὐτοῖς, Τίς ἐξ ὑμῶν ἄνθρωπος, ὃς ἕξει πρόβατον ἕν, καὶ ἐὰν ἐμπέσῃ τοῦτο τοῖς σάββασιν εἰς βόθυνον, οὐχὶ κρατήσει αὐτὸ καὶ ἐγερεῖ;
280c0c0096	πόσῳ οὖν διαφέρει ἄνθρωπος προβάτου; ὥστε ἔξεστιν τοῖς σάββασιν καλῶς ποιεῖν.
280c0d00ba	τότε λέγει τῷ ἀνθρώπῳ, Ἔκτεινόν σου τὴν χεῖρα. καὶ ἐξέτεινεν, καὶ ἀπεκατεστάθη ὑγιὴς ὡς ἡ ἄλλη.
280c0e009e	Ἐξελθόντες δὲ οἱ Φαρισαῖοι συμβούλιον ἔλαβον κατ᾽ αὐτοῦ, ὅπως αὐτὸν ἀπολέσωσιν.
280c0f00d0	ὁ δὲ Ἰησοῦς γνοὺς ἀνεχώρησεν ἐκεῖθεν, καὶ ἠκολούθησαν αὐτῷ [ὄχλοι] πολλοί, καὶ ἐθεράπευσεν αὐτοὺς πάντας,
280c10006c	καὶ ἐπετίμησεν αὐτοῖς ἵνα μὴ φανερὸν αὐτὸν ποιήσωσιν·
280c11006b	ἵνα πληρωθῇ τὸ ῥηθὲν διὰ Ἡσαΐου τοῦ προφήτου λέγοντος,
280c120107	Ἰδοὺ ὁ παῖς μου ὃν ἡρέτισα, ὁ ἀγαπητός μου ἐν ᾧ ηὐδόκησεν ἡ ψυχή μου· θήσω τὸ πνεῦμά μου ἐπ᾽ αὐτόν, καὶ κρίσιν τοῖς ἔθνεσιν ἀπαγγελεῖ·
280c13009b	οὐκ ἐρίσει οὐδὲ κραυγάσει, οὐδὲ ἀκούσει τις ἐν ταῖς πλατείαις τὴν φωνὴν αὐτοῦ.
280c1400c4	κάλαμον συντετριμμένον οὐ κατεάξει, καὶ λίνον τυφόμενον οὐ σβέσει, ἕως ἂν ἐκβάλῃ εἰς νῖκος τὴν κρίσιν.
280c15004a	καὶ τῷ ὀνόματι αὐτοῦ ἔθνη ἐλπιοῦσιν.
280c1600d8	Τότε προσηνέχθη αὐτῷ δαιμονιζόμενος τυφλὸς καὶ κωφός, καὶ ἐθεράπευσεν αὐτόν, ὥστε τὸν κωφὸν λαλεῖν καὶ βλέπειν.
280c170090	καὶ ἐξίσταντο πάντες οἱ ὄχλοι καὶ ἔλεγον, Μή τι οὗτός ἐστιν ὁ υἱὸς Δαυείδ;
280c1800da	οἱ δὲ Φαρισαῖοι ἀκούσαντες εἶπον, Οὗτος οὐκ ἐκβάλλει τὰ δαιμόνια, εἰ μὴ ἐν τῷ Βεελζεβοὺλ ἄρχοντι τῶν δαιμονίων.
280c190132	εἰδὼς δὲ τὰς ἐνθυμήσεις αὐτῶν εἶπεν αὐτοῖς, Πᾶσα βασιλεία μερισθεῖσα καθ᾽ ἑαυτῆς ἐρημοῦται, καὶ πᾶσα πόλις ἢ οἰκία μερισθεῖσα καθ᾽ ἑαυτῆς, οὐ σταθήσεται.
280c1a00c0	καὶ εἰ ὁ σατανᾶς τὸν σατανᾶν ἐκβάλλει, ἐφ᾽ ἑαυτὸν ἐμερίσθη· πῶς οὖν σταθήσεται ἡ βασιλεία αὐτοῦ;
280c1b00e9	καὶ εἰ ἐγὼ ἐν Βεελζεβοὺλ ἐκβάλλω τὰ δαιμόνια, οἱ υἱοὶ ὑμῶν ἐν τίνι ἐκβάλλουσιν; διὰ τοῦτο αὐτοὶ κριταὶ ἔσονται ὑμῶν.
280c1c00b1	εἰ δὲ ἐν πνεύματι θεοῦ ἐγὼ ἐκβάλλω τὰ δαιμόνια, ἄρα ἔφθασεν ἐφ᾽ ὑμᾶς ἡ βασιλεία τοῦ θεοῦ.
280c1d012c	ἢ πῶς δύναταί τις εἰσελθεῖν εἰς τὴν οἰκίαν τοῦ ἰσχυροῦ καὶ τὰ σκεύη αὐτοῦ ἁρπάσαι, ἐὰν μὴ πρῶτον δήσῃ τὸν ἰσχυρόν; καὶ τότε τὴν οἰκίαν αὐτοῦ διαρπάσει.
280c1e0092	ὁ μὴ ὢν μετ᾽ ἐμοῦ, κατ᾽ ἐμοῦ ἐστίν, καὶ ὁ μὴ συνάγων μετ᾽ ἐμοῦ, σκορπίζει.
280c1f00e9	διὰ τοῦτο λέγω ὑμῖν, πᾶσα ἁμαρτία καὶ βλασφημία ἀφεθήσεται τοῖς ἀνθρώποις, ἡ δὲ τοῦ πνεύματος βλασφημία οὐκ ἀφεθήσεται.
280c20015f	καὶ ὃς ἐὰν εἴπῃ λόγον κατὰ τοῦ υἱοῦ τοῦ ἀνθρώπου, ἀφεθήσεται αὐτῷ· ὃς δ᾽ ἂν εἴπῃ κατὰ τοῦ πνεύματος τοῦ ἁγίου, οὐκ ἀφεθήσεται αὐτῷ, οὔτε ἐν τούτῳ τῷ αἰῶνι οὔτε ἐν τῷ μέλλοντι.
280c21012d	ἢ ποιήσατε τὸ δένδρον καλὸν καὶ τὸν καρπὸν αὐτοῦ καλόν, ἢ ποιήσατε τὸ δένδρον σαπρὸν καὶ τὸν καρπὸν αὐτοῦ σαπρόν· ἐκ γὰρ τοῦ καρποῦ τὸ δένδρον γινώσκεται.
280c2200d9	γεννήματα ἐχιδνῶν, πῶς δύνασθε ἀγαθὰ λαλεῖν πονηροὶ ὄντες; ἐκ γὰρ τοῦ περισσεύματος τῆς καρδίας τὸ στόμα λαλεῖ.
280c2300f0	ὁ ἀγαθὸς ἄνθρωπος ἐκ τοῦ ἀγαθοῦ θησαυροῦ ἐκβάλλει ἀγαθά, καὶ ὁ πονηρὸς ἄνθρωπος ἐκ τοῦ πονηροῦ θησαυροῦ ἐκβάλλει πονηρά.
280c2400d0	λέγω δὲ ὑμῖν ὅτι πᾶν ῥῆμα ἀργὸν ὃ λαλήσουσιν οἱ ἄνθρωποι, ἀποδώσουσιν περὶ αὐτοῦ λόγον ἐν ἡμέρᾳ κρίσεως.
280c250083	ἐκ γὰρ τῶν λόγων σου δικαιωθήσῃ, καὶ ἐκ τῶν λόγων σου καταδικασθήσῃ.
280c2600d2	Τότε ἀπεκρίθησαν αὐτῷ τινες τῶν γραμματέων καὶ Φαρισαίων λέγοντες, Διδάσκαλε, θέλομεν ἀπὸ σοῦ σημεῖον ἰδεῖν.
280c270119	ὁ δὲ ἀποκριθεὶς εἶπεν αὐτοῖς, Γενεὰ πονηρὰ καὶ μοιχαλὶς σημεῖον ἐπιζητεῖ· καὶ σημεῖον οὐ δοθήσεται αὐτῇ, εἰ μὴ τὸ σημεῖον Ἰωνᾶ τοῦ προφήτου.
280c280138	ὥσπερ γὰρ ἦν Ἰωνᾶς ἐν τῇ κοιλίᾳ τοῦ κήτους τρεῖς ἡμέρας καὶ τρεῖς νύκτας, οὕτως ἔσται ὁ υἱὸς τοῦ ἀνθρώπου ἐν τῇ καρδίᾳ τῆς γῆς τρεῖς ἡμέρας καὶ τρεῖς νύκτας.
280c290131	Ἄνδρες Νινευεῖται ἀναστήσονται ἐν τῇ κρίσει μετὰ τῆς γενεᾶς ταύτης, καὶ κατακρινοῦσιν αὐτήν· ὅτι μετενόησαν εἰς τὸ κήρυγμα Ἰωνᾶ, καὶ ἰδοὺ πλεῖον Ἰωνᾶ ὧδε.
280c2a0162	βασίλισσα νότου ἐγερθήσεται ἐν τῇ κρίσει μετὰ τῆς γενεᾶς ταύτης, καὶ κατακρινεῖ αὐτήν· ὅτι ἦλθεν ἐκ τῶν περάτων τῆς γῆς ἀκοῦσαι τὴν σοφίαν Σολομῶνος, καὶ ἰδοὺ πλεῖον Σολομῶνος ὧδε.
280c2b00e6	ὅταν δὲ τὸ ἀκάθαρτον πνεῦμα ἐξέλθῃ ἀπὸ τοῦ ἀνθρώπου, διέρχεται δι᾽ ἀνύδρων τόπων ζητοῦν ἀνάπαυσιν, καὶ οὐχ εὑρίσκει.
280c2c00df	τότε λέγει, Εἰς τὸν οἶκόν μου ἐπιστρέψω, ὅθεν ἐξῆλθον· καὶ ἐλθὸν εὑρίσκει σχολάζοντα, σεσαρωμένον καὶ κεκοσμημένον.
280c2d01ac	τότε πορεύεται καὶ παραλαμβάνει μεθ᾽ ἑαυτοῦ ἑπτὰ ἕτερα πνεύματα πονηρότερα ἑαυτοῦ, καὶ εἰσελθόντα κατοικεῖ ἐκεῖ· καὶ γίνεται τὰ ἔσχατα τοῦ ἀνθρώπου ἐκείνου χείρονα τῶν πρώτων. οὕτως ἔσται καὶ τῇ γενεᾷ ταύτῃ τῇ πονηρᾷ.
280c2e00d8	Ἔτι αὐτοῦ λαλοῦντος τοῖς ὄχλοις, ἰδοὺ ἡ μήτηρ καὶ οἱ ἀδελφοὶ αὐτοῦ εἱστήκεισαν ἔξω, ζητοῦντες αὐτῷ λαλῆσαι.
280c2f00b1	εἶπεν δέ τις αὐτῷ, Ἰδοὺ ἡ μήτηρ σου καὶ οἱ ἀδελφοί σου ἔξω ἑστήκασιν ζητοῦντές σοι λαλῆσαι.
280c3000b5	ὁ δὲ ἀποκριθεὶς εἶπεν τῷ λέγοντι αὐτῷ, Τίς ἐστιν ἡ μήτηρ μου; καὶ τίνες εἰσὶν οἱ ἀδελφοί μου;
280c3100be	καὶ ἐκτείνας τὴν χεῖρα αὐτοῦ ἐπὶ τοὺς μαθητὰς αὐτοῦ εἶπεν, Ἰδοὺ ἡ μήτηρ μου καὶ οἱ ἀδελφοί μου.
280c3200d3	ὅστις γὰρ ἂν ποιήσῃ τὸ θέλημα τοῦ πατρός μου τοῦ ἐν οὐρανοῖς, αὐτός μου ἀδελφὸς καὶ ἀδελφὴ καὶ μήτηρ ἐστίν.
280d010096	Ἐν τῇ ἡμέρᾳ ἐκείνῃ ἐξελθὼν ὁ Ἰησοῦς τῆς οἰκίας ἐκάθητο παρὰ τὴν θάλασσαν·
280d0200f4	καὶ συνήχθησαν πρὸς αὐτὸν ὄχλοι πολλοί, ὥστε αὐτὸν εἰς πλοῖον ἐμβάντα καθῆσθαι, καὶ πᾶς ὁ ὄχλος ἐπὶ τὸν αἰγιαλὸν εἱστήκει.
280d0300a5	καὶ ἐλάλησεν αὐτοῖς πολλὰ ἐν παραβολαῖς λέγων, Ἰδοὺ ἐξῆλθεν ὁ σπείρων τοῦ σπείρειν.
280d0400b8	καὶ ἐν τῷ σπείρειν αὐτόν, ἃ μὲν ἔπεσεν παρὰ τὴν ὁδόν, καὶ ἦλθον τὰ πετεινὰ καὶ κατέφαγεν αὐτά.
280d0500d3	ἄλλα δὲ ἔπεσεν ἐπὶ τὰ πετρώδη, ὅπου οὐκ εἶχεν γῆν πολλήν, καὶ εὐθέως ἐξανέτειλεν διὰ τὸ μὴ ἔχειν βάθος γῆς·
280d06008b	ἡλίου δὲ ἀνατείλαντος ἐκαυματίσθη, καὶ διὰ τὸ μὴ ἔχειν ῥίζαν ἐξηράνθη.
280d070096	ἄλλα δὲ ἔπεσεν ἐπὶ τὰς ἀκάνθας, καὶ ἀνέβησαν αἱ ἄκανθαι καὶ ἀπέπνιξαν αὐτά.
280d0800c4	ἄλλα δὲ ἔπεσεν ἐπὶ τὴν γῆν τὴν καλὴν καὶ ἐδίδου καρπόν, ὃ μὲν ἑκατόν, ὃ δὲ ἑξήκοντα, ὃ δὲ τριάκοντα.
280d090038	ὁ ἔχων ὦτα [ἀκούειν] ἀκουέτω.
280d0a0095	Καὶ προσελθόντες οἱ μαθηταὶ εἶπαν αὐτῷ, Διὰ τί ἐν παραβολαῖς λαλεῖς αὐτοῖς;
280d0b00e6	Ὁ δὲ ἀποκριθεὶς εἶπεν αὐτοῖς, Ὅτι ὑμῖν δέδοται γνῶναι τὰ μυστήρια τῆς βασιλείας τῶν οὐρανῶν, ἐκείνοις δὲ οὐ δέδοται.
280d0c00ca	ὅστις γὰρ ἔχει, δοθήσεται αὐτῷ καὶ περισσευθήσεται. ὅστις δὲ οὐκ ἔχει, καὶ ὃ ἔχει ἀρθήσεται ἀπ᾽ αὐτοῦ.
280d0d00d6	διὰ τοῦτο ἐν παραβολαῖς αὐτοῖς λαλῶ, ὅτι βλέποντες οὐ βλέπουσιν, καὶ ἀκούοντες οὐκ ἀκούουσιν, οὐδὲ συνίουσιν.
280d0e00f6	καὶ ἀναπληροῦται αὐτοῖς ἡ προφητεία Ἡσαΐου ἡ λέγουσα, Ἀκοῇ ἀκούσετε καὶ οὐ μὴ συνῆτε, καὶ βλέποντες βλέψετε, καὶ οὐ μὴ ἴδητε.
280d0f01b2	ἐπαχύνθη γὰρ ἡ καρδία τοῦ λαοῦ τούτου, καὶ τοῖς ὠσὶν βαρέως ἤκουσαν, καὶ τοὺς ὀφθαλμοὺς αὐτῶν ἐκάμμυσαν· μή ποτε ἴδωσιν τοῖς ὀφθαλμοῖς, καὶ τοῖς ὠσὶν ἀκούσωσιν, καὶ τῇ καρδίᾳ συνῶσιν καὶ ἐπιστρέψωσιν καὶ ἰάσομαι αὐτούς.
280d100096	ὑμῶν δὲ μακάριοι οἱ ὀφθαλμοὶ ὅτι βλέπουσιν, καὶ τὰ ὦτα [ὑμῶν] ὅτι ἀκούουσιν.
280d110108	ἀμὴν γὰρ λέγω ὑμῖν ὅτι πολλοὶ προφῆται καὶ δίκαιοι ἐπεθύμησαν ἰδεῖν ἃ βλέπετε, καὶ οὐκ εἶδαν, καὶ ἀκοῦσαι ἃ ἀκούετε, καὶ οὐκ ἤκουσαν.
280d120061	Ὑμεῖς οὖν ἀκούσατε τὴν παραβολὴν τοῦ σπείραντος·
280d13013b	παντὸς ἀκούοντος τὸν λόγον τῆς βασιλείας καὶ μὴ συνιέντος, ἔρχεται ὁ πονηρὸς καὶ ἁρπάζει τὸ ἐσπαρμένον ἐν τῇ καρδίᾳ αὐτοῦ· οὗτός ἐστιν ὁ παρὰ τὴν ὁδὸν σπαρείς.
280d1400bd	ὁ δὲ ἐπὶ τὰ πετρώδη σπαρείς, οὗτός ἐστιν ὁ τὸν λόγον ἀκούων καὶ εὐθὺς μετὰ χαρᾶς λαμβάνων αὐτόν,
280d1500e5	οὐκ ἔχει δὲ ῥίζαν ἐν ἑαυτῷ, ἀλλὰ πρόσκαιρός ἐστιν· γενομένης δὲ θλίψεως ἢ διωγμοῦ διὰ τὸν λόγον εὐθὺς σκανδαλίζεται.
280d160127	ὁ δὲ εἰς τὰς ἀκάνθας σπαρείς, οὗτός ἐστιν ὁ τὸν λόγον ἀκούων, καὶ ἡ μέριμνα τοῦ αἰῶνος καὶ ἡ ἀπάτη τοῦ πλούτου συμπνίγει τὸν λόγον, καὶ ἄκαρπος γίνεται.
280d170120	ὁ δὲ ἐπὶ τὴν καλὴν γῆν σπαρείς, οὗτός ἐστιν ὁ τὸν λόγον ἀκούων καὶ συνιείς, ὃς δὴ καρποφορεῖ καὶ ποιεῖ, ὁ μὲν ἑκατόν, ὁ δὲ ἑξήκοντα, ὁ δὲ τριάκοντα.
280d1800ee	Ἄλλην παραβολὴν παρέθηκεν αὐτοῖς λέγων, Ὡμοιώθη ἡ βασιλεία τῶν οὐρανῶν ἀνθρώπῳ σπείραντι καλὸν σπέρμα ἐν τῷ ἀγρῷ αὐτοῦ·
280d1900dd	ἐν δὲ τῷ καθεύδειν τοὺς ἀνθρώπους ἦλθεν αὐτοῦ ὁ ἐχθρὸς καὶ ἐπέσπειρεν ζιζάνια ἀνὰ μέσον τοῦ σίτου, καὶ ἀπῆλθεν.
280d1a0091	ὅτε δὲ ἐβλάστησεν ὁ χόρτος, καὶ καρπὸν ἐποίησεν, τότε ἐφάνη καὶ τὰ ζιζάνια.
280d1b00f9	προσελθόντες δὲ οἱ δοῦλοι τοῦ οἰκοδεσπότου εἶπον αὐτῷ, Κύριε, οὐχὶ καλὸν σπέρμα ἔσπειρες ἐν τῷ σῷ ἀγρῷ; πόθεν οὖν ἔχει ζιζάνια;
280d1c00e3	ὁ δὲ ἔφη αὐτοῖς, Ἐχθρὸς ἄνθρωπος τοῦτο ἐποίησεν. οἱ δὲ δοῦλοι αὐτῷ λέγουσιν, Θέλεις οὖν ἀπελθόντες συλλέξωμεν αὐτά;
280d1d0097	ὁ δέ φησιν, Οὔ, μή ποτε συλλέγοντες τὰ ζιζάνια ἐκριζώσητε ἅμα αὐτοῖς τὸν σῖτον.
280d1e01ad	ἄφετε συναυξάνεσθαι ἀμφότερα ἕως τοῦ θερισμοῦ· καὶ ἐν καιρῷ τοῦ θερισμοῦ ἐρῶ τοῖς θερισταῖς, Συλλέξατε πρῶτον τὰ ζιζάνια, καὶ δήσατε αὐτὰ [εἰς] δέσμας πρὸς τὸ κατακαῦσαι αὐτά· τὸν δὲ σῖτον συνάγετε εἰς τὴν ἀποθήκην μου.
280d1f010e	Ἄλλην παραβολὴν παρέθηκεν αὐτοῖς λέγων, Ὁμοία ἐστὶν ἡ βασιλεία τῶν οὐρανῶν κόκκῳ σινάπεως, ὃν λαβὼν ἄνθρωπος ἔσπειρεν ἐν τῷ ἀγρῷ αὐτοῦ·
280d200162	ὃ μικρότερον μέν ἐστιν πάντων τῶν σπερμάτων, ὅταν δὲ αὐξηθῇ, μεῖζον τῶν λαχάνων ἐστὶν καὶ γίνεται δένδρον, ὥστε ἐλθεῖν τὰ πετεινὰ τοῦ οὐρανοῦ καὶ κατασκηνοῖν ἐν τοῖς κλάδοις αὐτοῦ.
280d21011b	Ἄλλην παραβολὴν ἐλάλησεν αὐτοῖς, Ὁμοία ἐστὶν ἡ βασιλεία τῶν οὐρανῶν ζύμῃ, ἣν λαβοῦσα γυνὴ ἐνέκρυψεν εἰς ἀλεύρου σάτα τρία, ἕως οὗ ἐζυμώθη ὅλον.
280d2200c4	Ταῦτα πάντα ἐλάλησεν ὁ Ἰησοῦς ἐν παραβολαῖς τοῖς ὄχλοις, καὶ χωρὶς παραβολῆς οὐδὲν ἐλάλει αὐτοῖς·
280d2300ea	ὅπως πληρωθῇ τὸ ῥηθὲν διὰ τοῦ προφήτου λέγοντος, Ἀνοίξω ἐν παραβολαῖς τὸ στόμα μου· ἐρεύξομαι κεκρυμμένα ἀπὸ καταβολῆς.
280d240120	Τότε ἀφεὶς τοὺς ὄχλους ἦλθεν εἰς τὴν οἰκίαν· καὶ προσῆλθαν αὐτῷ οἱ μαθηταὶ αὐτοῦ λέγοντες, Διασάφησον ἡμῖν τὴν παραβολὴν τῶν ζιζανίων τοῦ ἀγροῦ.
280d250097	ὁ δὲ ἀποκριθεὶς εἶπεν, Ὁ σπείρων τὸ καλὸν σπέρμα ἐστὶν ὁ υἱὸς τοῦ ἀνθρώπου·
280d2600f2	ὁ δὲ ἀγρός ἐστιν ὁ κόσμος· τὸ δὲ καλὸν σπέρμα, οὗτοί εἰσιν οἱ υἱοὶ τῆς βασιλείας· τὰ δὲ ζιζάνιά εἰσιν οἱ υἱοὶ τοῦ πονηροῦ·
280d2700df	ὁ δὲ ἐχθρὸς ὁ σπείρας αὐτά ἐστιν ὁ διάβολος· ὁ δὲ θερισμὸς συντέλεια αἰῶνός ἐστιν· οἱ δὲ θερισταὶ ἄγγελοί εἰσιν.
280d2800b0	ὥσπερ οὖν συλλέγεται τὰ ζιζάνια, καὶ πυρὶ καίεται, οὕτως ἔσται ἐν τῇ συντελείᾳ τοῦ αἰῶνος.
280d290115	ἀποστελεῖ ὁ υἱὸς τοῦ ἀνθρώπου τοὺς ἀγγέλους αὐτοῦ, καὶ συλλέξουσιν ἐκ τῆς βασιλείας αὐτοῦ πάντα τὰ σκάνδαλα καὶ τοὺς ποιοῦντας τὴν ἀνομίαν,
280d2a00be	καὶ βαλοῦσιν αὐτοὺς εἰς τὴν κάμινον τοῦ πυρός· ἐκεῖ ἔσται ὁ κλαυθμὸς καὶ ὁ βρυγμὸς τῶν ὀδόντων.
280d2b00c6	τότε οἱ δίκαιοι ἐκλάμψουσιν ὡς ὁ ἥλιος ἐν τῇ βασιλείᾳ τοῦ πατρὸς αὐτῶν. ὁ ἔχων ὦτα [ἀκούειν] ἀκουέτω.
280d2c016e	Ὁμοία ἐστὶν ἡ βασιλεία τῶν οὐρανῶν θησαυρῷ κεκρυμμένῳ ἐν τῷ ἀγρῷ, ὃν εὑρὼν ἄνθρωπος ἔκρυψεν· καὶ ἀπὸ τῆς χαρᾶς αὐτοῦ ὑπάγει καὶ πωλεῖ πάντα ὅσα ἔχει, καὶ ἀγοράζει τὸν ἀγρὸν ἐκεῖνον.
280d2d00a8	Πάλιν ὁμοία ἐστὶν ἡ βασιλεία τῶν οὐρανῶν ἀνθρώπῳ ἐμπόρῳ ζητοῦντι καλοὺς μαργαρίτας·
280d2e00ac	εὑρὼν δὲ ἕνα πολύτιμον μαργαρίτην, ἀπελθὼν πέπρακεν πάντα ὅσα εἶχεν, καὶ ἠγόρασεν αὐτόν.
280d2f00d4	Πάλιν ὁμοία ἐστὶν ἡ βασιλεία τῶν οὐρανῶν σαγήνῃ βληθείσῃ εἰς τὴν θάλασσαν καὶ ἐκ παντὸς γένους συναγαγούσῃ,
280d3000e1	ἣν ὅτε ἐπληρώθη ἀναβιβάσαντες ἐπὶ τὸν αἰγιαλὸν καὶ καθίσαντες συνέλεξαν τὰ καλὰ εἰς ἄγγη, τὰ δὲ σαπρὰ ἔξω ἔβαλον.
280d3100e4	οὕτως ἔσται ἐν τῇ συντελείᾳ τοῦ αἰῶνος· ἐξελεύσονται οἱ ἄγγελοι καὶ ἀφοριοῦσιν τοὺς πονηροὺς ἐκ μέσου τῶν δικαίων,
280d3200be	καὶ βαλοῦσιν αὐτοὺς εἰς τὴν κάμινον τοῦ πυρός· ἐκεῖ ἔσται ὁ κλαυθμὸς καὶ ὁ βρυγμὸς τῶν ὀδόντων.
280d33004d	συνήκατε ταῦτα πάντα; Λέγουσιν αὐτῷ, Ναί.
280d340152	ὁ δὲ εἶπεν αὐτοῖς, Διὰ τοῦτο πᾶς γραμματεὺς μαθητευθεὶς τῇ βασιλείᾳ τῶν οὐρανῶν ὅμοιός ἐστιν ἀνθρώπῳ οἰκοδεσπότῃ, ὅστις ἐκβάλλει ἐκ τοῦ θησαυροῦ αὐτοῦ καινὰ καὶ παλαιά.
280d350091	Καὶ ἐγένετο ὅτε ἐτέλεσεν ὁ Ἰησοῦς τὰς παραβολὰς ταύτας, μετῆρεν ἐκεῖθεν·
280d360128	καὶ ἐλθὼν εἰς τὴν πατρίδα αὐτοῦ ἐδίδασκεν αὐτοὺς ἐν τῇ συναγωγῇ αὐτῶν, ὥστε ἐκπλήσσεσθαι αὐτοὺς καὶ λέγειν, Πόθεν τούτῳ ἡ σοφία αὕτη καὶ αἱ δυνάμεις;
280d370103	οὐχ οὗτός ἐστιν ὁ τοῦ τέκτονος υἱός; οὐχ ἡ μήτηρ αὐτοῦ λέγεται Μαριάμ, καὶ οἱ ἀδελφοὶ αὐτοῦ Ἰάκωβος καὶ Ἰωσὴφ καὶ Σίμων καὶ Ἰούδας;
280d38009b	καὶ αἱ ἀδελφαὶ αὐτοῦ οὐχὶ πᾶσαι πρὸς ἡμᾶς εἰσίν; πόθεν οὖν τούτῳ ταῦτα πάντα;
280d3900f5	καὶ ἐσκανδαλίζοντο ἐν αὐτῷ. ὁ δὲ Ἰησοῦς εἶπεν αὐτοῖς, Οὐκ ἔστιν προφήτης ἄτιμος εἰ μὴ ἐν τῇ πατρίδι καὶ ἐν τῇ οἰκίᾳ αὐτοῦ.
280d3a007b	καὶ οὐκ ἐποίησεν ἐκεῖ δυνάμεις πολλὰς διὰ τὴν ἀπιστίαν αὐτῶν.
280e01007e	Ἐν ἐκείνῳ τῷ καιρῷ ἤκουσεν Ἡρώδης ὁ τετράρχης τὴν ἀκοὴν Ἰησοῦ,
280e020111	καὶ εἶπεν τοῖς παισὶν αὐτοῦ, Οὗτός ἐστιν Ἰωάννης ὁ βαπτιστής· αὐτὸς ἠγέρθη ἀπὸ τῶν νεκρῶν, καὶ διὰ τοῦτο αἱ δυνάμεις ἐνεργοῦσιν ἐν αὐτῷ.
280e0300f9	ὁ γὰρ Ἡρώδης κρατήσας τὸν Ἰωάννην ἔδησεν αὐτὸν καὶ ἐν τῇ φυλακῇ ἀπέθετο διὰ Ἡρωδιάδα τὴν γυναῖκα Φιλίππου τοῦ ἀδελφοῦ αὐτοῦ.
280e040062	ἔλεγεν γὰρ ὁ Ἰωάννης, Οὐκ ἔξεστίν σοι ἔχειν αὐτήν.
280e050095	καὶ θέλων αὐτὸν ἀποκτεῖναι, ἐφοβήθη τὸν ὄχλον, ὅτι ὡς προφήτην αὐτὸν εἶχον.
280e0600c6	γενεσίοις δὲ γενομένοις τοῦ Ἡρώδου ὠρχήσατο ἡ θυγάτηρ τῆς Ἡρωδιάδος ἐν τῷ μέσῳ, καὶ ἤρεσεν τῷ Ἡρώδῃ·
280e07006d	ὅθεν μεθ᾽ ὅρκου ὡμολόγησεν αὐτῇ δοῦναι ὃ ἂν αἰτήσηται.
280e0800d0	ἡ δὲ προβιβασθεῖσα ὑπὸ τῆς μητρὸς αὐτῆς, Δός μοι, φησίν, ὧδε ἐπὶ πίνακι τὴν κεφαλὴν Ἰωάννου τοῦ βαπτιστοῦ.
280e0900a6	καὶ λυπηθεὶς ὁ βασιλεὺς διὰ τοὺς ὅρκους καὶ τοὺς συνανακειμένους ἐκέλευσεν δοθῆναι·
280e0a0059	καὶ πέμψας ἀπεκεφάλισεν Ἰωάννην ἐν τῇ φυλακῇ.
280e0b00ad	καὶ ἠνέχθη ἡ κεφαλὴ αὐτοῦ ἐπὶ πίνακι καὶ ἐδόθη τῷ κορασίῳ, καὶ ἤνεγκεν τῇ μητρὶ αὐτῆς.
280e0c00c7	καὶ προσελθόντες οἱ μαθηταὶ αὐτοῦ ἦραν τὸ πτῶμα καὶ ἔθαψαν αὐτόν· καὶ ἐλθόντες ἀπήγγειλαν τῷ Ἰησοῦ.
280e0d0115	Ἀκούσας δὲ ὁ Ἰησοῦς ἀνεχώρησεν ἐκεῖθεν ἐν πλοίῳ εἰς ἔρημον τόπον κατ᾽ ἰδίαν. καὶ ἀκούσαντες οἱ ὄχλοι ἠκολούθησαν αὐτῷ πεζῇ ἀπὸ τῶν πόλεων.
280e0e00c5	Καὶ ἐξελθὼν εἶδεν πολὺν ὄχλον, καὶ ἐσπλαγχνίσθη ἐπ᾽ αὐτοῖς καὶ ἐθεράπευσεν τοὺς ἀῤῥώστους αὐτῶν.
280e0f0160	Ὀψίας δὲ γενομένης προσῆλθαν αὐτῷ οἱ μαθηταὶ λέγοντες, Ἔρημός ἐστιν ὁ τόπος, καὶ ἡ ὥρα ἤδη παρῆλθεν· ἀπόλυσον τοὺς ὄχλους, ἵνα ἀπελθόντες εἰς τὰς κώμας ἀγοράσωσιν ἑαυτοῖς βρώματα.
280e1000a0	ὁ δὲ Ἰησοῦς εἶπεν αὐτοῖς, Οὐ χρείαν ἔχουσιν ἀπελθεῖν· δότε αὐτοῖς ὑμεῖς φαγεῖν.
280e110089	οἱ δὲ λέγουσιν αὐτῷ, Οὐκ ἔχομεν ὧδε εἰ μὴ πέντε ἄρτους καὶ δύο ἰχθύας.
280e120041	ὁ δὲ εἶπεν, Φέρετέ μοι ὧδε αὐτούς.
280e130195	καὶ κελεύσας τοὺς ὄχλους ἀνακλιθῆναι ἐπὶ τοῦ χόρτου λαβὼν τοὺς πέντε ἄρτους καὶ τοὺς δύο ἰχθύας, ἀναβλέψας εἰς τὸν οὐρανὸν ηὐλόγησεν, καὶ κλάσας ἔδωκεν τοῖς μαθηταῖς τοὺς ἄρτους, οἱ δὲ μαθηταὶ τοῖς ὄχλοις.
280e1400be	καὶ ἔφαγον πάντες καὶ ἐχορτάσθησαν· καὶ ἦραν τὸ περισσεῦον τῶν κλασμάτων, δώδεκα κοφίνους πλήρεις.
280e150096	οἱ δὲ ἐσθίοντες ἦσαν ἄνδρες ὡσεὶ πεντακισχίλιοι, χωρὶς γυναικῶν καὶ παιδίων.
280e1600e2	Καὶ εὐθέως ἠνάγκασεν τοὺς μαθητὰς ἐμβῆναι εἰς πλοῖον καὶ προάγειν αὐτὸν εἰς τὸ πέραν, ἕως οὗ ἀπολύσῃ τοὺς ὄχλους.
280e1700c7	καὶ ἀπολύσας τοὺς ὄχλους ἀνέβη εἰς τὸ ὄρος κατ᾽ ἰδίαν προσεύξασθαι. ὀψίας δὲ γενομένης μόνος ἦν ἐκεῖ.
280e1800dc	τὸ δὲ πλοῖον ἤδη σταδίους πολλοὺς ἀπὸ τῆς γῆς ἀπεῖχεν βασανιζόμενον ὑπὸ τῶν κυμάτων· ἦν γὰρ ἐναντίος ὁ ἄνεμος.
280e190095	τετάρτῃ δὲ φυλακῇ τῆς νυκτὸς ἦλθεν πρὸς αὐτοὺς περιπατῶν ἐπὶ τὴν θάλασσαν.
280e1a00fb	καὶ ἰδόντες αὐτὸν οἱ μαθηταὶ ἐπὶ τῆς θαλάσσης περιπατοῦντα ἐταράχθησαν, λέγοντες ὅτι φάντασμά ἐστιν, καὶ ἀπὸ τοῦ φόβου ἔκραξαν.
280e1b0092	εὐθὺς δὲ ἐλάλησεν αὐτοῖς ὁ Ἰησοῦς λέγων, Θαρσεῖτε· ἐγώ εἰμι, μὴ φοβεῖσθε.
280e1c00b3	ἀποκριθεὶς δὲ αὐτῷ ὁ Πέτρος εἶπεν, Κύριε, εἰ σὺ εἶ, κέλευσόν με ἐλθεῖν πρός σε ἐπὶ τὰ ὕδατα.
280e1d00ca	ὁ δὲ εἶπεν, Ἐλθέ. καὶ καταβὰς ἀπὸ τοῦ πλοίου Πέτρος περιεπάτησεν ἐπὶ τὰ ὕδατα, ἐλθεῖν πρὸς τὸν Ἰησοῦν.
280e1e00c0	βλέπων δὲ τὸν ἄνεμον ἰσχυρὸν ἐφοβήθη· καὶ ἀρξάμενος καταποντίζεσθαι ἔκραξεν λέγων, Κύριε, σῶσόν με.
280e1f00c6	εὐθέως δὲ ὁ Ἰησοῦς ἐκτείνας τὴν χεῖρα ἐπελάβετο αὐτοῦ, καὶ λέγει αὐτῷ, Ὀλιγόπιστε, εἰς τί ἐδίστασας;
280e20006a	Καὶ ἀναβάντων αὐτῶν εἰς τὸ πλοῖον ἐκόπασεν ὁ ἄνεμος·
280e210096	οἱ δὲ ἐν τῷ πλοίῳ ἐλθόντες προσεκύνησαν αὐτῷ λέγοντες, Ἀληθῶς θεοῦ υἱὸς εἶ.
280e220065	Καὶ διαπεράσαντες ἦλθον ἐπὶ τὴν γῆν εἰς Γεννησαρέτ.
280e230114	καὶ ἐπιγνόντες αὐτὸν οἱ ἄνδρες τοῦ τόπου ἐκείνου ἀπέστειλαν εἰς ὅλην τὴν περίχωρον ἐκείνην, καὶ προσήνεγκαν αὐτῷ πάντας τοὺς κακῶς ἔχοντας·
280e2400c4	καὶ παρεκάλουν αὐτὸν ἵνα μόνον ἅψωνται τοῦ κρασπέδου τοῦ ἱματίου αὐτοῦ· καὶ ὅσοι ἥψαντο διεσώθησαν.
280f010099	Τότε προσέρχονται τῷ Ἰησοῦ ἀπὸ Ἱεροσολύμων Φαρισαῖοι καὶ γραμματεῖς λέγοντες,
280f0200ee	Διὰ τί οἱ μαθηταί σου παραβαίνουσιν τὴν παράδοσιν τῶν πρεσβυτέρων; οὐ γὰρ νίπτονται τὰς χεῖρας [αὐτῶν,] ὅταν ἄρτον ἐσθίωσιν.
280f0300cf	ὁ δὲ ἀποκριθεὶς εἶπεν αὐτοῖς, Διὰ τί καὶ ὑμεῖς παραβαίνετε τὴν ἐντολὴν τοῦ θεοῦ διὰ τὴν παράδοσιν ὑμῶν;
280f0400bf	ὁ γὰρ θεὸς εἶπεν Τίμα τὸν πατέρα καὶ τὴν μητέρα· καὶ Ὁ κακολογῶν πατέρα ἢ μητέρα θανάτῳ τελευτάτω·
280f05009e	ὑμεῖς δὲ λέγετε, Ὃς ἂν εἴπῃ τῷ πατρὶ ἢ τῇ μητρί, Δῶρον, ὃ ἐὰν ἐξ ἐμοῦ ὠφεληθῇς,
280f0600d3	οὐ μὴ τιμήσει τὸν πατέρα αὐτοῦ ἢ τὴν μητέρα αὐτοῦ, καὶ ἠκυρώσατε τὸν λόγον τοῦ θεοῦ διὰ τὴν παράδοσιν ὑμῶν.
280f070069	ὑποκριταί, καλῶς ἐπροφήτευσεν περὶ ὑμῶν Ἡσαΐας λέγων,
280f080099	Ὁ λαὸς οὗτος τοῖς χείλεσίν με τιμᾷ, ἡ δὲ καρδία αὐτῶν πόῤῥω ἀπέχει ἀπ᾽ ἐμοῦ·
280f09007c	μάτην δὲ σέβονταί με διδάσκοντες διδασκαλίας, ἐντάλματα ἀνθρώπων.
280f0a007f	Καὶ προσκαλεσάμενος τὸν ὄχλον εἶπεν αὐτοῖς, Ἀκούετε καὶ συνίετε·
280f0b00e9	οὐ τὸ εἰσερχόμενον εἰς τὸ στόμα κοινοῖ τὸν ἄνθρωπον, ἀλλὰ τὸ ἐκπορευόμενον ἐκ τοῦ στόματος, τοῦτο κοινοῖ τὸν ἄνθρωπον.
280f0c00d9	Τότε προσελθόντες οἱ μαθηταὶ αὐτοῦ λέγουσιν αὐτῷ, Οἶδας ὅτι οἱ Φαρισαῖοι ἀκούσαντες τὸν λόγον ἐσκανδαλίσθησαν;
280f0d00b0	ὁ δὲ ἀποκριθεὶς εἶπεν, Πᾶσα φυτεία ἣν οὐκ ἐφύτευσεν ὁ πατήρ μου ὁ οὐράνιος, ἐκριζωθήσεται.
280f0e00cc	ἄφετε αὐτούς· τυφλοί εἰσιν ὁδηγοὶ τυφλῶν· τυφλὸς δὲ τυφλὸν ἐὰν ὁδηγῇ, ἀμφότεροι εἰς βόθυνον πεσοῦνται.
280f0f0079	ἀποκριθεὶς δὲ ὁ Πέτρος εἶπεν αὐτῷ, Φράσον ἡμῖν τὴν παραβολήν.
280f100055	ὁ δὲ εἶπεν, Ἀκμὴν καὶ ὑμεῖς ἀσύνετοί ἐστε;
280f1100c6	οὐ νοεῖτε ὅτι πᾶν τὸ εἰσπορευόμενον εἰς τὸ στόμα εἰς τὴν κοιλίαν χωρεῖ, καὶ εἰς ἀφεδρῶνα ἐκβάλλεται;
280f1200b0	τὰ δὲ ἐκπορευόμενα ἐκ τοῦ στόματος ἐκ τῆς καρδίας ἐξέρχεται, κἀκεῖνα κοινοῖ τὸν ἄνθρωπον.
280f1300d2	ἐκ γὰρ τῆς καρδίας ἐξέρχονται διαλογισμοὶ πονηροί, φόνοι μοιχεῖαι πορνεῖαι κλοπαὶ ψευδομαρτυρίαι βλασφημίαι.
280f1400b6	ταῦτά ἐστιν τὰ κοινοῦντα τὸν ἄνθρωπον· τὸ δὲ ἀνίπτοις χερσὶν φαγεῖν οὐ κοινοῖ τὸν ἄνθρωπον.
280f15008d	Καὶ ἐξελθὼν ἐκεῖθεν ὁ Ἰησοῦς ἀνεχώρησεν εἰς τὰ μέρη Τύρου καὶ Σιδῶνος.
280f160109	καὶ ἰδοὺ γυνὴ Χαναναία ἀπὸ τῶν ὁρίων ἐκείνων ἐξελθοῦσα ἔκραζεν λέγουσα, Ἐλέησόν με, κύριε υἱὸς Δαυείδ. ἡ θυγάτηρ μου κακῶς δαιμονίζεται.
280f1700fd	ὁ δὲ οὐκ ἀπεκρίθη αὐτῇ λόγον. καὶ προσελθόντες οἱ μαθηταὶ αὐτοῦ ἠρώτουν αὐτὸν λέγοντες, Ἀπόλυσον αὐτήν, ὅτι κράζει ὄπισθεν ἡμῶν.
280f1800a7	ὁ δὲ ἀποκριθεὶς εἶπεν, Οὐκ ἀπεστάλην εἰ μὴ εἰς τὰ πρόβατα τὰ ἀπολωλότα οἴκου Ἰσραήλ.
280f19006b	ἡ δὲ ἐλθοῦσα προσεκύνει αὐτῷ λέγουσα, Κύριε, βοήθει μοι.
280f1a00b8	ὁ δὲ ἀποκριθεὶς εἶπεν, Οὐκ ἔστιν καλὸν λαβεῖν τὸν ἄρτον τῶν τέκνων καὶ βαλεῖν τοῖς κυναρίοις.
280f1b00dc	ἡ δὲ εἶπεν, Ναὶ κύριε· καὶ γὰρ τὰ κυνάρια ἐσθίει ἀπὸ τῶν ψιχίων τῶν πιπτόντων ἀπὸ τῆς τραπέζης τῶν κυρίων αὐτῶν.
280f1c010b	τότε ἀποκριθεὶς ὁ Ἰησοῦς εἶπεν αὐτῇ, Ὦ γύναι, μεγάλη σου ἡ πίστις· γενηθήτω σοι ὡς θέλεις. καὶ ἰάθη ἡ θυγάτηρ αὐτῆς ἀπὸ τῆς ὥρας ἐκείνης.
280f1d00d2	Καὶ μεταβὰς ἐκεῖθεν ὁ Ἰησοῦς ἦλθεν παρὰ τὴν θάλασσαν τῆς Γαλιλαίας· καὶ ἀναβὰς εἰς τὸ ὄρος ἐκάθητο ἐκεῖ.
280f1e0154	καὶ προσῆλθον αὐτῷ ὄχλοι πολλοὶ ἔχοντες μεθ᾽ ἑαυτῶν χωλοὺς τυφλοὺς κωφοὺς κυλλοὺς καὶ ἑτέρους πολλούς, καὶ ἔῤῥιψαν αὐτοὺς παρὰ τοὺς πόδας αὐτοῦ· καὶ ἐθεράπευσεν αὐτούς·
280f1f0124	ὥστε τοὺς ὄχλους θαυμάσαι, βλέποντας κωφοὺς λαλοῦντας, κυλλοὺς ὑγιεῖς, καὶ χωλοὺς περιπατοῦντας, καὶ τυφλοὺς βλέποντας· καὶ ἐδόξασαν τὸν θεὸν Ἰσραήλ.
280f2001a7	Ὁ δὲ Ἰησοῦς προσκαλεσάμενος τοὺς μαθητὰς αὐτοῦ εἶπεν, Σπλαγχνίζομαι ἐπὶ τὸν ὄχλον, ὅτι ἤδη ἡμέραι τρεῖς προσμένουσίν μοι, καὶ οὐκ ἔχουσιν τί φάγωσιν· καὶ ἀπολῦσαι αὐτοὺς νήστεις οὐ θέλω, μή ποτε ἐκλυθῶσιν ἐν τῇ ὁδῷ.
280f2100cc	καὶ λέγουσιν αὐτῷ οἱ μαθηταὶ [αὐτοῦ,] Πόθεν ἡμῖν ἐν ἐρημίᾳ ἄρτοι τοσοῦτοι ὥστε χορτάσαι ὄχλον τοσοῦτον;
280f2200a6	καὶ λέγει αὐτοῖς ὁ Ἰησοῦς, Πόσους ἄρτους ἔχετε; οἱ δὲ εἶπον, Ἑπτά, καὶ ὀλίγα ἰχθύδια.
280f23005e	καὶ παραγγείλας τῷ ὄχλῳ ἀναπεσεῖν ἐπὶ τὴν γῆν,
280f2400fa	ἔλαβεν τοὺς ἑπτὰ ἄρτους καὶ τοὺς ἰχθύας, καὶ εὐχαριστήσας ἔκλασεν καὶ ἐδίδου τοῖς μαθηταῖς [αὐτοῦ,] οἱ δὲ μαθηταὶ τοῖς ὄχλοις.
280f2500bb	καὶ ἔφαγον πάντες καὶ ἐχορτάσθησαν, καὶ τὸ περισσεῦον τῶν κλασμάτων ἦραν, ἑπτὰ σπυρίδας πλήρεις.
280f26008b	οἱ δὲ ἐσθίοντες ἦσαν τετρακισχίλιοι ἄνδρες, χωρὶς γυναικῶν καὶ παιδίων.
280f270096	Καὶ ἀπολύσας τοὺς ὄχλους ἐνέβη εἰς τὸ πλοῖον, καὶ ἦλθεν εἰς τὰ ὅρια Μαγαδάν.
28100100e8	Καὶ προσελθόντες οἱ Φαρισαῖοι καὶ Σαδδουκαῖοι πειράζοντες ἐπηρώτησαν αὐτὸν σημεῖον ἐκ τοῦ οὐρανοῦ ἐπιδεῖξαι αὐτοῖς.
28100200a6	ὁ δὲ ἀποκριθεὶς εἶπεν αὐτοῖς, Ὀψίας γενομένης λέγετε, Εὐδία, πυῤῥάζει γὰρ ὁ οὐρανός.
2810030119	καὶ πρωΐ, Σήμερον χειμών, πυῤῥάζει γὰρ στυγνάζων ὁ οὐρανός· τὸ μὲν πρόσωπον τοῦ οὐρανοῦ γινώσκετε διακρίνειν, τὰ δὲ σημεῖα τῶν καιρῶν οὐ δύνασθε;
2810040100	γενεὰ πονηρὰ καὶ μοιχαλὶς σημεῖον ἐπιζητεῖ· καὶ σημεῖον οὐ δοθήσεται αὐτῇ, εἰ μὴ τὸ σημεῖον Ἰωνᾶ. καὶ καταλιπὼν αὐτοὺς ἀπῆλθεν.
281005007b	Καὶ ἐλθόντες οἱ μαθηταὶ εἰς τὸ πέραν ἐπελάθοντο ἄρτους λαβεῖν.
28100600b3	ὁ δὲ Ἰησοῦς εἶπεν αὐτοῖς, Ὁρᾶτε καὶ προσέχετε ἀπὸ τῆς ζύμης τῶν Φαρισαίων καὶ Σαδδουκαίων.
281007007d	οἱ δὲ διελογίζοντο ἐν ἑαυτοῖς λέγοντες ὅτι Ἄρτους οὐκ ἐλάβομεν.
28100800af	γνοὺς δὲ ὁ Ἰησοῦς εἶπεν, Τί διαλογίζεσθε ἐν ἑαυτοῖς, ὀλιγόπιστοι, ὅτι ἄρτους οὐκ ἐλάβετε;
28100900ba	οὔπω νοεῖτε, οὐδὲ μνημονεύετε τοὺς πέντε ἄρτους τῶν πεντακισχιλίων, καὶ πόσους κοφίνους ἐλάβετε;
28100a0088	οὐδὲ τοὺς ἑπτὰ ἄρτους τῶν τετρακισχιλίων, καὶ πόσας σπυρίδας ἐλάβετε;
28100b00c7	πῶς οὐ νοεῖτε ὅτι οὐ περὶ ἄρτων εἶπον ὑμῖν; προσέχετε δὲ ἀπὸ τῆς ζύμης τῶν Φαρισαίων καὶ Σαδδουκαίων.
28100c00df	τότε συνῆκαν ὅτι οὐκ εἶπεν προσέχειν ἀπὸ τῆς ζύμης τῶν ἄρτων, ἀλλὰ ἀπὸ τῆς διδαχῆς τῶν Φαρισαίων καὶ Σαδδουκαίων.
28100d0115	Ἐλθὼν δὲ ὁ Ἰησοῦς εἰς τὰ μέρη Καισαρείας τῆς Φιλίππου ἠρώτα τοὺς μαθητὰς αὐτοῦ λέγων, Τίνα λέγουσιν οἱ ἄνθρωποι εἶναι τὸν υἱὸν τοῦ ἀνθρώπου;
28100e00be	οἱ δὲ εἶπαν, Οἱ μὲν Ἰωάννην τὸν Βαπτιστήν, ἄλλοι δὲ Ἡλίαν, ἕτεροι δὲ Ἱερεμίαν ἢ ἕνα τῶν προφητῶν.
28100f0055	λέγει αὐτοῖς, Ὑμεῖς δὲ τίνα με λέγετε εἶναι;
2810100099	ἀποκριθεὶς δὲ Σίμων Πέτρος εἶπεν, Σὺ εἶ ὁ χριστὸς ὁ υἱὸς τοῦ θεοῦ τοῦ ζῶντος.
2810110113	ἀποκριθεὶς δὲ ὁ Ἰησοῦς εἶπεν αὐτῷ, Μακάριος εἶ, Σίμων Βὰρ Ἰωνᾶ, ὅτι σὰρξ καὶ αἷμα οὐκ ἀπεκάλυψέν σοι, ἀλλ᾽ ὁ πατήρ μου ὁ ἐν [τοῖς] οὐρανοῖς.
28101200f7	κἀγὼ δέ σοὶ λέγω ὅτι σὺ εἶ Πέτρος, καὶ ἐπὶ ταύτῃ τῇ πέτρᾳ οἰκοδομήσω μου τὴν ἐκκλησίαν, καὶ πύλαι ᾅδου οὐ κατισχύσουσιν αὐτῆς.
281013015b	καὶ δώσω σοὶ τὰς κλεῖδας τῆς βασιλείας τῶν οὐρανῶν, καὶ ὃ ἂν δήσῃς ἐπὶ τῆς γῆς, ἔσται δεδεμένον ἐν τοῖς οὐρανοῖς, καὶ ὃ ἂν λύσῃς ἐπὶ τῆς γῆς, ἔσται λελυμένον ἐν τοῖς οὐρανοῖς.
2810140095	Τότε διεστείλατο τοῖς μαθηταῖς ἵνα μηδενὶ εἴπωσιν ὅτι αὐτός ἐστιν ὁ χριστός.
28101501a3	Ἀπὸ τότε ἤρξατο [ὁ] Ἰησοῦς δεικνύειν τοῖς μαθηταῖς αὐτοῦ ὅτι δεῖ αὐτὸν εἰς Ἱεροσόλυμα ἀπελθεῖν, καὶ πολλὰ παθεῖν ἀπὸ τῶν πρεσβυτέρων καὶ ἀρχιερέων καὶ γραμματέων, καὶ ἀποκτανθῆναι καὶ τῇ τρίτῃ ἡμέρᾳ ἐγερθῆναι.
28101600c5	καὶ προσλαβόμενος αὐτὸν ὁ Πέτρος ἤρξατο ἐπιτιμᾶν αὐτῷ λέγων, Ἵλεώς σοι, κύριε· οὐ μὴ ἔσται σοι τοῦτο.
28101700f1	ὁ δὲ στραφεὶς εἶπεν τῷ Πέτρῳ, Ὕπαγε ὀπίσω μου, σατανᾶ, σκάνδαλον εἶ ἐμοῦ. ὅτι οὐ φρονεῖς τὰ τοῦ θεοῦ, ἀλλὰ τὰ τῶν ἀνθρώπων.
2810180115	τότε ὁ Ἰησοῦς εἶπεν τοῖς μαθηταῖς αὐτοῦ, Εἴ τις θέλει ὀπίσω μου ἐλθεῖν, ἀπαρνησάσθω ἑαυτὸν καὶ ἀράτω τὸν σταυρὸν αὐτοῦ, καὶ ἀκολουθείτω μοι.
28101900ea	ὃς γὰρ ἐὰν θέλῃ τὴν ψυχὴν αὐτοῦ σῶσαι, ἀπολέσει αὐτήν· ὃς δ᾽ ἂν ἀπολέσῃ τὴν ψυχὴν αὐτοῦ ἕνεκεν ἐμοῦ, εὑρήσει αὐτήν·
28101a0108	τί γὰρ ὠφεληθήσεται ἄνθρωπος, ἐὰν τὸν κόσμον ὅλον κερδήσῃ, τὴν δὲ ψυχὴν αὐτοῦ ζημιωθῇ; ἢ τί δώσει ἄνθρωπος ἀντάλλαγμα τῆς ψυχῆς αὐτοῦ;
28101b0118	μέλλει γὰρ ὁ υἱὸς τοῦ ἀνθρώπου ἔρχεσθαι ἐν τῇ δόξῃ τοῦ πατρὸς αὐτοῦ μετὰ τῶν ἀγγέλων αὐτοῦ, καὶ τότε ἀποδώσει ἑκάστῳ κατὰ τὴν πρᾶξιν αὐτοῦ.
28101c011f	Ἀμὴν λέγω ὑμῖν, εἰσίν τινες τῶν ὧδε ἑστώτων, οἵτινες οὐ μὴ γεύσωνται θανάτου, ἕως ἂν ἴδωσιν τὸν υἱὸν τοῦ ἀνθρώπου ἐρχόμενον ἐν τῇ βασιλείᾳ αὐτοῦ.
281101011e	Καὶ μεθ᾽ ἡμέρας ἓξ παραλαμβάνει ὁ Ἰησοῦς τὸν Πέτρον καὶ Ἰάκωβον καὶ Ἰωάννην τὸν ἀδελφὸν αὐτοῦ, καὶ ἀναφέρει αὐτοὺς εἰς ὄρος ὑψηλὸν κατ᾽ ἰδίαν.
28110200eb	καὶ μετεμορφώθη ἔμπροσθεν αὐτῶν, καὶ ἔλαμψεν τὸ πρόσωπον αὐτοῦ ὡς ὁ ἥλιος, τὰ δὲ ἱμάτια αὐτοῦ ἐγένετο λευκὰ ὡς τὸ φῶς.
281103007f	καὶ ἰδοὺ ὤφθη αὐτοῖς Μωυσῆς καὶ Ἡλίας συλλαλοῦντες μετ᾽ αὐτοῦ.
2811040129	ἀποκριθεὶς δὲ ὁ Πέτρος εἶπεν τῷ Ἰησοῦ, Κύριε, καλόν ἐστιν ἡμᾶς ὧδε εἶναι· εἰ θέλεις, ποιήσωμεν ὧδε τρεῖς σκηνάς, σοὶ μίαν, καὶ Μωυσεῖ μίαν, καὶ Ἡλίᾳ μίαν.
2811050140	Ἔτι αὐτοῦ λαλοῦντος, ἰδοὺ νεφέλη φωτεινὴ ἐπεσκίασεν αὐτούς, καὶ ἰδοὺ φωνὴ ἐκ τῆς νεφέλης λέγουσα, Οὗτός ἐστιν ὁ υἱός μου ὁ ἀγαπητός, ἐν ᾧ ηὐδόκησα· ἀκούετε αὐτοῦ.
2811060095	καὶ ἀκούσαντες οἱ μαθηταὶ ἔπεσαν ἐπὶ πρόσωπον αὐτῶν, καὶ ἐφοβήθησαν σφόδρα.
2811070090	καὶ προσῆλθεν ὁ Ἰησοῦς, καὶ ἥψατο αὐτῶν εἶπεν, Ἐγέρθητε καὶ μὴ φοβεῖσθε.
281108008e	ἐπάραντες δὲ τοὺς ὀφθαλμοὺς αὐτῶν οὐδένα εἶδον εἰ μὴ τὸν Ἰησοῦν μόνον.
2811090117	Καὶ καταβαινόντων αὐτῶν ἐκ τοῦ ὄρους ἐνετείλατο αὐτοῖς ὁ Ἰησοῦς λέγων, Μηδενὶ εἴπητε τὸ ὅραμα, ἕως οὗ ὁ υἱὸς τοῦ ἀνθρώπου ἐκ νεκρῶν ἐγερθῇ.
28110a00c6	Καὶ ἐπηρώτησαν αὐτὸν οἱ μαθηταὶ λέγοντες, Τί οὖν οἱ γραμματεῖς λέγουσιν ὅτι Ἡλίαν δεῖ ἐλθεῖν πρῶτον;
28110b0082	ὁ δὲ ἀποκριθεὶς εἶπεν, Ἡλίας μὲν ἔρχεται καὶ ἀποκαταστήσει πάντα·
28110c012d	λέγω δὲ ὑμῖν ὅτι Ἡλίας ἤδη ἦλθεν, καὶ οὐκ ἐπέγνωσαν αὐτόν, ἀλλὰ ἐποίησαν ἐν αὐτῷ ὅσα ἠθέλησαν· οὕτως καὶ ὁ υἱὸς τοῦ ἀνθρώπου μέλλει πάσχειν ὑπ᾽ αὐτῶν.
28110d0088	τότε συνῆκαν οἱ μαθηταὶ ὅτι περὶ Ἰωάννου τοῦ βαπτιστοῦ εἶπεν αὐτοῖς.
28110e0089	Καὶ ἐλθόντων πρὸς τὸν ὄχλον προσῆλθεν αὐτῷ ἄνθρωπος γονυπετῶν αὐτὸν
28110f00f9	καὶ λέγων, Κύριε, ἐλέησόν μου τὸν υἱόν, ὅτι σεληνιάζεται καὶ κακῶς ἔχει· πολλάκις γὰρ πίπτει εἰς τὸ πῦρ, καὶ πολλάκις εἰς τὸ ὕδωρ.
2811100097	καὶ προσήνεγκα αὐτὸν τοῖς μαθηταῖς σου, καὶ οὐκ ἠδυνήθησαν αὐτὸν θεραπεῦσαι.
281111010c	ἀποκριθεὶς δὲ ὁ Ἰησοῦς εἶπεν, Ὦ γενεὰ ἄπιστος καὶ διεστραμμένη, ἕως πότε μεθ᾽ ὑμῶν ἔσομαι; ἕως πότε ἀνέξομαι ὑμῶν; φέρετέ μοι αὐτὸν ὧδε.
28111200dd	καὶ ἐπετίμησεν αὐτῷ ὁ Ἰησοῦς, καὶ ἐξῆλθεν ἀπ᾽ αὐτοῦ τὸ δαιμόνιον, καὶ ἐθεραπεύθη ὁ παῖς ἀπὸ τῆς ὥρας ἐκείνης.
28111300c3	Τότε προσελθόντες οἱ μαθηταὶ τῷ Ἰησοῦ κατ᾽ ἰδίαν εἶπον, Διὰ τί ἡμεῖς οὐκ ἠδυνήθημεν ἐκβαλεῖν αὐτό;
2811140173	ὁ δὲ λέγει αὐτοῖς, Διὰ τὴν ὀλιγοπιστίαν ὑμῶν· ἀμὴν γὰρ λέγω ὑμῖν, ἐὰν ἔχητε πίστιν ὡς κόκκον σινάπεως, ἐρεῖτε τῷ ὄρει τούτῳ, Μετάβα ἔνθεν ἐκεῖ, καὶ μεταβήσεται· καὶ οὐδὲν ἀδυνατήσει ὑμῖν.
2811150082	[τοῦτο δὲ τὸ γένος οὐκ ἐκπορεύεται, εἰ μὴ ἐν προσευχῇ καὶ νηστείᾳ.]
28111600f3	Συστρεφομένων δὲ αὐτῶν ἐν τῇ Γαλιλαίᾳ, εἶπεν αὐτοῖς ὁ Ἰησοῦς, Μέλλει ὁ υἱὸς τοῦ ἀνθρώπου παραδίδοσθαι εἰς χεῖρας ἀνθρώπων,
281117009b	καὶ ἀποκτενοῦσιν αὐτόν, καὶ τῇ τρίτῃ ἡμέρᾳ ἐγερθήσεται. καὶ ἐλυπήθησαν σφόδρα.
28111800ff	Ἐλθόντων δὲ αὐτῶν εἰς Καφαρναοὺμ προσῆλθον οἱ τὰ δίδραχμα λαμβάνοντες τῷ Πέτρῳ καὶ εἶπαν, Ὁ διδάσκαλος ὑμῶν οὐ τελεῖ τὰ δίδραχμα;
2811190173	λέγει, Ναί. Καὶ ἐλθόντα εἰς τὴν οἰκίαν προέφθασεν αὐτὸν ὁ Ἰησοῦς λέγων, Τί σοὶ δοκεῖ, Σίμων; οἱ βασιλεῖς τῆς γῆς ἀπὸ τίνων λαμβάνουσιν τέλη ἢ κῆνσον; ἀπὸ τῶν υἱῶν αὐτῶν, ἢ ἀπὸ τῶν ἀλλοτρίων;
28111a00a2	εἰπόντος δέ, Ἀπὸ τῶν ἀλλοτρίων, ἔφη αὐτῷ ὁ Ἰησοῦς, Ἄρα γε ἐλεύθεροί εἰσιν οἱ υἱοί.
28111b0186	ἵνα δὲ μὴ σκανδαλίσωμεν αὐτούς, πορευθεὶς εἰς θάλασσαν βάλε ἄγκιστρον, καὶ τὸν ἀναβάντα πρῶτον ἰχθὺν ἆρον· καὶ ἀνοίξας τὸ στόμα αὐτοῦ εὑρήσεις στατῆρα· ἐκεῖνον λαβὼν δὸς αὐτοῖς ἀντὶ ἐμοῦ καὶ σοῦ.
28120100d3	Ἐν ἐκείνῃ τῇ ὥρᾳ προσῆλθον οἱ μαθηταὶ τῷ Ἰησοῦ λέγοντες, Τίς ἄρα μείζων ἐστὶν ἐν τῇ βασιλείᾳ τῶν οὐρανῶν;
281202006d	καὶ προσκαλεσάμενος παιδίον ἔστησεν αὐτὸ ἐν μέσῳ αὐτῶν
28120300e3	καὶ εἶπεν, Ἀμὴν λέγω ὑμῖν, ἐὰν μὴ στραφῆτε καὶ γένησθε ὡς τὰ παιδία, οὐ μὴ εἰσέλθητε εἰς τὴν βασιλείαν τῶν οὐρανῶν.
28120400c0	ὅστις οὖν ταπεινώσει ἑαυτὸν ὡς τὸ παιδίον τοῦτο, οὗτός ἐστιν ὁ μείζων ἐν τῇ βασιλείᾳ τῶν οὐρανῶν.
281205008a	καὶ ὃς ἂν δέξηται ἓν παιδίον τοιοῦτον ἐπὶ τῷ ὀνόματί μου, ἐμὲ δέχεται·
281206015a	ὃς δ᾽ ἂν σκανδαλίσῃ ἕνα τῶν μικρῶν τούτων τῶν πιστευόντων εἰς ἐμέ, συμφέρει αὐτῷ ἵνα κρεμασθῇ μύλος ὀνικὸς περὶ τὸν τράχηλον αὐτοῦ, καὶ καταποντισθῇ ἐν τῷ πελάγει τῆς θαλάσσης.
28120700e3	Οὐαὶ τῷ κόσμῳ ἀπὸ τῶν σκανδάλων· ἀνάγκη γὰρ ἐλθεῖν τὰ σκάνδαλα, πλὴν οὐαὶ τῷ ἀνθρώπῳ δι᾽ οὗ τὸ σκάνδαλον ἔρχεται.
281208017c	εἰ δὲ ἡ χείρ σου ἢ ὁ πούς σου σκανδαλίζει σε, ἔκκοψον αὐτὸν καὶ βάλε ἀπὸ σοῦ· καλόν σοί ἐστιν εἰσελθεῖν εἰς τὴν ζωὴν χωλὸν ἢ κυλλόν, ἢ δύο χεῖρας ἢ δύο πόδας ἔχοντα βληθῆναι εἰς τὸ πῦρ τὸ αἰώνιον.
281209015c	καὶ εἰ ὁ ὀφθαλμός σου σκανδαλίζει σε, ἔξελε αὐτὸν καὶ βάλε ἀπὸ σοῦ· καλόν σοί ἐστιν μονόφθαλμον εἰς τὴν ζωὴν εἰσελθεῖν, ἢ δύο ὀφθαλμοὺς ἔχοντα βληθῆναι εἰς τὴν γέενναν τοῦ πυρός.
28120a013b	Ὁρᾶτε μὴ καταφρονήσητε ἑνὸς τῶν μικρῶν τούτων· λέγω γὰρ ὑμῖν ὅτι οἱ ἄγγελοι αὐτῶν ἐν οὐρανοῖς διὰ παντὸς βλέπουσιν τὸ πρόσωπον τοῦ πατρός μου τοῦ ἐν οὐρανοῖς.
28120c013b	Τί ὑμῖν δοκεῖ; ἐὰν γένηταί τινι ἀνθρώπῳ ἑκατὸν πρόβατα καὶ πλανηθῇ ἓν ἐξ αὐτῶν, οὐχὶ ἀφήσει τὰ ἐνενήκοντα ἐννέα ἐπὶ τὰ ὄρη, καὶ πορευθεὶς ζητεῖ τὸ πλανώμενον;
28120d00f6	καὶ ἐὰν γένηται εὑρεῖν αὐτό, ἀμὴν λέγω ὑμῖν, ὅτι χαίρει ἐπ᾽ αὐτῷ μᾶλλον, ἢ ἐπὶ τοῖς ἐνενήκοντα ἐννέα τοῖς μὴ πεπλανημένοις.
28120e00c2	οὕτως οὐκ ἔστιν θέλημα ἔμπροσθεν τοῦ πατρός μου τοῦ ἐν οὐρανοῖς, ἵνα ἀπόληται ἓν τῶν μικρῶν τούτων.
28120f00ff	Ἐὰν δὲ ἁμαρτήσῃ εἰς σὲ ὁ ἀδελφός σου, ὕπαγε ἔλεγξον αὐτὸν μεταξὺ σοῦ καὶ αὐτοῦ μόνου. ἐάν σου ἀκούσῃ, ἐκέρδησας τὸν ἀδελφόν σου·
28121000ce	ἐὰν δὲ μὴ ἀκούσῃ, παράλαβε μετὰ σοῦ ἔτι ἕνα ἢ δύο, ἵνα ἐπὶ στόματος δύο μαρτύρων ἢ τριῶν σταθῇ πᾶν ῥῆμα·
28121100ed	ἐὰν δὲ παρακούσῃ αὐτῶν, εἰπὲ τῇ ἐκκλησίᾳ· ἐὰν δὲ καὶ τῆς ἐκκλησίας παρακούσῃ, ἔστω σοὶ ὥσπερ ὁ ἐθνικὸς καὶ ὁ τελώνης.
281212010b	ἀμὴν λέγω ὑμῖν, ὅσα ἂν δήσητε ἐπὶ τῆς γῆς, ἔσται δεδεμένα ἐν [τῷ] οὐρανῷ· καὶ ὅσα ἐὰν λύσητε ἐπὶ τῆς γῆς, ἔσται λελυμένα ἐν [τῷ] οὐρανῷ.
281213013f	Πάλιν ἀμὴν λέγω ὑμῖν ὅτι ἐὰν δύο συμφωνήσωσιν ἐξ ὑμῶν ἐπὶ τῆς γῆς περὶ παντὸς πράγματος οὗ ἐὰν αἰτήσωνται, γενήσεται αὐτοῖς παρὰ τοῦ πατρός μου τοῦ ἐν οὐρανοῖς.
281214009d	οὗ γάρ εἰσιν δύο ἢ τρεῖς συνηγμένοι εἰς τὸ ἐμὸν ὄνομα, ἐκεῖ εἰμι ἐν μέσῳ αὐτῶν.
28121500d9	Τότε προσελθὼν ὁ Πέτρος εἶπεν αὐτῷ, Κύριε, ποσάκις ἁμαρτήσει εἰς ἐμὲ ὁ ἀδελφός μου καὶ ἀφήσω αὐτῷ; ἕως ἑπτάκις;
2812160095	λέγει αὐτῷ ὁ Ἰησοῦς, Οὐ λέγω σοι, ἕως ἑπτάκις, ἀλλὰ ἕως ἑβδομηκοντάκις ἑπτά.
28121700d3	διὰ τοῦτο ὡμοιώθη ἡ βασιλεία τῶν οὐρανῶν ἀνθρώπῳ βασιλεῖ, ὃς ἠθέλησεν συνᾶραι λόγον μετὰ τῶν δούλων αὐτοῦ.
2812180091	ἀρξαμένου δὲ αὐτοῦ συναίρειν, προσήχθη αὐτῷ εἷς ὀφειλέτης μυρίων ταλάντων.
2812190110	μὴ ἔχοντος δὲ αὐτοῦ ἀποδοῦναι, ἐκέλευσεν αὐτὸν ὁ κύριος πραθῆναι, καὶ τὴν γυναῖκα αὐτοῦ καὶ τὰ τέκνα, καὶ πάντα ὅσα ἔχει, καὶ ἀποδοθῆναι.
28121a00a7	πεσὼν οὖν ὁ δοῦλος προσεκύνει αὐτῷ λέγων, Μακροθύμησον ἐπ᾽ ἐμέ, καὶ πάντα ἀποδώσω σοι.
28121b00ae	σπλαγχνισθεὶς δὲ ὁ κύριος τοῦ δούλου ἐκείνου ἀπέλυσεν αὐτόν, καὶ τὸ δάνειον ἀφῆκεν αὐτῷ.
28121c0124	ἐξελθὼν δὲ ὁ δοῦλος ἐκεῖνος εὗρεν ἕνα τῶν συνδούλων αὐτοῦ, ὃς ὤφειλεν αὐτῷ ἑκατὸν δηνάρια, καὶ κρατήσας αὐτὸν ἔπνιγεν λέγων, Ἀπόδος εἴ τι ὀφείλεις.
28121d00ae	πεσὼν οὖν ὁ σύνδουλος αὐτοῦ παρεκάλει αὐτὸν λέγων, Μακροθύμησον ἐπ᾽ ἐμέ, καὶ ἀποδώσω σοι.
28121e00a3	ὁ δὲ οὐκ ἤθελεν, ἀλλὰ ἀπελθὼν ἔβαλεν αὐτὸν εἰς φυλακήν, ἕως ἀποδῷ τὸ ὀφειλόμενον.
28121f00ec	ἰδόντες οὖν οἱ σύνδουλοι αὐτοῦ τὰ γενόμενα ἐλυπήθησαν σφόδρα· καὶ ἐλθόντες διεσάφησαν τῷ κυρίῳ ἑαυτῶν πάντα τὰ γενόμενα.
28122000f6	τότε προσκαλεσάμενος αὐτὸν ὁ κύριος αὐτοῦ λέγει αὐτῷ, Δοῦλε πονηρέ, πᾶσαν τὴν ὀφειλὴν ἐκείνην ἀφῆκά σοι, ἐπεὶ παρεκάλεσάς με·
2812210079	οὐκ ἔδει καὶ σὲ ἐλεῆσαι τὸν σύνδουλόν σου, ὡς κἀγὼ σὲ ἠλέησα;
28122200bf	καὶ ὀργισθεὶς ὁ κύριος αὐτοῦ παρέδωκεν αὐτὸν τοῖς βασανισταῖς, ἕως οὗ ἀποδῷ πᾶν τὸ ὀφειλόμενον.
28122300d5	Οὕτως καὶ ὁ πατήρ μου ὁ οὐράνιος ποιήσει ὑμῖν, ἐὰν μὴ ἀφῆτε ἕκαστος τῷ ἀδελφῷ αὐτοῦ ἀπὸ τῶν καρδιῶν ὑμῶν.
281301010b	Καὶ ἐγένετο ὅτε ἐτέλεσεν ὁ Ἰησοῦς τοὺς λόγους τούτους, μετῆρεν ἀπὸ τῆς Γαλιλαίας καὶ ἦλθεν εἰς τὰ ὅρια τῆς Ἰουδαίας πέραν τοῦ Ἰορδάνου.
281302007f	καὶ ἠκολούθησαν αὐτῷ ὄχλοι πολλοί, καὶ ἐθεράπευσεν αὐτοὺς ἐκεῖ.
28130300fc	Καὶ προσῆλθον αὐτῷ Φαρισαῖοι πειράζοντες αὐτὸν καὶ λέγοντες, Εἰ ἔξεστιν ἀνθρώπῳ ἀπολῦσαι τὴν γυναῖκα αὐτοῦ κατὰ πᾶσαν αἰτίαν;
28130400b5	ὁ δὲ ἀποκριθεὶς εἶπεν, Οὐκ ἀνέγνωτε ὅτι ὁ κτίσας ἀπ᾽ ἀρχῆς ἄρσεν καὶ θῆλυ ἐποίησεν αὐτούς,
281305010f	καὶ εἶπεν, Ἕνεκα τούτου καταλείψει ἄνθρωπος τὸν πατέρα καὶ τὴν μητέρα· καὶ κολληθήσεται τῇ γυναικὶ αὐτοῦ, καὶ ἔσονται οἱ δύο εἰς σάρκα μίαν;
28130600a4	ὥστε οὐκέτι εἰσὶν δύο, ἀλλὰ σὰρξ μία· ὃ οὖν ὁ θεὸς συνέζευξεν, ἄνθρωπος μὴ χωριζέτω.
281307009d	λέγουσιν αὐτῷ, Τί οὖν Μωυσῆς ἐνετείλατο δοῦναι βιβλίον ἀποστασίου, καὶ ἀπολῦσαι;
28130800ff	λέγει αὐτοῖς, Ὅτι Μωυσῆς πρὸς τὴν σκληροκαρδίαν ὑμῶν ἐπέτρεψεν ὑμῖν ἀπολῦσαι τὰς γυναῖκας ὑμῶν· ἀπ᾽ ἀρχῆς δὲ οὐ γέγονεν οὕτως.
28130900fb	λέγω δὲ ὑμῖν, ὃς ἂν ἀπολύσῃ τὴν γυναῖκα αὐτοῦ μὴ ἐπὶ πορνείᾳ καὶ γαμήσῃ ἄλλην, μοιχᾶται· [καὶ ὁ ἀπολελυμένην γαμήσας μοιχᾶται]
28130a00d4	λέγουσιν αὐτῷ οἱ μαθηταὶ αὐτοῦ, Εἰ οὕτως ἐστὶν ἡ αἰτία τοῦ ἀνθρώπου μετὰ τῆς γυναικός, οὐ συμφέρει γαμῆσαι.
28130b008f	ὁ δὲ εἶπεν αὐτοῖς, Οὐ πάντες χωροῦσιν τὸν λόγον τοῦτον, ἀλλ᾽ οἷς δέδοται.
28130c01c5	εἰσὶν γὰρ εὐνοῦχοι οἵτινες ἐκ κοιλίας μητρὸς ἐγεννήθησαν οὕτως, καί εἰσιν εὐνοῦχοι οἵτινες εὐνουχίσθησαν ὑπὸ τῶν ἀνθρώπων, καὶ εἰσιν εὐνοῦχοι οἵτινες εὐνούχισαν ἑαυτοὺς διὰ τὴν βασιλείαν τῶν οὐρανῶν. ὁ δυνάμενος χωρεῖν χωρείτω.
28130d00da	Τότε προσηνέχθησαν αὐτῷ παιδία, ἵνα τὰς χεῖρας ἐπιθῇ αὐτοῖς καὶ προσεύξηται· οἱ δὲ μαθηταὶ ἐπετίμησαν αὐτοῖς·
28130e00e9	ὁ δὲ Ἰησοῦς εἶπεν, Ἄφετε τὰ παιδία, καὶ μὴ κωλύετε αὐτὰ ἐλθεῖν πρός με· τῶν γὰρ τοιούτων ἐστὶν ἡ βασιλεία τῶν οὐρανῶν.
28130f0061	καὶ ἐπιθεὶς τὰς χεῖρας αὐτοῖς ἐπορεύθη ἐκεῖθεν.
28131000a7	Καὶ ἰδοὺ εἷς προσελθὼν αὐτῷ εἶπεν, Διδάσκαλε, τί ἀγαθὸν ποιήσω, ἵνα σχῶ ζωὴν αἰώνιον;
28131100f0	Ὁ δὲ εἶπεν αὐτῷ, Τί με ἐρωτᾷς περὶ τοῦ ἀγαθοῦ; εἷς ἐστιν ὁ ἀγαθός, εἰ δὲ θέλεις εἰς τὴν ζωὴν εἰσελθεῖν, τήρει τὰς ἐντολάς.
28131200c6	λέγει αὐτῷ, Ποίας; Ὁ δὲ Ἰησοῦς εἶπεν, Τό, οὐ φονεύσεις· οὐ μοιχεύσεις· οὐ κλέψεις· οὐ ψευδομαρτυρήσεις·
281313008c	τίμα τὸν πατέρα καὶ τὴν μητέρα· καί, ἀγαπήσεις τὸν πλησίον σου ὡς σεαυτόν.
2813140072	λέγει αὐτῷ ὁ νεανίσκος, Ταῦτα πάντα ἐφύλαξα, τί ἔτι ὑστερῶ;
281315012d	ἔφη αὐτῷ ὁ Ἰησοῦς, Εἰ θέλεις τέλειος εἶναι, ὕπαγε πώλησόν σου τὰ ὑπάρχοντα καὶ δὸς τοῖς πτωχοῖς· καὶ ἕξεις θησαυρὸν ἐν οὐρανοῖς καὶ δεῦρο, ἀκολούθει μοι.
281316009b	ἀκούσας δὲ ὁ νεανίσκος τὸν λόγον ἀπῆλθεν λυπούμενος· ἦν γὰρ ἔχων κτήματα πολλά·
28131700ee	Ὁ δὲ Ἰησοῦς εἶπεν τοῖς μαθηταῖς αὐτοῦ, Ἀμὴν λέγω ὑμῖν ὅτι πλούσιος δυσκόλως εἰσελεύσεται εἰς τὴν βασιλείαν τῶν οὐρανῶν.
2813180104	πάλιν δὲ λέγω ὑμῖν, εὐκοπώτερόν ἐστιν κάμηλον διὰ τρυπήματος ῥαφίδος εἰσελθεῖν, ἢ πλούσιον [εἰσελθεῖν] εἰς τὴν βασιλείαν τῶν οὐρανῶν.
2813190099	ἀκούσαντες δὲ οἱ μαθηταὶ ἐξεπλήσσοντο σφόδρα λέγοντες, Τίς ἄρα δύναται σωθῆναι;
28131a00c0	Ἐμβλέψας δὲ ὁ Ἰησοῦς εἶπεν αὐτοῖς, Παρὰ ἀνθρώποις τοῦτο ἀδύνατόν ἐστιν, παρὰ δὲ θεῷ πάντα δυνατά.
28131b00cf	Τότε ἀποκριθεὶς ὁ Πέτρος εἶπεν αὐτῷ, Ἰδοὺ ἡμεῖς ἀφήκαμεν πάντα καὶ ἠκολουθήσαμέν σοι· τί ἄρα ἔσται ἡμῖν;
28131c01c4	ὁ δὲ Ἰησοῦς εἶπεν αὐτοῖς, Ἀμὴν λέγω ὑμῖν ὅτι ὑμεῖς οἱ ἀκολουθήσαντές μοι, ἐν τῇ παλιγγενεσίᾳ, ὅταν καθίσῃ ὁ υἱὸς τοῦ ἀνθρώπου ἐπὶ θρόνου δόξης αὐτοῦ, καθίσεσθε καὶ αὐτοὶ ἐπὶ δώδεκα θρόνους, κρίνοντες τὰς δώδεκα φυλὰς τοῦ Ἰσραήλ.
28131d0141	καὶ πᾶς ὅστις ἀφῆκεν ἀδελφοὺς ἢ ἀδελφὰς ἢ πατέρα ἢ μητέρα ἢ τέκνα ἢ ἀγροὺς ἢ οἰκίας ἕνεκεν τοῦ ὀνόματός μου, πολλαπλασίονα λήμψεται, καὶ ζωὴν αἰώνιον κληρονομήσει.
28131e0069	Πολλοὶ δὲ ἔσονται πρῶτοι ἔσχατοι, καὶ ἔσχατοι πρῶτοι.
28140100fe	ὁμοία γάρ ἐστιν ἡ βασιλεία τῶν οὐρανῶν ἀνθρώπῳ οἰκοδεσπότῃ, ὅστις ἐξῆλθεν ἅμα πρωῒ μισθώσασθαι ἐργάτας εἰς τὸν ἀμπελῶνα αὐτοῦ.
28140200c1	συμφωνήσας δὲ μετὰ τῶν ἐργατῶν ἐκ δηναρίου τὴν ἡμέραν, ἀπέστειλεν αὐτοὺς εἰς τὸν ἀμπελῶνα αὐτοῦ.
281403008d	καὶ ἐξελθὼν περὶ τρίτην ὥραν εἶδεν ἄλλους ἑστῶτας ἐν τῇ ἀγορᾷ ἀργούς·
28140400a6	κἀκείνοις εἶπεν, Ὑπάγετε καὶ ὑμεῖς εἰς τὸν ἀμπελῶνα, καὶ ὃ ἐὰν ᾖ δίκαιον δώσω ὑμῖν.
2814050098	οἱ δὲ ἀπῆλθον. πάλιν δὲ ἐξελθὼν περὶ ἕκτην καὶ ἐνάτην ὥραν ἐποίησεν ὡσαύτως.
28140600d6	περὶ δὲ τὴν ἑνδεκάτην ἐξελθὼν εὗρεν ἄλλους ἑστῶτας καὶ λέγει αὐτοῖς, Τί ὧδε ἑστήκατε ὅλην τὴν ἡμέραν ἀργοί;
28140700b9	λέγουσιν αὐτῷ, Ὅτι οὐδεὶς ἡμᾶς ἐμισθώσατο. λέγει αὐτοῖς, Ὑπάγετε καὶ ὑμεῖς εἰς τὸν ἀμπελῶνα.
281408013e	Ὀψίας δὲ γενομένης λέγει ὁ κύριος τοῦ ἀμπελῶνος τῷ ἐπιτρόπῳ αὐτοῦ, Κάλεσον τοὺς ἐργάτας, καὶ ἀπόδος [αὐτοῖς] τὸν μισθόν, ἀρξάμενος ἀπὸ τῶν ἐσχάτων ἕως τῶν πρώτων.
2814090078	καὶ ἐλθόντες οἱ περὶ τὴν ἑνδεκάτην ὥραν ἔλαβον ἀνὰ δηνάριον.
28140a00b6	καὶ ἐλθόντες οἱ πρῶτοι ἐνόμισαν ὅτι πλεῖον λήμψονται· καὶ ἔλαβον τὸ ἀνὰ δηνάριον καὶ αὐτοί·
28140b0056	λαβόντες δὲ ἐγόγγυζον κατὰ τοῦ οἰκοδεσπότου
28140c0100	λέγοντες, Οὗτοι οἱ ἔσχατοι μίαν ὥραν ἐποίησαν, καὶ ἴσους ἡμῖν αὐτοὺς ἐποίησας, τοῖς βαστάσασιν τὸ βάρος τῆς ἡμέρας καὶ τὸν καύσωνα.
28140d00aa	ὁ δὲ ἀποκριθεὶς εἶπεν ἑνὶ αὐτῶν, Ἑταῖρε, οὐκ ἀδικῶ σε· οὐχὶ δηναρίου συνεφώνησάς μοι;
28140e0081	ἆρον τὸ σὸν καὶ ὕπαγε. θέλω δὲ τούτῳ τῷ ἐσχάτῳ δοῦναι ὡς καὶ σοί·
28140f00c0	οὐκ ἔξεστίν μοι ὃ θέλω ποιῆσαι ἐν τοῖς ἐμοῖς; ἢ ὁ ὀφθαλμός σου πονηρός ἐστιν, ὅτι ἐγὼ ἀγαθός εἰμι;
28141000c6	οὕτως ἔσονται οἱ ἔσχατοι πρῶτοι, καὶ οἱ πρῶτοι ἔσχατοι· [πολλοὶ γάρ εἰσιν κλητοί, ὀλίγοι δὲ ἐκλεκτοί.]
28141100c6	Καὶ ἀναβαίνων ὁ Ἰησοῦς εἰς Ἱεροσόλυμα παρέλαβεν τοὺς δώδεκα κατ᾽ ἰδίαν, καὶ ἐν τῇ ὁδῷ εἶπεν αὐτοῖς,
2814120113	Ἰδοὺ ἀναβαίνομεν εἰς Ἱεροσόλυμα, καὶ ὁ υἱὸς τοῦ ἀνθρώπου παραδοθήσεται τοῖς ἀρχιερεῦσιν καὶ γραμματεῦσιν, καὶ κατακρινοῦσιν αὐτὸν θανάτῳ,
28141300e4	καὶ παραδώσουσιν αὐτὸν τοῖς ἔθνεσιν εἰς τὸ ἐμπαῖξαι καὶ μαστιγῶσαι καὶ σταυρῶσαι· καὶ τῇ τρίτῃ ἡμέρᾳ ἐγερθήσεται.
28141400d4	Τότε προσῆλθεν αὐτῷ ἡ μήτηρ τῶν υἱῶν Ζεβεδαίου μετὰ τῶν υἱῶν αὐτῆς, προσκυνοῦσα καὶ αἰτοῦσά τι ἀπ᾽ αὐτοῦ.
2814150113	ὁ δὲ εἶπεν αὐτῇ, Τί θέλεις; λέγει αὐτῷ, Εἰπὲ ἵνα καθίσωσιν οὗτοι οἱ δύο υἱοί μου εἷς ἐκ δεξιῶν σου καὶ εἷς ἐξ εὐωνύμων σου ἐν τῇ βασιλείᾳ σου.
28141600f2	ἀποκριθεὶς δὲ ὁ Ἰησοῦς εἶπεν, Οὐκ οἴδατε τί αἰτεῖσθε. δύνασθε πιεῖν τὸ ποτήριον ὃ ἐγὼ μέλλω πίνειν; λέγουσιν αὐτῷ, Δυνάμεθα.
2814170122	λέγει αὐτοῖς, Τὸ μὲν ποτήριόν μου πίεσθε, τὸ δὲ καθίσαι ἐκ δεξιῶν μου καὶ ἐξ εὐωνύμων, οὐκ ἔστιν ἐμὸν δοῦναι, ἀλλ᾽ οἷς ἡτοίμασται ὑπὸ τοῦ πατρός μου.
281418006f	καὶ ἀκούσαντες οἱ δέκα ἠγανάκτησαν περὶ τῶν δύο ἀδελφῶν.
281419010f	ὁ δὲ Ἰησοῦς προσκαλεσάμενος αὐτοὺς εἶπεν, Οἴδατε ὅτι οἱ ἄρχοντες τῶν ἐθνῶν κατακυριεύουσιν αὐτῶν, καὶ οἱ μεγάλοι κατεξουσιάζουσιν αὐτῶν.
28141a00ab	οὐχ οὕτως ἐστὶν ἐν ὑμῖν, ἀλλ᾽ ὃς ἂν θέλῃ ἐν ὑμῖν μέγας γενέσθαι, ἔσται ὑμῶν διάκονος·
28141b0070	καὶ ὃς ἂν θέλῃ ἐν ὑμῖν εἶναι πρῶτος, ἔσται ὑμῶν δοῦλος·
28141c00e2	ὥσπερ ὁ υἱὸς τοῦ ἀνθρώπου οὐκ ἦλθεν διακονηθῆναι, ἀλλὰ διακονῆσαι καὶ δοῦναι τὴν ψυχὴν αὐτοῦ λύτρον ἀντὶ πολλῶν.
28141d0083	Καὶ ἐκπορευομένων αὐτῶν ἀπὸ Ἱεριχὼ ἠκολούθησεν αὐτῷ ὄχλος πολύς.
28141e00f6	καὶ ἰδοὺ δύο τυφλοὶ καθήμενοι παρὰ τὴν ὁδόν, ἀκούσαντες ὅτι Ἰησοῦς παράγει ἔκραξαν λέγοντες, Κύριε, ἐλέησον ἡμᾶς, υἱὸς Δαυείδ.
28141f00d5	ὁ δὲ ὄχλος ἐπετίμησεν αὐτοῖς ἵνα σιωπήσωσιν. οἱ δὲ μεῖζον ἔκραξαν λέγοντες, Κύριε, ἐλέησον ἡμᾶς, υἱὸς Δαυείδ.
2814200085	καὶ στὰς ὁ Ἰησοῦς ἐφώνησεν αὐτοὺς καὶ εἶπεν, Τί θέλετε ποιήσω ὑμῖν;
281421006a	λέγουσιν αὐτῷ, Κύριε, ἵνα ἀνοιγῶσιν οἱ ὀφθαλμοὶ ἡμῶν.
28142200bd	σπλαγχνισθεὶς δὲ ὁ Ἰησοῦς ἥψατο τῶν ὀμμάτων αὐτῶν, καὶ εὐθέως ἀνέβλεψαν, καὶ ἠκολούθησαν αὐτῷ.
28150100e2	Καὶ ὅτε ἤγγισαν εἰς Ἱεροσόλυμα καὶ ἦλθον εἰς Βηθφαγῆ εἰς τὸ ὄρος τῶν ἐλαιῶν, τότε ὁ Ἰησοῦς ἀπέστειλεν δύο μαθητάς,
2815020108	λέγων αὐτοῖς, Πορεύεσθε εἰς τὴν κώμην τὴν κατέναντι ὑμῶν· καὶ εὐθέως εὑρήσετε ὄνον δεδεμένην, καὶ πῶλον μετ᾽ αὐτῆς· λύσαντες ἄγετέ μοι.
28150300b6	καὶ ἐάν τις ὑμῖν εἴπῃ τι, ἐρεῖτε ὅτι ὁ κύριος αὐτῶν χρείαν ἔχει, εὐθὺς δὲ ἀποστελεῖ αὐτούς.
281504007e	τοῦτο δὲ γέγονεν ἵνα πληρωθῇ τὸ ῥηθὲν διὰ τοῦ προφήτου λέγοντος,
28150500e7	Εἴπατε τῇ θυγατρὶ Σιών, Ἰδοὺ ὁ βασιλεύς σου ἔρχεταί σοι, πραῢς καὶ ἐπιβεβηκὼς ἐπὶ ὄνον καὶ ἐπὶ πῶλον υἱὸν ὑποζυγίου.
2815060091	Πορευθέντες δὲ οἱ μαθηταὶ καὶ ποιήσαντες καθὼς συνέταξεν αὐτοῖς ὁ Ἰησοῦς,
28150700b9	ἤγαγον τὴν ὄνον καὶ τὸν πῶλον, καὶ ἐπέθηκαν ἐπ᾽ αὐτῶν τὰ ἱμάτια, καὶ ἐπεκάθισεν ἐπάνω αὐτῶν.
28150800f8	ὁ δὲ πλεῖστος ὄχλος ἔστρωσαν ἑαυτῶν τὰ ἱμάτια ἐν τῇ ὁδῷ, ἄλλοι δὲ ἔκοπτον κλάδους ἀπὸ τῶν δένδρων, καὶ ἐστρώννυον ἐν τῇ ὁδῷ.
281509013f	οἱ δὲ ὄχλοι οἱ προάγοντες αὐτὸν καὶ οἱ ἀκολουθοῦντες ἔκραζον λέγοντες, Ὡσαννὰ τῷ υἱῷ Δαυείδ, εὐλογημένος ὁ ἐρχόμενος ἐν ὀνόματι κυρίου· ὡσαννὰ ἐν τοῖς ὑψίστοις.
28150a00a3	καὶ εἰσελθόντος αὐτοῦ εἰς Ἱεροσόλυμα ἐσείσθη πᾶσα ἡ πόλις λέγουσα, Τίς ἐστιν οὗτος;
28150b009c	οἱ δὲ ὄχλοι ἔλεγον, Οὗτός ἐστιν ὁ προφήτης Ἰησοῦς, ὁ ἀπὸ Ναζαρὲθ τῆς Γαλιλαίας.
28150c0175	Καὶ εἰσῆλθεν Ἰησοῦς εἰς τὸ ἱερὸν, καὶ ἐξέβαλεν πάντας τοὺς πωλοῦντας καὶ ἀγοράζοντας ἐν τῷ ἱερῷ, καὶ τὰς τραπέζας τῶν κολλυβιστῶν κατέστρεψεν, καὶ τὰς καθέδρας τῶν πωλούντων τὰς περιστεράς,
28150d00d4	καὶ λέγει αὐτοῖς, Γέγραπται, Ὁ οἶκός μου οἶκος προσευχῆς κληθήσεται· ὑμεῖς δὲ αὐτὸν ποιεῖτε σπήλαιον ληστῶν.
28150e008f	Καὶ προσῆλθον αὐτῷ τυφλοὶ καὶ χωλοὶ ἐν τῷ ἱερῷ, καὶ ἐθεράπευσεν αὐτούς.
28150f0135	ἰδόντες δὲ οἱ ἀρχιερεῖς καὶ οἱ γραμματεῖς τὰ θαυμάσια ἃ ἐποίησεν, καὶ τοὺς παῖδας τοὺς κράζοντας ἐν τῷ ἱερῷ καὶ λέγοντας, Ὡσαννὰ τῷ υἱῷ Δαυείδ, ἠγανάκτησαν,
281510011b	καὶ εἶπαν αὐτῷ, Ἀκούεις τί οὗτοι λέγουσιν; ὁ δὲ Ἰησοῦς λέγει αὐτοῖς, Ναί. οὐδέποτε ἀνέγνωτε ὅτι ἐκ στόματος νηπίων καὶ θηλαζόντων κατηρτίσω αἶνον;
2815110095	καὶ καταλιπὼν αὐτοὺς ἐξῆλθεν ἔξω τῆς πόλεως εἰς Βηθανίαν καὶ ηὐλίσθη ἐκεῖ.
2815120051	Πρωῒ δὲ ἐπανάγων εἰς τὴν πόλιν ἐπείνασεν,
281513016e	καὶ ἰδὼν συκῆν μίαν ἐπὶ τῆς ὁδοῦ, ἦλθεν ἐπ᾽ αὐτήν, καὶ οὐδὲν εὗρεν ἐν αὐτῇ εἰ μὴ φύλλα μόνον· καὶ λέγει αὐτῇ, Μηκέτι ἐκ σοῦ καρπὸς γένηται εἰς τὸν αἰῶνα. καὶ ἐξηράνθη παραχρῆμα ἡ συκῆ.
2815140090	καὶ ἰδόντες οἱ μαθηταὶ ἐθαύμασαν λέγοντες, Πῶς παραχρῆμα ἐξηράνθη ἡ συκῆ;
2815150189	Ἀποκριθεὶς δὲ ὁ Ἰησοῦς εἶπεν αὐτοῖς, Ἀμὴν λέγω ὑμῖν, ἐὰν ἔχητε πίστιν καὶ μὴ διακριθῆτε, οὐ μόνον τὸ τῆς συκῆς ποιήσετε, ἀλλὰ κἂν τῷ ὄρει τούτῳ εἴπητε, Ἄρθητι καὶ βλήθητι εἰς τὴν θάλασσαν, γενήσεται·
281516007d	καὶ πάντα ὅσα ἐὰν αἰτήσητε ἐν τῇ προσευχῇ πιστεύοντες, λήμψεσθε.
2815170161	Καὶ ἐλθόντος αὐτοῦ εἰς τὸ ἱερὸν προσῆλθον αὐτῷ διδάσκοντι οἱ ἀρχιερεῖς καὶ οἱ πρεσβύτεροι τοῦ λαοῦ λέγοντες, Ἐν ποίᾳ ἐξουσίᾳ ταῦτα ποιεῖς; καὶ τίς σοι ἔδωκεν τὴν ἐξουσίαν ταύτην;
2815180100	ἀποκριθεὶς δὲ ὁ Ἰησοῦς εἶπεν αὐτοῖς, Ἐρωτήσω ὑμᾶς κἀγὼ λόγον ἕνα, ὃν ἐὰν εἴπητέ μοι κἀγὼ ὑμῖν ἐρῶ ἐν ποίᾳ ἐξουσίᾳ ταῦτα ποιῶ.
281519014b	τὸ βάπτισμα τὸ Ἰωάννου πόθεν ἦν; ἐξ οὐρανοῦ, ἢ ἐξ ἀνθρώπων; οἱ δὲ διελογίζοντο ἐν ἑαυτοῖς λέγοντες, Ἐὰν εἴπωμεν, Ἐξ οὐρανοῦ, ἐρεῖ ἡμῖν, Διὰ τί οὖν οὐκ ἐπιστεύσατε αὐτῷ;
28151a00b6	ἐὰν δὲ εἴπωμεν, Ἐξ ἀνθρώπων, φοβούμεθα τὸν ὄχλον· πάντες γὰρ ὡς προφήτην ἔχουσιν τὸν Ἰωάννην.
28151b00e6	καὶ ἀποκριθέντες τῷ Ἰησοῦ εἶπον, Οὐκ οἴδαμεν. Ἔφη αὐτοῖς καὶ αὐτός, Οὐδὲ ἐγὼ λέγω ὑμῖν ἐν ποίᾳ ἐξουσίᾳ ταῦτα ποιῶ.
28151c00e7	Τί δὲ ὑμῖν δοκεῖ; ἄνθρωπος εἶχεν τέκνα δύο, καὶ προσελθὼν τῷ πρώτῳ εἶπεν, Τέκνον, ὕπαγε σήμερον ἐργάζου ἐν τῷ ἀμπελῶνι.
28151d0080	ὁ δὲ ἀποκριθεὶς εἶπεν, Οὐ θέλω· ὕστερον δὲ μεταμεληθεὶς ἀπῆλθεν.
28151e00b2	προσελθὼν δὲ τῷ δευτέρῳ εἶπεν ὡσαύτως. ὁ δὲ ἀποκριθεὶς εἶπεν, Ἐγώ, κύριε· καὶ οὐκ ἀπῆλθεν.
28151f0159	τίς ἐκ τῶν δύο ἐποίησεν τὸ θέλημα τοῦ πατρός; λέγουσιν, Ὁ ὕστερος. λέγει αὐτοῖς ὁ Ἰησοῦς, Ἀμὴν λέγω ὑμῖν ὅτι οἱ τελῶναι καὶ αἱ πόρναι προάγουσιν ὑμᾶς εἰς τὴν βασιλείαν τοῦ θεοῦ.
281520016c	ἦλθεν γὰρ Ἰωάννης πρὸς ὑμᾶς ἐν ὁδῷ δικαιοσύνης, καὶ οὐκ ἐπιστεύσατε αὐτῷ· οἱ δὲ τελῶναι καὶ αἱ πόρναι ἐπίστευσαν αὐτῷ, ὑμεῖς δὲ ἰδόντες οὐδὲ μετεμελήθητε ὕστερον τοῦ πιστεῦσαι αὐτῷ.
2815210187	Ἄλλην παραβολὴν ἀκούσατε. ἄνθρωπος ἦν οἰκοδεσπότης, ὅστις ἐφύτευσεν ἀμπελῶνα, καὶ φραγμὸν αὐτῷ περιέθηκεν, καὶ ὤρυξεν ἐν αὐτῷ ληνόν, καὶ ῷκοδόμησεν πύργον, καὶ ἐξέδoτο αὐτὸν γεωργοῖς, καὶ ἀπεδήμησεν.
28152200df	ὅτε δὲ ἤγγισεν ὁ καιρὸς τῶν καρπῶν, ἀπέστειλεν τοὺς δούλους αὐτοῦ πρὸς τοὺς γεωργοὺς λαβεῖν τοὺς καρποὺς αὐτοῦ·
28152300be	καὶ λαβόντες οἱ γεωργοὶ τοὺς δούλους αὐτοῦ, ὃν μὲν ἔδειραν, ὃν δὲ ἀπέκτειναν, ὃν δὲ ἐλιθοβόλησαν.
281524009e	πάλιν ἀπέστειλεν ἄλλους δούλους πλείονας τῶν πρώτων, καὶ ἐποίησαν αὐτοῖς ὡσαύτως.
28152500a6	ὕστερον δὲ ἀπέστειλεν πρὸς αὐτοὺς τὸν υἱὸν αὐτοῦ λέγων, Ἐντραπήσονται τὸν υἱόν μου.
281526010c	οἱ δὲ γεωργοὶ ἰδόντες τὸν υἱὸν εἶπον ἐν ἑαυτοῖς, Οὗτός ἐστιν ὁ κληρονόμος· δεῦτε, ἀποκτείνωμεν αὐτόν, καὶ σχῶμεν τὴν κληρονομίαν αὐτοῦ.
281527007b	καὶ λαβόντες αὐτὸν ἐξέβαλον ἔξω τοῦ ἀμπελῶνος καὶ ἀπέκτειναν.
281528008e	ὅταν οὖν ἔλθῃ ὁ κύριος τοῦ ἀμπελῶνος, τί ποιήσει τοῖς γεωργοῖς ἐκείνοις;
281529012a	λέγουσιν αὐτῷ, Κακοὺς κακῶς ἀπολέσει αὐτούς, καὶ τὸν ἀμπελῶνα ἐκδώσεται ἄλλοις γεωργοῖς, οἵτινες ἀποδώσουσιν αὐτῷ τοὺς καρποὺς ἐν τοῖς καιροῖς αὐτῶν.
28152a0182	λέγει αὐτοῖς ὁ Ἰησοῦς, Οὐδέποτε ἀνέγνωτε ἐν ταῖς γραφαῖς, Λίθον ὃν ἀπεδοκίμασαν οἱ οἰκοδομοῦντες, οὗτος ἐγενήθη εἰς κεφαλὴν γωνίας. παρὰ κυρίου ἐγένετο αὕτη, καὶ ἔστιν θαυμαστὴ ἐν ὀφθαλμοῖς ἡμῶν;
28152b00e0	διὰ τοῦτο λέγω ὑμῖν ὅτι ἀρθήσεται ἀφ᾽ ὑμῶν ἡ βασιλεία τοῦ θεοῦ, καὶ δοθήσεται ἔθνει ποιοῦντι τοὺς καρποὺς αὐτῆς.
28152c00a4	καὶ ὁ πεσὼν ἐπὶ τὸν λίθον τοῦτον συνθλασθήσεται· ἐφ᾽ ὃν δ᾽ ἂν πέσῃ, λικμήσει αὐτόν.
28152d00bf	Καὶ ἀκούσαντες οἱ ἀρχιερεῖς καὶ οἱ Φαρισαῖοι τὰς παραβολὰς αὐτοῦ ἔγνωσαν ὅτι περὶ αὐτῶν λέγει·
28152e00a8	καὶ ζητοῦντες αὐτὸν κρατῆσαι, ἐφοβήθησαν τοὺς ὄχλους, ἐπεὶ εἰς προφήτην αὐτὸν εἶχον.
281601007f	Καὶ ἀποκριθεὶς ὁ Ἰησοῦς πάλιν εἶπεν ἐν παραβολαῖς αὐτοῖς λέγων,
28160200a8	Ὡμοιώθη ἡ βασιλεία τῶν οὐρανῶν ἀνθρώπῳ βασιλεῖ, ὅστις ἐποίησεν γάμους τῷ υἱῷ αὐτοῦ·
28160300c1	καὶ ἀπέστειλεν τοὺς δούλους αὐτοῦ καλέσαι τοὺς κεκλημένους εἰς τοὺς γάμους, καὶ οὐκ ἤθελον ἐλθεῖν.
281604014e	πάλιν ἀπέστειλεν ἄλλους δούλους λέγων, Εἴπατε τοῖς κεκλημένοις, Ἰδοὺ τὸ ἄριστόν μου ἡτοίμακα, οἱ ταῦροί μου καὶ τὰ σιτιστὰ τεθυμένα, καὶ πάντα ἕτοιμα· δεῦτε εἰς τοὺς γάμους.
28160500aa	οἱ δὲ ἀμελήσαντες ἀπῆλθον, ὃς μὲν εἰς τὸν ἴδιον ἀγρόν, ὃς δὲ ἐπὶ τὴν ἐμπορίαν αὐτοῦ·
2816060085	οἱ δὲ λοιποὶ κρατήσαντες τοὺς δούλους αὐτοῦ ὕβρισαν καὶ ἀπέκτειναν.
28160700e4	ὁ δὲ βασιλεὺς ὠργίσθη καὶ πέμψας τὰ στρατεύματα αὐτοῦ ἀπώλεσεν τοὺς φονεῖς ἐκείνους, καὶ τὴν πόλιν αὐτῶν ἐνέπρησεν.
28160800ae	τότε λέγει τοῖς δούλοις αὐτοῦ, Ὁ μὲν γάμος ἕτοιμός ἐστιν, οἱ δὲ κεκλημένοι οὐκ ἦσαν ἄξιοι.
28160900af	πορεύεσθε οὖν ἐπὶ τὰς διεξόδους τῶν ὁδῶν, καὶ ὅσους ἐὰν εὕρητε, καλέσατε εἰς τοὺς γάμους.
28160a0108	καὶ ἐξελθόντες οἱ δοῦλοι ἐκεῖνοι εἰς τὰς ὁδοὺς συνήγαγον πάντας ὅσους εὗρον, πονηρούς τε καὶ ἀγαθούς· καὶ ἐπλήσθη ὁ γάμος ἀνακειμένων.
28160b00c9	εἰσελθὼν δὲ ὁ βασιλεὺς θεάσασθαι τοὺς ἀνακειμένους εἶδεν ἐκεῖ ἄνθρωπον οὐκ ἐνδεδυμένον ἔνδυμα γάμου·
28160c0096	καὶ λέγει αὐτῷ, Ἑταῖρε, πῶς εἰσῆλθες ὧδε μὴ ἔχων ἔνδυμα γάμου; ὁ δὲ ἐφιμώθη.
28160d013d	τότε ὁ βασιλεὺς εἶπεν τοῖς διακόνοις, Δήσαντες αὐτοῦ πόδας καὶ χεῖρας ἐκβάλετε αὐτὸν εἰς τὸ σκότος τὸ ἐξώτερον· ἐκεῖ ἔσται ὁ κλαυθμὸς καὶ ὁ βρυγμὸς τῶν ὀδόντων.
28160e0055	πολλοὶ γάρ εἰσιν κλητοί, ὀλίγοι δὲ ἐκλεκτοί.
28160f009d	Τότε πορευθέντες οἱ Φαρισαῖοι συμβούλιον ἔλαβον ὅπως αὐτὸν παγιδεύσωσιν ἐν λόγῳ.
28161001ab	καὶ ἀποστέλλουσιν αὐτῷ τοὺς μαθητὰς αὐτῶν μετὰ τῶν Ἡρωδιανῶν λέγοντας, Διδάσκαλε, οἴδαμεν ὅτι ἀληθὴς εἶ καὶ τὴν ὁδὸν τοῦ θεοῦ ἐν ἀληθείᾳ διδάσκεις, καὶ οὐ μέλει σοι περὶ οὐδενός, οὐ γὰρ βλέπεις εἰς πρόσωπον ἀνθρώπων.
281611007e	εἰπὲ οὖν ἡμῖν, τί σοι δοκεῖ; ἔξεστιν δοῦναι κῆνσον Καίσαρι, ἢ οὔ;
281612008a	γνοὺς δὲ ὁ Ἰησοῦς τὴν πονηρίαν αὐτῶν εἶπεν, Τί με πειράζετε, ὑποκριταί;
2816130087	ἐπιδείξατέ μοι τὸ νόμισμα τοῦ κήνσου. οἱ δὲ προσήνεγκαν αὐτῷ δηνάριον.
2816140067	καὶ λέγει αὐτοῖς, Τίνος ἡ εἰκὼν αὕτη καὶ ἡ ἐπιγραφή;
28161500c0	λέγουσιν αὐτῷ, Καίσαρος. Τότε λέγει αὐτοῖς, Ἀπόδοτε οὖν τὰ Καίσαρος Καίσαρι, καὶ τὰ τοῦ θεοῦ τῷ θεῷ.
2816160069	καὶ ἀκούσαντες ἐθαύμασαν, καὶ ἀφέντες αὐτὸν ἀπῆλθαν.
28161700c1	Ἐν ἐκείνῃ τῇ ἡμέρᾳ προσῆλθον αὐτῷ Σαδδουκαῖοι λέγοντες μὴ εἶναι ἀνάστασιν, καὶ ἐπηρώτησαν αὐτὸν
281618012c	λέγοντες, Διδάσκαλε, Μωυσῆς εἶπεν, Ἐάν τις ἀποθάνῃ μὴ ἔχων τέκνα, ἐπιγαμβρεύσει ὁ ἀδελφὸς αὐτοῦ τὴν γυναῖκα αὐτοῦ, καὶ ἀναστήσει σπέρμα τῷ ἀδελφῷ αὐτοῦ.
28161900fc	ἦσαν δὲ παρ᾽ ἡμῖν ἑπτὰ ἀδελφοί· καὶ ὁ πρῶτος γήμας, ἐτελεύτησεν, καὶ μὴ ἔχων σπέρμα ἀφῆκεν τὴν γυναῖκα αὐτοῦ τῷ ἀδελφῷ αὐτοῦ.
28161a005f	ὁμοίως καὶ ὁ δεύτερος καὶ ὁ τρίτος, ἕως τῶν ἑπτά.
28161b004c	ὕστερον δὲ πάντων ἀπέθανεν [καὶ] ἡ γυνή.
28161c0089	ἐν τῇ ἀναστάσει οὖν τίνος τῶν ἑπτὰ ἔσται γυνή; πάντες γὰρ ἔσχον αὐτήν.
28161d00bd	ἀποκριθεὶς δὲ ὁ Ἰησοῦς εἶπεν αὐτοῖς, Πλανᾶσθε μὴ εἰδότες τὰς γραφὰς μηδὲ τὴν δύναμιν τοῦ θεοῦ.
28161e00ac	ἐν γὰρ τῇ ἀναστάσει οὔτε γαμοῦσιν οὔτε γαμίζονται, ἀλλ᾽ ὡς ἄγγελοι ἐν τῷ οὐρανῷ εἰσιν.
28161f00a8	περὶ δὲ τῆς ἀναστάσεως τῶν νεκρῶν οὐκ ἀνέγνωτε τὸ ῥηθὲν ὑμῖν ὑπὸ τοῦ θεοῦ λέγοντος,
28162000be	Ἐγώ εἰμι ὁ θεὸς Ἀβραὰμ καὶ ὁ θεὸς Ἰσαὰκ καὶ ὁ θεὸς Ἰακώβ; οὐκ ἔστιν ὁ θεὸς νεκρῶν, ἀλλὰ ζώντων.
2816210074	καὶ ἀκούσαντες οἱ ὄχλοι ἐξεπλήσσοντο ἐπὶ τῇ διδαχῇ αὐτοῦ.
28162200a2	Οἱ δὲ Φαρισαῖοι ἀκούσαντες ὅτι ἐφίμωσεν τοὺς Σαδδουκαίους, συνήχθησαν ἐπὶ τὸ αὐτό,
2816230066	καὶ ἐπηρώτησεν εἷς ἐξ αὐτῶν νομικὸς πειράζων αὐτόν,
281624004f	Διδάσκαλε, ποία ἐντολὴ μεγάλη ἐν τῷ νόμῳ;
28162500e6	ὁ δὲ ἔφη αὐτῷ, Ἀγαπήσεις κύριον τὸν θεόν σου, ἐν ὅλῃ τῇ καρδίᾳ σου, καὶ ἐν ὅλῃ τῇ ψυχῇ σου, καὶ ἐν ὅλῃ τῇ διανοίᾳ σου.
2816260049	αὕτη ἐστὶν ἡ μεγάλη καὶ πρώτη ἐντολή.
2816270074	δευτέρα δὲ ὁμοία αὐτῇ, Ἀγαπήσεις τὸν πλησίον σου ὡς σεαυτόν.
2816280088	ἐν ταύταις ταῖς δυσὶν ἐντολαῖς ὅλος ὁ νόμος κρέμαται καὶ οἱ προφῆται.
281629006d	Συνηγμένων δὲ τῶν Φαρισαίων ἐπηρώτησεν αὐτοὺς ὁ Ἰησοῦς
28162a009f	λέγων, Τί ὑμῖν δοκεῖ περὶ τοῦ χριστοῦ; τίνος υἱός ἐστιν; λέγουσιν αὐτῷ, Τοῦ Δαυείδ.
28162b0082	λέγει αὐτοῖς, Πῶς οὖν Δαυεὶδ ἐν πνεύματι καλεῖ αὐτὸν κύριον; λέγων,
28162c00b9	Εἶπεν κύριος τῷ κυρίῳ μου, Κάθου ἐκ δεξιῶν μου ἕως ἂν θῶ τοὺς ἐχθρούς σου ὑποκάτω τῶν ποδῶν σου;
28162d006f	εἰ οὖν Δαυεὶδ καλεῖ αὐτὸν κύριον, πῶς υἱὸς αὐτοῦ ἐστιν;
28162e00df	καὶ οὐδεὶς ἐδύνατο ἀποκριθῆναι αὐτῷ λόγον· οὐδὲ ἐτόλμησέν τις ἀπ᾽ ἐκείνης τῆς ἡμέρας ἐπερωτῆσαι αὐτὸν οὐκέτι.
2817010076	Τότε ὁ Ἰησοῦς ἐλάλησεν τοῖς ὄχλοις καὶ τοῖς μαθηταῖς αὐτοῦ
281702008e	λέγων, Ἐπὶ τῆς Μωυσέως καθέδρας ἐκάθισαν οἱ γραμματεῖς καὶ οἱ Φαρισαῖοι·
28170300e4	πάντα οὖν ὅσα ἂν εἴπωσιν ὑμῖν ποιήσατε καὶ τηρεῖτε. κατὰ δὲ τὰ ἔργα αὐτῶν μὴ ποιεῖτε· λέγουσιν γὰρ καὶ οὐ ποιοῦσιν.
2817040118	δεσμεύουσιν δὲ φορτία βαρέα [καὶ δυσβάστακτα] καὶ ἐπιτιθέασιν ἐπὶ τοὺς ὤμους τῶν ἀνθρώπων· αὐτοὶ δὲ τῷ δακτύλῳ αὐτῶν οὐ θέλουσιν κινῆσαι αὐτά.
2817050101	πάντα δὲ τὰ ἔργα αὐτῶν ποιοῦσιν πρὸς τὸ θεαθῆναι τοῖς ἀνθρώποις. πλατύνουσιν γὰρ τὰ φυλακτήρια αὐτῶν καὶ μεγαλύνουσιν τὰ κράσπεδα·
28170600ad	φιλοῦσιν δὲ τὴν πρωτοκλισίαν ἐν τοῖς δείπνοις καὶ τὰς πρωτοκαθεδρίας ἐν ταῖς συναγωγαῖς,
2817070096	καὶ τοὺς ἀσπασμοὺς ἐν ταῖς ἀγοραῖς, καὶ καλεῖσθαι ὑπὸ τῶν ἀνθρώπων, ῥαββί·
28170800b1	ὑμεῖς δὲ μὴ κληθῆτε, ῥαββί, εἷς γάρ ἐστιν ὑμῶν ὁ διδάσκαλος, πάντες δὲ ὑμεῖς ἀδελφοί ἐστε.
281709009e	καὶ πατέρα μὴ καλέσητε ὑμῶν ἐπὶ τῆς γῆς· εἷς γάρ ἐστιν ὑμῶν ὁ πατὴρ ὁ οὐράνιος.
28170a007d	μηδὲ κληθῆτε καθηγηταί, ὅτι καθηγητὴς ὑμῶν ἐστιν εἷς, ὁ χριστός.
28170b004a	ὁ δὲ μείζων ὑμῶν ἔσται ὑμῶν διάκονος.
28170c009c	ὅστις δὲ ὑψώσει ἑαυτὸν ταπεινωθήσεται· καὶ ὅστις ταπεινώσει ἑαυτὸν ὑψωθήσεται.
28170d0167	Οὐαὶ δὲ ὑμῖν, γραμματεῖς καὶ Φαρισαῖοι ὑποκριταί, ὅτι κλείετε τὴν βασιλείαν τῶν οὐρανῶν ἔμπροσθεν τῶν ἀνθρώπων· ὑμεῖς γὰρ οὐκ εἰσέρχεσθε, οὐδὲ τοὺς εἰσερχομένους ἀφίετε εἰσελθεῖν.
28170f0155	οὐαὶ ὑμῖν, γραμματεῖς καὶ Φαρισαῖοι ὑποκριταί, ὅτι περιάγετε τὴν θάλασσαν καὶ τὴν ξηρὰν ποιῆσαι ἕνα προσήλυτον, καὶ ὅταν γένηται, ποιεῖτε αὐτὸν υἱὸν γεέννης διπλότερον ὑμῶν.
28171000ee	οὐαὶ ὑμῖν, ὁδηγοὶ τυφλοί, οἱ λέγοντες, Ὃς ἂν ὀμόσῃ ἐν τῷ ναῷ, οὐδέν ἐστιν· ὃς δ᾽ ἂν ὀμόσῃ ἐν τῷ χρυσῷ τοῦ ναοῦ, ὀφείλει.
2817110098	μωροὶ καὶ τυφλοί, τίς γὰρ μείζων ἐστίν, ὁ χρυσός, ἢ ὁ ναὸς ὁ ἁγιάσας τὸν χρυσόν;
28171200c5	καί, Ὃς ἂν ὀμόσῃ ἐν τῷ θυσιαστηρίῳ, οὐδέν ἐστιν· ὃς δ᾽ ἂν ὀμόσῃ ἐν τῷ δώρῳ τῷ ἐπάνω αὐτοῦ, ὀφείλει.
2817130088	τυφλοί, τί γὰρ μεῖζον, τὸ δῶρον, ἢ τὸ θυσιαστήριον τὸ ἁγιάζον τὸ δῶρον;
281714009b	ὁ οὖν ὀμόσας ἐν τῷ θυσιαστηρίῳ ὀμνύει ἐν αὐτῷ καὶ ἐν πᾶσιν τοῖς ἐπάνω αὐτοῦ·
2817150086	καὶ ὁ ὀμόσας ἐν τῷ ναῷ ὀμνύει ἐν αὐτῷ καὶ ἐν τῷ κατοικήσαντι αὐτόν,
28171600ac	καὶ ὁ ὀμόσας ἐν τῷ οὐρανῷ ὀμνύει ἐν τῷ θρόνῳ τοῦ θεοῦ καὶ ἐν τῷ καθημένῳ ἐπάνω αὐτοῦ.
28171701b9	Οὐαὶ ὑμῖν, γραμματεῖς καὶ Φαρισαῖοι ὑποκριταί, ὅτι ἀποδεκατοῦτε τὸ ἡδύοσμον καὶ τὸ ἄνηθον καὶ τὸ κύμινον, καὶ ἀφήκατε τὰ βαρύτερα τοῦ νόμου, τὴν κρίσιν καὶ τὸ ἔλεος καὶ τὴν πίστιν· ταῦτα δὲ ἔδει ποιῆσαι, κἀκεῖνα μὴ ἀφεῖναι.
2817180086	ὁδηγοὶ τυφλοί, οἱ διϋλίζοντες τὸν κώνωπα, τὴν δὲ κάμηλον καταπίνοντες.
2817190124	Οὐαὶ ὑμῖν, γραμματεῖς καὶ Φαρισαῖοι ὑποκριταί, ὅτι καθαρίζετε τὸ ἔξωθεν τοῦ ποτηρίου καὶ τῆς παροψίδος, ἔσωθεν δὲ γέμουσιν [ἐξ] ἁρπαγῆς καὶ ἀκρασίας.
28171a00dd	Φαρισαῖε τυφλέ, καθάρισον πρῶτον τὸ ἐντὸς τοῦ ποτηρίου καὶ τῆς παροψίδος, ἵνα γένηται καὶ τὸ ἐκτὸς αὐτοῦ καθαρόν.
28171b0156	Οὐαὶ ὑμῖν, γραμματεῖς καὶ Φαρισαῖοι ὑποκριταί, ὅτι ὁμοιάζετε τάφοις κεκονιαμένοις, οἵτινες ἔξωθεν μὲν φαίνονται ὡραῖοι, ἔσωθεν δὲ γέμουσιν ὀστέων νεκρῶν καὶ πάσης ἀκαθαρσίας.
28171c00cf	οὕτως καὶ ὑμεῖς ἔξωθεν μὲν φαίνεσθε τοῖς ἀνθρώποις δίκαιοι, ἔσωθεν δέ ἐστε μεστοὶ ὑποκρίσεως καὶ ἀνομίας.
28171d00f8	Οὐαὶ ὑμῖν, γραμματεῖς καὶ Φαρισαῖοι ὑποκριταί, ὅτι οἰκοδομεῖτε τοὺς τάφους τῶν προφητῶν, καὶ κοσμεῖτε τὰ μνημεῖα τῶν δικαίων,
28171e00d8	καὶ λέγετε, Εἰ ἤμεθα ἐν ταῖς ἡμέραις τῶν πατέρων ἡμῶν, οὐκ ἂν ἤμεθα αὐτῶν κοινωνοὶ ἐν τῷ αἵματι τῶν προφητῶν.
28171f0088	ὥστε μαρτυρεῖτε ἑαυτοῖς ὅτι υἱοί ἐστε τῶν φονευσάντων τοὺς προφήτας·
281720005d	καὶ ὑμεῖς πληρώσατε τὸ μέτρον τῶν πατέρων ὑμῶν.
281721007d	ὄφεις γεννήματα ἐχιδνῶν, πῶς φύγητε ἀπὸ τῆς κρίσεως τῆς γεέννης;
2817220186	διὰ τοῦτο ἰδοὺ ἐγὼ ἀποστέλλω πρὸς ὑμᾶς προφήτας καὶ σοφοὺς καὶ γραμματεῖς· ἐξ αὐτῶν ἀποκτενεῖτε καὶ σταυρώσετε, καὶ ἐξ αὐτῶν μαστιγώσετε ἐν ταῖς συναγωγαῖς ὑμῶν καὶ διώξετε ἀπὸ πόλεως εἰς πόλιν·
2817230173	ὅπως ἔλθῃ ἐφ᾽ ὑμᾶς πᾶν αἷμα δίκαιον ἐκχυννόμενον ἐπὶ τῆς γῆς, ἀπὸ τοῦ αἵματος Ἄβελ τοῦ δικαίου ἕως τοῦ αἵματος Ζαχαρίου υἱοῦ Βαραχίου, ὃν ἐφονεύσατε μεταξὺ τοῦ ναοῦ καὶ τοῦ θυσιαστηρίου.
281724006d	ἀμὴν λέγω ὑμῖν, ἥξει πάντα ταῦτα ἐπὶ τὴν γενεὰν ταύτην.
28172501b7	Ἱερουσαλὴμ Ἱερουσαλήμ, ἡ ἀποκτείνουσα τοὺς προφήτας καὶ λιθοβολοῦσα τοὺς ἀπεσταλμένους πρὸς αὐτήν, ποσάκις ἠθέλησα ἐπισυναγαγεῖν τὰ τέκνα σου, ὃν τρόπον ὄρνις ἐπισυνάγει τὰ νοσσία [αὐτῆς] ὑπὸ τὰς πτέρυγας, καὶ οὐκ ἠθελήσατε;
281726004f	ἰδοὺ ἀφίεται ὑμῖν ὁ οἶκος ὑμῶν ἔρημος.
28172700bd	λέγω γὰρ ὑμῖν, Οὐ μή με ἴδητε ἀπ᾽ ἄρτι, ἕως ἂν εἴπητε, Εὐλογημένος ὁ ἐρχόμενος ἐν ὀνόματι Κυρίου.
28180100f0	Καὶ ἐξελθὼν ὁ Ἰησοῦς ἀπὸ τοῦ ἱεροῦ ἐπορεύετο, καὶ προσῆλθον οἱ μαθηταὶ αὐτοῦ ἐπιδεῖξαι αὐτῷ τὰς οἰκοδομὰς τοῦ ἱεροῦ.
28180200f2	ὁ δὲ ἀποκριθεὶς εἶπεν αὐτοῖς, Οὐ βλέπετε ταῦτα πάντα; ἀμὴν λέγω ὑμῖν, οὐ μὴ ἀφεθῇ ὧδε λίθος ἐπὶ λίθον, ὃς οὐ καταλυθήσεται.
281803016a	Καθημένου δὲ αὐτοῦ ἐπὶ τοῦ ὄρους τῶν ἐλαιῶν, προσῆλθον αὐτῷ οἱ μαθηταὶ κατ᾽ ἰδίαν λέγοντες, Εἰπὲ ἡμῖν πότε ταῦτα ἔσται; καὶ τί τὸ σημεῖον τῆς σῆς παρουσίας καὶ συντελείας τοῦ αἰῶνος;
2818040084	καὶ ἀποκριθεὶς ὁ Ἰησοῦς εἶπεν αὐτοῖς, Βλέπετε μή τις ὑμᾶς πλανήσῃ.
28180500b9	πολλοὶ γὰρ ἐλεύσονται ἐπὶ τῷ ὀνόματί μου λέγοντες, Ἐγώ εἰμι ὁ χριστός, καὶ πολλοὺς πλανήσουσιν.
28180600dd	μελλήσετε δὲ ἀκούειν πολέμους καὶ ἀκοὰς πολέμων· ὁρᾶτε, μὴ θροεῖσθε· δεῖ γὰρ γενέσθαι, ἀλλ᾽ οὔπω ἐστὶν τὸ τέλος.
28180700ca	ἐγερθήσεται γὰρ ἔθνος ἐπὶ ἔθνος καὶ βασιλεία ἐπὶ βασιλείαν, καὶ ἔσονται λιμοὶ καὶ σεισμοὶ κατὰ τόπους.
2818080036	πάντα δὲ ταῦτα ἀρχὴ ὠδίνων.
28180900ea	τότε παραδώσουσιν ὑμᾶς εἰς θλῖψιν καὶ ἀποκτενοῦσιν ὑμᾶς· καὶ ἔσεσθε μισούμενοι ὑπὸ πάντων τῶν ἐθνῶν διὰ τὸ ὄνομά μου.
28180a00a6	καὶ τότε σκανδαλισθήσονται πολλοὶ καὶ ἀλλήλους παραδώσουσιν, καὶ μισήσουσιν ἀλλήλους·
28180b007b	καὶ πολλοὶ ψευδοπροφῆται ἐγερθήσονται καὶ πλανήσουσιν πολλούς·
28180c007f	καὶ διὰ τὸ πληθυνθῆναι τὴν ἀνομίαν ψυγήσεται ἡ ἀγάπη τῶν πολλῶν.
28180d0051	ὁ δὲ ὑπομείνας εἰς τέλος, οὗτος σωθήσεται.
28180e00fd	καὶ κηρυχθήσεται τοῦτο τὸ εὐαγγέλιον τῆς βασιλείας ἐν ὅλῃ τῇ οἰκουμένῃ εἰς μαρτύριον πᾶσιν τοῖς ἔθνεσιν· καὶ τότε ἥξει τὸ τέλος.
28180f00e9	Ὅταν οὖν ἴδητε τὸ βδέλυγμα τῆς ἐρημώσεως, τὸ ῥηθὲν διὰ Δανιὴλ τοῦ προφήτου, ἑστὸς ἐν τόπῳ ἁγίῳ, (ὁ ἀναγινώσκων νοείτω;)
2818100058	τότε οἱ ἐν τῇ Ἰουδαίᾳ φευγέτωσαν εἰς τὰ ὄρη·
2818110075	ὁ ἐπὶ τοῦ δώματος μὴ καταβάτω ἆραι τὰ ἐκ τῆς οἰκίας αὐτοῦ·
281812007a	καὶ ὁ ἐν τῷ ἀγρῷ μὴ ἐπιστρεψάτω ὀπίσω ἆραι τὸ ἱμάτιον αὐτοῦ.
281813009c	οὐαὶ δὲ ταῖς ἐν γαστρὶ ἐχούσαις καὶ ταῖς θηλαζούσαις ἐν ἐκείναις ταῖς ἡμέραις.
2818140080	προσεύχεσθε δὲ ἵνα μὴ γένηται ἡ φυγὴ ὑμῶν χειμῶνος, μηδὲ σαββάτῳ.
28181500b8	ἔσται γὰρ τότε θλῖψις μεγάλη, οἵα οὐ γέγονεν ἀπ᾽ ἀρχῆς κόσμου ἕως τοῦ νῦν, οὐδ᾽ οὐ μὴ γένηται.
28181600f1	καὶ εἰ μὴ ἐκολοβώθησαν αἱ ἡμέραι ἐκεῖναι οὐκ ἂν ἐσώθη πᾶσα σάρξ· διὰ δὲ τοὺς ἐκλεκτοὺς κολοβωθήσονται αἱ ἡμέραι ἐκεῖναι.
281817007e	τότε ἐάν τις ὑμῖν εἴπῃ, Ἰδοὺ ὧδε ὁ χριστός, ἢ ὧδε, μὴ πιστεύσητε.
2818180105	Ἐγερθήσονται γὰρ ψευδόχριστοι καὶ ψευδοπροφῆται, καὶ δώσουσιν σημεῖα μεγάλα καὶ τέρατα, ὥστε πλανᾶσθαι, εἰ δυνατόν, καὶ τοὺς ἐκλεκτούς.
2818190029	ἰδοὺ προείρηκα ὑμῖν.
28181a00c1	ἐὰν οὖν εἴπωσιν ὑμῖν, Ἰδοὺ ἐν τῇ ἐρήμῳ ἐστίν, μὴ ἐξέλθητε· Ἰδοὺ ἐν τοῖς ταμείοις, μὴ πιστεύσητε·
28181b00e3	ὥσπερ γὰρ ἡ ἀστραπὴ ἐξέρχεται ἀπὸ ἀνατολῶν καὶ φαίνεται ἕως δυσμῶν, οὕτως ἔσται ἡ παρουσία τοῦ υἱοῦ τοῦ ἀνθρώπου.
28181c0062	ὅπου ἐὰν ᾖ τὸ πτῶμα, ἐκεῖ συναχθήσονται οἱ ἀετοί.
28181d017a	εὐθέως δὲ μετὰ τὴν θλῖψιν τῶν ἡμερῶν ἐκείνων ὁ ἥλιος σκοτισθήσεται, καὶ ἡ σελήνη οὐ δώσει τὸ φέγγος αὐτῆς, καὶ οἱ ἀστέρες πεσοῦνται ἀπὸ τοῦ οὐρανοῦ, καὶ αἱ δυνάμεις τῶν οὐρανῶν σαλευθήσονται.
28181e019e	καὶ τότε φανήσεται τὸ σημεῖον τοῦ υἱοῦ τοῦ ἀνθρώπου ἐν οὐρανῷ· καὶ τότε κόψονται πᾶσαι αἱ φυλαὶ τῆς γῆς, καὶ ὄψονται τὸν υἱὸν τοῦ ἀνθρώπου ἐρχόμενον ἐπὶ τῶν νεφελῶν τοῦ οὐρανοῦ μετὰ δυνάμεως καὶ δόξης πολλῆς.
28181f014c	καὶ ἀποστελεῖ τοὺς ἀγγέλους αὐτοῦ μετὰ σάλπιγγος φωνῆς μεγάλης, καὶ ἐπισυνάξουσιν τοὺς ἐκλεκτοὺς αὐτοῦ ἐκ τῶν τεσσάρων ἀνέμων, ἀπ᾽ ἄκρων οὐρανῶν ἕως τῶν ἄκρων αὐτῶν.
28182000fc	Ἀπὸ δὲ τῆς συκῆς μάθετε τὴν παραβολήν· ὅταν ἤδη ὁ κλάδος αὐτῆς γένηται ἁπαλός, καὶ τὰ φύλλα ἐκφύῃ, γινώσκετε ὅτι ἐγγὺς τὸ θέρος·
2818210098	οὕτως καὶ ὑμεῖς ὅταν ἴδητε ταῦτα πάντα, γινώσκετε ὅτι ἐγγύς ἐστιν ἐπὶ θύραις.
2818220091	ἀμὴν λέγω ὑμῖν ὅτι οὐ μὴ παρέλθῃ ἡ γενεὰ αὕτη ἕως ἂν πάντα ταῦτα γένηται.
2818230080	ὁ οὐρανὸς καὶ ἡ γῆ παρελεύσεται, οἱ δὲ λόγοι μου οὐ μὴ παρέλθωσιν.
28182400c6	Περὶ δὲ τῆς ἡμέρας ἐκείνης καὶ ὥρας οὐδεὶς οἶδεν, οὐδὲ οἱ ἄγγελοι τῶν οὐρανῶν, εἰ μὴ ὁ πατὴρ μόνος.
2818250093	Ὥσπερ γὰρ αἱ ἡμέραι τοῦ Νῶε, οὕτως ἔσται ἡ παρουσία τοῦ υἱοῦ τοῦ ἀνθρώπου.
281826013b	ὡς γὰρ ἦσαν ἐν ταῖς ἡμέραις [ἐκείναις] ταῖς πρὸ τοῦ κατακλυσμοῦ, τρώγοντες καὶ πίνοντες, γαμοῦντες καὶ ἐκγαμίζοντες, ἄχρι ἧς ἡμέρας εἰσῆλθεν Νῶε εἰς τὴν κιβωτόν,
28182700cd	καὶ οὐκ ἔγνωσαν ἕως ἦλθεν ὁ κατακλυσμὸς καὶ ἦρεν ἅπαντας, οὕτως ἔσται ἡ παρουσία τοῦ υἱοῦ τοῦ ἀνθρώπου.
281828007f	τότε δύο ἔσονται ἐν τῷ ἀγρῷ· εἷς παραλαμβάνεται, καὶ εἷς ἀφίεται.
2818290077	δύο ἀλήθουσαι ἐν τῷ μύλῳ· μία παραλαμβάνεται, καὶ μία ἀφίεται.
28182a0080	γρηγορεῖτε οὖν, ὅτι οὐκ οἴδατε ποίᾳ ἡμέρᾳ ὁ κύριος ὑμῶν ἔρχεται.
28182b0118	Ἐκεῖνο δὲ γινώσκετε, ὅτι εἰ ᾔδει ὁ οἰκοδεσπότης ποίᾳ φυλακῇ ὁ κλέπτης ἔρχεται, ἐγρηγόρησεν ἂν καὶ οὐκ ἂν εἴασεν διορυχθῆναι τὴν οἰκίαν αὐτοῦ.
28182c00ae	διὰ τοῦτο καὶ ὑμεῖς γίνεσθε ἕτοιμοι· ὅτι ᾗ οὐ δοκεῖτε ὥρᾳ ὁ υἱὸς τοῦ ἀνθρώπου ἔρχεται.
28182d0102	Τίς ἄρα ἐστὶν ὁ πιστὸς δοῦλος καὶ φρόνιμος, ὃν κατέστησεν ὁ κύριος ἐπὶ τῆς οἰκετείας αὐτοῦ, τοῦ δοῦναι αὐτοῖς τὴν τροφὴν ἐν καιρῷ;
28182e0093	μακάριος ὁ δοῦλος ἐκεῖνος ὃν ἐλθὼν ὁ κύριος αὐτοῦ εὑρήσει οὕτως ποιοῦντα.
28182f008a	ἀμὴν λέγω ὑμῖν ὅτι ἐπὶ πᾶσιν τοῖς ὑπάρχουσιν αὐτοῦ καταστήσει αὐτόν.
281830009a	ἐὰν δὲ εἴπῃ ὁ κακὸς δοῦλος ἐκεῖνος ἐν τῇ καρδίᾳ αὐτοῦ, Χρονίζει μου ὁ κύριος,
281831009f	καὶ ἄρξηται τύπτειν τοὺς συνδούλους αὐτοῦ, ἐσθίῃ δὲ καὶ πίνῃ, μετὰ τῶν μεθυόντων,
28183200a1	ἥξει ὁ κύριος τοῦ δούλου ἐκείνου ἐν ἡμέρᾳ ᾗ οὐ προσδοκᾷ καὶ ἐν ὥρᾳ ᾗ οὐ γινώσκει,
28183300e7	καὶ διχοτομήσει αὐτόν, καὶ τὸ μέρος αὐτοῦ μετὰ τῶν ὑποκριτῶν θήσει· ἐκεῖ ἔσται ὁ κλαυθμὸς καὶ ὁ βρυγμὸς τῶν ὀδόντων.
28190100fc	Τότε ὁμοιωθήσεται ἡ βασιλεία τῶν οὐρανῶν δέκα παρθένοις, αἵτινες λαβοῦσαι τὰς λαμπάδας ἑαυτῶν ἐξῆλθον εἰς ὑπάντησιν τοῦ νυμφίου.
281902005f	πέντε δὲ ἐξ αὐτῶν ἦσαν μωραὶ καὶ πέντε φρόνιμοι·
2819030091	αἱ γὰρ μωραὶ λαβοῦσαι τὰς λαμπάδας αὐτῶν, οὐκ ἔλαβον μεθ᾽ ἑαυτῶν ἔλαιον·
281904008b	αἱ δὲ φρόνιμοι ἔλαβον ἔλαιον ἐν τοῖς ἀγγείοις μετὰ τῶν λαμπάδων αὐτῶν.
2819050070	χρονίζοντος δὲ τοῦ νυμφίου ἐνύσταξαν πᾶσαι καὶ ἐκάθευδον.
2819060099	μέσης δὲ νυκτὸς κραυγὴ γέγονεν, Ἰδοὺ ὁ νυμφίος, ἐξέρχεσθε εἰς ἀπάντησιν αὐτοῦ.
2819070096	τότε ἠγέρθησαν πᾶσαι αἱ παρθένοι ἐκεῖναι, καὶ ἐκόσμησαν τὰς λαμπάδας ἑαυτῶν.
28190800bd	αἱ δὲ μωραὶ ταῖς φρονίμοις εἶπαν, Δότε ἡμῖν ἐκ τοῦ ἐλαίου ὑμῶν, ὅτι αἱ λαμπάδες ἡμῶν σβέννυνται.
2819090107	ἀπεκρίθησαν δὲ αἱ φρόνιμοι λέγουσαι, Μή ποτε οὐ μὴ ἀρκέσῃ ἡμῖν καὶ ὑμῖν· πορεύεσθε μᾶλλον πρὸς τοὺς πωλοῦντας, καὶ ἀγοράσατε ἑαυταῖς.
28190a00ed	ἀπερχομένων δὲ αὐτῶν ἀγοράσαι, ἦλθεν ὁ νυμφίος, καὶ αἱ ἕτοιμοι εἰσῆλθον μετ᾽ αὐτοῦ εἰς τοὺς γάμους, καὶ ἐκλείσθη ἡ θύρα.
28190b009b	ὕστερον δὲ ἔρχονται [καὶ] αἱ λοιπαὶ παρθένοι λέγουσαι, Κύριε κύριε, ἄνοιξον ἡμῖν.
28190c006b	ὁ δὲ ἀποκριθεὶς εἶπεν, Ἀμὴν λέγω ὑμῖν, οὐκ οἶδα ὑμᾶς.
28190d0070	Γρηγορεῖτε οὖν, ὅτι οὐκ οἴδατε τὴν ἡμέραν οὐδὲ τὴν ὥραν.
28190e00c4	ὥσπερ γὰρ ἄνθρωπος ἀποδημῶν ἐκάλεσεν τοὺς ἰδίους δούλους καὶ παρέδωκεν αὐτοῖς τὰ ὑπάρχοντα αὐτοῦ·
28190f00ca	καὶ ᾧ μὲν ἔδωκεν πέντε τάλαντα, ᾧ δὲ δύο, ᾧ δὲ ἕν, ἑκάστῳ κατὰ τὴν ἰδίαν δύναμιν· καὶ ἀπεδήμησεν εὐθέως.
28191000a7	πορευθεὶς [δὲ] ὁ τὰ πέντε τάλαντα λαβὼν εἰργάσατο ἐν αὐτοῖς, καὶ ἐκέρδησεν ἄλλα πέντε.
281911004e	ὡσαύτως καὶ ὁ τὰ δύο ἐκέρδησεν ἄλλα δύο.
281912009b	ὁ δὲ τὸ ἓν λαβὼν ἀπελθὼν ὤρυξεν γῆν καὶ ἔκρυψεν τὸ ἀργύριον τοῦ κυρίου αὐτοῦ.
28191300ab	μετὰ δὲ πολὺν χρόνον ἔρχεται ὁ κύριος τῶν δούλων ἐκείνων, καὶ συναίρει λόγον μετ᾽ αὐτῶν.
2819140115	καὶ προσελθὼν ὁ τὰ πέντε τάλαντα λαβὼν προσήνεγκεν ἄλλα πέντε τάλαντα λέγων, Κύριε, πέντε τάλαντά μοι παρέδωκας· ἴδε ἄλλα πέντε [τάλαντα] ἐκέρδησα.
2819150107	ἔφη αὐτῷ ὁ κύριος αὐτοῦ, Εὖ δοῦλε ἀγαθὲ καὶ πιστέ, ἐπὶ ὀλίγα ἦς πιστός, ἐπὶ πολλῶν σε καταστήσω· εἴσελθε εἰς τὴν χαρὰν τοῦ κυρίου σου.
28191600c7	προσελθὼν δὲ καὶ ὁ τὰ δύο τάλαντα εἶπεν, Κύριε, δύο τάλαντά μοι παρέδωκας· ἴδε ἄλλα δύο τάλαντα ἐκέρδησα.
2819170107	ἔφη αὐτῷ ὁ κύριος αὐτοῦ, Εὖ δοῦλε ἀγαθὲ καὶ πιστέ, ἐπὶ ὀλίγα ἦς πιστός, ἐπὶ πολλῶν σε καταστήσω· εἴσελθε εἰς τὴν χαρὰν τοῦ κυρίου σου.
2819180123	προσελθὼν δὲ καὶ ὁ τὸ ἓν τάλαντον εἰληφὼς εἶπεν, Κύριε, ἔγνων σε ὅτι σκληρὸς εἶ ἄνθρωπος θερίζων ὅπου οὐκ ἔσπειρας, καὶ συνάγων ὅθεν οὐ διεσκόρπισας·
281919008c	καὶ φοβηθείς, ἀπελθὼν ἔκρυψα τὸ τάλαντόν σου ἐν τῇ γῇ· ἴδε ἔχεις τὸ σόν.
28191a0104	ἀποκριθεὶς δὲ ὁ κύριος αὐτοῦ εἶπεν αὐτῷ, Πονηρὲ δοῦλε καὶ ὀκνηρέ, ᾔδεις ὅτι θερίζω ὅπου οὐκ ἔσπειρα, καὶ συνάγω ὅθεν οὐ διεσκόρπισα;
28191b00c3	ἔδει σε οὖν βαλεῖν τὰ ἀργύριόν μου τοῖς τραπεζίταις, καὶ ἐλθὼν ἐγὼ ἐκομισάμην ἂν τὸ ἐμὸν σὺν τόκῳ.
28191c0085	ἄρατε οὖν ἀπ᾽ αὐτοῦ τὸ τάλαντον, καὶ δότε τῷ ἔχοντι τὰ δέκα τάλαντα.
28191d00ca	τῷ γὰρ ἔχοντι παντὶ δοθήσεται, καὶ περισσευθήσεται· τοῦ δὲ μὴ ἔχοντος, καὶ ὃ ἔχει ἀρθήσεται ἀπ᾽ αὐτοῦ.
28191e00d7	καὶ τὸν ἀχρεῖον δοῦλον ἐκβάλετε εἰς τὸ σκότος τὸ ἐξώτερον· ἐκεῖ ἔσται ὁ κλαυθμὸς καὶ ὁ βρυγμὸς τῶν ὀδόντων.
28191f00f1	Ὅταν δὲ ἔλθῃ ὁ υἱὸς τοῦ ἀνθρώπου ἐν τῇ δόξῃ αὐτοῦ, καὶ πάντες οἱ ἄγγελοι μετ᾽ αὐτοῦ, τότε καθίσει ἐπὶ θρόνου δόξης αὐτοῦ,
2819200106	καὶ συναχθήσονται ἔμπροσθεν αὐτοῦ πάντα τὰ ἔθνη, καὶ ἀφοριεῖ αὐτοὺς ἀπ᾽ ἀλλήλων, ὥσπερ ὁ ποιμὴν ἀφορίζει τὰ πρόβατα ἀπὸ τῶν ἐρίφων,
2819210086	καὶ στήσει τὰ μὲν πρόβατα ἐκ δεξιῶν αὐτοῦ, τὰ δὲ ἐρίφια ἐξ εὐωνύμων.
2819220122	τότε ἐρεῖ ὁ βασιλεὺς τοῖς ἐκ δεξιῶν αὐτοῦ, Δεῦτε οἱ εὐλογημένοι τοῦ πατρός μου, κληρονομήσατε τὴν ἡτοιμασμένην ὑμῖν βασιλείαν ἀπὸ καταβολῆς κόσμου.
28192300b1	ἐπείνασα γὰρ καὶ ἐδώκατέ μοι φαγεῖν, ἐδίψησα καὶ ἐποτίσατέ με, ξένος ἤμην καὶ συνηγάγετέ με,
28192400ae	γυμνὸς καὶ περιεβάλετέ με· ἠσθένησα καὶ ἐπεσκέψασθέ με, ἐν φυλακῇ ἤμην καὶ ἤλθατε πρός με.
28192500e4	τότε ἀποκριθήσονται αὐτῷ οἱ δίκαιοι λέγοντες, Κύριε, πότε σε εἴδαμεν πεινῶντα καὶ ἐθρέψαμεν; ἢ διψῶντα καὶ ἐποτίσαμεν;
2819260081	πότε δέ σε εἴδομεν ξένον καὶ συνηγάγομεν; ἢ γυμνὸν καὶ περιεβάλομεν;
2819270079	πότε δέ σε εἴδομεν ἀσθενοῦντα ἢ ἐν φυλακῇ, καὶ ἤλθομεν πρός σε;
2819280109	καὶ ἀποκριθεὶς ὁ βασιλεὺς ἐρεῖ αὐτοῖς, Ἀμὴν λέγω ὑμῖν, ἐφ᾽ ὅσον ἐποιήσατε ἑνὶ τούτων τῶν ἀδελφῶν μου τῶν ἐλαχίστων, ἐμοὶ ἐποιήσατε.
2819290117	Τότε ἐρεῖ καὶ τοῖς ἐξ εὐωνύμων, Πορεύεσθε ἀπ᾽ ἐμοῦ οἱ κατηραμένοι, εἰς τὸ πῦρ τὸ αἰώνιον τὸ ἡτοιμασμένον τῷ διαβόλῳ καὶ τοῖς ἀγγέλοις αὐτοῦ.
28192a0089	ἐπείνασα γὰρ καὶ οὐκ ἐδώκατέ μοι φαγεῖν, ἐδίψησα καὶ οὐκ ἐποτίσατέ με,
28192b00d2	ξένος ἤμην καὶ οὐ συνηγάγετέ με, γυμνὸς καὶ οὐ περιεβάλετέ με, ἀσθενὴς καὶ ἐν φυλακῇ, καὶ οὐκ ἐπεσκέψασθέ με.
28192c011a	τότε ἀποκριθήσονται καὶ αὐτοὶ λέγοντες, Κύριε, πότε σὲ εἴδομεν πεινῶντα ἢ διψῶντα ἢ ξένον ἢ γυμνὸν ἢ ἀσθενῆ ἢ ἐν φυλακῇ, καὶ οὐ διηκονήσαμέν σοι;
28192d00ec	τότε ἀποκριθήσεται αὐτοῖς λέγων, Ἀμὴν λέγω ὑμῖν, ἐφ᾽ ὅσον οὐκ ἐποιήσατε ἑνὶ τούτων τῶν ἐλαχίστων, οὐδὲ ἐμοὶ ἐποιήσατε.
28192e0093	καὶ ἀπελεύσονται οὗτοι εἰς κόλασιν αἰώνιον, οἱ δὲ δίκαιοι εἰς ζωὴν αἰώνιον.
281a0100ae	Καὶ ἐγένετο ὅτε ἐτέλεσεν ὁ Ἰησοῦς πάντας τοὺς λόγους τούτους, εἶπεν τοῖς μαθηταῖς αὐτοῦ,
281a0200c4	Οἴδατε ὅτι μετὰ δύο ἡμέρας τὸ πάσχα γίνεται, καὶ ὁ υἱὸς τοῦ ἀνθρώπου παραδίδοται εἰς τὸ σταυρωθῆναι.
281a0300d1	Τότε συνήχθησαν οἱ ἀρχιερεῖς καὶ οἱ πρεσβύτεροι τοῦ λαοῦ εἰς τὴν αὐλὴν τοῦ ἀρχιερέως τοῦ λεγομένου Καϊάφα,
281a040088	καὶ συνεβουλεύσαντο ἵνα τὸν Ἰησοῦν δόλῳ κρατήσωσιν, καὶ ἀποκτείνωσιν.
281a050074	ἔλεγον δέ, Μὴ ἐν τῇ ἑορτῇ, ἵνα μὴ θόρυβος γένηται ἐν τῷ λαῷ.
281a06007b	Τοῦ δὲ Ἰησοῦ γενομένου ἐν Βηθανία ἐν οἰκίᾳ Σίμωνος τοῦ λεπροῦ,
281a0700cb	προσῆλθεν αὐτῷ γυνὴ ἔχουσα ἀλάβαστρον μύρου βαρυτίμου, καὶ κατέχεεν ἐπὶ τῆς κεφαλῆς αὐτοῦ ἀνακειμένου.
281a080081	ἰδόντες δὲ οἱ μαθηταὶ ἠγανάκτησαν λέγοντες, Εἰς τί ἡ ἀπώλεια αὕτη;
281a09006c	ἠδύνατο γὰρ τοῦτο πραθῆναι πολλοῦ καὶ δοθῆναι πτωχοῖς.
281a0a00be	γνοὺς δὲ ὁ Ἰησοῦς εἶπεν αὐτοῖς, Τί κόπους παρέχετε τῇ γυναικί; ἔργον γὰρ καλὸν εἰργάσατο εἰς ἐμέ.
281a0b0087	πάντοτε γὰρ τοὺς πτωχοὺς ἔχετε μεθ᾽ ἑαυτῶν, ἐμὲ δὲ οὐ πάντοτε ἔχετε.
281a0c00a4	βαλοῦσα γὰρ αὕτη τὸ μύρον τοῦτο ἐπὶ τοῦ σώματός μου, πρὸς τὸ ἐνταφιάσαι με ἐποίησεν.
281a0d00f7	ἀμὴν λέγω ὑμῖν, ὅπου ἐὰν κηρυχθῇ τὸ εὐαγγέλιον τοῦτο ἐν ὅλῳ τῷ κόσμῳ, λαληθήσεται καὶ ὃ ἐποίησεν αὕτη, εἰς μνημόσυνον αὐτῆς.
281a0e009f	Τότε πορευθεὶς εἷς τῶν δώδεκα, ὁ λεγόμενος Ἰούδας Ἰσκαριώτης, πρὸς τοὺς ἀρχιερεῖς
281a0f00b4	εἶπεν, Τί θέλετέ μοι δοῦναι, κἀγὼ ὑμῖν παραδώσω αὐτόν; οἱ δὲ ἔστησαν αὐτῷ τριάκοντα ἀργύρια·
281a10005f	καὶ ἀπὸ τότε ἐζήτει εὐκαιρίαν ἵνα αὐτὸν παραδῷ.
281a1100d1	Τῇ δὲ πρώτῃ τῶν ἀζύμων προσῆλθον οἱ μαθηταὶ τῷ Ἰησοῦ, λέγοντες, Ποῦ θέλεις ἑτοιμάσωμέν σοι φαγεῖν τὸ πάσχα;
281a12012d	ὁ δὲ εἶπεν, Ὑπάγετε εἰς τὴν πόλιν πρὸς τὸν δεῖνα, καὶ εἴπατε αὐτῷ, Ὁ διδάσκαλος λέγει, Ὁ καιρός μου ἐγγύς ἐστιν, πρὸς σὲ ποιῶ τὸ πάσχα μετὰ τῶν μαθητῶν μου.
281a130099	καὶ ἐποίησαν οἱ μαθηταὶ ὡς συνέταξεν αὐτοῖς ὁ Ἰησοῦς, καὶ ἡτοίμασαν τὸ πάσχα.
281a140057	Ὀψίας δὲ γενομένης ἀνέκειτο μετὰ τῶν δώδεκα·
281a15008e	καὶ ἐσθιόντων αὐτῶν εἶπεν, Ἀμὴν λέγω ὑμῖν ὅτι εἷς ἐξ ὑμῶν παραδώσει με.
281a160093	καὶ λυπούμενοι σφόδρα ἤρξαντο λέγειν αὐτῷ, εἷς ἕκαστος, Μήτι ἐγώ εἰμι, κύριε;
281a1700ac	ὁ δὲ ἀποκριθεὶς εἶπεν, Ὁ ἐμβάψας μετ᾽ ἐμοῦ τὴν χεῖρα ἐν τῷ τρυβλίῳ, οὗτός με παραδώσει.
281a180162	ὁ μὲν υἱὸς τοῦ ἀνθρώπου ὑπάγει καθὼς γέγραπται περὶ αὐτοῦ, οὐαὶ δὲ τῷ ἀνθρώπῳ ἐκείνῳ δι᾽ οὗ ὁ υἱὸς τοῦ ἀνθρώπου παραδίδοται· καλὸν ἦν αὐτῷ, εἰ οὐκ ἐγεννήθη ὁ ἄνθρωπος ἐκεῖνος.
281a1900b1	ἀποκριθεὶς δὲ Ἰούδας ὁ παραδιδοὺς αὐτὸν εἶπεν, Μήτι ἐγώ εἰμι, ῥαββί; λέγει αὐτῷ, Σὺ εἶπας.
281a1a0105	Ἐσθιόντων δὲ αὐτῶν λαβὼν ὁ Ἰησοῦς ἄρτον καὶ εὐλογήσας ἔκλασεν, καὶ δοὺς τοῖς μαθηταῖς εἶπεν, Λάβετε φάγετε· τοῦτό ἐστιν τὸ σῶμά μου.
281a1b009e	καὶ λαβὼν ποτήριον [καὶ] εὐχαριστήσας ἔδωκεν αὐτοῖς λέγων, Πίετε ἐξ αὐτοῦ πάντες·
281a1c00bf	τοῦτο γάρ ἐστιν τὸ αἷμά μου τῆς καινῆς διαθήκης, τὸ περὶ πολλῶν ἐκχυννόμενον εἰς ἄφεσιν ἁμαρτιῶν.
281a1d0131	λέγω δὲ ὑμῖν, οὐ μὴ πίω ἀπ᾽ ἄρτι ἐκ τούτου τοῦ γενήματος τῆς ἀμπέλου, ἕως τῆς ἡμέρας ἐκείνης ὅταν αὐτὸ πίνω μεθ᾽ ὑμῶν καινὸν ἐν τῇ βασιλείᾳ τοῦ πατρός μου.
281a1e005e	Καὶ ὑμνήσαντες ἐξῆλθον εἰς τὸ ὄρος τῶν ἐλαιῶν.
281a1f0142	Τότε λέγει αὐτοῖς ὁ Ἰησοῦς, Πάντες ὑμεῖς σκανδαλισθήσεσθε ἐν ἐμοὶ ἐν τῇ νυκτὶ ταύτῃ· γέγραπται γάρ, Πατάξω τὸν ποιμένα, καὶ διασκορπισθήσονται τὰ πρόβατα τῆς ποίμνης.
281a20006b	μετὰ δὲ τὸ ἐγερθῆναί με προάξω ὑμᾶς εἰς τὴν Γαλιλαίαν.
281a2100c6	ἀποκριθεὶς δὲ ὁ Πέτρος εἶπεν αὐτῷ, Εἰ πάντες σκανδαλισθήσονται ἐν σοί, ἐγὼ οὐδέποτε σκανδαλισθήσομαι.
281a2200bc	ἔφη αὐτῷ ὁ Ἰησοῦς, Ἀμὴν λέγω σοι ὅτι ἐν ταύτῃ τῇ νυκτὶ πρὶν ἀλέκτορα φωνῆσαι τρὶς ἀπαρνήσῃ με.
281a2300d1	λέγει αὐτῷ ὁ Πέτρος, Κἂν δέῃ με σὺν σοὶ ἀποθανεῖν, οὐ μή σε ἀπαρνήσομαι. ὁμοίως καὶ πάντες οἱ μαθηταὶ εἶπον.
281a240112	Τότε ἔρχεται μετ᾽ αὐτῶν ὁ Ἰησοῦς εἰς χωρίον λεγόμενον Γεθσημανεῖ, καὶ λέγει τοῖς μαθηταῖς, Καθίσατε αὐτοῦ, ἕως οὗ ἀπελθὼν ἐκεῖ προσεύξωμαι.
281a2500a9	καὶ παραλαβὼν τὸν Πέτρον καὶ τοὺς δύο υἱοὺς Ζεβεδαίου ἤρξατο λυπεῖσθαι καὶ ἀδημονεῖν.
281a2600ba	τότε λέγει αὐτοῖς, Περίλυπός ἐστιν ἡ ψυχή μου ἕως θανάτου· μείνατε ὧδε καὶ γρηγορεῖτε μετ᾽ ἐμοῦ.
281a270152	καὶ προσελθὼν μικρὸν ἔπεσεν ἐπὶ πρόσωπον αὐτοῦ προσευχόμενος καὶ λέγων, Πάτερ [μου,] εἰ δυνατόν ἐστιν, παρελθάτω ἀπ᾽ ἐμοῦ τὸ ποτήριον τοῦτο· πλὴν οὐχ ὡς ἐγὼ θέλω, ἀλλ᾽ ὡς σύ.
281a280107	καὶ ἔρχεται πρὸς τοὺς μαθητὰς καὶ εὑρίσκει αὐτοὺς καθεύδοντας, καὶ λέγει τῷ Πέτρῳ, Οὕτως οὐκ ἰσχύσατε μίαν ὥραν γρηγορῆσαι μετ᾽ ἐμοῦ;
281a2900c5	γρηγορεῖτε καὶ προσεύχεσθε ἵνα μὴ εἰσέλθητε εἰς πειρασμόν. τὸ μὲν πνεῦμα πρόθυμον, ἡ δὲ σὰρξ ἀσθενής.
281a2a00ef	Πάλιν ἐκ δευτέρου ἀπελθὼν προσηύξατο λέγων, Πάτερ μου, εἰ οὐ δύναται τοῦτο παρελθεῖν ἐὰν μὴ αὐτὸ πίω, γενηθήτω τὸ θέλημά σου.
281a2b00a3	καὶ ἐλθὼν πάλιν εὗρεν αὐτοὺς καθεύδοντας· ἦσαν γὰρ αὐτῶν οἱ ὀφθαλμοὶ βεβαρημένοι.
281a2c0095	καὶ ἀφεὶς αὐτοὺς πάλιν ἀπελθών, προσηύξατο ἐκ τρίτου, τὸν αὐτὸν λόγον εἰπών.
281a2d0144	τότε ἔρχεται πρὸς τοὺς μαθητὰς καὶ λέγει αὐτοῖς, Καθεύδετε [τὸ] λοιπὸν καὶ ἀναπαύεσθε· ἰδοὺ ἤγγικεν ἡ ὥρα, καὶ ὁ υἱὸς τοῦ ἀνθρώπου παραδίδοται εἰς χεῖρας ἁμαρτωλῶν.
281a2e005d	ἐγείρεσθε ἄγωμεν· ἰδοὺ ἤγγικεν ὁ παραδιδούς με.
281a2f0132	Καὶ ἔτι αὐτοῦ λαλοῦντος, ἰδοὺ Ἰούδας εἷς τῶν δώδεκα ἦλθεν, καὶ μετ᾽ αὐτοῦ ὄχλος πολὺς μετὰ μαχαιρῶν καὶ ξύλων, ἀπὸ τῶν ἀρχιερέων καὶ πρεσβυτέρων τοῦ λαοῦ.
281a3000b9	ὁ δὲ παραδιδοὺς αὐτὸν ἔδωκεν αὐτοῖς σημεῖον λέγων, Ὃν ἂν φιλήσω, αὐτός ἐστιν· κρατήσατε αὐτόν.
281a31008e	καὶ εὐθέως προσελθὼν τῷ Ἰησοῦ εἶπεν, Χαῖρε ῥαββί, καὶ κατεφίλησεν αὐτόν.
281a3200ec	ὁ δὲ Ἰησοῦς εἶπεν αὐτῷ, Ἑταῖρε, ἐφ᾽ ὃ πάρει; τότε προσελθόντες ἐπέβαλον τὰς χεῖρας ἐπὶ τὸν Ἰησοῦν καὶ ἐκράτησαν αὐτόν.
281a330114	καὶ ἰδοὺ εἷς τῶν μετὰ Ἰησοῦ ἐκτείνας τὴν χεῖρα ἀπέσπασεν τὴν μάχαιραν αὐτοῦ, καὶ πατάξας τὸν δοῦλον τοῦ ἀρχιερέως ἀφεῖλεν αὐτοῦ τὸ ὠτίον.
281a3400fd	τότε λέγει αὐτῷ ὁ Ἰησοῦς, Ἀπόστρεψον τὴν μάχαιράν σου εἰς τὸν τόπον αὐτῆς· πάντες γὰρ οἱ λαβόντες μάχαιραν ἐν μαχαίρῃ ἀπολοῦνται.
281a3500cb	ἢ δοκεῖς ὅτι οὐ δύναμαι παρακαλέσαι τὸν πατέρα μου, καὶ παραστήσει μοι ἄρτι πλείω δώδεκα λεγεῶνας ἀγγέλων;
281a360067	πῶς οὖν πληρωθῶσιν αἱ γραφαὶ ὅτι οὕτως δεῖ γενέσθαι;
281a37016e	Ἐν ἐκείνῃ τῇ ὥρᾳ εἶπεν ὁ Ἰησοῦς τοῖς ὄχλοις, Ὡς ἐπὶ λῃστὴν ἐξήλθατε μετὰ μαχαιρῶν καὶ ξύλων συλλαβεῖν με; καθ᾽ ἡμέραν [πρὸς ὑμᾶς] ἐν τῷ ἱερῷ ἐκαθεζόμην διδάσκων, καὶ οὐκ ἐκρατήσατέ με.
281a3800d0	τοῦτο δὲ ὅλον γέγονεν, ἵνα πληρωθῶσιν αἱ γραφαὶ τῶν προφητῶν. τότε οἱ μαθηταὶ πάντες ἀφέντες αὐτὸν ἔφυγον.
281a3900e0	Οἱ δὲ κρατήσαντες τὸν Ἰησοῦν ἀπήγαγον πρὸς Καϊάφαν τὸν ἀρχιερέα, ὅπου οἱ γραμματεῖς καὶ οἱ πρεσβύτεροι συνήχθησαν.
281a3a0100	ὁ δὲ Πέτρος ἠκολούθει αὐτῷ ἀπὸ μακρόθεν ἕως τῆς αὐλῆς τοῦ ἀρχιερέως, καὶ εἰσελθὼν ἔσω ἐκάθητο μετὰ τῶν ὑπηρετῶν ἰδεῖν τὸ τέλος.
281a3b00c9	Οἱ δὲ ἀρχιερεῖς καὶ τὸ συνέδριον ὅλον ἐζήτουν ψευδομαρτυρίαν κατὰ τοῦ Ἰησοῦ, ὅπως αὐτὸν θανατώσουσιν,
281a3c0096	καὶ οὐχ εὗρον, πολλῶν προσελθόντων ψευδομαρτύρων· ὕστερον δὲ προσελθόντες δύο
281a3d00ae	εἶπον, Οὗτος ἔφη, Δύναμαι καταλῦσαι τὸν ναὸν τοῦ θεοῦ, καὶ διὰ τριῶν ἡμερῶν οἰκοδομῆσαι.
281a3e00a3	καὶ ἀναστὰς ὁ ἀρχιερεὺς εἶπεν αὐτῷ, Οὐδὲν ἀποκρίνῃ; τί οὗτοί σου καταμαρτυροῦσιν;
281a3f0113	ὁ δὲ Ἰησοῦς, ἐσιώπα. καὶ ὁ ἀρχιερεὺς εἶπεν αὐτῷ, Ἐξορκίζω σε κατὰ τοῦ θεοῦ τοῦ ζῶντος, ἵνα ἡμῖν εἴπῃς εἰ σὺ εἶ ὁ χριστὸς ὁ υἱὸς τοῦ θεοῦ.
281a400141	λέγει αὐτῷ ὁ Ἰησοῦς, Σὺ εἶπας· πλὴν λέγω ὑμῖν, ἀπ᾽ ἄρτι ὄψεσθε τὸν υἱὸν τοῦ ἀνθρώπου καθήμενον ἐκ δεξιῶν τῆς δυνάμεως καὶ ἐρχόμενον ἐπὶ τῶν νεφελῶν τοῦ οὐρανοῦ.
281a4100f9	τότε ὁ ἀρχιερεὺς διέῤῥηξεν τὰ ἱμάτια αὐτοῦ λέγων, Ἐβλασφήμησεν· τί ἔτι χρείαν ἔχομεν μαρτύρων; ἴδε νῦν ἠκούσατε τὴν βλασφημίαν.
281a420079	τί ὑμῖν δοκεῖ; οἱ δὲ ἀποκριθέντες εἶπον, Ἔνοχος θανάτου ἐστίν.
281a430092	τότε ἐνέπτυσαν εἰς τὸ πρόσωπον αὐτοῦ καὶ ἐκολάφισαν αὐτόν· οἱ δὲ ἐράπισαν
281a44006c	λέγοντες, Προφήτευσον ἡμῖν, χριστέ, τίς ἐστιν ὁ παίσας σε;
281a4500e1	Ὁ δὲ Πέτρος ἐκάθητο ἔξω ἐν τῇ αὐλῇ· καὶ προσῆλθεν αὐτῷ μία παιδίσκη λέγουσα, Καὶ σὺ ἦσθα μετὰ Ἰησοῦ τοῦ Γαλιλαίου.
281a46006d	ὁ δὲ ἠρνήσατο ἔμπροσθεν πάντων λέγων, Οὐκ οἶδα τί λέγεις.
281a4700d1	ἐξελθόντα δὲ εἰς τὸν πυλῶνα εἶδεν αὐτὸν ἄλλη, καὶ λέγει τοῖς ἐκεῖ, Καὶ οὗτος ἦν μετὰ Ἰησοῦ τοῦ Ναζωραίου.
281a48006f	καὶ πάλιν ἠρνήσατο μετὰ ὅρκου ὅτι Οὐκ οἶδα τὸν ἄνθρωπον.
281a4900e8	μετὰ μικρὸν δὲ προσελθόντες οἱ ἑστῶτες εἶπον τῷ Πέτρῳ, Ἀληθῶς καὶ σὺ ἐξ αὐτῶν εἶ· καὶ γὰρ ἡ λαλιά σου δῆλόν σε ποιεῖ.
281a4a00b8	τότε ἤρξατο καταθεματίζειν καὶ ὀμνύειν ὅτι Οὐκ οἶδα τὸν ἄνθρωπον. καὶ εὐθὺς ἀλέκτωρ ἐφώνησεν.
281a4b00fb	καὶ ἐμνήσθη ὁ Πέτρος τοῦ ῥήματος Ἰησοῦ εἰρηκότος ὅτι Πρὶν ἀλέκτορα φωνῆσαι τρὶς ἀπαρνήσῃ με· καὶ ἐξελθὼν ἔξω ἔκλαυσεν πικρῶς.
281b0100f2	Πρωΐας δὲ γενομένης συμβούλιον ἔλαβον πάντες οἱ ἀρχιερεῖς καὶ οἱ πρεσβύτεροι τοῦ λαοῦ κατὰ τοῦ Ἰησοῦ, ὥστε θανατῶσαι αὐτόν,
281b020077	καὶ δήσαντες αὐτὸν ἀπήγαγον καὶ παρέδωκαν Πιλάτῳ τῷ ἡγεμόνι.
281b0300fd	Τότε ἰδὼν Ἰούδας ὁ παραδιδοὺς αὐτὸν ὅτι κατεκρίθη, μεταμεληθεὶς ἔστρεψεν τὰ τριάκοντα ἀργύρια τοῖς ἀρχιερεῦσιν καὶ πρεσβυτέροις
281b040089	λέγων, Ἥμαρτον παραδοὺς αἷμα ἀθῶον. οἱ δὲ εἶπον, Τί πρὸς ἡμᾶς; σὺ ὄψῃ.
281b050086	καὶ ῥίψας τὰ ἀργύρια εἰς τὸν ναὸν ἀνεχώρησεν, καὶ ἀπελθὼν ἀπήγξατο.
281b0600da	οἱ δὲ ἀρχιερεῖς λαβόντες τὰ ἀργύρια εἶπαν, Οὐκ ἔξεστιν βαλεῖν αὐτὰ εἰς τὸν κορβανᾶν, ἐπεὶ τιμὴ αἵματός ἐστιν.
281b0700ab	συμβούλιον δὲ λαβόντες ἠγόρασαν ἐξ αὐτῶν τὸν ἀγρὸν τοῦ κεραμέως, εἰς ταφὴν τοῖς ξένοις.
281b080074	διὸ ἐκλήθη ὁ ἀγρὸς ἐκεῖνος ἀγρὸς αἵματος ἕως τῆς σήμερον.
281b090125	τότε ἐπληρώθη τὸ ῥηθὲν διὰ Ἱερεμίου τοῦ προφήτου λέγοντος, Καὶ ἔλαβον τὰ τριάκοντα ἀργύρια, τὴν τιμὴν τοῦ τετιμημένου, ὃν ἐτιμήσαντο ἀπὸ υἱῶν Ἰσραήλ,
281b0a0089	καὶ ἔδωκαν αὐτὰ εἰς τὸν ἀγρὸν τοῦ κεραμέως, καθὰ συνέταξέν μοι κύριος.
281b0b011e	Ὁ δὲ Ἰησοῦς ἐστάθη ἔμπροσθεν τοῦ ἡγεμόνος· καὶ ἐπηρώτησεν αὐτὸν ὁ ἡγεμὼν λέγων, Σὺ εἶ ὁ βασιλεὺς τῶν Ἰουδαίων; ὁ δὲ Ἰησοῦς ἔφη αὐτῷ, Σὺ λέγεις.
281b0c00ac	καὶ ἐν τῷ κατηγορεῖσθαι αὐτὸν ὑπὸ τῶν ἀρχιερέων καὶ τῶν πρεσβυτέρων οὐδὲν ἀπεκρίνατο.
281b0d007d	τότε λέγει αὐτῷ ὁ Πιλᾶτος, Οὐκ ἀκούεις πόσα σοῦ καταμαρτυροῦσιν;
281b0e0092	καὶ οὐκ ἀπεκρίθη αὐτῷ πρὸς οὐδὲ ἓν ῥῆμα, ὥστε θαυμάζειν τὸν ἡγεμόνα λίαν.
281b0f008f	Κατὰ δὲ ἑορτὴν εἰώθει ὁ ἡγεμὼν ἀπολύειν ἕνα τῷ ὄχλῳ δέσμιον, ὃν ἤθελον.
281b100063	εἶχον δὲ τότε δέσμιον ἐπίσημον, λεγόμενον Βαραββᾶν·
281b1100dc	συνηγμένων οὖν αὐτῶν εἶπεν αὐτοῖς ὁ Πιλᾶτος, Τίνα θέλετε ἀπολύσω ὑμῖν; Βαραββᾶν, ἢ Ἰησοῦν τὸν λεγόμενον χριστόν;
281b12004e	ᾔδει γὰρ ὅτι διὰ φθόνον παρέδωκαν αὐτόν.
281b130139	καθημένου δὲ αὐτοῦ ἐπὶ τοῦ βήματος, ἀπέστειλεν πρὸς αὐτὸν ἡ γυνὴ αὐτοῦ λέγουσα, Μηδὲν σοὶ καὶ τῷ δικαίῳ ἐκείνῳ· πολλὰ γὰρ ἔπαθον σήμερον κατ᾽ ὄναρ δι᾽ αὐτόν.
281b1400db	οἱ δὲ ἀρχιερεῖς καὶ οἱ πρεσβύτεροι ἔπεισαν τοὺς ὄχλους, ἵνα αἰτήσωνται τὸν Βαραββᾶν, τὸν δὲ Ἰησοῦν ἀπολέσωσιν.
281b1500c9	ἀποκριθεὶς δὲ ὁ ἡγεμὼν εἶπεν αὐτοῖς, Τίνα θέλετε ἀπὸ τῶν δύο ἀπολύσω ὑμῖν; οἱ δὲ εἶπαν, Τὸν Βαραββᾶν.
281b1600b7	λέγει αὐτοῖς ὁ Πιλᾶτος, Τί οὖν ποιήσω Ἰησοῦν τὸν λεγόμενον χριστόν; Λέγουσιν πάντες, Σταυρωθήτω.
281b170094	ὁ δὲ ἔφη, Τί γὰρ κακὸν ἐποίησεν; οἱ δὲ περισσῶς ἔκραζον λέγοντες, Σταυρωθήτω.
281b180170	Ἰδὼν δὲ ὁ Πιλᾶτος ὅτι οὐδὲν ὠφελεῖ, ἀλλὰ μᾶλλον θόρυβος γίνεται, λαβὼν ὕδωρ ἀπενίψατο τὰς χεῖρας κατέναντι τοῦ ὄχλου λέγων, Ἀθῶός εἰμι ἀπὸ τοῦ αἵματος [τοῦ δικαίου] τούτου· ὑμεῖς ὄψεσθε.
281b1900a0	καὶ ἀποκριθεὶς πᾶς ὁ λαὸς εἶπεν, Τὸ αἷμα αὐτοῦ ἐφ᾽ ἡμᾶς καὶ ἐπὶ τὰ τέκνα ἡμῶν.
281b1a00a7	τότε ἀπέλυσεν αὐτοῖς τὸν Βαραββᾶν· τὸν δὲ Ἰησοῦν φραγελλώσας παρέδωκεν ἵνα σταυρωθῇ.
281b1b00e0	Τότε οἱ στρατιῶται τοῦ ἡγεμόνος, παραλαβόντες τὸν Ἰησοῦν εἰς τὸ πραιτώριον, συνήγαγον ἐπ᾽ αὐτὸν ὅλην τὴν σπεῖραν·
281b1c006c	καὶ ἐκδύσαντες αὐτὸν χλαμύδα κοκκίνην περιέθηκαν αὐτῷ·
281b1d0170	καὶ πλέξαντες στέφανον ἐξ ἀκανθῶν, ἐπέθηκαν ἐπὶ τῆς κεφαλῆς αὐτοῦ, καὶ κάλαμον ἐν τῇ δεξιᾷ αὐτοῦ· καὶ γονυπετήσαντες ἔμπροσθεν αὐτοῦ ἐνέπαιζoν αὐτῷ λέγοντες, Χαῖρε βασιλεῦ τῶν Ἰουδαίων·
281b1e009f	καὶ ἐμπτύσαντες εἰς αὐτὸν ἔλαβον τὸν κάλαμον καὶ ἔτυπτον εἰς τὴν κεφαλὴν αὐτοῦ.
281b1f00fa	καὶ ὅτε ἐνέπαιξαν αὐτῷ, ἐξέδυσαν αὐτὸν τὴν χλαμύδα, καὶ ἐνέδυσαν αὐτὸν τὰ ἱμάτια αὐτοῦ· καὶ ἀπήγαγον αὐτὸν εἰς τὸ σταυρῶσαι.
281b2000ca	ἐξερχόμενοι δὲ εὗρον ἄνθρωπον Κυρηναῖον, ὀνόματι Σίμωνα· τοῦτον ἠγγάρευσαν ἵνα ἄρῃ τὸν σταυρὸν αὐτοῦ.
281b21008d	Καὶ ἐλθόντες εἰς τόπον λεγόμενον Γολγοθά, ὅ ἐστιν κρανίου τόπος λεγόμενος,
281b2200a0	ἔδωκαν αὐτῷ πιεῖν οἶνον μετὰ χολῆς μεμιγμένον, καὶ γευσάμενος οὐκ ἠθέλησεν πιεῖν.
281b230089	σταυρώσαντες δὲ αὐτὸν διεμερίσαντο τὰ ἱμάτια αὐτοῦ, βάλλοντες κλῆρον·
281b240043	καὶ καθήμενοι ἐτήρουν αὐτὸν ἐκεῖ.
281b2500dd	καὶ ἐπέθηκαν ἐπάνω τῆς κεφαλῆς αὐτοῦ τὴν αἰτίαν αὐτοῦ γεγραμμένην, Οὗτός ἐστιν Ἰησοῦς ὁ βασιλεὺς τῶν Ἰουδαίων.
281b26008e	Τότε σταυροῦνται σὺν αὐτῷ δύο λῃσταί, εἷς ἐκ δεξιῶν καὶ εἷς ἐξ εὐωνύμων.
281b270089	οἱ δὲ παραπορευόμενοι ἐβλασφήμουν αὐτὸν κινοῦντες τὰς κεφαλὰς αὐτῶν,
281b2800fc	καὶ λέγοντες, Ὁ καταλύων τὸν ναὸν καὶ ἐν τρισὶν ἡμέραις οἰκοδομῶν, σῶσον σεαυτόν· εἰ υἱὸς εἶ τοῦ θεοῦ, κατάβηθι ἀπὸ τοῦ σταυροῦ.
281b2900a5	ὁμοίως [δὲ] καὶ οἱ ἀρχιερεῖς ἐμπαίζοντες μετὰ τῶν γραμματέων καὶ πρεσβυτέρων ἔλεγον,
281b2a00ea	Ἄλλους ἔσωσεν, ἑαυτὸν οὐ δύναται σῶσαι. βασιλεὺς Ἰσραήλ ἐστιν, καταβάτω νῦν ἀπὸ τοῦ σταυροῦ, καὶ πιστεύσομεν ἐπ᾽ αὐτόν.
281b2b00ad	πέποιθεν ἐπὶ τὸν θεόν· ῥυσάσθω νῦν [αὐτόν,] εἰ θέλει αὐτόν· εἶπεν γὰρ ὅτι θεοῦ εἰμι υἱός.
281b2c008c	τὸ δ᾽ αὐτὸ καὶ οἱ λῃσταὶ οἱ συνσταυρωθέντες σὺν αὐτῷ ὠνείδιζον αὐτόν.
281b2d0088	Ἀπὸ δὲ ἕκτης ὥρας σκότος ἐγένετο ἐπὶ πᾶσαν τὴν γῆν ἕως ὥρας ἐνάτης·
281b2e010a	περὶ δὲ τὴν ἐνάτην ὥραν ἐβόησεν ὁ Ἰησοῦς φωνῇ μεγάλῃ, λέγων, Ἠλὶ Ἠλί, λεμὰ σαβαχθανεί; τοῦτ᾽ ἔστιν, Θεέ μου θεέ μου, ἱνατί με ἐγκατέλιπες;
281b2f0089	τινὲς δὲ τῶν ἐκεῖ ἑστηκότων ἀκούσαντες ἔλεγον ὅτι Ἡλίαν φωνεῖ οὗτος.
281b3000c9	καὶ εὐθέως δραμὼν εἷς ἐξ αὐτῶν καὶ λαβὼν σπόγγον, πλήσας τε ὄξους καὶ περιθεὶς καλάμῳ, ἐπότιζεν αὐτόν·
281b310079	οἱ δὲ λοιποὶ εἴπαν, Ἄφες, ἴδωμεν εἰ ἔρχεται Ἡλίας σώσων αὐτόν.
281b32006c	ὁ δὲ Ἰησοῦς πάλιν κράξας φωνῇ μεγάλῃ ἀφῆκεν τὸ πνεῦμα.
281b3300de	Καὶ ἰδοὺ τὸ καταπέτασμα τοῦ ναοῦ ἐσχίσθη ἀπ᾽ ἄνωθεν ἕως κάτω εἰς δύο, καὶ ἡ γῆ ἐσείσθη, καὶ αἱ πέτραι ἐσχίσθησαν,
281b340099	καὶ τὰ μνημεῖα ἀνεῴχθησαν, καὶ πολλὰ σώματα τῶν κεκοιμημένων ἁγίων ἠγέρθῃσαν,
281b3500db	καὶ ἐξελθόντες ἐκ τῶν μνημείων μετὰ τὴν ἔγερσιν αὐτοῦ, εἰσῆλθον εἰς τὴν ἁγίαν πόλιν καὶ ἐνεφανίσθησαν πολλοῖς.
281b360127	Ὁ δὲ ἑκατόνταρχος καὶ οἱ μετ᾽ αὐτοῦ τηροῦντες τὸν Ἰησοῦν ἰδόντες τὸν σεισμὸν καὶ τὰ γινόμενα, ἐφοβήθησαν σφόδρα λέγοντες, Ἀληθῶς υἱὸς θεοῦ ἦν οὗτος.
281b3700ee	Ἦσαν δὲ ἐκεῖ γυναῖκες πολλαὶ ἀπὸ μακρόθεν θεωροῦσαι, αἵτινες ἠκολούθησαν τῷ Ἰησοῦ ἀπὸ τῆς Γαλιλαίας, διακονοῦσαι αὐτῷ·
281b3800c2	ἐν αἷς ἦν Μαρία ἡ Μαγδαληνή, καὶ Μαρία ἡ τοῦ Ἰακώβου καὶ Ἰωσῆ μήτηρ, καὶ ἡ μήτηρ τῶν υἱῶν Ζεβεδαίου.
281b3900d6	Ὀψίας δὲ γενομένης ἦλθεν ἄνθρωπος πλούσιος ἀπὸ Ἀριμαθαίας, τοὔνομα Ἰωσήφ, ὃς καὶ αὐτὸς ἐμαθητεύθη τῷ Ἰησοῦ·
281b3a00c5	οὗτος προσελθὼν τῷ Πιλάτῳ, ᾐτήσατο τὸ σῶμα τοῦ Ἰησοῦ. τότε ὁ Πιλᾶτος ἐκέλευσεν ἀποδοθῆναι [τὸ σῶμα.]
281b3b0079	καὶ λαβὼν τὸ σῶμα ὁ Ἰωσὴφ ἐνετύλιξεν αὐτὸ ἐν σινδόνι καθαρᾷ,
281b3c00f8	καὶ ἔθηκεν αὐτὸ ἐν τῷ καινῷ αὐτοῦ μνημείῳ ὃ ἐλατόμησεν ἐν τῇ πέτρᾳ, καὶ προσκυλίσας λίθον μέγαν τῇ θύρᾳ τοῦ μνημείου ἀπῆλθεν.
281b3d0094	ἦν δὲ ἐκεῖ Μαρία ἡ Μαγδαληνὴ καὶ ἡ ἄλλη Μαρία, καθήμεναι ἀπέναντι τοῦ τάφου.
281b3e00c9	Τῇ δὲ ἐπαύριον, ἥτις ἐστὶν μετὰ τὴν παρασκευήν, συνήχθησαν οἱ ἀρχιερεῖς καὶ οἱ Φαρισαῖοι πρὸς Πιλᾶτον
281b3f00b3	λέγοντες, Κύριε, ἐμνήσθημεν ὅτι ἐκεῖνος ὁ πλάνος εἶπεν ἔτι ζῶν, Μετὰ τρεῖς ἡμέρας ἐγείρομαι.
281b40017d	κέλευσον οὖν ἀσφαλισθῆναι τὸν τάφον ἕως τῆς τρίτης ἡμέρας, μή ποτε ἐλθόντες οἱ μαθηταὶ αὐτοῦ κλέψωσιν αὐτόν, καὶ εἴπωσιν τῷ λαῷ, Ἠγέρθη ἀπὸ τῶν νεκρῶν· καὶ ἔσται ἡ ἐσχάτη πλάνη χείρων τῆς πρώτης.
281b41008b	ἔφη αὐτοῖς ὁ Πιλᾶτος, Ἔχετε κουστωδίαν· ὑπάγετε ἀσφαλίσασθε ὡς οἴδατε.
281b4200a2	οἱ δὲ πορευθέντες ἠσφαλίσαντο τὸν τάφον σφραγίσαντες τὸν λίθον μετὰ τῆς κουστωδίας·
281c0100d8	Ὀψὲ δὲ σαββάτων, τῇ ἐπιφωσκούσῃ εἰς μίαν σαββάτων, ἦλθεν Μαρία ἡ Μαγδαληνὴ καὶ ἡ ἄλλη Μαρία θεωρῆσαι τὸν τάφον.
281c020103	καὶ ἰδοὺ σεισμὸς ἐγένετο μέγας· ἄγγελος γὰρ κυρίου καταβὰς ἐξ οὐρανοῦ καὶ προσελθὼν ἀπεκύλισεν τὸν λίθον, καὶ ἐκάθητο ἐπάνω αὐτοῦ.
281c030086	ἦν δὲ ἡ εἰδέα αὐτοῦ ὡς ἀστραπὴ καὶ τὸ ἔνδυμα αὐτοῦ λευκὸν ὡς χιών.
281c040091	ἀπὸ δὲ τοῦ φόβου αὐτοῦ ἐσείσθησαν οἱ τηροῦντες, καὶ ἐγενήθησαν ὡς νεκροί.
281c0500db	ἀποκριθεὶς δὲ ὁ ἄγγελος εἶπεν ταῖς γυναιξίν, Μὴ φοβεῖσθε ὑμεῖς· οἶδα γὰρ ὅτι Ἰησοῦν τὸν ἐσταυρωμένον ζητεῖτε.
281c0600a3	οὐκ ἔστιν ὧδε· ἠγέρθη γὰρ καθὼς εἶπεν. δεῦτε ἴδετε τὸν τόπον ὅπου ἔκειτο [ὁ κύριος.]
281c070132	καὶ ταχὺ πορευθεῖσαι εἴπατε τοῖς μαθηταῖς αὐτοῦ ὅτι ἠγέρθη ἀπὸ τῶν νεκρῶν, καὶ ἰδοὺ προάγει ὑμᾶς εἰς τὴν Γαλιλαίαν· ἐκεῖ αὐτὸν ὄψεσθε. ἰδοὺ εἶπον ὑμῖν.
281c0800d4	Καὶ ἀπελθοῦσαι ταχὺ ἀπὸ τοῦ μνημείου μετὰ φόβου καὶ χαρᾶς μεγάλης, ἔδραμον ἀπαγγεῖλαι τοῖς μαθηταῖς αὐτοῦ.
281c0900ed	καὶ ἰδοὺ ὁ Ἰησοῦς ὑπήντησεν αὐταῖς λέγων, Χαίρετε. αἱ δὲ προσελθοῦσαι ἐκράτησαν αὐτοῦ τοὺς πόδας καὶ προσεκύνησαν αὐτῷ.
281c0a00ff	τότε λέγει αὐταῖς ὁ Ἰησοῦς, Μὴ φοβεῖσθε· ὑπάγετε ἀπαγγείλατε τοῖς ἀδελφοῖς μου ἵνα ἀπέλθωσιν εἰς τὴν Γαλιλαίαν, κἀκεῖ με ὄψονται.
281c0b00e8	Πορευομένων δὲ αὐτῶν, ἰδού τινες τῆς κουστωδίας ἐλθόντες εἰς τὴν πόλιν ἀπήγγειλαν τοῖς ἀρχιερεῦσιν ἅπαντα τὰ γενόμενα.
281c0c00bf	καὶ συναχθέντες μετὰ τῶν πρεσβυτέρων συμβούλιόν τε λαβόντες, ἀργύρια ἱκανὰ ἔδωκαν τοῖς στρατιώταις
281c0d00a9	λέγοντες, Εἴπατε ὅτι οἱ μαθηταὶ αὐτοῦ νυκτὸς ἐλθόντες ἔκλεψαν αὐτὸν ἡμῶν κοιμωμένων·
281c0e00bb	καὶ ἐὰν ἀκουσθῇ τοῦτο ὑπὸ τοῦ ἡγεμόνος, ἡμεῖς πείσομεν [αὐτὸν] καὶ ὑμᾶς ἀμερίμνους ποιήσομεν.
281c0f00ea	οἱ δὲ λαβόντες τὰ ἀργύρια ἐποίησαν ὡς ἐδιδάχθησαν. καὶ διεφημίσθη ὁ λόγος οὗτος παρὰ Ἰουδαίοις μέχρι τῆς σήμερον ἡμέρας.
281c1000b6	Οἱ δὲ ἕνδεκα μαθηταὶ ἐπορεύθησαν εἰς τὴν Γαλιλαίαν, εἰς τὸ ὄρος οὗ ἐτάξατο αὐτοῖς ὁ Ἰησοῦς.
281c11005f	καὶ ἰδόντες αὐτὸν προσεκύνησαν, οἱ δὲ ἐδίστασαν.
281c1200bf	καὶ προσελθὼν ὁ Ἰησοῦς ἐλάλησεν αὐτοῖς λέγων, Ἐδόθη μοι πᾶσα ἐξουσία ἐν οὐρανῷ καὶ ἐπὶ τῆς γῆς.
281c1300f4	πορευθέντες [οὖν] μαθητεύσατε πάντα τὰ ἔθνη, βαπτίσαντες αὐτοὺς εἰς τὸ ὄνομα τοῦ πατρὸς καὶ τοῦ υἱοῦ καὶ τοῦ ἁγίου πνεύματος,
281c14011f	διδάσκοντες αὐτοὺς τηρεῖν πάντα ὅσα ἐνετειλάμην ὑμῖν· καὶ ἰδοὺ ἐγὼ μεθ᾽ ὑμῶν εἰμι πάσας τὰς ἡμέρας ἕως τῆς συντελείας τοῦ αἰῶνος. ΚΑΤΑ ΜΑΘΘΑΙΟΝ.
2900000015	Κατα Μαρκον
290101005c	Ἀρχὴ τοῦ εὐαγγελίου Ἰησοῦ χριστοῦ υἱοῦ θεοῦ·
29010200e8	καθὼς γέγραπται ἐν [τῷ] Ἠσαΐᾳ τῷ προφήτῃ, Ἰδοὺ ἀποστέλλω τὸν ἄγγελόν μου πρὸ προσώπου σου, ὃς κατασκευάσει τὴν ὁδόν σου.
29010300af	Φωνὴ βοῶντος, Ἐν τῇ ἐρήμῳ ἑτοιμάσατε τὴν ὁδὸν κυρίου, εὐθείας ποιεῖτε τὰς τρίβους αὐτοῦ.
29010400b7	Ἐγένετο Ἰωάννης ὁ βαπτίζων ἐν τῇ ἐρήμῳ, [καὶ] κηρύσσων βάπτισμα μετανοίας εἰς ἄφεσιν ἁμαρτιῶν.
2901050140	καὶ ἐξεπορεύετο πρὸς αὐτὸν πᾶσα ἡ Ἰουδαία χώρα καὶ οἱ Ἱεροσολυμῖται πάντες, καὶ ἐβαπτίζοντο ὑπ᾽ αὐτοῦ ἐν τῷ Ἰορδάνῃ ποταμῷ, ἐξομολογούμενοι τὰς ἁμαρτίας αὐτῶν.
29010600ee	καὶ ἦν ὁ Ἰωάννης ἐνδεδυμένος τρίχας καμήλου καὶ ζώνην δερματίνην περὶ τὴν ὀσφὺν αὐτοῦ, καὶ ἔσθων ἀκρίδας καὶ μέλι ἄγριον.
29010700ef	καὶ ἐκήρυσσεν λέγων, Ἔρχεται ὁ ἰσχυρότερός μου ὀπίσω μου, οὗ οὐκ εἰμὶ ἱκανὸς κύψας λῦσαι τὸν ἱμάντα τῶν ὑποδημάτων αὐτοῦ.
290108008e	ἐγὼ ἐβάπτισα ὑμᾶς [ἐν] ὕδατι, αὐτὸς δὲ βαπτίσει ὑμᾶς [ἐν] πνεύματι ἁγίῳ.
29010900f2	Καὶ ἐγένετο ἐν ἐκείναις ταῖς ἡμέραις, ἦλθεν Ἰησοῦς ἀπὸ Ναζαρὲθ τῆς Γαλιλαίας καὶ ἐβαπτίσθη εἰς τὸν Ἰορδάνην ὑπὸ Ἰωάννου·
29010a00e8	καὶ εὐθὺς ἀναβαίνων ἐκ τοῦ ὕδατος εἶδεν σχιζομένους τοὺς οὐρανοὺς καὶ τὸ πνεῦμα ὡς περιστερὰν καταβαῖνον εἰς αὐτόν·
29010b009a	καὶ φωνὴ ἐγένετο ἐκ τῶν οὐρανῶν, Σὺ εἶ ὁ υἱός μου ὁ ἀγαπητός, ἐν σοὶ εὐδόκησα.
29010c0066	Καὶ εὐθὺς τὸ πνεῦμα αὐτὸν ἐκβάλλει εἰς τὴν ἔρημον.
29010d00f2	καὶ ἦν ἐν τῇ ἐρήμῳ τεσσεράκοντα ἡμέρας πειραζόμενος ὑπὸ τοῦ σατανᾶ, καὶ ἦν μετὰ τῶν θηρίων· καὶ οἱ ἄγγελοι διηκόνουν αὐτῷ.
29010e00ca	Καὶ μετὰ τὸ παραδοθῆναι τὸν Ἰωάννην ἦλθεν ὁ Ἰησοῦς εἰς τὴν Γαλιλαίαν, κηρύσσων τὸ εὐαγγέλιον τοῦ θεοῦ,
29010f00d6	καὶ λέγων ὅτι Πεπλήρωται ὁ καιρὸς καὶ ἤγγικεν ἡ βασιλεία τοῦ θεοῦ· μετανοεῖτε, καὶ πιστεύετε ἐν τῷ εὐαγγελίῳ.
290110010b	καὶ παράγων παρὰ τὴν θάλασσαν τῆς Γαλιλαίας, εἶδεν Σίμωνα καὶ Ἀνδρέαν τὸν ἀδελφὸν Σίμωνος ἀμφιβάλλοντας ἐν τῇ θαλάσσῃ· ἦσαν γὰρ ἁλιεῖς·
29011100a9	καὶ εἶπεν αὐτοῖς ὁ Ἰησοῦς, Δεῦτε ὀπίσω μου, καὶ ποιήσω ὑμᾶς γενέσθαι ἁλιεῖς ἀνθρώπων.
290112005c	καὶ εὐθέως ἀφέντες τὰ δίκτυα ἠκολούθησαν αὐτῷ.
29011300ff	Καὶ προβὰς ὀλίγον εἶδεν Ἰάκωβον τὸν τοῦ Ζεβεδαίου καὶ Ἰωάννην τὸν ἀδελφὸν αὐτοῦ, καὶ αὐτοὺς ἐν τῷ πλοίῳ καταρτίζοντας τὰ δίκτυα,
29011400ec	καὶ εὐθὺς ἐκάλεσεν αὐτούς· καὶ ἀφέντες τὸν πατέρα αὐτῶν Ζεβεδαῖον ἐν τῷ πλοίῳ μετὰ τῶν μισθωτῶν, ἀπῆλθον ὀπίσω αὐτοῦ.
29011500c1	Καὶ εἰσπορεύονται εἰς Καφαρναούμ· καὶ εὐθέως τοῖς σάββασιν [εἰσελθὼν] εἰς τὴν συναγωγὴν ἐδίδασκεν.
29011600d1	καὶ ἐξεπλήσσοντο ἐπὶ τῇ διδαχῇ αὐτοῦ· ἦν γὰρ διδάσκων αὐτοὺς ὡς ἐξουσίαν ἔχων, καὶ οὐχ ὡς οἱ γραμματεῖς.
2901170091	καὶ ἦν ἐν τῇ συναγωγῇ αὐτῶν ἄνθρωπος ἐν πνεύματι ἀκαθάρτῳ, καὶ ἀνέκραξεν
29011800b4	λέγων, Τί ἡμῖν καὶ σοί, Ἰησοῦ Ναζαρηνέ; ἦλθες ἀπολέσαι ἡμᾶς; οἶδά σε τίς εἶ, ὁ ἅγιος τοῦ θεοῦ.
2901190082	καὶ ἐπετίμησεν αὐτῷ ὁ Ἰησοῦς λέγων, Φιμώθητι καὶ ἔξελθε ἐξ αὐτοῦ.
29011a00a8	καὶ σπαράξαν αὐτὸν τὸ πνεῦμα τὸ ἀκάθαρτον καὶ φωνῆσαν φωνῇ μεγάλῃ ἐξῆλθεν ἐξ αὐτοῦ.
29011b0154	καὶ ἐθαμβήθησαν ἅπαντες ὥστε συνζητεῖν πρὸς ἑαυτοὺς λέγοντας, Τί ἐστιν τοῦτο; διδαχὴ καινή, κατ᾽ ἐξουσίαν καὶ τοῖς πνεύμασιν τοῖς ἀκαθάρτοις ἐπιτάσσει, καὶ ὑπακούουσιν αὐτῷ;
29011c00a0	καὶ ἐξῆλθεν ἡ ἀκοὴ αὐτοῦ [εὐθὺς] [πανταχοῦ] εἰς ὅλην τὴν περίχωρον τῆς Γαλιλαίας.
29011d00cc	Καὶ εὐθὺς ἐκ τῆς συναγωγῆς ἐξελθὼν ἦλθεν εἰς τὴν οἰκίαν Σίμωνος καὶ Ἀνδρέου, μετὰ Ἰακώβου καὶ Ἰωάννου.
29011e009a	ἡ δὲ πενθερὰ Σίμωνος κατέκειτο πυρέσσουσα, καὶ εὐθὺς λέγουσιν αὐτῷ περὶ αὐτῆς.
29011f00d1	καὶ προσελθὼν ἤγειρεν αὐτὴν κρατήσας τῆς χειρὸς [αὐτῆς·] καὶ ἀφῆκεν αὐτὴν ὁ πυρετός, καὶ διηκόνει αὐτοῖς.
29012000d7	Ὀψίας δὲ γενομένης, ὅτε ἔδυσεν ὁ ἥλιος, ἔφερον πρὸς αὐτὸν πάντας τοὺς κακῶς ἔχοντας καὶ τοὺς δαιμονιζομένους·
290121005c	καὶ ἦν ὅλη ἡ πόλις ἐπισυνηγμένη πρὸς τὴν θύραν.
290122010b	καὶ ἐθεράπευσεν πολλοὺς κακῶς ἔχοντας ποικίλαις νόσοις· καὶ δαιμόνια πολλὰ ἐξέβαλεν, καὶ οὐκ ἤφιεν λαλεῖν τὰ δαιμόνια ὅτι ᾔδεισαν αὐτόν.
29012300a8	Καὶ πρωῒ ἔννυχα λίαν ἀναστὰς ἐξῆλθεν καὶ ἀπῆλθεν εἰς ἔρημον τόπον, κἀκεῖ προσηύχετο.
2901240061	καὶ κατεδίωξαν αὐτὸν [ὁ] Σίμων καὶ οἱ μετ᾽ αὐτοῦ·
2901250071	καὶ εὗρον αὐτὸν καὶ λέγουσιν αὐτῷ ὅτι Πάντες ζητοῦσίν σε.
29012600cb	καὶ λέγει αὐτοῖς, Ἄγωμεν ἀλλαχοῦ εἰς τὰς ἐχομένας κωμοπόλεις, ἵνα κἀκεῖ κηρύξω· εἰς τοῦτο γὰρ ἐξῆλθον.
29012700b5	καὶ ἦλθεν κηρύσσων εἰς τὰς συναγωγὰς αὐτῶν εἰς ὅλην τὴν Γαλιλαίαν, καὶ τὰ δαιμόνια ἐκβάλλων.
29012800eb	Καὶ ἔρχεται πρὸς αὐτὸν λεπρὸς παρακαλῶν αὐτὸν [καὶ γονυπετῶν αὐτόν,] καὶ λέγων αὐτῷ ὅτι Ἐὰν θέλῃς δύνασαί με καθαρίσαι.
29012900a4	καὶ σπλαγχνισθεὶς ἐκτείνας τὴν χεῖρα, αὐτοῦ ἥψατο καὶ λέγει αὐτῷ, Θέλω, καθαρίσθητι.
29012a006a	Καὶ εὐθὺς ἀπῆλθεν ἀπ᾽ αὐτοῦ ἡ λέπρα, καὶ ἐκαθαρίσθη.
29012b005d	καὶ ἐμβριμησάμενος αὐτῷ, εὐθὺς ἐξέβαλεν αὐτόν,
29012c013a	καὶ λέγει αὐτῷ, Ὅρα, μηδενὶ [μηδὲν] εἴπῃς· ἀλλὰ ὕπαγε σεαυτὸν δεῖξον τῷ ἱερεῖ, καὶ προσένεγκε περὶ τοῦ καθαρισμοῦ σου ἃ προσέταξεν Μωυσῆς, εἰς μαρτύριον αὐτοῖς.
29012d016a	ὁ δὲ ἐξελθὼν ἤρξατο κηρύσσειν πολλὰ καὶ διαφημίζειν τὸν λόγον, ὥστε μηκέτι αὐτὸν δύνασθαι φανερῶς εἰς πόλιν εἰσελθεῖν· ἀλλὰ ἔξω ἐπ᾽ ἐρήμοις τόποις ἦν, καὶ ἤρχοντο πρὸς αὐτὸν πάντοθεν.
2902010093	Καὶ εἰσελθὼν πάλιν εἰς Καφαρναοὺμ δι᾽ ἡμερῶν, ἠκούσθη ὅτι ἐν οἴκῳ ἐστὶν·
29020200c6	καὶ [εὐθέως] συνήχθησαν πολλοί, ὥστε μηκέτι χωρεῖν μηδὲ τὰ πρὸς τὴν θύραν, καὶ ἐλάλει αὐτοῖς τὸν λόγον.
2902030088	καὶ ἔρχονται πρὸς αὐτὸν φέροντες παραλυτικὸν αἰρόμενον ὑπὸ τεσσάρων.
2902040123	καὶ μὴ δυνάμενοι προσεγγίσαι αὐτῷ διὰ τὸν ὄχλον, ἀπεστέγασαν τὴν στέγην ὅπου ἦν, καὶ ἐξορύξαντες χαλῶσιν τὸν κράβαττον, ὅπου ὁ παραλυτικὸς κατέκειτο.
29020500ad	ἰδὼν δὲ ὁ Ἰησοῦς τὴν πίστιν αὐτῶν λέγει τῷ παραλυτικῷ, Τέκνον, ἀφίενταί σου αἱ ἁμαρτίαι.
29020600a8	ἦσαν δέ τινες τῶν γραμματέων ἐκεῖ καθήμενοι καὶ διαλογιζόμενοι ἐν ταῖς καρδίαις αὐτῶν,
290207009a	Τί οὗτος οὕτως λαλεῖ; βλασφημεῖ· τίς δύναται ἀφιέναι ἁμαρτίας, εἰ μὴ εἷς ὁ θεός;
2902080117	καὶ εὐθὺς ἐπιγνοὺς ὁ Ἰησοῦς τῷ πνεύματι αὐτοῦ ὅτι οὕτως διαλογίζονται ἐν ἑαυτοῖς, λέγει αὐτοῖς, Τί ταῦτα διαλογίζεσθε ἐν ταῖς καρδίαις ὑμῶν;
29020900ff	τί ἐστιν εὐκοπώτερον, εἰπεῖν τῷ παραλυτικῷ, Ἀφίενταί σου αἱ ἁμαρτίαι, ἢ εἰπεῖν, Ἐγείρου, [καὶ] ἆρον τὸν κράβαττόν σου, καὶ περιπάτει;
29020a00cd	ἵνα δὲ εἰδῆτε ὅτι ἐξουσίαν ἔχει ὁ υἱὸς τοῦ ἀνθρώπου ἐπὶ τῆς γῆς ἀφιέναι ἁμαρτίας, λέγει τῷ παραλυτικῷ,
29020b0085	Σοὶ λέγω, ἔγειρε, ἆρον τὸν κράβαττόν σου, καὶ ὕπαγε εἰς τὸν οἶκόν σου.
29020c0121	καὶ ἠγέρθη, καὶ εὐθὺς ἄρας τὸν κράβαττον ἐξῆλθεν ἐναντίον πάντων, ὥστε ἐξίστασθαι πάντας καὶ δοξάζειν τὸν θεόν, λέγοντας ὅτι Οὕτως οὐδέποτε εἴδαμεν.
29020d00b7	Καὶ ἐξῆλθεν πάλιν παρὰ τὴν θάλασσαν, καὶ πᾶς ὁ ὄχλος ἤρχετο πρὸς αὐτόν, καὶ ἐδίδασκεν αὐτούς.
29020e00fa	καὶ παράγων εἶδεν Λευῒν τὸν τοῦ Ἀλφαίου καθήμενον ἐπὶ τὸ τελώνιον, καὶ λέγει αὐτῷ, Ἀκολούθει μοι. καὶ ἀναστὰς ἠκολούθησεν αὐτῷ.
29020f015b	Καὶ γίνεται [ἐν τῷ] κατακεῖσθαι αὐτὸν ἐν τῇ οἰκίᾳ αὐτοῦ, καὶ πολλοὶ τελῶναι καὶ ἁμαρτωλοὶ συνανέκειντο τῷ Ἰησοῦ καὶ τοῖς μαθηταῖς αὐτοῦ· ἦσαν γὰρ πολλοί, καὶ ἠκολούθουν αὐτῷ
2902100156	καὶ οἱ γραμματεῖς τῶν Φαρισαίων· καὶ ἰδόντες ὅτι ἤσθιεν μετὰ τῶν ἁμαρτωλῶν καὶ τελωνῶν ἔλεγον τοῖς μαθηταῖς αὐτοῦ, Ὅτι μετὰ τῶν ἁμαρτωλῶν καὶ τῶν τελωνῶν ἐσθίει καὶ πίνει;
2902110117	καὶ ἀκούσας ὁ Ἰησοῦς λέγει αὐτοῖς, Οὐ χρείαν ἔχουσιν οἱ ἰσχύοντες ἰατροῦ, ἀλλ᾽ οἱ κακῶς ἔχοντες. οὐκ ἦλθον καλέσαι δικαίους, ἀλλὰ ἁμαρτωλούς.
2902120176	Καὶ ἦσαν οἱ μαθηταὶ Ἰωάννου καὶ οἱ Φαρισαίοι νηστεύοντες· καὶ ἔρχονται καὶ λέγουσιν αὐτῷ, Διὰ τί οἱ μαθηταὶ Ἰωάννου καὶ οἱ μαθηταὶ τῶν Φαρισαίων νηστεύουσιν, οἱ δὲ σοὶ μαθηταὶ οὐ νηστεύουσιν;
290213014e	καὶ εἶπεν αὐτοῖς ὁ Ἰησοῦς, Μὴ δύνανται οἱ υἱοὶ τοῦ νυμφῶνος ἐν ᾧ ὁ νυμφίος μετ᾽ αὐτῶν ἐστιν νηστεύειν; ὅσον χρόνον ἔχουσιν τὸν νυμφίον μετ᾽ αὐτῶν, οὐ δύνανται νηστεύειν·
29021400cc	ἐλεύσονται δὲ ἡμέραι ὅταν ἀπαρθῇ ἀπ᾽ αὐτῶν ὁ νυμφίος, καὶ τότε νηστεύσουσιν ἐν ἐκείνῃ τῇ ἡμέρᾳ ἡμέρᾳ.
290215011e	οὐδεὶς ἐπίβλημα ῥάκους ἀγνάφου ἐπιράπτει ἐπὶ ἱμάτιον παλαιόν· εἰ δὲ μή, αἴρει τὸ πλήρωμα [αὐτοῦ] τὸ καινὸν τοῦ παλαιοῦ, καὶ χεῖρον σχίσμα γίνεται.
2902160149	καὶ οὐδεὶς βάλλει οἶνον νέον εἰς ἀσκοὺς παλαιούς· εἰ δὲ μή, ῥήξει ὁ οἶνος τοὺς ἀσκούς, καὶ ὁ οἶνος ἀπόλλυται καὶ οἱ ἀσκοί· [ἀλλὰ οἶνον νέον εἰς ἀσκοὺς καινούς βλητέον.]
2902170103	Καὶ ἐγένετο αὐτὸν ἐν τοῖς σάββασιν διαπορεύεσθαι διὰ τῶν σπορίμων, καὶ οἱ μαθηταὶ αὐτοῦ ἤρξαντο ὁδὸν ποιεῖν τίλλοντες τοὺς στάχυας.
2902180092	καὶ οἱ Φαρισαῖοι ἔλεγον αὐτῷ, Ἴδε τί ποιοῦσιν τοῖς σάββασιν ὃ οὐκ ἔξεστιν;
29021900db	καὶ λέγει αὐτοῖς, Οὐδέποτε ἀνέγνωτε τί ἐποίησεν Δαυείδ, ὅτε χρείαν ἔσχεν καὶ ἐπείνασεν αὐτὸς καὶ οἱ μετ᾽ αὐτοῦ;
29021a0162	[πῶς] εἰσῆλθεν εἰς τὸν οἶκον τοῦ θεοῦ ἐπὶ Ἀβιάθαρ ἀρχιερέως, καὶ τοὺς ἄρτους τῆς προθέσεως ἔφαγεν, οὓς οὐκ ἔξεστιν φαγεῖν εἰ μὴ τοῖς ἱερεῦσιν, καὶ ἔδωκεν καὶ τοῖς σὺν αὐτῷ οὖσιν;
29021b00b5	καὶ ἔλεγεν αὐτοῖς, Τὸ σάββατον διὰ τὸν ἄνθρωπον ἐγένετο, καὶ οὐχ ὁ ἄνθρωπος διὰ τὸ σάββατον.
29021c006d	ὥστε κύριός ἐστιν ὁ υἱὸς τοῦ ἀνθρώπου καὶ τοῦ σαββάτου.
29030100af	Καὶ εἰσῆλθεν πάλιν εἰς [τὴν] συναγωγήν, καὶ [ἦν] ἐκεῖ ἄνθρωπος ἐξηραμμένην ἔχων τὴν χεῖρα,
290302009f	καὶ παρετήρουν αὐτὸν εἰ τοῖς σάββασιν θεραπεύσει αὐτόν, ἵνα κατηγορήσουσιν αὐτοῦ.
2903030085	καὶ λέγει τῷ ἀνθρώπῳ τῷ τὴν χεῖρα ἔχοντι ξηράν, Ἔγειρε εἰς τὸ μέσον.
29030400d6	καὶ λέγει αὐτοῖς, Ἔξεστιν τοῖς σάββασιν ἀγαθοποιῆσαι ἢ κακοποιῆσαι, ψυχὴν σῶσαι ἢ ἀποκτεῖναι; οἱ δὲ ἐσιώπων.
2903050157	καὶ περιβλεψάμενος αὐτοὺς μετ᾽ ὀργῆς, συλλυπούμενος ἐπὶ τῇ πωρώσει τῆς καρδίας αὐτῶν, λέγει τῷ ἀνθρώπῳ, Ἔκτεινον τὴν χεῖρά [σου]. καὶ ἐξέτεινεν, καὶ ἀπεκατεστάθη ἡ χεὶρ αὐτοῦ.
29030600d6	καὶ ἐξελθόντες οἱ Φαρισαῖοι εὐθὺς μετὰ τῶν Ἡρωδιανῶν συμβούλιον ἐδίδουν κατ᾽ αὐτοῦ, ὅπως αὐτὸν ἀπολέσωσιν.
290307010b	Καὶ ὁ Ἰησοῦς μετὰ τῶν μαθητῶν αὐτοῦ ἀνεχώρησεν πρὸς τὴν θάλασσαν, καὶ πολὺ πλῆθος ἀπὸ τῆς Γαλιλαίας ἠκολούθησεν, καὶ ἀπὸ τῆς Ἰουδαίας
290308011a	καὶ ἀπὸ Ἱεροσολύμων καὶ ἀπὸ τῆς Ἰδουμαίας καὶ πέραν τοῦ Ἰορδάνου, καὶ περὶ Τύρον καὶ Σιδῶνα, πλῆθος πολύ, ἀκούοντες ὅσα ποιεῖ ἦλθον πρὸς αὐτόν.
29030900c3	καὶ εἶπεν τοῖς μαθηταῖς αὐτοῦ ἵνα πλοιάριον προσκαρτερῇ αὐτῷ διὰ τὸν ὄχλον, ἵνα μὴ θλίβωσιν αὐτόν.
29030a00ab	πολλοὺς γὰρ ἐθεράπευσεν, ὥστε ἐπιπίπτειν αὐτῷ, ἵνα αὐτοῦ ἅψωνται, ὅσοι εἶχον μάστιγας·
29030b00e0	καὶ τὰ πνεύματα τὰ ἀκάθαρτα ὅταν αὐτὸν ἐθεώρουν, προσέπιπτον αὐτῷ, καὶ ἔκραζον λέγοντα ὅτι Σὺ εἶ ὁ υἱὸς τοῦ θεοῦ.
29030c006e	Καὶ πολλὰ ἐπετίμα αὐτοῖς ἵνα μὴ αὐτὸν φανερὸν ποιῶσιν.
29030d00a8	Καὶ ἀναβαίνει εἰς τὸ ὄρος καὶ προσκαλεῖται οὓς ἤθελεν αὐτός, καὶ ἀπῆλθον πρὸς αὐτόν.
29030e0097	Καὶ ἐποίησεν δώδεκα ἵνα ὦσιν μετ᾽ αὐτοῦ, καὶ ἵνα ἀποστέλλῃ αὐτοὺς κηρύσσειν
29030f0052	καὶ ἔχειν ἐξουσίαν ἐκβάλλειν τὰ δαιμόνια·
2903100047	καὶ ἐπέθηκεν ὄνομα τῷ Σίμωνι Πέτρον·
29031100fe	καὶ Ἰάκωβον τὸν τοῦ Ζεβεδαίου καὶ Ἰωάννην τὸν ἀδελφὸν τοῦ Ἰακώβου, καὶ ἐπέθηκεν αὐτοῖς ὀνόματα Βοανηργές, ὅ ἐστιν υἱοὶ βροντῆς·
290312010b	καὶ Ἀνδρέαν, καὶ Φίλιππον, καὶ Βαρθολομαῖον, καὶ Μαθθαῖον, καὶ Θωμᾶν, καὶ Ἰάκωβον τὸν τοῦ Ἀλφαίου, καὶ Θαδδαῖον, καὶ Σίμωνα τὸν Καναναῖον,
2903130056	καὶ Ἰούδαν Ἰσκαριώθ, ὃς καὶ παρέδωκεν αὐτόν.
29031400bc	Καὶ ἔρχονται εἰς οἶκον, καὶ συνέρχεται πάλιν ὁ ὄχλος, ὥστε μὴ δύνασθαι αὐτοὺς μηδὲ ἄρτον φαγεῖν.
2903150097	καὶ ἀκούσαντες οἱ παρ᾽ αὐτοῦ ἐξῆλθον κρατῆσαι αὐτόν. ἔλεγον γὰρ ὅτι ἐξέστη.
2903160107	καὶ οἱ γραμματεῖς οἱ ἀπὸ Ἱεροσολύμων καταβάντες ἔλεγον ὅτι Βεελζεβοὺλ ἔχει, καὶ ὅτι Ἐν τῷ ἄρχοντι τῶν δαιμονίων ἐκβάλλει τὰ δαιμόνια.
29031700bb	καὶ προσκαλεσάμενος αὐτοὺς ἐν παραβολαῖς ἔλεγεν αὐτοῖς, Πῶς δύναται σατανᾶς σατανᾶν ἐκβάλλειν;
2903180096	καὶ ἐὰν βασιλεία ἐφ᾽ ἑαυτὴν μερισθῇ, οὐ δύναται σταθῆναι ἡ βασιλεία ἐκείνη·
290319008b	καὶ ἐὰν οἰκία ἐφ᾽ ἑαυτὴν μερισθῇ, οὐ δυνήσεται ἡ οἰκία ἐκείνη στῆναι.
29031a00aa	καὶ εἰ ὁ σατανᾶς ἀνέστη ἐφ᾽ ἑαυτὸν καὶ μεμέρισται, οὐ δύναται στῆναι, ἀλλὰ τέλος ἔχει.
29031b012e	ἀλλ᾽ οὐδεὶς δύναται εἰς τὴν οἰκίαν τοῦ ἰσχυροῦ, εἰσελθὼν τὰ σκεύη αὐτοῦ διαρπάσαι, ἐὰν μὴ πρῶτον τὸν ἰσχυρὸν δήσῃ, καὶ τότε τὴν οἰκίαν αὐτοῦ διαρπάσει.
29031c00e6	ἀμὴν λέγω ὑμῖν ὅτι πάντα ἀφεθήσεται τοῖς υἱοῖς τῶν ἀνθρώπων τὰ ἁμαρτήματα, καὶ αἱ βλασφημίαι ὅσα ἐὰν βλασφημήσωσιν·
29031d00e3	ὃς δ᾽ ἂν βλασφημήσῃ εἰς τὸ πνεῦμα τὸ ἅγιον, οὐκ ἔχει ἄφεσιν εἰς τὸν αἰῶνα, ἀλλὰ ἔνοχός ἐστιν αἰωνίου ἁμαρτήματος·
29031e0043	ὅτι ἔλεγον, Πνεῦμα ἀκάθαρτον ἔχει.
29031f00d3	Καὶ ἔρχονται ἡ μήτηρ αὐτοῦ καὶ οἱ ἀδελφοὶ αὐτοῦ, καὶ ἔξω στήκοντες ἀπέστειλαν πρὸς αὐτόν, καλοῦντες αὐτόν.
29032000c6	καὶ ἐκάθητο περὶ αὐτὸν ὄχλος, καὶ λέγουσιν αὐτῷ, Ἰδοὺ ἡ μήτηρ σου καὶ οἱ ἀδελφοί σου ἔξω ζητοῦσίν σε.
290321008a	καὶ ἀποκριθεὶς αὐτοῖς λέγει, Τίς ἐστιν ἡ μήτηρ μου καὶ οἱ ἀδελφοί [μου];
29032200b6	καὶ περιβλεψάμενος τοὺς περὶ αὐτὸν κύκλῳ καθημένους λέγει, Ἴδε ἡ μήτηρ μου καὶ οἱ ἀδελφοί μου.
29032300a3	ὃς [γὰρ] ἂν ποιήσῃ τὸ θέλημα τοῦ θεοῦ, οὗτος ἀδελφός μου καὶ ἀδελφὴ καὶ μήτηρ ἐστίν.
290401017d	Καὶ πάλιν ἤρξατο διδάσκειν παρὰ τὴν θάλασσαν· καὶ συνάγεται πρὸς αὐτὸν ὄχλος πλεῖστος, ὥστε αὐτὸν εἰς πλοῖον ἐμβάντα καθῆσθαι ἐν τῇ θαλάσσῃ· καὶ πᾶς ὁ ὄχλος πρὸς τὴν θάλασσαν ἐπὶ τῆς γῆς ἦσαν.
290402009f	καὶ ἐδίδασκεν αὐτοὺς ἐν παραβολαῖς πολλά, καὶ ἔλεγεν αὐτοῖς ἐν τῇ διδαχῇ αὐτοῦ,
290403005b	Ἀκούετε. ἰδοὺ ἐξῆλθεν ὁ σπείρων [τοῦ] σπεῖραι·
29040400bc	καὶ ἐγένετο ἐν τῷ σπείρειν, ὃ μὲν ἔπεσεν παρὰ τὴν ὁδόν, καὶ ἦλθεν τὰ πετεινὰ καὶ κατέφαγεν αὐτό.
29040500e1	καὶ ἄλλο ἔπεσεν ἐπὶ τὸ πετρῶδες, [καὶ] ὅπου οὐκ εἶχεν γῆν πολλήν, καὶ εὐθὺς ἐξανέτειλεν διὰ τὸ μὴ ἔχειν βάθος γῆς·
2904060099	καὶ ὅτε ἀνέτειλεν ὁ ἥλιος ἐκαυματίσθησαν, καὶ διὰ τὸ μὴ ἔχειν ῥίζαν ἐξηράνθη.
29040700c6	καὶ ἄλλο ἔπεσεν εἰς τὰς ἀκάνθας, καὶ ἀνέβησαν αἱ ἄκανθαι, καὶ συνέπνιξαν αὐτό, καὶ καρπὸν οὐκ ἔδωκεν.
290408011c	καὶ ἄλλο ἔπεσεν εἰς τὴν γῆν τὴν καλήν, καὶ ἐδίδου καρπὸν ἀναβαίνοντα καὶ αὐξανόμενον, καὶ ἔφερεν εἰς τριάκοντα, καὶ εἰς ἑξήκοντα, καὶ εἰς ἑκατόν.
290409004f	καὶ ἔλεγεν, Ὅς ἔχει ὦτα ἀκούειν ἀκουέτω.
29040a00a8	Καὶ ὅτε ἐγένετο κατὰ μόνας, ἠρώτων αὐτὸν οἱ περὶ αὐτὸν σὺν τοῖς δώδεκα τὰς παραβολάς.
29040b00ee	καὶ ἔλεγεν αὐτοῖς, Ὑμῖν τὸ μυστήριον δέδοται τῆς βασιλείας τοῦ θεοῦ· ἐκείνοις δὲ τοῖς ἔξω ἐν παραβολαῖς τὰ πάντα γίνεται,
29040c00e4	ἵνα βλέποντες βλέπωσιν καὶ μὴ ἴδωσιν, καὶ ἀκούοντες ἀκούωσιν καὶ μὴ συνιῶσιν, μή ποτε ἐπιστρέψωσιν καὶ ἀφεθῇ αὐτοῖς.
29040d00ab	καὶ λέγει αὐτοῖς, Οὐκ οἴδατε τὴν παραβολὴν ταύτην; καὶ πῶς πάσας τὰς παραβολὰς γνώσεσθε;
29040e0035	ὁ σπείρων τὸν λόγον σπείρει.
29040f0120	οὗτοι δέ εἰσιν οἱ παρὰ τὴν ὁδὸν ὅπου σπείρεται ὁ λόγος, καὶ ὅταν ἀκούσωσιν, εὐθὺς ἔρχεται ὁ σατανᾶς καὶ αἴρει τὸν λόγον τὸν ἐσπαρμένον εἰς αὐτούς.
29041000e8	καὶ οὗτοί εἰσιν ὁμοίως οἱ ἐπὶ τὰ πετρώδη σπειρόμενοι, οἳ ὅταν ἀκούσωσιν τὸν λόγον, εὐθὺς μετὰ χαρᾶς λαμβάνουσιν αὐτόν,
29041100f8	καὶ οὐκ ἔχουσιν ῥίζαν ἐν ἑαυτοῖς, ἀλλὰ πρόσκαιροί εἰσιν· εἶτα γενομένης θλίψεως ἢ διωγμοῦ διὰ τὸν λόγον, εὐθὺς σκανδαλίζονται.
29041200a6	καὶ ἄλλοι εἰσιν οἱ εἰς τὰς ἀκάνθας σπειρόμενοι· οὗτοί εἰσιν οἱ τὸν λόγον ἀκούσαντες,
2904130115	καὶ αἱ μέριμναι τοῦ αἰῶνος καὶ ἡ ἀπάτη τοῦ πλούτου καὶ αἱ περὶ τὰ λοιπὰ ἐπιθυμίαι εἰσπορευόμεναι συμπνίγουσιν τὸν λόγον, καὶ ἄκαρπος γίνεται.
290414013e	καὶ ἐκεῖνοί εἰσιν οἱ ἐπὶ τὴν γῆν τὴν καλὴν σπαρέντες, οἵτινες ἀκούουσιν τὸν λόγον καὶ παραδέχονται, καὶ καρποφοροῦσιν ἐν τριάκοντα καὶ ἐν ἑξήκοντα καὶ ἐν ἑκατόν.
29041500dd	Καὶ ἔλεγεν αὐτοῖς, Μήτι ἔρχεται ὁ λύχνος ἵνα ὑπὸ τὸν μόδιον τεθῇ ἢ ὑπὸ τὴν κλίνην; οὐχ ἵνα ἐπὶ τὴν λυχνίαν τεθῇ;
29041600b0	οὐ γάρ ἐστιν κρυπτόν, ἐὰν μὴ φανερωθῇ, οὐδὲ ἐγένετο ἀπόκρυφον, ἀλλ᾽ ἵνα ἔλθῃ εἰς φανερόν.
290417003f	εἴτις ἔχει ὦτα ἀκούειν, ἀκουέτω.
29041800c6	Καὶ ἔλεγεν αὐτοῖς, Βλέπετε τί ἀκούετε. ἐν ᾧ μέτρῳ μετρεῖτε μετρηθήσεται ὑμῖν, καὶ προστεθήσεται ὑμῖν.
290419009b	ὃς γὰρ ἔχει, δοθήσεται αὐτῷ, καὶ ὃς οὐκ ἔχει, καὶ ὃς ἔχει ἀρθήσεται ἀπ᾽ αὐτοῦ.
29041a00a8	Καὶ ἔλεγεν, Οὕτως ἐστὶν ἡ βασιλεία τοῦ θεοῦ, ὡς ἄνθρωπος βάλῃ τὸν σπόρον ἐπὶ τῆς γῆς,
29041b00be	καὶ καθεύδῃ καὶ ἐγείρηται νύκτα καὶ ἡμέραν, καὶ ὁ σπόρος βλαστᾷ καὶ μηκύνηται ὡς οὐκ οἶδεν αὐτός.
29041c00a1	αὐτομάτη ἡ γῆ καρποφορεῖ πρῶτον χόρτον εἶτα στάχυν, εἶτα πλήρης σῖτος ἐν τῷ στάχυϊ.
29041d009f	ὅταν δὲ παραδοῖ ὁ καρπός, εὐθὺς ἀποστέλλει τὸ δρέπανον, ὅτι παρέστηκεν ὁ θερισμός.
29041e00a1	Καὶ ἔλεγεν, Πῶς ὁμοιώσωμεν τὴν βασιλείαν τοῦ θεοῦ; ἢ ἐν τίνι αὐτὴν παραβολῇ θῶμεν;
29041f00c0	ὡς κόκκον σινάπεως, ὃς ὅταν σπαρῇ ἐπὶ τῆς γῆς, μικρότερον ὂν πάντων τῶν σπερμάτων τῶν ἐπὶ τῆς γῆς·
290420013e	καὶ ὅταν σπαρῇ, ἀναβαίνει, καὶ γίνεται μείζων πάντων τῶν λαχάνων, καὶ ποιεῖ κλάδους μεγάλους, ὥστε δύνασθαι ὑπὸ τὴν σκιὰν αὐτοῦ τὰ πετεινὰ τοῦ οὐρανοῦ κατασκηνοῦν.
29042100a1	Καὶ τοιαύταις παραβολαῖς πολλαῖς ἐλάλει αὐτοῖς τὸν λόγον, καθὼς ἐδύναντο ἀκούειν·
29042200ad	χωρὶς δὲ παραβολῆς οὐκ ἐλάλει αὐτοῖς· κατ᾽ ἰδίαν δὲ τοῖς μαθηταῖς αὐτοῦ ἐπέλυεν πάντα.
2904230096	Καὶ λέγει αὐτοῖς ἐν ἐκείνῃ τῇ ἡμέρᾳ ὀψίας γενομένης, Διέλθωμεν εἰς τὸ πέραν.
29042400b8	καὶ ἀφέντες τὸν ὄχλον παραλαμβάνουσιν αὐτὸν ὡς ἦν ἐν τῷ πλοίῳ, καὶ ἄλλα πλοῖα ἦν μετ᾽ αὐτοῦ.
29042500c8	καὶ γίνεται λαῖλαψ μεγάλη ἀνέμου, καὶ τὰ κύματα ἐπέβαλλεν εἰς τὸ πλοῖον, ὥστε ἤδη γεμίζεσθαι τὸ πλοῖον.
290426010c	καὶ ἦν αὐτὸς ἐν τῇ πρύμνῃ ἐπὶ τὸ προσκεφάλαιον καθεύδων· καὶ ἐγείρουσιν αὐτόν, καὶ λέγουσιν αὐτῷ, Διδάσκαλε, οὐ μέλει σοι ὅτι ἀπολλύμεθα;
29042700f0	καὶ διεγερθεὶς ἐπετίμησεν τῷ ἀνέμῳ, καὶ εἶπεν τῇ θαλάσσῃ, Σιώπα, πεφίμωσο. καὶ ἐκόπασεν ὁ ἄνεμος, καὶ ἐγένετο γαλήνη μεγάλη.
2904280064	καὶ εἶπεν αὐτοῖς, Τί δειλοί ἐστε; οὔπω ἔχετε πίστιν;
29042900ea	καὶ ἐφοβήθησαν φόβον μέγαν, καὶ ἔλεγον πρὸς ἀλλήλους, Τίς ἄρα οὗτός ἐστιν, ὅτι καὶ ὁ ἄνεμος καὶ ἡ θάλασσα ὑπακούει αὐτῷ;
290501007d	Καὶ ἦλθον εἰς τὸ πέραν τῆς θαλάσσης εἰς τὴν χώραν τῶν Γερασηνῶν.
29050200d0	καὶ ἐξελθόντος αὐτοῦ ἐκ τοῦ πλοίου, [εὐθὺς] ὑπήντησεν αὐτῷ ἐκ τῶν μνημείων ἄνθρωπος ἐν πνεύματι ἀκαθάρτῳ,
29050300b8	ὃς τὴν κατοίκησιν εἶχεν ἐν τοῖς μνήμασιν, καὶ οὐδὲ ἁλύσει οὐκέτι οὐδεὶς ἐδύνατο αὐτὸν δῆσαι,
2905040128	διὰ τὸ αὐτὸν πολλάκις πέδαις καὶ ἁλύσεσιν δεδέσθαι, καὶ διεσπᾶσθαι ὑπ᾽ αὐτοῦ τὰς ἁλύσεις καὶ τὰς πέδας συντετρίφθαι, καὶ οὐδεὶς ἴσχυεν αὐτὸν δαμάσαι·
29050500d3	καὶ διαπαντὸς νυκτὸς καὶ ἡμέρας ἐν τοῖς μνήμασιν καὶ ἐν τοῖς ὄρεσιν ἦν κράζων καὶ κατακόπτων ἑαυτὸν λίθοις.
2905060080	καὶ ἰδὼν τὸν Ἰησοῦν ἀπὸ μακρόθεν ἔδραμεν καὶ προσεκύνησεν αὐτῷ,
29050700df	καὶ κράξας φωνῇ μεγάλῃ λέγει, Τί ἐμοὶ καὶ σοί, Ἰησοῦ, υἱὲ τοῦ θεοῦ τοῦ ὑψίστου; ὁρκίζω σε τὸν θεόν, μή με βασανίσῃς·
290508007f	ἔλεγεν γὰρ αὐτῷ, Ἔξελθε, τὸ πνεῦμα τὸ ἀκάθαρτον ἐκ τοῦ ἀνθρώπου.
29050900a0	καὶ ἐπηρώτα αὐτόν, Τί ὄνομά σοι; καὶ λέγει αὐτῷ, Λεγιὼν ὄνομά μοι, ὅτι πολλοί ἐσμεν.
29050a007d	καὶ παρεκάλει αὐτὸν πολλὰ ἵνα μὴ αὐτὰ ἀποστείλῃ ἔξω τῆς χώρας.
29050b006b	ἦν δὲ ἐκεῖ πρὸς τῷ ὄρει ἀγέλη χοίρων μεγάλη βοσκομένη·
29050c00ae	καὶ παρεκάλεσαν αὐτὸν λέγοντες, Πέμψον ἡμᾶς εἰς τοὺς χοίρους, ἵνα εἰς αὐτοὺς εἰσέλθωμεν·
29050d016a	καὶ ἐπέτρεψεν αὐτοῖς. καὶ ἐξελθόντα τὰ πνεύματα τὰ ἀκάθαρτα εἰσῆλθον εἰς τοὺς χοίρους, καὶ ὥρμησεν ἡ ἀγέλη κατὰ τοῦ κρημνοῦ εἰς τὴν θάλασσαν ὡς δισχίλιοι· καὶ ἐπνίγοντο ἐν τῇ θαλάσσῃ.
29050e00e8	καὶ οἱ βόσκοντες αὐτοὺς ἔφυγον καὶ ἀπήγγειλαν εἰς τὴν πόλιν καὶ εἰς τοὺς ἀγρούς· καὶ ἦλθον ἰδεῖν τί ἐστιν τὸ γεγονός.
29050f011a	καὶ ἔρχονται πρὸς τὸν Ἰησοῦν, καὶ θεωροῦσιν τὸν δαιμονιζόμενον καθήμενον ἱματισμένον καὶ σωφρονοῦντα, τὸν ἐσχηκότα τὸν λεγιῶνα, καὶ ἐφοβήθησαν.
29051000a4	καὶ διηγήσαντο αὐτοῖς οἱ ἰδόντες πῶς ἐγένετο τῷ δαιμονιζομένῳ, καὶ περὶ τῶν χοίρων.
2905110078	καὶ ἤρξαντο παρακαλεῖν αὐτὸν ἀπελθεῖν ἀπὸ τῶν ὁρίων αὐτῶν.
29051200ab	καὶ ἐμβαίνοντος αὐτοῦ εἰς τὸ πλοῖον, παρεκάλει αὐτὸν ὁ δαιμονισθεὶς ἵνα μετ᾽ αὐτοῦ ᾖ.
2905130118	καὶ οὐκ ἀφῆκεν αὐτόν, ἀλλὰ λέγει αὐτῷ, Ὕπαγε εἰς τὸν οἶκόν σου πρὸς τοὺς σούς, καὶ ἀπάγγειλον αὐτοῖς ὅσα ὁ κύριος σοι πεποίηκεν καὶ ἠλέησέν σε.
29051400c5	Καὶ ἀπῆλθεν καὶ ἤρξατο κηρύσσειν ἐν τῇ Δεκαπόλει, ὅσα ἐποίησεν αὐτῷ ὁ Ἰησοῦς· καὶ πάντες ἐθαύμαζον.
29051500e3	Καὶ διαπεράσαντος τοῦ Ἰησοῦ ἐν τῷ πλοίῳ πάλιν εἰς τὸ πέραν, συνήχθη ὄχλος πολὺς ἐπ᾽ αὐτόν, καὶ ἦν παρὰ τὴν θάλασσαν.
29051600bf	καὶ ἔρχεται εἷς τῶν ἀρχισυναγώγων, ὀνόματι Ἰάειρος, καὶ ἰδὼν αὐτὸν πίπτει πρὸς τοὺς πόδας αὐτοῦ,
29051700ee	καὶ παρακαλεῖ αὐτὸν πολλὰ λέγων ὅτι Τὸ θυγάτριόν μου ἐσχάτως ἔχει· ἵνα ἐλθὼν ἐπιθῇς τὰς χεῖρας αὐτῇ, ἵνα σωθῇ καὶ ζήσῃ.
2905180099	καὶ ἀπῆλθεν μετ᾽ αὐτοῦ, καὶ ἠκολούθει αὐτῷ ὄχλος πολὺς καὶ συνέθλιβον αὐτόν.
2905190053	καὶ γυνὴ οὖσα ἐν ῥύσει αἵματος ἔτη δώδεκα,
29051a0102	καὶ πολλὰ παθοῦσα ὑπὸ πολλῶν ἰατρῶν, καὶ δαπανήσασα τὰ παρ᾽ αὐτῆς πάντα, καὶ μηδὲν ὠφεληθεῖσα ἀλλὰ μᾶλλον εἰς τὸ χεῖρον ἐλθοῦσα,
29051b009c	ἀκούσασα περὶ τοῦ Ἰησοῦ, ἐλθοῦσα ἐν τῷ ὄχλῳ ὄπισθεν ἥψατο τοῦ ἱματίου αὐτοῦ·
29051c006c	ἔλεγεν γὰρ ὅτι Κἂν τῶν ἱματίων αὐτοῦ ἅψωμαι σωθήσομαι.
29051d00b6	καὶ εὐθὺς ἐξηράνθη ἡ πηγὴ τοῦ αἵματος αὐτῆς, καὶ ἔγνω τῷ σώματι ὅτι ἴαται ἀπὸ τῆς μάστιγος.
29051e0102	καὶ εὐθὺς ὁ Ἰησοῦς ἐπιγνοὺς ἐν ἑαυτῷ τὴν ἐξ αὐτοῦ δύναμιν ἐξελθοῦσαν, ἐπιστραφεὶς ἐν τῷ ὄχλῳ, ἔλεγεν, Τίς μου ἥψατο τῶν ἱματίων;
29051f00b5	καὶ ἔλεγον αὐτῷ οἱ μαθηταὶ αὐτοῦ, Βλέπεις τὸν ὄχλον συνθλίβοντά σε, καὶ λέγεις, Τίς μου ἥψατο;
2905200055	καὶ περιεβλέπετο ἰδεῖν τὴν τοῦτο ποιήσασαν.
29052100e9	ἡ δὲ γυνὴ φοβηθεῖσα καὶ τρέμουσα, εἰδυῖα ὃ γέγονεν αὐτῇ, ἦλθεν καὶ προσέπεσεν αὐτῷ καὶ εἶπεν αὐτῷ πᾶσαν τὴν ἀλήθειαν.
29052200cd	ὁ δὲ εἶπεν αὐτῇ, Θυγάτηρ, ἡ πίστις σου σέσωκέν σε· ὕπαγε εἰς εἰρήνην, καὶ ἴσθι ὑγιὴς ἀπὸ τῆς μάστιγός σου.
29052300eb	ἔτι αὐτοῦ λαλοῦντος ἔρχονται ἀπὸ τοῦ ἀρχισυναγώγου λέγοντες, ὅτι Ἡ θυγάτηρ σου ἀπέθανεν· τί ἔτι σκύλλεις τὸν διδάσκαλον;
29052400b0	ὁ δὲ Ἰησοῦς παρακούσας τὸν λόγον λαλούμενον λέγει τῷ ἀρχισυναγώγῳ, Μὴ φοβοῦ, μόνον πίστευε.
29052500dd	καὶ οὐκ ἀφῆκεν οὐδένα μετ᾽ αὐτοῦ συνακολουθῆσαι, εἰ μὴ τὸν Πέτρον καὶ Ἰάκωβον καὶ Ἰωάννην τὸν ἀδελφὸν Ἰακώβου.
29052600c7	καὶ ἔρχονται εἰς τὸν οἶκον τοῦ ἀρχισυναγώγου· καὶ θεωρεῖ θόρυβον καὶ κλαίοντας καὶ ἀλαλάζοντας πολλά,
29052700b5	καὶ εἰσελθὼν λέγει αὐτοῖς, Τί θορυβεῖσθε καὶ κλαίετε; τὸ παιδίον οὐκ ἀπέθανεν, ἀλλὰ καθεύδει.
290528012d	καὶ κατεγέλων αὐτοῦ. αὐτὸς δὲ ἐκβαλὼν πάντας παραλαμβάνει τὸν πατέρα τοῦ παιδίου καὶ τὴν μητέρα καὶ τοὺς μετ᾽ αὐτοῦ, καὶ εἰσπορεύεται ὅπου ἦν τὸ παιδίον.
29052900e0	καὶ κρατήσας τῆς χειρὸς τοῦ παιδίου λέγει αὐτῇ, Ταλιθὰ κοῦμ, ὅ ἐστιν μεθερμηνευόμενον, Τὸ κοράσιον, σοὶ λέγω, ἔγειρε.
29052a00cd	καὶ εὐθὺς ἀνέστη τὸ κοράσιον, καὶ περιεπάτει· ἦν γὰρ ἐτῶν δώδεκα· καὶ ἐξέστησαν [εὐθὺς] ἐκστάσει μεγάλῃ.
29052b00a5	καὶ διεστείλατο αὐτοῖς πολλὰ ἵνα μηδεὶς γνοῖ τοῦτο· καὶ εἶπεν δοθῆναι αὐτῇ φαγεῖν.
29060100c0	Καὶ ἐξῆλθεν ἐκεῖθεν καὶ ἔρχεται εἰς τὴν πατρίδα αὐτοῦ, καὶ ἀκολουθοῦσιν αὐτῷ οἱ μαθηταὶ αὐτοῦ.
290602018f	καὶ γενομένου σαββάτου ἤρξατο διδάσκειν ἐν τῇ συναγωγῇ· καὶ πολλοὶ ἀκούοντες ἐξεπλήσσοντο λέγοντες, Πόθεν τούτῳ ταῦτα; καὶ τίς ἡ σοφία ἡ δοθεῖσα τούτῳ, καὶ δυνάμεις τοιαῦται διὰ τῶν χειρῶν αὐτοῦ γινόμεναι;
290603015b	οὐχ οὗτός ἐστιν ὁ τέκτων, ὁ υἱὸς τῆς Μαρίας, καὶ ἀδελφὸς Ἰακώβου καὶ Ἰωσῆτος καὶ Ἰούδα καὶ Σίμωνος; καὶ οὐκ εἰσὶν αἱ ἀδελφαὶ αὐτοῦ ὧδε πρὸς ἡμᾶς; καὶ ἐσκανδαλίζοντο ἐν αὐτῷ.
2906040112	καὶ ἔλεγεν αὐτοῖς ὁ Ἰησοῦς ὅτι Οὐκ ἔστιν προφήτης ἄτιμος εἰ μὴ ἐν τῇ πατρίδι αὐτοῦ καὶ ἐν τοῖς συγγενεῦσιν αὐτοῦ καὶ ἐν τῇ οἰκίᾳ αὐτοῦ.
29060500ce	καὶ οὐκ ἐδύνατο ἐκεῖ ποιῆσαι οὐδεμίαν δύναμιν, εἰ μὴ ὀλίγοις ἀῤῥώστοις ἐπιθεὶς τὰς χεῖρας ἐθεράπευσεν.
2906060096	καὶ ἐθαύμαζεν διὰ τὴν ἀπιστίαν αὐτῶν. Καὶ περιῆγεν τὰς κώμας κύκλῳ διδάσκων.
29060700f5	Καὶ προσκαλεῖται τοὺς δώδεκα, καὶ ἤρξατο αὐτοὺς ἀποστέλλειν δύο δύο, καὶ ἐδίδου αὐτοῖς ἐξουσίαν τῶν πνευμάτων τῶν ἀκαθάρτων·
29060800df	καὶ παρήγγειλεν αὐτοῖς, ἵνα μηδὲν αἴρωσιν εἰς ὁδὸν εἰ μὴ ῥάβδον μόνον, μὴ ἄρτον, μὴ πήραν, μὴ εἰς τὴν ζώνην χαλκόν,
2906090072	ἀλλὰ ὑποδεδεμένους σανδάλια, καὶ μὴ ἐνδύσησθε δύο χιτῶνας.
29060a00aa	καὶ ἔλεγεν αὐτοῖς, Ὅπου ἂν εἰσέλθητε εἰς οἰκίαν, ἐκεῖ μένετε ἕως ἂν ἐξέλθητε ἐκεῖθεν.
29060b0120	καὶ ὃς ἂν τόπος μὴ δέξηται ὑμᾶς, μηδὲ ἀκούσωσιν ὑμῶν, ἐκπορευόμενοι ἐκεῖθεν ἐκτινάξατε τὸν χοῦν τὸν ὑποκάτω τῶν ποδῶν ὑμῶν εἰς μαρτύριον αὐτοῖς.
29060c004e	Καὶ ἐξελθόντες ἐκήρυξαν ἵνα μετανοῶσιν,
29060d00a3	καὶ δαιμόνια πολλὰ ἐξέβαλλον, καὶ ἤλειφον ἐλαίῳ πολλοὺς ἀῤῥώστους καὶ ἐθεράπευον.
29060e014c	Καὶ ἤκουσεν ὁ βασιλεὺς Ἡρώδης, φανερὸν γὰρ ἐγένετο τὸ ὄνομα αὐτοῦ, καὶ ἔλεγεν ὅτι Ἰωάννης ὁ βαπτίζων ἐγήγερται ἐκ νεκρῶν, καὶ διὰ τοῦτο ἐνεργοῦσιν αἱ δυνάμεις ἐν αὐτῷ.
29060f00a4	ἄλλοι δὲ ἔλεγον ὅτι Ἡλίας ἐστίν· ἄλλοι δὲ ἔλεγον ὅτι Προφήτης, ὡς εἷς τῶν προφητῶν.
290610009f	ἀκούσας δὲ ὁ Ἡρώδης ἔλεγεν, Ὃν ἐγὼ ἀπεκεφάλισα Ἰωάννην, οὗτος ἠγέρθη [ἐκ νεκρῶν].
2906110133	Αὐτὸς γὰρ ὁ Ἡρώδης ἀποστείλας ἐκράτησεν τὸν Ἰωάννην καὶ ἔδησεν αὐτὸν ἐν φυλακῇ, διὰ Ἡρωδιάδα τὴν γυναῖκα Φιλίππου τοῦ ἀδελφοῦ αὐτοῦ, ὅτι αὐτὴν ἐγάμησεν·
29061200a8	ἔλεγεν γὰρ ὁ Ἰωάννης τῷ Ἡρώδῃ ὅτι Οὐκ ἔξεστίν σοι ἔχειν τὴν γυναῖκα τοῦ ἀδελφοῦ σου.
2906130095	ἡ δὲ Ἡρωδιὰς ἐνεῖχεν αὐτῷ, καὶ ἤθελεν αὐτὸν ἀποκτεῖναι· καὶ οὐκ ἠδύνατο·
2906140128	ὁ γὰρ Ἡρώδης ἐφοβεῖτο τὸν Ἰωάννην, εἰδὼς αὐτὸν ἄνδρα δίκαιον καὶ ἅγιον, καὶ συνετήρει αὐτόν· καὶ ἀκούσας αὐτοῦ πολλὰ ἐποίει, καὶ ἡδέως αὐτοῦ ἤκουεν.
290615012d	καὶ γενομένης ἡμέρας εὐκαίρου ὅτε Ἡρώδης τοῖς γενεσίοις αὐτοῦ δεῖπνον ἐποίησεν τοῖς μεγιστᾶσιν αὐτοῦ καὶ τοῖς χιλιάρχοις καὶ τοῖς πρώτοις τῆς Γαλιλαίας,
290616015e	καὶ εἰσελθούσης τῆς θυγατρὸς αὐτῆς τῆς Ἡρωδιάδος, καὶ ὀρχησαμένης ἤρεσεν τῷ Ἡρώδῃ καὶ τοῖς συνανακειμένοις, ὁ δὲ βασιλεὺς εἶπεν τῷ κορασίῳ, Αἴτησόν με ὃ ἐὰν θέλῃς, καὶ δώσω σοί·
2906170095	καὶ ὤμοσεν αὐτῇ ὅτι Ὃ ἐάν με αἰτήσῃς δώσω σοι ἕως ἡμίσους τῆς βασιλείας μου.
29061800c1	καὶ ἐξελθοῦσα εἶπεν τῇ μητρὶ αὐτῆς, Τί αἰτήσωμαι; ἡ δὲ εἶπεν, Τὴν κεφαλὴν Ἰωάννου τοῦ βαπτίζοντος.
2906190113	καὶ εἰσελθοῦσα εὐθὺς μετὰ σπουδῆς πρὸς τὸν βασιλέα, ᾐτήσατο λέγουσα, Θέλω ἵνα ἐξαυτῆς δῷς μοι ἐπὶ πίνακι τὴν κεφαλὴν Ἰωάννου τοῦ βαπτιστοῦ.
29061a00c9	καὶ περίλυπος γενόμενος ὁ βασιλεὺς διὰ τοὺς ὅρκους καὶ τοὺς ἀνακειμένους οὐκ ἠθέλησεν ἀθετῆσαι αὐτήν.
29061b00fc	καὶ εὐθὺς ἀποστείλας ὁ βασιλεὺς σπεκουλάτορα ἐπέταξεν ἐνέγκαι τὴν κεφαλὴν αὐτοῦ. καὶ ἀπελθὼν ἀπεκεφάλισεν αὐτὸν ἐν τῇ φυλακῇ,
29061c00e7	καὶ ἤνεγκεν τὴν κεφαλὴν αὐτοῦ ἐπὶ πίνακι, καὶ ἔδωκεν αὐτὴν τῷ κορασίῳ, καὶ τὸ κοράσιον ἔδωκεν αὐτὴν τῇ μητρὶ αὐτῆς.
29061d00b6	καὶ ἀκούσαντες οἱ μαθηταὶ αὐτοῦ ἦλθαν, καὶ ἦραν τὸ πτῶμα αὐτοῦ καὶ ἔθηκαν αὐτὸ ἐν μνημείῳ.
29061e00c9	Καὶ συνάγονται οἱ ἀπόστολοι πρὸς τὸν Ἰησοῦν, καὶ ἀπήγγειλαν αὐτῷ πάντα ὅσα ἐποίησαν καὶ ὅσα ἐδίδαξαν.
29061f0141	καὶ λέγει αὐτοῖς, Δεῦτε ὑμεῖς αὐτοὶ κατ᾽ ἰδίαν εἰς ἔρημον τόπον, καὶ ἀναπαύσασθε ὀλίγον. ἦσαν γὰρ οἱ ἐρχόμενοι καὶ οἱ ὑπάγοντες πολλοί, καὶ οὐδὲ φαγεῖν εὐκαίρουν.
2906200062	καὶ ἀπῆλθον εἰς ἔρημον τόπον τῷ πλοίῳ κατ᾽ ἰδίαν.
29062100e1	καὶ εἶδον αὐτοὺς ὑπάγοντας καὶ ἔγνωσαν πολλοί, καὶ πεζῇ ἀπὸ πασῶν τῶν πόλεων συνέδραμον ἐκεῖ καὶ προῆλθον αὐτούς.
2906220106	καὶ ἐξελθὼν εἶδεν πολὺν ὄχλον, καὶ ἐσπλαγχνίσθη ἐπ᾽ αὐτούς, ὅτι ἦσαν ὡς πρόβατα μὴ ἔχοντα ποιμένα, καὶ ἤρξατο διδάσκειν αὐτοὺς πολλά.
29062300e6	καὶ ἤδη ὥρας πολλῆς γενομένης προσελθόντες αὐτῷ οἱ μαθηταὶ αὐτοῦ ἔλεγον ὅτι Ἔρημός ἐστιν ὁ τόπος, καὶ ἤδη ὥρα πολλή·
29062400ba	ἀπόλυσον αὐτούς, ἵνα ἀπελθόντες εἰς τοὺς κύκλῳ ἀγροὺς καὶ κώμας ἀγοράσωσιν ἑαυτοῖς τί φάγωσιν.
2906250129	ὁ δὲ ἀποκριθεὶς εἶπεν αὐτοῖς, Δότε αὐτοῖς ὑμεῖς φαγεῖν. καὶ λέγουσιν αὐτῷ, Ἀπελθόντες ἀγοράσωμεν δηναρίων διακοσίων ἄρτους, καὶ δώσομεν αὐτοῖς φαγεῖν;
29062600bc	ὁ δὲ λέγει αὐτοῖς, Πόσους ἄρτους ἔχετε; ὑπάγετε ἴδετε. καὶ γνόντες λέγουσιν, Πέντε, καὶ δύο ἰχθύας.
2906270094	καὶ ἐπέταξεν αὐτοῖς ἀνακλῖναι πάντας συμπόσια συμπόσια ἐπὶ τῷ χλωρῷ χόρτῳ.
290628007a	καὶ ἀνέπεσαν πρασιαὶ πρασιαί, κατὰ ἑκατὸν καὶ κατὰ πεντήκοντα.
2906290182	καὶ λαβὼν τοὺς πέντε ἄρτους καὶ τοὺς δύο ἰχθύας, ἀναβλέψας εἰς τὸν οὐρανὸν εὐλόγησεν, καὶ κατέκλασεν τοὺς ἄρτους καὶ ἐδίδου τοῖς μαθηταῖς, ἵνα παραθῶσιν αὐτοῖς, καὶ τοὺς δύο ἰχθύας ἐμέρισεν πᾶσιν.
29062a0045	καὶ ἔφαγον πάντες καὶ ἐχορτάσθησαν,
29062b007e	καὶ ἦραν κλασμάτων δώδεκα κοφίνους πληρώματα, καὶ ἀπὸ τῶν ἰχθύων.
29062c006c	καὶ ἦσαν οἱ φαγόντες τοὺς ἄρτους πεντακισχίλιοι ἄνδρες.
29062d0106	Καὶ εὐθὺς ἠνάγκασεν τοὺς μαθητὰς αὐτοῦ ἐμβῆναι εἰς τὸ πλοῖον καὶ προάγειν εἰς τὸ πέραν πρὸς Βηθσαϊδάν, ἕως αὐτὸς ἀπολύει τὸν ὄχλον.
29062e0073	καὶ ἀποταξάμενος αὐτοῖς ἀπῆλθεν εἰς τὸ ὄρος προσεύξασθαι.
29062f00a4	καὶ ὀψίας γενομένης ἦν τὸ πλοῖον ἐν μέσῳ τῆς θαλάσσης, καὶ αὐτὸς μόνος ἐπὶ τῆς γῆς.
290630017c	καὶ ἰδὼν αὐτοὺς βασανιζομένους ἐν τῷ ἐλαύνειν, (ἦν γὰρ ὁ ἄνεμος ἐναντίος αὐτοῖς,) περὶ τετάρτην φυλακὴν τῆς νυκτὸς ἔρχεται πρὸς αὐτοὺς περιπατῶν ἐπὶ τῆς θαλάσσης. καὶ ἤθελεν παρελθεῖν αὐτούς·
29063100ae	οἱ δὲ ἰδόντες αὐτὸν περιπατοῦντα ἐπὶ τῆς θαλάσσης, ἔδοξαν φάντασμα εἶναι καὶ ἀνέκραξαν·
29063200f0	πάντες γὰρ αὐτὸν εἶδαν, καὶ ἐταράχθησαν. καὶ εὐθὺς ἐλάλησεν μετ᾽ αὐτῶν, καὶ λέγει αὐτοῖς, Θαρσεῖτε, ἐγώ εἰμι, μὴ φοβεῖσθε.
29063300ce	καὶ ἀνέβη πρὸς αὐτοὺς εἰς τὸ πλοῖον, καὶ ἐκόπασεν ὁ ἄνεμος· καὶ λίαν [ἐκ περισσοῦ] ἐν ἑαυτοῖς ἐξίσταντο.
2906340085	οὐ γὰρ συνῆκαν ἐπὶ τοῖς ἄρτοις· ἀλλ᾽ ἦν αὐτῶν ἡ καρδία πεπωρωμένη.
2906350083	Καὶ διαπεράσαντες ἦλθον ἐπὶ τὴν γῆν Γεννησαρὲτ καὶ προσωρμίσθησαν.
2906360075	καὶ ἐξελθόντων αὐτῶν ἐκ τοῦ πλοίου εὐθὺς ἐπιγνόντες αὐτὸν
29063700fa	περιέδραμον ὅλην τὴν χώραν ἐκείνην, καὶ ἤρξαντο ἐπὶ τοῖς κραβάττοις τοὺς κακῶς ἔχοντας περιφέρειν, ὅπου ἤκουον ὅτι [ἐκεῖ] ἐστιν.
29063801a1	καὶ ὅπου ἂν εἰσεπορεύετο εἰς κώμας ἢ εἰς πόλεις ἢ εἰς ἀγρούς, ἐν ταῖς ἀγοραῖς ἐτίθεσαν τοὺς ἀσθενοῦντας, καὶ παρεκάλουν αὐτὸν ἵνα κἂν τοῦ κρασπέδου τοῦ ἱματίου αὐτοῦ ἅψωνται, καὶ ὅσοι ἂν ἥψαντο αὐτοῦ, ἐσώζοντο.
29070100b2	Καὶ συνάγονται πρὸς αὐτὸν οἱ Φαρισαῖοι καί τινες τῶν γραμματέων, ἐλθόντες ἀπὸ Ἱεροσολύμων·
29070200c7	καὶ ἰδόντες τινὰς τῶν μαθητῶν αὐτοῦ ὅτι κοιναῖς χερσίν, τοῦτ᾽ ἔστιν ἀνίπτοις, ἐσθίουσιν τοὺς ἄρτους,
2907030102	(οἱ γὰρ Φαρισαῖοι καὶ πάντες οἱ Ἰουδαῖοι, ἐὰν μὴ πυγμῇ νίψωνται τὰς χεῖρας, οὐκ ἐσθίουσιν, κρατοῦντες τὴν παράδοσιν τῶν πρεσβυτέρων,
2907040121	καὶ ἀπ᾽ ἀγορᾶς ἐὰν μὴ βαπτίσωνται, οὐκ ἐσθίουσιν. καὶ ἄλλα πολλά ἐστιν ἃ παρέλαβον κρατεῖν, βαπτισμοὺς ποτηρίων καὶ ξεστῶν καὶ χαλκίων καὶ κλινῶν·)
290705014a	καὶ ἐπερωτῶσιν αὐτὸν οἱ Φαρισαῖοι καὶ οἱ γραμματεῖς, Διὰ τί οὐ περιπατοῦσιν οἱ μαθηταί σου κατὰ τὴν παράδοσιν τῶν πρεσβυτέρων, ἀλλὰ κοιναῖς χερσὶν ἐσθίουσιν τὸν ἄρτον;
2907060149	ὁ δὲ εἶπεν αὐτοῖς [ὅτι] Καλῶς ἐπροφήτευσεν Ἡσαΐας περὶ ὑμῶν τῶν ὑποκριτῶν, ὡς γέγραπται, Οὗτος ὁ λαὸς τοῖς χείλεσίν με τιμᾷ, ἡ δὲ καρδία αὐτῶν πόῤῥω ἀπέχει ἀπ᾽ ἐμοῦ·
290707007c	μάτην δὲ σέβονταί με διδάσκοντες διδασκαλίας, ἐντάλματα ἀνθρώπων.
2907080113	ἀφέντες τὴν ἐντολὴν τοῦ θεοῦ, κρατεῖτε τὴν παράδοσιν τῶν ἀνθρώπων, [βαπτισμοὺς ξεστῶν καὶ ποτηρίων, καὶ ἄλλα παρόμοια τοιαῦτα πολλὰ ποιεῖτε.]
29070900b0	καὶ ἔλεγεν αὐτοῖς, Καλῶς ἀθετεῖτε τὴν ἐντολὴν τοῦ θεοῦ, ἵνα τὴν παράδοσιν ὑμῶν τηρήσητε.
29070a00ce	Μωυσῆς γὰρ εἶπεν, Τίμα τὸν πατέρα σου καὶ τὴν μητέρα σου· καὶ Ὁ κακολογῶν πατέρα ἢ μητέρα θανάτῳ τελευτάτω·
29070b00ce	ὑμεῖς δὲ λέγετε, Ἐὰν εἴπῃ ἄνθρωπος τῷ πατρὶ ἢ τῇ μητρί, Κορβᾶν, (ὅ ἐστιν Δῶρον,) ὃ ἐὰν ἐξ ἐμοῦ ὠφεληθῇς,
29070c006d	οὐκέτι ἀφίετε αὐτὸν οὐδὲν ποιῆσαι τῷ πατρὶ ἢ τῇ μητρί,
29070d00c0	ἀκυροῦντες τὸν λόγον τοῦ θεοῦ τῇ παραδόσει ὑμῶν ᾗ παρεδώκατε· καὶ παρόμοια τοιαῦτα πολλὰ ποιεῖτε.
29070e009f	καὶ προσκαλεσάμενος πάλιν τὸν ὄχλον ἔλεγεν αὐτοῖς, Ἀκούσατέ μου πάντες καὶ σύνετε.
29070f0144	οὐδέν ἐστιν ἔξωθεν τοῦ ἀνθρώπου εἰσπορευόμενον εἰς αὐτόν, ὃ δύναται αὐτὸν κοινῶσαι· ἀλλὰ τὰ ἐκ τοῦ ἀνθρώπου ἐκπορευόμενα, [ἐκεῖνά] ἐστιν τὰ κοινοῦντα τὸν ἄνθρωπον.
2907100042	[εἴ τις ἔχει ὦτα ἀκούειν, ἀκουέτω.]
29071100b2	Καὶ ὅτε εἰσῆλθεν εἰς οἶκον ἀπὸ τοῦ ὄχλου, ἐπηρώτων αὐτὸν οἱ μαθηταὶ αὐτοῦ τὴν παραβολήν.
290712010d	καὶ λέγει αὐτοῖς, Οὕτως καὶ ὑμεῖς ἀσύνετοί ἐστε; οὐ νοεῖτε ὅτι πᾶν τὸ ἔξωθεν εἰσπορευόμενον εἰς τὸν ἄνθρωπον οὐ δύναται αὐτὸν κοινῶσαι;
29071300f9	ὅτι οὐκ εἰσπορεύεται αὐτοῦ εἰς τὴν καρδίαν, ἀλλ᾽ εἰς τὴν κοιλίαν, καὶ εἰς τὸν ἀφεδρῶνα ἐκπορεύεται, καθαρίζων πάντα τὰ βρώματα.
2907140096	ἔλεγεν δὲ ὅτι Τὸ ἐκ τοῦ ἀνθρώπου ἐκπορευόμενον, ἐκεῖνο κοινοῖ τὸν ἄνθρωπον.
29071500c4	ἔσωθεν γὰρ ἐκ τῆς καρδίας τῶν ἀνθρώπων οἱ διαλογισμοὶ οἱ κακοὶ ἐκπορεύονται, πορνεῖαι, κλοπαί, φόνοι,
29071600ba	μοιχεῖαι, πλεονεξίαι, πονηρίαι, δόλος, ἀσέλγεια, ὀφθαλμὸς πονηρός, βλασφημία, ὑπερηφανία, ἀφροσύνη.
2907170081	πάντα ταῦτα τὰ πονηρὰ ἔσωθεν ἐκπορεύεται καὶ κοινοῖ τὸν ἄνθρωπον.
2907180101	Καὶ ἐκεῖθεν ἀναστὰς ἀπῆλθεν εἰς τὰ ὅρια Τύρου καὶ Σιδῶνος. καὶ εἰσελθὼν εἰς οἰκίαν οὐδένα ἤθελεν γνῶναι, καὶ οὐκ ἠδυνήθη λαθεῖν.
29071900fa	ἀλλ᾽ εὐθὺς ἀκούσασα γυνὴ περὶ αὐτοῦ, ἧς εἶχεν τὸ θυγάτριον αὐτῆς πνεῦμα ἀκάθαρτον, ἐλθοῦσα προσέπεσεν πρὸς τοὺς πόδας αὐτοῦ·
29071a00d9	ἡ γυνὴ δὲ ἦν Ἑλληνίς, Σύρα Φοινίκισσα τῷ γένει, καὶ ἠρώτα αὐτὸν ἵνα τὸ δαιμόνιον ἐκβάλῃ ἐκ τῆς θυγατρὸς αὐτῆς.
29071b00f4	καὶ ἔλεγεν αὐτῇ, Ἄφες πρῶτον χορτασθῆναι τὰ τέκνα· οὐ γάρ ἐστιν καλὸν λαβεῖν τὸν ἄρτον τῶν τέκνων καὶ τοῖς κυναρίοις βαλεῖν.
29071c00df	ἡ δὲ ἀπεκρίθη καὶ λέγει αὐτῷ, Ναὶ κύριε· καὶ τὰ κυνάρια ὑποκάτω τῆς τραπέζης ἐσθίουσιν ἀπὸ τῶν ψιχίων τῶν παιδίων.
29071d00ac	καὶ εἶπεν αὐτῇ, Διὰ τοῦτον τὸν λόγον ὕπαγε· ἐξελήλυθεν τὸ δαιμόνιον ἐκ τῆς θυγατρός σου.
29071e00d1	καὶ ἀπελθοῦσα εἰς τὸν οἶκον αὐτῆς εὗρεν τὸ παιδίον βεβλημένον ἐπὶ τὴν κλίνην καὶ τὸ δαιμόνιον ἐξεληλυθός.
29071f00e6	Καὶ πάλιν ἐξελθὼν ἐκ τῶν ὁρίων Τύρου ἦλθεν διὰ Σιδῶνος εἰς τὴν θάλασσαν τῆς Γαλιλαίας ἀνὰ μέσον τῶν ὁρίων Δεκαπόλεως.
29072000b1	καὶ φέρουσιν αὐτῷ κωφὸν καὶ μογγιλάλον, καὶ παρακαλοῦσιν αὐτὸν ἵνα ἐπιθῇ αὐτῷ τὴν χεῖρα.
2907210102	καὶ ἀπολαβόμενος αὐτὸν ἀπὸ τοῦ ὄχλου κατ᾽ ἰδίαν ἔβαλεν τοὺς δακτύλους αὐτοῦ εἰς τὰ ὦτα αὐτοῦ καὶ πτύσας ἥψατο τῆς γλώσσης αὐτοῦ,
29072200a7	καὶ ἀναβλέψας εἰς τὸν οὐρανὸν ἐστέναξεν, καὶ λέγει αὐτῷ, Ἐφφαθά, ὅ ἐστιν Διανοίχθητι.
29072300aa	καὶ ἠνοίγησαν αὐτοῦ αἱ ἀκοαί, καὶ ἐλύθη ὁ δεσμὸς τῆς γλώσσης αὐτοῦ, καὶ ἐλάλει ὀρθῶς.
29072400d4	καὶ διεστείλατο αὐτοῖς ἵνα μηδενὶ λέγωσιν· ὅσον δὲ αὐτοῖς διεστέλλετο, αὐτοὶ μᾶλλον περισσότερον ἐκήρυσσον.
29072500dd	καὶ ὑπερπερισσῶς ἐξεπλήσσοντο λέγοντες, Καλῶς πάντα πεποίηκεν· καὶ τοὺς κωφοὺς ποιεῖ ἀκούειν καὶ ἀλάλους λαλεῖν.
29080100e9	Ἐν ἐκείναις ταῖς ἡμέραις πάλιν πολλοῦ ὄχλου ὄντος καὶ μὴ ἐχόντων τί φάγωσιν, προσκαλεσάμενος τοὺς μαθητὰς λέγει αὐτοῖς,
29080200ba	Σπλαγχνίζομαι ἐπὶ τὸν ὄχλον, ὅτι ἤδη ἡμέραι τρεῖς προσμένουσίν [μοι], καὶ οὐκ ἔχουσιν τί φάγωσιν.
29080300d9	καὶ ἐὰν ἀπολύσω αὐτοὺς νήστεις εἰς οἶκον αὐτῶν, ἐκλυθήσονται ἐν τῇ ὁδῷ· καί τινες αὐτῶν ἀπὸ μακρόθεν ἥκασιν.
29080400c8	καὶ ἀπεκρίθησαν αὐτῷ οἱ μαθηταὶ αὐτοῦ ὅτι Πόθεν τούτους δυνήσεταί τις ὧδε χορτάσαι ἄρτων ἐπ᾽ ἐρημίας;
290805006e	καὶ ἠρώτα αὐτούς, Πόσους ἔχετε ἄρτους; οἱ δὲ εἶπαν, Ἑπτά.
290806014f	καὶ παραγγέλλει τῷ ὄχλῳ ἀναπεσεῖν ἐπὶ τῆς γῆς· καὶ λαβὼν τοὺς ἑπτὰ ἄρτους εὐχαριστήσας ἔκλασεν, καὶ ἐδίδου τοῖς μαθηταῖς αὐτοῦ ἵνα παρατιθῶσιν· καὶ παρέθηκαν τῷ ὄχλῳ.
2908070091	καὶ εἶχαν ἰχθύδια ὀλίγα · καὶ εὐλογήσας αὐτὰ εἶπεν καὶ ταῦτα παρατιθέναι.
2908080093	καὶ ἔφαγον καὶ ἐχορτάσθησαν, καὶ ἦραν περισσεύματα κλασμάτων ἑπτὰ σπυρίδας.
2908090076	ἦσαν δὲ [οἱ φαγόντες] ὡς τετρακισχίλιοι· καὶ ἀπέλυσεν αὐτούς.
29080a00a5	Καὶ εὐθὺς ἐμβὰς εἰς τὸ πλοῖον μετὰ τῶν μαθητῶν αὐτοῦ ἦλθεν εἰς τὰ μέρη Δαλμανουθά.
29080b00ec	καὶ ἐξῆλθον οἱ Φαρισαῖοι καὶ ἤρξαντο συνζητεῖν αὐτῷ, ζητοῦντες παρ᾽ αὐτοῦ σημεῖον ἀπὸ τοῦ οὐρανοῦ, πειράζοντες αὐτόν.
29080c00f3	καὶ ἀναστενάξας τῷ πνεύματι αὐτοῦ λέγει, Τί ἡ γενεὰ αὕτη ζητεῖ σημεῖον; ἀμὴν λέγω ὑμῖν, εἰ δοθήσεται τῇ γενεᾷ ταύτῃ σημεῖον.
29080d007e	Καὶ ἀφεὶς αὐτοὺς πάλιν ἐμβὰς [εἰς πλοῖον] ἀπῆλθεν εἰς τὸ πέραν.
29080e00a8	καὶ ἐπελάθοντο λαβεῖν ἄρτους, καὶ εἰ μὴ ἕνα ἄρτον οὐκ εἶχον μεθ᾽ ἑαυτῶν ἐν τῷ πλοίῳ.
29080f00b7	καὶ διεστέλλετο αὐτοῖς λέγων, Ὁρᾶτε, βλέπετε ἀπὸ τῆς ζύμης τῶν Φαρισαίων καὶ τῆς ζύμης Ἡρώδου.
290810006c	καὶ διελογίζοντο πρὸς ἀλλήλους, ὅτι ἄρτους οὐκ ἔχουσιν.
2908110105	καὶ γνοὺς [ὁ Ἰησοῦς] λέγει αὐτοῖς, Τί διαλογίζεσθε ὅτι ἄρτους οὐκ ἔχετε; οὔπω νοεῖτε οὐδὲ συνίετε; πεπωρωμένην ἔχετε τὴν καρδίαν ὑμῶν;
2908120099	ὀφθαλμοὺς ἔχοντες οὐ βλέπετε, καὶ ὦτα ἔχοντες οὐκ ἀκούετε; καὶ οὐ μνημονεύετε;
29081300e1	ὅτε τοὺς πέντε ἄρτους ἔκλασα εἰς τοὺς πεντακισχιλίους πόσους κοφίνους κλασμάτων πλήρεις ἤρατε; λέγουσιν αὐτῷ, Δώδεκα.
29081400c8	Ὅτε [δὲ] τοὺς ἑπτὰ εἰς τοὺς τετρακισχιλίους πόσων σπυρίδων πληρώματα κλασμάτων ἤρατε; οἱ δὲ εἶπον, Ἑπτά.
2908150047	Καὶ ἔλεγεν αὐτοῖς, Πῶς οὔπω συνίετε;
29081600bb	Καὶ ἔρχονται εἰς Βηθσαϊδάν· καὶ φέρουσιν αὐτῷ τυφλόν, καὶ παρακαλοῦσιν αὐτὸν ἵνα αὐτοῦ ἅψηται.
2908170132	καὶ ἐπιλαβόμενος τῆς χειρὸς τοῦ τυφλοῦ ἐξήνεγκεν αὐτὸν ἔξω τῆς κώμης, καὶ πτύσας εἰς τὰ ὄμματα αὐτοῦ, ἐπιθεὶς τὰς χεῖρας αὐτῷ, ἐπηρώτα αὐτὸν εἴ τι βλέπει.
2908180095	καὶ ἀναβλέψας ἔλεγεν, Βλέπω τοὺς ἀνθρώπους, ὅτι ὡς δένδρα ὁρῶ περιπατοῦντας.
29081900e6	εἶτα πάλιν ἔθηκεν τὰς χεῖρας ἐπὶ τοὺς ὀφθαλμοὺς αὐτοῦ, καὶ διέβλεψεν, καὶ ἀπεκατέστη, καὶ ἐνέβλεπεν τηλαυγῶς ἅπαντα.
29081a00c8	καὶ ἀπέστειλεν αὐτὸν εἰς οἶκον αὐτοῦ λέγων, Μηδὲ εἰς τὴν κώμην εἰσέλθῃς, μηδὲ εἴπῃς τινὶ ἐν τῇ κώμῃ.
29081b0156	Καὶ ἐξῆλθεν ὁ Ἰησοῦς καὶ οἱ μαθηταὶ αὐτοῦ εἰς τὰς κώμας Καισαρείας τῆς Φιλίππου· καὶ ἐν τῇ ὁδῷ ἐπηρώτα τοὺς μαθητὰς αὐτοῦ λέγων [αὐτοῖς], Τίνα με λέγουσιν οἱ ἄνθρωποι εἶναι;
29081c00ca	οἱ δὲ ἀπεκρίθησαν αὐτῷ λέγοντες, Ἰωάννην τὸν Βαπτιστήν, καὶ ἄλλοι Ἡλίαν, ἄλλοι δὲ ὅτι εἷς τῶν προφητῶν.
29081d00cd	καὶ αὐτὸς ἐπηρώτα αὐτούς, Ὑμεῖς δὲ τίνα με λέγετε εἶναι; ἀποκριθεὶς ὁ Πέτρος λέγει αὐτῷ, Σὺ εἶ ὁ χριστός.
29081e0069	Καὶ ἐπετίμησεν αὐτοῖς ἵνα μηδενὶ λέγωσιν περὶ αὐτοῦ.
29081f0190	Καὶ ἤρξατο διδάσκειν αὐτοὺς ὅτι δεῖ τὸν υἱὸν τοῦ ἀνθρώπου πολλὰ παθεῖν καὶ ἀποδοκιμασθῆναι ὑπὸ τῶν πρεσβυτέρων καὶ τῶν ἀρχιερέων καὶ τῶν γραμματέων, καὶ ἀποκτανθῆναι, καὶ μετὰ τρεῖς ἡμέρας ἀναστῆναι·
29082000ab	καὶ παῤῥησίᾳ τὸν λόγον ἐλάλει. καὶ προσλαβόμενος ὁ Πέτρος αὐτὸν ἤρξατο ἐπιτιμᾶν αὐτῷ.
2908210125	ὁ δὲ ἐπιστραφεὶς καὶ ἰδὼν τοὺς μαθητὰς αὐτοῦ, ἐπετίμησεν Πέτρῳ καὶ λέγει, Ὕπαγε ὀπίσω μου, σατανᾶ, ὅτι οὐ φρονεῖς τὰ τοῦ θεοῦ, ἀλλὰ τὰ τῶν ἀνθρώπων.
2908220153	καὶ προσκαλεσάμενος τὸν ὄχλον σὺν τοῖς μαθηταῖς αὐτοῦ εἶπεν αὐτοῖς, Εἴ τις θέλει ὀπίσω μου ἀκολουθεῖν, ἀπαρνησάσθω ἑαυτὸν καὶ ἀράτω τὸν σταυρὸν αὐτοῦ, καὶ ἀκολουθείτω μοι.
290823010d	ὃς γὰρ ἐὰν θέλῃ τὴν ψυχὴν αὐτοῦ σῶσαι, ἀπολέσει αὐτήν· ὃς δ᾽ ἂν ἀπολέσει τὴν ἑαυτοῦ ψυχὴν ἕνεκεν ἐμοῦ καὶ τοῦ εὐαγγελίου, σώσει αὐτήν.
29082400ab	τί γὰρ ὠφελήσει τὸν ἄνθρωπον, ἐὰν κερδήσῃ τὸν κόσμον ὅλον καὶ ζημιωθῇ τὴν ψυχὴν αὐτοῦ;
290825005e	τί γὰρ δοῖ ἄνθρωπος ἀντάλλαγμα τῆς ψυχῆς αὐτοῦ;
290826019a	ὃς γὰρ ἐὰν ἐπαισχυνθῇ με καὶ τοὺς ἐμοὺς λόγους ἐν τῇ γενεᾷ ταύτῃ τῇ μοιχαλίδι καὶ ἁμαρτωλῷ, καὶ ὁ υἱὸς τοῦ ἀνθρώπου ἐπαισχυνθήσεται αὐτόν, ὅταν ἔλθῃ ἐν τῇ δόξῃ τοῦ πατρὸς αὐτοῦ μετὰ τῶν ἀγγέλων τῶν ἁγίων.
290901013d	Καὶ ἔλεγεν αὐτοῖς, Ἀμὴν λέγω ὑμῖν ὅτι εἰσίν τινες ὧδε τῶν ἑστηκότων, οἵτινες οὐ μὴ γεύσωνται θανάτου, ἕως ἂν ἴδωσιν τὴν βασιλείαν τοῦ θεοῦ ἐληλυθυῖαν ἐν δυνάμει.
290902014f	Καὶ μετὰ ἡμέρας ἓξ παραλαμβάνει ὁ Ἰησοῦς τὸν Πέτρον καὶ τὸν Ἰάκωβον καὶ Ἰωάννην, καὶ ἀναφέρει αὐτοὺς εἰς ὄρος ὑψηλὸν κατ᾽ ἰδίαν μόνους· καὶ μετεμορφώθη ἔμπροσθεν αὐτῶν,
29090300c9	καὶ τὰ ἱμάτια αὐτοῦ ἐγένοντο στίλβοντα, λευκὰ λίαν, οἷα γναφεὺς ἐπὶ τῆς γῆς οὐ δύναται οὕτως λευκᾶναι.
2909040081	καὶ ὤφθη αὐτοῖς Ἡλίας σὺν Μωυσῇ, καὶ ἦσαν συλλαλοῦντες τῷ Ἰησοῦ.
2909050112	καὶ ἀποκριθεὶς ὁ Πέτρος λέγει τῷ Ἰησοῦ, Ῥαββί, καλόν ἐστιν ἡμᾶς ὧδε εἶναι, καὶ ποιήσωμεν τρεῖς σκηνάς, σοὶ μίαν καὶ Μωυσῇ μίαν καὶ Ἡλίᾳ μίαν.
290906005c	οὐ γὰρ ᾖδει τί ἀποκριθῇ· ἔκφοβοι γὰρ ἐγένοντο.
29090700ed	καὶ ἐγένετο νεφέλη ἐπισκιάζουσα αὐτοῖς, καὶ ἦλθεν φωνὴ ἐκ τῆς νεφέλης, Οὗτός ἐστιν ὁ υἱός μου ὁ ἀγαπητός· ἀκούετε αὐτοῦ.
29090800a4	καὶ ἐξάπινα περιβλεψάμενοι οὐκέτι οὐδένα εἶδον, ἀλλὰ τὸν Ἰησοῦν μόνον μεθ᾽ ἑαυτῶν.
2909090113	καὶ καταβαινόντων αὐτῶν ἀπὸ τοῦ ὄρους διεστείλατο αὐτοῖς ἵνα μηδενὶ ἃ εἶδον διηγήσωνται, εἰ μὴ ὅταν ὁ υἱὸς τοῦ ἀνθρώπου ἐκ νεκρῶν ἀναστῇ.
29090a00a4	καὶ τὸν λόγον ἐκράτησαν πρὸς ἑαυτούς, συνζητοῦντες τί ἐστιν τὸ ἐκ νεκρῶν ἀναστῆναι.
29090b00a7	καὶ ἐπηρώτων αὐτὸν λέγοντες, Ὅτι λέγουσιν οἱ γραμματεῖς ὅτι Ἡλίαν δεῖ ἐλθεῖν πρῶτον;
29090c0113	ὁ δὲ ἔφη αὐτοῖς, Ἡλίας [μὲν] ἐλθὼν πρῶτον ἀποκαθιστάνει πάντα· καὶ πῶς γέγραπται ἐπὶ τὸν υἱὸν τοῦ ἀνθρώπου, ἵνα πολλὰ πάθῃ καὶ ἐξουδενηθῇ.
29090d00bd	ἀλλὰ λέγω ὑμῖν ὅτι καὶ Ἡλίας ἐλήλυθεν καὶ ἐποίησαν αὐτῷ ὅσα ἤθελον, καθὼς γέγραπται ἐπ᾽ αὐτόν.
29090e00cb	Καὶ ἐλθόντες πρὸς τοὺς μαθητὰς εἶδον ὄχλον πολὺν περὶ αὐτοὺς καὶ γραμματεῖς συνζητοῦντας πρὸς αὐτούς.
29090f00aa	καὶ εὐθὺς πᾶς ὁ ὄχλος ἰδόντες αὐτὸν ἐξεθαμβήθησαν, καὶ προστρέχοντες ἠσπάζοντο αὐτόν.
2909100060	καὶ ἐπηρώτησεν αὐτούς, Τί συνζητεῖτε πρὸς αὐτούς;
29091100bc	καὶ ἀπεκρίθη αὐτῷ εἷς ἐκ τοῦ ὄχλου, Διδάσκαλε, ἤνεγκα τὸν υἱόν μου πρός σε, ἔχοντα πνεῦμα ἄλαλον.
290912013c	καὶ ὅπου ἐὰν αὐτὸν καταλάβῃ, ῥήσσει αὐτόν· καὶ ἀφρίζει, καὶ τρίζει τοὺς ὀδόντας, καὶ ξηραίνεται· καὶ εἶπα τοῖς μαθηταῖς σου ἵνα αὐτὸ ἐκβάλωσιν, καὶ οὐκ ἴσχυσαν.
29091300e9	ὁ δὲ ἀποκριθεὶς αὐτοῖς λέγει, Ὦ γενεὰ ἄπιστος, ἕως πότε πρὸς ὑμᾶς ἔσομαι; ἕως πότε ἀνέξομαι ὑμῶν; φέρετε αὐτὸν πρός με.
29091400ee	καὶ ἤνεγκαν αὐτὸν πρὸς αὐτόν· καὶ ἰδὼν αὐτὸν τὸ πνεῦμα εὐθὺς ἐσπάραξεν αὐτόν, καὶ πεσὼν ἐπὶ τῆς γῆς ἐκυλίετο ἀφρίζων.
29091500c3	καὶ ἐπηρώτησεν τὸν πατέρα αὐτοῦ, Πόσος χρόνος ἐστὶν ὡς τοῦτο γέγονεν αὐτῷ; ὁ δὲ εἶπεν, Ἐκ παιδιόθεν.
29091600fe	καὶ πολλάκις αὐτὸν καὶ εἰς πῦρ ἔβαλεν καὶ εἰς ὕδατα, ἵνα ἀπολέσῃ αὐτόν· ἀλλ᾽ εἴ τι δύνῃ, βοήθησον ἡμῖν, σπλαγχνισθεὶς ἐφ᾽ ἡμᾶς.
290917007c	ὁ δὲ Ἰησοῦς εἶπεν αὐτῷ, Τὸ εἰ δύνῃ, πάντα δυνατὰ τῷ πιστεύοντι.
2909180096	[καὶ] εὐθὺς κράξας ὁ πατὴρ τοῦ παιδίου ἔλεγεν, Πιστεύω· βοήθει μου τῇ ἀπιστίᾳ.
2909190168	ἰδὼν δὲ ὁ Ἰησοῦς ὅτι ἐπισυντρέχει ὄχλος, ἐπετίμησεν τῷ πνεύματι τῷ ἀκαθάρτῳ λέγων αὐτῷ, Τὸ ἄλαλον καὶ κωφὸν πνεῦμα, ἐγὼ ἐπιτάσσω σοι, ἔξελθε ἐξ αὐτοῦ, καὶ μηκέτι εἰσέλθῃς εἰς αὐτόν.
29091a00c9	καὶ κράξας, καὶ πολλὰ σπαράξας ἐξῆλθεν, καὶ ἐγένετο ὡσεὶ νεκρός, ὥστε τοὺς πολλοὺς λέγειν ὅτι ἀπέθανεν.
29091b0080	ὁ δὲ Ἰησοῦς κρατήσας τῆς χειρὸς αὐτοῦ ἤγειρεν αὐτόν, καὶ ἀνέστη.
29091c00ea	Καὶ εἰσελθόντος αὐτοῦ εἰς οἶκον, οἱ μαθηταὶ αὐτοῦ κατ᾽ ἰδίαν ἐπηρώτων αὐτόν, Ὅτι ἡμεῖς οὐκ ἠδυνήθημεν ἐκβαλεῖν αὐτό;
29091d00b5	καὶ εἶπεν αὐτοῖς, Τοῦτο τὸ γένος ἐν οὐδενὶ δύναται ἐξελθεῖν, εἰ μὴ ἐν προσευχῇ καὶ νηστείᾳ.
29091e009b	Κἀκεῖθεν ἐξελθόντες ἐπορεύοντο διὰ τῆς Γαλιλαίας, καὶ οὐκ ἤθελεν ἵνα τις γνοῖ·
29091f0166	ἐδίδασκεν γὰρ τοὺς μαθητὰς αὐτοῦ καὶ ἔλεγεν αὐτοῖς ὅτι Ὁ υἱὸς τοῦ ἀνθρώπου παραδίδοται εἰς χεῖρας ἀνθρώπων, καὶ ἀποκτενοῦσιν αὐτόν, καὶ ἀποκτανθεὶς μετὰ τρεῖς ἡμέρας ἀναστήσεται.
290920006f	οἱ δὲ ἠγνόουν τὸ ῥῆμα, καὶ ἐφοβοῦντο αὐτὸν ἐπερωτῆσαι.
29092100b9	Καὶ ἦλθον εἰς Καφαρναούμ· καὶ ἐν τῇ οἰκίᾳ γενόμενος ἐπηρώτα αὐτούς, Τί ἐν τῇ ὁδῷ διελογίζεσθε;
2909220082	οἱ δὲ ἐσιώπων· πρὸς ἀλλήλους γὰρ διελέχθησαν ἐν τῇ ὁδῷ τίς μείζων.
29092300e6	καὶ καθίσας ἐφώνησεν τοὺς δώδεκα, καὶ λέγει αὐτοῖς, Εἴ τις θέλει πρῶτος εἶναι, ἔσται πάντων ἔσχατος καὶ πάντων διάκονος.
29092400aa	καὶ λαβὼν παιδίον ἔστησεν αὐτὸ ἐν μέσῳ αὐτῶν, καὶ ἐναγκαλισάμενος αὐτό, εἶπεν αὐτοῖς,
290925010a	Ὃς ἂν ἓν τῶν τοιούτων παιδίων δέξηται ἐπὶ τῷ ὀνόματί μου, ἐμὲ δέχεται· καὶ ὃς ἂν ἐμὲ δέχηται, οὐκ ἐμὲ δέχεται, ἀλλὰ τὸν ἀποστείλαντά με.
2909260136	ἔφη αὐτῷ ὁ Ἰωάννης λέγων, Διδάσκαλε, εἴδομέν τινα ἐν τῷ ὀνόματί σου ἐκβάλλοντα δαιμόνια, ὃς οὐκ ἀκολουθεῖ ἡμῖν· καὶ ἐκωλύομεν αὐτόν, [ὅτι οὐκ ἀκολουθεῖ ἡμῖν].
29092700fa	ὁ δὲ Ἰησοῦς εἶπεν, Μὴ κωλύετε αὐτόν, · οὐδεὶς γάρ ἐστιν ὃς ποιήσει δύναμιν ἐπὶ τῷ ὀνόματί μου, καὶ δυνήσεται ταχὺ κακολογῆσαί με.
2909280059	ὃς γὰρ οὐκ ἔστιν καθ᾽ ἡμῶν ὑπὲρ ἡμῶν ἐστιν.
29092900ed	ὃς γὰρ ἂν ποτίσῃ ὑμᾶς ποτήριον ὕδατος ἐν ὀνόματι ὅτι χριστοῦ ἐστέ, ἀμὴν λέγω ὑμῖν ὅτι οὐ μὴ ἀπολέσει τὸν μισθὸν αὐτοῦ.
29092a0154	καὶ ὃς ἂν σκανδαλίσῃ ἕνα τῶν μικρῶν τούτων τῶν πιστευόντων εἰς ἐμέ, καλόν ἐστιν αὐτῷ μᾶλλον εἰ περίκειται μύλος ὀνικὸς περὶ τὸν τράχηλον αὐτοῦ καὶ βέβληται εἰς τὴν θάλασσαν.
29092b0149	καὶ ἐὰν σκανδαλίζῃ σε ἡ χείρ σου, ἀπόκοψον αὐτήν· καλόν ἐστίν σε κυλλὸν εἰσελθεῖν εἰς τὴν ζωήν, ἢ τὰς δύο χεῖρας ἔχοντα ἀπελθεῖν εἰς τὴν γέενναν εἰς τὸ πῦρ τὸ ἄσβεστον,
29092c0070	[ὅπου ὁ σκώληξ αὐτῶν οὐ τελευτᾷ, καὶ τὸ πῦρ οὐ σβέννυται].
29092d0117	καὶ ἐὰν ὁ πούς σου σκανδαλίζῃ σε, ἀπόκοψον αὐτόν· καλόν ἐστίν σε εἰσελθεῖν εἰς τὴν ζωὴν χωλόν, ἢ τοὺς δύο πόδας ἔχοντα βληθῆναι εἰς τὴν γέενναν,
29092e0070	[ὅπου ὁ σκώληξ αὐτῶν οὐ τελευτᾷ, καὶ τὸ πῦρ οὐ σβέννυται].
29092f0143	καὶ ἐὰν ὁ ὀφθαλμός σου σκανδαλίζῃ σε, ἔκβαλε αὐτόν· καλόν σέ ἐστιν μονόφθαλμον εἰσελθεῖν εἰς τὴν βασιλείαν τοῦ θεοῦ, ἢ δύο ὀφθαλμοὺς ἔχοντα βληθῆναι εἰς τὴν γέενναν,
290930006e	ὅπου ὁ σκώληξ αὐτῶν οὐ τελευτᾷ, καὶ τὸ πῦρ οὐ σβέννυται.
2909310073	πᾶς γὰρ πυρὶ ἁλισθήσεται, [καὶ πᾶσα θυσία ἁλὶ ἁλισθήσεται].
29093200ea	καλὸν τὸ ἅλας· ἐὰν δὲ τὸ ἅλας ἄναλον γένηται, ἐν τίνι αὐτὸ ἀρτύσετε; ἔχετε ἐν ἑαυτοῖς ἅλα, καὶ εἰρηνεύετε ἐν ἀλλήλοις.
290a010135	Καὶ ἐκεῖθεν ἀναστὰς ἔρχεται εἰς τὰ ὅρια τῆς Ἰουδαίας καὶ πέραν τοῦ Ἰορδάνου, καὶ συμπορεύονται πάλιν ὄχλοι πρὸς αὐτόν, καὶ ὡς εἰώθει, πάλιν ἐδίδασκεν αὐτούς.
290a0200be	καὶ προσελθόντες Φαρισαῖοι ἐπηρώτων αὐτὸν εἰ ἔξεστιν ἀνδρὶ γυναῖκα ἀπολῦσαι, πειράζοντες αὐτόν.
290a030071	ὁ δὲ ἀποκριθεὶς εἶπεν αὐτοῖς, Τί ὑμῖν ἐνετείλατο Μωυσῆς;
290a040088	οἱ δὲ εἶπαν, Ἐπέτρεψεν Μωυσῆς βιβλίον ἀποστασίου γράψαι καὶ ἀπολῦσαι.
290a0500af	ὁ δὲ Ἰησοῦς εἶπεν αὐτοῖς, Πρὸς τὴν σκληροκαρδίαν ὑμῶν ἔγραψεν ὑμῖν τὴν ἐντολὴν ταύτην·
290a06006a	ἀπὸ δὲ ἀρχῆς κτίσεως ἄρσεν καὶ θῆλυ ἐποίησεν αὐτούς·
290a0700db	ἕνεκεν τούτου καταλείψει ἄνθρωπος τὸν πατέρα αὐτοῦ καὶ τὴν μητέρα· καὶ προσκολληθήσεται πρὸς τὴν γυναῖκα αὐτοῦ,
290a08008a	καὶ ἔσονται οἱ δύο εἰς σάρκα μίαν. ὥστε οὐκέτι εἰσὶν δύο, ἀλλὰ μία σάρξ.
290a090059	ὃ οὖν ὁ θεὸς συνέζευξεν, ἄνθρωπος μὴ χωριζέτω.
290a0a0080	καὶ εἰς τὴν οἰκίαν πάλιν οἱ μαθηταὶ περὶ τούτου ἐπηρώτησαν αὐτόν.
290a0b00b0	καὶ λέγει αὐτοῖς, Ὃς ἂν ἀπολύσῃ τὴν γυναῖκα αὐτοῦ καὶ γαμήσῃ ἄλλην, μοιχᾶται ἐπ᾽ αὐτήν·
290a0c007e	καὶ ἐὰν αὐτὴ ἀπολύσασα τὸν ἄνδρα αὐτῆς γαμήσῃ ἄλλον, μοιχᾶται.
290a0d00ac	Καὶ προσέφερον αὐτῷ παιδία, ἵνα ἅψηται αὐτῶν· οἱ δὲ μαθηταὶ ἐπετίμων τοῖς προσφέρουσιν.
290a0e0117	ἰδὼν δὲ ὁ Ἰησοῦς ἠγανάκτησεν καὶ εἶπεν αὐτοῖς, Ἄφετε τὰ παιδία ἔρχεσθαι πρός με, μὴ κωλύετε αὐτά· τῶν γὰρ τοιούτων ἐστὶν ἡ βασιλεία τοῦ θεοῦ·
290a0f00b5	ἀμὴν λέγω ὑμῖν, ὃς ἂν μὴ δέξηται τὴν βασιλείαν τοῦ θεοῦ ὡς παιδίον, οὐ μὴ εἰσέλθῃ εἰς αὐτήν.
290a10007f	καὶ ἐναγκαλισάμενος αὐτά, κατηυλόγει τιθεὶς τὰς χεῖρας ἐπ᾽ αὐτά.
290a110116	Καὶ ἐκπορευομένου αὐτοῦ εἰς ὁδόν, προσδραμὼν εἷς καὶ γονυπετήσας αὐτὸν ἐπηρώτα αὐτόν, Διδάσκαλε ἀγαθέ, τί ποιήσω ἵνα ζωὴν αἰώνιον κληρονομήσω;
290a120096	ὁ δὲ Ἰησοῦς εἶπεν αὐτῷ, Τί με λέγεις ἀγαθόν; οὐδεὶς ἀγαθὸς εἰ μὴ εἷς ὁ θεός.
290a1300fd	τὰς ἐντολὰς οἶδας, Μὴ μοιχεύσῃς· μὴ φονεύσῃς· μὴ κλέψῃς· μὴ ψευδομαρτυρήσῃς· μὴ ἀποστερήσῃς· τίμα τὸν πατέρα σου καὶ τὴν μητέρα.
290a140094	ὁ δὲ ἀποκριθεὶς ἔφη αὐτῷ, Διδάσκαλε, ταῦτα πάντα ἐφυλαξάμην ἐκ νεότητός μου.
290a150153	ὁ δὲ Ἰησοῦς ἐμβλέψας αὐτῷ ἠγάπησεν αὐτὸν καὶ εἶπεν αὐτῷ, Ἕν σοι ὑστερεῖ· ὕπαγε, ὅσα ἔχεις πώλησον καὶ δὸς πτωχοῖς, καὶ ἕξεις θησαυρὸν ἐν οὐρανῷ· καὶ δεῦρο, ἀκολούθει μοί.
290a160090	ὁ δὲ στυγνάσας ἐπὶ τῷ λόγῳ ἀπῆλθεν λυπούμενος· ἦν γὰρ ἔχων κτήματα πολλά.
290a170102	καὶ περιβλεψάμενος ὁ Ἰησοῦς λέγει τοῖς μαθηταῖς αὐτοῦ, Πῶς δυσκόλως οἱ τὰ χρήματα ἔχοντες εἰς τὴν βασιλείαν τοῦ θεοῦ εἰσελεύσονται.
290a18016b	οἱ δὲ μαθηταὶ ἐθαμβοῦντο ἐπὶ τοῖς λόγοις αὐτοῦ. ὁ δὲ Ἰησοῦς πάλιν ἀποκριθεὶς λέγει αὐτοῖς, Τέκνα, πῶς δύσκολόν ἐστιν τοὺς πεποιθότας ἐπὶ χρήμασιν εἰς τὴν βασιλείαν τοῦ θεοῦ εἰσελθεῖν.
290a1900d1	εὐκοπώτερόν ἐστιν κάμηλον διὰ τρυμαλιᾶς ῥαφίδος διελθεῖν, ἢ πλούσιον εἰς τὴν βασιλείαν τοῦ θεοῦ εἰσελθεῖν.
290a1a0092	οἱ δὲ περισσῶς ἐξεπλήσσοντο λέγοντες πρὸς ἑαυτούς, Καὶ τίς δύναται σωθῆναι;
290a1b00cf	ἐμβλέψας αὐτοῖς ὁ Ἰησοῦς λέγει, Παρὰ ἀνθρώποις ἀδύνατον, ἀλλ᾽ οὐ παρὰ θεῷ· πάντα γὰρ δυνατὰ παρὰ τῷ θεῷ.
290a1c0099	ἤρξατο ὁ Πέτρος λέγειν αὐτῷ, Ἰδοὺ ἡμεῖς ἀφήκαμεν πάντα, καὶ ἠκολουθήκαμέν σοι.
290a1d0152	ἀποκριθεὶς ὁ Ἰησοῦς εἶπεν, Ἀμὴν λέγω ὑμῖν, οὐδείς ἐστιν, ὃς ἀφῆκεν οἰκίαν ἢ ἀδελφοὺς ἢ ἀδελφὰς ἢ μητέρα ἢ πατέρα ἢ τέκνα ἢ ἀγροὺς ἕνεκεν ἐμοῦ καὶ ἕνεκεν τοῦ εὐαγγελίου,
290a1e0158	ἐὰν μὴ λάβῃ ἑκατονταπλασίονα νῦν ἐν τῷ καιρῷ τούτῳ, οἰκίας καὶ ἀδελφοὺς καὶ ἀδελφὰς καὶ μητέρα καὶ τέκνα καὶ ἀγροὺς μετὰ διωγμῶν, καὶ ἐν τῷ αἰῶνι τῷ ἐρχομένῳ ζωὴν αἰώνιον.
290a1f006f	πολλοὶ δὲ ἔσονται πρῶτοι ἔσχατοι, καὶ οἱ ἔσχατοι πρῶτοι.
290a20019c	Ἦσαν δὲ ἐν τῇ ὁδῷ ἀναβαίνοντες εἰς Ἱεροσόλυμα, καὶ ἦν προάγων αὐτοὺς ὁ Ἰησοῦς, καὶ ἐθαμβοῦντο, οἱ δὲ ἀκολουθοῦντες ἐφοβοῦντο. καὶ παραλαβὼν πάλιν τοὺς δώδεκα ἤρξατο αὐτοῖς λέγειν τὰ μέλλοντα αὐτῷ συμβαίνειν,
290a21016e	ὅτι Ἰδοὺ ἀναβαίνομεν εἰς Ἱεροσόλυμα, καὶ ὁ υἱὸς τοῦ ἀνθρώπου παραδοθήσεται τοῖς ἀρχιερεῦσιν καὶ τοῖς γραμματεῦσιν, καὶ κατακρινοῦσιν αὐτὸν θανάτῳ, καὶ παραδώσουσιν αὐτὸν τοῖς ἔθνεσιν,
290a2200ff	καὶ ἐμπαίξουσιν αὐτῷ, καὶ ἐμπτύσουσιν αὐτῷ, καὶ μαστιγώσουσιν αὐτόν, καὶ ἀποκτενοῦσιν [αὐτόν]· καὶ μετὰ τρεῖς ἡμέρας ἀναστήσεται.
290a230105	Καὶ προσπορεύονται αὐτῷ Ἰάκωβος καὶ Ἰωάννης οἱ υἱοὶ Ζεβεδαίου λέγοντες αὐτῷ, Διδάσκαλε, θέλομεν ἵνα ὃ ἐὰν αἰτήσωμέν σε ποιήσῃς ἡμῖν.
290a240050	ὁ δὲ εἶπεν αὐτοῖς, Τί θέλετε ποιήσω ὑμῖν;
290a2500bd	οἱ δὲ εἶπαν αὐτῷ, Δὸς ἡμῖν ἵνα εἷς σου ἐκ δεξιῶν καὶ εἷς ἐξ ἀριστερῶν καθίσωμεν ἐν τῇ δόξῃ σου.
290a260102	ὁ δὲ Ἰησοῦς εἶπεν αὐτοῖς, Οὐκ οἴδατε τί αἰτεῖσθε. δύνασθε πιεῖν τὸ ποτήριον ὃ ἐγὼ πίνω, ἢ τὸ βάπτισμα ὃ ἐγὼ βαπτίζομαι βαπτισθῆναι;
290a270103	οἱ δὲ εἶπαν αὐτῷ, Δυνάμεθα. ὁ δὲ Ἰησοῦς εἶπεν αὐτοῖς, Τὸ ποτήριον ὃ ἐγὼ πίνω πίεσθε, καὶ τὸ βάπτισμα ὃ ἐγὼ βαπτίζομαι βαπτισθήσεσθε·
290a2800a9	τὸ δὲ καθίσαι ἐκ δεξιῶν μου ἢ ἐξ εὐωνύμων οὐκ ἔστιν ἐμὸν δοῦναι, ἀλλ᾽ οἷς ἡτοίμασται.
290a290086	καὶ ἀκούσαντες οἱ δέκα ἤρξαντο ἀγανακτεῖν περὶ Ἰακώβου καὶ Ἰωάννου.
290a2a013d	καὶ προσκαλεσάμενος αὐτοὺς ὁ Ἰησοῦς λέγει αὐτοῖς, Οἴδατε ὅτι οἱ δοκοῦντες ἄρχειν τῶν ἐθνῶν κατακυριεύουσιν αὐτῶν, καὶ οἱ μεγάλοι αὐτῶν κατεξουσιάζουσιν αὐτῶν·
290a2b00af	οὐχ οὕτως δέ ἐστιν ἐν ὑμῖν, ἀλλ᾽ ὃς ἂν θέλῃ μέγας γενέσθαι ἐν ὑμῖν, ἔσται ὑμῶν διάκονος·
290a2c006f	καὶ ὃς ἐὰν θέλῃ ὑμῶν εἶναι πρῶτος, ἔσται πάντων δοῦλος·
290a2d00e6	καὶ γὰρ ὁ υἱὸς τοῦ ἀνθρώπου οὐκ ἦλθεν διακονηθῆναι, ἀλλὰ διακονῆσαι καὶ δοῦναι τὴν ψυχὴν αὐτοῦ λύτρον ἀντὶ πολλῶν.
290a2e014c	Καὶ ἔρχονται εἰς Ἱεριχώ· καὶ ἐκπορευομένου αὐτοῦ ἀπὸ Ἱεριχὼ καὶ τῶν μαθητῶν αὐτοῦ καὶ ὄχλου ἱκανοῦ, ὁ υἱὸς Τιμαίου Βαρτίμαιος τυφλὸς προσαίτης ἐκάθητο παρὰ τὴν ὁδόν.
290a2f00c0	καὶ ἀκούσας ὅτι Ἰησοῦς ὁ Ναζαρηνός ἐστιν, ἤρξατο κράζειν καὶ λέγειν, Υἱὲ Δαυεὶδ Ἰησοῦ, ἐλέησόν με.
290a3000ae	καὶ ἐπετίμων αὐτῷ πολλοὶ ἵνα σιωπήσῃ· ὁ δὲ πολλῷ μᾶλλον ἔκραζεν, Υἱὲ Δαυείδ, ἐλέησόν με.
290a3100cd	καὶ στὰς ὁ Ἰησοῦς εἶπεν, Φωνήσατε αὐτόν· καὶ φωνοῦσιν τὸν τυφλὸν λέγοντες αὐτῷ, Θάρσει· ἔγειρε, φωνεῖ σε.
290a320084	ὁ δὲ ἀποβαλὼν τὸ ἱμάτιον αὐτοῦ ἀναπηδήσας ἦλθεν πρὸς τὸν Ἰησοῦν·
290a3300ce	καὶ ἀποκριθεὶς αὐτῷ ὁ Ἰησοῦς εἶπεν, Τί θέλεις ποιήσω σοί; ὁ δὲ τυφλὸς εἶπεν αὐτῷ, Ῥαββουνί, ἵνα ἀναβλέψω.
290a3400d1	ὁ δὲ Ἰησοῦς εἶπεν αὐτῷ, Ὕπαγε, ἡ πίστις σου σέσωκέν σε. καὶ εὐθὺς ἀνέβλεψεν, καὶ ἠκολούθει αὐτῷ ἐν τῇ ὁδῷ.
290b0100e9	Καὶ ὅτε ἐγγίζουσιν εἰς Ἱεροσόλυμα εἰς Βηθφαγῆ καὶ Βηθανίαν πρὸς τὸ ὄρος τῶν ἐλαιῶν, ἀποστέλλει δύο τῶν μαθητῶν αὐτοῦ,
290b02016e	καὶ λέγει αὐτοῖς, Ὑπάγετε εἰς τὴν κώμην τὴν κατέναντι ὑμῶν· καὶ εὐθὺς εἰσπορευόμενοι εἰς αὐτὴν εὑρήσετε πῶλον δεδεμένον, ἐφ᾽ ὃν οὐδεὶς οὔπω ἀνθρώπων κεκάθικεν· λύσατε αὐτὸν καὶ φέρετε.
290b0300e0	καὶ ἐάν τις ὑμῖν εἴπῃ, Τί ποιεῖτε τοῦτο; εἴπατε, Ὁ κύριος αὐτοῦ χρείαν ἔχει, καὶ εὐθὺς αὐτὸν ἀποστέλλει πάλιν ὧδε.
290b0400ae	καὶ ἀπῆλθον καὶ εὗρον πῶλον δεδεμένον πρὸς θύραν ἔξω ἐπὶ τοῦ ἀμφόδου, καὶ λύουσιν αὐτόν.
290b05008f	καί τινες τῶν ἐκεῖ ἑστηκότων ἔλεγον αὐτοῖς, Τί ποιεῖτε λύοντες τὸν πῶλον;
290b060078	οἱ δὲ εἶπον αὐτοῖς καθὼς εἶπεν ὁ Ἰησοῦς, καὶ ἀφῆκαν αὐτούς.
290b0700cd	καὶ φέρουσιν τὸν πῶλον πρὸς τὸν Ἰησοῦν, καὶ ἐπιβάλλουσιν αὐτῷ τὰ ἱμάτια αὐτῶν, καὶ ἐκάθισεν ἐπ᾽ αὐτόν.
290b0800b4	καὶ πολλοὶ τὰ ἱμάτια αὐτῶν ἔστρωσαν εἰς τὴν ὁδόν, ἄλλοι δὲ στιβάδας, κόψαντες ἐκ τῶν ἀγρῶν.
290b0900c1	καὶ οἱ προάγοντες καὶ οἱ ἀκολουθοῦντες ἔκραζον, Ὡσαννά, εὐλογημένος ὁ ἐρχόμενος ἐν ὀνόματι κυρίου,
290b0a009d	εὐλογημένη ἡ ἐρχομένη βασιλεία τοῦ πατρὸς ἡμῶν Δαυείδ, ὡσαννὰ ἐν τοῖς ὑψίστοις.
290b0b0100	καὶ εἰσῆλθεν εἰς Ἱεροσόλυμα εἰς τὸ ἱερόν, καὶ περιβλεψάμενος πάντα, ὀψίας ἤδη οὔσης τῆς ὥρας ἐξῆλθεν εἰς Βηθανίαν μετὰ τῶν δώδεκα.
290b0c0071	Καὶ τῇ ἐπαύριον ἐξελθόντων αὐτῶν ἀπὸ Βηθανίας ἐπείνασεν,
290b0d0126	καὶ ἰδὼν συκῆν ἀπὸ μακρόθεν ἔχουσαν φύλλα, ἦλθεν εἰ ἄρα τι εὑρήσει ἐν αὐτῇ, καὶ ἐλθὼν ἐπ᾽ αὐτὴν οὐδὲν εὗρεν εἰ μὴ φύλλα· ὁ γὰρ καιρὸς οὐκ ἦν σύκων.
290b0e00d0	καὶ ἀποκριθεὶς εἶπεν αὐτῇ, Μηκέτι εἰς τὸν αἰῶνα ἐκ σοῦ μηδεὶς καρπὸν φάγοι. καὶ ἤκουον οἱ μαθηταὶ αὐτοῦ.
290b0f01a4	Καὶ ἔρχονται εἰς Ἱεροσόλυμα· καὶ εἰσελθὼν εἰς τὸ ἱερὸν ἤρξατο ἐκβάλλειν τοὺς πωλοῦντας καὶ τοὺς ἀγοράζοντας ἐν τῷ ἱερῷ, καὶ τὰς τραπέζας τῶν κολλυβιστῶν καὶ τὰς καθέδρας τῶν πωλούντων τὰς περιστερὰς κατέστρεψεν,
290b100068	καὶ οὐκ ἤφιεν ἵνα τις διενέγκῃ σκεῦος διὰ τοῦ ἱεροῦ.
290b11012b	καὶ ἐδίδασκεν καὶ ἔλεγεν αὐτοῖς, Οὐ γέγραπται ὅτι Ὁ οἶκός μου οἶκος προσευχῆς κληθήσεται πᾶσιν τοῖς ἔθνεσιν; ὑμεῖς δὲ πεποιήκατε αὐτὸν σπήλαιον λῃστῶν.
290b120129	καὶ ἤκουσαν οἱ ἀρχιερεῖς καὶ οἱ γραμματεῖς, καὶ ἐζήτουν πῶς αὐτὸν ἀπολέσωσιν· ἐφοβοῦντο γὰρ αὐτόν, πᾶς γὰρ ὁ ὄχλος ἐξεπλήσσετο ἐπὶ τῇ διδαχῇ αὐτοῦ.
290b130063	καὶ ὅταν ὀψὲ ἐγένετο, ἐξεπορεύοντο ἔξω τῆς πόλεως.
290b14007c	Καὶ παραπορευόμενοι πρωῒ εἶδον τὴν συκῆν ἐξηραμμένην ἐκ ῥιζῶν.
290b150097	καὶ ἀναμνησθεὶς ὁ Πέτρος λέγει αὐτῷ, Ῥαββί, ἴδε ἡ συκῆ ἣν κατηράσω ἐξήρανται.
290b160070	καὶ ἀποκριθεὶς ὁ Ἰησοῦς λέγει αὐτοῖς, Ἔχετε πίστιν θεοῦ.
290b170150	ἀμὴν [γὰρ] λέγω ὑμῖν ὅτι ὃς ἂν εἴπῃ τῷ ὄρει τούτῳ, Ἄρθητι καὶ βλήθητι εἰς τὴν θάλασσαν, καὶ μὴ διακριθῇ ἐν τῇ καρδίᾳ αὐτοῦ, ἀλλὰ πιστεύσῃ ὅτι ὃ λαλεῖ γίνεται, ἔσται αὐτῷ.
290b1800ba	διὰ τοῦτο λέγω ὑμῖν, Πάντα ὅσα προσεύχεσθε καὶ αἰτεῖσθε, πιστεύετε ὅτι ἐλάβετε, καὶ ἔσται ὑμῖν.
290b190105	καὶ ὅταν στήκετε προσευχόμενοι, ἀφίετε εἴ τι ἔχετε κατά τινος, ἵνα καὶ ὁ πατὴρ ὑμῶν ὁ ἐν τοῖς οὐρανοῖς ἀφῇ ὑμῖν τὰ παραπτώματα ὑμῶν.
290b1b011b	Καὶ ἔρχονται πάλιν εἰς Ἱεροσόλυμα· καὶ ἐν τῷ ἱερῷ περιπατοῦντος αὐτοῦ, ἔρχονται πρὸς αὐτὸν οἱ ἀρχιερεῖς καὶ οἱ γραμματεῖς καὶ οἱ πρεσβύτεροι,
290b1c00c9	καὶ ἔλεγον αὐτῷ, Ἐν ποίᾳ ἐξουσίᾳ ταῦτα ποιεῖς; καὶ τίς σοι ἔδωκεν τὴν ἐξουσίαν ταύτην ἵνα ταῦτα ποιῇς;
290b1d00e1	ὁ δὲ Ἰησοῦς εἶπεν αὐτοῖς, Ἐπερωτήσω ὑμᾶς ἕνα λόγον, καὶ ἀποκρίθητέ μοι, καὶ ἐρῶ ὑμῖν ἐν ποίᾳ ἐξουσίᾳ ταῦτα ποιῶ.
290b1e0085	τὸ βάπτισμα τὸ Ἰωάννου ἐξ οὐρανοῦ ἦν, ἢ ἐξ ἀνθρώπων; ἀποκρίθητέ μοι.
290b1f00c4	Καὶ διελογίζοντο πρὸς ἑαυτοὺς λέγοντες, Ἐὰν εἴπωμεν, Ἐξ οὐρανοῦ, ἐρεῖ, Διὰ τί οὐκ ἐπιστεύσατε αὐτῷ;
290b2000c4	ἀλλὰ εἴπωμεν, Ἐξ ἀνθρώπων, ἐφοβοῦντο τὸν λαόν· ἅπαντες γὰρ εἶχον τὸν Ἰωάννην ὄντως ὅτι προφήτης ἦν.
290b2100f5	καὶ ἀποκριθέντες τῷ Ἰησοῦ λέγουσιν, Οὐκ οἴδαμεν. καὶ ὁ Ἰησοῦς λέγει αὐτοῖς, Οὐδὲ ἐγὼ λέγω ὑμῖν ἐν ποίᾳ ἐξουσίᾳ ταῦτα ποιῶ.
290c010163	Καὶ ἤρξατο αὐτοῖς ἐν παραβολαῖς λαλεῖν, Ἀμπελῶνα ἐφύτευσεν ἄνθρωπος, καὶ περιέθηκεν φραγμὸν καὶ ὤρυξεν ὑπολήνιον καὶ ᾠκοδόμησεν πύργον, καὶ ἐξέδετο αὐτὸν γεωργοῖς, καὶ ἀπεδήμησεν.
290c0200d6	καὶ ἀπέστειλεν πρὸς τοὺς γεωργοὺς τῷ καιρῷ δοῦλον, ἵνα παρὰ τῶν γεωργῶν λάβῃ ἀπὸ τῶν καρπῶν τοῦ ἀμπελῶνος·
290c03005f	καὶ λαβόντες αὐτὸν ἔδειραν καὶ ἀπέστειλαν κενόν.
290c0400a6	καὶ πάλιν ἀπέστειλεν πρὸς αὐτοὺς ἄλλον δοῦλον· κἀκεῖνον ἐκεφαλαίωσαν, καὶ ἠτίμησαν.
290c0500c9	καὶ ἄλλον ἀπέστειλεν· κἀκεῖνον ἀπέκτειναν, καὶ πολλοὺς ἄλλους, οὓς μὲν δέροντες, οὓς δὲ ἀποκτέννοντες.
290c0600cf	ἔτι ἕνα εἶχεν υἱὸν ἀγαπητόν· ἀπέστειλεν αὐτὸν ἔσχατον πρὸς αὐτούς, λέγων ὅτι Ἐντραπήσονται τὸν υἱόν μου.
290c0700fa	ἐκεῖνοι δὲ οἱ γεωργοὶ πρὸς ἑαυτοὺς εἶπαν ὅτι Οὗτός ἐστιν ὁ κληρονόμος· δεῦτε ἀποκτείνωμεν αὐτόν, καὶ ἡμῶν ἔσται ἡ κληρονομία.
290c080088	καὶ λαβόντες ἀπέκτειναν αὐτόν, καὶ ἐξέβαλον αὐτὸν ἔξω τοῦ ἀμπελῶνος.
290c0900d1	τί οὖν ποιήσει ὁ κύριος τοῦ ἀμπελῶνος; ἐλεύσεται καὶ ἀπολέσει τοὺς γεωργούς, καὶ δώσει τὸν ἀμπελῶνα ἄλλοις.
290c0a00d2	οὐδὲ τὴν γραφὴν ταύτην ἀνέγνωτε, Λίθον ὃν ἀπεδοκίμασαν οἱ οἰκοδομοῦντες, οὗτος ἐγενήθη εἰς κεφαλὴν γωνίας·
290c0b007e	παρὰ κυρίου ἐγένετο αὕτη, καὶ ἔστιν θαυμαστὴ ἐν ὀφθαλμοῖς ἡμῶν;
290c0c0105	καὶ ἐζήτουν αὐτὸν κρατῆσαι, καὶ ἐφοβήθησαν τὸν ὄχλον· ἔγνωσαν γὰρ ὅτι πρὸς αὐτοὺς τὴν παραβολὴν εἶπεν· καὶ ἀφέντες αὐτὸν ἀπῆλθον.
290c0d00bb	Καὶ ἀποστέλλουσιν πρὸς αὐτόν τινας τῶν Φαρισαίων καὶ τῶν Ἡρωδιανῶν, ἵνα αὐτὸν ἀγρεύσωσιν λόγῳ.
290c0e01c6	καὶ ἐλθόντες λέγουσιν αὐτῷ, Διδάσκαλε, οἴδαμεν ὅτι ἀληθὴς εἶ, καὶ οὐ μέλει σοι περὶ οὐδενός· οὐ γὰρ βλέπεις εἰς πρόσωπον ἀνθρώπων, ἀλλ᾽ ἐπ᾽ ἀληθείας τὴν ὁδὸν τοῦ θεοῦ διδάσκεις. ἔξεστιν δοῦναι κῆνσον Καίσαρι ἢ οὔ; δῶμεν, ἢ μὴ δῶμεν;
290c0f00b0	ὁ δὲ εἰδὼς αὐτῶν τὴν ὑπόκρισιν εἶπεν αὐτοῖς, Τί με πειράζετε; φέρετέ μοι δηνάριον, ἵνα ἴδω.
290c1000ba	οἱ δὲ ἤνεγκαν. καὶ λέγει αὐτοῖς, Τίνος ἡ εἰκὼν αὕτη καὶ ἡ ἐπιγραφή; οἱ δὲ εἶπαν αὐτῷ, Καίσαρος.
290c1100cb	ὁ δὲ Ἰησοῦς εἶπεν αὐτοῖς, Τὰ Καίσαρος ἀπόδοτε Καίσαρι, καὶ τὰ τοῦ θεοῦ τῷ θεῷ. καὶ ἐθαύμαζον ἐπ᾽ αὐτῷ.
290c1200c9	Καὶ ἔρχονται Σαδδουκαῖοι πρὸς αὐτόν, οἵτινες λέγουσιν ἀνάστασιν μὴ εἶναι, καὶ ἐπηρώτων αὐτὸν λέγοντες,
290c130163	Διδάσκαλε, Μωυσῆς ἔγραψεν ἡμῖν ὅτι ἐάν τινος ἀδελφὸς ἀποθάνῃ καὶ καταλίπῃ γυναῖκα, καὶ τέκνα μὴ ἀφῇ, ἵνα λάβῃ ὁ ἀδελφὸς αὐτοῦ τὴν γυναῖκα καὶ ἐξαναστήσῃ σπέρμα τῷ ἀδελφῷ αὐτοῦ·
290c1400a3	ἑπτὰ ἀδελφοὶ ἦσαν· καὶ ὁ πρῶτος ἔλαβεν γυναῖκα καὶ ἀποθνήσκων οὐκ ἀφῆκεν σπέρμα·
290c1500a4	καὶ ὁ δεύτερος ἔλαβεν αὐτὴν καὶ ἀπέθανεν μὴ καταλιπὼν σπέρμα, καὶ ὁ τρίτος ὡσαύτως·
290c160083	καὶ οἱ ἑπτὰ οὐκ ἀφῆκαν σπέρμα. ἔσχατον πάντων καὶ ἡ γυνὴ ἀπέθανεν.
290c170091	ἐν τῇ ἀναστάσει, τίνος αὐτῶν ἔσται γυνή; οἱ γὰρ ἑπτὰ ἔσχον αὐτὴν γυναῖκα.
290c1800b6	ἔφη αὐτοῖς ὁ Ἰησοῦς, Οὐ διὰ τοῦτο πλανᾶσθε μὴ εἰδότες τὰς γραφὰς μηδὲ τὴν δύναμιν τοῦ θεοῦ;
290c1900d1	ὅταν γὰρ ἐκ νεκρῶν ἀναστῶσιν, οὔτε γαμοῦσιν οὔτε γαμίζονται, ἀλλ᾽ εἰσὶν ὡς ἄγγελοι [οἱ] ἐν τοῖς οὐρανοῖς.
290c1a0140	περὶ δὲ τῶν νεκρῶν, ὅτι ἐγείρονται, οὐκ ἀνέγνωτε ἐν τῇ βίβλῳ Μωυσέως ἐπὶ τοῦ βάτου, πῶς εἶπεν αὐτῷ ὁ θεὸς λέγων, Ἐγὼ ὁ θεὸς Ἀβραὰμ καὶ θεὸς Ἰσαὰκ καὶ θεὸς Ἰακώβ;
290c1b007a	οὐκ ἔστιν θεὸς νεκρῶν, ἀλλὰ ζώντων· [ὑμεῖς οὖν] πολὺ πλανᾶσθε.
290c1c011a	Καὶ προσελθὼν εἷς τῶν γραμματέων, ἀκούσας αὐτῶν συνζητούντων, ἰδὼν ὅτι καλῶς ἀπεκρίθη αὐτοῖς, ἐπηρώτησεν αὐτόν, Ποία ἐστὶν ἐντολὴ πρώτη πάντων;
290c1d00b5	Ἀπεκρίθη ὁ Ἰησοῦς [αὐτῷ] ὅτι Πρώτη ἐστίν, Ἄκουε Ἰσραήλ, κύριος ὁ θεὸς ἡμῶν κύριος εἷς ἐστίν·
290c1e0136	καὶ ἀγαπήσεις κύριον τὸν θεόν σου ἐξ ὅλης τῆς καρδίας σου, καὶ ἐξ ὅλης τῆς ψυχῆς σου, καὶ ἐξ ὅλης τῆς διανοίας σου, καὶ ἐξ ὅλης τῆς ἰσχύος σου. αὕτη πρώτη ἐντολή.
290c1f00b6	δευτέρα ὁμοία αὐτῇ, Ἀγαπήσεις τὸν πλησίον σου ὡς σεαυτόν. μείζων τούτων ἄλλη ἐντολὴ οὐκ ἔστιν.
290c2000dd	καὶ εἶπεν αὐτῷ ὁ γραμματεύς, Καλῶς, διδάσκαλε, ἐπ᾽ ἀληθείας εἶπας ὅτι εἷς ἐστίν, καὶ οὐκ ἔστιν ἄλλος πλὴν αὐτοῦ.
290c210195	καὶ τὸ ἀγαπᾶν αὐτὸν ἐξ ὅλης τῆς καρδίας, καὶ ἐξ ὅλης τῆς συνέσεως, καὶ ἐξ ὅλης τῆς ψυχῆς, καὶ ἐξ ὅλης τῆς ἰσχύος, καὶ τὸ ἀγαπᾶν τὸν πλησίον ὡς ἑαυτὸν περισσότερόν ἐστιν πάντων τῶν ὁλοκαυτωμάτων καὶ θυσιῶν.
290c220122	καὶ ὁ Ἰησοῦς ἰδὼν [αὐτὸν] ὅτι νουνεχῶς ἀπεκρίθη, εἶπεν αὐτῷ, Οὐ μακρὰν εἶ ἀπὸ τῆς βασιλείας τοῦ θεοῦ. καὶ οὐδεὶς οὐκέτι ἐτόλμα αὐτὸν ἐπερωτῆσαι.
290c2300de	Καὶ ἀποκριθεὶς ὁ Ἰησοῦς ἔλεγεν διδάσκων ἐν τῷ ἱερῷ, Πῶς λέγουσιν οἱ γραμματεῖς ὅτι ὁ χριστὸς υἱὸς Δαυείδ ἐστιν;
290c240120	αὐτὸς [γὰρ] Δαυεὶδ εἶπεν ἐν τῷ πνεύματι τῷ ἁγίῳ, Λέγει κύριος τῷ κυρίῳ μου, Κάθισον ἐκ δεξιῶν μου ἕως ἂν θῶ τοὺς ἐχθρούς σου ὑποπόδιον τῶν ποδῶν σου.
290c2500c3	αὐτὸς Δαυεὶδ λέγει αὐτὸν κύριον, καὶ πόθεν αὐτοῦ ἐστιν υἱός; καὶ ὁ πολὺς ὄχλος ἤκουεν αὐτοῦ ἡδέως.
290c2600f6	Καὶ ἐν τῇ διδαχῇ αὐτοῦ ἔλεγεν, Βλέπετε ἀπὸ τῶν γραμματέων τῶν θελόντων ἐν στολαῖς περιπατεῖν καὶ ἀσπασμοὺς ἐν ταῖς ἀγοραῖς,
290c27008e	καὶ πρωτοκαθεδρίας ἐν ταῖς συναγωγαῖς καὶ πρωτοκλισίας ἐν τοῖς δείπνοις·
290c2800cc	οἱ κατέσθοντες τὰς οἰκίας τῶν χηρῶν, καὶ προφάσει μακρὰ προσευχόμενοι, οὗτοι λήμψονται περισσότερον κρίμα.
290c2900f9	Καὶ καθίσας ἀπέναντι τοῦ γαζοφυλακίου ἐθεώρει πῶς ὁ ὄχλος βάλλει χαλκὸν εἰς τὸ γαζοφυλάκιον· καὶ πολλοὶ πλούσιοι ἔβαλλον πολλά·
290c2a007a	καὶ ἐλθοῦσα μία χήρα πτωχὴ ἔβαλεν λεπτὰ δύο, ὅ ἐστιν κοδράντης.
290c2b0124	καὶ προσκαλεσάμενος τοὺς μαθητὰς αὐτοῦ εἶπεν αὐτοῖς, Ἀμὴν λέγω ὑμῖν ὅτι ἡ χήρα αὕτη ἡ πτωχὴ πλεῖον πάντων ἔβαλεν τῶν βαλλόντων εἰς τὸ γαζοφυλάκιον·
290c2c00f2	πάντες γὰρ ἐκ τοῦ περισσεύοντος αὐτοῖς ἔβαλον, αὕτη δὲ ἐκ τῆς ὑστερήσεως αὐτῆς πάντα ὅσα εἶχεν ἔβαλεν, ὅλον τὸν βίον αὐτῆς
290d0100f3	Καὶ ἐκπορευομένου αὐτοῦ ἐκ τοῦ ἱεροῦ λέγει αὐτῷ εἷς τῶν μαθητῶν αὐτοῦ, Διδάσκαλε, ἴδε ποταποὶ λίθοι καὶ ποταπαὶ οἰκοδομαί.
290d0200e0	καὶ ὁ Ἰησοῦς εἶπεν αὐτῷ, Βλέπεις ταύτας τὰς μεγάλας οἰκοδομάς; οὐ μὴ ἀφεθῇ ὧδε λίθος ἐπὶ λίθον, ὃς οὐ μὴ καταλυθῇ.
290d030108	καὶ καθημένου αὐτοῦ εἰς τὸ ὄρος τῶν ἐλαιῶν κατέναντι τοῦ ἱεροῦ, ἐπηρώτα αὐτὸν κατ᾽ ἰδίαν Πέτρος καὶ Ἰάκωβος καὶ Ἰωάννης καὶ Ἀνδρέας,
290d0400a4	Εἰπὸν ἡμῖν πότε ταῦτα ἔσται; καὶ τί τὸ σημεῖον ὅταν μέλλῃ ταῦτα συντελεῖσθαι πάντα;
290d05007a	ὁ δὲ Ἰησοῦς ἤρξατο λέγειν αὐτοῖς, Βλέπετε μή τις ὑμᾶς πλανήσῃ.
290d0600ae	πολλοὶ γὰρ ἐλεύσονται ἐπὶ τῷ ὀνόματί μου λέγοντες ὅτι Ἐγώ εἰμι· καὶ πολλοὺς πλανήσουσιν.
290d0700ba	ὅταν δὲ ἀκούετε πολέμους καὶ ἀκοὰς πολέμων, μὴ θροεῖσθε· δεῖ [γὰρ] γενέσθαι, ἀλλ᾽ οὔπω τὸ τέλος.
290d0800fb	ἐγερθήσεται γὰρ ἔθνος ἐπὶ ἔθνος καὶ βασιλεία ἐπὶ βασιλείαν· ἔσονται σεισμοὶ κατὰ τόπους, [καὶ] ἔσονται λιμοί. ἀρχὴ ὠδίνων ταῦτα.
290d090148	βλέπετε δὲ ὑμεῖς ἑαυτούς· παραδώσουσιν [γὰρ] ὑμᾶς εἰς συνέδρια καὶ εἰς συναγωγάς, δαρήσεσθε, καὶ ἐπὶ ἡγεμόνων καὶ βασιλέων σταθήσεσθε ἕνεκεν ἐμοῦ εἰς μαρτύριον αὐτοῖς·
290d0a0073	καὶ εἰς πάντα τὰ ἔθνη πρῶτον δεῖ κηρυχθῆναι τὸ εὐαγγέλιον.
290d0b015d	καὶ ὅταν ἄγωσιν ὑμᾶς παραδιδόντες, μὴ προμεριμνᾶτε τί λαλήσητε· ἀλλ᾽ ὃ ἐὰν δοθῇ ὑμῖν ἐν ἐκείνῃ τῇ ὥρᾳ, τοῦτο λαλεῖτε· οὐ γάρ ἐστε ὑμεῖς οἱ λαλοῦντες, ἀλλὰ τὸ πνεῦμα τὸ ἅγιον.
290d0c00ef	καὶ παραδώσει ἀδελφὸς ἀδελφὸν εἰς θάνατον, καὶ πατὴρ τέκνον, καὶ ἐπαναστήσονται τέκνα ἐπὶ γονεῖς, καὶ θανατώσουσιν αὐτούς,
290d0d00b5	καὶ ἔσεσθε μισούμενοι ὑπὸ πάντων διὰ τὸ ὄνομά μου· ὁ δὲ ὑπομείνας εἰς τέλος, οὗτος σωθήσεται.
290d0e00fe	Ὅταν δὲ ἴδητε τὸ βδέλυγμα τῆς ἐρημώσεως ἑστηκότα ὅπου οὐ δεῖ, (ὁ ἀναγινώσκων νοείτω,) τότε οἱ ἐν τῇ Ἰουδαίᾳ φευγέτωσαν εἰς τὰ ὄρη·
290d0f00b8	ὁ [δὲ] ἐπὶ τοῦ δώματος μὴ καταβάτω εἰς τὴν οἰκίαν μηδὲ εἰσελθάτω τι ἆραι ἐκ τῆς οἰκίας αὐτοῦ·
290d10008e	καὶ ὁ εἰς τὸν ἀγρὸν μὴ ἐπιστρεψάτω εἰς τὰ ὀπίσω ἆραι τὸ ἱμάτιον αὐτοῦ.
290d11009c	οὐαὶ δὲ ταῖς ἐν γαστρὶ ἐχούσαις καὶ ταῖς θηλαζούσαις ἐν ἐκείναις ταῖς ἡμέραις.
290d12004c	προσεύχεσθε δὲ ἵνα μὴ γένηται χειμῶνος.
290d1300fd	ἔσονται γὰρ αἱ ἡμέραι ἐκεῖναι θλῖψις, οἵα οὐ γέγονεν τοιαύτη ἀπ᾽ ἀρχῆς κτίσεως ἣν ἔκτισεν ὁ θεός, ἕως τοῦ νῦν, καὶ οὐ μὴ γένηται.
290d1400f7	καὶ εἰ μὴ κύριος ἐκολόβωσεν τὰς ἡμέρας, οὐκ ἂν ἐσώθη πᾶσα σάρξ· ἀλλὰ διὰ τοὺς ἐκλεκτοὺς οὓς ἐξελέξατο ἐκολόβωσεν τὰς ἡμέρας.
290d15008c	καὶ τότε ἐάν τις ὑμῖν εἴπῃ, Ἴδε ὧδε ὁ χριστός, ἢ ἴδε ἐκεῖ, μὴ πιστεύετε.
290d1600ff	ἐγερθήσονται γὰρ ψευδόχριστοι καὶ ψευδοπροφῆται καὶ δώσουσιν σημεῖα καὶ τέρατα πρὸς τὸ ἀποπλανᾶν, εἰ δυνατόν, [καὶ] τοὺς ἐκλεκτούς.
290d17004d	ὑμεῖς δὲ βλέπετε· προείρηκα ὑμῖν πάντα.
290d1800e3	Ἀλλὰ ἐν ἐκείναις ταῖς ἡμέραις μετὰ τὴν θλῖψιν ἐκείνην ὁ ἥλιος σκοτισθήσεται, καὶ ἡ σελήνη οὐ δώσει τὸ φέγγος αὐτῆς,
290d1900c4	καὶ οἱ ἀστέρες ἔσονται ἐκ τοῦ οὐρανοῦ πίπτοντες, καὶ αἱ δυνάμεις αἱ ἐν τοῖς οὐρανοῖς σαλευθήσονται.
290d1a00b5	καὶ τότε ὄψονται τὸν υἱὸν τοῦ ἀνθρώπου ἐρχόμενον ἐν νεφέλαις μετὰ δυνάμεως πολλῆς καὶ δόξης.
290d1b00ef	καὶ τότε ἀποστελεῖ τοὺς ἀγγέλους καὶ ἐπισυνάξει τοὺς ἐκλεκτοὺς ἐκ τῶν τεσσάρων ἀνέμων, ἀπ᾽ ἄκρου γῆς ἕως ἄκρου οὐρανοῦ.
290d1c0109	Ἀπὸ δὲ τῆς συκῆς μάθετε τὴν παραβολήν· ὅταν ἤδη ὁ κλάδος αὐτῆς ἁπαλὸς γένηται, καὶ ἐκφυῇ τὰ φύλλα, γινώσκετε ὅτι ἐγγὺς τὸ θέρος ἐστίν·
290d1d009e	οὕτως καὶ ὑμεῖς ὅταν ἴδητε ταῦτα γινόμενα, γινώσκετε ὅτι ἐγγύς ἐστιν ἐπὶ θύραις.
290d1e0096	ἀμὴν λέγω ὑμῖν ὅτι οὐ μὴ παρέλθῃ ἡ γενεὰ αὕτη μέχρις οὗ ταῦτα πάντα γένηται.
290d1f0082	ὁ οὐρανὸς καὶ ἡ γῆ παρελεύσονται, οἱ δὲ λόγοι μου οὐ παρελεύσονται.
290d2000d4	Περὶ δὲ τῆς ἡμέρας ἐκείνης ἢ τῆς ὥρας οὐδεὶς οἶδεν, οὐδὲ οἱ ἄγγελοι ἐν οὐρανῷ, οὐδὲ ὁ υἱός, εἰ μὴ ὁ πατήρ.
290d21008e	Βλέπετε, ἀγρυπνεῖτε [καὶ προσεύχεσθε]· οὐκ οἴδατε γὰρ πότε ὁ καιρός ἐστιν.
290d220127	ὡς ἄνθρωπος ἀπόδημος ἀφεὶς τὴν οἰκίαν αὐτοῦ, καὶ δοὺς τοῖς δούλοις αὐτοῦ τὴν ἐξουσίαν, ἑκάστῳ τὸ ἔργον αὐτοῦ, καὶ τῷ θυρωρῷ ἐνετείλατο ἵνα γρηγορῇ.
290d2300d7	γρηγορεῖτε οὖν· οὐκ οἴδατε γὰρ πότε ὁ κύριος τῆς οἰκίας ἔρχεται, ἢ ὀψὲ ἢ μεσονύκτιον ἢ ἀλεκτοροφωνίας ἢ πρωΐ·
290d240052	μὴ ἐλθὼν ἐξαίφνης εὕρῃ ὑμᾶς καθεύδοντας.
290d25004b	ὃ δὲ ὑμῖν λέγω, πᾶσιν λέγω, Γρηγορεῖτε.
290e010105	Ἦν δὲ τὸ πάσχα καὶ τὰ ἄζυμα μετὰ δύο ἡμέρας, καὶ ἐζήτουν οἱ ἀρχιερεῖς καὶ οἱ γραμματεῖς πῶς αὐτὸν ἐν δόλῳ κρατήσαντες ἀποκτείνωσιν·
290e020071	ἔλεγον γάρ, Μὴ ἐν τῇ ἑορτῇ, μή ποτε ἔσται θόρυβος τοῦ λαοῦ.
290e030188	Καὶ ὄντος αὐτοῦ ἐν Βηθανίᾳ ἐν τῇ οἰκίᾳ Σίμωνος τοῦ λεπροῦ, κατακειμένου αὐτοῦ ἦλθεν γυνὴ ἔχουσα ἀλάβαστρον μύρου νάρδου πιστικῆς πολυτελοῦς, καὶ συντρίψασα τὴν ἀλάβαστρον κατέχεεν αὐτοῦ τῆς κεφαλῆς.
290e0400bb	ἦσαν δέ τινες ἀγανακτοῦντες πρὸς ἑαυτοὺς [καὶ λέγοντες], Εἰς τί ἡ ἀπώλεια αὕτη τοῦ μύρου γέγονεν;
290e0500db	ἠδύνατο γὰρ τοῦτο τὸ μύρον, πραθῆναι ἐπάνω δηναρίων τριακοσίων, καὶ δοθῆναι τοῖς πτωχοῖς· καὶ ἐνεβριμῶντο αὐτῇ.
290e0600ab	ὁ δὲ Ἰησοῦς εἶπεν, Ἄφετε αὐτήν· τί αὐτῇ κόπους παρέχετε; καλὸν ἔργον εἰργάσατο ἐν ἐμοί.
290e0700db	πάντοτε γὰρ τοὺς πτωχοὺς ἔχετε μεθ᾽ ἑαυτῶν, καὶ ὅταν θέλητε δύνασθε αὐτοῖς εὖ ποιῆσαι, ἐμὲ δὲ οὐ πάντοτε ἔχετε.
290e080090	ὃ ἔσχεν [αὕτη] ἐποίησεν, προέλαβεν μυρίσαι τὸ σῶμά μου εἰς τὸν ἐνταφιασμόν.
290e0900f3	ἀμὴν δὲ λέγω ὑμῖν, ὅπου ἂν κηρυχθῇ τὸ εὐαγγέλιον εἰς ὅλον τὸν κόσμον, καὶ ὃ ἐποίησεν αὕτη λαληθήσεται εἰς μνημόσυνον αὐτῆς.
290e0a00be	Καὶ Ἰούδας Ἰσκαριώτης, ὁ εἷς τῶν δώδεκα, ἀπῆλθεν πρὸς τοὺς ἀρχιερεῖς, ἵνα αὐτὸν παραδοῖ αὐτοῖς.
290e0b00d0	οἱ δὲ ἀκούσαντες ἐχάρησαν καὶ ἐπηγγείλαντο αὐτῷ ἀργύριον δοῦναι· καὶ ἐζήτει πῶς αὐτὸν εὐκαίρως παραδοῖ.
290e0c010c	Καὶ τῇ πρώτῃ ἡμέρᾳ τῶν ἀζύμων, ὅτε τὸ πάσχα ἔθυον, λέγουσιν αὐτῷ οἱ μαθηταὶ αὐτοῦ, Ποῦ θέλεις ἀπελθόντες ἑτοιμάσωμεν ἵνα φάγῃς τὸ πάσχα;
290e0d012a	καὶ ἀποστέλλει δύο τῶν μαθητῶν αὐτοῦ καὶ λέγει αὐτοῖς, Ὑπάγετε εἰς τὴν πόλιν· καὶ ἀπαντήσει ὑμῖν ἄνθρωπος κεράμιον ὕδατος βαστάζων· ἀκολουθήσατε αὐτῷ,
290e0e0104	καὶ ὅπου ἂν εἰσέλθῃ, εἴπατε τῷ οἰκοδεσπότῃ ὅτι Ὁ διδάσκαλος λέγει, Ποῦ ἐστιν τὸ κατάλυμά μου, ὅπου τὸ πάσχα μετὰ τῶν μαθητῶν μου φάγω;
290e0f00a4	καὶ αὐτὸς ὑμῖν δείξει ἀνάγαιον μέγα ἐστρωμένον ἕτοιμον· καὶ ἐκεῖ ἑτοιμάσατε ἡμῖν.
290e1000d8	καὶ ἐξῆλθον οἱ μαθηταὶ [αὐτοῦ], καὶ ἦλθον εἰς τὴν πόλιν, καὶ εὗρον καθὼς εἶπεν αὐτοῖς, καὶ ἡτοίμασαν τὸ πάσχα.
290e110057	καὶ ὀψίας γενομένης ἔρχεται μετὰ τῶν δώδεκα·
290e1200ea	καὶ ἀνακειμένων αὐτῶν καὶ ἐσθιόντων εἶπεν ὁ Ἰησοῦς, Ἀμὴν λέγω ὑμῖν, ὅτι εἷς ἐξ ὑμῶν παραδώσει με, ὁ ἐσθίων μετ᾽ ἐμοῦ.
290e13007d	οἱ δὲ ἤρξαντο λυπεῖσθαι καὶ λέγειν αὐτῷ εἷς καθ᾽ εἷς, Μή τι ἐγώ;
290e14009e	ὁ δὲ εἶπεν αὐτοῖς, Εἷς [ἐκ] τῶν δώδεκα, ὁ ἐμβαπτόμενος μετ᾽ ἐμοῦ εἰς τὸ τρυβλίον.
290e150170	[ὅτι] ὁ μὲν υἱὸς τοῦ ἀνθρώπου ὑπάγει καθὼς γέγραπται περὶ αὐτοῦ· οὐαὶ δὲ τῷ ἀνθρώπῳ ἐκείνῳ, δι᾽ οὗ ὁ υἱὸς τοῦ ἀνθρώπου παραδίδοται· καλὸν [ἦν] αὐτῷ, εἰ οὐκ ἐγεννήθη ὁ ἄνθρωπος ἐκεῖνος.
290e1600f4	Καὶ ἐσθιόντων αὐτῶν, λαβὼν [ὁ Ἰησοῦς] ἄρτον εὐλογήσας ἔκλασεν, καὶ ἔδωκεν αὐτοῖς καὶ εἶπεν, Λάβετε· τοῦτό ἐστιν τὸ σῶμά μου.
290e170092	καὶ λαβὼν ποτήριον εὐχαριστήσας ἔδωκεν αὐτοῖς, καὶ ἔπιον ἐξ αὐτοῦ πάντες·
290e1800ad	καὶ εἶπεν αὐτοῖς, Τοῦτό ἐστιν τὸ αἷμά μου, τὸ τῆς διαθήκης, τὸ ἐκχυννόμενον ὑπὲρ πολλῶν.
290e19010c	ἀμὴν λέγω ὑμῖν ὅτι οὐκέτι οὐ μὴ πίω ἐκ τοῦ γενήματος τῆς ἀμπέλου, ἕως τῆς ἡμέρας ἐκείνης ὅταν αὐτὸ πίνω καινὸν ἐν τῇ βασιλείᾳ τοῦ θεοῦ.
290e1a005e	Καὶ ὑμνήσαντες ἐξῆλθον εἰς τὸ ὄρος τῶν ἐλαιῶν.
290e1b00f0	Καὶ λέγει αὐτοῖς ὁ Ἰησοῦς ὅτι Πάντες σκανδαλισθήσεσθε· ὅτι γέγραπται, Πατάξω τὸν ποιμένα, καὶ τὰ πρόβατα διασκορπισθήσονται.
290e1c0070	ἀλλὰ μετὰ τὸ ἐγερθῆναί με προάξω ὑμᾶς εἰς τὴν Γαλιλαίαν.
290e1d0085	ὁ δὲ Πέτρος ἔφη αὐτῷ, Εἰ καὶ πάντες σκανδαλισθήσονται, ἀλλ᾽ οὐκ ἐγώ.
290e1e00e1	καὶ λέγει αὐτῷ ὁ Ἰησοῦς, Ἀμὴν λέγω σοι ὅτι σὺ σήμερον ταύτῃ τῇ νυκτί, πρὶν ἢ δὶς ἀλέκτορα φωνῆσαι τρίς με ἀπαρνήσῃ.
290e1f00ca	ὁ δὲ ἐκπερισσῶς ἐλάλει, Ἐὰν δέῃ με συναποθανεῖν σοι, οὐ μή σε ἀπαρνήσομαι. Ὡσαύτως δὲ καὶ πάντες ἔλεγον.
290e2000d2	Καὶ ἔρχονται εἰς χωρίον οὗ τὸ ὄνομα Γεθσημανεῖ καὶ λέγει τοῖς μαθηταῖς αὐτοῦ, Καθίσατε ὧδε ἕως προσεύξωμαι.
290e2100cc	καὶ παραλαμβάνει τὸν Πέτρον καὶ Ἰάκωβον καὶ Ἰωάννην μετ᾽ αὐτοῦ, καὶ ἤρξατο ἐκθαμβεῖσθαι καὶ ἀδημονεῖν.
290e2200a4	καὶ λέγει αὐτοῖς, Περίλυπός ἐστιν ἡ ψυχή μου ἕως θανάτου· μείνατε ὧδε καὶ γρηγορεῖτε.
290e2300cc	καὶ προσελθὼν μικρὸν ἔπεσεν ἐπὶ τῆς γῆς, καὶ προσηύχετο, ἵνα εἰ δυνατόν ἐστιν παρέλθῃ ἀπ᾽ αὐτοῦ ἡ ὥρα·
290e2400de	καὶ ἔλεγεν, Ἀββᾶ, ὁ πατήρ, πάντα δυνατά σοι· παρένεγκε τὸ ποτήριον τοῦτο ἀπ᾽ ἐμοῦ· ἀλλ᾽ οὐ τί ἐγὼ θέλω, ἀλλὰ τί σύ.
290e2500e0	καὶ ἔρχεται καὶ εὑρίσκει αὐτοὺς καθεύδοντας, καὶ λέγει τῷ Πέτρῳ, Σίμων, καθεύδεις; οὐκ ἴσχυσας μίαν ὥραν γρηγορῆσαι;
290e2600c5	γρηγορεῖτε καὶ προσεύχεσθε ἵνα μὴ εἰσέλθητε εἰς πειρασμόν. τὸ μὲν πνεῦμα πρόθυμον, ἡ δὲ σὰρξ ἀσθενής.
290e270065	καὶ πάλιν ἀπελθὼν προσηύξατο τὸν αὐτὸν λόγον εἰπών.
290e2800ea	καὶ ἐλθὼν εὗρεν αὐτοὺς καθεύδοντας· ἦσαν γὰρ οἱ ὀφθαλμοὶ αὐτῶν καταβαρυνόμενοι, καὶ οὐκ ᾔδεισαν τί ἀποκριθῶσιν αὐτῷ.
290e29013f	Καὶ ἔρχεται τὸ τρίτον καὶ λέγει αὐτοῖς, Καθεύδετε λοιπὸν καὶ ἀναπαύεσθε· ἀπέχει· ἦλθεν ἡ ὥρα· ἰδοὺ παραδίδοται ὁ υἱὸς τοῦ ἀνθρώπου εἰς τὰς χεῖρας τῶν ἁμαρτωλῶν.
290e2a005e	ἐγείρεσθε, ἄγωμεν· ἰδοὺ ὁ παραδιδούς με ἤγγικεν.
290e2b016f	Καὶ εὐθύς, ἔτι αὐτοῦ λαλοῦντος παραγίνεται ὁ Ἰούδας [ὁ Ἰσκαριώτης], εἷς τῶν δώδεκα, καὶ μετ᾽ αὐτοῦ ὄχλος μετὰ μαχαιρῶν καὶ ξύλων, παρὰ τῶν ἀρχιερέων καὶ τῶν γραμματέων καὶ τῶν πρεσβυτέρων.
290e2c00e5	δεδώκει δὲ ὁ παραδιδοὺς αὐτὸν σύσσημον αὐτοῖς λέγων, Ὃν ἂν φιλήσω, αὐτός ἐστιν· κρατήσατε αὐτόν, καὶ ἀπάγετε ἀσφαλῶς.
290e2d0085	καὶ ἐλθὼν εὐθὺς προσελθὼν αὐτῷ λέγει, Ῥαββί, καὶ κατεφίλησεν αὐτόν.
290e2e0067	οἱ δὲ ἐπέβαλον τὰς χεῖρας αὐτῷ καὶ ἐκράτησαν αὐτόν.
290e2f00db	εἷς δὲ τῶν παρεστηκότων σπασάμενος τὴν μάχαιραν ἔπαισεν τὸν δοῦλον τοῦ ἀρχιερέως καὶ ἀφεῖλεν αὐτοῦ τὸ ὠτάριον.
290e3000c6	καὶ ἀποκριθεὶς ὁ Ἰησοῦς εἶπεν αὐτοῖς, Ὡς ἐπὶ λῃστὴν ἐξήλθατε μετὰ μαχαιρῶν καὶ ξύλων συλλαβεῖν με;
290e3100c9	καθ᾽ ἡμέραν ἤμην πρὸς ὑμᾶς ἐν τῷ ἱερῷ διδάσκων, καὶ οὐκ ἐκρατήσατέ με· ἀλλ᾽ ἵνα πληρωθῶσιν αἱ γραφαί.
290e320040	καὶ ἀφέντες αὐτὸν ἔφυγον πάντες.
290e3300b5	καὶ νεανίσκος τις συνηκολούθει αὐτῷ, περιβεβλημένος σινδόνα ἐπὶ γυμνοῦ· καὶ κρατοῦσιν αὐτόν·
290e340051	ὁ δὲ καταλιπὼν τὴν σινδόνα γυμνὸς ἔφυγεν.
290e3500f1	Καὶ ἀπήγαγον τὸν Ἰησοῦν πρὸς τὸν ἀρχιερέα, καὶ συνέρχονται αὐτῷ πάντες οἱ ἀρχιερεῖς καὶ οἱ πρεσβύτεροι καὶ οἱ γραμματεῖς.
290e360128	καὶ ὁ Πέτρος ἀπὸ μακρόθεν ἠκολούθησεν αὐτῷ ἕως ἔσω εἰς τὴν αὐλὴν τοῦ ἀρχιερέως, καὶ ἦν συγκαθήμενος μετὰ τῶν ὑπηρετῶν, καὶ θερμαινόμενος πρὸς τὸ φῶς.
290e3700df	οἱ δὲ ἀρχιερεῖς καὶ ὅλον τὸ συνέδριον ἐζήτουν κατὰ τοῦ Ἰησοῦ μαρτυρίαν εἰς τὸ θανατῶσαι αὐτόν, καὶ οὐχ ηὕρισκον.
290e38008b	πολλοὶ γὰρ ἐψευδομαρτύρουν κατ᾽ αὐτοῦ, καὶ ἴσαι αἱ μαρτυρίαι οὐκ ἦσαν.
290e390070	καί τινες ἀναστάντες ἐψευδομαρτύρουν κατ᾽ αὐτοῦ, λέγοντες
290e3a0114	ὅτι Ἡμεῖς ἠκούσαμεν αὐτοῦ λέγοντος ὅτι Ἐγὼ καταλύσω τὸν ναὸν τοῦτον τὸν χειροποίητον, καὶ διὰ τριῶν ἡμερῶν ἄλλον ἀχειροποίητον οἰκοδομήσω.
290e3b004f	καὶ οὐδὲ οὕτως ἴση ἦν ἡ μαρτυρία αὐτῶν.
290e3c00de	καὶ ἀναστὰς ὁ ἀρχιερεὺς εἰς μέσον ἐπηρώτησεν τὸν Ἰησοῦν λέγων, Οὐκ ἀποκρίνῃ οὐδέν; τί οὗτοί σου καταμαρτυροῦσιν;
290e3d00f8	ὁ δὲ ἐσιώπα, καὶ οὐκ ἀπεκρίνατο οὐδέν. πάλιν ὁ ἀρχιερεὺς ἐπηρώτα αὐτὸν καὶ λέγει αὐτῷ, Σὺ εἶ ὁ χριστὸς ὁ υἱὸς τοῦ εὐλογητοῦ;
290e3e0113	ὁ δὲ Ἰησοῦς εἶπεν, Ἐγώ εἰμι, καὶ ὄψεσθε τὸν υἱὸν τοῦ ἀνθρώπου ἐκ δεξιῶν καθήμενον τῆς δυνάμεως καὶ ἐρχόμενον μετὰ τῶν νεφελῶν τοῦ οὐρανοῦ.
290e3f00a0	ὁ δὲ ἀρχιερεὺς διαῤῥήξας τοὺς χιτῶνας αὐτοῦ λέγει, Τί ἔτι χρείαν ἔχομεν μαρτύρων;
290e4000b7	ἠκούσατε τῆς βλασφημίας· τί ὑμῖν φαίνεται; οἱ δὲ πάντες κατέκριναν αὐτὸν ἔνοχον εἶναι θανάτου.
290e41013d	καὶ ἤρξαντό τινες ἐμπτύειν αὐτῷ καὶ περικαλύπτειν αὐτοῦ τὸ πρόσωπον, καὶ κολαφίζειν αὐτὸν καὶ λέγειν αὐτῷ, Προφήτευσον· καὶ οἱ ὑπηρέται ῥαπίσμασιν αὐτὸν ἔλαβον.
290e420099	Καὶ ὄντος τοῦ Πέτρου κάτω ἐν τῇ αὐλῇ, ἔρχεται μία τῶν παιδισκῶν τοῦ ἀρχιερέως,
290e4300c6	καὶ ἰδοῦσα τὸν Πέτρον θερμαινόμενον, ἐμβλέψασα αὐτῷ λέγει, Καὶ σὺ μετὰ τοῦ Ναζαρηνοῦ ἦσθα τοῦ Ἰησοῦ.
290e4400e1	ὁ δὲ ἠρνήσατο λέγων, Οὔτε οἶδα, οὔτε ἐπίσταμαι σὺ τί λέγεις. καὶ ἐξῆλθεν ἔξω εἰς τὸ προαύλιον, καὶ ἀλέκτωρ ἐφώνησεν.
290e4500b2	Καὶ ἡ παιδίσκη ἰδοῦσα αὐτὸν πάλιν ἤρξατο λέγειν τοῖς παρεστῶσιν ὅτι Οὗτος ἐξ αὐτῶν ἐστιν.
290e4600e3	ὁ δὲ πάλιν ἠρνεῖτο. καὶ μετὰ μικρὸν πάλιν οἱ παρεστῶτες ἔλεγον τῷ Πέτρῳ, Ἀληθῶς ἐξ αὐτῶν εἶ· καὶ γὰρ Γαλιλαῖος εἶ.
290e4700a1	ὁ δὲ ἤρξατο ἀναθεματίζειν καὶ ὀμνύναι ὅτι Οὐκ οἶδα τὸν ἄνθρωπον τοῦτον ὃν λέγετε.
290e480147	καὶ εὐθὺς ἐκ δευτέρου ἀλέκτωρ ἐφώνησεν, καὶ ἀνεμνήσθη ὁ Πέτρος τὸ ῥῆμα ὡς εἶπεν αὐτῷ ὁ Ἰησοῦς ὅτι Πρὶν ἀλέκτορα δὶς φωνῆσαι, τρίς με ἀπαρνήσῃ. καὶ ἐπιβαλὼν ἔκλαιεν.
290f01013c	Καὶ εὐθὺς πρωῒ συμβούλιον ποιήσαντες οἱ ἀρχιερεῖς μετὰ τῶν πρεσβυτέρων καὶ γραμματέων, καὶ ὅλον τὸ συνέδριον, δήσαντες τὸν Ἰησοῦν ἀπήνεγκαν καὶ παρέδωκαν Πιλάτῳ.
290f0200c8	καὶ ἐπηρώτησεν αὐτὸν ὁ Πιλᾶτος, Σὺ εἶ ὁ βασιλεὺς τῶν Ἰουδαίων; ὁ δὲ ἀποκριθεὶς αὐτῷ λέγει, Σὺ λέγεις.
290f030051	καὶ κατηγόρουν αὐτοῦ οἱ ἀρχιερεῖς πολλά·
290f0400a9	ὁ δὲ Πιλᾶτος πάλιν ἐπηρώτα αὐτὸν λέγων, Οὐκ ἀποκρίνῃ οὐδέν; ἴδε πόσα σου κατηγοροῦσιν·
290f05007c	ὁ δὲ Ἰησοῦς οὐκέτι οὐδὲν ἀπεκρίθη, ὥστε θαυμάζειν τὸν Πιλᾶτον.
290f060074	Κατὰ δὲ ἑορτὴν ἀπέλυεν αὐτοῖς ἕνα δέσμιον, ὅν περ ᾐτοῦντο.
290f0700be	ἦν δὲ ὁ λεγόμενος Βαραββᾶς μετὰ τῶν στασιαστῶν δεδεμένος, οἵτινες ἐν τῇ στάσει φόνον πεποιήκεισαν.
290f08007c	καὶ ἀναβὰς ὁ ὄχλος ἤρξατο αἰτεῖσθαι καθὼς ἀεὶ ἐποίει αὐτοῖς.
290f0900a0	ὁ δὲ Πιλᾶτος ἀπεκρίθη αὐτοῖς λέγων, Θέλετε ἀπολύσω ὑμῖν τὸν βασιλέα τῶν Ἰουδαίων;
290f0a007e	ἐγίνωσκεν γὰρ ὅτι διὰ φθόνον παραδεδώκεισαν αὐτὸν οἱ ἀρχιερεῖς.
290f0b009a	οἱ δὲ ἀρχιερεῖς ἀνέσεισαν τὸν ὄχλον, ἵνα μᾶλλον τὸν Βαραββᾶν ἀπολύσῃ αὐτοῖς.
290f0c00b4	ὁ δὲ Πιλᾶτος πάλιν ἀποκριθεὶς ἔλεγεν αὐτοῖς, Τί οὖν [θέλετε] ποιήσω τὸν βασιλέα τῶν Ἰουδαίων;
290f0d0047	οἱ δὲ πάλιν ἔκραξαν, Σταύρωσον αὐτόν.
290f0e00b1	ὁ δὲ Πιλᾶτος ἔλεγεν αὐτοῖς, Τί γὰρ ἐποίησεν κακόν; οἱ δὲ περισσῶς ἔκραξαν, Σταύρωσον αὐτόν.
290f0f0107	ὁ δὲ Πιλᾶτος βουλόμενος τῷ ὄχλῳ τὸ ἱκανὸν ποιῆσαι, ἀπέλυσεν αὐτοῖς τὸν Βαραββᾶν· καὶ παρέδωκεν τὸν Ἰησοῦν, φραγελλώσας ἵνα σταυρωθῇ.
290f1000c7	Οἱ δὲ στρατιῶται ἀπήγαγον αὐτὸν ἔσω τῆς αὐλῆς, ὅ ἐστιν πραιτώριον, καὶ συγκαλοῦσιν ὅλην τὴν σπεῖραν,
290f1100a7	καὶ ἐνδιδύσκουσιν αὐτὸν πορφύραν, καὶ περιτιθέασιν αὐτῷ πλέξαντες ἀκάνθινον στέφανον,
290f120072	καὶ ἤρξαντο ἀσπάζεσθαι αὐτόν, Χαῖρε βασιλεῦ τῶν Ἰουδαίων·
290f1300c0	καὶ ἔτυπτον αὐτοῦ τὴν κεφαλὴν καλάμῳ, καὶ ἐνέπτυον αὐτῷ, καὶ τιθέντες τὰ γόνατα προσεκύνουν αὐτῷ.
290f14010b	καὶ ὅτε ἐνέπαιξαν αὐτῷ, ἐξέδυσαν αὐτὸν τὴν πορφύραν καὶ ἐνέδυσαν αὐτὸν τὰ ἱμάτια τὰ ἴδια· καὶ ἐξάγουσιν αὐτόν, ἵνα σταυρώσουσιν αὐτόν.
290f150102	καὶ ἀγγαρεύουσιν παράγοντά τινα Σίμωνα Κυρηναῖον ἐρχόμενον ἀπὸ ἀγροῦ, τὸν πατέρα Ἀλεξάνδρου καὶ Ῥούφου, ἵνα ἄρῃ τὸν σταυρὸν αὐτοῦ.
290f1600a1	Καὶ φέρουσιν αὐτὸν ἐπὶ [τὸν] Γολγοθὰ τόπον, ὅ ἐστιν μεθερμηνευόμενον, Κρανίου τόπος.
290f17006f	καὶ ἐδίδουν αὐτῷ ἐσμυρνισμένον οἶνον· ὃς δὲ οὐκ ἔλαβεν.
290f1800ba	καὶ σταυροῦσιν αὐτὸν καὶ διαμερίζονται τὰ ἱμάτια αὐτοῦ, βάλλοντες κλῆρον ἐπ᾽ αὐτά, τίς τί ἄρῃ.
290f19004a	ἦν δὲ ὥρα τρίτη, καὶ ἐσταύρωσαν αὐτόν.
290f1a0095	καὶ ἦν ἡ ἐπιγραφὴ τῆς αἰτίας αὐτοῦ ἐπιγεγραμμένη, Ὁ βασιλεὺς τῶν Ἰουδαίων.
290f1b0098	καὶ σὺν αὐτῷ σταυροῦσιν δύο λῃστάς, ἕνα ἐκ δεξιῶν καὶ ἕνα ἐξ εὐωνύμων αὐτοῦ.
290f1c0072	[καὶ ἐπληρώθη ἡ γραφὴ ἡ λέγουσα, Καὶ μετὰ ἀνόμων ἐλογίσθη.]
290f1d0110	Καὶ οἱ παραπορευόμενοι ἐβλασφήμουν αὐτόν, κινοῦντες τὰς κεφαλὰς αὐτῶν καὶ λέγοντες, Οὐά, ὁ καταλύων τὸν ναὸν καὶ οἰκοδομῶν τρισὶν ἡμέραις,
290f1e004d	σῶσον σεαυτὸν καταβὰς ἀπὸ τοῦ σταυροῦ.
290f1f00e9	ὁμοίως καὶ οἱ ἀρχιερεῖς ἐμπαίζοντες πρὸς ἀλλήλους μετὰ τῶν γραμματέων ἔλεγον, Ἄλλους ἔσωσεν, ἑαυτὸν οὐ δύναται σῶσαι·
290f200102	ὁ χριστὸς ὁ βασιλεὺς Ἰσραὴλ καταβάτω νῦν ἀπὸ τοῦ σταυροῦ, ἵνα ἴδωμεν καὶ πιστεύσωμεν. καὶ οἱ συνεσταυρωμένοι αὐτῷ ὠνείδιζον αὐτόν.
290f210092	καὶ γενομένης ὥρας ἕκτης σκότος ἐγένετο ἐφ᾽ ὅλην τὴν γῆν ἕως ὥρας ἐνάτης·
290f22011b	καὶ τῇ ἐνάτῃ ὥρᾳ ἐβόησεν ὁ Ἰησοῦς φωνῇ μεγάλῃ, Ἐλωῒ Ἐλωΐ, λαμὰ σαβαχθανεί; ὅ ἐστιν μεθερμηνευόμενον, Ὁ θεός μου ὁ θεός μου, εἰς τί ἐγκατέλιπές με;
290f230079	καί τινες τῶν παρεστηκότων ἀκούσαντες ἔλεγον, Ἴδε, Ἡλίαν φωνεῖ.
290f2400f5	δραμὼν δέ τις [καὶ] γεμίσας σπόγγον ὄξους, περιθεὶς καλάμῳ ἐπότιζεν αὐτὸν λέγων, Ἄφετε, ἴδωμεν εἰ ἔρχεται Ἡλίας καθελεῖν αὐτόν.
290f250057	ὁ δὲ Ἰησοῦς ἀφεὶς φωνὴν μεγάλην ἐξέπνευσεν.
290f26007e	Καὶ τὸ καταπέτασμα τοῦ ναοῦ ἐσχίσθη εἰς δύο ἀπ᾽ ἄνωθεν ἕως κάτω.
290f2700fa	ἰδὼν δὲ ὁ κεντυρίων ὁ παρεστηκὼς ἐξ ἐναντίας αὐτοῦ ὅτι οὕτως [κράξας] ἐξέπνευσεν, εἶπεν, Ἀληθῶς οὗτος ὁ ἄνθρωπος υἱὸς ἦν θεοῦ.
290f280112	ἦσαν δὲ καὶ γυναῖκες ἀπὸ μακρόθεν θεωροῦσαι, ἐν αἷς [ἦν] καὶ Μαρία ἡ Μαγδαληνὴ καὶ Μαρία [ἡ] Ἰακώβου τοῦ μικροῦ καὶ Ἰωσῆτος μήτηρ καὶ Σαλώμη,
290f2900ed	αἳ [καὶ] ὅτε ἦν ἐν τῇ Γαλιλαίᾳ ἠκολούθουν αὐτῷ καὶ διηκόνουν αὐτῷ, καὶ ἄλλαι πολλαὶ αἱ συναναβᾶσαι αὐτῷ εἰς Ἱεροσόλυμα.
290f2a0080	Καὶ ἤδη ὀψίας γενομένης, ἐπεὶ ἦν παρασκευή, ὅ ἐστιν πρὸς σάββατον,
290f2b0151	ἐλθὼν Ἰωσὴφ ὁ ἀπὸ Ἀριμαθαίας, εὐσχήμων βουλευτής, ὃς καὶ αὐτὸς ἦν προσδεχόμενος τὴν βασιλείαν τοῦ θεοῦ, τολμήσας εἰσῆλθεν πρὸς τὸν Πιλᾶτον καὶ ᾐτήσατο τὸ σῶμα τοῦ Ἰησοῦ.
290f2c00d7	ὁ δὲ Πιλᾶτος ἐθαύμασεν εἰ ἤδη τέθνηκεν, καὶ προσκαλεσάμενος τὸν κεντυρίωνα, ἐπηρώτησεν αὐτὸν εἰ ἤδη ἀπέθανεν·
290f2d0074	καὶ γνοὺς ἀπὸ τοῦ κεντυρίωνος ἐδωρήσατο τὸ πτῶμα τῷ Ἰωσήφ.
290f2e0144	καὶ ἀγοράσας σινδόνα, καθελὼν αὐτὸν ἐνείλησεν τῇ σινδόνι, καὶ ἔθηκεν αὐτὸν ἐν μνημείῳ ὃ ἦν λελατομημένον ἐκ πέτρας, καὶ προσεκύλισεν λίθον ἐπὶ τὴν θύραν τοῦ μνημείου.
290f2f0080	ἡ δὲ Μαρία ἡ Μαγδαληνὴ καὶ Μαρία ἡ Ἰωσῆτος ἐθεώρουν ποῦ τέθειται.
2910010101	Καὶ διαγενομένου τοῦ σαββάτου Μαρία ἡ Μαγδαληνὴ καὶ Μαρία ἡ [τοῦ] Ἰακώβου καὶ Σαλώμη ἠγόρασαν ἀρώματα, ἵνα ἐλθοῦσαι ἀλείψωσιν αὐτόν.
291002009d	καὶ λίαν πρωῒ μιᾷ τῶν σαββάτων ἔρχονται ἐπὶ τὸ μνημεῖον ἀνατείλαντος τοῦ ἡλίου.
291003009f	καὶ ἔλεγον πρὸς ἑαυτάς, Τίς ἀποκυλίσει ἡμῖν τὸν λίθον ἀπὸ τῆς θύρας τοῦ μνημείου;
291004008f	καὶ ἀναβλέψασαι θεωροῦσιν ὅτι ἀνακεκύλισται ὁ λίθος· ἦν γὰρ μέγας σφόδρα.
29100500f2	καὶ εἰσελθοῦσαι εἰς τὸ μνημεῖον εἶδον νεανίσκον καθήμενον ἐν τοῖς δεξιοῖς, περιβεβλημένον στολὴν λευκήν· καὶ ἐξεθαμβήθησαν.
291006010c	ὁ δὲ λέγει αὐταῖς, Μὴ ἐκθαμβεῖσθε. Ἰησοῦν ζητεῖτε τὸν Ναζαρηνὸν τὸν ἐσταυρωμένον· ἠγέρθη, οὐκ ἔστιν ὧδε· ἴδε ὁ τόπος ὅπου ἔθηκαν αὐτόν.
29100700ff	ἀλλὰ ὑπάγετε, εἴπατε τοῖς μαθηταῖς αὐτοῦ καὶ τῷ Πέτρῳ, ὅτι προάγει ὑμᾶς εἰς τὴν Γαλιλαίαν· ἐκεῖ αὐτὸν ὄψεσθε, καθὼς εἶπεν ὑμῖν.
29100800e9	καὶ ἐξελθοῦσαι ἔφυγον ἀπὸ τοῦ μνημείου· εἶχεν γὰρ αὐτὰς τρόμος καὶ ἔκστασις· καὶ οὐδενὶ οὐδὲν εἶπον· ἐφοβοῦντο γάρ.
2910090128	(note: The most reliable and earliest manuscripts do not include Mark 16:9-20.) ΚΑΤΑ ΜΑΡΚΟΝ. Ἀναστὰς δὲ πρωῒ πρώτῃ σαββάτου ἐφάνη πρῶτον Μαρίᾳ τῇ Μαγδαληνῇ, παρ᾽ ἧς ἐκβεβλήκει ἑπτὰ δαιμόνια.
29100a00a0	ἐκείνη πορευθεῖσα ἀπήγγειλεν τοῖς μετ᾽ αὐτοῦ γενομένοις, πενθοῦσιν καὶ κλαίουσιν.
29100b0077	κἀκεῖνοι ἀκούσαντες ὅτι ζῇ καὶ ἐθεάθη ὑπ᾽ αὐτῆς ἠπίστησαν.
29100c00b6	μετὰ δὲ ταῦτα δυσὶν ἐξ αὐτῶν περιπατοῦσιν ἐφανερώθη ἐν ἑτέρᾳ μορφῇ, πορευομένοις εἰς ἀγρόν.
29100d008e	κἀκεῖνοι ἀπελθόντες ἀπήγγειλαν τοῖς λοιποῖς· οὐδὲ ἐκείνοις ἐπίστευσαν.
29100e013f	ὕστερον δὲ ἀνακειμένοις αὐτοῖς τοῖς ἕνδεκα ἐφανερώθη, καὶ ὠνείδισεν τὴν ἀπιστίαν αὐτῶν καὶ σκληροκαρδίαν, ὅτι τοῖς θεασαμένοις αὐτὸν ἐγηγερμένον οὐκ ἐπίστευσαν.
29100f00b0	καὶ εἶπεν αὐτοῖς, Πορευθέντες εἰς τὸν κόσμον ἅπαντα κηρύξατε τὸ εὐαγγέλιον πάσῃ τῇ κτίσει.
2910100085	ὁ πιστεύσας καὶ βαπτισθεὶς σωθήσεται· ὁ δὲ ἀπιστήσας κατακριθήσεται.
29101100cd	σημεῖα δὲ τοῖς πιστεύσασιν ἀκολουθήσει ταῦτα· ἐν τῷ ὀνόματί μου δαιμόνια ἐκβαλοῦσιν, γλώσσαις λαλήσουσιν,
2910120105	καὶ ἐν ταῖς χερσὶν ὄφεις ἀροῦσιν, κἂν θανάσιμόν τι πίωσιν, οὐ μὴ αὐτοὺς βλάψῃ· ἐπὶ ἀῤῥώστους χεῖρας ἐπιθήσουσιν, καὶ καλῶς ἕξουσιν.
29101300d6	Ὁ μὲν οὖν κύριος Ἰησοῦς, μετὰ τὸ λαλῆσαι αὐτοῖς ἀνελήμφθη εἰς τὸν οὐρανὸν καὶ ἐκάθισεν ἐκ δεξιῶν τοῦ θεοῦ·
291014010b	ἐκεῖνοι δὲ ἐξελθόντες ἐκήρυξαν πανταχοῦ, τοῦ κυρίου συνεργοῦντος, καὶ τὸν λόγον βεβαιοῦντος διὰ τῶν ἐπακολουθούντων σημείων. ΚΑΤΑ ΜΑΡΚΟΝ.
2a00000015	Κατα Λουκαν
2a010100ba	Ἐπειδήπερ πολλοὶ ἐπεχείρησαν ἀνατάξασθαι διήγησιν περὶ τῶν πεπληροφορημένων ἐν ἡμῖν πραγμάτων,
2a01020098	καθὼς παρέδοσαν ἡμῖν οἱ ἀπ᾽ ἀρχῆς αὐτόπται καὶ ὑπηρέται γενόμενοι τοῦ λόγου,
2a010300ab	ἔδοξεν κἀμοὶ παρηκολουθηκότι ἄνωθεν πᾶσιν ἀκριβῶς καθεξῆς σοὶ γράψαι, κράτιστε Θεόφιλε,
2a01040063	ἵνα ἐπιγνῷς περὶ ὧν κατηχήθης λόγων τὴν ἀσφάλειαν.
2a01050148	Ἐγένετο ἐν ταῖς ἡμέραις Ἡρώδου βασιλέως τῆς Ἰουδαίας ἱερεύς τις ὀνόματι Ζαχαρίας ἐξ ἐφημερίας Ἀβιά, καὶ γυνὴ αὐτῷ ἐκ τῶν θυγατέρων Ἀαρών, καὶ τὸ ὄνομα αὐτῆς Ἐλισάβετ.
2a010600e5	ἦσαν δὲ δίκαιοι ἀμφότεροι ἐναντίον τοῦ θεοῦ, πορευόμενοι ἐν πάσαις ταῖς ἐντολαῖς καὶ δικαιώμασιν τοῦ κυρίου ἄμεμπτοι.
2a010700d9	καὶ οὐκ ἦν αὐτοῖς τέκνον, καθότι ἦν [ἡ] Ἐλισάβετ στεῖρα, καὶ ἀμφότεροι προβεβηκότες ἐν ταῖς ἡμέραις αὐτῶν ἦσαν.
2a010800a5	ἐγένετο δὲ ἐν τῷ ἱερατεύειν αὐτὸν ἐν τῇ τάξει τῆς ἐφημερίας αὐτοῦ ἔναντι τοῦ θεοῦ,
2a010900a1	κατὰ τὸ ἔθος τῆς ἱερατείας ἔλαχεν τοῦ θυμιᾶσαι εἰσελθὼν εἰς τὸν ναὸν τοῦ κυρίου·
2a010a008b	καὶ πᾶν τὸ πλῆθος ἦν τοῦ λαοῦ προσευχόμενον ἔξω τῇ ὥρᾳ τοῦ θυμιάματος.
2a010b0098	ὤφθη δὲ αὐτῷ ἄγγελος κυρίου ἑστὼς ἐκ δεξιῶν τοῦ θυσιαστηρίου τοῦ θυμιάματος·
2a010c0070	καὶ ἐταράχθη Ζαχαρίας ἰδών, καὶ φόβος ἐπέπεσεν ἐπ᾽ αὐτόν.
2a010d0134	εἶπεν δὲ πρὸς αὐτὸν ὁ ἄγγελος, Μὴ φοβοῦ, Ζαχαρία· διότι εἰσηκούσθη ἡ δέησίς σου, καὶ ἡ γυνή σου Ἐλισάβετ γεννήσει υἱόν σοι, καὶ καλέσεις τὸ ὄνομα αὐτοῦ Ἰωάνην·
2a010e0099	καὶ ἔσται χαρά σοι καὶ ἀγαλλίασις, καὶ πολλοὶ ἐπὶ τῇ γενέσει αὐτοῦ χαρήσονται.
2a010f00fd	ἔσται γὰρ μέγας ἐνώπιον [τοῦ] κυρίου· καὶ οἶνον καὶ σίκερα οὐ μὴ πίῃ, καὶ πνεύματος ἁγίου πλησθήσεται ἔτι ἐκ κοιλίας μητρὸς αὐτοῦ·
2a01100086	καὶ πολλοὺς τῶν υἱῶν Ἰσραὴλ ἐπιστρέψει ἐπὶ κύριον τὸν θεὸν αὐτῶν·
2a0111015a	καὶ αὐτὸς προελεύσεται ἐνώπιον αὐτοῦ ἐν πνεύματι καὶ δυνάμει Ἡλίου, ἐπιστρέψαι καρδίας πατέρων ἐπὶ τέκνα, καὶ ἀπειθεῖς ἐν φρονήσει δικαίων, ἑτοιμάσαι κυρίῳ λαὸν κατεσκευασμένον.
2a01120104	καὶ εἶπεν Ζαχαρίας πρὸς τὸν ἄγγελον, Κατὰ τί γνώσομαι τοῦτο; ἐγὼ γάρ εἰμι πρεσβύτης, καὶ ἡ γυνή μου προβεβηκυῖα ἐν ταῖς ἡμέραις αὐτῆς.
2a0113011e	καὶ ἀποκριθεὶς ὁ ἄγγελος εἶπεν αὐτῷ, Ἐγώ εἰμι Γαβριὴλ ὁ παρεστηκὼς ἐνώπιον τοῦ θεοῦ, καὶ ἀπεστάλην λαλῆσαι πρός σε καὶ εὐαγγελίσασθαί σοι ταῦτα·
2a01140139	καὶ ἰδοὺ ἔσῃ σιωπῶν καὶ μὴ δυνάμενος λαλῆσαι ἄχρι ἧς ἡμέρας γένηται ταῦτα, ἀνθ᾽ ὧν οὐκ ἐπίστευσας τοῖς λόγοις μου, οἵτινες πληρωθήσονται εἰς τὸν καιρὸν αὐτῶν.
2a011500a6	καὶ ἦν ὁ λαὸς προσδοκῶν τὸν Ζαχαρίαν, καὶ ἐθαύμαζον ἐν τῷ χρονίζειν αὐτὸν ἐν τῷ ναῷ.
2a0116010c	ἐξελθὼν δὲ οὐκ ἐδύνατο λαλῆσαι αὐτοῖς· καὶ ἐπέγνωσαν ὅτι ὀπτασίαν ἑώρακεν ἐν τῷ ναῷ· καὶ αὐτὸς ἦν διανεύων αὐτοῖς, καὶ διέμενεν κωφός.
2a011700af	καὶ ἐγένετο ὡς ἐπλήσθησαν αἱ ἡμέραι τῆς λειτουργίας αὐτοῦ, ἀπῆλθεν εἰς τὸν οἶκον αὐτοῦ.
2a011800c8	μετὰ δὲ ταύτας τὰς ἡμέρας συνέλαβεν Ἐλισάβετ ἡ γυνὴ αὐτοῦ, καὶ περιέκρυβεν ἑαυτὴν μῆνας πέντε, λέγουσα
2a011900ac	ὅτι Οὕτως μοι πεποίηκεν κύριος ἐν ἡμέραις αἷς ἐπεῖδεν ἀφελεῖν ὄνειδός μου ἐν ἀνθρώποις.
2a011a00cc	Ἐν δὲ τῷ μηνὶ τῷ ἕκτῳ ἀπεστάλη ὁ ἄγγελος Γαβριὴλ ἀπὸ τοῦ θεοῦ εἰς πόλιν τῆς Γαλιλαίας, ᾗ ὄνομα Ναζαρέτ,
2a011b00c1	πρὸς παρθένον ἐμνηστευμένην ἀνδρὶ ᾧ ὄνομα Ἰωσήφ, ἐξ οἴκου Δαυείδ, καὶ τὸ ὄνομα τῆς παρθένου Μαριάμ.
2a011c00d6	καὶ εἰσελθὼν [ὁ ἄγγελος] πρὸς αὐτὴν εἶπεν, Χαῖρε, κεχαριτωμένη· ὁ κύριος μετὰ σοῦ, [εὐλογημένη σὺ ἐν γυναιξίν.]
2a011d0092	Ἡ δὲ ἐπὶ τῷ λόγῳ διεταράχθη καὶ διελογίζετο ποταπὸς εἴη ὁ ἀσπασμὸς οὗτος.
2a011e008c	καὶ εἶπεν ὁ ἄγγελος αὐτῇ, Μὴ φοβοῦ, Μαριάμ, εὗρες γὰρ χάριν παρὰ τῷ θεῷ.
2a011f009d	καὶ ἰδοὺ συλλήμψῃ ἐν γαστρί, καὶ τέξῃ υἱόν, καὶ καλέσεις τὸ ὄνομα αὐτοῦ Ἰησοῦν.
2a012000dc	οὗτος ἔσται μέγας, καὶ υἱὸς ὑψίστου κληθήσεται, καὶ δώσει αὐτῷ κύριος ὁ θεὸς τὸν θρόνον Δαυεὶδ τοῦ πατρὸς αὐτοῦ,
2a012100b8	καὶ βασιλεύσει ἐπὶ τὸν οἶκον Ἰακὼβ εἰς τοὺς αἰῶνας, καὶ τῆς βασιλείας αὐτοῦ οὐκ ἔσται τέλος.
2a01220090	Εἶπεν δὲ Μαριὰμ πρὸς τὸν ἄγγελον, Πῶς ἔσται τοῦτο, ἐπεὶ ἄνδρα οὐ γινώσκω;
2a01230132	καὶ ἀποκριθεὶς ὁ ἄγγελος εἶπεν αὐτῇ, Πνεῦμα ἅγιον ἐπελεύσεται ἐπὶ σέ, καὶ δύναμις ὑψίστου ἐπισκιάσει σοι, διὸ καὶ τὸ γεννώμενον ἅγιον κληθήσεται υἱὸς θεοῦ.
2a012400fc	καὶ ἰδοὺ Ἐλισάβετ ἡ συγγενής σου, καὶ αὐτὴ συνείληφεν υἱὸν ἐν γήρει αὐτῆς, καὶ οὗτος μὴν ἕκτος ἐστὶν αὐτῇ τῇ καλουμένῃ στείρᾳ,
2a01250055	ὅτι οὐκ ἀδυνατήσει παρὰ τοῦ θεοῦ πᾶν ῥῆμα.
2a012600c5	Εἶπεν δὲ Μαριάμ, Ἰδοὺ ἡ δούλη κυρίου· γένοιτό μοι κατὰ τὸ ῥῆμά σου. Καὶ ἀπῆλθεν ἀπ᾽ αὐτῆς ὁ ἄγγελος.
2a012700c2	Ἀναστᾶσα δὲ Μαριὰμ ἐν ταῖς ἡμέραις ταύταις ἐπορεύθη εἰς τὴν ὀρεινὴν μετὰ σπουδῆς εἰς πόλιν Ἰούδα,
2a0128007c	καὶ εἰσῆλθεν εἰς τὸν οἶκον Ζαχαρίου καὶ ἠσπάσατο τὴν Ἐλισάβετ.
2a01290114	καὶ ἐγένετο ὡς ἤκουσεν τὸν ἀσπασμὸν τῆς Μαρίας ἡ Ἐλισάβετ, ἐσκίρτησεν τὸ βρέφος ἐν τῇ κοιλίᾳ αὐτῆς· καὶ ἐπλήσθη πνεύματος ἁγίου ἡ Ἐλισάβετ,
2a012a00d4	καὶ ἀνεφώνησεν κραυγῇ μεγάλῃ, καὶ εἶπεν, Εὐλογημένη σὺ ἐν γυναιξίν, καὶ εὐλογημένος ὁ καρπὸς τῆς κοιλίας σου.
2a012b0072	καὶ πόθεν μοι τοῦτο ἵνα ἔλθῃ ἡ μήτηρ τοῦ κυρίου μου πρός με;
2a012c00dd	ἰδοὺ γὰρ ὡς ἐγένετο ἡ φωνὴ τοῦ ἀσπασμοῦ σου εἰς τὰ ὦτά μου, ἐσκίρτησεν ἐν ἀγαλλιάσει τὸ βρέφος ἐν τῇ κοιλίᾳ μου.
2a012d009c	καὶ μακαρία ἡ πιστεύσασα ὅτι ἔσται τελείωσις τοῖς λελαλημένοις αὐτῇ παρὰ κυρίου.
2a012e005e	Καὶ εἶπεν Μαριάμ, Μεγαλύνει ἡ ψυχή μου τὸν κύριον,
2a012f006b	καὶ ἠγαλλίασεν τὸ πνεῦμά μου ἐπὶ τῷ θεῷ τῷ σωτῆρί μου,
2a013000ce	ὅτι ἐπέβλεψεν ἐπὶ τὴν ταπείνωσιν τῆς δούλης αὐτοῦ. ἰδοὺ γὰρ ἀπὸ τοῦ νῦν μακαριοῦσίν με πᾶσαι αἱ γενεαί·
2a01310077	ὅτι ἐποίησέν μοι μεγάλα ὁ δυνατός· καὶ ἅγιον τὸ ὄνομα αὐτοῦ·
2a01320081	καὶ τὸ ἔλεος αὐτοῦ εἰς γενεὰς καὶ γενεὰς τοῖς φοβουμένοις αὐτόν·
2a013300a2	ἐποίησεν κράτος ἐν βραχίονι αὐτοῦ, διεσκόρπισεν ὑπερηφάνους διανοίᾳ καρδίας αὐτῶν·
2a01340064	καθεῖλεν δυνάστας ἀπὸ θρόνων, καὶ ὕψωσεν ταπεινούς·
2a01350080	πεινῶντας ἐνέπλησεν ἀγαθῶν, καὶ πλουτοῦντας ἐξαπέστειλεν κενούς·
2a01360063	ἀντελάβετο Ἰσραὴλ παιδὸς αὐτοῦ, μνησθῆναι ἐλέους,
2a013700ab	καθὼς ἐλάλησεν πρὸς τοὺς πατέρας ἡμῶν, τῷ Ἀβραὰμ καὶ τῷ σπέρματι αὐτοῦ εἰς τὸν αἰῶνα.
2a0138009e	Ἔμεινεν δὲ Μαριὰμ σὺν αὐτῇ ὡς μῆνας τρεῖς· καὶ ὑπέστρεψεν εἰς τὸν οἶκον αὐτῆς.
2a01390088	Τῇ δὲ Ἐλισάβετ ἐπλήσθη ὁ χρόνος τοῦ τεκεῖν αὐτήν, καὶ ἐγέννησεν υἱόν.
2a013a00ea	καὶ ἤκουσαν οἱ περίοικοι καὶ οἱ συγγενεῖς αὐτῆς ὅτι ἐμεγάλυνεν κύριος τὸ ἔλεος αὐτοῦ μετ᾽ αὐτῆς, καὶ συνέχαιρον αὐτῇ.
2a013b00f3	καὶ ἐγένετο ἐν τῇ ἡμέρᾳ τῇ ὀγδόῃ ἦλθον περιτεμεῖν τὸ παιδίον· καὶ ἐκάλουν αὐτὸ ἐπὶ τῷ ὀνόματι τοῦ πατρὸς αὐτοῦ Ζαχαρίαν.
2a013c0083	καὶ ἀποκριθεῖσα ἡ μήτηρ αὐτοῦ εἶπεν, Οὐχί, ἀλλὰ κληθήσεται Ἰωάνης.
2a013d00b1	καὶ εἶπαν πρὸς αὐτὴν ὅτι Οὐδείς ἐστιν ἐκ τῆς συγγενείας σου ὃς καλεῖται τῷ ὀνόματι τούτῳ.
2a013e0071	ἐνένευον δὲ τῷ πατρὶ αὐτοῦ τὸ τί ἂν θέλοι καλεῖσθαι αὐτό.
2a013f00a8	καὶ αἰτήσας πινακίδιον ἔγραψεν λέγων, Ἰωάνης ἐστὶν ὄνομα αὐτοῦ· καὶ ἐθαύμασαν πάντες.
2a014000a9	ἀνεῴχθη δὲ τὸ στόμα αὐτοῦ παραχρῆμα καὶ ἡ γλῶσσα αὐτοῦ, καὶ ἐλάλει εὐλογῶν τὸν θεόν.
2a014100f6	καὶ ἐγένετο ἐπὶ πάντας φόβος τοὺς περιοικοῦντας αὐτούς· καὶ ἐν ὅλῃ τῇ ὀρεινῇ τῆς Ἰουδαίας διελαλεῖτο πάντα τὰ ῥήματα ταῦτα,
2a014200f7	καὶ ἔθεντο πάντες οἱ ἀκούσαντες ἐν τῇ καρδίᾳ αὐτῶν λέγοντες, Τί ἄρα τὸ παιδίον τοῦτο ἔσται; καὶ γὰρ χεὶρ κυρίου ἦν μετ᾽ αὐτοῦ.
2a01430092	Καὶ Ζαχαρίας ὁ πατὴρ αὐτοῦ ἐπλήσθη πνεύματος ἁγίου καὶ ἐπροφήτευσεν λέγων,
2a014400ab	Εὐλογητὸς κύριος ὁ θεὸς τοῦ Ἰσραήλ, ὅτι ἐπεσκέψατο καὶ ἐποίησεν λύτρωσιν τῷ λαῷ αὐτοῦ,
2a01450079	καὶ ἤγειρεν κέρας σωτηρίας ἡμῖν ἐν οἴκῳ Δαυεὶδ παιδὸς αὐτοῦ,
2a01460082	καθὼς ἐλάλησεν διὰ στόματος τῶν ἁγίων ἀπ᾽ αἰῶνος προφητῶν αὐτοῦ,
2a01470080	σωτηρίαν ἐξ ἐχθρῶν ἡμῶν καὶ ἐκ χειρὸς πάντων τῶν μισούντων ἡμᾶς,
2a0148008f	ποιῆσαι ἔλεος μετὰ τῶν πατέρων ἡμῶν, καὶ μνησθῆναι διαθήκης ἁγίας αὐτοῦ,
2a0149007a	ὅρκον ὃν ὤμοσεν πρὸς Ἀβραὰμ τὸν πατέρα ἡμῶν, τοῦ δοῦναι ἡμῖν
2a014a0062	ἀφόβως ἐκ χειρὸς ἐχθρῶν ῥυσθέντας λατρεύειν αὐτῷ
2a014b0085	ἐν ὁσιότητι καὶ δικαιοσύνῃ ἐνώπιον αὐτοῦ πάσαις ταῖς ἡμέραις ἡμῶν.
2a014c00c9	καὶ σὺ δὲ παιδίον, προφήτης ὑψίστου κληθήσῃ· προπορεύσῃ γὰρ πρὸ προσώπου κυρίου ἑτοιμάσαι ὁδοὺς αὐτοῦ,
2a014d0084	τοῦ δοῦναι γνῶσιν σωτηρίας τῷ λαῷ αὐτοῦ ἐν ἀφέσει ἁμαρτιῶν αὐτῶν,
2a014e008f	διὰ σπλάγχνα ἐλέους θεοῦ ἡμῶν, ἐν οἷς ἐπισκέψατο ἡμᾶς ἀνατολὴ ἐξ ὕψους,
2a014f00c8	ἐπιφᾶναι τοῖς ἐν σκότει καὶ σκιᾷ θανάτου καθημένοις, τοῦ κατευθῦναι τοὺς πόδας ἡμῶν εἰς ὁδὸν εἰρήνης.
2a015000e5	Τὸ δὲ παιδίον ηὔξανεν καὶ ἐκραταιοῦτο πνεύματι, καὶ ἦν ἐν ταῖς ἐρήμοις ἕως ἡμέρας ἀναδείξεως αὐτοῦ πρὸς τὸν Ἰσραήλ.
2a020100d9	Ἐγένετο δὲ ἐν ταῖς ἡμέραις ἐκείναις, ἐξῆλθεν δόγμα παρὰ Καίσαρος Αὐγούστου, ἀπογράφεσθαι πᾶσαν τὴν οἰκουμένην.
2a0202007a	αὕτη ἀπογραφὴ πρώτη ἐγένετο ἡγεμονεύοντος τῆς Συρίας Κυρηνίου.
2a02030080	καὶ ἐπορεύοντο πάντες ἀπογράφεσθαι, ἕκαστος εἰς τὴν ἑαυτοῦ πόλιν.
2a0204013c	ἀνέβη δὲ καὶ Ἰωσὴφ ἀπὸ τῆς Γαλιλαίας ἐκ πόλεως Ναζαρὲτ εἰς τὴν Ἰουδαίαν, εἰς πόλιν Δαυεὶδ ἥτις καλεῖται Βηθλεέμ, διὰ τὸ εἶναι αὐτὸν ἐξ οἴκου καὶ πατριᾶς Δαυείδ,
2a02050074	ἀπογράψασθαι σὺν Μαριὰμ τῇ ἐμνηστευμένῃ αὐτῷ οὔσῃ ἐγκύῳ.
2a02060095	ἐγένετο δὲ ἐν τῷ εἶναι αὐτοὺς ἐκεῖ, ἐπλήσθησαν αἱ ἡμέραι τοῦ τεκεῖν αὐτήν,
2a02070113	καὶ ἔτεκεν τὸν υἱὸν αὐτῆς τὸν πρωτότοκον, καὶ ἐσπαργάνωσεν αὐτὸν καὶ ἀνέκλινεν αὐτὸν ἐν φάτνῃ, διότι οὐκ ἦν αὐτοῖς τόπος ἐν τῷ καταλύματι.
2a020800d7	Καὶ ποιμένες ἦσαν ἐν τῇ χώρᾳ τῇ αὐτῇ ἀγραυλοῦντες καὶ φυλάσσοντες φυλακὰς τῆς νυκτὸς ἐπὶ τὴν ποίμνην αὐτῶν.
2a020900c9	καὶ [ἰδοὺ] ἄγγελος κυρίου ἐπέστη αὐτοῖς, καὶ δόξα κυρίου περιέλαμψεν αὐτούς· καὶ ἐφοβήθησαν φόβον μέγαν.
2a020a00d8	καὶ εἶπεν αὐτοῖς ὁ ἄγγελος, Μὴ φοβεῖσθε· ἰδοὺ γὰρ εὐαγγελίζομαι ὑμῖν χαρὰν μεγάλην, ἥτις ἔσται παντὶ τῷ λαῷ,
2a020b008a	ὅτι ἐτέχθη ὑμῖν σήμερον σωτήρ, ὅς ἐστιν χριστὸς κύριος, ἐν πόλει Δαυείδ.
2a020c009f	καὶ τοῦτο ὑμῖν τὸ σημεῖον· εὑρήσετε βρέφος ἐσπαργανωμένον καὶ κείμενον ἐν φάτνῃ.
2a020d00b8	Καὶ ἐξαίφνης ἐγένετο σὺν τῷ ἀγγέλῳ πλῆθος στρατιᾶς οὐρανοῦ, αἰνούντων τὸν θεὸν καὶ λεγόντων,
2a020e007d	Δόξα ἐν ὑψίστοις θεῷ, καὶ ἐπὶ γῆς εἰρήνη ἐν ἀνθρώποις εὐδοκίας.
2a020f018e	Καὶ ἐγένετο, ὡς ἀπῆλθον ἀπ᾽ αὐτῶν εἰς τὸν οὐρανὸν οἱ ἄγγελοι, [καὶ οἱ ἄνθρωποι] οἱ ποιμένες εἶπον πρὸς ἀλλήλους, Διέλθωμεν δὴ ἕως Βηθλεὲμ καὶ ἴδωμεν τὸ ῥῆμα τοῦτο τὸ γεγονὸς ὃ ὁ κύριος ἐγνώρισεν ἡμῖν.
2a021000bd	καὶ ἦλθαν σπεύσαντες καὶ ἀνεῦραν τήν τε Μαριὰμ καὶ τὸν Ἰωσὴφ καὶ τὸ βρέφος κείμενον ἐν τῇ φάτνῃ.
2a021100a6	ἰδόντες δὲ ἐγνώρισαν περὶ τοῦ ῥήματος τοῦ λαληθέντος αὐτοῖς περὶ τοῦ παιδίου τούτου.
2a021200a6	καὶ πάντες οἱ ἀκούσαντες ἐθαύμασαν περὶ τῶν λαληθέντων ὑπὸ τῶν ποιμένων πρὸς αὐτούς.
2a02130091	ἡ δὲ Μαρία πάντα συνετήρει τὰ ῥήματα ταῦτα συμβάλλουσα ἐν τῇ καρδίᾳ αὐτῆς.
2a021400ef	καὶ ὑπέστρεψαν οἱ ποιμένες, δοξάζοντες καὶ αἰνοῦντες τὸν θεὸν ἐπὶ πᾶσιν οἷς ἤκουσαν καὶ εἶδον καθὼς ἐλαλήθη πρὸς αὐτούς.
2a02150135	Καὶ ὅτε ἐπλήσθησαν ἡμέραι ὀκτὼ τοῦ περιτεμεῖν αὐτόν, καὶ ἐκλήθη τὸ ὄνομα αὐτοῦ Ἰησοῦς, τὸ κληθὲν ὑπὸ τοῦ ἀγγέλου πρὸ τοῦ συλλημφθῆναι αὐτὸν ἐν τῇ κοιλίᾳ.
2a021600f8	Καὶ ὅτε ἐπλήσθησαν αἱ ἡμέραι τοῦ καθαρισμοῦ αὐτῶν κατὰ τὸν νόμον Μωυσέως, ἀνήγαγον αὐτὸν εἰς Ἱεροσόλυμα, παραστῆσαι τῷ κυρίῳ,
2a021700ad	καθὼς γέγραπται ἐν νόμῳ κυρίου ὅτι Πᾶν ἄρσεν διανοῖγον μήτραν ἅγιον τῷ κυρίῳ κληθήσεται·
2a021800c5	καὶ τοῦ δοῦναι θυσίαν κατὰ τὸ εἰρημένον ἐν τῷ νόμῳ κυρίου, Ζεῦγος τρυγόνων ἢ δύο νεοσσοὺς περιστερῶν.
2a0219013e	Καὶ ἰδοὺ ἄνθρωπος ἦν ἐν Ἱερουσαλήμ, ᾧ ὄνομα Συμεών, καὶ ὁ ἄνθρωπος οὗτος δίκαιος καὶ εὐλαβής, προσδεχόμενος παράκλησιν τοῦ Ἰσραήλ· καὶ πνεῦμα ἦν ἅγιον ἐπ᾽ αὐτόν·
2a021a00d0	καὶ ἦν αὐτῷ κεχρηματισμένον ὑπὸ τοῦ πνεύματος τοῦ ἁγίου μὴ ἰδεῖν θάνατον πρὶν ἂν ἴδῃ τὸν χριστὸν κυρίου.
2a021b012b	καὶ ἦλθεν ἐν τῷ πνεύματι εἰς τὸ ἱερόν, καὶ ἐν τῷ εἰσαγαγεῖν τοὺς γονεῖς τὸ παιδίον Ἰησοῦν, τοῦ ποιῆσαι αὐτοὺς κατὰ τὸ εἰθισμένον τοῦ νόμου περὶ αὐτοῦ,
2a021c00a2	καὶ αὐτὸς ἐδέξατο αὐτὸ εἰς τὰς ἀγκάλας [αὐτοῦ], καὶ εὐλόγησεν τὸν θεὸν καὶ εἶπεν,
2a021d007f	Νῦν ἀπολύεις τὸν δοῦλόν σου, δέσποτα, κατὰ τὸ ῥῆμά σου ἐν εἰρήνῃ,
2a021e0051	ὅτι εἶδον οἱ ὀφθαλμοί μου τὸ σωτήριόν σου,
2a021f0052	ὃ ἡτοίμασας κατὰ πρόσωπον πάντων τῶν λαῶν,
2a02200065	φῶς εἰς ἀποκάλυψιν ἐθνῶν καὶ δόξαν λαοῦ σου Ἰσραήλ.
2a0221009a	Καὶ ἦν ὁ πατὴρ αὐτοῦ καὶ ἡ μήτηρ θαυμάζοντες ἐπὶ τοῖς λαλουμένοις περὶ αὐτοῦ.
2a02220144	καὶ εὐλόγησεν αὐτοὺς Συμεών, καὶ εἶπεν πρὸς Μαριὰμ τὴν μητέρα αὐτοῦ, Ἰδοὺ οὗτος κεῖται εἰς πτῶσιν καὶ ἀνάστασιν πολλῶν ἐν τῷ Ἰσραὴλ καὶ εἰς σημεῖον ἀντιλεγόμενον,
2a022300cb	(καὶ σοῦ [δὲ] αὐτῆς τὴν ψυχὴν διελεύσεται ῥομφαία,) ὅπως ἂν ἀποκαλυφθῶσιν ἐκ πολλῶν καρδιῶν διαλογισμοί.
2a0224011c	Καὶ ἦν Ἄννα προφῆτις, θυγάτηρ Φανουήλ, ἐκ φυλῆς Ἀσήρ· αὕτη προβεβηκυῖα ἐν ἡμέραις πολλαῖς, ζήσασα μετὰ ἀνδρὸς ἔτη ἑπτὰ ἀπὸ τῆς παρθενίας αὐτῆς·
2a022500ee	καὶ αὐτὴ χήρα ἕως ἐτῶν ὀγδοήκοντα τεσσάρων, ἣ οὐκ ἀφίστατο τοῦ ἱεροῦ, νηστείαις καὶ δεήσεσιν λατρεύουσα νύκτα καὶ ἡμέραν·
2a022600e8	καὶ αὐτῇ τῇ ὥρᾳ ἐπιστᾶσα ἀνθωμολογεῖτο τῷ θεῷ, καὶ ἐλάλει περὶ αὐτοῦ πᾶσιν τοῖς προσδεχομένοις λύτρωσιν Ἱερουσαλήμ.
2a022700c7	Καὶ ὡς ἐτέλεσαν πάντα τὰ κατὰ τὸν νόμον κυρίου, ἐπέστρεψαν εἰς τὴν Γαλιλαίαν, εἰς πόλιν ἑαυτῶν Ναζαρέθ.
2a022800a7	τὸ δὲ παιδίον ηὔξανεν, καὶ ἐκραταιοῦτο πληρούμενον σοφίᾳ, καὶ χάρις θεοῦ ἦν ἐπ᾽ αὐτό.
2a02290098	Καὶ ἐπορεύοντο οἱ γονεῖς αὐτοῦ κατ᾽ ἔτος εἰς Ἱερουσαλὴμ τῇ ἑορτῇ τοῦ πάσχα.
2a022a00b1	Καὶ ὅτε ἐγένετο ἐτῶν δώδεκα, ἀναβαινόντων αὐτῶν [εἰς Ἱεροσόλυμα] κατὰ τὸ ἔθος τῆς ἑορτῆς,
2a022b00fa	καὶ τελειωσάντων τὰς ἡμέρας, ἐν τῷ ὑποστρέφειν αὐτοὺς ὑπέμεινεν Ἰησοῦς ὁ παῖς ἐν Ἱερουσαλήμ, καὶ οὐκ ἔγνωσαν οἱ γονεῖς αὐτοῦ.
2a022c00e9	νομίσαντες δὲ αὐτὸν εἶναι ἐν τῇ συνοδίᾳ, ἦλθον ἡμέρας ὁδόν, καὶ ἀνεζήτουν αὐτὸν ἐν τοῖς συγγενέσιν καὶ τοῖς γνωστοῖς·
2a022d007c	καὶ μὴ εὑρόντες ὑπέστρεψαν εἰς Ἱερουσαλὴμ ἀναζητοῦντες αὐτόν.
2a022e0106	καὶ ἐγένετο μετὰ ἡμέρας τρεῖς εὗρον αὐτὸν ἐν τῷ ἱερῷ καθεζόμενον ἐν μέσῳ τῶν διδασκάλων, καὶ ἀκούοντα αὐτῶν καὶ ἐπερωτῶντα αὐτούς·
2a022f00a3	ἐξίσταντο δὲ πάντες οἱ ἀκούοντες αὐτοῦ ἐπὶ τῇ συνέσει καὶ ταῖς ἀποκρίσεσιν αὐτοῦ.
2a02300120	καὶ ἰδόντες αὐτὸν ἐξεπλάγησαν· καὶ εἶπεν πρὸς αὐτὸν ἡ μήτηρ αὐτοῦ, Τέκνον, τί ἐποίησας ἡμῖν οὕτως; ἰδοὺ ὁ πατήρ σου κἀγὼ ὀδυνώμενοι ἐζητοῦμέν σε.
2a023100b6	καὶ εἶπεν πρὸς αὐτούς, Τί ὅτι ἐζητεῖτέ με; οὐκ ᾔδειτε ὅτι ἐν τοῖς τοῦ πατρός μου δεῖ εἶναί με;
2a02320061	καὶ αὐτοὶ οὐ συνῆκαν τὸ ῥῆμα ὃ ἐλάλησεν αὐτοῖς.
2a0233011a	καὶ κατέβη μετ᾽ αὐτῶν, καὶ ἦλθεν εἰς Ναζαρέθ, καὶ ἦν ὑποτασσόμενος αὐτοῖς. καὶ ἡ μήτηρ αὐτοῦ διετήρει πάντα τὰ ῥήματα ταῦτα ἐν τῇ καρδίᾳ αὐτῆς.
2a02340092	καὶ Ἰησοῦς προέκοπτεν ἡλικίᾳ καὶ σοφίᾳ καὶ χάριτι παρὰ θεῷ καὶ ἀνθρώποις.
2a03010208	Ἐν ἔτει δὲ πεντεκαιδεκάτῳ τῆς ἡγεμονίας Τιβερίου Καίσαρος, ἡγεμονεύοντος Ποντίου Πιλάτου τῆς Ἰουδαίας, καὶ τετραρχοῦντος τῆς Γαλιλαίας Ἡρώδου, Φιλίππου δὲ τοῦ ἀδελφοῦ αὐτοῦ τετραρχοῦντος τῆς Ἰτουραίας καὶ Τραχωνίτιδος χώρας, καὶ Λυσανίου τῆς Ἀβιληνῆς τετραρχοῦντος,
2a030200b7	ἐπὶ ἀρχιερέως Ἄννα καὶ Καϊάφα, ἐγένετο ῥῆμα θεοῦ ἐπὶ Ἰωάνην τὸν Ζαχαρίου υἱὸν ἐν τῇ ἐρήμῳ·
2a030300b4	καὶ ἦλθεν εἰς πᾶσαν περίχωρον τοῦ Ἰορδάνου κηρύσσων βάπτισμα μετανοίας εἰς ἄφεσιν ἁμαρτιῶν·
2a0304010e	ὡς γέγραπται ἐν βίβλῳ λόγων Ἡσαΐου τοῦ προφήτου, Φωνὴ βοῶντος, Ἐν τῇ ἐρήμῳ ἑτοιμάσατε τὴν ὁδὸν κυρίου· εὐθείας ποιεῖτε τὰς τρίβους αὐτοῦ.
2a03050100	πᾶσα φάραγξ πληρωθήσεται καὶ πᾶν ὄρος καὶ βουνὸς ταπεινωθήσεται· καὶ ἔσται τὰ σκολιὰ εἰς εὐθείας καὶ αἱ τραχεῖαι εἰς ὁδοὺς λείας·
2a03060053	καὶ ὄψεται πᾶσα σὰρξ τὸ σωτήριον τοῦ θεοῦ.
2a03070105	Ἔλεγεν οὖν τοῖς ἐκπορευομένοις ὄχλοις βαπτισθῆναι ὑπ᾽ αὐτοῦ, Γεννήματα ἐχιδνῶν, τίς ὑπέδειξεν ὑμῖν φυγεῖν ἀπὸ τῆς μελλούσης ὀργῆς;
2a03080161	ποιήσατε οὖν καρποὺς ἀξίους τῆς μετανοίας· καὶ μὴ ἄρξησθε λέγειν ἐν ἑαυτοῖς, Πατέρα ἔχομεν τὸν Ἀβραάμ· λέγω γὰρ ὑμῖν ὅτι δύναται ὁ θεὸς ἐκ τῶν λίθων τούτων ἐγεῖραι τέκνα τῷ Ἀβραάμ.
2a030900f7	ἤδη δὲ καὶ ἡ ἀξίνη πρὸς τὴν ῥίζαν τῶν δένδρων κεῖται· πᾶν οὖν δένδρον μὴ ποιοῦν καρπὸν καλὸν ἐκκόπτεται καὶ εἰς πῦρ βάλλεται.
2a030a006b	Καὶ ἐπηρώτων αὐτὸν οἱ ὄχλοι λέγοντες, Τί οὖν ποιήσωμεν;
2a030b00ce	ἀποκριθεὶς δὲ ἔλεγεν αὐτοῖς, Ὁ ἔχων δύο χιτῶνας μεταδότω τῷ μὴ ἔχοντι, καὶ ὁ ἔχων βρώματα ὁμοίως ποιείτω.
2a030c009a	Ἦλθον δὲ καὶ τελῶναι βαπτισθῆναι, καὶ εἶπαν πρὸς αὐτόν, Διδάσκαλε, τί ποιήσωμεν;
2a030d008d	ὁ δὲ εἶπεν πρὸς αὐτούς, Μηδὲν πλέον παρὰ τὸ διατεταγμένον ὑμῖν πράσσετε.
2a030e0136	ἐπηρώτων δὲ αὐτὸν καὶ στρατευόμενοι λέγοντες, Τί ποιήσωμεν καὶ ἡμεῖς; καὶ εἶπεν αὐτοῖς, Μηδένα διασείσητε μηδὲ συκοφαντήσητε, καὶ ἀρκεῖσθε τοῖς ὀψωνίοις ὑμῶν.
2a030f00ea	Προσδοκῶντος δὲ τοῦ λαοῦ, καὶ διαλογιζομένων πάντων ἐν ταῖς καρδίαις αὐτῶν περὶ τοῦ Ἰωάνου, μή ποτε αὐτὸς εἴη ὁ χριστός,
2a03100189	ἀπεκρίνατο ὁ Ἰωάνης ἅπασιν λέγων, Ἐγὼ μὲν ὕδατι βαπτίζω ὑμᾶς· ἔρχεται δὲ ὁ ἰσχυρότερός μου, οὗ οὐκ εἰμὶ ἱκανὸς λῦσαι τὸν ἱμάντα τῶν ὑποδημάτων αὐτοῦ· αὐτὸς ὑμᾶς βαπτίσει ἐν πνεύματι ἁγίῳ καὶ πυρί·
2a0311011c	οὗ τὸ πτύον ἐν τῇ χειρὶ αὐτοῦ, διακαθαριεῖ τὴν ἅλωνα αὐτοῦ, καὶ συνάξει τὸν σῖτον εἰς τὴν ἀποθήκην αὐτοῦ, τὸ δὲ ἄχυρον κατακαύσει πυρὶ ἀσβέστῳ.
2a0312006f	Πολλὰ μὲν οὖν καὶ ἕτερα παρακαλῶν εὐηγγελίζετο τὸν λαόν.
2a03130115	ὁ δὲ Ἡρώδης ὁ τετράρχης ἐλεγχόμενος ὑπ᾽ αὐτοῦ περὶ Ἡρωδιάδος τῆς γυναικὸς τοῦ ἀδελφοῦ αὐτοῦ, καὶ περὶ πάντων ὧν ἐποίησεν πονηρῶν ὁ Ἡρώδης,
2a03140087	προσέθηκεν καὶ τοῦτο ἐπὶ πᾶσιν καὶ κατέκλεισεν τὸν Ἰωάνην ἐν φυλακῇ.
2a031500db	Ἐγένετο δὲ ἐν τῷ βαπτισθῆναι ἅπαντα τὸν λαόν, καὶ Ἰησοῦ βαπτισθέντος καὶ προσευχομένου ἀνεῳχθῆναι τὸν οὐρανόν,
2a03160127	καὶ καταβῆναι τὸ πνεῦμα τὸ ἅγιον σωματικῷ εἴδει ὡς περιστερὰν ἐπ᾽ αὐτόν, καὶ φωνὴν ἐξ οὐρανοῦ γενέσθαι, Σὺ εἶ ὁ υἱός μου ὁ ἀγαπητός, ἐν σοὶ εὐδόκησα.
2a031700b3	Καὶ αὐτὸς ἦν Ἰησοῦς ἀρχόμενος ὡσεὶ ἐτῶν τριάκοντα, ὢν υἱός, ὡς ἐνομίζετο, Ἰωσήφ, τοῦ Ἡλεί,
2a0318006b	τοῦ Ματθάτ, τοῦ Λευεί, τοῦ Μελχεί, τοῦ Ἰανναί, τοῦ Ἰωσήφ,
2a0319006d	τοῦ Μαθθαθίου, τοῦ Ἀμώς, τοῦ Ναούμ, τοῦ Ἐσλεί, τοῦ Ναγγαί,
2a031a006c	τοῦ Μαάθ, τοῦ Ματταθίου τοῦ Σεμεείν, τοῦ Ἰωσήχ, τοῦ Ἰωδά,
2a031b0073	τοῦ Ἰωανάν, τοῦ Ῥησά, τοῦ Ζοροβάβελ, τοῦ Σαλαθιήλ, τοῦ Νηρεί,
2a031c0066	τοῦ Μελχεί, τοῦ Ἀδδεί, τοῦ Κωσάμ, τοῦ Ἐλμαδάμ, τοῦ Ἤρ,
2a031d006f	τοῦ Ἰησοῦ, τοῦ Ἐλιέζερ, τοῦ Ἰωρείμ, τοῦ Μαθθάτ, τοῦ Λευεί,
2a031e006f	τοῦ Συμεών, τοῦ Ἰούδα, τοῦ Ἰωσήφ, τοῦ Ἰωνάμ, τοῦ Ἐλιακείμ,
2a031f0069	τοῦ Μελεά, τοῦ Μεννά, τοῦ Ματταθά, τοῦ Ναθάν, τοῦ Δαυείδ,
2a0320006b	τοῦ Ἰεσσαί, τοῦ Ἰωβήδ, τοῦ Βοός, τοῦ Σαλμών, τοῦ Ναασσών,
2a0321006b	τοῦ Ἀμιναδάβ, τοῦ Ἀράμ, τοῦ Ἐσρώμ, τοῦ Φαρές, τοῦ Ἰούδα,
2a03220066	τοῦ Ἰακώβ, τοῦ Ἰσαάκ, τοῦ Ἀβραάμ, τοῦ Θάρα, τοῦ Ναχώρ,
2a03230064	τοῦ Σερούχ, τοῦ Ῥαγαῦ, τοῦ Φάλεκ, τοῦ Ἕβερ, τοῦ Σαλά,
2a03240063	τοῦ Καϊνάν, τοῦ Ἀρφαξάδ, τοῦ Σήμ, τοῦ Νῶε, τοῦ Λάμεχ,
2a03250073	τοῦ Μαθουσάλα, τοῦ Ἐνώχ, τοῦ Ἰαρέδ, τοῦ Μαλελεήλ, τοῦ Καϊνάν,
2a03260048	τοῦ Ἐνώς, τοῦ Σήθ, τοῦ Ἀδάμ, τοῦ θεοῦ.
2a040100c4	Ἰησοῦς δὲ πλήρης πνεύματος ἁγίου ὑπέστρεψεν ἀπὸ τοῦ Ἰορδάνου, καὶ ἤγετο ἐν τῷ πνεύματι ἐν τῇ ἐρήμῳ
2a04020109	ἡμέρας τεσσεράκοντα, πειραζόμενος ὑπὸ τοῦ διαβόλου. καὶ οὐκ ἔφαγεν οὐδὲν ἐν ταῖς ἡμέραις ἐκείναις, καὶ συντελεσθεισῶν αὐτῶν ἐπείνασεν.
2a040300a7	εἶπεν δὲ αὐτῷ ὁ διάβολος, Εἰ υἱὸς εἶ τοῦ θεοῦ, εἰπὲ τῷ λίθῳ τούτῳ ἵνα γένηται ἄρτος.
2a040400e6	καὶ ἀπεκρίθη πρὸς αὐτὸν ὁ Ἰησοῦς, Γέγραπται ὅτι Οὐκ ἐπ᾽ ἄρτῳ μόνῳ ζήσεται ὁ ἄνθρωπος, [ἀλλ᾽ ἐπὶ παντὶ ῥήματι θεοῦ].
2a040500a9	Καὶ ἀναγαγὼν αὐτὸν ἔδειξεν αὐτῷ πάσας τὰς βασιλείας τῆς οἰκουμένης ἐν στιγμῇ χρόνου·
2a04060103	καὶ εἶπεν αὐτῷ ὁ διάβολος, Σοὶ δώσω τὴν ἐξουσίαν ταύτην ἅπασαν καὶ τὴν δόξαν αὐτῶν, ὅτι ἐμοὶ παραδέδοται καὶ ᾧ ἂν θέλω δίδωμι αὐτήν·
2a04070069	σὺ οὖν ἐὰν προσκυνήσῃς ἐνώπιον ἐμοῦ, ἔσται σοῦ πᾶσα.
2a040800d0	καὶ ἀποκριθεὶς αὐτῷ εἶπεν ὁ Ἰησοῦς, Γέγραπται· κύριον τὸν θεόν σου προσκυνήσεις, καὶ αὐτῷ μόνῳ λατρεύσεις.
2a0409011f	Ἤγαγεν δὲ αὐτὸν εἰς Ἱερουσαλήμ, καὶ ἔστησεν [αὐτὸν] ἐπὶ τὸ πτερύγιον τοῦ ἱεροῦ, καὶ εἶπεν αὐτῷ, Εἰ υἱὸς εἶ τοῦ θεοῦ, βάλε σεαυτὸν ἐντεῦθεν κάτω·
2a040a0098	γέγραπται γὰρ ὅτι τοῖς ἀγγέλοις αὐτοῦ ἐντελεῖται περὶ σοῦ, τοῦ διαφυλάξαι σε,
2a040b008d	καὶ ὅτι ἐπὶ χειρῶν ἀροῦσίν σε, μή ποτε προσκόψῃς πρὸς λίθον τὸν πόδα σου.
2a040c00a7	καὶ ἀποκριθεὶς εἶπεν αὐτῷ ὁ Ἰησοῦς ὅτι Εἴρηται, Οὐκ ἐκπειράσεις κύριον τὸν θεόν σου.
2a040d008d	Καὶ συντελέσας πάντα πειρασμὸν ὁ διάβολος ἀπέστη ἀπ᾽ αὐτοῦ ἄχρι καιροῦ.
2a040e00f4	Καὶ ὑπέστρεψεν ὁ Ἰησοῦς ἐν τῇ δυνάμει τοῦ πνεύματος εἰς τὴν Γαλιλαίαν, καὶ φήμη ἐξῆλθεν καθ᾽ ὅλης τῆς περιχώρου περὶ αὐτοῦ·
2a040f008a	καὶ αὐτὸς ἐδίδασκεν ἐν ταῖς συναγωγαῖς αὐτῶν, δοξαζόμενος ὑπὸ πάντων.
2a04100116	Καὶ ἦλθεν εἰς Ναζαρέτ, οὗ ἦν τεθραμμένος, καὶ εἰσῆλθεν κατὰ τὸ εἰωθὸς αὐτῷ ἐν τῇ ἡμέρᾳ τῶν σαββάτων εἰς τὴν συναγωγήν, καὶ ἀνέστη ἀναγνῶναι.
2a041100ca	καὶ ἐπεδόθη αὐτῷ βιβλίον τοῦ προφήτου Ἡσαΐου· καὶ ἀνοίξας τὸ βιβλίον εὗρεν τὸν τόπον οὗ ἦν γεγραμμένον,
2a0412014a	Πνεῦμα κυρίου ἐπ᾽ ἐμέ, οὗ εἵνεκεν ἔχρισέν με εὐαγγελίσασθαι πτωχοῖς, ἀπέσταλκέν με κηρύξαι αἰχμαλώτοις ἄφεσιν καὶ τυφλοῖς ἀνάβλεψιν, ἀποστεῖλαι τεθραυσμένους ἐν ἀφέσει,
2a0413003c	κηρύξαι ἐνιαυτὸν κυρίου δεκτόν.
2a041400de	Καὶ πτύξας τὸ βιβλίον ἀποδοὺς τῷ ὑπηρέτῃ ἐκάθισεν, καὶ πάντων οἱ ὀφθαλμοὶ ἐν τῇ συναγωγῇ ἦσαν ἀτενίζοντες αὐτῷ.
2a041500a6	ἤρξατο δὲ λέγειν πρὸς αὐτοὺς ὅτι Σήμερον πεπλήρωται ἡ γραφὴ αὕτη ἐν τοῖς ὠσὶν ὑμῶν.
2a04160136	καὶ πάντες ἐμαρτύρουν αὐτῷ, καὶ ἐθαύμαζον ἐπὶ τοῖς λόγοις τῆς χάριτος τοῖς ἐκπορευομένοις ἐκ τοῦ στόματος αὐτοῦ, καὶ ἔλεγον, Οὐχὶ οὗτός ἐστιν [ὁ] υἱὸς Ἰωσήφ;
2a04170139	καὶ εἶπεν πρὸς αὐτούς, Πάντως ἐρεῖτέ μοι τὴν παραβολὴν ταύτην, Ἰατρὲ θεράπευσον σεαυτόν· ὅσα ἠκούσαμεν γενόμενα εἰς Καφαρναούμ, ποίησον καὶ ὧδε ἐν τῇ πατρίδι σου.
2a0418009a	εἶπεν δέ, Ἀμὴν λέγω ὑμῖν ὅτι οὐδεὶς προφήτης δεκτός ἐστιν ἐν τῇ πατρίδι αὐτοῦ.
2a0419014f	ἐπ᾽ ἀληθείας δὲ λέγω ὑμῖν, πολλαὶ χῆραι ἦσαν ἐν ταῖς ἡμέραις Ἡλίου ἐν τῷ Ἰσραήλ, ὅτε ἐκλείσθη ὁ οὐρανὸς ἔτη τρία καὶ μῆνας ἕξ, ὡς ἐγένετο λιμὸς μέγας ἐπὶ πᾶσαν τὴν γῆν·
2a041a00af	καὶ πρὸς οὐδεμίαν αὐτῶν ἐπέμφθη Ἡλίας, εἰ μὴ εἰς Σάρεπτα τῆς Σιδωνίας πρὸς γυναῖκα χήραν.
2a041b00e3	καὶ πολλοὶ λεπροὶ ἦσαν ἐν τῷ Ἰσραὴλ ἐπὶ Ἐλισαίου τοῦ προφήτου· καὶ οὐδεὶς αὐτῶν ἐκαθαρίσθη, εἰ μὴ Ναιμὰν ὁ Σύρος.
2a041c0076	καὶ ἐπλήσθησαν πάντες θυμοῦ ἐν τῇ συναγωγῇ ἀκούοντες ταῦτα·
2a041d011a	καὶ ἀναστάντες ἐξέβαλον αὐτὸν ἔξω τῆς πόλεως, καὶ ἤγαγον αὐτὸν ἕως ὀφρύος τοῦ ὄρους ἐφ᾽ οὗ ἡ πόλις ᾠκοδόμητο αὐτῶν, ὥστε κατακρημνίσαι αὐτόν·
2a041e0057	αὐτὸς δὲ διελθὼν διὰ μέσου αὐτῶν ἐπορεύετο.
2a041f00b0	Καὶ κατῆλθεν εἰς Καφαρναοὺμ πόλιν τῆς Γαλιλαίας· καὶ ἦν διδάσκων αὐτοὺς ἐν τοῖς σάββασιν·
2a0420008e	καὶ ἐξεπλήσσοντο ἐπὶ τῇ διδαχῇ αὐτοῦ, ὅτι ἐν ἐξουσίᾳ ἦν ὁ λόγος αὐτοῦ.
2a042100b1	καὶ ἐν τῇ συναγωγῇ ἦν ἄνθρωπος ἔχων πνεῦμα δαιμονίου ἀκαθάρτου, καὶ ἀνέκραξεν φωνῇ μεγάλῃ
2a042200bd	[λέγων], Ἔα, τί ἡμῖν καὶ σοί, Ἰησοῦ Ναζαρηνέ; ἦλθες ἀπολέσαι ἡμᾶς; οἶδά σε τίς εἶ, ὁ ἅγιος τοῦ θεοῦ.
2a04230127	καὶ ἐπετίμησεν αὐτῷ ὁ Ἰησοῦς λέγων, Φιμώθητι καὶ ἔξελθε ἀπ᾽ αὐτοῦ. καὶ ῥῖψαν αὐτὸν τὸ δαιμόνιον εἰς τὸ μέσον, ἐξῆλθεν ἀπ᾽ αὐτοῦ μηδὲν βλάψαν αὐτόν.
2a04240146	καὶ ἐγένετο θάμβος ἐπὶ πάντας, καὶ συνελάλουν πρὸς ἀλλήλους λέγοντες, Τίς ὁ λόγος οὗτος, ὅτι ἐν ἐξουσίᾳ καὶ δυνάμει ἐπιτάσσει τοῖς ἀκαθάρτοις πνεύμασιν, καὶ ἐξέρχονται;
2a0425007a	καὶ ἐξεπορεύετο ἦχος περὶ αὐτοῦ εἰς πάντα τόπον τῆς περιχώρου.
2a04260121	Ἀναστὰς δὲ ἀπὸ τῆς συναγωγῆς εἰσῆλθεν εἰς τὴν οἰκίαν Σίμωνος· πενθερὰ δὲ τοῦ Σίμωνος ἦν συνεχομένη πυρετῷ μεγάλῳ, καὶ ἠρώτησαν αὐτὸν περὶ αὐτῆς.
2a042700cf	καὶ ἐπιστὰς ἐπάνω αὐτῆς ἐπετίμησεν τῷ πυρετῷ, καὶ ἀφῆκεν αὐτήν· παραχρῆμα δὲ ἀναστᾶσα διηκόνει αὐτοῖς.
2a0428013a	Δύνοντος δὲ τοῦ ἡλίου πάντες ὅσοι εἶχον ἀσθενοῦντας νόσοις ποικίλαις ἤγαγον αὐτοὺς πρὸς αὐτόν· ὁ δὲ ἑνὶ ἑκάστῳ αὐτῶν τὰς χεῖρας ἐπιτιθεὶς ἐθεράπευεν αὐτούς.
2a04290134	ἐξήρχετο δὲ καὶ δαιμόνια ἀπὸ πολλῶν κράζοντα, καὶ λέγοντα ὅτι Σὺ εἶ ὁ υἱὸς τοῦ θεοῦ. καὶ ἐπιτιμῶν οὐκ εἴα αὐτὰ λαλεῖν ὅτι ᾔδεισαν τὸν χριστὸν αὐτὸν εἶναι.
2a042a0132	Γενομένης δὲ ἡμέρας ἐξελθὼν ἐπορεύθη εἰς ἔρημον τόπον, καὶ οἱ ὄχλοι ἐπεζήτουν αὐτόν· καὶ ἦλθον ἕως αὐτοῦ, καὶ κατεῖχον αὐτὸν τοῦ μὴ πορεύεσθαι ἀπ᾽ αὐτῶν.
2a042b00f2	ὁ δὲ εἶπεν πρὸς αὐτοὺς ὅτι Καὶ ταῖς ἑτέραις πόλεσιν εὐαγγελίσασθαί με δεῖ τὴν βασιλείαν τοῦ θεοῦ, ὅτι ἐπὶ τοῦτο ἀπεστάλην.
2a042c005e	Καὶ ἦν κηρύσσων εἰς τὰς συναγωγὰς τῆς Γαλιλαίας.
2a050100f3	Ἐγένετο δὲ ἐν τῷ τὸν ὄχλον ἐπικεῖσθαι αὐτῷ καὶ ἀκούειν τὸν λόγον τοῦ θεοῦ, καὶ αὐτὸς ἦν ἑστὼς παρὰ τὴν λίμνην Γεννησαρέτ·
2a050200bf	καὶ εἶδεν δύο πλοῖα ἑστῶτα παρὰ τὴν λίμνην· οἱ δὲ ἁλιεῖς ἀπ᾽ αὐτῶν ἀποβάντες ἔπλυνον τὰ δίκτυα.
2a0503010e	ἐμβὰς δὲ εἰς ἓν τῶν πλοίων ὃ ἦν Σίμωνος, ἠρώτησεν αὐτὸν ἀπὸ τῆς γῆς ἐπαναγαγεῖν ὀλίγον, καὶ καθίσας ἐδίδασκεν ἐκ τοῦ πλοίου τοὺς ὄχλους.
2a050400cf	ὡς δὲ ἐπαύσατο λαλῶν εἶπεν πρὸς τὸν Σίμωνα, Ἐπανάγαγε εἰς τὸ βάθος, καὶ χαλάσατε τὰ δίκτυα ὑμῶν εἰς ἄγραν.
2a050500f7	καὶ ἀποκριθεὶς Σίμων εἶπεν αὐτῷ, Ἐπιστάτα, δι᾽ ὅλης νυκτὸς κοπιάσαντες οὐδὲν ἐλάβομεν· ἐπὶ δὲ τῷ ῥήματί σου χαλάσω τὰ δίκτυα.
2a050600a2	καὶ τοῦτο ποιήσαντες συνέκλεισαν πλῆθος ἰχθύων πολύ, διερήσσετο δὲ τὰ δίκτυα αὐτῶν·
2a0507011b	καὶ κατένευσαν τοῖς μετόχοις ἐν τῷ ἑτέρῳ πλοίῳ, τοῦ ἐλθόντας συλλαβέσθαι αὐτοῖς· καὶ ἦλθον, καὶ ἔπλησαν ἀμφότερα τὰ πλοῖα, ὥστε βυθίζεσθαι αὐτά.
2a050800d0	ἰδὼν δὲ Σίμων Πέτρος προσέπεσεν τοῖς γόνασιν Ἰησοῦ λέγων, Ἔξελθε ἀπ᾽ ἐμοῦ, ὅτι ἀνὴρ ἁμαρτωλός εἰμι, κύριε.
2a050900b1	θάμβος γὰρ περιέσχεν αὐτὸν καὶ πάντας τοὺς σὺν αὐτῷ, ἐπὶ τῇ ἄγρᾳ τῶν ἰχθύων ὧν συνέλαβον,
2a050a013a	ὁμοίως δὲ καὶ Ἰάκωβον καὶ Ἰωάνην υἱοὺς Ζεβεδαίου, οἳ ἦσαν κοινωνοὶ τῷ Σίμωνι. καὶ εἶπεν πρὸς τὸν Σίμωνα [ὁ] Ἰησοῦς, Μὴ φοβοῦ· ἀπὸ τοῦ νῦν ἀνθρώπους ἔσῃ ζωγρῶν.
2a050b008b	καὶ καταγαγόντες τὰ πλοῖα ἐπὶ τὴν γῆν, ἀφέντες πάντα ἠκολούθησαν αὐτῷ.
2a050c015d	Καὶ ἐγένετο ἐν τῷ εἶναι αὐτὸν ἐν μιᾷ τῶν πόλεων, καὶ ἰδοὺ ἀνὴρ πλήρης λέπρας· καὶ ἰδὼν τὸν Ἰησοῦν, πεσὼν ἐπὶ πρόσωπον, ἐδεήθη αὐτοῦ λέγων, Κύριε, ἐὰν θέλῃς, δύνασαί με καθαρίσαι.
2a050d00c1	καὶ ἐκτείνας τὴν χεῖρα ἥψατο αὐτοῦ λέγων, Θέλω, καθαρίσθητι. καὶ εὐθέως ἡ λέπρα ἀπῆλθεν ἀπ᾽ αὐτοῦ.
2a050e014a	καὶ αὐτὸς παρήγγειλεν αὐτῷ μηδενὶ εἰπεῖν, ἀλλὰ ἀπελθὼν δεῖξον σεαυτὸν τῷ ἱερεῖ, καὶ προσένεγκε περὶ τοῦ καθαρισμοῦ σου, καθὼς προσέταξεν Μωυσῆς, εἰς μαρτύριον αὐτοῖς.
2a050f00e9	Διήρχετο δὲ μᾶλλον ὁ λόγος περὶ αὐτοῦ· καὶ συνήρχοντο ὄχλοι πολλοὶ ἀκούειν καὶ θεραπεύεσθαι ἀπὸ τῶν ἀσθενειῶν αὐτῶν·
2a05100070	αὐτὸς δὲ ἦν ὑποχωρῶν ἐν ταῖς ἐρήμοις, καὶ προσευχόμενος.
2a051101b6	Καὶ ἐγένετο ἐν μιᾷ τῶν ἡμερῶν, καὶ αὐτὸς ἦν διδάσκων· καὶ ἦσαν καθήμενοι Φαρισαῖοι καὶ νομοδιδάσκαλοι, οἳ ἦσαν ἐληλυθότες ἐκ πάσης κώμης τῆς Γαλιλαίας καὶ Ἰουδαίας καὶ Ἱερουσαλήμ, καὶ δύναμις κυρίου ἦν εἰς τὸ ἰᾶσθαι αὐτούς.
2a051200f4	καὶ ἰδοὺ ἄνδρες φέροντες ἐπὶ κλίνης ἄνθρωπον ὃς ἦν παραλελυμένος, καὶ ἐζήτουν αὐτὸν εἰσενεγκεῖν καὶ θεῖναι ἐνώπιον αὐτοῦ·
2a0513013a	καὶ μὴ εὑρόντες ποίας εἰσενέγκωσιν αὐτὸν διὰ τὸν ὄχλον, ἀναβάντες ἐπὶ τὸ δῶμα διὰ τῶν κεράμων καθῆκαν αὐτὸν σὺν τῷ κλινιδίῳ εἰς τὸ μέσον ἔμπροσθεν τοῦ Ἰησοῦ.
2a0514008b	καὶ ἰδὼν τὴν πίστιν αὐτῶν εἶπεν, Ἄνθρωπε, ἀφέωνταί σοι αἱ ἁμαρτίαι σου.
2a05150128	καὶ ἤρξαντο διαλογίζεσθαι οἱ γραμματεῖς καὶ οἱ Φαρισαῖοι λέγοντες, Τίς ἐστιν οὗτος ὃς λαλεῖ βλασφημίας; τίς δύναται ἁμαρτίας ἀφεῖναι, εἰ μὴ μόνος ὁ θεός;
2a051600e5	ἐπιγνοὺς δὲ ὁ Ἰησοῦς τοὺς διαλογισμοὺς αὐτῶν [ἀποκριθεὶς] εἶπεν πρὸς αὐτούς, Τί διαλογίζεσθε ἐν ταῖς καρδίαις ὑμῶν;
2a051700ae	τί ἐστιν εὐκοπώτερον, εἰπεῖν Ἀφέωνταί σοι αἱ ἁμαρτίαι σου, ἢ εἰπεῖν Ἔγειρε καὶ περιπάτει;
2a05180158	ἵνα δὲ εἰδῆτε ὅτι ὁ υἱὸς τοῦ ἀνθρώπου ἐξουσίαν ἔχει ἐπὶ τῆς γῆς ἀφιέναι ἁμαρτίας, εἶπεν τῷ παραλελυμένῳ, Σοὶ λέγω, ἔγειρε καὶ ἄρας τὸ κλινίδιόν σου, πορεύου εἰς τὸν οἶκόν σου.
2a051900d1	καὶ παραχρῆμα ἀναστὰς ἐνώπιον αὐτῶν, ἄρας ἐφ᾽ ὃ κατέκειτο, ἀπῆλθεν εἰς τὸν οἶκον αὐτοῦ, δοξάζων τὸν θεόν.
2a051a00d8	καὶ ἔκστασις ἔλαβεν ἅπαντας, καὶ ἐδόξαζον τὸν θεόν, καὶ ἐπλήσθησαν φόβου, λέγοντες ὅτι Εἴδομεν παράδοξα σήμερον.
2a051b00e5	Καὶ μετὰ ταῦτα ἐξῆλθεν καὶ ἐθεάσατο τελώνην ὀνόματι Λευεὶν καθήμενον ἐπὶ τὸ τελώνιον, καὶ εἶπεν αὐτῷ, Ἀκολούθει μοι.
2a051c0057	καὶ καταλιπὼν πάντα ἀναστὰς ἠκολούθει αὐτῷ.
2a051d00ff	καὶ ἐποίησεν δοχὴν μεγάλην Λευεὶς αὐτῷ ἐν τῇ οἰκίᾳ αὐτοῦ, καὶ ἦν ὄχλος πολὺς τελωνῶν καὶ ἄλλων οἳ ἦσαν μετ᾽ αὐτῶν κατακείμενοι.
2a051e011d	καὶ ἐγόγγυζον οἱ Φαρισαῖοι καὶ οἱ γραμματεῖς [αὐτῶν] πρὸς τοὺς μαθητὰς αὐτοῦ λέγοντες, Διὰ τί μετὰ τῶν τελωνῶν καὶ ἁμαρτωλῶν ἐσθίετε καὶ πίνετε;
2a051f00d5	καὶ ἀποκριθεὶς ὁ Ἰησοῦς εἶπεν πρὸς αὐτούς, Οὐ χρείαν ἔχουσιν οἱ ὑγιαίνοντες ἰατροῦ, ἀλλὰ οἱ κακῶς ἔχοντες.
2a05200076	οὐκ ἐλήλυθα καλέσαι δικαίους, ἀλλὰ ἁμαρτωλοὺς εἰς μετάνοιαν.
2a0521012a	Οἱ δὲ εἶπαν πρὸς αὐτόν, [Διὰ τί] οἱ μαθηταὶ Ἰωάνου νηστεύουσιν πυκνὰ καὶ δεήσεις ποιοῦνται, ὁμοίως καὶ οἱ τῶν Φαρισαίων, οἱ δὲ σοὶ ἐσθίουσιν καὶ πίνουσιν;
2a052200ea	ὁ δὲ Ἰησοῦς εἶπεν πρὸς αὐτούς, Μὴ δύνασθε τοὺς υἱοὺς τοῦ νυμφῶνος, ἐν ᾧ ὁ νυμφίος μετ᾽ αὐτῶν ἐστίν, ποιῆσαι νηστεῦσαι;
2a052300ca	ἐλεύσονται δὲ ἡμέραι, καὶ ὅταν ἀπαρθῇ ἀπ᾽ αὐτῶν ὁ νυμφίος, τότε νηστεύσουσιν ἐν ἐκείναις ταῖς ἡμέραις.
2a05240199	ἔλεγεν δὲ καὶ παραβολὴν πρὸς αὐτοὺς ὅτι Οὐδεὶς ἐπίβλημα ἀπὸ ἱματίου καινοῦ σχίσας ἐπιβάλλει ἐπὶ ἱμάτιον παλαιόν· εἰ δὲ μή γε, καὶ τὸ καινὸν σχίσει, καὶ τῷ παλαιῷ οὐ συμφωνήσει τὸ ἐπίβλημα τὸ ἀπὸ τοῦ καινοῦ.
2a0525011d	καὶ οὐδεὶς βάλλει οἶνον νέον εἰς ἀσκοὺς παλαιούς· εἰ δὲ μή γε, ῥήξει ὁ οἶνος ὁ νέος τοὺς ἀσκούς, καὶ αὐτὸς ἐκχυθήσεται, καὶ οἱ ἀσκοὶ ἀπολοῦνται·
2a0526008f	ἀλλὰ οἶνον νέον εἰς ἀσκοὺς καινοὺς βλητέον, [καὶ ἀμφότεροι συντηροῦνται.]
2a05270089	καὶ οὐδεὶς πιὼν παλαιὸν θέλει νέον· λέγει γάρ, Ὁ παλαιὸς χρηστός ἐστιν.
2a06010101	Ἐγένετο δὲ ἐν σαββάτῳ διαπορεύεσθαι αὐτὸν διὰ σπορίμων, καὶ ἔτιλλον οἱ μαθηταὶ αὐτοῦ καὶ ἤσθιον τοὺς στάχυας, ψώχοντες ταῖς χερσίν.
2a06020086	τινὲς δὲ τῶν Φαρισαίων εἶπον, Τί ποιεῖτε ὃ οὐκ ἔξεστιν τοῖς σάββασιν;
2a060300f4	καὶ ἀποκριθεὶς πρὸς αὐτοὺς εἶπεν ὁ Ἰησοῦς, Οὐδὲ τοῦτο ἀνέγνωτε, ὃ ἐποίησεν Δαυείδ, ὅτε ἐπείνασεν αὐτὸς καὶ οἱ μετ᾽ αὐτοῦ;
2a06040137	[ὡς] εἰσῆλθεν εἰς τὸν οἶκον τοῦ θεοῦ, καὶ τοὺς ἄρτους τῆς προθέσεως λαβὼν ἔφαγεν καὶ ἔδωκεν τοῖς μετ᾽ αὐτοῦ, οὓς οὐκ ἔξεστιν φαγεῖν εἰ μὴ μόνους τοὺς ἱερεῖς;
2a06050092	καὶ ἔλεγεν αὐτοῖς [ὅτι] Κύριός ἐστιν ὁ υἱὸς τοῦ ἀνθρώπου καὶ τοῦ σαββάτου.
2a0606010a	Ἐγένετο δὲ ἐν ἑτέρῳ σαββάτῳ εἰσελθεῖν αὐτὸν εἰς τὴν συναγωγὴν καὶ διδάσκειν· καὶ ἦν ἄνθρωπος ἐκεῖ, καὶ ἡ χεὶρ αὐτοῦ ἡ δεξιὰ ἦν ξηρά.
2a060700cf	παρετηροῦντο δὲ οἱ γραμματεῖς καὶ οἱ Φαρισαῖοι εἰ ἐν τῷ σαββάτῳ θεραπεύει, ἵνα εὕρωσιν κατηγορεῖν αὐτοῦ.
2a06080109	αὐτὸς δὲ ᾔδει τοὺς διαλογισμοὺς αὐτῶν, εἶπεν δὲ τῷ ἀνδρὶ τῷ ξηρὰν ἔχοντι τὴν χεῖρα, Ἔγειρε, καὶ στῆθι εἰς τὸ μέσον. καὶ ἀναστὰς ἔστη.
2a060900ed	εἶπεν δὲ ὁ Ἰησοῦς πρὸς αὐτούς, Ἐπερωτῶ ὑμᾶς εἰ ἔξεστιν τῷ σαββάτῳ, ἀγαθοποιῆσαι ἢ κακοποιῆσαι; ψυχὴν σῶσαι ἢ ἀπολέσαι;
2a060a00f8	Καὶ περιβλεψάμενος πάντας αὐτοὺς εἶπεν αὐτῷ, Ἔκτεινον τὴν χεῖρά σου. Ὁ δὲ ἐποίησεν· καὶ ἀπεκατεστάθη ἡ χεὶρ αὐτοῦ [ὡς ἡ ἄλλη].
2a060b00a2	αὐτοὶ δὲ ἐπλήσθησαν ἀνοίας· καὶ διελάλουν πρὸς ἀλλήλους, τί ἂν ποιήσαιεν τῷ Ἰησοῦ.
2a060c00f2	Ἐγένετο δὲ ἐν ταῖς ἡμέραις ταύταις, ἐξελθεῖν αὐτὸν εἰς τὸ ὄρος προσεύξασθαι· καὶ ἦν διανυκτερεύων ἐν τῇ προσευχῇ τοῦ θεοῦ.
2a060d00eb	καὶ ὅτε ἐγένετο ἡμέρα, προσεφώνησεν τοὺς μαθητὰς αὐτοῦ· καὶ ἐκλεξάμενος ἀπ᾽ αὐτῶν δώδεκα, οὓς καὶ ἀποστόλους ὠνόμασεν,
2a060e00e3	Σίμωνα ὃν καὶ ὠνόμασεν Πέτρον καὶ Ἀνδρέαν τὸν ἀδελφὸν αὐτοῦ, καὶ Ἰάκωβον καὶ Ἰωάνην, καὶ Φίλιππον καὶ Βαρθολομαῖον,
2a060f0090	καὶ Μαθθαῖον καὶ Θωμᾶν, Ἰάκωβον Ἀλφαίου καὶ Σίμωνα τὸν καλούμενον Ζηλωτήν,
2a06100082	καὶ Ἰούδαν Ἰακώβου, καὶ Ἰούδαν Ἰσκαριώθ, ὃς [καὶ] ἐγένετο προδότης·
2a06110154	καὶ καταβὰς μετ᾽ αὐτῶν, ἔστη ἐπὶ τόπου πεδινοῦ, καὶ ὄχλος μαθητῶν αὐτοῦ, καὶ πλῆθος πολὺ τοῦ λαοῦ ἀπὸ πάσης τῆς Ἰουδαίας καὶ Ἱερουσαλὴμ καὶ τῆς παραλίου Τύρου καὶ Σιδῶνος,
2a061200e5	οἳ ἦλθον ἀκοῦσαι αὐτοῦ καὶ ἰαθῆναι ἀπὸ τῶν νόσων αὐτῶν, καὶ οἱ ἐνοχλούμενοι ἀπὸ πνευμάτων ἀκαθάρτων ἐθεραπεύοντο.
2a061300b1	καὶ πᾶς ὁ ὄχλος ἐζήτουν ἅπτεσθαι αὐτοῦ, ὅτι δύναμις παρ᾽ αὐτοῦ ἐξήρχετο, καὶ ἰᾶτο πάντας.
2a061400fe	Καὶ αὐτὸς ἐπάρας τοὺς ὀφθαλμοὺς αὐτοῦ εἰς τοὺς μαθητὰς αὐτοῦ ἔλεγεν, Μακάριοι οἱ πτωχοί, ὅτι ὑμετέρα ἐστὶν ἡ βασιλεία τοῦ θεοῦ.
2a061500a4	μακάριοι οἱ πεινῶντες νῦν, ὅτι χορτασθήσεσθε. μακάριοι οἱ κλαίοντες νῦν, ὅτι γελάσετε.
2a06160139	Μακάριοί ἐστε, ὅταν μισήσωσιν ὑμᾶς οἱ ἄνθρωποι, καὶ ὅταν ἀφορίσωσιν ὑμᾶς καὶ ὀνειδίσωσιν, καὶ ἐκβάλωσιν τὸ ὄνομα ὑμῶν ὡς πονηρὸν ἕνεκα τοῦ υἱοῦ τοῦ ἀνθρώπου.
2a0617011f	χάρητε ἐν ἐκείνῃ τῇ ἡμέρᾳ καὶ σκιρτήσατε· ἰδοὺ γὰρ ὁ μισθὸς ὑμῶν πολὺς ἐν τῷ οὐρανῷ· κατὰ τὰ αὐτὰ γὰρ ἐποίουν τοῖς προφήταις οἱ πατέρες αὐτῶν.
2a0618007e	Πλὴν οὐαὶ ὑμῖν τοῖς πλουσίοις, ὅτι ἀπέχετε τὴν παράκλησιν ὑμῶν.
2a061900c0	οὐαὶ ὑμῖν, οἱ ἐμπεπλησμένοι [νῦν], ὅτι πεινάσετε. οὐαὶ οἱ γελῶντες νῦν, ὅτι πενθήσετε καὶ κλαύσετε.
2a061a00df	οὐαὶ ὅταν καλῶς ὑμᾶς εἴπωσιν πάντες οἱ ἄνθρωποι· κατὰ τὰ αὐτὰ γὰρ ἐποίουν τοῖς ψευδοπροφήταις οἱ πατέρες αὐτῶν.
2a061b00b9	Ἀλλὰ ὑμῖν λέγω τοῖς ἀκούουσιν, Ἀγαπᾶτε τοὺς ἐχθροὺς ὑμῶν, καλῶς ποιεῖτε τοῖς μισοῦσιν ὑμᾶς,
2a061c0093	εὐλογεῖτε τοὺς καταρωμένους ὑμᾶς, προσεύχεσθε ὑπὲρ τῶν ἐπηρεαζόντων ὑμᾶς.
2a061d00e4	τῷ τύπτοντί σε ἐπὶ τὴν σιαγόνα, πάρεχε καὶ τὴν ἄλλην· καὶ ἀπὸ τοῦ αἴροντός σου τὸ ἱμάτιον καὶ τὸν χιτῶνα μὴ κωλύσῃς.
2a061e008c	Παντὶ [δὲ] τῷ αἰτοῦντί σε δίδου· καὶ ἀπὸ τοῦ αἴροντος τὰ σὰ μὴ ἀπαίτει.
2a061f009f	καὶ καθὼς θέλετε ἵνα ποιῶσιν ὑμῖν οἱ ἄνθρωποι, καὶ ὑμεῖς ποιεῖτε αὐτοῖς ὁμοίως.
2a062000e2	καὶ εἰ ἀγαπᾶτε τοὺς ἀγαπῶντας ὑμᾶς, ποία ὑμῖν χάρις ἐστίν; καὶ γὰρ οἱ ἁμαρτωλοὶ τοὺς ἀγαπῶντας αὐτοὺς ἀγαπῶσιν.
2a062100d9	καὶ ἐὰν ἀγαθοποιῆτε τοὺς ἀγαθοποιοῦντας ὑμᾶς, ποία ὑμῖν χάρις ἐστίν, καὶ γὰρ οἱ ἁμαρτωλοὶ τὸ αὐτὸ ποιοῦσιν.
2a06220103	καὶ ἐὰν δανείζετε παρ᾽ ὧν ἐλπίζετε λαβεῖν, ποία ὑμῖν χάρις ἐστίν; καὶ [γὰρ] ἁμαρτωλοὶ ἁμαρτωλοῖς δανείζουσιν, ἵνα ἀπολάβωσιν τὰ ἴσα.
2a06230189	πλὴν ἀγαπᾶτε τοὺς ἐχθροὺς ὑμῶν καὶ ἀγαθοποιεῖτε, καὶ δανείζετε μηδὲν ἀπελπίζοντες· καὶ ἔσται ὁ μισθὸς ὑμῶν πολύς, καὶ ἔσεσθε υἱοὶ ὑψίστου, ὅτι αὐτὸς χρηστός ἐστιν ἐπὶ τοὺς ἀχαρίστους καὶ πονηρούς.
2a06240079	Γίνεσθε οἰκτίρμονες, καθὼς [καὶ] ὁ πατὴρ ὑμῶν οἰκτίρμων ἐστίν.
2a062500ca	καὶ μὴ κρίνετε, καὶ οὐ μὴ κριθῆτε. μὴ καταδικάζετε, καὶ οὐ μὴ καταδικασθῆτε. ἀπολύετε, καὶ ἀπολυθήσεσθε·
2a06260132	δίδοτε, καὶ δοθήσεται ὑμῖν, μέτρον καλὸν πεπιεσμένον σεσαλευμένον ὑπερεκχυννόμενον δώσουσιν εἰς τὸν κόλπον ὑμῶν. ᾧ γὰρ μέτρῳ μετρεῖτε, ἀντιμετρηθήσεται ὑμῖν.
2a062700d4	Εἶπεν δὲ καὶ παραβολὴν αὐτοῖς, Μή τι δύναται τυφλὸς τυφλὸν ὁδηγεῖν; οὐχὶ ἀμφότεροι εἰς βόθυνον ἐμπεσοῦνται;
2a062800af	Οὐκ ἔστιν μαθητὴς ὑπὲρ τὸν διδάσκαλον· κατηρτισμένος δὲ πᾶς ἔσται ὡς ὁ διδάσκαλος αὐτοῦ.
2a062900d5	τί δὲ βλέπεις τὸ κάρφος τὸ ἐν τῷ ὀφθαλμῷ τοῦ ἀδελφοῦ σου, τὴν δὲ δοκὸν τὴν ἐν τῷ ἰδίῳ ὀφθαλμῷ οὐ κατανοεῖς;
2a062a0200	[ἢ] πῶς δύνασαι λέγειν τῷ ἀδελφῷ σου, Ἀδελφέ, ἄφες ἐκβάλω τὸ κάρφος τὸ ἐν τῷ ὀφθαλμῷ σου, αὐτὸς τὴν ἐν τῷ ὀφθαλμῷ σου δοκὸν οὐ βλέπων; ὑποκριτά, ἔκβαλε πρῶτον τὴν δοκὸν ἐκ τοῦ ὀφθαλμοῦ σου, καὶ τότε διαβλέψεις ἐκβαλεῖν τὸ κάρφος τὸ ἐν τῷ ὀφθαλμῷ τοῦ ἀδελφοῦ σου.
2a062b00bb	οὐ γάρ ἐστιν δένδρον καλὸν ποιοῦν καρπὸν σαπρόν· οὐδὲ [πάλιν] δένδρον σαπρὸν ποιοῦν καρπὸν καλόν.
2a062c00ed	ἕκαστον γὰρ δένδρον ἐκ τοῦ ἰδίου καρποῦ γινώσκεται· οὐ γὰρ ἐξ ἀκανθῶν συλλέγουσιν σῦκα, οὐδὲ ἐκ βάτου σταφυλὴν τρυγῶσιν.
2a062d0162	ὁ ἀγαθὸς ἄνθρωπος ἐκ τοῦ ἀγαθοῦ θησαυροῦ τῆς καρδίας αὐτοῦ προφέρει τὸ ἀγαθόν, καὶ ὁ πονηρὸς ἐκ τοῦ πονηροῦ προφέρει τὸ πονηρόν· ἐκ γὰρ περισσεύματος καρδίας λαλεῖ τὸ στόμα αὐτοῦ.
2a062e0062	τί δέ με καλεῖτε, Κύριε κύριε, καὶ οὐ ποιεῖτε ἃ λέγω;
2a062f00c2	Πᾶς ὁ ἐρχόμενος πρός με καὶ ἀκούων μου τῶν λόγων καὶ ποιῶν αὐτούς, ὑποδείξω ὑμῖν τίνι ἐστὶν ὅμοιος.
2a063001c7	ὅμοιός ἐστιν ἀνθρώπῳ οἰκοδομοῦντι οἰκίαν, ὃς ἔσκαψεν καὶ ἐβάθυνεν καὶ ἔθηκεν θεμέλιον ἐπὶ τὴν πέτραν· πλημμύρης δὲ γενομένης, προσέρηξεν ὁ ποταμὸς τῇ οἰκίᾳ ἐκείνῃ, καὶ οὐκ ἴσχυσεν σαλεῦσαι αὐτὴν διὰ τὸ καλῶς οἰκοδομεῖσθαι αὐτήν.
2a06310174	ὁ δὲ ἀκούσας καὶ μὴ ποιήσας ὅμοιός ἐστιν ἀνθρώπῳ οἰκοδομήσαντι οἰκίαν ἐπὶ τὴν γῆν χωρὶς θεμελίου· ᾗ προσέρηξεν ὁ ποταμός, καὶ εὐθὺς συνέπεσεν, καὶ ἐγένετο τὸ ῥῆγμα τῆς οἰκίας ἐκείνης μέγα.
2a070100af	Ἐπειδὴ ἐπλήρωσεν πάντα τὰ ῥήματα αὐτοῦ εἰς τὰς ἀκοὰς τοῦ λαοῦ, εἰσῆλθεν εἰς Καφαρναούμ.
2a07020098	ἑκατοντάρχου δέ τινος δοῦλος κακῶς ἔχων ἤμελλεν τελευτᾶν, ὃς ἦν αὐτῷ ἔντιμος.
2a070300fc	ἀκούσας δὲ περὶ τοῦ Ἰησοῦ ἀπέστειλεν πρὸς αὐτὸν πρεσβυτέρους τῶν Ἰουδαίων, ἐρωτῶν αὐτὸν ὅπως ἐλθὼν διασώσῃ τὸν δοῦλον αὐτοῦ.
2a070400ce	οἱ δὲ παραγενόμενοι πρὸς τὸν Ἰησοῦν παρεκάλουν αὐτὸν σπουδαίως, λέγοντες ὅτι Ἄξιός ἐστιν ᾧ παρέξῃ τοῦτο·
2a07050085	ἀγαπᾷ γὰρ τὸ ἔθνος ἡμῶν, καὶ τὴν συναγωγὴν αὐτὸς ᾠκοδόμησεν ἡμῖν.
2a0706019b	ὁ δὲ Ἰησοῦς ἐπορεύετο σὺν αὐτοῖς. ἤδη δὲ αὐτοῦ οὐ μακρὰν ἀπέχοντος ἀπὸ τῆς οἰκίας, ἔπεμψεν πρὸς αὐτὸν φίλους ὁ ἑκατόνταρχος, λέγων αὐτῷ, Κύριε, μὴ σκύλλου· οὐ γὰρ ἱκανός εἰμι ἵνα ὑπὸ τὴν στέγην μου εἰσέλθῃς,
2a0707009d	διὸ οὐδὲ ἐμαυτὸν ἠξίωσα πρός σε ἐλθεῖν· ἀλλὰ εἰπὲ λόγῳ, καὶ ἰαθήτω ὁ παῖς μου.
2a0708017c	καὶ γὰρ ἐγὼ ἄνθρωπός εἰμι ὑπὸ ἐξουσίαν τασσόμενος, ἔχων ὑπ᾽ ἐμαυτὸν στρατιώτας, καὶ λέγω τούτῳ, Πορεύθητι, καὶ πορεύεται· καὶ ἄλλῳ, Ἔρχου, καὶ ἔρχεται· καὶ τῷ δούλῳ μου, Ποίησον τοῦτο, καὶ ποιεῖ.
2a07090119	Ἀκούσας δὲ ταῦτα ὁ Ἰησοῦς ἐθαύμασεν αὐτόν, καὶ στραφεὶς τῷ ἀκολουθοῦντι αὐτῷ ὄχλῳ εἶπεν, Λέγω ὑμῖν, οὐδὲ ἐν τῷ Ἰσραὴλ τοσαύτην πίστιν εὗρον.
2a070a0093	Καὶ ὑποστρέψαντες εἰς τὸν οἶκον οἱ πεμφθέντες εὗρον τὸν δοῦλον ὑγιαίνοντα.
2a070b00e6	Καὶ ἐγένετο ἐν τῷ ἑξῆς, ἐπορεύετο εἰς πόλιν καλουμένην Ναΐν, καὶ συνεπορεύοντο αὐτῷ οἱ μαθηταὶ αὐτοῦ καὶ ὄχλος πολύς.
2a070c0135	ὡς δὲ ἤγγισεν τῇ πύλῃ τῆς πόλεως, καὶ ἰδοὺ ἐξεκομίζετο τεθνηκὼς μονογενὴς υἱὸς τῇ μητρὶ αὐτοῦ, καὶ αὕτη ἦν χήρα· καὶ ὄχλος τῆς πόλεως ἱκανὸς [ἦν] σὺν αὐτῇ·
2a070d0091	καὶ ἰδὼν αὐτὴν ὁ κύριος ἐσπλαγχνίσθη ἐπ᾽ αὐτῇ καὶ εἶπεν αὐτῇ, Μὴ κλαῖε.
2a070e00be	καὶ προσελθὼν ἥψατο τῆς σοροῦ· οἱ δὲ βαστάζοντες ἔστησαν· καὶ εἶπεν, Νεανίσκε, σοὶ λέγω, ἐγέρθητι.
2a070f0098	καὶ ἀνεκάθισεν ὁ νεκρὸς καὶ ἤρξατο λαλεῖν· καὶ ἔδωκεν αὐτὸν τῇ μητρὶ αὐτοῦ.
2a07100101	ἔλαβεν δὲ φόβος πάντας, καὶ ἐδόξαζον τὸν θεόν, λέγοντες ὅτι Προφήτης μέγας ἠγέρθη ἐν ἡμῖν, καὶ ὅτι Ἐπεσκέψατο ὁ θεὸς τὸν λαὸν αὐτοῦ.
2a071100a3	καὶ ἐξῆλθεν ὁ λόγος οὗτος ἐν ὅλῃ τῇ Ἰουδαίᾳ περὶ αὐτοῦ καὶ [ἐν] πάσῃ τῇ περιχώρῳ.
2a071200e4	Καὶ ἀπήγγειλαν Ἰωάνει οἱ μαθηταὶ αὐτοῦ περὶ πάντων τούτων. καὶ προσκαλεσάμενος δύο τινὰς τῶν μαθητῶν αὐτοῦ ὁ Ἰωάνης
2a0713008a	ἔπεμψεν πρὸς τὸν κύριον λέγων, Σὺ εἶ ὁ ἐρχόμενος, ἢ ἕτερον προσδοκῶμεν;
2a07140107	παραγενόμενοι δὲ πρὸς αὐτὸν οἱ ἄνδρες εἶπαν, Ἰωάνης ὁ βαπτιστὴς ἀπέσταλκεν ἡμᾶς πρός σε λέγων, Σὺ εἶ ὁ ἐρχόμενος, ἢ ἄλλον προσδοκῶμεν;
2a071500f0	ἐν ἐκείνῃ τῇ ὥρᾳ ἐθεράπευσεν πολλοὺς ἀπὸ νόσων καὶ μαστίγων καὶ πνευμάτων πονηρῶν, καὶ τυφλοῖς πολλοῖς ἐχαρίσατο βλέπειν.
2a0716019a	καὶ ἀποκριθεὶς εἶπεν αὐτοῖς, Πορευθέντες ἀπαγγείλατε Ἰωάνει ἃ εἴδετε καὶ ἠκούσατε· [ὅτι] τυφλοὶ ἀναβλέπουσιν, χωλοὶ περιπατοῦσιν, λεπροὶ καθαρίζονται, κωφοὶ ἀκούουσιν, νεκροὶ ἐγείρονται, πτωχοὶ εὐαγγελίζονται,
2a07170062	καὶ μακάριός ἐστιν ὃς ἐὰν μὴ σκανδαλισθῇ ἐν ἐμοί.
2a0718011f	Ἀπελθόντων δὲ τῶν ἀγγέλων Ἰωάνου, ἤρξατο λέγειν πρὸς τοὺς ὄχλους περὶ Ἰωάνου, Τί ἐξήλθατε εἰς τὴν ἔρημον θεάσασθαι; κάλαμον ὑπὸ ἀνέμου σαλευόμενον;
2a07190119	ἀλλὰ τί ἐξήλθατε ἰδεῖν; ἄνθρωπον ἐν μαλακοῖς ἱματίοις ἠμφιεσμένον; ἰδοὺ οἱ ἐν ἱματισμῷ ἐνδόξῳ καὶ τρυφῇ ὑπάρχοντες ἐν τοῖς βασιλείοις εἰσίν.
2a071a0091	ἀλλὰ τί ἐξήλθατε ἰδεῖν; προφήτην; ναὶ λέγω ὑμῖν, καὶ περισσότερον προφήτου.
2a071b00ee	οὗτός ἐστιν περὶ οὗ γέγραπται, Ἰδοὺ ἀποστέλλω τὸν ἄγγελόν μου πρὸ προσώπου σου, ὃς κατασκευάσει τὴν ὁδόν σου ἔμπροσθέν σου.
2a071c0100	λέγω ὑμῖν, μείζων ἐν γεννητοῖς γυναικῶν [προφήτης] Ἰωάνου οὐδείς ἐστιν· ὁ δὲ μικρότερος ἐν τῇ βασιλείᾳ τοῦ θεοῦ μείζων αὐτοῦ ἐστιν.
2a071d00b3	καὶ πᾶς ὁ λαὸς ἀκούσας καὶ οἱ τελῶναι ἐδικαίωσαν τὸν θεόν, βαπτισθέντες τὸ βάπτισμα Ἰωάνου·
2a071e00c6	οἱ δὲ Φαρισαῖοι καὶ οἱ νομικοὶ τὴν βουλὴν τοῦ θεοῦ ἠθέτησαν εἰς ἑαυτοὺς μὴ βαπτισθέντες ὑπ᾽ αὐτοῦ.
2a071f008f	Τίνι οὖν ὁμοιώσω τοὺς ἀνθρώπους τῆς γενεᾶς ταύτης; καὶ τίνι εἰσὶν ὅμοιοι;
2a07200125	ὅμοιοί εἰσιν παιδίοις τοῖς ἐν ἀγορᾷ καθημένοις καὶ προσφωνοῦσιν ἀλλήλοις λέγοντες, Ηὐλήσαμεν ὑμῖν, καὶ οὐκ ὠρχήσασθε· ἐθρηνήσαμεν καὶ οὐκ ἐκλαύσατε.
2a072100b5	ἐλήλυθεν γὰρ Ἰωάνης ὁ βαπτιστὴς μήτε ἔσθων ἄρτον μήτε πίνων οἶνον, καὶ λέγετε, Δαιμόνιον ἔχει.
2a072200f0	ἐλήλυθεν ὁ υἱὸς τοῦ ἀνθρώπου ἐσθίων καὶ πίνων, καὶ λέγετε, Ἰδοὺ ἄνθρωπος φάγος καὶ οἰνοπότης, φίλος τελωνῶν καὶ ἁμαρτωλῶν.
2a07230063	καὶ ἐδικαιώθη ἡ σοφία ἀπὸ πάντων τῶν τέκνων αὐτῆς.
2a072400d0	Ἠρώτα δέ τις αὐτὸν τῶν Φαρισαίων ἵνα φάγῃ μετ᾽ αὐτοῦ· καὶ εἰσελθὼν εἰς τὸν οἶκον τοῦ Φαρισαίου κατεκλίθη.
2a072500f9	καὶ ἰδοὺ γυνὴ ἥτις ἦν ἐν τῇ πόλει ἁμαρτωλός, καὶ ἐπιγνοῦσα ὅτι κατάκειται ἐν τῇ οἰκίᾳ τοῦ Φαρισαίου, κομίσασα ἀλάβαστρον μύρου
2a07260178	καὶ στᾶσα ὀπίσω παρὰ τοὺς πόδας αὐτοῦ κλαίουσα, τοῖς δάκρυσιν ἤρξατο βρέχειν τοὺς πόδας αὐτοῦ καὶ ταῖς θριξὶν τῆς κεφαλῆς αὐτῆς ἐξέμασσεν, καὶ κατεφίλει τοὺς πόδας αὐτοῦ, καὶ ἤλειφεν τῷ μύρῳ.
2a07270133	ἰδὼν δὲ ὁ Φαρισαῖος ὁ καλέσας αὐτὸν εἶπεν ἐν ἑαυτῷ λέγων, Οὗτος εἰ ἦν προφήτης, ἐγίνωσκεν ἂν τίς καὶ ποταπὴ ἡ γυνὴ ἥτις ἅπτεται αὐτοῦ, ὅτι ἁμαρτωλός ἐστιν.
2a072800b9	καὶ ἀποκριθεὶς ὁ Ἰησοῦς εἶπεν πρὸς αὐτόν, Σίμων, ἔχω σοί τι εἰπεῖν. ὁ δέ, Διδάσκαλε, εἰπέ, φησίν.
2a072900b5	Δύο χρεοφειλέται ἦσαν δανειστῇ τινι· ὁ εἷς ὤφειλεν δηνάρια πεντακόσια, ὁ δὲ ἕτερος πεντήκοντα.
2a072a00ac	μὴ ἐχόντων αὐτῶν ἀποδοῦναι ἀμφοτέροις ἐχαρίσατο. τίς οὖν αὐτῶν, πλεῖον ἀγαπήσει αὐτόν;
2a072b00bf	ἀποκριθεὶς [ὁ] Σίμων εἶπεν, Ὑπολαμβάνω ὅτι ᾧ τὸ πλεῖον ἐχαρίσατο. ὁ δὲ εἶπεν αὐτῷ, Ὀρθῶς ἔκρινας.
2a072c019a	καὶ στραφεὶς πρὸς τὴν γυναῖκα τῷ Σίμωνι ἔφη, Βλέπεις ταύτην τὴν γυναῖκα; εἰσῆλθόν σου εἰς τὴν οἰκίαν, ὕδωρ μοι ἐπὶ πόδας οὐκ ἔδωκας· αὕτη δὲ τοῖς δάκρυσιν ἔβρεξέν μου τοὺς πόδας, καὶ ταῖς θριξὶν αὐτῆς ἐξέμαξεν.
2a072d00a9	φίλημά μοι οὐκ ἔδωκας· αὕτη δὲ ἀφ᾽ ἧς εἰσῆλθον οὐ διέλιπεν καταφιλοῦσά μου τοὺς πόδας.
2a072e008b	ἐλαίῳ τὴν κεφαλήν μου οὐκ ἤλειψας· αὕτη δὲ μύρῳ ἤλειψεν τοὺς πόδας μου.
2a072f00d7	οὗ χάριν, λέγω σοι, ἀφέωνται αἱ ἁμαρτίαι αὐτῆς αἱ πολλαί, ὅτι ἠγάπησεν πολύ· ᾧ δὲ ὀλίγον ἀφίεται, ὀλίγον ἀγαπᾷ.
2a0730004f	εἶπεν δὲ αὐτῇ, Ἀφέωνταί σου αἱ ἁμαρτίαι.
2a073100af	καὶ ἤρξαντο οἱ συνανακείμενοι λέγειν ἐν ἑαυτοῖς, Τίς οὗτός ἐστιν ὃς καὶ ἁμαρτίας ἀφίησιν;
2a0732008a	εἶπεν δὲ πρὸς τὴν γυναῖκα, Ἡ πίστις σου σέσωκέν σε· πορεύου εἰς εἰρήνην.
2a08010118	Καὶ ἐγένετο ἐν τῷ καθεξῆς, καὶ αὐτὸς διώδευεν κατὰ πόλιν καὶ κώμην κηρύσσων καὶ εὐαγγελιζόμενος τὴν βασιλείαν τοῦ θεοῦ, καὶ οἱ δώδεκα σὺν αὐτῷ,
2a08020113	καὶ γυναῖκές τινες αἳ ἦσαν τεθεραπευμέναι ἀπὸ πνευμάτων πονηρῶν καὶ ἀσθενειῶν, Μαρία ἡ καλουμένη Μαγδαληνή, ἀφ᾽ ἧς δαιμόνια ἑπτὰ ἐξεληλύθει,
2a080300f0	καὶ Ἰωάνα γυνὴ Χουζᾶ ἐπιτρόπου Ἡρώδου, καὶ Σουσάννα, καὶ ἕτεραι πολλαί, αἵτινες διηκόνουν αὐτοῖς ἐκ τῶν ὑπαρχόντων αὐταῖς.
2a080400b5	Συνιόντος δὲ ὄχλου πολλοῦ καὶ τῶν κατὰ πόλιν ἐπιπορευομένων πρὸς αὐτόν, εἶπεν διὰ παραβολῆς,
2a0805013b	Ἐξῆλθεν ὁ σπείρων τοῦ σπεῖραι τὸν σπόρον αὐτοῦ· καὶ ἐν τῷ σπείρειν αὐτὸν ὃ μὲν ἔπεσεν παρὰ τὴν ὁδόν, καὶ κατεπατήθη, καὶ τὰ πετεινὰ τοῦ οὐρανοῦ κατέφαγεν αὐτό.
2a0806009a	καὶ ἕτερον κατέπεσεν ἐπὶ τὴν πέτραν, καὶ φυὲν ἐξηράνθη διὰ τὸ μὴ ἔχειν ἰκμάδα.
2a080700a0	καὶ ἕτερον ἔπεσεν ἐν μέσῳ τῶν ἀκανθῶν, καὶ συμφυεῖσαι αἱ ἄκανθαι ἀπέπνιξαν αὐτό.
2a08080104	καὶ ἕτερον ἔπεσεν εἰς τὴν γῆν τὴν ἀγαθήν, καὶ φυὲν ἐποίησεν καρπὸν ἑκατονταπλασίονα. ταῦτα λέγων ἐφώνει, Ὁ ἔχων ὦτα ἀκούειν ἀκουέτω.
2a08090078	Ἐπηρώτων δὲ αὐτὸν οἱ μαθηταὶ αὐτοῦ, Τίς εἴη ἡ παραβολὴ αὕτη;
2a080a0127	ὁ δὲ εἶπεν, Ὑμῖν δέδοται γνῶναι τὰ μυστήρια τῆς βασιλείας τοῦ θεοῦ, τοῖς δὲ λοιποῖς ἐν παραβολαῖς, ἵνα βλέποντες μὴ βλέπωσιν καὶ ἀκούοντες μὴ συνιῶσιν.
2a080b0073	ἔστιν δὲ αὕτη ἡ παραβολή· ὁ σπόρος ἐστὶν ὁ λόγος τοῦ θεοῦ·
2a080c010c	οἱ δὲ παρὰ τὴν ὁδόν εἰσιν οἱ ἀκούσαντες, εἶτα ἔρχεται ὁ διάβολος καὶ αἴρει τὸν λόγον ἀπὸ τῆς καρδίας αὐτῶν, ἵνα μὴ πιστεύσαντες σωθῶσιν.
2a080d013d	οἱ δὲ ἐπὶ τῆς πέτρας, οἳ ὅταν ἀκούσωσιν μετὰ χαρᾶς δέχονται τὸν λόγον, καὶ οὗτοι ῥίζαν οὐκ ἔχουσιν, οἳ πρὸς καιρὸν πιστεύουσιν, καὶ ἐν καιρῷ πειρασμοῦ ἀφίστανται.
2a080e012a	τὸ δὲ εἰς τὰς ἀκάνθας πεσόν, οὗτοί εἰσιν οἱ ἀκούσαντες, καὶ ὑπὸ μεριμνῶν καὶ πλούτου καὶ ἡδονῶν τοῦ βίου πορευόμενοι συμπνίγονται, καὶ οὐ τελεσφοροῦσιν.
2a080f00fe	τὸ δὲ ἐν τῇ καλῇ γῇ, οὗτοί εἰσιν οἵτινες ἐν καρδίᾳ καλῇ καὶ ἀγαθῇ ἀκούσαντες τὸν λόγον κατέχουσιν, καὶ καρποφοροῦσιν ἐν ὑπομονῇ.
2a08100106	οὐδεὶς δὲ λύχνον ἅψας καλύπτει αὐτὸν σκεύει ἢ ὑποκάτω κλίνης τίθησιν, ἀλλὰ ἐπὶ λυχνίας τίθησιν, ἵνα οἱ εἰσπορευόμενοι βλέπωσιν τὸ φῶς.
2a081100bf	οὐ γάρ ἐστιν κρυπτὸν ὃ οὐ φανερὸν γενήσεται, οὐδὲ ἀπόκρυφον ὃ οὐ μὴ γνωσθῇ καὶ εἰς φανερὸν ἔλθῃ.
2a081200e0	βλέπετε οὖν πῶς ἀκούετε· ὃς ἂν γὰρ ἔχῃ, δοθήσεται αὐτῷ, καὶ ὃς ἂν μὴ ἔχῃ, καὶ ὃ δοκεῖ ἔχειν ἀρθήσεται ἀπ᾽ αὐτοῦ.
2a081300cb	Παρεγένετο δὲ πρὸς αὐτὸν ἡ μήτηρ καὶ οἱ ἀδελφοὶ αὐτοῦ, καὶ οὐκ ἠδύναντο συντυχεῖν αὐτῷ διὰ τὸν ὄχλον.
2a0814009e	ἀπηγγέλη δὲ αὐτῷ, Ἡ μήτηρ σου καὶ οἱ ἀδελφοί σου ἑστήκασιν ἔξω ἰδεῖν θέλοντές σε.
2a081500eb	ὁ δὲ ἀποκριθεὶς εἶπεν πρὸς αὐτούς, Μήτηρ μου καὶ ἀδελφοί μου οὗτοί εἰσιν, οἱ τὸν λόγον τοῦ θεοῦ ἀκούοντες καὶ ποιοῦντες.
2a0816012b	Ἐγένετο δὲ ἐν μιᾷ τῶν ἡμερῶν, καὶ αὐτὸς ἐνέβη εἰς πλοῖον καὶ οἱ μαθηταὶ αὐτοῦ, καὶ εἶπεν πρὸς αὐτούς, Διέλθωμεν εἰς τὸ πέραν τῆς λίμνης· καὶ ἀνήχθησαν.
2a081700cc	πλεόντων δὲ αὐτῶν ἀφύπνωσεν. καὶ κατέβη λαῖλαψ ἀνέμου εἰς τὴν λίμνην, καὶ συνεπληροῦντο καὶ ἐκινδύνευον.
2a0818014d	προσελθόντες δὲ διήγειραν αὐτὸν λέγοντες, Ἐπιστάτα ἐπιστάτα, ἀπολλύμεθα. ὁ δὲ διεγερθεὶς ἐπετίμησεν τῷ ἀνέμῳ καὶ τῷ κλύδωνι τοῦ ὕδατος· καὶ ἐπαύσαντο, καὶ ἐγένετο γαλήνη.
2a08190151	εἶπεν δὲ αὐτοῖς, Ποῦ ἡ πίστις ὑμῶν; φοβηθέντες δὲ ἐθαύμασαν, λέγοντες πρὸς ἀλλήλους, Τίς ἄρα οὗτός ἐστιν, ὅτι καὶ τοῖς ἀνέμοις ἐπιτάσσει καὶ τῷ ὕδατι, καὶ ὑπακούουσιν αὐτῷ;
2a081a009b	καὶ κατέπλευσαν εἰς τὴν χώραν τῶν Γερασηνῶν, ἥτις ἐστὶν ἀντιπέρα τῆς Γαλιλαίας.
2a081b015d	Ἐξελθόντι δὲ αὐτῷ ἐπὶ τὴν γῆν, ὑπήντησεν [αὐτῷ] ἀνήρ τις ἐκ τῆς πόλεως, ὃς εἶχεν δαιμόνια, καὶ χρόνῳ ἱκανῷ οὐκ ἐνεδύσατο ἱμάτιον, καὶ ἐν οἰκίᾳ οὐκ ἔμενεν, ἀλλ᾽ ἐν τοῖς μνήμασιν.
2a081c011f	ἰδὼν δὲ τὸν Ἰησοῦν ἀνακράξας προσέπεσεν αὐτῷ, καὶ φωνῇ μεγάλῃ εἶπεν, Τί ἐμοὶ καὶ σοί, Ἰησοῦ, υἱὲ τοῦ θεοῦ τοῦ ὑψίστου; δέομαί σου, μή με βασανίσῃς.
2a081d01b2	Παρήγγελλεν γὰρ τῷ πνεύματι τῷ ἀκαθάρτῳ ἐξελθεῖν ἀπὸ τοῦ ἀνθρώπου· πολλοῖς γὰρ χρόνοις συνηρπάκει αὐτόν, καὶ ἐδεσμεύετο ἁλύσεσιν καὶ πέδαις φυλασσόμενος, καὶ διαρήσσων τὰ δεσμὰ ἠλαύνετο ὑπὸ τοῦ δαιμονίου εἰς τὰς ἐρήμους.
2a081e00df	ἐπηρώτησεν δὲ αὐτὸν ὁ Ἰησοῦς λέγων, Τί σοι ὄνομά ἐστιν; ὁ δὲ εἶπεν, Λεγιών· ὅτι δαιμόνια πολλὰ εἰσῆλθεν εἰς αὐτόν.
2a081f008b	καὶ παρεκάλουν αὐτὸν ἵνα μὴ ἐπιτάξῃ αὐτοῖς εἰς τὴν ἄβυσσον ἀπελθεῖν.
2a0820011c	ἦν δὲ ἐκεῖ ἀγέλη χοίρων ἱκανῶν βοσκομένων ἐν τῷ ὄρει, καὶ παρεκάλεσαν αὐτὸν ἵνα ἐπιτρέψῃ αὐτοῖς εἰς ἐκείνους εἰσελθεῖν. καὶ ἐπέτρεψεν αὐτοῖς.
2a0821010a	ἐξελθόντα δὲ τὰ δαιμόνια ἀπὸ τοῦ ἀνθρώπου εἰσῆλθον εἰς τοὺς χοίρους, καὶ ὥρμησεν ἡ ἀγέλη κατὰ τοῦ κρημνοῦ εἰς τὴν λίμνην καὶ ἀπεπνίγη.
2a082200b5	ἰδόντες δὲ οἱ βόσκοντες τὸ γεγονὸς ἔφυγον, καὶ ἀπήγγειλαν εἰς τὴν πόλιν καὶ εἰς τοὺς ἀγρούς.
2a08230179	ἐξῆλθον δὲ ἰδεῖν τὸ γεγονός, καὶ ἦλθαν πρὸς τὸν Ἰησοῦν, καὶ εὗραν καθήμενον τὸν ἄνθρωπον ἀφ᾽ οὗ τὰ δαιμόνια ἐξεληλύθει, ἱματισμένον καὶ σωφρονοῦντα παρὰ τοὺς πόδας τοῦ Ἰησοῦ, καὶ ἐφοβήθησαν.
2a08240072	ἀπήγγειλαν δὲ αὐτοῖς οἱ ἰδόντες πῶς ἐσώθη ὁ δαιμονισθείς.
2a08250128	καὶ ἠρώτησεν αὐτὸν ἅπαν τὸ πλῆθος τῆς περιχώρου τῶν Γερασηνῶν ἀπελθεῖν ἀπ᾽ αὐτῶν, ὅτι φόβῳ μεγάλῳ συνείχοντο. Αὐτὸς δὲ ἐμβὰς εἰς πλοῖον ὑπέστρεψεν.
2a082600bd	ἐδεῖτο δὲ αὐτοῦ ὁ ἀνὴρ ἀφ᾽ οὗ ἐξεληλύθει τὰ δαιμόνια εἶναι σὺν αὐτῷ. ἀπέλυσεν δὲ αὐτὸν λέγων,
2a08270107	Ὑπόστρεφε εἰς τὸν οἶκόν σου, καὶ διηγοῦ ὅσα σοι ἐποίησεν ὁ θεός. Καὶ ἀπῆλθεν, καθ᾽ ὅλην τὴν πόλιν κηρύσσων ὅσα ἐποίησεν αὐτῷ ὁ Ἰησοῦς.
2a082800b8	Ἐν δὲ τῷ ὑποστρέψαι τὸν Ἰησοῦν, ἀπεδέξατο αὐτὸν ὁ ὄχλος· ἦσαν γὰρ πάντες προσδοκῶντες αὐτόν.
2a08290143	καὶ ἰδοὺ ἦλθεν ἀνὴρ ᾧ ὄνομα Ἰάειρος· καὶ οὗτος ἄρχων τῆς συναγωγῆς ὑπῆρχεν, καὶ πεσὼν παρὰ τοὺς πόδας [τοῦ] Ἰησοῦ, παρεκάλει αὐτὸν εἰσελθεῖν εἰς τὸν οἶκον αὐτοῦ,
2a082a00e6	ὅτι θυγάτηρ μονογενὴς ἦν αὐτῷ ὡς ἐτῶν δώδεκα, καὶ αὕτη ἀπέθνησκεν. ἐν δὲ τῷ ὑπάγειν αὐτὸν οἱ ὄχλοι συνέπνιγον αὐτόν.
2a082b00fd	καὶ γυνὴ οὖσα ἐν ῥύσει αἵματος ἀπὸ ἐτῶν δώδεκα, ἥτις ἰατροῖς προσαναλώσασα ὅλον τὸν βίον οὐκ ἴσχυσεν ἀπ᾽ οὐδενὸς θεραπευθῆναι,
2a082c00d0	προσελθοῦσα ὄπισθεν ἥψατο τοῦ κρασπέδου τοῦ ἱματίου αὐτοῦ, καὶ παραχρῆμα ἔστη ἡ ῥύσις τοῦ αἵματος αὐτῆς.
2a082d0153	καὶ εἶπεν ὁ Ἰησοῦς, Τίς ὁ ἁψάμενός μου; ἀρνουμένων δὲ πάντων εἶπεν ὁ Πέτρος καὶ οἱ σὺν αὐτῷ, Ἐπιστάτα, οἱ ὄχλοι συνέχουσίν σε καὶ ἀποθλίβουσιν, [καὶ λέγεις, Τίς ὁ ἁψάμενός μου;]
2a082e009d	ὁ δὲ Ἰησοῦς εἶπεν, Ἥψατό μού τις· ἐγὼ γὰρ ἔγνων δύναμιν ἐξεληλυθυῖαν ἀπ᾽ ἐμοῦ.
2a082f0133	Ἰδοῦσα δὲ ἡ γυνὴ ὅτι οὐκ ἔλαθεν, τρέμουσα ἦλθεν καὶ προσπεσοῦσα αὐτῷ, δι᾽ ἣν αἰτίαν ἥψατο αὐτοῦ ἀπήγγειλεν ἐνώπιον παντὸς τοῦ λαοῦ, καὶ ὡς ἰάθη παραχρῆμα.
2a08300087	ὁ δὲ εἶπεν αὐτῇ, Θυγάτηρ, ἡ πίστις σου σέσωκέν σε· πορεύου εἰς εἰρήνην.
2a083100f2	ἔτι αὐτοῦ λαλοῦντος ἔρχεταί τις παρὰ τοῦ ἀρχισυναγώγου λέγων [αὐτῷ] ὅτι Τέθνηκεν ἡ θυγάτηρ σου· μηκέτι σκύλλε τὸν διδάσκαλον.
2a08320095	ὁ δὲ Ἰησοῦς ἀκούσας ἀπεκρίθη αὐτῷ, Μὴ φοβοῦ· μόνον πίστευσον, καὶ σωθήσεται.
2a08330112	ἐλθὼν δὲ εἰς τὴν οἰκίαν οὐκ ἀφῆκεν εἰσελθεῖν τινα σὺν αὐτῷ, εἰ μὴ Πέτρον καὶ Ἰωάνην καὶ Ἰάκωβον, καὶ τὸν πατέρα τῆς παιδὸς καὶ τὴν μητέρα.
2a083400b8	ἔκλαιον δὲ πάντες, καὶ ἐκόπτοντο αὐτήν. ὁ δὲ εἶπεν, Μὴ κλαίετε· οὐ γὰρ ἀπέθανεν, ἀλλὰ καθεύδει.
2a08350053	καὶ κατεγέλων αὐτοῦ, εἰδότες ὅτι ἀπέθανεν.
2a08360082	αὐτὸς δὲ κρατήσας τῆς χειρὸς αὐτῆς ἐφώνησεν λέγων, Ἡ παῖς, ἔγειρε.
2a083700ad	Καὶ ἐπέστρεψεν τὸ πνεῦμα αὐτῆς, καὶ ἀνέστη παραχρῆμα, καὶ διέταξεν αὐτῇ δοθῆναι φαγεῖν.
2a083800a1	καὶ ἐξέστησαν οἱ γονεῖς αὐτῆς· ὁ δὲ παρήγγειλεν αὐτοῖς μηδενὶ εἰπεῖν τὸ γεγονός.
2a090100d7	Συγκαλεσάμενος δὲ τοὺς δώδεκα ἔδωκεν αὐτοῖς δύναμιν καὶ ἐξουσίαν ἐπὶ πάντα τὰ δαιμόνια, καὶ νόσους θεραπεύειν·
2a090200a4	καὶ ἀπέστειλεν αὐτοὺς κηρύσσειν τὴν βασιλείαν τοῦ θεοῦ, καὶ ἰᾶσθαι [τοὺς ἀσθενεῖς].
2a090300f9	καὶ εἶπεν πρὸς αὐτούς, Μηδὲν αἴρετε εἰς τὴν ὁδόν· μήτε ῥάβδον, μήτε πήραν, μήτε ἄρτον, μήτε ἀργύριον, μήτε [ἀνὰ] δύο χιτῶνας ἔχειν.
2a09040085	καὶ εἰς ἣν ἂν οἰκίαν εἰσέλθητε, ἐκεῖ μένετε, καὶ ἐκεῖθεν ἐξέρχεσθε.
2a09050111	καὶ ὅσοι ἂν μὴ δέχωνται ὑμᾶς, ἐξερχόμενοι ἀπὸ τῆς πόλεως ἐκείνης, τὸν κονιορτὸν ἀπὸ τῶν ποδῶν ὑμῶν ἀποτινάξατε, εἰς μαρτύριον ἐπ᾽ αὐτούς.
2a090600a2	Ἐξερχόμενοι δὲ διήρχοντο κατὰ τὰς κώμας, εὐαγγελιζόμενοι καὶ θεραπεύοντες πανταχοῦ.
2a090700e4	Ἤκουσεν δὲ Ἡρώδης ὁ τετράρχης τὰ γινόμενα πάντα· καὶ διηπόρει, διὰ τὸ λέγεσθαι ὑπό τινων ὅτι Ἰωάνης ἠγέρθη ἐκ νεκρῶν·
2a09080093	ὑπό τινων δὲ ὅτι Ἡλίας ἐφάνη· ἄλλων δὲ ὅτι Προφήτης τις τῶν ἀρχαίων ἀνέστη.
2a090900de	εἶπεν δὲ Ἡρώδης, Ἰωάνην ἐγὼ ἀπεκεφάλισα· τίς δέ ἐστιν οὗτος, περὶ οὗ [ἐγὼ] ἀκούω τοιαῦτα; καὶ ἐζήτει ἰδεῖν αὐτόν.
2a090a010a	Καὶ ὑποστρέψαντες οἱ ἀπόστολοι διηγήσαντο αὐτῷ ὅσα ἐποίησαν· καὶ παραλαβὼν αὐτοὺς ὑπεχώρησεν κατ᾽ ἰδίαν εἰς πόλιν καλουμένην Βηθσαϊδά.
2a090b011f	οἱ δὲ ὄχλοι γνόντες ἠκολούθησαν αὐτῷ· καὶ ἀποδεξάμενος αὐτοὺς ἐλάλει αὐτοῖς περὶ τῆς βασιλείας τοῦ θεοῦ, καὶ τοὺς χρείαν ἔχοντας θεραπείας ἰᾶτο.
2a090c0191	Ἡ δὲ ἡμέρα ἤρξατο κλίνειν· προσελθόντες δὲ οἱ δώδεκα εἶπον αὐτῷ, Ἀπόλυσον τὸν ὄχλον, ἵνα πορευθέντες εἰς τὰς κύκλῳ κώμας καὶ [τοὺς] ἀγροὺς καταλύσωσιν καὶ εὕρωσιν ἐπισιτισμόν· ὅτι ὧδε ἐν ἐρήμῳ τόπῳ ἐσμέν.
2a090d016b	Εἶπεν δὲ πρὸς αὐτούς, Δότε αὐτοῖς ὑμεῖς φαγεῖν. Οἱ δὲ εἶπαν, Οὐκ εἰσὶν ἡμῖν πλεῖον ἢ πέντε ἄρτοι καὶ ἰχθύες δύο, εἰ μή τι πορευθέντες ἡμεῖς ἀγοράσωμεν εἰς πάντα τὸν λαὸν τοῦτον βρώματα.
2a090e00ed	Ἦσαν γὰρ ὡσεὶ ἄνδρες πεντακισχίλιοι. εἶπεν δὲ πρὸς τοὺς μαθητὰς αὐτοῦ, Κατακλίνατε αὐτοὺς κλισίας [ὡσεὶ] ἀνὰ πεντήκοντα.
2a090f0054	Καὶ ἐποίησαν οὕτως, καὶ κατέκλιναν ἅπαντας.
2a0910012c	λαβὼν δὲ τοὺς πέντε ἄρτους καὶ τοὺς δύο ἰχθύας, ἀναβλέψας εἰς τὸν οὐρανὸν εὐλόγησεν αὐτοὺς καὶ κατέκλασεν, καὶ ἐδίδου τοῖς μαθηταῖς παραθεῖναι τῷ ὄχλῳ.
2a091100b5	καὶ ἔφαγον καὶ ἐχορτάσθησαν πάντες· καὶ ἤρθη τὸ περισσεῦσαν αὐτοῖς κλασμάτων κόφινοι δώδεκα.
2a09120116	Καὶ ἐγένετο ἐν τῷ εἶναι αὐτὸν προσευχόμενον κατὰ μόνας, συνῆσαν αὐτῷ οἱ μαθηταί· καὶ ἐπηρώτησεν αὐτοὺς λέγων, Τίνα με οἱ ὄχλοι λέγουσιν εἶναι;
2a091300d6	Οἱ δὲ ἀποκριθέντες εἶπαν, Ἰωάνην τὸν βαπτιστήν· ἄλλοι δὲ Ἡλίαν· ἄλλοι δὲ ὅτι Προφήτης τις τῶν ἀρχαίων ἀνέστη.
2a091400be	Εἶπεν δὲ αὐτοῖς, Ὑμεῖς δὲ τίνα με λέγετε εἶναι; Πέτρος δὲ ἀποκριθεὶς εἶπεν, Τὸν χριστὸν τοῦ θεοῦ.
2a0915006d	ὁ δὲ ἐπιτιμήσας αὐτοῖς παρήγγειλεν μηδενὶ λέγειν τοῦτο,
2a09160150	εἰπὼν ὅτι Δεῖ τὸν υἱὸν τοῦ ἀνθρώπου πολλὰ παθεῖν, καὶ ἀποδοκιμασθῆναι ἀπὸ τῶν πρεσβυτέρων καὶ ἀρχιερέων καὶ γραμματέων, καὶ ἀποκτανθῆναι, καὶ τῇ τρίτῃ ἡμέρᾳ ἐγερθῆναι.
2a09170105	Ἔλεγεν δὲ πρὸς πάντας, Εἴ τις θέλει ὀπίσω μου ἔρχεσθαι ἀρνησάσθω ἑαυτὸν καὶ ἀράτω τὸν σταυρὸν αὐτοῦ καθ᾽ ἡμέραν, καὶ ἀκολουθείτω μοι.
2a091800ed	ὃς γὰρ ἂν θέλῃ τὴν ψυχὴν αὐτοῦ σῶσαι, ἀπολέσει αὐτήν· ὃς δ᾽ ἂν ἀπολέσῃ τὴν ψυχὴν αὐτοῦ ἕνεκεν ἐμοῦ, οὗτος σώσει αὐτήν.
2a091900a3	τί γὰρ ὠφελεῖται ἄνθρωπος κερδήσας τὸν κόσμον ὅλον, ἑαυτὸν δὲ ἀπολέσας ἢ ζημιωθείς;
2a091a0137	ὃς γὰρ ἂν ἐπαισχυνθῇ με καὶ τοὺς ἐμοὺς λόγους, τοῦτον ὁ υἱὸς τοῦ ἀνθρώπου ἐπαισχυνθήσεται, ὅταν ἔλθῃ ἐν τῇ δόξῃ αὐτοῦ καὶ τοῦ πατρὸς καὶ τῶν ἁγίων ἀγγέλων.
2a091b00e3	λέγω δὲ ὑμῖν ἀληθῶς εἰσίν τινες τῶν αὐτοῦ ἑστώτων, οἳ οὐ μὴ γεύσωνται θανάτου ἕως ἂν ἴδωσιν τὴν βασιλείαν τοῦ θεοῦ.
2a091c00fe	Ἐγένετο δὲ μετὰ τοὺς λόγους τούτους ὡσεὶ ἡμέραι ὀκτώ, καὶ παραλαβὼν Πέτρον καὶ Ἰωάνην καὶ Ἰάκωβον ἀνέβη εἰς τὸ ὄρος προσεύξασθαι.
2a091d00e5	καὶ ἐγένετο ἐν τῷ προσεύχεσθαι αὐτὸν τὸ εἶδος τοῦ προσώπου αὐτοῦ ἕτερον, καὶ ὁ ἱματισμὸς αὐτοῦ λευκὸς ἐξαστράπτων.
2a091e0086	καὶ ἰδοὺ ἄνδρες δύο συνελάλουν αὐτῷ, οἵτινες ἦσαν Μωυσῆς καὶ Ἡλίας·
2a091f009b	οἳ ὀφθέντες ἐν δόξῃ ἔλεγον τὴν ἔξοδον αὐτοῦ ἣν ἤμελλεν πληροῦν ἐν Ἱερουσαλήμ.
2a0920010c	ὁ δὲ Πέτρος καὶ οἱ σὺν αὐτῷ ἦσαν βεβαρημένοι ὕπνῳ· διαγρηγορήσαντες δὲ εἶδον τὴν δόξαν αὐτοῦ, καὶ τοὺς δύο ἄνδρας τοὺς συνεστῶτας αὐτῷ.
2a09210195	καὶ ἐγένετο ἐν τῷ διαχωρίζεσθαι αὐτοὺς ἀπ᾽ αὐτοῦ, εἶπεν ὁ Πέτρος πρὸς τὸν Ἰησοῦν, Ἐπιστάτα, καλόν ἐστιν ἡμᾶς ὧδε εἶναι· καὶ ποιήσωμεν σκηνὰς τρεῖς, μίαν σοὶ καὶ μίαν Μωυσεῖ καὶ μίαν Ἡλίᾳ· μὴ εἰδὼς ὃ λέγει.
2a092200e6	ταῦτα δὲ αὐτοῦ λέγοντος ἐγένετο νεφέλη καὶ ἐπεσκίαζεν αὐτούς· ἐφοβήθησαν δὲ ἐν τῷ εἰσελθεῖν αὐτοὺς εἰς τὴν νεφέλην.
2a092300b8	καὶ φωνὴ ἐγένετο ἐκ τῆς νεφέλης λέγουσα, Οὗτός ἐστιν ὁ υἱός μου ὁ ἐκλελεγμένος, αὐτοῦ ἀκούετε.
2a0924010b	Καὶ ἐν τῷ γενέσθαι τὴν φωνὴν εὑρέθη Ἰησοῦς μόνος. καὶ αὐτοὶ ἐσίγησαν καὶ οὐδενὶ ἀπήγγειλαν ἐν ἐκείναις ταῖς ἡμέραις οὐδὲν ὧν ἑώρακαν.
2a092500b5	Ἐγένετο δὲ [ἐν] τῇ ἑξῆς ἡμέρᾳ κατελθόντων αὐτῶν ἀπὸ τοῦ ὄρους, συνήντησεν αὐτῷ ὄχλος πολύς.
2a092600e6	καὶ ἰδοὺ ἀνὴρ ἀπὸ τοῦ ὄχλου ἐβόησεν λέγων, Διδάσκαλε, δέομαί σου, ἐπιβλέψαι ἐπὶ τὸν υἱόν μου, ὅτι μονογενής μοί ἐστιν·
2a09270103	καὶ ἰδοὺ πνεῦμα λαμβάνει αὐτὸν καὶ ἐξαίφνης κράζει, καὶ σπαράσσει αὐτὸν μετὰ ἀφροῦ, καὶ μόγις ἀποχωρεῖ ἀπ᾽ αὐτοῦ συντρῖβον αὐτόν.
2a09280084	καὶ ἐδεήθην τῶν μαθητῶν σου ἵνα ἐκβάλωσιν αὐτό, καὶ οὐκ ἠδυνήθησαν.
2a0929010d	Ἀποκριθεὶς δὲ ὁ Ἰησοῦς εἶπεν, Ὦ γενεὰ ἄπιστος καὶ διεστραμμένη, ἕως πότε ἔσομαι πρὸς ὑμᾶς καὶ ἀνέξομαι ὑμῶν; προσάγαγε ὧδε τὸν υἱόν σου.
2a092a0163	Ἔτι δὲ προσερχομένου αὐτοῦ, ἔῤῥηξεν αὐτὸν τὸ δαιμόνιον καὶ συνεσπάραξεν· ἐπετίμησεν δὲ ὁ Ἰησοῦς τῷ πνεύματι τῷ ἀκαθάρτῳ, καὶ ἰάσατο τὸν παῖδα, καὶ ἀπέδωκεν αὐτὸν τῷ πατρὶ αὐτοῦ.
2a092b00fb	ἐξεπλήσσοντο δὲ πάντες ἐπὶ τῇ μεγαλειότητι τοῦ θεοῦ. Πάντων δὲ θαυμαζόντων ἐπὶ πᾶσιν οἷς ἐποίει, εἶπεν πρὸς τοὺς μαθητὰς αὐτοῦ,
2a092c00e0	Θέσθε ὑμεῖς εἰς τὰ ὦτα ὑμῶν τοὺς λόγους τούτους· ὁ γὰρ υἱὸς τοῦ ἀνθρώπου μέλλει παραδίδοσθαι εἰς χεῖρας ἀνθρώπων.
2a092d011a	Οἱ δὲ ἠγνόουν τὸ ῥῆμα τοῦτο, καὶ ἦν παρακεκαλυμμένον ἀπ᾽ αὐτῶν, ἵνα μὴ αἴσθωνται αὐτό· καὶ ἐφοβοῦντο ἐρωτῆσαι αὐτὸν περὶ τοῦ ῥήματος τούτου.
2a092e007c	εἰσῆλθεν δὲ διαλογισμὸς ἐν αὐτοῖς, τὸ τίς ἂν εἴη μείζων αὐτῶν.
2a092f00c4	ὁ δὲ Ἰησοῦς ἰδὼν τὸν διαλογισμὸν τῆς καρδίας αὐτῶν, ἐπιλαβόμενος παιδίον ἔστησεν αὐτὸ παρ᾽ ἑαυτῷ,
2a0930017c	καὶ εἶπεν αὐτοῖς, Ὃς ἐὰν δέξηται τοῦτο τὸ παιδίον ἐπὶ τῷ ὀνόματί μου, ἐμὲ δέχεται· καὶ ὃς ἐὰν ἐμὲ δέξηται, δέχεται τὸν ἀποστείλαντά με. ὁ γὰρ μικρότερος ἐν πᾶσιν ὑμῖν ὑπάρχων οὗτός ἐστιν μέγας.
2a09310115	Ἀποκριθεὶς δὲ Ἰωάνης εἶπεν, Ἐπιστάτα, εἴδομέν τινα ἐν τῷ ὀνόματί σου ἐκβάλλοντα δαιμόνια· καὶ ἐκωλύσαμεν αὐτόν, ὅτι οὐκ ἀκολουθεῖ μεθ᾽ ἡμῶν.
2a093200ae	εἶπεν δὲ πρὸς αὐτὸν ὁ Ἰησοῦς, Μὴ κωλύετε· ὃς γὰρ οὐκ ἔστιν καθ᾽ ὑμῶν, ὑπὲρ ὑμῶν ἐστιν.
2a0933010a	Ἐγένετο δὲ ἐν τῷ συμπληροῦσθαι τὰς ἡμέρας τῆς ἀναλήμψεως αὐτοῦ, καὶ αὐτὸς τὸ πρόσωπον [αὐτοῦ] ἐστήρισεν τοῦ πορεύεσθαι εἰς Ἱερουσαλήμ.
2a093400dc	καὶ ἀπέστειλεν ἀγγέλους πρὸ προσώπου αὐτοῦ· καὶ πορευθέντες εἰσῆλθον εἰς κώμην Σαμαρειτῶν ὥστε ἑτοιμάσαι αὐτῷ.
2a09350096	καὶ οὐκ ἐδέξαντο αὐτόν, ὅτι τὸ πρόσωπον αὐτοῦ ἦν πορευόμενον εἰς Ἱερουσαλήμ.
2a093600ff	ἰδόντες δὲ οἱ μαθηταὶ [αὐτοῦ] Ἰάκωβος καὶ Ἰωάνης εἶπαν, Κύριε, θέλεις εἴπωμεν πῦρ καταβῆναι ἀπὸ τοῦ οὐρανοῦ, καὶ ἀναλῶσαι αὐτούς;
2a0937003d	Στραφεὶς δὲ ἐπετίμησεν αὐτοῖς.
2a09380041	καὶ ἐπορεύθησαν εἰς ἑτέραν κώμην.
2a093900aa	Καὶ πορευομένων αὐτῶν ἐν τῇ ὁδῷ εἶπέν τις πρὸς αὐτόν, Ἀκολουθήσω σοι ὅπου ἐὰν ἀπέρχῃ.
2a093a012c	Καὶ εἶπεν αὐτῷ ὁ Ἰησοῦς, Αἱ ἀλώπεκες φωλεοὺς ἔχουσιν καὶ τὰ πετεινὰ τοῦ οὐρανοῦ κατασκηνώσεις· ὁ δὲ υἱὸς τοῦ ἀνθρώπου οὐκ ἔχει ποῦ τὴν κεφαλὴν κλίνῃ.
2a093b00ce	Εἶπεν δὲ πρὸς ἕτερον, Ἀκολούθει μοι. Ὁ δὲ εἶπεν, Κύριε, ἐπίτρεψόν μοι πρῶτον ἀπελθόντι θάψαι τὸν πατέρα μου.
2a093c00d4	Εἶπεν δὲ αὐτῷ, Ἄφες τοὺς νεκροὺς θάψαι τοὺς ἑαυτῶν νεκρούς· σὺ δὲ ἀπελθὼν διάγγελλε τὴν βασιλείαν τοῦ θεοῦ.
2a093d00c8	Εἶπεν δὲ καὶ ἕτερος, Ἀκολουθήσω σοι, κύριε· πρῶτον δὲ ἐπίτρεψόν μοι ἀποτάξασθαι τοῖς εἰς τὸν οἶκόν μου.
2a093e0111	Εἶπεν δὲ ὁ Ἰησοῦς πρὸς αὐτόν, Οὐδεὶς ἐπιβαλὼν τὴν χεῖρα [αὐτοῦ] ἐπ᾽ ἄροτρον, καὶ βλέπων εἰς τὰ ὀπίσω, εὔθετός ἐστιν τῇ βασιλείᾳ τοῦ θεοῦ.
2a0a01013e	Μετὰ δὲ ταῦτα ἀνέδειξεν ὁ κύριος [καὶ] ἑτέρους ἑβδομήκοντα, καὶ ἀπέστειλεν αὐτοὺς ἀνὰ δύο πρὸ προσώπου αὐτοῦ εἰς πᾶσαν πόλιν καὶ τόπον οὗ ἤμελλεν αὐτὸς ἔρχεσθαι.
2a0a020122	ἔλεγεν δὲ πρὸς αὐτούς, Ὁ μὲν θερισμὸς πολύς, οἱ δὲ ἐργάται ὀλίγοι· δεήθητε οὖν τοῦ κυρίου τοῦ θερισμοῦ, ὅπως ἐργάτας ἐκβάλῃ εἰς τὸν θερισμὸν αὐτοῦ.
2a0a030069	ὑπάγετε· ἰδοὺ ἀποστέλλω ὑμᾶς ὡς ἄρνας ἐν μέσῳ λύκων.
2a0a0400a0	μὴ βαστάζετε βαλλάντιον μὴ πήραν μὴ ὑποδήματα, καὶ μηδένα κατὰ τὴν ὁδὸν ἀσπάσησθε.
2a0a050084	εἰς ἣν δ᾽ ἂν εἰσέλθητε οἰκίαν, πρῶτον λέγετε, Εἰρήνη τῷ οἴκῳ τούτῳ.
2a0a0600cc	καὶ ἐὰν ᾖ ἐκεῖ υἱὸς εἰρήνης, ἐπαναπαύσεται ἐπ᾽ αὐτὸν ἡ εἰρήνη ὑμῶν· εἰ δὲ μή γε, ἐφ᾽ ὑμᾶς ἀνακάμψει.
2a0a070115	ἐν αὐτῇ δὲ τῇ οἰκίᾳ μένετε, ἔσθοντες καὶ πίνοντες τὰ παρ᾽ αὐτῶν· ἄξιος γὰρ ὁ ἐργάτης τοῦ μισθοῦ αὐτοῦ. Μὴ μεταβαίνετε ἐξ οἰκίας εἰς οἰκίαν.
2a0a08009d	καὶ εἰς ἣν ἂν πόλιν εἰσέρχησθε, καὶ δέχωνται ὑμᾶς, ἐσθίετε τὰ παρατιθέμενα ὑμῖν,
2a0a0900bc	καὶ θεραπεύετε τοὺς ἐν αὐτῇ ἀσθενεῖς, καὶ λέγετε αὐτοῖς, Ἤγγικεν ἐφ᾽ ὑμᾶς ἡ βασιλεία τοῦ θεοῦ.
2a0a0a00b7	εἰς ἣν δ᾽ ἂν πόλιν εἰσέλθητε, καὶ μὴ δέχωνται ὑμᾶς, ἐξελθόντες εἰς τὰς πλατείας αὐτῆς εἴπατε,
2a0a0b011f	Καὶ τὸν κονιορτὸν τὸν κολληθέντα ἡμῖν ἐκ τῆς πόλεως ὑμῶν εἰς τοὺς πόδας ἀπομασσόμεθα ὑμῖν· πλὴν τοῦτο γινώσκετε, ὅτι ἤγγικεν ἡ βασιλεία τοῦ θεοῦ.
2a0a0c009d	λέγω ὑμῖν ὅτι Σοδόμοις ἐν τῇ ἡμέρᾳ ἐκείνῃ ἀνεκτότερον ἔσται ἢ τῇ πόλει ἐκείνῃ.
2a0a0d0132	Οὐαί σοι Χοραζείν, οὐαί σοι Βηθσαϊδά· ὅτι εἰ ἐν Τύρῳ καὶ Σιδῶνι ἐγενήθησαν αἱ δυνάμεις αἱ γενόμεναι ἐν ὑμῖν, πάλαι ἂν ἐν σάκκῳ καὶ σποδῷ καθήμενοι μετενόησαν.
2a0a0e0076	πλὴν Τύρῳ καὶ Σιδῶνι ἀνεκτότερον ἔσται ἐν τῇ κρίσει ἢ ὑμῖν.
2a0a0f008b	καὶ σὺ Καφαρναοὺμ μὴ ἕως οὐρανοῦ ὑψωθήσῃ; ἕως τοῦ ᾅδου καταβιβασθήσῃ.
2a0a1000cf	ὁ ἀκούων ὑμῶν ἐμοῦ ἀκούει, καὶ ὁ ἀθετῶν ὑμᾶς ἐμὲ ἀθετεῖ· ὁ δὲ ἐμὲ ἀθετῶν ἀθετεῖ τὸν ἀποστείλαντά με.
2a0a1100d3	Ὑπέστρεψαν δὲ οἱ ἑβδομήκοντα μετὰ χαρᾶς λέγοντες, Κύριε, καὶ τὰ δαιμόνια ὑποτάσσεται ἡμῖν ἐν τῷ ὀνόματί σου.
2a0a120093	εἶπεν δὲ αὐτοῖς, Ἐθεώρουν τὸν Σατανᾶν ὡς ἀστραπὴν ἐκ τοῦ οὐρανοῦ πεσόντα.
2a0a13010f	ἰδοὺ δέδωκα ὑμῖν τὴν ἐξουσίαν τοῦ πατεῖν ἐπάνω ὄφεων καὶ σκορπίων, καὶ ἐπὶ πᾶσαν τὴν δύναμιν τοῦ ἐχθροῦ, καὶ οὐδὲν ὑμᾶς οὐ μὴ ἀδικήσει.
2a0a1400ee	πλὴν ἐν τούτῳ μὴ χαίρετε ὅτι τὰ πνεύματα ὑμῖν ὑποτάσσεται· χαίρετε δὲ ὅτι τὰ ὀνόματα ὑμῶν ἐγγέγραπται ἐν τοῖς οὐρανοῖς.
2a0a1501da	Ἐν αὐτῇ τῇ ὥρᾳ ἠγαλλιάσατο τῷ πνεύματι τῷ ἁγίῳ, καὶ εἶπεν, Ἐξομολογοῦμαί σοι, πάτερ κύριε τοῦ οὐρανοῦ καὶ τῆς γῆς, ὅτι ἀπέκρυψας ταῦτα ἀπὸ σοφῶν καὶ συνετῶν, καὶ ἀπεκάλυψας αὐτὰ νηπίοις· ναὶ ὁ πατήρ, ὅτι οὕτως εὐδοκία ἐγένετο ἔμπροσθέν σου.
2a0a16013d	Πάντα μοι παρεδόθη ὑπὸ τοῦ πατρός μου, καὶ οὐδεὶς γινώσκει τίς ἐστιν ὁ υἱὸς εἰ μὴ ὁ πατήρ, καὶ τίς ἐστιν ὁ πατὴρ εἰ μὴ ὁ υἱὸς καὶ ᾧ ἂν βούληται ὁ υἱὸς ἀποκαλύψαι.
2a0a1700b8	Καὶ στραφεὶς πρὸς τοὺς μαθητὰς κατ᾽ ἰδίαν εἶπεν, Μακάριοι οἱ ὀφθαλμοὶ οἱ βλέποντες ἃ βλέπετε·
2a0a180107	λέγω γὰρ ὑμῖν ὅτι πολλοὶ προφῆται καὶ βασιλεῖς ἠθέλησαν ἰδεῖν ἃ ὑμεῖς βλέπετε καὶ οὐκ εἶδαν, καὶ ἀκοῦσαι ἃ ἀκούετε καὶ οὐκ ἤκουσαν.
2a0a1900c9	Καὶ ἰδοὺ νομικός τις ἀνέστη ἐκπειράζων αὐτὸν [καὶ] λέγων, Διδάσκαλε, τί ποιήσας ζωὴν αἰώνιον κληρονομήσω;
2a0a1a007e	ὁ δὲ εἶπεν πρὸς αὐτόν, Ἐν τῷ νόμῳ τί γέγραπται; πῶς ἀναγινώσκεις;
2a0a1b016a	ὁ δὲ ἀποκριθεὶς εἶπεν, Ἀγαπήσεις κύριον τὸν θεόν σου, ἐξ ὅλης [τῆς] καρδίας σου, καὶ ἐν ὅλῃ τῇ ψυχῇ σου, καὶ ἐν ὅλῃ τῇ ἰσχύϊ σου, καὶ ἐν ὅλῃ τῇ διανοίᾳ σου· καὶ τὸν πλησίον σου ὡς σεαυτόν.
2a0a1c006b	Εἶπεν δὲ αὐτῷ, Ὀρθῶς ἀπεκρίθης· τοῦτο ποίει, καὶ ζήσῃ.
2a0a1d0097	ὁ δὲ θέλων δικαιῶσαι ἑαυτὸν εἶπεν πρὸς τὸν Ἰησοῦν, Καὶ τίς ἐστίν μου πλησίον;
2a0a1e0155	ὑπολαβὼν ὁ Ἰησοῦς εἶπεν, Ἄνθρωπός τις κατέβαινεν ἀπὸ Ἱερουσαλὴμ εἰς Ἱεριχώ, καὶ λῃσταῖς περιέπεσεν, οἳ καὶ ἐκδύσαντες αὐτὸν καὶ πληγὰς ἐπιθέντες ἀπῆλθον, ἀφέντες ἡμιθανῆ.
2a0a1f00ad	κατὰ συγκυρίαν δὲ ἱερεύς τις κατέβαινεν ἐν τῇ ὁδῷ ἐκείνῃ, καὶ ἰδὼν αὐτὸν ἀντιπαρῆλθεν.
2a0a200085	ὁμοίως δὲ καὶ Λευείτης κατὰ τὸν τόπον ἐλθὼν καὶ ἰδὼν ἀντιπαρῆλθεν.
2a0a21008e	Σαμαρείτης δέ τις ὁδεύων ἦλθεν κατ᾽ αὐτόν, καὶ ἰδὼν [αὐτὸν] ἐσπλαγχνίσθη,
2a0a22013d	καὶ προσελθὼν κατέδησεν τὰ τραύματα αὐτοῦ, ἐπιχέων ἔλαιον καὶ οἶνον· ἐπιβιβάσας δὲ αὐτὸν ἐπὶ τὸ ἴδιον κτῆνος ἤγαγεν αὐτὸν εἰς πανδοχεῖον, καὶ ἐπεμελήθη αὐτοῦ.
2a0a23012f	καὶ ἐπὶ τὴν αὔριον ἐκβαλὼν δύο δηνάρια ἔδωκεν τῷ πανδοχεῖ, καὶ εἶπεν, Ἐπιμελήθητι αὐτοῦ, καὶ ὅ τι ἂν προσδαπανήσῃς, ἐγὼ ἐν τῷ ἐπανέρχεσθαί με ἀποδώσω σοι.
2a0a2400a5	τίς [οὖν] τούτων τῶν τριῶν πλησίον δοκεῖ σοι γεγονέναι τοῦ ἐμπεσόντος εἰς τοὺς λῃστάς;
2a0a2500bc	Ὁ δὲ εἶπεν, Ὁ ποιήσας τὸ ἔλεος μετ᾽ αὐτοῦ. εἶπεν δὲ αὐτῷ ὁ Ἰησοῦς, Πορεύου, καὶ σὺ ποίει ὁμοίως.
2a0a2600fb	Ἐν δὲ τῷ πορεύεσθαι αὐτούς, [καὶ] αὐτὸς εἰσῆλθεν εἰς κώμην τινά· γυνὴ δέ τις ὀνόματι Μάρθα ὑπεδέξατο αὐτὸν εἰς τὸν οἶκον [αὐτῆς].
2a0a2700d3	καὶ τῇδε ἦν ἀδελφὴ καλουμένη Μαρία, ἣ καὶ παρακαθεσθεῖσα πρὸς τοὺς πόδας τοῦ κυρίου ἤκουεν τὸν λόγον αὐτοῦ·
2a0a280147	ἡ δὲ Μάρθα περιεσπᾶτο περὶ πολλὴν διακονίαν· ἐπιστᾶσα δὲ εἶπεν, Κύριε, οὐ μέλει σοι ὅτι ἡ ἀδελφή μου μόνην με κατέλειπεν διακονεῖν; εἰπὲ οὖν αὐτῇ ἵνα μοι συναντιλάβηται.
2a0a2900a2	ἀποκριθεὶς δὲ εἶπεν αὐτῇ ὁ Ἰησοῦς, Μάρθα, Μάρθα, μεριμνᾷς καὶ θορυβάζῃ περὶ πολλά·
2a0a2a00b8	ἑνὸς δέ ἐστιν χρεία. Μαρία δὲ τὴν ἀγαθὴν μερίδα ἐξελέξατο, ἥτις οὐκ ἀφαιρεθήσεται [ἀπ᾽] αὐτῆς.
2a0b010176	Καὶ ἐγένετο ἐν τῷ εἶναι αὐτὸν ἐν τόπῳ τινὶ προσευχόμενον, ὡς ἐπαύσατο, εἶπέν τις τῶν μαθητῶν αὐτοῦ πρὸς αὐτόν, Κύριε, δίδαξον ἡμᾶς προσεύχεσθαι, καθὼς καὶ Ἰωάνης ἐδίδαξεν τοὺς μαθητὰς αὐτοῦ.
2a0b0200b8	εἶπεν δὲ αὐτοῖς, Ὅταν προσεύχησθε, λέγετε, Πάτερ, ἁγιασθήτω τὸ ὄνομά σου· ἐλθάτω ἡ βασιλεία σου·
2a0b030070	τὸν ἄρτον ἡμῶν τὸν ἐπιούσιον δίδου ἡμῖν τὸ καθ᾽ ἡμέραν·
2a0b0400e8	καὶ ἄφες ἡμῖν τὰς ἁμαρτίας ἡμῶν, καὶ γὰρ αὐτοὶ ἀφίομεν παντὶ ὀφείλοντι ἡμῖν· καὶ μὴ εἰσενέγκῃς ἡμᾶς εἰς πειρασμόν.
2a0b0500fe	Καὶ εἶπεν πρὸς αὐτούς, Τίς ἐξ ὑμῶν ἕξει φίλον, καὶ πορεύσεται πρὸς αὐτὸν μεσονυκτίου καὶ εἴπῃ αὐτῷ, Φίλε, χρῆσόν μοι τρεῖς ἄρτους,
2a0b06008f	ἐπειδὴ φίλος μου παρεγένετο ἐξ ὁδοῦ πρός με, καὶ οὐκ ἔχω ὃ παραθήσω αὐτῷ·
2a0b070134	κἀκεῖνος ἔσωθεν ἀποκριθεὶς εἴπῃ, Μή μοι κόπους πάρεχε· ἤδη ἡ θύρα κέκλεισται, καὶ τὰ παιδία μου μετ᾽ ἐμοῦ εἰς τὴν κοίτην εἰσίν· οὐ δύναμαι ἀναστὰς δοῦναί σοι.
2a0b0800f9	λέγω ὑμῖν, εἰ καὶ οὐ δώσει αὐτῷ ἀναστὰς διὰ τὸ εἶναι φίλον αὐτοῦ, διά γε τὴν ἀναίδειαν αὐτοῦ ἐγερθεὶς δώσει αὐτῷ ὅσων χρῄζει.
2a0b0900c2	κἀγὼ ὑμῖν λέγω, Αἰτεῖτε, καὶ δοθήσεται ὑμῖν· ζητεῖτε, καὶ εὑρήσετε· κρούετε, καὶ ἀνοιγήσεται ὑμῖν.
2a0b0a0095	πᾶς γὰρ ὁ αἰτῶν λαμβάνει, καὶ ὁ ζητῶν εὑρίσκει, καὶ τῷ κρούοντι ἀνοιγήσεται.
2a0b0b00ef	τίνα δὲ ἐξ ὑμῶν τὸν πατέρα αἰτήσει ὁ υἱὸς ἄρτον, μὴ λίθον ἐπιδώσει αὐτῷ; ἢ καὶ ἰχθύν, μὴ ἀντὶ ἰχθύος ὄφιν αὐτῷ ἐπιδώσει;
2a0b0c0059	ἢ καὶ αἰτήσει ὠόν, μὴ ἐπιδώσει αὐτῷ σκορπίον;
2a0b0d012e	εἰ οὖν ὑμεῖς πονηροὶ ὑπάρχοντες οἴδατε δόματα ἀγαθὰ διδόναι τοῖς τέκνοις ὑμῶν, πόσῳ μᾶλλον ὁ πατὴρ ὁ ἐξ οὐρανοῦ δώσει πνεῦμα ἅγιον τοῖς αἰτοῦσιν αὐτόν.
2a0b0e00f4	Καὶ ἦν ἐκβάλλων δαιμόνιον [καὶ αὐτὸ ἦν] κωφόν· ἐγένετο δὲ τοῦ δαιμονίου ἐξελθόντος, ἐλάλησεν ὁ κωφός· καὶ ἐθαύμασαν οἱ ὄχλοι.
2a0b0f00a8	τινὲς δὲ ἐξ αὐτῶν εἶπαν, Ἐν Βεελζεβοὺλ τῷ ἄρχοντι τῶν δαιμονίων ἐκβάλλει τὰ δαιμόνια.
2a0b100079	ἕτεροι δὲ πειράζοντες σημεῖον ἐξ οὐρανοῦ ἐζήτουν παρ᾽ αὐτοῦ.
2a0b1100ff	αὐτὸς δὲ εἰδὼς αὐτῶν τὰ διανοήματα εἶπεν αὐτοῖς, Πᾶσα βασιλεία ἐφ᾽ ἑαυτὴν διαμερισθεῖσα ἐρημοῦται, καὶ οἶκος ἐπὶ οἶκον πίπτει.
2a0b1200f7	εἰ δὲ καὶ ὁ σατανᾶς ἐφ᾽ ἑαυτὸν διεμερίσθη, πῶς σταθήσεται ἡ βασιλεία αὐτοῦ; ὅτι λέγετε ἐν Βεελζεβοὺλ ἐκβάλλειν με τὰ δαιμόνια.
2a0b1300e7	εἰ δὲ ἐγὼ ἐν Βεελζεβοὺλ ἐκβάλλω τὰ δαιμόνια, οἱ υἱοὶ ὑμῶν ἐν τίνι ἐκβάλλουσιν; διὰ τοῦτο αὐτοὶ κριταὶ ὑμῶν ἔσονται.
2a0b1400b2	εἰ δὲ ἐν δακτύλῳ θεοῦ [ἐγὼ] ἐκβάλλω τὰ δαιμόνια, ἄρα ἔφθασεν ἐφ᾽ ὑμᾶς ἡ βασιλεία τοῦ θεοῦ.
2a0b1500b8	ὅταν ὁ ἰσχυρὸς καθωπλισμένος φυλάσσῃ τὴν ἑαυτοῦ αὐλὴν ἐν εἰρήνῃ ἐστὶν τὰ ὑπάρχοντα αὐτοῦ·
2a0b1600f4	ἐπὰν δὲ ἰσχυρότερος αὐτοῦ ἐπελθὼν νικήσῃ αὐτόν, τὴν πανοπλίαν αὐτοῦ αἴρει ἐφ᾽ ᾗ ἐπεποίθει, καὶ τὰ σκῦλα αὐτοῦ διαδίδωσιν.
2a0b170090	ὁ μὴ ὢν μετ᾽ ἐμοῦ κατ᾽ ἐμοῦ ἐστίν, καὶ ὁ μὴ συνάγων μετ᾽ ἐμοῦ σκορπίζει.
2a0b18013e	ὅταν τὸ ἀκάθαρτον πνεῦμα ἐξέλθῃ ἀπὸ τοῦ ἀνθρώπου, διέρχεται δι᾽ ἀνύδρων τόπων ζητοῦν ἀνάπαυσιν· καὶ μὴ εὑρίσκον λέγει, Ὑποστρέψω εἰς τὸν οἶκόν μου ὅθεν ἐξῆλθον·
2a0b19005f	καὶ ἐλθὸν εὑρίσκει σεσαρωμένον καὶ κεκοσμημένον.
2a0b1a013f	τότε πορεύεται καὶ παραλαμβάνει ἕτερα πνεύματα πονηρότερα ἑαυτοῦ ἑπτά, καὶ εἰσελθόντα κατοικεῖ ἐκεῖ· καὶ γίνεται τὰ ἔσχατα τοῦ ἀνθρώπου ἐκείνου χείρονα τῶν πρώτων.
2a0b1b0115	Ἐγένετο δὲ ἐν τῷ λέγειν αὐτὸν ταῦτα, ἐπάρασά τις γυνὴ φωνὴν ἐκ τοῦ ὄχλου εἶπεν αὐτῷ, Μακαρία ἡ κοιλία ἡ βαστάσασά σε, καὶ μαστοὶ οὓς ἐθήλασας.
2a0b1c009d	αὐτὸς δὲ εἶπεν, Μενοῦν μακάριοι οἱ ἀκούοντες τὸν λόγον τοῦ θεοῦ καὶ φυλάσσοντες.
2a0b1d011c	Τῶν δὲ ὄχλων ἐπαθροιζομένων ἤρξατο λέγειν, Ἡ γενεὰ αὕτη γενεὰ πονηρά ἐστιν· σημεῖον ζητεῖ, καὶ σημεῖον οὐ δοθήσεται αὐτῇ, εἰ μὴ τὸ σημεῖον Ἰωνᾶ.
2a0b1e00c8	καθὼς γὰρ ἐγένετο Ἰωνᾶς τοῖς Νινευΐταις σημεῖον, οὕτως ἔσται καὶ ὁ υἱὸς τοῦ ἀνθρώπου τῇ γενεᾷ ταύτῃ.
2a0b1f017b	βασίλισσα νότου ἐγερθήσεται ἐν τῇ κρίσει μετὰ τῶν ἀνδρῶν τῆς γενεᾶς ταύτης, καὶ κατακρινεῖ αὐτούς· ὅτι ἦλθεν ἐκ τῶν περάτων τῆς γῆς ἀκοῦσαι τὴν σοφίαν Σολομῶνος, καὶ ἰδοὺ πλεῖον Σολομῶνος ὧδε.
2a0b20012f	ἄνδρες Νινευῖται ἀναστήσονται ἐν τῇ κρίσει μετὰ τῆς γενεᾶς ταύτης, καὶ κατακρινοῦσιν αὐτήν· ὅτι μετενόησαν εἰς τὸ κήρυγμα Ἰωνᾶ, καὶ ἰδοὺ πλεῖον Ἰωνᾶ ὧδε.
2a0b2100ee	Οὐδεὶς λύχνον ἅψας εἰς κρυπτὴν τίθησιν οὐδὲ ὑπὸ τὸν μόδιον, ἀλλ᾽ ἐπὶ τὴν λυχνίαν, ἵνα οἱ εἰσπορευόμενοι τὸ φῶς βλέπωσιν.
2a0b22012e	ὁ λύχνος τοῦ σώματός ἐστιν ὁ ὀφθαλμός σου· ὅταν ὁ ὀφθαλμός σου ἁπλοῦς ᾖ, καὶ ὅλον τὸ σῶμά σου φωτεινόν ἐστιν· ἐπὰν δὲ πονηρὸς ᾖ, καὶ τὸ σῶμά σου σκοτεινόν.
2a0b230056	σκόπει οὖν μὴ τὸ φῶς τὸ ἐν σοὶ σκότος ἐστίν.
2a0b2400e8	εἰ οὖν τὸ σῶμά σου ὅλον φωτεινόν, μὴ ἔχον μέρος τι σκοτεινόν, ἔσται φωτεινὸν ὅλον ὡς ὅταν ὁ λύχνος τῇ ἀστραπῇ φωτίζῃ σε.
2a0b2500af	Ἐν δὲ τῷ λαλῆσαι, ἐρώτα αὐτὸν Φαρισαῖος ὅπως ἀριστήσῃ παρ᾽ αὐτῷ· εἰσελθὼν δὲ ἀνέπεσεν.
2a0b26008d	ὁ δὲ Φαρισαῖος ἰδὼν ἐθαύμασεν ὅτι οὐ πρῶτον ἐβαπτίσθη πρὸ τοῦ ἀρίστου.
2a0b270124	εἶπεν δὲ ὁ κύριος πρὸς αὐτόν, Nῦν ὑμεῖς οἱ Φαρισαῖοι τὸ ἔξωθεν τοῦ ποτηρίου καὶ τοῦ πίνακος καθαρίζετε, τὸ δὲ ἔσωθεν ὑμῶν γέμει ἁρπαγῆς καὶ πονηρίας.
2a0b28006e	ἄφρονες, οὐχ ὁ ποιήσας τὸ ἔξωθεν καὶ τὸ ἔσωθεν ἐποίησεν;
2a0b290083	πλὴν τὰ ἐνόντα δότε ἐλεημοσύνην, καὶ ἰδοὺ πάντα καθαρὰ ὑμῖν ἐστιν.
2a0b2a0173	ἀλλ᾽ οὐαὶ ὑμῖν τοῖς Φαρισαίοις, ὅτι ἀποδεκατοῦτε τὸ ἡδύοσμον καὶ τὸ πήγανον καὶ πᾶν λάχανον, καὶ παρέρχεσθε τὴν κρίσιν καὶ τὴν ἀγάπην τοῦ θεοῦ· ταῦτα δὲ ἔδει ποιῆσαι, κἀκεῖνα μὴ παρεῖναι.
2a0b2b00e3	Οὐαὶ ὑμῖν τοῖς Φαρισαίοις, ὅτι ἀγαπᾶτε τὴν πρωτοκαθεδρίαν ἐν ταῖς συναγωγαῖς, καὶ τοὺς ἀσπασμοὺς ἐν ταῖς ἀγοραῖς.
2a0b2c00be	oὐαὶ ὑμῖν, ὅτι ἐστὲ ὡς τὰ μνημεῖα τὰ ἄδηλα, καὶ οἱ ἄνθρωποι οἱ περιπατοῦντες ἐπάνω οὐκ οἴδασιν.
2a0b2d00a2	ἀποκριθεὶς δέ τις τῶν νομικῶν λέγει αὐτῷ, Διδάσκαλε, ταῦτα λέγων καὶ ἡμᾶς ὑβρίζεις.
2a0b2e0127	ὁ δὲ εἶπεν, Καὶ ὑμῖν τοῖς νομικοῖς οὐαί, ὅτι φορτίζετε τοὺς ἀνθρώπους φορτία δυσβάστακτα, καὶ αὐτοὶ ἑνὶ τῶν δακτύλων ὑμῶν οὐ προσψαύετε τοῖς φορτίοις.
2a0b2f00b3	Οὐαὶ ὑμῖν, ὅτι οἰκοδομεῖτε τὰ μνημεῖα τῶν προφητῶν, οἱ δὲ πατέρες ὑμῶν ἀπέκτειναν αὐτούς.
2a0b3000ee	ἄρα μάρτυρές ἐστε καὶ συνευδοκεῖτε τοῖς ἔργοις τῶν πατέρων ὑμῶν, ὅτι αὐτοὶ μὲν ἀπέκτειναν αὐτούς, ὑμεῖς δὲ οἰκοδομεῖτε.
2a0b3100fd	διὰ τοῦτο καὶ ἡ σοφία τοῦ θεοῦ εἶπεν, Ἀποστελῶ εἰς αὐτοὺς προφήτας καὶ ἀποστόλους, καὶ ἐξ αὐτῶν ἀποκτενοῦσιν καὶ [ἐκ]διώξουσιν·
2a0b3200c6	ἵνα ἐκζητηθῇ τὸ αἷμα πάντων τῶν προφητῶν τὸ ἐκκεχυμένον ἀπὸ καταβολῆς κόσμου ἀπὸ τῆς γενεᾶς ταύτης,
2a0b33011c	ἀπὸ αἵματος Ἄβελ ἕως αἵματος Ζαχαρίου τοῦ ἀπολομένου μεταξὺ τοῦ θυσιαστηρίου καὶ τοῦ οἴκου· ναὶ λέγω ὑμῖν, ἐκζητηθήσεται ἀπὸ τῆς γενεᾶς ταύτης.
2a0b3400e2	Οὐαὶ ὑμῖν τοῖς νομικοῖς, ὅτι ἤρατε τὴν κλεῖδα τῆς γνώσεως· αὐτοὶ οὐκ εἰσήλθατε, καὶ τοὺς εἰσερχομένους ἐκωλύσατε.
2a0b3500f1	Κἀκεῖθεν ἐξελθόντος αὐτοῦ, ἤρξαντο οἱ γραμματεῖς καὶ οἱ Φαρισαῖοι δεινῶς ἐνέχειν καὶ ἀποστοματίζειν αὐτὸν περὶ πλειόνων,
2a0b3600b3	ἐνεδρεύοντες αὐτὸν [ζητοῦντες] θηρεῦσαί τι ἐκ τοῦ στόματος αὐτοῦ, [ἵνα κατηγορήσωσιν αὐτοῦ.]
2a0c010170	Ἐν οἷς ἐπισυναχθεισῶν τῶν μυριάδων τοῦ ὄχλου, ὥστε καταπατεῖν ἀλλήλους, ἤρξατο λέγειν πρὸς τοὺς μαθητὰς αὐτοῦ πρῶτον, Προσέχετε ἑαυτοῖς ἀπὸ τῆς ζύμης τῶν Φαρισαίων, ἥτις ἐστὶν ὑπόκρισις.
2a0c0200a5	οὐδὲν δὲ συγκεκαλυμμένον ἐστὶν ὃ οὐκ ἀποκαλυφθήσεται, καὶ κρυπτὸν ὃ οὐ γνωσθήσεται.
2a0c030104	ἀνθ᾽ ὧν ὅσα ἐν τῇ σκοτίᾳ εἴπατε ἐν τῷ φωτὶ ἀκουσθήσεται, καὶ ὃ πρὸς τὸ οὖς ἐλαλήσατε ἐν τοῖς ταμείοις κηρυχθήσεται ἐπὶ τῶν δωμάτων.
2a0c0400f0	λέγω δὲ ὑμῖν τοῖς φίλοις μου, μὴ φοβηθῆτε ἀπὸ τῶν ἀποκτεννόντων τὸ σῶμα καὶ μετὰ ταῦτα μὴ ἐχόντων περισσότερόν τι ποιῆσαι.
2a0c050110	ὑποδείξω δὲ ὑμῖν τίνα φοβηθῆτε· φοβήθητε τὸν μετὰ τὸ ἀποκτεῖναι ἔχοντα ἐξουσίαν ἐμβαλεῖν εἰς τὴν γέενναν· ναὶ λέγω ὑμῖν, τοῦτον φοβήθητε.
2a0c0600c9	οὐχὶ πέντε στρουθία πωλοῦνται ἀσσαρίων δύο; καὶ ἓν ἐξ αὐτῶν οὐκ ἔστιν ἐπιλελησμένον ἐνώπιον τοῦ θεοῦ·
2a0c0700ba	ἀλλὰ καὶ αἱ τρίχες τῆς κεφαλῆς ὑμῶν πᾶσαι ἠρίθμηνται. μὴ φοβεῖσθε· πολλῶν στρουθίων διαφέρετε.
2a0c08011b	λέγω δὲ ὑμῖν, πᾶς ὃς ἂν ὁμολογήσῃ ἐν ἐμοὶ ἔμπροσθεν τῶν ἀνθρώπων, καὶ ὁ υἱὸς τοῦ ἀνθρώπου ὁμολογήσει ἐν αὐτῷ ἔμπροσθεν τῶν ἀγγέλων τοῦ θεοῦ·
2a0c0900a7	ὁ δὲ ἀρνησάμενός με ἐνώπιον τῶν ἀνθρώπων ἀπαρνηθήσεται ἐνώπιον τῶν ἀγγέλων τοῦ θεοῦ.
2a0c0a00f2	καὶ πᾶς ὃς ἐρεῖ λόγον εἰς τὸν υἱὸν τοῦ ἀνθρώπου, ἀφεθήσεται αὐτῷ· τῷ δὲ εἰς τὸ ἅγιον πνεῦμα βλασφημήσαντι οὐκ ἀφεθήσεται.
2a0c0b00f8	ὅταν δὲ εἰσφέρωσιν ὑμᾶς ἐπὶ τὰς συναγωγὰς καὶ τὰς ἀρχὰς καὶ τὰς ἐξουσίας, μὴ μεριμνήσητε πῶς [ἢ τί] ἀπολογήσησθε ἢ τί εἴπητε·
2a0c0c007d	τὸ γὰρ ἅγιον πνεῦμα διδάξει ὑμᾶς ἐν αὐτῇ τῇ ὥρᾳ ἃ δεῖ εἰπεῖν.
2a0c0d00c2	Εἶπεν δέ τις αὐτῷ ἐκ τοῦ ὄχλου, Διδάσκαλε, εἰπὲ τῷ ἀδελφῷ μου μερίσασθαι μετ᾽ ἐμοῦ τὴν κληρονομίαν.
2a0c0e008c	ὁ δὲ εἶπεν αὐτῷ, Ἄνθρωπε, τίς με κατέστησεν κριτὴν ἢ μεριστὴν ἐφ᾽ ὑμᾶς;
2a0c0f0110	Εἶπεν δὲ πρὸς αὐτούς, Ὁρᾶτε καὶ φυλάσσεσθε ἀπὸ πάσης πλεονεξίας, ὅτι οὐκ ἐν τῷ περισσεύειν τινὶ ἡ ζωὴ αὐτοῦ ἐστιν ἐκ τῶν ὑπαρχόντων αὐτῷ.
2a0c10009c	Εἶπεν δὲ παραβολὴν πρὸς αὐτοὺς λέγων, Ἀνθρώπου τινὸς πλουσίου εὐφόρησεν ἡ χώρα·
2a0c11009e	καὶ διελογίζετο ἐν ἑαυτῷ λέγων, Τί ποιήσω, ὅτι οὐκ ἔχω ποῦ συνάξω τοὺς καρπούς μου;
2a0c1200ef	καὶ εἶπεν, Τοῦτο ποιήσω· καθελῶ μου τὰς ἀποθήκας καὶ μείζονας οἰκοδομήσω, καὶ συνάξω ἐκεῖ πάντα τὸν σῖτον καὶ τὰ ἀγαθά μου,
2a0c1300bd	καὶ ἐρῶ τῇ ψυχῇ μου, Ψυχή, ἔχεις πολλὰ ἀγαθὰ κείμενα εἰς ἔτη πολλά· ἀναπαύου, φάγε, πίε, εὐφραίνου.
2a0c1400ca	εἶπεν δὲ αὐτῷ ὁ θεός, Ἄφρων, ταύτῃ τῇ νυκτὶ τὴν ψυχήν σου αἰτοῦσιν ἀπὸ σοῦ· ἃ δὲ ἡτοίμασας, τίνι ἔσται;
2a0c150063	οὕτως ὁ θησαυρίζων ἑαυτῷ, καὶ μὴ εἰς θεὸν πλουτῶν.
2a0c1600e0	Εἶπεν δὲ πρὸς τοὺς μαθητὰς αὐτοῦ, Διὰ τοῦτο λέγω ὑμῖν, μὴ μεριμνᾶτε τῇ ψυχῇ τί φάγητε, μηδὲ τῷ σώματι τί ἐνδύσησθε.
2a0c17007b	ἡ γὰρ ψυχὴ πλεῖόν ἐστιν τῆς τροφῆς, καὶ τὸ σῶμα τοῦ ἐνδύματος.
2a0c180142	κατανοήσατε τοὺς κόρακας, ὅτι οὐ σπείρουσιν οὐδὲ θερίζουσιν, οἷς οὐκ ἔστιν ταμεῖον οὐδὲ ἀποθήκη, καὶ ὁ θεὸς τρέφει αὐτούς· πόσῳ μᾶλλον ὑμεῖς διαφέρετε τῶν πετεινῶν;
2a0c190099	τίς δὲ ἐξ ὑμῶν μεριμνῶν δύναται προσθεῖναι ἐπὶ τὴν ἡλικίαν αὐτοῦ πῆχυν [ἕνα];
2a0c1a0076	εἰ οὖν οὐδὲ ἐλάχιστον δύνασθε, τί περὶ τῶν λοιπῶν μεριμνᾶτε;
2a0c1b0100	κατανοήσατε τὰ κρίνα, πῶς αὐξάνει· οὐ κοπιᾷ οὐδὲ νήθει· λέγω δὲ ὑμῖν, οὐδὲ Σολομὼν ἐν πάσῃ τῇ δόξῃ αὐτοῦ περιεβάλετο ὡς ἓν τούτων.
2a0c1c00f8	εἰ δὲ τὸν χόρτον σήμερον ἐν ἀγρῷ ὄντα καὶ αὔριον εἰς κλίβανον βαλλόμενον ὁ θεὸς οὕτως ἀμφιέζει, πόσῳ μᾶλλον ὑμᾶς, ὀλιγόπιστοι;
2a0c1d007d	καὶ ὑμεῖς μὴ ζητεῖτε τί φάγητε καὶ τί πίητε, καὶ μὴ μετεωρίζεσθε.
2a0c1e00b1	ταῦτα γὰρ πάντα τὰ ἔθνη τοῦ κόσμου ἐπιζητοῦσιν· ὑμῶν δὲ ὁ πατὴρ οἶδεν ὅτι χρῄζετε τούτων.
2a0c1f007c	πλὴν ζητεῖτε τὴν βασιλείαν αὐτοῦ καὶ ταῦτα προστεθήσεται ὑμῖν.
2a0c2000a4	Μὴ φοβοῦ, τὸ μικρὸν ποίμνιον, ὅτι εὐδόκησεν ὁ πατὴρ ὑμῶν δοῦναι ὑμῖν τὴν βασιλείαν.
2a0c21015c	πωλήσατε τὰ ὑπάρχοντα ὑμῶν καὶ δότε ἐλεημοσύνην· ποιήσατε ἑαυτοῖς βαλλάντια μὴ παλαιούμενα, θησαυρὸν ἀνέκλειπτον ἐν τοῖς οὐρανοῖς, ὅπου κλέπτης οὐκ ἐγγίζει οὐδὲ σὴς διαφθείρει·
2a0c22007a	ὅπου γάρ ἐστιν ὁ θησαυρὸς ὑμῶν, ἐκεῖ καὶ ἡ καρδία ὑμῶν ἔσται.
2a0c230078	Ἔστωσαν ὑμῶν αἱ ὀσφύες περιεζωσμέναι καὶ οἱ λύχνοι καιόμενοι,
2a0c240111	καὶ ὑμεῖς ὅμοιοι ἀνθρώποις προσδεχομένοις τὸν κύριον ἑαυτῶν, πότε ἀναλύσῃ ἐκ τῶν γάμων, ἵνα ἐλθόντος καὶ κρούσαντος εὐθέως ἀνοίξωσιν αὐτῷ.
2a0c250130	μακάριοι οἱ δοῦλοι ἐκεῖνοι οὓς ἐλθὼν ὁ κύριος εὑρήσει γρηγοροῦντας· ἀμὴν λέγω ὑμῖν ὅτι περιζώσεται καὶ ἀνακλινεῖ αὐτούς, καὶ παρελθὼν διακονήσει αὐτοῖς.
2a0c2600c1	κἂν ἐν τῇ δευτέρᾳ κἂν ἐν τῇ τρίτῃ φυλακῇ ἔλθῃ καὶ εὕρῃ οὕτως, μακάριοί εἰσιν [οἱ δοῦλοι] ἐκεῖνοι.
2a0c270106	τοῦτο δὲ γινώσκετε ὅτι εἰ ᾔδει ὁ οἰκοδεσπότης ποίᾳ ὥρᾳ ὁ κλέπτης ἔρχεται, ἐγρηγόρησεν ἂν καὶ οὐκ ἀφῆκεν διορυγῆναι τὸν οἶκον αὐτοῦ.
2a0c280099	καὶ ὑμεῖς γίνεσθε ἕτοιμοι, ὅτι ᾗ ὥρᾳ οὐ δοκεῖτε ὁ υἱὸς τοῦ ἀνθρώπου ἔρχεται.
2a0c29009f	Εἶπεν δὲ ὁ Πέτρος, Κύριε, πρὸς ἡμᾶς τὴν παραβολὴν ταύτην λέγεις, ἢ καὶ πρὸς πάντας;
2a0c2a011c	Καὶ εἶπεν ὁ κύριος, Τίς ἄρα ἐστὶν ὁ πιστὸς οἰκονόμος ὁ φρόνιμος ὃν καταστήσει ὁ κύριος ἐπὶ τῆς θεραπείας αὐτοῦ [τοῦ] διδόναι ἐν καιρῷ σιτομέτριον;
2a0c2b0093	μακάριος ὁ δοῦλος ἐκεῖνος ὃν ἐλθὼν ὁ κύριος αὐτοῦ εὑρήσει ποιοῦντα οὕτως.
2a0c2c008e	ἀληθῶς λέγω ὑμῖν ὅτι ἐπὶ πᾶσιν τοῖς ὑπάρχουσιν αὐτοῦ καταστήσει αὐτόν.
2a0c2d014d	ἐὰν δὲ εἴπῃ ὁ δοῦλος ἐκεῖνος ἐν τῇ καρδίᾳ αὐτοῦ, Χρονίζει ὁ κύριός μου ἔρχεσθαι, καὶ ἄρξηται τύπτειν τοὺς παῖδας καὶ τὰς παιδίσκας, ἐσθίειν τε καὶ πίνειν καὶ μεθύσκεσθαι,
2a0c2e0121	ἥξει ὁ κύριος τοῦ δούλου ἐκείνου ἐν ἡμέρᾳ ᾗ οὐ προσδοκᾷ καὶ ἐν ὥρᾳ ᾗ οὐ γινώσκει, καὶ διχοτομήσει αὐτόν, καὶ τὸ μέρος αὐτοῦ μετὰ τῶν ἀπίστων θήσει.
2a0c2f00f5	ἐκεῖνος δὲ ὁ δοῦλος ὁ γνοὺς τὸ θέλημα τοῦ κυρίου αὐτοῦ καὶ μὴ ἑτοιμάσας μηδὲ ποιήσας πρὸς τὸ θέλημα αὐτοῦ, δαρήσεται πολλάς·
2a0c300136	ὁ δὲ μὴ γνούς, ποιήσας δὲ ἄξια πληγῶν, δαρήσεται ὀλίγας. παντὶ δὲ ᾧ ἐδόθη πολύ, πολὺ ζητηθήσεται παρ᾽ αὐτοῦ· καὶ ᾧ παρέθεντο πολύ, περισσότερον αἰτήσουσιν αὐτόν.
2a0c31006e	Πῦρ ἦλθον βαλεῖν ἐπὶ τὴν γῆν, καὶ τί θέλω εἰ ἤδη ἀνήφθη;
2a0c32007d	βάπτισμα δὲ ἔχω βαπτισθῆναι, καὶ πῶς συνέχομαι ἕως ὅτου τελεσθῇ.
2a0c3300a6	δοκεῖτε ὅτι εἰρήνην παρεγενόμην δοῦναι ἐν τῇ γῇ; οὐχὶ λέγω ὑμῖν, ἀλλ᾽ ἢ διαμερισμόν.
2a0c3400bc	ἔσονται γὰρ ἀπὸ τοῦ νῦν πέντε ἐν ἑνὶ οἴκῳ διαμεμερισμένοι, τρεῖς ἐπὶ δυσὶν καὶ δύο ἐπὶ τρισὶν
2a0c350135	διαμερισθήσονται, πατὴρ ἐπὶ υἱῷ, καὶ υἱὸς ἐπὶ πατρί, μήτηρ ἐπὶ θυγατέρα καὶ θυγάτηρ ἐπὶ τὴν μητέρα, πενθερὰ ἐπὶ τὴν νύμφην αὐτῆς, καὶ νύμφη ἐπὶ τὴν πενθεράν.
2a0c3600f1	Ἔλεγεν δὲ καὶ τοῖς ὄχλοις, Ὅταν ἴδητε νεφέλην ἀνατέλλουσαν ἀπὸ δυσμῶν, εὐθέως λέγετε ὅτι Ὄμβρος ἔρχεται, καὶ γίνεται οὕτως.
2a0c370073	καὶ ὅταν νότον πνέοντα, λέγετε ὅτι Καύσων ἔσται, καὶ γίνεται.
2a0c3800de	ὑποκριταί, τὸ πρόσωπον τῆς γῆς καὶ τοῦ οὐρανοῦ οἴδατε δοκιμάζειν, τὸν δὲ καιρὸν τοῦτον πῶς οὐκ οἴδατε δοκιμάζειν;
2a0c390055	τί δὲ καὶ ἀφ᾽ ἑαυτῶν οὐ κρίνετε τὸ δίκαιον;
2a0c3a0192	ὡς γὰρ ὑπάγεις μετὰ τοῦ ἀντιδίκου σου ἐπ᾽ ἄρχοντα, ἐν τῇ ὁδῷ δὸς ἐργασίαν ἀπηλλάχθαι ἀπ᾽ αὐτοῦ, μή ποτε κατασύρῃ σε πρὸς τὸν κριτήν, καὶ ὁ κριτής σε παραδώσει τῷ πράκτορι, καὶ ὁ πράκτωρ σε βαλεῖ εἰς φυλακήν.
2a0c3b0082	λέγω σοι, οὐ μὴ ἐξέλθῃς ἐκεῖθεν ἕως καὶ τὸ ἔσχατον λεπτὸν ἀποδῷς.
2a0d0100f0	Παρῆσαν δέ τινες ἐν αὐτῷ τῷ καιρῷ ἀπαγγέλλοντες αὐτῷ περὶ τῶν Γαλιλαίων ὧν τὸ αἷμα Πιλᾶτος ἔμιξεν μετὰ τῶν θυσιῶν αὐτῶν.
2a0d0200ff	καὶ ἀποκριθεὶς εἶπεν αὐτοῖς, Δοκεῖτε ὅτι οἱ Γαλιλαῖοι οὗτοι ἁμαρτωλοὶ παρὰ πάντας τοὺς Γαλιλαίους ἐγένοντο ὅτι ταῦτα πεπόνθασιν;
2a0d03007f	οὐχὶ λέγω ὑμῖν, ἀλλ᾽ ἐὰν μὴ μετανοῆτε, πάντες ὁμοίως ἀπολεῖσθε.
2a0d04016a	ἢ ἐκεῖνοι οἱ δέκα [καὶ] ὀκτὼ ἐφ᾽ οὓς ἔπεσεν ὁ πύργος ἐν τῷ Σιλωὰμ καὶ ἀπέκτεινεν αὐτούς, δοκεῖτε ὅτι αὐτοὶ ὀφειλέται ἐγένοντο παρὰ πάντας τοὺς ἀνθρώπους τοὺς κατοικοῦντας Ἱερουσαλήμ;
2a0d050084	οὐχὶ λέγω ὑμῖν, ἀλλ᾽ ἐὰν μὴ μετανοήσητε, πάντες ὡσαύτως ἀπολεῖσθε.
2a0d0600fd	Ἔλεγεν δὲ ταύτην τὴν παραβολήν, Συκῆν εἶχέν τις πεφυτευμένην ἐν τῷ ἀμπελῶνι αὐτοῦ, καὶ ἦλθεν ζητῶν καρπὸν ἐν αὐτῇ καὶ οὐχ εὗρεν.
2a0d07012b	εἶπεν δὲ πρὸς τὸν ἀμπελουργόν, Ἰδοὺ τρία ἔτη ἀφ᾽ οὗ ἔρχομαι ζητῶν καρπὸν ἐν τῇ συκῇ ταύτῃ καὶ οὐχ εὑρίσκω· ἔκκοψον αὐτήν· ἵνα τί καὶ τὴν γῆν καταργεῖ;
2a0d0800d3	ὁ δὲ ἀποκριθεὶς λέγει αὐτῷ, Κύριε, ἄφες αὐτὴν καὶ τοῦτο τὸ ἔτος, ἕως ὅτου σκάψω περὶ αὐτὴν καὶ βάλω κόπρια·
2a0d09007c	κἂν μὲν ποιήσῃ καρπὸν εἰς τὸ μέλλον, εἰ δὲ μή γε ἐκκόψεις αὐτήν.
2a0d0a0069	Ἦν δὲ διδάσκων ἐν μιᾷ τῶν συναγωγῶν ἐν τοῖς σάββασιν·
2a0d0b00e8	καὶ ἰδοὺ γυνὴ πνεῦμα ἔχουσα ἀσθενείας ἔτη δέκα [καὶ] ὀκτώ, καὶ ἦν συγκύπτουσα καὶ μὴ δυναμένη ἀνακύψαι εἰς τὸ παντελές.
2a0d0c00af	ἰδὼν δὲ αὐτὴν ὁ Ἰησοῦς προσεφώνησεν καὶ εἶπεν αὐτῇ, Γύναι, ἀπολέλυσαι τῆς ἀσθενείας σου.
2a0d0d0097	καὶ ἐπέθηκεν αὐτῇ τὰς χεῖρας· καὶ παραχρῆμα ἀνωρθώθη, καὶ ἐδόξαζεν τὸν θεόν.
2a0d0e018f	ἀποκριθεὶς δὲ ὁ ἀρχισυνάγωγος, ἀγανακτῶν ὅτι τῷ σαββάτῳ ἐθεράπευσεν ὁ Ἰησοῦς, ἔλεγεν τῷ ὄχλῳ, Ἓξ ἡμέραι εἰσὶν ἐν αἷς δεῖ ἐργάζεσθαι· ἐν αὐταῖς οὖν ἐρχόμενοι θεραπεύεσθε, καὶ μὴ τῇ ἡμέρᾳ τοῦ σαββάτου.
2a0d0f011d	ἀπεκρίθη δὲ αὐτῷ ὁ κύριος, καὶ εἶπεν, Ὑποκριταί, ἕκαστος ὑμῶν τῷ σαββάτῳ οὐ λύει τὸν βοῦν αὐτοῦ ἢ τὸν ὄνον ἀπὸ τῆς φάτνης, καὶ ἀπαγαγὼν ποτίζει;
2a0d100112	ταύτην δὲ θυγατέρα Ἀβραὰμ οὖσαν, ἣν ἔδησεν ὁ σατανᾶς ἰδοὺ δέκα καὶ ὀκτὼ ἔτη, οὐκ ἔδει λυθῆναι ἀπὸ τοῦ δεσμοῦ τούτου τῇ ἡμέρᾳ τοῦ σαββάτου;
2a0d11011d	καὶ ταῦτα λέγοντος αὐτοῦ, κατῃσχύνοντο πάντες οἱ ἀντικείμενοι αὐτῷ· καὶ πᾶς ὁ ὄχλος ἔχαιρεν ἐπὶ πᾶσιν τοῖς ἐνδόξοις τοῖς γινομένοις ὑπ᾽ αὐτοῦ.
2a0d12008e	Ἔλεγεν οὖν, Τίνι ὁμοία ἐστὶν ἡ βασιλεία τοῦ θεοῦ, καὶ τίνι ὁμοιώσω αὐτήν;
2a0d13015c	ὁμοία ἐστὶν κόκκῳ σινάπεως, ὃν λαβὼν ἄνθρωπος ἔβαλεν εἰς κῆπον ἑαυτοῦ, καὶ ηὔξησεν καὶ ἐγένετο εἰς δένδρον [μέγα], καὶ τὰ πετεινὰ τοῦ οὐρανοῦ κατεσκήνωσεν ἐν τοῖς κλάδοις αὐτοῦ.
2a0d140066	Καὶ πάλιν εἶπεν, Τίνι ὁμοιώσω τὴν βασιλείαν τοῦ θεοῦ;
2a0d1500a7	ὁμοία ἐστὶν ζύμῃ, ἣν λαβοῦσα γυνὴ ἔκρυψεν εἰς ἀλεύρου σάτα τρία, ἕως οὗ ἐζυμώθη ὅλον.
2a0d1600a5	Καὶ διεπορεύετο κατὰ πόλεις καὶ κώμας διδάσκων, καὶ πορείαν ποιούμενος εἰς Ἱερουσαλήμ.
2a0d17008c	εἶπεν δέ τις αὐτῷ, Κύριε, εἰ ὀλίγοι οἱ σωζόμενοι; ὁ δὲ εἶπεν πρὸς αὐτούς,
2a0d1800d2	Ἀγωνίζεσθε εἰσελθεῖν διὰ τῆς στενῆς θύρας· ὅτι πολλοί, λέγω ὑμῖν, ζητήσουσιν εἰσελθεῖν, καὶ οὐκ ἰσχύσουσιν,
2a0d190171	ἀφ᾽ οὗ ἂν ἐγερθῇ ὁ οἰκοδεσπότης καὶ ἀποκλείσῃ τὴν θύραν, καὶ ἄρξησθε ἔξω ἑστάναι καὶ κρούειν τὴν θύραν λέγοντες, Κύριε, ἄνοιξον ἡμῖν· καὶ ἀποκριθεὶς ἐρεῖ ὑμῖν, Οὐκ οἶδα ὑμᾶς, πόθεν ἐστέ.
2a0d1a00b1	τότε ἄρξεσθε λέγειν, Ἐφάγομεν ἐνώπιόν σου καὶ ἐπίομεν, καὶ ἐν ταῖς πλατείαις ἡμῶν ἐδίδαξας.
2a0d1b00a5	καὶ ἐρεῖ, Λέγω ὑμῖν, οὐκ οἶδα πόθεν ἐστέ· ἀπόστητε ἀπ᾽ ἐμοῦ πάντες ἐργάται ἀδικίας.
2a0d1c014a	ἐκεῖ ἔσται ὁ κλαυθμὸς καὶ ὁ βρυγμὸς τῶν ὀδόντων, ὅταν ὄψεσθε Ἀβραὰμ καὶ Ἰσαὰκ καὶ Ἰακὼβ καὶ πάντας τοὺς προφήτας ἐν τῇ βασιλείᾳ τοῦ θεοῦ, ὑμᾶς δὲ ἐκβαλλομένους ἔξω·
2a0d1d00d5	καὶ ἥξουσιν ἀπὸ ἀνατολῶν καὶ δυσμῶν, καὶ [ἀπὸ] βοῤῥᾶ καὶ νότου καὶ ἀνακλιθήσονται ἐν τῇ βασιλείᾳ τοῦ θεοῦ.
2a0d1e009e	καὶ ἰδοὺ εἰσὶν ἔσχατοι οἳ ἔσονται πρῶτοι, καὶ εἰσὶν πρῶτοι οἳ ἔσονται ἔσχατοι.
2a0d1f00ea	Ἐν αὐτῇ τῇ ἡμέρᾳ προσῆλθάν τινες Φαρισαῖοι λέγοντες αὐτῷ, Ἔξελθε καὶ πορεύου ἐντεῦθεν, ὅτι Ἡρώδης θέλει σε ἀποκτεῖναι.
2a0d200115	καὶ εἶπεν αὐτοῖς, Πορευθέντες εἴπατε τῇ ἀλώπεκι ταύτῃ, Ἰδοὺ ἐκβάλλω δαιμόνια καὶ ἰάσεις ἀποτελῶ σήμερον καὶ αὔριον, καὶ τῇ τρίτῃ τελειοῦμαι.
2a0d2100d8	πλὴν δεῖ με σήμερον καὶ αὔριον καὶ τῇ ἐχομένῃ πορεύεσθαι, ὅτι οὐκ ἐνδέχεται προφήτην ἀπολέσθαι ἔξω Ἱερουσαλήμ.
2a0d22019f	Ἱερουσαλὴμ Ἱερουσαλήμ, ἡ ἀποκτείνουσα τοὺς προφήτας καὶ λιθοβολοῦσα τοὺς ἀπεσταλμένους πρὸς αὐτήν, ποσάκις ἠθέλησα ἐπισυνάξαι τὰ τέκνα σου, ὃν τρόπον ὄρνις τὴν ἑαυτῆς νοσσιὰν ὑπὸ τὰς πτέρυγας, καὶ οὐκ ἠθελήσατε;
2a0d2300f9	ἰδοὺ ἀφίεται ὑμῖν ὁ οἶκος ὑμῶν· λέγω δὲ ὑμῖν, Οὐ μὴ ἴδητέ με ἕως [ἥξει ὅτε] εἴπητε, Εὐλογημένος ὁ ἐρχόμενος ἐν ὀνόματι κυρίου.
2a0e010107	Καὶ ἐγένετο ἐν τῷ ἐλθεῖν αὐτὸν εἰς οἶκόν τινος τῶν ἀρχόντων τῶν Φαρισαίων σαββάτῳ φαγεῖν ἄρτον, καὶ αὐτοὶ ἦσαν παρατηρούμενοι αὐτόν.
2a0e020069	καὶ ἰδοὺ ἄνθρωπός τις ἦν ὑδρωπικὸς ἔμπροσθεν αὐτοῦ·
2a0e0300d3	καὶ ἀποκριθεὶς ὁ Ἰησοῦς εἶπεν πρὸς τοὺς νομικοὺς καὶ Φαρισαίους λέγων, Ἔξεστιν τῷ σαββάτῳ θεραπεῦσαι ἢ οὔ;
2a0e040076	οἱ δὲ ἡσύχασαν. καὶ ἐπιλαβόμενος ἰάσατο αὐτὸν καὶ ἀπέλυσεν,
2a0e0500ee	καὶ πρὸς αὐτοὺς εἶπεν, Τίνος ὑμῶν υἱὸς ἢ βοῦς εἰς φρέαρ πεσεῖται, καὶ οὐκ εὐθέως ἀνασπάσει αὐτὸν τῇ ἡμέρᾳ τοῦ σαββάτου;
2a0e060055	καὶ οὐκ ἴσχυσαν ἀνταποκριθῆναι πρὸς ταῦτα.
2a0e0700c4	Ἔλεγεν δὲ πρὸς τοὺς κεκλημένους παραβολήν, ἐπέχων πῶς τὰς πρωτοκλισίας ἐξελέγοντο, λέγων πρὸς αὐτούς,
2a0e0800e3	Ὅταν κληθῇς ὑπό τινος εἰς γάμους, μὴ κατακλιθῇς εἰς τὴν πρωτοκλισίαν, μή ποτε ἐντιμότερός σου ᾖ κεκλημένος ὑπ᾽ αὐτοῦ,
2a0e0900e3	καὶ ἐλθὼν ὁ σὲ καὶ αὐτὸν καλέσας ἐρεῖ σοι, Δὸς τούτῳ τόπον· καὶ τότε ἄρξῃ μετὰ αἰσχύνης τὸν ἔσχατον τόπον κατέχειν.
2a0e0a0162	ἀλλ᾽ ὅταν κληθῇς, πορευθεὶς ἀνάπεσε εἰς τὸν ἔσχατον τόπον, ἵνα ὅταν ἔλθῃ ὁ κεκληκώς σε, ἐρεῖ σοι, Φίλε, προσανάβηθι ἀνώτερον· τότε ἔσται σοι δόξα ἐνώπιον πάντων τῶν συνανακειμένων σοί.
2a0e0b008f	ὅτι πᾶς ὁ ὑψῶν ἑαυτὸν ταπεινωθήσεται, καὶ ὁ ταπεινῶν ἑαυτὸν ὑψωθήσεται.
2a0e0c01b2	Ἔλεγεν δὲ καὶ τῷ κεκληκότι αὐτόν, Ὅταν ποιῇς ἄριστον ἢ δεῖπνον, μὴ φώνει τοὺς φίλους σου, μηδὲ τοὺς ἀδελφούς σου, μηδὲ τοὺς συγγενεῖς σου, μηδὲ γείτονας πλουσίους, μή ποτε καὶ αὐτοὶ ἀντικαλέσωσίν σε καὶ γένηται ἀνταπόδομά σοι.
2a0e0d007b	ἀλλ᾽ ὅταν ποιῇς δοχήν, κάλει πτωχοὺς ἀναπείρους χωλοὺς τυφλούς,
2a0e0e00cc	καὶ μακάριος ἔσῃ, ὅτι οὐκ ἔχουσιν ἀνταποδοῦναί σοι· ἀνταποδοθήσεται γάρ σοι ἐν τῇ ἀναστάσει τῶν δικαίων.
2a0e0f00cd	Ἀκούσας δέ τις τῶν συνανακειμένων ταῦτα εἶπεν αὐτῷ, Μακάριος ὅστις φάγεται ἄρτον ἐν τῇ βασιλείᾳ τοῦ θεοῦ.
2a0e10008c	ὁ δὲ εἶπεν αὐτῷ, Ἄνθρωπός τις ἐποίει δεῖπνον μέγα καὶ ἐκάλεσεν πολλούς·
2a0e1100e0	καὶ ἀπέστειλεν τὸν δοῦλον αὐτοῦ τῇ ὥρᾳ τοῦ δείπνου εἰπεῖν τοῖς κεκλημένοις, Ἔρχεσθε, ὅτι ἤδη ἕτοιμά ἐστιν [πάντα].
2a0e12011f	καὶ ἤρξαντο ἀπὸ μιᾶς πάντες παραιτεῖσθαι. ὁ πρῶτος εἶπεν αὐτῷ, Ἀγρὸν ἠγόρασα, καὶ ἔχω ἀνάγκην ἐξελθὼν ἰδεῖν αὐτόν· ἐρωτῶ σε, ἔχε με παρῃτημένον.
2a0e1300c6	καὶ ἕτερος εἶπεν, Ζεύγη βοῶν ἠγόρασα πέντε, καὶ πορεύομαι δοκιμάσαι αὐτά· ἐρωτῶ σε, ἔχε με παρῃτημένον.
2a0e140080	καὶ ἕτερος εἶπεν, Γυναῖκα ἔγημα, καὶ διὰ τοῦτο οὐ δύναμαι ἐλθεῖν.
2a0e1501cd	καὶ παραγενόμενος ὁ δοῦλος ἀπήγγειλεν τῷ κυρίῳ αὐτοῦ ταῦτα. τότε ὀργισθεὶς ὁ οἰκοδεσπότης εἶπεν τῷ δούλῳ αὐτοῦ, Ἔξελθε ταχέως εἰς τὰς πλατείας καὶ ῥύμας τῆς πόλεως, καὶ τοὺς πτωχοὺς καὶ ἀναπείρους καὶ τυφλοὺς καὶ χωλοὺς εἰσάγαγε ὧδε.
2a0e160080	καὶ εἶπεν ὁ δοῦλος, Κύριε, γέγονεν ὃ ἐπέταξας, καὶ ἔτι τόπος ἐστίν.
2a0e1700ec	καὶ εἶπεν ὁ κύριος πρὸς τὸν δοῦλον, Ἔξελθε εἰς τὰς ὁδοὺς καὶ φραγμούς, καὶ ἀνάγκασον εἰσελθεῖν, ἵνα γεμισθῇ μου ὁ οἶκος.
2a0e1800a6	λέγω γὰρ ὑμῖν ὅτι οὐδεὶς τῶν ἀνδρῶν ἐκείνων τῶν κεκλημένων γεύσεταί μου τοῦ δείπνου.
2a0e190085	Συνεπορεύοντο δὲ αὐτῷ ὄχλοι πολλοί· καὶ στραφεὶς εἶπεν πρὸς αὐτούς,
2a0e1a0173	Εἴ τις ἔρχεται πρός με, καὶ οὐ μισεῖ τὸν πατέρα αὐτοῦ καὶ τὴν μητέρα καὶ τὴν γυναῖκα καὶ τὰ τέκνα καὶ τοὺς ἀδελφοὺς καὶ τὰς ἀδελφάς, ἔτι τε καὶ τὴν ἑαυτοῦ ψυχήν, οὐ δύναται εἶναί μου μαθητής.
2a0e1b00b3	καὶ ὅστις οὐ βαστάζει τὸν σταυρὸν αὐτοῦ καὶ ἔρχεται ὀπίσω μου, οὐ δύναται εἶναί μου μαθητής.
2a0e1c00ce	τίς γὰρ ἐξ ὑμῶν θέλων πύργον οἰκοδομῆσαι οὐχὶ πρῶτον καθίσας ψηφίζει τὴν δαπάνην, εἰ ἔχει εἰς ἀπαρτισμόν;
2a0e1d00d2	ἵνα μή ποτε θέντος αὐτοῦ θεμέλιον καὶ μὴ ἰσχύοντος ἐκτελέσαι, πάντες οἱ θεωροῦντες ἄρξωνται αὐτῷ ἐμπαίζειν,
2a0e1e0094	λέγοντες ὅτι Οὗτος ὁ ἄνθρωπος ἤρξατο οἰκοδομεῖν καὶ οὐκ ἴσχυσεν ἐκτελέσαι.
2a0e1f0166	ἢ τίς βασιλεὺς πορευόμενος ἑτέρῳ βασιλεῖ συμβαλεῖν εἰς πόλεμον οὐχὶ καθίσας πρῶτον βουλεύεται εἰ δυνατός ἐστιν ἐν δέκα χιλιάσιν ὑπαντῆσαι τῷ μετὰ εἴκοσι χιλιάδων ἐρχομένῳ ἐπ᾽ αὐτόν;
2a0e20009b	εἰ δὲ μή γε, ἔτι αὐτοῦ πόῤῥω ὄντος πρεσβείαν ἀποστείλας ἐρωτᾷ τὰ πρὸς εἰρήνην.
2a0e2100c6	οὕτως οὖν πᾶς ἐξ ὑμῶν ὃς οὐκ ἀποτάσσεται πᾶσιν τοῖς ἑαυτοῦ ὑπάρχουσιν, οὐ δύναται εἶναί μου μαθητής.
2a0e220087	καλὸν [οὖν] τὸ ἅλας· ἐὰν δὲ καὶ τὸ ἅλας μωρανθῇ, ἐν τίνι ἀρτυθήσεται;
2a0e2300b5	οὔτε εἰς γῆν οὔτε εἰς κοπρίαν εὔθετόν ἐστιν· ἔξω βάλλουσιν αὐτό. ὁ ἔχων ὦτα ἀκούειν ἀκουέτω.
2a0f010094	Ἦσαν δὲ αὐτῷ ἐγγίζοντες πάντες οἱ τελῶναι καὶ οἱ ἁμαρτωλοί, ἀκούειν αὐτοῦ.
2a0f0200e0	καὶ διεγόγγυζον οἵ τε Φαρισαῖοι καὶ οἱ γραμματεῖς, λέγοντες ὅτι Οὗτος ἁμαρτωλοὺς προσδέχεται καὶ συνεσθίει αὐτοῖς.
2a0f03005f	Εἶπεν δὲ πρὸς αὐτοὺς τὴν παραβολὴν ταύτην λέγων,
2a0f04013c	Τίς ἄνθρωπος ἐξ ὑμῶν ἔχων ἑκατὸν πρόβατα, καὶ ἀπολέσῃ ἐξ αὐτῶν ἕν, οὐ καταλείπει τὰ ἐνενήκοντα ἐννέα ἐν τῇ ἐρήμῳ καὶ πορεύεται ἐπὶ τὸ ἀπολωλός, ἕως εὕρῃ αὐτό;
2a0f050064	καὶ εὑρὼν ἐπιτίθησιν ἐπὶ τοὺς ὤμους αὐτοῦ χαίρων,
2a0f0600fe	καὶ ἐλθὼν εἰς τὸν οἶκον συγκαλεῖ τοὺς φίλους καὶ τοὺς γείτονας, λέγων αὐτοῖς, Συγχάρητέ μοι, ὅτι εὗρον τὸ πρόβατόν μου τὸ ἀπολωλός.
2a0f07011c	λέγω ὑμῖν ὅτι οὕτως χαρὰ ἔσται ἐν τῷ οὐρανῷ ἐπὶ ἑνὶ ἁμαρτωλῷ μετανοοῦντι ἢ ἐπὶ ἐνενήκοντα ἐννέα δικαίοις οἵτινες οὐ χρείαν ἔχουσιν μετανοίας.
2a0f080100	ἢ τίς γυνὴ δραχμὰς ἔχουσα δέκα, ἐὰν ἀπολέσῃ δραχμὴν μίαν, οὐχὶ ἅπτει λύχνον καὶ σαροῖ τὴν οἰκίαν καὶ ζητεῖ ἐπιμελῶς, ἕως οὗ εὕρῃ;
2a0f0900ca	καὶ εὑροῦσα συγκαλεῖται τὰς φίλας καὶ γείτονας λέγουσα, Συγχάρητέ μοι, ὅτι εὗρον τὴν δραχμὴν ἣν ἀπώλεσα.
2a0f0a00b1	οὕτως λέγω ὑμῖν, γίνεται χαρὰ ἐνώπιον τῶν ἀγγέλων τοῦ θεοῦ ἐπὶ ἑνὶ ἁμαρτωλῷ μετανοοῦντι.
2a0f0b004b	Εἶπεν δέ, Ἄνθρωπός τις εἶχεν δύο υἱούς·
2a0f0c00d8	καὶ εἶπεν ὁ νεώτερος αὐτῶν τῷ πατρί, Πάτερ, δός μοι τὸ ἐπιβάλλον μέρος τῆς οὐσίας. ὁ δὲ διεῖλεν αὐτοῖς τὸν βίον.
2a0f0d010f	καὶ μετ᾽ οὐ πολλὰς ἡμέρας συναγαγὼν πάντα ὁ νεώτερος υἱὸς ἀπεδήμησεν εἰς χώραν μακράν, καὶ ἐκεῖ διεσκόρπισεν τὴν οὐσίαν αὐτοῦ ζῶν ἀσώτως.
2a0f0e00cd	δαπανήσαντος δὲ αὐτοῦ πάντα ἐγένετο λιμὸς ἰσχυρὰ κατὰ τὴν χώραν ἐκείνην· καὶ αὐτὸς ἤρξατο ὑστερεῖσθαι,
2a0f0f00e4	καὶ πορευθεὶς ἐκολλήθη ἑνὶ τῶν πολιτῶν τῆς χώρας ἐκείνης, καὶ ἔπεμψεν αὐτὸν εἰς τοὺς ἀγροὺς αὐτοῦ βόσκειν χοίρους.
2a0f1000c8	καὶ ἐπεθύμει γεμίσαι τὴν κοιλίαν αὐτοῦ ἀπὸ τῶν κερατίων ὧν ἤσθιον οἱ χοῖροι, καὶ οὐδεὶς ἐδίδου αὐτῷ.
2a0f1100ca	εἰς ἑαυτὸν δὲ ἐλθὼν εἶπεν, Πόσοι μίσθιοι τοῦ πατρός μου περισσεύονται ἄρτων, ἐγὼ δὲ ὧδε λιμῷ ἀπόλλυμαι.
2a0f1200c6	ἀναστὰς πορεύσομαι πρὸς τὸν πατέρα μου καὶ ἐρῶ αὐτῷ, Πάτερ, ἥμαρτον εἰς τὸν οὐρανὸν καὶ ἐνώπιόν σου·
2a0f13008a	οὐκέτι εἰμὶ ἄξιος κληθῆναι υἱός σου· ποίησόν με ὡς ἕνα τῶν μισθίων σου.
2a0f14016c	καὶ ἀναστὰς ἦλθεν πρὸς τὸν πατέρα αὐτοῦ. ἔτι δὲ αὐτοῦ μακρὰν ἀπέχοντος, εἶδεν αὐτὸν ὁ πατὴρ αὐτοῦ καὶ ἐσπλαγχνίσθη, καὶ δραμὼν ἐπέπεσεν ἐπὶ τὸν τράχηλον αὐτοῦ, καὶ κατεφίλησεν αὐτόν.
2a0f1500d1	εἶπεν δὲ αὐτῷ ὁ υἱός, Πάτερ, ἥμαρτον εἰς τὸν οὐρανὸν καὶ ἐνώπιόν σου, οὐκέτι εἰμὶ ἄξιος κληθῆναι υἱός σου.
2a0f160146	εἶπεν δὲ ὁ πατὴρ πρὸς τοὺς δούλους αὐτοῦ, [Ταχὺ] ἐξενέγκατε στολὴν τὴν πρώτην καὶ ἐνδύσατε αὐτόν, καὶ δότε δακτύλιον εἰς τὴν χεῖρα αὐτοῦ καὶ ὑποδήματα εἰς τοὺς πόδας·
2a0f170083	καὶ φέρετε τὸν μόσχον τὸν σιτευτόν, θύσατε καὶ φαγόντες εὐφρανθῶμεν,
2a0f1800ba	ὅτι οὗτος ὁ υἱός μου νεκρὸς ἦν καὶ ἀνέζησεν, ἦν ἀπολωλὼς καὶ εὑρέθη. καὶ ἤρξαντο εὐφραίνεσθαι.
2a0f1900d3	ἦν δὲ ὁ υἱὸς αὐτοῦ ὁ πρεσβύτερος ἐν ἀγρῷ· καὶ ὡς ἐρχόμενος ἤγγισεν τῇ οἰκίᾳ, ἤκουσεν συμφωνίας καὶ χορῶν,
2a0f1a0079	καὶ προσκαλεσάμενος ἕνα τῶν παίδων ἐπυνθάνετο τί ἂν εἴη ταῦτα.
2a0f1b00e7	ὁ δὲ εἶπεν αὐτῷ ὅτι Ὁ ἀδελφός σου ἥκει, καὶ ἔθυσεν ὁ πατήρ σου τὸν μόσχον τὸν σιτευτόν, ὅτι ὑγιαίνοντα αὐτὸν ἀπέλαβεν.
2a0f1c009d	ὠργίσθη δὲ καὶ οὐκ ἤθελεν εἰσελθεῖν. ὁ δὲ πατὴρ αὐτοῦ ἐξελθὼν παρεκάλει αὐτόν.
2a0f1d014c	ὁ δὲ ἀποκριθεὶς εἶπεν τῷ πατρὶ αὐτοῦ, Ἰδοὺ τοσαῦτα ἔτη δουλεύω σοι καὶ οὐδέποτε ἐντολήν σου παρῆλθον, καὶ ἐμοὶ οὐδέποτε ἔδωκας ἔριφον, ἵνα μετὰ τῶν φίλων μου εὐφρανθῶ·
2a0f1e00cd	ὅτε δὲ ὁ υἱός σου οὗτος, ὁ καταφαγών σου τὸν βίον μετὰ τῶν πορνῶν, ἦλθεν, ἔθυσας αὐτῷ τὸν σιτευτὸν μόσχον.
2a0f1f0095	ὁ δὲ εἶπεν αὐτῷ, Τέκνον, σὺ πάντοτε μετ᾽ ἐμοῦ εἶ, καὶ πάντα τὰ ἐμὰ σά ἐστιν·
2a0f2000cd	εὐφρανθῆναι δὲ καὶ χαρῆναι ἔδει, ὅτι ὁ ἀδελφός σου οὗτος νεκρὸς ἦν καὶ ἔζησεν, καὶ ἀπολωλὼς καὶ εὑρέθη.
2a1001010d	Ἔλεγεν δὲ καὶ πρὸς τοὺς μαθητάς, Ἄνθρωπός τις ἦν πλούσιος ὃς εἶχεν οἰκονόμον, καὶ οὗτος διεβλήθη αὐτῷ ὡς διασκορπίζων τὰ ὑπάρχοντα αὐτοῦ.
2a100200eb	καὶ φωνήσας αὐτὸν εἶπεν αὐτῷ, Τί τοῦτο ἀκούω περὶ σοῦ; ἀπόδος τὸν λόγον τῆς οἰκονομίας σου· οὐ γὰρ δύνῃ ἔτι οἰκονομεῖν.
2a1003010a	εἶπεν δὲ ἐν ἑαυτῷ ὁ οἰκονόμος, Τί ποιήσω, ὅτι ὁ κύριός μου ἀφαιρεῖται τὴν οἰκονομίαν ἀπ᾽ ἐμοῦ; σκάπτειν οὐκ ἰσχύω, ἐπαιτεῖν αἰσχύνομαι.
2a100400b0	ἔγνων τί ποιήσω, ἵνα, ὅταν μετασταθῶ ἐκ τῆς οἰκονομίας, δέξωνταί με εἰς τοὺς οἴκους ἑαυτῶν.
2a100500dc	καὶ προσκαλεσάμενος ἕνα ἕκαστον τῶν χρεοφειλετῶν τοῦ κυρίου ἑαυτοῦ ἔλεγεν τῷ πρώτῳ, Πόσον ὀφείλεις τῷ κυρίῳ μου;
2a100600d3	ὁ δὲ εἶπεν, Ἑκατὸν βάτους ἐλαίου. ὁ δὲ εἶπεν αὐτῷ, Δέξαι σου τὰ γράμματα καὶ καθίσας ταχέως γράψον πεντήκοντα.
2a100700fc	ἔπειτα ἑτέρῳ εἶπεν, Σὺ δὲ πόσον ὀφείλεις; ὁ δὲ εἶπεν, Ἑκατὸν κόρους σίτου. λέγει αὐτῷ, Δέξαι σου τὰ γράμματα καὶ γράψον ὀγδοήκοντα.
2a1008015a	καὶ ἐπῄνεσεν ὁ κύριος τὸν οἰκονόμον τῆς ἀδικίας, ὅτι φρονίμως ἐποίησεν, ὅτι οἱ υἱοὶ τοῦ αἰῶνος τούτου φρονιμώτεροι ὑπὲρ τοὺς υἱοὺς τοῦ φωτὸς εἰς τὴν γενεὰν τὴν ἑαυτῶν εἰσιν.
2a100900f6	καὶ ἐγὼ ὑμῖν λέγω, Ποιήσατε ἑαυτοῖς φίλους ἐκ τοῦ μαμωνᾶ τῆς ἀδικίας, ἵνα ὅταν ἐκλίπῃ δέξωνται ὑμᾶς εἰς τὰς αἰωνίους σκηνάς.
2a100a00c6	ὁ πιστὸς ἐν ἐλαχίστῳ καὶ ἐν πολλῷ πιστός ἐστιν, καὶ ὁ ἐν ἐλαχίστῳ ἄδικος καὶ ἐν πολλῷ ἄδικός ἐστιν.
2a100b009c	εἰ οὖν ἐν τῷ ἀδίκῳ μαμωνᾷ πιστοὶ οὐκ ἐγένεσθε, τὸ ἀληθινὸν τίς ὑμῖν πιστεύσει;
2a100c008b	καὶ εἰ ἐν τῷ ἀλλοτρίῳ πιστοὶ οὐκ ἐγένεσθε, τὸ ὑμέτερον τίς δώσει ὑμῖν;
2a100d015c	Οὐδεὶς οἰκέτης δύναται δυσὶ κυρίοις δουλεύειν· ἢ γὰρ τὸν ἕνα μισήσει, καὶ τὸν ἕτερον ἀγαπήσει· ἢ ἑνὸς ἀνθέξεται, καὶ τοῦ ἑτέρου καταφρονήσει. οὐ δύνασθε θεῷ δουλεύειν καὶ μαμωνᾷ.
2a100e00a1	Ἤκουον δὲ ταῦτα πάντα οἱ Φαρισαῖοι φιλάργυροι ὑπάρχοντες, καὶ ἐξεμυκτήριζον αὐτόν.
2a100f0147	καὶ εἶπεν αὐτοῖς, Ὑμεῖς ἐστε οἱ δικαιοῦντες ἑαυτοὺς ἐνώπιον τῶν ἀνθρώπων, ὁ δὲ θεὸς γινώσκει τὰς καρδίας ὑμῶν, ὅτι τὸ ἐν ἀνθρώποις ὑψηλὸν βδέλυγμα ἐνώπιον τοῦ θεοῦ.
2a101000d6	Ὁ νόμος καὶ οἱ προφῆται μέχρι Ἰωάνου· ἀπὸ τότε ἡ βασιλεία τοῦ θεοῦ εὐαγγελίζεται, καὶ πᾶς εἰς αὐτὴν βιάζεται.
2a101100ab	εὐκοπώτερον δέ ἐστιν τὸν οὐρανὸν καὶ τὴν γῆν παρελθεῖν ἢ τοῦ νόμου μίαν κεραίαν πεσεῖν.
2a101200d1	πᾶς ὁ ἀπολύων τὴν γυναῖκα αὐτοῦ καὶ γαμῶν ἑτέραν μοιχεύει· καὶ ὁ ἀπολελυμένην ἀπὸ ἀνδρὸς γαμῶν μοιχεύει.
2a101300c2	Ἄνθρωπος δέ τις ἦν πλούσιος, καὶ ἐνεδιδύσκετο πορφύραν καὶ βύσσον εὐφραινόμενος καθ᾽ ἡμέραν λαμπρῶς.
2a1014008e	πτωχὸς δέ τις ὀνόματι Λάζαρος ἐβέβλητο πρὸς τὸν πυλῶνα αὐτοῦ εἱλκωμένος,
2a10150114	καὶ ἐπιθυμῶν χορτασθῆναι ἀπὸ [τῶν ψιχίων] τῶν πιπτόντων ἀπὸ τῆς τραπέζης τοῦ πλουσίου· ἀλλὰ καὶ οἱ κύνες ἐρχόμενοι ἐπέλειχον τὰ ἕλκη αὐτοῦ.
2a10160107	ἐγένετο δὲ ἀποθανεῖν τὸν πτωχὸν καὶ ἀπενεχθῆναι αὐτὸν ὑπὸ τῶν ἀγγέλων εἰς τὸν κόλπον Ἀβραάμ· ἀπέθανεν δὲ καὶ ὁ πλούσιος, καὶ ἐτάφη.
2a101700f6	καὶ ἐν τῷ ᾅδῃ ἐπάρας τοὺς ὀφθαλμοὺς αὐτοῦ, ὑπάρχων ἐν βασάνοις, ὁρᾷ Ἀβραὰμ ἀπὸ μακρόθεν καὶ Λάζαρον ἐν τοῖς κόλποις αὐτοῦ·
2a10180156	καὶ αὐτὸς φωνήσας εἶπεν, Πάτερ Ἀβραάμ, ἐλέησόν με καὶ πέμψον Λάζαρον, ἵνα βάψῃ τὸ ἄκρον τοῦ δακτύλου αὐτοῦ ὕδατος καὶ καταψύξῃ τὴν γλῶσσάν μου, ὅτι ὀδυνῶμαι ἐν τῇ φλογὶ ταύτῃ.
2a10190115	εἶπεν δὲ Ἀβραάμ, Τέκνον, μνήσθητι ὅτι ἀπέλαβες τὰ ἀγαθά σου ἐν τῇ ζωῇ σου, καὶ Λάζαρος ὁμοίως τὰ κακά· νῦν δὲ ὧδε παρακαλεῖται, σὺ δὲ ὀδυνᾶσαι.
2a101a0135	καὶ ἐπὶ πᾶσιν τούτοις μεταξὺ ἡμῶν καὶ ὑμῶν χάσμα μέγα ἐστήρικται, ὅπως οἱ θέλοντες διαβῆναι ἔνθεν πρὸς ὑμᾶς μὴ δύνωνται, μηδὲ ἐκεῖθεν πρὸς ἡμᾶς διαπερῶσιν.
2a101b0095	εἶπεν δέ, Ἐρωτῶ σε οὖν, πάτερ, ἵνα πέμψῃς αὐτὸν εἰς τὸν οἶκον τοῦ πατρός μου·
2a101c00d8	ἔχω γὰρ πέντε ἀδελφούς· ὅπως διαμαρτύρηται αὐτοῖς, ἵνα μὴ καὶ αὐτοὶ ἔλθωσιν εἰς τὸν τόπον τοῦτον τῆς βασάνου·
2a101d0094	λέγει δὲ [αὐτῷ] Ἀβραάμ, Ἔχουσιν Μωυσέα καὶ τοὺς προφήτας· ἀκουσάτωσαν αὐτῶν.
2a101e00b2	ὁ δὲ εἶπεν, Οὐχί, πάτερ Ἀβραάμ· ἀλλ᾽ ἐάν τις ἀπὸ νεκρῶν πορευθῇ πρὸς αὐτούς, μετανοήσουσιν.
2a101f00c8	εἶπεν δὲ αὐτῷ, Εἰ Μωυσέως καὶ τῶν προφητῶν οὐκ ἀκούουσιν, οὐδ᾽ ἐάν τις ἐκ νεκρῶν ἀναστῇ πεισθήσονται.
2a110100ce	Εἶπεν δὲ πρὸς τοὺς μαθητὰς αὐτοῦ, Ἀνένδεκτόν ἐστιν τοῦ τὰ σκάνδαλα μὴ ἐλθεῖν, πλὴν οὐαὶ δι᾽ οὗ ἔρχεται.
2a11020110	λυσιτελεῖ αὐτῷ εἰ λίθος μυλικὸς περίκειται περὶ τὸν τράχηλον αὐτοῦ καὶ ἔῤῥιπται εἰς τὴν θάλασσαν, ἢ ἵνα σκανδαλίσῃ τῶν μικρῶν τούτων ἕνα.
2a110300b7	προσέχετε ἑαυτοῖς. ἐὰν ἁμάρτῃ ὁ ἀδελφός σου, ἐπιτίμησον αὐτῷ· καὶ ἐὰν μετανοήσῃ, ἄφες αὐτῷ.
2a110400cd	καὶ ἐὰν ἑπτάκις τῆς ἡμέρας ἁμαρτήσῃ εἰς σὲ καὶ ἑπτάκις ἐπιστρέψῃ πρὸς σέ, λέγων, Μετανοῶ, ἀφήσεις αὐτῷ.
2a11050068	Καὶ εἶπαν οἱ ἀπόστολοι τῷ κυρίῳ, Πρόσθες ἡμῖν πίστιν.
2a1106011f	εἶπεν δὲ ὁ κύριος, Εἰ ἔχετε πίστιν ὡς κόκκον σινάπεως, ἐλέγετε ἂν τῇ συκαμίνῳ ταύτῃ, Ἐκριζώθητι καὶ φυτεύθητι ἐν τῇ θαλάσσῃ· καὶ ὑπήκουσεν ἂν ὑμῖν.
2a110700e9	τίς δὲ [ἐξ] ὑμῶν δοῦλον ἔχων ἀροτριῶντα ἢ ποιμαίνοντα, ὃς εἰσελθόντι ἐκ τοῦ ἀγροῦ ἐρεῖ αὐτῷ, Εὐθέως παρελθὼν ἀνάπεσε;
2a110800fb	ἀλλ᾽ οὐχὶ ἐρεῖ αὐτῷ, Ἑτοίμασον τί δειπνήσω, καὶ περιζωσάμενος διακόνει μοι ἕως φάγω καὶ πίω, καὶ μετὰ ταῦτα φάγεσαι καὶ πίεσαι σύ;
2a11090064	μὴ ἔχει χάριν τῷ δούλῳ ὅτι ἐποίησεν τὰ διαταχθέντα;
2a110a00f2	οὕτως καὶ ὑμεῖς, ὅταν ποιήσητε πάντα τὰ διαταχθέντα ὑμῖν, λέγετε ὅτι Δοῦλοι ἀχρεῖοί ἐσμεν· ὃ ὠφείλομεν ποιῆσαι πεποιήκαμεν.
2a110b00ce	Καὶ ἐγένετο ἐν τῷ πορεύεσθαι [αὐτὸν] εἰς Ἱερουσαλήμ, καὶ αὐτὸς διήρχετο διὰ μέσον Σαμαρείας καὶ Γαλιλαίας.
2a110c00bc	καὶ εἰσερχομένου αὐτοῦ εἴς τινα κώμην, ἀπήντησαν [αὐτῷ] δέκα λεπροὶ ἄνδρες, οἳ ἔστησαν πόῤῥωθεν,
2a110d0078	καὶ αὐτοὶ ἦραν φωνὴν λέγοντες, Ἰησοῦ ἐπιστάτα, ἐλέησον ἡμᾶς.
2a110e00ea	καὶ ἰδὼν εἶπεν αὐτοῖς, Πορευθέντες ἐπιδείξατε ἑαυτοὺς τοῖς ἱερεῦσιν. καὶ ἐγένετο ἐν τῷ ὑπάγειν αὐτούς, ἐκαθαρίσθησαν.
2a110f009a	εἷς δὲ ἐξ αὐτῶν ἰδὼν ὅτι ἰάθη, ὑπέστρεψεν μετὰ φωνῆς μεγάλης δοξάζων τὸν θεόν,
2a111000b1	καὶ ἔπεσεν ἐπὶ πρόσωπον παρὰ τοὺς πόδας αὐτοῦ, εὐχαριστῶν αὐτῷ· καὶ αὐτὸς ἦν Σαμαρείτης.
2a11110096	ἀποκριθεὶς δὲ ὁ Ἰησοῦς εἶπεν, Οὐχὶ οἱ δέκα ἐκαθαρίσθησαν; οἱ [δὲ] ἐννέα ποῦ;
2a11120091	οὐχ εὑρέθησαν ὑποστρέψαντες δοῦναι δόξαν τῷ θεῷ, εἰ μὴ ὁ ἀλλογενὴς οὗτος;
2a1113006e	καὶ εἶπεν αὐτῷ, Ἀναστὰς πορεύου· ἡ πίστις σου σέσωκέν σε.
2a1114011c	Ἐπερωτηθεὶς δὲ ὑπὸ τῶν Φαρισαίων πότε ἔρχεται ἡ βασιλεία τοῦ θεοῦ, ἀπεκρίθη αὐτοῖς καὶ εἶπεν, Οὐκ ἔρχεται ἡ βασιλεία τοῦ θεοῦ μετὰ παρατηρήσεως,
2a111500aa	οὐδὲ ἐροῦσιν, Ἰδοὺ ὧδε ἢ ἰδοὺ ἐκεῖ· ἰδοὺ γὰρ ἡ βασιλεία τοῦ θεοῦ ἐντὸς ὑμῶν ἐστίν.
2a111600f3	εἶπεν δὲ πρὸς τοὺς μαθητάς, Ἐλεύσονται ἡμέραι ὅτε ἐπιθυμήσετε μίαν τῶν ἡμερῶν τοῦ υἱοῦ τοῦ ἀνθρώπου ἰδεῖν, καὶ οὐκ ὄψεσθε.
2a11170081	καὶ ἐροῦσιν ὑμῖν, Ἰδοὺ ἐκεῖ ἰδοὺ ὧδε, μὴ ἀπέλθητε, μηδὲ διώξητε.
2a11180116	ὥσπερ γὰρ ἡ ἀστραπὴ [ἡ] ἀστράπτουσα ἐκ τῆς ὑπὸ τὸν οὐρανὸν εἰς τὴν ὑπ᾽ οὐρανὸν λάμπει, οὕτως ἔσται ὁ υἱὸς τοῦ ἀνθρώπου ἐν τῇ ἡμέρᾳ αὐτοῦ.
2a11190098	πρῶτον δὲ δεῖ αὐτὸν πολλὰ παθεῖν καὶ ἀποδοκιμασθῆναι ἀπὸ τῆς γενεᾶς ταύτης.
2a111a00bb	καὶ καθὼς ἐγένετο ἐν ταῖς ἡμέραις Νῶε, οὕτως ἔσται καὶ ἐν ταῖς ἡμέραις τοῦ υἱοῦ τοῦ ἀνθρώπου·
2a111b00f4	ἤσθιον ἔπινον, ἐγάμουν ἐγαμίζοντο, ἄχρι ἧς ἡμέρας εἰσῆλθεν Νῶε εἰς τὴν κιβωτόν, καὶ ἦλθεν ὁ κατακλυσμὸς καὶ ἀπώλεσεν πάντας.
2a111c00ba	ὁμοίως καθὼς ἐγένετο ἐν ταῖς ἡμέραις Λώτ· ἤσθιον ἔπινον, ἠγόραζον ἐπώλουν, ἐφύτευον ᾠκοδόμουν·
2a111d00b7	ᾗ δὲ ἡμέρᾳ ἐξῆλθεν Λὼτ ἀπὸ Σοδόμων, ἔβρεξεν πῦρ καὶ θεῖον ἀπ᾽ οὐρανοῦ καὶ ἀπώλεσεν πάντας·
2a111e007d	κατὰ τὰ αὐτὰ ἔσται ᾗ ἡμέρᾳ ὁ υἱὸς τοῦ ἀνθρώπου ἀποκαλύπτεται.
2a111f012a	ἐν ἐκείνῃ τῇ ἡμέρᾳ ὃς ἔσται ἐπὶ τοῦ δώματος καὶ τὰ σκεύη αὐτοῦ ἐν τῇ οἰκίᾳ, μὴ καταβάτω ἆραι αὐτά· καὶ ὁ ἐν ἀγρῷ ὁμοίως μὴ ἐπιστρεψάτω εἰς τὰ ὀπίσω.
2a11200038	μνημονεύετε τῆς γυναικὸς Λώτ.
2a112100bf	ὃς ἐὰν ζητήσῃ τὴν ψυχὴν αὐτοῦ περιποιήσασθαι ἀπολέσει αὐτήν, ὃς δ᾽ ἂν ἀπολέσῃ, ζωογονήσει αὐτήν.
2a112200c3	λέγω ὑμῖν, ταύτῃ τῇ νυκτὶ ἔσονται δύο ἐπὶ κλίνης μιᾶς, εἷς παραλημφθήσεται, καὶ ὁ ἕτερος ἀφεθήσεται.
2a1123009e	ἔσονται δύο ἀλήθουσαι ἐπὶ τὸ αὐτό, [ἡ] μία παραλημφθήσεται, ἡ δὲ ἑτέρα ἀφεθήσεται.
2a112500dd	Καὶ ἀποκριθέντες λέγουσιν αὐτῷ, Ποῦ, κύριε; ὁ δὲ εἶπεν αὐτοῖς, Ὅπου τὸ σῶμα, ἐκεῖ καὶ οἱ ἀετοὶ ἐπισυναχθήσονται.
2a120100b3	Ἔλεγεν δὲ [καὶ] παραβολὴν αὐτοῖς πρὸς τὸ δεῖν πάντοτε προσεύχεσθαι αὐτοὺς καὶ μὴ ἐγκακεῖν,
2a120200a8	λέγων, Κριτής τις ἦν ἔν τινι πόλει τὸν θεὸν μὴ φοβούμενος, καὶ ἄνθρωπον μὴ ἐντρεπόμενος.
2a120300be	χήρα δὲ ἦν ἐν τῇ πόλει ἐκείνῃ, καὶ ἤρχετο πρὸς αὐτὸν λέγουσα, Ἐκδίκησόν με ἀπὸ τοῦ ἀντιδίκου μου.
2a120400dd	καὶ οὐκ ἤθελεν ἐπὶ χρόνον· μετὰ ταῦτα δὲ εἶπεν ἐν ἑαυτῷ, Εἰ καὶ τὸν θεὸν οὐ φοβοῦμαι οὐδὲ ἄνθρωπον ἐντρέπομαι,
2a120500c0	διά γε τὸ παρέχειν μοι κόπον τὴν χήραν ταύτην, ἐκδικήσω αὐτήν, ἵνα μὴ εἰς τέλος ἐρχομένη ὑπωπιάζῃ με.
2a12060071	Εἶπεν δὲ ὁ κύριος, Ἀκούσατε τί ὁ κριτὴς τῆς ἀδικίας λέγει·
2a120700ee	ὁ δὲ θεὸς οὐ μὴ ποιήσῃ τὴν ἐκδίκησιν τῶν ἐκλεκτῶν αὐτοῦ τῶν βοώντων αὐτῷ ἡμέρας καὶ νυκτός, καὶ μακροθυμεῖ ἐπ᾽ αὐτοῖς;
2a120800ec	λέγω ὑμῖν ὅτι ποιήσει τὴν ἐκδίκησιν αὐτῶν ἐν τάχει. πλὴν ὁ υἱὸς τοῦ ἀνθρώπου ἐλθὼν ἆρα εὑρήσει τὴν πίστιν ἐπὶ τῆς γῆς;
2a120900f6	Εἶπεν δὲ καὶ πρός τινας τοὺς πεποιθότας ἐφ᾽ ἑαυτοῖς, ὅτι εἰσὶν δίκαιοι, καὶ ἐξουθενοῦντας τοὺς λοιπούς, τὴν παραβολὴν ταύτην·
2a120a00a5	Ἄνθρωποι δύο ἀνέβησαν εἰς τὸ ἱερὸν προσεύξασθαι, εἷς Φαρισαῖος καὶ ὁ ἕτερος τελώνης.
2a120b013d	ὁ Φαρισαῖος σταθεὶς ταῦτα πρὸς ἑαυτὸν προσηύχετο, Ὁ θεός, εὐχαριστῶ σοι ὅτι οὐκ εἰμὶ ὡς οἱ λοιποὶ τῶν ἀνθρώπων, ἅρπαγες, ἄδικοι, μοιχοί, ἢ καὶ ὡς οὗτος ὁ τελώνης·
2a120c0067	νηστεύω δὶς τοῦ σαββάτου, ἀποδεκατῶ πάντα ὅσα κτῶμαι.
2a120d0133	καὶ ὁ τελώνης μακρόθεν ἑστὼς οὐκ ἤθελεν οὐδὲ τοὺς ὀφθαλμοὺς ἐπᾶραι εἰς τὸν οὐρανόν, ἀλλ᾽ ἔτυπτεν τὸ στῆθος ἑαυτοῦ λέγων, Ὁ θεός, ἱλάσθητί μοι τῷ ἁμαρτωλῷ.
2a120e011b	λέγω ὑμῖν, κατέβη οὗτος δεδικαιωμένος εἰς τὸν οἶκον αὐτοῦ παρ᾽ ἐκεῖνον. ὅτι πᾶς ὁ ὑψῶν ἑαυτὸν ταπεινωθήσεται, ὁ δὲ ταπεινῶν ἑαυτὸν ὑψωθήσεται.
2a120f00b4	Προσέφερον δὲ αὐτῷ καὶ τὰ βρέφη, ἵνα αὐτῶν ἅπτηται· ἰδόντες δὲ οἱ μαθηταὶ ἐπετίμων αὐτοῖς.
2a12100109	ὁ δὲ Ἰησοῦς προσεκαλέσατο αὐτὰ λέγων, Ἄφετε τὰ παιδία ἔρχεσθαι πρός με, καὶ μὴ κωλύετε αὐτά· τῶν γὰρ τοιούτων ἐστὶν ἡ βασιλεία τοῦ θεοῦ.
2a121100b5	ἀμὴν λέγω ὑμῖν, ὃς ἂν μὴ δέξηται τὴν βασιλείαν τοῦ θεοῦ ὡς παιδίον, οὐ μὴ εἰσέλθῃ εἰς αὐτήν.
2a121200af	Καὶ ἐπηρώτησέν τις αὐτὸν ἄρχων λέγων, Διδάσκαλε ἀγαθέ, τί ποιήσας ζωὴν αἰώνιον κληρονομήσω;
2a12130096	εἶπεν δὲ αὐτῷ ὁ Ἰησοῦς, Τί με λέγεις ἀγαθόν; οὐδεὶς ἀγαθὸς εἰ μὴ εἷς ὁ θεός.
2a121400dc	τὰς ἐντολὰς οἶδας, Μὴ μοιχεύσῃς· μὴ φονεύσῃς· μὴ κλέψῃς· μὴ ψευδομαρτυρήσῃς· τίμα τὸν πατέρα σου καὶ τὴν μητέρα.
2a1215005e	ὁ δὲ εἶπεν, Ταῦτα πάντα ἐφύλαξα ἐκ νεότητός [μου].
2a12160135	ἀκούσας δὲ ὁ Ἰησοῦς εἶπεν αὐτῷ, Ἔτι ἕν σοι λείπει· πάντα ὅσα ἔχεις πώλησον, καὶ διάδος πτωχοῖς, καὶ ἕξεις θησαυρὸν ἐν τοῖς οὐρανοῖς· καὶ δεῦρο, ἀκολούθει μοι.
2a12170077	ὁ δὲ ἀκούσας ταῦτα περίλυπος ἐγενήθη· ἦν γὰρ πλούσιος σφόδρα.
2a121800fb	ἰδὼν δὲ αὐτὸν ὁ Ἰησοῦς [περίλυπον γενόμενον] εἶπεν, Πῶς δυσκόλως οἱ τὰ χρήματα ἔχοντες εἰς τὴν βασιλείαν τοῦ θεοῦ εἰσπορεύονται.
2a121900d7	εὐκοπώτερον γάρ ἐστιν κάμηλον διὰ τρήματος βελόνης εἰσελθεῖν, ἢ πλούσιον εἰς τὴν βασιλείαν τοῦ θεοῦ εἰσελθεῖν.
2a121a005d	εἶπον δὲ οἱ ἀκούσαντες, Καὶ τίς δύναται σωθῆναι;
2a121b007f	ὁ δὲ εἶπεν, Τὰ ἀδύνατα παρὰ ἀνθρώποις δυνατὰ παρὰ [τῷ] θεῷ ἐστιν.
2a121c0080	εἶπεν δὲ ὁ Πέτρος, Ἰδοὺ ἡμεῖς ἀφέντες τὰ ἴδια, ἠκολουθήσαμέν σοι.
2a121d0111	ὁ δὲ εἶπεν αὐτοῖς, Ἀμὴν λέγω ὑμῖν ὅτι οὐδείς ἐστιν ὃς ἀφῆκεν οἰκίαν ἢ γονεῖς ἢ ἀδελφοὺς ἢ γυναῖκα ἢ τέκνα ἕνεκεν τῆς βασιλείας τοῦ θεοῦ,
2a121e00b7	ὃς οὐ μὴ ἀπολάβῃ πολλαπλασίονα ἐν τῷ καιρῷ τούτῳ, καὶ ἐν τῷ αἰῶνι τῷ ἐρχομένῳ ζωὴν αἰώνιον.
2a121f012b	Παραλαβὼν δὲ τοὺς δώδεκα εἶπεν πρὸς αὐτούς, Ἰδοὺ ἀναβαίνομεν εἰς Ἱερουσαλήμ, καὶ τελεσθήσεται πάντα τὰ γεγραμμένα διὰ τῶν προφητῶν τῷ υἱῷ τοῦ ἀνθρώπου·
2a122000a8	παραδοθήσεται γὰρ τοῖς ἔθνεσιν, καὶ ἐμπαιχθήσεται καὶ ὑβρισθήσεται καὶ ἐμπτυσθήσεται,
2a12210090	καὶ μαστιγώσαντες ἀποκτενοῦσιν αὐτόν, καὶ τῇ ἡμέρᾳ τῇ τρίτῃ ἀναστήσεται.
2a122200d4	καὶ αὐτοὶ οὐδὲν τούτων συνῆκαν, καὶ ἦν τὸ ῥῆμα τοῦτο κεκρυμμένον ἀπ᾽ αὐτῶν, καὶ οὐκ ἐγίνωσκον τὰ λεγόμενα.
2a122300ab	Ἐγένετο δὲ ἐν τῷ ἐγγίζειν αὐτὸν εἰς Ἱεριχώ, τυφλός τις ἐκάθητο παρὰ τὴν ὁδὸν ἐπαιτῶν·
2a12240076	ἀκούσας δὲ ὄχλου διαπορευομένου ἐπυνθάνετο τί [ἂν] εἴη τοῦτο.
2a1225006b	ἀπήγγειλαν δὲ αὐτῷ ὅτι Ἰησοῦς ὁ Ναζωραῖος παρέρχεται.
2a1226005d	καὶ ἐβόησεν λέγων, Ἰησοῦ υἱὲ Δαυείδ, ἐλέησόν με.
2a122700c2	καὶ οἱ προάγοντες ἐπετίμων αὐτῷ ἵνα σιγήσῃ· αὐτὸς δὲ πολλῷ μᾶλλον ἔκραζεν, Υἱὲ Δαυείδ, ἐλέησόν με.
2a122800c0	σταθεὶς δὲ [ὁ] Ἰησοῦς ἐκέλευσεν αὐτὸν ἀχθῆναι πρὸς αὐτόν· ἐγγίσαντος δὲ αὐτοῦ ἐπηρώτησεν αὐτὸν
2a12290072	[λέγων], Τί σοι θέλεις ποιήσω; ὁ δὲ εἶπεν, Κύριε, ἵνα ἀναβλέψω.
2a122a0075	καὶ ὁ Ἰησοῦς εἶπεν αὐτῷ, Ἀνάβλεψον· ἡ πίστις σου σέσωκέν σε.
2a122b00cb	καὶ παραχρῆμα ἀνέβλεψεν, καὶ ἠκολούθει αὐτῷ δοξάζων τὸν θεόν· καὶ πᾶς ὁ λαὸς ἰδὼν ἔδωκεν αἶνον τῷ θεῷ.
2a13010043	Καὶ εἰσελθὼν διήρχετο τὴν Ἱεριχώ·
2a130200b1	καὶ ἰδοὺ ἀνὴρ ὀνόματι καλούμενος Ζακχαῖος, καὶ αὐτὸς ἦν ἀρχιτελώνης, καὶ αὐτὸς πλούσιος·
2a130300bd	καὶ ἐζήτει ἰδεῖν τὸν Ἰησοῦν τίς ἐστιν, καὶ οὐκ ἠδύνατο ἀπὸ τοῦ ὄχλου, ὅτι τῇ ἡλικίᾳ μικρὸς ἦν.
2a130400c4	καὶ προδραμὼν εἰς τὸ ἔμπροσθεν ἀνέβη ἐπὶ συκομορέαν, ἵνα ἴδῃ αὐτόν, ὅτι ἐκείνης ἤμελλεν διέρχεσθαι.
2a13050104	καὶ ὡς ἦλθεν ἐπὶ τὸν τόπον, ἀναβλέψας ὁ Ἰησοῦς εἶπεν πρὸς αὐτόν, Ζακχαῖε, σπεύσας κατάβηθι· σήμερον γὰρ ἐν τῷ οἴκῳ σου δεῖ με μεῖναι.
2a1306005b	καὶ σπεύσας κατέβη, καὶ ὑπεδέξατο αὐτὸν χαίρων.
2a130700a7	καὶ ἰδόντες πάντες διεγόγγυζον, λέγοντες ὅτι Παρὰ ἁμαρτωλῷ ἀνδρὶ εἰσῆλθεν καταλῦσαι.
2a13080133	σταθεὶς δὲ Ζακχαῖος εἶπεν πρὸς τὸν κύριον, Ἰδοὺ τὰ ἡμίσειά μου τῶν ὑπαρχόντων, κύριε, τοῖς πτωχοῖς δίδωμι· καὶ εἴ τινός τι ἐσυκοφάντησα, ἀποδίδωμι τετραπλοῦν.
2a130900d7	εἶπεν δὲ πρὸς αὐτὸν ὁ Ἰησοῦς ὅτι Σήμερον σωτηρία τῷ οἴκῳ τούτῳ ἐγένετο, καθότι καὶ αὐτὸς υἱὸς Ἀβραάμ ἐστιν.
2a130a0079	ἦλθεν γὰρ ὁ υἱὸς τοῦ ἀνθρώπου ζητῆσαι καὶ σῶσαι τὸ ἀπολωλός.
2a130b0140	Ἀκουόντων δὲ αὐτῶν ταῦτα προσθεὶς εἶπεν παραβολήν, διὰ τὸ ἐγγὺς εἶναι Ἱερουσαλὴμ αὐτὸν καὶ δοκεῖν αὐτοὺς ὅτι παραχρῆμα μέλλει ἡ βασιλεία τοῦ θεοῦ ἀναφαίνεσθαι·
2a130c00bf	εἶπεν οὖν, Ἄνθρωπός τις εὐγενὴς ἐπορεύθη εἰς χώραν μακρὰν λαβεῖν ἑαυτῷ βασιλείαν, καὶ ὑποστρέψαι.
2a130d00d1	καλέσας δὲ δέκα δούλους ἑαυτοῦ ἔδωκεν αὐτοῖς δέκα μνᾶς, καὶ εἶπεν πρὸς αὐτούς, Πραγματεύσασθε ἐν ᾧ ἔρχομαι.
2a130e00ef	Οἱ δὲ πολῖται αὐτοῦ ἐμίσουν αὐτόν, καὶ ἀπέστειλαν πρεσβείαν ὀπίσω αὐτοῦ λέγοντες, Οὐ θέλομεν τοῦτον βασιλεῦσαι ἐφ᾽ ἡμᾶς.
2a130f0138	καὶ ἐγένετο ἐν τῷ ἐπανελθεῖν αὐτὸν λαβόντα τὴν βασιλείαν, καὶ εἶπεν φωνηθῆναι αὐτῷ τοὺς δούλους τούτους οἷς δεδώκει τὸ ἀργύριον, ἵνα γνοῖ τί διεπραγματεύσαντο.
2a13100086	παρεγένετο δὲ ὁ πρῶτος λέγων, Κύριε, ἡ μνᾶ σου δέκα προσειργάσατο μνᾶς.
2a131100ca	καὶ εἶπεν αὐτῷ, Εὖγε ἀγαθὲ δοῦλε, ὅτι ἐν ἐλαχίστῳ πιστὸς ἐγένου, ἴσθι ἐξουσίαν ἔχων ἐπάνω δέκα πόλεων.
2a1312007c	καὶ ἦλθεν ὁ δεύτερος λέγων, Ἡ μνᾶ σου, κύριε, ἐποίησεν πέντε μνᾶς.
2a13130064	εἶπεν δὲ καὶ τούτῳ, Καὶ σὺ γίνου ἐπάνω πέντε πόλεων.
2a131400a0	καὶ ὁ ἕτερος ἦλθεν λέγων, Κύριε, ἰδοὺ ἡ μνᾶ σου, ἣν εἶχον ἀποκειμένην ἐν σουδαρίῳ·
2a131500b6	ἐφοβούμην γάρ σε, ὅτι ἄνθρωπος αὐστηρὸς εἶ· αἴρεις ὃ οὐκ ἔθηκας, καὶ θερίζεις ὃ οὐκ ἔσπειρας.
2a1316010f	λέγει αὐτῷ, Ἐκ τοῦ στόματός σου κρινῶ σε, πονηρὲ δοῦλε. ᾔδεις ὅτι ἐγὼ ἄνθρωπος αὐστηρός εἰμι, αἴρων ὃ οὐκ ἔθηκα, καὶ θερίζων ὃ οὐκ ἔσπειρα·
2a131700ae	καὶ διὰ τί οὐκ ἔδωκάς μου τὸ ἀργύριον ἐπὶ τράπεζαν, κἀγὼ ἐλθὼν σὺν τόκῳ ἂν αὐτὸ ἔπραξα;
2a131800a9	καὶ τοῖς παρεστῶσιν εἶπεν, Ἄρατε ἀπ᾽ αὐτοῦ τὴν μνᾶν καὶ δότε τῷ τὰς δέκα μνᾶς ἔχοντι.
2a13190049	καὶ εἶπαν αὐτῷ, Κύριε, ἔχει δέκα μνᾶς.
2a131a00c8	λέγω [γὰρ] ὑμῖν, ὅτι παντὶ τῷ ἔχοντι δοθήσεται, ἀπὸ δὲ τοῦ μὴ ἔχοντος καὶ ὃ ἔχει ἀρθήσεται ἀπ᾽ αὐτοῦ.
2a131b00f4	πλὴν τοὺς ἐχθρούς μου τούτους τοὺς μὴ θελήσαντάς με βασιλεῦσαι ἐπ᾽ αὐτοὺς ἀγάγετε ὧδε, καὶ κατασφάξατε αὐτοὺς ἔμπροσθέν μου.
2a131c007d	Καὶ εἰπὼν ταῦτα, ἐπορεύετο ἔμπροσθεν, ἀναβαίνων εἰς Ἱεροσόλυμα.
2a131d00e6	καὶ ἐγένετο ὡς ἤγγισεν εἰς Βηθφαγὴ καὶ Βηθανίαν πρὸς τὸ ὄρος τὸ καλούμενον Ἐλαιών, ἀπέστειλεν δύο τῶν μαθητῶν [αὐτοῦ]
2a131e012c	λέγων, Ὑπάγετε εἰς τὴν κατέναντι κώμην, ἐν ᾗ εἰσπορευόμενοι εὑρήσετε πῶλον δεδεμένον, ἐφ᾽ ὃν οὐδεὶς πώποτε ἀνθρώπων ἐκάθισεν· καὶ λύσαντες αὐτὸν ἀγάγετε.
2a131f00a2	καὶ ἐάν τις ὑμᾶς ἐρωτᾷ, Διὰ τί λύετε; οὕτως ἐρεῖτε, Ὅτι ὁ κύριος αὐτοῦ χρείαν ἔχει.
2a13200070	Ἀπελθόντες δὲ οἱ ἀπεσταλμένοι εὗρον καθὼς εἶπεν αὐτοῖς·
2a132100a0	λυόντων δὲ αὐτῶν τὸν πῶλον, εἶπαν οἱ κύριοι αὐτοῦ πρὸς αὐτούς, Τί λύετε τὸν πῶλον;
2a13220056	οἱ δὲ εἶπαν, Ὅτι ὁ κύριος αὐτοῦ χρείαν ἔχει.
2a132300d2	Καὶ ἤγαγον αὐτὸν πρὸς τὸν Ἰησοῦν· καὶ ἐπιρίψαντες αὐτῶν τὰ ἱμάτια ἐπὶ τὸν πῶλον, ἐπεβίβασαν τὸν Ἰησοῦν.
2a1324007c	πορευομένου δὲ αὐτοῦ ὑπεστρώννυον τὰ ἱμάτια ἑαυτῶν ἐν τῇ ὁδῷ.
2a1325014a	ἐγγίζοντος δὲ αὐτοῦ ἤδη πρὸς τῇ καταβάσει τοῦ ὄρους τῶν Ἐλαιῶν ἤρξαντο ἅπαν τὸ πλῆθος τῶν μαθητῶν χαίροντες αἰνεῖν τὸν θεὸν φωνῇ μεγάλῃ περὶ πάντων ὧν εἶδον δυνάμεων
2a132600c6	λέγοντες, Εὐλογημένος ὁ ἐρχόμενος βασιλεὺς ἐν ὀνόματι κυρίου· ἐν οὐρανῷ εἰρήνη, καὶ δόξα ἐν ὑψίστοις.
2a132700ba	καί τινες τῶν Φαρισαίων ἀπὸ τοῦ ὄχλου εἶπαν πρὸς αὐτόν, Διδάσκαλε, ἐπιτίμησον τοῖς μαθηταῖς σου.
2a132800ac	καὶ ἀποκριθεὶς εἶπεν [αὐτοῖς], Λέγω ὑμῖν [ὅτι] ἐὰν οὗτοι σιωπήσουσιν, οἱ λίθοι κράξουσιν.
2a13290064	Καὶ ὡς ἤγγισεν, ἰδὼν τὴν πόλιν ἔκλαυσεν ἐπ᾽ αὐτήν,
2a132a00c3	λέγων ὅτι Εἰ ἔγνως καὶ σὺ ἐν τῇ ἡμέρᾳ ταύτῃ τὰ πρὸς εἰρήνην [σου]· νῦν δὲ ἐκρύβη ἀπὸ ὀφθαλμῶν σου·
2a132b00e8	ὅτι ἥξουσιν ἡμέραι ἐπὶ σέ, καὶ παρεμβαλοῦσιν οἱ ἐχθροί σου χάρακά σοι καὶ περικυκλώσουσίν σε, καὶ συνέξουσίν σε πάντοθεν,
2a132c0102	καὶ ἐδαφιοῦσίν σε καὶ τὰ τέκνα σου ἐν σοί, καὶ οὐκ ἀφήσουσιν λίθον ἐπὶ λίθον ἐν σοί, ἀνθ᾽ ὧν οὐκ ἔγνως τὸν καιρὸν τῆς ἐπισκοπῆς σου.
2a132d0076	Καὶ εἰσελθὼν εἰς τὸ ἱερὸν ἤρξατο ἐκβάλλειν τοὺς πωλοῦντας,
2a132e00d0	λέγων αὐτοῖς, Γέγραπται, Καὶ ἔσται ὁ οἶκός μου οἶκος προσευχῆς· ὑμεῖς δὲ αὐτὸν ἐποιήσατε σπήλαιον λῃστῶν.
2a132f00f8	Καὶ ἦν διδάσκων τὸ καθ᾽ ἡμέραν ἐν τῷ ἱερῷ· οἱ δὲ ἀρχιερεῖς καὶ οἱ γραμματεῖς ἐζήτουν αὐτὸν ἀπολέσαι καὶ οἱ πρῶτοι τοῦ λαοῦ,
2a13300093	καὶ οὐχ ηὕρισκον τὸ τί ποιήσωσιν· ὁ λαὸς γὰρ ἅπας ἐξεκρέματο αὐτοῦ ἀκούων.
2a14010131	Καὶ ἐγένετο ἐν μιᾷ τῶν ἡμερῶν διδάσκοντος αὐτοῦ τὸν λαὸν ἐν τῷ ἱερῷ καὶ εὐαγγελιζομένου, ἐπέστησαν οἱ ἀρχιερεῖς καὶ οἱ γραμματεῖς σὺν τοῖς πρεσβυτέροις,
2a140200d1	καὶ εἶπαν πρὸς αὐτόν, Εἰπὸν ἡμῖν ἐν ποίᾳ ἐξουσίᾳ ταῦτα ποιεῖς, ἢ τίς ἐστιν ὁ δούς σοι τὴν ἐξουσίαν ταύτην;
2a14030092	ἀποκριθεὶς δὲ εἶπεν πρὸς αὐτούς, Ἐρωτήσω ὑμᾶς κἀγὼ λόγον, καὶ εἴπατέ μοι·
2a1404005e	τὸ βάπτισμα Ἰωάνου ἐξ οὐρανοῦ ἦν ἢ ἐξ ἀνθρώπων;
2a140500d1	οἱ δὲ συνελογίσαντο πρὸς ἑαυτοὺς λέγοντες ὅτι Ἐὰν εἴπωμεν, Ἐξ οὐρανοῦ, ἐρεῖ, Διὰ τί οὐκ ἐπιστεύσατε αὐτῷ;
2a140600ca	ἐὰν δὲ εἴπωμεν, Ἐξ ἀνθρώπων, ὁ λαὸς ἅπας καταλιθάσει ἡμᾶς· πεπεισμένος γάρ ἐστιν Ἰωάνην προφήτην εἶναι.
2a14070041	καὶ ἀπεκρίθησαν μὴ εἰδέναι πόθεν.
2a14080096	καὶ ὁ Ἰησοῦς εἶπεν αὐτοῖς, Οὐδὲ ἐγὼ λέγω ὑμῖν ἐν ποίᾳ ἐξουσίᾳ ταῦτα ποιῶ.
2a14090116	Ἤρξατο δὲ πρὸς τὸν λαὸν λέγειν τὴν παραβολὴν ταύτην, Ἄνθρωπος ἐφύτευσεν ἀμπελῶνα, καὶ ἐξέδετο αὐτὸν γεωργοῖς, καὶ ἀπεδήμησεν χρόνους ἱκανούς.
2a140a0122	καὶ καιρῷ ἀπέστειλεν πρὸς τοὺς γεωργοὺς δοῦλον, ἵνα ἀπὸ τοῦ καρποῦ τοῦ ἀμπελῶνος δώσουσιν αὐτῷ· οἱ δὲ γεωργοὶ δείραντες αὐτὸν ἐξαπέστειλαν κενόν.
2a140b00bd	καὶ προσέθετο ἕτερον πέμψαι δοῦλον· οἱ δὲ κἀκεῖνον δείραντες καὶ ἀτιμάσαντες ἐξαπέστειλαν κενόν.
2a140c0088	καὶ προσέθετο τρίτον πέμψαι· οἱ δὲ καὶ τοῦτον τραυματίσαντες ἐξέβαλον.
2a140d00c8	εἶπεν δὲ ὁ κύριος τοῦ ἀμπελῶνος, Τί ποιήσω; πέμψω τὸν υἱόν μου τὸν ἀγαπητόν· ἴσως τοῦτον ἐντραπήσονται.
2a140e0115	Ἰδόντες δὲ αὐτὸν οἱ γεωργοὶ διελογίζοντο πρὸς ἀλλήλους λέγοντες, Οὗτός ἐστιν ὁ κληρονόμος· ἀποκτείνωμεν αὐτόν, ἵνα ἡμῶν γένηται ἡ κληρονομία.
2a140f00c0	καὶ ἐκβαλόντες αὐτὸν ἔξω τοῦ ἀμπελῶνος ἀπέκτειναν. τί οὖν ποιήσει αὐτοῖς ὁ κύριος τοῦ ἀμπελῶνος;
2a141000d5	ἐλεύσεται καὶ ἀπολέσει τοὺς γεωργοὺς τούτους, καὶ δώσει τὸν ἀμπελῶνα ἄλλοις. Ἀκούσαντες δὲ εἶπαν, Μὴ γένοιτο.
2a1411010b	ὁ δὲ ἐμβλέψας αὐτοῖς εἶπεν, Τί οὖν ἐστιν τὸ γεγραμμένον τοῦτο, Λίθον ὃν ἀπεδοκίμασαν οἱ οἰκοδομοῦντες, οὗτος ἐγενήθη εἰς κεφαλὴν γωνίας;
2a141200a7	πᾶς ὁ πεσὼν ἐπ᾽ ἐκεῖνον τὸν λίθον συνθλασθήσεται· ἐφ᾽ ὃν δ᾽ ἂν πέσῃ, λικμήσει αὐτόν.
2a1413015a	Καὶ ἐζήτησαν οἱ γραμματεῖς καὶ οἱ ἀρχιερεῖς ἐπιβαλεῖν ἐπ᾽ αὐτὸν τὰς χεῖρας ἐν αὐτῇ τῇ ὥρᾳ, καὶ ἐφοβήθησαν τὸν λαόν· ἔγνωσαν γὰρ ὅτι πρὸς αὐτοὺς εἶπεν τὴν παραβολὴν ταύτην.
2a1414014e	Καὶ παρατηρήσαντες ἀπέστειλαν ἐγκαθέτους ὑποκρινομένους ἑαυτοὺς δικαίους εἶναι, ἵνα ἐπιλάβωνται αὐτοῦ λόγου, ὥστε παραδοῦναι αὐτὸν τῇ ἀρχῇ καὶ τῇ ἐξουσίᾳ τοῦ ἡγεμόνος.
2a14150130	καὶ ἐπηρώτησαν αὐτὸν λέγοντες, Διδάσκαλε, οἴδαμεν ὅτι ὀρθῶς λέγεις καὶ διδάσκεις, καὶ οὐ λαμβάνεις πρόσωπον, ἀλλ᾽ ἐπ᾽ ἀληθείας τὴν ὁδὸν τοῦ θεοῦ διδάσκεις.
2a1416004e	ἔξεστιν ἡμᾶς Καίσαρι φόρον δοῦναι, ἢ οὔ;
2a1417006a	κατανοήσας δὲ αὐτῶν τὴν πανουργίαν, εἶπεν πρὸς αὐτούς,
2a141800a7	Δείξατέ μοι δηνάριον· τίνος ἔχει εἰκόνα καὶ ἐπιγραφήν; ἀποκριθέντες δὲ εἶπαν, Καίσαρος.
2a141900a1	Ὁ δὲ εἶπεν πρὸς αὐτούς, Τοίνυν ἀπόδοτε τὰ Καίσαρος Καίσαρι, καὶ τὰ τοῦ θεοῦ τῷ θεῷ.
2a141a00dc	Καὶ οὐκ ἴσχυσαν ἐπιλαβέσθαι αὐτοῦ ῥήματος ἐναντίον τοῦ λαοῦ, καὶ θαυμάσαντες ἐπὶ τῇ ἀποκρίσει αὐτοῦ, ἐσίγησαν.
2a141b00a9	Προσελθόντες δέ τινες τῶν Σαδδουκαίων, οἱ λέγοντες ἀνάστασιν μὴ εἶναι, ἐπηρώτησαν αὐτὸν
2a141c0163	λέγοντες, Διδάσκαλε, Μωυσῆς ἔγραψεν ἡμῖν, Ἐάν τινος ἀδελφὸς ἀποθάνῃ ἔχων γυναῖκα, καὶ οὗτος ἄτεκνος ᾖ, ἵνα λάβῃ ὁ ἀδελφὸς αὐτοῦ τὴν γυναῖκα καὶ ἐξαναστήσῃ σπέρμα τῷ ἀδελφῷ αὐτοῦ.
2a141d0089	ἑπτὰ οὖν ἀδελφοὶ ἦσαν· καὶ ὁ πρῶτος λαβὼν γυναῖκα ἀπέθανεν ἄτεκνος·
2a141e001c	καὶ ὁ δεύτερος
2a141f00a3	καὶ ὁ τρίτος ἔλαβεν αὐτήν, ὡσαύτως δὲ καὶ οἱ ἑπτὰ οὐ κατέλιπον τέκνα, καὶ ἀπέθανον·
2a14200038	ὕστερον καὶ ἡ γυνὴ ἀπέθανεν.
2a1421009b	ἐν τῇ οὖν ἀναστάσει τίνος αὐτῶν γίνεται γυνή; οἱ γὰρ ἑπτὰ ἔσχον αὐτὴν γυναῖκα.
2a1422009d	Καὶ εἶπεν αὐτοῖς ὁ Ἰησοῦς, Οἱ υἱοὶ τοῦ αἰῶνος τούτου γαμοῦσιν καὶ γαμίσκονται,
2a142300da	οἱ δὲ καταξιωθέντες τοῦ αἰῶνος ἐκείνου τυχεῖν καὶ τῆς ἀναστάσεως τῆς ἐκ νεκρῶν οὔτε γαμοῦσιν οὔτε γαμίζονται·
2a142400c7	οὐδὲ γὰρ ἀποθανεῖν ἔτι δύνανται, ἰσάγγελοι γάρ εἰσιν, καὶ υἱοί εἰσιν θεοῦ τῆς ἀναστάσεως υἱοὶ ὄντες.
2a142500fa	ὅτι δὲ ἐγείρονται οἱ νεκροί, καὶ Μωυσῆς ἐμήνυσεν ἐπὶ τῆς βάτου, ὡς λέγει κύριον τὸν θεὸν Ἀβραὰμ καὶ θεὸν Ἰσαὰκ καὶ θεὸν Ἰακώβ·
2a14260079	θεὸς δὲ οὐκ ἔστιν νεκρῶν, ἀλλὰ ζώντων· πάντες γὰρ αὐτῷ ζῶσιν.
2a14270080	Ἀποκριθέντες δέ τινες τῶν γραμματέων εἶπαν, Διδάσκαλε, καλῶς εἶπας.
2a14280052	Οὐκέτι γὰρ ἐτόλμων ἐπερωτᾶν αὐτὸν οὐδέν.
2a14290081	Εἶπεν δὲ πρὸς αὐτούς, Πῶς λέγουσιν τὸν χριστὸν υἱὸν Δαυεὶδ εἶναι;
2a142a00a7	καὶ αὐτὸς Δαυεὶδ λέγει ἐν βίβλῳ ψαλμῶν, Εἶπεν κύριος τῷ κυρίῳ μου, Κάθου ἐκ δεξιῶν μου
2a142b0064	ἕως ἂν θῶ τοὺς ἐχθρούς σου ὑποπόδιον τῶν ποδῶν σου.
2a142c0070	Δαυεὶδ οὖν αὐτὸν κύριον καλεῖ, καὶ πῶς αὐτοῦ υἱός ἐστιν;
2a142d0062	Ἀκούοντος δὲ παντὸς τοῦ λαοῦ εἶπεν τοῖς μαθηταῖς,
2a142e015e	Προσέχετε ἀπὸ τῶν γραμματέων τῶν θελόντων περιπατεῖν ἐν στολαῖς, καὶ φιλούντων ἀσπασμοὺς ἐν ταῖς ἀγοραῖς καὶ πρωτοκαθεδρίας ἐν ταῖς συναγωγαῖς καὶ πρωτοκλισίας ἐν τοῖς δείπνοις·
2a142f00cd	οἳ κατεσθίουσιν τὰς οἰκίας τῶν χηρῶν, καὶ προφάσει μακρὰ προσεύχονται· οὗτοι λήμψονται περισσότερον κρίμα.
2a1501009b	Ἀναβλέψας δὲ εἶδεν τοὺς βάλλοντας εἰς τὸ γαζοφυλάκιον τὰ δῶρα αὐτῶν πλουσίους·
2a15020068	εἶδεν δέ τινα χήραν πενιχρὰν βάλλουσαν ἐκεῖ λεπτὰ δύο,
2a15030091	καὶ εἶπεν, Ἀληθῶς λέγω ὑμῖν ὅτι ἡ χήρα αὕτη ἡ πτωχὴ πλεῖον πάντων ἔβαλεν·
2a15040116	ἅπαντες γὰρ οὗτοι ἐκ τοῦ περισσεύοντος αὐτοῖς ἔβαλον εἰς τὰ δῶρα [τοῦ θεοῦ,] αὕτη δὲ ἐκ τοῦ ὑστερήματος αὐτῆς πάντα τὸν βίον ὃν εἶχεν ἔβαλεν.
2a150500a6	Καί τινων λεγόντων περὶ τοῦ ἱεροῦ, ὅτι λίθοις καλοῖς καὶ ἀναθήμασιν κεκόσμηται, εἶπεν,
2a150600b9	Ταῦτα ἃ θεωρεῖτε, ἐλεύσονται ἡμέραι ἐν αἷς οὐκ ἀφεθήσεται λίθος ἐπὶ λίθῳ, ὃς οὐ καταλυθήσεται.
2a150700cf	Ἐπηρώτησαν δὲ αὐτὸν λέγοντες, Διδάσκαλε, πότε οὖν ταῦτα ἔσται; καὶ τί τὸ σημεῖον ὅταν μέλλῃ ταῦτα γίνεσθαι;
2a15080122	Ὁ δὲ εἶπεν, Βλέπετε μὴ πλανηθῆτε· πολλοὶ γὰρ ἐλεύσονται ἐπὶ τῷ ὀνόματί μου, λέγοντες [ὅτι] Ἐγώ εἰμι, καὶ Ὁ καιρὸς ἤγγικεν· μὴ πορευθῆτε ὀπίσω αὐτῶν.
2a150900de	ὅταν δὲ ἀκούσητε πολέμους καὶ ἀκαταστασίας, μὴ πτοηθῆτε· δεῖ γὰρ ταῦτα γενέσθαι πρῶτον, ἀλλ᾽ οὐκ εὐθέως τὸ τέλος.
2a150a0097	Τότε ἔλεγεν αὐτοῖς, Ἐγερθήσεται ἔθνος ἐπ᾽ ἔθνος, καὶ βασιλεία ἐπὶ βασιλείαν·
2a150b00d2	σεισμοί τε μεγάλοι καὶ κατὰ τόπους λοιμοὶ καὶ λιμοὶ ἔσονται, φόβηθρά τε καὶ σημεῖα ἀπ᾽ οὐρανοῦ μεγάλα ἔσται.
2a150c0166	πρὸ δὲ τούτων πάντων ἐπιβαλοῦσιν ἐφ᾽ ὑμᾶς τὰς χεῖρας αὐτῶν, καὶ διώξουσιν, παραδιδόντες εἰς τὰς συναγωγὰς καὶ φυλακάς, ἀπαγομένους ἐπὶ βασιλεῖς καὶ ἡγεμόνας ἕνεκεν τοῦ ὀνόματός μου.
2a150d0045	ἀποβήσεται [δὲ] ὑμῖν εἰς μαρτύριον·
2a150e0075	θέτε οὖν ἐν ταῖς καρδίαις ὑμῶν μὴ προμελετᾶν ἀπολογηθῆναι·
2a150f00d2	ἐγὼ γὰρ δώσω ὑμῖν στόμα καὶ σοφίαν, ᾗ οὐ δυνήσονται ἀντιστῆναι [ἢ ἀντειπεῖν] ἅπαντες οἱ ἀντικείμενοι ὑμῖν.
2a151000b9	παραδοθήσεσθε δὲ καὶ ὑπὸ γονέων καὶ ἀδελφῶν καὶ συγγενῶν καὶ φίλων, καὶ θανατώσουσιν ἐξ ὑμῶν·
2a15110063	καὶ ἔσεσθε μισούμενοι ὑπὸ πάντων διὰ τὸ ὄνομά μου·
2a1512005a	καὶ θρὶξ ἐκ τῆς κεφαλῆς ὑμῶν οὐ μὴ ἀπόληται·
2a15130058	ἐν τῇ ὑπομονῇ ὑμῶν κτήσεσθε τὰς ψυχὰς ὑμῶν.
2a151400ba	Ὅταν δὲ ἴδητε κυκλουμένην ὑπὸ στρατοπέδων Ἱερουσαλήμ, τότε γνῶτε ὅτι ἤγγικεν ἡ ἐρήμωσις αὐτῆς.
2a151500ff	τότε οἱ ἐν τῇ Ἰουδαίᾳ φευγέτωσαν εἰς τὰ ὄρη, καὶ οἱ ἐν μέσῳ αὐτῆς ἐκχωρείτωσαν, καὶ οἱ ἐν ταῖς χώραις μὴ εἰσερχέσθωσαν εἰς αὐτήν.
2a15160086	ὅτι ἡμέραι ἐκδικήσεως αὗταί εἰσιν τοῦ πλησθῆναι πάντα τὰ γεγραμμένα.
2a1517010d	οὐαὶ ταῖς ἐν γαστρὶ ἐχούσαις καὶ ταῖς θηλαζούσαις ἐν ἐκείναις ταῖς ἡμέραις· ἔσται γὰρ ἀνάγκη μεγάλη ἐπὶ τῆς γῆς καὶ ὀργὴ τῷ λαῷ τούτῳ,
2a15180124	καὶ πεσοῦνται στόματι μαχαίρης καὶ αἰχμαλωτισθήσονται εἰς τὰ ἔθνη πάντα, καὶ Ἱερουσαλὴμ ἔσται πατουμένη ὑπὸ ἐθνῶν, ἄχρι οὗ πληρωθῶσιν καιροὶ ἐθνῶν.
2a151900e7	καὶ ἔσονται σημεῖα ἐν ἡλίῳ καὶ σελήνῃ καὶ ἄστροις, καὶ ἐπὶ τῆς γῆς συνοχὴ ἐθνῶν ἐν ἀπορίᾳ ἤχους θαλάσσης καὶ σάλου,
2a151a00eb	ἀποψυχόντων ἀνθρώπων ἀπὸ φόβου καὶ προσδοκίας τῶν ἐπερχομένων τῇ οἰκουμένῃ· αἱ γὰρ δυνάμεις τῶν οὐρανῶν σαλευθήσονται.
2a151b00b2	καὶ τότε ὄψονται τὸν υἱὸν τοῦ ἀνθρώπου ἐρχόμενον ἐν νεφέλῃ μετὰ δυνάμεως καὶ δόξης πολλῆς.
2a151c00ca	ἀρχομένων δὲ τούτων γίνεσθαι ἀνακύψατε καὶ ἐπάρατε τὰς κεφαλὰς ὑμῶν, διότι ἐγγίζει ἡ ἀπολύτρωσις ὑμῶν.
2a151d007e	Καὶ εἶπεν παραβολὴν αὐτοῖς, Ἴδετε τὴν συκῆν καὶ πάντα τὰ δένδρα.
2a151e00a0	ὅταν προβάλωσιν ἤδη, βλέποντες ἀφ᾽ ἑαυτῶν γινώσκετε ὅτι ἤδη ἐγγὺς τὸ θέρος ἐστίν.
2a151f00b0	οὕτως καὶ ὑμεῖς, ὅταν ἴδητε ταῦτα γινόμενα, γινώσκετε ὅτι ἐγγύς ἐστιν ἡ βασιλεία τοῦ θεοῦ.
2a15200085	ἀμὴν λέγω ὑμῖν ὅτι οὐ μὴ παρέλθῃ ἡ γενεὰ αὕτη ἕως ἂν πάντα γένηται.
2a15210088	ὁ οὐρανὸς καὶ ἡ γῆ παρελεύσονται, οἱ δὲ λόγοι μου οὐ μὴ παρελεύσονται.
2a15220122	προσέχετε δὲ ἑαυτοῖς μή ποτε βαρηθῶσιν αἱ καρδίαι ὑμῶν ἐν κραιπάλῃ καὶ μέθῃ καὶ μερίμναις βιωτικαῖς, καὶ ἐπιστῇ ἐφ᾽ ὑμᾶς αἰφνίδιος ἡ ἡμέρα ἐκείνη
2a152300a3	ὡς παγίς· ἐπεισελεύσεται γὰρ ἐπὶ πάντας τοὺς καθημένους ἐπὶ πρόσωπον πάσης τῆς γῆς.
2a15240119	ἀγρυπνεῖτε δὲ ἐν παντὶ καιρῷ δεόμενοι ἵνα κατισχύσητε ἐκφυγεῖν ταῦτα πάντα τὰ μέλλοντα γίνεσθαι, καὶ σταθῆναι ἔμπροσθεν τοῦ υἱοῦ τοῦ ἀνθρώπου.
2a152500d2	Ἦν δὲ τὰς ἡμέρας διδάσκων ἐν τῷ ἱερῷ· τὰς δὲ νύκτας ἐξερχόμενος ηὐλίζετο εἰς τὸ ὄρος τὸ καλούμενον Ἐλαιών.
2a1526007b	καὶ πᾶς ὁ λαὸς ὤρθριζεν πρὸς αὐτὸν ἐν τῷ ἱερῷ ἀκούειν αὐτοῦ.
2a1601005d	Ἤγγιζεν δὲ ἡ ἑορτὴ τῶν ἀζύμων ἡ λεγομένη πάσχα,
2a160200b3	καὶ ἐζήτουν οἱ ἀρχιερεῖς καὶ οἱ γραμματεῖς τὸ πῶς ἀνέλωσιν αὐτόν· ἐφοβοῦντο γὰρ τὸν λαόν.
2a160300b2	εἰσῆλθεν δὲ σατανᾶς εἰς Ἰούδαν τὸν καλούμενον Ἰσκαριώτην, ὄντα ἐκ τοῦ ἀριθμοῦ τῶν δώδεκα·
2a160400a8	καὶ ἀπελθὼν συνελάλησεν τοῖς ἀρχιερεῦσιν καὶ στρατηγοῖς τὸ πῶς αὐτοῖς παραδῷ αὐτόν.
2a16050062	καὶ ἐχάρησαν, καὶ συνέθεντο αὐτῷ ἀργύριον δοῦναι·
2a1606009d	καὶ ἐξωμολόγησεν, καὶ ἐζήτει εὐκαιρίαν τοῦ παραδοῦναι αὐτὸν ἄτερ ὄχλου αὐτοῖς.
2a16070067	Ἦλθεν δὲ ἡ ἡμέρα τῶν ἀζύμων ᾗ ἔδει θύεσθαι τὸ πάσχα·
2a160800af	καὶ ἀπέστειλεν Πέτρον καὶ Ἰωάνην εἰπών, Πορευθέντες ἑτοιμάσατε ἡμῖν τὸ πάσχα, ἵνα φάγωμεν.
2a16090051	οἱ δὲ εἶπαν αὐτῷ, Ποῦ θέλεις ἑτοιμάσωμεν;
2a160a013f	ὁ δὲ εἶπεν αὐτοῖς, Ἰδοὺ εἰσελθόντων ὑμῶν εἰς τὴν πόλιν συναντήσει ὑμῖν ἄνθρωπος κεράμιον ὕδατος βαστάζων· ἀκολουθήσατε αὐτῷ εἰς τὴν οἰκίαν εἰς ἣν εἰσπορεύεται·
2a160b00f1	καὶ ἐρεῖτε τῷ οἰκοδεσπότῃ τῆς οἰκίας, Λέγει σοι ὁ διδάσκαλος, Ποῦ ἐστιν τὸ κατάλυμα ὅπου τὸ πάσχα μετὰ τῶν μαθητῶν μου φάγω;
2a160c007f	κἀκεῖνος ὑμῖν δείξει ἀνάγαιον μέγα ἐστρωμένον· ἐκεῖ ἑτοιμάσατε.
2a160d0081	Ἀπελθόντες δὲ εὗρον καθὼς εἰρήκει αὐτοῖς, καὶ ἡτοίμασαν τὸ πάσχα.
2a160e0074	Καὶ ὅτε ἐγένετο ἡ ὥρα, ἀνέπεσεν καὶ οἱ ἀπόστολοι σὺν αὐτῷ.
2a160f00b8	καὶ εἶπεν πρὸς αὐτούς, Ἐπιθυμίᾳ ἐπεθύμησα τοῦτο τὸ πάσχα φαγεῖν μεθ᾽ ὑμῶν πρὸ τοῦ με παθεῖν·
2a161000a6	λέγω γὰρ ὑμῖν ὅτι [οὐκέτι] οὐ μὴ φάγω αὐτὸ ἕως ὅτου πληρωθῇ ἐν τῇ βασιλείᾳ τοῦ θεοῦ.
2a161100a4	Καὶ δεξάμενος ποτήριον εὐχαριστήσας εἶπεν, Λάβετε τοῦτο καὶ διαμερίσατε εἰς ἑαυτούς·
2a161200c6	λέγω γὰρ ὑμῖν οὐ μὴ πίω [ἀπὸ τοῦ νῦν] ἀπὸ τοῦ γενήματος τῆς ἀμπέλου ἕως οὗ ἡ βασιλεία τοῦ θεοῦ ἔλθῃ.
2a16130126	Καὶ λαβὼν ἄρτον εὐχαριστήσας ἔκλασεν καὶ ἔδωκεν αὐτοῖς λέγων, Τοῦτό ἐστιν τὸ σῶμά μου τὸ ὑπὲρ ὑμῶν διδόμενον· τοῦτο ποιεῖτε εἰς τὴν ἐμὴν ἀνάμνησιν.
2a161400f9	Καὶ τὸ ποτήριον ὡσαύτως μετὰ τὸ δειπνῆσαι λέγων, Τοῦτο τὸ ποτήριον ἡ καινὴ διαθήκη ἐν τῷ αἵματί μου, τὸ ὑπὲρ ὑμῶν ἐκχυννόμενον.
2a16150080	Πλὴν ἰδοὺ ἡ χεὶρ τοῦ παραδιδόντος με μετ᾽ ἐμοῦ ἐπὶ τῆς τραπέζης.
2a161600d2	ὅτι ὁ υἱὸς μὲν τοῦ ἀνθρώπου κατὰ τὸ ὡρισμένον πορεύεται· πλὴν οὐαὶ τῷ ἀνθρώπῳ ἐκείνῳ δι᾽ οὗ παραδίδοται.
2a161700b2	Καὶ αὐτοὶ ἤρξαντο συνζητεῖν πρὸς ἑαυτοὺς τὸ τίς ἄρα εἴη ἐξ αὐτῶν ὁ τοῦτο μέλλων πράσσειν.
2a16180088	Ἐγένετο δὲ καὶ φιλονεικία ἐν αὐτοῖς, τὸ τίς αὐτῶν δοκεῖ εἶναι μείζων.
2a161900d7	ὁ δὲ εἶπεν αὐτοῖς, Οἱ βασιλεῖς τῶν ἐθνῶν κυριεύουσιν αὐτῶν, καὶ οἱ ἐξουσιάζοντες αὐτῶν εὐεργέται καλοῦνται.
2a161a00bc	ὑμεῖς δὲ οὐχ οὕτως, ἀλλ᾽ ὁ μείζων ἐν ὑμῖν γινέσθω ὡς ὁ νεώτερος, καὶ ὁ ἡγούμενος ὡς ὁ διακονῶν.
2a161b00cd	τίς γὰρ μείζων, ὁ ἀνακείμενος, ἢ ὁ διακονῶν; οὐχὶ ὁ ἀνακείμενος; ἐγὼ δὲ ἐν μέσῳ ὑμῶν εἰμι ὡς ὁ διακονῶν.
2a161c0082	Ὑμεῖς δέ ἐστε οἱ διαμεμενηκότες μετ᾽ ἐμοῦ ἐν τοῖς πειρασμοῖς μου·
2a161d0078	κἀγὼ διατίθεμαι ὑμῖν, καθὼς διέθετό μοι ὁ πατήρ μου, βασιλείαν,
2a161e00f5	ἵνα ἔσθητε καὶ πίνητε ἐπὶ τῆς τραπέζης μου ἐν τῇ βασιλείᾳ μου, καὶ καθήσεσθε ἐπὶ θρόνων κρίνοντες τὰς δώδεκα φυλὰς τοῦ Ἰσραήλ.
2a161f00b0	[Εἶπεν δὲ ὁ κύριος,] Σίμων Σίμων, ἰδοὺ ὁ σατανᾶς ἐξῃτήσατο ὑμᾶς τοῦ σινιάσαι ὡς τὸν σῖτον·
2a162000c8	ἐγὼ δὲ ἐδεήθην περὶ σοῦ ἵνα μὴ ἐκλίπῃ ἡ πίστις σου· καὶ σύ ποτε ἐπιστρέψας στήρισον τοὺς ἀδελφούς σου.
2a162100ae	ὁ δὲ εἶπεν αὐτῷ, Κύριε, μετὰ σοῦ ἕτοιμός εἰμι καὶ εἰς φυλακὴν καὶ εἰς θάνατον πορεύεσθαι.
2a162200a1	ὁ δὲ εἶπεν, Λέγω σοι, Πέτρε, οὐ φωνήσει σήμερον ἀλέκτωρ ἕως τρίς με ἀπαρνήσῃ εἰδέναι.
2a162300ec	Καὶ εἶπεν αὐτοῖς, Ὅτε ἀπέστειλα ὑμᾶς ἄτερ βαλλαντίου καὶ πήρας καὶ ὑποδημάτων, μή τινος ὑστερήσατε; οἱ δὲ εἶπαν, Οὐθενός.
2a16240105	εἶπεν δὲ αὐτοῖς, Ἀλλὰ νῦν ὁ ἔχων βαλλάντιον ἀράτω, ὁμοίως καὶ πήραν· καὶ ὁ μὴ ἔχων πωλησάτω τὸ ἱμάτιον αὐτοῦ καὶ ἀγορασάτω μάχαιραν.
2a162500f7	λέγω γὰρ ὑμῖν ὅτι τοῦτο τὸ γεγραμμένον δεῖ τελεσθῆναι ἐν ἐμοί, τό Καὶ μετὰ ἀνόμων ἐλογίσθη· καὶ [γὰρ] τὸ περὶ ἐμοῦ τέλος ἔχει.
2a16260091	οἱ δὲ εἶπαν, Κύριε, ἰδοὺ μάχαιραι ὧδε δύο. ὁ δὲ εἶπεν αὐτοῖς, Ἱκανόν ἐστιν.
2a162700bc	Καὶ ἐξελθὼν ἐπορεύθη κατὰ τὸ ἔθος εἰς τὸ ὄρος τῶν Ἐλαιῶν· ἠκολούθησαν δὲ αὐτῷ καὶ οἱ μαθηταί.
2a1628009e	γενόμενος δὲ ἐπὶ τοῦ τόπου εἶπεν αὐτοῖς, Προσεύχεσθε μὴ εἰσελθεῖν εἰς πειρασμόν.
2a1629009a	καὶ αὐτὸς ἀπεσπάσθη ἀπ᾽ αὐτῶν ὡσεὶ λίθου βολήν, καὶ θεὶς τὰ γόνατα προσηύχετο
2a162a00ca	λέγων, Πάτερ, εἰ βούλει παρένεγκε τοῦτο τὸ ποτήριον ἀπ᾽ ἐμοῦ· πλὴν μὴ τὸ θέλημά μου, ἀλλὰ τὸ σὸν γινέσθω.
2a162b006b	Ὤφθη δὲ αὐτῷ ἄγγελος ἀπὸ τοῦ οὐρανοῦ ἐνισχύων αὐτόν.
2a162c00f2	καὶ γενόμενος ἐν ἀγωνίᾳ ἐκτενέστερον προσηύχετο. ἐγένετο δὲ ὁ ἱδρὼς αὐτοῦ ὡσεὶ θρόμβοι αἵματος καταβαίνοντες ἐπὶ τὴν γῆν.
2a162d00bd	καὶ ἀναστὰς ἀπὸ τῆς προσευχῆς ἐλθὼν πρὸς τοὺς μαθητὰς εὗρεν κοιμωμένους αὐτοὺς ἀπὸ τῆς λύπης,
2a162e00a7	καὶ εἶπεν αὐτοῖς, Τί καθεύδετε; ἀναστάντες προσεύχεσθε ἵνα μὴ εἰσέλθητε εἰς πειρασμόν.
2a162f00f5	Ἔτι αὐτοῦ λαλοῦντος, ἰδοὺ ὄχλος, καὶ ὁ λεγόμενος Ἰούδας εἷς τῶν δώδεκα προήρχετο αὐτούς, καὶ ἤγγισεν τῷ Ἰησοῦ φιλῆσαι αὐτόν.
2a1630008b	Ἰησοῦς δὲ εἶπεν αὐτῷ, Ἰούδα, φιλήματι τὸν υἱὸν τοῦ ἀνθρώπου παραδίδως;
2a16310093	ἰδόντες δὲ οἱ περὶ αὐτὸν τὸ ἐσόμενον εἶπαν, Κύριε, εἰ πατάξομεν ἐν μαχαίρῃ;
2a163200b6	καὶ ἐπάταξεν εἷς τις ἐξ αὐτῶν τοῦ ἀρχιερέως τὸν δοῦλον, καὶ ἀφεῖλεν τὸ οὖς αὐτοῦ τὸ δεξιόν.
2a163300a7	ἀποκριθεὶς δὲ ὁ Ἰησοῦς εἶπεν, Ἐᾶτε ἕως τούτου· καὶ ἁψάμενος τοῦ ὠτίου ἰάσατο αὐτόν.
2a16340131	εἶπεν δὲ Ἰησοῦς πρὸς τοὺς παραγενομένους ἐπ᾽ αὐτὸν ἀρχιερεῖς καὶ στρατηγοὺς τοῦ ἱεροῦ καὶ πρεσβυτέρους, Ὡς ἐπὶ λῃστὴν ἐξήλθατε μετὰ μαχαιρῶν καὶ ξύλων;
2a1635010a	καθ᾽ ἡμέραν ὄντος μου μεθ᾽ ὑμῶν ἐν τῷ ἱερῷ οὐκ ἐξετείνατε τὰς χεῖρας ἐπ᾽ ἐμέ. ἀλλὰ αὕτη ἐστὶν ὑμῶν ἡ ὥρα, καὶ ἡ ἐξουσία τοῦ σκότους.
2a163600cd	Συλλαβόντες δὲ αὐτὸν ἤγαγον, καὶ εἰσήγαγον εἰς τὴν οἰκίαν τοῦ ἀρχιερέως· ὁ δὲ Πέτρος ἠκολούθει μακρόθεν.
2a163700a6	περιαψάντων δὲ πῦρ ἐν μέσῳ τῆς αὐλῆς καὶ συγκαθισάντων ἐκάθητο ὁ Πέτρος μέσος αὐτῶν.
2a163800c7	ἰδοῦσα δὲ αὐτὸν παιδίσκη τις καθήμενον πρὸς τὸ φῶς καὶ ἀτενίσασα αὐτῷ, εἶπεν, Καὶ οὗτος σὺν αὐτῷ ἦν.
2a16390053	ὁ δὲ ἠρνήσατο λέγων, Οὐκ οἶδα αὐτὸν, γύναι.
2a163a00b8	καὶ μετὰ βραχὺ ἕτερος ἰδὼν αὐτὸν ἔφη, Καὶ σὺ ἐξ αὐτῶν εἶ. ὁ δὲ Πέτρος ἔφη, Ἄνθρωπε, οὐκ εἰμί.
2a163b00f1	καὶ διαστάσης ὡσεὶ ὥρας μιᾶς, ἄλλος τις διϊσχυρίζετο λέγων, Ἐπ᾽ ἀληθείας καὶ οὗτος μετ᾽ αὐτοῦ ἦν· καὶ γὰρ Γαλιλαῖός ἐστιν.
2a163c00c3	εἶπεν δὲ ὁ Πέτρος, Ἄνθρωπε, οὐκ οἶδα ὃ λέγεις. καὶ παραχρῆμα, ἔτι λαλοῦντος αὐτοῦ, ἐφώνησεν ἀλέκτωρ·
2a163d012a	καὶ στραφεὶς ὁ κύριος ἐνέβλεψεν τῷ Πέτρῳ, καὶ ὑπεμνήσθη ὁ Πέτρος τοῦ λόγου τοῦ κυρίου, ὡς εἶπεν αὐτῷ ὅτι Πρὶν ἀλέκτορα φωνῆσαι σήμερον, ἀπαρνήσῃ με τρίς.
2a163e0041	καὶ ἐξελθὼν ἔξω ἔκλαυσεν πικρῶς.
2a163f0075	Καὶ οἱ ἄνδρες οἱ συνέχοντες αὐτὸν ἐνέπαιζον αὐτῷ δέροντες·
2a16400097	καὶ περικαλύψαντες αὐτὸν ἐπηρώτων λέγοντες, Προφήτευσον, τίς ἐστιν ὁ παίσας σε;
2a1641005e	καὶ ἕτερα πολλὰ βλασφημοῦντες ἔλεγον εἰς αὐτόν.
2a164200f8	Καὶ ὡς ἐγένετο ἡμέρα, συνήχθη τὸ πρεσβυτέριον τοῦ λαοῦ ἀρχιερεῖς τε καὶ γραμματεῖς, καὶ ἀπήγαγον αὐτὸν εἰς τὸ συνέδριον αὐτῶν
2a164300b4	λέγοντες, Εἰ σὺ εἶ ὁ Χριστός, εἰπὸν ἡμῖν. εἶπεν δὲ αὐτοῖς, Ἐὰν ὑμῖν εἴπω, οὐ μὴ πιστεύσητε·
2a16440067	ἐὰν δὲ ἐρωτήσω, οὐ μὴ ἀποκριθῆτέ [μοι], [ἢ ἀπολύσητε].
2a164500a6	ἀπὸ τοῦ νῦν δὲ ἔσται ὁ υἱὸς τοῦ ἀνθρώπου καθήμενος ἐκ δεξιῶν τῆς δυνάμεως τοῦ θεοῦ.
2a164600b7	Εἶπαν δὲ πάντες, Σὺ οὖν εἶ ὁ υἱὸς τοῦ θεοῦ; ὁ δὲ πρὸς αὐτοὺς ἔφη, Ὑμεῖς λέγετε, ὅτι ἐγώ εἰμι.
2a164700ad	οἱ δὲ εἶπαν, Τί ἔτι ἔχομεν μαρτυρίας χρείαν; αὐτοὶ γὰρ ἠκούσαμεν ἀπὸ τοῦ στόματος αὐτοῦ.
2a17010080	Καὶ ἀναστὰν ἅπαν τὸ πλῆθος αὐτῶν ἤγαγον αὐτὸν ἐπὶ τὸν Πιλᾶτον.
2a17020135	Ἤρξαντο δὲ κατηγορεῖν αὐτοῦ λέγοντες, Τοῦτον εὕραμεν διαστρέφοντα τὸ ἔθνος ἡμῶν καὶ κωλύοντα φόρους Καίσαρι διδόναι, καὶ λέγοντα ἑαυτὸν χριστὸν βασιλέα εἶναι.
2a170300ca	ὁ δὲ Πιλᾶτος ἠρώτησεν αὐτὸν λέγων, Σὺ εἶ ὁ βασιλεὺς τῶν Ἰουδαίων; ὁ δὲ ἀποκριθεὶς αὐτῷ ἔφη, Σὺ λέγεις.
2a170400c4	ὁ δὲ Πιλᾶτος εἶπεν πρὸς τοὺς ἀρχιερεῖς καὶ τοὺς ὄχλους, Οὐδὲν εὑρίσκω αἴτιον ἐν τῷ ἀνθρώπῳ τούτῳ.
2a170500eb	οἱ δὲ ἐπίσχυον λέγοντες ὅτι Ἀνασείει τὸν λαόν, διδάσκων καθ᾽ ὅλης τῆς Ἰουδαίας, καὶ ἀρξάμενος ἀπὸ τῆς Γαλιλαίας ἕως ὧδε.
2a1706008b	Πιλᾶτος δὲ ἀκούσας Γαλιλαίαν ἐπηρώτησεν εἰ ὁ ἄνθρωπος Γαλιλαῖός ἐστιν,
2a17070106	καὶ ἐπιγνοὺς ὅτι ἐκ τῆς ἐξουσίας Ἡρώδου ἐστίν, ἀνέπεμψεν αὐτὸν πρὸς Ἡρώδην, ὄντα καὶ αὐτὸν ἐν Ἱεροσολύμοις ἐν ταύταις ταῖς ἡμέραις.
2a1708013f	Ὁ δὲ Ἡρώδης ἰδὼν τὸν Ἰησοῦν ἐχάρη λίαν· ἦν γὰρ ἐξ ἱκανῶν χρόνων θέλων ἰδεῖν αὐτὸν διὰ τὸ ἀκούειν περὶ αὐτοῦ, καὶ ἤλπιζέν τι σημεῖον ἰδεῖν ὑπ᾽ αὐτοῦ γινόμενον.
2a1709008a	ἐπηρώτα δὲ αὐτὸν ἐν λόγοις ἱκανοῖς· αὐτὸς δὲ οὐδὲν ἀπεκρίνατο αὐτῷ.
2a170a0096	εἱστήκεισαν δὲ οἱ ἀρχιερεῖς καὶ οἱ γραμματεῖς εὐτόνως κατηγοροῦντες αὐτοῦ.
2a170b0107	ἐξουθενήσας δὲ αὐτὸν ὁ Ἡρώδης σὺν τοῖς στρατεύμασιν αὐτοῦ καὶ ἐμπαίξας, περιβαλὼν [αὐτὸν] ἐσθῆτα λαμπρὰν ἀνέπεμψεν αὐτὸν τῷ Πιλάτῳ.
2a170c00eb	ἐγένοντο δὲ φίλοι ὅ τε Ἡρώδης καὶ ὁ Πιλᾶτος ἐν αὐτῇ τῇ ἡμέρᾳ μετ᾽ ἀλλήλων· προϋπῆρχον γὰρ ἐν ἔχθρᾳ ὄντες πρὸς αὐτούς.
2a170d008f	Πιλᾶτος δὲ συγκαλεσάμενος τοὺς ἀρχιερεῖς καὶ τοὺς ἄρχοντας καὶ τὸν λαὸν
2a170e0172	εἶπεν πρὸς αὐτούς, Προσηνέγκατέ μοι τὸν ἄνθρωπον τοῦτον, ὡς ἀποστρέφοντα τὸν λαόν· καὶ ἰδοὺ ἐγὼ ἐνώπιον ὑμῶν ἀνακρίνας οὐθὲν εὗρον ἐν τῷ ἀνθρώπῳ τούτῳ αἴτιον ὧν κατηγορεῖτε κατ᾽ αὐτοῦ·
2a170f00cc	ἀλλ᾽ οὐδὲ Ἡρώδης· ἀνέπεμψα γὰρ ὑμᾶς πρὸς αὐτόν, καὶ ἰδοὺ οὐδὲν ἄξιον θανάτου ἐστὶν πεπραγμένον αὐτῷ.
2a17100038	παιδεύσας οὖν αὐτὸν ἀπολύσω.
2a17120097	ἀνέκραγον δὲ παμπληθεὶ λέγοντες, Αἶρε τοῦτον, ἀπόλυσον δὲ ἡμῖν τὸν Βαραββᾶν·
2a17130098	ὅστις ἦν διὰ στάσιν τινὰ γενομένην ἐν τῇ πόλει καὶ φόνον βληθεὶς ἐν τῇ φυλακῇ.
2a17140073	Πάλιν δὲ ὁ Πιλᾶτος προσεφώνησεν θέλων ἀπολῦσαι τὸν Ἰησοῦν.
2a1715005c	οἱ δὲ ἐπεφώνουν λέγοντες, Σταύρου σταύρου αὐτόν.
2a171600f5	ὁ δὲ τρίτον εἶπεν πρὸς αὐτούς, Τί γὰρ κακὸν ἐποίησεν οὗτος; οὐδὲν αἴτιον θανάτου εὗρον ἐν αὐτῷ· παιδεύσας οὖν αὐτὸν ἀπολύσω.
2a171700db	οἱ δὲ ἐπέκειντο φωναῖς μεγάλαις αἰτούμενοι αὐτὸν σταυρωθῆναι, καὶ κατίσχυον αἱ φωναὶ αὐτῶν [καὶ τῶν ἀρχιερέων.]
2a1718005f	καὶ Πιλᾶτος ἐπέκρινεν γενέσθαι τὸ αἴτημα αὐτῶν·
2a171900e2	ἀπέλυσεν δὲ τὸν διὰ στάσιν καὶ φόνον βεβλημένον εἰς φυλακήν, ὃν ᾐτοῦντο· τὸν δὲ Ἰησοῦν παρέδωκεν τῷ θελήματι αὐτῶν.
2a171a0102	Καὶ ὡς ἀπήγαγον αὐτόν, ἐπιλαβόμενοι Σίμωνά τινα Κυρηναίον ἐρχόμενον ἀπ᾽ ἀγροῦ, ἐπέθηκαν αὐτῷ τὸν σταυρὸν φέρειν ὄπισθεν τοῦ Ἰησοῦ.
2a171b00aa	ἠκολούθει δὲ αὐτῷ πολὺ πλῆθος τοῦ λαοῦ καὶ γυναικῶν, αἳ ἐκόπτοντο καὶ ἐθρήνουν αὐτόν.
2a171c00fa	στραφεὶς δὲ πρὸς αὐτὰς Ἰησοῦς εἶπεν, Θυγατέρες Ἱερουσαλήμ, μὴ κλαίετε ἐπ᾽ ἐμέ, πλὴν ἐφ᾽ ἑαυτὰς κλαίετε καὶ ἐπὶ τὰ τέκνα ὑμῶν.
2a171d00ef	ὅτι ἰδοὺ ἔρχονται ἡμέραι ἐν αἷς ἐροῦσιν, Μακάριαι αἱ στεῖραι, καὶ αἱ κοιλίαι αἳ οὐκ ἐγέννησαν, καὶ μαστοὶ οἳ οὐκ ἔθρεψαν.
2a171e00a3	τότε ἄρξονται λέγειν τοῖς ὄρεσιν, Πέσατε ἐφ᾽ ἡμᾶς, καὶ τοῖς βουνοῖς, Καλύψατε ἡμᾶς·
2a171f007a	ὅτι εἰ ἐν [τῷ] ὑγρῷ ξύλῳ ταῦτα ποιοῦσιν, ἐν τῷ ξηρῷ τί γένηται;
2a17200071	Ἤγοντο δὲ καὶ ἕτεροι δύο κακοῦργοι σὺν αὐτῷ ἀναιρεθῆναι.
2a17210105	καὶ ὅτε ἦλθον ἐπὶ τὸν τόπον τὸν καλούμενον Κρανίον, ἐκεῖ ἐσταύρωσαν αὐτὸν καὶ τοὺς κακούργους, ὃν μὲν ἐκ δεξιῶν, ὃν δὲ ἐξ ἀριστερῶν.
2a172200e5	ὁ δὲ Ἰησοῦς ἔλεγεν, Πάτερ, ἄφες αὐτοῖς· οὐ γὰρ οἴδασιν τί ποιοῦσιν. Διαμεριζόμενοι δὲ τὰ ἱμάτια αὐτοῦ ἔβαλον κλῆρον.
2a1723011d	καὶ εἱστήκει ὁ λαὸς θεωρῶν. ἐξεμυκτήριζον δὲ καὶ οἱ ἄρχοντες λέγοντες, Ἄλλους ἔσωσεν σωσάτω ἑαυτόν, εἰ οὗτός ἐστιν ὁ χριστὸς ὁ τοῦ θεοῦ ἐκλεκτός.
2a17240093	ἐνέπαιζον δὲ αὐτῷ καὶ οἱ στρατιῶται προσερχόμενοι, ὄξος προσφέροντες αὐτῷ,
2a17250078	καὶ λέγοντες, Εἰ σὺ εἶ ὁ βασιλεὺς τῶν Ἰουδαίων, σῶσον σεαυτόν.
2a17260095	Ἦν δὲ καὶ ἐπιγραφὴ [ἐπιγεγραμμένη] ἐπ᾽ αὐτῷ Ὁ βασιλεὺς τῶν Ἰουδαίων οὗτος.
2a172700cd	Εἷς δὲ τῶν κρεμασθέντων κακούργων ἐβλασφήμει αὐτὸν [λέγων], Οὐχὶ σὺ εἶ ὁ χριστός; σῶσον σεαυτὸν καὶ ἡμᾶς.
2a172800b7	ἀποκριθεὶς δὲ ὁ ἕτερος ἐπιτιμῶν αὐτῷ ἔφη, Οὐδὲ φοβῇ σὺ τὸν θεόν, ὅτι ἐν τῷ αὐτῷ κρίματι εἶ;
2a172900b4	καὶ ἡμεῖς μὲν δικαίως, ἄξια γὰρ ὧν ἐπράξαμεν ἀπολαμβάνομεν· οὗτος δὲ οὐδὲν ἄτοπον ἔπραξεν.
2a172a0079	καὶ ἔλεγεν, Ἰησοῦ, μνήσθητί μου ὅταν ἔλθῃς ἐν τῇ βασιλείᾳ σου.
2a172b009d	καὶ εἶπεν αὐτῷ [ὁ Ἰησοῦς], Ἀμήν σοι λέγω, σήμερον μετ᾽ ἐμοῦ ἔσῃ ἐν τῷ παραδείσῳ.
2a172c009e	Καὶ ἦν [ἤδη] ὡσεὶ ὥρα ἕκτη, καὶ σκότος ἐγένετο ἐφ᾽ ὅλην τὴν γῆν ἕως ὥρας ἐνάτης.
2a172d0080	καὶ ἐσκοτίσθη ὁ ἥλιος, καὶ ἐσχίσθη τὸ καταπέτασμα τοῦ ναοῦ μέσον·
2a172e00e0	καὶ φωνήσας φωνῇ μεγάλῃ ὁ Ἰησοῦς εἶπεν, Πάτερ, εἰς χεῖράς σου παρατίθεμαι τὸ πνεῦμά μου. τοῦτο δὲ εἰπὼν ἐξέπνευσεν.
2a172f00bb	ἰδὼν δὲ ὁ ἑκατοντάρχης τὸ γενόμενον ἐδόξαζεν τὸν θεὸν λέγων, Ὄντως ὁ ἄνθρωπος οὗτος δίκαιος ἦν.
2a173000df	καὶ πάντες οἱ συμπαραγενόμενοι ὄχλοι ἐπὶ τὴν θεωρίαν ταύτην, θεωρήσαντες τὰ γενόμενα, τύπτοντες τὰ στήθη ὑπέστρεφον.
2a173100e9	εἱστήκεισαν δὲ πάντες οἱ γνωστοὶ αὐτῷ μακρόθεν, καὶ γυναῖκες αἱ συνακολουθοῦσαι αὐτῷ ἀπὸ τῆς Γαλιλαίας, ὁρῶσαι ταῦτα.
2a17320091	Καὶ ἰδοὺ ἀνὴρ ὀνόματι Ἰωσὴφ βουλευτὴς ὑπάρχων, ἀνὴρ ἀγαθὸς καὶ δίκαιος,
2a1733010b	(οὗτος οὐκ ἦν συγκατατεθειμένος τῇ βουλῇ καὶ τῇ πράξει αὐτῶν,) ἀπὸ Ἀριμαθαίας πόλεως τῶν Ἰουδαίων, ὃς προσεδέχετο τὴν βασιλείαν τοῦ θεοῦ,
2a17340069	οὗτος προσελθὼν τῷ Πιλάτῳ ᾐτήσατο τὸ σῶμα τοῦ Ἰησοῦ.
2a173500d0	καὶ καθελὼν ἐνετύλιξεν αὐτὸ σινδόνι, καὶ ἔθηκεν αὐτὸν ἐν μνήματι λαξευτῷ, οὗ οὐκ ἦν οὐδεὶς οὔπω κείμενος.
2a1736005e	καὶ ἡμέρα ἦν παρασκευῆς, καὶ σάββατον ἐπέφωσκεν.
2a17370109	κατακολουθήσασαι δὲ αἱ γυναῖκες, αἵτινες ἦσαν συνεληλυθυῖαι [αὐτῷ] ἐκ τῆς Γαλιλαίας, ἐθεάσαντο τὸ μνημεῖον καὶ ὡς ἐτέθη τὸ σῶμα αὐτοῦ·
2a173800b2	ὑποστρέψασαι δὲ ἡτοίμασαν ἀρώματα καὶ μύρα· καὶ τὸ μὲν σάββατον ἡσύχασαν κατὰ τὴν ἐντολήν.
2a180100a8	Τῇ δὲ μιᾷ τῶν σαββάτων ὄρθρου βαθέως ἦλθον ἐπὶ τὸ μνῆμα φέρουσαι ἃ ἡτοίμασαν ἀρώματα.
2a18020067	Εὗρον δὲ τὸν λίθον ἀποκεκυλισμένον ἀπὸ τοῦ μνημείου,
2a18030065	εἰσελθοῦσαι δὲ οὐχ εὗρον τὸ σῶμα τοῦ κυρίου Ἰησοῦ.
2a180400d9	καὶ ἐγένετο ἐν τῷ ἀπορεῖσθαι αὐτὰς περὶ τούτου, καὶ ἰδοὺ ἄνδρες δύο ἐπέστησαν αὐταῖς ἐν ἐσθῆτι ἀστραπτούσῃ.
2a180500ec	ἐμφόβων δὲ γενομένων αὐτῶν καὶ κλινουσῶν τὰ πρόσωπα εἰς τὴν γῆν, εἶπαν πρὸς αὐτάς, Τί ζητεῖτε τὸν ζῶντα μετὰ τῶν νεκρῶν;
2a18060098	οὐκ ἔστιν ὧδε, ἀλλὰ ἠγέρθη· μνήσθητε ὡς ἐλάλησεν ὑμῖν ἔτι ὢν ἐν τῇ Γαλιλαίᾳ,
2a180700fa	λέγων, Τὸν υἱὸν τοῦ ἀνθρώπου ὅτι δεῖ παραδοθῆναι εἰς χεῖρας ἀνθρώπων ἁμαρτωλῶν καὶ σταυρωθῆναι καὶ τῇ τρίτῃ ἡμέρᾳ ἀναστῆναι.
2a18080043	καὶ ἐμνήσθησαν τῶν ῥημάτων αὐτοῦ,
2a180900b7	καὶ ὑποστρέψασαι ἀπὸ τοῦ μνημείου ἀπήγγειλαν ταῦτα πάντα τοῖς ἕνδεκα καὶ πᾶσιν τοῖς λοιποῖς.
2a180a00e7	[ἦσαν δὲ] ἡ Μαγδαληνὴ Μαρία καὶ Ἰωάνα καὶ Μαρία ἡ Ἰακώβου καὶ αἱ λοιπαὶ σὺν αὐταῖς ἔλεγον πρὸς τοὺς ἀποστόλους ταῦτα.
2a180b0098	καὶ ἐφάνησαν ἐνώπιον αὐτῶν ὡσεὶ λῆρος τὰ ῥήματα ταῦτα, καὶ ἠπίστουν αὐταῖς.
2a180c00f8	[ὁ δὲ Πέτρος ἀναστὰς ἔδραμεν ἐπὶ τὸ μνημεῖον, καὶ παρακύψας βλέπει τὰ ὀθόνια μόνα, καὶ ἀπῆλθεν πρὸς αὐτὸν θαυμάζων τὸ γεγονός.]
2a180d00fd	Καὶ ἰδοὺ δύο ἐξ αὐτῶν ἦσαν πορευόμενοι ἐν αὐτῇ τῇ ἡμέρᾳ εἰς κώμην ἀπέχουσαν σταδίους ἑξήκοντα ἀπὸ Ἱερουσαλήμ, ᾗ ὄνομα Ἐμμαούς·
2a180e0086	καὶ αὐτοὶ ὡμίλουν πρὸς ἀλλήλους περὶ πάντων τῶν συμβεβηκότων τούτων.
2a180f00be	καὶ ἐγένετο ἐν τῷ ὁμιλεῖν αὐτοὺς καὶ συνζητεῖν, καὶ αὐτὸς Ἰησοῦς ἐγγίσας συνεπορεύετο αὐτοῖς·
2a18100072	οἱ δὲ ὀφθαλμοὶ αὐτῶν ἐκρατοῦντο τοῦ μὴ ἐπιγνῶναι αὐτόν.
2a181100df	εἶπεν δὲ πρὸς αὐτούς, Τίνες οἱ λόγοι οὗτοι, οὓς ἀντιβάλλετε πρὸς ἀλλήλους περιπατοῦντες; (καὶ ἐστάθησαν σκυθρωποί·)
2a18120117	ἀποκριθεὶς δὲ εἷς ὀνόματι Κλεόπας, εἶπεν πρὸς αὐτόν, Σὺ μόνος παροικεῖς Ἱερουσαλὴμ καὶ οὐκ ἔγνως τὰ γενόμενα ἐν αὐτῇ ἐν ταῖς ἡμέραις ταύταις;
2a1813013e	καὶ εἶπεν αὐτοῖς, Ποῖα; οἱ δὲ εἶπαν αὐτῷ, Τὰ περὶ Ἰησοῦ τοῦ Ναζαρηνοῦ, ὃς ἐγένετο ἀνὴρ προφήτης δυνατὸς ἐν ἔργῳ καὶ λόγῳ ἐναντίον τοῦ θεοῦ καὶ παντὸς τοῦ λαοῦ,
2a181400c2	ὅπως τε παρέδωκαν αὐτὸν οἱ ἀρχιερεῖς καὶ οἱ ἄρχοντες ἡμῶν εἰς κρίμα θανάτου καὶ ἐσταύρωσαν αὐτόν·
2a1815012d	ἡμεῖς δὲ ἠλπίζομεν ὅτι αὐτός ἐστιν ὁ μέλλων λυτροῦσθαι τὸν Ἰσραήλ. ἀλλά γε καὶ σὺν πᾶσιν τούτοις τρίτην ταύτην ἡμέραν ἄγει [σήμερον] ἀφ᾽ οὗ ταῦτα ἐγένετο.
2a181600a8	ἀλλὰ καὶ γυναῖκές τινες ἐξ ἡμῶν ἐξέστησαν ἡμᾶς, γενόμεναι ὀρθριναὶ ἐπὶ τὸ μνημεῖον,
2a181700c6	καὶ μὴ εὑροῦσαι τὸ σῶμα αὐτοῦ ἦλθον λέγουσαι καὶ ὀπτασίαν ἀγγέλων ἑωρακέναι, οἳ λέγουσιν αὐτὸν ζῇν.
2a181800d9	καὶ ἀπῆλθόν τινες τῶν σὺν ἡμῖν ἐπὶ τὸ μνημεῖον, καὶ εὗρον οὕτως καθὼς αἱ γυναῖκες εἶπον, αὐτὸν δὲ οὐκ εἶδον.
2a181900dd	Καὶ αὐτὸς εἶπεν πρὸς αὐτούς, Ὦ ἀνόητοι καὶ βραδεῖς τῇ καρδίᾳ τοῦ πιστεύειν ἐπὶ πᾶσιν οἷς ἐλάλησαν οἱ προφῆται·
2a181a008c	οὐχὶ ταῦτα ἔδει παθεῖν τὸν χριστὸν καὶ εἰσελθεῖν εἰς τὴν δόξαν αὐτοῦ;
2a181b00df	καὶ ἀρξάμενος ἀπὸ Μωυσέως καὶ ἀπὸ πάντων τῶν προφητῶν, διερμήνευσεν αὐτοῖς ἐν πάσαις ταῖς γραφαῖς τὰ περὶ αὐτοῦ.
2a181c00ad	καὶ ἤγγισαν εἰς τὴν κώμην οὗ ἐπορεύοντο, καὶ αὐτὸς προσεποιήσατο ποῤῥώτερον πορεύεσθαι·
2a181d010d	καὶ παρεβιάσαντο αὐτὸν λέγοντες, Μεῖνον μεθ᾽ ἡμῶν, ὅτι πρὸς ἑσπέραν ἐστὶν καὶ κέκλικεν ἤδη ἡ ἡμέρα. καὶ εἰσῆλθεν τοῦ μεῖναι σὺν αὐτοῖς.
2a181e00cd	καὶ ἐγένετο ἐν τῷ κατακλιθῆναι αὐτὸν μετ᾽ αὐτῶν, λαβὼν τὸν ἄρτον εὐλόγησεν καὶ κλάσας ἐπεδίδου αὐτοῖς.
2a181f00ba	αὐτῶν δὲ διηνοίχθησαν οἱ ὀφθαλμοί, καὶ ἐπέγνωσαν αὐτόν· καὶ αὐτὸς ἄφαντος ἐγένετο ἀπ᾽ αὐτῶν.
2a182000ef	καὶ εἶπαν πρὸς ἀλλήλους, Οὐχὶ ἡ καρδία ἡμῶν καιομένη ἦν [ἐν ἡμῖν] ὡς ἐλάλει ἡμῖν ἐν τῇ ὁδῷ ὡς διήνοιγεν ἡμῖν τὰς γραφάς;
2a182100dc	Καὶ ἀναστάντες αὐτῇ τῇ ὥρᾳ ὑπέστρεψαν εἰς Ἱερουσαλήμ, καὶ εὗρον ἠθροισμένους τοὺς ἕνδεκα καὶ τοὺς σὺν αὐτοῖς,
2a18220064	λέγοντας ὅτι Ὄντως ἠγέρθη ὁ κύριος, καὶ ὤφθη Σίμωνι.
2a1823009f	καὶ αὐτοὶ ἐξηγοῦντο τὰ ἐν τῇ ὁδῷ καὶ ὡς ἐγνώσθη αὐτοῖς ἐν τῇ κλάσει τοῦ ἄρτου.
2a182400a3	ταῦτα δὲ αὐτῶν λαλούντων αὐτὸς ἔστη ἐν μέσῳ αὐτῶν, καὶ λέγει αὐτοῖς, Εἰρήνη ὑμῖν.
2a18250074	πτοηθέντες δὲ καὶ ἔμφοβοι γενόμενοι ἐδόκουν πνεῦμα θεωρεῖν.
2a182600b9	καὶ εἶπεν αὐτοῖς, Τί τεταραγμένοι ἐστέ; καὶ διὰ τί διαλογισμοὶ ἀναβαίνουσιν ἐν τῇ καρδίᾳ ὑμῶν;
2a18270120	ἴδετε τὰς χεῖράς μου καὶ τοὺς πόδας μου, ὅτι ἐγώ εἰμι αὐτός· ψηλαφήσατέ με καὶ ἴδετε ὅτι πνεῦμα σάρκα καὶ ὀστέα οὐκ ἔχει καθὼς ἐμὲ θεωρεῖτε ἔχοντα.
2a18280075	[καὶ τοῦτο εἰπὼν ἔδειξεν αὐτοῖς τὰς χεῖρας καὶ τοὺς πόδας.]
2a182900bc	ἔτι δὲ ἀπιστούντων αὐτῶν ἀπὸ τῆς χαρᾶς καὶ θαυμαζόντων, εἶπεν αὐτοῖς, Ἔχετέ τι βρώσιμον ἐνθάδε;
2a182a0083	οἱ δὲ ἐπέδωκαν αὐτῷ ἰχθύος ὀπτοῦ μέρος, [καὶ ἀπὸ μελισσίου κηρίου.]
2a182b003f	καὶ λαβὼν ἐνώπιον αὐτῶν ἔφαγεν.
2a182c0163	εἶπεν δὲ πρὸς αὐτούς, Οὗτοι οἱ λόγοι μου οὓς ἐλάλησα πρὸς ὑμᾶς ἔτι ὢν σὺν ὑμῖν, ὅτι δεῖ πληρωθῆναι πάντα τὰ γεγραμμένα ἐν τῷ νόμῳ Μωυσέως καὶ [τοῖς] προφήταις καὶ ψαλμοῖς περὶ ἐμοῦ.
2a182d006a	τότε διήνοιξεν αὐτῶν τὸν νοῦν τοῦ συνιέναι τὰς γραφάς·
2a182e00c0	καὶ εἶπεν αὐτοῖς ὅτι Οὕτως γέγραπται παθεῖν τὸν χριστὸν καὶ ἀναστῆναι ἐκ νεκρῶν τῇ τρίτῃ ἡμέρᾳ,
2a182f00dd	καὶ κηρυχθῆναι ἐπὶ τῷ ὀνόματι αὐτοῦ μετάνοιαν καὶ ἄφεσιν ἁμαρτιῶν εἰς πάντα τὰ ἔθνη, ἀρξάμενοι ἀπὸ Ἱερουσαλήμ.
2a18300037	ὑμεῖς [ἐστε] μάρτυρες τούτων.
2a18310102	καὶ ἰδοὺ ἐγὼ ἐξαποστέλλω τὴν ἐπαγγελίαν τοῦ πατρός μου ἐφ᾽ ὑμᾶς· ὑμεῖς δὲ καθίσατε ἐν τῇ πόλει ἕως οὗ ἐνδύσησθε ἐξ ὕψους δύναμιν.
2a183200a6	Ἐξήγαγεν δὲ αὐτοὺς ἕως πρὸς Βηθανίαν, καὶ ἐπάρας τὰς χεῖρας αὐτοῦ εὐλόγησεν αὐτούς.
2a183300b3	καὶ ἐγένετο ἐν τῷ εὐλογεῖν αὐτὸν αὐτοὺς διέστη ἀπ᾽ αὐτῶν, καὶ ἀνεφέρετο εἰς τὸν οὐρανόν.
2a1834009a	καὶ αὐτοὶ προσκυνήσαντες αὐτὸν ὑπέστρεψαν εἰς Ἱερουσαλὴμ μετὰ χαρᾶς μεγάλης·
2a1835009d	καὶ ἦσαν διαπαντὸς ἐν τῷ ἱερῷ [αἰνοῦντες καὶ] εὐλογοῦντες τὸν θεόν. ΚΑΤΑ ΛΟΥΚΑΝ.
2b00000017	Κατα Ιωαννην
2b01010087	Ἐν ἀρχῇ ἦν ὁ λόγος, καὶ ὁ λόγος ἦν πρὸς τὸν θεόν, καὶ θεὸς ἦν ὁ λόγος.
2b0102003f	οὗτος ἦν ἐν ἀρχῇ πρὸς τὸν θεόν·
2b01030086	πάντα δι᾽ αὐτοῦ ἐγένετο, καὶ χωρὶς αὐτοῦ ἐγένετο οὐδὲ ἕν. ὃ γέγονεν
2b01040062	ἐν αὐτῷ ζωὴ ἦν, καὶ ἡ ζωὴ ἦν τὸ φῶς τῶν ἀνθρώπων,
2b0105007b	καὶ τὸ φῶς ἐν τῇ σκοτίᾳ φαίνει, καὶ ἡ σκοτία αὐτὸ οὐ κατέλαβεν.
2b01060077	Ἐγένετο ἄνθρωπος ἀπεσταλμένος παρὰ θεοῦ, ὄνομα αὐτῷ Ἰωάνης·
2b010700af	οὗτος ἦλθεν εἰς μαρτυρίαν, ἵνα μαρτυρήσῃ περὶ τοῦ φωτός, ἵνα πάντες πιστεύσωσιν δι᾽ αὐτοῦ.
2b01080072	οὐκ ἦν ἐκεῖνος τὸ φῶς, ἀλλ᾽ ἵνα μαρτυρήσῃ περὶ τοῦ φωτός.
2b0109008f	ἦν τὸ φῶς τὸ ἀληθινόν, ὃ φωτίζει πάντα ἄνθρωπον, ἐρχόμενον εἰς τὸν κόσμον.
2b010a0096	ἐν τῷ κόσμῳ ἦν, καὶ ὁ κόσμος δι᾽ αὐτοῦ ἐγένετο, καὶ ὁ κόσμος αὐτὸν οὐκ ἔγνω.
2b010b0065	εἰς τὰ ἴδια ἦλθεν, καὶ οἱ ἴδιοι αὐτὸν οὐ παρέλαβον.
2b010c00c9	ὅσοι δὲ ἔλαβαν αὐτόν, ἔδωκεν αὐτοῖς ἐξουσίαν τέκνα θεοῦ γενέσθαι, τοῖς πιστεύουσιν εἰς τὸ ὄνομα αὐτοῦ,
2b010d00bc	οἳ οὐκ ἐξ αἱμάτων οὐδὲ ἐκ θελήματος σαρκὸς οὐδὲ ἐκ θελήματος ἀνδρὸς ἀλλ᾽ ἐκ θεοῦ ἐγεννήθησαν.
2b010e0114	Καὶ ὁ λόγος σὰρξ ἐγένετο, καὶ ἐσκήνωσεν ἐν ἡμῖν, καὶ ἐθεασάμεθα τὴν δόξαν αὐτοῦ, δόξαν ὡς μονογενοῦς παρὰ πατρός, πλήρης χάριτος καὶ ἀληθείας.
2b010f00fd	Ἰωάνης μαρτυρεῖ περὶ αὐτοῦ, καὶ κέκραγεν λέγων, Οὗτος ἦν ὃν εἶπον, Ὁ ὀπίσω μου ἐρχόμενος, ἔμπροσθέν μου γέγονεν· ὅτι πρῶτός μου ἦν.
2b01100092	ὅτι ἐκ τοῦ πληρώματος αὐτοῦ ἡμεῖς πάντες ἐλάβομεν καὶ χάριν ἀντὶ χάριτος·
2b0111009b	ὅτι ὁ νόμος διὰ Μωυσέως ἐδόθη, ἡ χάρις καὶ ἡ ἀλήθεια διὰ Ἰησοῦ χριστοῦ ἐγένετο.
2b011200b8	Θεὸν οὐδεὶς ἑώρακεν πώποτε· μονογενὴς θεὸς ὁ ὢν εἰς τὸν κόλπον τοῦ πατρός, ἐκεῖνος ἐξηγήσατο.
2b0113011e	καὶ αὕτη ἐστὶν ἡ μαρτυρία τοῦ Ἰωάνου, ὅτε ἀπέστειλαν πρὸς αὐτὸν οἱ Ἰουδαῖοι ἐξ Ἱεροσολύμων ἱερεῖς καὶ Λευείτας, ἵνα ἐρωτήσωσιν αὐτόν, Σὺ τίς εἶ;
2b01140096	καὶ ὡμολόγησεν καὶ οὐκ ἠρνήσατο, καὶ ὡμολόγησεν ὅτι Ἐγὼ οὐκ εἰμὶ ὁ χριστός.
2b011500b7	καὶ ἠρώτησαν αὐτόν, Τί οὖν; σὺ Ἡλίας εἶ; καὶ λέγει, Οὐκ εἰμί. Ὁ προφήτης εἶ σύ; καὶ ἀπεκρίθη, Οὔ.
2b011600aa	Εἶπαν οὖν αὐτῷ, Τίς εἶ; ἵνα ἀπόκρισιν δῶμεν τοῖς πέμψασιν ἡμᾶς· τί λέγεις περὶ σεαυτοῦ;
2b011700b5	ἔφη, Ἐγὼ φωνὴ βοῶντος, ἐν τῇ ἐρήμῳ εὐθύνατε τὴν ὁδὸν κυρίου· καθὼς εἶπεν Ἡσαΐας ὁ προφήτης.
2b0118004d	καὶ ἀπεσταλμένοι ἦσαν ἐκ τῶν Φαρισαίων,
2b011900cd	καὶ ἠρώτησαν αὐτὸν καὶ εἶπαν αὐτῷ, Τί οὖν βαπτίζεις, εἰ σὺ οὐκ εἶ ὁ χριστὸς οὐδὲ Ἡλίας οὐδὲ ὁ προφήτης;
2b011a00b7	ἀπεκρίθη αὐτοῖς ὁ Ἰωάνης λέγων, Ἐγὼ βαπτίζω ἐν ὕδατι· μέσος ὑμῶν στήκει ὃν ὑμεῖς οὐκ οἴδατε,
2b011b00b0	[ὁ] ὀπίσω μου ἐρχόμενος, οὗ οὐκ εἰμὶ [ἐγὼ] ἄξιος ἵνα λύσω αὐτοῦ τὸν ἱμάντα τοῦ ὑποδήματος.
2b011c008b	Ταῦτα ἐν Βηθανίᾳ ἐγένετο πέραν τοῦ Ἰορδάνου, ὅπου ἦν ὁ Ἰωάνης βαπτίζων.
2b011d00e6	Τῇ ἐπαύριον βλέπει τὸν Ἰησοῦν ἐρχόμενον πρὸς αὐτόν, καὶ λέγει, Ἴδε ὁ ἀμνὸς τοῦ θεοῦ, ὁ αἴρων τὴν ἁμαρτίαν τοῦ κόσμου.
2b011e00c2	οὗτός ἐστιν ὑπὲρ οὗ ἐγὼ εἶπον, Ὀπίσω μου ἔρχεται ἀνὴρ, ὃς ἔμπροσθέν μου γέγονεν, ὅτι πρῶτός μου ἦν.
2b011f00b2	κἀγὼ οὐκ ᾔδειν αὐτόν, ἀλλ᾽ ἵνα φανερωθῇ τῷ Ἰσραήλ, διὰ τοῦτο ἦλθον ἐγὼ ἐν ὕδατι βαπτίζων.
2b012000dd	καὶ ἐμαρτύρησεν Ἰωάνης λέγων ὅτι Τεθέαμαι τὸ πνεῦμα καταβαῖνον ὡς περιστερὰν ἐξ οὐρανοῦ, καὶ ἔμεινεν ἐπ᾽ αὐτόν.
2b0121015a	κἀγὼ οὐκ ᾔδειν αὐτόν, ἀλλ᾽ ὁ πέμψας με βαπτίζειν ἐν ὕδατι, ἐκεῖνός μοι εἶπεν, Ἐφ᾽ ὃν ἂν ἴδῃς τὸ πνεῦμα καταβαῖνον καὶ μένον ἐπ᾽ αὐτόν, οὗτός ἐστιν ὁ βαπτίζων ἐν πνεύματι ἁγίῳ.
2b0122007a	κἀγὼ ἑώρακα, καὶ μεμαρτύρηκα ὅτι οὗτός ἐστιν ὁ υἱὸς τοῦ θεοῦ.
2b0123007d	Τῇ ἐπαύριον πάλιν εἱστήκει Ἰωάνης καὶ ἐκ τῶν μαθητῶν αὐτοῦ δύο.
2b0124007e	καὶ ἐμβλέψας τῷ Ἰησοῦ περιπατοῦντι λέγει, Ἴδε ὁ ἀμνὸς τοῦ θεοῦ.
2b0125008a	καὶ ἤκουσαν οἱ δύο μαθηταὶ αὐτοῦ λαλοῦντος, καὶ ἠκολούθησαν τῷ Ἰησοῦ.
2b01260136	στραφεὶς δὲ ὁ Ἰησοῦς καὶ θεασάμενος αὐτοὺς ἀκολουθοῦντας, λέγει αὐτοῖς, Τί ζητεῖτε; οἱ δὲ εἶπαν αὐτῷ, Ῥαββί, (ὃ λέγεται μεθερμηνευόμενον Διδάσκαλε,) ποῦ μένεις;
2b012700f4	λέγει αὐτοῖς, Ἔρχεσθε καὶ ὄψεσθε. ἦλθαν οὖν καὶ εἶδαν ποῦ μένει, καὶ παρ᾽ αὐτῷ ἔμειναν τὴν ἡμέραν ἐκείνην· ὥρα ἦν ὡς δεκάτη.
2b012800cb	ἦν Ἀνδρέας ὁ ἀδελφὸς Σίμωνος Πέτρου εἷς ἐκ τῶν δύο τῶν ἀκουσάντων παρὰ Ἰωάνου καὶ ἀκολουθησάντων αὐτῷ.
2b012900f5	εὑρίσκει οὗτος πρῶτον τὸν ἀδελφὸν τὸν ἴδιον Σίμωνα, καὶ λέγει αὐτῷ, Εὑρήκαμεν τὸν Μεσσίαν, (ὅ ἐστιν μεθερμηνευόμενον χριστός·)
2b012a00ff	ἤγαγεν αὐτὸν πρὸς τὸν Ἰησοῦν· ἐμβλέψας αὐτῷ ὁ Ἰησοῦς εἶπεν, Σὺ εἶ Σίμων ὁ υἱὸς Ἰωάνου· σὺ κληθήσῃ Κηφᾶς, (ὃ ἑρμηνεύεται Πέτρος.)
2b012b00d9	Τῇ ἐπαύριον ἠθέλησεν ἐξελθεῖν εἰς τὴν Γαλιλαίαν, καὶ εὑρίσκει Φίλιππον καὶ λέγει αὐτῷ ὁ Ἰησοῦς, Ἀκολούθει μοι.
2b012c007c	ἦν δὲ ὁ Φίλιππος ἀπὸ Βηθσαϊδά, ἐκ τῆς πόλεως Ἀνδρέου καὶ Πέτρου.
2b012d0125	εὑρίσκει Φίλιππος τὸν Ναθαναήλ, καὶ λέγει αὐτῷ, Ὃν ἔγραψεν Μωυσῆς ἐν τῷ νόμῳ καὶ οἱ προφῆται, εὑρήκαμεν, Ἰησοῦν [τὸν] υἱὸν τοῦ Ἰωσὴφ τὸν ἀπὸ Ναζαρέτ.
2b012e00bf	καὶ εἶπεν αὐτῷ Ναθαναήλ, Ἐκ Ναζαρὲτ δύναταί τι ἀγαθὸν εἶναι; λέγει αὐτῷ ὁ Φίλιππος, Ἔρχου καὶ ἴδε.
2b012f00e4	εἶδεν Ἰησοῦς τὸν Ναθαναὴλ ἐρχόμενον πρὸς αὐτόν, καὶ λέγει περὶ αὐτοῦ, Ἴδε ἀληθῶς Ἰσραηλείτης, ἐν ᾧ δόλος οὐκ ἔστιν.
2b013000fb	λέγει αὐτῷ Ναθαναήλ, Πόθεν με γινώσκεις; Ἀπεκρίθη Ἰησοῦς καὶ εἶπεν αὐτῷ, Πρὸ τοῦ σε Φίλιππον φωνῆσαι ὄντα ὑπὸ τὴν συκῆν εἶδόν σε.
2b0131009e	ἀπεκρίθη αὐτῷ Ναθαναήλ, Ῥαββί, σὺ εἶ ὁ υἱὸς τοῦ θεοῦ, σὺ βασιλεὺς εἶ τοῦ Ἰσραήλ.
2b013200cf	ἀπεκρίθη Ἰησοῦς καὶ εἶπεν αὐτῷ, Ὅτι εἶπόν σοι ὅτι Εἶδόν σε ὑποκάτω τῆς συκῆς, πιστεύεις; μείζω τούτων ὄψῃ.
2b0133012d	καὶ λέγει αὐτῷ, Ἀμὴν ἀμὴν λέγω ὑμῖν, ὄψεσθε τὸν οὐρανὸν ἀνεῳγότα καὶ τοὺς ἀγγέλους τοῦ θεοῦ ἀναβαίνοντας καὶ καταβαίνοντας ἐπὶ τὸν υἱὸν τοῦ ἀνθρώπου.
2b020100ac	Καὶ τῇ τρίτῃ ἡμέρᾳ γάμος ἐγένετο ἐν Κανὰ τῆς Γαλιλαίας, καὶ ἦν ἡ μήτηρ τοῦ Ἰησοῦ ἐκεῖ·
2b02020075	ἐκλήθη δὲ καὶ ὁ Ἰησοῦς καὶ οἱ μαθηταὶ αὐτοῦ εἰς τὸν γάμον.
2b02030098	καὶ ὑστερήσαντος οἴνου λέγει ἡ μήτηρ τοῦ Ἰησοῦ πρὸς αὐτόν, Οἶνον οὐκ ἔχουσιν.
2b02040085	καὶ λέγει αὐτῇ ὁ Ἰησοῦς, Τί ἐμοὶ καὶ σοί, γύναι; οὔπω ἥκει ἡ ὥρα μου.
2b0205007b	λέγει ἡ μήτηρ αὐτοῦ τοῖς διακόνοις, Ὅ τι ἂν λέγῃ ὑμῖν, ποιήσατε.
2b020600d6	ἦσαν δὲ ἐκεῖ λίθιναι ὑδρίαι ἓξ κατὰ τὸν καθαρισμὸν τῶν Ἰουδαίων κείμεναι, χωροῦσαι ἀνὰ μετρητὰς δύο ἢ τρεῖς.
2b0207009b	λέγει αὐτοῖς ὁ Ἰησοῦς, Γεμίσατε τὰς ὑδρίας ὕδατος. καὶ ἐγέμισαν αὐτὰς ἕως ἄνω.
2b02080093	καὶ λέγει αὐτοῖς, Ἀντλήσατε νῦν, καὶ φέρετε τῷ ἀρχιτρικλίνῳ. οἱ δὲ ἤνεγκαν.
2b02090144	ὡς δὲ ἐγεύσατο ὁ ἀρχιτρίκλινος τὸ ὕδωρ οἶνον γεγενημένον, (καὶ οὐκ ᾔδει πόθεν ἐστίν· οἱ δὲ διάκονοι ᾔδεισαν οἱ ἠντληκότες τὸ ὕδωρ), φωνεῖ τὸν νυμφίον ὁ ἀρχιτρίκλινος,
2b020a010e	καὶ λέγει αὐτῷ, Πᾶς ἄνθρωπος πρῶτον τὸν καλὸν οἶνον τίθησιν, καὶ ὅταν μεθυσθῶσιν, [τότε] τὸν ἐλάσσω· σὺ τετήρηκας τὸν καλὸν οἶνον ἕως ἄρτι.
2b020b0117	Ταύτην ἐποίησεν ἀρχὴν τῶν σημείων ὁ Ἰησοῦς ἐν Κανᾶ τῆς Γαλιλαίας, καὶ ἐφανέρωσεν τὴν δόξαν αὐτοῦ, καὶ ἐπίστευσαν εἰς αὐτὸν οἱ μαθηταὶ αὐτοῦ.
2b020c0102	Μετὰ τοῦτο κατέβη εἰς Καφαρναοὺμ αὐτὸς καὶ ἡ μήτηρ αὐτοῦ καὶ οἱ ἀδελφοὶ καὶ οἱ μαθηταὶ αὐτοῦ, καὶ ἐκεῖ ἔμειναν οὐ πολλὰς ἡμέρας.
2b020d008c	καὶ ἐγγὺς ἦν τὸ πάσχα τῶν Ἰουδαίων, καὶ ἀνέβη εἰς Ἱεροσόλυμα ὁ Ἰησοῦς.
2b020e00c6	καὶ εὗρεν ἐν τῷ ἱερῷ τοὺς πωλοῦντας βόας καὶ πρόβατα καὶ περιστερὰς καὶ τοὺς κερματιστὰς καθημένους,
2b020f0138	καὶ ποιήσας φραγέλλιον ἐκ σχοινίων πάντας ἐξέβαλεν ἐκ τοῦ ἱεροῦ, τά τε πρόβατα καὶ τοὺς βόας, καὶ τῶν κολλυβιστῶν ἐξέχεεν τὰ κέρματα, καὶ τὰς τραπέζας ἀνέστρεψεν,
2b021000df	καὶ τοῖς τὰς περιστερὰς πωλοῦσιν εἶπεν, Ἄρατε ταῦτα ἐντεῦθεν, μὴ ποιεῖτε τὸν οἶκον τοῦ πατρός μου οἶκον ἐμπορίου.
2b021100ac	ἐμνήσθησαν οἱ μαθηταὶ αὐτοῦ ὅτι γεγραμμένον ἐστίν, Ὁ ζῆλος τοῦ οἴκου σου καταφάγεταί με.
2b021200af	ἀπεκρίθησαν οὖν οἱ Ἰουδαῖοι καὶ εἶπαν αὐτῷ, Τί σημεῖον δεικνύεις ἡμῖν, ὅτι ταῦτα ποιεῖς;
2b021300ba	ἀπεκρίθη Ἰησοῦς καὶ εἶπεν αὐτοῖς, Λύσατε τὸν ναὸν τοῦτον, καὶ [ἐν] τρισὶν ἡμέραις ἐγερῶ αὐτόν.
2b021400e1	εἶπαν οὖν οἱ Ἰουδαῖοι, Τεσσεράκοντα καὶ ἓξ ἔτεσιν ᾠκοδομήθη ὁ ναὸς οὗτος, καὶ σὺ ἐν τρισὶν ἡμέραις ἐγερεῖς αὐτόν;
2b02150065	ἐκεῖνος δὲ ἔλεγεν περὶ τοῦ ναοῦ τοῦ σώματος αὐτοῦ.
2b021600fc	ὅτε οὖν ἠγέρθη ἐκ νεκρῶν, ἐμνήσθησαν οἱ μαθηταὶ αὐτοῦ ὅτι τοῦτο ἔλεγεν, καὶ ἐπίστευσαν τῇ γραφῇ καὶ τῷ λόγῳ ὃν εἶπεν ὁ Ἰησοῦς.
2b02170105	Ὡς δὲ ἦν ἐν τοῖς Ἱεροσολύμοις ἐν τῷ πάσχα [ἐν] τῇ ἑορτῇ, πολλοὶ ἐπίστευσαν εἰς τὸ ὄνομα αὐτοῦ, θεωροῦντες αὐτοῦ τὰ σημεῖα ἃ ἐποίει·
2b02180096	αὐτὸς δὲ Ἰησοῦς οὐκ ἐπίστευεν αὐτὸν αὐτοῖς, διὰ τὸ αὐτὸν γινώσκειν πάντας,
2b021900c9	καὶ ὅτι οὐ χρείαν εἶχεν ἵνα τις μαρτυρήσῃ περὶ τοῦ ἀνθρώπου· αὐτὸς γὰρ ἐγίνωσκεν τί ἦν ἐν τῷ ἀνθρώπῳ.
2b03010091	Ἦν δὲ ἄνθρωπος ἐκ τῶν Φαρισαίων, Νικόδημος ὄνομα αὐτῷ, ἄρχων τῶν Ἰουδαίων.
2b03020163	οὗτος ἦλθεν πρὸς αὐτὸν νυκτὸς καὶ εἶπεν αὐτῷ, Ῥαββί, οἴδαμεν ὅτι ἀπὸ θεοῦ ἐλήλυθας διδάσκαλος· οὐδεὶς γὰρ δύναται ταῦτα τὰ σημεῖα ποιεῖν ἃ σὺ ποιεῖς, ἐὰν μὴ ᾖ ὁ θεὸς μετ᾽ αὐτοῦ.
2b030300eb	ἀπεκρίθη Ἰησοῦς καὶ εἶπεν αὐτῷ, Ἀμὴν ἀμὴν λέγω σοι, ἐὰν μή τις γεννηθῇ ἄνωθεν, οὐ δύναται ἰδεῖν τὴν βασιλείαν τοῦ θεοῦ.
2b03040122	λέγει πρὸς αὐτὸν Νικόδημος, Πῶς δύναται ἄνθρωπος γεννηθῆναι γέρων ὤν; μὴ δύναται εἰς τὴν κοιλίαν τῆς μητρὸς αὐτοῦ δεύτερον εἰσελθεῖν καὶ γεννηθῆναι;
2b03050103	ἀπεκρίθη [ὁ] Ἰησοῦς, Ἀμὴν ἀμὴν λέγω σοι, ἐὰν μή τις γεννηθῇ ἐξ ὕδατος καὶ πνεύματος, οὐ δύναται εἰσελθεῖν εἰς τὴν βασιλείαν τοῦ θεοῦ.
2b030600b3	τὸ γεγεννημένον ἐκ τῆς σαρκὸς σάρξ ἐστιν, καὶ τὸ γεγεννημένον ἐκ τοῦ πνεύματος πνεῦμά ἐστιν.
2b0307006b	μὴ θαυμάσῃς ὅτι εἶπόν σοι, Δεῖ ὑμᾶς γεννηθῆναι ἄνωθεν.
2b03080127	τὸ πνεῦμα ὅπου θέλει πνεῖ, καὶ τὴν φωνὴν αὐτοῦ ἀκούεις, ἀλλὰ οὐκ οἶδας πόθεν ἔρχεται καὶ ποῦ ὑπάγει· οὕτως ἐστὶν πᾶς ὁ γεγεννημένος ἐκ τοῦ πνεύματος.
2b03090079	ἀπεκρίθη Νικόδημος καὶ εἶπεν αὐτῷ, Πῶς δύναται ταῦτα γενέσθαι;
2b030a00aa	ἀπεκρίθη Ἰησοῦς καὶ εἶπεν αὐτῷ, Σὺ εἶ ὁ διδάσκαλος τοῦ Ἰσραὴλ καὶ ταῦτα οὐ γινώσκεις;
2b030b00d4	ἀμὴν ἀμὴν λέγω σοι ὅτι ὃ οἴδαμεν λαλοῦμεν καὶ ὃ ἑωράκαμεν μαρτυροῦμεν, καὶ τὴν μαρτυρίαν ἡμῶν οὐ λαμβάνετε.
2b030c00aa	εἰ τὰ ἐπίγεια εἶπον ὑμῖν καὶ οὐ πιστεύετε, πῶς ἐὰν εἴπω ὑμῖν τὰ ἐπουράνια πιστεύσετε;
2b030d00dc	καὶ οὐδεὶς ἀναβέβηκεν εἰς τὸν οὐρανόν, εἰ μὴ ὁ ἐκ τοῦ οὐρανοῦ καταβάς, ὁ υἱὸς τοῦ ἀνθρώπου ὁ ὢν ἐν τῷ οὐρανῷ·
2b030e00b1	καὶ καθὼς Μωυσῆς ὕψωσεν τὸν ὄφιν ἐν τῇ ἐρήμῳ, οὕτως ὑψωθῆναι δεῖ τὸν υἱὸν τοῦ ἀνθρώπου·
2b030f0059	ἵνα πᾶς ὁ πιστεύων ἐν αὐτῷ ἔχῃ ζωὴν αἰώνιον.
2b0310011d	οὕτως γὰρ ἠγάπησεν ὁ θεὸς τὸν κόσμον, ὥστε τὸν υἱὸν αὐτοῦ τὸν μονογενῆ ἔδωκεν, ἵνα πᾶς ὁ πιστεύων εἰς αὐτὸν μὴ ἀπόληται ἀλλὰ ἔχῃ ζωὴν αἰώνιον.
2b031100de	οὐ γὰρ ἀπέστειλεν ὁ θεὸς τὸν υἱὸν [αὐτοῦ] εἰς τὸν κόσμον ἵνα κρίνῃ τὸν κόσμον, ἀλλ᾽ ἵνα σωθῇ ὁ κόσμος δι᾽ αὐτοῦ.
2b031200fa	ὁ πιστεύων εἰς αὐτὸν οὐ κρίνεται· ὁ [δὲ] μὴ πιστεύων ἤδη κέκριται, ὅτι μὴ πεπίστευκεν εἰς τὸ ὄνομα τοῦ μονογενοῦς υἱοῦ τοῦ θεοῦ.
2b03130113	αὕτη δέ ἐστιν ἡ κρίσις, ὅτι τὸ φῶς ἐλήλυθεν εἰς τὸν κόσμον, καὶ ἠγάπησαν οἱ ἄνθρωποι μᾶλλον τὸ σκότος ἢ τὸ φῶς· ἦν γὰρ αὐτῶν πονηρὰ τὰ ἔργα.
2b031400bf	πᾶς γὰρ ὁ φαῦλα πράσσων μισεῖ τὸ φῶς καὶ οὐκ ἔρχεται πρὸς τὸ φῶς, ἵνα μὴ ἐλεγχθῇ τὰ ἔργα αὐτοῦ·
2b031500c9	ὁ δὲ ποιῶν τὴν ἀλήθειαν ἔρχεται πρὸς τὸ φῶς, ἵνα φανερωθῇ αὐτοῦ τὰ ἔργα, ὅτι ἐν θεῷ ἐστιν εἰργασμένα.
2b031600e4	Μετὰ ταῦτα ἦλθεν ὁ Ἰησοῦς καὶ οἱ μαθηταὶ αὐτοῦ εἰς τὴν Ἰουδαίαν γῆν, καὶ ἐκεῖ διέτριβεν μετ᾽ αὐτῶν καὶ ἐβάπτιζεν.
2b031700db	ἦν δὲ καὶ Ἰωάνης βαπτίζων ἐν Αἰνὼν ἐγγὺς τοῦ Σαλείμ, ὅτι ὕδατα πολλὰ ἦν ἐκεῖ· καὶ παρεγίνοντο καὶ ἐβαπτίζοντο.
2b03180061	οὔπω γὰρ ἦν βεβλημένος εἰς τὴν φυλακὴν [ὁ] Ἰωάνης.
2b03190090	ἐγένετο οὖν ζήτησις ἐκ τῶν μαθητῶν Ἰωάνου μετὰ Ἰουδαίου περὶ καθαρισμοῦ·
2b031a012c	καὶ ἦλθαν πρὸς τὸν Ἰωάνην καὶ εἶπαν αὐτῷ, Ῥαββί, ὃς ἦν μετὰ σοῦ πέραν τοῦ Ἰορδάνου, ᾧ σὺ μεμαρτύρηκας, ἴδε οὗτος βαπτίζει, καὶ πάντες ἔρχονται πρὸς αὐτόν.
2b031b00cc	ἀπεκρίθη Ἰωάνης καὶ εἶπεν, Οὐ δύναται ἄνθρωπος λαμβάνειν οὐδέν, ἐὰν μὴ ᾖ δεδομένον αὐτῷ ἐκ τοῦ οὐρανοῦ.
2b031c00d8	αὐτοὶ ὑμεῖς μοι μαρτυρεῖτε ὅτι εἶπον, Οὐκ εἰμὶ ἐγὼ ὁ χριστός, ἀλλ᾽ ὅτι ἀπεσταλμένος εἰμὶ ἔμπροσθεν ἐκείνου.
2b031d0133	ὁ ἔχων τὴν νύμφην νυμφίος ἐστίν· ὁ δὲ φίλος τοῦ νυμφίου, ὁ ἑστηκὼς καὶ ἀκούων αὐτοῦ, χαρᾷ χαίρει διὰ τὴν φωνὴν τοῦ νυμφίου. αὕτη οὖν ἡ χαρὰ ἡ ἐμὴ πεπλήρωται.
2b031e0054	ἐκεῖνον δεῖ αὐξάνειν, ἐμὲ δὲ ἐλαττοῦσθαι.
2b031f0118	ὁ ἄνωθεν ἐρχόμενος ἐπάνω πάντων ἐστίν. ὁ ὢν ἐκ τῆς γῆς ἐκ τῆς γῆς ἐστὶν καὶ ἐκ τῆς γῆς λαλεῖ· ὁ ἐκ τοῦ οὐρανοῦ ἐρχόμενος ἐπάνω πάντων ἐστίν·
2b0320009d	ὃ ἑώρακεν καὶ ἤκουσεν, τοῦτο μαρτυρεῖ· καὶ τὴν μαρτυρίαν αὐτοῦ οὐδεὶς λαμβάνει.
2b0321007e	ὁ λαβὼν αὐτοῦ τὴν μαρτυρίαν ἐσφράγισεν ὅτι ὁ θεὸς ἀληθής ἐστιν.
2b032200ba	ὃν γὰρ ἀπέστειλεν ὁ θεός, τὰ ῥήματα τοῦ θεοῦ λαλεῖ· οὐ γὰρ ἐκ μέτρου δίδωσιν [ὁ θεὸς] τὸ πνεῦμα.
2b03230077	ὁ πατὴρ ἀγαπᾷ τὸν υἱὸν καὶ πάντα δέδωκεν ἐν τῇ χειρὶ αὐτοῦ.
2b032400ec	ὁ πιστεύων εἰς τὸν υἱὸν ἔχει ζωὴν αἰώνιον· ὁ δὲ ἀπειθῶν τῷ υἱῷ οὐκ ὄψεται ζωήν, ἀλλ᾽ ἡ ὀργὴ τοῦ θεοῦ μένει ἐπ᾽ αὐτόν.
2b040100cb	Ὡς οὖν ἔγνω ὁ κύριος ὅτι ἤκουσαν οἱ Φαρισαῖοι ὅτι Ἰησοῦς πλείονας μαθητὰς ποιεῖ καὶ βαπτίζει ἢ Ἰωάνης·
2b0402007b	(καίτοι γε Ἰησοῦς αὐτὸς οὐκ ἐβάπτιζεν, ἀλλ᾽ οἱ μαθηταὶ αὐτοῦ),
2b04030071	ἀφῆκεν τὴν Ἰουδαίαν, καὶ ἀπῆλθεν πάλιν εἰς τὴν Γαλιλαίαν.
2b04040055	ἔδει δὲ αὐτὸν διέρχεσθαι διὰ τῆς Σαμαρείας.
2b040500d1	ἔρχεται οὖν εἰς πόλιν τῆς Σαμαρείας λεγομένην Συχάρ, πλησίον τοῦ χωρίου ὃ ἔδωκεν Ἰακὼβ Ἰωσὴφ τῷ υἱῷ αὐτοῦ.
2b040600e3	ἦν δὲ ἐκεῖ πηγὴ τοῦ Ἰακώβ. ὁ οὖν Ἰησοῦς κεκοπιακὼς ἐκ τῆς ὁδοιπορίας ἐκαθέζετο οὕτως ἐπὶ τῇ πηγῇ. ὥρα ἦν ὡς ἕκτη.
2b0407009b	ἔρχεται γυνὴ ἐκ τῆς Σαμαρείας ἀντλῆσαι ὕδωρ. λέγει αὐτῇ ὁ Ἰησοῦς, Δός μοι πεῖν.
2b0408008e	οἱ γὰρ μαθηταὶ αὐτοῦ ἀπεληλύθεισαν εἰς τὴν πόλιν ἵνα τροφὰς ἀγοράσωσιν.
2b04090122	λέγει οὖν αὐτῷ ἡ γυνὴ ἡ Σαμαρεῖτις, Πῶς σὺ Ἰουδαῖος ὢν παρ᾽ ἐμοῦ πεῖν αἰτεῖς γυναικὸς Σαμαρείτιδος οὔσης; οὐ γὰρ συγχρῶνται Ἰουδαῖοι Σαμαρείταις.
2b040a0123	ἀπεκρίθη Ἰησοῦς καὶ εἶπεν αὐτῇ, Εἰ ᾔδεις τὴν δωρεὰν τοῦ θεοῦ, καὶ τίς ἐστιν ὁ λέγων σοι, Δός μοι πεῖν, σὺ ἂν ᾔτησας αὐτὸν καὶ ἔδωκεν ἄν σοι ὕδωρ ζῶν.
2b040b00c5	λέγει αὐτῷ ἡ γυνή, Κύριε, οὔτε ἄντλημα ἔχεις, καὶ τὸ φρέαρ ἐστὶν βαθύ· πόθεν οὖν ἔχεις τὸ ὕδωρ τὸ ζῶν;
2b040c0104	μὴ σὺ μείζων εἶ τοῦ πατρὸς ἡμῶν Ἰακώβ, ὃς ἔδωκεν ἡμῖν τὸ φρέαρ, καὶ αὐτὸς ἐξ αὐτοῦ ἔπιεν καὶ οἱ υἱοὶ αὐτοῦ καὶ τὰ θρέμματα αὐτοῦ;
2b040d009c	ἀπεκρίθη Ἰησοῦς καὶ εἶπεν αὐτῇ, Πᾶς ὁ πίνων ἐκ τοῦ ὕδατος τούτου διψήσει πάλιν·
2b040e0138	ὃς δ᾽ ἂν πίῃ ἐκ τοῦ ὕδατος οὗ ἐγὼ δώσω αὐτῷ, οὐ μὴ διψήσει εἰς τὸν αἰῶνα, ἀλλὰ τὸ ὕδωρ ὃ δώσω αὐτῷ γενήσεται ἐν αὐτῷ πηγὴ ὕδατος ἁλλομένου εἰς ζωὴν αἰώνιον.
2b040f00b8	Λέγει πρὸς αὐτὸν ἡ γυνή, Κύριε, δός μοι τοῦτο τὸ ὕδωρ, ἵνα μὴ διψῶ μηδὲ ἔρχωμαι ἐνθάδε ἀντλεῖν.
2b04100083	λέγει αὐτῇ [ὁ Ἰησοῦς], Ὕπαγε φώνησον τὸν ἄνδρα σου καὶ ἐλθὲ ἐνθάδε.
2b041100b9	ἀπεκρίθη ἡ γυνὴ καὶ εἶπεν, Οὐκ ἔχω ἄνδρα. λέγει αὐτῇ ὁ Ἰησοῦς, Καλῶς εἶπας ὅτι Ἄνδρα οὐκ ἔχω·
2b041200a2	πέντε γὰρ ἄνδρας ἔσχες, καὶ νῦν ὃν ἔχεις οὐκ ἔστιν σου ἀνήρ· τοῦτο ἀληθὲς εἴρηκας.
2b04130060	λέγει αὐτῷ ἡ γυνή, Κύριε, θεωρῶ ὅτι προφήτης εἶ σύ.
2b041400eb	οἱ πατέρες ἡμῶν ἐν τῷ ὄρει τούτῳ προσεκύνησαν· καὶ ὑμεῖς λέγετε ὅτι ἐν Ἱεροσολύμοις ἐστὶν ὁ τόπος ὅπου προσκυνεῖν δεῖ.
2b041500f5	λέγει αὐτῇ ὁ Ἰησοῦς, Πίστευέ μοι, γύναι, ὅτι ἔρχεται ὥρα ὅτε οὔτε ἐν τῷ ὄρει τούτῳ οὔτε ἐν Ἱεροσολύμοις προσκυνήσετε τῷ πατρί.
2b041600c3	ὑμεῖς προσκυνεῖτε ὃ οὐκ οἴδατε, ἡμεῖς προσκυνοῦμεν ὃ οἴδαμεν, ὅτι ἡ σωτηρία ἐκ τῶν Ἰουδαίων ἐστίν.
2b0417014b	ἀλλὰ ἔρχεται ὥρα καὶ νῦν ἐστίν, ὅτε οἱ ἀληθινοὶ προσκυνηταὶ προσκυνήσουσιν τῷ πατρὶ ἐν πνεύματι καὶ ἀληθείᾳ· καὶ γὰρ ὁ πατὴρ τοιούτους ζητεῖ τοὺς προσκυνοῦντας αὐτόν.
2b041800a5	πνεῦμα ὁ θεός, καὶ τοὺς προσκυνοῦντας αὐτὸν ἐν πνεύματι καὶ ἀληθείᾳ δεῖ προσκυνεῖν.
2b041900d4	Λέγει αὐτῷ ἡ γυνή, Οἶδα ὅτι Μεσσίας ἔρχεται (ὁ λεγόμενος Χριστός)· ὅταν ἔλθῃ ἐκεῖνος, ἀναγγελεῖ ἡμῖν ἅπαντα.
2b041a0054	λέγει αὐτῇ ὁ Ἰησοῦς, Ἐγώ εἰμι, ὁ λαλῶν σοι.
2b041b0108	Καὶ ἐπὶ τούτῳ ἦλθαν οἱ μαθηταὶ αὐτοῦ, καὶ ἐθαύμαζον ὅτι μετὰ γυναικὸς ἐλάλει· οὐδεὶς μέντοι εἶπεν, Τί ζητεῖς, ἢ Τί λαλεῖς μετ᾽ αὐτῆς;
2b041c00ae	ἀφῆκεν οὖν τὴν ὑδρίαν αὐτῆς ἡ γυνὴ καὶ ἀπῆλθεν εἰς τὴν πόλιν, καὶ λέγει τοῖς ἀνθρώποις,
2b041d009e	Δεῦτε, ἴδετε ἄνθρωπον ὃς εἶπέν μοι πάντα ὅσα ἐποίησα· μή τι οὗτός ἐστιν ὁ Χριστός;
2b041e005b	ἐξῆλθον ἐκ τῆς πόλεως, καὶ ἤρχοντο πρὸς αὐτόν.
2b041f0073	Ἐν τῷ μεταξὺ ἠρώτων αὐτὸν οἱ μαθηταὶ λέγοντες, Ῥαββί, φάγε.
2b0420007c	ὁ δὲ εἶπεν αὐτοῖς, Ἐγὼ βρῶσιν ἔχω φαγεῖν ἣν ὑμεῖς οὐκ οἴδατε.
2b0421007e	ἔλεγον οὖν οἱ μαθηταὶ πρὸς ἀλλήλους, Μή τις ἤνεγκεν αὐτῷ φαγεῖν;
2b042200d1	λέγει αὐτοῖς ὁ Ἰησοῦς, Ἐμὸν βρῶμά ἐστιν ἵνα ποιήσω τὸ θέλημα τοῦ πέμψαντός με καὶ τελειώσω αὐτοῦ τὸ ἔργον.
2b0423014f	οὐχ ὑμεῖς λέγετε ὅτι ἔτι τετράμηνός ἐστιν καὶ ὁ θερισμὸς ἔρχεται; ἰδοὺ λέγω ὑμῖν, ἐπάρατε τοὺς ὀφθαλμοὺς ὑμῶν, καὶ θεάσασθε τὰς χώρας, ὅτι λευκαί εἰσιν πρὸς θερισμὸν ἤδη.
2b042400c7	ὁ θερίζων μισθὸν λαμβάνει καὶ συνάγει καρπὸν εἰς ζωὴν αἰώνιον, ἵνα ὁ σπείρων ὁμοῦ χαίρῃ καὶ ὁ θερίζων.
2b042500a4	ἐν γὰρ τούτῳ ὁ λόγος ἐστὶν ἀληθινός, ὅτι ἄλλος ἐστὶν ὁ σπείρων καὶ ἄλλος ὁ θερίζων.
2b042600e8	ἐγὼ ἀπέστειλα ὑμᾶς θερίζειν ὃ οὐχ ὑμεῖς κεκοπιάκατε· ἄλλοι κεκοπιάκασιν, καὶ ὑμεῖς εἰς τὸν κόπον αὐτῶν εἰσεληλύθατε.
2b0427010f	Ἐκ δὲ τῆς πόλεως ἐκείνης πολλοὶ ἐπίστευσαν εἰς αὐτὸν τῶν Σαμαρειτῶν, διὰ τὸν λόγον τῆς γυναικὸς μαρτυρούσης ὅτι εἶπέν μοι πάντα ἃ ἐποίησα.
2b042800ca	ὡς οὖν ἦλθον πρὸς αὐτὸν οἱ Σαμαρεῖται, ἠρώτων αὐτὸν μεῖναι παρ᾽ αὐτοῖς· καὶ ἔμεινεν ἐκεῖ δύο ἡμέρας.
2b04290061	καὶ πολλῷ πλείους ἐπίστευσαν διὰ τὸν λόγον αὐτοῦ,
2b042a0112	τῇ τε γυναικὶ ἔλεγον ὅτι Οὐκέτι διὰ τὴν σὴν λαλιὰν πιστεύομεν· αὐτοὶ γὰρ ἀκηκόαμεν, καὶ οἴδαμεν ὅτι οὗτός ἐστιν ἀληθῶς ὁ σωτὴρ τοῦ κόσμου.
2b042b0072	Μετὰ δὲ τὰς δύο ἡμέρας ἐξῆλθεν ἐκεῖθεν εἰς τὴν Γαλιλαίαν.
2b042c0099	αὐτὸς γὰρ Ἰησοῦς ἐμαρτύρησεν ὅτι προφήτης ἐν τῇ ἰδίᾳ πατρίδι τιμὴν οὐκ ἔχει.
2b042d0135	ὅτε οὖν ἦλθεν εἰς τὴν Γαλιλαίαν, ἐδέξαντο αὐτὸν οἱ Γαλιλαῖοι, πάντα ἑωρακότες ὅσα ἐποίησεν ἐν Ἱεροσολύμοις ἐν τῇ ἑορτῇ· καὶ αὐτοὶ γὰρ ἦλθον εἰς τὴν ἑορτήν.
2b042e00f8	ἦλθεν οὖν πάλιν εἰς τὴν Κανᾶ τῆς Γαλιλαίας, ὅπου ἐποίησεν τὸ ὕδωρ οἶνον. καὶ ἦν τις βασιλικός, οὗ ὁ υἱὸς ἠσθένει, ἐν Καφαρναούμ.
2b042f013c	οὗτος ἀκούσας ὅτι Ἰησοῦς ἥκει ἐκ τῆς Ἰουδαίας εἰς τὴν Γαλιλαίαν, ἀπῆλθεν πρὸς αὐτόν, καὶ ἠρώτα ἵνα καταβῇ καὶ ἰάσηται αὐτοῦ τὸν υἱόν· ἤμελλεν γὰρ ἀποθνήσκειν.
2b0430009e	εἶπεν οὖν ὁ Ἰησοῦς πρὸς αὐτόν, Ἐὰν μὴ σημεῖα καὶ τέρατα ἴδητε, οὐ μὴ πιστεύσητε.
2b04310092	λέγει πρὸς αὐτὸν ὁ βασιλικός, Κύριε, κατάβηθι πρὶν ἀποθανεῖν τὸ παιδίον μου.
2b043200ea	λέγει αὐτῷ ὁ Ἰησοῦς, Πορεύου· ὁ υἱός σου ζῇ. [καὶ] ἐπίστευσεν ὁ ἄνθρωπος τῷ λόγῳ ὃν εἶπεν αὐτῷ ὁ Ἰησοῦς, καὶ ἐπορεύετο.
2b043300d1	ἤδη δὲ αὐτοῦ καταβαίνοντος, οἱ δοῦλοι αὐτοῦ ὑπήντησαν αὐτῷ [καὶ ἀπήγγειλαν] λέγοντες ὅτι ὁ παῖς αὐτοῦ ζῇ.
2b043400eb	ἐπύθετο οὖν τὴν ὥραν παρ᾽ αὐτῶν ἐν ᾗ κομψότερον ἔσχεν· εἶπαν οὖν αὐτῷ ὅτι ἐχθὲς ὥραν ἑβδόμην ἀφῆκεν αὐτὸν ὁ πυρετός.
2b043500fa	ἔγνω οὖν ὁ πατὴρ ὅτι [ἐν] ἐκείνῃ τῇ ὥρᾳ ἐν ᾗ εἶπεν αὐτῷ ὁ Ἰησοῦς, Ὁ υἱός σου ζῇ· καὶ ἐπίστευσεν αὐτὸς καὶ ἡ οἰκία αὐτοῦ ὅλη.
2b043600b4	τοῦτο δὲ πάλιν δεύτερον σημεῖον ἐποίησεν ὁ Ἰησοῦς, ἐλθὼν ἐκ τῆς Ἰουδαίας εἰς τὴν Γαλιλαίαν.
2b05010085	Μετὰ ταῦτα ἦν ἑορτὴ τῶν Ἰουδαίων, καὶ ἀνέβη Ἰησοῦς εἰς Ἱεροσόλυμα.
2b050200d8	ἔστιν δὲ ἐν τοῖς Ἱεροσολύμοις ἐπὶ τῇ προβατικῇ κολυμβήθρα ἡ ἐπιλεγομένη Ἑβραϊστὶ Βηθεσδά, πέντε στοὰς ἔχουσα.
2b0503007f	ἐν ταύταις κατέκειτο πλῆθος τῶν ἀσθενούντων, τυφλῶν, χωλῶν, ξηρῶν.
2b0505008b	ἦν δέ τις ἄνθρωπος ἐκεῖ τριάκοντα ὀκτὼ ἔτη ἔχων ἐν τῇ ἀσθενείᾳ αὐτοῦ.
2b050600d0	τοῦτον ἰδὼν ὁ Ἰησοῦς κατακείμενον, καὶ γνοὺς ὅτι πολὺν ἤδη χρόνον ἔχει, λέγει αὐτῷ, Θέλεις ὑγιὴς γενέσθαι;
2b0507012a	ἀπεκρίθη αὐτῷ ὁ ἀσθενῶν, Κύριε, ἄνθρωπον οὐκ ἔχω, ἵνα ὅταν ταραχθῇ τὸ ὕδωρ, βάλῃ με εἰς τὴν κολυμβήθραν· ἐν ᾧ δὲ ἔρχομαι ἐγώ, ἄλλος πρὸ ἐμοῦ καταβαίνει.
2b05080081	λέγει αὐτῷ ὁ Ἰησοῦς, Ἔγειρε, ἆρον τὸν κράβαττόν σου, καὶ περιπάτει.
2b050900e7	καὶ εὐθέως ἐγένετο ὑγιὴς ὁ ἄνθρωπος καὶ ἦρεν τὸν κράβαττον αὐτοῦ, καὶ περιεπάτει. ἦν δὲ σάββατον ἐν ἐκείνῃ τῇ ἡμέρᾳ.
2b050a00bf	ἔλεγον οὖν οἱ Ἰουδαῖοι τῷ τεθεραπευμένῳ, Σάββατόν ἐστιν· [καὶ] οὐκ ἔξεστίν σοι ἆραι τὸν κράβαττον.
2b050b00bf	ὃς δὲ ἀπεκρίθη αὐτοῖς, Ὁ ποιήσας με ὑγιῆ, ἐκεῖνός μοι εἶπεν, Ἆρον τὸν κράβαττόν σου, καὶ περιπάτει.
2b050c00b4	ἠρώτησαν [οὖν] αὐτόν, Τίς ἐστιν ὁ ἄνθρωπος ὁ εἰπών σοι, Ἆρον [τὸν κράβαττόν σου,] καὶ περιπάτει;
2b050d009d	ὁ δὲ ἰαθεὶς οὐκ ᾔδει τίς ἐστιν· ὁ γὰρ Ἰησοῦς ἐξένευσεν ὄχλου ὄντος ἐν τῷ τόπῳ.
2b050e00fd	μετὰ ταῦτα εὑρίσκει αὐτὸν ὁ Ἰησοῦς ἐν τῷ ἱερῷ, καὶ εἶπεν αὐτῷ, Ἴδε ὑγιὴς γέγονας· μηκέτι ἁμάρτανε, ἵνα μὴ χεῖρόν σοί τι γένηται.
2b050f00b2	ἀπῆλθεν ὁ ἄνθρωπος, καὶ ἀνήγγειλεν τοῖς Ἰουδαίοις ὅτι Ἰησοῦς ἐστιν ὁ ποιήσας αὐτὸν ὑγιῆ.
2b05100095	καὶ διὰ τοῦτο ἐδίωκον οἱ Ἰουδαῖοι τὸν Ἰησοῦν, ὅτι ταῦτα ἐποίει ἐν σαββάτῳ.
2b0511009b	ὁ δὲ Ἰησοῦς ἀπεκρίνατο αὐτοῖς, Ὁ πατήρ μου ἕως ἄρτι ἐργάζεται, κἀγὼ ἐργάζομαι.
2b05120134	διὰ τοῦτο οὖν μᾶλλον ἐζήτουν αὐτὸν οἱ Ἰουδαῖοι ἀποκτεῖναι, ὅτι οὐ μόνον ἔλυεν τὸ σάββατον, ἀλλὰ καὶ πατέρα ἴδιον ἔλεγεν τὸν θεόν, ἴσον ἑαυτὸν ποιῶν τῷ θεῷ.
2b0513018c	ἀπεκρίνατο οὖν ὁ Ἰησοῦς καὶ εἶπεν αὐτοῖς, Ἀμὴν ἀμὴν λέγω ὑμῖν, οὐ δύναται ὁ υἱὸς ποιεῖν ἀφ᾽ ἑαυτοῦ οὐδέν, ἐὰν μή τι βλέπῃ τὸν πατέρα ποιοῦντα· ἃ γὰρ [ἂν] ἐκεῖνος ποιῇ, ταῦτα καὶ ὁ υἱὸς ὁμοίως ποιεῖ.
2b051400f5	ὁ γὰρ πατὴρ φιλεῖ τὸν υἱόν, καὶ πάντα δείκνυσιν αὐτῷ ἃ αὐτὸς ποιεῖ, καὶ μείζονα τούτων δείξει αὐτῷ ἔργα, ἵνα ὑμεῖς θαυμάζητε.
2b051500b1	ὥσπερ γὰρ ὁ πατὴρ ἐγείρει τοὺς νεκροὺς καὶ ζωοποιεῖ, οὕτως καὶ ὁ υἱὸς οὓς θέλει ζωοποιεῖ.
2b05160089	οὐδὲ γὰρ ὁ πατὴρ κρίνει οὐδένα, ἀλλὰ τὴν κρίσιν πᾶσαν δέδωκεν τῷ υἱῷ,
2b051700dd	ἵνα πάντες τιμῶσιν τὸν υἱὸν καθὼς τιμῶσιν τὸν πατέρα. ὁ μὴ τιμῶν τὸν υἱὸν οὐ τιμᾷ τὸν πατέρα τὸν πέμψαντα αὐτόν.
2b05180146	ἀμὴν ἀμὴν λέγω ὑμῖν ὅτι ὁ τὸν λόγον μου ἀκούων καὶ πιστεύων τῷ πέμψαντί με ἔχει ζωὴν αἰώνιον, καὶ εἰς κρίσιν οὐκ ἔρχεται, ἀλλὰ μεταβέβηκεν ἐκ τοῦ θανάτου εἰς τὴν ζωήν.
2b05190108	ἀμὴν ἀμὴν λέγω ὑμῖν, ὅτι ἔρχεται ὥρα καὶ νῦν ἐστίν, ὅτε οἱ νεκροὶ ἀκούσουσιν τῆς φωνῆς τοῦ υἱοῦ τοῦ θεοῦ καὶ οἱ ἀκούσαντες ζήσουσιν.
2b051a00a6	ὥσπερ γὰρ ὁ πατὴρ ἔχει ζωὴν ἐν ἑαυτῷ, οὕτως καὶ τῷ υἱῷ ἔδωκεν ζωὴν ἔχειν ἐν ἑαυτῷ,
2b051b0080	καὶ ἐξουσίαν ἔδωκεν αὐτῷ κρίσιν ποιεῖν, ὅτι υἱὸς ἀνθρώπου ἐστίν.
2b051c00be	μὴ θαυμάζετε τοῦτο, ὅτι ἔρχεται ὥρα, ἐν ᾗ πάντες οἱ ἐν τοῖς μνημείοις ἀκούσουσιν τῆς φωνῆς αὐτοῦ,
2b051d00d8	καὶ ἐκπορεύσονται, οἱ τὰ ἀγαθὰ ποιήσαντες εἰς ἀνάστασιν ζωῆς, οἱ [δὲ] τὰ φαῦλα πράξαντες εἰς ἀνάστασιν κρίσεως.
2b051e0132	οὐ δύναμαι ἐγὼ ποιεῖν ἀπ᾽ ἐμαυτοῦ οὐδέν· καθὼς ἀκούω κρίνω, καὶ ἡ κρίσις ἡ ἐμὴ δικαία ἐστίν, ὅτι οὐ ζητῶ τὸ θέλημα τὸ ἐμὸν ἀλλὰ τὸ θέλημα τοῦ πέμψαντός με.
2b051f007d	ἐὰν ἐγὼ μαρτυρῶ περὶ ἐμαυτοῦ, ἡ μαρτυρία μου οὐκ ἔστιν ἀληθής·
2b052000bb	ἄλλος ἐστὶν ὁ μαρτυρῶν περὶ ἐμοῦ, καὶ οἶδα ὅτι ἀληθής ἐστιν ἡ μαρτυρία ἣν μαρτυρεῖ περὶ ἐμοῦ.
2b05210077	ὑμεῖς ἀπεστάλκατε πρὸς Ἰωάνην, καὶ μεμαρτύρηκεν τῇ ἀληθείᾳ·
2b0522009f	ἐγὼ δὲ οὐ παρὰ ἀνθρώπου τὴν μαρτυρίαν λαμβάνω, ἀλλὰ ταῦτα λέγω ἵνα ὑμεῖς σωθῆτε.
2b052300ce	ἐκεῖνος ἦν ὁ λύχνος ὁ καιόμενος καὶ φαίνων, ὑμεῖς δὲ ἠθελήσατε ἀγαλλιαθῆναι πρὸς ὥραν ἐν τῷ φωτὶ αὐτοῦ.
2b05240140	ἐγὼ δὲ ἔχω τὴν μαρτυρίαν μείζων τοῦ Ἰωάνου· τὰ γὰρ ἔργα ἃ δέδωκέν μοι ὁ πατὴρ ἵνα τελειώσω αὐτά, αὐτὰ τὰ ἔργα ἃ ποιῶ, μαρτυρεῖ περὶ ἐμοῦ ὅτι ὁ πατήρ με ἀπέσταλκεν.
2b052500e3	καὶ ὁ πέμψας με πατὴρ ἐκεῖνος μεμαρτύρηκεν περὶ ἐμοῦ· οὔτε φωνὴν αὐτοῦ πώποτε ἀκηκόατε, οὔτε εἶδος αὐτοῦ ἑωράκατε,
2b052600c5	καὶ τὸν λόγον αὐτοῦ οὐκ ἔχετε ἐν ὑμῖν μένοντα, ὅτι ὃν ἀπέστειλεν ἐκεῖνος, τούτῳ ὑμεῖς οὐ πιστεύετε.
2b052700e3	ἐραυνᾶτε τὰς γραφάς, ὅτι ὑμεῖς δοκεῖτε ἐν αὐταῖς ζωὴν αἰώνιον ἔχειν· καὶ ἐκεῖναί εἰσιν αἱ μαρτυροῦσαι περὶ ἐμοῦ,
2b05280056	καὶ οὐ θέλετε ἐλθεῖν πρός με ἵνα ζωὴν ἔχητε.
2b0529003d	Δόξαν παρὰ ἀνθρώπων οὐ λαμβάνω·
2b052a0080	ἀλλὰ ἔγνωκα ὑμᾶς, ὅτι τὴν ἀγάπην τοῦ θεοῦ οὐκ ἔχετε ἐν ἑαυτοῖς.
2b052b00ea	ἐγὼ ἐλήλυθα ἐν τῷ ὀνόματι τοῦ πατρός μου, καὶ οὐ λαμβάνετέ με· ἐὰν ἄλλος ἔλθῃ ἐν τῷ ὀνόματι τῷ ἰδίῳ, ἐκεῖνον λήμψεσθε.
2b052c00d6	πῶς δύνασθε ὑμεῖς πιστεῦσαι, δόξαν παρὰ ἀλλήλων λαμβάνοντες, καὶ τὴν δόξαν τὴν παρὰ τοῦ μόνου θεοῦ οὐ ζητεῖτε;
2b052d00d3	μὴ δοκεῖτε ὅτι ἐγὼ κατηγορήσω ὑμῶν πρὸς τὸν πατέρα· ἔστιν ὁ κατηγορῶν ὑμῶν Μωυσῆς, εἰς ὃν ὑμεῖς ἠλπίκατε.
2b052e0099	εἰ γὰρ ἐπιστεύετε Μωυσεῖ, ἐπιστεύετε ἂν ἐμοί· περὶ γὰρ ἐμοῦ ἐκεῖνος ἔγραψεν.
2b052f0097	εἰ δὲ τοῖς ἐκείνου γράμμασιν οὐ πιστεύετε, πῶς τοῖς ἐμοῖς ῥήμασιν πιστεύσετε;
2b06010097	Μετὰ ταῦτα ἀπῆλθεν ὁ Ἰησοῦς πέραν τῆς θαλάσσης τῆς Γαλιλαίας τῆς Τιβεριάδος·
2b060200a6	ἠκολούθει δὲ αὐτῷ ὄχλος πολύς, ὅτι ἐθεώρουν τὰ σημεῖα ἃ ἐποίει ἐπὶ τῶν ἀσθενούντων.
2b06030091	ἀνῆλθεν δὲ εἰς τὸ ὄρος Ἰησοῦς, καὶ ἐκεῖ ἐκάθητο μετὰ τῶν μαθητῶν αὐτοῦ.
2b06040055	ἦν δὲ ἐγγὺς τὸ πάσχα ἡ ἑορτὴ τῶν Ἰουδαίων.
2b06050126	ἐπάρας οὖν τοὺς ὀφθαλμοὺς ὁ Ἰησοῦς καὶ θεασάμενος ὅτι πολὺς ὄχλος ἔρχεται πρὸς αὐτόν, λέγει πρὸς Φίλιππον, Πόθεν ἀγοράσωμεν ἄρτους, ἵνα φάγωσιν οὗτοι;
2b06060081	τοῦτο δὲ ἔλεγεν πειράζων αὐτόν· αὐτὸς γὰρ ᾔδει τί ἔμελλεν ποιεῖν.
2b060700b8	ἀπεκρίθη αὐτῷ Φίλιππος, Διακοσίων δηναρίων ἄρτοι οὐκ ἀρκοῦσιν αὐτοῖς, ἵνα ἕκαστος βραχὺ λάβῃ.
2b0608008a	λέγει αὐτῷ εἷς ἐκ τῶν μαθητῶν αὐτοῦ Ἀνδρέας ὁ ἀδελφὸς Σίμωνος Πέτρου,
2b060900c6	Ἔστιν παιδάριον ὧδε, ὃς ἔχει πέντε ἄρτους κριθίνους καὶ δύο ὀψάρια· ἀλλὰ ταῦτα τί ἐστιν εἰς τοσούτους;
2b060a010b	εἶπεν ὁ Ἰησοῦς, Ποιήσατε τοὺς ἀνθρώπους ἀναπεσεῖν. ἦν δὲ χόρτος πολὺς ἐν τῷ τόπῳ. ἀνέπεσαν οὖν οἱ ἄνδρες τὸν ἀριθμὸν ὡς πεντακισχίλιοι.
2b060b00e5	ἔλαβεν οὖν τοὺς ἄρτους ὁ Ἰησοῦς καὶ εὐχαριστήσας διέδωκεν τοῖς ἀνακειμένοις, ὁμοίως καὶ ἐκ τῶν ὀψαρίων ὅσον ἤθελον.
2b060c00c7	ὡς δὲ ἐνεπλήσθησαν λέγει τοῖς μαθηταῖς αὐτοῦ, Συναγάγετε τὰ περισσεύσαντα κλάσματα, ἵνα μή τι ἀπόληται.
2b060d00e3	συνήγαγον οὖν, καὶ ἐγέμισαν δώδεκα κοφίνους κλασμάτων ἐκ τῶν πέντε ἄρτων τῶν κριθίνων, ἃ ἐπερίσσευσαν τοῖς βεβρωκόσιν.
2b060e00de	οἱ οὖν ἄνθρωποι ἰδόντες ὃ ἐποίησεν σημεῖον, ἔλεγον ὅτι Οὗτός ἐστιν ἀληθῶς ὁ προφήτης ὁ ἐρχόμενος εἰς τὸν κόσμον.
2b060f00f3	Ἰησοῦς οὖν γνοὺς ὅτι μέλλουσιν ἔρχεσθαι καὶ ἁρπάζειν αὐτὸν ἵνα ποιήσωσιν βασιλέα, ἀνεχώρησεν πάλιν εἰς τὸ ὄρος αὐτὸς μόνος.
2b0610007f	ὡς δὲ ὀψία ἐγένετο, κατέβησαν οἱ μαθηταὶ αὐτοῦ ἐπὶ τὴν θάλασσαν,
2b06110102	καὶ ἐμβάντες εἰς πλοῖον ἤρχοντο πέραν τῆς θαλάσσης εἰς Καφαρναούμ. καὶ σκοτία ἤδη ἐγεγόνει, καὶ οὔπω ἐληλύθει πρὸς αὐτοὺς ὁ Ἰησοῦς,
2b0612005b	ἥ τε θάλασσα ἀνέμου μεγάλου πνέοντος διεγείρετο.
2b06130129	ἐληλακότες οὖν ὡς σταδίους εἴκοσι πέντε ἢ τριάκοντα, θεωροῦσιν τὸν Ἰησοῦν περιπατοῦντα ἐπὶ τῆς θαλάσσης καὶ ἐγγὺς τοῦ πλοίου γινόμενον, καὶ ἐφοβήθησαν.
2b06140050	ὁ δὲ λέγει αὐτοῖς, Ἐγώ εἰμι, μὴ φοβεῖσθε.
2b061500be	ἤθελον οὖν λαβεῖν αὐτὸν εἰς τὸ πλοῖον, καὶ εὐθέως ἐγένετο τὸ πλοῖον ἐπὶ τῆς γῆς εἰς ἣν ὑπῆγον.
2b06160190	Τῇ ἐπαύριον ὁ ὄχλος ὁ ἑστηκὼς πέραν τῆς θαλάσσης εἶδον ὅτι πλοιάριον ἄλλο οὐκ ἦν ἐκεῖ εἰ μὴ ἕν, καὶ ὅτι οὐ συνεισῆλθεν τοῖς μαθηταῖς αὐτοῦ ὁ Ἰησοῦς εἰς τὸ πλοῖον, ἀλλὰ μόνοι οἱ μαθηταὶ αὐτοῦ ἀπῆλθον·
2b061700c3	ἄλλα ἦλθεν πλοιάρια ἐκ Τιβεριάδος ἐγγὺς τοῦ τόπου ὅπου ἔφαγον τὸν ἄρτον εὐχαριστήσαντος τοῦ κυρίου.
2b0618012c	ὅτε οὖν εἶδεν ὁ ὄχλος ὅτι Ἰησοῦς οὐκ ἔστιν ἐκεῖ οὐδὲ οἱ μαθηταὶ αὐτοῦ, ἐνέβησαν αὐτοὶ εἰς τὰ πλοιάρια καὶ ἦλθον εἰς Καφαρναοὺμ ζητοῦντες τὸν Ἰησοῦν,
2b06190090	καὶ εὑρόντες αὐτὸν πέραν τῆς θαλάσσης εἶπον αὐτῷ, Ῥαββί, πότε ὧδε γέγονας;
2b061a0113	ἀπεκρίθη αὐτοῖς ὁ Ἰησοῦς καὶ εἶπεν, Ἀμὴν ἀμὴν λέγω ὑμῖν, ζητεῖτέ με οὐχ ὅτι εἴδετε σημεῖα, ἀλλ᾽ ὅτι ἐφάγετε ἐκ τῶν ἄρτων καὶ ἐχορτάσθητε.
2b061b013e	ἐργάζεσθε μὴ τὴν βρῶσιν τὴν ἀπολλυμένην, ἀλλὰ τὴν βρῶσιν τὴν μένουσαν εἰς ζωὴν αἰώνιον, ἣν ὁ υἱὸς τοῦ ἀνθρώπου ὑμῖν δώσει· τοῦτον γὰρ ὁ πατὴρ ἐσφράγισεν ὁ θεός.
2b061c0081	εἶπον οὖν πρὸς αὐτόν, Τί ποιῶμεν, ἵνα ἐργαζώμεθα τὰ ἔργα τοῦ θεοῦ;
2b061d00d6	ἀπεκρίθη ὁ Ἰησοῦς καὶ εἶπεν αὐτοῖς, Τοῦτό ἐστιν τὸ ἔργον τοῦ θεοῦ, ἵνα πιστεύητε εἰς ὃν ἀπέστειλεν ἐκεῖνος.
2b061e00a3	εἶπον οὖν αὐτῷ, Τί οὖν ποιεῖς σὺ σημεῖον, ἵνα ἴδωμεν καὶ πιστεύσωμέν σοι; τί ἐργάζῃ;
2b061f00de	οἱ πατέρες ἡμῶν τὸ μάννα ἔφαγον ἐν τῇ ἐρήμῳ, καθώς ἐστιν γεγραμμένον, Ἄρτον ἐκ τοῦ οὐρανοῦ ἔδωκεν αὐτοῖς φαγεῖν.
2b0620014b	εἶπεν οὖν αὐτοῖς ὁ Ἰησοῦς, Ἀμὴν ἀμὴν λέγω ὑμῖν, Οὐ Μωυσῆς ἔδωκεν ὑμῖν τὸν ἄρτον ἐκ τοῦ οὐρανοῦ, ἀλλ᾽ ὁ πατήρ μου δίδωσιν ὑμῖν τὸν ἄρτον ἐκ τοῦ οὐρανοῦ τὸν ἀληθινόν.
2b062100a0	ὁ γὰρ ἄρτος τοῦ θεοῦ ἐστιν ὁ καταβαίνων ἐκ τοῦ οὐρανοῦ καὶ ζωὴν διδοὺς τῷ κόσμῳ.
2b0622007b	εἶπον οὖν πρὸς αὐτόν, Κύριε, πάντοτε δὸς ἡμῖν τὸν ἄρτον τοῦτον.
2b06230103	εἶπεν αὐτοῖς ὁ Ἰησοῦς, Ἐγώ εἰμι ὁ ἄρτος τῆς ζωῆς· ὁ ἐρχόμενος πρὸς ἐμὲ οὐ μὴ πεινάσῃ, καὶ ὁ πιστεύων εἰς ἐμὲ οὐ μὴ διψήσει πώποτε.
2b0624006a	ἀλλ᾽ εἶπον ὑμῖν ὅτι καὶ ἑωράκατέ με καὶ οὐ πιστεύετε.
2b062500a5	πᾶν ὃ δίδωσίν μοι ὁ πατὴρ πρὸς ἐμὲ ἥξει, καὶ τὸν ἐρχόμενον πρός με οὐ μὴ ἐκβάλω ἔξω·
2b062600bb	ὅτι καταβέβηκα ἀπὸ τοῦ οὐρανοῦ οὐχ ἵνα ποιῶ τὸ θέλημα τὸ ἐμὸν ἀλλὰ τὸ θέλημα τοῦ πέμψαντός με.
2b062700f0	τοῦτο δέ ἐστιν τὸ θέλημα τοῦ πέμψαντός με, ἵνα πᾶν ὃ δέδωκέν μοι, μὴ ἀπολέσω ἐξ αὐτοῦ, ἀλλὰ ἀναστήσω αὐτὸ τῇ ἐσχάτῃ ἡμέρᾳ.
2b06280128	τοῦτο γάρ ἐστιν τὸ θέλημα τοῦ πατρός μου, ἵνα πᾶς ὁ θεωρῶν τὸν υἱὸν καὶ πιστεύων εἰς αὐτὸν ἔχῃ ζωὴν αἰώνιον, καὶ ἀναστήσω αὐτὸν ἐγὼ τῇ ἐσχάτῃ ἡμέρᾳ.
2b062900b7	Ἐγόγγυζον οὖν οἱ Ἰουδαῖοι περὶ αὐτοῦ ὅτι εἶπεν, Ἐγώ εἰμι ὁ ἄρτος ὁ καταβὰς ἐκ τοῦ οὐρανοῦ·
2b062a0112	καὶ ἔλεγον, Οὐχὶ οὗτός ἐστιν Ἰησοῦς ὁ υἱὸς Ἰωσήφ, οὗ ἡμεῖς οἴδαμεν τὸν πατέρα καὶ τὴν μητέρα; πῶς νῦν λέγει ὅτι Ἐκ τοῦ οὐρανοῦ καταβέβηκα;
2b062b0078	ἀπεκρίθη Ἰησοῦς καὶ εἶπεν αὐτοῖς, Μὴ γογγύζετε μετὰ ἀλλήλων.
2b062c00e3	οὐδεὶς δύναται ἐλθεῖν πρὸς ἐμέ, ἐὰν μὴ ὁ πατὴρ ὁ πέμψας με ἑλκύσῃ αὐτόν, κἀγὼ ἀναστήσω αὐτὸν ἐν τῇ ἐσχάτῃ ἡμέρᾳ.
2b062d00fc	ἔστιν γεγραμμένον ἐν τοῖς προφήταις, Καὶ ἔσονται πάντες διδακτοὶ θεοῦ. πᾶς ὁ ἀκούσας παρὰ τοῦ πατρὸς καὶ μαθὼν ἔρχεται πρὸς ἐμέ·
2b062e00a1	οὐχ ὅτι τὸν πατέρα ἑώρακέν τις, εἰ μὴ ὁ ὢν παρὰ τοῦ θεοῦ, οὗτος ἑώρακεν τὸν πατέρα.
2b062f0077	ἀμὴν ἀμὴν λέγω ὑμῖν, ὁ πιστεύων [εἰς ἐμὲ] ἔχει ζωὴν αἰώνιον.
2b06300034	ἐγώ εἰμι ὁ ἄρτος τῆς ζωῆς.
2b06310073	οἱ πατέρες ὑμῶν ἔφαγον ἐν τῇ ἐρήμῳ τὸ μάννα καὶ ἀπέθανον·
2b063200ac	οὗτός ἐστιν ὁ ἄρτος ὁ ἐκ τοῦ οὐρανοῦ καταβαίνων, ἵνα τις ἐξ αὐτοῦ φάγῃ καὶ μὴ ἀποθάνῃ.
2b06330159	ἐγώ εἰμι ὁ ἄρτος ὁ ζῶν ὁ ἐκ τοῦ οὐρανοῦ καταβάς· ἐάν τις φάγῃ ἐκ τούτου τοῦ ἄρτου, ζήσεται εἰς τὸν αἰῶνα. καὶ ὁ ἄρτος δὲ ὃν ἐγὼ δώσω, ἡ σάρξ μού ἐστιν ὑπὲρ τῆς τοῦ κόσμου ζωῆς.
2b063400be	Ἐμάχοντο οὖν πρὸς ἀλλήλους οἱ Ἰουδαῖοι λέγοντες, Πῶς δύναται οὗτος ἡμῖν δοῦναι τὴν σάρκα φαγεῖν;
2b06350124	εἶπεν οὖν αὐτοῖς ὁ Ἰησοῦς, Ἀμὴν ἀμὴν λέγω ὑμῖν, ἐὰν μὴ φάγητε τὴν σάρκα τοῦ υἱοῦ τοῦ ἀνθρώπου καὶ πίητε αὐτοῦ τὸ αἷμα, οὐκ ἔχετε ζωὴν ἐν ἑαυτοῖς.
2b063600c6	ὁ τρώγων μου τὴν σάρκα καὶ πίνων μου τὸ αἷμα ἔχει ζωὴν αἰώνιον, κἀγὼ ἀναστήσω αὐτὸν τῇ ἐσχάτῃ ἡμέρᾳ.
2b06370089	ἡ γὰρ σάρξ μου ἀληθής ἐστιν βρῶσις, καὶ τὸ αἷμά μου ἀληθής ἐστιν πόσις.
2b0638008e	ὁ τρώγων μου τὴν σάρκα καὶ πίνων μου τὸ αἷμα ἐν ἐμοὶ μένει, κἀγὼ ἐν αὐτῷ.
2b063900bb	καθὼς ἀπέστειλέν με ὁ ζῶν πατὴρ κἀγὼ ζῶ διὰ τὸν πατέρα, καὶ ὁ τρώγων με, κἀκεῖνος ζήσει δι᾽ ἐμέ.
2b063a00ff	οὗτός ἐστιν ὁ ἄρτος ὁ ἐξ οὐρανοῦ καταβάς, οὐ καθὼς ἔφαγον οἱ πατέρες καὶ ἀπέθανον· ὁ τρώγων τοῦτον τὸν ἄρτον ζήσει εἰς τὸν αἰῶνα.
2b063b005c	Ταῦτα εἶπεν ἐν συναγωγῇ διδάσκων ἐν Καφαρναούμ.
2b063c00cf	πολλοὶ οὖν ἀκούσαντες ἐκ τῶν μαθητῶν αὐτοῦ εἶπον, Σκληρός ἐστιν ὁ λόγος οὗτος· τίς δύναται αὐτοῦ ἀκούειν;
2b063d00dd	εἰδὼς δὲ ὁ Ἰησοῦς ἐν ἑαυτῷ ὅτι γογγύζουσιν περὶ τούτου οἱ μαθηταὶ αὐτοῦ, εἶπεν αὐτοῖς, Τοῦτο ὑμᾶς σκανδαλίζει;
2b063e008d	ἐὰν οὖν θεωρῆτε τὸν υἱὸν τοῦ ἀνθρώπου ἀναβαίνοντα ὅπου ἦν τὸ πρότερον;
2b063f00e1	τὸ πνεῦμά ἐστιν τὸ ζωοποιοῦν, ἡ σὰρξ οὐκ ὠφελεῖ οὐδέν· τὰ ῥήματα ἃ ἐγὼ λελάληκα ὑμῖν, πνεῦμά ἐστιν καὶ ζωή ἐστιν.
2b06400109	ἀλλὰ εἰσὶν ἐξ ὑμῶν τινες οἳ οὐ πιστεύουσιν. ᾔδει γὰρ ἐξ ἀρχῆς ὁ Ἰησοῦς τίνες εἰσὶν οἱ μὴ πιστεύοντες καὶ τίς ἐστιν ὁ παραδώσων αὐτόν.
2b064100d4	καὶ ἔλεγεν, Διὰ τοῦτο εἴρηκα ὑμῖν ὅτι οὐδεὶς δύναται ἐλθεῖν πρός με, ἐὰν μὴ ᾖ δεδομένον αὐτῷ ἐκ τοῦ πατρός.
2b064200bc	ἐκ τούτου πολλοὶ ἐκ τῶν μαθητῶν αὐτοῦ ἀπῆλθον εἰς τὰ ὀπίσω, καὶ οὐκέτι μετ᾽ αὐτοῦ περιεπάτουν.
2b06430077	εἶπεν οὖν ὁ Ἰησοῦς τοῖς δώδεκα, Μὴ καὶ ὑμεῖς θέλετε ὑπάγειν;
2b064400a4	ἀπεκρίθη αὐτῷ Σίμων Πέτρος, Κύριε, πρὸς τίνα ἀπελευσόμεθα; ῥήματα ζωῆς αἰωνίου ἔχεις,
2b06450082	καὶ ἡμεῖς πεπιστεύκαμεν καὶ ἐγνώκαμεν ὅτι σὺ εἶ ὁ ἅγιος τοῦ θεοῦ.
2b064600bd	ἀπεκρίθη αὐτοῖς ὁ Ἰησοῦς, Οὐκ ἐγὼ ὑμᾶς τοὺς δώδεκα ἐξελεξάμην, καὶ ἐξ ὑμῶν εἷς διάβολός ἐστιν;
2b064700bc	ἔλεγεν δὲ τὸν Ἰούδαν Σίμωνος Ἰσκαριώτου· οὗτος γὰρ ἔμελλεν παραδιδόναι αὐτὸν εἷς ἐκ τῶν δώδεκα.
2b0701010d	Καὶ μετὰ ταῦτα περιεπάτει [ὁ] Ἰησοῦς ἐν τῇ Γαλιλαίᾳ· οὐ γὰρ ἤθελεν ἐν τῇ Ἰουδαίᾳ περιπατεῖν, ὅτι ἐζήτουν αὐτὸν οἱ Ἰουδαῖοι ἀποκτεῖναι.
2b0702005d	ἦν δὲ ἐγγὺς ἡ ἑορτὴ τῶν Ἰουδαίων ἡ σκηνοπηγία.
2b0703011a	εἶπον οὖν πρὸς αὐτὸν οἱ ἀδελφοὶ αὐτοῦ, Μετάβηθι ἐντεῦθεν, καὶ ὕπαγε εἰς τὴν Ἰουδαίαν, ἵνα καὶ οἱ μαθηταί σου θεωρήσουσιν σοῦ τὰ ἔργα ἃ ποιεῖς·
2b070400db	οὐδεὶς γάρ τι ἐν κρυπτῷ ποιεῖ, καὶ ζητεῖ αὐτὸς ἐν παῤῥησίᾳ εἶναι· εἰ ταῦτα ποιεῖς, φανέρωσον σεαυτὸν τῷ κόσμῳ.
2b0705005f	οὐδὲ γὰρ οἱ ἀδελφοὶ αὐτοῦ ἐπίστευον εἰς αὐτόν.
2b070600cd	λέγει οὖν αὐτοῖς ὁ Ἰησοῦς, Ὁ καιρὸς ὁ ἐμὸς οὔπω πάρεστιν· ὁ δὲ καιρὸς ὁ ὑμέτερος πάντοτέ ἐστιν ἕτοιμος.
2b070700d2	οὐ δύναται ὁ κόσμος μισεῖν ὑμᾶς, ἐμὲ δὲ μισεῖ, ὅτι ἐγὼ μαρτυρῶ περὶ αὐτοῦ ὅτι τὰ ἔργα αὐτοῦ πονηρά ἐστιν.
2b070800d1	ὑμεῖς ἀνάβητε εἰς τὴν ἑορτήν· ἐγὼ οὐκ ἀναβαίνω εἰς τὴν ἑορτὴν ταύτην, ὅτι ὁ ἐμὸς καιρὸς οὔπω πεπλήρωται.
2b07090054	ταῦτα εἰπὼν αὐτὸς ἔμεινεν ἐν τῇ Γαλιλαίᾳ.
2b070a00c7	Ὡς δὲ ἀνέβησαν οἱ ἀδελφοὶ αὐτοῦ εἰς τὴν ἑορτήν, τότε καὶ αὐτὸς ἀνέβη, οὐ φανερῶς ἀλλὰ ὡς ἐν κρυπτῷ.
2b070b0093	οἱ οὖν Ἰουδαῖοι ἐζήτουν αὐτὸν ἐν τῇ ἑορτῇ καὶ ἔλεγον, Ποῦ ἐστιν ἐκεῖνος;
2b070c00f7	καὶ γογγυσμὸς περὶ αὐτοῦ ἦν πολὺς ἐν τοῖς ὄχλοις. οἱ μὲν ἔλεγον ὅτι Ἀγαθός ἐστιν· ἄλλοι δὲ ἔλεγον, Οὔ, ἀλλὰ πλανᾷ τὸν ὄχλον.
2b070d008a	οὐδεὶς μέντοι παῤῥησίᾳ ἐλάλει περὶ αὐτοῦ διὰ τὸν φόβον τῶν Ἰουδαίων.
2b070e0088	Ἤδη δὲ τῆς ἑορτῆς μεσούσης ἀνέβη Ἰησοῦς εἰς τὸ ἱερόν, καὶ ἐδίδασκεν.
2b070f0091	ἐθαύμαζον οὖν οἱ Ἰουδαῖοι λέγοντες, Πῶς οὗτος γράμματα οἶδεν μὴ μεμαθηκώς;
2b071000b1	ἀπεκρίθη οὖν αὐτοῖς Ἰησοῦς καὶ εἶπεν, Ἡ ἐμὴ διδαχὴ οὐκ ἔστιν ἐμή, ἀλλὰ τοῦ πέμψαντός με·
2b071100e1	ἐάν τις θέλῃ τὸ θέλημα αὐτοῦ ποιεῖν, γνώσεται περὶ τῆς διδαχῆς, πότερον ἐκ τοῦ θεοῦ ἐστιν, ἢ ἐγὼ ἀπ᾽ ἐμαυτοῦ λαλῶ.
2b07120110	ὁ ἀφ᾽ ἑαυτοῦ λαλῶν τὴν δόξαν τὴν ἰδίαν ζητεῖ· ὁ δὲ ζητῶν τὴν δόξαν τοῦ πέμψαντος αὐτόν, οὗτος ἀληθής ἐστιν, καὶ ἀδικία ἐν αὐτῷ οὐκ ἔστιν.
2b071300bb	οὐ Μωυσῆς ἔδωκεν ὑμῖν τὸν νόμον; καὶ οὐδεὶς ἐξ ὑμῶν ποιεῖ τὸν νόμον· τί με ζητεῖτε ἀποκτεῖναι;
2b07140073	ἀπεκρίθη ὁ ὄχλος, Δαιμόνιον ἔχεις· τίς σε ζητεῖ ἀποκτεῖναι;
2b0715008f	ἀπεκρίθη Ἰησοῦς καὶ εἶπεν αὐτοῖς, Ἓν ἔργον ἐποίησα, καὶ πάντες θαυμάζετε
2b07160105	διὰ τοῦτο. Μωυσῆς δέδωκεν ὑμῖν τὴν περιτομήν, (οὐχ ὅτι ἐκ τοῦ Μωυσέως ἐστίν, ἀλλ᾽ ἐκ τῶν πατέρων), καὶ ἐν σαββάτῳ περιτέμνετε ἄνθρωπον.
2b071700f9	εἰ περιτομὴν λαμβάνει ἄνθρωπος ἐν σαββάτῳ, ἵνα μὴ λυθῇ ὁ νόμος Μωυσέως, ἐμοὶ χολᾶτε ὅτι ὅλον ἄνθρωπον ὑγιῆ ἐποίησα ἐν σαββάτῳ;
2b07180068	μὴ κρίνετε κατ᾽ ὄψιν, ἀλλὰ τὴν δικαίαν κρίσιν κρίνετε.
2b0719009c	Ἔλεγον οὖν τινες ἐκ τῶν Ἱεροσολυμιτῶν, Οὐχ οὗτός ἐστιν ὃν ζητοῦσιν ἀποκτεῖναι;
2b071a00db	καὶ ἴδε παῤῥησίᾳ λαλεῖ, καὶ οὐδὲν αὐτῷ λέγουσιν. μή ποτε ἀληθῶς ἔγνωσαν οἱ ἄρχοντες ὅτι οὗτός ἐστιν ὁ χριστός;
2b071b00ae	ἀλλὰ τοῦτον οἴδαμεν πόθεν ἐστίν· ὁ δὲ χριστὸς ὅταν ἔρχηται, οὐδεὶς γινώσκει πόθεν ἐστίν.
2b071c0154	ἔκραξεν οὖν ἐν τῷ ἱερῷ διδάσκων ὁ Ἰησοῦς καὶ λέγων, Κἀμὲ οἴδατε, καὶ οἴδατε πόθεν εἰμί· καὶ ἀπ᾽ ἐμαυτοῦ οὐκ ἐλήλυθα, ἀλλ᾽ ἔστιν ἀληθινὸς ὁ πέμψας με, ὃν ὑμεῖς οὐκ οἴδατε·
2b071d0078	ἐγὼ οἶδα αὐτόν, ὅτι παρ᾽ αὐτοῦ εἰμι, κἀκεῖνός με ἀπέστειλεν.
2b071e00c4	ἐζήτουν οὖν αὐτὸν πιάσαι, καὶ οὐδεὶς ἐπέβαλεν ἐπ᾽ αὐτὸν τὴν χεῖρα, ὅτι οὔπω ἐληλύθει ἡ ὥρα αὐτοῦ.
2b071f00f0	Ἐκ τοῦ ὄχλου δὲ πολλοὶ ἐπίστευσαν εἰς αὐτὸν καὶ ἔλεγον, Ὁ χριστὸς ὅταν ἔλθῃ, μὴ πλείονα σημεῖα ποιήσει ὧν οὗτος ἐποίησεν;
2b0720010c	ἤκουσαν οἱ Φαρισαῖοι τοῦ ὄχλου γογγύζοντος περὶ αὐτοῦ ταῦτα, καὶ ἀπέστειλαν οἱ ἀρχιερεῖς καὶ οἱ Φαρισαῖοι ὑπηρέτας, ἵνα πιάσωσιν αὐτόν.
2b072100a7	εἶπεν οὖν ὁ Ἰησοῦς, Ἔτι χρόνον μικρὸν μεθ᾽ ὑμῶν εἰμί, καὶ ὑπάγω πρὸς τὸν πέμψαντά με.
2b07220090	ζητήσετέ με καὶ οὐχ εὑρήσετε, καὶ ὅπου εἰμὶ ἐγὼ ὑμεῖς οὐ δύνασθε ἐλθεῖν.
2b07230156	εἶπον οὖν οἱ Ἰουδαῖοι πρὸς ἑαυτούς, Ποῦ οὗτος μέλλει πορεύεσθαι, ὅτι ἡμεῖς οὐχ εὑρήσομεν αὐτόν; μὴ εἰς τὴν διασπορὰν τῶν Ἑλλήνων μέλλει πορεύεσθαι καὶ διδάσκειν τοὺς Ἕλληνας;
2b072400d2	τίς ἐστιν ὁ λόγος οὗτος ὃν εἶπεν, Ζητήσετέ με καὶ οὐχ εὑρήσετε· καὶ Ὅπου εἰμὶ ἐγὼ ὑμεῖς οὐ δύνασθε ἐλθεῖν;
2b072500f1	Ἐν δὲ τῇ ἐσχάτῃ ἡμέρᾳ τῇ μεγάλῃ τῆς ἑορτῆς εἱστήκει ὁ Ἰησοῦς, καὶ ἔκραξεν λέγων, Ἐάν τις διψᾷ, ἐρχέσθω πρός με καὶ πινέτω·
2b072600b8	ὁ πιστεύων εἰς ἐμέ, καθὼς εἶπεν ἡ γραφή, ποταμοὶ ἐκ τῆς κοιλίας αὐτοῦ ῥεύσουσιν ὕδατος ζῶντος.
2b0727010a	Τοῦτο δὲ εἶπεν περὶ τοῦ πνεύματος οὗ ἔμελλον λαμβάνειν οἱ πιστεύσαντες εἰς αὐτόν· οὔπω γὰρ ἦν πνεῦμα [ἅγιον], ὅτι Ἰησοῦς οὔπω ἐδοξάσθη·
2b072800a3	ἐκ τοῦ ὄχλου οὖν ἀκούσαντες τῶν λόγων τούτων ἔλεγον, Οὗτός ἐστιν ἀληθῶς ὁ προφήτης.
2b072900b6	ἄλλοι ἔλεγον, Οὗτός ἐστιν ὁ χριστός· οἱ δὲ ἔλεγον, Μὴ γὰρ ἐκ τῆς Γαλιλαίας ὁ χριστὸς ἔρχεται;
2b072a00d0	οὐχ ἡ γραφὴ εἶπεν ὅτι ἐκ τοῦ σπέρματος Δαυεὶδ καὶ ἀπὸ Βηθλεὲμ τῆς κώμης ὅπου ἦν Δαυείδ, ἔρχεται ὁ χριστός;
2b072b0050	σχίσμα οὖν ἐγένετο ἐν τῷ ὄχλῳ δι᾽ αὐτόν.
2b072c00a1	τινὲς δὲ ἤθελον ἐξ αὐτῶν πιάσαι αὐτόν, ἀλλ᾽ οὐδεὶς ἔβαλεν ἐπ᾽ αὐτὸν τὰς χεῖρας.
2b072d00da	Ἦλθον οὖν οἱ ὑπηρέται πρὸς τοὺς ἀρχιερεῖς καὶ Φαρισαίους· καὶ εἶπον αὐτοῖς ἐκεῖνοι, Διὰ τί οὐκ ἠγάγετε αὐτόν;
2b072e009e	ἀπεκρίθησαν οἱ ὑπηρέται, Οὐδέποτε ἐλάλησεν οὕτως ἄνθρωπος, [ὡς οὗτος ὁ ἄνθρωπος.]
2b072f007c	ἀπεκρίθησαν οὖν [αὐτοῖς] οἱ Φαρισαῖοι, Μὴ καὶ ὑμεῖς πεπλάνησθε;
2b0730007c	μή τις ἐκ τῶν ἀρχόντων ἐπίστευσεν εἰς αὐτὸν ἢ ἐκ τῶν Φαρισαίων;
2b07310073	ἀλλὰ ὁ ὄχλος οὗτος ὁ μὴ γινώσκων τὸν νόμον ἐπάρατοί εἰσιν.
2b07320092	λέγει Νικόδημος πρὸς αὐτούς, ὁ ἐλθὼν πρὸς αὐτὸν πρότερον, εἷς ὢν ἐξ αὐτῶν,
2b073300ad	Μὴ ὁ νόμος ἡμῶν κρίνει τὸν ἄνθρωπον, ἐὰν μὴ ἀκούσῃ πρῶτον παρ᾽ αὐτοῦ, καὶ γνῷ τί ποιεῖ;
2b073400ee	ἀπεκρίθησαν καὶ εἶπαν αὐτῷ, Μὴ καὶ σὺ ἐκ τῆς Γαλιλαίας εἶ; ἐραύνησον καὶ ἴδε ὅτι ἐκ τῆς Γαλιλαίας προφήτης οὐκ ἐγείρεται.
2b073500b8	[D και επορευθησαν ἑκαστος εις τον οικον αυτου.] [Steph καὶ ἐπορεύθησαν ἕκαστος εἰς τὸν οἶκον αὐτοῦ.]
2b080100b0	[D Ιησους δε επορευθη εις το ορος των ελαιων.] [Steph Ἰησοῦς δὲ ἐπορεύθη εἰς τὸ ὄρος τῶν ἐλαιῶν·]
2b08020166	[D ορθρου δε παλιν παραγεινεται εις το εἱερον, και πας ὁ λαος ηρχετο προς αυτον·] [Steph ὄρθρου δὲ πάλιν παρεγένετο εἰς τὸ ἱερόν, καὶ πᾶς ὁ λαὸς ἤρχετο πρὸς αὐτόν, καὶ καθίσας ἐδίδασκεν αὐτούς.]
2b080301a0	[D αγουσιν δε οἱ γραμματεις και οἱ φαρισαιοι επι ἁμαρτειᾳ γυναικα ειλημμενην· και στησαντες αυτην εν μεσῳ] [Steph ἄγουσιν δὲ οἱ γραμματεῖς καὶ οἱ Φαρισαῖοι γυναῖκα ἐπὶ μοιχείᾳ κατειλημμένην, καὶ στήσαντες αὐτὴν ἐν μέσῳ,]
2b08040198	[D λεγουσιν αυτῳ, εκπειραζοντες αυτον οἱ ἱερεις ἱνα εχωσιν κατηγορειαν αυτου, Διδασκαλε, αὑτη ἡ γυνη κατειληπται επαυτοφωρῳ μοιχευομενη,] [Steph λέγουσιν αὐτῷ, Διδάσκαλε, αὕτη ἡ γυνὴ κατείληπται ἐπαυτοφώρῳ μοιχευομένη.]
2b0805012c	[D Μωυσης δε εν τῳ νομῳ εκελευσεν τας τοιαυτας λιθαζειν· συ δε νυν τι λεγεις;] [Steph ἐν δὲ τῷ νόμῳ ἡμῖν Μωυσῆς ἐνετείλατο τὰς τοιαύτας λιθάζειν· σὺ οὖν τί λέγεις;]
2b08060167	[D ὁ δε Ιησους κατω κυψας τῳ δακτυλῳ κατεγραφεν εις την γην.] [Steph τοῦτο δὲ ἔλεγον πειράζοντες αὐτόν, ἵνα ἔχωσιν κατηγορεῖν αὐτοῦ. ὁ δὲ Ἰησοῦς κάτω κύψας, τῷ δακτύλῳ κατέγραφεν εἰς τὴν γῆν·]
2b080701a4	[D ὡς δε επεμενον ερωτωντες, ανεκυψεν και ειπεν αυτοις, Ὁ αναμαρτητος ὑμων πρωτος επ᾽ αυτην βαλετω λιθον.] [Steph ὡς δὲ ἐπέμενον ἐρωτῶντες αὐτόν, ἀνέκυψεν καὶ εἶπεν αὐτοῖς, Ὁ ἀναμάρτητος ὑμῶν πρῶτος λίθον ἐπ᾽ αὐτὴν βαλέτω.]
2b080800c1	[D και παλιν κατακυψας τῳ δακτυλῳ κατεγραφεν εις την γην.] [Steph καὶ πάλιν κάτω κύψας ἔγραφεν εἰς τὴν γῆν.]
2b0809021b	[D ἑκαστος δε των Ιουδαιων εξηρχετο αρξαμενοι απο των πρεσβυτερων, ὡστε παντας εξελθειν· και κατελειφθη μονος και ἡ γυνη εν μεσῳ ουσα.] [Steph οἱ δὲ ἀκούσαντες ἐξήρχοντο εἷς καθεῖς, ἀρξάμενοι ἀπὸ τῶν πρεσβυτέρων [[ἕως τῶν ἐσχάτων·]] καὶ κατελείφθη μόνος ὁ Ἰησοῦς καὶ ἡ γυνὴ ἐν μέσῳ οὖσα.]
2b080a01a6	[D ανακυψας δε ὁ Ιησους ειπεν τῃ γυναικει, Που εισιν; ουδεις σε κατεκρεινεν;] [Steph ἀνακύψας δὲ ὁ Ἰησοῦς [[καὶ μηδένα θεασάμενος πλὴν τῆς γυναικὸς]] εἶπεν αὐτῇ, Γύναι, ποῦ εἰσιν [[ἐκεῖνοι οἱ κατήγοροί σου]]; οὐδείς σε κατέκρινεν;]
2b080b0188	[D κακεινη ειπεν αυτῳ, Ουδεις, κυριε. ὁ δε ειπεν, Ουδε εγω σε κατακρεινω. ὑπαγε, απο του νυν μηκετι ἁμαρτανε.] [Steph ἡ δὲ εἶπεν, Οὐδείς, κύριε. Εἶπεν δὲ ὁ Ἰησοῦς, Οὐδὲ ἐγώ σε κατακρίνω· πορεύου καὶ μηκέτι ἁμάρτανε.]
2b080c011e	Πάλιν οὖν αὐτοῖς ἐλάλησεν [ὁ] Ἰησοῦς λέγων, Ἐγώ εἰμι τὸ φῶς τοῦ κόσμου· ὁ ἀκολουθῶν μοι οὐ μὴ περιπατήσῃ ἐν τῇ σκοτίᾳ, ἀλλ᾽ ἕξει τὸ φῶς τῆς ζωῆς.
2b080d00ae	Εἶπον οὖν αὐτῷ οἱ Φαρισαῖοι, Σὺ περὶ σεαυτοῦ μαρτυρεῖς· ἡ μαρτυρία σου οὐκ ἔστιν ἀληθής.
2b080e015c	Ἀπεκρίθη Ἰησοῦς καὶ εἶπεν αὐτοῖς, Κἂν ἐγὼ μαρτυρῶ περὶ ἐμαυτοῦ, ἀληθής ἐστιν ἡ μαρτυρία μου, ὅτι οἶδα πόθεν ἦλθον καὶ ποῦ ὑπάγω· ὑμεῖς δὲ οὐκ οἴδατε πόθεν ἔρχομαι ἢ ποῦ ὑπάγω.
2b080f0063	ὑμεῖς κατὰ τὴν σάρκα κρίνετε, ἐγὼ οὐ κρίνω οὐδένα·
2b081000c9	καὶ ἐὰν κρίνω δὲ ἐγώ, ἡ κρίσις ἡ ἐμὴ ἀληθινή ἐστιν, ὅτι μόνος οὐκ εἰμί, ἀλλ᾽ ἐγὼ καὶ ὁ πέμψας με πατήρ.
2b0811009e	καὶ ἐν τῷ νόμῳ δὲ τῷ ὑμετέρῳ γέγραπται ὅτι δύο ἀνθρώπων ἡ μαρτυρία ἀληθής ἐστιν.
2b08120094	ἐγώ εἰμι ὁ μαρτυρῶν περὶ ἐμαυτοῦ, καὶ μαρτυρεῖ περὶ ἐμοῦ ὁ πέμψας με πατήρ.
2b0813010e	Ἔλεγον οὖν αὐτῷ, Ποῦ ἐστιν ὁ πατήρ σου; ἀπεκρίθη Ἰησοῦς, Οὔτε ἐμὲ οἴδατε οὔτε τὸν πατέρα μου· εἰ ἐμὲ ᾔδειτε, καὶ τὸν πατέρα μου ἂν ᾔδειτε.
2b081400f0	Ταῦτα τὰ ῥήματα ἐλάλησεν ἐν τῷ γαζοφυλακίῳ διδάσκων ἐν τῷ ἱερῷ, καὶ οὐδεὶς ἐπίασεν αὐτόν, ὅτι οὔπω ἐληλύθει ἡ ὥρα αὐτοῦ.
2b081500ff	Εἶπεν οὖν πάλιν αὐτοῖς, Ἐγὼ ὑπάγω, καὶ ζητήσετέ με, καὶ ἐν τῇ ἁμαρτίᾳ ὑμῶν ἀποθανεῖσθε· ὅπου ἐγὼ ὑπάγω ὑμεῖς οὐ δύνασθε ἐλθεῖν.
2b081600c2	ἔλεγον οὖν οἱ Ἰουδαῖοι, Μή τι ἀποκτενεῖ ἑαυτόν, ὅτι λέγει, Ὅπου ἐγὼ ὑπάγω ὑμεῖς οὐ δύνασθε ἐλθεῖν;
2b08170104	καὶ ἔλεγεν αὐτοῖς, Ὑμεῖς ἐκ τῶν κάτω ἐστέ, ἐγὼ ἐκ τῶν ἄνω εἰμί· ὑμεῖς ἐκ τούτου τοῦ κόσμου ἐστέ, ἐγὼ οὐκ εἰμὶ ἐκ τοῦ κόσμου τούτου.
2b08180100	εἶπον οὖν ὑμῖν ὅτι ἀποθανεῖσθε ἐν ταῖς ἁμαρτίαις ὑμῶν· ἐὰν γὰρ μὴ πιστεύσητε ὅτι ἐγώ εἰμι, ἀποθανεῖσθε ἐν ταῖς ἁμαρτίαις ὑμῶν.
2b081900a2	ἔλεγον οὖν αὐτῷ, Σὺ τίς εἶ; εἶπεν αὐτοῖς [ὁ] Ἰησοῦς, Τὴν ἀρχὴν ὅ τι καὶ λαλῶ ὑμῖν;
2b081a00f4	πολλὰ ἔχω περὶ ὑμῶν λαλεῖν καὶ κρίνειν· ἀλλ᾽ ὁ πέμψας με ἀληθής ἐστιν, κἀγὼ ἃ ἤκουσα παρ᾽ αὐτοῦ, ταῦτα λαλῶ εἰς τὸν κόσμον.
2b081b0052	οὐκ ἔγνωσαν ὅτι τὸν πατέρα αὐτοῖς ἔλεγεν.
2b081c0132	εἶπεν οὖν ὁ Ἰησοῦς, Ὅταν ὑψώσητε τὸν υἱὸν τοῦ ἀνθρώπου, τότε γνώσεσθε ὅτι ἐγώ εἰμι, καὶ ἀπ᾽ ἐμαυτοῦ ποιῶ οὐδέν, ἀλλὰ καθὼς ἐδίδαξέν με ὁ πατήρ, ταῦτα λαλῶ.
2b081d00b4	καὶ ὁ πέμψας με, μετ᾽ ἐμοῦ ἐστιν· οὐκ ἀφῆκέν με μόνον, ὅτι ἐγὼ τὰ ἀρεστὰ αὐτῷ ποιῶ πάντοτε.
2b081e0065	Ταῦτα αὐτοῦ λαλοῦντος πολλοὶ ἐπίστευσαν εἰς αὐτόν.
2b081f00f2	Ἔλεγεν οὖν ὁ Ἰησοῦς πρὸς τοὺς πεπιστευκότας αὐτῷ Ἰουδαίους, Ἐὰν ὑμεῖς μείνητε ἐν τῷ λόγῳ τῷ ἐμῷ, ἀληθῶς μαθηταί μού ἐστε,
2b08200073	καὶ γνώσεσθε τὴν ἀλήθειαν, καὶ ἡ ἀλήθεια ἐλευθερώσει ὑμᾶς.
2b082100e1	ἀπεκρίθησαν πρὸς αὐτόν, Σπέρμα Ἀβραάμ ἐσμεν καὶ οὐδενὶ δεδουλεύκαμεν πώποτε· πῶς σὺ λέγεις ὅτι Ἐλεύθεροι γενήσεσθε;
2b082200d0	ἀπεκρίθη αὐτοῖς [ὁ] Ἰησοῦς, Ἀμὴν ἀμὴν λέγω ὑμῖν ὅτι πᾶς ὁ ποιῶν τὴν ἁμαρτίαν, δοῦλός ἐστιν τῆς ἁμαρτίας.
2b08230098	ὁ δὲ δοῦλος οὐ μένει ἐν τῇ οἰκίᾳ εἰς τὸν αἰῶνα· ὁ υἱὸς μένει εἰς τὸν αἰῶνα.
2b08240071	ἐὰν οὖν ὁ υἱὸς ὑμᾶς ἐλευθερώσῃ, ὄντως ἐλεύθεροι ἔσεσθε.
2b082500ba	οἶδα ὅτι σπέρμα Ἀβραάμ ἐστε· ἀλλὰ ζητεῖτέ με ἀποκτεῖναι, ὅτι ὁ λόγος ὁ ἐμὸς οὐ χωρεῖ ἐν ὑμῖν.
2b082600a7	ἃ ἐγὼ ἑώρακα παρὰ τῷ πατρὶ λαλῶ· καὶ ὑμεῖς οὖν ἃ ἠκούσατε, παρὰ τοῦ πατρὸς ποιεῖτε.
2b0827010a	ἀπεκρίθησαν καὶ εἶπαν αὐτῷ, Ὁ πατὴρ ἡμῶν Ἀβραάμ ἐστιν. λέγει αὐτοῖς [ὁ] Ἰησοῦς, Εἰ τέκνα τοῦ Ἀβραάμ ἐστε, τὰ ἔργα τοῦ Ἀβραὰμ ἐποιεῖτε.
2b082800f1	νῦν δὲ ζητεῖτέ με ἀποκτεῖναι, ἄνθρωπον ὃς τὴν ἀλήθειαν ὑμῖν λελάληκα, ἣν ἤκουσα παρὰ τοῦ θεοῦ· τοῦτο Ἀβραὰμ οὐκ ἐποίησεν.
2b082900de	ὑμεῖς ποιεῖτε τὰ ἔργα τοῦ πατρὸς ὑμῶν. εἶπον αὐτῷ, Ἡμεῖς ἐκ πορνείας οὐ ἐγεννήθημεν, ἕνα πατέρα ἔχομεν τὸν θεόν.
2b082a0145	εἶπεν αὐτοῖς [ὁ] Ἰησοῦς, Εἰ ὁ θεὸς πατὴρ ὑμῶν ἦν, ἠγαπᾶτε ἂν ἐμέ· ἐγὼ γὰρ ἐκ τοῦ θεοῦ ἐξῆλθον καὶ ἥκω· οὐδὲ γὰρ ἀπ᾽ ἐμαυτοῦ ἐλήλυθα, ἀλλ᾽ ἐκεῖνός με ἀπέστειλεν.
2b082b00a2	διὰ τί τὴν λαλιὰν τὴν ἐμὴν οὐ γινώσκετε; ὅτι οὐ δύνασθε ἀκούειν τὸν λόγον τὸν ἐμόν.
2b082c020c	ὑμεῖς ἐκ τοῦ πατρὸς τοῦ διαβόλου ἐστὲ καὶ τὰς ἐπιθυμίας τοῦ πατρὸς ὑμῶν θέλετε ποιεῖν. ἐκεῖνος ἀνθρωποκτόνος ἦν ἀπ᾽ ἀρχῆς καὶ ἐν τῇ ἀληθείᾳ οὐχ ἕστηκεν, ὅτι οὐκ ἔστιν ἀλήθεια ἐν αὐτῷ. ὅταν λαλῇ τὸ ψεῦδος, ἐκ τῶν ἰδίων λαλεῖ, ὅτι ψεύστης ἐστὶν καὶ ὁ πατὴρ αὐτοῦ.
2b082d005b	ἐγὼ δὲ ὅτι τὴν ἀλήθειαν λέγω, οὐ πιστεύετέ μοι.
2b082e00a6	τίς ἐξ ὑμῶν ἐλέγχει με περὶ ἁμαρτίας; εἰ ἀλήθειαν λέγω, διὰ τί ὑμεῖς οὐ πιστεύετέ μοι;
2b082f00c4	ὁ ὢν ἐκ τοῦ θεοῦ τὰ ῥήματα τοῦ θεοῦ ἀκούει· διὰ τοῦτο ὑμεῖς οὐκ ἀκούετε, ὅτι ἐκ τοῦ θεοῦ οὐκ ἐστέ.
2b083000cf	ἀπεκρίθησαν οἱ Ἰουδαῖοι καὶ εἶπαν αὐτῷ, Οὐ καλῶς λέγομεν ἡμεῖς ὅτι Σαμαρείτης εἶ σὺ καὶ δαιμόνιον ἔχεις;
2b083100af	ἀπεκρίθη Ἰησοῦς, Ἐγὼ δαιμόνιον οὐκ ἔχω, ἀλλὰ τιμῶ τὸν πατέρα μου, καὶ ὑμεῖς ἀτιμάζετέ με.
2b0832006c	ἐγὼ δὲ οὐ ζητῶ τὴν δόξαν μου· ἔστιν ὁ ζητῶν καὶ κρίνων.
2b083300af	ἀμὴν ἀμὴν λέγω ὑμῖν, ἐάν τις τὸν ἐμὸν λόγον τηρήσῃ, θάνατον οὐ μὴ θεωρήσῃ εἰς τὸν αἰῶνα.
2b08340154	εἶπον αὐτῷ οἱ Ἰουδαῖοι, Νῦν ἐγνώκαμεν ὅτι δαιμόνιον ἔχεις. Ἀβραὰμ ἀπέθανεν καὶ οἱ προφῆται, καὶ σὺ λέγεις, Ἐάν τις τὸν λόγον μου τηρήσῃ, οὐ μὴ γεύσηται θανάτου εἰς τὸν αἰῶνα.
2b083500c9	μὴ σὺ μείζων εἶ τοῦ πατρὸς ἡμῶν Ἀβραάμ, ὅστις ἀπέθανεν; καὶ οἱ προφῆται ἀπέθανον· τίνα σεαυτὸν ποιεῖς;
2b08360105	ἀπεκρίθη Ἰησοῦς, Ἐὰν ἐγὼ δοξάσω ἐμαυτόν, ἡ δόξα μου οὐδέν ἐστιν· ἔστιν ὁ πατήρ μου ὁ δοξάζων με, ὃν ὑμεῖς λέγετε, ὅτι θεὸς ἡμῶν ἐστιν,
2b0837011a	καὶ οὐκ ἐγνώκατε αὐτόν, ἐγὼ δὲ οἶδα αὐτόν. κἂν εἴπω ὅτι οὐκ οἶδα αὐτόν, ἔσομαι ὅμοιος ὑμῖν ψεύστης· ἀλλὰ οἶδα αὐτὸν καὶ τὸν λόγον αὐτοῦ τηρῶ.
2b083800a4	Ἀβραὰμ ὁ πατὴρ ὑμῶν ἠγαλλιάσατο ἵνα ἴδῃ τὴν ἡμέραν τὴν ἐμήν, καὶ εἶδεν καὶ ἐχάρη.
2b0839009f	εἶπον οὖν οἱ Ἰουδαῖοι πρὸς αὐτόν, Πεντήκοντα ἔτη οὔπω ἔχεις, καὶ Ἀβραὰμ ἑώρακας;
2b083a0093	εἶπεν αὐτοῖς Ἰησοῦς, Ἀμὴν ἀμὴν λέγω ὑμῖν, πρὶν Ἀβραὰμ γενέσθαι ἐγὼ εἰμί.
2b083b00a4	ἦραν οὖν λίθους ἵνα βάλωσιν ἐπ᾽ αὐτόν· Ἰησοῦς δὲ ἐκρύβη καὶ ἐξῆλθεν ἐκ τοῦ ἱεροῦ.
2b09010059	Καὶ παράγων εἶδεν ἄνθρωπον τυφλὸν ἐκ γενετῆς.
2b090200d9	καὶ ἠρώτησαν αὐτὸν οἱ μαθηταὶ αὐτοῦ λέγοντες, Ῥαββί, τίς ἥμαρτεν, οὗτος ἢ οἱ γονεῖς αὐτοῦ, ἵνα τυφλὸς γεννηθῇ;
2b090300cc	ἀπεκρίθη Ἰησοῦς, Οὔτε οὗτος ἥμαρτεν οὔτε οἱ γονεῖς αὐτοῦ, ἀλλ᾽ ἵνα φανερωθῇ τὰ ἔργα τοῦ θεοῦ ἐν αὐτῷ.
2b090400cf	ἡμᾶς δεῖ ἐργάζεσθαι τὰ ἔργα τοῦ πέμψαντός με ἕως ἡμέρα ἐστίν· ἔρχεται νύξ, ὅτε οὐδεὶς δύναται ἐργάζεσθαι.
2b0905004e	ὅταν ἐν τῷ κόσμῳ ὦ, φῶς εἰμι τοῦ κόσμου.
2b090600e1	ταῦτα εἰπὼν ἔπτυσεν χαμαί, καὶ ἐποίησεν πηλὸν ἐκ τοῦ πτύσματος, καὶ ἐπέχρισεν αὐτοῦ τὸν πηλὸν ἐπὶ τοὺς ὀφθαλμούς,
2b09070101	καὶ εἶπεν αὐτῷ, Ὕπαγε νίψαι εἰς τὴν κολυμβήθραν τοῦ Σιλωάμ, (ὃ ἑρμηνεύεται, ἀπεσταλμένος). ἀπῆλθεν οὖν καὶ ἐνίψατο, καὶ ἦλθεν βλέπων.
2b090800eb	Οἱ οὖν γείτονες καὶ οἱ θεωροῦντες αὐτὸν τὸ πρότερον ὅτι προσαίτης ἦν, ἔλεγον, Οὐχ οὗτός ἐστιν ὁ καθήμενος καὶ προσαιτῶν;
2b090900cc	ἄλλοι ἔλεγον ὅτι Οὗτός ἐστιν· ἄλλοι ἔλεγον, Οὐχί, ἀλλ᾽ ὅμοιος αὐτῷ ἐστιν. ἐκεῖνος ἔλεγεν ὅτι Ἐγώ εἰμι.
2b090a0060	ἔλεγον οὖν αὐτῷ, Πῶς ἠνεῴχθησάν σου οἱ ὀφθαλμοί;
2b090b0168	ἀπεκρίθη ἐκεῖνος, Ὁ ἄνθρωπος ὁ λεγόμενος Ἰησοῦς πηλὸν ἐποίησεν καὶ ἐπέχρισέν μου τοὺς ὀφθαλμούς, καὶ εἶπέν μοι ὅτι Ὕπαγε εἰς τὸν Σιλωὰμ καὶ νίψαι. ἀπελθὼν οὖν καὶ νιψάμενος, ἀνέβλεψα.
2b090c0066	[καὶ] εἶπαν αὐτῷ, Ποῦ ἐστιν ἐκεῖνος; λέγει, Οὐκ οἶδα.
2b090d0065	ἄγουσιν αὐτὸν πρὸς τοὺς Φαρισαίους, τόν ποτε τυφλόν·
2b090e00b1	ἦν δὲ σάββατον ἐν ᾗ ἡμέρᾳ τὸν πηλὸν ἐποίησεν ὁ Ἰησοῦς καὶ ἀνέῳξεν αὐτοῦ τοὺς ὀφθαλμούς.
2b090f010e	πάλιν οὖν ἠρώτων αὐτὸν καὶ οἱ Φαρισαῖοι πῶς ἀνέβλεψεν. ὁ δὲ εἶπεν αὐτοῖς, Πηλὸν ἐπέθηκέν μου ἐπὶ τοὺς ὀφθαλμούς, καὶ ἐνιψάμην, καὶ βλέπω.
2b09100176	ἔλεγον οὖν ἐκ τῶν Φαρισαίων τινές, Οὐκ ἔστιν οὗτος παρὰ θεοῦ ὁ ἄνθρωπος, ὅτι τὸ σάββατον οὐ τηρεῖ. Ἄλλοι ἔλεγον, Πῶς δύναται ἄνθρωπος ἁμαρτωλὸς τοιαῦτα σημεῖα ποιεῖν; καὶ σχίσμα ἦν ἐν αὐτοῖς.
2b091100e0	λέγουσιν οὖν τῷ τυφλῷ πάλιν, Τί σὺ λέγεις περὶ αὐτοῦ, ὅτι ἠνέωξέν σου τοὺς ὀφθαλμούς; ὁ δὲ εἶπεν ὅτι Προφήτης ἐστίν.
2b091200fb	Οὐκ ἐπίστευσαν οὖν οἱ Ἰουδαῖοι περὶ αὐτοῦ, ὅτι ἦν τυφλὸς καὶ ἀνέβλεψεν, ἕως ὅτου ἐφώνησαν τοὺς γονεῖς αὐτοῦ τοῦ ἀναβλέψαντος,
2b091300de	καὶ ἠρώτησαν αὐτοὺς λέγοντες, Οὗτός ἐστιν ὁ υἱὸς ὑμῶν, ὃν ὑμεῖς λέγετε ὅτι τυφλὸς ἐγεννήθη; πῶς οὖν βλέπει ἄρτι;
2b091400d1	ἀπεκρίθησαν οὖν οἱ γονεῖς αὐτοῦ καὶ εἶπαν, Οἴδαμεν ὅτι οὗτός ἐστιν ὁ υἱὸς ἡμῶν καὶ ὅτι τυφλὸς ἐγεννήθη·
2b0915011d	πῶς δὲ νῦν βλέπει οὐκ οἴδαμεν, ἢ τίς ἤνοιξεν αὐτοῦ τοὺς ὀφθαλμοὺς ἡμεῖς οὐκ οἴδαμεν· αὐτὸν ἐρωτήσατε, ἡλικίαν ἔχει· αὐτὸς περὶ ἑαυτοῦ λαλήσει.
2b0916012b	ταῦτα εἶπον οἱ γονεῖς αὐτοῦ, ὅτι ἐφοβοῦντο τοὺς Ἰουδαίους· ἤδη γὰρ συνετέθειντο οἱ Ἰουδαῖοι ἵνα ἐάν τις αὐτὸν ὁμολογήσῃ χριστόν, ἀποσυνάγωγος γένηται.
2b09170085	διὰ τοῦτο οἱ γονεῖς αὐτοῦ εἶπαν ὅτι Ἡλικίαν ἔχει, αὐτὸν ἐρωτήσατε.
2b09180110	Ἐφώνησαν οὖν τὸν ἄνθρωπον ἐκ δευτέρου, ὃς ἦν τυφλός, καὶ εἶπαν αὐτῷ, Δὸς δόξαν τῷ θεῷ· ἡμεῖς οἴδαμεν ὅτι ὁ ἄνθρωπος οὗτος ἁμαρτωλός ἐστιν.
2b091900a8	ἀπεκρίθη οὖν ἐκεῖνος, Εἰ ἁμαρτωλός ἐστιν οὐκ οἶδα· ἓν οἶδα, ὅτι τυφλὸς ὢν ἄρτι βλέπω.
2b091a007c	εἶπον οὖν αὐτῷ, Τί ἐποίησέν σοι; πῶς ἤνοιξέν σου τοὺς ὀφθαλμούς;
2b091b00ea	ἀπεκρίθη αὐτοῖς, Εἶπον ὑμῖν ἤδη, καὶ οὐκ ἠκούσατε· τί πάλιν θέλετε ἀκούειν; μὴ καὶ ὑμεῖς θέλετε αὐτοῦ μαθηταὶ γενέσθαι;
2b091c00b9	οἱ δὲ ἐλοιδόρησαν αὐτὸν καὶ εἶπον, Σὺ μαθητὴς εἶ ἐκείνου, ἡμεῖς δὲ τοῦ Μωυσέως ἐσμὲν μαθηταί.
2b091d0097	ἡμεῖς οἴδαμεν ὅτι Μωυσεῖ λελάληκεν ὁ θεός, τοῦτον δὲ οὐκ οἴδαμεν πόθεν ἐστίν.
2b091e010c	ἀπεκρίθη ὁ ἄνθρωπος καὶ εἶπεν αὐτοῖς, Ἐν τούτῳ γὰρ τὸ θαυμαστόν ἐστιν, ὅτι ὑμεῖς οὐκ οἴδατε πόθεν ἐστίν, καὶ ἤνοιξέν μου τοὺς ὀφθαλμούς.
2b091f00d0	οἴδαμεν ὅτι ὁ θεὸς ἁμαρτωλῶν οὐκ ἀκούει, ἀλλ᾽ ἐάν τις θεοσεβὴς ᾖ καὶ τὸ θέλημα αὐτοῦ ποιῇ, τούτου ἀκούει.
2b09200090	ἐκ τοῦ αἰῶνος οὐκ ἠκούσθη ὅτι ἠνέωξέν τις ὀφθαλμοὺς τυφλοῦ γεγεννημένου.
2b09210065	εἰ μὴ ἦν οὗτος παρὰ θεοῦ, οὐκ ἠδύνατο ποιεῖν οὐδέν.
2b092200d3	ἀπεκρίθησαν καὶ εἶπαν αὐτῷ, Ἐν ἁμαρτίαις σὺ ἐγεννήθης ὅλος, καὶ σὺ διδάσκεις ἡμᾶς; καὶ ἐξέβαλον αὐτὸν ἔξω.
2b092300d7	ἤκουσεν [ὁ] Ἰησοῦς ὅτι ἐξέβαλον αὐτὸν ἔξω, καὶ εὑρὼν αὐτὸν εἶπεν [αὐτῷ], Σὺ πιστεύεις εἰς τὸν υἱὸν τοῦ θεοῦ;
2b0924008d	ἀπεκρίθη ἐκεῖνος καὶ εἶπεν, Καὶ τίς ἐστιν, κύριε, ἵνα πιστεύσω εἰς αὐτόν;
2b09250097	Εἶπεν αὐτῷ ὁ Ἰησοῦς, Καὶ ἑώρακας αὐτόν, καὶ ὁ λαλῶν μετὰ σοῦ ἐκεῖνός ἐστιν.
2b0926005b	ὁ δὲ ἔφη, Πιστεύω, κύριε, καὶ προσεκύνησεν αὐτῷ.
2b092700f4	καὶ εἶπεν ὁ Ἰησοῦς, Εἰς κρίμα ἐγὼ εἰς τὸν κόσμον τοῦτον ἦλθον, ἵνα οἱ μὴ βλέποντες βλέπωσιν καὶ οἱ βλέποντες τυφλοὶ γένωνται.
2b092800bb	ἤκουσαν ἐκ τῶν Φαρισαίων ταῦτα οἱ μετ᾽ αὐτοῦ ὄντες, καὶ εἶπον αὐτῷ, Μὴ καὶ ἡμεῖς τυφλοί ἐσμεν;
2b092900dc	εἶπεν αὐτοῖς ὁ Ἰησοῦς, Εἰ τυφλοὶ ἦτε, οὐκ ἂν εἴχετε ἁμαρτίαν· νῦν δὲ λέγετε ὅτι Βλέπομεν· ἡ ἁμαρτία ὑμῶν μένει.
2b0a010118	Ἀμὴν ἀμὴν λέγω ὑμῖν, ὁ μὴ εἰσερχόμενος διὰ τῆς θύρας εἰς τὴν αὐλὴν τῶν προβάτων ἀλλὰ ἀναβαίνων ἀλλαχόθεν, ἐκεῖνος κλέπτης ἐστὶν καὶ λῃστής·
2b0a020071	ὁ δὲ εἰσερχόμενος διὰ τῆς θύρας ποιμήν ἐστιν τῶν προβάτων.
2b0a0300e7	τούτῳ ὁ θυρωρὸς ἀνοίγει, καὶ τὰ πρόβατα τῆς φωνῆς αὐτοῦ ἀκούει, καὶ τὰ ἴδια πρόβατα φωνεῖ κατ᾽ ὄνομα καὶ ἐξάγει αὐτά.
2b0a0400e1	ὅταν τὰ ἴδια πάντα ἐκβάλῃ, ἔμπροσθεν αὐτῶν πορεύεται, καὶ τὰ πρόβατα αὐτῷ ἀκολουθεῖ, ὅτι οἴδασιν τὴν φωνὴν αὐτοῦ.
2b0a0500c8	ἀλλοτρίῳ δὲ οὐ μὴ ἀκολουθήσουσιν, ἀλλὰ φεύξονται ἀπ᾽ αὐτοῦ, ὅτι οὐκ οἴδασιν τῶν ἀλλοτρίων τὴν φωνήν.
2b0a0600b5	Ταύτην τὴν παροιμίαν εἶπεν αὐτοῖς ὁ Ἰησοῦς· ἐκεῖνοι δὲ οὐκ ἔγνωσαν τίνα ᾖ ἃ ἐλάλει αὐτοῖς.
2b0a0700a5	Εἶπεν οὖν πάλιν αὐτοῖς ὁ Ἰησοῦς, Ἀμὴν ἀμὴν λέγω ὑμῖν, ἐγώ εἰμι ἡ θύρα τῶν προβάτων.
2b0a0800b0	πάντες ὅσοι ἦλθον πρὸ ἐμοῦ, κλέπται εἰσὶν καὶ λῃσταί· ἀλλ᾽ οὐκ ἤκουσαν αὐτῶν τὰ πρόβατα.
2b0a0900cf	ἐγώ εἰμι ἡ θύρα· δι᾽ ἐμοῦ ἐάν τις εἰσέλθῃ, σωθήσεται καὶ εἰσελεύσεται, καὶ ἐξελεύσεται καὶ νομὴν εὑρήσει.
2b0a0a00d5	ὁ κλέπτης οὐκ ἔρχεται εἰ μὴ ἵνα κλέψῃ καὶ θύσῃ καὶ ἀπολέσῃ· ἐγὼ ἦλθον ἵνα ζωὴν ἔχωσιν καὶ περισσὸν ἔχωσιν.
2b0a0b00ab	ἐγώ εἰμι ὁ ποιμὴν ὁ καλός· ὁ ποιμὴν ὁ καλὸς τὴν ψυχὴν αὐτοῦ τίθησιν ὑπὲρ τῶν προβάτων.
2b0a0c0141	ὁ μισθωτὸς [δὲ] καὶ οὐκ ὢν ποιμήν, οὗ οὐκ ἔστιν τὰ πρόβατα ἴδια, θεωρεῖ τὸν λύκον ἐρχόμενον καὶ ἀφίησιν τὰ πρόβατα καὶ φεύγει, καὶ ὁ λύκος ἁρπάζει αὐτὰ καὶ σκορπίζει.
2b0a0d006c	ὅτι μισθωτός ἐστιν καὶ οὐ μέλει αὐτῷ περὶ τῶν προβάτων.
2b0a0e008c	Ἐγώ εἰμι ὁ ποιμὴν ὁ καλός, καὶ γινώσκω τὰ ἐμά, καὶ γινώσκουσίν με τὰ ἐμά,
2b0a0f00b5	καθὼς γινώσκει με ὁ πατὴρ κἀγὼ γινώσκω τὸν πατέρα, καὶ τὴν ψυχήν μου τίθημι ὑπὲρ τῶν προβάτων.
2b0a10011d	καὶ ἄλλα πρόβατα ἔχω, ἃ οὐκ ἔστιν ἐκ τῆς αὐλῆς ταύτης· κἀκεῖνα δεῖ με ἀγαγεῖν, καὶ τῆς φωνῆς μου ἀκούσουσιν, καὶ γενήσονται μία ποίμνη, εἷς ποιμήν.
2b0a110098	διὰ τοῦτό με ὁ πατὴρ ἀγαπᾷ, ὅτι ἐγὼ τίθημι τὴν ψυχήν μου, ἵνα πάλιν λάβω αὐτήν.
2b0a12015e	οὐδεὶς αἴρει αὐτὴν ἀπ᾽ ἐμοῦ, ἀλλ᾽ ἐγὼ τίθημι αὐτὴν ἀπ᾽ ἐμαυτοῦ. ἐξουσίαν ἔχω θεῖναι αὐτήν, καὶ ἐξουσίαν ἔχω πάλιν λαβεῖν αὐτήν· ταύτην τὴν ἐντολὴν ἔλαβον παρὰ τοῦ πατρός μου.
2b0a13007a	Σχίσμα πάλιν ἐγένετο ἐν τοῖς Ἰουδαίοις διὰ τοὺς λόγους τούτους.
2b0a140090	ἔλεγον δὲ πολλοὶ ἐξ αὐτῶν, Δαιμόνιον ἔχει καὶ μαίνεται· τί αὐτοῦ ἀκούετε;
2b0a1500ca	ἄλλοι ἔλεγον, Ταῦτα τὰ ῥήματα οὐκ ἔστιν δαιμονιζομένου· μὴ δαιμόνιον δύναται τυφλῶν ὀφθαλμοὺς ἀνοῖξαι;
2b0a16006e	Ἐγένετο δὲ τὰ ἐγκαίνια ἐν τοῖς Ἱεροσολύμοις· χειμὼν ἦν,
2b0a17007b	καὶ περιεπάτει [ὁ] Ἰησοῦς ἐν τῷ ἱερῷ ἐν τῇ στοᾷ τοῦ Σολομῶνος.
2b0a1800f4	ἐκύκλωσαν οὖν αὐτὸν οἱ Ἰουδαῖοι, καὶ ἔλεγον αὐτῷ, Ἕως πότε τὴν ψυχὴν ἡμῶν αἴρεις; εἰ σὺ εἶ ὁ χριστός, εἰπὲ ἡμῖν παῤῥησίᾳ.
2b0a190106	ἀπεκρίθη αὐτοῖς [ὁ] Ἰησοῦς, Εἶπον ὑμῖν, καὶ οὐ πιστεύετε· τὰ ἔργα ἃ ἐγὼ ποιῶ ἐν τῷ ὀνόματι τοῦ πατρός μου, ταῦτα μαρτυρεῖ περὶ ἐμοῦ·
2b0a1a0080	ἀλλὰ ὑμεῖς οὐ πιστεύετε· ὅτι οὐκ ἐστὲ ἐκ τῶν προβάτων τῶν ἐμῶν.
2b0a1b00a3	τὰ πρόβατα τὰ ἐμὰ τῆς φωνῆς μου ἀκούουσιν, κἀγὼ γινώσκω αὐτά, καὶ ἀκολουθοῦσίν μοι,
2b0a1c00dc	κἀγὼ δίδωμι αὐτοῖς ζωὴν αἰώνιον, καὶ οὐ μὴ ἀπόλωνται εἰς τὸν αἰῶνα, καὶ οὐχ ἁρπάσει τις αὐτὰ ἐκ τῆς χειρός μου.
2b0a1d00ca	ὁ πατήρ μου ὃ δέδωκέν μοι πάντων μεῖζόν ἐστιν, καὶ οὐδεὶς δύναται ἁρπάζειν ἐκ τῆς χειρὸς τοῦ πατρός [μου].
2b0a1e0033	ἐγὼ καὶ ὁ πατὴρ ἕν ἐσμεν.
2b0a1f0077	Ἐβάστασαν [οὖν] πάλιν λίθους οἱ Ἰουδαῖοι, ἵνα λιθάσωσιν αὐτόν.
2b0a2000db	ἀπεκρίθη αὐτοῖς ὁ Ἰησοῦς, Πολλὰ καλὰ ἔργα ἔδειξα ὑμῖν ἐκ τοῦ πατρός [μου]· διὰ ποῖον αὐτῶν ἔργον ἐμὲ λιθάζετε;
2b0a2100fe	ἀπεκρίθησαν αὐτῷ οἱ Ἰουδαῖοι, Περὶ καλοῦ ἔργου οὐ λιθάζομέν σε, ἀλλὰ περὶ βλασφημίας, καὶ ὅτι σὺ ἄνθρωπος ὢν ποιεῖς σεαυτὸν θεόν.
2b0a2200b2	ἀπεκρίθη αὐτοῖς [ὁ] Ἰησοῦς, Οὐκ ἔστιν γεγραμμένον ἐν τῷ νόμῳ ὑμῶν ὅτι Ἐγὼ εἶπα, θεοί ἐστε;
2b0a2300b0	εἰ ἐκείνους εἶπεν θεούς, πρὸς οὓς ὁ λόγος τοῦ θεοῦ ἐγένετο, καὶ οὐ δύναται λυθῆναι ἡ γραφή,
2b0a2400d7	ὃν ὁ πατὴρ ἡγίασεν καὶ ἀπέστειλεν εἰς τὸν κόσμον, ὑμεῖς λέγετε ὅτι Βλασφημεῖς, ὅτι εἶπον, Υἱὸς τοῦ θεοῦ εἰμι;
2b0a250064	εἰ οὐ ποιῶ τὰ ἔργα τοῦ πατρός μου, μὴ πιστεύετέ μοι·
2b0a2600ea	εἰ δὲ ποιῶ, κἂν ἐμοὶ μὴ πιστεύητε, τοῖς ἔργοις πιστεύετε, ἵνα γνῶτε καὶ γινώσκητε ὅτι ἐν ἐμοὶ ὁ πατὴρ κἀγὼ ἐν τῷ πατρί.
2b0a270083	Ἐζήτουν [οὖν] πάλιν αὐτὸν πιάσαι· καὶ ἐξῆλθεν ἐκ τῆς χειρὸς αὐτῶν,
2b0a2800cb	καὶ ἀπῆλθεν πάλιν πέραν τοῦ Ἰορδάνου εἰς τὸν τόπον ὅπου ἦν Ἰωάνης τὸ πρῶτον βαπτίζων, καὶ ἔμεινεν ἐκεῖ.
2b0a2900f9	καὶ πολλοὶ ἦλθον πρὸς αὐτόν, καὶ ἔλεγον ὅτι Ἰωάνης μὲν σημεῖον ἐποίησεν οὐδέν, πάντα δὲ ὅσα εἶπεν Ἰωάνης περὶ τούτου ἀληθῆ ἦν.
2b0a2a004c	Καὶ πολλοὶ ἐπίστευσαν εἰς αὐτὸν ἐκεῖ.
2b0b0100af	Ἦν δέ τις ἀσθενῶν Λάζαρος ἀπὸ Βηθανίας, ἐκ τῆς κώμης Μαρίας καὶ Μάρθας τῆς ἀδελφῆς αὐτῆς·
2b0b0200eb	ἦν δὲ Μαριὰμ ἡ ἀλείψασα τὸν κύριον μύρῳ καὶ ἐκμάξασα τοὺς πόδας αὐτοῦ ταῖς θριξὶν αὐτῆς, ἧς ὁ ἀδελφὸς Λάζαρος ἠσθένει.
2b0b030097	ἀπέστειλαν οὖν αἱ ἀδελφαὶ πρὸς αὐτὸν λέγουσαι, Κύριε, ἴδε ὃν φιλεῖς ἀσθενεῖ.
2b0b04010e	ἀκούσας δὲ ὁ Ἰησοῦς εἶπεν, Αὕτη ἡ ἀσθένεια οὐκ ἔστιν πρὸς θάνατον, ἀλλ᾽ ὑπὲρ τῆς δόξης τοῦ θεοῦ, ἵνα δοξασθῇ ὁ υἱὸς τοῦ θεοῦ δι᾽ αὐτῆς.
2b0b050087	ἠγάπα δὲ ὁ Ἰησοῦς τὴν Μάρθαν καὶ τὴν ἀδελφὴν αὐτῆς καὶ τὸν Λάζαρον.
2b0b060088	ὡς οὖν ἤκουσεν ὅτι ἀσθενεῖ, τότε μὲν ἔμεινεν ἐν ᾧ ἦν τόπῳ δύο ἡμέρας.
2b0b070087	ἔπειτα μετὰ τοῦτο λέγει τοῖς μαθηταῖς, Ἄγωμεν εἰς τὴν Ἰουδαίαν πάλιν.
2b0b0800b3	λέγουσιν αὐτῷ οἱ μαθηταί, Ῥαββί, νῦν ἐζήτουν σε λιθάσαι οἱ Ἰουδαῖοι, καὶ πάλιν ὑπάγεις ἐκεῖ;
2b0b090104	ἀπεκρίθη Ἰησοῦς, Οὐχὶ δώδεκα ὧραί εἰσιν τῆς ἡμέρας; ἐάν τις περιπατῇ ἐν τῇ ἡμέρᾳ, οὐ προσκόπτει, ὅτι τὸ φῶς τοῦ κόσμου τούτου βλέπει·
2b0b0a0090	ἐὰν δέ τις περιπατῇ ἐν τῇ νυκτί, προσκόπτει, ὅτι τὸ φῶς οὐκ ἔστιν ἐν αὐτῷ.
2b0b0b00d6	ταῦτα εἶπεν, καὶ μετὰ τοῦτο λέγει αὐτοῖς, Λάζαρος ὁ φίλος ἡμῶν κεκοίμηται· ἀλλὰ πορεύομαι ἵνα ἐξυπνίσω αὐτόν.
2b0b0c0071	εἶπον οὖν οἱ μαθηταὶ αὐτῷ, Κύριε, εἰ κεκοίμηται, σωθήσεται.
2b0b0d00ca	εἰρήκει δὲ ὁ Ἰησοῦς περὶ τοῦ θανάτου αὐτοῦ· ἐκεῖνοι δὲ ἔδοξαν ὅτι περὶ τῆς κοιμήσεως τοῦ ὕπνου λέγει.
2b0b0e0076	τότε οὖν εἶπεν αὐτοῖς ὁ Ἰησοῦς παῤῥησίᾳ, Λάζαρος ἀπέθανεν·
2b0b0f009b	καὶ χαίρω δι᾽ ὑμᾶς, ἵνα πιστεύσητε, ὅτι οὐκ ἤμην ἐκεῖ· ἀλλὰ ἄγωμεν πρὸς αὐτόν.
2b0b1000c4	εἶπεν οὖν Θωμᾶς, ὁ λεγόμενος Δίδυμος, τοῖς συμμαθηταῖς, Ἄγωμεν καὶ ἡμεῖς, ἵνα ἀποθάνωμεν μετ᾽ αὐτοῦ.
2b0b110092	ἐλθὼν οὖν ὁ Ἰησοῦς εὗρεν αὐτὸν τέσσαρας ἤδη ἡμέρας ἔχοντα ἐν τῷ μνημείῳ.
2b0b12007d	ἦν δὲ ἡ Βηθανία ἐγγὺς τῶν Ἱεροσολύμων ὡς ἀπὸ σταδίων δεκαπέντε.
2b0b1300d6	Πολλοὶ δὲ ἐκ τῶν Ἰουδαίων ἐληλύθεισαν πρὸς τὴν Μάρθαν καὶ Μαριάμ, ἵνα παραμυθήσωνται αὐτὰς περὶ τοῦ ἀδελφοῦ.
2b0b1400b2	ἡ οὖν Μάρθα ὡς ἤκουσεν ὅτι Ἰησοῦς ἔρχεται, ὑπήντησεν αὐτῷ· Μαρία δὲ ἐν τῷ οἴκῳ ἐκαθέζετο.
2b0b1500a3	εἶπεν οὖν ἡ Μάρθα πρὸς [τὸν] Ἰησοῦν, Κύριε, εἰ ἦς ὧδε, οὐκ ἂν ἀπέθανεν ὁ ἀδελφός μου.
2b0b160070	καὶ νῦν οἶδα ὅτι ὅσα ἂν αἰτήσῃ τὸν θεὸν δώσει σοι ὁ θεός.
2b0b17005d	λέγει αὐτῇ ὁ Ἰησοῦς, Ἀναστήσεται ὁ ἀδελφός σου.
2b0b180098	λέγει αὐτῷ ἡ Μάρθα, Οἶδα ὅτι ἀναστήσεται ἐν τῇ ἀναστάσει ἐν τῇ ἐσχάτῃ ἡμέρᾳ.
2b0b1900b8	εἶπεν αὐτῇ ὁ Ἰησοῦς, Ἐγώ εἰμι ἡ ἀνάστασις καὶ ἡ ζωή· ὁ πιστεύων εἰς ἐμὲ κἂν ἀποθάνῃ ζήσεται,
2b0b1a00a0	καὶ πᾶς ὁ ζῶν καὶ πιστεύων εἰς ἐμὲ οὐ μὴ ἀποθάνῃ εἰς τὸν αἰῶνα. πιστεύεις τοῦτο;
2b0b1b00c8	Λέγει αὐτῷ, Ναὶ κύριε· ἐγὼ πεπίστευκα ὅτι σὺ εἶ ὁ χριστὸς ὁ υἱὸς τοῦ θεοῦ ὁ εἰς τὸν κόσμον ἐρχόμενος.
2b0b1c00e1	καὶ τοῦτο εἰποῦσα ἀπῆλθεν καὶ ἐφώνησεν Μαριὰμ τὴν ἀδελφὴν αὐτῆς λάθρα εἴπασα, Ὁ διδάσκαλος πάρεστιν καὶ φωνεῖ σε.
2b0b1d006f	ἐκείνη δὲ ὡς ἤκουσεν, ἠγέρθη ταχὺ καὶ ἤρχετο πρὸς αὐτόν.
2b0b1e00b8	οὔπω δὲ ἐληλύθει ὁ Ἰησοῦς εἰς τὴν κώμην, ἀλλ᾽ ἦν ἔτι ἐν τῷ τόπῳ ὅπου ὑπήντησεν αὐτῷ ἡ Μάρθα.
2b0b1f0185	οἱ οὖν Ἰουδαῖοι οἱ ὄντες μετ᾽ αὐτῆς ἐν τῇ οἰκίᾳ καὶ παραμυθούμενοι αὐτήν, ἰδόντες τὴν Μαριὰμ ὅτι ταχέως ἀνέστη καὶ ἐξῆλθεν, ἠκολούθησαν αὐτῇ, δόξαντες ὅτι Ὑπάγει εἰς τὸ μνημεῖον, ἵνα κλαύσῃ ἐκεῖ.
2b0b20011a	ἡ οὖν Μαριὰμ ὡς ἦλθεν ὅπου ἦν Ἰησοῦς, ἰδοῦσα αὐτὸν ἔπεσεν αὐτοῦ πρὸς τοὺς πόδας, λέγουσα αὐτῷ, Κύριε, εἰ ἦς ὧδε, οὐκ ἄν μου ἀπέθανεν ὁ ἀδελφός.
2b0b2100fe	Ἰησοῦς οὖν ὡς εἶδεν αὐτὴν κλαίουσαν καὶ τοὺς συνελθόντας αὐτῇ Ἰουδαίους κλαίοντας, ἐνεβριμήσατο τῷ πνεύματι καὶ ἐτάραξεν ἑαυτόν,
2b0b220082	καὶ εἶπεν, Ποῦ τεθείκατε αὐτόν; λέγουσιν αὐτῷ, Κύριε, ἔρχου καὶ ἴδε.
2b0b230028	ἐδάκρυσεν ὁ Ἰησοῦς·
2b0b24005a	ἔλεγον οὖν οἱ Ἰουδαῖοι, Ἴδε πῶς ἐφίλει αὐτόν.
2b0b2500e2	τινὲς δὲ ἐξ αὐτῶν εἶπον, Οὐκ ἐδύνατο οὗτος ὁ ἀνοίξας τοὺς ὀφθαλμοὺς τοῦ τυφλοῦ ποιῆσαι ἵνα καὶ οὗτος μὴ ἀποθάνῃ;
2b0b2600d8	Ἰησοῦς οὖν πάλιν ἐμβριμώμενος ἐν ἑαυτῷ ἔρχεται εἰς τὸ μνημεῖον· ἦν δὲ σπήλαιον, καὶ λίθος ἐπέκειτο ἐπ᾽ αὐτῷ.
2b0b2700e0	λέγει [ὁ] Ἰησοῦς, Ἄρατε τὸν λίθον. λέγει αὐτῷ ἡ ἀδελφὴ τοῦ τελευτηκότος Μάρθα, Κύριε, ἤδη ὄζει· τεταρταῖος γάρ ἐστιν.
2b0b280098	λέγει αὐτῇ ὁ Ἰησοῦς, Οὐκ εἶπόν σοι ὅτι ἐὰν πιστεύσῃς ὄψῃ τὴν δόξαν τοῦ θεοῦ;
2b0b2900cc	ἦραν οὖν τὸν λίθον. ὁ δὲ Ἰησοῦς ἦρεν τοὺς ὀφθαλμοὺς ἄνω καὶ εἶπεν, Πάτερ, εὐχαριστῶ σοι ὅτι ἤκουσάς μου.
2b0b2a00e4	ἐγὼ δὲ ᾔδειν ὅτι πάντοτέ μου ἀκούεις· ἀλλὰ διὰ τὸν ὄχλον τὸν περιεστῶτα εἶπον, ἵνα πιστεύσωσιν ὅτι σύ με ἀπέστειλας.
2b0b2b0072	καὶ ταῦτα εἰπὼν φωνῇ μεγάλῃ ἐκραύγασεν, Λάζαρε, δεῦρο ἔξω.
2b0b2c0147	ἐξῆλθεν ὁ τεθνηκὼς δεδεμένος τοὺς πόδας καὶ τὰς χεῖρας κειρίαις, καὶ ἡ ὄψις αὐτοῦ σουδαρίῳ περιεδέδετο. λέγει αὐτοῖς ὁ Ἰησοῦς, Λύσατε αὐτὸν καὶ ἄφετε [αὐτὸν] ὑπάγειν.
2b0b2d00cc	Πολλοὶ οὖν ἐκ τῶν Ἰουδαίων οἱ ἐλθόντες πρὸς τὴν Μαριὰμ καὶ θεασάμενοι ὃ ἐποίησεν, ἐπίστευσαν εἰς αὐτόν.
2b0b2e00a7	τινὲς δὲ ἐξ αὐτῶν ἀπῆλθον πρὸς τοὺς Φαρισαίους καὶ εἶπον αὐτοῖς ἃ ἐποίησεν Ἰησοῦς.
2b0b2f00eb	Συνήγαγον οὖν οἱ ἀρχιερεῖς καὶ οἱ Φαρισαῖοι συνέδριον, καὶ ἔλεγον, Τί ποιοῦμεν, ὅτι οὗτος ὁ ἄνθρωπος πολλὰ ποιεῖ σημεῖα;
2b0b3000fb	ἐὰν ἀφῶμεν αὐτὸν οὕτως, πάντες πιστεύσουσιν εἰς αὐτόν, καὶ ἐλεύσονται οἱ Ῥωμαῖοι καὶ ἀροῦσιν ἡμῶν καὶ τὸν τόπον καὶ τὸ ἔθνος.
2b0b3100c9	Εἷς δέ τις ἐξ αὐτῶν Καϊάφας, ἀρχιερεὺς ὢν τοῦ ἐνιαυτοῦ ἐκείνου, εἶπεν αὐτοῖς, Ὑμεῖς οὐκ οἴδατε οὐδέν,
2b0b3200cf	οὐδὲ λογίζεσθε ὅτι συμφέρει ὑμῖν ἵνα εἷς ἄνθρωπος ἀποθάνῃ ὑπὲρ τοῦ λαοῦ, καὶ μὴ ὅλον τὸ ἔθνος ἀπόληται.
2b0b33010a	Τοῦτο δὲ ἀφ᾽ ἑαυτοῦ οὐκ εἶπεν, ἀλλὰ ἀρχιερεὺς ὢν τοῦ ἐνιαυτοῦ ἐκείνου ἐπροφήτευσεν ὅτι ἤμελλεν Ἰησοῦς ἀποθνήσκειν ὑπὲρ τοῦ ἔθνους,
2b0b3400be	καὶ οὐχ ὑπὲρ τοῦ ἔθνους μόνον, ἀλλ᾽ ἵνα καὶ τὰ τέκνα τοῦ θεοῦ τὰ διεσκορπισμένα συναγάγῃ εἰς ἕν.
2b0b35007f	Ἀπ᾽ ἐκείνης οὖν τῆς ἡμέρας ἐβουλεύσαντο ἵνα ἀποκτείνωσιν αὐτόν.
2b0b360158	ὁ οὖν Ἰησοῦς οὐκέτι παῤῥησίᾳ περιεπάτει ἐν τοῖς Ἰουδαίοις, ἀλλὰ ἀπῆλθεν ἐκεῖθεν εἰς τὴν χώραν ἐγγὺς τῆς ἐρήμου, εἰς Ἐφραῒμ λεγομένην πόλιν, κἀκεῖ ἔμεινεν μετὰ τῶν μαθητῶν.
2b0b3700ec	ἦν δὲ ἐγγὺς τὸ πάσχα τῶν Ἰουδαίων, καὶ ἀνέβησαν πολλοὶ εἰς Ἱεροσόλυμα ἐκ τῆς χώρας πρὸ τοῦ πάσχα, ἵνα ἁγνίσωσιν ἑαυτούς.
2b0b3800e6	ἐζήτουν οὖν τὸν Ἰησοῦν, καὶ ἔλεγον μετ᾽ ἀλλήλων ἐν τῷ ἱερῷ ἑστηκότες, Τί δοκεῖ ὑμῖν, ὅτι οὐ μὴ ἔλθῃ εἰς τὴν ἑορτήν;
2b0b3900d2	δεδώκεισαν δὲ οἱ ἀρχιερεῖς καὶ οἱ Φαρισαῖοι ἐντολὰς ἵνα ἐάν τις γνῷ ποῦ ἐστιν μηνύσῃ, ὅπως πιάσωσιν αὐτόν.
2b0c0100e5	Ὁ οὖν Ἰησοῦς πρὸ ἓξ ἡμερῶν τοῦ πάσχα ἦλθεν εἰς Βηθανίαν, ὅπου ἦν Λάζαρος [ὁ τεθνηκὼς] ὃν ἤγειρεν ἐκ νεκρῶν ὁ Ἰησοῦς.
2b0c0200cb	ἐποίησαν οὖν αὐτῷ δεῖπνον ἐκεῖ, καὶ ἡ Μάρθα διηκόνει· ὁ δὲ Λάζαρος εἷς ἦν ἐκ τῶν ἀνακειμένων σὺν αὐτῷ.
2b0c03016b	ἡ οὖν Μαριὰμ λαβοῦσα λίτραν μύρου νάρδου πιστικῆς πολυτίμου, ἤλειψεν τοὺς πόδας [τοῦ] Ἰησοῦ, καὶ ἐξέμαξεν ταῖς θριξὶν αὐτῆς τοὺς πόδας αὐτοῦ· ἡ δὲ οἰκία ἐπληρώθη ἐκ τῆς ὀσμῆς τοῦ μύρου.
2b0c04009e	λέγει οὖν Ἰούδας ὁ Ἰσκαριώτης εἷς τῶν μαθητῶν αὐτοῦ, ὁ μέλλων αὐτὸν παραδιδόναι,
2b0c05008b	Διὰ τί τοῦτο τὸ μύρον οὐκ ἐπράθη τριακοσίων δηναρίων, καὶ ἐδόθη πτωχοῖς;
2b0c0600ec	εἶπεν δὲ τοῦτο οὐχ ὅτι περὶ τῶν πτωχῶν ἔμελεν αὐτῷ, ἀλλ᾽ ὅτι κλέπτης ἦν καὶ τὸ γλωσσόκομον ἔχων τὰ βαλλόμενα ἐβάσταζεν.
2b0c0700a6	εἶπεν οὖν ὁ Ἰησοῦς, Ἄφες αὐτήν, ἵνα εἰς τὴν ἡμέραν τοῦ ἐνταφιασμοῦ μου τηρήσῃ αὐτό·
2b0c080087	τοὺς πτωχοὺς γὰρ πάντοτε ἔχετε μεθ᾽ ἑαυτῶν, ἐμὲ δὲ οὐ πάντοτε ἔχετε.
2b0c090119	Ἔγνω οὖν ὄχλος πολὺς ἐκ τῶν Ἰουδαίων ὅτι ἐκεῖ ἐστιν, καὶ ἦλθον οὐ διὰ τὸν Ἰησοῦν μόνον, ἀλλ᾽ ἵνα καὶ τὸν Λάζαρον ἴδωσιν ὃν ἤγειρεν ἐκ νεκρῶν.
2b0c0a007c	ἐβουλεύσαντο δὲ οἱ ἀρχιερεῖς ἵνα καὶ τὸν Λάζαρον ἀποκτείνωσιν,
2b0c0b008f	ὅτι πολλοὶ δι᾽ αὐτὸν ὑπῆγον τῶν Ἰουδαίων καὶ ἐπίστευον εἰς τὸν Ἰησοῦν.
2b0c0c00bb	Τῇ ἐπαύριον ὄχλος πολὺς ὁ ἐλθὼν εἰς τὴν ἑορτήν, ἀκούσαντες ὅτι ἔρχεται Ἰησοῦς εἰς Ἱεροσόλυμα,
2b0c0d012d	ἔλαβον τὰ βαΐα τῶν φοινίκων καὶ ἐξῆλθον εἰς ὑπάντησιν αὐτῷ, καὶ ἐκραύγαζον, Ὡσαννά, εὐλογημένος ὁ ἐρχόμενος ἐν ὀνόματι κυρίου, καὶ ὁ βασιλεὺς τοῦ Ἰσραήλ.
2b0c0e008b	εὑρὼν δὲ ὁ Ἰησοῦς ὀνάριον, ἐκάθισεν ἐπ᾽ αὐτό, καθώς ἐστιν γεγραμμένον,
2b0c0f0096	Μὴ φοβοῦ, θυγάτηρ Σιών· ἰδοὺ ὁ βασιλεύς σου ἔρχεται καθήμενος ἐπὶ πῶλον ὄνου.
2b0c100124	ταῦτα οὐκ ἔγνωσαν οἱ μαθηταὶ αὐτοῦ τὸ πρῶτον, ἀλλ᾽ ὅτε ἐδοξάσθη Ἰησοῦς, τότε ἐμνήσθησαν ὅτι ταῦτα ἦν ἐπ᾽ αὐτῷ γεγραμμένα καὶ ταῦτα ἐποίησαν αὐτῷ.
2b0c1100d9	ἐμαρτύρει οὖν ὁ ὄχλος ὁ ὢν μετ᾽ αὐτοῦ, ὅτε τὸν Λάζαρον ἐφώνησεν ἐκ τοῦ μνημείου, καὶ ἤγειρεν αὐτὸν ἐκ νεκρῶν·
2b0c1200a2	διὰ τοῦτο ὑπήντησεν αὐτῷ ὁ ὄχλος, ὅτι ἤκουσαν τοῦτο αὐτὸν πεποιηκέναι τὸ σημεῖον.
2b0c1300ce	οἱ οὖν Φαρισαῖοι εἶπαν πρὸς ἑαυτούς, Θεωρεῖτε ὅτι οὐκ ὠφελεῖτε οὐδέν; ἴδε ὁ κόσμος ὀπίσω αὐτοῦ ἀπῆλθεν.
2b0c140090	Ἦσαν δὲ Ἕλληνές τινες ἐκ τῶν ἀναβαινόντων ἵνα προσκυνήσωσιν ἐν τῇ ἑορτῇ·
2b0c1500e9	οὗτοι οὖν προσῆλθον Φιλίππῳ τῷ ἀπὸ Βηθσαϊδὰ τῆς Γαλιλαίας, καὶ ἠρώτων αὐτὸν λέγοντες, Κύριε, θέλομεν τὸν Ἰησοῦν ἰδεῖν.
2b0c1600b3	ἔρχεται ὁ Φίλιππος καὶ λέγει τῷ Ἀνδρέᾳ, ἔρχεται Ἀνδρέας καὶ Φίλιππος καὶ λέγουσιν τῷ Ἰησοῦ.
2b0c1700ab	ὁ δὲ Ἰησοῦς ἀποκρίνεται αὐτοῖς λέγων, Ἐλήλυθεν ἡ ὥρα ἵνα δοξασθῇ ὁ υἱὸς τοῦ ἀνθρώπου.
2b0c1800ff	ἀμὴν ἀμὴν λέγω ὑμῖν, ἐὰν μὴ ὁ κόκκος τοῦ σίτου πεσὼν εἰς τὴν γῆν ἀποθάνῃ, αὐτὸς μόνος μένει· ἐὰν δὲ ἀποθάνῃ, πολὺν καρπὸν φέρει.
2b0c1900ea	ὁ φιλῶν τὴν ψυχὴν αὐτοῦ ἀπολλύει αὐτήν, καὶ ὁ μισῶν τὴν ψυχὴν αὐτοῦ ἐν τῷ κόσμῳ τούτῳ εἰς ζωὴν αἰώνιον φυλάξει αὐτήν.
2b0c1a0110	Ἐὰν ἐμοί τις διακονῇ, ἐμοὶ ἀκολουθείτω, καὶ ὅπου εἰμὶ ἐγώ, ἐκεῖ καὶ ὁ διάκονος ὁ ἐμὸς ἔσται· ἐάν τις ἐμοὶ διακονῇ, τιμήσει αὐτὸν ὁ πατήρ.
2b0c1b00df	νῦν ἡ ψυχή μου τετάρακται, καὶ τί εἴπω; Πάτερ, σῶσόν με ἐκ τῆς ὥρας ταύτης; ἀλλὰ διὰ τοῦτο ἦλθον εἰς τὴν ὥραν ταύτην.
2b0c1c00ab	Πάτερ, δόξασόν σου τὸ ὄνομα. Ἦλθεν οὖν φωνὴ ἐκ τοῦ οὐρανοῦ, Καὶ ἐδόξασα καὶ πάλιν δοξάσω.
2b0c1d00be	Ὁ [οὖν] ὄχλος ὁ ἑστὼς καὶ ἀκούσας ἔλεγεν βροντὴν γεγονέναι. ἄλλοι ἔλεγον, Ἄγγελος αὐτῷ λελάληκεν.
2b0c1e0093	Ἀπεκρίθη Ἰησοῦς καὶ εἶπεν, Οὐ δι᾽ ἐμὲ ἡ φωνὴ αὕτη γέγονεν, ἀλλὰ δι᾽ ὑμᾶς.
2b0c1f00a2	νῦν κρίσις ἐστὶν τοῦ κόσμου τούτου· νῦν ὁ ἄρχων τοῦ κόσμου τούτου ἐκβληθήσεται ἔξω,
2b0c20006d	κἀγὼ ἐὰν ὑψωθῶ ἐκ τῆς γῆς, πάντας ἑλκύσω πρὸς ἐμαυτόν.
2b0c210071	Τοῦτο δὲ ἔλεγεν σημαίνων ποίῳ θανάτῳ ἤμελλεν ἀποθνήσκειν.
2b0c220169	ἀπεκρίθη αὐτῷ ὁ ὄχλος, Ἡμεῖς ἠκούσαμεν ἐκ τοῦ νόμου ὅτι ὁ χριστὸς μένει εἰς τὸν αἰῶνα, καὶ πῶς λέγεις σὺ ὅτι δεῖ ὑψωθῆναι τὸν υἱὸν τοῦ ἀνθρώπου; τίς ἐστιν οὗτος ὁ υἱὸς τοῦ ἀνθρώπου;
2b0c23015d	εἶπεν οὖν αὐτοῖς ὁ Ἰησοῦς, Ἔτι μικρὸν χρόνον τὸ φῶς ἐν ὑμῖν ἐστίν. περιπατεῖτε ὡς τὸ φῶς ἔχετε, ἵνα μὴ σκοτία ὑμᾶς καταλάβῃ· καὶ ὁ περιπατῶν ἐν τῇ σκοτίᾳ οὐκ οἶδεν ποῦ ὑπάγει.
2b0c2400e5	ὡς τὸ φῶς ἔχετε, πιστεύετε εἰς τὸ φῶς, ἵνα υἱοὶ φωτὸς γένησθε. Ταῦτα ἐλάλησεν Ἰησοῦς, καὶ ἀπελθὼν ἐκρύβη ἀπ᾽ αὐτῶν.
2b0c250099	Τοσαῦτα δὲ αὐτοῦ σημεῖα πεποιηκότος ἔμπροσθεν αὐτῶν οὐκ ἐπίστευον εἰς αὐτόν,
2b0c2600ef	ἵνα ὁ λόγος Ἡσαΐου τοῦ προφήτου πληρωθῇ, ὃν εἶπεν, Κύριε, τίς ἐπίστευσεν τῇ ἀκοῇ ἡμῶν; καὶ ὁ βραχίων κυρίου τίνι ἀπεκαλύφθη;
2b0c27006f	Διὰ τοῦτο οὐκ ἠδύναντο πιστεύειν, ὅτι πάλιν εἶπεν Ἡσαΐας,
2b0c28012a	Τετύφλωκεν αὐτῶν τοὺς ὀφθαλμοὺς καὶ ἐπώρωσεν αὐτῶν τὴν καρδίαν, ἵνα μὴ ἴδωσιν τοῖς ὀφθαλμοῖς καὶ νοήσωσιν τῇ καρδίᾳ καὶ στραφῶσιν καὶ ἰάσομαι αὐτούς.
2b0c29008c	ταῦτα εἶπεν Ἡσαΐας ὅτι εἶδεν τὴν δόξαν αὐτοῦ, καὶ ἐλάλησεν περὶ αὐτοῦ.
2b0c2a0100	ὅμως μέντοι καὶ ἐκ τῶν ἀρχόντων πολλοὶ ἐπίστευσαν εἰς αὐτόν, ἀλλὰ διὰ τοὺς Φαρισαίους οὐχ ὡμολόγουν, ἵνα μὴ ἀποσυνάγωγοι γένωνται.
2b0c2b0084	ἠγάπησαν γὰρ τὴν δόξαν τῶν ἀνθρώπων μᾶλλον ἤπερ τὴν δόξαν τοῦ θεοῦ.
2b0c2c00b9	Ἰησοῦς δὲ ἔκραξεν καὶ εἶπεν, Ὁ πιστεύων εἰς ἐμέ, οὐ πιστεύει εἰς ἐμὲ ἀλλὰ εἰς τὸν πέμψαντά με.
2b0c2d004f	καὶ ὁ θεωρῶν ἐμὲ θεωρεῖ τὸν πέμψαντά με.
2b0c2e00a1	ἐγὼ φῶς εἰς τὸν κόσμον ἐλήλυθα, ἵνα πᾶς ὁ πιστεύων εἰς ἐμὲ ἐν τῇ σκοτίᾳ μὴ μείνῃ.
2b0c2f00fe	καὶ ἐάν τίς μου ἀκούσῃ τῶν ῥημάτων καὶ μὴ φυλάξῃ, ἐγὼ οὐ κρίνω αὐτόν· οὐ γὰρ ἦλθον ἵνα κρίνω τὸν κόσμον, ἀλλ᾽ ἵνα σώσω τὸν κόσμον.
2b0c300102	ὁ ἀθετῶν ἐμὲ καὶ μὴ λαμβάνων τὰ ῥήματά μου, ἔχει τὸν κρίνοντα αὐτόν· ὁ λόγος ὃν ἐλάλησα, ἐκεῖνος κρινεῖ αὐτὸν ἐν τῇ ἐσχάτῃ ἡμέρᾳ.
2b0c3100ca	ὅτι ἐγὼ ἐξ ἐμαυτοῦ οὐκ ἐλάλησα, ἀλλ᾽ ὁ πέμψας με πατὴρ αὐτός μοι ἐντολὴν δέδωκεν τί εἴπω καὶ τί λαλήσω.
2b0c3200c8	καὶ οἶδα ὅτι ἡ ἐντολὴ αὐτοῦ ζωὴ αἰώνιός ἐστιν. ἃ οὖν ἐγὼ λαλῶ, καθὼς εἴρηκέν μοι ὁ πατήρ, οὕτως λαλῶ.
2b0d010162	Πρὸ δὲ τῆς ἑορτῆς τοῦ πάσχα εἰδὼς ὁ Ἰησοῦς ὅτι ἦλθεν αὐτοῦ ἡ ὥρα ἵνα μεταβῇ ἐκ τοῦ κόσμου τούτου πρὸς τὸν πατέρα, ἀγαπήσας τοὺς ἰδίους τοὺς ἐν τῷ κόσμῳ εἰς τέλος ἠγάπησεν αὐτούς.
2b0d0200d9	καὶ δείπνου γινομένου, τοῦ διαβόλου ἤδη βεβληκότος εἰς τὴν καρδίαν ἵνα παραδοῖ αὐτὸν Ἰούδας Σίμωνος Ἰσκαριώτης·
2b0d0300ce	εἰδὼς ὅτι πάντα ἔδωκεν αὐτῷ ὁ πατὴρ εἰς τὰς χεῖρας, καὶ ὅτι ἀπὸ θεοῦ ἐξῆλθεν καὶ πρὸς τὸν θεὸν ὑπάγει,
2b0d04009f	ἐγείρεται ἐκ τοῦ δείπνου καὶ τίθησιν τὰ ἱμάτια, καὶ λαβὼν λέντιον διέζωσεν ἑαυτόν,
2b0d0500e5	εἶτα βάλλει ὕδωρ εἰς τὸν νιπτῆρα, καὶ ἤρξατο νίπτειν τοὺς πόδας τῶν μαθητῶν καὶ ἐκμάσσειν τῷ λεντίῳ ᾧ ἦν διεζωσμένος.
2b0d0600a4	ἔρχεται οὖν πρὸς Σίμωνα Πέτρον· λέγει αὐτῷ [ἐκεῖνος], Κύριε, σύ μου νίπτεις τοὺς πόδας;
2b0d0700a6	ἀπεκρίθη Ἰησοῦς καὶ εἶπεν αὐτῷ, Ὃ ἐγὼ ποιῶ, σὺ οὐκ οἶδας ἄρτι, γνώσῃ δὲ μετὰ ταῦτα.
2b0d0800f5	λέγει αὐτῷ Πέτρος, Οὐ μὴ νίψῃς μου τοὺς πόδας εἰς τὸν αἰῶνα. ἀπεκρίθη Ἰησοῦς αὐτῷ, Ἐὰν μὴ νίψω σε, οὐκ ἔχεις μέρος μετ᾽ ἐμοῦ.
2b0d0900b1	λέγει αὐτῷ Σίμων Πέτρος, Κύριε, μὴ τοὺς πόδας μου μόνον, ἀλλὰ καὶ τὰς χεῖρας καὶ τὴν κεφαλήν.
2b0d0a011c	Λέγει αὐτῷ [ὁ] Ἰησοῦς, Ὁ λελουμένος οὐκ ἔχει χρείαν εἰ μὴ τοὺς πόδας νίψασθαι, ἀλλ᾽ ἔστιν καθαρὸς ὅλος· καὶ ὑμεῖς καθαροί ἐστε, ἀλλ᾽ οὐχὶ πάντες.
2b0d0b0098	ᾔδει γὰρ τὸν παραδιδόντα αὐτόν· διὰ τοῦτο εἶπεν ὅτι Οὐχὶ πάντες καθαροί ἐστε.
2b0d0c00ef	Ὅτε οὖν ἔνιψεν τοὺς πόδας αὐτῶν, καὶ ἔλαβεν τὰ ἱμάτια αὐτοῦ καὶ ἀνέπεσεν πάλιν, εἶπεν αὐτοῖς· Γινώσκετε τί πεποίηκα ὑμῖν;
2b0d0d008b	ὑμεῖς φωνεῖτέ με, Ὁ διδάσκαλος καὶ ὁ κύριος, καὶ καλῶς λέγετε· εἰμὶ γάρ.
2b0d0e00d2	εἰ οὖν ἐγὼ ἔνιψα ὑμῶν τοὺς πόδας ὁ κύριος καὶ ὁ διδάσκαλος, καὶ ὑμεῖς ὀφείλετε ἀλλήλων νίπτειν τοὺς πόδας·
2b0d0f008f	ὑπόδειγμα γὰρ ἔδωκα ὑμῖν, ἵνα καθὼς ἐγὼ ἐποίησα ὑμῖν καὶ ὑμεῖς ποιῆτε.
2b0d1000d0	ἀμὴν ἀμὴν λέγω ὑμῖν, οὐκ ἔστιν δοῦλος μείζων τοῦ κυρίου αὐτοῦ, οὐδὲ ἀπόστολος μείζων τοῦ πέμψαντος αὐτόν.
2b0d11005d	εἰ ταῦτα οἴδατε, μακάριοί ἐστε ἐὰν ποιῆτε αὐτά.
2b0d12010f	οὐ περὶ πάντων ὑμῶν λέγω· ἐγὼ οἶδα τίνας ἐξελεξάμην· ἀλλ᾽ ἵνα ἡ γραφὴ πληρωθῇ, Ὁ τρώγων μου τὸν ἄρτον, ἐπῆρεν ἐπ᾽ ἐμὲ τὴν πτέρναν αὐτοῦ.
2b0d130097	ἀπ᾽ ἄρτι λέγω ὑμῖν πρὸ τοῦ γενέσθαι, ἵνα πιστεύητε ὅταν γένηται ὅτι ἐγώ εἰμι.
2b0d1400cb	ἀμὴν ἀμὴν λέγω ὑμῖν, Ὁ λαμβάνων ἄν τινα πέμψω, ἐμὲ λαμβάνει· ὁ δὲ ἐμὲ λαμβάνων, λαμβάνει τὸν πέμψαντά με.
2b0d1500e9	Ταῦτα εἰπὼν Ἰησοῦς ἐταράχθη τῷ πνεύματι καὶ ἐμαρτύρησεν καὶ εἶπεν, Ἀμὴν ἀμὴν λέγω ὑμῖν ὅτι εἷς ἐξ ὑμῶν παραδώσει με.
2b0d160082	Ἔβλεπον [οὖν] εἰς ἀλλήλους οἱ μαθηταί, ἀπορούμενοι περὶ τίνος λέγει.
2b0d1700a5	ἦν ἀνακείμενος εἷς ἐκ τῶν μαθητῶν αὐτοῦ ἐν τῷ κόλπῳ τοῦ Ἰησοῦ, ὃν ἠγάπα ὁ Ἰησοῦς·
2b0d18008f	νεύει οὖν τούτῳ Σίμων Πέτρος καὶ λέγει αὐτῷ, Εἰπὲ τίς ἐστιν περὶ οὗ λέγει.
2b0d19009b	ἀναπεσὼν ἐκεῖνος [οὕτως] ἐπὶ τὸ στῆθος τοῦ Ἰησοῦ, λέγει αὐτῷ, Κύριε, τίς ἐστιν;
2b0d1a0112	ἀποκρίνεται [ὁ] Ἰησοῦς, Ἐκεῖνός ἐστιν ᾧ ἐγὼ βάψω τὸ ψωμίον καὶ δώσω αὐτῷ. βάψας οὖν τὸ ψωμίον, λαμβάνει καὶ δίδωσιν Ἰούδᾳ Σίμωνος Ἰσκαριώτου.
2b0d1b00cd	καὶ μετὰ τὸ ψωμίον, τότε εἰσῆλθεν εἰς ἐκεῖνον ὁ σατανᾶς. λέγει οὖν αὐτῷ Ἰησοῦς, Ὃ ποιεῖς, ποίησον τάχιον.
2b0d1c0071	τοῦτο δὲ οὐδεὶς ἔγνω τῶν ἀνακειμένων πρὸς τί εἶπεν αὐτῷ.
2b0d1d0120	τινὲς γὰρ ἐδόκουν, ἐπεὶ τὸ γλωσσόκομον εἶχεν Ἰούδας, ὅτι λέγει αὐτῷ [ὁ] Ἰησοῦς, Ἀγόρασον ὧν χρείαν ἔχομεν εἰς τὴν ἑορτήν· ἢ τοῖς πτωχοῖς ἵνα τι δῷ.
2b0d1e006b	λαβὼν οὖν τὸ ψωμίον ἐκεῖνος, ἐξῆλθεν εὐθύς· ἦν δὲ νύξ.
2b0d1f00ba	Ὅτε οὖν ἐξῆλθεν, λέγει Ἰησοῦς, Νῦν ἐδοξάσθη ὁ υἱὸς τοῦ ἀνθρώπου, καὶ ὁ θεὸς ἐδοξάσθη ἐν αὐτῷ.
2b0d2000ae	[εἰ ὁ θεὸς ἐδοξάσθη ἐν αὐτῷ,] καὶ ὁ θεὸς δοξάσει αὐτὸν ἐν αὐτῷ, καὶ εὐθὺς δοξάσει αὐτόν.
2b0d210119	τεκνία, ἔτι μικρὸν μεθ᾽ ὑμῶν εἰμι. ζητήσετέ με, καὶ καθὼς εἶπον τοῖς Ἰουδαίοις ὅτι ὅπου ἐγὼ ὑπάγω, ὑμεῖς οὐ δύνασθε ἐλθεῖν, καὶ ὑμῖν λέγω ἄρτι.
2b0d2200cb	ἐντολὴν καινὴν δίδωμι ὑμῖν, ἵνα ἀγαπᾶτε ἀλλήλους, καθὼς ἠγάπησα ὑμᾶς ἵνα καὶ ὑμεῖς ἀγαπᾶτε ἀλλήλους.
2b0d23009a	ἐν τούτῳ γνώσονται πάντες ὅτι ἐμοὶ μαθηταί ἐστε, ἐὰν ἀγάπην ἔχητε ἐν ἀλλήλοις.
2b0d2400fb	Λέγει αὐτῷ Σίμων Πέτρος, Κύριε, ποῦ ὑπάγεις; ἀπεκρίθη Ἰησοῦς, Ὅπου ὑπάγω οὐ δύνασαί μοι νῦν ἀκολουθῆσαι· ἀκολουθήσεις δὲ ὕστερον.
2b0d2500b5	λέγει αὐτῷ ὁ Πέτρος, Κύριε, διὰ τί οὐ δύναμαί σοι ἀκολουθεῖν ἄρτι; τὴν ψυχήν μου ὑπὲρ σοῦ θήσω.
2b0d2600e2	ἀποκρίνεται Ἰησοῦς, Τὴν ψυχήν σου ὑπὲρ ἐμοῦ θήσεις; ἀμὴν ἀμὴν λέγω σοι, οὐ μὴ ἀλέκτωρ φωνήσῃ ἕως οὗ ἀρνήσῃ με τρίς.
2b0e010092	Μὴ ταρασσέσθω ὑμῶν ἡ καρδία· πιστεύετε εἰς τὸν θεόν, καὶ εἰς ἐμὲ πιστεύετε.
2b0e0200d2	ἐν τῇ οἰκίᾳ τοῦ πατρός μου μοναὶ πολλαί εἰσιν· εἰ δὲ μή, εἶπον ἂν ὑμῖν· ὅτι πορεύομαι ἑτοιμάσαι τόπον ὑμῖν.
2b0e0300f8	καὶ ἐὰν πορευθῶ καὶ ἑτοιμάσω τόπον ὑμῖν, πάλιν ἔρχομαι καὶ παραλήμψομαι ὑμᾶς πρὸς ἐμαυτόν· ἵνα ὅπου εἰμὶ ἐγὼ καὶ ὑμεῖς ἦτε.
2b0e040047	καὶ ὅπου ἐγὼ ὑπάγω οἴδατε τὴν ὁδόν.
2b0e05008b	λέγει αὐτῷ Θωμᾶς, Κύριε, οὐκ οἴδαμεν ποῦ ὑπάγεις· πῶς οἴδαμεν τὴν ὁδόν;
2b0e0600da	Λέγει αὐτῷ ὁ Ἰησοῦς, Ἐγώ εἰμι ἡ ὁδὸς καὶ ἡ ἀλήθεια καὶ ἡ ζωή· οὐδεὶς ἔρχεται πρὸς τὸν πατέρα, εἰ μὴ δι᾽ ἐμοῦ.
2b0e0700b5	εἰ ἐγνώκειτέ με, καὶ τὸν πατέρα μου ἂν ᾔδειτε· ἀπ᾽ ἄρτι γινώσκετε αὐτὸν καὶ ἑωράκατε [αὐτόν].
2b0e080083	Λέγει αὐτῷ Φίλιππος, Κύριε, δεῖξον ἡμῖν τὸν πατέρα, καὶ ἀρκεῖ ἡμῖν.
2b0e090138	λέγει αὐτῷ ὁ Ἰησοῦς, Τοσοῦτον χρόνον μεθ᾽ ὑμῶν εἰμι, καὶ οὐκ ἔγνωκάς με, Φίλιππε; ὁ ἑωρακὼς ἐμὲ ἑώρακεν τὸν πατέρα· [καὶ] πῶς σὺ λέγεις, Δεῖξον ἡμῖν τὸν πατέρα;
2b0e0a0139	οὐ πιστεύεις ὅτι ἐγὼ ἐν τῷ πατρὶ καὶ ὁ πατὴρ ἐν ἐμοί ἐστιν; τὰ ῥήματα ἃ ἐγὼ λέγω ὑμῖν ἀπ᾽ ἐμαυτοῦ οὐ λαλῶ· ὁ δὲ πατὴρ [ὁ] ἐν ἐμοὶ μένων ποιεῖ τὰ ἔργα αὐτοῦ.
2b0e0b00be	πιστεύετέ μοι ὅτι ἐγὼ ἐν τῷ πατρὶ καὶ ὁ πατὴρ ἐν ἐμοί· εἰ δὲ μή, διὰ τὰ ἔργα αὐτὰ πιστεύετέ [μοι].
2b0e0c0112	Ἀμὴν ἀμὴν λέγω ὑμῖν, ὁ πιστεύων εἰς ἐμέ, τὰ ἔργα ἃ ἐγὼ ποιῶ κἀκεῖνος ποιήσει, καὶ μείζονα τούτων ποιήσει, ὅτι ἐγὼ πρὸς τὸν πατέρα πορεύομαι.
2b0e0d00a4	καὶ ὅ τι ἂν αἰτήσητε ἐν τῷ ὀνόματί μου, τοῦτο ποιήσω, ἵνα δοξασθῇ ὁ πατὴρ ἐν τῷ υἱῷ.
2b0e0e0059	ἐάν τι αἰτήσητε ἐν τῷ ὀνόματί μου, ἐγὼ ποιήσω.
2b0e0f005d	ἐὰν ἀγαπᾶτέ με, τὰς ἐντολὰς τὰς ἐμὰς τηρήσετε.
2b0e1000af	κἀγὼ ἐρωτήσω τὸν πατέρα, καὶ ἄλλον παράκλητον δώσει ὑμῖν, ἵνα ᾖ μεθ᾽ ὑμῶν εἰς τὸν αἰῶνα,
2b0e110138	τὸ πνεῦμα τῆς ἀληθείας, ὃ ὁ κόσμος οὐ δύναται λαβεῖν, ὅτι οὐ θεωρεῖ αὐτὸ οὐδὲ γινώσκει αὐτό· ὑμεῖς [δὲ] γινώσκετε αὐτό, ὅτι παρ᾽ ὑμῖν μένει, καὶ ἐν ὑμῖν ἐστίν.
2b0e120057	οὐκ ἀφήσω ὑμᾶς ὀρφανούς, ἔρχομαι πρὸς ὑμᾶς.
2b0e1300b9	ἔτι μικρὸν καὶ ὁ κόσμος με οὐκ ἔτι θεωρεῖ, ὑμεῖς δὲ θεωρεῖτέ με· ὅτι ἐγὼ ζῶ, καὶ ὑμεῖς ζήσετε.
2b0e1400b7	ἐν ἐκείνῃ τῇ ἡμέρᾳ ὑμεῖς γνώσεσθε ὅτι ἐγὼ ἐν τῷ πατρί μου καὶ ὑμεῖς ἐν ἐμοὶ κἀγὼ ἐν ὑμῖν.
2b0e150142	ὁ ἔχων τὰς ἐντολάς μου καὶ τηρῶν αὐτάς, ἐκεῖνός ἐστιν ὁ ἀγαπῶν με· ὁ δὲ ἀγαπῶν με, ἀγαπηθήσεται ὑπὸ τοῦ πατρός μου· κἀγὼ ἀγαπήσω αὐτὸν καὶ ἐμφανίσω αὐτῷ ἐμαυτόν.
2b0e1600d5	Λέγει αὐτῷ Ἰούδας, οὐχ ὁ Ἰσκαριώτης, Κύριε, τί γέγονεν ὅτι ἡμῖν μέλλεις ἐμφανίζειν σεαυτόν, καὶ οὐχὶ τῷ κόσμῳ;
2b0e17013e	ἀπεκρίθη Ἰησοῦς καὶ εἶπεν αὐτῷ, Ἐάν τις ἀγαπᾷ με, τὸν λόγον μου τηρήσει, καὶ ὁ πατήρ μου ἀγαπήσει αὐτόν, καὶ πρὸς αὐτὸν ἐλευσόμεθα, καὶ μονὴν παρ᾽ αὐτῷ ποιησόμεθα.
2b0e1800d4	ὁ μὴ ἀγαπῶν με τοὺς λόγους μου οὐ τηρεῖ· καὶ ὁ λόγος ὃν ἀκούετε οὐκ ἔστιν ἐμός, ἀλλὰ τοῦ πέμψαντός με πατρός.
2b0e190049	Ταῦτα λελάληκα ὑμῖν παρ᾽ ὑμῖν μένων·
2b0e1a010f	ὁ δὲ παράκλητος, τὸ πνεῦμα τὸ ἅγιον ὃ πέμψει ὁ πατὴρ ἐν τῷ ὀνόματί μου, ἐκεῖνος ὑμᾶς διδάξει πάντα, καὶ ὑπομνήσει ὑμᾶς πάντα ἃ εἶπον ὑμῖν.
2b0e1b010f	Εἰρήνην ἀφίημι ὑμῖν, εἰρήνην τὴν ἐμὴν δίδωμι ὑμῖν· οὐ καθὼς ὁ κόσμος δίδωσιν, ἐγὼ δίδωμι ὑμῖν. μὴ ταρασσέσθω ὑμῶν ἡ καρδία, μηδὲ δειλιάτω.
2b0e1c011b	ἠκούσατε ὅτι ἐγὼ εἶπον ὑμῖν Ὑπάγω καὶ ἔρχομαι πρὸς ὑμᾶς. εἰ ἠγαπᾶτέ με, ἐχάρητε ἂν ὅτι πορεύομαι πρὸς τὸν πατέρα· ὅτι ὁ πατὴρ μείζων μού ἐστιν.
2b0e1d007c	καὶ νῦν εἴρηκα ὑμῖν πρὶν γενέσθαι, ἵνα ὅταν γένηται, πιστεύσητε.
2b0e1e00b5	οὐκ ἔτι πολλὰ λαλήσω μεθ᾽ ὑμῶν· ἔρχεται γὰρ ὁ τοῦ κόσμου ἄρχων, καὶ ἐν ἐμοὶ οὐκ ἔχει οὐδέν,
2b0e1f00ee	ἀλλ᾽ ἵνα γνῷ ὁ κόσμος ὅτι ἀγαπῶ τὸν πατέρα, καὶ καθὼς ἐντολὴν ἔδωκέν μοι ὁ πατήρ, οὕτως ποιῶ. Ἐγείρεσθε, ἄγωμεν ἐντεῦθεν.
2b0f010078	Ἐγώ εἰμι ἡ ἄμπελος ἡ ἀληθινή, καὶ ὁ πατήρ μου ὁ γεωργός ἐστιν.
2b0f0200d6	πᾶν κλῆμα ἐν ἐμοὶ μὴ φέρον καρπόν, αἴρει αὐτό, καὶ πᾶν τὸ καρπὸν φέρον, καθαίρει αὐτὸ ἵνα καρπὸν πλείονα φέρῃ.
2b0f03006b	ἤδη ὑμεῖς καθαροί ἐστε διὰ τὸν λόγον ὃν λελάληκα ὑμῖν.
2b0f04012b	μείνατε ἐν ἐμοί, κἀγὼ ἐν ὑμῖν. καθὼς τὸ κλῆμα οὐ δύναται καρπὸν φέρειν ἀφ᾽ ἑαυτοῦ ἐὰν μὴ μείνῃ ἐν τῇ ἀμπέλῳ, οὕτως οὐδὲ ὑμεῖς ἐὰν μὴ ἐν ἐμοὶ μένητε.
2b0f050107	ἐγώ εἰμι ἡ ἄμπελος, ὑμεῖς τὰ κλήματα. ὁ μένων ἐν ἐμοὶ κἀγὼ ἐν αὐτῷ, οὗτος φέρει καρπὸν πολύν· ὅτι χωρὶς ἐμοῦ οὐ δύνασθε ποιεῖν οὐδέν.
2b0f0600eb	ἐὰν μή τις μένῃ ἐν ἐμοί, ἐβλήθη ἔξω ὡς τὸ κλῆμα, καὶ ἐξηράνθη, καὶ συνάγουσιν αὐτὰ καὶ εἰς τὸ πῦρ βάλλουσιν, καὶ καίεται.
2b0f0700bf	ἐὰν μείνητε ἐν ἐμοὶ καὶ τὰ ῥήματά μου ἐν ὑμῖν μείνῃ, ὃ ἐὰν θέλητε αἰτήσασθε, καὶ γενήσεται ὑμῖν.
2b0f08009b	ἐν τούτῳ ἐδοξάσθη ὁ πατήρ μου, ἵνα καρπὸν πολὺν φέρητε καὶ γένησθε ἐμοὶ μαθηταί.
2b0f090092	καθὼς ἠγάπησέν με ὁ πατήρ, κἀγὼ ὑμᾶς ἠγάπησα· μείνατε ἐν τῇ ἀγάπῃ τῇ ἐμῇ.
2b0f0a00ff	ἐὰν τὰς ἐντολάς μου τηρήσητε, μενεῖτε ἐν τῇ ἀγάπῃ μου· καθὼς ἐγὼ τὰς ἐντολὰς τοῦ πατρός μου τετήρηκα, καὶ μένω αὐτοῦ ἐν τῇ ἀγάπῃ.
2b0f0b0092	Ταῦτα λελάληκα ὑμῖν ἵνα ἡ χαρὰ ἡ ἐμὴ ἐν ὑμῖν ᾖ, καὶ ἡ χαρὰ ὑμῶν πληρωθῇ.
2b0f0c0089	αὕτη ἐστὶν ἡ ἐντολὴ ἡ ἐμή, ἵνα ἀγαπᾶτε ἀλλήλους καθὼς ἠγάπησα ὑμᾶς.
2b0f0d00a5	μείζονα ταύτης ἀγάπην οὐδεὶς ἔχει, ἵνα τις τὴν ψυχὴν αὐτοῦ θῇ ὑπὲρ τῶν φίλων αὐτοῦ.
2b0f0e006e	ὑμεῖς φίλοι μού ἐστε ἐὰν ποιῆτε ἃ ἐγὼ ἐντέλλομαι ὑμῖν.
2b0f0f0128	οὐκ ἔτι λέγω ὑμᾶς δούλους, ὅτι ὁ δοῦλος οὐκ οἶδεν τί ποιεῖ αὐτοῦ ὁ κύριος· ὑμᾶς δὲ εἴρηκα φίλους, ὅτι πάντα ἃ ἤκουσα παρὰ τοῦ πατρός μου ἐγνώρισα ὑμῖν.
2b0f100172	οὐχ ὑμεῖς με ἐξελέξασθε, ἀλλ᾽ ἐγὼ ἐξελεξάμην ὑμᾶς καὶ ἔθηκα ὑμᾶς ἵνα ὑμεῖς ὑπάγητε καὶ καρπὸν φέρητε, καὶ ὁ καρπὸς ὑμῶν μένῃ· ἵνα ὅ τι ἂν αἰτήσητε τὸν πατέρα ἐν τῷ ὀνόματί μου, δῷ ὑμῖν.
2b0f110058	Ταῦτα ἐντέλλομαι ὑμῖν ἵνα ἀγαπᾶτε ἀλλήλους.
2b0f12007f	εἰ ὁ κόσμος ὑμᾶς μισεῖ, γινώσκετε ὅτι ἐμὲ πρῶτον ὑμῶν μεμίσηκεν.
2b0f13012c	εἰ ἐκ τοῦ κόσμου ἦτε, ὁ κόσμος ἂν τὸ ἴδιον ἐφίλει· ὅτι δὲ ἐκ τοῦ κόσμου οὐκ ἐστέ, ἀλλ᾽ ἐγὼ ἐξελεξάμην ὑμᾶς ἐκ τοῦ κόσμου, διὰ τοῦτο μισεῖ ὑμᾶς ὁ κόσμος.
2b0f140154	μνημονεύετε τοῦ λόγου οὗ ἐγὼ εἶπον ὑμῖν, Οὐκ ἔστιν δοῦλος μείζων τοῦ κυρίου αὐτοῦ. εἰ ἐμὲ ἐδίωξαν καὶ ὑμᾶς διώξουσιν· εἰ τὸν λόγον μου ἐτήρησαν, καὶ τὸν ὑμέτερον τηρήσουσιν.
2b0f1500aa	ἀλλὰ ταῦτα πάντα ποιήσουσιν εἰς ὑμᾶς διὰ τὸ ὄνομά μου, ὅτι οὐκ οἴδασιν τὸν πέμψαντά με.
2b0f1600d4	εἰ μὴ ἦλθον καὶ ἐλάλησα αὐτοῖς, ἁμαρτίαν οὐκ εἴχοσαν· νῦν δὲ πρόφασιν οὐκ ἔχουσιν περὶ τῆς ἁμαρτίας αὐτῶν.
2b0f170049	ὁ ἐμὲ μισῶν καὶ τὸν πατέρα μου μισεῖ.
2b0f18011e	εἰ τὰ ἔργα μὴ ἐποίησα ἐν αὐτοῖς ἃ οὐδεὶς ἄλλος ἐποίησεν, ἁμαρτίαν οὐκ εἴχοσαν· νῦν δὲ καὶ ἑωράκασιν καὶ μεμισήκασιν καὶ ἐμὲ καὶ τὸν πατέρα μου·
2b0f19009c	ἀλλ᾽ ἵνα πληρωθῇ ὁ λόγος ὁ ἐν τῷ νόμῳ αὐτῶν γεγραμμένος ὅτι ἐμίσησάν με δωρεάν.
2b0f1a0123	Ὅταν [δὲ] ἔλθῃ ὁ παράκλητος, ὃν ἐγὼ πέμψω ὑμῖν παρὰ τοῦ πατρός, τὸ πνεῦμα τῆς ἀληθείας ὃ παρὰ τοῦ πατρὸς ἐκπορεύεται, ἐκεῖνος μαρτυρήσει περὶ ἐμοῦ·
2b0f1b006f	καὶ ὑμεῖς δὲ μαρτυρεῖτε, ὅτι ἀπ᾽ ἀρχῆς μετ᾽ ἐμοῦ ἐστε.
2b10010053	Ταῦτα λελάληκα ὑμῖν, ἵνα μὴ σκανδαλισθῆτε.
2b100200d6	ἀποσυναγώγους ποιήσουσιν ὑμᾶς· ἀλλ᾽ ἔρχεται ὥρα, ἵνα πᾶς ὁ ἀποκτείνας ὑμᾶς, δόξῃ λατρείαν προσφέρειν τῷ θεῷ.
2b10030072	καὶ ταῦτα ποιήσουσιν, ὅτι οὐκ ἔγνωσαν τὸν πατέρα οὐδὲ ἐμέ.
2b10040126	ἀλλὰ ταῦτα λελάληκα ὑμῖν, ἵνα ὅταν ἔλθῃ ἡ ὥρα αὐτῶν μνημονεύητε [αὐτῶν] ὅτι ἐγὼ εἶπον ὑμῖν· ταῦτα δὲ ὑμῖν ἐξ ἀρχῆς οὐκ εἶπον, ὅτι μεθ᾽ ὑμῶν ἤμην.
2b10050096	νῦν δὲ ὑπάγω πρὸς τὸν πέμψαντά με, καὶ οὐδεὶς ἐξ ὑμῶν ἐρωτᾷ με, Ποῦ ὑπάγεις;
2b10060080	ἀλλ᾽ ὅτι ταῦτα λελάληκα ὑμῖν, ἡ λύπη πεπλήρωκεν ὑμῶν τὴν καρδίαν.
2b1007013b	ἀλλ᾽ ἐγὼ τὴν ἀλήθειαν λέγω ὑμῖν, συμφέρει ὑμῖν ἵνα ἐγὼ ἀπέλθω· ἐὰν γὰρ μὴ ἀπέλθω, ὁ παράκλητος οὐ μὴ ἔλθῃ πρὸς ὑμᾶς· ἐὰν δὲ πορευθῶ, πέμψω αὐτὸν πρὸς ὑμᾶς·
2b100800b1	καὶ ἐλθὼν ἐκεῖνος ἐλέγξει τὸν κόσμον περὶ ἁμαρτίας καὶ περὶ δικαιοσύνης καὶ περὶ κρίσεως.
2b1009005a	περὶ ἁμαρτίας μέν, ὅτι οὐ πιστεύουσιν εἰς ἐμέ·
2b100a008b	περὶ δικαιοσύνης δέ, ὅτι πρὸς τὸν πατέρα ὑπάγω, καὶ οὐκ ἔτι θεωρεῖτέ με·
2b100b006b	περὶ δὲ κρίσεως, ὅτι ὁ ἄρχων τοῦ κόσμου τούτου κέκριται.
2b100c0073	Ἔτι πολλὰ ἔχω ὑμῖν λέγειν, ἀλλ᾽ οὐ δύνασθε βαστάζειν ἄρτι·
2b100d0152	ὅταν δὲ ἔλθῃ ἐκεῖνος, τὸ πνεῦμα τῆς ἀληθείας, ὁδηγήσει ὑμᾶς εἰς τὴν ἀλήθειαν πᾶσαν· οὐ γὰρ λαλήσει ἀφ᾽ ἑαυτοῦ, ἀλλ᾽ ὅσα ἀκούσει λαλήσει, καὶ τὰ ἐρχόμενα ἀναγγελεῖ ὑμῖν.
2b100e0085	ἐκεῖνος ἐμὲ δοξάσει, ὅτι ἐκ τοῦ ἐμοῦ λήμψεται, καὶ ἀναγγελεῖ ὑμῖν.
2b100f00bd	πάντα ὅσα ἔχει ὁ πατὴρ ἐμά ἐστιν· διὰ τοῦτο εἶπον ὅτι ἐκ τοῦ ἐμοῦ λαμβάνει καὶ ἀναγγελεῖ ὑμῖν.
2b1010007a	μικρὸν καὶ οὐκ ἔτι θεωρεῖτέ με, καὶ πάλιν μικρὸν καὶ ὄψεσθέ με.
2b10110140	Εἶπον οὖν ἐκ τῶν μαθητῶν αὐτοῦ πρὸς ἀλλήλους, Τί ἐστιν τοῦτο ὃ λέγει ἡμῖν, Μικρὸν καὶ οὐ θεωρεῖτέ με, καὶ πάλιν μικρὸν καὶ ὄψεσθέ με; καὶ ὅτι ὑπάγω πρὸς τὸν πατέρα;
2b1012007a	ἔλεγον οὖν, Τί ἐστιν τοῦτο ὃ λέγει μικρόν; οὐκ οἴδαμεν τί λαλεῖ.
2b10130137	Ἔγνω Ἰησοῦς ὅτι ἤθελον αὐτὸν ἐρωτᾶν, καὶ εἶπεν αὐτοῖς, Περὶ τούτου ζητεῖτε μετ᾽ ἀλλήλων, ὅτι εἶπον, Μικρὸν καὶ οὐ θεωρεῖτέ με, καὶ πάλιν μικρὸν καὶ ὄψεσθέ με;
2b10140107	ἀμὴν ἀμὴν λέγω ὑμῖν ὅτι κλαύσετε καὶ θρηνήσετε ὑμεῖς, ὁ δὲ κόσμος χαρήσεται· ὑμεῖς λυπηθήσεσθε, ἀλλὰ ἡ λύπη ὑμῶν εἰς χαρὰν γενήσεται.
2b10150142	ἡ γυνὴ ὅταν τίκτῃ, λύπην ἔχει, ὅτι ἦλθεν ἡ ὥρα αὐτῆς· ὅταν δὲ γεννήσῃ τὸ παιδίον, οὐκ ἔτι μνημονεύει τῆς θλίψεως, διὰ τὴν χαράν, ὅτι ἐγεννήθη ἄνθρωπος εἰς τὸν κόσμον.
2b101600fd	καὶ ὑμεῖς οὖν νῦν μὲν λύπην ἔχετε· πάλιν δὲ ὄψομαι ὑμᾶς καὶ χαρήσεται ὑμῶν ἡ καρδία, καὶ τὴν χαρὰν ὑμῶν οὐδεὶς ἀρεῖ ἀφ᾽ ὑμῶν,
2b101700f8	καὶ ἐν ἐκείνῃ τῇ ἡμέρᾳ ἐμὲ οὐκ ἐρωτήσετε οὐδέν. ἀμὴν ἀμὴν λέγω ὑμῖν, ἄν τι αἰτήσητε τὸν πατέρα δώσει ὑμῖν ἐν τῷ ὀνόματί μου.
2b101800c4	ἕως ἄρτι οὐκ ᾐτήσατε οὐδὲν ἐν τῷ ὀνόματί μου· αἰτεῖτε, καὶ λήμψεσθε, ἵνα ἡ χαρὰ ὑμῶν ᾖ πεπληρωμένη.
2b10190106	Ταῦτα ἐν παροιμίαις λελάληκα ὑμῖν· ἔρχεται ὥρα ὅτε οὐκ ἔτι ἐν παροιμίαις λαλήσω ὑμῖν, ἀλλὰ παῤῥησίᾳ περὶ τοῦ πατρὸς ἀπαγγελῶ ὑμῖν.
2b101a00cf	ἐν ἐκείνῃ τῇ ἡμέρᾳ ἐν τῷ ὀνόματί μου αἰτήσεσθε· καὶ οὐ λέγω ὑμῖν ὅτι ἐγὼ ἐρωτήσω τὸν πατέρα περὶ ὑμῶν·
2b101b00d4	αὐτὸς γὰρ ὁ πατὴρ φιλεῖ ὑμᾶς, ὅτι ὑμεῖς ἐμὲ πεφιλήκατε, καὶ πεπιστεύκατε ὅτι ἐγὼ παρὰ τοῦ πατρὸς ἐξῆλθον.
2b101c00cc	ἐξῆλθον ἐκ τοῦ πατρὸς καὶ ἐλήλυθα εἰς τὸν κόσμον· πάλιν ἀφίημι τὸν κόσμον καὶ πορεύομαι πρὸς τὸν πατέρα.
2b101d00a8	Λέγουσιν οἱ μαθηταὶ αὐτοῦ, Ἴδε νῦν ἐν παῤῥησίᾳ λαλεῖς, καὶ παροιμίαν οὐδεμίαν λέγεις.
2b101e00d4	νῦν οἴδαμεν ὅτι οἶδας πάντα, καὶ οὐ χρείαν ἔχεις ἵνα τίς σε ἐρωτᾷ. ἐν τούτῳ πιστεύομεν ὅτι ἀπὸ θεοῦ ἐξῆλθες.
2b101f004e	Ἀπεκρίθη αὐτοῖς Ἰησοῦς, Ἄρτι πιστεύετε;
2b1020010c	ἰδοὺ ἔρχεται ὥρα καὶ ἐλήλυθεν, ἵνα σκορπισθῆτε ἕκαστος εἰς τὰ ἴδια, κἀμὲ μόνον ἀφῆτε· καὶ οὐκ εἰμὶ μόνος, ὅτι ὁ πατὴρ μετ᾽ ἐμοῦ ἐστιν.
2b102100e0	ταῦτα λελάληκα ὑμῖν, ἵνα ἐν ἐμοὶ εἰρήνην ἔχητε. ἐν τῷ κόσμῳ θλῖψιν ἔχετε· ἀλλὰ θαρσεῖτε, ἐγὼ νενίκηκα τὸν κόσμον.
2b1101011e	Ταῦτα ἐλάλησεν Ἰησοῦς, καὶ ἐπάρας τοὺς ὀφθαλμοὺς αὐτοῦ εἰς τὸν οὐρανὸν εἶπεν, Πάτερ, ἐλήλυθεν ἡ ὥρα· δόξασόν σου τὸν υἱόν, ἵνα ὁ υἱὸς δοξάσῃ σε·
2b110200b2	καθὼς ἔδωκας αὐτῷ ἐξουσίαν πάσης σαρκός, ἵνα πᾶν ὃ δέδωκας αὐτῷ, δώσῃ αὐτοῖς ζωὴν αἰώνιον.
2b110300cc	αὕτη δέ ἐστιν ἡ αἰώνιος ζωή, ἵνα γινώσκωσιν σὲ τὸν μόνον ἀληθινὸν θεὸν καὶ ὃν ἀπέστειλας Ἰησοῦν χριστόν.
2b1104008c	ἐγώ σε ἐδόξασα ἐπὶ τῆς γῆς, τὸ ἔργον τελειώσας ὃ δέδωκάς μοι ἵνα ποιήσω·
2b110500af	καὶ νῦν δόξασόν με σύ πάτερ παρὰ σεαυτῷ, τῇ δόξῃ ᾗ εἶχον πρὸ τοῦ τὸν κόσμον εἶναι παρὰ σοί.
2b110600f7	ἐφανέρωσά σου τὸ ὄνομα τοῖς ἀνθρώποις οὓς ἔδωκάς μοι ἐκ τοῦ κόσμου· σοὶ ἦσαν κἀμοὶ αὐτοὺς ἔδωκας, καὶ τὸν λόγον σου τετήρηκαν.
2b11070069	νῦν ἔγνωκαν ὅτι πάντα ὅσα δέδωκάς μοι, παρὰ σοῦ εἰσιν·
2b11080110	ὅτι τὰ ῥήματα ἃ ἔδωκάς μοι, δέδωκα αὐτοῖς· καὶ αὐτοὶ ἔλαβον καὶ ἔγνωσαν ἀληθῶς ὅτι παρὰ σοῦ ἐξῆλθον, καὶ ἐπίστευσαν ὅτι σύ με ἀπέστειλας.
2b110900b0	ἐγὼ περὶ αὐτῶν ἐρωτῶ· οὐ περὶ τοῦ κόσμου ἐρωτῶ, ἀλλὰ περὶ ὧν δέδωκάς μοι, ὅτι σοί εἰσιν·
2b110a0083	καὶ τὰ ἐμὰ πάντα σά ἐστιν καὶ τὰ σὰ ἐμά· καὶ δεδόξασμαι ἐν αὐτοῖς.
2b110b014a	καὶ οὐκ ἔτι εἰμὶ ἐν τῷ κόσμῳ, καὶ οὗτοι ἐν τῷ κόσμῳ εἰσίν, κἀγὼ πρός σε ἔρχομαι. πάτερ ἅγιε, τήρησον αὐτοὺς ἐν τῷ ὀνόματί σου ᾧ δέδωκάς μοι, ἵνα ὦσιν ἓν καθὼς καὶ ἡμεῖς.
2b110c0141	ὅτε ἤμην μετ᾽ αὐτῶν ἐγὼ ἐτήρουν αὐτοὺς ἐν τῷ ὀνόματί σου ᾧ δέδωκάς μοι, καὶ ἐφύλαξα, καὶ οὐδεὶς ἐξ αὐτῶν ἀπώλετο, εἰ μὴ ὁ υἱὸς τῆς ἀπωλείας, ἵνα ἡ γραφὴ πληρωθῇ.
2b110d00d1	νῦν δὲ πρός σε ἔρχομαι, καὶ ταῦτα λαλῶ ἐν τῷ κόσμῳ, ἵνα ἔχωσιν τὴν χαρὰν τὴν ἐμὴν πεπληρωμένην ἐν ἑαυτοῖς.
2b110e00f6	ἐγὼ δέδωκα αὐτοῖς τὸν λόγον σου, καὶ ὁ κόσμος ἐμίσησεν αὐτούς, ὅτι οὐκ εἰσὶν ἐκ τοῦ κόσμου, καθὼς ἐγὼ οὐκ εἰμὶ ἐκ τοῦ κόσμου.
2b110f00a3	οὐκ ἐρωτῶ ἵνα ἄρῃς αὐτοὺς ἐκ τοῦ κόσμου, ἀλλ᾽ ἵνα τηρήσῃς αὐτοὺς ἐκ τοῦ πονηροῦ.
2b11100073	ἐκ τοῦ κόσμου οὐκ εἰσὶν καθὼς ἐγὼ οὐκ εἰμὶ ἐκ τοῦ κόσμου.
2b11110075	ἁγίασον αὐτοὺς ἐν τῇ ἀληθείᾳ· ὁ λόγος ὁ σὸς ἀλήθειά ἐστιν.
2b11120095	καθὼς ἐμὲ ἀπέστειλας εἰς τὸν κόσμον, κἀγὼ ἀπέστειλα αὐτοὺς εἰς τὸν κόσμον·
2b1113009c	καὶ ὑπὲρ αὐτῶν ἐγὼ ἁγιάζω ἐμαυτόν, ἵνα ὦσιν καὶ αὐτοὶ ἡγιασμένοι ἐν ἀληθείᾳ.
2b111400b1	οὐ περὶ τούτων δὲ ἐρωτῶ μόνον, ἀλλὰ καὶ περὶ τῶν πιστευόντων διὰ τοῦ λόγου αὐτῶν εἰς ἐμέ·
2b111500f8	ἵνα πάντες ἓν ὦσιν καθὼς σὺ πατὴρ ἐν ἐμοὶ κἀγὼ ἐν σοί, ἵνα καὶ αὐτοὶ ἐν ἡμῖν ὦσιν· ἵνα ὁ κόσμος πιστεύῃ ὅτι σύ με ἀπέστειλας.
2b1116008f	κἀγὼ τὴν δόξαν ἣν δέδωκάς μοι δέδωκα αὐτοῖς, ἵνα ὦσιν ἓν καθὼς ἡμεῖς ἕν·
2b1117011a	ἐγὼ ἐν αὐτοῖς καὶ σὺ ἐν ἐμοί, ἵνα ὦσιν τετελειωμένοι εἰς ἕν, ἵνα γινώσκῃ ὁ κόσμος ὅτι σύ με ἀπέστειλας καὶ ἠγάπησας αὐτοὺς καθὼς ἐμὲ ἠγάπησας.
2b1118012e	Πατήρ, ὃ δέδωκάς μοι θέλω ἵνα ὅπου εἰμὶ ἐγὼ κἀκεῖνοι ὦσιν μετ᾽ ἐμοῦ· ἵνα θεωρῶσιν τὴν δόξαν τὴν ἐμὴν ἣν δέδωκάς μοι, ὅτι ἠγάπησάς με πρὸ καταβολῆς κόσμου.
2b111900b8	Πατὴρ δίκαιε, καὶ ὁ κόσμος σε οὐκ ἔγνω, ἐγὼ δέ σε ἔγνων, καὶ οὗτοι ἔγνωσαν ὅτι σύ με ἀπέστειλας·
2b111a00cb	καὶ ἐγνώρισα αὐτοῖς τὸ ὄνομά σου, καὶ γνωρίσω· ἵνα ἡ ἀγάπη ἣν ἠγάπησάς με ἐν αὐτοῖς ᾖ, κἀγὼ ἐν αὐτοῖς.
2b1201011d	Ταῦτα εἰπὼν Ἰησοῦς ἐξῆλθεν σὺν τοῖς μαθηταῖς αὐτοῦ πέραν τοῦ χειμάῤῥου τοῦ Κέδρων, ὅπου ἦν κῆπος εἰς ὃν εἰσῆλθεν αὐτὸς καὶ οἱ μαθηταὶ αὐτοῦ.
2b120200d3	ᾔδει δὲ καὶ Ἰούδας ὁ παραδιδοὺς αὐτὸν τὸν τόπον· ὅτι πολλάκις συνήχθη Ἰησοῦς ἐκεῖ μετὰ τῶν μαθητῶν αὐτοῦ.
2b12030102	ὁ οὖν Ἰούδας λαβὼν τὴν σπεῖραν καὶ ἐκ τῶν ἀρχιερέων καὶ ἐκ τῶν Φαρισαίων ὑπηρέτας, ἔρχεται ἐκεῖ μετὰ φανῶν καὶ λαμπάδων καὶ ὅπλων.
2b120400a8	Ἰησοῦς δὲ εἰδὼς πάντα τὰ ἐρχόμενα ἐπ᾽ αὐτὸν ἐξῆλθεν καὶ λέγει αὐτοῖς, Τίνα ζητεῖτε;
2b120500ea	Ἀπεκρίθησαν αὐτῷ, Ἰησοῦν τὸν Ναζωραῖον. Λέγει αὐτοῖς, Ἐγώ εἰμι. Εἱστήκει δὲ καὶ Ἰούδας ὁ παραδιδοὺς αὐτὸν μετ᾽ αὐτῶν.
2b12060089	ὡς οὖν εἶπεν αὐτοῖς, Ἐγώ εἰμι, ἀπῆλθαν εἰς τὰ ὀπίσω καὶ ἔπεσαν χαμαί.
2b12070096	πάλιν οὖν ἐπηρώτησεν αὐτούς, Τίνα ζητεῖτε; Οἱ δὲ εἶπον, Ἰησοῦν τὸν Ναζωραῖον.
2b120800a8	Ἀπεκρίθη Ἰησοῦς, Εἶπον ὑμῖν ὅτι ἐγώ εἰμι. εἰ οὖν ἐμὲ ζητεῖτε, ἄφετε τούτους ὑπάγειν·
2b12090098	ἵνα πληρωθῇ ὁ λόγος ὃν εἶπεν ὅτι Οὓς δέδωκάς μοι οὐκ ἀπώλεσα ἐξ αὐτῶν οὐδένα.
2b120a012d	Σίμων οὖν Πέτρος ἔχων μάχαιραν εἵλκυσεν αὐτήν, καὶ ἔπαισεν τὸν τοῦ ἀρχιερέως δοῦλον, καὶ ἀπέκοψεν αὐτοῦ τὸ ὠτάριον τὸ δεξιόν. ἦν δὲ ὄνομα τῷ δούλῳ Μάλχος.
2b120b00d6	εἶπεν οὖν ὁ Ἰησοῦς τῷ Πέτρῳ, Βάλε τὴν μάχαιραν εἰς τὴν θήκην. τὸ ποτήριον ὃ δέδωκέν μοι ὁ πατὴρ οὐ μὴ πίω αὐτό;
2b120c00bf	Ἡ οὖν σπεῖρα καὶ ὁ χιλίαρχος καὶ οἱ ὑπηρέται τῶν Ἰουδαίων συνέλαβον τὸν Ἰησοῦν καὶ ἔδησαν αὐτόν,
2b120d00be	καὶ ἤγαγον πρὸς Ἄνναν πρῶτον· ἦν γὰρ πενθερὸς τοῦ Καϊάφα, ὃς ἦν ἀρχιερεὺς τοῦ ἐνιαυτοῦ ἐκείνου.
2b120e00bb	ἦν δὲ Καϊάφας ὁ συμβουλεύσας τοῖς Ἰουδαίοις ὅτι συμφέρει ἕνα ἄνθρωπον ἀποθανεῖν ὑπὲρ τοῦ λαοῦ.
2b120f0136	ἠκολούθει δὲ τῷ Ἰησοῦ Σίμων Πέτρος καὶ [ὁ] ἄλλος μαθητής. ὁ δὲ μαθητὴς ἐκεῖνος ἦν γνωστὸς τῷ ἀρχιερεῖ, καὶ συνεισῆλθεν τῷ Ἰησοῦ εἰς τὴν αὐλὴν τοῦ ἀρχιερέως.
2b12100114	Ὁ δὲ Πέτρος εἱστήκει πρὸς τῇ θύρᾳ ἔξω. ἐξῆλθεν οὖν ὁ μαθητὴς ὁ ἄλλος ὁ γνωστὸς τοῦ ἀρχιερέως, καὶ εἶπεν τῇ θυρωρῷ, καὶ εἰσήγαγεν τὸν Πέτρον.
2b121100dd	λέγει οὖν τῷ Πέτρῳ ἡ παιδίσκη ἡ θυρωρός, Μὴ καὶ σὺ ἐκ τῶν μαθητῶν εἶ τοῦ ἀνθρώπου τούτου; Λέγει ἐκεῖνος, Οὐκ εἰμί.
2b1212012a	Εἱστήκεισαν δὲ οἱ δοῦλοι καὶ οἱ ὑπηρέται ἀνθρακιὰν πεποιηκότες, ὅτι ψῦχος ἦν, καὶ ἐθερμαίνοντο· ἦν δὲ καὶ ὁ Πέτρος μετ᾽ αὐτῶν ἑστὼς καὶ θερμαινόμενος.
2b121300b1	ὁ οὖν ἀρχιερεὺς ἠρώτησεν τὸν Ἰησοῦν περὶ τῶν μαθητῶν αὐτοῦ, καὶ περὶ τῆς διδαχῆς αὐτοῦ.
2b1214014f	ἀπεκρίθη αὐτῷ Ἰησοῦς, Ἐγὼ παῤῥησίᾳ λελάληκα τῷ κόσμῳ· ἐγὼ πάντοτε ἐδίδαξα ἐν συναγωγῇ καὶ ἐν τῷ ἱερῷ, ὅπου πάντες οἱ Ἰουδαῖοι συνέρχονται, καὶ ἐν κρυπτῷ ἐλάλησα οὐδέν.
2b121500ac	τί με ἐρωτᾷς; ἐρώτησον τοὺς ἀκηκοότας τί ἐλάλησα αὐτοῖς· ἴδε οὗτοι οἴδασιν ἃ εἶπον ἐγώ.
2b121600e0	Ταῦτα δὲ αὐτοῦ εἰπόντος εἷς παρεστηκὼς τῶν ὑπηρετῶν ἔδωκεν ῥάπισμα τῷ Ἰησοῦ εἰπών, Οὕτως ἀποκρίνῃ τῷ ἀρχιερεῖ;
2b121700b3	ἀπεκρίθη αὐτῷ Ἰησοῦς, Εἰ κακῶς ἐλάλησα μαρτύρησον περὶ τοῦ κακοῦ, εἰ δὲ καλῶς, τί με δέρεις;
2b12180083	Ἀπέστειλεν [οὖν] αὐτὸν ὁ Ἄννας δεδεμένον πρὸς Καϊάφαν τὸν ἀρχιερέα.
2b12190106	ἦν δὲ Σίμων Πέτρος ἑστὼς καὶ θερμαινόμενος· εἶπον οὖν αὐτῷ, Μὴ καὶ σὺ ἐκ τῶν μαθητῶν αὐτοῦ εἶ; ἠρνήσατο ἐκεῖνος καὶ εἶπεν, Οὐκ εἰμί.
2b121a00e9	λέγει εἷς ἐκ τῶν δούλων τοῦ ἀρχιερέως, συγγενὴς ὢν οὗ ἀπέκοψεν Πέτρος τὸ ὠτίον, Οὐκ ἐγώ σε εἶδον ἐν τῷ κήπῳ μετ᾽ αὐτοῦ;
2b121b006b	πάλιν οὖν ἠρνήσατο Πέτρος, καὶ εὐθέως ἀλέκτωρ ἐφώνησεν.
2b121c0129	Ἄγουσιν οὖν τὸν Ἰησοῦν ἀπὸ τοῦ Καϊάφα εἰς τὸ πραιτώριον. ἦν δὲ πρωΐ· καὶ αὐτοὶ οὐκ εἰσῆλθον εἰς τὸ πραιτώριον, ἵνα μὴ μιανθῶσιν ἀλλὰ φάγωσιν τὸ πάσχα.
2b121d00be	ἐξῆλθεν οὖν ὁ Πιλᾶτος ἔξω πρὸς αὐτοὺς καὶ φησίν, Τίνα κατηγορίαν φέρετε κατὰ τοῦ ἀνθρώπου τούτου;
2b121e00a7	ἀπεκρίθησαν καὶ εἶπαν αὐτῷ, Εἰ μὴ ἦν οὗτος κακὸν ποιῶν, οὐκ ἄν σοι παρεδώκαμεν αὐτόν.
2b121f0126	εἶπεν οὖν αὐτοῖς ὁ Πιλᾶτος, Λάβετε αὐτὸν ὑμεῖς, καὶ κατὰ τὸν νόμον ὑμῶν κρίνατε αὐτόν. εἶπον αὐτῷ οἱ Ἰουδαῖοι, Ἡμῖν οὐκ ἔξεστιν ἀποκτεῖναι οὐδένα·
2b1220009f	ἵνα ὁ λόγος τοῦ Ἰησοῦ πληρωθῇ ὃν εἶπεν σημαίνων ποίῳ θανάτῳ ἤμελλεν ἀποθνήσκειν.
2b122100eb	Εἰσῆλθεν οὖν πάλιν εἰς τὸ πραιτώριον ὁ Πιλᾶτος, καὶ ἐφώνησεν τὸν Ἰησοῦν καὶ εἶπεν αὐτῷ, Σὺ εἶ ὁ βασιλεὺς τῶν Ἰουδαίων;
2b12220092	Ἀπεκρίθη Ἰησοῦς, Ἀπὸ σεαυτοῦ σὺ τοῦτο λέγεις ἢ ἄλλοι εἶπόν σοι περὶ ἐμοῦ;
2b122300d6	ἀπεκρίθη ὁ Πιλᾶτος, Μή τι ἐγὼ Ἰουδαῖός εἰμι; τὸ ἔθνος τὸ σὸν καὶ οἱ ἀρχιερεῖς παρέδωκάν σε ἐμοί· τί ἐποίησας;
2b122401b4	ἀπεκρίθη Ἰησοῦς, Ἡ βασιλεία ἡ ἐμὴ οὐκ ἔστιν ἐκ τοῦ κόσμου τούτου· εἰ ἐκ τοῦ κόσμου τούτου ἦν ἡ βασιλεία ἡ ἐμή, οἱ ὑπηρέται οἱ ἐμοὶ ἠγωνίζοντο ἂν ἵνα μὴ παραδοθῶ τοῖς Ἰουδαίοις· νῦν δὲ ἡ βασιλεία ἡ ἐμὴ οὐκ ἔστιν ἐντεῦθεν.
2b122501c7	εἶπεν οὖν αὐτῷ ὁ Πιλᾶτος, Οὐκοῦν βασιλεὺς εἶ σύ; Ἀπεκρίθη ὁ Ἰησοῦς, Σὺ λέγεις ὅτι βασιλεύς εἰμι. ἐγὼ εἰς τοῦτο γεγέννημαι καὶ εἰς τοῦτο ἐλήλυθα εἰς τὸν κόσμον ἵνα μαρτυρήσω τῇ ἀληθείᾳ. πᾶς ὁ ὢν ἐκ τῆς ἀληθείας ἀκούει μου τῆς φωνῆς.
2b12260120	λέγει αὐτῷ ὁ Πιλᾶτος, Τί ἐστιν ἀλήθεια; καὶ τοῦτο εἰπὼν πάλιν ἐξῆλθεν πρὸς τοὺς Ἰουδαίους, καὶ λέγει αὐτοῖς, Ἐγὼ οὐδεμίαν εὑρίσκω ἐν αὐτῷ αἰτίαν.
2b122700d7	ἔστιν δὲ συνήθεια ὑμῖν ἵνα ἕνα ἀπολύσω ὑμῖν ἐν τῷ πάσχα· βούλεσθε οὖν ἀπολύσω ὑμῖν τὸν βασιλέα τῶν Ἰουδαίων;
2b122800b4	ἐκραύγασαν οὖν πάλιν πάντες λέγοντες, Μὴ τοῦτον, ἀλλὰ τὸν Βαραββᾶν· ἦν δὲ ὁ Βαραββᾶς λῃστής.
2b1301006a	Τότε οὖν ἔλαβεν ὁ Πιλᾶτος τὸν Ἰησοῦν καὶ ἐμαστίγωσεν.
2b130200e0	καὶ οἱ στρατιῶται πλέξαντες στέφανον ἐξ ἀκανθῶν ἐπέθηκαν αὐτοῦ τῇ κεφαλῇ, καὶ ἱμάτιον πορφυροῦν περιέβαλον αὐτόν,
2b130300be	καὶ ἤρχοντο πρὸς αὐτόν, καὶ ἔλεγον, Χαῖρε, ὁ βασιλεὺς τῶν Ἰουδαίων· καὶ ἐδίδοσαν αὐτῷ ῥαπίσματα.
2b130400f1	καὶ ἐξῆλθεν πάλιν ἔξω ὁ Πιλᾶτος καὶ λέγει αὐτοῖς, Ἴδε ἄγω ὑμῖν αὐτὸν ἔξω, ἵνα γνῶτε ὅτι οὐδεμίαν αἰτίαν εὑρίσκω ἐν αὐτῷ.
2b130500e7	ἐξῆλθεν οὖν [ὁ] Ἰησοῦς ἔξω, φορῶν τὸν ἀκάνθινον στέφανον καὶ τὸ πορφυροῦν ἱμάτιον. καὶ λέγει αὐτοῖς, Ἰδοὺ ὁ ἄνθρωπος.
2b13060172	ὅτε οὖν εἶδον αὐτὸν οἱ ἀρχιερεῖς καὶ οἱ ὑπηρέται, ἐκραύγασαν λέγοντες, Σταύρωσον, σταύρωσον. λέγει αὐτοῖς ὁ Πιλᾶτος, Λάβετε αὐτὸν ὑμεῖς καὶ σταυρώσατε· ἐγὼ γὰρ οὐχ εὑρίσκω ἐν αὐτῷ αἰτίαν.
2b130700ed	ἀπεκρίθησαν αὐτῷ οἱ Ἰουδαῖοι, Ἡμεῖς νόμον ἔχομεν, καὶ κατὰ τὸν νόμον ὀφείλει ἀποθανεῖν, ὅτι υἱὸν θεοῦ ἑαυτὸν ἐποίησεν.
2b13080073	ὅτε οὖν ἤκουσεν ὁ Πιλᾶτος τοῦτον τὸν λόγον μᾶλλον ἐφοβήθη,
2b130900d5	καὶ εἰσῆλθεν εἰς τὸ πραιτώριον πάλιν καὶ λέγει τῷ Ἰησοῦ, Πόθεν εἶ σύ; ὁ δὲ Ἰησοῦς ἀπόκρισιν οὐκ ἔδωκεν αὐτῷ.
2b130a00dd	λέγει οὖν αὐτῷ ὁ Πιλᾶτος, Ἐμοὶ οὐ λαλεῖς; οὐκ οἶδας ὅτι ἐξουσίαν ἔχω ἀπολῦσαί σε, καὶ ἐξουσίαν ἔχω σταυρῶσαί σε;
2b130b011b	Ἀπεκρίθη αὐτῷ Ἰησοῦς, Οὐκ εἶχες ἐξουσίαν κατ᾽ ἐμοῦ οὐδεμίαν, εἰ μὴ ἦν δεδομένον σοι ἄνωθεν· διὰ τοῦτο ὁ παραδιδούς μέ σοι μείζονα ἁμαρτίαν ἔχει.
2b130c0159	ἐκ τούτου ὁ Πιλᾶτος ἐζήτει ἀπολῦσαι αὐτόν· οἱ δὲ Ἰουδαῖοι ἐκραύγασαν λέγοντες, Ἐὰν τοῦτον ἀπολύσῃς οὐκ εἶ φίλος τοῦ Καίσαρος. πᾶς ὁ βασιλέα ἑαυτὸν ποιῶν ἀντιλέγει τῷ Καίσαρι.
2b130d0114	ὁ οὖν Πιλᾶτος ἀκούσας τῶν λόγων τούτων, ἤγαγεν ἔξω τὸν Ἰησοῦν, καὶ ἐκάθισεν ἐπὶ βήματος εἰς τόπον λεγόμενον Λιθόστρωτον, Ἑβραϊστὶ δὲ Γαββαθά·
2b130e00ae	ἦν δὲ παρασκευὴ τοῦ πάσχα, ὥρα ἦν ὡς ἕκτη. καὶ λέγει τοῖς Ἰουδαίοις, Ἴδε ὁ βασιλεὺς ὑμῶν.
2b130f013c	ἐκραύγασαν οὖν ἐκεῖνοι, Ἆρον ἆρον, σταύρωσον αὐτόν. λέγει αὐτοῖς ὁ Πιλᾶτος, Τὸν βασιλέα ὑμῶν σταυρώσω; ἀπεκρίθησαν οἱ ἀρχιερεῖς, Οὐκ ἔχομεν βασιλέα εἰ μὴ Καίσαρα.
2b1310008e	Τότε οὖν παρέδωκεν αὐτὸν αὐτοῖς ἵνα σταυρωθῇ. Παρέλαβον οὖν τὸν Ἰησοῦν·
2b131100c0	καὶ βαστάζων αὐτῷ τὸν σταυρόν, ἐξῆλθεν εἰς τὸν λεγόμενον Κρανίου τόπον, ὃ λέγεται Ἑβραϊστὶ Γολγοθά,
2b131200b9	ὅπου αὐτὸν ἐσταύρωσαν, καὶ μετ᾽ αὐτοῦ ἄλλους δύο ἐντεῦθεν καὶ ἐντεῦθεν, μέσον δὲ τὸν Ἰησοῦν.
2b131300f3	ἔγραψεν δὲ καὶ τίτλον ὁ Πιλᾶτος καὶ ἔθηκεν ἐπὶ τοῦ σταυροῦ· ἦν δὲ γεγραμμένον, Ἰησοῦς ὁ Ναζωραῖος ὁ βασιλεὺς τῶν Ἰουδαίων.
2b13140139	τοῦτον οὖν τὸν τίτλον πολλοὶ ἀνέγνωσαν τῶν Ἰουδαίων, ὅτι ἐγγὺς ἦν ὁ τόπος τῆς πόλεως ὅπου ἐσταυρώθη ὁ Ἰησοῦς· καὶ ἦν γεγραμμένον Ἑβραϊστὶ Ῥωμαϊστὶ Ἑλληνιστί.
2b1315010a	ἔλεγον οὖν τῷ Πιλάτῳ οἱ ἀρχιερεῖς τῶν Ἰουδαίων, Μὴ γράφε, Ὁ βασιλεὺς τῶν Ἰουδαίων, ἀλλ᾽ ὅτι ἐκεῖνος εἶπεν, Βασιλεὺς τῶν Ἰουδαίων εἰμί.
2b1316004a	ἀπεκρίθη ὁ Πιλᾶτος, Ὃ γέγραφα, γέγραφα.
2b13170176	Οἱ οὖν στρατιῶται, ὅτε ἐσταύρωσαν τὸν Ἰησοῦν, ἔλαβον τὰ ἱμάτια αὐτοῦ, καὶ ἐποίησαν τέσσερα μέρη, ἑκάστῳ στρατιώτῃ μέρος, καὶ τὸν χιτῶνα. ἦν δὲ ὁ χιτὼν ἄραφος, ἐκ τῶν ἄνωθεν ὑφαντὸς δι᾽ ὅλου.
2b131801bd	εἶπον οὖν πρὸς ἀλλήλους, Μὴ σχίσωμεν αὐτόν, ἀλλὰ λάχωμεν περὶ αὐτοῦ τίνος ἔσται· ἵνα ἡ γραφὴ πληρωθῇ ἡ λέγουσα, Διεμερίσαντο τὰ ἱμάτιά μου ἑαυτοῖς, καὶ ἐπὶ τὸν ἱματισμόν μου ἔβαλον κλῆρον. Οἱ μὲν οὖν στρατιῶται ταῦτα ἐποίησαν·
2b131900fa	εἱστήκεισαν δὲ παρὰ τῷ σταυρῷ τοῦ Ἰησοῦ ἡ μήτηρ αὐτοῦ καὶ ἡ ἀδελφὴ τῆς μητρὸς αὐτοῦ, Μαρία ἡ τοῦ Κλωπᾶ, καὶ Μαρία ἡ Μαγδαληνή.
2b131a00c4	Ἰησοῦς οὖν ἰδὼν τὴν μητέρα καὶ τὸν μαθητὴν παρεστῶτα ὃν ἠγάπα, λέγει τῇ μητρί, Γύναι, ἴδε ὁ υἱός σου.
2b131b00c3	εἶτα λέγει τῷ μαθητῇ, Ἴδε ἡ μήτηρ σου. καὶ ἀπ᾽ ἐκείνης τῆς ὥρας ἔλαβεν ὁ μαθητὴς αὐτὴν εἰς τὰ ἴδια.
2b131c00a7	μετὰ τοῦτο εἰδὼς ὁ Ἰησοῦς ὅτι ἤδη πάντα τετέλεσται, ἵνα τελειωθῇ ἡ γραφή, λέγει, Διψῶ.
2b131d00cd	σκεῦος ἔκειτο ὄξους μεστόν· σπόγγον οὖν μεστὸν τοῦ ὄξους ὑσσώπῳ περιθέντες προσήνεγκαν αὐτοῦ τῷ στόματι.
2b131e00bb	ὅτε οὖν ἔλαβεν τὸ ὄξος [ὁ] Ἰησοῦς εἶπεν, Τετέλεσται· καὶ κλίνας τὴν κεφαλὴν παρέδωκεν τὸ πνεῦμα.
2b131f0189	Οἱ οὖν Ἰουδαῖοι, ἐπεὶ παρασκευὴ ἦν, ἵνα μὴ μείνῃ ἐπὶ τοῦ σταυροῦ τὰ σώματα ἐν τῷ σαββάτῳ, (ἦν γὰρ μεγάλη ἡ ἡμέρα ἐκείνου τοῦ σαββάτου), ἠρώτησαν τὸν Πιλᾶτον ἵνα κατεαγῶσιν αὐτῶν τὰ σκέλη καὶ ἀρθῶσιν.
2b132000c7	ἦλθον οὖν οἱ στρατιῶται, καὶ τοῦ μὲν πρώτου κατέαξαν τὰ σκέλη καὶ τοῦ ἄλλου τοῦ συνσταυρωθέντος αὐτῷ·
2b132100a9	ἐπὶ δὲ τὸν Ἰησοῦν ἐλθόντες, ὡς εἶδον ἤδη αὐτὸν τεθνηκότα, οὐ κατέαξαν αὐτοῦ τὰ σκέλη,
2b132200b3	ἀλλ᾽ εἷς τῶν στρατιωτῶν λόγχῃ αὐτοῦ τὴν πλευρὰν ἔνυξεν, καὶ ἐξῆλθεν εὐθὺς αἷμα καὶ ὕδωρ.
2b132300f4	καὶ ὁ ἑωρακὼς μεμαρτύρηκεν καὶ ἀληθινὴ αὐτοῦ ἐστιν ἡ μαρτυρία, καὶ ἐκεῖνος οἶδεν ὅτι ἀληθῆ λέγει, ἵνα καὶ ὑμεῖς πιστεύητε.
2b1324008a	ἐγένετο γὰρ ταῦτα ἵνα ἡ γραφὴ πληρωθῇ, Ὀστοῦν οὐ συντριβήσεται αὐτοῦ.
2b1325006d	καὶ πάλιν ἑτέρα γραφὴ λέγει, Ὄψονται εἰς ὃν ἐξεκέντησαν.
2b1326019d	Μετὰ δὲ ταῦτα ἠρώτησεν τὸν Πιλᾶτον Ἰωσὴφ ἀπὸ Ἀριμαθαίας, ὢν μαθητὴς τοῦ Ἰησοῦ κεκρυμμένος δὲ διὰ τὸν φόβον τῶν Ἰουδαίων, ἵνα ἄρῃ τὸ σῶμα τοῦ Ἰησοῦ· καὶ ἐπέτρεψεν ὁ Πιλᾶτος. ἦλθεν οὖν καὶ ἦρεν τὸ σῶμα αὐτοῦ.
2b132700d2	ἦλθεν δὲ καὶ Νικόδημος ὁ ἐλθὼν πρὸς αὐτὸν νυκτὸς τὸ πρῶτον, φέρων μίγμα σμύρνης καὶ ἀλόης ὡς λίτρας ἑκατόν.
2b132800ec	ἔλαβον οὖν τὸ σῶμα τοῦ Ἰησοῦ καὶ ἔδησαν αὐτὸ ὀθονίοις μετὰ τῶν ἀρωμάτων, καθὼς ἔθος ἐστὶν τοῖς Ἰουδαίοις ἐνταφιάζειν.
2b132900bf	ἦν δὲ ἐν τῷ τόπῳ ὅπου ἐσταυρώθη κῆπος, καὶ ἐν τῷ κήπῳ μνημεῖον καινόν, ἐν ᾧ οὐδέπω οὐδεὶς ἐτέθη·
2b132a00ad	ἐκεῖ οὖν διὰ τὴν παρασκευὴν τῶν Ἰουδαίων, ὅτι ἐγγὺς ἦν τὸ μνημεῖον, ἔθηκαν τὸν Ἰησοῦν.
2b14010105	Τῇ δὲ μιᾷ τῶν σαββάτων Μαρία ἡ Μαγδαληνὴ ἔρχεται πρωῒ σκοτίας ἔτι οὔσης εἰς τὸ μνημεῖον, καὶ βλέπει τὸν λίθον ἠρμένον ἐκ τοῦ μνημείου.
2b14020153	τρέχει οὖν καὶ ἔρχεται πρὸς Σίμωνα Πέτρον καὶ πρὸς τὸν ἄλλον μαθητὴν ὃν ἐφίλει ὁ Ἰησοῦς, καὶ λέγει αὐτοῖς, Ἦραν τὸν κύριον ἐκ τοῦ μνημείου, καὶ οὐκ οἴδαμεν ποῦ ἔθηκαν αὐτόν.
2b1403008b	ἐξῆλθεν οὖν ὁ Πέτρος καὶ ὁ ἄλλος μαθητής, καὶ ἤρχοντο εἰς τὸ μνημεῖον·
2b140400d1	ἔτρεχον δὲ οἱ δύο ὁμοῦ· καὶ ὁ ἄλλος μαθητὴς προέδραμεν τάχιον τοῦ Πέτρου καὶ ἦλθεν πρῶτος εἰς τὸ μνημεῖον,
2b14050072	καὶ παρακύψας βλέπει κείμενα τὰ ὀθόνια, οὐ μέντοι εἰσῆλθεν.
2b140600ce	ἔρχεται οὖν καὶ Σίμων Πέτρος ἀκολουθῶν αὐτῷ, καὶ εἰσῆλθεν εἰς τὸ μνημεῖον, καὶ θεωρεῖ τὰ ὀθόνια κείμενα,
2b140700e4	καὶ τὸ σουδάριον ὃ ἦν ἐπὶ τῆς κεφαλῆς αὐτοῦ, οὐ μετὰ τῶν ὀθονίων κείμενον, ἀλλὰ χωρὶς ἐντετυλιγμένον εἰς ἕνα τόπον.
2b140800bf	τότε οὖν εἰσῆλθεν καὶ ὁ ἄλλος μαθητὴς ὁ ἐλθὼν πρῶτος εἰς τὸ μνημεῖον, καὶ εἶδεν καὶ ἐπίστευσεν·
2b14090082	οὐδέπω γὰρ ᾔδεισαν τὴν γραφήν, ὅτι δεῖ αὐτὸν ἐκ νεκρῶν ἀναστῆναι.
2b140a0052	ἀπῆλθον οὖν πάλιν πρὸς αὐτοὺς οἱ μαθηταί.
2b140b00af	Μαρία δὲ εἱστήκει πρὸς τῷ μνημείῳ ἔξω κλαίουσα. ὡς οὖν ἔκλαιεν, παρέκυψεν εἰς τὸ μνημεῖον,
2b140c00f2	καὶ θεωρεῖ δύο ἀγγέλους ἐν λευκοῖς, καθεζομένους ἕνα πρὸς τῇ κεφαλῇ καὶ ἕνα πρὸς τοῖς ποσίν, ὅπου ἔκειτο τὸ σῶμα τοῦ Ἰησοῦ.
2b140d00dd	καὶ λέγουσιν αὐτῇ ἐκεῖνοι, Γύναι, τί κλαίεις; λέγει αὐτοῖς, Ὅτι ἦραν τὸν κύριόν μου, καὶ οὐκ οἶδα ποῦ ἔθηκαν αὐτόν.
2b140e00c2	ταῦτα εἰποῦσα ἐστράφη εἰς τὰ ὀπίσω, καὶ θεωρεῖ τὸν Ἰησοῦν ἑστῶτα, καὶ οὐκ ᾔδει ὅτι Ἰησοῦς ἐστιν.
2b140f014d	λέγει αὐτῇ Ἰησοῦς, Γύναι, τί κλαίεις; τίνα ζητεῖς; ἐκείνη, δοκοῦσα ὅτι ὁ κηπουρός ἐστιν, λέγει αὐτῷ, Κύριε, εἰ σὺ ἐβάστασας αὐτόν, εἰπέ μοι ποῦ ἔθηκας αὐτόν, κἀγὼ αὐτὸν ἀρῶ.
2b141000bb	λέγει αὐτῇ Ἰησοῦς, Μαριάμ. στραφεῖσα ἐκείνη λέγει αὐτῷ Ἑβραϊστί, Ῥαββουνί, (ὃ λέγεται, διδάσκαλε).
2b1411017a	λέγει αὐτῇ Ἰησοῦς, Μή μου ἅπτου· οὔπω γὰρ ἀναβέβηκα πρὸς τὸν πατέρα· πορεύου δὲ πρὸς τοὺς ἀδελφούς μου, καὶ εἰπὲ αὐτοῖς, Ἀναβαίνω πρὸς τὸν πατέρα μου καὶ πατέρα ὑμῶν καὶ θεόν μου καὶ θεὸν ὑμῶν.
2b141200bf	ἔρχεται Μαριὰμ ἡ Μαγδαληνὴ ἀγγέλλουσα τοῖς μαθηταῖς ὅτι Ἑώρακα τὸν κύριον, καὶ ταῦτα εἶπεν αὐτῇ.
2b1413017e	Οὔσης οὖν ὀψίας τῇ ἡμέρᾳ ἐκείνῃ τῇ μιᾷ σαββάτων, καὶ τῶν θυρῶν κεκλεισμένων ὅπου ἦσαν οἱ μαθηταὶ διὰ τὸν φόβον τῶν Ἰουδαίων, ἦλθεν ὁ Ἰησοῦς καὶ ἔστη εἰς τὸ μέσον, καὶ λέγει αὐτοῖς, Εἰρήνη ὑμῖν.
2b141400d4	καὶ τοῦτο εἰπὼν ἔδειξεν καὶ τὰς χεῖρας καὶ τὴν πλευρὰν αὐτοῖς. ἐχάρησαν οὖν οἱ μαθηταὶ ἰδόντες τὸν κύριον.
2b141500a2	εἶπεν οὖν αὐτοῖς πάλιν, Εἰρήνη ὑμῖν· καθὼς ἀπέσταλκέν με ὁ πατὴρ κἀγὼ πέμπω ὑμᾶς.
2b14160081	καὶ τοῦτο εἰπὼν ἐνεφύσησεν καὶ λέγει αὐτοῖς, Λάβετε πνεῦμα ἅγιον.
2b14170095	ἄν τινων ἀφῆτε τὰς ἁμαρτίας, ἀφέωνται αὐτοῖς· ἄν τινων κρατῆτε, κεκράτηνται.
2b141800a4	Θωμᾶς δὲ εἷς ἐκ τῶν δώδεκα ὁ λεγόμενος Δίδυμος, οὐκ ἦν μετ᾽ αὐτῶν ὅτε ἦλθεν Ἰησοῦς.
2b141901d1	ἔλεγον οὖν αὐτῷ οἱ ἄλλοι μαθηταί, Ἑωράκαμεν τὸν κύριον. ὁ δὲ εἶπεν αὐτοῖς, Ἐὰν μὴ ἴδω ἐν ταῖς χερσὶν αὐτοῦ τὸν τύπον τῶν ἥλων, καὶ βάλω τὸν δάκτυλόν μου εἰς τὸν τύπον τῶν ἥλων, καὶ βάλω μου τὴν χεῖρα εἰς τὴν πλευρὰν αὐτοῦ, οὐ μὴ πιστεύσω.
2b141a0142	Καὶ μεθ᾽ ἡμέρας ὀκτὼ πάλιν ἦσαν ἔσω οἱ μαθηταὶ αὐτοῦ, καὶ Θωμᾶς μετ᾽ αὐτῶν. ἔρχεται ὁ Ἰησοῦς τῶν θυρῶν κεκλεισμένων, καὶ ἔστη εἰς τὸ μέσον καὶ εἶπεν, Εἰρήνη ὑμῖν.
2b141b012a	εἶτα λέγει τῷ Θωμᾷ, Φέρε τὸν δάκτυλόν σου ὧδε καὶ ἴδε τὰς χεῖράς μου, καὶ φέρε τὴν χεῖρά σου καὶ βάλε εἰς τὴν πλευράν μου, καὶ μὴ γίνου ἄπιστος ἀλλὰ πιστός.
2b141c0073	ἀπεκρίθη Θωμᾶς, καὶ εἶπεν αὐτῷ, Ὁ κύριός μου καὶ ὁ θεός μου.
2b141d00b1	λέγει αὐτῷ [ὁ] Ἰησοῦς, Ὅτι ἑώρακάς με, πεπίστευκας· μακάριοι οἱ μὴ ἰδόντες καὶ πιστεύσαντες.
2b141e00dd	Πολλὰ μὲν οὖν καὶ ἄλλα σημεῖα ἐποίησεν ὁ Ἰησοῦς ἐνώπιον τῶν μαθητῶν, ἃ οὐκ ἔστιν γεγραμμένα ἐν τῷ βιβλίῳ τούτῳ.
2b141f0101	ταῦτα δὲ γέγραπται ἵνα πιστεύσητε ὅτι Ἰησοῦς ἐστιν ὁ χριστὸς ὁ υἱὸς τοῦ θεοῦ, καὶ ἵνα πιστεύοντες ζωὴν ἔχητε ἐν τῷ ὀνόματι αὐτοῦ.
2b150100d9	Μετὰ ταῦτα ἐφανέρωσεν ἑαυτὸν πάλιν Ἰησοῦς τοῖς μαθηταῖς ἐπὶ τῆς θαλάσσης τῆς Τιβεριάδος, ἐφανέρωσεν δὲ οὕτως.
2b15020125	ἦσαν ὁμοῦ Σίμων Πέτρος καὶ Θωμᾶς, ὁ λεγόμενος Δίδυμος, καὶ Ναθαναήλ, ὁ ἀπὸ Κανᾶ τῆς Γαλιλαίας, καὶ οἱ τοῦ Ζεβεδαίου καὶ ἄλλοι ἐκ τῶν μαθητῶν αὐτοῦ δύο.
2b15030139	λέγει αὐτοῖς Σίμων Πέτρος, Ὑπάγω ἁλιεύειν. λέγουσιν αὐτῷ, Ἐρχόμεθα καὶ ἡμεῖς σὺν σοί. ἐξῆλθον καὶ ἐνέβησαν εἰς τὸ πλοῖον, καὶ ἐν ἐκείνῃ τῇ νυκτὶ ἐπίασαν οὐδέν.
2b150400c7	πρωΐας δὲ ἤδη γινομένης ἔστη Ἰησοῦς εἰς τὸν αἰγιαλόν· οὐ μέντοι ᾔδεισαν οἱ μαθηταὶ ὅτι Ἰησοῦς ἐστίν.
2b1505009c	λέγει οὖν αὐτοῖς [ὁ] Ἰησοῦς, Παιδία, μή τι προσφάγιον ἔχετε; ἀπεκρίθησαν αὐτῷ, Οὔ.
2b1506012a	ὁ δὲ εἶπεν αὐτοῖς, Βάλετε εἰς τὰ δεξιὰ μέρη τοῦ πλοίου τὸ δίκτυον, καὶ εὑρήσετε. ἔβαλον οὖν, καὶ οὐκ ἔτι αὐτὸ ἑλκύσαι ἴσχυον ἀπὸ τοῦ πλήθους τῶν ἰχθύων.
2b15070178	λέγει οὖν ὁ μαθητὴς ἐκεῖνος ὃν ἠγάπα ὁ Ἰησοῦς τῷ Πέτρῳ, Ὁ κύριός ἐστιν. Σίμων οὖν Πέτρος, ἀκούσας ὅτι ὁ κύριός ἐστιν, τὸν ἐπενδύτην διεζώσατο (ἦν γὰρ γυμνός), καὶ ἔβαλεν ἑαυτὸν εἰς τὴν θάλασσαν.
2b15080104	οἱ δὲ ἄλλοι μαθηταὶ τῷ πλοιαρίῳ ἦλθον (οὐ γὰρ ἦσαν μακρὰν ἀπὸ τῆς γῆς, ἀλλὰ ὡς ἀπὸ πηχῶν διακοσίων), σύροντες τὸ δίκτυον τῶν ἰχθύων.
2b150900b6	ὡς οὖν ἀπέβησαν εἰς τὴν γῆν, βλέπουσιν ἀνθρακιὰν κειμένην καὶ ὀψάριον ἐπικείμενον καὶ ἄρτον.
2b150a0083	λέγει αὐτοῖς [ὁ] Ἰησοῦς, Ἐνέγκατε ἀπὸ τῶν ὀψαρίων ὧν ἐπιάσατε νῦν.
2b150b0122	ἀνέβη οὖν Σίμων Πέτρος καὶ εἵλκυσεν τὸ δίκτυον εἰς τὴν γῆν μεστὸν ἰχθύων μεγάλων ἑκατὸν πεντήκοντα τριῶν· καὶ τοσούτων ὄντων οὐκ ἐσχίσθη τὸ δίκτυον.
2b150c00f8	Λέγει αὐτοῖς [ὁ] Ἰησοῦς, Δεῦτε ἀριστήσατε. οὐδεὶς [δὲ] ἐτόλμα τῶν μαθητῶν ἐξετάσαι αὐτόν, Σὺ τίς εἶ; εἰδότες ὅτι ὁ κύριός ἐστιν.
2b150d009f	ἔρχεται Ἰησοῦς καὶ λαμβάνει τὸν ἄρτον καὶ δίδωσιν αὐτοῖς, καὶ τὸ ὀψάριον ὁμοίως.
2b150e0087	τοῦτο ἤδη τρίτον ἐφανερώθη Ἰησοῦς τοῖς μαθηταῖς ἐγερθεὶς ἐκ νεκρῶν.
2b150f013a	Ὅτε οὖν ἠρίστησαν, λέγει τῷ Σίμωνι Πέτρῳ ὁ Ἰησοῦς, Σίμων Ἰωάνου, ἀγαπᾷς με πλέον τούτων; λέγει αὐτῷ, Ναὶ κύριε, σὺ οἶδας ὅτι φιλῶ σε. λέγει αὐτῷ, Βόσκε τὰ ἀρνία μου.
2b151000fc	λέγει αὐτῷ πάλιν δεύτερον, Σίμων Ἰωάνου, ἀγαπᾷς με; λέγει αὐτῷ, Ναὶ κύριε· σὺ οἶδας ὅτι φιλῶ σε. λέγει αὐτῷ, Ποίμαινε τὰ πρόβατά μου.
2b1511018d	Λέγει αὐτῷ τὸ τρίτον, Σίμων Ἰωάνου, φιλεῖς με; ἐλυπήθη ὁ Πέτρος, ὅτι εἶπεν αὐτῷ τὸ τρίτον, Φιλεῖς με; καὶ εἶπεν αὐτῷ, Κύριε, πάντα σὺ οἶδας, σὺ γινώσκεις ὅτι φιλῶ σε. λέγει αὐτῷ [Ἰησοῦς], Βόσκε τὰ προβάτιά μου.
2b15120149	ἀμὴν ἀμὴν λέγω σοι, ὅτε ἦς νεώτερος, ἐζώννυες σεαυτὸν καὶ περιεπάτεις ὅπου ἤθελες· ὅταν δὲ γηράσῃς, ἐκτενεῖς τὰς χεῖράς σου, καὶ ἄλλος ζώσει σε καὶ οἴσει ὅπου οὐ θέλεις.
2b151300bb	τοῦτο δὲ εἶπεν σημαίνων ποίῳ θανάτῳ δοξάσει τὸν θεόν. καὶ τοῦτο εἰπὼν λέγει αὐτῷ, Ἀκολούθει μοι.
2b15140146	ἐπιστραφεὶς ὁ Πέτρος βλέπει τὸν μαθητὴν ὃν ἠγάπα ὁ Ἰησοῦς ἀκολουθοῦντα, ὃς καὶ ἀνέπεσεν ἐν τῷ δείπνῳ ἐπὶ τὸ στῆθος αὐτοῦ καὶ εἶπεν, Κύριε, τίς ἐστιν ὁ παραδιδούς σε;
2b15150074	τοῦτον οὖν ἰδὼν ὁ Πέτρος λέγει τῷ Ἰησοῦ, Κύριε, οὗτος δὲ τί;
2b151600a3	λέγει αὐτῷ ὁ Ἰησοῦς, Ἐὰν αὐτὸν θέλω μένειν ἕως ἔρχομαι, τί πρός σε; σύ μοι ἀκολούθει.
2b15170168	Ἐξῆλθεν οὖν οὗτος ὁ λόγος εἰς τοὺς ἀδελφούς, ὅτι ὁ μαθητὴς ἐκεῖνος οὐκ ἀποθνήσκει· οὐκ εἶπεν δὲ αὐτῷ ὁ Ἰησοῦς ὅτι οὐκ ἀποθνήσκει, ἀλλ᾽ Ἐὰν αὐτὸν θέλω μένειν ἕως ἔρχομαι, τί πρός σε;
2b151800dd	Οὗτός ἐστιν ὁ μαθητὴς ὁ μαρτυρῶν περὶ τούτων, καὶ ὁ γράψας ταῦτα, καὶ οἴδαμεν ὅτι ἀληθὴς αὐτοῦ ἡ μαρτυρία ἐστίν.
2b15190118	ἔστιν δὲ καὶ ἄλλα πολλὰ ἃ ἐποίησεν ὁ Ἰησοῦς, ἅτινα ἐὰν γράφηται καθ᾽ ἕν, οὐδ᾽ αὐτὸν οἶμαι τὸν κόσμον χωρήσειν τὰ γραφόμενα βιβλία. ΚΑΤΑ ΙΩΑΝΗΝ.
2c0000000e	Πραξεις
2c010100ba	Τὸν μὲν πρῶτον λόγον ἐποιησάμην περὶ πάντων ὦ Θεόφιλε, ὧν ἤρξατο Ἰησοῦς ποιεῖν τε καὶ διδάσκειν
2c010200b1	ἄχρι ἧς ἡμέρας ἐντειλάμενος τοῖς ἀποστόλοις διὰ πνεύματος ἁγίου, οὓς ἐξελέξατο, ἀνελήμφθη.
2c0103013f	οἷς καὶ παρέστησεν ἑαυτὸν ζῶντα μετὰ τὸ παθεῖν αὐτὸν ἐν πολλοῖς τεκμηρίοις, δι᾽ ἡμερῶν τεσσεράκοντα ὀπτανόμενος αὐτοῖς, καὶ λέγων τὰ περὶ τῆς βασιλείας τοῦ θεοῦ.
2c010400fa	καὶ συναλιζόμενος παρήγγειλεν αὐτοῖς ἀπὸ Ἱεροσολύμων μὴ χωρίζεσθαι, ἀλλὰ περιμένειν τὴν ἐπαγγελίαν τοῦ πατρός, ἣν ἠκούσατέ μου·
2c010500c9	ὅτι Ἰωάνης μὲν ἐβάπτισεν ὕδατι, ὑμεῖς δὲ ἐν πνεύματι βαπτισθήσεσθε ἁγίῳ, οὐ μετὰ πολλὰς ταύτας ἡμέρας.
2c010600dd	οἱ μὲν οὖν συνελθόντες ἠρώτων αὐτὸν λέγοντες, Κύριε, εἰ ἐν τῷ χρόνῳ τούτῳ ἀποκαθιστάνεις τὴν βασιλείαν τῷ Ἰσραήλ;
2c010700c1	εἶπεν πρὸς αὐτούς, Οὐχ ὑμῶν ἐστιν γνῶναι χρόνους ἢ καιροὺς οὓς ὁ πατὴρ ἔθετο ἐν τῇ ἰδίᾳ ἐξουσίᾳ,
2c01080148	ἀλλὰ λήμψεσθε δύναμιν ἐπελθόντος τοῦ ἁγίου πνεύματος ἐφ᾽ ὑμᾶς, καὶ ἔσεσθέ μου μάρτυρες ἔν τε Ἱερουσαλὴμ καὶ [ἐν] πάσῃ τῇ Ἰουδαίᾳ καὶ Σαμαρείᾳ καὶ ἕως ἐσχάτου τῆς γῆς.
2c010900b5	καὶ ταῦτα εἰπὼν βλεπόντων αὐτῶν ἐπήρθη, καὶ νεφέλη ὑπέλαβεν αὐτὸν ἀπὸ τῶν ὀφθαλμῶν αὐτῶν.
2c010a00f2	καὶ ὡς ἀτενίζοντες ἦσαν εἰς τὸν οὐρανὸν πορευομένου αὐτοῦ, καὶ ἰδοὺ ἄνδρες δύο παρειστήκεισαν αὐτοῖς ἐν ἐσθήσεσι λευκαῖς,
2c010b0185	οἳ καὶ εἶπαν, Ἄνδρες Γαλιλαῖοι, τί ἑστήκατε βλέποντες εἰς τὸν οὐρανόν; οὗτος ὁ Ἰησοῦς ὁ ἀναλημφθεὶς ἀφ᾽ ὑμῶν εἰς τὸν οὐρανὸν οὕτως ἐλεύσεται ὃν τρόπον ἐθεάσασθε αὐτὸν πορευόμενον εἰς τὸν οὐρανόν.
2c010c00dd	τότε ὑπέστρεψαν εἰς Ἱερουσαλὴμ ἀπὸ ὄρους τοῦ καλουμένου Ἐλαιῶνος, ὅ ἐστιν ἐγγὺς Ἱερουσαλήμ, σαββάτου ἔχον ὁδόν.
2c010d01a5	καὶ ὅτε εἰσῆλθον, εἰς τὸ ὑπερῷον ἀνέβησαν, οὗ ἦσαν καταμένοντες, ὅ τε Πέτρος καὶ Ἰωάνης καὶ Ἰάκωβος καὶ Ἀνδρέας, Φίλιππος καὶ Θωμᾶς, Βαρθολομαῖος καὶ Μαθθαῖος, Ἰάκωβος Ἀλφαίου καὶ Σίμων ὁ Ζηλωτής, καὶ Ἰούδας Ἰακώβου.
2c010e0108	οὗτοι πάντες ἦσαν προσκαρτεροῦντες ὁμοθυμαδὸν τῇ προσευχῇ σὺν γυναιξὶν καὶ Μαριὰμ τῇ μητρὶ τοῦ Ἰησοῦ, καὶ [σὺν] τοῖς ἀδελφοῖς αὐτοῦ.
2c010f00f7	Καὶ ἐν ταῖς ἡμέραις ταύταις ἀναστὰς Πέτρος ἐν μέσῳ τῶν ἀδελφῶν εἶπεν· (ἦν τε ὄχλος ὀνομάτων ἐπὶ τὸ αὐτὸ ὡς ἑκατὸν εἴκοσιν·)
2c0110012c	Ἄνδρες ἀδελφοί, ἔδει πληρωθῆναι τὴν γραφὴν ἣν προεῖπεν τὸ πνεῦμα τὸ ἅγιον διὰ στόματος Δαυεὶδ περὶ Ἰούδα τοῦ γενομένου ὁδηγοῦ τοῖς συλλαβοῦσιν Ἰησοῦν·
2c01110091	ὅτι κατηριθμημένος ἦν ἐν ἡμῖν, καὶ ἔλαχεν τὸν κλῆρον τῆς διακονίας ταύτης.
2c011200f6	οὗτος μὲν οὖν ἐκτήσατο χωρίον ἐκ μισθοῦ τῆς ἀδικίας, καὶ πρηνὴς γενόμενος ἐλάκησεν μέσος, καὶ ἐξεχύθη πάντα τὰ σπλάγχνα αὐτοῦ,
2c01130127	καὶ γνωστὸν ἐγένετο πᾶσιν τοῖς κατοικοῦσιν Ἱερουσαλήμ, ὥστε κληθῆναι τὸ χωρίον ἐκεῖνο τῇ [ἰδίᾳ] διαλέκτῳ αὐτῶν Ἀχελδαμάχ τοῦτ᾽ ἔστιν χωρίον αἵματος.
2c0114010a	γέγραπται γὰρ ἐν βίβλῳ Ψαλμῶν, Γενηθήτω ἡ ἔπαυλις αὐτοῦ ἔρημος, καὶ μὴ ἔστω ὁ κατοικῶν ἐν αὐτῇ, καί, Τὴν ἐπισκοπὴν αὐτοῦ λαβέτω ἕτερος.
2c011500cb	δεῖ οὖν τῶν συνελθόντων ἡμῖν ἀνδρῶν ἐν παντὶ χρόνῳ ᾧ εἰσῆλθεν καὶ ἐξῆλθεν ἐφ᾽ ἡμᾶς ὁ κύριος Ἰησοῦς,
2c0116010a	ἀρξάμενος ἀπὸ τοῦ βαπτίσματος Ἰωάνου ἕως τῆς ἡμέρας ἧς ἀνελήμφθη ἀφ᾽ ἡμῶν, μάρτυρα τῆς ἀναστάσεως αὐτοῦ σὺν ἡμῖν γενέσθαι ἕνα τούτων.
2c011700a0	Καὶ ἔστησαν δύο, Ἰωσὴφ τὸν καλούμενον Βαρσαββᾶν, ὃς ἐπεκλήθη Ἰοῦστος, καὶ Μαθθίαν.
2c011800bc	καὶ προσευξάμενοι εἶπαν, Σὺ κύριε καρδιογνῶστα πάντων, ἀνάδειξον ὃν ἐξελέξω ἐκ τούτων τῶν δύο ἕνα
2c011900d6	λαβεῖν τὸν τόπον τῆς διακονίας ταύτης καὶ ἀποστολῆς, ἀφ᾽ ἧς παρέβη Ἰούδας πορευθῆναι εἰς τὸν τόπον τὸν ἴδιον.
2c011a00cf	Καὶ ἔδωκαν κλήρους αὐτοῖς, καὶ ἔπεσεν ὁ κλῆρος ἐπὶ Μαθθίαν, καὶ συγκατεψηφίσθη μετὰ τῶν ἕνδεκα ἀποστόλων.
2c020100a1	Καὶ ἐν τῷ συμπληροῦσθαι τὴν ἡμέραν τῆς πεντηκοστῆς ἦσαν πάντες ὁμοῦ ἐπὶ τὸ αὐτό.
2c020200e2	καὶ ἐγένετο ἄφνω ἐκ τοῦ οὐρανοῦ ἦχος ὥσπερ φερομένης πνοῆς βιαίας, καὶ ἐπλήρωσεν ὅλον τὸν οἶκον οὗ ἦσαν καθήμενοι·
2c020300b3	καὶ ὤφθησαν αὐτοῖς διαμεριζόμεναι γλῶσσαι ὡσεὶ πυρός, καὶ ἐκάθισεν ἐφ᾽ ἕνα ἕκαστον αὐτῶν,
2c020400eb	καὶ ἐπλήσθησαν πάντες πνεύματος ἁγίου, καὶ ἤρξαντο λαλεῖν ἑτέραις γλώσσαις καθὼς τὸ πνεῦμα ἐδίδου ἀποφθέγγεσθαι αὐτοῖς.
2c020500cb	ἦσαν δὲ ἐν Ἱερουσαλὴμ κατοικοῦντες Ἰουδαῖοι, ἄνδρες εὐλαβεῖς ἀπὸ παντὸς ἔθνους τῶν ὑπὸ τὸν οὐρανόν·
2c020600eb	γενομένης δὲ τῆς φωνῆς ταύτης συνῆλθεν τὸ πλῆθος καὶ συνεχύθη, ὅτι ἤκουον εἷς ἕκαστος τῇ ἰδίᾳ διαλέκτῳ λαλούντων αὐτῶν.
2c020700c0	ἐξίσταντο δὲ [πάντες] καὶ ἐθαύμαζον λέγοντες, Οὐχὶ ἰδοὺ πάντες οὗτοί εἰσιν οἱ λαλοῦντες Γαλιλαῖοι;
2c0208008f	καὶ πῶς ἡμεῖς ἀκούομεν ἕκαστος τῇ ἰδίᾳ διαλέκτῳ ἡμῶν ἐν ᾗ ἐγεννήθημεν,
2c020900e7	Πάρθοι καὶ Μῆδοι καὶ Ἐλαμῖται, καὶ οἱ κατοικοῦντες τὴν Μεσοποταμίαν, Ἰουδαίαν τε καὶ Καππαδοκίαν, Πόντον καὶ τὴν Ἀσίαν,
2c020a00ca	Φρυγίαν τε καὶ Παμφυλίαν, Αἴγυπτον καὶ τὰ μέρη τῆς Λιβύης τῆς κατὰ Κυρήνην, καὶ οἱ ἐπιδημοῦντες Ῥωμαῖοι,
2c020b00e6	Ἰουδαῖοί τε καὶ προσήλυτοι, Κρῆτες καὶ Ἄραβες, ἀκούομεν λαλούντων αὐτῶν ταῖς ἡμετέραις γλώσσαις τὰ μεγαλεῖα τοῦ θεοῦ;
2c020c00a3	Ἐξίσταντο δὲ πάντες καὶ διηποροῦντο ἄλλος πρὸς ἄλλον λέγοντες, Τί θέλει τοῦτο εἶναι;
2c020d007d	ἕτεροι δὲ διαχλευάζοντες ἔλεγον ὅτι γλεύκους μεμεστωμένοι εἰσίν.
2c020e0181	Σταθεὶς δὲ ὁ Πέτρος σὺν τοῖς ἕνδεκα ἐπῆρεν τὴν φωνὴν αὐτοῦ, καὶ ἀπεφθέγξατο αὐτοῖς, Ἄνδρες Ἰουδαῖοι καὶ οἱ κατοικοῦντες Ἱερουσαλὴμ πάντες, τοῦτο ὑμῖν γνωστὸν ἔστω, καὶ ἐνωτίσασθε τὰ ῥήματά μου.
2c020f009a	οὐ γὰρ ὡς ὑμεῖς ὑπολαμβάνετε οὗτοι μεθύουσιν, (ἔστιν γὰρ ὥρα τρίτη τῆς ἡμέρας),
2c02100068	ἀλλὰ τοῦτό ἐστιν τὸ εἰρημένον διὰ τοῦ προφήτου Ἰωήλ,
2c021101da	Καὶ ἔσται ἐν ταῖς ἐσχάταις ἡμέραις, λέγει ὁ θεός, ἐκχεῶ ἀπὸ τοῦ πνεύματός μου ἐπὶ πᾶσαν σάρκα, καὶ προφητεύσουσιν οἱ υἱοὶ ὑμῶν καὶ αἱ θυγατέρες ὑμῶν, καὶ οἱ νεανίσκοι ὑμῶν ὁράσεις ὄψονται, καὶ οἱ πρεσβύτεροι ὑμῶν ἐνυπνίοις ἐνυπνιασθήσονται.
2c021200f2	καί γε ἐπὶ τοὺς δούλους μου καὶ ἐπὶ τὰς δούλας μου ἐν ταῖς ἡμέραις ἐκείναις ἐκχεῶ ἀπὸ τοῦ πνεύματός μου, καὶ προφητεύσουσιν.
2c021300b8	καὶ δώσω τέρατα ἐν τῷ οὐρανῷ ἄνω καὶ σημεῖα ἐπὶ τῆς γῆς κάτω, αἷμα καὶ πῦρ καὶ ἀτμίδα καπνοῦ.
2c021400d5	ὁ ἥλιος μεταστραφήσεται εἰς σκότος, καὶ ἡ σελήνη εἰς αἷμα, πρὶν ἐλθεῖν ἡμέραν κυρίου τὴν μεγάλην καὶ ἐπιφανῆ.
2c02150079	καὶ ἔσται, πᾶς ὃς ἐὰν ἐπικαλέσηται τὸ ὄνομα κυρίου, σωθήσεται.
2c021601a7	ἄνδρες Ἰσραηλῖται, ἀκούσατε τοὺς λόγους τούτους· Ἰησοῦν τὸν Ναζωραῖον, ἄνδρα ἀποδεδειγμένον ἀπὸ τοῦ θεοῦ εἰς ὑμᾶς δυνάμεσιν καὶ τέρασιν καὶ σημείοις οἷς ἐποίησεν δι᾽ αὐτοῦ ὁ θεὸς ἐν μέσῳ ὑμῶν, καθὼς αὐτοὶ οἴδατε,
2c021700bf	τοῦτον τῇ ὡρισμένῃ βουλῇ καὶ προγνώσει τοῦ θεοῦ ἔκδοτον διὰ χειρὸς ἀνόμων προσπήξαντες ἀνείλατε,
2c021800c6	ὃν ὁ θεὸς ἀνέστησεν λύσας τὰς ὠδῖνας τοῦ θανάτου, καθότι οὐκ ἦν δυνατὸν κρατεῖσθαι αὐτὸν ὑπ᾽ αὐτοῦ.
2c021900da	Δαυεὶδ γὰρ λέγει εἰς αὐτόν, Προορώμην τὸν κύριον ἐνώπιόν μου διὰ παντός, ὅτι ἐκ δεξιῶν μού ἐστιν, ἵνα μὴ σαλευθῶ·
2c021a00d2	διὰ τοῦτο ηὐφράνθη μου ἡ καρδία καὶ ἠγαλλιάσατο ἡ γλῶσσά μου, ἔτι δὲ καὶ ἡ σάρξ μου κατασκηνώσει ἐπ᾽ ἐλπίδι.
2c021b00ac	ὅτι οὐκ ἐγκαταλείψεις τὴν ψυχήν μου εἰς ᾅδην, οὐδὲ δώσεις τὸν ὅσιόν σου ἰδεῖν διαφθοράν.
2c021c008b	ἐγνώρισάς μοι ὁδοὺς ζωῆς, πληρώσεις με εὐφροσύνης μετὰ τοῦ προσώπου σου.
2c021d0150	ἄνδρες ἀδελφοί, ἐξὸν εἰπεῖν μετὰ παῤῥησίας πρὸς ὑμᾶς περὶ τοῦ πατριάρχου Δαυείδ, ὅτι καὶ ἐτελεύτησεν καὶ ἐτάφη, καὶ τὸ μνῆμα αὐτοῦ ἐστιν ἐν ἡμῖν ἄχρι τῆς ἡμέρας ταύτης.
2c021e00ea	προφήτης οὖν ὑπάρχων, καὶ εἰδὼς ὅτι ὅρκῳ ὤμοσεν αὐτῷ ὁ θεὸς ἐκ καρποῦ τῆς ὀσφύος αὐτοῦ καθίσαι ἐπὶ τὸν θρόνον αὐτοῦ,
2c021f00e6	προϊδὼν ἐλάλησεν περὶ τῆς ἀναστάσεως τοῦ χριστοῦ, ὅτι οὔτε ἐγκατελείφθη εἰς ᾅδου, οὔτε ἡ σὰρξ αὐτοῦ εἶδεν διαφθοράν.
2c02200084	τοῦτον τὸν Ἰησοῦν ἀνέστησεν ὁ θεός, οὗ πάντες ἡμεῖς ἐσμεν μάρτυρες.
2c0221010e	τῇ δεξιᾷ οὖν τοῦ θεοῦ ὑψωθεὶς τήν τε ἐπαγγελίαν τοῦ πνεύματος τοῦ ἁγίου λαβὼν παρὰ τοῦ πατρὸς ἐξέχεεν τοῦτο ὃ ὑμεῖς βλέπετε καὶ ἀκούετε.
2c022200c4	οὐ γὰρ Δαυεὶδ ἀνέβη εἰς τοὺς οὐρανούς, λέγει δὲ αὐτός, Εἶπεν κύριος τῷ κυρίῳ μου, Κάθου ἐκ δεξιῶν μου,
2c02230064	ἕως ἂν θῶ τοὺς ἐχθρούς σου ὑποπόδιον τῶν ποδῶν σου.
2c02240102	ἀσφαλῶς οὖν γινωσκέτω πᾶς οἶκος Ἰσραὴλ ὅτι καὶ κύριον αὐτὸν καὶ χριστὸν ὁ θεὸς ἐποίησεν, τοῦτον τὸν Ἰησοῦν ὃν ὑμεῖς ἐσταυρώσατε.
2c022500eb	Ἀκούσαντες δὲ κατενύγησαν τὴν καρδίαν, εἶπόν τε πρὸς τὸν Πέτρον καὶ τοὺς λοιποὺς ἀποστόλους, Τί ποιήσωμεν, ἄνδρες ἀδελφοί;
2c02260148	Πέτρος δὲ πρὸς αὐτούς, Μετανοήσατε καὶ βαπτισθήτω ἕκαστος ὑμῶν ἐν τῷ ὀνόματι Ἰησοῦ χριστοῦ εἰς ἄφεσιν τῶν ἁμαρτιῶν ὑμῶν, καὶ λήμψεσθε τὴν δωρεὰν τοῦ ἁγίου πνεύματος·
2c022700e9	ὑμῖν γάρ ἐστιν ἡ ἐπαγγελία καὶ τοῖς τέκνοις ὑμῶν καὶ πᾶσιν τοῖς εἰς μακράν, ὅσους ἂν προσκαλέσηται κύριος ὁ θεὸς ἡμῶν.
2c022800d3	ἑτέροις τε λόγοις πλείοσιν διεμαρτύρατο καὶ παρεκάλει αὐτοὺς λέγων, Σώθητε ἀπὸ τῆς γενεᾶς τῆς σκολιᾶς ταύτης.
2c022900e1	οἱ μὲν οὖν ἀποδεξάμενοι τὸν λόγον αὐτοῦ ἐβαπτίσθησαν, καὶ προσετέθησαν ἐν τῇ ἡμέρᾳ ἐκείνῃ ψυχαὶ ὡσεὶ τρισχίλιαι·
2c022a00d1	ἦσαν δὲ προσκαρτεροῦντες τῇ διδαχῇ τῶν ἀποστόλων καὶ τῇ κοινωνίᾳ τῇ κλάσει τοῦ ἄρτου καὶ ταῖς προσευχαῖς.
2c022b009d	ἐγίνετο δὲ πάσῃ ψυχῇ φόβος, πολλά τε τέρατα καὶ σημεῖα διὰ τῶν ἀποστόλων ἐγίνετο.
2c022c0081	πάντες δὲ οἱ πιστεύοντες ἦσαν ἐπὶ τὸ αὐτὸ καὶ εἶχον ἅπαντα κοινά,
2c022d00bd	καὶ τὰ κτήματα καὶ τὰς ὑπάρξεις ἐπίπρασκον καὶ διεμέριζον αὐτὰ πᾶσιν καθότι ἄν τις χρείαν εἶχεν·
2c022e0113	καθ᾽ ἡμέραν τε προσκαρτεροῦντες ὁμοθυμαδὸν ἐν τῷ ἱερῷ, κλῶντές τε κατ᾽ οἶκον ἄρτον μετελάμβανον τροφῆς ἐν ἀγαλλιάσει καὶ ἀφελότητι καρδίας,
2c022f00ec	αἰνοῦντες τὸν θεὸν καὶ ἔχοντες χάριν πρὸς ὅλον τὸν λαόν. ὁ δὲ κύριος προσετίθει τοὺς σωζομένους καθ᾽ ἡμέραν ἐπὶ τὸ αὐτό.
2c030100a5	Πέτρος δὲ καὶ Ἰωάνης ἀνέβαινον εἰς τὸ ἱερὸν ἐπὶ τὴν ὥραν τῆς προσευχῆς τὴν ἐνάτην.
2c0302017f	καί τις ἀνὴρ χωλὸς ἐκ κοιλίας μητρὸς αὐτοῦ ὑπάρχων ἐβαστάζετο, ὃν ἐτίθουν καθ᾽ ἡμέραν πρὸς τὴν θύραν τοῦ ἱεροῦ τὴν λεγομένην ὡραίαν, τοῦ αἰτεῖν ἐλεημοσύνην παρὰ τῶν εἰσπορευομένων εἰς τὸ ἱερόν.
2c030300a6	ὃς ἰδὼν Πέτρον καὶ Ἰωάνην μέλλοντας εἰσιέναι εἰς τὸ ἱερὸν ἠρώτα ἐλεημοσύνην λαβεῖν.
2c03040082	ἀτενίσας δὲ Πέτρος εἰς αὐτὸν σὺν τῷ Ἰωάνῃ εἶπεν, Βλέψον εἰς ἡμᾶς.
2c03050068	ὁ δὲ ἐπεῖχεν αὐτοῖς προσδοκῶν τι παρ᾽ αὐτῶν λαβεῖν.
2c0306011d	εἶπεν δὲ Πέτρος, Ἀργύριον καὶ χρυσίον οὐχ ὑπάρχει μοι· ὃ δὲ ἔχω, τοῦτό σοι δίδωμι. ἐν τῷ ὀνόματι Ἰησοῦ χριστοῦ τοῦ Ναζωραίου [ἔγειρε καὶ] περιπάτει.
2c030700d0	καὶ πιάσας αὐτὸν τῆς δεξιᾶς χειρὸς ἤγειρεν αὐτόν. παραχρῆμα δὲ ἐστερεώθησαν αἱ βάσεις αὐτοῦ καὶ τὰ σφυρά,
2c030800eb	καὶ ἐξαλλόμενος ἔστη καὶ περιεπάτει, καὶ εἰσῆλθεν σὺν αὐτοῖς εἰς τὸ ἱερὸν περιπατῶν καὶ ἁλλόμενος καὶ αἰνῶν τὸν θεόν.
2c0309007d	καὶ εἶδεν πᾶς ὁ λαὸς αὐτὸν περιπατοῦντα καὶ αἰνοῦντα τὸν θεόν,
2c030a013e	(ἐπεγίνωσκον δὲ αὐτὸν ὅτι οὗτος ἦν ὁ πρὸς τὴν ἐλεημοσύνην καθήμενος ἐπὶ τῇ ὡραίᾳ πύλῃ τοῦ ἱεροῦ), καὶ ἐπλήσθησαν θάμβους καὶ ἐκστάσεως ἐπὶ τῷ συμβεβηκότι αὐτῷ.
2c030b00f9	κρατοῦντος δὲ αὐτοῦ τὸν Πέτρον καὶ τὸν Ἰωάνην συνέδραμεν πᾶς ὁ λαὸς πρὸς αὐτοὺς ἐπὶ τῇ στοᾷ τῇ καλουμένῃ Σολομῶνος ἔκθαμβοι.
2c030c0148	ἰδὼν δὲ ὁ Πέτρος ἀπεκρίνατο πρὸς τὸν λαόν, Ἄνδρες Ἰσραηλῖται, τί θαυμάζετε ἐπὶ τούτῳ, ἢ ἡμῖν τί ἀτενίζετε ὡς ἰδίᾳ δυνάμει ἢ εὐσεβείᾳ πεποιηκόσιν τοῦ περιπατεῖν αὐτόν;
2c030d0177	ὁ θεὸς Ἀβραὰμ καὶ Ἰσαὰκ καὶ Ἰακώβ, ὁ θεὸς τῶν πατέρων ἡμῶν, ἐδόξασεν τὸν παῖδα αὐτοῦ Ἰησοῦν, ὃν ὑμεῖς μὲν παρεδώκατε καὶ ἠρνήσασθε [αὐτὸν] κατὰ πρόσωπον Πιλάτου, κρίναντος ἐκείνου ἀπολύειν·
2c030e00a5	ὑμεῖς δὲ τὸν ἅγιον καὶ δίκαιον ἠρνήσασθε, καὶ ᾐτήσασθε ἄνδρα φονέα χαρισθῆναι ὑμῖν,
2c030f00b4	τὸν δὲ ἀρχηγὸν τῆς ζωῆς ἀπεκτείνατε· ὃν ὁ θεὸς ἤγειρεν ἐκ νεκρῶν, οὗ ἡμεῖς μάρτυρές ἐσμεν.
2c0310015f	καὶ ἐπὶ τῇ πίστει τοῦ ὀνόματος αὐτοῦ τοῦτον, ὃν θεωρεῖτε καὶ οἴδατε, ἐστερέωσεν τὸ ὄνομα αὐτοῦ, καὶ ἡ πίστις ἡ δι᾽ αὐτοῦ ἔδωκεν αὐτῷ τὴν ὁλοκληρίαν ταύτην ἀπέναντι πάντων ὑμῶν.
2c03110099	καὶ νῦν, ἀδελφοί, οἶδα ὅτι κατὰ ἄγνοιαν ἐπράξατε, ὥσπερ καὶ οἱ ἄρχοντες ὑμῶν·
2c031200c8	ὁ δὲ θεὸς ἃ προκατήγγειλεν διὰ στόματος πάντων τῶν προφητῶν παθεῖν τὸν χριστὸν αὐτοῦ ἐπλήρωσεν οὕτως.
2c0313008d	μετανοήσατε οὖν καὶ ἐπιστρέψατε εἰς τὸ ἐξαλειφθῆναι ὑμῶν τὰς ἁμαρτίας,
2c031400e1	ὅπως ἂν ἔλθωσιν καιροὶ ἀναψύξεως ἀπὸ προσώπου τοῦ κυρίου, καὶ ἀποστείλῃ τὸν προκεχειρισμένον ὑμῖν χριστόν Ἰησοῦν,
2c03150104	ὃν δεῖ οὐρανὸν μὲν δέξασθαι ἄχρι χρόνων ἀποκαταστάσεως πάντων ὧν ἐλάλησεν ὁ θεὸς διὰ στόματος τῶν ἁγίων ἀπ᾽ αἰῶνος αὐτοῦ προφητῶν.
2c03160121	Μωυσῆς μὲν εἶπεν ὅτι προφήτην ὑμῖν ἀναστήσει κύριος ὁ θεὸς ὑμῶν ἐκ τῶν ἀδελφῶν ὑμῶν ὡς ἐμέ· αὐτοῦ ἀκούσεσθε κατὰ πάντα ὅσα ἂν λαλήσῃ πρὸς ὑμᾶς.
2c031700ae	ἔσται δέ, πᾶσα ψυχὴ ἥτις ἂν μὴ ἀκούσῃ τοῦ προφήτου ἐκείνου ἐξολεθρευθήσεται ἐκ τοῦ λαοῦ.
2c031800cb	καὶ πάντες δὲ οἱ προφῆται ἀπὸ Σαμουὴλ καὶ τῶν καθεξῆς ὅσοι ἐλάλησαν, καὶ κατήγγειλαν τὰς ἡμέρας ταύτας.
2c0319015a	ὑμεῖς ἐστε οἱ υἱοὶ τῶν προφητῶν, καὶ τῆς διαθήκης ἧς διέθετο ὁ θεὸς πρὸς τοὺς πατέρας ὑμῶν, λέγων πρὸς Ἀβραάμ, Καὶ ἐν τῷ σπέρματί σου ἐνευλογηθήσονται πᾶσαι αἱ πατριαὶ τῆς γῆς.
2c031a0104	ὑμῖν πρῶτον ὁ θεὸς ἀναστήσας τὸν παῖδα αὐτοῦ ἀπέστειλεν αὐτὸν εὐλογοῦντα ὑμᾶς, ἐν τῷ ἀποστρέφειν ἕκαστον ἀπὸ τῶν πονηριῶν ὑμῶν.
2c040100d5	Λαλούντων δὲ αὐτῶν πρὸς τὸν λαόν, ἐπέστησαν αὐτοῖς οἱ ἱερεῖς καὶ ὁ στρατηγὸς τοῦ ἱεροῦ καὶ οἱ Σαδδουκαῖοι,
2c040200d0	διαπονούμενοι διὰ τὸ διδάσκειν αὐτοὺς τὸν λαὸν καὶ καταγγέλλειν ἐν τῷ Ἰησοῦ τὴν ἀνάστασιν τὴν ἐκ νεκρῶν·
2c040300b0	καὶ ἐπέβαλον αὐτοῖς τὰς χεῖρας καὶ ἔθεντο εἰς τήρησιν εἰς τὴν αὔριον· ἦν γὰρ ἑσπέρα ἤδη.
2c040400c7	πολλοὶ δὲ τῶν ἀκουσάντων τὸν λόγον ἐπίστευσαν· καὶ ἐγενήθη [ὁ] ἀριθμὸς τῶν ἀνδρῶν [ὡς] χιλιάδες πέντε.
2c040500e3	ἐγένετο δὲ ἐπὶ τὴν αὔριον συναχθῆναι αὐτῶν τοὺς ἄρχοντας καὶ τοὺς πρεσβυτέρους καὶ τοὺς γραμματεῖς ἐν Ἱερουσαλήμ,
2c040600c4	καὶ Ἄννας ὁ ἀρχιερεὺς καὶ Καϊάφας καὶ Ἰωάννης καὶ Ἀλέξανδρος καὶ ὅσοι ἦσαν ἐκ γένους ἀρχιερατικοῦ,
2c040700c9	καὶ στήσαντες αὐτοὺς ἐν τῷ μέσῳ ἐπυνθάνοντο, Ἐν ποίᾳ δυνάμει ἢ ἐν ποίῳ ὀνόματι ἐποιήσατε τοῦτο ὑμεῖς;
2c040800af	τότε Πέτρος πλησθεὶς πνεύματος ἁγίου εἶπεν πρὸς αὐτούς, Ἄρχοντες τοῦ λαοῦ καὶ πρεσβύτεροι,
2c040900ac	εἰ ἡμεῖς σήμερον ἀνακρινόμεθα ἐπὶ εὐεργεσίᾳ ἀνθρώπου ἀσθενοῦς, ἐν τίνι οὗτος σέσωσται,
2c040a017e	γνωστὸν ἔστω πᾶσιν ὑμῖν καὶ παντὶ τῷ λαῷ Ἰσραὴλ ὅτι ἐν τῷ ὀνόματι Ἰησοῦ χριστοῦ τοῦ Ναζωραίου, ὃν ὑμεῖς ἐσταυρώσατε, ὃν ὁ θεὸς ἤγειρεν ἐκ νεκρῶν, ἐν τούτῳ οὗτος παρέστηκεν ἐνώπιον ὑμῶν ὑγιής.
2c040b00b3	οὗτός ἐστιν ὁ λίθος ὁ ἐξουθενηθεὶς ὑφ᾽ ὑμῶν τῶν οἰκοδόμων, ὁ γενόμενος εἰς κεφαλὴν γωνίας.
2c040c010d	καὶ οὐκ ἔστιν ἐν ἄλλῳ οὐδενὶ ἡ σωτηρία· οὐδὲ γὰρ ὄνομά ἐστιν ἕτερον ὑπὸ τὸν οὐρανὸν τὸ δεδομένον ἐν ἀνθρώποις, ἐν ᾧ δεῖ σωθῆναι ἡμᾶς.
2c040d014e	θεωροῦντες δὲ τὴν τοῦ Πέτρου παῤῥησίαν καὶ Ἰωάνου, καὶ καταλαβόμενοι ὅτι ἄνθρωποι ἀγράμματοί εἰσιν καὶ ἰδιῶται, ἐθαύμαζον, (ἐπεγίνωσκόν τε αὐτοὺς ὅτι σὺν τῷ Ἰησοῦ ἦσαν),
2c040e00ab	τόν τε ἄνθρωπον βλέποντες σὺν αὐτοῖς ἑστῶτα τὸν τεθεραπευμένον, οὐδὲν εἶχον ἀντειπεῖν.
2c040f0093	κελεύσαντες δὲ αὐτοὺς ἔξω τοῦ συνεδρίου ἀπελθεῖν, συνέβαλλον πρὸς ἀλλήλους
2c0410013f	λέγοντες, Τί ποιήσωμεν τοῖς ἀνθρώποις τούτοις; ὅτι μὲν γὰρ γνωστὸν σημεῖον γέγονεν δι᾽ αὐτῶν, πᾶσιν τοῖς κατοικοῦσιν Ἱερουσαλὴμ φανερόν, καὶ οὐ δυνάμεθα ἀρνεῖσθαι·
2c041100ed	ἀλλ᾽ ἵνα μὴ ἐπὶ πλεῖον διανεμηθῇ εἰς τὸν λαόν, ἀπειλησώμεθα αὐτοῖς μηκέτι λαλεῖν ἐπὶ τῷ ὀνόματι τούτῳ μηδενὶ ἀνθρώπων.
2c041200c4	καὶ καλέσαντες αὐτοὺς παρήγγειλαν τὸ καθόλου μὴ φθέγγεσθαι μηδὲ διδάσκειν ἐπὶ τῷ ὀνόματι τοῦ Ἰησοῦ.
2c041300fe	ὁ δὲ Πέτρος καὶ Ἰωάνης ἀποκριθέντες εἶπαν πρὸς αὐτούς, Εἰ δίκαιόν ἐστιν ἐνώπιον τοῦ θεοῦ ὑμῶν ἀκούειν μᾶλλον ἢ τοῦ θεοῦ, κρίνατε.
2c04140070	οὐ δυνάμεθα γὰρ ἡμεῖς ἃ εἴδαμεν καὶ ἠκούσαμεν μὴ λαλεῖν.
2c04150119	οἱ δὲ προσαπειλησάμενοι ἀπέλυσαν αὐτούς, μηδὲν εὑρίσκοντες τὸ πῶς κολάσωνται αὐτούς, διὰ τὸν λαόν, ὅτι πάντες ἐδόξαζον τὸν θεὸν ἐπὶ τῷ γεγονότι.
2c041600af	ἐτῶν γὰρ ἦν πλειόνων τεσσεράκοντα ὁ ἄνθρωπος ἐφ᾽ ὃν γεγόνει τὸ σημεῖον τοῦτο τῆς ἰάσεως.
2c041700d8	Ἀπολυθέντες δὲ ἦλθον πρὸς τοὺς ἰδίους, καὶ ἀπήγγειλαν ὅσα πρὸς αὐτοὺς οἱ ἀρχιερεῖς καὶ οἱ πρεσβύτεροι εἶπαν.
2c0418012a	οἱ δὲ ἀκούσαντες, ὁμοθυμαδὸν ἦραν φωνὴν πρὸς τὸν θεὸν καὶ εἶπαν, Δέσποτα, σὺ ὁ ποιήσας τὸν οὐρανὸν καὶ τὴν γῆν καὶ τὴν θάλασσαν καὶ πάντα τὰ ἐν αὐτοῖς,
2c041900e6	ὁ τοῦ πατρὸς ἡμῶν διὰ πνεύματος ἁγίου στόματος Δαυεὶδ παιδός σου εἰπών, Ἵνα τί ἐφρύαξαν ἔθνη καὶ λαοὶ ἐμελέτησαν κενά;
2c041a00e4	παρέστησαν οἱ βασιλεῖς τῆς γῆς, καὶ οἱ ἄρχοντες συνήχθησαν ἐπὶ τὸ αὐτὸ κατὰ τοῦ κυρίου, καὶ κατὰ τοῦ χριστοῦ αὐτοῦ.
2c041b0128	Συνήχθησαν γὰρ ἐπ᾽ ἀληθείας ἐν τῇ πόλει ταύτῃ ἐπὶ τὸν ἅγιον παῖδά σου, Ἰησοῦν, ὃν ἔχρισας, Ἡρώδης τε καὶ Πόντιος Πιλᾶτος, σὺν ἔθνεσιν καὶ λαοῖς Ἰσραήλ,
2c041c0070	ποιῆσαι ὅσα ἡ χείρ σου καὶ ἡ βουλή [σου] προώρισεν γενέσθαι.
2c041d00e1	καὶ τὰ νῦν, κύριε, ἔπιδε ἐπὶ τὰς ἀπειλὰς αὐτῶν, καὶ δὸς τοῖς δούλοις σου μετὰ παῤῥησίας πάσης λαλεῖν τὸν λόγον σου,
2c041e00e0	ἐν τῷ τὴν χεῖρα ἐκτείνειν σε εἰς ἴασιν καὶ σημεῖα καὶ τέρατα γίνεσθαι διὰ τοῦ ὀνόματος τοῦ ἁγίου παιδός σου Ἰησοῦ.
2c041f0125	καὶ δεηθέντων αὐτῶν ἐσαλεύθη ὁ τόπος ἐν ᾧ ἦσαν συνηγμένοι, καὶ ἐπλήσθησαν ἅπαντες τοῦ ἁγίου πνεύματος, καὶ ἐλάλουν τὸν λόγον τοῦ θεοῦ μετὰ παῤῥησίας.
2c04200115	Τοῦ δὲ πλήθους τῶν πιστευσάντων ἦν καρδία καὶ ψυχὴ μία· καὶ οὐδὲ εἷς τι τῶν ὑπαρχόντων αὐτῷ ἔλεγεν ἴδιον εἶναι, ἀλλ᾽ ἦν αὐτοῖς ἅπαντα κοινά.
2c042100f4	καὶ δυνάμει μεγάλῃ ἀπεδίδουν τὸ μαρτύριον οἱ ἀπόστολοι τῆς ἀναστάσεως τοῦ κυρίου Ἰησοῦ, χάρις τε μεγάλη ἦν ἐπὶ πάντας αὐτούς.
2c042200f2	οὐδὲ γὰρ ἐνδεής τις ἦν ἐν αὐτοῖς· ὅσοι γὰρ κτήτορες χωρίων ἢ οἰκιῶν ὑπῆρχον, πωλοῦντες ἔφερον τὰς τιμὰς τῶν πιπρασκομένων
2c042300af	καὶ ἐτίθουν παρὰ τοὺς πόδας τῶν ἀποστόλων, διεδίδετο δὲ ἑκάστῳ καθότι ἄν τις χρείαν εἶχεν.
2c042400ea	Ἰωσὴφ δὲ ὁ ἐπικληθεὶς Βαρνάβας ἀπὸ τῶν ἀποστόλων, ὅ ἐστιν μεθερμηνευόμενον, υἱὸς παρακλήσεως, Λευΐτης, Κύπριος τῷ γένει,
2c042500b1	ὑπάρχοντος αὐτῷ ἀγροῦ, πωλήσας ἤνεγκεν τὸ χρῆμα καὶ ἔθηκεν παρὰ τοὺς πόδας τῶν ἀποστόλων.
2c05010092	Ἀνὴρ δέ τις Ἀνανίας ὀνόματι σὺν Σαπφείρᾳ τῇ γυναικὶ αὐτοῦ ἐπώλησεν κτῆμα,
2c050200e4	καὶ ἐνοσφίσατο ἀπὸ τῆς τιμῆς, συνειδυίης καὶ τῆς γυναικός, καὶ ἐνέγκας μέρος τι παρὰ τοὺς πόδας τῶν ἀποστόλων ἔθηκεν.
2c05030116	εἶπεν δὲ ὁ Πέτρος, Ἀνανία, διὰ τί ἐπλήρωσεν ὁ σατανᾶς τὴν καρδίαν σου, ψεύσασθαί σε τὸ πνεῦμα τὸ ἅγιον καὶ νοσφίσασθαι ἀπὸ τῆς τιμῆς τοῦ χωρίου;
2c05040114	οὐχὶ μένον σοὶ ἔμενεν καὶ πραθὲν ἐν τῇ σῇ ἐξουσίᾳ ὑπῆρχεν; τί ὅτι ἔθου ἐν τῇ καρδίᾳ σου τὸ πρᾶγμα τοῦτο; οὐκ ἐψεύσω ἀνθρώποις, ἀλλὰ τῷ θεῷ.
2c050500d0	ἀκούων δὲ ὁ Ἀνανίας τοὺς λόγους τούτους πεσὼν ἐξέψυξεν. καὶ ἐγένετο φόβος μέγας ἐπὶ πάντας τοὺς ἀκούοντας·
2c05060087	ἀναστάντες δὲ οἱ νεώτεροι συνέστειλαν αὐτὸν καὶ ἐξενέγκαντες ἔθαψαν.
2c050700a6	ἐγένετο δὲ ὡς ὡρῶν τριῶν διάστημα, καὶ ἡ γυνὴ αὐτοῦ μὴ εἰδυῖα τὸ γεγονὸς εἰσῆλθεν.
2c050800bc	ἀπεκρίθη δὲ πρὸς αὐτὴν Πέτρος, Εἰπέ μοι, εἰ τοσούτου τὸ χωρίον ἀπέδοσθε; ἡ δὲ εἶπεν, Ναὶ τοσούτου.
2c0509011b	ὁ δὲ Πέτρος πρὸς αὐτήν, Τί ὅτι συνεφωνήθη ὑμῖν πειράσαι τὸ πνεῦμα κυρίου; ἰδοὺ οἱ πόδες τῶν θαψάντων τὸν ἄνδρα σου ἐπὶ τῇ θύρᾳ, καὶ ἐξοίσουσίν σε.
2c050a012a	ἔπεσεν δὲ παραχρῆμα πρὸς τοὺς πόδας αὐτοῦ καὶ ἐξέψυξεν· εἰσελθόντες δὲ οἱ νεανίσκοι εὗραν αὐτὴν νεκράν, καὶ ἐξενέγκαντες ἔθαψαν πρὸς τὸν ἄνδρα αὐτῆς·
2c050b00a5	καὶ ἐγένετο φόβος μέγας ἐφ᾽ ὅλην τὴν ἐκκλησίαν καὶ ἐπὶ πάντας τοὺς ἀκούοντας ταῦτα.
2c050c00f6	Διὰ δὲ τῶν χειρῶν τῶν ἀποστόλων ἐγίνετο σημεῖα καὶ τέρατα πολλὰ ἐν τῷ λαῷ· καὶ ἦσαν ὁμοθυμαδὸν πάντες ἐν τῇ στοᾷ Σολομῶνος·
2c050d009a	τῶν δὲ λοιπῶν οὐδεὶς ἐτόλμα κολλᾶσθαι αὐτοῖς, ἀλλ᾽ ἐμεγάλυνεν αὐτοὺς ὁ λαός,
2c050e0092	(μᾶλλον δὲ προσετίθεντο πιστεύοντες τῷ κυρίῳ, πλήθη ἀνδρῶν τε καὶ γυναικῶν),
2c050f011d	ὥστε καὶ εἰς τὰς πλατείας ἐκφέρειν τοὺς ἀσθενεῖς καὶ τιθέναι ἐπὶ κλιναρίων καὶ κραβάττων, ἵνα ἐρχομένου Πέτρου κἂν ἡ σκιὰ ἐπισκιάσει τινὶ αὐτῶν.
2c0510011b	συνήρχετο δὲ καὶ τὸ πλῆθος τῶν πέριξ πόλεων Ἱερουσαλήμ, φέροντες ἀσθενεῖς καὶ ὀχλουμένους ὑπὸ πνευμάτων ἀκαθάρτων, οἵτινες ἐθεραπεύοντο ἅπαντες.
2c051100bd	Ἀναστὰς δὲ ὁ ἀρχιερεὺς καὶ πάντες οἱ σὺν αὐτῷ, ἡ οὖσα αἵρεσις τῶν Σαδδουκαίων, ἐπλήσθησαν ζήλου
2c051200a4	καὶ ἐπέβαλον τὰς χεῖρας ἐπὶ τοὺς ἀποστόλους, καὶ ἔθεντο αὐτοὺς ἐν τηρήσει δημοσίᾳ.
2c051300a7	ἄγγελος δὲ κυρίου διὰ νυκτὸς ἤνοιξεν τὰς θύρας τῆς φυλακῆς, ἐξαγαγών τε αὐτοὺς εἶπεν,
2c051400a1	Πορεύεσθε καὶ σταθέντες λαλεῖτε ἐν τῷ ἱερῷ τῷ λαῷ πάντα τὰ ῥήματα τῆς ζωῆς ταύτης.
2c051501c5	ἀκούσαντες δὲ εἰσῆλθον ὑπὸ τὸν ὄρθρον εἰς τὸ ἱερόν, καὶ ἐδίδασκον. παραγενόμενος δὲ ὁ ἀρχιερεὺς καὶ οἱ σὺν αὐτῷ συνεκάλεσαν τὸ συνέδριον καὶ πᾶσαν τὴν γερουσίαν τῶν υἱῶν Ἰσραήλ, καὶ ἀπέστειλαν εἰς τὸ δεσμωτήριον, ἀχθῆναι αὐτούς.
2c051600ae	οἱ δὲ παραγενόμενοι ὑπηρέται οὐχ εὗρον αὐτοὺς ἐν τῇ φυλακῇ, ἀναστρέψαντες δὲ ἀπήγγειλαν
2c05170116	λέγοντες ὅτι Τὸ δεσμωτήριον εὕρομεν κεκλεισμένον ἐν πάσῃ ἀσφαλείᾳ, καὶ τοὺς φύλακας ἑστῶτας ἐπὶ τῶν θυρῶν, ἀνοίξαντες δὲ ἔσω οὐδένα εὕρομεν·
2c051800e9	ὡς δὲ ἤκουσαν τοὺς λόγους τούτους ὅ τε στρατηγὸς τοῦ ἱεροῦ καὶ οἱ ἀρχιερεῖς, διηπόρουν περὶ αὐτῶν, τί ἂν γένοιτο τοῦτο.
2c05190109	παραγενόμενος δέ τις ἀπήγγειλεν αὐτοῖς ὅτι Ἰδοὺ οἱ ἄνδρες οὓς ἔθεσθε ἐν τῇ φυλακῇ, εἰσὶν ἐν τῷ ἱερῷ ἑστῶτες καὶ διδάσκοντες τὸν λαόν.
2c051a00dd	τότε ἀπελθὼν ὁ στρατηγὸς σὺν τοῖς ὑπηρέταις, ἤγαγεν αὐτοὺς οὐ μετὰ βίας, (ἐφοβοῦντο γὰρ τὸν λαόν, μὴ λιθασθῶσιν),
2c051b009d	ἀγαγόντες δὲ αὐτοὺς ἔστησαν ἐν τῷ συνεδρίῳ. καὶ ἐπηρώτησεν αὐτοὺς ὁ ἀρχιερεὺς
2c051c0173	λέγων, Παραγγελίᾳ παρηγγείλαμεν ὑμῖν μὴ διδάσκειν ἐπὶ τῷ ὀνόματι τούτῳ, καὶ ἰδοὺ πεπληρώκατε τὴν Ἱερουσαλὴμ τῆς διδαχῆς ὑμῶν, καὶ βούλεσθε ἐπαγαγεῖν ἐφ᾽ ἡμᾶς τὸ αἷμα τοῦ ἀνθρώπου τούτου.
2c051d00a5	ἀποκριθεὶς δὲ Πέτρος καὶ οἱ ἀπόστολοι εἶπαν, Πειθαρχεῖν δεῖ θεῷ μᾶλλον ἢ ἀνθρώποις.
2c051e00aa	ὁ θεὸς τῶν πατέρων ἡμῶν ἤγειρεν Ἰησοῦν, ὃν ὑμεῖς διεχειρίσασθε κρεμάσαντες ἐπὶ ξύλου·
2c051f00d0	τοῦτον ὁ θεὸς ἀρχηγὸν καὶ σωτῆρα ὕψωσεν τῇ δεξιᾷ αὐτοῦ, δοῦναι μετάνοιαν τῷ Ἰσραὴλ καὶ ἄφεσιν ἁμαρτιῶν.
2c052000d5	καὶ ἡμεῖς ἐσμεν μάρτυρες τῶν ῥημάτων τούτων, καὶ τὸ πνεῦμα τὸ ἅγιον ὃ ἔδωκεν ὁ θεὸς τοῖς πειθαρχοῦσιν αὐτῷ.
2c05210073	οἱ δὲ ἀκούσαντες διεπρίοντο, καὶ ἐβούλοντο ἀνελεῖν αὐτούς.
2c0522010c	ἀναστὰς δέ τις ἐν τῷ συνεδρίῳ Φαρισαῖος ὀνόματι Γαμαλιήλ, νομοδιδάσκαλος τίμιος παντὶ τῷ λαῷ, ἐκέλευσεν ἔξω βραχὺ τοὺς ἀνθρώπους ποιῆσαι,
2c052300cf	εἶπέν τε πρὸς αὐτούς, Ἄνδρες Ἰσραηλῖται, προσέχετε ἑαυτοῖς ἐπὶ τοῖς ἀνθρώποις τούτοις τί μέλλετε πράσσειν.
2c05240170	πρὸ γὰρ τούτων τῶν ἡμερῶν ἀνέστη Θευδᾶς λέγων εἶναί τινα ἑαυτόν, ᾧ προσεκλίθη ἀνδρῶν ἀριθμὸς ὡς τετρακοσίων· ὃς ἀνῃρέθη, καὶ πάντες ὅσοι ἐπείθοντο αὐτῷ διελύθησαν καὶ ἐγένοντο εἰς οὐδέν.
2c0525014c	μετὰ τοῦτον ἀνέστη Ἰούδας ὁ Γαλιλαῖος ἐν ταῖς ἡμέραις τῆς ἀπογραφῆς, καὶ ἀπέστησεν λαὸν ὀπίσω αὐτοῦ· κἀκεῖνος ἀπώλετο, καὶ πάντες ὅσοι ἐπείθοντο αὐτῷ διεσκορπίσθησαν.
2c05260117	καὶ τὰ νῦν λέγω ὑμῖν, ἀπόστητε ἀπὸ τῶν ἀνθρώπων τούτων καὶ ἄφετε αὐτούς, (ὅτι ἐὰν ᾖ ἐξ ἀνθρώπων ἡ βουλὴ αὕτη ἢ τὸ ἔργον τοῦτο, καταλυθήσεται·
2c052700c8	εἰ δὲ ἐκ θεοῦ ἐστιν, οὐ δυνήσεσθε καταλῦσαι αὐτούς), μή ποτε καὶ θεομάχοι εὑρεθῆτε. ἐπείσθησαν δὲ αὐτῷ,
2c052800d4	καὶ προσκαλεσάμενοι τοὺς ἀποστόλους δείραντες παρήγγειλαν μὴ λαλεῖν ἐπὶ τῷ ὀνόματι τοῦ Ἰησοῦ, καὶ ἀπέλυσαν.
2c052900d5	οἱ μὲν οὖν ἐπορεύοντο χαίροντες ἀπὸ προσώπου τοῦ συνεδρίου, ὅτι κατηξιώθησαν ὑπὲρ τοῦ ὀνόματος ἀτιμασθῆναι·
2c052a00d4	πᾶσάν τε ἡμέραν ἐν τῷ ἱερῷ καὶ κατ᾽ οἶκον οὐκ ἐπαύοντο διδάσκοντες καὶ εὐαγγελιζόμενοι τὸν χριστὸν Ἰησοῦν.
2c0601014b	Ἐν δὲ ταῖς ἡμέραις ταύταις πληθυνόντων τῶν μαθητῶν ἐγένετο γογγυσμὸς τῶν Ἑλληνιστῶν πρὸς τοὺς Ἑβραίους, ὅτι παρεθεωροῦντο ἐν τῇ διακονίᾳ τῇ καθημερινῇ αἱ χῆραι αὐτῶν.
2c06020107	προσκαλεσάμενοι δὲ οἱ δώδεκα τὸ πλῆθος τῶν μαθητῶν εἶπαν, Οὐκ ἀρεστόν ἐστιν ἡμᾶς καταλείψαντας τὸν λόγον τοῦ θεοῦ διακονεῖν τραπέζαις.
2c060300fe	ἐπισκέψασθε οὖν, ἀδελφοί, ἄνδρας ἐξ ὑμῶν μαρτυρουμένους ἑπτὰ πλήρεις πνεύματος καὶ σοφίας, οὓς καταστήσομεν ἐπὶ τῆς χρείας ταύτης·
2c0604007f	ἡμεῖς δὲ τῇ προσευχῇ καὶ τῇ διακονίᾳ τοῦ λόγου προσκαρτερήσομεν.
2c06050196	καὶ ἤρεσεν ὁ λόγος ἐνώπιον παντὸς τοῦ πλήθους, καὶ ἐξελέξαντο Στέφανον, ἄνδρα πλήρη πίστεως καὶ πνεύματος ἁγίου, καὶ Φίλιππον, καὶ Πρόχορον καὶ Νικάνορα, καὶ Τίμωνα καὶ Παρμενᾶν, καὶ Νικόλαον προσήλυτον Ἀντιοχέα,
2c0606009f	οὓς ἔστησαν ἐνώπιον τῶν ἀποστόλων, καὶ προσευξάμενοι ἐπέθηκαν αὐτοῖς τὰς χεῖρας.
2c06070107	καὶ ὁ λόγος τοῦ θεοῦ ηὔξανεν, καὶ ἐπληθύνετο ὁ ἀριθμὸς τῶν μαθητῶν ἐν Ἱερουσαλὴμ σφόδρα, πολύς τε ὄχλος τῶν ἱερέων ὑπήκουον τῇ πίστει.
2c0608009e	Στέφανος δὲ πλήρης χάριτος καὶ δυνάμεως ἐποίει τέρατα καὶ σημεῖα μεγάλα ἐν τῷ λαῷ.
2c06090129	ἀνέστησαν δέ τινες τῶν ἐκ τῆς συναγωγῆς τῆς λεγομένης Λιβερτίνων καὶ Κυρηναίων καὶ Ἀλεξανδρέων καὶ τῶν ἀπὸ Κιλικίας καὶ Ἀσίας, συνζητοῦντες τῷ Στεφάνῳ·
2c060a0078	καὶ οὐκ ἴσχυον ἀντιστῆναι τῇ σοφίᾳ καὶ τῷ πνεύματι ᾧ ἐλάλει.
2c060b00c6	τότε ὑπέβαλον ἄνδρας λέγοντας ὅτι Ἀκηκόαμεν αὐτοῦ λαλοῦντος ῥήματα βλάσφημα εἰς Μωυσῆν καὶ τὸν θεόν·
2c060c00f9	συνεκίνησάν τε τὸν λαὸν καὶ τοὺς πρεσβυτέρους καὶ τοὺς γραμματεῖς, καὶ ἐπιστάντες συνήρπασαν αὐτὸν καὶ ἤγαγον εἰς τὸ συνέδριον,
2c060d00e6	ἔστησάν τε μάρτυρας ψευδεῖς λέγοντας, Ὁ ἄνθρωπος οὗτος οὐ παύεται λαλῶν ῥήματα κατὰ τοῦ τόπου τοῦ ἁγίου καὶ τοῦ νόμου·
2c060e0100	ἀκηκόαμεν γὰρ αὐτοῦ λέγοντος ὅτι Ἰησοῦς ὁ Ναζωραῖος οὗτος καταλύσει τὸν τόπον τοῦτον, καὶ ἀλλάξει τὰ ἔθη ἃ παρέδωκεν ἡμῖν Μωυσῆς.
2c060f00da	καὶ ἀτενίσαντες εἰς αὐτὸν πάντες οἱ καθεζόμενοι ἐν τῷ συνεδρίῳ, εἶδαν τὸ πρόσωπον αὐτοῦ ὡσεὶ πρόσωπον ἀγγέλου.
2c07010053	Εἶπεν δὲ ὁ ἀρχιερεύς, Εἰ ταῦτα οὕτως ἔχει;
2c07020128	ὁ δὲ ἔφη, Ἄνδρες ἀδελφοὶ καὶ πατέρες, ἀκούσατε. ὁ θεὸς τῆς δόξης ὤφθη τῷ πατρὶ ἡμῶν Ἀβραὰμ ὄντι ἐν τῇ Μεσοποταμίᾳ πρὶν ἢ κατοικῆσαι αὐτὸν ἐν Χαῤῥάν,
2c070300cd	καὶ εἶπεν πρὸς αὐτόν, Ἔξελθε ἐκ τῆς γῆς σου καὶ τῆς συγγενείας σου, καὶ δεῦρο εἰς τὴν γῆν ἣν ἄν σοι δείξω.
2c0704013d	τότε ἐξελθὼν ἐκ γῆς Χαλδαίων κατῴκησεν ἐν Χαῤῥάν· κἀκεῖθεν μετὰ τὸ ἀποθανεῖν τὸν πατέρα αὐτοῦ μετῴκισεν αὐτὸν εἰς τὴν γῆν ταύτην εἰς ἣν ὑμεῖς νῦν κατοικεῖτε,
2c07050144	καὶ οὐκ ἔδωκεν αὐτῷ κληρονομίαν ἐν αὐτῇ οὐδὲ βῆμα ποδός, καὶ ἐπηγγείλατο δοῦναι αὐτῷ εἰς κατάσχεσιν αὐτὴν καὶ τῷ σπέρματι αὐτοῦ μετ᾽ αὐτόν, οὐκ ὄντος αὐτῷ τέκνου.
2c070600fb	ἐλάλησεν δὲ οὕτως ὁ θεός, ὅτι ἔσται τὸ σπέρμα αὐτοῦ πάροικον ἐν γῇ ἀλλοτρίᾳ, καὶ δουλώσουσιν αὐτὸ καὶ κακώσουσιν ἔτη τετρακόσια.
2c070700f1	καὶ τὸ ἔθνος, ᾧ ἂν δουλεύσουσιν, κρινῶ ἐγώ, ὁ θεὸς εἶπεν, καὶ μετὰ ταῦτα ἐξελεύσονται καὶ λατρεύσουσίν μοι ἐν τῷ τόπῳ τούτῳ.
2c07080141	καὶ ἔδωκεν αὐτῷ διαθήκην περιτομῆς· καὶ οὕτως ἐγέννησεν τὸν Ἰσαὰκ καὶ περιέτεμεν αὐτὸν τῇ ἡμέρᾳ τῇ ὀγδόῃ, καὶ Ἰσαὰκ τὸν Ἰακώβ, καὶ Ἰακὼβ τοὺς δώδεκα πατριάρχας.
2c070900ae	καὶ οἱ πατριάρχαι ζηλώσαντες τὸν Ἰωσὴφ ἀπέδοντο εἰς Αἴγυπτον· καὶ ἦν ὁ θεὸς μετ᾽ αὐτοῦ,
2c070a016d	καὶ ἐξείλατο αὐτὸν ἐκ πασῶν τῶν θλίψεων αὐτοῦ, καὶ ἔδωκεν αὐτῷ χάριν καὶ σοφίαν ἐναντίον Φαραὼ βασιλέως Αἰγύπτου, καὶ κατέστησεν αὐτὸν ἡγούμενον ἐπ᾽ Αἴγυπτον καὶ ὅλον τὸν οἶκον αὐτοῦ.
2c070b00dc	ἦλθεν δὲ λιμὸς ἐφ᾽ ὅλην τὴν Αἴγυπτον καὶ Χαναὰν καὶ θλῖψις μεγάλη, καὶ οὐχ ηὕρισκον χορτάσματα οἱ πατέρες ἡμῶν.
2c070c009e	ἀκούσας δὲ Ἰακὼβ ὄντα σιτία εἰς Αἴγυπτον ἐξαπέστειλεν τοὺς πατέρας ἡμῶν πρῶτον,
2c070d00c7	καὶ ἐν τῷ δευτέρῳ ἐγνωρίσθη Ἰωσὴφ τοῖς ἀδελφοῖς αὐτοῦ, καὶ φανερὸν ἐγένετο τῷ Φαραὼ τὸ γένος Ἰωσήφ.
2c070e00da	ἀποστείλας δὲ Ἰωσὴφ μετεκαλέσατο Ἰακὼβ τὸν πατέρα αὐτοῦ καὶ πᾶσαν τὴν συγγένειαν, ἐν ψυχαῖς ἑβδομήκοντα πέντε.
2c070f0092	καὶ κατέβη Ἰακὼβ εἰς Αἴγυπτον, καὶ ἐτελεύτησεν αὐτὸς καὶ οἱ πατέρες ἡμῶν,
2c071000e5	καὶ μετετέθησαν εἰς Συχὲμ καὶ ἐτέθησαν ἐν τῷ μνήματι ᾧ ὠνήσατο Ἀβραὰμ τιμῆς ἀργυρίου, παρὰ τῶν υἱῶν Ἐμμὼρ ἐν Συχέμ.
2c071100e1	καθὼς δὲ ἤγγιζεν ὁ χρόνος τῆς ἐπαγγελίας ἧς ὡμολόγησεν ὁ θεὸς τῷ Ἀβραάμ, ηὔξησεν ὁ λαὸς καὶ ἐπληθύνθη ἐν Αἰγύπτῳ,
2c07120086	ἄχρι οὗ ἀνέστη βασιλεὺς ἕτερος ἐπ᾽ Αἴγυπτον, ὃς οὐκ ᾔδει τὸν Ἰωσήφ.
2c071300e3	οὗτος κατασοφισάμενος τὸ γένος ἡμῶν ἐκάκωσεν τοὺς πατέρας τοῦ ποιεῖν τὰ βρέφη ἔκθετα αὐτῶν, εἰς τὸ μὴ ζωογονεῖσθαι.
2c071400c3	ἐν ᾧ καιρῷ ἐγεννήθη Μωυσῆς, καὶ ἦν ἀστεῖος τῷ θεῷ· ὃς ἀνετράφη μῆνας τρεῖς ἐν τῷ οἴκῳ τοῦ πατρός·
2c071500b2	ἐκτεθέντος δὲ αὐτοῦ, ἀνείλατο αὐτὸν ἡ θυγάτηρ Φαραὼ καὶ ἀνεθρέψατο αὐτὸν ἑαυτῇ εἰς υἱόν.
2c071600ae	καὶ ἐπαιδεύθη Μωυσῆς ἐν πάσῃ σοφίᾳ Αἰγυπτίων· ἦν δὲ δυνατὸς ἐν λόγοις καὶ ἔργοις αὐτοῦ.
2c071700fe	ὡς δὲ ἐπληροῦτο αὐτῷ τεσσερακονταετὴς χρόνος, ἀνέβη ἐπὶ τὴν καρδίαν αὐτοῦ ἐπισκέψασθαι τοὺς ἀδελφοὺς αὐτοῦ τοὺς υἱοὺς Ἰσραήλ.
2c071800bf	καὶ ἰδών τινα ἀδικούμενον ἠμύνατο καὶ ἐποίησεν ἐκδίκησιν τῷ καταπονουμένῳ, πατάξας τὸν Αἰγύπτιον.
2c071900d2	ἐνόμιζεν δὲ συνιέναι τοὺς ἀδελφοὺς ὅτι ὁ θεὸς διὰ χειρὸς αὐτοῦ δίδωσιν σωτηρίαν αὐτοῖς· οἱ δὲ οὐ συνῆκαν.
2c071a0108	τῇ τε ἐπιούσῃ ἡμέρᾳ ὤφθη αὐτοῖς μαχομένοις, καὶ συνήλλασσεν αὐτοὺς εἰς εἰρήνην εἰπών, Ἄνδρες, ἀδελφοί ἐστε· ἵνα τί ἀδικεῖτε ἀλλήλους;
2c071b00b9	ὁ δὲ ἀδικῶν τὸν πλησίον ἀπώσατο αὐτὸν εἰπών, Τίς σε κατέστησεν ἄρχοντα καὶ δικαστὴν ἐφ᾽ ἡμῶν;
2c071c007c	μὴ ἀνελεῖν με σὺ θέλεις ὃν τρόπον ἀνεῖλες ἐχθὲς τὸν Αἰγύπτιον;
2c071d00b6	ἔφυγεν δὲ Μωυσῆς ἐν τῷ λόγῳ τούτῳ, καὶ ἐγένετο πάροικος ἐν γῇ Μαδιάμ, οὗ ἐγέννησεν υἱοὺς δύο.
2c071e00c8	καὶ πληρωθέντων ἐτῶν τεσσεράκοντα ὤφθη αὐτῷ ἐν τῇ ἐρήμῳ τοῦ ὄρους Σινᾶ ἄγγελος ἐν φλογὶ πυρὸς βάτου.
2c071f00b7	ὁ δὲ Μωυσῆς ἰδὼν ἐθαύμασεν τὸ ὅραμα· προσερχομένου δὲ αὐτοῦ κατανοῆσαι, ἐγένετο φωνὴ κυρίου,
2c072000e2	Ἐγὼ ὁ θεὸς τῶν πατέρων σου, ὁ θεὸς Ἀβραὰμ καὶ Ἰσαὰκ καὶ Ἰακώβ. ἔντρομος δὲ γενόμενος Μωυσῆς οὐκ ἐτόλμα κατανοῆσαι.
2c072100be	εἶπεν δὲ αὐτῷ ὁ κύριος, Λῦσον τὸ ὑπόδημα τῶν ποδῶν σου· ὁ γὰρ τόπος ἐφ᾽ ᾧ ἕστηκας γῆ ἁγία ἐστίν.
2c07220132	ἰδὼν εἶδον τὴν κάκωσιν τοῦ λαοῦ μου τοῦ ἐν Αἰγύπτῳ, καὶ τοῦ στεναγμοῦ αὐτοῦ ἤκουσα· καὶ κατέβην ἐξελέσθαι αὐτούς· καὶ νῦν δεῦρο ἀποστείλω σε εἰς Αἴγυπτον.
2c07230161	τοῦτον τὸν Μωυσῆν ὃν ἠρνήσαντο εἰπόντες, Τίς σε κατέστησεν ἄρχοντα καὶ δικαστήν; τοῦτον ὁ θεὸς [καὶ] ἄρχοντα καὶ λυτρωτὴν ἀπέσταλκεν σὺν χειρὶ ἀγγέλου τοῦ ὀφθέντος αὐτῷ ἐν τῇ βάτῳ.
2c072400eb	οὗτος ἐξήγαγεν αὐτοὺς ποιήσας τέρατα καὶ σημεῖα ἐν τῇ Αἰγύπτῳ καὶ ἐν ἐρυθρᾷ θαλάσσῃ καὶ ἐν τῇ ἐρήμῳ ἔτη τεσσεράκοντα.
2c072500d6	οὗτός ἐστιν ὁ Μωυσῆς ὁ εἴπας τοῖς υἱοῖς Ἰσραήλ, Προφήτην ὑμῖν ἀναστήσει ὁ θεὸς ἐκ τῶν ἀδελφῶν ὑμῶν ὡς ἐμέ.
2c07260142	οὗτός ἐστιν ὁ γενόμενος ἐν τῇ ἐκκλησίᾳ ἐν τῇ ἐρήμῳ μετὰ τοῦ ἀγγέλου τοῦ λαλοῦντος αὐτῷ ἐν τῷ ὄρει Σινᾶ καὶ τῶν πατέρων ἡμῶν, ὃς ἐδέξατο λόγια ζῶντα δοῦναι ἡμῖν·
2c072700e3	ᾧ οὐκ ἠθέλησαν ὑπήκοοι γενέσθαι οἱ πατέρες ἡμῶν, ἀλλὰ ἀπώσαντο καὶ ἐστράφησαν ἐν ταῖς καρδίαις αὐτῶν εἰς Αἴγυπτον,
2c0728011e	εἰπόντες τῷ Ἀαρών, Ποίησον ἡμῖν θεοὺς οἳ προπορεύσονται ἡμῶν· ὁ γὰρ Μωυσῆς οὗτος, ὃς ἐξήγαγεν ἡμᾶς ἐκ γῆς Αἰγύπτου, οὐκ οἴδαμεν τί ἐγένετο αὐτῷ.
2c072900f4	καὶ ἐμοσχοποίησαν ἐν ταῖς ἡμέραις ἐκείναις καὶ ἀνήγαγον θυσίαν τῷ εἰδώλῳ, καὶ εὐφραίνοντο ἐν τοῖς ἔργοις τῶν χειρῶν αὐτῶν.
2c072a017c	ἔστρεψεν δὲ ὁ θεὸς καὶ παρέδωκεν αὐτοὺς λατρεύειν τῇ στρατιᾷ τοῦ οὐρανοῦ, καθὼς γέγραπται ἐν βίβλῳ τῶν προφητῶν, Μὴ σφάγια καὶ θυσίας προσηνέγκατέ μοι ἔτη τεσσεράκοντα ἐν τῇ ἐρήμῳ, οἶκος Ἰσραήλ;
2c072b0126	καὶ ἀνελάβετε τὴν σκηνὴν τοῦ Μολὸχ καὶ τὸ ἄστρον τοῦ θεοῦ Ῥεφάν, τοὺς τύπους οὓς ἐποιήσατε προσκυνεῖν αὐτοῖς· καὶ μετοικιῶ ὑμᾶς ἐπέκεινα Βαβυλῶνος.
2c072c0103	ἡ σκηνὴ τοῦ μαρτυρίου ἦν τοῖς πατράσιν ἡμῶν ἐν τῇ ἐρήμῳ, καθὼς διετάξατο ὁ λαλῶν τῷ Μωυσῇ ποιῆσαι αὐτὴν κατὰ τὸν τύπον ὃν ἑωράκει·
2c072d0136	ἣν καὶ εἰσήγαγον διαδεξάμενοι οἱ πατέρες ἡμῶν μετὰ Ἰησοῦ ἐν τῇ κατασχέσει τῶν ἐθνῶν, ὧν ἐξῶσεν ὁ θεὸς ἀπὸ προσώπου τῶν πατέρων ἡμῶν, ἕως τῶν ἡμερῶν Δαυείδ·
2c072e0090	ὃς εὗρεν χάριν ἐνώπιον τοῦ θεοῦ, καὶ ᾐτήσατο εὑρεῖν σκήνωμα τῷ θεῷ Ἰακώβ.
2c072f0045	Σολομῶν δὲ οἰκοδόμησεν αὐτῷ οἶκον.
2c07300087	ἀλλ᾽ οὐχ ὁ ὕψιστος ἐν χειροποιήτοις κατοικεῖ, καθὼς ὁ προφήτης λέγει,
2c073100f9	Ὁ οὐρανός μοι θρόνος, ἡ δὲ γῆ ὑποπόδιον τῶν ποδῶν μου· ποῖον οἶκον οἰκοδομήσετέ μοι; λέγει κύριος, ἢ τίς τόπος τῆς καταπαύσεώς μου;
2c07320048	οὐχὶ ἡ χείρ μου ἐποίησεν ταῦτα πάντα;
2c073300fe	Σκληροτράχηλοι καὶ ἀπερίτμητοι καρδίαις καὶ τοῖς ὠσίν, ὑμεῖς ἀεὶ τῷ πνεύματι τῷ ἁγίῳ ἀντιπίπτετε, ὡς οἱ πατέρες ὑμῶν καὶ ὑμεῖς·
2c07340138	τίνα τῶν προφητῶν οὐκ ἐδίωξαν οἱ πατέρες ὑμῶν; καὶ ἀπέκτειναν τοὺς προκαταγγείλαντας περὶ τῆς ἐλεύσεως τοῦ δικαίου, οὗ νῦν ὑμεῖς προδόται καὶ φονεῖς ἐγένεσθε·
2c07350081	οἵτινες ἐλάβετε τὸν νόμον εἰς διαταγὰς ἀγγέλων καὶ οὐκ ἐφυλάξατε.
2c073600ac	Ἀκούοντες δὲ ταῦτα, διεπρίοντο ταῖς καρδίαις αὐτῶν, καὶ ἔβρυχον τοὺς ὀδόντας ἐπ᾽ αὐτόν.
2c073700e4	ὑπάρχων δὲ πλήρης πνεύματος ἁγίου, ἀτενίσας εἰς τὸν οὐρανὸν εἶδεν δόξαν θεοῦ, καὶ Ἰησοῦν ἑστῶτα ἐκ δεξιῶν τοῦ θεοῦ,
2c073800cf	καὶ εἶπεν, Ἰδοὺ θεωρῶ τοὺς οὐρανοὺς διηνοιγμένους, καὶ τὸν υἱὸν τοῦ ἀνθρώπου ἐκ δεξιῶν ἑστῶτα τοῦ θεοῦ.
2c073900a3	κράξαντες δὲ φωνῇ μεγάλῃ συνέσχον τὰ ὦτα αὐτῶν, καὶ ὥρμησαν ὁμοθυμαδὸν ἐπ᾽ αὐτόν·
2c073a00f6	καὶ ἐκβαλόντες ἔξω τῆς πόλεως ἐλιθοβόλουν. καὶ οἱ μάρτυρες ἀπέθεντο τὰ ἱμάτια αὐτῶν παρὰ τοὺς πόδας νεανίου καλουμένου Σαύλου,
2c073b00ac	καὶ ἐλιθοβόλουν τὸν Στέφανον ἐπικαλούμενον καὶ λέγοντα, Κύριε Ἰησοῦ, δέξαι τὸ πνεῦμά μου.
2c073c00d7	θεὶς δὲ τὰ γόνατα, ἔκραξεν φωνῇ μεγάλῃ, Κύριε, μὴ στήσῃς αὐτοῖς ταύτην τὴν ἁμαρτίαν. καὶ τοῦτο εἰπὼν ἐκοιμήθη.
2c080101a3	Σαῦλος δὲ ἦν συνευδοκῶν τῇ ἀναιρέσει αὐτοῦ. ἐγένετο δὲ ἐν ἐκείνῃ τῇ ἡμέρᾳ διωγμὸς μέγας ἐπὶ τὴν ἐκκλησίαν τὴν ἐν Ἱεροσολύμοις· πάντες δὲ διεσπάρησαν κατὰ τὰς χώρας τῆς Ἰουδαίας καὶ Σαμαρείας, πλὴν τῶν ἀποστόλων.
2c080200a1	συνεκόμισαν δὲ τὸν Στέφανον ἄνδρες εὐλαβεῖς, καὶ ἐποίησαν κοπετὸν μέγαν ἐπ᾽ αὐτῷ.
2c080300ea	Σαῦλος δὲ ἐλυμαίνετο τὴν ἐκκλησίαν, κατὰ τοὺς οἴκους εἰσπορευόμενος, σύρων τε ἄνδρας καὶ γυναῖκας παρεδίδου εἰς φυλακήν.
2c08040072	Οἱ μὲν οὖν διασπαρέντες διῆλθον εὐαγγελιζόμενοι τὸν λόγον.
2c08050091	Φίλιππος δὲ κατελθὼν εἰς πόλιν τῆς Σαμαρείας ἐκήρυσσεν αὐτοῖς τὸν χριστόν.
2c080600ed	προσεῖχον δὲ οἱ ὄχλοι τοῖς λεγομένοις ὑπὸ τοῦ Φιλίππου ὁμοθυμαδόν, ἐν τῷ ἀκούειν αὐτοὺς καὶ βλέπειν τὰ σημεῖα ἃ ἐποίει·
2c080700ec	πολλοὶ γὰρ τῶν ἐχόντων πνεύματα ἀκάθαρτα βοῶντα φωνῇ μεγάλῃ ἐξήρχοντο, πολλοὶ δὲ παραλελυμένοι καὶ χωλοὶ ἐθεραπεύθησαν·
2c08080052	ἐγένετο δὲ πολλὴ χαρὰ ἐν τῇ πόλει ἐκείνῃ.
2c080900f3	ἀνὴρ δέ τις ὀνόματι Σίμων προϋπῆρχεν ἐν τῇ πόλει μαγεύων καὶ ἐξιστάνων τὸ ἔθνος τῆς Σαμαρείας, λέγων εἶναί τινα ἑαυτὸν μέγαν·
2c080a00c6	ᾧ προσεῖχον πάντες ἀπὸ μικροῦ ἕως μεγάλου λέγοντες, Οὗτός ἐστιν ἡ δύναμις τοῦ θεοῦ ἡ καλουμένη μεγάλη.
2c080b008e	προσεῖχον δὲ αὐτῷ διὰ τὸ ἱκανῷ χρόνῳ ταῖς μαγείαις ἐξεστακέναι αὐτούς·
2c080c0115	ὅτε δὲ ἐπίστευσαν τῷ Φιλίππῳ εὐαγγελιζομένῳ περὶ τῆς βασιλείας τοῦ θεοῦ καὶ τοῦ ὀνόματος Ἰησοῦ χριστοῦ, ἐβαπτίζοντο ἄνδρες τε καὶ γυναῖκες.
2c080d0104	ὁ δὲ Σίμων καὶ αὐτὸς ἐπίστευσεν, καὶ βαπτισθεὶς ἦν προσκαρτερῶν τῷ Φιλίππῳ, θεωρῶν τε σημεῖα καὶ δυνάμεις μεγάλας γινομένας ἐξίστατο.
2c080e00fd	ἀκούσαντες δὲ οἱ ἐν Ἱεροσολύμοις ἀπόστολοι ὅτι δέδεκται ἡ Σαμάρεια τὸν λόγον τοῦ θεοῦ, ἀπέστειλαν πρὸς αὐτοὺς Πέτρον καὶ Ἰωάνην·
2c080f0086	οἵτινες καταβάντες προσηύξαντο περὶ αὐτῶν ὅπως λάβωσιν πνεῦμα ἅγιον.
2c081000d3	οὐδέπω γὰρ ἦν ἐπ᾽ οὐδενὶ αὐτῶν ἐπιπεπτωκός, μόνον δὲ βεβαπτισμένοι ὑπῆρχον εἰς τὸ ὄνομα τοῦ κυρίου Ἰησοῦ.
2c08110083	τότε ἐπετίθεσαν τὰς χεῖρας ἐπ᾽ αὐτούς, καὶ ἐλάμβανον πνεῦμα ἅγιον.
2c081200ea	ἰδὼν δὲ ὁ Σίμων ὅτι διὰ τῆς ἐπιθέσεως τῶν χειρῶν τῶν ἀποστόλων δίδοται τὸ πνεῦμα [τὸ ἅγιον], προσήνεγκεν αὐτοῖς χρήματα
2c081300ac	λέγων, Δότε κἀμοὶ τὴν ἐξουσίαν ταύτην, ἵνα ᾧ ἐὰν ἐπιθῶ τὰς χεῖρας λαμβάνῃ πνεῦμα ἅγιον.
2c081400f3	Πέτρος δὲ εἶπεν πρὸς αὐτόν, Τὸ ἀργύριόν σου σὺν σοὶ εἴη εἰς ἀπώλειαν, ὅτι τὴν δωρεὰν τοῦ θεοῦ ἐνόμισας διὰ χρημάτων κτᾶσθαι.
2c081500c7	οὐκ ἔστιν σοι μερὶς οὐδὲ κλῆρος ἐν τῷ λόγῳ τούτῳ· ἡ γὰρ καρδία σου οὐκ ἔστιν εὐθεῖα ἔναντι τοῦ θεοῦ.
2c081600da	μετανόησον οὖν ἀπὸ τῆς κακίας σου ταύτης, καὶ δεήθητι τοῦ κυρίου, εἰ ἄρα ἀφεθήσεταί σοι ἡ ἐπίνοια τῆς καρδίας σου.
2c0817006e	εἰς γὰρ χολὴν πικρίας καὶ σύνδεσμον ἀδικίας ὁρῶ σε ὄντα.
2c081800da	ἀποκριθεὶς δὲ ὁ Σίμων εἶπεν, Δεήθητε ὑμεῖς ὑπὲρ ἐμοῦ πρὸς τὸν κύριον, ὅπως μηδὲν ἐπέλθῃ ἐπ᾽ ἐμὲ ὧν εἰρήκατε.
2c08190105	Οἱ μὲν οὖν διαμαρτυράμενοι καὶ λαλήσαντες τὸν λόγον τοῦ κυρίου ὑπέστρεφον εἰς Ἱεροσόλυμα, πολλάς τε κώμας τῶν Σαμαριτῶν εὐηγγελίζοντο·
2c081a013d	ἄγγελος δὲ κυρίου ἐλάλησεν πρὸς Φίλιππον λέγων, Ἀνάστηθι καὶ πορεύου κατὰ μεσημβρίαν ἐπὶ τὴν ὁδὸν τὴν καταβαίνουσαν ἀπὸ Ἱερουσαλὴμ εἰς Γάζαν· αὕτη ἐστὶν ἔρημος.
2c081b0146	καὶ ἀναστὰς ἐπορεύθη· καὶ ἰδοὺ ἀνὴρ Αἰθίοψ εὐνοῦχος δυνάστης Κανδάκης βασιλίσσης Αἰθιόπων, ὃς ἦν ἐπὶ πάσης τῆς γάζης αὐτῆς, [ὃς] ἐληλύθει προσκυνήσων εἰς Ἱερουσαλήμ,
2c081c00b4	ἦν τε ὑποστρέφων καὶ καθήμενος ἐπὶ τοῦ ἅρματος αὐτοῦ, [καὶ] ἀνεγίνωσκεν τὸν προφήτην Ἡσαΐαν.
2c081d0089	εἶπεν δὲ τὸ πνεῦμα τῷ Φιλίππῳ, Πρόσελθε καὶ κολλήθητι τῷ ἅρματι τούτῳ.
2c081e00e7	προσδραμὼν δὲ ὁ Φίλιππος ἤκουσεν αὐτοῦ ἀναγινώσκοντος Ἡσαΐαν τὸν προφήτην, καὶ εἶπεν, Ἆρά γε γινώσκεις ἃ ἀναγινώσκεις;
2c081f00d5	ὁ δὲ εἶπεν, Πῶς γὰρ ἂν δυναίμην, ἐὰν μή τις ὁδηγήσει με; Παρεκάλεσέν τε τὸν Φίλιππον ἀναβάντα καθίσαι σὺν αὐτῷ.
2c0820013e	ἡ δὲ περιοχὴ τῆς γραφῆς ἣν ἀνεγίνωσκεν ἦν αὕτη, Ὡς πρόβατον ἐπὶ σφαγὴν ἤχθη, καὶ ὡς ἀμνὸς ἐναντίον τοῦ κείροντος αὐτὸν ἄφωνος, οὕτως οὐκ ἀνοίγει τὸ στόμα αὐτοῦ.
2c082100d5	ἐν τῇ ταπεινώσει ἡ κρίσις αὐτοῦ ἤρθη, τὴν γενεὰν αὐτοῦ τίς διηγήσεται; ὅτι αἴρεται ἀπὸ τῆς γῆς ἡ ζωὴ αὐτοῦ·
2c082200ef	ἀποκριθεὶς δὲ ὁ εὐνοῦχος τῷ Φιλίππῳ εἶπεν, Δέομαί σου, περὶ τίνος ὁ προφήτης λέγει τοῦτο; περὶ ἑαυτοῦ, ἢ περὶ ἑτέρου τινός;
2c082300ce	ἀνοίξας δὲ ὁ Φίλιππος τὸ στόμα αὐτοῦ, καὶ ἀρξάμενος ἀπὸ τῆς γραφῆς ταύτης εὐηγγελίσατο αὐτῷ τὸν Ἰησοῦν.
2c082400d3	ὡς δὲ ἐπορεύοντο κατὰ τὴν ὁδόν, ἦλθον ἐπί τι ὕδωρ, καί φησιν ὁ εὐνοῦχος, Ἰδοὺ ὕδωρ· τί κωλύει με βαπτισθῆναι;
2c082600e5	καὶ ἐκέλευσεν στῆναι τὸ ἅρμα, καὶ κατέβησαν ἀμφότεροι εἰς τὸ ὕδωρ, ὅ τε Φίλιππος καὶ ὁ εὐνοῦχος, καὶ ἐβάπτισεν αὐτόν.
2c0827011b	ὅτε δὲ ἀνέβησαν ἐκ τοῦ ὕδατος, πνεῦμα κυρίου ἥρπασεν τὸν Φίλιππον, καὶ οὐκ εἶδεν αὐτὸν οὐκέτι ὁ εὐνοῦχος· ἐπορεύετο γὰρ τὴν ὁδὸν αὐτοῦ χαίρων.
2c082800df	Φίλιππος δὲ εὑρέθη εἰς Ἄζωτον, καὶ διερχόμενος εὐηγγελίζετο τὰς πόλεις πάσας, ἕως τοῦ ἐλθεῖν αὐτὸν εἰς Καισάρειαν.
2c090100b9	Ὁ δὲ Σαῦλος ἔτι ἐμπνέων ἀπειλῆς καὶ φόνου εἰς τοὺς μαθητὰς τοῦ κυρίου, προσελθὼν τῷ ἀρχιερεῖ,
2c09020131	ᾐτήσατο παρ᾽ αὐτοῦ ἐπιστολὰς εἰς Δαμασκὸν πρὸς τὰς συναγωγάς, ὅπως ἐάν τινας εὕρῃ τῆς ὁδοῦ ὄντας ἄνδρας τε καὶ γυναῖκας, δεδεμένους ἀγάγῃ εἰς Ἱερουσαλήμ.
2c090300d2	ἐν δὲ τῷ πορεύεσθαι ἐγένετο αὐτὸν ἐγγίζειν τῇ Δαμασκῷ, ἐξαίφνης τε αὐτὸν περιήστραψεν φῶς ἐκ τοῦ οὐρανοῦ·
2c09040097	καὶ πεσὼν ἐπὶ τὴν γῆν ἤκουσεν φωνὴν λέγουσαν αὐτῷ, Σαοὺλ Σαούλ, τί με διώκεις;
2c09050073	εἶπεν δέ, Τίς εἶ, κύριε; ὁ δέ, Ἐγώ εἰμι Ἰησοῦς ὃν σὺ διώκεις·
2c0906009b	Ἀλλὰ ἀνάστηθι καὶ εἴσελθε εἰς τὴν πόλιν, καὶ λαληθήσεταί σοι ὅ τί σε δεῖ ποιεῖν.
2c090700c3	οἱ δὲ ἄνδρες οἱ συνοδεύοντες αὐτῷ εἱστήκεισαν ἐνεοί, ἀκούοντες μὲν τῆς φωνῆς, μηδένα δὲ θεωροῦντες.
2c090800fe	ἠγέρθη δὲ Σαῦλος ἀπὸ τῆς γῆς, ἀνεῳγμένων δὲ τῶν ὀφθαλμῶν αὐτοῦ οὐδὲν ἔβλεπεν· χειραγωγοῦντες δὲ αὐτὸν εἰσήγαγον εἰς Δαμασκόν.
2c09090071	καὶ ἦν ἡμέρας τρεῖς μὴ βλέπων, καὶ οὐκ ἔφαγεν οὐδὲ ἔπιεν.
2c090a00f1	Ἦν δέ τις μαθητὴς ἐν Δαμασκῷ ὀνόματι Ἀνανίας, καὶ εἶπεν πρὸς αὐτὸν ἐν ὁράματι ὁ κύριος, Ἀνανία. ὁ δὲ εἶπεν, Ἰδοὺ ἐγώ, κύριε.
2c090b012b	ὁ δὲ κύριος πρὸς αὐτόν, Ἀναστὰς πορεύθητι ἐπὶ τὴν ῥύμην τὴν καλουμένην εὐθεῖαν, καὶ ζήτησον ἐν οἰκίᾳ Ἰούδα Σαῦλον ὀνόματι Ταρσέα· ἰδοὺ γὰρ προσεύχεται,
2c090c00bf	καὶ εἶδεν ἄνδρα [ἐν ὁράματι] Ἀνανίαν ὀνόματι εἰσελθόντα καὶ ἐπιθέντα αὐτῷ χεῖρας, ὅπως ἀναβλέψῃ.
2c090d00e9	ἀπεκρίθη δὲ Ἀνανίας, Κύριε, ἤκουσα ἀπὸ πολλῶν περὶ τοῦ ἀνδρὸς τούτου, ὅσα κακὰ τοῖς ἁγίοις σου ἐποίησεν ἐν Ἱερουσαλήμ·
2c090e00ac	καὶ ὧδε ἔχει ἐξουσίαν παρὰ τῶν ἀρχιερέων δῆσαι πάντας τοὺς ἐπικαλουμένους τὸ ὄνομά σου.
2c090f011e	εἶπεν δὲ πρὸς αὐτὸν ὁ κύριος, Πορεύου, ὅτι σκεῦος ἐκλογῆς ἐστίν μοι οὗτος, τοῦ βαστάσαι τὸ ὄνομά μου ἐνώπιον ἐθνῶν τε καὶ βασιλέων, υἱῶν τε Ἰσραήλ.
2c09100085	ἐγὼ γὰρ ὑποδείξω αὐτῷ ὅσα δεῖ αὐτὸν ὑπὲρ τοῦ ὀνόματός μου παθεῖν.
2c0911019f	Ἀπῆλθεν δὲ Ἀνανίας καὶ εἰσῆλθεν εἰς τὴν οἰκίαν, καὶ ἐπιθεὶς ἐπ᾽ αὐτὸν τὰς χεῖρας εἶπεν, Σαοὺλ ἀδελφέ, ὁ κύριος ἀπέσταλκέν με, Ἰησοῦς ὁ ὀφθείς σοι ἐν τῇ ὁδῷ ᾗ ἤρχου, ὅπως ἀναβλέψῃς καὶ πλησθῇς πνεύματος ἁγίου.
2c091200b6	καὶ εὐθέως ἀπέπεσαν αὐτοῦ ἀπὸ τῶν ὀφθαλμῶν ὡς λεπίδες, ἀνέβλεψέν τε, καὶ ἀναστὰς ἐβαπτίσθη,
2c0913009f	καὶ λαβὼν τροφὴν ἐνίσχυσεν. ἐγένετο δὲ μετὰ τῶν ἐν Δαμασκῷ μαθητῶν ἡμέρας τινάς·
2c091400a9	καὶ εὐθέως ἐν ταῖς συναγωγαῖς ἐκήρυσσεν τὸν Ἰησοῦν, ὅτι οὗτός ἐστιν ὁ υἱὸς τοῦ θεοῦ.
2c09150188	ἐξίσταντο δὲ πάντες οἱ ἀκούοντες καὶ ἔλεγον, Οὐχ οὗτός ἐστιν ὁ πορθήσας ἐν Ἱερουσαλὴμ τοὺς ἐπικαλουμένους τὸ ὄνομα τοῦτο; καὶ ὧδε εἰς τοῦτο ἐληλύθει ἵνα δεδεμένους αὐτοὺς ἀγάγῃ ἐπὶ τοὺς ἀρχιερεῖς.
2c091600fa	Σαῦλος δὲ μᾶλλον ἐνεδυναμοῦτο, καὶ συνέχυνεν τοὺς Ἰουδαίους τοὺς κατοικοῦντας ἐν Δαμασκῷ, συμβιβάζων ὅτι οὗτός ἐστιν ὁ χριστός.
2c09170096	ὡς δὲ ἐπληροῦντο ἡμέραι ἱκαναί, συνεβουλεύσαντο οἱ Ἰουδαῖοι ἀνελεῖν αὐτόν·
2c091800db	ἐγνώσθη δὲ τῷ Σαύλῳ ἡ ἐπιβουλὴ αὐτῶν. παρετηροῦντο δὲ καὶ τὰς πύλας ἡμέρας τε καὶ νυκτός, ὅπως αὐτὸν ἀνέλωσιν·
2c091900ae	λαβόντες δὲ οἱ μαθηταὶ αὐτοῦ νυκτὸς διὰ τοῦ τείχους καθῆκαν αὐτὸν χαλάσαντες ἐν σπυρίδι.
2c091a00fe	παραγενόμενος δὲ εἰς Ἱερουσαλὴμ ἐπείραζεν κολλᾶσθαι τοῖς μαθηταῖς· καὶ πάντες ἐφοβοῦντο αὐτόν, μὴ πιστεύοντες ὅτι ἐστὶν μαθητής.
2c091b017b	Βαρνάβας δὲ ἐπιλαβόμενος αὐτὸν ἤγαγεν πρὸς τοὺς ἀποστόλους, καὶ διηγήσατο αὐτοῖς πῶς ἐν τῇ ὁδῷ εἶδεν τὸν κύριον, καὶ ὅτι ἐλάλησεν αὐτῷ, καὶ πῶς ἐν Δαμασκῷ ἐπαῤῥησιάσατο ἐν τῷ ὀνόματι Ἰησοῦ.
2c091c00d8	καὶ ἦν μετ᾽ αὐτῶν εἰσπορευόμενος καὶ ἐκπορευόμενος εἰς Ἱερουσαλήμ, παῤῥησιαζόμενος ἐν τῷ ὀνόματι τοῦ κυρίου,
2c091d0099	ἐλάλει τε καὶ συνεζήτει πρὸς τοὺς Ἑλληνιστάς· οἱ δὲ ἐπεχείρουν ἀνελεῖν αὐτόν.
2c091e00b4	ἐπιγνόντες δὲ οἱ ἀδελφοὶ κατήγαγον αὐτὸν εἰς Καισάρειαν καὶ ἐξαπέστειλαν αὐτὸν εἰς Ταρσόν.
2c091f0166	Ἡ μὲν οὖν ἐκκλησία καθ᾽ ὅλης τῆς Ἰουδαίας καὶ Γαλιλαίας καὶ Σαμαρείας εἶχεν εἰρήνην, οἰκοδομουμένη καὶ πορευομένη τῷ φόβῳ τοῦ κυρίου, καὶ τῇ παρακλήσει τοῦ ἁγίου πνεύματος ἐπληθύνετο.
2c092000bc	Ἐγένετο δὲ Πέτρον διερχόμενον διὰ πάντων κατελθεῖν καὶ πρὸς τοὺς ἁγίους τοὺς κατοικοῦντας Λύδδα.
2c092100cf	εὗρεν δὲ ἐκεῖ ἄνθρωπόν τινα ὀνόματι Αἰνέαν, ἐξ ἐτῶν ὀκτὼ κατακείμενον ἐπὶ κραβάττου ὃς ἦν παραλελυμένος.
2c092200ce	καὶ εἶπεν αὐτῷ ὁ Πέτρος, Αἰνέα, ἰᾶταί σε Ἰησοῦς χριστός· ἀνάστηθι καὶ στρῶσον σεαυτῷ. καὶ εὐθέως ἀνέστη·
2c092300bc	καὶ εἶδαν αὐτὸν πάντες οἱ κατοικοῦντες Λύδδα καὶ τὸν Σαρωνᾶ, οἵτινες ἐπέστρεψαν ἐπὶ τὸν κύριον.
2c09240101	Ἐν Ἰόππῃ δέ τις ἦν μαθήτρια ὀνόματι Ταβιθά, ἣ διερμηνευομένη λέγεται Δορκάς· αὕτη ἦν πλήρης ἔργων ἀγαθῶν καὶ ἐλεημοσυνῶν ὧν ἐποίει·
2c092500ce	ἐγένετο δὲ ἐν ταῖς ἡμέραις ἐκείναις ἀσθενήσασαν αὐτὴν ἀποθανεῖν· λούσαντες δὲ ἔθηκαν αὐτὴν ἐν ὑπερῴῳ.
2c0926013a	ἐγγὺς δὲ οὔσης Λύδδας τῇ Ἰόππῃ οἱ μαθηταὶ ἀκούσαντες ὅτι Πέτρος ἐστὶν ἐν αὐτῇ, ἀπέστειλαν δύο ἄνδρας πρὸς αὐτὸν παρακαλοῦντες, Μὴ ὀκνήσῃς διελθεῖν ἕως ἡμῶν.
2c09270187	ἀναστὰς δὲ Πέτρος συνῆλθεν αὐτοῖς· ὃν παραγενόμενον ἀνήγαγον εἰς τὸ ὑπερῷον, καὶ παρέστησαν αὐτῷ πᾶσαι αἱ χῆραι κλαίουσαι καὶ ἐπιδεικνύμεναι χιτῶνας καὶ ἱμάτια ὅσα ἐποίει μετ᾽ αὐτῶν οὖσα ἡ Δορκάς.
2c09280167	ἐκβαλὼν δὲ ἔξω πάντας ὁ Πέτρος καὶ θεὶς τὰ γόνατα προσηύξατο· καὶ ἐπιστρέψας πρὸς τὸ σῶμα εἶπεν, Ταβιθά, ἀνάστηθι. ἡ δὲ ἤνοιξεν τοὺς ὀφθαλμοὺς αὐτῆς καὶ ἰδοῦσα τὸν Πέτρον ἀνεκάθισεν.
2c092900bf	δοὺς δὲ αὐτῇ χεῖρα ἀνέστησεν αὐτήν· φωνήσας δὲ τοὺς ἁγίους καὶ τὰς χήρας παρέστησεν αὐτὴν ζῶσαν.
2c092a009d	γνωστὸν δὲ ἐγένετο καθ᾽ ὅλης [τῆς] Ἰόππης, καὶ ἐπίστευσαν πολλοὶ ἐπὶ τὸν κύριον.
2c092b0090	ἐγένετο δὲ [αὐτὸν] ἡμέρας ἱκανὰς μεῖναι ἐν Ἰόππῃ παρά τινι Σίμωνι βυρσεῖ.
2c0a0100b4	Ἀνὴρ δέ τις ἐν Καισαρείᾳ ὀνόματι Κορνήλιος, ἑκατοντάρχης ἐκ σπείρης τῆς καλουμένης Ἰταλικῆς,
2c0a0200f5	εὐσεβὴς καὶ φοβούμενος τὸν θεὸν σὺν παντὶ τῷ οἴκῳ αὐτοῦ, ποιῶν ἐλεημοσύνας πολλὰς τῷ λαῷ, καὶ δεόμενος τοῦ θεοῦ διὰ παντός·
2c0a0300fb	εἶδεν ἐν ὁράματι φανερῶς, ὡσεὶ περὶ ὥραν ἐνάτην τῆς ἠμέρας, ἄγγελον τοῦ θεοῦ εἰσελθόντα πρὸς αὐτὸν καὶ εἰπόντα αὐτῷ, Κορνήλιε.
2c0a04013d	ὁ δὲ ἀτενίσας αὐτῷ καὶ ἔμφοβος γενόμενος εἶπεν, Τί ἐστιν, κύριε; εἶπεν δὲ αὐτῷ, Αἱ προσευχαί σου καὶ αἱ ἐλεημοσύναι σου ἀνέβησαν εἰς μνημόσυνον ἔμπροσθεν τοῦ θεοῦ.
2c0a0500a1	καὶ νῦν πέμψον ἄνδρας εἰς Ἰόππην καὶ μετάπεμψαι Σίμωνά τινα ὃς ἐπικαλεῖται Πέτρος·
2c0a060084	οὗτος ξενίζεται παρά τινι Σίμωνι βυρσεῖ, ᾧ ἐστιν οἰκία παρὰ θάλασσαν.
2c0a0700db	ὡς δὲ ἀπῆλθεν ὁ ἄγγελος ὁ λαλῶν αὐτῷ φωνήσας δύο τῶν οἰκετῶν καὶ στρατιώτην εὐσεβῆ τῶν προσκαρτερούντων αὐτῷ,
2c0a080083	καὶ ἐξηγησάμενος ἅπαντα αὐτοῖς, ἀπέστειλεν αὐτοὺς εἰς τὴν Ἰόππην.
2c0a0900e5	τῇ δὲ ἐπαύριον ὁδοιπορούντων ἐκείνων καὶ τῇ πόλει ἐγγιζόντων, ἀνέβη Πέτρος ἐπὶ τὸ δῶμα προσεύξασθαι περὶ ὥραν ἕκτην.
2c0a0a00c2	ἐγένετο δὲ πρόσπεινος, καὶ ἤθελεν γεύσασθαι· παρασκευαζόντων δὲ αὐτῶν, ἐγένετο ἐπ᾽ αὐτὸν ἔκστασις,
2c0a0b00ec	καὶ θεωρεῖ τὸν οὐρανὸν ἀνεῳγμένον καὶ καταβαῖνον σκεῦός τι ὡς ὀθόνην μεγάλην, τέσσαρσιν ἀρχαῖς καθιέμενον ἐπὶ τῆς γῆς·
2c0a0c0097	ἐν ᾧ ὑπῆρχεν πάντα τὰ τετράποδα καὶ ἑρπετὰ τῆς γῆς καὶ πετεινὰ τοῦ οὐρανοῦ.
2c0a0d0073	καὶ ἐγένετο φωνὴ πρὸς αὐτόν, Ἀναστὰς Πέτρε, θῦσον καὶ φάγε.
2c0a0e009c	ὁ δὲ Πέτρος εἶπεν, Μηδαμῶς, κύριε· ὅτι οὐδέποτε ἔφαγον πᾶν κοινὸν καὶ ἀκάθαρτον.
2c0a0f008c	καὶ φωνὴ πάλιν ἐκ δευτέρου πρὸς αὐτόν, Ἃ ὁ θεὸς ἐκαθέρισεν σὺ μὴ κοίνου.
2c0a100092	τοῦτο δὲ ἐγένετο ἐπὶ τρίς, καὶ εὐθὺς ἀνελήμφθη τὸ σκεῦος εἰς τὸν οὐρανόν.
2c0a110158	ὡς δὲ ἐν ἑαυτῷ διηπόρει ὁ Πέτρος, τί ἂν εἴη τὸ ὅραμα ὃ εἶδεν, ἰδοὺ οἱ ἄνδρες οἱ ἀπεσταλμένοι ἀπὸ τοῦ Κορνηλίου διερωτήσαντες τὴν οἰκίαν τοῦ Σίμωνος, ἐπέστησαν ἐπὶ τὸν πυλῶνα·
2c0a120094	καὶ φωνήσαντες ἐπυνθάνοντο εἰ Σίμων ὁ ἐπικαλούμενος Πέτρος ἐνθάδε ξενίζεται.
2c0a1300c5	τοῦ δὲ Πέτρου διενθυμουμένου περὶ τοῦ ὁράματος εἶπεν τὸ πνεῦμα αὐτῷ, Ἰδοὺ ἄνδρες τρεῖς ζητοῦσίν σε·
2c0a1400b7	ἀλλὰ ἀναστὰς κατάβηθι, καὶ πορεύου σὺν αὐτοῖς μηδὲν διακρινόμενος, ὅτι ἐγὼ ἀπέσταλκα αὐτούς.
2c0a1500bb	καταβὰς δὲ Πέτρος πρὸς τοὺς ἄνδρας εἶπεν, Ἰδοὺ ἐγώ εἰμι ὃν ζητεῖτε· τίς ἡ αἰτία δι᾽ ἣν πάρεστε;
2c0a1601b3	οἱ δὲ εἶπαν, Κορνήλιος ἑκατοντάρχης, ἀνὴρ δίκαιος καὶ φοβούμενος τὸν θεὸν μαρτυρούμενός τε ὑπὸ ὅλου τοῦ ἔθνους τῶν Ἰουδαίων, ἐχρηματίσθη ὑπὸ ἀγγέλου ἁγίου μεταπέμψασθαί σε εἰς τὸν οἶκον αὐτοῦ καὶ ἀκοῦσαι ῥήματα παρὰ σοῦ.
2c0a170107	εἰσκαλεσάμενος οὖν αὐτοὺς ἐξένισεν, τῇ δὲ ἐπαύριον ἀναστὰς ἐξῆλθεν σὺν αὐτοῖς, καί τινες τῶν ἀδελφῶν τῶν ἀπὸ Ἰόππης συνῆλθον αὐτῷ.
2c0a18011b	τῇ δὲ ἐπαύριον εἰσῆλθεν εἰς τὴν Καισάρειαν· ὁ δὲ Κορνήλιος ἦν προσδοκῶν αὐτούς, συγκαλεσάμενος τοὺς συγγενεῖς αὐτοῦ καὶ τοὺς ἀναγκαίους φίλους.
2c0a1900c9	ὡς δὲ ἐγένετο τοῦ εἰσελθεῖν τὸν Πέτρον, συναντήσας αὐτῷ ὁ Κορνήλιος πεσὼν ἐπὶ τοὺς πόδας προσεκύνησεν.
2c0a1a008e	ὁ δὲ Πέτρος ἤγειρεν αὐτὸν λέγων, Ἀνάστηθι· καὶ ἐγὼ αὐτὸς ἄνθρωπός εἰμι.
2c0a1b007f	καὶ συνομιλῶν αὐτῷ εἰσῆλθεν, καὶ εὑρίσκει συνεληλυθότας πολλούς,
2c0a1c014c	ἔφη τε πρὸς αὐτούς, Ὑμεῖς ἐπίστασθε ὡς ἀθέμιτόν ἐστιν ἀνδρὶ Ἰουδαίῳ κολλᾶσθαι ἢ προσέρχεσθαι ἀλλοφύλῳ· κἀμοὶ ὁ θεὸς ἔδειξεν μηδένα κοινὸν ἢ ἀκάθαρτον λέγειν ἄνθρωπον,
2c0a1d00a1	διὸ καὶ ἀναντιῤῥήτως ἦλθον μεταπεμφθείς. πυνθάνομαι οὖν, τίνι λόγῳ μετεπέμψασθέ με;
2c0a1e0136	καὶ ὁ Κορνήλιος ἔφη, Ἀπὸ τετάρτης ἡμέρας μέχρι ταύτης τῆς ὥρας ἤμην τὴν ἐνάτην προσευχόμενος ἐν τῷ οἴκῳ μου, καὶ ἰδοὺ ἀνὴρ ἔστη ἐνώπιόν μου ἐν ἐσθῆτι λαμπρᾷ,
2c0a1f00be	καὶ φησίν, Κορνήλιε, εἰσηκούσθη σου ἡ προσευχὴ καὶ αἱ ἐλεημοσύναι σου ἐμνήσθησαν ἐνώπιον τοῦ θεοῦ.
2c0a2000f0	πέμψον οὖν εἰς Ἰόππην καὶ μετακάλεσαι Σίμωνα ὃς ἐπικαλεῖται Πέτρος· οὗτος ξενίζεται ἐν οἰκίᾳ Σίμωνος βυρσέως παρὰ θάλασσαν.
2c0a210139	ἐξαυτῆς οὖν ἔπεμψα πρός σε, σύ τε καλῶς ἐποίησας παραγενόμενος. νῦν οὖν πάντες ἡμεῖς ἐνώπιον τοῦ θεοῦ πάρεσμεν ἀκοῦσαι πάντα τὰ προστεταγμένα σοι ὑπὸ τοῦ κυρίου.
2c0a2200bf	Ἀνοίξας δὲ Πέτρος τὸ στόμα εἶπεν, Ἐπ᾽ ἀληθείας καταλαμβάνομαι ὅτι οὐκ ἔστιν προσωπολήμπτης ὁ θεός,
2c0a2300ab	ἀλλ᾽ ἐν παντὶ ἔθνει ὁ φοβούμενος αὐτὸν καὶ ἐργαζόμενος δικαιοσύνην δεκτὸς αὐτῷ ἐστιν.
2c0a2400e0	τὸν λόγον [ὃν] ἀπέστειλεν τοῖς υἱοῖς Ἰσραὴλ εὐαγγελιζόμενος εἰρήνην διὰ Ἰησοῦ χριστοῦ· οὗτός ἐστιν πάντων κύριος.
2c0a2500ed	ὑμεῖς οἴδατε τὸ γενόμενον ῥῆμα καθ᾽ ὅλης τῆς Ἰουδαίας, ἀρξάμενος ἀπὸ τῆς Γαλιλαίας, μετὰ τὸ βάπτισμα ὃ ἐκήρυξεν Ἰωάνης·
2c0a26016d	Ἰησοῦν τὸν ἀπὸ Ναζαρέθ, ὡς ἔχρισεν αὐτὸν ὁ θεὸς πνεύματι ἁγίῳ καὶ δυνάμει, ὃς διῆλθεν εὐεργετῶν καὶ ἰώμενος πάντας τοὺς καταδυναστευομένους ὑπὸ τοῦ διαβόλου, ὅτι ὁ θεὸς ἦν μετ᾽ αὐτοῦ·
2c0a2700ea	καὶ ἡμεῖς μάρτυρες πάντων ὧν ἐποίησεν ἔν τε τῇ χώρᾳ τῶν Ἰουδαίων καὶ Ἱερουσαλήμ· ὃν καὶ ἀνεῖλαν κρεμάσαντες ἐπὶ ξύλου.
2c0a28008e	τοῦτον ὁ θεὸς ἤγειρεν τῇ τρίτῃ ἡμέρᾳ, καὶ ἔδωκεν αὐτὸν ἐμφανῆ γενέσθαι
2c0a29012d	οὐ παντὶ τῷ λαῷ, ἀλλὰ μάρτυσιν τοῖς προκεχειροτονημένοις ὑπὸ τοῦ θεοῦ ἡμῖν, οἵτινες συνεφάγομεν καὶ συνεπίομεν αὐτῷ μετὰ τὸ ἀναστῆναι αὐτὸν ἐκ νεκρῶν·
2c0a2a00f0	καὶ παρήγγειλεν ἡμῖν κηρύξαι τῷ λαῷ καὶ διαμαρτύρασθαι ὅτι οὗτός ἐστιν ὁ ὡρισμένος ὑπὸ τοῦ θεοῦ κριτὴς ζώντων καὶ νεκρῶν.
2c0a2b00e4	τούτῳ πάντες οἱ προφῆται μαρτυροῦσιν, ἄφεσιν ἁμαρτιῶν λαβεῖν διὰ τοῦ ὀνόματος αὐτοῦ πάντα τὸν πιστεύοντα εἰς αὐτόν.
2c0a2c00d1	Ἔτι λαλοῦντος τοῦ Πέτρου τὰ ῥήματα ταῦτα, ἐπέπεσεν τὸ πνεῦμα τὸ ἅγιον ἐπὶ πάντας τοὺς ἀκούοντας τὸν λόγον.
2c0a2d00ee	καὶ ἐξέστησαν οἱ ἐκ περιτομῆς πιστοὶ ὅσοι συνῆλθαν τῷ Πέτρῳ, ὅτι καὶ ἐπὶ τὰ ἔθνη ἡ δωρεὰ τοῦ ἁγίου πνεύματος ἐκκέχυται·
2c0a2e00a2	ἤκουον γὰρ αὐτῶν λαλούντων γλώσσαις καὶ μεγαλυνόντων τὸν θεόν. τότε ἀπεκρίθη Πέτρος,
2c0a2f00d5	Μή τι τὸ ὕδωρ δύναται κωλῦσαί τις τοῦ μὴ βαπτισθῆναι τούτους, οἵτινες τὸ πνεῦμα τὸ ἅγιον ἔλαβον ὡς καὶ ἡμεῖς;
2c0a3000d2	προσέταξεν δὲ αὐτοὺς ἐν τῷ ὀνόματι Ἰησοῦ χριστοῦ βαπτισθῆναι. τότε ἠρώτησαν αὐτὸν ἐπιμεῖναι ἡμέρας τινάς.
2c0b0100dc	Ἤκουσαν δὲ οἱ ἀπόστολοι καὶ οἱ ἀδελφοὶ οἱ ὄντες κατὰ τὴν Ἰουδαίαν ὅτι καὶ τὰ ἔθνη ἐδέξαντο τὸν λόγον τοῦ θεοῦ.
2c0b020093	ὅτε δὲ ἀνέβη Πέτρος εἰς Ἱερουσαλήμ διεκρίνοντο πρὸς αὐτὸν οἱ ἐκ περιτομῆς,
2c0b030096	λέγοντες ὅτι Εἰσῆλθεν πρὸς ἄνδρας ἀκροβυστίαν ἔχοντας καὶ συνέφαγεν αὐτοῖς.
2c0b040065	ἀρξάμενος δὲ Πέτρος ἐξετίθετο αὐτοῖς καθεξῆς λέγων,
2c0b050153	Ἐγὼ ἤμην ἐν πόλει Ἰόππῃ προσευχόμενος, καὶ εἶδον ἐν ἐκστάσει ὅραμα, καταβαῖνον σκεῦός τι ὡς ὀθόνην μεγάλην τέσσαρσιν ἀρχαῖς καθιεμένην ἐκ τοῦ οὐρανοῦ, καὶ ἦλθεν ἄχρι ἐμοῦ·
2c0b0600de	εἰς ἣν ἀτενίσας κατενόουν, καὶ εἶδον τὰ τετράποδα τῆς γῆς καὶ τὰ θηρία καὶ τὰ ἑρπετὰ καὶ τὰ πετεινὰ τοῦ οὐρανοῦ.
2c0b07007b	ἤκουσα δὲ καὶ φωνῆς λεγούσης μοι, Ἀναστὰς Πέτρε, θῦσον καὶ φάγε.
2c0b0800a3	εἶπον δέ, Μηδαμῶς, κύριε· ὅτι κοινὸν ἢ ἀκάθαρτον οὐδέποτε εἰσῆλθεν εἰς τὸ στόμα μου.
2c0b09009a	ἀπεκρίθη δὲ φωνὴ ἐκ δευτέρου ἐκ τοῦ οὐρανοῦ, Ἃ ὁ θεὸς ἐκαθέρισεν σὺ μὴ κοίνου.
2c0b0a008a	τοῦτο δὲ ἐγένετο ἐπὶ τρίς, καὶ ἀνεσπάσθη πάλιν ἅπαντα εἰς τὸν οὐρανόν.
2c0b0b00cc	καὶ ἰδοὺ ἐξαυτῆς τρεῖς ἄνδρες ἐπέστησαν ἐπὶ τὴν οἰκίαν ἐν ᾗ ἦμεν, ἀπεσταλμένοι ἀπὸ Καισαρείας πρός με.
2c0b0c011b	εἶπεν δὲ τὸ πνεῦμά μοι συνελθεῖν αὐτοῖς μηδὲν διακρίναντα. ἦλθον δὲ σὺν ἐμοὶ καὶ οἱ ἓξ ἀδελφοὶ οὗτοι, καὶ εἰσήλθομεν εἰς τὸν οἶκον τοῦ ἀνδρός,
2c0b0d0128	ἀπήγγειλεν δὲ ἡμῖν πῶς εἶδεν τὸν ἄγγελον ἐν τῷ οἴκῳ αὐτοῦ σταθέντα καὶ εἰπόντα, Ἀπόστειλον εἰς Ἰόππην καὶ μετάπεμψαι Σίμωνα τὸν ἐπικαλούμενον Πέτρον,
2c0b0e007a	ὃς λαλήσει ῥήματα πρός σε ἐν οἷς σωθήσῃ σὺ καὶ πᾶς ὁ οἶκός σου.
2c0b0f00c0	ἐν δὲ τῷ ἄρξασθαί με λαλεῖν ἐπέπεσεν τὸ πνεῦμα τὸ ἅγιον ἐπ᾽ αὐτούς, ὥσπερ καὶ ἐφ᾽ ἡμᾶς ἐν ἀρχῇ.
2c0b1000e2	ἐμνήσθην δὲ τοῦ ῥήματος τοῦ κυρίου, ὡς ἔλεγεν, Ἰωάνης μὲν ἐβάπτισεν ὕδατι, ὑμεῖς δὲ βαπτισθήσεσθε ἐν πνεύματι ἁγίῳ.
2c0b110112	εἰ οὖν τὴν ἴσην δωρεὰν ἔδωκεν αὐτοῖς ὁ θεὸς ὡς καὶ ἡμῖν, πιστεύσασιν ἐπὶ τὸν κύριον Ἰησοῦν χριστόν, ἐγὼ τίς ἤμην δυνατὸς κωλῦσαι τὸν θεόν;
2c0b1200ec	ἀκούσαντες δὲ ταῦτα ἡσύχασαν, καὶ ἐδόξασαν τὸν θεὸν λέγοντες, Ἄρα καὶ τοῖς ἔθνεσιν ὁ θεὸς τὴν μετάνοιαν εἰς ζωὴν ἔδωκεν.
2c0b130140	Οἱ μὲν οὖν διασπαρέντες ἀπὸ τῆς θλίψεως τῆς γενομένης ἐπὶ Στεφάνῳ διῆλθον ἕως Φοινίκης καὶ Κύπρου καὶ Ἀντιοχείας, μηδενὶ λαλοῦντες τὸν λόγον εἰ μὴ μόνον Ἰουδαίοις.
2c0b140128	ἦσαν δέ τινες ἐξ αὐτῶν ἄνδρες Κύπριοι καὶ Κυρηναῖοι, οἵτινες ἐλθόντες εἰς Ἀντιόχειαν, ἐλάλουν καὶ πρὸς τοὺς Ἕλληνας εὐαγγελιζόμενοι τὸν κύριον Ἰησοῦν.
2c0b1500aa	καὶ ἦν χεὶρ κυρίου μετ᾽ αὐτῶν, πολύς τε ἀριθμὸς ὁ πιστεύσας ἐπέστρεψεν ἐπὶ τὸν κύριον·
2c0b1600f2	ἠκούσθη δὲ ὁ λόγος εἰς τὰ ὦτα τῆς ἐκκλησίας τῆς οὔσης ἐν Ἱερουσαλὴμ περὶ αὐτῶν, καὶ ἐξαπέστειλαν Βαρνάβαν ἕως Ἀντιοχείας·
2c0b1700ec	ὃς παραγενόμενος καὶ ἰδὼν τὴν χάριν τὴν τοῦ θεοῦ ἐχάρη, καὶ παρεκάλει πάντας τῇ προθέσει τῆς καρδίας προσμένειν τῷ κυρίῳ·
2c0b1800bc	ὅτι ἦν ἀνὴρ ἀγαθὸς καὶ πλήρης πνεύματος ἁγίου καὶ πίστεως. καὶ προσετέθη ὄχλος ἱκανὸς τῷ κυρίῳ.
2c0b190052	ἐξῆλθεν δὲ εἰς Ταρσὸν ἀναζητῆσαι Σαῦλον,
2c0b1a0166	καὶ εὑρὼν ἤγαγεν εἰς Αντιόχειαν. ἐγένετο δὲ αὐτοῖς καὶ ἐνιαυτὸν ὅλον συναχθῆναι ἐν τῇ ἐκκλησίᾳ, καὶ διδάξαι ὄχλον ἱκανόν, χρηματίσαι τε πρώτως ἐν Ἀντιοχείᾳ τοὺς μαθητὰς Χριστιανούς.
2c0b1b0099	Ἐν ταύταις δὲ ταῖς ἡμέραις κατῆλθον ἀπὸ Ἱεροσολύμων προφῆται εἰς Ἀντιόχειαν·
2c0b1c0126	ἀναστὰς δὲ εἷς ἐξ αὐτῶν ὀνόματι Ἄγαβος, ἐσήμανεν διὰ τοῦ πνεύματος λιμὸν μεγάλην μέλλειν ἔσεσθαι ἐφ᾽ ὅλην τὴν οἰκουμένην, ἥτις ἐγένετο ἐπὶ Κλαυδίου.
2c0b1d00ed	τῶν δὲ μαθητῶν καθὼς εὐπορεῖτό τις, ὥρισαν ἕκαστος αὐτῶν εἰς διακονίαν πέμψαι τοῖς κατοικοῦσιν ἐν τῇ Ἰουδαίᾳ ἀδελφοῖς·
2c0b1e00a1	ὃ καὶ ἐποίησαν ἀποστείλαντες πρὸς τοὺς πρεσβυτέρους διὰ χειρὸς Βαρνάβα καὶ Σαύλου.
2c0c0100cb	Κατ᾽ ἐκεῖνον δὲ τὸν καιρὸν ἐπέβαλεν Ἡρώδης ὁ βασιλεὺς τὰς χεῖρας κακῶσαί τινας τῶν ἀπὸ τῆς ἐκκλησίας.
2c0c02005e	ἀνεῖλεν δὲ Ἰάκωβον τὸν ἀδελφὸν Ἰωάνου μαχαίρῃ.
2c0c0300c7	ἰδὼν δὲ ὅτι ἀρεστόν ἐστιν τοῖς Ἰουδαίοις, προσέθετο συλλαβεῖν καὶ Πέτρον, (ἦσαν δὲ ἡμέραι τῶν ἀζύμων),
2c0c04010f	ὃν καὶ πιάσας ἔθετο εἰς φυλακήν, παραδοὺς τέσσαρσιν τετραδίοις στρατιωτῶν φυλάσσειν αὐτόν, βουλόμενος μετὰ τὸ πάσχα ἀναγαγεῖν αὐτὸν τῷ λαῷ.
2c0c0500e8	ὁ μὲν οὖν Πέτρος ἐτηρεῖτο ἐν τῇ φυλακῇ· προσευχὴ δὲ ἦν ἐκτενῶς γινομένη ὑπὸ τῆς ἐκκλησίας πρὸς τὸν θεὸν περὶ αὐτοῦ.
2c0c06014e	ὅτε δὲ ἤμελλεν προάγειν αὐτὸν ὁ Ἡρώδης, τῇ νυκτὶ ἐκείνῃ ἦν ὁ Πέτρος κοιμώμενος μεταξὺ δύο στρατιωτῶν δεδεμένος ἁλύσεσιν δυσίν, φύλακές τε πρὸ τῆς θύρας ἐτήρουν τὴν φυλακήν.
2c0c070164	καὶ ἰδοὺ ἄγγελος κυρίου ἐπέστη, καὶ φῶς ἔλαμψεν ἐν τῷ οἰκήματι· πατάξας δὲ τὴν πλευρὰν τοῦ Πέτρου, ἤγειρεν αὐτὸν λέγων, Ἀνάστα ἐν τάχει. καὶ ἐξέπεσαν αὐτοῦ αἱ ἁλύσεις ἐκ τῶν χειρῶν.
2c0c08011b	εἶπεν δὲ ὁ ἄγγελος πρὸς αὐτόν, Ζῶσαι καὶ ὑπόδησαι τὰ σανδάλιά σου. ἐποίησεν δὲ οὕτως. καὶ λέγει αὐτῷ, Περιβαλοῦ τὸ ἱμάτιόν σου, καὶ ἀκολούθει μοι.
2c0c0900d4	καὶ ἐξελθὼν ἠκολούθει· καὶ οὐκ ᾔδει ὅτι ἀληθές ἐστιν τὸ γινόμενον διὰ τοῦ ἀγγέλου, ἐδόκει δὲ ὅραμα βλέπειν.
2c0c0a0194	διελθόντες δὲ πρώτην φυλακὴν καὶ δευτέραν ἦλθαν ἐπὶ τὴν πύλην τὴν σιδηρᾶν τὴν φέρουσαν εἰς τὴν πόλιν, ἥτις αὐτομάτη ἠνοίγη αὐτοῖς, καὶ ἐξελθόντες προῆλθον ῥύμην μίαν, καὶ εὐθέως ἀπέστη ὁ ἄγγελος ἀπ᾽ αὐτοῦ.
2c0c0b015e	καὶ ὁ Πέτρος ἐν ἑαυτῷ γενόμενος εἶπεν, Νῦν οἶδα ἀληθῶς ὅτι ἐξαπέστειλεν κύριος τὸν ἄγγελον αὐτοῦ καὶ ἐξείλατό με ἐκ χειρὸς Ἡρώδου καὶ πάσης τῆς προσδοκίας τοῦ λαοῦ τῶν Ἰουδαίων.
2c0c0c0109	συνιδών τε ἦλθεν ἐπὶ τὴν οἰκίαν τῆς Μαρίας τῆς μητρὸς Ἰωάνου τοῦ ἐπικαλουμένου Μάρκου, οὗ ἦσαν ἱκανοὶ συνηθροισμένοι καὶ προσευχόμενοι.
2c0c0d00a9	κρούσαντος δὲ αὐτοῦ τὴν θύραν τοῦ πυλῶνος προσῆλθεν παιδίσκη ὑπακοῦσαι, ὀνόματι Ῥόδη·
2c0c0e010d	καὶ ἐπιγνοῦσα τὴν φωνὴν τοῦ Πέτρου, ἀπὸ τῆς χαρᾶς οὐκ ἤνοιξεν τὸν πυλῶνα, εἰσδραμοῦσα δὲ ἀπήγγειλεν ἑστάναι τὸν Πέτρον πρὸ τοῦ πυλῶνος.
2c0c0f00c1	οἱ δὲ πρὸς αὐτὴν εἶπαν, Μαίνῃ. ἡ δὲ διϊσχυρίζετο οὕτως ἔχειν. οἱ δὲ ἔλεγον, Ὁ ἄγγελός ἐστιν αὐτοῦ.
2c0c100089	ὁ δὲ Πέτρος ἐπέμενεν κρούων· ἀνοίξαντες δὲ εἶδαν αὐτὸν καὶ ἐξέστησαν.
2c0c11017c	κατασείσας δὲ αὐτοῖς τῇ χειρὶ σιγᾶν, διηγήσατο [αὐτοῖς] πῶς ὁ κύριος αὐτὸν ἐξήγαγεν ἐκ τῆς φυλακῆς· εἶπέν τε, Ἀπαγγείλατε Ἰακώβῳ καὶ τοῖς ἀδελφοῖς ταῦτα. καὶ ἐξελθὼν ἐπορεύθη εἰς ἕτερον τόπον.
2c0c1200a9	γενομένης δὲ ἡμέρας, ἦν τάραχος οὐκ ὀλίγος ἐν τοῖς στρατιώταις, τί ἄρα ὁ Πέτρος ἐγένετο.
2c0c130115	Ἡρώδης δὲ ἐπιζητήσας αὐτὸν καὶ μὴ εὑρών ἀνακρίνας τοὺς φύλακας ἐκέλευσεν ἀπαχθῆναι, καὶ κατελθὼν ἀπὸ τῆς Ἰουδαίας εἰς Καισάρειαν διέτριβεν.
2c0c140186	ἦν δὲ θυμομαχῶν Τυρίοις καὶ Σιδωνίοις· ὁμοθυμαδὸν δὲ παρῆσαν πρὸς αὐτόν, καὶ πείσαντες Βλάστον τὸν ἐπὶ τοῦ κοιτῶνος τοῦ βασιλέως ᾐτοῦντο εἰρήνην, διὰ τὸ τρέφεσθαι αὐτῶν τὴν χώραν ἀπὸ τῆς βασιλικῆς.
2c0c1500d3	τακτῇ δὲ ἡμέρᾳ ὁ Ἡρώδης ἐνδυσάμενος ἐσθῆτα βασιλικὴν [καὶ] καθίσας ἐπὶ τοῦ βήματος ἐδημηγόρει πρὸς αὐτούς.
2c0c16005f	ὁ δὲ δῆμος ἐπεφώνει, Θεοῦ φωνὴ καὶ οὐκ ἀνθρώπου.
2c0c1700e7	παραχρῆμα δὲ ἐπάταξεν αὐτὸν ἄγγελος κυρίου ἀνθ᾽ ὧν οὐκ ἔδωκεν τὴν δόξαν τῷ θεῷ, καὶ γενόμενος σκωληκόβρωτος ἐξέψυξεν.
2c0c180055	Ὁ δὲ λόγος τοῦ θεοῦ ηὔξανεν καὶ ἐπληθύνετο.
2c0c1900ed	Βαρνάβας δὲ καὶ Σαῦλος ὑπέστρεψαν ἐξ Ἱερουσαλήμ, πληρώσαντες τὴν διακονίαν, συμπαραλαβόντες Ἰωάνην τὸν ἐπικληθέντα Μάρκον.
2c0d010176	Ἦσαν δὲ ἐν Ἀντιοχείᾳ κατὰ τὴν οὖσαν ἐκκλησίαν προφῆται καὶ διδάσκαλοι, ὅ τε Βαρνάβας καὶ Συμεὼν ὁ καλούμενος Νίγερ, καὶ Λούκιος ὁ Κυρηναῖος Μαναήν τε Ἡρώδου τοῦ τετράρχου σύντροφος, καὶ Σαῦλος.
2c0d020129	λειτουργούντων δὲ αὐτῶν τῷ κυρίῳ καὶ νηστευόντων, εἶπεν τὸ πνεῦμα τὸ ἅγιον, Ἀφορίσατε δή μοι τὸν Βαρνάβαν καὶ Σαῦλον εἰς τὸ ἔργον ὃ προσκέκλημαι αὐτούς.
2c0d030098	τότε νηστεύσαντες καὶ προσευξάμενοι καὶ ἐπιθέντες τὰς χεῖρας αὐτοῖς ἀπέλυσαν.
2c0d0400d9	αὐτοὶ μὲν οὖν ἐκπεμφθέντες ὑπὸ τοῦ ἁγίου πνεύματος, κατῆλθον εἰς Σελεύκειαν, ἐκεῖθέν τε ἀπέπλευσαν εἰς Κύπρον.
2c0d0500eb	καὶ γενόμενοι ἐν Σαλαμῖνι κατήγγελλον τὸν λόγον τοῦ θεοῦ ἐν ταῖς συναγωγαῖς τῶν Ἰουδαίων· εἶχον δὲ καὶ Ἰωάνην ὑπηρέτην.
2c0d0600ce	διελθόντες δὲ ὅλην τὴν νῆσον ἄχρι Πάφου, εὗρον ἄνδρα τινα μάγον ψευδοπροφήτην Ἰουδαῖον, ᾧ ὄνομα Βαρϊησοῦς,
2c0d070102	ὃς ἦν σὺν τῷ ἀνθυπάτῳ Σεργίῳ Παύλῳ, ἀνδρὶ συνετῷ. οὗτος προσκαλεσάμενος Βαρνάβαν καὶ Σαῦλον ἐπεζήτησεν ἀκοῦσαι τὸν λόγον τοῦ θεοῦ.
2c0d0800f7	ἀνθίστατο δὲ αὐτοῖς Ἐλύμας ὁ μάγος, (οὕτως γὰρ μεθερμηνεύεται τὸ ὄνομα αὐτοῦ), ζητῶν διαστρέψαι τὸν ἀνθύπατον ἀπὸ τῆς πίστεως.
2c0d090086	Σαῦλος δέ, ὁ καὶ Παῦλος, πλησθεὶς πνεύματος ἁγίου ἀτενίσας εἰς αὐτὸν
2c0d0a0110	εἶπεν, Ὦ πλήρης παντὸς δόλου καὶ πάσης ῥᾳδιουργίας, υἱὲ διαβόλου, ἐχθρὲ πάσης δικαιοσύνης, οὐ παύσῃ διαστρέφων τὰς ὁδοὺς κυρίου τὰς εὐθείας;
2c0d0b013f	καὶ νῦν ἰδοὺ χεὶρ κυρίου ἐπὶ σέ, καὶ ἔσῃ τυφλὸς μὴ βλέπων τὸν ἥλιον ἄχρι καιροῦ. παραχρῆμα δὲ ἔπεσεν ἐπ᾽ αὐτὸν ἀχλὺς καὶ σκότος, καὶ περιάγων ἐζήτει χειραγωγούς.
2c0d0c00a6	τότε ἰδὼν ὁ ἀνθύπατος τὸ γεγονὸς ἐπίστευσεν ἐκπληττόμενος ἐπὶ τῇ διδαχῇ τοῦ κυρίου.
2c0d0d0107	Ἀναχθέντες δὲ ἀπὸ τῆς Πάφου οἱ περὶ Παῦλον ἦλθον εἰς Πέργην τῆς Παμφυλίας. Ἰωάνης δὲ ἀποχωρήσας ἀπ᾽ αὐτῶν ὑπέστρεψεν εἰς Ἱεροσόλυμα.
2c0d0e0111	αὐτοὶ δὲ διελθόντες ἀπὸ τῆς Πέργης παρεγένοντο εἰς Ἀντιόχειαν τὴν Πισιδίαν, καὶ ἐλθόντες εἰς τὴν συναγωγὴν τῇ ἡμέρᾳ τῶν σαββάτων ἐκάθισαν.
2c0d0f0158	μετὰ δὲ τὴν ἀνάγνωσιν τοῦ νόμου καὶ τῶν προφητῶν ἀπέστειλαν οἱ ἀρχισυνάγωγοι πρὸς αὐτοὺς λέγοντες, Ἄνδρες ἀδελφοί, εἴ τίς ἐστιν ἐν ὑμῖν λόγος παρακλήσεως πρὸς τὸν λαόν, λέγετε.
2c0d1000ce	ἀναστὰς δὲ Παῦλος καὶ κατασείσας τῇ χειρὶ εἶπεν, Ἄνδρες Ἰσραηλῖται, καὶ οἱ φοβούμενοι τὸν θεόν, ἀκούσατε.
2c0d110143	ὁ θεὸς τοῦ λαοῦ τούτου Ἰσραὴλ ἐξελέξατο τοὺς πατέρας ἡμῶν, καὶ τὸν λαὸν ὕψωσεν ἐν τῇ παροικίᾳ ἐν γῇ Αἰγύπτου, καὶ μετὰ βραχίονος ὑψηλοῦ ἐξήγαγεν αὐτοὺς ἐξ αὐτῆς·
2c0d12007f	καὶ ὡς τεσσερακονταετῆ χρόνον ἐτροποφόρησεν αὐτοὺς ἐν τῇ ἐρήμῳ,
2c0d130084	καὶ καθελὼν ἔθνη ἑπτὰ ἐν γῇ Χαναὰν κατεκληρονόμησεν τὴν γῆν αὐτῶν
2c0d1400b0	ὡς ἔτεσιν τετρακοσίοις καὶ πεντήκοντα· καὶ μετὰ ταῦτα ἔδωκεν κριτὰς ἕως Σαμουὴλ προφήτου·
2c0d1500e5	κἀκεῖθεν ᾐτήσαντο βασιλέα, καὶ ἔδωκεν αὐτοῖς ὁ θεὸς τὸν Σαοὺλ υἱὸν Κείς, ἄνδρα ἐκ φυλῆς Βενιαμείν, ἔτη τεσσεράκοντα·
2c0d160151	καὶ μεταστήσας αὐτὸν ἤγειρεν τὸν Δαυεὶδ αὐτοῖς εἰς βασιλέα, ᾧ καὶ εἶπεν μαρτυρήσας, Εὗρον Δαυεὶδ τὸν τοῦ Ἰεσσαί, ἄνδρα κατὰ τὴν καρδίαν μου, ὃς ποιήσει πάντα τὰ θελήματά μου.
2c0d17009f	τούτου ὁ θεὸς ἀπὸ τοῦ σπέρματος κατ᾽ ἐπαγγελίαν ἤγαγεν τῷ Ἰσραὴλ σωτῆρα Ἰησοῦν,
2c0d1800b3	προκηρύξαντος Ἰωάνου πρὸ προσώπου τῆς εἰσόδου αὐτοῦ βάπτισμα μετανοίας παντὶ τῷ λαῷ Ἰσραήλ.
2c0d19012e	ὡς δὲ ἐπλήρου Ἰωάνης τὸν δρόμον ἔλεγεν Τί ἐμὲ ὑπονοεῖτε εἶναι; οὐκ εἰμὶ ἐγώ· ἀλλ᾽ ἰδοὺ ἔρχεται μετ᾽ ἐμὲ οὗ οὐκ εἰμὶ ἄξιος τὸ ὑπόδημα τῶν ποδῶν λῦσαι.
2c0d1a00e2	ἄνδρες ἀδελφοί, υἱοὶ γένους Ἀβραὰμ καὶ οἱ ἐν ὑμῖν φοβούμενοι τὸν θεόν, ὑμῖν ὁ λόγος τῆς σωτηρίας ταύτης ἐξαπεστάλη.
2c0d1b0142	οἱ γὰρ κατοικοῦντες ἐν Ἱερουσαλὴμ καὶ οἱ ἄρχοντες αὐτῶν τοῦτον ἀγνοήσαντες καὶ τὰς φωνὰς τῶν προφητῶν τὰς κατὰ πᾶν σάββατον ἀναγινωσκομένας, κρίναντες ἐπλήρωσαν·
2c0d1c0090	καὶ μηδεμίαν αἰτίαν θανάτου εὑρόντες, ᾐτήσαντο Πιλᾶτον ἀναιρεθῆναι αὐτόν.
2c0d1d00b6	ὡς δὲ ἐτέλεσαν πάντα τὰ περὶ αὐτοῦ γεγραμμένα, καθελόντες ἀπὸ τοῦ ξύλου, ἔθηκαν εἰς μνημεῖον.
2c0d1e0045	ὁ δὲ θεὸς ἤγειρεν αὐτὸν ἐκ νεκρῶν,
2c0d1f0104	ὃς ὤφθη ἐπὶ ἡμέρας πλείους τοῖς συναναβᾶσιν αὐτῷ ἀπὸ τῆς Γαλιλαίας εἰς Ἱερουσαλήμ, οἵτινες νῦν εἰσὶν μάρτυρες αὐτοῦ πρὸς τὸν λαόν.
2c0d200092	καὶ ἡμεῖς ὑμᾶς εὐαγγελιζόμεθα τὴν πρὸς τοὺς πατέρας ἐπαγγελίαν γενομένην,
2c0d210119	ὅτι ταύτην ὁ θεὸς ἐκπεπλήρωκεν τοῖς τέκνοις ἡμῶν, ἀναστήσας Ἰησοῦν, ὡς καὶ ἐν τῷ πρώτῳ ψαλμῷ γέγραπται, Υἱός μου εἶ σύ, ἐγὼ σήμερον γεγέννηκά σε.
2c0d2200fd	ὅτι δὲ ἀνέστησεν αὐτὸν ἐκ νεκρῶν μηκέτι μέλλοντα ὑποστρέφειν εἰς διαφθοράν, οὕτως εἴρηκεν, ὅτι Δώσω ὑμῖν τὰ ὅσια Δαυεὶδ τὰ πιστά.
2c0d230080	διότι καὶ ἐν ἑτέρῳ λέγει, Οὐ δώσεις τὸν ὅσιόν σου ἰδεῖν διαφθοράν.
2c0d2400f6	Δαυεὶδ μὲν γὰρ ἰδίᾳ γενεᾷ ὑπηρετήσας τῇ τοῦ θεοῦ βουλῇ ἐκοιμήθη, καὶ προσετέθη πρὸς τοὺς πατέρας αὐτοῦ, καὶ εἶδεν διαφθοράν·
2c0d250052	ὃν δὲ ὁ θεὸς ἤγειρεν, οὐκ εἶδεν διαφθοράν.
2c0d26012c	γνωστὸν οὖν ἔστω ὑμῖν, ἄνδρες ἀδελφοί, ὅτι διὰ τούτου ὑμῖν ἄφεσις ἁμαρτιῶν καταγγέλλεται· [καὶ] ἀπὸ πάντων ὧν οὐκ ἠδυνήθητε ἐν νόμῳ Μωυσέως δικαιωθῆναι,
2c0d270045	ἐν τούτῳ πᾶς ὁ πιστεύων δικαιοῦται.
2c0d280069	βλέπετε οὖν μὴ ἐπέλθῃ τὸ εἰρημένον ἐν τοῖς προφήταις,
2c0d290126	Ἴδετε, οἱ καταφρονηταί, καὶ θαυμάσατε καὶ ἀφανίσθητε, ὅτι ἔργον ἐργάζομαι ἐγὼ ἐν ταῖς ἡμέραις ὑμῶν, ἔργον ὃ οὐ μὴ πιστεύσητε ἐάν τις ἐκδιηγῆται ὑμῖν.
2c0d2a00aa	Ἐξιόντων δὲ αὐτῶν παρεκάλουν εἰς τὸ μεταξὺ σάββατον λαληθῆναι αὐτοῖς τὰ ῥήματα ταῦτα.
2c0d2b0170	λυθείσης δὲ τῆς συναγωγῆς ἠκολούθησαν πολλοὶ τῶν Ἰουδαίων καὶ τῶν σεβομένων προσηλύτων τῷ Παύλῳ καὶ τῷ Βαρνάβᾳ, οἵτινες προσλαλοῦντες αὐτοῖς ἔπειθον αὐτοὺς προσμένειν τῇ χάριτι τοῦ θεοῦ.
2c0d2c009e	Τῷ δὲ ἐρχομένῳ σαββάτῳ σχεδὸν πᾶσα ἡ πόλις συνήχθη ἀκοῦσαι τὸν λόγον τοῦ κυρίου.
2c0d2d00d9	ἰδόντες δὲ οἱ Ἰουδαῖοι τοὺς ὄχλους ἐπλήσθησαν ζήλου, καὶ ἀντέλεγον τοῖς ὑπὸ Παύλου λαλουμένοις, βλασφημοῦντες.
2c0d2e019b	παῤῥησιασάμενοί τε ὁ Παῦλος καὶ ὁ Βαρνάβας εἶπαν, Ὑμῖν ἦν ἀναγκαῖον πρῶτον λαληθῆναι τὸν λόγον τοῦ θεοῦ· ἐπειδὴ ἀπωθεῖσθε αὐτὸν καὶ οὐκ ἀξίους κρίνετε ἑαυτοὺς τῆς αἰωνίου ζωῆς, ἰδοὺ στρεφόμεθα εἰς τὰ ἔθνη.
2c0d2f00d3	οὕτως γὰρ ἐντέταλται ἡμῖν ὁ κύριος, Τέθεικά σε εἰς φῶς ἐθνῶν, τοῦ εἶναί σε εἰς σωτηρίαν ἕως ἐσχάτου τῆς γῆς.
2c0d3000e4	ἀκούοντα δὲ τὰ ἔθνη ἔχαιρον καὶ ἐδόξαζον τὸν λόγον τοῦ κυρίου, καὶ ἐπίστευσαν ὅσοι ἦσαν τεταγμένοι εἰς ζωὴν αἰώνιον.
2c0d310062	διεφέρετο δὲ ὁ λόγος τοῦ κυρίου δι᾽ ὅλης τῆς χώρας.
2c0d32016e	οἱ δὲ Ἰουδαῖοι παρώτρυναν τὰς σεβομένας γυναῖκας τὰς εὐσχήμονας καὶ τοὺς πρώτους τῆς πόλεως, καὶ ἐπήγειραν διωγμὸν ἐπὶ τὸν Παῦλον καὶ Βαρνάβαν, καὶ ἐξέβαλον αὐτοὺς ἀπὸ τῶν ὁρίων αὐτῶν.
2c0d330094	οἱ δὲ ἐκτιναξάμενοι τὸν κονιορτὸν τῶν ποδῶν ἐπ᾽ αὐτοὺς ἦλθον εἰς Ἰκόνιον.
2c0d340065	οἵ τε μαθηταὶ ἐπληροῦντο χαρᾶς καὶ πνεύματος ἁγίου.
2c0e010132	Ἐγένετο δὲ ἐν Ἰκονίῳ κατὰ τὸ αὐτὸ εἰσελθεῖν αὐτοὺς εἰς τὴν συναγωγὴν τῶν Ἰουδαίων, καὶ λαλῆσαι οὕτως ὥστε πιστεῦσαι Ἰουδαίων τε καὶ Ἑλλήνων πολὺ πλῆθος.
2c0e0200b3	οἱ δὲ ἀπειθήσαντες Ἰουδαῖοι ἐπήγειραν καὶ ἐκάκωσαν τὰς ψυχὰς τῶν ἐθνῶν κατὰ τῶν ἀδελφῶν.
2c0e03013c	ἱκανὸν μὲν οὖν χρόνον διέτριψαν παῤῥησιαζόμενοι ἐπὶ τῷ κυρίῳ τῷ μαρτυροῦντι τῷ λόγῳ τῆς χάριτος αὐτοῦ, διδόντι σημεῖα καὶ τέρατα γίνεσθαι διὰ τῶν χειρῶν αὐτῶν.
2c0e0400bb	ἐσχίσθη δὲ τὸ πλῆθος τῆς πόλεως, καὶ οἱ μὲν ἦσαν σὺν τοῖς Ἰουδαίοις, οἱ δὲ σὺν τοῖς ἀποστόλοις.
2c0e0500cb	ὡς δὲ ἐγένετο ὁρμὴ τῶν ἐθνῶν τε καὶ Ἰουδαίων σὺν τοῖς ἄρχουσιν αὐτῶν, ὑβρίσαι καὶ λιθοβολῆσαι αὐτούς,
2c0e0600a8	συνιδόντες κατέφυγον εἰς τὰς πόλεις τῆς Λυκαονίας, Λύστραν καὶ Δέρβην καὶ τὴν περίχωρον,
2c0e070037	κἀκεῖ εὐαγγελιζόμενοι ἦσαν.
2c0e0800d7	Καί τις ἀνὴρ ἐν Λύστροις ἀδύνατος τοῖς ποσὶν ἐκάθητο, χωλὸς ἐκ κοιλίας μητρὸς αὐτοῦ, ὃς οὐδέποτε περιεπάτησεν.
2c0e0900b3	οὗτος ἤκουσεν τοῦ Παύλου λαλοῦντος, ὃς ἀτενίσας αὐτῷ καὶ ἰδὼν ὅτι ἔχει πίστιν τοῦ σωθῆναι,
2c0e0a009a	εἶπεν μεγάλῃ φωνῇ, Ἀνάστηθι ἐπὶ τοὺς πόδας σου ὀρθός. καὶ ἥλατο καὶ περιεπάτει.
2c0e0b0109	οἱ δὲ ὄχλοι ἰδόντες ὃ ἐποίησεν Παῦλος ἐπῆραν τὴν φωνὴν αὐτῶν Λυκαονιστὶ λέγοντες, Οἱ θεοὶ ὁμοιωθέντες ἀνθρώποις κατέβησαν πρὸς ἡμᾶς·
2c0e0c00ad	ἐκάλουν τε τὸν Βαρνάβαν Δία, τὸν δὲ Παῦλον Ἑρμῆν, ἐπειδὴ αὐτὸς ἦν ὁ ἡγούμενος τοῦ λόγου.
2c0e0d00f1	ὅ τε ἱερεὺς τοῦ Διὸς τοῦ ὄντος πρὸ τῆς πόλεως, ταύρους καὶ στέμματα ἐπὶ τοὺς πυλῶνας ἐνέγκας, σὺν τοῖς ὄχλοις ἤθελεν θύειν.
2c0e0e00de	ἀκούσαντες δὲ οἱ ἀπόστολοι Βαρνάβας καὶ Παῦλος διαῤῥήξαντες τὰ ἱμάτια αὐτῶν ἐξεπήδησαν εἰς τὸν ὄχλον, κράζοντες
2c0e0f01cb	καὶ λέγοντες, Ἄνδρες, τί ταῦτα ποιεῖτε; καὶ ἡμεῖς ὁμοιοπαθεῖς ἐσμεν ὑμῖν ἄνθρωποι, εὐαγγελιζόμενοι ὑμᾶς ἀπὸ τούτων τῶν ματαίων ἐπιστρέφειν ἐπὶ θεὸν ζῶντα, ὃς ἐποίησεν τὸν οὐρανὸν καὶ τὴν γῆν καὶ τὴν θάλασσαν καὶ πάντα τὰ ἐν αὐτοῖς,
2c0e1000a3	ὃς ἐν ταῖς παρῳχημέναις γενεαῖς εἴασεν πάντα τὰ ἔθνη πορεύεσθαι ταῖς ὁδοῖς αὐτῶν·
2c0e11012c	καίτοι οὐκ ἀμάρτυρον αὐτὸν ἀφῆκεν ἀγαθουργῶν, οὐρανόθεν [ὑμῖν] ὑετοὺς διδοὺς καὶ καιροὺς καρποφόρους, ἐμπιπλῶν τροφῆς καὶ εὐφροσύνης τὰς καρδίας ὑμῶν.
2c0e120086	καὶ ταῦτα λέγοντες, μόλις κατέπαυσαν τοὺς ὄχλους τοῦ μὴ θύειν αὐτοῖς.
2c0e13012c	Ἐπῆλθαν δὲ ἀπὸ Ἀντιοχείας καὶ Ἰκονίου Ἰουδαῖοι, καὶ πείσαντες τοὺς ὄχλους, καὶ λιθάσαντες τὸν Παῦλον ἔσυρον ἔξω τῆς πόλεως, νομίζοντες αὐτὸν τεθνηκέναι.
2c0e1400e6	κυκλωσάντων δὲ τῶν μαθητῶν αὐτὸν ἀναστὰς εἰσῆλθεν εἰς τὴν πόλιν, καὶ τῇ ἐπαύριον ἐξῆλθεν σὺν τῷ Βαρνάβᾳ εἰς Δέρβην.
2c0e1500f8	εὐαγγελισάμενοί τε τὴν πόλιν ἐκείνην καὶ μαθητεύσαντες ἱκανούς, ὑπέστρεψαν εἰς τὴν Λύστραν καὶ εἰς Ἰκόνιον καὶ εἰς Ἀντιόχειαν·
2c0e16011f	ἐπιστηρίζοντες τὰς ψυχὰς τῶν μαθητῶν, παρακαλοῦντες ἐμμένειν τῇ πίστει, καὶ ὅτι Διὰ πολλῶν θλίψεων δεῖ ἡμᾶς εἰσελθεῖν εἰς τὴν βασιλείαν τοῦ θεοῦ.
2c0e170103	χειροτονήσαντες δὲ αὐτοῖς κατ᾽ ἐκκλησίαν πρεσβυτέρους, προσευξάμενοι μετὰ νηστειῶν, παρέθεντο αὐτοὺς τῷ κυρίῳ εἰς ὃν πεπιστεύκεισαν.
2c0e180065	Καὶ διελθόντες τὴν Πισιδίαν ἦλθον εἰς τὴν Παμφυλίαν,
2c0e190072	καὶ λαλήσαντες ἐν Πέργῃ τὸν λόγον κατέβησαν εἰς Ἀττάλειαν·
2c0e1a00ce	κἀκεῖθεν ἀπέπλευσαν εἰς Ἀντιόχειαν, ὅθεν ἦσαν παραδεδομένοι τῇ χάριτι τοῦ θεοῦ εἰς τὸ ἔργον ὃ ἐπλήρωσαν.
2c0e1b0108	παραγενόμενοι δὲ καὶ συναγαγόντες τὴν ἐκκλησίαν ἀνήγγελλον ὅσα ἐποίησεν ὁ θεὸς μετ᾽ αὐτῶν, καὶ ὅτι ἤνοιξεν τοῖς ἔθνεσιν θύραν πίστεως.
2c0e1c0060	διέτριβον δὲ χρόνον οὐκ ὀλίγον σὺν τοῖς μαθηταῖς.
2c0f0100f7	Καί τινες κατελθόντες ἀπὸ τῆς Ἰουδαίας ἐδίδασκον τοὺς ἀδελφοὺς ὅτι Ἐὰν μὴ περιτμηθῆτε τῷ ἔθει τῷ Μωϋσέως, οὐ δύνασθε σωθῆναι.
2c0f0201ba	γενομένης δὲ στάσεως καὶ ζητήσεως οὐκ ὀλίγης τῷ Παύλῳ καὶ τῷ Βαρνάβᾳ πρὸς αὐτούς, ἔταξαν ἀναβαίνειν Παῦλον καὶ Βαρνάβαν καί τινας ἄλλους ἐξ αὐτῶν πρὸς τοὺς ἀποστόλους καὶ πρεσβυτέρους εἰς Ἱερουσαλὴμ περὶ τοῦ ζητήματος τούτου.
2c0f03014f	οἱ μὲν οὖν προπεμφθέντες ὑπὸ τῆς ἐκκλησίας διήρχοντο τήν τε Φοινίκην καὶ Σαμάρειαν, ἐκδιηγούμενοι τὴν ἐπιστροφὴν τῶν ἐθνῶν, καὶ ἐποίουν χαρὰν μεγάλην πᾶσιν τοῖς ἀδελφοῖς.
2c0f040123	παραγενόμενοι δὲ εἰς Ἱεροσόλυμα παρεδέχθησαν ἀπὸ τῆς ἐκκλησίας καὶ τῶν ἀποστόλων καὶ τῶν πρεσβυτέρων, ἀνήγγειλάν τε ὅσα ὁ θεὸς ἐποίησεν μετ᾽ αὐτῶν.
2c0f05011f	ἐξανέστησαν δέ τινες τῶν ἀπὸ τῆς αἱρέσεως τῶν Φαρισαίων πεπιστευκότες, λέγοντες ὅτι δεῖ περιτέμνειν αὐτοὺς παραγγέλλειν τε τηρεῖν τὸν νόμον Μωϋσέως.
2c0f060090	συνήχθησάν τε οἱ ἀπόστολοι καὶ οἱ πρεσβύτεροι ἰδεῖν περὶ τοῦ λόγου τούτου.
2c0f0701b5	πολλῆς δὲ ζητήσεως γενομένης, ἀναστὰς Πέτρος εἶπεν πρὸς αὐτούς, Ἄνδρες ἀδελφοί, ὑμεῖς ἐπίστασθε ὅτι ἀφ᾽ ἡμερῶν ἀρχαίων ἐν ὑμῖν ἐξελέξατο ὁ θεὸς διὰ τοῦ στόματός μου ἀκοῦσαι τὰ ἔθνη τὸν λόγον τοῦ εὐαγγελίου καὶ πιστεῦσαι.
2c0f0800a8	καὶ ὁ καρδιογνώστης θεὸς ἐμαρτύρησεν αὐτοῖς δοὺς τὸ πνεῦμα τὸ ἅγιον καθὼς καὶ ἡμῖν·
2c0f0900a6	καὶ οὐθὲν διέκρινεν μεταξὺ ἡμῶν τε καὶ αὐτῶν, τῇ πίστει καθαρίσας τὰς καρδίας αὐτῶν.
2c0f0a0102	νῦν οὖν τί πειράζετε τὸν θεὸν ἐπιθεῖναι ζυγὸν ἐπὶ τὸν τράχηλον τῶν μαθητῶν, ὃν οὔτε οἱ πατέρες ἡμῶν οὔτε ἡμεῖς ἰσχύσαμεν βαστάσαι;
2c0f0b00a1	ἀλλὰ διὰ τῆς χάριτος τοῦ κυρίου Ἰησοῦ πιστεύομεν σωθῆναι καθ᾽ ὃν τρόπον κἀκεῖνοι.
2c0f0c0107	ἐσίγησεν δὲ πᾶν τὸ πλῆθος, καὶ ἤκουον Βαρνάβα καὶ Παύλου ἐξηγουμένων ὅσα ἐποίησεν ὁ θεὸς σημεῖα καὶ τέρατα ἐν τοῖς ἔθνεσιν δι᾽ αὐτῶν.
2c0f0d009b	μετὰ δὲ τὸ σιγῆσαι αὐτοὺς ἀπεκρίθη Ἰάκωβος λέγων, Ἄνδρες ἀδελφοί, ἀκούσατέ μου.
2c0f0e00af	Συμεὼν ἐξηγήσατο καθὼς πρῶτον ὁ θεὸς ἐπεσκέψατο λαβεῖν ἐξ ἐθνῶν λαὸν τῷ ὀνόματι αὐτοῦ·
2c0f0f0077	καὶ τούτῳ συμφωνοῦσιν οἱ λόγοι τῶν προφητῶν, καθὼς γέγραπται,
2c0f100106	Μετὰ ταῦτα ἀναστρέψω καὶ ἀνοικοδομήσω τὴν σκηνὴν Δαυεὶδ τὴν πεπτωκυῖαν, καὶ τὰ κατεστρεμμένα αὐτῆς ἀνοικοδομήσω καὶ ἀνορθώσω αὐτήν·
2c0f110120	ὅπως ἂν ἐκζητήσωσιν οἱ κατάλοιποι τῶν ἀνθρώπων τὸν κύριον, καὶ πάντα τὰ ἔθνη, ἐφ᾽ οὓς ἐπικέκληται τὸ ὄνομά μου ἐπ᾽ αὐτούς, λέγει κύριος ποιῶν ταῦτα
2c0f120026	γνωστὰ ἀπ᾽ αἰῶνος.
2c0f130098	διὸ ἐγὼ κρίνω μὴ παρενοχλεῖν τοῖς ἀπὸ τῶν ἐθνῶν ἐπιστρέφουσιν ἐπὶ τὸν θεόν,
2c0f1400de	ἀλλὰ ἐπιστεῖλαι αὐτοῖς τοῦ ἀπέχεσθαι τῶν ἀλισγημάτων τῶν εἰδώλων καὶ τῆς πορνείας καὶ πνικτοῦ καὶ τοῦ αἵματος.
2c0f1500f0	Μωυσῆς γὰρ ἐκ γενεῶν ἀρχαίων κατὰ πόλιν τοὺς κηρύσσοντας αὐτὸν ἔχει ἐν ταῖς συναγωγαῖς κατὰ πᾶν σάββατον ἀναγινωσκόμενος.
2c0f1601be	Τότε ἔδοξεν τοῖς ἀποστόλοις καὶ τοῖς πρεσβυτέροις σὺν ὅλῃ τῇ ἐκκλησίᾳ ἐκλεξαμένους ἄνδρας ἐξ αὐτῶν πέμψαι εἰς Αντιόχειαν σὺν τῷ Παύλῳ καὶ Βαρνάβᾳ, Ἰούδαν τὸν καλούμενον Βαρσαββᾶν καὶ Σίλαν, ἄνδρας ἡγουμένους ἐν τοῖς ἀδελφοῖς,
2c0f170127	γράψαντες διὰ χειρὸς αὐτῶν, Οἱ ἀπόστολοι καὶ οἱ πρεσβύτεροι ἀδελφοὶ τοῖς κατὰ τὴν Ἀντιόχειαν καὶ Συρίαν καὶ Κιλικίαν ἀδελφοῖς τοῖς ἐξ ἐθνῶν, χαίρειν.
2c0f1800f0	ἐπειδὴ ἠκούσαμεν ὅτι τινὲς ἐξ ἡμῶν ἐξελθόντες ἐτάραξαν ὑμᾶς λόγοις ἀνασκευάζοντες τὰς ψυχὰς ὑμῶν, οἷς οὐ διεστειλάμεθα·
2c0f1900e5	ἔδοξεν ἡμῖν γενομένοις ὁμοθυμαδὸν ἐκλεξαμένοις ἄνδρας πέμψαι πρὸς ὑμᾶς σὺν τοῖς ἀγαπητοῖς ἡμῶν Βαρνάβᾳ καὶ Παύλῳ,
2c0f1a00b2	ἀνθρώποις παραδεδωκόσιν τὰς ψυχὰς αὐτῶν ὑπὲρ τοῦ ὀνόματος τοῦ κυρίου ἡμῶν Ἰησοῦ χριστοῦ.
2c0f1b009a	ἀπεστάλκαμεν οὖν Ἰούδαν καὶ Σίλαν, καὶ αὐτοὺς διὰ λόγου ἀπαγγέλλοντας τὰ αὐτά.
2c0f1c00ca	ἔδοξεν γὰρ τῷ πνεύματι τῷ ἁγίῳ καὶ ἡμῖν μηδὲν πλέον ἐπιτίθεσθαι ὑμῖν βάρος, πλὴν τούτων τῶν ἐπάναγκες,
2c0f1d00d6	ἀπέχεσθαι εἰδωλοθύτων καὶ αἵματος καὶ πνικτῶν καὶ πορνείας· ἐξ ὧν διατηροῦντες ἑαυτοὺς εὖ πράξετε. ἔῤῥωσθε.
2c0f1e00c2	Οἱ μὲν οὖν ἀπολυθέντες κατῆλθον εἰς Ἀντιόχειαν, καὶ συναγαγόντες τὸ πλῆθος ἐπέδωκαν τὴν ἐπιστολήν.
2c0f1f0052	ἀναγνόντες δὲ ἐχάρησαν ἐπὶ τῇ παρακλήσει.
2c0f2000d0	Ἰούδας τε καὶ Σίλας, καὶ αὐτοὶ προφῆται ὄντες, διὰ λόγου πολλοῦ παρεκάλεσαν τοὺς ἀδελφοὺς καὶ ἐπεστήριξαν.
2c0f2100b8	ποιήσαντες δὲ χρόνον ἀπελύθησαν μετ᾽ εἰρήνης ἀπὸ τῶν ἀδελφῶν πρὸς τοὺς ἀποστείλαντας αὐτούς.
2c0f2300f1	Παῦλος δὲ καὶ Βαρνάβας διέτριβον ἐν Ἀντιοχείᾳ διδάσκοντες καὶ εὐαγγελιζόμενοι, μετὰ καὶ ἑτέρων πολλῶν τὸν λόγον τοῦ κυρίου.
2c0f240142	Μετὰ δέ τινας ἡμέρας εἶπεν πρὸς Βαρνάβαν Παῦλος, Ἐπιστρέψαντες δὴ ἐπισκεψώμεθα τοὺς ἀδελφοὺς κατὰ πόλιν πᾶσαν ἐν αἷς κατηγγείλαμεν τὸν λόγον τοῦ κυρίου, πῶς ἔχουσιν.
2c0f25008e	Βαρνάβας δὲ ἐβούλετο συμπαραλαβεῖν καὶ τὸν Ἰωάνην τὸν καλούμενον Μάρκον·
2c0f2600f1	Παῦλος δὲ ἠξίου τὸν ἀποστάντα ἀπ᾽ αὐτῶν ἀπὸ Παμφυλίας, καὶ μὴ συνελθόντα αὐτοῖς εἰς τὸ ἔργον, μὴ συμπαραλαμβάνειν τοῦτον.
2c0f2700f0	ἐγένετο δὲ παροξυσμός, ὥστε ἀποχωρισθῆναι αὐτοὺς ἀπ᾽ ἀλλήλων, τόν τε Βαρνάβαν παραλαβόντα τὸν Μάρκον ἐκπλεῦσαι εἰς Κύπρον·
2c0f2800ab	Παῦλος δὲ ἐπιλεξάμενος Σίλαν ἐξῆλθεν, παραδοθεὶς τῇ χάριτι τοῦ κυρίου ὑπὸ τῶν ἀδελφῶν.
2c0f29007a	διήρχετο δὲ τὴν Συρίαν καὶ Κιλικίαν, ἐπιστηρίζων τὰς ἐκκλησίας.
2c1001011a	Κατήντησεν δὲ [καὶ] εἰς Δέρβην καὶ εἰς Λύστραν. καὶ ἰδοὺ μαθητής τις ἦν ἐκεῖ, ὀνόματι Τιμόθεος, υἱὸς γυναικὸς Ἰουδαίας πιστῆς, πατρὸς δὲ Ἕλληνος·
2c1002006f	ὃς ἐμαρτυρεῖτο ὑπὸ τῶν ἐν Λύστροις καὶ Ἰκονίῳ ἀδελφῶν.
2c10030166	τοῦτον ἠθέλησεν ὁ Παῦλος σὺν αὐτῷ ἐξελθεῖν, καὶ λαβὼν περιέτεμεν αὐτὸν διὰ τοὺς Ἰουδαίους τοὺς ὄντας ἐν τοῖς τόποις ἐκείνοις· ᾔδεισαν γὰρ ἅπαντες ὅτι Ἕλλην ὁ πατὴρ αὐτοῦ ὑπῆρχεν.
2c1004010e	ὡς δὲ διεπορεύοντο τὰς πόλεις, παρεδίδοσαν αὐτοῖς φυλάσσειν τὰ δόγματα τὰ κεκριμένα ὑπὸ τῶν ἀποστόλων καὶ πρεσβυτέρων τῶν ἐν Ἱεροσολύμοις.
2c100500a3	Αἱ μὲν οὖν ἐκκλησίαι ἐστερεοῦντο τῇ πίστει καὶ ἐπερίσσευον τῷ ἀριθμῷ καθ᾽ ἡμέραν.
2c100600d3	διῆλθον δὲ τὴν Φρυγίαν καὶ Γαλατικὴν χώραν κωλυθέντες ὑπὸ τοῦ ἁγίου πνεύματος λαλῆσαι τὸν λόγον ἐν τῇ Ἀσίᾳ,
2c100700d1	ἐλθόντες δὲ κατὰ τὴν Μυσίαν ἐπείραζον εἰς τὴν Βιθυνίαν πορευθῆναι, καὶ οὐκ εἴασεν αὐτοὺς τὸ πνεῦμα Ἰησοῦ.
2c1008005a	παρελθόντες δὲ τὴν Μυσίαν κατέβησαν εἰς Τρωάδα.
2c10090100	καὶ ὅραμα διὰ νυκτὸς τῷ Παύλῳ ὤφθη· ἀνὴρ Μακεδών τις ἦν ἑστὼς καὶ παρακαλῶν αὐτὸν καὶ λέγων, Διαβὰς εἰς Μακεδονίαν βοήθησον ἡμῖν.
2c100a0101	ὡς δὲ τὸ ὅραμα εἶδεν, εὐθέως ἐζητήσαμεν ἐξελθεῖν εἰς Μακεδονίαν, συμβιβάζοντες ὅτι προσκέκληται ἡμᾶς ὁ θεὸς εὐαγγελίσασθαι αὐτούς.
2c100b00ad	ἀναχθέντες οὖν ἀπὸ Τρωάδος εὐθυδρομήσαμεν εἰς Σαμοθρᾴκην, τῇ δὲ ἐπιούσῃ εἰς Νεὰν πόλιν,
2c100c00fe	κἀκεῖθεν εἰς Φιλίππους, ἥτις ἐστὶν πρώτη τῆς μερίδος Μακεδονίας πόλις, κολωνία. Ἦμεν δὲ ἐν ταύτῃ τῇ πόλει διατρίβοντες ἡμέρας τινάς,
2c100d011d	τῇ τε ἡμέρᾳ τῶν σαββάτων ἐξήλθομεν ἔξω τῆς πύλης παρὰ ποταμόν, οὗ ἐνομίζομεν προσευχὴν εἶναι, καὶ καθίσαντες ἐλαλοῦμεν ταῖς συνελθούσαις γυναιξίν.
2c100e012a	καί τις γυνὴ ὀνόματι Λυδία, πορφυρόπωλις πόλεως Θυατείρων σεβομένη τὸν θεόν, ἤκουεν, ἧς ὁ κύριος διήνοιξεν τὴν καρδίαν προσέχειν τοῖς λαλουμένοις ὑπὸ Παύλου.
2c100f012c	ὡς δὲ ἐβαπτίσθη καὶ ὁ οἶκος αὐτῆς, παρεκάλεσεν λέγουσα, Εἰ κεκρίκατέ με πιστὴν τῷ κυρίῳ εἶναι, εἰσελθόντες εἰς τὸν οἶκόν μου μένετε· καὶ παρεβιάσατο ἡμᾶς.
2c1010013e	Ἐγένετο δὲ πορευομένων ἡμῶν εἰς τὴν προσευχήν, παιδίσκην τινὰ ἔχουσαν πνεῦμα Πύθωνα ὑπαντῆσαι ἡμῖν, ἥτις ἐργασίαν πολλὴν παρεῖχεν τοῖς κυρίοις αὐτῆς μαντευομένη.
2c1011012a	αὕτη κατακολουθοῦσα τῷ Παύλῳ καὶ ἡμῖν ἔκραζεν λέγουσα, Οὗτοι οἱ ἄνθρωποι δοῦλοι τοῦ θεοῦ τοῦ ὑψίστου εἰσίν, οἵτινες καταγγέλλουσιν ὑμῖν ὁδὸν σωτηρίας.
2c10120161	τοῦτο δὲ ἐποίει ἐπὶ πολλὰς ἡμέρας. διαπονηθεὶς δὲ Παῦλος, καὶ ἐπιστρέψας τῷ πνεύματι εἶπεν, Παραγγέλλω σοι ἐν ὀνόματι Ἰησοῦ χριστοῦ ἐξελθεῖν ἀπ᾽ αὐτῆς. Καὶ ἐξῆλθεν αὐτῇ τῇ ὥρᾳ.
2c10130129	ἰδόντες δὲ οἱ κύριοι αὐτῆς ὅτι ἐξῆλθεν ἡ ἐλπὶς τῆς ἐργασίας αὐτῶν, ἐπιλαβόμενοι τὸν Παῦλον καὶ τὸν Σίλαν εἵλκυσαν εἰς τὴν ἀγορὰν ἐπὶ τοὺς ἄρχοντας,
2c101400e7	καὶ προσαγαγόντες αὐτοὺς τοῖς στρατηγοῖς εἶπαν, Οὗτοι οἱ ἄνθρωποι ἐκταράσσουσιν ἡμῶν τὴν πόλιν Ἰουδαῖοι ὑπάρχοντες·
2c101500a4	καὶ καταγγέλλουσιν ἔθη ἃ οὐκ ἔξεστιν ἡμῖν παραδέχεσθαι οὐδὲ ποιεῖν Ῥωμαίοις οὖσιν.
2c101600c6	Καὶ συνεπέστη ὁ ὄχλος κατ᾽ αὐτῶν, καὶ οἱ στρατηγοὶ περιρήξαντες αὐτῶν τὰ ἱμάτια ἐκέλευον ῥαβδίζειν·
2c101700d2	πολλάς τε ἐπιθέντες αὐτοῖς πληγὰς ἔβαλον εἰς φυλακήν, παραγγείλαντες τῷ δεσμοφύλακι, ἀσφαλῶς τηρεῖν αὐτούς·
2c101800e2	ὃς παραγγελίαν τοιαύτην λαβὼν ἔβαλεν αὐτοὺς εἰς τὴν ἐσωτέραν φυλακήν, καὶ τοὺς πόδας ἠσφαλίσατο αὐτῶν εἰς τὸ ξύλον.
2c101900c9	κατὰ δὲ τὸ μεσονύκτιον Παῦλος καὶ Σίλας προσευχόμενοι ὕμνουν τὸν θεόν· ἐπηκροῶντο δὲ αὐτῶν οἱ δέσμιοι.
2c101a0114	ἄφνω δὲ σεισμὸς ἐγένετο μέγας, ὥστε σαλευθῆναι τὰ θεμέλια τοῦ δεσμωτηρίου· ἠνεῴχθησαν δὲ παραχρῆμα αἱ θύραι πᾶσαι, καὶ πάντων τὰ δεσμὰ ἀνέθη.
2c101b013d	ἔξυπνος δὲ γενόμενος ὁ δεσμοφύλαξ καὶ ἰδὼν ἀνεῳγμένας τὰς θύρας τῆς φυλακῆς, σπασάμενος τὴν μάχαιραν ἤμελλεν ἑαυτὸν ἀναιρεῖν, νομίζων ἐκπεφευγέναι τοὺς δεσμίους.
2c101c00b0	ἐφώνησεν δὲ φωνῇ μεγάλῃ Παῦλος λέγων, Μηδὲν πράξῃς σεαυτῷ κακόν· ἅπαντες γάρ ἐσμεν ἐνθάδε.
2c101d009f	αἰτήσας δὲ φῶτα εἰσεπήδησεν, καὶ ἔντρομος γενόμενος προσέπεσεν τῷ Παύλῳ καὶ Σίλᾳ,
2c101e007c	καὶ προαγαγὼν αὐτοὺς ἔξω ἔφη, Κύριοι, τί με δεῖ ποιεῖν ἵνα σωθῶ;
2c101f0095	Οἱ δὲ εἶπαν, Πίστευσον ἐπὶ τὸν κύριον Ἰησοῦν, καὶ σωθήσῃ σὺ καὶ ὁ οἶκός σου.
2c10200091	καὶ ἐλάλησαν αὐτῷ τὸν λόγον τοῦ κυρίου σὺν πᾶσιν τοῖς ἐν τῇ οἰκίᾳ αὐτοῦ.
2c102100fa	καὶ παραλαβὼν αὐτοὺς ἐν ἐκείνῃ τῇ ὥρᾳ τῆς νυκτὸς ἔλουσεν ἀπὸ τῶν πληγῶν, καὶ ἐβαπτίσθη αὐτὸς καὶ οἱ αὐτοῦ πάντες παραχρῆμα.
2c102200cc	ἀναγαγών τε αὐτοὺς εἰς τὸν οἶκον [αὐτοῦ] παρέθηκεν τράπεζαν, καὶ ἠγαλλιάσατο πανοικὶ πεπιστευκὼς τῷ θεῷ.
2c102300cb	Ἡμέρας δὲ γενομένης ἀπέστειλαν οἱ στρατηγοὶ τοὺς ῥαβδούχους λέγοντες, Ἀπόλυσον τοὺς ἀνθρώπους ἐκείνους.
2c10240112	ἀπήγγειλεν δὲ ὁ δεσμοφύλαξ τοὺς λόγους πρὸς τὸν Παῦλον, ὅτι Ἀπέσταλκαν οἱ στρατηγοὶ ἵνα ἀπολυθῆτε· νῦν οὖν ἐξελθόντες πορεύεσθε ἐν εἰρήνῃ.
2c10250181	ὁ δὲ Παῦλος ἔφη πρὸς αὐτούς, Δείραντες ἡμᾶς δημοσίᾳ ἀκατακρίτους, ἀνθρώπους Ῥωμαίους ὑπάρχοντας, ἔβαλαν εἰς φυλακήν, καὶ νῦν λάθρα ἡμᾶς ἐκβάλλουσιν; οὐ γὰρ ἀλλὰ ἐλθόντες αὐτοὶ ἡμᾶς ἐξαγαγέτωσαν.
2c102600d0	ἀπήγγειλαν δὲ τοῖς στρατηγοῖς οἱ ῥαβδοῦχοι τὰ ῥήματα ταῦτα· ἐφοβήθησαν δὲ ἀκούσαντες ὅτι Ῥωμαῖοί εἰσιν,
2c1027009f	καὶ ἐλθόντες παρεκάλεσαν αὐτούς, καὶ ἐξαγαγόντες ἠρώτων ἀπελθεῖν ἀπὸ τῆς πόλεως.
2c102800d3	ἐξελθόντες δὲ ἐκ τῆς φυλακῆς εἰσῆλθον πρὸς τὴν Λυδίαν· καὶ ἰδόντες παρεκάλεσαν τοὺς ἀδελφούς, καὶ ἐξῆλθαν.
2c110100cb	Διοδεύσαντες δὲ τὴν Ἀμφίπολιν καὶ τὴν Ἀπολλωνίαν ἦλθον εἰς Θεσσαλονίκην, ὅπου ἦν συναγωγὴ τῶν Ἰουδαίων.
2c110200cd	κατὰ δὲ τὸ εἰωθὸς τῷ Παύλῳ εἰσῆλθεν πρὸς αὐτούς, καὶ ἐπὶ σάββατα τρία διελέξατο αὐτοῖς ἀπὸ τῶν γραφῶν,
2c11030116	διανοίγων καὶ παρατιθέμενος ὅτι τὸν χριστὸν ἔδει παθεῖν καὶ ἀναστῆναι ἐκ νεκρῶν, καὶ ὅτι οὗτός ἐστιν χριστός, Ἰησοῦς ὃν ἐγὼ καταγγέλλω ὑμῖν.
2c11040117	καί τινες ἐξ αὐτῶν ἐπείσθησαν καὶ προσεκληρώθησαν τῷ Παύλῳ καὶ τῷ Σίλᾳ, τῶν τε σεβομένων Ἑλλήνων πλῆθος πολύ, γυναικῶν τε τῶν πρώτων οὐκ ὀλίγαι.
2c1105017f	ζηλώσαντες δὲ οἱ Ἰουδαῖοι καὶ προσλαβόμενοι τῶν ἀγοραίων ἄνδρας τινὰς πονηρούς, καὶ ὀχλοποιήσαντες, ἐθορύβουν τὴν πόλιν, καὶ ἐπιστάντες τῇ οἰκίᾳ Ἰάσονος ἐζήτουν αὐτοὺς προαγαγεῖν εἰς τὸν δῆμον·
2c11060124	μὴ εὑρόντες δὲ αὐτοὺς ἔσυρον Ἰάσονα καί τινας ἀδελφοὺς ἐπὶ τοὺς πολιτάρχας, βοῶντες ὅτι Οἱ τὴν οἰκουμένην ἀναστατώσαντες οὗτοι καὶ ἐνθάδε πάρεισιν,
2c110700ea	οὓς ὑποδέδεκται Ἰάσων· καὶ οὗτοι πάντες ἀπέναντι τῶν δογμάτων Καίσαρος πράσσουσιν, βασιλέα ἕτερον λέγοντες εἶναι Ἰησοῦν.
2c11080074	Ἐτάραξαν δὲ τὸν ὄχλον καὶ τοὺς πολιτάρχας ἀκούοντας ταῦτα·
2c1109008e	καὶ λαβόντες τὸ ἱκανὸν παρὰ τοῦ Ἰάσονος καὶ τῶν λοιπῶν ἀπέλυσαν αὐτούς.
2c110a011c	οἱ δὲ ἀδελφοὶ εὐθέως διὰ νυκτὸς ἐξέπεμψαν τόν τε Παῦλον καὶ τὸν Σίλαν εἰς Βέροιαν, οἵτινες παραγενόμενοι εἰς τὴν συναγωγὴν τῶν Ἰουδαίων ἀπῄεσαν.
2c110b012b	οὗτοι δὲ ἦσαν εὐγενέστεροι τῶν ἐν Θεσσαλονίκῃ, οἵτινες ἐδέξαντο τὸν λόγον μετὰ πάσης προθυμίας, καθ᾽ ἡμέραν ἀνακρίνοντες τὰς γραφάς, εἰ ἔχοι ταῦτα οὕτως.
2c110c00c9	πολλοὶ μὲν οὖν ἐξ αὐτῶν ἐπίστευσαν, καὶ τῶν Ἑλληνίδων γυναικῶν τῶν εὐσχημόνων καὶ ἀνδρῶν οὐκ ὀλίγοι.
2c110d0142	ὡς δὲ ἔγνωσαν οἱ ἀπὸ τῆς Θεσσαλονίκης Ἰουδαῖοι, ὅτι καὶ ἐν τῇ βεροίᾳ κατηγγέλη ὑπὸ τοῦ Παύλου ὁ λόγος τοῦ θεοῦ, ἦλθον κἀκεῖ σαλεύοντες καὶ ταράσσοντες τοὺς ὄχλους.
2c110e00fa	εὐθέως δὲ τότε τὸν Παῦλον ἐξαπέστειλαν οἱ ἀδελφοὶ πορεύεσθαι ἕως ἐπὶ τὴν θάλασσαν· ὑπέμεινάν τε ὅ τε Σίλας καὶ ὁ Τιμόθεος ἐκεῖ.
2c110f0121	οἱ δὲ καθιστάνοντες τὸν Παῦλον ἤγαγον ἕως Ἀθηνῶν, καὶ λαβόντες ἐντολὴν πρὸς τὸν Σίλαν καὶ τὸν Τιμόθεον, ἵνα ὡς τάχιστα ἔλθωσιν πρὸς αὐτόν, ἐξῄεσαν.
2c111000f5	Ἐν δὲ ταῖς Ἀθήναις ἐκδεχομένου αὐτοὺς τοῦ Παύλου, παρωξύνετο τὸ πνεῦμα αὐτοῦ ἐν αὐτῷ, θεωροῦντος κατείδωλον οὖσαν τὴν πόλιν.
2c11110100	διελέγετο μὲν οὖν ἐν τῇ συναγωγῇ τοῖς Ἰουδαίοις καὶ τοῖς σεβομένοις, καὶ ἐν τῇ ἀγορᾷ κατὰ πᾶσαν ἡμέραν πρὸς τοὺς παρατυγχάνοντας·
2c111201ac	τινὲς δὲ καὶ τῶν Ἐπικουρείων καὶ Στοϊκῶν φιλοσόφων συνέβαλλον αὐτῷ· καί τινες ἔλεγον, Τί ἂν θέλοι ὁ σπερμολόγος οὗτος λέγειν; Οἱ δέ, Ξένων δαιμονίων δοκεῖ καταγγελεὺς εἶναι· ὅτι τὸν Ἰησοῦν καὶ τὴν ἀνάστασιν εὐηγγελίζετο.
2c111300ee	ἐπιλαβόμενοι δὲ αὐτοῦ ἐπὶ τὸν Ἄρειον πάγον ἤγαγον λέγοντες, Δυνάμεθα γνῶναι τίς ἡ καινὴ αὕτη [ἡ] ὑπὸ σοῦ λαλουμένη διδαχή;
2c111400b6	ξενίζοντα γάρ τινα εἰσφέρεις εἰς τὰς ἀκοὰς ἡμῶν· βουλόμεθα οὖν γνῶναι τίνα θέλει ταῦτα εἶναι.
2c111500d7	Ἀθηναῖοι δὲ πάντες καὶ οἱ ἐπιδημοῦντες ξένοι εἰς οὐδὲν ἕτερον ηὐκαίρουν ἢ λέγειν τι ἢ ἀκούειν [τι] καινότερον.
2c111600da	σταθεὶς δὲ Παῦλος ἐν μέσῳ τοῦ Ἀρείου πάγου ἔφη, Ἄνδρες Ἀθηναῖοι, κατὰ πάντα ὡς δεισιδαιμονεστέρους ὑμᾶς θεωρῶ·
2c1117012b	διερχόμενος γὰρ καὶ ἀναθεωρῶν τὰ σεβάσματα ὑμῶν εὗρον καὶ βωμὸν ἐν ᾧ ἐπεγέγραπτο, Ἀγνώστῳ θεῷ. ὃ οὖν ἀγνοοῦντες εὐσεβεῖτε, τοῦτο ἐγὼ καταγγέλλω ὑμῖν.
2c111800f3	ὁ θεὸς ὁ ποιήσας τὸν κόσμον καὶ πάντα τὰ ἐν αὐτῷ, οὗτος οὐρανοῦ καὶ γῆς ὑπάρχων κύριος, οὐκ ἐν χειροποιήτοις ναοῖς κατοικεῖ,
2c111900d3	οὐδὲ ὑπὸ χειρῶν ἀνθρωπίνων θεραπεύεται προσδεόμενός τινος, αὐτὸς διδοὺς πᾶσιν ζωὴν καὶ πνοὴν καὶ τὰ πάντα·
2c111a0124	ἐποίησέν τε ἐξ ἑνὸς πᾶν ἔθνος ἀνθρώπων κατοικεῖν ἐπὶ παντὸς προσώπου τῆς γῆς, ὁρίσας προστεταγμένους καιροὺς καὶ τὰς ὁροθεσίας τῆς κατοικίας αὐτῶν,
2c111b00d3	ζητεῖν τὸν θεόν, εἰ ἄρα γε ψηλαφήσειαν αὐτὸν καὶ εὕροιεν, καί γε οὐ μακρὰν ἀπὸ ἑνὸς ἑκάστου ἡμῶν ὑπάρχοντα.
2c111c00dd	ἐν αὐτῷ γὰρ ζῶμεν καὶ κινούμεθα καί ἐσμεν, ὡς καί τινες τῶν καθ᾽ ὑμᾶς ποιητῶν εἰρήκασιν, Τοῦ γὰρ καὶ γένος ἐσμέν.
2c111d0113	γένος οὖν ὑπάρχοντες τοῦ θεοῦ οὐκ ὀφείλομεν νομίζειν χρυσῷ ἢ ἀργύρῳ ἢ λίθῳ, χαράγματι τέχνης καὶ ἐνθυμήσεως ἀνθρώπου, τὸ θεῖον εἶναι ὅμοιον.
2c111e00da	τοὺς μὲν οὖν χρόνους τῆς ἀγνοίας ὑπεριδὼν ὁ θεὸς τὰ νῦν παραγγέλλει τοῖς ἀνθρώποις, πάντας πανταχοῦ μετανοεῖν·
2c111f0112	καθότι ἔστησεν ἡμέραν ἐν ᾗ μέλλει κρίνειν τὴν οἰκουμένην ἐν δικαιοσύνῃ, ἐν ἀνδρὶ ᾧ ὥρισεν πίστιν παρασχὼν πᾶσιν, ἀναστήσας αὐτὸν ἐκ νεκρῶν.
2c112000c1	Ἀκούσαντες δὲ ἀνάστασιν νεκρῶν οἱ μὲν ἐχλεύαζον, οἱ δὲ εἶπαν, Ἀκουσόμεθά σου περὶ τούτου καὶ πάλιν.
2c1121004d	Οὕτως ὁ Παῦλος ἐξῆλθεν ἐκ μέσου αὐτῶν.
2c112200ff	τινὲς δὲ ἄνδρες κολληθέντες αὐτῷ ἐπίστευσαν, ἐν οἷς καὶ Διονύσιος [ὁ] Ἀρεοπαγίτης καὶ γυνὴ ὀνόματι Δάμαρις, καὶ ἕτεροι σὺν αὐτοῖς.
2c1201006c	Μετὰ ταῦτα χωρισθεὶς ἐκ τῶν Ἀθηνῶν ἦλθεν εἰς Κόρινθον,
2c120201b1	καὶ εὑρών τινα Ἰουδαῖον ὀνόματι Ἀκύλαν, Ποντικὸν τῷ γένει, προσφάτως ἐληλυθότα ἀπὸ τῆς Ἰταλίας, καὶ Πρίσκιλλαν γυναῖκα αὐτοῦ, διὰ τὸ διατεταχέναι Κλαύδιον χωρίζεσθαι πάντας τοὺς Ἰουδαίους ἀπὸ τῆς Ῥώμης, προσῆλθεν αὐτοῖς·
2c120300b6	καὶ διὰ τὸ ὁμότεχνον εἶναι ἔμενεν παρ᾽ αὐτοῖς καὶ ἠργάζετο· (ἦσαν γὰρ σκηνοποιοὶ τῇ τέχνῃ)·
2c1204009c	διελέγετο δὲ ἐν τῇ συναγωγῇ κατὰ πᾶν σάββατον, ἔπειθέν τε Ἰουδαίους καὶ Ἕλληνας.
2c1205011b	ὡς δὲ κατῆλθον ἀπὸ τῆς Μακεδονίας ὅ τε Σίλας καὶ ὁ Τιμόθεος, συνείχετο τῷ λόγῳ ὁ Παῦλος, διαμαρτυρόμενος τοῖς Ιουδαίοις εἶναι τὸν χριστὸν Ἰησοῦν.
2c12060151	ἀντιτασσομένων δὲ αὐτῶν καὶ βλασφημούντων, ἐκτιναξάμενος τὰ ἱμάτια εἶπεν πρὸς αὐτούς, Τὸ αἷμα ὑμῶν ἐπὶ τὴν κεφαλὴν ὑμῶν· καθαρὸς ἐγὼ ἀπὸ τοῦ νῦν εἰς τὰ ἔθνη πορεύσομαι
2c120700f7	καὶ μεταβὰς ἐκεῖθεν ἦλθεν εἰς οἰκίαν τινὸς ὀνόματι [Τιτίου] Ἰούστου σεβομένου τὸν θεόν, οὗ ἡ οἰκία ἦν συνομοροῦσα τῇ συναγωγῇ.
2c12080106	Κρίσπος δὲ ὁ ἀρχισυνάγωγος ἐπίστευσεν τῷ κυρίῳ σὺν ὅλῳ τῷ οἴκῳ αὐτοῦ, καὶ πολλοὶ τῶν Κορινθίων ἀκούοντες ἐπίστευον καὶ ἐβαπτίζοντο.
2c120900ab	εἶπεν δὲ ὁ κύριος ἐν νυκτὶ δι᾽ ὁράματος τῷ Παύλῳ, Μὴ φοβοῦ, ἀλλὰ λάλει καὶ μὴ σιωπήσῃς,
2c120a00da	διότι ἐγώ εἰμι μετὰ σοῦ, καὶ οὐδεὶς ἐπιθήσεταί σοι τοῦ κακῶσαί σε· διότι λαός ἐστίν μοι πολὺς ἐν τῇ πόλει ταύτῃ·
2c120b0090	Ἐκάθισεν δὲ ἐνιαυτὸν καὶ μῆνας ἓξ διδάσκων ἐν αὐτοῖς τὸν λόγον τοῦ θεοῦ.
2c120c00e7	Γαλλίωνος δὲ ἀνθυπάτου ὄντος τῆς Ἀχαΐας κατεπέστησαν ὁμοθυμαδὸν οἱ Ἰουδαῖοι τῷ Παύλῳ, καὶ ἤγαγον αὐτὸν ἐπὶ τὸ βῆμα,
2c120d0096	λέγοντες ὅτι Παρὰ τὸν νόμον ἀναπείθει οὗτος τοὺς ἀνθρώπους σέβεσθαι τὸν θεόν.
2c120e0142	Μέλλοντος δὲ τοῦ Παύλου ἀνοίγειν τὸ στόμα, εἶπεν ὁ Γαλλίων πρὸς τοὺς Ἰουδαίους, Εἰ μὲν ἦν ἀδίκημά τι ἢ ῥαδιούργημα πονηρόν, ὦ Ἰουδαῖοι, κατὰ λόγον ἂν ἀνεσχόμην ὑμῶν·
2c120f00ec	εἰ δὲ ζητήματά ἐστιν περὶ λόγου καὶ ὀνομάτων καὶ νόμου τοῦ καθ᾽ ὑμᾶς, ὄψεσθε αὐτοί· κριτὴς ἐγὼ τούτων οὐ βούλομαι εἶναι.
2c12100049	καὶ ἀπήλασεν αὐτοὺς ἀπὸ τοῦ βήματος.
2c121100e6	ἐπιλαβόμενοι δὲ πάντες Σωσθένην τὸν ἀρχισυνάγωγον ἔτυπτον ἔμπροσθεν τοῦ βήματος· καὶ οὐδὲν τούτων τῷ Γαλλίωνι ἔμελεν.
2c12120164	Ὁ δὲ Παῦλος ἔτι προσμείνας ἡμέρας ἱκανάς, τοῖς ἀδελφοῖς ἀποταξάμενος ἐξέπλει εἰς τὴν Συρίαν, καὶ σὺν αὐτῷ Πρίσκιλλα καὶ Ἀκύλας, κειράμενος ἐν Κεγχρεαῖς τὴν κεφαλήν· εἶχεν γὰρ εὐχήν.
2c121300e3	κατήντησαν δὲ εἰς Ἔφεσον· κἀκείνους κατέλιπεν αὐτοῦ, αὐτὸς δὲ εἰσελθὼν εἰς τὴν συναγωγὴν διελέξατο τοῖς Ἰουδαίοις,
2c12140077	ἐρωτώντων δὲ αὐτῶν ἐπὶ πλείονα χρόνον μεῖναι, οὐκ ἐπένευσεν,
2c121500be	ἀλλὰ ἀποταξάμενος καὶ εἰπών, Πάλιν ἀνακάμψω πρὸς ὑμᾶς τοῦ θεοῦ θέλοντος, ἀνήχθη ἀπὸ τῆς Ἐφέσου·
2c121600b0	καὶ κατελθὼν εἰς Καισάρειαν, ἀναβὰς καὶ ἀσπασάμενος τὴν ἐκκλησίαν, κατέβη εἰς Ἀντιόχειαν·
2c121700dd	καὶ ποιήσας χρόνον τινὰ ἐξῆλθεν, διερχόμενος καθεξῆς τὴν Γαλατικὴν χώραν καὶ Φρυγίαν, στηρίζων πάντας τοὺς μαθητάς.
2c121800e7	Ἰουδαῖος δέ τις Ἀπολλὼς ὀνόματι, Ἀλεξανδρεὺς τῷ γένει, ἀνὴρ λόγιος, κατήντησεν εἰς Ἔφεσον, δυνατὸς ὢν ἐν ταῖς γραφαῖς.
2c12190124	οὗτος ἦν κατηχημένος τὴν ὁδὸν τοῦ κυρίου, καὶ ζέων τῷ πνεύματι ἐλάλει καὶ ἐδίδασκεν ἀκριβῶς τὰ περὶ τοῦ Ἰησοῦ, ἐπιστάμενος μόνον τὸ βάπτισμα Ἰωάνου·
2c121a0139	οὗτός τε ἤρξατο παῤῥησιάζεσθαι ἐν τῇ συναγωγῇ. ἀκούσαντες δὲ αὐτοῦ Πρίσκιλλα καὶ Ἀκύλας προσελάβοντο αὐτόν, καὶ ἀκριβέστερον αὐτῷ ἐξέθεντο τὴν ὁδὸν τοῦ θεοῦ.
2c121b0162	βουλομένου δὲ αὐτοῦ διελθεῖν εἰς τὴν Ἀχαΐαν, προτρεψάμενοι οἱ ἀδελφοὶ ἔγραψαν τοῖς μαθηταῖς ἀποδέξασθαι αὐτόν· ὃς παραγενόμενος συνεβάλετο πολὺ τοῖς πεπιστευκόσιν διὰ τῆς χάριτος·
2c121c00cc	εὐτόνως γὰρ τοῖς Ἰουδαίοις διακατηλέγχετο δημοσίᾳ ἐπιδεικνὺς διὰ τῶν γραφῶν, εἶναι τὸν χριστὸν Ἰησοῦν.
2c130100f7	Ἐγένετο δὲ ἐν τῷ τὸν Ἀπολλὼ εἶναι ἐν Κορίνθῳ, Παῦλον διελθόντα τὰ ἀνωτερικὰ μέρη ἐλθεῖν εἰς Ἔφεσον καὶ εὑρεῖν τινας μαθητάς,
2c130200ee	εἶπέν τε πρὸς αὐτούς, Εἰ πνεῦμα ἅγιον ἐλάβετε πιστεύσαντες; οἱ δὲ πρὸς αὐτόν, Ἀλλ᾽ οὐδὲ εἰ πνεῦμα ἅγιον ἔστιν, ἠκούσαμεν.
2c13030086	εἶπέν τε, Εἰς τί οὖν ἐβαπτίσθητε; οἱ δὲ εἶπαν, Εἰς τὸ Ἰωάνου βάπτισμα.
2c1304010e	εἶπεν δὲ Παῦλος, Ἰωάνης ἐβάπτισεν βάπτισμα μετανοίας, τῷ λαῷ λέγων εἰς τὸν ἐρχόμενον μετ᾽ αὐτὸν ἵνα πιστεύσωσιν, τουτέστιν εἰς τὸν Ἰησοῦν.
2c13050073	ἀκούσαντες δὲ ἐβαπτίσθησαν εἰς τὸ ὄνομα τοῦ κυρίου Ἰησοῦ·
2c130600de	καὶ ἐπιθέντος αὐτοῖς τοῦ Παύλου χεῖρας ἦλθεν τὸ πνεῦμα τὸ ἅγιον ἐπ᾽ αὐτούς, ἐλάλουν τε γλώσσαις καὶ ἐπροφήτευον.
2c13070049	ἦσαν δὲ οἱ πάντες ἄνδρες ὡσεὶ δώδεκα.
2c130800e3	εἰσελθὼν δὲ εἰς τὴν συναγωγὴν ἐπαῤῥησιάζετο, ἐπὶ μῆνας τρεῖς, διαλεγόμενος καὶ πείθων περὶ τῆς βασιλείας τοῦ θεοῦ.
2c1309014e	ὡς δέ τινες ἐσκληρύνοντο καὶ ἠπείθουν κακολογοῦντες τὴν ὁδὸν ἐνώπιον τοῦ πλήθους, ἀποστὰς ἀπ᾽ αὐτῶν ἀφώρισεν τοὺς μαθητάς, καθ᾽ ἡμέραν διαλεγόμενος ἐν τῇ σχολῇ Τυράννου.
2c130a00f5	τοῦτο δὲ ἐγένετο ἐπὶ ἔτη δύο, ὥστε πάντας τοὺς κατοικοῦντας τὴν Ἀσίαν ἀκοῦσαι τὸν λόγον τοῦ κυρίου, Ἰουδαίους τε καὶ Ἕλληνας.
2c130b007c	δυνάμεις τε οὐ τὰς τυχούσας ὁ θεὸς ἐποίει διὰ τῶν χειρῶν Παύλου,
2c130c0145	ὥστε καὶ ἐπὶ τοὺς ἀσθενοῦντας ἀποφέρεσθαι ἀπὸ τοῦ χρωτὸς αὐτοῦ σουδάρια ἢ σιμικίνθια, καὶ ἀπαλλάσσεσθαι ἀπ᾽ αὐτῶν τὰς νόσους τά τε πνεύματα τὰ πονηρὰ ἐκπορεύεσθαι.
2c130d017a	ἐπεχείρησαν δέ τινες καὶ τῶν περιερχομένων Ἰουδαίων ἐξορκιστῶν ὀνομάζειν ἐπὶ τοὺς ἔχοντας τὰ πνεύματα τὰ πονηρὰ τὸ ὄνομα τοῦ κυρίου Ἰησοῦ, λέγοντες, Ὁρκίζω ὑμᾶς τὸν Ἰησοῦν ὃν Παῦλος κηρύσσει.
2c130e0082	ἦσαν δέ τινος Σκευᾶ Ἰουδαίου ἀρχιερέως ἑπτὰ υἱοὶ τοῦτο ποιοῦντες.
2c130f00e4	ἀποκριθὲν δὲ τὸ πνεῦμα τὸ πονηρὸν εἶπεν αὐτοῖς, Τὸν Ἰησοῦν γινώσκω, καὶ τὸν Παῦλον ἐπίσταμαι· ὑμεῖς δὲ τίνες ἐστέ;
2c13100160	καὶ ἐφαλόμενος ὁ ἄνθρωπος ἐπ᾽ αὐτούς, ἐν ᾧ ἦν τὸ πνεῦμα τὸ πονηρόν, κατακυριεύσας ἀμφοτέρων, ἴσχυσεν κατ᾽ αὐτῶν, ὥστε γυμνοὺς καὶ τετραυματισμένους ἐκφυγεῖν ἐκ τοῦ οἴκου ἐκείνου.
2c13110143	τοῦτο δὲ ἐγένετο γνωστὸν πᾶσιν, Ἰουδαίοις τε καὶ Ἕλλησιν τοῖς κατοικοῦσιν τὴν Ἔφεσον, καὶ ἔπεσεν φόβος ἐπὶ πάντας αὐτούς, καὶ ἐμεγαλύνετο τὸ ὄνομα τοῦ κυρίου Ἰησοῦ,
2c131200ad	πολλοί τε τῶν πεπιστευκότων ἤρχοντο ἐξομολογούμενοι καὶ ἀναγγέλλοντες τὰς πράξεις αὐτῶν.
2c1313012d	ἱκανοὶ δὲ τῶν τὰ περίεργα πραξάντων συνενέγκαντες τὰς βίβλους κατέκαιον ἐνώπιον πάντων· καὶ συνεψήφισαν τὰς τιμὰς αὐτῶν καὶ εὗρον ἀργυρίου μυριάδας πέντε.
2c1314006d	οὕτως κατὰ κράτος τοῦ κυρίου ὁ λόγος ηὔξανεν καὶ ἴσχυεν.
2c13150152	Ὡς δὲ ἐπληρώθη ταῦτα, ἔθετο ὁ Παῦλος ἐν τῷ πνεύματι διελθὼν τὴν Μακεδονίαν καὶ Ἀχαΐαν πορεύεσθαι εἰς Ἱεροσόλυμα, εἰπὼν ὅτι Μετὰ τὸ γενέσθαι με ἐκεῖ, δεῖ με καὶ Ῥώμην ἰδεῖν.
2c131600e5	ἀποστείλας δὲ εἰς τὴν Μακεδονίαν δύο τῶν διακονούντων αὐτῷ, Τιμόθεον καὶ Ἔραστον, αὐτὸς ἐπέσχεν χρόνον εἰς τὴν Ἀσίαν.
2c1317008a	Ἐγένετο δὲ κατὰ τὸν καιρὸν ἐκεῖνον τάραχος οὐκ ὀλίγος περὶ τῆς ὁδοῦ·
2c131800e2	Δημήτριος γάρ τις ὀνόματι, ἀργυροκόπος ποιῶν ναοὺς ἀργυροῦς Ἀρτέμιδος, παρείχετο τοῖς τεχνίταις οὐκ ὀλίγην ἐργασίαν,
2c131900f1	οὓς συναθροίσας καὶ τοὺς περὶ τὰ τοιαῦτα ἐργάτας εἶπεν, Ἄνδρες, ἐπίστασθε ὅτι ἐκ ταύτης τῆς ἐργασίας ἡ εὐπορία ἡμῖν ἐστιν,
2c131a014f	καὶ θεωρεῖτε καὶ ἀκούετε ὅτι οὐ μόνον Ἐφέσου ἀλλὰ σχεδὸν πάσης τῆς Ἀσίας, ὁ Παῦλος οὗτος πείσας μετέστησεν ἱκανὸν ὄχλον, λέγων ὅτι οὐκ εἰσὶν θεοὶ οἱ διὰ χειρῶν γινόμενοι.
2c131b01bb	οὐ μόνον δὲ τοῦτο κινδυνεύει ἡμῖν τὸ μέρος εἰς ἀπελεγμὸν ἐλθεῖν, ἀλλὰ καὶ τὸ τῆς μεγάλης θεᾶς Ἀρτέμιδος ἱερὸν εἰς οὐθὲν λογισθῆναι, μέλλειν τε καὶ καθαιρεῖσθαι τῆς μεγαλειότητος αὐτῆς ἣν ὅλη [ἡ] Ἀσία καὶ ἡ οἰκουμένη σέβεται.
2c131c00a5	ἀκούσαντες δὲ καὶ γενόμενοι πλήρεις θυμοῦ ἔκραζον λέγοντες, Μεγάλη ἡ Ἄρτεμις Ἐφεσίων.
2c131d010a	καὶ ἐπλήσθη ἡ πόλις τῆς συγχύσεως· ὥρμησάν τε ὁμοθυμαδὸν εἰς τὸ θέατρον, συναρπάσαντες Γάϊον καὶ Ἀρίσταρχον Μακεδόνας, συνεκδήμους Παύλου.
2c131e008f	Παύλου δὲ βουλομένου εἰσελθεῖν εἰς τὸν δῆμον, οὐκ εἴων αὐτὸν οἱ μαθηταί·
2c131f00d7	τινὲς δὲ καὶ τῶν Ἀσιαρχῶν ὄντες αὐτῷ φίλοι, πέμψαντες πρὸς αὐτὸν παρεκάλουν μὴ δοῦναι ἑαυτὸν εἰς τὸ θέατρον.
2c132000e2	ἄλλοι μὲν οὖν ἄλλο τι ἔκραζον· ἦν γὰρ ἡ ἐκκλησία συγκεχυμένη, καὶ οἱ πλείους οὐκ ᾔδεισαν τίνος ἕνεκα συνεληλύθεισαν.
2c13210110	ἐκ δὲ τοῦ ὄχλου συνεβίβασαν Ἀλέξανδρον, προβαλόντων αὐτὸν τῶν Ἰουδαίων· ὁ δὲ Ἀλέξανδρος κατασείσας τὴν χεῖρα ἤθελεν ἀπολογεῖσθαι τῷ δήμῳ.
2c132200dd	ἐπιγνόντες δὲ ὅτι Ἰουδαῖός ἐστιν, φωνὴ ἐγένετο μία ἐκ πάντων ὡς ἐπὶ ὥρας δύο κραζόντων, Μεγάλη ἡ Ἄρτεμις Ἐφεσίων.
2c1323014e	καταστείλας δὲ ὁ γραμματεὺς τὸν ὄχλον φησίν, Ἄνδρες Ἐφέσιοι, τίς γάρ ἐστιν ἀνθρώπων ὃς οὐ γινώσκει τὴν Ἐφεσίων πόλιν νεωκόρον οὖσαν τῆς μεγάλης Ἀρτέμιδος καὶ τοῦ Διοπετοῦς;
2c132400c5	ἀναντιῤῥήτων οὖν ὄντων τούτων, δέον ἐστὶν ὑμᾶς κατεσταλμένους ὑπάρχειν καὶ μηδὲν προπετὲς πράσσειν.
2c132500a2	ἠγάγετε γὰρ τοὺς ἄνδρας τούτους οὔτε ἱεροσύλους οὔτε βλασφημοῦντας τὴν θεὸν ἡμῶν.
2c13260103	εἰ μὲν οὖν Δημήτριος καὶ οἱ σὺν αὐτῷ τεχνῖται ἔχουσιν πρός τινα λόγον, ἀγοραῖοι ἄγονται καὶ ἀνθύπατοι εἰσίν· ἐγκαλείτωσαν ἀλλήλοις.
2c13270083	εἰ δέ τι περαιτέρω ἐπιζητεῖτε, ἐν τῇ ἐννόμῳ ἐκκλησίᾳ ἐπιλυθήσεται.
2c13280125	καὶ γὰρ κινδυνεύομεν ἐγκαλεῖσθαι στάσεως περὶ τῆς σήμερον, μηδενὸς αἰτίου ὑπάρχοντος περὶ οὗ οὐ δυνησόμεθα ἀποδοῦναι λόγον περὶ τῆς συστροφῆς ταύτης.
2c1329004f	Καὶ ταῦτα εἰπὼν ἀπέλυσεν τὴν ἐκκλησίαν.
2c14010103	Μετὰ δὲ τὸ παύσασθαι τὸν θόρυβον μεταπεμψάμενος ὁ Παῦλος τοὺς μαθητὰς καὶ παρακαλέσας ἀσπασάμενος ἐξῆλθεν πορεύεσθαι εἰς Μακεδονίαν.
2c140200a4	Διελθὼν δὲ τὰ μέρη ἐκεῖνα καὶ παρακαλέσας αὐτοὺς λόγῳ πολλῷ, ἦλθεν εἰς τὴν Ἑλλάδα·
2c14030120	ποιήσας τε μῆνας τρεῖς, γενομένης ἐπιβουλῆς αὐτῷ ὑπὸ τῶν Ἰουδαίων μέλλοντι ἀνάγεσθαι εἰς τὴν Συρίαν, ἐγένετο γνώμης τοῦ ὑποστρέφειν διὰ Μακεδονίας.
2c1404014c	συνείπετο δὲ αὐτῷ [ἄχρι τῆς Ἀσίας] Σώπατρος Πύῤῥου Βεροιαῖος, Θεσσαλονικέων δὲ Ἀρίσταρχος καὶ Σεκοῦνδος καὶ Γάϊος Δερβαῖος καὶ Τιμόθεος· Ἀσιανοὶ δὲ Τυχικὸς καὶ Τρόφιμος,
2c14050058	οὗτοι δὲ προσελθόντες ἔμενον ἡμᾶς ἐν Τρωάδι·
2c14060126	ἡμεῖς δὲ ἐξεπλεύσαμεν μετὰ τὰς ἡμέρας τῶν ἀζύμων ἀπὸ Φιλίππων, καὶ ἤλθομεν πρὸς αὐτοὺς εἰς τὴν Τρωάδα ἄχρι ἡμερῶν πέντε, οὗ διετρίψαμεν ἡμέρας ἑπτά.
2c14070129	ἐν δὲ τῇ μιᾷ τῶν σαββάτων, συνηγμένων ἡμῶν κλάσαι ἄρτον, ὁ Παῦλος διελέγετο αὐτοῖς, μέλλων ἐξιέναι τῇ ἐπαύριον, παρέτεινέν τε τὸν λόγον μέχρι μεσονυκτίου·
2c14080071	ἦσαν δὲ λαμπάδες ἱκαναὶ ἐν τῷ ὑπερῴῳ οὗ ἦμεν συνηγμένοι.
2c1409017c	καθεζόμενος δέ τις νεανίας ὀνόματι Εὔτυχος ἐπὶ τῆς θυρίδος, καταφερόμενος ὕπνῳ βαθεῖ, διαλεγομένου τοῦ Παύλου ἐπὶ πλεῖον, κατενεχθεὶς ἀπὸ τοῦ ὕπνου ἔπεσεν ἀπὸ τοῦ τριστέγου κάτω, καὶ ἤρθη νεκρός.
2c140a00d2	καταβὰς δὲ ὁ Παῦλος ἐπέπεσεν αὐτῷ καὶ συμπεριλαβὼν εἶπεν, Μὴ θορυβεῖσθε· ἡ γὰρ ψυχὴ αὐτοῦ ἐν αὐτῷ ἐστιν.
2c140b00bf	ἀναβὰς δὲ καὶ κλάσας τὸν ἄρτον καὶ γευσάμενος, ἐφ᾽ ἱκανόν τε ὁμιλήσας ἄχρι αὐγῆς, οὕτως ἐξῆλθεν.
2c140c006b	ἤγαγον δὲ τὸν παῖδα ζῶντα, καὶ παρεκλήθησαν οὐ μετρίως.
2c140d0130	Ἡμεῖς δὲ προελθόντες ἐπὶ τὸ πλοῖον ἀνήχθημεν ἐπὶ τὴν Ἄσσον, ἐκεῖθεν μέλλοντες ἀναλαμβάνειν τὸν Παῦλον· οὕτως γὰρ διατεταγμένος ἦν, μέλλων αὐτὸς πεζεύειν.
2c140e009a	ὡς δὲ συνέβαλλεν ἡμῖν εἰς τὴν Ἄσσον, ἀναλαβόντες αὐτὸν ἤλθομεν εἰς Μιτυλήνην·
2c140f0103	κἀκεῖθεν ἀποπλεύσαντες τῇ ἐπιούσῃ κατηντήσαμεν ἄντικρυς Χίου, τῇ δὲ ἑτέρᾳ παρεβάλομεν εἰς Σάμον, τῇ δὲ ἐχομένῃ ἤλθομεν εἰς Μίλητον.
2c14100162	κεκρίκει γὰρ ὁ Παῦλος παραπλεῦσαι τὴν Ἔφεσον, ὅπως μὴ γένηται αὐτῷ χρονοτριβῆσαι ἐν τῇ Ἀσίᾳ· ἔσπευδεν γάρ, εἰ δυνατὸν εἴη αὐτῷ, τὴν ἡμέραν τῆς Πεντηκοστῆς γενέσθαι εἰς Ἱεροσόλυμα.
2c141100a1	ἀπὸ δὲ τῆς Μιλήτου πέμψας εἰς Ἔφεσον μετεκαλέσατο τοὺς πρεσβυτέρους τῆς ἐκκλησίας.
2c14120125	ὡς δὲ παρεγένοντο πρὸς αὐτὸν εἶπεν αὐτοῖς, Ὑμεῖς ἐπίστασθε, ἀπὸ πρώτης ἡμέρας ἀφ᾽ ἧς ἐπέβην εἰς τὴν Ἀσίαν, πῶς μεθ᾽ ὑμῶν τὸν πάντα χρόνον ἐγενόμην,
2c141300ee	δουλεύων τῷ κυρίῳ μετὰ πάσης ταπεινοφροσύνης καὶ δακρύων καὶ πειρασμῶν τῶν συμβάντων μοι ἐν ταῖς ἐπιβουλαῖς τῶν Ἰουδαίων·
2c141400ce	ὡς οὐδὲν ὑπεστειλάμην τῶν συμφερόντων τοῦ μὴ ἀναγγεῖλαι ὑμῖν καὶ διδάξαι ὑμᾶς δημοσίᾳ καὶ κατ᾽ οἴκους,
2c141500db	διαμαρτυρόμενος Ἰουδαίοις τε καὶ Ἕλλησιν τὴν εἰς θεὸν μετάνοιαν, καὶ πίστιν εἰς τὸν κύριον ἡμῶν Ἰησοῦν [χριστόν].
2c141600c9	καὶ νῦν ἰδοὺ δεδεμένος ἐγὼ τῷ πνεύματι πορεύομαι εἰς Ἱερουσαλήμ, τὰ ἐν αὐτῇ συναντήσοντά μοι μὴ εἰδώς,
2c141700bb	πλὴν ὅτι τὸ πνεῦμα τὸ ἅγιον κατὰ πόλιν διαμαρτύρεταί μοι λέγον ὅτι δεσμὰ καὶ θλίψεις με μένουσιν.
2c14180163	ἀλλ᾽ οὐδενὸς λόγου ποιοῦμαι τὴν ψυχὴν τιμίαν ἐμαυτῷ, ὡς τελειώσω τὸν δρόμον μου καὶ τὴν διακονίαν ἣν ἔλαβον παρὰ τοῦ κυρίου Ἰησοῦ, διαμαρτύρασθαι τὸ εὐαγγέλιον τῆς χάριτος τοῦ θεοῦ.
2c141900d5	καὶ νῦν ἰδοὺ ἐγὼ οἶδα ὅτι οὐκέτι ὄψεσθε τὸ πρόσωπόν μου ὑμεῖς πάντες, ἐν οἷς διῆλθον κηρύσσων τὴν βασιλείαν.
2c141a00a1	διὸ μαρτύρομαι ὑμῖν ἐν τῇ σήμερον ἡμέρᾳ, ὅτι καθαρός εἰμι ἀπὸ τοῦ αἵματος πάντων·
2c141b008c	οὐ γὰρ ὑπεστειλάμην τοῦ μὴ ἀναγγεῖλαι πᾶσαν τὴν βουλὴν τοῦ θεοῦ ὑμῖν.
2c141c0149	προσέχετε ἑαυτοῖς καὶ παντὶ τῷ ποιμνίῳ, ἐν ᾧ ὑμᾶς τὸ πνεῦμα τὸ ἅγιον ἔθετο ἐπισκόπους, ποιμαίνειν τὴν ἐκκλησίαν τοῦ κυρίου, ἣν περιεποιήσατο διὰ τοῦ αἵματος τοῦ ἰδίου.
2c141d00bf	ἐγὼ οἶδα ὅτι εἰσελεύσονται μετὰ τὴν ἄφιξίν μου λύκοι βαρεῖς εἰς ὑμᾶς, μὴ φειδόμενοι τοῦ ποιμνίου,
2c141e00ca	καὶ ἐξ ὑμῶν αὐτῶν ἀναστήσονται ἄνδρες λαλοῦντες διεστραμμένα, τοῦ ἀποσπᾶν τοὺς μαθητὰς ὀπίσω ἑαυτῶν.
2c141f00d3	διὸ γρηγορεῖτε, μνημονεύοντες ὅτι τριετίαν νύκτα καὶ ἡμέραν οὐκ ἐπαυσάμην μετὰ δακρύων νουθετῶν ἕνα ἕκαστον.
2c1420011d	καὶ τὰ νῦν παρατίθεμαι ὑμᾶς τῷ θεῷ καὶ τῷ λόγῳ τῆς χάριτος αὐτοῦ, τῷ δυναμένῳ οἰκοδομῆσαι καὶ δοῦναι τὴν κληρονομίαν ἐν τοῖς ἡγιασμένοις πᾶσιν.
2c14210064	ἀργυρίου ἢ χρυσίου ἢ ἱματισμοῦ οὐδενὸς ἐπεθύμησα·
2c142200b1	αὐτοὶ γινώσκετε ὅτι ταῖς χρείαις μου καὶ τοῖς οὖσιν μετ᾽ ἐμοῦ ὑπηρέτησαν αἱ χεῖρες αὗται.
2c1423015e	πάντα ὑπέδειξα ὑμῖν ὅτι οὕτως κοπιῶντας δεῖ ἀντιλαμβάνεσθαι τῶν ἀσθενούντων, μνημονεύειν τε τῶν λόγων τοῦ κυρίου Ἰησοῦ, ὅτι αὐτὸς εἶπεν, Μακάριόν ἐστιν μᾶλλον διδόναι ἢ λαμβάνειν.
2c14240083	Καὶ ταῦτα εἰπὼν θεὶς τὰ γόνατα αὐτοῦ σὺν πᾶσιν αὐτοῖς προσηύξατο.
2c142500be	ἱκανὸς δὲ κλαυθμὸς ἐγένετο πάντων, καὶ ἐπιπεσόντες ἐπὶ τὸν τράχηλον τοῦ Παύλου, κατεφίλουν αὐτόν,
2c142600f5	ὀδυνώμενοι μάλιστα ἐπὶ τῷ λόγῳ ᾧ εἰρήκει, ὅτι οὐκέτι μέλλουσιν τὸ πρόσωπον αὐτοῦ θεωρεῖν. προέπεμπον δὲ αὐτὸν εἰς τὸ πλοῖον.
2c15010112	Ὡς δὲ ἐγένετο ἀναχθῆναι ἡμᾶς ἀποσπασθέντας ἀπ᾽ αὐτῶν, εὐθυδρομήσαντες ἤλθομεν εἰς τὴν Κῶ, τῇ δὲ ἑξῆς εἰς τὴν Ῥόδον, κἀκεῖθεν εἰς Πάταρα.
2c1502007b	καὶ εὑρόντες πλοῖον διαπερῶν εἰς Φοινίκην ἐπιβάντες ἀνήχθημεν.
2c15030131	ἀναφανέντες δὲ τὴν Κύπρον καὶ καταλιπόντες αὐτὴν εὐώνυμον ἐπλέομεν εἰς Συρίαν, καὶ κατήλθομεν εἰς Τύρον· ἐκεῖσε γὰρ τὸ πλοῖον ἦν ἀποφορτιζόμενον τὸν γόμον.
2c15040101	ἀνευρόντες δὲ τοὺς μαθητὰς ἐπεμείναμεν αὐτοῦ ἡμέρας ἑπτά, οἵτινες τῷ Παύλῳ ἔλεγον διὰ τοῦ πνεύματος μὴ ἐπιβαίνειν εἰς Ἱεροσόλυμα.
2c15050170	ὅτε δὲ ἐγένετο ἐξαρτίσαι ἡμᾶς τὰς ἡμέρας, ἐξελθόντες ἐπορευόμεθα προπεμπόντων ἡμᾶς πάντων σὺν γυναιξὶν καὶ τέκνοις ἕως ἔξω τῆς πόλεως, καὶ θέντες τὰ γόνατα ἐπὶ τὸν αἰγιαλὸν προσευξάμενοι
2c150600a9	ἀπησπασάμεθα ἀλλήλους, καὶ ἐνέβημεν εἰς τὸ πλοῖον, ἐκεῖνοι δὲ ὑπέστρεψαν εἰς τὰ ἴδια.
2c1507010a	ἡμεῖς δὲ τὸν πλοῦν διανύσαντες ἀπὸ Τύρου κατηντήσαμεν εἰς Πτολεμαΐδα, καὶ ἀσπασάμενοι τοὺς ἀδελφοὺς ἐμείναμεν ἡμέραν μίαν παρ᾽ αὐτοῖς.
2c15080121	τῇ δὲ ἐπαύριον ἐξελθόντες ἤλθαμεν εἰς Καισάρειαν, καὶ εἰσελθόντες εἰς τὸν οἶκον Φιλίππου τοῦ εὐαγγελιστοῦ, ὄντος ἐκ τῶν ἑπτά, ἐμείναμεν παρ᾽ αὐτῷ.
2c1509006c	τούτῳ δὲ ἦσαν θυγατέρες τέσσαρες παρθένοι προφητεύουσαι.
2c150a00a6	ἐπιμενόντων δὲ ἡμέρας πλείους κατῆλθέν τις ἀπὸ τῆς Ἰουδαίας προφήτης ὀνόματι Ἄγαβος,
2c150b01cf	καὶ ἐλθὼν πρὸς ἡμᾶς καὶ ἄρας τὴν ζώνην τοῦ Παύλου, δήσας ἑαυτοῦ τοὺς πόδας καὶ τὰς χεῖρας εἶπεν, Τάδε λέγει τὸ πνεῦμα τὸ ἅγιον, Τὸν ἄνδρα οὗ ἐστιν ἡ ζώνη αὕτη, οὕτως δήσουσιν ἐν Ἱερουσαλὴμ οἱ Ἰουδαῖοι καὶ παραδώσουσιν εἰς χεῖρας ἐθνῶν.
2c150c00c8	ὡς δὲ ἠκούσαμεν ταῦτα, παρεκαλοῦμεν ἡμεῖς τε καὶ οἱ ἐντόπιοι τοῦ μὴ ἀναβαίνειν αὐτὸν εἰς Ἱερουσαλήμ.
2c150d0171	τότε ἀπεκρίθη ὁ Παῦλος, Τί ποιεῖτε κλαίοντες καὶ συνθρύπτοντές μου τὴν καρδίαν; ἐγὼ γὰρ οὐ μόνον δεθῆναι, ἀλλὰ καὶ ἀποθανεῖν εἰς Ἱερουσαλὴμ ἑτοίμως ἔχω ὑπὲρ τοῦ ὀνόματος τοῦ κυρίου Ἰησοῦ.
2c150e008e	μὴ πειθομένου δὲ αὐτοῦ ἡσυχάσαμεν εἰπόντες, Τοῦ κυρίου τὸ θέλημα γινέσθω.
2c150f0089	Μετὰ δὲ τὰς ἡμέρας ταύτας ἐπισκευασάμενοι ἀνεβαίνομεν εἰς Ἱεροσόλυμα.
2c151000e2	συνῆλθον δὲ καὶ τῶν μαθητῶν ἀπὸ Καισαρείας σὺν ἡμῖν, ἄγοντες παρ᾽ ᾧ ξενισθῶμεν Μνάσωνί τινι Κυπρίῳ, ἀρχαίῳ μαθητῇ.
2c1511008a	Γενομένων δὲ ἡμῶν εἰς Ἱεροσόλυμα, ἀσμένως ἀπεδέξαντο ἡμᾶς οἱ ἀδελφοί.
2c151200b2	τῇ δὲ ἐπιούσῃ εἰσῄει ὁ Παῦλος σὺν ἡμῖν πρὸς Ἰάκωβον, πάντες τε παρεγένοντο οἱ πρεσβύτεροι.
2c151300d8	καὶ ἀσπασάμενος αὐτοὺς ἐξηγεῖτο καθ᾽ ἓν ἕκαστον ὧν ἐποίησεν ὁ θεὸς ἐν τοῖς ἔθνεσιν διὰ τῆς διακονίας αὐτοῦ.
2c15140142	οἱ δὲ ἀκούσαντες ἐδόξαζον τὸν θεόν, εἶπάν τε αὐτῷ, Θεωρεῖς ἀδελφέ, πόσαι μυριάδες εἰσὶν ἐν τοῖς Ἰουδαιοῖς τῶν πεπιστευκότων, καὶ πάντες ζηλωταὶ τοῦ νόμου ὑπάρχουσιν.
2c15150141	κατηχήθησαν δὲ περὶ σοῦ, ὅτι ἀποστασίαν διδάσκεις ἀπὸ Μωυσέως τοὺς κατὰ τὰ ἔθνη [πάντας] Ἰουδαίους, λέγων μὴ περιτέμνειν αὐτοὺς τὰ τέκνα μηδὲ τοῖς ἔθεσιν περιπατεῖν.
2c15160057	τί οὖν ἐστιν; πάντως ἀκούσονται ὅτι ἐλήλυθας.
2c151700ac	τοῦτο οὖν ποίησον ὅ σοι λέγομεν· εἰσὶν ἡμῖν ἄνδρες τέσσαρες εὐχὴν ἔχοντες ἐφ᾽ ἑαυτῶν·
2c15180183	τούτους παραλαβὼν ἁγνίσθητι σὺν αὐτοῖς, καὶ δαπάνησον ἐπ᾽ αὐτοῖς ἵνα ξυρήσονται τὴν κεφαλήν, καὶ γνώσονται πάντες ὅτι ὧν κατήχηνται περὶ σοῦ οὐδέν ἐστιν, ἀλλὰ στοιχεῖς καὶ αὐτὸς φυλάσσων τὸν νόμον.
2c15190105	περὶ δὲ τῶν πεπιστευκότων ἐθνῶν ἡμεῖς ἀπεστείλαμεν κρίναντες φυλάσσεσθαι αὐτοὺς τό τε εἰδωλόθυτον καὶ αἷμα καὶ πνικτὸν καὶ πορνείαν.
2c151a0192	τότε ὁ Παῦλος παραλαβὼν τοὺς ἄνδρας τῇ ἐχομένῃ ἡμέρᾳ σὺν αὐτοῖς ἁγνισθεὶς εἰσῄει εἰς τὸ ἱερόν, διαγγέλλων τὴν ἐκπλήρωσιν τῶν ἡμερῶν τοῦ ἁγνισμοῦ, ἕως οὗ προσηνέχθη ὑπὲρ ἑνὸς ἑκάστου αὐτῶν ἡ προσφορά.
2c151b013b	ὡς δὲ ἔμελλον αἱ ἑπτὰ ἡμέραι συντελεῖσθαι, οἱ ἀπὸ τῆς Ἀσίας Ἰουδαῖοι θεασάμενοι αὐτὸν ἐν τῷ ἱερῷ συνέχεον πάντα τὸν ὄχλον, καὶ ἐπέβαλαν ἐπ᾽ αὐτὸν τὰς χεῖρας
2c151c01ab	κράζοντες, Ἄνδρες Ἰσραηλῖται, βοηθεῖτε. οὗτός ἐστιν ὁ ἄνθρωπος ὁ κατὰ τοῦ λαοῦ καὶ τοῦ νόμου καὶ τοῦ τόπου τούτου πάντας πανταχῇ διδάσκων, ἔτι τε καὶ Ἕλληνας εἰσήγαγεν εἰς τὸ ἱερὸν καὶ κεκοίνωκεν τὸν ἅγιον τόπον τοῦτον.
2c151d00e0	ἦσαν γὰρ προεωρακότες Τρόφιμον τὸν Ἐφέσιον ἐν τῇ πόλει σὺν αὐτῷ, ὃν ἐνόμιζον ὅτι εἰς τὸ ἱερὸν εἰσήγαγεν ὁ Παῦλος.
2c151e011b	ἐκινήθη τε ἡ πόλις ὅλη, καὶ ἐγένετο συνδρομὴ τοῦ λαοῦ, καὶ ἐπιλαβόμενοι τοῦ Παύλου, εἷλκον αὐτὸν ἔξω τοῦ ἱεροῦ· καὶ εὐθέως ἐκλείσθησαν αἱ θύραι.
2c151f00c1	ζητούντων τε αὐτὸν ἀποκτεῖναι, ἀνέβη φάσις τῷ χιλιάρχῳ τῆς σπείρης ὅτι ὅλη συγχύννεται Ἱερουσαλήμ·
2c1520012a	ὃς ἐξαυτῆς παραλαβὼν στρατιώτας καὶ ἑκατοντάρχας κατέδραμεν ἐπ᾽ αὐτούς. οἱ δὲ ἰδόντες τὸν χιλίαρχον καὶ τοὺς στρατιώτας ἐπαύσαντο τύπτοντες τὸν Παῦλον.
2c152100f4	τότε ἐγγίσας ὁ χιλίαρχος ἐπελάβετο αὐτοῦ καὶ ἐκέλευσεν δεθῆναι ἁλύσεσιν δυσίν, καὶ ἐπυνθάνετο τίς εἴη καὶ τί ἐστιν πεποιηκώς.
2c15220115	ἄλλοι δὲ ἄλλο τι ἐπεφώνουν ἐν τῷ ὄχλῳ· μὴ δυναμένου δὲ αὐτοῦ γνῶναι τὸ ἀσφαλὲς διὰ τὸν θόρυβον, ἐκέλευσεν ἄγεσθαι αὐτὸν εἰς τὴν παρεμβολήν.
2c152300ce	ὅτε δὲ ἐγένετο ἐπὶ τοὺς ἀναβαθμούς, συνέβη βαστάζεσθαι αὐτὸν ὑπὸ τῶν στρατιωτῶν διὰ τὴν βίαν τοῦ ὄχλου·
2c1524006c	ἠκολούθει γὰρ τὸ πλῆθος τοῦ λαοῦ κράζοντες, Αἶρε αὐτόν.
2c152500ff	μέλλων τε εἰσάγεσθαι εἰς τὴν παρεμβολὴν ὁ Παῦλος λέγει τῷ χιλιάρχῳ, Εἰ ἔξεστίν μοι εἰπεῖν τι πρός σε; ὁ δὲ ἔφη, Ἑλληνιστὶ γινώσκεις;
2c15260105	οὐκ ἄρα σὺ εἶ ὁ Αἰγύπτιος ὁ πρὸ τούτων τῶν ἡμερῶν ἀναστατώσας καὶ ἐξαγαγὼν εἰς τὴν ἔρημον τοὺς τετρακισχιλίους ἄνδρας τῶν σικαρίων;
2c15270121	εἶπεν δὲ ὁ Παῦλος, Ἐγὼ ἄνθρωπος μέν εἰμι Ἰουδαῖος, Ταρσεύς, τῆς Κιλικίας οὐκ ἀσήμου πόλεως πολίτης, δέομαι δέ σου, ἐπίτρεψόν μοι λαλῆσαι πρὸς τὸν λαόν.
2c15280127	Ἐπιτρέψαντος δὲ αὐτοῦ ὁ Παῦλος ἑστὼς ἐπὶ τῶν ἀναβαθμῶν κατέσεισεν τῇ χειρὶ τῷ λαῷ, πολλῆς δὲ σιγῆς γενομένης προσεφώνησεν τῇ Ἑβραΐδι διαλέκτῳ λέγων,
2c1601008b	Ἄνδρες ἀδελφοὶ καὶ πατέρες, ἀκούσατέ μου τῆς πρὸς ὑμᾶς νυνὶ ἀπολογίας.
2c160200b4	Ἀκούσαντες δὲ ὅτι τῇ Ἑβραΐδι διαλέκτῳ προσεφώνει αὐτοῖς, μᾶλλον παρέσχον ἠσυχίαν. καὶ φησίν,
2c160301bd	Ἐγώ εἰμι ἀνὴρ Ἰουδαῖος, γεγεννημένος ἐν Ταρσῷ τῆς Κιλικίας, ἀνατεθραμμένος δὲ ἐν τῇ πόλει ταύτῃ, παρὰ τοὺς πόδας Γαμαλιὴλ πεπαιδευμένος κατὰ ἀκρίβειαν τοῦ πατρῴου νόμου, ζηλωτὴς ὑπάρχων τοῦ θεοῦ καθὼς πάντες ὑμεῖς ἐστε σήμερον,
2c160400c2	ὃς ταύτην τὴν ὁδὸν ἐδίωξα ἄχρι θανάτου, δεσμεύων καὶ παραδιδοὺς εἰς φυλακὰς ἄνδρας τε καὶ γυναῖκας,
2c16050194	ὡς καὶ ὁ ἀρχιερεὺς μαρτυρεῖ μοι, καὶ πᾶν τὸ πρεσβυτέριον, παρ᾽ ὧν καὶ ἐπιστολὰς δεξάμενος πρὸς τοὺς ἀδελφοὺς εἰς Δαμασκὸν ἐπορευόμην, ἄξων καὶ τοὺς ἐκεῖσε ὄντας δεδεμένους εἰς Ἱερουσαλήμ, ἵνα τιμωρηθῶσιν.
2c160600f8	ἐγένετο δέ μοι πορευομένῳ καὶ ἐγγίζοντι τῇ Δαμασκῷ, περὶ μεσημβρίαν ἐξαίφνης ἐκ τοῦ οὐρανοῦ περιαστράψαι φῶς ἱκανὸν περὶ ἐμέ·
2c16070099	ἔπεσά τε εἰς τὸ ἔδαφος καὶ ἤκουσα φωνῆς λεγούσης μοι, Σαοὺλ Σαούλ, τί με διώκεις;
2c160800b5	ἐγὼ δὲ ἀπεκρίθην, Τίς εἶ κύριε; εἶπέν τε πρὸς ἐμέ, Ἐγώ εἰμι Ἰησοῦς ὁ Ναζωραῖος ὃν σὺ διώκεις.
2c160900ab	οἱ δὲ σὺν ἐμοὶ ὄντες τὸ μὲν φῶς ἐθεάσαντο, τὴν δὲ φωνὴν οὐκ ἤκουσαν τοῦ λαλοῦντός μοι.
2c160a010c	εἶπον δέ, Τί ποιήσω κύριε; ὁ δὲ κύριος εἶπεν πρός με, Ἀναστὰς πορεύου εἰς Δαμασκόν, κἀκεῖ σοι λαληθήσεται περὶ πάντων ὧν τέτακταί σοι ποιῆσαι.
2c160b00d6	ὡς δὲ οὐκ ἐνέβλεπον ἀπὸ τῆς δόξης τοῦ φωτὸς ἐκείνου, χειραγωγούμενος ὑπὸ τῶν συνόντων μοι ἦλθον εἰς Δαμασκόν.
2c160c00bb	Ἀνανίας δέ τις, ἀνὴρ εὐλαβὴς κατὰ τὸν νόμον, μαρτυρούμενος ὑπὸ πάντων τῶν κατοικούντων Ἰουδαίων,
2c160d00c8	ἐλθὼν πρὸς ἐμὲ καὶ ἐπιστὰς εἶπέν μοι, Σαοὺλ ἀδελφέ, ἀνάβλεψον. κἀγὼ αὐτῇ τῇ ὥρᾳ ἀνέβλεψα εἰς αὐτόν.
2c160e0114	ὁ δὲ εἶπεν, Ὁ θεὸς τῶν πατέρων ἡμῶν προεχειρίσατό σε γνῶναι τὸ θέλημα αὐτοῦ καὶ ἰδεῖν τὸν δίκαιον, καὶ ἀκοῦσαι φωνὴν ἐκ τοῦ στόματος αὐτοῦ·
2c160f0082	ὅτι ἔσῃ μάρτυς αὐτῷ πρὸς πάντας ἀνθρώπους ὧν ἑώρακας καὶ ἤκουσας.
2c161000c2	καὶ νῦν τί μέλλεις; ἀναστὰς βάπτισαι καὶ ἀπόλουσαι τὰς ἁμαρτίας σου, ἐπικαλεσάμενος τὸ ὄνομα αὐτοῦ.
2c161100c4	Ἐγένετο δέ μοι ὑποστρέψαντι εἰς Ἱερουσαλὴμ καὶ προσευχομένου μου ἐν τῷ ἱερῷ γενέσθαι με ἐν ἐκστάσει,
2c161200e6	καὶ ἰδεῖν αὐτὸν λέγοντά μοι, Σπεῦσον καὶ ἔξελθε ἐν τάχει ἐξ Ἱερουσαλήμ, διότι οὐ παραδέξονταί σου μαρτυρίαν περὶ ἐμοῦ.
2c161300de	κἀγὼ εἶπον, Κύριε, αὐτοὶ ἐπίστανται ὅτι ἐγὼ ἤμην φυλακίζων καὶ δέρων κατὰ τὰς συναγωγὰς τοὺς πιστεύοντας ἐπὶ σέ·
2c1614010f	καὶ ὅτε ἐξεχύννετο τὸ αἷμα Στεφάνου τοῦ μάρτυρός σου, καὶ αὐτὸς ἤμην ἐφεστὼς καὶ συνευδοκῶν καὶ φυλάσσων τὰ ἱμάτια τῶν ἀναιρούντων αὐτόν.
2c16150080	καὶ εἶπεν πρός με, Πορεύου, ὅτι ἐγὼ εἰς ἔθνη μακρὰν ἐξαποστελῶ σε.
2c16160108	Ἤκουον δὲ αὐτοῦ ἄχρι τούτου τοῦ λόγου, καὶ ἐπῆραν τὴν φωνὴν αὐτῶν λέγοντες, Αἶρε ἀπὸ τῆς γῆς τὸν τοιοῦτον· οὐ γὰρ καθῆκεν αὐτὸν ζῇν.
2c161700a6	κραυγαζόντων τε αὐτῶν καὶ ῥιπτούντων τὰ ἱμάτια καὶ κονιορτὸν βαλλόντων εἰς τὸν ἀέρα,
2c16180114	ἐκέλευσεν ὁ χιλίαρχος εἰσάγεσθαι αὐτὸν εἰς τὴν παρεμβολήν, εἴπας μάστιξιν ἀνετάζεσθαι αὐτόν, ἵνα ἐπιγνῷ δι᾽ ἣν αἰτίαν οὕτως ἐπεφώνουν αὐτῷ.
2c16190119	ὡς δὲ προέτειναν αὐτὸν τοῖς ἱμᾶσιν, εἶπεν πρὸς τὸν ἑστῶτα ἑκατόνταρχον ὁ Παῦλος, Εἰ ἄνθρωπον Ῥωμαῖον καὶ ἀκατάκριτον ἔξεστιν ὑμῖν μαστίζειν;
2c161a00ec	ἀκούσας δὲ ὁ ἑκατόνταρχος προσελθὼν τῷ χιλιάρχῳ ἀπήγγειλεν λέγων, Τί μέλλεις ποιεῖν; ὁ γὰρ ἄνθρωπος οὗτος Ῥωμαῖός ἐστιν.
2c161b0092	προσελθὼν δὲ ὁ χιλίαρχος εἶπεν αὐτῷ, Λέγε μοι, σὺ Ῥωμαῖος εἶ; ὁ δὲ ἔφη, Ναί.
2c161c00e4	Ἀπεκρίθη δὲ ὁ χιλίαρχος, Ἐγὼ πολλοῦ κεφαλαίου τὴν πολιτείαν ταύτην ἐκτησάμην. Ὁ δὲ Παῦλος ἔφη, Ἐγὼ δὲ καὶ γεγέννημαι.
2c161d011b	εὐθέως οὖν ἀπέστησαν ἀπ᾽ αὐτοῦ οἱ μέλλοντες αὐτὸν ἀνετάζειν. καὶ ὁ χιλίαρχος δὲ ἐφοβήθη, ἐπιγνοὺς ὅτι Ῥωμαῖός ἐστιν καὶ ὅτι αὐτὸν ἦν δεδεκώς.
2c161e018d	Τῇ δὲ ἐπαύριον βουλόμενος γνῶναι τὸ ἀσφαλές, τὸ τί κατηγορεῖται ὑπὸ τῶν Ἰουδαίων, ἔλυσεν αὐτὸν καὶ ἐκέλευσεν συνελθεῖν τοὺς ἀρχιερεῖς καὶ πᾶν τὸ συνέδριον, καὶ καταγαγὼν τὸν Παῦλον ἔστησεν εἰς αὐτούς.
2c170100f7	Ἀτενίσας δὲ τῷ συνεδρίῳ ὁ Παῦλος εἶπεν, Ἄνδρες ἀδελφοί, ἐγὼ πάσῃ συνειδήσει ἀγαθῇ πεπολίτευμαι τῷ θεῷ ἄχρι ταύτης τῆς ἡμέρας.
2c17020099	ὁ δὲ ἀρχιερεὺς Ἀνανίας ἐπέταξεν τοῖς παρεστῶσιν αὐτῷ τύπτειν αὐτοῦ τὸ στόμα.
2c17030120	τότε ὁ Παῦλος πρὸς αὐτὸν εἶπεν, Τύπτειν σε μέλλει ὁ θεός, τοῖχε κεκονιαμένε· καὶ σὺ κάθῃ κρίνων με κατὰ τὸν νόμον, καὶ παρανομῶν κελεύεις με τύπτεσθαι;
2c1704006f	οἱ δὲ παρεστῶτες εἶπαν, Τὸν ἀρχιερέα τοῦ θεοῦ λοιδορεῖς;
2c170500de	ἔφη τε ὁ Παῦλος, Οὐκ ᾔδειν, ἀδελφοί, ὅτι ἐστὶν ἀρχιερεύς· γέγραπται γὰρ ὅτι Ἄρχοντα τοῦ λαοῦ σου οὐκ ἐρεῖς κακῶς.
2c17060182	γνοὺς δὲ ὁ Παῦλος ὅτι τὸ ἓν μέρος ἐστὶν Σαδδουκαίων τὸ δὲ ἕτερον Φαρισαίων, ἔκραζεν ἐν τῷ συνεδρίῳ, Ἄνδρες ἀδελφοί, ἐγὼ Φαρισαῖός εἰμι, υἱὸς Φαρισαίων· περὶ ἐλπίδος καὶ ἀναστάσεως νεκρῶν κρίνομαι.
2c170700b5	τοῦτο δὲ αὐτοῦ εἰπόντος ἐγένετο στάσις τῶν Φαρισαίων καὶ Σαδδουκαίων, καὶ ἐσχίσθη τὸ πλῆθος,
2c170800e1	(Σαδδουκαῖοι [μὲν] γὰρ λέγουσιν μὴ εἶναι ἀνάστασιν, μήτε ἄγγελον μήτε πνεῦμα· Φαρισαῖοι δὲ ὁμολογοῦσιν τὰ ἀμφότερα).
2c17090176	ἐγένετο δὲ κραυγὴ μεγάλη· καὶ ἀναστάντες τινὲς τῶν γραμματέων τοῦ μέρους τῶν Φαρισαίων διεμάχοντο λέγοντες, Οὐδὲν κακὸν εὑρίσκομεν ἐν τῷ ἀνθρώπῳ τούτῳ· εἰ δὲ πνεῦμα ἐλάλησεν αὐτῷ ἢ ἄγγελος;
2c170a0152	πολλῆς δὲ γενομένης στάσεως, φοβηθεὶς ὁ χιλίαρχος μὴ διασπασθῇ ὁ Παῦλος ὑπ᾽ αὐτῶν, ἐκέλευσεν τὸ στράτευμα καταβὰν ἁρπάσαι αὐτὸν ἐκ μέσου αὐτῶν, ἄγειν τε εἰς τὴν παρεμβολήν.
2c170b011a	Τῇ δὲ ἐπιούσῃ νυκτὶ ἐπιστὰς αὐτῷ ὁ κύριος εἶπεν, Θάρσει· ὡς γὰρ διεμαρτύρω τὰ περὶ ἐμοῦ εἰς Ἱερουσαλήμ, οὕτως σε δεῖ καὶ εἰς Ῥώμην μαρτυρῆσαι.
2c170c0110	γενομένης δὲ ἡμέρας ποιήσαντες συστροφὴν οἱ Ἰουδαῖοι, ἀνεθεμάτισαν ἑαυτούς, λέγοντες μήτε φαγεῖν μήτε πιεῖν ἕως οὗ ἀποκτείνωσιν τὸν Παῦλον.
2c170d0080	ἦσαν δὲ πλείους τεσσεράκοντα οἱ ταύτην τὴν συνωμοσίαν ποιησάμενοι·
2c170e0128	οἵτινες προσελθόντες τοῖς ἀρχιερεῦσιν καὶ τοῖς πρεσβυτέροις εἶπαν, Ἀναθέματι ἀνεθεματίσαμεν ἑαυτοὺς μηδενὸς γεύσασθαι ἕως οὗ ἀποκτείνωμεν τὸν Παῦλον.
2c170f0195	νῦν οὖν ὑμεῖς ἐμφανίσατε τῷ χιλιάρχῳ σὺν τῷ συνεδρίῳ, ὅπως καταγάγῃ αὐτὸν εἰς ὑμᾶς, ὡς μέλλοντας διαγινώσκειν ἀκριβέστερον τὰ περὶ αὐτοῦ· ἡμεῖς δὲ πρὸ τοῦ ἐγγίσαι αὐτὸν ἕτοιμοί ἐσμεν τοῦ ἀνελεῖν αὐτόν.
2c171000e8	ἀκούσας δὲ ὁ υἱὸς τῆς ἀδελφῆς Παύλου τὴν ἐνέδραν, παραγενόμενος καὶ εἰσελθὼν εἰς τὴν παρεμβολὴν ἀπήγγειλεν τῷ Παύλῳ.
2c171100fb	προσκαλεσάμενος δὲ ὁ Παῦλος ἕνα τῶν ἑκατοντάρχων ἔφη, Τὸν νεανίαν τοῦτον ἄπαγε πρὸς τὸν χιλίαρχον· ἔχει γὰρ ἀπαγγεῖλαί τι αὐτῷ.
2c17120147	ὁ μὲν οὖν παραλαβὼν αὐτὸν ἤγαγεν πρὸς τὸν χιλίαρχον, καί φησίν, Ὁ δέσμιος Παῦλος προσκαλεσάμενός με ἠρώτησεν, τοῦτον τὸν νεανίσκον ἀγαγεῖν πρός σε, ἔχοντά τι λαλῆσαί σοι.
2c171300e5	ἐπιλαβόμενος δὲ τῆς χειρὸς αὐτοῦ ὁ χιλίαρχος, καὶ ἀναχωρήσας κατ᾽ ἰδίαν ἐπυνθάνετο, Τί ἐστιν ὃ ἔχεις ἀπαγγεῖλαί μοι;
2c17140129	εἶπεν δὲ ὅτι Οἱ Ἰουδαῖοι συνέθεντο τοῦ ἐρωτῆσαί σε ὅπως αὔριον τὸν Παῦλον καταγάγῃς εἰς τὸ συνέδριον ὡς μέλλων τι ἀκριβέστερον πυνθάνεσθαι περὶ αὐτοῦ.
2c171501b7	σὺ οὖν μὴ πεισθῇς αὐτοῖς, ἐνεδρεύουσιν γὰρ αὐτὸν ἐξ αὐτῶν ἄνδρες πλείους τεσσεράκοντα, οἵτινες ἀνεθεμάτισαν ἑαυτοὺς μήτε φαγεῖν μήτε πιεῖν ἕως οὗ ἀνέλωσιν αὐτόν, καὶ νῦν εἰσιν ἕτοιμοι προσδεχόμενοι τὴν ἀπὸ σοῦ ἐπαγγελίαν.
2c171600cb	ὁ μὲν οὖν χιλίαρχος ἀπέλυσεν τὸν νεανίσκον, παραγγείλας μηδενὶ ἐκλαλῆσαι ὅτι ταῦτα ἐνεφάνισας πρὸς ἐμέ.
2c1717017f	καὶ προσκαλεσάμενός τινας δύο τῶν ἑκατοντάρχων εἶπεν, Ἑτοιμάσατε στρατιώτας διακοσίους ὅπως πορευθῶσιν ἕως Καισαρείας, καὶ ἱππεῖς ἑβδομήκοντα καὶ δεξιολάβους διακοσίους, ἀπὸ τρίτης ὥρας τῆς νυκτός,
2c171800a6	κτήνη τε παραστῆσαι, ἵνα ἐπιβιβάσαντες τὸν Παῦλον διασώσωσιν πρὸς Φήλικα τὸν ἡγεμόνα·
2c17190054	γράψας ἐπιστολὴν ἔχουσαν τὸν τύπον τοῦτον·
2c171a0062	Κλαύδιος Λυσίας τῷ κρατίστῳ ἡγεμόνι Φήλικι χαίρειν.
2c171b0123	Τὸν ἄνδρα τοῦτον συλλημφθέντα ὑπὸ τῶν Ἰουδαίων καὶ μέλλοντα ἀναιρεῖσθαι ὐπ᾽ αὐτῶν, ἐπιστὰς σὺν τῷ στρατεύματι ἐξειλάμην μαθὼν ὅτι Ῥωμαῖός ἐστιν·
2c171c00c4	βουλόμενός τε ἐπιγνῶναι τὴν αἰτίαν δι᾽ ἣν ἐνεκάλουν αὐτῷ, κατήγαγον [αὐτὸν] εἰς τὸ συνέδριον αὐτῶν·
2c171d00c7	ὃν εὗρον ἐγκαλούμενον περὶ ζητημάτων τοῦ νόμου αὐτῶν, μηδὲν δὲ ἄξιον θανάτου ἢ δεσμῶν ἔχοντα ἔγκλημα.
2c171e0106	μηνυθείσης δέ μοι ἐπιβουλῆς εἰς τὸν ἄνδρα ἔσεσθαι ἐξ αὐτῶν ἔπεμψα πρὸς σέ, παραγγείλας καὶ τοῖς κατηγόροις λέγειν πρὸς αὐτὸν ἐπὶ σοῦ.
2c171f00e1	Οἱ μὲν οὖν στρατιῶται κατὰ τὸ διατεταγμένον αὐτοῖς, ἀναλαβόντες τὸν Παῦλον ἤγαγον διὰ νυκτὸς εἰς τὴν Ἀντιπατρίδα.
2c172000af	τῇ δὲ ἐπαύριον ἐάσαντες τοὺς ἱππεῖς ἀπέρχεσθαι σὺν αὐτῷ, ὑπέστρεψαν εἰς τὴν παρεμβολήν·
2c172100dc	οἵτινες εἰσελθόντες εἰς τὴν Καισάρειαν, καὶ ἀναδόντες τὴν ἐπιστολὴν τῷ ἡγεμόνι, παρέστησαν καὶ τὸν Παῦλον αὐτῷ.
2c172200a4	ἀναγνοὺς δὲ καὶ ἐπερωτήσας ἐκ ποίας ἐπαρχίας ἐστίν, καὶ πυθόμενος ὅτι ἀπὸ Κιλικίας,
2c172300de	Διακούσομαί σου, ἔφη, ὅταν καὶ οἱ κατήγοροί σου παραγένωνται. κελεύσας ἐν τῷ πραιτωρίῳ τοῦ Ἡρώδου φυλάσσεσθαι αὐτόν.
2c1801011e	Μετὰ δὲ πέντε ἡμέρας κατέβη ὁ ἀρχιερεὺς Ἀνανίας μετὰ πρεσβυτέρων τινῶν καὶ ῥήτορος Τερτύλλου τινός, οἵτινες ἐνεφάνισαν τῷ ἡγεμόνι κατὰ τοῦ Παύλου.
2c1802012b	κληθέντος δὲ αὐτοῦ ἤρξατο κατηγορεῖν ὁ Τέρτυλλος λέγων, Πολλῆς εἰρήνης τυγχάνοντες διὰ σοῦ καὶ διορθωμάτων γινομένων τῷ ἔθνει τούτῳ διὰ τῆς σῆς προνοίας,
2c18030090	πάντῃ τε καὶ πανταχοῦ, ἀποδεχόμεθα, κράτιστε Φῆλιξ, μετὰ πάσης εὐχαριστίας.
2c180400a6	ἵνα δὲ μὴ ἐπὶ πλεῖόν σε ἐγκόπτω, παρακαλῶ ἀκοῦσαί σε ἡμῶν συντόμως τῇ σῇ ἐπιεικείᾳ.
2c18050122	εὑρόντες γὰρ τὸν ἄνδρα τοῦτον λοιμὸν καὶ κινοῦντα στάσεις πᾶσιν τοῖς Ἰουδαίοις τοῖς κατὰ τὴν οἰκουμένην, πρωτοστάτην τε τῆς τῶν Ναζωραίων αἱρέσεως·
2c18060070	ὃς καὶ τὸ ἱερὸν ἐπείρασεν βεβηλῶσαι, ὃν καὶ ἐκρατήσαμεν.
2c180800b2	παρ᾽ οὗ δυνήσῃ αὐτὸς ἀνακρίνας περὶ πάντων τούτων ἐπιγνῶναι ὧν ἡμεῖς κατηγοροῦμεν αὐτοῦ.
2c18090075	συνεπέθεντο δὲ καὶ οἱ Ἰουδαῖοι φάσκοντες ταῦτα οὕτως ἔχειν.
2c180a012d	Ἀπεκρίθη τε ὁ Παῦλος, νεύσαντος αὐτῷ τοῦ ἡγεμόνος λέγειν, Ἐκ πολλῶν ἐτῶν ὄντα σε κριτὴν τῷ ἔθνει τούτῳ ἐπιστάμενος εὐθύμως τὰ περὶ ἐμαυτοῦ ἀπολογοῦμαι·
2c180b00cd	δυναμένου σου ἐπιγνῶναι ὅτι οὐ πλείους εἰσίν μοι ἡμέραι δώδεκα ἀφ᾽ ἧς ἀνέβην προσκυνήσων εἰς Ἱερουσαλήμ·
2c180c00f4	καὶ οὔτε ἐν τῷ ἱερῷ εὗρόν με πρός τινα διαλεγόμενον ἢ ἐπίστασιν ποιοῦντα ὄχλου, οὔτε ἐν ταῖς συναγωγαῖς οὔτε κατὰ τὴν πόλιν·
2c180d0073	οὔτε παραστῆσαι δύνανταί σοι περὶ ὧν νυνὶ κατηγοροῦσίν μου.
2c180e0142	ὁμολογῶ δὲ τοῦτό σοι, ὅτι κατὰ τὴν ὁδὸν ἣν λέγουσιν αἵρεσιν οὕτως λατρεύω τῷ πατρῴῳ θεῷ, πιστεύων πᾶσιν τοῖς κατὰ τὸν νόμον καὶ τοῖς ἐν τοῖς προφήταις γεγραμμένοις,
2c180f00d1	ἐλπίδα ἔχων εἰς τὸν θεὸν ἣν καὶ αὐτοὶ οὗτοι προσδέχονται, ἀνάστασιν μέλλειν ἔσεσθαι δικαίων τε καὶ ἀδίκων·
2c181000c0	ἐν τούτῳ καὶ αὐτὸς ἀσκῶ ἀπρόσκοπον συνείδησιν ἔχειν πρὸς τὸν θεὸν καὶ τοὺς ἀνθρώπους διὰ παντός.
2c181100a4	δι᾽ ἐτῶν δὲ πλειόνων ἐλεημοσύνας ποιήσων εἰς τὸ ἔθνος μου παρεγενόμην καὶ προσφοράς,
2c1812008d	ἐν αἷς εὗρόν με ἡγνισμένον ἐν τῷ ἱερῷ, οὐ μετὰ ὄχλου οὐδὲ μετὰ θορύβου,
2c181300c4	[τινὲς δὲ ἀπὸ τῆς Ἀσίας Ἰουδαῖοι,] οὓς ἔδει ἐπὶ σοῦ παρεῖναι καὶ κατηγορεῖν, εἴ τι ἔχοιεν πρὸς ἐμέ.
2c1814009f	ἢ αὐτοὶ οὗτοι εἰπάτωσαν τί εὗρον [ἐν ἐμοὶ] ἀδίκημα στάντος μου ἐπὶ τοῦ συνεδρίου,
2c181500de	ἢ περὶ μιᾶς ταύτης φωνῆς ἧς ἐκέκραξα ἐν αὐτοῖς ἑστώς, ὅτι Περὶ ἀναστάσεως νεκρῶν ἐγὼ κρίνομαι σήμερον ἐφ᾽ ὑμῶν.
2c18160100	ἀνεβάλετο δὲ αὐτοὺς ὁ Φήλιξ, ἀκριβέστερον εἰδὼς τὰ περὶ τῆς ὁδοῦ, εἴπας, Ὅταν Λυσίας ὁ χιλίαρχος καταβῇ, διαγνώσομαι τὰ καθ᾽ ὑμᾶς.
2c181700de	διαταξάμενος τῷ ἑκατοντάρχῃ τηρεῖσθαι αὐτόν, ἔχειν τε ἄνεσιν, καὶ μηδένα κωλύειν τῶν ἰδίων αὐτοῦ ὑπηρετεῖν αὐτῷ.
2c1818013a	Μετὰ δὲ ἡμέρας τινὰς παραγενόμενος ὁ Φῆλιξ σὺν Δρουσίλλῃ τῇ ἰδίᾳ γυναικί, οὔσῃ Ἰουδαίᾳ, μετεπέμψατο τὸν Παῦλον καὶ ἤκουσεν αὐτοῦ περὶ τῆς εἰς χριστὸν πίστεως.
2c18190160	διαλεγομένου δὲ αὐτοῦ περὶ δικαιοσύνης καὶ ἐγκρατείας καὶ τοῦ κρίματος τοῦ μέλλοντος, ἔμφοβος γενόμενος ὁ Φῆλιξ ἀπεκρίθη, Τὸ νῦν ἔχον πορεύου· καιρὸν δὲ μεταλαβὼν μετακαλέσομαί σε·
2c181a00dc	ἅμα καὶ ἐλπίζων ὅτι χρήματα δοθήσεται αὐτῷ ὑπὸ τοῦ Παύλου, διὸ καὶ πυκνότερον αὐτὸν μεταπεμπόμενος ὡμίλει αὐτῷ.
2c181b0114	Διετίας δὲ πληρωθείσης ἔλαβεν διάδοχον ὁ Φῆλιξ Πόρκιον Φῆστον, θέλων τε χάριτα καταθέσθαι τοῖς Ἰουδαίοις ὁ Φῆλιξ κατέλιπεν τὸν Παῦλον δεδεμένον
2c190100a8	Φῆστος οὖν ἐπιβὰς τῇ ἐπαρχίᾳ μετὰ τρεῖς ἡμέρας ἀνέβη εἰς Ἱεροσόλυμα ἀπὸ Καισαρείας,
2c190200c0	ἐνεφάνισάν τε αὐτῷ οἱ ἀρχιερεῖς καὶ οἱ πρῶτοι τῶν Ἰουδαίων κατὰ τοῦ Παύλου, καὶ παρεκάλουν αὐτὸν
2c190300e6	αἰτούμενοι χάριν κατ᾽ αὐτοῦ, ὅπως μεταπέμψηται αὐτὸν εἰς Ἱερουσαλήμ, ἐνέδραν ποιοῦντες ἀνελεῖν αὐτὸν κατὰ τὴν ὁδόν.
2c190400cc	ὁ μὲν οὖν Φῆστος ἀπεκρίθη τηρεῖσθαι τὸν Παῦλον εἰς Καισαρείαν, ἑαυτὸν δὲ μέλλειν ἐν τάχει ἐκπορεύεσθαι·
2c190500c1	οἱ οὖν ἐν ὑμῖν, φησίν, δυνατοὶ συγκαταβάντες, εἴ τί ἐστιν ἐν τῷ ἀνδρὶ ἄτοπον, κατηγορείτωσαν αὐτοῦ.
2c1906011a	διατρίψας δὲ ἐν αὐτοῖς ἡμέρας οὐ πλείους ὀκτὼ ἢ δέκα, καταβὰς εἰς Καισάρειαν, τῇ ἐπαύριον καθίσας ἐπὶ τοῦ βήματος ἐκέλευσεν τὸν Παῦλον ἀχθῆναι.
2c19070124	παραγενομένου δὲ αὐτοῦ περιέστησαν αὐτὸν οἱ ἀπὸ Ἱεροσολύμων καταβεβηκότες Ἰουδαῖοι, πολλὰ καὶ βαρέα αἰτιώματα καταφέροντες, ἃ οὐκ ἴσχυον ἀποδεῖξαι,
2c190800d4	τοῦ Παύλου ἀπολογουμένου ὅτι Οὔτε εἰς τὸν νόμον τῶν Ἰουδαίων, οὔτε εἰς τὸ ἱερόν, οὔτε εἰς Καίσαρά τι ἥμαρτον.
2c1909011a	ὁ Φῆστος δὲ θέλων τοῖς Ἰουδαίοις χάριν καταθέσθαι, ἀποκριθεὶς τῷ Παύλῳ εἶπεν, Θέλεις εἰς Ἱεροσόλυμα ἀναβὰς ἐκεῖ περὶ τούτων κριθῆναι ἐπ᾽ ἐμοῦ;
2c190a0104	εἶπεν δὲ ὁ Παῦλος, Ἐπὶ τοῦ βήματος Καίσαρος ἑστώς εἰμι, οὗ με δεῖ κρίνεσθαι. Ἰουδαίους οὐδὲν ἠδίκηκα, ὡς καὶ σὺ κάλλιον ἐπιγινώσκεις·
2c190b015d	εἰ μὲν οὖν ἀδικῶ καὶ ἄξιον θανάτου πέπραχά τι, οὐ παραιτοῦμαι τὸ ἀποθανεῖν· εἰ δὲ οὐδέν ἐστιν ὧν οὗτοι κατηγοροῦσίν μου, οὐδείς με δύναται αὐτοῖς χαρίσασθαι. Καίσαρα ἐπικαλοῦμαι.
2c190c00ba	τότε ὁ Φῆστος συλλαλήσας μετὰ τοῦ συμβουλίου ἀπεκρίθη, Καίσαρα ἐπικέκλησαι, ἐπὶ Καίσαρα πορεύσῃ.
2c190d00db	Ἡμερῶν δὲ διαγενομένων τινῶν, Ἀγρίππας ὁ βασιλεὺς καὶ Βερνίκη κατήντησαν εἰς Καισάρειαν, ἀσπασάμενοι τὸν Φῆστον.
2c190e0115	ὡς δὲ πλείους ἡμέρας διέτριβον ἐκεῖ, ὁ Φῆστος τῷ βασιλεῖ ἀνέθετο τὰ κατὰ τὸν Παῦλον λέγων, Ἀνήρ τίς ἐστιν καταλελειμμένος ὑπὸ Φήλικος δέσμιος,
2c190f00fa	περὶ οὗ γενομένου μου εἰς Ἱεροσόλυμα ἐνεφάνισαν οἱ ἀρχιερεῖς καὶ οἱ πρεσβύτεροι τῶν Ἰουδαίων, αἰτούμενοι κατ᾽ αὐτοῦ καταδίκην·
2c19100159	πρὸς οὓς ἀπεκρίθην ὅτι οὐκ ἔστιν ἔθος Ῥωμαίοις χαρίζεσθαί τινα ἄνθρωπον πρὶν ἢ ὁ κατηγορούμενος κατὰ πρόσωπον ἔχοι τοὺς κατηγόρους, τόπον τε ἀπολογίας λάβοι περὶ τοῦ ἐγκλήματος.
2c191100ef	συνελθόντων οὖν αὐτῶν ἐνθάδε ἀναβολὴν μηδεμίαν ποιησάμενος, τῇ ἑξῆς καθίσας ἐπὶ τοῦ βήματος, ἐκέλευσα ἀχθῆναι τὸν ἄνδρα·
2c1912009c	περὶ οὗ σταθέντες οἱ κατήγοροι οὐδεμίαν αἰτίαν ἔφερον ὧν ἐγὼ ὑπενόουν πονηρῶν·
2c191300ec	ζητήματα δέ τινα περὶ τῆς ἰδίας δεισιδαιμονίας εἶχον πρὸς αὐτόν, καὶ περί τινος Ἰησοῦ τεθνηκότος, ὃν ἔφασκεν ὁ Παῦλος ζῇν.
2c191400e5	ἀπορούμενος δὲ ἐγὼ τὴν περὶ τούτων ζήτησιν, ἔλεγον εἰ βούλοιτο πορεύεσθαι εἰς Ἱεροσόλυμα κἀκεῖ κρίνεσθαι περὶ τούτων.
2c19150111	τοῦ δὲ Παύλου ἐπικαλεσαμένου τηρηθῆναι αὐτὸν εἰς τὴν τοῦ Σεβαστοῦ διάγνωσιν, ἐκέλευσα τηρεῖσθαι αὐτὸν ἕως οὗ ἀναπέμψω αὐτὸν πρὸς Καίσαρα.
2c191600c5	Ἀγρίππας δὲ πρὸς τὸν Φῆστον, Ἐβουλόμην καὶ αὐτὸς τοῦ ἀνθρώπου ἀκοῦσαι. Αὔριον, φησίν, ἀκούσῃ αὐτοῦ.
2c191701a1	Τῇ οὖν ἐπαύριον ἐλθόντος τοῦ Ἀγρίππα καὶ τῆς Βερνίκης μετὰ πολλῆς φαντασίας, καὶ εἰσελθόντων εἰς τὸ ἀκροατήριον σύν τε χιλιάρχοις καὶ ἀνδράσιν τοῖς κατ᾽ ἐξοχὴν τῆς πόλεως, καὶ κελεύσαντος τοῦ Φήστου ἤχθη ὁ Παῦλος.
2c1918018f	καί φησιν ὁ Φῆστος, Ἀγρίππα βασιλεῦ καὶ πάντες οἱ συμπαρόντες ἡμῖν ἄνδρες, θεωρεῖτε τοῦτον περὶ οὗ ἅπαν τὸ πλῆθος τῶν Ἰουδαίων ἐνέτυχόν μοι ἔν τε Ἱεροσολύμοις καὶ ἐνθάδε βοῶντες μὴ δεῖν αὐτὸν ζῇν μηκέτι.
2c191900e5	ἐγὼ δὲ κατελαβόμην μηδὲν ἄξιον αὐτὸν θανάτου πεπραχέναι, αὐτοῦ δὲ τούτου ἐπικαλεσαμένου τὸν Σεβαστὸν ἔκρινα πέμπειν.
2c191a0130	περὶ οὗ ἀσφαλές τι γράψαι τῷ κυρίῳ οὐκ ἔχω, διὸ προήγαγον αὐτὸν ἐφ᾽ ὑμῶν, καὶ μάλιστα ἐπὶ σοῦ, βασιλεῦ Ἀγρίππα, ὅπως τῆς ἀνακρίσεως γενομένης σχῶ τι γράψω·
2c191b0094	ἄλογον γάρ μοι δοκεῖ πέμποντα δέσμιον, μὴ καὶ τὰς κατ᾽ αὐτοῦ αἰτίας σημᾶναι.
2c1a0100e0	Ἀγρίππας δὲ πρὸς τὸν Παῦλον ἔφη, Ἐπιτρέπεταί σοι περὶ σεαυτοῦ λέγειν. τότε ὁ Παῦλος ἐκτείνας τὴν χεῖρα ἀπελογεῖτο,
2c1a0200ea	Περὶ πάντων ὧν ἐγκαλοῦμαι ὑπὸ Ἰουδαίων, βασιλεῦ Ἀγρίππα, ἥγημαι ἐμαυτὸν μακάριον ἐπὶ σοῦ μέλλων σήμερον ἀπολογεῖσθαι·
2c1a0300ce	μάλιστα γνώστην ὄντα σε πάντων τῶν κατὰ Ἰουδαίους ἐθῶν τε καὶ ζητημάτων. διὸ δέομαι μακροθύμως ἀκοῦσαί μου.
2c1a0400e8	τὴν μὲν οὖν βίωσίν μου ἐκ νεότητος, τὴν ἀπ᾽ ἀρχῆς γενομένην ἐν τῷ ἔθνει μου ἔν τε Ἱεροσολύμοις, ἴσασιν πάντες Ἰουδαῖοι,
2c1a0500f0	προγινώσκοντές με ἄνωθεν, ἐὰν θέλωσιν μαρτυρεῖν, ὅτι κατὰ τὴν ἀκριβεστάτην αἵρεσιν τῆς ἡμετέρας θρησκείας ἔζησα Φαρισαῖος·
2c1a0600c2	καὶ νῦν ἐπ᾽ ἐλπίδι τῆς εἰς τοὺς πατέρας ἡμῶν ἐπαγγελίας γενομένης ὑπὸ τοῦ θεοῦ ἕστηκα κρινόμενος,
2c1a07010c	εἰς ἣν τὸ δωδεκάφυλον ἡμῶν ἐν ἐκτενείᾳ νύκτα καὶ ἡμέραν λατρεῦον ἐλπίζει καταντῆσαι, περὶ ἧς ἐλπίδος ἐγκαλοῦμαι ὑπὸ Ἰουδαίων, βασιλεῦ,
2c1a08006f	τί ἄπιστον κρίνεται παρ᾽ ὑμῖν εἰ ὁ θεὸς νεκροὺς ἐγείρει;
2c1a0900ac	ἐγὼ μὲν οὖν ἔδοξα ἐμαυτῷ πρὸς τὸ ὄνομα Ἰησοῦ τοῦ Ναζωραίου δεῖν πολλὰ ἐναντία πρᾶξαι,
2c1a0a013c	ὃ καὶ ἐποίησα ἐν Ἱεροσολύμοις, καὶ πολλούς τε τῶν ἁγίων ἐγὼ ἐν φυλακαῖς κατέκλεισα, τὴν παρὰ τῶν ἀρχιερέων ἐξουσίαν λαβών, ἀναιρουμένων τε αὐτῶν κατήνεγκα ψῆφον·
2c1a0b0119	καὶ κατὰ πάσας τὰς συναγωγὰς πολλάκις τιμωρῶν αὐτοὺς ἠνάγκαζον βλασφημεῖν, περισσῶς τε ἐμμαινόμενος αὐτοῖς ἐδίωκον ἕως καὶ εἰς τὰς ἔξω πόλεις.
2c1a0c00a6	ἐν οἷς πορευόμενος εἰς τὴν Δαμασκὸν μετ᾽ ἐξουσίας καὶ ἐπιτροπῆς [τῆς] τῶν ἀρχιερέων,
2c1a0d0105	ἡμέρας μέσης, κατὰ τὴν ὁδὸν εἶδον, βασιλεῦ, οὐρανόθεν ὑπὲρ τὴν λαμπρότητα τοῦ ἡλίου περιλάμψαν με φῶς καὶ τοὺς σὺν ἐμοὶ πορευομένους.
2c1a0e0122	πάντων τε καταπεσόντων ἡμῶν εἰς τὴν γῆν ἤκουσα φωνὴν λέγουσαν πρός με τῇ Ἑβραΐδι διαλέκτῳ, Σαοὺλ Σαούλ, τί με διώκεις; σκληρόν σοι πρὸς κέντρα λακτίζειν.
2c1a0f0093	ἐγὼ δὲ εἶπα, Τίς εἶ κύριε; ὁ δὲ κύριος εἶπεν, Ἐγώ εἰμι Ἰησοῦς ὃν σὺ διώκεις.
2c1a100110	ἀλλὰ ἀνάστηθι καὶ στῆθι ἐπὶ τοὺς πόδας σου· εἰς τοῦτο γὰρ ὤφθην σοι, προχειρίσασθαί σε ὑπηρέτην καὶ μάρτυρα ὧν τε εἶδες ὧν τε ὀφθήσομαί σοι,
2c1a11008c	ἐξαιρούμενός σε ἐκ τοῦ λαοῦ καὶ ἐκ τῶν ἐθνῶν, εἰς οὓς ἐγὼ ἀποστέλλω σε
2c1a120174	ἀνοῖξαι ὀφθαλμοὺς αὐτῶν, τοῦ ἐπιστρέψαι ἀπὸ σκότους εἰς φῶς καὶ τῆς ἐξουσίας τοῦ σατανᾶ ἐπὶ τὸν θεόν, τοῦ λαβεῖν αὐτοὺς ἄφεσιν ἁμαρτιῶν καὶ κλῆρον ἐν τοῖς ἡγιασμένοις πίστει τῇ εἰς ἐμέ.
2c1a13007e	ὅθεν βασιλεῦ Ἀγρίππα, οὐκ ἐγενόμην ἀπειθὴς τῇ οὐρανίῳ ὀπτασίᾳ,
2c1a14016b	ἀλλὰ τοῖς ἐν Δαμασκῷ πρῶτόν τε καὶ Ἱεροσολύμοις, πᾶσάν τε τὴν χώραν τῆς Ἰουδαίας, καὶ τοῖς ἔθνεσιν ἀπήγγελλον μετανοεῖν καὶ ἐπιστρέφειν ἐπὶ τὸν θεόν, ἄξια τῆς μετανοίας ἔργα πράσσοντας.
2c1a150093	ἕνεκα τούτων με Ἰουδαῖοι συλλαβόμενοι ἐν τῷ ἱερῷ ἐπειρῶντο διαχειρίσασθαι.
2c1a16015e	ἐπικουρίας οὖν τυχὼν τῆς ἀπὸ τοῦ θεοῦ ἄχρι τῆς ἡμέρας ταύτης ἕστηκα, μαρτυρόμενος μικρῷ τε καὶ μεγάλῳ, οὐδὲν ἐκτὸς λέγων ὧν τε οἱ προφῆται ἐλάλησαν μελλόντων γίνεσθαι καὶ Μωυσῆς,
2c1a1700cb	εἰ παθητὸς ὁ χριστός, εἰ πρῶτος ἐξ ἀναστάσεως νεκρῶν φῶς μέλλει καταγγέλλειν τῷ τε λαῷ καὶ τοῖς ἔθνεσιν.
2c1a1800e3	ταῦτα δὲ αὐτοῦ ἀπολογουμένου, ὁ Φῆστος μεγάλῃ τῇ φωνῇ φησιν, Μαίνῃ Παῦλε· τὰ πολλά σε γράμματα εἰς μανίαν περιτρέπει.
2c1a1900bd	ὁ δὲ Παῦλος, Οὐ μαίνομαι, φησίν, κράτιστε Φῆστε, ἀλλὰ ἀληθείας καὶ σωφροσύνης ῥήματα ἀποφθέγγομαι.
2c1a1a013c	ἐπίσταται γὰρ περὶ τούτων ὁ βασιλεύς, πρὸς ὃν καὶ παῤῥησιαζόμενος λαλῶ· λανθάνειν γὰρ αὐτόν τι τούτων οὐ πείθομαι [οὐθέν]· οὐ γάρ ἐστιν ἐν γωνίᾳ πεπραγμένον τοῦτο.
2c1a1b0078	πιστεύεις, βασιλεῦ Ἀγρίππα, τοῖς προφήταις; οἶδα ὅτι πιστεύεις.
2c1a1c008a	ὁ δὲ Ἀγρίππας πρὸς τὸν Παῦλον, Ἐν ὀλίγῳ με πείθεις Χριστιανὸν ποιῆσαι.
2c1a1d015e	ὁ δὲ Παῦλος, Εὐξαίμην ἂν τῷ θεῷ, καὶ ἐν ὀλίγῳ καὶ ἐν μεγάλῳ οὐ μόνον σε ἀλλὰ καὶ πάντας τοὺς ἀκούοντάς μου σήμερον γενέσθαι τοιούτους ὁποῖος κἀγώ εἰμι, παρεκτὸς τῶν δεσμῶν τούτων.
2c1a1e0093	ἀνέστη τε ὁ βασιλεὺς καὶ ὁ ἡγεμὼν ἥ τε Βερνίκη καὶ οἱ συγκαθήμενοι αὐτοῖς·
2c1a1f00d4	καὶ ἀναχωρήσαντες ἐλάλουν πρὸς ἀλλήλους λέγοντες ὅτι Οὐδὲν θανάτου ἢ δεσμῶν ἄξιον πράσσει ὁ ἄνθρωπος οὗτος.
2c1a2000b0	Ἀγρίππας δὲ τῷ Φῆστῳ ἔφη, Ἀπολελύσθαι ἐδύνατο ὁ ἄνθρωπος οὗτος, εἰ μὴ ἐπεκέκλητο Καίσαρα.
2c1b01011c	Ὡς δὲ ἐκρίθη τοῦ ἀποπλεῖν ἡμᾶς εἰς τὴν Ἰταλίαν, παρεδίδουν τόν τε Παῦλον καί τινας ἑτέρους δεσμώτας ἑκατοντάρχῃ ὀνόματι Ἰουλίῳ σπείρης Σεβαστῆς.
2c1b020112	ἐπιβάντες δὲ πλοίῳ Ἀδραμυττηνῷ μέλλοντι πλεῖν εἰς τοὺς κατὰ τὴν Ἀσίαν τόπους, ἀνήχθημεν, ὄντος σὺν ἡμῖν Ἀριστάρχου Μακεδόνος Θεσσαλονικέως.
2c1b030109	τῇ τε ἑτέρᾳ κατήχθημεν εἰς Σιδῶνα, φιλανθρώπως τε ὁ Ἰούλιος τῷ Παύλῳ χρησάμενος ἐπέτρεψεν πρὸς τοὺς φίλους πορευθέντι ἐπιμελείας τυχεῖν.
2c1b0400a0	κἀκεῖθεν ἀναχθέντες ὑπεπλεύσαμεν τὴν Κύπρον διὰ τὸ τοὺς ἀνέμους εἶναι ἐναντίους,
2c1b0500b8	τό τε πέλαγος τὸ κατὰ τὴν Κιλικίαν καὶ Παμφυλίαν διαπλεύσαντες, κατήλθαμεν εἰς Μύῤῥα τῆς Λυκίας.
2c1b0600c0	κἀκεῖ εὑρὼν ὁ ἑκατοντάρχης πλοῖον Ἀλεξανδρῖνον πλέον εἰς τὴν Ἰταλίαν, ἐνεβίβασεν ἡμᾶς εἰς αὐτό.
2c1b070119	ἐν ἱκαναῖς δὲ ἡμέραις βραδυπλοοῦντες καὶ μόλις γενόμενοι κατὰ τὴν Κνίδον, μὴ προσεῶντος ἡμᾶς τοῦ ἀνέμου, ὑπεπλεύσαμεν τὴν Κρήτην κατὰ Σαλμώνην,
2c1b0800c5	μόλις τε παραλεγόμενοι αὐτὴν ἤλθομεν εἰς τόπον τινὰ καλούμενον Καλοὺς Λιμένας, ᾧ ἐγγὺς ἦν πόλις Λασέα.
2c1b0900f7	ἱκανοῦ δὲ χρόνου διαγενομένου, καὶ ὄντος ἤδη ἐπισφαλοῦς τοῦ πλοὸς διὰ τὸ καὶ τὴν νηστείαν ἤδη παρεληλυθέναι, παρῄνει ὁ Παῦλος
2c1b0a0123	λέγων αὐτοῖς, Ἄνδρες, θεωρῶ ὅτι μετὰ ὕβρεως καὶ πολλῆς ζημίας οὐ μόνον τοῦ φορτίου καὶ τοῦ πλοίου ἀλλὰ καὶ τῶν ψυχῶν ἡμῶν μέλλειν ἔσεσθαι τὸν πλοῦν.
2c1b0b00b7	ὁ δὲ ἑκατοντάρχης τῷ κυβερνήτῃ καὶ τῷ ναυκλήρῳ μᾶλλον ἐπείθετο ἢ τοῖς ὑπὸ Παύλου λεγομένοις.
2c1b0c0195	ἀνευθέτου δὲ τοῦ λιμένος ὑπάρχοντος πρὸς παραχειμασίαν, οἱ πλείονες ἔθεντο βουλὴν ἀναχθῆναι ἐκεῖθεν, εἴ πως δύναιντο καταντήσαντες εἰς Φοίνικα παραχειμάσαι, λιμένα τῆς Κρήτης βλέποντα κατὰ λίβα καὶ κατὰ χῶρον.
2c1b0d00bb	ὑποπνεύσαντος δὲ νότου δόξαντες τῆς προθέσεως κεκρατηκέναι, ἄραντες ἆσσον παρελέγοντο τὴν Κρήτην.
2c1b0e0094	μετ᾽ οὐ πολὺ δὲ ἔβαλεν κατ᾽ αὐτῆς ἄνεμος τυφωνικὸς ὁ καλούμενος Εὐρακύλων.
2c1b0f00b1	συναρπασθέντος δὲ τοῦ πλοίου, καὶ μὴ δυναμένου ἀντοφθαλμεῖν τῷ ἀνέμῳ, ἐπιδόντες ἐφερόμεθα.
2c1b1000b0	νησίον δέ τι ὑποδραμόντες καλούμενον Καῦδα, ἰσχύσαμεν μόλις περικρατεῖς γενέσθαι τῆς σκάφης,
2c1b110105	ἣν ἄραντες βοηθείαις ἐχρῶντο, ὑποζωννύντες τὸ πλοῖον· φοβούμενοί τε μὴ εἰς τὴν σύρτιν ἐκπέσωσιν, χαλάσαντες τὸ σκεῦος, οὕτως ἐφέροντο.
2c1b120072	σφοδρῶς δὲ χειμαζομένων ἡμῶν τῇ ἑξῆς ἐκβολὴν ἐποιοῦντο·
2c1b13006e	καὶ τῇ τρίτῃ αὐτόχειρες τὴν σκευὴν τοῦ πλοίου ἔῤῥιψαν·
2c1b14011c	μήτε δὲ ἡλίου μήτε ἄστρων ἐπιφαινόντων ἐπὶ πλείονας ἡμέρας, χειμῶνός τε οὐκ ὀλίγου ἐπικειμένου, λοιπὸν περιῃρεῖτο ἐλπὶς πᾶσα τοῦ σῶζεσθαι ἡμᾶς.
2c1b150166	πολλῆς τε ἀσιτίας ὑπαρχούσης, τότε σταθεὶς ὁ Παῦλος ἐν μέσῳ αὐτῶν εἶπεν, Ἔδει μέν, ὦ ἄνδρες, πειθαρχήσαντάς μοι μὴ ἀνάγεσθαι ἀπὸ τῆς Κρήτης, κερδῆσαί τε τὴν ὕβριν ταύτην καὶ τὴν ζημίαν.
2c1b1600b7	καὶ τὰ νῦν παραινῶ ὑμᾶς εὐθυμεῖν· ἀποβολὴ γὰρ ψυχῆς οὐδεμία ἔσται ἐξ ὑμῶν πλὴν τοῦ πλοίου.
2c1b170088	παρέστη γάρ μοι ταύτῃ τῇ νυκτὶ τοῦ θεοῦ οὗ εἰμι ᾧ καὶ λατρεύω ἄγγελος,
2c1b1800d6	λέγων, Μὴ φοβοῦ, Παῦλε, Καίσαρί σε δεῖ παραστῆναι, καὶ ἰδοὺ κεχάρισταί σοι ὁ θεὸς πάντας τοὺς πλέοντας μετὰ σοῦ.
2c1b1900a9	διὸ εὐθυμεῖτε ἄνδρες· πιστεύω γὰρ τῷ θεῷ ὅτι οὕτως ἔσται καθ᾽ ὃν τρόπον λελάληταί μοι.
2c1b1a0048	εἰς νῆσον δέ τινα δεῖ ἡμᾶς ἐκπεσεῖν.
2c1b1b010f	Ὡς δὲ τεσσαρεσκαιδεκάτη νὺξ ἐγένετο, διαφερομένων ἡμῶν ἐν τῷ Ἀδρίᾳ, κατὰ μέσον τῆς νυκτὸς ὑπενόουν οἱ ναῦται προσάγειν τινὰ αὐτοῖς χώραν·
2c1b1c00ce	καὶ βολίσαντες εὗρον ὀργυιὰς εἴκοσι, βραχὺ δὲ διαστήσαντες καὶ πάλιν βολίσαντες, εὗρον ὀργυιὰς δεκαπέντε·
2c1b1d00d8	φοβούμενοί τε μήπου κατὰ τραχεῖς τόπους ἐκπέσωμεν, ἐκ πρύμνης ῥίψαντες ἀγκύρας τέσσαρας εὔχοντο ἡμέραν γενέσθαι.
2c1b1e010d	τῶν δὲ ναυτῶν ζητούντων φυγεῖν ἐκ τοῦ πλοίου, καὶ χαλασάντων τὴν σκάφην εἰς τὴν θάλασσαν προφάσει ὡς ἐκ πρώρας ἀγκύρας μελλόντων ἐκτείνειν,
2c1b1f00de	εἶπεν ὁ Παῦλος τῷ ἑκατοντάρχῃ καὶ τοῖς στρατιώταις, Ἐὰν μὴ οὗτοι μείνωσιν ἐν τῷ πλοίῳ, ὑμεῖς σωθῆναι οὐ δύνασθε.
2c1b200098	τότε ἀπέκοψαν οἱ στρατιῶται τὰ σχοινία τῆς σκάφης, καὶ εἴασαν αὐτὴν ἐκπεσεῖν.
2c1b210151	ἄχρι δὲ οὗ ἡμέρα ἤμελλεν γίνεσθαι, παρεκάλει ὁ Παῦλος ἅπαντας μεταλαβεῖν τροφῆς λέγων, Τεσσαρεσκαιδεκάτην σήμερον ἡμέραν προσδοκῶντες ἄσιτοι διατελεῖτε, μηθὲν προσλαβόμενοι.
2c1b22010a	διὸ παρακαλῶ ὑμᾶς μεταλαβεῖν τροφῆς· τοῦτο γὰρ πρὸς τῆς ὑμετέρας σωτηρίας ὑπάρχει· οὐδενὸς γὰρ ὑμῶν θρὶξ ἀπὸ τῆς κεφαλῆς ἀπολεῖται.
2c1b2300b7	εἴπας δὲ ταῦτα καὶ λαβὼν ἄρτον εὐχαρίστησεν τῷ θεῷ ἐνώπιον πάντων, καὶ κλάσας ἤρξατο ἐσθίειν.
2c1b240073	εὔθυμοι δὲ γενόμενοι πάντες καὶ αὐτοὶ προσελάβοντο τροφῆς·
2c1b250079	ἤμεθα δὲ αἱ πᾶσαι ψυχαὶ ἐν τῷ πλοίῳ διακόσιαι ἑβδομήκοντα ἕξ.
2c1b2600a3	κορεσθέντες δὲ τροφῆς ἐκούφιζον τὸ πλοῖον, ἐκβαλλόμενοι τὸν σῖτον εἰς τὴν θάλασσαν.
2c1b27010d	ὅτε δὲ ἡμέρα ἐγένετο, τὴν γῆν οὐκ ἐπεγίνωσκον, κόλπον δέ τινα κατενόουν ἔχοντα αἰγιαλόν, εἰς ὃν ἐβουλεύοντο, εἰ δύναιντο, ἐξῶσαι τὸ πλοῖον.
2c1b280132	καὶ τὰς ἀγκύρας περιελόντες εἴων εἰς τὴν θάλασσαν, ἅμα ἀνέντες τὰς ζευκτηρίας τῶν πηδαλίων, καὶ ἐπάραντες τὸν ἀρτέμωνα τῇ πνεούσῃ κατεῖχον εἰς τὸν αἰγιαλόν.
2c1b29011e	περιπεσόντες δὲ εἰς τόπον διθάλασσον ἐπέκειλαν τὴν ναῦν· καὶ ἡ μὲν πρῶρα ἐρείσασα ἔμεινεν ἀσάλευτος, ἡ δὲ πρύμνα ἐλύετο ὑπὸ τῆς βίας [τῶν κυμάτων].
2c1b2a00b4	τῶν δὲ στρατιωτῶν βουλὴ ἐγένετο ἵνα τοὺς δεσμώτας ἀποκτείνωσιν, μή τις ἐκκολυμβήσας διαφύγῃ.
2c1b2b013f	ὁ δὲ ἑκατοντάρχης βουλόμενος διασῶσαι τὸν Παῦλον, ἐκώλυσεν αὐτοὺς τοῦ βουλήματος, ἐκέλευσέν τε τοὺς δυναμένους κολυμβᾶν ἀποῤῥίψαντας πρώτους ἐπὶ τὴν γῆν ἐξιέναι,
2c1b2c00f3	καὶ τοὺς λοιποὺς οὓς μὲν ἐπὶ σανίσιν, οὓς δὲ ἐπί τινων τῶν ἀπὸ τοῦ πλοίου. καὶ οὕτως ἐγένετο πάντας διασωθῆναι ἐπὶ τὴν γῆν.
2c1c010075	Καὶ διασωθέντες, τότε ἐπέγνωμεν ὅτι Μελίτη ἡ νῆσος καλεῖται·
2c1c020123	οἵ τε βάρβαροι παρεῖχαν οὐ τὴν τυχοῦσαν φιλανθρωπίαν ἡμῖν· ἅψαντες γὰρ πυρὰν προσελάβοντο πάντας ἡμᾶς διὰ τὸν ὑετὸν τὸν ἐφεστῶτα καὶ διὰ τὸ ψῦχος.
2c1c030105	συστρέψαντος δὲ τοῦ Παύλου φρυγάνων τι πλῆθος καὶ ἐπιθέντος ἐπὶ τὴν πυράν, ἔχιδνα ἀπὸ τῆς θέρμης ἐξελθοῦσα καθῆψεν τῆς χειρὸς αὐτοῦ.
2c1c04015b	ὡς δὲ εἶδαν οἱ βάρβαροι κρεμάμενον τὸ θηρίον ἐκ τῆς χειρὸς αὐτοῦ, πρὸς ἀλλήλους ἔλεγον, Πάντως φονεύς ἐστιν ὁ ἄνθρωπος οὗτος, ὃν διασωθέντα ἐκ τῆς θαλάσσης ἡ δίκη ζῇν οὐκ εἴασεν·
2c1c050079	ὁ μὲν οὖν ἀποτινάξας τὸ θηρίον εἰς τὸ πῦρ ἔπαθεν οὐδὲν κακόν.
2c1c060171	οἱ δὲ προσεδόκων αὐτὸν μέλλειν πίμπρασθαι ἢ καταπίπτειν ἄφνω νεκρόν· ἐπὶ πολὺ δὲ αὐτῶν προσδοκώντων, καὶ θεωρούντων μηδὲν ἄτοπον εἰς αὐτὸν γινόμενον, μεταβαλόμενοι ἔλεγον αὐτὸν εἶναι θεόν.
2c1c070111	ἐν δὲ τοῖς περὶ τὸν τόπον ἐκεῖνον ὑπῆρχεν χωρία τῷ πρώτῳ τῆς νήσου, ὀνόματι Ποπλίῳ, ὃς ἀναδεξάμενος ἡμᾶς τρεῖς ἡμέρας φιλοφρόνως ἐξένισεν.
2c1c080149	ἐγένετο δὲ τὸν πατέρα τοῦ Ποπλίου πυρετοῖς καὶ δυσεντερίῳ συνεχόμενον κατακεῖσθαι· πρὸς ὃν ὁ Παῦλος εἰσελθὼν καὶ προσευξάμενος, ἐπιθεὶς τὰς χεῖρας αὐτῷ, ἰάσατο αὐτόν.
2c1c0900be	τούτου δὲ γενομένου, καὶ οἱ λοιποὶ οἱ ἐν τῇ νήσῳ ἔχοντες ἀσθενείας, προσήρχοντο καὶ ἐθεραπεύοντο·
2c1c0a00a1	οἳ καὶ πολλαῖς τιμαῖς ἐτίμησαν ἡμᾶς, καὶ ἀναγομένοις ἐπέθεντο τὰ πρὸς τὰς χρείας.
2c1c0b00c8	Μετὰ δὲ τρεῖς μῆνας ἀνήχθημεν ἐν πλοίῳ παρακεχειμακότι ἐν τῇ νήσῳ, Ἀλεξανδρίνῳ, παρασήμῳ Διοσκούροις·
2c1c0c006e	καὶ καταχθέντες εἰς Συρακούσας ἐπεμείναμεν ἡμέρας τρεῖς,
2c1c0d00e2	ὅθεν περιελθόντες κατηντήσαμεν εἰς Ῥήγιον καὶ μετὰ μίαν ἡμέραν ἐπιγενομένου νότου δευτεραῖοι ἤλθομεν εἰς Ποτιόλους·
2c1c0e00cc	οὗ εὑρόντες ἀδελφοὺς παρεκλήθημεν παρ᾽ αὐτοῖς ἐπιμεῖναι ἡμέρας ἑπτά· καὶ οὕτως εἰς τὴν Ῥώμην ἤλθαμεν.
2c1c0f0140	κἀκεῖθεν οἱ ἀδελφοὶ ἀκούσαντες τὰ περὶ ἡμῶν ἦλθαν εἰς ἀπάντησιν ἡμῖν ἄχρι Ἀππίου Φόρου καὶ Τριῶν Ταβερνῶν, οὓς ἰδὼν ὁ Παῦλος εὐχαριστήσας τῷ θεῷ ἔλαβεν θάρσος.
2c1c1000c7	Ὅτε δὲ εἰσήλθαμεν εἰς Ῥώμην, ἐπετράπη τῷ Παύλῳ μένειν καθ᾽ ἑαυτὸν σὺν τῷ φυλάσσοντι αὐτὸν στρατιώτῃ.
2c1c110207	ἐγένετο δὲ μετὰ ἡμέρας τρεῖς συγκαλέσασθαι αὐτὸν τοὺς ὄντας τῶν Ἰουδαίων πρώτους· συνελθόντων δὲ αὐτῶν ἔλεγεν πρὸς αὐτούς, Ἐγώ, ἄνδρες ἀδελφοί, οὐδὲν ἐναντίον ποιήσας τῷ λαῷ ἢ τοῖς ἔθεσιν τοῖς πατρῴοις, δέσμιος ἐξ Ἱεροσολύμων παρεδόθην εἰς τὰς χεῖρας τῶν Ῥωμαίων,
2c1c1200b6	οἵτινες ἀνακρίναντές με ἐβούλοντο ἀπολῦσαι, διὰ τὸ μηδεμίαν αἰτίαν θανάτου ὑπάρχειν ἐν ἐμοί·
2c1c1300cc	ἀντιλεγόντων δὲ τῶν Ἰουδαίων ἠναγκάσθην ἐπικαλέσασθαι Καίσαρα, οὐχ ὡς τοῦ ἔθνους μου ἔχων τι κατηγορεῖν.
2c1c1400ff	διὰ ταύτην οὖν τὴν αἰτίαν παρεκάλεσα ὑμᾶς ἰδεῖν καὶ προσλαλῆσαι· ἕνεκεν γὰρ τῆς ἐλπίδος τοῦ Ἰσραὴλ τὴν ἅλυσιν ταύτην περίκειμαι.
2c1c150139	οἱ δὲ πρὸς αὐτὸν εἶπαν, Ἡμεῖς οὔτε γράμματα περὶ σοῦ ἐδεξάμεθα ἀπὸ τῆς Ἰουδαίας, οὔτε παραγενόμενός τις τῶν ἀδελφῶν ἀπήγγειλεν ἢ ἐλάλησέν τι περὶ σοῦ πονηρόν.
2c1c1600ec	ἀξιοῦμεν δὲ παρὰ σοῦ ἀκοῦσαι ἃ φρονεῖς· περὶ μὲν γὰρ τῆς αἱρέσεως ταύτης γνωστὸν ἡμῖν ἐστιν ὅτι πανταχοῦ ἀντιλέγεται.
2c1c1701ab	Ταξάμενοι δὲ αὐτῷ ἡμέραν ἦλθον πρὸς αὐτὸν εἰς τὴν ξενίαν πλείονες, οἷς ἐξετίθετο διαμαρτυρόμενος τὴν βασιλείαν τοῦ θεοῦ, πείθων τε αὐτοὺς περὶ τοῦ Ἰησοῦ, ἀπό τε τοῦ νόμου Μωυσέως καὶ τῶν προφητῶν, ἀπὸ πρωῒ ἕως ἑσπέρας.
2c1c180068	καὶ οἱ μὲν ἐπείθοντο τοῖς λεγομένοις, οἱ δὲ ἠπίστουν.
2c1c190138	ἀσύμφωνοι δὲ ὄντες πρὸς ἀλλήλους ἀπελύοντο, εἰπόντος τοῦ Παύλου ῥῆμα ἕν, ὅτι Καλῶς τὸ πνεῦμα τὸ ἅγιον ἐλάλησεν διὰ Ἡσαΐου τοῦ προφήτου πρὸς τοὺς πατέρας ὑμῶν
2c1c1a00e9	λέγων, Πορεύθητι πρὸς τὸν λαὸν τοῦτον καὶ εἰπόν, Ἀκοῇ ἀκούσετε καὶ οὐ μὴ συνῆτε, καὶ βλέποντες βλέψετε καὶ οὐ μὴ ἴδητε·
2c1c1b01b3	ἐπαχύνθη γὰρ ἡ καρδία τοῦ λαοῦ τούτου, καὶ τοῖς ὠσὶν βαρέως ἤκουσαν, καὶ τοὺς ὀφθαλμοὺς αὐτῶν ἐκάμμυσαν· μή ποτε ἴδωσιν τοῖς ὀφθαλμοῖς, καὶ τοῖς ὠσὶν ἀκούσωσιν, καὶ τῇ καρδίᾳ συνῶσιν, καὶ ἐπιστρέψωσιν καὶ ἰάσομαι αὐτούς.
2c1c1c00c2	Γνωστὸν οὖν ἔστω ὑμῖν ὅτι τοῖς ἔθνεσιν ἀπεστάλη τοῦτο τὸ σωτήριον τοῦ θεοῦ, αὐτοὶ καὶ ἀκούσονται.
2c1c1e00c1	Ἐνέμεινεν δὲ διετίαν ὅλην ἐν ἰδίῳ μισθώματι, καὶ ἀπεδέχετο πάντας τοὺς εἰσπορευομένους πρὸς αὐτόν,
2c1c1f00fa	κηρύσσων τὴν βασιλείαν τοῦ θεοῦ, καὶ διδάσκων τὰ περὶ τοῦ κυρίου Ἰησοῦ χριστοῦ, μετὰ πάσης παῤῥησίας ἀκωλύτως. ΠΡΑΞΕΙΣ ΑΠΟΣΤΟΛΩΝ.
2d00000019	Προς Ρωμαιους
2d0101009c	Παῦλος δοῦλος χριστοῦ Ἰησοῦ, κλητὸς ἀπόστολος ἀφωρισμένος εἰς εὐαγγέλιον θεοῦ,
2d01020074	ὃ προεπηγγείλατο διὰ τῶν προφητῶν αὐτοῦ ἐν γραφαῖς ἁγίαις,
2d01030082	περὶ τοῦ υἱοῦ αὐτοῦ, τοῦ γενομένου ἐκ σπέρματος Δαυεὶδ κατὰ σάρκα,
2d010400dc	τοῦ ὁρισθέντος υἱοῦ θεοῦ ἐν δυνάμει κατὰ πνεῦμα ἁγιωσύνης ἐξ ἀναστάσεως νεκρῶν, Ἰησοῦ χριστοῦ τοῦ κυρίου ἡμῶν,
2d010500ce	δι᾽ οὗ ἐλάβομεν χάριν καὶ ἀποστολὴν εἰς ὑπακοὴν πίστεως ἐν πᾶσιν τοῖς ἔθνεσιν ὑπὲρ τοῦ ὀνόματος αὐτοῦ,
2d0106005a	ἐν οἷς ἐστε καὶ ὑμεῖς, κλητοὶ Ἰησοῦ χριστοῦ·
2d010700fb	πᾶσιν τοῖς οὖσιν ἐν Ῥώμῃ ἀγαπητοῖς θεοῦ κλητοῖς ἁγίοις. χάρις ὑμῖν καὶ εἰρήνη ἀπὸ θεοῦ πατρὸς ἡμῶν καὶ κυρίου Ἰησοῦ χριστοῦ.
2d010800e9	Πρῶτον μὲν εὐχαριστῶ τῷ θεῷ μου διὰ Ἰησοῦ χριστοῦ περὶ πάντων ὑμῶν, ὅτι ἡ πίστις ὑμῶν καταγγέλλεται ἐν ὅλῳ τῷ κόσμῳ·
2d010900f5	μάρτυς γάρ μού ἐστιν ὁ θεός, ᾧ λατρεύω ἐν τῷ πνεύματί μου ἐν τῷ εὐαγγελίῳ τοῦ υἱοῦ αὐτοῦ, ὡς ἀδιαλείπτως μνείαν ὑμῶν ποιοῦμαι
2d010a00da	πάντοτε ἐπὶ τῶν προσευχῶν μου δεόμενος, εἴ πως ἤδη ποτὲ εὐοδωθήσομαι ἐν τῷ θελήματι τοῦ θεοῦ ἐλθεῖν πρὸς ὑμᾶς·
2d010b00b0	ἐπιποθῶ γὰρ ἰδεῖν ὑμᾶς, ἵνα τι μεταδῶ χάρισμα ὑμῖν πνευματικὸν εἰς τὸ στηριχθῆναι ὑμᾶς,
2d010c00a9	τοῦτο δέ ἐστιν συμπαρακληθῆναι ἐν ὑμῖν διὰ τῆς ἐν ἀλλήλοις πίστεως, ὑμῶν τε καὶ ἐμοῦ.
2d010d0152	οὐ θέλω δὲ ὑμᾶς ἀγνοεῖν, ἀδελφοί, ὅτι πολλάκις προεθέμην ἐλθεῖν πρὸς ὑμᾶς, καὶ ἐκωλύθην ἄχρι τοῦ δεῦρο, ἵνα τινὰ καρπὸν σχῶ καὶ ἐν ὑμῖν καθὼς καὶ ἐν τοῖς λοιποῖς ἔθνεσιν.
2d010e007d	Ἕλλησίν τε καὶ βαρβάροις, σοφοῖς τε καὶ ἀνοήτοις ὀφειλέτης εἰμί·
2d010f0082	οὕτως τὸ κατ᾽ ἐμὲ πρόθυμον καὶ ὑμῖν τοῖς ἐν Ῥώμῃ εὐαγγελίσασθαι.
2d011000ef	οὐ γὰρ ἐπαισχύνομαι τὸ εὐαγγέλιον· δύναμις γὰρ θεοῦ ἐστὶν εἰς σωτηρίαν παντὶ τῷ πιστεύοντι, Ἰουδαίῳ τε πρῶτον καὶ Ἕλληνι.
2d011100dc	δικαιοσύνη γὰρ θεοῦ ἐν αὐτῷ ἀποκαλύπτεται ἐκ πίστεως εἰς πίστιν, καθὼς γέγραπται, Ὁ δὲ δίκαιος ἐκ πίστεως ζήσεται.
2d011200f0	Ἀποκαλύπτεται γὰρ ὀργὴ θεοῦ ἀπ᾽ οὐρανοῦ ἐπὶ πᾶσαν ἀσέβειαν καὶ ἀδικίαν ἀνθρώπων τῶν τὴν ἀλήθειαν ἐν ἀδικίᾳ κατεχόντων,
2d011300a0	διότι τὸ γνωστὸν τοῦ θεοῦ φανερόν ἐστιν ἐν αὐτοῖς· ὁ θεὸς γὰρ αὐτοῖς ἐφανέρωσεν.
2d01140121	τὰ γὰρ ἀόρατα αὐτοῦ ἀπὸ κτίσεως κόσμου τοῖς ποιήμασιν νοούμενα καθορᾶται, ἥ τε ἀΐδιος αὐτοῦ δύναμις καὶ θειότης, εἰς τὸ εἶναι αὐτοὺς ἀναπολογήτους.
2d0115011f	διότι γνόντες τὸν θεὸν οὐχ ὡς θεὸν ἐδόξασαν ἢ ηὐχαρίστησαν, ἀλλὰ ἐματαιώθησαν ἐν τοῖς διαλογισμοῖς αὐτῶν, καὶ ἐσκοτίσθη ἡ ἀσύνετος αὐτῶν καρδία·
2d01160043	φάσκοντες εἶναι σοφοὶ ἐμωράνθησαν,
2d011700eb	καὶ ἤλλαξαν τὴν δόξαν τοῦ ἀφθάρτου θεοῦ ἐν ὁμοιώματι εἰκόνος φθαρτοῦ ἀνθρώπου καὶ πετεινῶν καὶ τετραπόδων καὶ ἑρπετῶν.
2d011800f6	διὸ παρέδωκεν αὐτοὺς ὁ θεὸς ἐν ταῖς ἐπιθυμίαις τῶν καρδιῶν αὐτῶν εἰς ἀκαθαρσίαν τοῦ ἀτιμάζεσθαι τὰ σώματα αὐτῶν ἐν αὐτοῖς,
2d01190133	οἵτινες μετήλλαξαν τὴν ἀλήθειαν τοῦ θεοῦ ἐν τῷ ψεύδει, καὶ ἐσεβάσθησαν καὶ ἐλάτρευσαν τῇ κτίσει παρὰ τὸν κτίσαντα, ὅς ἐστιν εὐλογητὸς εἰς τοὺς αἰῶνας, ἀμήν.
2d011a00f6	διὰ τοῦτο παρέδωκεν αὐτοὺς ὁ θεὸς εἰς πάθη ἀτιμίας· αἵ τε γὰρ θήλειαι αὐτῶν μετήλλαξαν τὴν φυσικὴν χρῆσιν εἰς τὴν παρὰ φύσιν,
2d011b01cb	ὁμοίως τε καὶ οἱ ἄρσενες ἀφέντες τὴν φυσικὴν χρῆσιν τῆς θηλείας ἐξεκαύθησαν ἐν τῇ ὀρέξει αὐτῶν εἰς ἀλλήλους, ἄρσενες ἐν ἄρσεσιν τὴν ἀσχημοσύνην κατεργαζόμενοι, καὶ τὴν ἀντιμισθίαν ἣν ἔδει τῆς πλάνης αὐτῶν ἐν ἑαυτοῖς ἀπολαμβάνοντες.
2d011c00ec	καὶ καθὼς οὐκ ἐδοκίμασαν τὸν θεὸν ἔχειν ἐν ἐπιγνώσει, παρέδωκεν αὐτοὺς ὁ θεὸς εἰς ἀδόκιμον νοῦν ποιεῖν τὰ μὴ καθήκοντα,
2d011d00d1	πεπληρωμένους πάσῃ ἀδικίᾳ πονηρίᾳ πλεονεξίᾳ κακίᾳ, μεστοὺς φθόνου φόνου ἔριδος δόλου κακοηθείας, ψιθυριστὰς
2d011e00b0	καταλάλους θεοστυγεῖς ὑβριστὰς ὑπερηφάνους ἀλαζόνας, ἐφευρετὰς κακῶν, γονεῦσιν ἀπειθεῖς,
2d011f0056	ἀσυνέτους ἀσυνθέτους ἀστόργους ἀνελεήμονας,
2d0120012e	οἵτινες τὸ δικαίωμα τοῦ θεοῦ ἐπιγνόντες, ὅτι οἱ τὰ τοιαῦτα πράσσοντες ἄξιοι θανάτου εἰσίν, οὐ μόνον αὐτὰ ποιοῦσιν, ἀλλὰ καὶ συνευδοκοῦσιν τοῖς πράσσουσιν.
2d020100f4	Διὸ ἀναπολόγητος εἶ, ὦ ἄνθρωπε πᾶς ὁ κρίνων· ἐν ᾧ γὰρ κρίνεις τὸν ἕτερον, σεαυτὸν κατακρίνεις· τὰ γὰρ αὐτὰ πράσσεις ὁ κρίνων.
2d020200a9	οἴδαμεν δὲ ὅτι τὸ κρῖμα τοῦ θεοῦ ἐστιν κατὰ ἀλήθειαν ἐπὶ τοὺς τὰ τοιαῦτα πράσσοντας·
2d020300dd	λογίζῃ δὲ τοῦτο, ὦ ἄνθρωπε ὁ κρίνων τοὺς τὰ τοιαῦτα πράσσοντας καὶ ποιῶν αὐτά, ὅτι σὺ ἐκφεύξῃ τὸ κρῖμα τοῦ θεοῦ;
2d0204010f	ἢ τοῦ πλούτου τῆς χρηστότητος αὐτοῦ καὶ τῆς ἀνοχῆς καὶ τῆς μακροθυμίας καταφρονεῖς, ἀγνοῶν ὅτι τὸ χρηστὸν τοῦ θεοῦ εἰς μετάνοιάν σε ἄγει;
2d02050102	κατὰ δὲ τὴν σκληρότητά σου καὶ ἀμετανόητον καρδίαν θησαυρίζεις σεαυτῷ ὀργὴν ἐν ἡμέρᾳ ὀργῆς καὶ ἀποκαλύψεως δικαιοκρισίας τοῦ θεοῦ,
2d0206004e	ὃς ἀποδώσει ἑκάστῳ κατὰ τὰ ἔργα αὐτοῦ,
2d020700b2	τοῖς μὲν καθ᾽ ὑπομονὴν ἔργου ἀγαθοῦ δόξαν καὶ τιμὴν καὶ ἀφθαρσίαν ζητοῦσιν ζωὴν αἰώνιον·
2d020800b0	τοῖς δὲ ἐξ ἐριθείας καὶ ἀπειθοῦσιν τῇ ἀληθείᾳ, πειθομένοις δὲ τῇ ἀδικίᾳ, ὀργὴ καὶ θυμός,
2d020900d3	θλῖψις καὶ στενοχωρία ἐπὶ πᾶσαν ψυχὴν ἀνθρώπου τοῦ κατεργαζομένου τὸ κακόν, Ἰουδαίου τε πρῶτον καὶ Ἕλληνος·
2d020a00b0	δόξα δὲ καὶ τιμὴ καὶ εἰρήνη παντὶ τῷ ἐργαζομένῳ τὸ ἀγαθόν, Ἰουδαίῳ τε πρῶτον καὶ Ἕλληνι·
2d020b004c	οὐ γάρ ἐστιν προσωπολημψία παρὰ τῷ θεῷ.
2d020c00bd	Ὅσοι γὰρ ἀνόμως ἥμαρτον, ἀνόμως καὶ ἀπολοῦνται· καὶ ὅσοι ἐν νόμῳ ἥμαρτον, διὰ νόμου κριθήσονται,
2d020d009d	οὐ γὰρ οἱ ἀκροαταὶ νόμου δίκαιοι παρὰ θεῷ, ἀλλ᾽ οἱ ποιηταὶ νόμου δικαιωθήσονται,
2d020e00cc	(ὅταν γὰρ ἔθνη τὰ μὴ νόμον ἔχοντα φύσει τὰ τοῦ νόμου ποιῶσιν, οὗτοι νόμον μὴ ἔχοντες ἑαυτοῖς εἰσιν νόμος,
2d020f015b	οἵτινες ἐνδείκνυνται τὸ ἔργον τοῦ νόμου γραπτὸν ἐν ταῖς καρδίαις αὐτῶν, συμμαρτυρούσης αὐτῶν τῆς συνειδήσεως καὶ μεταξὺ ἀλλήλων τῶν λογισμῶν κατηγορούντων ἢ καὶ ἀπολογουμένων,)
2d021000b8	ἐν ἡμέρᾳ ὅτε κρινεῖ ὁ θεὸς τὰ κρυπτὰ τῶν ἀνθρώπων κατὰ τὸ εὐαγγέλιόν μου, διὰ Ἰησοῦ χριστοῦ.
2d0211008a	Εἰ δὲ σὺ Ἰουδαῖος ἐπονομάζῃ καὶ ἐπαναπαύῃ νόμῳ, καὶ καυχᾶσαι ἐν θεῷ,
2d0212009a	καὶ γινώσκεις τὸ θέλημα καὶ δοκιμάζεις τὰ διαφέροντα, κατηχούμενος ἐκ τοῦ νόμου·
2d02130073	πέποιθάς τε σεαυτὸν ὁδηγὸν εἶναι τυφλῶν, φῶς τῶν ἐν σκότει,
2d021400bf	παιδευτὴν ἀφρόνων, διδάσκαλον νηπίων, ἔχοντα τὴν μόρφωσιν τῆς γνώσεως καὶ τῆς ἀληθείας ἐν τῷ νόμῳ·
2d02150092	ὁ οὖν διδάσκων ἕτερον σεαυτὸν οὐ διδάσκεις; ὁ κηρύσσων μὴ κλέπτειν κλέπτεις;
2d02160086	ὁ λέγων μὴ μοιχεύειν μοιχεύεις; ὁ βδελυσσόμενος τὰ εἴδωλα ἱεροσυλεῖς;
2d02170087	ὃς ἐν νόμῳ καυχᾶσαι, διὰ τῆς παραβάσεως τοῦ νόμου τὸν θεὸν ἀτιμάζεις;
2d0218009c	Τὸ γὰρ ὄνομα τοῦ θεοῦ δι᾽᾽ ὑμᾶς βλασφημεῖται ἐν τοῖς ἔθνεσιν, καθὼς γέγραπται.
2d021900cd	περιτομὴ μὲν γὰρ ὠφελεῖ, ἐὰν νόμον πράσσῃς· ἐὰν δὲ παραβάτης νόμου ᾖς, ἡ περιτομή σου ἀκροβυστία γέγονεν.
2d021a00ce	ἐὰν οὖν ἡ ἀκροβυστία τὰ δικαιώματα τοῦ νόμου φυλάσσῃ, οὐχ ἡ ἀκροβυστία αὐτοῦ εἰς περιτομὴν λογισθήσεται;
2d021b00c9	καὶ κρινεῖ ἡ ἐκ φύσεως ἀκροβυστία τὸν νόμον τελοῦσα σὲ τὸν διὰ γράμματος καὶ περιτομῆς παραβάτην νόμου;
2d021c0098	οὐ γὰρ ὁ ἐν τῷ φανερῷ Ἰουδαῖός ἐστιν, οὐδὲ ἡ ἐν τῷ φανερῷ ἐν σαρκὶ περιτομή,
2d021d00f2	ἀλλὰ ὁ ἐν τῷ κρυπτῷ Ἰουδαῖος, καὶ περιτομὴ καρδίας ἐν πνεύματι οὐ γράμματι, οὗ ὁ ἔπαινος οὐκ ἐξ ἀνθρώπων ἀλλὰ ἐκ τοῦ θεοῦ.
2d0301007b	Τί οὖν τὸ περισσὸν τοῦ Ἰουδαίου, ἢ τίς ἡ ὠφέλεια τῆς περιτομῆς;
2d03020089	πολὺ κατὰ πάντα τρόπον· πρῶτον μὲν ὅτι ἐπιστεύθησαν τὰ λόγια τοῦ θεοῦ.
2d03030096	τί γὰρ εἰ ἠπίστησάν τινες; μὴ ἡ ἀπιστία αὐτῶν τὴν πίστιν τοῦ θεοῦ καταργήσει;
2d03040121	μὴ γένοιτο· γινέσθω δὲ ὁ θεὸς ἀληθής, πᾶς δὲ ἄνθρωπος ψεύστης, καθάπερ γέγραπται, Ὅπως ἂν δικαιωθῇς ἐν τοῖς λόγοις σου, καὶ νικήσῃς ἐν τῷ κρίνεσθαί σε.
2d030500ea	εἰ δὲ ἡ ἀδικία ἡμῶν θεοῦ δικαιοσύνην συνίστησιν, τί ἐροῦμεν; μὴ ἄδικος ὁ θεὸς ὁ ἐπιφέρων τὴν ὀργήν; κατὰ ἄνθρωπον λέγω·
2d0306005b	μὴ γένοιτο· ἐπεὶ πῶς κρινεῖ ὁ θεὸς τὸν κόσμον;
2d030700e1	εἰ γὰρ ἡ ἀλήθεια τοῦ θεοῦ ἐν τῷ ἐμῷ ψεύσματι ἐπερίσσευσεν εἰς τὴν δόξαν αὐτοῦ, τί ἔτι κἀγὼ ὡς ἁμαρτωλὸς κρίνομαι;
2d030800fb	καὶ μὴ καθὼς βλασφημούμεθα καὶ καθώς φασίν τινες ἡμᾶς λέγειν ὅτι Ποιήσωμεν τὰ κακὰ ἵνα ἔλθῃ τὰ ἀγαθά; ὧν τὸ κρῖμα ἔνδικόν ἐστιν.
2d030900c2	Τί οὖν; προεχόμεθα; οὐ πάντως· προῃτιασάμεθα γὰρ Ἰουδαίους τε καὶ Ἕλληνας πάντας ὑφ᾽ ἁμαρτίαν εἶναι,
2d030a005e	καθὼς γέγραπται ὅτι Οὐκ ἔστιν δίκαιος οὐδὲ εἷς·
2d030b0063	οὐκ ἔστιν [ὁ] συνίων, οὐκ ἔστιν ὁ ἐκζητῶν τὸν θεόν·
2d030c009e	πάντες ἐξέκλιναν, ἅμα ἠχρεώθησαν· οὐκ ἔστιν ποιῶν χρηστότητα, οὐκ ἔστιν ἕως ἑνός.
2d030d00c3	τάφος ἀνεῳγμένος ὁ λάρυγξ αὐτῶν, ταῖς γλώσσαις αὐτῶν ἐδολιοῦσαν· ἰὸς ἀσπίδων ὑπὸ τὰ χείλη αὐτῶν·
2d030e0044	ὧν τὸ στόμα ἀρᾶς καὶ πικρίας γέμει.
2d030f0044	ὀξεῖς οἱ πόδες αὐτῶν ἐκχέαι αἷμα·
2d0310005b	σύντριμμα καὶ ταλαιπωρία ἐν ταῖς ὁδοῖς αὐτῶν·
2d0311003b	καὶ ὁδὸν εἰρήνης οὐκ ἔγνωσαν.
2d03120063	οὐκ ἔστιν φόβος θεοῦ ἀπέναντι τῶν ὀφθαλμῶν αὐτῶν.
2d031300e4	οἴδαμεν δὲ ὅτι ὅσα ὁ νόμος λέγει τοῖς ἐν τῷ νόμῳ λαλεῖ, ἵνα πᾶν στόμα φραγῇ καὶ ὑπόδικος γένηται πᾶς ὁ κόσμος τῷ θεῷ.
2d031400bd	διότι ἐξ ἔργων νόμου οὐ δικαιωθήσεται πᾶσα σὰρξ ἐνώπιον αὐτοῦ· διὰ γὰρ νόμου ἐπίγνωσις ἁμαρτίας.
2d031500b5	Νυνὶ δὲ χωρὶς νόμου δικαιοσύνη θεοῦ πεφανέρωται, μαρτυρουμένη ὑπὸ τοῦ νόμου καὶ τῶν προφητῶν,
2d031600bb	δικαιοσύνη δὲ θεοῦ διὰ πίστεως Ἰησοῦ χριστοῦ, εἰς πάντας τοὺς πιστεύοντας. οὐ γάρ ἐστιν διαστολή.
2d0317006b	πάντες γὰρ ἥμαρτον καὶ ὑστεροῦνται τῆς δόξης τοῦ θεοῦ,
2d0318009a	δικαιούμενοι δωρεὰν τῇ αὐτοῦ χάριτι διὰ τῆς ἀπολυτρώσεως τῆς ἐν χριστῷ Ἰησοῦ,
2d03190118	ὃν προέθετο ὁ θεὸς ἱλαστήριον διὰ πίστεως ἐν τῷ αὐτοῦ αἵματι, εἰς ἔνδειξιν τῆς δικαιοσύνης αὐτοῦ, διὰ τὴν πάρεσιν τῶν προγεγονότων ἁμαρτημάτων
2d031a011b	ἐν τῇ ἀνοχῇ τοῦ θεοῦ, πρὸς τὴν ἔνδειξιν τῆς δικαιοσύνης αὐτοῦ ἐν τῷ νῦν καιρῷ, εἰς τὸ εἶναι αὐτὸν δίκαιον καὶ δικαιοῦντα τὸν ἐκ πίστεως Ἰησοῦ.
2d031b00a9	Ποῦ οὖν ἡ καύχησις; ἐξεκλείσθη. διὰ ποίου νόμου; τῶν ἔργων; οὐχί, ἀλλὰ διὰ νόμου πίστεως.
2d031c0077	λογιζόμεθα γὰρ δικαιοῦσθαι πίστει ἄνθρωπον χωρὶς ἔργων νόμου.
2d031d006e	ἢ Ἰουδαίων ὁ θεὸς μόνον, οὐχὶ καὶ ἐθνῶν; ναὶ καὶ ἐθνῶν,
2d031e00a4	εἴ περ εἷς ὁ θεὸς ὃς δικαιώσει περιτομὴν ἐκ πίστεως καὶ ἀκροβυστίαν διὰ τῆς πίστεως.
2d031f008b	νόμον οὖν καταργοῦμεν διὰ τῆς πίστεως; μὴ γένοιτο, ἀλλὰ νόμον ἱστάνομεν.
2d0401007c	Τί οὖν ἐροῦμεν εὑρηκέναι Ἀβραὰμ τὸν προπάτορα ἡμῶν κατὰ σάρκα;
2d04020082	εἰ γὰρ Ἀβραὰμ ἐξ ἔργων ἐδικαιώθη, ἔχει καύχημα, ἀλλ᾽ οὐ πρὸς θεόν.
2d040300a7	τί γὰρ ἡ γραφὴ λέγει; Ἐπίστευσεν δὲ Ἀβραὰμ τῷ θεῷ, καὶ ἐλογίσθη αὐτῷ εἰς δικαιοσύνην.
2d0404008b	τῷ δὲ ἐργαζομένῳ ὁ μισθὸς οὐ λογίζεται κατὰ χάριν ἀλλὰ κατὰ ὀφείλημα·
2d040500d2	τῷ δὲ μὴ ἐργαζομένῳ, πιστεύοντι δὲ ἐπὶ τὸν δικαιοῦντα τὸν ἀσεβῆ, λογίζεται ἡ πίστις αὐτοῦ εἰς δικαιοσύνην.
2d040600bc	καθάπερ καὶ Δαυεὶδ λέγει τὸν μακαρισμὸν τοῦ ἀνθρώπου ᾧ ὁ θεὸς λογίζεται δικαιοσύνην χωρὶς ἔργων,
2d04070082	Μακάριοι ὧν ἀφέθησαν αἱ ἀνομίαι καὶ ὧν ἐπεκαλύφθησαν αἱ ἁμαρτίαι·
2d04080060	μακάριος ἀνὴρ οὗ οὐ μὴ λογίσηται κύριος ἁμαρτίαν.
2d040900f7	ὁ μακαρισμὸς οὖν οὗτος ἐπὶ τὴν περιτομήν, ἢ καὶ ἐπὶ τὴν ἀκροβυστίαν; λέγομεν γὰρ ἐλογίσθη τῷ Ἀβραὰμ ἡ πίστις εἰς δικαιοσύνην.
2d040a00b2	πῶς οὖν ἐλογίσθη; ἐν περιτομῇ ὄντι, ἢ ἐν ἀκροβυστίᾳ; οὐκ ἐν περιτομῇ, ἀλλ᾽ ἐν ἀκροβυστίᾳ·
2d040b0183	καὶ σημεῖον ἔλαβεν περιτομῆς, σφραγῖδα τῆς δικαιοσύνης τῆς πίστεως τῆς ἐν τῇ ἀκροβυστίᾳ· εἰς τὸ εἶναι αὐτὸν πατέρα πάντων τῶν πιστευόντων δι᾽ ἀκροβυστίας, εἰς τὸ λογισθῆναι αὐτοῖς τὴν δικαιοσύνην,
2d040c0112	καὶ πατέρα περιτομῆς, τοῖς οὐκ ἐκ περιτομῆς μόνον, ἀλλὰ καὶ τοῖς στοιχοῦσιν τοῖς ἴχνεσιν τῆς ἐν ἀκροβυστίᾳ πίστεως τοῦ πατρὸς ἡμῶν Ἀβραάμ.
2d040d00f2	οὐ γὰρ διὰ νόμου ἡ ἐπαγγελία τῷ Ἀβραὰμ ἢ τῷ σπέρματι αὐτοῦ, τὸ κληρονόμον αὐτὸν εἶναι κόσμου, ἀλλὰ διὰ δικαιοσύνης πίστεως.
2d040e0096	εἰ γὰρ οἱ ἐκ νόμου κληρονόμοι, κεκένωται ἡ πίστις, καὶ κατήργηται ἡ ἐπαγγελία·
2d040f0089	ὁ γὰρ νόμος ὀργὴν κατεργάζεται· οὗ δὲ οὐκ ἔστιν νόμος, οὐδὲ παράβασις.
2d04100157	διὰ τοῦτο ἐκ πίστεως, ἵνα κατὰ χάριν, εἰς τὸ εἶναι βεβαίαν τὴν ἐπαγγελίαν παντὶ τῷ σπέρματι, οὐ τῷ ἐκ τοῦ νόμου μόνον, ἀλλὰ καὶ τῷ ἐκ πίστεως Ἀβραάμ, ὅς ἐστιν πατὴρ πάντων ἡμῶν,
2d0411011f	(καθὼς γέγραπται ὅτι Πατέρα πολλῶν ἐθνῶν τέθεικά σε,) κατέναντι οὗ ἐπίστευσεν θεοῦ, τοῦ ζωοποιοῦντος τοὺς νεκροὺς καὶ καλοῦντος τὰ μὴ ὄντα ὡς ὄντα·
2d041200f9	ὃς παρ᾽ ἐλπίδα ἐπ᾽ ἐλπίδι ἐπίστευσεν, εἰς τὸ γενέσθαι αὐτὸν πατέρα πολλῶν ἐθνῶν, κατὰ τὸ εἰρημένον, Οὕτως ἔσται τὸ σπέρμα σου·
2d04130102	καὶ μὴ ἀσθενήσας τῇ πίστει κατενόησεν τὸ ἑαυτοῦ σῶμα ἤδη νενεκρωμένον, ἑκατονταετής που ὑπάρχων, καὶ τὴν νέκρωσιν τῆς μήτρας Σάῤῥας,
2d041400c6	εἰς δὲ τὴν ἐπαγγελίαν τοῦ θεοῦ οὐ διεκρίθη τῇ ἀπιστίᾳ, ἀλλὰ ἐνεδυναμώθη τῇ πίστει, δοὺς δόξαν τῷ θεῷ
2d0415007a	καὶ πληροφορηθεὶς ὅτι ὃ ἐπήγγελται δυνατός ἐστιν καὶ ποιῆσαι·
2d0416004e	διὸ [καὶ] ἐλογίσθη αὐτῷ εἰς δικαιοσύνην.
2d04170062	οὐκ ἐγράφη δὲ δι᾽ αὐτὸν μόνον, ὅτι ἐλογίσθη αὐτῷ,
2d041800db	ἀλλὰ καὶ δι᾽ ἡμᾶς, οἷς μέλλει λογίζεσθαι, τοῖς πιστεύουσιν ἐπὶ τὸν ἐγείραντα Ἰησοῦν τὸν κύριον ἡμῶν ἐκ νεκρῶν,
2d0419008c	ὃς παρεδόθη διὰ τὰ παραπτώματα ἡμῶν, καὶ ἠγέρθη διὰ τὴν δικαίωσιν ἡμῶν.
2d050100b6	Δικαιωθέντες οὖν ἐκ πίστεως, εἰρήνην ἔχωμεν πρὸς τὸν θεὸν διὰ τοῦ κυρίου ἡμῶν Ἰησοῦ χριστοῦ,
2d050200fb	δι᾽ οὗ καὶ τὴν προσαγωγὴν ἐσχήκαμεν [τῇ πίστει] εἰς τὴν χάριν ταύτην ἐν ᾗ ἑστήκαμεν, καὶ καυχώμεθα ἐπ᾽ ἐλπίδι τῆς δόξης τοῦ θεοῦ.
2d050300b7	οὐ μόνον δέ, ἀλλὰ καὶ καυχώμενοι ἐν ταῖς θλίψεσιν, εἰδότες ὅτι ἡ θλῖψις ὑπομονὴν κατεργάζεται,
2d05040052	ἡ δὲ ὑπομονὴ δοκιμήν, ἡ δὲ δοκιμὴ ἐλπίδα·
2d050500ea	ἡ δὲ ἐλπὶς οὐ καταισχύνει, ὅτι ἡ ἀγάπη τοῦ θεοῦ ἐκκέχυται ἐν ταῖς καρδίαις ἡμῶν διὰ πνεύματος ἁγίου τοῦ δοθέντος ἡμῖν.
2d05060095	ἔτι γὰρ χριστὸς ὄντων ἡμῶν ἀσθενῶν ἔτι κατὰ καιρὸν ὑπὲρ ἀσεβῶν ἀπέθανεν·
2d050700b4	μόλις γὰρ ὑπὲρ δικαίου τις ἀποθανεῖται, (ὑπὲρ γὰρ τοῦ ἀγαθοῦ τάχα τις καὶ τολμᾷ ἀποθανεῖν)·
2d050800d5	συνίστησιν δὲ τὴν ἑαυτοῦ ἀγάπην εἰς ἡμᾶς ὁ θεός, ὅτι ἔτι ἁμαρτωλῶν ὄντων ἡμῶν χριστὸς ὑπὲρ ἡμῶν ἀπέθανεν.
2d050900b3	πολλῷ οὖν μᾶλλον δικαιωθέντες νῦν ἐν τῷ αἵματι αὐτοῦ σωθησόμεθα δι᾽ αὐτοῦ ἀπὸ τῆς ὀργῆς·
2d050a00fc	εἰ γὰρ ἐχθροὶ ὄντες κατηλλάγημεν τῷ θεῷ διὰ τοῦ θανάτου τοῦ υἱοῦ αὐτοῦ, πολλῷ μᾶλλον καταλλαγέντες σωθησόμεθα ἐν τῇ ζωῇ αὐτοῦ·
2d050b00df	οὐ μόνον δέ, ἀλλὰ καὶ καυχώμενοι ἐν τῷ θεῷ διὰ τοῦ κυρίου ἡμῶν Ἰησοῦ χριστοῦ, δι᾽ οὗ νῦν τὴν καταλλαγὴν ἐλάβομεν.
2d050c0154	Διὰ τοῦτο ὥσπερ δι᾽ ἑνὸς ἀνθρώπου ἡ ἁμαρτία εἰς τὸν κόσμον εἰσῆλθεν, καὶ διὰ τῆς ἁμαρτίας ὁ θάνατος, καὶ οὕτως εἰς πάντας ἀνθρώπους ὁ θάνατος διῆλθεν, ἐφ᾽ ᾧ πάντες ἥμαρτον·
2d050d0099	ἄχρι γὰρ νόμου ἁμαρτία ἦν ἐν κόσμῳ, ἁμαρτία δὲ οὐκ ἐλλογεῖται μὴ ὄντος νόμου·
2d050e0122	ἀλλὰ ἐβασίλευσεν ὁ θάνατος ἀπὸ Ἀδὰμ μέχρι Μωυσέως καὶ ἐπὶ τοὺς μὴ ἁμαρτήσαντας ἐπὶ τῷ ὁμοιώματι τῆς παραβάσεως Ἀδάμ, ὅς ἐστιν τύπος τοῦ μέλλοντος.
2d050f01ab	ἀλλ᾽ οὐχ ὡς τὸ παράπτωμα οὕτως καὶ τὸ χάρισμα. εἰ γὰρ τῷ τοῦ ἑνὸς παραπτώματι οἱ πολλοὶ ἀπέθανον, πολλῷ μᾶλλον ἡ χάρις τοῦ θεοῦ καὶ ἡ δωρεὰ ἐν χάριτι τῇ τοῦ ἑνὸς ἀνθρώπου Ἰησοῦ χριστοῦ εἰς τοὺς πολλοὺς ἐπερίσσευσεν.
2d05100108	καὶ οὐχ ὡς δι᾽ ἑνὸς ἁμαρτήσαντος τὸ δώρημα· τὸ μὲν γὰρ κρῖμα ἐξ ἑνὸς εἰς κατάκριμα, τὸ δὲ χάρισμα ἐκ πολλῶν παραπτωμάτων εἰς δικαίωμα.
2d0511018d	εἰ γὰρ τῷ τοῦ ἑνὸς παραπτώματι ὁ θάνατος ἐβασίλευσεν διὰ τοῦ ἑνός, πολλῷ μᾶλλον οἱ τὴν περισσείαν τῆς χάριτος καὶ τῆς δωρεᾶς τῆς δικαιοσύνης λαμβάνοντες ἐν ζωῇ βασιλεύσουσιν διὰ τοῦ ἑνὸς Ἰησοῦ χριστοῦ.
2d05120113	ἄρα οὖν ὡς δι᾽ ἑνὸς παραπτώματος εἰς πάντας ἀνθρώπους εἰς κατάκριμα, οὕτως καὶ δι᾽ ἑνὸς δικαιώματος εἰς πάντας ἀνθρώπους εἰς δικαίωσιν ζωῆς.
2d05130126	ὥσπερ γὰρ διὰ τῆς παρακοῆς τοῦ ἑνὸς ἀνθρώπου ἁμαρτωλοὶ κατεστάθησαν οἱ πολλοί, οὕτως καὶ διὰ τῆς ὑπακοῆς τοῦ ἑνὸς δίκαιοι κατασταθήσονται οἱ πολλοί.
2d051400c7	Νόμος δὲ παρεισῆλθεν, ἵνα πλεονάσῃ τὸ παράπτωμα· οὗ δὲ ἐπλεόνασεν ἡ ἁμαρτία, ὑπερεπερίσσευσεν ἡ χάρις,
2d05150118	ἵνα ὥσπερ ἐβασίλευσεν ἡ ἁμαρτία ἐν τῷ θανάτῳ, οὕτως καὶ ἡ χάρις βασιλεύσῃ διὰ δικαιοσύνης εἰς ζωὴν αἰώνιον διὰ Ἰησοῦ χριστοῦ τοῦ κυρίου ἡμῶν.
2d06010076	Τί οὖν ἐροῦμεν; ἐπιμένωμεν τῇ ἁμαρτίᾳ, ἵνα ἡ χάρις πλεονάσῃ;
2d06020084	μὴ γένοιτο. οἵτινες ἀπεθάνομεν τῇ ἁμαρτίᾳ, πῶς ἔτι ζήσομεν ἐν αὐτῇ;
2d060300b1	ἢ ἀγνοεῖτε ὅτι ὅσοι ἐβαπτίσθημεν εἰς χριστὸν Ἰησοῦν, εἰς τὸν θάνατον αὐτοῦ ἐβαπτίσθημεν;
2d06040147	συνετάφημεν οὖν αὐτῷ διὰ τοῦ βαπτίσματος εἰς τὸν θάνατον, ἵνα ὥσπερ ἠγέρθη χριστὸς ἐκ νεκρῶν διὰ τῆς δόξης τοῦ πατρός, οὕτως καὶ ἡμεῖς ἐν καινότητι ζωῆς περιπατήσωμεν.
2d060500b3	εἰ γὰρ σύμφυτοι γεγόναμεν τῷ ὁμοιώματι τοῦ θανάτου αὐτοῦ, ἀλλὰ καὶ τῆς ἀναστάσεως ἐσόμεθα·
2d06060108	τοῦτο γινώσκοντες, ὅτι ὁ παλαιὸς ἡμῶν ἄνθρωπος συνεσταυρώθη, ἵνα καταργηθῇ τὸ σῶμα τῆς ἁμαρτίας, τοῦ μηκέτι δουλεύειν ἡμᾶς τῇ ἁμαρτίᾳ.
2d06070059	ὁ γὰρ ἀποθανὼν δεδικαίωται ἀπὸ τῆς ἁμαρτίας.
2d0608007e	εἰ δὲ ἀπεθάνομεν σὺν χριστῷ, πιστεύομεν ὅτι καὶ συνζήσομεν αὐτῷ,
2d060900b0	εἰδότες ὅτι χριστὸς ἐγερθεὶς ἐκ νεκρῶν οὐκέτι ἀποθνήσκει· θάνατος αὐτοῦ οὐκέτι κυριεύει.
2d060a007d	ὃ γὰρ ἀπέθανεν, τῇ ἁμαρτίᾳ ἀπέθανεν ἐφάπαξ· ὃ δὲ ζῇ, ζῇ τῷ θεῷ.
2d060b00c6	οὕτως καὶ ὑμεῖς λογίζεσθε ἑαυτοὺς [εἶναι] νεκροὺς μὲν τῇ ἁμαρτίᾳ, ζῶντας δὲ τῷ θεῷ ἐν χριστῷ Ἰησοῦ.
2d060c00b6	Μὴ οὖν βασιλευέτω ἡ ἁμαρτία ἐν τῷ θνητῷ ὑμῶν σώματι εἰς τὸ ὑπακούειν ταῖς ἐπιθυμίαις αὐτοῦ,
2d060d012c	μηδὲ παριστάνετε τὰ μέλη ὑμῶν ὅπλα ἀδικίας τῇ ἁμαρτίᾳ, ἀλλὰ παραστήσατε ἑαυτοὺς τῷ θεῷ ὡσεὶ ἐκ νεκρῶν ζῶντας καὶ τὰ μέλη ὑμῶν ὅπλα δικαιοσύνης τῷ θεῷ.
2d060e0089	ἁμαρτία γὰρ ὑμῶν οὐ κυριεύσει· οὐ γάρ ἐστε ὑπὸ νόμον, ἀλλὰ ὑπὸ χάριν.
2d060f008d	Τί οὖν; ἁμαρτήσωμεν, ὅτι οὐκ ἐσμὲν ὑπὸ νόμον ἀλλὰ ὑπὸ χάριν; μὴ γένοιτο.
2d0610010a	οὐκ οἴδατε ὅτι ᾧ παριστάνετε ἑαυτοὺς δούλους εἰς ὑπακοήν, δοῦλοί ἐστε ᾧ ὑπακούετε, ἤτοι ἁμαρτίας εἰς θάνατον ἢ ὑπακοῆς εἰς δικαιοσύνην;
2d061100c8	χάρις δὲ τῷ θεῷ, ὅτι ἦτε δοῦλοι τῆς ἁμαρτίας, ὑπηκούσατε δὲ ἐκ καρδίας εἰς ὃν παρεδόθητε τύπον διδαχῆς.
2d0612007a	ἐλευθερωθέντες δὲ ἀπὸ τῆς ἁμαρτίας, ἐδουλώθητε τῇ δικαιοσύνῃ.
2d06130196	ἀνθρώπινον λέγω διὰ τὴν ἀσθένειαν τῆς σαρκὸς ὑμῶν. ὥσπερ γὰρ παρεστήσατε τὰ μέλη ὑμῶν δοῦλα τῇ ἀκαθαρσίᾳ καὶ τῇ ἀνομίᾳ εἰς τὴν ἀνομίαν, οὕτως νῦν παραστήσατε τὰ μέλη ὑμῶν δοῦλα τῇ δικαιοσύνῃ εἰς ἁγιασμόν.
2d06140079	ὅτε γὰρ δοῦλοι ἦτε τῆς ἁμαρτίας, ἐλεύθεροι ἦτε τῇ δικαιοσύνῃ.
2d061500a3	τίνα οὖν καρπὸν εἴχετε τότε, ἐφ᾽ οἷς νῦν ἐπαισχύνεσθε; τὸ γὰρ τέλος ἐκείνων θάνατος.
2d061600f8	νυνὶ δὲ ἐλευθερωθέντες ἀπὸ τῆς ἁμαρτίας, δουλωθέντες δὲ τῷ θεῷ, ἔχετε τὸν καρπὸν ὑμῶν εἰς ἁγιασμόν, τὸ δὲ τέλος, ζωὴν αἰώνιον.
2d061700c9	τὰ γὰρ ὀψώνια τῆς ἁμαρτίας θάνατος, τὸ δὲ χάρισμα τοῦ θεοῦ ζωὴ αἰώνιος ἐν χριστῷ Ἰησοῦ τῷ κυρίῳ ἡμῶν.
2d070100c7	Ἢ ἀγνοεῖτε, ἀδελφοί, (γινώσκουσιν γὰρ νόμον λαλῶ) ὅτι ὁ νόμος κυριεύει τοῦ ἀνθρώπου ἐφ᾽ ὅσον χρόνον ζῇ;
2d070200d8	ἡ γὰρ ὕπανδρος γυνὴ τῷ ζῶντι ἀνδρὶ δέδεται νόμῳ· ἐὰν δὲ ἀποθάνῃ ὁ ἀνήρ, κατήργηται ἀπὸ τοῦ νόμου τοῦ ἀνδρός.
2d07030164	ἄρα οὖν ζῶντος τοῦ ἀνδρὸς μοιχαλὶς χρηματίσει, ἐὰν γένηται ἀνδρὶ ἑτέρῳ· ἐὰν δὲ ἀποθάνῃ ὁ ἀνήρ, ἐλευθέρα ἐστὶν ἀπὸ τοῦ νόμου, τοῦ μὴ εἶναι αὐτὴν μοιχαλίδα, γενομένην ἀνδρὶ ἑτέρῳ.
2d07040131	ὥστε, ἀδελφοί μου, καὶ ὑμεῖς ἐθανατώθητε τῷ νόμῳ διὰ τοῦ σώματος τοῦ χριστοῦ, εἰς τὸ γενέσθαι ὑμᾶς ἑτέρῳ τῷ ἐκ νεκρῶν ἐγερθέντι, ἵνα καρποφορήσωμεν τῷ θεῷ.
2d07050101	ὅτε γὰρ ἦμεν ἐν τῇ σαρκί, τὰ παθήματα τῶν ἁμαρτιῶν τὰ διὰ τοῦ νόμου ἐνηργεῖτο ἐν τοῖς μέλεσιν ἡμῶν εἰς τὸ καρποφορῆσαι τῷ θανάτῳ·
2d0706010c	νυνὶ δὲ κατηργήθημεν ἀπὸ τοῦ νόμου, ἀποθανόντες ἐν ᾧ κατειχόμεθα, ὥστε δουλεύειν [ἡμᾶς] ἐν καινότητι πνεύματος καὶ οὐ παλαιότητι γράμματος.
2d07070139	Τί οὖν ἐροῦμεν; ὁ νόμος ἁμαρτία; μὴ γένοιτο· ἀλλὰ τὴν ἁμαρτίαν οὐκ ἔγνων, εἰ μὴ διὰ νόμου· τήν τε γὰρ ἐπιθυμίαν οὐκ ᾔδειν, εἰ μὴ ὁ νόμος ἔλεγεν, Οὐκ ἐπιθυμήσεις·
2d070800e1	ἀφορμὴν δὲ λαβοῦσα ἡ ἁμαρτία διὰ τῆς ἐντολῆς κατηργάσατο ἐν ἐμοὶ πᾶσαν ἐπιθυμίαν· χωρὶς γὰρ νόμου ἁμαρτία νεκρά·
2d07090093	ἐγὼ δὲ ἔζων χωρὶς νόμου ποτέ· ἐλθούσης δὲ τῆς ἐντολῆς, ἡ ἁμαρτία ἀνέζησεν,
2d070a008a	ἐγὼ δὲ ἀπέθανον, καὶ εὑρέθη μοι ἡ ἐντολὴ ἡ εἰς ζωὴν αὕτη εἰς θάνατον·
2d070b00ae	ἡ γὰρ ἁμαρτία ἀφορμὴν λαβοῦσα διὰ τῆς ἐντολῆς ἐξηπάτησέν με, καὶ δι᾽ αὐτῆς ἀπέκτεινεν·
2d070c007c	ὥστε ὁ μὲν νόμος ἅγιος, καὶ ἡ ἐντολὴ ἁγία καὶ δικαία καὶ ἀγαθή.
2d070d0172	τὸ οὖν ἀγαθὸν ἐμοὶ ἐγένετο θάνατος; μὴ γένοιτο, ἀλλὰ ἡ ἁμαρτία, ἵνα φανῇ ἁμαρτία, διὰ τοῦ ἀγαθοῦ μοι κατεργαζομένη θάνατον, ἵνα γένηται καθ᾽ ὑπερβολὴν ἁμαρτωλὸς ἡ ἁμαρτία διὰ τῆς ἐντολῆς.
2d070e00b6	Οἴδαμεν γὰρ ὅτι ὁ νόμος πνευματικός ἐστιν, ἐγὼ δὲ σάρκινός εἰμι, πεπραμένος ὑπὸ τὴν ἁμαρτίαν.
2d070f00a3	ὃ γὰρ κατεργάζομαι, οὐ γινώσκω· οὐ γὰρ ὃ θέλω, τοῦτο πράσσω, ἀλλ᾽ ὃ μισῶ, τοῦτο ποιῶ.
2d0710006a	εἰ δὲ ὃ οὐ θέλω, τοῦτο ποιῶ, σύμφημι τῷ νόμῳ ὅτι καλός·
2d0711008c	νυνὶ δὲ οὐκέτι ἐγὼ κατεργάζομαι αὐτό, ἀλλὰ ἡ οἰκοῦσα ἐν ἐμοὶ ἁμαρτία.
2d071200f9	οἶδα γὰρ ὅτι οὐκ οἰκεῖ ἐν ἐμοί, τουτέστιν ἐν τῇ σαρκί μου, ἀγαθόν· τὸ γὰρ θέλειν παράκειταί μοι, τὸ δὲ κατεργάζεσθαι τὸ καλὸν οὔ.
2d07130077	οὐ γὰρ ὃ θέλω ποιῶ ἀγαθόν, ἀλλὰ ὃ οὐ θέλω κακόν, τοῦτο πράσσω.
2d071400b3	εἰ δὲ ὃ οὐ θέλω, τοῦτο ποιῶ, οὐκέτι ἐγὼ κατεργάζομαι αὐτό, ἀλλὰ ἡ οἰκοῦσα ἐν ἐμοὶ ἁμαρτία.
2d071500a5	εὑρίσκω ἄρα τὸν νόμον τῷ θέλοντι ἐμοὶ ποιεῖν τὸ καλόν, ὅτι ἐμοὶ τὸ κακὸν παράκειται.
2d07160069	συνήδομαι γὰρ τῷ νόμῳ τοῦ θεοῦ κατὰ τὸν ἔσω ἄνθρωπον,
2d0717012d	βλέπω δὲ ἕτερον νόμον ἐν τοῖς μέλεσίν μου ἀντιστρατευόμενον τῷ νόμῳ τοῦ νοός μου καὶ αἰχμαλωτίζοντά με ἐν τῷ νόμῳ τῆς ἁμαρτίας τῷ ὄντι ἐν τοῖς μέλεσίν μου.
2d0718008f	ταλαίπωρος ἐγὼ ἄνθρωπος· τίς με ῥύσεται ἐκ τοῦ σώματος τοῦ θανάτου τούτου;
2d071900f4	χάρις τῷ θεῷ διὰ Ἰησοῦ χριστοῦ τοῦ κυρίου ἡμῶν. ἄρα οὖν αὐτὸς ἐγὼ τῷ μὲν νοῒ δουλεύω νόμῳ θεοῦ· τῇ δὲ σαρκὶ νόμῳ ἁμαρτίας.
2d0801005b	Οὐδὲν ἄρα νῦν κατάκριμα τοῖς ἐν χριστῷ Ἰησοῦ.
2d080200d7	ὁ γὰρ νόμος τοῦ πνεύματος τῆς ζωῆς ἐν χριστῷ Ἰησοῦ ἠλευθέρωσέν με ἀπὸ τοῦ νόμου τῆς ἁμαρτίας καὶ τοῦ θανάτου.
2d0803014d	τὸ γὰρ ἀδύνατον τοῦ νόμου, ἐν ᾧ ἠσθένει διὰ τῆς σαρκός, ὁ θεὸς τὸν ἑαυτοῦ υἱὸν πέμψας ἐν ὁμοιώματι σαρκὸς ἁμαρτίας καὶ περὶ ἁμαρτίας κατέκρινεν τὴν ἁμαρτίαν ἐν τῇ σαρκί,
2d080400b5	ἵνα τὸ δικαίωμα τοῦ νόμου πληρωθῇ ἐν ἡμῖν τοῖς μὴ κατὰ σάρκα περιπατοῦσιν ἀλλὰ κατὰ πνεῦμα.
2d080500a5	οἱ γὰρ κατὰ σάρκα ὄντες τὰ τῆς σαρκὸς φρονοῦσιν, οἱ δὲ κατὰ πνεῦμα τὰ τοῦ πνεύματος.
2d08060097	τὸ γὰρ φρόνημα τῆς σαρκὸς θάνατος, τὸ δὲ φρόνημα τοῦ πνεύματος ζωὴ καὶ εἰρήνη.
2d080700c3	διότι τὸ φρόνημα τῆς σαρκὸς ἔχθρα εἰς θεόν· τῷ γὰρ νόμῳ τοῦ θεοῦ οὐχ ὑποτάσσεται, οὐδὲ γὰρ δύναται·
2d08080058	οἱ δὲ ἐν σαρκὶ ὄντες θεῷ ἀρέσαι οὐ δύνανται·
2d0809010f	ὑμεῖς δὲ οὐκ ἐστὲ ἐν σαρκὶ ἀλλὰ ἐν πνεύματι, εἴ περ πνεῦμα θεοῦ οἰκεῖ ἐν ὑμῖν. εἰ δέ τις πνεῦμα χριστοῦ οὐκ ἔχει, οὗτος οὐκ ἔστιν αὐτοῦ.
2d080a00b0	εἰ δὲ χριστὸς ἐν ὑμῖν, τὸ μὲν σῶμα νεκρὸν διὰ ἁμαρτίαν, τὸ δὲ πνεῦμα ζωὴ διὰ δικαιοσύνην.
2d080b0154	εἰ δὲ τὸ πνεῦμα τοῦ ἐγείραντος τὸν Ἰησοῦν ἐκ νεκρῶν οἰκεῖ ἐν ὑμῖν, ὁ ἐγείρας χριστὸν ἐκ νεκρῶν ζωοποιήσει καὶ τὰ θνητὰ σώματα ὑμῶν διὰ τὸ ἐνοικοῦν αὐτοῦ πνεῦμα ἐν ὑμῖν.
2d080c0081	Ἄρα οὖν, ἀδελφοί, ὀφειλέται ἐσμὲν οὐ τῇ σαρκὶ τοῦ κατὰ σάρκα ζῇν·
2d080d00c6	εἰ γὰρ κατὰ σάρκα ζῆτε, μέλλετε ἀποθνήσκειν· εἰ δὲ πνεύματι τὰς πράξεις τοῦ σώματος θανατοῦτε, ζήσεσθε.
2d080e006a	ὅσοι γὰρ πνεύματι θεοῦ ἄγονται, οὗτοι υἱοί εἰσιν θεοῦ.
2d080f00d0	οὐ γὰρ ἐλάβετε πνεῦμα δουλείας πάλιν εἰς φόβον, ἀλλὰ ἐλάβετε πνεῦμα υἱοθεσίας, ἐν ᾧ κράζομεν, Ἀββᾶ ὁ πατήρ.
2d08100083	αὐτὸ τὸ πνεῦμα συμμαρτυρεῖ τῷ πνεύματι ἡμῶν ὅτι ἐσμὲν τέκνα θεοῦ.
2d081100e3	εἰ δὲ τέκνα, καὶ κληρονόμοι· κληρονόμοι μὲν θεοῦ, συγκληρονόμοι δὲ χριστοῦ· εἴ περ συμπάσχομεν, ἵνα καὶ συνδοξασθῶμεν.
2d081200ca	λογίζομαι γὰρ ὅτι οὐκ ἄξια τὰ παθήματα τοῦ νῦν καιροῦ πρὸς τὴν μέλλουσαν δόξαν ἀποκαλυφθῆναι εἰς ἡμᾶς.
2d08130099	ἡ γὰρ ἀποκαραδοκία τῆς κτίσεως τὴν ἀποκάλυψιν τῶν υἱῶν τοῦ θεοῦ ἀπεκδέχεται·
2d081400a5	τῇ γὰρ ματαιότητι ἡ κτίσις ὑπετάγη, οὐχ ἑκοῦσα ἀλλὰ διὰ τὸν ὑποτάξαντα, ἐπ᾽ ἐλπίδι,
2d081500e4	ὅτι καὶ αὐτὴ ἡ κτίσις ἐλευθερωθήσεται ἀπὸ τῆς δουλείας τῆς φθορᾶς εἰς τὴν ἐλευθερίαν τῆς δόξης τῶν τέκνων τοῦ θεοῦ.
2d08160086	οἴδαμεν γὰρ ὅτι πᾶσα ἡ κτίσις συστενάζει καὶ συνωδίνει ἄχρι τοῦ νῦν·
2d0817013e	οὐ μόνον δέ, ἀλλὰ καὶ αὐτοὶ τὴν ἀπαρχὴν τοῦ πνεύματος ἔχοντες [ἡμεῖς] καὶ αὐτοὶ ἐν ἑαυτοῖς στενάζομεν υἱοθεσίαν ἀπεκδεχόμενοι, τὴν ἀπολύτρωσιν τοῦ σώματος ἡμῶν.
2d081800ae	τῇ γὰρ ἐλπίδι ἐσώθημεν· ἐλπὶς δὲ βλεπομένη οὐκ ἔστιν ἐλπίς· ὃ γὰρ βλέπει τις, τί ἐλπίζει;
2d08190071	εἰ δὲ ὃ οὐ βλέπομεν ἐλπίζομεν, δι᾽ ὑπομονῆς ἀπεκδεχόμεθα.
2d081a0145	ὡσαύτως δὲ καὶ τὸ πνεῦμα συναντιλαμβάνεται τῇ ἀσθενείᾳ ἡμῶν· τὸ γὰρ τί προσευξώμεθα καθὸ δεῖ οὐκ οἴδαμεν, ἀλλὰ αὐτὸ τὸ πνεῦμα ὑπερεντυγχάνει στεναγμοῖς ἀλαλήτοις·
2d081b00bd	ὁ δὲ ἐραυνῶν τὰς καρδίας οἶδεν τί τὸ φρόνημα τοῦ πνεύματος, ὅτι κατὰ θεὸν ἐντυγχάνει ὑπὲρ ἁγίων.
2d081c00c2	Οἴδαμεν δὲ ὅτι τοῖς ἀγαπῶσιν τὸν θεὸν πάντα συνεργεῖ εἰς ἀγαθόν, τοῖς κατὰ πρόθεσιν κλητοῖς οὖσιν.
2d081d00ef	ὅτι οὓς προέγνω, καὶ προώρισεν συμμόρφους τῆς εἰκόνος τοῦ υἱοῦ αὐτοῦ, εἰς τὸ εἶναι αὐτὸν πρωτότοκον ἐν πολλοῖς ἀδελφοῖς·
2d081e00ed	οὓς δὲ προώρισεν, τούτους καὶ ἐκάλεσεν· καὶ οὓς ἐκάλεσεν, τούτους καὶ ἐδικαίωσεν· οὓς δὲ ἐδικαίωσεν, τούτους καὶ ἐδόξασεν.
2d081f007c	τί οὖν ἐροῦμεν πρὸς ταῦτα; εἰ ὁ θεὸς ὑπὲρ ἡμῶν, τίς καθ᾽ ἡμῶν;
2d082000f0	ὅς γε τοῦ ἰδίου υἱοῦ οὐκ ἐφείσατο, ἀλλὰ ὑπὲρ ἡμῶν πάντων παρέδωκεν αὐτόν, πῶς οὐχὶ καὶ σὺν αὐτῷ τὰ πάντα ἡμῖν χαρίσεται;
2d08210061	τίς ἐγκαλέσει κατὰ ἐκλεκτῶν θεοῦ; θεὸς ὁ δικαιῶν,
2d082200e8	τίς ὁ κατακρίνων; χριστὸς ὁ ἀποθανών, μᾶλλον δὲ ἐγερθείς, ὃς καί ἐστιν ἐν δεξιᾷ τοῦ θεοῦ, ὃς καὶ ἐντυγχάνει ὑπὲρ ἡμῶν·
2d082300e1	τίς ἡμᾶς χωρίσει ἀπὸ τῆς ἀγάπης τοῦ χριστοῦ; θλῖψις ἢ στενοχωρία ἢ διωγμὸς ἢ λιμὸς ἢ γυμνότης ἢ κίνδυνος ἢ μάχαιρα;
2d082400b0	καθὼς γέγραπται ὅτι Ἕνεκεν σοῦ θανατούμεθα ὅλην τὴν ἡμέραν, ἐλογίσθημεν ὡς πρόβατα σφαγῆς.
2d08250079	ἀλλ᾽ ἐν τούτοις πᾶσιν ὑπερνικῶμεν διὰ τοῦ ἀγαπήσαντος ἡμᾶς·
2d082600d2	πέπεισμαι γὰρ ὅτι οὔτε θάνατος οὔτε ζωή, οὔτε ἄγγελοι οὔτε ἀρχαί, οὔτε ἐνεστῶτα οὔτε μέλλοντα οὔτε δυνάμεις,
2d082700f9	οὔτε ὕψωμα οὔτε βάθος οὔτε τις κτίσις ἑτέρα δυνήσεται ἡμᾶς χωρίσαι ἀπὸ τῆς ἀγάπης τοῦ θεοῦ τῆς ἐν χριστῷ Ἰησοῦ τῷ κυρίῳ ἡμῶν.
2d090100b4	Ἀλήθειαν λέγω ἐν χριστῷ, οὐ ψεύδομαι, συμμαρτυρούσης μοι τῆς συνειδήσεώς μου ἐν πνεύματι ἁγίῳ,
2d09020079	ὅτι λύπη μοι ἔστιν μεγάλη, καὶ ἀδιάλειπτος ὀδύνη τῇ καρδίᾳ μου,
2d090300d1	(ηὐχόμην γὰρ ἀνάθεμα εἶναι αὐτὸς ἐγὼ ἀπὸ τοῦ χριστοῦ), ὑπὲρ τῶν ἀδελφῶν μου, τῶν συγγενῶν μου κατὰ σάρκα·
2d090400e3	οἵτινές εἰσιν Ἰσραηλῖται, ὧν ἡ υἱοθεσία καὶ ἡ δόξα καὶ αἱ διαθῆκαι καὶ ἡ νομοθεσία καὶ ἡ λατρεία καὶ αἱ ἐπαγγελίαι,
2d090500cb	ὧν οἱ πατέρες, καὶ ἐξ ὧν ὁ χριστὸς τὸ κατὰ σάρκα, ὁ ὢν ἐπὶ πάντων θεὸς εὐλογητὸς εἰς τοὺς αἰῶνας, ἀμήν.
2d090600a9	Οὐχ οἷον δὲ ὅτι ἐκπέπτωκεν ὁ λόγος τοῦ θεοῦ. οὐ γὰρ πάντες οἱ ἐξ Ἰσραήλ, οὗτοι Ἰσραήλ·
2d0907009b	οὐδ᾽ ὅτι εἰσὶν σπέρμα Ἀβραάμ, πάντες τέκνα, ἀλλ᾽ ἐν Ισαὰκ κληθήσεταί σοι σπέρμα.
2d090800d3	τοῦτ᾽ ἔστιν, οὐ τὰ τέκνα τῆς σαρκός, ταῦτα τέκνα τοῦ θεοῦ, ἀλλὰ τὰ τέκνα τῆς ἐπαγγελίας λογίζεται εἰς σπέρμα.
2d090900ae	ἐπαγγελίας γὰρ ὁ λόγος οὗτος, Κατὰ τὸν καιρὸν τοῦτον ἐλεύσομαι καὶ ἔσται τῇ Σάῤῥᾳ υἱός.
2d090a0095	οὐ μόνον δέ, ἀλλὰ καὶ Ῥεβέκκα ἐξ ἑνὸς κοίτην ἔχουσα Ἰσαὰκ τοῦ πατρὸς ἡμῶν·
2d090b00c1	μή πω γὰρ γεννηθέντων μηδὲ πραξάντων τι ἀγαθὸν ἢ φαῦλον, ἵνα ἡ κατ᾽ ἐκλογὴν πρόθεσις τοῦ θεοῦ μένῃ,
2d090c00a8	οὐκ ἐξ ἔργων ἀλλ᾽ ἐκ τοῦ καλοῦντος, ἐῤῥέθη αὐτῇ ὅτι Ὁ μείζων δουλεύσει τῷ ἐλάσσονι·
2d090d006f	καθὼς γέγραπται, Τὸν Ἰακὼβ ἠγάπησα, τὸν δὲ Ἡσαῦ ἐμίσησα.
2d090e0061	Τί οὖν ἐροῦμεν; μὴ ἀδικία παρὰ τῷ θεῷ; μὴ γένοιτο.
2d090f008a	τῷ Μωυσεῖ γὰρ λέγει, Ἐλεήσω ὃν ἂν ἐλεῶ, καὶ οἰκτειρήσω ὃν ἂν οἰκτείρω.
2d09100086	ἄρα οὖν οὐ τοῦ θέλοντος οὐδὲ τοῦ τρέχοντος, ἀλλὰ τοῦ ἐλεῶντος θεοῦ.
2d09110119	λέγει γὰρ ἡ γραφὴ τῷ Φαραὼ ὅτι Εἰς αὐτὸ τοῦτο ἐξήγειρά σε, ὅπως ἐνδείξωμαι ἐν σοὶ τὴν δύναμίν μου καὶ ὅπως διαγγελῇ τὸ ὄνομά μου ἐν πάσῃ τῇ γῇ.
2d09120059	ἄρα οὖν ὃν θέλει ἐλεεῖ, ὃν δὲ θέλει σκληρύνει.
2d09130087	ἐρεῖς μοι οὖν, Τί ἔτι μέμφεται; τῷ γὰρ βουλήματι αὐτοῦ τίς ἀνθέστηκεν;
2d091400d5	Ὦ ἄνθρωπε, μενοῦν γε, σὺ τίς εἶ ὁ ἀνταποκρινόμενος τῷ θεῷ; μὴ ἐρεῖ τὸ πλάσμα τῷ πλάσαντι, Τί με ἐποίησας οὕτως;
2d091500e2	ἢ οὐκ ἔχει ἐξουσίαν ὁ κεραμεὺς τοῦ πηλοῦ, ἐκ τοῦ αὐτοῦ φυράματος ποιῆσαι ὃ μὲν εἰς τιμὴν σκεῦος, ὃ δὲ εἰς ἀτιμίαν;
2d09160112	εἰ δὲ θέλων ὁ θεὸς ἐνδείξασθαι τὴν ὀργὴν καὶ γνωρίσαι τὸ δυνατὸν αὐτοῦ, ἤνεγκεν ἐν πολλῇ μακροθυμίᾳ σκεύη ὀργῆς κατηρτισμένα εἰς ἀπώλειαν,
2d091700ab	καὶ ἵνα γνωρίσῃ τὸν πλοῦτον τῆς δόξης αὐτοῦ ἐπὶ σκεύη ἐλέους, ἃ προητοίμασεν εἰς δόξαν;
2d0918007c	οὓς καὶ ἐκάλεσεν ἡμᾶς οὐ μόνον ἐξ Ἰουδαίων ἀλλὰ καὶ ἐξ ἐθνῶν,
2d091900b2	ὡς καὶ ἐν τῷ Ὡσηὲ λέγει, Καλέσω τὸν οὐ λαόν μου λαόν μου, καὶ τὴν οὐκ ἠγαπημένην, ἠγαπημένην.
2d091a00aa	καὶ ἔσται ἐν τῷ τόπῳ οὗ ἐῤῥέθη, Οὐ λαός μου ὑμεῖς, ἐκεῖ κληθήσονται υἱοὶ θεοῦ ζῶντος.
2d091b00e5	Ἡσαΐας δὲ κράζει ὑπὲρ τοῦ Ἰσραήλ, Ἐὰν ᾖ ὁ ἀριθμὸς τῶν υἱῶν Ἰσραὴλ ὡς ἡ ἄμμος τῆς θαλάσσης, τὸ ὑπόλειμμα σωθήσεται·
2d091c0075	λόγον γὰρ συντελῶν καὶ συντέμνων ποιήσει κύριος ἐπὶ τῆς γῆς.
2d091d00fb	καὶ καθὼς προείρηκεν Ἡσαΐας, Εἰ μὴ κύριος σαβαὼθ ἐγκατέλιπεν ἡμῖν σπέρμα, ὡς Σόδομα ἂν ἐγενήθημεν, καὶ ὡς Γόμοῤῥα ἂν ὡμοιώθημεν.
2d091e00cb	τί οὖν ἐροῦμεν; ὅτι ἔθνη τὰ μὴ διώκοντα δικαιοσύνην κατέλαβεν δικαιοσύνην, δικαιοσύνην δὲ τὴν ἐκ πίστεως·
2d091f0070	Ἰσραὴλ δὲ διώκων νόμον δικαιοσύνης, εἰς νόμον οὐκ ἔφθασεν;
2d0920009f	διὰ τί; ὅτι οὐκ ἐκ πίστεως, ἀλλ᾽ ὡς ἐξ ἔργων· προσέκοψαν τῷ λίθῳ τοῦ προσκόμματος,
2d092100ee	καθὼς γέγραπται, Ἰδοὺ τίθημι ἐν Σιὼν λίθον προσκόμματος, καὶ πέτραν σκανδάλου, καὶ ὁ πιστεύων ἐπ᾽ αὐτῷ οὐ καταισχυνθήσεται.
2d0a0100b6	Ἀδελφοί, ἡ μὲν εὐδοκία τῆς ἐμῆς καρδίας, καὶ ἡ δέησις πρὸς τὸν θεὸν ὑπὲρ αὐτῶν εἰς σωτηρίαν.
2d0a020085	μαρτυρῶ γὰρ αὐτοῖς ὅτι ζῆλον θεοῦ ἔχουσιν, ἀλλ᾽ οὐ κατ᾽ ἐπίγνωσιν.
2d0a0300dc	ἀγνοοῦντες γὰρ τὴν τοῦ θεοῦ δικαιοσύνην, καὶ τὴν ἰδίαν ζητοῦντες στῆσαι, τῇ δικαιοσύνῃ τοῦ θεοῦ οὐχ ὑπετάγησαν.
2d0a040074	Τέλος γὰρ νόμου χριστὸς εἰς δικαιοσύνην παντὶ τῷ πιστεύοντι.
2d0a0500b4	Μωυσῆς γὰρ γράφει τὴν δικαιοσύνην τὴν ἐκ νόμου ὅτι Ὁ ποιήσας αὐτὰ ἄνθρωπος ζήσεται ἐν αὐτῇ·
2d0a0600ff	ἡ δὲ ἐκ πίστεως δικαιοσύνη οὕτως λέγει, Μὴ εἴπῃς ἐν τῇ καρδίᾳ σου, Τίς ἀναβήσεται εἰς τὸν οὐρανόν; τοῦτ᾽ ἔστιν χριστὸν καταγαγεῖν·
2d0a070096	ἤ, Τίς καταβήσεται εἰς τὴν ἄβυσσον; τοῦτ᾽ ἔστιν χριστὸν ἐκ νεκρῶν ἀναγαγεῖν.
2d0a0800f5	ἀλλὰ τί λέγει; Ἐγγύς σου τὸ ῥῆμά ἐστιν, ἐν τῷ στόματί σου καὶ ἐν τῇ καρδίᾳ σου· τοῦτ᾽ ἔστιν τὸ ῥῆμα τῆς πίστεως ὃ κηρύσσομεν·
2d0a0900fb	ὅτι ἐὰν ὁμολογήσῃς ἐν τῷ στόματί σου κύριον Ἰησοῦν, καὶ πιστεύσῃς ἐν τῇ καρδίᾳ σου ὅτι ὁ θεὸς αὐτὸν ἤγειρεν ἐκ νεκρῶν, σωθήσῃ·
2d0a0a0092	καρδίᾳ γὰρ πιστεύεται εἰς δικαιοσύνην, στόματι δὲ ὁμολογεῖται εἰς σωτηρίαν.
2d0a0b007b	λέγει γὰρ ἡ γραφή, Πᾶς ὁ πιστεύων ἐπ᾽ αὐτῷ οὐ καταισχυνθήσεται.
2d0a0c00e9	οὐ γάρ ἐστιν διαστολὴ Ἰουδαίου τε καὶ Ἕλληνος· ὁ γὰρ αὐτὸς κύριος πάντων, πλουτῶν εἰς πάντας τοὺς ἐπικαλουμένους αὐτόν.
2d0a0d0069	Πᾶς γὰρ ὃς ἂν ἐπικαλέσηται τὸ ὄνομα κυρίου, σωθήσεται.
2d0a0e00e2	Πῶς οὖν ἐπικαλέσωνται εἰς ὃν οὐκ ἐπίστευσαν; πῶς δὲ πιστεύσωσιν οὗ οὐκ ἤκουσαν; πῶς δὲ ἀκούσωσιν χωρὶς κηρύσσοντος;
2d0a0f00c5	πῶς δὲ κηρύξωσιν, ἐὰν μὴ ἀποσταλῶσιν; καθὼς γέγραπται, Ὡς ὡραῖοι οἱ πόδες τῶν εὐαγγελιζομένων ἀγαθά.
2d0a1000b6	ἀλλ᾽ οὐ πάντες ὑπήκουσαν τῷ εὐαγγελίῳ· Ἡσαΐας γὰρ λέγει, Κύριε, τίς ἐπίστευσεν τῇ ἀκοῇ ἡμῶν;
2d0a11006a	ἄρα ἡ πίστις ἐξ ἀκοῆς, ἡ δὲ ἀκοὴ διὰ ῥήματος χριστοῦ.
2d0a1200ff	ἀλλὰ λέγω, Μὴ οὐκ ἤκουσαν; μενοῦν γε εἰς πᾶσαν τὴν γῆν ἐξῆλθεν ὁ φθόγγος αὐτῶν, καὶ εἰς τὰ πέρατα τῆς οἰκουμένης τὰ ῥήματα αὐτῶν.
2d0a1300ee	ἀλλὰ λέγω, μὴ Ἰσραὴλ οὐκ ἔγνω; πρῶτος Μωυσῆς λέγει, Ἐγὼ παραζηλώσω ὑμᾶς ἐπ᾽ οὐκ ἔθνει ἐπ᾽ ἔθνει ἀσυνέτῳ παροργιῶ ὑμᾶς.
2d0a1400da	Ἡσαΐας δὲ ἀποτολμᾷ καὶ λέγει, Εὑρέθην [ἐν] τοῖς ἐμὲ μὴ ζητοῦσιν, ἐμφανὴς ἐγενόμην [ἐν] τοῖς ἐμὲ μὴ ἐπερωτῶσιν.
2d0a1500cf	πρὸς δὲ τὸν Ἰσραὴλ λέγει, Ὅλην τὴν ἡμέραν ἐξεπέτασα τὰς χεῖράς μου πρὸς λαὸν ἀπειθοῦντα καὶ ἀντιλέγοντα.
2d0b0100ee	Λέγω οὖν, Μὴ ἀπώσατο ὁ θεὸς τὸν λαὸν αὐτοῦ; μὴ γένοιτο· καὶ γὰρ ἐγὼ Ἰσραηλίτης εἰμί, ἐκ σπέρματος Ἀβραάμ, φυλῆς Βενιαμείν.
2d0b0200f1	οὐκ ἀπώσατο ὁ θεὸς τὸν λαὸν αὐτοῦ, ὃν προέγνω. ἢ οὐκ οἴδατε ἐν Ἠλίᾳ τί λέγει ἡ γραφή; ὡς ἐντυγχάνει τῷ θεῷ κατὰ τοῦ Ἰσραήλ,
2d0b0300e0	Κύριε, τοὺς προφήτας σου ἀπέκτειναν, τὰ θυσιαστήριά σου κατέσκαψαν, κἀγὼ ὑπελείφθην μόνος, καὶ ζητοῦσιν τὴν ψυχήν μου.
2d0b0400d1	Ἀλλὰ τί λέγει αὐτῷ ὁ χρηματισμός; Κατέλιπον ἐμαυτῷ ἑπτακισχιλίους ἄνδρας, οἵτινες οὐκ ἔκαμψαν γόνυ τῇ Βάαλ.
2d0b050083	οὕτως οὖν καὶ ἐν τῷ νῦν καιρῷ λεῖμμα κατ᾽ ἐκλογὴν χάριτος γέγονεν.
2d0b06007d	εἰ δὲ χάριτι, οὐκέτι ἐξ ἔργων, ἐπεὶ ἡ χάρις οὐκέτι γίνεται χάρις.
2d0b0700b8	τί οὖν; ὃ ἐπιζητεῖ Ἰσραήλ, τοῦτο οὐκ ἐπέτυχεν, ἡ δὲ ἐκλογὴ ἐπέτυχεν· οἱ δὲ λοιποὶ ἐπωρώθησαν,
2d0b080100	καθάπερ γέγραπται, Ἔδωκεν αὐτοῖς ὁ θεὸς πνεῦμα κατανύξεως, ὀφθαλμοὺς τοῦ μὴ βλέπειν καὶ ὦτα τοῦ μὴ ἀκούειν, ἕως τῆς σήμερον ἡμέρας.
2d0b0900dd	καὶ Δαυεὶδ λέγει, Γενηθήτω ἡ τράπεζα αὐτῶν εἰς παγίδα καὶ εἰς θήραν, καὶ εἰς σκάνδαλον καὶ εἰς ἀνταπόδομα αὐτοῖς·
2d0b0a00b1	σκοτισθήτωσαν οἱ ὀφθαλμοὶ αὐτῶν τοῦ μὴ βλέπειν, καὶ τὸν νῶτον αὐτῶν διὰ παντὸς σύγκαμψον.
2d0b0b00ef	λέγω οὖν, μὴ ἔπταισαν ἵνα πέσωσιν; μὴ γένοιτο· ἀλλὰ τῷ αὐτῶν παραπτώματι ἡ σωτηρία τοῖς ἔθνεσιν εἰς τὸ παραζηλῶσαι αὐτούς.
2d0b0c00d0	εἰ δὲ τὸ παράπτωμα αὐτῶν πλοῦτος κόσμου καὶ τὸ ἥττημα αὐτῶν πλοῦτος ἐθνῶν, πόσῳ μᾶλλον τὸ πλήρωμα αὐτῶν;
2d0b0d00bf	Ὑμῖν δὲ λέγω τοῖς ἔθνεσιν· ἐφ᾽ ὅσον μὲν [οὖν] εἰμι ἐγὼ ἐθνῶν ἀπόστολος, τὴν διακονίαν μου δοξάζω,
2d0b0e006c	εἴ πως παραζηλώσω μου τὴν σάρκα καὶ σώσω τινὰς ἐξ αὐτῶν.
2d0b0f009a	εἰ γὰρ ἡ ἀποβολὴ αὐτῶν καταλλαγὴ κόσμου, τίς ἡ πρόσλημψις εἰ μὴ ζωὴ ἐκ νεκρῶν;
2d0b100089	εἰ δὲ ἡ ἀπαρχὴ ἁγία, καὶ τὸ φύραμα· καὶ εἰ ἡ ῥίζα ἁγία, καὶ οἱ κλάδοι.
2d0b11011b	εἰ δέ τινες τῶν κλάδων ἐξεκλάσθησαν, σὺ δὲ ἀγριέλαιος ὢν ἐνεκεντρίσθης ἐν αὐτοῖς, καὶ συγκοινωνὸς τῆς ῥίζης [καὶ] τῆς πιότητος τῆς ἐλαίας ἐγένου,
2d0b1200aa	μὴ κατακαυχῶ τῶν κλάδων· εἰ δὲ κατακαυχᾶσαι, οὐ σὺ τὴν ῥίζαν βαστάζεις, ἀλλὰ ἡ ῥίζα σέ.
2d0b130068	ἐρεῖς οὖν, ἐξεκλάσθησαν κλάδοι, ἵνα ἐγὼ ἐγκεντρισθῶ.
2d0b1400a9	καλῶς· τῇ ἀπιστίᾳ ἐξεκλάσθησαν, σὺ δὲ τῇ πίστει ἕστηκας. μὴ ὑψηλὰ φρόνει, ἀλλὰ φοβοῦ·
2d0b150083	εἰ γὰρ ὁ θεὸς τῶν κατὰ φύσιν κλάδων οὐκ ἐφείσατο, οὐδέ σου φείσεται,
2d0b160122	ἴδε οὖν χρηστότητα καὶ ἀποτομίαν θεοῦ· ἐπὶ μὲν τοὺς πεσόντας ἀποτομία, ἐπὶ δέ σε χρηστότης θεοῦ, ἐὰν ἐπιμένῃς τῇ χρηστότητι· ἐπεὶ καὶ σὺ ἐκκοπήσῃ.
2d0b1700df	κἀκεῖνοι δέ, ἐὰν μὴ ἐπιμένωσιν τῇ ἀπιστίᾳ, ἐγκεντρισθήσονται· δυνατὸς γάρ ἐστιν ὁ θεὸς πάλιν ἐγκεντρίσαι αὐτούς·
2d0b180139	εἰ γὰρ σὺ ἐκ τῆς κατὰ φύσιν ἐξεκόπης ἀγριελαίου καὶ παρὰ φύσιν ἐνεκεντρίσθης εἰς καλλιέλαιον, πόσῳ μᾶλλον οὗτοι οἱ κατὰ φύσιν ἐγκεντρισθήσονται τῇ ἰδίᾳ ἐλαίᾳ;
2d0b190148	Οὐ γὰρ θέλω ὑμᾶς ἀγνοεῖν, ἀδελφοί, τὸ μυστήριον τοῦτο, ἵνα μὴ ἦτε ἐν ἑαυτοῖς φρόνιμοι, ὅτι πώρωσις ἀπὸ μέρους τῷ Ἰσραὴλ γέγονεν ἄχρις οὗ τὸ πλήρωμα τῶν ἐθνῶν εἰσέλθῃ,
2d0b1a00ce	καὶ οὕτως πᾶς Ἰσραὴλ σωθήσεται, καθὼς γέγραπται, Ἥξει ἐκ Σιὼν ὁ ῥυόμενος, ἀποστρέψει ἀσεβείας ἀπὸ Ἰακώβ·
2d0b1b008d	καὶ αὕτη αὐτοῖς ἡ παρ᾽ ἐμοῦ διαθήκη, ὅταν ἀφέλωμαι τὰς ἁμαρτίας αὐτῶν.
2d0b1c00af	κατὰ μὲν τὸ εὐαγγέλιον ἐχθροὶ δι᾽ ὑμᾶς, κατὰ δὲ τὴν ἐκλογὴν ἀγαπητοὶ διὰ τοὺς πατέρας·
2d0b1d0065	ἀμεταμέλητα γὰρ τὰ χαρίσματα καὶ ἡ κλῆσις τοῦ θεοῦ.
2d0b1e0095	ὥσπερ γὰρ ὑμεῖς ποτε ἠπειθήσατε τῷ θεῷ, νῦν δὲ ἠλεήθητε τῇ τούτων ἀπειθείᾳ,
2d0b1f0092	οὕτως καὶ οὗτοι νῦν ἠπείθησαν τῷ ὑμετέρῳ ἐλέει, ἵνα καὶ αὐτοὶ ἐλεηθῶσιν.
2d0b20008f	συνέκλεισεν γὰρ ὁ θεὸς τοὺς πάντας εἰς ἀπείθειαν, ἵνα τοὺς πάντας ἐλεήσῃ.
2d0b2100d9	ὦ βάθος πλούτου καὶ σοφίας καὶ γνώσεως θεοῦ, ὡς ἀνεξεραύνητα τὰ κρίματα αὐτοῦ καὶ ἀνεξιχνίαστοι αἱ ὁδοὶ αὐτοῦ.
2d0b22006c	τίς γὰρ ἔγνω νοῦν κυρίου; ἢ τίς σύμβουλος αὐτοῦ ἐγένετο;
2d0b23005d	ἢ τίς προέδωκεν αὐτῷ, καὶ ἀνταποδοθήσεται αὐτῷ;
2d0b2400ac	ὅτι ἐξ αὐτοῦ καὶ δι᾽ αὐτοῦ καὶ εἰς αὐτὸν τὰ πάντα· αὐτῷ ἡ δόξα εἰς τοὺς αἰῶνας, ἀμήν.
2d0c01011f	Παρακαλῶ οὖν ὑμᾶς, ἀδελφοί, διὰ τῶν οἰκτιρμῶν τοῦ θεοῦ, παραστῆσαι τὰ σώματα ὑμῶν θυσίαν ζῶσαν ἁγίαν εὐάρεστον τῷ θεῷ, τὴν λογικὴν λατρείαν ὑμῶν,
2d0c020142	καὶ μὴ συσχηματίζεσθε τῷ αἰῶνι τούτῳ, ἀλλὰ μεταμορφοῦσθε τῇ ἀνακαινώσει τοῦ νοός, εἰς τὸ δοκιμάζειν ὑμᾶς τί τὸ θέλημα τοῦ θεοῦ τὸ ἀγαθὸν καὶ εὐάρεστον καὶ τέλειον.
2d0c030153	λέγω γὰρ διὰ τῆς χάριτος τῆς δοθείσης μοι παντὶ τῷ ὄντι ἐν ὑμῖν, μὴ ὑπερφρονεῖν παρ᾽ ὃ δεῖ φρονεῖν, ἀλλὰ φρονεῖν εἰς τὸ σωφρονεῖν, ἑκάστῳ ὡς ὁ θεὸς ἐμέρισεν μέτρον πίστεως.
2d0c0400aa	καθάπερ γὰρ ἐν ἑνὶ σώματι πολλὰ μέλη ἔχομεν, τὰ δὲ μέλη πάντα οὐ τὴν αὐτὴν ἔχει πρᾶξιν,
2d0c050089	οὕτως οἱ πολλοὶ ἓν σῶμά ἐσμεν ἐν χριστῷ, τὸ δὲ καθ᾽ εἷς ἀλλήλων μέλη·
2d0c0600d7	ἔχοντες δὲ χαρίσματα κατὰ τὴν χάριν τὴν δοθεῖσαν ἡμῖν διάφορα, εἴτε προφητείαν κατὰ τὴν ἀναλογίαν τῆς πίστεως,
2d0c07007d	εἴτε διακονίαν ἐν τῇ διακονίᾳ, εἴτε ὁ διδάσκων ἐν τῇ διδασκαλίᾳ,
2d0c0800d5	εἴτε ὁ παρακαλῶν ἐν τῇ παρακλήσει, ὁ μεταδιδοὺς ἐν ἁπλότητι· ὁ προϊστάμενος ἐν σπουδῇ, ὁ ἐλεῶν ἐν ἱλαρότητι.
2d0c090084	Ἡ ἀγάπη ἀνυπόκριτος. ἀποστυγοῦντες τὸ πονηρόν, κολλώμενοι τῷ ἀγαθῷ,
2d0c0a0089	τῇ φιλαδελφίᾳ εἰς ἀλλήλους φιλόστοργοι, τῇ τιμῇ ἀλλήλους προηγούμενοι,
2d0c0b007b	τῇ σπουδῇ μὴ ὀκνηροί, τῷ πνεύματι ζέοντες, τῷ κυρίῳ δουλεύοντες,
2d0c0c008f	τῇ ἐλπίδι χαίροντες, τῇ θλίψει ὑπομένοντες, τῇ προσευχῇ προσκαρτεροῦντες·
2d0c0d0079	ταῖς χρείαις τῶν ἁγίων κοινωνοῦντες, τὴν φιλοξενίαν διώκοντες·
2d0c0e0077	εὐλογεῖτε τοὺς διώκοντας ὑμᾶς· εὐλογεῖτε, καὶ μὴ καταρᾶσθε.
2d0c0f0059	χαίρειν μετὰ χαιρόντων, κλαίειν μετὰ κλαιόντων.
2d0c1000f8	τὸ αὐτὸ εἰς ἀλλήλους φρονοῦντες, μὴ τὰ ὑψηλὰ φρονοῦντες, ἀλλὰ τοῖς ταπεινοῖς συναπαγόμενοι. μὴ γίνεσθε φρόνιμοι παρ᾽ ἑαυτοῖς.
2d0c11009d	μηδενὶ κακὸν ἀντὶ κακοῦ ἀποδιδόντες, προνοούμενοι καλὰ ἐνώπιον πάντων ἀνθρώπων·
2d0c120070	εἰ δυνατόν, τὸ ἐξ ὑμῶν μετὰ πάντων ἀνθρώπων εἰρηνεύοντες,
2d0c1300e9	μὴ ἑαυτοὺς ἐκδικοῦντες, ἀγαπητοί, ἀλλὰ δότε τόπον τῇ ὀργῇ· γέγραπται γάρ, Ἐμοὶ ἐκδίκησις, ἐγὼ ἀνταποδώσω, λέγει κύριος.
2d0c140103	ἀλλὰ ἐὰν πεινᾷ ὁ ἐχθρός σου, ψώμιζε αὐτόν· ἐὰν διψᾷ, πότιζε αὐτόν· τοῦτο γὰρ ποιῶν ἄνθρακας πυρὸς σωρεύσεις ἐπὶ τὴν κεφαλὴν αὐτοῦ.
2d0c15006c	μὴ νικῶ ὑπὸ τοῦ κακοῦ, ἀλλὰ νίκα ἐν τῷ ἀγαθῷ τὸ κακόν.
2d0d0100f1	Πᾶσα ψυχὴ ἐξουσίαις ὑπερεχούσαις ὑποτασσέσθω. οὐ γὰρ ἔστιν ἐξουσία εἰ μὴ ὑπὸ θεοῦ, αἱ δὲ οὖσαι ὑπὸ θεοῦ τεταγμέναι εἰσίν.
2d0d0200d9	ὥστε ὁ ἀντιτασσόμενος τῇ ἐξουσίᾳ τῇ τοῦ θεοῦ διαταγῇ ἀνθέστηκεν· οἱ δὲ ἀνθεστηκότες ἑαυτοῖς κρῖμα λήμψονται.
2d0d03011b	οἱ γὰρ ἄρχοντες οὐκ εἰσὶν φόβος τῷ ἀγαθῷ ἔργῳ ἀλλὰ τῷ κακῷ. θέλεις δὲ μὴ φοβεῖσθαι τὴν ἐξουσίαν; τὸ ἀγαθὸν ποίει, καὶ ἕξεις ἔπαινον ἐξ αὐτῆς·
2d0d04014e	θεοῦ γὰρ διάκονός ἐστιν σοὶ εἰς τὸ ἀγαθόν. ἐὰν δὲ τὸ κακὸν ποιῇς, φοβοῦ· οὐ γὰρ εἰκῆ τὴν μάχαιραν φορεῖ. θεοῦ γὰρ διάκονός ἐστιν ἔκδικος εἰς ὀργὴν τῷ τὸ κακὸν πράσσοντι.
2d0d050097	διὸ ἀνάγκη ὑποτάσσεσθαι, οὐ μόνον διὰ τὴν ὀργήν, ἀλλὰ καὶ διὰ τὴν συνείδησιν.
2d0d0600b8	διὰ τοῦτο γὰρ καὶ φόρους τελεῖτε· λειτουργοὶ γὰρ θεοῦ εἰσιν εἰς αὐτὸ τοῦτο προσκαρτεροῦντες.
2d0d0700e5	ἀπόδοτε πᾶσιν τὰς ὀφειλάς, τῷ τὸν φόρον τὸν φόρον, τῷ τὸ τέλος τὸ τέλος, τῷ τὸν φόβον τὸν φόβον, τῷ τὴν τιμὴν τὴν τιμήν.
2d0d0800b4	μηδενὶ μηδὲν ὀφείλετε, εἰ μὴ τὸ ἀλλήλους ἀγαπᾶν· ὁ γὰρ ἀγαπῶν τὸν ἕτερον νόμον πεπλήρωκεν·
2d0d090145	τὸ γάρ, Οὐ μοιχεύσεις, οὐ φονεύσεις, οὐ κλέψεις, οὐκ ἐπιθυμήσεις, καὶ εἴ τις ἑτέρα ἐντολή, ἐν τῷ λόγῳ τούτῳ ἀνακεφαλαιοῦται, [ἐν τῷ,] Ἀγαπήσεις τὸν πλησίον σου ὡς σεαυτόν.
2d0d0a0081	ἡ ἀγάπη τῷ πλησίον κακὸν οὐκ ἐργάζεται· πλήρωμα οὖν νόμου ἡ ἀγάπη.
2d0d0b00f1	Καὶ τοῦτο, εἰδότες τὸν καιρόν, ὅτι ὥρα ἤδη ἡμᾶς ἐξ ὕπνου ἐγερθῆναι· νῦν γὰρ ἐγγύτερον ἡμῶν ἡ σωτηρία, ἢ ὅτε ἐπιστεύσαμεν·
2d0d0c00ca	ἡ νὺξ προέκοψεν, ἡ δὲ ἡμέρα ἤγγικεν. ἀποθώμεθα οὖν τὰ ἔργα τοῦ σκότους, ἐνδυσώμεθα δὲ τὰ ὅπλα τοῦ φωτός.
2d0d0d00cd	ὡς ἐν ἡμέρᾳ εὐσχημόνως περιπατήσωμεν, μὴ κώμοις καὶ μέθαις, μὴ κοίταις καὶ ἀσελγείαις, μὴ ἔριδι καὶ ζήλῳ·
2d0d0e00b6	ἀλλὰ ἐνδύσασθε τὸν κύριον Ἰησοῦν χριστόν, καὶ τῆς σαρκὸς πρόνοιαν μὴ ποιεῖσθε εἰς ἐπιθυμίας.
2d0e010091	Τὸν δὲ ἀσθενοῦντα τῇ πίστει προσλαμβάνεσθε, μὴ εἰς διακρίσεις διαλογισμῶν.
2d0e02006f	ὃς μὲν πιστεύει φαγεῖν πάντα, ὁ δὲ ἀσθενῶν λάχανα ἐσθίει.
2d0e0300da	ὁ ἐσθίων τὸν μὴ ἐσθίοντα μὴ ἐξουθενείτω, ὁ δὲ μὴ ἐσθίων τὸν ἐσθίοντα μὴ κρινέτω· ὁ θεὸς γὰρ αὐτὸν προσελάβετο.
2d0e0400e3	σὺ τίς εἶ ὁ κρίνων ἀλλότριον οἰκέτην; τῷ ἰδίῳ κυρίῳ στήκει ἢ πίπτει. σταθήσεται δέ, δυνατεῖ γὰρ ὁ κύριος στῆσαι αὐτόν.
2d0e0500c1	ὃς μὲν κρίνει ἡμέραν παρ᾽ ἡμέραν, ὃς δὲ κρίνει πᾶσαν ἡμέραν· ἕκαστος ἐν τῷ ἰδίῳ νοῒ πληροφορείσθω.
2d0e060119	ὁ φρονῶν τὴν ἡμέραν, κυρίῳ φρονεῖ· καὶ ὁ ἐσθίων κυρίῳ ἐσθίει, εὐχαριστεῖ γὰρ τῷ θεῷ· καὶ ὁ μὴ ἐσθίων κυρίῳ οὐκ ἐσθίει, καὶ εὐχαριστεῖ τῷ θεῷ.
2d0e070070	οὐδεὶς γὰρ ἡμῶν ἑαυτῷ ζῇ, καὶ οὐδεὶς ἑαυτῷ ἀποθνήσκει.
2d0e080101	ἐάν τε γὰρ ζῶμεν, τῷ κυρίῳ ζῶμεν, ἐάν τε ἀποθνήσκωμεν, τῷ κυρίῳ ἀποθνήσκομεν. ἐάν τε οὖν ζῶμεν, ἐάν τε ἀποθνήσκωμεν, τοῦ κυρίου ἐσμέν.
2d0e09009a	εἰς τοῦτο γὰρ χριστὸς ἀπέθανεν καὶ ἔζησεν, ἵνα καὶ νεκρῶν καὶ ζώντων κυριεύσῃ.
2d0e0a00e3	σὺ δὲ τί κρίνεις τὸν ἀδελφόν σου; ἢ καὶ σὺ τί ἐξουθενεῖς τὸν ἀδελφόν σου; πάντες γὰρ παραστησόμεθα τῷ βήματι τοῦ θεοῦ.
2d0e0b00c1	γέγραπται γάρ, Ζῶ ἐγώ, λέγει κύριος, ὅτι ἐμοὶ κάμψει πᾶν γόνυ, καὶ ἐξομολογήσεται πᾶσα γλῶσσα τῷ θεῷ.
2d0e0c0067	ἄρα ἕκαστος ἡμῶν περὶ ἑαυτοῦ λόγον ἀποδώσει τῷ θεῷ.
2d0e0d00c8	μηκέτι οὖν ἀλλήλους κρίνωμεν, ἀλλὰ τοῦτο κρίνατε μᾶλλον, τὸ μὴ τιθέναι πρόσκομμα τῷ ἀδελφῷ ἢ σκάνδαλον.
2d0e0e00e3	οἶδα καὶ πέπεισμαι ἐν κυρίῳ Ἰησοῦ, ὅτι οὐδὲν κοινὸν δι᾽ αὐτοῦ, εἰ μὴ τῷ λογιζομένῳ τι κοινὸν εἶναι, ἐκείνῳ κοινόν·
2d0e0f0104	εἰ γὰρ διὰ βρῶμα ὁ ἀδελφός σου λυπεῖται, οὐκέτι κατὰ ἀγάπην περιπατεῖς. μὴ τῷ βρώματί σου ἐκεῖνον ἀπόλλυε, ὑπὲρ οὗ χριστὸς ἀπέθανεν.
2d0e100046	μὴ βλασφημείσθω οὖν ὑμῶν τὸ ἀγαθόν.
2d0e1100cd	οὐ γάρ ἐστιν ἡ βασιλεία τοῦ θεοῦ βρῶσις καὶ πόσις, ἀλλὰ δικαιοσύνη καὶ εἰρήνη καὶ χαρὰ ἐν πνεύματι ἁγίῳ·
2d0e12009c	ὁ γὰρ ἐν τούτῳ δουλεύων [τῷ] χριστῷ εὐάρεστος τῷ θεῷ καὶ δόκιμος τοῖς ἀνθρώποις.
2d0e13008c	ἄρα οὖν τὰ τῆς εἰρήνης διώκωμεν καὶ τὰ τῆς οἰκοδομῆς τῆς εἰς ἀλλήλους.
2d0e1400e2	μὴ ἕνεκεν βρώματος κατάλυε τὸ ἔργον τοῦ θεοῦ. πάντα μὲν καθαρά, ἀλλὰ κακὸν τῷ ἀνθρώπῳ τῷ διὰ προσκόμματος ἐσθίοντι·
2d0e1500c9	καλὸν τὸ μὴ φαγεῖν κρέα μηδὲ πιεῖν οἶνον μηδὲ ἐν ᾧ ὁ ἀδελφός σου προσκόπτει ἢ σκανδαλίζεται ἢ ἀσθενεῖ.
2d0e1600bf	σὺ πίστιν ἣν ἔχεις κατὰ σεαυτὸν ἔχε ἐνώπιον τοῦ θεοῦ· μακάριος ὁ μὴ κρίνων ἑαυτὸν ἐν ᾧ δοκιμάζει.
2d0e1700c5	ὁ δὲ διακρινόμενος ἐὰν φάγῃ κατακέκριται, ὅτι οὐκ ἐκ πίστεως· πᾶν δὲ ὃ οὐκ ἐκ πίστεως, ἁμαρτία ἐστίν.
2d0f0100b8	Ὀφείλομεν δὲ ἡμεῖς οἱ δυνατοὶ τὰ ἀσθενήματα τῶν ἀδυνάτων βαστάζειν καὶ μὴ ἑαυτοῖς ἀρέσκειν·
2d0f02007d	ἕκαστος ἡμῶν τῷ πλησίον ἀρεσκέτω εἰς τὸ ἀγαθὸν πρὸς οἰκοδομήν.
2d0f0300da	καὶ γὰρ ὁ χριστὸς οὐχ ἑαυτῷ ἤρεσεν, ἀλλὰ καθὼς γέγραπται, Οἱ ὀνειδισμοὶ τῶν ὀνειδιζόντων σε ἐπέπεσαν ἐπ᾽ ἐμέ.
2d0f040100	Ὅσα γὰρ προεγράφη, εἰς τὴν ἡμετέραν διδασκαλίαν ἐγράφη, ἵνα διὰ τῆς ὑπομονῆς καὶ διὰ τῆς παρακλήσεως τῶν γραφῶν τὴν ἐλπίδα ἔχωμεν.
2d0f0500cb	ὁ δὲ θεὸς τῆς ὑπομονῆς καὶ τῆς παρακλήσεως δῴη ὑμῖν τὸ αὐτὸ φρονεῖν ἐν ἀλλήλοις κατὰ Ἰησοῦν χριστόν·
2d0f0600b2	ἵνα ὁμοθυμαδὸν ἐν ἑνὶ στόματι δοξάζητε τὸν θεὸν καὶ πατέρα τοῦ κυρίου ἡμῶν Ἰησοῦ χριστοῦ.
2d0f0700a7	διὸ προσλαμβάνεσθε ἀλλήλους, καθὼς καὶ ὁ χριστὸς προσελάβετο ὑμᾶς εἰς δόξαν τοῦ θεοῦ.
2d0f0800d6	λέγω γὰρ χριστὸν διάκονον γένεσθαι περιτομῆς ὑπὲρ ἀληθείας θεοῦ, εἰς τὸ βεβαιῶσαι τὰς ἐπαγγελίας τῶν πατέρων,
2d0f0900ef	τὰ δὲ ἔθνη ὑπὲρ ἐλέους δοξάσαι τὸν θεόν, καθὼς γέγραπται, Διὰ τοῦτο ἐξομολογήσομαί σοι ἐν ἔθνεσιν, καὶ τῷ ὀνόματί σου ψαλῶ.
2d0f0a0068	καὶ πάλιν λέγει, Εὐφράνθητε ἔθνη μετὰ τοῦ λαοῦ αὐτοῦ.
2d0f0b00a3	καὶ πάλιν, Αἰνεῖτε πάντα τὰ ἔθνη τὸν κύριον, καὶ ἐπαινεσάτωσαν αὐτὸν πάντες οἱ λαοί.
2d0f0c00d1	καὶ πάλιν Ἡσαΐας λέγει, Ἔσται ἡ ῥίζα τοῦ Ἰεσσαί, καὶ ὁ ἀνιστάμενος ἄρχειν ἐθνῶν, ἐπ᾽ αὐτῷ ἔθνη ἐλπιοῦσιν.
2d0f0d0115	ὁ δὲ θεὸς τῆς ἐλπίδος πληρώσαι ὑμᾶς πάσης χαρᾶς καὶ εἰρήνης ἐν τῷ πιστεύειν, εἰς τὸ περισσεύειν ὑμᾶς ἐν τῇ ἐλπίδι ἐν δυνάμει πνεύματος ἁγίου.
2d0f0e0125	Πέπεισμαι δέ, ἀδελφοί μου, καὶ αὐτὸς ἐγὼ περὶ ὑμῶν ὅτι καὶ αὐτοὶ μεστοί ἐστε ἀγαθωσύνης, πεπληρωμένοι πάσης γνώσεως, δυνάμενοι καὶ ἀλλήλους νουθετεῖν·
2d0f0f00d7	τολμηροτερῶς δὲ ἔγραψα ὑμῖν, ἀπὸ μέρους, ὡς ἐπαναμιμνήσκων ὑμᾶς διὰ τὴν χάριν τὴν δοθεῖσάν μοι ἀπὸ τοῦ θεοῦ,
2d0f100148	εἰς τὸ εἶναί με λειτουργὸν χριστοῦ Ἰησοῦ εἰς τὰ ἔθνη, ἱερουργοῦντα τὸ εὐαγγέλιον τοῦ θεοῦ, ἵνα γένηται ἡ προσφορὰ τῶν ἐθνῶν εὐπρόσδεκτος, ἡγιασμένη ἐν πνεύματι ἁγίῳ.
2d0f11006c	ἔχω οὖν τὴν καύχησιν ἐν χριστῷ Ἰησοῦ τὰ πρὸς τὸν θεόν·
2d0f1200bc	οὐ γὰρ τολμήσω τι λαλεῖν ὧν οὐ κατειργάσατο χριστὸς δι᾽ ἐμοῦ εἰς ὑπακοὴν ἐθνῶν, λόγῳ καὶ ἔργῳ,
2d0f130129	ἐν δυνάμει σημείων καὶ τεράτων, ἐν δυνάμει πνεύματος ἁγίου, ὥστε με ἀπὸ Ἱερουσαλὴμ καὶ κύκλῳ μέχρι τοῦ Ἰλλυρικοῦ πεπληρωκέναι τὸ εὐαγγέλιον τοῦ χριστοῦ.
2d0f1400ce	οὕτως δὲ φιλοτιμοῦμαι εὐαγγελίζεσθαι, οὐχ ὅπου ὠνομάσθη χριστός, ἵνα μὴ ἐπ᾽ ἀλλότριον θεμέλιον οἰκοδομῶ,
2d0f1500b4	ἀλλὰ καθὼς γέγραπται, Οἷς οὐκ ἀνηγγέλη περὶ αὐτοῦ ὄψονται, καὶ οἳ οὐκ ἀκηκόασιν συνήσουσιν.
2d0f160066	διὸ καὶ ἐνεκοπτόμην τὰ πολλὰ τοῦ ἐλθεῖν πρὸς ὑμᾶς,
2d0f1700d6	νυνὶ δὲ μηκέτι τόπον ἔχων ἐν τοῖς κλίμασιν τούτοις, ἐπιποθίαν δὲ ἔχων τοῦ ἐλθεῖν πρὸς ὑμᾶς ἀπὸ ἱκανῶν ἐτῶν,
2d0f18011d	ὡς ἂν πορεύωμαι εἰς τὴν Σπανίαν, ἐλπίζω γὰρ διαπορευόμενος θεάσασθαι ὑμᾶς καὶ ὑφ᾽ ὑμῶν προπεμφθῆναι ἐκεῖ, ἐὰν ὑμῶν πρῶτον ἀπὸ μέρους ἐμπλησθῶ.
2d0f19006c	Νυνὶ δὲ πορεύομαι εἰς Ἱερουσαλὴμ διακονῶν τοῖς ἁγίοις.
2d0f1a00d0	ηὐδόκησαν γὰρ Μακεδονία καὶ Ἀχαΐα κοινωνίαν τινὰ ποιήσασθαι εἰς τοὺς πτωχοὺς τῶν ἁγίων τῶν ἐν Ἱερουσαλήμ·
2d0f1b0127	ηὐδόκησαν γάρ, καὶ ὀφειλέται εἰσὶν αὐτῶν· εἰ γὰρ τοῖς πνευματικοῖς αὐτῶν ἐκοινώνησαν τὰ ἔθνη, ὀφείλουσιν καὶ ἐν τοῖς σαρκικοῖς λειτουργῆσαι αὐτοῖς.
2d0f1c00c2	τοῦτο οὖν ἐπιτελέσας καὶ σφραγισάμενος αὐτοῖς τὸν καρπὸν τοῦτον ἀπελεύσομαι δι᾽ ὑμῶν εἰς Σπανίαν.
2d0f1d0090	οἶδα δὲ ὅτι ἐρχόμενος πρὸς ὑμᾶς ἐν πληρώματι εὐλογίας χριστοῦ ἐλεύσομαι.
2d0f1e0139	Παρακαλῶ δὲ ὑμᾶς, ἀδελφοί, διὰ τοῦ κυρίου ἡμῶν Ἰησοῦ χριστοῦ, καὶ διὰ τῆς ἀγάπης τοῦ πνεύματος, συναγωνίσασθαί μοι ἐν ταῖς προσευχαῖς ὑπὲρ ἐμοῦ πρὸς τὸν θεόν·
2d0f1f00e3	ἵνα ῥυσθῶ ἀπὸ τῶν ἀπειθούντων ἐν τῇ Ἰουδαίᾳ καὶ ἡ διακονία μου ἡ εἰς Ἱερουσαλὴμ εὐπρόσδεκτος τοῖς ἁγίοις γένηται,
2d0f20008d	ἵνα ἐν χαρᾷ ἔλθω πρὸς ὑμᾶς διὰ θελήματος θεοῦ, καὶ συναναπαύσωμαι ὑμῖν.
2d0f21005b	ὁ δὲ θεὸς τῆς εἰρήνης μετὰ πάντων ὑμῶν, [ἀμήν.]
2d100100b1	Συνίστημι δὲ ὑμῖν Φοίβην τὴν ἀδελφὴν ἡμῶν, οὖσαν διάκονον τῆς ἐκκλησίας τῆς ἐν Κεγχρεαῖς,
2d1002012b	ἵνα προσδέξησθε αὐτὴν ἐν κυρίῳ ἀξίως τῶν ἁγίων καὶ παραστῆτε αὐτῇ ἐν ᾧ ἂν ὑμῶν χρῄζῃ πράγματι· καὶ γὰρ αὕτη προστάτις πολλῶν ἐγενήθη καὶ ἐμοῦ αὐτοῦ.
2d1003007e	ἀσπάσασθε Πρίσκαν καὶ Ἀκύλαν τοὺς συνεργούς μου ἐν χριστῷ Ἰησοῦ,
2d100400f9	οἵτινες ὑπὲρ τῆς ψυχῆς μου τὸν ἑαυτῶν τράχηλον ὑπέθηκαν, οἷς οὐκ ἐγὼ μόνος εὐχαριστῶ, ἀλλὰ καὶ πᾶσαι αἱ ἐκκλησίαι τῶν ἐθνῶν,
2d100500de	καὶ τὴν κατ᾽ οἶκον αὐτῶν ἐκκλησίαν. ἀσπάσασθε Ἐπαίνετον τὸν ἀγαπητόν μου, ὅς ἐστιν ἀπαρχὴ τῆς Ἀσίας εἰς χριστόν.
2d1006005f	ἀσπάσασθε Μαρίαν, ἥτις πολλὰ ἐκοπίασεν εἰς ὑμᾶς.
2d1007012d	ἀσπάσασθε Ἀνδρόνικον καὶ Ἰουνίαν τοὺς συγγενεῖς μου καὶ συναιχμαλώτους μου, οἵτινές εἰσιν ἐπίσημοι ἐν τοῖς ἀποστόλοις, οἳ καὶ πρὸ ἐμοῦ γέγοναν ἐν χριστῷ.
2d1008005c	ἀσπάσασθε Ἀμπλιᾶτον τὸν ἀγαπητόν μου ἐν κυρίῳ.
2d10090097	ἀσπάσασθε Οὐρβανὸν τὸν συνεργὸν ἡμῶν ἐν χριστῷ, καὶ Στάχυν τὸν ἀγαπητόν μου.
2d100a0097	ἀσπάσασθε Ἀπελλῆν τὸν δόκιμον ἐν χριστῷ. ἀσπάσασθε τοὺς ἐκ τῶν Ἀριστοβούλου.
2d100b00af	ἀσπάσασθε Ἡρωδίωνα τὸν συγγενῆν μου. ἀσπάσασθε τοὺς ἐκ τῶν Ναρκίσσου τοὺς ὄντας ἐν κυρίῳ.
2d100c00e7	ἀσπάσασθε Τρύφαιναν καὶ Τρυφῶσαν τὰς κοπιώσας ἐν κυρίῳ. ἀσπάσασθε Περσίδα τὴν ἀγαπητήν, ἥτις πολλὰ ἐκοπίασεν ἐν κυρίῳ.
2d100d008e	ἀσπάσασθε Ῥοῦφον τὸν ἐκλεκτὸν ἐν κυρίῳ, καὶ τὴν μητέρα αὐτοῦ καὶ ἐμοῦ.
2d100e00a6	ἀσπάσασθε Ἀσύγκριτον, Φλέγοντα, Ἑρμῆν, Πατρόβαν, Ἑρμᾶν, καὶ τοὺς σὺν αὐτοῖς ἀδελφούς.
2d100f00d8	ἀσπάσασθε Φιλόλογον καὶ Ἰουλίαν, Νηρέα καὶ τὴν ἀδελφὴν αὐτοῦ, καὶ Ὀλυμπᾶν, καὶ τοὺς σὺν αὐτοῖς πάντας ἁγίους.
2d101000a8	ἀσπάσασθε ἀλλήλους ἐν φιλήματι ἁγίῳ. ἀσπάζονται ὑμᾶς αἱ ἐκκλησίαι πᾶσαι τοῦ χριστοῦ.
2d10110119	Παρακαλῶ δὲ ὑμᾶς, ἀδελφοί, σκοπεῖν τοὺς τὰς διχοστασίας καὶ τὰ σκάνδαλα παρὰ τὴν διδαχὴν ἣν ὑμεῖς ἐμάθετε ποιοῦντας, καὶ ἐκκλίνετε ἀπ᾽ αὐτῶν.
2d10120127	οἱ γὰρ τοιοῦτοι τῷ κυρίῳ ἡμῶν χριστῷ οὐ δουλεύουσιν, ἀλλὰ τῇ ἑαυτῶν κοιλίᾳ, καὶ διὰ τῆς χρηστολογίας καὶ εὐλογίας ἐξαπατῶσιν τὰς καρδίας τῶν ἀκάκων.
2d101300f9	ἡ γὰρ ὑμῶν ὑπακοὴ εἰς πάντας ἀφίκετο· ἐφ᾽ ὑμῖν οὖν χαίρω. θέλω δὲ ὑμᾶς σοφοὺς εἶναι εἰς τὸ ἀγαθόν, ἀκεραίους δὲ εἰς τὸ κακόν.
2d101400f5	ὁ δὲ θεὸς τῆς εἰρήνης συντρίψει τὸν σατανᾶν ὑπὸ τοὺς πόδας ὑμῶν ἐν τάχει. ἡ χάρις τοῦ κυρίου ἡμῶν Ἰησοῦ [χριστοῦ] μεθ᾽ ὑμῶν.
2d101500b6	Ἀσπάζεται ὑμᾶς Τιμόθεος ὁ συνεργός μου, καὶ Λούκιος καὶ Ἰάσων καὶ Σωσίπατρος οἱ συγγενεῖς μου.
2d10160077	ἀσπάζομαι ὑμᾶς ἐγὼ Τέρτιος ὁ γράψας τὴν ἐπιστολὴν ἐν κυρίῳ.
2d101700f9	ἀσπάζεται ὑμᾶς Γάϊος ὁ ξένος μου καὶ ὅλης τῆς ἐκκλησίας. ἀσπάζεται ὑμᾶς Ἔραστος ὁ οἰκονόμος τῆς πόλεως, καὶ Κούαρτος ὁ ἀδελφός.
2d1019010d	Τῷ δὲ δυναμένῳ ὑμᾶς στηρίξαι κατὰ τὸ εὐαγγέλιόν μου καὶ τὸ κήρυγμα Ἰησοῦ χριστοῦ, κατὰ ἀποκάλυψιν μυστηρίου χρόνοις αἰωνίοις σεσιγημένου,
2d101a00fc	φανερωθέντος δὲ νῦν διά τε γραφῶν προφητικῶν, κατ᾽ ἐπιταγὴν τοῦ αἰωνίου θεοῦ, εἰς ὑπακοὴν πίστεως εἰς πάντα τὰ ἔθνη γνωρισθέντος,
2d101b009b	μόνῳ σοφῷ θεῷ, διὰ Ἰησοῦ χριστοῦ, ᾧ ἡ δόξα εἰς τοὺς αἰῶνας, ἀμήν. ΠΡΟΣ ΡΩΜΑΙΟΥΣ.
2e00000022	Προς Κορινθιους Α΄
2e010100a0	Παῦλος κλητὸς ἀπόστολος χριστοῦ Ἰησοῦ διὰ θελήματος θεοῦ, καὶ Σωσθένης ὁ ἀδελφός,
2e01020176	τῇ ἐκκλησίᾳ τοῦ θεοῦ, ἡγιασμένοις ἐν χριστῷ Ἰησοῦ, τῇ οὔσῃ ἐν Κορίνθῳ, κλητοῖς ἁγίοις, σὺν πᾶσιν τοῖς ἐπικαλουμένοις τὸ ὄνομα τοῦ κυρίου ἡμῶν Ἰησοῦ χριστοῦ ἐν παντὶ τόπῳ, αὐτῶν καὶ ἡμῶν·
2e0103008a	χάρις ὑμῖν καὶ εἰρήνη ἀπὸ θεοῦ πατρὸς ἡμῶν καὶ κυρίου Ἰησοῦ χριστοῦ.
2e010400be	Εὐχαριστῶ τῷ θεῷ μου πάντοτε περὶ ὑμῶν ἐπὶ τῇ χάριτι τοῦ θεοῦ τῇ δοθείσῃ ὑμῖν ἐν χριστῷ Ἰησοῦ,
2e01050081	ὅτι ἐν παντὶ ἐπλουτίσθητε ἐν αὐτῷ, ἐν παντὶ λόγῳ καὶ πάσῃ γνώσει,
2e01060062	καθὼς τὸ μαρτύριον τοῦ χριστοῦ ἐβεβαιώθη ἐν ὑμῖν,
2e010700d6	ὥστε ὑμᾶς μὴ ὑστερεῖσθαι ἐν μηδενὶ χαρίσματι, ἀπεκδεχομένους τὴν ἀποκάλυψιν τοῦ κυρίου ἡμῶν Ἰησοῦ χριστοῦ·
2e010800af	ὃς καὶ βεβαιώσει ὑμᾶς ἕως τέλους ἀνεγκλήτους ἐν τῇ ἡμέρᾳ τοῦ κυρίου ἡμῶν Ἰησοῦ χριστοῦ.
2e010900b4	πιστὸς ὁ θεός, δι᾽ οὗ ἐκλήθητε εἰς κοινωνίαν τοῦ υἱοῦ αὐτοῦ Ἰησοῦ χριστοῦ τοῦ κυρίου ἡμῶν.
2e010a0170	Παρακαλῶ δὲ ὑμᾶς, ἀδελφοί, διὰ τοῦ ὀνόματος τοῦ κυρίου ἡμῶν Ἰησοῦ χριστοῦ, ἵνα τὸ αὐτὸ λέγητε πάντες καὶ μὴ ᾖ ἐν ὑμῖν σχίσματα, ἦτε δὲ κατηρτισμένοι ἐν τῷ αὐτῷ νοῒ καὶ ἐν τῇ αὐτῇ γνώμῃ.
2e010b009d	ἐδηλώθη γάρ μοι περὶ ὑμῶν, ἀδελφοί μου, ὑπὸ τῶν Χλόης, ὅτι ἔριδες ἐν ὑμῖν εἰσιν·
2e010c00ca	λέγω δὲ τοῦτο, ὅτι ἕκαστος ὑμῶν λέγει, Ἐγὼ μέν εἰμι Παύλου, ἐγὼ δὲ Ἀπολλώ, ἐγὼ δὲ Κηφᾶ, ἐγὼ δὲ χριστοῦ.
2e010d00ab	μεμέρισται ὁ χριστός; μὴ Παῦλος ἐσταυρώθη ὑπὲρ ὑμῶν, ἢ εἰς τὸ ὄνομα Παύλου ἐβαπτίσθητε;
2e010e0085	εὐχαριστῶ τῷ θεῷ ὅτι οὐδένα ὑμῶν ἐβάπτισα, εἰ μὴ Κρίσπον καὶ Γάϊον,
2e010f0064	ἵνα μή τις εἴπῃ ὅτι εἰς τὸ ἐμὸν ὄνομα ἐβαπτίσθητε.
2e01100093	ἐβάπτισα δὲ καὶ τὸν Στεφανᾶ οἶκον· λοιπὸν οὐκ οἶδα εἴ τινα ἄλλον ἐβάπτισα.
2e011100e6	οὐ γὰρ ἀπέστειλέν με χριστὸς βαπτίζειν, ἀλλὰ εὐαγγελίζεσθαι· οὐκ ἐν σοφίᾳ λόγου, ἵνα μὴ κενωθῇ ὁ σταυρὸς τοῦ χριστοῦ.
2e011200cc	ὁ λόγος γὰρ ὁ τοῦ σταυροῦ τοῖς μὲν ἀπολλυμένοις μωρία ἐστίν, τοῖς δὲ σωζομένοις ἡμῖν δύναμις θεοῦ ἐστιν.
2e01130099	γέγραπται γάρ, Ἀπολῶ τὴν σοφίαν τῶν σοφῶν, καὶ τὴν σύνεσιν τῶν συνετῶν ἀθετήσω.
2e011400ca	ποῦ σοφός; ποῦ γραμματεύς; ποῦ συνζητητὴς τοῦ αἰῶνος τούτου; οὐχὶ ἐμώρανεν ὁ θεὸς τὴν σοφίαν τοῦ κόσμου;
2e0115011d	ἐπειδὴ γὰρ ἐν τῇ σοφίᾳ τοῦ θεοῦ οὐκ ἔγνω ὁ κόσμος διὰ τῆς σοφίας τὸν θεόν, εὐδόκησεν ὁ θεὸς διὰ τῆς μωρίας τοῦ κηρύγματος σῶσαι τοὺς πιστεύοντας·
2e01160082	ἐπειδὴ καὶ Ἰουδαῖοι σημεῖα αἰτοῦσιν καὶ Ἕλληνες σοφίαν ζητοῦσιν,
2e011700a6	ἡμεῖς δὲ κηρύσσομεν χριστὸν ἐσταυρωμένον, Ἰουδαίοις μὲν σκάνδαλον, ἔθνεσιν δὲ μωρίαν,
2e011800aa	αὐτοῖς δὲ τοῖς κλητοῖς, Ἰουδαίοις τε καὶ Ἕλλησιν, χριστὸν θεοῦ δύναμιν καὶ θεοῦ σοφίαν.
2e011900c9	ὅτι τὸ μωρὸν τοῦ θεοῦ σοφώτερον τῶν ἀνθρώπων ἐστίν, καὶ τὸ ἀσθενὲς τοῦ θεοῦ ἰσχυρότερον τῶν ἀνθρώπων.
2e011a00d3	βλέπετε γὰρ τὴν κλῆσιν ὑμῶν, ἀδελφοί, ὅτι οὐ πολλοὶ σοφοὶ κατὰ σάρκα, οὐ πολλοὶ δυνατοί, οὐ πολλοὶ εὐγενεῖς,
2e011b010e	ἀλλὰ τὰ μωρὰ τοῦ κόσμου ἐξελέξατο ὁ θεός, ἵνα καταισχύνῃ τοὺς σοφούς, καὶ τὰ ἀσθενῆ τοῦ κόσμου ἐξελέξατο ὁ θεός, ἵνα καταισχύνῃ τὰ ἰσχυρά,
2e011c00be	καὶ τὰ ἀγενῆ τοῦ κόσμου καὶ τὰ ἐξουθενημένα ἐξελέξατο ὁ θεός, τὰ μὴ ὄντα, ἵνα τὰ ὄντα καταργήσῃ·
2e011d005b	ὅπως μὴ καυχήσηται πᾶσα σὰρξ ἐνώπιον τοῦ θεοῦ.
2e011e00e8	ἐξ αὐτοῦ δὲ ὑμεῖς ἐστε ἐν χριστῷ Ἰησοῦ, ὃς ἐγενήθη σοφία ἡμῖν ἀπὸ θεοῦ, δικαιοσύνη τε καὶ ἁγιασμὸς καὶ ἀπολύτρωσις·
2e011f0064	ἵνα καθὼς γέγραπται, Ὁ καυχώμενος ἐν κυρίῳ καυχάσθω.
2e020100d7	Κἀγὼ ἐλθὼν πρὸς ὑμᾶς, ἀδελφοί, ἦλθον οὐ καθ᾽ ὑπεροχὴν λόγου ἢ σοφίας καταγγέλλων ὑμῖν τὸ μαρτύριον τοῦ θεοῦ.
2e0202009e	οὐ γὰρ ἔκρινά τι εἰδέναι ἐν ὑμῖν, εἰ μὴ Ἰησοῦν χριστόν, καὶ τοῦτον ἐσταυρωμένον.
2e0203008a	κἀγὼ ἐν ἀσθενείᾳ καὶ ἐν φόβῳ καὶ ἐν τρόμῳ πολλῷ ἐγενόμην πρὸς ὑμᾶς·
2e020400cc	καὶ ὁ λόγος μου καὶ τὸ κήρυγμά μου οὐκ ἐν πειθοῖς σοφίας λόγοις, ἀλλὰ ἐν ἀποδείξει πνεύματος καὶ δυνάμεως,
2e0205007d	ἵνα ἡ πίστις ὑμῶν μὴ ᾖ ἐν σοφίᾳ ἀνθρώπων, ἀλλὰ ἐν δυνάμει θεοῦ.
2e020600f1	Σοφίαν δὲ λαλοῦμεν ἐν τοῖς τελείοις, σοφίαν δὲ οὐ τοῦ αἰῶνος τούτου οὐδὲ τῶν ἀρχόντων τοῦ αἰῶνος τούτου τῶν καταργουμένων·
2e020700d6	ἀλλὰ λαλοῦμεν θεοῦ σοφίαν ἐν μυστηρίῳ τὴν ἀποκεκρυμμένην, ἣν προώρισεν ὁ θεὸς πρὸ τῶν αἰώνων εἰς δόξαν ἡμῶν,
2e020800d2	ἣν οὐδεὶς τῶν ἀρχόντων τοῦ αἰῶνος τούτου ἔγνωκεν· (εἰ γὰρ ἔγνωσαν, οὐκ ἂν τὸν κύριον τῆς δόξης ἐσταύρωσαν),
2e02090119	ἀλλὰ καθὼς γέγραπται, Ἃ ὀφθαλμὸς οὐκ εἶδεν καὶ οὖς οὐκ ἤκουσεν καὶ ἐπὶ καρδίαν ἀνθρώπου οὐκ ἀνέβη, ὅσα ἡτοίμασεν ὁ θεὸς τοῖς ἀγαπῶσιν αὐτόν·
2e020a00ba	ἡμῖν δὲ ἀπεκάλυψεν ὁ θεὸς διὰ τοῦ πνεύματος· τὸ γὰρ πνεῦμα πάντα ἐραυνᾷ, καὶ τὰ βάθη τοῦ θεοῦ.
2e020b011e	τίς γὰρ οἶδεν ἀνθρώπων τὰ τοῦ ἀνθρώπου, εἰ μὴ τὸ πνεῦμα τοῦ ἀνθρώπου τὸ ἐν αὐτῷ; οὕτως καὶ τὰ τοῦ θεοῦ οὐδεὶς ἔγνωκεν, εἰ μὴ τὸ πνεῦμα τοῦ θεοῦ.
2e020c00ee	ἡμεῖς δὲ οὐ τὸ πνεῦμα τοῦ κόσμου ἐλάβομεν, ἀλλὰ τὸ πνεῦμα τὸ ἐκ τοῦ θεοῦ, ἵνα εἰδῶμεν τὰ ὑπὸ τοῦ θεοῦ χαρισθέντα ἡμῖν·
2e020d00f3	ἃ καὶ λαλοῦμεν οὐκ ἐν διδακτοῖς ἀνθρωπίνης σοφίας λόγοις, ἀλλ᾽ ἐν διδακτοῖς πνεύματος, πνευματικοῖς πνευματικὰ συγκρίνοντες.
2e020e0101	ψυχικὸς δὲ ἄνθρωπος οὐ δέχεται τὰ τοῦ πνεύματος τοῦ θεοῦ· μωρία γὰρ αὐτῷ ἐστίν, καὶ οὐ δύναται γνῶναι, ὅτι πνευματικῶς ἀνακρίνεται.
2e020f0091	ὁ δὲ πνευματικὸς ἀνακρίνει [μὲν] πάντα, αὐτὸς δὲ ὑπ᾽ οὐδενὸς ἀνακρίνεται.
2e02100094	τίς γὰρ ἔγνω νοῦν κυρίου, ὃς συμβιβάσει αὐτόν; ἡμεῖς δὲ νοῦν χριστοῦ ἔχομεν.
2e030100c0	Κἀγώ, ἀδελφοί, οὐκ ἠδυνήθην λαλῆσαι ὑμῖν ὡς πνευματικοῖς, ἀλλ᾽ ὡς σαρκίνοις, ὡς νηπίοις ἐν χριστῷ.
2e03020094	γάλα ὑμᾶς ἐπότισα, οὐ βρῶμα· οὔπω γὰρ ἐδύνασθε, ἀλλ᾽ οὐδὲ ἔτι νῦν δύνασθε·
2e030300cf	ἔτι γὰρ σαρκικοί ἐστε. ὅπου γὰρ ἐν ὑμῖν ζῆλος καὶ ἔρις οὐχὶ σαρκικοί ἐστε καὶ κατὰ ἄνθρωπον περιπατεῖτε;
2e0304009c	ὅταν γὰρ λέγῃ τις, Ἐγὼ μέν εἰμι Παύλου, ἕτερος δέ, Ἐγὼ Ἀπολλώ, οὐκ ἄνθρωποί ἐστε;
2e030500c3	Τί οὖν ἐστιν Ἀπολλώς, τί δέ ἐστιν Παῦλος; διάκονοι δι᾽ ὧν ἐπιστεύσατε, καὶ ἑκάστῳ ὡς ὁ κύριος ἔδωκεν.
2e0306006a	ἐγὼ ἐφύτευσα, Ἀπολλὼς ἐπότισεν, ἀλλὰ ὁ θεὸς ηὔξανεν·
2e0307007f	ὥστε οὔτε ὁ φυτεύων ἐστίν τι οὔτε ὁ ποτίζων, ἀλλ᾽ ὁ αὐξάνων θεός·
2e030800b9	ὁ φυτεύων δὲ καὶ ὁ ποτίζων ἕν εἰσιν, ἕκαστος δὲ τὸν ἴδιον μισθὸν λήμψεται κατὰ τὸν ἴδιον κόπον.
2e03090072	θεοῦ γάρ ἐσμεν συνεργοί· θεοῦ γεώργιον, θεοῦ οἰκοδομή ἐστε.
2e030a0108	κατὰ τὴν χάριν τοῦ θεοῦ τὴν δοθεῖσάν μοι ὡς σοφὸς ἀρχιτέκτων θεμέλιον ἔθηκα, ἄλλος δὲ ἐποικοδομεῖ. ἕκαστος δὲ βλεπέτω πῶς ἐποικοδομεῖ.
2e030b00a5	θεμέλιον γὰρ ἄλλον οὐδεὶς δύναται θεῖναι παρὰ τὸν κείμενον, ὅς ἐστιν Ἰησοῦς χριστός.
2e030c00b4	εἰ δέ τις ἐποικοδομεῖ ἐπὶ τὸν θεμέλιον χρυσίον, ἀργύριον, λίθους τιμίους, ξύλα, χόρτον, καλάμην,
2e030d0115	ἑκάστου τὸ ἔργον φανερὸν γενήσεται· ἡ γὰρ ἡμέρα δηλώσει, ὅτι ἐν πυρὶ ἀποκαλύπτεται, καὶ ἑκάστου τὸ ἔργον ὁποῖόν ἐστιν τὸ πῦρ αὐτὸ δοκιμάσει.
2e030e0070	εἴ τινος τὸ ἔργον μένει, ὃ ἐποικοδόμησεν, μισθὸν λήμψεται·
2e030f00a9	εἴ τινος τὸ ἔργον κατακαήσεται, ζημιωθήσεται, αὐτὸς δὲ σωθήσεται, οὕτως δὲ ὡς διὰ πυρός.
2e03100089	οὐκ οἴδατε ὅτι ναὸς θεοῦ ἐστε, καὶ τὸ πνεῦμα τοῦ θεοῦ οἰκεῖ ἐν ὑμῖν;
2e031100d4	εἴ τις τὸν ναὸν τοῦ θεοῦ φθείρει, φθερεῖ τοῦτον ὁ θεός· ὁ γὰρ ναὸς τοῦ θεοῦ ἅγιός ἐστιν, οἵτινές ἐστε ὑμεῖς.
2e031200d9	μηδεὶς ἑαυτὸν ἐξαπατάτω· εἴ τις δοκεῖ σοφὸς εἶναι ἐν ὑμῖν ἐν τῷ αἰῶνι τούτῳ, μωρὸς γενέσθω, ἵνα γένηται σοφός.
2e031300e5	ἡ γὰρ σοφία τοῦ κόσμου τούτου μωρία παρὰ τῷ θεῷ ἐστιν. γέγραπται γάρ, Ὁ δρασσόμενος τοὺς σοφοὺς ἐν τῇ πανουργίᾳ αὐτῶν·
2e0314008f	καὶ πάλιν, Κύριος γινώσκει τοὺς διαλογισμοὺς τῶν σοφῶν, ὅτι εἰσὶν μάταιοι.
2e0315006f	Ὥστε μηδεὶς καυχάσθω ἐν ἀνθρώποις· πάντα γὰρ ὑμῶν ἐστιν,
2e031600dc	εἴτε Παῦλος εἴτε Ἀπολλὼς εἴτε Κηφᾶς, εἴτε κόσμος εἴτε ζωὴ εἴτε θάνατος, εἴτε ἐνεστῶτα εἴτε μέλλοντα, πάντα ὑμῶν,
2e03170044	ὑμεῖς δὲ χριστοῦ, χριστὸς δὲ θεοῦ.
2e040100a0	Οὕτως ἡμᾶς λογιζέσθω ἄνθρωπος, ὡς ὑπηρέτας χριστοῦ καὶ οἰκονόμους μυστηρίων θεοῦ.
2e04020079	ὧδε λοιπὸν ζητεῖται ἐν τοῖς οἰκονόμοις ἵνα πιστός τις εὑρεθῇ.
2e040300d4	ἐμοὶ δὲ εἰς ἐλάχιστόν ἐστιν ἵνα ὑφ᾽ ὑμῶν ἀνακριθῶ ἢ ὑπὸ ἀνθρωπίνης ἡμέρας· ἀλλ᾽ οὐδὲ ἐμαυτὸν ἀνακρίνω.
2e040400b1	(οὐδὲν γὰρ ἐμαυτῷ σύνοιδα· ἀλλ᾽ οὐκ ἐν τούτῳ δεδικαίωμαι)· ὁ δὲ ἀνακρίνων με κύριός ἐστιν.
2e0405015b	ὥστε μὴ πρὸ καιροῦ τι κρίνετε, ἕως ἂν ἔλθῃ ὁ κύριος, ὃς καὶ φωτίσει τὰ κρυπτὰ τοῦ σκότους καὶ φανερώσει τὰς βουλὰς τῶν καρδιῶν· καὶ τότε ὁ ἔπαινος γενήσεται ἑκάστῳ ἀπὸ τοῦ θεοῦ.
2e04060141	Ταῦτα δέ, ἀδελφοί, μετεσχημάτισα εἰς ἐμαυτὸν καὶ Ἀπολλὼν δι᾽ ὑμᾶς, ἵνα ἐν ἡμῖν μάθητε τὸ μὴ ὑπὲρ ἃ γέγραπται, ἵνα μὴ εἷς ὑπὲρ τοῦ ἑνὸς φυσιοῦσθε κατὰ τοῦ ἑτέρου.
2e040700aa	τίς γάρ σε διακρίνει; τί δὲ ἔχεις ὃ οὐκ ἔλαβες; εἰ δὲ καὶ ἔλαβες, τί καυχᾶσαι ὡς μὴ λαβών;
2e040800fd	ἤδη κεκορεσμένοι ἐστέ, ἤδη ἐπλουτήσατε, χωρὶς ἡμῶν ἐβασιλεύσατε· καὶ ὄφελόν γε ἐβασιλεύσατε, ἵνα καὶ ἡμεῖς ὑμῖν συμβασιλεύσωμεν.
2e04090107	δοκῶ γάρ, ὁ θεὸς ἡμᾶς τοὺς ἀποστόλους ἐσχάτους ἀπέδειξεν ὡς ἐπιθανατίους, ὅτι θέατρον ἐγενήθημεν τῷ κόσμῳ καὶ ἀγγέλοις καὶ ἀνθρώποις.
2e040a00f0	ἡμεῖς μωροὶ διὰ χριστόν, ὑμεῖς δὲ φρόνιμοι ἐν χριστῷ· ἡμεῖς ἀσθενεῖς, ὑμεῖς δὲ ἰσχυροί· ὑμεῖς ἔνδοξοι, ἡμεῖς δὲ ἄτιμοι.
2e040b00ba	ἄχρι τῆς ἄρτι ὥρας καὶ πεινῶμεν καὶ διψῶμεν καὶ γυμνιτεύομεν, καὶ κολαφιζόμεθα καὶ ἀστατοῦμεν,
2e040c00b5	καὶ κοπιῶμεν ἐργαζόμενοι ταῖς ἰδίαις χερσίν· λοιδορούμενοι εὐλογοῦμεν, διωκόμενοι ἀνεχόμεθα,
2e040d00b5	βλασφημούμενοι παρακαλοῦμεν, ὡς περικαθάρματα τοῦ κόσμου ἐγενήθημεν, πάντων περίψημα ἕως ἄρτι.
2e040e0081	οὐκ ἐντρέπων ὑμᾶς γράφω ταῦτα, ἀλλὰ ὡς τέκνα μου ἀγαπητὰ νουθετῶ.
2e040f0100	ἐὰν γὰρ μυρίους παιδαγωγοὺς ἔχητε ἐν χριστῷ, ἀλλ᾽ οὐ πολλοὺς πατέρας· ἐν γὰρ χριστῷ Ἰησοῦ διὰ τοῦ εὐαγγελίου ἐγὼ ὑμᾶς ἐγέννησα.
2e0410004b	Παρακαλῶ οὖν ὑμᾶς, μιμηταί μου γίνεσθε.
2e0411014e	διὰ τοῦτο ἔπεμψα ὑμῖν Τιμόθεον, ὅς ἐστίν μου τέκνον ἀγαπητὸν καὶ πιστὸν ἐν κυρίῳ, ὃς ὑμᾶς ἀναμνήσει τὰς ὁδούς μου τὰς ἐν χριστῷ, καθὼς πανταχοῦ ἐν πάσῃ ἐκκλησίᾳ διδάσκω.
2e04120065	ὡς μὴ ἐρχομένου δέ μου πρὸς ὑμᾶς ἐφυσιώθησάν τινες·
2e041300dc	ἐλεύσομαι δὲ ταχέως πρὸς ὑμᾶς, ἐὰν ὁ κύριος θελήσῃ, καὶ γνώσομαι οὐ τὸν λόγον τῶν πεφυσιωμένων, ἀλλὰ τὴν δύναμιν.
2e04140066	οὐ γὰρ ἐν λόγῳ ἡ βασιλεία τοῦ θεοῦ, ἀλλ᾽ ἐν δυνάμει.
2e04150086	τί θέλετε; ἐν ῥάβδῳ ἔλθω πρὸς ὑμᾶς, ἢ ἐν ἀγάπῃ πνεύματί τε πραΰτητος;
2e050100e0	Ὅλως ἀκούεται ἐν ὑμῖν πορνεία, καὶ τοιαύτη πορνεία, ἥτις οὐδὲ ἐν τοῖς ἔθνεσιν, ὥστε γυναῖκά τινα τοῦ πατρὸς ἔχειν·
2e050200d1	καὶ ὑμεῖς πεφυσιωμένοι ἐστὲ καὶ οὐχὶ μᾶλλον ἐπενθήσατε, ἵνα ἀρθῇ ἐκ μέσου ὑμῶν ὁ τὸ ἔργον τοῦτο ποιήσας;
2e050300c8	ἐγὼ μὲν γὰρ ἀπὼν τῷ σώματι, παρὼν δὲ τῷ πνεύματι, ἤδη κέκρικα ὡς παρὼν τὸν οὕτως τοῦτο κατεργασάμενον,
2e050400e3	ἐν τῷ ὀνόματι τοῦ κυρίου ἡμῶν Ἰησοῦ συναχθέντων ὑμῶν καὶ τοῦ ἐμοῦ πνεύματος σὺν τῇ δυνάμει τοῦ κυρίου ἡμῶν Ἰησοῦ,
2e050500d3	παραδοῦναι τὸν τοιοῦτον τῷ σατανᾷ εἰς ὄλεθρον τῆς σαρκός, ἵνα τὸ πνεῦμα σωθῇ ἐν τῇ ἡμέρᾳ τοῦ κυρίου Ἰησοῦ.
2e0506008f	οὐ καλὸν τὸ καύχημα ὑμῶν. οὐκ οἴδατε ὅτι μικρὰ ζύμη ὅλον τὸ φύραμα ζυμοῖ;
2e050700cd	ἐκκαθάρατε τὴν παλαιὰν ζύμην, ἵνα ἦτε νέον φύραμα, καθώς ἐστε ἄζυμοι· καὶ γὰρ τὸ πάσχα ἡμῶν ἐτύθη χριστός.
2e050800da	ὥστε ἑορτάζωμεν μὴ ἐν ζύμῃ παλαιᾷ μηδὲ ἐν ζύμῃ κακίας καὶ πονηρίας, ἀλλ᾽ ἐν ἀζύμοις εἰλικρινείας καὶ ἀληθείας.
2e0509006c	Ἔγραψα ὑμῖν ἐν τῇ ἐπιστολῇ μὴ συναναμίγνυσθαι πόρνοις,
2e050a00ff	οὐ πάντως τοῖς πόρνοις τοῦ κόσμου τούτου ἢ τοῖς πλεονέκταις καὶ ἅρπαξιν ἢ εἰδωλολάτραις, ἐπεὶ ὠφείλετε ἄρα ἐκ τοῦ κόσμου ἐξελθεῖν.
2e050b013e	νῦν δὲ ἔγραψα ὑμῖν μὴ συναναμίγνυσθαι, ἐάν τις ἀδελφὸς ὀνομαζόμενος ᾖ πόρνος ἢ πλεονέκτης ἢ εἰδωλολάτρης ἢ λοίδορος ἢ μέθυσος ἢ ἅρπαξ· τῷ τοιούτῳ μηδὲ συνεσθίειν.
2e050c006e	τί γάρ μοι τοὺς ἔξω κρίνειν; οὐχὶ τοὺς ἔσω ὑμεῖς κρίνετε,
2e050d007b	τοὺς δὲ ἔξω ὁ θεὸς κρινεῖ; ἐξάρατε τὸν πονηρὸν ἐξ ὑμῶν αὐτῶν.
2e060100b8	Τολμᾷ τις ὑμῶν πρᾶγμα ἔχων πρὸς τὸν ἕτερον κρίνεσθαι ἐπὶ τῶν ἀδίκων καὶ οὐχὶ ἐπὶ τῶν ἁγίων;
2e060200e1	ἢ οὐκ οἴδατε ὅτι οἱ ἅγιοι τὸν κόσμον κρινοῦσιν; καὶ εἰ ἐν ὑμῖν κρίνεται ὁ κόσμος, ἀνάξιοί ἐστε κριτηρίων ἐλαχίστων;
2e06030063	οὐκ οἴδατε ὅτι ἀγγέλους κρινοῦμεν; μή τι γε βιωτικά;
2e060400af	βιωτικὰ μὲν οὖν κριτήρια ἐὰν ἔχητε, τοὺς ἐξουθενημένους ἐν τῇ ἐκκλησίᾳ, τούτους καθίζετε.
2e060500e1	πρὸς ἐντροπὴν ὑμῖν λέγω. οὕτως οὐκ ἔνι ἐν ὑμῖν οὐδεὶς σοφός, ὃς δυνήσεται διακρῖναι ἀνὰ μέσον τοῦ ἀδελφοῦ αὐτοῦ;
2e06060076	ἀλλὰ ἀδελφὸς μετὰ ἀδελφοῦ κρίνεται, καὶ τοῦτο ἐπὶ ἀπίστων;
2e06070103	ἤδη μὲν [οὖν] ὅλως ἥττημα ὑμῖν ἐστιν ὅτι κρίματα ἔχετε μεθ᾽ ἑαυτῶν. διὰ τί οὐχὶ μᾶλλον ἀδικεῖσθε; διὰ τί οὐχὶ μᾶλλον ἀποστερεῖσθε;
2e06080073	ἀλλὰ ὑμεῖς ἀδικεῖτε καὶ ἀποστερεῖτε, καὶ τοῦτο ἀδελφούς.
2e0609011e	ἢ οὐκ οἴδατε ὅτι ἄδικοι θεοῦ βασιλείαν οὐ κληρονομήσουσιν; μὴ πλανᾶσθε· οὔτε πόρνοι οὔτε εἰδωλολάτραι οὔτε μοιχοὶ οὔτε μαλακοὶ οὔτε ἀρσενοκοῖται
2e060a00bc	οὔτε κλέπται οὔτε πλεονέκται, οὐ μέθυσοι, οὐ λοίδοροι, οὐχ ἅρπαγες, βασιλείαν θεοῦ κληρονομήσουσιν.
2e060b0121	καὶ ταῦτά τινες ἦτε· ἀλλὰ ἀπελούσασθε, ἀλλὰ ἡγιάσθητε, ἀλλὰ ἐδικαιώθητε, ἐν τῷ ὀνόματι τοῦ κυρίου Ἰησοῦ χριστοῦ καὶ ἐν τῷ πνεύματι τοῦ θεοῦ ἡμῶν.
2e060c00c4	Πάντα μοι ἔξεστιν, ἀλλ᾽ οὐ πάντα συμφέρει· πάντα μοι ἔξεστιν, ἀλλ᾽ οὐκ ἐγὼ ἐξουσιασθήσομαι ὑπό τινος.
2e060d0130	τὰ βρώματα τῇ κοιλίᾳ καὶ ἡ κοιλία τοῖς βρώμασιν· ὁ δὲ θεὸς καὶ ταύτην καὶ ταῦτα καταργήσει. τὸ δὲ σῶμα οὐ τῇ πορνείᾳ, ἀλλὰ τῷ κυρίῳ, καὶ ὁ κύριος τῷ σώματι·
2e060e0095	ὁ δὲ θεὸς καὶ τὸν κύριον ἤγειρεν καὶ ἡμᾶς ἐξεγερεῖ διὰ τῆς δυνάμεως αὐτοῦ.
2e060f00d4	οὐκ οἴδατε ὅτι τὰ σώματα ὑμῶν μέλη χριστοῦ ἐστιν; ἄρας οὖν τὰ μέλη τοῦ χριστοῦ ποιήσω πόρνης μέλη; μὴ γένοιτο.
2e061000b8	ἢ οὐκ οἴδατε ὅτι ὁ κολλώμενος τῇ πόρνῃ ἓν σῶμά ἐστιν; Ἔσονται γάρ, φησίν, οἱ δύο εἰς σάρκα μίαν·
2e06110051	ὁ δὲ κολλώμενος τῷ κυρίῳ ἓν πνεῦμά ἐστιν.
2e061200f6	φεύγετε τὴν πορνείαν. πᾶν ἁμάρτημα ὃ ἐὰν ποιήσῃ ἄνθρωπος, ἐκτὸς τοῦ σώματός ἐστιν· ὁ δὲ πορνεύων εἰς τὸ ἴδιον σῶμα ἁμαρτάνει.
2e061300dc	ἢ οὐκ οἴδατε ὅτι τὸ σῶμα ὑμῶν ναὸς τοῦ ἐν ὑμῖν ἁγίου πνεύματός ἐστιν, οὗ ἔχετε ἀπὸ θεοῦ, καὶ οὐκ ἐστὲ ἑαυτῶν;
2e06140079	ἠγοράσθητε γὰρ τιμῆς· δοξάσατε δὴ τὸν θεὸν ἐν τῷ σώματι ὑμῶν.
2e0701007a	Περὶ δὲ ὧν ἐγράψατέ [μοι], καλὸν ἀνθρώπῳ γυναικὸς μὴ ἅπτεσθαι·
2e070200ad	διὰ δὲ τὰς πορνείας ἕκαστος τὴν ἑαυτοῦ γυναῖκα ἐχέτω, καὶ ἑκάστη τὸν ἴδιον ἄνδρα ἐχέτω.
2e07030090	τῇ γυναικὶ ὁ ἀνὴρ τὴν ὀφειλὴν ἀποδιδότω· ὁμοίως δὲ καὶ ἡ γυνὴ τῷ ἀνδρί.
2e070400f0	ἡ γυνὴ τοῦ ἰδίου σώματος οὐκ ἐξουσιάζει, ἀλλὰ ὁ ἀνήρ· ὁμοίως δὲ καὶ ὁ ἀνὴρ τοῦ ἰδίου σώματος οὐκ ἐξουσιάζει, ἀλλὰ ἡ γυνή.
2e0705014b	μὴ ἀποστερεῖτε ἀλλήλους, εἰ μή τι ἂν ἐκ συμφώνου πρὸς καιρόν, ἵνα σχολάσητε τῇ προσευχῇ, καὶ πάλιν ἐπὶ τὸ αὐτὸ ἦτε, ἵνα μὴ πειράζῃ ὑμᾶς ὁ σατανᾶς διὰ τὴν ἀκρασίαν ὑμῶν.
2e0706005b	τοῦτο δὲ λέγω κατὰ συγγνώμην, οὐ κατ᾽ ἐπιταγήν.
2e070700dc	θέλω δὲ πάντας ἀνθρώπους εἶναι ὡς καὶ ἐμαυτόν· ἀλλὰ ἕκαστος ἴδιον ἔχει χάρισμα ἐκ θεοῦ, ὁ μὲν οὕτως, ὁ δὲ οὕτως.
2e0708008e	Λέγω δὲ τοῖς ἀγάμοις καὶ ταῖς χήραις, καλὸν αὐτοῖς ἐὰν μείνωσιν ὡς κἀγώ.
2e07090097	εἰ δὲ οὐκ ἐγκρατεύονται, γαμησάτωσαν· κρεῖττον γάρ ἐστιν γαμῆσαι ἢ πυροῦσθαι,
2e070a00af	τοῖς δὲ γεγαμηκόσιν παραγγέλλω οὐκ ἐγώ, ἀλλὰ ὁ κύριος, γυναῖκα ἀπὸ ἀνδρὸς μὴ χωρισθῆναι·
2e070b00af	(ἐὰν δὲ καὶ χωρισθῇ, μενέτω ἄγαμος ἢ τῷ ἀνδρὶ καταλλαγήτω)· καὶ ἄνδρα γυναῖκα μὴ ἀφιέναι.
2e070c0105	τοῖς δὲ λοιποῖς λέγω ἐγώ, οὐχ ὁ κύριος, εἴ τις ἀδελφὸς γυναῖκα ἔχει ἄπιστον καὶ αὐτὴ συνευδοκεῖ οἰκεῖν μετ᾽ αὐτοῦ, μὴ ἀφιέτω αὐτήν·
2e070d00bb	καὶ γυνὴ ἥτις ἔχει ἄνδρα ἄπιστον καὶ οὗτος συνευδοκεῖ οἰκεῖν μετ᾽ αὐτῆς, μὴ ἀφιέτω τὸν ἄνδρα.
2e070e0124	ἡγίασται γὰρ ὁ ἀνὴρ ὁ ἄπιστος ἐν τῇ γυναικί, καὶ ἡγίασται ἡ γυνὴ ἡ ἄπιστος ἐν τῷ ἀδελφῷ· ἐπεὶ ἄρα τὰ τέκνα ὑμῶν ἀκάθαρτά ἐστιν, νῦν δὲ ἅγιά ἐστιν.
2e070f00f9	εἰ δὲ ὁ ἄπιστος χωρίζεται, χωριζέσθω· οὐ δεδούλωται ὁ ἀδελφὸς ἢ ἡ ἀδελφὴ ἐν τοῖς τοιούτοις· ἐν δὲ εἰρήνῃ κέκληκεν ἡμᾶς ὁ θεός.
2e0710009a	τί γὰρ οἶδας, γύναι, εἰ τὸν ἄνδρα σώσεις; ἢ τί οἶδας, ἄνερ, εἰ τὴν γυναῖκα σώσεις;
2e071100fe	εἰ μὴ ἑκάστῳ ὡς μεμέρικεν ὁ κύριος, ἕκαστον ὡς κέκληκεν ὁ θεός, οὕτως περιπατείτω· καὶ οὕτως ἐν ταῖς ἐκκλησίαις πάσαις διατάσσομαι.
2e071200a4	περιτετμημένος τις ἐκλήθη; μὴ ἐπισπάσθω· ἐν ἀκροβυστίᾳ κέκληταί τις; μὴ περιτεμνέσθω.
2e0713009f	ἡ περιτομὴ οὐδέν ἐστιν, καὶ ἡ ἀκροβυστία οὐδέν ἐστιν, ἀλλὰ τήρησις ἐντολῶν θεοῦ.
2e0714005b	ἕκαστος ἐν τῇ κλήσει ᾗ ἐκλήθη, ἐν ταύτῃ μενέτω.
2e071500a4	δοῦλος ἐκλήθης; μή σοι μελέτω· ἀλλ᾽ εἰ καὶ δύνασαι ἐλεύθερος γενέσθαι, μᾶλλον χρῆσαι.
2e071600cf	ὁ γὰρ ἐν κυρίῳ κληθεὶς δοῦλος ἀπελεύθερος κυρίου ἐστίν· ὁμοίως ὁ ἐλεύθερος κληθεὶς δοῦλός ἐστιν χριστοῦ.
2e07170059	τιμῆς ἠγοράσθητε· μὴ γίνεσθε δοῦλοι ἀνθρώπων.
2e0718006b	ἕκαστος ἐν ᾧ ἐκλήθη, ἀδελφοί, ἐν τούτῳ μενέτω παρὰ θεῷ.
2e071900c4	Περὶ δὲ τῶν παρθένων ἐπιταγὴν κυρίου οὐκ ἔχω, γνώμην δὲ δίδωμι ὡς ἠλεημένος ὑπὸ κυρίου πιστὸς εἶναι.
2e071a00b8	νομίζω οὖν τοῦτο καλὸν ὑπάρχειν διὰ τὴν ἐνεστῶσαν ἀνάγκην, ὅτι καλὸν ἀνθρώπῳ τὸ οὕτως εἶναι.
2e071b0088	δέδεσαι γυναικί; μὴ ζήτει λύσιν· λέλυσαι ἀπὸ γυναικός; μὴ ζήτει γυναῖκα.
2e071c010a	ἐὰν δὲ καὶ γαμήσῃς, οὐχ ἥμαρτες· καὶ ἐὰν γήμῃ [ἡ] παρθένος, οὐχ ἥμαρτεν· θλῖψιν δὲ τῇ σαρκὶ ἕξουσιν οἱ τοιοῦτοι· ἐγὼ δὲ ὑμῶν φείδομαι.
2e071d00d7	τοῦτο δέ φημι, ἀδελφοί, ὁ καιρὸς συνεσταλμένος ἐστιν τὸ λοιπόν, ἵνα καὶ οἱ ἔχοντες γυναῖκας ὡς μὴ ἔχοντες ὦσιν,
2e071e00c9	καὶ οἱ κλαίοντες ὡς μὴ κλαίοντες, καὶ οἱ χαίροντες ὡς μὴ χαίροντες, καὶ οἱ ἀγοράζοντες ὡς μὴ κατέχοντες,
2e071f00a6	καὶ οἱ χρώμενοι τὸν κόσμον ὡς μὴ καταχρώμενοι. παράγει γὰρ τὸ σχῆμα τοῦ κόσμου τούτου·
2e072000a3	θέλω δὲ ὑμᾶς ἀμερίμνους εἶναι. ὁ ἄγαμος μεριμνᾷ τὰ τοῦ κυρίου, πῶς ἀρέσῃ τῷ κυρίῳ·
2e0721008d	ὁ δὲ γαμήσας μεριμνᾷ τὰ τοῦ κόσμου, πῶς ἀρέσῃ τῇ γυναικί, καὶ μεμέρισται.
2e07220133	καὶ ἡ γυνὴ ἡ ἄγαμος καὶ ἡ παρθένος μεριμνᾷ τὰ τοῦ κυρίου, ἵνα ᾖ ἁγία [καὶ] τῷ σώματι καὶ τῷ πνεύματι· ἡ δὲ γαμήσασα μεριμνᾷ τὰ τοῦ κόσμου, πῶς ἀρέσῃ τῷ ἀνδρί.
2e07230105	τοῦτο δὲ πρὸς τὸ ὑμῶν αὐτῶν σύμφορον λέγω, οὐχ ἵνα βρόχον ὑμῖν ἐπιβάλω, ἀλλὰ πρὸς τὸ εὔσχημον καὶ εὐπάρεδρον τῷ κυρίῳ ἀπερισπάστως.
2e07240112	εἰ δέ τις ἀσχημονεῖν ἐπὶ τὴν παρθένον αὐτοῦ νομίζει, ἐὰν ᾖ ὑπέρακμος, καὶ οὕτως ὀφείλει γίνεσθαι, ὃ θέλει ποιείτω· οὐχ ἁμαρτάνει, γαμείτωσαν.
2e07250165	ὃς δὲ ἕστηκεν ἐν τῇ καρδίᾳ αὐτοῦ ἑδραῖος μὴ ἔχων ἀνάγκην, ἐξουσίαν δὲ ἔχει περὶ τοῦ ἰδίου θελήματος, καὶ τοῦτο κέκρικεν ἐν τῇ ἰδίᾳ καρδίᾳ τηρεῖν τὴν ἑαυτοῦ παρθένον, καλῶς ποιήσει.
2e072600a8	ὥστε καὶ ὁ γαμίζων τὴν παρθένον ἑαυτοῦ καλῶς ποιεῖ, καὶ ὁ μὴ γαμίζων κρεῖσσον ποιήσει.
2e072700eb	Γυνὴ δέδεται ἐφ᾽ ὅσον χρόνον ζῇ ὁ ἀνὴρ αὐτῆς· ἐὰν δὲ κοιμηθῇ ὁ ἀνήρ, ἐλευθέρα ἐστὶν ᾧ θέλει γαμηθῆναι, μόνον ἐν κυρίῳ.
2e072800b5	μακαριωτέρα δέ ἐστιν ἐὰν οὕτως μείνῃ, κατὰ τὴν ἐμὴν γνώμην· δοκῶ δὲ κἀγὼ πνεῦμα θεοῦ ἔχειν.
2e080100bf	Περὶ δὲ τῶν εἰδωλοθύτων, οἴδαμεν ὅτι πάντες γνῶσιν ἔχομεν. ἡ γνῶσις φυσιοῖ, ἡ δὲ ἀγάπη οἰκοδομεῖ.
2e0802006a	εἴ τις δοκεῖ ἐγνωκέναι τι, οὔπω ἔγνω καθὼς δεῖ γνῶναι·
2e08030065	εἰ δέ τις ἀγαπᾷ τὸν θεόν, οὗτος ἔγνωσται ὑπ᾽ αὐτοῦ.
2e080400ce	περὶ τῆς βρώσεως οὖν τῶν εἰδωλοθύτων οἴδαμεν ὅτι οὐδὲν εἴδωλον ἐν κόσμῳ, καὶ ὅτι οὐδεὶς θεὸς εἰ μὴ εἷς.
2e080500d6	καὶ γὰρ εἴ περ εἰσὶν λεγόμενοι θεοὶ εἴτε ἐν οὐρανῷ εἴτε ἐπὶ γῆς, ὥσπερ εἰσὶν θεοὶ πολλοὶ καὶ κύριοι πολλοί·
2e08060104	ἀλλ᾽ ἡμῖν εἷς θεὸς ὁ πατήρ, ἐξ οὗ τὰ πάντα καὶ ἡμεῖς εἰς αὐτόν, καὶ εἷς κύριος Ἰησοῦς χριστός, δι᾽ οὗ τὰ πάντα καὶ ἡμεῖς δι᾽ αὐτοῦ.
2e0807011c	ἀλλ᾽ οὐκ ἐν πᾶσιν ἡ γνῶσις· τινὲς δὲ τῇ συνηθείᾳ ἕως ἄρτι τοῦ εἰδώλου ὡς εἰδωλόθυτον ἐσθίουσιν, καὶ ἡ συνείδησις αὐτῶν ἀσθενὴς οὖσα μολύνεται.
2e080800c8	βρῶμα δὲ ἡμᾶς οὐ παραστήσει τῷ θεῷ· οὔτε ἐὰν μὴ φάγωμεν, ὑστερούμεθα, οὔτε ἐὰν φάγωμεν, περισσεύομεθα.
2e0809008a	βλέπετε δὲ μή πως ἡ ἐξουσία ὑμῶν αὕτη πρόσκομμα γένηται τοῖς ἀσθενέσιν.
2e080a0126	ἐὰν γάρ τις ἴδῃ σε τὸν ἔχοντα γνῶσιν ἐν εἰδωλείῳ κατακείμενον, οὐχὶ ἡ συνείδησις αὐτοῦ ἀσθενοῦς ὄντος οἰκοδομηθήσεται εἰς τὸ τὰ εἰδωλόθυτα ἐσθίειν;
2e080b0096	ἀπόλλυται γὰρ ὁ ἀσθενῶν ἐν τῇ σῇ γνώσει, ὁ ἀδελφὸς δι᾽ ὃν χριστὸς ἀπέθανεν.
2e080c00dc	οὕτως δὲ ἁμαρτάνοντες εἰς τοὺς ἀδελφοὺς καὶ τύπτοντες αὐτῶν τὴν συνείδησιν ἀσθενοῦσαν, εἰς χριστὸν ἁμαρτάνετε.
2e080d00d5	διό περ εἰ βρῶμα σκανδαλίζει τὸν ἀδελφόν μου, οὐ μὴ φάγω κρέα εἰς τὸν αἰῶνα, ἵνα μὴ τὸν ἀδελφόν μου σκανδαλίσω.
2e090100e1	Οὐκ εἰμὶ ἐλεύθερος; οὐκ εἰμὶ ἀπόστολος; οὐχὶ Ἰησοῦν τὸν κύριον ἡμῶν ἑώρακα; οὐ τὸ ἔργον μου ὑμεῖς ἐστε ἐν κυρίῳ;
2e090200ca	εἰ ἄλλοις οὐκ εἰμὶ ἀπόστολος, ἀλλά γε ὑμῖν εἰμι· ἡ γὰρ σφραγίς μου τῆς ἀποστολῆς ὑμεῖς ἐστε ἐν κυρίῳ.
2e09030063	ἡ ἐμὴ ἀπολογία τοῖς ἐμὲ ἀνακρίνουσίν ἐστιν αὕτη·
2e09040050	μὴ οὐκ ἔχομεν ἐξουσίαν φαγεῖν καὶ πιεῖν;
2e090500e1	μὴ οὐκ ἔχομεν ἐξουσίαν ἀδελφὴν γυναῖκα περιάγειν, ὡς καὶ οἱ λοιποὶ ἀπόστολοι καὶ οἱ ἀδελφοὶ τοῦ κυρίου καὶ Κηφᾶς;
2e09060075	ἢ μόνος ἐγὼ καὶ Βαρνάβας οὐκ ἔχομεν ἐξουσίαν μὴ ἐργάζεσθαι;
2e09070138	τίς στρατεύεται ἰδίοις ὀψωνίοις ποτέ; τίς φυτεύει ἀμπελῶνα, καὶ τὸν καρπὸν αὐτοῦ οὐκ ἐσθίει; [ἢ] τίς ποιμαίνει ποίμνην, καὶ ἐκ τοῦ γάλακτος τῆς ποίμνης οὐκ ἐσθίει;
2e09080071	μὴ κατὰ ἄνθρωπον ταῦτα λαλῶ; ἢ καὶ ὁ νόμος ταῦτα οὐ λέγει;
2e090900a5	ἐν γὰρ τῷ Μωυσέως νόμῳ γέγραπται, Οὐ κημώσεις βοῦν ἀλοῶντα. μὴ τῶν βοῶν μέλει τῷ θεῷ;
2e090a00fd	ἢ δι᾽ ἡμᾶς πάντως λέγει; δι᾽ ἡμᾶς γὰρ ἐγράφη, ὅτι ὀφείλει ἐπ᾽ ἐλπίδι ὁ ἀροτριῶν ἀροτριᾶν, καὶ ὁ ἀλοῶν ἐπ᾽ ἐλπίδι τοῦ μετέχειν.
2e090b00a1	εἰ ἡμεῖς ὑμῖν τὰ πνευματικὰ ἐσπείραμεν, μέγα εἰ ἡμεῖς ὑμῶν τὰ σαρκικὰ θερίσομεν;
2e090c014a	εἰ ἄλλοι τῆς ὑμῶν ἐξουσίας μετέχουσιν, οὐ μᾶλλον ἡμεῖς; ἀλλ᾽ οὐκ ἐχρησάμεθα τῇ ἐξουσίᾳ ταύτῃ, ἀλλὰ πάντα στέγομεν, ἵνα μή τινα ἐγκοπὴν δῶμεν τῷ εὐαγγελίῳ τοῦ χριστοῦ.
2e090d00fb	οὐκ οἴδατε ὅτι οἱ τὰ ἱερὰ ἐργαζόμενοι τὰ ἐκ τοῦ ἱεροῦ ἐσθίουσιν; οἱ τῷ θυσιαστηρίῳ παρεδρεύοντες τῷ θυσιαστηρίῳ συμμερίζονται;
2e090e00a6	οὕτως καὶ ὁ κύριος διέταξεν τοῖς τὸ εὐαγγέλιον καταγγέλλουσιν ἐκ τοῦ εὐαγγελίου ζῆν·
2e090f011e	ἐγὼ δὲ οὐ κέχρημαι οὐδενὶ τούτων· οὐκ ἔγραψα δὲ ταῦτα, ἵνα οὕτως γένηται ἐν ἐμοί· καλὸν γάρ μοι μᾶλλον ἀποθανεῖν, ἢ τὸ καύχημά μου οὐδεὶς κενώσει.
2e091000dd	ἐὰν γὰρ εὐαγγελίζωμαι, οὐκ ἔστιν μοι καύχημα· ἀνάγκη γάρ μοι ἐπίκειται· οὐαὶ γάρ μοί ἐστιν, ἐὰν μὴ εὐαγγελίσωμαι.
2e0911008f	εἰ γὰρ ἑκὼν τοῦτο πράσσω, μισθὸν ἔχω· εἰ δὲ ἄκων, οἰκονομίαν πεπίστευμαι.
2e09120102	τίς οὖν μού ἐστιν ὁ μισθός; ἵνα εὐαγγελιζόμενος ἀδάπανον θήσω τὸ εὐαγγέλιον, εἰς τὸ μὴ καταχρήσασθαι τῇ ἐξουσίᾳ μου ἐν τῷ εὐαγγελίῳ.
2e09130099	ἐλεύθερος γὰρ ὢν ἐκ πάντων, πᾶσιν ἐμαυτὸν ἐδούλωσα, ἵνα τοὺς πλείονας κερδήσω·
2e0914011c	καὶ ἐγενόμην τοῖς Ἰουδαίοις ὡς Ἰουδαῖος, ἵνα Ἰουδαίους κερδήσω· τοῖς ὑπὸ νόμον ὡς ὑπὸ νόμον, μὴ ὢν αὐτὸς ὑπὸ νόμον, ἵνα τοὺς ὑπὸ νόμον κερδήσω·
2e091500b0	τοῖς ἀνόμοις ὡς ἄνομος, μὴ ὢν ἄνομος θεοῦ ἀλλ᾽ ἔννομος χριστοῦ, ἵνα κερδάνω τοὺς ἀνόμους.
2e091600d0	ἐγενόμην τοῖς ἀσθενέσιν ἀσθενής, ἵνα τοὺς ἀσθενεῖς κερδήσω· τοῖς πᾶσιν γέγονα πάντα, ἵνα πάντως τινὰς σώσω.
2e0917007c	πάντα δὲ ποιῶ διὰ τὸ εὐαγγέλιον, ἵνα συγκοινωνὸς αὐτοῦ γένωμαι.
2e091800e5	οὐκ οἴδατε, ὅτι οἱ ἐν σταδίῳ τρέχοντες πάντες μὲν τρέχουσιν, εἷς δὲ λαμβάνει τὸ βραβεῖον; οὕτως τρέχετε ἵνα καταλάβητε.
2e091900d2	πᾶς δὲ ὁ ἀγωνιζόμενος πάντα ἐγκρατεύεται· ἐκεῖνοι μὲν οὖν ἵνα φθαρτὸν στέφανον λάβωσιν, ἡμεῖς δὲ ἄφθαρτον.
2e091a0089	ἐγὼ τοίνυν οὕτως τρέχω ὡς οὐκ ἀδήλως, οὕτως πυκτεύω ὡς οὐκ ἀέρα δέρων·
2e091b00a8	ἀλλὰ ὑπωπιάζω μου τὸ σῶμα καὶ δουλαγωγῶ, μή πως ἄλλοις κηρύξας αὐτὸς ἀδόκιμος γένωμαι.
2e0a0100ea	Οὐ θέλω γὰρ ὑμᾶς ἀγνοεῖν, ἀδελφοί, ὅτι οἱ πατέρες ἡμῶν πάντες ὑπὸ τὴν νεφέλην ἦσαν καὶ πάντες διὰ τῆς θαλάσσης διῆλθον,
2e0a020089	καὶ πάντες εἰς τὸν Μωυσῆν ἐβαπτίσαντο ἐν τῇ νεφέλῃ καὶ ἐν τῇ θαλάσσῃ,
2e0a030058	καὶ πάντες τὸ αὐτὸ πνευματικὸν βρῶμα ἔφαγον,
2e0a0400e1	καὶ πάντες τὸ αὐτὸ πνευματικὸν ἔπιον πόμα, (ἔπινον γὰρ ἐκ πνευματικῆς ἀκολουθούσης πέτρας, ἡ πέτρα δὲ ἦν ὁ χριστός)·
2e0a0500a0	ἀλλ᾽ οὐκ ἐν τοῖς πλείοσιν αὐτῶν ηὐδόκησεν ὁ θεός· κατεστρώθησαν γὰρ ἐν τῇ ἐρήμῳ.
2e0a0600c3	ταῦτα δὲ τύποι ἡμῶν ἐγενήθησαν, εἰς τὸ μὴ εἶναι ἡμᾶς ἐπιθυμητὰς κακῶν, καθὼς κἀκεῖνοι ἐπεθύμησαν.
2e0a0700e6	μηδὲ εἰδωλολάτραι γίνεσθε, καθώς τινες αὐτῶν, ὥσπερ γέγραπται, Ἐκάθισεν ὁ λαὸς φαγεῖν καὶ πιεῖν, καὶ ἀνέστησαν παίζειν.
2e0a0800af	μηδὲ πορνεύωμεν, καθώς τινες αὐτῶν ἐπόρνευσαν, καὶ ἔπεσαν μιᾷ ἡμέρᾳ εἰκοσιτρεῖς χιλιάδες.
2e0a0900ab	μηδὲ ἐκπειράζωμεν τὸν κύριον, καθώς τινες αὐτῶν ἐπείρασαν, καὶ ὑπὸ τῶν ὄφεων ἀπώλλυντο.
2e0a0a009d	μηδὲ γογγύζετε, καθάπερ τινὲς αὐτῶν ἐγόγγυσαν, καὶ ἀπώλοντο ὑπὸ τοῦ ὀλοθρευτοῦ.
2e0a0b00d1	ταῦτα δὲ τυπικῶς συνέβαινεν ἐκείνοις, ἐγράφη δὲ πρὸς νουθεσίαν ἡμῶν, εἰς οὓς τὰ τέλη τῶν αἰώνων κατήντηκεν.
2e0a0c0049	ὥστε ὁ δοκῶν ἑστάναι βλεπέτω μὴ πέσῃ.
2e0a0d0164	πειρασμὸς ὑμᾶς οὐκ εἴληφεν εἰ μὴ ἀνθρώπινος· πιστὸς δὲ ὁ θεός, ὃς οὐκ ἐάσει ὑμᾶς πειρασθῆναι ὑπὲρ ὃ δύνασθε, ἀλλὰ ποιήσει σὺν τῷ πειρασμῷ καὶ τὴν ἔκβασιν, τοῦ δύνασθαι ὑπενεγκεῖν.
2e0a0e0066	Διόπερ, ἀγαπητοί μου, φεύγετε ἀπὸ τῆς εἰδωλολατρείας.
2e0a0f004c	ὡς φρονίμοις λέγω, κρίνατε ὑμεῖς ὅ φημι.
2e0a100126	τὸ ποτήριον τῆς εὐλογίας ὃ εὐλογοῦμεν, οὐχὶ κοινωνία ἐστιν τοῦ αἵματος τοῦ χριστοῦ, τὸν ἄρτον ὃν κλῶμεν, οὐχὶ κοινωνία τοῦ σώματος τοῦ χριστοῦ ἐστιν;
2e0a1100a0	ὅτι εἷς ἄρτος ἓν σῶμα οἱ πολλοί ἐσμεν· οἱ γὰρ πάντες ἐκ τοῦ ἑνὸς ἄρτου μετέχομεν.
2e0a1200b7	βλέπετε τὸν Ἰσραὴλ κατὰ σάρκα· οὐχὶ οἱ ἐσθίοντες τὰς θυσίας, κοινωνοὶ τοῦ θυσιαστηρίου εἰσίν,
2e0a130076	τί οὖν φημι; ὅτι εἰδωλόθυτόν τί ἐστιν; ἢ ὅτι εἴδωλόν τί ἐστιν;
2e0a1400d2	ἀλλ᾽ ὅτι ἃ θύουσιν τὰ ἔθνη, δαιμονίοις καὶ οὐ θεῷ θύουσιν, οὐ θέλω δὲ ὑμᾶς κοινωνοὺς τῶν δαιμονίων γίνεσθαι.
2e0a1500de	οὐ δύνασθε ποτήριον κυρίου πίνειν καὶ ποτήριον δαιμονίων· οὐ δύνασθε τραπέζης κυρίου μετέχειν καὶ τραπέζης δαιμονίων.
2e0a16006b	ἢ παραζηλοῦμεν τὸν κύριον; μὴ ἰσχυρότεροι αὐτοῦ ἐσμεν;
2e0a170098	πάντα ἔξεστιν, ἀλλ᾽ οὐ πάντα συμφέρει· πάντα ἔξεστιν, ἀλλ᾽ οὐ πάντα οἰκοδομεῖ.
2e0a18005a	μηδεὶς τὸ ἑαυτοῦ ζητείτω, ἀλλὰ τὸ τοῦ ἑτέρου.
2e0a190096	πᾶν τὸ ἐν μακέλλῳ πωλούμενον ἐσθίετε, μηδὲν ἀνακρίνοντες διὰ τὴν συνείδησιν·
2e0a1a0051	τοῦ κυρίου γὰρ ἡ γῆ καὶ τὸ πλήρωμα αὐτῆς.
2e0a1b00f8	εἴ τις καλεῖ ὑμᾶς τῶν ἀπίστων καὶ θέλετε πορεύεσθαι, πᾶν τὸ παρατιθέμενον ὑμῖν ἐσθίετε, μηδὲν ἀνακρίνοντες διὰ τὴν συνείδησιν·
2e0a1c00c9	ἐὰν δέ τις ὑμῖν εἴπῃ, Τοῦτο ἱερόθυτόν ἐστιν, μὴ ἐσθίετε δι᾽ ἐκεῖνον τὸν μηνύσαντα καὶ τὴν συνείδησιν·
2e0a1d00e2	συνείδησιν δὲ λέγω οὐχὶ τὴν ἑαυτοῦ, ἀλλὰ τὴν τοῦ ἑτέρου. ἵνα τί γὰρ ἡ ἐλευθερία μου κρίνεται ὑπὸ ἄλλης συνειδήσεως;
2e0a1e0078	εἰ ἐγὼ χάριτι μετέχω, τί βλασφημοῦμαι ὑπὲρ οὗ ἐγὼ εὐχαριστῶ;
2e0a1f0091	εἴτε οὖν ἐσθίετε εἴτε πίνετε εἴτε τι ποιεῖτε, πάντα εἰς δόξαν θεοῦ ποιεῖτε.
2e0a20008c	ἀπρόσκοποι καὶ Ἰουδαίοις γίνεσθε καὶ Ἕλλησιν καὶ τῇ ἐκκλησίᾳ τοῦ θεοῦ,
2e0a2100b8	καθὼς κἀγὼ πάντα πᾶσιν ἀρέσκω, μὴ ζητῶν τὸ ἐμαυτοῦ σύμφορον, ἀλλὰ τὸ τῶν πολλῶν, ἵνα σωθῶσιν.
2e0b01004d	Μιμηταί μου γίνεσθε, καθὼς κἀγὼ χριστοῦ.
2e0b0200aa	Ἐπαινῶ δὲ ὑμᾶς, ὅτι πάντα μου μέμνησθε καὶ καθὼς παρέδωκα ὑμῖν τὰς παραδόσεις κατέχετε.
2e0b0300f0	θέλω δὲ ὑμᾶς εἰδέναι ὅτι παντὸς ἀνδρὸς ἡ κεφαλὴ ὁ χριστός ἐστιν, κεφαλὴ δὲ γυναικὸς ὁ ἀνήρ· κεφαλὴ δὲ τοῦ χριστοῦ ὁ θεός.
2e0b0400a7	πᾶς ἀνὴρ προσευχόμενος ἢ προφητεύων κατὰ κεφαλῆς ἔχων καταισχύνει τὴν κεφαλὴν αὐτοῦ.
2e0b05010b	πᾶσα δὲ γυνὴ προσευχομένη ἢ προφητεύουσα ἀκατακαλύπτῳ τῇ κεφαλῇ, καταισχύνει τὴν κεφαλὴν αὐτῆς· ἓν γάρ ἐστιν καὶ τὸ αὐτὸ τῇ ἐξυρημένῃ.
2e0b0600d0	εἰ γὰρ οὐ κατακαλύπτεται γυνή, καὶ κειράσθω· εἰ δὲ αἰσχρὸν γυναικὶ τὸ κείρασθαι ἢ ξυρᾶσθαι, κατακαλυπτέσθω.
2e0b0700dc	ἀνὴρ μὲν γὰρ οὐκ ὀφείλει κατακαλύπτεσθαι τὴν κεφαλήν, εἰκὼν καὶ δόξα θεοῦ ὑπάρχων· ἡ γυνὴ δὲ δόξα ἀνδρός ἐστιν·
2e0b080066	οὐ γάρ ἐστιν ἀνὴρ ἐκ γυναικός, ἀλλὰ γυνὴ ἐξ ἀνδρός·
2e0b090086	καὶ γὰρ οὐκ ἐκτίσθη ἀνὴρ διὰ τὴν γυναῖκα, ἀλλὰ γυνὴ διὰ τὸν ἄνδρα·
2e0b0a0095	διὰ τοῦτο ὀφείλει ἡ γυνὴ ἐξουσίαν ἔχειν ἐπὶ τῆς κεφαλῆς διὰ τοὺς ἀγγέλους.
2e0b0b007f	πλὴν οὔτε γυνὴ χωρὶς ἀνδρὸς οὔτε ἀνὴρ χωρὶς γυναικὸς ἐν κυρίῳ·
2e0b0c00b3	ὥσπερ γὰρ ἡ γυνὴ ἐκ τοῦ ἀνδρός, οὕτως καὶ ὁ ἀνὴρ διὰ τῆς γυναικός, τὰ δὲ πάντα ἐκ τοῦ θεοῦ.
2e0b0d009e	ἐν ὑμῖν αὐτοῖς κρίνατε· πρέπον ἐστὶν γυναῖκα ἀκατακάλυπτον τῷ θεῷ προσεύχεσθαι;
2e0b0e0095	οὐδὲ ἡ φύσις αὐτὴ διδάσκει ὑμᾶς ὅτι ἀνὴρ μὲν ἐὰν κομᾷ, ἀτιμία αὐτῷ ἐστιν,
2e0b0f0097	γυνὴ δὲ ἐὰν κομᾷ, δόξα αὐτῇ ἐστιν; ὅτι ἡ κόμη ἀντὶ περιβολαίου δέδοται αὐτῇ·
2e0b1000bf	εἰ δέ τις δοκεῖ φιλόνεικος εἶναι, ἡμεῖς τοιαύτην συνήθειαν οὐκ ἔχομεν, οὐδὲ αἱ ἐκκλησίαι τοῦ θεοῦ.
2e0b1100ab	Τοῦτο δὲ παραγγέλλω οὐκ ἐπαινῶν, ὅτι οὐκ εἰς τὸ κρεῖσσον ἀλλὰ εἰς τὸ ἧσσον συνέρχεσθε.
2e0b1200c4	Πρῶτον μὲν γὰρ συνερχομένων ὑμῶν ἐν ἐκκλησίᾳ ἀκούω σχίσματα ἐν ὑμῖν ὑπάρχειν, καὶ μέρος τι πιστεύω·
2e0b13009f	δεῖ γὰρ καὶ αἱρέσεις ἐν ὑμῖν εἶναι, ἵνα καὶ οἱ δόκιμοι φανεροὶ γένωνται ἐν ὑμῖν.
2e0b14008b	συνερχομένων οὖν ὑμῶν ἐπὶ τὸ αὐτὸ οὐκ ἔστιν κυριακὸν δεῖπνον φαγεῖν·
2e0b1500a8	ἕκαστος γὰρ τὸ ἴδιον δεῖπνον προλαμβάνει ἐν τῷ φαγεῖν, καὶ ὃς μὲν πεινᾷ, ὃς δὲ μεθύει.
2e0b160155	μὴ γὰρ οἰκίας οὐκ ἔχετε εἰς τὸ ἐσθίειν καὶ πίνειν; ἢ τῆς ἐκκλησίας τοῦ θεοῦ καταφρονεῖτε, καὶ καταισχύνετε τοὺς μὴ ἔχοντας; τί εἴπω ὑμῖν; ἐπαινέσω ὑμᾶς ἐν τούτῳ; οὐκ ἐπαινῶ.
2e0b1700de	ἐγὼ γὰρ παρέλαβον ἀπὸ τοῦ κυρίου ὃ καὶ παρέδωκα ὑμῖν, ὅτι ὁ κύριος Ἰησοῦς ἐν τῇ νυκτὶ ᾗ παρεδίδετο ἔλαβεν ἄρτον,
2e0b1800df	καὶ εὐχαριστήσας ἔκλασεν καὶ εἶπεν, Τοῦτό μού ἐστιν τὸ σῶμα τὸ ὑπὲρ ὑμῶν· τοῦτο ποιεῖτε εἰς τὴν ἐμὴν ἀνάμνησιν.
2e0b190146	ὡσαύτως καὶ τὸ ποτήριον, μετὰ τὸ δειπνῆσαι, λέγων, Τοῦτο τὸ ποτήριον ἡ καινὴ διαθήκη ἐστὶν ἐν τῷ ἐμῷ αἵματι· τοῦτο ποιεῖτε, ὁσάκις ἐὰν πίνητε, εἰς τὴν ἐμὴν ἀνάμνησιν.
2e0b1a00e1	ὁσάκις γὰρ ἐὰν ἐσθίητε τὸν ἄρτον τοῦτον καὶ τὸ ποτήριον πίνητε, τὸν θάνατον τοῦ κυρίου καταγγέλλετε, ἄχρις οὗ ἔλθῃ.
2e0b1b00e8	ὥστε ὃς ἂν ἐσθίῃ τὸν ἄρτον ἢ πίνῃ τὸ ποτήριον τοῦ κυρίου ἀναξίως, ἔνοχος ἔσται τοῦ σώματος καὶ τοῦ αἵματος τοῦ κυρίου.
2e0b1c00af	δοκιμαζέτω δὲ ἄνθρωπος ἑαυτόν, καὶ οὕτως ἐκ τοῦ ἄρτου ἐσθιέτω καὶ ἐκ τοῦ ποτηρίου πινέτω·
2e0b1d0090	ὁ γὰρ ἐσθίων καὶ πίνων κρῖμα ἑαυτῷ ἐσθίει καὶ πίνει μὴ διακρίνων τὸ σῶμα.
2e0b1e008d	διὰ τοῦτο ἐν ὑμῖν πολλοὶ ἀσθενεῖς καὶ ἄῤῥωστοι, καὶ κοιμῶνται ἱκανοί.
2e0b1f005a	εἰ δὲ ἑαυτοὺς διεκρίνομεν, οὐκ ἂν ἐκρινόμεθα·
2e0b200093	κρινόμενοι δὲ ὑπὸ τοῦ κυρίου παιδευόμεθα, ἵνα μὴ σὺν τῷ κόσμῳ κατακριθῶμεν.
2e0b21007f	ὥστε, ἀδελφοί μου, συνερχόμενοι εἰς τὸ φαγεῖν ἀλλήλους ἐκδέχεσθε·
2e0b2200b7	εἴ τις πεινᾷ, ἐν οἴκῳ ἐσθιέτω, ἵνα μὴ εἰς κρῖμα συνέρχησθε. τὰ δὲ λοιπὰ ὡς ἂν ἔλθω διατάξομαι.
2e0c01006d	Περὶ δὲ τῶν πνευματικῶν, ἀδελφοί, οὐ θέλω ὑμᾶς ἀγνοεῖν.
2e0c020091	οἴδατε ὅτι ὅτε ἔθνη ἦτε, πρὸς τὰ εἴδωλα τὰ ἄφωνα ὡς ἂν ἤγεσθε ἀπαγόμενοι.
2e0c030112	διὸ γνωρίζω ὑμῖν, ὅτι οὐδεὶς ἐν πνεύματι θεοῦ λαλῶν λέγει Ἀνάθεμα Ἰησοῦς, καὶ οὐδεὶς δύναται εἰπεῖν Κύριος Ἰησοῦς, εἰ μὴ ἐν πνεύματι ἁγίῳ.
2e0c040063	διαιρέσεις δὲ χαρισμάτων εἰσίν, τὸ δὲ αὐτὸ πνεῦμα·
2e0c050065	καὶ διαιρέσεις διακονιῶν εἰσιν, καὶ ὁ αὐτὸς κύριος·
2e0c06009b	καὶ διαιρέσεις ἐνεργημάτων εἰσίν, ὁ δὲ αὐτὸς θεὸς ὁ ἐνεργῶν τὰ πάντα ἐν πᾶσιν.
2e0c070077	Ἑκάστῳ δὲ δίδοται ἡ φανέρωσις τοῦ πνεύματος πρὸς τὸ συμφέρον.
2e0c0800b3	ᾧ μὲν γὰρ διὰ τοῦ πνεύματος δίδοται λόγος σοφίας, ἄλλῳ δὲ λόγος γνώσεως κατὰ τὸ αὐτὸ πνεῦμα,
2e0c09009d	ἑτέρῳ πίστις ἐν τῷ αὐτῷ πνεύματι, ἄλλῳ δὲ χαρίσματα ἰαμάτων ἐν τῷ ἑνὶ πνεύματι,
2e0c0a00e7	ἄλλῳ δὲ ἐνεργήματα δυνάμεων, ἄλλῳ προφητεία, ἄλλῳ διακρίσεις πνευμάτων, ἑτέρῳ γένη γλωσσῶν, ἄλλῳ δὲ ἑρμηνεία γλωσσῶν·
2e0c0b00ab	πάντα δὲ ταῦτα ἐνεργεῖ τὸ ἓν καὶ τὸ αὐτὸ πνεῦμα, διαιροῦν ἰδίᾳ ἑκάστῳ καθὼς βούλεται.
2e0c0c00f2	Καθάπερ γὰρ τὸ σῶμα ἕν ἐστιν καὶ μέλη πολλὰ ἔχει, πάντα δὲ τὰ μέλη τοῦ σώματος πολλὰ ὄντα ἕν ἐστιν σῶμα, οὕτως καὶ ὁ χριστός.
2e0c0d012d	καὶ γὰρ ἐν ἑνὶ πνεύματι ἡμεῖς πάντες εἰς ἓν σῶμα ἐβαπτίσθημεν, εἴτε Ἰουδαῖοι εἴτε Ἕλληνες, εἴτε δοῦλοι εἴτε ἐλεύθεροι, καὶ πάντες ἓν πνεῦμα ἐποτίσθημεν.
2e0c0e005c	καὶ γὰρ τὸ σῶμα οὐκ ἔστιν ἓν μέλος, ἀλλὰ πολλά.
2e0c0f00c5	ἐὰν εἴπῃ ὁ πούς, Ὅτι οὐκ εἰμὶ χείρ, οὐκ εἰμὶ ἐκ τοῦ σώματος, οὐ παρὰ τοῦτο οὐκ ἔστιν ἐκ τοῦ σώματος;
2e0c1000d7	καὶ ἐὰν εἴπῃ τὸ οὖς, Ὅτι οὐκ εἰμὶ ὀφθαλμός, οὐκ εἰμὶ ἐκ τοῦ σώματος, οὐ παρὰ τοῦτο οὐκ ἔστιν ἐκ τοῦ σώματος;
2e0c110083	εἰ ὅλον τὸ σῶμα ὀφθαλμός, ποῦ ἡ ἀκοή; εἰ ὅλον ἀκοή, ποῦ ἡ ὄσφρησις;
2e0c120092	νῦν δὲ ὁ θεὸς ἔθετο τὰ μέλη, ἓν ἕκαστον αὐτῶν ἐν τῷ σώματι καθὼς ἠθέλησεν.
2e0c13004f	εἰ δὲ ἦν [τὰ] πάντα ἓν μέλος, ποῦ τὸ σῶμα;
2e0c140044	νῦν δὲ πολλὰ [μὲν] μέλη, ἓν δὲ σῶμα.
2e0c1500d8	οὐ δύναται δὲ ὁ ὀφθαλμὸς εἰπεῖν τῇ χειρί, Χρείαν σου οὐκ ἔχω, ἢ πάλιν ἡ κεφαλὴ τοῖς ποσίν, Χρείαν ὑμῶν οὐκ ἔχω·
2e0c1600a6	ἀλλὰ πολλῷ μᾶλλον τὰ δοκοῦντα μέλη τοῦ σώματος ἀσθενέστερα ὑπάρχειν ἀναγκαῖά ἐστιν,
2e0c17010b	καὶ ἃ δοκοῦμεν ἀτιμότερα εἶναι τοῦ σώματος, τούτοις τιμὴν περισσοτέραν περιτίθεμεν, καὶ τὰ ἀσχήμονα ἡμῶν εὐσχημοσύνην περισσοτέραν ἔχει·
2e0c1800d7	τὰ δὲ εὐσχήμονα ἡμῶν οὐ χρείαν ἔχει. ἀλλὰ ὁ θεὸς συνεκέρασεν τὸ σῶμα, τῷ ὑστερουμένῳ περισσοτέραν δοὺς τιμήν,
2e0c190096	ἵνα μὴ ᾖ σχίσμα ἐν τῷ σώματι, ἀλλὰ τὸ αὐτὸ ὑπὲρ ἀλλήλων μεριμνῶσιν τὰ μέλη·
2e0c1a00b7	καὶ εἴ τι πάσχει ἓν μέλος, συμπάσχει πάντα τὰ μέλη· εἴτε δοξάζεται μέλος, συγχαίρει πάντα τὰ μέλη.
2e0c1b005a	ὑμεῖς δέ ἐστε σῶμα χριστοῦ καὶ μέλη ἐκ μέρους.
2e0c1c015a	Καὶ οὓς μὲν ἔθετο ὁ θεὸς ἐν τῇ ἐκκλησίᾳ πρῶτον ἀποστόλους, δεύτερον προφήτας, τρίτον διδασκάλους, ἔπειτα δυνάμεις, ἔπειτα χαρίσματα ἰαμάτων, ἀντιλήμψεις, κυβερνήσεις, γένη γλωσσῶν.
2e0c1d009b	μὴ πάντες ἀπόστολοι; μὴ πάντες προφῆται; μὴ πάντες διδάσκαλοι; μὴ πάντες δυνάμεις;
2e0c1e00ae	μὴ πάντες χαρίσματα ἔχουσιν ἰαμάτων; μὴ πάντες γλώσσαις λαλοῦσιν; μὴ πάντες διερμηνεύουσιν;
2e0c1f009c	ζηλοῦτε δὲ τὰ χαρίσματα τὰ μείζονα· καὶ ἔτι καθ᾽ ὑπερβολὴν ὁδὸν ὑμῖν δείκνυμι.
2e0d0100d9	Ἐὰν ταῖς γλώσσαις τῶν ἀνθρώπων λαλῶ καὶ τῶν ἀγγέλων, ἀγάπην δὲ μὴ ἔχω, γέγονα χαλκὸς ἠχῶν ἢ κύμβαλον ἀλαλάζον.
2e0d020122	καὶ ἐὰν ἔχω προφητείαν, καὶ εἰδῶ τὰ μυστήρια πάντα καὶ πᾶσαν τὴν γνῶσιν, κἂν ἔχω πᾶσαν τὴν πίστιν, ὥστε ὄρη μεθιστάναι, ἀγάπην δὲ μὴ ἔχω, οὐθέν εἰμι.
2e0d0300db	κἂν ψωμίσω πάντα τὰ ὑπάρχοντά μου, καὶ ἐὰν παραδῶ τὸ σῶμά μου ἵνα καυθήσωμαι, ἀγάπην δὲ μὴ ἔχω, οὐδὲν ὠφελοῦμαι.
2e0d0400ae	ἡ ἀγάπη μακροθυμεῖ, χρηστεύεται, ἡ ἀγάπη οὐ ζηλοῖ, [ἡ ἀγάπη] οὐ περπερεύεται, οὐ φυσιοῦται,
2e0d05008e	οὐκ ἀσχημονεῖ, οὐ ζητεῖ τὰ ἑαυτῆς, οὐ παροξύνεται, οὐ λογίζεται τὸ κακόν,
2e0d060062	οὐ χαίρει ἐπὶ τῇ ἀδικίᾳ, συγχαίρει δὲ τῇ ἀληθείᾳ,
2e0d07006f	πάντα στέγει, πάντα πιστεύει, πάντα ἐλπίζει, πάντα ὑπομένει.
2e0d0800e0	ἡ ἀγάπη οὐδέποτε πίπτει. εἴτε [δὲ] προφητεῖαι, καταργηθήσονται· εἴτε γλῶσσαι, παύσονται· εἴτε γνῶσις, καταργηθήσεται.
2e0d090065	ἐκ μέρους γὰρ γινώσκομεν καὶ ἐκ μέρους προφητεύομεν·
2e0d0a0067	ὅταν δὲ ἔλθῃ τὸ τέλειον, τὸ ἐκ μέρους καταργηθήσεται.
2e0d0b00e3	ὅτε ἤμην νήπιος, ἐλάλουν ὡς νήπιος, ἐφρόνουν ὡς νήπιος, ἐλογιζόμην ὡς νήπιος· ὅτε γέγονα ἀνήρ, κατήργηκα τὰ τοῦ νηπίου.
2e0d0c0113	βλέπομεν γὰρ ἄρτι δι᾽ ἐσόπτρου ἐν αἰνίγματι, τότε δὲ πρόσωπον πρὸς πρόσωπον· ἄρτι γινώσκω ἐκ μέρους, τότε δὲ ἐπιγνώσομαι καθὼς καὶ ἐπεγνώσθην.
2e0d0d008f	νυνὶ δὲ μένει πίστις ἐλπὶς ἀγάπη, τὰ τρία ταῦτα· μείζων δὲ τούτων ἡ ἀγάπη.
2e0e01008c	Διώκετε τὴν ἀγάπην· ζηλοῦτε δὲ τὰ πνευματικά, μᾶλλον δὲ ἵνα προφητεύητε.
2e0e0200bf	ὁ γὰρ λαλῶν γλώσσῃ οὐκ ἀνθρώποις λαλεῖ, ἀλλὰ θεῷ· οὐδεὶς γὰρ ἀκούει, πνεύματι δὲ λαλεῖ μυστήρια·
2e0e03008e	ὁ δὲ προφητεύων ἀνθρώποις λαλεῖ οἰκοδομὴν καὶ παράκλησιν καὶ παραμυθίαν.
2e0e04008d	ὁ λαλῶν γλώσσῃ ἑαυτὸν οἰκοδομεῖ, ὁ δὲ προφητεύων, ἐκκλησίαν οἰκοδομεῖ·
2e0e05013b	θέλω δὲ πάντας ὑμᾶς λαλεῖν γλώσσαις, μᾶλλον δὲ ἵνα προφητεύητε· μείζων δὲ ὁ προφητεύων ἢ ὁ λαλῶν γλώσσαις, ἐκτὸς εἰ μὴ διερμηνεύῃ, ἵνα ἡ ἐκκλησία οἰκοδομὴν λάβῃ.
2e0e06011c	νῦν δέ, ἀδελφοί, ἐὰν ἔλθω πρὸς ὑμᾶς γλώσσαις λαλῶν, τί ὑμᾶς ὠφελήσω, ἐὰν μὴ ὑμῖν λαλήσω ἢ ἐν ἀποκαλύψει ἢ ἐν γνώσει ἢ ἐν προφητείᾳ ἢ [ἐν] διδαχῇ;
2e0e07010c	ὅμως τὰ ἄψυχα φωνὴν διδόντα, εἴτε αὐλὸς εἴτε κιθάρα, ἐὰν διαστολὴν τοῖς φθόγγοις μὴ δῷ, πῶς γνωσθήσεται τὸ αὐλούμενον ἢ τὸ κιθαριζόμενον;
2e0e080084	καὶ γὰρ ἐὰν ἄδηλον φωνὴν σάλπιγξ δῷ, τίς παρασκευάσεται εἰς πόλεμον;
2e0e0900ec	οὕτως καὶ ὑμεῖς διὰ τῆς γλώσσης ἐὰν μὴ εὔσημον λόγον δῶτε, πῶς γνωσθήσεται τὸ λαλούμενον; ἔσεσθε γὰρ εἰς ἀέρα λαλοῦντες.
2e0e0a007b	τοσαῦτα, εἰ τύχοι, γένη φωνῶν εἰσιν ἐν κόσμῳ, καὶ οὐδὲν ἄφωνον·
2e0e0b00c0	ἐὰν οὖν μὴ εἰδῶ τὴν δύναμιν τῆς φωνῆς, ἔσομαι τῷ λαλοῦντι βάρβαρος καὶ ὁ λαλῶν ἐν ἐμοὶ βάρβαρος·
2e0e0c00cc	οὕτως καὶ ὑμεῖς, ἐπεὶ ζηλωταί ἐστε πνευμάτων, πρὸς τὴν οἰκοδομὴν τῆς ἐκκλησίας ζητεῖτε ἵνα περισσεύητε.
2e0e0d005b	διὸ ὁ λαλῶν γλώσσῃ προσευχέσθω ἵνα διερμηνεύῃ.
2e0e0e00a3	ἐὰν [γὰρ] προσεύχωμαι γλώσσῃ, τὸ πνεῦμά μου προσεύχεται, ὁ δὲ νοῦς μου ἄκαρπός ἐστιν.
2e0e0f00c6	τί οὖν ἐστιν; προσεύξομαι τῷ πνεύματι, προσεύξομαι δὲ καὶ τῷ νοΐ· ψαλῶ τῷ πνεύματι, ψαλῶ [δὲ] καὶ τῷ νοΐ.
2e0e100102	ἐπεὶ ἐὰν εὐλογῇς πνεύματι, ὁ ἀναπληρῶν τὸν τόπον τοῦ ἰδιώτου πῶς ἐρεῖ τὸ ἀμὴν ἐπὶ τῇ σῇ εὐχαριστίᾳ; ἐπειδὴ τί λέγεις οὐκ οἶδεν·
2e0e11007c	σὺ μὲν γὰρ καλῶς εὐχαριστεῖς, ἀλλὰ ὁ ἕτερος οὐκ οἰκοδομεῖται.
2e0e120063	Εὐχαριστῶ τῷ θεῷ, πάντων ὑμῶν μᾶλλον γλώσσῃ λαλῶ·
2e0e1300ce	ἀλλὰ ἐν ἐκκλησίᾳ θέλω πέντε λόγους τῷ νοΐ μου λαλῆσαι, ἵνα καὶ ἄλλους κατηχήσω, ἢ μυρίους λόγους ἐν γλώσσῃ.
2e0e1400b8	Ἀδελφοί, μὴ παιδία γίνεσθε ταῖς φρεσίν, ἀλλὰ τῇ κακίᾳ νηπιάζετε, ταῖς δὲ φρεσὶν τέλειοι γίνεσθε.
2e0e150105	ἐν τῷ νόμῳ γέγραπται ὅτι Ἐν ἑτερογλώσσοις, καὶ ἐν χείλεσιν ἑτέρων, λαλήσω τῷ λαῷ τούτῳ, καὶ οὐδ᾽ οὕτως εἰσακούσονταί μου, λέγει κύριος.
2e0e1600fe	ὥστε αἱ γλῶσσαι εἰς σημεῖόν εἰσιν οὐ τοῖς πιστεύουσιν ἀλλὰ τοῖς ἀπίστοις, ἡ δὲ προφητεία οὐ τοῖς ἀπίστοις ἀλλὰ τοῖς πιστεύουσιν.
2e0e170104	ἐὰν οὖν συνέλθῃ ἡ ἐκκλησία ὅλη ἐπὶ τὸ αὐτὸ καὶ πάντες λαλῶσιν γλώσσαις, εἰσέλθωσιν δὲ ἰδιῶται ἢ ἄπιστοι, οὐκ ἐροῦσιν ὅτι μαίνεσθε;
2e0e1800d1	ἐὰν δὲ πάντες προφητεύωσιν, εἰσέλθῃ δέ τις ἄπιστος ἢ ἰδιώτης, ἐλέγχεται ὑπὸ πάντων, ἀνακρίνεται ὑπὸ πάντων,
2e0e19010c	τὰ κρυπτὰ τῆς καρδίας αὐτοῦ φανερὰ γίνεται, καὶ οὕτως πεσὼν ἐπὶ πρόσωπον, προσκυνήσει τῷ θεῷ, ἀπαγγέλλων ὅτι ὄντως ὁ θεὸς ἐν ὑμῖν ἐστιν.
2e0e1a0124	Τί οὖν ἐστιν, ἀδελφοί; ὅταν συνέρχησθε, ἕκαστος ψαλμὸν ἔχει, διδαχὴν ἔχει, ἀποκάλυψιν ἔχει, γλῶσσαν ἔχει, ἑρμηνείαν ἔχει· πάντα πρὸς οἰκοδομὴν γινέσθω.
2e0e1b00ae	εἴτε γλώσσῃ τις λαλεῖ, κατὰ δύο ἢ τὸ πλεῖστον τρεῖς, καὶ ἀνὰ μέρος· καὶ εἷς διερμηνευέτω·
2e0e1c008f	ἐὰν δὲ μὴ ᾖ ἑρμηνευτής, σιγάτω ἐν ἐκκλησίᾳ, ἑαυτῷ δὲ λαλείτω καὶ τῷ θεῷ.
2e0e1d007b	προφῆται δὲ δύο ἢ τρεῖς λαλείτωσαν, καὶ οἱ ἄλλοι διακρινέτωσαν·
2e0e1e0063	ἐὰν δὲ ἄλλῳ ἀποκαλυφθῇ καθημένῳ, ὁ πρῶτος σιγάτω.
2e0e1f00a9	δύνασθε γὰρ καθ᾽ ἕνα πάντες προφητεύειν, ἵνα πάντες μανθάνωσιν, καὶ πάντες παρακαλῶνται·
2e0e200057	καὶ πνεύματα προφητῶν προφήταις ὑποτάσσεται·
2e0e2100aa	οὐ γάρ ἐστιν ἀκαταστασίας ὁ θεὸς ἀλλὰ εἰρήνης, ὡς ἐν πάσαις ταῖς ἐκκλησίαις τῶν ἁγίων.
2e0e2200ef	αἱ γυναῖκες ἐν ταῖς ἐκκλησίαις σιγάτωσαν· οὐ γὰρ ἐπιτρέπεται αὐταῖς λαλεῖν, ἀλλὰ ὑποτασσέσθωσαν, καθὼς καὶ ὁ νόμος λέγει.
2e0e2300de	εἰ δέ τι μαθεῖν θέλουσιν, ἐν οἴκῳ τοὺς ἰδίους ἄνδρας ἐπερωτάτωσαν· αἰσχρὸν γάρ ἐστιν γυναικὶ λαλεῖν ἐν ἐκκλησίᾳ.
2e0e240084	ἢ ἀφ᾽ ὑμῶν ὁ λόγος τοῦ θεοῦ ἐξῆλθεν, ἢ εἰς ὑμᾶς μόνους κατήντησεν;
2e0e2500b8	εἴ τις δοκεῖ προφήτης εἶναι ἢ πνευματικός, ἐπιγινωσκέτω ἃ γράφω ὑμῖν, ὅτι κυρίου ἐστὶν ἐντολή·
2e0e260034	εἰ δέ τις ἀγνοεῖ, ἀγνοείτω.
2e0e270093	ὥστε, ἀδελφοί μου, ζηλοῦτε τὸ προφητεύειν, καὶ τὸ λαλεῖν μὴ κωλύετε γλώσσαις.
2e0e280053	πάντα δὲ εὐσχημόνως καὶ κατὰ τάξιν γινέσθω.
2e0f0100bf	Γνωρίζω δὲ ὑμῖν, ἀδελφοί, τὸ εὐαγγέλιον ὃ εὐηγγελισάμην ὑμῖν, ὃ καὶ παρελάβετε, ἐν ᾧ καὶ ἑστήκατε
2e0f0200b4	δι᾽ οὗ καὶ σώζεσθε, τίνι λόγῳ εὐηγγελισάμην ὑμῖν εἰ κατέχετε, ἐκτὸς εἰ μὴ εἰκῆ ἐπιστεύσατε.
2e0f0300d3	παρέδωκα γὰρ ὑμῖν ἐν πρώτοις ὃ καὶ παρέλαβον, ὅτι χριστὸς ἀπέθανεν ὑπὲρ τῶν ἁμαρτιῶν ἡμῶν κατὰ τὰς γραφάς,
2e0f040085	καὶ ὅτι ἐτάφη, καὶ ὅτι ἐγήγερται τῇ ἡμέρᾳ τῇ τρίτῃ κατὰ τὰς γραφάς,
2e0f050046	καὶ ὅτι ὤφθη Κηφᾷ, εἶτα τοῖς δώδεκα.
2e0f0600d0	ἔπειτα ὤφθη ἐπάνω πεντακοσίοις ἀδελφοῖς ἐφάπαξ, ἐξ ὧν οἱ πλείονες μένουσιν ἕως ἄρτι, τινὲς δὲ ἐκοιμήθησαν.
2e0f07005e	ἔπειτα ὤφθη Ἰακώβῳ, εἶτα τοῖς ἀποστόλοις πᾶσιν.
2e0f080064	ἔσχατον δὲ πάντων ὡσπερεὶ τῷ ἐκτρώματι ὤφθη κἀμοί.
2e0f0900e8	ἐγὼ γάρ εἰμι ὁ ἐλάχιστος τῶν ἀποστόλων, ὃς οὐκ εἰμὶ ἱκανὸς καλεῖσθαι ἀπόστολος, διότι ἐδίωξα τὴν ἐκκλησίαν τοῦ θεοῦ·
2e0f0a0136	χάριτι δὲ θεοῦ εἰμι ὅ εἰμι, καὶ ἡ χάρις αὐτοῦ ἡ εἰς ἐμὲ οὐ κενὴ ἐγενήθη, ἀλλὰ περισσότερον αὐτῶν πάντων ἐκοπίασα, οὐκ ἐγὼ δέ, ἀλλὰ ἡ χάρις τοῦ θεοῦ σὺν ἐμοί.
2e0f0b0085	εἴτε οὖν ἐγὼ εἴτε ἐκεῖνοι, οὕτως κηρύσσομεν, καὶ οὕτως ἐπιστεύσατε.
2e0f0c00d6	εἰ δὲ χριστὸς κηρύσσεται, ὅτι ἐκ νεκρῶν ἐγήγερται, πῶς λέγουσιν ἐν ὑμῖν τινες ὅτι ἀνάστασις νεκρῶν οὐκ ἔστιν;
2e0f0d0073	εἰ δὲ ἀνάστασις νεκρῶν οὐκ ἔστιν, οὐδὲ χριστὸς ἐγήγερται·
2e0f0e009c	εἰ δὲ χριστὸς οὐκ ἐγήγερται, κενὸν ἄρα τὸ κήρυγμα ἡμῶν, κενὴ καὶ ἡ πίστις ὑμῶν.
2e0f0f0124	εὑρισκόμεθα δὲ καὶ ψευδομάρτυρες τοῦ θεοῦ, ὅτι ἐμαρτυρήσαμεν κατὰ τοῦ θεοῦ ὅτι ἤγειρεν τὸν χριστόν, ὃν οὐκ ἤγειρεν εἴ περ ἄρα νεκροὶ οὐκ ἐγείρονται·
2e0f10006b	εἰ γὰρ νεκροὶ οὐκ ἐγείρονται, οὐδὲ χριστὸς ἐγήγερται·
2e0f1100a6	εἰ δὲ χριστὸς οὐκ ἐγήγερται, ματαία ἡ πίστις ὑμῶν· ἔτι ἐστὲ ἐν ταῖς ἁμαρτίαις ὑμῶν,
2e0f120054	ἄρα καὶ οἱ κοιμηθέντες ἐν χριστῷ, ἀπώλοντο.
2e0f1300ac	εἰ ἐν τῇ ζωῇ ταύτῃ ἐν χριστῷ ἠλπικότες ἐσμὲν μόνον, ἐλεεινότεροι πάντων ἀνθρώπων ἐσμέν.
2e0f140079	νυνὶ δὲ χριστὸς ἐγήγερται ἐκ νεκρῶν, ἀπαρχὴ τῶν κεκοιμημένων.
2e0f150085	Ἐπειδὴ γὰρ δι᾽ ἀνθρώπου θάνατος, καὶ δι᾽ ἀνθρώπου ἀνάστασις νεκρῶν.
2e0f1600af	ὥσπερ γὰρ ἐν τῷ Ἀδὰμ πάντες ἀποθνήσκουσιν, οὕτως καὶ ἐν τῷ χριστῷ πάντες ζωοποιηθήσονται.
2e0f1700b5	ἕκαστος δὲ ἐν τῷ ἰδίῳ τάγματι· ἀπαρχὴ χριστός, ἔπειτα οἱ τοῦ χριστοῦ ἐν τῇ παρουσίᾳ αὐτοῦ·
2e0f1800ec	εἶτα τὸ τέλος, ὅταν παραδιδοῖ τὴν βασιλείαν τῷ θεῷ καὶ πατρί, ὅταν καταργήσῃ πᾶσαν ἀρχὴν καὶ πᾶσαν ἐξουσίαν καὶ δύναμιν·
2e0f19009e	δεῖ γὰρ αὐτὸν βασιλεύειν, ἄχρις οὗ θῇ πάντας τοὺς ἐχθροὺς ὑπὸ τοὺς πόδας αὐτοῦ.
2e0f1a004a	ἔσχατος ἐχθρὸς καταργεῖται ὁ θάνατος.
2e0f1b00f7	Πάντα γὰρ ὑπέταξεν ὑπὸ τοὺς πόδας αὐτοῦ· ὅταν δὲ εἴπῃ ὅτι πάντα ὑποτέτακται, δῆλον ὅτι ἐκτὸς τοῦ ὑποτάξαντος αὐτῷ τὰ πάντα·
2e0f1c00ed	ὅταν δὲ ὑποταγῇ αὐτῷ τὰ πάντα, τότε αὐτὸς ὁ υἱὸς ὑποταγήσεται τῷ ὑποτάξαντι αὐτῷ τὰ πάντα, ἵνα ᾖ ὁ θεὸς πάντα ἐν πᾶσιν.
2e0f1d00e0	ἐπεὶ τί ποιήσουσιν οἱ βαπτιζόμενοι; ὑπὲρ τῶν νεκρῶν εἰ ὅλως νεκροὶ οὐκ ἐγείρονται· τί καὶ βαπτίζονται ὑπὲρ αὐτῶν;
2e0f1e0049	τί καὶ ἡμεῖς κινδυνεύομεν πᾶσαν ὥραν;
2e0f1f00bc	καθ᾽ ἡμέραν ἀποθνήσκω, νὴ τὴν ὑμετέραν καύχησιν, ἀδελφοί, ἣν ἔχω ἐν χριστῷ Ἰησοῦ τῷ κυρίῳ ἡμῶν.
2e0f2000f9	εἰ κατὰ ἄνθρωπον ἐθηριομάχησα ἐν Ἐφέσῳ, τί μοι τὸ ὄφελος; εἰ νεκροὶ οὐκ ἐγείρονται, φάγωμεν καὶ πίωμεν, αὔριον γὰρ ἀποθνήσκομεν.
2e0f210060	μὴ πλανᾶσθε· Φθείρουσιν ἤθη χρῆστα ὁμιλίαι κακαί.
2e0f2200bb	ἐκνήψατε δικαίως, καὶ μὴ ἁμαρτάνετε· ἀγνωσίαν γὰρ θεοῦ τινες ἔχουσιν· πρὸς ἐντροπὴν ὑμῖν λαλῶ.
2e0f23007f	Ἀλλὰ ἐρεῖ τις, Πῶς ἐγείρονται οἱ νεκροί; ποίῳ δὲ σώματι ἔρχονται;
2e0f240069	ἄφρων, σὺ ὃ σπείρεις, οὐ ζωοποιεῖται, ἐὰν μὴ ἀποθάνῃ·
2e0f2500cd	καὶ ὃ σπείρεις, οὐ τὸ σῶμα τὸ γενησόμενον σπείρεις, ἀλλὰ γυμνὸν κόκκον, εἰ τύχοι, σίτου ἤ τινος τῶν λοιπῶν·
2e0f26009f	ὁ δὲ θεὸς δίδωσιν αὐτῷ σῶμα καθὼς ἠθέλησεν, καὶ ἑκάστῳ τῶν σπερμάτων ἴδιον σῶμα.
2e0f2700d3	οὐ πᾶσα σὰρξ ἡ αὐτὴ σάρξ, ἀλλὰ ἄλλη μὲν ἀνθρώπων, ἄλλη δὲ σὰρξ κτηνῶν, ἄλλη δὲ σὰρξ πτηνῶν, ἄλλη δὲ ἰχθύων.
2e0f2800cc	καὶ σώματα ἐπουράνια, καὶ σώματα ἐπίγεια· ἀλλὰ ἑτέρα μὲν ἡ τῶν ἐπουρανίων δόξα, ἑτέρα δὲ ἡ τῶν ἐπιγείων.
2e0f2900be	ἄλλη δόξα ἡλίου, καὶ ἄλλη δόξα σελήνης, καὶ ἄλλη δόξα ἀστέρων· ἀστὴρ γὰρ ἀστέρος διαφέρει ἐν δόξῃ.
2e0f2a0097	οὕτως καὶ ἡ ἀνάστασις τῶν νεκρῶν. σπείρεται ἐν φθορᾷ, ἐγείρεται ἐν ἀφθαρσίᾳ·
2e0f2b00a6	σπείρεται ἐν ἀτιμίᾳ, ἐγείρεται ἐν δόξῃ· σπείρεται ἐν ἀσθενείᾳ, ἐγείρεται ἐν δυνάμει·
2e0f2c00ba	Σπείρεται σῶμα ψυχικόν, ἐγείρεται σῶμα πνευματικόν. εἰ ἔστιν σῶμα ψυχικόν, ἔστιν καὶ πνευματικόν.
2e0f2d00d4	οὕτως καὶ γέγραπται, Ἐγένετο ὁ πρῶτος ἄνθρωπος Ἀδὰμ εἰς ψυχὴν ζῶσαν, · ὁ ἔσχατος Ἀδὰμ εἰς πνεῦμα ζωοποιοῦν.
2e0f2e0089	ἀλλ᾽ οὐ πρῶτον τὸ πνευματικόν, ἀλλὰ τὸ ψυχικόν, ἔπειτα τὸ πνευματικόν.
2e0f2f007e	ὁ πρῶτος ἄνθρωπος ἐκ γῆς χοϊκός, ὁ δεύτερος ἄνθρωπος ἐξ οὐρανοῦ.
2e0f3000ae	οἷος ὁ χοϊκός, τοιοῦτοι καὶ οἱ χοϊκοί, καὶ οἷος ὁ ἐπουράνιος, τοιοῦτοι καὶ οἱ ἐπουράνιοι·
2e0f3100a6	καὶ καθὼς ἐφορέσαμεν τὴν εἰκόνα τοῦ χοϊκοῦ, φορέσωμεν καὶ τὴν εἰκόνα τοῦ ἐπουρανίου.
2e0f3200ea	Τοῦτο δέ φημι, ἀδελφοί, ὅτι σὰρξ καὶ αἷμα βασιλείαν θεοῦ κληρονομῆσαι οὐ δύναται, οὐδὲ ἡ φθορὰ τὴν ἀφθαρσίαν κληρονομεῖ.
2e0f330090	ἰδοὺ μυστήριον ὑμῖν λέγω· πάντες οὐ κοιμηθησόμεθα, πάντες δὲ ἀλλαγησόμεθα,
2e0f3400f8	ἐν ἀτόμῳ, ἐν ῥιπῇ ὀφθαλμοῦ, ἐν τῇ ἐσχάτῃ σάλπιγγι· σαλπίσει γάρ, καὶ οἱ νεκροὶ ἐγερθήσονται ἄφθαρτοι, καὶ ἡμεῖς ἀλλαγησόμεθα.
2e0f3500af	δεῖ γὰρ τὸ φθαρτὸν τοῦτο ἐνδύσασθαι ἀφθαρσίαν, καὶ τὸ θνητὸν τοῦτο ἐνδύσασθαι ἀθανασίαν.
2e0f36012a	ὅταν δὲ τὸ φθαρτὸν τοῦτο ἐνδύσηται ἀφθαρσίαν καὶ τὸ θνητὸν τοῦτο ἐνδύσηται ἀθανασίαν, τότε γενήσεται ὁ λόγος ὁ γεγραμμένος, Κατεπόθη ὁ θάνατος εἰς νῖκος.
2e0f370064	Ποῦ σου, θάνατε, τὸ νῖκος; ποῦ σου, θάνατε, τὸ κέντρον;
2e0f38008a	τὸ δὲ κέντρον τοῦ θανάτου ἡ ἁμαρτία, ἡ δὲ δύναμις τῆς ἁμαρτίας ὁ νόμος·
2e0f390096	τῷ δὲ θεῷ χάρις τῷ διδόντι ἡμῖν τὸ νῖκος διὰ τοῦ κυρίου ἡμῶν Ἰησοῦ χριστοῦ.
2e0f3a012c	ὥστε, ἀδελφοί μου ἀγαπητοί, ἑδραῖοι γίνεσθε, ἀμετακίνητοι, περισσεύοντες ἐν τῷ ἔργῳ τοῦ κυρίου πάντοτε, εἰδότες ὅτι ὁ κόπος ὑμῶν οὐκ ἔστιν κενὸς ἐν κυρίῳ.
2e100100d4	Περὶ δὲ τῆς λογίας τῆς εἰς τοὺς ἁγίους ὥσπερ διέταξα ταῖς ἐκκλησίαις τῆς Γαλατίας, οὕτως καὶ ὑμεῖς ποιήσατε.
2e100200e8	κατὰ μίαν σαββάτου ἕκαστος ὑμῶν παρ᾽ ἑαυτῷ τιθέτω θησαυρίζων ὅ τι ἐὰν εὐοδῶται, ἵνα μή, ὅταν ἔλθω, τότε λογίαι γίνωνται.
2e100300d7	ὅταν δὲ παραγένωμαι, οὓς ἂν δοκιμάσητε, δι᾽ ἐπιστολῶν τούτους πέμψω ἀπενεγκεῖν τὴν χάριν ὑμῶν εἰς Ἱερουσαλήμ·
2e10040072	ἐὰν δὲ ἄξιον ᾖ τοῦ κἀμὲ πορεύεσθαι, σὺν ἐμοὶ πορεύσονται.
2e1005008e	ἐλεύσομαι δὲ πρὸς ὑμᾶς, ὅταν Μακεδονίαν διέλθω· Μακεδονίαν γὰρ διέρχομαι,
2e100600ae	πρὸς ὑμᾶς δὲ τυχὸν παραμενῶ ἢ καὶ παραχειμάσω, ἵνα ὑμεῖς με προπέμψητε οὗ ἐὰν πορεύωμαι.
2e100700d4	οὐ θέλω γὰρ ὑμᾶς ἄρτι ἐν παρόδῳ ἰδεῖν· ἐλπίζω γὰρ χρόνον τινὰ ἐπιμεῖναι πρὸς ὑμᾶς, ἐὰν ὁ κύριος ἐπιτρέψῃ.
2e10080053	ἐπιμενῶ δὲ ἐν Ἐφέσῳ ἕως τῆς πεντηκοστῆς·
2e1009007d	θύρα γάρ μοι ἀνέῳγεν μεγάλη καὶ ἐνεργής, καὶ ἀντικείμενοι πολλοί.
2e100a00c3	Ἐὰν δὲ ἔλθῃ Τιμόθεος, βλέπετε, ἵνα ἀφόβως γένηται πρὸς ὑμᾶς· τὸ γὰρ ἔργον κυρίου ἐργάζεται ὡς κἀγώ.
2e100b00eb	μή τις οὖν αὐτὸν ἐξουθενήσῃ· προπέμψατε δὲ αὐτὸν ἐν εἰρήνῃ, ἵνα ἔλθῃ πρὸς ἐμέ· ἐκδέχομαι γὰρ αὐτὸν μετὰ τῶν ἀδελφῶν.
2e100c0139	περὶ δὲ Ἀπολλὼ τοῦ ἀδελφοῦ, πολλὰ παρεκάλεσα αὐτὸν ἵνα ἔλθῃ πρὸς ὑμᾶς μετὰ τῶν ἀδελφῶν· καὶ πάντως οὐκ ἦν θέλημα ἵνα νῦν ἔλθῃ, ἐλεύσεται δὲ ὅταν εὐκαιρήσῃ.
2e100d006f	γρηγορεῖτε, στήκετε ἐν τῇ πίστει, ἀνδρίζεσθε, κραταιοῦσθε.
2e100e0038	πάντα ὑμῶν ἐν ἀγάπῃ γινέσθω.
2e100f00ff	Παρακαλῶ δὲ ὑμᾶς, ἀδελφοί· οἴδατε τὴν οἰκίαν Στεφανᾶ, ὅτι ἐστὶν ἀπαρχὴ τῆς Ἀχαΐας καὶ εἰς διακονίαν τοῖς ἁγίοις ἔταξαν ἑαυτούς·
2e1010009e	ἵνα καὶ ὑμεῖς ὑποτάσσησθε τοῖς τοιούτοις καὶ παντὶ τῷ συνεργοῦντι καὶ κοπιῶντι.
2e101100d2	χαίρω δὲ ἐπὶ τῇ παρουσίᾳ Στεφανᾶ καὶ Φορτουνάτου καὶ Ἀχαϊκοῦ, ὅτι τὸ ὑμέτερον ὑστέρημα οὗτοι ἀνεπλήρωσαν·
2e10120094	ἀνέπαυσαν γὰρ τὸ ἐμὸν πνεῦμα καὶ τὸ ὑμῶν. ἐπιγινώσκετε οὖν τοὺς τοιούτους.
2e101300f8	Ἀσπάζονται ὑμᾶς αἱ ἐκκλησίαι τῆς Ἀσίας· ἀσπάζονται ὑμᾶς ἐν κυρίῳ πολλὰ Ἀκύλας καὶ Πρίσκα σὺν τῇ κατ᾽ οἶκον αὐτῶν ἐκκλησίᾳ·
2e1014008e	ἀσπάζονται ὑμᾶς οἱ ἀδελφοὶ πάντες. ἀσπάσασθε ἀλλήλους ἐν φιλήματι ἁγίῳ.
2e10150040	Ὁ ἀσπασμὸς τῇ ἐμῇ χειρὶ Παύλου·
2e10160062	εἴ τις οὐ φιλεῖ τὸν κύριον, ἤτω ἀνάθεμα. μαρὰν ἀθά.
2e10170046	ἡ χάρις τοῦ κυρίου Ἰησοῦ μεθ᾽ ὑμῶν.
2e1018007e	ἡ ἀγάπη μου μετὰ πάντων ὑμῶν ἐν χριστῷ Ἰησοῦ. ΠΡΟΣ ΚΟΡΙΝΘΙΟΥΣ Αʹ.
2f00000022	Προς Κορινθιους Β΄
2f0101014a	Παῦλος ἀπόστολος χριστοῦ Ἰησοῦ διὰ θελήματος θεοῦ, καὶ Τιμόθεος ὁ ἀδελφός, τῇ ἐκκλησίᾳ τοῦ θεοῦ τῇ οὔσῃ ἐν Κορίνθῳ σὺν τοῖς ἁγίοις πᾶσιν τοῖς οὖσιν ἐν ὅλῃ τῇ Ἀχαΐᾳ·
2f0102008a	χάρις ὑμῖν καὶ εἰρήνη ἀπὸ θεοῦ πατρὸς ἡμῶν καὶ κυρίου Ἰησοῦ χριστοῦ.
2f010300d6	Εὐλογητὸς ὁ θεὸς καὶ πατὴρ τοῦ κυρίου ἡμῶν Ἰησοῦ χριστοῦ, ὁ πατὴρ τῶν οἰκτιρμῶν καὶ θεὸς πάσης παρακλήσεως,
2f0104012d	ὁ παρακαλῶν ἡμᾶς ἐπὶ πάσῃ τῇ θλίψει ἡμῶν, εἰς τὸ δύνασθαι ἡμᾶς παρακαλεῖν τοὺς ἐν πάσῃ θλίψει διὰ τῆς παρακλήσεως ἧς παρακαλούμεθα αὐτοὶ ὑπὸ τοῦ θεοῦ·
2f010500d9	ὅτι καθὼς περισσεύει τὰ παθήματα τοῦ χριστοῦ εἰς ἡμᾶς, οὕτως διὰ τοῦ χριστοῦ περισσεύει καὶ ἡ παράκλησις ἡμῶν.
2f010601be	εἴτε δὲ θλιβόμεθα, ὑπὲρ τῆς ὑμῶν παρακλήσεως καὶ σωτηρίας, τῆς ἐνεργουμένης ἐν ὑπομονῇ τῶν αὐτῶν παθημάτων ὧν καὶ ἡμεῖς πάσχομεν, καὶ ἡ ἐλπὶς ἡμῶν βεβαία ὑπὲρ ὑμῶν· εἴτε παρακαλούμεθα, ὑπὲρ τῆς ὑμῶν παρακλήσεως καὶ σωτηρίας,
2f01070088	εἰδότες ὅτι ὡς κοινωνοί ἐστε τῶν παθημάτων, οὕτως καὶ τῆς παρακλήσεως.
2f0108014b	οὐ γὰρ θέλομεν ὑμᾶς ἀγνοεῖν, ἀδελφοί, περὶ τῆς θλίψεως ἡμῶν τῆς γενομένης ἐν τῇ Ἀσίᾳ, ὅτι καθ᾽ ὑπερβολὴν ὑπὲρ δύναμιν ἐβαρήθημεν, ὥστε ἐξαπορηθῆναι ἡμᾶς καὶ τοῦ ζῆν·
2f01090111	ἀλλὰ αὐτοὶ ἐν ἑαυτοῖς τὸ ἀπόκριμα τοῦ θανάτου ἐσχήκαμεν, ἵνα μὴ πεποιθότες ὦμεν ἐφ᾽ ἑαυτοῖς, ἀλλ᾽ ἐπὶ τῷ θεῷ τῷ ἐγείροντι τοὺς νεκρούς·
2f010a00b0	ὃς ἐκ τηλικούτου θανάτου ἐρύσατο ἡμᾶς καὶ ῥύσεται, εἰς ὃν ἠλπίκαμεν [ὅτι] καὶ ἔτι ῥύσεται,
2f010b00f6	συνυπουργούντων καὶ ὑμῶν ὑπὲρ ἡμῶν τῇ δεήσει, ἵνα ἐκ πολλῶν προσώπων τὸ εἰς ἡμᾶς χάρισμα διὰ πολλῶν εὐχαριστηθῇ ὑπὲρ ἡμῶν.
2f010c0190	Ἡ γὰρ καύχησις ἡμῶν αὕτη ἐστίν, τὸ μαρτύριον τῆς συνειδήσεως ἡμῶν, ὅτι ἐν ἁγιότητι καὶ εἰλικρινείᾳ τοῦ θεοῦ, οὐκ ἐν σοφίᾳ σαρκικῇ ἀλλ᾽ ἐν χάριτι θεοῦ ἀνεστράφημεν ἐν τῷ κόσμῳ, περισσοτέρως δὲ πρὸς ὑμᾶς.
2f010d00d3	οὐ γὰρ ἄλλα γράφομεν ὑμῖν, ἀλλ᾽ ἢ ἃ ἀναγινώσκετε ἢ καὶ ἐπιγινώσκετε· ἐλπίζω δὲ ὅτι ἕως τέλους ἐπιγνώσεσθε,
2f010e00e2	καθὼς καὶ ἐπέγνωτε ἡμᾶς ἀπὸ μέρους, ὅτι καύχημα ὑμῶν ἐσμεν, καθάπερ καὶ ὑμεῖς ἡμῶν, ἐν τῇ ἡμέρᾳ τοῦ κυρίου Ἰησοῦ.
2f010f00aa	καὶ ταύτῃ τῇ πεποιθήσει ἐβουλόμην πρότερον πρὸς ὑμᾶς ἐλθεῖν, ἵνα δευτέραν χάριν σχῆτε·
2f011000f8	καὶ δι᾽ ὑμῶν διελθεῖν εἰς Μακεδονίαν, καὶ πάλιν ἀπὸ Μακεδονίας ἐλθεῖν πρὸς ὑμᾶς καὶ ὑφ᾽ ὑμῶν προπεμφθῆναι εἰς τὴν Ἰουδαίαν.
2f01110100	τοῦτο οὖν βουλόμενος μή τι ἄρα τῇ ἐλαφρίᾳ ἐχρησάμην, ἢ ἃ βουλεύομαι κατὰ σάρκα βουλεύομαι, ἵνα ᾖ παρ᾽ ἐμοὶ τὸ ναὶ ναὶ καὶ τὸ οὒ οὔ;
2f01120088	πιστὸς δὲ ὁ θεός, ὅτι ὁ λόγος ἡμῶν ὁ πρὸς ὑμᾶς οὐκ ἔστιν ναὶ καὶ οὔ·
2f01130130	ὁ τοῦ θεοῦ γὰρ υἱὸς Ἰησοῦς χριστὸς ὁ ἐν ὑμῖν δι᾽ ἡμῶν κηρυχθείς, δι᾽ ἐμοῦ καὶ Σιλουανοῦ καὶ Τιμοθέου, οὐκ ἐγένετο ναὶ καὶ οὔ, ἀλλὰ ναὶ ἐν αὐτῷ γέγονεν·
2f011400bf	ὅσαι γὰρ ἐπαγγελίαι θεοῦ, ἐν αὐτῷ τὸ ναί· διὸ καὶ δι᾽ αὐτοῦ τὸ ἀμὴν τῷ θεῷ πρὸς δόξαν δι᾽ ἡμῶν.
2f01150079	ὁ δὲ βεβαιῶν ἡμᾶς σὺν ὑμῖν εἰς χριστὸν καὶ χρίσας ἡμᾶς θεός,
2f011600a8	ὁ καὶ σφραγισάμενος ἡμᾶς καὶ δοὺς τὸν ἀῤῥαβῶνα τοῦ πνεύματος ἐν ταῖς καρδίαις ἡμῶν.
2f011700cd	Ἐγὼ δὲ μάρτυρα τὸν θεὸν ἐπικαλοῦμαι ἐπὶ τὴν ἐμὴν ψυχήν, ὅτι φειδόμενος ὑμῶν οὐκέτι ἦλθον εἰς Κόρινθον·
2f011800bf	οὐχ ὅτι κυριεύομεν ὑμῶν τῆς πίστεως, ἀλλὰ συνεργοί ἐσμεν τῆς χαρᾶς ὑμῶν· τῇ γὰρ πίστει ἑστήκατε·
2f0201007b	Ἔκρινα δὲ ἐμαυτῷ τοῦτο, τὸ μὴ πάλιν ἐν λύπῃ πρὸς ὑμᾶς ἐλθεῖν.
2f02020090	εἰ γὰρ ἐγὼ λυπῶ ὑμᾶς, καὶ τίς ὁ εὐφραίνων με, εἰ μὴ ὁ λυπούμενος ἐξ ἐμοῦ;
2f020300ff	καὶ ἔγραψα τοῦτο αὐτό, ἵνα μὴ ἐλθὼν λύπην σχῶ ἀφ᾽ ὧν ἔδει με χαίρειν, πεποιθὼς ἐπὶ πάντας ὑμᾶς ὅτι ἡ ἐμὴ χαρὰ πάντων ὑμῶν ἐστιν.
2f02040123	ἐκ γὰρ πολλῆς θλίψεως καὶ συνοχῆς καρδίας ἔγραψα ὑμῖν διὰ πολλῶν δακρύων, οὐχ ἵνα λυπηθῆτε, ἀλλὰ τὴν ἀγάπην ἵνα γνῶτε ἣν ἔχω περισσοτέρως εἰς ὑμᾶς.
2f020500a5	Εἰ δέ τις λελύπηκεν, οὐκ ἐμὲ λελύπηκεν, ἀλλὰ ἀπὸ μέρους, ἵνα μὴ ἐπιβαρῶ, πάντας ὑμᾶς.
2f0206006b	ἱκανὸν τῷ τοιούτῳ ἡ ἐπιτιμία αὕτη ἡ ὑπὸ τῶν πλειόνων,
2f020700cc	ὥστε τοὐναντίον [μᾶλλον] ὑμᾶς χαρίσασθαι καὶ παρακαλέσαι, μή πως τῇ περισσοτέρᾳ λύπῃ καταποθῇ ὁ τοιοῦτος.
2f02080058	διὸ παρακαλῶ ὑμᾶς κυρῶσαι εἰς αὐτὸν ἀγάπην.
2f0209009a	εἰς τοῦτο γὰρ καὶ ἔγραψα, ἵνα γνῶ τὴν δοκιμὴν ὑμῶν, εἰ εἰς πάντα ὑπήκοοί ἐστε.
2f020a00bb	ᾧ δέ τι χαρίζεσθε, κἀγώ· καὶ γὰρ ἐγὼ ὃ κεχάρισμαι, εἴ τι κεχάρισμαι, δι᾽ ὑμᾶς ἐν προσώπῳ χριστοῦ,
2f020b0092	ἵνα μὴ πλεονεκτηθῶμεν ὑπὸ τοῦ σατανᾶ· οὐ γὰρ αὐτοῦ τὰ νοήματα ἀγνοοῦμεν.
2f020c00b0	Ἐλθὼν δὲ εἰς τὴν Τρωάδα εἰς τὸ εὐαγγέλιον τοῦ χριστοῦ, καὶ θύρας μοι ἀνεῳγμένης ἐν κυρίῳ,
2f020d00f0	οὐκ ἔσχηκα ἄνεσιν τῷ πνεύματί μου, τῷ μὴ εὑρεῖν με Τίτον τὸν ἀδελφόν μου, ἀλλὰ ἀποταξάμενος αὐτοῖς ἐξῆλθον εἰς Μακεδονίαν.
2f020e00f8	τῷ δὲ θεῷ χάρις τῷ πάντοτε θριαμβεύοντι ἡμᾶς ἐν τῷ χριστῷ καὶ τὴν ὀσμὴν τῆς γνώσεως αὐτοῦ φανεροῦντι δι᾽ ἡμῶν ἐν παντὶ τόπῳ,
2f020f0098	ὅτι χριστοῦ εὐωδία ἐσμὲν τῷ θεῷ ἐν τοῖς σωζομένοις καὶ ἐν τοῖς ἀπολλυμένοις,
2f021000b6	οἷς μὲν ὀσμὴ ἐκ θανάτου εἰς θάνατον, οἷς δέ, ὀσμὴ ἐκ ζωῆς εἰς ζωήν. καὶ πρὸς ταῦτα τίς ἱκανός;
2f02110109	οὐ γάρ ἐσμεν ὡς οἱ πολλοὶ καπηλεύοντες τὸν λόγον τοῦ θεοῦ, ἀλλὰ ὡς ἐξ εἰλικρινείας, ἀλλ᾽ ὡς ἐκ θεοῦ, κατέναντι θεοῦ ἐν χριστῷ λαλοῦμεν.
2f030100c5	Ἀρχόμεθα πάλιν ἑαυτοὺς συνιστᾶν; ἢ μὴ χρῄζομεν ὥς τινες συνστατικῶν ἐπιστολῶν πρὸς ὑμᾶς ἢ ἐξ ὑμῶν;
2f030200e6	ἡ ἐπιστολὴ ἡμῶν ὑμεῖς ἐστε, ἐγγεγραμμένη ἐν ταῖς καρδίαις ἡμῶν, γινωσκομένη καὶ ἀναγινωσκομένη ὑπὸ πάντων ἀνθρώπων,
2f03030151	φανερούμενοι ὅτι ἐστὲ ἐπιστολὴ χριστοῦ διακονηθεῖσα ὑφ᾽ ἡμῶν, ἐγγεγραμμένη οὐ μέλανι ἀλλὰ πνεύματι θεοῦ ζῶντος, οὐκ ἐν πλαξὶν λιθίναις, ἀλλ᾽ ἐν πλαξὶν καρδίαις σαρκίναις.
2f03040076	πεποίθησιν δὲ τοιαύτην ἔχομεν διὰ τοῦ χριστοῦ πρὸς τὸν θεόν·
2f030500ba	οὐχ ὅτι ἀφ᾽ ἑαυτῶν ἱκανοί ἐσμεν λογίσασθαί τι ὡς ἐξ αὐτῶν, ἀλλ᾽ ἡ ἱκανότης ἡμῶν ἐκ τοῦ θεοῦ,
2f030600f5	ὃς καὶ ἱκάνωσεν ἡμᾶς διακόνους καινῆς διαθήκης, οὐ γράμματος ἀλλὰ πνεύματος· τὸ γὰρ γράμμα ἀποκτέννει, τὸ δὲ πνεῦμα ζωοποιεῖ.
2f03070184	εἰ δὲ ἡ διακονία τοῦ θανάτου ἐν γράμματι, ἐντετυπωμένη λίθοις, ἐγενήθη ἐν δόξῃ, ὥστε μὴ δύνασθαι ἀτενίσαι τοὺς υἱοὺς Ἰσραὴλ εἰς τὸ πρόσωπον Μωυσέως διὰ τὴν δόξαν τοῦ προσώπου αὐτοῦ τὴν καταργουμένην,
2f0308006d	πῶς οὐχὶ μᾶλλον ἡ διακονία τοῦ πνεύματος ἔσται ἐν δόξῃ;
2f030900bc	εἰ γὰρ τῇ διακονίᾳ τῆς κατακρίσεως δόξα, πολλῷ μᾶλλον περισσεύει ἡ διακονία τῆς δικαιοσύνης δόξῃ.
2f030a00ad	καὶ γὰρ οὐ δεδόξασται τὸ δεδοξασμένον ἐν τούτῳ τῷ μέρει, εἵνεκεν τῆς ὑπερβαλλούσης δόξης.
2f030b007e	εἰ γὰρ τὸ καταργούμενον διὰ δόξης, πολλῷ μᾶλλον τὸ μένον ἐν δόξῃ.
2f030c0066	ἔχοντες οὖν τοιαύτην ἐλπίδα πολλῇ παῤῥησίᾳ χρώμεθα,
2f030d0100	καὶ οὐ καθάπερ Μωυσῆς ἐτίθει κάλυμμα ἐπὶ τὸ πρόσωπον αὐτοῦ πρὸς τὸ μὴ ἀτενίσαι τοὺς υἱοὺς Ἰσραὴλ εἰς τὸ τέλος τοῦ καταργουμένου·
2f030e0148	ἀλλὰ ἐπωρώθη τὰ νοήματα αὐτῶν. ἄχρι γὰρ τῆς σήμερον ἡμέρας τὸ αὐτὸ κάλυμμα ἐπὶ τῇ ἀναγνώσει τῆς παλαιᾶς διαθήκης μένει, μὴ ἀνακαλυπτόμενον, ὅτι ἐν χριστῷ καταργεῖται,
2f030f00ab	ἀλλ᾽ ἕως σήμερον, ἡνίκα ἂν ἀναγινώσκηται Μωυσῆς, κάλυμμα ἐπὶ τὴν καρδίαν αὐτῶν κεῖται·
2f03100074	ἡνίκα δὲ ἂν ἐπιστρέψῃ πρὸς κύριον, περιαιρεῖται τὸ κάλυμμα.
2f0311007b	ὁ δὲ κύριος τὸ πνεῦμά ἐστιν· οὗ δὲ τὸ πνεῦμα κυρίου, ἐλευθερία.
2f0312012f	ἡμεῖς δὲ πάντες ἀνακεκαλυμμένῳ προσώπῳ τὴν δόξαν κυρίου κατοπτριζόμενοι, τὴν αὐτὴν εἰκόνα μεταμορφούμεθα ἀπὸ δόξης εἰς δόξαν, καθάπερ ἀπὸ κυρίου πνεύματος.
2f0401008d	Διὰ τοῦτο ἔχοντες τὴν διακονίαν ταύτην, καθὼς ἠλεήθημεν, οὐκ ἐγκακοῦμεν,
2f04020196	ἀλλὰ ἀπειπάμεθα τὰ κρυπτὰ τῆς αἰσχύνης, μὴ περιπατοῦντες ἐν πανουργίᾳ, μηδὲ δολοῦντες τὸν λόγον τοῦ θεοῦ, ἀλλὰ τῇ φανερώσει τῆς ἀληθείας συνιστάντες ἑαυτοὺς πρὸς πᾶσαν συνείδησιν ἀνθρώπων ἐνώπιον τοῦ θεοῦ.
2f040300b2	εἰ δὲ καὶ ἔστιν κεκαλυμμένον τὸ εὐαγγέλιον ἡμῶν, ἐν τοῖς ἀπολλυμένοις ἐστὶν κεκαλυμμένον·
2f0404013a	ἐν οἷς ὁ θεὸς τοῦ αἰῶνος τούτου ἐτύφλωσεν τὰ νοήματα τῶν ἀπίστων εἰς τὸ μὴ αὐγάσαι τὸν φωτισμὸν τοῦ εὐαγγελίου τῆς δόξης τοῦ χριστοῦ, ὅς ἐστιν εἰκὼν τοῦ θεοῦ.
2f040500b5	Οὐ γὰρ ἑαυτοὺς κηρύσσομεν, ἀλλὰ χριστὸν Ἰησοῦν κύριον, ἑαυτοὺς δὲ δούλους ὑμῶν διὰ Ἰησοῦν.
2f04060112	ὅτι ὁ θεὸς ὁ εἰπὼν Ἐκ σκότους φῶς λάμψει, ὃς ἔλαμψεν ἐν ταῖς καρδίαις ἡμῶν πρὸς φωτισμὸν τῆς γνώσεως τῆς δόξης τοῦ θεοῦ ἐν προσώπῳ χριστοῦ.
2f040700d9	Ἔχομεν δὲ τὸν θησαυρὸν τοῦτον ἐν ὀστρακίνοις σκεύεσιν, ἵνα ἡ ὑπερβολὴ τῆς δυνάμεως ᾖ τοῦ θεοῦ καὶ μὴ ἐξ ἡμῶν,
2f0408009f	ἐν παντὶ θλιβόμενοι ἀλλ᾽ οὐ στενοχωρούμενοι, ἀπορούμενοι ἀλλ᾽ οὐκ ἐξαπορούμενοι,
2f04090094	διωκόμενοι ἀλλ᾽ οὐκ ἐγκαταλειπόμενοι, καταβαλλόμενοι ἀλλ᾽ οὐκ ἀπολλύμενοι·
2f040a00d8	πάντοτε τὴν νέκρωσιν τοῦ Ἰησοῦ ἐν τῷ σώματι περιφέροντες, ἵνα καὶ ἡ ζωὴ τοῦ Ἰησοῦ ἐν τῷ σώματι ἡμῶν φανερωθῇ·
2f040b00ec	ἀεὶ γὰρ ἡμεῖς οἱ ζῶντες εἰς θάνατον παραδιδόμεθα διὰ Ἰησοῦν, ἵνα καὶ ἡ ζωὴ τοῦ Ἰησοῦ φανερωθῇ ἐν τῇ θνητῇ σαρκὶ ἡμῶν.
2f040c0069	ὥστε ὁ θάνατος ἐν ἡμῖν ἐνεργεῖται, ἡ δὲ ζωὴ ἐν ὑμῖν.
2f040d00f1	ἔχοντες δὲ τὸ αὐτὸ πνεῦμα τῆς πίστεως, κατὰ τὸ γεγραμμένον, Ἐπίστευσα, διὸ ἐλάλησα, καὶ ἡμεῖς πιστεύομεν, διὸ καὶ λαλοῦμεν·
2f040e00b9	εἰδότες ὅτι ὁ ἐγείρας τὸν [κύριον] Ἰησοῦν καὶ ἡμᾶς σὺν Ἰησοῦ ἐγερεῖ καὶ παραστήσει σὺν ὑμῖν.
2f040f00dd	τὰ γὰρ πάντα δι᾽ ὑμᾶς, ἵνα ἡ χάρις πλεονάσασα διὰ τῶν πλειόνων τὴν εὐχαριστίαν περισσεύσῃ εἰς τὴν δόξαν τοῦ θεοῦ.
2f041000e4	διὸ οὐκ ἐγκακοῦμεν· ἀλλ᾽ εἰ καὶ ὁ ἔξω ἡμῶν ἄνθρωπος διαφθείρεται, ἀλλ᾽ ὁ ἔσω ἡμῶν ἀνακαινοῦται ἡμέρᾳ καὶ ἡμέρᾳ.
2f041100da	τὸ γὰρ παραυτίκα ἐλαφρὸν τῆς θλίψεως ἡμῶν καθ᾽ ὑπερβολὴν εἰς ὑπερβολὴν αἰώνιον βάρος δόξης κατεργάζεται ἡμῖν,
2f041200d4	μὴ σκοπούντων ἡμῶν τὰ βλεπόμενα ἀλλὰ τὰ μὴ βλεπόμενα· τὰ γὰρ βλεπόμενα πρόσκαιρα· τὰ δὲ μὴ βλεπόμενα αἰώνια.
2f05010111	Οἴδαμεν γὰρ ὅτι ἐὰν ἡ ἐπίγειος ἡμῶν οἰκία τοῦ σκήνους καταλυθῇ, οἰκοδομὴν ἐκ θεοῦ ἔχομεν, οἰκίαν ἀχειροποίητον αἰώνιον ἐν τοῖς οὐρανοῖς.
2f050200b2	καὶ γὰρ ἐν τούτῳ στενάζομεν, τὸ οἰκητήριον ἡμῶν τὸ ἐξ οὐρανοῦ ἐπενδύσασθαι ἐπιποθοῦντες·
2f0503005b	εἴ περ καὶ ἐνδυσάμενοι οὐ γυμνοὶ εὑρεθησόμεθα.
2f0504010d	καὶ γὰρ οἱ ὄντες ἐν τῷ σκήνει στενάζομεν βαρούμενοι, ἐφ᾽ ᾧ οὐ θέλομεν ἐκδύσασθαι ἀλλὰ ἐπενδύσασθαι, ἵνα καταποθῇ τὸ θνητὸν ὑπὸ τῆς ζωῆς.
2f050500ac	ὁ δὲ κατεργασάμενος ἡμᾶς εἰς αὐτὸ τοῦτο θεός, ὁ δοὺς ἡμῖν τὸν ἀῤῥαβῶνα τοῦ πνεύματος.
2f050600b9	θαῤῥοῦντες οὖν πάντοτε, καὶ εἰδότες ὅτι ἐνδημοῦντες ἐν τῷ σώματι, ἐκδημοῦμεν ἀπὸ τοῦ κυρίου·
2f05070056	διὰ πίστεως γὰρ περιπατοῦμεν, οὐ διὰ εἴδους,
2f050800b7	θαῤῥοῦμεν δὲ καὶ εὐδοκοῦμεν μᾶλλον ἐκδημῆσαι ἐκ τοῦ σώματος καὶ ἐνδημῆσαι πρὸς τὸν κύριον.
2f0509009f	Διὸ καὶ φιλοτιμούμεθα, εἴτε ἐνδημοῦντες εἴτε ἐκδημοῦντες, εὐάρεστοι αὐτῷ εἶναι·
2f050a012f	τοὺς γὰρ πάντας ἡμᾶς φανερωθῆναι δεῖ ἔμπροσθεν τοῦ βήματος τοῦ χριστοῦ, ἵνα κομίσηται ἕκαστος τὰ διὰ τοῦ σώματος, πρὸς ἃ ἔπραξεν, εἴτε ἀγαθὸν εἴτε φαῦλον.
2f050b00f9	Εἰδότες οὖν τὸν φόβον τοῦ κυρίου ἀνθρώπους πείθομεν, θεῷ δὲ πεφανερώμεθα· ἐλπίζω δὲ καὶ ἐν ταῖς συνειδήσεσιν ὑμῶν πεφανερῶσθαι.
2f050c0123	οὐ πάλιν ἑαυτοὺς συνιστάνομεν ὑμῖν, ἀλλὰ ἀφορμὴν διδόντες ὑμῖν καυχήματος ὑπὲρ ἡμῶν, ἵνα ἔχητε πρὸς τοὺς ἐν προσώπῳ καυχωμένους, καὶ μὴ ἐν καρδίᾳ.
2f050d005f	εἴτε γὰρ ἐξέστημεν, θεῷ· εἴτε σωφρονοῦμεν, ὑμῖν.
2f050e00d5	Ἡ γὰρ ἀγάπη τοῦ χριστοῦ συνέχει ἡμᾶς, κρίναντας τοῦτο, ὅτι εἷς ὑπὲρ πάντων ἀπέθανεν· ἄρα οἱ πάντες ἀπέθανον·
2f050f00d5	καὶ ὑπὲρ πάντων ἀπέθανεν, ἵνα οἱ ζῶντες μηκέτι ἑαυτοῖς ζῶσιν, ἀλλὰ τῷ ὑπὲρ αὐτῶν ἀποθανόντι καὶ ἐγερθέντι.
2f051000e2	ὥστε ἡμεῖς ἀπὸ τοῦ νῦν οὐδένα οἴδαμεν κατὰ σάρκα· εἰ καὶ ἐγνώκαμεν κατὰ σάρκα χριστόν, ἀλλὰ νῦν οὐκέτι γινώσκομεν.
2f05110094	ὥστε εἴ τις ἐν χριστῷ, καινὴ κτίσις· τὰ ἀρχαῖα παρῆλθεν, ἰδοὺ γέγονεν καινά.
2f051200db	τὰ δὲ πάντα ἐκ τοῦ θεοῦ τοῦ καταλλάξαντος ἡμᾶς ἑαυτῷ διὰ χριστοῦ καὶ δόντος ἡμῖν τὴν διακονίαν τῆς καταλλαγῆς,
2f05130114	ὡς ὅτι θεὸς ἦν ἐν χριστῷ κόσμον καταλλάσσων ἑαυτῷ, μὴ λογιζόμενος αὐτοῖς τὰ παραπτώματα αὐτῶν, καὶ θέμενος ἐν ἡμῖν τὸν λόγον τῆς καταλλαγῆς.
2f051400d4	ὑπὲρ χριστοῦ οὖν πρεσβεύομεν, ὡς τοῦ θεοῦ παρακαλοῦντος δι᾽ ἡμῶν· δεόμεθα ὑπὲρ χριστοῦ, καταλλάγητε τῷ θεῷ.
2f051500be	τὸν μὴ γνόντα ἁμαρτίαν ὑπὲρ ἡμῶν ἁμαρτίαν ἐποίησεν, ἵνα ἡμεῖς γενώμεθα δικαιοσύνη θεοῦ ἐν αὐτῷ.
2f0601009d	Συνεργοῦντες δὲ καὶ παρακαλοῦμεν μὴ εἰς κενὸν τὴν χάριν τοῦ θεοῦ δέξασθαι ὑμᾶς,
2f060200fa	(λέγει γάρ, Καιρῷ δεκτῷ ἐπήκουσά σου, καὶ ἐν ἡμέρᾳ σωτηρίας ἐβοήθησά σοι· ἰδοὺ νῦν καιρὸς εὐπρόσδεκτος, ἰδοὺ νῦν ἡμέρα σωτηρίας),
2f0603007b	μηδεμίαν ἐν μηδενὶ διδόντες προσκοπήν, ἵνα μὴ μωμηθῇ ἡ διακονία,
2f060400db	ἀλλ᾽ ἐν παντὶ συνιστάντες ἑαυτοὺς ὡς θεοῦ διάκονοι, ἐν ὑπομονῇ πολλῇ, ἐν θλίψεσιν, ἐν ἀνάγκαις, ἐν στενοχωρίαις,
2f0605009d	ἐν πληγαῖς, ἐν φυλακαῖς, ἐν ἀκαταστασίαις, ἐν κόποις, ἐν ἀγρυπνίαις, ἐν νηστείαις,
2f060600b3	ἐν ἁγνότητι, ἐν γνώσει, ἐν μακροθυμίᾳ, ἐν χρηστότητι, ἐν πνεύματι ἁγίῳ, ἐν ἀγάπῃ ἀνυποκρίτῳ,
2f060700b1	ἐν λόγῳ ἀληθείας, ἐν δυνάμει θεοῦ, διὰ τῶν ὅπλων τῆς δικαιοσύνης τῶν δεξιῶν καὶ ἀριστερῶν,
2f0608008e	διὰ δόξης καὶ ἀτιμίας, διὰ δυσφημίας καὶ εὐφημίας, ὡς πλάνοι καὶ ἀληθεῖς,
2f060900cf	ὡς ἀγνοούμενοι καὶ ἐπιγινωσκόμενοι, ὡς ἀποθνήσκοντες καὶ ἰδοὺ ζῶμεν, ὡς παιδευόμενοι καὶ μὴ θανατούμενοι,
2f060a00cc	ὡς λυπούμενοι ἀεὶ δὲ χαίροντες, ὡς πτωχοὶ πολλοὺς δὲ πλουτίζοντες, ὡς μηδὲν ἔχοντες καὶ πάντα κατέχοντες.
2f060b008b	Τὸ στόμα ἡμῶν ἀνέῳγεν πρὸς ὑμᾶς, Κορίνθιοι, ἡ καρδία ἡμῶν πεπλάτυνται·
2f060c0087	οὐ στενοχωρεῖσθε ἐν ἡμῖν, στενοχωρεῖσθε δὲ ἐν τοῖς σπλάγχνοις ὑμῶν·
2f060d007f	τὴν δὲ αὐτὴν ἀντιμισθίαν, (ὡς τέκνοις λέγω), πλατύνθητε καὶ ὑμεῖς.
2f060e00d0	Μὴ γίνεσθε ἑτεροζυγοῦντες ἀπίστοις· τίς γὰρ μετοχὴ δικαιοσύνῃ καὶ ἀνομίᾳ; ἢ τίς κοινωνία φωτὶ πρὸς σκότος;
2f060f0087	τίς δὲ συμφώνησις χριστοῦ πρὸς βελιάρ; ἢ τίς μερὶς πιστῷ μετὰ ἀπίστου;
2f06100171	τίς δὲ συγκατάθεσις ναῷ θεοῦ μετὰ εἰδώλων; ἡμεῖς γὰρ ναὸς θεοῦ ἐσμεν ζῶντος, καθὼς εἶπεν ὁ θεὸς ὅτι Ἐνοικήσω ἐν αὐτοῖς καὶ ἐμπεριπατήσω, καὶ ἔσομαι αὐτῶν θεός, καὶ αὐτοὶ ἔσονταί μου λαός.
2f061100d0	Διὸ ἐξέλθατε ἐκ μέσου αὐτῶν καὶ ἀφορίσθητε, λέγει κύριος, καὶ ἀκαθάρτου μὴ ἅπτεσθε· κἀγὼ εἰσδέξομαι ὑμᾶς,
2f061200c1	καὶ ἔσομαι ὑμῖν εἰς πατέρα, καὶ ὑμεῖς ἔσεσθέ μοι εἰς υἱοὺς καὶ θυγατέρας, λέγει κύριος παντοκράτωρ.
2f0701011b	ταύτας οὖν ἔχοντες τὰς ἐπαγγελίας, ἀγαπητοί, καθαρίσωμεν ἑαυτοὺς ἀπὸ παντὸς μολυσμοῦ σαρκὸς καὶ πνεύματος, ἐπιτελοῦντες ἁγιωσύνην ἐν φόβῳ θεοῦ.
2f07020096	Χωρήσατε ἡμᾶς· οὐδένα ἠδικήσαμεν, οὐδένα ἐφθείραμεν, οὐδένα ἐπλεονεκτήσαμεν.
2f070300c7	πρὸς κατάκρισιν οὐ λέγω· προείρηκα γὰρ ὅτι ἐν ταῖς καρδίαις ἡμῶν ἐστε εἰς τὸ συναποθανεῖν καὶ συνζῇν.
2f0704010a	πολλή μοι παῤῥησία πρὸς ὑμᾶς, πολλή μοι καύχησις ὑπὲρ ὑμῶν· πεπλήρωμαι τῇ παρακλήσει, ὑπερπερισσεύομαι τῇ χαρᾷ ἐπὶ πάσῃ τῇ θλίψει ἡμῶν.
2f070500f8	καὶ γὰρ ἐλθόντων ἡμῶν εἰς Μακεδονίαν, οὐδεμίαν ἔσχεν ἄνεσιν ἡ σὰρξ ἡμῶν, ἀλλ᾽ ἐν παντὶ θλιβόμενοι· ἔξωθεν μάχαι, ἔσωθεν φόβοι.
2f0706009b	ἀλλ᾽ ὁ παρακαλῶν τοὺς ταπεινοὺς παρεκάλεσεν ἡμᾶς ὁ θεὸς ἐν τῇ παρουσίᾳ Τίτου·
2f07070175	οὐ μόνον δὲ ἐν τῇ παρουσίᾳ αὐτοῦ, ἀλλὰ καὶ ἐν τῇ παρακλήσει ᾗ παρεκλήθη ἐφ᾽ ὑμῖν, ἀναγγέλλων ἡμῖν τὴν ὑμῶν ἐπιπόθησιν, τὸν ὑμῶν ὀδυρμόν, τὸν ὑμῶν ζῆλον ὑπὲρ ἐμοῦ, ὥστε με μᾶλλον χαρῆναι.
2f0708010d	ὅτι εἰ καὶ ἐλύπησα ὑμᾶς ἐν τῇ ἐπιστολῇ, οὐ μεταμέλομαι· εἰ καὶ μετεμελόμην, βλέπω ὅτι ἡ ἐπιστολὴ ἐκείνη εἰ καὶ πρὸς ὥραν ἐλύπησεν ὑμᾶς.
2f070900ee	νῦν χαίρω, οὐχ ὅτι ἐλυπήθητε, ἀλλ᾽ ὅτι ἐλυπήθητε εἰς μετάνοιαν· ἐλυπήθητε γὰρ κατὰ θεόν, ἵνα ἐν μηδενὶ ζημιωθῆτε ἐξ ἡμῶν.
2f070a00d4	ἡ γὰρ κατὰ θεὸν λύπη μετάνοιαν εἰς σωτηρίαν ἀμεταμέλητον ἐργάζεται, ἡ δὲ τοῦ κόσμου λύπη θάνατον κατεργάζεται.
2f070b01b9	ἰδοὺ γὰρ αὐτὸ τοῦτο τὸ κατὰ θεὸν λυπηθῆναι, πόσην κατειργάσατο ὑμῖν σπουδήν, ἀλλὰ ἀπολογίαν, ἀλλὰ ἀγανάκτησιν, ἀλλὰ φόβον, ἀλλὰ ἐπιπόθησιν, ἀλλὰ ζῆλον, ἀλλὰ ἐκδίκησιν; ἐν παντὶ συνεστήσατε ἑαυτοὺς ἁγνοὺς εἶναι τῷ πράγματι.
2f070c0151	ἄρα εἰ καὶ ἔγραψα ὑμῖν, οὐχ ἕνεκεν τοῦ ἀδικήσαντος οὐδὲ ἕνεκεν τοῦ ἀδικηθέντος, ἀλλὰ ἕνεκεν τοῦ φανερωθῆναι τὴν σπουδὴν ὑμῶν τὴν ὑπὲρ ἡμῶν πρὸς ὑμᾶς ἐνώπιον τοῦ θεοῦ.
2f070d0126	διὰ τοῦτο παρακεκλήμεθα· ἐπὶ δὲ τῇ παρακλήσει ἡμῶν περισσοτέρως μᾶλλον ἐχάρημεν ἐπὶ τῇ χαρᾷ Τίτου, ὅτι ἀναπέπαυται τὸ πνεῦμα αὐτοῦ ἀπὸ πάντων ὑμῶν,
2f070e012e	ὅτι εἴ τι αὐτῷ ὑπὲρ ὑμῶν κεκαύχημαι, οὐ κατῃσχύνθην, ἀλλ᾽ ὡς πάντα ἐν ἀληθείᾳ ἐλαλήσαμεν ὑμῖν, οὕτως καὶ ἡ καύχησις ἡμῶν [ἡ] ἐπὶ Τίτου, ἀλήθεια ἐγενήθη·
2f070f0105	καὶ τὰ σπλάγχνα αὐτοῦ περισσοτέρως εἰς ὑμᾶς ἐστιν ἀναμιμνησκομένου τὴν πάντων ὑμῶν ὑπακοήν, ὡς μετὰ φόβου καὶ τρόμου ἐδέξασθε αὐτόν.
2f07100045	χαίρω, ὅτι ἐν παντὶ θαῤῥῶ ἐν ὑμῖν.
2f080100bb	Γνωρίζομεν δὲ ὑμῖν, ἀδελφοί, τὴν χάριν τοῦ θεοῦ τὴν δεδομένην ἐν ταῖς ἐκκλησίαις τῆς Μακεδονίας,
2f0802010f	ὅτι ἐν πολλῇ δοκιμῇ θλίψεως ἡ περισσεία τῆς χαρᾶς αὐτῶν καὶ ἡ κατὰ βάθους πτωχεία αὐτῶν ἐπερίσσευσεν εἰς τὸ πλοῦτος τῆς ἁπλότητος αὐτῶν,
2f0803006a	ὅτι κατὰ δύναμιν, μαρτυρῶ, καὶ παρὰ δύναμιν αὐθαίρετοι,
2f080400c5	μετὰ πολλῆς παρακλήσεως δεόμενοι ἡμῶν, τὴν χάριν καὶ τὴν κοινωνίαν τῆς διακονίας τῆς εἰς τοὺς ἁγίους,
2f080500b2	καὶ οὐ καθὼς ἠλπίσαμεν, ἀλλὰ ἑαυτοὺς ἔδωκαν πρῶτον τῷ κυρίῳ καὶ ἡμῖν διὰ θελήματος θεοῦ·
2f080600cc	εἰς τὸ παρακαλέσαι ἡμᾶς Τίτον, ἵνα καθὼς προενήρξατο, οὕτως καὶ ἐπιτελέσῃ εἰς ὑμᾶς καὶ τὴν χάριν ταύτην.
2f08070120	ἀλλ᾽ ὥσπερ ἐν παντὶ περισσεύετε, πίστει καὶ λόγῳ καὶ γνώσει καὶ πάσῃ σπουδῇ, καὶ τῇ ἐξ ὑμῶν ἐν ἡμῖν ἀγάπῃ, ἵνα καὶ ἐν ταύτῃ τῇ χάριτι περισσεύητε.
2f080800bf	οὐ κατ᾽ ἐπιταγὴν λέγω, ἀλλὰ διὰ τῆς ἑτέρων σπουδῆς καὶ τὸ τῆς ὑμετέρας ἀγάπης γνήσιον δοκιμάζων·
2f08090107	(γινώσκετε γὰρ τὴν χάριν τοῦ κυρίου ἡμῶν Ἰησοῦ χριστοῦ, ὅτι δι᾽ ὑμᾶς ἐπτώχευσεν πλούσιος ὤν, ἵνα ὑμεῖς τῇ ἐκείνου πτωχείᾳ πλουτήσητε),
2f080a00f4	καὶ γνώμην ἐν τούτῳ δίδωμι. τοῦτο γὰρ ὑμῖν συμφέρει, οἵτινες οὐ μόνον τὸ ποιῆσαι, ἀλλὰ καὶ τὸ θέλειν προενήρξασθε ἀπὸ πέρυσι·
2f080b00d5	νυνὶ δὲ καὶ τὸ ποιῆσαι ἐπιτελέσατε, ὅπως καθάπερ ἡ προθυμία τοῦ θέλειν, οὕτως καὶ τὸ ἐπιτελέσαι ἐκ τοῦ ἔχειν.
2f080c0091	εἰ γὰρ ἡ προθυμία πρόκειται, καθὸ ἐὰν ἔχῃ, εὐπρόσδεκτος, οὐ καθὸ οὐκ ἔχει.
2f080d0071	οὐ γὰρ ἵνα ἄλλοις ἄνεσις, ὑμῖν θλῖψις, ἀλλ᾽ ἐξ ἰσότητος·
2f080e0114	ἐν τῷ νῦν καιρῷ τὸ ὑμῶν περίσσευμα εἰς τὸ ἐκείνων ὑστέρημα, ἵνα καὶ τὸ ἐκείνων περίσσευμα γένηται εἰς τὸ ὑμῶν ὑστέρημα, ὅπως γένηται ἰσότης,
2f080f0093	καθὼς γέγραπται, Ὁ τὸ πολὺ οὐκ ἐπλεόνασεν, καὶ ὁ τὸ ὀλίγον οὐκ ἠλαττόνησεν.
2f08100094	Χάρις δὲ τῷ θεῷ τῷ διδόντι τὴν αὐτὴν σπουδὴν ὑπὲρ ὑμῶν ἐν τῇ καρδίᾳ Τίτου,
2f081100ab	ὅτι τὴν μὲν παράκλησιν ἐδέξατο, σπουδαιότερος δὲ ὑπάρχων αὐθαίρετος ἐξῆλθεν πρὸς ὑμᾶς.
2f081200bc	συνεπέμψαμεν δὲ μετ᾽ αὐτοῦ τὸν ἀδελφόν, οὗ ὁ ἔπαινος ἐν τῷ εὐαγγελίῳ διὰ πασῶν τῶν ἐκκλησιῶν·
2f0813013f	(οὐ μόνον δέ, ἀλλὰ καὶ χειροτονηθεὶς ὑπὸ τῶν ἐκκλησιῶν συνέκδημος ἡμῶν ἐν τῇ χάριτι ταύτῃ τῇ διακονουμένῃ ὑφ᾽ ἡμῶν πρὸς τὴν τοῦ κυρίου δόξαν καὶ προθυμίαν ἡμῶν).
2f081400ad	στελλόμενοι τοῦτο, μή τις ἡμᾶς μωμήσηται ἐν τῇ ἁδρότητι ταύτῃ τῇ διακονουμένῃ ὑφ᾽ ἡμῶν·
2f0815008c	προνοοῦμεν γὰρ καλὰ οὐ μόνον ἐνώπιον κυρίου, ἀλλὰ καὶ ἐνώπιον ἀνθρώπων.
2f08160128	συνεπέμψαμεν δὲ αὐτοῖς τὸν ἀδελφὸν ἡμῶν, ὃν ἐδοκιμάσαμεν ἐν πολλοῖς πολλάκις σπουδαῖον ὄντα, νυνὶ δὲ πολὺ σπουδαιότερον πεποιθήσει πολλῇ τῇ εἰς ὑμᾶς.
2f081700d6	εἴτε ὑπὲρ Τίτου, κοινωνὸς ἐμὸς καὶ εἰς ὑμᾶς συνεργός· εἴτε ἀδελφοὶ ἡμῶν, ἀπόστολοι ἐκκλησιῶν, δόξα χριστοῦ.
2f081800e9	τὴν οὖν ἔνδειξιν τῆς ἀγάπης ὑμῶν καὶ ἡμῶν καυχήσεως ὑπὲρ ὑμῶν εἰς αὐτοὺς ἐνδεικνύμενοι, εἰς πρόσωπον τῶν ἐκκλησιῶν.
2f090100a2	Περὶ μὲν γὰρ τῆς διακονίας τῆς εἰς τοὺς ἁγίους περισσόν μοί ἐστιν τὸ γράφειν ὑμῖν·
2f09020112	οἶδα γὰρ τὴν προθυμίαν ὑμῶν ἣν ὑπὲρ ὑμῶν καυχῶμαι Μακεδόσιν, ὅτι Ἀχαΐα παρεσκεύασται ἀπὸ πέρυσι, καὶ τὸ ὑμῶν ζῆλος ἠρέθισεν τοὺς πλείονας.
2f090300f6	ἔπεμψα δὲ τοὺς ἀδελφούς, ἵνα μὴ τὸ καύχημα ἡμῶν τὸ ὑπὲρ ὑμῶν κενωθῇ ἐν τῷ μέρει τούτῳ, ἵνα καθὼς ἔλεγον παρεσκευασμένοι ἦτε,
2f09040114	μή πως ἐὰν ἔλθωσιν σὺν ἐμοὶ Μακεδόνες καὶ εὕρωσιν ὑμᾶς ἀπαρασκευάστους, καταισχυνθῶμεν ἡμεῖς, (ἵνα μὴ λέγωμεν ὑμεῖς), ἐν τῇ ὑποστάσει ταύτῃ.
2f09050177	ἀναγκαῖον οὖν ἡγησάμην παρακαλέσαι τοὺς ἀδελφούς, ἵνα προέλθωσιν πρὸς ὑμᾶς καὶ προκαταρτίσωσιν τὴν προεπηγγελμένην εὐλογίαν ὑμῶν ταύτην ἑτοίμην εἶναι, οὕτως ὡς εὐλογίαν καὶ μὴ ὡς πλεονεξίαν.
2f090600d3	τοῦτο δέ, ὁ σπείρων φειδομένως φειδομένως καὶ θερίσει, καὶ ὁ σπείρων ἐπ᾽ εὐλογίαις ἐπ᾽ εὐλογίαις καὶ θερίσει.
2f090700b4	ἕκαστος καθὼς προῄρηται τῇ καρδίᾳ, μὴ ἐκ λύπης ἢ ἐξ ἀνάγκης· ἱλαρὸν γὰρ δότην ἀγαπᾷ ὁ θεός.
2f09080103	δυνατεῖ δὲ ὁ θεὸς πᾶσαν χάριν περισσεῦσαι εἰς ὑμᾶς, ἵνα ἐν παντὶ πάντοτε πᾶσαν αὐτάρκειαν ἔχοντες περισσεύητε εἰς πᾶν ἔργον ἀγαθόν,
2f090900ad	καθὼς γέγραπται, Ἐσκόρπισεν, ἔδωκεν τοῖς πένησιν, ἡ δικαιοσύνη αὐτοῦ μένει εἰς τὸν αἰῶνα.
2f090a0118	ὁ δὲ ἐπιχορηγῶν σπόρον τῷ σπείροντι καὶ ἄρτον εἰς βρῶσιν χορηγήσει καὶ πληθυνεῖ τὸν σπόρον ὑμῶν, καὶ αὐξήσει τὰ γενήματα τῆς δικαιοσύνης ὑμῶν.
2f090b00b0	ἐν παντὶ πλουτιζόμενοι εἰς πᾶσαν ἁπλότητα, ἥτις κατεργάζεται δι᾽ ἡμῶν εὐχαριστίαν τῷ θεῷ,
2f090c0122	ὅτι ἡ διακονία τῆς λειτουργίας ταύτης οὐ μόνον ἐστὶν προσαναπληροῦσα τὰ ὑστερήματα τῶν ἁγίων, ἀλλὰ καὶ περισσεύουσα διὰ πολλῶν εὐχαριστιῶν τῷ θεῷ·
2f090d015b	διὰ τῆς δοκιμῆς τῆς διακονίας ταύτης δοξάζοντες τὸν θεὸν ἐπὶ τῇ ὑποταγῇ τῆς ὁμολογίας ὑμῶν εἰς τὸ εὐαγγέλιον τοῦ χριστοῦ καὶ ἁπλότητι τῆς κοινωνίας εἰς αὐτοὺς καὶ εἰς πάντας,
2f090e00ba	καὶ αὐτῶν δεήσει ὑπὲρ ὑμῶν ἐπιποθούντων ὑμᾶς διὰ τὴν ὑπερβάλλουσαν χάριν τοῦ θεοῦ ἐφ᾽ ὑμῖν.
2f090f005a	χάρις τῷ θεῷ ἐπὶ τῇ ἀνεκδιηγήτῳ αὐτοῦ δωρεᾷ.
2f0a010122	Αὐτὸς δὲ ἐγὼ Παῦλος παρακαλῶ ὑμᾶς διὰ τῆς πρᾳΰτητος καὶ ἐπιεικείας τοῦ χριστοῦ, ὃς κατὰ πρόσωπον μὲν ταπεινὸς ἐν ὑμῖν, ἀπὼν δὲ θαῤῥῶ εἰς ὑμᾶς·
2f0a0200fb	δέομαι δὲ τὸ μὴ παρὼν θαῤῥῆσαι τῇ πεποιθήσει ᾗ λογίζομαι τολμῆσαι ἐπί τινας τοὺς λογιζομένους ἡμᾶς ὡς κατὰ σάρκα περιπατοῦντας.
2f0a03006a	ἐν σαρκὶ γὰρ περιπατοῦντες οὐ κατὰ σάρκα στρατευόμεθα,
2f0a0400e0	(τὰ γὰρ ὅπλα τῆς στρατείας ἡμῶν οὐ σαρκικά, ἀλλὰ δυνατὰ τῷ θεῷ πρὸς καθαίρεσιν ὀχυρωμάτων), λογισμοὺς καθαιροῦντες
2f0a0500dc	καὶ πᾶν ὕψωμα ἐπαιρόμενον κατὰ τῆς γνώσεως τοῦ θεοῦ, καὶ αἰχμαλωτίζοντες πᾶν νόημα εἰς τὴν ὑπακοὴν τοῦ χριστοῦ,
2f0a060097	καὶ ἐν ἑτοίμῳ ἔχοντες ἐκδικῆσαι πᾶσαν παρακοήν, ὅταν πληρωθῇ ὑμῶν ἡ ὑπακοή.
2f0a07010f	Τὰ κατὰ πρόσωπον βλέπετε; εἴ τις πέποιθεν ἑαυτῷ χριστοῦ εἶναι, τοῦτο λογιζέσθω πάλιν ἐφ᾽ ἑαυτοῦ, ὅτι καθὼς αὐτὸς χριστοῦ, οὕτως καὶ ἡμεῖς.
2f0a080113	ἐὰν γὰρ περισσότερόν τι καυχήσωμαι περὶ τῆς ἐξουσίας ἡμῶν ἧς ἔδωκεν ὁ κύριος εἰς οἰκοδομὴν καὶ οὐκ εἰς καθαίρεσιν ὑμῶν, οὐκ αἰσχυνθήσομαι·
2f0a090066	ἵνα μὴ δόξω ὡς ἂν ἐκφοβεῖν ὑμᾶς διὰ τῶν ἐπιστολῶν.
2f0a0a00d6	ὅτι Αἱ ἐπιστολαὶ μέν, φησίν, βαρεῖαι καὶ ἰσχυραί, ἡ δὲ παρουσία τοῦ σώματος ἀσθενὴς καὶ ὁ λόγος ἐξουθενημένος.
2f0a0b00ce	τοῦτο λογιζέσθω ὁ τοιοῦτος, ὅτι οἷοί ἐσμεν τῷ λόγῳ δι᾽ ἐπιστολῶν ἀπόντες, τοιοῦτοι καὶ παρόντες τῷ ἔργῳ.
2f0a0c014e	Οὐ γὰρ τολμῶμεν ἐγκρῖναι ἢ συγκρῖναι ἑαυτούς τισιν τῶν ἑαυτοὺς συνιστανόντων· ἀλλὰ αὐτοὶ ἐν ἑαυτοῖς ἑαυτοὺς μετροῦντες καὶ συγκρίνοντες ἑαυτοὺς ἑαυτοῖς, οὐ συνιᾶσιν.
2f0a0d00fd	ἡμεῖς δὲ οὐκ εἰς τὰ ἄμετρα καυχησόμεθα, ἀλλὰ κατὰ τὸ μέτρον τοῦ κανόνος οὗ ἐμέρισεν ἡμῖν ὁ θεὸς μέτρου ἐφικέσθαι ἄχρι καὶ ὑμῶν.
2f0a0e00ea	οὐ γὰρ ὡς μὴ ἐφικνούμενοι εἰς ὑμᾶς ὑπερεκτείνομεν ἑαυτούς· ἄχρι γὰρ καὶ ὑμῶν ἐφθάσαμεν ἐν τῷ εὐαγγελίῳ τοῦ χριστοῦ·
2f0a0f0133	οὐκ εἰς τὰ ἄμετρα καυχώμενοι ἐν ἀλλοτρίοις κόποις, ἐλπίδα δὲ ἔχοντες αὐξανομένης τῆς πίστεως ὑμῶν ἐν ὑμῖν μεγαλυνθῆναι κατὰ τὸν κανόνα ἡμῶν εἰς περισσείαν,
2f0a1000af	εἰς τὰ ὑπερέκεινα ὑμῶν εὐαγγελίσασθαι, οὐκ ἐν ἀλλοτρίῳ κανόνι εἰς τὰ ἕτοιμα καυχήσασθαι.
2f0a110043	Ὁ δὲ καυχώμενος ἐν κυρίῳ καυχάσθω·
2f0a12009b	οὐ γὰρ ὁ ἑαυτὸν συνιστάνων, ἐκεῖνός ἐστιν δόκιμος, ἀλλὰ ὃν ὁ κύριος συνίστησιν.
2f0b01007d	Ὄφελον ἀνείχεσθέ μου μικρόν τι ἀφροσύνης· ἀλλὰ καὶ ἀνέχεσθέ μου.
2f0b0200b8	ζηλῶ γὰρ ὑμᾶς θεοῦ ζήλῳ· ἡρμοσάμην γὰρ ὑμᾶς ἑνὶ ἀνδρὶ παρθένον ἁγνὴν παραστῆσαι τῷ χριστῷ,
2f0b030122	φοβοῦμαι δὲ μή πως ὡς ὁ ὄφις ἐξηπάτησεν Εὔαν ἐν τῇ πανουργίᾳ αὐτοῦ, φθαρῇ τὰ νοήματα ὑμῶν ἀπὸ τῆς ἁπλότητος καὶ τῆς ἁγνότητος τῆς εἰς τὸν χριστόν.
2f0b040136	εἰ μὲν γὰρ ὁ ἐρχόμενος ἄλλον Ἰησοῦν κηρύσσει ὃν οὐκ ἐκηρύξαμεν, ἢ πνεῦμα ἕτερον λαμβάνετε ὃ οὐκ ἐλάβετε, ἢ εὐαγγέλιον ἕτερον ὃ οὐκ ἐδέξασθε, καλῶς ἀνείχεσθε.
2f0b05006f	λογίζομαι γὰρ μηδὲν ὑστερηκέναι τῶν ὑπὲρ λίαν ἀποστόλων.
2f0b0600b5	εἰ δὲ καὶ ἰδιώτης τῷ λόγῳ, ἀλλ᾽ οὐ τῇ γνώσει, ἀλλ᾽ ἐν παντὶ φανερώσαντες ἐν πᾶσιν εἰς ὑμᾶς.
2f0b0700dc	ἢ ἁμαρτίαν ἐποίησα, ἐμαυτὸν ταπεινῶν ἵνα ὑμεῖς ὑψωθῆτε, ὅτι δωρεὰν τὸ τοῦ θεοῦ εὐαγγέλιον εὐηγγελισάμην ὑμῖν;
2f0b08007c	ἄλλας ἐκκλησίας ἐσύλησα λαβὼν ὀψώνιον πρὸς τὴν ὑμῶν διακονίαν,
2f0b09016f	καὶ παρὼν πρὸς ὑμᾶς καὶ ὑστερηθεὶς οὐ κατενάρκησα οὐθενός· (τὸ γὰρ ὑστέρημά μου προσανεπλήρωσαν οἱ ἀδελφοὶ ἐλθόντες ἀπὸ Μακεδονίας), καὶ ἐν παντὶ ἀβαρῆ ἐμαυτὸν ὑμῖν ἐτήρησα καὶ τηρήσω.
2f0b0a00c7	ἔστιν ἀλήθεια χριστοῦ ἐν ἐμοί, ὅτι ἡ καύχησις αὕτη οὐ φραγήσεται εἰς ἐμὲ ἐν τοῖς κλίμασιν τῆς Ἀχαΐας.
2f0b0b0052	διὰ τί; ὅτι οὐκ ἀγαπῶ ὑμᾶς; ὁ θεὸς οἶδεν·
2f0b0c00e1	ὃ δὲ ποιῶ, καὶ ποιήσω, ἵνα ἐκκόψω τὴν ἀφορμὴν τῶν θελόντων ἀφορμήν, ἵνα ἐν ᾧ καυχῶνται, εὑρεθῶσιν καθὼς καὶ ἡμεῖς.
2f0b0d00ae	οἱ γὰρ τοιοῦτοι ψευδαπόστολοι, ἐργάται δόλιοι, μετασχηματιζόμενοι εἰς ἀποστόλους χριστοῦ·
2f0b0e008a	καὶ οὐ θαῦμα· αὐτὸς γὰρ ὁ σατανᾶς μετασχηματίζεται εἰς ἄγγελον φωτός·
2f0b0f00e5	οὐ μέγα οὖν εἰ καὶ οἱ διάκονοι αὐτοῦ μετασχηματίζονται ὡς διάκονοι δικαιοσύνης, ὧν τὸ τέλος ἔσται κατὰ τὰ ἔργα αὐτῶν.
2f0b1000ce	Πάλιν λέγω, μή τίς με δόξῃ ἄφρονα εἶναι· εἰ δὲ μή γε, κἂν ὡς ἄφρονα δέξασθέ με, ἵνα κἀγὼ μικρόν τι καυχήσωμαι.
2f0b1100a9	ὃ λαλῶ, οὐ κατὰ κύριον λαλῶ, ἀλλ᾽ ὡς ἐν ἀφροσύνῃ, ἐν ταύτῃ τῇ ὑποστάσει τῆς καυχήσεως.
2f0b120063	ἐπεὶ πολλοὶ καυχῶνται κατὰ σάρκα, κἀγὼ καυχήσομαι.
2f0b13005d	ἡδέως γὰρ ἀνέχεσθε τῶν ἀφρόνων, φρόνιμοι ὄντες·
2f0b1400e7	ἀνέχεσθε γάρ, εἴ τις ὑμᾶς καταδουλοῖ, εἴ τις κατεσθίει, εἴ τις λαμβάνει, εἴ τις ἐπαίρεται, εἴ τις εἰς πρόσωπον ὑμᾶς δέρει.
2f0b1500be	κατὰ ἀτιμίαν λέγω, ὡς ὅτι ἡμεῖς ἠσθενήκαμεν· ἐν ᾧ δ᾽ ἄν τις τολμᾷ, (ἐν ἀφροσύνῃ λέγω), τολμῶ κἀγώ.
2f0b16008d	Ἑβραῖοί εἰσιν; κἀγώ· Ἰσραηλῖταί εἰσιν; κἀγώ· σπέρμα Ἀβραάμ εἰσιν; κἀγώ·
2f0b17011f	διάκονοι χριστοῦ εἰσιν; (παραφρονῶν λαλῶ), ὑπὲρ ἐγώ, ἐν κόποις περισσοτέρως, ἐν φυλακαῖς περισσοτέρως, ἐν πληγαῖς ὑπερβαλλόντως, ἐν θανάτοις πολλάκις.
2f0b180066	ὑπὸ Ἰουδαίων πεντάκις τεσσεράκοντα παρὰ μίαν ἔλαβον,
2f0b19009c	τρὶς ἐραβδίσθην, ἅπαξ ἐλιθάσθην, τρὶς ἐναυάγησα, νυχθήμερον ἐν τῷ βυθῷ πεποίηκα·
2f0b1a0169	ὁδοιπορίαις πολλάκις, κινδύνοις ποταμῶν, κινδύνοις λῃστῶν, κινδύνοις ἐκ γένους, κινδύνοις ἐξ ἐθνῶν, κινδύνοις ἐν πόλει, κινδύνοις ἐν ἐρημίᾳ, κινδύνοις ἐν θαλάσσῃ, κινδύνοις ἐν ψευδαδέλφοις,
2f0b1b00c9	κόπῳ καὶ μόχθῳ, ἐν ἀγρυπνίαις πολλάκις, ἐν λιμῷ καὶ δίψει, ἐν νηστείαις πολλάκις, ἐν ψύχει καὶ γυμνότητι·
2f0b1c009e	χωρὶς τῶν παρεκτὸς ἡ ἐπίστασίς μοι ἡ καθ᾽ ἡμέραν, ἡ μέριμνα πασῶν τῶν ἐκκλησιῶν.
2f0b1d0087	τίς ἀσθενεῖ, καὶ οὐκ ἀσθενῶ; τίς σκανδαλίζεται, καὶ οὐκ ἐγὼ πυροῦμαι;
2f0b1e0061	εἰ καυχᾶσθαι δεῖ, τὰ τῆς ἀσθενείας μου καυχήσομαι.
2f0b1f00b1	ὁ θεὸς καὶ πατὴρ τοῦ κυρίου Ἰησοῦ οἶδεν, ὁ ὢν εὐλογητὸς εἰς τοὺς αἰῶνας, ὅτι οὐ ψεύδομαι.
2f0b20009e	ἐν Δαμασκῷ ὁ ἐθνάρχης Ἀρέτα τοῦ βασιλέως ἐφρούρει τὴν πόλιν Δαμασκηνῶν πιάσαι με,
2f0b2100a6	καὶ διὰ θυρίδος ἐν σαργάνῃ ἐχαλάσθην διὰ τοῦ τείχους, καὶ ἐξέφυγον τὰς χεῖρας αὐτοῦ.
2f0c01009d	Καυχᾶσθαι δεῖ, οὐ συμφέρον μέν, ἐλεύσομαι δὲ εἰς ὀπτασίας καὶ ἀποκαλύψεις κυρίου.
2f0c02013f	οἶδα ἄνθρωπον ἐν χριστῷ πρὸ ἐτῶν δεκατεσσάρων, (εἴτε ἐν σώματι οὐκ οἶδα, εἴτε ἐκτὸς τοῦ σώματος οὐκ οἶδα, ὁ θεὸς οἶδεν), ἁρπαγέντα τὸν τοιοῦτον ἕως τρίτου οὐρανοῦ.
2f0c0300b9	καὶ οἶδα τὸν τοιοῦτον ἄνθρωπον, (εἴτε ἐν σώματι εἴτε χωρὶς τοῦ σώματος, οὐκ οἶδα, ὁ θεὸς οἶδεν),
2f0c0400aa	ὅτι ἡρπάγη εἰς τὸν παράδεισον καὶ ἤκουσεν ἄῤῥητα ῥήματα, ἃ οὐκ ἐξὸν ἀνθρώπῳ λαλῆσαι.
2f0c0500ab	ὑπὲρ τοῦ τοιούτου καυχήσομαι, ὑπὲρ δὲ ἐμαυτοῦ οὐ καυχήσομαι, εἰ μὴ ἐν ταῖς ἀσθενείαις·
2f0c06010b	ἐὰν γὰρ θελήσω καυχήσασθαι, οὐκ ἔσομαι ἄφρων· ἀλήθειαν γὰρ ἐρῶ· φείδομαι δέ, μή τις εἰς ἐμὲ λογίσηται ὑπὲρ ὃ βλέπει με, ἢ ἀκούει ἐξ ἐμοῦ.
2f0c0700df	Καὶ τῇ ὑπερβολῇ τῶν ἀποκαλύψεων διὸ ἵνα μὴ ὑπεραίρωμαι, ἐδόθη μοι σκόλοψ τῇ σαρκί, ἄγγελος σατανᾶ ἵνα με κολαφίζῃ.
2f0c080078	ὑπὲρ τούτου τρὶς τὸν κύριον παρεκάλεσα, ἵνα ἀποστῇ ἀπ᾽ ἐμοῦ.
2f0c090158	καὶ εἴρηκέν μοι, Ἀρκεῖ σοι ἡ χάρις μου· ἡ γὰρ δύναμις ἐν ἀσθενείᾳ τελεῖται. ἥδιστα οὖν μᾶλλον καυχήσομαι ἐν ταῖς ἀσθενείαις [μου], ἵνα ἐπισκηνώσῃ ἐπ᾽ ἐμὲ ἡ δύναμις τοῦ χριστοῦ.
2f0c0a00fe	διὸ εὐδοκῶ ἐν ἀσθενείαις, ἐν ὕβρεσιν, ἐν ἀνάγκαις, ἐν διωγμοῖς, ἐν στενοχωρίαις, ὑπὲρ χριστοῦ· ὅταν γὰρ ἀσθενῶ, τότε δυνατός εἰμι.
2f0c0b010e	γέγονα ἄφρων· ὑμεῖς με ἠναγκάσατε. ἐγὼ γὰρ ὤφειλον ὑφ᾽ ὑμῶν συνίστασθαι· οὐδὲν γὰρ ὑστέρησα τῶν ὑπὲρ λίαν ἀποστόλων, εἰ καὶ οὐδέν εἰμι.
2f0c0c00c5	τὰ μὲν σημεῖα τοῦ ἀποστόλου κατειργάσθη ἐν ὑμῖν ἐν πάσῃ ὑπομονῇ, σημείοις καὶ τέρασιν καὶ δυνάμεσιν.
2f0c0d00f6	τί γάρ ἐστιν ὃ ἡσσώθητε ὑπὲρ τὰς λοιπὰς ἐκκλησίας, εἰ μὴ ὅτι αὐτὸς ἐγὼ οὐ κατενάρκησα ὑμῶν; χαρίσασθέ μοι τὴν ἀδικίαν ταύτην.
2f0c0e0165	ἰδοὺ τρίτον τοῦτο ἑτοίμως ἔχω ἐλθεῖν πρὸς ὑμᾶς, καὶ οὐ καταναρκήσω· οὐ γὰρ ζητῶ τὰ ὑμῶν, ἀλλὰ ὑμᾶς. οὐ γὰρ ὀφείλει τὰ τέκνα τοῖς γονεῦσιν θησαυρίζειν, ἀλλὰ οἱ γονεῖς τοῖς τέκνοις·
2f0c0f00d9	ἐγὼ δὲ ἥδιστα δαπανήσω καὶ ἐκδαπανηθήσομαι ὑπὲρ τῶν ψυχῶν ὑμῶν, εἰ περισσοτέρως ὑμᾶς ἀγαπῶν ἧσσον ἀγαπῶμαι.
2f0c100094	ἔστω δέ, ἐγὼ οὐ κατεβάρησα ὑμᾶς· ἀλλὰ ὑπάρχων πανοῦργος, δόλῳ ὑμᾶς ἔλαβον.
2f0c110078	μή τινα ὧν ἀπέσταλκα πρὸς ὑμᾶς, δι᾽ αὐτοῦ ἐπλεονέκτησα ὑμᾶς;
2f0c12010e	παρεκάλεσα Τίτον, καὶ συναπέστειλα τὸν ἀδελφόν· μή τι ἐπλεονέκτησεν ὑμᾶς Τίτος; οὐ τῷ αὐτῷ πνεύματι περιεπατήσαμεν; οὐ τοῖς αὐτοῖς ἴχνεσιν;
2f0c1300ec	πάλαι δοκεῖτε ὅτι ὑμῖν ἀπολογούμεθα. κατέναντι θεοῦ ἐν χριστῷ λαλοῦμεν· τὰ δὲ πάντα, ἀγαπητοί, ὑπὲρ τῆς ὑμῶν οἰκοδομῆς.
2f0c140145	φοβοῦμαι γὰρ μή πως ἐλθὼν οὐχ οἵους θέλω εὕρω ὑμᾶς, κἀγὼ εὑρεθῶ ὑμῖν οἷον οὐ θέλετε, μή πως ἔρεις ζῆλος θυμοὶ ἐριθεῖαι καταλαλιαὶ ψιθυρισμοὶ φυσιώσεις ἀκαταστασίαι.
2f0c15014e	μὴ πάλιν ἐλθόντος μου ταπεινώσει με ὁ θεός μου πρὸς ὑμᾶς, καὶ πενθήσω πολλοὺς τῶν προημαρτηκότων καὶ μὴ μετανοησάντων ἐπὶ τῇ ἀκαθαρσίᾳ καὶ πορνείᾳ καὶ ἀσελγείᾳ ᾗ ἔπραξαν;
2f0d0100ad	Τρίτον τοῦτο ἔρχομαι πρὸς ὑμᾶς. ἐπὶ στόματος δύο μαρτύρων καὶ τριῶν σταθήσεται πᾶν ῥῆμα.
2f0d020112	προείρηκα καὶ προλέγω, ὡς παρὼν τὸ δεύτερον καὶ ἀπὼν νῦν, τοῖς προημαρτηκόσιν, καὶ τοῖς λοιποῖς πᾶσιν, ὅτι ἐὰν ἔλθω εἰς τὸ πάλιν οὐ φείσομαι.
2f0d0300c8	ἐπεὶ δοκιμὴν ζητεῖτε τοῦ ἐν ἐμοὶ λαλοῦντος χριστοῦ, ὃς εἰς ὑμᾶς οὐκ ἀσθενεῖ, ἀλλὰ δυνατεῖ ἐν ὑμῖν.
2f0d04011a	καὶ γὰρ ἐσταυρώθη ἐξ ἀσθενείας, ἀλλὰ ζῇ ἐκ δυνάμεως θεοῦ· καὶ γὰρ ἡμεῖς ἀσθενοῦμεν ἐν αὐτῷ, ἀλλὰ ζήσομεν σὺν αὐτῷ ἐκ δυνάμεως θεοῦ εἰς ὑμᾶς.
2f0d050113	ἑαυτοὺς πειράζετε εἰ ἐστὲ ἐν τῇ πίστει, ἑαυτοὺς δοκιμάζετε· ἢ οὐκ ἐπιγινώσκετε ἑαυτοὺς ὅτι χριστὸς Ἰησοῦς ἐν ὑμῖν; εἰ μή τι ἀδόκιμοί ἐστε.
2f0d060069	ἐλπίζω δὲ ὅτι γνώσεσθε ὅτι ἡμεῖς οὐκ ἐσμὲν ἀδόκιμοι.
2f0d070120	εὐχόμεθα δὲ πρὸς τὸν θεὸν μὴ ποιῆσαι ὑμᾶς κακὸν μηδέν, οὐχ ἵνα ἡμεῖς δόκιμοι φανῶμεν, ἀλλ᾽ ἵνα ὑμεῖς τὸ καλὸν ποιῆτε, ἡμεῖς δὲ ὡς ἀδόκιμοι ὦμεν.
2f0d080079	οὐ γὰρ δυνάμεθά τι κατὰ τῆς ἀληθείας, ἀλλὰ ὑπὲρ τῆς ἀληθείας.
2f0d0900c2	χαίρομεν γὰρ ὅταν ἡμεῖς ἀσθενῶμεν, ὑμεῖς δὲ δυνατοὶ ἦτε· τοῦτο καὶ εὐχόμεθα, τὴν ὑμῶν κατάρτισιν.
2f0d0a010e	διὰ τοῦτο ταῦτα ἀπὼν γράφω, ἵνα παρὼν μὴ ἀποτόμως χρήσωμαι κατὰ τὴν ἐξουσίαν ἣν ὁ κύριος ἔδωκέν μοι εἰς οἰκοδομὴν καὶ οὐκ εἰς καθαίρεσιν.
2f0d0b0104	Λοιπόν, ἀδελφοί, χαίρετε, καταρτίζεσθε, παρακαλεῖσθε, τὸ αὐτὸ φρονεῖτε, εἰρηνεύετε, καὶ ὁ θεὸς τῆς ἀγάπης καὶ εἰρήνης ἔσται μεθ᾽ ὑμῶν.
2f0d0c0048	ἀσπάσασθε ἀλλήλους ἐν ἁγίῳ φιλήματι.
2f0d0d0040	ἀσπάζονται ὑμᾶς οἱ ἅγιοι πάντες.
2f0d0e00f5	Ἡ χάρις τοῦ κυρίου Ἰησοῦ χριστοῦ καὶ ἡ ἀγάπη τοῦ θεοῦ καὶ ἡ κοινωνία τοῦ ἁγίου πνεύματος μετὰ πάντων ὑμῶν. ΠΡΟΣ ΚΟΡΙΝΘΙΟΥΣ Βʹ.
3000000017	Προς Γαλατας
30010100fa	Παῦλος ἀπόστολος οὐκ ἀπ᾽ ἀνθρώπων οὐδὲ δι᾽ ἀνθρώπου, ἀλλὰ διὰ Ἰησοῦ χριστοῦ καὶ θεοῦ πατρὸς τοῦ ἐγείραντος αὐτὸν ἐκ νεκρῶν,
3001020079	καὶ οἱ σὺν ἐμοὶ πάντες ἀδελφοί, ταῖς ἐκκλησίαις τῆς Γαλατίας·
300103008a	χάρις ὑμῖν καὶ εἰρήνη ἀπὸ θεοῦ πατρὸς καὶ κυρίου ἡμῶν Ἰησοῦ χριστοῦ,
3001040117	τοῦ δόντος ἑαυτὸν περὶ τῶν ἁμαρτιῶν ἡμῶν, ὅπως ἐξέληται ἡμᾶς ἐκ τοῦ αἰῶνος τοῦ ἐνεστῶτος πονηροῦ, κατὰ τὸ θέλημα τοῦ θεοῦ καὶ πατρὸς ἡμῶν,
3001050053	ᾧ ἡ δόξα εἰς τοὺς αἰῶνας τῶν αἰώνων. ἀμήν.
30010600c7	Θαυμάζω ὅτι οὕτως ταχέως μετατίθεσθε ἀπὸ τοῦ καλέσαντος ὑμᾶς ἐν χάριτι χριστοῦ εἰς ἕτερον εὐαγγέλιον,
30010700d1	ὃ οὐκ ἔστιν ἄλλο, εἰ μή τινές εἰσιν οἱ ταράσσοντες ὑμᾶς καὶ θέλοντες μεταστρέψαι τὸ εὐαγγέλιον τοῦ χριστοῦ.
30010800cd	ἀλλὰ καὶ ἐὰν ἡμεῖς ἢ ἄγγελος ἐξ οὐρανοῦ εὐαγγελίζηται ὑμῖν παρ᾽ ὃ εὐηγγελισάμεθα ὑμῖν, ἀνάθεμα ἔστω.
30010900b9	ὡς προειρήκαμεν, καὶ ἄρτι πάλιν λέγω, εἴ τις ὑμᾶς εὐαγγελίζεται παρ᾽ ὃ παρελάβετε, ἀνάθεμα ἔστω.
30010a00e6	ἄρτι γὰρ ἀνθρώπους πείθω, ἢ τὸν θεόν; ἢ ζητῶ ἀνθρώποις ἀρέσκειν; εἰ ἔτι ἀνθρώποις ἤρεσκον, χριστοῦ δοῦλος οὐκ ἂν ἤμην.
30010b00bf	Γνωρίζω γὰρ ὑμῖν, ἀδελφοί, τὸ εὐαγγέλιον τὸ εὐαγγελισθὲν ὑπ᾽ ἐμοῦ, ὅτι οὐκ ἔστιν κατὰ ἄνθρωπον·
30010c00be	οὐδὲ γὰρ ἐγὼ παρὰ ἀνθρώπου παρέλαβον αὐτὸ οὐδὲ ἐδιδάχθην, ἀλλὰ δι᾽ ἀποκαλύψεως Ἰησοῦ χριστοῦ.
30010d00fa	ἠκούσατε γὰρ τὴν ἐμὴν ἀναστροφήν ποτε ἐν τῷ Ἰουδαϊσμῷ, ὅτι καθ᾽ ὑπερβολὴν ἐδίωκον τὴν ἐκκλησίαν τοῦ θεοῦ καὶ ἐπόρθουν αὐτήν·
30010e0100	καὶ προέκοπτον ἐν τῷ Ἰουδαϊσμῷ ὑπὲρ πολλοὺς συνηλικιώτας ἐν τῷ γένει μου, περισσοτέρως ζηλωτὴς ὑπάρχων τῶν πατρικῶν μου παραδόσεων.
30010f00b6	ὅτε δὲ εὐδόκησεν ὁ θεὸς ὁ ἀφορίσας με ἐκ κοιλίας μητρός μου καὶ καλέσας διὰ τῆς χάριτος αὐτοῦ
30011000e8	ἀποκαλύψαι τὸν υἱὸν αὐτοῦ ἐν ἐμοί, ἵνα εὐαγγελίζωμαι αὐτὸν ἐν τοῖς ἔθνεσιν, εὐθέως οὐ προσανεθέμην σαρκὶ καὶ αἵματι,
30011100ed	οὐδὲ ἀνῆλθον εἰς Ἱεροσόλυμα πρὸς τοὺς πρὸ ἐμοῦ ἀποστόλους, ἀλλὰ ἀπῆλθον εἰς Ἀραβίαν, καὶ πάλιν ὑπέστρεψα εἰς Δαμασκόν.
30011200cd	ἔπειτα μετὰ ἔτη τρία ἀνῆλθον εἰς Ἱεροσόλυμα ἱστορῆσαι Κηφᾶν, καὶ ἐπέμεινα πρὸς αὐτὸν ἡμέρας δεκαπέντε·
300113008f	ἕτερον δὲ τῶν ἀποστόλων οὐκ εἶδον, εἰ μὴ Ἰάκωβον τὸν ἀδελφὸν τοῦ κυρίου.
300114006d	ἃ δὲ γράφω ὑμῖν, ἰδοὺ ἐνώπιον τοῦ θεοῦ ὅτι οὐ ψεύδομαι.
300115006e	ἔπειτα ἦλθον εἰς τὰ κλίματα τῆς Συρίας καὶ τῆς Κιλικίας·
3001160096	ἤμην δὲ ἀγνοούμενος τῷ προσώπῳ ταῖς ἐκκλησίαις τῆς Ἰουδαίας ταῖς ἐν χριστῷ,
30011700b6	μόνον δὲ ἀκούοντες ἦσαν ὅτι Ὁ διώκων ἡμᾶς ποτὲ νῦν εὐαγγελίζεται τὴν πίστιν ἥν ποτε ἐπόρθει·
300118003c	καὶ ἐδόξαζον ἐν ἐμοὶ τὸν θεόν.
30020100b9	Ἔπειτα διὰ δεκατεσσάρων ἐτῶν πάλιν ἀνέβην εἰς Ἱεροσόλυμα μετὰ Βαρνάβα, συμπαραλαβὼν καὶ Τίτον·
3002020126	ἀνέβην δὲ κατὰ ἀποκάλυψιν, καὶ ἀνεθέμην αὐτοῖς τὸ εὐαγγέλιον ὃ κηρύσσω ἐν τοῖς ἔθνεσιν, κατ᾽ ἰδίαν δὲ τοῖς δοκοῦσιν, μή πως εἰς κενὸν τρέχω ἢ ἔδραμον.
3002030079	ἀλλ᾽ οὐδὲ Τίτος ὁ σὺν ἐμοὶ Ἕλλην ὢν ἠναγκάσθη περιτμηθῆναι·
300204011f	διὰ δὲ τοὺς παρεισάκτους ψευδαδέλφους, οἵτινες παρεισῆλθον κατασκοπῆσαι τὴν ἐλευθερίαν ἡμῶν ἣν ἔχομεν ἐν χριστῷ Ἰησοῦ, ἵνα ἡμᾶς καταδουλώσουσιν·
30020500b0	οἷς οὐδὲ πρὸς ὥραν εἴξαμεν τῇ ὑποταγῇ, ἵνα ἡ ἀλήθεια τοῦ εὐαγγελίου διαμείνῃ πρὸς ὑμᾶς.
3002060120	ἀπὸ δὲ τῶν δοκούντων εἶναί τι, (ὁποῖοί ποτε ἦσαν, οὐδέν μοι διαφέρει· πρόσωπον θεὸς ἀνθρώπου οὐ λαμβάνει·) ἐμοὶ γὰρ οἱ δοκοῦντες οὐδὲν προσανέθεντο,
30020700c4	ἀλλὰ τοὐναντίον, ἰδόντες ὅτι πεπίστευμαι τὸ εὐαγγέλιον τῆς ἀκροβυστίας, καθὼς Πέτρος τῆς περιτομῆς·
30020800a2	(ὁ γὰρ ἐνεργήσας Πέτρῳ εἰς ἀποστολὴν τῆς περιτομῆς, ἐνήργησεν κἀμοὶ εἰς τὰ ἔθνη·)
3002090173	καὶ γνόντες τὴν χάριν τὴν δοθεῖσάν μοι, Ἰάκωβος καὶ Κηφᾶς καὶ Ἰωάνης, οἱ δοκοῦντες στῦλοι εἶναι, δεξιὰς ἔδωκαν ἐμοὶ καὶ Βαρνάβᾳ κοινωνίας, ἵνα ἡμεῖς εἰς τὰ ἔθνη, αὐτοὶ δὲ εἰς τὴν περιτομήν,
30020a008b	μόνον τῶν πτωχῶν ἵνα μνημονεύωμεν· ὃ καὶ ἐσπούδασα αὐτὸ τοῦτο ποιῆσαι.
30020b00a7	ὅτε δὲ ἦλθεν Κηφᾶς εἰς Ἀντιόχειαν, κατὰ πρόσωπον αὐτῷ ἀντέστην, ὅτι κατεγνωσμένος ἦν.
30020c0114	πρὸ τοῦ γὰρ ἐλθεῖν τινας ἀπὸ Ἰακώβου, μετὰ τῶν ἐθνῶν συνήσθιεν· ὅτε δὲ ἦλθεν, ὑπέστελλεν καὶ ἀφώριζεν ἑαυτόν, φοβούμενος τοὺς ἐκ περιτομῆς·
30020d00bd	καὶ συνυπεκρίθησαν αὐτῷ καὶ οἱ λοιποὶ Ἰουδαῖοι, ὥστε καὶ Βαρνάβας συναπήχθη αὐτῶν τῇ ὑποκρίσει.
30020e017d	ἀλλ᾽ ὅτε εἶδον ὅτι οὐκ ὀρθοποδοῦσιν πρὸς τὴν ἀλήθειαν τοῦ εὐαγγελίου, εἶπον τῷ Κηφᾷ ἔμπροσθεν πάντων, Εἰ σὺ Ἰουδαῖος ὑπάρχων ἐθνικῶς καὶ οὐκ Ἰουδαϊκῶς ζῇς, πῶς τὰ ἔθνη ἀναγκάζεις Ἰουδαΐζειν;
30020f0064	ἡμεῖς φύσει Ἰουδαῖοι, καὶ οὐκ ἐξ ἐθνῶν ἁμαρτωλοί·
30021001d1	εἰδότες δὲ ὅτι οὐ δικαιοῦται ἄνθρωπος ἐξ ἔργων νόμου, ἐὰν μὴ διὰ πίστεως χριστοῦ Ἰησοῦ, καὶ ἡμεῖς εἰς χριστὸν Ἰησοῦν ἐπιστεύσαμεν, ἵνα δικαιωθῶμεν ἐκ πίστεως χριστοῦ καὶ οὐκ ἐξ ἔργων νόμου, ὅτι ἐξ ἔργων νόμου οὐ δικαιωθήσεται πᾶσα σάρξ.
30021100db	εἰ δὲ ζητοῦντες δικαιωθῆναι ἐν χριστῷ εὑρέθημεν καὶ αὐτοὶ ἁμαρτωλοί, ἆρα χριστὸς ἁμαρτίας διάκονος; μὴ γένοιτο.
3002120087	εἰ γὰρ ἃ κατέλυσα, ταῦτα πάλιν οἰκοδομῶ, παραβάτην ἐμαυτὸν συνιστάνω·
3002130085	ἐγὼ γὰρ διὰ νόμου νόμῳ ἀπέθανον, ἵνα θεῷ ζήσω. χριστῷ συνεσταύρωμαι·
300214012b	ζῶ δὲ οὐκέτι ἐγώ, ζῇ δὲ ἐν ἐμοὶ χριστός· ὃ δὲ νῦν ζῶ ἐν σαρκί, ἐν πίστει ζῶ τῇ τοῦ θεοῦ καὶ χριστοῦ τοῦ ἀγαπήσαντός με καὶ παραδόντος ἑαυτὸν ὑπὲρ ἐμοῦ.
30021500ab	οὐκ ἀθετῶ τὴν χάριν τοῦ θεοῦ· εἰ γὰρ διὰ νόμου δικαιοσύνη, ἄρα χριστὸς δωρεὰν ἀπέθανεν.
30030100be	Ὦ ἀνόητοι Γαλάται, τίς ὑμᾶς ἐβάσκανεν; οἷς κατ᾽ ὀφθαλμοὺς Ἰησοῦς χριστὸς προεγράφη ἐσταυρωμένος;
30030200ab	τοῦτο μόνον θέλω μαθεῖν ἀφ᾽ ὑμῶν, ἐξ ἔργων νόμου τὸ πνεῦμα ἐλάβετε, ἢ ἐξ ἀκοῆς πίστεως;
300303007d	οὕτως ἀνόητοί ἐστε; ἐναρξάμενοι πνεύματι νῦν σαρκὶ ἐπιτελεῖσθε;
300304004a	τοσαῦτα ἐπάθετε εἰκῆ; εἴ γε καὶ εἰκῆ.
30030500c1	Ὁ οὖν ἐπιχορηγῶν ὑμῖν τὸ πνεῦμα καὶ ἐνεργῶν δυνάμεις ἐν ὑμῖν, ἐξ ἔργων νόμου ἢ ἐξ ἀκοῆς πίστεως;
3003060084	καθὼς Ἀβραὰμ ἐπίστευσεν τῷ θεῷ, καὶ ἐλογίσθη αὐτῷ εἰς δικαιοσύνην.
300307006e	γινώσκετε ἄρα ὅτι οἱ ἐκ πίστεως οὗτοι υἱοί εἰσιν Ἀβραάμ.
30030800fc	προϊδοῦσα δὲ ἡ γραφὴ ὅτι ἐκ πίστεως δικαιοῖ τὰ ἔθνη ὁ θεός, προευηγγελίσατο τῷ Ἀβραὰμ ὅτι Ἐνευλογηθήσονται ἐν σοὶ πάντα τὰ ἔθνη.
3003090066	ὥστε οἱ ἐκ πίστεως εὐλογοῦνται σὺν τῷ πιστῷ Ἀβραάμ.
30030a0144	ὅσοι γὰρ ἐξ ἔργων νόμου εἰσίν, ὑπὸ κατάραν εἰσίν· γέγραπται γὰρ ὅτι Ἐπικατάρατος πᾶς ὃς οὐκ ἐμμένει πᾶσιν τοῖς γεγραμμένοις ἐν τῷ βιβλίῳ τοῦ νόμου, τοῦ ποιῆσαι αὐτά.
30030b00a8	ὅτι δὲ ἐν νόμῳ οὐδεὶς δικαιοῦται παρὰ τῷ θεῷ δῆλον, ὅτι ὁ δίκαιος ἐκ πίστεως ζήσεται·
30030c008c	ὁ δὲ νόμος οὐκ ἔστιν ἐκ πίστεως, ἀλλὰ Ὁ ποιήσας αὐτὰ ζήσεται ἐν αὐτοῖς.
30030d0106	χριστὸς ἡμᾶς ἐξηγόρασεν ἐκ τῆς κατάρας τοῦ νόμου, γενόμενος ὑπὲρ ἡμῶν κατάρα· ὅτι γέγραπται, Ἐπικατάρατος πᾶς ὁ κρεμάμενος ἐπὶ ξύλου·
30030e00ea	ἵνα εἰς τὰ ἔθνη ἡ εὐλογία τοῦ Ἀβραὰμ γένηται ἐν Ἰησοῦ χριστῷ ἵνα τὴν ἐπαγγελίαν τοῦ πνεύματος λάβωμεν διὰ τῆς πίστεως.
30030f00bb	ἀδελφοί, κατὰ ἄνθρωπον λέγω. ὅμως ἀνθρώπου κεκυρωμένην διαθήκην οὐδεὶς ἀθετεῖ ἢ ἐπιδιατάσσεται.
300310013f	τῷ δὲ Ἀβραὰμ ἐῤῥέθησαν αἱ ἐπαγγελίαι, καὶ τῷ σπέρματι αὐτοῦ· οὐ λέγει, Καὶ τοῖς σπέρμασιν, ὡς ἐπὶ πολλῶν, ἀλλὰ ὡς ἐφ᾽ ἑνός, Καὶ τῷ σπέρματί σου, ὅς ἐστιν χριστός.
3003110120	τοῦτο δὲ λέγω, διαθήκην προκεκυρωμένην ὑπὸ τοῦ θεοῦ ὁ μετὰ τετρακόσια καὶ τριάκοντα ἔτη γεγονὼς νόμος οὐκ ἀκυροῖ, εἰς τὸ καταργῆσαι τὴν ἐπαγγελίαν.
30031200c1	εἰ γὰρ ἐκ νόμου ἡ κληρονομία, οὐκέτι ἐξ ἐπαγγελίας· τῷ δὲ Ἀβραὰμ δι᾽ ἐπαγγελίας κεχάρισται ὁ θεός·
30031300f1	τί οὖν ὁ νόμος; τῶν παραβάσεων χάριν προσετέθη, ἄχρις οὗ ἔλθῃ τὸ σπέρμα ᾧ ἐπήγγελται, διαταγεὶς δι᾽ ἀγγέλων ἐν χειρὶ μεσίτου.
3003140061	ὁ δὲ μεσίτης ἑνὸς οὐκ ἔστιν, ὁ δὲ θεὸς εἷς ἐστίν.
30031500ff	ὁ οὖν νόμος κατὰ τῶν ἐπαγγελιῶν τοῦ θεοῦ; μὴ γένοιτο. εἰ γὰρ ἐδόθη νόμος ὁ δυνάμενος ζωοποιῆσαι, ὄντως ἐκ νόμου ἂν ἦν ἡ δικαιοσύνη·
30031600dc	ἀλλὰ συνέκλεισεν ἡ γραφὴ τὰ πάντα ὑπὸ ἁμαρτίαν, ἵνα ἡ ἐπαγγελία ἐκ πίστεως Ἰησοῦ χριστοῦ δοθῇ τοῖς πιστεύουσιν.
30031700d0	πρὸ τοῦ δὲ ἐλθεῖν τὴν πίστιν ὑπὸ νόμον ἐφρουρούμεθα συγκλειόμενοι εἰς τὴν μέλλουσαν πίστιν ἀποκαλυφθῆναι.
3003180097	ὥστε ὁ νόμος παιδαγωγὸς ἡμῶν γέγονεν εἰς χριστόν, ἵνα ἐκ πίστεως δικαιωθῶμεν·
3003190068	ἐλθούσης δὲ τῆς πίστεως, οὐκέτι ὑπὸ παιδαγωγόν ἐσμεν.
30031a0075	πάντες γὰρ υἱοὶ θεοῦ ἐστε διὰ τῆς πίστεως ἐν χριστῷ Ἰησοῦ·
30031b0069	ὅσοι γὰρ εἰς χριστὸν ἐβαπτίσθητε, χριστὸν ἐνεδύσασθε.
30031c0102	οὐκ ἔνι Ἰουδαῖος οὐδὲ Ἕλλην, οὐκ ἔνι δοῦλος οὐδὲ ἐλεύθερος, οὐκ ἔνι ἄρσεν καὶ θῆλυ· ἅπαντες γὰρ ὑμεῖς εἷς ἐστὲ ἐν χριστῷ Ἰησοῦ.
30031d0096	εἰ δὲ ὑμεῖς χριστοῦ, ἄρα τοῦ Ἀβραὰμ σπέρμα ἐστέ, κατ᾽ ἐπαγγελίαν κληρονόμοι.
30040100af	Λέγω δέ, ἐφ᾽ ὅσον χρόνον ὁ κληρονόμος νήπιός ἐστιν, οὐδὲν διαφέρει δούλου, κύριος πάντων ὤν·
3004020091	ἀλλὰ ὑπὸ ἐπιτρόπους ἐστὶν καὶ οἰκονόμους ἄχρι τῆς προθεσμίας τοῦ πατρός.
300403009b	οὕτως καὶ ἡμεῖς ὅτε ἦμεν νήπιοι, ὑπὸ τὰ στοιχεῖα τοῦ κόσμου ἦμεν δεδουλωμένοι·
30040400e0	ὅτε δὲ ἦλθεν τὸ πλήρωμα τοῦ χρόνου, ἐξαπέστειλεν ὁ θεὸς τὸν υἱὸν αὐτοῦ, γενόμενον ἐκ γυναικός, γενόμενον ὑπὸ νόμον,
3004050076	ἵνα τοὺς ὑπὸ νόμον ἐξαγοράσῃ, ἵνα τὴν υἱοθεσίαν ἀπολάβωμεν.
30040600d2	ὅτι δέ ἐστε υἱοί, ἐξαπέστειλεν ὁ θεὸς τὸ πνεῦμα τοῦ υἱοῦ αὐτοῦ εἰς τὰς καρδίας ἡμῶν, κρᾶζον, Ἀββᾶ ὁ πατήρ.
300407008a	ὥστε οὐκέτι εἶ δοῦλος, ἀλλὰ υἱός· εἰ δὲ υἱός, καὶ κληρονόμος διὰ θεοῦ.
300408008a	Ἀλλὰ τότε μὲν οὐκ εἰδότες θεὸν ἐδουλεύσατε τοῖς φύσει μὴ οὖσιν θεοῖς·
3004090116	νῦν δὲ γνόντες θεόν, μᾶλλον δὲ γνωσθέντες ὑπὸ θεοῦ, πῶς ἐπιστρέφετε πάλιν ἐπὶ τὰ ἀσθενῆ καὶ πτωχὰ στοιχεῖα, οἷς πάλιν ἄνωθεν δουλεῦσαι θέλετε;
30040a0070	ἡμέρας παρατηρεῖσθε καὶ μῆνας καὶ καιροὺς καὶ ἐνιαυτούς.
30040b005b	φοβοῦμαι ὑμᾶς, μή πως εἰκῆ κεκοπίακα εἰς ὑμᾶς.
30040c0094	γίνεσθε ὡς ἐγώ, ὅτι κἀγὼ ὡς ὑμεῖς. ἀδελφοί, δέομαι ὑμῶν. οὐδέν με ἠδικήσατε.
30040d008c	οἴδατε δὲ ὅτι δι᾽ ἀσθένειαν τῆς σαρκὸς εὐηγγελισάμην ὑμῖν τὸ πρότερον,
30040e00f9	καὶ τὸν πειρασμὸν ὑμῶν ἐν τῇ σαρκί μου οὐκ ἐξουθενήσατε οὐδὲ ἐξεπτύσατε, ἀλλὰ ὡς ἄγγελον θεοῦ ἐδέξασθέ με, ὡς χριστὸν Ἰησοῦν.
30040f00d1	ποῦ οὖν ὁ μακαρισμὸς ὑμῶν; μαρτυρῶ γὰρ ὑμῖν ὅτι, εἰ δυνατόν, τοὺς ὀφθαλμοὺς ὑμῶν ἐξορύξαντες ἐδώκατέ μοι.
300410004e	ὥστε ἐχθρὸς ὑμῶν γέγονα ἀληθεύων ὑμῖν;
3004110094	ζηλοῦσιν ὑμᾶς οὐ καλῶς, ἀλλὰ ἐκκλεῖσαι ὑμᾶς θέλουσιν, ἵνα αὐτοὺς ζηλοῦτε.
3004120097	καλὸν δὲ ζηλοῦσθαι ἐν καλῷ πάντοτε, καὶ μὴ μόνον ἐν τῷ παρεῖναί με πρὸς ὑμᾶς,
3004130078	τέκνα μου, οὓς πάλιν ὠδίνω, μέχρις οὗ μορφωθῇ χριστὸς ἐν ὑμῖν·
30041400a7	ἤθελον δὲ παρεῖναι πρὸς ὑμᾶς ἄρτι, καὶ ἀλλάξαι τὴν φωνήν μου, ὅτι ἀποροῦμαι ἐν ὑμῖν.
3004150078	Λέγετέ μοι, οἱ ὑπὸ νόμον θέλοντες εἶναι, τὸν νόμον οὐκ ἀκούετε;
30041600ae	γέγραπται γὰρ ὅτι Ἀβραὰμ δύο υἱοὺς ἔσχεν, ἕνα ἐκ τῆς παιδίσκης καὶ ἕνα ἐκ τῆς ἐλευθέρας.
30041700ad	ἀλλὰ ὁ μὲν ἐκ τῆς παιδίσκης κατὰ σάρκα γεγέννηται, ὁ δὲ ἐκ τῆς ἐλευθέρας δι᾽ ἐπαγγελίας.
30041800e9	ἅτινά ἐστιν ἀλληγορούμενα· αὗται γάρ εἰσιν δύο διαθῆκαι, μία μὲν ἀπὸ ὄρους Σινᾶ, εἰς δουλείαν γεννῶσα, ἥτις ἐστὶν Ἄγαρ.
30041900dd	(τὸ γὰρ [Ἄγαρ] Σινᾶ ὄρος ἐστὶν ἐν τῇ Ἀραβίᾳ), συστοιχεῖ δὲ τῇ νῦν Ἱερουσαλήμ, δουλεύει γὰρ μετὰ τῶν τέκνων αὐτῆς.
30041a0076	ἡ δὲ ἄνω Ἱερουσαλὴμ ἐλευθέρα ἐστίν, ἥτις ἐστὶν μήτηρ ἡμῶν·
30041b0115	γέγραπται γάρ, Εὐφράνθητι στεῖρα ἡ οὐ τίκτουσα, ῥῆξον καὶ βόησον ἡ οὐκ ὠδίνουσα, ὅτι πολλὰ τὰ τέκνα τῆς ἐρήμου μᾶλλον ἢ τῆς ἐχούσης τὸν ἄνδρα.
30041c0066	ὑμεῖς δέ, ἀδελφοί, κατὰ Ἰσαὰκ ἐπαγγελίας τέκνα ἐστέ.
30041d009b	ἀλλ᾽ ὥσπερ τότε ὁ κατὰ σάρκα γεννηθεὶς ἐδίωκεν τὸν κατὰ πνεῦμα, οὕτως καὶ νῦν·
30041e010d	ἀλλὰ τί λέγει ἡ γραφή; Ἔκβαλε τὴν παιδίσκην καὶ τὸν υἱὸν αὐτῆς, οὐ γὰρ μὴ κληρονομήσει ὁ υἱὸς τῆς παιδίσκης μετὰ τοῦ υἱοῦ τῆς ἐλευθέρας.
30041f0075	διό, ἀδελφοί, οὐκ ἐσμὲν παιδίσκης τέκνα, ἀλλὰ τῆς ἐλευθέρας·
30050100ae	τῇ ἐλευθερίᾳ ἡμᾶς χριστὸς ἠλευθέρωσεν· στήκετε οὖν, καὶ μὴ πάλιν ζυγῷ δουλείας ἐνέχεσθε.
3005020099	Ἴδε ἐγὼ Παῦλος λέγω ὑμῖν ὅτι ἐὰν περιτέμνησθε, χριστὸς ὑμᾶς οὐδὲν ὠφελήσει·
30050300b6	μαρτύρομαι δὲ πάλιν παντὶ ἀνθρώπῳ περιτεμνομένῳ, ὅτι ὀφειλέτης ἐστὶν ὅλον τὸν νόμον ποιῆσαι.
3005040094	κατηργήθητε ἀπὸ χριστοῦ, οἵτινες ἐν νόμῳ δικαιοῦσθε, τῆς χάριτος ἐξεπέσατε·
300505007a	ἡμεῖς γὰρ πνεύματι ἐκ πίστεως ἐλπίδα δικαιοσύνης ἀπεκδεχόμεθα.
30050600bf	ἐν γὰρ χριστῷ Ἰησοῦ οὔτε περιτομή τι ἰσχύει, οὔτε ἀκροβυστία, ἀλλὰ πίστις δι᾽ ἀγάπης ἐνεργουμένη.
300507006e	ἐτρέχετε καλῶς· τίς ὑμᾶς ἐνέκοψεν ἀληθείᾳ μὴ πείθεσθαι;
300508004b	ἡ πεισμονὴ οὐκ ἐκ τοῦ καλοῦντος ὑμᾶς.
300509003e	μικρὰ ζύμη ὅλον τὸ φύραμα ζυμοῖ.
30050a00d5	ἐγὼ πέποιθα εἰς ὑμᾶς ἐν κυρίῳ, ὅτι οὐδὲν ἄλλο φρονήσετε· ὁ δὲ ταράσσων ὑμᾶς βαστάσει τὸ κρῖμα, ὅστις ἐὰν ᾖ.
30050b00bf	ἐγὼ δέ, ἀδελφοί, εἰ περιτομὴν ἔτι κηρύσσω, τί ἔτι διώκομαι; ἄρα κατήργηται τὸ σκάνδαλον τοῦ σταυροῦ.
30050c005c	ὄφελον καὶ ἀποκόψονται οἱ ἀναστατοῦντες ὑμᾶς.
30050d0100	Ὑμεῖς γὰρ ἐπ᾽ ἐλευθερίᾳ ἐκλήθητε, ἀδελφοί· μόνον μὴ τὴν ἐλευθερίαν εἰς ἀφορμὴν τῇ σαρκί, ἀλλὰ διὰ τῆς ἀγάπης δουλεύετε ἀλλήλοις.
30050e00a2	ὁ γὰρ πᾶς νόμος ἐν ἑνὶ λόγῳ πεπλήρωται, ἐν τῷ, Ἀγαπήσεις τὸν πλησίον σου ὡς σεαυτόν.
30050f008e	εἰ δὲ ἀλλήλους δάκνετε καὶ κατεσθίετε, βλέπετε μὴ ὑπ᾽ ἀλλήλων ἀναλωθῆτε.
3005100080	Λέγω δέ, πνεύματι περιπατεῖτε, καὶ ἐπιθυμίαν σαρκὸς οὐ μὴ τελέσητε.
300511010a	ἡ γὰρ σὰρξ ἐπιθυμεῖ κατὰ τοῦ πνεύματος, τὸ δὲ πνεῦμα κατὰ τῆς σαρκός· ταῦτα γὰρ ἀλλήλοις ἀντίκειται, ἵνα μὴ ἃ ἐὰν θέλητε, ταῦτα ποιῆτε.
3005120053	εἰ δὲ πνεύματι ἄγεσθε, οὐκ ἐστὲ ὑπὸ νόμον.
3005130092	φανερὰ δέ ἐστιν τὰ ἔργα τῆς σαρκός, ἅτινά ἐστιν, πορνεία ἀκαθαρσία ἀσέλγεια
300514009a	εἰδωλολατρεία φαρμακεία ἔχθραι ἔρις ζῆλος θυμοὶ ἐριθεῖαι διχοστασίαι αἱρέσεις
3005150116	φθόνοι [φόνοι] μέθαι κῶμοι, καὶ τὰ ὅμοια τούτοις· ἃ προλέγω ὑμῖν, καθὼς προεῖπον, ὅτι οἱ τὰ τοιαῦτα πράσσοντες βασιλείαν θεοῦ οὐ κληρονομήσουσιν.
30051600ab	ὁ δὲ καρπὸς τοῦ πνεύματός ἐστιν ἀγάπη χαρὰ εἰρήνη μακροθυμία χρηστότης ἀγαθωσύνη πίστις
3005170068	πρᾳΰτης ἐγκράτεια· κατὰ τῶν τοιούτων οὐκ ἔστιν νόμος.
30051800a7	οἱ δὲ τοῦ χριστοῦ Ἰησοῦ τὴν σάρκα ἐσταύρωσαν σὺν τοῖς παθήμασιν καὶ ταῖς ἐπιθυμίαις.
3005190051	εἰ ζῶμεν πνεύματι, πνεύματι καὶ στοιχῶμεν.
30051a0081	μὴ γινώμεθα κενόδοξοι, ἀλλήλους προκαλούμενοι, ἀλλήλοις φθονοῦντες.
300601013d	Ἀδελφοί, ἐὰν καὶ προλημφθῇ ἄνθρωπος ἔν τινι παραπτώματι, ὑμεῖς οἱ πνευματικοὶ καταρτίζετε τὸν τοιοῦτον ἐν πνεύματι πρᾳΰτητος, σκοπῶν σεαυτὸν μὴ καὶ σὺ πειρασθῇς.
300602008c	ἀλλήλων τὰ βάρη βαστάζετε, καὶ οὕτως ἀναπληρώσετε τὸν νόμον τοῦ χριστοῦ.
3006030068	εἰ γὰρ δοκεῖ τις εἶναί τι μηδὲν ὤν, φρεναπατᾷ ἑαυτόν·
30060400cf	τὸ δὲ ἔργον ἑαυτοῦ δοκιμαζέτω ἕκαστος, καὶ τότε εἰς ἑαυτὸν μόνον τὸ καύχημα ἕξει, καὶ οὐκ εἰς τὸν ἕτερον·
300605004a	ἕκαστος γὰρ τὸ ἴδιον φορτίον βαστάσει.
300606008a	κοινωνείτω δὲ ὁ κατηχούμενος τὸν λόγον τῷ κατηχοῦντι ἐν πᾶσιν ἀγαθοῖς.
300607009b	μὴ πλανᾶσθε, θεὸς οὐ μυκτηρίζεται· ὃ γὰρ ἂν σπείρῃ ἄνθρωπος, τοῦτο καὶ θερίσει·
30060800fd	ὅτι ὁ σπείρων εἰς τὴν σάρκα ἑαυτοῦ ἐκ τῆς σαρκὸς θερίσει φθοράν, ὁ δὲ σπείρων εἰς τὸ πνεῦμα ἐκ τοῦ πνεύματος θερίσει ζωὴν αἰώνιον.
3006090097	τὸ δὲ καλὸν ποιοῦντες μὴ ἐγκακῶμεν· καιρῷ γὰρ ἰδίῳ θερίσομεν μὴ ἐκλυόμενοι.
30060a00c7	ἄρα οὖν ὡς καιρὸν ἔχομεν ἐργαζώμεθα τὸ ἀγαθὸν πρὸς πάντας, μάλιστα δὲ πρὸς τοὺς οἰκείους τῆς πίστεως.
30060b0063	Ἴδετε πηλίκοις ὑμῖν γράμμασιν ἔγραψα τῇ ἐμῇ χειρί.
30060c00ee	ὅσοι θέλουσιν εὐπροσωπῆσαι ἐν σαρκί, οὗτοι ἀναγκάζουσιν ὑμᾶς περιτέμνεσθαι, μόνον ἵνα τῷ σταυρῷ τοῦ χριστοῦ μὴ διώκωνται·
30060d00f1	οὐδὲ γὰρ οἱ περιτεμνόμενοι αὐτοὶ νόμον φυλάσσουσιν, ἀλλὰ θέλουσιν ὑμᾶς περιτέμνεσθαι, ἵνα ἐν τῇ ὑμετέρᾳ σαρκὶ καυχήσωνται.
30060e00f2	ἐμοὶ δὲ μὴ γένοιτο καυχᾶσθαι, εἰ μὴ ἐν τῷ σταυρῷ τοῦ κυρίου ἡμῶν Ἰησοῦ χριστοῦ, δι᾽ οὗ ἐμοὶ κόσμος ἐσταύρωται κἀγὼ κόσμῳ.
30060f0079	οὔτε γὰρ περιτομή τί ἐστιν οὔτε ἀκροβυστία, ἀλλὰ καινὴ κτίσις.
30061000c0	καὶ ὅσοι τῷ κανόνι τούτῳ στοιχήσουσιν, εἰρήνη ἐπ᾽ αὐτοὺς καὶ ἔλεος, καὶ ἐπὶ τὸν Ἰσραὴλ τοῦ θεοῦ.
30061100b8	τοῦ λοιποῦ, κόπους μοι μηδεὶς παρεχέτω· ἐγὼ γὰρ τὰ στίγματα τοῦ Ἰησοῦ ἐν τῷ σώματί μου βαστάζω.
30061200b1	Ἡ χάρις τοῦ κυρίου ἡμῶν Ἰησοῦ χριστοῦ μετὰ τοῦ πνεύματος ὑμῶν, ἀδελφοί. ἀμήν. ΠΡΟΣ ΓΑΛΑΤΑΣ.
3100000019	Προς Εφεσιους
31010100e0	Παῦλος ἀπόστολος χριστοῦ Ἰησοῦ διὰ θελήματος θεοῦ, τοῖς ἁγίοις τοῖς οὖσιν ἐν Ἐφέσῳ καὶ πιστοῖς ἐν χριστῷ Ἰησοῦ·
310102008a	χάρις ὑμῖν καὶ εἰρήνη ἀπὸ θεοῦ πατρὸς ἡμῶν καὶ κυρίου Ἰησοῦ χριστοῦ.
310103010b	Εὐλογητὸς ὁ θεὸς καὶ πατὴρ τοῦ κυρίου ἡμῶν Ἰησοῦ χριστοῦ, ὁ εὐλογήσας ἡμᾶς ἐν πάσῃ εὐλογίᾳ πνευματικῇ ἐν τοῖς ἐπουρανίοις ἐν χριστῷ,
31010400d8	καθὼς ἐξελέξατο ἡμᾶς ἐν αὐτῷ πρὸ καταβολῆς κόσμου, εἶναι ἡμᾶς ἁγίους καὶ ἀμώμους κατενώπιον αὐτοῦ ἐν ἀγάπῃ,
31010500c0	προορίσας ἡμᾶς εἰς υἱοθεσίαν διὰ Ἰησοῦ χριστοῦ εἰς αὐτόν, κατὰ τὴν εὐδοκίαν τοῦ θελήματος αὐτοῦ,
3101060090	εἰς ἔπαινον δόξης τῆς χάριτος αὐτοῦ, ἧς ἐχαρίτωσεν ἡμᾶς ἐν τῷ ἠγαπημένῳ,
31010700e3	ἐν ᾧ ἔχομεν τὴν ἀπολύτρωσιν διὰ τοῦ αἵματος αὐτοῦ, τὴν ἄφεσιν τῶν παραπτωμάτων, κατὰ τὸ πλοῦτος τῆς χάριτος αὐτοῦ·
3101080068	ἧς ἐπερίσσευσεν εἰς ἡμᾶς ἐν πάσῃ σοφίᾳ καὶ φρονήσει,
31010900b7	γνωρίσας ἡμῖν τὸ μυστήριον τοῦ θελήματος αὐτοῦ, κατὰ τὴν εὐδοκίαν αὐτοῦ, ἣν προέθετο ἐν αὐτῷ
31010a0107	εἰς οἰκονομίαν τοῦ πληρώματος τῶν καιρῶν, ἀνακεφαλαιώσασθαι τὰ πάντα ἐν τῷ χριστῷ, τὰ ἐπὶ τοῖς οὐρανοῖς καὶ τὰ ἐπὶ τῆς γῆς, ἐν αὐτῷ,
31010b00db	ἐν ᾧ καὶ ἐκληρώθημεν, προορισθέντες κατὰ πρόθεσιν τοῦ τὰ πάντα ἐνεργοῦντος κατὰ τὴν βουλὴν τοῦ θελήματος αὐτοῦ,
31010c0094	εἰς τὸ εἶναι ἡμᾶς εἰς ἔπαινον δόξης αὐτοῦ, τοὺς προηλπικότας ἐν τῷ χριστῷ·
31010d0130	ἐν ᾧ καὶ ὑμεῖς, ἀκούσαντες τὸν λόγον τῆς ἀληθείας, τὸ εὐαγγέλιον τῆς σωτηρίας ὑμῶν, ἐν ᾧ καὶ πιστεύσαντες ἐσφραγίσθητε τῷ πνεύματι τῆς ἐπαγγελίας τῷ ἁγίῳ,
31010e00c9	ὅς ἐστιν ἀῤῥαβὼν τῆς κληρονομίας ἡμῶν εἰς ἀπολύτρωσιν τῆς περιποιήσεως, εἰς ἔπαινον τῆς δόξης αὐτοῦ.
31010f00d2	Διὰ τοῦτο κἀγὼ ἀκούσας τὴν καθ᾽ ὑμᾶς πίστιν ἐν τῷ κυρίῳ Ἰησοῦ, καὶ τὴν ἀγάπην τὴν εἰς πάντας τοὺς ἁγίους,
3101100090	οὐ παύομαι εὐχαριστῶν ὑπὲρ ὑμῶν μνείαν ποιούμενος ἐπὶ τῶν προσευχῶν μου,
31011100ee	ἵνα ὁ θεὸς τοῦ κυρίου ἡμῶν Ἰησοῦ χριστοῦ, ὁ πατὴρ τῆς δόξης, δῴη ὑμῖν πνεῦμα σοφίας καὶ ἀποκαλύψεως, ἐν ἐπιγνώσει αὐτοῦ,
3101120147	πεφωτισμένους τοὺς ὀφθαλμοὺς τῆς καρδίας ὑμῶν, εἰς τὸ εἰδέναι ὑμᾶς τίς ἐστιν ἡ ἐλπὶς τῆς κλήσεως αὐτοῦ, τίς ὁ πλοῦτος τῆς δόξης τῆς κληρονομίας αὐτοῦ ἐν τοῖς ἁγίοις,
31011300f2	καὶ τί τὸ ὑπερβάλλον μέγεθος τῆς δυνάμεως αὐτοῦ εἰς ἡμᾶς τοὺς πιστεύοντας κατὰ τὴν ἐνέργειαν τοῦ κράτους τῆς ἰσχύος αὐτοῦ,
31011400c4	ἣν ἐνήργησεν ἐν τῷ χριστῷ, ἐγείρας αὐτὸν ἐκ νεκρῶν καὶ καθίσας ἐν δεξιᾷ αὐτοῦ ἐν τοῖς ἐπουρανίοις,
3101150121	ὑπεράνω πάσης ἀρχῆς καὶ ἐξουσίας καὶ δυνάμεως καὶ κυριότητος, καὶ παντὸς ὀνόματος ὀνομαζομένου οὐ μόνον ἐν τῷ αἰῶνι τούτῳ ἀλλὰ καὶ ἐν τῷ μέλλοντι,
31011600b3	καὶ πάντα ὑπέταξεν ὑπὸ τοὺς πόδας αὐτοῦ, καὶ αὐτὸν ἔδωκεν κεφαλὴν ὑπὲρ πάντα τῇ ἐκκλησίᾳ,
310117008c	ἥτις ἐστὶν τὸ σῶμα αὐτοῦ, τὸ πλήρωμα τοῦ τὰ πάντα ἐν πᾶσιν πληρουμένου.
3102010083	καὶ ὑμᾶς ὄντας νεκροὺς τοῖς παραπτώμασιν καὶ ταῖς ἁμαρτίαις ὑμῶν,
3102020142	ἐν αἷς ποτε περιεπατήσατε κατὰ τὸν αἰῶνα τοῦ κόσμου τούτου, κατὰ τὸν ἄρχοντα τῆς ἐξουσίας τοῦ ἀέρος, τοῦ πνεύματος τοῦ νῦν ἐνεργοῦντος ἐν τοῖς υἱοῖς τῆς ἀπειθείας,
3102030158	ἐν οἷς καὶ ἡμεῖς πάντες ἀνεστράφημέν ποτε ἐν ταῖς ἐπιθυμίαις τῆς σαρκὸς ἡμῶν, ποιοῦντες τὰ θελήματα τῆς σαρκὸς καὶ τῶν διανοιῶν, καὶ ἤμεθα τέκνα φύσει ὀργῆς ὡς καὶ οἱ λοιποί·
310204009a	ὁ δὲ θεός, πλούσιος ὢν ἐν ἐλέει, διὰ τὴν πολλὴν ἀγάπην αὐτοῦ ἣν ἠγάπησεν ἡμᾶς,
31020500b2	καὶ ὄντας ἡμᾶς νεκροὺς τοῖς παραπτώμασιν συνεζωοποίησεν τῷ χριστῷ, (χάριτί ἐστε σεσωσμένοι),
3102060085	καὶ συνήγειρεν καὶ συνεκάθισεν ἐν τοῖς ἐπουρανίοις ἐν χριστῷ Ἰησοῦ,
3102070101	ἵνα ἐνδείξηται ἐν τοῖς αἰῶσιν τοῖς ἐπερχομένοις τὸ ὑπερβάλλον πλοῦτος τῆς χάριτος αὐτοῦ ἐν χρηστότητι ἐφ᾽ ἡμᾶς ἐν χριστῷ Ἰησοῦ.
310208009c	Τῇ γὰρ χάριτί ἐστε σεσωσμένοι διὰ πίστεως, καὶ τοῦτο οὐκ ἐξ ὑμῶν, θεοῦ τὸ δῶρον,
3102090045	οὐκ ἐξ ἔργων, ἵνα μή τις καυχήσηται·
31020a00f4	αὐτοῦ γάρ ἐσμεν ποίημα, κτισθέντες ἐν χριστῷ Ἰησοῦ ἐπὶ ἔργοις ἀγαθοῖς, οἷς προητοίμασεν ὁ θεός, ἵνα ἐν αὐτοῖς περιπατήσωμεν.
31020b00f2	Διὸ μνημονεύετε ὅτι ποτὲ ὑμεῖς τὰ ἔθνη ἐν σαρκί, οἱ λεγόμενοι ἀκροβυστία ὑπὸ τῆς λεγομένης περιτομῆς ἐν σαρκὶ χειροποιήτου,
31020c013d	ὅτι ἦτε τῷ καιρῷ ἐκείνῳ χωρὶς χριστοῦ ἀπηλλοτριωμένοι τῆς πολιτείας τοῦ Ἰσραήλ, καὶ ξένοι τῶν διαθηκῶν τῆς ἐπαγγελίας, ἐλπίδα μὴ ἔχοντες καὶ ἄθεοι, ἐν τῷ κόσμῳ·
31020d00ba	νυνὶ δὲ ἐν χριστῷ Ἰησοῦ ὑμεῖς οἵ ποτε ὄντες μακρὰν ἐγενήθητε ἐγγὺς ἐν τῷ αἵματι τοῦ χριστοῦ.
31020e00f3	αὐτὸς γάρ ἐστιν ἡ εἰρήνη ἡμῶν, ὁ ποιήσας τὰ ἀμφότερα ἕν, καὶ τὸ μεσότοιχον τοῦ φραγμοῦ λύσας, τὴν ἔχθραν, ἐν τῇ σαρκὶ αὐτοῦ,
31020f00dc	τὸν νόμον τῶν ἐντολῶν ἐν δόγμασιν καταργήσας, ἵνα τοὺς δύο κτίσῃ ἐν αὐτῷ εἰς ἕνα καινὸν ἄνθρωπον, ποιῶν εἰρήνην,
31021000cc	καὶ ἀποκαταλλάξῃ τοὺς ἀμφοτέρους ἐν ἑνὶ σώματι τῷ θεῷ διὰ τοῦ σταυροῦ, ἀποκτείνας τὴν ἔχθραν ἐν αὐτῷ·
3102110090	καὶ ἐλθὼν εὐηγγελίσατο εἰρήνην ὑμῖν τοῖς μακρὰν καὶ εἰρήνην τοῖς ἐγγύς,
31021200a2	ὅτι δι᾽ αὐτοῦ ἔχομεν τὴν προσαγωγὴν οἱ ἀμφότεροι ἐν ἑνὶ πνεύματι πρὸς τὸν πατέρα.
31021300b9	ἄρα οὖν οὐκέτι ἐστὲ ξένοι καὶ πάροικοι, ἀλλὰ ἐστὲ συμπολῖται τῶν ἁγίων καὶ οἰκεῖοι τοῦ θεοῦ,
31021400c8	ἐποικοδομηθέντες ἐπὶ τῷ θεμελίῳ τῶν ἀποστόλων καὶ προφητῶν, ὄντος ἀκρογωνιαίου αὐτοῦ χριστοῦ Ἰησοῦ,
3102150084	ἐν ᾧ πᾶσα οἰκοδομὴ συναρμολογουμένη αὔξει εἰς ναὸν ἅγιον ἐν κυρίῳ,
310216008b	ἐν ᾧ καὶ ὑμεῖς συνοικοδομεῖσθε εἰς κατοικητήριον τοῦ θεοῦ ἐν πνεύματι.
3103010093	Τούτου χάριν ἐγὼ Παῦλος ὁ δέσμιος τοῦ χριστοῦ Ἰησοῦ ὑπὲρ ὑμῶν τῶν ἐθνῶν·
3103020097	εἴ γε ἠκούσατε τὴν οἰκονομίαν τῆς χάριτος τοῦ θεοῦ τῆς δοθείσης μοι εἰς ὑμᾶς,
310303008f	ὅτι κατὰ ἀποκάλυψιν ἐγνωρίσθη μοι τὸ μυστήριον, καθὼς προέγραψα ἐν ὀλίγῳ,
310304009d	πρὸς ὃ δύνασθε ἀναγινώσκοντες νοῆσαι τὴν σύνεσίν μου ἐν τῷ μυστηρίῳ τοῦ χριστοῦ,
3103050104	ὃ ἑτέραις γενεαῖς οὐκ ἐγνωρίσθη τοῖς υἱοῖς τῶν ἀνθρώπων, ὡς νῦν ἀπεκαλύφθη τοῖς ἁγίοις, ἀποστόλοις αὐτοῦ καὶ προφήταις ἐν πνεύματι,
31030600cc	εἶναι τὰ ἔθνη συγκληρονόμα καὶ σύνσωμα καὶ συμμέτοχα τῆς ἐπαγγελίας ἐν χριστῷ Ἰησοῦ διὰ τοῦ εὐαγγελίου,
31030700e0	οὗ ἐγενήθην διάκονος κατὰ τὴν δωρεὰν τῆς χάριτος τοῦ θεοῦ, τῆς δοθείσης μοι κατὰ τὴν ἐνέργειαν τῆς δυνάμεως αὐτοῦ·
31030800ed	ἐμοὶ τῷ ἐλαχιστοτέρῳ πάντων ἁγίων ἐδόθη ἡ χάρις αὕτη, τοῖς ἔθνεσιν εὐαγγελίσασθαι τὸ ἀνεξιχνίαστον πλοῦτος τοῦ χριστοῦ,
31030900df	καὶ φωτίσαι πάντας τίς ἡ οἰκονομία τοῦ μυστηρίου τοῦ ἀποκεκρυμμένου ἀπὸ τῶν αἰώνων ἐν τῷ θεῷ τῷ τὰ πάντα κτίσαντι,
31030a00e7	ἵνα γνωρισθῇ νῦν ταῖς ἀρχαῖς καὶ ταῖς ἐξουσίαις ἐν τοῖς ἐπουρανίοις διὰ τῆς ἐκκλησίας ἡ πολυποίκιλος σοφία τοῦ θεοῦ,
31030b008e	κατὰ πρόθεσιν τῶν αἰώνων, ἣν ἐποίησεν ἐν τῷ χριστῷ Ἰησοῦ τῷ κυρίῳ ἡμῶν,
31030c009a	ἐν ᾧ ἔχομεν τὴν παῤῥησίαν καὶ προσαγωγὴν ἐν πεποιθήσει διὰ τῆς πίστεως αὐτοῦ.
31030d009e	διὸ αἰτοῦμαι μὴ ἐγκακεῖν ἐν ταῖς θλίψεσίν μου ὑπὲρ ὑμῶν, ἥτις ἐστὶν δόξα ὑμῶν.
31030e005e	τούτου χάριν κάμπτω τὰ γόνατά μου πρὸς τὸν πατέρα,
31030f006c	ἐξ οὗ πᾶσα πατριὰ ἐν οὐρανοῖς καὶ ἐπὶ γῆς ὀνομάζεται,
31031000dd	ἵνα δῷ ὑμῖν κατὰ τὸ πλοῦτος τῆς δόξης αὐτοῦ, δυνάμει κραταιωθῆναι διὰ τοῦ πνεύματος αὐτοῦ εἰς τὸν ἔσω ἄνθρωπον,
31031100cc	κατοικῆσαι τὸν χριστὸν διὰ τῆς πίστεως ἐν ταῖς καρδίαις ὑμῶν, ἐν ἀγάπῃ ἐῤῥιζωμένοι καὶ τεθεμελιωμένοι,
31031200b4	ἵνα ἐξισχύσητε καταλαβέσθαι σὺν πᾶσιν τοῖς ἁγίοις τί τὸ πλάτος καὶ μῆκος καὶ ὕψος καὶ βάθος,
31031300c8	γνῶναί τε τὴν ὑπερβάλλουσαν τῆς γνώσεως ἀγάπην τοῦ χριστοῦ, ἵνα πληρωθῆτε εἰς πᾶν τὸ πλήρωμα τοῦ θεοῦ.
31031400e5	τῷ δὲ δυναμένῳ ὑπὲρ πάντα ποιῆσαι ὑπερεκπερισσοῦ ὧν αἰτούμεθα ἢ νοοῦμεν κατὰ τὴν δύναμιν τὴν ἐνεργουμένην ἐν ἡμῖν,
31031500c1	αὐτῷ ἡ δόξα ἐν τῇ ἐκκλησίᾳ καὶ ἐν χριστῷ Ἰησοῦ εἰς πάσας τὰς γενεὰς τοῦ αἰῶνος τῶν αἰώνων. ἀμήν.
31040100a7	Παρακαλῶ οὖν ὑμᾶς ἐγὼ ὁ δέσμιος ἐν κυρίῳ, ἀξίως περιπατῆσαι τῆς κλήσεως ἧς ἐκλήθητε,
31040200ac	μετὰ πάσης ταπεινοφροσύνης καὶ πρᾳΰτητος, μετὰ μακροθυμίας, ἀνεχόμενοι ἀλλήλων ἐν ἀγάπῃ,
3104030090	σπουδάζοντες τηρεῖν τὴν ἑνότητα τοῦ πνεύματος ἐν τῷ συνδέσμῳ τῆς εἰρήνης,
3104040092	ἓν σῶμα καὶ ἓν πνεῦμα, καθὼς καὶ ἐκλήθητε ἐν μιᾷ ἐλπίδι τῆς κλήσεως ὑμῶν·
3104050042	εἷς κύριος, μία πίστις, ἓν βάπτισμα,
3104060085	εἷς θεὸς καὶ πατὴρ πάντων, ὁ ἐπὶ πάντων καὶ διὰ πάντων καὶ ἐν πᾶσιν.
310407008b	ἑνὶ δὲ ἑκάστῳ ἡμῶν ἐδόθη χάρις κατὰ τὸ μέτρον τῆς δωρεᾶς τοῦ χριστοῦ.
31040800a9	διὸ λέγει, Ἀναβὰς εἰς ὕψος ᾐχμαλώτευσεν αἰχμαλωσίαν, καὶ ἔδωκεν δόματα τοῖς ἀνθρώποις.
310409008b	τὸ δέ, ἀνέβη, τί ἐστιν εἰ μὴ ὅτι καὶ κατέβη εἰς τὰ κατώτερα μέρη τῆς γῆς;
31040a00a7	ὁ καταβὰς αὐτός ἐστιν καὶ ὁ ἀναβὰς ὑπεράνω πάντων τῶν οὐρανῶν, ἵνα πληρώσῃ τὰ πάντα.
31040b00d9	καὶ αὐτὸς ἔδωκεν τοὺς μὲν ἀποστόλους, τοὺς δὲ προφήτας, τοὺς δὲ εὐαγγελιστάς, τοὺς δὲ ποιμένας καὶ διδασκάλους,
31040c00b3	πρὸς τὸν καταρτισμὸν τῶν ἁγίων εἰς ἔργον διακονίας, εἰς οἰκοδομὴν τοῦ σώματος τοῦ χριστοῦ·
31040d0139	μέχρι καταντήσωμεν οἱ πάντες εἰς τὴν ἑνότητα τῆς πίστεως καὶ τῆς ἐπιγνώσεως τοῦ υἱοῦ τοῦ θεοῦ, εἰς ἄνδρα τέλειον, εἰς μέτρον ἡλικίας τοῦ πληρώματος τοῦ χριστοῦ·
31040e012f	ἵνα μηκέτι ὦμεν νήπιοι, κλυδωνιζόμενοι καὶ περιφερόμενοι παντὶ ἀνέμῳ τῆς διδασκαλίας ἐν τῇ κυβείᾳ τῶν ἀνθρώπων, ἐν πανουργίᾳ, πρὸς τὴν μεθοδείαν τῆς πλάνης,
31040f009f	ἀληθεύοντες δὲ ἐν ἀγάπῃ αὐξήσωμεν εἰς αὐτὸν τὰ πάντα, ὅς ἐστιν ἡ κεφαλή, χριστός,
3104100183	ἐξ οὗ πᾶν τὸ σῶμα συναρμολογούμενον καὶ συμβιβαζόμενον διὰ πάσης ἁφῆς τῆς ἐπιχορηγίας κατ᾽ ἐνέργειαν ἐν μέτρῳ ἑνὸς ἑκάστου μέρους, τὴν αὔξησιν τοῦ σώματος ποιεῖται εἰς οἰκοδομὴν ἑαυτοῦ ἐν ἀγάπῃ.
31041100ee	Τοῦτο οὖν λέγω καὶ μαρτύρομαι ἐν κυρίῳ, μηκέτι ὑμᾶς περιπατεῖν, καθὼς καὶ τὰ ἔθνη περιπατεῖ ἐν ματαιότητι τοῦ νοὸς αὐτῶν,
310412010e	ἐσκοτωμένοι τῇ διανοίᾳ ὄντες, ἀπηλλοτριωμένοι τῆς ζωῆς τοῦ θεοῦ, διὰ τὴν ἄγνοιαν τὴν οὖσαν ἐν αὐτοῖς, διὰ τὴν πώρωσιν τῆς καρδίας αὐτῶν·
31041300ba	οἵτινες ἀπηλγηκότες ἑαυτοὺς παρέδωκαν τῇ ἀσελγείᾳ εἰς ἐργασίαν ἀκαθαρσίας πάσης ἐν πλεονεξίᾳ.
310414004e	ὑμεῖς δὲ οὐχ οὕτως ἐμάθετε τὸν χριστόν,
310415009a	εἴ γε αὐτὸν ἠκούσατε καὶ ἐν αὐτῷ ἐδιδάχθητε, καθώς ἐστιν ἀλήθεια ἐν τῷ Ἰησοῦ,
31041600de	ἀποθέσθαι ὑμᾶς κατὰ τὴν προτέραν ἀναστροφὴν τὸν παλαιὸν ἄνθρωπον τὸν φθειρόμενον κατὰ τὰς ἐπιθυμίας τῆς ἀπάτης,
3104170053	ἀνανεοῦσθαι δὲ τῷ πνεύματι τοῦ νοὸς ὑμῶν,
31041800c6	καὶ ἐνδύσασθαι τὸν καινὸν ἄνθρωπον, τὸν κατὰ θεὸν κτισθέντα ἐν δικαιοσύνῃ καὶ ὁσιότητι τῆς ἀληθείας.
31041900c1	Διὸ ἀποθέμενοι τὸ ψεῦδος λαλεῖτε ἀλήθειαν ἕκαστος μετὰ τοῦ πλησίον αὐτοῦ, ὅτι ἐσμὲν ἀλλήλων μέλη.
31041a008d	Ὀργίζεσθε καὶ μὴ ἁμαρτάνετε· ὁ ἥλιος μὴ ἐπιδυέτω ἐπὶ παροργισμῷ ὑμῶν·
31041b0038	μηδὲ δίδοτε τόπον τῷ διαβόλῳ.
31041c00f2	ὁ κλέπτων μηκέτι κλεπτέτω, μᾶλλον δὲ κοπιάτω, ἐργαζόμενος ταῖς ἰδίαις χερσὶν τὸ ἀγαθόν, ἵνα ἔχῃ μεταδιδόναι τῷ χρείαν ἔχοντι.
31041d00fd	πᾶς λόγος σαπρὸς ἐκ τοῦ στόματος ὑμῶν μὴ ἐκπορευέσθω, ἀλλὰ εἴ τις ἀγαθὸς πρὸς οἰκοδομὴν τῆς χρείας, ἵνα δῷ χάριν τοῖς ἀκούουσιν.
31041e00ab	καὶ μὴ λυπεῖτε τὸ πνεῦμα τὸ ἅγιον τοῦ θεοῦ, ἐν ᾧ ἐσφραγίσθητε εἰς ἡμέραν ἀπολυτρώσεως.
31041f00b1	Πᾶσα πικρία καὶ θυμὸς καὶ ὀργὴ καὶ κραυγὴ καὶ βλασφημία ἀρθήτω ἀφ᾽ ὑμῶν, σὺν πάσῃ κακίᾳ·
31042000d5	γίνεσθε δὲ εἰς ἀλλήλους χρηστοί, εὔσπλαγχνοι, χαριζόμενοι ἑαυτοῖς καθὼς καὶ ὁ θεὸς ἐν χριστῷ ἐχαρίσατο ὑμῖν.
310501005c	Γίνεσθε οὖν μιμηταὶ τοῦ θεοῦ, ὡς τέκνα ἀγαπητά·
3105020115	καὶ περιπατεῖτε ἐν ἀγάπῃ, καθὼς καὶ ὁ χριστὸς ἠγάπησεν ὑμᾶς καὶ παρέδωκεν ἑαυτὸν ὑπὲρ ἡμῶν προσφορὰν καὶ θυσίαν τῷ θεῷ εἰς ὀσμὴν εὐωδίας.
31050300ac	πορνεία δὲ καὶ ἀκαθαρσία πᾶσα ἢ πλεονεξία μηδὲ ὀνομαζέσθω ἐν ὑμῖν, καθὼς πρέπει ἁγίοις·
310504009d	καὶ αἰσχρότης καὶ μωρολογία ἢ εὐτραπελία, ἃ οὐκ ἀνῆκεν, ἀλλὰ μᾶλλον εὐχαριστία.
3105050121	τοῦτο γὰρ ἴστε γινώσκοντες, ὅτι πᾶς πόρνος ἢ ἀκάθαρτος ἢ πλεονέκτης, ὅ ἐστιν εἰδωλολάτρης, οὐκ ἔχει κληρονομίαν ἐν τῇ βασιλείᾳ τοῦ χριστοῦ καὶ θεοῦ.
31050600cf	μηδεὶς ὑμᾶς ἀπατάτω κενοῖς λόγοις· διὰ ταῦτα γὰρ ἔρχεται ἡ ὀργὴ τοῦ θεοῦ ἐπὶ τοὺς υἱοὺς τῆς ἀπειθείας.
310507003f	μὴ οὖν γίνεσθε συμμέτοχοι αὐτῶν.
3105080086	ἦτε γάρ ποτε σκότος, νῦν δὲ φῶς ἐν κυρίῳ· ὡς τέκνα φωτὸς περιπατεῖτε·
310509008d	(ὁ γὰρ καρπὸς τοῦ φωτὸς ἐν πάσῃ ἀγαθωσύνῃ καὶ δικαιοσύνῃ καὶ ἀληθείᾳ)·
31050a0051	δοκιμάζοντες τί ἐστιν εὐάρεστον τῷ κυρίῳ·
31050b00a5	καὶ μὴ συγκοινωνεῖτε τοῖς ἔργοις τοῖς ἀκάρποις τοῦ σκότους, μᾶλλον δὲ καὶ ἐλέγχετε·
31050c0072	τὰ γὰρ κρυφῆ γινόμενα ὑπ᾽ αὐτῶν αἰσχρόν ἐστιν καὶ λέγειν.
31050d0061	τὰ δὲ πάντα ἐλεγχόμενα ὑπὸ τοῦ φωτὸς φανεροῦται·
31050e00e5	πᾶν γὰρ τὸ φανερούμενον φῶς ἐστίν· διὸ λέγει, Ἔγειρε ὁ καθεύδων καὶ ἀνάστα ἐκ τῶν νεκρῶν, καὶ ἐπιφαύσει σοι ὁ χριστός.
31050f0080	Βλέπετε οὖν πῶς ἀκριβῶς περιπατεῖτε, μὴ ὡς ἄσοφοι, ἀλλ᾽ ὡς σοφοί,
310510006b	ἐξαγοραζόμενοι τὸν καιρόν, ὅτι αἱ ἡμέραι πονηραί εἰσιν.
3105110081	διὰ τοῦτο μὴ γίνεσθε ἄφρονες, ἀλλὰ συνίετε τί τὸ θέλημα τοῦ κυρίου.
310512008a	καὶ μὴ μεθύσκεσθε οἴνῳ, ἐν ᾧ ἐστιν ἀσωτία, ἀλλὰ πληροῦσθε ἐν πνεύματι,
31051300df	λαλοῦντες ἑαυτοῖς ψαλμοῖς καὶ ὕμνοις καὶ ᾠδαῖς πνευματικαῖς, ᾄδοντες καὶ ψάλλοντες [ἐν] τῇ καρδίᾳ ὑμῶν τῷ κυρίῳ,
31051400bb	εὐχαριστοῦντες πάντοτε ὑπὲρ πάντων ἐν ὀνόματι τοῦ κυρίου ἡμῶν Ἰησοῦ χριστοῦ τῷ θεῷ καὶ πατρί·
310515004e	ὑποτασσόμενοι ἀλλήλοις ἐν φόβῳ χριστοῦ.
310516007a	Αἱ γυναῖκες, τοῖς ἰδίοις ἀνδράσιν ὑποτασσέσθωσαν ὡς τῷ κυρίῳ·
31051700c4	ὅτι ἀνήρ ἐστιν κεφαλὴ τῆς γυναικὸς ὡς καὶ ὁ χριστὸς κεφαλὴ τῆς ἐκκλησίας, αὐτὸς σωτὴρ τοῦ σώματος·
31051800ad	ἀλλὰ ὡς ἡ ἐκκλησία ὑποτάσσεται τῷ χριστῷ, οὕτως καὶ αἱ γυναῖκες τοῖς ἀνδράσιν ἐν παντί.
31051900db	οἱ ἄνδρες, ἀγαπᾶτε τὰς γυναῖκας, καθὼς καὶ ὁ χριστὸς ἠγάπησεν τὴν ἐκκλησίαν, καὶ ἑαυτὸν παρέδωκεν ὑπὲρ αὐτῆς·
31051a0076	ἵνα αὐτὴν ἁγιάσῃ, καθαρίσας τῷ λουτρῷ τοῦ ὕδατος ἐν ῥήματι,
31051b00f2	ἵνα παραστήσῃ αὐτὸς ἑαυτῷ ἔνδοξον, τὴν ἐκκλησίαν μὴ ἔχουσαν σπίλον ἢ ῥυτίδα ἤ τι τῶν τοιούτων, ἀλλ᾽ ἵνα ᾖ ἁγία καὶ ἄμωμος.
31051c00f6	οὕτως ὀφείλουσιν καὶ οἱ ἄνδρες ἀγαπᾶν τὰς ἑαυτῶν γυναῖκας ὡς τὰ ἑαυτῶν σώματα. ὁ ἀγαπῶν τὴν ἑαυτοῦ γυναῖκα ἑαυτὸν ἀγαπᾷ·
31051d00d8	οὐδεὶς γάρ ποτε τὴν ἑαυτοῦ σάρκα ἐμίσησεν, ἀλλὰ ἐκτρέφει καὶ θάλπει αὐτήν, καθὼς καὶ ὁ χριστὸς τὴν ἐκκλησίαν·
31051e0042	ὅτι μέλη ἐσμὲν τοῦ σώματος αὐτοῦ,
31051f00f0	Ἀντὶ τούτου καταλείψει ἄνθρωπος πατέρα καὶ μητέρα, καὶ προσκολληθήσεται τῇ γυναικὶ αὐτοῦ, καὶ ἔσονται οἱ δύο εἰς σάρκα μίαν.
3105200097	τὸ μυστήριον τοῦτο μέγα ἐστίν, ἐγὼ δὲ λέγω εἰς χριστὸν καὶ εἰς τὴν ἐκκλησίαν.
31052100e0	πλὴν καὶ ὑμεῖς οἱ καθ᾽ ἕνα, ἕκαστος τὴν ἑαυτοῦ γυναῖκα οὕτως ἀγαπάτω ὡς ἑαυτόν, ἡ δὲ γυνὴ ἵνα φοβῆται τὸν ἄνδρα.
3106010091	Τὰ τέκνα, ὑπακούετε τοῖς γονεῦσιν ὑμῶν [ἐν κυρίῳ·] τοῦτο γάρ ἐστιν δίκαιον.
310602008f	τίμα τὸν πατέρα σου καὶ τὴν μητέρα, ἥτις ἐστὶν ἐντολὴ πρώτη ἐν ἐπαγγελίᾳ,
3106030067	ἵνα εὖ σοι γένηται καὶ ἔσῃ μακροχρόνιος ἐπὶ τῆς γῆς.
31060400bf	καὶ οἱ πατέρες, μὴ παροργίζετε τὰ τέκνα ὑμῶν, ἀλλὰ ἐκτρέφετε αὐτὰ ἐν παιδείᾳ καὶ νουθεσίᾳ κυρίου.
31060500d8	Οἱ δοῦλοι, ὑπακούετε τοῖς κατὰ σάρκα κυρίοις, μετὰ φόβου καὶ τρόμου, ἐν ἁπλότητι τῆς καρδίας ὑμῶν, ὡς τῷ χριστῷ.
31060600ce	μὴ κατ᾽ ὀφθαλμοδουλείαν ὡς ἀνθρωπάρεσκοι, ἀλλ᾽ ὡς δοῦλοι χριστοῦ, ποιοῦντες τὸ θέλημα τοῦ θεοῦ, ἐκ ψυχῆς
310607006e	μετ᾽ εὐνοίας, δουλεύοντες ὡς τῷ κυρίῳ καὶ οὐκ ἀνθρώποις,
31060800bc	εἰδότες ὅτι ἕκαστος ὃ ἂν ποιήσῃ ἀγαθὸν τοῦτο κομίσεται παρὰ κυρίου, εἴτε δοῦλος εἴτε ἐλεύθερος.
3106090144	καὶ οἱ κύριοι, τὰ αὐτὰ ποιεῖτε πρὸς αὐτούς, ἀνιέντες τὴν ἀπειλήν, εἰδότες ὅτι καὶ αὐτῶν καὶ ὑμῶν ὁ κύριός ἐστιν ἐν οὐρανοῖς, καὶ προσωπολημψία οὐκ ἔστιν παρ᾽ αὐτῷ.
31060a0089	Τοῦ λοιποῦ, ἐνδυναμοῦσθε ἐν κυρίῳ, καὶ ἐν τῷ κράτει τῆς ἰσχύος αὐτοῦ.
31060b00bb	ἐνδύσασθε τὴν πανοπλίαν τοῦ θεοῦ, πρὸς τὸ δύνασθαι ὑμᾶς στῆναι πρὸς τὰς μεθοδείας τοῦ διαβόλου·
31060c0166	ὅτι οὐκ ἔστιν ἡμῖν ἡ πάλη πρὸς αἷμα καὶ σάρκα, ἀλλὰ πρὸς τὰς ἀρχάς, πρὸς τὰς ἐξουσίας, πρὸς τοὺς κοσμοκράτορας τοῦ σκότους τούτου, πρὸς τὰ πνευματικὰ τῆς πονηρίας ἐν τοῖς ἐπουρανίοις.
31060d00f5	διὰ τοῦτο ἀναλάβετε τὴν πανοπλίαν τοῦ θεοῦ, ἵνα δυνηθῆτε ἀντιστῆναι ἐν τῇ ἡμέρᾳ τῇ πονηρᾷ καὶ ἅπαντα κατεργασάμενοι στῆναι.
31060e00bb	στῆτε οὖν περιζωσάμενοι τὴν ὀσφὺν ὑμῶν ἐν ἀληθείᾳ, καὶ ἐνδυσάμενοι τὸν θώρακα τῆς δικαιοσύνης,
31060f0089	καὶ ὑποδησάμενοι τοὺς πόδας ἐν ἑτοιμασίᾳ τοῦ εὐαγγελίου τῆς εἰρήνης·
31061000d2	ἐν πᾶσιν ἀναλαβόντες τὸν θυρεὸν τῆς πίστεως, ἐν ᾧ δυνήσεσθε πάντα τὰ βέλη τοῦ πονηροῦ [τὰ] πεπυρωμένα σβέσαι·
31061100b7	καὶ τὴν περικεφαλαίαν τοῦ σωτηρίου δέξασθε, καὶ τὴν μάχαιραν τοῦ πνεύματος, ὅ ἐστιν ῥῆμα θεοῦ·
3106120132	διὰ πάσης προσευχῆς καὶ δεήσεως προσευχόμενοι ἐν παντὶ καιρῷ ἐν πνεύματι, καὶ εἰς αὐτὸ ἀγρυπνοῦντες ἐν πάσῃ προσκαρτερήσει καὶ δεήσει περὶ πάντων τῶν ἁγίων,
31061300db	καὶ ὑπὲρ ἐμοῦ, ἵνα μοι δοθῇ λόγος ἐν ἀνοίξει τοῦ στόματός μου ἐν παῤῥησίᾳ γνωρίσαι τὸ μυστήριον τοῦ εὐαγγελίου,
3106140091	ὑπὲρ οὗ πρεσβεύω ἐν ἁλύσει, ἵνα ἐν αὐτῷ παῤῥησιάσωμαι, ὡς δεῖ με λαλῆσαι.
31061500f7	Ἵνα δὲ καὶ ὑμεῖς εἰδῆτε τὰ κατ᾽ ἐμέ, τί πράσσω, πάντα γνωρίσει ὑμῖν Τυχικὸς ὁ ἀγαπητὸς ἀδελφὸς καὶ πιστὸς διάκονος ἐν κυρίῳ·
31061600b9	ὃν ἔπεμψα πρὸς ὑμᾶς εἰς αὐτὸ τοῦτο, ἵνα γνῶτε τὰ περὶ ἡμῶν, καὶ παρακαλέσῃ τὰς καρδίας ὑμῶν.
31061700ab	εἰρήνη τοῖς ἀδελφοῖς καὶ ἀγάπη μετὰ πίστεως ἀπὸ θεοῦ πατρὸς καὶ κυρίου Ἰησοῦ χριστοῦ.
31061800b5	ἡ χάρις μετὰ πάντων τῶν ἀγαπώντων τὸν κύριον ἡμῶν Ἰησοῦν χριστὸν ἐν ἀφθαρσίᾳ. ΠΡΟΣ ΕΦΕΣΙΟΥΣ.
3200000021	Προς Φιλιππησιους
3201010101	Παῦλος καὶ Τιμόθεος δοῦλοι χριστοῦ Ἰησοῦ, πᾶσιν τοῖς ἁγίοις ἐν χριστῷ Ἰησοῦ τοῖς οὖσιν ἐν Φιλίπποις σὺν ἐπισκόποις καὶ διακόνοις·
320102008a	χάρις ὑμῖν καὶ εἰρήνη ἀπὸ θεοῦ πατρὸς ἡμῶν καὶ κυρίου Ἰησοῦ χριστοῦ.
3201030059	Εὐχαριστῶ τῷ θεῷ μου ἐπὶ πάσῃ τῇ μνείᾳ ὑμῶν
3201040096	πάντοτε ἐν πάσῃ δεήσει μου ὑπὲρ πάντων ὑμῶν μετὰ χαρᾶς τὴν δέησιν ποιούμενος,
3201050097	ἐπὶ τῇ κοινωνίᾳ ὑμῶν εἰς τὸ εὐαγγέλιον ἀπὸ τῆς πρώτης ἡμέρας ἄχρι τοῦ νῦν·
32010600c8	πεποιθὼς αὐτὸ τοῦτο, ὅτι ὁ ἐναρξάμενος ἐν ὑμῖν ἔργον ἀγαθὸν ἐπιτελέσει ἄχρις ἡμέρας χριστοῦ Ἰησοῦ·
320107019d	καθώς ἐστιν δίκαιον ἐμοὶ τοῦτο φρονεῖν ὑπὲρ πάντων ὑμῶν, διὰ τὸ ἔχειν με ἐν τῇ καρδίᾳ ὑμᾶς, ἔν τε τοῖς δεσμοῖς μου καὶ ἐν τῇ ἀπολογίᾳ καὶ βεβαιώσει τοῦ εὐαγγελίου συγκοινωνούς μου τῆς χάριτος πάντας ὑμᾶς ὄντας.
3201080090	μάρτυς γάρ μου ὁ θεός, ὡς ἐπιποθῶ πάντας ὑμᾶς ἐν σπλάγχνοις χριστοῦ Ἰησοῦ.
32010900cd	καὶ τοῦτο προσεύχομαι, ἵνα ἡ ἀγάπη ὑμῶν ἔτι μᾶλλον καὶ μᾶλλον περισσεύῃ ἐν ἐπιγνώσει καὶ πάσῃ αἰσθήσει,
32010a00b7	εἰς τὸ δοκιμάζειν ὑμᾶς τὰ διαφέροντα, ἵνα ἦτε εἰλικρινεῖς καὶ ἀπρόσκοποι εἰς ἡμέραν χριστοῦ,
32010b00a1	πεπληρωμένοι καρπὸν δικαιοσύνης τὸν διὰ Ἰησοῦ χριστοῦ, εἰς δόξαν καὶ ἔπαινον θεοῦ.
32010c00c1	Γινώσκειν δὲ ὑμᾶς βούλομαι, ἀδελφοί, ὅτι τὰ κατ᾽ ἐμὲ μᾶλλον εἰς προκοπὴν τοῦ εὐαγγελίου ἐλήλυθεν·
32010d00b8	ὥστε τοὺς δεσμούς μου φανεροὺς ἐν χριστῷ γενέσθαι ἐν ὅλῳ τῷ πραιτωρίῳ καὶ τοῖς λοιποῖς πᾶσιν,
32010e00ec	καὶ τοὺς πλείονας τῶν ἀδελφῶν ἐν κυρίῳ πεποιθότας τοῖς δεσμοῖς μου περισσοτέρως τολμᾶν ἀφόβως τὸν λόγον τοῦ θεοῦ λαλεῖν.
32010f00a7	τινὲς μὲν καὶ διὰ φθόνον καὶ ἔριν, τινὲς δὲ καὶ δι᾽ εὐδοκίαν τὸν χριστὸν κηρύσσουσιν.
3201100084	οἱ μὲν ἐξ ἀγάπης, εἰδότες ὅτι εἰς ἀπολογίαν τοῦ εὐαγγελίου κεῖμαι·
32011100c5	οἱ δὲ ἐξ ἐριθείας [τὸν] χριστὸν καταγγέλλουσιν οὐχ ἁγνῶς, οἰόμενοι θλῖψιν ἐγείρειν τοῖς δεσμοῖς μου·
32011200e8	τί γάρ; πλὴν ὅτι παντὶ τρόπῳ, εἴτε προφάσει εἴτε ἀληθείᾳ, χριστὸς καταγγέλλεται, καὶ ἐν τούτῳ χαίρω· ἀλλὰ καὶ χαρήσομαι.
32011300df	οἶδα γὰρ ὅτι τοῦτό μοι ἀποβήσεται εἰς σωτηρίαν διὰ τῆς ὑμῶν δεήσεως, καὶ ἐπιχορηγίας τοῦ πνεύματος Ἰησοῦ χριστοῦ,
3201140166	κατὰ τὴν ἀποκαραδοκίαν καὶ ἐλπίδα μου, ὅτι ἐν οὐδενὶ αἰσχυνθήσομαι, ἀλλ᾽ ἐν πάσῃ παῤῥησίᾳ, ὡς πάντοτε καὶ νῦν μεγαλυνθήσεται χριστὸς ἐν τῷ σώματί μου, εἴτε διὰ ζωῆς εἴτε διὰ θανάτου.
3201150062	ἐμοὶ γὰρ τὸ ζῇν χριστὸς καὶ τὸ ἀποθανεῖν κέρδος·
3201160092	εἰ δὲ τὸ ζῇν ἐν σαρκί, τοῦτό μοι καρπὸς ἔργου· καὶ τί αἱρήσομαι οὐ γνωρίζω·
32011700d6	συνέχομαι δὲ ἐκ τῶν δύο, τὴν ἐπιθυμίαν ἔχων εἰς τὸ ἀναλῦσαι καὶ σὺν χριστῷ εἶναι, πολλῷ γὰρ μᾶλλον κρεῖσσον·
3201180067	τὸ δὲ ἐπιμένειν ἐν τῇ σαρκὶ ἀναγκαιότερον δι᾽ ὑμᾶς.
32011900cb	καὶ τοῦτο πεποιθὼς οἶδα ὅτι μενῶ καὶ παραμενῶ πᾶσιν ὑμῖν εἰς τὴν ὑμῶν προκοπὴν καὶ χαρὰν τῆς πίστεως,
32011a00bc	ἵνα τὸ καύχημα ὑμῶν περισσεύῃ ἐν χριστῷ Ἰησοῦ ἐν ἐμοί, διὰ τῆς ἐμῆς παρουσίας πάλιν πρὸς ὑμᾶς.
32011b0175	Μόνον ἀξίως τοῦ εὐαγγελίου τοῦ χριστοῦ πολιτεύεσθε, ἵνα εἴτε ἐλθὼν καὶ ἰδὼν ὑμᾶς, εἴτε ἀπὼν ἀκούω τὰ περὶ ὑμῶν, ὅτι στήκετε ἐν ἑνὶ πνεύματι, μιᾷ ψυχῇ συναθλοῦντες τῇ πίστει τοῦ εὐαγγελίου,
32011c00f9	καὶ μὴ πτυρόμενοι ἐν μηδενὶ ὑπὸ τῶν ἀντικειμένων· ἥτις ἐστιν αὐτοῖς ἔνδειξις ἀπωλείας, ὑμῶν δὲ σωτηρίας, καὶ τοῦτο ἀπὸ θεοῦ·
32011d00c8	ὅτι ὑμῖν ἐχαρίσθη τὸ ὑπὲρ χριστοῦ, οὐ μόνον τὸ εἰς αὐτὸν πιστεύειν, ἀλλὰ καὶ τὸ ὑπὲρ αὐτοῦ πάσχειν·
32011e008b	τὸν αὐτὸν ἀγῶνα ἔχοντες οἷον εἴδετε ἐν ἐμοὶ καὶ νῦν ἀκούετε ἐν ἐμοί.
32020100da	Εἴ τις οὖν παράκλησις ἐν χριστῷ, εἴ τι παραμύθιον ἀγάπης, εἴ τις κοινωνία πνεύματος, εἴ τις σπλάγχνα καὶ οἰκτιρμοί,
32020200c0	πληρώσατέ μου τὴν χαράν, ἵνα τὸ αὐτὸ φρονῆτε, τὴν αὐτὴν ἀγάπην ἔχοντες, σύμψυχοι, τὸ ἓν φρονοῦντες,
32020300cf	μηδὲν κατ᾽ ἐριθείαν μηδὲ κατὰ κενοδοξίαν, ἀλλὰ τῇ ταπεινοφροσύνῃ ἀλλήλους ἡγούμενοι ὑπερέχοντας ἑαυτῶν·
3202040079	μὴ τὰ ἑαυτῶν ἕκαστοι σκοποῦντες, ἀλλὰ καὶ τὰ ἑτέρων ἕκαστοι.
320205005c	τοῦτο φρονεῖτε ἐν ὑμῖν ὃ καὶ ἐν χριστῷ Ἰησοῦ,
320206007f	ὃς ἐν μορφῇ θεοῦ ὑπάρχων οὐχ ἁρπαγμὸν ἡγήσατο τὸ εἶναι ἴσα θεῷ,
32020700d4	ἀλλὰ ἑαυτὸν ἐκένωσεν μορφὴν δούλου λαβών, ἐν ὁμοιώματι ἀνθρώπων γενόμενος, καὶ σχήματι εὑρεθεὶς ὡς ἄνθρωπος
320208008b	ἐταπείνωσεν ἑαυτόν, γενόμενος ὑπήκοος μέχρι θανάτου, θανάτου δὲ σταυροῦ·
32020900a0	διὸ καὶ ὁ θεὸς αὐτὸν ὑπερύψωσεν καὶ ἐχαρίσατο αὐτῷ τὸ ὄνομα τὸ ὑπὲρ πᾶν ὄνομα·
32020a009d	ἵνα ἐν τῷ ὀνόματι Ἰησοῦ πᾶν γόνυ κάμψῃ ἐπουρανίων καὶ ἐπιγείων καὶ καταχθονίων,
32020b009c	καὶ πᾶσα γλῶσσα ἐξομολογήσηται ὅτι κύριος Ἰησοῦς χριστὸς εἰς δόξαν θεοῦ πατρός.
32020c0152	Ὥστε, ἀγαπητοί μου, καθὼς πάντοτε ὑπηκούσατε, μὴ ὡς ἐν τῇ παρουσίᾳ μου μόνον, ἀλλὰ νῦν πολλῷ μᾶλλον ἐν τῇ ἀπουσίᾳ μου, μετὰ φόβου καὶ τρόμου τὴν ἑαυτῶν σωτηρίαν κατεργάζεσθε·
32020d00a4	θεὸς γάρ ἐστιν ὁ ἐνεργῶν ἐν ὑμῖν καὶ τὸ θέλειν καὶ τὸ ἐνεργεῖν ὑπὲρ τῆς εὐδοκίας.
32020e005b	πάντα ποιεῖτε χωρὶς γογγυσμῶν καὶ διαλογισμῶν,
32020f00fb	ἵνα γένησθε ἄμεμπτοι καὶ ἀκέραιοι, τέκνα θεοῦ ἄμωμα μέσον γενεᾶς σκολιᾶς καὶ διεστραμμένης, ἐν οἷς φαίνεσθε ὡς φωστῆρες ἐν κόσμῳ,
32021000d9	λόγον ζωῆς ἐπέχοντες, εἰς καύχημα ἐμοὶ εἰς ἡμέραν χριστοῦ, ὅτι οὐκ εἰς κενὸν ἔδραμον, οὐδὲ εἰς κενὸν ἐκοπίασα.
32021100c4	ἀλλὰ εἰ καὶ σπένδομαι ἐπὶ τῇ θυσίᾳ καὶ λειτουργίᾳ τῆς πίστεως ὑμῶν, χαίρω καὶ συγχαίρω πᾶσιν ὑμῖν·
320212005f	τὸ δὲ αὐτὸ καὶ ὑμεῖς χαίρετε καὶ συγχαίρετέ μοι.
32021300b4	Ἐλπίζω δὲ ἐν κυρίῳ Ἰησοῦ Τιμόθεον ταχέως πέμψαι ὑμῖν, ἵνα κἀγὼ εὐψυχῶ γνοὺς τὰ περὶ ὑμῶν·
320214007d	οὐδένα γὰρ ἔχω ἰσόψυχον, ὅστις γνησίως τὰ περὶ ὑμῶν μεριμνήσει·
320215006d	οἱ πάντες γὰρ τὰ ἑαυτῶν ζητοῦσιν, οὐ τὰ Ἰησοῦ χριστοῦ·
32021600b3	τὴν δὲ δοκιμὴν αὐτοῦ γινώσκετε, ὅτι ὡς πατρὶ τέκνον σὺν ἐμοὶ ἐδούλευσεν εἰς τὸ εὐαγγέλιον.
320217007d	τοῦτον μὲν οὖν ἐλπίζω πέμψαι, ὡς ἂν ἀφίδω τὰ περὶ ἐμέ, ἐξαυτῆς·
3202180065	πέποιθα δὲ ἐν κυρίῳ ὅτι καὶ αὐτὸς ταχέως ἐλεύσομαι.
3202190126	ἀναγκαῖον δὲ ἡγησάμην Ἐπαφρόδιτον τὸν ἀδελφὸν καὶ συνεργὸν καὶ συνστρατιώτην μου, ὑμῶν δὲ ἀπόστολον καὶ λειτουργὸν τῆς χρείας μου, πέμψαι πρὸς ὑμᾶς·
32021a0096	ἐπειδὴ ἐπιποθῶν ἦν πάντας ὑμᾶς, καὶ ἀδημονῶν, διότι ἠκούσατε ὅτι ἠσθένησεν.
32021b00f9	καὶ γὰρ ἠσθένησεν παραπλήσιον θανάτῳ· ἀλλὰ ὁ θεὸς ἠλέησεν αὐτόν, οὐκ αὐτὸν δὲ μόνον, ἀλλὰ καὶ ἐμέ, ἵνα μὴ λύπην ἐπὶ λύπην σχῶ.
32021c00a2	σπουδαιοτέρως οὖν ἔπεμψα αὐτόν, ἵνα ἰδόντες αὐτὸν πάλιν χαρῆτε, κἀγὼ ἀλυπότερος ὦ.
32021d00a4	προσδέχεσθε οὖν αὐτὸν ἐν κυρίῳ μετὰ πάσης χαρᾶς, καὶ τοὺς τοιούτους ἐντίμους ἔχετε·
32021e00fd	ὅτι διὰ τὸ ἔργον χριστοῦ μέχρι θανάτου ἤγγισεν παραβολευσάμενος τῇ ψυχῇ, ἵνα ἀναπληρώσῃ τὸ ὑμῶν ὑστέρημα τῆς πρός με λειτουργίας.
32030100c7	Τὸ λοιπόν, ἀδελφοί μου, χαίρετε ἐν κυρίῳ. τὰ αὐτὰ γράφειν ὑμῖν, ἐμοὶ μὲν οὐκ ὀκνηρόν, ὑμῖν δὲ ἀσφαλές.
3203020088	βλέπετε τοὺς κύνας, βλέπετε τοὺς κακοὺς ἐργάτας, βλέπετε τὴν κατατομήν·
32030300e4	ἡμεῖς γάρ ἐσμεν ἡ περιτομή, οἱ πνεύματι θεοῦ λατρεύοντες, καὶ καυχώμενοι ἐν χριστῷ Ἰησοῦ καὶ οὐκ ἐν σαρκὶ πεποιθότες,
32030400b2	καίπερ ἐγὼ ἔχων πεποίθησιν καὶ ἐν σαρκί. εἴ τις δοκεῖ ἄλλος πεποιθέναι ἐν σαρκί, ἐγὼ μᾶλλον,
32030500bc	περιτομῇ ὀκταήμερος, ἐκ γένους Ἰσραήλ, φυλῆς Βενιαμείν, Ἑβραῖος ἐξ Ἑβραίων, κατὰ νόμον Φαρισαῖος,
320306009e	κατὰ ζῆλος διώκων τὴν ἐκκλησίαν, κατὰ δικαιοσύνην τὴν ἐν νόμῳ γενόμενος ἄμεμπτος.
3203070078	ἀλλὰ ἅτινα ἦν μοι κέρδη, ταῦτα ἥγημαι διὰ τὸν χριστὸν ζημίαν·
320308014d	ἀλλὰ μὲν οὖν καὶ ἡγοῦμαι πάντα ζημίαν εἶναι διὰ τὸ ὑπερέχον τῆς γνώσεως χριστοῦ Ἰησοῦ τοῦ κυρίου μου, δι᾽ ὃν τὰ πάντα ἐζημιώθην, καὶ ἡγοῦμαι σκύβαλα, ἵνα χριστὸν κερδήσω,
32030900fb	καὶ εὑρεθῶ ἐν αὐτῷ, μὴ ἔχων ἐμὴν δικαιοσύνην τὴν ἐκ νόμου, ἀλλὰ τὴν διὰ πίστεως χριστοῦ, τὴν ἐκ θεοῦ δικαιοσύνην ἐπὶ τῇ πίστει,
32030a00ea	τοῦ γνῶναι αὐτὸν καὶ τὴν δύναμιν τῆς ἀναστάσεως αὐτοῦ, καὶ κοινωνίαν παθημάτων αὐτοῦ, συμμορφιζόμενος τῷ θανάτῳ αὐτοῦ,
32030b0065	εἴ πως καταντήσω εἰς τὴν ἐξανάστασιν τὴν ἐκ νεκρῶν·
32030c00bf	οὐχ ὅτι ἤδη ἔλαβον ἢ ἤδη τετελείωμαι, διώκω δὲ εἰ καὶ καταλάβω ἐφ᾽ ᾧ καὶ κατελήμφθην ὑπὸ χριστοῦ.
32030d00e8	ἀδελφοί, ἐγὼ ἐμαυτὸν οὐ λογίζομαι κατειληφέναι· ἓν δέ, τὰ μὲν ὀπίσω ἐπιλανθανόμενος, τοῖς δὲ ἔμπροσθεν ἐπεκτεινόμενος,
32030e0095	κατὰ σκοπὸν διώκω εἰς τὸ βραβεῖον τῆς ἄνω κλήσεως τοῦ θεοῦ ἐν χριστῷ Ἰησοῦ.
32030f00b9	ὅσοι οὖν τέλειοι, τοῦτο φρονῶμεν· καὶ εἴ τι ἑτέρως φρονεῖτε, καὶ τοῦτο ὁ θεὸς ὑμῖν ἀποκαλύψει.
320310004e	πλὴν εἰς ὃ ἐφθάσαμεν, τῷ αὐτῷ στοιχεῖν.
32031100b7	Συμμιμηταί μου γίνεσθε, ἀδελφοί, καὶ σκοπεῖτε τοὺς οὕτως περιπατοῦντας καθὼς ἔχετε τύπον ἡμᾶς.
32031200dc	πολλοὶ γὰρ περιπατοῦσιν, οὓς πολλάκις ἔλεγον ὑμῖν, νῦν δὲ καὶ κλαίων λέγω, τοὺς ἐχθροὺς τοῦ σταυροῦ τοῦ χριστοῦ,
32031300bf	ὧν τὸ τέλος ἀπώλεια, ὧν ὁ θεὸς ἡ κοιλία καὶ ἡ δόξα ἐν τῇ αἰσχύνῃ αὐτῶν, οἱ τὰ ἐπίγεια φρονοῦντες.
32031400bd	ἡμῶν γὰρ τὸ πολίτευμα ἐν οὐρανοῖς ὑπάρχει, ἐξ οὗ καὶ σωτῆρα ἀπεκδεχόμεθα κύριον Ἰησοῦν χριστόν,
3203150126	ὃς μετασχηματίσει τὸ σῶμα τῆς ταπεινώσεως ἡμῶν σύμμορφον τῷ σώματι τῆς δόξης αὐτοῦ, κατὰ τὴν ἐνέργειαν τοῦ δύνασθαι αὐτὸν καὶ ὑποτάξαι αὐτῷ τὰ πάντα.
32040100bf	Ὥστε, ἀδελφοί μου ἀγαπητοὶ καὶ ἐπιπόθητοι, χαρὰ καὶ στέφανός μου, οὕτως στήκετε ἐν κυρίῳ, ἀγαπητοί.
3204020081	Εὐοδίαν παρακαλῶ καὶ Συντύχην παρακαλῶ τὸ αὐτὸ φρονεῖν ἐν κυρίῳ·
320403014a	ναὶ ἐρωτῶ καὶ σέ, γνήσιε σύνζυγε, συνλαμβάνου αὐταῖς, αἵτινες ἐν τῷ εὐαγγελίῳ συνήθλησάν μοι, μετὰ καὶ Κλήμεντος καὶ τῶν λοιπῶν συνεργῶν μου, ὧν τὰ ὀνόματα ἐν βίβλῳ ζωῆς.
3204040056	Χαίρετε ἐν κυρίῳ πάντοτε· πάλιν ἐρῶ, χαίρετε.
3204050073	τὸ ἐπιεικὲς ὑμῶν γνωσθήτω πᾶσιν ἀνθρώποις. ὁ κύριος ἐγγύς.
32040600e7	μηδὲν μεριμνᾶτε, ἀλλ᾽ ἐν παντὶ τῇ προσευχῇ καὶ τῇ δεήσει μετὰ εὐχαριστίας τὰ αἰτήματα ὑμῶν γνωριζέσθω πρὸς τὸν θεόν·
32040700d9	καὶ ἡ εἰρήνη τοῦ θεοῦ ἡ ὑπερέχουσα πάντα νοῦν φρουρήσει τὰς καρδίας ὑμῶν καὶ τὰ νοήματα ὑμῶν ἐν χριστῷ Ἰησοῦ.
3204080117	Τὸ λοιπόν, ἀδελφοί, ὅσα ἐστὶν ἀληθῆ, ὅσα σεμνά, ὅσα δίκαια, ὅσα ἁγνά, ὅσα προσφιλῆ, ὅσα εὔφημα, εἴ τις ἀρετὴ καὶ εἴ τις ἔπαινος, ταῦτα λογίζεσθε·
32040900e7	ἃ καὶ ἐμάθετε καὶ παρελάβετε καὶ ἠκούσατε καὶ εἴδετε ἐν ἐμοί, ταῦτα πράσσετε, καὶ ὁ θεὸς τῆς εἰρήνης ἔσται μεθ᾽ ὑμῶν.
32040a00d9	Ἐχάρην δὲ ἐν κυρίῳ μεγάλως, ὅτι ἤδη ποτὲ ἀνεθάλετε τὸ ὑπὲρ ἐμοῦ φρονεῖν· ἐφ᾽ ᾧ καὶ ἐφρονεῖτε, ἠκαιρεῖσθε δέ.
32040b008e	οὐχ ὅτι καθ᾽ ὑστέρησιν λέγω· ἐγὼ γὰρ ἔμαθον ἐν οἷς εἰμι αὐτάρκης εἶναι.
32040c010d	οἶδα καὶ ταπεινοῦσθαι, οἶδα καὶ περισσεύειν· ἐν παντὶ καὶ ἐν πᾶσιν μεμύημαι, καὶ χορτάζεσθαι καὶ πεινᾶν, καὶ περισσεύειν καὶ ὑστερεῖσθαι·
32040d0043	πάντα ἰσχύω ἐν τῷ ἐνδυναμοῦντί με.
32040e0065	πλὴν καλῶς ἐποιήσατε συγκοινωνήσαντές μου τῇ θλίψει.
32040f0150	οἴδατε δὲ καὶ ὑμεῖς, Φιλιππήσιοι, ὅτι ἐν ἀρχῇ τοῦ εὐαγγελίου, ὅτε ἐξῆλθον ἀπὸ Μακεδονίας, οὐδεμία μοι ἐκκλησία ἐκοινώνησεν εἰς λόγον δόσεως καὶ λήμψεως, εἰ μὴ ὑμεῖς μόνοι·
3204100086	ὅτι καὶ ἐν Θεσσαλονίκῃ καὶ ἅπαξ καὶ δὶς εἰς τὴν χρείαν μοι ἐπέμψατε.
32041100a1	οὐχ ὅτι ἐπιζητῶ τὸ δόμα, ἀλλὰ ἐπιζητῶ τὸν καρπὸν τὸν πλεονάζοντα εἰς λόγον ὑμῶν·
32041200fa	ἀπέχω δὲ πάντα καὶ περισσεύω, πεπλήρωμαι δεξάμενος παρὰ Ἐπαφροδίτου τὰ παρ᾽ ὑμῶν, ὀσμὴν εὐωδίας, θυσίαν δεκτὴν εὐάρεστον τῷ θεῷ.
32041300ad	ὁ δὲ θεός μου πληρώσει πᾶσαν χρείαν ὑμῶν κατὰ τὸ πλοῦτος αὐτοῦ ἐν δόξῃ ἐν χριστῷ Ἰησοῦ.
3204140082	τῷ δὲ θεῷ καὶ πατρὶ ἡμῶν ἡ δόξα εἰς τοὺς αἰῶνας τῶν αἰώνων. ἀμήν.
3204150097	Ἀσπάσασθε πάντα ἅγιον ἐν χριστῷ Ἰησοῦ. ἀσπάζονται ὑμᾶς οἱ σὺν ἐμοὶ ἀδελφοί.
3204160089	ἀσπάζονται ὑμᾶς πάντες οἱ ἅγιοι, μάλιστα δὲ οἱ ἐκ τῆς Καίσαρος οἰκίας.
3204170094	Ἡ χάρις τοῦ κυρίου Ἰησοῦ χριστοῦ μετὰ τοῦ πνεύματος ὑμῶν. ΠΡΟΣ ΦΙΛΙΠΠΗΣΙΟΥΣ.
330000001d	Προς Κολοσσαεις
3301010092	Παῦλος ἀπόστολος χριστοῦ Ἰησοῦ διὰ θελήματος θεοῦ, καὶ Τιμόθεος ὁ ἀδελφός,
33010200cb	τοῖς ἐν Κολασσαῖς ἁγίοις καὶ πιστοῖς ἀδελφοῖς ἐν χριστῷ· χάρις ὑμῖν καὶ εἰρήνη ἀπὸ θεοῦ πατρὸς ἡμῶν.
33010300bd	Εὐχαριστοῦμεν τῷ θεῷ καὶ πατρὶ τοῦ κυρίου ἡμῶν Ἰησοῦ χριστοῦ, πάντοτε ὑπὲρ ὑμῶν προσευχόμενοι,
33010400b4	ἀκούσαντες τὴν πίστιν ὑμῶν ἐν χριστῷ Ἰησοῦ καὶ τὴν ἀγάπην ἣν ἔχετε εἰς πάντας τοὺς ἁγίους,
33010500d7	διὰ τὴν ἐλπίδα τὴν ἀποκειμένην ὑμῖν ἐν τοῖς οὐρανοῖς, ἣν προηκούσατε ἐν τῷ λόγῳ τῆς ἀληθείας τοῦ εὐαγγελίου
330106015e	τοῦ παρόντος εἰς ὑμᾶς, καθὼς καὶ ἐν παντὶ τῷ κόσμῳ ἐστὶν καρποφορούμενον καὶ αὐξανόμενον, καθὼς καὶ ἐν ὑμῖν, ἀφ᾽ ἧς ἡμέρας ἠκούσατε καὶ ἐπέγνωτε τὴν χάριν τοῦ θεοῦ ἐν ἀληθείᾳ·
33010700cd	καθὼς ἐμάθετε ἀπὸ Ἐπαφρᾶ τοῦ ἀγαπητοῦ συνδούλου ἡμῶν, ὅς ἐστιν πιστὸς ὑπὲρ ἡμῶν διάκονος τοῦ χριστοῦ,
330108005e	ὁ καὶ δηλώσας ἡμῖν τὴν ὑμῶν ἀγάπην ἐν πνεύματι.
330109016b	διὰ τοῦτο καὶ ἡμεῖς, ἀφ᾽ ἧς ἡμέρας ἠκούσαμεν, οὐ παυόμεθα ὑπὲρ ὑμῶν προσευχόμενοι καὶ αἰτούμενοι ἵνα πληρωθῆτε τὴν ἐπίγνωσιν τοῦ θελήματος αὐτοῦ ἐν πάσῃ σοφίᾳ καὶ συνέσει πνευματικῇ,
33010a00f7	περιπατῆσαι ἀξίως τοῦ κυρίου εἰς πᾶσαν ἀρεσκείαν, ἐν παντὶ ἔργῳ ἀγαθῷ καρποφοροῦντες καὶ αὐξανόμενοι τῇ ἐπιγνώσει τοῦ θεοῦ·
33010b00d2	ἐν πάσῃ δυνάμει δυναμούμενοι κατὰ τὸ κράτος τῆς δόξης αὐτοῦ εἰς πᾶσαν ὑπομονὴν καὶ μακροθυμίαν μετὰ χαρᾶς·
33010c00b3	Εὐχαριστοῦντες τῷ πατρὶ τῷ ἱκανώσαντι ἡμᾶς εἰς τὴν μερίδα τοῦ κλήρου τῶν ἁγίων ἐν τῷ φωτί,
33010d00cf	ὃς ἐρύσατο ἡμᾶς ἐκ τῆς ἐξουσίας τοῦ σκότους, καὶ μετέστησεν εἰς τὴν βασιλείαν τοῦ υἱοῦ τῆς ἀγάπης αὐτοῦ,
33010e006b	ἐν ᾧ ἔχομεν τὴν ἀπολύτρωσιν, τὴν ἄφεσιν τῶν ἁμαρτιῶν·
33010f007a	ὅς ἐστιν εἰκὼν τοῦ θεοῦ τοῦ ἀοράτου, πρωτότοκος πάσης κτίσεως·
3301100177	ὅτι ἐν αὐτῷ ἐκτίσθη τὰ πάντα ἐν τοῖς οὐρανοῖς καὶ [τὰ] ἐπὶ τῆς γῆς, τὰ ὁρατὰ καὶ τὰ ἀόρατα, εἴτε θρόνοι εἴτε κυριότητες εἴτε ἀρχαὶ εἴτε ἐξουσίαι· τὰ πάντα δι᾽ αὐτοῦ καὶ εἰς αὐτὸν ἔκτισται,
3301110075	καὶ αὐτός ἐστιν πρὸ πάντων, καὶ τὰ πάντα ἐν αὐτῷ συνέστηκεν,
33011200fe	καὶ αὐτός ἐστιν ἡ κεφαλὴ τοῦ σώματος τῆς ἐκκλησίας· ὅς ἐστιν ἀρχή, πρωτότοκος ἐκ τῶν νεκρῶν, ἵνα γένηται ἐν πᾶσιν αὐτὸς πρωτεύων·
3301130060	ὅτι ἐν αὐτῷ εὐδόκησεν πᾶν τὸ πλήρωμα κατοικῆσαι,
330114011e	καὶ δι᾽ αὐτοῦ ἀποκαταλλάξαι τὰ πάντα εἰς αὐτόν, εἰρηνοποιήσας διὰ τοῦ αἵματος τοῦ σταυροῦ αὐτοῦ, εἴτε τὰ ἐπὶ τῆς γῆς εἴτε τὰ ἐν τοῖς οὐρανοῖς·
33011500b3	καὶ ὑμᾶς ποτε ὄντας ἀπηλλοτριωμένους καὶ ἐχθροὺς τῇ διανοίᾳ ἐν τοῖς ἔργοις τοῖς πονηροῖς,
3301160112	νυνὶ δὲ ἀποκατήλλαξεν ἐν τῷ σώματι τῆς σαρκὸς αὐτοῦ διὰ τοῦ θανάτου, παραστῆσαι ὑμᾶς ἁγίους καὶ ἀμώμους καὶ ἀνεγκλήτους κατενώπιον αὐτοῦ·
3301170190	εἴ γε ἐπιμένετε τῇ πίστει τεθεμελιωμένοι καὶ ἑδραῖοι, καὶ μὴ μετακινούμενοι ἀπὸ τῆς ἐλπίδος τοῦ εὐαγγελίου οὗ ἠκούσατε, τοῦ κηρυχθέντος ἐν πάσῃ κτίσει τῇ ὑπὸ τὸν οὐρανόν, οὗ ἐγενόμην ἐγὼ Παῦλος διάκονος.
330118012e	Νῦν χαίρω ἐν τοῖς παθήμασιν ὑπὲρ ὑμῶν, καὶ ἀνταναπληρῶ τὰ ὑστερήματα τῶν θλίψεων τοῦ χριστοῦ ἐν τῇ σαρκί μου ὑπὲρ τοῦ σώματος αὐτοῦ, ὅ ἐστιν ἡ ἐκκλησία·
33011900d7	ἧς ἐγενόμην ἐγὼ διάκονος κατὰ τὴν οἰκονομίαν τοῦ θεοῦ τὴν δοθεῖσάν μοι εἰς ὑμᾶς πληρῶσαι τὸν λόγον τοῦ θεοῦ,
33011a00cc	τὸ μυστήριον τὸ ἀποκεκρυμμένον ἀπὸ τῶν αἰώνων καὶ ἀπὸ τῶν γενεῶν, νῦν δὲ ἐφανερώθη τοῖς ἁγίοις αὐτοῦ·
33011b0108	οἷς ἠθέλησεν ὁ θεὸς γνωρίσαι, τί τὸ πλοῦτος τῆς δόξης τοῦ μυστηρίου τούτου ἐν τοῖς ἔθνεσιν, ὅ ἐστιν χριστὸς ἐν ὑμῖν, ἡ ἐλπὶς τῆς δόξης·
33011c0120	ὃν ἡμεῖς καταγγέλλομεν, νουθετοῦντες πάντα ἄνθρωπον καὶ διδάσκοντες πάντα ἄνθρωπον ἐν πάσῃ σοφίᾳ, ἵνα παραστήσωμεν πάντα ἄνθρωπον τέλειον ἐν χριστῷ,
33011d00b6	εἰς ὃ καὶ κοπιῶ, ἀγωνιζόμενος κατὰ τὴν ἐνέργειαν αὐτοῦ τὴν ἐνεργουμένην ἐν ἐμοὶ ἐν δυνάμει.
33020100e8	Θέλω γὰρ ὑμᾶς εἰδέναι ἡλίκον ἀγῶνα ἔχω ὑπὲρ ὑμῶν καὶ τῶν ἐν Λαοδικείᾳ καὶ ὅσοι οὐχ ἑώρακαν τὸ πρόσωπόν μου ἐν σαρκί,
3302020137	ἵνα παρακληθῶσιν αἱ καρδίαι αὐτῶν, συμβιβασθέντες ἐν ἀγάπῃ καὶ εἰς πᾶν [τὸ] πλοῦτος τῆς πληροφορίας τῆς συνέσεως, εἰς ἐπίγνωσιν τοῦ μυστηρίου τοῦ θεοῦ χριστοῦ,
330203007c	ἐν ᾧ εἰσιν πάντες οἱ θησαυροὶ τῆς σοφίας καὶ γνώσεως ἀπόκρυφοι·
3302040079	τοῦτο [δὲ] λέγω, ἵνα μηδεὶς ὑμᾶς παραλογίζηται ἐν πιθανολογίᾳ·
3302050110	εἰ γὰρ καὶ τῇ σαρκὶ ἄπειμι, ἀλλὰ τῷ πνεύματι σὺν ὑμῖν εἰμί, χαίρων καὶ βλέπων ὑμῶν τὴν τάξιν καὶ τὸ στερέωμα τῆς εἰς χριστὸν πίστεως ὑμῶν.
3302060089	Ὡς οὖν παρελάβετε τὸν χριστὸν Ἰησοῦν τὸν κύριον, ἐν αὐτῷ περιπατεῖτε,
33020700e6	ἐῤῥιζωμένοι καὶ ἐποικοδομούμενοι ἐν αὐτῷ, καὶ βεβαιούμενοι τῇ πίστει, καθὼς ἐδιδάχθητε, περισσεύοντες ἐν εὐχαριστίᾳ.
3302080132	βλέπετε μή τις ὑμᾶς ἔσται ὁ συλαγωγῶν διὰ τῆς φιλοσοφίας καὶ κενῆς ἀπάτης, κατὰ τὴν παράδοσιν τῶν ἀνθρώπων, κατὰ τὰ στοιχεῖα τοῦ κόσμου, καὶ οὐ κατὰ χριστόν·
3302090075	ὅτι ἐν αὐτῷ κατοικεῖ πᾶν τὸ πλήρωμα τῆς θεότητος σωματικῶς,
33020a0094	καί ἐστε ἐν αὐτῷ πεπληρωμένοι· ὅς ἐστιν ἡ κεφαλὴ πάσης ἀρχῆς καὶ ἐξουσίας·
33020b00dc	ἐν ᾧ καὶ περιετμήθητε περιτομῇ ἀχειροποιήτῳ, ἐν τῇ ἀπεκδύσει τοῦ σώματος τῆς σαρκός, ἐν τῇ περιτομῇ τοῦ χριστοῦ,
33020c00f7	συνταφέντες αὐτῷ ἐν τῷ βαπτισμῷ, ἐν ᾧ καὶ συνηγέρθητε διὰ τῆς πίστεως τῆς ἐνεργείας τοῦ θεοῦ τοῦ ἐγείραντος αὐτὸν ἐκ νεκρῶν·
33020d0120	καὶ ὑμᾶς νεκροὺς ὄντας τοῖς παραπτώμασιν καὶ τῇ ἀκροβυστίᾳ τῆς σαρκὸς ὑμῶν, συνεζωοποίησεν ὑμᾶς σὺν αὐτῷ, χαρισάμενος ἡμῖν πάντα τὰ παραπτώματα·
33020e00fc	ἐξαλείψας τὸ καθ᾽ ἡμῶν χειρόγραφον τοῖς δόγμασιν, ὃ ἦν ὑπεναντίον ἡμῖν, καὶ αὐτὸ ἦρκεν ἐκ τοῦ μέσου, προσηλώσας αὐτὸ τῷ σταυρῷ·
33020f00bf	ἀπεκδυσάμενος τὰς ἀρχὰς καὶ τὰς ἐξουσίας ἐδειγμάτισεν ἐν παῤῥησίᾳ, θριαμβεύσας αὐτοὺς ἐν αὐτῷ.
33021000a7	Μὴ οὖν τις ὑμᾶς κρινέτω ἐν βρώσει ἢ ἐν πόσει ἢ ἐν μέρει ἑορτῆς ἢ νεομηνίας ἢ σαββάτων,
3302110064	ἅ ἐστιν σκιὰ τῶν μελλόντων, τὸ δὲ σῶμα τοῦ χριστοῦ.
330212011e	μηδεὶς ὑμᾶς καταβραβευέτω θέλων ἐν ταπεινοφροσύνῃ καὶ θρησκείᾳ τῶν ἀγγέλων, ἃ ἑώρακεν ἐμβατεύων εἰκῆ φυσιούμενος ὑπὸ τοῦ νοὸς τῆς σαρκὸς αὐτοῦ,
330213010a	καὶ οὐ κρατῶν τὴν κεφαλήν, ἐξ οὗ πᾶν τὸ σῶμα διὰ τῶν ἁφῶν καὶ συνδέσμων ἐπιχορηγούμενον καὶ συμβιβαζόμενον αὔξει τὴν αὔξῃσιν τοῦ θεοῦ.
33021400ae	εἰ ἀπεθάνετε σὺν χριστῷ ἀπὸ τῶν στοιχείων τοῦ κόσμου, τί ὡς ζῶντες ἐν κόσμῳ δογματίζεσθε;
330215003c	Μὴ ἅψῃ μηδὲ γεύσῃ μηδὲ θίγῃς·
33021600aa	ἅ ἐστιν πάντα εἰς φθορὰν τῇ ἀποχρήσει, κατὰ τὰ ἐντάλματα καὶ διδασκαλίας τῶν ἀνθρώπων·
330217010c	ἅτινά ἐστιν λόγον μὲν ἔχοντα σοφίας ἐν ἐθελοθρησκείᾳ καὶ ταπεινοφροσύνῃ καὶ ἀφειδίᾳ σώματος, οὐκ ἐν τιμῇ τινι πρὸς πλησμονὴν τῆς σαρκός.
33030100b6	Εἰ οὖν συνηγέρθητε τῷ χριστῷ, τὰ ἄνω ζητεῖτε, οὗ ὁ χριστός ἐστιν ἐν δεξιᾷ τοῦ θεοῦ καθήμενος·
3303020046	τὰ ἄνω φρονεῖτε, μὴ τὰ ἐπὶ τῆς γῆς.
330303007f	ἀπεθάνετε γὰρ καὶ ἡ ζωὴ ὑμῶν κέκρυπται σὺν τῷ χριστῷ ἐν τῷ θεῷ·
33030400a5	ὅταν ὁ χριστὸς φανερωθῇ, ἡ ζωὴ ὑμῶν, τότε καὶ ὑμεῖς σὺν αὐτῷ φανερωθήσεσθε ἐν δόξῃ.
33030500f8	Νεκρώσατε οὖν τὰ μέλη τὰ ἐπὶ τῆς γῆς, πορνείαν, ἀκαθαρσίαν, πάθος, ἐπιθυμίαν κακήν, καὶ τὴν πλεονεξίαν, ἥτις ἐστὶν εἰδωλολατρεία,
330306003e	δι᾽ ἃ ἔρχεται ἡ ὀργὴ τοῦ θεοῦ·
3303070072	ἐν οἷς καὶ ὑμεῖς περιεπατήσατέ ποτε, ὅτε ἐζῆτε ἐν τούτοις.
33030800cb	νυνὶ δὲ ἀπόθεσθε καὶ ὑμεῖς τὰ πάντα, ὀργήν, θυμόν, κακίαν, βλασφημίαν, αἰσχρολογίαν ἐκ τοῦ στόματος ὑμῶν·
33030900a8	μὴ ψεύδεσθε εἰς ἀλλήλους, ἀπεκδυσάμενοι τὸν παλαιὸν ἄνθρωπον σὺν ταῖς πράξεσιν αὐτοῦ,
33030a00b4	καὶ ἐνδυσάμενοι τὸν νέον, τὸν ἀνακαινούμενον εἰς ἐπίγνωσιν κατ᾽ εἰκόνα τοῦ κτίσαντος αὐτόν·
33030b00fc	ὅπου οὐκ ἔνι Ἕλλην καὶ Ἰουδαῖος, περιτομὴ καὶ ἀκροβυστία, βάρβαρος, Σκύθης, δοῦλος, ἐλεύθερος, ἀλλὰ τὰ πάντα καὶ ἐν πᾶσιν χριστός.
33030c00f6	ἐνδύσασθε οὖν, ὡς ἐκλεκτοὶ τοῦ θεοῦ ἅγιοι καὶ ἠγαπημένοι, σπλάγχνα οἰκτιρμοῦ χρηστότητα ταπεινοφροσύνην πραΰτητα μακροθυμίαν·
33030d00fa	(ἀνεχόμενοι ἀλλήλων, καὶ χαριζόμενοι ἑαυτοῖς, ἐάν τις πρός τινα ἔχῃ μομφήν· καθὼς καὶ ὁ κύριος ἐχαρίσατο ὑμῖν, οὕτως καὶ ὑμεῖς·)
33030e0083	ἐπὶ πᾶσιν δὲ τούτοις τὴν ἀγάπην, ὅ ἐστιν σύνδεσμος τῆς τελειότητος.
33030f00e5	καὶ ἡ εἰρήνη τοῦ χριστοῦ βραβευέτω ἐν ταῖς καρδίαις ὑμῶν, εἰς ἣν καὶ ἐκλήθητε ἐν ἑνὶ σώματι· καὶ εὐχάριστοι γίνεσθε.
330310016e	Ὁ λόγος τοῦ χριστοῦ ἐνοικείτω ἐν ὑμῖν πλουσίως, ἐν πάσῃ σοφίᾳ, διδάσκοντες καὶ νουθετοῦντες ἑαυτούς ψαλμοῖς ὕμνοις, ᾠδαῖς πνευματικαῖς ἐν τῇ χάριτι ᾄδοντες ἐν ταῖς καρδίαις ὑμῶν τῷ θεῷ·
33031100e0	καὶ πᾶν ὅ τι ἐὰν ποιῆτε ἐν λόγῳ ἢ ἐν ἔργῳ, πάντα ἐν ὀνόματι κυρίου Ἰησοῦ, εὐχαριστοῦντες τῷ θεῷ πατρὶ δι᾽ αὐτοῦ.
3303120075	Αἱ γυναῖκες, ὑποτάσσεσθε τοῖς ἀνδράσιν, ὡς ἀνῆκεν ἐν κυρίῳ.
330313007c	οἱ ἄνδρες, ἀγαπᾶτε τὰς γυναῖκας, καὶ μὴ πικραίνεσθε πρὸς αὐτάς.
330314009f	τὰ τέκνα, ὑπακούετε τοῖς γονεῦσιν κατὰ πάντα· τοῦτο γὰρ εὐάρεστόν ἐστιν ἐν κυρίῳ.
330315006e	οἱ πατέρες, μὴ ἐρεθίζετε τὰ τέκνα ὑμῶν, ἵνα μὴ ἀθυμῶσιν.
330316011a	οἱ δοῦλοι, ὑπακούετε κατὰ πάντα τοῖς κατὰ σάρκα κυρίοις, μὴ ἐν ὀφθαλμοδουλείαις ὡς ἀνθρωπάρεσκοι, ἀλλὰ ἐν ἁπλότητι καρδίας φοβούμενοι τὸν κύριον.
330317007f	ὃ ἐὰν ποιῆτε, ἐκ ψυχῆς ἐργάζεσθε ὡς τῷ κυρίῳ καὶ οὐκ ἀνθρώποις·
33031800ba	εἰδότες ὅτι ἀπὸ κυρίου ἀπολήμψεσθε τὴν ἀνταπόδοσιν τῆς κληρονομίας· τῷ κυρίῳ χριστῷ δουλεύετε.
330319007c	ὁ γὰρ ἀδικῶν κομιεῖται ὃ ἠδίκησεν καὶ οὐκ ἔστιν προσωπολημψία.
33040100d1	οἱ κύριοι, τὸ δίκαιον καὶ τὴν ἰσότητα τοῖς δούλοις παρέχεσθε, εἰδότες ὅτι καὶ ὑμεῖς ἔχετε κύριον ἐν οὐρανῷ.
3304020080	Τῇ προσευχῇ προσκαρτερεῖτε, γρηγοροῦντες ἐν αὐτῇ ἐν εὐχαριστίᾳ·
33040300f5	προσευχόμενοι ἅμα καὶ περὶ ἡμῶν, ἵνα ὁ θεὸς ἀνοίξῃ ἡμῖν θύραν τοῦ λόγου, λαλῆσαι τὸ μυστήριον τοῦ χριστοῦ, δι᾽ ὃ καὶ δέδεμαι,
3304040047	ἵνα φανερώσω αὐτὸ ὡς δεῖ με λαλῆσαι.
330405007b	ἐν σοφίᾳ περιπατεῖτε πρὸς τοὺς ἔξω, τὸν καιρὸν ἐξαγοραζόμενοι.
33040600bb	ὁ λόγος ὑμῶν πάντοτε ἐν χάριτι, ἅλατι ἠρτυμένος, εἰδέναι πῶς δεῖ ὑμᾶς ἑνὶ ἑκάστῳ ἀποκρίνεσθαι.
33040700cc	τὰ κατ᾽ ἐμὲ πάντα γνωρίσει ὑμῖν Τυχικὸς ὁ ἀγαπητὸς ἀδελφὸς καὶ πιστὸς διάκονος καὶ σύνδουλος ἐν κυρίῳ,
33040800b8	ὃν ἔπεμψα πρὸς ὑμᾶς εἰς αὐτὸ τοῦτο, ἵνα γνῶτε τὰ περὶ ἡμῶν καὶ παρακαλέσῃ τὰς καρδίας ὑμῶν,
33040900b3	σὺν Ὀνησίμῳ τῷ πιστῷ καὶ ἀγαπητῷ ἀδελφῷ, ὅς ἐστιν ἐξ ὑμῶν· πάντα ὑμῖν γνωριοῦσιν τὰ ὧδε.
33040a0110	ἀσπάζεται ὑμᾶς Ἀρίσταρχος ὁ συναιχμάλωτός μου, καὶ Μάρκος ὁ ἀνεψιὸς Βαρνάβα, (περὶ οὗ ἐλάβετε ἐντολάς· ἐὰν ἔλθῃ πρὸς ὑμᾶς, δέξασθε αὐτόν·)
33040b010c	καὶ Ἰησοῦς ὁ λεγόμενος Ἰοῦστος, οἱ ὄντες ἐκ περιτομῆς, οὗτοι μόνοι συνεργοὶ εἰς τὴν βασιλείαν τοῦ θεοῦ, οἵτινες ἐγενήθησάν μοι παρηγορία.
33040c015d	ἀσπάζεται ὑμᾶς Ἐπαφρᾶς ὁ ἐξ ὑμῶν, δοῦλος χριστοῦ Ἰησοῦ, πάντοτε ἀγωνιζόμενος ὑπὲρ ὑμῶν ἐν ταῖς προσευχαῖς, ἵνα σταθῆτε τέλειοι καὶ πεπληροφορημένοι ἐν παντὶ θελήματι τοῦ θεοῦ.
33040d00b6	μαρτυρῶ γὰρ αὐτῷ ὅτι ἔχει πολὺν πόνον ὑπὲρ ὑμῶν καὶ τῶν ἐν Λαοδικείᾳ καὶ τῶν ἐν Ἱεραπόλει.
33040e006b	ἀσπάζεται ὑμᾶς Λουκᾶς ὁ ἰατρὸς ὁ ἀγαπητὸς καὶ Δημᾶς.
33040f00a9	ἀσπάσασθε τοὺς ἐν Λαοδικείᾳ ἀδελφοὺς καὶ Νυμφᾶν καὶ τὴν κατ᾽ οἶκον αὐτῶν ἐκκλησίαν·
3304100118	καὶ ὅταν ἀναγνωσθῇ παρ᾽ ὑμῖν ἡ ἐπιστολή, ποιήσατε ἵνα καὶ ἐν τῇ Λαοδικέων ἐκκλησίᾳ ἀναγνωσθῇ, καὶ τὴν ἐκ Λαοδικείας ἵνα καὶ ὑμεῖς ἀναγνῶτε·
330411009f	καὶ εἴπατε Ἀρχίππῳ, Βλέπε τὴν διακονίαν ἣν παρέλαβες ἐν κυρίῳ, ἵνα αὐτὴν πληροῖς.
33041200b8	Ὁ ἀσπασμὸς τῇ ἐμῇ χειρὶ Παύλου. μνημονεύετέ μου τῶν δεσμῶν. ἡ χάρις μεθ᾽ ὑμῶν. ΠΡΟΣ ΚΟΛΑΣΣΑΕΙΣ.
3400000028	Προς Θεσσαλονικεις Α΄
34010100ee	Παῦλος καὶ Σιλουανὸς καὶ Τιμόθεος τῇ ἐκκλησίᾳ Θεσσαλονικέων ἐν θεῷ πατρὶ καὶ κυρίῳ Ἰησοῦ χριστῷ· χάρις ὑμῖν καὶ εἰρήνη.
34010200c7	Εὐχαριστοῦμεν τῷ θεῷ πάντοτε περὶ πάντων ὑμῶν, μνείαν ποιούμενοι ἐπὶ τῶν προσευχῶν ἡμῶν, ἀδιαλείπτως
3401030143	μνημονεύοντες ὑμῶν τοῦ ἔργου τῆς πίστεως καὶ τοῦ κόπου τῆς ἀγάπης καὶ τῆς ὑπομονῆς τῆς ἐλπίδος τοῦ κυρίου ἡμῶν Ἰησοῦ χριστοῦ, ἔμπροσθεν τοῦ θεοῦ καὶ πατρὸς ἡμῶν·
3401040071	εἰδότες, ἀδελφοὶ ἠγαπημένοι ὑπὸ θεοῦ, τὴν ἐκλογὴν ὑμῶν·
340105015c	ὅτι τὸ εὐαγγέλιον ἡμῶν οὐκ ἐγενήθη εἰς ὑμᾶς ἐν λόγῳ μόνον, ἀλλὰ καὶ ἐν δυνάμει καὶ ἐν πνεύματι ἁγίῳ καὶ [ἐν] πληροφορίᾳ πολλῇ, καθὼς οἴδατε οἷοι ἐγενήθημεν [ἐν] ὑμῖν δι᾽ ὑμᾶς·
34010600dc	καὶ ὑμεῖς μιμηταὶ ἡμῶν ἐγενήθητε καὶ τοῦ κυρίου, δεξάμενοι τὸν λόγον ἐν θλίψει πολλῇ μετὰ χαρᾶς πνεύματος ἁγίου,
340107009f	ὥστε γενέσθαι ὑμᾶς τύπον πᾶσιν τοῖς πιστεύουσιν ἐν τῇ Μακεδονίᾳ καὶ ἐν τῇ Ἀχαΐᾳ.
340108015a	ἀφ᾽ ὑμῶν γὰρ ἐξήχηται ὁ λόγος τοῦ κυρίου οὐ μόνον ἐν τῇ Μακεδονίᾳ καὶ Ἀχαΐᾳ, ἀλλὰ ἐν παντὶ τόπῳ ἡ πίστις ὑμῶν ἡ πρὸς τὸν θεὸν ἐξελήλυθεν, ὥστε μὴ χρείαν ἔχειν ἡμᾶς λαλεῖν τι.
3401090130	αὐτοὶ γὰρ περὶ ἡμῶν ἀπαγγέλλουσιν ὁποίαν εἴσοδον ἔσχομεν πρὸς ὑμᾶς, καὶ πῶς ἐπεστρέψατε πρὸς τὸν θεὸν ἀπὸ τῶν εἰδώλων, δουλεύειν θεῷ ζῶντι καὶ ἀληθινῷ,
34010a00fb	καὶ ἀναμένειν τὸν υἱὸν αὐτοῦ ἐκ τῶν οὐρανῶν, ὃν ἤγειρεν ἐκ τῶν νεκρῶν, Ἰησοῦν, τὸν ῥυόμενον ἡμᾶς ἐκ τῆς ὀργῆς τῆς ἐρχομένης.
340201009e	Αὐτοὶ γὰρ οἴδατε, ἀδελφοί, τὴν εἴσοδον ἡμῶν τὴν πρὸς ὑμᾶς, ὅτι οὐ κενὴ γέγονεν·
3402020129	ἀλλὰ προπαθόντες καὶ ὑβρισθέντες καθὼς οἴδατε ἐν Φιλίπποις, ἐπαῤῥησιασάμεθα ἐν τῷ θεῷ ἡμῶν λαλῆσαι πρὸς ὑμᾶς τὸ εὐαγγέλιον τοῦ θεοῦ ἐν πολλῷ ἀγῶνι.
340203008a	ἡ γὰρ παράκλησις ἡμῶν οὐκ ἐκ πλάνης οὐδὲ ἐξ ἀκαθαρσίας οὐδὲ ἐν δόλῳ·
340204012c	ἀλλὰ καθὼς δεδοκιμάσμεθα ὑπὸ τοῦ θεοῦ πιστευθῆναι τὸ εὐαγγέλιον, οὕτως λαλοῦμεν, οὐχ ὡς ἀνθρώποις ἀρέσκοντες, ἀλλὰ θεῷ τῷ δοκιμάζοντι τὰς καρδίας ἡμῶν.
34020500be	οὔτε γάρ ποτε ἐν λόγῳ κολακείας ἐγενήθημεν, καθὼς οἴδατε, οὔτε ἐν προφάσει πλεονεξίας, θεὸς μάρτυς·
340206007f	οὔτε ζητοῦντες ἐξ ἀνθρώπων δόξαν, οὔτε ἀφ᾽ ὑμῶν οὔτε ἀπ᾽ ἄλλων,
34020700ef	δυνάμενοι ἐν βάρει εἶναι, ὡς χριστοῦ ἀπόστολοι· ἀλλὰ ἐγενήθημεν ἤπιοι ἐν μέσῳ ὑμῶν, ὡς ἐὰν τροφὸς θάλπῃ τὰ ἑαυτῆς τέκνα,
340208011a	οὕτως ὁμειρόμενοι ὑμῶν εὐδοκοῦμεν μεταδοῦναι ὑμῖν οὐ μόνον τὸ εὐαγγέλιον τοῦ θεοῦ, ἀλλὰ καὶ τὰς ἑαυτῶν ψυχάς, διότι ἀγαπητοὶ ἡμῖν ἐγενήθητε.
3402090143	μνημονεύετε γάρ, ἀδελφοί, τὸν κόπον ἡμῶν καὶ τὸν μόχθον· νυκτὸς καὶ ἡμέρας ἐργαζόμενοι, πρὸς τὸ μὴ ἐπιβαρῆσαί τινα ὑμῶν, ἐκηρύξαμεν εἰς ὑμᾶς τὸ εὐαγγέλιον τοῦ θεοῦ.
34020a00b9	ὑμεῖς μάρτυρες καὶ ὁ θεός, ὡς ὁσίως καὶ δικαίως καὶ ἀμέμπτως ὑμῖν τοῖς πιστεύουσιν ἐγενήθημεν,
34020b0072	καθάπερ οἴδατε, ὡς ἕνα ἕκαστον ὑμῶν ὡς πατὴρ τέκνα ἑαυτοῦ
34020c0126	παρακαλοῦντες ὑμᾶς καὶ παραμυθούμενοι καὶ μαρτυρόμενοι εἰς τὸ περιπατεῖν ὑμᾶς ἀξίως τοῦ θεοῦ τοῦ καλοῦντος ὑμᾶς εἰς τὴν ἑαυτοῦ βασιλείαν καὶ δόξαν.
34020d01a9	Καὶ διὰ τοῦτο καὶ ἡμεῖς εὐχαριστοῦμεν τῷ θεῷ ἀδιαλείπτως, ὅτι παραλαβόντες λόγον ἀκοῆς παρ᾽ ἡμῶν τοῦ θεοῦ, ἐδέξασθε οὐ λόγον ἀνθρώπων ἀλλὰ καθώς ἐστιν ἀληθῶς λόγον θεοῦ, ὃς καὶ ἐνεργεῖται ἐν ὑμῖν τοῖς πιστεύουσιν.
34020e0184	ὑμεῖς γὰρ μιμηταὶ ἐγενήθητε, ἀδελφοί, τῶν ἐκκλησιῶν τοῦ θεοῦ τῶν οὐσῶν ἐν τῇ Ἰουδαίᾳ ἐν χριστῷ Ἰησοῦ, ὅτι τὰ αὐτὰ ἐπάθετε καὶ ὑμεῖς ὑπὸ τῶν ἰδίων συμφυλετῶν, καθὼς καὶ αὐτοὶ ὑπὸ τῶν Ἰουδαίων,
34020f0106	τῶν καὶ τὸν κύριον ἀποκτεινάντων Ἰησοῦν καὶ τοὺς προφήτας, καὶ ἡμᾶς ἐκδιωξάντων, καὶ θεῷ μὴ ἀρεσκόντων καὶ πᾶσιν ἀνθρώποις ἐναντίων,
3402100110	κωλυόντων ἡμᾶς τοῖς ἔθνεσιν λαλῆσαι ἵνα σωθῶσιν, εἰς τὸ ἀναπληρῶσαι αὐτῶν τὰς ἁμαρτίας πάντοτε· ἔφθασεν δὲ ἐπ᾽ αὐτοὺς ἡ ὀργὴ εἰς τέλος.
3402110127	Ἡμεῖς δέ, ἀδελφοί, ἀπορφανισθέντες ἀφ᾽ ὑμῶν πρὸς καιρὸν ὥρας, προσώπῳ οὐ καρδίᾳ, περισσοτέρως ἐσπουδάσαμεν τὸ πρόσωπον ὑμῶν ἰδεῖν ἐν πολλῇ ἐπιθυμίᾳ.
34021200c0	διότι ἠθελήσαμεν ἐλθεῖν πρὸς ὑμᾶς, ἐγὼ μὲν Παῦλος καὶ ἅπαξ καὶ δίς, καὶ ἐνέκοψεν ἡμᾶς ὁ σατανᾶς.
34021300ef	τίς γὰρ ἡμῶν ἐλπὶς ἢ χαρὰ ἢ στέφανος καυχήσεως; ἢ οὐχὶ καὶ ὑμεῖς, ἔμπροσθεν τοῦ κυρίου ἡμῶν Ἰησοῦ ἐν τῇ αὐτοῦ παρουσίᾳ;
340214004b	ὑμεῖς γάρ ἐστε ἡ δόξα ἡμῶν καὶ ἡ χαρά.
340301007d	διὸ μηκέτι στέγοντες ηὐδοκήσαμεν καταλειφθῆναι ἐν Ἀθήναις μόνοι,
340302012c	καὶ ἐπέμψαμεν Τιμόθεον τὸν ἀδελφὸν ἡμῶν καὶ διάκονον τοῦ θεοῦ ἐν τῷ εὐαγγελίῳ τοῦ χριστοῦ, εἰς τὸ στηρίξαι ὑμᾶς καὶ παρακαλέσαι ὑπὲρ τῆς πίστεως ὑμῶν,
34030300a7	τὸ μηδένα σαίνεσθαι ἐν ταῖς θλίψεσιν ταύταις· αὐτοὶ γὰρ οἴδατε ὅτι εἰς τοῦτο κείμεθα·
34030400c2	καὶ γὰρ ὅτε πρὸς ὑμᾶς ἦμεν, προελέγομεν ὑμῖν ὅτι μέλλομεν θλίβεσθαι, καθὼς καὶ ἐγένετο καὶ οἴδατε·
3403050109	διὰ τοῦτο κἀγὼ μηκέτι στέγων ἔπεμψα εἰς τὸ γνῶναι τὴν πίστιν ὑμῶν, μή πως ἐπείρασεν ὑμᾶς ὁ πειράζων καὶ εἰς κενὸν γένηται ὁ κόπος ἡμῶν.
3403060183	ἄρτι δὲ ἐλθόντος Τιμοθέου πρὸς ἡμᾶς ἀφ᾽ ὑμῶν, καὶ εὐαγγελισαμένου ἡμῖν τὴν πίστιν καὶ τὴν ἀγάπην ὑμῶν, καὶ ὅτι ἔχετε μνείαν ἡμῶν ἀγαθὴν πάντοτε ἐπιποθοῦντες ἡμᾶς ἰδεῖν καθάπερ καὶ ἡμεῖς ὑμᾶς,
34030700c6	διὰ τοῦτο παρεκλήθημεν, ἀδελφοί, ἐφ᾽ ὑμῖν ἐπὶ πάσῃ τῇ ἀνάγκῃ καὶ θλίψει ἡμῶν διὰ τῆς ὑμῶν πίστεως·
3403080054	ὅτι νῦν ζῶμεν, ἐὰν ὑμεῖς στήκετε ἐν κυρίῳ.
34030900f4	τίνα γὰρ εὐχαριστίαν δυνάμεθα τῷ θεῷ ἀνταποδοῦναι περὶ ὑμῶν ἐπὶ πάσῃ τῇ χαρᾷ ᾗ χαίρομεν δι᾽ ὑμᾶς ἔμπροσθεν τοῦ θεοῦ ἡμῶν,
34030a00ed	νυκτὸς καὶ ἡμέρας ὑπερεκπερισσοῦ δεόμενοι εἰς τὸ ἰδεῖν ὑμῶν τὸ πρόσωπον, καὶ καταρτίσαι τὰ ὑστερήματα τῆς πίστεως ὑμῶν;
34030b00bc	αὐτὸς δὲ ὁ θεὸς καὶ πατὴρ ἡμῶν καὶ ὁ κύριος ἡμῶν Ἰησοῦς κατευθύναι τὴν ὁδὸν ἡμῶν πρὸς ὑμᾶς·
34030c00d6	ὑμᾶς δὲ ὁ κύριος πλεονάσαι καὶ περισσεύσαι τῇ ἀγάπῃ εἰς ἀλλήλους καὶ εἰς πάντας, καθάπερ καὶ ἡμεῖς εἰς ὑμᾶς,
34030d0139	εἰς τὸ στηρίξαι ὑμῶν τὰς καρδίας ἀμέμπτους ἐν ἁγιωσύνῃ, ἔμπροσθεν τοῦ θεοῦ καὶ πατρὸς ἡμῶν ἐν τῇ παρουσίᾳ τοῦ κυρίου ἡμῶν Ἰησοῦ μετὰ πάντων τῶν ἁγίων αὐτοῦ.
340401017b	Λοιπὸν οὖν, ἀδελφοί, ἐρωτῶμεν ὑμᾶς καὶ παρακαλοῦμεν ἐν κυρίῳ Ἰησοῦ, ἵνα καθὼς παρελάβετε παρ᾽ ἡμῶν τὸ πῶς δεῖ ὑμᾶς περιπατεῖν καὶ ἀρέσκειν θεῷ, καθὼς καὶ περιπατεῖτε, ἵνα περισσεύητε μᾶλλον·
340402007f	οἴδατε γὰρ τίνας παραγγελίας ἐδώκαμεν ὑμῖν διὰ τοῦ κυρίου Ἰησοῦ.
34040300a4	τοῦτο γάρ ἐστιν θέλημα τοῦ θεοῦ, ὁ ἁγιασμὸς ὑμῶν, ἀπέχεσθαι ὑμᾶς ἀπὸ τῆς πορνείας·
3404040087	εἰδέναι ἕκαστον ὑμῶν τὸ ἑαυτοῦ σκεῦος κτᾶσθαι ἐν ἁγιασμῷ καὶ τιμῇ,
340405007f	μὴ ἐν πάθει ἐπιθυμίας, καθάπερ καὶ τὰ ἔθνη τὰ μὴ εἰδότα τὸν θεόν·
340406012f	τὸ μὴ ὑπερβαίνειν καὶ πλεονεκτεῖν ἐν τῷ πράγματι τὸν ἀδελφὸν αὐτοῦ· διότι ἔκδικος κύριος περὶ πάντων τούτων, καθὼς καὶ προείπαμεν ὑμῖν καὶ διεμαρτυράμεθα.
340407007a	οὐ γὰρ ἐκάλεσεν ἡμᾶς ὁ θεὸς ἐπὶ ἀκαθαρσίᾳ, ἀλλὰ ἐν ἁγιασμῷ.
34040800cc	τοιγαροῦν ὁ ἀθετῶν, οὐκ ἄνθρωπον ἀθετεῖ, ἀλλὰ τὸν θεὸν τὸν διδόντα τὸ πνεῦμα αὐτοῦ τὸ ἅγιον εἰς ὑμᾶς.
34040900dd	Περὶ δὲ τῆς φιλαδελφίας οὐ χρείαν ἔχετε γράφειν ὑμῖν· αὐτοὶ γὰρ ὑμεῖς θεοδίδακτοί ἐστε εἰς τὸ ἀγαπᾶν ἀλλήλους·
34040a00f4	καὶ γὰρ ποιεῖτε αὐτὸ εἰς πάντας τοὺς ἀδελφοὺς [τοὺς] ἐν ὅλῃ τῇ Μακεδονίᾳ. παρακαλοῦμεν δὲ ὑμᾶς, ἀδελφοί, περισσεύειν μᾶλλον
34040b00d7	καὶ φιλοτιμεῖσθαι ἡσυχάζειν καὶ πράσσειν τὰ ἴδια, καὶ ἐργάζεσθαι ταῖς χερσὶν ὑμῶν, καθὼς ὑμῖν παρηγγείλαμεν·
34040c0082	ἵνα περιπατῆτε εὐσχημόνως πρὸς τοὺς ἔξω, καὶ μηδενὸς χρείαν ἔχητε.
34040d00e1	Οὐ θέλομεν δὲ ὑμᾶς ἀγνοεῖν, ἀδελφοί, περὶ τῶν κοιμωμένων, ἵνα μὴ λυπῆσθε καθὼς καὶ οἱ λοιποὶ οἱ μὴ ἔχοντες ἐλπίδα.
34040e00e0	εἰ γὰρ πιστεύομεν ὅτι Ἰησοῦς ἀπέθανεν καὶ ἀνέστη, οὕτως καὶ ὁ θεὸς τοὺς κοιμηθέντας διὰ τοῦ Ἰησοῦ ἄξει σὺν αὐτῷ.
34040f0110	τοῦτο γὰρ ὑμῖν λέγομεν ἐν λόγῳ κυρίου, ὅτι ἡμεῖς οἱ ζῶντες οἱ περιλειπόμενοι εἰς τὴν παρουσίαν τοῦ κυρίου, οὐ μὴ φθάσωμεν τοὺς κοιμηθέντας·
340410011c	ὅτι αὐτὸς ὁ κύριος ἐν κελεύσματι, ἐν φωνῇ ἀρχαγγέλου, καὶ ἐν σάλπιγγι θεοῦ καταβήσεται ἀπ᾽ οὐρανοῦ, καὶ οἱ νεκροὶ ἐν χριστῷ ἀναστήσονται πρῶτον,
340411012d	ἔπειτα ἡμεῖς οἱ ζῶντες οἱ περιλειπόμενοι ἅμα σὺν αὐτοῖς ἁρπαγησόμεθα ἐν νεφέλαις εἰς ἀπάντησιν τοῦ κυρίου εἰς ἀέρα, καὶ οὕτως πάντοτε σὺν κυρίῳ ἐσόμεθα.
3404120060	ὥστε παρακαλεῖτε ἀλλήλους ἐν τοῖς λόγοις τούτοις.
3405010093	Περὶ δὲ τῶν χρόνων καὶ τῶν καιρῶν, ἀδελφοί, οὐ χρείαν ἔχετε ὑμῖν γράφεσθαι·
3405020099	αὐτοὶ γὰρ ἀκριβῶς οἴδατε ὅτι ἡμέρα κυρίου ὡς κλέπτης ἐν νυκτὶ οὕτως ἔρχεται·
3405030101	ὅταν λέγωσιν, Εἰρήνη καὶ ἀσφάλεια, τότε αἰφνίδιος αὐτοῖς ἐπίσταται ὄλεθρος, ὥσπερ ἡ ὠδὶν τῇ ἐν γαστρὶ ἐχούσῃ, καὶ οὐ μὴ ἐκφύγωσιν.
3405040096	ὑμεῖς δέ, ἀδελφοί, οὐκ ἐστὲ ἐν σκότει, ἵνα ἡ ἡμέρα ὑμᾶς ὡς κλέπτης καταλάβῃ·
34050500a2	Πάντες γὰρ ὑμεῖς υἱοὶ φωτός ἐστε καὶ υἱοὶ ἡμέρας· οὐκ ἐσμὲν νυκτὸς οὐδὲ σκότους.
340506007d	ἄρα οὖν μὴ καθεύδωμεν ὡς οἱ λοιποί, ἀλλὰ γρηγορῶμεν καὶ νήφωμεν.
3405070095	οἱ γὰρ καθεύδοντες νυκτὸς καθεύδουσιν· καὶ οἱ μεθυσκόμενοι νυκτὸς μεθύουσιν·
34050800cc	ἡμεῖς δὲ ἡμέρας ὄντες, νήφωμεν, ἐνδυσάμενοι θώρακα πίστεως καὶ ἀγάπης, καὶ περικεφαλαίαν ἐλπίδα σωτηρίας·
34050900ca	ὅτι οὐκ ἔθετο ἡμᾶς ὁ θεὸς εἰς ὀργήν, ἀλλὰ εἰς περιποίησιν σωτηρίας διὰ τοῦ κυρίου ἡμῶν Ἰησοῦ χριστοῦ,
34050a00a9	τοῦ ἀποθανόντος περὶ ἡμῶν, ἵνα εἴτε γρηγορῶμεν, εἴτε καθεύδωμεν, ἅμα σὺν αὐτῷ ζήσωμεν.
34050b0091	διὸ παρακαλεῖτε ἀλλήλους, καὶ οἰκοδομεῖτε εἷς τὸν ἕνα, καθὼς καὶ ποιεῖτε.
34050c00e4	Ἐρωτῶμεν δὲ ὑμᾶς, ἀδελφοί, εἰδέναι τοὺς κοπιῶντας ἐν ὑμῖν, καὶ προϊσταμένους ὑμῶν ἐν κυρίῳ, καὶ νουθετοῦντας ὑμᾶς,
34050d00af	καὶ ἡγεῖσθαι αὐτοὺς ὑπερεκπερισσῶς ἐν ἀγάπῃ διὰ τὸ ἔργον αὐτῶν. εἰρηνεύετε ἐν αὐτοῖς.
34050e010c	παρακαλοῦμεν δὲ ὑμᾶς, ἀδελφοί, νουθετεῖτε τοὺς ἀτάκτους, παραμυθεῖσθε τοὺς ὀλιγοψύχους, ἀντέχεσθε τῶν ἀσθενῶν, μακροθυμεῖτε πρὸς πάντας.
34050f00c8	ὁρᾶτε μή τις κακὸν ἀντὶ κακοῦ τινι ἀποδῷ, ἀλλὰ πάντοτε τὸ ἀγαθὸν διώκετε εἰς ἀλλήλους καὶ εἰς πάντας.
340510001f	πάντοτε χαίρετε·
3405110030	ἀδιαλείπτως προσεύχεσθε·
340512008e	ἐν παντὶ εὐχαριστεῖτε· τοῦτο γὰρ θέλημα θεοῦ ἐν χριστῷ Ἰησοῦ εἰς ὑμᾶς.
340513002c	τὸ πνεῦμα μὴ σβέννυτε·
3405140035	προφητείας μὴ ἐξουθενεῖτε·
340515004c	πάντα δὲ δοκιμάζετε· τὸ καλὸν κατέχετε·
3405160047	ἀπὸ παντὸς εἴδους πονηροῦ ἀπέχεσθε.
3405170151	αὐτὸς δὲ ὁ θεὸς τῆς εἰρήνης ἁγιάσαι ὑμᾶς ὁλοτελεῖς, καὶ ὁλόκληρον ὑμῶν τὸ πνεῦμα καὶ ἡ ψυχὴ καὶ τὸ σῶμα ἀμέμπτως ἐν τῇ παρουσίᾳ τοῦ κυρίου ἡμῶν Ἰησοῦ χριστοῦ τηρηθείη.
3405180047	πιστὸς ὁ καλῶν ὑμᾶς, ὃς καὶ ποιήσει.
340519003d	Ἀδελφοί, προσεύχεσθε περὶ ἡμῶν.
34051a0060	ἀσπάσασθε τοὺς ἀδελφοὺς πάντας ἐν φιλήματι ἁγίῳ.
34051b0094	ἐνορκίζω ὑμᾶς τὸν κύριον, ἀναγνωσθῆναι τὴν ἐπιστολὴν πᾶσιν τοῖς ἀδελφοῖς.
34051c008b	Ἡ χάρις τοῦ κυρίου ἡμῶν Ἰησοῦ χριστοῦ μεθ᾽ ὑμῶν. ΠΡΟΣ ΘΕΣΣΑΛΟΝΙΚΕΙΣ Αʹ.
3500000028	Προς Θεσσαλονικεις Β΄
35010100cc	Παῦλος καὶ Σιλουανὸς καὶ Τιμόθεος τῇ ἐκκλησίᾳ Θεσσαλονικέων ἐν θεῷ πατρὶ ἡμῶν καὶ κυρίῳ Ἰησοῦ χριστῷ·
350102008c	χάρις ὑμῖν καὶ εἰρήνη ἀπὸ θεοῦ πατρὸς [ἡμῶν] καὶ κυρίου Ἰησοῦ χριστοῦ.
350103014c	Εὐχαριστεῖν ὀφείλομεν τῷ θεῷ πάντοτε περὶ ὑμῶν, ἀδελφοί, καθὼς ἄξιόν ἐστιν, ὅτι ὑπεραυξάνει ἡ πίστις ὑμῶν, καὶ πλεονάζει ἡ ἀγάπη ἑνὸς ἑκάστου πάντων ὑμῶν εἰς ἀλλήλους·
3501040144	ὥστε αὐτοὺς ἡμᾶς ἐν ὑμῖν ἐγκαυχᾶσθαι ἐν ταῖς ἐκκλησίαις τοῦ θεοῦ ὑπὲρ τῆς ὑπομονῆς ὑμῶν καὶ πίστεως ἐν πᾶσιν τοῖς διωγμοῖς ὑμῶν καὶ ταῖς θλίψεσιν αἷς ἀνέχεσθε,
35010500d4	ἔνδειγμα τῆς δικαίας κρίσεως τοῦ θεοῦ, εἰς τὸ καταξιωθῆναι ὑμᾶς τῆς βασιλείας τοῦ θεοῦ ὑπὲρ ἧς καὶ πάσχετε·
350106007f	εἴ περ δίκαιον παρὰ θεῷ ἀνταποδοῦναι τοῖς θλίβουσιν ὑμᾶς θλῖψιν,
35010700ed	καὶ ὑμῖν τοῖς θλιβομένοις ἄνεσιν μεθ᾽ ἡμῶν ἐν τῇ ἀποκαλύψει τοῦ κυρίου Ἰησοῦ ἀπ᾽ οὐρανοῦ μετ᾽ ἀγγέλων δυνάμεως αὐτοῦ,
35010800e6	ἐν φλογὶ πυρὸς διδόντος ἐκδίκησιν τοῖς μὴ εἰδόσιν θεὸν καὶ τοῖς μὴ ὑπακούουσιν τῷ εὐαγγελίῳ τοῦ κυρίου ἡμῶν Ἰησοῦ·
35010900c3	οἵτινες δίκην τίσουσιν, ὄλεθρον αἰώνιον ἀπὸ προσώπου τοῦ κυρίου καὶ ἀπὸ τῆς δόξης τῆς ἰσχύος αὐτοῦ,
35010a012d	ὅταν ἔλθῃ ἐνδοξασθῆναι ἐν τοῖς ἁγίοις αὐτοῦ, καὶ θαυμασθῆναι ἐν πᾶσιν τοῖς πιστεύσασιν, ὅτι ἐπιστεύθη τὸ μαρτύριον ἡμῶν ἐφ᾽ ὑμᾶς, ἐν τῇ ἡμέρᾳ ἐκείνῃ.
35010b0128	εἰς ὃ καὶ προσευχόμεθα πάντοτε περὶ ὑμῶν, ἵνα ὑμᾶς ἀξιώσῃ τῆς κλήσεως ὁ θεὸς ἡμῶν καὶ πληρώσῃ πᾶσαν εὐδοκίαν ἀγαθωσύνης καὶ ἔργον πίστεως ἐν δυνάμει,
35010c0102	ὅπως ἐνδοξασθῇ τὸ ὄνομα τοῦ κυρίου ἡμῶν Ἰησοῦ ἐν ὑμῖν καὶ ὑμεῖς ἐν αὐτῷ, κατὰ τὴν χάριν τοῦ θεοῦ ἡμῶν καὶ κυρίου Ἰησοῦ χριστοῦ.
35020100dc	Ἐρωτῶμεν δὲ ὑμᾶς, ἀδελφοί, ὑπὲρ τῆς παρουσίας τοῦ κυρίου ἡμῶν Ἰησοῦ χριστοῦ καὶ ἡμῶν ἐπισυναγωγῆς ἐπ᾽ αὐτόν,
3502020144	εἰς τὸ μὴ ταχέως σαλευθῆναι ὑμᾶς ἀπὸ τοῦ νοὸς μηδὲ θροεῖσθαι, μήτε διὰ πνεύματος μήτε διὰ λόγου μήτε δι᾽ ἐπιστολῆς, ὡς δι᾽ ἡμῶν, ὡς ὅτι ἐνέστηκεν ἡ ἡμέρα τοῦ κυρίου.
3502030112	μή τις ὑμᾶς ἐξαπατήσῃ κατὰ μηδένα τρόπον· ὅτι ἐὰν μὴ ἔλθῃ ἡ ἀποστασία πρῶτον, καὶ ἀποκαλυφθῇ ὁ ἄνθρωπος τῆς ἀνομίας, ὁ υἱὸς τῆς ἀπωλείας,
3502040121	ὁ ἀντικείμενος καὶ ὑπεραιρόμενος ἐπὶ πάντα λεγόμενον θεὸν ἢ σέβασμα, ὥστε αὐτὸν εἰς τὸν ναὸν τοῦ θεοῦ καθίσαι, ἀποδεικνύντα ἑαυτὸν ὅτι ἐστὶν θεός.
350205006d	οὐ μνημονεύετε ὅτι ἔτι ὢν πρὸς ὑμᾶς ταῦτα ἔλεγον ὑμῖν;
3502060091	καὶ νῦν τὸ κατέχον οἴδατε, εἰς τὸ ἀποκαλυφθῆναι αὐτὸν ἐν τῷ αὐτοῦ καιρῷ.
35020700aa	τὸ γὰρ μυστήριον ἤδη ἐνεργεῖται τῆς ἀνομίας, μόνον ὁ κατέχων ἄρτι ἕως ἐκ μέσου γένηται·
3502080118	καὶ τότε ἀποκαλυφθήσεται ὁ ἄνομος, ὃν ὁ κύριος Ἰησοῦς ἀνελεῖ τῷ πνεύματι τοῦ στόματος αὐτοῦ, καὶ καταργήσει τῇ ἐπιφανείᾳ τῆς παρουσίας αὐτοῦ·
35020900b9	οὗ ἐστιν ἡ παρουσία κατ᾽ ἐνέργειαν τοῦ σατανᾶ ἐν πάσῃ δυνάμει καὶ σημείοις καὶ τέρασιν ψεύδους,
35020a00e2	καὶ ἐν πάσῃ ἀπάτῃ ἀδικίας τοῖς ἀπολλυμένοις, ἀνθ᾽ ὧν τὴν ἀγάπην τῆς ἀληθείας οὐκ ἐδέξαντο εἰς τὸ σωθῆναι αὐτούς·
35020b00ad	καὶ διὰ τοῦτο πέμπει αὐτοῖς ὁ θεὸς ἐνέργειαν πλάνης, εἰς τὸ πιστεῦσαι αὐτοὺς τῷ ψεύδει·
35020c00a1	ἵνα κριθῶσιν ἅπαντες οἱ μὴ πιστεύσαντες τῇ ἀληθείᾳ, ἀλλὰ εὐδοκήσαντες τῇ ἀδικίᾳ.
35020d0160	ἡμεῖς δὲ ὀφείλομεν εὐχαριστεῖν τῷ θεῷ πάντοτε περὶ ὑμῶν, ἀδελφοὶ ἠγαπημένοι ὑπὸ κυρίου, ὅτι εἵλατο ὑμᾶς ὁ θεὸς ἀπ᾽ ἀρχῆς εἰς σωτηρίαν ἐν ἁγιασμῷ πνεύματος καὶ πίστει ἀληθείας,
35020e00c2	εἰς ὃ ἐκάλεσεν ὑμᾶς διὰ τοῦ εὐαγγελίου ἡμῶν, εἰς περιποίησιν δόξης τοῦ κυρίου ἡμῶν Ἰησοῦ χριστοῦ.
35020f00d4	Ἄρα οὖν, ἀδελφοί, στήκετε, καὶ κρατεῖτε τὰς παραδόσεις ἃς ἐδιδάχθητε εἴτε διὰ λόγου εἴτε δι᾽ ἐπιστολῆς ἡμῶν.
350210010c	αὐτὸς δὲ ὁ κύριος ἡμῶν Ἰησοῦς χριστὸς καὶ θεὸς ὁ πατὴρ ἡμῶν, ὁ ἀγαπήσας ἡμᾶς καὶ δοὺς παράκλησιν αἰωνίαν καὶ ἐλπίδα ἀγαθὴν ἐν χάριτι,
350211008e	παρακαλέσαι ὑμῶν τὰς καρδίας καὶ στηρίξαι ἐν παντὶ ἔργῳ καὶ λόγῳ ἀγαθῷ.
35030100cf	Τὸ λοιπόν, προσεύχεσθε, ἀδελφοί, περὶ ἡμῶν, ἵνα ὁ λόγος τοῦ κυρίου τρέχῃ καὶ δοξάζηται καθὼς καὶ πρὸς ὑμᾶς,
350302009a	καὶ ἵνα ῥυσθῶμεν ἀπὸ τῶν ἀτόπων καὶ πονηρῶν ἀνθρώπων· οὐ γὰρ πάντων ἡ πίστις.
350303008b	πιστὸς δέ ἐστιν ὁ κύριος, ὃς στηρίξει ὑμᾶς καὶ φυλάξει ἀπὸ τοῦ πονηροῦ.
350304009c	πεποίθαμεν δὲ ἐν κυρίῳ ἐφ᾽ ὑμᾶς, ὅτι ἃ παραγγέλλομεν [καὶ] ποιεῖτε καὶ ποιήσετε.
35030500c2	ὁ δὲ κύριος κατευθύναι ὑμῶν τὰς καρδίας εἰς τὴν ἀγάπην τοῦ θεοῦ, καὶ εἰς τὴν ὑπομονὴν τοῦ χριστοῦ.
3503060169	Παραγγέλλομεν δὲ ὑμῖν, ἀδελφοί, ἐν ὀνόματι τοῦ κυρίου ἡμῶν Ἰησοῦ χριστοῦ, στέλλεσθαι ὑμᾶς ἀπὸ παντὸς ἀδελφοῦ ἀτάκτως περιπατοῦντος καὶ μὴ κατὰ τὴν παράδοσιν ἣν παρελάβετε παρ᾽ ἡμῶν.
350307008d	αὐτοὶ γὰρ οἴδατε πῶς δεῖ μιμεῖσθαι ἡμᾶς· ὅτι οὐκ ἠτακτήσαμεν ἐν ὑμῖν,
35030800fb	οὐδὲ δωρεὰν ἄρτον ἐφάγομεν παρά τινος, ἀλλὰ ἐν κόπῳ καὶ μόχθῳ, νυκτὸς καὶ ἡμέρας ἐργαζόμενοι, πρὸς τὸ μὴ ἐπιβαρῆσαί τινα ὑμῶν·
35030900ac	οὐχ ὅτι οὐκ ἔχομεν ἐξουσίαν, ἀλλ᾽ ἵνα ἑαυτοὺς τύπον δῶμεν ὑμῖν εἰς τὸ μιμεῖσθαι ἡμᾶς.
35030a00c2	καὶ γὰρ ὅτε ἦμεν πρὸς ὑμᾶς, τοῦτο παρηγγέλλομεν ὑμῖν, ὅτι εἴ τις οὐ θέλει ἐργάζεσθαι, μηδὲ ἐσθιέτω.
35030b00b5	ἀκούομεν γάρ τινας περιπατοῦντας ἐν ὑμῖν ἀτάκτως, μηδὲν ἐργαζομένους, ἀλλὰ περιεργαζομένους.
35030c00fe	τοῖς δὲ τοιούτοις παραγγέλλομεν καὶ παρακαλοῦμεν ἐν κυρίῳ Ἰησοῦ χριστῷ, ἵνα μετὰ ἡσυχίας ἐργαζόμενοι, τὸν ἑαυτῶν ἄρτον ἐσθίωσιν.
35030d005c	ὑμεῖς δέ, ἀδελφοί, μὴ ἐγκακήσητε καλοποιοῦντες.
35030e00dc	εἰ δέ τις οὐχ ὑπακούει τῷ λόγῳ ἡμῶν διὰ τῆς ἐπιστολῆς, τοῦτον σημειοῦσθε μὴ συναναμίγνυσθαι αὐτῷ, ἵνα ἐντραπῇ·
35030f006c	καὶ μὴ ὡς ἐχθρὸν ἡγεῖσθε, ἀλλὰ νουθετεῖτε ὡς ἀδελφόν.
35031000cf	αὐτὸς δὲ ὁ κύριος τῆς εἰρήνης δῴη ὑμῖν τὴν εἰρήνην διὰ παντὸς ἐν παντὶ τρόπῳ. ὁ κύριος μετὰ πάντων ὑμῶν.
350311009c	Ὁ ἀσπασμὸς τῇ ἐμῇ χειρὶ Παύλου, ὅ ἐστιν σημεῖον ἐν πάσῃ ἐπιστολῇ· οὕτως γράφω.
3503120098	ἡ χάρις τοῦ κυρίου ἡμῶν Ἰησοῦ χριστοῦ μετὰ πάντων ὑμῶν. ΠΡΟΣ ΘΕΣΣΑΛΟΝΙΚΕΙΣ Βʹ.
360000001e	Προς Τιμοθεον Α΄
36010100c9	Παῦλος ἀπόστολος χριστοῦ Ἰησοῦ κατ᾽ ἐπιταγὴν θεοῦ σωτῆρος ἡμῶν καὶ χριστοῦ Ἰησοῦ τῆς ἐλπίδος ἡμῶν,
36010200cc	Τιμοθέῳ γνησίῳ τέκνῳ ἐν πίστει· χάρις, ἔλεος, εἰρήνη ἀπὸ θεοῦ πατρὸς καὶ χριστοῦ Ἰησοῦ τοῦ κυρίου ἡμῶν.
36010300da	Καθὼς παρεκάλεσά σε προσμεῖναι ἐν Ἐφέσῳ, πορευόμενος εἰς Μακεδονίαν, ἵνα παραγγείλῃς τισὶν μὴ ἑτεροδιδασκαλεῖν,
36010400eb	μηδὲ προσέχειν μύθοις καὶ γενεαλογίαις ἀπεράντοις, αἵτινες ἐκζητήσεις παρέχουσιν μᾶλλον ἢ οἰκονομίαν θεοῦ τὴν ἐν πίστει·
36010500d1	τὸ δὲ τέλος τῆς παραγγελίας ἐστὶν ἀγάπη ἐκ καθαρᾶς καρδίας καὶ συνειδήσεως ἀγαθῆς καὶ πίστεως ἀνυποκρίτου,
3601060064	ὧν τινες ἀστοχήσαντες ἐξετράπησαν εἰς ματαιολογίαν,
36010700ae	θέλοντες εἶναι νομοδιδάσκαλοι, μὴ νοοῦντες μήτε ἃ λέγουσιν μήτε περὶ τίνων διαβεβαιοῦνται·
3601080071	οἴδαμεν δὲ ὅτι καλὸς ὁ νόμος, ἐάν τις αὐτῷ νομίμως χρῆται,
3601090134	εἰδὼς τοῦτο, ὅτι δικαίῳ νόμος οὐ κεῖται, ἀνόμοις δὲ καὶ ἀνυποτάκτοις, ἀσεβέσιν καὶ ἁμαρτωλοῖς, ἀνοσίοις καὶ βεβήλοις, πατρολῴαις καὶ μητρολῴαις, ἀνδροφόνοις,
36010a00de	πόρνοις, ἀρσενοκοίταις, ἀνδραποδισταῖς, ψεύσταις, ἐπιόρκοις, καὶ εἴ τι ἕτερον τῇ ὑγιαινούσῃ διδασκαλίᾳ ἀντίκειται,
36010b007f	κατὰ τὸ εὐαγγέλιον τῆς δόξης τοῦ μακαρίου θεοῦ, ὃ ἐπιστεύθην ἐγώ.
36010c00c8	χάριν ἔχω τῷ ἐνδυναμώσαντί με χριστῷ Ἰησοῦ τῷ κυρίῳ ἡμῶν, ὅτι πιστόν με ἡγήσατο, θέμενος εἰς διακονίαν,
36010d00c2	τὸ πρότερον ὄντα βλάσφημον καὶ διώκτην καὶ ὑβριστήν· ἀλλὰ ἠλεήθην, ὅτι ἀγνοῶν ἐποίησα ἐν ἀπιστίᾳ·
36010e00ab	ὑπερεπλεόνασεν δὲ ἡ χάρις τοῦ κυρίου ἡμῶν μετὰ πίστεως καὶ ἀγάπης τῆς ἐν χριστῷ Ἰησοῦ.
36010f00eb	πιστὸς ὁ λόγος καὶ πάσης ἀποδοχῆς ἄξιος, ὅτι χριστὸς Ἰησοῦς ἦλθεν εἰς τὸν κόσμον ἁμαρτωλοὺς σῶσαι, ὧν πρῶτός εἰμι ἐγώ·
360110013c	ἀλλὰ διὰ τοῦτο ἠλεήθην, ἵνα ἐν ἐμοὶ πρώτῳ ἐνδείξηται χριστὸς Ἰησοῦς τὴν ἅπασαν μακροθυμίαν, πρὸς ὑποτύπωσιν τῶν μελλόντων πιστεύειν ἐπ᾽ αὐτῷ εἰς ζωὴν αἰώνιον.
36011100c4	τῷ δὲ βασιλεῖ τῶν αἰώνων, ἀφθάρτῳ ἀοράτῳ μόνῳ θεῷ, τιμὴ καὶ δόξα εἰς τοὺς αἰῶνας τῶν αἰώνων· ἀμήν.
360112010c	ταύτην τὴν παραγγελίαν παρατίθεμαί σοι, τέκνον Τιμόθεε, κατὰ τὰς προαγούσας ἐπὶ σὲ προφητείας, ἵνα στρατεύσῃ ἐν αὐταῖς τὴν καλὴν στρατείαν,
36011300a1	ἔχων πίστιν καὶ ἀγαθὴν συνείδησιν, ἥν τινες ἀπωσάμενοι περὶ τὴν πίστιν ἐναυάγησαν·
36011400ad	ὧν ἐστιν Ὑμέναιος καὶ Ἀλέξανδρος, οὓς παρέδωκα τῷ σατανᾷ, ἵνα παιδευθῶσιν μὴ βλασφημεῖν.
36020100c5	Παρακαλῶ οὖν πρῶτον πάντων ποιεῖσθαι δεήσεις, προσευχάς, ἐντεύξεις, εὐχαριστίας, ὑπὲρ πάντων ἀνθρώπων,
36020200e3	ὑπὲρ βασιλέων καὶ πάντων τῶν ἐν ὑπεροχῇ ὄντων, ἵνα ἤρεμον καὶ ἡσύχιον βίον διάγωμεν ἐν πάσῃ εὐσεβείᾳ καὶ σεμνότητι.
3602030071	τοῦτο καλὸν καὶ ἀπόδεκτον ἐνώπιον τοῦ σωτῆρος ἡμῶν θεοῦ,
3602040087	ὃς πάντας ἀνθρώπους θέλει σωθῆναι καὶ εἰς ἐπίγνωσιν ἀληθείας ἐλθεῖν.
360205008f	εἷς γὰρ θεός, εἷς καὶ μεσίτης θεοῦ καὶ ἀνθρώπων ἄνθρωπος, χριστὸς Ἰησοῦς,
3602060083	ὁ δοὺς ἑαυτὸν ἀντίλυτρον ὑπὲρ πάντων, τὸ μαρτύριον καιροῖς ἰδίοις,
36020700cf	εἰς ὃ ἐτέθην ἐγὼ κήρυξ καὶ ἀπόστολος, (ἀλήθειαν λέγω, οὐ ψεύδομαι,) διδάσκαλος ἐθνῶν ἐν πίστει καὶ ἀληθείᾳ.
36020800d2	βούλομαι οὖν προσεύχεσθαι τοὺς ἄνδρας ἐν παντὶ τόπῳ ἐπαίροντας ὁσίους χεῖρας χωρὶς ὀργῆς καὶ διαλογισμοῦ·
3602090122	ὡσαύτως [καὶ] γυναῖκας ἐν καταστολῇ κοσμίῳ μετὰ αἰδοῦς καὶ σωφροσύνης κοσμεῖν ἑαυτάς, μὴ ἐν πλέγμασιν καὶ χρυσῷ ἢ μαργαρίταις ἢ ἱματισμῷ πολυτελεῖ,
36020a0087	ἀλλ᾽ ὃ πρέπει γυναιξὶν ἐπαγγελλομέναις θεοσέβειαν, δι᾽ ἔργων ἀγαθῶν.
36020b0054	γυνὴ ἐν ἡσυχίᾳ μανθανέτω ἐν πάσῃ ὑποταγῇ·
36020c009f	διδάσκειν δὲ γυναικὶ οὐκ ἐπιτρέπω, οὐδὲ αὐθεντεῖν ἀνδρός, ἀλλὰ εἶναι ἐν ἡσυχίᾳ.
36020d0044	Ἀδὰμ γὰρ πρῶτος ἐπλάσθη, εἶτα Εὖα.
36020e0084	καὶ Ἀδὰμ οὐκ ἠπατήθη, ἡ δὲ γυνὴ ἐξαπατηθεῖσα ἐν παραβάσει γέγονεν·
36020f00bb	σωθήσεται δὲ διὰ τῆς τεκνογονίας, ἐὰν μείνωσιν ἐν πίστει καὶ ἀγάπῃ καὶ ἁγιασμῷ μετὰ σωφροσύνης.
360301007f	Πιστὸς ὁ λόγος· εἴ τις ἐπισκοπῆς ὀρέγεται, καλοῦ ἔργου ἐπιθυμεῖ.
36030200d8	δεῖ οὖν τὸν ἐπίσκοπον ἀνεπίλημπτον εἶναι, μιᾶς γυναικὸς ἄνδρα, νηφάλιον, σώφρονα, κόσμιον, φιλόξενον, διδακτικόν·
3603030072	μὴ πάροινον, μὴ πλήκτην, ἀλλὰ ἐπιεικῆ, ἄμαχον, ἀφιλάργυρον,
36030400a1	τοῦ ἰδίου οἴκου καλῶς προϊστάμενον, τέκνα ἔχοντα ἐν ὑποταγῇ μετὰ πάσης σεμνότητος·
360305009d	(εἰ δέ τις τοῦ ἰδίου οἴκου προστῆναι οὐκ οἶδεν, πῶς ἐκκλησίας θεοῦ ἐπιμελήσεται;)
3603060074	μὴ νεόφυτον, ἵνα μὴ τυφωθεὶς εἰς κρῖμα ἐμπέσῃ τοῦ διαβόλου.
36030700cb	δεῖ δὲ καὶ μαρτυρίαν καλὴν ἔχειν ἀπὸ τῶν ἔξωθεν, ἵνα μὴ εἰς ὀνειδισμὸν ἐμπέσῃ καὶ παγίδα τοῦ διαβόλου.
36030800a3	διακόνους ὡσαύτως σεμνούς, μὴ διλόγους, μὴ οἴνῳ πολλῷ προσέχοντας, μὴ αἰσχροκερδεῖς,
3603090069	ἔχοντας τὸ μυστήριον τῆς πίστεως ἐν καθαρᾷ συνειδήσει.
36030a008d	καὶ οὗτοι δὲ δοκιμαζέσθωσαν πρῶτον, εἶτα διακονείτωσαν ἀνέγκλητοι ὄντες.
36030b007e	γυναῖκας ὡσαύτως σεμνάς, μὴ διαβόλους, νηφαλίους, πιστὰς ἐν πᾶσιν.
36030c00a6	διάκονοι ἔστωσαν μιᾶς γυναικὸς ἄνδρες, τέκνων καλῶς προϊστάμενοι καὶ τῶν ἰδίων οἴκων.
36030d00e2	οἱ γὰρ καλῶς διακονήσαντες βαθμὸν ἑαυτοῖς καλὸν περιποιοῦνται, καὶ πολλὴν παῤῥησίαν ἐν πίστει τῇ ἐν χριστῷ Ἰησοῦ.
36030e005e	Ταῦτά σοι γράφω, ἐλπίζων ἐλθεῖν πρός σε ἐν τάχει·
36030f00ff	ἐὰν δὲ βραδύνω, ἵνα εἰδῇς πῶς δεῖ ἐν οἴκῳ θεοῦ ἀναστρέφεσθαι, ἥτις ἐστὶν ἐκκλησία θεοῦ ζῶντος, στύλος καὶ ἑδραίωμα τῆς ἀληθείας.
3603100159	καὶ ὁμολογουμένως μέγα ἐστὶν τὸ τῆς εὐσεβείας μυστήριον, ὃς ἐφανερώθη ἐν σαρκί, ἐδικαιώθη ἐν πνεύματι, ὤφθη ἀγγέλοις, ἐκηρύχθη ἐν ἔθνεσιν, ἐπιστεύθη ἐν κόσμῳ, ἀνελήμφθη ἐν δόξῃ.
360401010c	Τὸ δὲ πνεῦμα ῥητῶς λέγει ὅτι ἐν ὑστέροις καιροῖς ἀποστήσονταί τινες τῆς πίστεως, προσέχοντες πνεύμασιν πλάνοις καὶ διδασκαλίαις δαιμονίων,
360402007c	ἐν ὑποκρίσει ψευδολόγων, κεκαυστηριασμένων τὴν ἰδίαν συνείδησιν,
36040300fd	κωλυόντων γαμεῖν, ἀπέχεσθαι βρωμάτων, ἃ ὁ θεὸς ἔκτισεν εἰς μετάλημψιν μετὰ εὐχαριστίας τοῖς πιστοῖς καὶ ἐπεγνωκόσιν τὴν ἀλήθειαν.
3604040098	ὅτι πᾶν κτίσμα θεοῦ καλόν, καὶ οὐδὲν ἀπόβλητον μετὰ εὐχαριστίας λαμβανόμενον·
3604050055	ἁγιάζεται γὰρ διὰ λόγου θεοῦ καὶ ἐντεύξεως.
3604060125	Ταῦτα ὑποτιθέμενος τοῖς ἀδελφοῖς, καλὸς ἔσῃ διάκονος χριστοῦ Ἰησοῦ, ἐντρεφόμενος τοῖς λόγοις τῆς πίστεως καὶ τῆς καλῆς διδασκαλίας ᾗ παρηκολούθηκας·
360407009e	τοὺς δὲ βεβήλους καὶ γραώδεις μύθους παραιτοῦ· γύμναζε δὲ σεαυτὸν πρὸς εὐσέβειαν.
3604080119	ἡ γὰρ σωματικὴ γυμνασία πρὸς ὀλίγον ἐστὶν ὠφέλιμος· ἡ δὲ εὐσέβεια πρὸς πάντα ὠφέλιμός ἐστιν, ἐπαγγελίαν ἔχουσα ζωῆς τῆς νῦν καὶ τῆς μελλούσης.
360409004f	πιστὸς ὁ λόγος καὶ πάσης ἀποδοχῆς ἄξιος.
36040a00e4	εἰς τοῦτο γὰρ κοπιῶμεν καὶ ἀγωνιζόμεθα, ὅτι ἠλπίκαμεν ἐπὶ θεῷ ζῶντι, ὅς ἐστιν σωτὴρ πάντων ἀνθρώπων, μάλιστα πιστῶν.
36040b0038	Παράγγελλε ταῦτα καὶ δίδασκε.
36040c00e9	μηδείς σου τῆς νεότητος καταφρονείτω, ἀλλὰ τύπος γίνου τῶν πιστῶν, ἐν λόγῳ, ἐν ἀναστροφῇ, ἐν ἀγάπῃ, ἐν πίστει, ἐν ἁγνείᾳ.
36040d007b	ἕως ἔρχομαι, πρόσεχε τῇ ἀναγνώσει, τῇ παρακλήσει, τῇ διδασκαλίᾳ,
36040e00c9	μὴ ἀμέλει τοῦ ἐν σοὶ χαρίσματος, ὃ ἐδόθη σοι διὰ προφητείας μετὰ ἐπιθέσεως τῶν χειρῶν τοῦ πρεσβυτερίου.
36040f007b	ταῦτα μελέτα, ἐν τούτοις ἴσθι, ἵνα σου ἡ προκοπὴ φανερὰ ᾖ πᾶσιν.
36041000d4	ἔπεχε σεαυτῷ καὶ τῇ διδασκαλίᾳ· ἐπίμενε αὐτοῖς· τοῦτο γὰρ ποιῶν, καὶ σεαυτὸν σώσεις καὶ τοὺς ἀκούοντάς σου.
360501008f	Πρεσβυτέρῳ μὴ ἐπιπλήξῃς, ἀλλὰ παρακάλει ὡς πατέρα, νεωτέρους ὡς ἀδελφούς,
3605020075	πρεσβυτέρας ὡς μητέρας, νεωτέρας, ὡς ἀδελφὰς ἐν πάσῃ ἁγνείᾳ.
3605030033	χήρας τίμα τὰς ὄντως χήρας.
3605040141	εἰ δέ τις χήρα τέκνα ἢ ἔκγονα ἔχει, μανθανέτωσαν πρῶτον τὸν ἴδιον οἶκον εὐσεβεῖν καὶ ἀμοιβὰς ἀποδιδόναι τοῖς προγόνοις· τοῦτο γάρ ἐστιν ἀποδεκτὸν ἐνώπιον τοῦ θεοῦ.
36050500ea	ἡ δὲ ὄντως χήρα καὶ μεμονωμένη ἤλπικεν ἐπὶ τὸν θεὸν καὶ προσμένει ταῖς δεήσεσιν καὶ ταῖς προσευχαῖς νυκτὸς καὶ ἡμέρας·
3605060039	ἡ δὲ σπαταλῶσα ζῶσα τέθνηκεν.
3605070056	καὶ ταῦτα παράγγελλε, ἵνα ἀνεπίλημπτοι ὦσιν.
36050800c0	εἰ δέ τις τῶν ἰδίων καὶ μάλιστα οἰκείων οὐ προνοεῖται, τὴν πίστιν ἤρνηται καὶ ἔστιν ἀπίστου χείρων.
3605090088	χήρα καταλεγέσθω μὴ ἔλαττον ἐτῶν ἑξήκοντα γεγονυῖα ἑνὸς ἀνδρὸς γυνή,
36050a0126	ἐν ἔργοις καλοῖς μαρτυρουμένη, εἰ ἐτεκνοτρόφησεν, εἰ ἐξενοδόχησεν, εἰ ἁγίων πόδας ἔνιψεν, εἰ θλιβομένοις ἐπήρκεσεν, εἰ παντὶ ἔργῳ ἀγαθῷ ἐπηκολούθησεν.
36050b00a1	νεωτέρας δὲ χήρας παραιτοῦ· ὅταν γὰρ καταστρηνιάσωσιν τοῦ χριστοῦ, γαμεῖν θέλουσιν,
36050c005a	ἔχουσαι κρῖμα, ὅτι τὴν πρώτην πίστιν ἠθέτησαν·
36050d00f9	ἅμα δὲ καὶ ἀργαὶ μανθάνουσιν περιερχόμεναι τὰς οἰκίας, οὐ μόνον δὲ ἀργαί, ἀλλὰ καὶ φλύαροι καὶ περίεργοι, λαλοῦσαι τὰ μὴ δέοντα.
36050e00df	βούλομαι οὖν νεωτέρας γαμεῖν, τεκνογονεῖν, οἰκοδεσποτεῖν, μηδεμίαν ἀφορμὴν διδόναι τῷ ἀντικειμένῳ λοιδορίας χάριν·
36050f0054	ἤδη γάρ τινες ἐξετράπησαν ὀπίσω τοῦ σατανᾶ.
36051000c9	εἴ τις πιστὴ ἔχει χήρας, ἐπαρκείσθω αὐταῖς, καὶ μὴ βαρείσθω ἡ ἐκκλησία, ἵνα ταῖς ὄντως χήραις ἐπαρκέσῃ.
36051100ca	Οἱ καλῶς προεστῶτες πρεσβύτεροι διπλῆς τιμῆς ἀξιούσθωσαν, μάλιστα οἱ κοπιῶντες ἐν λόγῳ καὶ διδασκαλίᾳ·
36051200a2	λέγει γὰρ ἡ γραφή, Βοῦν ἀλοῶντα οὐ φιμώσεις· καί, Ἄξιος ὁ ἐργάτης τοῦ μισθοῦ αὐτοῦ.
360513009a	κατὰ πρεσβυτέρου κατηγορίαν μὴ παραδέχου, ἐκτὸς εἰ μὴ ἐπὶ δύο ἢ τριῶν μαρτύρων.
360514008e	τοὺς ἁμαρτάνοντας, ἐνώπιον πάντων ἔλεγχε, ἵνα καὶ οἱ λοιποὶ φόβον ἔχωσιν.
3605150115	διαμαρτύρομαι ἐνώπιον τοῦ θεοῦ καὶ χριστοῦ Ἰησοῦ καὶ τῶν ἐκλεκτῶν ἀγγέλων, ἵνα ταῦτα φυλάξῃς χωρὶς προκρίματος, μηδὲν ποιῶν κατὰ πρόσκλισιν.
36051600aa	χεῖρας ταχέως μηδενὶ ἐπιτίθει, μηδὲ κοινώνει ἁμαρτίαις ἀλλοτρίαις, σεαυτὸν ἁγνὸν τήρει.
36051700a7	μηκέτι ὑδροπότει, ἀλλὰ οἴνῳ ὀλίγῳ χρῶ, διὰ τὸν στόμαχον καὶ τὰς πυκνάς σου ἀσθενείας.
36051800b9	τινῶν ἀνθρώπων αἱ ἁμαρτίαι πρόδηλοί εἰσιν, προάγουσαι εἰς κρίσιν· τισὶν δὲ καὶ ἐπακολουθοῦσιν.
3605190099	ὡσαύτως καὶ τὰ ἔργα τὰ καλὰ πρόδηλα, καὶ τὰ ἄλλως ἔχοντα κρυβῆναι οὐ δύνανται.
360601010b	Ὅσοι εἰσὶν ὑπὸ ζυγὸν δοῦλοι, τοὺς ἰδίους δεσπότας πάσης τιμῆς ἀξίους ἡγείσθωσαν, ἵνα μὴ τὸ ὄνομα τοῦ θεοῦ καὶ ἡ διδασκαλία βλασφημῆται.
3606020175	οἱ δὲ πιστοὺς ἔχοντες δεσπότας μὴ καταφρονείτωσαν, ὅτι ἀδελφοί εἰσιν· ἀλλὰ μᾶλλον δουλευέτωσαν, ὅτι πιστοί εἰσιν καὶ ἀγαπητοὶ οἱ τῆς εὐεργεσίας ἀντιλαμβανόμενοι. Ταῦτα δίδασκε καὶ παρακάλει.
3606030101	εἴ τις ἑτεροδιδασκαλεῖ καὶ μὴ προσέρχεται ὑγιαίνουσιν λόγοις τοῖς τοῦ κυρίου ἡμῶν Ἰησοῦ χριστοῦ καὶ τῇ κατ᾽ εὐσέβειαν διδασκαλίᾳ,
36060400f4	τετύφωται, μηδὲν ἐπιστάμενος, ἀλλὰ νοσῶν περὶ ζητήσεις καὶ λογομαχίας, ἐξ ὧν γίνεται φθόνος, ἔρις, βλασφημίαι, ὑπόνοιαι πονηραί,
36060500e7	διαπαρατριβαὶ διεφθαρμένων ἀνθρώπων τὸν νοῦν καὶ ἀπεστερημένων τῆς ἀληθείας, νομιζόντων πορισμὸν εἶναι τὴν εὐσέβειαν.
3606060065	ἔστιν δὲ πορισμὸς μέγας ἡ εὐσέβεια μετὰ αὐταρκείας.
360607008e	οὐδὲν γὰρ εἰσηνέγκαμεν εἰς τὸν κόσμον, ὅτι οὐδὲ ἐξενεγκεῖν τι δυνάμεθα·
3606080073	ἔχοντες δὲ διατροφὰς καὶ σκεπάσματα, τούτοις ἀρκεσθησόμεθα.
3606090147	οἱ δὲ βουλόμενοι πλουτεῖν ἐμπίπτουσιν εἰς πειρασμὸν καὶ παγίδα καὶ ἐπιθυμίας πολλὰς ἀνοήτους καὶ βλαβεράς, αἵτινες βυθίζουσιν τοὺς ἀνθρώπους εἰς ὄλεθρον καὶ ἀπώλειαν.
36060a010c	ῥίζα γὰρ πάντων τῶν κακῶν ἐστιν ἡ φιλαργυρία, ἧς τινες ὀρεγόμενοι ἀπεπλανήθησαν ἀπὸ τῆς πίστεως καὶ ἑαυτοὺς περιέπειραν ὀδύναις πολλαῖς.
36060b00ca	Σὺ δέ, ὦ ἄνθρωπε θεοῦ, ταῦτα φεῦγε, δίωκε δὲ δικαιοσύνην, εὐσέβειαν, πίστιν, ἀγάπην, ὑπομονήν, πραϋπάθειαν·
36060c0114	ἀγωνίζου τὸν καλὸν ἀγῶνα τῆς πίστεως, ἐπιλαβοῦ τῆς αἰωνίου ζωῆς, εἰς ἣν ἐκλήθης καὶ ὡμολόγησας τὴν καλὴν ὁμολογίαν ἐνώπιον πολλῶν μαρτύρων.
36060d0108	παραγγέλλω σοι ἐνώπιον τοῦ θεοῦ τοῦ ζωογονοῦντος τὰ πάντα καὶ χριστοῦ Ἰησοῦ τοῦ μαρτυρήσαντος ἐπὶ Ποντίου Πιλάτου τὴν καλὴν ὁμολογίαν,
36060e00be	τηρῆσαί σε τὴν ἐντολὴν ἄσπιλον ἀνεπίλημπτον μέχρι τῆς ἐπιφανείας τοῦ κυρίου ἡμῶν Ἰησοῦ χριστοῦ,
36060f00d6	ἣν καιροῖς ἰδίοις δείξει ὁ μακάριος καὶ μόνος δυνάστης, ὁ βασιλεὺς τῶν βασιλευόντων καὶ κύριος τῶν κυριευόντων,
36061000f2	ὁ μόνος ἔχων ἀθανασίαν, φῶς οἰκῶν ἀπρόσιτον, ὃν εἶδεν οὐδεὶς ἀνθρώπων οὐδὲ ἰδεῖν δύναται, ᾧ τιμὴ καὶ κράτος αἰώνιον· ἀμήν.
3606110139	Τοῖς πλουσίοις ἐν τῷ νῦν αἰῶνι παράγγελλε μὴ ὑψηλοφρονεῖν, μηδὲ ἠλπικέναι ἐπὶ πλούτου ἀδηλότητι, ἀλλ᾽ ἐπὶ θεῷ τῷ παρέχοντι ἡμῖν πάντα πλουσίως εἰς ἀπόλαυσιν·
360612008d	ἀγαθοεργεῖν, πλουτεῖν ἐν ἔργοις καλοῖς, εὐμεταδότους εἶναι, κοινωνικούς,
36061300aa	ἀποθησαυρίζοντας ἑαυτοῖς θεμέλιον καλὸν εἰς τὸ μέλλον, ἵνα ἐπιλάβωνται τῆς ὄντως ζωῆς.
36061400d2	Ὦ Τιμόθεε, τὴν παραθήκην φύλαξον, ἐκτρεπόμενος τὰς βεβήλους κενοφωνίας, καὶ ἀντιθέσεις τῆς ψευδωνύμου γνώσεως,
36061500a7	ἥν τινες ἐπαγγελλόμενοι περὶ τὴν πίστιν ἠστόχησαν. Ἡ χάρις μεθ᾽ ὑμῶν. ΠΡΟΣ ΤΙΜΟΘΕΟΝ Αʹ.
370000001e	Προς Τιμοθεον Β΄
37010100b7	Παῦλος ἀπόστολος χριστοῦ Ἰησοῦ διὰ θελήματος θεοῦ κατ᾽ ἐπαγγελίαν ζωῆς τῆς ἐν χριστῷ Ἰησοῦ,
37010200bc	Τιμοθέῳ ἀγαπητῷ τέκνῳ· χάρις, ἔλεος, εἰρήνη ἀπὸ θεοῦ πατρὸς καὶ χριστοῦ Ἰησοῦ τοῦ κυρίου ἡμῶν.
3701030112	Χάριν ἔχω τῷ θεῷ, ᾧ λατρεύω ἀπὸ προγόνων ἐν καθαρᾷ συνειδήσει, ὡς ἀδιάλειπτον ἔχω τὴν περὶ σοῦ μνείαν ἐν ταῖς δεήσεσίν μου, νυκτὸς καὶ ἡμέρας
370104007e	ἐπιποθῶν σε ἰδεῖν, μεμνημένος σου τῶν δακρύων, ἵνα χαρᾶς πληρωθῶ,
3701050119	ὑπόμνησιν λαβὼν τῆς ἐν σοὶ ἀνυποκρίτου πίστεως, ἥτις ἐνῴκησεν πρῶτον ἐν τῇ μάμμῃ σου Λωΐδι καὶ τῇ μητρί σου Εὐνίκῃ, πέπεισμαι δὲ ὅτι καὶ ἐν σοί.
37010600da	δι᾽ ἣν αἰτίαν ἀναμιμνήσκω σε ἀναζωπυρεῖν τὸ χάρισμα τοῦ θεοῦ, ὅ ἐστιν ἐν σοὶ διὰ τῆς ἐπιθέσεως τῶν χειρῶν μου·
37010700a5	οὐ γὰρ ἔδωκεν ἡμῖν ὁ θεὸς πνεῦμα δειλίας, ἀλλὰ δυνάμεως καὶ ἀγάπης καὶ σωφρονισμοῦ.
37010800ff	μὴ οὖν ἐπαισχυνθῇς τὸ μαρτύριον τοῦ κυρίου ἡμῶν, μηδὲ ἐμὲ τὸν δέσμιον αὐτοῦ, ἀλλὰ συγκακοπάθησον τῷ εὐαγγελίῳ κατὰ δύναμιν θεοῦ,
3701090136	τοῦ σώσαντος ἡμᾶς καὶ καλέσαντος κλήσει ἁγίᾳ, οὐ κατὰ τὰ ἔργα ἡμῶν, ἀλλὰ κατὰ ἰδίαν πρόθεσιν καὶ χάριν τὴν δοθεῖσαν ἡμῖν ἐν χριστῷ Ἰησοῦ πρὸ χρόνων αἰωνίων,
37010a0131	φανερωθεῖσαν δὲ νῦν διὰ τῆς ἐπιφανείας τοῦ σωτῆρος ἡμῶν χριστοῦ Ἰησοῦ, καταργήσαντος μὲν τὸν θάνατον, φωτίσαντος δὲ ζωὴν καὶ ἀφθαρσίαν διὰ τοῦ εὐαγγελίου,
37010b0075	εἰς ὃ ἐτέθην ἐγὼ κήρυξ καὶ ἀπόστολος καὶ διδάσκαλος ἐθνῶν·
37010c0134	δι᾽ ἣν αἰτίαν καὶ ταῦτα πάσχω, ἀλλ᾽ οὐκ ἐπαισχύνομαι· οἶδα γὰρ ᾧ πεπίστευκα, καὶ πέπεισμαι ὅτι δυνατός ἐστιν τὴν παραθήκην μου φυλάξαι εἰς ἐκείνην τὴν ἡμέραν.
37010d00be	ὑποτύπωσιν ἔχε ὑγιαινόντων λόγων, ὧν παρ᾽ ἐμοῦ ἤκουσας, ἐν πίστει καὶ ἀγάπῃ τῇ ἐν χριστῷ Ἰησοῦ·
37010e008f	τὴν καλὴν παραθήκην φύλαξον διὰ πνεύματος ἁγίου τοῦ ἐνοικοῦντος ἐν ἡμῖν.
37010f00a8	Οἶδας τοῦτο, ὅτι ἀπεστράφησάν με πάντες οἱ ἐν τῇ Ἀσίᾳ, ὧν ἐστιν Φύγελος καὶ Ἑρμογένης.
37011000c2	δῴη ἔλεος ὁ κύριος τῷ Ὀνησιφόρου οἴκῳ· ὅτι πολλάκις με ἀνέψυξεν, καὶ τὴν ἅλυσίν μου οὐκ ἐπαισχύνθη,
370111006e	ἀλλὰ γενόμενος ἐν Ῥώμῃ σπουδαίως ἐζήτησέν με καὶ εὗρεν·
37011200e0	δῴη αὐτῷ ὁ κύριος εὑρεῖν ἔλεος παρὰ κυρίου ἐν ἐκείνῃ τῇ ἡμέρᾳ. καὶ ὅσα ἐν Ἐφέσῳ διηκόνησεν, βέλτιον σὺ γινώσκεις.
3702010079	Σὺ οὖν, τέκνον μου, ἐνδυναμοῦ ἐν τῇ χάριτι τῇ ἐν χριστῷ Ἰησοῦ,
37020200ef	καὶ ἃ ἤκουσας παρ᾽ ἐμοῦ διὰ πολλῶν μαρτύρων, ταῦτα παράθου πιστοῖς ἀνθρώποις, οἵτινες ἱκανοὶ ἔσονται καὶ ἑτέρους διδάξαι.
3702030062	συγκακοπάθησον, ὡς καλὸς στρατιώτης χριστοῦ Ἰησοῦ.
37020400af	οὐδεὶς στρατευόμενος ἐμπλέκεται ταῖς τοῦ βίου πραγματείαις, ἵνα τῷ στρατολογήσαντι ἀρέσῃ.
3702050075	ἐὰν δὲ καὶ ἀθλῇ τις, οὐ στεφανοῦται ἐὰν μὴ νομίμως ἀθλήσῃ.
3702060072	τὸν κοπιῶντα γεωργὸν δεῖ πρῶτον τῶν καρπῶν μεταλαμβάνειν·
3702070063	νόει ὃ λέγω· δώσει γάρ σοι ὁ κύριος σύνεσιν ἐν πᾶσιν.
37020800b4	μνημόνευε Ἰησοῦν χριστὸν ἐγηγερμένον ἐκ νεκρῶν, ἐκ σπέρματος Δαυείδ, κατὰ τὸ εὐαγγέλιόν μου·
3702090092	ἐν ᾧ κακοπαθῶ μέχρι δεσμῶν, ὡς κακοῦργος, ἀλλὰ ὁ λόγος τοῦ θεοῦ οὐ δέδεται.
37020a00e1	διὰ τοῦτο πάντα ὑπομένω διὰ τοὺς ἐκλεκτούς, ἵνα καὶ αὐτοὶ σωτηρίας τύχωσιν τῆς ἐν χριστῷ Ἰησοῦ μετὰ δόξης αἰωνίου.
37020b0067	πιστὸς ὁ λόγος· εἰ γὰρ συναπεθάνομεν, καὶ συνζήσομεν·
37020c0096	εἰ ὑπομένομεν, καὶ συμβασιλεύσομεν· εἰ ἀρνησόμεθα, κἀκεῖνος ἀρνήσεται ἡμᾶς·
37020d008c	εἰ ἀπιστοῦμεν, ἐκεῖνος πιστὸς μένει· ἀρνήσασθαι γὰρ ἑαυτὸν οὐ δύναται.
37020e00e5	Ταῦτα ὑπομίμνησκε, διαμαρτυρόμενος ἐνώπιον τοῦ θεοῦ μὴ λογομαχεῖν ἐπ᾽ οὐδὲν χρήσιμον, ἐπὶ καταστροφῇ τῶν ἀκουόντων.
37020f00cc	σπούδασον σεαυτὸν δόκιμον παραστῆσαι τῷ θεῷ, ἐργάτην ἀνεπαίσχυντον, ὀρθοτομοῦντα τὸν λόγον τῆς ἀληθείας.
3702100093	τὰς δὲ βεβήλους κενοφωνίας περιΐστασο· ἐπὶ πλεῖον γὰρ προκόψουσιν ἀσεβείας,
3702110090	καὶ ὁ λόγος αὐτῶν ὡς γάγγραινα νομὴν ἕξει· ὧν ἐστιν Ὑμέναιος καὶ Φιλητός,
37021200cb	οἵτινες περὶ τὴν ἀλήθειαν ἠστόχησαν, λέγοντες ἀνάστασιν ἤδη γεγονέναι, καὶ ἀνατρέπουσιν τήν τινων πίστιν.
3702130133	ὁ μέν τοι στερεὸς θεμέλιος τοῦ θεοῦ ἕστηκεν, ἔχων τὴν σφραγῖδα ταύτην, Ἔγνω κύριος τοὺς ὄντας αὐτοῦ, καί, Ἀποστήτω ἀπὸ ἀδικίας πᾶς ὁ ὀνομάζων τὸ ὄνομα κυρίου.
37021400fc	ἐν μεγάλῃ δὲ οἰκίᾳ οὐκ ἔστιν μόνον σκεύη χρυσᾶ καὶ ἀργυρᾶ, ἀλλὰ καὶ ξύλινα καὶ ὀστράκινα, καὶ ἃ μὲν εἰς τιμὴν ἃ δὲ εἰς ἀτιμίαν.
3702150106	ἐὰν οὖν τις ἐκκαθάρῃ ἑαυτὸν ἀπὸ τούτων, ἔσται σκεῦος εἰς τιμὴν ἡγιασμένον, εὔχρηστον τῷ δεσπότῃ, εἰς πᾶν ἔργον ἀγαθὸν ἡτοιμασμένον.
3702160103	τὰς δὲ νεωτερικὰς ἐπιθυμίας φεῦγε, δίωκε δὲ δικαιοσύνην, πίστιν, ἀγάπην, εἰρήνην μετὰ τῶν ἐπικαλουμένων τὸν κύριον ἐκ καθαρᾶς καρδίας.
3702170091	τὰς δὲ μωρὰς καὶ ἀπαιδεύτους ζητήσεις παραιτοῦ, εἰδὼς ὅτι γεννῶσιν μάχας·
37021800a8	δοῦλον δὲ κυρίου οὐ δεῖ μάχεσθαι, ἀλλὰ ἤπιον εἶναι πρὸς πάντας, διδακτικόν, ἀνεξίκακον,
37021900ce	ἐν πραΰτητι παιδεύοντα τοὺς ἀντιδιατιθεμένους, μήποτε δώῃ αὐτοῖς ὁ θεὸς μετάνοιαν εἰς ἐπίγνωσιν ἀληθείας,
37021a00ae	καὶ ἀνανήψωσιν ἐκ τῆς τοῦ διαβόλου παγίδος, ἐζωγρημένοι ὑπ᾽ αὐτοῦ εἰς τὸ ἐκείνου θέλημα.
3703010087	Τοῦτο δὲ γίνωσκε, ὅτι ἐν ἐσχάταις ἡμέραις ἐνστήσονται καιροὶ χαλεποί.
37030200e1	ἔσονται γὰρ οἱ ἄνθρωποι φίλαυτοι, φιλάργυροι, ἀλαζόνες, ὑπερήφανοι, βλάσφημοι, γονεῦσιν ἀπειθεῖς, ἀχάριστοι, ἀνόσιοι,
3703030075	ἄστοργοι, ἄσπονδοι, διάβολοι, ἀκρατεῖς, ἀνήμεροι, ἀφιλάγαθοι,
3703040075	προδόται, προπετεῖς, τετυφωμένοι, φιλήδονοι μᾶλλον ἢ φιλόθεοι,
37030500a0	ἔχοντες μόρφωσιν εὐσεβείας, τὴν δὲ δύναμιν αὐτῆς ἠρνημένοι. καὶ τούτους ἀποτρέπου.
3703060102	ἐκ τούτων γάρ εἰσιν οἱ ἐνδύνοντες εἰς τὰς οἰκίας καὶ αἰχμαλωτίζοντες γυναικάρια σεσωρευμένα ἁμαρτίαις, ἀγόμενα ἐπιθυμίαις ποικίλαις,
370307008c	πάντοτε μανθάνοντα, καὶ μηδέποτε εἰς ἐπίγνωσιν ἀληθείας ἐλθεῖν δυνάμενα.
3703080126	ὃν τρόπον δὲ Ἰάννης καὶ Ἰαμβρῆς ἀντέστησαν Μωϋσεῖ, οὕτως καὶ οὗτοι ἀνθίστανται τῇ ἀληθείᾳ, ἄνθρωποι κατεφθαρμένοι τὸν νοῦν, ἀδόκιμοι περὶ τὴν πίστιν.
37030900c1	ἀλλ᾽ οὐ προκόψουσιν ἐπὶ πλεῖον· ἡ γὰρ ἄνοια αὐτῶν ἔκδηλος ἔσται πᾶσιν, ὡς καὶ ἡ ἐκείνων ἐγένετο.
37030a00d5	σὺ δὲ παρηκολούθησάς μου τῇ διδασκαλίᾳ, τῇ ἀγωγῇ, τῇ προθέσει, τῇ πίστει, τῇ μακροθυμίᾳ, τῇ ἀγάπῃ, τῇ ὑπομονῇ,
37030b0117	τοῖς διωγμοῖς, τοῖς παθήμασιν, οἷά μοι ἐγένετο ἐν Ἀντιοχείᾳ, ἐν Ἰκονίῳ, ἐν Λύστροις· οἵους διωγμοὺς ὑπήνεγκα, καὶ ἐκ πάντων με ἐρύσατο ὁ κύριος.
37030c0085	καὶ πάντες δὲ οἱ θέλοντες ζῇν εὐσεβῶς ἐν χριστῷ Ἰησοῦ διωχθήσονται.
37030d00a3	πονηροὶ δὲ ἄνθρωποι καὶ γόητες προκόψουσιν ἐπὶ τὸ χεῖρον, πλανῶντες καὶ πλανώμενοι.
37030e007e	σὺ δὲ μένε ἐν οἷς ἔμαθες καὶ ἐπιστώθης, εἰδὼς παρὰ τίνων ἔμαθες,
37030f00dd	καὶ ὅτι ἀπὸ βρέφους [τὰ] ἱερὰ γράμματα οἶδας, τὰ δυνάμενά σε σοφίσαι εἰς σωτηρίαν διὰ πίστεως τῆς ἐν χριστῷ Ἰησοῦ.
37031000e8	πᾶσα γραφὴ θεόπνευστος, καὶ ὠφέλιμος πρὸς διδασκαλίαν, πρὸς ἔλεγμον, πρὸς ἐπανόρθωσιν, πρὸς παιδείαν τὴν ἐν δικαιοσύνῃ·
370311008a	ἵνα ἄρτιος ᾖ ὁ τοῦ θεοῦ ἄνθρωπος, πρὸς πᾶν ἔργον ἀγαθὸν ἐξηρτισμένος.
3704010116	Διαμαρτύρομαι ἐνώπιον τοῦ θεοῦ καὶ χριστοῦ Ἰησοῦ, τοῦ μέλλοντος κρίνειν ζῶντας καὶ νεκρούς, καὶ τὴν ἐπιφάνειαν αὐτοῦ καὶ τὴν βασιλείαν αὐτοῦ,
37040200d4	κήρυξον τὸν λόγον, ἐπίστηθι εὐκαίρως ἀκαίρως, ἔλεγξον, ἐπιτίμησον, παρακάλεσον, ἐν πάσῃ μακροθυμίᾳ καὶ διδαχῇ.
370403012c	ἔσται γὰρ καιρὸς ὅτε τῆς ὑγιαινούσης διδασκαλίας οὐκ ἀνέξονται, ἀλλὰ κατὰ τὰς ἰδίας ἐπιθυμίας ἑαυτοῖς ἐπισωρεύσουσιν διδασκάλους, κνηθόμενοι τὴν ἀκοήν·
37040400a7	καὶ ἀπὸ μὲν τῆς ἀληθείας τὴν ἀκοὴν ἀποστρέψουσιν, ἐπὶ δὲ τοὺς μύθους ἐκτραπήσονται.
37040500b3	σὺ δὲ νῆφε ἐν πᾶσιν, κακοπάθησον, ἔργον ποίησον εὐαγγελιστοῦ, τὴν διακονίαν σου πληροφόρησον.
370406007e	ἐγὼ γὰρ ἤδη σπένδομαι, καὶ ὁ καιρὸς τῆς ἀναλύσεώς μου ἐφέστηκεν.
3704070084	τὸν καλὸν ἀγῶνα ἠγώνισμαι, τὸν δρόμον τετέλεκα, τὴν πίστιν τετήρηκα·
3704080165	λοιπὸν ἀπόκειταί μοι ὁ τῆς δικαιοσύνης στέφανος, ὃν ἀποδώσει μοι ὁ κύριος ἐν ἐκείνῃ τῇ ἡμέρᾳ, ὁ δίκαιος κριτής· οὐ μόνον δὲ ἐμοί, ἀλλὰ καὶ πᾶσιν τοῖς ἠγαπηκόσιν τὴν ἐπιφάνειαν αὐτοῦ.
370409003d	Σπούδασον ἐλθεῖν πρός με ταχέως.
37040a00ed	Δημᾶς γάρ με ἐγκατέλιπεν ἀγαπήσας τὸν νῦν αἰῶνα, καὶ ἐπορεύθη εἰς Θεσσαλονίκην· Κρήσκης εἰς Γαλατίαν, Τίτος εἰς Δαλματίαν·
37040b00c8	Λουκᾶς ἐστιν μόνος μετ᾽ ἐμοῦ. Μάρκον ἀναλαβὼν ἄγε μετὰ σεαυτοῦ· ἔστιν γάρ μοι εὔχρηστος εἰς διακονίαν.
37040c0040	Τυχικὸν δὲ ἀπέστειλα εἰς Ἔφεσον.
37040d00bd	τὸν φελόνην ὃν ἀπέλιπον ἐν Τρωάδι παρὰ Κάρπῳ, ἐρχόμενος φέρε, καὶ τὰ βιβλία, μάλιστα τὰς μεμβράνας.
37040e00b4	Ἀλέξανδρος ὁ χαλκεὺς πολλά μοι κακὰ ἐνεδείξατο· ἀποδώσει αὐτῷ ὁ κύριος κατὰ τὰ ἔργα αὐτοῦ·
37040f0073	ὃν καὶ σὺ φυλάσσου· λίαν γὰρ ἀντέστη τοῖς ἡμετέροις λόγοις.
37041000bc	ἐν τῇ πρώτῃ μου ἀπολογίᾳ οὐδείς μοι παρεγένετο, ἀλλὰ πάντες με ἐγκατάλιπον· μὴ αὐτοῖς λογισθείη.
3704110116	ὁ δὲ κύριός μοι παρέστῃ, καὶ ἐνεδυνάμωσέν με, ἵνα δι᾽ ἐμοῦ τὸ κήρυγμα πληροφορηθῇ, καὶ ἀκούσωσιν πάντα τὰ ἔθνη, καὶ ἐρύσθην ἐκ στόματος λέοντος.
3704120111	ῥύσεταί με ὁ κύριος ἀπὸ παντὸς ἔργου πονηροῦ, καὶ σώσει εἰς τὴν βασιλείαν αὐτοῦ τὴν ἐπουράνιον· ᾧ ἡ δόξα εἰς τοὺς αἰῶνας τῶν αἰώνων· ἀμήν.
3704130067	Ἄσπασαι Πρίσκαν καὶ Ἀκύλαν καὶ τὸν Ὀνησιφόρου οἶκον.
370414008c	Ἔραστος ἔμεινεν ἐν Κορίνθῳ· Τρόφιμον δὲ ἀπέλιπον ἐν Μιλήτῳ ἀσθενοῦντα.
37041500d5	Σπούδασον πρὸ χειμῶνος ἐλθεῖν. Ἀσπάζεταί σε Εὔβουλος καὶ Πούδης καὶ Λῖνος καὶ Κλαυδία, καὶ οἱ ἀδελφοὶ πάντες.
3704160082	Ὁ κύριος μετὰ τοῦ πνεύματός σου. ἡ χάρις μεθ᾽ ὑμῶν. ΠΡΟΣ ΤΙΜΟΘΕΟΝ Βʹ.
3800000013	Προς Τιτον
38010100e6	Παῦλος δοῦλος θεοῦ, ἀπόστολος δὲ Ἰησοῦ χριστοῦ κατὰ πίστιν ἐκλεκτῶν θεοῦ καὶ ἐπίγνωσιν ἀληθείας τῆς κατ᾽ εὐσέβειαν,
3801020094	ἐπ᾽ ἐλπίδι ζωῆς αἰωνίου, ἣν ἐπηγγείλατο ὁ ἀψευδὴς θεὸς πρὸ χρόνων αἰωνίων,
38010300e3	ἐφανέρωσεν δὲ καιροῖς ἰδίοις τὸν λόγον αὐτοῦ, ἐν κηρύγματι, ὃ ἐπιστεύθην ἐγὼ κατ᾽ ἐπιταγὴν τοῦ σωτῆρος ἡμῶν θεοῦ·
38010400d6	Τίτῳ γνησίῳ τέκνῳ κατὰ κοινὴν πίστιν· χάρις, καὶ εἰρήνη ἀπὸ θεοῦ πατρὸς καὶ χριστοῦ Ἰησοῦ τοῦ σωτῆρος ἡμῶν.
38010500f2	Τούτου χάριν ἀπέλιπόν σε ἐν Κρήτῃ, ἵνα τὰ λείποντα ἐπιδιορθώσῃ, καὶ καταστήσῃς κατὰ πόλιν πρεσβυτέρους ὡς ἐγώ σοι διεταξάμην·
38010600c4	εἴ τις ἐστὶν ἀνέγκλητος, μιᾶς γυναικὸς ἀνήρ, τέκνα ἔχων πιστά, μὴ ἐν κατηγορίᾳ ἀσωτίας, ἢ ἀνυπότακτα.
38010700ec	δεῖ γὰρ τὸν ἐπίσκοπον ἀνέγκλητον εἶναι ὡς θεοῦ οἰκονόμον, μὴ αὐθάδη, μὴ ὀργίλον, μὴ πάροινον, μὴ πλήκτην, μὴ αἰσχροκερδῆ,
3801080071	ἀλλὰ φιλόξενον, φιλάγαθον, σώφρονα, δίκαιον, ὅσιον, ἐγκρατῆ,
3801090113	ἀντεχόμενον τοῦ κατὰ τὴν διδαχὴν πιστοῦ λόγου, ἵνα δυνατὸς ᾖ καὶ παρακαλεῖν ἐν τῇ διδασκαλίᾳ τῇ ὑγιαινούσῃ καὶ τοὺς ἀντιλέγοντας ἐλέγχειν.
38010a00a8	εἰσὶν γὰρ πολλοὶ ἀνυπότακτοι, ματαιολόγοι καὶ φρεναπάται, μάλιστα οἱ ἐκ τῆς περιτομῆς,
38010b00c5	οὓς δεῖ ἐπιστομίζειν· οἵτινες ὅλους οἴκους ἀνατρέπουσιν, διδάσκοντες ἃ μὴ δεῖ αἰσχροῦ κέρδους χάριν.
38010c00ac	εἶπέν τις ἐξ αὐτῶν ἴδιος αὐτῶν προφήτης, Κρῆτες ἀεὶ ψεῦσται, κακὰ θηρία, γαστέρες ἀργαί.
38010d00bf	ἡ μαρτυρία αὕτη ἐστὶν ἀληθής· δι᾽ ἣν αἰτίαν ἔλεγχε αὐτοὺς ἀποτόμως, ἵνα ὑγιαίνωσιν ἐν τῇ πίστει,
38010e00a6	μὴ προσέχοντες Ἰουδαϊκοῖς μύθοις καὶ ἐντολαῖς ἀνθρώπων ἀποστρεφομένων τὴν ἀλήθειαν.
38010f00f9	πάντα καθαρὰ τοῖς καθαροῖς· τοῖς δὲ μεμιαμμένοις καὶ ἀπίστοις οὐδὲν καθαρόν, ἀλλὰ μεμίανται αὐτῶν καὶ ὁ νοῦς καὶ ἡ συνείδησις.
38011000ea	θεὸν ὁμολογοῦσιν εἰδέναι, τοῖς δὲ ἔργοις ἀρνοῦνται, βδελυκτοὶ ὄντες καὶ ἀπειθεῖς καὶ πρὸς πᾶν ἔργον ἀγαθὸν ἀδόκιμοι.
380201005c	Σὺ δὲ λάλει ἃ πρέπει τῇ ὑγιαινούσῃ διδασκαλίᾳ·
38020200ad	πρεσβύτας νηφαλίους εἶναι, σεμνούς, σώφρονας, ὑγιαίνοντας τῇ πίστει, τῇ ἀγάπῃ, τῇ ὑπομονῇ·
38020300d2	πρεσβύτιδας ὡσαύτως ἐν καταστήματι ἱεροπρεπεῖς, μὴ διαβόλους, μηδὲ οἴνῳ πολλῷ δεδουλωμένας, καλοδιδασκάλους,
380204006d	ἵνα σωφρονίζουσιν τὰς νέας φιλάνδρους εἶναι, φιλοτέκνους,
38020500d3	σώφρονας, ἁγνάς, οἰκουργοὺς ἀγαθάς, ὑποτασσομένας τοῖς ἰδίοις ἀνδράσιν, ἵνα μὴ ὁ λόγος τοῦ θεοῦ βλασφημῆται.
3802060054	τοὺς νεωτέρους ὡσαύτως παρακάλει σωφρονεῖν,
38020700a8	περὶ πάντα σεαυτὸν παρεχόμενος τύπον καλῶν ἔργων, ἐν τῇ διδασκαλίᾳ ἀφθορίαν, σεμνότητα,
38020800ae	λόγον ὑγιῆ, ἀκατάγνωστον, ἵνα ὁ ἐξ ἐναντίας ἐντραπῇ, μηδὲν ἔχων λέγειν περὶ ἡμῶν φαῦλον.
38020900a0	Δούλους ἰδίοις δεσπόταις ὑποτάσσεσθαι, ἐν πᾶσιν εὐαρέστους εἶναι, μὴ ἀντιλέγοντας,
38020a00f3	μὴ νοσφιζομένους, ἀλλὰ πᾶσαν πίστιν ἐνδεικνυμένους ἀγαθήν, ἵνα τὴν διδασκαλίαν τὴν τοῦ σωτῆρος ἡμῶν θεοῦ κοσμῶσιν ἐν πᾶσιν.
38020b006a	ἐπεφάνη γὰρ ἡ χάρις τοῦ θεοῦ σωτήριος πᾶσιν ἀνθρώποις,
38020c0102	παιδεύουσα ἡμᾶς, ἵνα ἀρνησάμενοι τὴν ἀσέβειαν καὶ τὰς κοσμικὰς ἐπιθυμίας σωφρόνως καὶ δικαίως καὶ εὐσεβῶς ζήσωμεν ἐν τῷ νῦν αἰῶνι,
38020d00d4	προσδεχόμενοι τὴν μακαρίαν ἐλπίδα καὶ ἐπιφάνειαν τῆς δόξης τοῦ μεγάλου θεοῦ καὶ σωτῆρος ἡμῶν χριστοῦ Ἰησοῦ,
38020e00f6	ὃς ἔδωκεν ἑαυτὸν ὑπὲρ ἡμῶν, ἵνα λυτρώσηται ἡμᾶς ἀπὸ πάσης ἀνομίας, καὶ καθαρίσῃ ἑαυτῷ λαὸν περιούσιον, ζηλωτὴν καλῶν ἔργων.
38020f00a0	Ταῦτα λάλει, καὶ παρακάλει, καὶ ἔλεγχε μετὰ πάσης ἐπιταγῆς. μηδείς σου περιφρονείτω.
38030100c7	Ὑπομίμνησκε αὐτοὺς ἀρχαῖς ἐξουσίαις ὑποτάσσεσθαι, πειθαρχεῖν, πρὸς πᾶν ἔργον ἀγαθὸν ἑτοίμους εἶναι,
38030200bd	μηδένα βλασφημεῖν, ἀμάχους εἶναι, ἐπιεικεῖς, πᾶσαν ἐνδεικνυμένους πραΰτητα πρὸς πάντας ἀνθρώπους.
3803030137	ἦμεν γάρ ποτε καὶ ἡμεῖς ἀνόητοι, ἀπειθεῖς, πλανώμενοι, δουλεύοντες ἐπιθυμίαις καὶ ἡδοναῖς ποικίλαις, ἐν κακίᾳ καὶ φθόνῳ διάγοντες, στυγητοί, μισοῦντες ἀλλήλους·
3803040085	ὅτε δὲ ἡ χρηστότης καὶ ἡ φιλανθρωπία ἐπεφάνη τοῦ σωτῆρος ἡμῶν θεοῦ,
3803050127	οὐκ ἐξ ἔργων τῶν ἐν δικαιοσύνῃ ἃ ἐποιήσαμεν ἡμεῖς, ἀλλὰ κατὰ τὸ αὐτοῦ ἔλεος ἔσωσεν ἡμᾶς διὰ λουτροῦ παλιγγενεσίας καὶ ἀνακαινώσεως πνεύματος ἁγίου,
3803060084	οὗ ἐξέχεεν ἐφ᾽ ἡμᾶς πλουσίως, διὰ Ἰησοῦ χριστοῦ τοῦ σωτῆρος ἡμῶν,
38030700a0	ἵνα δικαιωθέντες τῇ ἐκείνου χάριτι, κληρονόμοι γενηθῶμεν κατ᾽ ἐλπίδα ζωῆς αἰωνίου.
3803080143	πιστὸς ὁ λόγος, καὶ περὶ τούτων βούλομαί σε διαβεβαιοῦσθαι, ἵνα φροντίζωσιν καλῶν ἔργων προΐστασθαι οἱ πεπιστευκότες θεῷ· ταῦτά ἐστιν καλὰ καὶ ὠφέλιμα τοῖς ἀνθρώποις.
38030900d1	μωρὰς δὲ ζητήσεις καὶ γενεαλογίας καὶ ἔρεις καὶ μάχας νομικὰς περιΐστασο· εἰσὶν γὰρ ἀνωφελεῖς καὶ μάταιοι.
38030a0078	αἱρετικὸν ἄνθρωπον μετὰ μίαν καὶ δευτέραν νουθεσίαν παραιτοῦ,
38030b0084	εἰδὼς ὅτι ἐξέστραπται ὁ τοιοῦτος, καὶ ἁμαρτάνει ὢν αὐτοκατάκριτος.
38030c00d0	Ὅταν πέμψω Ἀρτεμᾶν πρός σε ἢ Τυχικόν, σπούδασον ἐλθεῖν πρός με εἰς Νικόπολιν· ἐκεῖ γὰρ κέκρικα παραχειμάσαι.
38030d0091	Ζηνᾶν τὸν νομικὸν καὶ Ἀπολλὼ σπουδαίως πρόπεμψον, ἵνα μηδὲν αὐτοῖς λείπῃ.
38030e00c8	μανθανέτωσαν δὲ καὶ οἱ ἡμέτεροι καλῶν ἔργων προΐστασθαι εἰς τὰς ἀναγκαίας χρείας, ἵνα μὴ ὦσιν ἄκαρποι.
38030f00d7	Ἀσπάζονταί σε οἱ μετ᾽ ἐμοῦ πάντες. ἄσπασαι τοὺς φιλοῦντας ἡμᾶς ἐν πίστει. Ἡ χάρις μετὰ πάντων ὑμῶν. ΠΡΟΣ ΤΙΤΟΝ.
3900000019	Προς Φιλημονα
39010100b3	Παῦλος δέσμιος χριστοῦ Ἰησοῦ καὶ Τιμόθεος ὁ ἀδελφὸς Φιλήμονι τῷ ἀγαπητῷ καὶ συνεργῷ ἡμῶν,
39010200af	καὶ Ἀπφίᾳ τῇ ἀδελφῇ, καὶ Ἀρχίππῳ τῷ συνστρατιώτῃ ἡμῶν, καὶ τῇ κατ᾽ οἶκόν σου ἐκκλησίᾳ·
390103008a	χάρις ὑμῖν καὶ εἰρήνη ἀπὸ θεοῦ πατρὸς ἡμῶν καὶ κυρίου Ἰησοῦ χριστοῦ.
390104008e	Εὐχαριστῶ τῷ θεῷ μου πάντοτε μνείαν σου ποιούμενος ἐπὶ τῶν προσευχῶν μου,
39010500bc	ἀκούων σου τὴν ἀγάπην καὶ τὴν πίστιν, ἣν ἔχεις εἰς τὸν κύριον Ἰησοῦν καὶ εἰς πάντας τοὺς ἁγίους,
39010600bc	ὅπως ἡ κοινωνία τῆς πίστεώς σου ἐνεργὴς γένηται ἐν ἐπιγνώσει παντὸς ἀγαθοῦ ἐν ἡμῖν εἰς χριστόν.
39010700d9	χαρὰν γὰρ πολλὴν ἔσχον καὶ παράκλησιν ἐπὶ τῇ ἀγάπῃ σου, ὅτι τὰ σπλάγχνα τῶν ἁγίων ἀναπέπαυται διὰ σοῦ, ἀδελφέ.
390108007b	διὸ πολλὴν ἐν χριστῷ παῤῥησίαν ἔχων ἐπιτάσσειν σοι τὸ ἀνῆκον,
39010900c5	διὰ τὴν ἀγάπην μᾶλλον παρακαλῶ· τοιοῦτος ὢν ὡς Παῦλος πρεσβύτης, νυνὶ δὲ καὶ δέσμιος χριστοῦ Ἰησοῦ·
39010a008d	παρακαλῶ σε περὶ τοῦ ἐμοῦ τέκνου, ὃν ἐγέννησα ἐν τοῖς δεσμοῖς, Ὀνήσιμον,
39010b0069	τόν ποτέ σοι ἄχρηστον, νυνὶ δὲ σοὶ καὶ ἐμοὶ εὔχρηστον,
39010c0060	ὃν ἀνέπεμψά σοι, αὐτόν, τουτέστιν τὰ ἐμὰ σπλάγχνα.
39010d00c1	ὃν ἐγὼ ἐβουλόμην πρὸς ἐμαυτὸν κατέχειν, ἵνα ὑπὲρ σοῦ μοι διακονῇ ἐν τοῖς δεσμοῖς τοῦ εὐαγγελίου·
39010e00d2	χωρὶς δὲ τῆς σῆς γνώμης οὐδὲν ἠθέλησα ποιῆσαι, ἵνα μὴ ὡς κατὰ ἀνάγκην τὸ ἀγαθόν σου ᾖ, ἀλλὰ κατὰ ἑκούσιον.
39010f0081	τάχα γὰρ διὰ τοῦτο ἐχωρίσθη πρὸς ὥραν, ἵνα αἰώνιον αὐτὸν ἀπέχῃς·
39011000df	οὐκέτι ὡς δοῦλον, ἀλλὰ ὑπὲρ δοῦλον, ἀδελφὸν ἀγαπητόν, μάλιστα ἐμοί, πόσῳ δὲ μᾶλλόν σοι καὶ ἐν σαρκὶ καὶ ἐν κυρίῳ;
3901110060	εἰ οὖν με ἔχεις κοινωνόν, προσλαβοῦ αὐτὸν ὡς ἐμέ.
3901120061	εἰ δέ τι ἠδίκησέν σε ἢ ὀφείλει, τοῦτο ἐμοὶ ἐλλόγα.
39011300b8	Ἐγὼ Παῦλος ἔγραψα τῇ ἐμῇ χειρί, ἐγὼ ἀποτίσω· ἵνα μὴ λέγω σοι ὅτι καὶ σεαυτόν μοι προσοφείλεις.
3901140090	ναί, ἀδελφέ, ἐγώ σου ὀναίμην ἐν κυρίῳ· ἀνάπαυσόν μου τὰ σπλάγχνα ἐν χριστῷ.
390115008a	Πεποιθὼς τῇ ὑπακοῇ σου ἔγραψά σοι, εἰδὼς ὅτι καὶ ὑπὲρ ἃ λέγω ποιήσεις.
39011600af	ἅμα δὲ καὶ ἑτοίμαζέ μοι ξενίαν· ἐλπίζω γὰρ ὅτι διὰ τῶν προσευχῶν ὑμῶν χαρισθήσομαι ὑμῖν.
3901170071	Ἀσπάζεταί σε Ἐπαφρᾶς ὁ συναιχμάλωτός μου ἐν χριστῷ Ἰησοῦ,
390118005f	Μάρκος, Ἀρίσταρχος, Δημᾶς, Λουκᾶς, οἱ συνεργοί μου.
3901190097	Ἡ χάρις τοῦ κυρίου ἡμῶν Ἰησοῦ χριστοῦ μετὰ τοῦ πνεύματος ὑμῶν. ΠΡΟΣ ΦΙΛΗΜΟΝΑ.
3a00000019	Προς Εβραιους
3a01010097	Πολυμερῶς καὶ πολυτρόπως πάλαι ὁ θεὸς λαλήσας τοῖς πατράσιν ἐν τοῖς προφήταις,
3a010200e2	ἐπ᾽ ἐσχάτου τῶν ἡμερῶν τούτων ἐλάλησεν ἡμῖν ἐν υἱῷ, ὃν ἔθηκεν κληρονόμον πάντων, δι᾽ οὗ καὶ ἐποίησεν τοὺς αἰῶνας,
3a01030177	ὃς ὢν ἀπαύγασμα τῆς δόξης καὶ χαρακτὴρ τῆς ὑποστάσεως αὐτοῦ, φέρων τε τὰ πάντα τῷ ῥήματι τῆς δυνάμεως αὐτοῦ, καθαρισμὸν τῶν ἁμαρτιῶν ποιησάμενος ἐκάθισεν ἐν δεξιᾷ τῆς μεγαλωσύνης ἐν ὑψηλοῖς,
3a010400b1	τοσούτῳ κρείττων γενόμενος τῶν ἀγγέλων, ὅσῳ διαφορώτερον παρ᾽ αὐτοὺς κεκληρονόμηκεν ὄνομα.
3a01050113	τίνι γὰρ εἶπέν ποτε τῶν ἀγγέλων, Υἱός μου εἶ σύ, ἐγὼ σήμερον γεγέννηκά σε; καὶ πάλιν, Ἐγὼ ἔσομαι αὐτῷ εἰς πατέρα, καὶ αὐτὸς ἔσται μοι εἰς υἱόν;
3a010600d7	ὅταν δὲ πάλιν εἰσαγάγῃ τὸν πρωτότοκον εἰς τὴν οἰκουμένην, λέγει, Καὶ προσκυνησάτωσαν αὐτῷ πάντες ἄγγελοι θεοῦ.
3a010700dc	καὶ πρὸς μὲν τοὺς ἀγγέλους λέγει, Ὁ ποιῶν τοὺς ἀγγέλους αὐτοῦ πνεύματα, καὶ τοὺς λειτουργοὺς αὐτοῦ πυρὸς φλόγα·
3a010800e6	πρὸς δὲ τὸν υἱόν, Ὁ θρόνος σου, ὁ θεός, εἰς τὸν αἰῶνα τοῦ αἰῶνος· καί, Ἡ ῥάβδος τῆς εὐθύτητος ῥάβδος τῆς βασιλείας σου.
3a010900f4	ἠγάπησας δικαιοσύνην, καὶ ἐμίσησας ἀνομίαν· διὰ τοῦτο ἔχρισέν σε ὁ θεός, ὁ θεός σου, ἔλαιον ἀγαλλιάσεως παρὰ τοὺς μετόχους σου.
3a010a00ac	καί, Σὺ κατ᾽ ἀρχάς, κύριε, τὴν γῆν ἐθεμελίωσας, καὶ ἔργα τῶν χειρῶν σού εἰσιν οἱ οὐρανοί·
3a010b008e	αὐτοὶ ἀπολοῦνται, σὺ δὲ διαμένεις· καὶ πάντες ὡς ἱμάτιον παλαιωθήσονται,
3a010c00e8	καὶ ὡσεὶ περιβόλαιον ἑλίξεις αὐτοὺς [ὡς ἱμάτιον], καὶ ἀλλαγήσονται· σὺ δὲ ὁ αὐτὸς εἶ, καὶ τὰ ἔτη σου οὐκ ἐκλείψουσιν·
3a010d00d6	πρὸς τίνα δὲ τῶν ἀγγέλων εἴρηκέν ποτε, Κάθου ἐκ δεξιῶν μου, ἕως ἂν θῶ τοὺς ἐχθρούς σου ὑποπόδιον τῶν ποδῶν σου;
3a010e00d4	οὐχὶ πάντες εἰσὶν λειτουργικὰ πνεύματα, εἰς διακονίαν ἀποστελλόμενα διὰ τοὺς μέλλοντας κληρονομεῖν σωτηρίαν;
3a0201009b	Διὰ τοῦτο δεῖ περισσοτέρως προσέχειν ἡμᾶς τοῖς ἀκουσθεῖσιν, μή ποτε παραρυῶμεν.
3a020200dd	εἰ γὰρ ὁ δι᾽ ἀγγέλων λαληθεὶς λόγος ἐγένετο βέβαιος, καὶ πᾶσα παράβασις καὶ παρακοὴ ἔλαβεν ἔνδικον μισθαποδοσίαν,
3a02030113	πῶς ἡμεῖς ἐκφευξόμεθα τηλικαύτης ἀμελήσαντες σωτηρίας; ἥτις ἀρχὴν λαβοῦσα λαλεῖσθαι διὰ τοῦ κυρίου, ὑπὸ τῶν ἀκουσάντων εἰς ἡμᾶς ἐβεβαιώθη,
3a020400ff	συνεπιμαρτυροῦντος τοῦ θεοῦ σημείοις τε καὶ τέρασιν, καὶ ποικίλαις δυνάμεσιν, καὶ πνεύματος ἁγίου μερισμοῖς, κατὰ τὴν αὐτοῦ θέλησιν.
3a0205008f	Οὐ γὰρ ἀγγέλοις ὑπέταξεν τὴν οἰκουμένην τὴν μέλλουσαν, περὶ ἧς λαλοῦμεν·
3a020600d0	διεμαρτύρατο δέ πού τις λέγων, Τί ἐστιν ἄνθρωπος, ὅτι μιμνήσκῃ αὐτοῦ· ἢ υἱὸς ἀνθρώπου, ὅτι ἐπισκέπτῃ αὐτόν;
3a020700f3	ἠλάττωσας αὐτὸν βραχύ τι παρ᾽ ἀγγέλους· δόξῃ καὶ τιμῇ ἐστεφάνωσας αὐτόν, [καὶ κατέστησας αὐτὸν ἐπὶ τὰ ἔργα τῶν χειρῶν σου·]
3a02080130	πάντα ὑπέταξας ὑποκάτω τῶν ποδῶν αὐτοῦ. Ἐν τῷ γὰρ ὑποτάξαι αὐτῷ τὰ πάντα, οὐδὲν ἀφῆκεν αὐτῷ ἀνυπότακτον· νῦν δὲ οὔπω ὁρῶμεν αὐτῷ τὰ πάντα ὑποτεταγμένα.
3a02090138	τὸν δὲ βραχύ τι παρ᾽ ἀγγέλους ἠλαττωμένον βλέπομεν Ἰησοῦν διὰ τὸ πάθημα τοῦ θανάτου, δόξῃ καὶ τιμῇ ἐστεφανωμένον, ὅπως χάριτι θεοῦ ὑπὲρ παντὸς γεύσηται θανάτου.
3a020a011c	ἔπρεπεν γὰρ αὐτῷ, δι᾽ ὃν τὰ πάντα καὶ δι᾽ οὗ τὰ πάντα, πολλοὺς υἱοὺς εἰς δόξαν ἀγαγόντα, τὸν ἀρχηγὸν τῆς σωτηρίας αὐτῶν διὰ παθημάτων τελειῶσαι.
3a020b00d5	ὅ τε γὰρ ἁγιάζων καὶ οἱ ἁγιαζόμενοι ἐξ ἑνὸς πάντες· δι᾽ ἣν αἰτίαν οὐκ ἐπαισχύνεται ἀδελφοὺς αὐτοὺς καλεῖν,
3a020c0094	λέγων, Ἀπαγγελῶ τὸ ὄνομά σου τοῖς ἀδελφοῖς μου, ἐν μέσῳ ἐκκλησίας ὑμνήσω σε.
3a020d00bb	καὶ πάλιν, Ἐγὼ ἔσομαι πεποιθὼς ἐπ᾽ αὐτῷ. καὶ πάλιν, Ἰδοὺ ἐγὼ καὶ τὰ παιδία ἅ μοι ἔδωκεν ὁ θεός.
3a020e0160	ἐπεὶ οὖν τὰ παιδία κεκοινώνηκεν αἵματος καὶ σαρκός, καὶ αὐτὸς παραπλησίως μετέσχεν τῶν αὐτῶν, ἵνα διὰ τοῦ θανάτου καταργήσῃ τὸν τὸ κράτος ἔχοντα τοῦ θανάτου, τουτέστιν τὸν διάβολον,
3a020f009d	καὶ ἀπαλλάξῃ τούτους, ὅσοι φόβῳ θανάτου διὰ παντὸς τοῦ ζῇν ἔνοχοι ἦσαν δουλείας.
3a0210008f	οὐ γὰρ δήπου ἀγγέλων ἐπιλαμβάνεται, ἀλλὰ σπέρματος Ἀβραὰμ ἐπιλαμβάνεται.
3a02110128	ὅθεν ὤφειλεν κατὰ πάντα τοῖς ἀδελφοῖς ὁμοιωθῆναι, ἵνα ἐλεήμων γένηται καὶ πιστὸς ἀρχιερεὺς τὰ πρὸς τὸν θεόν, εἰς τὸ ἱλάσκεσθαι τὰς ἁμαρτίας τοῦ λαοῦ.
3a0212008c	ἐν ᾧ γὰρ πέπονθεν αὐτὸς πειρασθείς, δύναται τοῖς πειραζομένοις βοηθῆσαι.
3a030100e1	Ὅθεν, ἀδελφοὶ ἅγιοι, κλήσεως ἐπουρανίου μέτοχοι, κατανοήσατε τὸν ἀπόστολον καὶ ἀρχιερέα τῆς ὁμολογίας ἡμῶν Ἰησοῦν,
3a03020087	πιστὸν ὄντα τῷ ποιήσαντι αὐτόν, ὡς καὶ Μωυσῆς ἐν ὅλῳ τῷ οἴκῳ αὐτοῦ.
3a030300d0	πλείονος γὰρ οὗτος δόξης παρὰ Μωυσῆν ἠξίωται, καθ᾽ ὅσον πλείονα τιμὴν ἔχει τοῦ οἴκου ὁ κατασκευάσας αὐτόν·
3a03040085	πᾶς γὰρ οἶκος κατασκευάζεται ὑπό τινος, ὁ δὲ πάντα κατασκευάσας, θεός.
3a030500ae	καὶ Μωυσῆς μὲν πιστὸς ἐν ὅλῳ τῷ οἴκῳ αὐτοῦ, ὡς θεράπων, εἰς μαρτύριον τῶν λαληθησομένων,
3a03060115	χριστὸς δέ, ὡς υἱὸς ἐπὶ τὸν οἶκον αὐτοῦ, οὗ οἶκός ἐσμεν ἡμεῖς, ἐὰν τὴν παῤῥησίαν καὶ τὸ καύχημα τῆς ἐλπίδος μέχρι τέλους βεβαίαν κατάσχωμεν.
3a03070091	Διό, καθὼς λέγει τὸ πνεῦμα τὸ ἅγιον, Σήμερον ἐὰν τῆς φωνῆς αὐτοῦ ἀκούσητε,
3a030800c0	μὴ σκληρύνητε τὰς καρδίας ὑμῶν, ὡς ἐν τῷ παραπικρασμῷ, κατὰ τὴν ἡμέραν τοῦ πειρασμοῦ ἐν τῇ ἐρήμῳ,
3a03090080	οὗ ἐπείρασαν οἱ πατέρες ὑμῶν, ἐν δοκιμασίᾳ, καὶ εἶδον τὰ ἔργα μου
3a030a00ee	τεσσεράκοντα ἔτη· διὸ προσώχθισα τῇ γενεᾷ ταύτῃ, καὶ εἶπον, Ἀεὶ πλανῶνται τῇ καρδίᾳ· αὐτοὶ δὲ οὐκ ἔγνωσαν τὰς ὁδούς μου·
3a030b0080	ὡς ὤμοσα ἐν τῇ ὀργῇ μου, Εἰ εἰσελεύσονται εἰς τὴν κατάπαυσίν μου·
3a030c00c6	βλέπετε, ἀδελφοί, μή ποτε ἔσται ἔν τινι ὑμῶν καρδία πονηρὰ ἀπιστίας, ἐν τῷ ἀποστῆναι ἀπὸ θεοῦ ζῶντος·
3a030d00f9	ἀλλὰ παρακαλεῖτε ἑαυτοὺς καθ᾽ ἑκάστην ἡμέραν, ἄχρις οὗ τὸ σήμερον καλεῖται, ἵνα μὴ σκληρυνθῇ τις ἐξ ὑμῶν ἀπάτῃ τῆς ἁμαρτίας·
3a030e00c2	μέτοχοι γὰρ τοῦ χριστοῦ γεγόναμεν, ἐάν περ τὴν ἀρχὴν τῆς ὑποστάσεως μέχρι τέλους βεβαίαν κατάσχωμεν·
3a030f00d4	ἐν τῷ λέγεσθαι, Σήμερον ἐὰν τῆς φωνῆς αὐτοῦ ἀκούσητε, μὴ σκληρύνητε τὰς καρδίας ὑμῶν, ὡς ἐν τῷ παραπικρασμῷ.
3a031000ac	τίνες γὰρ ἀκούσαντες παρεπίκραναν; ἀλλ᾽ οὐ πάντες οἱ ἐξελθόντες ἐξ Αἰγύπτου διὰ Μωυσέως;
3a031100b5	τίσιν δὲ προσώχθισεν τεσσεράκοντα ἔτη; οὐχὶ τοῖς ἁμαρτήσασιν, ὧν τὰ κῶλα ἔπεσεν ἐν τῇ ἐρήμῳ;
3a031200a2	τίσιν δὲ ὤμοσεν μὴ εἰσελεύσεσθαι εἰς τὴν κατάπαυσιν αὐτοῦ, εἰ μὴ τοῖς ἀπειθήσασιν;
3a0313006e	καὶ βλέπομεν ὅτι οὐκ ἠδυνήθησαν εἰσελθεῖν δι᾽ ἀπιστίαν.
3a040100df	Φοβηθῶμεν οὖν μή ποτε καταλειπομένης ἐπαγγελίας εἰσελθεῖν εἰς τὴν κατάπαυσιν αὐτοῦ, δοκῇ τις ἐξ ὑμῶν ὑστερηκέναι.
3a04020112	καὶ γάρ ἐσμεν εὐηγγελισμένοι, καθάπερ κἀκεῖνοι· ἀλλ᾽ οὐκ ὠφέλησεν ὁ λόγος τῆς ἀκοῆς ἐκείνους, μὴ συγκεκερασμένους τῇ πίστει τοῖς ἀκούσασιν.
3a04030165	εἰσερχόμεθα γὰρ εἰς [τὴν] κατάπαυσιν οἱ πιστεύσαντες, καθὼς εἴρηκεν, Ὡς ὤμοσα ἐν τῇ ὀργῇ μου, Εἰ εἰσελεύσονται εἰς τὴν κατάπαυσίν μου· καίτοι τῶν ἔργων ἀπὸ καταβολῆς κόσμου γενηθέντων.
3a040400dd	εἴρηκεν γάρ που περὶ τῆς ἑβδόμης οὕτως, Καὶ κατέπαυσεν ὁ θεὸς ἐν τῇ ἡμέρᾳ τῇ ἑβδόμῃ ἀπὸ πάντων τῶν ἔργων αὐτοῦ.
3a04050074	καὶ ἐν τούτῳ πάλιν, Εἰ εἰσελεύσονται εἰς τὴν κατάπαυσίν μου.
3a040600d7	ἐπεὶ οὖν ἀπολείπεται τινὰς εἰσελθεῖν εἰς αὐτήν, καὶ οἱ πρότερον εὐαγγελισθέντες οὐκ εἰσῆλθον δι᾽ ἀπείθειαν,
3a04070137	πάλιν τινὰ ὁρίζει ἡμέραν, Σήμερον, ἐν Δαυεὶδ λέγων, μετὰ τοσοῦτον χρόνον, καθὼς προείρηται, Σήμερον ἐὰν τῆς φωνῆς αὐτοῦ ἀκούσητε, μὴ σκληρύνητε τὰς καρδίας ὑμῶν.
3a04080099	εἰ γὰρ αὐτοὺς Ἰησοῦς κατέπαυσεν, οὐκ ἂν περὶ ἄλλης ἐλάλει μετὰ ταῦτα ἡμέρας·
3a04090058	ἄρα ἀπολείπεται σαββατισμὸς τῷ λαῷ τοῦ θεοῦ.
3a040a00dd	ὁ γὰρ εἰσελθὼν εἰς τὴν κατάπαυσιν αὐτοῦ, καὶ αὐτὸς κατέπαυσεν ἀπὸ τῶν ἔργων αὐτοῦ, ὥσπερ ἀπὸ τῶν ἰδίων ὁ θεός.
3a040b00d4	Σπουδάσωμεν οὖν εἰσελθεῖν εἰς ἐκείνην τὴν κατάπαυσιν, ἵνα μὴ ἐν τῷ αὐτῷ τις ὑποδείγματι πέσῃ τῆς ἀπειθείας.
3a040c0186	ζῶν γὰρ ὁ λόγος τοῦ θεοῦ καὶ ἐνεργὴς καὶ τομώτερος ὑπὲρ πᾶσαν μάχαιραν δίστομον, καὶ διϊκνούμενος ἄχρι μερισμοῦ ψυχῆς καὶ πνεύματος, ἁρμῶν τε καὶ μυελῶν, καὶ κριτικὸς ἐνθυμήσεων καὶ ἐννοιῶν καρδίας·
3a040d00f0	καὶ οὐκ ἔστιν κτίσις ἀφανὴς ἐνώπιον αὐτοῦ· πάντα δὲ γυμνὰ καὶ τετραχηλισμένα τοῖς ὀφθαλμοῖς αὐτοῦ, πρὸς ὃν ἡμῖν ὁ λόγος.
3a040e00cd	Ἔχοντες οὖν ἀρχιερέα μέγαν, διεληλυθότα τοὺς οὐρανούς, Ἰησοῦν τὸν υἱὸν τοῦ θεοῦ, κρατῶμεν τῆς ὁμολογίας.
3a040f00fc	οὐ γὰρ ἔχομεν ἀρχιερέα μὴ δυνάμενον συμπαθῆσαι ταῖς ἀσθενείαις ἡμῶν, πεπειρασμένον δὲ κατὰ πάντα καθ᾽ ὁμοιότητα, χωρὶς ἁμαρτίας.
3a041000dc	προσερχώμεθα οὖν μετὰ παῤῥησίας τῷ θρόνῳ τῆς χάριτος, ἵνα λάβωμεν ἔλεος, καὶ χάριν εὕρωμεν εἰς εὔκαιρον βοήθειαν.
3a05010109	Πᾶς γὰρ ἀρχιερεὺς ἐξ ἀνθρώπων λαμβανόμενος, ὑπὲρ ἀνθρώπων καθίσταται τὰ πρὸς τὸν θεόν, ἵνα προσφέρῃ δῶρά [τε] καὶ θυσίας ὑπὲρ ἁμαρτιῶν,
3a050200b6	μετριοπαθεῖν δυνάμενος τοῖς ἀγνοοῦσιν καὶ πλανωμένοις, ἐπεὶ καὶ αὐτὸς περίκειται ἀσθένειαν·
3a050300b6	καὶ δι᾽ αὐτὴν ὀφείλει, καθὼς περὶ τοῦ λαοῦ, οὕτως καὶ περὶ ἑαυτοῦ προσφέρειν περὶ ἁμαρτιῶν.
3a050400ab	καὶ οὐχ ἑαυτῷ τις λαμβάνει τὴν τιμήν, ἀλλὰ καλούμενος ὑπὸ τοῦ θεοῦ, καθώς περ καὶ Ἀαρών.
3a050500fa	οὕτως καὶ ὁ χριστὸς οὐχ ἑαυτὸν ἐδόξασεν γενηθῆναι ἀρχιερέα, ἀλλ᾽ ὁ λαλήσας πρὸς αὐτόν, Υἱός μου εἶ σύ, ἐγὼ σήμερον γεγέννηκά σε.
3a05060097	καθὼς καὶ ἐν ἑτέρῳ λέγει, Σὺ ἱερεὺς εἰς τὸν αἰῶνα κατὰ τὴν τάξιν Μελχισεδέκ.
3a05070171	ὃς ἐν ταῖς ἡμέραις τῆς σαρκὸς αὐτοῦ, δεήσεις τε καὶ ἱκετηρίας πρὸς τὸν δυνάμενον σώζειν αὐτὸν ἐκ θανάτου, μετὰ κραυγῆς ἰσχυρᾶς καὶ δακρύων προσενέγκας, καὶ εἰσακουσθεὶς ἀπὸ τῆς εὐλαβείας,
3a05080062	καί περ ὢν υἱός, ἔμαθεν ἀφ᾽ ὧν ἔπαθεν τὴν ὑπακοήν,
3a05090097	καὶ τελειωθεὶς ἐγένετο πᾶσιν τοῖς ὑπακούουσιν αὐτῷ αἴτιος σωτηρίας αἰωνίου·
3a050a0080	προσαγορευθεὶς ὑπὸ τοῦ θεοῦ ἀρχιερεὺς κατὰ τὴν τάξιν Μελχισεδέκ.
3a050b00aa	περὶ οὗ πολὺς ἡμῖν ὁ λόγος καὶ δυσερμήνευτος λέγειν, ἐπεὶ νωθροὶ γεγόνατε ταῖς ἀκοαῖς.
3a050c0182	καὶ γὰρ ὀφείλοντες εἶναι διδάσκαλοι διὰ τὸν χρόνον, πάλιν χρείαν ἔχετε τοῦ διδάσκειν ὑμᾶς τίνα τὰ στοιχεῖα τῆς ἀρχῆς τῶν λογίων τοῦ θεοῦ, καὶ γεγόνατε χρείαν ἔχοντες γάλακτος [καὶ] οὐ στερεᾶς τροφῆς.
3a050d0089	πᾶς γὰρ ὁ μετέχων γάλακτος ἄπειρος λόγου δικαιοσύνης· νήπιος γάρ ἐστιν·
3a050e00e7	τελείων δέ ἐστιν ἡ στερεὰ τροφή, τῶν διὰ τὴν ἕξιν τὰ αἰσθητήρια γεγυμνασμένα ἐχόντων πρὸς διάκρισιν καλοῦ τε καὶ κακοῦ.
3a06010131	Διὸ ἀφέντες τὸν τῆς ἀρχῆς τοῦ χριστοῦ λόγον, ἐπὶ τὴν τελειότητα φερώμεθα· μὴ πάλιν θεμέλιον καταβαλλόμενοι μετανοίας ἀπὸ νεκρῶν ἔργων, καὶ πίστεως ἐπὶ θεόν,
3a060200a2	βαπτισμῶν διδαχῆς, ἐπιθέσεώς τε χειρῶν, ἀναστάσεώς [τε] νεκρῶν, καὶ κρίματος αἰωνίου.
3a06030057	καὶ τοῦτο ποιήσομεν, ἐάν περ ἐπιτρέπῃ ὁ θεός.
3a060400e4	ἀδύνατον γὰρ τοὺς ἅπαξ φωτισθέντας, γευσαμένους τε τῆς δωρεᾶς τῆς ἐπουρανίου, καὶ μετόχους γενηθέντας πνεύματος ἁγίου,
3a06050079	καὶ καλὸν γευσαμένους θεοῦ ῥῆμα, δυνάμεις τε μέλλοντος αἰῶνος,
3a060600e5	καὶ παραπεσόντας, πάλιν ἀνακαινίζειν εἰς μετάνοιαν, ἀνασταυροῦντας ἑαυτοῖς τὸν υἱὸν τοῦ θεοῦ καὶ παραδειγματίζοντας.
3a06070130	γῆ γὰρ ἡ πιοῦσα τὸν ἐπ᾽ αὐτῆς ἐρχόμενον πολλάκις ὑετόν, καὶ τίκτουσα βοτάνην εὔθετον ἐκείνοις δι᾽ οὓς καὶ γεωργεῖται, μεταλαμβάνει εὐλογίας ἀπὸ τοῦ θεοῦ·
3a060800a9	ἐκφέρουσα δὲ ἀκάνθας καὶ τριβόλους, ἀδόκιμος καὶ κατάρας ἐγγύς, ἧς τὸ τέλος εἰς καῦσιν.
3a060900b3	Πεπείσμεθα δὲ περὶ ὑμῶν, ἀγαπητοί, τὰ κρείσσονα καὶ ἐχόμενα σωτηρίας, εἰ καὶ οὕτως λαλοῦμεν.
3a060a011b	οὐ γὰρ ἄδικος ὁ θεὸς ἐπιλαθέσθαι τοῦ ἔργου ὑμῶν, καὶ τῆς ἀγάπης ἧς ἐνεδείξασθε εἰς τὸ ὄνομα αὐτοῦ, διακονήσαντες τοῖς ἁγίοις καὶ διακονοῦντες.
3a060b00d2	ἐπιθυμοῦμεν δὲ ἕκαστον ὑμῶν τὴν αὐτὴν ἐνδείκνυσθαι σπουδὴν πρὸς τὴν πληροφορίαν τῆς ἐλπίδος ἄχρι τέλους·
3a060c00bb	ἵνα μὴ νωθροὶ γένησθε, μιμηταὶ δὲ τῶν διὰ πίστεως καὶ μακροθυμίας κληρονομούντων τὰς ἐπαγγελίας.
3a060d00c2	τῷ γὰρ Ἀβραὰμ ἐπαγγειλάμενος ὁ θεός, ἐπεὶ κατ᾽ οὐδενὸς εἶχεν μείζονος ὀμόσαι, ὤμοσεν καθ᾽ ἑαυτοῦ,
3a060e0072	λέγων, Εἰ μὴν εὐλογῶν εὐλογήσω σε, καὶ πληθύνων πληθυνῶ σε·
3a060f005d	καὶ οὕτως μακροθυμήσας ἐπέτυχεν τῆς ἐπαγγελίας.
3a061000c1	ἄνθρωποι γὰρ κατὰ τοῦ μείζονος ὀμνύουσιν, καὶ πάσης αὐτοῖς ἀντιλογίας πέρας εἰς βεβαίωσιν ὁ ὅρκος·
3a061100fd	ἐν ᾧ περισσότερον βουλόμενος ὁ θεὸς ἐπιδεῖξαι τοῖς κληρονόμοις τῆς ἐπαγγελίας τὸ ἀμετάθετον τῆς βουλῆς αὐτοῦ, ἐμεσίτευσεν ὅρκῳ,
3a06120113	ἵνα διὰ δύο πραγμάτων ἀμεταθέτων, ἐν οἷς ἀδύνατον ψεύσασθαι θεόν, ἰσχυρὰν παράκλησιν ἔχωμεν οἱ καταφυγόντες κρατῆσαι τῆς προκειμένης ἐλπίδος·
3a061300d2	ἣν ὡς ἄγκυραν ἔχομεν τῆς ψυχῆς ἀσφαλήν τε καὶ βεβαίαν, καὶ εἰσερχομένην εἰς τὸ ἐσώτερον τοῦ καταπετάσματος,
3a061400ce	ὅπου πρόδρομος ὑπὲρ ἡμῶν εἰσῆλθεν Ἰησοῦς, κατὰ τὴν τάξιν Μελχισεδὲκ ἀρχιερεὺς γενόμενος εἰς τὸν αἰῶνα.
3a07010128	Οὗτος γὰρ ὁ Μελχισεδέκ, βασιλεὺς Σαλήμ, ἱερεὺς τοῦ θεοῦ τοῦ ὑψίστου, ὃς συναντήσας Ἀβραὰμ ὑποστρέφοντι ἀπὸ τῆς κοπῆς τῶν βασιλέων καὶ εὐλογήσας αὐτόν,
3a0702011a	ᾧ καὶ δεκάτην ἀπὸ πάντων ἐμέρισεν Ἀβραάμ, πρῶτον μὲν ἑρμηνευόμενος βασιλεὺς δικαιοσύνης, ἔπειτα δὲ καὶ βασιλεὺς Σαλήμ, ὅ ἐστιν βασιλεὺς εἰρήνης,
3a07030104	ἀπάτωρ, ἀμήτωρ, ἀγενεαλόγητος, μήτε ἀρχὴν ἡμερῶν μήτε ζωῆς τέλος ἔχων, ἀφωμοιωμένος δὲ τῷ υἱῷ τοῦ θεοῦ, μένει ἱερεὺς εἰς τὸ διηνεκές.
3a070400a1	θεωρεῖτε δὲ πηλίκος οὗτος, ᾧ δεκάτην Ἀβραὰμ ἔδωκεν ἐκ τῶν ἀκροθινίων ὁ πατριάρχης.
3a07050169	καὶ οἱ μὲν ἐκ τῶν υἱῶν Λευεῒ τὴν ἱερατείαν λαμβάνοντες ἐντολὴν ἔχουσιν ἀποδεκατοῖν τὸν λαὸν κατὰ τὸν νόμον, τουτέστιν, τοὺς ἀδελφοὺς αὐτῶν, καί περ ἐξεληλυθότας ἐκ τῆς ὀσφύος Ἀβραάμ.
3a070600ba	ὁ δὲ μὴ γενεαλογούμενος ἐξ αὐτῶν δεδεκάτωκεν Ἀβραάμ· καὶ τὸν ἔχοντα τὰς ἐπαγγελίας εὐλόγηκεν·
3a07070087	χωρὶς δὲ πάσης ἀντιλογίας, τὸ ἔλαττον ὑπὸ τοῦ κρείττονος εὐλογεῖται.
3a070800a7	καὶ ὧδε μὲν δεκάτας ἀποθνήσκοντες ἄνθρωποι λαμβάνουσιν, ἐκεῖ δὲ μαρτυρούμενος ὅτι ζῇ.
3a07090092	καὶ, ὡς ἔπος εἰπεῖν, δι᾽ Ἀβραὰμ καὶ Λευεὶς ὁ δεκάτας λαμβάνων δεδεκάτωται·
3a070a0082	ἔτι γὰρ ἐν τῇ ὀσφύϊ τοῦ πατρὸς ἦν, ὅτε συνήντησεν αὐτῷ Μελχισεδέκ.
3a070b0178	εἰ μὲν οὖν τελείωσις διὰ τῆς Λευϊτικῆς ἱερωσύνης ἦν, (ὁ λαὸς γὰρ ἐπ᾽ αὐτῆς νενομοθέτηται,) τίς ἔτι χρεία κατὰ τὴν τάξιν Μελχισεδὲκ ἕτερον ἀνίστασθαι ἱερέα καὶ οὐ κατὰ τὴν τάξιν Ἀαρὼν λέγεσθαι;
3a070c008a	μετατιθεμένης γὰρ τῆς ἱερωσύνης ἐξ ἀνάγκης καὶ νόμου μετάθεσις γίνεται.
3a070d00b7	ἐφ᾽ ὃν γὰρ λέγεται ταῦτα, φυλῆς ἑτέρας μετέσχηκεν, ἀφ᾽ ἧς οὐδεὶς προσέσχηκεν τῷ θυσιαστηρίῳ·
3a070e00c7	πρόδηλον γὰρ ὅτι ἐξ Ἰούδα ἀνατέταλκεν ὁ κύριος ἡμῶν, εἰς ἣν φυλὴν περὶ ἱερέων οὐδὲν Μωυσῆς ἐλάλησεν.
3a070f00bc	καὶ περισσότερον ἔτι κατάδηλόν ἐστιν, εἰ κατὰ τὴν ὁμοιότητα Μελχισεδὲκ ἀνίσταται ἱερεὺς ἕτερος,
3a07100098	ὃς οὐ κατὰ νόμον ἐντολῆς σαρκίνης γέγονεν, ἀλλὰ κατὰ δύναμιν ζωῆς ἀκαταλύτου·
3a0711008c	μαρτυρεῖται γὰρ ὅτι Σὺ ἱερεὺς εἰς τὸν αἰῶνα κατὰ τὴν τάξιν Μελχισεδέκ.
3a0712009f	ἀθέτησις μὲν γὰρ γίνεται προαγούσης ἐντολῆς, διὰ τὸ αὐτῆς ἀσθενὲς καὶ ἀνωφελές·
3a071300ae	Οὐδὲν γὰρ ἐτελείωσεν ὁ νόμος, ἐπεισαγωγὴ δὲ κρείττονος ἐλπίδος, δι᾽ ἧς ἐγγίζομεν τῷ θεῷ.
3a071400ac	καὶ καθ᾽ ὅσον οὐ χωρὶς ὁρκωμοσίας (οἱ μὲν γὰρ χωρὶς ὁρκωμοσίας εἰσὶν ἱερεῖς γεγονότες,
3a071500df	ὁ δέ, μετὰ ὁρκωμοσίας, διὰ τοῦ λέγοντος πρὸς αὐτόν, Ὤμοσεν κύριος καὶ οὐ μεταμεληθήσεται, Σὺ ἱερεὺς εἰς τὸν αἰῶνα,)
3a0716006c	κατὰ τοσοῦτο κρείττονος διαθήκης γέγονεν ἔγγυος Ἰησοῦς.
3a0717009b	καὶ οἱ μὲν πλείονές εἰσιν γεγονότες ἱερεῖς, διὰ τὸ θανάτῳ κωλύεσθαι παραμένειν·
3a0718008d	ὁ δέ, διὰ τὸ μένειν αὐτὸν εἰς τὸν αἰῶνα, ἀπαράβατον ἔχει τὴν ἱερωσύνην·
3a071900ee	ὅθεν καὶ σώζειν εἰς τὸ παντελὲς δύναται τοὺς προσερχομένους δι᾽ αὐτοῦ τῷ θεῷ, πάντοτε ζῶν εἰς τὸ ἐντυγχάνειν ὑπὲρ αὐτῶν.
3a071a010c	τοιοῦτος γὰρ ἡμῖν καὶ ἔπρεπεν ἀρχιερεύς, ὅσιος, ἄκακος, ἀμίαντος, κεχωρισμένος ἀπὸ τῶν ἁμαρτωλῶν, καὶ ὑψηλότερος τῶν οὐρανῶν γενόμενος·
3a071b0155	ὃς οὐκ ἔχει καθ᾽ ἡμέραν ἀνάγκην, ὥσπερ οἱ ἀρχιερεῖς, πρότερον ὑπὲρ τῶν ἰδίων ἁμαρτιῶν θυσίας ἀναφέρειν, ἔπειτα τῶν τοῦ λαοῦ· τοῦτο γὰρ ἐποίησεν ἐφ᾽ ἅπαξ, ἑαυτὸν ἀνενέγκας.
3a071c0115	ὁ νόμος γὰρ ἀνθρώπους καθίστησιν ἀρχιερεῖς ἔχοντας ἀσθένειαν, ὁ λόγος δὲ τῆς ὁρκωμοσίας τῆς μετὰ τὸν νόμον υἱὸν εἰς τὸν αἰῶνα τετελειωμένον.
3a080100f6	Κεφάλαιον δὲ ἐπὶ τοῖς λεγομένοις, τοιοῦτον ἔχομεν ἀρχιερέα, ὃς ἐκάθισεν ἐν δεξιᾷ τοῦ θρόνου τῆς μεγαλωσύνης ἐν τοῖς οὐρανοῖς,
3a080200a4	τῶν ἁγίων λειτουργὸς καὶ τῆς σκηνῆς τῆς ἀληθινῆς, ἣν ἔπηξεν ὁ κύριος, οὐκ ἄνθρωπος.
3a080300e3	πᾶς γὰρ ἀρχιερεὺς εἰς τὸ προσφέρειν δῶρά τε καὶ θυσίας καθίσταται· ὅθεν ἀναγκαῖον ἔχειν τι καὶ τοῦτον ὃ προσενέγκῃ.
3a080400a6	εἰ μὲν οὖν ἦν ἐπὶ γῆς, οὐδ᾽ ἂν ἦν ἱερεύς, ὄντων τῶν προσφερόντων κατὰ νόμον τὰ δῶρα,
3a0805016b	οἵτινες ὑποδείγματι καὶ σκιᾷ λατρεύουσιν τῶν ἐπουρανίων, καθὼς κεχρημάτισται Μωυσῆς μέλλων ἐπιτελεῖν τὴν σκηνήν, Ὅρα, γάρ φησιν, ποιήσεις πάντα κατὰ τὸν τύπον τὸν δειχθέντα σοι ἐν τῷ ὄρει·
3a08060100	νυνὶ δὲ διαφορωτέρας τέτευχεν λειτουργίας, ὅσῳ καὶ κρείττονός ἐστιν διαθήκης μεσίτης, ἥτις ἐπὶ κρείττοσιν ἐπαγγελίαις νενομοθέτηται.
3a08070081	εἰ γὰρ ἡ πρώτη ἐκείνη ἦν ἄμεμπτος, οὐκ ἂν δευτέρας ἐζητεῖτο τόπος.
3a08080113	μεμφόμενος γὰρ αὐτοῖς λέγει, Ἰδού, ἡμέραι ἔρχονται, λέγει κύριος, καὶ συντελέσω ἐπὶ τὸν οἶκον Ἰσραὴλ καὶ ἐπὶ τὸν οἶκον Ἰούδα διαθήκην καινήν,
3a0809019a	οὐ κατὰ τὴν διαθήκην ἣν ἐποίησα τοῖς πατράσιν αὐτῶν ἐν ἡμέρᾳ ἐπιλαβομένου μου τῆς χειρὸς αὐτῶν, ἐξαγαγεῖν αὐτοὺς ἐκ γῆς Αἰγύπτου, ὅτι αὐτοὶ οὐκ ἐνέμειναν ἐν τῇ διαθήκῃ μου, κἀγὼ ἠμέλησα αὐτῶν, λέγει κύριος.
3a080a01be	ὅτι αὕτη ἡ διαθήκη ἣν διαθήσομαι τῷ οἴκῳ Ἰσραὴλ μετὰ τὰς ἡμέρας ἐκείνας, λέγει κύριος, διδοὺς νόμους μου εἰς τὴν διάνοιαν αὐτῶν, καὶ ἐπὶ καρδίας αὐτῶν ἐπιγράψω αὐτούς· καὶ ἔσομαι αὐτοῖς εἰς θεόν, καὶ αὐτοὶ ἔσονταί μοι εἰς λαόν.
3a080b0136	καὶ οὐ μὴ διδάξωσιν ἕκαστος τὸν πολίτην αὐτοῦ, καὶ ἕκαστος τὸν ἀδελφὸν αὐτοῦ, λέγων, Γνῶθι τὸν κύριον, ὅτι πάντες εἰδήσουσίν με, ἀπὸ μικροῦ ἕως μεγάλου αὐτῶν·
3a080c009e	ὅτι ἵλεως ἔσομαι ταῖς ἀδικίαις αὐτῶν, καὶ τῶν ἁμαρτιῶν αὐτῶν οὐ μὴ μνησθῶ ἔτι.
3a080d00b7	ἐν τῷ λέγειν, Καινήν, πεπαλαίωκεν τὴν πρώτην· τὸ δὲ παλαιούμενον καὶ γηράσκον, ἐγγὺς ἀφανισμοῦ.
3a09010083	Εἶχεν μὲν οὖν [καὶ] ἡ πρώτη δικαιώματα λατρείας, τό τε ἅγιον κοσμικόν.
3a090200cd	σκηνὴ γὰρ κατεσκευάσθη ἡ πρώτη, ἐν ᾗ ἥ τε λυχνία καὶ ἡ τράπεζα καὶ ἡ πρόθεσις τῶν ἄρτων, ἥτις λέγεται ἅγια.
3a09030083	μετὰ δὲ τὸ δεύτερον καταπέτασμα σκηνὴ ἡ λεγομένη τὰ ἅγια τῶν ἁγίων,
3a0904016b	χρυσοῦν ἔχουσα θυμιατήριον, καὶ τὴν κιβωτὸν τῆς διαθήκης περικεκαλυμμένην πάντοθεν χρυσίῳ, ἐν ᾗ στάμνος χρυσῆ ἔχουσα τὸ μάννα, καὶ ἡ ῥάβδος Ἀαρὼν ἡ βλαστήσασα, καὶ αἱ πλάκες τῆς διαθήκης·
3a090500c9	ὑπεράνω δὲ αὐτῆς Χερουβεὶν δόξης, κατασκιάζοντα τὸ ἱλαστήριον, περὶ ὧν οὐκ ἔστιν νῦν λέγειν κατὰ μέρος.
3a090600e4	τούτων δὲ οὕτως κατεσκευασμένων, εἰς μὲν τὴν πρώτην σκηνὴν διὰ παντὸς εἰσίασιν οἱ ἱερεῖς τὰς λατρείας ἐπιτελοῦντες·
3a090700fd	εἰς δὲ τὴν δευτέραν ἅπαξ τοῦ ἐνιαυτοῦ μόνος ὁ ἀρχιερεύς, οὐ χωρὶς αἵματος, ὃ προσφέρει ὑπὲρ ἑαυτοῦ καὶ τῶν τοῦ λαοῦ ἀγνοημάτων·
3a090800e3	τοῦτο δηλοῦντος τοῦ πνεύματος τοῦ ἁγίου, μήπω πεφανερῶσθαι τὴν τῶν ἁγίων ὁδόν, ἔτι τῆς πρώτης σκηνῆς ἐχούσης στάσιν·
3a09090110	ἥτις παραβολὴ εἰς τὸν καιρὸν τὸν ἐνεστηκότα, καθ᾽ ἣν δῶρά τε καὶ θυσίαι προσφέρονται, μὴ δυνάμεναι κατὰ συνείδησιν τελειῶσαι τὸν λατρεύοντα,
3a090a00df	μόνον ἐπὶ βρώμασιν καὶ πόμασιν καὶ διαφόροις βαπτισμοῖς, [καὶ] δικαιώματα σαρκὸς μέχρι καιροῦ διορθώσεως ἐπικείμενα.
3a090b011e	Χριστὸς δὲ παραγενόμενος ἀρχιερεὺς τῶν μελλόντων ἀγαθῶν, διὰ τῆς μείζονος καὶ τελειοτέρας σκηνῆς, οὐ χειροποιήτου, τουτέστιν, οὐ ταύτης τῆς κτίσεως,
3a090c00ed	οὐδὲ δι᾽ αἵματος τράγων καὶ μόσχων, διὰ δὲ τοῦ ἰδίου αἵματος, εἰσῆλθεν ἐφ᾽ ἅπαξ εἰς τὰ ἅγια, αἰωνίαν λύτρωσιν εὑράμενος.
3a090d00ef	εἰ γὰρ τὸ αἷμα τράγων καὶ ταύρων καὶ σποδὸς δαμάλεως ῥαντίζουσα τοὺς κεκοινωμένους ἁγιάζει πρὸς τὴν τῆς σαρκὸς καθαρότητα,
3a090e0148	πόσῳ μᾶλλον τὸ αἷμα τοῦ χριστοῦ, ὃς διὰ πνεύματος αἰωνίου ἑαυτὸν προσήνεγκεν ἄμωμον τῷ θεῷ, καθαριεῖ τὴν συνείδησιν ὑμῶν ἀπὸ νεκρῶν ἔργων, εἰς τὸ λατρεύειν θεῷ ζῶντι;
3a090f0163	καὶ διὰ τοῦτο διαθήκης καινῆς μεσίτης ἐστίν, ὅπως θανάτου γενομένου εἰς ἀπολύτρωσιν τῶν ἐπὶ τῇ πρώτῃ διαθήκῃ παραβάσεων, τὴν ἐπαγγελίαν λάβωσιν οἱ κεκλημένοι τῆς αἰωνίου κληρονομίας.
3a0910006e	ὅπου γὰρ διαθήκη, θάνατον ἀνάγκη φέρεσθαι τοῦ διαθεμένου·
3a0911008c	διαθήκη γὰρ ἐπὶ νεκροῖς βεβαία, ἐπεὶ μή ποτε ἰσχύει ὅτε ζῇ ὁ διαθέμενος.
3a0912005c	ὅθεν οὐδὲ ἡ πρώτη χωρὶς αἵματος ἐγκεκαίνισται.
3a0913018a	λαληθείσης γὰρ πάσης ἐντολῆς κατὰ τὸν νόμον ὑπὸ Μωϋσέως παντὶ τῷ λαῷ, λαβὼν τὸ αἷμα τῶν μόσχων καὶ τῶν τράγων, μετὰ ὕδατος καὶ ἐρίου κοκκίνου καὶ ὑσσώπου, αὐτό τε τὸ βιβλίον καὶ πάντα τὸν λαὸν ἐράντισεν
3a09140080	λέγων, Τοῦτο τὸ αἷμα τῆς διαθήκης ἧς ἐνετείλατο πρὸς ὑμᾶς ὁ θεός·
3a0915009d	καὶ τὴν σκηνὴν δὲ καὶ πάντα τὰ σκεύη τῆς λειτουργίας τῷ αἵματι ὁμοίως ἐράντισεν.
3a091600bd	καὶ σχεδὸν ἐν αἵματι πάντα καθαρίζεται κατὰ τὸν νόμον, καὶ χωρὶς αἱματεκχυσίας οὐ γίνεται ἄφεσις.
3a091700f6	ἀνάγκη οὖν τὰ μὲν ὑποδείγματα τῶν ἐν τοῖς οὐρανοῖς τούτοις καθαρίζεσθαι, αὐτὰ δὲ τὰ ἐπουράνια κρείττοσιν θυσίαις παρὰ ταύτας.
3a09180123	οὐ γὰρ εἰς χειροποίητα εἰσῆλθεν ἅγια χριστός, ἀντίτυπα τῶν ἀληθινῶν, ἀλλ᾽ εἰς αὐτὸν τὸν οὐρανόν, νῦν ἐμφανισθῆναι τῷ προσώπῳ τοῦ θεοῦ ὑπὲρ ἡμῶν·
3a091900dd	οὐδ᾽ ἵνα πολλάκις προσφέρῃ ἑαυτόν, ὥσπερ ὁ ἀρχιερεὺς εἰσέρχεται εἰς τὰ ἅγια κατ᾽ ἐνιαυτὸν ἐν αἵματι ἀλλοτρίῳ·
3a091a0130	ἐπεὶ ἔδει αὐτὸν πολλάκις παθεῖν ἀπὸ καταβολῆς κόσμου, νυνὶ δὲ ἅπαξ ἐπὶ συντελείᾳ τῶν αἰώνων, εἰς ἀθέτησιν τῆς ἁμαρτίας, διὰ τῆς θυσίας αὐτοῦ πεφανέρωται.
3a091b0097	καὶ καθ᾽ ὅσον ἀπόκειται τοῖς ἀνθρώποις ἅπαξ ἀποθανεῖν, μετὰ δὲ τοῦτο κρίσις,
3a091c0129	οὕτως καὶ ὁ χριστὸς ἅπαξ προσενεχθεὶς εἰς τὸ πολλῶν ἀνενεγκεῖν ἁμαρτίας, ἐκ δευτέρου χωρὶς ἁμαρτίας ὀφθήσεται τοῖς αὐτὸν ἀπεκδεχομένοις εἰς σωτηρίαν.
3a0a010182	Σκιὰν γὰρ ἔχων ὁ νόμος τῶν μελλόντων ἀγαθῶν, οὐκ αὐτὴν τὴν εἰκόνα τῶν πραγμάτων, κατ᾽ ἐνιαυτὸν ταῖς αὐταῖς θυσίαις ἃς προσφέρουσιν εἰς τὸ διηνεκὲς οὐδέποτε δύνανται τοὺς προσερχομένους τελειῶσαι·
3a0a0200ef	ἐπεὶ οὐκ ἂν ἐπαύσαντο προσφερόμεναι, διὰ τὸ μηδεμίαν ἔχειν ἔτι συνείδησιν ἁμαρτιῶν τοὺς λατρεύοντας, ἅπαξ κεκαθαρισμένους;
3a0a030064	ἀλλ᾽ ἐν αὐταῖς ἀνάμνησις ἁμαρτιῶν κατ᾽ ἐνιαυτόν·
3a0a04006b	ἀδύνατον γὰρ αἷμα ταύρων καὶ τράγων ἀφαιρεῖν ἁμαρτίας.
3a0a0500ba	διὸ εἰσερχόμενος εἰς τὸν κόσμον λέγει, Θυσίαν καὶ προσφορὰν οὐκ ἠθέλησας, σῶμα δὲ κατηρτίσω μοι·
3a0a06005b	ὁλοκαυτώματα καὶ περὶ ἁμαρτίας οὐκ ηὐδόκησας·
3a0a0700ba	τότε εἶπον, Ἰδοὺ ἥκω (ἐν κεφαλίδι βιβλίου γέγραπται περὶ ἐμοῦ) τοῦ ποιῆσαι, ὁ θεός, τὸ θέλημά σου.
3a0a08010d	Ἀνώτερον λέγων ὅτι Θυσίας καὶ προσφορὰς καὶ ὁλοκαυτώματα καὶ περὶ ἁμαρτίας οὐκ ἠθέλησας, οὐδὲ ηὐδόκησας, αἵτινες κατὰ νόμον προσφέρονται,
3a0a0900b3	τότε εἴρηκεν, Ἰδοὺ ἥκω τοῦ ποιῆσαι, τὸ θέλημά σου. ἀναιρεῖ τὸ πρῶτον, ἵνα τὸ δεύτερον στήσῃ·
3a0a0a00ac	ἐν ᾧ θελήματι ἡγιασμένοι ἐσμὲν διὰ τῆς προσφορᾶς τοῦ σώματος Ἰησοῦ χριστοῦ ἐφ᾽᾽ ἅπαξ.
3a0a0b010e	Καὶ πᾶς μὲν ἱερεὺς ἕστηκεν καθ᾽ ἡμέραν λειτουργῶν καὶ τὰς αὐτὰς πολλάκις προσφέρων θυσίας, αἵτινες οὐδέποτε δύνανται περιελεῖν ἁμαρτίας·
3a0a0c00b3	οὗτος δὲ μίαν ὑπὲρ ἁμαρτιῶν προσενέγκας θυσίαν εἰς τὸ διηνεκὲς ἐκάθισεν ἐν δεξιᾷ τοῦ θεοῦ,
3a0a0d009b	τὸ λοιπὸν ἐκδεχόμενος ἕως τεθῶσιν οἱ ἐχθροὶ αὐτοῦ ὑποπόδιον τῶν ποδῶν αὐτοῦ.
3a0a0e007d	μιᾷ γὰρ προσφορᾷ τετελείωκεν εἰς τὸ διηνεκὲς τοὺς ἁγιαζομένους.
3a0a0f007f	μαρτυρεῖ δὲ ἡμῖν καὶ τὸ πνεῦμα τὸ ἅγιον· μετὰ γὰρ τὸ εἰρηκέναι,
3a0a10013b	Αὕτη ἡ διαθήκη ἣν διαθήσομαι πρὸς αὐτοὺς μετὰ τὰς ἡμέρας ἐκείνας, λέγει κύριος, διδοὺς νόμους μου ἐπὶ καρδίας αὐτῶν, καὶ ἐπὶ τὴν διάνοιαν αὐτῶν ἐπιγράψω αὐτούς·
3a0a110089	καί, Τῶν ἁμαρτιῶν αὐτῶν καὶ τῶν ἀνομιῶν αὐτῶν οὐ μὴ μνησθήσομαι ἔτι.
3a0a120068	ὅπου δὲ ἄφεσις τούτων, οὐκέτι προσφορὰ περὶ ἁμαρτίας.
3a0a13009a	Ἔχοντες οὖν, ἀδελφοί, παῤῥησίαν εἰς τὴν εἴσοδον τῶν ἁγίων ἐν τῷ αἵματι Ἰησοῦ,
3a0a1400c1	ἣν ἐνεκαίνισεν ἡμῖν ὁδὸν πρόσφατον καὶ ζῶσαν, διὰ τοῦ καταπετάσματος, τουτέστιν, τῆς σαρκὸς αὐτοῦ,
3a0a15004e	καὶ ἱερέα μέγαν ἐπὶ τὸν οἶκον τοῦ θεοῦ,
3a0a16011c	προσερχώμεθα μετὰ ἀληθινῆς καρδίας ἐν πληροφορίᾳ πίστεως, ῥεραντισμένοι τὰς καρδίας ἀπὸ συνειδήσεως πονηρᾶς, καὶ λελουμένοι τὸ σῶμα ὕδατι καθαρῷ,
3a0a170092	κατέχωμεν τὴν ὁμολογίαν τῆς ἐλπίδος ἀκλινῆ, (πιστὸς γὰρ ὁ ἐπαγγειλάμενος·)
3a0a18007c	καὶ κατανοῶμεν ἀλλήλους εἰς παροξυσμὸν ἀγάπης καὶ καλῶν ἔργων,
3a0a19010d	μὴ ἐγκαταλείποντες τὴν ἐπισυναγωγὴν ἑαυτῶν, καθὼς ἔθος τισίν, ἀλλὰ παρακαλοῦντες, καὶ τοσούτῳ μᾶλλον ὅσῳ βλέπετε ἐγγίζουσαν τὴν ἡμέραν.
3a0a1a00e2	Ἑκουσίως γὰρ ἁμαρτανόντων ἡμῶν μετὰ τὸ λαβεῖν τὴν ἐπίγνωσιν τῆς ἀληθείας, οὐκέτι περὶ ἁμαρτιῶν ἀπολείπεται θυσία,
3a0a1b009e	φοβερὰ δέ τις ἐκδοχὴ κρίσεως, καὶ πυρὸς ζῆλος ἐσθίειν μέλλοντος τοὺς ὑπεναντίους.
3a0a1c00a4	ἀθετήσας τις νόμον Μωυσέως, χωρὶς οἰκτιρμῶν ἐπὶ δυσὶν ἢ τρισὶν μάρτυσιν ἀποθνήσκει·
3a0a1d014f	πόσῳ, δοκεῖτε, χείρονος ἀξιωθήσεται τιμωρίας ὁ τὸν υἱὸν τοῦ θεοῦ καταπατήσας, καὶ τὸ αἷμα τῆς διαθήκης κοινὸν ἡγησάμενος, ἐν ᾧ ἡγιάσθη, καὶ τὸ πνεῦμα τῆς χάριτος ἐνυβρίσας;
3a0a1e00c0	οἴδαμεν γὰρ τὸν εἰπόντα, Ἐμοὶ ἐκδίκησις, ἐγὼ ἀνταποδώσω· καὶ πάλιν, Κρινεῖ κύριος τὸν λαὸν αὐτοῦ.
3a0a1f0057	φοβερὸν τὸ ἐμπεσεῖν εἰς χεῖρας θεοῦ ζῶντος.
3a0a2000b8	Ἀναμιμνήσκεσθε δὲ τὰς πρότερον ἡμέρας, ἐν αἷς φωτισθέντες πολλὴν ἄθλησιν ὑπεμείνατε παθημάτων,
3a0a2100d3	τοῦτο μὲν ὀνειδισμοῖς τε καὶ θλίψεσιν θεατριζόμενοι, τοῦτο δὲ κοινωνοὶ τῶν οὕτως ἀναστρεφομένων γενηθέντες·
3a0a22012f	καὶ γὰρ τοῖς δεσμίοις συνεπαθήσατε, καὶ τὴν ἁρπαγὴν τῶν ὑπαρχόντων ὑμῶν μετὰ χαρᾶς προσεδέξασθε, γινώσκοντες ἔχειν ἑαυτοὺς κρείσσονα ὕπαρξιν καὶ μένουσαν.
3a0a230089	μὴ ἀποβάλητε οὖν τὴν παῤῥησίαν ὑμῶν, ἥτις ἔχει μεγάλην μισθαποδοσίαν.
3a0a2400a9	ὑπομονῆς γὰρ ἔχετε χρείαν, ἵνα τὸ θέλημα τοῦ θεοῦ ποιήσαντες, κομίσησθε τὴν ἐπαγγελίαν.
3a0a250075	ἔτι γὰρ μικρὸν ὅσον ὅσον, ὁ ἐρχόμενος ἥξει, καὶ οὐ χρονίσει.
3a0a2600b0	ὁ δὲ δίκαιός μου ἐκ πίστεως ζήσεται· καὶ ἐὰν ὑποστείληται, οὐκ εὐδοκεῖ ἡ ψυχή μου ἐν αὐτῷ.
3a0a27009d	ἡμεῖς δὲ οὐκ ἐσμὲν ὑποστολῆς εἰς ἀπώλειαν, ἀλλὰ πίστεως εἰς περιποίησιν ψυχῆς.
3a0b01008a	Ἔστιν δὲ πίστις ἐλπιζομένων ὑπόστασις, πραγμάτων ἔλεγχος οὐ βλεπομένων.
3a0b020053	ἐν ταύτῃ γὰρ ἐμαρτυρήθησαν οἱ πρεσβύτεροι.
3a0b0300c3	πίστει νοοῦμεν κατηρτίσθαι τοὺς αἰῶνας ῥήματι θεοῦ, εἰς τὸ μὴ ἐκ φαινομένων τὸ βλεπόμενον γεγονέναι.
3a0b040147	πίστει πλείονα θυσίαν Ἄβελ παρὰ Κάϊν προσήνεγκεν τῷ θεῷ, δι᾽ ἧς ἐμαρτυρήθη εἶναι δίκαιος, μαρτυροῦντος ἐπὶ τοῖς δώροις αὐτοῦ τῷ θεῷ· καὶ δι᾽ αὐτῆς ἀποθανὼν ἔτι λαλεῖ.
3a0b050124	πίστει Ἐνὼχ μετετέθη τοῦ μὴ ἰδεῖν θάνατον, καὶ οὐχ ηὑρίσκετο, διότι μετέθηκεν αὐτὸν ὁ θεός· πρὸ γὰρ τῆς μεταθέσεως μεμαρτύρηται εὐηρεστηκέναι τῷ θεῷ·
3a0b060119	χωρὶς δὲ πίστεως ἀδύνατον εὐαρεστῆσαι· πιστεῦσαι γὰρ δεῖ τὸν προσερχόμενον [τῷ] θεῷ, ὅτι ἔστιν, καὶ τοῖς ἐκζητοῦσιν αὐτὸν μισθαποδότης γίνεται.
3a0b07017a	Πίστει χρηματισθεὶς Νῶε περὶ τῶν μηδέπω βλεπομένων, εὐλαβηθεὶς κατεσκεύασεν κιβωτὸν εἰς σωτηρίαν τοῦ οἴκου αὐτοῦ, δι᾽ ἧς κατέκρινεν τὸν κόσμον καὶ τῆς κατὰ πίστιν δικαιοσύνης ἐγένετο κληρονόμος.
3a0b080109	πίστει [ὁ] καλούμενος Ἀβραὰμ ὑπήκουσεν ἐξελθεῖν εἰς τόπον ὃν ἤμελλεν λαμβάνειν εἰς κληρονομίαν, καὶ ἐξῆλθεν μὴ ἐπιστάμενος ποῦ ἔρχεται.
3a0b090119	πίστει παρῴκησεν εἰς γῆν τῆς ἐπαγγελίας ὡς ἀλλοτρίαν, ἐν σκηναῖς κατοικήσας, μετὰ Ἰσαὰκ καὶ Ἰακὼβ τῶν συγκληρονόμων τῆς ἐπαγγελίας τῆς αὐτῆς·
3a0b0a009f	ἐξεδέχετο γὰρ τὴν τοὺς θεμελίους ἔχουσαν πόλιν, ἧς τεχνίτης καὶ δημιουργὸς ὁ θεός.
3a0b0b00f9	Πίστει καὶ αὐτὴ Σάῤῥα δύναμιν εἰς καταβολὴν σπέρματος ἔλαβεν καὶ παρὰ καιρὸν ἡλικίας, ἐπεὶ πιστὸν ἡγήσατο τὸν ἐπαγγειλάμενον.
3a0b0c012b	διὸ καὶ ἀφ᾽ ἑνὸς ἐγεννήθησαν, καὶ ταῦτα νενεκρωμένου, καθὼς τὰ ἄστρα τοῦ οὐρανοῦ τῷ πλήθει, καὶ ὡς ἡ ἄμμος ἡ παρὰ τὸ χεῖλος τῆς θαλάσσης ἡ ἀναρίθμητος.
3a0b0d0156	κατὰ πίστιν ἀπέθανον οὗτοι πάντες, μὴ κομισάμενοι τὰς ἐπαγγελίας, ἀλλὰ πόῤῥωθεν αὐτὰς ἰδόντες καὶ ἀσπασάμενοι, καὶ ὁμολογήσαντες ὅτι ξένοι καὶ παρεπίδημοί εἰσιν ἐπὶ τῆς γῆς.
3a0b0e0079	οἱ γὰρ τοιαῦτα λέγοντες ἐμφανίζουσιν ὅτι πατρίδα ἐπιζητοῦσιν.
3a0b0f0098	καὶ εἰ μὲν ἐκείνης μνημονεύουσιν ἀφ᾽ ἧς ἐξέβησαν, εἶχον ἂν καιρὸν ἀνακάμψαι·
3a0b100115	νῦν δὲ κρείττονος ὀρέγονται, τουτέστιν, ἐπουρανίου· διὸ οὐκ ἐπαισχύνεται αὐτοὺς ὁ θεὸς θεὸς ἐπικαλεῖσθαι αὐτῶν· ἡτοίμασεν γὰρ αὐτοῖς πόλιν.
3a0b1100d7	πίστει προσενήνοχεν Ἀβραὰμ τὸν Ἰσαὰκ πειραζόμενος, καὶ τὸν μονογενῆ προσέφερεν ὁ τὰς ἐπαγγελίας ἀναδεξάμενος,
3a0b120065	πρὸς ὃν ἐλαλήθη ὅτι Ἐν Ἰσαὰκ κληθήσεταί σοι σπέρμα·
3a0b1300b6	λογισάμενος ὅτι καὶ ἐκ νεκρῶν ἐγείρειν δυνατὸς ὁ θεός, ὅθεν αὐτὸν καὶ ἐν παραβολῇ ἐκομίσατο.
3a0b140085	πίστει [καὶ] περὶ μελλόντων εὐλόγησεν Ἰσαὰκ τὸν Ἰακὼβ καὶ τὸν Ἠσαῦ.
3a0b1500d4	πίστει Ἰακὼβ ἀποθνήσκων ἕκαστον τῶν υἱῶν Ἰωσὴφ εὐλόγησεν, καὶ προσεκύνησεν ἐπὶ τὸ ἄκρον τῆς ῥάβδου αὐτοῦ.
3a0b1600d4	πίστει Ἰωσὴφ τελευτῶν περὶ τῆς ἐξόδου τῶν υἱῶν Ἰσραὴλ ἐμνημόνευσεν, καὶ περὶ τῶν ὀστέων αὐτοῦ ἐνετείλατο.
3a0b170110	Πίστει Μωυσῆς γεννηθεὶς ἐκρύβη τρίμηνον ὑπὸ τῶν πατέρων αὐτοῦ, διότι εἶδον ἀστεῖον τὸ παιδίον, καὶ οὐκ ἐφοβήθησαν τὸ διάταγμα τοῦ βασιλέως.
3a0b180084	πίστει Μωυσῆς μέγας γενόμενος ἠρνήσατο λέγεσθαι υἱὸς θυγατρὸς Φαραώ,
3a0b1900ac	μᾶλλον ἑλόμενος συγκακουχεῖσθαι τῷ λαῷ τοῦ θεοῦ ἢ πρόσκαιρον ἔχειν ἁμαρτίας ἀπόλαυσιν·
3a0b1a00e1	μείζονα πλοῦτον ἡγησάμενος τῶν Αἰγύπτου θησαυρῶν τὸν ὀνειδισμὸν τοῦ χριστοῦ· ἀπέβλεπεν γὰρ εἰς τὴν μισθαποδοσίαν.
3a0b1b00c3	πίστει κατέλιπεν Αἴγυπτον, μὴ φοβηθεὶς τὸν θυμὸν τοῦ βασιλέως· τὸν γὰρ ἀόρατον ὡς ὁρῶν ἐκαρτέρησεν.
3a0b1c00c4	πίστει πεποίηκεν τὸ πάσχα καὶ τὴν πρόσχυσιν τοῦ αἵματος, ἵνα μὴ ὁ ὀλοθρεύων τὰ πρωτότοκα, θίγῃ αὐτῶν.
3a0b1d00c1	πίστει διέβησαν τὴν ἐρυθρὰν θάλασσαν ὡς διὰ ξηρᾶς γῆς, ἧς πεῖραν λαβόντες οἱ Αἰγύπτιοι κατεπόθησαν.
3a0b1e0073	πίστει τὰ τείχη Ἱεριχὼ ἔπεσαν, κυκλωθέντα ἐπὶ ἑπτὰ ἡμέρας.
3a0b1f00b1	πίστει Ῥαὰβ ἡ πόρνη οὐ συναπώλετο τοῖς ἀπειθήσασιν, δεξαμένη τοὺς κατασκόπους μετ᾽ εἰρήνης.
3a0b2000f6	Καὶ τί ἔτι λέγω; ἐπιλείψει με γὰρ διηγούμενον ὁ χρόνος περὶ Γεδεών, Βαράκ, Σαμψών, Ἰεφθάε, Δαυείδ τε καὶ Σαμουήλ, καὶ τῶν προφητῶν·
3a0b2100d0	οἳ διὰ πίστεως κατηγωνίσαντο βασιλείας, ἠργάσαντο δικαιοσύνην, ἐπέτυχον ἐπαγγελιῶν, ἔφραξαν στόματα λεόντων,
3a0b220108	ἔσβεσαν δύναμιν πυρός, ἔφυγον στόματα μαχαίρης, ἐδυναμώθησαν ἀπὸ ἀσθενείας, ἐγενήθησαν ἰσχυροὶ ἐν πολέμῳ, παρεμβολὰς ἔκλιναν ἀλλοτρίων.
3a0b23011b	ἔλαβον γυναῖκες ἐξ ἀναστάσεως τοὺς νεκροὺς αὐτῶν· ἄλλοι δὲ ἐτυμπανίσθησαν, οὐ προσδεξάμενοι τὴν ἀπολύτρωσιν, ἵνα κρείττονος ἀναστάσεως τύχωσιν·
3a0b240094	ἕτεροι δὲ ἐμπαιγμῶν καὶ μαστίγων πεῖραν ἔλαβον, ἔτι δὲ δεσμῶν καὶ φυλακῆς·
3a0b250108	ἐλιθάσθησαν, ἐπρίσθησαν, ἐν φόνῳ μαχαίρης ἀπέθανον· περιῆλθον ἐν μηλωταῖς, ἐν αἰγείοις δέρμασιν, ὑστερούμενοι, θλιβόμενοι, κακουχούμενοι,
3a0b2600c3	ὧν οὐκ ἦν ἄξιος ὁ κόσμος· ἐπὶ ἐρημίαις πλανώμενοι καὶ ὄρεσιν καὶ σπηλαίοις καὶ ταῖς ὀπαῖς τῆς γῆς.
3a0b270099	καὶ οὗτοι πάντες, μαρτυρηθέντες διὰ τῆς πίστεως, οὐκ ἐκομίσαντο τὴν ἐπαγγελίαν,
3a0b280097	τοῦ θεοῦ περὶ ἡμῶν κρεῖττόν τι προβλεψαμένου, ἵνα μὴ χωρὶς ἡμῶν τελειωθῶσιν.
3a0c01015a	Τοιγαροῦν καὶ ἡμεῖς, τοσοῦτον ἔχοντες περικείμενον ἡμῖν νέφος μαρτύρων, ὄγκον ἀποθέμενοι πάντα καὶ τὴν εὐπερίστατον ἁμαρτίαν, δι᾽ ὑπομονῆς τρέχωμεν τὸν προκείμενον ἡμῖν ἀγῶνα,
3a0c020161	ἀφορῶντες εἰς τὸν τῆς πίστεως ἀρχηγὸν καὶ τελειωτὴν Ἰησοῦν, ὃς ἀντὶ τῆς προκειμένης αὐτῷ χαρᾶς ὑπέμεινεν σταυρόν, αἰσχύνης καταφρονήσας, ἐν δεξιᾷ τε τοῦ θρόνου τοῦ θεοῦ κεκάθικεν.
3a0c030100	ἀναλογίσασθε γὰρ τὸν τοιαύτην ὑπομεμενηκότα ὑπὸ τῶν ἁμαρτωλῶν εἰς ἑαυτὸν ἀντιλογίαν, ἵνα μὴ κάμητε, ταῖς ψυχαῖς ὑμῶν ἐκλυόμενοι.
3a0c040087	Οὔπω μέχρις αἵματος ἀντικατέστητε πρὸς τὴν ἁμαρτίαν ἀνταγωνιζόμενοι,
3a0c050107	καὶ ἐκλέλησθε τῆς παρακλήσεως, ἥτις ὑμῖν ὡς υἱοῖς διαλέγεται, Υἱέ μου, μὴ ὀλιγώρει παιδείας κυρίου, μηδὲ ἐκλύου ὑπ᾽ αὐτοῦ ἐλεγχόμενος.
3a0c060086	ὃν γὰρ ἀγαπᾷ κύριος, παιδεύει, μαστιγοῖ δὲ πάντα υἱὸν ὃν παραδέχεται.
3a0c0700b4	εἰς παιδείαν ὑπομένετε, ὡς υἱοῖς ὑμῖν προσφέρεται ὁ θεός· τίς γὰρ υἱὸς ὃν οὐ παιδεύει πατήρ;
3a0c0800a0	εἰ δὲ χωρίς ἐστε παιδείας, ἧς μέτοχοι γεγόνασιν πάντες, ἄρα νόθοι καὶ οὐχ υἱοί ἐστε.
3a0c090112	εἶτα τοὺς μὲν τῆς σαρκὸς ἡμῶν πατέρας εἴχομεν παιδευτάς, καὶ ἐνετρεπόμεθα· οὐ πολὺ μᾶλλον ὑποταγησόμεθα τῷ πατρὶ τῶν πνευμάτων καὶ ζήσομεν;
3a0c0a00f5	οἱ μὲν γὰρ πρὸς ὀλίγας ἡμέρας κατὰ τὸ δοκοῦν αὐτοῖς ἐπαίδευον, ὁ δὲ ἐπὶ τὸ συμφέρον εἰς τὸ μεταλαβεῖν τῆς ἁγιότητος αὐτοῦ.
3a0c0b0126	πᾶσα δὲ παιδεία πρὸς μὲν τὸ παρὸν οὐ δοκεῖ χαρᾶς εἶναι ἀλλὰ λύπης, ὕστερον δὲ καρπὸν εἰρηνικὸν τοῖς δι᾽ αὐτῆς γεγυμνασμένοις ἀποδίδωσιν δικαιοσύνης.
3a0c0c007d	Διὸ τὰς παρειμένας χεῖρας καὶ τὰ παραλελυμένα γόνατα ἀνορθώσατε,
3a0c0d00a8	καὶ τροχιὰς ὀρθὰς ποιεῖτε τοῖς ποσὶν ὑμῶν, ἵνα μὴ τὸ χωλὸν ἐκτραπῇ, ἰαθῇ δὲ μᾶλλον.
3a0c0e009f	εἰρήνην διώκετε μετὰ πάντων, καὶ τὸν ἁγιασμόν, οὗ χωρὶς οὐδεὶς ὄψεται τὸν κύριον·
3a0c0f00fc	ἐπισκοποῦντες μή τις ὑστερῶν ἀπὸ τῆς χάριτος τοῦ θεοῦ, μή τις ῥίζα πικρίας ἄνω φύουσα ἐνοχλῇ, καὶ διὰ ταύτης μιανθῶσιν οἱ πολλοί·
3a0c1000a3	μή τις πόρνος, ἢ βέβηλος ὡς Ἠσαῦ, ὃς ἀντὶ βρώσεως μιᾶς ἀπέδοτο τὰ πρωτοτόκια ἑαυτοῦ.
3a0c110112	ἴστε γὰρ ὅτι καὶ μετέπειτα θέλων κληρονομῆσαι τὴν εὐλογίαν ἀπεδοκιμάσθη· μετανοίας γὰρ τόπον οὐχ εὗρεν, καί περ μετὰ δακρύων ἐκζητήσας αὐτήν.
3a0c1200a3	Οὐ γὰρ προσεληλύθατε ψηλαφωμένῳ καὶ κεκαυμένῳ πυρί, καὶ γνόφῳ, καὶ ζόφῳ, καὶ θυέλλῃ,
3a0c1300bb	καὶ σάλπιγγος ἤχῳ, καὶ φωνῇ ῥημάτων, ἧς οἱ ἀκούσαντες παρῃτήσαντο μὴ προστεθῆναι αὐτοῖς λόγον·
3a0c140095	οὐκ ἔφερον γὰρ τὸ διαστελλόμενον, Κἂν θηρίον θίγῃ τοῦ ὄρους, λιθοβοληθήσεται,
3a0c15009a	καί, οὕτως φοβερὸν ἦν τὸ φανταζόμενον, Μωυσῆς εἶπεν, Ἔκφοβός εἰμι καὶ ἔντρομος·
3a0c1600d0	ἀλλὰ προσεληλύθατε Σιὼν ὄρει καὶ πόλει θεοῦ ζῶντος, Ἱερουσαλὴμ ἐπουρανίῳ, καὶ μυριάσιν, ἀγγέλων πανηγύρει,
3a0c1700d7	καὶ ἐκκλησίᾳ πρωτοτόκων ἀπογεγραμμένων ἐν οὐρανοῖς, καὶ κριτῇ θεῷ πάντων, καὶ πνεύμασιν δικαίων τετελειωμένων,
3a0c1800a9	καὶ διαθήκης νέας μεσίτῃ Ἰησοῦ, καὶ αἵματι ῥαντισμοῦ κρεῖττον λαλοῦντι παρὰ τὸν Ἄβελ.
3a0c19013f	βλέπετε μὴ παραιτήσησθε τὸν λαλοῦντα· εἰ γὰρ ἐκεῖνοι οὐκ ἐξέφυγον, ἐπὶ γῆς παραιτησάμενοι τὸν χρηματίζοντα, πολὺ μᾶλλον ἡμεῖς οἱ τὸν ἀπ᾽ οὐρανῶν ἀποστρεφόμενοι,
3a0c1a00e5	οὗ ἡ φωνὴ τὴν γῆν ἐσάλευσεν τότε, νῦν δὲ ἐπήγγελται λέγων, Ἔτι ἅπαξ ἐγὼ σείσω οὐ μόνον τὴν γῆν, ἀλλὰ καὶ τὸν οὐρανόν.
3a0c1b00b8	τὸ δέ, Ἔτι ἅπαξ, δηλοῖ τὴν τῶν σαλευομένων μετάθεσιν ὡς πεποιημένων, ἵνα μείνῃ τὰ μὴ σαλευόμενα.
3a0c1c00df	διὸ βασιλείαν ἀσάλευτον παραλαμβάνοντες ἔχωμεν χάριν, δι᾽ ἧς λατρεύωμεν εὐαρέστως τῷ θεῷ μετὰ εὐλαβείας καὶ δέους·
3a0c1d004a	καὶ γὰρ ὁ θεὸς ἡμῶν πῦρ καταναλίσκον.
3a0d010026	Ἡ φιλαδελφία μενέτω.
3a0d02009e	τῆς φιλοξενίας μὴ ἐπιλανθάνεσθε· διὰ ταύτης γὰρ ἔλαθόν τινες ξενίσαντες ἀγγέλους.
3a0d0300ab	μιμνήσκεσθε τῶν δεσμίων ὡς συνδεδεμένοι, τῶν κακουχουμένων ὡς καὶ αὐτοὶ ὄντες ἐν σώματι.
3a0d0400a4	τίμιος ὁ γάμος ἐν πᾶσιν, καὶ ἡ κοίτη ἀμίαντος· πόρνους γὰρ καὶ μοιχοὺς κρινεῖ ὁ θεός.
3a0d0500d1	ἀφιλάργυρος ὁ τρόπος· ἀρκούμενοι τοῖς παροῦσιν· αὐτὸς γὰρ εἴρηκεν, Οὐ μή σε ἀνῶ, οὐδ᾽ οὐ μή σε ἐγκαταλίπω·
3a0d0600b7	ὥστε θαῤῥοῦντας ἡμᾶς λέγειν, Κύριος ἐμοὶ βοηθός, [καὶ] οὐ φοβηθήσομαι· τί ποιήσει μοι ἄνθρωπος;
3a0d070114	μνημονεύετε τῶν ἡγουμένων ὑμῶν, οἵτινες ἐλάλησαν ὑμῖν τὸν λόγον τοῦ θεοῦ, ὧν ἀναθεωροῦντες τὴν ἔκβασιν τῆς ἀναστροφῆς, μιμεῖσθε τὴν πίστιν.
3a0d08007d	Ἰησοῦς χριστὸς ἐχθὲς καὶ σήμερον ὁ αὐτός, καὶ εἰς τοὺς αἰῶνας.
3a0d090110	διδαχαῖς ποικίλαις καὶ ξέναις μὴ παραφέρεσθε· καλὸν γὰρ χάριτι βεβαιοῦσθαι τὴν καρδίαν, οὐ βρώμασιν, ἐν οἷς οὐκ ὠφελήθησαν οἱ περιπατοῦντες.
3a0d0a009b	ἔχομεν θυσιαστήριον, ἐξ οὗ φαγεῖν οὐκ ἔχουσιν ἐξουσίαν οἱ τῇ σκηνῇ λατρεύοντες.
3a0d0b00f5	ὧν γὰρ εἰσφέρεται ζῴων τὸ αἷμα περὶ ἁμαρτίας εἰς τὰ ἅγια διὰ τοῦ ἀρχιερέως, τούτων τὰ σώματα κατακαίεται ἔξω τῆς παρεμβολῆς·
3a0d0c009e	διὸ καὶ Ἰησοῦς, ἵνα ἁγιάσῃ διὰ τοῦ ἰδίου αἵματος τὸν λαόν, ἔξω τῆς πύλης ἔπαθεν.
3a0d0d009f	τοίνυν ἐξερχώμεθα πρὸς αὐτὸν ἔξω τῆς παρεμβολῆς, τὸν ὀνειδισμὸν αὐτοῦ φέροντες·
3a0d0e0080	οὐ γὰρ ἔχομεν ὧδε μένουσαν πόλιν, ἀλλὰ τὴν μέλλουσαν ἐπιζητοῦμεν.
3a0d0f00e7	δι᾽ αὐτοῦ [οὖν] ἀναφέρωμεν θυσίαν αἰνέσεως διὰ παντὸς τῷ θεῷ, τουτέστιν, καρπὸν χειλέων ὁμολογούντων τῷ ὀνόματι αὐτοῦ.
3a0d1000b1	τῆς δὲ εὐποιΐας καὶ κοινωνίας μὴ ἐπιλανθάνεσθε· τοιαύταις γὰρ θυσίαις εὐαρεστεῖται ὁ θεός.
3a0d110175	Πείθεσθε τοῖς ἡγουμένοις ὑμῶν, καὶ ὑπείκετε· αὐτοὶ γὰρ ἀγρυπνοῦσιν ὑπὲρ τῶν ψυχῶν ὑμῶν, ὡς λόγον ἀποδώσοντες· ἵνα μετὰ χαρᾶς τοῦτο ποιῶσιν, καὶ μὴ στενάζοντες· ἀλυσιτελὲς γὰρ ὑμῖν τοῦτο.
3a0d1200cb	προσεύχεσθε περὶ ἡμῶν· πειθόμεθα γὰρ ὅτι καλὴν συνείδησιν ἔχομεν, ἐν πᾶσιν καλῶς θέλοντες ἀναστρέφεσθαι
3a0d130089	περισσοτέρως δὲ παρακαλῶ τοῦτο ποιῆσαι, ἵνα τάχιον ἀποκατασταθῶ ὑμῖν.
3a0d140100	Ὁ δὲ θεὸς τῆς εἰρήνης, ὁ ἀναγαγὼν ἐκ νεκρῶν τὸν ποιμένα τῶν προβάτων τὸν μέγαν ἐν αἵματι διαθήκης αἰωνίου, τὸν κύριον ἡμῶν Ἰησοῦν,
3a0d150159	καταρτίσαι ὑμᾶς ἐν παντὶ ἔργῳ ἀγαθῷ, εἰς τὸ ποιῆσαι τὸ θέλημα αὐτοῦ, ποιῶν ἐν ὑμῖν τὸ εὐάρεστον ἐνώπιον αὐτοῦ, διὰ Ἰησοῦ χριστοῦ· ᾧ ἡ δόξα εἰς τοὺς αἰῶνας τῶν αἰώνων. ἀμήν.
3a0d1600c1	Παρακαλῶ δὲ ὑμᾶς, ἀδελφοί, ἀνέχεσθε τοῦ λόγου τῆς παρακλήσεως· καὶ γὰρ διὰ βραχέων ἐπέστειλα ὑμῖν.
3a0d1700b4	γινώσκετε τὸν ἀδελφὸν ἡμῶν Τιμόθεον ἀπολελυμένον, μεθ᾽ οὗ, ἐὰν τάχιον ἔρχηται, ὄψομαι ὑμᾶς.
3a0d1800c3	Ἀσπάσασθε πάντας τοὺς ἡγουμένους ὑμῶν, καὶ πάντας τοὺς ἁγίους. ἀσπάζονται ὑμᾶς οἱ ἀπὸ τῆς Ἰταλίας.
3a0d190058	Ἡ χάρις μετὰ πάντων ὑμῶν. ἀμήν. ΠΡΟΣ ἙΒΡΑΙΟΥΣ.
3b0000000e	Ιακωβου
3b010100b7	Ἰάκωβος θεοῦ καὶ κυρίου Ἰησοῦ χριστοῦ δοῦλος ταῖς δώδεκα φυλαῖς ταῖς ἐν τῇ διασπορᾷ, χαίρειν.
3b0102008b	Πᾶσαν χαρὰν ἡγήσασθε, ἀδελφοί μου, ὅταν πειρασμοῖς περιπέσητε ποικίλοις,
3b01030084	γινώσκοντες ὅτι τὸ δοκίμιον ὑμῶν τῆς πίστεως κατεργάζεται ὑπομονήν·
3b010400a8	ἡ δὲ ὑπομονὴ ἔργον τέλειον ἐχέτω, ἵνα ἦτε τέλειοι καὶ ὁλόκληροι, ἐν μηδενὶ λειπόμενοι.
3b010500e1	εἰ δέ τις ὑμῶν λείπεται σοφίας, αἰτείτω παρὰ τοῦ διδόντος θεοῦ πᾶσιν ἁπλῶς καὶ μὴ ὀνειδίζοντος, καὶ δοθήσεται αὐτῷ.
3b010600e0	αἰτείτω δὲ ἐν πίστει, μηδὲν διακρινόμενος· ὁ γὰρ διακρινόμενος ἔοικεν κλύδωνι θαλάσσης ἀνεμιζομένῳ καὶ ῥιπιζομένῳ.
3b01070081	μὴ γὰρ οἰέσθω ὁ ἄνθρωπος ἐκεῖνος, ὅτι λήμψεταί τι παρὰ τοῦ κυρίου.
3b01080069	ἀνὴρ δίψυχος ἀκατάστατος ἐν πάσαις ταῖς ὁδοῖς αὐτοῦ.
3b01090065	καυχάσθω δὲ ὁ ἀδελφὸς ὁ ταπεινὸς ἐν τῷ ὕψει αὐτοῦ,
3b010a008a	ὁ δὲ πλούσιος ἐν τῇ ταπεινώσει αὐτοῦ, ὅτι ὡς ἄνθος χόρτου παρελεύσεται.
3b010b017b	ἀνέτειλεν γὰρ ὁ ἥλιος σὺν τῷ καύσωνι, καὶ ἐξήρανεν τὸν χόρτον, καὶ τὸ ἄνθος αὐτοῦ ἐξέπεσεν καὶ ἡ εὐπρέπεια τοῦ προσώπου αὐτοῦ ἀπώλετο· οὕτως καὶ ὁ πλούσιος ἐν ταῖς πορείαις αὐτοῦ μαρανθήσεται.
3b010c00f6	μακάριος ἀνὴρ ὃς ὑπομένει πειρασμόν, ὅτι δόκιμος γενόμενος λήμψεται τὸν στέφανον τῆς ζωῆς, ὃν ἐπηγγείλατο τοῖς ἀγαπῶσιν αὐτόν.
3b010d00de	μηδεὶς πειραζόμενος λεγέτω ὅτι Ἀπὸ θεοῦ πειράζομαι· ὁ γὰρ θεὸς ἀπείραστός ἐστιν κακῶν, πειράζει δὲ αὐτὸς οὐδένα·
3b010e0096	ἕκαστος δὲ πειράζεται ὑπὸ τῆς ἰδίας ἐπιθυμίας ἐξελκόμενος καὶ δελεαζόμενος·
3b010f00ac	εἶτα ἡ ἐπιθυμία συλλαβοῦσα τίκτει ἁμαρτίαν, ἡ δὲ ἁμαρτία ἀποτελεσθεῖσα ἀποκύει θάνατον.
3b01100043	Μὴ πλανᾶσθε, ἀδελφοί μου ἀγαπητοί·
3b0111010b	πᾶσα δόσις ἀγαθὴ καὶ πᾶν δώρημα τέλειον ἄνωθέν ἐστιν καταβαῖνον ἀπὸ τοῦ πατρὸς τῶν φώτων, παρ᾽ ᾧ οὐκ ἔνι παραλλαγὴ ἢ τροπῆς ἀποσκίασμα.
3b011200b6	βουληθεὶς ἀπεκύησεν ἡμᾶς λόγῳ ἀληθείας, εἰς τὸ εἶναι ἡμᾶς ἀπαρχήν τινα τῶν αὐτοῦ κτισμάτων.
3b011300db	Ἴστε, ἀδελφοί μου ἀγαπητοί· ἔστω δὲ πᾶς ἄνθρωπος ταχὺς εἰς τὸ ἀκοῦσαι, βραδὺς εἰς τὸ λαλῆσαι, βραδὺς εἰς ὀργήν.
3b0114005f	ὀργὴ γὰρ ἀνδρὸς δικαιοσύνην θεοῦ οὐκ ἐργάζεται.
3b011500f5	διὸ ἀποθέμενοι πᾶσαν ῥυπαρίαν καὶ περισσείαν κακίας ἐν πραΰτητι δέξασθε τὸν ἔμφυτον λόγον τὸν δυνάμενον σῶσαι τὰς ψυχὰς ὑμῶν.
3b0116008c	γίνεσθε δὲ ποιηταὶ λόγου, καὶ μὴ ἀκροαταὶ μόνον παραλογιζόμενοι ἑαυτούς.
3b011700f2	ὅτι εἴ τις ἀκροατὴς λόγου ἐστὶν καὶ οὐ ποιητής, οὗτος ἔοικεν ἀνδρὶ κατανοοῦντι τὸ πρόσωπον τῆς γενέσεως αὐτοῦ ἐν ἐσόπτρῳ·
3b01180089	κατενόησεν γὰρ ἑαυτὸν καὶ ἀπελήλυθεν καὶ εὐθέως ἐπελάθετο ὁποῖος ἦν.
3b01190143	ὁ δὲ παρακύψας εἰς νόμον τέλειον τὸν τῆς ἐλευθερίας καὶ παραμείνας, οὐκ ἀκροατὴς ἐπιλησμονῆς γενόμενος ἀλλὰ ποιητὴς ἔργου, οὗτος μακάριος ἐν τῇ ποιήσει αὐτοῦ ἔσται.
3b011a00d9	Εἴ τις δοκεῖ θρῆσκος εἶναι, μὴ χαλιναγωγῶν γλῶσσαν αὐτοῦ ἀλλὰ ἀπατῶν καρδίαν αὐτοῦ, τούτου μάταιος ἡ θρησκεία.
3b011b0130	θρησκεία καθαρὰ καὶ ἀμίαντος παρὰ τῷ θεῷ καὶ πατρὶ αὕτη ἐστίν, ἐπισκέπτεσθαι ὀρφανοὺς καὶ χήρας ἐν τῇ θλίψει αὐτῶν, ἄσπιλον ἑαυτὸν τηρεῖν ἀπὸ τοῦ κόσμου.
3b020100b4	Ἀδελφοί μου, μὴ ἐν προσωπολημψίαις ἔχετε τὴν πίστιν τοῦ κυρίου ἡμῶν Ἰησοῦ χριστοῦ τῆς δόξης.
3b020200e6	ἐὰν γὰρ εἰσέλθῃ εἰς συναγωγὴν ὑμῶν ἀνὴρ χρυσοδακτύλιος ἐν ἐσθῆτι λαμπρᾷ, εἰσέλθῃ δὲ καὶ πτωχὸς ἐν ῥυπαρᾷ ἐσθῆτι,
3b0203012c	καὶ ἐπιβλέψητε ἐπὶ τὸν φοροῦντα τὴν ἐσθῆτα τὴν λαμπράν, καὶ εἴπητε, Σὺ κάθου ὧδε καλῶς, καὶ τῷ πτωχῷ εἴπητε, Σὺ στῆθι ἐκεῖ ἢ κάθου ὑπὸ τὸ ὑποπόδιόν μου,
3b02040083	οὐ διεκρίθητε ἐν ἑαυτοῖς, καὶ ἐγένεσθε κριταὶ διαλογισμῶν πονηρῶν;
3b0205013b	ἀκούσατε, ἀδελφοί μου ἀγαπητοί, οὐχ ὁ θεὸς ἐξελέξατο τοὺς πτωχοὺς τῷ κόσμῳ πλουσίους ἐν πίστει, καὶ κληρονόμους τῆς βασιλείας ἧς ἐπηγγείλατο τοῖς ἀγαπῶσιν αὐτόν;
3b020600d5	ὑμεῖς δὲ ἠτιμάσατε τὸν πτωχόν. οὐχ οἱ πλούσιοι καταδυναστεύουσιν ὑμῶν καὶ αὐτοὶ ἕλκουσιν ὑμᾶς εἰς κριτήρια;
3b0207007c	οὐκ αὐτοὶ βλασφημοῦσιν τὸ καλὸν ὄνομα τὸ ἐπικληθὲν ἐφ᾽ ὑμᾶς;
3b020800c7	εἰ μέντοι νόμον τελεῖτε βασιλικόν, κατὰ τὴν γραφήν, Ἀγαπήσεις τὸν πλησίον σου ὡς σεαυτόν, καλῶς ποιεῖτε·
3b020900a3	εἰ δὲ προσωπολημπτεῖτε, ἁμαρτίαν ἐργάζεσθε, ἐλεγχόμενοι ὑπὸ τοῦ νόμου ὡς παραβάται.
3b020a008d	ὅστις γὰρ ὅλον τὸν νόμον τηρήσῃ, πταίσῃ δὲ ἐν ἑνί, γέγονεν πάντων ἔνοχος.
3b020b00cc	ὁ γὰρ εἰπών, Μὴ μοιχεύσῃς, εἶπεν καί, Μὴ φονεύσῃς· εἰ δὲ οὐ μοιχεύεις, φονεύεις δέ, γέγονας παραβάτης νόμου.
3b020c0097	οὕτως λαλεῖτε καὶ οὕτως ποιεῖτε, ὡς διὰ νόμου ἐλευθερίας μέλλοντες κρίνεσθαι·
3b020d008b	ἡ γὰρ κρίσις ἀνέλεος τῷ μὴ ποιήσαντι ἔλεος· κατακαυχᾶται ἔλεος κρίσεως.
3b020e00c4	Τί τὸ ὄφελος, ἀδελφοί μου, ἐὰν πίστιν λέγῃ τις ἔχειν, ἔργα δὲ μὴ ἔχῃ; μὴ δύναται ἡ πίστις σῶσαι αὐτόν;
3b020f0094	ἐὰν ἀδελφὸς ἢ ἀδελφὴ γυμνοὶ ὑπάρχωσιν καὶ λειπόμενοι τῆς ἐφημέρου τροφῆς,
3b02100103	εἴπῃ δέ τις αὐτοῖς ἐξ ὑμῶν, Ὑπάγετε ἐν εἰρήνῃ, θερμαίνεσθε καὶ χορτάζεσθε, μὴ δῶτε δὲ αὐτοῖς τὰ ἐπιτήδεια τοῦ σώματος, τί τὸ ὄφελος;
3b02110078	οὕτως καὶ ἡ πίστις, ἐὰν μὴ ἔχῃ ἔργα, νεκρά ἐστιν καθ᾽ ἑαυτήν.
3b02120101	ἀλλ᾽ ἐρεῖ τις, Σὺ πίστιν ἔχεις, κἀγὼ ἔργα ἔχω· δεῖξόν μοι τὴν πίστιν σου χωρὶς τῶν ἔργων, κἀγώ σοι δείξω ἐκ τῶν ἔργων μου τὴν πίστιν.
3b021300b4	σὺ πιστεύεις ὅτι εἷς ἐστιν ὁ θεός· καλῶς ποιεῖς· καὶ τὰ δαιμόνια πιστεύουσιν, καὶ φρίσσουσιν.
3b0214008f	θέλεις δὲ γνῶναι, ὦ ἄνθρωπε κενέ, ὅτι ἡ πίστις χωρὶς τῶν ἔργων ἀργή ἐστιν;
3b021500c1	Ἀβραὰμ ὁ πατὴρ ἡμῶν οὐκ ἐξ ἔργων ἐδικαιώθη ἀνενέγκας Ἰσαὰκ τὸν υἱὸν αὐτοῦ ἐπὶ τὸ θυσιαστήριον;
3b021600a6	βλέπεις ὅτι ἡ πίστις συνήργει τοῖς ἔργοις αὐτοῦ, καὶ ἐκ τῶν ἔργων ἡ πίστις ἐτελειώθη;
3b021700e8	καὶ ἐπληρώθη ἡ γραφὴ ἡ λέγουσα, Ἐπίστευσεν δὲ Ἀβραὰμ τῷ θεῷ, καὶ ἐλογίσθη αὐτῷ εἰς δικαιοσύνην, καὶ φίλος θεοῦ ἐκλήθη.
3b02180080	ὁρᾶτε ὅτι ἐξ ἔργων δικαιοῦται ἄνθρωπος, καὶ οὐκ ἐκ πίστεως μόνον;
3b021900cd	ὁμοίως δὲ καὶ Ῥαὰβ ἡ πόρνη οὐκ ἐξ ἔργων ἐδικαιώθη, ὑποδεξαμένη τοὺς ἀγγέλους, καὶ ἑτέρᾳ ὁδῷ ἐκβαλοῦσα;
3b021a00bb	ὥσπερ γὰρ τὸ σῶμα χωρὶς πνεύματος νεκρόν ἐστιν, οὕτως καὶ ἡ πίστις χωρὶς [τῶν] ἔργων νεκρά ἐστιν.
3b03010096	Μὴ πολλοὶ διδάσκαλοι γίνεσθε, ἀδελφοί μου, εἰδότες ὅτι μεῖζον κρῖμα λημψόμεθα.
3b030200dc	πολλὰ γὰρ πταίομεν ἅπαντες· εἴ τις ἐν λόγῳ οὐ πταίει, οὗτος τέλειος ἀνήρ, δυνατὸς χαλιναγωγῆσαι καὶ ὅλον τὸ σῶμα.
3b030300e8	εἰ δὲ τῶν ἵππων τοὺς χαλινοὺς εἰς τὰ στόματα βάλλομεν εἰς τὸ πείθεσθαι αὐτοὺς ἡμῖν, καὶ ὅλον τὸ σῶμα αὐτῶν μετάγομεν.
3b03040114	ἰδοὺ καὶ τὰ πλοῖα, τηλικαῦτα ὄντα καὶ ὑπὸ ἀνέμων σκληρῶν ἐλαυνόμενα, μετάγεται ὑπὸ ἐλαχίστου πηδαλίου, ὅπου ἡ ὁρμὴ τοῦ εὐθύνοντος βούλεται.
3b030500b9	οὕτως καὶ ἡ γλῶσσα μικρὸν μέλος ἐστίν, καὶ μεγάλα αὐχεῖ. ἰδοὺ ἡλίκον πῦρ ἡλίκην ὕλην ἀνάπτει·
3b0306015c	καὶ ἡ γλῶσσα πῦρ, ὁ κόσμος τῆς ἀδικίας. ἡ γλῶσσα καθίσταται ἐν τοῖς μέλεσιν ἡμῶν ἡ σπιλοῦσα ὅλον τὸ σῶμα, καὶ φλογίζουσα τὸν τροχὸν τῆς γενέσεως, καὶ φλογιζομένη ὑπὸ τῆς γεέννης·
3b030700d6	πᾶσα γὰρ φύσις θηρίων τε καὶ πετεινῶν, ἑρπετῶν τε καὶ ἐναλίων, δαμάζεται καὶ δεδάμασται τῇ φύσει τῇ ἀνθρωπίνῃ·
3b030800af	τὴν δὲ γλῶσσαν οὐδεὶς δαμάσαι δύναται ἀνθρώπων· ἀκατάστατον κακόν, μεστὴ ἰοῦ θανατηφόρου.
3b030900e3	ἐν αὐτῇ εὐλογοῦμεν τὸν κύριον καὶ πατέρα, καὶ ἐν αὐτῇ καταρώμεθα τοὺς ἀνθρώπους τοὺς καθ᾽ ὁμοίωσιν θεοῦ γεγονότας·
3b030a00b5	ἐκ τοῦ αὐτοῦ στόματος ἐξέρχεται εὐλογία καὶ κατάρα. οὐ χρή, ἀδελφοί μου, ταῦτα οὕτως γίνεσθαι.
3b030b0076	μή τι ἡ πηγὴ ἐκ τῆς αὐτῆς ὀπῆς βρύει τὸ γλυκὺ καὶ τὸ πικρόν;
3b030c00b4	μὴ δύναται, ἀδελφοί μου, συκῆ ἐλαίας ποιῆσαι ἢ ἄμπελος σῦκα; οὔτε ἁλυκὸν γλυκὺ ποιῆσαι ὕδωρ.
3b030d00c2	Τίς σοφὸς καὶ ἐπιστήμων ἐν ὑμῖν; δειξάτω ἐκ τῆς καλῆς ἀναστροφῆς τὰ ἔργα αὐτοῦ ἐν πραΰτητι σοφίας.
3b030e00cf	εἰ δὲ ζῆλον πικρὸν ἔχετε καὶ ἐριθείαν ἐν τῇ καρδίᾳ ὑμῶν, μὴ κατακαυχᾶσθε καὶ ψεύδεσθε κατὰ τῆς ἀληθείας.
3b030f0095	οὐκ ἔστιν αὕτη ἡ σοφία ἄνωθεν κατερχομένη, ἀλλὰ ἐπίγειος ψυχικὴ δαιμονιώδης.
3b03100086	ὅπου γὰρ ζῆλος καὶ ἐριθεία, ἐκεῖ ἀκαταστασία καὶ πᾶν φαῦλον πρᾶγμα.
3b03110106	ἡ δὲ ἄνωθεν σοφία πρῶτον μὲν ἁγνή ἐστιν, ἔπειτα εἰρηνικὴ ἐπιεικὴς εὐπειθής, μεστὴ ἐλέους καὶ καρπῶν ἀγαθῶν, ἀδιάκριτος, ἀνυπόκριτος.
3b0312007f	καρπὸς δὲ δικαιοσύνης ἐν εἰρήνῃ σπείρεται τοῖς ποιοῦσιν εἰρήνην.
3b040100db	Πόθεν πόλεμοι καὶ πόθεν μάχαι ἐν ὑμῖν; οὐκ ἐντεῦθεν, ἐκ τῶν ἡδονῶν ὑμῶν τῶν στρατευομένων ἐν τοῖς μέλεσιν ὑμῶν;
3b04020109	ἐπιθυμεῖτε, καὶ οὐκ ἔχετε· φονεύετε καὶ ζηλοῦτε, καὶ οὐ δύνασθε ἐπιτυχεῖν· μάχεσθε καὶ πολεμεῖτε. οὐκ ἔχετε διὰ τὸ μὴ αἰτεῖσθαι ὑμᾶς·
3b040300a8	αἰτεῖτε, καὶ οὐ λαμβάνετε, διότι κακῶς αἰτεῖσθε, ἵνα ἐν ταῖς ἡδοναῖς ὑμῶν δαπανήσητε.
3b0404010a	μοιχαλίδες, οὐκ οἴδατε ὅτι ἡ φιλία τοῦ κόσμου ἔχθρα τοῦ θεοῦ ἐστιν; ὃς ἂν οὖν βουληθῇ φίλος εἶναι τοῦ κόσμου, ἐχθρὸς τοῦ θεοῦ καθίσταται.
3b040500ab	ἢ δοκεῖτε ὅτι κενῶς ἡ γραφὴ λέγει; πρὸς φθόνον ἐπιποθεῖ τὸ πνεῦμα ὃ κατῴκισεν ἐν ἡμῖν;
3b040600ba	μείζονα δὲ δίδωσιν χάριν· διὸ λέγει, Ὁ θεὸς ὑπερηφάνοις ἀντιτάσσεται, ταπεινοῖς δὲ δίδωσιν χάριν.
3b04070088	Ὑποτάγητε οὖν τῷ θεῷ. ἀντίστητε δὲ τῷ διαβόλῳ καὶ φεύξεται ἀφ᾽ ὑμῶν,
3b040800b5	ἐγγίσατε τῷ θεῷ καὶ ἐγγιεῖ ὑμῖν. καθαρίσατε χεῖρας, ἁμαρτωλοί, καὶ ἁγνίσατε καρδίας, δίψυχοι.
3b040900cb	ταλαιπωρήσατε καὶ πενθήσατε καὶ κλαύσατε· ὁ γέλως ὑμῶν εἰς πένθος μεταστραφήτω, καὶ ἡ χαρὰ εἰς κατήφειαν.
3b040a0056	ταπεινώθητε ἐνώπιον κυρίου, καὶ ὑψώσει ὑμᾶς.
3b040b014c	Μὴ καταλαλεῖτε ἀλλήλων, ἀδελφοί· ὁ καταλαλῶν ἀδελφοῦ, ἢ κρίνων τὸν ἀδελφὸν αὐτοῦ καταλαλεῖ νόμου καὶ κρίνει νόμον· εἰ δὲ νόμον κρίνεις, οὐκ εἶ ποιητὴς νόμου, ἀλλὰ κριτής.
3b040c00c1	εἷς ἐστιν ὁ νομοθέτης καὶ κριτὴς ὁ δυνάμενος σῶσαι καὶ ἀπολέσαι· σὺ δὲ τίς εἶ ὁ κρίνων τὸν πλησίον;
3b040d0102	Ἄγε νῦν οἱ λέγοντες, Σήμερον ἢ αὔριον πορευσόμεθα εἰς τήνδε τὴν πόλιν, καὶ ποιήσωμεν ἐκεῖ ἐνιαυτόν, καὶ ἐμπορευσόμεθα καὶ κερδήσομεν·
3b040e00f1	οἵτινες οὐκ ἐπίστασθε τὸ τῆς αὔριον· ποία [γὰρ] ἡ ζωὴ ὑμῶν; ἀτμὶς γάρ ἐστε ἡ πρὸς ὀλίγον φαινομένη ἔπειτα καὶ ἀφανιζομένη·
3b040f00a6	ἀντὶ τοῦ λέγειν ὑμᾶς, Ἐὰν ὁ κύριος θελήσῃ καὶ ζήσομεν, καὶ ποιήσομεν τοῦτο ἢ ἐκεῖνο.
3b04100098	νῦν δὲ καυχᾶσθε ἐν ταῖς ἀλαζονείαις ὑμῶν· πᾶσα καύχησις τοιαύτη πονηρά ἐστιν.
3b04110078	εἰδότι οὖν καλὸν ποιεῖν καὶ μὴ ποιοῦντι, ἁμαρτία αὐτῷ ἐστιν.
3b050100ac	Ἄγε νῦν οἱ πλούσιοι, κλαύσατε ὀλολύζοντες ἐπὶ ταῖς ταλαιπωρίαις ὑμῶν ταῖς ἐπερχομέναις.
3b05020079	ὁ πλοῦτος ὑμῶν σέσηπεν, καὶ τὰ ἱμάτια ὑμῶν σητόβρωτα γέγονεν·
3b05030129	ὁ χρυσὸς ὑμῶν καὶ ὁ ἄργυρος κατίωται, καὶ ὁ ἰὸς αὐτῶν εἰς μαρτύριον ὑμῖν ἔσται, καὶ φάγεται τὰς σάρκας ὑμῶν ὡς πῦρ· ἐθησαυρίσατε ἐν ἐσχάταις ἡμέραις.
3b05040130	ἰδοὺ ὁ μισθὸς τῶν ἐργατῶν τῶν ἀμησάντων τὰς χώρας ὑμῶν ὁ ἀφυστερημένος ἀφ᾽ ὑμῶν κράζει, καὶ αἱ βοαὶ τῶν θερισάντων εἰς τὰ ὦτα κυρίου σαβαὼθ εἰσελήλυθαν.
3b050500a7	ἐτρυφήσατε ἐπὶ τῆς γῆς καὶ ἐσπαταλήσατε, ἐθρέψατε τὰς καρδίας ὑμῶν ἐν ἡμέρᾳ σφαγῆς.
3b05060076	κατεδικάσατε, ἐφονεύσατε τὸν δίκαιον· οὐκ ἀντιτάσσεται ὑμῖν.
3b05070137	Μακροθυμήσατε οὖν, ἀδελφοί, ἕως τῆς παρουσίας τοῦ κυρίου. ἰδοὺ ὁ γεωργὸς ἐκδέχεται τὸν τίμιον καρπὸν τῆς γῆς, μακροθυμῶν ἐπ᾽ αὐτῷ ἕως λάβῃ πρόϊμον καὶ ὄψιμον·
3b050800a9	μακροθυμήσατε καὶ ὑμεῖς, στηρίξατε τὰς καρδίας ὑμῶν, ὅτι ἡ παρουσία τοῦ κυρίου ἤγγικεν.
3b050900af	Μὴ στενάζετε, ἀδελφοί, κατ᾽ ἀλλήλων, ἵνα μὴ κριθῆτε· ἰδοὺ ὁ κριτὴς πρὸ τῶν θυρῶν ἕστηκεν.
3b050a00d5	Ὑπόδειγμα λάβετε, ἀδελφοί, τῆς κακοπαθείας καὶ τῆς μακροθυμίας τοὺς προφήτας οἳ ἐλάλησαν ἐν τῷ ὀνόματι κυρίου.
3b050b0110	ἰδοὺ μακαρίζομεν τοὺς ὑπομείναντας· τὴν ὑπομονὴν Ἰὼβ ἠκούσατε, καὶ τὸ τέλος κυρίου εἴδετε, ὅτι πολύσπλαγχνός ἐστιν ὁ κύριος καὶ οἰκτίρμων.
3b050c012e	πρὸ πάντων δέ, ἀδελφοί μου, μὴ ὀμνύετε, μήτε τὸν οὐρανὸν μήτε τὴν γῆν μήτε ἄλλον τινὰ ὅρκον· ἤτω δὲ ὑμῶν τὸ ναὶ ναί, καὶ τὸ οὒ οὔ· ἵνα μὴ ὑπὸ κρίσιν πέσητε.
3b050d006e	Κακοπαθεῖ τις ἐν ὑμῖν; προσευχέσθω· εὐθυμεῖ τις; ψαλλέτω.
3b050e0123	ἀσθενεῖ τις ἐν ὑμῖν; προσκαλεσάσθω τοὺς πρεσβυτέρους τῆς ἐκκλησίας, καὶ προσευξάσθωσαν ἐπ᾽ αὐτὸν ἀλείψαντες αὐτὸν ἐλαίῳ ἐν τῷ ὀνόματι [τοῦ] κυρίου.
3b050f00dd	καὶ ἡ εὐχὴ τῆς πίστεως σώσει τὸν κάμνοντα, καὶ ἐγερεῖ αὐτὸν ὁ κύριος· κἂν ἁμαρτίας ᾖ πεποιηκώς, ἀφεθήσεται αὐτῷ.
3b051000ed	ἐξομολογεῖσθε οὖν ἀλλήλοις τὰς ἁμαρτίας, καὶ εὔχεσθε ὑπὲρ ἀλλήλων, ὅπως ἰαθῆτε· πολὺ ἰσχύει δέησις δικαίου ἐνεργουμένη.
3b05110108	Ἡλίας ἄνθρωπος ἦν ὁμοιοπαθὴς ἡμῖν, καὶ προσευχῇ προσηύξατο τοῦ μὴ βρέξαι· καὶ οὐκ ἔβρεξεν ἐπὶ τῆς γῆς ἐνιαυτοὺς τρεῖς καὶ μῆνας ἕξ·
3b051200ac	καὶ πάλιν προσηύξατο, καὶ ὁ οὐρανὸς ἔδωκεν ὑετὸν καὶ ἡ γῆ ἐβλάστησεν τὸν καρπὸν αὐτῆς.
3b0513009b	Ἀδελφοί μου, ἐάν τις ἐν ὑμῖν πλανηθῇ ἀπὸ τῆς ἀληθείας καὶ ἐπιστρέψῃ τις αὐτόν,
3b051400eb	γινωσκέτω ὅτι ὁ ἐπιστρέψας ἁμαρτωλὸν ἐκ πλάνης ὁδοῦ αὐτοῦ, σώσει ψυχὴν ἐκ θανάτου, καὶ καλύψει πλῆθος ἁμαρτιῶν. ΙΑΚΩΒΟΥ.
3c00000011	Πετρου Α΄
3c010100de	Πέτρος ἀπόστολος Ἰησοῦ χριστοῦ ἐκλεκτοῖς παρεπιδήμοις διασπορᾶς Πόντου, Γαλατίας, Καπποδοκίας, Ἀσίας, καὶ Βιθυνίας,
3c01020106	κατὰ πρόγνωσιν θεοῦ πατρός, ἐν ἁγιασμῷ πνεύματος, εἰς ὑπακοὴν καὶ ῥαντισμὸν αἵματος Ἰησοῦ χριστοῦ· χάρις ὑμῖν καὶ εἰρήνη πληθυνθείη.
3c01030140	Εὐλογητὸς ὁ θεὸς καὶ πατὴρ τοῦ κυρίου ἡμῶν Ἰησοῦ χριστοῦ, ὁ κατὰ τὸ πολὺ αὐτοῦ ἔλεος ἀναγεννήσας ἡμᾶς εἰς ἐλπίδα ζῶσαν δι᾽ ἀναστάσεως Ἰησοῦ χριστοῦ ἐκ νεκρῶν,
3c010400ab	εἰς κληρονομίαν ἄφθαρτον καὶ ἀμίαντον καὶ ἀμάραντον, τετηρημένην ἐν οὐρανοῖς εἰς ὑμᾶς,
3c010500c3	τοὺς ἐν δυνάμει θεοῦ φρουρουμένους διὰ πίστεως εἰς σωτηρίαν ἑτοίμην ἀποκαλυφθῆναι ἐν καιρῷ ἐσχάτῳ·
3c0106008f	ἐν ᾧ ἀγαλλιᾶσθε, ὀλίγον ἄρτι, εἰ δέον, λυπηθέντες ἐν ποικίλοις πειρασμοῖς,
3c01070149	ἵνα τὸ δοκίμιον ὑμῶν τῆς πίστεως πολυτιμότερον χρυσίου τοῦ ἀπολλυμένου διὰ πυρὸς δὲ δοκιμαζομένου, εὑρεθῇ εἰς ἔπαινον καὶ δόξαν καὶ τιμὴν ἐν ἀποκαλύψει Ἰησοῦ χριστοῦ·
3c010800d4	ὃν οὐκ ἰδόντες ἀγαπᾶτε, εἰς ὃν ἄρτι μὴ ὁρῶντες πιστεύοντες δὲ ἀγαλλιᾶσθε χαρᾷ ἀνεκλαλήτῳ καὶ δεδοξασμένῃ,
3c01090069	κομιζόμενοι τὸ τέλος τῆς πίστεως ὑμῶν, σωτηρίαν ψυχῶν·
3c010a00c0	περὶ ἧς σωτηρίας ἐξεζήτησαν καὶ ἐξηραύνησαν προφῆται οἱ περὶ τῆς εἰς ὑμᾶς χάριτος προφητεύσαντες.
3c010b010e	ἐραυνῶντες εἰς τίνα ἢ ποῖον καιρὸν ἐδήλου τὸ ἐν αὐτοῖς πνεῦμα χριστοῦ, προμαρτυρόμενον τὰ εἰς χριστὸν παθήματα καὶ τὰς μετὰ ταῦτα δόξας·
3c010c0169	οἷς ἀπεκαλύφθη ὅτι οὐχ ἑαυτοῖς ὑμῖν δὲ διηκόνουν αὐτά, ἃ νῦν ἀνηγγέλη ὑμῖν διὰ τῶν εὐαγγελισαμένων ὑμᾶς πνεύματι ἁγίῳ ἀποσταλέντι ἀπ᾽ οὐρανοῦ, εἰς ἃ ἐπιθυμοῦσιν ἄγγελοι παρακύψαι.
3c010d0103	Διὸ ἀναζωσάμενοι τὰς ὀσφύας τῆς διανοίας ὑμῶν, νήφοντες, τελείως ἐλπίσατε ἐπὶ τὴν φερομένην ὑμῖν χάριν ἐν ἀποκαλύψει Ἰησοῦ χριστοῦ.
3c010e00a3	ὡς τέκνα ὑπακοῆς, μὴ συνσχηματιζόμενοι ταῖς πρότερον ἐν τῇ ἀγνοίᾳ ὑμῶν ἐπιθυμίαις,
3c010f009e	ἀλλὰ κατὰ τὸν καλέσαντα ὑμᾶς ἅγιον καὶ αὐτοὶ ἅγιοι ἐν πάσῃ ἀναστροφῇ γενήθητε,
3c01100057	διότι γέγραπται, Ἅγιοι ἔσεσθε, ὅτι ἐγὼ ἅγιος.
3c011100fe	καὶ εἰ πατέρα ἐπικαλεῖσθε τὸν ἀπροσωπολήμπτως κρίνοντα κατὰ τὸ ἑκάστου ἔργον, ἐν φόβῳ τὸν τῆς παροικίας ὑμῶν χρόνον ἀναστράφητε·
3c011200c7	εἰδότες ὅτι οὐ φθαρτοῖς, ἀργυρίῳ ἢ χρυσίῳ, ἐλυτρώθητε ἐκ τῆς ματαίας ὑμῶν ἀναστροφῆς πατροπαραδότου,
3c0113006e	ἀλλὰ τιμίῳ αἵματι ὡς ἀμνοῦ ἀμώμου καὶ ἀσπίλου χριστοῦ,
3c011400ac	προεγνωσμένου μὲν πρὸ καταβολῆς κόσμου, φανερωθέντος δὲ ἐπ᾽ ἐσχάτου τῶν χρόνων δι᾽ ὑμᾶς
3c01150105	τοὺς δι᾽ αὐτοῦ πιστοὺς εἰς θεόν, τὸν ἐγείραντα αὐτὸν ἐκ νεκρῶν καὶ δόξαν αὐτῷ δόντα, ὥστε τὴν πίστιν ὑμῶν καὶ ἐλπίδα εἶναι εἰς θεόν.
3c011600ed	Τὰς ψυχὰς ὑμῶν ἡγνικότες ἐν τῇ ὑπακοῇ τῆς ἀληθείας εἰς φιλαδελφίαν ἀνυπόκριτον, ἐκ καρδίας ἀλλήλους ἀγαπήσατε ἐκτενῶς·
3c011700b0	ἀναγεγεννημένοι οὐκ ἐκ σπορᾶς φθαρτῆς, ἀλλὰ ἀφθάρτου, διὰ λόγου ζῶντος θεοῦ καὶ μένοντος·
3c011800cd	διότι πᾶσα σὰρξ ὡς χόρτος, καὶ πᾶσα δόξα αὐτῆς ὡς ἄνθος χόρτου· ἐξηράνθη ὁ χόρτος, καὶ τὸ ἄνθος ἐξέπεσεν·
3c011900af	τὸ δὲ ῥῆμα κυρίου μένει εἰς τὸν αἰῶνα. τοῦτο δέ ἐστιν τὸ ῥῆμα τὸ εὐαγγελισθὲν εἰς ὑμᾶς.
3c020100b2	Ἀποθέμενοι οὖν πᾶσαν κακίαν καὶ πάντα δόλον καὶ ὑποκρίσεις καὶ φθόνους καὶ πάσας καταλαλιάς,
3c020200b4	ὡς ἀρτιγέννητα βρέφη τὸ λογικὸν ἄδολον γάλα ἐπιποθήσατε, ἵνα ἐν αὐτῷ αὐξηθῆτε εἰς σωτηρίαν,
3c02030043	εἰ ἐγεύσασθε ὅτι χρηστὸς ὁ κύριος.
3c020400c6	πρὸς ὃν προσερχόμενοι λίθον ζῶντα, ὑπὸ ἀνθρώπων μὲν ἀποδεδοκιμασμένον, παρὰ δὲ θεῷ ἐκλεκτὸν ἔντιμον,
3c0205011e	καὶ αὐτοὶ ὡς λίθοι ζῶντες οἰκοδομεῖσθε οἶκος πνευματικός, εἰς ἱεράτευμα ἅγιον, ἀνενέγκαι πνευματικὰς θυσίας εὐπροσδέκτους θεῷ διὰ Ἰησοῦ χριστοῦ.
3c020600f6	διότι περιέχει ἐν γραφῇ, Ἰδοὺ τίθημι ἐν Σιὼν λίθον ἀκρογωνιαῖον ἐκλεκτὸν ἔντιμον, καὶ ὁ πιστεύων ἐπ᾽ αὐτῷ οὐ μὴ καταισχυνθῇ.
3c020700f0	ὑμῖν οὖν ἡ τιμὴ τοῖς πιστεύουσιν· ἀπιστοῦσιν δέ, λίθος ὃν ἀπεδοκίμασαν οἱ οἰκοδομοῦντες, οὗτος ἐγενήθη εἰς κεφαλὴν γωνίας
3c020800c5	καὶ λίθος προσκόμματος καὶ πέτρα σκανδάλου, οἳ προσκόπτουσιν τῷ λόγῳ ἀπειθοῦντες, εἰς ὃ καὶ ἐτέθησαν·
3c0209014a	ὑμεῖς δὲ γένος ἐκλεκτόν, βασίλειον ἱεράτευμα, ἔθνος ἅγιον, λαὸς εἰς περιποίησιν, ὅπως τὰς ἀρετὰς ἐξαγγείλητε τοῦ ἐκ σκότους ὑμᾶς καλέσαντος εἰς τὸ θαυμαστὸν αὐτοῦ φῶς·
3c020a0089	οἴ ποτε οὐ λαός, νῦν δὲ λαὸς θεοῦ, οἱ οὐκ ἠλεημένοι, νῦν δὲ ἐλεηθέντες.
3c020b00eb	Ἀγαπητοί, παρακαλῶ ὡς παροίκους καὶ παρεπιδήμους ἀπέχεσθαι τῶν σαρκικῶν ἐπιθυμιῶν, αἵτινες στρατεύονται κατὰ τῆς ψυχῆς·
3c020c0145	τὴν ἀναστροφὴν ὑμῶν ἐν τοῖς ἔθνεσιν ἔχοντες καλήν, ἵνα ἐν ᾧ καταλαλοῦσιν ὑμῶν ὡς κακοποιῶν, ἐκ τῶν καλῶν ἔργων ἐποπτεύοντες δοξάσωσιν τὸν θεὸν ἐν ἡμέρᾳ ἐπισκοπῆς.
3c020d0096	Ὑποτάγητε πάσῃ ἀνθρωπίνῃ κτίσει διὰ τὸν κύριον· εἴτε βασιλεῖ ὡς ὑπερέχοντι·
3c020e00ad	εἴτε ἡγεμόσιν ὡς δι᾽ αὐτοῦ πεμπομένοις εἰς ἐκδίκησιν κακοποιῶν, ἔπαινον δὲ ἀγαθοποιῶν·
3c020f00b9	ὅτι οὕτως ἐστὶν τὸ θέλημα τοῦ θεοῦ, ἀγαθοποιοῦντας φιμοῦν τὴν τῶν ἀφρόνων ἀνθρώπων ἀγνωσίαν·
3c021000b2	ὡς ἐλεύθεροι, καὶ μὴ ὡς ἐπικάλυμμα ἔχοντες τῆς κακίας τὴν ἐλευθερίαν, ἀλλ᾽ ὡς θεοῦ δοῦλοι.
3c02110099	πάντας τιμήσατε, τὴν ἀδελφότητα ἀγαπᾶτε, τὸν θεὸν φοβεῖσθε, τὸν βασιλέα τιμᾶτε.
3c021200e7	Οἱ οἰκέται, ὑποτασσόμενοι ἐν παντὶ φόβῳ τοῖς δεσπόταις, οὐ μόνον τοῖς ἀγαθοῖς καὶ ἐπιεικέσιν, ἀλλὰ καὶ τοῖς σκολιοῖς.
3c0213008c	τοῦτο γὰρ χάρις, εἰ διὰ συνείδησιν θεοῦ ὑποφέρει τις λύπας πάσχων ἀδίκως.
3c02140106	ποῖον γὰρ κλέος εἰ ἁμαρτάνοντες καὶ κολαφιζόμενοι ὑπομενεῖτε; ἀλλ᾽ εἰ ἀγαθοποιοῦντες καὶ πάσχοντες ὑπομενεῖτε, τοῦτο χάρις παρὰ θεῷ.
3c021500fc	εἰς τοῦτο γὰρ ἐκλήθητε, ὅτι καὶ χριστὸς ἔπαθεν ὑπὲρ ὑμῶν, ὑμῖν ὑπολιμπάνων ὑπογραμμὸν ἵνα ἐπακολουθήσητε τοῖς ἴχνεσιν αὐτοῦ·
3c0216007f	ὃς ἁμαρτίαν οὐκ ἐποίησεν, οὐδὲ εὑρέθη δόλος ἐν τῷ στόματι αὐτοῦ,
3c021700aa	ὃς λοιδορούμενος οὐκ ἀντελοιδόρει, πάσχων οὐκ ἠπείλει, παρεδίδου δὲ τῷ κρίνοντι δικαίως·
3c02180122	ὃς τὰς ἁμαρτίας ἡμῶν αὐτὸς ἀνήνεγκεν ἐν τῷ σώματι αὐτοῦ ἐπὶ τὸ ξύλον, ἵνα ταῖς ἁμαρτίαις ἀπογενόμενοι, τῇ δικαιοσύνῃ ζήσωμεν· οὗ τῷ μώλωπι ἰάθητε.
3c021900c0	ἦτε γὰρ ὡς πρόβατα πλανώμενοι ἀλλ᾽ ἐπεστράφητε νῦν ἐπὶ τὸν ποιμένα καὶ ἐπίσκοπον τῶν ψυχῶν ὑμῶν.
3c03010121	Ὁμοίως γυναῖκες ὑποτασσόμεναι τοῖς ἰδίοις ἀνδράσιν, ἵνα καὶ εἴ τινες ἀπειθοῦσιν τῷ λόγῳ, διὰ τῆς τῶν γυναικῶν ἀναστροφῆς ἄνευ λόγου κερδηθήσονται,
3c03020064	ἐποπτεύσαντες τὴν ἐν φόβῳ ἁγνὴν ἀναστροφὴν ὑμῶν·
3c030300aa	ὧν ἔστω οὐχ ὁ ἔξωθεν ἐμπλοκῆς τριχῶν καὶ περιθέσεως χρυσίων ἢ ἐνδύσεως ἱματίων κόσμος,
3c030400eb	ἀλλ᾽ ὁ κρυπτὸς τῆς καρδίας ἄνθρωπος ἐν τῷ ἀφθάρτῳ τοῦ πραέως καὶ ἡσυχίου πνεύματος, ὅ ἐστιν ἐνώπιον τοῦ θεοῦ πολυτελές.
3c030500de	οὕτως γάρ ποτε καὶ αἱ ἅγιαι γυναῖκες αἱ ἐλπίζουσαι εἰς θεὸν ἐκόσμουν ἑαυτάς, ὑποτασσόμεναι τοῖς ἰδίοις ἀνδράσιν·
3c030600ec	ὡς Σάῤῥα ὑπήκουσεν τῷ Ἀβραὰμ κύριον αὐτὸν καλοῦσα, ἧς ἐγενήθητε τέκνα ἀγαθοποιοῦσαι καὶ μὴ φοβούμεναι μηδεμίαν πτόησιν.
3c03070158	Οἱ ἄνδρες ὁμοίως, συνοικοῦντες κατὰ γνῶσιν, ὡς ἀσθενεστέρῳ σκεύει τῷ γυναικείῳ ἀπονέμοντες τιμὴν ὡς καὶ συγκληρονόμοις χάριτος ζωῆς, εἰς τὸ μὴ ἐγκόπτεσθαι τὰς προσευχὰς ὑμῶν.
3c03080098	Τὸ δὲ τέλος πάντες ὁμόφρονες, συμπαθεῖς, φιλάδελφοι, εὔσπλαγχνοι, ταπεινόφρονες,
3c03090110	μὴ ἀποδιδόντες κακὸν ἀντὶ κακοῦ ἢ λοιδορίαν ἀντὶ λοιδορίας, τοὐναντίον δὲ εὐλογοῦντες, ὅτι εἰς τοῦτο ἐκλήθητε ἵνα εὐλογίαν κληρονομήσητε.
3c030a00db	Ὁ γὰρ θέλων ζωὴν ἀγαπᾶν, καὶ ἰδεῖν ἡμέρας ἀγαθὰς παυσάτω τὴν γλῶσσαν ἀπὸ κακοῦ καὶ χείλη τοῦ μὴ λαλῆσαι δόλον.
3c030b009b	ἐκκλινάτω δὲ ἀπὸ κακοῦ καὶ ποιησάτω ἀγαθόν, ζητησάτω εἰρήνην καὶ διωξάτω αὐτήν.
3c030c00cd	ὅτι ὀφθαλμοὶ κυρίου ἐπὶ δικαίους, καὶ ὦτα αὐτοῦ εἰς δέησιν αὐτῶν, πρόσωπον δὲ κυρίου ἐπὶ ποιοῦντας κακά.
3c030d006d	καὶ τίς ὁ κακώσων ὑμᾶς, ἐὰν τοῦ ἀγαθοῦ ζηλωταὶ γένησθε;
3c030e00b9	ἀλλ᾽ εἰ καὶ πάσχοιτε διὰ δικαιοσύνην, μακάριοι. τὸν δὲ φόβον αὐτῶν μὴ φοβηθῆτε μηδὲ ταραχθῆτε·
3c030f010f	κύριον δὲ τὸν χριστὸν ἁγιάσατε ἐν ταῖς καρδίαις ὑμῶν. ἕτοιμοι ἀεὶ πρὸς ἀπολογίαν παντὶ τῷ αἰτοῦντι ὑμᾶς λόγον περὶ τῆς ἐν ὑμῖν ἐλπίδος,
3c0310014d	ἀλλὰ μετὰ πραΰτητος καὶ φόβου· συνείδησιν ἔχοντες ἀγαθήν, ἵνα ἐν ᾧ καταλαλοῦσιν ὑμῶν ὡς κακοποιῶν, καταισχυνθῶσιν οἱ ἐπηρεάζοντες ὑμῶν τὴν ἀγαθὴν ἐν χριστῷ ἀναστροφήν.
3c031100a1	κρεῖττον γὰρ ἀγαθοποιοῦντας, εἰ θέλοι τὸ θέλημα τοῦ θεοῦ, πάσχειν ἢ κακοποιοῦντας·
3c03120112	ὅτι καὶ χριστὸς ἅπαξ περὶ ἁμαρτιῶν ἀπέθανεν, δίκαιος ὑπὲρ ἀδίκων, ἵνα ἡμᾶς προσαγάγῃ τῷ θεῷ, θανατωθεὶς μὲν σαρκί, ζωοποιηθεὶς δὲ πνεύματι,
3c03130069	ἐν ᾧ καὶ τοῖς ἐν φυλακῇ πνεύμασιν πορευθεὶς ἐκήρυξεν,
3c03140130	ἀπειθήσασίν ποτε, ὅτε ἀπεξεδέχετο ἡ τοῦ θεοῦ μακροθυμία ἐν ἡμέραις Νῶε κατασκευαζομένης κιβωτοῦ, εἰς ἣν ὀλίγοι, τουτέστιν ὀκτὼ ψυχαὶ διεσώθησαν δι᾽ ὕδατος·
3c03150117	ὃ καὶ ὑμᾶς ἀντίτυπον νῦν σώζει βάπτισμα, (οὐ σαρκὸς ἀπόθεσις ῥύπου, ἀλλὰ συνειδήσεως ἀγαθῆς ἐπερώτημα εἰς θεόν), δι᾽ ἀναστάσεως Ἰησοῦ χριστοῦ,
3c031600c2	ὅς ἐστιν ἐν δεξιᾷ θεοῦ πορευθεὶς εἰς οὐρανόν, ὑποταγέντων αὐτῷ ἀγγέλων καὶ ἐξουσιῶν καὶ δυνάμεων.
3c040100cc	Χριστοῦ οὖν παθόντος σαρκὶ καὶ ὑμεῖς τὴν αὐτὴν ἔννοιαν ὁπλίσασθε, ὅτι ὁ παθὼν σαρκὶ πέπαυται ἁμαρτίας·
3c040200b3	εἰς τὸ μηκέτι ἀνθρώπων ἐπιθυμίαις, ἀλλὰ θελήματι θεοῦ τὸν ἐπίλοιπον ἐν σαρκὶ βιῶσαι χρόνον.
3c04030149	ἀρκετὸς γὰρ ὁ παρεληλυθὼς χρόνος τὸ βούλημα τῶν ἐθνῶν κατειργάσθαι, πεπορευμένους ἐν ἀσελγείαις, ἐπιθυμίαις, οἰνοφλυγίαις, κώμοις, πότοις, καὶ ἀθεμίτοις εἰδωλολατρείαις·
3c040400ad	ἐν ᾧ ξενίζονται μὴ συντρεχόντων ὑμῶν εἰς τὴν αὐτὴν τῆς ἀσωτίας ἀνάχυσιν, βλασφημοῦντες,
3c04050080	οἳ ἀποδώσουσιν λόγον τῷ ἑτοίμως ἔχοντι κρῖναι ζῶντας καὶ νεκρούς.
3c040600d0	εἰς τοῦτο γὰρ καὶ νεκροῖς εὐηγγελίσθη, ἵνα κριθῶσιν μὲν κατὰ ἀνθρώπους σαρκί, ζῶσιν δὲ κατὰ θεὸν πνεύματι.
3c04070085	Πάντων δὲ τὸ τέλος ἤγγικεν· σωφρονήσατε οὖν καὶ νήψατε εἰς προσευχάς,
3c040800aa	πρὸ πάντων τὴν εἰς ἑαυτοὺς ἀγάπην ἐκτενῆ ἔχοντες, ὅτι ἀγάπη καλύπτει πλῆθος ἁμαρτιῶν.
3c0409004c	φιλόξενοι εἰς ἀλλήλους ἄνευ γογγυσμοῦ·
3c040a00c9	ἕκαστος καθὼς ἔλαβεν χάρισμα, εἰς ἑαυτοὺς αὐτὸ διακονοῦντες ὡς καλοὶ οἰκονόμοι ποικίλης χάριτος θεοῦ·
3c040b0171	εἴ τις λαλεῖ, ὡς λόγια θεοῦ· εἴ τις διακονεῖ, ὡς ἐξ ἰσχύος ἧς χορηγεῖ ὁ θεός· ἵνα ἐν πᾶσιν δοξάζηται ὁ θεὸς διὰ Ἰησοῦ χριστοῦ, ᾧ ἐστιν ἡ δόξα καὶ τὸ κράτος εἰς τοὺς αἰῶνας τῶν αἰώνων. ἀμήν.
3c040c00c4	Ἀγαπητοί, μὴ ξενίζεσθε τῇ ἐν ὑμῖν πυρώσει πρὸς πειρασμὸν ὑμῖν γινομένῃ, ὡς ξένου ὑμῖν συμβαίνοντος·
3c040d00ea	ἀλλὰ καθὸ κοινωνεῖτε τοῖς τοῦ χριστοῦ παθήμασιν χαίρετε, ἵνα καὶ ἐν τῇ ἀποκαλύψει τῆς δόξης αὐτοῦ χαρῆτε ἀγαλλιώμενοι.
3c040e00d1	εἰ ὀνειδίζεσθε ἐν ὀνόματι χριστοῦ, μακάριοι· ὅτι τὸ τῆς δόξης καὶ τὸ τοῦ θεοῦ πνεῦμα ἐφ᾽ ὑμᾶς ἀναπαύεται.
3c040f009a	μὴ γάρ τις ὑμῶν πασχέτω ὡς φονεὺς ἢ κλέπτης ἢ κακοποιὸς ἢ ὡς ἀλλοτριεπίσκοπος·
3c04100096	εἰ δὲ ὡς χριστιανός, μὴ αἰσχυνέσθω, δοξαζέτω δὲ τὸν θεὸν ἐν τῷ ὀνόματι τούτῳ.
3c04110109	ὅτι ὁ καιρὸς τοῦ ἄρξασθαι τὸ κρῖμα ἀπὸ τοῦ οἴκου τοῦ θεοῦ· εἰ δὲ πρῶτον ἀφ᾽ ἡμῶν, τί τὸ τέλος τῶν ἀπειθούντων τῷ τοῦ θεοῦ εὐαγγελίῳ;
3c04120086	καὶ εἰ ὁ δίκαιος μόλις σώζεται, ὁ ἀσεβὴς καὶ ἁμαρτωλὸς ποῦ φανεῖται;
3c041300d0	ὥστε καὶ οἱ πάσχοντες κατὰ τὸ θέλημα τοῦ θεοῦ, πιστῷ κτίστῃ παρατιθέσθωσαν τὰς ψυχὰς αὐτῶν ἐν ἀγαθοποιΐᾳ.
3c0501010f	Πρεσβυτέρους οὖν ἐν ὑμῖν παρακαλῶ ὁ συμπρεσβύτερος καὶ μάρτυς τῶν τοῦ χριστοῦ παθημάτων, ὁ καὶ τῆς μελλούσης ἀποκαλύπτεσθαι δόξης κοινωνός,
3c050200fc	ποιμάνατε τὸ ἐν ὑμῖν ποίμνιον τοῦ θεοῦ, ἐπισκοποῦντες μὴ ἀναγκαστῶς, ἀλλὰ ἑκουσίως κατὰ θεόν, μηδὲ αἰσχροκερδῶς ἀλλὰ προθύμως·
3c05030087	μηδ᾽ ὡς κατακυριεύοντες τῶν κλήρων ἀλλὰ τύποι γινόμενοι τοῦ ποιμνίου·
3c0504009b	καὶ φανερωθέντος τοῦ ἀρχιποίμενος κομιεῖσθε τὸν ἀμαράντινον τῆς δόξης στέφανον.
3c05050131	ὁμοίως νεώτεροι ὑποτάγητε πρεσβυτέροις, πάντες δὲ ἀλλήλοις τὴν ταπεινοφροσύνην ἐγκομβώσασθε, ὅτι ὁ θεὸς ὑπερηφάνοις ἀντιτάσσεται, ταπεινοῖς δὲ δίδωσιν χάριν.
3c05060093	ταπεινώθητε οὖν ὑπὸ τὴν κραταιὰν χεῖρα τοῦ θεοῦ, ἵνα ὑμᾶς ὑψώσῃ ἐν καιρῷ,
3c05070091	πᾶσαν τὴν μέριμναν ὑμῶν ἐπιρίψαντες ἐπ᾽ αὐτόν, ὅτι αὐτῷ μέλει περὶ ὑμῶν.
3c050800b3	νήψατε, γρηγορήσατε, ὁ ἀντίδικος ὑμῶν διάβολος ὡς λέων ὠρυόμενος περιπατεῖ, ζητῶν καταπιεῖν·
3c050900d2	ᾧ ἀντίστητε στερεοὶ τῇ πίστει, εἰδότες τὰ αὐτὰ τῶν παθημάτων τῇ ἐν τῷ κόσμῳ ὑμῶν ἀδελφότητι ἐπιτελεῖσθαι.
3c050a010d	Ὁ δὲ θεὸς πάσης χάριτος ὁ καλέσας ὑμᾶς εἰς τὴν αἰώνιον αὐτοῦ δόξαν ἐν χριστῷ [Ἰησοῦ] ὀλίγον παθόντας, αὐτὸς καταρτίσει, στηρίξει, σθενώσει,
3c050b0060	αὐτῷ τὸ κράτος εἰς τοὺς αἰῶνας τῶν αἰώνων. ἀμήν.
3c050c0120	Διὰ Σιλουανοῦ ὑμῖν τοῦ πιστοῦ ἀδελφοῦ, ὡς λογίζομαι, δι᾽ ὀλίγων ἔγραψα παρακαλῶν καὶ ἐπιμαρτυρῶν ταύτην εἶναι ἀληθῆ χάριν τοῦ θεοῦ, εἰς ἣν στῆτε.
3c050d007b	ἀσπάζεται ὑμᾶς ἡ ἐν Βαβυλῶνι συνεκλεκτή, καὶ Μάρκος ὁ υἱός μου.
3c050e00a2	ἀσπάσασθε ἀλλήλους ἐν φιλήματι ἀγάπης. εἰρήνη ὑμῖν πᾶσιν τοῖς ἐν χριστῷ. ΠΕΤΡΟΥ Αʹ.
3d00000011	Πετρου Β΄
3d01010117	Συμεὼν Πέτρος δοῦλος καὶ ἀπόστολος Ἰησοῦ χριστοῦ τοῖς ἰσότιμον ἡμῖν λαχοῦσιν πίστιν ἐν δικαιοσύνῃ τοῦ θεοῦ ἡμῶν καὶ σωτῆρος Ἰησοῦ χριστοῦ·
3d010200a2	χάρις ὑμῖν καὶ εἰρήνη πληθυνθείη ἐν ἐπιγνώσει τοῦ θεοῦ καὶ Ἰησοῦ τοῦ κυρίου ἡμῶν.
3d01030112	ὡς πάντα ἡμῖν τῆς θείας δυνάμεως αὐτοῦ τὰ πρὸς ζωὴν καὶ εὐσέβειαν δεδωρημένης διὰ τῆς ἐπιγνώσεως τοῦ καλέσαντος ἡμᾶς ἰδίᾳ δόξῃ καὶ ἀρετῇ,
3d01040123	δι᾽ ὧν τὰ μέγιστα καὶ τίμια ἡμῖν ἐπαγγέλματα δεδώρηται, ἵνα διὰ τούτων γένησθε θείας κοινωνοὶ φύσεως, ἀποφυγόντες τῆς ἐν τῷ κόσμῳ ἐν ἐπιθυμίᾳ φθορᾶς.
3d010500ee	καὶ αὐτὸ τοῦτο δὲ σπουδὴν πᾶσαν παρεισενέγκαντες ἐπιχορηγήσατε ἐν τῇ πίστει ὑμῶν τὴν ἀρετήν, ἐν δὲ τῇ ἀρετῇ τὴν γνῶσιν,
3d010600bf	ἐν δὲ τῇ γνώσει τὴν ἐγκράτειαν, ἐν δὲ τῇ ἐγκρατείᾳ τὴν ὑπομονήν, ἐν δὲ τῇ ὑπομονῇ τὴν εὐσέβειαν,
3d01070083	ἐν δὲ τῇ εὐσεβείᾳ τὴν φιλαδελφίαν, ἐν δὲ τῇ φιλαδελφίᾳ τὴν ἀγάπην.
3d010800fd	ταῦτα γὰρ ὑμῖν ὑπάρχοντα καὶ πλεονάζοντα οὐκ ἀργοὺς οὐδὲ ἀκάρπους καθίστησιν εἰς τὴν τοῦ κυρίου ἡμῶν Ἰησοῦ χριστοῦ ἐπίγνωσιν·
3d010900c9	ᾧ γὰρ μὴ πάρεστιν ταῦτα, τυφλός ἐστιν, μυωπάζων, λήθην λαβὼν τοῦ καθαρισμοῦ τῶν πάλαι αὐτοῦ ἁμαρτημάτων.
3d010a00ea	διὸ μᾶλλον, ἀδελφοί, σπουδάσατε βεβαίαν ὑμῶν τὴν κλῆσιν καὶ ἐκλογὴν ποιεῖσθαι· ταῦτα γὰρ ποιοῦντες οὐ μὴ πταίσητέ ποτε.
3d010b00ee	οὕτως γὰρ πλουσίως ἐπιχορηγηθήσεται ὑμῖν ἡ εἴσοδος εἰς τὴν αἰώνιον βασιλείαν τοῦ κυρίου ἡμῶν καὶ σωτῆρος Ἰησοῦ χριστοῦ.
3d010c00cd	Διὸ μελλήσω ἀεὶ ὑμᾶς ὑπομιμνήσκειν περὶ τούτων, καίπερ εἰδότας καὶ ἐστηριγμένους ἐν τῇ παρούσῃ ἀληθείᾳ.
3d010d00ac	δίκαιον δὲ ἡγοῦμαι, ἐφ᾽ ὅσον εἰμὶ ἐν τούτῳ τῷ σκηνώματι, διεγείρειν ὑμᾶς ἐν ὑπομνήσει·
3d010e00d1	εἰδὼς ὅτι ταχινή ἐστιν ἡ ἀπόθεσις τοῦ σκηνώματός μου, καθὼς καὶ ὁ κύριος ἡμῶν Ἰησοῦς χριστὸς ἐδήλωσέν μοι.
3d010f00a9	σπουδάσω δὲ καὶ ἑκάστοτε ἔχειν ὑμᾶς μετὰ τὴν ἐμὴν ἔξοδον τὴν τούτων μνήμην ποιεῖσθαι.
3d0110014e	Οὐ γὰρ σεσοφισμένοις μύθοις ἐξακολουθήσαντες ἐγνωρίσαμεν ὑμῖν τὴν τοῦ κυρίου ἡμῶν Ἰησοῦ χριστοῦ δύναμιν καὶ παρουσίαν, ἀλλ᾽ ἐπόπται γενηθέντες τῆς ἐκείνου μεγαλειότητος.
3d01110138	λαβὼν γὰρ παρὰ θεοῦ πατρὸς τιμὴν καὶ δόξαν φωνῆς ἐνεχθείσης αὐτῷ τοιᾶσδε ὑπὸ τῆς μεγαλοπρεποῦς δόξης, Οὗτός ἐστιν ὁ υἱός μου ὁ ἀγαπητός, εἰς ὃν ἐγὼ εὐδόκησα.
3d011200b8	καὶ ταύτην τὴν φωνὴν ἡμεῖς ἠκούσαμεν ἐξ οὐρανοῦ ἐνεχθεῖσαν σὺν αὐτῷ ὄντες ἐν τῷ ἁγίῳ ὄρει.
3d0113015c	καὶ ἔχομεν βεβαιότερον τὸν προφητικὸν λόγον, ᾧ καλῶς ποιεῖτε προσέχοντες, (ὡς λύχνῳ φαίνοντι ἐν αὐχμηρῷ τόπῳ, ἕως οὗ ἡμέρα διαυγάσῃ καὶ φωσφόρος ἀνατείλῃ), ἐν ταῖς καρδίαις ὑμῶν·
3d0114009a	τοῦτο πρῶτον γινώσκοντες, ὅτι πᾶσα προφητεία γραφῆς ἰδίας ἐπιλύσεως οὐ γίνεται.
3d011500dc	οὐ γὰρ θελήματι ἀνθρώπου ἠνέχθη προφητεία ποτέ, ἀλλὰ ὑπὸ πνεύματος ἁγίου φερόμενοι ἐλάλησαν ἅγιοι θεοῦ ἄνθρωποι.
3d02010195	Ἐγένοντο δὲ καὶ ψευδοπροφῆται ἐν τῷ λαῷ, ὡς καὶ ἐν ὑμῖν ἔσονται ψευδοδιδάσκαλοι, οἵτινες παρεισάξουσιν αἱρέσεις ἀπωλείας, καὶ τὸν ἀγοράσαντα αὐτοὺς δεσπότην ἀρνούμενοι, ἐπάγοντες ἑαυτοῖς ταχινὴν ἀπώλειαν·
3d020200bf	καὶ πολλοὶ ἐξακολουθήσουσιν αὐτῶν ταῖς ἀσελγείαις, δι᾽ οὓς ἡ ὁδὸς τῆς ἀληθείας βλασφημηθήσεται·
3d020300e9	καὶ ἐν πλεονεξίᾳ πλαστοῖς λόγοις ὑμᾶς ἐμπορεύσονται, οἷς τὸ κρῖμα ἔκπαλαι οὐκ ἀργεῖ, καὶ ἡ ἀπώλεια αὐτῶν οὐ νυστάζει.
3d020400db	εἰ γὰρ ὁ θεὸς ἀγγέλων ἁμαρτησάντων οὐκ ἐφείσατο, ἀλλὰ σειροῖς ζόφου ταρταρώσας παρέδωκεν εἰς κρίσιν τηρουμένους,
3d020500d9	καὶ ἀρχαίου κόσμου οὐκ ἐφείσατο, ἀλλὰ ὄγδοον Νῶε δικαιοσύνης κήρυκα ἐφύλαξεν, κατακλυσμὸν κόσμῳ ἀσεβῶν ἐπάξας,
3d020600c5	καὶ πόλεις Σοδόμων καὶ Γομόῤῥας τεφρώσας καταστροφῇ κατέκρινεν, ὑπόδειγμα μελλόντων ἀσεβεῖν τεθεικώς,
3d020700a6	καὶ δίκαιον Λὼτ καταπονούμενον ὑπὸ τῆς τῶν ἀθέσμων ἐν ἀσελγείᾳ ἀναστροφῆς ἐρύσατο·
3d020800dd	βλέμματι γὰρ καὶ ἀκοῇ ὁ δίκαιος ἐγκατοικῶν ἐν αὐτοῖς ἡμέραν ἐξ ἡμέρας ψυχὴν δικαίαν ἀνόμοις ἔργοις ἐβασάνιζεν·
3d020900ba	οἶδεν κύριος εὐσεβεῖς ἐκ πειρασμοῦ ῥύεσθαι, ἀδίκους δὲ εἰς ἡμέραν κρίσεως κολαζομένους τηρεῖν·
3d020a011d	μάλιστα δὲ τοὺς ὀπίσω σαρκὸς ἐν ἐπιθυμίᾳ μιασμοῦ πορευομένους καὶ κυριότητος καταφρονοῦντας. τολμηταί, αὐθάδεις, δόξας οὐ τρέμουσιν βλασφημοῦντες·
3d020b00c1	ὅπου ἄγγελοι ἰσχύϊ καὶ δυνάμει μείζονες ὄντες, οὐ φέρουσιν κατ᾽ αὐτῶν [παρὰ κυρίῳ] βλάσφημον κρίσιν.
3d020c00ff	οὗτοι δέ, ὡς ἄλογα ζῶα γεγεννημένα φυσικὰ εἰς ἅλωσιν καὶ φθοράν, ἐν οἷς ἀγνοοῦσιν βλασφημοῦντες ἐν τῇ φθορᾷ αὐτῶν καὶ φθαρήσονται
3d020d0112	κομιούμενοι μισθὸν ἀδικίας. ἡδονὴν ἡγούμενοι τὴν ἐν ἡμέρᾳ τρυφήν, σπίλοι καὶ μῶμοι, ἐντρυφῶντες ἐν ταῖς ἀγάπαις αὐτῶν συνευωχούμενοι ὑμῖν,
3d020e0127	ὀφθαλμοὺς ἔχοντες μεστοὺς μοιχαλίδος καὶ ἀκαταπαύστους ἁμαρτίας, δελεάζοντες ψυχὰς ἀστηρίκτους, καρδίαν γεγυμνασμένην πλεονεξίας ἔχοντες, κατάρας τέκνα,
3d020f00df	καταλιπόντες εὐθεῖαν ὁδὸν ἐπλανήθησαν, ἐξακολουθήσαντες τῇ ὁδῷ τοῦ Βαλαὰμ τοῦ Βοσόρ, ὃς μισθὸν ἀδικίας ἠγάπησεν,
3d021000ea	ἔλεγξιν δὲ ἔσχεν ἰδίας παρανομίας· ὑποζύγιον ἄφωνον ἐν ἀνθρώπου φωνῇ φθεγξάμενον ἐκώλυσεν τὴν τοῦ προφήτου παραφρονίαν.
3d021100c1	οὗτοί εἰσιν πηγαὶ ἄνυδροι, καὶ ὁμίχλαι ὑπὸ λαίλαπος ἐλαυνόμεναι, οἷς ὁ ζόφος τοῦ σκότους τετήρηται.
3d0212010f	ὑπέρογκα γὰρ ματαιότητος φθεγγόμενοι, δελεάζουσιν ἐν ἐπιθυμίαις σαρκὸς ἀσελγείαις, τοὺς ὀλίγως ἀποφεύγοντας τοὺς ἐν πλάνῃ ἀναστρεφομένους,
3d021300db	ἐλευθερίαν αὐτοῖς ἐπαγγελλόμενοι, αὐτοὶ δοῦλοι ὑπάρχοντες τῆς φθορᾶς· ᾧ γάρ τις ἥττηται, τούτῳ [καὶ] δεδούλωται.
3d02140159	εἰ γὰρ ἀποφυγόντες τὰ μιάσματα τοῦ κόσμου ἐν ἐπιγνώσει τοῦ κυρίου καὶ σωτῆρος Ἰησοῦ χριστοῦ, τούτοις δὲ πάλιν ἐμπλακέντες ἡττῶνται, γέγονεν αὐτοῖς τὰ ἔσχατα χείρονα τῶν πρώτων.
3d02150104	κρεῖττον γὰρ ἦν αὐτοῖς μὴ ἐπεγνωκέναι τὴν ὁδὸν τῆς δικαιοσύνης, ἢ ἐπιγνοῦσιν ὑποστρέψαι ἐκ τῆς παραδοθείσης αὐτοῖς ἁγίας ἐντολῆς.
3d021600ef	συμβέβηκεν αὐτοῖς τὸ τῆς ἀληθοῦς παροιμίας, Κύων ἐπιστρέψας ἐπὶ τὸ ἴδιον ἐξέραμα· καί, Ὗς λουσαμένη εἰς κυλισμὸν βορβόρου.
3d030100d7	Ταύτην ἤδη, ἀγαπητοί, δευτέραν ὑμῖν γράφω ἐπιστολήν, ἐν αἷς διεγείρω ὑμῶν ἐν ὑπομνήσει τὴν εἰλικρινῆ διάνοιαν,
3d030200eb	μνησθῆναι τῶν προειρημένων ῥημάτων ὑπὸ τῶν ἁγίων προφητῶν καὶ τῆς τῶν ἀποστόλων ὑμῶν ἐντολῆς, τοῦ κυρίου καὶ σωτῆρος·
3d03030108	τοῦτο πρῶτον γινώσκοντες, ὅτι ἐλεύσονται ἐπ᾽ ἐσχάτων τῶν ἡμερῶν ἐν ἐμπαιγμονῇ ἐμπαῖκται, κατὰ τὰς ἰδίας ἐπιθυμίας αὐτῶν πορευόμενοι
3d03040101	καὶ λέγοντες, Ποῦ ἐστιν ἡ ἐπαγγελία τῆς παρουσίας αὐτοῦ; ἀφ᾽ ἧς γὰρ οἱ πατέρες ἐκοιμήθησαν, πάντα οὕτως διαμένει ἀπ᾽ ἀρχῆς κτίσεως.
3d030500f0	Λανθάνει γὰρ αὐτοὺς τοῦτο θέλοντας, ὅτι οὐρανοὶ ἦσαν ἔκπαλαι, καὶ γῆ ἐξ ὕδατος καὶ δι᾽ ὕδατος συνεστῶσα τῷ τοῦ θεοῦ λόγῳ,
3d0306005e	δι᾽ ὧν ὁ τότε κόσμος ὕδατι κατακλυσθεὶς ἀπώλετο,
3d03070107	οἱ δὲ νῦν οὐρανοὶ καὶ ἡ γῆ τῷ αὐτοῦ λόγῳ τεθησαυρισμένοι εἰσὶν πυρὶ τηρούμενοι εἰς ἡμέραν κρίσεως καὶ ἀπωλείας τῶν ἀσεβῶν ἀνθρώπων.
3d030800cf	ἓν δὲ τοῦτο μὴ λανθανέτω ὑμᾶς, ἀγαπητοί, ὅτι μία ἡμέρα παρὰ κυρίῳ ὡς χίλια ἔτη, καὶ χίλια ἔτη ὡς ἡμέρα μία.
3d0309012f	οὐ βραδύνει κύριος τῆς ἐπαγγελίας, ὥς τινες βραδύτητα ἡγοῦνται· ἀλλὰ μακροθυμεῖ εἰς ὑμᾶς, μὴ βουλόμενός τινας ἀπολέσθαι, ἀλλὰ πάντας εἰς μετάνοιαν χωρῆσαι.
3d030a011f	ἥξει δὲ ἡμέρα κυρίου ὡς κλέπτης, ἐν ᾗ οἱ οὐρανοὶ ῥοιζηδὸν παρελεύσονται, στοιχεῖα δὲ καυσούμενα λυθήσεται, καὶ γῆ καὶ τὰ ἐν αὐτῇ ἔργα εὑρεθήσεται.
3d030b00b6	Τούτων οὖν πάντων λυομένων, ποταποὺς δεῖ ὑπάρχειν ὑμᾶς ἐν ἁγίαις ἀναστροφαῖς καὶ εὐσεβείαις,
3d030c0103	προσδοκῶντας καὶ σπεύδοντας τὴν παρουσίαν τῆς τοῦ θεοῦ ἡμέρας, δι᾽ ἣν οὐρανοὶ πυρούμενοι λυθήσονται, καὶ στοιχεῖα καυσούμενα τήκεται;
3d030d00c6	καινοὺς δὲ οὐρανοὺς καὶ γῆν καινὴν κατὰ τὸ ἐπάγγελμα αὐτοῦ προσδοκῶμεν, ἐν οἷς δικαιοσύνη κατοικεῖ.
3d030e00b5	διό, ἀγαπητοί, ταῦτα προσδοκῶντες σπουδάσατε ἄσπιλοι καὶ ἀμώμητοι αὐτῷ εὑρεθῆναι ἐν εἰρήνῃ,
3d030f0116	καὶ τὴν τοῦ κυρίου ἡμῶν μακροθυμίαν σωτηρίαν ἡγεῖσθε, καθὼς καὶ ὁ ἀγαπητὸς ἡμῶν ἀδελφὸς Παῦλος κατὰ τὴν δοθεῖσαν αὐτῷ σοφίαν ἔγραψεν ὑμῖν,
3d03100169	ὡς καὶ ἐν πάσαις ἐπιστολαῖς, λαλῶν ἐν αὐταῖς περὶ τούτων· ἐν αἷς ἐστιν δυσνόητά τινα, ἃ οἱ ἀμαθεῖς καὶ ἀστήρικτοι στρεβλοῦσιν, ὡς καὶ τὰς λοιπὰς γραφάς, πρὸς τὴν ἰδίαν αὐτῶν ἀπώλειαν.
3d031100e8	Ὑμεῖς οὖν, ἀγαπητοί, προγινώσκοντες φυλάσσεσθε ἵνα μὴ τῇ τῶν ἀθέσμων πλάνῃ συναπαχθέντες ἐκπέσητε τοῦ ἰδίου στηριγμοῦ,
3d0312010b	αὐξάνετε δὲ ἐν χάριτι καὶ γνώσει τοῦ κυρίου ἡμῶν καὶ σωτῆρος Ἰησοῦ χριστοῦ. αὐτῷ ἡ δόξα καὶ νῦν καὶ εἰς ἡμέραν αἰῶνος. [ἀμήν]. ΠΕΤΡΟΥ Βʹ.
3e00000013	Ιωαννου Α΄
3e01010104	Ὃ ἦν ἀπ᾽ ἀρχῆς, ὃ ἀκηκόαμεν, ὃ ἑωράκαμεν τοῖς ὀφθαλμοῖς ἡμῶν, ὃ ἐθεασάμεθα καὶ αἱ χεῖρες ἡμῶν ἐψηλάφησαν περὶ τοῦ λόγου τῆς ζωῆς·
3e01020118	(καὶ ἡ ζωὴ ἐφανερώθη, καὶ ἑωράκαμεν, καὶ μαρτυροῦμεν καὶ ἀπαγγέλλομεν ὑμῖν τὴν ζωὴν τὴν αἰώνιον, ἥτις ἦν πρὸς τὸν πατέρα, καὶ ἐφανερώθη ἡμῖν·)
3e0103015c	ὃ ἑωράκαμεν καὶ ἀκηκόαμεν, ἀπαγγέλλομεν καὶ ὑμῖν, ἵνα καὶ ὑμεῖς κοινωνίαν ἔχητε μεθ᾽ ἡμῶν· καὶ ἡ κοινωνία δὲ ἡ ἡμετέρα μετὰ τοῦ πατρὸς καὶ μετὰ τοῦ υἱοῦ αὐτοῦ Ἰησοῦ χριστοῦ.
3e0104006f	καὶ ταῦτα γράφομεν ἡμεῖς, ἵνα ἡ χαρὰ ἡμῶν ᾖ πεπληρωμένη.
3e01050105	καὶ ἔστιν αὕτη ἡ ἀγγελία ἣν ἀκηκόαμεν ἀπ᾽ αὐτοῦ, καὶ ἀναγγέλλομεν ὑμῖν, ὅτι ὁ θεὸς φῶς ἐστιν καὶ σκοτία οὐκ ἔστιν ἐν αὐτῷ οὐδεμία.
3e010600e2	ἐὰν εἴπωμεν ὅτι κοινωνίαν ἔχομεν μετ᾽ αὐτοῦ, καὶ ἐν τῷ σκότει περιπατῶμεν, ψευδόμεθα καὶ οὐ ποιοῦμεν τὴν ἀλήθειαν·
3e01070137	ἐὰν δὲ ἐν τῷ φωτὶ περιπατῶμεν, ὡς αὐτός ἐστιν ἐν τῷ φωτί, κοινωνίαν ἔχομεν μετ᾽ ἀλλήλων, καὶ τὸ αἷμα Ἰησοῦ τοῦ υἱοῦ αὐτοῦ καθαρίζει ἡμᾶς ἀπὸ πάσης ἁμαρτίας.
3e010800ae	ἐὰν εἴπωμεν ὅτι ἁμαρτίαν οὐκ ἔχομεν, ἑαυτοὺς πλανῶμεν καὶ ἡ ἀλήθεια ἐν ἡμῖν οὐκ ἔστιν.
3e010900f7	ἐὰν ὁμολογῶμεν τὰς ἁμαρτίας ἡμῶν, πιστός ἐστιν καὶ δίκαιος, ἵνα ἀφῇ ἡμῖν τὰς ἁμαρτίας, καὶ καθαρίσῃ ἡμᾶς ἀπὸ πάσης ἀδικίας.
3e010a00b9	ἐὰν εἴπωμεν ὅτι οὐχ ἡμαρτήκαμεν, ψεύστην ποιοῦμεν αὐτὸν καὶ ὁ λόγος αὐτοῦ οὐκ ἔστιν ἐν ἡμῖν.
3e020100f1	Τεκνία μου, ταῦτα γράφω ὑμῖν ἵνα μὴ ἁμάρτητε· καὶ ἐάν τις ἁμάρτῃ, παράκλητον ἔχομεν πρὸς τὸν πατέρα, Ἰησοῦν χριστὸν δίκαιον,
3e020200db	καὶ αὐτὸς ἱλασμός ἐστιν περὶ τῶν ἁμαρτιῶν ἡμῶν· οὐ περὶ τῶν ἡμετέρων δὲ μόνον, ἀλλὰ καὶ περὶ ὅλου τοῦ κόσμου.
3e02030097	καὶ ἐν τούτῳ γινώσκομεν ὅτι ἐγνώκαμεν αὐτόν, ἐὰν τὰς ἐντολὰς αὐτοῦ τηρῶμεν.
3e020400d2	ὁ λέγων ὅτι ἔγνωκα αὐτόν, καὶ τὰς ἐντολὰς αὐτοῦ μὴ τηρῶν, ψεύστης ἐστίν, καὶ ἐν τούτῳ ἡ ἀλήθεια οὐκ ἔστιν·
3e020500e4	ὃς δ᾽ ἂν τηρῇ αὐτοῦ τὸν λόγον, ἀληθῶς ἐν τούτῳ ἡ ἀγάπη τοῦ θεοῦ τετελείωται. ἐν τούτῳ γινώσκομεν ὅτι ἐν αὐτῷ ἐσμεν.
3e020600a0	ὁ λέγων ἐν αὐτῷ μένειν ὀφείλει, καθὼς ἐκεῖνος περιεπάτησεν, καὶ αὐτὸς περιπατεῖν.
3e02070100	Ἀγαπητοί, οὐκ ἐντολὴν καινὴν γράφω ὑμῖν, ἀλλ᾽ ἐντολὴν παλαιὰν ἣν εἴχετε ἀπ᾽ ἀρχῆς· ἡ ἐντολὴ ἡ παλαιά ἐστιν ὁ λόγος ὃν ἠκούσατε.
3e020800fc	πάλιν ἐντολὴν καινὴν γράφω ὑμῖν, ὅ ἐστιν ἀληθὲς ἐν αὐτῷ καὶ ἐν ὑμῖν, ὅτι ἡ σκοτία παράγεται, καὶ τὸ φῶς τὸ ἀληθινὸν ἤδη φαίνει.
3e020900a5	ὁ λέγων ἐν τῷ φωτὶ εἶναι καὶ τὸν ἀδελφὸν αὐτοῦ μισῶν, ἐν τῇ σκοτίᾳ ἐστὶν ἕως ἄρτι.
3e020a009c	ὁ ἀγαπῶν τὸν ἀδελφὸν αὐτοῦ, ἐν τῷ φωτὶ μένει, καὶ σκάνδαλον ἐν αὐτῷ οὐκ ἔστιν.
3e020b0126	ὁ δὲ μισῶν τὸν ἀδελφὸν αὐτοῦ ἐν τῇ σκοτίᾳ ἐστίν, καὶ ἐν τῇ σκοτίᾳ περιπατεῖ καὶ οὐκ οἶδεν ποῦ ὑπάγει, ὅτι ἡ σκοτία ἐτύφλωσεν τοὺς ὀφθαλμοὺς αὐτοῦ·
3e020c0089	γράφω ὑμῖν, τεκνία, ὅτι ἀφέωνται ὑμῖν αἱ ἁμαρτίαι διὰ τὸ ὄνομα αὐτοῦ.
3e020d00bf	γράφω ὑμῖν, πατέρες, ὅτι ἐγνώκατε τὸν ἀπ᾽ ἀρχῆς. γράφω ὑμῖν, νεανίσκοι, ὅτι νενικήκατε τὸν πονηρόν.
3e020e0185	ἔγραψα ὑμῖν, παιδία, ὅτι ἐγνώκατε τὸν πατέρα. ἔγραψα ὑμῖν, πατέρες, ὅτι ἐγνώκατε τὸν ἀπ᾽ ἀρχῆς. ἔγραψα ὑμῖν, νεανίσκοι, ὅτι ἰσχυροί ἐστε καὶ ὁ λόγος τοῦ θεοῦ ἐν ὑμῖν μένει, καὶ νενικήκατε τὸν πονηρόν.
3e020f00d4	μὴ ἀγαπᾶτε τὸν κόσμον, μηδὲ τὰ ἐν τῷ κόσμῳ. ἐάν τις ἀγαπᾷ τὸν κόσμον, οὐκ ἔστιν ἡ ἀγάπη τοῦ πατρὸς ἐν αὐτῷ·
3e02100129	ὅτι πᾶν τὸ ἐν τῷ κόσμῳ, ἡ ἐπιθυμία τῆς σαρκός, καὶ ἡ ἐπιθυμία τῶν ὀφθαλμῶν, καὶ ἡ ἀλαζονεία τοῦ βίου, οὐκ ἔστιν ἐκ τοῦ πατρός, ἀλλὰ ἐκ τοῦ κόσμου ἐστίν.
3e021100bd	καὶ ὁ κόσμος παράγεται, καὶ ἡ ἐπιθυμία αὐτοῦ· ὁ δὲ ποιῶν τὸ θέλημα τοῦ θεοῦ μένει εἰς τὸν αἰῶνα.
3e0212011b	Παιδία, ἐσχάτη ὥρα ἐστίν, καὶ καθὼς ἠκούσατε ὅτι ἀντίχριστος ἔρχεται, καὶ νῦν ἀντίχριστοι πολλοὶ γεγόνασιν, ὅθεν γινώσκομεν ὅτι ἐσχάτη ὥρα ἐστίν.
3e02130119	ἐξ ἡμῶν ἐξῆλθαν, ἀλλ᾽ οὐκ ἦσαν ἐξ ἡμῶν· εἰ γὰρ ἐξ ἡμῶν ἦσαν, μεμενήκεισαν ἂν μεθ᾽ ἡμῶν· ἀλλ᾽ ἵνα φανερωθῶσιν ὅτι οὐκ εἰσὶν πάντες ἐξ ἡμῶν.
3e0214006e	καὶ ὑμεῖς χρῖσμα ἔχετε ἀπὸ τοῦ ἁγίου, καὶ οἴδατε πάντα.
3e021500e2	οὐκ ἔγραψα ὑμῖν ὅτι οὐκ οἴδατε τὴν ἀλήθειαν, ἀλλ᾽ ὅτι οἴδατε αὐτήν, καὶ ὅτι πᾶν ψεῦδος ἐκ τῆς ἀληθείας οὐκ ἔστιν.
3e0216010a	τίς ἐστιν ὁ ψεύστης, εἰ μὴ ὁ ἀρνούμενος ὅτι Ἰησοῦς οὐκ ἔστιν ὁ χριστός; οὗτός ἐστιν ὁ ἀντίχριστος, ὁ ἀρνούμενος τὸν πατέρα καὶ τὸν υἱόν.
3e021700b2	πᾶς ὁ ἀρνούμενος τὸν υἱὸν οὐδὲ τὸν πατέρα ἔχει· ὁ ὁμολογῶν τὸν υἱὸν καὶ τὸν πατέρα ἔχει.
3e02180105	Ὑμεῖς ὃ ἠκούσατε ἀπ᾽ ἀρχῆς ἐν ὑμῖν μενέτω. ἐὰν ἐν ὑμῖν μείνῃ ὃ ἀπ᾽ ἀρχῆς ἠκούσατε, καὶ ὑμεῖς ἐν τῷ υἱῷ καὶ ἐν τῷ πατρὶ μενεῖτε.
3e02190098	καὶ αὕτη ἐστὶν ἡ ἐπαγγελία ἣν αὐτὸς ἐπηγγείλατο ἡμῖν, τὴν ζωὴν τὴν αἰώνιον.
3e021a0055	ταῦτα ἔγραψα ὑμῖν περὶ τῶν πλανώντων ὑμᾶς.
3e021b01c4	καὶ ὑμεῖς τὸ χρῖσμα ὃ ἐλάβετε ἀπ᾽ αὐτοῦ μένει ἐν ὑμῖν, καὶ οὐ χρείαν ἔχετε ἵνα τις διδάσκῃ ὑμᾶς, ἀλλ᾽ ὡς τὸ αὐτοῦ χρῖσμα διδάσκει ὑμᾶς περὶ πάντων, καὶ ἀληθές ἐστιν καὶ οὐκ ἔστιν ψεῦδος, καὶ καθὼς ἐδίδαξεν ὑμᾶς μένετε ἐν αὐτῷ.
3e021c00ec	καὶ νῦν, τεκνία, μένετε ἐν αὐτῷ ἵνα ἐὰν φανερωθῇ, σχῶμεν παῤῥησίαν καὶ μὴ αἰσχυνθῶμεν ἀπ᾽ αὐτοῦ ἐν τῇ παρουσίᾳ αὐτοῦ.
3e021d00be	ἐὰν εἰδῆτε ὅτι δίκαιός ἐστιν, γινώσκετε ὅτι καὶ πᾶς ὁ ποιῶν τὴν δικαιοσύνην ἐξ αὐτοῦ γεγέννηται.
3e03010106	Ἴδετε ποταπὴν ἀγάπην δέδωκεν ἡμῖν ὁ πατήρ, ἵνα τέκνα θεοῦ κληθῶμεν, καί ἐσμεν. διὰ τοῦτο ὁ κόσμος οὐ γινώσκει ἡμᾶς, ὅτι οὐκ ἔγνω αὐτόν.
3e03020114	Ἀγαπητοί, νῦν τέκνα θεοῦ ἐσμεν, καὶ οὔπω ἐφανερώθη τί ἐσόμεθα· οἴδαμεν ὅτι ἐὰν φανερωθῇ, ὅμοιοι αὐτῷ ἐσόμεθα, ὅτι ὀψόμεθα αὐτὸν καθώς ἐστιν.
3e030300a9	καὶ πᾶς ὁ ἔχων τὴν ἐλπίδα ταύτην ἐπ᾽ αὐτῷ ἁγνίζει ἑαυτὸν καθὼς ἐκεῖνος ἁγνός ἐστιν.
3e0304009a	πᾶς ὁ ποιῶν τὴν ἁμαρτίαν καὶ τὴν ἀνομίαν ποιεῖ, καὶ ἡ ἁμαρτία ἐστὶν ἡ ἀνομία.
3e030500ac	καὶ οἴδατε ὅτι ἐκεῖνος ἐφανερώθη ἵνα τὰς ἁμαρτίας ἄρῃ, καὶ ἁμαρτία ἐν αὐτῷ οὐκ ἔστιν.
3e030600b2	πᾶς ὁ ἐν αὐτῷ μένων οὐχ ἁμαρτάνει· πᾶς ὁ ἁμαρτάνων οὐχ ἑώρακεν αὐτὸν οὐδὲ ἔγνωκεν αὐτόν.
3e030700bb	τεκνία, μηδεὶς πλανάτω ὑμᾶς· ὁ ποιῶν τὴν δικαιοσύνην δίκαιός ἐστιν, καθὼς ἐκεῖνος δίκαιός ἐστιν.
3e03080123	ὁ ποιῶν τὴν ἁμαρτίαν ἐκ τοῦ διαβόλου ἐστίν, ὅτι ἀπ᾽ ἀρχῆς ὁ διάβολος ἁμαρτάνει. εἰς τοῦτο ἐφανερώθη ὁ υἱὸς τοῦ θεοῦ, ἵνα λύσῃ τὰ ἔργα τοῦ διαβόλου.
3e0309010b	πᾶς ὁ γεγεννημένος ἐκ τοῦ θεοῦ ἁμαρτίαν οὐ ποιεῖ, ὅτι σπέρμα αὐτοῦ ἐν αὐτῷ μένει· καὶ οὐ δύναται ἁμαρτάνειν, ὅτι ἐκ τοῦ θεοῦ γεγέννηται.
3e030a012b	ἐν τούτῳ φανερά ἐστιν τὰ τέκνα τοῦ θεοῦ καὶ τὰ τέκνα τοῦ διαβόλου. πᾶς ὁ μὴ ποιῶν δικαιοσύνην οὐκ ἔστιν ἐκ τοῦ θεοῦ, καὶ ὁ μὴ ἀγαπῶν τὸν ἀδελφὸν αὐτοῦ·
3e030b0090	ὅτι αὕτη ἐστὶν ἡ ἀγγελία ἣν ἠκούσατε ἀπ᾽ ἀρχῆς, ἵνα ἀγαπῶμεν ἀλλήλους·
3e030c0134	οὐ καθὼς Κάϊν ἐκ τοῦ πονηροῦ ἦν, καὶ ἔσφαξεν τὸν ἀδελφὸν αὐτοῦ· καὶ χάριν τίνος ἔσφαξεν αὐτόν; ὅτι τὰ ἔργα αὐτοῦ πονηρὰ ἦν, τὰ δὲ τοῦ ἀδελφοῦ αὐτοῦ δίκαια.
3e030d0059	Μὴ θαυμάζετε, ἀδελφοί, εἰ μισεῖ ὑμᾶς ὁ κόσμος.
3e030e00ee	ἡμεῖς οἴδαμεν ὅτι μεταβεβήκαμεν ἐκ τοῦ θανάτου εἰς τὴν ζωήν, ὅτι ἀγαπῶμεν τοὺς ἀδελφούς· ὁ μὴ ἀγαπῶν μένει ἐν τῷ θανάτῳ.
3e030f00f9	πᾶς ὁ μισῶν τὸν ἀδελφὸν αὐτοῦ, ἀνθρωποκτόνος ἐστίν· καὶ οἴδατε ὅτι πᾶς ἀνθρωποκτόνος οὐκ ἔχει ζωὴν αἰώνιον ἐν αὐτῷ μένουσαν.
3e0310010c	ἐν τούτῳ ἐγνώκαμεν τὴν ἀγάπην, ὅτι ἐκεῖνος ὑπὲρ ἡμῶν τὴν ψυχὴν αὐτοῦ ἔθηκεν· καὶ ἡμεῖς ὀφείλομεν ὑπὲρ τῶν ἀδελφῶν τὰς ψυχὰς θεῖναι.
3e0311012e	ὃς δ᾽ ἂν ἔχῃ τὸν βίον τοῦ κόσμου, καὶ θεωρῇ τὸν ἀδελφὸν αὐτοῦ χρείαν ἔχοντα καὶ κλείσῃ τὰ σπλάγχνα αὐτοῦ ἀπ᾽ αὐτοῦ, πῶς ἡ ἀγάπη τοῦ θεοῦ μένει ἐν αὐτῷ;
3e03120085	τεκνία, μὴ ἀγαπῶμεν λόγῳ μηδὲ τῇ γλώσσῃ, ἀλλὰ ἐν ἔργῳ καὶ ἀληθείᾳ.
3e031300c1	[καὶ] ἐν τούτῳ γνωσόμεθα ὅτι ἐκ τῆς ἀληθείας ἐσμέν, καὶ ἔμπροσθεν αὐτοῦ πείσομεν τὰς καρδίας ἡμῶν·
3e031400bc	ὅτι ἐὰν καταγινώσκῃ ἡμῶν ἡ καρδία, ὅτι μείζων ἐστὶν ὁ θεὸς τῆς καρδίας ἡμῶν καὶ γινώσκει πάντα.
3e03150095	ἀγαπητοί, ἐὰν ἡ καρδία μὴ καταγινώσκῃ ἡμῶν, παῤῥησίαν ἔχομεν πρὸς τὸν θεόν,
3e031600de	καὶ ὃ ἐὰν αἰτῶμεν λαμβάνομεν ἀπ᾽ αὐτοῦ, ὅτι τὰς ἐντολὰς αὐτοῦ τηροῦμεν καὶ τὰ ἀρεστὰ ἐνώπιον αὐτοῦ ποιοῦμεν.
3e03170114	καὶ αὕτη ἐστὶν ἡ ἐντολὴ αὐτοῦ, ἵνα πιστεύωμεν τῷ ὀνόματι τοῦ υἱοῦ αὐτοῦ Ἰησοῦ χριστοῦ καὶ ἀγαπῶμεν ἀλλήλους, καθὼς ἔδωκεν ἐντολὴν ἡμῖν.
3e03180116	καὶ ὁ τηρῶν τὰς ἐντολὰς αὐτοῦ ἐν αὐτῷ μένει, καὶ αὐτὸς ἐν αὐτῷ. καὶ ἐν τούτῳ γινώσκομεν ὅτι μένει ἐν ἡμῖν, ἐκ τοῦ πνεύματος οὗ ἡμῖν ἔδωκεν.
3e04010116	Ἀγαπητοί, μὴ παντὶ πνεύματι πιστεύετε, ἀλλὰ δοκιμάζετε τὰ πνεύματα, εἰ ἐκ τοῦ θεοῦ ἐστιν, ὅτι πολλοὶ ψευδοπροφῆται ἐξεληλύθασιν εἰς τὸν κόσμον.
3e040200e4	ἐν τούτῳ γινώσκετε τὸ πνεῦμα τοῦ θεοῦ· πᾶν πνεῦμα ὃ ὁμολογεῖ Ἰησοῦν χριστὸν ἐν σαρκὶ ἐληλυθότα, ἐκ τοῦ θεοῦ ἐστιν.
3e04030133	καὶ πᾶν πνεῦμα ὃ μὴ ὁμολογεῖ τὸν Ἰησοῦν ἐκ τοῦ θεοῦ οὐκ ἔστιν· καὶ τοῦτό ἐστιν τὸ τοῦ ἀντιχρίστου, ὃ ἀκηκόατε ὅτι ἔρχεται, καὶ νῦν ἐν τῷ κόσμῳ ἐστὶν ἤδη.
3e040400c1	ὑμεῖς ἐκ τοῦ θεοῦ ἐστε, τεκνία, καὶ νενικήκατε αὐτούς, ὅτι μείζων ἐστὶν ὁ ἐν ὑμῖν ἢ ὁ ἐν τῷ κόσμῳ.
3e040500ac	αὐτοὶ ἐκ τοῦ κόσμου εἰσίν· διὰ τοῦτο ἐκ τοῦ κόσμου λαλοῦσιν, καὶ ὁ κόσμος αὐτῶν ἀκούει.
3e04060150	ἡμεῖς ἐκ τοῦ θεοῦ ἐσμεν· ὁ γινώσκων τὸν θεὸν ἀκούει ἡμῶν· ὃς οὐκ ἔστιν ἐκ τοῦ θεοῦ οὐκ ἀκούει ἡμῶν. ἐκ τούτου γινώσκομεν τὸ πνεῦμα τῆς ἀληθείας καὶ τὸ πνεῦμα τῆς πλάνης.
3e040700f1	Ἀγαπητοί, ἀγαπῶμεν ἀλλήλους, ὅτι ἡ ἀγάπη ἐκ τοῦ θεοῦ ἐστιν, καὶ πᾶς ὁ ἀγαπῶν ἐκ τοῦ θεοῦ γεγέννηται καὶ γινώσκει τὸν θεόν·
3e0408006b	ὁ μὴ ἀγαπῶν οὐκ ἔγνω τὸν θεόν, ὅτι ὁ θεὸς ἀγάπη ἐστίν.
3e0409010a	ἐν τούτῳ ἐφανερώθη ἡ ἀγάπη τοῦ θεοῦ ἐν ἡμῖν, ὅτι τὸν υἱὸν αὐτοῦ τὸν μονογενῆ ἀπέσταλκεν ὁ θεὸς εἰς τὸν κόσμον, ἵνα ζήσωμεν δι᾽ αὐτοῦ.
3e040a0132	ἐν τούτῳ ἐστὶν ἡ ἀγάπη, οὐχ ὅτι ἡμεῖς ἠγαπήσαμεν τὸν θεόν, ἀλλ᾽ ὅτι αὐτὸς ἠγάπησεν ἡμᾶς, καὶ ἀπέστειλεν τὸν υἱὸν αὐτοῦ ἱλασμὸν περὶ τῶν ἁμαρτιῶν ἡμῶν.
3e040b009c	ἀγαπητοί, εἰ οὕτως ὁ θεὸς ἠγάπησεν ἡμᾶς, καὶ ἡμεῖς ὀφείλομεν ἀλλήλους ἀγαπᾶν·
3e040c00ee	θεὸν οὐδεὶς πώποτε τεθέαται· ἐὰν ἀγαπῶμεν ἀλλήλους, ὁ θεὸς ἐν ἡμῖν μένει, καὶ ἡ ἀγάπη αὐτοῦ τετελειωμένη ἐν ἡμῖν ἐστίν.
3e040d00c6	ἐν τούτῳ γινώσκομεν ὅτι ἐν αὐτῷ μένομεν καὶ αὐτὸς ἐν ἡμῖν, ὅτι ἐκ τοῦ πνεύματος αὐτοῦ δέδωκεν ἡμῖν.
3e040e00ac	καὶ ἡμεῖς τεθεάμεθα καὶ μαρτυροῦμεν ὅτι ὁ πατὴρ ἀπέσταλκεν τὸν υἱὸν σωτῆρα τοῦ κόσμου.
3e040f00b9	ὃς ἂν ὁμολογήσῃ ὅτι Ἰησοῦς ἐστιν ὁ υἱὸς τοῦ θεοῦ, ὁ θεὸς ἐν αὐτῷ μένει καὶ αὐτὸς ἐν τῷ θεῷ.
3e04100131	καὶ ἡμεῖς ἐγνώκαμεν καὶ πεπιστεύκαμεν τὴν ἀγάπην ἣν ἔχει ὁ θεὸς ἐν ἡμῖν. ὁ θεὸς ἀγάπη ἐστίν, καὶ ὁ μένων ἐν τῇ ἀγάπῃ, ἐν τῷ θεῷ μένει, καὶ ὁ θεὸς ἐν αὐτῷ.
3e04110121	Ἐν τούτῳ τετελείωται ἡ ἀγάπη μεθ᾽ ἡμῶν, ἵνα παῤῥησίαν ἔχωμεν ἐν τῇ ἡμέρᾳ τῆς κρίσεως, ὅτι καθὼς ἐκεῖνός ἐστιν καὶ ἡμεῖς ἐσμεν ἐν τῷ κόσμῳ τούτῳ.
3e04120111	φόβος οὐκ ἔστιν ἐν τῇ ἀγάπῃ, ἀλλὰ ἡ τελεία ἀγάπη ἔξω βάλλει τὸν φόβον, ὅτι ὁ φόβος κόλασιν ἔχει· ὁ δὲ φοβούμενος οὐ τετελείωται ἐν τῇ ἀγάπῃ.
3e04130061	ἡμεῖς ἀγαπῶμεν, ὅτι αὐτὸς πρῶτος ἠγάπησεν ἡμᾶς.
3e0414014a	ἐάν τις εἴπῃ ὅτι Ἀγαπῶ τὸν θεόν, καὶ τὸν ἀδελφὸν αὐτοῦ μισῇ, ψεύστης ἐστίν· ὁ γὰρ μὴ ἀγαπῶν τὸν ἀδελφὸν αὐτοῦ ὃν ἑώρακεν, τὸν θεὸν ὃν οὐχ ἑώρακεν οὐ δύναται ἀγαπᾶν·
3e041500bb	καὶ ταύτην τὴν ἐντολὴν ἔχομεν ἀπ᾽ αὐτοῦ, ἵνα ὁ ἀγαπῶν τὸν θεὸν ἀγαπᾷ καὶ τὸν ἀδελφὸν αὐτοῦ.
3e0501010d	Πᾶς ὁ πιστεύων ὅτι Ἰησοῦς ἐστιν ὁ χριστὸς ἐκ τοῦ θεοῦ γεγέννηται, καὶ πᾶς ὁ ἀγαπῶν τὸν γεννήσαντα ἀγαπᾷ [καὶ] τὸν γεγεννημένον ἐξ αὐτοῦ.
3e050200d3	ἐν τούτῳ γινώσκομεν ὅτι ἀγαπῶμεν τὰ τέκνα τοῦ θεοῦ, ὅταν τὸν θεὸν ἀγαπῶμεν καὶ τὰς ἐντολὰς αὐτοῦ ποιῶμεν.
3e050300d0	αὕτη γάρ ἐστιν ἡ ἀγάπη τοῦ θεοῦ, ἵνα τὰς ἐντολὰς αὐτοῦ τηρῶμεν· καὶ αἱ ἐντολαὶ αὐτοῦ βαρεῖαι οὐκ εἰσίν.
3e050400db	ὅτι πᾶν τὸ γεγεννημένον ἐκ τοῦ θεοῦ νικᾷ τὸν κόσμον· καὶ αὕτη ἐστὶν ἡ νίκη ἡ νικήσασα τὸν κόσμον, ἡ πίστις ἡμῶν.
3e050500a5	τίς [δέ] ἐστιν ὁ νικῶν τὸν κόσμον, εἰ μὴ ὁ πιστεύων ὅτι Ἰησοῦς ἐστιν ὁ υἱὸς τοῦ θεοῦ;
3e0506016b	οὗτός ἐστιν ὁ ἐλθὼν δι᾽ ὕδατος καὶ αἵματος, Ἰησοῦς χριστός· οὐκ ἐν τῷ ὕδατι μόνον, ἀλλὰ ἐν τῷ ὕδατι καὶ ἐν τῷ αἵματι· καὶ τὸ πνεῦμά ἐστιν τὸ μαρτυροῦν, ὅτι τὸ πνεῦμά ἐστιν ἡ ἀλήθεια·
3e0507003f	ὅτι τρεῖς εἰσιν οἱ μαρτυροῦντες
3e0508007f	τὸ πνεῦμα καὶ τὸ ὕδωρ καὶ τὸ αἷμα, καὶ οἱ τρεῖς εἰς τὸ ἕν εἰσιν.
3e05090124	εἰ τὴν μαρτυρίαν τῶν ἀνθρώπων λαμβάνομεν, ἡ μαρτυρία τοῦ θεοῦ μείζων ἐστίν, ὅτι αὕτη ἐστὶν ἡ μαρτυρία τοῦ θεοῦ, ὅτι μεμαρτύρηκεν περὶ τοῦ υἱοῦ αὐτοῦ.
3e050a0172	ὁ πιστεύων εἰς τὸν υἱὸν τοῦ θεοῦ ἔχει τὴν μαρτυρίαν ἐν αὐτῷ· ὁ μὴ πιστεύων τῷ θεῷ, ψεύστην πεποίηκεν αὐτόν, ὅτι οὐ πεπίστευκεν εἰς τὴν μαρτυρίαν ἣν μεμαρτύρηκεν ὁ θεὸς περὶ τοῦ υἱοῦ αὐτοῦ.
3e050b00ca	καὶ αὕτη ἐστὶν ἡ μαρτυρία ὅτι ζωὴν αἰώνιον ἔδωκεν ἡμῖν ὁ θεός· καὶ αὕτη ἡ ζωὴ ἐν τῷ υἱῷ αὐτοῦ ἐστίν.
3e050c009b	ὁ ἔχων τὸν υἱὸν ἔχει τὴν ζωήν· ὁ μὴ ἔχων τὸν υἱὸν τοῦ θεοῦ τὴν ζωὴν οὐκ ἔχει.
3e050d00cc	Ταῦτα ἔγραψα ὑμῖν, ἵνα εἰδῆτε ὅτι ζωὴν ἔχετε αἰώνιον, τοῖς πιστεύουσιν εἰς τὸ ὄνομα τοῦ υἱοῦ τοῦ θεοῦ.
3e050e00cd	καὶ αὕτη ἐστὶν ἡ παῤῥησία ἣν ἔχομεν πρὸς αὐτόν, ὅτι ἐάν τι αἰτώμεθα κατὰ τὸ θέλημα αὐτοῦ, ἀκούει ἡμῶν·
3e050f00c9	καὶ ἐὰν οἴδαμεν ὅτι ἀκούει ἡμῶν ὃ ἂν αἰτώμεθα, οἴδαμεν ὅτι ἔχομεν τὰ αἰτήματα ἃ ᾐτήκαμεν ἀπ᾽ αὐτοῦ.
3e0510017e	ἐάν τις ἴδῃ τὸν ἀδελφὸν αὐτοῦ ἁμαρτάνοντα ἁμαρτίαν μὴ πρὸς θάνατον, αἰτήσει, καὶ δώσει αὐτῷ ζωήν, τοῖς ἁμαρτάνουσιν μὴ πρὸς θάνατον. ἔστιν ἁμαρτία πρὸς θάνατον· οὐ περὶ ἐκείνης λέγω ἵνα ἐρωτήσῃ.
3e05110078	πᾶσα ἀδικία ἁμαρτία ἐστίν, καὶ ἔστιν ἁμαρτία οὐ πρὸς θάνατον.
3e05120109	οἴδαμεν ὅτι πᾶς ὁ γεγεννημένος ἐκ τοῦ θεοῦ, οὐχ ἁμαρτάνει· ἀλλὰ ὁ γεννηθεὶς ἐκ τοῦ θεοῦ τηρεῖ αὐτόν, καὶ ὁ πονηρὸς οὐχ ἅπτεται αὐτοῦ.
3e05130088	οἴδαμεν ὅτι ἐκ τοῦ θεοῦ ἐσμεν, καὶ ὁ κόσμος ὅλος ἐν τῷ πονηρῷ κεῖται.
3e0514017f	οἴδαμεν δὲ ὅτι ὁ υἱὸς τοῦ θεοῦ ἥκει, καὶ δέδωκεν ἡμῖν διάνοιαν ἵνα γινώσκομεν τὸν ἀληθινόν, καὶ ἐσμὲν ἐν τῷ ἀληθινῷ, ἐν τῷ υἱῷ αὐτοῦ Ἰησοῦ χριστῷ. οὗτός ἐστιν ὁ ἀληθινὸς θεὸς καὶ ζωὴ αἰώνιος.
3e05150060	Τεκνία, φυλάξατε ἑαυτὰ ἀπὸ τῶν εἰδώλων. ΙΩΑΝΟΥ Αʹ.
3f00000013	Ιωαννου Β΄
3f01010116	Ὁ πρεσβύτερος ἐκλεκτῇ κυρίᾳ καὶ τοῖς τέκνοις αὐτῆς, οὓς ἐγὼ ἀγαπῶ ἐν ἀληθείᾳ, καὶ οὐκ ἐγὼ μόνος, ἀλλὰ καὶ πάντες οἱ ἐγνωκότες τὴν ἀλήθειαν,
3f01020094	διὰ τὴν ἀλήθειαν τὴν μένουσαν ἐν ἡμῖν, καὶ μεθ᾽ ἡμῶν ἔσται εἰς τὸν αἰῶνα·
3f010300ec	ἔσται μεθ᾽ ἡμῶν χάρις ἔλεος εἰρήνη παρὰ θεοῦ πατρός, καὶ παρὰ Ἰησοῦ χριστοῦ τοῦ υἱοῦ τοῦ πατρός, ἐν ἀληθείᾳ καὶ ἀγάπῃ.
3f010400d1	Ἐχάρην λίαν ὅτι εὕρηκα ἐκ τῶν τέκνων σου περιπατοῦντας ἐν ἀληθείᾳ, καθὼς ἐντολὴν ἐλάβομεν παρὰ τοῦ πατρός.
3f010500d6	καὶ νῦν ἐρωτῶ σε, κυρία, οὐχ ὡς ἐντολὴν καινὴν γράφων σοι, ἀλλὰ ἣν εἴχαμεν ἀπ᾽ ἀρχῆς, ἵνα ἀγαπῶμεν ἀλλήλους.
3f0106010e	καὶ αὕτη ἐστὶν ἡ ἀγάπη, ἵνα περιπατῶμεν κατὰ τὰς ἐντολὰς αὐτοῦ. αὕτη ἡ ἐντολή ἐστιν, καθὼς ἠκούσατε ἀπ᾽ ἀρχῆς ἵνα ἐν αὐτῇ περιπατῆτε·
3f0107010c	ὅτι πολλοὶ πλάνοι ἐξῆλθαν εἰς τὸν κόσμον, οἱ μὴ ὁμολογοῦντες Ἰησοῦν χριστὸν ἐρχόμενον ἐν σαρκί· οὗτός ἐστιν ὁ πλάνος καὶ ὁ ἀντίχριστος.
3f01080095	βλέπετε ἑαυτούς, ἵνα μὴ ἀπολέσητε ἃ εἰργάσασθε, ἀλλὰ μισθὸν πλήρη ἀπολάβητε.
3f010900fc	πᾶς ὁ προάγων καὶ μὴ μένων ἐν τῇ διδαχῇ τοῦ χριστοῦ θεὸν οὐκ ἔχει· ὁ μένων ἐν τῇ διδαχῇ, οὗτος καὶ τὸν πατέρα καὶ τὸν υἱὸν ἔχει.
3f010a00e4	εἴ τις ἔρχεται πρὸς ὑμᾶς καὶ ταύτην τὴν διδαχὴν οὐ φέρει, μὴ λαμβάνετε αὐτὸν εἰς οἰκίαν, καὶ χαίρειν αὐτῷ μὴ λέγετε·
3f010b0085	ὁ λέγων γὰρ αὐτῷ χαίρειν, κοινωνεῖ τοῖς ἔργοις αὐτοῦ τοῖς πονηροῖς.
3f010c012f	Πολλὰ ἔχων ὑμῖν γράφειν οὐκ ἐβουλήθην διὰ χάρτου καὶ μέλανος· ἀλλὰ ἐλπίζω γενέσθαι πρὸς ὑμᾶς, καὶ στόμα πρὸς στόμα λαλῆσαι, ἵνα ἡ χαρὰ ὑμῶν ᾖ πεπληρωμένη.
3f010d0078	ἀσπάζεταί σε τὰ τέκνα τῆς ἀδελφῆς σου τῆς ἐκλεκτῆς. ΙΩΑΝΟΥ Βʹ.
4000000013	Ιωαννου Γ΄
4001010070	Ὁ πρεσβύτερος Γαΐῳ τῷ ἀγαπητῷ, ὃν ἐγὼ ἀγαπῶ ἐν ἀληθείᾳ.
40010200a6	Ἀγαπητέ, περὶ πάντων εὔχομαί σε εὐοδοῦσθαι καὶ ὑγιαίνειν, καθὼς εὐοδοῦταί σου ἡ ψυχή.
40010300c5	ἐχάρην [γὰρ] λίαν ἐρχομένων ἀδελφῶν καὶ μαρτυρούντων σου τῇ ἀληθείᾳ, καθὼς σὺ ἐν ἀληθείᾳ περιπατεῖς.
40010400a3	μειζοτέραν τούτων οὐκ ἔχω χαράν, ἵνα ἀκούω τὰ ἐμὰ τέκνα ἐν τῇ ἀληθείᾳ περιπατοῦντα.
400105008f	Ἀγαπητέ, πιστὸν ποιεῖς ὃ ἐὰν ἐργάσῃ εἰς τοὺς ἀδελφοὺς καὶ τοῦτο ξένους,
40010600b3	οἳ ἐμαρτύρησάν σου τῇ ἀγάπῃ ἐνώπιον ἐκκλησίας, οὓς καλῶς ποιήσεις προπέμψας ἀξίως τοῦ θεοῦ.
4001070083	ὑπὲρ γὰρ τοῦ ὀνόματος ἐξῆλθαν μηδὲν λαμβάνοντες ἀπὸ τῶν ἐθνικῶν.
40010800a3	ἡμεῖς οὖν ὀφείλομεν ὑπολαμβάνειν τοὺς τοιούτους, ἵνα συνεργοὶ γινώμεθα τῇ ἀληθείᾳ.
40010900a0	Ἔγραψά τι τῇ ἐκκλησίᾳ· ἀλλ᾽ ὁ φιλοπρωτεύων αὐτῶν Διοτρεφὴς οὐκ ἐπιδέχεται ἡμᾶς.
40010a019f	διὰ τοῦτο, ἐὰν ἔλθω, ὑπομνήσω αὐτοῦ τὰ ἔργα ἃ ποιεῖ, λόγοις πονηροῖς φλυαρῶν ἡμᾶς· καὶ μὴ ἀρκούμενος ἐπὶ τούτοις, οὔτε αὐτὸς ἐπιδέχεται τοὺς ἀδελφούς, καὶ τοὺς βουλομένους κωλύει, καὶ ἐκ τῆς ἐκκλησίας ἐκβάλλει.
40010b00d8	Ἀγαπητέ, μὴ μιμοῦ τὸ κακόν, ἀλλὰ τὸ ἀγαθόν. ὁ ἀγαθοποιῶν, ἐκ τοῦ θεοῦ ἐστιν· ὁ κακοποιῶν οὐχ ἑώρακεν τὸν θεόν.
40010c0105	Δημητρίῳ μεμαρτύρηται ὑπὸ πάντων καὶ ὑπ᾽ αὐτῆς τῆς ἀληθείας· καὶ ἡμεῖς δὲ μαρτυροῦμεν, καὶ οἶδας ὅτι ἡ μαρτυρία ἡμῶν ἀληθής ἐστιν.
40010d008c	Πολλὰ εἶχον γράψαι σοι, ἀλλ᾽ οὐ θέλω διὰ μέλανος καὶ καλάμου σοι γράφειν·
40010e0104	ἐλπίζω δὲ εὐθέως σε ἰδεῖν, καὶ στόμα πρὸς στόμα λαλήσομεν. εἰρήνη σοι. ἀσπάζονταί σε οἱ φίλοι. ἀσπάζου τοὺς φίλους κατ᾽ ὄνομα. ΙΩΑΝΟΥ Γʹ.
410000000a	Ιουδα
41010100eb	Ἰούδας Ἰησοῦ χριστοῦ δοῦλος, ἀδελφὸς δὲ Ἰακώβου, τοῖς ἐν θεῷ πατρὶ ἠγαπημένοις καὶ Ἰησοῦ χριστῷ τετηρημένοις κλητοῖς·
4101020056	ἔλεος ὑμῖν καὶ εἰρήνη καὶ ἀγάπη πληθυνθείη.
410103014c	Ἀγαπητοί, πᾶσαν σπουδὴν ποιούμενος γράφειν ὑμῖν περὶ τῆς κοινῆς ἡμῶν σωτηρίας, ἀνάγκην ἔσχον γράψαι ὑμῖν παρακαλῶν ἐπαγωνίζεσθαι τῇ ἅπαξ παραδοθείσῃ τοῖς ἁγίοις πίστει.
410104018d	παρεισέδυσαν γάρ τινες ἄνθρωποι, οἱ πάλαι προγεγραμμένοι εἰς τοῦτο τὸ κρίμα, ἀσεβεῖς, τὴν τοῦ θεοῦ ἡμῶν χάριτα μετατιθέντες εἰς ἀσέλγειαν, καὶ τὸν μόνον δεσπότην καὶ κύριον ἡμῶν Ἰησοῦν χριστὸν ἀρνούμενοι.
41010500fb	Ὑπομνῆσαι δὲ ὑμᾶς βούλομαι, εἰδότας ἅπαξ πάντα, ὅτι κύριος λαὸν ἐκ γῆς Αἰγύπτου σώσας, τὸ δεύτερον τοὺς μὴ πιστεύσαντας ἀπώλεσεν.
4101060126	ἀγγέλους τε τοὺς μὴ τηρήσαντας τὴν ἑαυτῶν ἀρχήν, ἀλλὰ ἀπολιπόντας τὸ ἴδιον οἰκητήριον, εἰς κρίσιν μεγάλης ἡμέρας δεσμοῖς ἀϊδίοις ὑπὸ ζόφον τετήρηκεν·
4101070154	ὡς Σόδομα καὶ Γόμοῤῥα, καὶ αἱ περὶ αὐτὰς πόλεις, τὸν ὅμοιον τρόπον τούτοις ἐκπορνεύσασαι καὶ ἀπελθοῦσαι ὀπίσω σαρκὸς ἑτέρας, πρόκεινται δεῖγμα πυρὸς αἰωνίου δίκην ὑπέχουσαι.
41010800d0	ὁμοίως μέντοι καὶ οὗτοι ἐνυπνιαζόμενοι σάρκα μὲν μιαίνουσιν, κυριότητα δὲ ἀθετοῦσιν, δόξας δὲ βλασφημοῦσιν.
4101090148	ὁ δὲ Μιχαὴλ ὁ ἀρχάγγελος, ὅτε τῷ διαβόλῳ διακρινόμενος διελέγετο περὶ τοῦ Μωυσέως σώματος, οὐκ ἐτόλμησεν κρίσιν ἐπενεγκεῖν βλασφημίας, ἀλλὰ εἶπεν, Ἐπιτιμήσαι σοι κύριος.
41010a00d5	οὗτοι δὲ ὅσα μὲν οὐκ οἴδασιν βλασφημοῦσιν· ὅσα δὲ φυσικῶς ὡς τὰ ἄλογα ζῶα ἐπίστανται, ἐν τούτοις φθείρονται.
41010b00f8	οὐαὶ αὐτοῖς, ὅτι τῇ ὁδῷ τοῦ Κάϊν ἐπορεύθησαν, καὶ τῇ πλάνῃ τοῦ Βαλαὰμ μισθοῦ ἐξεχύθησαν, καὶ τῇ ἀντιλογίᾳ τοῦ Κορὲ ἀπώλοντο.
41010c0170	Οὗτοί εἰσιν οἱ ἐν ταῖς ἀγάπαις ὑμῶν σπιλάδες, συνευωχούμενοι, ἀφόβως ἑαυτοὺς ποιμαίνοντες· νεφέλαι ἄνυδροι, ὑπὸ ἀνέμων παραφερόμεναι, δένδρα φθινοπωρινὰ ἄκαρπα δὶς ἀποθανόντα ἐκριζωθέντα·
41010d00e4	κύματα ἄγρια θαλάσσης ἐπαφρίζοντα τὰς ἑαυτῶν αἰσχύνας, ἀστέρες πλανῆται οἷς ὁ ζόφος τοῦ σκότους εἰς αἰῶνα τετήρηται.
41010e00c8	ἐπροφήτευσεν δὲ καὶ τούτοις ἕβδομος ἀπὸ Ἀδὰμ Ἑνὼχ λέγων, Ἰδοὺ ἦλθεν κύριος ἐν ἁγίαις μυριάσιν αὐτοῦ,
41010f0166	ποιῆσαι κρίσιν κατὰ πάντων, καὶ ἐλέγξαι πάντας τοὺς ἀσεβεῖς περὶ πάντων τῶν ἔργων [ἀσεβείας] αὐτῶν ὧν ἠσέβησαν, καὶ περὶ πάντων τῶν σκληρῶν ὧν ἐλάλησαν κατ᾽ αὐτοῦ ἁμαρτωλοὶ ἀσεβεῖς.
4101100118	οὗτοί εἰσιν γογγυσταὶ μεμψίμοιροι, κατὰ τὰς ἐπιθυμίας αὐτῶν πορευόμενοι, καὶ τὸ στόμα αὐτῶν λαλεῖ ὑπέρογκα, θαυμάζοντες πρόσωπα, ὠφελείας χάριν.
41011100d2	ὑμεῖς δὲ ἀγαπητοί, μνήσθητε τῶν ῥημάτων τῶν προειρημένων ὑπὸ τῶν ἀποστόλων τοῦ κυρίου ἡμῶν Ἰησοῦ χριστοῦ,
41011200dd	ὅτι ἔλεγον ὑμῖν [ὅτι] ἐπ᾽ ἐσχάτου χρόνου ἔσονται ἐμπαῖκται κατὰ τὰς ἑαυτῶν ἐπιθυμίας πορευόμενοι τῶν ἀσεβειῶν.
4101130071	οὗτοί εἰσιν οἱ ἀποδιορίζοντες, ψυχικοὶ πνεῦμα μὴ ἔχοντες.
41011400c7	ὑμεῖς δέ, ἀγαπητοί, ἐποικοδομοῦντες ἑαυτοὺς τῇ ἁγιωτάτῃ ὑμῶν πίστει, ἐν πνεύματι ἁγίῳ προσευχόμενοι,
41011500cd	ἑαυτοὺς ἐν ἀγάπῃ θεοῦ τηρήσατε, προσδεχόμενοι τὸ ἔλεος τοῦ κυρίου ἡμῶν Ἰησοῦ χριστοῦ, εἰς ζωὴν αἰώνιον.
4101160047	καὶ οὓς μὲν ἐλέγχετε διακρινομένους,
41011700db	οὓς δὲ σώζετε ἐκ πυρὸς ἁρπάζοντες, οὓς δὲ ἐλεᾶτε ἐν φόβῳ, μισοῦντες καὶ τὸν ἀπὸ τῆς σαρκὸς ἐσπιλωμένον χιτῶνα.
41011800c5	Τῷ δὲ δυναμένῳ φυλάξαι ὑμᾶς ἀπταίστους καὶ στῆσαι κατενώπιον τῆς δόξης αὐτοῦ ἀμώμους ἐν ἀγαλλιάσει,
410119013f	μόνῳ θεῷ σωτῆρι ἡμῶν, διὰ Ἰησοῦ χριστοῦ τοῦ κυρίου ἡμῶν, δόξα μεγαλωσύνη κράτος καὶ ἐξουσία πρὸ παντὸς τοῦ αἰῶνος καὶ νῦν καὶ εἰς πάντας τοὺς αἰῶνας. ἀμήν. ΙΟΥΔΑ.
4200000023	Αποκαλυψις Ιωαννου
420101014d	Ἀποκάλυψις Ἰησοῦ χριστοῦ, ἣν ἔδωκεν αὐτῷ ὁ θεός, δεῖξαι τοῖς δούλοις αὐτοῦ ἃ δεῖ γενέσθαι ἐν τάχει, καὶ ἐσήμανεν ἀποστείλας διὰ τοῦ ἀγγέλου αὐτοῦ τῷ δούλῳ αὐτοῦ Ἰωάνῃ,
4201020098	ὃς ἐμαρτύρησεν τὸν λόγον τοῦ θεοῦ καὶ τὴν μαρτυρίαν Ἰησοῦ χριστοῦ, ὅσα εἶδεν.
42010300f5	μακάριος ὁ ἀναγινώσκων, καὶ οἱ ἀκούοντες τοὺς λόγους τῆς προφητείας, καὶ τηροῦντες τὰ ἐν αὐτῇ γεγραμμένα· ὁ γὰρ καιρὸς ἐγγύς.
420104013b	Ἰωάνης ταῖς ἑπτὰ ἐκκλησίαις ταῖς ἐν τῇ Ἀσίᾳ· χάρις ὑμῖν καὶ εἰρήνη ἀπὸ ὁ ὢν καὶ ὁ ἦν καὶ ὁ ἐρχόμενος, καὶ ἀπὸ τῶν ἑπτὰ πνευμάτων ἃ ἐνώπιον τοῦ θρόνου αὐτοῦ,
4201050160	καὶ ἀπὸ Ἰησοῦ χριστοῦ, ὁ μάρτυς ὁ πιστός, ὁ πρωτότοκος τῶν νεκρῶν, καὶ ὁ ἄρχων τῶν βασιλέων τῆς γῆς· τῷ ἀγαπῶντι ἡμᾶς, καὶ λύσαντι ἡμᾶς ἐκ τῶν ἁμαρτιῶν ἡμῶν ἐν τῷ αἵματι αὐτοῦ·
42010600ed	καὶ ἐποίησεν ἡμᾶς βασιλείαν ἱερεῖς τῷ θεῷ καὶ πατρὶ αὐτοῦ· αὐτῷ ἡ δόξα καὶ τὸ κράτος εἰς τοὺς αἰῶνας τῶν αἰώνων. ἀμήν.
420107012a	Ἰδοὺ ἔρχεται μετὰ τῶν νεφελῶν, καὶ ὄψεται αὐτὸν πᾶς ὀφθαλμός, καὶ οἵτινες αὐτὸν ἐξεκέντησαν· καὶ κόψονται ἐπ᾽αὐτὸν πᾶσαι αἱ φυλαὶ τῆς γῆς. ναί, ἀμήν.
42010800b3	Ἐγώ εἰμι τὸ Ἀλφὰ καὶ τὸ Ω, λέγει κύριος ὁ θεός, ὁ ὢν καὶ ὁ ἦν καὶ ὁ ἐρχόμενος, ὁ παντοκράτωρ.
4201090166	Ἐγὼ Ἰωάνης, ὁ ἀδελφὸς ὑμῶν καὶ συγκοινωνὸς ἐν τῇ θλίψει, καὶ βασιλείᾳ καὶ ὑπομονῇ ἐν Ἰησοῦ, ἐγενόμην ἐν τῇ νήσῳ τῇ καλουμένῃ Πάτμῳ, διὰ τὸν λόγον τοῦ θεοῦ καὶ τὴν μαρτυρίαν Ἰησοῦ·
42010a00b0	ἐγενόμην ἐν πνεύματι ἐν τῇ κυριακῇ ἡμέρᾳ, καὶ ἤκουσα ὀπίσω μου φωνὴν μεγάλην ὡς σάλπιγγος,
42010b0174	λεγούσης, Ὃ βλέπεις γράψον εἰς βιβλίον, καὶ πέμψον ταῖς ἑπτὰ ἐκκλησίαις εἰς Ἔφεσον, καὶ εἰς Σμύρναν, καὶ εἰς Πέργαμον, καὶ εἰς Θυάτειρα, καὶ εἰς Σάρδεις, καὶ εἰς Φιλαδέλφειαν, καὶ εἰς Λαοδίκειαν.
42010c00bf	καὶ ἐπέστρεψα βλέπειν τὴν φωνὴν ἥτις ἐλάλει μετ᾽ἐμοῦ· καὶ ἐπιστρέψας εἶδον ἑπτὰ λυχνίας χρυσᾶς,
42010d00ee	καὶ ἐν μέσῳ τῶν [ἑπτὰ] λυχνιῶν ὅμοιον υἱῷ ἀνθρώπου, ἐνδεδυμένον ποδήρη, καὶ περιεζωσμένον πρὸς τοῖς μαστοῖς ζώνην χρυσᾶν·
42010e00c9	ἡ δὲ κεφαλὴ αὐτοῦ καὶ αἱ τρίχες λευκαὶ ὡς ἔριον λευκόν, ὡς χιών· καὶ οἱ ὀφθαλμοὶ αὐτοῦ ὡς φλὸξ πυρός·
42010f00ce	καὶ οἱ πόδες αὐτοῦ ὅμοιοι χαλκολιβάνῳ ὡς ἐν καμίνῳ πεπυρωμένης, καὶ ἡ φωνὴ αὐτοῦ ὡς φωνὴ ὑδάτων πολλῶν·
420110014a	καὶ ἔχων ἐν τῇ δεξιᾷ χειρὶ αὐτοῦ ἀστέρας ἑπτά, καὶ ἐκ τοῦ στόματος αὐτοῦ ῥομφαία δίστομος ὀξεῖα ἐκπορευομένη, καὶ ἡ ὄψις αὐτοῦ, ὡς ὁ ἥλιος φαίνει ἐν τῇ δυνάμει αὐτοῦ.
420111011d	καὶ ὅτε εἶδον αὐτόν, ἔπεσα πρὸς τοὺς πόδας αὐτοῦ ὡς νεκρός, καὶ ἔθηκεν τὴν δεξιὰν αὐτοῦ ἐπ᾽ἐμέ, λέγων Μὴ φοβοῦ. ἐγώ εἰμι ὁ πρῶτος καὶ ὁ ἔσχατος,
42011200f0	καὶ ὁ ζῶν, καὶ ἐγενόμην νεκρός, καὶ ἰδοὺ ζῶν εἰμι εἰς τοὺς αἰῶνας τῶν αἰώνων· καὶ ἔχω τὰς κλεῖς τοῦ θανάτου καὶ τοῦ ᾅδου.
4201130081	Γράψον οὖν ἃ εἶδες, καὶ ἃ εἰσὶν, καὶ ἃ μέλλει γίνεσθαι μετὰ ταῦτα·
4201140178	τὸ μυστήριον τῶν ἑπτὰ ἀστέρων οὓς εἶδες ἐπὶ τῆς δεξιᾶς μου, καὶ τὰς ἑπτὰ λυχνίας τὰς χρυσᾶς. οἱ ἑπτὰ ἀστέρες ἄγγελοι τῶν ἑπτὰ ἐκκλησιῶν εἰσιν, καὶ αἱ λυχνίαι αἱ ἑπτὰ ἑπτὰ ἐκκλησίαι εἰσίν·
4202010125	Τῷ ἀγγέλῳ τῆς ἐν Ἐφέσῳ ἐκκλησίας γράψον, Τάδε λέγει ὁ κρατῶν τοὺς ἑπτὰ ἀστέρας ἐν τῇ δεξιᾷ αὐτοῦ, ὁ περιπατῶν ἐν μέσῳ τῶν ἑπτὰ λυχνιῶν τῶν χρυσέων,
4202020152	Οἶδα τὰ ἔργα σου καὶ τὸν κόπον καὶ τὴν ὑπομονήν σου καὶ ὅτι οὐ δύνῃ βαστάσαι κακούς, καὶ ἐπείρασας τοὺς λέγοντας ἑαυτοὺς ἀποστόλους καὶ οὐκ εἰσίν, καὶ εὗρες αὐτοὺς ψευδεῖς,
4202030086	καὶ ὑπομονὴν ἔχεις καὶ ἐβάστασας διὰ τὸ ὄνομά μου καὶ οὐ κεκοπίακες
420204006f	ἀλλὰ ἔχω κατὰ σοῦ, ὅτι τὴν ἀγάπην σου τὴν πρώτην ἀφῆκες.
4202050134	μνημόνευε οὖν πόθεν πέπτωκας, καὶ μετανόησον, καὶ τὰ πρῶτα ἔργα ποίησον· εἰ δὲ μή, ἔρχομαί σοι, καὶ κινήσω τὴν λυχνίαν σου ἐκ τοῦ τόπου αὐτῆς, ἐὰν μὴ μετανοήσῃς.
4202060081	ἀλλὰ τοῦτο ἔχεις, ὅτι μισεῖς τὰ ἔργα τῶν Νικολαΐτων, ἃ κἀγὼ μισῶ.
4202070114	ὁ ἔχων οὖς ἀκουσάτω τί τὸ πνεῦμα λέγει ταῖς ἐκκλησίαις· Τῷ νικῶντι δώσω αὐτῷ φαγεῖν ἐκ τοῦ ξύλου τῆς ζωῆς, ὅ ἐστιν ἐν τῷ παραδείσῳ τοῦ θεοῦ.
42020800da	Καὶ τῷ ἀγγέλῳ τῆς ἐν Σμύρνῃ ἐκκλησίας, γράψον· Τάδε λέγει ὁ πρῶτος καὶ ὁ ἔσχατος, ὃς ἐγένετο νεκρὸς καὶ ἔζησεν,
4202090132	Οἶδά σου τὴν θλῖψιν καὶ τὴν πτωχείαν· ἀλλὰ πλούσιος εἶ, καὶ τὴν βλασφημίαν ἐκ τῶν λεγόντων Ἰουδαίους εἶναι ἑαυτούς, καὶ οὐκ εἰσὶν ἀλλὰ συναγωγὴ τοῦ Σατανᾶ.
42020a016b	μὴ φοβοῦ ἃ μέλλεις πάσχειν· ἰδοὺ μέλλει βάλλειν ὁ διάβολος ἐξ ὑμῶν εἰς φυλακὴν ἵνα πειρασθῆτε, καὶ ἕξετε θλῖψιν ἡμερῶν δέκα. γίνου πιστὸς ἄχρι θανάτου, καὶ δώσω σοι τὸν στέφανον τῆς ζωῆς.
42020b00d1	ὁ ἔχων οὖς ἀκουσάτω τί τὸ πνεῦμα λέγει ταῖς ἐκκλησίαις· Ὁ νικῶν οὐ μὴ ἀδικηθῇ ἐκ τοῦ θανάτου τοῦ δευτέρου.
42020c00c9	Καὶ τῷ ἀγγέλῳ τῆς ἐν Περγάμῳ ἐκκλησίας γράψον, Τάδε λέγει ὁ ἔχων τὴν ῥομφαίαν τὴν δίστομον τὴν ὀξεῖαν,
42020d0190	Οἶδα ποῦ κατοικεῖς ὅπου ὁ θρόνος τοῦ σατανᾶ, καὶ κρατεῖς τὸ ὄνομά μου, καὶ οὐκ ἠρνήσω τὴν πίστιν μου [καὶ] ἐν ταῖς ἡμέραις Ἀντίπας ὁ μάρτυς μου ὁ πιστός [μου] ὃς ἀπεκτάνθη παρ᾽ ὑμῖν, ὅπου ὁ σατανᾶς κατοικεῖ.
42020e014c	ἀλλ᾽ ἔχω κατὰ σοῦ ὀλίγα, ὅτι ἔχεις ἐκεῖ κρατοῦντας τὴν διδαχὴν Βαλαάμ, ὃς ἐδίδασκεν τῷ Βαλὰκ βαλεῖν σκάνδαλον ἐνώπιον τῶν υἱῶν Ἰσραήλ, φαγεῖν εἰδωλόθυτα καὶ πορνεῦσαι.
42020f0082	οὕτως ἔχεις καὶ σὺ κρατοῦντας τὴν διδαχὴν [τῶν] Νικολαϊτῶν ὁμοίως.
42021000bf	μετανόησον οὖν· εἰ δὲ μή, ἔρχομαί σοι ταχύ, καὶ πολεμήσω μετ᾽ αὐτῶν ἐν τῇ ῥομφαίᾳ τοῦ στόματός μου.
420211019a	ὁ ἔχων οὖς ἀκουσάτω τί τὸ πνεῦμα λέγει ταῖς ἐκκλησίαις· Τῷ νικοῦντι δώσω αὐτῷ τοῦ μάννα τοῦ κεκρυμμένου, καὶ δώσω αὐτῷ ψῆφον λευκήν, καὶ ἐπὶ τὴν ψῆφον ὄνομα καινὸν γεγραμμένον, ὃ οὐδεὶς οἶδεν εἰ μὴ ὁ λαμβάνων.
420212013b	Καὶ τῷ ἀγγέλῳ τῆς ἐν Θυατείροις ἐκκλησίας γράψον, Τάδε λέγει ὁ υἱὸς τοῦ θεοῦ, ὁ ἔχων τοὺς ὀφθαλμοὺς αὐτοῦ ὡς φλόγα πυρός, καὶ οἱ πόδες αὐτοῦ ὅμοιοι χαλκολιβάνῳ,
4202130102	Οἶδά σου τὰ ἔργα καὶ τὴν πίστιν καὶ τὴν ἀγάπην καὶ τὴν διακονίαν, καὶ τὴν ὑπομονήν σου, καὶ τὰ ἔργα σου, τὰ ἔσχατα πλείονα τῶν πρώτων.
420214012d	Ἀλλὰ ἔχω κατὰ σοῦ ὅτι ἀφεῖς τὴν γυναῖκα, Ἰεζαβὲλ ἡ λέγουσα ἑαυτὴν προφῆτιν, καὶ διδάσκει καὶ πλανᾷ τοὺς ἐμοὺς δούλους, πορνεῦσαι καὶ φαγεῖν εἰδωλόθυτα.
42021500a3	καὶ ἔδωκα αὐτῇ χρόνον ἵνα μετανοήσῃ καὶ οὐ θέλει μετανοῆσαι ἐκ τῆς πορνείας αὐτῆς.
42021600ed	ἰδοὺ βάλλω αὐτὴν εἰς κλίνην, καὶ τοὺς μοιχεύοντας μετ᾽ αὐτῆς εἰς θλῖψιν μεγάλην, ἐὰν μὴ μετανοήσωσιν ἐκ τῶν ἔργων αὐτῆς
4202170137	καὶ τὰ τέκνα αὐτῆς ἀποκτενῶ ἐν θανάτῳ, καὶ γνώσονται πᾶσαι αἱ ἐκκλησίαι ὅτι ἐγώ εἰμι ὁ ἐραυνῶν νεφροὺς καὶ καρδίας· καὶ δώσω ὑμῖν ἑκάστῳ κατὰ τὰ ἔργα ὑμῶν.
4202180145	ὑμῖν δὲ λέγω τοῖς λοιποῖς τοῖς ἐν Θυατείροις, ὅσοι οὐκ ἔχουσιν τὴν διδαχὴν ταύτην, οἵτινες οὐκ ἔγνωσαν τὰ βαθέα τοῦ σατανᾶ, ὡς λέγουσιν, Οὐ βάλλω ἐφ᾽ ὑμᾶς ἄλλο βάρος·
420219004c	πλὴν ὃ ἔχετε κρατήσατε, ἄχρι οὗ ἂν ἥξω.
42021a00a4	καὶ ὁ νικῶν καὶ ὁ τηρῶν ἄχρι τέλους τὰ ἔργα μου, δώσω αὐτῷ ἐξουσίαν ἐπὶ τῶν ἐθνῶν·
42021b0091	καὶ ποιμανεῖ αὐτοὺς ἐν ῥάβδῳ σιδηρᾷ, ὡς τὰ σκεύη τὰ κεραμικὰ συντρίβεται,
42021c0090	ὡς κἀγὼ εἴληφα παρὰ τοῦ πατρός μου· καὶ δώσω αὐτῷ τὸν ἀστέρα τὸν πρωϊνόν.
42021d006c	Ὁ ἔχων οὖς ἀκουσάτω τί τὸ πνεῦμα λέγει ταῖς ἐκκλησίαις.
4203010151	Καὶ τῷ ἀγγέλῳ τῆς ἐν Σάρδεσιν ἐκκλησίας γράψον, Τάδε λέγει ὁ ἔχων τὰ ἑπτὰ πνεύματα τοῦ θεοῦ καὶ τοὺς ἑπτὰ ἀστέρας, Οἶδά σου τὰ ἔργα, ὅτι ὄνομα ἔχεις ὅτι ζῇς, καὶ νεκρὸς εἶ.
42030200e9	γίνου γρηγορῶν, καὶ στήρισον τὰ λοιπὰ ἃ ἔμελλον ἀποθανεῖν· οὐ γὰρ εὕρηκά σου [τὰ] ἔργα πεπληρωμένα ἐνώπιον τοῦ θεοῦ μου.
4203030115	μνημόνευε οὖν πῶς εἴληφας καὶ ἤκουσας, καὶ τήρει, καὶ μετανόησον. ἐὰν οὖν μὴ γρηγορήσῃς, ἥξω ὡς κλέπτης, καὶ οὐ μὴ γνώσῃ ποίαν ὥραν ἥξω ἐπὶ σέ.
42030400fb	ἀλλὰ ἔχεις ὀλίγα ὀνόματα ἐν Σάρδεσιν ἃ οὐκ ἐμόλυναν τὰ ἱμάτια αὐτῶν, καὶ περιπατήσουσιν μετ᾽ ἐμοῦ ἐν λευκοῖς, ὅτι ἄξιοί εἰσιν.
4203050177	Ὁ νικῶν οὕτως περιβαλεῖται ἐν ἱματίοις λευκοῖς· καὶ οὐ μὴ ἐξαλείψω τὸ ὄνομα αὐτοῦ ἐκ τῆς βίβλου τῆς ζωῆς, καὶ ὁμολογήσω τὸ ὄνομα αὐτοῦ ἐνώπιον τοῦ πατρός μου καὶ ἐνώπιον τῶν ἀγγέλων αὐτοῦ.
420306006c	Ὁ ἔχων οὖς ἀκουσάτω τί τὸ πνεῦμα λέγει ταῖς ἐκκλησίαις.
4203070147	Καὶ τῷ ἀγγέλῳ τῆς ἐν Φιλαδελφείᾳ ἐκκλησίας γράψον, Τάδε λέγει ὁ ἅγιος, ὁ ἀληθινός, ὁ ἔχων τὴν κλεῖν Δαυείδ, ὁ ἀνοίγων καὶ οὐδεὶς κλείσει καὶ κλείων καὶ οὐδεὶς ἀνοίγει,
4203080155	οἶδά σου τὰ ἔργα· ἰδοὺ δέδωκα ἐνώπιόν σου θύραν ἀνεῳγμένην, ἣν οὐδεὶς δύναται κλεῖσαι αὐτήν· ὅτι μικρὰν ἔχεις δύναμιν, καὶ ἐτήρησάς μου τὸν λόγον, καὶ οὐκ ἠρνήσω τὸ ὄνομά μου.
42030901a1	ἰδοὺ διδῶ ἐκ τῆς συναγωγῆς τοῦ σατανᾶ τῶν λεγόντων ἑαυτοὺς Ἰουδαίους εἶναι, καὶ οὐκ εἰσὶν ἀλλὰ ψεύδονται· ἰδοὺ ποιήσω αὐτοὺς ἵνα ἥξουσιν καὶ προσκυνήσουσιν ἐνώπιον τῶν ποδῶν σου, καὶ γνῶσιν ὅτι ἐγὼ ἠγάπησά σε.
42030a014d	ὅτι ἐτήρησας τὸν λόγον τῆς ὑπομονῆς μου, κἀγώ σε τηρήσω ἐκ τῆς ὥρας τοῦ πειρασμοῦ τῆς μελλούσης ἔρχεσθαι ἐπὶ τῆς οἰκουμένης ὅλης, πειράσαι τοὺς κατοικοῦντας ἐπὶ τῆς γῆς.
42030b0079	ἔρχομαι ταχύ· κράτει ὃ ἔχεις, ἵνα μηδεὶς λάβῃ τὸν στέφανόν σου.
42030c01f9	Ὁ νικῶν, ποιήσω αὐτὸν στῦλον ἐν τῷ ναῷ τοῦ θεοῦ μου, καὶ ἔξω οὐ μὴ ἐξέλθῃ ἔτι, καὶ γράψω ἐπ᾽ αὐτὸν τὸ ὄνομα τοῦ θεοῦ μου, καὶ τὸ ὄνομα τῆς πόλεως τοῦ θεοῦ μου, τῆς καινῆς Ἱερουσαλήμ, ἡ καταβαίνουσα ἐκ τοῦ οὐρανοῦ ἀπὸ τοῦ θεοῦ μου, καὶ τὸ ὄνομά μου τὸ καινόν.
42030d006c	Ὁ ἔχων οὖς ἀκουσάτω τί τὸ πνεῦμα λέγει ταῖς ἐκκλησίαις.
42030e00fa	Καὶ τῷ ἀγγέλῳ τῆς ἐν Λαοδικείᾳ ἐκκλησίας γράψον, Τάδε λέγει ὁ Ἀμήν, ὁ μάρτυς ὁ πιστὸς καὶ ἀληθινός, ἡ ἀρχὴ τῆς κτίσεως τοῦ θεοῦ,
42030f0097	Οἶδά σου τὰ ἔργα, ὅτι οὔτε ψυχρὸς εἶ, οὔτε ζεστός· ὄφελον ψυχρὸς ἦς, ἢ ζεστός·
42031000a7	οὕτως ὅτι χλιαρὸς εἶ, καὶ οὔτε ζεστὸς οὔτε ψυχρός, μέλλω σε ἐμέσαι ἐκ τοῦ στόματός μου.
4203110127	ὅτι λέγεις ὅτι Πλούσιός εἰμι, καὶ πεπλούτηκα, καὶ οὐδὲν χρείαν ἔχω, καὶ οὐκ οἶδας ὅτι σὺ εἶ ὁ ταλαίπωρος καὶ ἐλεεινὸς καὶ πτωχὸς καὶ τυφλὸς καὶ γυμνός.
4203120198	συμβουλεύω σοι ἀγοράσαι παρ᾽ ἐμοῦ χρυσίον πεπυρωμένον ἐκ πυρός, ἵνα πλουτήσῃς, καὶ ἱμάτια λευκά, ἵνα περιβάλῃ, καὶ μὴ φανερωθῇ ἡ αἰσχύνη τῆς γυμνότητός σου, καὶ κολλύριον ἐγχρῖσαι τοὺς ὀφθαλμούς σου, ἵνα βλέπῃς.
4203130082	ἐγὼ ὅσους ἐὰν φιλῶ, ἐλέγχω καὶ παιδεύω· ζήλευε οὖν καὶ μετανόησον.
420314013a	Ἰδοὺ ἕστηκα ἐπὶ τὴν θύραν καὶ κρούω· ἐάν τις ἀκούσῃ τῆς φωνῆς μου καὶ ἀνοίξῃ τὴν θύραν, εἰσελεύσομαι πρὸς αὐτόν, καὶ δειπνήσω μετ᾽ αὐτοῦ, καὶ αὐτὸς μετ᾽ ἐμοῦ.
42031500ee	Ὁ νικῶν, δώσω αὐτῷ καθίσαι μετ᾽ ἐμοῦ ἐν τῷ θρόνῳ μου, ὡς κἀγὼ ἐνίκησα, καὶ ἐκάθισα μετὰ τοῦ πατρός μου ἐν τῷ θρόνῳ αὐτοῦ.
420316006c	Ὁ ἔχων οὖς ἀκουσάτω τί τὸ πνεῦμα λέγει ταῖς ἐκκλησίαις.
4204010157	Μετὰ ταῦτα εἶδον, καὶ ἰδοὺ θύρα ἠνεῳγμένη ἐν τῷ οὐρανῷ, καὶ ἡ φωνὴ ἡ πρώτη, ἣν ἤκουσα ὡς σάλπιγγος λαλούσης μετ᾽ ἐμοῦ λέγων, Ἀνάβα ὧδε, καὶ δείξω σοι ἃ δεῖ γενέσθαι μετὰ ταῦτα.
42040200bc	εὐθέως ἐγενόμην ἐν πνεύματι, καὶ ἰδοὺ θρόνος ἔκειτο ἐν τῷ οὐρανῷ, καὶ ἐπὶ τὸν θρόνον καθήμενος·
42040300d7	καὶ ὁ καθήμενος ὅμοιος ὁράσει λίθῳ ἰάσπιδι καὶ σαρδίῳ· καὶ ἶρις κυκλόθεν τοῦ θρόνου ὅμοιος ὁράσει σμαραγδίνῳ.
4204040177	καὶ κυκλόθεν τοῦ θρόνου θρόνοι εἴκοσι τέσσαρες· καὶ ἐπὶ τοὺς θρόνους εἴκοσι τέσσαρας πρεσβυτέρους καθημένους, περιβεβλημένους ἐν ἱματίοις λευκοῖς· καὶ ἐπὶ τὰς κεφαλὰς αὐτῶν στεφάνους χρυσέους.
420405012c	καὶ ἐκ τοῦ θρόνου ἐκπορεύονται ἀστραπαὶ καὶ φωναὶ καὶ βρονταί, καὶ ἑπτὰ λαμπάδες πυρὸς καιόμεναι ἐνώπιον τοῦ θρόνου, αἵ εἰσιν τὰ ἑπτὰ πνεύματα τοῦ θεοῦ·
420406012d	καὶ ἐνώπιον τοῦ θρόνου ὡς θάλασσα ὑαλίνη, ὁμοία κρυστάλλῳ. καὶ ἐν μέσῳ τοῦ θρόνου καὶ κύκλῳ τοῦ θρόνου τέσσερα ζῷα γέμοντα ὀφθαλμῶν ἔμπροσθεν καὶ ὄπισθεν.
420407013f	καὶ τὸ ζῷον τὸ πρῶτον ὅμοιον λέοντι, καὶ τὸ δεύτερον ζῷον ὅμοιον μόσχῳ, καὶ τὸ τρίτον ζῷον ἔχων τὸ πρόσωπον ὡς ἀνθρώπου, καὶ τὸ τέταρτον ζῷον ὅμοιον ἀετῷ πετομένῳ.
42040801c3	καὶ τὰ τέσσερα ζῷα, ἓν ἕκαστον αὐτῶν ἔχων ἀνὰ πτέρυγας ἕξ κυκλόθεν, καὶ ἔσωθεν γέμουσιν ὀφθαλμῶν, καὶ ἀνάπαυσιν οὐκ ἔχουσιν ἡμέρας καὶ νυκτός, λέγοντες, Ἅγιος, ἅγιος, ἅγιος κύριος ὁ θεὸς ὁ παντοκράτωρ, ὁ ἦν καὶ ὁ ὢν καὶ ὁ ἐρχόμενος.
42040900ed	καὶ ὅταν δώσουσιν τὰ ζῷα δόξαν καὶ τιμὴν καὶ εὐχαριστίαν τῷ καθημένῳ ἐπὶ τῷ θρόνῳ, τῷ ζῶντι εἰς τοὺς αἰῶνας τῶν αἰώνων,
42040a0184	πεσοῦνται οἱ εἴκοσι τέσσαρες πρεσβύτεροι ἐνώπιον τοῦ καθημένου ἐπὶ τοῦ θρόνου, καὶ προσκυνήσουσιν τῷ ζῶντι εἰς τοὺς αἰῶνας τῶν αἰώνων, καὶ βαλοῦσιν τοὺς στεφάνους αὐτῶν ἐνώπιον τοῦ θρόνου, λέγοντες,
42040b0126	Ἄξιος εἶ, ὁ κύριος καὶ ὁ θεὸς ἡμῶν, λαβεῖν τὴν δόξαν καὶ τὴν τιμὴν καὶ τὴν δύναμιν· ὅτι σὺ ἔκτισας τὰ πάντα, καὶ διὰ τὸ θέλημά σου ἦσαν καὶ ἐκτίσθησαν.
42050100f8	Καὶ εἶδον ἐπὶ τὴν δεξιὰν τοῦ καθημένου ἐπὶ τοῦ θρόνου βιβλίον γεγραμμένον ἔσωθεν καὶ ὄπισθεν, κατεσφραγισμένον σφραγῖσιν ἑπτά.
42050200e0	καὶ εἶδον ἄγγελον ἰσχυρὸν κηρύσσοντα ἐν φωνῇ μεγάλῃ, Τίς ἄξιος ἀνοῖξαι τὸ βιβλίον, καὶ λῦσαι τὰς σφραγῖδας αὐτοῦ;
42050300dd	καὶ οὐδεὶς ἠδύνατο ἐν τῷ οὐρανῷ, οὐδὲ ἐπὶ τῆς γῆς, οὐδὲ ὑποκάτω τῆς γῆς, ἀνοῖξαι τὸ βιβλίον οὔτε βλέπειν αὐτό.
42050400a7	καὶ [ἐγὼ] ἔκλαιον πολύ, ὅτι οὐδεὶς ἄξιος εὑρέθη ἀνοῖξαι τὸ βιβλίον οὔτε βλέπειν αὐτό.
4205050130	καὶ εἷς ἐκ τῶν πρεσβυτέρων λέγει μοι, Μὴ κλαῖε· ἰδοὺ ἐνίκησεν ὁ λέων ὁ ἐκ τῆς φυλῆς Ἰούδα, ἡ ῥίζα Δαυείδ, ἀνοῖξαι τὸ βιβλίον, καὶ τὰς ἑπτὰ σφραγῖδας αὐτοῦ.
42050601a8	καὶ εἶδον, ἐν μέσῳ τοῦ θρόνου καὶ τῶν τεσσάρων ζῴων, καὶ ἐν μέσῳ τῶν πρεσβυτέρων, ἀρνίον ἑστηκὼς ὡς ἐσφαγμένον, ἔχων κέρατα ἑπτὰ καὶ ὀφθαλμοὺς ἑπτά, οἵ εἰσιν τὰ ἑπτὰ πνεύματα τοῦ θεοῦ ἀπεσταλμένοι εἰς πᾶσαν τὴν γῆν.
4205070082	καὶ ἦλθεν, καὶ εἴληφεν ἐκ τῆς δεξιᾶς τοῦ καθημένου ἐπὶ τοῦ θρόνου.
4205080185	καὶ ὅτε ἔλαβεν τὸ βιβλίον, τὰ τέσσερα ζῷα καὶ οἱ εἰκοσιτέσσαρες πρεσβύτεροι ἔπεσαν ἐνώπιον τοῦ ἀρνίου, ἔχοντες ἕκαστος κιθάραν, καὶ φιάλας χρυσέας γεμούσας θυμιαμάτων, αἵ εἰσιν αἱ προσευχαὶ τῶν ἁγίων·
4205090186	καὶ ᾄδουσιν ᾠδὴν καινὴν λέγοντες, Ἄξιος εἶ λαβεῖν τὸ βιβλίον, καὶ ἀνοῖξαι τὰς σφραγῖδας αὐτοῦ· ὅτι ἐσφάγης καὶ ἠγόρασας τῷ θεῷ ἡμᾶς ἐν τῷ αἵματί σου, ἐκ πάσης φυλῆς καὶ γλώσσης καὶ λαοῦ καὶ ἔθνους,
42050a00a8	καὶ ἐποίησας αὐτοὺς τῷ θεῷ ἡμῶν βασιλείαν καὶ ἱερεῖς· καὶ βασιλεύουσιν ἐπὶ τῆς γῆς.
42050b0135	καὶ εἶδον, καὶ ἤκουσα φωνὴν ἀγγέλων πολλῶν κύκλῳ τοῦ θρόνου καὶ τῶν ζῴων καὶ τῶν πρεσβυτέρων· καὶ ἦν ὁ ἀριθμὸς αὐτῶν μυριάδες μυριάδων καὶ χιλιάδες χιλιάδων,
42050c011a	λέγοντες φωνῇ μεγάλῃ, Ἄξιόν ἐστιν τὸ ἀρνίον τὸ ἐσφαγμένον λαβεῖν τὴν δύναμιν καὶ πλοῦτον καὶ σοφίαν καὶ ἰσχὺν καὶ τιμὴν καὶ δόξαν καὶ εὐλογίαν.
42050d01e3	καὶ πᾶν κτίσμα ὃ ἐν τῷ οὐρανῷ, καὶ ἐπὶ τῆς γῆς καὶ ὑποκάτω τῆς γῆς, καὶ ἐπὶ τῆς θαλάσσης, καὶ τὰ ἐν αὐτοῖς πάντα, ἤκουσα λέγοντας, Τῷ καθημένῳ ἐπὶ τοῦ θρόνου καὶ τῷ ἀρνίῳ ἡ εὐλογία καὶ ἡ τιμὴ καὶ ἡ δόξα καὶ τὸ κράτος εἰς τοὺς αἰῶνας τῶν αἰώνων.
42050e0095	καὶ τὰ τέσσερα ζῷα ἔλεγον, Ἀμήν· καὶ οἱ πρεσβύτεροι ἔπεσαν, καὶ προσεκύνησαν.
42060100ff	Καὶ εἶδον ὅτε ἤνοιξεν τὸ ἀρνίον μίαν ἐκ τῶν ἑπτὰ σφραγίδων, καὶ ἤκουσα ἑνὸς ἐκ τῶν τεσσάρων ζῴων λέγοντος ὡς φωνὴ βροντῆς, Ἔρχου·
4206020103	καὶ εἶδον, καὶ ἰδοὺ ἵππος λευκός, καὶ ὁ καθήμενος ἐπ᾽ αὐτὸν ἔχων τόξον· καὶ ἐδόθη αὐτῷ στέφανος, καὶ ἐξῆλθεν νικῶν, καὶ ἵνα νικήσῃ.
42060300a3	Καὶ ὅτε ἤνοιξεν τὴν σφραγῖδα τὴν δευτέραν, ἤκουσα τοῦ δευτέρου ζῴου λέγοντος, Ἔρχου.
420604013e	καὶ ἐξῆλθεν ἄλλος ἵππος πυῤῥός· καὶ τῷ καθημένῳ ἐπ᾽ αὐτὸν ἐδόθη αὐτῷ λαβεῖν τὴν εἰρήνην ἐκ τῆς γῆς, καὶ ἵνα ἀλλήλους σφάξουσιν· καὶ ἐδόθη αὐτῷ μάχαιρα μεγάλη.
420605014c	Καὶ ὅτε ἤνοιξεν τὴν σφραγῖδα τὴν τρίτην, ἤκουσα τοῦ τρίτου ζῴου λέγοντος, Ἔρχου. καὶ εἶδον, καὶ ἰδοὺ ἵππος μέλας, καὶ ὁ καθήμενος ἐπ᾽ αὐτὸν ἔχων ζυγὸν ἐν τῇ χειρὶ αὐτοῦ.
420606012f	καὶ ἤκουσα ὡς φωνὴν ἐν μέσῳ τῶν τεσσάρων ζῴων λέγουσαν, Χοῖνιξ σίτου δηναρίου, καὶ τρεῖς χοίνικες κριθῶν δηναρίου· καὶ τὸ ἔλαιον καὶ τὸν οἶνον μὴ ἀδικήσῃς.
42060700b1	Καὶ ὅτε ἤνοιξεν τὴν σφραγῖδα τὴν τετάρτην, ἤκουσα [φωνὴν] τοῦ τετάρτου ζῴου λέγοντος, Ἔρχου.
42060801e6	καὶ εἶδον, καὶ ἰδοὺ ἵππος χλωρός, καὶ ὁ καθήμενος ἐπάνω αὐτοῦ, ὄνομα αὐτῷ, ὁ θάνατος, καὶ ὁ Ἅδης ἠκολούθει μετ᾽ αὐτοῦ· καὶ ἐδόθη αὐτοῖς ἐξουσία ἐπὶ τὸ τέταρτον τῆς γῆς ἀποκτεῖναι ἐν ῥομφαίᾳ καὶ ἐν λιμῷ καὶ ἐν θανάτῳ, καὶ ὑπὸ τῶν θηρίων τῆς γῆς.
4206090124	Καὶ ὅτε ἤνοιξεν τὴν πέμπτην σφραγῖδα, εἶδον ὑποκάτω τοῦ θυσιαστηρίου τὰς ψυχὰς τῶν ἐσφαγμένων διὰ τὸν λόγον τοῦ θεοῦ, καὶ διὰ τὴν μαρτυρίαν ἣν εἶχον,
42060a011f	καὶ ἔκραξαν φωνῇ μεγάλῃ λέγοντες, Ἕως πότε, ὁ δεσπότης ὁ ἅγιος καὶ ἀληθινός, οὐ κρίνεις καὶ ἐκδικεῖς τὸ αἷμα ἡμῶν ἐκ τῶν κατοικούντων ἐπὶ τῆς γῆς;
42060b017d	καὶ ἐδόθη αὐτοῖς ἑκάστῳ στολὴ λευκή, καὶ ἐῤῥέθη αὐτοῖς ἵνα ἀναπαύσονται ἔτι χρόνον μικρόν, ἕως πληρώσωσιν καὶ οἱ σύνδουλοι αὐτῶν καὶ οἱ ἀδελφοὶ αὐτῶν, οἱ μέλλοντες ἀποκτέννεσθαι ὡς καὶ αὐτοί.
42060c0129	Καὶ εἶδον ὅτε ἤνοιξεν τὴν σφραγῖδα τὴν ἕκτην· καὶ σεισμὸς μέγας ἐγένετο, καὶ ὁ ἥλιος ἐγένετο μέλας ὡς σάκκος τρίχινος, καὶ ἡ σελήνη ὅλη ἐγένετο ὡς αἷμα,
42060d00dd	καὶ οἱ ἀστέρες τοῦ οὐρανοῦ ἔπεσαν εἰς τὴν γῆν, ὡς συκῆ βάλλει τοὺς ὀλύνθους αὐτῆς, ὑπὸ ἀνέμου μεγάλου σειομένη·
42060e00cc	καὶ ὁ οὐρανὸς ἀπεχωρίσθη ὡς βιβλίον ἑλισσόμενον, καὶ πᾶν ὄρος καὶ νῆσος ἐκ τῶν τόπων αὐτῶν ἐκινήθησαν·
42060f0168	καὶ οἱ βασιλεῖς τῆς γῆς, καὶ οἱ μεγιστᾶνες, καὶ οἱ χιλίαρχοι, καὶ οἱ πλούσιοι, καὶ οἱ ἰσχυροί, καὶ πᾶς δοῦλος καὶ ἐλεύθερος ἔκρυψαν ἑαυτοὺς εἰς τὰ σπήλαια καὶ εἰς τὰς πέτρας τῶν ὀρέων,
4206100128	καὶ λέγουσιν τοῖς ὄρεσιν καὶ ταῖς πέτραις, Πέσετε ἐφ᾽ ἡμᾶς, καὶ κρύψατε ἡμᾶς ἀπὸ προσώπου τοῦ καθημένου ἐπὶ τοῦ θρόνου, καὶ ἀπὸ τῆς ὀργῆς τοῦ ἀρνίου·
4206110088	ὅτι ἦλθεν ἡ ἡμέρα ἡ μεγάλη τῆς ὀργῆς αὐτῶν, καὶ τίς δύναται σταθῆναι;
4207010183	[Καὶ] μετὰ τοῦτο εἶδον τέσσαρας ἀγγέλους ἑστῶτας ἐπὶ τὰς τέσσαρας γωνίας τῆς γῆς, κρατοῦντας τοὺς τέσσαρας ἀνέμους τῆς γῆς, ἵνα μὴ πνέῃ ἄνεμος ἐπὶ τῆς γῆς, μήτε ἐπὶ τῆς θαλάσσης, μήτε ἐπί τι δένδρον.
4207020172	καὶ εἶδον ἄλλον ἄγγελον ἀναβαίνοντα ἀπὸ ἀνατολῆς ἡλίου, ἔχοντα σφραγῖδα θεοῦ ζῶντος· καὶ ἔκραξεν φωνῇ μεγάλῃ τοῖς τέσσαρσιν ἀγγέλοις, οἷς ἐδόθη αὐτοῖς ἀδικῆσαι τὴν γῆν καὶ τὴν θάλασσαν,
42070300fd	λέγων, Μὴ ἀδικήσητε τὴν γῆν, μήτε τὴν θάλασσαν, μήτε τὰ δένδρα, ἄχρις σφραγίσωμεν τοὺς δούλους τοῦ θεοῦ ἡμῶν ἐπὶ τῶν μετώπων αὐτῶν.
42070400f2	καὶ ἤκουσα τὸν ἀριθμὸν τῶν ἐσφραγισμένων· ἑκατὸν τεσσεράκοντα τέσσαρες χιλιάδες ἐσφραγισμένοι ἐκ πάσης φυλῆς υἱῶν Ἰσραήλ·
42070500d4	ἐκ φυλῆς Ἰούδα, δώδεκα χιλιάδες ἐσφραγισμένοι· ἐκ φυλῆς Ῥουβήν, δώδεκα χιλιάδες. ἐκ φυλῆς Γάδ, δώδεκα χιλιάδες·
42070600c5	ἐκ φυλῆς Ἀσήρ, δώδεκα χιλιάδες· ἐκ φυλῆς Νεφθαλείμ, δώδεκα χιλιάδες· ἐκ φυλῆς Μανασσῆ, δώδεκα χιλιάδες·
42070700c0	ἐκ φυλῆς Συμεών, δώδεκα χιλιάδες· ἐκ φυλῆς Λευεί, δώδεκα χιλιάδες· ἐκ φυλῆς Ἰσσαχάρ, δώδεκα χιλιάδες·
42070800e3	ἐκ φυλῆς Ζαβουλών, δώδεκα χιλιάδες· ἐκ φυλῆς Ἰωσήφ, δώδεκα χιλιάδες· ἐκ φυλῆς Βενιαμείν, δώδεκα χιλιάδες ἐσφραγισμένοι.
42070901dc	Μετὰ ταῦτα εἶδον, καὶ ἰδοὺ ὄχλος πολύς, ὃν ἀριθμῆσαι αὐτὸν οὐδεὶς ἐδύνατο, ἐκ παντὸς ἔθνους καὶ φυλῶν καὶ λαῶν καὶ γλωσσῶν, ἑστῶτες ἐνώπιον τοῦ θρόνου καὶ ἐνώπιον τοῦ ἀρνίου, περιβεβλημένους στολὰς λευκάς, καὶ φοίνικες ἐν ταῖς χερσὶν αὐτῶν·
42070a00c1	καὶ κράζουσιν φωνῇ μεγάλῃ, λέγοντες, Ἡ σωτηρία τῷ θεῷ ἡμῶν τῷ καθημένῳ ἐπὶ τῷ θρόνῳ, καὶ τῷ ἀρνίῳ.
42070b014d	καὶ πάντες οἱ ἄγγελοι εἱστήκεισαν κύκλῳ τοῦ θρόνου καὶ τῶν πρεσβυτέρων καὶ τῶν τεσσάρων ζῴων, καὶ ἔπεσαν ἐνώπιον τοῦ θρόνου ἐπὶ τὰ πρόσωπα αὐτῶν, καὶ προσεκύνησαν τῷ θεῷ,
42070c0125	λέγοντες, Ἀμήν· ἡ εὐλογία καὶ ἡ δόξα καὶ ἡ σοφία καὶ ἡ εὐχαριστία καὶ ἡ τιμὴ καὶ ἡ δύναμις καὶ ἡ ἰσχὺς τῷ θεῷ ἡμῶν εἰς τοὺς αἰῶνας τῶν αἰώνων. ἀμήν.
42070d00ec	καὶ ἀπεκρίθη εἷς ἐκ τῶν πρεσβυτέρων λέγων μοι, Οὗτοι οἱ περιβεβλημένοι τὰς στολὰς τὰς λευκάς, τίνες εἰσίν, καὶ πόθεν ἦλθον;
42070e0160	καὶ εἴρηκα αὐτῷ, κύριέ μου, σὺ οἶδας. καὶ εἶπέν μοι, Οὗτοί εἰσιν οἱ ἐρχόμενοι ἐκ τῆς θλίψεως τῆς μεγάλης, καὶ ἔπλυναν τὰς στολὰς αὐτῶν, καὶ ἐλεύκαναν αὐτὰς ἐν τῷ αἵματι τοῦ ἀρνίου.
42070f012e	διὰ τοῦτό εἰσιν ἐνώπιον τοῦ θρόνου τοῦ θεοῦ, καὶ λατρεύουσιν αὐτῷ ἡμέρας καὶ νυκτὸς ἐν τῷ ναῷ αὐτοῦ· καὶ ὁ καθήμενος ἐπὶ τοῦ θρόνου σκηνώσει ἐπ᾽ αὐτούς.
42071000b3	οὐ πεινάσουσιν ἔτι, οὐδὲ διψήσουσιν ἔτι, οὐδὲ μὴ πέσῃ ἐπ᾽ αὐτοὺς ὁ ἥλιος, οὐδὲ πᾶν καῦμα·
4207110130	ὅτι τὸ ἀρνίον τὸ ἀνάμεσον τοῦ θρόνου ποιμανεῖ αὐτοὺς καὶ ὁδηγήσει αὐτοὺς ἐπὶ ζωῆς πηγὰς ὑδάτων, καὶ ἐξαλείψει ὁ θεὸς πᾶν δάκρυον ἐκ τῶν ὀφθαλμῶν αὐτῶν.
42080100a0	Καὶ ὅταν ἤνοιξεν τὴν σφραγῖδα τὴν ἑβδόμην, ἐγένετο σιγὴ ἐν τῷ οὐρανῷ ὡς ἡμιώρον.
42080200c0	καὶ εἶδον τοὺς ἑπτὰ ἀγγέλους, οἳ ἐνώπιον τοῦ θεοῦ ἑστήκασιν, καὶ ἐδόθησαν αὐτοῖς ἑπτὰ σάλπιγγες.
420803019d	καὶ ἄλλος ἄγγελος ἦλθεν, καὶ ἐστάθη ἐπὶ τοῦ θυσιαστηρίου, ἔχων λιβανωτὸν χρυσοῦν· καὶ ἐδόθη αὐτῷ θυμιάματα πολλά, ἵνα δώσει ταῖς προσευχαῖς τῶν ἁγίων πάντων ἐπὶ τὸ θυσιαστήριον τὸ χρυσοῦν τὸ ἐνώπιον τοῦ θρόνου.
42080400c7	καὶ ἀνέβη ὁ καπνὸς τῶν θυμιαμάτων ταῖς προσευχαῖς τῶν ἁγίων, ἐκ χειρὸς τοῦ ἀγγέλου, ἐνώπιον τοῦ θεοῦ.
420805014b	καὶ εἴληφεν ὁ ἄγγελος τὸν λιβανωτόν, καὶ ἐγέμισεν αὐτὸν ἐκ τοῦ πυρὸς τοῦ θυσιαστηρίου, καὶ ἔβαλεν εἰς τὴν γῆν· καὶ ἐγένοντο βρονταὶ καὶ φωναὶ καὶ ἀστραπαὶ καὶ σεισμός.
42080600a7	Καὶ οἱ ἑπτὰ ἄγγελοι οἱ ἔχοντες τὰς ἑπτὰ σάλπιγγας, ἡτοίμασαν αὐτοὺς ἵνα σαλπίσωσιν·
4208070171	Καὶ ὁ πρῶτος ἐσάλπισεν καὶ ἐγένετο χάλαζα καὶ πῦρ μεμιγμένα ἐν αἵματι, καὶ ἐβλήθη εἰς τὴν γῆν καὶ τὸ τρίτον τῆς γῆς κατεκάη· καὶ τὸ τρίτον τῶν δένδρων κατεκάη, καὶ πᾶς χόρτος χλωρὸς κατεκάη.
42080800fd	Καὶ ὁ δεύτερος ἄγγελος ἐσάλπισε, καὶ ὡς ὄρος μέγα πυρὶ καιόμενον ἐβλήθη εἰς τὴν θάλασσαν· καὶ ἐγένετο τὸ τρίτον τῆς θαλάσσης αἷμα.
42080900d4	καὶ ἀπέθανεν τὸ τρίτον τῶν κτισμάτων τῶν ἐν τῇ θαλάσσῃ, τὰ ἔχοντα ψυχάς, καὶ τὸ τρίτον τῶν πλοίων διεφθάρησαν.
42080a0138	Καὶ ὁ τρίτος ἄγγελος ἐσάλπισεν, καὶ ἔπεσεν ἐκ τοῦ οὐρανοῦ ἀστὴρ μέγας καιόμενος ὡς λαμπάς, καὶ ἔπεσεν ἐπὶ τὸ τρίτον τῶν ποταμῶν, καὶ ἐπὶ τὰς πηγὰς τῶν ὑδάτων.
42080b012e	καὶ τὸ ὄνομα τοῦ ἀστέρος λέγεται Ἄψινθος· καὶ ἐγένετο τὸ τρίτον τῶν ὑδάτων εἰς ἄψινθον, καὶ πολλοὶ τῶν ἀνθρώπων ἀπέθανον ἐκ τῶν ὑδάτων, ὅτι ἐπικράνθησαν.
42080c018b	Καὶ ὁ τέταρτος ἄγγελος ἐσάλπισεν, καὶ ἐπλήγη τὸ τρίτον τοῦ ἡλίου καὶ τὸ τρίτον τῆς σελήνης καὶ τὸ τρίτον τῶν ἀστέρων, ἵνα σκοτισθῇ τὸ τρίτον αὐτῶν, καὶ ἡ ἡμέρα μὴ φάνῃ τὸ τρίτον αὐτῆς, καὶ ἡ νὺξ ὁμοίως.
42080d0196	καὶ εἶδον, καὶ ἤκουσα ἑνὸς ἀετοῦ πετομένου ἐν μεσουρανήματι, λέγοντος φωνῇ μεγάλῃ, Οὐαὶ οὐαὶ οὐαὶ τοὺς κατοικοῦντας ἐπὶ τῆς γῆς, ἐκ τῶν λοιπῶν φωνῶν τῆς σάλπιγγος τῶν τριῶν ἀγγέλων τῶν μελλόντων σαλπίζειν.
420901010b	Καὶ ὁ πέμπτος ἄγγελος ἐσάλπισεν, καὶ εἶδον ἀστέρα ἐκ τοῦ οὐρανοῦ πεπτωκότα εἰς τὴν γῆν, καὶ ἐδόθη αὐτῷ ἡ κλεὶς τοῦ φρέατος τῆς ἀβύσσου,
4209020129	καὶ ἤνοιξεν τὸ φρέαρ τῆς ἀβύσσου· καὶ ἀνέβη καπνὸς ἐκ τοῦ φρέατος ὡς καπνὸς καμίνου μεγάλης, καὶ ἐσκοτίσθη ὁ ἥλιος καὶ ὁ ἀὴρ ἐκ τοῦ καπνοῦ τοῦ φρέατος.
42090300e2	καὶ ἐκ τοῦ καπνοῦ ἐξῆλθον ἀκρίδες εἰς τὴν γῆν, καὶ ἐδόθη αὐταῖς ἐξουσία, ὡς ἔχουσιν ἐξουσίαν οἱ σκορπίοι τῆς γῆς·
4209040152	καὶ ἐῤῥέθη αὐταῖς ἵνα μὴ ἀδικήσωσιν τὸν χόρτον τῆς γῆς οὐδὲ πᾶν χλωρὸν οὐδὲ πᾶν δένδρον, εἰ μὴ τοὺς ἀνθρώπους οἵτινες οὐκ ἔχουσιν τὴν σφραγῖδα τοῦ θεοῦ ἐπὶ τῶν μετώπων.
420905012a	καὶ ἐδόθη αὐτοῖς ἵνα μὴ ἀποκτείνωσιν αὐτούς, ἀλλ᾽ ἵνα βασανισθήσονται μῆνας πέντε· καὶ ὁ βασανισμὸς αὐτῶν ὡς βασανισμὸς σκορπίου, ὅταν παίσῃ ἄνθρωπον.
420906012f	καὶ ἐν ταῖς ἡμέραις ἐκείναις ζητήσουσιν οἱ ἄνθρωποι τὸν θάνατον, καὶ οὐ μὴ εὑρήσουσιν αὐτόν· καὶ ἐπιθυμήσουσιν ἀποθανεῖν, καὶ φεύγει ὁ θάνατος ἀπ᾽ αὐτῶν.
4209070142	καὶ τὰ ὁμοιώματα τῶν ἀκρίδων ὅμοια ἵπποις ἡτοιμασμένοις εἰς πόλεμον, καὶ ἐπὶ τὰς κεφαλὰς αὐτῶν ὡς στέφανοι ὅμοιοι χρυσῷ, καὶ τὰ πρόσωπα αὐτῶν ὡς πρόσωπα ἀνθρώπων·
4209080093	καὶ εἶχαν τρίχας ὡς τρίχας γυναικῶν· καὶ οἱ ὀδόντες αὐτῶν ὡς λεόντων ἦσαν·
42090900ec	καὶ εἶχον θώρακας ὡς θώρακας σιδηροῦς· καὶ ἡ φωνὴ τῶν πτερύγων αὐτῶν ὡς φωνὴ ἁρμάτων ἵππων πολλῶν τρεχόντων εἰς πόλεμον.
42090a00fb	καὶ ἔχουσιν οὐρὰς ὁμοίας σκορπίοις, καὶ κέντρα· καὶ ἐν ταῖς οὐραῖς αὐτῶν ἡ ἐξουσία αὐτῶν ἀδικῆσαι τοὺς ἀνθρώπους μῆνας πέντε.
42090b00f1	ἔχουσιν ἐπ᾽ αὐτῶν βασιλέα τὸν ἄγγελον τῆς ἀβύσσου· ὄνομα αὐτῷ Ἑβραϊστὶ Ἀβαδδών, καὶ ἐν τῇ Ἑλληνικῇ ὄνομα ἔχει Ἀπολλύων.
42090c0078	ἡ οὐαὶ ἡ μία ἀπῆλθεν· ἰδοὺ ἔρχεται ἔτι δύο οὐαὶ μετὰ ταῦτα.
42090d00e6	Καὶ ὁ ἕκτος ἄγγελος ἐσάλπισεν, καὶ ἤκουσα φωνὴν μίαν ἐκ τῶν κεράτων τοῦ θυσιαστηρίου τοῦ χρυσοῦ τοῦ ἐνώπιον τοῦ θεοῦ,
42090e00f1	λέγοντα τῷ ἕκτῳ ἀγγέλῳ ὁ ἔχων τὴν σάλπιγγα, Λῦσον τοὺς τέσσαρας ἀγγέλους τοὺς δεδεμένους ἐπὶ τῷ ποταμῷ τῷ μεγάλῳ Εὐφράτῃ.
42090f010d	καὶ ἐλύθησαν οἱ τέσσαρες ἄγγελοι οἱ ἡτοιμασμένοι εἰς τὴν ὥραν καὶ ἡμέραν καὶ μῆνα καὶ ἐνιαυτόν, ἵνα ἀποκτείνωσιν τὸ τρίτον τῶν ἀνθρώπων.
42091000b6	καὶ ὁ ἀριθμὸς τῶν στρατευμάτων τοῦ ἱππικοῦ δύο μυριάδες μυριάδων· ἤκουσα τὸν ἀριθμὸν αὐτῶν.
42091101d2	καὶ οὕτως εἶδον τοὺς ἵππους ἐν τῇ ὁράσει, καὶ τοὺς καθημένους ἐπ᾽ αὐτῶν, ἔχοντας θώρακας πυρίνους καὶ ὑακινθίνους καὶ θειώδεις· καὶ αἱ κεφαλαὶ τῶν ἵππων ὡς κεφαλαὶ λεόντων, καὶ ἐκ τῶν στομάτων αὐτῶν ἐκπορεύεται πῦρ καὶ καπνὸς καὶ θεῖον.
4209120124	ἀπὸ τῶν τριῶν πληγῶν τούτων ἀπεκτάνθησαν τὸ τρίτον τῶν ἀνθρώπων, ἐκ τοῦ πυρὸς καὶ τοῦ καπνοῦ καὶ τοῦ θείου, τοῦ ἐκπορευομένου ἐκ τῶν στομάτων αὐτῶν.
4209130131	ἡ γὰρ ἐξουσία τῶν ἵππων ἐν τῷ στόματι αὐτῶν ἐστιν καὶ ἐν ταῖς οὐραῖς αὐτῶν· αἱ γὰρ οὐραὶ αὐτῶν ὅμοιαι ὄφεσιν, ἔχουσαι κεφαλάς, καὶ ἐν αὐταῖς ἀδικοῦσιν.
4209140235	καὶ οἱ λοιποὶ τῶν ἀνθρώπων οἳ οὐκ ἀπεκτάνθησαν ἐν ταῖς πληγαῖς ταύταις, οὔτε μετενόησαν ἐκ τῶν ἔργων τῶν χειρῶν αὐτῶν, ἵνα μὴ προσκυνήσουσιν τὰ δαιμόνια, καὶ τὰ εἴδωλα τὰ χρυσᾶ καὶ τὰ ἀργυρᾶ καὶ τὰ χαλκᾶ καὶ τὰ λίθινα καὶ τὰ ξύλινα, ἃ οὔτε βλέπειν δύνανται, οὔτε ἀκούειν, οὔτε περιπατεῖν·
42091500f5	καὶ οὐ μετενόησαν ἐκ τῶν φόνων αὐτῶν, οὔτε ἐκ τῶν φαρμακειῶν αὐτῶν, οὔτε ἐκ τῆς πορνείας αὐτῶν, οὔτε ἐκ τῶν κλεμμάτων αὐτῶν.
420a010174	Καὶ εἶδον ἄλλον ἄγγελον ἰσχυρὸν καταβαίνοντα ἐκ τοῦ οὐρανοῦ, περιβεβλημένον νεφέλην, καὶ ἡ ἶρις ἐπὶ τὴν κεφαλὴν αὐτοῦ καὶ τὸ πρόσωπον αὐτοῦ ὡς ὁ ἥλιος, καὶ οἱ πόδες αὐτοῦ ὡς στῦλοι πυρός·
420a02010d	καὶ ἔχων ἐν τῇ χειρὶ αὐτοῦ βιβλαρίδιον ἠνεῳγμένον· καὶ ἔθηκεν τὸν πόδα αὐτοῦ τὸν δεξιὸν ἐπὶ τῆς θαλάσσης, τὸν δὲ εὐώνυμον ἐπὶ τῆς γῆς,
420a0300ce	καὶ ἔκραξεν φωνῇ μεγάλῃ ὥσπερ λέων μυκᾶται· καὶ ὅτε ἔκραξεν, ἐλάλησαν αἱ ἑπτὰ βρονταὶ τὰς ἑαυτῶν φωνάς·
420a040128	καὶ ὅτε ἐλάλησαν αἱ ἑπτὰ βρονταί, ἤμελλον γράφειν· καὶ ἤκουσα φωνὴν ἐκ τοῦ οὐρανοῦ λέγουσαν, Σφράγισον ἃ ἐλάλησαν αἱ ἑπτὰ βρονταί, καὶ μὴ αὐτὰ γράψῃς.
420a0500e3	καὶ ὁ ἄγγελος, ὃν εἶδον ἑστῶτα ἐπὶ τῆς θαλάσσης καὶ ἐπὶ τῆς γῆς, ἦρεν τὴν χεῖρα αὐτοῦ τὴν δεξιὰν εἰς τὸν οὐρανόν,
420a06015e	καὶ ὤμοσεν ἐν τῷ ζῶντι εἰς τοὺς αἰῶνας τῶν αἰώνων, ὃς ἔκτισεν τὸν οὐρανὸν καὶ τὰ ἐν αὐτῷ, καὶ τὴν γῆν καὶ τὰ ἐν αὐτῇ, καὶ τὴν θάλασσαν καὶ τὰ ἐν αὐτῇ ὅτι, Χρόνος οὐκέτι ἔσται·
420a070139	ἀλλ᾽ ἐν ταῖς ἡμέραις τῆς φωνῆς τοῦ ἑβδόμου ἀγγέλου, ὅταν μέλλῃ σαλπίζειν, καὶ ἐτελέσθη τὸ μυστήριον τοῦ θεοῦ, ὡς εὐηγγέλισεν τοὺς ἑαυτοῦ δούλους τοὺς προφήτας.
420a08016a	Καὶ ἡ φωνὴ ἣν ἤκουσα ἐκ τοῦ οὐρανοῦ, πάλιν λαλοῦσαν μετ᾽ ἐμοῦ, καὶ λέγουσαν, Ὕπαγε λάβε τὸ βιβλίον τὸ ἠνεῳγμένον ἐν τῇ χειρὶ τοῦ ἀγγέλου τοῦ ἑστῶτος ἐπὶ τῆς θαλάσσης καὶ ἐπὶ τῆς γῆς.
420a09015c	καὶ ἀπῆλθον πρὸς τὸν ἄγγελον, λέγων αὐτῷ, Δοῦναί μοι τὸ βιβλαρίδιον. καὶ λέγει μοι, Λάβε καὶ κατάφαγε αὐτό· καὶ πικρανεῖ σου τὴν κοιλίαν, ἀλλ᾽ ἐν τῷ στόματί σου ἔσται γλυκὺ ὡς μέλι.
420a0a0130	καὶ ἔλαβον τὸ βιβλαρίδιον ἐκ τῆς χειρὸς τοῦ ἀγγέλου, καὶ κατέφαγον αὐτό· καὶ ἦν ἐν τῷ στόματί μου ὡς μέλι γλυκύ· καὶ ὅτε ἔφαγον αὐτό, ἐπικράνθη ἡ κοιλία μου.
420a0b00c5	καὶ λέγουσίν μοι, Δεῖ σε πάλιν προφητεῦσαι ἐπὶ λαοῖς καὶ ἔθνεσιν καὶ γλώσσαις καὶ βασιλεῦσιν πολλοῖς.
420b010107	Καὶ ἐδόθη μοι κάλαμος ὅμοιος ῥάβδῳ, λέγων, Ἔγειρε, καὶ μέτρησον τὸν ναὸν τοῦ θεοῦ, καὶ τὸ θυσιαστήριον, καὶ τοὺς προσκυνοῦντας ἐν αὐτῷ·
420b020130	καὶ τὴν αὐλὴν τὴν ἔξωθεν τοῦ ναοῦ ἔκβαλε ἔξωθεν, καὶ μὴ αὐτὴν μετρήσῃς, ὅτι ἐδόθη τοῖς ἔθνεσιν· καὶ τὴν πόλιν τὴν ἁγίαν πατήσουσιν μῆνας τεσσεράκοντα δύο.
420b0300d4	Καὶ δώσω τοῖς δυσὶν μάρτυσίν μου, καὶ προφητεύσουσιν ἡμέρας χιλίας διακοσίας ἑξήκοντα, περιβεβλημένους σάκκους.
420b0400a5	οὗτοί εἰσιν αἱ δύο ἐλαῖαι, καὶ αἱ δύο λυχνίαι αἱ ἐνώπιον τοῦ κυρίου τῆς γῆς ἑστῶτες.
420b050157	καὶ εἴ τις αὐτοὺς θέλει ἀδικῆσαι, πῦρ ἐκπορεύεται ἐκ τοῦ στόματος αὐτῶν, καὶ κατεσθίει τοὺς ἐχθροὺς αὐτῶν· καὶ εἴ τις αὐτοὺς θελήσῃ ἀδικῆσαι, οὕτως δεῖ αὐτὸν ἀποκτανθῆναι.
420b0601af	οὗτοι ἔχουσιν τὴν ἐξουσίαν κλεῖσαι τὸν οὐρανόν, ἵνα μὴ ὑετὸς βρέχῃ τὰς ἡμέρας τῆς προφητείας αὐτῶν· καὶ ἐξουσίαν ἔχουσιν ἐπὶ τῶν ὑδάτων, στρέφειν αὐτὰ εἰς αἷμα, καὶ πατάξαι τὴν γῆν ἐν πάσῃ πληγῇ, ὁσάκις ἐὰν θελήσωσιν.
420b070121	καὶ ὅταν τελέσωσιν τὴν μαρτυρίαν αὐτῶν, τὸ θηρίον τὸ ἀναβαῖνον ἐκ τῆς ἀβύσσου ποιήσει μετ᾽ αὐτῶν πόλεμον, καὶ νικήσει αὐτούς, καὶ ἀποκτενεῖ αὐτούς.
420b080116	καὶ τὸ πτῶμα αὐτῶν ἐπὶ τῆς πλατείας τῆς πόλεως τῆς μεγάλης, ἥτις καλεῖται πνευματικῶς Σόδομα καὶ Αἴγυπτος, ὅπου καὶ ὁ κύριος αὐτῶν ἐσταυρώθη.
420b09012a	καὶ βλέπουσιν ἐκ τῶν λαῶν καὶ φυλῶν καὶ γλωσσῶν καὶ ἐθνῶν τὸ πτῶμα αὐτῶν ἡμέρας τρεῖς καὶ ἥμισυ, καὶ τὰ πτώματα αὐτῶν οὐκ ἀφίουσιν τεθῆναι εἰς μνῆμα.
420b0a014f	καὶ οἱ κατοικοῦντες ἐπὶ τῆς γῆς χαίρουσιν ἐπ᾽ αὐτοῖς, καὶ εὐφραίνονται· καὶ δῶρα πέμψουσιν ἀλλήλοις, ὅτι οὗτοι οἱ δύο προφῆται ἐβασάνισαν τοὺς κατοικοῦντας ἐπὶ τῆς γῆς.
420b0b014d	Καὶ μετὰ τὰς τρεῖς ἡμέρας καὶ ἥμισυ, πνεῦμα ζωῆς ἐκ τοῦ θεοῦ εἰσῆλθεν ἐν αὐτοῖς, καὶ ἔστησαν ἐπὶ τοὺς πόδας αὐτῶν, καὶ φόβος μέγας ἐπέπεσεν ἐπὶ τοὺς θεωροῦντας αὐτούς.
420b0c0130	καὶ ἤκουσαν φωνῆς μεγάλης ἐκ τοῦ οὐρανοῦ, λεγούσης αὐτοῖς, Ἀνάβατε ὧδε. καὶ ἀνέβησαν εἰς τὸν οὐρανὸν ἐν τῇ νεφέλῃ, καὶ ἐθεώρησαν αὐτοὺς οἱ ἐχθροὶ αὐτῶν.
420b0d019b	καὶ ἐν ἐκείνῃ τῇ ὥρᾳ ἐγένετο σεισμὸς μέγας, καὶ τὸ δέκατον τῆς πόλεως ἔπεσεν, καὶ ἀπεκτάνθησαν ἐν τῷ σεισμῷ ὀνόματα ἀνθρώπων χιλιάδες ἑπτά· καὶ οἱ λοιποὶ ἔμφοβοι ἐγένοντο, καὶ ἔδωκαν δόξαν τῷ θεῷ τοῦ οὐρανοῦ.
420b0e0077	ἡ οὐαὶ ἡ δευτέρα ἀπῆλθεν· ἰδοὺ ἡ οὐαὶ ἡ τρίτη ἔρχεται ταχύ.
420b0f0182	Καὶ ὁ ἕβδομος ἄγγελος ἐσάλπισεν, καὶ ἐγένοντο φωναὶ μεγάλαι ἐν τῷ οὐρανῷ, λέγουσαι, Ἐγένετο ἡ βασιλεία τοῦ κόσμου, τοῦ κυρίου ἡμῶν, καὶ τοῦ χριστοῦ αὐτοῦ, καὶ βασιλεύσει εἰς τοὺς αἰῶνας τῶν αἰώνων.
420b10011c	καὶ οἱ εἴκοσι τέσσαρες πρεσβύτεροι οἱ ἐνώπιον τοῦ θεοῦ οἳ κάθηνται ἐπὶ τοὺς θρόνους αὐτῶν, ἔπεσαν ἐπὶ τὰ πρόσωπα αὐτῶν, καὶ προσεκύνησαν τῷ θεῷ,
420b1100f7	λέγοντες, Εὐχαριστοῦμέν σοι, κύριε ὁ θεὸς ὁ παντοκράτωρ, ὁ ὢν καὶ ὁ ἦν, ὅτι εἴληφας τὴν δύναμίν σου τὴν μεγάλην, καὶ ἐβασίλευσας.
420b1201fb	καὶ τὰ ἔθνη ὠργίσθησαν, καὶ ἦλθεν ἡ ὀργή σου, καὶ ὁ καιρὸς τῶν νεκρῶν, κριθῆναι, καὶ δοῦναι τὸν μισθὸν τοῖς δούλοις σου τοῖς προφήταις, καὶ τοῖς ἁγίοις καὶ τοῖς φοβουμένοις τὸ ὄνομά σου, τοὺς μικροὺς καὶ τοὺς μεγάλους, καὶ διαφθεῖραι τοὺς διαφθείροντας τὴν γῆν.
420b130158	Καὶ ἠνοίγη ὁ ναὸς τοῦ θεοῦ ὁ ἐν τῷ οὐρανῷ, καὶ ὤφθη ἡ κιβωτὸς τῆς διαθήκης αὐτοῦ ἐν τῷ ναῷ αὐτοῦ· καὶ ἐγένοντο ἀστραπαὶ καὶ φωναὶ καὶ βρονταὶ καὶ σεισμὸς καὶ χάλαζα μεγάλη.
420c010131	Καὶ σημεῖον μέγα ὤφθη ἐν τῷ οὐρανῷ, γυνὴ περιβεβλημένη τὸν ἥλιον, καὶ ἡ σελήνη ὑποκάτω τῶν ποδῶν αὐτῆς, καὶ ἐπὶ τῆς κεφαλῆς αὐτῆς στέφανος ἀστέρων δώδεκα·
420c02007a	καὶ ἐν γαστρὶ ἔχουσα, κράζει ὠδίνουσα, καὶ βασανιζομένη τεκεῖν.
420c03011e	καὶ ὤφθη ἄλλο σημεῖον ἐν τῷ οὐρανῷ, καὶ ἰδοὺ δράκων πυῤῥὸς μέγας, ἔχων κεφαλὰς ἑπτὰ καὶ κέρατα δέκα· καὶ ἐπὶ τὰς κεφαλὰς αὐτοῦ ἑπτὰ διαδήματα·
420c04017e	καὶ ἡ οὐρὰ αὐτοῦ σύρει τὸ τρίτον τῶν ἀστέρων τοῦ οὐρανοῦ, καὶ ἔβαλεν αὐτοὺς εἰς τὴν γῆν. καὶ ὁ δράκων ἕστηκεν ἐνώπιον τῆς γυναικὸς τῆς μελλούσης τεκεῖν, ἵνα ὅταν τέκῃ, τὸ τέκνον αὐτῆς καταφάγῃ.
420c05011c	καὶ ἔτεκεν υἱὸν ἄρσεν, ὃς μέλλει ποιμαίνειν πάντα τὰ ἔθνη ἐν ῥάβδῳ σιδηρᾷ· καὶ ἡρπάσθη τὸ τέκνον αὐτῆς πρὸς τὸν θεὸν καὶ πρὸς τὸν θρόνον αὐτοῦ.
420c060116	καὶ ἡ γυνὴ ἔφυγεν εἰς τὴν ἔρημον, ὅπου ἔχει ἐκεῖ τόπον ἡτοιμασμένον ἀπὸ τοῦ θεοῦ, ἵνα ἐκεῖ τρέφουσιν αὐτὴν ἡμέρας χιλίας διακοσίας ἑξήκοντα.
420c07011e	Καὶ ἐγένετο πόλεμος ἐν τῷ οὐρανῷ· ὁ Μιχαὴλ καὶ οἱ ἄγγελοι αὐτοῦ τοῦ πολεμῆσαι μετὰ τοῦ δράκοντος, καὶ ὁ δράκων ἐπολέμησεν, καὶ οἱ ἄγγελοι αὐτοῦ,
420c080075	καὶ οὐκ ἴσχυσαν, οὐδὲ τόπος εὑρέθη αὐτῶν ἔτι ἐν τῷ οὐρανῷ.
420c09015b	καὶ ἐβλήθη ὁ δράκων ὁ μέγας, ὁ ὄφις ὁ ἀρχαῖος, ὁ καλούμενος διάβολος, καὶ ὁ σατανᾶς, ὁ πλανῶν τὴν οἰκουμένην ὅλην, ἐβλήθη εἰς τὴν γῆν, καὶ οἱ ἄγγελοι αὐτοῦ μετ᾽ αὐτοῦ ἐβλήθησαν.
420c0a01eb	καὶ ἤκουσα φωνὴν μεγάλην ἐν τῷ οὐρανῷ λέγουσαν, Ἄρτι ἐγένετο ἡ σωτηρία καὶ ἡ δύναμις καὶ ἡ βασιλεία τοῦ θεοῦ ἡμῶν, καὶ ἡ ἐξουσία τοῦ χριστοῦ αὐτοῦ· ὅτι ἐβλήθη ὁ κατήγορος τῶν ἀδελφῶν ἡμῶν, ὁ κατηγορῶν αὐτῶν ἐνώπιον τοῦ θεοῦ ἡμῶν ἡμέρας καὶ νυκτός.
420c0b010b	καὶ αὐτοὶ ἐνίκησαν αὐτὸν διὰ τὸ αἷμα τοῦ ἀρνίου, καὶ διὰ τὸν λόγον τῆς μαρτυρίας αὐτῶν, καὶ οὐκ ἠγάπησαν τὴν ψυχὴν αὐτῶν ἄχρι θανάτου.
420c0c0150	διὰ τοῦτο εὐφραίνεσθε οὐρανοὶ καὶ οἱ ἐν αὐτοῖς σκηνοῦντες. οὐαὶ τὴν γῆν καὶ τὴν θάλασσαν, ὅτι κατέβη ὁ διάβολος πρὸς ὑμᾶς ἔχων θυμὸν μέγαν, εἰδὼς ὅτι ὀλίγον καιρὸν ἔχει.
420c0d00b2	Καὶ ὅτε εἶδεν ὁ δράκων ὅτι ἐβλήθη εἰς τὴν γῆν, ἐδίωξεν τὴν γυναῖκα ἥτις ἔτεκεν τὸν ἄρσενα.
420c0e0177	καὶ ἐδόθησαν τῇ γυναικὶ αἱ δύο πτέρυγες τοῦ ἀετοῦ τοῦ μεγάλου, ἵνα πέτηται εἰς τὴν ἔρημον εἰς τὸν τόπον αὐτῆς, ὅπου τρέφεται ἐκεῖ καιρόν, καὶ καιρούς, καὶ ἥμισυ καιροῦ, ἀπὸ προσώπου τοῦ ὄφεως·
420c0f00d4	καὶ ἔβαλεν ὁ ὄφις ἐκ τοῦ στόματος αὐτοῦ ὀπίσω τῆς γυναικὸς ὕδωρ ὡς ποταμόν, ἵνα αὐτὴν ποταμοφόρητον ποιήσῃ.
420c1000ff	καὶ ἐβοήθησεν ἡ γῆ τῇ γυναικί, καὶ ἤνοιξεν ἡ γῆ τὸ στόμα αὐτῆς, καὶ κατέπιεν τὸν ποταμὸν ὃν ἔβαλεν ὁ δράκων ἐκ τοῦ στόματος αὐτοῦ.
420c110150	καὶ ὠργίσθη ὁ δράκων ἐπὶ τῇ γυναικί, καὶ ἀπῆλθεν ποιῆσαι πόλεμον μετὰ τῶν λοιπῶν τοῦ σπέρματος αὐτῆς, τῶν τηρούντων τὰς ἐντολὰς τοῦ θεοῦ, καὶ ἐχόντων τὴν μαρτυρίαν Ἰησοῦ.
420d010194	Καὶ ἐστάθη ἐπὶ τὴν ἄμμον τῆς θαλάσσης. Καὶ εἶδον ἐκ τῆς θαλάσσης θηρίον ἀναβαῖνον, ἔχον κέρατα δέκα καὶ κεφαλὰς ἑπτά· καὶ ἐπὶ τῶν κεράτων αὐτοῦ δέκα διαδήματα, καὶ ἐπὶ τὰς κεφαλὰς αὐτοῦ ὀνόματα βλασφημίας.
420d02017d	καὶ τὸ θηρίον ὃ εἶδον ἦν ὅμοιον παρδάλει, καὶ οἱ πόδες αὐτοῦ ὡς ἄρκου, καὶ τὸ στόμα αὐτοῦ ὡς στόμα λέοντος. καὶ ἔδωκεν αὐτῷ ὁ δράκων τὴν δύναμιν αὐτοῦ, καὶ τὸν θρόνον αὐτοῦ, καὶ ἐξουσίαν μεγάλην·
420d030116	καὶ μίαν ἐκ τῶν κεφαλῶν αὐτοῦ ὡς ἐσφαγμένην εἰς θάνατον· καὶ ἡ πληγὴ τοῦ θανάτου αὐτοῦ ἐθεραπεύθη, καὶ ἐθαυμάσθη ὅλῃ τῇ γῇ ὀπίσω τοῦ θηρίου.
420d040132	καὶ προσεκύνησαν τῷ δράκοντι ὅτι ἔδωκεν τὴν ἐξουσίαν τῷ θηρίῳ, καὶ προσεκύνησαν τῷ θηρίῳ, λέγοντες, Τίς ὅμοιος τῷ θηρίῳ; καὶ τίς δύναται πολεμῆσαι μετ᾽ αὐτοῦ;
420d0500d0	καὶ ἐδόθη αὐτῷ στόμα λαλοῦν μεγάλα καὶ βλασφημίας· καὶ ἐδόθη αὐτῷ ἐξουσία ποιῆσαι μῆνας τεσσεράκοντα δύο·
420d06010e	καὶ ἤνοιξεν τὸ στόμα αὐτοῦ εἰς βλασφημίας πρὸς τὸν θεόν, βλασφημῆσαι τὸ ὄνομα αὐτοῦ, καὶ τὴν σκηνὴν αὐτοῦ, τοὺς ἐν τῷ οὐρανῷ σκηνοῦντας.
420d070113	καὶ ἐδόθη αὐτῷ ποιῆσαι πόλεμον μετὰ τῶν ἁγίων, καὶ νικῆσαι αὐτούς· καὶ ἐδόθη αὐτῷ ἐξουσία ἐπὶ πᾶσαν φυλὴν καὶ λαὸν καὶ γλῶσσαν καὶ ἔθνος.
420d080142	Καὶ προσκυνήσουσιν αὐτὸν πάντες οἱ κατοικοῦντες ἐπὶ τῆς γῆς, οὗ οὐ γέγραπται τὸ ὄνομα αὐτοῦ ἐν τῷ βιβλίῳ τῆς ζωῆς τοῦ ἀρνίου τοῦ ἐσφαγμένου, ἀπὸ καταβολῆς κόσμου.
420d090032	εἴ τις ἔχει οὖς, ἀκουσάτω.
420d0a0114	εἴ τις εἰς αἰχμαλωσίαν ὑπάγει· εἴ τις ἐν μαχαίρῃ ἀποκτενεῖ, δεῖ αὐτὸν ἐν μαχαίρῃ ἀποκτανθῆναι· ὧδέ ἐστιν ἡ ὑπομονὴ καὶ ἡ πίστις τῶν ἁγίων.
420d0b00c2	Καὶ εἶδον ἄλλο θηρίον ἀναβαῖνον ἐκ τῆς γῆς, καὶ εἶχεν κέρατα δύο ὅμοια ἀρνίῳ, καὶ ἐλάλει ὡς δράκων.
420d0c017a	καὶ τὴν ἐξουσίαν τοῦ πρώτου θηρίου πᾶσαν ποιεῖ ἐνώπιον αὐτοῦ· καὶ ποιεῖ τὴν γῆν καὶ τοὺς ἐν αὐτῇ κατοικοῦντας ἵνα προσκυνήσουσιν τὸ θηρίον τὸ πρῶτον, οὗ ἐθεραπεύθη ἡ πληγὴ τοῦ θανάτου αὐτοῦ·
420d0d00ca	καὶ ποιεῖ σημεῖα μεγάλα, ἵνα καὶ πῦρ ποιῇ ἐκ τοῦ οὐρανοῦ καταβαίνειν εἰς τὴν γῆν ἐνώπιον τῶν ἀνθρώπων.
420d0e018b	καὶ πλανᾷ τοὺς κατοικοῦντας ἐπὶ τῆς γῆς, διὰ τὰ σημεῖα ἃ ἐδόθη αὐτῷ ποιῆσαι ἐνώπιον τοῦ θηρίου, λέγων τοῖς κατοικοῦσιν ἐπὶ τῆς γῆς, ποιῆσαι εἰκόνα τῷ θηρίῳ ὃς ἔχει τὴν πληγὴν τῆς μαχαίρης καὶ ἔζησεν.
420d0f0142	καὶ ἐδόθη αὐτῷ δοῦναι πνεῦμα τῇ εἰκόνι τοῦ θηρίου, ἵνα καὶ λαλήσῃ ἡ εἰκὼν τοῦ θηρίου, καὶ ποιήσῃ, ἵνα ὅσοι ἐὰν μὴ προσκυνήσωσιν τῇ εἰκόνι τοῦ θηρίου, ἀποκτανθῶσιν.
420d100195	καὶ ποιεῖ πάντας, τοὺς μικροὺς καὶ τοὺς μεγάλους, καὶ τοὺς πλουσίους καὶ τοὺς πτωχούς, καὶ τοὺς ἐλευθέρους καὶ τοὺς δούλους, ἵνα δῶσιν αὐτοῖς χάραγμα ἐπὶ τῆς χειρὸς αὐτῶν τῆς δεξιᾶς, ἢ ἐπὶ τὸ μέτωπον αὐτῶν,
420d1100ed	καὶ ἵνα μήτις δύνηται ἀγοράσαι ἢ πωλῆσαι, εἰ μὴ ὁ ἔχων τὸ χάραγμα, τὸ ὄνομα τοῦ θηρίου, ἢ τὸν ἀριθμὸν τοῦ ὀνόματος αὐτοῦ.
420d1200f6	Ὧδε ἡ σοφία ἐστίν. ὁ ἔχων νοῦν, ψηφισάτω τὸν ἀριθμὸν τοῦ θηρίου· ἀριθμὸς γὰρ ἀνθρώπου ἐστίν, καὶ ὁ ἀριθμὸς αὐτοῦ ἐστὶν χξϛʹ.
420e010185	Καὶ εἶδον, καὶ ἰδοὺ τὸ ἀρνίον ἑστὸς ἐπὶ τὸ ὄρος Σιών, καὶ μετ᾽ αὐτοῦ ἑκατὸν τεσσερακοντατέσσαρες χιλιάδες, ἔχουσαι τὸ ὄνομα αὐτοῦ καὶ τὸ ὄνομα τοῦ πατρὸς αὐτοῦ γεγραμμένον ἐπὶ τῶν μετώπων αὐτῶν.
420e020137	καὶ ἤκουσα φωνὴν ἐκ τοῦ οὐρανοῦ ὡς φωνὴν ὑδάτων πολλῶν, καὶ ὡς φωνὴν βροντῆς μεγάλης· καὶ ἡ φωνὴ ἣν ἤκουσα ὡς κιθαρῳδῶν κιθαριζόντων ἐν ταῖς κιθάραις αὐτῶν.
420e03019e	καὶ ᾄδουσιν [ὡς] ᾠδὴν καινὴν ἐνώπιον τοῦ θρόνου, καὶ ἐνώπιον τῶν τεσσάρων ζώων καὶ τῶν πρεσβυτέρων· καὶ οὐδεὶς ἐδύνατο μαθεῖν τὴν ᾠδήν, εἰ μὴ αἱ ἑκατὸν τεσσεράκοντα τέσσαρες χιλιάδες, οἱ ἠγορασμένοι ἀπὸ τῆς γῆς.
420e040163	οὗτοί εἰσιν οἳ μετὰ γυναικῶν οὐκ ἐμολύνθησαν· παρθένοι γάρ εἰσιν. οὗτοι οἱ ἀκολουθοῦντες τῷ ἀρνίῳ ὅπου ἂν ὑπάγει. οὗτοι ἠγοράσθησαν ἀπὸ τῶν ἀνθρώπων, ἀπαρχὴ τῷ θεῷ καὶ τῷ ἀρνίῳ·
420e050077	καὶ ἐν τῷ στόματι αὐτῶν οὐχ εὑρέθη ψεῦδος· ἄμωμοι γάρ εἰσιν.
420e060156	Καὶ εἶδον ἄλλον ἄγγελον πετόμενον ἐν μεσουρανήματι, ἔχοντα εὐαγγέλιον αἰώνιον, εὐαγγελίσαι ἐπὶ τοὺς καθημένους ἐπὶ τῆς γῆς, καὶ ἐπὶ πᾶν ἔθνος καὶ φυλὴν καὶ γλῶσσαν καὶ λαόν,
420e070161	λέγων ἐν φωνῇ μεγάλῃ, Φοβήθητε τὸν θεόν, καὶ δότε αὐτῷ δόξαν, ὅτι ἦλθεν ἡ ὥρα τῆς κρίσεως αὐτοῦ· καὶ προσκυνήσατε τῷ ποιήσαντι τὸν οὐρανὸν καὶ τὴν γῆν καὶ θάλασσαν καὶ πηγὰς ὑδάτων.
420e08011f	Καὶ ἄλλος δεύτερος ἄγγελος ἠκολούθησεν, λέγων, Ἔπεσεν ἔπεσεν Βαβυλὼν ἡ μεγάλη· ἣ ἐκ τοῦ οἴνου τοῦ θυμοῦ τῆς πορνείας αὐτῆς πεπότικεν πάντα τὰ ἔθνη.
420e090167	Καὶ ἄλλος ἄγγελος τρίτος ἠκολούθησεν αὐτοῖς, λέγων ἐν φωνῇ μεγάλῃ, Εἴ τις προσκυνεῖ τὸ θηρίον καὶ τὴν εἰκόνα αὐτοῦ, καὶ λαμβάνει χάραγμα ἐπὶ τοῦ μετώπου αὐτοῦ, ἢ ἐπὶ τὴν χεῖρα αὐτοῦ,
420e0a0176	καὶ αὐτὸς πίεται ἐκ τοῦ οἴνου τοῦ θυμοῦ τοῦ θεοῦ, τοῦ κεκερασμένου ἀκράτου ἐν τῷ ποτηρίῳ τῆς ὀργῆς αὐτοῦ, καὶ βασανισθήσεται ἐν πυρὶ καὶ θείῳ ἐνώπιον ἀγγέλων ἁγίων, καὶ ἐνώπιον τοῦ ἀρνίου·
420e0b019b	καὶ ὁ καπνὸς τοῦ βασανισμοῦ αὐτῶν εἰς αἰῶνας αἰώνων ἀναβαίνει· καὶ οὐκ ἔχουσιν ἀνάπαυσιν ἡμέρας καὶ νυκτὸς οἱ προσκυνοῦντες τὸ θηρίον καὶ τὴν εἰκόνα αὐτοῦ, καὶ εἴ τις λαμβάνει τὸ χάραγμα τοῦ ὀνόματος αὐτοῦ.
420e0c00ae	ὧδε ἡ ὑπομονὴ τῶν ἁγίων ἐστίν· οἱ τηροῦντες τὰς ἐντολὰς τοῦ θεοῦ καὶ τὴν πίστιν Ἰησοῦ.
420e0d018e	καὶ ἤκουσα φωνῆς ἐκ τοῦ οὐρανοῦ, λεγούσης, Γράψον, Μακάριοι οἱ νεκροὶ οἱ ἐν κυρίῳ ἀποθνήσκοντες ἀπάρτι. Ναί, λέγει τὸ πνεῦμα· ἵνα ἀναπαήσονται ἐκ τῶν κόπων αὐτῶν· τὰ γὰρ ἔργα αὐτῶν ἀκολουθεῖ μετ᾽ αὐτῶν.
420e0e0146	Καὶ εἶδον, καὶ ἰδοὺ νεφέλη λευκή, καὶ ἐπὶ τὴν νεφέλην καθήμενον ὅμοιον υἱῷ ἀνθρώπου, ἔχων ἐπὶ τῆς κεφαλῆς αὐτοῦ στέφανον χρυσοῦν, καὶ ἐν τῇ χειρὶ αὐτοῦ δρέπανον ὀξύ.
420e0f0166	καὶ ἄλλος ἄγγελος ἐξῆλθεν ἐκ τοῦ ναοῦ, κράζων ἐν φωνῇ μεγάλῃ τῷ καθημένῳ ἐπὶ τῆς νεφέλης, Πέμψον τὸ δρέπανόν σου, καὶ θέρισον, ὅτι ἦλθεν ἡ ὥρα θερίσαι, ὅτι ἐξηράνθη ὁ θερισμὸς τῆς γῆς.
420e1000af	καὶ ἔβαλεν ὁ καθήμενος ἐπὶ τῆς νεφέλης τὸ δρέπανον αὐτοῦ ἐπὶ τὴν γῆν, καὶ ἐθερίσθη ἡ γῆ.
420e1100a9	Καὶ ἄλλος ἄγγελος ἐξῆλθεν ἐκ τοῦ ναοῦ τοῦ ἐν τῷ οὐρανῷ, ἔχων καὶ αὐτὸς δρέπανον ὀξύ.
420e1201de	καὶ ἄλλος ἄγγελος ἐξῆλθεν ἐκ τοῦ θυσιαστηρίου, ἔχων ἐξουσίαν ἐπὶ τοῦ πυρός, καὶ ἐφώνησε φωνῇ μεγάλῃ τῷ ἔχοντι τὸ δρέπανον τὸ ὀξύ, λέγων, Πέμψον σου τὸ δρέπανον τὸ ὀξύ, καὶ τρύγησον τοὺς βότρυας τῆς ἀμπέλου τῆς γῆς, ὅτι ἤκμασαν αἱ σταφυλαὶ αὐτῆς.
420e130117	καὶ ἔβαλεν ὁ ἄγγελος τὸ δρέπανον αὐτοῦ εἰς τὴν γῆν, καὶ ἐτρύγησεν τὴν ἄμπελον τῆς γῆς, καὶ ἔβαλεν εἰς τὴν ληνὸν τοῦ θυμοῦ τοῦ θεοῦ τὸν μέγαν.
420e1400f9	καὶ ἐπατήθη ἡ ληνὸς ἔξωθεν τῆς πόλεως, καὶ ἐξῆλθεν αἷμα ἐκ τῆς ληνοῦ ἄχρι τῶν χαλινῶν τῶν ἵππων, ἀπὸ σταδίων χιλίων ἑξακοσίων.
420f01011e	Καὶ εἶδον ἄλλο σημεῖον ἐν τῷ οὐρανῷ μέγα καὶ θαυμαστόν, ἀγγέλους ἑπτὰ ἔχοντας πληγὰς ἑπτὰ τὰς ἐσχάτας, ὅτι ἐν αὐταῖς ἐτελέσθη ὁ θυμὸς τοῦ θεοῦ.
420f020198	καὶ εἶδον ὡς θάλασσαν ὑαλίνην μεμιγμένην πυρί, καὶ τοὺς νικῶντας ἐκ τοῦ θηρίου καὶ ἐκ τῆς εἰκόνος αὐτοῦ καὶ ἐκ τοῦ ἀριθμοῦ τοῦ ὀνόματος αὐτοῦ, ἑστῶτας ἐπὶ τὴν θάλασσαν τὴν ὑαλίνην, ἔχοντας κιθάρας τοῦ θεοῦ.
420f030187	καὶ ᾄδουσιν τὴν ᾠδὴν Μωυσέως τοῦ δούλου τοῦ θεοῦ, καὶ τὴν ᾠδὴν τοῦ ἀρνίου λέγοντες, Μεγάλα καὶ θαυμαστὰ τὰ ἔργα σου, κύριε ὁ θεὸς ὁ παντοκράτωρ· δίκαιαι καὶ ἀληθιναὶ αἱ ὁδοί σου, ὁ βασιλεὺς τῶν ἐθνῶν.
420f040136	τίς οὐ μὴ φοβηθῇ, κύριε, καὶ δοξάσει τὸ ὄνομά σου; ὅτι μόνος ὅσιος· ὅτι πάντα τὰ ἔθνη ἥξουσιν, καὶ προσκυνήσουσιν ἐνώπιόν σου· ὅτι τὰ δικαιώματά σου ἐφανερώθησαν.
420f05009c	Καὶ μετὰ ταῦτα εἶδον, καὶ ἠνοίγη ὁ ναὸς τῆς σκηνῆς τοῦ μαρτυρίου ἐν τῷ οὐρανῷ·
420f060124	καὶ ἐξῆλθον οἱ ἑπτὰ ἄγγελοι οἱ ἔχοντες τὰς ἑπτὰ πληγάς, ἐκ τοῦ ναοῦ, ἐνδεδυμένοι λίθον καθαρὸν λαμπρόν, καὶ περιεζωσμένοι περὶ τὰ στήθη ζώνας χρυσᾶς.
420f070116	καὶ ἓν ἐκ τῶν τεσσάρων ζώων ἔδωκεν τοῖς ἑπτὰ ἀγγέλοις ἑπτὰ φιάλας χρυσᾶς, γεμούσας τοῦ θυμοῦ τοῦ θεοῦ τοῦ ζῶντος εἰς τοὺς αἰῶνας τῶν αἰώνων.
420f080150	καὶ ἐγεμίσθη ὁ ναὸς καπνοῦ ἐκ τῆς δόξης τοῦ θεοῦ, καὶ ἐκ τῆς δυνάμεως αὐτοῦ· καὶ οὐδεὶς ἐδύνατο εἰσελθεῖν εἰς τὸν ναόν, ἄχρι τελεσθῶσιν αἱ ἑπτὰ πληγαὶ τῶν ἑπτὰ ἀγγέλων.
421001010a	Καὶ ἤκουσα φωνῆς μεγάλης ἐκ τοῦ ναοῦ, λεγούσης τοῖς ἑπτὰ ἀγγέλοις, Ὑπάγετε, καὶ ἐκχέατε τὰς ἑπτὰ φιάλας τοῦ θυμοῦ τοῦ θεοῦ εἰς τὴν γῆν.
4210020183	καὶ ἀπῆλθεν ὁ πρῶτος, καὶ ἐξέχεεν τὴν φιάλην αὐτοῦ εἰς τὴν γῆν· καὶ ἐγένετο ἕλκος κακὸν καὶ πονηρὸν ἐπὶ τοὺς ἀνθρώπους τοὺς ἔχοντας τὸ χάραγμα τοῦ θηρίου, καὶ τοὺς προσκυνοῦντας τῇ εἰκόνι αὐτοῦ.
4210030103	Καὶ ὁ δεύτερος ἐξέχεεν τὴν φιάλην αὐτοῦ εἰς τὴν θάλασσαν· καὶ ἐγένετο αἷμα ὡς νεκροῦ, καὶ πᾶσα ψυχὴ ζωῆς ἀπέθανεν τὰ ἐν τῇ θαλάσσῃ.
42100400c5	Καὶ ὁ τρίτος ἐξέχεεν τὴν φιάλην αὐτοῦ εἰς τοὺς ποταμοὺς καὶ τὰς πηγὰς τῶν ὑδάτων· καὶ ἐγένετο αἷμα.
42100500ba	καὶ ἤκουσα τοῦ ἀγγέλου τῶν ὑδάτων λέγοντος, Δίκαιος εἶ, ὁ ὢν καὶ ὁ ἦν ὅσιος, ὅτι ταῦτα ἔκρινας·
421006009f	ὅτι αἷμα ἁγίων καὶ προφητῶν ἐξέχεαν, καὶ αἷμα αὐτοῖς δέδωκας πιεῖν· ἄξιοί εἰσιν.
42100700cc	καὶ ἤκουσα τοῦ θυσιαστηρίου λέγοντος, Ναί, κύριε ὁ θεὸς ὁ παντοκράτωρ, ἀληθιναὶ καὶ δίκαιαι αἱ κρίσεις σου.
42100800d0	Καὶ ὁ τέταρτος ἐξέχεεν τὴν φιάλην αὐτοῦ ἐπὶ τὸν ἥλιον· καὶ ἐδόθη αὐτῷ καυματίσαι τοὺς ἀνθρώπους ἐν πυρί·
4210090140	καὶ ἐκαυματίσθησαν οἱ ἄνθρωποι καῦμα μέγα, καὶ ἐβλασφήμησαν τὸ ὄνομα τοῦ θεοῦ τοῦ ἔχοντος τὴν ἐξουσίαν ἐπὶ τὰς πληγὰς ταύτας, καὶ οὐ μετενόησαν δοῦναι αὐτῷ δόξαν.
42100a012c	Καὶ ὁ πέμπτος ἐξέχεεν τὴν φιάλην αὐτοῦ ἐπὶ τὸν θρόνον τοῦ θηρίου· καὶ ἐγένετο ἡ βασιλεία αὐτοῦ ἐσκοτωμένη· καὶ ἐμασῶντο τὰς γλώσσας αὐτῶν ἐκ τοῦ πόνου,
42100b00ee	καὶ ἐβλασφήμησαν τὸν θεὸν τοῦ οὐρανοῦ ἐκ τῶν πόνων αὐτῶν καὶ ἐκ τῶν ἑλκῶν αὐτῶν, καὶ οὐ μετενόησαν ἐκ τῶν ἔργων αὐτῶν.
42100c0149	Καὶ ὁ ἕκτος ἐξέχεεν τὴν φιάλην αὐτοῦ ἐπὶ τὸν ποταμὸν τὸν μέγαν [τὸν] Εὐφράτην· καὶ ἐξηράνθη τὸ ὕδωρ αὐτοῦ, ἵνα ἑτοιμασθῇ ἡ ὁδὸς τῶν βασιλέων τῶν ἀπὸ ἀνατολῆς ἡλίου.
42100d011b	καὶ εἶδον ἐκ τοῦ στόματος τοῦ δράκοντος, καὶ ἐκ τοῦ στόματος τοῦ θηρίου, καὶ ἐκ τοῦ στόματος τοῦ ψευδοπροφήτου, πνεύματα τρία ἀκάθαρτα ὡς βάτραχοι·
42100e0169	εἰσὶν γὰρ πνεύματα δαιμονίων ποιοῦντα σημεῖα ἃ ἐκπορεύεται ἐπὶ τοὺς βασιλεῖς τῆς οἰκουμένης ὅλης, συναγαγεῖν αὐτοὺς εἰς τὸν πόλεμον τῆς ἡμέρας τῆς μεγάλης τοῦ θεοῦ τοῦ παντοκράτορος.
42100f0103	ἰδοὺ ἔρχομαι ὡς κλέπτης· μακάριος ὁ γρηγορῶν, καὶ τηρῶν τὰ ἱμάτια αὐτοῦ, ἵνα μὴ γυμνὸς περιπατῇ, καὶ βλέπωσι τὴν ἀσχημοσύνην αὐτοῦ.
4210100089	καὶ συνήγαγεν αὐτοὺς εἰς τὸν τόπον τὸν καλούμενον Ἑβραϊστὶ Ἁρμαγεδών.
42101100f1	Καὶ ὁ ἕβδομος ἐξέχεεν τὴν φιάλην αὐτοῦ ἐπὶ τὸν ἀέρα· καὶ ἐξῆλθεν φωνὴ μεγάλη ἐκ τοῦ ναοῦ ἀπὸ τοῦ θρόνου, λέγουσα, Γέγονεν.
4210120137	καὶ ἐγένοντο ἀστραπαὶ καὶ φωναὶ καὶ βρονταί, καὶ σεισμὸς ἐγένετο μέγας, οἷος οὐκ ἐγένετο ἀφ᾽ οὗ ἄνθρωπος ἐγένετο ἐπὶ τῆς γῆς, τηλικοῦτος σεισμὸς οὕτως μέγας.
4210130169	καὶ ἐγένετο ἡ πόλις ἡ μεγάλη εἰς τρία μέρη, καὶ αἱ πόλεις τῶν ἐθνῶν ἔπεσαν· καὶ Βαβυλὼν ἡ μεγάλη ἐμνήσθη ἐνώπιον τοῦ θεοῦ, δοῦναι αὐτῇ τὸ ποτήριον τοῦ οἴνου τοῦ θυμοῦ τῆς ὀργῆς αὐτοῦ.
4210140059	καὶ πᾶσα νῆσος ἔφυγεν, καὶ ὄρη οὐχ εὑρέθησαν.
4210150167	καὶ χάλαζα μεγάλη ὡς ταλαντιαία καταβαίνει ἐκ τοῦ οὐρανοῦ ἐπὶ τοὺς ἀνθρώπους· καὶ ἐβλασφήμησαν οἱ ἄνθρωποι τὸν θεόν, ἐκ τῆς πληγῆς τῆς χαλάζης· ὅτι μεγάλη ἐστὶν ἡ πληγὴ αὐτῆς σφόδρα.
4211010158	Καὶ ἦλθεν εἷς ἐκ τῶν ἑπτὰ ἀγγέλων τῶν ἐχόντων τὰς ἑπτὰ φιάλας, καὶ ἐλάλησεν μετ᾽ ἐμοῦ, λέγων, Δεῦρο, δείξω σοι τὸ κρίμα τῆς πόρνης τῆς μεγάλης, τῆς καθημένης ἐπὶ ὑδάτων πολλῶν·
42110200df	μεθ᾽ ἧς ἐπόρνευσαν οἱ βασιλεῖς τῆς γῆς, καὶ ἐμεθύσθησαν οἱ κατοικοῦντες τὴν γῆν ἐκ τοῦ οἴνου τῆς πορνείας αὐτῆς.
4211030129	καὶ ἀπήνεγκέν με εἰς ἔρημον ἐν πνεύματι· καὶ εἶδον γυναῖκα καθημένην ἐπὶ θηρίον κόκκινον, γέμον τὰ ὀνόματα βλασφημίας, ἔχον κεφαλὰς ἑπτὰ καὶ κέρατα δέκα.
421104018b	καὶ ἡ γυνὴ ἦν περιβεβλημένη πορφυροῦν καὶ κόκκινον, καὶ κεχρυσωμένη χρυσῷ καὶ λίθῳ τιμίῳ καὶ μαργαρίταις, ἔχουσα ποτήριον χρυσοῦν ἐν τῇ χειρὶ αὐτῆς, γέμον βδελυγμάτων καὶ τὰ ἀκάθαρτα τῆς πορνείας αὐτῆς,
42110500e9	καὶ ἐπὶ τὸ μέτωπον αὐτῆς ὄνομα γεγραμμένον, Μυστήριον, Βαβυλὼν ἡ μεγάλη, ἡ μήτηρ τῶν πορνῶν καὶ τῶν βδελυγμάτων τῆς γῆς.
4211060106	Καὶ εἶδα τὴν γυναῖκα μεθύουσαν ἐκ τοῦ αἵματος τῶν ἁγίων, καὶ ἐκ τοῦ αἵματος τῶν μαρτύρων Ἰησοῦ· καὶ ἐθαύμασα, ἰδὼν αὐτήν, θαῦμα μέγα.
4211070146	Καὶ εἶπέν μοι ὁ ἄγγελος, Διὰ τί ἐθαύμασας; ἐγὼ ἐρῶ σοι τὸ μυστήριον τῆς γυναικός, καὶ τοῦ θηρίου τοῦ βαστάζοντος αὐτήν, τοῦ ἔχοντος τὰς ἑπτὰ κεφαλὰς καὶ τὰ δέκα κέρατα.
4211080216	τὸ θηρίον ὃ εἶδες, ἦν, καὶ οὐκ ἔστιν, καὶ μέλλει ἀναβαίνειν ἐκ τῆς ἀβύσσου, καὶ εἰς ἀπώλειαν ὑπάγειν· καὶ θαυμάσονται οἱ κατοικοῦντες ἐπὶ τῆς γῆς, ὧν οὐ γέγραπται τὸ ὄνομα ἐπὶ τὸ βιβλίον τῆς ζωῆς ἀπὸ καταβολῆς κόσμου, βλεπόντων τὸ θηρίον ὅτι ἦν, καὶ οὐκ ἔστιν, καὶ παρέσται.
42110900e2	ὧδε ὁ νοῦς ὁ ἔχων σοφίαν. αἱ ἑπτὰ κεφαλαὶ ἑπτὰ ὄρη εἰσίν, ὅπου ἡ γυνὴ κάθηται ἐπ᾽ αὐτῶν. καὶ βασιλεῖς ἑπτά εἰσιν·
42110a00b0	οἱ πέντε ἔπεσαν, ὁ εἷς ἔστιν, ὁ ἄλλος οὔπω ἦλθεν· καὶ ὅταν ἔλθῃ, ὀλίγον αὐτὸν δεῖ μεῖναι.
42110b00cd	καὶ τὸ θηρίον ὃ ἦν, καὶ οὐκ ἔστιν, καὶ οὗτος ὄγδοός ἐστιν, καὶ ἐκ τῶν ἑπτά ἐστι, καὶ εἰς ἀπώλειαν ὑπάγει.
42110c0117	καὶ τὰ δέκα κέρατα ἃ εἶδες, δέκα βασιλεῖς εἰσιν, οἵτινες βασιλείαν οὔπω ἔλαβον, ἀλλὰ ἐξουσίαν ὡς βασιλεῖς μίαν ὥραν λαμβάνουσιν μετὰ τοῦ θηρίου.
42110d009c	οὗτοι μίαν γνώμην ἔχουσιν, καὶ τὴν δύναμιν καὶ ἐξουσίαν αὐτῶν τῷ θηρίῳ διδόασιν.
42110e0140	οὗτοι μετὰ τοῦ ἀρνίου πολεμήσουσιν, καὶ τὸ ἀρνίον νικήσει αὐτούς, ὅτι κύριος κυρίων ἐστὶν καὶ βασιλεὺς βασιλέων· καὶ οἱ μετ᾽ αὐτοῦ, κλητοὶ καὶ ἐκλεκτοὶ καὶ πιστοί.
42110f00b8	Καὶ λέγει μοι, Τὰ ὕδατα ἃ εἶδες, οὗ ἡ πόρνη κάθηται, λαοὶ καὶ ὄχλοι εἰσίν, καὶ ἔθνη καὶ γλῶσσαι.
4211100158	καὶ τὰ δέκα κέρατα ἃ εἶδες καὶ τὸ θηρίον, οὗτοι μισήσουσιν τὴν πόρνην, καὶ ἠρημωμένην ποιήσουσιν αὐτὴν καὶ γυμνήν, καὶ τὰς σάρκας αὐτῆς φάγονται, καὶ αὐτὴν κατακαύσουσιν ἐν πυρί.
421111014b	ὁ γὰρ θεὸς ἔδωκεν εἰς τὰς καρδίας αὐτῶν ποιῆσαι τὴν γνώμην αὐτοῦ, καὶ ποιῆσαι μίαν γνώμην, καὶ δοῦναι τὴν βασιλείαν αὐτῶν τῷ θηρίῳ, ἄχρι τελεσθήσονται οἱ λόγοι τοῦ θεοῦ.
42111200ad	καὶ ἡ γυνὴ ἣν εἶδες, ἔστιν ἡ πόλις ἡ μεγάλη, ἡ ἔχουσα βασιλείαν ἐπὶ τῶν βασιλέων τῆς γῆς.
42120100f2	Μετὰ ταῦτα εἶδον ἄλλον ἄγγελον καταβαίνοντα ἐκ τοῦ οὐρανοῦ, ἔχοντα ἐξουσίαν μεγάλην· καὶ ἡ γῆ ἐφωτίσθη ἐκ τῆς δόξης αὐτοῦ.
421202016d	καὶ ἔκραξεν ἐν ἰσχυρᾷ φωνῇ, λέγων, Ἔπεσεν Βαβυλὼν ἡ μεγάλη, καὶ ἐγένετο κατοικητήριον δαιμονίων, καὶ φυλακὴ παντὸς πνεύματος ἀκαθάρτου, καὶ φυλακὴ παντὸς ὀρνέου ἀκαθάρτου καὶ μεμισημένου·
4212030172	ὅτι ἐκ [τοῦ οἴνου] τοῦ θυμοῦ τῆς πορνείας αὐτῆς πέπτωκαν πάντα τὰ ἔθνη, καὶ οἱ βασιλεῖς τῆς γῆς μετ᾽ αὐτῆς ἐπόρνευσαν, καὶ οἱ ἔμποροι τῆς γῆς ἐκ τῆς δυνάμεως τοῦ στρήνους αὐτῆς ἐπλούτησαν.
421204013d	Καὶ ἤκουσα ἄλλην φωνὴν ἐκ τοῦ οὐρανοῦ λέγουσαν, Ἐξέλθατε ἐξ αὐτῆς ὁ λαός μου, ἵνα μὴ συγκοινωνήσητε ταῖς ἁμαρτίαις αὐτῆς, καὶ ἐκ τῶν πληγῶν αὐτῆς ἵνα μὴ λάβητε·
42120500c0	ὅτι ἐκολλήθησαν αὐτῆς αἱ ἁμαρτίαι ἄχρι τοῦ οὐρανοῦ, καὶ ἐμνημόνευσεν ὁ θεὸς τὰ ἀδικήματα αὐτῆς.
42120600fb	ἀπόδοτε αὐτῇ ὡς καὶ αὐτὴ ἀπέδωκεν καὶ διπλώσατε τὰ διπλᾶ κατὰ τὰ ἔργα αὐτῆς· ἐν τῷ ποτηρίῳ ᾧ ἐκέρασεν, κεράσατε αὐτῇ διπλοῦν.
421207014d	ὅσα ἐδόξασεν αὐτὴν καὶ ἐστρηνίασεν, τοσοῦτον δότε αὐτῇ βασανισμὸν καὶ πένθος· ὅτι ἐν τῇ καρδίᾳ αὐτῆς λέγει ὅτι Κάθημαι βασίλισσα, καὶ χήρα οὐκ εἰμί, καὶ πένθος οὐ μὴ ἴδω.
4212080122	διὰ τοῦτο ἐν μιᾷ ἡμέρᾳ ἥξουσιν αἱ πληγαὶ αὐτῆς, θάνατος καὶ πένθος καὶ λιμός· καὶ ἐν πυρὶ κατακαυθήσεται· ὅτι ἰσχυρὸς κύριος ὁ θεὸς ὁ κρίνας αὐτήν.
4212090126	καὶ κλαύσουσιν καὶ κόψονται ἐπ᾽ αὐτὴν οἱ βασιλεῖς τῆς γῆς, οἱ μετ᾽ αὐτῆς πορνεύσαντες καὶ στρηνιάσαντες, ὅταν βλέπωσιν τὸν καπνὸν τῆς πυρώσεως αὐτῆς,
42120a012c	ἀπὸ μακρόθεν ἑστηκότες διὰ τὸν φόβον τοῦ βασανισμοῦ αὐτῆς, λέγοντες, Οὐαὶ οὐαί, ἡ πόλις ἡ μεγάλη Βαβυλών, ἡ πόλις ἡ ἰσχυρά, ὅτι μιᾷ ὥρᾳ ἦλθεν ἡ κρίσις σου.
42120b00cb	καὶ οἱ ἔμποροι τῆς γῆς κλαίουσιν καὶ πενθοῦσιν ἐπ᾽ αὐτήν, ὅτι τὸν γόμον αὐτῶν οὐδεὶς ἀγοράζει οὐκέτι·
42120c01c8	γόμον χρυσοῦ, καὶ ἀργύρου, καὶ λίθου τιμίου, καὶ μαργαριτῶν, καὶ βυσσίνου, καὶ πορφύρας, καὶ σηρικοῦ, καὶ κοκκίνου· καὶ πᾶν ξύλον θύϊνον, καὶ πᾶν σκεῦος ἐλεφάντινον, καὶ πᾶν σκεῦος ἐκ ξύλου τιμιωτάτου, καὶ χαλκοῦ, καὶ σιδήρου, καὶ μαρμάρου,
42120d016f	καὶ κιννάμωμον, καὶ ἄμωμον, καὶ θυμιάματα, καὶ μύρον, καὶ λίβανον, καὶ οἶνον, καὶ ἔλαιον, καὶ σεμίδαλιν, καὶ σῖτον, καὶ κτήνη, καὶ πρόβατα, καὶ ἵππων, καὶ ῥεδῶν, καὶ σωμάτων, καὶ ψυχὰς ἀνθρώπων.
42120e010c	καὶ ἡ ὀπώρα σου τῆς ἐπιθυμίας τῆς ψυχῆς ἀπῆλθεν ἀπὸ σοῦ, καὶ πάντα τὰ λιπαρὰ καὶ τὰ λαμπρὰ ἀπώλετο ἀπὸ σοῦ, καὶ οὐ μὴ αὐτὰ εὑρήσουσιν.
42120f00fe	οἱ ἔμποροι τούτων οἱ πλουτήσαντες ἀπ᾽ αὐτῆς, ἀπὸ μακρόθεν στήσονται διὰ τὸν φόβον τοῦ βασανισμοῦ αὐτῆς, κλαίοντες καὶ πενθοῦντες,
4212100117	λέγοντες, Οὐαὶ οὐαὶ ἡ πόλις ἡ μεγάλη, ἡ περιβεβλημένη βύσσινον καὶ πορφυροῦν καὶ κόκκινον, καὶ κεχρυσωμένη χρυσίῳ καὶ λίθῳ τιμίῳ καὶ μαργαρίτῃ·
421211012c	ὅτι μιᾷ ὥρᾳ ἠρημώθη ὁ τοσοῦτος πλοῦτος. καὶ πᾶς κυβερνήτης, καὶ πᾶς ὁ ἐπὶ τόπον πλέων καὶ ναῦται, καὶ ὅσοι τὴν θάλασσαν ἐργάζονται, ἀπὸ μακρόθεν ἔστησαν,
42121200b3	καὶ ἔκραζαν, βλέποντες τὸν καπνὸν τῆς πυρώσεως αὐτῆς, λέγοντες, Τίς ὁμοία τῇ πόλει τῇ μεγάλῃ;
42121301ac	καὶ ἔβαλον χοῦν ἐπὶ τὰς κεφαλὰς αὐτῶν, καὶ ἔκραζον κλαίοντες καὶ πενθοῦντες λέγοντες, Οὐαὶ οὐαὶ ἡ πόλις ἡ μεγάλη, ἐν ᾗ ἐπλούτησαν πάντες οἱ ἔχοντες τὰ πλοῖα ἐν τῇ θαλάσσῃ ἐκ τῆς τιμιότητος αὐτῆς, ὅτι μιᾷ ὥρᾳ ἠρημώθη.
42121400ea	εὐφραίνου ἐπ᾽ αὐτῇ, οὐρανέ, καὶ οἱ ἅγιοι καὶ οἱ ἀπόστολοι καὶ οἱ προφῆται, ὅτι ἔκρινεν ὁ θεὸς τὸ κρίμα ὑμῶν ἐξ αὐτῆς.
4212150132	Καὶ ἦρεν εἷς ἄγγελος ἰσχυρὸς λίθον ὡς μύλον μέγαν, καὶ ἔβαλεν εἰς τὴν θάλασσαν, λέγων, Οὕτως ὁρμήματι βληθήσεται Βαβυλὼν ἡ μεγάλη πόλις, καὶ οὐ μὴ εὑρεθῇ ἔτι.
4212160165	καὶ φωνὴ κιθαρῳδῶν καὶ μουσικῶν καὶ αὐλητῶν καὶ σαλπιστῶν οὐ μὴ ἀκουσθῇ ἐν σοὶ ἔτι, καὶ πᾶς τεχνίτης πάσης τέχνης οὐ μὴ εὑρεθῇ ἐν σοὶ ἔτι, καὶ φωνὴ μύλου οὐ μὴ ἀκουσθῇ ἐν σοὶ ἔτι,
4212170173	καὶ φῶς λύχνου οὐ μὴ φάνῃ ἐν σοὶ ἔτι, καὶ φωνὴ νυμφίου καὶ νύμφης οὐ μὴ ἀκουσθῇ ἐν σοὶ ἔτι· ὅτι οἱ ἔμποροί σου ἦσαν οἱ μεγιστᾶνες τῆς γῆς, ὅτι ἐν τῇ φαρμακείᾳ σου ἐπλανήθησαν πάντα τὰ ἔθνη.
42121800a4	καὶ ἐν αὐτῇ αἷμα προφητῶν καὶ ἁγίων εὑρέθη, καὶ πάντων τῶν ἐσφαγμένων ἐπὶ τῆς γῆς.
4213010104	Μετὰ ταῦτα ἤκουσα ὡς φωνὴν μεγάλην ὄχλου πολλοῦ ἐν τῷ οὐρανῷ, λεγόντων, Ἀλληλούϊα· ἡ σωτηρία καὶ ἡ δόξα καὶ ἡ δύναμις τοῦ θεοῦ ἡμῶν·
4213020162	ὅτι ἀληθιναὶ καὶ δίκαιαι αἱ κρίσεις αὐτοῦ· ὅτι ἔκρινεν τὴν πόρνην τὴν μεγάλην, ἥτις ἔφθειρεν τὴν γῆν ἐν τῇ πορνείᾳ αὐτῆς, καὶ ἐξεδίκησεν τὸ αἷμα τῶν δούλων αὐτοῦ ἐκ χειρὸς αὐτῆς.
42130300b2	καὶ δεύτερον εἴρηκαν, Ἀλληλούϊα· καὶ ὁ καπνὸς αὐτῆς ἀναβαίνει εἰς τοὺς αἰῶνας τῶν αἰώνων.
4213040113	καὶ ἔπεσαν οἱ πρεσβύτεροι οἱ εἴκοσι τέσσερες, καὶ τὰ τέσσαρα ζῷα, καὶ προσεκύνησαν τῷ θεῷ τῷ καθημένῳ ἐπὶ τῷ θρόνῳ λέγοντες, Ἀμήν· Ἀλληλούϊα.
421305010e	καὶ φωνὴ ἀπὸ τοῦ θρόνου ἐξῆλθεν, λέγουσα, Αἰνεῖτε τῷ θεῷ ἡμῶν πάντες οἱ δοῦλοι αὐτοῦ, [καὶ] οἱ φοβούμενοι αὐτὸν οἱ μικροὶ καὶ οἱ μεγάλοι.
421306013f	καὶ ἤκουσα ὡς φωνὴν ὄχλου πολλοῦ, καὶ ὡς φωνὴν ὑδάτων πολλῶν, καὶ ὡς φωνὴν βροντῶν ἰσχυρῶν, λεγόντων, Ἀλληλούϊα· ὅτι ἐβασίλευσεν κύριος ὁ θεὸς ἡμῶν ὁ παντοκράτωρ.
42130700e4	Χαίρωμεν καὶ ἀγαλλιῶμεν, καὶ δῶμεν τὴν δόξαν αὐτῷ· ὅτι ἦλθεν ὁ γάμος τοῦ ἀρνίου, καὶ ἡ γυνὴ αὐτοῦ ἡτοίμασεν ἑαυτήν.
42130800cb	καὶ ἐδόθη αὐτῇ ἵνα περιβάληται βύσσινον λαμπρὸν καθαρόν· τὸ γὰρ βύσσινον, τὰ δικαιώματα τῶν ἁγίων ἐστίν.
4213090106	Καὶ λέγει μοι, Γράψον, Μακάριοι οἱ εἰς τὸ δεῖπνον τοῦ γάμου τοῦ ἀρνίου κεκλημένοι. Καὶ λέγει μοι, Οὗτοι οἱ λόγοι ἀληθινοὶ τοῦ θεοῦ εἰσιν.
42130a01b4	καὶ ἔπεσα ἔμπροσθεν τῶν ποδῶν αὐτοῦ προσκυνῆσαι αὐτῷ· καὶ λέγει μοι, Ὅρα μή· σύνδουλός σού εἰμι καὶ τῶν ἀδελφῶν σου τῶν ἐχόντων τὴν μαρτυρίαν Ἰησοῦ· τῷ θεῷ προσκύνησον· ἡ γὰρ μαρτυρία Ἰησοῦ ἐστιν τὸ πνεῦμα τῆς προφητείας.
42130b012f	Καὶ εἶδον τὸν οὐρανὸν ἠνεῳγμένον, καὶ ἰδοὺ ἵππος λευκός, καὶ ὁ καθήμενος ἐπ᾽ αὐτόν, πιστὸς καλούμενος καὶ ἀληθινός, καὶ ἐν δικαιοσύνῃ κρίνει καὶ πολεμεῖ·
42130c00fd	οἱ δὲ ὀφθαλμοὶ αὐτοῦ φλὸξ πυρός, καὶ ἐπὶ τὴν κεφαλὴν αὐτοῦ διαδήματα πολλά· ἔχων ὄνομα γεγραμμένον ὃ οὐδεὶς οἶδεν εἰ μὴ αὐτός·
42130d00b4	καὶ περιβεβλημένος ἱμάτιον βεβαμμένον αἵματι· καὶ κέκληται τὸ ὄνομα αὐτοῦ, Ὁ λόγος τοῦ θεοῦ.
42130e00cd	καὶ τὰ στρατεύματα ἐν τῷ οὐρανῷ ἠκολούθει αὐτῷ ἐφ᾽ ἵπποις λευκοῖς, ἐνδεδυμένοι βύσσινον λευκὸν καθαρόν.
42130f01a3	καὶ ἐκ τοῦ στόματος αὐτοῦ ἐκπορεύεται ῥομφαία ὀξεῖα, ἵνα ἐν αὐτῇ πατάξῃ τὰ ἔθνη· καὶ αὐτὸς ποιμανεῖ αὐτοὺς ἐν ῥάβδῳ σιδηρᾷ· καὶ αὐτὸς πατεῖ τὴν ληνὸν τοῦ οἴνου τοῦ θυμοῦ τῆς ὀργῆς τοῦ θεοῦ τοῦ παντοκράτορος.
42131000cc	καὶ ἔχει ἐπὶ τὸ ἱμάτιον καὶ ἐπὶ τὸν μηρὸν αὐτοῦ ὄνομα γεγραμμένον, Βασιλεὺς βασιλέων καὶ κύριος κυρίων.
4213110155	καὶ εἶδον ἕνα ἄγγελον ἑστῶτα ἐν τῷ ἡλίῳ· καὶ ἔκραξεν φωνῇ μεγάλῃ, λέγων πᾶσιν τοῖς ὀρνέοις τοῖς πετομένοις ἐν μεσουρανήματι, Δεῦτε συνάχθητε εἰς τὸ δεῖπνον τὸ μέγα τοῦ θεοῦ,
421312015f	ἵνα φάγητε σάρκας βασιλέων, καὶ σάρκας χιλιάρχων, καὶ σάρκας ἰσχυρῶν, καὶ σάρκας ἵππων καὶ τῶν καθημένων ἐπ᾽ αὐτοὺς καὶ σάρκας πάντων, ἐλευθέρων τε καὶ δούλων, καὶ μικρῶν καὶ μεγάλων.
421313014c	καὶ εἶδον τὸ θηρίον, καὶ τοὺς βασιλεῖς τῆς γῆς, καὶ τὰ στρατεύματα αὐτῶν συνηγμένα ποιῆσαι τὸν πόλεμον μετὰ τοῦ καθημένου ἐπὶ τοῦ ἵππου, καὶ μετὰ τοῦ στρατεύματος αὐτοῦ.
42131401f3	Καὶ ἐπιάσθη τὸ θηρίον, καὶ μετ᾽ αὐτοῦ ὁ ψευδοπροφήτης ὁ ποιήσας τὰ σημεῖα ἐνώπιον αὐτοῦ, ἐν οἷς ἐπλάνησεν τοὺς λαβόντας τὸ χάραγμα τοῦ θηρίου, καὶ τοὺς προσκυνοῦντας τῇ εἰκόνι αὐτοῦ· ζῶντες ἐβλήθησαν οἱ δύο εἰς τὴν λίμνην τοῦ πυρὸς τῆς καιομένης ἐν θείῳ.
421315013d	καὶ οἱ λοιποὶ ἀπεκτάνθησαν ἐν τῇ ῥομφαίᾳ τοῦ καθημένου ἐπὶ τοῦ ἵππου, τῇ ἐξελθούσῃ ἐκ τοῦ στόματος αὐτοῦ· καὶ πάντα τὰ ὄρνεα ἐχορτάσθησαν ἐκ τῶν σαρκῶν αὐτῶν.
42140100e7	Καὶ εἶδον ἄγγελον καταβαίνοντα ἐκ τοῦ οὐρανοῦ, ἔχοντα τὴν κλεῖν τῆς ἀβύσσου, καὶ ἅλυσιν μεγάλην ἐπὶ τὴν χεῖρα αὐτοῦ.
42140200d0	καὶ ἐκράτησεν τὸν δράκοντα, ὁ ὄφις ὁ ἀρχαῖος, ὅς ἐστιν διάβολος καὶ ὁ σατανᾶς, καὶ ἔδησεν αὐτὸν χίλια ἔτη,
4214030159	καὶ ἔβαλεν αὐτὸν εἰς τὴν ἄβυσσον, καὶ ἔκλεισεν, καὶ ἐσφράγισεν ἐπάνω αὐτοῦ, ἵνα μὴ πλανήσῃ ἔτι τὰ ἔθνη, ἄχρι τελεσθῇ τὰ χίλια ἔτη· μετὰ ταῦτα δεῖ αὐτὸν λυθῆναι μικρὸν χρόνον.
421404029b	Καὶ εἶδον θρόνους, καὶ ἐκάθισαν ἐπ᾽ αὐτούς, καὶ κρίμα ἐδόθη αὐτοῖς· καὶ τὰς ψυχὰς τῶν πεπελεκισμένων διὰ τὴν μαρτυρίαν Ἰησοῦ, καὶ διὰ τὸν λόγον τοῦ θεοῦ, καὶ οἵτινες οὐ προσεκύνησαν τὸ θηρίον, οὐδὲ τὴν εἰκόνα αὐτοῦ, καὶ οὐκ ἔλαβον τὸ χάραγμα ἐπὶ τὸ μέτωπον, καὶ ἐπὶ τὴν χεῖρα αὐτῶν· καὶ ἔζησαν, καὶ ἐβασίλευσαν μετὰ τοῦ χριστοῦ χίλια ἔτη·
42140500ad	Καὶ οἱ λοιποὶ τῶν νεκρῶν οὐκ ἔζησαν ἄχρι τελεσθῇ τὰ χίλια ἔτη. αὕτη ἡ ἀνάστασις ἡ πρώτη.
4214060181	Μακάριος καὶ ἅγιος ὁ ἔχων μέρος ἐν τῇ ἀναστάσει τῇ πρώτῃ· ἐπὶ τούτων ὁ δεύτερος θάνατος οὐκ ἔχει ἐξουσίαν, ἀλλὰ ἔσονται ἱερεῖς τοῦ θεοῦ καὶ τοῦ χριστοῦ, καὶ βασιλεύσουσιν μετ᾽ αὐτοῦ τὰ χίλια ἔτη.
421407008e	Καὶ ὅταν τελεσθῇ τὰ χίλια ἔτη, λυθήσεται ὁ σατανᾶς ἐκ τῆς φυλακῆς αὐτοῦ,
4214080155	καὶ ἐξελεύσεται πλανῆσαι τὰ ἔθνη τὰ ἐν ταῖς τέσσαρσιν γωνίαις τῆς γῆς, τὸν Γὼγ καὶ [τὸν] Μαγώγ, συναγαγεῖν αὐτοὺς εἰς τὸν πόλεμον, ὧν ὁ ἀριθμὸς αὐτῶν ὡς ἡ ἄμμος τῆς θαλάσσης.
4214090153	καὶ ἀνέβησαν ἐπὶ τὸ πλάτος τῆς γῆς, καὶ ἐκύκλωσαν τὴν παρεμβολὴν τῶν ἁγίων, καὶ τὴν πόλιν τὴν ἠγαπημένην· καὶ κατέβη πῦρ ἀπὸ τοῦ θεοῦ ἐκ τοῦ οὐρανοῦ, καὶ κατέφαγεν αὐτούς·
42140a0161	καὶ ὁ διάβολος ὁ πλανῶν αὐτοὺς ἐβλήθη εἰς τὴν λίμνην τοῦ πυρὸς καὶ θείου, ὅπου καὶ τὸ θηρίον καὶ ὁ ψευδοπροφήτης· καὶ βασανισθήσονται ἡμέρας καὶ νυκτὸς εἰς τοὺς αἰῶνας τῶν αἰώνων.
42140b010c	Καὶ εἶδον θρόνον μέγαν λευκόν, καὶ τὸν καθήμενον ἐπάνω αὐτοῦ, οὗ ἀπὸ τοῦ προσώπου ἔφυγεν ἡ γῆ καὶ ὁ οὐρανός, καὶ τόπος οὐχ εὑρέθη αὐτοῖς.
42140c01c3	καὶ εἶδον τοὺς νεκρούς, τοὺς μεγάλους καὶ τοὺς μικρούς, ἑστῶτας ἐνώπιον τοῦ θρόνου, καὶ βιβλία ἠνοίχθησαν· καὶ ἄλλο βιβλίον ἠνοίχθη, ὅ ἐστιν τῆς ζωῆς· καὶ ἐκρίθησαν οἱ νεκροὶ ἐκ τῶν γεγραμμένων ἐν τοῖς βιβλίοις, κατὰ τὰ ἔργα αὐτῶν.
42140d012c	καὶ ἔδωκεν ἡ θάλασσα τοὺς νεκροὺς τοὺς ἐν αὐτῇ, καὶ ὁ θάνατος καὶ ὁ ᾅδης ἔδωκαν τοὺς νεκροὺς τοὺς ἐν αὐτοῖς· καὶ ἐκρίθησαν ἕκαστος κατὰ τὰ ἔργα αὐτῶν.
42140e00d5	καὶ ὁ θάνατος καὶ ὁ ᾅδης ἐβλήθησαν εἰς τὴν λίμνην τοῦ πυρός· οὗτος ὁ δεύτερος θάνατός ἐστιν ἡ λίμνη τοῦ πυρός.
42140f00ab	καὶ εἴ τις οὐχ εὑρέθη ἐν τῇ βίβλῳ τῆς ζωῆς γεγραμμένος, ἐβλήθη εἰς τὴν λίμνην τοῦ πυρός.
42150100e3	Καὶ εἶδον οὐρανὸν καινὸν καὶ γῆν καινήν· ὁ γὰρ πρῶτος οὐρανὸς καὶ ἡ πρώτη γῆ ἀπῆλθαν, καὶ ἡ θάλασσα οὐκ ἔστιν ἔτι.
421502011c	καὶ τὴν πόλιν τὴν ἁγίαν Ἱερουσαλὴμ καινὴν εἶδον καταβαίνουσαν ἐκ τοῦ οὐρανοῦ ἀπὸ τοῦ θεοῦ, ἡτοιμασμένην ὡς νύμφην κεκοσμημένην τῷ ἀνδρὶ αὐτῆς.
4215030169	καὶ ἤκουσα φωνῆς μεγάλης ἐκ τοῦ οὐρανοῦ λεγούσης, Ἰδοὺ ἡ σκηνὴ τοῦ θεοῦ μετὰ τῶν ἀνθρώπων, καὶ σκηνώσει μετ᾽ αὐτῶν· καὶ αὐτοὶ λαοὶ αὐτοῦ ἔσονται, καὶ αὐτὸς ὁ θεὸς μετ᾽ αὐτῶν ἔσται.
421504012b	καὶ ἐξαλείψει πᾶν δάκρυον ἐκ τῶν ὀφθαλμῶν αὐτῶν, καὶ ὁ θάνατος οὐκ ἔσται ἔτι· οὔτε πένθος, οὔτε κραυγή, οὔτε πόνος οὐκ ἔσται ἔτι· [ὅτι] τὰ πρῶτα ἀπῆλθαν.
42150500f9	Καὶ εἶπεν ὁ καθήμενος ἐπὶ τῷ θρόνῳ, Ἰδού, καινὰ ποιῶ πάντα. καὶ λέγει [μοι,] Γράψον· ὅτι οὗτοι οἱ λόγοι πιστοὶ καὶ ἀληθινοί εἰσιν.
4215060100	καὶ εἶπέν μοι, Γέγοναν. ἐγώ εἰμι τὸ Ἄλφα καὶ τὸ Ω, ἡ ἀρχὴ καὶ τὸ τέλος. ἐγὼ τῷ διψῶντι δώσω ἐκ τῆς πηγῆς τοῦ ὕδατος τῆς ζωῆς δωρεάν.
4215070093	ὁ νικῶν κληρονομήσει ταῦτα, καὶ ἔσομαι αὐτῷ θεός, καὶ αὐτὸς ἔσται μοι υἱός.
42150801a2	τοῖς δὲ δειλοῖς καὶ ἀπίστοις καὶ ἐβδελυγμένοις καὶ φονεῦσιν καὶ πόρνοις καὶ φαρμάκοις καὶ εἰδωλολάτραις, καὶ πᾶσιν τοῖς ψευδέσιν, τὸ μέρος αὐτῶν ἐν τῇ λίμνῃ τῇ καιομένῃ πυρὶ καὶ θείῳ, ὅ ἐστιν ὁ θάνατος ὁ δεύτερος.
421509016e	Καὶ ἦλθεν εἷς ἐκ τῶν ἑπτὰ ἀγγέλων τῶν ἐχόντων τὰς ἑπτὰ φιάλας τῶν γεμόντων τῶν ἑπτὰ πληγῶν τῶν ἐσχάτων, καὶ ἐλάλησεν μετ᾽ ἐμοῦ, λέγων, Δεῦρο, δείξω σοι τὴν νύμφην τὴν γυναῖκα τοῦ ἀρνίου.
42150a011e	καὶ ἀπήνεγκέν με ἐν πνεύματι ἐπὶ ὄρος μέγα καὶ ὑψηλόν, καὶ ἔδειξέν μοι τὴν πόλιν, τὴν ἁγίαν Ἱερουσαλήμ, καταβαίνουσαν ἐκ τοῦ οὐρανοῦ ἀπὸ τοῦ θεοῦ,
42150b00c1	ἔχουσαν τὴν δόξαν τοῦ θεοῦ· ὁ φωστὴρ αὐτῆς ὅμοιος λίθῳ τιμιωτάτῳ, ὡς λίθῳ ἰάσπιδι κρυσταλλίζοντι·
42150c014a	ἔχουσα τεῖχος μέγα καὶ ὑψηλόν, ἔχουσα πυλῶνας δώδεκα, καὶ ἐπὶ τοὺς πυλῶνας ἀγγέλους δώδεκα, καὶ ὀνόματα ἐπιγεγραμμένα, ἅ ἐστιν [τὰ ὀνόματα] τῶν δώδεκα φυλῶν υἱῶν Ἰσραήλ.
42150d00f0	ἀπὸ ἀνατολῆς, πυλῶνες τρεῖς· καὶ ἀπὸ βοῤῥᾶ, πυλῶνες τρεῖς· καὶ ἀπὸ νότου, πυλῶνες τρεῖς· καὶ ἀπὸ δυσμῶν, πυλῶνες τρεῖς.
42150e00d6	καὶ τὸ τεῖχος τῆς πόλεως ἔχων θεμελίους δώδεκα, καὶ ἐπ᾽ αὐτῶν δώδεκα ὀνόματα τῶν δώδεκα ἀποστόλων τοῦ ἀρνίου.
42150f00ec	καὶ ὁ λαλῶν μετ᾽ ἐμοῦ, εἶχεν μέτρον κάλαμον χρυσοῦν, ἵνα μετρήσῃ τὴν πόλιν, καὶ τοὺς πυλῶνας αὐτῆς, καὶ τὸ τεῖχος αὐτῆς.
4215100163	καὶ ἡ πόλις τετράγωνος κεῖται, καὶ τὸ μῆκος αὐτῆς ὅσον τὸ πλάτος. καὶ ἐμέτρησεν τὴν πόλιν τῷ καλάμῳ ἐπὶ σταδίους δώδεκα χιλιάδων· τὸ μῆκος καὶ τὸ πλάτος καὶ τὸ ὕψος αὐτῆς ἴσα ἐστίν.
42151100c3	καὶ ἐμέτρησεν τὸ τεῖχος αὐτῆς ἑκατὸν τεσσαράκοντα τεσσάρων πηχῶν, μέτρον ἀνθρώπου, ὅ ἐστιν ἀγγέλου.
42151200b9	καὶ ἦν ἡ ἐνδώμησις τοῦ τείχους αὐτῆς, ἴασπις· καὶ ἡ πόλις χρυσίον καθαρόν, ὁμοῖον ὑάλῳ καθαρῷ.
4215130139	καὶ οἱ θεμέλιοι τοῦ τείχους τῆς πόλεως παντὶ λίθῳ τιμίῳ κεκοσμημένοι. ὁ θεμέλιος ὁ πρῶτος, ἴασπις· ὁ δεύτερος, σάπφειρος· ὁ τρίτος, χαλκηδών· ὁ τέταρτος, σμάραγδος·
4215140147	ὁ πέμπτος, σαρδόνυξ· ὁ ἕκτος, σάρδιον· ὁ ἕβδομος, χρυσόλιθος· ὁ ὄγδοος, βήρυλλος· ὁ ἔνατος, τοπάζιον· ὁ δέκατος, χρυσόπρασος· ὁ ἑνδέκατος, ὑάκινθος· ὁ δωδέκατος, ἀμέθυστος.
4215150129	καὶ οἱ δώδεκα πυλῶνες, δώδεκα μαργαρῖται· ἀνὰ εἷς ἕκαστος τῶν πυλώνων ἦν ἐξ ἑνὸς μαργαρίτου· καὶ ἡ πλατεῖα τῆς πόλεως, χρυσίον καθαρόν, ὡς ὕαλος διαυγής.
42151600bb	καὶ ναὸν οὐκ εἶδον ἐν αὐτῇ· ὁ γὰρ κύριος ὁ θεὸς ὁ παντοκράτωρ ναὸς αὐτῆς ἐστιν, καὶ τὸ ἀρνίον.
4215170112	καὶ ἡ πόλις οὐ χρείαν ἔχει τοῦ ἡλίου, οὐδὲ τῆς σελήνης, ἵνα φαίνωσιν αὐτῇ· ἡ γὰρ δόξα τοῦ θεοῦ ἐφώτισεν αὐτήν, καὶ ὁ λύχνος αὐτῆς τὸ ἀρνίον.
42151800d4	καὶ περιπατήσουσιν τὰ ἔθνη διὰ τοῦ φωτὸς αὐτῆς, καὶ οἱ βασιλεῖς τῆς γῆς φέρουσιν τὴν δόξαν αὐτῶν εἰς αὐτήν.
421519008c	καὶ οἱ πυλῶνες αὐτῆς οὐ μὴ κλεισθῶσιν ἡμέρας· νὺξ γὰρ οὐκ ἔσται ἐκεῖ.
42151a0072	καὶ οἴσουσιν τὴν δόξαν καὶ τὴν τιμὴν τῶν ἐθνῶν εἰς αὐτήν.
42151b00fd	καὶ οὐ μὴ εἰσέλθῃ εἰς αὐτὴν πᾶν κοινὸν καὶ ὁ ποιῶν βδέλυγμα, καὶ ψεῦδος· εἰ μὴ οἱ γεγραμμένοι ἐν τῷ βιβλίῳ τῆς ζωῆς τοῦ ἀρνίου.
42160100db	Καὶ ἔδειξέν μοι ποταμὸν ὕδατος ζωῆς, λαμπρὸν ὡς κρύσταλλον, ἐκπορευόμενον ἐκ τοῦ θρόνου τοῦ θεοῦ καὶ τοῦ ἀρνίου.
4216020181	ἐν μέσῳ τῆς πλατείας αὐτῆς, καὶ τοῦ ποταμοῦ, ἐντεῦθεν καὶ ἐκεῖθεν, ξύλον ζωῆς, ποιοῦν καρποὺς δώδεκα, κατὰ μῆνα ἕκαστον ἀποδιδοὺς τὸν καρπὸν αὐτοῦ· καὶ τὰ φύλλα τοῦ ξύλου εἰς θεραπείαν τῶν ἐθνῶν.
42160300f5	καὶ πᾶν κατάθεμα οὐκ ἔσται ἔτι· καὶ ὁ θρόνος τοῦ θεοῦ καὶ τοῦ ἀρνίου ἐν αὐτῇ ἔσται· καὶ οἱ δοῦλοι αὐτοῦ λατρεύσουσιν αὐτῷ·
4216040091	καὶ ὄψονται τὸ πρόσωπον αὐτοῦ, καὶ τὸ ὄνομα αὐτοῦ ἐπὶ τῶν μετώπων αὐτῶν.
4216050139	καὶ νὺξ οὐκ ἔσται ἔτι· καὶ οὐκ ἔχουσιν χρείαν φωτὸς λύχνου καὶ φωτὸς ἡλίου, ὅτι κύριος ὁ θεὸς φωτιεῖ ἐπ᾽ αὐτούς· καὶ βασιλεύσουσιν εἰς τοὺς αἰῶνας τῶν αἰώνων.
421606015c	Καὶ εἶπέν μοι, Οὗτοι οἱ λόγοι πιστοὶ καὶ ἀληθινοί· καὶ ὁ κύριος ὁ θεὸς τῶν πνευμάτων τῶν προφητῶν ἀπέστειλεν τὸν ἄγγελον αὐτοῦ δεῖξαι τοῖς δούλοις αὐτοῦ ἃ δεῖ γενέσθαι ἐν τάχει.
42160700a6	Καὶ ἰδοὺ ἔρχομαι ταχύ. μακάριος ὁ τηρῶν τοὺς λόγους τῆς προφητείας τοῦ βιβλίου τούτου.
421608011b	κἀγὼ Ἰωάννης ὁ ἀκούων καὶ βλέπων ταῦτα· καὶ ὅτε ἤκουσα καὶ ἔβλεψα, ἔπεσα προσκυνῆσαι ἔμπροσθεν τῶν ποδῶν τοῦ ἀγγέλου τοῦ δεικνύοντός μοι ταῦτα.
4216090117	καὶ λέγει μοι, Ὅρα μή· σύνδουλός σού εἰμι, καὶ τῶν ἀδελφῶν σου τῶν προφητῶν, καὶ τῶν τηρούντων τοὺς λόγους τοῦ βιβλίου τούτου· τῷ θεῷ προσκύνησον.
42160a00c1	Καὶ λέγει μοι, Μὴ σφραγίσῃς τοὺς λόγους τῆς προφητείας τοῦ βιβλίου τούτου· ὁ καιρὸς γὰρ ἐγγύς ἐστιν.
42160b00ef	ὁ ἀδικῶν ἀδικησάτω ἔτι· καὶ ὁ ῥυπαρὸς ῥυπανθήτω ἔτι· καὶ ὁ δίκαιος, δικαιοσύνην ποιησάτω ἔτι· καὶ ὁ ἅγιος, ἁγιασθήτω ἔτι.
42160c00b1	ἰδοὺ ἔρχομαι ταχύ, καὶ ὁ μισθός μου μετ᾽ ἐμοῦ, ἀποδοῦναι ἑκάστῳ ὡς τὸ ἔργον ἐστὶν αὐτοῦ.
42160d0078	ἐγὼ τὸ Ἄλφα καὶ τὸ Ω, ὁ πρῶτος καὶ ὁ ἔσχατος, ἀρχὴ καὶ τέλος.
42160e0103	Μακάριοι οἱ πλύνοντες τὰς στολὰς αὐτῶν, ἵνα ἔσται ἡ ἐξουσία αὐτῶν ἐπὶ τὸ ξύλον τῆς ζωῆς, καὶ τοῖς πυλῶσιν εἰσέλθωσιν εἰς τὴν πόλιν.
42160f00d6	ἔξω οἱ κύνες καὶ οἱ φάρμακοι καὶ οἱ πόρνοι καὶ οἱ φονεῖς καὶ οἱ εἰδωλολάτραι, καὶ πᾶς φιλῶν καὶ ποιῶν ψεῦδος.
421610011c	Ἐγὼ Ἰησοῦς ἔπεμψα τὸν ἄγγελόν μου μαρτυρῆσαι ὑμῖν ταῦτα ἐπὶ ταῖς ἐκκλησίαις· ἐγώ εἰμι ἡ ῥίζα καὶ τὸ γένος Δαυείδ, ὁ ἀστὴρ ὁ λαμπρὸς ὁ πρωινός.
42161100ef	καὶ τὸ πνεῦμα καὶ ἡ νύμφη λέγουσιν, ἔρχου· καὶ ὁ ἀκούων εἰπάτω, ἔρχου. καὶ ὁ διψῶν ἐρχέσθω, ὁ θέλων λαβέτω ὕδωρ ζωῆς δωρεάν.
4216120159	Μαρτυρῶ ἐγὼ παντὶ τῷ ἀκούοντι τοὺς λόγους τῆς προφητείας τοῦ βιβλίου τούτου· ἐάν τις ἐπιθῇ ἐπ᾽ αὐτά, ἐπιθήσει ὁ θεὸς ἐπ᾽ αὐτὸν τὰς πληγὰς τὰς γεγραμμένας ἐν τῷ βιβλίῳ τούτῳ·
421613016b	καὶ ἐάν τις ἀφέλῃ ἀπὸ τῶν λόγων τοῦ βιβλίου τῆς προφητείας ταύτης, ἀφελεῖ ὁ θεὸς τὸ μέρος αὐτοῦ ἀπὸ τοῦ ξύλου τῆς ζωῆς, καὶ [ἐκ] τῆς πόλεως τῆς ἁγίας, τῶν γεγραμμένων ἐν τῷ βιβλίῳ τούτῳ.
4216140081	λέγει ὁ μαρτυρῶν ταῦτα, Ναὶ ἔρχομαι ταχύ· ἀμήν. ἔρχου, Κύριε Ἰησοῦ.
421615004f	Ἡ χάρις τοῦ κυρίου Ἰησοῦ μετὰ τῶν ἁγίων.
