2800000009	ማቶሳ
280101007c	Ꮉንፓ ካሊ ጻፍንትደ ዳዉተ ናአ አብራሃማ ናአ ማቅደ የሱስ ክርስቶሳ የልንቶ።
2801020085	አብራሃማ ይሳቃ የልዳ፤ ይሳቃ ያይቆባ የልዳ፤ ያይቆባ ይሁዳን ኤ እሹንꬃና የልዳ፤
2801030085	ይሁዳ ትእማርፓ ፋረሰነን ዛራን የልዳ፤ ፋረሳ አስሮመ የልዳ፤ አስሮመ ራመ የልዳ፤
2801040074	ራመ አምናዳበ የልዳ፤ አምናዳበ ናአሶና የልዳ፤ ናአሶና ሳልሞነ የልዳ፤
2801050085	ሳልሞነ ረአብፓ ቦኤዛ የልዳ፤ ቦኤዛ ኡሩትፓ እዮቤደ የልዳ፤ እዮቤደ እሰይ የልዳ፤
2801060065	እሰየን ካት ዳዉተ የልዳ፤ ዳዉተ ኦርዮ ማችትፓ ሶሎሞነ የልዳ፤
280107006b	ሶሎሞነ ሮብአማ የልዳ፤ ሮብአማ አብያ የልዳ፤ አብያ አሳፋ የልዳ፤
2801080077	አሳፋ እዮሳፍጠ የልዳ፤ እዮሳፍጠ እዮራመ የልዳ፤ እዮራመ ኦዝያነ የልዳ፤
2801090077	ኦዝያነ እዮአታማ የልዳ፤ እዮአታማ አካዛ የልዳ፤ አካዛ ሕዝቅያሳ የልዳ፤
28010a006e	ሕዝቅያሳ ምናሰ የልዳ፤ ምናሰ አሞና የልዳ፤ አሞና እዮስያሳ የልዳ፤
28010b009c	እስራኤለ አሱንꬅ ድእንት ባብሎነ ጋዘ ሳአ Ꮉንግደ ዎደ እዮስያሳ እኮንያናን ኤ እሹንꬃና የልዳ።
28010c00ae	ባብሎነ ሳአ እስራኤለ አሱንꬅ ድእንቲ Ꮉንግደፓ ማቂ እኮንያና ሳላትያለ የልዳ። ሳላትያለ ዘሩባቤላ የልዳ፤
28010d007a	ዘሩባቤላ አብድዩ የልዳ፤ አብድዩ ኤልያቀመ የልዳ፤ ኤልያቀመ አዛራ የልዳ፤
28010e0065	አዛራ ሳዶቀ የልዳ፤ ሳዶቀ አክመ የልዳ፤ አክመ ኤልዩዳ የልዳ፤
28010f006e	ኤልዩዳ አላዛረ የልዳ፤ አላዛረ ማታነ የልዳ፤ ማታነ ያይቆባ የልዳ፤
2801100072	ያይቆባ ዮሰፋ የልዳ፤ ዮሰፋ ክርስቶሳ ጋዘ የሱሳ የልደ ማይራም አዝኒ።
2801110109	ይኬ፥ የልንታ አብራሃመፓ ዳዉተ የሎደስ ታጶ ኦይዲ። ዳዉተፓ Ꮉንግ ባብሎነ ድኤ የሎደስ ታጶ ኦይዲ። ባብሎነ ድኤፓ Ꮉንግ ክርስቶሳ የሎደስ ታጶ ኦይዲ የልንተ ማቃነ።
28011200ca	የሱስ ክርስቶሳ የልንታ ታሪከ Ꮉንፓ ካልዛኖ። ኤ እንታ ማይራማ ዮሰፋስ ኦጭንት የዝተ ዮሰፋ ኤክካይዝን ጌሽ አያናፓ ዎዳጽዳ።
2801130090	ዮሰፋ ጽሎ አስ ማቅደ ግሾ እዞ አስ ግዳ ኬሶደስ ኮይካያ። ይኒ ግሾ አቺ እዞ አሾደስ ቆፕዳ።
28011400f2	ኤ ይና ቆፍተ የዝን ጾዘ ኪታንቾ አቡኮራ ቆንጪ፥ «ዳዉተ ናአይ፥ ዮሰፋ፥ ነ ኦጭደ ማይራማ ዎዳጽደ ጌሽ አያናፓ ማቅደ ግሾ እዞ ኤኮደስ ዣሽትፐ» ያጋይዳ።
2801150094	እዛ ꬊራꬅ ናአ የሎዳ፥ ኤ ፋ ዎርዥቶ ኡን ናጋርትፓ አሽዘ ግሾ ኤ ሱንꬅቶ ነ የሱሳ ጋእ ጼጎዳ።
2801160024	ላꬄ ናበ ኢሳያሳ ዶና።
280117010e	«ይኬ ዉዱርታ ዎዳጾዳ፤ ꬊራꬅ ናአን የሎዳ፤ ኤ ሱንꬅታ አማኑኤላ ጋእንቶዳ» ጋእንትዳና ፎልንቶደ ፋና Ꮉና ኡባና Ꮉንዳ። አማኑኤላ ጋዛንስ ብልꬅታ «ጾዚ ኑራ የነ» ጋኤ።
2801180076	ዮሰፋ ገንቶፓ ባርክ ላꬄ ኪታንቹንꬅ ኪትዳን ፋና ማይራሞ ፋ ካራ ካንግዳ።
280119008d	የዝን ፋ አንግስ ናአያ የሎደ ዎንꬅስ እዞ ግርምካያ፤ የልንትደ ናአያ የሱሳ ጋእ ጼግዳ።
28020100b5	ካት ሄሮድሳ ዎደ የሱሳ ይሁዳ ሳአ ቤተለመ ካታማ የልንትዳንፓ ሱባ ጾልንቶ ብእ አሱንꬅ አዋ ከሳፓ የሩሳላመ ይእ፥
28020200b2	«የልንትደ አይሁደ ካትዘ አባ የነ? ኑኒ አዋ ኬስ ዛላራ ኬዚ ኤ ጾልንትዛ ብእ ኤስ ጎይኖደስ ይእዳ» ያጋእ ኦጭዳ።
2802030073	ካት ሄሮድሳ ይኖ ስእደ ዎደ ታንዳ። የሩሳላመ የዘ አሱንꬅ ኡባና ታንዳ።
28020400b3	ሄሮድሳ ካህኑንꬅ Ꮉላቁንꬃናን ህገ አስታማሩንꬃና ፋጎ ጼጊ፥ «ክርስቶሳ አባ የልንተሳ?» ያጋእ ኡንታና ኦጭዳ።
2802050036	ኡንትን፥ ይሁዳ ቤተለመ፤ ናብዘ፥
28020600d9	«‹ይሁዳ የዘ ቤተለመ፥ ይሁዳ የዘ ዳማ ካታሙንꬃፓ፥ ኔኒ አኮን ኤሮስ። ታ ዎርዥቶ እስራኤለ አሆዳይ፥ ኔፓ ከዞዳ› ጋእ ጻፍዳ» ያጋይዳ።
28020700a8	ይንፓ ሱባ፥ ሄሮድሳ አዋ ከሳፓ ይእደ አሱንꬃና አቺ ጼጊ፥ ጾልንትዛ ኡን ብእደ ዎደ ኡንታፓ ሎይꬂ ኤርዳ።
28020800f2	ኤ ኡንታና ቤተለመ ዳክተራ፥ «Ꮉንግ የልንትደ ናአያ ምንꬂ ኮዮተ፤ ኤዛ ይን ደንግደ ዎደ ታንን Ꮉንግ ኤስ ጎይኖደ ጋር ማቂ ይእተራ ታስ ኦሆተ» ያጋይዳ።
28020900d2	ኡንትን ካት ሄሮድሳ ጋይዳኖ ስእ Ꮉንግዳ። ኡን አዋ ኬስ ዛላራ Ꮉንግ ጾልንትዘ ኡንታና ካልꬅተራ ናአይ የዘ በስቶ የሎደስ ካንግዳ።
28020a0052	ኡን የ ጾልንትዛ ብእደ ዎደ ዳማ ኡፋይስ ኡፋይትዳ።
28020b00c6	ኬꬃ ገሊ ናአይ ፋ እንቲ ማይራምራ የዛያ ብእዳ። ኤስ ቡንቁንቲ ጎይንዳ። ፋ ሳጥንቶ ቡጊ ዎርቃን፥ እጻነን ካርበ ኤስ ሺሽዳ።
28020c0085	ኡን ሄሮድሳጎ ሱብ ማቃመ ፋና ጾዚ አቡኮራ ኡንትስ ኦህን፥ መለ ኦገራ ፋ ጋደ ማቅዳ።
28020d0177	አዋ ኬስ ዛላራ ይእደ አሱንꬅ ቅትዳንፓ ሱባ፥ ላꬄ ኪታንችዘ ዮሰፋስ አቡኮራ ቆንጪ፥ «ሄሮድሳ ናአያ ዎꬎደስ ኮይዘ ግሾ ደንዲ፤ ኤልሲ ናአያን ናአይ እንቶን ኤኪ ግብጸ ጋደ ቅቶ። ነ ማቃደ ዎደ ታ ኔስ ኦሆደ ዎንꬅስ የይጋ ጋምኦ» ያጋይዳ።
28020e0074	ይኒ ግሾ፥ ዮሰፋ ይና ቃምተ ደንዲ፥ ናአያን ናአ እንቶ ኤኪ ግብጸ ቅትዳ።
28020f00ca	ናበ ዶንተ ጾዚ፥ «ታኒ፥ ታ ናአያ፥ ግብጸ ጋደፓ ጼግዳ» ጋእንትደ ቃልታ ፎልንቶደ ጋር ሄሮድሳ Ꮉይቆደ ዎንꬅስ ኤ የይጋ የዝዳ።
2802100170	ይንፓ ሱባ፥ አዋ ኬስ ዛላራ ይእደ አሱንꬅ ኤዛ ጭምዳኖ ኤርደ ዎደ ጋማ ዥልꬍዳ። ኤ ቲኖ ኡንታፓ ስእዳን ፋና ቤተለመን ይና ጉቱተ የዘ ላምእ በረ ኩምዱንꬃናን ላምእ በረፓ ዬካራ የዘ ꬊራꬅ ናኡንꬃና ኡባ ፋ ዎታዳሩንꬃና ዳኪ ዎꬍዝዳ።
28021100fc	ናበ ኤርምያሳ ዶንተ፥ «ዬፎን ዬፎ ደንꬄ፥ ራማ ካታማ ስንትዳ። ራሄላ ፋ ናኡንꬅስ ዬካነ፤ ኡን Ꮉይቂደ ግሾ ምንጎደስ ዳንዳእካያ» ጋእ ኦህንትዳና ፎልንትዳ።
280213006b	ሄሮድሳ Ꮉይቂዳንፓ ሱባ ግብጸ ላꬄ ኪታንቾ ዮሰፋስ አቡኮራ ቆንጪ፥
28021400a5	«ናአያ ዎꬎደስ ኮይዘ አሱንꬅ Ꮉይቂደ ግሾ ደንዲ ናአያን ናአይ እንቶ ኤኪ እስራኤለ ጋደ ማቆ» ያጋይዳ።
280215005f	ዮሰፋ ደንዲ ናአያን ናአይ እንቶ ኤኪ እስራኤለ ጋደ ማቅዳ።
28021600dc	የዝን አርከልዮሳ ይሁዳ ፋ አደ ሄሮድሳ በስተ ካእትዳኖ ስእደ ዎደ የይጋ Ꮉንጎደስ ዣሽትዳ። ጾዚ አቡኮራ ኤስ ቆንጭዝን ጋልላ ጋደ ቅትዳ።
28021700ad	ናቡንꬅ ዶንተ፥ «ናዝረተ አስ ጋእንቶዳ» ያጋእ ኦህንትዳና ፎልንቶደ ፋና ናዝረተ ካታማ Ꮉንግ የይጋ የዝዳ።
28030100ba	የ ዎደ ጻማቅዘ ዋሐንሳ፥ «ጾዘ ካእቱሞ ኡክደ ግሾ ይን ናጋራፓ ማቆተ» ያጋእ ሳባክተራ ይሁዳ አኮ ባይዘ ጋናሳ ቅትዳ።
2803030105	ናበ ኢሳያሳ ዋሐንሳ ባዝ ኦህዳን ፋና፥ «አኮ ባይዘ ጋናሳ፥ ፈታይ ፋ ቃልቶ ꬎቅ ዪዚ፥ ‹ላꬄ ኦግቶ ጊግዞተ። ኤ ዎሮግቶ ሉልዞተ› ጋይዳ» ያጋእንትዳና ኤስ ያጋይዳ።
28030400b6	ዋሐንሳ ግማለ እስን ፓ ኦችንትደ አፉላ ማአነ። ፋ ቃዝንተን ዳፈ ሳቀ ዳንጫነ። ኤ ሙእዘ ካꬅታን ቦለን ደከራ ሽዳ።
280305008a	አሱንꬅ የ ዎደ የሩሳላመ ካታማፓ፥ ይሁዳ ሳአ ኡባፓ ዮርዳኖሳ ቦርካ ካለፓ ኤጎ የእነ።
280306005b	ፋ ናጋርቶ ቡጽ ዮርዳኖሳ ቦርካ ዋሐንሳ ኩሸ ጻማቅንትዳ።
28030700f7	ዋሐንሳ፥ ጋማ ፋርሳዉንꬅን ሳዱቃዉንꬅ ጻማቅንቶደስ ፋጎ ይእዙንꬃና ብእ፥ ኡንታጎ፥ «Ꮉንꬅ ኢታ ሾሹንꬆ፥ ዮኦደ ጾዘ ካቻፓ አቶደ ፋና ይንታና ኦደ ዞርደ?
2803080052	ይኬ፥ ይን፥ ይን ናጋርትፓ ማቅዳኖ ቤዘ ኦቻ ኦቾተ።
28030900d2	ይን፥ ይን ዎዝንተ፥ ‹አብራሃማ፥ ኑ አዳይ የነ› ያጋእ ቆፕፐተ። ሎይꬂ ስኦተ! ጾዚ Ꮉና ሹችትፓ አብራሃማስ ናአ ኬሶደስ ዳንዳአነ።
28030a007b	ጋንደ ምንጽት ጻጵተ ጊጊ የነ፤ ሎኦ ኣፈ ኣፎሰ ምንጻ ኡባ ጋቺ ታማ ኦልንቶዳ።
28030b013a	«ይን፥ ይን ናጋርትፓ ማቅዳኖ ኤርሶደስ ታ ይንታና Ꮉꬃ ጻማቃነ። የዝን ታፓ ሱባራ የእዘ ይንታና ጌሽ አያናራን ታማራ ጻማቆዳ። ኤ ታፓ ጋማ ዎልቃራ የነ፤ ታ መለ አቶ የዝን ኤ ጫምቶ ቱኮደስን ቤዞስ።
28030c00bc	ካꬃ ጌሽዘ ፍꬅታ ኤ ኩሽተ የነ። ካꬅቶ ሎይꬂ ጌሻነ፤ ዛርግቶ ፋ ፋችተ ጉሶዳ፥ የዝን ፉግቶ ꬋቦሰ ታማ ምቾዳ» ያጋይዳ።
28030d0075	የ ዎደ የሱሳ ዋሐንሳ ኩሸ ጻማቅንቶደስ ጋልላፓ ዮርዳኖሳ ቦርካ Ꮉንግዳ።
28030e0089	የዝን ዋሐንሳ ኤዛ ካዮደስ ኮይ «ታኒ ኔራ ጻማቅንቶደስ ቤዝን ነ ታጎ የእነ?» ያጋይዳ።
28030f00bd	የዝን የሱሳ ማህ፥ «ጾዚ ኑፓ ኮይዘ ባዝ ኡባ ኑ ፎሎደስ ቤዘ ግሾ Ꮉተ ታስ ኤሮ ጋኦ» ያጋይዳ። ዋሐንሳ ኤስ ዬኤ ያጋይዳ።
28031000b9	የሱሳ ጻማቅንትደ ፋና Ꮉꬅትፓ ከዝዳ። ኢራ ሳሎ ቡጉንትን ጾዘ አያና ዎለ ፋና የኦደራን ማህ ፋላ አፋ ዎꬎደራ ብእዳ።
2803110081	የ ዎደ «Ꮉይቼ ታ ካዽዘ፥ ኤ ታና ኡፋይስዘ ታ ናአይ Ꮉያ» ያጋዘ ቃላ ሳሎፓ ይእዳ።
2804010081	ይንፓ ሱባ፥ ጻላሄ የሱሳ ፋታኖደ ጋር ጌሽ አያና የሱሳ አኮ ባይዘ ጋናሳ ካንግዳ።
2804020054	ኦይታም ቃማን ኦይታም አዋራ ጾምዳንፓ ሱባ ናይꬍዳ።
2804030087	ጻላሄ የሱሳጎ ይእ «ነ ጾዝ ናአ ማቅኮ፥ አነ Ꮉይ ሹችዛ ሶሎ ማቃደ ፋና ኪቶ» ያጋይዳ።
28040400c0	የሱሳ ማህ፥ «‹አስ ጾዘ ዶናፓ ከዘ ቃላ ኡባነ የሳደፕ አትን ሶሎ ጻላላራ የዞስ› ጋእንት ጾዘ ቃልተ ጻፍንትዳ» ያጋይዳ።
2804050066	ማህን፥ ጻላሄ የሱሳ ጌሽ ካታማ ካንግ፥ ጾዘ ኬꬅትስ ኦምተ ኬሲ፥
2804060138	«ነ ጾዝ ናአ ማቅኮ፥ አነ ሱለ ሳአ ጎልኦ። አኮስ ጋይኮ፥ «‹ነ ቶህታ ሹቻላ ꬉቡንታመ ፋና፥ ፋ ኩሽትራ ነና ደንꬆደ ፋና፥ ጾዚ ፋ ኪታንቹንꬃና ነ ግሾ ኪቶዳ› ጋእንት ጾዘ ቃልተ ጻፍንትዳ» ያጋይዳ።
280407008c	የሱሳ ኤጎ፥ «ማህ፥ ‹ጾዘ ቃልተ ነ ላꬃ፥ ነ ጾዛ ፋታንፐ› ያጋእ ጻፍንትዳ» ጋእ ማህዳ።
2804080088	ዉርሱꬅተ ጻላሄ የሱሳ ፈቲ ዳማ ደረ ኦማ ኬሲ አላመ ካእቱሞ ኡን ቦንችትራ ፈትላ ቤዚ፥
280409005b	«ነ ታስ ጎልእ ጎይንኮ ታ ኔስ Ꮉኖ ኡባ እንጎዳ» ያጋይዳ።
28040a00c8	የሱሳ ማህ፥ «Ꮉይ ጻላህዛዮ፥ ታፓ Ꮉኮ! ‹ነ ላꬃ፥ ነ ጾዛ ጎይኖ፥ ኤ ጻላላስ ኪትንቶ› ጋይንት ጾዘ ቃልተ ጻፍንትዳ» ያጋይዳ።
28040b005f	ይንፓ ሱባ፥ ጻላሄ አሺ ቅትዳ፤ ኪታንቹንꬅ ይእ ኤዛ ማድዳ።
28040c005b	የሱሳ፥ ዋሐንሳ አጭንትዳኖ ስእደ ዎደ ጋልላ ጋደ ቅትዳ።
28040d009a	ናዝረተ ካታማ አሺ ዛብሎነን ንፍታለመ ጉታ፥ አባ ካለ የዘ ቅፍርናሆመ ካታማ Ꮉንግ የይጋ የዝዳ።
28040e0034	ይና Ꮉንዳና ናበ ኢሳያሳ ዶንተ፥
28040f00b5	«ዛብሎነ ጋደን፥ ንፍታለመ ጋደ፥ ዮርዳኖሳ ቦርካፓ ሰኮ ፍንꬃ፥ አባ ኦገ፥ አይሁደ ማቆሰ ዎርዡንꬅስ የዘ ጋልላ፥
28041000b1	ꬉማ የዘ ዎርዣ፥ ዳማ ፎኦ ብእዳ። Ꮉይቆ ዳሾ ጋደ፥ የዙንꬅስ ፎኦ ከዝዳ» ያጋእ ኦህንትደ ቃልታ ፎልንቶደ ፋና።
280411008f	የ ዎደፓ ደንꬂ የሱሳ፥ «ጾዝ ካእቱሞ ኡክደ ግሾ ይን ናጋርትፓ ማቆተ» ያጋእ ቃላ ሳባክዳ።
28041200fa	የሱሳ ጋልላ አባ ካለራ አꬍተራ ላምእ እሹንꬃና፥ ጴጥሮሳ ጋእንትዘ ስሞናን ኤ እሻ እንድራሰ ብእዳ። ኡን ሞሎ አይክዙንꬃና ማቅደ ግሾ ፋ ግትቶ አባላ ኦልዳ።
28041300a9	የሱሳ ኡንታና፥ «Ꮉንካ ዮኦተ፤ ታና ካሎተ! ሞሎ አይክዛኖ አሺ፥ ታ ይንታና አስ አይፎ ታማርሶዳ» ያጋይዳ።
2804140046	ኡን፥ ኤልሲ ፋ ግትቶ ኦሊ አሺ የሱሳ ካልዳ።
2804150116	የሱሳ የይጋፓ Ꮉጋ ጎደ ቲኖ ኣꬍተራ መለ ላምእ እሹንꬃና፥ ዛብድዮሳ ናኡንꬃና፥ ያይቆባን ዋሐንሳን ብእዳ። ፋ አዳይ ዛብድዮሳራ ዎላ ጎንገ ግዳ ፋ ግትቶ ሎይꬅዙንꬃና ጼግዳ።
2804160056	ኡን፥ ኤልሲ ፋ ጎንግቶን ፋ አዳያን አሺ የሱሳ ካልዳ።
28041700c8	የሱሳ አይሁደ ዎሳ ኬꬃ ታማርስተራ፥ ሳሎ ካእቱሞ ዎንገለ ኦህተራ ዱማ ዱማ Ꮉርገፓ አሱንꬃና ፋꬅተራ ጋልላ ሳአ ኡባነ ዉትዳ።
280418013d	ይንፓ ደንዲ ኤ ሱንꬅታ ሶርያ ጋደ ኡባ ኤርንትዳ። ዱማ ዱማ Ꮉርገራ አይክንትዱንꬃናን ዋይንትዙንꬃና፥ ቱና አያናራ አይክንትዱንꬃና፥ ቢጮራ የዙንꬃና፥ ዎቡንꬃና ኤጎ ክእዳ፤ ኤዝን ኡንታና ፋꬅዳ።
28041900cd	አሱንꬅ ጋልላፓ፥ ታጵ ካታሙንꬃፓ፥ የሩሳላመፓ፥ ይሁዳፓን ዮርዳኖሳ ቦርካ ሰኮ ፍንꬃ የዘ ጋደፓ ይእደ ጋማ አሱንꬅ ኤዛ ካልዳ።
280501007b	ጋማ ዎርዣ ሺቅዳኖ የሱሳ ብእ ደረላ አፋ ኬዚ በትዳ። ኤ ታማሩንꬅ ኤጎ ሺቅን፥
280502002a	Ꮉኒ ጋር ያጋእ ታማርስዳ፦
280503006c	«ፋ አያንተ ዳሃ ማቅዱንꬅ አንጅንትዱንꬃና፥ ሳሎ ካእቱሞ ኡንትስ።
280504004f	ዬክዙንꬅ አንጅንትዱንꬃና፥ ኡን ምንꬅ ደንጎዳ።
2805050050	ዎዝና አዱንꬅ አንጅንትዱንꬃና፥ ኡን ሳአ ላቶዳ።
2805060075	ጽሎትꬅ ኦቾደስ ናይꬍዙንꬅን ባርꬍዙንꬅ አንጅንትዱንꬃና፥ ኡን ምሻዳ።
2805070052	ማርዙንꬅ አንጅንትዱንꬃና፥ ኡን ማሮትꬅ ደንጎዳ።
2805080050	ዎዝና ጌሹንꬅ አንጅንትዱንꬃና፥ ኡን ጾዚ በአዳ።
2805090063	ጊግዙንꬅ አንጅንትዱንꬃና፥ ኡን ጾዝ ናአ ጋእንት ጼግንቶዳ።
28050a0083	ጽሎትꬅ ኦችዘ ግሾ ጋእ፥ ባይእንትዙንꬅ አንጅንትዱንꬃና፥ ሳሎ ካእቱሞ ኡንትስ።
28050b00c2	«አሱንꬅ ይንታና ታ ግሾ ጋእ ጫዥዘ ዎደ ባይእዘ ዎደን ይንታላ አፋ ኢታ ባዝ ኡባ ዎርዶራ ኦህዘ ዎደ ይን አንጅንትዱንꬃና።
28050c00ae	ይን አንጅታ ሳሎ ዳማ ማቅደ ግሾ ኡፋይቶተ፥ ሎይꬂ ኡፋይቶተ። ይንታፓ ቲኖ የዝደ ናቡንꬃና ይኒ ጋር ባይእዳ።
28050d00b8	«ይን ሳአስ ሶገ፤ ሶገ ፋ ማልእቱምቶ አሽኮ፥ ዋይዝ ማህ ደንጎደ? ባለ ꬎግኮ አሳራ የꬍንታነፕ አትን አኮስን ማዶስ።
28050e0067	«ይን ሳአስ ፎኦ፤ ደረላ አፋ የዘ ካታምታ አችንቶደስ ዳንዳኦስ።
28050f0099	ጾምፐ አይꬂ ኬꬃ የዘ አሱንꬅ ኡቡንꬅስ ፎኦደ ጋር ꬎቃ በሳ ጋዳነፕ አትን ጋባተ ግዳ ጋድዘ ባያ።
2805100098	ይኒ ጋር አሱንꬅ ይን ሎኦ ኦችቶ ብእ፥ ሳሎ የዘ ይን አዳያ ቦንቾደ ጋር ይን ፎእታ አስ ቲኖ ፎኦ።
28051100da	«ታኒ ሙሴ ህግቶን ናቡንꬅ ቃላ ሻሮደስ ይእዳ ይንትስ አዝፐ። ታኒ፥ ኡን ኦህዳና ቱሮ ማቅዳኖ ቆንጭሳደስ ይእዳፕ አትን ሻሮደስ ይእካያ።
28051200b0	ታ ይንትስ ቱሮ ኦህነ፤ ሳሎን ሳአ አꬎደ ዎንꬅስ ህገ ኡባ ፎልንቶደፕ አትን ህግትፋ ፈቲ ቃላ ዎይ ፍዳለ አꬎስ።
2805130162	ይኒ ግሾ፥ Ꮉና ኪትትፓ ኤርዘ ፈቲ ኪታን መንꬅዘ ኦደን ማህ መሉንꬃና ይኒ ጋር ኦቾደ ጋር ታማርስዘ ኦደን ሳሎ ካእቱሞ ኡቡንꬃፓ ኤራꬅ ማቃዳ። የዝን Ꮉና ኪቶ ፎልዘን መሉንꬃናን ፎሎደ ጋር ታማርስዘ ሳሎ ካእቱሞ ዳማ ማቃዳ።
28051400bb	ታ ይንትስ ኦህነ፤ ይን ጽሎትꬅታ ፋርሳዉንꬅ ጽሎትꬃፓን ህገ አስታማሩንꬅ ጽሎትꬃፓ አꬋንጽኮ፥ ሳሎ ካእቱሞ ገሎስ።
2805150085	«ይን ማይዙንꬅስ፥ ‹ዎꬍፐተ፤ ሸምፖ ዎꬍደ ኦደን ፍርድንቶዳ› ጋእንትዳኖ ስእዳ።
280516010f	የዝን ታ ይንትስ ኦህነ፤ ፋ እሻያ ጫዥዘ ኦደን ፍርድንቶዳ። ፋ እሻያ ጫዥዘ ኦደን ዳይና ቲኖ ፍርዳስ ሺቆዳ። ፋ እሸጎ፥ ‹ኤያይ› ጋዘ ኦደን ማህ ጋናመ ታምተ ፍርድንቶዳ።
2805170071	«ይኒ ግሾ፥ ነ ነ ዣርሾ ዣርሽዘ ዎደ ነ እሻያ ቆህደ ባዝ ኔስ ቲርንትኮ፥
28051800a1	ነ ዣርሽቶ እዛ በስተ አሺ አሺ ቅቶ፤ ቲኖ Ꮉንግ ነ እሻይራ ጊጎ፤ የይዝ ማቂ፥ ነ ዣርሽቶ ጾዝስ ዣርሾ።
28051900ef	«ነና ሞትዘራ ፍርዳ ኬꬃ Ꮉንግተራ ኦገላ ኤራ ጊጎ። ይና አቶ ጋይኮ ኤ ነና ዳይና ቲኖ ካንጎዳ። ዳይንዘ ነና አጭዘስ አꬂ እንጎዳ፤ ኤ ነና ዎይነ ኦሎዳ።
28051a00af	ታ ቱሮ ኦህነ፤ ኔላ አፋ ፍርድንትደ አጭቶ ፈቲ ሳንትመ አትካይዝን ጭጊ Ꮉሶደ ዎንꬅስ አች ኬꬃፓ ሙሎን ኬዛማ።
28051b0055	«Ꮉንፓ ዛጋ፥ ‹ኦላለ Ꮉንትፐተ› ጋእንትዳኖ ስእዳ።
28051c0074	የዝን ታ ይንትስ ኦህነ፥ ማቾ ብእ፥ አሙꬍደ ኡባ ፋ ዎዝንተ ኢራ ኦላልዳ።
28051d00c5	ነ ምዛቅ ኣፍዘ ኔስ ናጋራስ ምክናተ ማቅኮ፥ ኬሲ ኦሎ። ነ ጋልታ ኩሙꬅ ጋናመ ታማ ዎꬎዳንፓ ነ ጋልትፓ ፈታይ ꬋብኮ ኔስ ሎኦ።
28051e00d2	ነ ምዛቅ ኩሽዘ ኔስ ናጋራስ ምክናተ ማቅኮ፥ ኤዛ ጋቺ ኦሎ። ነ ጋልታ ኩሙꬅታ ጋናመ ታማ ዎꬎዳንፓ ነ ጋልትፓ ፈታይ ꬋብኮ፥ ኔስ ሎኦ።
28051f005a	«‹ፋ ማችቶ ዳክዘ ኦደን ዳፎ ዋርቃተ እንጎ› ጋእንትዳ።
28052000d6	የዝን ታ ይንትስ ኦህነ፤ ፋ ማችቶ ኦላልካይዝን ብልዘ ኦደን እዛ ኦላሎደ ጋር ኦቻነ። ይኒ ጋራን፥ ዳክንትደ ማችቶ ኤክዘ ኡባ ኦላልዳ።
280521008a	«ይን ማይዙንꬃጎ፥ ‹ዎርዶ ጫቂፐተ፤ ይን ጾዘ ቲኖ ጫቂዳኖ ፎሎተ› ጋእንትዳኖ ስእዳ።
2805220087	የዝን ታ ይንትስ ኦህነ፤ ሙሎን ጫቂፐተ። ጾዚ በትዘ ኦይዳ ማቅደ ግሾ ሳሎራ ጫቂፐተ።
2805230098	ኤ ቶህታ የꬍዘ በሲ ማቅደ ግሾ ሳአራ ጫቂፐተ። ዳማ ካት ካታማ ማቅደ ግሾ የሩሳላመራን ጫቅፐተ።
2805240081	ይን ኦምትፓ ፈታያ ቦꬅ ዎይ ካርꬅ ማሆደስ ዳንዳኦሰ ግሾ ይን ይን ኦምተ ጫቂፐተ።
2805250081	ይኒ ግሾ፥ ይን ቃልታ፥ ‹ዬ› ዎይ ‹አደ› ማቆ። ይንፓ ባለ ከዝዘ ጻላሄፓ የእነ።
2805260054	«‹ኣፈ ግሾ ኣፈ፤ አች ግሾ አች› ጋእንትዳኖ ስእዳ።
28052700c1	የዝን ታ ይንትስ ኦህነ፤ ይንታላ አፋ ኢታ ባዝ ኦችዘ አꬃ እጽፐተ። ኦደን ነ ምዛቅ ꬎኦክዛ ባቂኮ ነ ዎርክታ ꬎክዛን ቤዞ።
280528006e	ፈቲ አሲ ነ ሻምዛ ዎልቃራ ኤኮደስ ነና ሞትኮ፥ ነ ኮትዛን ጉጂ እንጎ።
28052900a9	ፈቲ አሲ ነና ዎልቃራ ፋ ባዝ ቶሲ ፈቲ ሳተ ኦገ ፋራ Ꮉንጎደ ጋር ነና ኡንእꬅኮ፥ ኤራ ላምእ ሳተ ኦገ Ꮉንጎ።
28052a005b	ዎስዘ ኦደስን እንጎ፤ ኔፓ ታልኦደስ ኮይኮ ኦናን ካይፐ።
28052b005d	«‹ነና ካꬍዛ ካꬎ፤ ነና እጽዛያ እጾ› ጋእንትዳኖ ስእዳ።
28052c007b	የዝን ታ ይንትስ ኦህነ፤ ይን ሞርኩንꬃና ካꬎተ፤ ይንታና ቆህዙንꬅስ ዎሶተ።
28052d00ec	ይኒ ጋር ይን ኦችኮ፥ ሳሎ የዘ ይን አዳይስ ይን ናኡንꬃና ማቃዳ። ኤ ኢቱንꬅስን ሎኡንꬅስ አዋ ካሳነ፤ ጽሉንꬅስን ናጋራንቹንꬅስን ፋ እራ ቡክዛነ።
28052e00bd	ይንታና ካዽዘ አሱንꬃና ጻላላ ይን ካꬍኮ፥ ይንትስ አኮ ትርፈ የዘ? መለ አቶ የዝን፥ ጋበ ቃራጠ ጋችዙንꬅን ይኖ ኦቻነ።
28052f00bf	ይን፥ ይን እሹንꬃና ጻላላ ሳርꬅኮ፥ መሉንꬃፓ አኮ አꬍዘባዝ ኦችዶተ? መለ አቶ የዝን፥ ጾዝ አማኖሰ አሱንꬅ ይኖ ኦቻነ።
2805300064	ይኬ፥ ሳሎ የዘ ይን አዳይ ፎሎ ማቅዳን ፋና ይንትን ፎሎ ማቆተ።
28060100ba	«አስ ቦኦ ጋእ ይን ሎኦ ኦችቶ አስ ቲኖ ኦቻመ ፋና ናግንቶተ። ይኒ ጋር ይአንጽኮ ሳሎ የዘ ይን አዳይፓ አንጆ ደንጋማ።
280602011a	«ይን ዳሁንꬅስ እንግዘ ዎደ አስ ቲኖ ቦንችንቶደስ ጋእ ጩቡንꬅ ኦገ ጋጻን አይሁደ ዎሳ ኬꬃን ኦችዛን ፋና አስ ቦኦ ጋእ ኦችፐተ። ታ ይንትስ ቱሮ ኦህነ ኡን ፋ ኩሙꬅ አንጅቶ ኤክዳ
2806030081	የዝን ይን ዳሁንꬅስ እንግዘ ዎደ ይን ምዛቅ ኩሸ ኦችዛኖ ይን ዎርክታ ኩሸ ኤርፐ፤
280604008b	ይን እሞታ ጌማ ማቀ። ጌማ በሳ ኦችዛኖ በእዘ ይን አዳይ ይንትስ አንጅቶ ቆንጨ እንጎዳ።
28060500fa	«ዎሳ ዎስተራ ጩቡንꬅ ጋር ዪፐተ። ኡን፥ ፋና አስ ቦኦ ጋእ አይሁደ ዎሳ ኬꬃ ኦገ ዶና ኤቂ ዎስዛኖ ካꬋነ። ታ ይንትስ ቱሮ ኦህነ፤ ኡን ፋ ኩሙꬅ አንጅቶ ኤክዳ።
28060600c6	የዝን ነ ዎስዘ ዎደ ነ ቆልአ ገሎ፥ ፉርꬅቶ ጎርዲ ጌማ የዘ ነ አዳያ ዎሶ፤ ጌማ ኦችንትዳኖ በእዘ ነ አዳይ ኔስ አንጆ እንጎዳ።
28060700ae	ይን ዎስዘ ዎደ አማኖሰ አሱንꬅ ጋራ ጨር ቃላ ጋንꬅ ዎስፐተ። ኡን ቃልቶ ማህ ማህ ዎስን ጾዚ ስእነ ጋእ ቆፓነ።
28060800a5	ይኒ ግሾ፥ ኡንትን ጋር ዪፐተ። አኮስ ጋይኮ፥ ይን አዳይ ይንትስ አኮ ኮሽዛኮ ይን ዎሶዳንፓ ቲኖ ኤራነ።
2806090075	«ይኬ፥ ይን ያጋእ ዎሶተ፦ «ሳሎ የዘ ኑ አዳዮ፥ ነ ጌሽ ሱንꬅታ አንጅንቶ።
28060a005a	ነ ካእቱምታ ዮኦ፥ ነ ቆፍታ ሳሎ Ꮉንዳን ፋና ሳአን Ꮉኖ።
28060b0027	Ꮉይኖ ቁምቶ ኑስ እንጎ።
28060c0064	ኑ ኑና ቆህዱንꬅስ፥ አቶ ጋዛን ፋና፥ ኑስን ኑ ቆህቶ አቶ ጋኦ።
28060d0091	ኑና ኢታፓ አሾፕ አትን ፋታና ገልꬅፐ። [ካእቱሞን፥ ዎልቃን ቦንቾን መዽና ኔስ። አምንኤ።]
28060e0080	«ይን ይንታና ቆህዙንꬃና አቶ ጋይኮ፥ ሳሎ የዘ ይን አዳይ ይን ቆህቶ አቶ ጋዉዳ።
28060f0078	የዝን ይን መለ አስ ናጋራ አቶ ጋአንጽኮ ይን አዳይ ይን ናጋርቶ አቶ ጋኦስ።
28061000d5	«ይን ጾምዘ ዎደ ጩቡንꬅ ፋና ዪፐተ። አኮስ ጋይኮ፥ ኡን ጾምዛኖ አሲ ኤሮደ ፋና ፋ ስንቶ ቦꬃነ። ታ ቱሮ ኦህነ፤ ኡን ፋ ሽልማቶ ኤክዳ።
2806110050	«የዝን ነ ጾምዘ ዎደ ነ ስንቶ ሜጮ፥ ነ ኦምቶ ትዦ።
28061200e7	ይኒ ጋር ነ ዪዝኮ ነ ጾምዘ ጾምታ አሳፓ ገንግዳ፥ የዝን ጌማ የዘ ነ አዳይ ኤርዘ ጾማ ማቃዳ። ጌማ ኦችንትዳኖ በእዘ ነ አዳይ ኔስ ሽልማተ እንጎዳ።
2806130094	«ብላ ሙእዘ በሳ፥ መቆ ብርዘ ሳአ፥ ካይዞ ቦኪ ኤክዘ ሳአ፥ Ꮉና ሳእተ፥ ይንትስ ቆሎ ሺሽፐተ።
2806140089	የዝን ብላ ሞኦሰ በሳ፥ መቆ ብሮሰ በሳ፥ ካይዞ ቦኪ ኤኮሰ በሳ ሳሎ ይንትስ ቆሎ ሺሾተ።
280615003c	ነ ቆልታ የዘ በስተ ነ ዎዝንታ የሳዳ።
2806160087	«ኣፈ አሳትꬅስ ጾምፐ። ይኒ ግሾ፥ ነ ኣፍታ ፋጻ ማቅኮ ነ ኩሙꬅ አሳትꬅታ ፎኦ ማቃነ።
28061700c4	ነ ኣፍታ Ꮉርግንትዛ ማቅኮ ነ ኩሙꬅ አሳትꬅታ ꬉማ ማቃነ። ይኬ፥ ነ ግዳ የዘ ፎእዘ ꬉማ ማቅኮ፥ ꬉማ አኮ ጋር ኣꬊ ꬉማ ማቃደ!
28061800ed	«ፈቲ አስ ላምእ ላꬅስ አቆደስ ዳንዳኦስ። ፈታያ ካꬍኮ Ꮉንካያ እጻነ፤ ዎይ ፈታያ ቦንችኮ Ꮉንካያ ለቃነ። ጾዝስን ሚሸስን ዎላል አቆደስ ዳንዳኦስ።
28061900c7	«ይኬ፥ ስኦተ! ይን ደኦ የሳደስ፥ ‹አኮ ማአደ? አኮ ኡሻደ? አኮ ማኦደ?› ጋእ ኡንእንትፐተ፤ ሸምፖ ካꬃፓ ዎይ ጋላ ማኦፓ አꬎሶ?
28061a00c0	አፋ ላንዱንꬃና ቦኦተ፤ ኡን ቡዶስ፥ ማጾስ፥ ፋቻ ገልꬆስ፥ የዝን ይን ሳሎ አዳይ ኡንታና ሙዛነ። ይን ኡንታፓ ጋማ አꬎሶ?
28061b0075	ይን ግዳፓ ጋማ ኡንእንት ፋ ላይꬅትላ አፋ ፈቲ ቃማ ጉጆደስ ዳንዳእዘ የነ?
28061c0087	«ማህ ይን ማእዘ ባዝስ አኮስ ኡንእንተ? አነ ፉꬉንꬃና ቦኦተ፥ ኦቺ ላቦስ ዎይ ሱቆስ።
28061d0086	ስኦተ! መለ አቶ የዝን፥ ካት ሶሎሞነ ፋ ቦንቾ ኡባነ Ꮉና ፉꬍትፓ ፈታይ ጋር ማእካያ።
28061e00d0	ይን፥ አማኖ ፋጨዙንꬆ፥ ጾዚ Ꮉይኖ በንቲ ዎንታ ታማ ዎꬎደስ የዘ ማታ የይዝ ማእስዘባዝ ማቅኮ፥ ይንታና ኡንታፓ አꬂ ዋይዝ ማእሶሶ?
28061f006c	ይኒ ግሾ፥ ‹አኮ ሞኦደ? አኮ ኡሻደ? አኮ ማአደ?› ጋእ ኡንእንትፐተ።
28062000b1	ይኖ ኡባኖ ጾዝ አማኖሰ አሱንꬅ ጋንꬅ ደንጎደስ ኡንእንታነ። ይን ሳሎ አዳይ ይና ኡባና ይንትስ ኮሽዛኖ ኤራነ።
2806210086	የዝን ኡባፓ ቲኖ ጾዘ ካእቱምቶን ኤ ጽሎትꬅቶ ኮዮተ፤ ይና ኡባና ይንትስ ጉጁንቶዳ።
28062200a4	ይኒ ግሾ፥ ዎንታስ ቆፕተራ ኡንእንትፐተ። ዎንታና ዎንታስ አቆ፤ ፈቲ ፈቲ ቃምዘ ፋስ ማቃደ ማꬋራ የነ።
2807010059	«ይንታላ አፋ ፍርድንታመ ፋና መሉንꬃላ አፋ ፍርድፐተ።
28070200c7	አኮስ ጋይኮ፥ መሉንꬃላ አፋ ይን ፍርድዛን ፋና ይንታላ አፋ ፍርድንቶዳ፤ ይን መሉንꬅስ ማክደ ባዝተ ይንትስ ማህ ማክንቶዳ።
280703007a	ነ ኣፍተ የዘ ቱስ ፋና የዛያ ብእካይዛራ ነ እሻይ ኣፍተ የዘ ቡርዛ አኮስ በኤ?
2807040076	ነ ኣፍተ ቱስ የሳደራ ነ እሻይ ኣፍተ የዘ ቡርዛ ኬሶ ጋዉደስ ዋይዝ ዳንዳኤ?
28070500b6	ናተ ጩቡዛዮ፥ ቲኒ ነ ኣፍተ የዘ ቱስ ፋና የዛያ ኬሶ። ይንፓ ሱባ፥ ነ እሻይ ኣፍተ የዘ ቡርዛ ኬሶደስ ነ ጌሽ በአዳ።
28070600c3	«ሱባ ማቂ ይንታና ꬋኣመ ፋና ጌሽ ባዝ ካኑንꬅስ ኦልፐተ። ፋ ቶህተ የꬊ ኢሳመ ፋና ይን አልኦ ባዝ ጉዳይሉንꬅ ቲኖ ኦልፐተ።
2807070089	«ዎሶተ ይንትስ እንግንቶዳ፥ ኮዮተ ይን ደንጎዳ፥ ፉርꬅቶ ቁንኮተ ይንትስ ቡግንቶዳ።
2807080086	ዎስዘ ኦደስን እንግንቶዳ፥ ኮይዘ ኦደስን በንቶዳ፥ ፉርꬅቶ ቁንክዘስን ቡግንቶዳ።
2807090049	«ይን ግዳፓ ናአይ ቦራ ዎስኮ ሹች እንግዘ ኦደ?
28070a0033	ዎይ ሞሎ ዎስኮ ሾሽ እንግዘ የነ?
28070b00c2	ዬዝን ይን ኢታ ማቅተራ ይን ናኡንꬅስ ሎኦ ባዝ እንገ ኤርኮ፥ ይን ሳሎ አዳይ ፋና ዎስዙንꬅስ ሎኦ ባዝ ዋይዝ ጋንꬅ እንጋሞ?
28070c00cb	መሉንꬅ ይንትስ ኦቾደ ፋና ይን ኮይዘ ባዝ ኡባ ይንትን መሉንꬅስ ኦቾተ። አኮስ ጋይኮ፥ ሙሴ ህግተን ናቡንꬅ ታማርስዛናን Ꮉኖ።
28070d00af	«ጹንꬅ ፉርꬃራ ገሎተ፤ አኮስ ጋይኮ፥ ꬋብሰስ ካንግዘ ኦግዘ ዳማ፥ ፉርꬅታን ዳልጋ። ኢራ ገልዘ አሱንꬅ ጋማ።
28070e007b	የዝን ደኦጎ ካንግዘ ኦግታን ፉርꬅታን ጹንꬅ፤ የይጋ ገልዘ አሱንꬅን ኤራꬅ።
28070f007d	«አፋራ ዱሮ አዚ ፋ ጋꬅተ ሱዹመ ማቂ ይን ግዳ ገልዘ ዎርዶ ናቡንꬃፓ ናግንቶተ።
280710008b	ይን ኡንታና፥ ኡን ኣፍትፓ ኤሮዳ፤ አንጋꬃፓ ዎይነ ኣፈ፥ ከንችከሎፓ Ꮉልሞ ማጽንቶስ።
280711006c	ይኒ ፋና ሎኦ ምንጻ ኡባ ሎኦ ኣፈ አፋነ፤ ኢታ ምንጻ ኢታ ኣፈ አፋነ።
2807120071	ሎኦ ምንጻ ኢታ ኣፈ አፎስ፥ ማህ ኢታ ምንጻ ሎኦ ኣፈ አፎደስ ዳንዳኦስ።
280713004f	ሎኦ ኣፈ አፎሰ ምንጻ ኡባ ጋችንቲ ታማ ኦልንቶዳ።
2807140045	ይኒ ግሾ፥ ይን ኡንታና፥ ኡን ኣፍተ ኤሮዳ።
28071500b7	«ሳሎ የዘ ታ አዳይ ቆፍቶ ኦችዘ አስ ሳሎ ካእቱሞ ገሎደፕ አትን ጨር ታና ‹ላꬆ፥ ላꬆ› ጋዘ ኡባ ሳሎ ካእቱሞ ገሎስ።
28071600ca	ፍርዳ ቃማ ጋሙንꬅ፥ ‹ላꬆ፥ ላꬆ፥ ነ ሱንꬅተ ትንቢተ ኦህካ? ነ ሱንꬅተ ቱና አያና ከስካ? ነ ሱንꬅተ ክለ ባዝ ኦችካ?› ያጋኦዳ።
280717007e	የ ዎደ ታኒ፥ ‹ታ ይንታና ሙሎን ኤሮስ፥ ይን ኢታ ኦችዙንꬆ ታፓ Ꮉኮተ› ጋውዳ።
2807180089	«ይኬ፥ Ꮉና ታ ቃልቶ ስእ ኦችዘ ኦደን ፋ ኬꬅቶ ላላላ አፋ ኬጽደ ዎዝናራ የዘ አስ ፋና።
280719009b	እራ ቡክዳ፥ Ꮉሮ ጎግዳ፥ ባቆ ባቂ የ ኬꬅዛ ኡርቂዳ። የዝን ኬꬅታ ላላላ ኬጽንትደ ግሾ ጎልእካያ።
28071a0073	Ꮉና ታ ቃልቶ ስእ ኦቾሰ ኦደን ፋ ኬꬅቶ ሻፈላ አፋ ኬጽደ ቦዛ አꬃ አዛነ።
28071b00a1	እራ ቡክዳ፥ Ꮉሮ ጎግዳ፥ ባቆ ባቂ፥ የ ኬꬅዛ ኡርቂን፥ የ ኬꬅዘ ጎልእዳ፤ ኤ ጎልእታን ዳማ» ያጋይዳ።
28071c00cd	የሱሳ ፋ ኦህቶ Ꮉስደ ዎደ ኤ ትምርትታ ህገ አስታማሩንꬅ ፋና ማቃንጽ አደትꬅ ዎልቃር ማቅደ ግሾ አሱንꬅ ኤ ትምርትተ ጋማ ቆፕዳ።
280801004f	የሱሳ ደርዘፓ ዎꬍዘ ዎደ ጋማ አሱንꬅ ኤዛ ካልዳ።
28080200bd	ይኬ ፈቲ ቁርሱማ Ꮉርግንትዘ ኤጎ ሺቂ፥ ኤ ቲንተ ቡንቁንቲ፥ «ላꬆ፥ ነ ቆፋ ማቅኮ ታና ጌሽ ፋꬆደስ ዳንዳአነ» ያጋይዳ።
2808030081	የሱሳ ፋ ኩሽቶ ዳኪ ኤዛ ቦቺ፥ «ዬ፥ ታ ቆፋ፥ ፋጾ» ያጋይዳ። አꬄ ኢራ ጌዥ አትዳ።
28080400f9	የሱሳ ኤጎ፥ «ነ ፋጽቶ ኦደስን ኦህፐ። የዝን Ꮉንግ ነ ጌዥ ፋጽዳኖ ካህኑንꬃና ቤዞ። ነ ፋጽዳንስ ማርካ ማቃደ ፋና Ꮉንግ ሙሴ ኪትደ ዣርሽቶ ዣርሾ» ያጋይዳ።
2808050063	የሱሳ ቅፍርናሆመ ካታማ የልደ ዎደ ፈቲ ማቶ Ꮉላቅዘ ኤጎ ሺቂ፥
2808060068	«ላꬆ፥ ታ አርዘ ዎቢ ጋማ ዋይንት፥ ካራ ዎይእ የነ» ያጋእ ዎስዳ።
2808070049	የሱሳ ማህ፥ «ታኒ Ꮉንግ ኤዛ ፋꬆዳ» ያጋይዳ።
28080800c0	የዝን ማቶ Ꮉላቅዘ ማህ፥ «ላꬆ፥ ነ ታ ካራ ገሎደስ ታ ቤዘ አስ ባያ፥ የዝን ነ Ꮉይጋ በቲ ቃላ ጻላላ ኦሆ፥ ታ አርዘ ፋጾዳ።
280809015a	አኮስ ጋይኮ፥ ታፓ ካታራ ታ ኪትንትዘ አሱንꬅ የነ፥ ማህ ታፓ ጋꬃራ ታስ ኪትንትዙንꬅ የነ። ኡንታፓ ፈታያ፥ ‹ቅቶ› ጋይኮ ቅታነ፤ Ꮉንካያ ማህ ‹Ꮉንካ ዮኦ!› ጋይኮ የእነ። ታ አርዛ፥ ‹Ꮉኖ ዪዞ› ጋይኮ ዪዛነ» ጋይዳ።
28080a00d0	የሱሳ ይኖ ስእደ ዎደ ጋማ ቆፒ፥ ፋና ካልዘ አሱንꬃጎ፥ «ታ ይንትስ ቱሮ ኦህነ፤ ታኒ Ꮉኒ ጋርዘ አማኖ እስራኤለ አስ ግዳን ብእካያ።
28080b00ba	ታ ይንትስ ኦህነ፤ ጋሙንꬅ አዋ ኬሳፓን አዋ ገሎፓ ይእ፥ ሳሎ ካእቱሞ አብራሃማራ፥ ይሳቃራን ያይቆባራ ፈትላ በቶዳ።
28080c00b3	የዝን ሳሎ ካእቱሞ ላቶደስ ቤዝን አትዱንꬃና ባለ ꬉማ ኦሎዳ። እዘ ኡንትስ ዬፎን አች ጋርጭንገ ማቃዳ» ያጋይዳ።
28080d009e	የሱሳ ማቶ Ꮉላቅዘጎ፥ «ነ ካራ Ꮉንጎ፥ ነ አማንቲ ፋና ኔስ Ꮉኖ» ያጋይዳ። ኤ አርዘ ኢራ ፋጺ አትዳ።
28080e00a2	የሱሳ ጴጥሮሳ ካራ ገልዘ ዎደ ጴጥሮሳ ማችት እንታ ኦማ ኦꬂ ምሻ Ꮉርገራ Ꮉርግንቲ ዎይእ የዛኖ ብእዳ።
28080f0078	የሱሳ እ ኩሽቶ ቦችደ ዎደ ኦꬅታን ምችታ አሺ አሽዳ። ፋጺ ደንዲ ኤዛ ሞክዳ።
28081000eb	የ ዎደ ኡጉረ ቱና አያናራ አይክንትደ ጋማ አሱንꬃና፥ አሱንꬅ የሱሳጎ ክእዳ። ኤዝን ቱና አያኑንꬃና ፋ ቃልተ ከስዳ፥ Ꮉርግንትዙንꬃና ኡባ ፋꬅዳ።
280811009a	ይነን ናበ ኢሳያሳ፥ «ኤ ኑ ኢታ Ꮉርግቶ ፋስ ኤክዳ፥ ኤ ኑ Ꮉርግቶ ቶክዳ» ጋይደ ቃልታ ፎልንትዳ።
2808120092	የሱሳ ጋማ አሱንꬅ ኤ ካለ ኤቅዳኖ ብእ፥ አባፓ ሰኮ ፍንꬃ ፊንጎደ ፋና ፋ ታማሩንꬃና ኪትዳ።
2808130089	ህገ አስታማሩንꬃፓ ፈታይ፥ «አስታማርዛዮ፥ ነ Ꮉንግዘ በሳ ኡባነ ታ ካሎዳ» ያጋይዳ።
28081400bd	የሱሳ ኤጎ «ዎርካኑንꬅስ ኦላ የነ፥ ሳሎ ላንዱንꬅስ ኬꬂ የነ። የዝን አስ ናአይስ ፋ ኦምቶ ሸምፕዘ በሲ ባያ» ያጋይዳ።
2808150085	የሱሳ ካልዘ አሱንꬃፓ ፈታይ፥ «ላꬆ፥ ታኒ ቲኖ Ꮉንግ ታ አዳያ ሞጊ ዮኦዳ» ያጋይዳ።
2808160070	የዝን የሱሳ፥ «Ꮉይቂዱንꬅ ፋ Ꮉይቁንꬃና ሞጎ፤ ነ ታና ካሎ» ያጋይዳ።
2808170069	የሱሳ የꬋደስ ጎንገ ገልደ ዎደ ኤ ታማሩንꬅን ኤራ ቅቶደስ ገልዳ።
28081800a6	ኡን ቆፕካይዛራ የዝን፥ ዳማ ዙሉንተ Ꮉꬅትላ አፋ ደንድን ጎንግቶ ቆꬎደስ የልዳ። የዝን የሱሳ ገንትዳ።
2808190075	ኤ ታማሩንꬅ ኤጎ ሺቂ ኤዛ ባርክꬂ፥ «ላꬆ፥ ኑ ꬋባነ ኑና አሾያ» ያጋይዳ።
28081a00d3	የሱሳ ኡንታጎ፥ «ይን፥ አማኖ ፋጨዙንꬆ፥ አኮስ ዣሽተተ?» ያጋይዳ። ደንዲ፥ ዙሉንቶን ዡብቶ ስእ ይዝዳ። ኤልስ ኡባ ባዝ ስእ ጋይዳ።
28081b0099	ኤ ታማሩንꬅ ጋማ ቆፒ፥ «Ꮉይ፥ መለ አቶ የዝን፥ ዙሉንተን ዡባን ኪትንትዘ ዋይደ አሶ?» ያጋይዳ።
28081c012f	የሱሳ አባፓ ሰኮ ፍንꬃ የዘ ገርገሶነ ጋዘ ሳአ የልደ ዎደ ቱና አያና አይክደ ላምእ አሱንꬅ ቦዛፓ ኬዚ ኤራ የልንትዳ። ኡን ጋማ ኢታን ዣሽዘ አስ ማቅደ ግሾ አስ ይና በስትራ አꬎደስ ዳንዳኦስ።
28081d009e	ኡንትን፥ «ጾዘ ናአዮ፥ ኔራ ኑና አኮ የልꬅዘ? ዎደ የልካያ የዝን ኑና ፍርዶደስ ይእዳ?» ጋእ ኡክዳ።
28081e0050	ኡንታፓ ጋማ Ꮉክካይዛር ጉዳይለ ዉደ የንግንታነ።
28081f0099	ቱና አያኑንꬅ የሱሳ፥ «ነ ኑና ከሶደ ባዝ ማቅኮ፥ ሰኮ ጉዳይሉንꬅ ዉደ ግዳ ዳኮያ» ያጋእ ዎስዳ።
28082000d8	የሱሳ፥ «ቅቶተ» ያጋይዳ። ቱና አያና አሱንꬃፓ ኬዚ ጉዳይሉንꬃጎ ገልዳ። ጉዳይሉንꬅን ኡባ ጋጋ ዶናራ ዎጺ Ꮉንግ አባ ቆꬍንት Ꮉይቂዳ።
28082100b1	ጉዳይለ ዉደ የንግዙንꬅን ዎጺ ካታማ Ꮉንግ፥ Ꮉንደ ባዝን ቱና አያና አይክደ አሱንꬃላ አፋ ኦችዳኖ ኡባ ኦህዳ።
28082200b3	ዬዝን፥ ካታማ የዘ አሱንꬅ ኡቡንꬅ የሱሳ ቦኦደስ ከዝዳ። ኡን የሱሳ ብእደ ዎደ ፋ ጋድትፓ ኬዚ ቅቶደ ፋና ዎስዳ።
2809010060	ይንፓ ሱባ፥ የሱሳ ጎንግተ ገሊ፥ አባ ፊንግ ፋ ካታማ ቅትዳ።
28090200f4	እዘ ኤራꬅ አሱንꬅ ፈቲ ዎቦ አꬃ አልጋራ ቶኪ የሱሳጎ ክእዳ። የሱሳ ኡን አማንቶ ብእ፥ ዎቦ አꬃ፥ «ታ ናአዮ፥ ዣሽትፐ! ነ ናጋርታ አቶ ጋእንትዳ» ያጋይዳ።
2809030096	ይና ሳተ፥ አይሁደ ህገ አስታማሩንꬃፓ ፈተ ፈተ፥ «Ꮉና ጾዝ ጫዠ ባነ» ያጋእ ፋ ዎዝንተ ቆፕዳ።
280904005d	የሱሳ ኡን ቆፍቶ ኤሪ፥ «ኢታ ባዝ ይን ዎዝንተ አኮስ ቆፐተ?
2809050084	የዝን፥ ‹ነ ናጋርታ አቶ ጋእንትዳ› ጋዛንፓን ‹ደንዲ ኤቂ ቅቶ› ጋዛንፓ አየ ፎለ?
28090600f5	የዝን ሳአላ አፋ ናጋራ አቶ ጋዉደስ አስ ናአስ አደትታ ዎልቃ የዛኖ ታ ይንታና ኤርሶዳ» ያጋእ፥ ዎቦ አꬄጎ፥ «ደንዲ፥ ነ አልግዛ ቶኪ፥ ካራ ቅቶ» ያጋይዳ።
280907002f	ዎቦ አꬄ ደንዲ ፋ ካራ ቅትዳ።
2809080081	ዎርዥታ ይኖ ብእ ጋማ ቆፕዳ። ይኒ ፋና አደትꬅ ዎልቃ አስስ እንግደ ጾዛ ጋላትዳ።
28090900ba	የሱሳ የይጋፓ ደንዲ Ꮉንግተራ ማቶሳ ጋዘ ቃራጠ ጋችዘ በሳ በቲ የዝን ብእ፥ «ታና ካሎ» ያጋይዳ። ኤዝን ደንዲ ካልዳ።
28090a00c5	የሱሳ ማቶሳ ካራ ለማተላ በቲ የዝን፥ ቃራጠ ጋችዘ ጋማ አሱንꬅን ናጋራንቹንꬅ ይእ ኤራን ኤ ታማሩንꬃራ ዎላ ሞኦደስ በትዳ።
28090b00ca	ፈቲ ፈቲ ፋርሳዉንꬅ ይኖ ብእ፥ የሱሳ ታማሩንꬃራ፥ «ይን አስታማርዘ ቃራጠ ጋችዙንꬃራን ናጋራንቹንꬃራ አኮስ መኤ?» ያጋይዳ።
28090c006d	የሱሳ ይኖ ስእ፥ «ጋላ ኮሽዘ Ꮉርግንትዙንꬅስ ፋትን ፋጹንꬅስ ባያ።
28090d014e	የዝን ይን Ꮉንግ፥ ‹ታኒ ይን ዣርሽቶ ባይዝን ይን መሉንꬃና ማሮደ ፋና ኮያነ› ጋእንት ጻፍንትዳና ዋግዛኮ ኤሮተ። አኮስ ጋይኮ፥ ታኒ ናጋራንቹንꬃና ጼጎደስ ይእዳፕ አትን ጽሉንꬃና ጼጎደስ ይእካያ» ያጋይዳ።
28090e00bc	የ ዎደ ዋሐንሳ ታማሩንꬅ የሱሳጎ ሺቅን፥ «ኑንን ፋርሳዉንꬅን ጾማነ፥ የዝን ነ ታማሩንꬅ አኮስ ጾሞሶ?» ያጋእ ኦጭዳ።
28090f00e6	የሱሳ ማህ ኡንታጎ፥ «ሙሹራ ኡንታራ የዝን ጼግንት ይእደ አሱንꬅ አዛኖደስ ዳንዳአነ? ሙሹራ ኡን ካለፓ ኤክንቶደ ዎደ ዮኦዳ፥ ኡን የ ዎደ ጾሞዳ።
28091000b1	«ክሌ ማኦፓ ፌꬍ ጋልአ ማኦላ ስክዘ ኦደን ባያ። ይኒ ፋና የይዝኮ ክልዘ ጋልእዛ ፌꬋነ። ፌዽꬅታን ዎዚ ዳልጋነ።
2809110199	ክሌ ዎይነ ጋልአ ስልጰ ጉጅዘ ኦደን ባያ። ይኒ ፋና የይዝኮ ክሌ ዎይንዘ ጋልአ ስልጵዛ ꬉሳነ ዎይንዘን ላንታነ፤ ስልጵዘን ላምእንꬃ ማዶሰ ባዝ ማቃነ። የዝን ክለ ዎይነ ክሌ ስልጰ ጉጆደስ ቤዛነ። ይኒ ፋና የይዝኮ ላምኡንꬅን ኢትካይዛራ ናግንታነ» ያጋይዳ።
280912011a	የሱሳ ይና ኦህትላ አፋ የዝን፥ አይሁደ Ꮉላቁንꬃፓ ፈታይ ኤጎ ይእ፥ ኤ ቲኖ ቡንቁንቲ፥ «ታ ናእታ Ꮉተ Ꮉይቂዳ፥ የዝን እዛ ፋጾደ ፋና ነ ይእ ነ ኩሽቶ ኢላ አፋ ጋዶዮ» ጋእ ዎስዳ።
280913004e	የሱሳ ደንዲ ኤራ Ꮉንግዳ፤ ኤ ታማሩንꬅን ካልዳ።
28091400a0	ኤ Ꮉንግዝን ታጶ ላምእ በረ ኩሙꬅ ሱꬅ ጎጊ ዋይꬅዘ ፈቲ ማችታ ሱባራ ሺቂ የሱሳ ማእት ማጫርቶ ቦችዳ።
2809150075	እዛ ፋ ዎዝንተ፥ «ታ ኤ ማእት ማጫርቶ ጻላላ ቦችዛኮ ፋጾዳ» ያጋእ ቆፕዳ።
28091600a5	የሱሳ ሱብ ማቂ እዞ ብእ፥ «ታ ናእተ፥ ዣሽትፐ! ነና ነ አማንታ ፋꬅዳ» ያጋይዳ። አስታን ኢራ ፋጺ አትዳ።
2809170075	የሱሳ አይሁደ Ꮉላቅዘ ካራ የልደ ዎደ ዛየ ፉግዙንꬃናን ዬክዙንꬃና ብእ፥
280918009a	«አነ Ꮉልኦተ፤ ኤራꬅ ናእታ ገንትዳፕ አትን Ꮉይቂካያ» ያጋይዳ። የዝን አሱንꬅ ኤላ አፋ ሚጭዳ።
2809190086	አሱንꬃና ባለ ከስዳንፓ ሱባ ኬꬃ ገሊ፥ ናእት ኩሽቶ አይክዳ፥ ናእታን ደንዲ ኤቅዳ።
28091a0035	ይና ኦህታ ይና ሳእቶ ኡባ የልዳ።
28091b00c4	የሱሳ የይጋፓ ደንዲ ጎደ ቲኖ Ꮉንጎደራ ላምእ ቆቁንꬅ ፋ ቃልቶ ꬎቅ ዪዚ፥ «ዳዉተ ናአዮ፥ ኑና ማሮያ» ያጋይትራ ኤዛ ካልዳ።
28091c00f6	የሱሳ ኬꬃ ገልዘ ዎደ ቆቁንꬅ ኤዛ ካሊ የልዳ። የሱሳ ኡንታጎ፥ «ታኒ ይኖ ኦቾደስ ዳንዳእዛኖ ይን አማናነተ?» ያጋይዳ። ኡንትን፥ «ዬ፥ ላꬆ» ያጋእ ማህዳ።
28091d008b	ይንፓ ሱባ፥ የሱሳ ኡን ኣፍቶ ቦቺ ኡንታጎ፥ «ይንትስ፥ ይን አማንቲ ፋና Ꮉኖ» ያጋይዳ።
28091e0086	ኡን አፍታን ቡጉንትዳ። የሱሳ ኡንታጎ፥ «Ꮉኖ ኦደስን ኦህፐተ» ያጋእ ምንꬂ ኦህዳ።
28091f0056	የዝን አሱንꬅ Ꮉንግ የሱሳ ባዝ ይና ሳእተ ኡባ ኦህዳ።
280920007e	ኡን የይጋፓ ከዘ ዎደ አሱንꬅ ቱና አያና አይኪ ሙሙዝደ ፈቲ አስ የሱሳጎ ክእዳ።
28092100bd	ቱና አያና ኬዝደፓ ሱባ ሙመ አꬄ ኦህንትዳ። አሱንꬅን ጋማ ቆፕዳ፥ «ይኒ ፋና ክለ ባዝ እስራኤለ ሳአ Ꮉንካያ» ያጋይዳ።
280922007b	የዝን ፋርሳዉንꬅ፥ «ቱና አያኑንꬅ Ꮉላቃራ ቱና አያኑንꬃና ከሳነ» ያጋይዳ።
28092300d4	የሱሳ አይሁደ ዎሳ ኬꬃ ታማርስተራ፥ ሳሎ ካእቱሞ ዎንገለ ሳባክተራ፥ አሱንꬃና Ꮉርገ ኡባፓ ፋꬅተራ ካታማን ካራ ጋንጨ ኡባነ ዉትዳ።
28092400a5	ጋማ ዎርዥታ፥ የንግዘ አስ ባይዘ ዱሮ ፋና ኡንታና በእዘ አስ ꬋብን ኡን የዛኖ ብእ ኡንትስ ይቅስንትዳ።
2809250071	ፋ ታማሩንꬃጎ፥ «ሺቆደ ካꬅታ ጋማ፥ የዝን ካꬅቶ ሺሽዘ አሱንꬅ ኤራꬅ።
280926006b	ይኒ ግሾ፥ ላꬂ ካꬃ ሺሾደ ኦቻንቹንꬃና ዳኮደ ፋና ዎሶተ» ያጋይዳ።
280a0100bc	የሱሳ ታጶ ላምእ ታማሩንꬃና ፋጎ ጼጊ፥ ቱና አያና ከሶደ ፋናን Ꮉርገ ኡባፓ ፋꬆደ ፋና ኡንትስ አደትꬅ ዎልቃ እንግዳ።
280a0200d2	የሱሳ ኪትደ ታጶ ላምእ ሐዋሩንꬅ ሱንꬅታ፤ ቲንዘ ጴጥሮሳ ጋዘ ስሞና ኤ እሸ እንድርያሰ፥ ዛብድዮሳ ናአ ያይቆባን ኤ እሸ ዋሐንሳን፥
280a03008d	ፍልጶሳን ባርቶሎምዮሳ፥ ቶማሳን ቃራጠ ጋችዘ ማቶሳ፥ እልፍዮሳ ናአ ያይቆባ፥ ታድዮሳ፥
280a04006b	ፋ ጋድትስ ይቅስንትዘ ስሞናን የሱሳ አꬂ እንግደ የስቆሮቱ ይሁዳ።
280a0500b2	ይና ታጶ ላምኡንꬅ የሱሳ ኪቲ ዳክተራ፥ «አይሁደ ማቆሰ ዎርዣጎ Ꮉንግፐተ፥ ማህ ሳማራ አሱንꬅ ካታማን ገልፐተ።
280a06005e	የዝን እስራኤለ ኬꬃፓ ማቅደ ሰካ ꬋብደ ዱሩንꬃጎ Ꮉንጎተ።
280a07004b	እዘ Ꮉንግ፥ ‹ሳሎ ካእቱሞ ኡክዳ› ጋእ ኦሆተ።
280a0800e8	Ꮉርግንትዙንꬃና ፋꬆተ፥ Ꮉይቂዱንꬃና Ꮉይቆፓ ደንꬆተ፥ ቁርሱማ Ꮉርግንትዙንꬃና ጌሽ ፋꬆተ፥ ቱና አያና ከሶተ። ይን Ꮉሪ ኤክዳኖ Ꮉሪ እንጎተ።
280a09004b	ይን ኪስተ ዎርቃ፥ ዎይ ብራ ሳንትመ አይክፐተ።
280a0a0094	ይን ኦገስ ካርጥተ፥ ላምእ ማኦ፥ ዎይ ጫማ ዎይ ጉፈ አይክፐተ፤ ኦችዙንꬅስ Ꮉይኖ ቁማ ቤዛነ።
280a0b00ce	«ይን ፈቲ ካታማ ዎይ ካራ ጋንጨ ገልዘ ዎደ ይንታና ሞኪ ኤኮደስ ኡፋይትዘ አስ ኮይ ኤ ካራ ገሎተ፤ ይን ቅቶደ ዎንꬅስ እዘ ጋምኦተ።
280a0c0034	ማህ ኦደ ካራን ገልተራ ሳርꬆተ።
280a0d00b9	ይና ኬꬅታ ይንታና ሞክኮ ይን ሳርꬅደ ሳርታ ኡንታና የሎ፥ የዝን ኡን ሞካንጽኮ ይን ሳርꬅደ ሳርታ ይንትስ ሱብ ማቆ።
280a0e00c3	ኦደን ይንታና ሞካንጽኮ ይን ኦህዘ ባዝ ስአንጽኮ ይና ኬꬅትፋ ዎይ ይና ካታምትፓ ከዝተራ ይን ቶህተ የዘ ጹርቶ ፍጺ ከዞተ።
280a0f0094	ታ ይንትስ ቱሮ ኦህነ፤ ጾዘ ፍርዳ ቃማ ይና ካታምትፓ ሶዶማስን ጋሞራ ካታምትስ ፍርዳ ኤሮዳ።
280a100092	«ታ ይንታና ዱሮ ፋና ሱዹሙንꬅ ግዳ ዳኮዳ። ይኒ ግሾ፥ ሾሽ ፋና ጭንጫ፥ ዎለ ፋና አዳ ማቆተ።
280a1100c0	አሱንꬅ ይንታና ፍርድዘ ዳይኑንꬅስ አꬂ እንጎዳ፥ ማህ አይሁደ ዎሳ ኬꬃ ይንታና ጋራፎዳ። ይኒ ግሾ፥ ኡንታፓ ናግንቶተ።
280a1200d1	ታ ግሾ ጋእ ይንታና ዎርዥቶ አህዙንꬅ ቲኖ ካቱንꬅ ቲኖ ካንጎዳ። ኡን ቲንተ አይሁደ ማቆሰ ዎርዡንꬅ ቲኖ ኤቂ ይን ታ ባዝ ማርክꬎዳ።
280a1300bc	የዝን ይንታና ፍርዳስ አꬂ እንግዘ ዎደ ዋጋእ ማሆደ ጋእ ኡንእንትፐተ፤ ይና ሳተ ይን ጋዉደ ባዝ ጾዚ ይንትስ እንጎዳ።
280a140073	አኮስ ጋይኮ፥ ይንታና ኦህዘ ይን አዳይ ጌሽ አያናፓ አትን ይንታና ባያ።
280a1500b0	«እሻይ ፋ እሻያ፥ አዳይ ፋ ናአያ፥ Ꮉይቆስ አꬂ እንጎዳ፥ ናኡንꬅ ፋና የልዱንꬃላ አፋ ደንዲ ኡንታና ዎꬍሳዳ።
280a16007d	ታ ግሾ ጋእ አስ ኡቡንꬅ ይንታና እጾዳ፥ የዝን ዉርሱꬅ የሎደስ ሚንግደ አቶዳ።
280a1700e4	ፈቲ ካራ ጋንጨፓ ይንታና ኡን ባይእኮ መለ ካታማ በቶተ። ታኒ ይንትስ ቱሮ ኦህነ፤ አስ ናአይ ዮኦደ ዎንꬅስ፥ ይን እስራኤለ ካታማ ኡባ ካንꬃማ።
280a180056	«ታማሩንꬅ ፋ አስታማርዘፓ፥ አርዘን ፋ ላꬄፓ አꬎስ።
280a1900cf	ታማርዘ ፋ አስታማርዘ፥ አርዘ ፋ ላꬅዘ ፋና ዪኮ ኤስ ማቃዳ። ካርቲ አዳይ ብኤልዘቡላ ጋይኮ ኤ ካራ አሱንꬃና ዋይዝ ዎዚ ኢሲ ጼጎሶ?
280a1a008a	«ይኬ፥ አስስ ዣሽትፐተ። ጌንግደ ባዝ ቆንጮዳ፥ አችንትደ ባዝ ጌሻ ከዝካይዛራ አቶስ።
280a1b008f	ታኒ ይንትስ ꬉማ ኦህዘ ባዝ ይን ፎኦ ኦሆተ፤ ታ ይንትስ Ꮉየ ካልካሽደ ባዝ ዞዘላ አዋጆተ።
280a1c00c1	አሾፕ አትን ሸምፖ ዎꬎደስ ዳንዳኦሱንꬅስ ዣሽትፐተ። የዝን ሸምፕቶን አሽቶን ጋናመ ꬋብሶደስ ዳንዳእዘ ጾዘስ ዣሽቶተ።
280a1d00b1	ላምእ ቡበ ላንዱንꬅ ፈቲ ሳንትመ ባይዝንቶሳነ? ይኦፕ አትን፥ ኡንታፓ ፈታይን ይን ጾዘ ጋይካይዝን ሳአ ዎꬎስ።
280a1e0055	መለ አቶ የዝን፥ ይን ኦማ እስንꬅታን ፋይድንቲ የነ።
280a1f0055	ይኬ፥ ጋማ ቡበ ላንዱንꬃፓ ይን ኣꬍዘ ግሾ ዣሽትፐተ።
280a200076	«አስ ቲኖ ታስ ማርክꬍዘ ኡቡንꬅስ ታንን ሳሎ የዘ ታ አዳይ ቲኖ ማርክꬋዳ።
280a210065	የዝን አስ ቲኖ ታና ካድዛያ ታንን ሳሎ የዘ ታ አዳይ ቲኖ ካዶዳ።
280a22008f	«ታኒ ሳአላ ሎኦ ኮኦደስ ይእዳ ይንትስ አዝፐ። ታኒ ኦላፓ አትን ሳሮትꬅ ኮኦደስ ይእካያ።
280a230088	ታኒ ይእዳና፥ «ናአያ አደፓ ማች ናእቶ እንትፓ ናአይ ማችቶ አዝንዘ እንትፓ ሻኮደስ።
280a240043	አስስ ሞርኩንꬅ ኤ ካራ አሱንꬃና ማቆዳ።»
280a2500d8	«ታፓ አꬂ ፋ አዳያ ዎይ ፋ እንቶ ካዽዘ፥ ታ ባዝ ማቆደስ ቤዞስ። ፋ ꬊራꬅ ናአያ ዎይ ፋ ማች ናእቶ ታፓ አꬂ ካዽዘ፥ ታ ባዝ ማቆደስ ቤዞስ።
280a260057	ፋ ማስቃላ ቶኪ ታና ካሎሰ ኦደን ታ ባዝ ማቆደስ ቤዞስ።
280a27007e	ፋ ሸምፕቶ አሾደስ ኮይዘ ꬋብሶዳ፥ የዝን ፋ ሸምፕቶ ታ ግሾ አꬂ እንግዘ አሾዳ።
280a280065	«ይንታና ሞክዘ ታና ሞካነ፥ ታና ሞክዘ ማህ ታና ኪትዳያ ሞካነ።
280a2900a0	ናበ ናበ ሱንꬅተ ሞክዘ፥ ናበ ፋና ዋጋ ኤኮዳ፤ ማህ ጽልዛ ጽሎ ሱንꬅተ ሞክዘ፥ ጽልዘ ፋና ዋጋ ኤኮዳ።
280a2a00d8	ታ ይንትስ ቱሮ ኦህነ፤ Ꮉንꬅ ታ ታማሩንꬃፓ ኤርዘ ፈታይ ታና ካልዘ ግሾ መለ አቶ የዝን ኤራꬅ ቶያ Ꮉꬅ እንግኮ ኤ ዋግታ ꬋቦስ» ያጋይዳ።
280b0100a6	የሱሳ ታጶ ላምእ ታማሩንꬃና ኪቲ Ꮉስዳንፓ ሱባ እዝፓ ደንዲ ታማርሶደስን ሳባኮደስ ጋልላ ካታማ ቅትዳ።
280b020070	ዋሐንሳ አች ኬꬃ የዛራ ክርስቶሳ ኦችቶ ስእ፥ ፋ ታማሩንꬃፓ ኤጎ ኪቲ፥
280b030059	«ዮኦዳ ጋእንትደ ነናነ? ዎይ ኑ መለ ካፎደ?» ጋእ ኦጭዳ።
280b04007b	የሱሳ ኡንታጎ ማህ፥ «Ꮉንግ ይን ስእደ ባዝን ይን ብእደባዝ ዋሐንሳስ ኦሆተ።
280b0500e3	ቆቁንꬅ በእነ፥ ዎቡንꬅ የꬋነ፥ ቁርሱማ Ꮉርግንትዙንꬅ ጌዣነ፥ ቱሉንꬅ ስእነ፥ Ꮉይቂዱንꬅ Ꮉይቆፓ ደንዳነ፤ ዳሁንꬅስ ዎንገለ ሳባክንታነ።
280b06003e	ታራ ꬉቡንቶሰ አንጅንትዳያ» ያጋይዳ።
280b0700fd	ዋሐንሳ ታማሩንꬅ ሱብ ማቂ Ꮉንግን፥ የሱሳ ዎርዡንꬅስ ዋሐንሳ ባዝ ኦህተራ፥ «Ꮉና አኮ ባይዘ ጋናሳ አኮ በአደስ ይእዳተ? ባቆ ኤንእዘ ሾምቦቆ በአደስ ይእዳተ?
280b0800a3	ዬዝን፥ አኮ በአደስ ይእዳተ? ቦንቾ ማኦ ማእደ አሱንꬃና በአደስነ? ቦንቾ ማኦ ማእዱንꬅ ካት ካራ የነ።
280b09007b	ዬዝን፥ አኮ በአደስ ኬዝዶተ? ናበ በአደስነ? ዬ፥ ይን ናበፓን አꬍዛያ በእነ።
280b0a007f	«ነ ኦግቶ ነ ቲንተ ጊግዘ ታ ኪታንችዛ ኔፓ ቲኖ ኪቶዳ» ጋእንት ጻፍንትዳና ኤስ።
280b0b00e5	ታ ይንትስ ቱሮ ኦህነ፤ ማችፓ የልንትዱንꬅ ግዳፓ ጻማቅዘ ዋሐንሳፓ ኣꬍዛ ኦንን ደንድካያ፤ የዝን ሳሎ ካእቱሞ ኡቡንꬃፓ ኤርዘ ኤ፥ ኤፓ አꬎዳ።
280b0c00a5	ጻማቅዘ ዋሐንሳ ዎደፓ ደንꬂ Ꮉይኖ የሎደስ ሳሎ ካእቱሞ ጋማ ኡርቂንታነ፥ ሚንግ ቡቱንትዙንꬅ ደንጎዳ።
280b0d0051	ናቡንꬅ ኡቡንꬅ ህገን ዋሐንሳ ባዝ ትንቢተ ኦህዳ።
280b0e007c	ይኬ፥ ይን ኡን ኪቶ አማኖደባዝ ማቅኮ፥ ዮኦዳ ጋእንትደ ኤልያሳ፥ ኤ ዋሐንሳ።
280b0f002b	ይኬ፥ ስእዘ Ꮉየ የዘ ስኦ።
280b100068	«ይኬ፥ ታኒ Ꮉና ዎደ የለቶ አኮራ አዝሳደ? ጋበ ግዳ በቲ ዎል ጼጊ፥
280b11009f	«‹ኑ ይንትስ ሱሉንቀ ፉግን፤ ይን የጽካያ። ኑ ናሺ ጋይርን፤ ይን ዬክካያ› ያጋዘ ናኡንꬃና አዛነ።
280b12007d	ጻማቅዘ ዋሐንሳ ሙእካይዛራን ኡዥካይዛራ ይእን፥ ‹ቱና አያና የነ› ያጋይዳ።
280b130108	አስ ናአይ ሙእተራን ኡዥተራ ይእን፥ ‹ዥምባራን ኡሽ አስ፥ ቃራጠ ጋችዙንꬅስን ናጋራንቹንꬅ እግና› ያጋይዳ። ይኬ፥ ጭንጫትꬅን ቱረትꬅ ኤ ኦችተ ቆንጫነ» ያጋይዳ።
280b1400bd	ይንፓ ሱባ፥ የሱሳ ጋማ ክሌ ባዝ ኦችደ ካታሙንꬅ ግዳ የዘ አሱንꬅ ፋ ናጋርትፓ ማቂ ማሮትꬅ ገላንጽ እጽደ ግሾ ኡንታና፥
280b150149	«ባደ ክኦራዚነ ካታምተ፥ ባደ ቤተሳይዳ ካታምተ፥ አኮስ ጋይኮ፥ ይን ግዳ ኦችንትደ ክሌ ባዝ ጢሮሳ ግዳን ስዶና ግዳ ኦችንትደባዝ ማቅዛኮ፥ ኡን ዛጋ ቡዶ ትዥንት፥ ካዮ አፉላ ማእ ፋ ናጋርትፓ ማቂ አቶድ የሻ።
280b160083	የዝን ታ ይንትስ ኦህነ፤ ፍርዳ ቃማ ይንታፓ አꬂ ጢሮሳስን ስዶናስ ፍርድታ ኤሮዳ።
280b17011d	ማህ፥ ቅፍርናሆመ፥ ኔኒ ኡደ ሳሎ ከዞደስ ኮያነ? Ꮉኖስ! ነ ስኦለ ኦልንቶዳ። አኮስ ጋይኮ፥ ነ ግዳ ኦችንትደ ክሌ ባዝ ሶዶማ ኦችንትደባዝ ማቅዛኮ፥ ሶዶማ Ꮉይኖ የሎደስ የሳድ የሻ።
280b180066	የዝን ታ ኔስ ኦህነ፤ ፍርዳ ቃማ ኔፓ አꬂ ሶዶማስ ፍርዳ ኤሮዳ»።
280b1900b4	የ ዎደ የሱሳ፥ «አዳዮ፥ ሳሎ ሳአ ላꬆ፥ ነ Ꮉኖ ኤሩንꬃፓን ጭንጩንꬃፓ አቺ ናኡንꬅስ ቆንጭዝደ ግሾ ነና ጋላታነ።
280b1a0047	ዬ፥ ታ አዳዮ፥ Ꮉና ነ ሎኦ ቆፍት ፋና Ꮉንዳ።
280b1b00d7	«ኡባና ታስ ታ አደፓ እንግንትዳ። አዳይፓ መለ ናአያ ኤርዘ ባያ፥ ናአይፓን ኤ ቆንጮደስ ኮየዙንꬃፓ መለ አዳያ ኤሮደስ ዳንዳእዘ ባያ።
280b1c007e	«ይን፥ ላቢዱንꬆ፥ ቶፎ ዴጽደ ኡቡንꬅ ታጎ Ꮉንካ ዮኦተ፤ ታ ይንታና ሸምፕሳዳ።
280b1d00af	ታኒ ታ ዎዝንተ ዳልጋን አዳ ማቅደ ግሾ ታ ቃምባርቶ ቶኮተ፥ ታፓ ታማሮተ፤ ይን፥ ይን ሸምፕትስ ሸምፖ ደንጎዳ።
280b1e004e	ታ ቃምባርታ ስላ፥ ማህ ታ ቶፍታን ፎሎ» ያጋይዳ።
280c01009f	የ ዎደ፥ ሳምባታ ቃማ፥ የሱሳ ጋደ ግዳራ ኣꬍዳ። የሱሳ ታማሩንꬅ ናይꬍደ ግሾ ትዣ ባንጋ ሽጭ ꬋአነ።
280c0200ab	የዝን ፋርሳዉንꬅ ይኖ ብእ የሱሳጎ፥ «Ꮉይቼ፥ ነ ታማሩንꬅ ሳምባታ ቃማ ኦቾደስ ቤዞሰ ባዝ ኦቻነ» ያጋይዳ።
280c03007c	የሱሳ ኡንታጎ ማህ፥ «ዳዉተ ናይꬍደ ዎደ ኤራ የዙንꬃራ አኮ ኦቼዛኮ ናባብካተ?
280c04008b	ዳዉተ ጾዘ ኬꬃ ገሊ ካህኑንꬅ ጻላላፕ አትን ኤስን ኤራ የዙንꬅስ ቤዞሰ ጌሽ ዳቦ ሙእዳ።
280c0500a7	ዎይ ካህኑንꬅ ሳምባታ ዎጋ ሻሪ ጾዘ ኬꬃ ሳምባታ ቃማ ኦቻ ኦችኮ ኡንትስ ባላ ባይዛኖ ሙሴ ህገፓ ናባብካተ?
280c060044	የዝን ታ ኦህነ! ጾዘ ኬꬃፓ ኣꬍዘ Ꮉነ የነ።
280c0700c6	‹ታኒ ይን ዣርሽቶ ባይዝን ይን መሉንꬃና ማሮደ ፋና ኮይዳ› ጋዘ ቃልታ ዋግዛኮ ይን ኤረዛኮ ጌሽ አሱንꬃላ አፋ ፍርዳማ የሻ።
280c080036	አስ ናአይ ሳምባታ ላꬂ» ያጋይዳ።
280c090045	የሱሳ የይጋፓ ኬዚ አይሁደ ዎሳ ኬꬃ ገልዳ።
280c0a00be	እዘ ኩሸ ዎቦ ፈቲ አስ የነ። የሱሳ ሞቶደስ ምክናተ ኮይዘ አሱንꬅ፥ «ሳምባታ ቃማ ፋꬆደስ ቤዛነነ ቤዞሶ?» ያጋእ ኦጭዳ።
280c0b007b	ኤ ኡንታጎ፥ «ይን ግዳፓ ፈታይስ ዱሮ ሳምባታ ቃማ ጋጋ ቅትኮ፥ ጎቺ ከሶሰ ኦደ?
280c0c0093	ዬዝን አስ ዱሮፓ ዋይዝ ጋማ አꬎሶ? ይኒ ግሾ፥ ሳምባታ ቃማ ኡባ ሎኦ ባዝ ኦቸ ቤዛነ» ያጋይዳ።
280c0d00aa	ይንፓ ሱባ፥ የሱሳ አꬄጎ፥ «ነ ኩሽቶ ሉልዞ ያጋእን፥» አꬄ ሉልዝዳ። ኤ ኩሽዘ ፋጺ Ꮉንካይ ኩሸ ፋና ይእዳ።
280c0e0075	የዝን ፋርሳዉንꬅ የይጋፓ ባለ ኬዚ፥ የሱሳ ዋይዝ ዎꬎድ የዛኮ ዞርንትዳ።
280c0f00b0	የሱሳ ኡን ቆፍቶ ኤሪ ይና በስቶ አሺ መለ በሳ ቅትዳ። ጋማ አሱንꬅ ኤዛ ካሊ ቅትዳ፥ Ꮉርጋንቹንꬃና ኡባ ፋꬅዳ።
280c10005d	የሱሳ፥ «ታ ባዝ መለ ኦደስን ኦህፐተ» ያጋእ ምንꬂ ኦህዳ።
280c110023	ይናን ናብዘ ኢሳያሳ፥
280c1200cc	«Ꮉይቼ ታ ዶርደ አርዘ፥ ታ ካዽዘ፥ ታና ኡፋይስዘ፥ ታኒ ታ አያና፥ ኤላ አፋ ጋዶዳ፤ ኤ፥ አይሁደ ማቆሰ ዎርዥትስ ፍርዳ አዋጆዳ።
280c130054	ኤ ላሎስ ዎይ ኡኮስ፤ ኤ ቃልቶን ኦገ ጨር ስእዘ ባያ።
280c14008b	ፍርዳ ጋሚ ደንዶደ ዎንꬅስ፥ ዶንጭንትደ ሾምቦቆ መንꬆስ፥ ጩግዘ ሾምቦቆ ፋና ꬋብሶስ።
280c150067	ዎርዣ ኡባ ኤላ ኡፋይስ ጋዶዳ» ያጋእ ጻፍንትዳና ፎልንቶደ ፋና።
280c1600bc	ይንፓ ሱባ፥ ቱና አያናራ አይክንትደ ቆቀን ዶና ሙመ አስ የዛያ ኤጎ ክእዳ። የሱሳ አꬃ ፋꬅን፥ አꬄ በእነን ኦህንታነ።
280c17006b	አሱንꬅ ኡቡንꬅ ጋማ ቆፒ፥ «Ꮉይ ዳዉተ ናአ ማቃዳ የሳነ?» ያጋይዳ።
280c1800b4	የዝን ፋርሳዉንꬅ ይኖ ስእ፥ «Ꮉይ አꬄ ቱና አያኑንꬃና ኬስዘ ቱና አያኑንꬅ Ꮉላቃ ብኤልዘቡላ ዎልቃራ» ያጋይዳ።
280c1900c2	የሱሳ ኡን ቆፍቶ ኤሪ፥ «ዎል ግዳ ሻክንትዘ ካእቱሞ ኡባ ጎልኦዳ፤ ማህ ዎል ግዳ ሻክንትዘ ካታምታ ዎይ ኬꬅታ ሚንግ ኤቆስ።
280c1a00c3	ጻላሄ ጻላሄ ኬስዘባዝ ማቅኮ ፋ ግዳ ሻክንታነ ጋእንተ። ይኒ ፋና Ꮉንዘባዝ ማቅኮ ኤ ካእቱምታ ዋይዝ ሚንግ ኤቆደስ ዳንዳኤ?
280c1b00e0	ታኒ ቱና አያና ኬስዘ ብኤልዘቡላ ዎልቃራ ማቅኮ ይንታና ካልዘ አሱንꬅ ኦደ ዎልቃራ ከሶደ? ይኒ ግሾ፥ ይንታና ካልዘ አሱንꬅ ይንታና ፍርዶዳ።
280c1c007a	የዝን ታኒ ቱና አያና ኬስዘ ጾዝ አያናራ ማቅኮ፥ ጾዘ ካእቱሞ ይንታጎ ይእዳ።
280c1d00f2	«ዎይ ፈቲ አስ ዎልቃራ የዘ አꬄ ካራ ገሊ ኤ ቆልቶ ቦንቆደስ ኮይኮ ቲኒ የ አꬃ አጫንጽኮ ዋይዝ ቦንቆደስ ዳንዳኦደ? የይዝኮ ኤ ቆልቶ ቦንቆደስ ዳንዳአነ።
280c1e0066	«ታራ ማቆሰ ኦደን ታና እጻነ፤ ማህ ታራ ፈትላ ሺሾሰ ኡባ ላላነ።
280c1f00d4	ይኒ ግሾ፥ ኦህነ፤ አሱንꬅ ኦችዘ አኮ ናጋራን ጫሽ ቃላ ኡባ አቶ ጋእንቶዳ፥ የዝን ጌሽ አያና ጫዥዘ ኦደስን ኤ ናጋርታ አቶ ጋእንታማ።
280c200104	ኦደን አስ ናአላ አፋ ኢታ ባዝ ኦህኮ ኤስ አቶ ጋእንቶዳ፥ የዝን ጌሽ አያናላ አፋ ኢታ ባዝ ኦህዘ ኦደስን Ꮉነ ሳእተ ማቅኮን ዮኦደ አላምተ ኤ ናጋርታ አቶ ጋእንታማ።
280c21008e	«ሎኦ ምንጻ ሎኦ ኣፈ አፋነ፤ ማህ ኢታ ምንጻ ኢታ አፋነ። ይኬ፥ ምንጻ ኤርንትዘ ፋ ኣፍተ።
280c2200a7	ይን፥ ሾሽ ናኡንꬆ፥ ይን ኢታ ማቅተራ ዋይዝ ሎኦ ባዝ ኦቾደስ ዳንዳኤ? አስ ፋ ዎዝና ኩምዳኖ ዶናራ ኦህነ።
280c23007c	ሎኦ አስ ፋ ዎዝንትፓ፥ ሎኦ ባዝ ከሳነ፤ ኢታ አስ ፋ ዎዝናፓ፥ ኢታ ባዝ ከሳነ።
280c240073	የዝን ስኦተ፥ አሱንꬅ ኦህንትዘ ጨር ኦሄ ኡባስ ፍርዳ ቃማ ማሄ እንጎዳ።
280c250088	አኮስ ጋይኮ፥ ነ ኦህዘ ነ ቃልተ ጽሎዳ፤ ነ ኦህዘ ነ ቃልተ ኔላ አፋ ፍርዶዳ» ያጋይዳ።
280c2600bd	ይንፓ ሱባ፥ ፈቲ ፈቲ ፋርሳዉንꬅን ህገ አስታማሩንꬅ የሱሳጎ፥ «አስታማርዛዮ፥ ኔፓ ክሌ ባዝ በአደስ ኮያነ» ያጋይዳ።
280c2700cb	የዝን የሱሳ ማህ፥ «አማንንቶሰን ኢታ የለቱንꬅ ክሌ ባዝ ኮያነ። የዝን ናበ ዮናሳ ክለ ባዛፓ መለ ክሌ ባዝ ኡንትስ እንግንቶስ።
280c2800aa	ዮናሳ ሞሎ ሳዛ Ꮉይꬕ አዋራን Ꮉይꬕ ቃማ ጋምእዳን ፋና አስ ናአ Ꮉይꬕ አዋራን Ꮉይꬕ ቃማ ሳአ ጋꬃ ጋምኦዳ።
280c290105	ነነዌ አሱንꬅ ፍርዳ ቃማ ደንዲ Ꮉና የለቱንꬃራ ዎላ ኡንታላ አፋ ፍርዶዳ፤ አኮስ ጋይኮ፥ ኡን ዮናሳ ስብከቶ ስእ ፋ ናጋርትፓ ማቅዳ። ይኬ፥ ዮናሳፓ ኣꬍዘ Ꮉነ የነ።
280c2a0111	ፍርዳ ቃማ ዬካ ካትታ ደንዲ Ꮉና የለቱንꬃራ ዎላ ኡንታላ አፋ ፍርዶዳ፤ አኮስ ጋይኮ፥ እዛ ሶሎሞነ ጭንጫትꬅቶ ስኦደስ ሳአ ጋጻፓ ይእዳ። Ꮉይቼ፥ ሶሎሞናፓ ኣꬍዘ Ꮉነ የነ።
280c2b00ac	«ቱና አያና አꬄፓ ኬዝደፓ ሱባ ፋስ ሸምፕዘ በሲ ኮይ Ꮉꬅ ባይዘ በሳ Ꮉንታነ፥ የዝን ፋ ኮይዘ ሸምፖ ደንጎስ።
280c2c00bc	የዝን፥ ‹ታ አሺ ከዝደ ኬꬅተ ማቂ Ꮉንጎዳ› ያጋነ። ኤ ማቅዘ ዎደ ኬꬅታ ካይስ ማቅዳኖን ፍጽንቲ ሎእ በትዳኖ ደንጋነ።
280c2d011d	ይኬ፥ ማቂ Ꮉንግ፥ ፋፓ ኢታ መለ ላፑን ኢታ አያኑንꬃና ኤኪ የእነ፤ ኡንትን እዘ ገሊ የዛነ። የ አꬄስ ቲኖስትፓ ሱባና ጋማ ኢታነ። የ ኢታ የለቱንꬃላ አፋ ይኒ ፋና ይአዳ» ያጋይዳ።
280c2e0088	የሱሳ ዎርዥትስ ኦሄላ አፋ የዝን ኤ እንታን ኤ እሹንꬅ ኤዛ ኦህሳደስ ኮይ ባለ ኤቅዳ።
280c2f007f	ፈቲ አስ ኤጎ፥ «ነ እንታን ነ እሹንꬅን ነና ኦህሳደስ ኮይ ባለ ኤቅዳ» ያጋይዳ።
280c300059	የሱሳ ማህ፥ «ታ እንታ ኦደ? ታ እሹንꬅን ኦደ?» ያጋይዳ።
280c310078	ፋ ኩሽትራ ታማሩንꬃና ማልተራ፥ «ቦኦተ፥ ታ እንታን ታ እሹንꬅን Ꮉን ሳና።
280c320081	ሳሎ የዘ ታ አዳይ ቆፍቶ ኦችዘ ኡቡንꬅ ታስ እሸ፥ ታስ ምሾን ታስ እንዶ» ያጋይዳ።
280d010040	የ ዎደ የሱሳ ካራፓ ኬዚ አባ ጋጻ በትዳ።
280d0200a1	ጋማ አሱንꬅ ኤ ካለ ሺቅን አሱንꬃና አባ ጋጻ አሺ አሺ ጎንገ ገሊ በትዳ አሱንꬅን ኡባ አባ ጋጻ ኤቅዳ።
280d030080	አሱንꬅስ ጋማ ባዝ አዝዘራ ያጋእ ኦህዳ: «ፈቲ ቡዱꬅ ቡድዘ ቡዱꬅ ቡዶደስ ከዝዳ።
280d040085	ኤ ቡድዘ ዎደ ፈቲ ፈቲ ቡዱꬅታ ኦገ ጋጻላ ዎꬍዳ፤ ኡንታና ላንዱንꬅ ይእ ማጺ ሙይዳ።
280d05007c	ፈቲ ፈቲ ቡዱꬅታ ኦሞራ ላላ የዘ ሳአ ዎꬍዳ። ጋማ ሳአ ባይዘ ግሾ ኤልሲ ዶልዳ።
280d06004c	የዝን አዋ ከዝን ሹልዳ፤ ጻጶ ባይዘ ግሾ መልዳ።
280d070070	ፈቲ ፈቲ ቡዱꬅታ አንጋꬅ ግዳ ዎꬍዳ፤ አንጋꬅታ ድጪ ይና ዶልቶ ጩልዳ።
280d0800ae	መሉንꬅ ማህ አራዳ ሳአላ ዎꬍዳ፤ ዶሊ ኣፈ ኣፍዳ። ፈታይ ጼት፥ ፈታይ እዝፑንታም፥ ፈታይ ማህ Ꮉስታም ኣፍዳ።
280d090030	ስእዘ Ꮉየ የዘ ስኦ» ያጋይዳ።
280d0a0078	የሱሳ ታማሩንꬅ ኤጎ ሺቂ፥ «አኮስ ነ ዎርዥትስ አዝዘራ ኦሄ?» ያጋእ ኦጭዳ።
280d0b0089	ኤ ማህ፥ ይንትስ ሳሎ ካእቱሞ ጋꬅ ቆፋ ኤራ እንግንትዳ፥ የዝን ኡንትስ እንግንትካያ።
280d0c0093	የዘ ኡቡንꬅስ ጉጁንቶዳ፥ ኤስ ጋማዳ፥ የዝን ባይዘፓ መለ አቶ የዝን ኤስ የዛይን ኤክንቶዳ።
280d0d00a2	ይኒ ግሾ፥ ታኒ ኡን፥ ብእተራ ደንጋመ ፋና፥ ስእተራ ስአመ ፋና ዎይ ቆፓመ ፋና ኡንትስ አዝዘራ ኦህነ።
280d0e00c4	ኢሳያሳ ፋ ማጻፍተ ኦህዳና ኡንታላ አፋ ፎልንትዳ። ኤ ኦህተራ፥ «ይን ስስ ስእነ፥ የዝን ቆፖስ፤ ይን በእነ፥ የዝን ቦኦስ።
280d0f014c	አኮስ ጋይኮ፥ Ꮉንꬅ አሱንꬅ ዎዝንታ ሙምዳ፤ ፋ Ꮉይቶ ዶዥዝዳ፥ ፋ ኣፍቶ ጎዝዳ። ይንፓ ደንዲ ፋ ኣፍትራ ቦኦስ፥ ፋ Ꮉይትራን ስኦስ፥ ፋ ዎዝንተን ቲሮስ፥ ታጎ ማቃደስ ዳንዳኦስ፥ ታንን ኡንታና ፋꬆስ ያጋይዳ።
280d100071	«የዝን ይን ኣፍታ በእዘ ግሾን ይን Ꮉይታ ስእዘ ግሾ አንጅንትዱንꬃና።
280d1100c8	ታ ይንትስ ቱሮ ኦህነ፤ ጋማ ናቡንꬅን ጽሎ አሱንꬅ ይን በእዛኖ በአደስ ይን ስእዛኖ ስኦደስ አሙꬍዳ፥ የዝን ኡንትስ Ꮉንካያ።
280d12004a	«ይኬ፥ Ꮉይ ቡዱꬅቶ ቡድዘ አꬄ አዝዝቶ ስኦተ።
280d1300c8	ኦገ ጋጻ ዎꬍደ ቡዱꬅት አዝዝታ Ꮉኖ፤ ሳሎ ካእቱሞ ቃላ ስእ ቲሮሰ አꬄ ዎዝንትፓ ጻላሄ ይእ ኤ ዎዝንተ የዘ ቡዱꬅቶ ማጺ Ꮉሳነ።
280d140069	ላላ ኦሞ የዘ ሳአላ ቡድንትደ ቃላ ስእ ኤልሲ ኡፋይት ኤክዙንꬃና።
280d150098	የዝን ጻጶ ዳኮደስ ዳንዳኦሰ ግሾ ጋምኦስ። ቃላ ግሾ ማꬋ ዎይ ባይꬅ የእዘ ዎደ ኤልሲ ꬉብንታነ።
280d1600bc	አንጋꬅ ግዳ ቡድንትደ ቃላ ስእነ፥ የዝን Ꮉና አላመ የስ ይርጋፓን ዱርቱሞ ቆፋፓ ቃልቶ ጩልደ ግሾ ኣፈ አፋንጺ አትዳ።
280d1700df	የዝን አራዳ ሳአ ቡዱንንትደ ቡዱ ቆፋራ ቃልቶ ስእዘ አስ። ኤ ኣፈ አፋነ፤ ፈታይ ጼት፥ ፈታይ እዝፑንታም ፈታይ ማህ Ꮉስታም አፋነ» ያጋይዳ።
280d180087	የሱሳ ኡንትስ መለ አዝዘ ኦህዳ፥ «ጾዘ ካእቱሞ ፋ ጋድተ ሎኦ ቡዱꬅ ቡድደ አꬃ አዛነ።
280d19006e	የዝን አስ ኡባ ገንትን ኤ ሞርክዘ ይእ ዛርግት ግዳ ዛርዶ ቡድ ቅትዳ።
280d1a004b	ዛርግታ ድጪ አፎደራ ዛርድዘን የ ዎደ በንትዳ።
280d1b00b0	«ጋድቲ አዳይ አሩንꬂ አደጎ Ꮉንግ፥ ‹ላꬆ፥ ነ ጋድተ ነ ሎኦ ቡዱꬅ ቡድካ? ዬዝን፥ ዛርዶ አናፓ ይእዶ? ያጋይዳ።
280d1c00af	«ኤ ኡንታጎ፥ ‹ይኖ ሞርከ ኦችዳ› ያጋይዳ። «አሩንꬂ ላꬄጎ፥ ‹ኑ Ꮉንግ ዛርድቶ ሾዶደ ጋር ኮያነ?› ያጋይዳ።
280d1d0074	«የዝን ኤ፥ ‹አቶ ቦችፐ፤ ይን ዛርድቶ ሾዳነ ጋዉደራ ዛርግታ ሾድንቶዳ።
280d1e010a	ቦችፐተ፤ ማጽዘ ዎደ የሎደስ ዎላ ድጮ። የ ዎደ ማጽዙንꬅ ዛርድቶ ቲኒ ሾዲ ታማር ኤꬆደስ ምርቀራ ምርቀራ ጋዶተ። የዝን ዛርግቶ ሺሺ ታ ፋችተ ገልꬆተ› ጋውዳ» ያጋይዳ።
280d1f0092	ማህ መለ አዝዘ ያጋእ ኦህዳ፤ «ሳሎ ካእቱሞ ፈቲ አስ ፋ ጋድተ ቡድደ ኤራꬅ ምንጻ ኣፈ አዛነ።
280d2000f8	ይና ኣፍታ መለ ምንጻ ኣፈ ኡባፓ ኤራꬅ፥ የዝን ዶልታ ድጪ መለ ምንጻ ኡባፓ አꬊ ዳማነ። እ ዣንግትላ ላንዱንꬅ ኬጺ በቶደ ዎንꬅስ ዳማ ምንጻ ማቃነ» ያጋይዳ።
280d2100e5	ማህን፥ የሱሳ መለ አዝዘ ኦህዳ፤ «ሳሎ ካእቱሞ ፈቲ ማችታ Ꮉይꬕ ጋባተ ꬊላ ኤኪ ሙኑቅደ፥ ሙኑቅታ ደንዶደ ፋና እዘ ጉጅደ እርሾ አዛነ» ያጋይዳ።
280d220079	የሱሳ ዎርዥትስ ይና አዝዝቶ ኡባ ኦህዳ። አዝዘ ባይዝን ፈቲ ባዝን ኦህካያ።
280d2300cb	ናብዘ ፋ ማጻፍተ፥ «ታኒ ታ ዶና፥ አዝዘራ ቡጋነ፤ ሳሎን ሳአን መꬍንትዳንፓ፥ አችንትዳኖ ኦህነ» ያጋእ ኦህዳና Ꮉነ ፎልንትዳ።
280d2400a0	የሱሳ ዎርዥቶ ሞይዚ ኬꬃ ገልዳ። ኤ ታማሩንꬅ ኤጎ ሺቂ፥ «ጋደ የዘ ዛርዶ ብልꬅቶ ኑስ ኦሆ» ያጋይዳ።
280d25003e	ኤ ማህ፥ «ሎኦ ቡዱꬅቶ ቡድደ አስ ናአ።
280d260085	ጋድታ Ꮉና አላምቶ። ሎኦ ቡዱꬅታ ሳሎ ካእቱሞ ናኡንꬃና። ዛርድዘ ጻላሄ ናኡንꬃና።
280d270087	ዛርድዛ ቡድደ ሞርከ ጻላሄ። ማጽዘ ዎድታ፥ ዎደ ዉርሱꬅተ። ማጽዙንꬅ ኪታንቹንꬃና።
280d28005f	«ዛርዶ ማጺ ታማ ኤꬅዛን ጋር ዎደ ዉርሱꬅተ ይኒ ጋር ማቃዳ።
280d2900ae	አስ ናአይ ፋ ኪታንቹንꬃና ኪቶዳ። ኡን ናጋራስ ምክናተ ማቅዱንꬃና ኢታ ኦችዘ ኡባ ማጺ ኤ ካእቱምትፓ ከሶዳ።
280d2a0045	ዬፎን አች ጋርጭንገ ኣꬊ ኤጽዘ ታማ ኦሎዳ።
280d2b0070	የ ዎደ ጌሹንꬅ ፋ አዳይ ካእቱምተ አዋ ጋር ፎኦዳ። ስእዘ Ꮉየ የዘ ስኦ!
280d2c00e6	«ሳሎ ካእቱሞ ጋደ ሞጉንትደ ሚሸ ፋና። ፈቲ አስ ይና ሚሽቶ ደንግ ማህ ሞግዳ። ጋማ ኡፋይት Ꮉንግ ፋስ የዘ ባዝ ኡባ ባይዝ ይና ኦቻ ጋድቶ ዎንግዳ።
280d2d0076	«ይኒ ጋራ፥ ማህ ሳሎ ካእቱሞ እንቆ ጋዘ አልኦ ሹች ኮይዘ ዛልአንቾ አዛነ።
280d2e006e	ጋማ አልኦ እንቅዛ ደንግ Ꮉንግ ፋስ የዘ ባዝ ኡባ ባይዝ ኤዛ ዎንግዳ።
280d2f0069	«ማህ ሳሎ ካእቱሞ አባ ኦልንትደ ዱማ ዱማ ሞሎ አይክዘ ግተ አዛነ።
280d3000b8	ሞሎ አይክዘ አሱንꬅ ሞሎ ግትተ ኩምን አባፓ ጋጻ ከስዳ። እዘ በቲ ሎእቶ ቁሪ ቁሪ ዳቾ ኦልዳ፥ የዝን ኢቶ አላ ኦልዳ።
280d31007e	ዎደ ዉርሱꬅተ ይኒ ፋና Ꮉኖዳ። ኪታንቹንꬅ ይእ ናጋራንቹንꬃና ጽሉንሳፓ ሻኪ፥
280d320045	ዬፎ አች ጋርጭንገን አꬊ ኤጽዘ ታማ ኦሎዳ።
280d330079	«Ꮉና ኡባና ይንትስ ገልዳ?» ያጋእ ኡንታና ኦጭዳ። ኡን ማህ፥ «ዬ» ያጋይዳ።
280d3400b0	የሱሳ፥ «ይኬ፥ ሳሎ ካእቱሞ ካልዘን ህገ ታማረ ኡባ፥ ፋ ምንጅደ ቆሎፓ ክለን ጋልአ ኬስዘ አስ አዛነ» ያጋይዳ።
280d35005f	የሱሳ ይና አዝዝቶ ኦህ Ꮉስዳንፓ ሱባ የይጋፓ ደንዲ ቅትዳ።
280d3600de	ፋ የልንትደ ሳአ Ꮉንግ አይሁደ ዎሳ ኬꬃ ዎርዥቶ ታማርስዳ። ኡን ጋማ ቆፒ፥ «Ꮉይ አꬄ Ꮉና ጭንጫትꬅቶን ዎልቃ ኩምደ ክለ ባዝቶ አናፓ ኤክዶ?
280d37009f	Ꮉይ አናጽዘ ናአ ባነ? ኤ እንቲ ሱንꬅታ ማይራሞ ባነ? ኤ እሹንꬅ ያይቆባ፥ ዮሰፋ፥ ስሞናን ይሁዳ ባነ?
280d380082	ኤ ምሹንꬅ ኑራ የዙንꬃና ባነ? ዬዝን፥ Ꮉይ አꬄ Ꮉኖ ኡባኖ አናፓ ኤክዶ?» ያጋይዳ።
280d3900c1	ይኒ ግሾ፥ ኤ ጋዘ ባዝቶ ኤካንጽ እጽዳ። የዝን የሱሳ፥ «ናበ ፋ የልንትደ ሳአን ፋ ካራ አሱንꬅ ካለ ቦንችንቶስ» ያጋይዳ።
280d3a0056	ኡን አማናንጽደ ግሾ ጋማ ክሌ ባዝ ይና በስተ ኦችካያ።
280e01003f	የ ዎደ አህዘ ሄሮድሳ የሱሳ ባዝ ስእዳ።
280e0200a7	ፋ አሩንꬃጎ፥ «ይኬ ጻማቅዘ ዋሐንሳ፤ ኤ Ꮉይቆፓ ደንድዳ። ይኒ ግሾ Ꮉኖ ኡባ ክለ ባዝቶ ኤ ኦቻነ» ጋይዳ።
280e030098	ኤ ይኖ ጋይዳና ሄሮድሳ ፋ እሸ ፍልጶሳ ማችት ሄሮድያዳ ምክናተራ ዋሐንሳ አች ኬꬃ ገልꬅደ ግሾ።
280e040055	ዋሐንሳ ሄሮድሳጎ፥ «ነ እዞ ኤኮደስ ቤዞስ» ያጋይዳ።
280e050086	ሄሮድሳ ዋሐንሳ ዎꬎደስ ኮይዳ፥ የዝን ዎርዥታ ዋሐንሳ ናበ ማህ በእዘ ግሾ ዣሽትዳ።
280e06009a	ሄሮድሳ ፋ የልንትደ ቃምቶ ቦንችዘ ዎደ ሄሮድያዳ ናእታ አሱንꬅ ቲኖ የጽተራ ዶሊ ኤዛ ኡፋይስዳ።
280e070057	ዬዝን፥ ኤ፥ «እዛ ኮይዘ ባዝ ኡባ እንጎዳ ጋእ» ጫቅዳ።
280e080092	ናእታ ፋ እንቲ ዞረ ስእ ሄሮድሳጎ፥ «ጻማቅዘ ዋሐንሳ ኦምቶ ጋባተ ጋዲ ታስ እንጎ» ያጋይዳ።
280e0900b1	እዛ ያጋእን ካትዘ ቆፒ አዛንዳ፥ የዝን ፋ ጫቅት ግሾን ፋራ የዘ ዛቁንꬅ ግሾ ጋእ እዛ ኦጭዳኖ ፎሎደ ፋና ኪትዳ።
280e0a005a	ካትዘ አስ ኪቲ ዋሐንሳ አች ኬꬃ የዝን ኤ አፉርቶ ጋችዳ።
280e0b0073	ኦምቶ ጋባተ ጋዲ ክእ ናእትስ እንግዳ፤ ናእታን ኤኪ ፋ እንትስ ካንግዳ።
280e0c0095	ዋሐንሳ ታማሩንꬅ ይእ ኤ አህቶ ካንግ ሞግዳ። ይንፓ ሱባ Ꮉንደ ባዝ ኡባ Ꮉንግ የሱሳስ ኦህዳ።
280e0d00cc	የሱሳ Ꮉንደ ባዝቶ ስእደ ዎደ ጎንገ ገሊ ይና በስትፓ ፈቲ ጌማ በሳ ፋስ ቅትዳ። አሱንꬅ ይኖ ስእ ካታማፓ ደንዲ ቶሄራ ኤዛ ካልዳ።
280e0e009c	የሱሳ ጎንገፓ ዎꬊ ጋማ አሱንꬃና ብእ ኡንትስ ይቅስንትዳ። ኡን ግዳ የዘ Ꮉርግንትዙንꬃና ፋꬅዳ።
280e0f011b	ሳእታ ኡጉሮደራ የሱሳ ታማሩንꬅ ኤጎ ሺቂ፥ «Ꮉና በስታ አኮ ባይዘ ጋናስ በሲ፥ ሳእታን ቃምዳ። ይኒ ግሾ፥ ካለ የዘ ካራ ጋንጨ Ꮉንግ ፋስ ካꬃ ዎንጎደ ፋና አሱንꬃና ዳኮ» ያጋይዳ።
280e100089	የዝን የሱሳ ኡንታጎ፥ «አሱንꬅ ቅቶደስ ቤዞስ፤ ኡን ሞኦደባዝ ይን እንጎተ» ያጋይዳ።
280e11006b	ኡን ማህ፥ «ኑራ Ꮉነ እችን ቦራፓን ላምእ ሞሎፓ መለ ባያ» ያጋይዳ።
280e120045	ኤዝን፥ «አነ የዛኖ Ꮉንካ ኮኦተ» ያጋይዳ።
280e1300fe	ማህ፥ ዎርዥቶ ማታላ በቶደ ፋና ኦህዳ። እችን ቦርቶን ላምእ ሞልቶ ኤኪ፥ ሳሎ ብእ ጋላቲ ማቂ፥ ቦርትፓ ባጽ ፋ ታማሩንꬅስ እንግዳ፤ ኡን ማህ አሱንꬅስ እንግዳ።
280e14006c	ኡቡንꬅ ሙእ ምዥዳ። ኡንትን ሙእን አትደ ታጶ ላምእ ሌማተ ደንꬅዳ።
280e15006b	ካꬅቶ ሙይደ አሱንꬅ ማቹንꬅን ናኡንꬅን አትን እችን ሙኩል ማቃነ።
280e1600b3	ኤልሲ የሱሳ ታማሩንꬅ ጎንገ ገሊ ፋፓ ቲኒ አባፓ ሰኮ ፍንꬅ ፊንጎደ ፋና ኪቲ ፋስ አሱንꬃና ሞይዞደስ ሱብ አትዳ።
280e170092	አሱንꬃና ሞይዚ ማቂ ፋስ ዎሶደስ ፈቲ ደረላ አፋ ከዝዳ። ሳእታ ቃምን ኤ ፋስ የይጋ ጋምእዳ።
280e1800a5	የ ዎደ ጎንግዘ አባላ ሳአፓ ኤራꬅ ክሎ ምትረ Ꮉንግዝን ቲኖ ዛላራ ጎተ ደንዲ ዙሉንታ ጎንግዛ ኡንእꬅዳ።
280e190055	ዎንትማ ላ የሱሳ አባላ የꬍተራ ፋ ታማሩንꬃጎ ይእዳ።
280e1a00a2	ኤ ታማሩንꬅ፥ ኤ አባላ የꬍተራ ኡንታጎ ይእዛኖ ብእ ዣሽትዳ። ኡንትን፥ «Ꮉይ ሜሸ» ጋእ ዣሽቲ ኡክዳ።
280e1b005e	የዝን የሱሳ ኤልሲ፥ «አኮን ባያ! ዣሽትፐተ! ታና» ያጋይዳ።
280e1c0093	ጴጥሮሳ ኤጎ፥ «ላꬆ፥ ነና ማቅኮ፥ ታኒ Ꮉꬅትላ አፋ የꬊ ኔጎ Ꮉንጎደ ፋና ታና ኪቶ» ያጋይዳ።
280e1d00b0	የሱሳ ጴጥሮሳጎ፥ «Ꮉንካ ዮኦ» ያጋይዳ። ጴጥሮሳን ጎንግዘፓ ዎꬊ Ꮉꬅትላ አፋ የꬍተራ የሱሳጎ Ꮉንገ አይክዳ።
280e1e008f	የዝን ዎልቃማ ጎተ ብእ ዣሽትዳ። Ꮉꬅታን ቆ አይክደ ዎደ «ላꬆ፥ ታና አሾያ» ያጋእ ኡክዳ።
280e1f0082	የሱሳ ኤልሲ ፋ ኩሽቶ ዳኪ ኤዛ አይኪ፥ «ናተ፥ አማኖ ፋጭዳዮ አኮስ ሶኤ» ያጋይዳ።
280e200058	የሱሳራን ጴጥሮሳራ ጎንገ ገልደ ዎደ ጎቱታ ስእ ጋይዳ።
280e21005e	ጎንግተ የዘ ኤ ታማሩንꬅ፥ «ነ ቱሪ ጾዝ ናአ» ጋእ ጎይንዳ።
280e22003b	ኡን አባ ፊንግ ጌንሳሬጠ ጋደ የልዳ።
280e2300c7	ይና ጋድተ የዘ አሱንꬅ የሱሳ ኤርደ ዎደ ፋ ካራ ጋንጨ የዘ ጉቱተ ኡባነ ኪታ ዳክዳ። አሱንꬅ Ꮉርግንትዙንꬃና ኡባ ኤጎ ክእዳ።
280e24007c	Ꮉርግንትዙንꬅ ኤ አፉላ ጋጽቶ ጻላላ ቦቾደ ፋና ዎስዳ። ቦችደ ኡቡንꬅ ፋጽዳ።
280f01007e	ይንፓ ሱባ፥ ፈቲ ፈቲ ፋርሳዉንꬅን ህገ አስታማሩንꬅ የሩሳላመፓ የሱሳጎ ይእ፥
280f02009b	«ነ ታማሩንꬅ አኮስ ኑ አዱንꬅ ዎግቶ መን? ኡን ካꬃ ማአደፓ ቲኖ ፋ ኩሽቶ ሜጭንቶስ» ያጋእ ኦጭዳ።
280f030061	የሱሳ ማህ፥ «ይን፥ ይን ዎጋ ግሾ ጾዘ ኪታ ፎልዛኖ አኮስ እጸ?
280f0400a8	አኮስ ጋይኮ፥ ጾዚ፥ ‹ነ አዳያን ነ እንቶ ቦንቾ። ኤ ፋ አዳያ ዎይ ፋ እንቶ ጫዥዘ Ꮉይቆ ጋይካ?› ያጋይዳ።
280f0500ad	የዝን ይን፥ ፈቲ አስ ፋ አዳያ ዎይ ፋ እንቶ ማዶደባዝ የዝን፥ ‹ይን ታፓ ደንግዘ ማድቶ ጾዘስ ዣርሽዳ ጋይኮ፥
280f060095	ፋ አዳያ ዎይ እንቶ ቦንቾደስ ቤዞስ› ያጋነ። የዝን ይን፥ ይን ዎጋ ፎሎደስ ጾዘ ቃላ መንꬃነ።
280f070048	ይን፥ ጩቡንꬆ፥ ኢሳያሳ ይን ባዝ ልከ ኦህዳ፥
280f080076	«‹Ꮉንꬅ አሱንꬅ ታና ፋ ዶንተ ቦንቻነ፥ የዝን ኡን ዎዙንታ ታፓ Ꮉኮ የነ።
280f090090	አሱንꬅ ታና ጨር ጎይናነ፤ ኡን አስ መꬍደ ዎጋ ጾዘ ህገ አዝዝ ታማርሳነ› ጋይዳ» ያጋይዳ።
280f0a0049	የሱሳ ጋማ አሱንꬃና ፋጎ ጼጊ፥ «ስኦተ! ቆፖተ!
280f0b0068	አስ ቱንዘ ባዝ ዶናራ ገልዘባዝ ባይዝን ዶናፓ ከዘ ባዝ» ያጋይዳ።
280f0c009b	ይንፓ ሱባ፥ የሱሳ ታማሩንꬅ ኤጎ ይእ፥ «ፋርሳዉንꬅ ነ ጋይዳኖ ስእ ꬉቡንትዳኖ ኤራነ?» ያጋይዳ።
280f0d007c	የዝን የሱሳ ኡንትስ ማህ፥ «ሳሎ የዘ ታ አዳይ ቱክካይዘ ምንጻ ኡባ ሾድንቶዳ።
280f0e00a2	ኡንባዝ አሺ አሾተ፤ ኡን ቆቀ ካልስዘ ቆቁንꬃና። ቆቀ ቆቀ ካልꬅኮ፥ ላምኡንꬅን ጋጋ ቅታነ» ያጋይዳ።
280f0f0059	ጴጥሮሳ ማህ፥ «ይና አዝዘ ብልꬅቶ ኑስ ኦሆያ» ያጋይዳ።
280f10004d	የሱሳ ኡንታጎ፥ «ይንትስን Ꮉኖ የሎደስ ገልካነ?
280f110050	ዶናራ ገልደባዝ ኡባ ሳዛ ገሊ ባለ ኬዝዛኖ ኤሮስተ?
280f120064	የዝን ዶናራ ከዘ ባዝ ዎዝናፓ ከዛነ። አስ ቱንዘ ባዝ የን ሳና።
280f13009a	ኡንትን አስ ዎዝና ግዳፓ ከዝዘ ኢታ ቆፋ፥ ዎ ፥ ኦላለ፥ ጎመ ዎይኤ፥ ካይዞ፥ ዎርዶ ማርክ ፥ ጫሽ።
280f140088	የን ሳና አዝዘ ባዝታ አስ ቱንዛነፕ አትን ሜጭንትካይዘ ኩሸራ ሙዛና ቱንዞስ» ጋይዳ።
280f15005f	ይንፓ ሱባ፥ የሱሳ የይጋፓ ኬዚ ጢሮሳን ስዶና ካታማ ቅትዳ።
280f1600e3	ፈቲ ካናነ ሳአ ማችታ የሱሳጎ ይእ፥ ፋ ቃልቶ ꬎቅ ዪዚ፥ «ላꬆ፥ ዳዉተ ናአዮ፥ ታስ ይቅስንቶያ፤ ታ ናቶ ቱና አያና አይኪ ኢታ ዋይꬃነ» ያጋይዳ።
280f1700e7	የዝን የሱሳ ፈቲ ቃላ ማህካያ ስእ ጋይዳ። የሱሳ ታማሩንꬅ ኤጎ ይእ፥ «Ꮉና ማችታ ኑ ሱብቶ ካሊ ዉይሳነ። ይኒ ግሾ፥ ነ እዞ ሞይዞያ» ያጋእ ዎስዳ።
280f1800a0	የሱሳ ማህ፥ «ታኒ ዉደፓ ꬋብደ ዱሩንꬃና እስራኤለ ኬꬃፓ ꬋብደ አሱንꬅ ጻላላስ ኪትንትዳ» ያጋይዳ።
280f190064	የዝን እዛ፥ ኤ ቲንተ ቡንቁንቲ፥ «ላꬆ፥ ታና ማዶያ?» ያጋይዳ።
280f1a0067	ኤ ማህ፥ «ናኡንꬅ ካꬃ ኤኪ ካኑንꬅስ ኦልዛና ሎኦ ባያ» ያጋይዳ።
280f1b00b0	ማችታን፥ «ላꬆ፥ ይና ቱሮ፥ የዝን መለ አቶ የዝን ካኑንꬅ ፋ ላꬁንꬅ ሙዝን፥ ሌማትፓ ዎꬍዘ ጉፋ ሙነ» ያጋይዳ።
280f1c00a2	የሱሳ ማህ፥ «Ꮉና ማችተ፥ ነ አማንታ ዳማ፤ ነ ኮይዳን ፋና ኔስ Ꮉኖ» ያጋይዳ። እ ናታ ኢራ ፋጺ አትዳ።
280f1d007b	የሱሳ ይንፓ ደንዲ ጋልላ አባ ካለ Ꮉንግዳ። ፈቲ ደረላ አፋ ኬዚ፥ እዘ በትዳ።
280f1e00ea	ጋማ አሱንꬅ፥ ዎቡንꬃና፥ ቆቁንꬃና፥ ኩንዱንꬃና፥ ዶና ሙሙንꬃና፥ መለ ጋማ Ꮉርጋንቹንꬃና ኤኪ፥ ኤጎ ክእ ኤ ቲንተ ጋድዳ። የሱሳ ኡንታና ፋꬅዳ።
280f1f00d9	ይኒ ግሾ፥ ሙሙንꬅ ኦህንትዝን፥ ጉንዱንꬅ ሉለዝን፥ ዎቡንꬅ የꬍዝን፥ ቆቁንꬅ በእዝን አሱንꬅ ብእ ጋማ ቆፕዳ፥ እስራኤለ ጾዛ ጋላትዳ።
280f200160	የሱሳ ፋ ታማሩንꬃና ፋጎ ጼጊ፥ «Ꮉንꬅ ጋማ አሱንꬅ ታራ Ꮉይꬕ ቃማ ጋምእደ ግሾን ኡንትስ Ꮉተ ሙእዘ ባዝ ባይዘ ግሾ ታኒ ኡንትስ ይቅስንታነ። ኡን ኦገ ላቢ ጎልአመ ፋና አኮ ሙዝካይዛራ ኡንታና Ꮉሪ ዳኮደስ ኮዮስ» ያጋይዳ።
280f2100a5	ኤ ታማሩንꬅ ማህ፥ «ኑኒ Ꮉና አኮ ባይዘ ሳአ Ꮉኒ ፋና የዘ አሱንꬅስ ማቃደ ካꬃ አናፓ ደንጎደ?» ያጋይዳ።
280f2200b2	የሱሳ ኡንታጎ፥ «ይንትስ ዋንꬅ ቦራ የዘ?» ያጋእ ኦጭዳ። ኡን ማህ፥ «ላፑን ቦራን ይሻ ኤራꬅ ሞሎ የነ» ያጋይዳ።
280f230041	የሱሳ አሱንꬃና ሳአላ በቶደ ፋና ኪትዳ።
280f2400be	ይንፓ ሱባ፥ ይና ላፑን ቦርቶን ሞሉንꬃና ኤኪ ጾዝ ጋላትዳ። ባጽ ፋ ታማሩንꬅስ እንግዳ። ኤ ታማሩንꬅ አሱንꬅስ ግሽዳ።
280f250083	አሱንꬅን ኡባ ሙእ ምዥዳ። ኡንትን፥ ሙእን አትደ ጉፋ ላፑን ሌማተ ኩሙꬅ ደንꬅዳ።
280f26007d	ሙይደ አሱንꬅ ማቹንꬅን ናኡንꬅን ፋይድንትካይዝን ꬊራꬅ ጻላላ ኦይዲ ሙኩል።
280f27005f	የሱሳ አሱንꬃና ዳክደፓ ሱባ ጎንገ ገሊ ማገዶና ሳአ ቅትዳ።
2810010096	ፋርሳዉንꬅን ሳዱቃዉንꬅ የሱሳጎ ይእዳ። ኤዛ ፋታኖደስ ኮይ፥ ፋና ሳሎፓ ማላ ቤዞ ጋእ ኦጭዳ።
2810020079	የዝን ኤ ኡንታጎ፥ «ሳአ ኡጉርዘ ዎደ ‹ሳሎ ዞቂደ ግሾ ዎንታ አዎዳ› ያጋነ።
28100300ca	ዎንትዘ ዎደ፥ ‹ሳሎ ዞቂ ꬎንꬍደ ግሾ እራ ቡኮዳ› ያጋነ። ዬዝን ይን ሳሎ ማላ ብእ ኤራነ፥ የዝን ዎደ ማላ ኤሮደስ ዳንዳእካያ።
28100400e8	ኢታን አማንንቶሰ የለቱንꬅ ማላ ኮያነ። የዝን ኡንትስ ዮናሳ ማላፓ መለ ማላ እንግንቶስ» ያጋይዳ። ይንፓ ሱባ፥ ኡንታና እዘ አሺ መለ በሳ ቅትዳ።
281005005d	ኡን አባፕ ጎደ ፍንꬃ ፊንግደ ዎደ ዳቦ ኤኪ ዮኦዳኖ ቦትዳ።
2810060076	የሱሳ ኡንታጎ፥ «ፋርሳዉንꬃፓን ሳዱቃዉንꬅ እርሾፓ ናግንቶተ» ያጋይዳ።
2810070079	ኡንትን ፋ ግዳ፥ «ኤ ይኖ ጋይዳና ኑ ዳቦ ኤኪ ይእካይዘ ግሾ ማቃዳ» ያጋይዳ።
28100800aa	የሱሳ ኡን ቆፍቶ ኤሪ፥ «ይን፥ አማኖ ፋጨዙንꬆ! ዳቦ ኤካንጽ ይእደ ግሾ ዎል ግዳ አኮስ ኦህንተ? ጋእ ኦጭዳ።
28100900c0	Ꮉተን ይን ቲሮስተ? እችን ሙኩል አሱንꬅ እችን በሸ ቦራ ግሽዳኖን ኡን ሙእ ምዥን ይን ዋንꬅ ሌማተ ኩሙꬅ ደን ዛኮ ቦትዳተ?
28100a00b1	ይኒ ጋራን፥ ላፑን ቦራ ኦይዲ ሙኩል አሱንꬅስ ግሽዳኖ ኡን ሙእ ምዥን፥ ይን ዋንꬅ ሌማተ ኩሙꬅ ደን ዛኮ ቲሮስተ?
28100b00a5	ይኬ፥ ታኒ ፋርሳዉንꬅን ሳዱቃዉንꬅ እርሾፓ ናግንቶተ ጋእ ኦህዛና ዳቦ ባዝ ማቆሳኖ ቲሮስተ?» ያጋይዳ።
28100c00e8	ዬዝን፥ ኤ ታማሩንꬅ የሱሳ ኦህዘ ቡካ ደንꬆደስ ኦልንትዘ እርሾባዝ ማቅካይዝን ፋርሳዉንꬅን ሳዱቃዉንꬅ ትምርተፓ ናግንቶደ ፋና ማቅዳኖ ቲርዳ።
28100d00a0	የሱሳ ቂሳርያ ፍልጶሳ ሳአ የልደ ዎደ ፋ ታማሩንꬃጎ፥ «አሱንꬅ፥ አስ ናአያ ኦና ጋኤ?» ያጋእ ኦጭዳ።
28100e00ae	ኡን፥ «ፈተ ፈተ ጻማቅዘ ዋሐንሳ፥ መሉንꬅ ኤልያሳ ማህ Ꮉንኩንꬅ ኤርምያሳ ዎይ ናቡንꬃፓ ፈታ ጋነ» ያጋይዳ።
28100f0065	የሱሳ ማህ፥ «ዬዝን፥ ይን ታና ኦና ጋኤተ?» ጋእ ኡንታና ኦጭዳ።
2810100063	ስሞን ጴጥሮሳ ማህ፥ «ኔኒ ክርስቶሳ፥ ደኦ ጾዘ ናአ» ያጋይዳ።
28101100ac	የሱሳ ጴጥሮሳጎ፥ «ዮና ናአ ስሞና፥ ነ አንጅንትዳያ! Ꮉኖ ኔስ ቆንጭዝደ ሳሎ የዘ ታ አዳያፕ አትን አስ ባያ።
281012009c	ታ ኔስ ኦህነ ጴጥሮሳ፥ ነ ላላ! ታኒ Ꮉይ ላልዘላ አፋ ታ ዎሳ ኬꬂ ኬጾዳ። ጋናመ ዎልቃን እዞ ጋሞስ።
28101300fc	ሳሎ ካእቱሞ ቁልፈ ታ ኔስ እንጎዳ። ሳአ ነ አጭደባዝ ኡባ ሳሎ ጾዘ ካለ አጭንትደባዝ ማቃዳ። ሳአ ነ ብልደ ባዝ ኡባ ሳሎ ጾዘ ካለ ብልንትደባዝ ማቃዳ» ያጋይዳ።
2810140083	ይንፓ ሱባ፥ ኤ፥ ክርስቶሳ ማቅዳኖ ኦደስን ኦሃመ ፋና ፋ ታማሩንꬅስ ምንꬂ ኪትዳ።
281015017f	ይና ዎድትፓ ደንꬂ የሱሳ ፋ ታማሩንꬅስ፥ «ታኒ የሩሳላመ Ꮉንጎደስ ቤዛነ። የይጋ ዎርዣ ጭሙንꬅ፥ ካህኑንꬅ Ꮉላቁንꬅን ህገ አስታማሩንꬅ ኩሸ ማꬋ ኤኮደስ ቤዛነ። ኡን ታና ዎꬎዳ፥ የዝን ታኒ Ꮉይꬒንꬃ ቃማ Ꮉይቆፓ ደንዶዳ» ያጋእ ቆንጭዝዳ።
2810160084	ጴጥሮሳ የሱሳ ጋጻ ኬሲ፥ «ላꬆ፥ ይኒ ፋና የዘ ባዝ ነና ሙሎን የልፐ!» ያጋእ ካጭዳ።
28101700ca	የሱሳ ጴጥሮሳጎ ሱብ ማቂ፥ «Ꮉይ ጻላህዛዮ፥ ታፓ Ꮉኮ! ኔኒ አስ ቆፋ ቆፓነፕ አትን ጾዘ ቆፋ ቆፖሰ ግሾ ታስ ꬉበ ማቃነ» ያጋይዳ።
28101800af	ይንፓ ሱባ፥ የሱሳ ፋ ታማሩንꬃጎ፥ «ኦደን ታና ካሎደስ ኮይዘ ባዝ ማቅኮ ፋና ካዶ፥ ፋ ማስቃልቶ ቶኪ ታና ካሎ።
2810190092	ፋ ሸምፕቶ አሾደስ ኮይዘ ኡቡንꬅ ꬋብሶዳ። የዝን ፋ ሸምፕቶ ታ ግሾ ጋእ አꬂ እንግዘ አሾዳ።
28101a00b4	አሲ አላመ ኩሙꬅ ፋ ባዝ ማህ፥ ፋ ሸምፕቶ ꬋብስኮ ኤዛ አኮ ማደ? ዎይ አሲ ፋ ሸምፕቶ ዎዞደስ አክ እንጎደስ ዳንዳኤ?
28101b0097	አስ ናአ ፋ አዳይ ቦንቾራ ፋ ኪታንቹንꬃራ ዮኦዳ። የ ዎደ ፈቲ ፈቲ አꬄስ ኤ ኦችት ፋና እንጎዳ።
28101c00bb	ታ ቱሮ ኦህነ፤ አስ ናአ ፋ ካእቱሞ ቦንቾራ ማቂ ዮኦደራ በአደ ዎንꬅስ Ꮉነ ኤቅደ አሱንꬃፓ Ꮉይቃሙንꬅ የነ» ያጋይዳ።
28110100a5	እዝፑን ቃማፓ ሱባ የሱሳ፥ ጴጥሮሳ፥ ያይቆባን ኤ እሻ ዋሐንሳ ፋራ ኤኪ ኡንታራ ጻላላ ደረላ አፋ ከዝዳ።
2811020095	እዘ ኡን ቲንተ የሱሳ ብሽታ ላምንትዳ፤ ኤ ስንታን አዋ ፋና ፎጭዳ። ኤ አፉልታን ሎይꬂ ቦጽዳ።
281103004a	ይኬ፥ ሙሴን ኤልያሳን ኤራ ኦህንትዝን ብእዳ።
28110400c5	ጴጥሮሳ የሱሳጎ፥ «ላꬆ ኑኒ Ꮉነ ꬉጋ ይእዳ። ነ ኮይኮ ፈታ ኔስ፥ ፈታ ሙሴስ፥ ፈታ ኤልያሳስ Ꮉነ Ꮉይꬕ ጋባ ጋቦዳ» ያጋይዳ።
28110500e0	ጴጥሮሳ ይኖ Ꮉጋ ኦህዝን ቦꬅ ፎጭደ ꬎነ ኡንታና ጎዝዳ። ꬎንቲ ግዳራ፥ «ታና ኡፋይስዘ፥ ታ ካዽዘ ናአይ Ꮉያ፥ ኤዛ ስኦተ!» ያጋዘ ቃላ ይእዳ።
281106005d	ኤ ታማሩንꬅ ይኖ ስእደ ዎደ ታኒ ፋ ስንትራ ሳአላ ጎልእዳ።
2811070073	የዝን የሱሳ ኡንታጎ ሺቂ ኡንታና ቦቺ፥ «ደንዶተ፥ ዣሽትፐተ!» ያጋይዳ።
2811080050	ኡን ꬎቅ ጋእ በእዘ ዎደ የሱሳፓ መለ ኦናን ቢካያ።
28110900bc	ኡን ደርዘፓ ዎꬍዝን የሱሳ ኡንታጎ፥ «አስ ናአ Ꮉይቆፓ ደንዶደ ዎንꬅስ Ꮉኖ ይን ብእዳኖ ኦደስን ኦህፐተ» ጋእ ኪትዳ።
28110a00aa	የሱሳ ታማሩንꬅ፥ «ዬዝን፥ ህገ አስታማሩንꬅ ኤልያሳ ክርስቶሳፓ ቲኖ ዮኦዳ ጋይዳና አኮሶ?» ያጋእ ኦጭዳ።
28110b0053	የሱሳ ማህ፥ «ዬ! ኤልያሳ ቲኖ ይእ ኡባ ባዝ ጊግዞዳ።
28110c00fc	የዝን ታ ይንትስ ቱሮ ኦህነ፤ ኤልያሳ ቲኖ ይእዳ። ኡንትን ኤላ አፋ ኮይደባዝ ኦችዳፕ አትን ኤዛ ሻኪ ኤርካያ። ይኒ ጋር አስ ናአ ኡን ኩሸ ማꬋ ኤኮዳ» ያጋይዳ።
28110d005c	የ ዎደ የሱሳ ጋይዳና ጻማቅዘ ዋሐንሳ ባዝ ማቅዳኖ ቲርዳ።
28110e0069	ኡን ደርዘፓ አሱንꬃጎ ማቅዘ ዎደ ፈቲ አስ የሱሳ ቲንተ ቡንቁንቲ፥
28110f008b	«ላꬆ፥ አደ ታ ናአያ ማሮያ፤ ኤዛ ጉዲ ኦልዘ Ꮉርገ ጋማ ዎደ ኡንእꬅ ታማን Ꮉꬃን ኦላነ።
2811100066	ነ ታማሩንꬃጎ ክእዳ፥ የዝን ኡን ፋꬆደስ ዳንዳእካያ» ያጋይዳ።
28111100ed	የሱሳ ማህ፥ «ይን፥ አማኖሰ ዎቦ የለቱንꬆ አይደ የሎደስ ታ ይንታራ የሳደ? አይደ የሎደስ ታ ይንታና ዳንዳኦደ? አነ ናአያ Ꮉንካ ኤኪ ዮኦተ» ያጋይዳ።
281112007d	የሱሳ ቱና አያንዛ ቆድን፥ ቱና አያንዘ ናአይፓ ከዝዳ፤ ይና ሳተ ናአይ ፋጽዳ።
28111300ad	ይንፓ ሱባ፥ የሱሳ ታማሩንꬅ ፋ ፋስ ኤጎ ሺቂ፥ «ኑ ቱና አያንዛ ኬሶደስ ዳንዳእካይዛና አኮሶ?» ያጋእ ኦጭዳ።
281114012e	ኤ ኡንታጎ፥ «ይንትስ አማኖ ኤርደ ግሾስ። ታ ይንትስ ቱሮ ኦህነ፤ ጋሸ ኣፈ ፋና አማኖ ይንትስ የዝኮ ‹Ꮉይ ደርዛ Ꮉንፓ ደንዲ ጎደ አꬎ› ጋይኮ ይንትስ ኪትንቶዳ። ይንትስ ዳንዳእንቶሰ ባያ።
2811150063	[የዝን ይኒ ጋርዘ ዎሳራን ጾማራፕ አትን Ꮉሪ ኬዞስ]» ያጋይዳ።
28111600b0	የሱሳ ታማሩንꬅ ጋልላ ሺቂ የዝን የሱሳ ኡንታጎ Ꮉና ፎልንቶደስ ቤዛነ፥ «አስ ናአይ አስ ኩሸ አꬊ እንግንቶዳ።
2811170096	ኡን ኤዛ ዎꬎዳ፥ የዝን ኤ Ꮉይꬕንꬃ ቃማ Ꮉይቆፓ ደንዶዳ» ያጋይዳ። ኤ ታማሩንꬅ ጋማ አዛንዳ።
28111800fc	የሱሳራን ኤ ታማሩንꬃራ ቅፍርናሆመ ካታማ የልደ ዎደ ጾዘ ኬꬃ ጊራ ጋችዙንꬅ ጴጥሮሳጎ ይእ፥ «ይን አስታማርዘ ጾዘ ኬꬂ ጊራ ላምእ ድናረ ጊሮሶ?» ያጋእ ኦጭዳ።
2811190120	ጴጥሮሳ ማህ፥ «ጊራነ» ያጋይዳ። ጴጥሮሳ ኬꬃ ገልዘ ዎደ የሱሳ ቲንꬊ፥ «ጴጥሮሳ፥ ኔስ አኮ አዘ? Ꮉና ሳአ ካእቱሞ ቃራጸን ጊራ ኦፓ ኤከ? ጋደ አሳፓ ዎይ አስ ጋደ አሳፓ?» ያጋእ ኦጭዳ።
28111a008b	ጴጥሮሳ «አስ ጋደ አሳፓ» ጋእ ማህዳ። የሱሳ ማህ፥ «ዬዛኮ ጋደ አሱንꬅ ጊራ ግሮስ ጋኤ።
28111b0101	የዝን ኡን ꬉቡንታመ ፋና አባ Ꮉንግ ሞሎ አይክዘ ማንጻኮ ኦሎ። ቲኖ ነ አይክዘ ሞልዘ ዶና ቡጊ ጊራስ ማቅዘ ኦይዲ ድናረ ነ ግሾን ታ ግሾን ኤኪ ካንግ ጊሮ» ያጋይዳ።
2812010079	የ ዎደ የሱሳ ታማሩንꬅ ይእ፥ «ሳሎ ካእቱሞ ኡባፓ አꬍዘ ኦደ?» ያጋእ ኦጭዳ።
281202005b	የሱሳ ፈቲ ኤራꬅ ናአ ጼጊ ኡን ግዳ ኤስ Ꮉኒ ፋና ያጋይዳ።
28120300b2	«ታኒ ይንትስ ቱሮ ኦህነ፤ ይን ላምንታንጽኮ ኤራꬅ ናኡንꬅ ፋና ይአንጽኮ ሳሎ ካእቱሞ ሙሎን ገሎደስ ዳንዳኦስ።
2812040081	ይኬ፥ Ꮉና ኤራꬅ ናኡንꬅ ጋር ፋና ካዉሽዘ ኦደን ሳሎ ካእቱሞ ኡባፓ አꬍዛ ማቆዳ።
2812050054	Ꮉይ ፋና የዘ ናአ ታ ሱንꬅተ ሞክዘ ኦደን ታና ሞካነ።
28120600d5	«የዝን ታና አማንዘ Ꮉና ኤራꬁንꬃፓ ፈታ ናጋራ ኦቾደ ፋና ꬉበ ማቅዘ ኦደን ዳማ ጋች ዎጻ ፋ አፉርተ አጪ ጪሞ አባ ኦልንትዛኮ ኤስ ሎኦ።
28120700dd	አላመ ግዳ አስ ናጋራ ኦቾደ ፋና ኦችዙንꬅ የዘ ግሾ አላምቶ ባደ። ይኒ ፋና የዘ ባዝ ይእካይዛራ አቶስ፥ የዝን ꬉበ ኤ ባጋራ የእዘ አꬃ ባደ።
28120800ec	«ነ ኩሽዘ ዎይ ነ ቶህዘ ነና ባልꬅኮ ኔፓ ጋቺ ኦሎ። ነ ላምእ ኩሸራ ዎይ ላምእ ቶሄራ መዽና ታማ ኦልንቶደፓ ኩሸ ዎይ ቶሄ ዱጻ ማቂ ደኦ የዝኮ ኔስ ሎኦ።
28120900b6	ማህ ነ ኣፍዘ ነና ባልꬅኮ ዎጪ ኬሲ አላ ኦሎ። ነ ላምእ ኣፈራ ጋናመ ታማ ኦልንቶደፓ ፈቲ ኣፈራ ደኦ የዝኮ ኔስ ሎኦ።
28120a00e5	«ታ ይንትስ ኦህነ፤ ሳሎ የዘ ኡንታና ናግዘ ኪታንቹንꬅ ኡባ ዎደ ሳሎ የዘ ታ አዳይ ቲኖ የዘ ግሾ ይን Ꮉና ኤራꬁንꬃፓ ፈታያ ለቃመ ፋና ናግንቶተ።
28120b0049	አስ ናአ ꬋብዱንꬃና አሾደስ ይእዳ» ያጋይዳ።
28120c00e2	ማህ የሱሳ፥ «ይንትስ አኮ አዘ? ፈቲ አꬄስ ጼት ዱሮ የዙንꬃፓ ፈታይ ꬋብኮ ኡዱፉን ታም ኡዱፉኑንꬃና ደረላ ኦሊ አሺ የ ꬋብዳያ ኮዮደስ ቅቶሳነ?
28120d009b	ታ ቱሮ ኦህነ፤ ኤ ደንግደ ዎደ ኡዱፉን ታም ኡዱፉኑንꬃፓ አꬂ ꬋቢ በንትደ ፈቲ ዱርዘራ ኡፋይታነ።
28120e0071	ይኒ ፋና፥ ሳሎ የዘ ይን አዳይ Ꮉና ኤራꬁንꬃፓ ፈታይ ꬋቦደ ፋና ኮዮስ።
28120f0099	«ነ እሻይ ነና ቆህኮ ነ ጻላላ ኤጎ Ꮉንግ ኤ ባልቶ ኤስ ኦሆ። ኤ ነና ስእኮ ነ እሻያ ኔስ እሸ ማሆ።
28121000b8	የዝን ኤ ነና ስአንጽ እጽኮ፥ ላምእ ዎይ Ꮉይꬕ አስ ማርካራ ኦህታ ላꬅንትዘ ግሾ ፈቲ ዎይ ላምእ አስ ኤኪ ኤጎ Ꮉንጎ።
28121100be	ኤ ኡንታና ስአንጽኮ፥ ዎሳ ኬꬃ ኦሆ። ዎሳ ኬꬂ ጋዘባዝ ስአንጽኮ አማኖሰ አስ ፋና ዎይ ቃራጠ ጋችዘ አስ ፋና ኤዛ ፋይዶ።
28121200cb	«ታ ይንትስ ቱሮ ኦህነ፤ ሳአላ ይን አጭደባዝ ኡባ ሳሎ አጭንትደባዝ ማቃዳ። ሳአላ ይን ብልደ ባዝ ኡባ ሳሎ ብልንትደባዝ ማቃዳ።
28121300d2	«ማህ ታ ይንትስ ኦህነ፤ ሳአላ ይንታፓ ላምኡንꬅ ፋ ዎስዘ ባዝ ፈቲ ዎዝና ማቂ ጾዝ ዎስዘ ባዝ ማቅኮ ሳሎ የዘ ታ አዳይ ይንትስ ኦቾዳ።
2812140080	ታና ካልዙንꬃፓ ላምእ ዎይ Ꮉይꬕ ማቂ ሺቅዘ በሳ ታኒ ኡን ግዳ በንቶዳ» ያጋይዳ።
28121500c5	የ ዎደ ጴጥሮሳ የሱሳጎ ይእ፥ «ላꬆ፥ ታ እሻይ ታና ቆህኮ ዋንꬅ ቶሄ ታኒ አቶ ጋኦደስ ቤዘ? ላፑን ቶሄ የሎደስነ?» ጋእ ኦጭዳ።
2812160073	የሱሳ ማህ፥ «አደ፥ ላፑን ታም ቶሄ ላፑናፕ አትን ላፑን ቶሄ ጻላላ ባያ።
281217009f	«ይኒ ግሾ፥ ሳሎ ካእቱሞ ፋስ ኦችዙንꬃራ ፋ ሚሽታ ፋጨዛኮን ጉጁንተዛኮ በአደስ ቆፕደ ካትዛ አዛነ።
2812180082	የ ካትዘ ሚሽታ ፋጨዛኮን ጉጁንተዛኮ በእዘ ዎደ ጋማ ጋለ የዘ ፈቲ አꬃ ኤጎ ክእዳ።
28121900ce	የዝን የ አርዘ ጋልቶ ጭጎደስ ጋምን ኤራን፥ ኤ ማችትራ፥ ኤ ናኡንꬃራ ኤስ የዘ ባዝ ኡባ ባይዝንት ጋልታ ጭግንቶደ ፋና ላꬄ ኪትዳ።
28121a009d	ዬዝን አርዘ ፋ ላꬄ ቶህትላ ጎልእ፥ ‹አደ ኤራꬅ ዎደ ጋምኦ፥ ታ ጋልቶ ኡባ ታ ጭጎዳ› ያጋእ ዎስዳ።
28121b0059	ኤ ላꬅዘ ኤስ ይቅስንት፥ ዳኪ አሽዳ፤ ኤ አጭቶን ማርዳ።
28121c00d8	«የዝን የ አርዘ ኬዚ Ꮉንግ ፋ ላገ ኦችዙንꬃፓ ፈታያ ፋፓ ኤራꬅ ሚሸ ታልእዳያ፥ ‹ኔላ አፋ የዘ ታ ሚሽቶ ታስ ጭጎ› ጋእ አፉርቶ አይክዳ።
28121d009f	«ኤ ላግዘ አርዘ ኤ ቲንተ ቡንቁንት፥ ‹አደ ኤራꬅ ዎደ ጋምኦ ታኒ ታ አጭቶ ኡባ ጭጎዳ› ያጋእ ዎስዳ።
28121e0070	«የዝን እጺ ኤኪ ካንግ ፋ ላግዘ አጭቶ ጭጎደ ዎንꬅስ አች ኬꬃ ገልꬅዳ።
28121f00a7	ይኒ ግሾ፥ መለ ላግዘስ ኦችዙንꬅ ይኖ ብእደ ዎደ ጋማ ዥልꬍዳ፥ Ꮉንግ ፋ ላꬄስ ኤ ኦችደ ባዝቶ ኡባ ኦህዳ።
2812200097	«ዬዝን ላꬄ የ አርዛ ጼግዝ፥ ‹Ꮉይ ኢታ አርዛዮ፥ ነ ታና ዎስደ ግሾ ታ ነ አጭቶ ኡባ ኔስ ማርዳ።
2812210091	ዬዝን፥ ታ ነ አጭቶ ማርዳን ፋና ነ ነ ላገ ማቅደ አርዘ አጭቶ ማሮደስ ነና ቤዞሶ?› ያጋይዳ።
2812220090	ይኒ ግሾ፥ ላꬄ ጋማ ዥልꬊ፥ ኤ ፋ አጭቶ ኡባ ጭጎደ ዎንꬅስ ኡንእንቶደ ፋና አች ኬꬃ ኦልዳ።
28122300a5	«ይኒ ፋና፥ ይን ፈተ ፈተ ይን እሻ ዎዝናፓ ማራንጽኮ ሳሎ የዘ ታ አዳይ ይንታና ይኒ ፋና ኦቾዳ» ያጋይዳ።
2813010095	የሱሳ ይኖ ኦህ Ꮉስዳንፓ ሱባ ጋልላፓ ደንዲ ዮርዳኖሳ ቦርካፓ ሰኮ ዛላ የዘ ይሁዳ ሳአ ቅትዳ።
281302003f	ጋማ አሱንꬅ ኤዛ ካሊ Ꮉንግን ኤ ፋꬅዳ።
28130300a1	ፋርሳዉንꬅ ኤዛ ፋታኖደስ ኮይ ኤጎ ይእ፥ «ፈቲ አስ አኮ ባጋራን ፋ ማችቶ ዳኮደስ ቤዘ?» ያጋእ ኦጭዳ።
2813040066	የሱሳ ማህ፥ «ጾዚ ቲኖ ꬊራꬅን ማቾን ማህ መꬍዳኖ ይን ናባብካተ?
281305009d	‹ይኒ ግሾ፥ ፈቲ አስ ፋ አዳያን ፋ እንቶ አሺ ፋ ማችትራ ፈቶ ማቃነ፥ ላምኡንꬅን ፈቲ አሾ ማቃነ።›
2813060094	ይኒ ግሾ፥ ኡን ፈቲ አሾ ማቃነፕ አትን ላምእ ማቆስ። ይኬ፥ ጾዚ አጭዳኖ አስ ሻክፐ» ያጋይዳ።
2813070096	ፋርሳዉንꬅ፥ «ዬዝን፥ ሙሴ ፈቲ አስ ዳፎ ዋርቃተ እንግ ዳኮደ ፋና አኮስ ኪትዶ?» ያጋእ ኦጭዳ።
28130800bf	የሱሳ ማህ፥ «ይን፥ ይን ማቹንꬃና ዳኮደ ፋና ሙሴ ይንትስ ጋይዳና፥ ይን ዎዝና ምንꬅት ግሾፕ አትን ቲኖፓ ይኒ ጋር ባያ።
281309008c	ታ ይንትስ ኦህነ፤ ፋ ማችቶ ጎመ ዋይንትካይዝን ዳኪ መለ ኤክዘ ኦደን ኦላልዳ» ያጋይዳ።
28130a0090	ኤ ታማሩንꬅ ኤጎ፥ «አዝኒ ባዝን ማች ባዝ ይኒ ጋር ማቅኮ ኤከን ገለን አትኮ ሎኦ» ያጋይዳ።
28130b0088	የሱሳ ማህ፥ «ይኒ ጋርዘ ትምርተ ጾዚ ዳንዳአ እንግዱንꬅስ ፋትን አስ ኡቡንꬅስ ባያ።
28130c012a	ይኬ፥ የልንትተራ አሽትመ ማቂ የልንትዱንꬅ የነ፥ ማህ አስ ቃራትዱንꬅ የነ፥ ማህ ሳሎ ካእቱሞ ግሾ ጋእ ፋና አሽትመ ማህዱንꬅ የነ። ይኒ ግሾ፥ Ꮉኖ ኤኮደስ ዳንዳእዘ ኦደን ኤኮ» ያጋይዳ።
28130d00d0	የሱሳ ፋ ኩሽቶ ኤራꬅ ናኡንꬃላ ጋዲ ኡንትስ ዎሶደ ፋና ፈቲ ፈቲ አሱንꬅ ናኡንꬃና ኤጎ ክእዳ። የዝን ኤ ታማሩንꬅ አሱንꬃና ካጭዳ።
28130e00bd	የዝን የሱሳ፥ «ሳሎ ካእቱሞ Ꮉን ስ ፋና የዙንꬅስ ማቅደ ግሾ ኤራꬅ ናኡንꬅ ታጎ የእዛኖ ካይፐተ፤ ዮኦ ጋኦተ» ያጋይዳ።
28130f0059	ፋ ኩሽቶ ኡንታላ ጋድዳንፓ ሱባ ይና በስትፓ አሺ ቅትዳ።
28131000a4	ፈቲ ቃማ ፈቲ አꬄ የሱሳጎ ይእ፥ «አስታማርዛዮ፥ ታኒ መዽና ደኦ ደንጎደስ አኮ ሎኦ ባዝ ኦቾ?» ያጋይዳ።
28131100cc	የሱሳ ኤጎ፥ «ሎኦ ባዝስ ነ ታና አኮስ ኦጨ? ፈቲ ጾዛፕ አትን መለ ሎኦ ባያ። የዝን ነ መዽና ደኦ ኤኮደስ ኮይኮ ኪቶ ናጎ» ያጋይዳ።
281312009c	አꬄ ማህ፥ «አኖ ኪታ» ያጋእ ኦጭዳ። የሱሳ ማህ፥ «ዎꬍፐ፥ ኦላልፐ፥ ካይስትፐ፥ ዎርዶ ማርክꬍፐ፥
281313005d	ነ አዳያን ነ እንቶ ቦንቾ፥ አስ ኡባ ነ ፋና ካꬎ» ያጋይዳ።
28131400a4	የ ሻካንዘ፥ «ታኒ Ꮉኖ ኡባ ናአትꬃፓ ደንꬅ ናግዳ። ዬዝን፥ መለ ታስ ፋጭደባዝ አኮ ባዞ?» ያጋእ ኦጭዳ።
28131500dd	የሱሳ ማህ፥ «ነ ፎሎ ማቆደስ ኮይኮ Ꮉንግ ኔስ የዘ ባዝ ባይዝ ዳሁንꬅስ እንጎ፤ ነ ሳሎ ዱረትꬅ ደንጎዳ። የይዝ ማቂ ይእ ታና ካሎ» ያጋይዳ።
2813160075	የዝን የ ሻካንዘ ጋማ ዱረ ማቅደ ግሾ ይኖ ስእደ ዎደ አዛንተራ አሺ ቅትዳ።
2813170097	ይንፓ ሱባ፥ የሱሳ ፋ ታማሩንꬃና፥ «ታ ይንትስ ቱሮ ኦህነ፤ ዱረ ሳሎ ካእቱሞ ገሎዳና ጋማ ማꬋ።
281318007b	ዱረ አስ ጾዘ ካእቱሞ ገሎዳንፓ ግማለ ማርፐ ኡሩንꬃራ ኣꬍዛና ላፋ» ያጋይዳ።
2813190085	የሱሳ ታማሩንꬅ ይኖ ስእ ጋማ ቆፒ፥ «ዬዝን፥ ኦደ አቶደስ ዳንዳኦደ?» ያጋእ ኦጭዳ።
28131a0099	የሱሳ ኡንታና ዳኪ ብእ፥ «Ꮉና አስስ ዳንዳእንቶስ፥ የዝን ጾዝስ ኡባና ዳንዳእንታነ» ያጋይዳ።
28131b0080	ጴጥሮሳ ማህ፥ «ኑኒ ኡባ ባዝ አሺ ነና ካልዳ። ዬዝን፥ ኑ አኮ ደንጎደ?» ያጋይዳ።
28131c0161	የሱሳ ኡንታጎ Ꮉኒ ጋር ያጋይዳ፦ «ታኒ ይንትስ ቱሮ ኦህነ፤ አስ ናአይ ዮኦደ ክለ አላምተ ፋ ቦንቾ አራታላ በትዘ ዎደ ይን ታጶ ላምኡንꬅ፥ ታና ካልዱንꬅ፥ ታጶ ላምእ አራታላ በቲ ታጶ ላምእ እስራኤለ ባጉንꬃላ አፋ ፍርዶዳ።
28131d00ed	ታ ሱንꬅት ግሾ ኬꬅቶ ዎይ እሹንꬃና ዎይ ምሹንꬃና ዎይ አዳያ ዎይ እንቶ ዎይ ናኡንꬃና ዎይ ጋድቶ አሽደ ኦደን ጼት ኩሸ ኤኮዳ። ማህ መዽና ደኦ ኤኮዳ።
28131e0093	የዝን ጋሙንꬅ Ꮉተ የስተ ቲኖ ማቅዱንꬅ ሱባ ማቆዳ፥ ማህ ሱባ ማቅዱንꬅ ቲኖ ማቆዳ» ያጋይዳ።
2814010090	«ሳሎ ካእቱሞ ፋ ዎይነ ግዳ ኦችዙንꬅስ ክራ እንጎደስ ዎንታ ጎዳ ከዝደ ካርቲ አዳያ አዛነ።
2814020091	ኤ ኦችዙንꬅስ Ꮉይኖ Ꮉይኖ ፈቲ ድናረ እንጎደስ ኡንታራ ጊጊ፥ ኡንታና ፋ ዎይነ ግዳ ዳክዳ።
281403008a	«ማህ ዎንታፓ Ꮉይꬕ ሳተ ማቅዝን ኬዚ ኦቻ ꬋብን ጋበ በሳ ኤቅደ መለ አሱንꬃና ደንግዳ።
281404009b	ኤ ኡንታጎ፥ ‹ይንትን ታ ዎይነ ግዳ Ꮉንግ ኦቾተ፥ ታኒ ይንትስ ታና ሎእደ ሚሸ እንጎዳ› ያጋይዳ።
281405007a	ኡንትን Ꮉንግዳ። ማህ ኤ እዝፑን ሳተራን ኡዱፉን ሳተራ ኬዚ ይኒ ፋና ኦችዳ።
28140600cf	ታጶ ፈቲ ሳተ ማቅዝን ኤ ከዝዘ ዎደ መሉንꬃና የይጋ ኤቅዱንꬃና ደንግ፥ ‹ይን ኦቻ ብሊ አዋራ ፌሾ Ꮉነ አኮስ ኤቂ ፌዥዶተ? ያጋይዳ።
28140700b3	«ኡን ማህ፥ ‹ኑና ክራ ኦጭዘ አስ ꬋብደ ግሾ› ያጋይዳ። «ኤዝን፥ ‹ይንትን ታ ዎይነ ግዳ Ꮉንግ ኦቾተ› ያጋይዳ።
28140800ec	«ሳታ ኡጉርን፥ ዎይነ አዳይ ኦችዙንꬅ Ꮉላቅዘጎ፥ ‹ኦችዙንꬃና ጼጊ ላሳ ኦቻ ገልዱንꬃፓ ደንꬂ ቲኖ ገልዱንꬃና የሎደስ ኡን ሚሽቶ እንጎ› ያጋይዳ።
2814090071	ታጶ ፈቲ ሳተር ኦቻ አይክዱንꬅን ይእ፥ ኦማ ኦማ ፈቲ ፈቲ ድናረ ኤክዳ።
28140a00a9	ቲኖ ኦቻ አይክዱንꬅ ይእ፥ ፋስ ጋማ እንግንቶዳ ጋእ ቆፕዳ። የዝን ኡንትን ኦማ ኦማ ፈቲ ፈቲ ድናረ ኤክዳ።
28140b004c	ፋ ሚሽቶ ኤኪ ማቂ ካርቲ አዳይላ አፋ ዙዝንግዳ።
28140c00a8	‹Ꮉን ስ ሱባፓ ይእ ፈቲ ሳተ ጻላላ ኦችዳ። የዝን አዋራ ፌሾ ላቢ ፌዥደ ኑራ ኡን ዋይዝ ፈቶ ማቀ› ያጋይዳ።
28140d00ae	«ዎይነ አታክልተ አዳይ ኦችዙንꬃፓ ፈታይጎ፥ ‹ታ እሻዮ፥ ታ ነና ቆህካያ፤ ነ ታራ ዉልꬍዳና ፈቲ ድናረስ ባነ?
28140e0072	ነ ሚሽቶ ኤኪ ነ ካራ ቅቶ። ታ ኡጉረ ይእደስን ኔኒ ፋና እንጎደስ ኮያነ።
28140f00a5	ታኒ ታ ሚሽትራ ኮይደባዝ ኦቾደስ ታስ አደትꬅ ዎልቃ ባነ? ዎይ ታ ዳልጋ ማቅደ ግሾ ነ ቅናታነ?› ያጋይዳ።
281410007a	«ይኒ ጋራን Ꮉተ ደእተ ሱብ ማቅዱንꬅ ቲኖዳ፥ ቲንዱንꬅ ማህ ሱቦዳ» ያጋይዳ።
2814110082	የሱሳ የሩሳላመ Ꮉንግተራ፥ ታጶ ላምእ ታማሩንꬃና ዱማ ጋጻ ኬሲ ኡንታጎ ያጋይዳ፦
28141200fe	«ይኬ፥ ኑኒ Ꮉተ የሩሳላመ Ꮉንገላ አፋ የነ። እዘ አስ ናአ ካህኑንꬅ Ꮉላቁንꬅስን ህገ አስታማሩንꬅስ አꬂ እንግንቶዳ። ኡንትን ኤላ አፋ Ꮉይቆ ፍርዳ ፍርዶዳ።
28141300f5	ኤዛ አይሁደ ማቆሰ ዎርዣስ አꬂ እንጎዳ። ኡን ኤዛ ካዉሾዳ፥ ጋራፎዳ፥ የይዝ ኤዛ ማስቅላላ አፋ ሱጾዳ። የዝን ኤ Ꮉይꬒንꬃ ቃማ Ꮉይቆፓ ደንዶዳ» ያጋይዳ።
281414009d	የ ዎደ ዛብዶሳ ማችታ ፋ ላምእ ꬊራꬅ ናኡንꬃራ የሱሳጎ ይእ፥ ኤ ቲኖ ቡንቁንቲ ፈቲ ባዝ ኤዛ ዎስዳ።
28141500ee	የሱሳ ኢጎ፥ «ነ አኮ ኮየ?» ጋይዳ። እዛ ማህ፥ «ነ ካእቱምተ Ꮉንꬅ ታ ላምእ ናኡንꬅ ፈታያ ኔስ ምዛቅ ዛላ ፈታያ ኔስ ዎርክታ ዛላ በቶ ጋኦያ!» ያጋይዳ።
28141600e8	የዝን የሱሳ ኡንታጎ ማህ፥ «ይን አኮ ዎስዛኮ ኤሮስ፤ ታኒ ኡሻደስ የዘ ማꬋ ጹኡቶ ኡሻደስ ዳንዳኦደ?» ያጋይዳ። ኡንትን፥ «ዬ ዳንዳኦዳ» ያጋይዳ።
281417011b	የሱሳ፥ «ቱሮ ታኒ ኡሻደስ የዘ ጹኡቶ ይን ኡሻዳ። የዝን ታ ምዛቅተን ዎርክተ በቶዱንꬃና ዶርዘ ታና ባያ። ይና በስታ እንግንትዘ፥ ታ አዳይ እንጎደስ ጊግዝደ አሱንꬅስ» ያጋይዳ።
2814180063	አትደ ታጵ ኤ ታማሩንꬅ ይኖ ስእደ ዎደ ላምእ እሹንꬃና ካጭዳ።
281419011b	የዝን የሱሳ ኡንታና ኡባ ጼጊ Ꮉኒ ጋር ያጋይዳ። «አይሁደ ማቆሰ አሱንꬃና አህዙንꬂ ፋ አሱንꬃላ ላꬅꬍዛኖን ኡንታና ካልꬅዙንꬅ ማህ ኡንታና አደትꬅ ዎልቃራ አህዛኖ ይን ኤራነ።
28141a007e	የዝን ይን ግዳ ይኒ ጋር ማቅፐ። ይንታፓ ꬎቆደስ ኮይዘ ኦደን ይንትስ አሮ ማቀ።
28141b006d	ይን ግዳ ኡባፓ ꬎቃ ማቆደስ ኮይዘ ኦደን ይንትስ አሮ ማቆደስ ቤዛነ።
28141c00d0	ይኒ ፋናን፥ አስ ናአ አስ ማዶደስን ጋማ አሱንꬃና ዎዞደስ ፋ ሸምፕቶ እንጎደስ ይእዳፕ አትን አሳራ ማድንቶደስ ይእካያ» ያጋይዳ።
28141d008c	ይንፓ ሱባ፥ የሱሳ ፋ ታማሩንꬃራ እያርኮፓ ኬዚ Ꮉንግዝን፥ ጋማ አሱንꬅ ኡንታና ካልዳ።
28141e00a9	ኦገ ጋጻ በትደ ላምእ ቆቁንꬅ የሱሳ የይጋራ አዽዛኖ ስእ፥ «ላꬆ፥ ዳዉተ ናአዮ፥ ኑና ማሮያ» ያጋእ ኡክዳ።
28141f00b0	ጋማ አሱንꬅ ኡንታና፥ «Ꮉይዞተ» ያጋእ ካጭዳ። የዝን ኡን፥ «ላꬆ፥ ዳዉተ ናአዮ፥ ኑና ማሮያ» ጋእ ጉጂ ኡክዳ።
2814200079	የሱሳ ኤቂ፥ ኡንታና ጼጊ፥ «ታ ይንትስ አክ ይሳደ ፋና ኮየተ?» ያጋእ ኦጭዳ።
2814210057	ኡንትን፥ «ላꬆ፥ ኑ ኣፍታ በአደ ጋር ኮየተ?» ያጋይዳ።
2814220090	የሱሳ ኡንትስ ይቅስንቲ፥ ኡን ኣፍቶ ቦችዳ። ኤልሲ ኡን ኣፍታ ብእዳ፤ ኡንትን ኤዛ ካልዳ።
28150100ef	የሱሳራን ኤ ታማሩንꬃራ የሩሳላመ ኡክ፥ ሻማሄ ደርዘላ የዘ ቤተፋገ ጋዘ ጉቱተ የሊተራ፥ የሱሳ ፋ ታማሩንꬃፓ ላምኡንꬃና ፋፓ ቲኖ Ꮉንጎተ ጋእ ኪትዳ፦
28150200b6	«ይንታፓ ቲኖ የዘ ጉቱተ Ꮉንጎተ። የይጋ ፈቲ Ꮉረ አቻ የዛኖ እ ናእትራ ይን ደንጎዳ። ኡንታና ብሊ ታጎ ኤኪ ዮኦተ።
281503008b	ኦደን ይንታና ኦጭኮ፥ ‹ላꬂ ኡንታና ኮያነ› ያጋኦተ። ኤ ኡንታና ኤለ ማሆዳ» ያጋይዳ።
2815040016	ይናን ናብዘ፥
28150500e0	«ጽዮነ ካታማስ፥ ‹ይኬ፥ ነ ካትዘ አዳ ማቂ፥ Ꮉርትላን Ꮉርት ናእትላ በቲ፥ ኔጎ የእነ› ያጋኦተ» ጋእ ጻፍንትዳና ፎልንቶደ ጋር ይና Ꮉንዳ።
2815060055	ኤ ታማሩንꬅ Ꮉንግ የሱሳ ኡንታና ኪትዳን ፋና ኦችዳ።
281507008b	Ꮉርቶን Ꮉርቲ ናእቶን ክእ ካታራ ፋ ማእቶ ኡን ባንተ ጋድዳ። የሱሳ ማእትላ አፋ በትዳ።
281508006d	ጋማ አሱንꬅ ፋ ማእቶ ኦግተ ዪጽዳ። መሉንꬅ ታሸ ታርሺ ኦግተ ኦልዳ።
2815090118	የሱሳፓ ቲኖራ Ꮉንግዙንꬅን ኤፓ ሱባራ ካልዙንꬅ ጋማ አሱንꬅ፥ «ሆሳና! ዳዉተ ናአይ ጋላትንቶ! ላꬄ ሱንꬅተ ይእዘ አንጅንትዳያ! ቦንቾ ኡባፓ ꬎቃ ሳሎ ጾዝስ ማቀ!» ያጋእ ኡክዳ።
28150a009c	የሱሳ የሩሳላመ ካታማ ገልደ ዎደ ይና ካታምተ የዘ አሱንꬅ ኡቡንꬅ፥ «Ꮉይ ኦደ?» ያጋእ ቱርቱርዳ።
28150b0070	አሱንꬅ፥ «Ꮉይ ጋልላ የዘ ናዝረተ ካታማፓ ይእደ ናበ የሱሳ» ያጋይዳ።
28150c00d7	የሱሳ ጾዘ ኬꬃ ገሊ፥ የይጋ ባይዙንꬃናን ዎንግዙንꬃና ኡባ ባለ ባይእዳ። ሚሸ ላምዙንꬃና ጠርጴዝቶን ዎለ ባይዝዘ ኦይድቶ ሽሪ ኦልዳ።
28150d00dc	ኤዝን ኡንታጎ፥ «ጾዘ ቃልተ፥ ‹ታ ኬꬅታ ጾዝ ዎስዘ ኬꬂ ጋእንታነ› ጋእንት ጻፍንትዳ። የዝን ይን ፋኖ አችንትዘ ዎምኦ ማህዳተ» ያጋይዳ።
28150e006c	የሱሳ ጾዘ ኬꬃ የሳደራ ቆቁንꬅን ዎቡንꬅ ኤጎ ይእን ኡንታና ፋꬅዳ።
28150f0103	የዝን ካህኑንꬅ Ꮉላቁንꬅን ህገ አስታማሩንꬅ የሱሳ ኦችደ ጋማ ቆፍዘ ባዝቶ ብእዳነን ዦጋ ናኡንꬅ ጾዘ ኬꬃ፥ «ዳዉተ ናአይ፥ ጋላትንቶ» ያጋእ ኡክዛኖ ስእ ካጭዳ።
281510012e	ኡን የሱሳጎ፥ «Ꮉን ስ ጋዛኖ ነ ስእነ?» ያጋይዳ። የሱሳ፥ «ዬ ስእነ፥ ጾዘ ቃልተ፥ ‹ዦጋ ናኡንꬅ ዶንተን ꬋንግዘ ናኡንꬅ ዶንተ ጋላታ ጊግዛነ› ጋእንት ጻፍንትዳኖ ይን ናባብካተ?» ያጋይዳ።
281511004b	ኡንታና የይጋ አሺ ብታንያ ካታማ Ꮉንግ አቅዳ።
2815120048	የሱሳ ዎንታ ጎዳ ካታማ ማቂ ይእተራ ናይꬍዳ።
281513011f	ኦገ ጋጻ ፈቲ በለሰ ምንጻ ብእ ኢጎ Ꮉንግዳ። የዝን Ꮉየፕ አትን መለ አኮን ደንግካያ። ይኒ ግሾ፥ እዞ፥ «ይኬፓ ላምእንꬃ ኣፈ አፍፐ!» ያጋይዳ። ይና በለሰ ምንጽታ ኤልሲ መሊ አትዳ።
2815140079	ኤ ታማሩንꬅ ይኖ ብእ፥ «Ꮉና በለስታ ዋይዝ ኤልሲ መልዶ?» ያጋእ ጋማ ቆፕዳ።
2815150117	የሱሳ ማህ፥ «ታኒ ይንትስ ቱሮ ኦህነ፤ ይንትስ አማኖ የዝኮ፥ ማህ ይን ስꬋንጽኮ በለስትላ ታኒ ኦችዳን ፋና ጻላላ ኦቾስ፥ የዝን ‹Ꮉይ ደርዛ ሾድንት አባ ዎꬎ› ያጋይኮ Ꮉኖዳ።
2815160058	አማኒ ይን ዎስዘ ባዝ አኮን ማቅኮ ይን ኤኮዳ» ያጋይዳ።
2815170123	የሱሳ ጾዘ ኬꬃ ገሊ ታማርሶደራ፥ ካህኑንꬅ Ꮉላቁንꬅን አይሁደ ጭሙንꬅ ኤጎ ይእ፥ «ነ Ꮉኖ ኦቾደ ፋና ኔስ አኮ አደትꬅ ዎልቃ የዘ? ኔስ Ꮉኖ አደትꬅ ዎልቅቶ እንግደ ኦደ?» ያጋእ ኦጭዳ።
28151800be	የሱሳ ኡንታጎ፥ «ታኒ ይንታና ፈቲ ባዝ ኦጫነ፤ ይን ታስ ይኖ ማህኮ፥ ታንን አኮ አደትꬅ ዎልቃራ ኦችዛኮ ይንትስ ኦሆዳ።
28151900e2	ዋሐንሳ ጽንቃተ አናፓ? ጾዛፓነ አሳፓ?» ያጋይዳ። ኡን ፋ ግዳ ዞርንት፥ «ኑ፥ ‹ጾዛፓ› ጋይኮ፥ ኤ ኑና፥ ‹ዬዝን አኮስ አማናንጽዶ?› ያጋኦዳ።
28151a0096	ኑ፥ ‹አሳፓ› ጋይኮ፥ አስ ኡቡንꬅ ዋሐንሳ ናበ ማህ በእዘ ግሾ ኑ አሱንꬃና ዣሽታነ» ያጋይዳ።
28151b00ba	ይኒ ግሾ፥ «ኑ ኤሮስ» ያጋእ ማህዳ። ኤዝን፥ «ይኬ፥ ታንን Ꮉኖ አኮ አደትꬅ ዎልቃራ ኦችዛኮ ይንትስ ኦሆስ» ያጋይዳ።
28151c00ef	«የሱሳ ማህ Ꮉኒ ጋር ያጋይዳ፦ ላምእ ꬊራꬅ ናኡንꬅ የዘ ፈቲ አꬄ የነ። የ አꬄ ፈቲ ናአይጎ Ꮉንግ፥ ‹ታ ናአዮ፥ Ꮉይኖ ዎይነ ግዳ Ꮉንግ ኦቾ› ያጋይዳ።
28151d0086	ናአይ ማህ፥ ‹አቶ Ꮉንጎስ› ያጋይዳ። የዝን ሱባፓ ፋ ዎዝንተ ቆፒ ኦቾደስ Ꮉንግዳ።
28151e00c5	አዳይ ፋ Ꮉንካይ ናአይጎ Ꮉንግ፥ ፋ ቲኖ ናአይጎ ጋይዳን ፋና ኪትዳ። ኤዝን፥ ‹የኤ፥ ታ አዳዮ› ያጋይዳ። የዝን Ꮉንግካያ።
28151f0135	Ꮉንꬅ ላምእ ናኡንꬃፓ ፋ አዳይስ ኪትንትደ አዮ?» ያጋይዳ። ኡንትን፥ «ቲኖያ» ያጋይዳ። የሱሳ ኡንታጎ፥ «ታ ይንትስ ቱሮ ኦህነ፤ ቃራጠ ጋችዙንꬅን ኦላልዙንꬅ ይንታፓ ቲኒ ጾዘ ካእቱምቶ ገሎዳ።
2815200125	ጻማቅዘ ዋሐንሳ ሉለ ኦገ ታማርስተራ ይእን ኤ ጋዛኖ አማንካያ። የዝን ቃራጠ ጋችዙንꬅን ኦላልዙንꬅ አማንዳ። ይን መለ አቶ የዝን፥ ኡንታና ብእ ይን ናጋርትፓ ማቂ አማንካያ» ያጋይዳ።
2815210152	ማህ የሱሳ Ꮉኒ ጋር ያጋይዳ፤ «መለ አዝዘ ስኦተ፥ ዎይነ ቱክደ ፈቲ አꬄ የነ። የ ዎይንዘ ካንቶ ዉቱꬂ ጋስዳ። ዎይነ ጭጭዘ ኦላን ቦክዳ። ዎይንዛ ናጎደስ ሻኮን ሻክዳ። ይንፓ ሱባ፥ ጋድቶ ኮꬄ እንግ መለ ሳአ ቅትዳ።
2815220092	ዎይነ ኣፍቶ ማጽዘ አግና የልን ፋና የልዘ ባግቶ ኤኪ ኮኦደ ጋር ፋ አሩንꬃና ኡንታጎ ዳክዳ።
281523009a	ኮꬄ እንግደ አዳይ ኤ አሩንꬃና አይኪ ፈታያ Ꮉꬍዳ፥ Ꮉንካያ ዎꬍዳ ማህ አትዱንꬃና ሹቻራ ꬎግዳ።
28152400c0	ዎይነ አታክልት አዳይ ቲኑንꬃፓ ኣꬍዘ መለ አሩንꬃና ኪትዳ። ኮꬄ ኤክዱንꬅ ኡንታና Ꮉንኩንꬃላ አፋ ኦችዳን ጋር ኦችዳ።
2815250071	ዉርሱꬅተ ኤ፥ ‹ታ ናአያ ኡን ቦንቾዳ!› ያጋእ ፋ ናአያ ኡንታጎ ኪትዳ።
2815260099	«የዝን ጋድቲ አዳይ ናአያ ብእ ዎል ግዳ ‹ጋድቶ ላቶደ Ꮉያ፥ ኤዛ ዎꬊ ጋድቶ ኑ ኤኮዳ!› ያጋይዳ።
2815270045	ናአያ አይኪ ዎይነ ግድትፓ ጋጻ ኬሲ ዎꬍዳ።
2815280089	«ይኬ፥ ዎይነ አታክልት ላꬄ የእዘ ዎደ የ ኮꬄ ኤክደ አዱንꬃና ዋይሳደ?» ያጋእ ኦጭዳ።
28152900d7	ኡን ማህ፥ «ኤ የ ኢታ አሱንꬃና ኢታ ዎ ዎꬊ፥ ዎይንዘ ኣፍዘ ዎደ ኤዛ የልዘ ባግቶ ዎደራ ዎደራ እንግዘ መለ አስስ ኮꬄ እንጎዳ» ያጋይዳ።
28152a0129	የሱሳ ማህ ኡንታጎ፥ ጾዘ ቃልተ፥ ኬጽዙንꬅ ለቂ እጽደ ሹችዘ፥ ማይዘነስ ኦማ ማቃነ፥ ኡባፓ ኣꬍዘ ሹች ማቃነ። ይኖ ላꬂ ኦችደባዝ፤ ኑ አፍትስ ጋማ ቆፍዘ ባዝ ጋእንት ጻፍንትዳኖ ናባብካተ?
28152b00a1	«ይኒ ግሾ፥ ታኒ ይንትስ ኦህነ፤ ጾዘ ካእቱሞ ይንታፓ ኤክንቲ ሎኦ ኣፈ ኣፍዘ አሱንꬅስ እንግንቶዳ። [
28152c0098	Ꮉይ ሹችዘላ አፋ ጎልእዘ ኡባ መቆዳ። ማህ Ꮉይ ሹችዘ ኤላ አፋ ዎꬍዘ አꬄን ጋጭንቶዳ»] ያጋይዳ።
28152d0088	ካህኑንꬅ Ꮉላቁንꬅን ፋርሳዉንꬅ የሱሳ ኦህደ አዝዝቶ ስእደ ዎደ ፋና ኦህዳኖ ኤርዳ።
28152e008d	ኡን የሱሳ አይኮደስ ኮይዳ፥ የዝን አሱንꬅ የሱሳ ናበ ማህ በእዘ ግሾ አሱንꬅስ ዣሽትዳ።
281601004f	የሱሳ አሱንꬅስ ማህ Ꮉኒ ጋር ያጋእ አዝዘ ኦህዳ።
2816020051	«ጾዘ ካእቱሞ ፋ ናአይስ ዣጋና ጊግዝደ ካት አዛነ።
28160300ab	የ ካትዘ ዣጋና ዮኦደ ፋና ኦህ ጋድደ አሱንꬃና ጼጎደስ ፋ አሩንꬃና ኪትዳ። የዝን አሱንꬅ ዮኦደስ ኮይካያ።
2816040102	ማህ መለ አሩንꬃና ጼጊ፥ ጼግንትደ አሱንꬃጎ Ꮉንግ፥ ‹ታኒ ታ ሳንጉንꬃናን ሞꬉንꬃና ሹክዳ፤ ኡባና ጊግዳ። ታ ዣጋና ድግሳጎ Ꮉንካ ዮኦተ ያጋኦተ› ያጋእ ኪትዳ።
2816050095	የዝን ጼግንትዱንꬅ ጼግቶ እጺ፥ ፋ ኦቻ ኦቻ ቅትዳ። ፈታይ ፋ ዎታስ፥ Ꮉንካይ ፋ ዛልኤ ቅትዳ።
2816060052	መሉንꬅ ማህ ካት አሩንꬃና አይኪ፥ ኢሲ Ꮉꬊ ዎꬍዳ።
281607008e	«ካትዘ ጋማ ዥልꬊ፥ ፋ ዎታዳሩንꬃና ዳኪ ሸምፖ ዎꬍዱንꬃና ዎꬍዝዳ፥ ኡን ካታምቶ ኤꬅዳ።
281608008c	ይንፓ ሱባ፥ ፋ አሩንꬃጎ፥ ‹ዣጋንታ ጊግዳ፥ የዝን ጼግንትዱንꬅ ዣጋናስ ቤዘ አስ ባያ።
2816090081	ይኒ ግሾ፥ ዳልጋ ኦገ Ꮉንግ፥ ደንግደ አስ ኡባ ዣጋና ዮኦደ ፋና ጼጎተ› ያጋይዳ።
28160a009a	አሩንꬅን ኦገላ Ꮉንግ ፋስ ደንግደ አስ ኡባ ሎኡንꬃናን ኢቱንꬃና ክእ ዣጋና ዳሰ ገልꬂ ኩንꬅዳ።
28160b00a3	«የዝን ካትዘ ካꬃ ማአደስ በትደ አሱንꬃና በአደስ ገልደ ዎደ ዣጋና አፉላ ማእካይዘ ፈቲ አስ ደንግዳ።
28160c0095	ኤጎ፥ ‹ናተ፥ ነ ዣጋና አፉላ ማእካይዛራ ዋይዝ Ꮉነ ገልዶ?› ያጋይዳ። የዝን አꬄ ስእ ጋይዳ።
28160d00bb	«ካትዘ ፋ አሩንꬃጎ፥ ‹Ꮉይ አꬄ ኩሽቶን ቶህቶ አጪ፥ ባለ ꬉማ ኬሲ ኦሎተ። እዘ ዬፎን አች ጋርጭንገ ማቆዳ› ያጋይዳ።
28160e0085	«ይኒ ፋናን፥ ጾዘ ካእቱሞስ ጼግንትዱንꬅ ጋማ የዝን ዶርንትዱንꬅ ኤራꬅ» ያጋይዳ።
28160f007b	ይንፓ ሱባ፥ ፋርሳዉንꬅ Ꮉንግ፥ የሱሳ ዋይዝ ኦሄራ አይኮድ የዛኮ ዞርንትዳ።
281610013a	ፋ ታማሩንꬃናን ካት ሄሮድሳ ባጉንꬃፓ ፈታ ፈታ ኪትዳ። ኡንትን፥ «አስታማርዛዮ፥ ነ ቱሮ ኦህዛኖ ኑ ኤራነ። ነ አሳፓ አስ ሻጎስ፥ አስ ዎይጋንደስ ጋእ አኮን ኦቾስ፥ ጾዘ ኦግቶ ቱረትꬃራ ታማርሳነ።
281611006d	አነ ኑስ ኦሆ፥ ኑኒ ሮመ ካትስ ጊራ ጊሮደስ ቤዛነን ቤዞሳ?» ያጋይዳ።
2816120070	የዝን የሱሳ ኡን ኢታ ቆፍቶ ኤሪ፥ «Ꮉንꬅ ጩቡንꬆ፥ ታና አኮስ ፋታነተ?
2816130065	ጊራ ጊርዘ ሚሸ ታና ቤዞተ» ያጋይዳ። ኡንትን ኤስ ድናረ ክእዳ።
2816140049	ኤ፥ «Ꮉይስ ሱንꬅታን ብሽታ ኦደሶ?» ያጋይዳ።
28161500c5	ኡንትን፥ «ሮመ ካታይስ» ያጋይዳ። ዬዛኮ የሱሳ ኡንታጎ፥ «ይኬ፥ ካትስ ቤዛኖ ካትስ፥ ጾዝስ ቤዛኖ ጾዝስ እንጎተ» ያጋይዳ።
2816160054	ኡንትን ይኖ ስእደ ዎደ ጋማ ቆፒ ኤ ካለፓ አሺ ቅትዳ።
2816170080	ይና ቃምተ Ꮉይቆፓ ደንዶ ባያ ያጋዘ ሳዱቃዉንꬅ የሱሳጎ ይእ፥ ያጋእ ኤዛ ኦጭዳ።
28161800cb	«አስታማርዛዮ፥ ‹ሙሴ፥ ፈቲ አስ ናአ የልካይዛራ Ꮉይቅኮ፥ የ Ꮉይቅደ እሻይ ኤ ማችቶ ኤኪ፥ ፋ እሻይስ ናአ የሎ› ያጋእ ኪትዳ።
2816190099	ኑ ኤርዘ ላፑን እሹንꬅ የነ። አንግሰ ማቾ ኤኪ ናአ የልካይዛራ Ꮉይቂዳ። ኤ ማችቶ ኤ ጌዘ ማህዳ።
28161a0066	ይኒ ፋና፥ የ ላምአን ን፥ Ꮉይꬓን ን፥ Ꮉንግ ላፑኑንꬆ የሎደስ።
28161b0031	ኡባፓ ሱባ ይና ማችታ Ꮉይቂዳ።
28161c00b4	ዬዝን፥ ላፑኑንꬅ ኡቡንꬅ እዞ ማህደ ግሾ Ꮉይቆፓ ደንድዘ ቃማ፥ ይና ማችታ ላፑኑንꬃፓ አየ ማቾ ማቃደ?» ያጋይዳ።
28161d0062	የሱሳ ማህ፥ «ይን ጾዘ ቃላን ኤ ዎልቅቶ ኤሮሰ ግሾ ባልንታነ።
28161e0086	አሱንꬅ Ꮉይቆፓ ደንድዘ ዎደ ሳሎ የዘ ኪታንቹንꬅ ፋና ማቃነፕ አትን ኤኮስን ገሎስ።
28161f0073	ማህ Ꮉይቂደ አሱንꬅ Ꮉይቆፓ ደንዶደ ባዝ ጾዚ ይንትስ ኦህዳኖ ናባብካተ?
28162000db	ጾዚ፥ ‹ታኒ አብራሃማ ጾዝ፥ ይሳቃ ጾዝ፥ ያይቆባ ጾዝ› ያጋይዳ። ይኒ ግሾ፥ ጾዚ ፋጻ የዙንꬅ ጾዛፕ አትን Ꮉይቂዱንꬅ ጾዝ ባያ» ያጋይዳ።
281621004c	ጋማ አሱንꬅ ይኖ ስእ፥ ኤ ትምርትተ ጋማ ቆፕዳ።
281622007b	የሱሳ ሳዱቃዉንꬅስ ጋዉደ ባዝ ꬋብስዳኖ ፋራሳዉንꬅ ስእደ ዎደ ፈትላ ሺቅዳ።
2816230059	ኡን ግዳፓ ፈቲ ህገ አስታማርዘ የሱሳ ፋታና ኦጨ ኦጭዳ።
2816240056	«አስታማርዛዮ፥ ህገ ኡባፓ ኣꬍዘ አያ?» ያጋእ ኦጭዳ።
281625008d	የሱሳ ማህ፥ ነ ላꬃ፥ ነ ጾዛ፥ ነ ኩሙꬅ ዎዝናፓ፥ ነ ኩሙꬅ ሸምፖፓ፥ ነ ኩሙꬅ ቆፋፓ ካꬎ።
281626002e	ኡባፓ ኣꬍዘን ቲኖ ኪታ Ꮉኖ።
2816270078	ላምእንꬃ ኡባፓ ኣꬍዘ ኪታ፥ አስ ኡባ ነ ኦምቶ ነ ካꬍዛን ፋና ካꬎ ያጋዛኖ።
2816280063	ሙሴ ህገን ናቡንꬅ ትምርተ ኡባ Ꮉና ኪትላ አፋ ካታነ ያጋይዳ።
281629004a	ፋርሳዉንꬅ ፈትላ ሺቂ የዝን፥ የሱሳ ኡንታና፥
28162a0093	«ክርስቶሳ ባዝ ይን ዋጋኤተ? ኤ ኦደ ናአ?» ያጋእ ኦጭዳ። ኡን፥ «ኤ ዳዉተ ናአ» ያጋእ ማህዳ።
28162b00a0	የሱሳ ኡንታጎ፥ «ዬዝን፥ ዳዉተ ጌሽ አያናራ ማቂ ዋይዝ ክርስቶሳ፥ ‹ላꬆ› ጋእ ጼገ? ዳዉተ ጋእተራ፥
28162c00ab	«ላꬂ ጾዚ፥ ታ ላꬄጎ፥ ነ ሞርኩንꬃና ነ ቶህታ የꬍዘ በሲ ማሆደ ዎንꬅስ፥ Ꮉነ ታፓ ምዛቅ ባጋራ በቶ» ጋይዳ።
28162d0081	ይኬ፥ ዳዉተ ክርስቶሳ ላꬆ ጋእ ጼግኮ፥ ዋይዝ ክርስቶሳ ዳዉተ ናአ ማቀ? ያጋይዳ።
28162e00b2	የሱሳስ ፈቲ ቃላ ማሆደስ ዳንዳእደ አስ ኦደን ባያ። ማህ ይና ቃምትፓ ደንꬂ መለ ኦጨ ኦጮደስ ኦደን ዳንዳእካያ።
281701006f	ይንፓ ሱባ፥ የሱሳ ሺቅደ አሱንꬅስን ፋ ታማሩንꬅስ Ꮉኒ ጋር ያጋይዳ።
2817020079	«ህገ አስታማሩንꬅን ፋርሳዉንꬅ ሙሴ ህገ ታማርሶደስ አደትꬅ ዎልቃራ የነ።
28170300bf	ይኒ ግሾ፥ ኡን ይንታና ኪትደ ኡባ ኦችቶ ናጎተ። የዝን ኡን ኦችዛን ፋና ኦችፈተ። አኮስ ጋይኮ፥ ኡን ኦህዛንፋና ኦቾስ።
28170400d4	ኡን ቶኮደስ ዳንዳእንቶሰ ቶፎ አጪ አስ ቶሳነ። የዝን ፋስ መለ አቶ የዝን፥ የ ቶፍዛ አሱንꬅ ቶክዘ ዎደ ግልአ በርꬃራ ቦቾደስ ኮዮስ።
28170500dd	«የዝን ኡን ፋ ኦችቶ ኡባ አስ በአደ ፋና ኦቻነ። ፋ ስንተን ኩሽተ አጭዘ ማጻፈ ጽቅሰ የዘ ኪታፈ ዳልግዛነ፥ ፋ አፉልቲ ማጫርቶን ጳርግዛነ።
281706006a	ሞክንትዘ በሳ ቦንቾ በስን አይሁደ ዎሳ ኬꬃ ጋማ ሎኦ ኦይዳ ካꬋነ።
281707007d	አሱንꬅ ጋበ ኡንታና ቦንቾራ ሳርꬆዳኖን ‹አስታማርዛዮ› ጋእ ጼግዛኖ ኮያነ።
28170800b2	«የዝን ይን አስታማርዘ ፈቶ ጻላላ ማቅደ ግሾን ይን ኡባ እሹንꬃና ማቅደ ግሾ ‹አስታማረ› ጋእንቲ ጼግንትፐተ።
2817090084	ይንትስ ሳሎ ፈቲ አዳይ ጻላላ የዘ ግሾ Ꮉነ ሳአላ ኦደን ‹አዳዮ› ጋእ ጼግንትፐተ።
28170a0072	ይንትስ ፈቲ ላꬂ ክርስቶሳ ጻላላ የዘ ግሾ ‹ላꬆ› ጋእንት ጼግንትፐተ።
28170b003e	ይን ግዳ አንግስትዘ ይንትስ አሮ ማቀ።
28170c005a	ፋና ꬎቅ ዪዘ ኦደን ቶቾዳ፤ ፋና ቶችዘ ኦደን ꬎቅ ጋውዳ።
28170d00ef	«ይን፥ ጩቡንꬆ፥ ህገ አስታማሩንꬆ ፋርሳዉንꬆ፥ አሱንꬅ ቲኖ ሳሎ ካእቱሞ ጎርድዙንꬆ ይንታና ባደ። ይን፥ ይን ኦምተ ገሎስ ማህ መሉንꬃናን ገልꬆስ።
28170e010d	[«ይን ጩቡንꬆ፥ ህገ አስታማሩንꬆን፥ ፋርሳዉንꬆ ቡዳኑንꬅ ኬꬅቶ ይን ቦንቅተ፥ አስ ቦኦ ጋእ ዎሳ ጳርግዛነ። ይኒ ግሾ ይንታና ባደ። ኡባፓ ኣꬍዘ ፍርዳ ይንታና ናጋነ።]
28170f0120	«ይን፥ ጩቡንꬆ፥ ህገ አስታማሩንꬆ ፋርሳዉንꬆ፥ ይን ፈቲ አስ አማንꬆደስ አባራን ሳአራን ዉታነ። የዝን ይን ኤዛ አማንꬅደ ዎደ የ አꬃ ይንታፓ አꬂ ጋናመስ ጊግዘ ግሾ ይንታና ባደ።
28171000fd	«ኦደን ጾዘ ኬꬃራ ጫቂኮ አኮን ባያ። የዝን ጾዘ ኬꬃ የዘ ዎርቃራ ጫቂኮ፥ ይና ጫቅታ ኤዛ ጎሞዳ ጋዘ ቆቁንꬆ፥ ይንትስ ቆቂ መሉንꬃና ካልꬅዙንꬆ፥ ይንታና ባደ።
281711006e	ይን፥ ኤዩንꬆ፥ ቆቁንꬆ፥ ዎርቃ አꬋነነ? ዎርቂዛ ጌሽዘ ጾዘ ኬꬅታ አ?
28171200da	ማህ ‹ኦደን ዣርሾ ዣርሽዘ በስተ ጫቂኮ፥ አኮን ባያ። የዝን ኦደን ኤ ካታራ የዘ ዣርሽተ ጫቂኮ፥ ይና ጫቅታ ኤዛ ጎሞዳ› ያጋእ ታማርሳነ።
281713005a	ይን፥ ቆቁንꬆ፥ ዣርሽታ አꬋነነ? ዣርሽቶ ጌሽዘ በስታ አ?
2817140082	ይኒ ግሾ፥ ዣርሾ በስተ ጫቂዘ አꬄ፥ ይና ዣርሾ በስተን ኤላ አፋ የዘ ኡባነ ጫቃነ።
2817150061	ጾዘ ኬꬃ ጫቂዘ አꬄ፥ ይና ጾዘ ኬꬅተን እዘ የዘ ጾዘላ ጫቃነ።
2817160063	ሳሎ ጫቂዘ አꬄ ጾዘ አራትተን የ አራትዘላ በትደ ጾዘላ ጫቃነ።
28171701a3	«ይን፥ ጩቡንꬆ፥ ህገ አስታማሩንꬆን ፋርሳዉንꬆ፥ ይንታና ባደ። ይን ካርꬅ ጋላፓ፥ ናትራፓን ጻሎተፓ አስራታ ከሳነ። የዝን ህግተ የዘ ኣꬊ ኮሽዙንꬃና አሽዳ። ይናን ሉለ ፍርዳ፥ ማሮትꬅን ኡባ ባዛ አማንንተ። መሉንꬃናን አሽካይዛራ Ꮉን ሳና ይን ኦቾደስ ቤዛነ።
2817180073	ይንትስ ቆቂ መለ አስ ካልꬅዙንꬆ፥ ይን ኡሽትፓ ዉኑኖ ኬሲ ግማለ ቆꬋነ።
28171900ec	«ይን፥ ጩቡንꬆ፥ ህገ አስታማሩንꬆ ፋርሳዉንꬆ፥ ይንታና ባደ። ይን ቡርጩቆስን ሳነስ ካታ ዛልቶ ጌሻነ። የዝን ኡን ጋንጭተ ቦንቃን ቂራትꬅ ኩምዳ።
28171a009a	ናተ ቆቀ ፋርሳዉዛዮ፥ ቡርጩቆስን ሳነስ ጋንጭቶ ቲኒ ጌሾ። ይንፓ ሱባ፥ ካታ ዛልታን ጌሽ ማቃዳ።
28171b00f0	«ይን፥ ጩብንꬆ፥ ህገ አስታማሩንꬆን ፋርሳዉንꬆ፥ ይንታና ባደ። ባለ ዛላራ ቦꬅ ቃላመ ትዥንቲ ሎእ፥ ጋንጭተ መቃꬅን ዎቅደባዝ ኩምደ ቦዛ ይን አዛነ።
28171c0081	ይኒ ፋና፥ ካታ ዛላራ አስስ ሎኦ አዛነ። የዝን ይን ጋንጭተ ጩቦን ኢታትꬅ ኩምዳ።
28171d00c1	«ይን፥ ጩቡንꬆ፥ ህገ አስታማሩንꬆን ፋርሳዉንꬆ፥ ይንታና ባደ። ይን ናቡንꬅስ ቦዛ ኬጻነ፥ ማህ ጽሉንꬅ ቦዛን ሎይꬃነ።
28171e00a3	ማህ ይን፥ ‹ኑኒ ዛጋ ኑ አዱንꬅ ዎደ የዘ ባዝ ማቅዛኮ፥ ኡንታራ ዎላ ናቡንꬅ ሱꬅቶ ጉሳማ የሻ› ያጋነ።
28171f0080	ይኒ ግሾ፥ ይን ናቡንꬃና ዎꬍደ አስ ናኡንꬃና ማቅዳኖ ይን ይን ኦምተ ማርክꬋነ።
2817200041	ይኬ፥ ይን አዱንꬅ አይክዳኖ ይን ፎሎተ።
2817210065	«Ꮉንꬅ ሾሹንꬆ፥ ጎፕ ናኡንꬆ፥ ይን ጋናመ ፍርዳፓ ዋይዝ አቶደ?
281722015d	ይኒ ግሾ፥ ታ ኦህዛኖ ስኦተ፤ ታኒ ናቡንꬃና፥ ጭንጫ አሱንꬃናን አስታማሩንꬃና ይንታጎ ኪቶዳ። ኡንታፓ ፈታ ፈታ ይን ዎꬎዳን ማስቃላላ አፋ ሱጾዳ። ባጉንꬃና አይሁደ ዎሳ ኬꬃ አላንጋራ ጋራፎዳን ካታማፓ ካታማ ባይኦዳ።
28172300f6	ይኒ ግሾ፥ ጽሎ አቤላ ሱꬃፓ ደንꬂ፥ ጾዘ ኬꬃፓን ዣርሾ በሳፓ ግድተ ይን ዎꬍደ ባራክያ ናአ ዛካርያሳ ዎደ የሎደስ Ꮉይቂደ ጽሎ አስ ኡባ ግሾ ይንታና የሎዳ።
28172400a4	ታኒ ይንትስ ቱሮ ኦህነ፤ ይንትን ይን አዱንꬅ ኦችደ ባልትስ Ꮉና ፍርድታ ኡባ Ꮉንꬅ የለቱንꬃላ የሎዳ።
2817250135	«የሩሳላመ፥ የሩሳላመ፥ ናቡንꬃና ዎꬍዛነ! ጾዚ ኔጎ ኪትዱንꬃና ሹቻራ ꬎግዛነ! ሉኩለ ፋ ናኡንꬃላ አፋ ቀፈራ Ꮉጵዛን ፋና ታኒ ነ አሱንꬃና ታ ሹጵተ ሺሾደስ ዋንꬅ ቶሄ ኮይዶ! የዝን ታና ነ እጽዳ።
2817260038	ይኬ፥ ይን ጾዘ ኬꬅታ ካይስ ማቃዳ።
28172700ab	ታኒ ይንትስ ኦህነ፤ ‹ላꬄ ሱንꬅተ የእዘ አንጅንትዳያ› ይን ጋኦደ ዎንꬅስ ላምእንꬃ ታና ቦኦስ» ያጋይዳ።
281801007e	የሱሳ ጾዘ ኬꬃፓ ኬዚ ቅትዝን፥ ኤ ታማሩንꬅ ኤጎ ይእ፥ ጾዘ ኬꬅ ግምብቶ ቤዝዳ።
28180200df	የሱሳ ኡንታጎ ማህ፥ «ዬ! Ꮉኖ ኡባኖ በእነተ? ታኒ ይንትስ ቱሮ ኦህነ፤ ሹች ሹቻላ አፋ ኬልንትደ ፋና ፈትን ዉልእንትካይዛራ አቶስ» ያጋይዳ።
28180300fa	የሱሳ ሻማሄ ደረላ አፋ በቴዝን፥ ኤ ታማሩንꬅ ፋ ጻላላ ኤጎ ይእ፥ «ይና አይደ Ꮉኖድ የዛኮ ኑስ ኦሆ። ማህ ነ የእትስን ዎደ ዉርሱꬅትስ ማላ አኮ? ያጋእ ኦጭዳ።
2818040051	«የሱሳ ማህ፥ ይንታና ኦደን ባልꬃመ ፋና ናግንቶተ!
28180500bb	አኮስ ጋይኮ፥ ጋማ አሱንꬅ ታ ሱንꬅተ፥ ‹ታኒ ክርስቶሳ፥ ጾዚ አስ አሾደስ ኪትዳያ› ያጋይትራ ይእ ጋማ አስ ባልꬆዳ።
28180600a2	ይን ኦላን ኦላ ዎረ ስኦደስ የነ። ይኒ ጋርዘ ባዝ Ꮉኖደስ ቤዝዘ ግሾ ይርግፐተ። የዝን ዉርሱꬅታ Ꮉጋ።
2818070094	ዎርዣ ዎርዣራ፥ ፈቲ ካእቱሞ መለ ካእቱሞራ ኦልንቶዳ። ናየን ሳአ ኤንኤ ዱማ ዱማ በሳ ማቃዳ።
2818080032	ይና ኡባና የሎ ꬋኤስ ዞቀ ፋና።
28180900a1	«የ ዎደ አሱንꬅ ይንታና ዋየስ አꬂ እንጎዳ፥ አጮዳን ዎꬎዳ። ታ ሱንꬅት ግሾ አስ ኡባ ይንታና እጾዳ።
28180a007f	የ ዎደ ጋሙንꬅ አማኖ አሾዳ። ፋ ግዳ ፈተ ፈታያ አꬂ እንጎዳ፥ ፈተ ፈታያ እጾዳ።
28180b004e	ማህ ጋማ ዎርዶ ናቡንꬅ ደንዲ ጋሙንꬃና ባልꬆዳ።
28180c004b	ኢታትꬅ ጋንግዘ ግሾ ጋማ አሱንꬅ ሲቅታ ቶዮዳ።
28180d0044	የዝን ዉርሱꬅ የሎደስ ገንጭደ አꬄ አቶዳ።
28180e009e	አስ ኡባስ ማርካ ማቃደ ፋና ጾዘ ካእቱሞ ዎንገለ ሳአ ኡባ ኦህንቶዳ። ይንፓ ሱባ፥ ዉርሱꬅታ ዮኦዳ።
28180f00a9	«ይኒ ግሾ፥ ናብዘ ዳነላ ኦህደ ꬋብሰ ቱናትꬅ ጌሽ በሳ ኤቅዳያ ይን ቦኦዳ። ቆፕዘ ይና ዋግዛኮ ናባብዘ ቆፖ!
281810003f	ይኒ ዎደ ይሁዳ ሳአ የዙንꬅ ደረጎ ዎጾ።
2818110065	ፎቀላ አፋ የዘ አꬄ ፋ ኬꬅተ የዘ ባዝ ኤኮደስ ኬꬃ ገላንጽ ዎጾ።
2818120039	ጋደ የዘ ፋ ማኦ ኤኮደስ ሱብ ማቅፐ።
2818130065	የ ዎደ ዎዳꬅ ማቹንꬅን ꬋንꬅዘ ማቹንꬅስ ጋማ ኡንእንተ ማቃዳ።
281814005d	ባርጎ ዎይ ሳምባታ ይን ዎጺ ꬋብዛና ማቃመ ፋና ጾዝ ዎሶተ።
281815009d	አኮስ ጋይኮ፥ ሳአ መꬍንትዳንፓ Ꮉይኖ የሎደስ Ꮉንካይዘ ባዝ፥ ማህ ቲኖስን ሙሎ Ꮉኖሰ ማꬋ Ꮉኖዳ።
28181600b9	ይና ቃምት ፋይድቶ Ꮉትꬅካይዛኮ አስ ማቅደ ኦደን አቶስ። የዝን ኤ ፋ ዶርደ አሱንꬅ ግሾ ይና ቃምት ፋይድቶ Ꮉትꬆዳ።
2818170088	«የ ዎደ ኦደን ይንታና፥ ‹ይኬ፥ ክርስቶሳ Ꮉነ› ዎይ ‹ሰካ የነ› ያጋይኮ አማንፐተ።
2818180107	አኮስ ጋይኮ፥ ዎርዶ ክርስቶሱንꬅን ዎርዶ ናቡንꬅ ደንዶዳ። ኡንትስ ዳንዳእንትኮ፥ መለ አቶ የዝን ጾዝስ ዶርንትዱንꬃና ባልꬆደስ ዳማ ማላን ጋማ ቆፍዘ ባዝ ኦቾዳ።
2818190038	ቆፖተ፥ ታ ይንትስ Ꮉኖ ቲኒ ኦህነ።
28181a0104	«ይኒ ግሾ፥ አሱንꬅ ይንታጎ፥ ‹ይኬ፥ ክርስቶሳ አኮ ባይዘ ጋናስ ሳአ የነ› ጋይኮ፥ እዘ Ꮉንግፐተ። ዎይ ይንታጎ፥ ‹ይኬ፥ ቆልአ የነ› ጋይኮ፥ ኡንባዝ አማንፐተ።
28181b00ac	አኮስ ጋይኮ፥ ዜልንꬅ ሳሎ ዜልንጊ፥ አዋ ከሳፓ ገሎ የሎደስ በንትዛን ጋር፥ አስ ናአ የእታ ይኒ ጋር ማቃዳ።
28181c0036	«ባዉታ የዘ በሳ አንኩንꬂ ሺቆዳ።
28181d00cf	«የ ዎደ ይና ዋየ ቃምትፓ ሱባ፥ «ኢራ አዋ ꬉሞዳ፥ አግናን ፋ ፎእቶ ካዮዳ። ጾልንቶን ሳሎፓ ዎꬎዳ፥ ማህ ሳሎ የዘ ዎልቃ ቡቁንቶዳ።
28181e00e5	የ ዎደ አስ ናአ የኤ ማላ ሳሎላ አፋ በንቶዳ። ሳአ የዘ አስ ኡባ ዬኮዳ። ማህ አስ ናአይ፥ ዎልቃራን ዳማ ቦንቾራ ሳሎ ꬎነ ግዳራ ዬዝን ይን ቦኦዳ።
28181f00d4	ኤ ፋ ኪታንቹንꬃና ዳማ ፉግዘ ሞይዘራ ኪቶዳ። ኡን ሳአ ኦይዲ ዛላ ቅቲ፥ Ꮉይጋ ጋጻፓ ሰኮ ጋጻ የሎደስ የዘ ኤስ ዶርንትዱንꬃና ሺሾዳ።
2818200079	«በለሰ ምንጻፓ ታማሮተ። እዛ ኣጪ Ꮉየ ኬስዘ ዎደ ቶርቼ ኡክዳኖ ይን ኤራነ።
281821005d	ይኒ ጋራን፥ ይን Ꮉኖ ኡባ በእዘ ዎደ ፉርꬃ ኡክዳኖ ኤሮተ።
281822007c	ታኒ ይንትስ ቱሮ ኦህነ፤ Ꮉና ኡባና ፎልንቶደ ዎንꬅስ፥ Ꮉና የለቱንꬅ አꬋማ።
2818230048	ሳሎን ሳአን አꬎዳ፥ የዝን ታ ቃልታ አꬎኦስ።
28182400ac	«ይና ቃምቶን ይና ሳቶ ሳሎ የዘ ታ አዳይፕ አትን መለ ሳሎ ኪታንቹንꬃና ማቅን ዎይ ናአያ ማቅን ኦደን ኤሮስ።
2818250049	አስ ናአ የእታ፥ ኖሄ ዎደ Ꮉንዳን ጋር ማቃዳ።
28182600b5	የ ዎደ ꬋብሰ Ꮉꬅ ዮኦደፓ ቲኖ ኖሄ ማርካበ ገልደ ቃማ የሎደስ፥ አሱንꬅ ሙእተን ኡዥተ፥ ኤክተራ ገልተራ ጋምእዳ።
281827008e	ꬋብሰ Ꮉꬅ ይእ፥ ኡንታና ኡባ ꬋብሶደ ዎንꬅስ ቆፕካያ። አስ ናአ የእታን ይኒ ፋና ይአዳ።
281828007b	«የ ዎደ ላምእ አሱንꬅ ጋደ ኦቾዳ። ኡንታፓ ፈታይ ኤክንቶዳ፥ Ꮉንካይ አቶዳ።
2818290068	ላምእ ማቹንꬅ ዎላ ጋጮዳ። ኡንታፓ ፈታ ኤክንቶዳ Ꮉንካና አቶዳ።
28182a006a	«ይኬ፥ ይን ላꬄ አኮ ቃማ ዮኦድ የዛኮ ይን ኤሮሰ ግሾ ሚንግ ናጎተ።
28182b00a6	የዝን ካይዞ ቃማፓ አኮ ሳተ ዮኦደ የዛኮ ካርቲ አዳይ ኤርዛኮ፥ ፋ ኬꬅታ ቦክንታመ ፋና ባርክ ናጎዳ የሻ።
28182c006e	ይኒ ጋራን፥ አስ ናአይ ይን ቆፕካይዘ ሳተ ዮኦደ ግሾ ይን ጊጊ የዞተ።
28182d00a6	«ዬዝን፥ ፋ ካራ አሱንꬅስ ካꬃ ኮሽዘ ዎደ እንጎደ ፋና ኤ ላꬅዘ ዶርደ አማንንትዘን ዎዝናራ የዘ አሮ ኦደ?
28182e0067	ኤ ፋ ላꬄ ኪትዳኖ ኦችዝን ኤ ላꬄ ይእ ደንግደ አርዘ አንጅንትዳ።
28182f0061	ታኒ ይንትስ ቱሮ ኦህነ፤ ላꬂ የ አርዛ ፋ ባዝትላ ኡባ ሹሞዳ።
2818300075	የዝን የ አርዘ ኢታ ማቅኮ፥ ‹ታ ላꬄ ጋምእ ዮኦዳ› ያጋእ ፋ ዎዝንተ ቆፒ፥
2818310061	ፋ ላገ ኦችዙንꬃና Ꮉ አይክኮ፥ ማꬅንትዙንꬃራ ሙይኮ ኡዥኮ፥
281832004a	የ አርዘ ላꬄ ኤ ቆፕካይዘ ቃማን ኤ ኤሮሰ ሳተ፥
281833008e	ይእ ኤዛ ጋቾዳ። ኤ እጽቶን ጩቡንꬃራ ማሆዳ። ይና በስተ ኤስ ዬፎን አች ጋርጭንገ ማቃዳ።
28190100a7	«የ ዎደ ሳሎ ካእቱሞ ፋ ኩራዝቶ አይኪ፥ ማቾ ኮኦደስ ቅትደ ꬊራꬃያ ሞኮደስ ከዝደ ታጵ ዉዱሩንꬃና አዛነ።
281902004a	ኡንታፓ እችኑንꬅ ቦዛ፥ ማህ እችኑንꬅ ጭንጫ።
2819030054	ቦዙንꬅ ኩራዘ አይክዳ፥ የዝን መለ ላምባ አይክካያ።
2819040052	የዝን ጭንጩንꬅ ፋ ኩራዝተ መለ ጉጃ ላምባ አይክዳ።
2819050064	ማችቶ ኤክዘ ጋምእን፥ የንꬅ ዉዱሩንꬅ ገንቶ አይክን ገንትዳ።
28190600ad	«ግዲ ብላሄ ማቅዘ ዎደ ‹ይኬ፥ ማችቶ ኤክዛይ የልዳ፥ ኤዛ ሞኮደስ ከዞተ› ያጋዘ ዳማ ደንꬅꬅዘ ኪታ ስንትዳ።
2819070061	«የ ዎደ የንꬅ ዉዱሩንꬅ ኡቡንꬅ ባርክ፥ ፋ ኩራዝቶ ጊግዝዳ።
281908009c	ቦዙንꬅ ጭንጩንꬃጎ፥ ‹ኑ ጾምፕታ Ꮉይቆደስ ዪዘ ግሾ ሻጊ ይን ላምቢትፓ ኑስ እንጎያተ› ያጋይዳ።
28190900c6	«የዝን ጭንጩንꬅ ኡንታጎ ማህ፥ ‹አደ፥ ኑስን ይንትስን ማቅዘ ላምባ ባያ። ይኒ ግሾ፥ ይንትስ Ꮉንግ ዎንግ ኤኮተ› ያጋይዳ።
28190a00ec	ቦዛ ዉዱሩንꬅ ላምባ ዎንጎደስ ቅትን፥ ማችቶ ኤክዘ ይእዳ። ጊግንቲ በትደ እችን ዉዱሩንꬅ ኤራ ዎላ ዣጋና ኬꬃ ሙስስ ገልዳ፤ ፉርꬅቶን ጎርዲ አሽዳ።
28190b006a	«ሱባፓ Ꮉንኮ ዉዱሩንꬅ ይእ፥ ‹ላꬆ፥ ላꬆ፥ ኑስ ቡጎያ› ያጋይዳ።
28190c0070	«የዝን ኤ ኡንታጎ ማህ፥ ‹ታኒ ይንትስ ቱሮ ኦህነ፤ ታ ይንታና ኤሮስ!›
28190d006a	«ይኬ፥ አስ ናአ ዮኦደ ቃምቶ ዎይ ሳቶ ይን ኤሮሰ ግሾ ባርክ ናጎተ።
28190e0091	«ሳሎ ካእቱሞ ፋ ኦችዙንꬃና ጼጊ ፋስ የዘ ባዝ ኡንትስ እንግ ኦገ ቅቶደስ ከዝደ አꬃ አዛነ።
28190f00d0	ኡንትስ ኦማራ ኦማራ ኡን ዎልቅት ጋር ፈታይስ እችን መክሊተ፥ ፈታይስ ላምእ መክሊተ ማህ ፈታይስ ፈቲ መክሊተ እንግ ፋ ኦገ ቅትዳ።
2819100079	እችን መክሊተ ኤክደ አርዘ ኢራ Ꮉንግ ዛልእ፥ መለ እችን መክሊተ ትርፍዝዳ።
2819110066	ይኒ ጋር፥ ማህ ላምእ መክሊተ ኤክደ አርዘ መለ ላምእ ትርፍዝዳ።
281912006d	የዝን ፈቲ መክሊተ ኤክዳይ Ꮉንግ፥ ኦላ ቦኪ፥ ፋ ላꬅዘ ብርዛ ሞግዳ።
2819130069	«ጋማ ዎደፓ ሱባ የንꬅ አሩንꬅ ላꬄ ይእ፥ ፋ ሚሽቶ ኡንታራ ብእዳ።
28191400f1	እችን መክሊተ ኤክደ አርዘ ይእ፥ መለ እችን መክሊተ ክእ፥ ‹ታ ላꬆ፥ ነ ታስ እችን መክሊተ እንግዳ። የዝን ታኒ መለ እችን መክሊተ ትርፍዝዳ› ያጋይዳ።
28191500e0	ኤ ላꬄ፥ ‹ዛምባይ! ነ ሎኦን አማንꬅዘ አሮ፤ ነ ኤራꬅ ባዛ አማንንትዳ። ታኒ ነና ጋማ ባዛላ አፋ ሹሞዳ፤ Ꮉነ ገሊ ነ ላꬄራ ኡፋይቶ› ያጋይዳ።
28191600cb	«ማህ ላምእ መክሊተ ኤክዳይ ይእ፥ ‹ታ ላꬆ፥ ነ ታስ ላምእ መክሊተ እንግዳ። የዝን ታኒ መለ ላምእ መክሊተ ትርፍዝዳ› ያጋይዳ።
28191700e0	ኤ ላꬄ፥ ‹ዛምባይ! ነ ሎኦን አማንꬅዘ አሮ፤ ነ ኤራꬅ ባዛ አማንንትዳ። ታኒ ነና ጋማ ባዛላ አፋ ሹሞዳ፤ Ꮉነ ገሊ ነ ላꬄራ ኡፋይቶ› ያጋይዳ።
28191800b4	«ማህ ፈቲ መክሊተ ኤክዳይ ይእ፥ ‹ታ ላꬆ፥ ነ ቡድካይዛራ ማጽዛን ቡርግካይዛራ ሺሽዘ ኢታ አስ ማቅዳኖ ታ ኤራነ።
2819190076	ይኒ ግሾ፥ ዣሽቲ ነ መክሊትዛ ሳአ ሞግዳ። ነ መክሊትዘ Ꮉይንሸ› ያጋይዳ።
28191a00af	«ኤ ላꬄ ማህ፥ ‹Ꮉይ ኢታ አዛልአ አርዛዮ፥ ታኒ ቡድካይዛራ ማጽዛኖን ቡርግካይዛራ ሺሽዘ አስ ማቅዳኖ ኤርዳ።
28191b0091	ዬዝን፥ ነ ታ መክሊትዛ ባንከ ጋደዛኮ፥ ታኒ ማቅዘ ዎደ ታ መክሊትዛ ትርፈራ ኤኮዳኖ ካይዳ።
28191c005f	ይኒ ግሾ፥ መክሊትዛ ኤፓ ኤኪ፥ ታጵ መክሊተ የዘስ እንጎተ።
28191d00ad	አኮስ ጋይኮ፥ የዘ ኡቡንꬅስ ጉጅንቶዳን ጋንጎዳ። የዝን ባይዘፓ መለ አቶ የዝን፥ የ ኤስ የዛይን ኤክንቶዳ።
28191e0088	Ꮉይ ማዶሰ አርዛ ባለ ꬉማ ኬሲ ኦሎተ። እዘ ኤስ ዬፎነ አች ጋርጭንገ ማቃዳ› ያጋይዳ።
28191f008d	«አስ ናአ፥ ኪታንቾ ኡቡንꬃራ፥ ፋ ቦንቾራ የእዘ ዎደ ኤ ፋ ቦንቾ ካእቱሞ አራታላ በቶዳ።
28192000ae	ሳአ የዘ አስ ኡባ ኤ ቲኖ ሺቆዳ። ዉደ አዳይ ዱሩንꬃና ዴሹንꬃፓ ሻክዛን ፋና ኤ የ አሱንꬃና ላምእ በሳ ሻጎዳ።
281921005e	ማህ ዱሩንꬃና ምዛቅ ዛላራ ዴሹንꬃና ዎርክታ ዛላራ ኤሶዳ።
28192200eb	«ይንፓ ሱባ፥ ካትዘ ምዛቅ ዛላራ የዙንꬃጎ Ꮉኒ ፋና ያጋዉዳ፦ ‹ታ አዳይ አንጅዱንꬆ፥ Ꮉንካ ይእ ሳአ መꬍንትዘ ዎደ ይንትስ ጊግደ ካእቱምቶ ላቶተ።
281923007d	አኮስ ጋይኮ፥ ታኒ ናይꬍን ሙዝዳ፥ ባርꬍን ኡሽዳ፥ ዛቆ አስ ማቂ ይእን ሞክዳ፥
2819240070	ካልꬍን ማእስዳ፥ Ꮉርግንትን ኦጭዳ፥ አጭንትን ታና ኦጭዳ› ያጋይዳ።
281925009a	«ይንፓ ሱባ፥ ጽሉንꬅ ማህ፥ ‹ላꬆ፥ ነ ናይꬍን አይደ ብእ ሙዝዶ? ዎይ ነ ባርꬍን አይደ ብእ ኡሽዶ?
2819260067	ነ ዛቆ ማቂ ይእን አይደ ብእ ሞክዶ? ዎይ ነ ካልꬍን አይደ ማይዝዶ?
281927006d	ነ Ꮉርግንትን ዎይ አጭንትን ኔጎ Ꮉንግ ነና አይደ ኦጭዶ?› ያጋዉዳ።
28192800ae	ካትዘ ማህ፥ ‹ታኒ ይንትስ ቱሮ ኦህነ፤ ይን ታና ካልዘ Ꮉንꬅ እሹንꬃፓ ኤርዘስ ኦችዳና ታስ ኦችዳ› ያጋዉዳ።
28192900c9	«የ ዎደ ዎርክታ ዛላራ የዙንꬃጎ፥ ‹Ꮉንꬅ ባድንትዱንꬆ፥ ታ ካለፓ Ꮉኮተ። ጻላሄስን ኤ ኪታንቹንꬅስ ጊግደ መዽና ታማ ቅቶተ።
28192a0057	አኮስ ጋይኮ፥ ናይꬍን ታና ሙዝካያ፤ ባርꬍን ኡሽካያ።
28192b0096	ታኒ ዛቆ ማቂ ይእን ታና ሞክካያ፥ ካልꬍን ማይዝካያ፥ Ꮉርግን አጭንትን ታና ኦጭካያ ያጋዉዳ።
28192c00f3	«የ ዎደ ኡን፥ ‹ላꬆ፥ ነ ናይꬍን ዎይ ባርꬍን ዎይ ዛቆ ማቂ Ꮉንግን ዎይ ካልꬍን ዎይ Ꮉርግን ዎይ አጭንትን ብእ ነና አይደ ማዳንጽ እጽዶ?› ያጋእ ማሆዳ።
28192d00e5	«የ ዎደ ካትዘ ማህ ኡንታጎ፥ ‹ታኒ ይንትስ ቱሮ ኦህነ፤ ይን ታና ካልዘ Ꮉንꬅ ኡቡንꬃፓ ኤርዛያ ማዳንጽ እጽኮ፥ ታና ማዳንጽ እጽዳያ› ያጋዉዳ።
28192e0082	ይኒ ግሾ፥ የንꬅ አሱንꬅ መዽና ፍርዳስ ማህ ጽሉንꬅ መዽና ደኦስ ቅቶዳ» ያጋይዳ።
281a010052	የሱሳ ይና ትምርትቶ ኡባ Ꮉስደ ዎደ ፋ ታማሩንꬃጎ፥
281a0200ee	«ላምእ ቃማፓ ሱባ፥ ፋስካ ባአለ ቦንችዘ ቃማ ማቅዛኖ ይን ኤራነ። ይና ቃምተ አስ ናአይ ማስቃላላ አፋ ሱጹንቶደስ አስ ኩሸ ኣꬊ እንግንቶዳ» ያጋይዳ።
281a03007c	የ ዎደ ካህኑንꬅ Ꮉላቁንꬅን ጭሙንꬅ፥ ቃያፋ ጋዘ ካህኑንꬅ Ꮉላቅዘ ኬꬃ ሺቂ፥
281a040050	አስ ኤርካይዝን የሱሳ አይኪ፥ ዎꬎደስ ዞርንትዳ።
281a050088	የዝን ኡን፥ «አሱንꬅ ግዳ ካች ደንዳመ ፋና ጋእ፥ ፋስካ ቦንችዘ ቃማ ማቅፐ» ያጋይዳ።
281a060055	የሱሳ ብታንያ ካታማ ቁርሱማ Ꮉርግደ ስሞና ካራ የነ።
281a0700a5	የሱሳ ሌማተላ የዝን ፈቲ ማችታ አልባስጥሮሰ ብልቃጠ ኩሙꬅ ጋማ አልኦ ሽቶ ኤኪ ይእ የሱሳ ኦምተ ጉስዳ።
281a080070	የዝን የሱሳ ታማሩንꬅ ይኖ ብእ ዥልꬊ፥ «Ꮉና ሽትታ Ꮉሪ ኢትዛና አኮሶ?
281a09008f	Ꮉና ሽትታ አልኦ ዋጋስ ባይዝንቲ፥ ብርታ ዳሁንꬅስ እንግንቶደስ ዳንዳእንታነ» ያጋይዳ።
281a0a0086	የሱሳ ኡን ጋዛኖ ኤሪ፥ ኡንታጎ፥ «Ꮉና ማችቶ አኮስ ዋይ ተ? እዛ ታስ ሎኦ ባዝ ኦችዳ።
281a0b006d	ዳሁንꬅ ኡባ ዎደ ይንታራ የሳዳ። የዝን ታኒ ይንታራ ኡባ ዎደ የዞስ።
281a0c0059	እዛ Ꮉና ሽትቶ ታላ አፋ ጉስዳና ታና ሞጎደስ ጊግሳደስ።
281a0d00ce	ታኒ ይንትስ ቱሮ ኦህነ፤ ሳአ ኡባ Ꮉይ ዎንገልዘ ሳባክንትዘ በሳ አባን፥ አሱንꬅ እዞ ኦሆደ ጋር እዛ ኦችዳና ኦህንቶዳ» ያጋይዳ።
281a0e009c	የ ዎደ ታጶ ላምእ የሱሳ ታማሩንꬃፓ ፈታይ፥ የስቆሮቱ ሳአ ይሁዳ ጋእንትዘ ካህኑንꬅ Ꮉላቁንꬃጎ፥
281a0f00d8	Ꮉንግ፥ «ታኒ ይንትስ የሱሳ አꬂ እንግኮ፥ ይን ታስ አኮ እንጎደ?» ያጋእ ኡንታና ኦጭዳ። ኡን ዞርንት Ꮉስታም ሹች ብራ ሳንትመ እንግዳ።
281a10005c	ይንፓ ሱባ፥ ይሁዳ የሱሳ አꬂ እንጎደስ ዎትዘ ዎደ ኮያነ።
281a1100b9	ቦራ ባአለ ቦንችዘ ቲኖ ቃማ፥ የሱሳ ታማሩንꬅ ኤጎ ይእ፥ «ፋስካ ቦንችዘ ቃማ ነ ማአደ ካꬃ ኑ አባ ጊግሳደ?» ያጋይዳ።
281a1200ee	የሱሳ ኡንታጎ፥ «ካታማ የዘ አꬄጎ Ꮉንግ፥ ‹አስታማርዘ፥ ታስ ዎደ የልደ ግሾ ታ ታማሩንꬃራ ፋስካ ቦንችዘ ቃማ ነ ካራ ኣꬆዳ ጋይዳ› ያጋኦተ» ጋይዳ።
281a13007e	ኤ ታማሩንꬅ የሱሳ ፋና ኪትዳን ፋና ኦቺ፥ ፋስካ ባአለ ቃማ ማአደ ካꬃ ጊግዝዳ።
281a14006c	ሳእታ ኡጉርዘ ዎደ የሱሳ ታጶ ላምእ ሐዋሩንꬃራ ካꬃ ማአደስ በትዳ።
281a15009f	ኡን ሙዝን፥ የሱሳ ኡንታጎ፥ «ታኒ ይንትስ ቱሮ ኦህነ፤ ይንታፓ ፈቲ አꬄ ታና አꬂ እንጎዳ» ያጋይዳ።
281a16006a	ኡን ጋማ ታኒ፥ ፈተ ፈተ፥ «ላꬆ፥ ቱሮ ታና የሳነ?» ጋእ ኤዛ ኦጭዳ።
281a17006a	የሱሳ ማህ፥ «ፋ ኩሽቶ ታራ ዎላ ጋባተ ዳክዛይ ኤ ታና አꬂ እንጎዳ።
281a1800e7	አስ ናአ፥ ጾዘ ቃልተ ኤስ ጻፍንትዳን ጋር Ꮉይቆዳ። የዝን አስ ናአ አꬂ እንግዘ አꬃ ባደ፤ የ አꬄ የልንትካይዛራ አተዛኮ ኤስ ሎኦ የሻ» ያጋይዳ።
281a1900b8	ኤዛ አꬂ እንጎደስ የዘ ይሁዳ ማህ፥ «አስታማርዛዮ፥ ነ ጋዘ ታናነ?» ያጋይዳ። የሱሳ ማህ፥ «ነ ጋይደ ፋና» ያጋይዳ።
281a1a00c2	ኡን ሙዝን፥ የሱሳ ዳቦ ቦራ ኤኪ ጾዝ ጋላትዳ። የ ቦርዛ ባጺ ፋ ታማሩንꬅስ እንግ፥ «Ꮉተ፥ ሞኦተ፥ Ꮉና ታ አሽቶ» ያጋይዳ።
281a1b006d	ኡሽቶን ኤኪ፥ ጾዝ ጋላትዳ። ኡንትስ እንግ፥ «ኡቡንꬅ Ꮉንፓ ኡዦተ።
281a1c00a6	Ꮉና ጋማ አሱንꬅ ናጋርታ አቶ ጋእንቶደ ፋና ላንትዘ ታ ሱꬅቶ። Ꮉና ሱꬅታ ጾዚ ይንታራ ገልዘ ክለ ጫቅቶ።
281a1d00cd	የዝን ታኒ ይንትስ ኦህነ፤ ታኒ ታ አዳይ ካእቱሞ ክለ ዎይነ ኡሽ ይንታራ ኡሻደ ቃማ የሎደስ ማህ Ꮉኖ ዎይነ ኡሽቶ ኡዦስ» ያጋይዳ።
281a1e004b	ጋላታ ማዝሙረ የጽደፓ ሱባ ሻማሄ ደረ Ꮉንግዳ።
281a1f00eb	የ ዎደ የሱሳ ኡንታጎ፥ «‹ጾዚ የንግዛያ ጉዶዳ ዱርንꬅን ላልንቶዳ› ጋእንት ጾዘ ቃልተ ጻፍንትዳን ጋር Ꮉይኖ ቃማ ይን ኡቡንꬅ ታና አሺ ላልንቶዳ።
281a200071	የዝን ታኒ Ꮉይቆፓ ደንድዳንፓ ሱባ ይንታፓ ቲኒ ጋልላ ቅቶዳ» ያጋይዳ።
281a210071	ጴጥሮሳ ማህ፥ «ኡን ኡባና ነና አሺ ካድኮን፥ ታኒ ነና ካዶስ» ያጋይዳ።
281a2200aa	የሱሳ ጴጥሮሳጎ፥ «ታኒ ኔስ ቱሮ ኦህነ፤ Ꮉይኖ ቃማ ሉኩለ ኦሎዳንፓ ቲኖ ነ ታና Ꮉይꬕ ቶሄ ካዶዳ» ያጋይዳ።
281a2300b4	ጴጥሮሳ ማህ፥ «ታኒ ኔራ ዎላ Ꮉይቀፕ አትን ነና ሙሎን ካዶስ» ያጋይዳ። Ꮉንኮ ኤ ታማሩንꬅ ኡባ ይኒ ፋና ያጋይዳ።
281a2400c4	የ ዎደ፥ የሱሳ ፋ ታማሩንꬃራ ጌተሰማነ ጋዘ በስተ Ꮉንግ፥ ኡንታጎ፥ «ታኒ ጎደ Ꮉንግ ጾዝ ዎሶዳ፥ ይን Ꮉነ በቶተ» ያጋይዳ።
281a25008e	ጴጥሮሳን ዛብድዮሳ ናኡንꬃና ላምኡንꬃና ፋራ ኤኪ Ꮉንግ ጋማ አዛኖራ ኡንእንተ አይክዳ።
281a26009a	ማህ ኡንታጎ፥ «ታኒ Ꮉይቆስ የልꬅዘ ኡንአ ኡንእንትዳ። Ꮉነ ጋምኦተ ታራ ሚንግ ናጎተ» ያጋይዳ።
281a2700fb	ኤራꬅ ቲኖ Ꮉንግ ሳአ ቡንቁንቲ፥ «ታ አዳዮ፥ ዳንዳእንትዘ ባዝ ማቅኮ Ꮉና ዋየ ጹኡቶ ታፓ Ꮉሶ። የዝን ነ ቆፍታ Ꮉኖፕ አትን ታ ቆፍታ Ꮉንፐ» ያጋእ ጾዝ ዎስዳ።
281a2800bb	የሱሳ ፋ ታማሩንꬃጎ ማቂ ይእ ኡን ገንተዝን ደንግዳ። ጴጥሮሳጎ፥ «ይን ፈቲ ሳተ የዛኮን ታራ ሚንግ ናጎደስ ዳንዳኦሳ?
281a290096	ፋታና ይን ገላመ ጋር ባርክ ናጎተን ጾዝ ዎሶተ። አያና ጊግንትዳ፥ የዝን አሾ ላቢꬅ» ያጋይዳ።
281a2a00d7	የሱሳ ማህ ላምእንꬃ Ꮉንግ፥ «ታ አዳዮ፥ ታኒ Ꮉና ዋየ ጹኡዘፓ ኡዥካይዛራ አꬎደስ ዳንዳእንቶሳ ማቅኮ ነ ቆፍታ Ꮉኖ» ያጋእ ጾዝ ዎስዳ።
281a2b0076	ማህን ማቂ ይእዘ ዎደ ኤ ታማሩንꬅ ኣፍቶ ገንቶ ጎዝን፥ ዎይኤዝን ደንግዳ።
281a2c005c	ማህ ኡንታና አሺ Ꮉንግ፥ ቲኖ ቃልቶ ማህ Ꮉይꬕንꬃ ዎስዳ።
281a2d00cc	ይንፓ ሱባ፥ ፋ ታማሩንꬃጎ ይእ፥ «Ꮉኖ የሎደስ ገንቲ ሸምፒ የነ? ይኬ፥ አስ ናአ፥ ናጋራንቹንꬅ ኩሸ ኣꬊ እንግንትዘ ሳተ የልዳ።
281a2e005a	ደንዲ የꬎተ፥ ታና አꬂ እንግዘ Ꮉይንሸ የልዳ» ያጋይዳ።
281a2f00f3	የሱሳ Ꮉጋ ኦህዝን፥ ታጶ ላምእ ታማሩንꬃፓ ፈታይ፥ ይሁዳ የልዳ። ካህኑንꬅ Ꮉላቁንꬅን ጋደ ጭሙንꬅ ኪትደ ጋማ አሱንꬅ ማሻን ጉፈ አይኪ ኤራ ዎላ ይእዳ።
281a3000b4	የሱሳ አꬂ እንግደ ይሁዳ የ ጋማ አሱንꬃጎ፥ «ታኒ ዬርዛይ ይን ኮይዘ ኤዛ፥ ኤዛ አይኮተ» ያጋእ ማላ እንግ ጋድዳ።
281a31006d	ኢራ የሱሳጎ ሺቂ፥ «አስታማርዛዮ፥ ሳሮ ኔስ ማቀ» ያጋእ ኤዛ ዬሪዳ።
281a32009d	የሱሳ ኤጎ፥ «ታ ላግዛዮ፥ ነ Ꮉነ አኮስ ይእዶ?» ያጋይዳ። ይንፓ ሱባ፥ ሺቂ፥ የሱሳ ኩሸራ አይክዳ።
281a33008e	የሱሳራ የዙንꬃፓ ፈታይ ፋ ማሽቶ ሾዲ ካህኑንꬅ Ꮉላቅዘ አርዛ ጉዲ፥ ኤ Ꮉይቶ ጋቺ ኦልዳ።
281a34008a	የዝን የሱሳ፥ «ነ ማሽቶ ሱባ ሾክተ ማሆ። አኮስ ጋይኮ፥ ማሻ ሾድዘ ኡባ ማሻራ Ꮉይቆዳ።
281a35008e	ታ፥ ታ አዳያ ዎስዛኮ ታጶ ላምእ ሙኩላፓ ኣꬍዘ ኪታንቹንꬃና ዳኮደስ ዳንዳኦሳ ኔስ አዛነ?
281a360082	ዬዝን፥ ጾዘ ቃልተ ይኒ ጋር Ꮉኖደስ ቤዛነ ጋይንትዳና ዋይዝ ፎልንቶደ?» ያጋይዳ።
281a370109	ይና ሳተ፥ የሱሳ የንꬅ ሺቅደ ጋማ አሱንꬃጎ፥ «ታና ፋኖ ማህ አይኮደስ ማሻን ጉፈ አይኪ ይእዳተ? ታኒ ጾዘ ኬꬃ ቃማን አዋራ ታማርስተራ ይንታራ የዘ ዎደ ታና አይክካያ።
281a3800bf	የዝን Ꮉና ኡባ Ꮉንዳና ናቡንꬅ ጾዘ ቃልተ ጻፍዳና ፎልንቶደ ፋና» ያጋይዳ። የ ዎደ ኤ ታማሩንꬅ ኡባ ኤዛ አሺ ላልንትዳ።
281a3900a6	የሱሳ አይክዱንꬅ ካህኑንꬅ Ꮉላቃ ቃያፋጎ ኤዛ ካንግዳ። እዘ ህገ አስታማሩንꬅን ጋደ ጭሙንꬅ ሺቂ የነ።
281a3a00b8	የዝን ጴጥሮሳ ካህኑንꬅ Ꮉላቅዘ ዎፋ የሎደስ Ꮉኮራ ኤዛ ካላነ። ኤ ፎልቶ በአደ ዎንꬅስ ግዳ ገሊ ናግዙንꬃራ በትዳ።
281a3b0086	ካህኑንꬅ Ꮉላቁንꬅን ሺቅደ አሱንꬅ ኡባ የሱሳ ዎꬎደስ ኤላ አፋ ዎርዶ ማርካ ኮይዳ።
281a3c009a	ጋሙንꬅ ይእ ኤላ አፋ ዎርዶ ማርካ ማርክꬍዳ፥ የዝን አኮን ደንግካያ። ሱባፓ ላምእ አሱንꬅ ይእ፥
281a3d009d	«Ꮉይ አꬄ፥ ‹ታኒ ጾዘ ኬꬅቶ ላሊ Ꮉይꬕ ቃማራ ማህ ኬጾደስ ታ ዳንዳአነ› ጋይዳ» ያጋእ ኡን ኦህዳ።
281a3e0090	ካህኑንꬅ Ꮉላቅዘ ደንዲ ኤቂ የሱሳጎ፥ «Ꮉን ስ ነና ሞትዘ ሞትስ ነ ማህዘባዝ ባ?» ያጋይዳ።
281a3f00d8	የዝን የሱሳ ስእ ጋይዳ። ማህ ካህኑንꬅ Ꮉላቅዘ፥ «ታኒ ነና ደኦ ጾዘ ሱንꬅተ አይካነ፤ ኔኒ ጾዘ ናአ ክርስቶሳ ማቅኮ ኑስ ኦሆ» ያጋይዳ።
281a400104	የሱሳ ማህ፥ «ኔኒ ነ ኦምተ ጋይዳ። የዝን ታኒ ይንትስ ኦህነ፤ ይኬፓ ሱባ፥ አስ ናአ ዎልቃማ ጾዘ ምዛቅ ባጋራ በቴዝን፥ ማህ ሳሎ ꬎነራ የእዝን ይን በአዳ» ያጋይዳ።
281a4100bd	የ ዎደ ካህኑንꬅ Ꮉላቅዘ ፋ አፉልቶ ፌꬊ፥ «Ꮉያ ቦኦተ ጾዝ ጫዥዳ! ኑና መለ ማርካ አኮስ ኮሸ? ኤ Ꮉተ ጫዥዳኖ ይን ስእዳ።
281a420070	ይን ቆፍታ አኮ?» ያጋይዳ። ኡንትን፥ «ኤስ Ꮉይቆ ቤዛነ» ያጋእ ማህዳ።
281a430053	ዬዝን፥ ኡን ኤ ስንተ ጩቲ ጉድዳ። ማሉንꬅ ኤዛ ባቂ፥
281a44005f	«ክርስቶሳ! ነና ጉድደ ኦደ? አነ ኑስ ትንቢተ ኦሆ» ያጋይዳ።
281a45008b	ጴጥሮሳ ባለ በቴዝን፥ ፈቲ አርታ ኤጎ ይእ፥ «ኔንን ጋልላ የሱሳራ ዎላ የዛያ» ያጋይዳ።
281a46008a	የዝን ኤ ኡን ኡቡንꬅ ቲኖ ይና አርትጎ፥ «ነ ጋዛና አኮ የዛኮን ታ ኤሮስ» ያጋእ ካድዳ።
281a4700b4	ማህ Ꮉንግ ጋሰ ፉርꬃ የሎደራ መለ አርታ ኤዛ ብእ፥ እዘ የዘ አሱንꬃጎ፥ «Ꮉይ አꬄ ናዝረተ የሱሳራ የነ» ያጋይዳ።
281a480057	ጴጥሮሳ ላምእንꬃ ጫቂ፥ «ታኒ የ አꬃ ኤሮስ!» ያጋይዳ።
281a4900bc	ኤራꬅ ጋምኦደራ፥ የይጋ ኤቅደ አሱንꬅ ጴጥሮሳጎ ይእ፥ «ኔኒ ቱሮ ኡንታራ ዎላ የዛያ፤ ነ ነ ኦህተ ኤርንታነ» ያጋይዳ።
281a4a00a2	ይንፓ ሱባ፥ ጴጥሮሳ፥ «ታኒ የ አꬃ ኤሮስ!» ያጋእ፥ ፋና ባደን ጫቆ አይክዳ። የ ዎደ ኢራ ሉኩለ ኦልዳ።
281a4b00a8	የሱሳ ኤጎ፥ «ነ ሉኩለ ኦሎደፓ ቲኖ ታና Ꮉይꬕ ቶሄ ካዶዳ» ጋይዳኖ ጴጥሮሳ ቲሪ፥ ባለ ኬዚ ኢታ ዬፎ ዬክዳ።
281b010081	ዎንታ ጎዳ ካህኑንꬅ Ꮉላቁንꬅን ጋደ ጭሙንꬅ ኡቡንꬅ የሱሳ ዎዽሳደስ ዞርንትዳ።
281b02005c	ኡን የሱሳ አጪ ካንግ ዎርዣ አህዘ ጵላጦሳስ አꬂ እንግዳ።
281b0300e2	የ ዎደ የሱሳ አይꬂደ ይሁዳ፥ ጵላጦሳ የሱሳላ አፋ ፍርድዳኖ ብእ፥ አዛኒ፥ የ Ꮉስታም ብርዛ ካህኑንꬅ Ꮉላቁንꬅስን ጋደ ጭሙንꬅስ ሱብ ማህዳ።
281b0400a6	«ታኒ ጽሎ አስ Ꮉይቆስ አꬂ እንግ ናጋራ ኦችዳ» ያጋይዳ። የዝን ኡን፥ «ይና ኑ ማꬋ ባያ ነ ማꬋ» ያጋይዳ።
281b05006a	ይሁዳ ብርቶ ጾዘ ኬꬃ ኦሊ አሺ ኡን ካለፓ Ꮉንግ፥ ሱጹንት Ꮉይቂዳ።
281b0600b1	ካህኑንꬅ Ꮉላቁንꬅ ብርቶ ኤኪ፥ «Ꮉና ብርታ ሱꬅ ብራ ማቅደ ግሾ ኑ ጾዘ ኬꬃ ብራራ የልꬅዛና ዎጋ ባያ» ያጋይዳ።
281b070063	ይንፓ ሱባ፥ ዎላ ዞርንት፥ በተ አስ ሞጎደስ ማን ጋደ ዎንግዳ።
281b080066	ይኒ ግሾ፥ ይና ጋድታ Ꮉይኖ የሎደስ ሱꬅ ጋደ ጋእንት ጼግንታነ።
281b09007a	ናበ ኤርምያሳ፥ «እስራኤለ አሱንꬅ ኤስ ጭጎደስ ጋማትደ Ꮉስታም ብራ ኤክዳ።
281b0a0079	ላꬄ ታና ኪትዳን ፋና ማን ጋደ ዎንጎደስ እንግዳ» ጋይዳና የ ዎደ ፎልንትዳ።
281b0b00bc	የሱሳ ጋደ አህዘ ጵላጦሳ ቲኖ ሺቅን፥ ጵላጦሳ ኤጎ፥ «ነ አይሁደ ካቶ?» ያጋእ ኦጭዳ። የሱሳ ማህ፥ «ነ ጋይዳ» ያጋይዳ።
281b0c007f	ካህኑንꬅ Ꮉላቁንꬅን ጋደ ጭሙንꬅ ኤዛ ሞትዘ ዎደ ኡንትስ አኮ ማሄን እንግካያ።
281b0d0070	የ ዎደ ጵላጦሳ የሱሳጎ፥ «Ꮉን ስ ነና ሞትዘ ሞቶ ኡባ ስኦሶ?» ያጋይዳ።
281b0e006f	የሱሳ መለ አቶይዝን፥ ፈቲ ቃላን ማሀንጽን፥ ጋደ አህዛይ ጋማ ቆፕዳ።
281b0f0099	ጋደ አህዘ በርተ በርተ ፋስካ ባአለ ቦንችዘ ቃማ፥ አሱንꬅ ኮይዘ ፈቲ አስ አቻፓ ብልዘ ዎጋ የነ።
281b100064	የ ዎደ ፈቲ ባርባና ጋዘ ኢታትꬃራ ጋማ ኤርንትደ አች ኬꬃ የነ።
281b1100d4	ይኒ ግሾ፥ ጋማ አሱንꬅ ሺቂ የዝን ጵላጦሳ፥ «ታኒ ይንትስ ባርባና ብሎነነ፥ ዎይ የሱሳ ጋዘ ክርስቶሳ ብሎነ?» ያጋእ አሱንꬃና ኦጭዳ።
281b120060	ኤ ይኖ ጋይዳና ኡን ቃናቲ የሱሳ አꬂ እንግዳኖ ኤርዘ ግሾስ።
281b1300e4	ጵላጦሳ ፍርዳ ኬꬃ በቴዝን፥ ኤ ማችታ፥ «ታኒ Ꮉይኖ ቃማ አቡኮራ ኤ ባዝ ጋማ ዋይንትተራ አቅደ ግሾ የ ጽሎ አꬄላ አኮ ባዝን ኦችፐ» ያጋእ ኪትዳ።
281b1400ce	የዝን ካህኑንꬅ Ꮉላቁንꬅን ጋደ ጭሙንꬅ ጵላጦሳ ባርባና ብሊ፥ የሱሳ ዎꬎደ ፋና፥ አሱንꬅ ኤዛ ዎሶደ ፋና፥ አሱንꬃና ዞሪ ማህዳ።
281b1500d5	ጵላጦሳ ማህ ኡንታጎ፥ «ታኒ ኡን ላምኡንꬃፓ ይንትስ ኦና ብሎደ ፋና ኮየተ?» ያጋእ ኦጭዳ። ኡን፥ «ባርባና ብሎደ ፋና ኮያነ» ያጋይዳ።
281b1600b5	ጵላጦሳ፥ «ዬዝን፥ የሱሳ ጋዘ ክርስቶሳ ዋይሳ?» ያጋእ ኡንታና ኦጭዳ። ኡቡንꬅን፥ «ማስቃላላ ኤዛ ሱጾ» ያጋይዳ።
281b1700c9	ጵላጦሳ አሱንꬃጎ፥ «አኮስ? ኤ አኮ ኢታ ባዝ ኦችዶ?» ያጋእ ኦጭዳ። የዝን አሱንꬅ ቲኖስትፓ አꬂ፥ «ማስቃላላ ሱጾ» ጋእ ኡክዳ።
281b1800fc	ካች ደንꬅ ፓ መለ አኮ ባዝን ኦቾደስ ዳንዳኦሳኖ ጵላጦሳ ብእ፥ Ꮉꬅ ኤኪ፥ «Ꮉይ ጽሎ አꬄ ሱꬅተ ታ ባያ። Ꮉኖ ኦችዘ ይንታና» ያጋእ አሱንꬅ ቲኖ ፋ ኩሽቶ ማትዳ።
281b190074	አሱንꬅ ኡቡንꬅ ማህ፥ «ኤ ሱꬅት ጎምታ ኑናን ኑ ናኡንꬃና የሎ» ያጋይዳ።
281b1a00b9	የዝን፥ ጵላጦሳ ባርባና ኡንትስ ብሊ፥ የሱሳ አላንጋራ ጋራፊ፥ ማስቃላላ ሱጹንት Ꮉይቆደ ፋና ኡንትስ አꬂ እንግዳ።
281b1b00ab	ይንፓ ሱባ፥ ጵላጦሳ ዎታዳሩንꬅ የሱሳ ዎርዥቶ አህዘ ካራ ኤኪ ካንግን፥ ጋማ ዎታዳሩንꬅ ኡባ ኤ ካለ ኤቅዳ።
281b1c003f	ኤ አፉልቶ ጋሪ ኤኪ ዞቆ አፉላ ማእስዳ።
281b1d00fe	ማህ አንጋꬅ ባርኔጻ ጊግዚ፥ ኤ ኦምተ ጋድዳ። ኤ ምዛቅ ኩሽተ ሾምቦቆ ጉፈ አይꬂ፥ ኤ ቲንተ ቡንቁንቲ፥ «አይሁደ ካታዮ፥ ሳሮ ኔስ ማቀ!» ያጋእ፥ ኤላ አፋ ሚጭዳ።
281b1e005a	ኤላ አፋ ጩትዳ። የ ሾምቦቆ ጉፍዛ ኤኪ፥ ኤ ኦምተ ጉድዳ።
281b1f00ba	ኡን ኤላ አፋ ሚጭዳንፓ ሱባ ዞቆ አፉልዛ ኤፓ ጋሪ ኤኪ፥ ኤ አፉልቶ ኤዛ ማእስዳ። ማስቃላላ ኤዛ ሱጾደስ ኤኪ ካንግዳ።
281b200085	ኡን ባለ ኬዚ፥ ፈቲ ስሞና ጋዘ ቀሬና ጋደ አስ ደንግ፥ የሱሳ ማስቃላ ዎልቃራ ቶስዳ።
281b21005e	ጎልጎታ ጋዘ በሲ የልዳ። «ጎልጎታ» ጋዛና «ኦማ ኦታ» ጋኤ።
281b2200a3	እዘ ኡን ጭዠራ ዎርቂንትደ ዎይነ ኡሽ ኡዦ ጋእ ኤስ እንግዳ። የዝን ኤ ይኖ ቃማስ ኤኪ፥ ኡዣንጽ እጽዳ።
281b23006a	ኡን ማስቃላላ ኤዛ ሱጽዳንፓ ሱባ ኤ አፉልቶ ሻኪ፥ እጻ ኦሊ ኤክዳ።
281b240038	ይንፓ ሱባ፥ የይጋ በቲ ኤዛ ናግዳ።
281b250069	ማህ፥ «Ꮉይ አይሁደ ካት የሱሳ» ያጋዘ ሞቶ ጹፈ ኤ ኦማ ጉሮ ጋድዳ።
281b2600ab	የሱሳራ የ ዎደ ላምእ ፋኑንꬃና ፈታያ ኤፓ ምዛቅ ዛላራ፥ Ꮉንካያ ኤፓ ዎርክታ ዛላራ፥ ማስቃላላ አፋ ሱጽዳ።
281b270058	ኦገራ አꬍዘ አሱንꬅ የሱሳ ፋ ኦምቶ ኤንእዝተራ ጫዣነ፥
281b28009e	«ጾዘ ኬꬃ ላሊ Ꮉይꬕ ቃማ ግዳ ኬጽዛዮ፥ ነና አሾ። ነ ጾዘ ናአ ማቅኮ፥ አነ ማስቃላፓ ዎꬎ» ያጋይዳ።
281b2900ab	ይኒ ፋና፥ ካህኑንꬅ Ꮉላቁንꬅ፥ ህገ አስታማሩንꬅን ጋደ ጭሙንꬅ ዎላ የሱሳላ አፋ ሚጭዳ። Ꮉኒ ፋና ያጋይዳ:
281b2a00c3	«መሉንꬃና አሽዳ፥ የዝን ፋና አሾደስ ዳንዳእካያ። ኤ እስራኤለ ካት ማቅኮ፥ አነ ማስቃላፓ Ꮉተ ዎꬎ፥ ኑንን ኤዛ አማኖዳ።
281b2b00b2	ጾዛላ ኤ አማንንታነ፥ ጾዚ ኤዛ አሾደስ ኮይኮ አነ አሾ። አኮስ ጋይኮ፥ ኤ ፋና፥ ‹ታኒ ጾዝ ናአ› ጋነ» ያጋይዳ።
281b2c008e	ማህ መለ አቶይዝን፥ ኤራ ማስቃላላ አፋ ሱጹንትደ ፋኑንꬅን ይኒ ጋር ጋእ ኤላ አፋ ሚጭዳ።
281b2d0062	እዝፑን ሳተፓ Ꮉንግ፥ ኡዱፉን ሳተ የሎደስ ሳእታ ኡባ ꬉምዳ።
281b2e0122	ኡዱፉን ሳተ ማቅዘ ዎደ የሱሳ፥ «ኤሎሄ፥ ኤሎሄ፥ ላማ ሳባቅታን?» ጋእ ዳማ ኡፎ ኡክዳ። «ኤሎሄ፥ ኤሎሄ፥ ላማ ሳባቅታን?» ጋዛን ብልꬅታ «ታ ጾዛዮ፥ ታ ጾዛዮ፥ ታና አኮስ አሽዶ?» ጋኤ።
281b2f0078	እዘ ኤቅደ አሱንꬃፓ ፈተ ፈተ ይኖ ስእ፥ «Ꮉይ አꬄ ኤልያሳ ጼጋነ» ያጋይዳ።
281b3000cd	ኢራ ኡንታፓ ፈታይ ዎጺ Ꮉንግ፥ እስፖንጀ ኤኪ፥ ጫላ ዎይነ ኡሽ ኩንꬅዳ። የ ሾምቦቆ ጉፍዘ በርꬅተ ጋዲ ኡሾደስ ኤ ዶንትጎ ሺሽዳ።
281b31007f	የዝን Ꮉንኩንꬅ፥ «ናጎ፥ ኤልያሳ ኤዛ አሾደስ የኦድየዛኮ አነ በአዳ» ያጋይዳ።
281b320041	የሱሳ ላምእንꬃ ዳማ ኡፎ ኡክ፥ Ꮉይቂዳ።
281b3300b1	ይና ሳተ ጾዘ ኬꬃ ሱጹንትደ ማጋራጅታ ዎካፓ ዬካ የሎደስ ላምእ ኬዚ፥ ፌꬍንትዳ። ሳእታ ኤንእዳ፥ ላላን ዛእዳ።
281b340057	ቦዛ ቡጉንትን ጌሽ አሱንꬃፓ ጋሙንꬅ Ꮉይቆፓ ደንድዳ።
281b35009e	ኡን ቦዛፓ ኬዚ፥ የሱሳ Ꮉይቆፓ ደንድዳንፓ ሱባ ጌሽ ካታማ ቅትዳ፤ እዘ ኡን ጋማ አሱንꬅስ በንትዳ።
281b3600c1	ማቶ Ꮉላቅዘን ኤራ የሱሳ ናግዘ ዎታዳሩንꬅ ሳአ ኤንእዳኖ እዘ Ꮉንዳኖ ብእደ ዎደ ጋማ ዣሽቲ «ቱሮ Ꮉይ ጾዘ ናአ» ያጋይዳ።
281b370079	እዘ ጋማ ማቹንꬅ፥ ጋልላፓ ደንꬂ የሱሳ ማድተራ ካልዱንꬅ Ꮉኮራ ኤቂ በእነ።
281b38008f	ኡን ግዳ ማግደላ ማይራማ፥ ያይቆባን ዮሰፋ እንታ ማይራማን ዛብድዮሳ ናኡንꬅ እንታ የነ።
281b3900a0	ሳአ ኡጉርዘ ዎደ ዮሴፋ ጋዘ ፈቲ ዱረ አꬄ፥ አርማትያሳ ካታማፓ ይእዳ። ኤ ፋ ኦምተ የሱሳ ካልዘ አስ።
281b3a009f	ዮሰፋ ጵላጦሳጎ Ꮉንግ፥ የሱሳ አህቶ ኤኮደስ ዎስዳ። ጵላጦሳ አህቶ ዮሰፋስ እንግንቶደ ፋና ኪትዳ።
281b3b003e	የሱሳ አህቶ ኤኪ፥ ክለ አፉላራ ጻጽዳ።
281b3c00a8	ፋስ ሞግንቶደስ ሹቻፓ ዎጭደ ክለ ቦዛ ኤ አህቶ ሞግዳ። ማህ ይና ቦዝት ዶንተ ዳማ ሹች ሽሪ ጋዲ አሺ ቅትዳ።
281b3d0061	ማግደላ ማይራምራን Ꮉንኮ ማይራምራ ይና ቦዝት ቲንተ በትዳ።
281b3e008e	ዎንታ ሳምባታ ቃማ፥ ካህኑንꬅ Ꮉላቁንꬅን ፋራሳዉንꬅ ጵላጦሳጎ ይእ፥ Ꮉኒ ጋር ያጋይዳ፦
281b3f00a6	«ላꬆ፥ Ꮉይ ዎርዶ ኦህዘ ፋጻ የዛራ፥ ‹ታኒ Ꮉይꬕ ቃማፓ ሱባ Ꮉይቆፓ ደንዶዳ› ያጋይዳና ኑስ ቲርንትዳ።
281b400172	ይኒ ግሾ፥ ኤ ሞጉንትደ ቦዝቶ Ꮉይꬕ ቃማ የሎደስ፥ ምንꬂ ናጎደ ፋና ኪቶ። ይና ይአንጽኮ፥ ኤ ታማሩንꬅ Ꮉንግ ኤ አህቶ ካይስት ꬋብስ፥ ‹Ꮉይቆፓ ደንድዳ› ያጋእ አሱንꬅስ ኦህኮ ላምእንꬃ ዎርድታ ቲኖስትፓ ኡባ Ꮉንካ ኢቶዳ» ያጋይዳ።
281b410098	ጵላጦሳ ኡንታጎ፥ «ይንትስ ናግዙንꬅ የነ፤ Ꮉንግ ይንትስ ዳንዳእንትደ ፋና ናግዞተ» ያጋይዳ።
281b420086	ይኒ ግሾ፥ ኡን Ꮉንግ ቦዝታ ቦችንታመ ፋና ሹችዘላ ማታመ ጋዲ ዎታዳሩንꬃራ ናግዝዳ።
281c0100b0	ሳምባታ ኣꬍን ዎጋ ዎደ ዎንታ ጎዳ፥ ማግደላ ማይራምራን Ꮉንኮ ማይራማ የሱሳ ሞጉንትደ ቦዝቶ በአደስ Ꮉንግዳ።
281c0200a8	ቆፕካይዝን ዎልቃማ ሳአ ኤንኤ ማቅዳ። ላꬄ ኪታንቾ ሳሎፓ ዎꬊ ቦዛ ዶንተ የዘ ሹችቶ ጎልእዝ ካታራ በትዳ።
281c030053	ኤ ብሽታ ዜልንꬅ አዛነ። ኤ አፉልታን ሻች ፋና ቦꬅ።
281c040065	ናግዙንꬅ ኪታንችዛ ብእ፥ ዣሽቲ ጎቂ፥ Ꮉይቂደ አስ ፋና ዪእዳ።
281c050094	ኪታንችዘ ማቹንꬃጎ፥ «ይን ማስቃላላ አፋ ሱጹንትደ የሱሳ ኮይዛኖ ታኒ ኤርዘ ግሾ ዣሽትፐተ።
281c060085	ኤ ካሰ ኦህዳን ፋና Ꮉይቆፓ ደንድዳ፤ Ꮉነ ባያ። Ꮉይጋ ይእ ኤዛ ሞግደ በስቶ ቦኦተ።
281c070121	ይን Ꮉተ ኤልሲ Ꮉንግ፥ ኤ ታማሩንꬅስ፥ ‹የሱሳ Ꮉይቆፓ ደንድዳ። ማህ ኤ ይንታፓ ቲንꬊ ጋልላ ቅቶዳ፤ ይን ኤዛ የይጋ በአዳ› ያጋእ ኦሆተ። ታኒ ይንትስ Ꮉኖ ኦሆደስ ይእዳ» ያጋይዳ።
281c080092	ኡን ዣሽትተራን ጋማ ኡፋይትተራ፥ ቦዝት ካለፓ ኤልሲ Ꮉንግ፥ ኤ ታማሩንꬅስ ኦሆደስ ዎጽዳ።
281c0900bc	ቆፕካይዝን የሱሳ ኡንታራ የልንት ኡንታጎ፥ «ሳሮ ይንትስ ማቀ» ያጋይዳ። ኡን ኤጎ ሺቂ፥ ኤ ቶህቶ አይኪ ኤስ ጎይንዳ።
281c0a00c0	የ ዎደ የሱሳ ኡንታጎ፥ «ዣሽትፐተ፤ Ꮉንግ ታ ታማሩንꬅ ጋልላ Ꮉንጎደ ጋር ኡንትስ ኦሆተ። ኡን እዘ ታና በአዳ» ያጋይዳ።
281c0b00c2	የንꬅ ማቹንꬅ Ꮉንጎደራ፥ ቦዝቶ ናግዘ ዎታዳሩንꬃፓ ባጉንꬅ ካታማ Ꮉንግ፥ Ꮉንደ ባዝቶ ኡባ ካህኑንꬅ Ꮉላቁንꬅስ ኦህዳ።
281c0c0077	ካህኑንꬅ Ꮉላቁንꬅን ጭሙንꬅ ሺቂ ዞርንት፥ ዎታዳሩንꬅስ ጋማ ብራ እንግ፥
281c0d006e	«‹ኑ ገንተዝን ኤ ታማሩንꬅ ቃማ ይእ፥ ኤ አህቶ ካይስትዳ› ያጋኦተ።
281c0e00b1	Ꮉና ኦህቶ ጋደ አህዛይ ስእኮ፥ ይና ይን ባላ ባይዛኖ ኑ ኤስ ኦህ አማንꬆዳ። ይንታና አኮን ይርግዝፐ» ያጋይዳ።
281c0f00a6	ዎታዳሩንꬅ ብርቶ ኤኪ፥ ኦህዳን ጋር ኦችዳ። Ꮉና ኦህታ አይሁዱንꬅ ካለ Ꮉይኖ የሎደስ ኦህንትተራ የነ።
281c100059	ታጶ ፈቲ ታማሩንꬅ የሱሳ ኪትደ ጋልላ የዘ ደረጎ ቅትዳ።
281c11006e	እዘ ኡን ኤዛ ብእደ ዎደ ኤስ ጎይንዳ፥ የዝን ኡንታፓ ፈተ ፈተ ሶእዳ።
281c120071	የሱሳ ኡንታጎ ሺቂ፥ «ሳሎን ሳአን አደትꬅ ዎልቃ ኡባ ታስ እንግንትዳ።
281c1300ee	ይኬ፥ ይን ኡባ በሳ ቅቶተ፥ አዳይ፥ ናአይ፥ ጌሽ አያና ሱንꬅተ አስ ኡባ ታማርስ፥ ጻማቅ ታ ኪትዳኖ ኡባ ናጎደ ፋና ታማርስተራ ታና ካልዙንꬃና ማሆተ።
281c1400be	ታኒ ይንታና ኪትደባዝ ኡባ ኡን ናጎደ ፋና ኡንታና ታማርሶተ። ታኒ ዎደ ዉርሱꬅ የሎደስ ኡባ ዎደ ይንታራ የነ» ያጋይዳ።
290000000c	ማርቆሳ
2901010048	Ꮉይ ጾዘ ናአ የሱስ ክርስቶሳ ዎንገለ ደንꬄ።
2901020095	ናበ ኢሳያሳ ጻፍደ ማጻፍተ ጾዚ፥ «ይኬ፥ ታኒ ታ ኪታንቾ ኔፓ ቲኖ ዳኮዳ። ኤ ነ ኦግቶ ጊግሳዳ።
29010300b2	ፈታይ አኮ ባይዘ ጋናሳ ፋ ቃልቶ ꬎቅ ዪዚ፥ ‹ላꬄ ኦግቶ ጊግዞተ፤ ኤ የꬋደ ዉስቶ ኤስ ጊግዞተ ጋይዳ›» ያጋይዳ።
29010400e9	ጻማቅዘ ዋሐንሳ አሱንꬃና ጻማቅተራ፥ «ይን ናጋርትፓ ማቂ ጻማቅንቶተ፤ ጾዚ ይን ናጋርቶ አቶ ጋኦዳ» ያጋእ ቃላ ኦህተራ አኮ ባይዘ ጋናሳራ ይእዳ።
29010500db	ይሁዳ ሳአ የዘ አሱንꬅ ኡባን የሩሳላመ ካታማ አሱንꬅ ኡባ ዋሐንሳጎ የእነ። ፋ ናጋርቶ ፋጽን፥ ዋሐንሳ ኡንታና ዮርዳኖሳ ቦርካ ጻማቅዳ።
29010600a2	ዋሐንሳ ግማለ እስን ፓ ዳድንትደ አፉላ ማእዳ። ፋ ቃዝንተ ሳቀ ዳንጭዳ፤ ማህ ቦለን ደከራ ሽዳ ሙእዳ።
29010700af	ዋሐንሳ ቃላ ኦህተራ፥ «ታፓ ሱባራ ዳማ ሚንግዘ የእነ። መለ አቶ የዝን፥ ታኒ ኤ ጫማ ጋድዛ ዙጊ ብሎደስ ቤዞስ።
290108007b	ታኒ ይንታና Ꮉꬃራ ጻማቃነ፥ የዝን ኤ ይንታና ጌሽ አያናራ ጻማቆዳ» ያጋይዳ።
2901090090	የሱሳ የ ዎደ ጋልላ አዉራጃ የዘ ናዝረተ ካታማፓ ይእን፥ ዋሐንሳ ዮርዳኖሳ ቦርካ ጻማቅዳ።
29010a0085	የሱሳ Ꮉꬅትፓ ከዘ ዎደ ሳሎ ቡጉንትን፥ ጌሽ አያና ኤላ አፋ ዎለ ጋራ ዎꬎደራ ብእዳ።
29010b0079	ማህ ሳሎፓ፥ «ታኒ ካዽዘ ታ ናአይ ነና፤ ታ ኔላ ኡፋይታነ» ያጋዘ ቃላ ይእዳ።
29010c004c	ኢራ ጌሽ አያና የሱሳ አኮ ባይዘ ጋናሳ ካንግዳ።
29010d00ba	የሱሳ አኮ ባይዘ ጋናሳ ጻላሄራ ፋታንንትተራ ኦይታም ቃማ ጋምእዳ። ጾꬃራ የዝዳ፥ የዝን ኪታንቹንꬅ ይእ ኤዛ ማድዳ።
29010e0085	ዋሐንሳ አጭንትዳንፓ ሱባ የሱሳ ጾዘ ካእቱሞ ዎንገለ ኦህተራ ጋልላ አዉራጃ ቅትዳ።
29010f008d	እዘ፥ «ዎደ የልዳ፤ ጾዘ ካእቱሞ ኡክዳ። ይን ናጋርትፓ ማቂ፥ ዎንገለ አማኖተ» ያጋይዳ።
29011000b1	የሱሳ ጋልላ አባ ካለራ አꬍተራ፥ ሞሎ አይክዘ፥ ስሞናራን ኤ እሸ እንድራሰራ፥ ፋ ግትቶ አባ ኦልዙንꬃና ብእዳ።
2901110066	ኡንታጎ፥ «ታና ካሎተ፤ ታ ይንታና አስ አይፎ ታማርሶዳ» ያጋይዳ
2901120043	ኡንቲ ኢራ ፋ ግትቶ ኦሊ አሺ የሱሳ ካልዳ።
29011300c3	የሱሳ ኤራꬅ ቲኖ Ꮉንግ፥ ላምእ እሹንꬃና ዛብዶሳ ናኡንꬃና፥ ያይቆባራን ዋሐንሳራ ጎንገ ግዳ ፋ ግትቶ ጊግዙንꬃና ብእዳ።
29011400ad	ኤ ኡንታና ብእደ ጋር ጼግዳ። ኡን ፋ አዳያ ዛብዶሳን፥ ኤስ ኦችዙንꬃራ ጎንገ ግዳ ኦሊ አሺ የሱሳ ካሊ ቅትዳ።
29011500a4	ኡንቲ ቅፍርናሆመ ካታማ የልዳ። ሳምባታ ገልደ ጋር የሱሳ ኤልሲ አይሁደ ዎሳ ኬꬃ ገሊ ታማርሰ አይክዳ።
29011600bb	አደትꬅ ዎልቃራ የዘ አስ ፋና ታማርሳነፕ አትን ህገ አስታማሩንꬅ ፋና ታማርሶሰ ግሾ አሱንꬅ ኤ ትምርትተ ጋማ ቆፕዳ።
290117007a	የ ዎደ ቱና አያና አይክደ ፈቲ አꬄ አይሁደ ዎሳ ኬꬃ ገሊ ፋ ቃልቶ ꬎቅ የይዝ፥
29011800ab	«ናዝረተ የሱሳ፥ ኔኒ ኑፓ አኮ ኮየ? ኑና ꬋብሶደስ ነ ይእዳ? ነ ኦና የዛኮ ታ ኤራነ፤ ነ ጾዘ ጌሽ።» ያጋይዳ።
2901190061	የሱሳ የ ቱና አያንዛ፥ «Ꮉይዞ፥ Ꮉይ አꬄፓ ከዞ» ጋእ ሴርዳ።
29011a0048	ቱና አያና አꬃ ላቢዚ፥ ዉይስዚ ኤዛፓ ከዝዳ።
29011b0116	አሱንꬅ ኡባ ጋማ ቆፒ፥ «Ꮉና አኮ? Ꮉይ አꬄ ፋ አደትꬅ ዎልቃራ መለ አቶ የዝን ቱና አያናን ኪታነ። ኡንቲ ኤስ ኪትንታነ፤ Ꮉና አኮ ክለ ትምርተ?» ያጋእ፥ ፋ ግዳ ፈተ ፈታ ኦጭዳ።
29011c0059	የሱሳ ማርካትꬅታ ኤልሲ ጋልላ ሳአ የዘ ጉታ ኡባ ከዝዳ።
29011d008f	የሱሳ አይሁደ ዎሳ ኬꬃፓ ኬዚ፥ ያይቆባራን ዋሐንሳራን ስሞና ካራን እንድራሰ ካራ ቅትዳ።
29011e0084	ስሞና ማችት እንታ ዳማ ኦꬂ ምቻራ Ꮉርግንቲ ዎይእዳኖ የሱሳ እዘ የልን ኤስ ኦህዳ።
29011f0089	ኤ ኢጎ ሺቂ፥ እ ኩሽቶ አይኪ፥ እዞ ደንꬂ ኤስዳ። ኦꬂ ምችታ አሽን እዛ ኡንታና ሞክዳ።
2901200089	Ꮉርግንትደ አሱንꬃናን ቱና አያና አይክደ አሱንꬃና ኡባ ኡጉረ አዋ ገልን ኤጎ ክእዳ።
2901210052	ካታምተ የዘ አሱንꬅ ኡቡንꬅ ይና ኬꬅት ባለ ሺቅዳ።
29012200ee	የሱሳ ዱማ ዱማ Ꮉርገራ አይክንትደ ጋማ አሱንꬃና ፋꬂ፥ ጋማ ቱና አያኑንꬃና ከስዳ። ኤ ኦደ የዛኮ ቱና አያኑንꬅ ኤርደ ግሾ ኡንታና ኦሃመ ፋና ካይዳ።
2901230064	የሱሳ ዎንት ማ ደንዲ፥ አስ ባይዘ በሳ Ꮉንግ፥ እዘ ጾዝ ዎስዳ።
2901240044	ስሞናራን ኤራ የዙንꬅ ኤዛ ኮይተራ ቅትዳ።
2901250050	ኡንቲ ኤዛ ደንግ፥ «አስ ኡባ ነና ኮያነ» ያጋይዳ።
29012600d8	የሱሳ ማህ ኡንታና፥ «ይና ጉቱተ የዘ ሰኮ ካታምተ የꬎተ። ታኒ ይእዳና ዎንገለ ኦሆደስ ማቅደ ግሾ እዘ የዘ ጉታ ኦሆደስ ቤዛነ» ያጋይዳ።
2901270080	አይሁደ ዎሳ ኬꬃ ቃላ ኦህተራን ቱና አያኑንꬃና ከስተራ፥ ጋልላ ሳአ ኡባ ዉትዳ።
29012800b9	ቁርሱማ Ꮉርገ አይክደ ፈቲ አꬄ የሱሳጎ ይእ፥ ኤ ቲንተ ቡንቁንቲ፥ «ኔኒ ኮይኮ ታና ጌሾደስ ዳንዳአነ» ያጋእ ዎስዳ።
2901290078	የሱሳ ኤስ ይቅስንቲ፥ ፋ ኩሽቶ ዳኪ ኤዛ ቦቺ፥ «ታኒ ካꬋነ፥ ጌዦ» ያጋይዳ።
29012a003b	ኢራ ቁርሱምታ አꬃ ዳክን አꬄ ጌዥዳ።
29012b0042	የሱሳ አꬃ ምንꬂ ናግንቶ ጋእ ኬሲ ዳክዳ።
29012c00fc	የሱሳ ኤዛ፥ «ነና ኤሮ፥ Ꮉኖ ኦደስን ኦህፐ። የዝን Ꮉንግ ነ ጋልቶ ካህነ ቤዞ። ኔኒ Ꮉተ ጌሽ ማቅዳኖ አሱንꬃና ኤርሶደስ፥ ሙሴ ኪትደ ዣርሽቶ ዣርሾ» ያጋይዳ።
29012d012b	የዝን አꬃይ Ꮉንግ፥ ካራ ጋንጨ አስ ኡቡንꬅስ ኦህዳ። ይኒ ግሾ፥ የሱሳ በንቲ ኬዚ፥ ካታማ ገሎደስ ዳንዳእካያ። የዝን አስ ባይዘ በሳ ጋጻ የዝዳ፤ ማህ አሱንꬅ ኡባ ፋ የዘ በሳፓ ኤጎ የእነ።
290201006d	ኤራꬅ ቃማፓ ሱባ የሱሳ ቅፍርናሆመ ማቂ፥ ኬꬃ የነ ጋዘ ዎረ ስንትዳ።
29020200b7	አሱንꬃና ኬꬅታ ኤካንጽ እጽን፥ መለ አቶ የዝን ባልታን ኡንኦደ ዎንꬅስ ጋማ አሱንꬅ ሺቅን፥ የሱሳ ቃላ ታማርሳነ።
2902030046	ኦይዲ አሱንꬅ ፈቲ ዎቦ አꬃ ቶኪ ኤጎ ክእዳ።
29020400fe	አሱንꬅ ጋንግደ ግሾ አꬃ የሱሳጎ ሺሾደስ ኡንትስ ዳንዳእንታንጽ እጽን፥ የሱሳ የዘ ዛላራ ኬꬂ ኣፍቶ ቶኪ አꬃ ኤ ዎይእደ አልግዘራ ሱለ ኬꬂ የሱሳ ቲንተ ጋድዳ።
2902050089	የሱሳ ኡን አማንቶ ብእ፥ የ ዎቦ አꬃ፥ «ታ ናአዮ፥ ነ ናጋርታ አቶ ጋእንትዳ» ያጋይዳ።
290206005c	ህገ አስታማሩንꬃፓ ይና በስተ በትደ ፈተ ፈተ ፋ ዎዝንተ፥
29020700bf	«ናተ Ꮉይ አꬄ Ꮉኒ ጋር ኢታ ባዝ ጾዛላ አኮስ ኦሄ? ጾዛ ጻላላፕ አትን መለ ኦደ ናጋራ አቶ ጋኦደስ ዳንዳእዘ?» ጋእ ቆፕዳ።
29020800b3	ኡንቲ ፋ ዎዝንተ ይኒ ጋራ ቆፕዳኖ የሱሳ ኢራ ፋ አያንተ ኤሪ፥ ኡንታጎ፥ «ይንቲ ይን ዎዝንተ አኮስ Ꮉንጋራ ቆፐተ?
29020900a5	ዎቦ አꬃ፥ ‹ነ ናጋርታ አቶ ጋእንትዳ› ጋዛና ኡኬነ? ዎይ፥ ‹ደንዲ ኤቂ ነ አልግዛ ቶኪ ቅቶ› ጋዛና ኡከ?
29020a00b0	የዝን ታስ፥ አስ ናአይስ፥ ሳአላ አፋ ናጋራ አቶ ጋኦደስ አደትꬅ ዎልቃ የዛኖ ይን ኤሮደ ጋር» ጋእ የ ዎቦ አꬃ፥
29020b005f	«ነና ጋነ፥ ደንዲ ኤቂ ነ አልግዛ ቶኪ ነ ካራ ቅቶ» ያጋይዳ።
29020c00ec	አꬄ ኤልሲ ደንዲ ኤቂ፥ ፋ አልግዛ ቶኪ አስ ኡባ በእዝን ቅትዳ። አሱንꬅ ኡባ ጋማ ቆፒ፥ «ኑኒ Ꮉኒ ጋር ጋማ ቆፍዘ ባዝ ብእ ኤሮስ» ያጋእ ጾዝ ጋላትዳ።
29020d0070	የሱሳ ማህ ጋልላ አባ ጋጻ Ꮉንግ፥ ፋጎ ይእደ አሱንꬃና ኡባ ታማርስዳ።
29020e00cd	ኢራ አꬍተራ፥ እልፍዮሳ ናአይ ሌወ ጋእንትዘ ቃራጠ ጋችዘ በስተ በትዳያ ብእ፥ «ታና ካሎ» ያጋይዳ። ሌዊዘ ደንዲ ኤቂ ኤዛ ካልዳ።
29020f00e1	የሱሳ ካꬃ ማደስ ሌዊ ኬꬃ በትዳ። ኤዛ ካልዘ አሱንꬅ ጋማ ማቅደ ግሾ ቃራጠ ጋችዘ ጋማ አሱንꬅን ናጋራንቹንꬅ ኤራን ኤ ታማሩንꬃራ ዎላ በትዳ።
290210012d	ህገ አስታማረ ማቅደ ፈቲ ፈቲ ፋርሳዉንꬅ የሱሳ ናጋራንቹንꬃራን ቃራጠ ጋችዙንꬃራ ካꬃ ማአደራ ብእ፥ «ኤ አኮስ ናጋራንቹንꬃራን ቃራጠ ጋችዙንꬃራ ካꬃ መኤ?» ያጋእ፥ ኤ ታማሩንꬃና ኦጭዳ።
29021100f8	የሱሳ ኡን ጋዛኖ ስእ፥ «Ꮉርግንትዘስ ፋትን ፋጻስ አክመ ኮሾስ። ታኒ ናጋራንቹንꬃና ጼጎደስ ዪዳፕ አትን ጽሉንꬃና ጼጎደስ ይእካያ» ያጋእ ኡንትስ ማህዳ።
2902120115	ጻማቅዘ ዋሐንሳ ታማሩንꬅን ፋርሳዉንꬅ ጾማነ። ፈቲ ፈቲ አሱንꬅ የሱሳጎ ይእ፥ «ዋሐንሳ ታማሩንꬅን ፋርሳዉንꬅ ታማሩንꬅ ጾማነ፥ የዝን ነ ታማሩንꬅ አኮስ ጾሞሶ?» ያጋይዳ።
29021300d0	የሱሳ ኡንታጎ፥ «ሳርገ ይእደ አሱንꬅ ማቾ ኤክዘ ኡንታራ የዝን፥ ጾሞደስ ዳንዳአነ? ማቾ ኤክዘ ኡንታራ የዝን፥ ጾሞደስ ዳንዳኦስ።
2902140071	የዝን ማቾ ኤክዘ ኡን ካለፓ ኤክንቶደስ ዎደ የኦዳ፥ ኡን የ ዎደ ጾሞዳ።
29021500b4	«ጋልአ ማኦላ ክለ ጫርቀ ጋዲ ስክዘ አስ ባያ። ጋዲ ስክኮን፥ ክልዘ ጋልአ ማእዛ ፌꬋነ፤ ፌዽꬅታን ካሰንፓ አꬋነ።
290216011f	ማህ ማልአንቶ ዎይነ ጋልአ ስልጰ ጉጅዘ አስ ባያ። ማህ ጉጅኮን፥ የ ዎይንዘ ስልጵዛ ፌꬋነ፥ ፋስን ላንታነ፥ ስልጵዘን ኢታነ። የዝን ማልአንቶ ዎይነ ክለ ስልጰ ጉጅንታነ» ያጋይዳ።
290217009f	የሱሳ ፈቲ ሳምባታ ቃማ ባንጋ ጋደ ግዳራ አꬎደራ፥ ኤ ታማሩንꬅ ኤራ Ꮉንግተራ ባንጋ ትዣ ሽጪ ꬋአነ።
2902180092	ፋርሳዉንꬅ የሱሳጎ፥ «ይኬ፥ ነ ታማሩንꬅ ሳምባታ ቃማ ዎጋ ባይዘ ባዝ አኮስ ኦቼ?» ያጋይዳ።
290219008a	የሱሳ ኡንታጎ፥ «ዳዉተ ናይꬊ፥ ሙእዘ ባዝ ኮይደ ዎደ ፋራ የዙንꬃራ ኦችዳኖ ነ ናባብካ?
29021a0124	አብያታር ካህኑንꬅ Ꮉላቃ ማቂ የዘ ዎደ ዳዉተ ጾዘ ኬꬃ ገሊ፥ ካህኑንꬅ ጻላላ ማአደፕ አትን ኦደን ማአደስ ዎጋ ባይዛኖ ላꬄ ቲኖ ጋድደ ዳቡቶ ሙእዳ፥ ፋራ የዙንꬅስን እንግዳ» ያጋይዳ።
29021b009b	ማህን የሱሳ ኡንታጎ፥ «ሳምባታ አስ ናአ ማደስ ጋእ መꬍንትዳፕ አትን አስ ሳምባታስ መꬍንትካያ።
29021c0068	ይኒ ግሾ፥ አስ ናአይ፥ መለ አቶ የዝን ሳምባታስን ላꬂ» ያጋይዳ።
290301006b	የሱሳ አይሁደ ዎሳ ኬꬃ ማቂ ገልዳ። እዘ ኩሸ ጉንድደ ፈቲ አስ የነ።
29030200b7	ፈቲ ፈቲ አሱንꬅ የሱሳ ሞቶደስ ኬዚ፥ ኩሸ ጉንድደ አꬃ ሳምባታ ዎደ ኤ ፋꬅኮን አሽኮ ጋእ በአደስ ኮይ ምንꬂ ናጋነ።
2903030064	የሱሳ ኩሸ ጉንድደ አꬃ፥ «ደንዲ ኤቂ Ꮉንካ ግዳ ዮኦ» ያጋይዳ።
29030400fe	ይንፓ ሱባ፥ አሱንꬃጎ፥ «ሳምባታ ዎደ ሎኦ ባዝ ኦችዛና ዎጋነ ኢታ ባዝ ኦችዛና ዎጋ? አስ ሸምፖ አሽዛኖነ ዎይ ዎꬍዛኖ?» ያጋእ ኦጭዳ። የዝን አሱንꬅ ስእ ጋይዳ።
290305011b	የሱሳ አንꬅንቲ፥ ኡንታና ዉቱꬂ ዳኪ ብእ፥ ኡን ኦህን ስኦሱንꬃና ማቅደ ግሾ ኡንታላ አፋ ጋማ ዥልꬍዳ። የ አꬄጎ፥ «ነ ኩጭዛ ፍዲ ዪዞ» ያጋይዳ። ኤዚ ፍዲ ዪዝን ኤ ኩጭዘን ፋጽዳ።
29030600be	ኤልሲ ፋርሳዉንꬅ አይሁደ ዎሳ ኬꬃፓ ባለ ኬዚ፥ የሱሳ ዋይዝ ዎꬎድ የዛኮ ዞርንቶደስ ሄሮድሳ ባጉንꬃራ ፈቲ በሳ ሺቅዳ።
2903070093	የሱሳ ፋ ታማሩንꬃራ ጋልላ አባጎ Ꮉንግዳ። ጋልላፓን ይሁዳፓ ይእደ ጋማ አሱንꬅ ኤዛ ካልዳ።
29030800d9	ማህን የሩሳላመፓ፥ ኤዱምያሳፓ፥ ዮርዳኖሳ ቦርካ ፍንꬃፓ፥ ጢሮሳ ካታማፓን ስዶና ካታማፓ የሱሳ ኦችዳኖ ስእ፥ ጋማ አሱንꬅ ኤጎ ይእዳ።
2903090087	አስ ጋንግዳንፓ ደንዲ ኤዛ ኡንእꬃመ ፋና ኤ ታማሩንꬅ ጎንገ ኤስ ጊግሳደ ጋር ኪትዳ።
29030a007c	ጋማ አሱንꬃና ኤ ፋꬅደ ግሾ Ꮉርግንትዘ አሱንꬅ ኡባ ኤዛ ቦቾደስ ኡርቂንታነ።
29030b00b0	ቱና አያና አይክደ አሱንꬅ ኤዛ ብእደ ዎደ ኤ ቲንተ ቡንቅቲ፥ ፋ ቃልቶ ꬎቅ ዪዚ፥ «ኔኒ ጾዘ ናአ ባነ?» ያጋይዳ።
29030c007d	የሱሳ ጋማ ዎደ ቱና አያኑንꬅ ፋ ኦናትꬅቶ ቆንጭዛመ ፋና ኡንታና ምንꬂ ኪትዳ።
29030d0077	የሱሳ ደረላ አፋ ኬዚ፥ ፋ ኮይዘ አሱንꬃና ፋጎ ጼግዳ፤ ኡንትን ኤጎ ሺቅዳ።
29030e0098	ኡን ፋራ የሳደ ጋራን ቃላ ታማርሶደ ጋር ታጶ ላምኡንꬃና ዶሪ፥ ኡንታና፥ «ሐዋረ» ጋእ ሱንꬅዳ።
29030f0055	ቱና አያና ከሶደ ጋር ኡንትስ አደትꬅ ዎልቃ እንግዳ።
2903100063	ኤ ዶርደ ታጶ ላምኡንꬅ Ꮉን ሳና፦ ጴጥሮሳ ጋእ ሱንꬅደ ስሞና፥
29031100a9	ቦአነርገስ (ዳዳ አዝዘ አሱንꬃና) ያጋእ ሱንꬅዱንꬃና፥ ዛብዶሳ ናኡንꬅ ያይቆባራን ያይቆባ እሸ ዋሐንሳ፥
29031200b3	እንድራሰ፥ ፍልጶሳ፥ ባርቶሎምዮሳ፥ ማቶሳ፥ ቶማሳ፥ እልፍዮሳ ናአ ያይቆባ፥ ታድዮሳ፥ ካናነፓ ይእደ ስሞናራ፥
290313003a	የሱሳ አꬂ እንግደ አስቆሮቱ ይሁዳ።
29031400c6	ይንፓ ሱባ፥ የሱሳ ካራ Ꮉንግዳ። ማህ ጋማ አሱንꬅ ሺቅን፥ ኤዝን ኤ ታማሩንꬅ መለ አቶ የዝን ካꬃ ማአደስን ኡን ዳንዳእካያ።
290315007b	አሱንꬅ ኤዛ፥ «ዣሽታነ» ጋዘ ግሾ ኤ እግኑንꬅ ይኖ ስእ ኤዛ ኤኮደስ Ꮉንግዳ።
29031600da	ህገ አስታማሩንꬃፓ ፈተ ፈተ የሩሳላመፓ ይእ፥ «ኤላ አፋ ብኤልዘቡላ የነ»፥ ኤ፥ «ጻላሄ ዎልቃራ ቱና አያና ከሳነ» ያጋእ ዎላ ኦህንትዳ።
290317007c	የሱሳ አሱንꬃና ፋጎ ጼጊ አዝዘር ኦህዳ። «ጻላሄ ጻላሄ ዋይዝ ኬሶደስ ዳንዳኤ?
2903180065	ፈቲ ካእቱሞ ፋ ግዳ ሻክንትኮ ይና ካእቱምታ ኤቆደስ ዳንዳኦስ።
290319007d	ይኒ ጋራ፥ ፈቲ ኬꬃ አሱንꬅ ፋ ግዳ ሻክንትኮ ꬋቦዳፕ አትን የሳደስ ዳንዳኦስ።
29031a006e	ይኬ፥ ጻላሄ ፋራ ካጭንቲ ሻክንትኮ ꬋቦዳፕ አትን የሳደስ ዳንዳኦስ።
29031b00d7	«ይኒ ጋራ ቲኖ ዎልቃር የዘ አꬃ አጭካይዛራ ኤ ኬꬃ ገሊ፥ ኤ ቆልቶ ቦንቆደስ ዳንዳእዘ አስ ባያ። አጪ ማቂ ኤ ኬꬅቶ ቦንቆደስ ዳንዳአነ።
29031c0094	«ታኒ ይንትስ ቱሮ ኦህነ፤ ጾዚ አስ ናኡንꬅስ ናጋራ ኡባኖን ኡን ጫዥዘ ጫሽቶ ኡባ አቶ ጋኦዳ።
29031d009e	የዝን ጌሽ አያናላ ኢታ ባዝ ኦህዘ መꬍናስ ናጋራ ጋለ ማቃደፕ አትን ጾዚ ሙሎን ኤዛ ማሮስ» ያጋይዳ።
29031e007f	የሱሳ ይኖ ጋእዳና፥ ፈቲ ፈቲ አሱንꬅ፥ «ኤላ አፋ ቱና አያና የነ» ያጋይደ ግሾ።
29031f0065	ኤ እንታን ኤ እሹንꬅን ይእ ባለ ኤቂ፥ ኤጎ አስ ኪቲ ኤዛ ጼግዳ።
290320008d	ኤ ካለ በትደ ጋማ አሱንꬅ፥ «ይኬ፥ ነ እንታን ነ እሹንꬅን ባለ ኤቂ ነና ኮያነ» ያጋይዳ።
2903210069	የሱሳ ማህ፥ «ታ እንታ ኦደ? ማህ ታ እሹንꬅን አኑንꬃና?» ያጋይዳ።
2903220084	ፋ ካልተ በትደ አሱንꬃና ዉቱꬂ ዳኪ ብእ፥ «ይኬ፥ ታ እንታን ታ እሹንꬅን Ꮉን ሳና።
290323006c	ጾዘ ቆፋ ኦችዘ ኡቡንꬅ ታስ እሸን፥ ታስ ምሾን ታስ እንዶ» ያጋይዳ።
29040100cf	የሱሳ ማህ ጋልላ አባ ካለ ታማርሳነ። ጋማ አሱንꬅ ኤ ካንተ ዉቲ ሺቅን፥ አባላ የዘ ጎንግተ ገሊ በትዳ፥ አሱንꬅ ኡባ አባ ካለ የነ።
290402006e	ኤ ኡንታና ጋማ ባዝ አዝዘራ ታማርስዳ። ታማርስተራ Ꮉንጋራ ያጋይዳ፦
290403003b	«ይኬ! ፈቲ አꬄ ቡዱꬂ ቡዶደስ ከዝዳ።
2904040067	ኤ ቡዶደራ፥ ፈቲ ፈቲ ቡዱꬅታ ኦገ ጋጻ ዎꬍዳ፤ ላንዳ ይእ ሙእዳ።
2904050085	ፈቲ ፈቲ ቡዱꬅታ ፎርቾ ሳአላ ዎꬍዳ። ጋማ ሳአ ባይዘ ግሾ ይና ቡዱꬅታ ኤልሲ ዶልዳ።
290406006a	የዝን አዋ ከዘ ዎደ ሹልዳ። ሎይꬂ ጻጶ ዳክካይዘ ግሾ ኤልሲ መልዳ።
2904070097	ፈቲ ፈቲ ቡዱꬅታ አንጋꬅ ግዳ ዎꬍዳ። ዶልዳኖ አንጋꬅታ ድጪ ጩልደ ግሾ ኣፈ አፍካይዛራ አትዳ።
29040800a2	ፈቲ ፈቲ ቡዱꬅታ አራዳ ሳአ ዎꬊ ዶልዳ። ድጪ ፈተ Ꮉስታም፥ ፈተ እዝፑን ታም ፈተ ጼት ኣፍዳ» ያጋይዳ።
290409003c	«ስእዘ Ꮉየ የዘ ኦደን ስኦ» ያጋይዳ።
29040a00d3	የሱሳ ኦህዳኖ ስእደ ፈቲ ፈቲ አሱንꬅ ታጶ ላምእ ታማሩንꬃራ የዙንꬅ የሱሳ ፋ ጻላላ የሳደራ፥ ኤጎ ሺቂ ይና አዝዝትስ ብልꬅቶ ኦጭዳ።
29040b00fa	የሱሳ ኡንታጎ Ꮉኒ ጋር ያጋይዳ፦ «ይንትስ ጾዘ ካእቱሞ ጋꬅ ቆፋ ኤሮደስ እንግንትዳ። የዝን መሉንꬅስ ካእቱሞፓ ባለራ የዙንꬅስ ኡባ ባዝ አዝዘራ ኦህንታነ።
29040c00e8	Ꮉና Ꮉንዳና፥ «ኡንቲ በእነ፥ የዝን ደንጎስ። ስእነ፥ የዝን ቲሮስ። ኡንቲ ደንግዛኮን ቲርዛኮ፥ ጾዛጎ ማቃዳ ኤዝን ኡንታና ማሮዳ የሻ» ያጋይዳ።
29040d0081	የሱሳ ኡንታጎ፥ «Ꮉና አዝዝታ ይንትስ ገሎሶ? ዬዝን፥ አዝዘ ኡባ ይን ዋይዝ ቲሮደ?
29040e0027	ቡድዛይ ጾዘ ቃላ ቡዳነ።
29040f00bf	ቃላ ቡድንትዘ ዎደ ኦገ ጋጻ ዎꬍዱንꬅ ቃላ ስእዙንꬃና። የዝን ጻላሄ ኢራ ይእ፥ ኡን ዎዝንተ ቡድንትደ ቃልቶ ማጺ Ꮉሳነ።
290410006f	ይኒ ጋራ፥ ፎርቾ ሳአ ቡድንትደ ቃላ ስእ፥ ኤልሲ ኡፋይት ኤክዙንꬃና።
29041100ce	የዝን ኡንትስ ምንꬂ ጻጶ ባይዘ ግሾ Ꮉተስ ፋትን ጋምኦስ። ኤራꬅ ዎደፓ ሱባ ቃላ ግሾ ማꬋን ዎይ ባይꬂ የልደ ዎደ ኤልሲ ꬉቡንታነ።
2904120040	አንጋꬅ ግዳ ቡድንትደ ቃላ ስእዙንꬃና።
29041300be	የዝን Ꮉና ሳአ የሲስ ይርጋን፥ ዱርቱሞ ካ ን ዱማ ዱማ አሞትꬅ ኡን ዎዝንተ ገሊ ቃልቶ ጩልዘ ግሾ ኣፈ አፍካይዛራ አትዳ።
29041400b9	የዝን አራዳ ሳአ ቡዱንተዙንꬅ ቃላ ስእ ኤክዙንꬃና። ኡንቲ ፈተ Ꮉስታም፥ ፈተ እዝፑንታም ፈተ ጼት ኣፍዳ» ያጋይዳ።
2904150087	የሱሳ ጉጂ፥ «ጾምፐ ኤኪ፥ ጋባተ ግዳ ዎይ አልጋ ኦሞ ጋድዘ አስ የነ? ꬎቃ በሳ ጋዶሳነ?
2904160082	ይኬ፥ አችንትደ ባዝ ኡባ ቆንጨ ኬሳዳ፤ አችንትደ ባዝ ኡባ ኤርንትካይዛራ አታማ።
290417003a	ስእዘ Ꮉየ የዘ ኦደን ስኦ» ያጋይዳ።
29041800ca	ማህ ኡንታጎ፥ «ይን ስእዘ ባዝ ቆፋር ስኦተ! ጾዘ ቃላ ይን ስእዛን ፋና ኤ ይንትስ ቆፋ እንጎዳ። ይንትስ ማክዛነ ጋንꬅ እንጎዳ።
29041900a6	የዘ አꬄስ ጋንꬅ እንግንቶዳ፥ ባይዘ አꬄፓ መለ አቶ የዝን፥ ኤስ የዘ ይና ኤራꬅታን ኤክንቶዳ» ያጋይዳ።
29041a005c	የሱሳ ማህ፥ «ጾዘ ካእቱሞ ፋ ጋድተ ቡዱꬂ ቡድዘ አꬄ ፋና።
29041b00a2	የ አꬄ ቃማ ገንታነ ዎንታ ደንዳነ። ኤ ፋ ኦምተ ዋይዛኮን ኤርካይዛራ የሳደራ ይና ቡዱꬅታ ዶሊ ድጫነ።
29041c00a1	ጋድታን ካꬃ ፋ ፋስ እንጋነ። ቲኖ ዶሊ ድጫነ፥ ሱብተ አፎደስ ጋምቡጻነ፥ ዉርሱꬅተ ኩሙꬅ ኣፈ አፋነ።
29041d0047	የዝን ካꬅታ የልደ ዎደ አꬄ ማጻነ» ያጋይዳ።
29041e0061	የሱሳ፥ «ኑኒ ጾዘ ካእቱሞ አኮ ፋና ጋኦደ? ዎይ አኮራ አዝሳደ?
29041f009d	ጾዘ ካእቱሞ ኣፈ ኤራꬅ ምንጻ አዛነ። የ ምንጻ ኣፍዘ ቡድዘ ዎደ ሳአላ የዘ ምንጻ ኣፈ ኡባፓ ላፋነ።
29042000b1	ቡድን ዶሊ ምንጻ ኡባፓ ዳማነ፤ ዳማ ዳሽ ዳዣነ። ላንዱንꬅ ኤ ትርሽትላ አፋ ኬጺ በቶደ ዎንꬅስ ዳዣነ» ያጋይዳ።
2904210070	የሱሳ Ꮉኒ ጋር ጋማ አዝዘራ አሱንꬅ ቲሮደስ ዳንዳኦደ ጋር ቃላ ኦህዳ።
29042200a4	አሱንꬅስ አዝዘ ባይꬅ ኦሆስ። የዝን የሱሳ ፋ ታማሩንꬃራ ጻላላ የዘ ዎደ ኡንትስ ኡባባዝቶ ብሊ ኦህዳ።
2904230081	የ ዎደ ሳእታ ኡጉርን፥ የሱሳ ፋ ታማሩንꬃጎ፥ «አባፓ ሰኮ ጋጻ ፊንጎዳ» ያጋይዳ።
29042400cf	ኤ ታማሩንꬅ ጋማ አሱንꬃና ኦሊ አሺ አሺ፥ የሱሳ ቲኖ ገሊ በትደ ጎንግዘ ግዳ ገሊ የሱሳ ፋራ ኤኪ ቅትዳ። መለ ጎንጉንꬅን እዘ የነ።
2904250083	ዳማ ጎተ ደንዲ፥ ዙሉንታ ጎንግዛ ጉድን፥ Ꮉꬅታ ኩሞደ ዎንꬅስ ጎንግዘ ግዳ ገልዳ።
29042600db	የ ዎደ የሱሳ ጎንግዘስ ሱባ ዛላራ ቦርኮꬅ ጋዲ ገንትዳ። ኤ ታማሩንꬅ ኤዛ ባርክዚ፥ «አስታማዛዮ፥ ኑ ꬋብዘ ዎደ ነና ይቅሶሳነ?» ያጋይዳ።
29042700ad	የዝን፥ ኤ ባርክ ዙሉንቶ፥ «ሴሪ»፥ አብዛን፥ «ስእ ጋኦ» ያጋይዳ። ዙሉንታን ስእ ጋእን ኡባ ባዝ ዎፑ ጋይዳ።
2904280088	የሱሳ ፋ ታማሩንꬃጎ፥ «አኮስ Ꮉንጋራ ዣሽተተ? ይንትስ አማኖ ዋይዝ ꬋብዶ?» ያጋይዳ።
290429008a	ኡንቲ ጋማ ዣሽቲ ፋ ግዳ፥ «Ꮉይ መለ አቶ የዝን፥ ጎተን አባን ኪትንትዘ ኦደ?» ያጋይዳ።
290501005f	የሱሳን ኤ ታማሩንꬅ አባ ፊንግ፥ ገርገሶነ ጋዘ ሳአ የልዳ።
2905020081	የሱሳ ጎንግዘፓ ዎꬍዘ ዎደ ቱና አያና አይክደ ፈቲ አꬄ ቦዛፓ ኬዚ ኤራ የልንትዳ።
290503006b	የ አꬄ ቦዛ ግዳ አቂ ፌዢ የነ። ኤዛ ኦደን ጋደራ አጮደስ ዳንዳኦስ።
29050400ca	ኤ ጋማ ቶሄ ዱላራን ሳንꬃላታራ አጭንቲ የነ። የዝን ሳንꬃላቶን ዱꬃነ፥ ዱልዛን መንꬅꬃነ። ኤዛ ማሆደስ ዳንዳእዘ ኦደን ባያ።
2905050073	ኤ ቃማን አዋራ ይና ቦዝተን ደረላን ዉይሳነ፥ ፋ ጋልቶን ሹቻራ ቃዉጻነ።
2905060059	የሱሳ Ꮉኮራ ብእደ ዎደ ዎጺ Ꮉንግ ኤ ቲንተ ቡንቁንትዳ።
29050700dd	የ አꬄ ፋ ቃልቶ ꬎቅ ዪዚ፥ «ኡባፓ ካታራ የዘ ጾዘ ናአ የሱሳ፥ ኔራ ታና አኮ የልꬅዘ? ታና ꬋብሳመ ጋር ታኒ ነና ጾዘ ሱንꬅተ ዎሳነ» ያጋይዳ።
2905080086	ኤ ይኖ ጋይዳና የሱሳ ኤዛ፥ «ናተ Ꮉይ ቱና አያንዛዮ፥ Ꮉይ አꬄፓ ከዞ» ያጋይደ ግሾ።
290509009f	የሱሳ ኤጎ፥ «ነ ሱንꬅታ ኦደ?» ያጋእ ኦጭዳ። ኤ፥ «ኑኒ ጋማ ማቅደ ግሾ ታ ሱንꬅታ ሌግዮና» ያጋይዳ።
29050a006a	ቱና አያኑንꬅ ፋና ይና ጋድትፓ ኬሲ ዳካመ ጋር የሱሳ ምንꬂ ዎስዳ።
29050b0041	የ ደርዘላ ጋማ ጉዳይለ ዉደ የንግንታነ።
29050c0095	ቱና አያኑንꬅ የሱሳጎ፥ «ኑና ሰካ ጉዳይለ ዉዱተ ዳኮያ፥ ኡን ግዳ Ꮉንግ ገሎዳ» ያጋእ ዎስዳ።
29050d0105	የሱሳ ኡንታጎ፥ «ቅቶተ» ያጋይዳ። ዬዝን ቱና አያኑንꬅ አꬄፓ ኬዚ ጉዳይሉንꬅ ግዳ ገልዳ። ላምእ ሙኩል ማቃደ ጉዳይለ ዉደ ጋጋ ዶናራ ዎጺ Ꮉንግ አባ ገሊ ቆꬍንትዳ።
29050e00ac	ጉዳይለ ዉደ የንግዙንꬅ ዎጺ Ꮉንግ Ꮉንዳኖ ካታማራን ጋጻረራ ኦህዳ። የዝን አሱንꬅ Ꮉንዳኖ በአደስ ከዝዳ።
29050f00d7	አሱንꬅ የሱሳጎ የእዘ ዎደ ቱና አያናራ አይክንትደ አꬃ ብእዳ። ኤ ፋ ዎዝንተ ማቂ፥ ማኦ ማእ፥ እዘ በትዳኖ በእዘ ዎደ ኡቡንꬅ ዣሽትዳ።
29051000aa	ይኖ ብእደ ጋር አሱንꬅ ቱና አያኑንꬅ አይክደ አꬄላ አፋን ጉዳይሉንꬃላ አፋ Ꮉንዳኖ ኡባ አሱንꬅስ ኦህዳ።
2905110056	ይኒ ግሾ፥ አሱንꬅ ፋ ሳእትፓ የሱሳ ከዞደ ጋር ዎስዳ።
290512008e	የሱሳ ጎንግተ ገልዘ ዎደ ቲኖ ቱና አያና አይኪ ዳክደ አꬄ፥ የሱሳራ Ꮉንጎደስ ኤዛ ዎስዳ።
29051300c4	የዝን የሱሳ እጺ ኤጎ፥ «ነ ካራ ማቂ፥ ላꬂ ኔስ አኮ ጋር ዳማ ባዝ ኦቼዛኮን አኮ ጋር ማረዛኮ ነ ካራ አሱንꬅስ ኦሆ» ያጋይዳ።
29051400d5	አꬃይ Ꮉንግ ታጵ ካታማ ጋእንትዘ ሳአ ዉቲ፥ የሱሳ ፋስ አኮ ጋር ዳማ ባዝ ኦቼዛኮ ኦህዳ። ኤ ኦህዳኖ ስእደ አሱንꬅ ኡቡንꬅ ጋማ ቆፕዳ።
2905150089	የሱሳ ማቂ፥ ጎንገ ገሊ፥ አባ ፊንግዳንፓ ሱባ ጋማ አሱንꬅ አባ ጋጻ ኤ ካለ ዉቲ ሺቅዳ።
290516008c	እያሮሳ ጋዘ አይሁደ ዎሳ ኬꬃ Ꮉላቁንꬃፓ ፈተ፥ የሱሳ ብእደ ዎደ ኤጎ ይእ ኤ ቶህትላ አፋ
29051700bf	ጎልእ፥ «ታ ናታ Ꮉርግንቲ Ꮉይቆደስ ይእነ። እዛ ፋጺ የሳደ ጋር ይእ ነ ኩሽቶ ኢላ አፋ ጋዶያ» ያጋእ የሱሳ ምንꬂ ዎስዳ።
290518006c	የሱሳ እያሮሳራ ቅትዳ። ኤ Ꮉማደራ ጋማ አሱንꬅ ኤዛ ካሊ ኡንእꬅዳ።
2905190054	ታጶ ላምእ በረ እ ጋልትፓ ሱꬅ ጎግዘ ፈቲ ማችታ የነ።
29051a00c3	ጋማ አክሙንꬅ እዞ አክምዳ፥ የዝን እዛ ፋጻ ካእንትዳ። እዛ ፋ ቆልቶ ኡባ Ꮉስንን ኢስ Ꮉንካ ኢትዳፕ አትን አኮን ማድካያ።
29051b0078	ይና ማችታ የሱሳ ባዝ ስእ፥ አሱንꬃና አꬊ የሱሳ ሱባራ ይእ ኤ ማእቶ ቦችዳ።
29051c0065	እዛ፥ «ታኒ መለ አቶ የዝን ኤ ማእቶ ቦችዛኮ ፋጾዳ» ጋእ ቆፕዳ።
29051d0075	ኢፓ ጎግዘ ሱꬅታ ኢራ ኤቂ አትዳ። እዛ ፋ ዋይትፓ ፋጽዳኖ ፋ ጋልተ ኤርዳ።
29051e00a0	የሱሳ ኢራ ፋፓ ዎልቃ ኬዝዳኖ ፋ ኦምተ ኤሪ፥ ጋማ አስ ግዳ ሱብ ማቂ፥ «ታ ማእቶ ቦችደ ኦደ?» ያጋይዳ።
29051f008e	ኤ ታማሩንꬅ፥ «አሱንꬅ ነና ኡርቂዛኖ ብእተራ፥ ‹ዋይዝ ታና ኦደ ቦችደ ጋኤ?›» ያጋይዳ።
290520004f	የሱሳ ይኖ ኦኒ ኦቼዛኮ በአደስ ዉቱꬂ ዳኪ ብእዳ።
29052100af	የዝን ማችታ ፋስ Ꮉንዳኖ ኤሪ፥ ዣሽሞራ ጎቅተራ ይእ የሱሳ ቲንተ ጎልእዳ፤ ማህ Ꮉንዳኖ ኡባ ቱርቶ ኤስ ኦህዳ።
2905220092	የይን፥ የሱሳ ኢጎ፥ «ናእተ፥ ነና ነ አማንታ ፋꬅዳ፥ ሳሮራ ቅቶ፥ ነ ዋይትፓ ፋጾ» ያጋይዳ።
29052300d4	የሱሳ Ꮉጋ ይኖ ኦሆደራ፥ አይሁደ ዎሳ ኬꬃ Ꮉላቃ ካራፓ ኪትንትደ አሱንꬅ ይእ፥ «ነ ናታ Ꮉይቂዳ፥ አስታማርዛ አኮስ ላቢዘ?» ያጋይዳ።
29052400a8	የዝን የሱሳ ኡን ጋዛኖ ስእ፥ አይሁደ ዎሳ ኬꬃ Ꮉላቅዘጎ፥ «አማኖ ጻላላ አማኖፕ አትን ዣሽትፐ» ያጋይዳ።
2905250089	የሱሳ ጴጥሮሳፓ፥ ያይቆባፓን ያይቆባ እሸ ዋሐንሳፓ መለ ኦደን ፋና ካላመ ጋር ካይዳ።
29052600a7	ኡንቲ አይሁደ ዎሳ ኬꬃ Ꮉላቅዘ ካራ የልደ ዎደ የሱሳ አሱንꬅ ዎዝና ꬋቢ ዬክዙንꬃናን ዘለሉንꬃና ብእዳ።
290527007a	ገሊ አሱንꬃጎ፥ «አኮስ ሙዢ ዬከተ? ናታ ገንትዳፕ አትን Ꮉይቂካያ» ያጋይዳ።
29052800cd	አሱንꬅ ኤላ አፋ ሚጭዳ። የዝን አሱንꬃና ኡባ ባለ ኬሲ፥ ናቲ አዳያን፥ እንቶን Ꮉይꬕ ታማሩንꬃና ፋራ ኤኪ ናታ የዘ በስተ ገልዳ።
2905290080	የሱሳ ናቲ ኩሽቶ አይኪ፥ «ጻልታ፥ ቁሚ» (ኤራꬅ ናእተ፥ ነና ጋነ ደንዶ) ያጋይዳ።
29052a007c	ናታ ኢራ ደንዲ ኤቂ የꬍዳ። እዛ ታጶ ላምእ በረ ናአ። ይነ አሱንꬅ ጋማ ቆፕዳ።
29052b0099	የሱሳ ይኖ ኡን ኦደስን ኦሃመ ጋር ኡንታና ምንꬂ ኪትዳ። ኡንቲ ኢስ ሙእዘ ባዝ እማደ ጋር ኦህዳ።
2906010069	የሱሳ እዝፓ ኬዚ፥ ፋ ታማሩንꬃና ካልꬅ፥ ፋ ካታማ ናዝረተ ይእዳ።
2906020165	ሳምባታ ዎደ አይሁደ ዎሳ ኬꬃ ታማርሰ አይክዳ። ኤ ታማርስዛኖ ስእደ ጋማ አሱንꬅ ጋማ ቆፒ፥ «Ꮉይ Ꮉኖ ኡባ አባፓ ደንግዶ? Ꮉና ጭንጫትꬅታ ኤስ አናፕ እንግንትዶ? Ꮉና ኤ ኩሽተ ኦችንትዘ ክለ ባዝቶ ኦችዘ ዎልቃ ኤስ ኦኒ እንግዶ?
29060300e4	Ꮉይ አናጸ ናአ ባነ? ማይራም ናአ፥ ያይቆባ፥ ዮሳ፥ ይሁዳን ስሞና እሸ ባነ? ኤ ምሹንꬅ ኑራ Ꮉነ የዙንꬃና ባነ?» ያጋእ፥ ኤ ጋዛኖ ስአንጽ እጽዳ።
29060400d0	የሱሳ የንꬅ አሱንꬃጎ፥ «ናበ ፋ ጋደ፥ ፋ እግኑንꬅ ግዳን ፋ ካራ አሱንꬅ ግዳ ቦንችንቶስ ፋትን መሉንꬅ ካለ ቦንችንታነ» ያጋይዳ።
290605009c	ኤ ይና በስተ ፋ ኩሽቶ ኤራꬅ አሱንꬃላ አፋ ጋዲ ፋꬅዳንፕ መለ ጋማ ቆፍዘ ባዝ ኦቾደስ ዳንዳእካያ።
2906060090	አሱንꬅ አማንካይዘ ግሾ ጋማ ቆፕዳ። ይንፓ ሱባ የሱሳ ይና ጉቱተ የዘ አሱንꬃና ታማርሳነ።
29060700ae	የሱሳ ታጶ ላምእ ታማሩንꬃና ፋጎ ጼጊ፥ ላምእ ላምእ ማህ ኪትዳ። ኡንትስ ቱና አያናላ አደትꬅ ዎልቃ እንግዳ።
2906080085	ኡንታና፥ «ኦገስ ጉፈፕ አትን ካꬃ፥ ካርጥተ፥ ይን ኪስተ ብራ አኮ ባዝን አይክፐተ።
2906090064	ይን ቶህተ ጫማ ኣꬆተ፥ ፋትን ላምእ አፉላ አይክፐተ» ያጋይዳ።
29060a009a	ማህን፥ «ይንታና አስ ሞክዘ ኬꬃ አባ ማቅኮን ይና በስትፓ ኬዚ ቅቶደ ዎንꬅስ ይና ኬꬅተ ጋምኦተ።
29060b0113	ይንታና አስ ሞኮሰ በሳ ዎይ ይን ኦህዛኖ ስኦሰ በሳ አባን ማቅኮ፥ ይና ሳእተ የዘ አሱንꬅስ ይን ማርካ ማቃደ ጋር ይና በስትፓ ከዝተራ፥ ይን ቶህተ የዘ ጹርቶ ፍጾተ» ያጋይዳ።
29060c0073	ታጶ ላምእ ታማሩንꬅ Ꮉንግ፥ አሱንꬅ ፋ ናጋርትፓ ማቃደ ጋር ቃላ ኦህዳ።
29060d0079	ኡንቲ አሳፓ ጋማ ቱና አያና ከስዳ። ጋማ Ꮉርግንትዙንꬃና ዛይተ ትዢ ፋꬅዳ።
29060e0101	የሱሳ ሱንꬅታ ኡባ በሳ ከዝደ ግሾ ካት ሄሮድሳ ኤ ባዝ ስእዳ። ፈቲ ፈቲ አሱንꬅ፥ «ጻማቅዘ ዋሐንሳ Ꮉይቆፓ ደንድዳ፥ ይኒ ግሾ Ꮉና ክለ ባዝቶ ኦችዘ ኤዛ» ያጋይዳ።
29060f0091	ባጉንꬅ፥ «Ꮉይ ኤልያሳ» ያጋይዳ። መሉንꬅ ማህ፥ «Ꮉይ ዛጋ ዎደ ናቡንꬃፓ ፈታያ» ያጋይዳ።
29061000a5	የዝን ሄሮድሳ ይኖ ስእደ ዎደ «Ꮉይ ታኒ አፉርቶ ጋችዝደ ጻማቅዘ ዋሐንሳ። ኤ Ꮉይቆፓ ደንድዳ» ያጋይዳ።
290611008a	ሄሮድሳ ፋ እሸ ፍልጶሳ ማችቶ ሄሮድያዳ ኤክደ ግሾ እ ምክናትስ ዋሐንሳ አይꬂ አጭዝዳ።
2906120066	ዋሐንሳ ሄሮድሳጎ፥ «ኔኒ ነ እሸ ማችቶ ኤኮደስ ቤዞስ» ያጋይዳ።
2906130078	ሄሮድያዳ ዋሐንሳ ፋ ዎዝንተ እጺ ኤዛ ዎዽሳደስ ኮይዳ፥ የዝን ዳንዳእካያ።
29061400e4	ዋሐንሳ ጽሎን ጌሽ አስ ማቅዳኖ ሄሮድሳ ኤርደ ግሾ ኤስ ዣሽቲ ሎይꬂ ናግዛነ። ሄሮድሳ ዋሐንሳ ጋዘ ባዝ ስእዘ ዎደ ታናነ። የዝን ኡፋይት ስእነ።
29061500e7	ሄሮድሳ ፋ የልንትደ ቃምቶ ቦንቾደስ ጋደ አህዙንꬃና፥ ሻላቁንꬅስን ጋልላ የዘ ዳማ አሱንꬅስ ድግሳ ጊግዝዳ። ይና ሄሮድያዳስ ዎትዘ ዎደ ማቅዳ።
29061600fb	ሄሮድያዳ ናእታ ዛቁንꬅ ሞኩንትዘ ኬꬃ ገሊ ዱሪ፥ ሄሮድሳን ኤ ዛቁንꬃና ኡፋይስዳ። ካትዘ ናትጎ፥ «ነ ኮይዘ አኮ ማቅኮን ታና ኦጮ፥ ታ ኔስ እንጎዳ» ያጋይዳ።
29061700cf	ማህ ኢስ ጫቂ፥ «ኔኒ ኦጭዘ አኮ ማቅኮን፥ ታኒ ኔስ እንጎዳ። መለ አቶ የዝን፥ ታ ካእቱምት ባግቶ ማቅኮን ታ ኔስ እንጎዳ» ያጋይዳ።
29061800b6	ናታ ባለ ኬዚ ፋ እንትጎ፥ «አኮ እንጎ ጋዉነ?» ጋእ ኦጭዳ። እ እንታ፥ «ጻማቅዘ ዋሐንሳ ኦምቶ እንጎ ጋኦ» ያጋይዳ።
29061900a0	ናታ ኤልሲ ካትዘጎ Ꮉንግ፥ «ጻማቅዘ ዋሐንሳ ኦምቶ ሳነ ግዳ ጋዲ Ꮉተ ታስ እማደ ጋር ኮያነ» ያጋይዳ።
29061a008b	ያጋእን ካትዘ ጋማ ዥልꬍዳ፥ የዝን ፋ ዛቁንꬅ ግሾ ኢስ ጫቂደ ፋ ጫቅቶ አሾደስ ኮይካያ።
29061b00a8	ይኒ ግሾ፥ ኤልሲ ናግዘጎ ዋሐንሳ ኦምቶ ኮኦደ ጋር ኪትዳ። ናግዘን አች ኬꬃ Ꮉንግ ዋሐንሳ አፉርቶ ጋችዳ።
29061c0082	የ ጋችንትደ ኦምዛ ሳነ ግዳ ጋዲ ክእ ናትስ እንግዳ። ናታ ማህ ፋ እንትስ እንግዳ።
29061d006a	ዋሐንሳ ታማሩንꬅ ይኖ ስእደ ዎደ Ꮉንግ ኤ አህቶ ኤኪ ካንግ ሞግዳ።
29061e0079	ታጶ ላምእ ሐዋሩንꬅ ማቂ ይእ ኡን ኦችዳኖን ታማርስዳኖ ኡባ የሱሳስ ኦህዳ።
29061f0159	ኡንታጎ ይእዘ አሱንꬅን ቅትዘ አሱንꬅ ጋንግደ ግሾ የሱሳራን ኤ ታማሩንꬃራ፥ መለ አቶ የዝን ካꬃ ማደስን ኡንታና የልꬃንጽ እጽዳ። የይን፥ የሱሳ ኡንታጎ፥ «የኦተ ዎላ ኤራꬅ ሸምፖደስ አስ ባይዘ በሳ የꬎተ» ያጋይዳ።
290620005b	ይኒ ግሾ፥ ኡንቲ ፋ ፋስ ጎንገ ገሊ አስ ባይዘ በሳ ቅትዳ።
29062100d0	ኡንቲ Ꮉማደራ ጋማ አሱንꬅ ኡንታና ብእ ኤርዳ። የዝን፥ ካታማ ኡባፓ አሱንꬅ ቶሄራ ዎጺ Ꮉንግ ኡን ቅትዘ በስቶ ኡንታፓ ቲኒ የልዳ።
29062200dc	የሱሳ ጎንግዘፓ ዎꬊ ጋማ አሱንꬃና ብእዳ። አሱንꬅ የንግዘ አስ ባይዘ ዱሮ ፋና ማቅዳኖ ብእ ኡንትስ ይቅስንቲ ኡንታና ጋማ ባዝ ታማርስዳ።
2906230097	ሳእታ ኡጉርዘ ዎደ የሱሳ ታማሩንꬅ ኤጎ ይእ፥ «Ꮉና በስታ አስ ባይዘ በሲ፤ Ꮉተ ሳእታን ቃምዳ።
2906240089	አሱንꬅ ካራ ጋንጨን ካታማ Ꮉንግ ፋስ ሙእዘ ባዝ ዎንጎደ ጋር አሱንꬃና ዳኮ» ያጋይዳ።
2906250104	የዝን የሱሳ ማህ ኡንታጎ፥ «አሱንꬅስ ሙእዘ ባዝ ይን እንጎተ» ያጋይዳ። ኡን፥ «ኑኒ Ꮉንግ ላምእ ጼት ድናረር ቦራ ዎንግ አሱንꬃና ሙዞደ ጋር ኮያነ?» ያጋእ ኦጭዳ።
29062600be	የሱሳ ኡንታጎ፥ «ይንትስ ዋንꬅ ቦራ የዘ? አነ Ꮉንግ ቦኦተ» ያጋይዳ። ኡንቲ ብእ፥ «እችን ቦራን ላምእ ሞሎን» ያጋይዳ።
290627006d	የሱሳ ፋ ታማሩንꬃጎ አሱንꬃና ኡባ ጋቾ ጋቾ ታጊ በትꬆደ ጋር ኪትዳ።
290628006f	አሱንꬅ ባግታ ጼት፥ ባግታ እችንታም ማቂ ልከራ ልከራ ታግንት በትዳ።
290629010d	የሱሳ እችን ቦርቶን ላምእ ሞሉንꬃና ኤኪ፥ ኡደ ሳሎ ብእ ጾዝ ጋላትዳ። ቦርቶ ባጽ አሱንꬅስ የልꬆደ ጋር ታማሩንꬅስ እንግዳ። ማህ ላምእ ሞሉንꬃና ኡን ኡቡንꬅስ ግሽዳ።
29062a0027	አሱንꬅ ኡባ ሙእ ምዥዳ።
29062b0077	አትደ ቦራ ጉፋን ሞሎ ጉፋን፥ ኤ ታማሩንꬅ ታጶ ላምእ ሌማተ ኩሙꬅ ደንꬅዳ።
29062c0055	ቦርቶ ሙእደ ꬊራꬅ አሱንꬅ ጻላላ እችን ሙኩል ማቃዳ።
29062d00de	ኤልሲ የሱሳ ፋ ታማሩንꬅ ጎንገ ገሊ፥ አባፓ ሰኮ ፍንꬃ የዘ ቤተሳይዳ ፋፓ ቲኒ ቅቶደ ጋር ኪትዳ። የዝን ፋስ አሱንꬃና ሞይዞደስ ሱብ አትዳ።
29062e005b	አሱንꬃና ሞይዝዳንፓ ሱባ ጾዝ ዎሶደስ ደረላ አፋ ከዝዳ።
29062f0075	ሳእታ ቃምዘ ዎደ ጎንግዘ አባ ግዳ የነ፥ የዝን የሱሳ አባፓ ጋጻ ፋስ የነ።
2906300106	ባቆ ኤ ታማሩንꬃጎ ባቅዘ ግሾ አባ ፍዽዛና ዋይስዛኖ የሱሳ ብእዳ። ዎንት ማ ሉኩለ ኦሎደስ ይእዘ ዎደ ኤ አባላ አፋ የꬍተራ ኡንታጎ ይእ፥ ኡንታና ኦሊ አꬋደስ ኮይዳ።
290631006d	የዝን ኤ አባላ አፋ የꬋደራ፥ ኡን ብእ፥ ኡንትስ ሜሸ አዝን ዉይስዳ።
29063200ae	ኡን ኡቡንꬅ ኤዛ ብእ፥ ዣሽሞራ ታንዳ። የዝን የሱሳ ኤልሲ ኡንታጎ፥ «ታና፥ አኮን ባያ፤ ዣሽትፐተ» ያጋይዳ።
290633006e	ኤ ጎንገ ገሊ ኡንታራ ዎላ በትን ባቅታ ዎፑ ጋይዳ። ኡንቲ ጋማ ቆፕዳ።
290634004c	ኡን ዎዝንታ ዶጭደ ግሾ ኡን ቦርቲ ባዝ ቲሪካያ።
2906350069	ኡንቲ አባ ፊንግ፥ ጌንሳሬጠ ሳአ የሊ፥ ጎንግዛ ጋጻላ ሺሺ አጭዳ።
2906360058	ኡንቲ ጎንግዘፓ ዎꬍዘ ዎደ አሱንꬅ ኤልሲ የሱሳ ኤርዳ።
29063700b3	ኡንቲ ካራ ጋንጨ የዘ ሳአ ኡባ ዎጺ የሊ Ꮉርግንትዙንꬃና ሻንቻፋራ ቶኪ፥ «የሱሳ የነ» ጋእን ስእደ በስተ ክእዳ።
2906380134	አሱንꬅ ኤ Ꮉንግደ ኬꬃ ኡባ፥ ጋጻረ ማቅኮን፥ ካታማ፥ የዘ Ꮉርግንትዙንꬃና አስ ሺቅዘ በሳ ካንጋነ። Ꮉርጋንቹንꬂ ኤ አፉላ ማጫርቶ ማቅኮን ቦቾደ ጋር አሱንꬅ ኤዛ ዎስዳ። ቦችደ ኡቡንꬅ ፋጽዳ።
290701007e	የሩሳላመፓ ይእደ ፈቲ ፈቲ ፋርሳዉንꬅን ህገ አስታማሩንꬅን የሱሳ ካለ ሺቅዳ።
2907020096	የሱሳ ታማሩንꬃፓ ፈተ ፈተ ጌዥካይዘ ኩሸራ፥ ይናን ኩሸ ሜጭካይዛራ ካꬃ ሙዙንꬃና ኡን ብእዳ።
2907030086	ፋርሳዉንꬅን አይሁደ አሱንꬅ ኡባ ፋ አዱንꬅ ዎግት ጋር ፋ ኩሽቶ ሜጭካይዛራ ሞኦስ።
29070400f7	ይኒ ጋራ፥ ኡን ጋበፓ ዎንግ ማቂ ሜጭንትካይዛር ሞኦስ። ማህ ኡን ፋ አዱንꬃፓ ኤክደ መለ ጋማ ዎጋ የነ፦ ይናን ስነ፥ ጻሮ፥ መቆ ሚሸ ዳꬃን ጌሽዘ ዎጋ ናጋነ።
29070500c9	ፋርሳዉንꬅን ህገ አስታማሩንꬅን የሱሳ፥ «ነ ታማሩንꬅ አኮስ አዱንꬅ ዎጋ መንꬂ ፋ ኩሽቶ ሜጭካይዛራ ካꬃ መኤ?» ያጋእ ኦጭዳ።
29070600c0	የሱሳ ኡንታጎ፥ «ኢሳያሳ ይን ጩቡንꬆ፥ «Ꮉንꬅ አሱንꬅ ታና ፋ ዶናራ ጻላላ ቦንቻነፕ፥ አትን ኡን ዎዝንታ ታፓ Ꮉኮ የነ።
2907070092	አስ መꬍደ ዎጋ ጾዘ ህገ አዝዝ ታማርስዘ ግሾ ኡን ታና Ꮉፖ ጎይናነ» ጋእ ጻፍደ ትንቢታ ቱሮ።
290708004a	«ይንቲ ጾዘ ኪታ አሺ አስ ዎጋ ናጋነ» ያጋይዳ።
2907090074	ማህን የሱሳ፥ «ይን ይን ዎጋ ናጊ ጾዘ ኪቶ ኦሊ አሾደስ ሎኦ ኦገ ደንግዳ።
29070a00a5	ሙሴ፥ ‹ነ አዳያን ነ እንቶን ቦንቾ›፥ ማህ ‹ፋ አዳያን ዎይ ፋ እንቶ ጫዥደ Ꮉይቆደስ ቤዛነ› ያጋይዳ።
29070b0082	የዝን ፈቲ አስ ፋ አዳያን ዎይ ፋ እንቶን ማዶዳኖ አሺ፥ ‹ይና ጾዘ ዣርሾ› ጋእኮ፥
29070c004a	ኤ ፋ አዳያን ዎይ ፋ እንቶን ማዳመ ጋር ኦቻነ።
29070d00a5	ይኒ ጋራ፥ ይን መሉንꬃና ታማርስደ ይን ዎግትራ ጾዘ ቃላ ለቂዳ። ይኒ ፋና መለ ጋማ ባዝ ኦቻነ» ያጋይዳ።
29070e006f	የሱሳ ጋማ አሱንꬃና ማህ ፋጎ ጼጊ፥ «ኡቡንꬅ ታ ኦህዛኖ ስኦተ ቲሮተ።
29070f0086	አስ ዎዝናፓ ከዘ ባዝ አስ ቱንዛነፕ አትን ባለፓ አስ ሳዛ ገሊ አስ ቱንዘ አኮን ባያ።
290710003a	ስእዘ Ꮉየ የዘ ኦደን ስኦ» ያጋይዳ።
2907110082	የሱሳ ጋማ አሱንꬃና አሺ አሺ ኬꬃ ገልን ኤ ታማሩንꬅ ይና አዝዝቲ ባዝ ኤዛ ኦጭዳ።
29071200a8	ኤ ኡንታጎ፥ «ይንትስን ማህ ገልካነ? ባለፓ አስ ዎዝና ገልዘ አኮ ባዝን አስ ቱንሳደስ ዳንዳኦሳና ገሎሳነ?
29071300d8	አኮስ ጋይኮ፥ ካꬃ አስ ሳዛ ግዳ ገሊ ፋ ኦግትራ አꬋነፕ አትን አስ ዎዝና ግዳ ገሎስ» ያጋይዳ። ይነ የሱሳ ካꬃ ኡባ ጌሽ ማቅዛኖ ኤርስዳ።
290714005c	ካሊ፥ የሱሳ፥ «አስ ቱንዘ ባዝ አስ ዎዝና ግዳፓ ከዘ ባዝ።
2907150069	አስ ዎዝና ግዳፓ ከዘ ባዝ ኢታ ቆፋ፥ ጎመ ዎይኤ፥ ካይዞ፥ አስ ዎ ፥
2907160087	ኦላለ፥ ዥንባርትሞ፥ ኢታትꬅ፥ ገነ፥ ቃይጸ፥ ጭሞ፥ ቃናኤ፥ ጫሽ፥ ኡቱራን ቦዛትꬅ።
2907170065	Ꮉና ኢታባዝታ ኡባ አስ ዎዝና ግዳፓ ኬዚ አስ ቱንዛነ» ያጋይዳ።
29071800ef	የሱሳ ይንፓ ኬዚ፥ ጢሮሳ ካታማ ካለ የዘ ሳአ ቅትዳ። ኤ ፈቲ ኬꬃ ገሊ እዘ የዛኖ ኦደን ኤሮደ ጋር ኮይካያ። ይኖ ማቅኮን አችንት ጋምኦደስ ዳንዳእካያ።
29071900a8	የዝን እ ኤራꬅ ናእቶ ቱና አያና አይክደ ፈቲ ማችታ የሱሳ ባዝ ስእ ኤልሲ ኤጎ ይእ ኤ ቶህትላ አፋ ጎልእዳ።
29071a00ba	እዛ የልንትዳና ሶርያ ግዳ ፍንቀ ጋዘ ሳአ የልንትደ ግርኬ ማቾ። እዛ፥ ፋ ናትፓ ቱና አያንዛ ከሶደ ጋር የሱሳ ዎስዳ።
29071b00ac	የዝን የሱሳ ማህ፥ «ናኡንꬅ ቲንꬊ ካꬃ ሙእ ምዦ፤ ናኡንꬅ ካꬅቶ ኤኪ ካኑንꬅስ ኦልዛና ሎኦ ማቆስ» ያጋይዳ።
29071c00a0	ማችታ ማህ፥ «ታ ላꬃዮ ይና ቱሮ፥ የዝን ሌማተ ካለ የዘ ካኑንꬅ ናኡንꬃፓ ዎꬍደ ጉፍቶ ሙነ» ያጋይዳ።
29071d008b	የሱሳ ማህ ኢጎ፥ «Ꮉኖ ነ ኦህደ ግሾ ነ ካራ ቅቶ፤ ቱና አያንዘ ነ ናትፓ ከዝዳ» ያጋይዳ።
29071e0074	ማችታ ፋ ካራ Ꮉንግዘ ዎደ ቱና አያንዘ ናትፓ ከዝን ይꬃ ዎይእዳኖ ብእዳ።
29071f0084	የሱሳ ጢሮሳ ካታማፓ ኬዚ፥ ስዶናራን ታጵ ካታማ ጋዘ ሳአራ አꬊ ጋልላ አባጎ ቅትዳ።
290720007c	አሱንꬅ ቱለን ዶና ሙመ አስ የሱሳጎ ክእ፥ ፋ ኩሽቶ ኤላ ጋዶደ ጋር ኤዛ ዎስዳ።
29072100a2	የሱሳ ፋስ የ አꬃ ጋማ አሳፓ ጋጻ ኬሲ፥ ፋ ግልእዛ ኤ Ꮉይተ ዳክዳ። ማህ ጩች ጩቲ ኤ እልአንꬅቶ ቦችዳ።
2907220074	ሳሎ ኡደ ብእ፥ ጋዲ ሸምፒ፥ «ኤፍታህ» ጋይዳ። ብልꬅታን «ቡጉንቶ» ጋኤ።
2907230087	አꬄ Ꮉይታ ኤልሲ ቡጉንትዳ፥ አጭንትደ እልአንꬅታን ብልንትዳ፥ አꬄ ጌሽ ኦህንትዳ።
29072400b8	የሱሳ አሱንꬃጎ፥ «Ꮉኖ ኦደስን ኦህፐተ» ያጋይዳ። የዝን ኤ ጋማ ምንꬂ ኦህፐተ ጋእን፥ አሱንꬅ ኦህቶ ጎደ ጋንꬅዳ።
29072500bd	ይኖ ስእደ አሱንꬅ ኡባ ጋማ ቆፒ፥ «ኡባባዝቶ ኤ ሎይꬂ ኦቻነ። መለ አቶ የዝን፥ ቱልዛ ስሳነ፥ ሙምዛ ኦህዛነ» ያጋይዳ።
29080100a7	ኤራꬅ ዎደፓ ሱባ፥ ጋማ አሱንꬅ የሱሳጎ ሺቅዳ። አሱንꬅስ ሙእዘባዝ ꬋብን የሱሳ ፋ ታማሩንꬃና ፋጎ ጼጊ፥
29080200ad	«Ꮉንꬅ አሱንꬅ ታራ Ꮉይꬕ ቃማ የሎደስ ጋምእ፥ አኮን ሙእዘ ባዝ ደንግካይዘ ግሾ ታና አሱንꬅ ባዝታ ይቅሳነ።
29080300ad	ታኒ አሱንꬃና ናየራ ካራ ዳክኮ አሱንꬅ Ꮉንግተራ ኦገ ላቢ ጎልኦዳ፥ ባገ አሱንꬅ Ꮉኮ በሳፓ ይእዳ» ያጋይዳ።
29080400c0	የሱሳ ታማሩንꬅ ማህ፥ «Ꮉና አኮ ባይዘ ጋናሳ Ꮉንꬅ አሱንꬃና ኡባ ሙሳደስ ማቃደ ካꬃ ደንጎደስ ዳንዳኦደ ኦደ?» ያጋይዳ።
2908050095	የሱሳ ኡንታጎ፥ «ይን ካለ ዋንꬅ ቦራ የዘ?» ጋእ ኦጭዳ። ኡን ማህ፥ «ላፑን ቦራ የነ» ያጋይዳ።
290806010e	የሱሳ አሱንꬅ ሳአላ በቶደ ጋር ኪትዳ። የይዝ፥ ላፑን ቦርቶ ኤኪ ጾዝ ጋላቲ ማቂ ቦርቶ ባጽ፥ አሱንꬃና የልꬆደ ጋር ፋ ታማሩንꬅስ እንግዳ። ኤ ታማሩንꬅ አሱንꬅስ ግዥዳ።
29080700bf	ኡንትስ ማህ ኤራꬅን ይሻ ሞሉንꬅ የነ። የሱሳ ይና ሞሉንꬅ ግሾ ጾዝ ጋላቲ፥ አሱንꬅስ የልꬆደ ጋር ፋ ታማሩንꬃና ኪትዳ።
290808008a	አሱንꬅ ኡቡንꬅ ሙእ ምዥዳ። ኤ ታማሩንꬅ ሙእን አትደ ጉፋ ላፑን ሌማተ ኩሙꬅ ደንꬅዳ።
2908090089	ካꬃ ሙእደ አሱንꬅ ፋይድታ ኦይዲ ሙኩል ማቃዳ። ይንፓ ሱባ፥ የሱሳ አሱንꬃና ሞይዝዳ።
29080a0067	ኤ ማህ ፋ ታማሩንꬃራ ኤልሲ ጎንገ ገሊ ዳልማኑታ ጋዘ ሳአ ቅትዳ።
29080b0087	ፋርሳዉንꬅ ይእ የሱሳ ኦጮደስ ኮይ፥ ሳሎፓ ፋና ማላ ቤሳደ ጋር የሱሳራ ላለ አይክዳ።
29080c00cf	የሱሳ ጋዲ ሸምፒ፥ «Ꮉና ዎደ አሱንꬅ አኮስ ማላ ኮየ? ታኒ ይንትስ ቱሮ ኦህነ፤ Ꮉና ዎደ አሱንꬅስ አኮ ማላን እንግንቶስ» ያጋይዳ።
29080d0068	ኤ ኡንታና እዘ ኦሊ አሺ ማህ ጎንገ ገሊ አባፓ ሰኮ ፍንꬃ ፊንግዳ።
29080e0077	ኤ ታማሩንꬅ ካꬃ አይኮዳኖ ቦትዳ፤ ኡንትስ ጎንገ ግዳ ፈቲ ቦራፓ መለ ባያ።
29080f00a1	የሱሳ ኡንታጎ፥ «ይንታና ኤሮተ። ፋርሳዉንꬅ እርሽትፓን ሄሮድሳ እርሽትፓ ናግንቶተ» ያጋእ ኪትዳ።
290810005f	ኡን ዎል ግዳ፥ «ኤ Ꮉኖ ጋዛና ኑስ ቦራ ባይዘ ግሾ» ያጋይዳ።
29081100bc	የሱሳ ኡን ጋዛኖ ኤሪ ኡንታጎ፥ «ይንትስ ቦራ ባይዘ ግሾ አኮስ ኦህንተ? Ꮉተን ኤሮስተ? ዎይ ቲሮስተ? ይን ዎዝንታ ዶጭዳ?
290812005c	ይንትስ ኣፈ የዝን ቦኦስተ? Ꮉየ የዝን ስኦስተ? ይን ቲራነ?
29081300dd	ታኒ እችን ቦራ እችን ሙኩል አሱንꬅስ የልꬅዘ ዎደ ዋንꬅ ሌማተ ኩሙꬅ ጉፋ ደንꬅዶ?» ያጋይዳ። ኡንትን፥ «ታጶ ላምእ ሌማተ ኩሙꬅ» ያጋይዳ።
29081400f0	«ይኒ ጋራ፥ ታኒ ላፑን ቦራ ኦይዲ ሙኩል አሱንꬅስ የልꬅደ ዎደ ዋንꬅ ሌማተ ኩሙꬅ ጉፋ ደንꬅዶ?» ያጋይዳ። ኡን፥ «ላፑን ሌማተ ኩሙꬅ ደንꬅዳ» ያጋይዳ።
2908150038	ዬዝን፥ «Ꮉተን ቲሪካነ?» ያጋይዳ።
290816009c	ኡንቲ ቤተሳይዳ ካታማ ቅትዳ። ኤራꬅ አሱንꬅ ቆቀ አꬃ የሱሳጎ ክእ የ አꬃ ግርሞደ ጋር ኤዛ ዎስዳ።
29081700c4	የሱሳ ቆቀ አꬄ ኩሽቶ አይኪ ካታማፓ ጋጻ ከስዳ። ኤ ኣፍተ ጩቲ ፋ ኩሽቶ ኣፍትላ አፋ ጋዲ፥ «ኔስ አኮ በንታነ?» ያጋእ ኦጭዳ።
290818008e	አꬃይ ꬎቅ ጋእ ብእ፥ «ታስ አሱንꬅ በንታነ፥ የዝን አሱንꬅ ምንጻ ጋር ኤንአነ» ያጋይዳ።
29081900a3	ይንፓ ሱባ፥ የሱሳ ማህ፥ አꬄ ኣፍተ ፋ ኩሽቶ ጋድዳ። አꬃይን ሎይꬂ ብእዳ፥ ፋጽን ኡባ ባዝ ሻኪ ብእዳ።
29081a0064	የሱሳ አꬄጎ፥ «ነ ካራ ቅቶ፥ የዝን ካታማ ገልፐ» ያጋእ ኪትዳ።
29081b00f3	የሱሳ ፋ ታማሩንꬃራ ቂሳርያ ፍልጶሳ ካለ የዘ ካራ ጋንጨ ቅትዳ። ኡንቲ Ꮉማደራ ኦገላ የዝን የሱሳ፥ «ታና አሱንꬅ ኦና ጋኤ?» ያጋእ ፋ ታማሩንꬃና ኦጭዳ።
29081c00de	ኤ ታማሩንꬅ፥ «ፈቲ ፈቲ አሱንꬅ ነና፥ ‹ጻማቅዘ ዋሐንሳ› ጋነ፤ መሉንꬅ፥ ‹ኤልያሳ ጋነ› ማህ መሉንꬅ፥ ‹ናቡንꬃፓ ፈታ› ጋነ» ያጋይዳ።
29081d009d	የሱሳ ኡንታጎ፥ «ዬዝን ይን ታና ኦና ጋኤ?» ያጋእ ኦጭዳ። ጴጥሮሳ፥ «ኔኒ ክርስቶሳ» ያጋእ ማህዳ።
29081e0059	የሱሳ፥ «ታ ባዝ ኦደስን ኦህፐተ» ያጋእ ኡንታና ኪትዳ።
29081f0168	የሱሳ ፋ ታማሩንꬃጎ፥ «አስ ናአይ፥ ጋማ ማꬋ ኤኮደስ ቤዛነ፤ ጭሙንꬅ፥ ካህኑንꬅ Ꮉላቁንꬅን ህገ አስታማሩንꬅ ኤዛ እጾደስ ቤዛነ። ኡንቲ ኤዛ ዎꬎደስን Ꮉይꬕ ቃማፓ ሱባ፥ ኤ Ꮉይቆፓ ደንዶደስ ቤዛነ» ያጋእ ኡንታና ታማርስዳ።
2908200064	ኤ ይኖ ኡንትስ ሎይꬂ ኦህዳ። ጴጥሮሳ ኤዛ ፈቲ ዛላ ማህ ካጭዳ።
29082100f1	የዝን የሱሳ ሱባ ማቂ፥ ፋ ታማሩንꬃና ብእ፥ ጴጥሮሳ ካጪ፥ «Ꮉይ ጻላህዛይ፥ ታፓ Ꮉኮ። ኔኒ አስ ካꬍዘባዝ ቆፓነፕ አትን ጾዚ ካꬍዘባዝ ቆፖስ» ያጋይዳ።
29082200b3	ማህካ የሱሳ ጋማ አስን ፋ ታማሩንꬃና ፋጎ ጼጊ፥ «ታና ካሎደስ ኮይዘ ኦደን ፋና ካዶ፤ ፋ ማስቃልቶ ቶኪ ታና ካሎ።
290823009f	ፋ ሸምፕቶ አሾደስ ኮይዘ አꬄ ꬋብሶዳ። የዝን ታ ግሾን ዎንገለ ግሾን ፋ ሸምፕቶ ꬋብስዘ አꬄ አሾዳ።
290824006e	አስ ሳአላ የዘ አላምቶ ትርፍዛኮ፥ ፋ ሸምፕቶ ꬋብስኮ ኤዛ አኮ ማዶደ?
2908250046	አስ ፋ ሸምፕቶ ዎዞደስ አኮ እማደስ ዳንዳኤ?
2908260101	ጾዝ አማኖሰ Ꮉና ኢታ የለቱንꬃፓ፥ ፈቲ አስ ታ ግዳን ታ ቃልተን ዬልꬍኮ፥ አስ ናአይ፥ ማህ ፋ አዳይ ቦንቾራ ጌሽ ኪታንቹንꬃራ የእዘ ዎደ የይጋ ዬልꬎዳ» ያጋይዳ።
29090100cc	የሱሳ ኡንታጎ፥ «ታኒ ይንትስ ቱሮ ኦህነ፤ ጾዘ ካእቱሞ ዎልቃራ ይእዛኖ ብእካይዛራ Ꮉይቃመ ፈቲ ፈቲ አሱንꬅ Ꮉነ የነ» ያጋይዳ።
29090200bf	የሱሳ እዝፑን ቃማፓ ሱባ፥ ፋራ ጴጥሮሳ፥ ያይቆባን ዋሐንሳ ኤኪ፥ ኡንታና ጻላላ ዳማ ደረላ አፋ ኬሲ ኡን ቲኖ ላምንትዳ።
290903007a	ኤ ማእታን ፎጭዳ፤ ሳአላ ማኦ ሜጭዘ ኦደን ጌሾደስ ዳንዳኦሰ ፋና ጋማ ቦጽዳ።
290904004d	ኤልያሳን ሙሴን የሱሳራ ኦህንቶደራ ኡን ብእዳ።
29090500d1	ጴጥሮሳ የሱሳ፥ «አስታማርዛዮ፥ ኑኒ Ꮉነ የዛና ኑስ ሎኦ፤ ኑ Ꮉይꬕ ጋባ ፈታ ኔስ፥ ፈታ ሙሴስ፥ ማህ ፈታ ኤልያሳስ ጋቦዳ» ያጋይዳ።
290906004f	Ꮉንኩንꬅ ጋማ ታንደ ግሾ ኤ አኮ ጋዛኮን ኤርካያ።
29090700b2	ይንፓ ሱባ፥ ꬎነ ይእ ኡንታና ጎዝን ꬎነ ጋርሳፓ፥ «Ꮉይኒ ታ ካዽዘ፥ ታ ናአያ፥ ኤ ጋዛኖ ስኦተ» ጋዘ ቃላ ይእዳ።
2909080078	ኤልሲ ኡንቲ ዉቱꬂ ዳኪ በእዘ ዎደ የሱሳፕ አትን መለ ኦደን ፋ ካለ ብእካያ።
29090900c7	ኡንቲ ደርዘፓ ዎꬎደራ፥ የሱሳ ኡንታጎ፥ «አስ ናአይ፥ Ꮉይቆፓ ደንዶደ ዎንꬅስ፥ ይን ብእዳኖ ኦደስን ኦህፐተ» ያጋእ ኪትዳ።
29090a0094	ኤ ኪትዳኖ ኡን፥ «የኤ» ጋእ፥ «Ꮉና Ꮉይቆፓ ደንደ ጋዛና አኮ ጋኤ» ጋእ፥ ዎል ግዳ ኦህንትዳ።
29090b0091	ኡን ማህ፥ «ህገ አስታማሩንꬅ፥ ‹ኤልያሳ ቲንꬊ ዮኦደስ ቤዛነ› አኮስ ጋኤ?» ያጋእ ኦጭዳ።
29090c00dd	የሱሳ ማህ «ኤልያሳ ቲንꬊ ይእ፥ ኡባባዝቶ ሎይꬆዳ፤ ዬዝን፥ አኮስ ጌሽ ማጻፍተ፥ ‹አስ ናአይ ጋማ ዋይንቶዳ እጽንቶዳ› ያጋነ ጋእ ኦጭዳ።
29090d00ce	የዝን ታኒ ይንትስ ኦህነ፤ ኤልያሳ ይእዳ፤ ማህ ኤ ባዝ ጌሽ ማጻፍተ ጻፍንትዳንጋራ፥ አሱንꬅ ኤላ አፋ ፋ ኮይዳኖ ኦችዳ» ያጋይዳ።
29090e00e1	የሱሳን፥ Ꮉይꬑንꬅ ታማሩንꬃጎ ማቂ የእዘ ዎደ ጋማ አሱንꬅ ኡን ካለ ኤቅዱንꬃናን ህገ አስታማረ ማቅደ ኤራꬅ አሱንꬅ ኡንታራ ላልዛኖ ብእዳ።
29090f007f	ይና ጋማ አሱንꬅ የሱሳ ብእደ ዎደ ጋማ ቆፒ፥ ኤልሲ ኤጎ ዎጺ ይእ፥ ኤዛ ሳሮꬅዳ።
2909100053	የሱሳ፥ ጻፉንꬃጎ «ኡንታራ አኮ ላለ?» ያጋእ ኦጭዳ።
29091100d0	የንꬅ ጋማ አሱንꬅ ግዳፓ ፈቲ አꬄ ማህ፥ «አስታማርዛዮ፥ ታ ናአይላ አፋ ኦህንቶዳኖ ካይዘ ቱና አያና የዘ ግሾ ኤዛ ኔጎ ኤኪ ይእዳ።
290912015a	Ꮉይ ቱና አያንዘ ኤዛ አይክደ ዎደ ኡባ፥ ኤዛ ጉዲ ኦላነ፤ ኤ ዶንትራ ዱባ የእነ፤ ማህ አች ጋርጭዛነ፤ ጋልታን ምንጋነ። ኤፓ Ꮉይ ቱና አያንዛ ከሶደ ጋር፥ ነ ታማሩንꬅስ ኦህዳ፥ የዝን ከሶደስ ኡን ዳንዳእካያ» ያጋይዳ።
29091300fb	የሱሳ ማህ ኡንታጎ፥ «አማኖሰ Ꮉና ዎደ አሱንꬆ! ታኒ ይንታራ አይደ የሎደስ የሳደ? ማህ ይንታና አይደ የሎደስ ዳንዳኦደ? ናአያ ታስ Ꮉንካ ኤኪ ዮኦተ» ያጋይዳ።
29091400cc	ኡንቲ ናአያ ኤጎ ክእዳ፤ የ ቱና አያንዘ የሱሳ ብእደ ፋና ናአያ ጎቅዝዳ፤ ናአይ ሳአ ጎልእ፥ ዶናራ ጎፑንቶ ጩትተራ ጎልእንትዳ።
29091500c7	የሱሳ የ ናአይ አዳይጎ፥ «Ꮉይ ነ ናአያ አይክዳንፓ ዋንꬅ ዎደ ማቃደ?» ያጋእ ኦጭዳ። ናአይ አዳይ፥ «ኤ ኤራꬅ የዝን አይክዳ።
29091600ac	ኤዛ ዎꬎደስ ጋማ ዎደ ታማን Ꮉꬃን ኦላነ፥ የዝን ኔስ ዳንዳእንትኮ፥ ኑስ ይቅስንቶያ፥ ኑና ማዶያ» ያጋይዳ።
2909170087	የሱሳ ኤጎ፥ «‹ነ ዳንዳእኮ ጋነ?› አማንዘ ኦደስን ኡባ ባዝ ዳንዳእንታነ» ያጋይዳ።
290918009d	ኤልሲ ናአይ አዳይ ፋ ቃልቶ ꬎቅ ዪዝ፥ «ታኒ አማናነ፥ የዝን ጉጂ አማኖደ ጋር ታና ማዶያ» ያጋይዳ።
2909190100	የሱሳ አሱንꬅ ጋንግ ጋንግ Ꮉንግዛኖ ብእ፥ ቱና አያንዛ፥ «Ꮉይ ቱለን ሙመ አያንዛዮ፥ Ꮉይ ናአይፓ ከዞ ጋእ ነና ታ ኪታነ፤ ማህ ላምእንꬃ ኤ ግዳ ገልፐ» ያጋይዳ።
29091a00c0	የ ቱና አያንዘ ኡክ፥ ናአያ ጋማ ጎቅዚ፥ ኤፓ ከዝዳ። ናአይ Ꮉይቂደ ጋራ ይእን፥ ጋማ አሱንꬅ፥ «ናአይ Ꮉይቂዳ» ያጋይዳ።
29091b0062	የዝን የሱሳ ናአይ ኩሽቶ አይኪ ደንꬅን፥ ናአይ ደንዲ ኤቅዳ።
29091c00bb	የሱሳ ኬꬃ ገልዳንፓ ሱባ ኤ ታማሩንꬅ፥ «ኑኒ የ ቱና አያንዛ ኬሶደስ አኮስ ዳንዳእካያ?» ያጋእ የሱሳ ሻኪ ዱማ ኦጭዳ።
29091d008c	የሱሳ ማህ፥ «ይኒ ጋርዘ ዎሳራን [ጾማራን] ፋትን መለ ባዛራ ኬሳደስ ዳንዳኦስ» ያጋይዳ።
29091e0095	ኡንቲ ይና በስትፓ ደንዲ፥ ጋልላራ አꬊ ቅትዳ፤ የሱሳ ፋ የዘ በስቶ ኦደን ኤሮደ ጋር ኮይካያ።
29091f00ca	ኤ ፋ ታማሩንꬃጎ፥ «አስ ናአያ፥ አስ አስስ አꬂ እንጎዳ ዎꬎዳ፤ ኤ Ꮉይꬕ ቃማፓ ሱባ፥ Ꮉይቆፓ ደንዶዳ» ያጋእ ታማርስተራ የነ።
2909200062	የዝን ኡንትስ ኤ ጋዛና ገልካያ፤ ማህ ኤዛ ኦጮደስን ዣሽትዳ።
290921009c	ኡንቲ ቅፍርናሆመ ካታማ Ꮉንግ ኬꬃ ገልዳንፓ ሱባ የሱሳ ኡንታጎ፥ «ኦገ አኮስ ላለ?» ያጋእ ኦጭዳ።
290922006d	የዝን ኡን፥ «ኑ ግዳ ኡባፓ አꬎደ ኦደ?» ያጋእ ላልደ ግሾ ስእ ጋይዳ።
29092300c9	የሱሳ በቲ፥ ታጶ ላምእ ታማሩንꬃና ጼጊ፥ «ኦደን ቲኖ አꬎደስ ኮይኮ፥ ኡባፓ ሱባ አꬊ፥ ኡቡንꬅስ አሮ ማቃደስ ቤዛነ» ያጋይዳ።
2909240071	ፈቲ ኤራꬅ ናአ ኤኪ፥ ኡን ግዳ ኤስዳ፤ የ ኤራꬅ ናአያ እርንግ ኡንታጎ፥
29092500ea	«Ꮉን ስ ጋር ኤራꬅ ናኡንꬃፓ ፈታ ታ ሱንꬅተ ሞክዘ ኦደን ታና ሞካነ፤ ማህ ታና ሞክዘ ኦደን ታና ኪተዛያን ሞካነፕ አትን ታና ጻላላ ሞኮስ» ያጋይዳ።
29092600b7	ዋሐንሳ፥ «አስታማርዛዮ፥ ፈቲ አስ ነ ሱንꬅተ ቱና አያና ከሶደራ ኑኒ ብእ፥ ኑ ባጋ ማቆሰ ግሾ ኤዛ ካይዳ» ያጋይዳ።
29092700d0	የዝን የሱሳ፥ «ኦደን ታ ሱንꬅተ ጾዚ ኦችዘ ጋማ ቆፍዘ ባዝ ኦቺ፥ ኤልሲ ታላ አፋ ኢታ ባዝ ኦህንቶደስ ዳንዳእዘ ባይዘ ግሾ ካይፐተ።
2909280029	ኑ ባዝ እጾሰ አꬄ ኑ ባጋ።
29092900c3	ታኒ ይንትስ ቱሮ ኦህነ፤ ይን ታሱንꬃና ማቅደ ግሾ ኦደን ይንትስ ታ ሱንꬅተ Ꮉለ Ꮉꬅ ኡሻደስ እንግኮን፥ ፋ አንጅቶ ኤኮዳ።
29092a00b2	«ታና አማንዘ Ꮉንꬅ ኤራꬁንꬃፓ ፈታ ባልꬅዘ ኦደን፥ ጋጭዘ ዳማ ዎጻ ፋ አፉርተ አጪ፥ አባ ግዳ ገልዛኮ ኤስ ሎኦ።
29092b00c0	ነ ኩሽታ ነና ባልꬅዛኮ፥ ጋቺ ኦሎ። ኔኒ ላምእ ኩሸራ ꬋቦሰ ጋናመ ታማ ኦልንቶዳንፓ፥ ዱጹꬅ ኩሸራ ደኦ ገልዛኮ ኔስ ሎኦ።
29092c0041	ጋናመ ዛቅልታ Ꮉይቆሰ ታማን ꬋቦሰ በሲ።
29092d00b0	ነ ቶህታ ነና ባልꬅዛኮ፥ ጋቺ ኦሎ። ኔኒ ላምእ ቶሄራ ጋናመ ታማ ኦልንቶዳንፓ፥ ዱጻ ማቂ ደኦ ገልዛና ኔስ ሎኦ።
29092e0041	ጋናመ ዛቅልታ Ꮉይቆሰ ታማን ꬋቦሰ በሲ።
29092f00c7	ነ ኣፍታ ነና ባልꬅዛኮ፥ ዎጪ ኬሲ ኦሎ። ኔኒ ላምእ ኣፈራ ጋናመ ታማ ኦልንቶዳንፓ፥ ፈቲ ኣፈራ ጾዘ ካእቱሞ ገልዛና ኔስ ሎኦ።
2909300040	እዘ ዛቅልታን Ꮉይቆስ፥ ታምታን ꬋቦስ።
290931004b	«ዣርሾ ሶገራ ጌዣን ፋና አስ ኡባ ታማራ ጌሻዳ።
29093200c0	ሶገ ሎኦ፥ ዪኮን ኤ ማልአንጽ እጽኮ፥ ማህ ዋይዝ ማልእሳደ? ይን ግዳ ሶገ የሰ። ይእ ፈታይ ፈታይራ ሳሮራ የዞተ» ያጋይዳ።
290a0100d4	የሱሳ ይንፓ ደንዲ፥ ይሁዳ ሳአ Ꮉንግ ዮርዳኖሳ ቦርካ ፊንግዳ። ጋማ አሱንꬅ ማህ ኤጎ ሺቅን፥ ቲኖስትፋና የንꬅ አሱንꬃና ታማርስዳ።
290a0200af	ፈቲ ፈቲ ፋርሳዉንꬅ ፋታኖደስ ኮይ የሱሳ፥ «ፈቲ አስ ፋ ማችቶ ዳኮደ ጋር ሙሴ ህግታ ኪታነ?» ያጋእ ኤዛ ኦጭዳ።
290a03004a	ኤ ማህ፥ «ሙሴ ይንታና ዋጋእ ኪትዶ?» ያጋይዳ።
290a04007e	ኡንቲ፥ «ሙሴ፥ ‹ፈቲ አስ ፋ ማችትስ ዳፎ ዋርቃተ እንግ ዳኮ› ጋይዳ» ያጋይዳ።
290a050086	የሱሳ ማህ፥ ኡንታና «ይን ኦህን ስኦሱንꬃና ማቅደ ግሾ ሙሴ Ꮉና ኪቶ ይንትስ ጻፍዳ።
290a060053	የዝን ጾዚ ቲኖ መꬍዘ ዎደ ꬊራꬅን ማቾን ማህ መꬍዳ።
290a07006f	ይኒ ግሾ፥ ፈቲ አስ ፋ አዳያን ፋ እንቶን አሺ፥ ፋ ማችትራ ዎላ የዛነ።
290a080088	ኡን ላምኡንꬅ ፈቲ አሾ ማቃነ፤ ይኬፓ፥ ኡን ፈቲ አሾ ማቃነፕ አትን ላምእ አስ ማቆስ።
290a090047	ይኒ ግሾ፥ ጾዚ አጭዳኖ አስ ሻግፐ» ያጋይዳ።
290a0a0071	ኡን ካራ ማቅደ ዎደ ኤ ታማሩንꬅ Ꮉና ኦህት ባዝ የሱሳ ላምእንꬃ ኦጭዳ።
290a0b005b	የሱሳ ኡንታጎ፥ «ፋ ማችቶ ዳኪ መለ ኤክዘ ኦደን ኦላላነ።
290a0c0068	ማህ ማችታን ፋ አዝንዘፓ ኬዚ መለ አዝኒ ገልኮ ኦላልዳ» ያጋይዳ።
290a0d00bb	የሱሳ ኤራꬅ ናኡንꬃና ቦቾደ ፋና፥ ፈቲ ፈቲ አሱንꬅ ናኡንꬃና ኤጎ ክእዳ፥ የዝን ኤ ታማሩንꬅ የንꬅ አሱንꬃና ካጭዳ።
290a0e00bd	የሱሳ ይኖ ብእ፥ ፋ ታማሩንꬃና ካጪ፤ ኡንታጎ፥ «ኤራꬅ ናኡንꬅ ታጎ ይእዛኖ ካይፐተ፤ ጾዘ ካእቱሞ የን ስ ጋርዙንꬅስ።
290a0f00ab	ታኒ ይንትስ ቱሮ ኦህነ፤ ጾዘ ካእቱሞ ኤራꬅ ናአ ፋና ኤኮሰ አꬄ ኦደን ይና ካእቱምቶ ሙሎን ገሎስ» ያጋይዳ።
290a100069	ኤራꬅ ናኡንꬃና እርንግ፥ ፋ ኩሽቶ ፈተላ ፈተላ አፋ ጋዲ አንጅዳ።
290a1100d6	የሱሳ ቅቶደስ ከዝደ ዎደ ፈቲ አꬄ ዎጺ ይእ፥ ኤ ቲንተ ቡንቁንቲ፥ «ኬሃ አስታማርዛዮ፥ መዽና ደኦ ላቶደስ ታኒ አኮ ኦቾ?» ያጋእ ኦጭዳ።
290a12007b	የሱሳ፥ «አኮስ ታና ኬህዛዮ ጋእ ጼገ? ጾዘ ጻላላፕ አትን መለ ኬሃ ኦደን ባያ።
290a1300cf	ጾዘ ኪቶ፥ ዎꬍፐ፤ ኦላልፐ፤ ካይስትፐ፤ ዎርዶ ማርክꬍፐ፤ እልአንꬅተ ላምፐ፤ ነ አዳያን ነ እንቶ ቦንቾ ያጋዛኖ ኤራነ» ያጋይዳ።
290a140086	አꬄ፥ «አስታማርዛዮ፥ ታኒ ይኖ ኡባ ናአትꬃፓ አይኪ Ꮉይኖ የሎደስ ናጋነ» ያጋይዳ።
290a1500ff	የሱሳ አꬃ ዳኪ ብእ ካꬍዳ፤ «ኔስ ፈቲ ባዝ ፋጫነ፤ Ꮉንግ ኔስ የዘ ባዝ ሙሎ ባይዝ፥ ይና ብርቶ ዳሁንꬅስ እንጎ፤ ኔኒ ሳሎ ዱርꬋዳ። የይዝ ማቂ ታና ካሎ» ያጋይዳ።
290a16008c	የዝን አꬄ ይኖ ስእ፥ ኤ ጋማ ዱረ ማቅደ ግሾ ፋ ስንቶ ካርꬂ፥ ኡፋይትካይዛራ አሺ ቅትዳ።
290a170099	የሱሳ ፋ ታማሩንꬃና ዉቱꬂ ዳኪ ብእ፥ «ዱረ አስ ጾዘ ካእቱሞ ገሎዳና ዋይዝ ማꬎድየሳ!» ያጋይዳ።
290a1800b4	ኤ ታማሩንꬅ ኤ ትምርትተ ጋማ ቆፕዳ። የዝን የሱሳ ማህ ኡንታጎ፥ «ናኡንꬆ፥ ጾዘ ካእቱሞ ገሎዳና ዋይዝ ማꬎድየሳ!
290a190081	ዱረ አስ ጾዘ ካእቱሞ ገሎዳንፓ፥ ግማለ ማርፐ ኡሩንꬃራ አꬍዛና ላፋነ» ያጋይዳ።
290a1a006f	ኤ ታማሩንꬅ ጋማ ቆፒ፥ «ዬዝን፥ ኦደ አቶደ?» ያጋእ፥ ፈተ ፈታ ኦጭዳ።
290a1b00c0	የሱሳ ኡንታና ዳኪ ብእ፥ «Ꮉና ጾዘስ ዳንዳእንታነፕ አትን አስስ ዳንዳእንቶስ፤ ጾዘስ ኡባ ባዝ ዳንዳእንታነ» ያጋይዳ።
290a1c006e	ጴጥሮሳ የሱሳጎ፥ «ኤሮ፤ ኑኒ ኑ ባዝ ኡባ አሺ፥ ነና ካላነ» ያጋይዳ።
290a1d010c	የሱሳ «ታኒ ይንትስ ቱሮ ኦህነ፤ ታ ግሾን ዎንገለ ግሾን ኬꬅቶ ዎይ እሹንꬃና ዎይ ምሹንꬃና ዎይ አዳያ ዎይ እንቶ ዎይ ማችቶ ዎይ ናኡንꬃና ዎይ ኦችዘ ጋድቶ አሽዘ ኦደን፥
290a1e00e6	Ꮉተ Ꮉና ዎድተ ጼት ኩሸ ኬꬅቶ፥ እሹንꬃና፥ ምሽቶ፥ እንቶ፥ ናኡንꬃና፥ ኦችዘ ጋድቶ፥ ባይꬃራ ዎላ ኤኮዳ። ቲኖፓ የኦደ ዎደን መዽና ደኦ ኤኮዳ።
290a1f0096	የዝን ጋሙንꬅ ቲኖ ማቅዱንꬅ ሱብ ማቃዳ፥ ማህ ጋሙንꬅ Ꮉተ ሱብ ማቅዱንꬅ ቲኖ ማቃዳ» ያጋይዳ።
290a200158	የሱሳራን ኤ ታማሩንꬃራ የሩሳላመ Ꮉማደራ፥ የሱሳ ፋ ታማሩንꬅ ቲንተ የꬋነ። ኡን ጋማ ቆፕዳ። ኤዛ ካልዙንꬅን ዣሽትዳ። ላምእንꬃ፥ ታጶ ላምእ ታማሩንꬃና ጋጻ ኬሲ፥ ፋና የሎደ ባዝ ሻጊ ኡንታጎ Ꮉንጋራ ያጋእ ኦህዳ።
290a21013f	«Ꮉይቼ፥ ኑኒ የሩሳላመ Ꮉተ ከዛነ። እዘ አስ ናአይ፥ ካህኑንꬅ Ꮉላቁንꬅስን ህገ አስታማሩንꬅስ አꬂ እንግንቶዳ። ኡንቲ ኤላ አፋ Ꮉይቆ ፍርዳ ፍርዶዳ፤ ማህ አይሁደ ማቆሰ አሱንꬅስ ኤዛ አꬂ እንጎዳ።
290a2200ce	የ አይሁደ ማቆሰ አሱንꬅ ኤዛ ለቆዳ፥ ኤላ አፋ ጩቶዳ፥ አላንጋራ ጋራፎዳ ዎꬎዳ። ኤ Ꮉይꬕ ቃማፓ ሱባ፥ Ꮉይቆፓ ደንዶዳ» ያጋይዳ።
290a2300b3	ዛብዶሳ ናኡንꬅ ያይቆባን ዋሐንሳን የሱሳጎ ይእ፥ «አስታማርዛዮ፥ ኑኒ ነና ዎስዘ ፈትባዝ ኑስ ኦቾያ» ያጋይዳ።
290a240050	የሱሳ ኡንታጎ፥ «ታኒ ይንትስ አኮ ኦቾ?» ያጋይዳ።
290a2500aa	ኡንቲ፥ «ኔኒ ነ ቦንቾ ካእቱምተ በትዘ ዎደ ኑፓ ፈታ ምዛቅ ዛላራ ማህ ፈታ ዎርክታ ዛላራ በትꬆያ» ያጋይዳ።
290a260104	የዝን የሱሳ ኡንታጎ፥ «ይንቲ አኮ ዎስዛኮ ኤሮስ፥ ታ ኡሻደስ የዘ ጹአ ኡሻደስ ዳንዳኦዳተ? ማህ ታኒ ጻማቅንቶደስ የዘ ጽንቃቶ ጻማቅንቶደስ ዳንዳኦዳተ?» ያጋይዳ።
290a2700d6	ኡን ማህ፥ «የ ዳንዳኦዳ» ያጋይዳ። የሱሳ ማህ፥ «ቱሮ ታ ኡሻደስ የዘ ጹአ ይን ኡሻዳ፥ ታኒ ጻማቅንቶደስ የዘ ጽንቃቶ ይን ጻማቅንቶዳ።
290a2800e4	የዝን ታፓ ምዛቅ ዛላራን ዎርክታ ዛላራ በቶዱንꬃና ዶሮደስ ታስ አደትꬅ ዎልቃ ባያ፥ የዝን ይና በስታ ጾዚ እማደስ ጊግዚ ጋድዱንꬅስ» ያጋይዳ።
290a290071	አትዱንꬅ ታጵ ታማሩንꬅ ይኖ ስእደ ዎደ ያይቆባላን ዋሐንሳላ ሸንꬍዳ።
290a2a0123	የሱሳ ኡንታና ኡባ ፋጎ ጼጊ፥ «አይሁደ ማቅን አይሁደ ማቆሰ አሱንꬅ Ꮉላቁንꬅ ዎርዣ አህዙንꬃና ጋእንት ጼግንትዙንꬃናን አህዙንꬅስ ዎርዡንꬃላ አፋ አደትꬅ ዎልቃ የዛኖ ይን ኤራነ።
290a2b00a3	የዝን ይን ግዳ ይኒ ፋና ማቃደስ ቤዞስ፤ ይን ግዳ ዳማ ማቃደስ ኮይዘ ኦደን ይንትስ አሮ ማቃደስ ቤዛነ።
290a2c007e	ማህ ይን ግዳ ኡባፓ አꬂ ማቃደስ ኮይዘ ኦደን ይን ኡቡንꬅስ አሮ ማቃደስ ቤዛነ።
290a2d00df	መለ አቶ የዝን፥ አስ ናአይን፥ አስ ማዶደስን ጋሙንꬃና አሾደስ ፋ ሸምፕቶ አꬂ እማደስ ይእዳፕ አትን አስ ኤስ ኦቾደ ጋር ይእካያ» ያጋይዳ።
290a2e00f1	ኡንቲ እያርኮ ካታማ Ꮉንግዳ። የሱሳ ፋ ታማሩንꬃራን ጋማ አሳራ እያርኮፓ ከሳደራ፥ ጽሞሳ ናአ፥ ቆቅዘ፥ ባርጽሞሳ ጋእንትዘ፥ ኦገ ጋጻ ዎስተራ በትዳ።
290a2f00cb	ባርጽሞሳ፥ የይጋራ አꬍዘ ናዝረተ የሱሳ ማቅዳኖ ስእደ ዎደ ፋ ቃልቶ ꬎቅ ዪዚ፥ «ዳዉተ ናአ የሱሳ፥ ታና ማሮያ!» ያጋኤ አይክዳ።
290a3000c5	ጋማ አሱንꬅ ኤዛ፥ «ስእ ጋኦ!» ጋእ ካጭዳ። የዝን፥ ኤ ፋ ቃልቶ ካሰንፓ ጋማ ꬎቅ ዪዚ፥ «ዳዉተ ናአዮ፥ ታና ማሮያ!» ያጋይዳ።
290a3100a6	የሱሳ ኤቂ፥ «ኤዛ Ꮉንካ ጼጎተ» ያጋይዳ። ኡንቲ ቆቅዘጎ፥ «አኮ ባያ፥ ደንዲ ኤቆ፥ ነና ጼጋነ» ያጋይዳ።
290a320060	ቆቅዘ ፋ ማእቶ ኦሊ አሺ፥ ዶሊ ደንዲ ኤቂ፥ የሱሳጎ Ꮉንግዳ።
290a3300a3	የሱሳ፥ «ታኒ ኔስ አኮ ኦቾደ ጋር ኮየ?» ያጋይዳ። ቆቅዘ፥ «አስታማርዛዮ፥ ታ በአደስ ኮያነ» ያጋይዳ።
290a34008c	የሱሳ ኤጎ፥ «ቅቶ፥ ነ አማንታ ነና ፋꬅዳ» ያጋይዳ። ኢራ ኤ ኣፍታ ብእን፥ የሱሳ ካልዳ።
290b0100c4	ኡን የሩሳላመ ኡክተራ፥ ሻማሄ ደርዘ ካለ የዘ ቤተፋገን ብታንያ ካታምቶ የሊዳ። የሱሳ ፋ ታማሩንꬃፓ ላምኡንꬃና ቲኖ ዳኪ፥
290b0200db	«ይንታፓ ቲኖ የዘ ካራ ጋንጨ ቅቶተ፤ እዘ ገልደ ጋር ኦደን ቶጊ ብእካይዘ አጭንቲ የዘ Ꮉረ ናአ ይን ደንጎዳ፥ ኤዛ ብሊ፥ Ꮉይጋ ኤኪ ዮኦተ።
290b0300b1	ኦደን ይንታና፥ ‹Ꮉኖ አኮስ ኦቼ?› ያጋእ ኦጭኮ፥ ‹ላꬂ ኤዛ ኮያነ፥ ኤልሲ ኤዛ Ꮉንካ ዳኮዳ› ጋኦተ» ያጋይዳ።
290b040067	ኡን Ꮉንግ፥ Ꮉረ ናአያ ባለ ኦገ ካለ አጭንቲ የዛያ ደንግ ብልዳ።
290b050082	ይና በስተ ኤቅደ ፈቲ ፈቲ አሱንꬅ ኡንታጎ፥ «Ꮉረ ናአያ ዋይሳደስ ብለ?» ያጋይዳ።
290b06005f	ኤ ታማሩንꬅ የሱሳ ፋና ኪተዛኖ ኦህን፥ አሱንꬅ አሺ አሽዳ።
290b070083	ኡንቲ Ꮉረ ናአያ የሱሳጎ ክእ፥ ፋ ማእቶ ኤ ባንተ ዪጽን የሱሳ የ Ꮉረ ናአያ ቶግዳ።
290b08007e	ጋማ አሱንꬅ ፋ ማእቶ ኦግተ ዪጽዳ፤ ማህ መሉንꬅ ምንጻ ታሸ ሻቂ፥ ኦግተ ዪጽዳ።
290b0900ae	የሱሳፓ ቲኖ የꬍዘ አሱንꬅን ኤዛ ካልዘ አሱንꬅ ፋ ቃልቶ ꬎቅ ዪዚ፥ «ሆሳና! ላꬄ ሱንꬅተ የእዘ አንጅንትዳያ።
290b0a006e	የእዘ ኑ አዳይ ዳዉተ ካእቱምታ አንጅንትዳኖ። ሆሳና! ሳሎ» ያጋይዳ።
290b0b00dc	የሱሳ የሩሳላመ Ꮉንግ፥ ጾዘ ኬꬃ ገልዳ። ማህ ኡባባዝቶ ዉቲ ብእዳንፓ ሱባ፥ ሳእታ ቃምዘ ግሾ ታጶ ላምእ ታማሩንꬃራ ብታንያ ካታማ ቅትዳ።
290b0c005e	ዎንትስት ዎደ ኡን ብታንያፓ ኬዚ Ꮉማደራ፥ የሱሳ ናይዝዳ።
290b0d015c	Ꮉኮራ ፈቲ በለሰ ምንጽትስ ዥልኦ Ꮉየ የዛኖ ብእ፥ ኢላ አፋ ኣፈ በንትኮ ጋእ፥ በአደስ እዝጎ Ꮉንግዳ፥ የዝን እዝጎ ኤ Ꮉንግዘ ዎደ Ꮉየ ጻላላፕ አትን ፈቲ ኣፈን ደንግካያ፤ አኮስ ጋይኮ፥ በለሰ ኣፍዘ ዎደ የልካይዘ ግሾ።
290b0e0089	የሱሳ ይና በለስቶ፥ «ይኬ፥ ኔፓ አስ ኣፈ ሚፐ» ያጋይዳ። ኤ ታማሩንꬅ ኤ ጋዛኖ ስእዳ።
290b0f0105	ኡን የሩሳላመ ቅትዳ፤ የሱሳ ጾዘ ኬꬃ ገሊ፥ እዘ ባይዝዙንꬃናን ዎንግዙንꬃና ባለ ባይኤ አይክዳ፤ ማህ ብራ ላምዙንꬃና ጠርጴዛን ዎለ ባይዝዙንꬃና ኦይዳ ዳኪ ኦሊ፥
290b100057	አስ አኮ ባዝን ቶኪ፥ ጾዘ ኬꬃ ግዳራ አꬋመ ፋና ካይዳ።
290b110118	የሱሳ አሱንꬃና Ꮉንጋራ ያጋእ ታማርስዳ፦ «ጌሽ ማጻፍተ፥ ‹ታ ኬꬅታ አስ ኡባ ጾዝ ዎስዘ ኬꬂ ማቃዳ› ጋእንት ጻፍንትዳ። የዝን ይንቲ እዞ ፋኖ አችንትዘ ዎምኦ ማህዳ» ያጋይዳ።
290b1200e3	ካህኑንꬅ Ꮉላቁንꬅን ህገ አስታማሩንꬅ ይኖ ስእ፥ ኤዛ ዎꬎደስ ኦገ ኮየ አይክዳ። የዝን ጋማ አሱንꬅ ኤ ትምርትተ ጋማ ቆፕዘ ግሾ ኤስ ዣሽትዳ።
290b130062	ሳእታ ኡጉርዘ ዎደ የሱሳን ኤ ታማሩንꬅን ካታማፓ ጋጻ ከዝዳ።
290b140079	ኡን ዎንትስት ዎደ ይና ኦግትራ ኣꬍተራ፥ ይና በለስታ ጻጶራ መልዳኖ ብእዳ።
290b150075	ጴጥሮሳ ቲሪ፥ «አስታማርዛዮ፥ ይኬ፥ ኔኒ ባድደ በለስታ መልዳ» ያጋይዳ።
290b16002c	የሱሳ ማህ፥ «ጾዛ አማኖተ።
290b1700d2	ታኒ ይንትስ ቱሮ ኦህነ፤ ኦደን ፋ ዎዝንተ ሶእካይዛራ ጋይደባዝ Ꮉኖዳኖ አማኒ፥ Ꮉይ ደርዛ፥ ‹ደንዲ አባ ዎꬎ› ያጋይኮ ኤስ Ꮉኖዳ።
290b1800ac	ይኒ ግሾ፥ ታኒ ይንትስ ኦህነ፤ ጾዛ ይን ዎስዘ ባዝን ኦጭዘባዝ አኮ ማቅኮን ኤክደ ጋር አማኖተ፥ ይን ኤኮዳ።
290b1900c8	ጾዝ ዎሶደስ ይን ኤቅዘ ዎደ ሳሎ የዘ ይን አዳይ ይን ናጋርቶ አቶ ጋዉደ ፋና፥ ኦደን ይንታና ናቂደባዝ የዝኮ፥ ኤስ አቶ ጋኦተ።
290b1a00aa	[የዝን አስ ናጋራ ይን አቶ ጋአንጽ እጽኮ፥ ሳሎ የዘ ይን አዳይን ይን ናጋርቶ ይንትስ አቶ ጋኦስ» ያጋይዳ]።
290b1b00b9	ኡን ማህ የሩሳላመ Ꮉንግዳ። የሱሳ ጾዘ ኬꬃ Ꮉንቶደራ፥ ካህኑንꬅ Ꮉላቁንꬅ፥ ህገ አስታማሩንꬅን ጭሙንꬅ ኤጎ ይእ፥
290b1c009f	«ኔኒ Ꮉኖ ኦቾደስ ኔስ አኮ አደትꬅ ዎልቃ የዘ? ዎይ ኔስ Ꮉና አደትꬅ ዎልቅቶ እንግደ ኦደ?» ያጋይዳ።
290b1d00be	የሱሳ ማህ ኡንታጎ፥ «ታ ይንታና ፈትባዝ ኦጮዳ፥ ታስ ኦሆተ። ታ ማህ Ꮉኖ አኮ አደትꬅ ዎልቃራ ኦችዛኮ፥ ይንትስ ኦሆዳ።
290b1e005b	ዋሐንሳ ጽንቃታ ጾዛፓነ ዎይ አሳፓ? ታስ ኦሆተ» ያጋይዳ።
290b1f00ba	ኡንቲ ፋ ግዳ ላለ አይኪ፥ «ኑኒ፥ ‹ጾዛፓ› ጋይኮ፥ ኤ ኑጎ፥ ‹ዬዝን፥ ዋሐንሳ ኦህዛኖ አኮስ አማናንጽዶ?› ያጋዉዳ።
290b200088	‹አሳፓ ጋይኮ› አስ ኡባ ዋሐንሳ ናበ ማቅዛኖ ኤራነ።» ማቅደ ግሾ አሱንꬅስ ዣሽትዳ።
290b2100d0	ይኒ ግሾ፥ ኡንቲ የሱሳጎ፥ «ኑኒ ኤሮስ» ያጋእ ማህዳ፤ የሱሳ፥ «ታንን Ꮉኖ አኮ አደትꬅ ዎልቃራ ኦችዛኮ፥ ይንትስ ኦሆስ» ያጋይዳ።
290c01015e	የሱሳ ኡንትስ አዝዘራ ያጋእ ኦህዳ፤ «ፈቲ አꬄ ዎይነ አታክልተ ቱኪ፥ ጋጽቶ ዉቱꬂ ጋሰ ጋስዳ። ማህ የ ዎይንዛ ጭጭዘ ኦላን ቦክዳ። ኤዛ ካፎደስ ጳርጎ ሻኮ ሻክዳ። ይንፓ ሱባ፥ ኮꬄ ኦችዘ አሱንꬅስ እንግ፥ መለ ሳአ ቅትዳ።
290c0200a0	ዎይነ ኣፍታ ዲሊ ማጽዘ ዎደ የልን፥ ፋና የልዛኖ ኤኪ የኦደ ጋር፥ ፈቲ ፋ አርዛ ኮꬄ አዱንꬃጎ ኪትዳ።
290c03005a	ኮꬄ ኤክደ አሱንꬅ ኤ አርዛ አይኪ Ꮉꬊ፥ Ꮉሪ ኩሸ ዳክዳ።
290c040087	ላምእንꬃ መለ አሮ ኡንታጎ ኪትን፥ ኡን የ አርዘስ ኦምቶ ሹቻራ ቃዉጺ ካዉሽዚ ዳክዳ።
290c0500d4	ዎይነ አታክልተ ላꬃይ ማህን መለ አሮ ኪትዳ። የ አርዛ ዎꬍዳ፥ ማህ መለ ጋሙንꬃና ይኒ ጋራ የይዝዳ፥ ፈታ ፈታ Ꮉꬊ፥ መሉንꬃና ዎꬍዳ።
290c060101	«ዎይነ አታክልተ ላꬄስ ኪቶደስ ኡባፓ ላስተ ኤ ጋማ ካዽዘ ፋ ናአያ ዳኮዳና ጻላላ አትዳ። ኤ፥ ‹ኡን ታ ናአያ ቦንችካይዛራ አሻማ› ጋእ፥ ፋ ናአያ ኡንታጎ ኪትዳ።
290c07009f	«የዝን ኮꬄ አዱንꬅ ፋ ግዳ፥ ‹ላቶዳይ Ꮉያ፤ የꬎተ ኤዛ ዎላ ዎꬎዳ፤ ኤ ላትታ ኑስ ማቃዳ!› ያጋይዳ።
290c08006a	ናአያ አይኪ ዎꬊ፥ ኤ አህቶ ዎይነ አታክልተ ግዳፓ ጋጻ ኬሲ ኦልዳ።
290c0900b2	«ይኬ፥ ዎይነ አታክልተ ላꬃይ ዋይሳደ? ይእ የንꬅ ኮꬄ አዱንꬃና ዎꬊ Ꮉሲ፥ ዎይነ ኮꬄ ኦችዘ መለ አስስ እንጎዳ።
290c0a0120	«‹ኬጽዙንꬅ ለቂ እጽደ ሹችዘ ኬꬅት ማይዘንቶ ጻልዘ፥ ኡባፓ አꬍዘ ምንꬅ ሹች ማቅዳ። Ꮉኖ ላꬂ ኦችደባዝ፤ ማህ ኑ አፍትስን ጋማ ቆፍዘ ባዝ ያጋዛኖ ጌሽ ማጻፈፓ ናባብካ?›» ያጋይዳ።
290c0c00fe	ካህኑንꬅ Ꮉላቁንꬅ፥ ህገ አስታማሩንꬅን ጭሙንꬅ የሱሳ ይና አዝዝቶ ኡንታላ አፋ ኦህዳኖ ኤርደ ግሾ ኤዛ አይኮደስ ኮይዳ፥ የዝን አሱንꬅስ ዣሽቲ፥ አሺ ቅትዳ።
290c0d00ad	ማህ ይና ኦህትፓ ባላ ደንግ፥ ኤዛ አይኮደ ጋር፥ ፋርሳዉንꬃፓ ሄሮድሳ ባጉንꬃፓ ኤራꬅ አሱንꬃና ኤጎ ኪትዳ።
290c0e0168	ኡንቲ ኤጎ ይእ፥ «አስታማርዛዮ፥ ኔኒ ቱርባዝ ኦህንትዛኖ አሳፓ አስ ሻኮሳኖ ኑኒ ኤራነ። ኔኒ አስ ሻኮስ፤ ማህ ጾዘ ኦግቶ ቱረትꬃራ ታማርሳነ። ኑኒ ሮመ ጋደ ካት ቄሳረስ ጊራ ጊርዛና ልከን ልከ ባ? ጊራ ጊሮነነ አሾነ?» ያጋይዳ።
290c0f0090	የዝን ኡን ጩቦትꬅቶ የሱሳ ኤሪ፥ «ታና አኮስ ፋታነ? አነ ፈቲ ሳንትመ ታና ቤዞተ» ያጋይዳ።
290c10009f	ኡንቲ ኤስ ክእዳ፥ «Ꮉና ብሽታን ሱንꬅታ ኦደሶ?» ያጋእ ኡንታና ኦጭዳ። ኡንቲ፥ «ቄሳረስ» ያጋይዳ።
290c11009b	የሱሳ ማህ፥ «ዬዛኮ፥ ቄሳረስቶ ቄሳረስ፥ ጾዘስቶ ጾዝስ እንጎተ» ያጋእን ኡን ኤ ባዝ ጋማ ቆፕዳ።
290c12009d	Ꮉይቂደ አስ ደንዶስ ጋዘ ሳዱቃዉንꬃፓ ፈቲ ፈቲ አሱንꬅ የሱሳጎ ይእ፥ Ꮉንጋራ ያጋእ፥ ኤዛ ኦጭዳ።
290c1300fd	«አስታማርዛዮ፥ ሙሴ ኑስ ህገ ጻፍተራ፥ ‹ማቾ ኤክደ አስ ናአ የልካይዛራ Ꮉይቂኮ፥ የ Ꮉይቂደ እሸ ኤ ማችቶ ኤኪ፥ ፋ እሸስ ናአ የሎደስ ቤዛነ› ያጋዛኖ ጻፍዳ።
290c14007c	ዛጋ ዎደ ላፑን እሹንꬅ የዙንꬃፓ አንግሰ ማቾ ኤኪ፥ ናአ የልካይዛራ Ꮉይቂዳ።
290c150088	ላምአንꬅዘ እዞ ኤክዳ፥ ኤዝን ናአ የልካይዛራ Ꮉይቂዳ። Ꮉይꬓንꬅዘ ይኒ ጋር ይእዳ።
290c160097	ላፑኑንꬅን ይኒ ጋራ እዞ ኤኪ፥ ናአ የልካይዛራ Ꮉይቂዳ። ኡባፓ ሱባ፥ ማህ ይና ማችታ Ꮉይቂዳ።
290c1700bb	ዬዝን፥ ላፑኑንꬅ ሙሎ እዞ ኤክደ ግሾ Ꮉይቂደ አሱንꬅ Ꮉይቆፓ ደንድደ ዎደ፥ እዛ ኡንታፓ አየስ ማቾ ማቃደ?» ያጋይዳ።
290c180079	የሱሳ ማህ፥ «ይንቲ ባልንትዛና፥ ጌሽ ማጻፍቶ ዎይ ጾዘ ዎልቃ ኤርካይዘ ግሾ!
290c1900a0	Ꮉይቂደ አሱንꬅ Ꮉይቆፓ ደንድደ ዎደ፥ ሳሎ የዘ ኪታንቾ ማቃነፕ አትን ꬊራꬅን ኤኮስ፤ ማቻን ገሎስ።
290c1a0118	የዝን Ꮉይቂዱንꬅ ደንደባዝ ማቅኮ፥ ሙሴ ማጻፍተ ጻፍንትደ ኤጽዘ Ꮉቡርቱትባዝ ኦህዘ በስተ፥ ጾዚ ሙሴጎ፥ ‹ታኒ፥ አብራሃማ ጾዚ፥ ይሳቃ ጾዚ፥ ያይቆባ ጾዚ› ጋይዳኖ ናባብካተ?
290c1b0093	ይኒ ግሾ፥ ኤ፥ ሸምፖራ የዙንꬅ ጾዛፕ አትን Ꮉይቂዱንꬅ ጾዚ ባያ። ይን ጋማ ባልዳ» ያጋይዳ።
290c1c00dc	ህገ አስታማሩንꬃፓ ፈተ ኡን ላልዛኖ ሺቂ ስእዳ። ማህ የሱሳ ኡንትስ ሎይꬂ ማህዳኖ ስእ፥ «ኪታ ኡባፓ አꬍዘ ኪታ አኖ?» ያጋእ የሱሳ ኦጭዳ።
290c1d00ae	የሱሳ ማህ፥ ኤጎ Ꮉንጋራ ያጋይዳ፦ «ኪታ ኡባፓ አꬍዘ ኪታ ስኦተ፤ ‹እስራኤለ አሱንꬆ፥ ላꬄ ኑ ጾዘ ፈቲ ላꬂ።
290c1e00a1	ነ ላꬃ ነ ጾዛ ነ ኩሙꬅ ዎዝናፓ፥ ነ ኩሙꬅ ሸምፖፓ፥ ነ ኩሙꬅ ቆፋፓ፥ ነ ኩሙꬅ ዎልቃፓ ካꬎ› ያጋይዳ።
290c1f00bd	ማህ ኪታ ኡባፓ አꬍዘ ላምእንꬃ ኪትዘ፤ ‹አስ ኡባ ነ ኦምት ጋር ካꬎ› ያጋዛኖ፤ Ꮉን ሳፓ አꬍዘ መለ ኪታ ባያ» ያጋይዳ።
290c2000b3	ህገ አስታማርዘ የሱሳጎ፥ «አስታማርዛዮ፥ ቱሮ ጋይዳ፤ ኔኒ ‹ጾዚ ፈቲ ጾዚ ጻላላ። ኤፓ መለ ባያ› ጋይዳና ቱሮ።
290c2100e6	ጾዛ ኩሙꬅ ዎዝናፓ፥ ኩሙꬅ ቆፋፓ ኩሙꬅ ዎልቃፓ ካꬍዛኖን ማህ አስ ኡባ ፋ ኦምት ጋር ካꬍዛና፥ ምችዘ ዣርሾፓን መለ ዣርሾ ኡባፓ አꬋነ» ያጋይዳ።
290c2200fa	የሱሳ ህገ አስታማርዘ ማህዳና አꬍዘ ኤራ አስ ማሄ ማቅዳኖ ብእ፥ «ኔኒ ጾዘ ካእቱሞፓ Ꮉክካያ» ያጋይዳ፤ ይንፓ ሱባ፥ የሱሳ መለባዝ ኦጮደስ ኦደን ሚንግካያ።
290c23009f	የሱሳ ጾዘ ኬꬃ ታማርስተ፥ Ꮉንጋራ ያጋይዳ፦ «ህገ አስታማሩንꬅ ክርስቶሳ ‹ዋይዝ ዳዉተ ናአ ጋኤ?›
290c2400e5	ዳዉተ ጌሽ አያናራ ካሊ፥ «‹ላꬂ፥ ታ ላꬃያ፥ «ታኒ ነ ሞርኩንꬃና ነ ቶህታ የꬍዘ በሲ ማሆደ ዎንꬅስ፥ Ꮉነ ታፓ ምዛቅ ዛላ በቶ» ጋይዳ› ያጋይዳ።
290c2500e1	ዳዉተ ፋ ኦምተ ክርስቶሳ፥ ‹ላꬆ› ጋእ ጼግኮ፥ ዬዝን፥ ክርስቶሳ ዋይዝ፥ ዳዉተ ናአ ማቀ» ያጋይዳ። ጋማ አሱንꬅ የሱሳ ጋዛኖ ኡፋይት ስእዳ።
290c2600e5	የሱሳ ታማርስተራ፥ Ꮉንጋራ ያጋይዳ፦ «ህገ አስታማሩንꬃፓ ናግንቶተ፤ ኡን ጳርጎ ማኦ ማእ ዉትዛኖን ጋበን አስ ኡንታና ቦንቺ ሳሮꬅዛኖ ኮያነ።
290c27008d	ኡንቲ አይሁደ ዎሳ ኬꬃ ጋማ ሎኦ ኦይዳ ኮያነ፤ ማህ አስ ፋና ሞክዘ በሳ ቦንቾ በሲ ኮያነ።
290c280093	ኡን ቡዳን ኬꬂ ቦንቂ፥ ፋና ቤሳደስ ጳርግዚ ዎሳነ፤ ኡን ኡባፓ አꬍዘ ፍርዳ ኤኮዳ» ያጋይዳ።
290c2900d9	የሱሳ ጾዘ ኬꬃ ሙጻተ ኦልዘ ሳጥነ ካለ በቲ፥ አሱንꬅ ፋ ብርቶ ይና ሳጥንተ ኦልዛኖ ብእዳ፤ ጋማ ዱረ አሱንꬅ ጋማ ብራ ይና ሳጥንተ ኦላነ።
290c2a0059	ፈቲ ዳሃ ቡዳንታ ይእ፥ ላምእ ስክና ይና ሳጥንተ ኦልዳ።
290c2b00be	የሱሳ ፋ ታማሩንꬃና ጼጊ፥ «ታኒ ይንትስ ቱሮ ኦህነ፤ ሙጻተ ሳጥንተ ኦልደ አሱንꬅ ኡባፓ Ꮉና ዳሃ ቡዳንታ ጋንꬅ ኦልዳ።
290c2c00bc	አኮስ ጋይኮ፥ መሉንꬅ ኡባ ፋስ ኩሚ አትደ ብራፓ ኦላነ። የዝን እዛ ፋ ፋጭትፓ፥ ፋስ የዘ ቆልቶ ኡባ እንግዳ» ያጋይዳ።
290d0100bd	የሱሳ ጾዘ ኬꬃፓ ከሳደራ፥ ኤ ታማሩንꬃፓ ፈተ፥ «አስታማርዛዮ፥ Ꮉና ሎኦ ሹችቶን Ꮉና ሎኦ ሹች ኬꬅቶ በእነ!» ያጋይዳ።
290d0200fb	የሱሳ ማህ፥ «Ꮉና ዳማ ሹች ኬꬅቶ በእነ? Ꮉና ኬꬅታ ሹች ሹቻላ አፋ ግምቢንትደ ፋና ዉልእንትካይዛራ አቶስ፤ ፈቲ ሹችን አትካይዛራ ኡባ ዉልእንቶዳ» ያጋይዳ።
290d0300ad	የሱሳ ጾዘ ኬꬃፓ ሰኮ ዛላራ ሻማሄ ደርዘላ አፋ በቴዝን፥ ጴጥሮሳ፥ ያይቆባ፥ ዋሐንሳን እንድርያሰ ኤጎ ይእ፥
290d04009c	«Ꮉና አይደ ይአድየዛኮ፥ ኑስ ኦሆ፤ Ꮉና ኡባ ፎልንቶደስ ዎድቶ ኤርስዘ ማልታ አኮ?» ያጋእ ኦጭዳ።
290d050081	የሱሳ ማህ ኡንታጎ Ꮉንጋራ ያጋእ ኦህዳ፦ «ይንታና ኦደን ባልꬃመ ፋና ናግንቶተ።
290d060072	ጋማ አሱንꬅ ታ ሱንꬅተ፥ ‹ታኒ ክርስቶሳ› ጋእ ጋማ አሱንꬃና ባልꬆዳ።
290d07008a	ኦላን ኦላ ዎረ ስእዘ ዎደ ይርግፐተ። ይኒ ጋርዘ Ꮉኖደስ ቤዛነ፥ የዝን ዉርሱꬅታ Ꮉጋ።
290d080103	ፈቲ ጋደ አሱንꬅ መለ ጋደ አሱንꬃራ ኦልንቶዳ፤ ማህ ፈቲ ካእቱሞ መለ ካእቱሞራ ኦልንቶዳ፤ ሳአ ኤንኤ ኡባ በሳ Ꮉኖዳ፤ ናየ የሳዳ፥ የዝን ይና ኡባና የሎ ዞቀ ፋና።
290d09015b	«የዝን ይንቲ፥ ይን ኦምተ ናግንቶተ። አኮስ ጋይኮ፥ አስ ይንታና አይኪ፥ ፍርዳ ኬꬅስ አꬂ እንጎዳ፤ ማህ አይሁደ ዎሳ ኬꬅተን ይንታና አላንጋራ ጋራፎዳ፤ ጋደ አህዙንꬅ ቲኖን ካቱንꬅ ቲኖ ታ ግሾ ይን ማርክꬋደስ ኤቆዳ።
290d0a0064	ዉርሱꬅታ የሎዳንፓ ቲኖ ዎንገለ አስ ኡባስ ኦህንቶደስ ቤዛነ።
290d0b0119	ኡንቲ ይንታና ፍርዳ ኬꬃ ክእዘ ዎደን አꬂ እንግዘ ዎደ ዋጊ ኦሆድየዛኮ ቲኖ ይርግፐተ፤ ይና ሳተ ጾዚ ይንትስ እንግደባዝ ኦሆተ። ይን ግዳ ጌሽ አያና ኦህነፕ አትን ይንታና ባያ።
290d0c008c	«እሸ ፋ እሻ፥ አዳይ ፋ ናአያ ዎꬍሳዳ። ናኡንꬅ ፋና የልዱንꬃላ ደንዲ፥ ኡንታና ዎꬎዳ።
290d0d007d	አስ ኡባ ይንታና ታ ሱንꬅት ግሾ እጾዳ፥ የዝን ዉርሱꬅ የሎደስ ሚንግደ አቶዳ።
290d0e00e8	«የዝን ꬋብስዘ ቱንዘ ኤቆደስ ቤዞሰ በሳ ኤቀዝን ይን በአዳ።» ይና አኮ ጋእንትዛኮ ናባብዘ አካኮ! «ይሁዳ ሳአ የ ዎደ የዙንꬅ ደረጎ ዎጺ አችንቶ።
290d0f0061	ባለ የዘ ኬꬃ ገሊ ኬꬃፓ ፈትባዝ ኤኮደስ ጎደ፥ ፋ ኬꬃ ገልፐ።
290d10003c	ጋደ የዘ ፋ ማእቶ ኤኮደስ ሱባ ማቅፐ።
290d11005f	የ ዎደ ዎዳꬅ ማቹንꬅስን ꬋንꬅዘ ማቹንꬅስ ጋማ ማꬋ ማቃዳ።
290d12005a	የዝን Ꮉና ኡባ Ꮉንዘ ዎድታ ሴተ ማቃመ ጋር፥ ጾዝ ዎሶተ።
290d1300cd	አኮስ ጋይኮ፥ ጾዚ አላምቶ መꬍደ ዎድትፓ አይኪ፥ Ꮉይኖ የሎደስ Ꮉንካይዘ ማꬋን ቲኖስን Ꮉኖሰ ክለ ማꬋ አሳላ አፋ የ ዎደ Ꮉኖዳ።
290d1400b9	ላꬂ ይና ቃምት ፋይድቶ ኤርꬅካይዛኮ፥ አስ ማቅደ ኦደን አቶስ። የዝን ኤ ፋ ዶርደ አሱንꬅ ግሾ ይና ፋይድቶ ኤርꬃነ።
290d1500a3	«የ ዎደ ኦደን ይንታና፥ ‹ይኬ፥ ክርስቶሳ Ꮉነ የነ ዎይ ክርስቶሳ ሰካ የነ› ያጋይኮ፥ ይኖ አማንፐተ።
290d1600df	ዎርዶ ክርስቶሳን ዎርዶ ናቡንꬅ ደንዲ ፋስ ዳንዳእንትኮ፥ መለ አቶ የዝን ጾዚ ዶርዱንꬃፓ ባልꬆደ ዎንꬅስ ክለ ባዝን ጋማ ቆፍዘ ባዝ ቤሳዳ።
290d17005f	የዝን ይንቲ ናግንቶተ፥ ታኒ ይንትስ ኡባ ባዝ ቲንꬍ ኦህዳ።
290d18006b	«የዝን የ ዎደ ይና ማꬍትፓ ሱባ፥ «አዋ ꬉሞዳ፤ አግና ፎእቶ አሾዳ፤
290d190061	ጾልንቱንꬅ ሳሎፓ ጎልኦዳ፤ ማህ ሳሎ የዘ ዎልቅታን ኤንኦዳ።
290d1a0074	የ ዎደ አስ ናአይ፥ ዳማ ዎልቃራን ቦንቾራ ꬎነ ግዳራ የኦደራ ኡን በአዳ።
290d1b009f	የ ዎደ ኤ ኪታንቹንꬃና ኪቶዳ። ኦይዲ ዛላ ሳአ ጋጻፓ ሳሎ ጋጻ የሎደስ፥ ጾዘ ዶርደ አሱንꬃና ሺሾዳ።
290d1c00a7	«አዝዝቶ በለሰ ምንጻፓ ቲሮተ፤ በለስታ አጭዘ ዎደ እ Ꮉይታ ጭልኤ አይክደ ዎደ ቶርቼ የልዳኖ ይን ኤራነ።
290d1d007b	ይኒ ጋር፥ ይንቲ ይና ኡባ ባዝታ Ꮉንዛኖ በእዘ ዎደ ኡክ ፉርꬃ የልዳኖ ኤሮተ።
290d1e0088	ታኒ ይንትስ ቱሮ ኦህነ፤ Ꮉና ኡባ ባዝታ Ꮉኖደ ዎንꬅስ Ꮉነ የዘ አሱንꬅ ኡባ Ꮉይቆስ።
290d1f004f	ሳሎን ሳአን አꬎዳ፥ የዝን ታ ቃልታ ሙሎን አꬎስ።
290d2000d3	«የዝን ይና ቃምቶን ይና ሳቶ አዳይ ጻላላፕ አትን መለ አቶ የዝን ሳሎ የዘ ኪታንቹንꬃና ማቅኮን ዎይ ናአያ ማቅኮን ኦደን ኤርዘ ባያ።
290d210065	ይና ዎድታ አይደ ማቅዛኮ፥ ይን ኤሮሰ ግሾ ናግንቶተን ምንጎተ።
290d2200f4	ታ የእታ ፋ ኬꬅቶ አሺ፥ ኦገ ቅትደ አꬄ ጋራ። አꬃይ ፋ አሩንꬅስ ኦማር ኦማር ኦቻ እንግ ኡንታና ኦችትስ አደ ማህዳ፤ ማህ ናግዘን ምንꬂ ናጎደ ጋር ኪትዳ።
290d230106	«ይኒ ግሾ፥ ምንጎተ። አኮስ ጋይኮ፥ ካርቲ አዳይ ኡጉረ ማቅኮ ዎይ ቃማ ብላሄ ማቅን ዎይ ሉኩለ ኦልዘ ዎደ ማቅን ዎይ ዎንታ ጎዳ ማቅን አይደ የኦደ የዛኮ፥ ይን ኤሮስ።
290d240069	ይን ቲርካይዝን ኤ ይእ ይንታና ገንቶ የዝን ደንጋመ ጋር ምንጎተ።
290d250063	ታኒ ይንትስ ኦህዛኖ አስ ኡቡንꬅስ ኦህነ፤ ምንጎተ» ያጋይዳ።
290e010110	ፋስጋ ባአለ ቦንችዘ ቃማን ቦራ ባአለ ቦንችዘ ቃማ የሎደስ ላምእ ቃማ አትዳ። ካህኑንꬅ Ꮉላቁንꬅን ህገ አስታማሩንꬅ አስ ኤርካይዝን የሱሳ ገኒ አይኪ ዎꬎደስ ኦገ ኮያነ።
290e02006a	«አሱንꬅ ካች ከሳመ ፋና ፋስጋ ቦንችዘ ቃምተ ይኖ ኦቾስ» ያጋይዳ።
290e03013f	የሱሳ ብታንያ ካታምተ ቁርሱማራ Ꮉርግንትደ ስሞና ኬꬃ ሙንታላ አፋ በቴዝን፥ ፈቲ ማችታ አልባስጥሮሰ ብልቃጠ ኩሙꬅ ናርዶሳ ጋዘ ጋማ አልኦ ሽቶ ኤኪ ይእዳ። የ ብልቃጽዛ መንꬂ ሽቶ የሱሳ ኦምተ ጉስዳ።
290e04007b	ይና በስተ የዘ አሱንꬃፓ ፈተ ፈተ ዥልꬊ፥ «Ꮉይ ሽትዛ ጨር Ꮉሪ ላልዛና አኮሶ?
290e0500d4	Ꮉይ ሽትዛ Ꮉይꬕ ጼት ድናረስ ባይዝ፥ ብርቶ ዳሁንꬅስ እማደስ ዳንዳእንታነ» ያጋእ ፋ ግዳ ኦህንትዳ። የይዝ፥ ይና ማችቶ ጋማ ለቂዳ።
290e060086	የዝን የሱሳ «Ꮉና ማችቶ አኮን ጋእፐተ፤ እዞ አኮስ ዋይ ተ? እዛ ታስ ሎኦ ባዝ ኦችዳ።
290e0700c3	ዳሁንꬅ ኡባ ዎደ ይንታራ የነ። ይን ኮየዘ ዎደ አይደን ይን ኡንታና ማዶደስ ዳንዳአነ፥ የዝን ታኒ ኡባ ዎደ ይንታራ የዞስ።
290e080070	እዛ ፋ ዳንዳእዳኖ ኦችዳ፤ ማህ ታና ሞገስ ጊግሳደስ ቲንꬊ ሽቶ ትዥዳ።
290e0900c4	ታኒ ይንትስ ቱሮ ኦህነ፤ ሳአ ኡባነ ዎንገለ ኦህንትዘ አባን፥ አሱንꬅ እዞ ቲሮደ ፋና Ꮉና እዛ ኦችዳና ኦህንቶዳ» ያጋይዳ።
290e0a00b2	ታጶ ላምእ ታማሩንꬃፓ ፈተ አስቆሮቱ ይሁዳ ጋእንትዘ የሱሳ ካህኑንꬅ Ꮉላቁንꬅስ አꬂ እማደስ ኡንታጎ Ꮉንግዳ።
290e0b00ad	ኡንቲ ይኖ ስኤዘ ዎደ ኡፋይት፥ «ኑኒ ኔስ ብራ እንጎዳ» ያጋይዳ፤ ይሁዳ የሱሳ አꬂ እማደስ ዎትዘ ዎደ ኮያነ።
290e0c00fc	ቦራ ባአለ ቦንችንትዘ ቲኖ ቃማ፥ ፋስጋ ካꬃ ማአደስ ማራ ሹክዘ ዎደ የሱሳ ታማሩንꬅ ኤጎ፥ «ፋስጋ ቦንችዘ ቃማ ነ ማአደ ካꬃ ኑ አባ Ꮉንግ ጊግሳደ?» ጋእ ኦጭዳ።
290e0d00e2	የሱሳ ፋ ታማሩንꬃፓ ላምኡንꬃና Ꮉኒ ጋራ ያጋእ ኪትዳ፦ «ካታማ ቅቶተ፤ ይን Ꮉማደራ፥ ጹጋራ Ꮉꬅ ቶኪ ፈቲ አꬄ ይንታራ የልንቶዳ፤ ኤዛ ካሎተ።
290e0e00c4	ኤ Ꮉንግ ገልዘ ካርቲ አደጎ፥ ‹አስታማርዘ ኔጎ፥ «ታኒ ታ ታማሩንꬃራ ፋስጋ ማአደስ ዛቆ ኬꬅታ አባ የነ?» ጋይዳ› ያጋኦተ።
290e0f008c	ካርቲ አዳይ ይንታና ፎቀላ የዘ ጊጊ በትደ ዳልጋ ክፍለ ቤሳዳ፤ የይጋ ጊግዞተ» ያጋይዳ።
290e100090	የ ታማሩንꬅ ኬዚ፥ ካታማ Ꮉንግዳ፤ የሱሳ ኡንታጎ ኦህዳን ጋራ ደንግ፥ ፋስጋ ካꬃ ጊግዝዳ።
290e110062	ሳታ ኡጉርዘ ዎደ የሱሳ ታጶ ላምእ ታማሩንꬃራ የይጋ Ꮉንግዳ።
290e1200c0	ኡንቲ በቲ ካꬃ ማአደራ፥ የሱሳ ኡንታጎ፥ «ታኒ ይንትስ ቱሮ ኦህነ፤ ይንታፓ ፈተ ታራ ሙእዘ፥ ታና አꬂ እንጎዳ» ያጋይዳ።
290e130076	ኤ ታማሩንꬅ አዛኒ፥ ፋ ኦምተ ኦምተ፥ «ቱሮ ታና የሳነ?» ያጋእ ኤዛ ኦጭዳ።
290e140088	የሱሳ ማህ፥ «የ አꬄ ይን ታጶ ላምኡንꬃፓ ፈታ፤ ኤ ታራ ፈትላ ፋ ኩሽቶ ጋባተ ዳክዛያ።
290e1500f3	አስ ናአይ፥ ጌሽ ማጻፍተ Ꮉይቆዳ ጋእዳን ጋራ Ꮉይቆዳ፥ የዝን አስ ናአያ፥ አꬂ እንግዘ አꬃ ባደ። የ አꬄ የልንትካይዛር አተዛኮ ኤስ ሎኦ የሻ» ያጋይዳ።
290e1600c0	ኡንቲ ማአደራ፥ የሱሳ ቦራ ኤኪ፥ ጾዝ ጋላትዳ፤ የ ቦርዛ ባጽ፥ ፋ ታማሩንꬅስ እንግተራ፥ «Ꮉተ፥ Ꮉና ታ አሽቶ» ያጋይዳ።
290e17006c	ጹአ ኤኪ፥ ጾዝ ጋላቲ፥ ኡንትስ እንግን ኡቡንꬅን የ ጹእዘፓ ኡዥዳ።
290e18004b	የሱሳ፥ «Ꮉና ጋማ አሱንꬅ ግሾ ጎግዘ ጫቆ ሱꬅ።
290e1900ae	ታኒ ይንትስ ቱሮ ኦህነ፤ ታ ጾዘ ካእቱምተ ክለ ዎይነ ኡሻደ ቃምታ የሎደስ ማህ Ꮉይ ዎይንዘፓ ኡዦስ» ያጋይዳ።
290e1a004e	ማዝሙረ የጽዳንፓ ሱባ ሻማሄ ደርዘላ አፋ ከዝዳ።
290e1b00da	የሱሳ ኡንታጎ፥ «ይን ኡባ ታና አሺ አሺ ላልንቶዳ፤» ጻፍንትዳን ፋና፥ «‹ጾዘ ዱሮ የንግዛያ ዎꬎዳ፥ ዱሩንꬅ ኡባና ላልንቶዳ› ያጋይዳ።
290e1c0074	የዝን ታኒ Ꮉይቆፓ ደንድዳንፓ ሱባ ይንታፓ ቲንꬊ ጋልላ አꬎዳ» ያጋይዳ።
290e1d007b	ጴጥሮሳ ማህ፥ «ኡንቲ ኡቡንꬅ ነና አሺ አሺ ꬋብኮን፥ ታ ነና አሾስ» ያጋይዳ።
290e1e00bb	የሱሳ ጴጥሮሳጎ፥ «ታኒ ኔስ ቱሮ ኦህነ፤ Ꮉይኖ ቃማ ሉኩለ ላምእ ቶሄ ኦሎዳንፓ ቲኖ ነ ታና Ꮉይꬕ ቶሄ ካዶዳ» ያጋይዳ።
290e1f00d7	የዝን ጴጥሮሳ ካሰንፓ ምንꬂ፥ «ታኒ መለ አቶ የዝን፥ ኔራ ዎላ Ꮉይቅዛኮን፥ ነና ካዶስ» ያጋይዳ። ማህ መሉንꬅ ኡቡንꬅ ይኒ ፋና ጋይዳ።
290e2000a9	ጌተሰማነ ጋዘ በሳ Ꮉንግዳ፤ የሱሳ ፋ ታማሩንꬃጎ፥ «ታኒ ጾዝ ዎሲ ማቃደ ዎንꬅስ ይን Ꮉነ በቶተ» ያጋይዳ።
290e21007e	የሱሳ ጴጥሮሳ፥ ያይቆባራን ዋሐንሳ ፋራ ኤኪ ቅትዳ፤ ጋማ ዋይንት ኡንእንትዳ።
290e220082	ማህ ኡንታጎ፥ «ታኒ Ꮉይቆስ ዎንꬅስ አዛንዳ፥ Ꮉነ ጋምኦተ፤ ገንትፐተ» ያጋይዳ።
290e2300a5	ኤራꬅ ቲኖ ሺቂ፥ ሳአላ ቡንቁንቲ፥ ዳንዳእንትዘ ባዝ ማቅኮ፥ Ꮉና ዋየ ሳታ ፋፓ አꬎደ ጋር፥ ጾዝ ዎስዳ።
290e2400d6	ማህ፥ «አባ፥ ታ አዳዮ፥ ኡባ ባዝታ ኔስ ዳንዳእንታነ፥ Ꮉና ዋየ ጹኡቶ ታፓ Ꮉሶ። የዝን ነ ቆፍታ Ꮉኖፕ አትን ታ ቆፍታ Ꮉንፐ» ያጋይዳ።
290e2500ae	የሱሳ ማቂ ይእ፥ ኡን ገንተዝን ደንግ፥ ጴጥሮሳጎ፥ «ስሞና፥ ገንትዳ? ኔኒ ፈቲ ሳተን ባርክ ናጎደስ ዳንዳኦሳ?
290e260091	ማꬋ ይን ገላመ ጋር ባርክ ናጊ ጾዝ ዎሶተ። አያና ጊግዳ፥ የዝን ይን አሽታ ላቢꬅ» ያጋይዳ።
290e27003a	ማህካ Ꮉንግ ቲኖስትፋና ጾዝ ዎስዳ።
290e2800b3	ፋ ታማሩንꬃጎ ሱብ ማቂ ይእዘ ዎደ ገንተዝን ደንግዳ። ኡን ኣፍቶ ገንቶ ጎዚ አይክደ ግሾ ኤ አኮ ኦህዛኮን ኤሮስ።
290e2900ef	Ꮉይꬕንꬃ ኡንታጎ ይእ፥ «Ꮉኖ የሎደስ ገንቲ ሸምፖላ? ይኬ፥ ማቃዳ፤ ሳታ የልዳ፤ ቦኦተ! አስ ናአይ፥ ናጋራንቾ አሱንꬅስ አꬊ እንግንቶደ ዎድታ የልዳ።
290e2a005d	ደንዲ የꬎተ፤ ቦኦተ፥ ታና አꬂ እንጎዳይ የልዳ» ያጋይዳ።
290e2b0135	የሱሳ ይኖ Ꮉጋ ኦሆደራ፥ ታጶ ላምእ ኤ ታማሩንꬃፓ ፈተ፥ ይሁዳ፥ ኤልሲ የሊ አሽዳ። ማህ ካህኑንꬅ Ꮉላቁንꬅ፥ ህገ አስታማሩንꬅን ጭሙንꬅ ኪትን፥ ማሻን ጉፈን አይኪ ጋማ አሱንꬅ ኤራ ዎላ ይእዳ።
290e2c00c7	የሱሳ አꬂ እንግዳይ የንꬅ ጋማ አሱንꬅስ፥ «ታኒ ዬርዛይ ኤዛ፤ ኤዛ አይኪ፥ ምንꬂ ናጊ፥ ኤኪ ካንጎተ» ያጋእ ማላ ኦህ ጋድዳ።
290e2d007a	ይሁዳ የሊ ዎꬍደ ጋር የሱሳጎ ሺቂ፥ «አስታማርዛዮ» ያጋእ የሱሳ ዬሪ ኤክዳ።
290e2e0037	የንꬅ ጋማ አሱንꬅ የሱሳ አይክዳ።
290e2f0092	የዝን ካለ ኤቅዱንꬃፓ ፈተ ፋ ማሽዛ ሾዲ ካህኑንꬅ Ꮉላቅዘ አርዛ ጉዲ፥ ኤ Ꮉይዛ ጋቺ ኦልዳ።
290e3000a0	የሱሳ ማህ፥ የንꬅ አሱንꬃጎ፥ «ታና ፋኖ ማህ፥ ፋኖ አይክዘፋና አይኮደስ ማሻን ጉፈን አይኪ ይእዳተ?
290e3100cd	ታኒ ጾዘ ኬꬃ ታማርስተራ፥ ኡባ ዎደ ይንታራ የዘ ዎደ ታና አይክካይዛራ፥ የዝን ጌሽ ማጻፍተ ጋእዳና ፎልንቶደስ ቤዛነ» ያጋይዳ።
290e320048	ኤ ታማሩንꬅ ኡቡንꬅ ኤዛ አሺ አሺ ላልንትዳ።
290e33006c	ላጻና ጻላላ ማእደ ፈቲ ናአትꬅ አꬃ የሱሳ ካልዛያ አሱንꬅ አይክዳ።
290e340054	የዝን የ አꬄ ላጽንዛ አሺ አሺ፥ ጽራ ካሎ ዎጺ ቅትዳ።
290e3500b2	አሱንꬅ የሱሳ ካህኑንꬅ Ꮉላቅዘ ኬꬃ ካንግዳ። እዘ ካህኑንꬅ Ꮉላቁንꬅ፥ ጭሙንꬅን ህገ አስታማሩንꬅ ሺቂ የነ።
290e36009a	ጴጥሮሳ ካህኑንꬅ Ꮉላቅዘ ዎፋ የሎደስ Ꮉኮራ ኤዛ ካሊ Ꮉንግ እዘ ኪትንትዙንꬃራ በቲ ታማ ካዣነ።
290e3700a6	ካህኑንꬅ Ꮉላቁንꬅን ፍርዳ ሻንጉንꬅ ኡባ የሱሳ ዎꬎደስ ኤላ አፋ ማርካ ኮይዳ፥ የዝን አኮን ደንግካያ።
290e380073	ጋማ አሱንꬅ ኤላ አፋ ዎርዶ ማርክꬍዳ፥ የዝን ኡን ማርካትꬅታ ፈቶ ባያ።
290e390129	ፈቲ ፈቲ አሱንꬅ ደንዲ ኤቂ የሱሳላ፥ «ኤ፥ ‹ታኒ አስ ኬጽደ Ꮉና ጾዘ ኬꬅቶ ላሊ፥ አስ ኩሸራ ኬጽንትካይዘ መለ ጾዘ ኬꬂ Ꮉይꬕ ቃማ ግዳ ኬጾዳ› ጋኦደራ ኑኒ ስእዳ» ያጋእ ዎርዶ ማርክꬍዳ።
290e3b0048	ማቆ የዝን፥ ኡን ማርካትꬅታ ይናን ፈቶ ባያ።
290e3c00b2	ካህኑንꬅ Ꮉላቅዘ አስ ኡቡንꬅ ቲንተ ደንዲ ኤቂ፥ «Ꮉን ስ ነና ሞትዘ ሞትስ ነ ማህዘባዝ ባ?» ያጋእ የሱሳ ኦጭዳ።
290e3d00c5	የዝን የሱሳ ስእ ጋይዳ፤ አኮን ማህካያ። ካህኑንꬅ Ꮉላቅዘ፥ «አንጅንትደ ጾዘ ናአይ፥ ክርስቶሳ ነናነ?» ያጋእ ማህ ኦጭዳ።
290e3e00b7	የሱሳ ማህ፥ «ዬ ታና፥ ይን አስ ናአይ፥ ዎልቃማ ጾዘፓ ምዛቅ ዛላራ በቴዝን ማህ ሳሎ ꬎነራ የኦደራ በአዳ» ያጋይዳ።
290e3f005d	ካህኑንꬅ Ꮉላቅዘ ፋ ማእቶ ፌꬊ፥ «ኑስ መለ ማርካ አኮ ኮሸ?
290e4000ad	ይን ኤ ጫሽቶ ስእዳ፤ ይን ቆፍታ አኮ?» ያጋይዳ። ኡን ኡቡንꬅ፥ «ኤ Ꮉይቆደስ ቤዛነ» ያጋእ ኤላ አፋ ፍርድዳ።
290e4100db	ኡንታፓ ፈተ ፈተ ኤላ አፋ ጩተ አይክዳ። ኤ ኣፍቶ ጎዚ ባቂተራ፥ «ነና ቆጽደ ኦደ? አነ ኑስ ኦሆ!» ያጋይዳ። ናግዙንꬅ ኤዛ ጉድተራ ካንግዳ።
290e42009d	ጴጥሮሳ ካህኑንꬅ Ꮉላቅዘ ዎፋ ዬካ ዛላራ የዝን፥ ካህኑንꬅ Ꮉላቅዘ ማች አሩንꬃፓ ፈታ እዘ ይእዳ።
290e430081	ጴጥሮሳ ታማ ካዣኖ ብእ፥ ዳኪ ሎይꬂ ብእ፥ «ኔንን ናዝረተ የሱሳራ የነ» ያጋይዳ።
290e4400c3	የዝን ጴጥሮሳ፥ «ነ ጋዛና አኮ የዛኮን ታ ኤሮስን፥ ታስ ቲርንቶስ» ያጋእ ካድዳ። ያጋእ ማቂ ዎፋ ከዝዳ [ኢራ ሉኩለ ኦልዳ]።
290e450093	ይና አርታ ጴጥሮሳ ብእ፥ ኤ ካለ ኤቅደ አሱንꬃጎ፥ «Ꮉይ አꬄን ኡንታራ የነ» ጋእ ማህ ኦህዳ።
290e4600e1	የዝን ጴጥሮሳ ማህን ካድዳ። ኤራꬅ ጋምኦደራ፥ ካለ ኤቅደ አሱንꬅ ማህ ጴጥሮሳጎ፥ «ኔኒ ጋልላ ሳአ አስ ማቅደ ግሾ ቱሮ ኡንታራ የነ» ያጋይዳ።
290e470079	የዝን ጴጥሮሳ፥ «ታኒ ይን ጋዘ አꬃ ኤሮስ!» ያጋእ ፋና ባድተራ ጫቆ አይክዳ።
290e4800dc	ኢራ ሉኩለ ላምእንꬃ ኦሊ አሽዳ። ጴጥሮሳ የሱሳ ኤጎ፥ «ኔኒ ሉኩለ ላምእ ቶሄ ኦሎዳንፓ ቲኖ Ꮉይꬕ ቶሄ ታና ካዶዳ» ኤጎ ጋይዳኖ ቲሪ ዬክዳ።
290f0100f4	ዎንታ ጎዳ ኤልሲ ካህኑንꬅ Ꮉላቁንꬅ፥ ጭሙንꬅ፥ ህገ አስታማሩንꬅን ፍርዳ ሻንጉንꬅ ኡባ ሺቂ ዞርንትዳ። ኡንቲ የሱሳ አጪ ካንግ ጵላጦሳስ አꬂ እንግዳ።
290f020089	ጵላጦሳ ኤጎ፥ «ኔኒ አይሁዱንꬅ ካት?» ያጋእ ኦጭዳ። የሱሳ ማህ፥ «ነ ጋይዳ» ያጋይዳ።
290f030047	ካህኑንꬅ Ꮉላቁንꬅ የሱሳ ጋማ ባዛራ ሞትዳ።
290f040094	የዝን ጵላጦሳ ማህ የሱሳጎ፥ «ኔስ ማህዘባዝ ባ? ኡንቲ ኔላ አኮ ሞቶ ኬእዛኮ ቦኦሶ?» ያጋይዳ።
290f05005b	የዝን የሱሳ መለባዝ ማሀንጽ እጽን፥ ጵላጦሳ ጋማ ቆፕዳ።
290f060084	ጵላጦሳስ ፋስጋ ባአለ ቦንችዘ ቃምተ አሱንꬅ ኮይዘ ፈቲ አስ አቻፓ ብልዘ ዎጋ የነ።
290f070080	የ ዎደ ፈቲ ባርባና ጋዘ አꬄ ካች ደንꬂ ሸምፖ ዎꬍደ አሱንꬃራ ዎላ አች ኬꬃ የነ።
290f08007a	ጋማ አሱንꬅ ጵላጦሳጎ ይእ ቲኖፓ ዪዝተራ ጋምእደ ፋና ኦቾደ ጋር ኤዛ ኦጭዳ።
290f09008e	ጵላጦሳ አሱንꬃና ማህ፥ «ታኒ ይንትስ አይሁዱንꬅ ካትዛ ብሎደ ጋር ኮያነ?» ያጋእ ኦጭዳ።
290f0a0079	ይኖ ኤ ጋእዳና፥ ካህኑንꬅ Ꮉላቁንꬅ የሱሳ ቃናቲ አꬂ እንግዳኖ ኤርዘ ግሾ።
290f0b00b1	የዝን ካህኑንꬅ Ꮉላቁንꬅ ኤ ግሾ ባርባና ብሎደ ጋር፥ የንꬅ ሺቅደ አሱንꬅ ጵላጦሳ ዎሶደ ጋር አሱንꬃና ዞርዳ።
290f0c0067	ጵላጦሳ ማህ፥ «ዬዝን፥ ይን አይሁደ ካት ጋዛያ ዋይሳ?» ያጋይዳ።
290f0d0066	አሱንꬅ ጵላጦሳላ አፋ ኡክ፥ «ማስቃላላ አፋ ኤዛ ሱጾ» ያጋይዳ።
290f0e00cc	ጵላጦሳ አሱንꬃጎ፥ «አኮሶ? ኤ አኮ ኢታ ባዝ ኦችዶ?» ያጋይዳ። የዝን አሱንꬅ ቲኖስትፓ ጉጂ ኡክ፥ «ማስቃላላ ኤዛ ሱጾ» ያጋይዳ።
290f0f00d3	ጵላጦሳ አሱንꬃና ኡፋይሶደስ ኮይ፥ ባርባና አሱንꬅስ ብልዳ፤ የይዝ አላንጋራ የሱሳ ጋራፊ፥ ማስቃላላ አፋ ሱጾደ ጋር አꬂ እንግዳ።
290f1000a7	ይንፓ ማቂ፥ ዎታዳሩንꬅ የሱሳ ኤኪ ፕራቶርያ ጋዘ ፖሊስ ጻባ ካንግ፥ መለ ዎታዳሩንꬃና ኡባ ፈትላ ጼግዳ።
290f11006d	ማህ ዞቆ አፉላ ኤዛ ማይዝዳ፤ አንጋꬅ ዛዉደ ጊግዚ፥ ኤ ኦምተ ጋድዳ።
290f12006c	ይንፓ ማቂ፥ ኤጎ፥ «አይሁዱንꬅ ካትዛዮ ሳሮ» ያጋእ፥ ኩሸ ደንꬅዳ።
290f130066	ኤ ኦምተ ጉፈራ ጉድዳ፤ ማህ ኤላ ጩትዳ፤ ቡንቁንቲ ኤስ ጎይንዳ።
290f1400aa	ኤዛ ቶችዳንፓ ማቂ ዞቆ አፉላ ኤፓ ቃሪ ኤኪ፥ ኤ አፉልቶ ኤዛ ማእሲ ማስቃላላ አፋ ኤዛ ሱጾደስ ኤኪ ካንግዳ።
290f1500da	ኡን Ꮉንግተራ፥ እስክንድረነን ሩፎሳ አዳይ፥ ስሞና ጋዘ ቀሬና ሳአ አስ፥ ጋጻረፓ ካታማ የእዘራ የልንት፥ የሱሳ ማስቃላ ዎልቃራ ቶስዳ።
290f160075	የይዝ ጎልጎታ ጋዘ በሳ የሱሳ ካንግዳ። «ጎልጎታ» ጋዛና «ኦማ ኦታ» ጋኤ።
290f170095	Ꮉርጋመ ፋና ካርበ ጋዘ ጋላ ዎርቂንትደ ዎይነ ኡዦ ጋእ ኤስ እንግዳ። የዝን ኤ ኡዣንጽ እጽዳ።
290f18008b	ኡንቲ ማስቃላላ አፋ ኤዛ ሱጽዳ። ኦና አኮ የሎድየዛኮን ጋእ ኤ አፉልቶ ሻጊ እጻ ኦልዳ።
290f190056	ኡን ማስቃላላ አፋ ኤዛ ሱጽዘ ዎደ ዎንታፓ Ꮉይꬕ ሳተ።
290f1a005d	ኡን፥ «አይሁዱንꬅ ካት» ያጋእ ኤዛ ሞትዘ ጹፈ ጻፊ ጋድዳ።
290f1b0097	የሱሳራ ላምእ ፋኑንꬃና ፈታ ኤፓ ምዛቅ ዛላራ Ꮉንካያ ኤፓ ዎርክታ ዛላራ ማስቃላላ አፋ ሱጽዳ።
290f1c007f	ጌሽ ማጻፍተ፥ «ኢታ ባዝ ኦችደ አሱንꬃራ ኤ ፋይድንትዳ» ጋእንትዳና ፎልንትዳ።
290f1d00c4	ኦገራ አꬍዘ አሱንꬅ የሱሳ ለቂ፥ ፋ ኦምቶ ኤንእዝ ጫዥዳ፤ «ዛንባይ! ጾዘ ኬꬅቶ ላሊ Ꮉይꬕ ቃማ ግዳ ኬጽዛዮ፥ ነ ኦምቶ አሾ፤
290f1e0040	አነ ማስቃልዘፓ ዎꬊ ነና አሾ» ያጋይዳ።
290f1f00be	ይኒ ጋራ፥ ካህኑንꬅ Ꮉላቁንꬅ ህገ ታማርስዙንꬃራ ፈትላ የሱሳ ለቂ፥ «መሉንꬃና አሽዳ፥ የዝን ፋና አሾደስ ዳንዳኦስ፤
290f2000f2	ኑኒ ብእ አማኖደ ጋር ክርስቶሳ፥ እስራኤለ ካት፥ አነ ማስቃላፓ Ꮉተ ዎꬎ» ያጋይዳ። ማህ መለ አቶ የዝን፥ ኤራ ማስቃላላ አፋ ሱጹንትዱንꬃፓ ኤዛ ለቂዳ።
290f210062	እዝፑን ሳተፓ ደንꬂ፥ ኡዱፉን ሳተ የሎደስ ሳእታ ኡባ ꬉምዳ።
290f2200e5	ኡዱፉን ሳተ የሱሳ ፋ ቃልቶ ꬎቅ ዪዚ፥ «ኤሎሄ፥ ኤሎሄ፥ ላማ ሳባቅታን?» ያጋይዳ። ይኒ ብልꬅታ፥ «ታ ጾዛዮ፥ ታ ጾዛዮ፥ ታና አኮስ አሽዶ?» ጋኤ።
290f23006e	እዘ ኤቅደ አሳፓ ፈተ ፈተ ይኖ ስእ፥ «ይኬ፥ ኤልያሳ ጼጋነ» ያጋይዳ።
290f240115	የንꬅ አሱንꬃፓ ፈተ ዎጺ፥ ጉርባ ፉዛራ ጫላ ዎይነ ባዢ፤ ጉፈ በርꬃላ ጋዲ፥ «ናጎተ፤ ኤልያሳ ማስቃላፓ ኤዛ ኬꬆደስ የኦድየዛኮ አነ ቦኦዳ» ያጋእ የሱሳ ዶናጎ ኡሾደስ ሺሽዳ።
290f250042	የሱሳ ፋ ቃልቶ ꬎቅ ዪዚ ዉይሲ፥ Ꮉይቂዳ።
290f260080	ጾዘ ኬꬃ ሱጹንትደ ማጋራጅታ ዎካፓ ሱለ ጋጻ የሎደስ፥ ላምእ ኬዚ ፌꬍንቲ ዎꬍዳ።
290f2700be	ማስቃልዘፓ ቲኖ ዛላራ እዘ ኤቅደ ፈቲ ማቶ Ꮉላቅዘ፥ የሱሳ ዋይዝ Ꮉይቀዛኮ ብእደ ዎደ «Ꮉይ አꬄ ቱሮ ጾዘ ናአ» ያጋይዳ።
290f2800bc	ይኖ Ꮉኮራ ኤቂ በእዘ ኤራꬅ ማቹንꬅ የነ። ኡን ግዳ ማግደላ ማይራማ፥ ጌዘ ያይቆባን ዮሳ እንታ ማይራምራን ሳሎማ የነ።
290f2900d3	የንꬅ ማቹንꬅ የሱሳ ጋልላ የዘ ዎደ ኤዛ ካልዱንꬃናን ኤዛ ሞክዱንꬃና ማህ የሱሳራ ዎላ የሩሳላመ Ꮉንግደ መለ ጋማ ማቹንꬅ እዘ የነ።
290f2a01ad	ሳእታ ኡጉርደ ዎደ ሺቅደ አሱንꬅ ግዳ ቦንችንትደ አይሁደ ሻንጉንꬃፓ ፈተ፥ ዮሰፋ ጋዘ አꬄ፥ ጾዘ ካእቱሞ ዮኦዳኖ ናግተራ የዘ፥ አርማትያሳ ካታማ አስ የዛይ ይእዳ። ዎንትስተ ሳምባታስ ጊግንትዘ ቃማ ማቅደ ግሾ ዮሰፋ ሚንግ ጵላጦሳጎ Ꮉንግ፥ የሱሳ አህቶ ኤኮደስ ዎስዳ።
290f2c00a0	ጵላጦሳ የሱሳ Ꮉይቂዳኖ ስእደ ዎደ ጋማ ቆፕዳ፤ ማቶ Ꮉላቅዛ ጼጊ፥ «ኤ Ꮉይቂ ጋምእዳ?» ያጋእ ኦጭዳ።
290f2d006f	ጵላጦሳ የሱሳ Ꮉይቂዳኖ ማቶ Ꮉላቅዘፓ ስእ ኤ አህቶ ዮሰፋስ እንግዳ።
290f2e00f9	ዮሰፋ ሞጎ አፉላ ዎንግ፤ የሱሳ አህቶ ማስቃላፓ ኬꬂ፥ አፉላራ ጻጺ፥ ሹቻፓ ዎጭንትደ ቦዛ ግዳ ኤ አህቶ ሞግዳ። ማህ ይና ቦዝት ዶንተ ዳማ ሹች ጎልእዝ ጋድዳ።
290f2f0079	ማግደላ ማይራምራን ዮሳ እንታ ማይራማ የሱሳ አህቶ ኡን አባ ጋድዛኮ በእነ።
29100100b9	ሳምባታ አꬍዳንፓ ሱባ ማግደላ ማይራሞ፥ ያይቆባ እንታ ማይራምራን ሳሎማ Ꮉንግ፥ የሱሳ አህቶ ትሻደስ ሽቶ ዎንግዳ።
291002004f	ዎጋ ዎደ ዎንታ ጎዳ ጻልቀ ከሳደራ፥ ቦዛ Ꮉንግዳ።
2910030093	ኡን ፋ ግዳ ፈታይ ፈታይራ፥ «ቦዝት ዶንትፓ ኑስ ሹችቶ ኦደ ጎልእዝ Ꮉሶደ?» ያጋእ ኦህንትዳ።
2910040069	ኡን በእዘ ዎደ የ አንድር ዳማ ሹችዘ ቡንቡሉንቲ Ꮉልእዳኖ ብእዳ።
29100500a3	የሱሳ ሞግንትደ ቦዝት ግዳ ገልዘ ዎደ ፈቲ ይꬎ ꬊራꬃይ ቦꬅ ማኦ ማእ፥ ምዛቅ ዛላራ በትዳይ ብእ ታንዳ።
2910060100	የዝን ኤ ኡንታጎ፥ «ታንፐተ፤ ማስቃላላ አፋ ሱጹንትደ፥ ናዝረተ የሱሳ ይን ኮይዛኖ ታኒ ኤራነ። ኤ Ꮉነ ባያ፥ Ꮉይቆፓ ደንድዳ። ኡን ኤዛ ሞግደ በስቶ Ꮉኖ ቦኦተ።
29100700eb	Ꮉተ Ꮉንግ የሱሳ ታማሩንꬅስን ጴጥሮሳስ፥ ‹የሱሳ ይንታፓ ቲንꬊ ጋልላ አꬍዳ። ኤ ይንትስ ኦህዳን ፋና ይን ኤዛ የይጋ በአዳ› ጋእ ኦሆተ» ያጋይዳ።
2910080097	ማቹንꬅ ዣሽሞራ ጎቂ ቦዝትፓ ኬዚ አችንትዳ። ማህ ኡን ዣሽትዘ ግሾ ይኖ ኦደስን አኮን ኦህካያ።
2910090100	(note: The most reliable and earliest manuscripts do not include Mark 16:9-20.) የሱሳ Ꮉይቆፓ ደንድዳንፓ ማቂ ዎጋ ዎደ ዎንታ፥ ላፑን ቱና አያኑንꬃና ኬስደ ማግደላ ማይራምስ ቲንꬊ በንትዳ።
29100a006f	እዛ Ꮉንግ ኤራ ቲኖ የዙንꬅስ፥ ኡን አዛንተራን ዬክተራ የዝን ኦህዳ።
29100b007a	የዝን የሱሳ ፋጻ የዛኖን ኢስ በንትዳኖ ኡን ስእደ ዎደ እዛ ጋዛኖ አማንካያ።
29100c00a0	ይንፓ ሱባ፥ ኡንታፓ ላምኡንꬅ ካታማፓ ኬዚ Ꮉማደራ፥ ኦገላ አፋ የሱሳ ቲኖፓ ዱሙꬊ ኡንትስ በንትዳ።
29100d0079	ኡን ሱብ ማቂ፥ መሉንꬅስ ኦህዳፕ፥ አትን መሉንꬅን ኡን ኦህቶ ቱሮ ጋይካያ።
29100e011c	ሱባፓ ታጶ ፈቲ ኤ ታማሩንꬅ ካꬃ ማአደራ፥ የሱሳ ኡንትስ በንትዳ። ኡንትስ አማኖ ባይዘ ግሾን Ꮉይቆፓ ኤ ደንድዳኖ ብእደ አሱንꬅ ኦህን ኡን አማናንጺ እጽደ ግሾ ኤ ኡንታና ቦርዳ።
29100f005b	ኤ ኡንታጎ፥ «ሳአ ኡባ ቅቲ አስ ኡቡንꬅስ ዎንገለ ኦሆተ።
2910100062	አማንዳይን ጻማቅንትዳይ አቶዳ፥ የዝን አማኖሰ ፍርድንቶዳ።
2910110096	አማንዙንꬅስ Ꮉና ማልታ እንግንቶዳ። ኡን ታ ሱንꬅተ ቱና አያና ከሶዳ፥ ክለ ዶናራ ኦህንቶዳ።
29101200ca	ኡን ሾሽ አይክኮን ዎይ ዎꬍዘባዝ ኡዥኮን ኡንታና ቆሀማ። ማህ ኡን ፋ ኩሽቶ Ꮉርግንትዙንꬃላ አፋ ጋዲ ኡንታና ፋꬆዳ» ያጋይዳ።
2910130086	ላꬂ የሱሳ ታማሩንꬃራ ኦህንትዳንፓ ሱባ ኡደ ሳሎ ከዝዳ፤ ጾዘፓ ምዛቅ ዛላራ በትዳ።
29101400d7	ኤ ታማሩንꬅ ቅትደ በሳ ኡባ ቃላ ኦህዳ። ላꬅን ኡንታራ ዎላ ኦቻነ። ኡንቲ ኦህዘ ቃልታ ቱሮ ማቅዳኖ ጾዚ ኡንትስ እንግደ ማልተ ሚንꬃነ።
2a00000009	ሉቃሳ
2a01010082	ቦንቾ ተዎፍሎሳ፥ ኑ ግዳ ፎልንትደ ባዝስ ጋሙንꬅ፥ ፋስ ዳንዳእንትደ ጋር ጻፍዳ።
2a0102007a	ይና ታሪክቶ ኡን ጻፍዳና ቲኖፓ አይኪ ኣፈ ማርኩንꬅን ቃላ ጻፊ ኑስ ኦህዳኖ።
2a010300b6	ታንን ታ ባጋራ ቲኖፓ ቆፒ ብእዳንፓ ሱባ ይና ታሪክታ Ꮉንዳኖ ሉልዚ ኔስ ተዎፍሎሳስ ጻፍዛና ታስ ሎኦ ማቂ በንትዳ።
2a01040047	ይናን፥ ነ ታማርዳና ቱሮ ማቅዳኖ ኤርሶደስ።
2a010500c9	ይሁዳ ካት ሄሮድሳ ዎደ አብያ ባጋፓ ማቅደ ዛካርያሳ ጋዘ አይሁደ ካህነ የነ። ኤ ማችታን አሮና ኮቻፓ። እ ሱንꬅታን ኤልሳቤጦ።
2a0106007a	ላምኡንꬅን ላꬄ ዎጋን ኪቶ ኡባ ናጊ ቦረ ባይዝን ጾዘ ቲንተ ጽሎትꬃራ የዝዳ።
2a01070082	ይኦፕ አትን ኤልሳቤጣ ꬎኦንꬅ ማቅደ ግሾ ኡንትስ ናአ ባያ። ላምኡንꬅን ጭንግዳ።
2a01080060	ፈቲ ዎደ ዛካርያሳ ፋ ታርቲ ወደ ጾዘ ቲኖ ካህነትꬃራ ኦቻነ።
2a01090063	ካህነትꬅ ዎጋራ ጾዘ ኬꬃ ገሊ እጻነ ጩግሳደስ ኤዛ እጻ የልዳ።
2a010a0042	እጻነ ጩግዘ ዎደ አሱንꬅ ኡባ ባለ ዎሳነ።
2a010b0065	ላꬄ ኪታንችዘ ዣርሾ ዣርሽዘ በስትፓ ምዛቅ ዛላራ ኤቂ በንትዳ።
2a010c003b	ዛካርያሳ ኤዛ ብእ ታኒ ጋማ ዣሽትዳ።
2a010d00ce	የዝን ኪታንችዘ ኤጎ፥ «ዛካርያሳ ዣሽትፐ፤ ነ ዎስታ ስንትዳ። ነ ማችታ ኤልሳቤጣ ꬊራꬅ ናአ የሎዳ፥ ኤዛ ዋሐንሳ ጋእ ነ ሱንꬆዳ።
2a010e005f	ኤ ኔስ ዋሎን ኡፋይስ ማቃዳ፤ ጋሙንꬅ ኤ የልንተ ኡፋይቶዳ።
2a010f00a8	ላꬄ ቲኖ ኤ ዳማ ማቃዳ፤ ዎይነ ኡሺ ማቅን መለ ማꬅዘ ኡሺ ኡዣማ። ፋ እንቲ ሳዝተ የዛራ ጌሽ አያናራ ኩሞዳ።
2a01100054	እስራኤለ አሱንꬃፓ ጋሙንꬃና ፋ ላꬄ፥ ጾዘጎ ማሆዳ።
2a01110108	አዱንꬅ ዎዝንቶ ናኡንꬃጎ ማሆዳ፥ ኪትንቶሱንꬃና ጽሎትꬅ ጭንጫትꬃጎ ማሆደ ጋር፥ ላꬅስ ኮሽዘ ዎርዣ ጊግሳደስ ኤልያሳ አያናራን ዎልቃራ ላꬄ ቲንተ Ꮉማዳ» ያጋይዳ።
2a0112007e	ዛካርያሳ ኪታንችዘጎ፥ «ታ ይኖ አኮራ ኤሮደ? ታራን ታ ማችትራ ጭንግዳ» ጋይዳ።
2a01130098	ኪታንችዘ ማህ፥ «ታኒ ጾዘ ቲንተ ኤቅዘ ጋብርኤለ። Ꮉና ምስራችቶ ኔስ ኦሆደስ ጾዛፓ ኪትንትዳ።
2a011400df	ይኬ፥ ዎድቶ ናጊ ፎልንቶደ ታ ቃልቶ ነ አማናንጽ እጽደ ግሾ Ꮉና ፎልንቶደ ዎንꬅስ ነ ዶንታ ሙመ ማቃዳ፥ ኦህንቶደስን ነ ዳንዳአማ» ያጋይዳ።
2a0115008f	የ ዎደ ዛካርያሳ ጾዘ ኬꬅተ ገሊ ጋምእደ ግሾ አኮ ይእዶ ጋእ አሱንꬅ ባለ ናግተራ ጋምእዳ።
2a011600ca	ኤ ባለ ኬዚ ኡንታና ኦህሳደስ ዳንዳእካያ። ማላ ኩሸራ ቤዛንፕ አትን ኦህንቶደስ ዳንዳኦሳኖ ብእደ ዎደ ቆንጭꬅ ብእዳኖ ኤርዳ።
2a0117003f	ዛካርያሳ ኦቻ ዎድቶ ፎሊ ፋ ካራ ማቅዳ።
2a011800a0	ይንፓ ሱባ፥ ኤ ማችታ ኤልሳቤጣ ዎዳጽዳ። እችን አግና ኩሙꬅ ፋና ጌንꬅ አስስ በንትካይዛራ ጋምእዳ።
2a01190094	እዛ፥ «ላꬂ ፋ ማሮትꬅተ ታ ቶችቶ አስ ግዳፓ Ꮉሶደስ ብእ Ꮉና ዎድተ Ꮉኖ ታስ ኦችዳ» ያጋይዳ።
2a011a00a2	ኤልሳቤጣ ዎዳጽዳንፓ እዝፑንꬃ አግንተ፥ ጾዚ ኪታንቾ ጋብርኤለ ጋልላ ጋደ የዘ ናዝረተ ካታማ ኪትዳ።
2a011b00b0	ኤዝን ዮሰፋ ጋዘ ካት ዳዉተ ኮቻፓ ማቅደ አꬄስ ኦጭንትደ ዉዱርትጎ ኪትንትዳ። ይና ዉዱርታ ማይራሞ ጋእንታነ።
2a011c007e	ኪታንቾ ኢጎ Ꮉንግ፥ «ጋማ ካꬍንትዳነ፥ ሳሮ ኔስ ማቀ፥ ጾዚ ኔራ የነ» ያጋይዳ።
2a011d0058	ማይራማ ኤ ኦህተ ጋማ ታኒ፥ «Ꮉና አኮ ሳር» ጋእ ቆፕዳ።
2a011e0067	ኪታንችዘ ማህ፥ «ማይራመ፥ ዣሽትፐ፤ ነ ጾዘ ቲንተ ናሾ ደንግዳ።
2a011f006a	ይኬ ነ ዎዳጾዳ ꬊራꬅ ናአ የሎዳ፥ ኤ ሱንꬅቶን የሱሳ ጋእ ሱንꬆዳ።
2a012000a0	ኤ ዳማ ማቃዳ፥ ኡባፓ ካታራ ጾዘ ናአ ጋእንት ጼግንቶዳ። ላꬄ ጾዘ ኤ አዳይ ዳዉተ አራታ ኤስ እንጎዳ።
2a01210075	ኤ ያይቆባ ኮቻላ አፋ መዽና ካእቶዳ፤ ኤ ካእቱምትስ Ꮉልኤ ባያ» ያጋይዳ።
2a01220076	ማይራማ ኪታንችዘጎ፥ «ይና ዋይዝ Ꮉኖደ? ታ ꬊራꬃራ የልንትካያ» ያጋይዳ።
2a012300e0	ኪታንችዘ ማህ፥ «ጌሽ አያና ኔላ አፋ ዎꬎዳ፥ ኡባፓ ካታራ ጾዘ ዎልቅታ ኔላ አፋ ሸምፖዳ። ይኒ ግሾ፥ የልንትደ ጌሽ ናአይ ጾዘ ናአ ጋእንቶዳ።
2a012400cb	ይኬ፥ ነ እግንታ ኤልሳቤጣ ፋ ጭማትꬅ ላይꬅተ ꬊራꬅ ናአ ዎዳጽዳ። እዛ ꬎንꬅ ጋእንትዳኖ፥ የዝን Ꮉተ እዝፑንꬃ አግና አይክዳ።
2a0125002f	ጾዛ ጋምዘባዝ ባያ» ያጋይዳ።
2a012600af	ማይራማ፥ «ዬዛኮ፥ ታኒ ላꬄ አርትስ፥ ነ ቃልት ጋር ታስ ይኦ» ያጋይዳ። ይንፓ ሱባ፥ ኪታንችዘ ኢፓ ሻክንትዳ።
2a01270067	ማይራማ ይና ሳምንተ ደንዲ ይሁዳ ሳአ የዘ ፈቲ አለ ካታማ ቅትዳ።
2a0128003d	ዛካርያሳ ካራ ገሊ ኤልሳቤጦ ሳሮꬅዳ።
2a012900a7	ኤልሳቤጣ ማይራማ ሳሮꬅዛኖ ስእዘ ዎደ እ ሳዝተ የዘ ናአይ ኡፋይሳራ ዶልዳ። ኤልሳቤጣ ጌሽ አያናራ ኩሚ፥
2a012a0087	ፋ ቃልቶ ꬎቅ ዪዚ፥ «ኔኒ ማቹንꬃፓ አንጅንትዳኖ፥ ነ ዎዳጽደ ናአይን አንጅንትዳያ።
2a012b0056	ይኦ የዝን፥ ታ ላꬄ እንተ፥ ኔኒ ታጎ የኦደ ጋር ታ ኦደ?
2a012c006b	ይኬ ነ ሳሮትꬅቶ ታ ስእዘ ዎደ ታ ሳዝተ የዘ ናአይ ኡፋይሳፓ ዶልዳ።
2a012d0070	ላꬂ ፎሎዳ ጋእ እንግደ ቃልቶ አማንዳና፥ እዛ አንጅንትዳኖ» ያጋይዳ።
2a012e0054	ማይራማ Ꮉኒ ጋራ ያጋይዳ፦ «ታ ሸምፕታ ላꬃ ቦንቻነ፥
2a012f0034	ታ አያንዘ ጋላ ጾዘላ ኡፋይታነ።
2a0130007d	ኤ ፋ አርቲ ቶችቶ ብእዳ። Ꮉይኖፓ አይኪ የለትꬅ ኡባ ታና አንጅንትዳኖ ጋኦዳ።
2a0131005a	ዎልቃማ ማቅደ ኤ፥ ታስ ዳማ ባዝ ኦችዳ። ኤ ሱንꬅታ ጌሽ።
2a01320061	ኤዛ ቦንችዙንꬃላ አፋ፥ ኤ ማሮትꬅታ መꬍናፓ መዽና የሎደስ።
2a01330062	ፋ ቀስተ ምንꬅ ባዝ ኦችዳ፥ ፋ ዎዝንተ ኡቱርትዙንꬃና ላልዳ።
2a01340067	ዳማ ካቱንꬃና አራትዘፓ ዎꬍዝዳ፤ ፋ ኦምቶ ቶችዙንꬃና ቦንችዳ።
2a01350068	ናይꬍዱንꬃና ሎኦ ባዛራ ምሽዳ፥ የዝን ዱሩንꬃና ካሎ ኩሸ ዳክዳ።
2a01360048	ፋ ማሮትꬅቶ ቆፒ፥ ፋ አርዛ እስራኤለ ማድዳ።
2a01370091	ይናን ኑ አዱንꬅስ ኦህደ ቃላ፥ አብራሃማስን ኤ ዛርትስ ጋእዳኖ መꬍናስ ፎሎደስ» ያጋይዳ።
2a01380060	ማይራማ ኤልሳቤጥ ካለ Ꮉይꬕ አግና ጋር ጋምእ ፋ ካራ ማቅዳ።
2a01390048	ኤልሳቤጥስ የሎ ቃማ የልን ꬊራꬅ ናአ የልዳ።
2a013a007a	እ ዶꬁንꬅን እ እግኑንꬅ ላꬂ ዳማ ማሮትꬅ ኦችዳኖ ስእ፥ ኢራ ዎላ ኡፋይትዳ።
2a013b0096	ኦስፉንꬆ ቃምተ ዦጋ ናአያ ጋራዞደስ ይእዳ። ኤ አዳይ ሱንꬅተ ዛካርያሳ ጋእ ሱንꬆደስ ኮይዳ።
2a013c005e	የዝን እንታ፥ «አደ፥ ዋሐንሳ ጋእንቶደስ ቤዛነ» ያጋይዳ።
2a013d006a	ኡንትን፥ «ነ እግኑꬃፓ Ꮉይ ሱን ራ ጼግንትደ ኦደን ባያ» ያጋይዳ።
2a013e0061	ኤ አዳይ ኦና ጋእ ሱንꬆድ የዛኮ ኤሮደስ ኮይ ኤዛ ማላ ኦጭዳ።
2a013f0093	ኤ ጻፍዘባዝ ኦጪ ኤኪ፥ «ኤ ሱንꬅታ ዋሐንሳ» ጋእ ጻፍዳ። ኡቡንꬅ ኤ ጻፍዳኖ ብእ ጋማ ቆፕዳ።
2a01400070	ኢራ ዛካርያሳ እልአንꬅታ ብልንትዳ፥ ጾዝ ጋላትተራ ኦህንተ አይክዳ።
2a0141006c	ዶꬁንꬅ ኡባ ዣሽሞራ ኩምዳ። Ꮉና Ꮉንዳና አለ ይሁዳ ሳአ ኦህንትዳ።
2a01420095	ይኖ ስኤዘ ኡቡንꬅ፥ «Ꮉይ ናአይ አኮ ይአድ የሳ?» ጋእ ፋ ግዳ ኦህንትዳ። ላꬄ ኩሽታ ኤራ የነ።
2a01430073	ዋሐንሳ አዳይ ዛካርያሳ ጌሽ አያናራ ኩሚ Ꮉኒ ጋራ ያጋእ ትንቢተ ኦህዳ።
2a0144005a	«እስራኤለ ላꬄ ጾዘ ጋላትንቶ፥ ይእ ፋ አሱንꬃና ዎዝዳ።
2a01450045	ፋ አርዘ ዳዉተ ኬꬃ አቶትꬅ ዎልቃ ደንꬅዳ።
2a01460052	ይናን ዛጋ ዎደ ጌሽ ናቡንꬅ ዶንተ ኦህንትዳን ፋና፥
2a0147005b	ኤ አሽታ ኑ ሞርኩንꬃፓን ኑራ ኦልንትዘ ኡቡንꬅ ኩሽትፓ።
2a01480077	ይኖ ኤ ኦችዳና ኑ አዱንꬅስ ፋ ማሮትꬅቶ ቤሳደስን፥ ፋ ጌሽ ጫቅቶ ናጎደስ።
2a01490044	ኑ አዳይ አብራሃማስ ጫቂደ ጫቅቶ ቆፖደስን
2a014a005c	ኑ ሞርኩንꬅ ኩሽትፓ ኬሲ ዣሽሞ ባይꬅ ኤዛ ኪትንቶደ ፋና።
2a014b005f	ኑ በርተ ኡባነ ጌሻትꬃራን ጽሎትꬃራ ፋ ቲንተ ኑና ኤሶደስ።
2a014c008f	ታ ናአዮ፥ ኔኒ ኡባፓ ካታራ ጾዘ ናበ ጋእንቶዳ። ላꬄ ኦግቶ ሎይꬆደስ ነ ኤ ቲንተ Ꮉንጎዳ።
2a014d0079	ኡን ናጋርታ ኡጭንትን፥ ኡን አቶትꬅ ኤራ ደንጎዳኖ ነ ላꬄ ዎርዥትስ ኦሆዳ።
2a014e0060	ኑ ጾዘ ሎኦ ማሮትꬅትፓ ደንዲ ዎንታ ጻልቀ ኑስ ሳሎፓ ከዝዳ።
2a014f0099	ይናን ꬉማ ግዳን፥ Ꮉይቆ ዳሾ ኦሞ የዙንꬅስ ፎእሳደስ፥ ኑ ቶህቶን ሳሮ ኦገጎ ማሆደስ» ያጋይዳ።
2a01500095	ናአይ ድጭዳ፥ አያናራ ምንግዳ፥ እስራኤለ አሱንꬅስ በንቶደ ዎንꬅስ አኮ ባይዘ ጋናሳ የዝዳ።
2a0201009b	የ ዎደ ሮመ ጋደ የዘ አስ ኡቡንꬅ ፋይድንቶደ ፋናን ሱንꬅታ ጻፍንቶደ ፋና ካት አዉግስጾሳ ኪትዳ።
2a0202005c	ይናን ቀረኖሳ ሶርያ ጋደ አህዘ ዎደ ኦችንትደ ቲኖ ፋይዶ።
2a02030071	ይኒ ግሾ፥ ፈቲ ፈቲ አስ ፋ ሱንꬅቶ ጻፍንቶደስ ፋ የልንትደ ጋደ ቅትዳ።
2a020400ae	ዮሴፋን ዳዉተ ኬꬃፓን ኮቻፓ ማቅደ ግሾ ጋልላ ናዝረተ ካታማፓ ደንዲ ዳዉተ ካታማ ማቅደ ይሁዳ ቤተለመ ቅትዳ።
2a02050085	Ꮉንጎደራ፥ የሎደስ ዎደ Ꮉልእደ ኤ ኦጪ ጋድደ፥ ማይራምራ ዎላ ጻፍንቶደስ Ꮉንግዳ።
2a02060039	ኡን እዘ የዝን ኢስ የሎ ዎደ የልዳ።
2a0207008c	ፋ አንግስ ናአያ የልዳ። ጩርቃራ ጻጺ ዛቆ አቅዘ ኬꬅ በሲ ꬋብደ ግሾ ጎንጋ ግዳ ዎይꬅዳ።
2a02080067	ይና ጋድተ ቃማ ዱሮ ዉደ የንግተ ዞዘ አቅዘ ዉደ የንግዙንꬅ የነ።
2a02090099	ላꬄ ኪታንቾ ይእ ኡን ካለ ኤቅዳ። ላꬄ ቦንቾ ኡን ካንቶ ዉቲ ፎእዳ፤ ኡንትን ዳማ ዣሽሞ ዣሽትዳ።
2a020a008f	ኪታንችዘ ኡንትስ፥ «ዣሽትፐተ! ይኬ፥ አስ ኡባንስ ማቅደ ዳማ ኡፋይስ ምስራቾ ኤኪ ይእዳ።
2a020b007e	ይናን፥ ዳዉተ ካታምተ አሽዛይ ይንትስ Ꮉይኖ የልንትዳ። ኤዝን ላꬄ ክርስቶሳ።
2a020c0096	ይናን ይንትስ ማላ ማቀ፤ ዦጋ ናአይ ጩርቃራ ጻጽንት ጎንጋ ግዳ ዎይእዳያ ይን ደማዳ» ያጋይዳ።
2a020d0077	ቆፕካይዝን ጋማ ሳሎ ኪታንቹንꬅ ኪታንችዘራ ፈትላ በንቲ፥ ያጋእ ጋላትዳ፥
2a020e007b	«ቦንቾ ጾዘስ አፋ ሳሎ፥ ሳሮትꬅ ሳአላ አፋ ጾዚ ካዽዘ አስስ ማቀ።» ያጋይዳ።
2a020f00db	ኪታንቹንꬅ ኡንታፓ ሻክንት ሳሎ ከዝዳንፓ ሱባ ዉደ የንግዙንꬅ፥ «አነ ላꬂ ኑስ ቆንጭዝደ ባዝን Ꮉንዳኖ በአደስ ቤተለመ የꬎተ» ያጋይዳ።
2a02100082	ኡንትን ኤልሲ Ꮉንግዳ። ማይራሞ፥ ዮሴፋን ዦጋ ናአይ ጎንጋ ግዳ ዎይእዳያ ብእዳ።
2a02110079	ብእ ማቂ ናእባዝ ኡንትስ ኦህዳኖ፥ ጌሽ ይና በስተ የዘ አሱንꬅስ ማርክꬍዳ።
2a02120052	ይኖ ስእደ ኡባ ዉደ የንግዙንꬅ ኦህዳኖ ጋማ ቆፕዳ።
2a02130053	ማይራማ Ꮉንደ ባዝ ኡባ ፋ ዎዝንተ ቆፕተራ የነ የሻ።
2a021400c3	የንግዙንꬅ ኡንትስ ኦህዳን ጋራ ይእን ብእዳ። ይኒ ግሾ፥ ፋ ስእደባዝስን ብእደባዝ ኡባንስ ጾዘ ቦንችተን ጋላትተ ማቅዳ።
2a021500a3	ኦስፉንꬃ ቃምተ፥ ጋራዘ ዎደ የልን፥ ኢስ አግና አቶዳንፓ ቲኖ ኪታንቾ ጋድደ ሱንꬅተ የሱሳ ጋእንትዳ።
2a021600af	ሙሴ ህገ ፋና ኡን ጌዥዘ ዎደ ፎልንትዳንፓ ሱባ ዮሰፋራን ማይራምራ ዦጋ ናአ ፋ ላꬄስ እማደስ የሩሳላመ ቅትዳ።
2a021700aa	ይናን፥ ላꬄ ህገራ፥ «ꬊራꬅ ማቅደ አንግስ ናአ ኡቡንꬅ ላꬅስ ዱሙꬍዳያ ማቀ» ጋእንት ጻፍንትዳኖ ፎሎደስ።
2a02180056	ማህ ላꬄ ህገ፥ ላምእ ኮካ ዎይ ዎለ ዣርሾደስ ካንግዳ።
2a021900da	የ ዎደ ጌሽን አማኖራ ምንꬂ ማቅደ ስሞና ጋእንትዘ አꬄ የሩሳላመ የነ። ኤ እስራኤሉንꬃና አሽዛ ናግተራ የነ። ጌሽ አያናን ኤላ አፋ የነ።
2a021a006c	ማህ ክርስቶሳ ብእካይዛራ Ꮉይቃማኖ ጌሽ አያና ኤስ ቤዝን ኤሪ የነ።
2a021b00ae	ኤ የ ዎደ አያና ካልꬅን ጾዘ ኬꬃ ቅትዳ። ናአይ እንትራን አደራ ዎጋ ፎሎደስ ዦጋ ናአያ የሱሳ ኤኪ ገልደ ዎደ።
2a021c0052	ስሞና ሞኪ ኤኪ ናአያ እርንግ፥ ያጋእ ጾዝ ጋላትዳ።
2a021d005d	«ላꬆ ነ ታስ ገልደ ቃልት ፋና፥ Ꮉተ ነ አርዛ ሳሮራ ሞይዞ።
2a021e003c	ታ ኣፍታ አስ ኡቡንꬅ ቲኖ ነ ጊግዝደ፥
2a021f0020	ነ አቶትꬅቶ ብእዳ።
2a0220009e	ይናን አይሁደ ማቆሰ ኡቡንꬅስ፥ ጾዘ ኦግቶ ጌሽዘ ፎኦ፥ ነ አሱንꬅ እስራኤሉንꬅስ ቦንቾ» ያጋይዳ።
2a02210051	ዮሰፋራን ማይራምራ ኤ ባዝ ኦህንትዳነ ጋማ ቆፕዳ።
2a02220100	ስሞና ኡንታና አንጅዳ። እንታ ማይራምጎ፥ «ይኬ Ꮉይ ናአይ ጾዛፓ ዶርንትደ ጋማ እስራኤሉንꬅስ ኡን ጎልእትስን ኡን ደንድትስ ማላ ማቃዳ። ይኖን ጋሙንꬅ እጻነ።
2a02230046	ነ ሸምፕታን ማህ ማሻራ ጫድንቶዳ» ያጋይዳ።
2a022400b9	ማህ አሴረ ኮቻፓ ማቅደ ፋኑኤላ ናእታ ሐና ጋእንትዘ ናብታ የነ። እዛ ጋማ ጭንግዳ፤ እዛ አዝንዘራ ላፑን በረ የዝዳ።
2a022500b0	እ አዝንዘ Ꮉይቂን ኦስፉን ታም ኦይዲ በረ ማቃደ ዎንꬅስ ቃማን አዋራ ፋጨ ባይꬅ ዎሳራን ጾማራ ጾዘ ኬꬃ ኦቻነ።
2a0226009e	እዛ ይና ሳተ Ꮉንግ ጾዝ ጋላትዳ፤ የሩሳላመ አቶትꬅ ዎደ ናግዘ ኡቡንꬅስ ዦጋ ናአይ ባዝ ማርክꬍዳ።
2a022700ab	ዮሰፋራን ማይራምራ ላꬄ ህግተ ኪትንትደ ዎግቶ ኡባኖ ፎልዳንፓ ሱባ ጋልላ ሳአ የዘ ፋ ካታማ ናዝረተ ማቅዳ።
2a0228008f	ናአይ ድጭተራን ምንግተራ Ꮉንግዳ። ጭንጫትꬃራ ኩምዳ፤ ጾዘ አꬎ ከሃትꬅታ ኤላ አፋ የነ።
2a0229006e	ዮሰፋራን ማይራምራ ፋስካ ባአለ ቦንቾደስ ኡባ በረ የሩሳላመ ቅታነ።
2a022a0080	የሱሳስ ታጶ ላምእ በረ ማቅደ ዎደ ቲኖፓ Ꮉንግዛኒ ፋና ባልቶ ቦንቾደስ Ꮉንግዳ።
2a022b00c7	ባአለ ቦንችዳንፓ ሱባ ካራ ማቅዘ ዎደ ናአይ የሱሳ የሩሳላመ አትዳ። የዝን ዮሰፋራን ማይራምራ ኤ የሩሳላመ አትዳኖ ኤርካያ።
2a022c00c6	ኤ ካራ ማቅደ አሳራ የዘ ጋራ ይእን ኡን ፈቲ ቃማ ኦገ የꬍዳ። ኤ ባይዛኖ ኤርዳንፓ ሱባ ፋ እግኑንꬅ ካለን ላጉንꬅ ካለ ኮይዳ።
2a022d0052	ኤ እዘ ꬋብን ኮይተራ ሱባ የሩሳላመ የሎደስ ይእዳ።
2a022e009a	Ꮉይꬕ ቃማፓ ሱባ ጾዘ ኬꬃ አስታማሩንꬅ ግዳ በቲ ኡንባዝ ስእተን ኡንታና ኦጭተራ የዝን ደንግዳ።
2a022f004c	ኤዛ ስእዘ ኡቡንꬅ ኤ ቆፍተን ማህተ ጋማ ቆፕዳ።
2a023000dd	ካራ አሱንꬅ ኤዛ ደንግደ ዎደ ጋማ ቆፕዳ። ኤ እንታን፥ «ታ ናአዮ፥ አኮስ ኑና Ꮉንጋራ ኦችዶ? ነ አደራን ታራን ነና ኮይተራ ዋይዳ» ያጋይዳ።
2a02310087	የሱሳ ኡንታጎ፥ «ታና አኮስ ኮየ? ታኒ፥ ታ አዳይ ኬꬃ የሳደስ ቤዛኖ ኤሮሶ?» ያጋይዳ።
2a0232003e	የዝን ኤ ኡንታጎ ጋይዳኖ ኡን ቲሪካያ።
2a023300b8	ይንፓ ሱባ፥ ኡንታራ ዎላ ናዝረተ ካታማ ይእዳ። ኡንትስ ኪትንቲ የዝዳ። ኤ እንታ ይና ኡባባዝቶ ዎዝንተ ጋዲ ናጋነ።
2a0234006a	የሱሳ፥ ጭንጫት ራ፥ ኡደ ድቻራን ሳባራ ጾዝ ቲኖን አስ ቲኖ ድጫነ።
2a0301012c	ካት ጢባርዮሳ ሮመ ጋደ ካእትን፥ ታጶ እቻንꬆ በረ፥ ጰንጤ ጵላጦሳ ይሁዳ አህዘ ዎደ ሄሮድሳ ጋልላ አህዘ ዎደ ኤ እሸ ፍልጶሳ እጡርያሳን ጥራኮንዶሳ አህዘ ዎደ ልሳንዮሳ አብላንሳ አህዘ ዎደ
2a030200a4	ሃናራን ቃያፋራ ካህኑንꬅ Ꮉላቃ ማቂ የዝን፥ ጾዘ ቃላ ዛካርያሳ ናአ ዋሐንሳጎ አኮ ባይዘ ጋናሳ ይእዳ።
2a030300d3	ዋሐንሳ፥ «ይን ናጋርትፓ ማቂ ጻማቅንቶተ። ጾዚ ይን ናጋርቶ አቶ ጋኦዳ» ያጋእ ታማርስተ ዮርዳኖሳ ቦርካ ጋጻራ የዘ ሳአ ኡባ ቅትዳ።
2a030400d6	ይናን ናበ ኢሳያሳ ፋ ማጻፍተ፥ «አኮ ባይዘ ጋናሳ ግዳ ፋ ቃልቶ ꬎቅ ዪዝ፥ ኡክዘ አꬄ ቃልታ፥ ‹ላꬄ ኦግቶ ጊግዞተ፥ ዎሮግቶን ሉልዞተ።
2a0305008b	ዶቺ ኡባ ኩሞዳ፥ ደረን ꬎቃ በስን ዝቅ ጋዉዳ። ዎቦ ኦግታ ሉሎዳ፥ ጊጎሰ ሆሮግታ ጊጎዳ።
2a03060064	አስ ኮች ኡባ፥ ጾዘ አቶትꬅቶ በአዳ›» ጋእ ጻፍዳንፋና Ꮉንዳ።
2a030700cb	ዋሐንሳ፥ ፋ ኩሽተ ጻማቅንቶደስ ይእደ ጋማ አሱንꬃጎ፥ «Ꮉንꬅ፥ ሾሽ ናኡንꬆ ዮኦደስ የዘ Ꮉንቆፓ አቶደ ጋር ይንታና ዞርደ ኦደ?
2a0308011d	ይኬ፥ ይን ማርንተስ ቤዘ ሎኦ ኦቻ ኦቾተ፥ ይን ዎዝንተ፥ ‹ኑስ፥ ኑ አዳይ አብራሃማ የነ ጋእ ጬቅንትፐተ።› Ꮉንካ ስኦተ፥ Ꮉንꬅ ሹቹንꬃፓ ጾዚ አብራሃማስ ናአ ኬሶደስ ዳንዳአነ።
2a03090097	Ꮉተ፥ ጋንደ ምንጻ ጻጶ የነ። ይኬ፥ ሎኦ ኣፈ አፎሰ ምንጻ ኡባ ጋችንቲ ታማ ኦልንቶዳ» ያጋይዳ።
2a030a004d	አሱንꬅ፥ «ዬዝን ኑኒ አኮ ኦቾደ?» ያጋእ ኦጭዳ።
2a030b0085	ዋሐንሳ ማህ፥ «ላምእ አፉላ የዘ አስ ባይዘስ ሻጎ። ካꬃ የዘ ባይዘስ ሻጎ» ያጋይዳ።
2a030c007f	ቃራጠ ጋችዙንꬂ ጻማቅንቶደስ ይእ፥ «አስታማርዛዮ፥ ኑኒ አኮ ኦቾደ?» ያጋይዳ።
2a030d0059	ኤ ማህ፥ «ይን ጋችሳደስ ቤዛንፓ አꬂ ኤክፐተ» ያጋይዳ።
2a030e00fd	ማህ ዎታዳሩንꬅ ይእ፥ «ኑኒ አኮ ኦቾደ» ያጋእ ኦጭዳ። ዋሐንሳ፥ «ኦባዝን ዎልቃራ ዳፊ ኤክፐተ፥ ኦደን ዎርዶራ ሞትፐተ፥ ይን ዳሞዝታ ይንትስ ማቃዳ» ያጋይዳ።
2a030f009c	አሱንꬅ ክርስቶሳ ኡፋይሳራ ናጊ የዘ ግሾ ዋሐንሳ፥ «ኤ ክርስቶሳ ማቃነ?» ያጋእ ፋ ዎዝንተ ቆፕዳ።
2a03100107	ዋሐንሳ ኡቡንꬅስ ማህ፥ «ታኒ ይንታና Ꮉꬃራ ጻማቃነ፥ የዝን ታፓ አꬊ ሚንግዘ የኦዳ። ታኒ ኤ ጫማ ጋድቶ ብሎደስ ቤዞሰ አስ። ኤ ይንታና ጌሽ አያናራን ታማራ ጻማቆዳ።
2a031100a6	ኡዱማ የዘ ካꬃ ጌሾደስ ፍꬄ ኤ ኩሽተ የነ። ጌሽ ካꬃ ፋ ፋችተ ጉሶዳ፤ ቡርቶ ꬋቦሰ ታማር ምቾዳ» ያጋይዳ።
2a0312004b	ማህ ዋሐንሳ አሱንꬃና ጋማ ዞሪ ዎንገለ ኦህዳ።
2a03130092	የዝን ዋሐንሳ ሄሮድሳ ፋ እሸ ማችቶ፥ ሄሮድያዳ፥ ኤክደ ግሾን መለ ኢታ ኦችት ግሾ ካጭደ ዎደ
2a0314006a	ሄሮድሳ ካሰንላ አፋ መለ ኢታ ባዝ ኡባ ጉጂ ዋሐንሳ ዎይነ ገልꬅዳ።
2a031500a3	ዋሐንሳ አጭንቶዳንፓ ቲኖ አስ ኡባ ጻማቂ ማቅን፥ የሱሳን ማህ ጻማቅንትዳ። ኤ ዎሶደራ ሳሎ ቡጉንትዳ።
2a031600b5	ጌሽ አያና ዎለ ፋና በንትተራ ኤላ አፋ በትዳ። ሳሎፓ «ታ ካዽዘ ናአይ ነና፤ ነ ታና ኡፋይሳነ ያጋእዘ» ቃላ ይእዳ።
2a031700a9	የሱሳ ታማርሰ አይክዘ ዎደ ኤስ Ꮉስታም በረ ማቃደራ፥ አሱንꬅ ኤዛ ዮሰፋ ናአ ጋእ ቆፕዳ። ዮሰፋ ኤለ ናአ፥
2a03180080	ኤለ ማተ ናአ፥ ማተ ሌወ ናአ፥ ሌወ ማልካ ናአ፥ ማልካ ዮና ናአ፥ ዮና ዮሰፋ ናአ፥
2a03190098	ዮሰፋ ማታተ ናአ፥ ማታተ አሞጸ ናአ፥ አሞጸ ናሆመ ናአ፥ ናሆመ አስሊመ ናአ፥ አስሊመ ናገ ናአ፥
2a031a005c	ናገ ማአተ ናአ፥ ማአተ ማታትየ ናአ፥ ማታትየ ሳማየ ናአ፥
2a031b00dd	ሳማየ ዮሰፋ ናአ ዮሰፋ ይሁዳ ናአ፥ ይሁዳ ዮናነ ናአ፥ ዮናነ ራሰ ናአ፥ ራሰ ዘሩባበላ ናአ፥ ዘሩባበላ ሳላትያለ ናአ፥ ሳላትያለ ኔረ ናአ፥
2a031c0095	ኔረ ሚልኪ ናአ፥ ሚልኪ ሃደ ናአ፥ ሃደ ቆሳመ ናአ፥ ቆሳመ ኤልሞዳነ ናአ፥ ኤልሞዳነ ኤራ ናአ፥
2a031d008f	ኤራ ዮሰኤ ናአ፥ ዮሰኤ አላዛረ ናአ፥ አላዛረ ዮራመ ናአ፥ ዮራመ ማተ ናአ፥ ማተ ሌወ ናአ፥
2a031e0098	ሌወ ስሞና ናአ፥ ስሞና ይሁዳ ናአ፥ ይሁዳ ዮሰፋ ናአ፥ ዮሰፋ ዮናነ ናአ፥ ዮናነ ኤልያቀመ ናአ፥
2a031f009b	ኤልያቀመ ማልየ ናአ፥ ማልየ ማይናነ ናአ፥ ማይናነ ማተ ናአ፥ ማተ ናታነ ናአ፥ ናታነ ዳዉተ ናአ፥
2a032000a4	ዳዉተ እሰይ ናአ፥ እሰይ እዮቤደ ናአ፥ እዮቤደ ቦኤዛ ናአ፥ ቦኤዛ ሳልሞና ናአ፥ ሳልሞና ናአሶና ናአ፥
2a03210083	ናአሶና አምናዳበ ናአ፥ አምናዳበ ራመ ናአ፥ ራመ አርነ ናአ፥ አርነ አስሮመ ናአ፥
2a032200c5	አስሮመ ፋረሰ ናአ፥ ፋረሰ ይሁዳ ናአ፥ ይሁዳ ያይቆባ ናአ፥ ያይቆባ ይሳቃ ናአ፥ ይሳቃ አብራሃማ ናአ፥ አብራሃማ ታራ ናአ፥
2a032300a7	ታራ ናኮረ ናአ፥ ናኮረ ሳሩገ ናአ፥ ሳሩገ ረሁ ናአ፥ ረሁ ፋለቀ ናአ፥ ፋለቀ ኤቤራ ናአ፥ ኤቤራ ሴላ ናአ፥
2a0324009e	ሴላ ቃይናነ ናአ፥ ቃይናነ አርፋክሳዳ ናአ፥ አርፋክሳዳ ሴመ ናአ፥ ሴመ ኖሄ ናአ፥ ኖሄ ላመሄ ናአ፥
2a032500aa	ላመሄ ማቱሳላ ናአ፥ ማቱሳላ ሄኖኬ ናአ፥ ሄኖኬ ያረደ ናአ፥ ያረደ ማላልኤላ ናአ፥ ማላልኤላ ቃይናነ ናአ፥
2a03260071	ቃይናነ ሄኖሳ ናአ፥ ሄኖሳ ሴታ ናአ፥ ሴተ አዳማ ናአ፥ አዳማ ጾዝ ናአ።
2a0401008e	የሱሳ ጌሽ አያናራ ኩሚ ዮርዳኖሳ ቦርካፓ ማቅደ ፋና አያና ኤዛ አኮ ባይዘ ጋናሳ ካንግዳ።
2a040200a9	እዘ ኦይታም አዋራን ቃማ ጻላሄራ ፋታንንትዳ። የ ዎድተ አኮን ሙእካይዛራ ጋምእደ ግሾ ዉርሱꬅተ ናይꬍዳ።
2a0403007a	ጻላሄ ኤጎ፥ «ኔኒ ጾዘ ናአ ማቅኮ አነ Ꮉይ ሹችዛ ዳቦ ማቆ ጋእ ኪቶ» ያጋይዳ።
2a0404007a	የሱሳ ማህ፥ «አስ ዳቦ ጻላላራ የዞስ ጋእንት ጾዘ ቃልተ ጻፍንትዳ» ያጋይዳ።
2a04050095	ይንፓ ሱባ፥ ጻላሄ የሱሳ ጳርጎ ደረላ አፋ ኬሲ Ꮉና አላምት ካእቱምቶ ኣፈ ቅጲ ማቃደስ ቤዝዳ።
2a040600ac	ጻላሄ፥ «Ꮉና ኡባንስ አደትꬅ ዎልቃ ቦንቾን ታስ እንግንትዳ። ታኒ ካዽዘ ኦደስን እንግዘ ግሾ ኔስ እንጎዳ።
2a04070055	ይኒ ግሾ፥ ነ ታስ ጎይንዛኮ ኡባ ኔስ ማቃዳ» ያጋይዳ።
2a0408009d	የሱሳ ማህ፥ «ነ ላꬃ፥ ነ ጾዛ፥ ኤዛ ጻላላ ጎይኖን ኤስ ኦቾ ጋእንት ጾዘ ቃልተ ጻፍንትዳ» ያጋይዳ።
2a040900b4	ዉርሱꬅተ ጻላሄ የሱሳ የሩሳላመ ካንግ ጾዘ ኬꬅትስ ኩስተላ አፋ ኤስ፥ ኔኒ ጾዘ ናአ ማቅኮ አነ ሱለ ሳአ ነና ኦሎ።
2a040a0083	አኮስ ጋይኮ፥ «‹ነና ናግዘ ፋ ኪታንቾ ነ ግሾ ኪቶዳ ጋእንት ጾዘ ቃልተ ጻፍንትዳ።
2a040b00ab	ኡን ነ ቶህታ ሹቻላ ꬉቡንታመ ጋር፥ ፋ ኩሽተ ꬎቅ ዪዚ ነና ደንꬆዳ› ጋእንት ጾዘ ቃልተ ጻፍንትዳ» ያጋይዳ።
2a040c0074	የሱሳ ማህ፥ «ነ ላꬃ ጾዛ ፋታንፐ ጋእንት ጾዘ ቃልተ ጻፍንትዳ» ያጋይዳ።
2a040d008a	ጻላሄ የሱሳ ፋታንቶ ኡባ Ꮉስዳንፓ ሱባ መለ ዎትዘ ዎደ ደንጎደ ዎንꬅስ ኤፓ ሻክንትዳ።
2a040e007f	የሱሳ ጌሽ አያና ዎልቃራ ኩሚ ጋልላ ማቅዳ። ኤ ሱንꬅታ ካለ የዘ ሳአ ኡባ ከዝዳ።
2a040f0069	ኤ አይሁደ ዎሳ ኬꬃ ገሊ ታማርስዳ፤ አሱንꬅ ኡቡንꬅ ኤዛ ጋላትዳ።
2a041000bc	እዝፓ ኤ ድጭደ ካታማ ናዝረተ ይእዳ። ቲኖ ኦችዛን ፋና ሳምባታ ዎደ አይሁደ ዎሳ ኬꬃ ገልዳ። ናባቦደስን ደንዲ ኤቅዳ።
2a0411008e	ናበ ኢሳያሳ ማጻፍዘ ጻጽንትዳያ ኤስ እንግን፥ ቡጊ፥ Ꮉንጋራ ያጋእ ጻፍንትዳኖ ደንግዳ፦
2a041200e9	«ላꬄ አያና ታላ አፋ የነ፥ ዳሁንꬅስ ዎንገለ ኦሆደ ፋና ጾዚ ታና ዶርዳ። አጭንትዱንꬅስ ብልንተ፥ ቆቅዱንꬅስ በኤ ኡንእንትዱንꬃና ዋሎ ኬሶደስ፥
2a0413005b	ጾዚ አሾደስ ቆፕደ በርቶ ኦሆደ ፋና ታና ኪትዳ» ያጋይዳ።
2a0414009c	ይንፓ ሱባ፥ ማጻፍዛ ጻጺ አይሁደ ዎሳ ኬꬃ እንግዳ። አይሁደ ዎሳ ኬꬃ የዘ አሱንꬅ ኡባ ዳኪ በእነ።
2a0415007e	ኤ፥ «Ꮉይቼ ይን Ꮉይትራ ይን ስእዘ Ꮉና ማጻፈ ቃልታ Ꮉይኖ ፎልንትዳ» ያጋይዳ።
2a041600d1	ኡቡንꬅ ኤ ባዝ ሎኦ ባዝ ኦህንታነ። ማህ ኤ ዶንትፓ ከዘ አꬎ ኬሃትꬅ ኩምደ ቃላትፓ ደንድ ጋማ ቆፒ፥ «Ꮉይ ዮሰፋ ናአ ባነ?» ያጋይዳ።
2a041700f0	ኤ፥ «‹አክምዛዮ አነ ነና አሾ፥ ቅፍርናሆመ ግዳ ነ ኦችዳኖ ኑ ስእዳኖ ማህ Ꮉነ ነ ካታምተ ኦቾ› ያጋእዘ አዝዘራ ይን ታና ጋውዳንስ ሶኤ ባያ» ያጋይዳ።
2a0418005a	ማህ፥ «ቱሮ ኦህነ፤ ናበ ፋ የልንትደ ጋድተ ቦንችንቶስ።
2a041900d7	«ታ ይንትስ ቱሮ ኦህነ፤ ሳሎ Ꮉይꬕ በረን ባገ ጎርድንትን ምንꬅ ናየ ሳአላ ኡባ የዘ ኤልያሳ ዎደ ጋማ ቡዳኑንꬅ እስራኤለ ግዳ የነ የሻ።
2a041a008b	ኤልያሳ ኡንታፓ ፈትጎን ኪትንትካያ። የዝን ሳራፕታ ግዳ የዘ ፈቲ ቡዳንትጎ ኪትንትዳ።
2a041b00d0	ናበ ኤልሳኤ ዎደ እስራኤለ ግዳ ጋማ ቁርሱማራ Ꮉርግንትዙንꬅ የነ የሻ። የዝን ሶርያ አꬄ ንእማነፕ አትን ኦደን ፋጽካያ» ያጋይዳ።
2a041c0064	አይሁደ ዎሳ ኬꬃ የዘ አስ ኡቡንꬅ ይኖ ስኤዘ ዎደ ጋማ ዥልꬍዳ።
2a041d0098	ፋ በትደ በስትፓ ደንዲ ደረላ አፋ ኬጽንትደ ካታምትፓ ጋጻ ኬሲ ኡርቂ ዳኮደስ ጋጋ ዶና ካንግዳ።
2a041e0035	የዝን ኤ ኡን ግዳራ ካንꬂ አꬍዳ።
2a041f0089	እዝፓ ጋልላ ሳአ የዘ ቅፍርናሆመ ካታማ ቅትዳ። እዘ ሳምባታ ዎደ አሱንꬃና ታማርስዳ።
2a04200076	ኤ ታማርስዛና አደትꬅ ዎልቃራ ማቅደ ግሾ ኡቡንꬅ ኤ ትምርትተ ጋማ ቆፕዳ።
2a04210049	አይሁደ ዎሳ ኬꬃ ቱና አያና አይክደ አꬄ የነ።
2a042200d5	ኤ፥ «ናዝረተ የሱሳ ኑና አኮስ ዋይ ኑፓ Ꮉኮ፤ ነ ይእዳና ኑና ꬋብሶደስነ? ነ ኦና የዛኮ ታ ኤራነ። ኔኒ ጾዘፓ ይእደ ጌሽ» ያጋእ ኡክዳ።
2a042300d9	የሱሳ ቱና አያንዘጎ፥ «ስእ ጋእ Ꮉይ አꬄፓ ከዞ» ያጋእ ካጭዳ። ቱና አያንዘ አꬃ አስ ኡቡንꬅ ቲኖ ኦሊ አሺ አኮን ቆህካይዛራ ዳኪ ከዝዳ።
2a042400c9	አሱንꬅ ኡባ ጋማ ቆፕዳ። ዎልጎ፥ «ዬዝን፥ Ꮉና አኮ ትምርተ? ቱና አያኑንꬃና አደትꬅ ዎልቃራ ኪታነ፤ ኡንትን ከዛነ» ያጋይዳ።
2a04250035	ኤ ሱንꬅታ ካራ ጋንጨ ኡባ ከዝዳ።
2a042600e5	ይንፓ ሱባ፥ የሱሳ አይሁደ ዎሳ ኬꬃፓ ኬዚ ስሞና ኬꬃ ገልዳ። ስሞና ማችት እንታ ምንꬂ ኦማ ኦꬅን ምቻ Ꮉርግንትዳ። እዞ ፋꬆደ ጋር የሱሳ ዎስዳ።
2a0427007e	እ ይꬅትጎ ሺቂ ዙጊ እ Ꮉርግዛ ሴርዳ። ምችታ አሽን ኤልሲ ደንዲ ኡንታና ሞክዳ።
2a042800b3	አዋ ገሎደስ ይአደራ ዱማ ዱማ Ꮉርገራ አይክንትደ አሱንꬃና ኤጎ ክእዳ። ኤ ፈተላ ፈተላ አፋ ፋ ኩሽቶ ጋዲ ፋꬅዳ።
2a04290101	ቱና አያኑንꬅ ማህ፥ «ኔኒ፥ ጾዘ ናአ» ጋእ ዉይስተራ ጋማ አሳፓ ከዝዳ። የዝን ኤ ኡንታና ካጭዳ። ኤ ክርስቶሳ ማቅዳኖ ኡን ኤርዘ ግሾ ፈቲ ባዝን ኦሃመ ፋና ካይዳ።
2a042a00c8	Ꮉጋ ዎንትዘ ዎደ የሱሳ ፈቲ አስ ባይዘ በሳ ቅትዳ። አሱንꬅ ኮይተራ ኤ የዘ በስተ ይእዳ። ኡንታፓ ኤ ሻክንት ቅታመ ጋር ካይዳ።
2a042b00a8	የዝን ኤ፥ «ታኒ መለ ካታማ Ꮉንግ ጾዘ ካእቱሞ ዎንገለ ማርክꬋደስ ቤዛነ። ታ ኪትንትዳና ይንስ» ያጋይዳ።
2a042c0042	ይሁዳ ሳአ የዘ አይሁደ ዎሳ ኬꬃ ሳባክዳ።
2a050100b4	ፈቲ ዎደ የሱሳ ጌንሳሬጠ አባ ካለ ኤቀዝን ጋማ አሱንꬅ ኤ ካንቶ ዉቲ ኤዛ ኡንእꬅ፥ ኤ ታማርስዘ ጾዘ ቃልቶ ስእነ።
2a050200b6	እዘ Ꮉꬅ ጋጻ የዘ ላምእ ጎንጉንꬃና ብእዳ። ሞሎ አይክዘ አሱንꬅ ጎንጉንꬃፓ ዎꬊ ፋ ሞሎ አይክዘ ግትቶ ሜጫነ የሻ።
2a050300c2	የንꬅ ጎንጉንꬃፓ ስሞናሰ ግዳ ገሊ ሳአፓ ኤራꬅ ግዳ ሺሾደ ፋና ኦጭዳ። የይዝ፥ የ ጎንግዘላ አፋ በቲ አሱንꬃና ታማርስዳ።
2a0504009e	ፋ ታማርስዛኖ Ꮉስዳንፓ ሱባ ስሞናጎ፥ «ጎደ ጌንትጎ ሺሺ ሞሎ አይኮደስ ይን ግትዛ ኦሎተ» ያጋይዳ።
2a050500a8	ስሞና ማህ፥ «አስታማርዛዮ፥ ቃማ ኩሙꬅ ላቢ አቂ አኮን አይክካያ፥ የዝን ነ ጋይኮ ግትዛ ኦሎዳ» ያጋይዳ።
2a05060066	ኡን ግትዛ ኦልደ ዎደ ግትዘ ፈꬍንቶደ ዎንꬅስ ጋማ ሞሎ አይክዳ።
2a050700c7	መለ ጎንገ የዘ ፋ ላጉንꬅ ይእ፥ ፋና ማዶደ ጋር ዉቲ ጼግዳ። ኡን ይእ ላምእ ጎንግታ፥ Ꮉꬅተ ቆꬍንቶደ ዎንꬅስ ሞሎራ ኩንꬅዳ።
2a050800b4	ስሞን ጴጥሮሳ ይኖ በኤዘ ዎደ የሱሳ ቲንተ ቡንቁንቲ፥ «ላꬆ፥ ታኒ ናጋራር የዘ አስ ማቅደ ግሾ ታፓ Ꮉኮ» ያጋይዳ።
2a05090074	ይኖ ኤ ጋእዳና ኤዝን ኤራ የዙንꬅ አይክደ ሞሎ ጋማትꬅተ ጋማ ቆፕደ ግሾ።
2a050a00e7	ማህ ስሞና ዣመ ማቅደ ዛብዶሳ ናኡንꬅ ያይቆባራን ዋሐንሳራን ጋማ ቆፕዳ። የሱሳ ስሞናጎ፥ «ዣሽትፐ! ይኬፓ ኔኒ አስ አይክዘ አስ ማቃዳ» ያጋይዳ።
2a050b0059	ኡን ጎንግቶ ጋጻ ሺሽዳንፓ ሱባ ኡባኖ አሺ የሱሳ ካልዳ።
2a050c0128	የሱሳ ካታሙንꬃፓ ፈተ ግዳ የዝን ፈቲ ቁርሱማ Ꮉርገራ አይክንትደ አስ ይና ካታምተ የነ። የ አꬃይ የሱሳ ብእ ኤ ቲንተ ቡንቁንቲ፥ «ላꬆ፥ ነ ቆፋ ማቅኮ ታና ጌሾደስ ዳንዳአነ» ጋእ ዎስዳ።
2a050d0090	የሱሳ ፋ ኩሽቶ ዳኪ ቦቺ፥ «ዬ፥ ታ ቆፋ፤ ጌዦ» ያጋይዳ። እዝራ ቁርሱማ Ꮉርግዘ አꬃ ዳክዳ።
2a050e00d5	የሱሳ፥ «Ꮉኖ ኦደስን ኦህፐ፥ የዝን Ꮉንግ ነ ጋልቶ ካህንዘ ቤዞ። ነ ጌዥዳንስ ማርካ ማቃደ ፋና ሙሴ ኪትደ ዣርሽቶ ዣርሾ» ጋእ ኪትዳ።
2a050f00c1	ማቆ የዝን፥ የሱሳ ሱንꬅታ ካሰንፓ አꬊ ዳልግተራ Ꮉንግዳ። ጋማ አሱንꬅ ኤ ኦህዛኖ ስኦደስን ፋ Ꮉርግትፓ ፋጾደስ የእነ።
2a0510003d	የዝን ኤ ጋማ ዎደ ጌማ በሳ ቅቲ ዎሳነ።
2a05110106	ፈቲ ዎደ የሱሳ ታማርሶደራ ጋልላፓን ይሁዳ ካራ ጋንጨ ኡባፓ ማህ የሩሳላመፓን የኤዘ ፋርሳዉንꬅን ህገ አስታማሩንꬅ እዘ በትዳ። አስ ፋꬅዘ ላꬄ ዎልቅታን ኤራ የነ።
2a05120086	የ ዎደ አሱንꬅ ፈቲ ዎቦ አꬃ አልጋራ ቶኪ ክእዳ። ኬꬃ ገልꬂ ኤ ቲንተ ጋዶደስ ቆፕዳ።
2a051300bc	የዝን አስ ጋማፓ ደንዲ ኬꬃ ገልꬆደስ ጋምን ኬꬃላ አፋ ኬዚ፥ ኬꬂ ኣፍቶ ቶኪ፥ Ꮉርግንትዛ አልግዘራ የሱሳ ቲኖ ኬꬅዳ።
2a05140070	የሱሳ ኡን አማንቶ ብእ፥ «ናተ አꬃዮ፥ ነ ናጋርታ ኡጭንትዳ» ያጋይዳ።
2a051500d5	ህገ አስታማሩንꬅን ፋርሳዉንꬅ፥ «Ꮉይ ጾዘላ አፋ ያጋእ ኦህዘ ኦደ? ፈቲ ጾዘፕ አትን መለ ናጋራ ኡጮደስ ዳንዳእዘ ኦደ?» ያጋእ ቆፕዳ።
2a05160074	የሱሳ ኡን ቆፍቶ ኤርደ ግሾ ኡንታጎ፥ «ይን ዎዝንተ Ꮉኒ ጋር አኮስ ቆፐተ?
2a05170069	‹ነ ናጋርታ ኡጭንትዳ ጋእዛንፓን ደንዲ ቅቶ ጋእዛንፓ አየ ፎለ?›
2a05180108	የዝን ታ ይኖ ጋይዳና አስ ናአይ ሳአላ አፋ ናጋራ ኡጮደስ አደትꬅ ዎልቃ የዛኖ ይን ኤሮደ ጋራ።» ይንፓ ካሊ፥ ዎቦ አꬃ፥ «ደንዶ፤ ነ አልግዛ ቶኪ ነ ካራ ቅቶ» ያጋይዳ።
2a05190090	ኤ ኢራ ደንዲ ኡን ቲንተ ኤቅዳ፤ ኤ ቶክንት ይእደ አልግዛ ቶኪ ጾዝ ጋላትተራ ፋ ካራ ቅትዳ።
2a051a008c	የ ዎደ ኡቡንꬅ ጋማ ቆፕዳ። ጾዝ ጋላትተራ፥ «Ꮉይኖ ዳማ ክለ ባዝ ብእዳ» ያጋእ ዣሽትዳ።
2a051b00ca	ይንፓ ሱባ፥ የሱሳ የይጋፓ ኬዚ ቅትዳ። ሌወ ጋእንትዘ ፈቲ ቃራጠ ጋችዛይ ቃራጠ ጋችዘ በስተ በትዳያ ብእ፥ «ታና ካሎ» ያጋይዳ።
2a051c0036	ኤ ኡባ ባዝ አሺ ደንዲ ኤዛ ካልዳ።
2a051d008f	የ ሌዊዘ ፋ ካራ ዳማ ድግሳ ጊግዝዳ። ጋማ ጊራ ጋችዙንꬅን መለ አሱንꬅ ካꬃ ማአደስ በትዳ።
2a051e00c9	ፋርሳዉንꬅን ህገ አስታማሩንꬅ፥ «ጊራ ጋችዙንꬃራን ናጋራንቹንꬃራ አኮስ መኤ ኡዠ?» ያጋእ የሱሳ ታማሩንꬃላ አፋ ዙዝንግዳ።
2a051f0062	የሱሳ ኡንታጎ፥ «Ꮉርግንትዙንꬅስ ፋትን ፋጻስ አክመ ኮሾስ።
2a05200089	ታኒ ናጋራንቹንꬃና ማሮትꬃጎ ማሆደስ ፋትን ጌሹንꬃና ጼጎደስ ይእካያ» ያጋእ ማህዳ።
2a052100ed	ኡን የሱሳጎ፥ «ዋሐንሳ ታማሩንꬅ ጋማ ዎደ ጾማነ፥ ዎሳነ፤ ማህ ፋርሳዉንꬅ ታማሩንꬅን ይኒ ጋራ ዪዛነ። የዝን ኔሱንꬅ ኡባ ዎደ ሙነ ኡዣነ» ያጋይዳ።
2a0522008b	የሱሳ ኡንታጎ፥ «ሙሹራ ኡንታራ የዝን ጼግንትደ አሱንꬅ ጾሞደ ጋር ይሳደስ ዳንዳአነተ?
2a05230068	የዝን ሙሹርዘ ኡንታፓ ሻክንቶደ ዎደ የኦዳ፥ የ ዎደ ኡን ጾሞዳ።»
2a052400da	ማህ ያጋእ አዝዘ ኦህዳ፤ «ክለ ማኦፓ ፌꬊ ጋልአ ማኦላ አፋ ስክዘ ኦደን ባያ። ይኒ ፋና የይዝኮ ክለ ማእዛ ፌꬋነ፥ ክልዘ ጋልእዘስ ጊጎስ።
2a052500e8	ማልአንቶ ዎይነ ጭማ ስልጰ ጉጅዘ ኦደን ባያ። ይኖ የይዝኮ፥ ማልአንቶ ዎይንዘ ጭማ ስልጵዛ ꬉሳነ፤ ዎይንታን ላንታነ ስልጵዘን ማዶሰ ባዝ ማቃነ።
2a0526005b	ይኒ ግሾ፥ ማልአንቶ ዎይነ ክለ ስልጰ ጉጁንቶደስ ቤዛነ።
2a05270094	ይኬ፥ ጫልዘ ሎኦ ጋዘ ግሾ ጫላ ዎይነ ኡዢ ማቂ ጫልካይዛ ማልአንቶ ኮይዘ ኦደን ባያ» ያጋይዳ።
2a060100a0	ፈቲ ሳምባታ ዎደ የሱሳ ዛርጋ ጋደ ግዳራ አꬋነ። የሱሳ ታማሩንꬅ ትዣ ዛርጋ ዱꬂ ፋ ኩሽተ ሽጪ ꬋአነ።
2a0602008c	የዝን ፋርሳዉንꬅ ግዳፓ ፈተ ፈተ፥ «ሳምባታ ዎደ ህገስ ቤዞሰ ባዝ አኮስ ኦቼ?» ያጋይዳ።
2a06030079	የሱሳ ኡንታጎ ማህ፥ «ዳዉተ ናይꬍደ ዎደ ፋራ የዙንꬃራ ዎላ ኦችዳኖ ናባብካ?
2a060400a5	ጾዘ ኬꬃ ገሊ አይሁደ ካህኑንꬅ ጻላላስን ጾዝስ ቤዝዘ ዳቡቶ ሙእዳ፤ ፋራ የዙንꬅስን እንግዳ» ያጋይዳ።
2a0605004c	ማህ የሱሳ፥ «አስ ናአይ ሳምባታ ላꬂ» ያጋይዳ።
2a060600a0	መለ ሳምባታ ቃማ የሱሳ አይሁደ ዎሳ ኬꬃ ገሊ ታማርስዳ። ይና በስተ ምዛቅ ኩሸ ጉንድደ ፈቲ አስ የነ።
2a06070093	ህገ አስታማሩንꬅን ፋርሳዉንꬅን ኤዛ ሞቶደስ ኦገ ኮይ ሳምባታ ዎደ ፋꬅኮ በአዳ ጋእ ካፋነ።
2a060800a9	የዝን የሱሳ ኡን ቆፍቶ ኤሪ ኩሸ ጉንድደ አꬄጎ፥ «ደንዲ አሱንꬅ ግዳ ኤቆ» ያጋይዳ። አꬃይን ደንዲ ኤቅዳ።
2a060900d0	የሱሳ፥ «አነ ታ ይንታና ፈትባዝ ኦጫነ፤ ሳምባታ ቃማ ህግተ ኦቾደስ ቤዝዛና ሎኦ ባዞነ ኢታ ባዞ? ሸምፖ አሸነ ዎይ ꬋብሰ?» ያጋይዳ።
2a060a00d7	ማህ የሱሳ ኤ ካለ ዉቲ የዘ አሱንꬃና ኡባ ዉቱꬂ ብእ አꬄጎ፥ «ነ ኩሽቶ ፍዲ ዪዞ» ያጋይዳ። አꬃይን ኤ ጋእዳን ጋራ የይዝን ኩሽዘ ፋጽዳ።
2a060b009d	የዝን ህገ አስታማሩንꬅን ፋርሳዉንꬅን ጋማ ዥልꬍዳ። የሱሳላ አፋ አኮ ኦቾ ጋእ ፋ ግዳ ዞርንትዳ።
2a060c0093	የ ዎደ ይና ቃምትፓ ፈተ ግዳ የሱሳ ዎሶደስ ደረላ አፋ ከዝዳ። ቃማ ኩሙꬅ ጾዝ ዎስተራ አቅዳ።
2a060d00a0	ዎንትስቶ ፋ ታማሩንꬃና ጼጊ ኡን ግዳፓ ታጶ ላምኡንꬃና ዶሪ፥ ኡንታና፥ «ሐዋሩንꬃና» ጋእ ሱንꬅዳ።
2a060e00a4	ኡንትን፥ ጴጥሮሳ ጋእ ሱንꬅደ ስሞና፥ ኤ እሸ እንድራሰ፥ ያይቆባ፥ ዋሐንሳ፥ ፍልጶሳ፥ ባርቶሎምዮሳ፥
2a060f006b	ማቶሳ፥ ቶማሳ፥ እልፍዮሳ ናአ ያይቆባ፥ ፋ ጋድትስ ቃናእዘ ስሞና፥
2a0610005b	ያይቆባ ናአ ይሁዳን የሱሳ አꬂ እንግደ አስቆሮቱ ይሁዳ።
2a06110115	የሱሳ ሐዋሩንꬃራ ዎላ ደርዘፓ ዎꬊ ጋናስ በሳ ኤቅዳ። ኤ ታማሩንꬃፓ ጋሙንꬅ ይና በስተ የነ ይሁዳ ሳአ ኡባፓ የሩሳላመፓ፥ ጢሮሳፓን ስዶና አባ ጋጻፓ ይእደ ጋማ አሱንꬅ የነ።
2a061200a2	ኡን ይእዳና ኤ ታማርስዘባዝ ስኦደስን ፋ Ꮉርግትፓ ፋጾደስ። ቱና አያናራ ዋይንትዘ አሱንꬅን ፋጽዳ።
2a0613006d	ዎልቃ ኤፓ ኬዚ አሱንꬃና ኡባ ፋꬅዘ ግሾ አሱንꬅ ኤዛ ቦቾደስ ኮያነ።
2a061400a4	ፋ ታማሩንꬃጎ ብእ Ꮉንጋራ ያጋይዳ፦ «Ꮉን ሶ፥ ዳሁንꬆ፥ ይን አንጅንትዱንꬃና፤ ጾዘ ካእቱሞ ይንትስ።
2a061500a1	ይን Ꮉተ ናይꬍዙንꬅ አንጅንትዱንꬃና፥ ይን ምሻዳ። ይን Ꮉተ ዬክዙንꬅ አንጅንትዱንꬃና ይን ሚጮዳ።
2a061600d4	አስ ይንታና ታ ግሾ እጽዘ ዎደ ይንታና ሻክዘ ዎደ ይንታና ኡን ቶችዘ ዎደ፥ ኢታ ሱንꬅ ኡን ይንትስ እንግዘ ዎደ ይን አንጅንትዱንꬃና።
2a061700c9	«ይኬ፥ ይን አንጅታ ሳሎ ዳማ ማቅደ ግሾ የ ዎደ ኡፋይሳራ ዶሎተ። አኮስ ጋይኮ፥ ዛጋ ኡን አዱንꬅ ናቡንꬃላ አፋ ይኒ ጋር ኦችዳ»
2a06180062	«የዝን ዱረ አሱንꬆ ይንታና ባደ፤ ይን Ꮉተ ሎኦ የስቶ ኤክዳ።
2a06190090	Ꮉተ ምዥዱንꬆ ይንታና ባደ፤ ይን ናይꬎዳ። Ꮉተ ሚጭዙንꬆ ይንታና ባደ ይን አዛኖዳ ዬኮዳ።
2a061a00b3	አስ ኡቡንꬅ ይን ሎኦትꬅቶ ጻላላ ኦህዘ ዎደ ይንታና ባደ። ኡን አዱንꬅ ዛጋ ዎርዶ ናቡንꬃላ አፋ ይኒ ጋር ኦችዳ።
2a061b009c	«የዝን ታና ስእዘ ይንትስ ታ ኦህነ፤ ይን ሞርኩንꬃና ካꬎተ፤ ይንታና እጽዙንꬅስ ሎኦ ባዝ ኦቾተ።
2a061c005c	ይንታና ባድዙንꬃና አንጆተ፥ ይንታና ቆህዙንꬅስ ዎሶተ።
2a061d008c	ፈቲ ዛላ ꬎኦክዛ ባቂኮ Ꮉንኮ ዛልዛ ቤዞ። ነ ኮትዛ ኤኮዳ ጋዘስ ነ ሻምዛያን ጉጂ እንጎ።
2a061e0063	ነና ዎስዘ ኡቡንꬅስ እንጎ፤ ኔፓ ኤክዛ ኦደን ማሆ ጋእ ኦጭፐ።
2a061f006f	አሱንꬅ ይንትስ ኦቾደ ጋር ይን ኮይዛን ፋና ይንትን አሱንꬅስ ኦቾተ።
2a062000c7	«ይን ይንታና ካዽዘ አሱንꬃና ጻላላ ካꬍኮ፥ አኮ ጋላታ ይንትስ የዘ? መለ አቶ የዝን፥ ናጋራንቹንꬅን ፋና ካዽዙንꬃና ካꬋነ።
2a062100a9	ይንትስ ሎኦ ባዝ ኦችዙንꬅስ ጻላላ ሎኦ ባዝ ኦችኮ ይንትስ አኮ ጋላታ የዘ? ናጋራንቹንꬅን ይኒ ጋራ ኦቻነ።
2a062200ab	ታልኤ ማሆደ አሱንꬅስ ጻላላ ይን ታልእኮ አኮ ዱማ ጋላታ የዘ? ናጋራንቹንꬅን ሱብ ማሆደ አስ ብእ ታልአነ።»
2a06230154	«የዝን ይን ሞርኩንꬃና ካꬎተ፤ ኡንትስ ሎኦ ባዝ ኦቾተ። ሱባ ኤኮደስ ቆፕካይዛራ ታልኦተ። ይነ ይን ኤኮደ አንጅታ ዳማ ማቃዳ። ይን ኡባፓ ካታራ የዘ ጾዘ ናኡንꬃና ማቃዳ። ኤ ፋና ጋላቶሱንꬅስን ኢቱንꬅስን ዳልጋ።
2a06240062	ይን ሳሎ አዳይ ማርዛ ማቅዳን ጋራ ይንትን ማርዙንꬃና ማቆተ።
2a062500bc	«አሳላ ፍርድፐተ፤ ይንታላ አፋ ፍርድንቶስ። ይን ቦርንታመ ፋና ኦናን ቦርፐተ። አቶ ጋኦተ፤ ጾዚ ይንትስ አቶ ጋኦዳ።
2a062600f8	እንጎተ፤ ይንትስ እንግንቶዳ። ይን ማክዳነ ይንትስ ማህ ማክንቶዳ፥ ሎኦ ማክዘ ባዝተ ባቂ፥ ኩሙꬅ፥ ላንቶደ ዎንꬅስ ይንትስ ማክንቲ እንግንቶዳ» ያጋይዳ።
2a062700b5	ማህን የሱሳ ያጋእ ኡንትስ አዝዘ ኦህዳ፤ «ቆቅዘ ቆቀ ካልꬆደስ ዳንዳአነ? ካልꬅኮ ላምኡንꬅ ዎል ኤኪ ጋጋ ቅቶሳነ?
2a0628007f	ታማረ አስታማረፓ አꬎኦስ። ዪኮን ሎይꬂ ታማርደ አꬄ ፋ አስታማርዘ ፋና ይአነ።
2a06290078	«ነ እሸ ኣፍተ የዘ ቡርዛ አኮስ በኤ? ነ ኣፍተ የዘ ቱስ ፋና የዛ አኮስ ቦኦሳ?
2a062a015c	ነ ኣፍተ የዘ ቱስ ፋና የዛ ብእካይዛራ ነ እሸጎ፥ ‹ታ እሻዮ ነ ኣፍተ የዘ ቡርዛ ኬሶ› ጋኦደስ ዋይዝ ዳንዳኤ? Ꮉይ ጩቡዛዮ፥ ቲንꬊ ነ ኣፍተ የዘ ቱስ ፋና የዛ ኬሶ። ይንፓ ሱባ፥ ነ እሸ ኣፍተ የዘ ቡርዛ ኬሶደስ ጌሽ በአዳ።
2a062b0067	«ሎኦ ምንጻ ኢታ ኣፈ አፎስ፤ ይኒ ጋራ ኢታ ምንጻ ሎኦ ኣፈ አፎስ።
2a062c00b8	ኣፈ ኣፍዘ ምንጻ ኡባና ፋ ኣፍተ ኤርንታነ። አንጋꬃፓ በለሰ ምንጻ ኣፈ ማጽንቶስ ማህ Ꮉልሞፓ ዎይነ ኣፈ ማጽንቶስ።
2a062d0100	ሎኦ አስ ፋ ዎዝንተ ኩምደ ሎኦ ባዝትፓ ሎኦ ባዝ ከሳነ። ኢታ አስ ፋ ዎዝንተ ኩምደ ኢታ ባዝትፓ ኢታ ባዝ ከሳነ። አስ ፋ ዎዝንተ ኩሚ ትርፍደ ባዛፓ ፋ ዶናራ ኦህነ።
2a062e0070	«ታ ጋዛኖ ይን ኦቾስ፥ የዛራ ዬዝን አኮስ ታና፥ ‹ላꬆ፥ ላꬆ፥ ጋኤተ?›
2a062f0071	ታጎ የእዘን ታ ቃልቶ ስእ ፎልዘ ኡቡንꬅ ኦና አዝዛኮ ታ ይንታና ቤሳዳ።
2a06300104	ኤ ኬꬂ ኬጾደስ ዝቂ ዪዚ፥ ኦላ ቦክደ፥ ኦሞራ የዘ ላላላ አፋ ኬꬂ ኤስደ ጭንጫ አꬃ አዛነ። Ꮉሮ ጎጊ የ ኬꬃ ኡርቂዳ፥ የዝን ምንꬂ ኬጽደ ግሾ ኤንእሳደስ ዳንዳእካያ።
2a063100fd	የዝን ታ ቃልቶ ስእ ኦቾሰ ፋ ኬꬅቶ ሻፈላ አፋ ባስካይዛራ ኬጽደ አꬃ አዛነ። Ꮉሮ ጎጊ የ ኬꬃ ኡርቂደ ዎደ ኤልሲ ጎልእዳ። የ ኬꬅዘ ዳማ ጎልኤ ጎልእዳ» ያጋይዳ።
2a0701007c	የሱሳ ይኖ ኡባ አሱንꬅ ቲኖ ታማርስ Ꮉስዳንፓ ሱባ፥ ቅፍርናሆመ ካታማ ቅትዳ።
2a07020082	ይና በስተ ፈቲ ሮመ ማቶ Ꮉላቃ የነ። ኤ ጋማ ካዽዘ አርዘ Ꮉርግንቲ Ꮉይቆስ የልዳ።
2a0703009e	ኤ የሱሳ ባዝ ስእደ ዎደ ፋ አርዛ ፋꬆደ ፋና ኤዛ ዎሶ ጋእ ፈቲ ፈቲ አይሁደ ጭሙንꬃና የሱሳጎ ኪትዳ።
2a07040060	ኪትንትዱንꬅ፥ የሱሳጎ Ꮉንግ፥ «ነ ኤስ Ꮉኖ ኦቾደስ ቤዛነ።
2a07050090	አኮስ ጋይኮ፥ Ꮉይ አꬃይ ኑ አሱንꬃና ካꬋነ፥ አይሁደ ዎሳ ኬꬅን ኬጽዳ» ያጋእ ምንꬂ ዎስዳ
2a070600c3	የሱሳን ኡንታራ Ꮉንግዳ። ማቶ Ꮉላቅዘ ካራጎ ኡክደ ዎደ ፋ ላጉንꬃና ኤጎ ኪቲ፥ «ላꬆ፥ ታ ኬꬃ ነ ገሎደስ ቤዞሰ ግሾ ላቢፐ።
2a0707008e	ታንን ታና ነ ቲንተ ሺቆደስ ቤዘ አስ ጋእ ቆፖስ። የዝን ነ ፈቲ ቃላ ኦሆ፤ ታ አርዘ ፋጾዳ።
2a07080117	ታስ ታፓ ካታራ Ꮉላቃ የነ፥ ታፓ ዬካራ ታ ኪትዘ ዎታዳሩንꬅ የነ። ፈታ፥ ‹ቅቶ› ጋይኮ ቅታነ፥ Ꮉንካያ፥ ‹ዮኦ› ጋይኮ የእነ። ታ አርዘጎ፥ ‹Ꮉኖ ዪዞ› ጋይኮ ዪዛነ» ያጋይዳ።
2a07090103	የሱሳ ይኖ ስእደ ዎደ ጋማ ቆፕዳ። ሱብ ማቂ ፋና ካልዘ አሱንꬃጎ፥ «ታ ይንትስ ቱሮ ኦህነ፤ መለ አቶ የዝን እስራኤሉንꬃፓን Ꮉኒ ጋር ዳማ አማኖ ደንግካያ» ያጋይዳ።
2a070a0051	ኪትንትዱንꬅ ካራ ማቅደ ዎደ አርዘ ፋጽን ደንግዳ።
2a070b008e	ኤራꬅ ዎደፓ ሱባ የሱሳ ናይነ ካታማ ቅትዳ። ኤ ታማሩንꬃራን መለ ጋማ አሱንꬅ ኤራ ቅትዳ።
2a070c00f0	ኤ ካታማ ገሎደስ ይእዘ ዎደ አሀ ቶኪ ጋማ አስ ካታማፓ ከዛነ። Ꮉይቂደ ናአይ ፋ እንትስ ፈቶ፥ እዛን ቡዳኖ ማቂ የነ። ካታማ አሱንꬃፓ ጋሙንꬅ ኢራ የነ።
2a070d0045	ላꬂ እዞ ብእ ይቅስንቲ፥ «ዬክፐ» ያጋይዳ።
2a070e0089	ሺቂ ሻንቻፍዛ ቦችን ቶክደ አሱንꬅ ኤቅዳ። የሱሳ፥ «ናተ፥ ናአትꬃዮ ደንዶ» ያጋይዳ።
2a070f0072	Ꮉይቂዳይ ደንዲ በቲ ኦሄ አይክዳ። የሱሳ ናአያ ደንꬂ እንትስ እንግዳ።
2a07100099	አሱንꬅ ኡቡንꬅ ዣሽቲ፥ «ዳማ ናበ ኑ ግዳ ደንድዳ፤ ጾዚ ፋ አሱንꬃና ብእዳ» ያጋእ ጾዝ ጋላትዳ።
2a07110060	ኤ ሱንꬅታ ይሁዳን ይና ካራ ጋንጨ የዘ ሳእተ ኡባነ ስንትዳ።
2a07120089	ጻማቅዘ ዋሐንሳ ታማሩንꬅ ይኖ ኡባኖ ዋሐንሳስ ኦህዳ። ኤ ኡን ግዳፓ ላምኡንꬃና ጼጊ፥
2a07130073	«ዮኦዳ ጋእንትደ ነናነ? ዎይ መለ ናጎደ?» ያጋእ ኦጮተ ጋእ ላꬃጎ ኪትዳ።
2a071400be	አሱንꬅ የሱሳጎ Ꮉንግ፥ ጻማቅዘ ዋሐንሳ፥ «ዮኦዳ ጋእንትደ ነናነ? ዎይ መለ ናጎደ?» ጋኦተ ጋእ ኑና ኔጎ ኪትዳ ያጋይዳ።
2a0715009a	ይና ሳተ የሱሳ ጋማ አሱንꬃና Ꮉርገፓ ፋꬅዳ። ጋማ ቱና አያኑንꬃና ከስዳ፥ ቆቅደ ኣፈን ብእዝዳ።
2a0716018e	ዋሐንሳ ካለፓ ኪትንቲ የኤዙንꬃጎ፥ «Ꮉንግ ይን ብእዳኖን ስእዳኖን ዋሐንሳስ ኦሆተ። ኣፈ ቆቁንꬅ በአዳ፥ ቶሄ ጉንዱንꬅ ብልንቲ የꬎዳ፥ ቁርሱማራ Ꮉርግንትዙንꬂ ፋጾዳ፥ ቱሉንꬅ ስኦዳ፥ Ꮉይቂዱንꬅ Ꮉይቆፓ ደንዶዳ፥ ዳሁንꬅስ ዎንገለ ሳባክንቶዳ።
2a0717003f	ታ ግዳ ꬉቡንቶሰ ኦደን አንጅንትዳያ።»
2a071800f0	ዋሐንሳ ኪትዱንꬅ ቅትዳንፓ ሱባ የሱሳ አሱንꬅስ ዋሐንሳ ባዝ ያጋእ ኦህዳ፦ «ይን አኮ በአደስ አኮ ባይዘ ጋናሳ ከዝዶ? ባቆ ኤንእስዘ ሾምቦቆ በአደስነ?
2a071900c1	ዬዝን፥ አኮ በአደስ ከዝዶ? ቦንቾ ማኦ ማእደ አሱንꬃና በአደስነ? ቦንቾ ማኦ ማእዱንꬅን ሳአ ሎእደ አሱንꬅ ካት ኬꬃ የነ።
2a071a0096	ዬዝን፥ አኮ በአደስ ከዝዶ? ናበ በአደስነ? ዬ፥ ታ ያጋነ፦ ይን በአደስ ኬዝዳና ናበፓ ኣꬍዛያ።
2a071b008a	«‹ነ ኦግቶ ነ ቲንተ ጊግዘ ታ ኪታንችዛ ኔፓ ቲኖ ታ ኪቶዳ› ጋእንት ጻፍንትዳና ይንስ።
2a071c00cd	ታ ይንትስ ኦህነ፤ ማችፓ የልንትዱንꬅ ግዳፓ ዋሐንሳፓ አꬍዘ ባያ። ጾዘ ካእቱምተ ኡባፓ ኤርዛይ፥ ኤ ኡባፓ ዳማ ማቃዳ» ያጋይዳ።
2a071d00b7	መለ አቶ የዝን፥ ጊራ ጋችዙንꬂ ኡቡንꬅ ዋሐንሳ ኩሽተ ጻማቅንትዱንꬅ የሱሳ ቃልቶ ስእ ጾዚ ጽሎ ማቅዳኖ ቆንጭዝዳ።
2a071e0087	የዝን ፋርሳዉንꬅን ህገ አስታማሩንꬅ ዋሐንሳ ኩሽተ ጻምቅንታንጽ ጾዘ ዞርቶ ለቂዳ።
2a071f0095	የሱሳ ካሊ Ꮉንጋራ ያጋይዳ፦ «ይኬ፥ Ꮉና ዎደ የለቱንꬃና አኮራ አዝዞ? ኡንትን ኦና አዛነ የሳ?
2a072000bd	ጋበ ግዳ በቲ ዎል ጼጊ፥ ‹ኑ ይንትስ ሱሉንቀ ፉግን፥ ይን የጾስ። ኑ ናሺ ጋይርን፥ ይን ዬኮስ› ያጋዘ ናኡንꬃና አዛነ።
2a0721007d	ጻማቅዘ ዋሐንሳ ሙእካይዛራን ኡዥካይዛራ ይእን፥ ‹ኢታ አያናራ የነ ጋይዳ።›
2a072200c7	አስ ናአይ ሙእተራን ዎይነ ኡዥተራ ይእን፥ Ꮉይ አꬄ ‹ሙስ ዥምባራን ኡሽ አስ፥ ጊራ ጋቹዙንꬅስን ናጋራንቹንꬅ ዣመ› ጋይዳ።
2a0723003c	ይኬ፥ ጾዘ ጭንጫትꬅ ኦቻራ ቆንጭዳ»።
2a0724008f	ፈቲ ፋርሳውዘ የሱሳ ካꬃ ሙሳደስ ፋ ካራ ጼግዳ። ኤ ፋርሳውዘ ካራ Ꮉንግ ሌማተ ካለ በትዳ።
2a072500d7	ይና ካታምተ ፈቲ ናጋራንቾ ማቻ የዛና የሱሳ ፋርሳውዘ ካራ ሙሳላ አፋ የዛኖ ስእደ ዎደ ጋማ አልኦ አልባስጥሮሰ ብልቃጠ ሽቶ ኤኪ ይእዳ።
2a072600d1	የሱሳስ ሱባ ዛላራ፥ እዛ ቶህት ካለ ኤቂ ዬክተራ እዛ ቶህቶ ፋ አፉꬅትራ ላክꬃነ። ፋ ኦምትራ እዛ ቶህቶ ኡጭተራን ዬሪቴ ሽቶ ትዥዳ።
2a07270105	ሙእዘ ባዝቶ ጊግዝደ ፋርሳውዘ ይኖ በኤዘ ዎደ ፋ ዎዝንተ፥ «Ꮉይን ናበ የዛኮ Ꮉና ማችታ ኤዛ ቦችዛና ኦና የዛኮ ማህ እዛ ናጋራ ደኦር ማቅዳኖ ኤ ኤሮድ የሻ» ያጋይዳ።
2a07280098	የሱሳ፥ «ስሞና፥ ታ ኔስ ኦህዘ ባዝ የነ» ያጋይዳ። ኤዝን፥ «አስታማርዛዮ፥ ታስ ኦሆ» ያጋይዳ።
2a072900ae	የሱሳ ኤጎ፥ «ላምእ አሱንꬅ ፈቲ አꬄፓ ብራ ታልእዳ። ፈተ እችን ጼት ብራ Ꮉንካይ ማህ እሽንታም ብራ ታልእዳ።
2a072a00d3	ላምኡንꬅን ታልእቶ ጭጎደስ ጋምን፥ ላምኡንꬅስን ታልእቶ ማርዳ። ይኬ፥ Ꮉንꬅ ላምኡንꬃፓ የ አꬃ ጋማ ካꬎደ ኔስ አያ አዘ» ያጋይዳ።
2a072b00a0	ስሞና፥ «ጋማ ጋለ አቶ ጋእንትደ አꬄ ጋማ ካꬎዳ አዛነ» ያጋይዳ። የሱሳ፥ «ነ ቱሮ ፍርድዳ» ያጋይዳ።
2a072c011d	ይንፓ ሱባ፥ የሱሳ ማችትጎ ማቂ ብእ፥ ስሞናጎ፥ «Ꮉኖ ማችቶ በእነ? ታኒ ነ ካራ ገልን መለ አትን ነ ታስ ቶሄ Ꮉꬅ እንግካያ፥ የዝን እዛ ታ ቶህቶ ፋ አፉꬅትራ ላክꬂ ፋ ኦምትራ ኡጭዳ።
2a072d007d	ነ ታና ዬሪ ቢካያ፥ የዝን እዛ ታ ነ ካራ ገልዳንፓ አይኪ ታ ቶህቶ ዬረ አሽካያ።
2a072e005e	ነ ታ ኦምተ ዛይተ ትዥካያ፥ የዝን እዛ ታ ቶህቶ ሽቶ ትዣነ።
2a072f00a2	እዛ ታና ጋማ ካꬍደ ግሾ እ ጋማ ናጋርታ አቶ ጋእንትዳ። ኤ ኤራꬅ ናጋርታ አቶ ጋእንትደ ኤራꬅ ካꬋነ።»
2a07300055	የሱሳ ማችትጎ፥ «ነ ናጋርታ አቶ ጋእንትዳ» ያጋይዳ።
2a0731009b	ኤዛራ ዎላ ሌማተ በቲ ሙእዘ ዛቁንꬅ፥ «ናጋራ አቶ ጋይደ፥ ኤ Ꮉይኒ ኦደ?» ያጋእ ፋ ዎዝንተ ቆፕዳ።
2a07320060	የሱሳ ማችትጎ፥ «ነ አማንታ ነና አሽዳ፤ ሳሮ ቅቶ» ያጋይዳ።
2a080100b5	ይንፓ ሱባ፥ የሱሳ ጾዘ ካእቱሞ ዎንገለ ሳባክተራ ካታማራን ካራ ጋንጨራ አꬍዳ። የ ዎደ ታጶ ላምኡንꬅን ኤራ የነ።
2a080200c6	ማቂ ቱና አያናፓን ዱማ ዱማ Ꮉርገፓ ፋጽደ ፈቲ ፈቲ ማቹንꬅ ኤራ የነ። ኡንትን፥ ላፑን ቱና አያኑንꬅ ከዝደ ማግደላ ማይራሞ፥
2a08030090	ሄሮድሳ ሹምደ ኩዛ ማችቶ ዮሐና፥ ሶስናራን ማህ መለ ጋሙንꬅ ኡንታና ብራራ ማድዙንꬅ የነ።
2a08040066	ጋማ አሱንꬅ ዱማ ዱማ ካታማፓ ኤጎ ሺቅን አዝዘራ ኡንትስ ኦህዳ።
2a080500a7	«ፈቲ ዎት አቅዛይ ቡዱꬅ ቡዶደስ ከዝዳ። ኤ ቡዶደራ ፈቲ ፈቲ ቡዱꬅታ ኦገላ ዎꬊ የꬍንትዳ፥ ላንዳ ማጽዳ።
2a08060085	መሉንꬅ ላላ ኦሞራ የዘ ሳአላ አፋ ዎꬍዳ። Ꮉጋ ዶሎደራ ሳእተ ላኮ ባይዘ ግሾ ምጭዳ።
2a08070094	መለ ቡዱꬅታ ማህ አንጋꬅ ግዳ ዎꬍዳ። አንጋꬅትራ ዎላ ድጭደ ግሾ አንጋꬅታ ጩሊ በስተ አሽዳ።
2a080800d6	መሉንꬅ ሎኦ ሳአላ አፋ ዎꬍዳ። ዶልደ ዎደ ጼት ኩሸ ኣፍዳ።» ይኖ ኦህ Ꮉሲ፥ ፋ ቃልቶ ꬎቅ ዪዚ፥ «ስእዘ Ꮉየ የዘ ኡቡንꬅ ስኦ» ያጋይዳ።
2a0809005a	ኤ ታማሩንꬅ፥ «Ꮉና አዝዝትስ ብልꬅታ አኮ?» ያጋእ ኦጭዳ
2a080a00cb	ኤ፥ «ጾዘ ካእቱሞ ጋꬅ ቆፋ ኤሮደ ፋና ይንትስ እንግንትዳ። የዝን መሉንꬅ ብእተ ደንጋመ ጋር፥ ስእተ ቲራመ ጋር አዝዘራ ኦህነ።
2a080b0064	«ይኬ፥ Ꮉና አዝዝትስ ብልꬅታ Ꮉኖ፦ ቡዱꬅ ጋእንትደ ጾዘ ቃላ።
2a080c00b2	ኦገላ ዎꬍደ ቡዱꬅታ ቃላ ስእዙንꬃና። ማቆ የዝን፥ ኡን አማኒ አታመ ፋና ጻላሄ ቃልቶ ኡን ዎዝንትፓ ማጺ Ꮉሳነ።
2a080d00e5	ላላ ኦሞ የዘ ሳአላ አፋ ዎꬍደ ቡዱꬅታ ቃላ ስእ ኡፋይሳራ ኤክዙንꬃና። ኡን Ꮉተስ አማናነፕ አትን ጻጶ ባይዘ ግሾ ፋታና የልደ ዎደ ኤልሲ ካዳነ።
2a080e00c0	አንጋꬅ ግዳ ቡዱንተዙንꬅ ቃላ ስእዙንꬃና። ኡንትን አላመ ቆፋራ፥ ዱረትꬃራ ሳአ የስ ጊጋራ ጩሉንቲ ኮሽዘ ፋና አፍካይ።
2a080f0096	ሎኦ ሳአላ ዎꬍደ ቡዱꬅታ ሎኦ ዎዝናራ ቃላ ስእ ናግዙንꬃናን ዳንዳአራ ሚንግ ኣፈ አፍዙንꬃና።
2a08100098	«ጾምፐ ጾምፒ፥ ኩርኩሮ ጉጲ ዎይ ዳꬃፓ ኦሞራ ጋድዘ ባያ። ገልዘ አስ በአደ ጋር ꬎቃ በሳ ጋዳነ።
2a08110081	«ይኒ ግሾ፥ አችንትደ ቆንጨ ከዝካይዛራ ጌንግደ ጌሻ ከዝካይዛራ አቶደ ባዝ ባያ።
2a081200e3	«ይኬ፥ ይን ቃላ ዋይዝ ስእዛኮ ቲሮተ። የዘ ኡቡንꬅስ ጉጅንት እንግንቶዳ፥ ባይዘስ መለ አቶ የዝን ኤስ የዘ ኤራꬅታን ኤፓ ኤክንቶዳ» ያጋይዳ።
2a08130095	የሱሳ እንትራን እሹንꬃራ ኤጎ ይእዳ። የዝን አስ ጋማትꬃፓ ደንዲ ኤዛ ደንጎደስ ዳንዳእካያ።
2a08140078	ፈቲ አስ የሱሳጎ፥ «ነ እንትራን ነ እሹንꬃራ ነና ኮይ ባለ ካፋነ» ያጋይዳ።
2a08150082	የሱሳ ማህ፥ «ጾዘ ቃላ ስእ ኦቻላ ፌሽዙንꬅ ኡባ ታስ እንዶን ታስ እሸን» ያጋይዳ።
2a0816009d	ፈቲ ዎደ የሱሳራን ኤ ታማሩንꬃራ ዎላ ጎንገ ገሊ፥ አባ ፊንጎዳ ያጋይዳ። ኡንትን ቅቶደስ ደንድዳ።
2a081700f8	አባላ አፋ ኡን ፊንጎደስ Ꮉማደራ የሱሳ ገንትዳ። ቲርካይዝን ምንꬂ ባቆ አባላ ደንድዳ። Ꮉꬅታ ጎንግተ ገልን ጎንግዘ ቆꬍንተ አይክደ ዎደ ኡቡንꬅ ዣሽትዳ።
2a08180112	ኤ ታማሩንꬅ ኤጎ ሺቂ፥ «ኑ ላꬃዮ፥ ኑ ላꬃዮ፥ ኑ ꬋባነ ያጋእ» የሱሳ ደንꬅዳ። የሱሳ ደንዲ ባቅቶን ዙሉንቶን ካጭዳ። ኤልሲ ባቅታን ዙሉንታን ዎፑ ጋይዳ። ሳሮትꬅን ማቅዳ።
2a081900ea	የሱሳ ፋ ታማሩንꬃጎ፥ «ይን አማንታ አነ» ያጋይዳ። ኡንትን፥ ዣሽትተራን ጋማ ቆፕተራ ፈተ ፈተጎ፥ «ባቆን Ꮉꬅን ኪትንትዘ፥ ኤ Ꮉይ ኦደ» ያጋይዳ።
2a081a004f	አባ ፊንግ ጋልላ ዛላራ የዘ ገርገሶነ ሳአ የልዳ።
2a081b00e8	የሱሳ ጎንገፓ ኬዚ ሳአ ዎꬎደራ ቱና አያናራ አይክንትደ አꬄ ካታማፓ ኬዚ ኤራ የልንትዳ። ጋማ በረ አፉላ ማአንጽ ካሎ ቦዛ የነፕ አትን ካራ ገሎስ።
2a081c00f3	የሱሳ በኤዘ ዎደ ኤ ቲንተ ቡንቁንቲ፥ ፋ ቃልቶ ꬎቅ ዪዚ፥ «ኡባፓ ካታራ የዘ ጾዘ ናአዮ የሱሳ ኔራ ታስ አኮ ፈተትꬅ የዘ? አደ ታና Ꮉተ ኡንእꬅፐ» ያጋይዳ።
2a081d0160	ይኖ ኤ ጋይዳና፥ ቱና አያንዘ አꬄፓ ኬሳደ ጋር የሱሳ ካጭደ ግሾ። ጋማ ዎደ ቱና አያና ኤዛ አይኪ ጋምእደ ግሾ ሳንꬃላታራን ቶሄ አጭዘ መቆራ አጭንቲ ናግንታነ። የዝን አችቶ ዱꬂ ቱና አያናራ እዥንት አኮ ባይዘ ጋናሳ ገልዳ።
2a081e00a7	የሱሳ፥ «ነ ሱንꬅታ ኦደ» ያጋእ ኦጭዳ። ኤ፥ ጋማ ቱና አያኑንꬅ ኤዛ አይክደ ግሾ ፋና፥ «ሌግዮና» ጋይዳ።
2a081f0045	ቱና አያኑንꬅ ፋና ስኦለ ኪታመ ፋና ዎስዳ።
2a082000b3	ይና በስተ ዞዘላ አፋ ሙእዘ ጉዳይለ ዉደ Ꮉንታነ። ሰኮ ጉዳይሉንꬅ ግዳ ገሎነ ጋእ ዎስዳ፥ ኤዝን «ገሎተ» ጋይዳ።
2a082100a1	ቱና አያኑንꬅ አꬄፓ ኬዚ ጉዳይሉንꬅ ግዳ ገልዳ። ዉድታ ደርትፓ ሱለ ጉርጉጺ አባ ጌና ግዳ ቆꬍንትዳ።
2a08220079	የንግዙንꬅ Ꮉንዳኖ በኤዘ ዎደ ዎጺ Ꮉንግ፥ ካታማራን ካራ ጋንጨ ኡባ ኦህዳ።
2a082300d7	አሱንꬅ Ꮉንዳኖ በአደስ ኬዚ የሱሳጎ ይእዳ። ቱና አያና ከዝደ አꬄ ማኦ ማእ፥ ኤ ዎዝንታ ማቅን፥ የሱሳ ቶሄ ካለ በተዝን ደንግ ዣሽትዳ።
2a0824006f	ኤዛ በኤዘ አሱንꬅ ቱና አያናራ አይክንትደ አꬄ ዋይዝ ፋጸዛኮ ኦህዳ።
2a082500b8	ገርገሶነ ካንቶ ዉቲ የዘ አሱንꬅ ዳማ ዣሽሞ ዣሽቲ የሱሳ ፋ ካለፓ ቅቶደ ጋር ዎስዳ። ኤ ጎንግዘ ግዳ ገሊ ሱብ ማቅዳ።
2a08260048	ቱና አያና ከዝደ አꬄ የሱሳራ የሳደስ ዎስዳ።
2a08270103	የዝን የሱሳ ኤጎ፥ «ነ ካራ ማቆ፥ ጾዚ አኮ ጋር ዳማ ባዝ ኔስ ኦቼዛኮ ኦሆ» ያጋእ ሞይዝዳ። አꬃይን የሱሳ አኮ ጋር ዳማ ባዝ ኤስ ኦቼዛኮ ካታማ ኡባ ማርክꬍተ ቅትዳ።
2a08280056	አሱንꬅ ናጊ ጋምእደ ግሾ የሱሳ ማቅደ ዎደ ሞኪ ኤክዳ።
2a08290097	አይሁደ ዎሳ ኬꬃ Ꮉላቃ ማቅደ እያሮሳ ጋዘ አꬄ ፋ ካራ የኦደ ፋና የሱሳ ቶህትላ አፋ ዎꬊ ዎስዳ።
2a082a00ba	ኤስ ታጶ ላምእ በረ ማቅደ ፈቲ ማች ናአ የዛና Ꮉርግንቲ Ꮉይቆስ የሊ የነ። የሱሳ Ꮉንግዘ ዎደ አሱንꬅ ኤዛ ኡንእꬅዳ።
2a082b00c6	ታጶ ላምእ በረ ሱꬂ ኤቃንጽ ጎግተራ ጋምእደ ማቻ የነ። እዛ ፋስ የዘ ሚሽቶ አክመስ እንግ Ꮉስዳ። የዝን ፋጾደስ ዳንዳእካያ።
2a082c007e	እዛ የሱሳስ ሱብ ዛላራ ሺቂ፥ ኤ አፉላ ማጫርቶ ቦችዳ፥ ኢራ ጎግዘ ሱꬅታ ኤቅዳ።
2a082d0121	የሱሳ፥ «ታና ቦችደ ኦደ?» ያጋይዳ። ኡቡንꬅ «ኑ ቦችካያ» ያጋእን፥ ጴጥሮሳ፥ «አስታማርዛዮ፥ ጋማ አሱንꬅ ካልዛኖን ኡንእꬅዛኖ ብእተራ ዋይዝ፥ [‹ታና ቦቼዘ ኦደ?› ጋኤ»] ያጋይዳ።
2a082e0098	የዝን የሱሳ፥ «ፈቲ አስ ታና ቦችዳ፤ አኮስ ጋይኮ፥ ዎልቃ ታፓ ኬዝዳና ታስ ኤርንትዳ» ያጋይዳ።
2a082f00dd	ማችታ፥ እ ባዝ ቆንጭዳኖ ኤርደ ዎደ ጎቅተራ ይእ የሱሳ ቶህትላ አፋ ጎልእዳ። አኮስ ቦቼዛኮን ዋይዝ ኤልሲ ፋጸዛኮ አስ ኡባ ቲኖ ማርክꬍዳ።
2a08300061	ኤ፥ «ታ ናእተ፥ ነ አማንታ ነና ፋꬅዳ፤ ሳሮራ ቅቶ» ያጋይዳ።
2a083100ed	የሱሳ Ꮉጋ ኦህ Ꮉስካይዝን፥ አይሁደ ዎሳ ኬꬃ Ꮉላቃ፥ እያሮሳ ካራፓ ፈቲ አስ ይእ፥ «እያሮሳ፥ ነ ናእታ Ꮉይቂዳ፤ አስታማርዛ Ꮉሪ ላቢዝፐ» ያጋይዳ።
2a0832007b	የዝን የሱሳ ይኖ ስእ እያሮሳጎ፥ «ዣሽትፐ! አማኖ፥ ነ ናእታ ፋጾዳ» ያጋይዳ።
2a083300ba	የሱሳ እያሮሳ ካራ የልደ ዎደ ጴጥሮሳፓ፥ ዋሐንሳፓ፥ ያይቆባፓ፥ ናቲ አደፓን እንትፓ አትን መለ ገሎደ ጋር ኮይካያ።
2a083400bb	ይና በስተ የዘ አሱንꬅ ኡቡንꬅ ናትስ ይቅስንቲ ዬኮደር፥ የሱሳ፥ «ዬክፐተ! ናታ ገንትዳፕ አትን Ꮉይቂካያ» ያጋይዳ።
2a08350056	አሱንꬅ ናታ Ꮉይቂዳኖ ኤርደ ግሾ ኤ ኦህቶ ለቂ ሚጭዳ።
2a08360059	የዝን የሱሳ ናቲ ኩሽቶ አይኪ፥ «ናእተ ደንዶ» ያጋይዳ።
2a0837008d	ናእትስ ሸምፕታ ይእን ደንዲ ኤቅዳ። የሱሳ ኡንታጎ፥ «ኢስ ሙእዘ ባዝ እንጎተ» ያጋይዳ።
2a08380080	ናቲ አደራን እንትራ ጋማ ቆፕዳ። የዝን የሱሳ Ꮉኖ፥ «ኦደስን ኦህፐተ» ያጋይዳ።
2a090100b9	የሱሳ ታጶ ላምእ ሐዋሩንꬃና ፋጎ ጼጊ፥ ቱና አያና ከሶደ ጋራን Ꮉርገ ኡባ ፋꬆደ ጋር ዎልቃን አደትꬅ ዎልቃ እንግዳ።
2a0902006b	ጾዘ ካእቱሞ ባዝ ማርክꬋደ ፋና Ꮉርግንትዙንꬃና ፋꬆደ ፋና ኪትዳ።
2a090300b2	ኤ ኡንታጎ፥ «ጉፈ ማቅን ስልጰ ማቅን ካꬃ ማቅን ብራ ማቅን ላምእ ማእዘ አፉላ ማቅን ኦገስ ጋእ አኮን አይክፐተ።
2a09040069	ይና ካታምትፓ ይን ኬሳደ ዎንꬅስ ዛቆትꬅ ይን ገልደ በሳ ጋምኦተ።
2a090500be	ኦደን ይንታና ሞካንጽ እጽኮ ይና ካታምትፓ ከዝተራ ኡንትስ ኤርስዘ ማርካ ማቃደ ፋና ይን ቶህተ የዘ ጹርቶ ፍጺ ከዞተ።»
2a09060099	ኡንትን ኪትንትዳን ፋና ኬዚ ዎንገለ ኦህተራ ዱማ ዱማ ካራ ጋንጨ Ꮉርጋንቹንꬃና ፋꬅተራ አꬍዳ።
2a090700f1	ጋልላ ሳአ አህዘ ሄሮድሳ የሱሳራ ኦችንትደባዝቶ ሙሎ ስኤዘ ዎደ ይርግዳ። አኮስ ጋይኮ፥ ፈቲ ፈቲ አሱንꬅ ዋሐንሳ Ꮉይቆፓ ደንድካይዛራ አታማ ያጋይዳ።
2a090800a7	ባጉንꬅ፥ «ኤልያሳ በንትዳ» ጋነ፤ መሉንꬅ ማህ፥ «ዛጋ ናቡንꬃፓ ፈተ Ꮉይቆፓ ደንድዳ» ያጋእ ኦህንታነ።
2a090900e2	የዝን ሄሮድሳ፥ «ዋሐንሳ አፉርቶ ታ ጋችዚ ዎꬍዳ። ዬዝን፥ Ꮉንጋራ ያጋእንት ኤ ባዝ ኦህንትዘ፥ ኤ ኦደ?» ያጋእ የሱሳ ፋ ኣፍተ በአደስ ኮያነ።
2a090a00b9	ታጶ ላምእ ሐዋሩንꬅ ሱባ ማቂ ይእ፥ ኡን ኦችዳኖ ሙሎ የሱሳስ ኦህዳ። ኤ ኡንታና ኤኪ ቤተሳይዳ ካታማፓ ጋጻ ካንግዳ።
2a090b00c9	የዝን ጋማ አሱንꬅ የሱሳ ማቅዛኖ ኤሪ ኤዛ ካልዳ። ኤ ኡንታና ሞኪ ኤኪ ጾዘ ካእቱሞ ባዝ ታማርስዳ፤ ፋጾደስ ኮይዙንꬃና ፋꬅዳ።
2a090c0120	ሳአ ኡጉርደ ዎደ ታጶ ላምእ ሐዋሩንꬅ ኤጎ ሺቂ፥ «ኑ የዘ አኮ ባይዘ ሳአ ማቅደ ግሾ አሱንꬅ ዱማ ዱማ ካራ ጋንጨን ካታማን ቅቲ፥ ካꬃን አቅዘ በሲ ኮዮደ ፋና አሱንꬃና ሞይዞ» ያጋይዳ።
2a090d0114	የዝን ኤ፥ «ኡንትስ ሙእዘ ባዝ ይን እንጎተ» ያጋይዳ። ኡን፥ «ኑስ የዘ እችን ቦራን ላምእ ሞሎን ማቅደ ግሾ Ꮉንꬅ አሱንꬅስ ማቅዘ ካꬃ ኑኒ Ꮉንግ ዎንጋንጽኮ ማቆስ» ያጋይዳ።
2a090e00cb	ይና በስተ እችን ሙኩል ማቃደ ꬊራꬁንꬂ የነ። የሱሳ ፋ ታማሩንꬃጎ፥ «እችንታም እችንታም ሻኪ ሻኪ አሱንꬃና በትꬆተ» ያጋይዳ።
2a090f004e	ኤ ታማሩንꬅ፥ ኤ ኪትዳን ፋና አሱንꬃና በትꬅዳ።
2a091000b6	ኤ እችን ቦርቶን ላምእ ሞልቶ ኤኪ፥ ሳሎ ብእ፥ ጾዝ ጋላቲ፥ ባጽ አሱንꬃና ሙሎ የልꬆደ ፋና ፋ ታማሩንꬅስ እንግዳ።
2a09110069	ኡቡንꬅ ሙእ ምዥዳ። ኡንታፓ አትደ ታጶ ላምእ ሌማተ ኩሙꬅ ማቅዳ።
2a0912009f	ፈቲ ዎደ የሱሳ ፋ ጻላላ ዎሶደራ፥ ኤ ታማሩንꬅ ኤጎ ይእዳ። ኤ፥ «አሱንꬅ ታና ኦና ጋኤ?» ጋእ ኦጭዳ።
2a091300cb	ኡን ማህ «ፈተ ፈተ፥ ‹ጻማቅዘ ዋሐንሳ፥ ባጉንꬅ ኤልያሳ፥ መሉንꬅ ማህ፥ ዛጋ ናቡንꬃፓ ፈተ Ꮉይቆፓ ደንድዳ› ያጋነ» ያጋይዳ።
2a091400a3	ኤ ማህ፥ «ዬዝን ይን ታና ኦና ጋኤ» ያጋይዳ። ጴጥሮሳ፥ «ኔኒ ጾዛፓ ዶርንትደ ክርስቶሳ» ያጋእ ማህዳ።
2a09150048	የሱሳ Ꮉኖ ኦደስን ኦህፐተ ጋእ ምንꬂ ኦህዳ።
2a0916012a	ማህን የሱሳ፥ «አስ ናአይ ጋማ ማꬋ ኤኮዳ። ጋደ ጭሙንꬅስ፥ ካህኑንꬅ Ꮉላቁንꬅስን፥ ህገ አስታማሩንꬅ ካለ እጽንቶዳ። ኡን ኤዛ ዎꬎዳ፥ የዝን ኤ Ꮉይꬓንꬆ ቃማ Ꮉይቆፓ ደንዶዳ» ያጋይዳ።
2a091700a8	የሱሳ አሱንꬅ ኡቡንꬃጎ፥ «ታና ካሎደስ ኮይዘ ኦደን የዝኮ ፋና ካዶ፥ ፋ ማስቃልቶ ኡባ ቃማ ቶኪ ታና ካሎ።
2a09180099	ፋ ሸምፕቶ አሾደስ ኮይዘ ኡቡንꬅ እዞ ꬋብሳነ፥ ፋ ሸምፕቶ ታ ግሾ ጋእ ꬋብስዘ ኦደን እዞ አሻነ።
2a09190096	አስ አላመ ሙሎባዝ ደንግዛ፥ ማቅኮን ፋ ሸምፕቶ ꬋብስዘባዝ ዎይ ቆህዘ ባዝ ማቅኮ ኤዛ አኮ ማደ?
2a091a00ce	ኦደን ታ ግዳን ታ ቃልተን ዬልꬍኮ አስ ናአይ ፋ ቦንቾራ ይኒ ጋራ አዳይ ቦንቾራን ጌሽ ኪታንቹንꬅ ቦንቾራ የእዘ ዎደ እዘ ዬልꬎዳ።
2a091b009f	ታ ይንትስ ቱሮ ኦህነ፤ Ꮉነ ኤቅዱንꬅ ግዳፓ ጾዘ ካእቱሞ ብእካይዛራ Ꮉይቆሰ አሱንꬅ የነ» ያጋይዳ።
2a091c00ae	የሱሳ ይና ኦህቶ ኦህን፥ ኦስፉን ቃማፓ ሱባ ጴጥሮሳ፥ ያይቆባን ዋሐንሳን ፋራ ኤኪ ዎሶደስ ደረላ አፋ ከዝዳ።
2a091d0071	ኤ ዎሳላ አፋ የዝን ኤ ስንታ ላምንትዳ፤ አፉልታን አዋ ፋና ፎእ ቦጽዳ።
2a091e005d	ላምእ አሱንꬅ፥ ኡንትን ሙሴራን ኤልያሳራ ቦንቾራ በንቲ፥
2a091f008c	የሩሳላመ ፎልንቶደስ የዘ ባዝ፥ ይናን፥ ኤ Ꮉና አላምትፓ ሻክንቶደ ባዝ ኤራ ኦህንታነ።
2a092000ae	ጴጥሮሳን ኤራ የዙንꬅ ገንቲ አትን፥ ኡን ገንቶፓ ደንድዘ ዎደ ኤ ቦንችቶን ኤራ ኤቅደ ላምእ አሱንꬃና ብእዳ።
2a09210140	አሱንꬅ የሱሳፓ ሻክንት ቅቶደስ ይአደራ፥ ጴጥሮሳ የሱሳጎ፥ «ላꬆ፥ Ꮉነ የዛና ኑስ አኮ ጋር ሎኦ! ፈታ ኔስ፥ ፈታ ሙሴስ፥ ፈታ ኤልያሳስ ማህ Ꮉይꬕ ጋባ ጋቦዳ» ጋይዳ። የዝን ኤ ፋስ አኮ ጋኤዛኮን ኤሮስ።
2a09220086	ኤ ያጋእ ኦህንቶደራ ꬎነ ይእ ኡንታና ጎዝዳ። ታማሩንꬅ ꬎንቲ ግዳ ገልተራ ዣሽትዳ።
2a09230068	ꬎነ ግዳፓ፥ «ታ ዶርደ ናአይ Ꮉያ ኤዛ ስኦተ» ያጋዘ ኦꬂ ስንትዳ።
2a092400c3	የ ኦꬅዘ ስንትዳንፓ ሱባ የሱሳ ፋስ የዝተ በንትዳ። የ ዎደ ኡን ብእዳኖ ኦደስን ኦህካይዛራ፥ ፋ ዎዝንተ አይኪ ስእ ጋይዳ።
2a09250069	ዎንትስቶ ኡን ደርዘፓ ዎꬍዘ ዎደ ጋማ አሱንꬅ ይእ ኤራ የልንትዳ።
2a09260076	የ ዎደ አሱንꬅ ግዳፓ ፈቲ አስ፥ «አስታማርዛዮ፥ ታ ፈቲ ናአያ ይእ ቦኦያ።
2a0927009c	ቱና አያና ቆፕካይዝን አይኪ ዉይስዛነ፤ ጎፑንቶ ጮሽ ጉዱꬃነ፥ አሽቶ ቆህ ኡንእꬅ ኬሳደስ ኮዮስ።
2a0928006e	ነ ታማሩንꬅ ከሶደ ጋር ዎስዳ፥ የዝን ኡን ዳንዳእካያ» ያጋእ ዎስዳ።
2a092900d1	የሱሳ፥ «አማኖ ባይዘ ዎቦ የለቱንꬆ፥ አይደ የሎደስ ታ ይንታራ የሳደ፥ ይንታና ዳንዳኦደ? ነ ናአያ Ꮉንግ Ꮉንካ ኤኪ ዮኦ» ያጋይዳ።
2a092a00de	ናአያ ኤኪ የእዘ ዎደ ቱና አያንዘ ሳአ ኦሊ ጉዲ ጎቅዝዳ። የዝን የሱሳ ቱና አያንዛ ካጪ ናአይፓ ኬስን ፋꬅዳ። ናአያን ናአይ አደስ እንግዳ።
2a092b00a9	አሱንꬅ ኡቡንꬅ ጾዘ ዳማ ዎልቅቶ ብእ ጋማ ቆፕዳ። ኡን ኤ ኦችደ ባዝተ ጋማ ቆፖደራ፥ የሱሳ ፋ ታማሩንꬃጎ፥
2a092c0097	«Ꮉኖ ታ ይንትስ ኦህዛኖ ሎይꬂ ስኦተ፤ አስ ናአይ አይሁዱንꬅ ኩሽተ አꬊ እንግንቶዳ» ያጋይዳ።
2a092d008a	የዝን ኤ ጋይዳና ኡንትስ ገልካይዘ ግሾ ኡን ቲሪካያ። ይኒ ግሾ፥ ማህ ኦጮደስ ዣሽትዳ።
2a092e0062	የሱሳ ታማሩንꬅ፥ «ኑ ግዳ ዳማ ማቃደ ኦደ?» ጋእ ላለ አይክዳ።
2a092f004e	የሱሳ ኡን ዎዝና ቆፍቶ ኤሪ ዦጋ ናአ ፋ ካለ ኤስ፥
2a093000d2	«Ꮉይ ዦጋ ናአያ ታ ሱንꬅተ ኤክዘ ኦደን ታና ኤካነ፥ ታና ኤክዘ ታና ኪተዛያ ኤካነ፥ ይን ኡቡንꬃፓ ኤርዛይ፥ ኤ ዳማ ማቃዳ» ያጋይዳ።
2a09310097	ዋሐንሳ፥ «ላꬆ፥ ፈቲ አስ ነ ሱንꬅተ ቱና አያና ኬሶደራ ብእ ኤ ኑራ ማቆሰ ግሾ ካይዳ» ያጋይዳ።
2a0932007b	የሱሳ ማህ፥ «ይንታና እጾሰ፥ ኤ ይን ባጋ። ይኒ ግሾ፥ ኤዛ ካይፐተ» ያጋይዳ።
2a09330073	የሱሳ ሳሎ ቅትዘ ዎደ ኡክደ ግሾ የሩሳላመ ቅቶደስ ቆፍቶ ምንꬂ ደንድዳ።
2a09340089	ሳማራ ሳአ የዘ ፈቲ ካራ ጋንጨ Ꮉንግተራ፥ ኡባ ባዝ ኤስ ጊግሳደ ፋና አስ የይጋ ኪትዳ።
2a09350077	የዝን ኤ Ꮉንግዛና የሩሳላመ ማቅዳኖ ኡን ኤርዘ ግሾ ኡን ኤዛ ሞኪ ኤክካያ።
2a093600ba	የሱሳ ታማሩንꬅ ያይቆባራን ዋሐንሳራን ይኖ ብእ፥ «ላꬆ፥ ሳሎፓ ታማ ዎꬊ ኡንታና ሞኦ ጋዉደ ፋና ነ ኮያነ?» ያጋይዳ።
2a093700da	የዝን የሱሳ ሱባ ማቂ ኡንታና ካጪ፥ [ይን ግዳ አኮ አያና የዛኮ ይን ኤሮስ። አስ ናአይ አስ አሾደስ ይእዳፕ አትን ꬋብሶደስ ባያ] ያጋይዳ።
2a0938003b	የይጋፓ ደንዲ መለ ካራ ጋንጨ ቅትዳ።
2a0939006f	ኡን ኦገራ Ꮉማደራ፥ ፈቲ አስ፥ «ነ ቅትዘ በሳ ኡባ ታ ካሎዳ» ያጋይዳ።
2a093a00a3	የሱሳ ማህ፥ «ዎርካናስ ዶቺ፥ ላንዳስ ኬꬂ የነ፥ የዝን አስ ናአይ ፋ ኦምቶ ሸምፕዘ በሲ ባያ» ያጋይዳ።
2a093b0090	Ꮉንካያን፥ «ነ ታና ካሎ» ያጋይዳ። የዝን አꬄ፥ «ላꬆ፥ ቲኒ ታ አዳያ ሞጊ የኦዳ» ያጋይዳ።
2a093c00b2	የዝን የሱሳ፥ «Ꮉይቆ የዙንꬅ Ꮉይቂዱንꬃና ሞጎደ ፋና ኡንትስ አሺ አሾ፤ ነ Ꮉንግ ጾዘ ካእቱሞ ሳባኮ» ያጋይዳ።
2a093d008d	ማህ መለ አስ፥ «ላꬆ፥ ታ ነና ካሎዳ፥ የዝን ቲኒ ታ ካራ አሱንꬃና ሳሮꬅ የኦዳ» ያጋይዳ።
2a093e0074	የሱሳ ማህ፥ «ኮፀ አይኪ ሱብ በእዘ ኦደን ጾዘ ካእቱሞስ ቤዞስ» ያጋይዳ።
2a0a0100dc	ይንፓ ሱባ፥ ላꬂ መለ ላፑን ታም ላምእ አሱንꬃና ዶርዳ። ኤ Ꮉማደስ ቆፕደ ካታምተን ካራ ጋንጨ ኡባ ቲኒ Ꮉማደ ጋራ ላምእ ላምእ ማህ ኪትዳ።
2a0a0200b7	የሱሳ ኡንታጎ፥ «ይኬ ሺቆደ ካꬃ ጋማ የዝን ኦችዙንꬅ ኤራꬅ። ማቅደ ግሾ፥ ካꬃ ላꬃይ ኦችዙንꬃና ኪቶደ ፋና ዎሶተ።
2a0a03005f	ይኬ፥ ቅቶተ፥ ዱሩንꬅ ፋና ሱꬉሙንꬅ ግዳ ይንታና ታ ዳኮዳ።
2a0a040089	ይን ቅትዘ ኦግትስ፥ ብራ ማቅኮን ካርጥተ ጫማ አይክፐተ። ኦገላ አፋ ኦደን ሳሮꬅፐተ።
2a0a050060	ይን ገልዘ ኬꬃ ኡባ ቲኒ፥ ‹ሳሮ Ꮉና ኬꬅትስ ማቀ› ያጋኦተ።
2a0a06009c	ሳሮ ካዽዘ አስ ይና በስተ የዝኮ፥ ይን ሳርታ እዘ ሸምፖዳ፤ ኮዮስ ጋይኮ ይን ሳርታ ይንትስ ማቃዳ።
2a0a0700c6	ኦችዘስ ዳሞዘ ቤዘ ግሾ ይን ገልደ ኬꬅተ ይንትስ ሺሽደባዝ ኡባ ሙእተራን ኡዥተራ እዘ ጋምኦተ። ፈተ ካራፓ ፈተ ካራ ዉትፐተ።
2a0a080080	አኮ ካታማን ይን ገልዘ ዎደ አሱንꬅ ይንታና ሞኪ፥ ይንትስ ሺሽደባዝ ኡባ ሞኦተ።
2a0a09008e	ይና ካታምተ የዘ Ꮉርግንትዙንꬃና ፋꬅተራ፥ ‹ጾዘ ካእቱሞ ይንታጎ ኡክዳ› ያጋእ ኦሆተ።
2a0a0a0085	የዝን ፈቲ ካታማ ገልዘ ዎደ አሱንꬅ ይንታና ሞካንጽ እጽኮ ቡጫላ ኬዚ Ꮉንጋራ ጋኦተ:
2a0a0b008a	‹ኑ ቶህትላ የዘ ይን ካታምት ጹርቶ ፍጻነ፥ የዝን ጾዘ ካእቱሞ ይንታጎ ኡክዳኖ ኤሮተ›
2a0a0c0093	ጾዘ ፍርዳ ቃማ Ꮉና ካታምትፓ ሶዶመ ካታማስ ፍርዳ ኤራꬅ ማቃዳኖ ታ ይንትስ ኦህነ» ያጋይዳ።
2a0a0d0139	ካሊ፥ የሱሳ፥ «ባደ ክኦራዚነ፥ ባደ ቤተሳይዳ፥ ባደ፥ ይን ግዳ ኦችንትደ ክለ ባዝታ ጢሮሳ ግዳን ስዶናን ኦችንተዛኮ እዘ የዘ አሱንꬅ አዛኖ አፉላ ማእ፥ ቡዶላ አፋ በቲ ዛጋ ማሮትꬅ ገሊ አቶድ የሻ።
2a0a0e0062	ይኒ ግሾ፥ ይንታፓ አꬊ ጢሮሳስን ስዶናስ ጾዘ ፍርድታ ኤሮዳ።
2a0a0f008d	ባደ ቅፍርናሆመ፥ ሳሎ የሎደስ ነና ꬎቅ ኦቾደስ ኮያነ? ነ ሱለ ስኦለ ኦልንቶዳ» ያጋይዳ።
2a0a1000cc	ማህን የሱሳ ፋ ታማሩንꬃጎ፥ «ይንታና ስእዘ ታና ስእነ፥ ይንታና ኤኮሳይ ታና ኤኮስ፥ ታና ኤኮሳይ ታና ኪተዛያ ኤኮስ» ያጋይዳ።
2a0a1100e5	ላፑን ታም ላምእ ታማሩንꬅ ኪትንትደ በስትፓ ጋማ ኡፋይትተራ ማቅዳ። የሱሳጎ ሺቂ፥ «ላꬆ፥ ነ ሱንꬅተ ቱና አያኑንꬅን ኑስ ኪትንትዳ» ያጋይዳ።
2a0a12005b	የሱሳ ኡንታጎ፥ «ጻላሄ ሳሎፓ ዳዳ ፋና ዎꬎደራ ታ ብእዳ።
2a0a1300b1	ይኬ፥ ሾሽን ማስማሶ የꬎደ ፋናን ሞርከ ዎልቃ ተቆደ ፋና ዎልቃ ይንትስ እንግዳ። ይንታና ቆሆደባዝ አኮን ባያ።
2a0a1400be	ማቅኮን፥ ይን ሱንꬅታ ሳሎ ማዝጋበ ጻፍንትደ ግሾ ኡፋይቶተፕ አትን ቱና አያኑንꬅ ኪትንትደ ግሾ ኡፋይትፐተ» ያጋይዳ።
2a0a150114	የ ዎደ የሱሳ ጌሽ አያናራ ኡፋይት፥ «ሳሎ ሳአ ላꬆ፥ Ꮉኖ ጭንጩንꬃፓን ኤሩንꬃፓ አቺ ታማርካይዙንꬅስ ቆንጭዝደ ግሾ ጋላትንቶ። ዬ ታ አዳዮ፥ ይኖ ነ ኦቾደስ ሎኦ ቆፋ ማቅዳ።
2a0a1600ec	«ኡባ ባዝታ ታ አደፓ ታስ እንግንትዳ። ናአይ ኦደ የዛኮ ሎይꬂ አደፓ አትን መለ ዎይ ናአይ ቆንጭሳደስ ኮይዘፓ መለ ኦደን አዳያ ኤርዘ ባያ» ያጋይዳ።
2a0a170079	ካሊ፥ የሱሳ ዱማ ፋ ታማሩንꬃጎ፥ «ይን በእዛኖ በእዙንꬅ አንጅንትዱንꬃና።
2a0a1800b4	ቱሮ ጋማ ናቡንꬅን ካቱንꬅ ይን በእዛኖን ስእዛኖ በአደስን ስኦደስ አሙꬍዳ፥ የዝን ብእካያ፥ ስእካያ» ያጋይዳ።
2a0a1900da	ይኬ፥ ፈቲ ዎደ ሙሴ ዎጋ ኤርዘ ፈቲ አꬄ ደንዲ የሱሳ ያጋእ ፋታና ኦቺ ኦጭዳ። «አስታማርዛዮ፥ መዽና ደኦ ላቶደስ ታኒ አኮ ኦቾ?» ያጋይዳ።
2a0a1a0068	የሱሳ፥ «ሙሴ ማጻፍተ ጻፍንትዳና ዋገ? ነ ዋይዝ ናባበ?» ያጋይዳ።
2a0a1b0104	አꬃይ ማህ፥ «‹ነ ላꬃ ነ ጾዛ፥ ነ ኩሙꬅ ዎዝናፓ፥ ነ ኩሙꬅ ሸምፖፓ፥ ነ ኩሙꬅ ዎልቃፓን ነ ኩሙꬅ ቆፋፓ ካꬎ። ማህ አስ ነ ዶꬅዛ ነ ኦምት ጋር ካꬎ› ያጋነ» ያጋይዳ።
2a0a1c0080	የሱሳ ኤጎ፥ «ነ ልከ ማህዳ፥ ኔንን ይኒ ጋራ ኦቾ። ነ መዽና ደኦ የሳዳ» ያጋይዳ።
2a0a1d0063	የዝን አꬄ ፋና ጽሎ ማሆደስ ኮይ፥ «ኤ ታ ዶꬅዘ ኦደ?» ያጋይዳ።
2a0a1e0126	ኤ ኦጭዳንስ የሱሳ ያጋእ ማሄ እንግዳ፥ «ፈቲ አስ የዛይ የሩሳላመ ካታማፓ ሱለ እያርኮ ካታማ ዎꬎደራ ኦገላ አፋ ፋኑንꬅ ኬዚ ጉድዳ። ኤ ማእቶ ጋሪ ኤኪ Ꮉይቆፓን ፋጻፓን ግዳ አሺ ቅትዳ።
2a0a1f0083	ሱባፓ፥ አይሁደ ካህነ ፈተ ይና ኦግትራ ፋ አ ጋእ አꬍተራ አꬃ ብእ ደሽ ጋእ አꬍዳ።
2a0a20006f	ማህ ፈቲ ሌወ የዛይ ይና በስቶ የሊተራ አꬃ ብእ መለ በሳራ አꬊ ቅትዳ።
2a0a21007b	የዝን፥ ፈቲ ሳማራ ጋደ አስ የዛይ ይና ኦግትራ ይእተራ አꬃ ብእ ኤስ ይቅስንቲ
2a0a2200dc	ኤጎ ሺቂ፥ ኤ Ꮉርግዘ በስትላ ዛይተን ዎይነን ጉጂ አጭዳ። ፋ Ꮉርዘላ በትꬂ ዛቆ አቅዘ ኬꬃ ካንግዳ። ይና በስተ ኤስ ኮሽዘ ባዝ ሙሎ ኦችዳ።
2a0a2300f7	ዎንትስቶ ላምእ ድናረ ኬሲ ዛቆ ሞክዘ ካርቲ አደስ እንግ፥ ‹ወይአ Ꮉይ አꬃ ሎይꬂ ቦኦ። ታ ኔስ እንግዳንፓ ካታራ ነ ኬስደ ባዝ ሙሎ ታ ኔስ ጭጎዳ› ያጋይዳ።
2a0a240075	«ይኬ፥ Ꮉንꬅ Ꮉይꬕ አሱንꬃፓ ፋኑንꬅ ጉድደ አꬄስ ዶꬅꬋደ ኔስ ኦና አዘ?»
2a0a25008b	አꬃይ ማህ፥ «ኤስ ይቅስንትዳያ» ጋይዳ። የሱሳ፥ «ኔንን Ꮉንግ ይኒ ጋራ ኦቾ» ያጋይዳ።
2a0a2600b0	የሱሳ ፋ ታማሩንꬃራ ኦገ Ꮉንግተራ ፈቲ ካራ ጋንጨ የልዳ። የይጋ ማርታ ጋእንትዘ ፈቲ ማችታ እዛ ፋ ካራ ሞክዳ።
2a0a27006e	ኢስን ማይራሞ ጋዘ ምሻ የነ፥ ማይራማ ቃላ ስእተ ላꬄ ቶሄ ካለ በትዳ።
2a0a280108	የዝን ማርታ ጋማ ኦቻራ ኡንእንት የሱሳጎ ሺቂ፥ «ላꬆ፥ ታ ምሽታ ኦችቶ ታ ጻላላስ አሺ በቲ አትን ታ ላቢዘ ዎደ ነ ብእተራ ስእ ጋነ? እዛ ታና ማዶደ ፋና ኦሆሶ» ያጋይዳ።
2a0a290084	የዝን ላꬂ Ꮉንጋራ ጋእ ማህዳ፥ «ማርታ፥ ማርታ፥ ኔኒ ጋማባዛር ኡንእንት ማꬍꬋነ።
2a0a2a008e	ማቅኮን፥ ኮሽዘ ፈትባዝ ጻላላ። ማይራማ ሎኦ ባዝ ዶርዳ፥ ይናን ኢፓ ኤክንቶስ» ያጋይዳ።
2a0b0100f0	ፈቲ ዎደ የሱሳ ፈቲ በሳ ዎሳነ። ዎሳ Ꮉስደ ዎደ ኤ ታማሩንꬃፓ ፈተ፥ «ላꬆ፥ ዋሐንሳ ፋ ታማሩንꬃና ዎሳ ታማርስደ ፋና ኔንን ኑና ዎሳ ታማርሶ» ያጋይዳ።
2a0b02009c	የሱሳ፥ «Ꮉንጋራ ያጋእ ዎሶተ፦ «‹ሳሎ የዘ ኑ አዳዮ ነ ጌሽ ሱንꬅታ አንጅንቶ፤ ነ ካእቱምታ ዮኦ።
2a0b03002b	ኑ Ꮉይኖ ቁምቶ ኑስ እንጎ።
2a0b0400a4	ኑና ቆህዱንꬃꬃ ኑኒ አቶ ጋዛን ፋና፥ ኑ ናጋርቶ አቶ ጋኦ፤ ፋታና ግዳ ኑና ገልꬅፐ›» ያጋዉተ ያጋይዳ።
2a0b0500dd	ካሊ፥ የሱሳ ፋ ታማሩንꬃጎ ያጋይዳ፦ «አዝዘስ ይንታፓ ፈተስ ላገ የነ። ኤ ግዲ ብላሄ ፋ ዶꬅዘ ካራ Ꮉንግ፥ ‹ዶꬆ፥ Ꮉይꬕ ሶሎ ታስ እንጎያ።
2a0b060070	ታስ ላገ ማቅደ ፈቲ አስ ኦገፓ ይእን፥ ኤስ ኣꬆደባዝ ꬋብዳ› ያጋዛኮ፥
2a0b070107	«ኤ ላግዘ ኬꬃ ግዳ የዛራ፥ ‹አደ ታና ዋይꬅፐ፥ ፉርꬅታ ጎርድንትዳ። ታ ናኡንꬅን ታራ ዳꬃላ አፋ ዎይእዳ። ይኒ ግሾ፥ ደንዲ ነ ኮይዘባዝ እማደስ ዳንዳኦስ› ያጋነነ?
2a0b0800b5	ታ ይንትስ ኦህነ፤ ላገትꬅት ግሾ ደንዲ እማደስ ኮያንጽ እጽኮን ዎሳራ ዋይꬅደ ግሾ ደንዲ ኮሽዘ ባዝ ሙሎ እንጋነ።
2a0b0900b9	«ይኒ ግሾ፥ ታኒ ይንትስ ኦህነ፤ ዎሶተ ይንትስ እንግንቶዳ፤ ኮዮተ ይን ደማዳ፤ ፉርꬃ ይእ ጼጎተ ይንትስ ቡጉንቶዳ።
2a0b0a0082	አኮስ ጋይኮ ዎስዘ ኡቡንꬅ ኤካነ፤ ኮይዘ ደንጋነ፤ ፉርꬃ ይእ ጼግዘስ ቡጉንታነ።
2a0b0b0053	«አዱንꬆ ይን ግዳፓ ናአ ሞሎ ዎስን ሾሽ እንግዘ ኦደ?
2a0b0c0035	ዎይ ጱጱለ ዎስን ማስማሶ እንጋነ?
2a0b0d00cd	ይን ኢቱንꬃና ማቂ ይን ናኡንꬅስ ሎኦ ባዝ እንገ ኤርኮ፥ ሳሎ የዘ ይን አዳይ ዎስዙንꬅስ ጌሽ አያና ዋይዝ አꬂ እንጎሶ?» ያጋይዳ።
2a0b0e00cb	ፈቲ ዎደ የሱሳ ዶና ሙምዝደ ቱና አያና ፈቲ አꬄፓ ከስዳ። ቱና አያንዘ ከዝደ ፋና ዶና ሙመ አꬄ ኦህንትዳ። አሱንꬅን ጋማ ቆፕዳ።
2a0b0f0090	የዝን ፈተ ፈተ፥ «ቱና አያና Ꮉላቃ፥ ብኤልዘቡላ ዎልቃራ ቱና አያኑንꬃና ከሳነ» ያጋይዳ።
2a0b100052	መሉንꬅ ማህ ፋታኖደስ ሳሎፓ ማላ ቤዞደ ፋና ኮይዳ።
2a0b1100b4	የዝን የሱሳ ኡን ቆፍቶ ኤሪ ኡንታጎ፥ «ዎል ግዳ ሻክንትዘ ካእቱሞ ኡባና ꬋባነ፤ ዎል ግዳ ሻክንትዘ ኬꬂ ጎልአነ።
2a0b1200bf	ጻላሄ ካእቱሞ ዎል ግዳ ሻክንትኮ ዋይዝ ሚንግ ኤቆደ? ይን ታና፥ ‹ኤ ቱና አያኑንꬃና ብኤልዘቡላ ዎልቃራ ከሳነ› ያጋነ።
2a0b1300e0	ይኬ፥ ታኒ ቱና አያና ብኤልዘቡላ ዎልቃራ ኬስዘባዝ ማቅኮ ካልዙንꬅ ኦደ ዎልቃራ ኬሶድ የሻ? ይኒ ግሾ፥ ኡን ይንታላ አፋ ፍርድዙንꬅና ማቃዳ።
2a0b14009d	የዝን ታኒ ቱና አያኑንꬃና ጾዘ ግልአራ ኬስዘባዝ ማቅኮ ይኬ ጾዘ ካእቱምታ ይንታጎ ኡክዳኖ ኤሮተ።
2a0b15006e	«ምንꬂ አስ ዳንጭንቲ ፋ ኬꬅቶ ናግዘባዝ ማቅኮ፥ ኤ ቆልታ ቦችንቶስ።
2a0b1600ca	ዪኮን፥ ኤፓ አꬊ ምንꬂ ማቅደ አስ ይእ፥ ኤዛ ዎልቂꬊ ጋምኮ አማንንቲ ዳንጭደ ዳንጭቶ ብልዚ፥ ኤ ቆልቶ ቦንቂ መሌ አስስ ሻካነ።
2a0b170050	«ታራ ማቅካይዛይ ታና እጻነ፤ ታራ ሺሾሳይ ላላነ።
2a0b1800ca	«ቱና አያና አሳፓ ከዝደ ዎደ ሸምፕዘ በሲ ኮይ Ꮉꬅ ባይዘ በሳራ ዉታነ። ሸምፕዘ በሲ ꬋብደ ዎደ ‹ታ ከዝደ በስተ ማቃዳ› ያጋነ።
2a0b19004c	ኤ ማቅዘ ዎደ ኬꬅታ ፍጽንቲ ሎእ የዝን ደንግዳ።
2a0b1a00ef	ይንፓ ሱባ፥ Ꮉንግ ኤፓ አꬊ ኢትደ መለ ላፑን ቱና አያኑንꬃና ኤኪ የእነ። ኤ ግዳ ገሊ የስ አይካነ። የ አꬄስ ቲኖስትፓ ሱባና አꬊ ኢታ ማቃነ» ያጋይዳ።
2a0b1b00e2	የሱሳ ይና ኦህትላ አፋ የሳደራ ፈቲ ማችታ አስ ግዳፓ ደንዲ፥ ፋ ቃልቶ ꬎቅ ዪዚ፥ «ነና ቶክደ ሳዝታን ነ ꬋንግደ ꬋንꬅታ አንጅንትዳ» ያጋይዳ።
2a0b1c006e	የዝን ኤ፥ «አንጅንትዱንꬅ ጾዘ ቃልቶ ስእ ኪትንትዙንꬃና» ያጋይዳ።
2a0b1d00ba	ጋማ አሱንꬅ ሺቅደ ዎደ የሱሳ፥ «Ꮉና የለቱንꬅ ኢታ፤ ክለ ማላ ኮያነ። የዝን ዮናሳ ማላትፕ መለ ኡንትስ እንግንቶስ።
2a0b1e007d	ዮናሳ ነነዌ አሱንꬅስ ማላ ማቅደ ፋና አስ ናአይን Ꮉና የለቱንꬅስ ማላ ማቃዳ።
2a0b1f00fd	ሳባ ካትታ ፍርዳ ዎደ Ꮉንꬅ የለቱንꬃራ ደንዲ ፍርዶዳ። አኮስ ጋይኮ፥ እዛ ሶሎሞና ጭንጫትꬅቶ ስኦደስ ሳአ ጋጻፓ ደንዲ ይእዳ። ይኬ ሶሎሞናፓ ኣꬍዛይ Ꮉነ የነ
2a0b2000fb	ነነዌ አሱንꬅ ፍርዳ ዎደ Ꮉንꬅ የለቱንꬃራ ደንዲ ኡንታላ አፋ ፍርዶዳ። አኮስ ጋይኮ ዮናሳ ስብከተር ማሮትꬅ ገልዳ። ይኬ፥ ዮናሳፓ አꬍዘ Ꮉነ የነ» ያጋይዳ።
2a0b210093	«ጾምፐ ጾምፒ አችቻ በሳ ዎይ ኦታ ግዳ ጋድዘ አስ ባያ። አስ ፎእቶ በአደ ፋና ꬎቃ በሳ ጋዳነ።
2a0b2200af	ነ ጋልትስ ፎኦ ነ ኣፍቶ። ነ ኣፍታ ሎኦ ማቅኮ፥ ነ ኩሙꬅ ጋልታ ፎአነ። ነና ኣፈ Ꮉርግኮ ነ ጋልታ ኡባና ꬉማነ።
2a0b23004d	ይኒ ግሾ፥ ነ ግዳ የዘ ፎእዘ ꬉማመ ጋር ናግንቶ።
2a0b2400ad	ይኬ፥ ነ ኩንꬅ ጋልታ ፎኦ ማቅኮ፥ ነ ጋልተን መለ ꬉማ በሲ ꬋብኮ፥ ነ ጋልታ ኩሙꬅታ ፎኦ ፋና ማቃነ» ያጋይዳ።
2a0b2500a1	የሱሳ ፋ ኦህቶ Ꮉስደ ፋና ፈቲ ፋርሳዉዘ ፋራ ካꬃ ማአደ ፋና ጼግዳ። ኤ ኤራ ፈትላ ገሊ ሙንታላ በትዳ።
2a0b260063	ፋርሳዉዘ የሱሳ ካꬃ ማአደፓ ቲኒ ኩሸ ሜጮሳኖ ብእ ጋማ ቆፕዳ።
2a0b2700bb	ላꬂ ኤጎ፥ «ይን ፋርሳዉንꬅ ቡርጩቆስን ሻተስን ካታ ዛልቶ ሜጫነ። የዝን ይን ጋንጭታ ኡዛትꬃራን ኢታባዛራን ኩምዳ።
2a0b28005d	ይን፥ ኤዩንꬆ፥ ካታ ዛልቶ መꬍደ ጋንጭቶ መꬍዳይ ኤዛ ባነ?
2a0b29008a	የዝን ቡርጩቆን ሻተን የዛኖ ዳሁንꬅስ እንጎተ። የ ዎደ ይንትስ ኡባ ባዝታ ጌሽ ማቃዳ።
2a0b2a012d	«ፋርሳዉንꬆ ይንታና ባደ፥ ካርꬅ ጋላፓ፥ ጻሎተፓ፥ ይኒ ፋና የዘ ባዛፓ አስራታ ከሳነ። የዝን ጽሎትꬅን ጾዝ ካꬎ ይን ግዳ ባያ። መሉንꬃና አሽካይዛራ Ꮉን ሳና ኦቾደስ ቤዛነ፥ የዝን አሽዳ።
2a0b2b008c	«ፋርሳዉንꬆ ይንታና ባደ፥ አይሁደ ዎሳ ኬꬅተ ቦንቾ ኦይዳ፥ ጋበ ግዳ ቦንቾ ሳሮ ካꬋነ።
2a0b2c0083	«በስታ ꬋብን አሱንꬅ ኤርካይዛራ ካታራ የꬍዘ ቦዛ አዙንꬆ ይንታና ባደ» ያጋይዳ።
2a0b2d0076	ህገ አስታማርዘ ማህ፥ «አስታማርዛዮ፥ ነ ይኖ ጋእተ ኑና ጫዣነ» ያጋይዳ።
2a0b2e00fb	የሱሳ፥ «ይን፥ ህገ አስታማሩንꬆ፥ ይንታና ባደ፥ አሱንꬅ ቶኮደስ ዳንዳኦሰ ዴጾ ቶፎ ቶሳነ፥ የዝን ይን ይን ኦምትስ መለ አቶ የዝን ግልአ በርꬃራን ግርሞስ።
2a0b2f0065	«ይን አዱንꬅ ዎꬍደ ናቡንꬅ ቦዝቶ ይን ጊግዘ ግሾ ይንታና ባደ።
2a0b3000a9	ይኬ፥ ይን አዱንꬅ ኦችቶ ምንꬆደስ ኡን ዎꬍደ ናቡንꬅ ቦዝቶ ይን ሎይꬅዘ ግሾ ኡን ኢታ ኦችትስ ይን ማርካ።
2a0b3100d6	ይኒ ግሾ፥ ጾዚ ፋ ጭንጫትꬅተ፥ ‹ናቡንꬃናን ሐዋሩንꬃና ታ ይንትስ ኪቶዳ፥ የዝን ይን ባጉንꬃና ዎꬎዳ፤ መሉንꬃና ባይኦዳ› ያጋይዳ።
2a0b32009f	ይኒ ግሾ፥ Ꮉና የለቱንꬅ አላመ መꬍንትዳንፓ Ꮉኖ የሎደስ ጎግደ ናቡንꬅ ኡቡንꬅ ሱꬅትስ ኦጭንቶዳ።
2a0b3300a0	አቤላፓ ደንꬂ ዣርሾ በስትስን ጾዘ ኬꬃፓ ግዳ ጎግደ ዛካርያሳ ሱꬅት ግሾ Ꮉንꬅ የለቱንꬅ ኦጭንቶዳ።
2a0b3400c3	«ህገ አስታማሩንꬆ፥ ይንታና ባደ፥ ኤራትꬅ ቁልፈ ይን ኩሸ አይክዳ፥ የዝን ይንትስን ገሎስ መሉንꬃናን ገልꬆስ» ያጋይዳ።
2a0b350092	የሱሳ የይጋፓ ቅቶደስ ከዘ ዎደ ህገ አስታማሩንꬅን ፋርሳዉንꬅ ኤራ እጽንት ኦጨራ ዋይꬃነ።
2a0b360053	ኤ ዶንትፓ ከዘ ቃልተ ኤዛ አይኮደስ ኮይ ይኖ ኦችዳ።
2a0c01011b	የ ዎደ ጋማ ሙኩላር ፋይድንትዘ አሱንꬅ ዎላል አፋ የꬍንቶደ ዎንꬅስ አስ አሳላ አፋ ሺቂ የሳደራ፥ የሱሳ ፋ ታማሩንꬃጎ፥ «ፋርሳዉንꬅ እርሽትፓ ናግንቶተ። ይናን ኡን ጩቦትꬅቶ።
2a0c020063	ቆንጭካይዛር አችንት፥ ኤርንቶሰ ገንጊ አትዘባዝ አኮን ባያ።
2a0c030091	ይኬ፥ ይን ꬉማ ኦህደባዝ ኡባ ፎኦ ስንቶዳ፥ ቆልአ ግዳ ካልካሽደ ባዝ ቆንጨ በሳ ኦህንቶዳ።
2a0c040098	«ታ ባጉንꬆ፥ ታ ኦህዛኖ ስኦተ፤ አሾ ዎꬋነ ፋትን መለ አኮን ኦቾደስ ዳንዳኦሱንꬃና ዣሽትፐተ።
2a0c0500e3	ዪኮን፥ ይን ዣሽቶደስ ቤዝዛ ታ ይንትስ ቆንጭሳዳ። ይናን ዎꬍዳንፓ ሱባ ጋናመ ኦሎደስ ዎልቃ የዘስ ኤስ ዣሽቶተ። ዬ፥ ቱሮ ጋነ፤ ኤስ ዣሽቶተ።
2a0c060093	እችን ቡቡንꬅ ፈቲ ሳንትመስ ባይዝንቶሳነ? ይኦፕ አትን ኡንታፓ ፈተን ጾዘ ቲንተ ቦትንቶስ።
2a0c07009d	መለ አቶ የዝን፥ ይን ኦማ እስንꬅታን ፋይድንቲ የነ። ይኬ፥ ዣሽትፐተ፤ ጋማ ቡቡንꬃፓ ይን አꬋነ።
2a0c08009c	«ታ ኦህዛኖ ስኦተ፤ አስ ቲኖ ታስ ማርክꬍዘ ኡቡንꬅስ አስ ናአይ ጾዘ ኪታንቹንꬅ ቲንተ ማርክꬎዳ።
2a0c09005d	አስ ቲኖ ታና ካድዘስ ጾዘ ኪታንቹንꬅ ቲንተ ታ ኤዛ ካዶዳ።
2a0c0a00a9	አስ ናአላ አፋ ለቆ ቃላ ኦህዘ ኡቡንꬅ ማሮትꬅ ደማዳ፥ የዝን ጌሽ አያናላ አፋ ለቆ ቃላ ኦህዘስ ማርንቶስ።
2a0c0b00d3	«አስ ይንታና አይኪ አይሁደ ዎሳ ኬꬃ፥ ዳይኑንꬅ ቲንተን ካቱንꬅ ቲንተን ጎሽችዘ ዎደ አኮ ኦሆድየዛኮን ዋጊ ማሆድ የዛኮ ይርግፐተ።
2a0c0c0061	የ ዎደ ይን ኦሆደባዝ ጌሽ አያና ይንታና ታማርሶዳ» ያጋይዳ።
2a0c0d0092	አስ ግዳፓ ፈቲ አስ የሱሳጎ ይእ፥ «ታ እሸ ታስ ኑ አዳይ ላታፓ ሻጎደ ፋና ኤስ ኦሆ» ያጋይዳ።
2a0c0e008d	የሱሳ ማህ፥ «ናተ አꬃዮ፥ ይንታላ አፋ ታና ዳይናን ላታ ሻክዘ ጭማ ማህደ ኦደ?» ያጋይዳ።
2a0c0f0095	ማህካ የሱሳ፥ «አስ የስ ቆሎ ጋማትꬃራ ማቆሰ ግሾ ኢራ አሺ ምንꬂ ይንታና ናግንቶተ» ያጋይዳ።
2a0c100059	ካሊ አዝዘራ፥ «ጋደ ጋማ ካꬃ እንግዘ ፈቲ ዱረ አꬄ የነ።
2a0c110081	የ አꬄ፥ ‹ታ ካꬅቶ ታ ሺሾደስ በሲ ኤርደ ግሾ አኮ ኦቾ?› ያጋእ ፋ ዎዝንተ ቆፕዳ።
2a0c12009a	ይኬፓ የይሳዳ፤ ቲኖ የዘ ፋችቶ ላሊ መለ ዳልጊ ፋቻ ኬጾዳ። ካꬅቶን ታስ የዘ ባዝ ሙሎ እዘ ሺሾዳ።
2a0c1300ab	ፋ ሸምፕትጎ፥ ‹ታ ሸምፕተ፥ ጋማ በረስ ኔስ ማቃደ ቆሎ ሺሽዳ። ይኬ፥ ሸምፒ ሞኦ፥ ኡዦ፥ ኡፋይቶ› ያጋኦዳ።
2a0c1400c3	«የዝን ጾዚ፥ ‹ናተ፥ ኤያ Ꮉይ አꬃዮ፥ Ꮉይኖ ቃማ ነ ሸምፕታ ኔፓ ኤክንታነ። ይኬ፥ ነ ሺሽደ ባዝታ ኦደስ ማቃደ?› ያጋይዳ።
2a0c1500a4	«ይኒ ግሾ፥ ፋስ ዱረትꬅ ሳአ ሺሽዘ አስስ፥ ጾዘ ካለ ዱረ ማቆሰ አስስ ፎልታ Ꮉይ አꬄስቲ ፋና» ያጋይዳ።
2a0c1600cb	ይንፓ ሱባ፥ የሱሳ ፋ ታማሩንꬃጎ፥ «ይኬ፥ ታ ኦህዛኖ ስኦተ፥ ይን ሸምፕትስ አኮ ሞኦ ይን ጋልትስ አኮ ማኦ ያጋእ ኡንእንትፐተ።
2a0c170034	ሸምፖ ካꬃፓ ጋላ አፉላፓ አꬋነ።
2a0c1800ad	ላንዱንꬃና ቦኦተ ቡዶስ፥ ማጾስ፥ ኤለን ፋቻን ባያ። የዝን ጾዚ ኡንታና ሙዛነ። ይን ላንዱንꬃፓ ጋማ አꬋነ።
2a0c190074	ዬዝን፥ ይንታፓ ኡንእንት ፋ በርትላ አፋ ፈቲ ቃማ ጉጆደስ ዳንዳእዘ ኦደ?
2a0c1a0073	ይኬ፥ Ꮉና ኤራꬅ ባዝቶ ኦቾደስ ዳንዳኦሰ ይን መለባዝስ አኮስ ኡንእንተ?
2a0c1b00c3	አነ ፉ ዋይዝ ድጭዛኮ ቦኦተ። ዋዮስ ሱቆስ። መለ አቶ የዝን፥ ሶሎሞናን ፋ የዘ ቦንችተ ኡባነ ኡንታፓ ፈተ ጋርዛን ማእካያ።
2a0c1c00bf	ይን፥ አማኖ ፋጨዙንꬆ፥ ይኬ፥ ጾዚ Ꮉይኖ በንቲ ዎንታ ታማ ኦልንቶደ ፉዽቶ Ꮉንጋራ ማእስኮ፥ ይንታና ዋይዝ አꬂ ማእሶሶ?
2a0c1d006c	ይኒ ግሾ፥ አኮ ሞኦ ዎይ አኮ ኡዦ ጋእ ኡን ዎዝንቶ እዝላ አፋ ማህፐ።
2a0c1e00b3	ይኖ ኡባ ጾዝ አማኖሰ አሱንꬅ ፋ ዎዝንቶ እዝላ ማሀነ። የዝን ይን አዳይ ጾዛይ ይና ኡባና ይንትስ ኮሽዛኖ ኤራነ።
2a0c1f006c	ኡባንፓ አꬂ ጾዘ ካእቱሞ ኮዮተ ይና ኡባና ይንትስ ጉጂ እንግንቶዳ።
2a0c200090	«ይን፥ ኤራꬅ ዎርዡንꬆ፥ ዣሽትፐተ፤ ይን አዳይ ጾዘ ካእቱምቶ ይንትስ እማደስ ኡፋይታነ።
2a0c2100bd	ይንትስ የዘ ባዝ ባይዝ ዳሁንꬅስ እንጎተ። ካይዞ ኤኮሳነ፥ ብላ ሞኦሳነ፥ ጭንጎሰ ካርጥተ፥ Ꮉልኦሰ ቆልቶ ሳሎ ሺሾተ።
2a0c220042	ይን ዎዝንታ ይን ቆልታ የዘ በስተ ማቃዳ።
2a0c23004f	«ዳንጭንቲ ጊግንቶተ፤ ይን ጾምፕታ ፎእዛኖ ማቀ።
2a0c2400b3	ፋ ላꬄ ዣጋናፓ ማቃደ ዎንꬅስ ባርክ ናግዙንꬅ ፋና፥ ላꬂ ይእ ጼግዘ ዎደ ኤልሲ ቡጎደስ ጊግደ አሱንꬅ ፋና ይኦተ።
2a0c2500aa	ፋ ላꬄ ማቅዘ ዎደ ገንትካይዛራ ናግዙንꬅ አንጅንትዱንꬃና። ቱሮ ጋነ፤ ላꬂ ዳንጪ ሌማተ ካለ በትꬂ ሞካነ።
2a0c2600be	ላꬂ ግዲ ብላሄ ማቅን ዎይ ዎንት ማ ማቅን ይእ፥ ይኒ ፋና ገንትካይዛራ ናግዝን ደንግደ የንꬅ አሩንꬅ አንጅንትዱንꬃና።
2a0c2700a2	የዝን Ꮉኖ ኤሮተ፤ ካይዞ አይደ የኦድ የዛኮ ካርቲ አዳይ ኤርዛኮ ኬꬅቶ ቦክንትዘ ዎደ ስእ ጋእ ቦኦስ።
2a0c28006b	ይንትን ጊጊ ናጎተ፤ አስ ናአይ ይን ቆፕካይዘ ዎደ የኦዳ» ያጋይዳ።
2a0c29007e	ጴጥሮሳን፥ «ላꬆ Ꮉና አዝዝቶ ኑ ጻላላስ ኦህነነ ዎይ አስ ኡቡንꬅስ?» ያጋይዳ።
2a0c2a00b9	ላꬂ ማህ፥ «ይኬ፥ ካꬃ ሙሳደስ ቤዘ ዎድተ እንጎደ ፋና ላꬄ ፋ አሩንꬃላ አፋ ሹምደ አማንꬅዛይን ዎዝናማ Ꮉላቅዘ ኦደ?
2a0c2b0063	ላꬂ ማቅዘ ዎደ ይኒ ፋና ኦችተራ በንትዘ አርዘ ኤ አንጅንትዳያ
2a0c2c006b	ታ ይንትስ ቱሮ ኦህነ፤ ፋ ላꬄስ የዘ ቆሎ ኡባንላ አፋ ኤ ሹምንቶዳ።
2a0c2d00ee	የዝን የ አርዘ፥ ‹ታ ላꬃይ ኤለ የኦስ› ያጋእ ፋ ዎዝንተ ቆፒ፥ ማች አሩንꬃናን ꬊራꬅ አሩንꬃና Ꮉꬍኮ፥ ማህ ፋስ ኮይደ ፋና ሙእተራን ኡዥተራ ማꬅኮ፥
2a0c2e00a6	የ አርዘ ላꬄ ኤ ቆፕካይዘ ቃማን ይርጎሰ ዎደ የኦዳ። ይእ ኤዛ ጋቺ፥ ኤ እድልቶ አማኖሰ አሱንꬃራ ማሆዳ።
2a0c2f007d	«ላꬄ ቆፋ ጋራ ጊጎሰን ኤ ላꬄ አኮ ካꬍዛኮ ኤሪተ ኦቾሰ አርዘ ጋማ ጋራፍንቶዳ።
2a0c300119	የዝን ፋ ላꬄ ቆፍቶ ኤራንጺ አቲ ጋራፍንቶደስ ቤዛኖ ኦቼዘ ኤራꬅ ጋራፍንቶዳ። አኮስ ጋይኮ ጋማ እንግንትደፓ ጋማ ኮይንታነ፥ ጋማ Ꮉዳራ ኤክዱንꬃፓ ጋማ እንጎዳ ጋእ ናግንታነ።
2a0c310087	«ታኒ ይእዳና ሳአላ አፋ ታማ አይꬆደስ። Ꮉተ ታማ አይክዛኮ ታና ዋይዝ ኡፋይሶድ የሻ!
2a0c32008a	ማቆ የዝን፥ ታ Ꮉተ ጻማቅንቶደ ጽንቃተ የነ። ኤ ፎልንቶደ ዎንꬅስ ታ ሸምፕታ ሸምፖስ።
2a0c330077	ሳአላ አፋ ሳሮትꬅ ኮኦደስ ይእዳ ይንትስ አዛነ? ባያ፥ ታ ይእዳና ሻጎደስ።
2a0c3400dd	Ꮉተፓ አይኪ ዎል ግዳ ሻክንትደ እችን ኬꬅ አሱንꬅ ፈትላ የነ። ላምኡንꬅ Ꮉይꬑንꬃላ አፋ፥ Ꮉይꬑንꬅን ላምኡንꬃላ አፋ፥ ደንዲ ሻክንታነ።
2a0c350103	አዳይ ናእላ አፋ፥ ናእን አደላ አፋ፥ እንታ ናትላ አፋ፥ ናታ እንትላ አፋ፥ አዝንዘ እንታ ናዘ ማችትላ አፋ፥ ናአይ ማችታ አዝንዘ እንትላ አፋ፥ ደንዲ ሻክንቶዳ።»
2a0c3600aa	ማንን አሱንꬃጎ፥ «አዋ ገሎ ዛላራ ሳሎ ꬎንꬍዘ ዎደ ብእ፥ ኤልሲ፥ ‹እራ የኦዳ› ያጋነ፥ ጋይደ ፋና Ꮉናነ።
2a0c370076	ዬካ ዛላ ባቆ ባቂዘ ዎደ ‹ሳታ አዎዳ› ያጋነ፥ ጋይደ ፋና Ꮉናነ» ያጋይዳ።
2a0c380092	ይን፥ ጩቡንꬆ፥ ሳሎባዝን ሳአባዝ ሻኪ ኤራነ የዝን Ꮉና ዎድቶ ሻኪ ኤረ ይንታና ዋይዝ ጋምዶ?
2a0c39004b	«ዬዝን፥ ይን ኦምትስ አኮስ ቱርቶ ኤሪ ፍርዶሶ?
2a0c3a0117	ነ ሞርክዘራ ዎላ ዳይና ቲኖ ኤቆደስ Ꮉንግተራ ኦገላ አፋ ጊጎደስ ኮዮ። ነ ጊጋንጽ እጽኮ ጎሽቺ ዳይና ቲኖ ነና ካንጎዳ። ዳይንዘ ነና ፖሊሰስ አꬂ እንጎዳ። ኤ ነና ዎይነ ኦሎዳ።
2a0c3b0082	ስኦተ፥ ፈቲ ባካና አሽካይዛራ ጭጊ Ꮉሶደ ዎንꬅስ ነ እዝፓ ከዛማኖ ኤሮ» ያጋይዳ።
2a0d0100c3	የ ዎደ የሱሳጎ አሱንꬅ ይእ ጵላጦሳ ዎꬊ ኡን ሱꬅትራ ኡን ዣርሽቶ ዎርቂደ ጋልላ አሱንꬅባዝ ኦህደ አሱንꬅ ይና በስተ የነ።
2a0d0200d4	ኤ Ꮉንጋራ ያጋእ ማህዳ፤ «ዬዝን የንꬅ ጋልላ አሱንꬅ ይና ኢታ Ꮉይቅቶ Ꮉይቂደ ግሾ ጋልላ ግዳ የዘ አስ ኡባንፓ አꬍደ ናጋራንቾ አዛነ?
2a0d030077	ባያ! ማቆ የዝን፥ ይንትን ማሮትꬃር ማቃንጽ እጽኮ፥ ኡባና ይኒ ጋራ ꬋቦዳ።
2a0d0400bd	ዎይ ማህ ሳልሆመ ጋዘ በስተ ግምበ ዎዲ ዎꬍደ ታጶ ኦስፉን አሱንꬅ የሩሳላመ የዘ አስ ኡባንፓ አꬍዘ ናጋራንቾ አዛነየሻ?
2a0d05006c	ባያ! የዝን ይንትን ማሮትꬃር ማቃንጽ እጽኮ ኡባና ይኒ ጋራ ꬋቦዳ።»
2a0d0600cd	ማህን የሱሳ Ꮉንጋራ ጋእ አዝዘ ኦህዳ፦ «ፈቲ አꬄስ ዎይነ ጋደ ቱክንትደ በለሰ ምንጻ የነ። ኤ ኢፓ ኣፈ ኮይ ይእ አኮን ደንግካያ።
2a0d0700e1	ጋድቲ አዳይ ዎይነ ኦችዘጎ፥ ‹ኣፈ ደንጎደስ ኮይ Ꮉይꬕ በረ ይእ ብእን አኮን ደንግካያ። ይኒ ግሾ፥ ጋቺ Ꮉሶ፤ አኮስ ሳእቶ መልዘ?› ያጋይዳ።
2a0d08007c	«የዝን ኦችዛይ፥ ‹ላꬆ፥ እ ካንቶ ኦቺ ኦዣ ኦሎደ ዎንꬅስ Ꮉይ በርዘስ አሾያ።
2a0d090058	ዎንꬅ በረ ኣፍኮ ሎኦ፥ እጽኮ ጋቺ አሾ›» ያጋእ ማህዳ።
2a0d0a004b	የሱሳ ሳምባታ ቃማ አይሁደ ዎሳ ኬꬃ ታማርሳነ።
2a0d0b00b6	ይና በስተ ታጶ ኦስፉን በረ ቱና አያና ባንቶ ኩንዝደ ፈቲ ማችታ የነ። እዛ ኩንዳንፓ ደንዲ ሉለ ኤቆደስ ዳንዳኦስ።
2a0d0c0071	የሱሳ እዞ ብእደ ዎደ ጼጊ፥ «Ꮉና ማችተ፥ ነ Ꮉርግትፓ ፋጽዳ» ያጋይዳ።
2a0d0d0068	ፋ ኩሽቶ ኢላ አፋ ጋድን፥ እዛ ኢራ ሉለ ኤቅዳ። ጾዝ ማና ጋላትዳ።
2a0d0e00ec	የዝን አይሁደ ዎሳ ኬꬃ Ꮉላቅዘ ዥልꬊ አስትጎ፥ «ኦቻ ኦችዘ እዝፑን ቃምታ የነ። ይኒ ግሾ፥ ይና ቃምተ ይእ ፋጾተ ፋትን ሳምባታ ቃማ ኮሾስ» ያጋይዳ።
2a0d0f0092	ላꬂ፥ «ጩቡንꬆ፥ ይን ግዳፓ ቦራ ዎይ Ꮉሪ ሳምባታ ቃማ ዛዳሎፓ ብሊ Ꮉꬅ ኡሾደስ ካንጎሰ ኦደ?
2a0d1000de	ዬዝን፥ Ꮉና ማችታ አብራሃማ ናአ ማቅተራ ጻላሄራ አጭንቲ ታጶ ኦስፉን በረ ኩሙꬅ የዝዳንስ ሳምባታ ቃማ ብልንቶደስ ቤዞሳነ?» ያጋእ ኦጭዳ።
2a0d1100a3	ኤ ይኖ ኦህደ ዎደ እጽዙንꬅ ኡባ ዬሊꬍዳ። የዝን አሱንꬅ ኡባ ኤ ኦችደ ጋማ ቆፍዘ ኦቻ ኡባነ ኡፋይትዳ።
2a0d120081	ይንፓ ሱባ፥ የሱሳ Ꮉንጋራ ያጋይዳ፥ «ጾዘ ካእቱምቶ አኮ አዘ? እዞ አኮራ አዝሳደ?
2a0d1300a7	ጾዘ ካእቱሞ ፈቲ አስ ፋ ጋድተ ቱክደ ዋላ ኣፈ ፋና። ኤ ድጪ ምንጻ ማቅዳ። ላንዳ ኤ ኮሽትላ አፋ ሸምፕዳ።»
2a0d14003a	ማህ፥ «ጾዘ ካእቱምቶ አኮራ አዝሳደ?
2a0d150068	ፈቲ ማችታ ጋማ ꬊላራ ዎርቂ ሙኑቅደ ኤራꬅ እርሾ አዛነ» ያጋይዳ።
2a0d16009a	ይንፓ ሱባ፥ የሱሳ የሩሳላመ ቅትተራ ኤ አꬍዘ ኦግተ የዘ ካታምተን ካራ ጋንጨን ታማርስተ አꬍዳ።
2a0d170088	ፈቲ አስ የሱሳጎ፥ «ላꬆ፥ አቶዱንꬅ ኤራꬅ አስ ጻላላነ?» ጋእ ኦጭዳ። የሱሳ ኡንታጎ፥
2a0d18008a	«ስኦተ፥ ጹንꬅ ፉርꬃራ ገሎደስ ምንጎተ። ጋሙንꬅ ገሎደስ ኮያነ የዝን ኡንትስ Ꮉኖስ።
2a0d1900f5	ካርቲ አዳይ ደንዲ ፉርꬅቶ ጎርድዳንፓ ሱባ ‹ኑስ ቡጎያ› ጋእ ባለ ኤቂ ጼገ አይኮዳ። የዝን ኤ፥ ‹ይን ኦና የዛኮን አባፓ የኤዛኮን ታ ኤሮስ› ጋእ ማሆዳ።
2a0d1a0070	የ ዎደ ይን፥ ‹ኔራ ዎላ ሙእዳ፥ ኡዥዳ፥ ኑ ቡጫላ ታማርስዳ› ያጋውዳ።
2a0d1b008f	«ኤ ማህ፥ ‹ይን ኦና የዛኮን አባፓ የኤዛኮን ኤሮስ። ይን፥ ዎቡንꬆ ታፓ Ꮉኮተ› ያጋኦዳ።
2a0d1c00d8	አብራሃማ፥ ይሳቃ፥ ያይቆባን ናቡንꬅ ኡቡንꬅ ጾዘ ካእቱምተ ቦኦዳ፥ የዝን ይን ባለ ዎꬊ አትዘ ዎደ ይንትስ ዬፎን አች ጋርጭንጌ ማቃዳ።
2a0d1d0095	አሱንꬅ አዋ ከሳፓ፥ አዋ ገሎፓ፥ ዎካ ዛላፓን ዬካ ዛላፓ ይእ ጾዘ ካእቱምተ ሙሳላ አፋ በቶዳ።
2a0d1e009f	ይኒ ግሾ፥ Ꮉተ የስተ ሱብ ማቅዱንꬃፓ ቲኖ ማቃዱንꬅ፥ ቲኖ ማቅዱንꬃፓ ሱብ ማቃዱንꬅ የነ» ያጋይዳ።
2a0d1f009d	የ ዎደ ፋርሳዉꬃፓ ፈተ ፈተ ይእ፥ «ሄሮድሳ ነና ዎꬎደስ ኮይዘ ግሾ Ꮉና በስትፓ ደንዲ ቅቶ» ጋይዳ።
2a0d2000f6	ኤ ማህ፥ «Ꮉንግ፥ የ ዎርካንዘስ ይኬ፥ ‹Ꮉይኖን ዎንታ ቱና አያኑንꬃና ከሶዳ፥ Ꮉርግንትዙንꬃና ፋꬆዳ፥ Ꮉይꬓንꬆ ቃማ ፎሎላ አፋ የሎዳ› ያጋይዳ ጋኦተ።
2a0d2100cb	ይኦፕ አትን፥ ናበ የሩሳላመፓ መለ በሳ Ꮉይቆደስ ቤዞስ። ይኒ ግሾ፥ Ꮉይኖን፥ ዎንታን ይንቶን ፌዢ ይና በስቶ ቅቶደስ ደንድዳ።
2a0d22014c	«የሩሳላመ፥ የሩሳላመ፥ ናቡንꬃና ዎꬍዛነ፥ ኔጎ ኪትንትዱንꬃና ሹቻራ ዎꬍዛነ፥ ሉኩለ ፋ ናኡንꬃና ፋ ቀፍት ጋንጨ ሺሽዛንፋና ነ ናኡንꬃና ታ ኩሽትፓ ኦሞራ ዋንꬅ ቶሄ ሺሾደስ ኮይዶ፥ የዝን ይን ኮዮስ ጋይዳ።
2a0d2300b6	ታ ይንትስ ኦህነ፤ ይን ኬꬅታ ካይዞዳ። ላꬄ ሱንꬅተ የእዘ አንጅንትዳያ ይን ጋዉደ ዎንꬅስ ታና ደንጎስ» ያጋይዳ።
2a0e010098	ፈቲ ሳምባታ ቃማ የሱሳ ፈቲ ፋርሳዉንꬅ Ꮉላቅዘ ካራ ካꬃ ማአደስ ገልዘ ዎደ አሱንꬅ ዳኪ በእነ።
2a0e02006a	ይና በስተ ሻፈ ዎዳꬅ Ꮉርግንትዘ ፈቲ አስ ኤስ ቲኖ ዛላራ ዎይእዳ።
2a0e0300a7	የሱሳ ፋርሳዉንꬃጎን ህገ አስታማሩንꬃጎ «ሳምባታ ቃማ Ꮉርግንትዛ ፋꬅዛና ዎጋነ ዎጋ ባ?» ያጋእ ኦጭዳ።
2a0e04005c	ኡን ስእ ጋይዳ። የሱሳ Ꮉርግንትዘ አꬃ ቦቺ ፋꬂ ሞይዝዳ።
2a0e05008d	ማህን ይንታፓ ፈተስ ናአ ዎይ ቦራ ሳምባታ ቃማ ጋጋ ቅትኮ ኤልሲ ከሶሰ ኦደ? ያጋእ ኦጭዳ።
2a0e060039	ኡን ፈትባዝን ማሆደስ ዳንዳእካያ።
2a0e070075	የሱሳ ሳርገስ ጼግንትዱንꬅ ቦንቾ በሲ ዶርዛኖ ብእ፥ Ꮉና አዝዝቶ ኦህዳ፦
2a0e080096	«ፈቲ አስ ነና ሳርገ ጼግኮ ቦንቾ በሳ በትፐ። ኔፓ አꬊ ቦንችንትዘ አስ ጼግንቶደስ ዳንዳአነ።
2a0e0900a2	ይንታና ላምኡንꬃና ጼግደ ይእ፥ ‹ነ በስቶ Ꮉይ ዛቂዘስ ዳኮ› ያጋዘ ዎደ ነ ዬልꬍተራ ዝቃ በሳ ዎꬎዳ።
2a0e0a0114	የዝን፥ ነ ጼግንትደ ዎደ ቲንꬊ ዝቃ በሳ ብእ በቶ። ጼግዘ ይእ፥ ‹ታ ላግዛዮ፥ Ꮉና ቦንቾ በስተ በቶ› ያጋኦዳ። የ ዎደ ኔራ ፈትላ ጼግንትደ አስ ኡቡንꬅ ቲንተ ነ ቦንችንቶዳ።
2a0e0b0078	ፋና ꬎቅ ꬎቅ ዪዘ ኡባና ዬልꬋዳ፤ ፋና ዝቂ ዝቂ ዪዘ ኡባና ꬎቅ ꬎቅ ጋኦዳ።»
2a0e0c0116	ማህ የሱሳ ኤዛ ሞክደ ኬꬅት አደጎ፥ «ቁማ ዎይ ካዎ ሳርገ ጼግዘ ዎደ ኔኒ ኩሸ ማህዛ ጼጋመ ፋና ነ ላጉንꬃና ዎይ ነ እሹንꬃና ዎይ ነ እግኑꬃና ዎይ ነ ዱረ ዶꬁንꬃና ሳርገ ጼግፐ።
2a0e0d009e	የዝን፥ ነ ሳርገ ጊግዘዘ ዎደ ዳሁንꬃና፥ ዎቡንꬃና፥ ጉንድዱንꬃና ቆቁንꬃና ጼጎ፤ ነ አንጅንቶዳ።
2a0e0e008a	Ꮉን ስ ኩሸ ማሆደስ ዳንዳኦሰ ግሾ ኩሸ ማህታ ጌሹንꬅ ደንድዘ ቃማ ኔስ ማቃዳ» ያጋይዳ።
2a0e0f00b8	የሱሳራ ዎላ ድግሳላ አፋ በትዙንꬅ ግዳፓ ፈተ ይኖ ስእ፥ «ጾዘ ካእቱምተ ድግሳላ አፋ በትደ አንጅንትዳያ» ያጋይዳ።
2a0e10005b	የሱሳ፥ «ፈቲ አስ ዳማ ድግሳ ጊግዚ ጋማ አሱንꬃና ጼግዳ።
2a0e1100c9	ድግሳ ሞኩንትዘ ሳታ የልደ ዎደ ጼግንትደ ዛቁንꬃና፥ ‹ይኬ ኡባ ባዝታ ጊግዳ፥ Ꮉይጋ ዮኦተ› ያጋእ ጼጎደ ጋር ፋ አርዛ ኪትዳ።
2a0e1200c6	«የዝን ኡቡንꬅ ፋስ ማꬋ ማꬋ መꬍዳ። ፈተ፥ ‹Ꮉተ Ꮉጋ ጋደ ዎንግደ ግሾ Ꮉንግ በአደስ ቤዛነ አደ ታና አሾያ ያጋኦ› ያጋይዳ።
2a0e13008a	Ꮉንካይ፥ ‹እችን ዋጻ ቦራ ዎንግዳ ኡንታና ዋጺ በአደ ግሾ አደ ታና ላንጭፐ› ያጋይዳ።
2a0e14006c	ማህ Ꮉንካይ፥ ‹ታኒ Ꮉጋ መዳ የዘ ግሾ የኦደስ ዳንዳኦስ› ያጋይዳ።
2a0e15013b	«አርዘ ማቂ ይእ ይና ኡባኖ ፋ ላꬄስ ኦህዳ። የ ዎደ ድግሳ አዳይ ዥልꬊ አርዘጎ፥ ‹ኤልሲ ካታማ የዘ ዳልጋ ኦገን ኦገ ጋጻ Ꮉንግ፥ ዳሁንꬃና፥ ዎቡንꬃና፥ ቆቁንꬃናን ጉንዱንꬃና Ꮉንካ ኮኦ› ያጋይዳ።
2a0e160082	«አርዘ፥ ‹ታ ላꬃዮ፥ ነ ኪትደ ኡባና ፎልንትዳ፥ የዝን Ꮉተን በሲ የነ› ያጋይዳ።
2a0e1700c2	«ላꬂ አርዘጎ፥ ‹ኦገ ዎራላ አፋን፥ ካታማፋ ጋጻ ከስዘ ኦገ ከዞ፥ ታ ኬꬅታ ኩሞደ ዎንꬅስ ደንግደ ኡቡንꬅ የኦደ ፋና ኦቾ።
2a0e180091	ታ ይንትስ ኦህነ፤ ጼግንት እጽዱንꬃፓ ኦደን ታ ድግስትፓ ሞኦሳኖ ኤሮተ› ጋይዳ» ያጋይዳ።
2a0e190056	ጋማ አሱንꬅ ኤራ ዎላ Ꮉማደራ የሱሳ ኡንታጎ ሱብ ማቂ፥
2a0e1a00f5	«ታጎ ይእደ ኡቡንꬅ ፋ አዳያን ፋ እንቶን፥ ፋ ማችቶን ፋ ናኡንꬃና፥ ፋ እሹንꬃና ፋ ምሹንꬃና፥ መለ አቶ የዝን ፋ ደእቶ እጾሰ ታ ታማረ ማቃደስ ዳንዳኦስ።
2a0e1b0059	ፋ ማስቃልቶ ቶኪ ታና ካሎሰ ታ ታማረ ማቃደስ ዳንዳኦስ።
2a0e1c00b4	«ይንታፓ ፈቲ አስ ሹች ኬꬂ ኬጾደስ ኮይኮ፥ ኬꬅቶ ኬጺ Ꮉሶደስ አኮ ጋር ሚሸ ኮሽዛኮ ቲንꬊ ኤሮደስ ቆፒ ቦኦሰ ኦደ?
2a0e1d005a	ይኖ ማቃንጽኮ፥ የ አꬄ ባሳ ዪꬅ ሹችቶ ዪጽን ፎለ ጋምኮ፥
2a0e1e0073	በእዘ ኡባና፥ ‹Ꮉይ አꬄ ኬꬅ አይክን ፎሎደስ ኤዛ ጋምዳ› ያጋእ ለቃነ።
2a0e1f0114	«ዎይ ፈቲ ካት መለ ካታራ ኦልንቶደስ ደንድተራ ላምእታም ሙኩል ዎታዳሩንꬃና ኤኪ የእዘ ካትዘራ ታጵ ሙኩል ዎታዳሩንꬃራ ኦልንት ዳንዳኦዳኖን ዳንዳኦሳኖ በቲ ዞርንቶሰ ኦደ?
2a0e20009c	ኦልንቶደስ ዳንዳእንቶሰባዝ ማቅኮ፥ የ የእዘ ካትዘራ Ꮉኮራ የዝን ጊጎደስ ቲንꬊ ጭማ ዳኪ ኦጫነ።
2a0e210088	ይኒ ጋራ፥ ይንታፓ ኦደን ፋስ የዘ ባዝ ሙሎ አሻንጺ እጽኮ ታ ታማረ ማቃደስ ዳንዳኦስ።
2a0e220073	«ሶገ ሎኦ፥ የዝን ሶገ ፋ ማልእቶ አሽኮ፥ ዋይዝ ሶገ ጋእንቶደስ ዳንዳኤ?
2a0e230097	ጋደ አራድዘስን ማዶሰ ባዝ ማቅዘ ግሾ አላ ኦልንታነ። ይኬ፥ ስእዘ Ꮉየ የዘ አስ ስኦ» ያጋይዳ።
2a0f01007f	ፈቲ ዎደ ቃራጠ ጋችዙንꬅን ናጋራንቹንꬅ የሱሳ ትምርትቶ ስኦደስ ኤ ካለ ሺቅዳ።
2a0f0200b9	የዝን ፋርሳዉንꬅን ህገ አስታማሩንꬅ፥ «Ꮉይ አꬄ ናጋራንቹንꬃና ሺሺ ኤካነ፥ ኡንታራ ፈትላ ሙነ» ያጋእ ዙዝንግዳ።
2a0f030041	የሱሳ ያጋእ Ꮉና አዝዝቶ ኡንትስ ኦህዳ፦
2a0f0400e4	«ይን ግዳፓ ፈተስ ጼት ዱሩንꬅ የዘ ባዝ ማቅኮ ኡንታፓ ፈታይ ꬋብኮ ኡዱፉን ታም ኡዱፉኑንꬃና የንግዘ በሳ አሺ ꬋብዳያ ደማደ ዎንꬅስ ኮዮሰ ኦደ?
2a0f050038	ደንግደ ዎደ ኡፋይት ፋ ጋንተ ቶኪ፥
2a0f0600ae	ፋ ካራ ማቃነ። ፋ ላጉንꬃናን ዶꬁንꬃና ፈትላ ጼጊ፥ ‹ꬋብደ ታ ዱርዛ ደንግዳ፥ ታራ ፈትላ ኡፋይቶተ› ያጋነ።
2a0f0700bf	ይኒ ጋራ፥ ማሮትꬅ ኮሾሰ ኡዱፉን ታም ኡዱፉን ጽሉንꬃፓ አꬂ ማሮትꬅ ገልዘ ፈቲ ናጋራንችዘ ግሾ ሳሎ ዳማ ኡፋይስ ማቃነ።
2a0f0800bf	«ዎይ ታጵ ሹች ብራ የዘ ፈቲ ማችታ ታጵትፓ ፈቲ ሹች ብርዘ ꬋብኮ ደንጎደ ዎንꬅስ ጾምፐ አይꬂ ኬꬂ ፍጺ ምንꬂ ኮዮሳና ኦደ?
2a0f0900a2	ደንግደ ዎደ ፋ ላጉንꬃናን ፋ ዶꬁንꬃና ጼጊ ‹ꬋብደ ታ ፈቲ ብርዛ ደንግደ ግሾ ታራ ኡፋይቶተ› ያጋነ።
2a0f0a009c	ስኦተ፥ ይኒ ፋና ፈቲ ማሮትꬅ ገልዘ ናጋራንችዘ ግሾ ጾዘ ኪታንቹንꬅ ቲኖ ኡፋይስ ማቃነ» ያጋይዳ።
2a0f0b0047	ማህ የሱሳ፥ «ፈቲ አꬄስ ላምእ ናኡንꬅ የነ።
2a0f0c00be	ኡንታፓ ጌዝ ናአይ ፋ አደጎ፥ ‹ታ አዳዮ፥ ነ ቆልትፓ ታ ግሽቶ ታስ እንጎ› ያጋይዳ። አዳይ ፋ ቆልቶ ፋ ናኡንꬅስ ግሽዳ።
2a0f0d009b	ኤራꬅ ቃማፓ ሱባ ጌዝ ናአይ ፋ ግሽቶ ሙሎ አጪ ኤኪ Ꮉኮ ሳአ ቅትዳ። የይጋ ካሳራ ቆልቶ ላሊ Ꮉስዳ።
2a0f0e007e	ኤ ፋስ የዘባዝቶ ሙሎ Ꮉስዳንፓ ሱባ ይና ሳእተ ኡባነ ምንꬂ ናየ ከዝን ማꬍꬍዳ።
2a0f0f00a9	ይኒ ግሾ፥ ይና ሳእተ አሱንꬃፓ ፈተ ካራ የሳደስ ገልዳ። አꬃይ ኤዛ ጉዳይለ የማደ ጋር የንግዘ በሳ ዳክዳ።
2a0f100088	ጉዳይሉንꬅ ሙእዘ Ꮉርቆፓ ማአደስ አሙꬍዳ፥ የዝን እዞን ኤስ እንግዘ አስ በንትካያ።
2a0f11008c	ዎዝና ማቅን፥ ‹ዋንꬅ ታ አዳይ አሩንꬅስ ካꬃ አላ አትን ታ Ꮉነ ናየራ Ꮉይቆደስ የልዶ?›
2a0f12005c	ደንዲ ታ አደጎ Ꮉንግ፥ ‹ታ አዳዮ፥ ጾዝን፥ ነናን ቆህዳ።
2a0f1300b2	ይኬፓ ነ ናአ ጋእንት ጼግንቶደስ ታስ ቤዞሰ ግሾ ነ ካራ የዘ አሩንꬃፓ ፈታይ ፋና ታና ፋይዶ› ያጋኦዳ» ያጋይዳ።
2a0f1400b2	ይኒ ግሾ፥ ደንዲ ፋ አደጎ ቅትዳ። «ዪኮን፥ ኤ Ꮉጋ Ꮉኮራ የዝን አዳይ ይቅስንቲ፥ ኤጎ ዎጺ Ꮉንግ እርንግ ዬሪዳ።
2a0f150097	ናዘን፥ ‹ታ አዳዮ ጾዝን፥ ነናን ታ ቆህዳ። ይኬፓ ነ ናአ ጋእንት ጼግንቶደስ ቤዞስ› ያጋይዳ።
2a0f1600bc	«ኤ አዳይ አሩንꬃና ጼጊ፥ ‹ኤልሲ ኡቡንꬃፓ ሎኦ ማቅደ ማኦ ክእ ኤዛ ማይዞተ፤ ኤ ግልእተ ምግዶ፥ ኤ ቶህተ ጫማ ኣꬆተ።
2a0f170044	ሞꬎ ዎፋኖ ክእ ሹኮተ፥ ማአዳ፥ ኡፋይቶዳ።
2a0f1800ad	ታ ናአይ Ꮉይኒ Ꮉይቂዳ፥ የዝን Ꮉተ ፋጽዳ፤ ꬋብዳ፥ የዝን በንትዳ› ያጋይዳ። ይንፓ ሱባ፥ ኡፋይተ አይክዳ።
2a0f19008e	«የ ዎደ አንግስ ናአይ ኦቻ ጋደ የነ። የይጋፓ ይእተራ ካራ ኡኮደራ የꬂን ዶለ ኦꬅ ስእዳ።
2a0f1a0066	ኤ፥ አሩንꬃፓ ፈታ ጼጊ Ꮉንደ ባዝታ አኮ የዛኮን ኤሮደስ ኦጭዳ።
2a0f1b0078	አርዘን፥ ‹ነ እሸ ሳሮ ይእደ ግሾ ነ አዳይ ሞꬎ ዎፋኖ ኤስ ሹክዳ› ያጋይዳ።
2a0f1c008a	«አንግስ እሸ ዥልꬊ ኬꬃ ገሎደስን ኮይካያ። አዳይ ባለ ኬዚ ኬꬃ ገሎደ ፋና ኤዛ ዎስዳ።
2a0f1d0109	የዝን ኤ ፋ አደጎ፥ ‹ይኬ፥ Ꮉኒ ጋር በረ ታ ኔስ አርꬊ ነ ኪትፓ ፈቶን ፋጭዝካይዛራ ኔስ ኪትንትን ታ ታ ላጉንꬃራ ኡፋይቶደ ፋና መለ አቶ የዝን ፈቲ ጋሸ ዴሽ እንግካያ።
2a0f1e0086	የዝን፥ Ꮉይኒ ነ ናአይ ነ ቆልቶ ኦላሉንꬃራ ላሊ ይእን ሞꬎ ዎፋኖ ሹክዳ›» ያጋይዳ።
2a0f1f0067	«አደን፥ ‹ታ ናአዮ፥ ኔኒ ኡባ ዎደ ታራ የነ፥ ታ ባዝ ኡባና ኔስ።
2a0f2000b9	Ꮉይኒ ነ እሸ Ꮉይቂዳ፥ የዝን ፋጽዳ፤ ꬋብዳ፥ የዝን በንትዳ። ይኒ ግሾ፥ ጋማ ኡፋይቶደስ ቤዛነ› ያጋኦዳ» ያጋይዳ።
2a100100c5	የሱሳ ፋ ታማሩንꬃጎ፥ «ፈቲ ዱረ አꬄስ ኤፓ ዬካራ ፈቲ ሹማ የነ። የ ሹምዘ ፋ ላꬄ ቆልቶ ላላነ ያጋዘ ዎረ ካርቲ አዳያ የልዳ።
2a100200d2	ካርቲ አዳይ ሹምዛ ጼግዝ፥ ‹ታ ዋግዘባዝ ስእዶ? ይኬፓ ኔኒ ታ ኬꬅትስ ሹማ ማቂ ኦቾደስ ዳንዳኦሰ ግሾ ታ ቆልቶ ታና የልꬆ› ያጋይዳ።
2a100300ee	«የ ሹምዘን ፋ ዎዝንተ Ꮉንጋራ ያጋእ ቆፕዳ። ‹ታ ላꬃይ ታና ሹማትꬅትፓ Ꮉሶደስ ይእነ፥ ዎት አቆደስ ዎልቃ ባያ፥ ዎሲ ማአደስ ዬልዛነ፤ ዬዝን ታ ዋያ?
2a1004007e	ሹማትꬅትፓ ታ ዎꬍዘ ዎደ አሱንꬅ ታና ሞኮደ ፋና ኦቾደ ባዝ ታ ኤራነ› ያጋይዳ።
2a100500ba	«ይኒ ግሾ፥ ኤ ላꬄ ጋለ የዘ አሱንꬃና ፈታ ፈታ ጼጊ ክእ ቲኖ አꬄጎ፥ ‹ኔላ አፋ ታ ላꬄ ጋለ ዋንꬅ የዘ?› ያጋእ ኦጭዳ።
2a100600dd	«ኤ፥ ‹ላምእታም ባርሜለ ዛይተ ጋለ የነ› ያጋይዳ። «ሹምዘ፥ ‹ዉለ ዋርቃተ Ꮉተ፥ ኤልሲ፥ ታጵ ባርሜለ ዛይተ ጋለ የነ ጋእ ጻፎ› ያጋይዳ።
2a10070118	«ይንፓ ካሊ ላምአንꬅዘጎ፥ ‹ኔስ ዋንꬅ የዘ?› ያጋይዳ። «ኤ፥ ‹370 ኩንታለ ዛርጋ ጋለ የነ› ያጋይዳ። «ሹምዘ፥ ‹ነ ዉለ ዋርቃተ Ꮉተ፥ ኤልሲ፥ 296 ኩንታለ ያጋእ ጻፎ› ያጋይዳ።
2a100800c3	ካርቲ አዳይ አማንንትካይዘ ሹምዛ ኤ ጭንጫትꬅትስ ናሽዳ። Ꮉና አላምት ናኡንꬅ አስ አይፎራ ፎኦ ናኡንꬃፓ አꬍደ ዎዝናማ።
2a100900c2	«ይኒ ግሾ፥ ታ ይንትስ ኦህነ፤ Ꮉና አላምት ብራ Ꮉልእዘ ዎደ መዽና ኬꬅተ ሞክንቶደ ፋና Ꮉና ሚሽትራ ይንትስ ላገ ዎንጎተ።
2a100a00b7	ኡባፓ ኤራꬅ ባዛ አማንንትደ ጋማ ባዛ አማንንትዳያ ማቃነ። ማህ ኡባፓ ኤራꬅ ባዛ አማንንቶሰ ጋማ ባዛ አማንንቶስ።
2a100b0085	ይኬ፥ Ꮉና አላምት ብራራ ይን አማንንታንጺ እጽኮ ቱሪ ብራ ይንትስ ኦደ Ꮉዳራ እማደ?
2a100c006e	ይን መለ አስ ብርተ አማንንታንጽኮ፥ ይን ቡዞ ብራ ይንትስ ኦደ እማደ?
2a100d00fd	«ፈቲ አርዘ ላምእ ላꬁንꬅስ አቆደስ ዳንዳኦስ። ፈታ እጽኮ Ꮉንካያ ካꬋነ ዎይ ፈተጎ ሺቅኮ Ꮉንካያ ለቃነ። ይኒ ጋራ፥ ይን ጾዝስን ብራስን አቆደስ ዳንዳኦስ።»
2a100e0048	ብራ ካዽዘ ፋርሳዉንꬅ ይኖ ስእ የሱሳ ለቂዳ።
2a100f00b1	ኤ፥ «ይን ይንታና አስ ቲኖ ቤዛነ፥ የዝን ጾዚ ይን ዎዝንቶ ኤራነ። አስ ቲኖ ቦንችንትዳይ ጾዘ ቲኖ ቦሩንትዳያ።
2a10100100	«ሙሴ ህግታን ናቡንꬅ ኪታ ዋሐንሳ የሎደስ ይንትስ ኦችተራ ጋምእዳ። ይንፓ ሱባ፥ ጾዘ ካእቱሞ ዎንገልታ ሳባክንትተ ጋምእዳ። አስ ኡባ የይጋ ገሎደስ ዳፍንታነ።
2a1011006f	የዝን፥ ህግትፓ ፈቲ ይሻ ፍዳለ አቶዳንፓ ሳሎን ሳአን አꬍዛና ላፋነ።
2a10120094	«ፋ ማችቶ ዳኪ መለ ኤክዘ ኡባ ኦላላነ። ፋ አዝንዘፓ አንጅንትዳኖ ኤክዛይን ኦላላነ» ጋይዳ።
2a1013008b	«አልኦን ሎኦ ቦንቾ አፉላ ማእዘ፥ ሳአ ጊግን ኡባ ዎደ ኡፋይሳራ የዘ ፈቲ ዱረ አስ የነ።
2a101400a3	መለ ማህ ጋልታ ኩሙꬅ Ꮉርግꬅ ማቅደ ፈቲ አላዛረ ጋእንትዘ ዳህዘ የ ዱረ አꬄ ባለ ኦልንት አትዳይ የነ።
2a101500b7	ናየፓ ደንዲ ዱረ አꬄ ሌማትፓ ዎꬍዘ ጉፋ ማአደስ አሙꬊ የነ። መለ አቶ የዝን፥ ካኑንꬅ ይእ ኤ Ꮉርግꬅ በስቶ ላአነ።
2a10160095	«የ ዳህዘ Ꮉይቂዳ፤ ኪታንቹንꬅ ኤዛ አብራሃማ ሹጵተ ኤክዳ። ማህ ዱረ አꬄን Ꮉይቂ ሞግንትዳ።
2a10170080	ስኦለ ኡንእንት የዝተራ ꬎቅ ጋእ Ꮉኮራ አብራሃማን ኤ ሹጵተ የዛ አላዛረ ብእዳ።
2a10180102	ኤ፥ ‹አቦ አብራሃማ፥ ታስ ይቅስንቶያ፤ Ꮉና ሎጽዘ ታምተ ኡንእንት የዘ ግሾ አላዛረ ፋ ግልእዛ Ꮉꬃ ዳኪ ታ እልአንꬅቶ ላክꬆደ ፋና አደ ኤዛ ዳኮያ› ያጋእ ኡክዳ።
2a1019010d	«የዝን አብራሃማ ኤጎ፥ ‹ታ ናአዮ፥ ነ ሳአ የዘ ዎደ ሎኦ ባዝቶ ኤክዳኖ፥ ማህ አላዛረ ኢታ ባዝ ኤክዳኖ ቆፖ። የዝን Ꮉተ ኤ Ꮉነ ኡፋይታነ፥ ማህ ነ ዋይንት የነ› ያጋይዳ።
2a101a00cf	Ꮉና ኡባንፓ አꬊ፥ ‹Ꮉይጋፓ ይንታጎ፥ ሰካፓ Ꮉንካ ኑጎ አꬎደስ ኮይዙንꬅ ፍንጋመ ፋና ኑስን ይንትስ ግዳ ዳማ ጋጋ የነ› ያጋይዳ።
2a101b007b	«ዱረ አꬄ፥ ‹ታ አዳዮ፥ ዬዛኮ አላዛረ ታ አዳይ ካራ ኪቶደ ፋና ታ ነና ዎሳነ።
2a101c0091	ታስ እችን እሹንꬅ የነ፥ ኡንትን Ꮉና ማꬋ በስተ የአመ ፋና ኡንትስ ዎꬊ ማርክꬎ› ያጋይዳ።
2a101d0080	«የዝን አብራሃማ፥ ‹ኡንትስ ሙሴን ናቡንꬅን የነ፤ ኡን ኦህዛኖ ስኦ› ያጋይዳ።
2a101e00a7	«ዱረ አꬄ፥ ‹አቦ አብራሃማ፥ ይኒ ፋና ባያ፤ ፈቲ አስ Ꮉይቆፓ ደንዲ ዎꬍኮ ኡን ማሮትꬅ ገሎዳ› ያጋይዳ።
2a101f00b0	«አብራሃማ፥ ‹ሙሴን ናቡንꬅና ስአንጽኮ፥ መለ አቶ የዝን Ꮉይቆፓ ፈቲ አስ ደንዲ ኦህኮን አማኖስ› ያጋይዳ።»
2a110100cf	የሱሳ ፋ ታማሩንꬃጎ፥ «አስ ꬉቡꬅ ናጋራ ገልꬅዘባዝ ይእካይዛራ አታማ። ማቅኮን፥ ናጋራ ግዳ ገሎደ ፋና ኦችዘ አꬃ ባደ» ያጋይዳ።
2a11020078	የ አꬄ ኤራꬁንꬃፓ ፈታ ባልꬆዳንፓ ዎጻ ፋ አፉርተ አጪ አባ ገልኮ ኤስ ሎኦ።
2a1103008d	ይኒ ግሾ ናግንቶተ። «ነ እሸ ናጋራ ኦችኮ ካጮ፤ አዛኒ ማሮትꬃር ማቅኮ፥ ኤስ አቶ ያጋኦ።
2a110400a7	ፈቲ ቃምተ ላፑን ቶሄ ቆሂ፥ ላፑን ቶሄ፥ ‹ታኒ ታ እስዳኖ ኤርዳ ታና ማሮ› ያጋእ ኔጎ ዪኮ ኤስ አቶ ጋኦ።»
2a1105004b	ሐዋሩንꬅ ላꬃጎ፥ «አማኖ ኑስ ጉጆያ» ያጋይዳ።
2a110600bc	ላꬂ፥ «ጋሸ ኣፈ ፋና አማኖ ይንትስ የዝኮ ‹Ꮉይ ዋልዛ ሾድንት አባ ግዳ ቱክንቶ› ያጋይኮ ይንትስ ኪትንቶዳ» ያጋይዳ።
2a110700e8	ጉጂ የሱሳ፥ «ይን ግዳፓ ፈተስ ኦችዘ ዎይ ዱሮ የንግዘ አሮ የዝኮ ኦቻ ጋደፓ ዎይ ዉደፓ ካራ ይእደ ዎደ ‹ኤለ Ꮉይጋ ይእ ካꬃ ማአደስ በቶ› ጋዘ የነ?
2a110800a1	ባያ፥ ‹ታስ ካዎ ጊግዞ፤ ታ ሙእ፥ ኡዢ አሾደ ዎንꬅስ ኤቂ ሙዞ። ይንፓ ሱባ፥ ነ ሙእ ኡሻዳ› ያጋኦሳነ?
2a11090046	ይኬ፥ ላꬄ፥ አርዘ ኪቶ ፎልደ ግሾ አንጃነነ?
2a110a00b6	ይኒ ግሾ፥ ይንትን ኪትንትዳኖ ሙሎ ፎልደ ዎደ ‹ኑ ፋꬆሰ አሩንꬃና፤ ኦቾደስ ቤዘ ኦችቶ ፎልዳ› ያጋኦተ» ያጋይዳ።
2a110b0071	የሱሳ የሩሳላመ Ꮉንግተራ ሳማራስን ጋልላ ሳአስን ግዳራ ካንꬂ አꬍዳ።
2a110c00a1	ፈቲ ካራ ጋንጨ ገልዘ ዎደ ቁርሱማ Ꮉርገራ አይክንትደ ታጵ አሱንꬅ ኤዛ ደንግዳ። ኡንትን Ꮉኮራ ኤቂ፥
2a110d0048	«ላꬅ የሱሳ፥ ኑስ ይቅስንቶያ» ያጋእ ኡክዳ።
2a110e00a8	ኤ ኡንታና ብእደ ዎደ «Ꮉንግ ይን ጋልቶ አይሁደ ካህኑንꬅስ ቤዞተ» ያጋይዳ። ኡን ኦገላ Ꮉንግተራ ጌዥዳ።
2a110f0084	ኡንታፓ ፈታይ ፋ ጌዥዳኖ በኤዘ ዎደ ꬎቅ ጋይደ ቃላራ ጾዝ ቦንችተራ የሱሳጎ ማቅዳ።
2a11100067	ኤ ሳማራ ሳአ አስ፥ የዝን የሱሳ ቶህትላ አፋ ጎልእ ኤዛ ጋላትዳ።
2a1111006c	የሱሳ፥ «ጌዥዱንꬅ ታጵ አስ ማቆሳነ? ዬዝን፥ ኡዱፉኑንꬅ አባ ቅትዶ?
2a11120071	Ꮉይ አላጋ አꬄፓ አትን መለ ማቂ ጾዝ ጋላትደ ባያ ጋኤነ?» ያጋእ ኦጭዳ።
2a11130056	አꬄጎ፥ «ነ አማንታ ነና ጌሽዳ፤ ደንዲ ቅቶ» ያጋይዳ።
2a111400a4	ፋርሳዉንꬅ፥ «ጾዘ ካእቱሞ አይደ የኦደ?» ጋእ የሱሳ ኦጭዳ። ኤ፥ «ጾዘ ካእቱምታ በንትዘ ማላራ የኦስ።
2a111500ad	ማህን እዞ፥ ‹Ꮉነ ዎይ ሰካ ያጋኦደስ ዳንዳኦስ። አኮስ ጋይኮ፥ ጾዘ ካእቱምታ ይን ግዳ የነ›» ያጋእ ማህዳ።
2a1116009a	የሱሳ ፋ ታማሩንꬃጎ፥ «አስ ናአ ቃምትፓ ፈታ ቦኦደስ ይን አሙꬎደ ዎደ የኦዳ፥ የዝን ይን በአማ።
2a11170086	አሱንꬅ፥ ‹ኤ የይጋ የነ› ዎይ፥ ‹Ꮉነ የነ› ያጋኦዳ፥ የዝን ኡንታና ካሊ ቅትፐተ።
2a1118007f	ዜልንꬅ ዜልንጊ ሳሎ ጋጻፓ ጋጻ ፎእዘ ፋና አስ ናአ የእት ቃምታ ይኒ ፋና ይአዳ።
2a11190083	የዝን ይና Ꮉኖዳንፓ ቲኖ አስ ናአይ ጋማ ማꬍꬋደስን Ꮉና የለተ እጽንቶደስ ቤዛነ።
2a111a0057	ኖሄ ዎደ ይእደ ፋና አስ ናአይ ዎድተን ይኒ ፋና ይአዳ።
2a111b00bd	ኖሄ ማርካበ ገልደ ቃምቶ የሎደስ አሱንꬅ ሙእተራን ኡዥተራ፥ ኤክተራን ገልተራ የሳደራ ꬋብሰ Ꮉꬅታ ይእ ኡባ ꬋብስዳ።
2a111c00ae	ሎጠ በረን ይኒ ፋና ይእዳ። አሱንꬅ ሙእተራን ኡዥተራ፥ ዎንግተራን ባይዝተራ፥ ቱክተራን ኬጽተራ፥ ጋምእዳ።
2a111d007c	ሎጠ ሶዶመፓ ከዝደ ቃማ ዲነ ጋእንትዘ ምችዘባዝ ሳሎፓ ቡኪ ኡቡንꬃና ꬋብስዳ።
2a111e0045	አስ ናአይ ቆንጭዘ ዎድተን ይኒ ጋራ ይኦዳ።
2a111f00af	«የ ዎደ ኦደን ባለ የዘ ኬꬃ ግዳ የዘ ባዝ ኤኮደስ ኬꬃ ገልፐ። ይኒ ፋና፥ ጋደ የዘ አስ አኮ ባዝስን ካራ ማቅፐ።
2a1120001d	ሎጠ ማችቶ ቲሮተ፤
2a11210088	ፋ ሸምፕቶ አሾደስ ኮይዘ አስ ኦደን ꬋብሶዳ፤ ፋ ሸምፕቶ አꬂ እንግዘ ኦደን ኤ አሾዳ።
2a11220094	ታ ይንትስ ኦህነ፤ የ ዎደ ላምእ አሱንꬅ ፈቲ ዳꬃላ ዎይኦዳ። ፈተ ኤክንቶዳ፥ Ꮉንካይ አቶዳ።
2a1123005e	ላምእ ማቹንꬅ ዎላ ጋጮደራ ፈታ ኤክንቶዳ፥ Ꮉንካና አቶዳ።
2a1124007f	[ላምእ አሱንꬅ ዎላ ጋደ ኦችዙንꬃፓ ፈታይ ኤክንቶዳ፥ Ꮉንካይ አቶዳ»] ያጋይዳ።
2a1125008a	ኡን፥ «ላꬆ አባ ኤክንቶደ?» ያጋእ ኦጭዳ። ኤ፥ «ጋዉጻ የዘ በሳ አንኮ ሺቃነ» ያጋይዳ።
2a12010093	የሱሳ ፋ ታማሩንꬃና አዛልእካይዛር ኡባ ዎደ ዎሶደ ፋና ታማርሶደስ ኮይ ያጋእ አዝዘ ኦህዳ፦
2a12020055	«ፈቲ ካታማ ጾዝስ ዣሽቶሰ አስን ዬልꬎሴ ፈቲ ዳኛ የነ
2a120300c8	ይና ካታምተ ፈቲ ቡዳንታ የነ። እዛን፥ ‹ታስን ታ ሞርክዘስ ግዳ የዘ ሞቶ ፍርዶ› ያጋእ ኡባ ዎደ የ ዳይንዘጎ ማህ ማህ ይእነ።
2a120400be	ዳይንዘ ኤራꬅ ዎደስ እ ኦህቶ ስአንጽ እጽዳ፥ የዝን ሱባፓ ፋ ዎዝንተ፥ ‹ታኒ ጾዝስ ዣሽቶሳ፥ አስስ ዬልꬋንጽ እጽኮን፥
2a120500aa	Ꮉና ቡዳንታ ታና ዋየꬅዘ ግሾ ኢስ ፍርዶዳ፤ የይዛንጽኮ ኡባ ዎደ ይእ ታና ላቢሳዳ› ያጋእ ቆፕዳ» ያጋይዳ።
2a1206003c	ላꬅን፥ «ኢታ ዳይንዘ ጋእዳኖ ስእዳ፤
2a1207007e	ጾዚ ቃማን አዋራ ኤጎ ኡክዘ ፋ ዶርዱንꬅስ ፍርዶሳነ? ኡንታና ማዶደስ ጋምኦዳነ?
2a120800b7	ታ ይንትስ ኦህዛኖ ስኦተ፥ ኤልሲ ፍርዶዳ። ማቅኮን፥ አስ ናአይ የእዘ ዎደ ሳአላ አፋ አማኖ ደማድየሳነ?» ያጋይዳ።
2a120900a6	ማህ፥ የሱሳ፥ ፋና ጽሎ አስ ፋና ማህ ጬቅንትዙንꬅስን መሉንꬃና ለቂዙንꬅስ Ꮉንጋራ ያጋእ አዝዘ ኦህዳ፦
2a120a008c	«ላምእ አሱንꬅ ዎሶደስ ጾዘ ኬꬃ Ꮉንግዳ። ፈተ ፋርሳወ Ꮉንካይ ማህ ቃራጠ ጋችዝዘ አስ።
2a120b00f2	ፋርሳዉዘ ኤቂ ፋስ ዎስተራ፥ ‹ጾዛዮ ታኒ መሉንꬅ ፋና ቦንቅዘ አስ፥ ኢታን ኦላለ አስ፥ አꬊ ማህ Ꮉይ ቃራጠ ጋችዝዘ አꬄ ፋና ማቅካይዘ ግሾ ነና ጋላታነ።
2a120c007b	ሳምንታፓ ላምእ ቶሄ ጾማነ፥ ታ ደንግዘባዝ ኡባንፓ አስራታ ከሳነ› ያጋይዳ።
2a120d00ea	«የዝን ቃራጠ ጋችዝዘ ማህ Ꮉኮራ ኤቂ መለ አቶ የዝን ሳሎ ꬎቅ ጋእ በአደስን ዣሽቲ ፋ ዳዳብቶ ቆጽተራ ‹ጾዛዮ፥ ታና ናጋራንችዛ ማሮያ› ጋእ ዎስዳ።
2a120e0121	ታ ይንትስ ኦህዛኖ ስኦተ፤ ፋርሳውዘፓ Ꮉይኒ ቃራጠ ጋችዝዘ ጾዘ ቲኖ ጽሎ ማቂ ፋ ካራ ማቅዳ። አኮስ ጋይኮ፥ ፋና ꬎቅ ꬎቅ ዪዘ አስ ቶችንቶዳ፥ ፋና ቶችዘ አስ ꬎቅ ꬎቅ ጋኦዳ» ያጋይዳ።
2a120f00ce	የሱሳ ዦጋ ናኡንꬃላ አፋ ፋ ኩሽቶ ጋዲ አንጆደ ፋና አሱንꬅ ኤጎ ከእነ። የሱሳ ታማሩንꬅ ይኖ ብእ አኮስ የሱሳጎ ኬኤ ያጋእ ካጭዳ።
2a121000ca	የዝን የሱሳ ናኡንꬃና ፋጎ ጼጊ፥ «ናኡንꬅ ታጎ ዮኦዳኖ ካይፐተ፤ ዮኦ ጋኦተ። አኮስ ጋይኮ፥ ጾዘ ካእቱሞ ኡን ፋና ይእዱንꬅስ።
2a12110090	ታኒ ይንትስ ቱሮ ኦህነ፤ ጾዘ ካእቱሞ ዦጋ ናኡንꬅ ፋና ኤኮሰ ኦደን የይጋ ገሎስ» ያጋይዳ።
2a12120094	አይሁደ Ꮉላቁንꬃፓ ፈተ፥ «ኬሃ አስታማርዛዮ፥ መዽና ደኦ ደንጎደስ አኮ ኦቾ?» ያጋእ ኦጭዳ።
2a12130078	የሱሳ ኤጎ፥ «አኮስ ታና ኬህዛዮ ያጋእ ጼገ? ፈቲ ጾዘፓ አትን መለ ኬሃ ባያ።
2a121400ac	ኦላልፐ፥ ዎꬍፐ፥ ካይስትፐ፥ ዎርዶ ማርክꬍፐ፥ ነ አዳያን ነ እንቶን ቦንቾ ያጋዘ ኪቶ ኤራነ» ያጋእ ኦጭዳ።
2a12150073	አꬃይን፥ «የን ሳና ኡባ ታኒ ናአትꬃፓ አይኪ ናግተራ ጋምእዳ» ያጋይዳ።
2a121600e7	የሱሳ ይኖ ስኤዘ ዎደ «ይኬ፥ ኔስ ፈትባዝ ፋጫነ፤ ኔስ የዘ ባዝ ሙሎ ባይዝ ዳሁንꬅስ እንጎ፤ ሳሎ ነና ቆልታ ናጋነ። የይዝ ማቂ ታና ካሎ» ያጋይዳ።
2a12170062	የዝን አꬄ ይኖ ስእደ ዎደ ኤስ ጋማ ቆሎ የዘ ግሾ ጋማ ዥልꬍዳ።
2a12180066	የሱሳ አꬃ ብእ፥ «ዱረ አስስ ጾዘ ካእቱሞ ገልዛና ዋይዝ ኡንኦደ!
2a12190077	ዱረ ጾዘ ካእቱሞ ገሎዳንፓ ግማለ ማርፐ ኡሩንꬃራ አꬍዛና ላፋነ» ያጋይዳ።
2a121a0050	ይኖ ስእደ አሱንꬅ፥ «የዛኮ ኦደ አቶደ?» ያጋይዳ።
2a121b0060	የሱሳ፥ «አስስ ዳንዳእንቶሰ ጾዝስ ዳንዳእንታነ» ያጋይዳ።
2a121c005b	ጴጥሮሳ፥ «ይኬ ኑኒ ኑ ባዝ ሙሎ አሺ ነና ካላነ» ያጋይዳ።
2a121d00dd	«የሱሳ ቱሮ ታ ይንትስ ኦህነ፤ ጾዘ ካእቱሞስ ጋእ ፋ ኬꬅቶ ዎይ ፋ ማችቶ ዎይ ፋ እሹንꬃና ዎይ ፋ አዳያን ፋ እንቶን ዎይ ፋ ናኡንꬃና አሽደ፤
2a121e0076	Ꮉና ዎድተ ጋማ ዳኮ፥ የኦደ አላምተ መዽና ደኦ ኤኮሰ ኦደን ባያ» ያጋይዳ።
2a121f00b3	የሱሳ ታጶ ላምኡንꬃና ፋጎ ጼጊ፥ «አነ የሩሳላመ የꬎተ፥ ናቡንꬅ አስ ናአይ ባዝ ጻፍዳና ኡባና የይጋ ፎልንቶዳ።
2a12200081	ኤ አይሁደ ማቆሰ አስስ አꬊ እንግንቶዳ። ኡን ኤዛ ለቆዳ፥ ጫዦዳ ኤላ አፋ ጩቶዳ።
2a1221007e	ኤዛ ጋራፍዳንፓ ሱባ ዎꬎዳ፥ የዝን Ꮉይꬓንꬆ ቃማ ኤ Ꮉይቆፓ ደንዶዳ» ያጋይዳ።
2a122200a7	የዝን ኤ ታማሩንꬅ ይና ኡባንፓ ፈትባዝን ቲሪካያ። ኤ ቆፍታ ኡንትስ አችንትደ ግሾ ኤ ዋጋኤዛኮ ኤርካያ።
2a1223005e	የሱሳ እያርኮ ኡክዘ ዎደ ፈቲ ቆቀ አꬄ ኦገ ጋጻ በቲ ዎሳነ።
2a1224006c	ቆቀ አꬄ አሱንꬅ ይና በስትራ አꬎደራ ስእ፥ «ይና አኮ?» ጋእ ኦጭዳ።
2a12250048	ኡን፥ «ናዝረተ የሱሳ Ꮉንራ አꬋነ» ያጋይዳ።
2a12260056	ኤ፥ «ዳዉተ ናአይ፥ የሱሳ፥ ታና ማሮያ» ያጋእ ኡክዳ።
2a122700ab	ቲኖ ቲኖ Ꮉንግዘ አሱንꬅ፥ «ስእ ጋኦ» ጋእ ካጭዳ። የዝን ኤ፥ «ዳዉተ ናአዮ፥ ታና ማሮ» ያጋእ ጋንꬅ ኡክዳ።
2a12280060	የሱሳ ኤቂ አꬃ ፋጎ ኮኦደ ፋና ኪትዳ። አꬃይን፥ ኤጎ ሺቅን፥
2a12290088	«ታ ኔስ አኮ ኦቾደ ፋና ኮየ?» ያጋእ ኦጭዳ። ቆቅዘ፥ «ላꬆ ታ ቦኦደስ ኮያነ» ያጋይዳ።
2a122a004c	የሱሳ፥ «ቦኦ፥ ነ አማንታ ነና ፋꬅዳ» ያጋይዳ።
2a122b008b	አꬃይ ኢራ ብእ አሽዳ። ጾዝ ቦንችተራ የሱሳ ካልዳ። አስ ኡቡንꬅ ይኖ ብእ ጾዝ ጋላትዳ።
2a13010034	የሱሳ እያርኮ ካታማ ገሊ አꬋነ።
2a1302006c	የይጋ ዛክዮሳ ጋእንትዘ ቃራጠ ጋችዙንꬅ Ꮉላቅዘ የነ። ኤ ጋማ ዱረ።
2a1303009c	ኤ የሱሳ ኦደ የዛኮ በአደስ ኮይዳ። ኤ Ꮉታ ማቅደ ግሾ አስ ጋማፓ ደንዲ የሱሳ በአደስ ዳንዳእካያ።
2a13040082	የሱሳ በአደስ ኮይ ኤ Ꮉንግዘ ኦግትስ ቲኖ ዎጺ Ꮉንግ ፈቲ ቦባ ምንጻላ አፋ ከዝዳ።
2a130500a5	የሱሳ ይና በስተ የሊተራ ꬎቅ ጋእ ብእ፥ «ዛክዮሳ፥ Ꮉይኖ ታ ነ ካራ ፌሻደስ ቤዘ ግሾ ኤለ ዎꬎ» ያጋይዳ።
2a1306003b	ኤ ኤልሲ ዎꬊ ኡፋይሳራ የሱሳ ሞክዳ።
2a1307009e	ይና በስተ የዘ አሱንꬅ ኡባና ይኖ ብእ፥ «ናጋራንችዘ ኬꬃ ገሊ ሞክንቶደስ ይአነ» ያጋእ ዙዝንግዳ።
2a1308010c	ማቆ የዝን፥ ዛክዮሳ ኤቂ ላꬃጎ፥ «ላꬆ፥ ይኬ ታስ የዘ ቆሎ ኡባንፓ ባግቶ ዳሁንꬅስ እንጎዳ። አሳፓ አኮ ባዝን ዎርዶራ ባልꬂ ኤክደባዝ ማቅኮ ኦይዲ ኩሸ ማሆዳ» ያጋይዳ።
2a13090080	የሱሳ ማህ፥ «Ꮉይ አꬄ አብራሃማ ኮች ማቅደ ግሾ Ꮉይኖ አቶትꬅ Ꮉና ካርተ ይእዳ።
2a130a005f	አስ ናአይ ይእዳና ꬋብዱንꬃና ኮዮደስን አሾደስ» ያጋይዳ።
2a130b00c0	አሱንꬅ ይኖ ስእዘ ዎደ የሱሳ የሩሳላመ ኡክደ ግሾን ጾዘ ካእቱሞ Ꮉተ ኡከራ ቆንጮደ ፋና ይእዘ ግሾ ኡንትስ አዝዘ ኦህዳ።
2a130c0087	ይኒ ግሾ፥ የሱሳ፥ «ፈቲ ኤርንትደ አስ የዘ ፋስ ካተትꬅ ኤኪ ዮኦደስ መለ ሳአ ቅትዳ።
2a130d00bf	ኤስ ኦችዘ አሩንꬃፓ ታጱንꬃና ጼጊ ፈተስ ፈተስ ፈቲ ምናነ እንግ ‹ታ ማቂ የኦደ ዎንꬅስ Ꮉና ሚሽትራ ዛልኦተ› ያጋይዳ።
2a130e00a8	«ይና ሳእተ የዘ አሱንꬅ ኤዛ እጽዘ ግሾ Ꮉይ አꬄ ኑላ አፋ ካእቶደ ፋና ኑ ኮዮስ ያጋእ አስ ኤ ሱባራ ኪትዳ።
2a130f00d7	«ማቅኮን፥ የ አꬄ ካት ማቂ ፋ ሳአ ማቅዳ። የንꬅ ታጵ አሩንꬂ ኤ እንግደ ሚሽቶ አኮ ጋር ዛልእ ትርፍዘዛኮ ኤሮደስ ኮይ ኡንታና ጼግዝዳ።
2a13100075	«ቲኖሰ ይእ፥ ‹ላꬆ፥ ነ ታስ እንግደ ምናንዘ መለ ታጶ ትርፍዳ› ያጋይዳ።
2a131100d8	«ኤዛ ላꬄ፥ ‹ናተ አማንንትደ አርዛዮ ሎኦ ኦችዳ። ነ ኤራꬅ ባዛ አማንንትደ ግሾ ኔስ ታጵ ካታማላ አፋ አደትꬅ ዎልቃ እንግዳ› ያጋይዳ።
2a13120084	«ላምአንꬅዛይ ይእ፥ ‹ላꬆ፥ ነ ታስ እንግደ ምናንዘ መለ እችን ትርፍዳ› ያጋይዳ።
2a1313007b	«ላꬂ ኤጎ፥ ‹ኔስን ማህ እችን ካታማላ አፋ አደትꬅ ዎልቃ እንግዳ› ያጋይዳ።
2a1314006f	«ይኬ Ꮉይꬓንꬅዘ ይእ፥ ‹ላꬆ፥ ታ ጩርቃራ ጻጺ ናግደ ነ ሚሽታ Ꮉናሸ።
2a131500c6	አኮስ ጋይኮ፥ ኔኒ ነባዝ ማቆሰ ባዝ ኤክዛኖን ነ ቡድካይዘባዝ ማጽዘ ኢታ ዎዝና ምንꬂ አስ ማቅደ ግሾ ኔስ ዣሽትዳ› ያጋይዳ።
2a131600d9	«ኤዛ ላꬄ ማህ፥ ‹ናተ ኢታ አርዛዮ ነ ዶንቲ ጋር ታ ነና ፍርዶዳ። ታ ጋድካይዘባዝ ኤክዛኖን ቡድካይዘባዝ ማጽዘ አስ ማቅዛኖ ነ ኤርዛኮ፥
2a1317006b	ታ ይእ ታ ምናንዛ ትርፈራ ኤኮደ ፋና ዛልእዘ አስስ አኮስ እንግካ?›
2a13180098	«ኤዛ ላꬄ ይና በስተ ኤቅዱንꬃጎ፥ ‹ኤራ የዘ ምናንዛ ኤኪ ታጶ ትርፍዝዳይስ እንጎተ› ያጋይዳ።
2a13190054	«ኡን፥ ‹ላꬆ፥ ኤስ ቲኖን ታጵ ምናነ የነ› ያጋይዳ።
2a131a00a6	«ላꬂ፥ ታ ይንትስ ኦህነ፤ ‹የዘ ኡቡንꬅስ መለ ጉጁንቶዳ፥ የዝን ባዘፓ መለ አቶ ኤስ የዛናን ኤክንቶዳ።
2a131b00b8	ማቆ የዝን፥ ታ ኡንታላ አፋ ካእታመ ፋና ኮይዱንꬅ የንꬅ ታ ሞርኩንꬃና Ꮉንካ ታ ቲንተ ክእ ዎꬎተ› ጋይዳ» ያጋይዳ።
2a131c0066	የሱሳ ይኖ ኦህዳንፓ ሱባ ኡንታፓ ቲኖ አꬊ የꬊ የሩሳላመ ቅትዳ።
2a131d0093	ሻማሄ ደርዘላ አፋ የዘ ቤተፋገን ብታንያ ኡክደ ዎደ ፋ ታማሩንꬃፓ ላምኡንꬃና ያጋእ ኪትዳ፦
2a131e00cb	«ይን ቲኖ የዘ ካራ ጋንጨ ቅቶተ፥ ይን የይጋ የልዘ ዎደ ኦደን ቶግካይዘ አጭንቲ የዘ Ꮉረ ናአ ደማዳ። ኤዛ ብሊ Ꮉይጋ ኤኪ ዮኦተ።
2a131f0075	ኦደን፥ ‹አኮስ ብለ?› ጋእ ኦጭኮ፥ ‹ላꬂ ኤዛ ኮያነ› ያጋኦተ» ያጋይዳ።
2a1320004e	ኪትንትዱንꬅ Ꮉንግ ኤ ጋይዳን ፋና ይእን ብእዳ።
2a13210072	ኡን Ꮉረ ናአያ ብሎደራ ላꬁንꬅ ብእ፥ «Ꮉረ ናአያ አኮስ ብለ?» ያጋይዳ።
2a1322003c	ኡን ማህ፥ «ላꬂ ኤዛ ኮያነ» ያጋይዳ።
2a13230095	የይጋፓ Ꮉረ ናአያ የሱሳጎ ክእዳ። ፋ ማእቶ Ꮉረ ናአይ ባንተ ጋዲ የሱሳ Ꮉረ ናአይላ በትꬅዳ።
2a13240045	አሱንꬅን ኤ የꬍዘ ኦግትላ ፋ ማእቶ ዪጽዳ።
2a132500b8	ሻማሄ ደረ ሱለ ዎꬍዘ ኦግዘጎ ኡክዘ ዎደ ፋይዶራ ሎይꬂ ጋማ አሱንꬃና ኡን ብእ ክለ ባዝተ ኡፋይት ፋ ቃልቶ ꬎቅ ዪዚ፥
2a132600ad	«ላꬄ ሱንꬅተ የእዘ ካትዘ አንጅንትዳያ ሳሎ ግዳ ሳሮ ኡባፓ ꬎቃ ሳሎ ቦንቾ ጾዝስ ማቀ።» ያጋእ ጾዝ ጋላትዳ።
2a132700a6	አሱንꬅ ግዳፓ ፈቲ ፈቲ ፋርሳዉንꬅ የሱሳጎ፥ «አስታማርዛዮ፥ ነ ታማሩንꬃና Ꮉይዞተ ጋእ ካጮ» ያጋይዳ።
2a13280056	ኤ ኡንታጎ፥ «ኡን ስእ ጋይኮ ሹቹንꬅ ኡኮዳ» ያጋይዳ።
2a1329004b	የሱሳ የሩሳላመ ኡክተ ካታምቶ ብእ ኢስ ዬክዳ።
2a132a007c	«ኔስ ሳሮ ማቃዳኖ Ꮉይኖ ነ ኤርዘባዝ ማቅዛኮ የዝን፥ Ꮉተ ነ ኣፍትፓ ገንግዳ።
2a132b0072	ነ ሞርኩንꬅ ነ ካንቶ ጋሲ ዱማ ዱማ ኦገራ ነና ተቂ ኡንእꬅዘ ዎደ የኦዳ።
2a132c00e8	ነናን ነ ጋስት ግዳ የዘ ነ ናኡንꬃና ꬋብሶዳ። ፈቲ ፈቲ ሹች ደንꬂ ዉልኦዳ፥ አኮስ ጋይኮ ጾዚ ነና አሾደስ የእዘ ዎድቶ ኤርካያ» ያጋእ ኢስ ዬክዳ።
2a132d0065	ይንፓ ሱባ፥ የሱሳ ጾዘ ኬꬃ ገሊ ዛልእዙንꬃና የይጋፓ ባይእዳ።
2a132e00ad	ማህ፥ «‹ታ ኬꬅታ ጾዝ ዎስዘ ኬꬂ ማቃዳ› ጋእ ጻፍንትዳ፥ የዝን ይን ታ ኬꬅቶ ፋኑንꬅ ዎምኦ ማህዳ» ያጋይዳ።
2a132f00b6	አዋራ አዋራ ጾዘ ኬꬅተ ታማርሳነ። ካህኑንꬅ Ꮉላቁንꬅ፥ ህገ አስታማሩንꬅን ጋደ ጭሙንꬅ ኤዛ ዎꬎደስ ኦገ ኮያነ።
2a13300092	ማቆ የዝን፥ አሱንꬅ ኡባና ኤ ትምርትቶ ፋ ዎዝንቶ ኦሊ ስእዘ ግሾ ኡንትስ ኦቾደ ባዝ ꬋብዳ።
2a140100dd	ፈቲ ቃማ የሱሳ ጾዘ ኬꬃ አሱንꬃና ታማርስተራን ዎንገለ ማርክꬍተ፥ ካህኑንꬅ Ꮉላቁንꬅ፥ ህገ አስታማሩንꬅን ጋደ ጭሙንꬅ ፈትላ ኤጎ ይእ፥
2a140200a8	«ነ Ꮉን ሳና አኮ አደትꬅ ወልቃራ ኦችዛኮ ኑስ ኦሆ። Ꮉና አደትꬅ ዎልቅቶ ኔስ እንግደ ኦደ?» ያጋእ ኦጭዳ።
2a14030061	ኤ ኡንታጎ፥ «ታንን ይንታና ፈትባዝ ኦጮዳ፥ አነ ታስ ማሆተ።
2a14040050	ጻማቅዘ ዋሐንሳ ጽንቃታ ጾዛፓነ አሳፓ?» ያጋይዳ።
2a14050084	ኡን ዎል ግዳ ያጋእ ዞርንትዳ፦ «ጾዛፓ ጋይኮ ዬዝን፥ አኮስ አማናንጽዶ?» ያጋኦዳ።
2a14060084	«አሳፓ ጋይኮ፥ አሱንꬅ ኡባና ዋሐንሳ ናበ ማቅዛኖ አማንዘ ግሾ ኑና ሹቻራ ꬎጎዳ።»
2a1407004d	ይኒ ግሾ፥ «አባፕ የዛኮ ኑ ኤሮስ» ያጋእ ማህዳ።
2a1408008e	የሱሳ ማህ፥ «ይኬ፥ ታንን አኮ አደትꬅ ወልቃራ Ꮉን ሳና ኦችዛኮ ይንትስ ኦሆስ» ያጋይዳ።
2a140900e3	ይንፓ ሱባ፥ የሱሳ ያጋእ Ꮉና አዝዝቶ አሱንꬅስ ኦህዳ፦ «ፈቲ አስ ዎይነ ቱክዳ። ኦችዙንꬅስ ኮꬄ እንግ ጋማ ዎደ ጋምእ ዮኦደስ መለ ሳአ ቅትዳ።
2a140a00df	ዎይነ ኣፍቶ ማጽዘ ዎደ የልን ዎይነ ኣፍትፓ ኤስ ዳኮደ ፋና ኦችዙንꬃጎ ፋ አርዛ ኪትዳ። የዝን ኦችዙንꬅ የ አርዛ አይኪ Ꮉꬊ Ꮉሪ ኩሸ ዳክዳ።
2a140b0077	ማህን መለ አርዛ ኪትዳ። ማህ ኦችዙንꬅ ኤዛ Ꮉꬊ፥ ካዉሽዚ Ꮉሪ ኩሸ ዳክዳ።
2a140c0094	Ꮉተን ማህ Ꮉይꬕንꬃ አርዛ ኪትዳ። ዎትዙንꬅ ኤዛን Ꮉꬊ Ꮉርግዚ ዎይነ ግዳፓ ጋጻ ኬሲ ኦልዳ።
2a140d00be	«ዎይነ ላꬄ፥ ‹ዬዝን ታ አኮ ኦቾ? አነ ማህ ታ ካዽዘ ታ ናአያ ዳኮዳ፤ ኦደ ኤሮደ ኡን ኤዛ ቦንችካይዛራ አታማ› ያጋይዳ።
2a140e00d1	«የዝን ኦችዙንꬅ አꬄ ናአያ ብእደ ዎደ ‹Ꮉይኒ ኤዛ ላቶዳያ፥ Ꮉይጋ ዮኦተ ኤዛ ዎꬎዳ፥ የይዝኮ ላትታ ኑስ ማቃዳ› ያጋእ ዞርንትዳ።
2a140f0076	ዎይነ ግዳፓ ጋጻ ኬሲ ዎꬍዳ። «ዬዝን፥ ዎይነ ላꬄ የንꬅ አሱንꬃና ዋይሳደ?
2a141000d9	ይእ የንꬅ ኦችዙንꬃና ꬋብሶዳ፥ ዎይነ በስቶ መለ አሱንꬅስ እንጎዳ። አሱንꬅ ይኖ ስኤዘ ዎደ ‹ሽንቻለ ይኒ ጋርዘባዝ ክእፐ›» ያጋይዳ።
2a141100fd	የሱሳ ኡንታና ዳኪ ብእ፥ ዬዝን «ግምበ ኬጽዘ አሱንꬅ ቦርደ ሹችዘ፥ ኬꬅስ ምንꬅን ጻላትꬅ እንግዘ ኡባንፓ አꬍዘ ሹች ማቅዳ» «ጋእንት ጻፍንትዳን ብልꬅታ አኮ?
2a14120089	የ ሹችዘላ አፋ ጎልእዘ ኡባና መቆዳ፥ ሹችዘ ኤላ አፋ ዎꬍዘ ኡባና ጋጭንቶዳ» ያጋይዳ።
2a141300e7	ህገ አስታማሩንꬅን ካህኑንꬅ Ꮉላቁንꬅ ይና አዝዝታ ኦህንትዳና ኡንታላ አፋ ማቅዳኖ ኤሪ የ ዎደ ኤዛ አይኮደስ ኮይዳ፥ የዝን አሱንꬅስ ዣሽትዳ።
2a141400e6	ይኒ ግሾ፥ የሱሳ ዎርዥቶ አህዘ ሮመ ካትዘስ አꬂ እማደስ ኮይ ኤ ዶንትፓ ባላ ቃላ ናጋነ። ይኖ ፎልሳደስ ጽሎ ጋራ ይእ ጭምዘ አሱንꬃና ኤጎ ኪትዳ።
2a141500e5	ኪትንቲ Ꮉንግደ አሱንꬅ፥ «አስታማርዛዮ፥ ኔኒ ኦህዛናን ታማርስዛና ልከ ማቅዛኖ፥ ማህ ጾዘ ኦግቶ ቱርራ ታማርስዛኖን ኦናን ሻጎሳኖ ኑ ኤራነ።
2a14160070	ይኦ የዝን፥ ሮመ ካትስ ጊራ ጊሮደስ ቤዛነነ ቤዞሳ?» ያጋእ ኤዛ ኦጭዳ።
2a1417003f	የዝን ኤ ኡን ዎዝና ኢታትꬅቶ ኤርደ ግሾ
2a141800ae	«አነ ታና ፈቲ ሳንትመ ቤዞተ፥ ኤላ የዘ ምስልታን ሱንꬅታ ኦደባዞ?» ያጋይዳ። ኡን ማህ፥ «ሮመ ካት» ያጋይዳ።
2a14190072	ኤ ማህ፥ «ዬዛኮ፥ ቄሳረስቶ ቄሳረስ፥ ጾዘስቶ ጾዝስ እንጎተ» ያጋይዳ።
2a141a009c	ይኒ ግሾ፥ ኤ ማህደ ማህተ አሱንꬅ ቲንተ ባላ ደንጎደስ ዳንዳእካያ። ኤ ማህተ ጋማ ቆፒ ስእ ጋይዳ።
2a141b0062	Ꮉይቆፓ ደንዶ ባያ ያጋዘ ሳዱቃዉንꬃፓ ፈተ ፈተ የሱሳጎ ይእ፥
2a141c00cb	«አስታማርዛዮ፥ ፈቲ አስ ማቾ ኤኪ ናአ የልካይዛራ Ꮉይቂኮ፥ ኤ እሸ ይና ማችቶ ኤኪ ናአ የሊ ፋ እሸስ ኮች አሾደ ፋና ሙሴ ጻፍዳ።
2a141d006c	ይኬ ላፑን እሹንꬅ የነ። አንግሰ ማቾ ኤኪ ናአ የልካይዛራ Ꮉይቂዳ።
2a141e004a	ላምአንꬅዘ እዞ ኤኪ ናአ የልካይዛራ Ꮉይቂዳ።
2a141f00a4	Ꮉይꬓንꬅዘ ይኒ ፋና ይእዳ። ላፑኑንꬅ ኡባና ይኒ ጋራ ይእ እዞ ኤክዳ፥ የዝን ናአ የልካይዛራ Ꮉይቂዳ።
2a1420002a	ኡባፓ ሱባ ማችታ Ꮉይቂዳ።
2a1421008f	ይኬ፥ ላፑን ꬊራꬅ እዞ ኤክደ ግሾ Ꮉይቆፓ ደንድዘ ዎደ እዛ ኦደ ማቾ ማቃደ?» ያጋእ ኦጭዳ።
2a14220044	የሱሳ ማህ፥ «አስ Ꮉና ዎድተ ኤካነ ገላነ።
2a14230068	የዝን Ꮉይቆፓ ደንዲ የኦደ አላምተ የሳደስ ቤዙንꬂ ኤኮስ ገሎስ።
2a1424007e	ኡን ኪታንቾ ፋና ማቅዘ ግሾ ቲኖፓ Ꮉይቆስ። Ꮉይቆፓ ደንድደ ግሾ ኡን ጾዘ ናአ።
2a142500d2	ሙሴ ላꬂ፥ ‹አብራሃማ ላꬂ፥ ይሳቃ ላꬂ፥ ያይቆባ ላꬂ› ጋእ ጭልኦ ግዳ ኤጽዘ ታማ ታሪክቶ ጻፍዳነ Ꮉይቂደ አሱንꬅ ደንድዛኖ ቤዛነ።
2a142600a1	ኡቡንꬅ ኤስ ፋጻ የዙንꬃና ማቃደ ግሾ ኤ ፋጻ የዙንꬅ ላꬃፕ አትን Ꮉይቂዱንꬅ ላꬂ ባያ» ያጋእ ማህዳ።
2a14270075	ህገ አስታማሩንꬃፓ ፈተ ፈተ፥ «አስታማርዛዮ፥ ሎኦ ባዝ ኦህዳ» ያጋይዳ።
2a1428003e	ይንፓ ሱባ፥ መለ ኦጨ ኦጮደስ ዣሽትዳ።
2a1429006c	ይንፓ ካሊ የሱሳ ኡንታጎ፥ «አሱንꬅ ክርስቶሳ ዋይዝ ዳዉተ ናአ ጋኤ?
2a142a00f6	አኮስ ጋይኮ፥ ዳዉተ ፋ ኦምተ ማዝሙረ ማጻፍተ፥ «‹ጾዚ ታ ላꬄጎ «ታ ነ ሞርኩንꬃና ነ ቶህታ የꬍዘ በሲ ማሆደ ዎንꬅስ ታፓ ምዛቅ ዛላራ በቶ» ጋይዳ ያጋይዳ።
2a142c007b	«ይኬ፥ ዳዉተ ክርስቶሳ፥ ‹ላꬆ ጋእ ጼግተራ ኤስ ናአ ዋይዝ ማቀ?›» ያጋይዳ።
2a142d0034	አስ ኡባ ስአደራ ፋ ታማሩንꬃጎ፥
2a142e00ef	«ጳርጎ ማኦ ማእ ዉታ ካꬍዙንꬃፓ፥ ጋበ ቦንቾ ሳሮ ፥ አይሁደ ዎሳ ኬꬅተ ቦንቾ ኦይዳ፥ ሞኩንትዘ ኬꬃን ቦንቾ በሲ ኮይዘ ህገ አስታማሩንꬃፓ ናግንቶተ።
2a142f009e	ኡን ቡዳን ኬꬂ ካሎ አሽዙንꬃና፥ ጽሎ አስ ጋር ይእ ዎሳ ጳርግዛነ። ኡን ኢታ ፍርዳ ኤኮዳ» ያጋይዳ።
2a15010074	ዱረ አስ ጾዘ ኬꬃ ሙጻተ ሳጥንተ ኦሎደራ የሱሳ ꬎቅ ጋእ አሱንꬃና ብእዳ።
2a1502004c	ማህ ፈቲ ዳሃ ቡዳንታ ላምእ ስክና ኦሎደራ ብእ፥
2a15030065	«ታ ይንትስ ቱሮ ኦህነ፤ Ꮉና ዳሃ ቡዳንታ ኡባንፓ አꬂ እንግዳ።
2a150400c2	አኮስ ጋይኮ፥ Ꮉንꬅ አሱንꬅ ኡባና ፋስ የዘ ባዛፓ እንግዳ፥ የዝን እዛ ፋ ፋጭትፓ፥ ፋስ የዘ የስቶ ሙሎ እንግዳ» ያጋይዳ።
2a150500a1	የሱሳ ታማሩንꬃፓ ፈተ ፈተ ጾዘ ኬꬅታ ጋማ ሎእዘ ሹቻራን አስ ጾዝስ እንግደ እሞራ ሎእዳኖ ኦህንታነ።
2a150600c6	የዝን የሱሳ፥ «Ꮉና ይን በእዘ ባዝታ ኡባና ላንትካይዛራ፥ ሹች ሹቻላ አፋ ግምቢንትደ ፋና Ꮉንራ አቶሰ ዎደ የኦዳ» ያጋይዳ።
2a1507009c	ኡንትን፥ «አስታማርዛዮ፥ Ꮉና ኡባና Ꮉኖዳና አይደ? ማህ Ꮉና Ꮉኖዳንስ ማልታ አኮ?» ያጋእ ኦጭዳ።
2a15080104	የሱሳ ያጋእ ኡንትስ ማሄ እንግዳ፦ «ባልንታመ ጋር ናግንቶተ። ጋሙንꬅ ፋና፥ ‹ታ ክርስቶሳ፥ ዎድታ ኡክዳ› ያጋእተ ታ ሱንꬅተ የኦዳ፥ የዝን ይን ኡንታና ካልፐተ።
2a150900c7	ይን ኦላባዝን አስ ኢታትꬅ ስእዘ ዎደ ታንፐተ። ይና ቲንꬊ ይኦዳና አታመባዝ ማቃደ ግሾ ዎደ ዉርሱꬅታ ኤልሲ የኦስ» ያጋይዳ።
2a150a0063	ካልን፥ «ዎርዣ ዎርዣላ አፋ፥ ካእቱሞ ካእቱሞላ አፋ ደንዶዳ።
2a150b00a6	ዳማ ሳአ ኤንኤ Ꮉኖዳ፥ ጋዶ Ꮉርገ ናየ ባይኤን ዱማ ዱማ በሳ ጋማዳ፥ ዣሽዘባዝን ዳማ ማላ ሳሎፓ በንቶዳ።
2a150c011d	የዝን Ꮉና ኡባና Ꮉኖዳንፓ ቲኖ ታ ሱንꬅት ግሾ ጋእ አስ ይንታና ባይꬆዳ አይኮዳ። አይሁደ ዎሳ ኬꬃ ፍርድ አች ኬꬃ ይንታና ኦሎዳ። ካት ቲኖን ዎርዣ አህዙንꬂ ቲኖ ይንታና ካንጎዳ።
2a150d0056	ይናን ታ ባዝ ይን ኡንትስ ማርክꬋደስ ሎኦ ኦገ ማቃዳ።
2a150e008b	ይኒ ግሾ፥ ይን ኦጭንትዘ ዎደ ዋጋእ ማሄ እማደ ጋእ ይን ዎዝንተ ኡንእንታመ ፋና ቆፖተ።
2a150f00a8	አኮስ ጋይኮ፥ ይን ሞርኩንꬅ ይንታራ ኤቅንቶደስን ላሎደስ ዳንዳኦሰ ዶናን ጭንጫትꬅ ታ ይንትስ እንጎዳ።
2a151000c5	መለ አቶ የዝን፥ ይንታና የልዱንꬅ፥ ይን እሹንꬅ፥ ይን እግኑንꬅ ላጉንꬅ ይንታና አꬂ እንጎዳ። ይን ግዳፓ ፈታ ፈታ ዎꬎዳ።
2a1511005c	ታ ሱንꬅት ግሾ አስ ኡባ ቲንተ ይን እጽንትዱንꬃና ማቃዳ።
2a1512005c	የዝን መለ አቶ የዝን፥ ይን ኦማ እስንꬅትፓ ፈተን ꬋቦስ።
2a15130046	ምንꬂ ዳንዳአራ ይን፥ ይን ሸምፕቶ አሾዳ።»
2a1514008b	«የሩሳላመ ካታምታ አላጋ ዎታዳረራ ጋስንት በቴዝን ይን ብእኮ ኢስ ꬋበ ኡክዳኖ ኤሮተ።
2a1515009f	የ ዎደ ይሁዳ የዘ ኡባና ደረጎ ዎጺ ꬋቦ፥ ካታምተ የዙንꬅ የይጋፓ ከዞ፥ ጋጻረ የዙንꬅ ካታማ ገልፐ።
2a15160070	አኮስ ጋይኮ፥ Ꮉና ጻፍንትዳና ፎልንቶደ ጋር ይና ጾዘ ኩሸ ማህዘ ዎደ።
2a151700b2	ሳአላ አፋ ዳማ ማꬋ የኦዳ፥ Ꮉነን አሳላ አፋ ጾዘ ባድꬅ የኦዳ። ይኒ ግሾ፥ ዎዳꬅ ማቹንꬃናን ꬋንꬅዙንꬃና ባደ።
2a151800d7	ኡን ማሻራ Ꮉይቆዳ፥ አስ ኡባና አላጋ ሳአ የሳዳ። አይሁደ ማቆሰ አሱንꬅ ዎድታ ፎልንቶደ ዎንꬅስ የሩሳላመ ኡንታራ የዽንትዳኖ ማቃዳ።
2a151900bb	«አዋን፥ አግናን፥ ጾልንቶላ አፋ ማላ በንቶዳ። አባፓን ዙሉንተ ኤንኤ ደንድዳንፓ ሳአ የዘ አስ ኡንእንቶዳ ይርጎዳ።
2a151a0087	ሳሎ ዎልቅታ ቡቁንቶደ ግሾ አስ ዣሽሞራን ሳአላ አፋ አኮ ይአድየሳ ጋእ ናጎራ ታኖዳ።
2a151b006d	የ ዎደ አስ ናአይ ዎልቃራን ዳማ ቦንቾራን ꬎነራ የኦደራ ኡን በአዳ።
2a151c00b7	ይንታና አሽዘ ኡክደ ግሾ Ꮉና Ꮉንዛና ፎልንቶደስ አይክዘ ዎደ ጊግንቲ ኤቆተ፥ ይን ኦምቶ ꬎቅ ዪዚ ቦኦተ» ያጋይዳ።
2a151d0075	ካልን፥ Ꮉንጋራ ጋእ አዝዘ ኦህዳ፦ «በለሰ ምንጻን መለ ምንጻ ኡባ ቦኦተ።
2a151e0042	ኡን አጭዘ ዎደ ቶርቼ ኡክዳኖ ይን ኤራነ።
2a151f0073	ይኒ ጋራ Ꮉና Ꮉንዛና ፎልንቶደራ ይን ብእኮ ጾዘ ካእቱሞ ኡክዳኖ ኤሮተ።
2a1520007b	«ታ ይንትስ ቱሮ ኦህነ፤ Ꮉና ኡባና ፎልንቶደ ዎንꬅስ Ꮉና የለትꬅታ አꬎኦስ።
2a15210048	ሳሎን ሳአን አꬎዳ፥ የዝን ታ ቃልታ አꬎኦስ።
2a152200f6	«ይኬ፥ ቦረ ባይዘ የሳራ፥ ኡሽ ጋን ራ የስ ባዝስ ኡንእንተራ ይን ዎዝንታ አይክንታመ ጋራን ይና ቃምታ ቲርካይዝን ጽኬ ፋና ይንታና አይካመ ፋና ናግንቶተ።
2a1523004f	ይና ቃምታ ሳአ ኩሙꬅተ የዘ ኡቡንꬃላ አፋ የሎዳ።
2a152400b1	ይኒ ግሾ፥ የእዘ ባዝ ኡባፓ አቶደስን አስ ናአ ቲንተ ኤቆደስ ዳንዳእንቶደ ፋና ኡባ ዎደ ሚንግ ዎሶተ» ያጋይዳ።
2a15250081	አዋራ አዋራ የሱሳ ጾዘ ኬꬅተ ታማርስተ፥ ቃማ ቃማ ሻማሄ ደርዘላ አፋ ኬዚ አቃነ።
2a15260054	አስ ኡባ ኤዛ ስኦደስ ዎንታ ጎዳ ኤጎ ጾዘ ኬꬃ የእነ።
2a1601003c	የ ዎደ ፋስካ ያጋዘ ቦራ ባአለ ኡክዳ።
2a160200af	ካህኑንꬅ Ꮉላቁንꬅን ህገ አስታማሩንꬅ አሱንꬅስ ዣሽትደ ግሾ ዋይዝ የሱሳ ፋ ግዳፓ ꬋብሶድየዛኮ ኦገ ኮያነ።
2a16030072	ጻላሄ ታጶ ላምኡንꬃፓ ፈታ ማቅደ አስቆሮቱ ይሁዳ ጋእንትዘ ግዳ ገልዳ።
2a160400b8	ይሁዳ ካህኑንꬅ Ꮉላቁንꬅስን ጾዘ ኬꬃ ናግዙንꬅ Ꮉላቁንꬃጎ Ꮉንግ የሱሳ ዋይዝ አꬂ እማድየዛኮ ኡንታራ ዞርንትዳ።
2a1605004e	ኡንትን ይነ ኡፋይት ብራ እማደስ ኤራ ዞርንትዳ።
2a16060083	ኤዝን ዞርንትዳነ ጊግዳ። አꬂ ኡንትስ እማደስ አስ ባይዘ ዎትዘ ዎደ ናግተራ የነ።
2a16070052	ይንፓ ሱባ፥ ፋስካ ዱሮ ሹክንትዘ ቦራ ባአለ የልዳ።
2a16080087	የሱሳ፥ «ፋስካ ካዎ ማአደ ጋር Ꮉንግ ኑስ ጊግዞተ» ያጋእ ጴጥሮሳን ዋሐንሳን ኪትዳ።
2a1609004e	ኡን፥ «ኑ አባ ጊግሳደ ጋር ነ ኮየ» ያጋእ ኦጭዳ።
2a160a00b9	ኤ ኡንታጎ፥ «ይኬ ይን ካታማ ገሎደራ Ꮉꬅ ኦታራ ቶክደ አꬄ ይንታራ የልንቶዳ። ኤ Ꮉንግ ገልዘ ኬꬅተ ኤዛ ካሊ ገሎተ።
2a160b00a8	ካርትአደጎ አስታማርዘ፥ ‹ታ ታ ታማሩንꬃራ ዎላ ፋስካ ካዎ ማአደስ ዛቆ ኬꬅታ አባ የነ? ያጋይዳ› ጋኦተ።
2a160c0086	ኤ ፎቀላ አፋ ዪጽንት ጊጊ የዘ ዳልጋ ክፍለ ይንታና ቤሳዳ፥ የይጋ ጊግዞተ» ያጋይዳ።
2a160d007d	ኡን Ꮉንግ የሱሳ ጋእዳን ጋራ Ꮉንን ደንግዳ። ፋስካ ባአለ ካዎ የይጋ ጊግዝዳ።
2a160e0055	ሳታን የልደ ዎደ የሱሳ ሐዋሩንꬃራ ዎላ ካዎላ በትዳ።
2a160f0083	ኤ ኡንታጎ፥ «ታ ማꬋ ኤኮዳንፓ ቲኒ Ꮉና ፋስካ ካዉቶ ይንታራ ማአደስ ጋማ አሙꬍዳ።
2a16100093	ይኬ፥ ስኦተ! ጾዘ ካእቱምተ Ꮉንስ ብልꬅታ ፎልንቶደ ዎንꬅስ Ꮉና ካዉቶ ማህ ሞኦስ» ያጋይዳ።
2a16110055	ኡሽቶ ኤኪ ጋላቲ ማቂ፥ «Ꮉተ Ꮉኖ ይን ግዳ ግሽንቶተ።
2a1612008d	ስኦተ! ጾዘ ካእቱሞ የኦደ ዎንꬅስ Ꮉይኖፓ አይኪ Ꮉና ዎይነ ኡሽትፓ ማህ ኡዦስ» ያጋይዳ።
2a161300b9	ቦርዛ ኤኪ፥ ጋላቲ ማቂ፥ «Ꮉና ይንትስ እንግንትዳና ታ አሽቶ። Ꮉኖ ኦችታራ ታና ቲሮተ» ያጋእ ባጽ ኡንትስ እንግዳ።
2a16140091	ይኒ ፋና፥ ካዉትፓ ሱባ ኡሽቶ ኤኪ፥ «Ꮉና ኡሽታ ይንትስ ጎግደ ታ ሱꬅተ ፎልንትዘ ክለ ጫቆ።
2a16150059	ማቅኮን፥ ታና አꬂ እንጎደ አꬄ ኩሽታ ታራ ፈትላ ጋባተ።
2a1616008e	አስ ናአይ ኤስ ጾዚ ጋይደ ፋና Ꮉይቆደስ የነ፥ የዝን ኤዛ አꬂ እንግዘ አꬃ ባደ» ያጋይዳ።
2a1617004b	ኡን ፋ ግዳ፥ «Ꮉኖ ኦኒ ኦቾደ» ጋእ ዎል ኦጭዳ።
2a1618004d	ማህ ኡን ግዳ ዳማ ማቃደ ኦደ ጋዘ ላለ መꬍንትዳ።
2a161900d2	የሱሳ ኡንታጎ፥ «አላመ ካቱንꬅ ፋ አሱንꬃና ዎልቃራ አሃነ፤ ፋ ደርትላ አፋ ላꬅꬍዙንꬃናን ፋና፥ ‹ሎኦ ኦችዙንꬃና› ያጋእ ጼጋነ።
2a161a008f	የዝን ይን ግዳ ይኒ ፋና ማቅፐ። ይን ግዳ አንግስዘ ጌዘ ፋና ይኦ፤ ካልꬅዘ ካልዘፋና ይኦ።
2a161b0086	ዬዝን፥ ሞክዘፓን ሞክንትዘፓ አየ አ? ሞክንትዛ ባነ? የዝን ታኒ ይን ግዳ ሞክዘ ፋና።
2a161c0063	«ይንትን ታ ማꬍተ ታፓ ሻክንትካይዛር ታራ ሚንግ ኤቅዱንꬃና።
2a161d0113	ይን ታ ሌማትፓ ማአደ ፋና፥ ኡሻደ ፋናን አራታላ አፋ በቲ ታጶ ላምእ እስራኤለ ሼሹንꬃላ አፋ ፍርዶደ ጋር ታ አዳይ ታና ሹምደ ፋና ታንን ይንታና ታ ካእቱምተ ሹሞዳ» ያጋይዳ።
2a161f0074	ካሊ የሱሳ፥ «ስሞና፥ ስሞና፥ ጻላሄ ይንታና ዛርጋ ፋና Ꮉርቆደስ ዎስዳ።
2a16200091	የዝን ታ ነ አማንታ ꬋባመ ፋና ኔስ ጭምꬋነ። ኔንን ማቅደ ዎደ ነ እሹንꬃና ሚንꬆ» ያጋይዳ።
2a1621006b	ስሞና፥ «ላꬆ፥ ታ ኔራ አጭንቶደስን Ꮉይቆደስ ጊግንትዳ» ያጋይዳ።
2a16220099	የሱሳ ጴጥሮሳጎ፥ «ታ ኔስ ኦህነ፤ Ꮉይኖ ሉኩለ ኦሎዳንፓ ቲኖ ነ ታና Ꮉይꬕ ቶሄ ካዶዳ» ያጋይዳ።
2a162300f5	ካሊ፥ የሱሳ ኡንታጎ፥ «ታኒ ይንታና ኮሮጆ፥ ካርጽተን ጫማ ባይዝን ኪተዘ ዎደ ይንትስ ፋጭደባዝ የነ?» ያጋእ ኦጭዳ። ኡን ማህ፥ «አኮን ፋጭካያ» ያጋይዳ።
2a1624008a	ኤ ኡንታጎ፥ «Ꮉተ ኮሮጆን ካርጥተ የዘ አይኮ፤ ማሻ ባይዘ ፋ አፉልቶ ባይዝ ማሻ ዎንጎ።
2a162500dc	Ꮉኖ ስኦተ! ‹ገኑንꬃራ ፋይድንትዳ› ጋእንት ጻፍንትዳና ታ ግዳ ፎልንቶደስ ቤዛነ። ዬ፥ ታ ግሾ ጻፍንትዳና ፎልንትዛና ቱርꬍዳ» ያጋይዳ።
2a16260075	ኤ ታማሩንꬅ፥ «ላꬆ Ꮉነ ላምእ ማሻ የነ» ያጋይዳ። ኤ፥ «ማቃዳ» ያጋይዳ።
2a1627007d	የሱሳ ትኖፓ ከዝዛን ጋራ ደንዲ ሻማሄ ደርዘላ ከዝዳ። ኤ ታማሩንꬅ ኤዛ ካልዳ።
2a16280057	ይና በስተ የልደ ዎደ «ማꬋ ገላመ ፋና ዎሶተ» ያጋይዳ።
2a16290059	ኡንታፓ ሹች ꬎግን የሎደ በሲ ጋር Ꮉኪ ቡንቁንቲ ዎስዳ።
2a162a009a	«ታ አዳዮ፥ ነ ቆፋ ማቅኮ Ꮉና ማꬋ ጹኡቶ ታፓ ኣꬆ። የዝን ታ ቆፋ ማቅፐ ነ ቆፋ Ꮉኖ» ያጋእ ዎስዳ።
2a162b0033	ኪታንቾ ሳሎፓ በንቲ ምንꬅꬅዳ።
2a162c006d	ጋማ ኡንእንት ምንꬂ ዎሳነ። ኤ ጫዉታን ሱꬅ ጾክዘ ጋር ሳእተ ጾካነ።
2a162d0080	የሱሳ ዎሳ ፖሊ ፋ ታማሩንꬃጎ ይእዳ። ኡን፥ አዛኖፓ ደንዲ ላቢ ገንተዝን ደንግ፥
2a162e0057	«አኮስ ገንተ? ፋታና ገላመ ፋና ደንዲ ዎሶተ» ያጋይዳ።
2a162f00cd	ኤ Ꮉጋ ኦሄላ አፋ የዝን ጋማ አሱንꬅ ይእዳ። ታጶ ላምኡንꬃፓ ፈተ ይሁዳ ጋእንትዘ ኡንታና ካልꬃነ። ኤ የሱሳ ዬሮደስ ካለ ሺቅዳ።
2a16300064	የዝን የሱሳ፥ «ይሁዳ፥ አስ ናአያ ዬሪ አꬂ እንጎዳ?» ያጋይዳ።
2a16310064	የሱሳ ታማሩንꬅ ይና Ꮉንዛኖ ብእ፥ «ላꬆ ማሻራ ጋቾ?» ያጋይዳ።
2a16320063	ኡን ግዳፓ ፈተ ካህኑንꬅ Ꮉላቅዛ ጉዲ ምዛቅ Ꮉይዛ ጋቺ ኦልዳ።
2a16330064	የዝን የሱሳ፥ «አሾ! ካይፐተ» ያጋይዳ። አꬄ Ꮉይዛ ቦቺ ፋꬅዳ።
2a163400f5	ይንፓ ሱባ፥ የሱሳ ፋና አይኮደስ ይእደ ካህኑንꬅ Ꮉላቁንꬃጎ፥ ጾዘ ኬꬃ ናግዙንꬅ ሹሙንꬃጎን ጭሙንꬃጎ፥ «ፋኖ አይክዘ አስ ፋና ማሻን ጉፈ አይኪ ይእዳተ?
2a163500be	ኡባ ዎደ ጾዘ ኬꬅተ ታ ይንታራ የዘ ዎደ ታላ አፋ ኩሸ ጋድካያ። የዝን Ꮉና ꬉማ ካእቱሞ አህዘ ዎደን ይን ዎደን» ያጋይዳ።
2a16360089	ይንፓ ሱባ፥ የሱሳ አይኪ ካህኑንꬅ Ꮉላቅዘ ዎፋ ካንግዳ። ጴጥሮሳ Ꮉኮራ የሱሳ ካላነ።
2a16370083	አሱንꬅ ካህኑንꬅ Ꮉላቅዘ ዎፋ ታማ ኤꬂ ዎላ በቴዝን ጴጥሮሳ ኡንታራ ፈትላ በትዳ።
2a16380079	ፈቲ አርታ ጴጥሮሳ ታማ ካለ በትዳኖ ዳኪ ብእ፥ «Ꮉይ አꬄ ኤራ የነ» ያጋይዳ።
2a1639005e	የዝን ጴጥሮሳ፥ «Ꮉና ማችተ ታ የ አꬃ ኤሮስ» ያጋእ ካድዳ።
2a163a00bf	ኤራꬅ ዎደፓ ሱባ ፈቲ መለ አስ ኤዛ ብእ፥ «ኔንን ኡንታፓ ፈታ» ያጋይዳ። የዝን ጴጥሮሳ፥ «Ꮉይ አꬃዮ ታና ባያ» ያጋይዳ።
2a163b00b5	ፈቲ ሳተ ጋር ጋምእዳንፓ ሱባ ፈቲ መለ አꬄ ሎይꬂ፥ «Ꮉይ አꬃይ ጋልላፓ ማቃደ ግሾ ሶኤ ባይዝን ኤራ የነ» ያጋይዳ።
2a163c009c	የዝን ጴጥሮሳ፥ «Ꮉይ አꬃዮ፥ ነ ጋዛያ ታ ኤሮስ» ያጋይዳ። ኤ ይና ኦህቶ Ꮉስካይዝን ሉኩለ ኦልዳ።
2a163d00c8	ላꬂ ሱባ ማቂ ጴጥሮሳ ብእዳ። ጴጥሮሳ፥ «Ꮉይኖ ሉኩለ ኦሎዳንፓ ቲኖ ነ ታና Ꮉይꬕ ቶሄ ካዶዳ» ያጋእ፥ ላꬂ ኦህደ ቃልቶ ቲርዳ።
2a163e0035	ጴጥሮሳ ባለ ኬዚ ጋማ ጎቂ ዬክዳ።
2a163f0045	የሱሳ ናግዘ አሱንꬅ ኤዛ ለቀን Ꮉ አይክዳ።
2a16400066	ኤ ኣፍቶ ጎዚ «አነ ትንቢተ ኦሆ፤ ነና Ꮉꬍደ ኦደ?» ያጋእ ኦጫነ።
2a16410021	መለ ጋማ ለቂ ጫዣነ።
2a164200c3	ሳአ ዎንትዘ ዎደ አይሁደ ሳአ ጭሙንꬅ፥ ካህኑንꬅ Ꮉላቁንꬅን ህገ አስታማሩንꬃጎን ሻንጉንꬃጎ ሺቂ፥ የሱሳ ፋ ቲኖ ሺሽዳ።
2a1643007f	ኡን፥ «ነ ክርስቶሳ? አነ ኑስ ኦሆ?» ያጋእ ኦጭዳ። የሱሳ፥ «ታ ኦህዛኮ አማኖስ።
2a1644001d	ታ ኦጭዛኮ ማሆስ።
2a16450073	የዝን አስ ናአይ Ꮉንፓ ጎደ ባጋ ዎልቃማ ጾዘ ምዛቅ ባጋ በቶዳ» ያጋይዳ።
2a16460093	የ ዎደ ኡባና፥ «ዬዝን፥ ነ ጾዝ ናአ?» ያጋይዳ። ኤ፥ «ታ ጾዘ ናአ ይን ጋይዳን ፋና» ያጋይዳ።
2a1647007d	ኡን፥ «ይኬ፥ መለ ማርካ አኮ ኮሸ? ኤ ፋ እልአንꬅተ ኦሆደራ ኑ ስእዳ» ያጋይዳ።
2a17010068	ይና በስተ ሺቅደ ሻንጉንꬅ ኡባና ደንዲ የሱሳ ጵላጦሳጎ ካንግዳ።
2a170200d7	«Ꮉይ አꬄ ኑ አሱንꬃና ባልꬆደራ፥ ሮመ ካትስ ጊራ ጊራመ ፋና ካዮደራን ማህ፥ ‹ታኒ ክርስቶሳ ይን ካት› ያጋዝን ደንግዳ» ያጋእ ሞትዳ።
2a17030099	ጵላጦሳ የሱሳ፥ «ኔኒ አይሁዱንꬅ ካትነ?» ያጋእ ኦጭዳ። የሱሳ፥ «የ፥ ነ ጋእዳን ጋር» ያጋይዳ።
2a1704009a	ጵላጦሳ ካህኑንꬅ Ꮉላቁንꬃጎን አሱንꬃጎ፥ «Ꮉይ አꬄላ አፋ ታ ፈቲ ባላ ባዝ ደንግካያ» ያጋይዳ።
2a170500a5	የዝን ኡን፥ «Ꮉይ አꬄ ጋልላፓ አይኪ Ꮉኖ የሎደስ ይሁዳ ኩሙꬅ ኢታባዝስ ደንꬅꬃነ» ያጋእ ምንꬂ ኦህዳ።
2a17060071	ጵላጦሳ ይኖ ስኤዘ ዎደ የሱሳ ጋልላ አስ የዛኮ ኤሮደስ ኮይ ኤዛ ኦጭዳ።
2a170700a6	የሱሳ ሄሮድሳ ሳአፓ ይእደ አስ ማቅዛኖ ጵላጦሳ ኤርደ ዎደ ሄሮድሳ የ ዎደ የሩሳላመ የዘ ግሾ ኤጎ ዳክዳ።
2a170800fd	ሄሮድሳ የሱሳ በአደስ ጋማ ዎደፓ ኮይተራ የዘ ግሾ ኤዛ በኤዘ ዎደ ጋማ ኡፋይትዳ። አኮስ ጋይኮ፥ ኤ ባዝ ስእደ ግሾ ጋማ ቆፍዘ ባዝ ኦችን በአደስ አሙꬍተር የነ።
2a17090059	ሄሮድሳ የሱሳ ጋማ ኦች ኦጭዳ፥ የዝን ኤ አኮን ማህካያ።
2a170a006b	ካህኑንꬅ Ꮉላቁንꬅን ህገ አስታማሩንꬅ እዘ ኤቂ ምንꬂ ኤዛ ሞታነ።
2a170b008c	ሄሮድሳራን ኤ ዎታዳሩንꬃራ የሱሳ ቶቺ ለቂዳ። ቦንቾ አፉላ ማእሲ ጵላጦሳጎ ማህ ዳክዳ።
2a170c005b	ሄሮድሳራን ጵላጦሳራ ቲኖ ሞርከየዝን የ ዎደ ዎላ ጊግዳ።
2a170d0063	ጵላጦሳ ካህኑንꬅ Ꮉላቁንꬃና፥ አስ አህዙንꬃናን ፈትላ ጼጊ፥
2a170e00c3	«‹Ꮉይ አꬄ አስ ዎቦ ባዝስ ደንꬅꬃነ› ጋእ ታጎ ክእዳ። ታንን ይን ቲንተ ቁርችን ይን ሺሽደ ሞትስ አኮ ባላ ባዝ ደንግካያ።
2a170f00c5	ሄሮድሳ፥ ይኒ ጋር አኮ ባላ ባዝ ኤላ አፋ ደንግካይዘ ግሾ ኑጎ ዳክዳ። ቱሮን Ꮉይ አꬄ Ꮉይቆስ የልꬅዘ አኮ ባላ ባዝ ኦችካያ።
2a17100044	ይኒ ግሾ፥ ኤዛ ጋራፊ ብሊ ዳኮዳ» ያጋይዳ።
2a17110088	ይኖ ኤ ጋእዳና ፋስካ ባአለ ዎደ ፈቲ አስ ኡንትስ ብሎዳና ኤስ አታመባዝ ማቅደ ግሾስ።
2a17120071	ዎርዡንꬅ ኡባ ፈትላ፥ «Ꮉይ አꬃ ዎꬎ፥ ኑስ ባርባነ ብሎ» ያጋእ ኡህዳ።
2a17130072	ባርባነ ካታማ ግዳ አሱንꬃና ኢታባዝስ ደንꬅꬂ አስ ዎꬊ አጭንትደ አስ።
2a1714004e	ጵላጦሳ የሱሳ ብሎደስ ኮይ አሱንꬅስ ማህ ኦህዳ።
2a1715004a	ማቅኮን፥ አሱንꬅ፥ «ሱጾ! ሱጾ!» ያጋእ ኡክዳ።
2a171600b9	ጵላጦሳ Ꮉይꬓንꬆ፥ «Ꮉይ አꬄ ቆህደ ባዝ አኮ? ዎ ስ የልꬅዘ ባላ ታ ደንግካያ። ይኒ ግሾ፥ ጋራፊ ዳኪ አሾዳ» ያጋይዳ።
2a1717007f	ኡን ፋ ቃልቶ ꬎቅ ዪዚ፥ «ሱጹንቶደስ ቤዛነ» ጋእ ምንꬂ ኡክዳ። ኡን ኡክ ጋምዳ።
2a17180042	ኡን ኦጭት ግሾ ጋእ ጵላጦሳ ኤላ ፍርድዳ።
2a171900f0	አስ ኢታባዝስ ደንꬅꬅዛያን አስ ዎꬊ አጭንትዳያ ብሎደ ፋና ዎስዳ፥ የ አꬃ ኡንትስ ብልዳ። የዝን የሱሳ ኡን ኮይደባዝ ኦቾደ ጋር ኡንትስ አꬂ እንግዳ።
2a171a00bc	የሱሳ አይኪ ካንጎደራ ስሞና ጋዘ ቀሬና ሳአ አꬄ ጋጻረፓ የኦደራ፥ ደንግ ማስቃላ ቶሲ የሱሳ ካሊ Ꮉማደ ፋና ኡንእꬅዳ።
2a171b0066	ጋማ አሱንꬅን ፋ ዳዳብቶ ቆጽተራ ዬክዘ ማቹንꬅ ኤ ሱባራ ካላነ።
2a171c00b9	የዝን የሱሳ ኡንታጎ ሱባ ማቂ፥ «ይን፥ የሩሳላመ ማቹንꬆ፥ ይን ኦምትስን ይን ናኡንꬅስ ዬኮተፕ አትን ታስ ዬክፐተ።
2a171d009a	‹ይኬ ꬎኦንꬁንꬅን፥ የልካይዘ ሳዝታን ꬋንꬅካይዘ አምታ አንጅንትዳ› ይን ያጋዉደ ቃማ የኦዳ።
2a171e0069	የ ዎደ ደርቶ፥ ‹ኑላ አፋ ጎልኦ›፥ ዞዝቶን፥ ‹ኑና አቾ› ጋዉዳ።
2a171f0070	ይኬ፥ ቃየ ምንጻላ Ꮉኒ ጋር ዪዝኮ መላ ምንጻላ ዋይሳድ የሳ?» ያጋይዳ።
2a17200058	ኤዛራ ዎꬎደስ መለ ላምእ ኢታ ባዝ ኦችዱንꬃና ካንግዳ።
2a172100aa	ቄራንዮ ጋእንትዘ በስቶ የልꬅ ሱጽዳ። ኢታ ባዝ ኦችዱንꬃፓ ፈታ ምዛቅ ዛላራ Ꮉንካያ ዎርክታ ዛላራ ሱጽዳ።
2a172200c6	የሱሳ፥ «ታ አዳዮ፥ ኡን አኮ ኦችዛኮ ኤሮሰ ግሾ ነ ኡንትስ አቶ ጋኦ» ያጋይዳ። ኡን ኤ አፉልትላ አፋ እጻ ኦሊ ሻክንት ኤክዳ።
2a172300c3	አሱንꬅ ኤቂ በእነ፥ የዝን ጋደ አህዙንꬂ፥ «መሉንꬃና አሽዳ፤ ጾዚ ዶርደ ክርስቶሳ ኤ ማቅዛኮ አነ ፋና አሾ» ያጋእ ለቂዳ።
2a1724004f	ዎታዳሩንꬅ ኤ ካለ ሺቂ፥ ጫላ ዎይነ ኡሽ እንግዳ።
2a17250067	የይዝ፥ «ኔኒ አይሁዱንꬅ ካት ማቅኮ ነ ኦምቶ አሾ» ያጋእ ለቂዳ።
2a1726005d	ኤስ ኦማ ዛላራ፥ «Ꮉይ አይሁዱንꬅ ካት» ያጋዘ ጹፈ ጋድዳ።
2a172700b2	ሱጹንትደ ኢታ ባዝ ኦችዱንꬃፓ ፈተ ጫሽ ሳአራ ጎችተራ፥ «አነ ኔኒ ክርስቶሳ ማቅኮ፥ ነናን ኑናን አሾ» ያጋይዳ።
2a17280074	የዝን Ꮉንካይ፥ «ነ Ꮉኒ ጋር ፍርዳ የዝተ መለ አቶ የዝን፥ ጾዝስ ዣሽቶሳ?
2a1729008d	ኑኒ ኑ ባልትስ ቤዝዘ ፍርዳ ኤካነ፥ የዝን Ꮉይ አꬄ ፈቲ ኢታባዝን ኦችካያ» ያጋእ ካጭዳ።
2a172a0064	ማህን፥ «የሱሳ፥ ነ ነ ካእቱሞራ የእዘ ዎደ ታና ቆፖ» ያጋይዳ።
2a172b0068	የሱሳ፥ «ታ ኔስ ቱሮ ኦህነ፤ Ꮉይኖ ነ ታራ ጋናተ ማቃዳ» ያጋይዳ።
2a172c00db	የ ዎደ እዝፑን ሳተፓ Ꮉንግ ኡዱፉን ሳተ የሎደስ አዋ ፎእቶ ካይደ ግሾ ሳአ ኡባነ ꬉማ ማቅዳ። ጾዘ ኬꬃ ማጋራጅታ ፌꬍንቲ ላምእ ሻክንትዳ።
2a172e0086	የሱሳ፥ ቃልቶ ꬎቅ ዪዚ፥ «ታ አዳዮ፥ ታ ታ ሸምፕቶ ነ ኩሽተ እንጋነ» ያጋእ Ꮉይቂዳ።
2a172f006e	ማቶ Ꮉላቅዘ፥ Ꮉንዳኖ ብእ፥ «Ꮉይ አꬄ ቱሮ ጽሎ» ያጋእ ጾዝ ጋላትዳ።
2a173000a7	ይና Ꮉንደ ባዝቶ ቦኦደስ ይና በስተ ሺቅደ አስ ኡባና Ꮉንዳኖ በኤዘ ዎደ ፋ ዳዳብቶ ቆጽተራ ፋ ካራ ማቅዳ።
2a173100a8	ማቅኮን፥ የሱሳ ካለራ ኤርዘ አሱንꬅ ኡባና፥ ይኒ ጋራ ጋልላፓ ካሊ ይእደ ማቹንꬅ ይኖ ብእተ Ꮉኮራ ኤቅዳ።
2a17320146	አይሁደ ሻንጉንꬃፓ ፈታይ፥ ዮሰፋ ጋእንትዘ አꬄ የነ። ኤ አርማትያሳ ጋእንትዘ ይሁዳ ካታማፓ ይእዳ። ኤ ሎኦን ጽሎ አስ ማቅደ ግሾ ጾዘ ካእቱሞ የእቶ ናጋነ። ሻንጉንꬃፓ ፈታ ማቂ ኡን ዞርንተን ኦችተ ባያ።
2a1734006d	የ አꬄ ጵላጦሳጎ Ꮉንግ፥ የሱሳ አህቶ ሞጎደስ ታስ እንጎ ጋእ ዎስዳ።
2a17350093	የሱሳ አህቶ ኬꬂ አፉላራ ጻጽዳ። ላላፓ ዎጭንትደ ዎምኦ መለ አስ ሞግንትካይዘ ቦዝተ ጋድዳ።
2a1736004f	ሳምባታ ገሎደስ ዪዘ ግሾ ይና ዎድታ ጊግንተ ቃማ።
2a1737009b	ጋልላፓ ደንዲ የሱሳ ካሊ ይእደ ማቹንꬅ ዮሴፋራ Ꮉንግ ኤ አህቶ ዋይዝ ሞግዛኮ ቦዝቶ አካኪ ብእዳ።
2a17380080	እዝፓ ማቂ ሽቶን ቅባተ ጊግዝዳ። ህገ ኪትዛን ጋር ሳምባታ አዋርቶ ሸምፒ ፔዥዳ።
2a18010085	ሳምንታፓ ቲኖ ቃማ፥ ዎጋ ዎደ ዎንታ ጎዳ፥ ማቹንꬅ ፋ ጊግዝደ ሽቶ ኤኪ ቦዛ Ꮉንግዳ።
2a1802006a	ኡን እዘ የልዘ ዎደ ቦዛ ዶንተ የዘ ሹችታ ጎልእ Ꮉልእዳኖ ደንግዳ።
2a18030059	ኡን ቦዛ ጋꬅ ገልዳ፥ የዝን ላꬄ የሱሳ አህቶ ደንግካያ።
2a180400a6	ኡን እዘ ኤቂ አኮ Ꮉንዶ ጋእ ቆፖደራ አካክካይዝን ጋማ ፎእዘ አፉላ ማእደ ላምእ አሱንꬅ ኡን ካለ ኤቅዳ።
2a180500a5	ማቹንꬅ ዣሽቲ ፋ ኦምቶ ሳአ ዝቂ ዪዚ የሳደራ፥ አሱንꬅ ኡንታጎ፥ «ፋጻ የዛያ Ꮉይቁንꬅ ግዳ አኮስ ኮየተ?
2a1806014d	ኤ Ꮉነ ባያ፤ Ꮉይቆፓ ደንድዳ፥ ‹አስ ናአይ ናጋራንቹንꬅ ኩሽተ አꬊ እንግንቶዳ፤ ኡንትን ኤዛ ሱጾዳ። ኤ Ꮉይꬓንꬆ ቃምተ Ꮉይቆፓ ደንዶዳ› ያጋእ፥ ኤ ይንታራ ጋልላ የዝተ ይንትስ ኦህደ ቃልቶ ቆፖተ» ያጋይዳ።
2a18080032	ማቹንꬅ የ ዎደ ኤ ቃልቶ ቲርዳ።
2a18090072	ማቹንꬅ ቦዛፓ ማቂ Ꮉንደ ባዝቶ ኡባ ታጶ ፈቱንꬅስን መሉንꬅስን ኦህዳ።
2a180a00a5	የንꬅ ሐዋሩንꬅስ ኦህደ ማግደላ ማይራሞ፥ ዮሐና፥ ያይቆባ እንታ ማይራሞን ኡንታራ የዘ መለ ማቹንꬃና።
2a180b005e	የዝን ኡንትስ ማቹንꬅ ኦህዳና አቡኮ ጋራ ይእን አማንካያ።
2a180c00cd	የዝን ጴጥሮሳ ደንዲ ዎጺ ቦዛ ቅትዳ። የ በስቶ የሊ ዙጊ ግዳ በእዘ ዎደ ሞግደ አፉላ ጻላላ ብእዳ። Ꮉንዳነ ጋማ ቆፒ ፋ ካራ ማቅዳ።
2a180d00a1	የ ዎደ ካልዘ ታማሩንꬃፓ ላምኡንꬅ የሩሳላመፓ ታጶ ፈቲ ክሎ ምትረ Ꮉክዘ ኤማሁሰ ካራ ጋንጨ Ꮉንጋነ።
2a180e003b	ኡን ዎላ Ꮉንደ ባዝቶ ኡባ ኦህንታነ።
2a180f0094	ኡን ይና Ꮉንዳን ባዝ ቲርተራን ኦህንትተራ የꬍዘ ዎደ የሱሳ ፋ ኦምትስ ሺቂ ኡንታራ Ꮉንጋነ።
2a18100052	የዝን፥ ኡን ኤዛ ኤራመ ፋና ኡን ኣፍታ አይክንትዳ።
2a18110083	ኤ፥ «ይን ዎላ ኦገላ የዝተ ኦህንትዛና አኮ?» ያጋይዳ። ኡን አዛኒ ስእ ጋእ ኤቅዳ።
2a181200a5	ኡንታፓ ፈተ ቀልዮጳ ጋእንትዘ፥ «Ꮉና ቃምት ግዳ የሩሳላመ Ꮉንዳኖ ኤሮሰ፥ ነ ሳእትስ ዛቆነ?» ያጋይዳ።
2a181300c2	ኤ ማህ፥ «እዘ Ꮉንዳና አኮ?» ጋእ ኦጭዳ። ኡን፥ «ጾዘ ቲኖን አስ ቲኖን ኦቻራን ኦሄራ ምንꬂ ናበ ማቅደ ናዝረተ የሱሳ ባዝ።
2a1814007b	ኤዛ ካህኑንꬅ Ꮉላቁንꬅን ኑና ካልꬅዙንꬅ Ꮉይቆ ፍርዳስ አꬂ እንግ፥ ሱጽዳ።
2a18150086	ኑኒ እስራኤለ አሱንꬃና አሾዳ ጋእ ኡፋይት ናገዝን Ꮉና Ꮉንን Ꮉይኖ Ꮉይꬓንꬆ ቃማ።
2a18160086	ማህ ኑ ግዳፓ ፈቲ ፈቲ ማቹንꬅ ኑና ጋማ ቆፍዝዳ። ኡን Ꮉይኖ ዎንታ ጎዳ ቦዛ Ꮉንግዳ።
2a18170092	ኤ አህታ ꬋብደ ዎደ ማቂ ይእ፥ ‹ኤ ፋጻ የነ› ያጋዘ ኪታንቹንꬅ ቆንጭን ብእዳ ያጋእ ኦህዳ።
2a18180097	ኑ ግዳፓን ፈተ ፈተ ቦዛ Ꮉንግ ማቹንꬅ ኦህዳን ፋና Ꮉንን ብእዳ፥ የዝን ኤዛ ብእካያ» ያጋይዳ።
2a18190094	ኤ ኡንታጎ፥ «ይን፥ ቲሮሰ አሱንꬆ፥ ይን ዎዝንታ ናቡንꬅ ኦህዳኖ ኡባ አማኖደስ ጋምእዙንꬆ፥
2a181a006b	ክርስቶሳ ይና ማꬍቶ ኤኮደስን ፋ ቦንቾራ ገሎደስ ቤዞሳ?» ያጋይዳ።
2a181b0089	ሙሴፓን ናቡንꬅ ኡባንፓ ደንዲ ጌሽ ማጻፍተ ኤ ባዝ ጻፍንትዳኖ ኡባ ኡንትስ ቆንጭዝዳ።
2a181c0072	ኡን Ꮉንግዘ ካራ ጋንጨ ኡክደ ዎደ የሱሳ አꬊ Ꮉኮ በሳ ቅትዘ ጋራ ይእን፥
2a181d008f	ኡን፥ «ሳእታ ቃምደ ግሾ ኑራ አቆ» ያጋእ ምንꬂ ዎስዳ። ይኒ ግሾ፥ ኡንታራ አቆደስ ገልዳ።
2a181e006c	ኡንታራ ዎላ ሌማተላ በቲ፥ ሶሎ ደንꬂ፥ ፌꬊ አንጂ ኡንትስ እንግዳ።
2a181f008b	የ ዎደ ኡን ኤሮደ ጋር ኡን ኣፍታ ቡጉንትዳ። ኡንትን ኤርዳ። የዝን ኤ ኡንታፓ ገንግዳ።
2a1820009b	ኡን፥ «ኑ ኦገላ አፋ የዝን ኤ ኑስ ጌሽ ማጻፈ ብልተራን ኑና ኦህዝተራ ኑ ዎዝንታ ኤጽካ?» ያጋይዳ።
2a1821008a	የ ዎደ ደንዲ ሱባ የሩሳላመ ይእዳ። ታጶ ፈቱንꬅን መሉንꬅ ፈትላ ሺቂ የሳደራ ደንግዳ።
2a18220055	ኡን፥ «ላꬂ ቱሮ ደንድዳ፤ ስሞናስ በንትዳ» ያጋይዳ።
2a182300a4	የንꬅ ላምእ ታማሩንꬅ ኤማሁሰ ኦገላ የዝን Ꮉንዳኖን ሶሎ ፌꬍደ ዎደ ዋይዝ ኤዛ ኤረዛኮ ኡንትስ ኦህዳ።
2a1824008b	ላምእ ታማሩንꬅ ይና ኦህትላ የዝን፥ የሱሳ ኡን ግዳ ኤቂ፥ «ሳሮ ይንትስ ማቀ» ያጋይዳ።
2a18250052	ማቅኮን፥ ኡን ታኒ፥ ሜሸ ብእደ ጋራ ይእን ዣሽትዳ።
2a1826005d	ኤ ኡንታጎ፥ «አኮስ ዣሽትዶ? አኮስ ሶኤ ይን ዎዝንተ ገልዶ?
2a182700b2	ታ ኩሽቶን ታ ቶህቶ ቦኦተ፤ ታ ታና። ማህ አይኪ ቦኦተ፤ ታና ይን በእዛንጋራ፥ ሜሸስ አሾን መቃꬂ ባያ» ያጋይዳ።
2a18280048	ያጋእ፥ ፋ ቶህቶን ፋ ኩሽቶን ኡንታና ቤዝዳ።
2a182900ae	ኡን ኡፋይሳፓ ደንድዳንፓ አማናንጺ ጋማ ቆፒ የዝን፥ የሱሳ ኡንታጎ፥ «Ꮉነ ይንትስ ሙእዘባዝ የነ?» ያጋይዳ።
2a182a003b	ኡን ፈቲ ምችንትደ ሞሎ ኤስ እንግዳ።
2a182b0028	ኤ ኤኪ ኡን ቲንተ ሙእዳ።
2a182c011c	ኤ፥ «ታ ይንታራ ጋምእደ ዎደ ኡባነ ሙሴ ህገ ማጻፍተ፥ ናቡንꬅ ማጻፍተን ማዝሙረ ማጻፍተ፥ ታ ግሾ ጻፍንትዳና ኡባና ፎልንቶደስ ቤዛነ ያጋእ ታ ይንትስ ኦህደ ቃልታ Ꮉኖ» ያጋይዳ።
2a182d0056	የ ዎደ ጌሽ ማጻፍቶ ቲሮደ ጋር ዎዝንቶ ኡንትስ ቡግዳ።
2a182e0087	ይኒ ፋና፥ «ክርስቶሳ ማꬋ ኤኮዳ፥ Ꮉይꬓንꬆ ቃምተ Ꮉይቆፓ ደንዶዳ ያጋእ ጻፍንትዳ።
2a182f007b	የሩሳላመፓ ደንዲ አስ ኡባና ናጋራፓ ማሮትꬅን አቶተꬅ ኤ ሱንꬅተ ማርክꬎዳ።
2a1830001d	ይን ይንስ ማርካ።
2a183100c3	ይኬ፥ ታንን ታ አዳይ እንግደ ኡፋይስቶ ይንትስ ዳኮዳ። ይን ሳሎፓ ዎልቃ ኤኮደ ዎንꬅስ የሩሳላመ ካታማ ጋምኦተ» ያጋይዳ።
2a18320076	ይንፓ ሱባ፥ ብታንያ ካታማ ኡንታና ኤኪ Ꮉንግዳ። ፋ ኩሽቶ ደንꬂ አንጅዳ።
2a18330054	ኡንታና አንጅተ ኡንታፓ ሻክንት ኡደ ሳሎ ኤክንትዳ።
2a1834004b	ኡን ዙጊ ጎይኒ ጋማ ኡፋይሳራ የሩሳላመ ማቅዳ።
2a18350042	ጾዛ ኡባ ዎደ ጋላትተራ ጾዘ ኬꬃ ጋምእዳ።
2b0000000c	ዋሐንሳ
2b01010050	ቃላ ቲኖ የነ። ቃልዘን ጾዛራ የነ፤ የ ቃልዘ ጾዚ።
2b0102002a	ኤዝን ቲኖፓን ጾዛራ የነ።
2b0103008d	ጾዘ ኡባባዝቶ ቃላ ባጋራ መꬍዳ። መꬍንትደ ባዛፓ ፈትባዝን ኤ ባይꬅ መꬍንትደ ባዝ ባያ።
2b01040043	ኤ ግዳ ደኦ የነ፤ ይና ደእታን አስስ ፎኦ።
2b01050048	ፎእዘ ꬉማ ግዳ ፎአነ፤ ꬉምታ ፎእዛ ጋምካያ።
2b01060051	ጾዛፕ ኪትንትደ፥ ዋሐንሳ ጋእንትዘ ፈቲ አስ የነ።
2b0107005a	አስ ኡባ ፎእዛ አማኖደ ፋና ኤ ፎእዘስ ማርካ ማቂ ይእዳ።
2b0108005d	ኤ ፎእዘ ባዝ ማርክꬎደስ ይእዳፕ አትን ፋ ኦምተ ፎኦ ባያ።
2b0109003f	አስ ኡባስ ፎእዘ ቱሪ ፎኦ አላመ የእነ።
2b010a0076	ቃልዘ አላመ የነ። ጾዘ ቃላራ አላምቶ መꬍዳ፥ የዝን አላምታ ኤዛ ኤርካያ።
2b010b0059	ኤ ፋ ባጉንꬃጎ ይእዳ፥ የዝን ኤ ባጉንꬅን ኤዛ ኤክካያ።
2b010c00a4	የዝን ኤ ፋና ኤክዱንꬅስን ኤ ሱንꬅተ አማንዱንꬅስ ኡንትስ ጾዘ ናአ ማቃደ ጋር አደትꬅ ዎልቃ እንግዳ።
2b010d00b9	ኡን ጾዛፓ የልንትዳፕ አትን አስ የልንትዘ ዎጋራ ዎይ ꬊራꬅ ቆፋፓ ዎይ አስ ቆፋፓ የልንትካያ። ጾዘ ኤ ኡንትስ አደ።
2b010e00c9	ቃላ አሾ ማቅዳ፤ አꬎ ኬሃትꬃራን ቱረትꬃራ ኩሚ ኑ ግዳ አቅዳ። ፈቲ ናአይስ ኤ አዳይ ካለ የዘ ቦንችት ፋና የዘ ቦንቾ ኑ ብእዳ።
2b010f00d6	ዋሐንሳ ኤ ባዝ ማርክꬍዳ። ፋ ቃልቶ ꬎቅ ዪዚ፥ «ታኒ፥ ‹ታፓ ሱባራ የእዘ ታፓ ቲኖ የዘ ግሾ ታፓ አꬋነ› ጋእ ማርክꬍዳና Ꮉኖ» ያጋይዳ።
2b01100066	ኑ ኡቡንꬅ ኤ አꬎ ኬሃትꬅተ ኩሙꬅትፓ አንጆላ አፋ አንጆ ኤክዳ።
2b0111008d	ጾዘ ህገ ሙሴ ባጋራ እንግዳ፥ የዝን አꬎ ኬሃትꬅን ቱረትꬅ የሱስ ክርስቶሳ ባጋራ ይእዳ።
2b01120080	ጾዛ ብእደ አስ ኦደን ባያ፤ ፋ አዳይ ካለ የዘ ፈቲ ናአይ ጾዝ ማቅደ ኤ ቆንጭዝዳ።
2b011300e2	የሩሳላመ የዘ Ꮉላቁንꬅ፥ ካህኑንꬅን ሌዉንꬅን፥ «ነ ኦደ?» ጋእ፥ ዋሐንሳ ኦጮደ ጋር ኤጎ ኪትን፥ ዋሐንሳ ኡንትስ ማርክꬍደ ማርካትꬅታ Ꮉኖ።
2b01140072	ዋሐንሳ፥ «ታ ክርስቶሳ ባያ» ያጋእ፥ ሎይꬂ ማርክꬍዳፕ አትን ካድካያ።
2b01150115	ኡን፥ «ዬዝን፥ ነ ኦደ? ኔኒ ኤልያሳነ?» ጋእ ኦጭዳ። ዋሐንሳ፥ «አደ ታና ባያ» ያጋይዳ። ማህ ኡን፥ «ኔኒ የኦደስ ጋእንተዘ ናበነ?» ጋእ ኦጭዳ። ዋሐንሳ፥ «አደ» ያጋእ ማህዳ።
2b01160078	ዬዝን፥ «ነ ኦደ? ኑ ኑና ኪተዙንꬅስ ኦሆደ ፋና ኔኒ ነና ኦና ጋኤ?» ያጋይዳ።
2b011700be	ዋሐንሳ ማህ፥ ናበ ኢሳያሳ ጋእዳን ጋራ፥ «‹ላꬄ ኦግቶ ሉልዞተ!› ጋእ አኮ ባይዘ ጋናሳ ኡክዘ አꬄ ቃልዘ ታና» ያጋይዳ።
2b01180033	የዝን ፋርሳዉንꬅ ኪትደ አሱንꬅ
2b0119009f	ዋሐንሳጎ፥ «ኔኒ ክርስቶሳ ዎይ ኤልያሳ ዎይ ናበ ማቃንጽ እጽኮ፥ ዬዝን አኮስ ጻማቀ?» ያጋእ ኦጭዳ።
2b011a0076	ዋሐንሳ ማህ፥ «ታኒ Ꮉꬃራ ጻማቃነ፥ የዝን ይን ኤሮሰ አስ ይን ግዳ ኤቅዳ።
2b011b007e	ኤ ታፓ ሱብተ የእነ። ታ መለ አቶ የዝን ኤስ ጫማ ጋድዛ ብሎደስ ቤዞስ» ያጋይዳ።
2b011c008c	ይና ኡባ ዮርዳኖሳ ቦርካፓ ሰኮ ፍንꬃ፥ ብታንያ ካታምተ፥ ዋሐንሳ ጻማቅዘ በስተ Ꮉንዳ።
2b011d008a	ዋሐንሳ ዎንትስት ዎደ የሱሳ ፋጎ የኦደራ ብእ፥ «አላመ ናጋራ ኡጭዘ ጾዘ ዱርዛይ Ꮉይቼ!
2b011e0087	ታኒ፥ ‹ታፓ ሱባራ ፈቲ አስ የኦዳ። ኤ ታፓ ቲኖ የዘ ግሾ ታፓ አꬋነ› ጋእ ኦህደ Ꮉያ።
2b011f009f	ኤ ኦደ የዛኮ ታ ኤሮስ። የዝን እስራኤለ አሱንꬅስ ኤዛ ቆንጭሳደስ Ꮉꬃራ ጻማቅተራ ይእዳ» ያጋይዳ።
2b01200078	ዋሐንሳ Ꮉንጋራ ጋእ ማርክꬍዳ፦ «ጌሽ አያና ሳሎፓ ዎለ ጋር ዎꬍዝን ብእዳ።
2b01210103	ይና Ꮉኖዳንፓ ቲኖ ታኒ ኤዛ ኤሮስ። የዝን Ꮉꬃራ ጻማቆደስ ታና ኪትደ ጾዘ፥ ‹ጌሽ አያና ዎꬊ ኤራ የሳደራ ኔኒ በእዘ ጌሽ አያናራ ጻማቆዳይ ኤዛ› ያጋእ ታስ ኦህዳ።
2b01220065	ታኒ ይና Ꮉኖደራ ብእ፥ ኤ ጾዘ ናአ ማቅዳኖ ማርክꬋነ» ያጋይዳ።
2b01230068	ማህ ዎንትስት ዎደ ዋሐንሳ ፋ ታማሩንꬃፓ ላምኡንꬃራ ዎላ ኤቅዳ።
2b01240060	የሱሳ አꬎደራ ዋሐንሳ ብእ፥ «ጾዘ ዱርዘ Ꮉይንሸ!» ያጋይዳ።
2b0125005b	ላምእ ዋሐንሳ ታማሩንꬅ ዋሐንሳ ጋዛኖ ስእ የሱሳ ካልዳ።
2b012600d6	የሱሳ ፋና ካልዙንꬃና ሱብ ማቂ ብእ፥ «አኮ ኮየ?» ያጋእ ኦጭዳ። ኡን ማህ፥ «ረቢ፥ ነ አባ የነ?» ያጋይዳ። (ብልꬅታ አስታማርዛዮ ጋኤ።)
2b012700cd	የሱሳ ኡንታጎ፥ «Ꮉንካ ይእ ቦኦተ» ያጋይዳ። ኡን Ꮉንግ ኤ የዘበዝቶ ብእዳ። የ ዎደ ሳእታ ታጵ ሳተ ጋር ማቅደ ግሾ ኤ ካለ ፌዥዳ።
2b01280092	ዋሐንሳ ጋይዳኖ ስእ፥ የሱሳ ካልደ ላምእ ታማሩንꬃፓ ፈተ፥ ስሞን ጴጥሮሳ እሸ እንድርያሰ።
2b0129009f	እንድርያሰ ቲኖ ፋ እሸ ስሞናራ የልንት፥ «ኑኒ መሲህ ደንግዳ» ያጋይዳ። (ብልꬅታን ክርስቶሳ ጋኤ።)
2b012a00b6	እንድርያሰ ስሞና የሱሳጎ ክእዳ። የሱሳ ስሞና ብእ፥ «ነ ዮና ናአ ስሞና፤ ነ ሱንꬅታ ኬፋ ጋእ ጼግንቶዳ» ያጋይዳ።
2b012b008c	ዎንትስት ዎደ የሱሳ ጋልላ ቅቶደስ ቆፋ አጭዳ። ኤ ፍልጶሳ ደንግ፥ «ታና ካሎ!» ያጋይዳ።
2b012c0063	ፍልጶሳ፥ እንድራሰራን ጴጥሮሳራን የዘ ቤተሳይዳ ካታማ አስ።
2b012d00bd	ፍልጶሳ ናትናኤላ የሊ፥ «ሙሴ ህገ ማጻፍተ፥ ማህ ናቡንꬅን ኤ ባዝ ጻፍደ ዮሰፋ ናአ ናዝረተ የሱሳ ኑ ደንግዳ» ያጋይዳ።
2b012e00a5	ናትናኤላ ማህ፥ «ናዝረተ ካታማፓ ሎኦ ባዝ ኬሳደስ ዳንዳአነ?» ያጋይዳ። ፍልጶሳ፥ «ይእ ቦኦ» ያጋይዳ።
2b012f0088	ናትናኤላ ፋጎ የእዛያ የሱሳ ብእ፥ «ገነ ባይዘ ቱሪ እስራኤለ አስ Ꮉይንሸ!» ያጋይዳ።
2b013000e1	ናትናኤላ የሱሳጎ፥ «ነ ታና አባ ኤረ?» ያጋይዳ። የሱሳ ማህ፥ «ፍልጶሳ ነና ጼጎዳንፓ ቲኖ፥ ነ በለሰ ምንጻ ኦሞ የዝን ታ ነና ብእዳ» ያጋይዳ።
2b01310075	ናትናኤላ ማህ፥ «አስታማርዛዮ፥ ነ ጾዘ ናአ! ነ እስራኤለ ካት!» ያጋይዳ።
2b0132009f	የሱሳ ኤጎ፥ «ታ ነና በለሰ ምንጻ ኦሞ ብእዳ ጋይደ ግሾ አማናነ? ነ Ꮉንፓ አꬍዘባዝ በአዳ!» ያጋይዳ።
2b013300d2	ማህ የሱሳ፥ «ታኒ ይንትስ ቱርባዝ ኦህነ፤ ሳሎ ቡጉንትን፥ ጾዘ ኪታንቹንꬅ አስ ናአላ አፋ ኬሳደራን ኬዶደራን ይን በአዳ» ያጋይዳ።
2b02010077	Ꮉይꬓንꬆ ዎደ ጋልላ ቃና ካታማ ዣጋና የነ። የሱሳ እንታ ይና ዣጋንተ የሻ።
2b02020051	የሱሳን ኤ ታማሩንꬅን ዎላ ይና ዣጋንተ ጼግንትዳ።
2b02030089	ዎይነ ኡሽታ Ꮉልእን፥ የሱሳ እንታ የሱሳጎ፥ «ኡንትስ ዎይነ ኡሽታ Ꮉልእዳ» ያጋይዳ።
2b02040069	የሱሳ ማህ፥ «እሞ፥ ነ Ꮉነ ገልፐ? ታ ዎድታ Ꮉጋ የልካያ» ያጋይዳ።
2b0205006c	የሱሳ እንታ ኦችዙንꬃጎ፥ «ኤ ይንትስ ኦህዛኖ ኡባ ኦቾተ» ያጋይዳ።
2b020600b3	አይሁዱንꬅ ፋ ጌሸ ዎጋስ ማድንትዘ እዝፑን ሹች ጋኑንꬅ ይና በስተ የነ። ፈተ ፈተ ላምእ ዎይ Ꮉይꬕ ጹጋ አይካነ።
2b0207009c	የሱሳ ኪትንትዙንꬃጎ፥ «ጋንተ Ꮉꬅ ኩንꬆተ» ያጋይዳ። ኡን ጋኑንꬅስ ዶንቶ የሎደስ Ꮉꬅ ኩንꬅዳ።
2b02080094	የሱሳ ኡንታጎ፥ «Ꮉተ ዱቂ ዣጋንቶ አድꬊ ፎልዘስ እንጎተ» ያጋይዳ። ኡን ኤስ ካንግ እንግዳ።
2b02090112	ዣጋንቶ አድꬊ ፎልዛይ ዎይነ ኡሽታ ላምንትደ Ꮉꬅቶ ቃማስ ብእ አናፓ የኤዛኮን ኤርካያ፥ የዝን Ꮉꬅቶ ኩንꬅደ ኪትንትዙንꬅ ኤራነ። ዣጋንቶ አድꬊ ፎልዛይ ማቾ ኤክዛያ ጼጊ፥
2b020a00ff	«ኦደን ሎኦ ዎይነ ኡሽቶ አስ ቲንꬊ ኡሻነ። የይዝ አሱንꬅ ኡዢ ምዥዳንፓ ሱባ ዣግንትዳ እንጋነ። የዝን ኔኒ ሎኦ ዎይነ ኡሽቶ Ꮉኖ የሎደስ ጋዲ ጋምእዝዳ» ጋይዳ።
2b020b00a3	የሱሳ Ꮉይ ቲኖ ክለ ኦችዛ ጋልላ ቃና ካታማ ኦችዳ፤ እዘ ፋ ቦንችቶ ቤዝዳ። ኤ ታማሩንꬅን ኤዛ አማንዳ።
2b020c00ae	ይንፓ ማቂ፥ የሱሳ ፋ እንትራ፥ ፋ እሹንꬃራን ፋ ታማሩንꬃራ ዎላ ቅፍርናሆመ ካታማ Ꮉንግ ኤራꬅ ቃማ ጋምእዳ።
2b020d006e	አይሁዱንꬅ ቦንችዘ ፋስጋ ባአለ ቃምታ ኡክን የሱሳ የሩሳላመ ቅትዳ።
2b020e0097	Ꮉንግ ጾዘ ኬꬃ ቦራ፥ Ꮉር፥ ዱሮን ዎለን ባይዙንꬃናን ፋ ኦይድትላ በቲ ብራ ላምዙንꬃና ብእዳ።
2b020f00dd	ኤ ጹርቃፋ ጊግዚ አሱንꬃና ኡባ ኡንታና ኡን Ꮉሩንꬃራ ጾዘ ኬꬃፓ ባይእ ባለ ከስዳ። ብራ ላምዙንꬃና ጠርጴዝቶን ሽሪ ኦሊ ኡን ብርቶ ላልዳ።
2b02100090	ዎለ ባይዝዙንꬃና፥ «Ꮉንꬅ ዎሉንꬃና Ꮉንፓ ከሶተ፤ ታ አዳይ ኬꬅቶ ጋበ ማህፐተ» ያጋይዳ።
2b021100b2	ኤ ታማሩንꬅ ጌሽ ማጻፍተ፥ «ታ ነ ኬꬅትስ ይቅስንትዘ ይቅስንታ ታና ታማ ጋራ ምቻነ» ጋእንት ጻፍንትዳኖ ቲርዳ።
2b021200a1	ይንፓ ሱባ፥ አይሁዱንꬅ ማህ፥ «ነ Ꮉኖ ኦቾደስ ኔስ ዎልቃ የዛንስ ኑና አኮ ማላ ኦቺ ቤሳደ?» ያጋይዳ።
2b0213006e	የሱሳ፥ «Ꮉና ጾዘ ኬꬅቶ ዉልኦተ ታ Ꮉይꬕ ቃማራ ማህ ኬጾዳ» ያጋይዳ።
2b021400ba	ይኒ ግሾ አይሁዱንꬅ፥ «Ꮉና ጾዘ ኬꬅቶ ኬጾደስ ኦይታም እዝፑን በረ ኤክዳ፥ የዝን ኔኒ Ꮉይꬕ ቃማራ ኬጾዳ?» ያጋይዳ።
2b02150045	የዝን የሱሳ ኦህዘ ጾዘ ኬꬅታ ፋ አሽትባዝ።
2b021600d9	ይኒ ግሾ፥ የሱሳ Ꮉይቆፓ ደንድዳንፓ ሱባ ኤ ታማሩንꬅ ኤ ይኖ ጋይዳኖ ቲርዳ። ማህ ኡን ጌሽ ማጻፍተ ጻፍንትዳኖን የሱሳ ኦህዳኖ አማንዳ።
2b02170098	የሱሳ ፋስጋ ቦንችዘ በሳ የሩሳላመ የሳደራ፥ ኤ ኦችደ ክለ ባዝቶ ብእ ጋማ አሱንꬅ ኤዛ አማንዳ።
2b0218005b	የዝን የሱሳ አሱንꬃና ኡባ ኤርዘ ግሾ ኡንታና አማንካያ።
2b02190084	አስ ዎዝንተ የዘ ባዝ ኤ ፋ ኦምተ ኤርዘ ግሾ አስ ባዝ ኦደን ኤስ ኦሆደ ጋር ኮሽካያ።
2b03010081	ፋርሳዉንꬅ ባጋፓ ማቅደ፥ አይሁዱንꬅ Ꮉላቃ፥ ንቆድሞሳ ጋእንትዘ ፈቲ አስ የነ።
2b03020130	ኤዝን ቃማ የሱሳጎ ይእ፥ «ቦንቾ አስታማርዛዮ፥ ኔኒ ጾዚ ኪትደ አስታማረ ማቅዛኖ ኑኒ ኤራነ። አኮስ ጋይኮ፥ ጾዚ ኤራ የዛንጽኮ Ꮉኖ ኔኒ ኦችዘ ክለ ባዝቶ ኦቾደስ ዳንዳእዘ አስ ባያ» ያጋይዳ።
2b030300ae	የሱሳ ማህ፥ «ታኒ ኔስ ቱሮ ቱሮ ጋነ፤ ኦደን ላምእንꬃ የልንታንጽኮ ጾዘ ካእቱሞ በአደስ ዳንዳኦስ» ያጋይዳ።
2b030400c0	ንቆድሞሳ፥ «ጭንጊ አሲ ዋይዝ ላምእንꬃ የልንቶደስ ዳንዳኤ? ፋ እንቲ ሳዛ ማቂ ገሊ ማህ የልንቶደስ ዳንዳአነ?» ያጋይዳ።
2b030500b0	የሱሳ ማህ፥ «ታኒ ኔስ ቱሮ ቱሮ ጋነ፤ አስ Ꮉꬃፓን ጌሽ አያናፓ የልንታንጽኮ፥ ጾዘ ካእቱሞ ገሎደስ ዳንዳኦስ።
2b0306007e	አሾ ናአትꬅ አደፓን እንድፓን የልንታነ፤ ጾዘ ናአትꬅ ጌሽ አያናፓ የልንታነ።
2b03070086	ታኒ፥ ‹ይን ላምእንꬃ የልንቶደስ ቤዛነ› ጋእ ይንትስ ኦህደ ግሾ ኔኒ ጋማ ቆእፕፐ።
2b030800dc	ባቆ ፋ ኮይዘ ዛላ ባቃነ። ነ ኤ ኦꬅቶ ስእዛኖ ፋትን ኤ አባፓ የእዛኮ ዎይ አባ ቅትዛኮ ነ ኤሮስ። አያናፓ የልንትደ ኡባ ይኒ ፋና» ያጋይዳ።
2b03090063	ዬዝን ንቆድሞሳ፥ «ይና ዋይዝ Ꮉኖደስ ዳንዳኤ?» ያጋእ ኦጭዳ።
2b030a0061	የሱሳ ማህ፥ «ኔኒ እስራኤሉንꬅ አስታማረ ማቅተራ Ꮉኖ ኤሮሳ?
2b030b009e	ታኒ ኔስ ቱሮ ቱሮ ጋነ፤ ኑ ኤርዘባዝ ኦህነን ብእደባዝ ማርክꬋነ፥ የዝን ኑ ማርካትꬅቶ ይን ኤኮስ።
2b030c0073	ታኒ ይንትስ ሳአባዝ ኦህን ይን አማኖሱንꬅ ሳሎባዝ ኦህን ዋይዝ አማኖደ?
2b030d0090	ሳሎፓ ዎꬍደ አስ ናአይፕ አትን ሳሎ ከዝደ ኦደን ባያ፤ [ሳሎ የዘ አስ ናአይ ታና]» ያጋይዳ።
2b030e00ca	ሙሴ አኮ ባይዘ ጋናስ ሳአ ሾሽ ሱጽዳንፋና ታና አማንዘ ኡቡንꬅ መዽና ደኦ ኤኮደ ፋናን ꬋባመ ፋና አስ ናአይ ሱጹንቶደስ ቤዛነ።
2b031000b4	ኤዛ አማንዘ ኡቡንꬅ መዽና ደኦ ላቶደፕ አትን ꬋባመ ጋር ጾዚ Ꮉና አላምቶ ሎይꬂ ካꬍደ ግሾ ፋ ፈቲ ናአያ እንግዳ።
2b03110090	ጾዚ ፋ ናአያ Ꮉና አላምተ ኪትዳና አላምቶ ፍርዶደስ ማቅካይዝን አላምቶ ኤ ባጋራ አሾደስ።
2b031200b0	ናአያ አማንዘ ኦደን ፍርድንቶስ፥ የዝን ናአያ አማኖሰ ኦደን ፈቲ ጾዘ ናአያ አማንካይዘ ግሾ Ꮉተ ፍርድንትዳ።
2b031300a5	ፍርድታን Ꮉኖ፦ ፎኦ አላመ ይእዳ፥ የዝን አሱንꬅ ኦችታ ኢታ ማቅደ ግሾ አሱንꬅ ፎእትፓ አꬂ ꬉማ ካꬋነ።
2b03140085	ኢታ ባዝ ኦችዘ ኦደን ፎኦ እጻነ። አኮስ ጋይኮ፥ ፋ ኦችታ ቆንጫመ ፋና ፎኦጎ የኦስ።
2b03150088	የዝን ቱርቶ ኦችዘ ኦደን ጾዘ ኪትዳን ፋና ኤ ኦችዳኖ ፎኦ ቆንጭሳደ ፋና ፎኦጎ የእነ።
2b031600a4	ይንፓ ሱባ፥ የሱሳን ኤ ታማሩንꬅን ይሁዳ ሳአ ቅትዳ። የሱሳ የይጋ ጻማቅተራ ኡንታራ ኤራꬅ ዎደ በትዳ።
2b031700c3	ማህ ዋሐንሳ ሳሌመ ካለ የዘ ሄኖና ጋዘ በሳ ጋማ Ꮉꬅ የዘ ግሾ አሱንꬃና የይጋ ጻማቃነ። አሱንꬅን የይጋ Ꮉንግ ጻማቅንታነ።
2b03180034	የ ዎደ ዋሐንሳ Ꮉጋ አጭንትካያ።
2b03190079	ይንፓ ሱባ፥ ዋሐንሳ ታማሩንꬅን ፈቲ አይሁደ አꬃይ ጌሸ ዎጋባዝ ዎላ ላልዳ።
2b031a00f9	ኡን ዋሐንሳጎ Ꮉንግ፥ «አስታማርዛዮ፥ ዮርዳኖሳ ቦርካፓ ሰኮ ፍንꬃ ኔራ የዘ፥ ኔኒ ኤ ባዝ ማርክꬍዳይ፥ Ꮉይቼ ጻማቃነ። አሱንꬅ ኡባ ኤጎ Ꮉንጋነ» ያጋይዳ።
2b031b006a	ዋሐንሳ ማህ፥ «ጾዚ እንግካይዘ አስ አኮ ባዝን ኤኮደስ ዳንዳኦስ።
2b031c008d	‹ታኒ ክርስቶሳ ባያ፥ የዝን ኤፓ ቲኖ ኪትንትዳ› ጋይዳንስ ይን፥ ይን ኦምተ ታስ ማርካ።
2b031d00e0	ገሎደስ ጊግንትዳና ኤኮደስ ጊገዘስ። ኤክዘስ ላጉንꬅ ኤ ካለ ኤቂ ኤ ጋዛኖ ስእዘ ዎደ ጋማ ኡፋይታነ። ይኒ ግሾ፥ Ꮉና ታ ኡፋይስታ ፎልንትዳ።
2b031e003d	ኤ ዳሞደስ ታ ኤሮደስ ቤዛነ» ያጋይዳ።
2b031f0095	አፋፓ ይእዘ ኡባፓ ꬎቃ። ሳአፓ በንትደ ሳአ አስ፤ ኤ ሳአባዝ ኦህነ። ሳሎፓ ይእደ ኡባፓ አꬂ።
2b03200079	ኤ ፋ ብእደባዝን ስእደባዝ እዞ ማርክꬋነ፥ ዪኮን ኤ ማርካትꬅቶ ስእዘ ባያ።
2b03210055	ኤ ማርካትꬅቶ ኤክዘ ኦደን ጾዘ ቱሮ ማቅዳኖ ትልዛነ።
2b0322006c	ጾዚ ፋ ጌሽ አያና ኤስ ኩንꬅ እንግዘ ግሾ ጾዚ ኪትደ ጾዘ ቃላ ኦህነ።
2b03230049	አዳይ ፋ ናአያ ካꬊ ኡባባዝቶ ኤ ኩሽተ ጋድዳ።
2b03240098	ናአያ አማንዘስ መዽና ደኦ የነ። የዝን ናአያ አማኖሰላ ጾዘ ፍርዳ የነፕ አትን ኤ ደኦ ደንጎስ።
2b04010071	የሱሳ ዋሐንሳፓ አꬂ ካልዙንꬃና ፋጎ ሺሺ ጻማቅዛኖ ፋርሳዉንꬅ ስእዳ።
2b04020067	ማቅኮን የሱሳ ታማሩንꬅ ጻማቅዳፕ አትን የሱሳ ኦናን ጻማቅካያ።
2b04030071	የሱሳ አሱንꬅ ኤ ባዝ ጋዛኖ ስእደ ዎደ ይሁዳፓ ደንዲ ማቂ ጋልላ ቅትዳ።
2b04040054	ጋልላ ቅትተራ ሳማረራ አꬎዳና ኤስ አታመባዝ ማቅዳ።
2b0405008f	ይኒ ግሾ፥ ያይቆባ ፋ ናአይ ዮሰፋስ እንግደ ጋድቲ ካለ የዘ ስካረ ጋዘ ሳማራ ካታማ ይእዳ።
2b040600c5	ይና በስተ ያይቆባስ Ꮉꬅ ዶቺ የነ። የሱሳ Ꮉንግተራ ላቢ ይና Ꮉꬅ ዶችት ካለ በትዳ። የ ዎደ ሳእታ አዋራፓ እዝፑን ሳተ ጋር።
2b040700a6	ፈቲ ሳማራ ካታማ ማችታ ይና ዶችትፓ Ꮉꬅ ክጾደስ ይእዳ። የሱሳ ይና ማችትጎ፥ «ታና Ꮉꬅ ኡሾያ» ያጋይዳ።
2b0408005e	ይና ዎድተ የሱሳ ታማሩንꬅ ካꬃ ዎንጎደስ ካታማ ቅተንየሻ።
2b040900f3	ይና ማችታ ማህ፥ «ነ አይሁደ አስ ማቅተራ፥ ሳማራ ማቾ ማቅደ ታና ዋይዝ Ꮉꬅ ኡሾ ጋኤ?» ያጋይዳ። ይኖ እዛ ጋይዳና አይሁዱንꬅ ሳማሩንꬃራ የልንቶሰ ግሾ።
2b040a00e3	የሱሳ ማህ፥ «ነ ጾዘ እሞትꬅን Ꮉꬅ ታና ኡሾ ጋዘ ኦደ የዛኮ ኤርዘባዝ ማቅዛኮ ኤዛ ነ ዎሶዳ፤ የዝን ኔስ ደኦ እንግዘ Ꮉꬅ እንጎድየሻ» ያጋይዳ።
2b040b009c	ማችታ ማህ፥ «ላꬃዮ፥ ኔስ ዱቂዘ Ꮉለ ባያ፤ ዶችታን Ꮉኮ። ዬዝን፥ ደኦ እንግዘ Ꮉꬅ ነ አባፓ ኤኮደ?
2b040c00be	ኑስ Ꮉና Ꮉꬅ ዶችቶ እንግደ ኑ አዳይ ያይቆባፓ ነ አꬎደ? ኤን፥ ኤ ናኡንꬅን ኤ Ꮉሩንꬂ Ꮉና Ꮉꬅ ዶችትፓ ኡዥዳ» ያጋይዳ።
2b040d004d	የሱሳ፥ «Ꮉና Ꮉꬅትፓ ኡዥዘ ኦደን ማህ ባርꬋዳ።
2b040e00cd	የዝን ታ እንጎደ Ꮉꬅቶ ኡዥዘ ኦደን መꬍናስ ባርꬋማ። ታ እንግዘ Ꮉꬅታ ኤ ግዳ መዽና ደኦ እንግዘ ጎግዘ Ꮉꬅ ኣፈ ማቃዳ» ያጋይዳ።
2b040f00a7	ማችታ ማህ፥ «ላꬆ፥ ታኒ ባርꬋመ ጋራን Ꮉꬅ ዱቆደስ Ꮉና በስተ የአመ ፋና ታስ ይና Ꮉꬅቶ እንጎ» ያጋይዳ።
2b04100050	የሱሳ ኢጎ፥ «Ꮉንግ ነ አዝንዛ ጼጊ ዮኦ» ያጋይዳ።
2b04110088	ማችታ ማህ፥ «ታስ አዝኒ ባያ» ያጋይዳ። የሱሳ ኢጎ፥ «ታስ አዝኒ ባያ ጋእ ቱሮ ኦህዳ።
2b04120096	ኔስ ቲኖ እችን አዝኑꬅ የነ። Ꮉተ ኔራ የዘ አꬃይ ኔስ አዝኒ ባያ። ነ Ꮉተ ቱሮ ኦህዳ» ያጋይዳ።
2b04130048	ማችታ ማህ፥ «ላꬆ፥ ነ ናበ ማቅዳኖ ታ ኤርዳ።
2b041400c1	ኑ አዱንꬅ Ꮉይ ደርዘላ ጾዚ ጎይንዳ። የዝን ይን አይሁዱንꬅ አስ ጾዝ ጎይኖደስ ቤዝዘ በስታ የሩሳላመ የነ ጋነ» ያጋይዳ።
2b04150090	የሱሳ፥ «Ꮉና ማችተ ታና አማኖ፤ Ꮉይ ደርዘላ ዎይ የሩሳላመ አዳያ ይን ጎይናመ ዎደ የኦዳ።
2b04160096	ይን ሳማሩንꬅ ኤርንቶሰስ ጎይናነ። የዝን ኑኒ አሽዘ አይሁደፓ የእዘ ግሾ ኑ ኤርዛያ ጎይናነ።
2b041700da	የዝን አዳያ ቱርፓ ጎይንዙንꬅ አያናራን ቱሮትꬃራ ጎይንዘ ዎድታ ኡክዳ፤ Ꮉተን የልዳ። ይኬ፥ አዳይ ኮይዘ Ꮉኒ ጋር ኦገራ ጎይንዙንꬃና።
2b04180079	ጾዘ አያና፤ ኤስ ጎይንዙንꬅ አያናራን ቱሮትꬃራ ጎይኖደስ ቤዛነ» ያጋይዳ።
2b041900a0	ማችታ ማህ፥ «ክርስቶሳ ጋዘ ትዥንትደ ዮኦዳኖ ታ ኤራነ። ኤ የእዘ ዎደ ኑስ ኡባ ባዝ ኦሆዳ» ያጋይዳ።
2b041a004c	የሱሳ፥ «Ꮉይ ኔራ ኦህንትዘ ታኒ ኤዛ» ያጋይዳ።
2b041b0131	ኡን ኦህንቶደራ፥ የሱሳ ታማሩንꬅ Ꮉንግደ በስትፓ ማቅዳ። የሱሳ ማችትራ ኦህንቶደራ ኡን ብእ ጋማ ቆፕዳ። የዝን ማችትጎ፥ «አኮ ኮየ?» ዎይ የሱሳጎ፥ «እዝራ አኮስ ኦህንተ?» ጋይደ ኦደን ባያ።
2b041c0064	ይንፓ ማቂ፥ ማችታ ፋ Ꮉꬅ ኦቶ አሺ ሱባ ካታማ Ꮉንግ አሱንꬃጎ፥
2b041d007f	«ታኒ ኦችዳኖ ኡባ ታስ ኦህደ አꬃ ቦኦደስ የꬎተ። ኤ ክርስቶሳ ማቃነ?» ያጋይዳ።
2b041e003d	አሱንꬅ ካታማፓ ኬዚ የሱሳጎ Ꮉንግዳ።
2b041f005c	ይና ይአደራ፥ ኤ ታማሩንꬅ የሱሳጎ፥ «ሞኦዮ» ጋእ ዎስዳ።
2b04200058	የዝን ኤ፥ «ታስ ይን ኤሮሰ ካꬃ ታ ሙእዘ የነ» ያጋይዳ።
2b04210083	ይኒ ግሾ፥ ኤ ታማሩንꬅ ፋ ግዳ፥ «ኤስ ሙእዘ ባዝ አስ ክእካይዛራ አታማ?» ያጋይዳ።
2b04220072	የሱሳ ኡንታጎ፥ «ታ ካꬅታ ታና ኪተዘ ቆፍቶ ኦቾዳኖን ኤ ኦችቶ ፋዳዳኖ።
2b042300bd	ይን፥ ‹ኦይዲ አግናፓ ሱባ ካꬃ ማጽንቶዳ› ጋነ ባ? የዝን ታኒ ይንትስ ኦህነ፤ ካꬅታ ካጽን ሺሸስ የልዳኖ ሎይꬂ ቦኦተ።
2b0424008e	ቡድዘን ማጽዘን ዎላ ኡፋይቶደ ጋር ማጽዛይ ዳሞዘ ኤካነ ማህ ካꬃ መዽና ደኦስ ኣፈ ሺሻነ።
2b0425005c	ይኬ፥ ‹ፈተ ቡዳነ፤ Ꮉንካይ ማህ ማጻነ› ጋዘ ኦህታ ቱሮ።
2b042600ae	ይን ላቢካይዛኖ ሺሾደ ጋር ታ ይንታና ኪትዳ። መሉንꬅ ኦቺ ላቢዳነ ገሊ ይን ኡን ላቢደ ኣፍቶ ኤክዳ» ያጋይዳ።
2b042700b9	ማችታ፥ «ኤ፥ ታ ኦችደ ኡባባዝቶ ኦህዳ» ጋእ ማርክꬍደ ግሾ ይና ካታምተ የዘ ሳማራ አሱንꬃፓ ጋሙንꬅ የሱሳ አማንዳ።
2b0428008f	ሳማራ አሱንꬅን የሱሳጎ ይእ፥ ኡን ካለ ጋምኦደ ጋር የሱሳ ዎስን ኤ እዘ ላምእ ቃማ በትዳ።
2b0429004f	ኤ ኦህደ ቃልት ግሾ ካሰንፓ ጋማ አሱንꬅ አማንዳ።
2b042a00f9	ማህ ኡን ማችትጎ፥ «Ꮉተ ኑ አማንዳና ኑ ኦምተ ኤ ጋዛኖ ስእደ ግሾፕ አትን ነ ማርክꬍደ ግሾ ባያ። ማህን ኤ ቱሮ Ꮉና አላምቶ አሽዛ ማቅዛኖ ኑ ኤርዳ» ያጋይዳ።
2b042b004f	ላምእ ቃማፓ ሱባ፥ የሱሳ ይንፓ ኬዚ ጋልላ ቅትዳ።
2b042c0067	የሱሳ ፋ ኦምተ፥ «ናበ ፋ ጋድተ ቦንችንቶስ» ያጋእ ቲንꬊ ኦህዳ።
2b042d00d8	የሱሳ ጋልላ የልደ ዎደ ጋልላ አሱንꬅ ኤዛ ሞክዳ። አኮስ ጋይኮ፥ ፋስጋ ባአለ ቦንችዘ ዎደ ኡን የሩሳላመ የዘ ግሾ ኤ ኦችዳኖ ኡባ ብእዳ።
2b042e00c2	የሱሳ Ꮉꬅቶ ዎይነ ኡሽ ላምደ በስተ፥ ጋልላ የዘ ቃና ካታማ Ꮉንግዳ። ቅፍርናሆመ ካት ኬꬃ ኦችዘ ሹምዘስ ናእ Ꮉርግንታነ።
2b042f00ad	የሱሳ ይሁዳፓ ጋልላ ዪዳኖ የ ሹምዘ ስእ ኤጎ ይእዳ። Ꮉይቆደስ የልደ ፋ ናአያ Ꮉንግ ፋꬆደ ጋር የሱሳ ዎስዳ።
2b04300091	የሱሳ ሹምዘጎ፥ «ጾዚ ኦችዘ ጋማ ቆፍዘን ክሌ ባዝ ብእካይዛራ ይን ሙሎን አማኖስ» ያጋይዳ።
2b0431006c	ሹምዘን ማህ፥ «ላꬃዮ፥ ታ ናአይ Ꮉይቂካይዝን ታራ የꬎያ» ያጋይዳ።
2b043200a5	የሱሳ፥ «ነ ካራ ቅቶ፤ ነ ናአይ ፋጾዳ» ያጋይዳ። የ ሹምዘ የሱሳ ኦህደ ቃላ ማቅዳኖ አማኒ ፋ ካራ ቅትዳ።
2b04330090	ኤ ፋ ካራ Ꮉንጎደራ ኤዛ አሩንꬅ ኤጎ ይእተራ ኤዛር ኦገ የልንት፥ «ነ ናአይ ፋጽዳ» ጋይዳ።
2b043400a1	ኤ ፋ አሩንꬃና ፋ ናአይስ አኮ ሳተ ሎኤዛኮ ኦጭዳ። ኡን ማህ፥ «ኦማ ላፑን ሳተ ምችታ አሽዳ» ያጋይዳ።
2b043500cb	ናአይ አዳይ የሱሳ ፋጎ፥ «ነ ናአይ ፋጾዳ» ጋይዳና ይና ሳተ ማቅዳኖ ቲርዳ። ይኒ ግሾ፥ ኤዝን ኤ ካራ አሱንꬅ ኡቡንꬃራ አማንዳ።
2b04360059	ይና የሱሳ ይሁዳፓ ጋልላ ይእ ኦችደ ላምእንꬃ ክሌ ባዝ።
2b05010064	ይንፓ ማቂ፥ የሱሳ አይሁዱንꬅ ቦንችዘ ባለስ የሩሳላመ ቅትዳ።
2b050200dd	የሩሳላመ ዱሮ ፉርꬅ ካለ እብራይስጠ ዶናራ ቤተሳይዳ ጋዘ ተቅንትደ ጌና የነ። የ ተቅንት የዘ Ꮉꬅቲ ካለ ካንግዘን ኬእዘን እችን ኦገ የነ።
2b0503009c	[ይነ Ꮉꬅታ ኤንእንትዛኖ ናግዘ] ጋማ Ꮉርግንትዙንꬅ፥ ቆቁንꬅ፥ ዎቡንꬅን ጋላ ስልዱንꬅ ዎይእዳ።
2b050400da	[አኮስ ጋይኮ፥ ፈቲ ፈቲ ቶሄ ላꬄ ኪታንቾ ጌንተ ዎꬊ Ꮉꬅቶ ኤንእዛነ። Ꮉꬅታ ኤንእዘ ዎደ ቲኒ ገልደ አꬄ ፋና አይክደ አኮ Ꮉርገፓ ፋጻነ።]
2b0505005c	ይና በስተ Ꮉስታም ኦስፉን በረ Ꮉርግንትደ ፈቲ አስ የነ።
2b05060099	የሱሳ እዘ ዎይእደ አꬃ ብእ፥ ማህ ጋማ ዎደ Ꮉርግንትዳኖ ኤሪ አꬄጎ፥ «ፋጾደስ ኮያነ?» ያጋይዳ።
2b050700cd	Ꮉርጋንችዘ ማህ፥ «ላꬆ፥ Ꮉꬅታ ኤንእንትዘ ዎደ ታና Ꮉꬅተ ኦልዘ አስ ባያ። ታ ገሎደስ ይዮደር መሉንꬅ ታፓ ቲኒ ገላነ» ያጋይዳ።
2b0508005a	የሱሳ ኤጎ፥ «ደንዲ ኤቆ፤ ነ አልግዛ ቶኪ ቅቶ» ያጋይዳ።
2b0509006a	አꬃይ ኢራ ፋጽዳ፤ ፋ አልግዛ ቶኪ ቅትዳ። ይና ሳምባታ ዎደ Ꮉንዳ።
2b050a00a5	ይኒ ግሾ፥ አይሁዱንꬅ ፋጽደ አꬄጎ፥ «Ꮉይኖ ሳእታ ሳምባታ፤ ኔኒ ነ አልግዛ ቶክዛና ዎጋ ባያ» ያጋይዳ።
2b050b0074	የዝን አꬃይ፥ «ታና ፋꬄዘ፥ ‹ነ አልግዛ ቶኪ ቅቶ› ጋይዳ» ያጋእ ማህዳ።
2b050c006a	ኡን ኤጎ፥ «ነና፥ ነ አልግዛ ቶኪ ቅቶ ጋይደ ኤ ኦደ?» ያጋእ ኦጭዳ።
2b050d0090	የዝን የሱሳ ይና በስተ ጋማ አስ ግዳፓ ደሽ ጋይደ ግሾ አꬃይ ፋና ፋꬅደ ኦደ የዛኮ ኤርካያ።
2b050e00c0	የሱሳ ሱባፓ የ አꬃ ጾዘ ኬꬃ ደንግ፥ «Ꮉይቼ፥ ነ ፋጽዳ፤ Ꮉንፓ አꬍዘ ኢታ ባዝ ነና የላመ ጋር ማህ ናጋራ ኦችፐ» ያጋይዳ።
2b050f0072	ይንፓ ማቂ፥ አꬃይ Ꮉንግ ፋና ፋꬅደ የሱሳ ማቅዛኖ አይሁዱንꬅስ ኦህዳ።
2b0510006c	የሱሳ ይኖ ሳምባታ ኦደ ኦችደ ግሾ አይሁዱንꬅ የሱሳ ባይꬄ አይክዳ።
2b05110071	የሱሳ ማህ፥ «ታ አዳይ ኡባ ዎደ ኦቻነ፤ ታንን ኦቾደስ ቤዛነ» ያጋይዳ።
2b051200dc	የሱሳ ሳምባታ ቦንችካይዘ ግሾ ጻላላስ ማቅካይዝን ጾዛ ፋ አደ ጋእ ፋና ጾዛራ ዎልክዝደ ግሾ አይሁዱንꬅ ኤዛ ዎꬎደስ ቲኖንፓ ምንꬂ ኮይዳ።
2b051300ed	የሱሳ ማህ፥ «ታ ይንትስ ቱሮ ቱሮ ጋነ፤ ናአይ ፋስ አኮን ኦቾደስ ዳንዳኦስ። ኤ ፋ አዳይ ኦቾደራ ብእዳኖ ጻላላ ኦቻነ። አዳይ ኦችዛኖ ናአይን ኦቻነ።
2b051400b4	አዳይ ፋ ናአያ ካዽዘ ግሾ ኦችዘ ኦቻ ኡባ ፋ ናአያ ቤዛነ። ይን ጋማ ቆፖደ ጋር ኤ Ꮉንፓ አꬍዘ ኦቻ ፋ ናአያ ቤዞዳ።
2b0515009b	አዳይ Ꮉይቂዱንꬃና Ꮉይቆፓ ደንꬂ ኡንትስ ደኦ እንግዛንጋራ ናአይን ፋ ኮየዙንꬅስ ደኦ እንጋነ።
2b05160079	አዳይ ናአይስ ፍርዶደ ጋር አደትꬅ ዎልቃ እንግዳፕ አትን ኤ ኦናን ፍርዶስ።
2b051700bc	ይኖ ኤ ኦችዳና አስ ኡባ አዳያ ቦንችዛን ጋር ናአያን ቦንቾደ ፋና። ናአያ ቦንቾሰ ኦደን ናአያ ኪትደ አዳያን ቦንቾስ።
2b051800c3	«ታ ይንትስ ቱሮ ቱሮ ጋነ፤ ታ ቃልቶ ስእዘስ ታና ኪተዛ አማንዘስ መዽና ደኦ የነ። ኤ Ꮉይቆፓ ደኦ ፊንግደ ግሾ ፍርድንቶስ።
2b051900bb	ታ ይንትስ ቱሮ ቱሮ ጋነ፤ Ꮉይቂደ አሱንꬅ ጾዘ ናአይ ቃልቶ ስእዘ ዎደ የኦዳ፤ ይናን Ꮉተ። ኤ ቃልቶ ስእዘ ደኦ የሳዳ።
2b051a0060	አዳይ ፋስ ደኦ የዛን ፋና ናአይስን ደኦ የሳደ ፋና እንግዳ።
2b051b007a	ናአይ አስ ናአ ማቅደ ግሾ አዳይ ናአይስ ፍርዶደ ጋር አደትꬅ ዎልቃ እንግዳ።
2b051c006d	«ቦዛ የዙንꬅ ኤ ቃልቶ ስእ ደንድዘ ዎደ የኦደ ግሾ Ꮉነ ጋማ ቆፕፐተ።
2b051d007c	ሎኦ ኦችዱንꬅ ደኦ ደንድደስ ማህ ኢታ ኦችዱንꬅ ፍርዳ ኤኮደስ ቦዛፓ ደንዶዳ።
2b051e010a	«ታኒ ታ አደትꬅ ዎልቃራ አኮ ባዝን ኦቾደስ ዳንዳኦስ። ጾዘ ታስ ኦህዳን ጋር ፍርዳነ። ታኒ ታና ኪትደ ኮይዘ ባዝ ኦቻነፕ አትን ታ ኮይዘ ባዝ ኦቾሰ ግሾ ታ ፍርድታ ቱሮ።
2b051f004e	«ታኒ ታ ባዝ ማርክꬍኮ ታ ማርካትꬅታ ቱሮ ማቆስ።
2b05200072	ታ ባዝ ማርክꬍዘ መለ የነ፤ ኤ ታ ባዝ ማርክꬍዛና ቱሮ ማቅዛኖ ታ ኤራነ።
2b0521004a	«ይን ዋሐንሳጎ አስ ኪትን ኤ ቱርስ ማርክꬍዳ።
2b05220088	ታ ይኖ ይንትስ ኦህዛና፥ ይን አቶደ ጋር ጋይዳፕ አትን አስ ማርካትꬅ ታስ ኮሽን ባያ።
2b05230074	ዋሐንሳ ጎጋ ጋር ኤጽዘ ፎኦ። ይን ኤራꬅ ዎደ ኤ ፎእተ ኡፋይቶደስ ኮይዳ።
2b052400ca	«የዝን ታስ ዋሐንሳፓ አꬍዘ ማርካ የነ። ታ ኦቾደ ጋር ታ አዳይ ታስ እንግደ ኦችታ ታ ባዝ ማርክꬋነ፤ አዳይ ታና ኪተዛኖ ቤዛነ።
2b052500a0	«ማህን ታና ኪትደ አደን ፋ ኦምተ ታ ባዝ ማርክꬋነ። ይን ኤ ቃልቶ ሙሎ ስእካያ ዎይ ኤ ብሽቶ ብእካያ።
2b05260057	ኤ ኪተዛኖ ይን አማኖሰ ግሾ ኤ ቃልታ ይን ዎዝንተ ባያ።
2b05270098	«ጌሽ ማጻፉንꬃፓ መዽና ደኦ ደንጎደባዝ ይንትስ አዝን ኡን ቁርቻነ፤ ቃልታን ታ ባዝ ማርክꬋነ።
2b05280048	የዝን ይን ደኦ ደንጎደስ ታጎ ዮኦደስ ኮዮስ።
2b05290029	«አሳፓ ታኒ ቦንቾ ኮዮስ።
2b052a004c	የዝን ታኒ ይን ዎዝንተ ጾዘ ሲቆ ባይዛኖ ኤራነ።
2b052b0084	ታኒ ታ አዳይ ሱንꬅተ ይእዳ፥ የዝን ታና ሞክካያ። Ꮉንካይ ፋ ሱንꬅተ የእዛ ሞካነ።
2b052c00ab	ይን ፈተ ፈተፓ ቦንቾ ኮይዙንꬅ፥ ፈቲ ጾዘፓ የእዘ ቦንቾ ኤኮደስ ኮዮሱንꬅ፥ ዋይዝ ታና አማኖደስ ዳንዳኦደ?
2b052d0093	«ታኒ ታ አዳይ ቲኖ ይንታና ሞትዘባዝ ይንትስ አዝፐ። ይንታና ሞቶደ ይን ኡፋይት ካፍዘ ሙሴ።
2b052e005d	ይን ሙሴ አማነዛኮ ኤ ታ ባዝ ጻፍደ ግሾ ታናን አማኖድየሻ።
2b052f006f	የዝኮን ይን ኤ ጻፍዳኖ አማናንጽኮ ታ ቃልቶ ዋይዝ አማኖደ?» ያጋይዳ።
2b06010066	ይንፓ ማቂ፥ የሱሳ ጽባርዮሳ ጋዘ ጋልላ አባፕ ሰኮ ጋጻ ፊንግዳ።
2b06020077	ኤ Ꮉርጋንቹንꬃና ፋꬂ ክሌ ባዝ ኦችዳኖ ብእደ ግሾ ጋማ አሱንꬅ ኤዛ ካልዳ።
2b06030052	የሱሳ ደረላ ኬዚ፥ የይጋ ፋ ታማሩንꬃራ ዎላ በትዳ።
2b06040040	አይሁዱንꬅ ቦንችዘ ፋስጋ ባአለ ኡክዳ።
2b060500b6	የሱሳ ጋማ አሱንꬅ ፋጎ የእዛኖ ብእ ፍልጶሳጎ፥ «Ꮉንꬅ አሱንꬃና ኡባ ሙሳደስ ማቃደ ካꬃ አባፓ ዎንጎደ?» ያጋይዳ።
2b06060077	ኤ ይኖ ፍልጶሳ ፋታኖደስ ጋይዳፕ አትን ኤ ፋ ኦምተ አኮ ኦቾድየዛኮ ኤራነ።
2b060700cd	ፍልጶሳ ማህ የሱሳጎ፥ «መለ አቶ የዝን፥ ኦማ ኦማ፥ ፈቲ ፈቲ ባርꬅ የልꬆደስ፥ ላምእ ጼት ድናረራ ቦራ ዎንግኮን ማቆስ» ያጋይዳ።
2b06080061	ማህ የሱሳ ታማሩንꬃፓ ፈተ፥ ስሞን ጴጥሮሳ እሸ እንድርያሰ፥
2b060900b9	«እችን በሸ ባንጋ ቦራን ላምእ ሞሎ አይክደ ፈቲ ናአ Ꮉነ የነ፥ የዝን Ꮉንꬅ አሱንꬅ ኡባስ ይና አኮ ማዶደ?» ያጋይዳ።
2b060a00e3	የሱሳ ፋ ታማሩንꬃጎ፥ «አሱንꬃና በትꬆተ» ያጋይዳ። ይና በስተ ጋማ ቡጫ የነ፤ አሱንꬅ ኡባ በትዳ። ꬊራꬅ አሱንꬅ ፋይድታ እችን ሙኩል ማቃዳ።
2b060b00fb	የሱሳ ቦርዛ ኤኪ ጾዝ ጋላቲ ማቂ ፋ ታማሩንꬅስ እንግዳ። ኡንትን በትደ አሱንꬅስ የልꬅዳ። ሞልቶን ኤኪ ይኒ ፋና ዪዚ እንግን፥ አሱንꬅ ፋ ኮይዳን ጋር ሙይዳ።
2b060c00a1	ኡን ኡቡንꬅ ምዥዳንፓ ሱባ የሱሳ ፋ ታማሩንꬃጎ፥ «ፈትባዝን ኢታመ ጋር አትደ ጉፍቶ ሺሾተ» ያጋይዳ።
2b060d0096	ይኒ ግሾ፥ ኡን ኡባ ሺሽዳ። አሱንꬅ ሙእን አትደ ባንጋ ቦራ ጉፋ ሺሽን ታጶ ላምእ ሌማተ ማቅዳ።
2b060e0099	አሱንꬅ የሱሳ ኦችደ ክሌ ባዝ በኤዘ ዎደ «Ꮉይ ቱሮ Ꮉና አላምተ የኦዳ ጋእንትደ ናብዛ» ያጋይዳ።
2b060f007e	የሱሳ ኡን ኤዛ አይኪ ዎልቃራ ካት ማሆደስ Ꮉንዛኖ ኤሪ፥ ፋስ ደረላ ማህ ከዝዳ።
2b06100047	ሳእታ ኡጉርን የሱሳ ታማሩንꬅ አባጎ ዎꬍዳ።
2b061100bb	ሳእታ ቃምደ ግሾን የሱሳ Ꮉጋ ኡንታጎ ይእካይዘ ግሾ ኤ ታማሩንꬅ ጎንግተ ገሊ አባ ፊንግ ቅፍርናሆመ ቅቶደስ ደንድዳ።
2b0612003f	ዳማ ባቆ ባቂደ ግሾ አባ Ꮉꬅታ ኤንእዳ።
2b061300af	እችን ዎይ እዝፑን ክሎ ምትረ ማቃደ ጋር ኡን አባላ Ꮉንግዳንፓ ሱባ የሱሳ አባላ የꬍተራ የእዛኖ ብእ ዣሽትዳ።
2b0614003e	የዝን ኤ፥ «ዣሽትፐተ፥ ታና» ያጋይዳ።
2b0615007a	ኡን ኡፋይት ኤዛ ጎንግተ ገልꬅዳ፤ ኢራ ጎንግዘ ኡን Ꮉንግዘ አባ ጋጻ የልዳ።
2b06160105	ዎንትስት ዎደ አባፓ ሰኮ ጋጻ አትደ ጋማ አሱንꬅ ፈቲ ጎንገ ጻላላ የዛኖ ብእዳ። የሱሳ ፋ ታማሩንꬃራ ጎንግተ ገሊ፥ ኡንታራ Ꮉንጎሳኖን ኡን ፋ ፋስ Ꮉንግዳኖ ብእዳ።
2b06170089	የዝን ጽባራዶሳፓ መለ ጎንጉንꬅ የሱሳ ጾዝ ጋላትን፥ አሱንꬅ ቦራ ሙይደ በስቶ ይእዳ።
2b0618009a	አሱንꬅ የሱሳ ዎይ ኤ ታማሩንꬅ እዘ ባይዛኖ ብእ፥ የሱሳ ኮዮደስ ጎንግተ ገሊ ቅፍርናሆመ ቅትዳ።
2b0619008f	አሱንꬅ የሱሳ አባፓ ሰኮ ፍንꬃ ደንግደ ዎደ «አስታማርዛዮ፥ Ꮉነ አይደ ነ ዪዶ?» ያጋይዳ።
2b061a00ae	የሱሳ ማህ፥ «ታኒ ይንትስ ቱሮ ቱሮ ጋነ፤ ይን ታና ኮይዛና ቦራ ሙእ ምዥደ ግሾ ፋትን ክሌ ባዝ ብእደ ግሾ ባያ።
2b061b00b1	ꬋብዘ ካꬃስ ኦችፐተ፥ የዝን መዽና ደኦ የዘ ካꬃ እንግዘ አስ ናአይስ ኦቾተ። ኤዛን ጾዘ አዳይ አታሚ ትልዝዳ።»
2b061c006c	ዬዝን ኡን፥ «ኑኒ ጾዘ ኦቻ ኦቾደስ አኮ ኦቾደ?» ያጋእ የሱሳ ኦጭዳ።
2b061d0089	የሱሳ ማህ፥ «ይን ኦቾደ ጋር ጾዘ ኮይዘ ኦችታ Ꮉኖ፦ ኤ ኪትዳያ አማኖደ ፋና» ያጋይዳ።
2b061e0078	ኡን ማህ፥ «ኑኒ ብእ፥ ነና አማኖደ ጋር አኮ ክሌ ባዝ ነ ቤሳደ? ነ አኮ ኦቾደ?
2b061f00c7	ጌሽ ማጻፍተ፥ ‹ኡን ማአደ ጋር ቦራ ሳሎፓ እንግዳ› ጋእንት ጻፍንትዳንጋራ ኑ አዱንꬅ አኮ ባይዘ ጋናሳ ማና ሙይዳ» ያጋይዳ።
2b06200091	የሱሳ፥ «ታ ይንትስ ቱሮ ኦህነ፤ ይንትስ ሳሎፓ ቱሪ ቦራ እንግደ ታ አዳይፕ አትን ሙሴ ባያ።
2b0621006e	ይኬ፥ ጾዚ እንግዘ ቦራ ሳሎፓ ዎꬍደ አላመስ ደኦ እንግዛያ» ያጋይዳ።
2b0622005b	ኡን ማህ፥ «ላꬆ፥ ኑስ የ ቦርዛ ኡባ ዎደ እንጎ» ያጋይዳ።
2b0623008d	የሱሳ፥ «ታኒ ደኦ ቦራ፤ ታጎ የእዘ ኦደን ሙሎ ናይꬎስ። ማህ ታና አማንዘ አꬄን ባርꬎስ።
2b0624005f	የዝን ታ ይንትስ ኦህዳ፤ ይን ታና ብእዳ፥ የዝን አማንካያ።
2b06250078	ታ አዳይ ታስ እንግደ ኡቡንꬅ ታጎ ዮኦዳ፤ ማህ ታጎ የእዛ ኦናን ባለ ዳኮስ።
2b06260081	ታኒ ታ ኮይዘ ባዝ ኦቾደስ ማቅካይዝን ታና ኪትደ ኮይዘ ባዝ ኦቾደስ ሳሎፓ ይእዳ።
2b062700c0	ታና ኪትደ ኮይዛና Ꮉኖ፦ ታኒ ኤ ታስ እንግደ ኡቡንꬃና ዉርሱꬅ ዎደ Ꮉይቆፓ ደንꬆደ ጋራፕ አትን ፈተን ꬋቦደ ጋር ኮዮስ።
2b062800e0	ይኬ፥ ታ አዳይ ኮይዛና ይኖ፦ ናአያ ብእ አማንዘ ኡባ መዽና ደኦ ኤኮዳ፤ ታኒ የንꬃና ኡባ ዉርሱꬅ ዎደ መዽና ደኦስ Ꮉይቆፓ ደንꬆዳ» ያጋይዳ።
2b06290070	የሱሳ፥ «ታኒ ሳሎፓ ዎꬍደ ቦራ» ጋይደ ግሾ አይሁዱንꬅ ኤላ ዙዝንግዳ።
2b062a00ce	ኡን፥ «Ꮉይኒ ኑ ኤ አዳያን ኤ እንቶ ኤርዘ ዮሰፋ ናአ የሱሳ ባነ? ዬዝን፥ ኤ ዋይዝ፥ ‹ታ ሳሎፓ ዎꬍዳ› ጋዉደስ ዳንዳኤ?» ያጋይዳ።
2b062b0046	የሱሳ ማህ፥ «ፈተ ፈተራ ዙዝንግዛኖ አሾተ።
2b062c00cb	ታና ኪትደ ታ አዳይ ታጎ ክእዘ አሳፓ አትን ታጎ ዮኦደስ ዳንዳእዘ ኦደን ባያ። ታ ዉርሱꬅ ዎደ ኤዛ መዽና ደኦስ Ꮉይቆፓ ደንꬆዳ።
2b062d00aa	ናቡንꬅ፥ ‹አስ ኡባ ጾዛፓ ታማርዱንꬃና ማቃዳ› ጋእ ጻፍዳ። አዳያ ስእዘን ኤፓ ታማርደ ኦደን ታጎ የእነ።
2b062e0077	ጾዘ ካለፓ ይእዳይፕ አትን አዳያ በኤዘ ኦደን ባያ፤ ኤ ጻላላ አዳያ ብእዳ።
2b062f0059	«ታ ይንትስ ቱሮ ቱሮ ጋነ፤ ታና አማንዘ መዽና ደኦ የነ።
2b06300017	ታኒ ደኦ ቦራ።
2b06310063	ይን አዱንꬅ አኮ ባይዘ ጋናስ ሳአ ማና ሙእዳ፥ የዝን Ꮉይቂዳ።
2b06320059	ሳሎፓ ይእደ ቦራ Ꮉያ፤ Ꮉይ ቦርዛ ሙእደ ኦደን Ꮉይቆስ።
2b063300eb	ሳሎፓ ይእደ ደኦ ቦርዘ ታና። ኦደን Ꮉይ ቦርዛ ሙእኮ መꬍናስ የሳዳ። ማህ Ꮉና አላምታ ደኦ የሳደ ጋር ታኒ ይንትስ እንጎደ ቦርዘ ታ አሽቶ» ያጋይዳ።
2b063400a5	አይሁዱንꬅ፥ «Ꮉይ አꬃይ ፋ አሽቶ ኑ ማአደ ጋር ኑስ ዋይዝ እንጎደስ ዳንዳኤ?» ያጋእ ፋ ግዳ ዎላ ላልዳ።
2b063500dd	ይኒ ግሾ፥ የሱሳ ኡንታጎ፥ «ታኒ ይንትስ ቱሮ ቱሮ ጋነ፤ አስ ናአይ አሽቶ፥ ይን ማአንጽኮ፥ ማህ ኤ ሱꬅቶ ይን ኡዣንጽኮ፥ ይንትስ ደኦ ባያ።
2b06360096	ታ አሽቶ ሙእዘን ታ ሱꬅቶ ኡዥዘ አꬄስ መዽና ደኦ የነ። ታኒ ዉርሱꬅ ዎደ ኤዛ Ꮉይቆፓ ደንꬆዳ።
2b06370040	ታ አሽታ ቱሪ ካꬃ፤ ታ ሱꬅታን ቱሪ ኡሽ።
2b0638006d	ታ አሽቶ ሙእዘን ታ ሱꬅቶ ኡዥዘ አꬄ ታ ግዳ የነ፤ ታንን ኤ ግዳ የነ።
2b0639008d	ደኦ አዳይ ታና ኪትን፥ ታ ኤ ባጋራ ደኦ የዛንጋራ፥ ታና ሙእዘ አꬄን ታ ባጋራ ደኦ የሳዳ።
2b063a00af	ሳሎፓ ዎꬍደ ቦርዘ Ꮉያ፦ ይን አዱንꬅ ሙእ Ꮉይቂደ ማና ፋና ባያ፤ Ꮉይ ቦርዛ ሙእዘ አꬄ መዽና የሳዳ» ያጋይዳ።
2b063b005b	የሱሳ ቅፍርናሆመ ካታማ አይሁደ ዎሳ ኬꬃ Ꮉኖ ታማርስዳ።
2b063c008c	የሱሳ ታማሩንꬃፓ ጋማ ባግታ ይኖ ስኤዘ ዎደ «Ꮉና ገሎሰ ትምርተ፤ ኦደስ ገለ?» ያጋይዳ።
2b063d0068	የሱሳ ፋ ታማሩንꬅ ይንስ ዙዝንግዳኖ ኤሪ፥ «Ꮉና ይንታና ባልꬃነ?
2b063e0069	ዬዝን፥ አስ ናአይ ቲኖ ፋ የዘ በሳ ኡደ ከሳደራ ይን ብእዛኮ ዋያደ?
2b063f00a9	ጌሽ አያና ደኦ እንጋነ፤ አስ ዎልቃ አኮን ማዶስ። ታ ይንትስ ኦህዘ ቃልታ ደኦ እንግዘ ጌሽ አያናፓ ይእዳ።
2b064000cb	የዝን ይን ግዳ አማኖሱንꬅ የነ» ያጋይዳ። አማኖሱንꬅ ኦድ የዛኮ የሱሳ ቲኖፓን ኤራነ። ማህ ፋና አꬂ እንጎደ ኦና የዛኮ ኤራነ።
2b0641009f	ማህን የሱሳ፥ «አዳይ ዮኦ ጋይካይዘ ኦደን ታጎ ዮኦደስ ዳንዳኦስ ጋእ ታ ኦህዛና ይኒ ግሾ» ያጋይዳ።
2b06420083	ይኒ ባጋራ፥ የሱሳ ካልዙንꬃፓ ጋሙንꬅ ኤዛ አሺ ሱብ ማቅዳ፤ ማህን ኤራ Ꮉንግካያ።
2b0643007b	የሱሳ ታጶ ላምእ ፋ ታማሩንꬃና፥ «ይንትን አሺ ቅቶደስ ኮያነ?» ያጋእ ኦጭዳ።
2b06440071	ስሞን ጴጥሮሳ ማህ፥ «ላꬆ፥ ኑኒ ኦደጎ ቅቶደ? ኔስ መዽና ደኦ ቃላ የነ።
2b06450051	ነ ጾዘ ጌሽ ማቅዳኖ ኑኒ አማናነን ኤራነ» ያጋይዳ።
2b0646008e	የሱሳ ኡንታጎ፥ «ታ ይንታና ታጶ ላምኡንꬃና ዶርካነ? የዝን ይንታፓ ፈተ ጻላሄ» ያጋይዳ።
2b064700b5	የሱሳ ይኖ ጋይዳና ስሞና ናአይ አስቆሮቱ ይሁዳ ግሾ። ይሁዳ የሱሳ አꬂ እንጎደስ የዘ ታጶ ላምእ ታማሩንꬃፓ ፈታ።
2b0701007d	ይንፓ ማቂ፥ አይሁዱንꬅ የሱሳ ዎꬎደስ ኮይደ ግሾ ኤ ይሁዳ አሺ ጋልላራ ዉትዳ።
2b0702003d	አይሁዱንꬅ ቦንችዘ ዳሰ ባአለ ኡክዳ።
2b0703009f	ይኒ ግሾ፥ የሱሳ እሹንꬅ፥ «ነ ታማሩንꬅ ነ ኦችዘ ክለ ባዝቶ በአደ ጋር Ꮉንፋ ደንዲ ይሁዳ ሳአ ቅቶ።
2b070400a8	ፋስ ቆንጪ ኤርንቶደስ ኮይዘ አስ ኦደን ፋ ኦችቶ አቾስ። ነ Ꮉን ሳና ኦቺ ነባዝ አላመስ ቆንጭዞ» ያጋይዳ።
2b07050041	ኤ እሹንꬅ ይኖ ጋይዳና አማንካይዘ ግሾ።
2b07060072	የሱሳ ኡንታጎ፥ «ታስ ዎደ Ꮉጋ የልካያ፥ የዝን ይንትስ ኡባ ዎደ ዎታነ።
2b0707009a	አላመ ይንታና እጾደስ ዳንዳኦስ፥ የዝን ታኒ አላመ ኦችታ ኢታ ማቅዛኖ ማርክꬍዘ ግሾ ታና እጻነ።
2b07080078	ይን ባአልቶ ቅቶተ፤ ታስ ዎደ የልካይዘ ግሾ ታኒ ባአልቶ Ꮉንጎስ» ያጋይዳ።
2b07090028	ኤ ይኖ ጋእ ጋልላ አትዳ።
2b070a009f	ኤ እሹንꬅ ባአለ ቦንቾደስ ቅትዳንፓ ማቂ የሱሳ ኦደን ኤርካይዝን በንትካይዛራ ይና በስተ Ꮉንግዳ።
2b070b006b	አይሁዱንꬅ ባአለ ቦንችዘ በስተ፥ «ኤ አባ የነ?» ያጋእ ኤዛ ኮይዳ።
2b070c00b8	አሱንꬅ ዙዝንጊ ኤ ባዝ ኦህንታነ። ባጉንꬅ፥ «ኤ ሎኦ አስ» ጋዘ ዎደ መሉንꬅ ማህ፥ «አደ፥ ኤ አስ ባልꬃነ» ያጋይዳ።
2b070d006f	የዝን አይሁደ Ꮉላቁንꬅስ ዣሽትደ ግሾ ኦደን ኤ ባዝ ቆንጨ ኦህንቶስ።
2b070e0066	ባአለ ቦንቺ ግዳ የሎደራ የሱሳ ጾዘ ኬꬃ Ꮉንግ ታማርሰ አይክዳ።
2b070f0084	አይሁዱንꬅ፥ «Ꮉይ አꬄ ትምርተ ታማርካይዛራ ማጻፈ ዋይዝ ኤርዶ?» ጋእ ጋማ ቆፕዳ።
2b07100094	የሱሳ ማህ፥ «ታ ታማርስዘ ትምርትታ ታና ኪተዘ ጾዘ ካለፓ የእዘ ትምርተፕ አትን ታ ባዝ ባያ።
2b07110095	ጾዘ ቆፋ ኦቾደስ ኮይዘ ኦደን Ꮉና ትምርትታ ጾዘ ካለፓ የእዛኮን ዎይ ታኒ ታፓ ኦህዛኮ ኤራነ።
2b071200a6	ፋ ባዝ ኦህዘ ኦደን ፋ ቦንቾ ኮያነ። የዝን ፋና ኪተዘ ቦንቾ ኮይዘ ኦደን ኤ ቱሪ አስ፤ ኤ ግዳ ዎርዶ ባያ።
2b071300a4	ሙሴ ይንትስ ህገ እንግዳ፥ የዝን ይንታፓ ኦደን ህገ ናግካያ። ዬዝን አኮስ ታና ዎꬎደስ ኮየ?» ያጋይዳ።
2b0714006b	አሱንꬅ ማህ፥ «ኔራ ጻላሄ የነ፤ ነና ዎꬎደስ ኦደ ኮይዘ?» ያጋይዳ።
2b07150059	የሱሳ፥ «ታ ፈቲ ክሌ ባዝ ኦችን ይን ኡቡንꬅ ጋማ ቆፕዳ።
2b07160105	ይን፥ ይን ናኡንꬃና ጋራዞደ ጋር ሙሴስ ዎጋ እንግዳ። የዝን ይን ማይዙንꬃፓ አይኪ የዘ ዎጋፕ አትን ሙሴ ባያ። ይኒ ግሾ፥ ይን ሳምባታ ዎደ ꬊራꬅ ናኡንꬃና ጋራዛነ።
2b071700c2	ሙሴ ህገ ሻርንታመ ፋና ይን ሳምባታ ዎደ ጋራዘባዝ ማቅኮ፥ ታ ፈቲ አꬄ ኩሙꬅ ጋልቶ ሳምባታር ፋꬅደ ግሾ ታራ አኮስ ካጭንተ?
2b07180061	ቱሪ ፍርዳ ፍርዶተፕ አትን አስ ስኖ ብእ ፍርድፐተ» ያጋይዳ።
2b07190066	የሩሳላመ አሱንꬃፓ ፈተ ፈተ፥ «ኡን ዎꬎደስ ኮይዘ አꬄ Ꮉያ ባነ?
2b071a009c	ይኬ፥ ኤ ቆንጨ ኦህነ፤ ኡን ኤዛ አኮን ጋኦስ። ኤ ክርስቶሳ ማቅዳኖ አይሁደ Ꮉላቁንꬅ ቱሮ ኤረሶነ?
2b071b009e	ክርስቶሳ የእዘ ዎደ ኤ አባፓ የዛኮ ኦደን ኤሮስ፥ የዝን Ꮉይ አꬄ አናፓ የኤዛኮ ኑ ኤራነ» ያጋይዳ።
2b071c0106	የሱሳ ጾዘ ኬꬃ ታማርስተራ ፋ ቃልቶ ꬎቅ ዪዚ፥ «ቱሮ ይን ታ ኦና የዛኮን ታ አባፕ የኤዛኮ ኤራነ? ታኒ ታ ዎልቃራ ይእካያ፥ የዝን ታና ኪተዘ ቱሪ አደ፤ ይን ኤዛ ኤሮስ።
2b071d0067	የዝን ታኒ ኤ ኪትን ኤ ካለፓ ይእደ ግሾ ኤዛ ኤራነ» ያጋእ ኡክዳ።
2b071e0099	ይኒ ግሾ፥ ኡን ኤዛ አይኮደስ ኮይዳ። የዝን ኤስ ዎደ Ꮉጋ የልካይዘ ግሾ ኦደን ኤላ ኩሸ ጋድካያ።
2b071f00a7	የዝን ጋማ አሱንꬅ የሱሳ አማኒ፥ «ክርስቶሳ የእዘ ዎደ Ꮉይ አꬄ ኦችዘ ክለ ባዛፓ አꬂ ኦቾዳነ?» ያጋይዳ።
2b072000dc	ፋርሳዉኑꬅ ጋማ አሱንꬅ የሱሳ ባዝ ካልካሽዛኖ ስእዳ። ካህኑንꬅ Ꮉላቁንꬅን ፋርሳዉኑꬅ ኤዛ አይꬂ አጭሳደስ ጾዘ ኬꬃ ናግዙንꬃና ኪትዳ።
2b07210072	የሱሳ፥ «ታ ይንታራ ኤራꬅ ዎደ ጋምኦዳ፤ ይንፓ ሱባ ታና ኪተዘጎ ቅቶዳ።
2b0722007f	ይን ታና ኮዮዳ፥ የዝን ደንጋማ። ታ የዘ በስቶ ይን ዮኦደስ ዳንዳኦስ» ያጋይዳ።
2b072300c6	አይሁዱንꬅ ፈተ ፈተራ፥ «Ꮉይ ኑ ደንጋመ በሳ አባ ቅቶደስ ይየ? ግርኬ ካታማ በቲ የዘ አይሁዱንꬃና Ꮉንግ ታማርሶደስ ቅቶዳነ?
2b072400b1	‹ይን ታና ኮዮዳ፥ የዝን ደንጋማ› ማህ፥ ‹ታኒ የዘ በሳ ይን ዮኦደስ ዳንዳአማ› ጋዛና አክ ጋእንተ?» ያጋይዳ።
2b07250091	ባአለ ቦንችዘ Ꮉልኤ ቃምተ የሱሳ ደንዲ፥ ፋ ቃልቶ ꬎቅ ዪዚ፥ «ባርꬍደ ኦደን ታጎ ይእ ኡዦ።
2b07260090	ታና አማንዘ ኦደን ጌሽ ማጻፍታ ጋይዳንጋራ ደኦ እንግዘ Ꮉꬅ ኣፈ ኤ ግዳፓ ጎጎዳ» ያጋይዳ።
2b072700cf	ኤ ይኖ ጋይዳና ኤዛ አማነዙንꬅ ኤኮደስ የዘ ጌሽ አያናባዝ ኦህዳ። የሱሳ Ꮉጋ ቦንችንትካይዘ ግሾ የ ዎደ ጌሽ አያና እንግንትካያ።
2b07280087	የንꬅ አሱንꬃፓ ጋሙንꬅ ኤ ጋዛኖ ስእ፥ «Ꮉይ ቱሮ ዮኦዳ ጋእንትደ ናብዛያ» ያጋይዳ።
2b07290088	መሉንꬅ ማህ፥ «Ꮉይ ክርስቶሳ» ያጋይዳ። ማህን መሉንꬅ፥ «ክርስቶሳ ጋልላፓ የእነነ?
2b072a0098	ጌሽ ማጻፍተ፥ ‹ክርስቶሳ ዳዉተ ኮቻፓ ዳዉተ የዝደ ቤተለመ ካታማፓ የኦዳ› ጋይካነ?» ያጋይዳ።
2b072b0052	ይኒ ግሾ፥ የሱሳ ባጋራ አሱንꬅ ዎል ግዳ ሻክንትዳ።
2b072c007d	የንꬅ አሱንꬃፓ ፈተ ፈተ ኤዛ አይኮደስ ኮይዳ፥ የዝን ኦደን ኤላ ኩሸ ጋድካያ።
2b072d00b8	ጾዘ ኬꬂ ናግዙንꬅ ካህኑንꬅ Ꮉላቁንꬃጎን ፋርሳዉኑꬃጎ ሱብ ማቂ ይእን ኡን፥ «አኮስ ኤዛ ከአንጽዶ?» ያጋእ ኦጭዳ።
2b072e007b	ጾዘ ኬꬂ ናግዙንꬅ ኡንታጎ፥ «Ꮉይ አꬄ ኦህዛን ጋራ ኦደን ኦሆስ» ጋእ ማህዳ።
2b072f0043	ፋርሳዉኑንꬅ ማህ፥ «ኤ ይንታናን ባልꬅዳ?
2b0730005f	አይሁደ Ꮉላቁንꬃፓ ዎይ ፋርሳዉንꬃፓ ኤዛ አማንደ አስ የነ?
2b07310053	ሙሴ ህገ ኤሮሰ Ꮉንꬅ አሱንꬅ ቱኔዙንꬃና» ያጋይዳ።
2b0732005d	ፋርሳዉንꬃፓ ፈተ ቃማ የሱሳጎ Ꮉንግደ ንቆድሞሳ ኡንታጎ፥
2b073300a4	«ፈቲ አስ ጋዛኖ ስእካይዛራ ዎይ ኤ አኮ ኦቼዛኮ ኤርካይዛራ ቲኖ ኤላ ፍርድዛና ኑ ህግተ የነ?» ያጋይዳ።
2b0734008d	ኡን ማህ፥ «ኔንን ጋልላ አስ? ጋልላ ሳአፓ ናበ ከዛማኖ ጌሽ ማጻፈፓ ቁርች ኤሮ» ያጋይዳ።
2b07350036	ይንፓ ሱባ ፈተ ፈተ ፋ ካራ ቅትዳ።
2b08010069	ፈተ ፈተ አሺ ፋ ካራ ፋ ካራ ቅትዳ፥ የዝን የሱሳ ሻማሄ ደረ ቅትዳ።
2b0802008b	ማህ ዎንትስት ዎደ ጎዳ ጾዘ ኬꬃ ይእዳ። ጋማ አሱንꬅ ኤጎ ይእን በቲ ኡንታና ታማርስዳ።
2b080300a1	ህገ አስታማሩንꬅን ፋርሳዉኑꬅ ኦላሎደራ አይክደ ፈቲ ማችቶ ኤጎ ክእዳ። ኡን አስ ኡባ ቲኖ እዞ ኤስ፥
2b0804004f	«አስታማርዛዮ፥ Ꮉና ማችታ ኦላሎደራ ኑ አይክዳ።
2b0805008c	ሙሴ ህገ Ꮉኒ ጋርዘ ማችቶ ሹቻራ ꬎጊ ዎꬎደ ጋር ኪታነ። ዬዝን፥ ነ እባዝ ዋገ?» ያጋይዳ።
2b0806009e	ኡን ይኖ ጋይዳና የሱሳ ፋታኒ ኤዛ ሞቶደባዝ ደንጎደስ። የዝን የሱሳ ዙጊ ፋ ግልእዘራ ሳአላ ጻፍዳ።
2b080700af	ኡን ኤዛ ማህ ማህ ኦጪ አሻንጽን፥ ኡደ ꬎቅ ጋእ፥ «ይን ግዳ ናጋራ ኦችካይዘ አስ ቲኒ እዞ ሹቻራ ꬎጎ» ያጋይዳ።
2b08080027	ማህን ዙጊ ሳአላ ጻፍዳ።
2b080900ca	ኡን ይኖ ስእደ ዎደ ኡን ቆፍታ ኡንእን ጭሙንꬃፓ አይኪ ፈተ ፈተ ከዝተራ Ꮉልእዳ። የሱሳ ጻላላ ይና በስተ ኤቅደ ማችትራ አትዳ።
2b080a00bc	ኤ ኡደ ꬎቅ ጋእ ማችትፓ መለ አስ ብእካይዘ ዎደ፥ «ማችተ፥ ሞትዙንꬅ አባ ቅትዶ? ኔላ ፍርድዙንꬃፓ ኦደን ባ?» ያጋይዳ።
2b080b00a9	ማችታ፥ «ላꬆ፥ ኦደን ባያ» ያጋይዳ። የሱሳ ማህ፥ «ታንን ኔላ ፍርዶስ። ቅቶ፤ ማህ ናጋራ ኦችፈ» ያጋይዳ።
2b080c00c0	ማንን የሱሳ አሱንꬃጎ፥ «ታኒ አላመስ ፎኦ። ታና ካልዘ ኦደን ደኦ እንግዘ ፎኦ ኤኮዳፕ አትን ꬉማ Ꮉንቶስ» ያጋእ ኦህዳ።
2b080d0079	ፋርሳዉንꬅ፥ «ነ ነባዝ ማርክꬋነ፥ የዝን ነ ማርካትꬅታ ቱሮ ባያ» ያጋይዳ።
2b080e0112	የሱሳ ማህ፥ «ታኒ ታ ባዝ ማርክꬍዛኮን ታ ማርካትꬅታ ቱሮ። አኮስ ጋይኮ፥ ታኒ አባፓ የኤዛኮ ማህ አባ ቅትዛኮ ኤራነ፥ የዝን ይን ታ አባፓ የእዛኮን ማህ አባ ቅትዛኮ ኤሮስ።
2b080f0056	ይን አስ ቆፋ ጋር ፍርዳነ፤ ታኒ ፈቲ አሳላን ፍርዶስ።
2b081000b4	ታኒ ፍርድዘባዝ ማቅኮን ታ ፍርድታ ቱሮ። አኮስ ጋይኮ፥ ታና ኪተዘ ታ አዳይ ታራ የነፕ አትን ታኒ ታ ጻላላ የዞስ።
2b08110058	ላምእ አስ ማርካትꬅ ቱሮ ማቅዛና ይን ህግተ ጻፍንትዳ።
2b08120085	ታኒ ታ ባዝ ታ ኦምተ ማርክꬋነ፤ ማህ ታና ኪተዘ ታ አደን ታ ባዝ ማርክꬋነ» ያጋይዳ።
2b081300e2	ኡን፥ «ነ አዳይ አባ የነ?» ያጋይዳ። የሱሳ ማህ፥ «ይን ታና ዎይ ታ አዳያ ኤሮስ። ታና ኤርዘባዝ ማቅዛኮ፥ ይን ታ አዳያን ኤሮዳ የሻ» ያጋይዳ።
2b081400b7	የሱሳ ጾዘ ኬꬃ ሙጻተ ብራ ኦልዘ ሳጥነ የዘ በስተ ይኖ ታማርስዳ። ኤ ቃምታ Ꮉጋ የልካይዘ ግሾ ኦደን ኤዛ አይክካያ።
2b081500d7	ማህን የሱሳ ኡንታጎ፥ «ታ ቅቶዳ፤ ይን ታና ኮዮዳ፥ የዝን ይን ይን ናጋርትራ Ꮉይቆዳ። ታ ቅትዘ በስቶ ቅቶደስ ይን ዳንዳኦስ» ያጋይዳ።
2b081600b3	አይሁደ Ꮉላቁንꬅ፥ «ኤ፥ ‹ታ ቅትዘ በስቶ ይን ዮኦደስ ዳንዳኦስ› ያጋይዳ። ኤ ፋና ፋስ ዎꬎዳ የሳነ?» ያጋይዳ።
2b08170080	የሱሳ ማህ፥ «ይን ኦሞፓ፤ ታ አፋፓ። ይን Ꮉና አላምትፓ፥ ታ Ꮉና አላምትፓ ባያ።
2b081800ce	ይን ይን ናጋርትራ Ꮉይቆዳ ጋእ ታ ይንትስ ኦህዳና ይንስ። ታኒ ታና ማቅዛኖ ይን አማናንጽኮ ይን ይን ናጋርትራ Ꮉይቆዳ» ያጋይዳ።
2b08190082	ኡን፥ «ነ ኦደ?» ያጋእ ኦጭዳ። የሱሳ ማህ፥ «ታኒ፥ ቲኖፓ ይንትስ ኦህደ ኤዚ ታና።
2b081a00ba	ታኒ ይን ባዝ ኦህ ፍርድዘ ጋማ ባዝ የነ። የዝን ታና ኪተዘ ቱሮ፤ ማህ ታኒ ኤፓ ስኤዛኖ ጻላላ አላመስ ኦህነ» ያጋይዳ።
2b081b003e	የሱሳ ፋ አደባዝ ኦህዛኖ ኡን ቲሪካያ።
2b081c0121	ይኒ ግሾ፥ የሱሳ ኡንታጎ፥ «ይን አስ ናአያ ኡደ ꬎቅ ዪዘ ዎደ ታኒ ታና ማቅዛኖ ይን ኤሮዳ። ማህን ታኒ ታ አደትꬅ ዎልቃራ አኮን ኦቾሳኖን ታ አዳይ ታና ታማርስዳኖ ኦህዛኖ ይን ኤሮዳ።
2b081d009a	ታና ኪተዘ ታራ የነ። ታ ኡባ ዎደ ኤዛ ኡፋይስዘ ባዝ ኦችዘ ግሾ ኤ ታና ታ ጻላላ አሽካያ» ያጋይዳ።
2b081e0052	የሱሳ ይኖ ኦሆደራ ስኤዘ ጋማ አሱንꬅ ኤዛ አማንዳ።
2b081f007b	የሱሳን ፋና አማንደ አይሁዱንꬃጎ፥ «ይን ታ ቃልተ የዝኮ ቱሪ ታ ታማሩንꬃና።
2b08200060	ይን ቱሮ ኤሮዳ፤ ቱርታን ይንታና አሮትꬃፓ ከሶዳ» ያጋይዳ።
2b082100a6	ኡን ማህ፥ «ኑ አብራሃማ ኮች፤ ኑ ኦደስን አርꬍካያ። ነ ዋይዝ፥ ‹ይን አሮትꬃፓ ኬሳዳ› ጋኤ?» ያጋይዳ።
2b08220073	የሱሳ ማህ፥ «ታ ይንትስ ቱሮ ቱሮ ጋነ፤ ናጋራ ኦችዘ ኦደን ናጋራስ አሮ።
2b0823006d	አሮ መꬍናስ ካራ አሳራ የዞስ፥ የዝን ናአ መꬍናስ ካራ አሳራ የዛነ።
2b0824005b	ናአይ ይንታና አሮትꬃፓ ኬስኮ ይን አሮትꬃፓ ቱሮ ኬሳዳ።
2b08250093	ይን አብራሃማ ኮች ማቅዛኖ ታ ኤራነ። የዝን ታ ቃልታ ይን ግዳ ባይዘ ግሾ ታና ዎꬎደስ ኮያነ።
2b08260086	ታኒ ታ አዳይ ታና ቤዝዳኖ ኦህነ፥ የዝን ይንትን ይን አደፓ በኤዛኖ ኦቻነ» ያጋይዳ።
2b082700b6	ኡን ማህ፥ «ኑ አዳይ አብራሃማ» ያጋይዳ። የሱሳ ኡንታጎ፥ «ይን አብራሃማ ናኡንꬃና ማቅዛኮ ኤ ኦችዳኖ ኦቾድየሻ።
2b08280087	የዝን ጾዛፓ ስኤዘ ቱርቶ ኦህደ ታና ይን ዎꬎደስ ኮያነ። አብራሃማ ይኒ ጋራ ዪዝካያ።
2b082900d8	ይን፥ ይን አዳይ ኦችዳኖ ኦቻነ» ያጋይዳ። ኡን ማህ፥ «ኑኒ ኦላለ ናአ ባያ ቱሪ ጾዘ ናኡንꬃና፤ ኑስ ፈቲ አዳይ ጾዘ ጻላላ የነ» ያጋይዳ።
2b082a00fe	የሱሳ ኡንታጎ፥ «ጾዚ ቱሪ ይንትስ አደ ማቅዛኮ ይን ታና ካꬎድየሻ፤ አኮስ ጋይኮ፥ ታኒ ጾዘ ካለፓ ይእዳ። ታና ኤ ኪታነፕ አትን ታኒ ታ አደትꬅ ዎልቃራ ይእካያ።
2b082b005e	ታ ኦህዛኖ ይን ስኦሳና ቲሮሶ? ታ ቃልቶ ይን ስአንጽደ ግሾ።
2b082c0174	ይን፥ ይን አዳይ ጻላሄ ናአ። ማህን ይን፥ ይን አዳይ አሙꬍዘባዝ ኦቾደስ ኮያነ። ኤ ቲኖፓ አይኪ ሸምፖ ዎꬍዛያ። ቱሪ ኤ ግዳ ባይዘ ግሾ ኤ ቱሮ እጻነ። ዎርዶ ኤስ የዘ ባዝ ማቅደ ግሾን ኤ ዎርዶስ አደ ማቅደ ግሾ ዎርዶ ኦህተራ ፋፓ ኦህነ።
2b082d003f	ታ ቱሮ ኦህነ፥ የዝን ይን ታና አማኖስ።
2b082e00ae	ይንታፓ፥ ‹ነ ናጋራ ኦቾደራ ታ ብእዳ› ጋዉደስ ዳንዳእዘ ኦደ? ታ ቱርቶ ኦህዘ ባዝ ማቅኮ ታና አኮስ አማኖስተ?
2b082f008e	ጾዘ አስ ማቅደ ጾዚ ጋዛኖ ስእነ። ይን ጾዘ አስ ማቅካይዘ ግሾ ጾዚ ጋዛኖ ስኦስ» ያጋይዳ።
2b0830008d	አይሁዱንꬅ ማህ፥ «‹ነ ሳማራ አስ፤ ኔላ ቱና አያና የነ› ጋእተራ ቱሮ ኑ ባነ?» ያጋይዳ።
2b08310087	የሱሳን ኡንታጎ «ታላ ቱና አያና ባያ። ታኒ ታ አዳያ ቦንቻነ፥ የዝን ይን ታና ለቃነ።
2b0832006a	ታኒ ታ ቦንቾ ኮዮስ፤ ታ ቦንችንቶደ ጋር ኮይዘን ታስ ፍርድዘ የነ።
2b08330069	ታ ይንትስ ቱሮ ቱሮ ጋነ፤ ታ ቃልቶ ናግዘ ኦደን Ꮉይቆስ» ያጋይዳ።
2b083400ee	አይሁዱንꬅ ማህ፥ «ኔላ ቱና አያና የዛኖ ኑኒ Ꮉተ ኤርዳ። አብራሃማ Ꮉይቂዳ፤ ናቡንꬅን Ꮉይቂዳ። የዝን ነ፥ ‹ታ ቃልቶ ናግዘ ኦደን Ꮉይቆስ› ያጋነ።
2b0835008f	ነ Ꮉይቂደ ኑ አዳይ አብራሃመፓ አꬋነ? ናቡንꬅን Ꮉይቂዳ። ነ ነና ኦና ጋእ ቆፐ?» ያጋይዳ።
2b0836008f	የሱሳ፥ «ታኒ ታና ቦንችኮ ታ ቦንችታ Ꮉሪ። ይን፥ ‹ኑ ጾዛ› ጋዘ ታ አዳይ ኤ ታና ቦንቻነ።
2b083700c9	ይን ኤዛ ኤራንጽኮን ታ ኤዛ ኤራነ። ታ ኤዛ ኤሮስ ጋይኮ ይን ፋና ታንን ዎርድꬋነ። የዝን ታ ኤዛ ኤራነ፤ ማህ ኤ ቃልቶን ናጋነ።
2b0838008e	ይን አዳይ አብራሃማ ታ የእዘ ቃምቶ ብእ ኡፋይቶደስ አሙꬋነ፤ ብእን ኡፋይትዳ» ያጋይዳ።
2b083900a5	አይሁዱንꬅ ማህ፥ «መለ አቶ የዝን፥ ኔስ እችንታም በረ ኩምካይዘ ዋይዝ አብራሃማ ብእዳ ጋኤ?» ያጋይዳ።
2b083a0094	የሱሳን ኡንታጎ፥ «ታ ይንትስ ቱሮ ቱሮ ጋነ፤ አብራሃማ የልንቶዳንፓ ቲኖ ታኒ ታና» ያጋይዳ።
2b083b0092	ይኒ ግሾ፥ ኡን የሱሳ ꬎጎደስ ሹች ኤክዳ። የዝን የሱሳ ኡንታፓ ገንጊ ጾዘ ኬꬃፓ ኬዚ ቅትዳ።
2b09010066	የሱሳ Ꮉንግተራ የልንትዳንፓ ኣፈ ቆቀ ማቂ የዘ ፈቲ አꬃ ብእዳ።
2b090200d0	ኤ ታማሩንꬅ፥ «አስታማርዛዮ፥ Ꮉይ አꬄ ኣፈ ቆቀ ማቂ የልንቶደ ጋር ናጋራ ኦችደ ኦደ? ኤዛነ ዎይ ኤዛ የልዱንꬅ ኦችዶ?» ጋእ ኦጭዳ።
2b09030091	የሱሳ፥ «ጾዘ ኦችታ ኤላ ቆንጮደ ጋራፕ አትን ኤዚ ዎይ ኤዛ የልዱንꬅ ናጋራ ኦችደ ግሾ ባያ።
2b0904008a	ሳአ አዋራ የዝን ታና ኪትደ ኦችቶ ኦቾደስ ቤዛነ። ኦደን ኦቾደስ ዳንዳኦሰ ቃማ ዮኦዳ።
2b09050043	ታ አላምተ የዝተራ አላምትስ ፎኦ» ጋይዳ።
2b0906009a	የሱሳ ይኖ ጋእ ሳአላ ጩትዳ። ፋ ጩችትራ ኤራꬅ ሳአ ላክꬂ ይና ሎቅትራ ኣፈ ቆቀ አꬄ ኣፍቶ ትዥዳ።
2b090700fa	የይዝ፥ «Ꮉንግ ሳልሆመ (ሳልሆመ ጋእንትዛና ኪትንትዳያ ጋኤ) ጋዘ ተቅንትደ Ꮉꬅተ ነ ኣፍቶ ማቶ» ያጋይዳ። ይኒ ግሾ፥ አꬄ Ꮉንግ ፋ ኣፍቶ ማቲ ብእተራ ማቅዳ።
2b0908007c	ዶꬁንꬅን አꬄ ቲኖ ዎሶደራ ብእደ አሱንꬅ፥ «Ꮉይ በቲ ዎስዘ አꬃ ባነ?» ጋይዳ።
2b090900e3	ፈቲ ፈቲ አሱንꬅ፥ «Ꮉይ ኤዛ» ያጋይዳ። መሉንꬅ ማህ፥ «አደ፥ Ꮉይኒ ኤዛ አዛነፕ አትን ኤዛ ባያ» ያጋይዳ። የዝን ኤዝን፥ «ዬ፥ ታና» ያጋይዳ።
2b090a0058	ኡን ኤጎ፥ «ዬዝን ነ ኣፍታ ዋይዝ ብእዶ?» ያጋእ ኦጭዳ።
2b090b00c3	ኤ ማህ፥ «የሱሳ ጋዘ አꬄ ሎቃ ላክꬂ ታ ኣፍቶ ትዢ፥ ‹ሳልሆመ Ꮉንግ ነ ኣፍቶ ማቶ› ያጋእን፥ ታ Ꮉንግ ማቲ ብእዳ» ያጋይዳ።
2b090c006d	ኡን ኤጎ፥ «ኤ አባ የነ?» ያጋእ ኦጭዳ። አꬃይ፥ «ታ ኤሮስ» ያጋይዳ።
2b090d0058	ኡን ኣፈ ቆቀ የዛራ፥ ብእደ አꬃ ፋርሳዉንꬃጎ ካንግዳ።
2b090e004f	የሱሳ ሎቃ ላክꬂ አꬄ ኣፍቶ ፋꬅደ ቃምታ ሳምባታ።
2b090f00c8	ይኒ ግሾ፥ አꬄ ዋይዝ በኤዛኮ ፋርሳዉንꬅ ኤዛ ማህ ኦጭዳ። አꬃይ ኡንታጎ፥ «ኤ ታ ኣፍተ ሎቃ ትዥዳ፥ ማቲ Ꮉተ በእነ» ያጋይዳ።
2b09100133	ፋርሳዉንꬃፓ ፈተ ፈተ፥ «Ꮉኖ ኦችደ አꬄ ሳምባታ ህገ ናጎሰ ግሾ ጾዘ ካለፓ ይእካያ» ያጋይዳ። የዝን መሉንꬅ፥ «ናጋራንቾ አስ Ꮉኒ ጋር ክሌ ባዝ ዋይዝ ኦቾደስ ዳንዳኤ?» ጋእ ዎል ግዳ ሻክንትዳ።
2b091100ac	ይኒ ግሾ፥ ፋርሳዉንꬅ አꬄጎ፥ «ኤ ነ ኣፍቶ ቡግደ ግሾ ነ ኤባዝቶ ዋገ?» ያጋይዳ። አꬃይ፥ «ኤ ናበ» ያጋይዳ።
2b091200b5	አይሁደ Ꮉላቁንꬅ፥ ኤ እንቶን አዳያን ጼጊ ኦጮደ ዎንꬅስ፥ አꬄ ቲኖ ኣፈ ቆቀ ማቅዛኖን Ꮉተ ኤ በእዛኖ አማንካያ።
2b091300be	ኡን ኤ እንትጎን ኤ አደጎ፥ «ይን ‹ኣፈ ቆቀ ማቂ የልንትዳ› ጋዘ ይን ናአይ Ꮉያ? ዬዝን፥ Ꮉተ ዋይዝ ብእዶ?» ጋእ ኦጭዳ።
2b0914007a	ኤዛ የልዱንꬅ፥ «Ꮉይ ኑ ናአ ማቅዳኖን ኣፈ ቆቀ ማቂ ኤ የልንትዳኖ ኑ ኤራነ።
2b091500dd	የዝን Ꮉተ ኤ ዋይዝ በኤዛኮ ማህ ኤ ኣፍቶ ኦ ፋꬄዛኮ ኑ ኤሮስ። ኤዛ ኦጮተ። ኤ ፋና ሻክደ አስ ማቅደ ግሾ ፋ ባዝ ኦሆደስ ዳንዳአነ» ያጋይዳ።
2b09160121	ኤዛ የልዱንꬅ ይኖ ጋይዳና አይሁዱንꬅስ ዣሽትዘ ግሾ። አኮስ ጋይኮ፥ አይሁዱንꬅ፥ የሱሳ ኤ ክርስቶሳ ያጋእ ማርክꬍዘ አስ የዝኮ የ አꬃ አይሁደ ዎሳ ኬꬃፓ ባይኦደስ ቲኒ ዞረ አጭዳ።
2b0917006a	ኤዛ የልዱንꬅ፥ «ኤ ፋና ሻክደ አስ፤ ኤዛ ኦጮተ» ያጋይዳና ይንስ።
2b091800ba	ይኒ ግሾ፥ ቆቀ ማቂ የልንትደ አꬃ ኡን ላምእንꬃ ጼጊ፥ «ጾዛ ቦንቾ፤ Ꮉይ አꬃይ ናጋራንቾ ማቅዳኖ ኑ ኤራነ» ያጋይዳ።
2b091900a7	አꬃይ ማህ፥ «ኤ ናጋራንቾ ማቅዛኖ ታ ኤሮስ። ታ ቆቀ ማቅዳኖን Ꮉተ ብእዳኖ ይኖ ፈቲ ባዝ ኤራነ» ያጋይዳ።
2b091a006f	ኡን ማህ፥ «ኤ ኔስ አኮ ባዝ ኦችዶ? ኤ ነ ኣፍቶ ዋይዝ ፋꬅዶ?» ያጋይዳ።
2b091b00d6	ኤ ኡንታጎ፥ «ታ ይንትስ ቲኖ ኦህዳ፥ የዝን ይን ስኦደስ ኮይካያ። አኮስ ማህ ስኦደስ ኮየ? ይንትን ኤ ታማረ ማቃደስ ኮያነነ?» ያጋይዳ።
2b091c0063	ኡን ኤዛ ጫዥተር ያጋይዳ፥ «ነ የ አꬄ ታማረ፤ ኑኒ ሙሴ ታማረ።
2b091d008a	ጾዚ ሙሴራ ኦህንትዳኖ ኑ ኤራነ፥ የዝን Ꮉይ አꬄ ኤ አናፓ የኤዛኮን ኑ ኤሮስ» ያጋይዳ።
2b091e0091	አꬃይ ኡንታጎ፥ «ኤ አናፓ የኤዛኮ ይን ኤሮሳና ጋማ ቆፍዘ ባዝ፥ ማቅኮን ኤ ታ ኣፍቶ ፋꬅዳ።
2b091f0083	ጾዘስ ዣሽትዛን ኤ ኮይዘ ባዝ ኦችዘ አꬃ ጾዚ ስእነፕ አትን ናጋራንቹንꬃና ስኦስ።
2b09200077	ሳሎን ሳአ መꬍንትዳንፓ ኣፈ ቆቀ ማቂ የልንትደ አስ ኣፈ ፋꬅደ ኦደን ባያ።
2b09210069	Ꮉይ አꬄ ጾዛፓ ማቅካይዛኮ ፈትባዝን ኦቾደስ ዳንዳኦስ» ያጋይዳ።
2b092200bd	ኡን ማህ፥ «ነ ኩሙꬅ መꬍንተ ናጋራር የልንት ድጭዘ ኑና ታማርሶደስ ኮያነ?» ያጋይዳ። ኤዛ አይሁደ ዎሳ ኬꬃፓ ባይእዳ።
2b0923008a	የሱሳ ኡን አꬃ ባለ ከስዳኖ ስእደ ዎደ ኤዛ ደንግ፥ «አስ ናአያ አማናነ?» ያጋእ ኦጭዳ።
2b09240074	አꬃይ የሱሳጎ፥ «ላꬆ፥ ታ ኤዛ አማኖደ ጋር ኤ ኦደ? ታስ ኦሆያ?» ያጋይዳ።
2b09250067	የሱሳ አꬄጎ፥ «ነ ኤዛ ብእዳ፤ Ꮉይ ኔራ ኦህንትዘ ኤዛ» ያጋይዳ።
2b09260059	አꬃይ ማህ፥ «ላꬆ፥ ታ አማናነ» ያጋእ የሱሳስ ጎይንዳ።
2b09270097	የሱሳ፥ «ቆቁንꬅ በአደ ጋራን በእዙንꬅ ቆቆደ ጋር ታኒ ፍርዶደስ Ꮉና አላምተ ይእዳ» ያጋይዳ።
2b09280061	ኤዛራ የዘ ኤራꬅ ፋርሳዉንꬅ ይኖ ስእ፥ «ኑ ቆቀነ?» ያጋይዳ።
2b092900bb	የሱሳ፥ «ይን ቆቀ ማቅዛኮ ይንትስ ናጋራ ማቆስ የሻ። የዝን Ꮉተ ይን በእነ ጋዘ ግሾ ይን፥ ይን ናጋርተ የነ» ያጋይዳ።
2b0a0100a7	የሱሳ፥ «ታ ይንትስ ቱሮ ቱሮ ጋነ፤ ዱሮ ካለስ ፉርꬃራ ማቅካይዝን መለ በሳራ ገልዘ ኦደን ካይዞን ፋኖን።
2b0a02004a	የዝን ፉርꬃራ ገልዘ ኤዚ ዱሩንꬃና የንግዛያ።
2b0a0300d9	ፉርꬅቶ ናግዘ ኤስ ፉርꬅቶ ቡጋነ፤ ዱሩንꬅን ኤ ቃልቶ ስእነ። ኤ ፋ ዱሩንꬃና ኡን ሱንꬅትራ ሱንꬅትራ ጼጋነ፤ ኡንታና ካልꬅ ባለ ከሳነ።
2b0a04009a	ኤ ፋ ዱሩንꬃና ኡባ ባለ ከስዳንፓ ማቂ ኡንታፕ ቲኖር የꬋነ። ኡን ኤ ቃልቶ ኤርዘ ግሾ ኤዛ ካላነ።
2b0a050066	መለ ቃላ ኡን ኤሮሰ ግሾ ኤፓ Ꮉካነፕ አትን ኤዛ ካሎስ» ያጋይዳ።
2b0a060073	የሱሳ ኡንትስ Ꮉና አዝዝቶ ኦህዳ፥ የዝን ኤ አኮ ጋኤዛኮን ኡን ቲሪካያ።
2b0a07006f	ማህ የሱሳ ኡንታጎ፥ «ታ ይንትስ ቱሮ ቱሮ ጋነ፤ ታኒ ዱሩንꬅስ ፉርꬅ።
2b0a08006c	ታፓ ቲኖ የኤዘ ኡባ ካይዞን ፋኖፕ፥ አትን ዱሩንꬅ ኡንታና ስእካያ።
2b0a09009f	ፉርꬅዘ ታና፤ ታ ባጋራ ገልዘ ኦደን አቶዳ። ኤ ታ ባጋራ ገሎዳን ኬሳዳ፤ ሎኦ የንግንትዘ በሲ ደማዳ።
2b0a0a00c0	ካይዞ ካይስቶደስ፥ ሹኮደስን ꬋብሶደስ የእነፕ አትን መለባዝስ የኦስ። ታ ኡንትስ ደኦ የሳደ ጋራን ጋንጎደ ጋር ይእዳ።
2b0a0b0075	«ታ ሎኦ ዉደ አደ፤ ሎኦ ዉደ አዳይ ፋ ዱሩንꬅ ግሾ ፋ ሸምፕቶ አꬂ እንጋነ።
2b0a0c00e6	ክራ የንግዘ አꬄ ዱሩንꬅስ አደ ማቅካይዘ ግሾ ሱዹመ የእዘ ዎደ ብእ ዱሩንꬃና አሺ ዎጻነ። ይኒ ግሾ፥ ሱዹመ ዱሩንꬃና ቦንቃነ ዱሩንꬅን ላንታነ።
2b0a0d0089	ክራ የንግዛይ ሚሸስ የንግዘ ግሾን ዱሩንꬅባዝ ኤስ ስንቶሰ ግሾ ዱሩንꬃና አሺ ዎጻነ።
2b0a0e0113	«ታ ሎኦ ዉደ አደ። ታ አዳይ ታና ኤርዛን ፋና ታንን ታ አዳያ ኤራነ። ይኒ ፋና፥ ታኒ ታ ዱሩንꬃና ኤራነ፤ ታ ዱሩንꬅን ታና ኤራነ። ታኒ ታ ዱሩንꬅ ግሾ ታ ሸምፕቶ አꬂ እንጋነ።
2b0a1000cb	Ꮉና ካልተ ባይዘ መለ ዱሩንꬅ ታስ የነ። ታ ኡንታና ኮኦደስ ቤዛነ። ኡን ታ ቃልቶ ስኦዳ፤ ኡን ፈቲ ዉደ ማቃዳ፤ የንግዛይን ፈቶ።
2b0a110064	«ታኒ ታ ሸምፕቶ አꬂ እንግ ማህ ኤክዘ ግሾ ታ አዳይ ታና ካꬋነ።
2b0a120118	ታ ቆፋር ታ ሸምፕቶ አꬂ እንጋነፕ አትን ታፓ ኦደን ኤኮስ። ታ ታ ሸምፕቶ አꬂ እንጎደስን ማህ ኤኮደስ አደትꬅ ዎልቃ ታስ የነ። ታ ኦቾደ ጋር ታ አዳይ ታና ኪተዛና Ꮉኖ» ያጋይዳ።
2b0a130066	ይና ኤ ጋይደ ቃልት ግሾ አይሁዱንꬅ ግዳ ማህ ዱማትꬅ መꬍንትዳ።
2b0a140086	ኡንታፓ ጋሙንꬅ፥ «ኤ ግዳ ቱና አያና የነ! ኤ ዣሽታነ! ኤ ጋዛኖ አኮስ ስኤ?» ያጋይዳ።
2b0a1500a2	መሉንꬅ ማህ፥ «ጻላሄ አይክደ አስ ኦህንትዘ ፋና ባያ። ጻላሄ ቆቀ ኣፈ ቡጎደስ ዳንዳአነነ?» ያጋይዳ።
2b0a16006f	የሩሳላመ ጾዘ ኬꬅቶ ጌሽደ ቃምቶ ቦንችዘ ባአለ የልዳ፤ ሳእታ ባርጎ።
2b0a170055	የሱሳ ጾዘ ኬꬃ ሶሎሞነ ፉርꬃራ ጎደን Ꮉንካ Ꮉንታነ።
2b0a1800b8	አይሁዱንꬅ የሱሳ ካለ ኤቂ፥ «ነ ኑና አይደ የሎደስ ሶኤራ ጋምእሳደ? ነ ክርስቶሳ ማቅኮ አነ ኑስ ጌሽ ኦሆ» ያጋይዳ።
2b0a1900bb	የሱሳ ማህ ኡንታጎ፥ «ታ ይንትስ ኦህዳ፤ የዝን ታና አማናንጽዳ። ታኒ ታ አዳይ ሱንꬅተ ኦችዘ ኦችታ ታ ባዝ ማርክꬋነ።
2b0a1a006d	የዝን ታ ይንትስ ኦህዳን ጋራ ይን ታ ዱሮ ማቅካይዘ ግሾ አማናንጽዳ።
2b0a1b006a	ታ ዱሩንꬅ ታ ቃልቶ ስእነ። ታ ኡንታና ኤራነ፤ ኡንትን ታና ካላነ።
2b0a1c0087	ታ ኡንትስ መዽና ደኦ እንጋነ፤ ኡን ሙሎን ꬋቦስ። ኦደን ታ ኩሽትፓ ኡንታና ቦንቆስ።
2b0a1d009e	ኡንታና ታስ እንግደ ታ አዳይ ኡባፓ አꬋነ ኦደን ታ አዳይ ኩሽትፓ ኡንታና ቦንቂ ኤኮደስ ዳንዳኦስ።
2b0a1e0033	ታንን ታ አዳይን ፈቶ» ያጋይዳ።
2b0a1f0047	አይሁዱንꬅ የሱሳ ꬎጎደስ ማህ ሹች ደንꬅዳ።
2b0a2000e2	የሱሳ ኡንታጎ፥ «ታኒ ኦቾደ ጋር ታ አዳይ ታስ እንግደ ጋማ ሎኦ ኦችቶ ይንታና ኦቺ ቤዝዳ። የን ሳፓ አየ ግሾ ታና ሹቻራ ꬎጎደስ ኮየ?» ያጋይዳ።
2b0a2100db	አይሁዱንꬅ ማህ፥ «ኑ ነና ነ ሎኦ ኦችት ግሾ ሹቻር ꬎጎደስ ኮዮስ። የዝን ነ ጾዛ ጫዥዘ ግሾን አስ ማቅተራ ነ ነና ጾዝ ማህዘ ግሾ» ያጋይዳ።
2b0a22006f	የሱሳ ማህ፥ «ይን ህግተ፥ ‹ታ፥ ይን ጾዙንꬃና ጋይዳ› ጋእ ጻፍንትካ?
2b0a23008f	ጌሽ ማጻፈ መꬍናስ ላምንቶስ። ጾዚ ፋ ቃልቶ እንግደ አሱንꬃና፥ ‹ጾዙንꬃና› ጋእ ጼግኮ፥
2b0a240090	አዳይ ዶሪ አንጂ Ꮉና አላምተ ኪትደ ታና ‹ጾዘ ናአ› ጋይደ ግሾ ዋይዝ ‹ጾዝ ጫዣነ› ያጋኤ?
2b0a25004b	ታኒ ታ አዳይ ኦችዛኖ ኦቻንጽኮ ታና አማንፐተ።
2b0a2600f0	የዝን ታኒ ኦችዛ ማቅኮ ይን ታና አማናንጽኮን፥ ታ አዳይ ታ ግዳ የዛኖን ታንን ታ አዳይ ግዳ የዛኖ ይን ኤሮደ ጋር ቆፖደ ጋር ታ ኦችቶ አማኖተ» ያጋይዳ።
2b0a270067	ይኬ ማህ ኡን ኤዛ አይኮደስ ኮይዳ፥ የዝን ኤ ኡን ኩሽትፓ ከዝዳ።
2b0a280086	ዋሐንሳ ቲኖ ጻማቅዘ በስተ፥ ዮርዳኖሳ ቦርካፓ ሰኮ ፍንꬃ የሱሳ ፊንግ የይጋ የዝዳ።
2b0a2900c8	ጋማ አሱንꬅ የሱሳጎ ይእ፥ «ዋሐንሳ መለ አቶ የዝን ፈቲ ክለ ባዝን ኦችካያ፥ የዝን ኤ Ꮉይ አꬄባዝ ኦህዳና ኡባ ቱሮ» ያጋይዳ።
2b0a2a0034	እዘ ጋማ አሱንꬅ የሱሳ አማንዳ።
2b0b010094	ብታንያ ጉታ አላዛረ ጋዘ ፈቲ አስ Ꮉርግንትዳ። ብታንያ ማይራምራን እ ምሽታ ማርታ የዘ ሳአ።
2b0b02008b	ማይራማ ላꬄ ቶህትላ ሽቶ ትዢ ፋ ኦምትራ ኤ ቶህቶ ኡጭዳኖ። Ꮉርግንትዘ እ እሸ አላዛረ።
2b0b03007b	ይኒ ግሾ፥ ምሹንꬅ፥ «ላꬆ፥ ነ ካዽዘ ኑ እሸ Ꮉርግንትዳ» ጋእ የሱሳጎ ኪትዳ።
2b0b0400c3	የሱሳ ይኖ ስእደ ዎደ «Ꮉና Ꮉርግታ፥ ጾዘ ናአይ ቦንችቶደ ጋራን ጾዘ ቦንቾስፕ አትን Ꮉይቆስ የልꬅዘ Ꮉርገ ባያ» ያጋይዳ።
2b0b050054	የሱሳ ማርታን፥ እ ምሽቶ ማይራሞን አላዛረን ካꬋነ።
2b0b060070	የዝን አላዛረ Ꮉርግንትዳኖ የሱሳ ስእ ፋ የዘ በስተ ላምእ ቃማ አቅዳ።
2b0b07006d	ይንፓ ማቂ፥ የሱሳ ፋ ታማሩንꬃጎ፥ «ማቂ ይሁዳ ሳአ የꬎተ» ያጋይዳ።
2b0b0800cc	ኤ ታማሩንꬅ ማህ፥ «አስታማርዛዮ፥ ኤራꬅ ዎደፓ ቲኖ አይሁዱንꬅ ነና ሹቻር ꬎጊ ዎꬎደስ ኮይዳ፤ Ꮉተን እዘ Ꮉንጎዳነ?» ያጋይዳ።
2b0b090099	የሱሳ፥ «ፈቲ አዋ ታጶ ላምእ ሳተ ባነ? አዋራራ የꬍዘ አስ Ꮉና አላመ ፎእቶ በእዘ ግሾ ꬉብንቶስ።
2b0b0a005e	የዝን ቃማ የꬍዘ ኦደን ፎኦ ባይዘ ግሾ ꬉብንታነ» ያጋይዳ።
2b0b0b00a5	የሱሳ ይኖ ጋይዳንፓ ማቂ ኡንታጎ፥ «ኑ ካዽዘ አላዛረ ገንትዳ፥ የዝን ኤዛ ደንꬆደስ ታ Ꮉማዳ» ያጋይዳ።
2b0b0c0069	ኤ ታማሩንꬅ ማህ፥ «ላꬆ፥ ኤ ገንተዘባዝ ማቅኮ ደንዶዳ» ያጋይዳ።
2b0b0d0068	የሱሳ አላዛረ Ꮉይቂዳኖ ኦህዳ፥ የዝን ኡንትስ ጨር ገንቶ አዝዳ።
2b0b0e0050	ይኒ ግሾ፥ የሱሳ ጌሽ ኡንታጎ፥ «አላዛረ Ꮉይቂዳ።
2b0b0f0094	ይን አማኖደ ፋና ታ ይና በስተ ባይዛና ይን ግሾ ኡፋይሳነ። አነ የꬎተ፤ ኤጎ Ꮉማዳ» ያጋይዳ።
2b0b10009a	ይንፓ ማቂ፥ ዲዲሞሳ ጋእንትዘ ቶማሳ ፋ ላገ ታማሩንꬃጎ፥ «ኤራ Ꮉይቆደስ ኑስን የꬎተ» ያጋይዳ።
2b0b110055	የሱሳ የልዘ ዎደ አላዛረ ሞግንትን ኦይዲ ቃማ ማቅዳ።
2b0b12004e	ብታነይ የሩሳላመፓ Ꮉይꬕ ክሎ ምትረ ጋር Ꮉካነ።
2b0b130077	ጋማ አይሁዱንꬅ ማርታን ማይራሞን ኡን እሸ Ꮉይቂዳንስ ምንꬅꬆደስ ይእዳ።
2b0b140073	ማርታ የሱሳ ይእዳኖ ስእ ኤዛ ሞኮደስ ከዝዳ፥ የዝን ማይራማ ኬꬃ አትዳ።
2b0b15006c	ማርታ የሱሳጎ፥ «ላꬆ፥ ነ Ꮉነ የዘ ባዝ ማቅዛኮ ታ እሸ Ꮉይቃምየሻ።
2b0b160070	የዝን Ꮉተ ማቅኮን ነ ዎስዘ ባዝ ጾዚ ኔስ እንጎዳኖ ታ ኤራነ» ያጋይዳ።
2b0b170045	የሱሳ፥ «ነ እሸ Ꮉይቆፓ ደንዶዳ» ያጋይዳ።
2b0b180066	ማርታ ኤጎ፥ «ዉርሱꬅ ቃማ ኤ Ꮉይቆፓ ደንዶዳኖ ኤራነ» ያጋይዳ።
2b0b190078	የሱሳ ኢጎ፥ «ታኒ ደንዶን ደኦን፤ ታና አማንዘ ኦደን Ꮉይቅኮን ደኦ የሳዳ።
2b0b1a0080	ማህ ደኦ ማቅደን ታና አማንዘ ኦደን መꬍናስ Ꮉይቆስ። ይኖ ነ አማናነ?» ያጋይዳ።
2b0b1b00a8	ማርታ ማህ፥ «ላꬆ፥ ዬ ታ አማናነ! ነ ጾዘ ናአ፥ አላመ ዮኦደስ የዘ ክርስቶሳ ማቅዳኖ ታ አማናነ» ያጋይዳ።
2b0b1c0098	ማርታ ይኖ ጋይዳንፓ ማቂ፥ Ꮉንግ ፋ ምሽቶ አችንት ጼጊ፥ «አስታማርዘ ይእ ነና ጼጋነ» ያጋይዳ።
2b0b1d005c	ማይራማ ይኖ ስእደ ዎደ ኤልሲ ደንዲ ኤቂ የሱሳጎ Ꮉንግዳ።
2b0b1e006d	የ ዎደ የሱሳ ማርታራ የልንትደ በስተ የነ፤ Ꮉጋ ካራ ጋንጨ የልካያ።
2b0b1f00d7	ማይራሞ ምንꬅꬅተር ኢራ ኬꬃ የዘ አይሁዱንꬅ፥ እዛ ደንዲ ኤቂ ኤልሲ ባለ ኬዝዳኖ ብእ፥ ቦዛ Ꮉንግ ዬኮደስ ይእዛ አዝን እዞ ካሊ ከዝዳ።
2b0b2000ca	ማይራማ የሱሳ የዘ በስቶ Ꮉንግ ኤዛ ብእደ ዎደ ኤ ቶህትላ ጎልእ፥ «ላꬆ፥ ነ Ꮉነ የዘ ባዝ ማቀዛኮ ታ እሸ Ꮉይቃም የሻ» ያጋይዳ።
2b0b210082	የሱሳ ማይራምራን ኢራ የዘ፥ አይሁዱንꬅ ዬክዛኖ ብእ፥ ፋ ዎዝንተ ጋማ ይቅስንቲ፥
2b0b22005c	«አባ ሞግዶ?» ጋእ ኦጭን፥ «ላꬆ፥ ይእ ቦኦ» ያጋእ ማህዳ።
2b0b230019	የሱሳ አፉጽዳ።
2b0b24006e	ይኒ ግሾ፥ አይሁዱንꬅ፥ «ኤ አላዛረ አኮ ጋር ካ ዛኮ ቦኦተ» ያጋይዳ።
2b0b2500a0	የዝን ኡንታፓ ፈተ ፈተ፥ «Ꮉይ ቆቅዘ ኣፍቶ ቡግደ Ꮉይ አꬄ Ꮉይቃመ ጋር ይሳደስ ዳንዳኦሶ?» ያጋይዳ።
2b0b260094	ማህ የሱሳ ይቅስንቲ፥ አላዛረ ሞግንትደ ቦዝትጎ Ꮉንግዳ። ቦዝታን ሹቻራ ጎርድንትደ ዎምኦ።
2b0b2700b6	የሱሳ፥ «ሹችቶ ደንꬆተ» ያጋይዳ። ማርታ፥ «ላꬆ፥ ኤ Ꮉይቂዳንፓ Ꮉይኖ ኦይዲ ቃማ ማቅደ ግሾ Ꮉተ ዜቆዳ» ያጋይዳ።
2b0b280082	የሱሳ ማርታጎ፥ «ነ አማንዘባዝ ማቅኮ ጾዘ ቦንቾ ቦኦዳኖ ታ ኔስ ኦህካ?» ያጋይዳ።
2b0b290095	ኡን ቦዝትላ የዘ ሹችቶ ደንꬅን የሱሳ ሳሎ ኡደ ብእ፥ «አዳዮ፥ ታና ነ ስኤዘ ግሾ ነና ጋላታነ።
2b0b2a00bc	ነ ኡባ ዎደ ታና ስእዛኖ ታ ኤራነ። የዝን Ꮉነ ኤቅደ አሱንꬅ ነ ታና ኪተዛኖ አማኖደ ጋር ታ ኡን ግሾ Ꮉኖ ጋነ» ያጋይዳ።
2b0b2b007c	የሱሳ ይኖ ጋይዳንፓ ማቂ፥ ፋ ቃልቶ ꬎቅ ዪዚ፥ «አላዛረ፥ ኡደ ከዞ!» ያጋይዳ።
2b0b2c00e7	Ꮉይቂደ አꬄ ዚꬍንትዳንራ ኩሽታን ቶህቶ ሻሎራ አጭንቲ የዝን ኤ ኣፍታ ጎዝንትዳንራ ቦዝትፓ ከዝዳ። የሱሳ ኡንታና፥ «ብሎተ! የꬎ ጋኦ!» ያጋይዳ።
2b0b2d0082	ይኒ ግሾ፥ ማይራምጎ ይእደ አይሁዱንꬃፓ ጋሙንꬅ የሱሳ ኦችዳኖ ብእ ኤዛ አማንዳ።
2b0b2e0075	የዝን ኡንታፓ ፈተ ፈተ ፋርሳዉንꬃጎ Ꮉንግ የሱሳ ኦችዳኖ ኡንትስ ኦህዳ።
2b0b2f00a9	ይንፓ ማቂ፥ ካህኑንꬅ Ꮉላቁንꬅን ፋርሳዉንꬅ ሻንጎስ ሺሺ፥ «Ꮉይ አꬄ ጋማ ክሌ ባዝ ኦችዘ ግሾ ኑ አኮ ኦቾ?
2b0b3000b4	ኑ ኤዛ ጨር አሽኮ አስ ኡባ ኤዛ አማኖዳ። ማህ ሮመ ሳአ አሱንꬅ ይእ ኑ ጾዘ ኬꬅቶን ኑ ባጉንꬃና ꬋብሶዳ» ያጋይዳ።
2b0b31007d	ኡንታፓ ፈተ ቃያፋ ጋዘ፥ ይና በርተ ካህኑንꬅ Ꮉላቃ ማቅደ፥ «ይን አኮን ኤሮስ!
2b0b320083	ዎርዣ ኡባ ꬋቦዳንፓ ፈቲ አስ ዎርዥት ግሾ Ꮉይቆዳና ሎኦ ማቅዛኖ ኤሮሳ?» ያጋይዳ።
2b0b3300c6	ኤ ይኖ ፋፓ ጋይካያ። የዝን ይና በርተ ካህኑንꬅ Ꮉላቃ ማቅደ ግሾ የሱሳ አይሁደ አሱንꬅ ግሾ Ꮉይቆደስ ቤዛኖ ትንቢተ ኦህዳ።
2b0b3400b8	ማህ የሱሳ አይሁደ አሱንꬅ ጻላላስ ማቅካይዝን ላልንቲ የዘ ጾዘ አስ ኡባ ፈትላ ሺሾደስን ፈቲ አስ ማሆደስ Ꮉይቆዳ።
2b0b35004b	ይና ቃምትፓ አይኪ ኡን ኤዛ ዎꬎደስ ዞርንትዳ።
2b0b3600e1	ይኒ ግሾ፥ የሱሳ አይሁዱንꬅ ግዳ ቆንጨ በሳ Ꮉንትካያ። የዝን አኮ ባይዘ ሳአ ካለ የዘ ኤፍሬመ ጉታ ቅትዳ። ፋ ታማሩንꬃራ ይና በስተ ጋምእዳ።
2b0b3700d2	አይሁዱንꬅ ቦንችዘ ፋስጋ ቃማ ኡክዳ። ማህ ጋማ አሱንꬅ ፋና ጌሾደስ ፋስጋ ቦንችዘ ቃማ የሎዳንፓ ቲኖ ይና ሳእትፓ የሩሳላመ ቅትዳ።
2b0b3800b1	ኡን ጾዘ ኬꬃ ኤቂ የሱሳ የእቶ ናግዘ ግሾ «አኮ ቆፐ? የሱሳ ባአለ ቦንቾደስ የአም የሳነ?» ያጋእ ፈተ ፈታ ኦጭዳ።
2b0b39009a	ካህነ Ꮉላቁንꬅን ፋርሳዉንꬅ የሱሳ አይኮደስ፥ ኤ የዘ በስቶ ኤርዘ ኦደን ፋስ ማሎደ ፋና ኪትዳ።
2b0c010096	ፋስጋ ቦንችዘ እዝፑን ቃማፓ ቲኖ፥ የሱሳ Ꮉይቆፓ ደንꬅደ አላዛረ የዘ ጉታ፥ ብታንያ Ꮉንግዳ።
2b0c02009a	ይና በስተ ኡን ኤስ ካዎ ጊግዝዳ። አላዛረ የሱሳራ ዎላ ሌማተላ በቴዝን ማርታ ኡንትስ ኪትንታነ።
2b0c0300cf	ማይራማ ናርዶሳ ጋዘ ጋማ አልኦ ጌሽ ሽቶ ክእ የሱሳ ቶህትላ ጉስዳ። ፋ ኦምትራ ኤ ቶህቶ ኡጭዳ፤ ኬꬅተ ኡባ ሽቶ ሳዎራ ቶንኩ ጋይዳ።
2b0c040078	የዝን የሱሳ ታማሩንꬃፓ ፈተ፥ የሱሳ አꬂ እንጎደስ የዘ፥ አስቆሮቱ ይሁዳ፥
2b0c050083	«Ꮉና ሽትታ Ꮉይꬕ ጼት ድናረስ ባይዝንቲ፥ ሚሽታ ዳሁንꬅስ እንግንቶሳ?» ያጋይዳ።
2b0c0600b8	ኤ ካይዞ ማቅደ ግሾ ይኖ ጋይዳፕ አትን ዳሃስ ይቅስንቲ ጋይካያ። ኤ ብራ አይክዛ ማቅደ ግሾ ኡባ ዎደ ኢፓ ፋስ ኤካነ።
2b0c070077	የሱሳ፥ «እዛ ፋስ የዘ ባዝ ታ ሞግንትዘ ቃማስ ምንጅደ ግሾ እዞ አሺ አሾተ።
2b0c080079	ዳሁንꬅ ኡባ ዎደ ይንታራ የሳዳ፥ የዝን ታ ኡባ ዎደ ይንታራ የዞስ» ያጋይዳ።
2b0c0900d0	የ ዎደ ጋማ አሱንꬅ የሱሳ ብታንያ የዛኖ ስእ እዘ ይእዳ። ኡን የሱሳ ጻላላ ማቅካይዝን ኤ Ꮉይቆፓ ደንꬅደ አላዛረን በአደስ ይእዳ።
2b0c0a0067	ይኒ ግሾ፥ ካህኑንꬅ Ꮉላቁንꬅ አላዛረን ጉጂ ዎꬎደስ ዞርንትዳ።
2b0c0b007c	አኮስ ጋይኮ፥ አላዛረ ባጋራ ጋማ አይሁዱንꬅ ኡንታና እጺ የሱሳ አማንዘ ግሾ።
2b0c0c0086	ዎንትስት ዎደ ፋስጋ ቦንችዘ በስተ የእዘ ጋማ አሱንꬅ የሱሳ የሩሳላመ ይእዛኖ ስእ፥
2b0c0d00c1	ቂለ Ꮉየ ኤኪ ኤዛ ሞኮደስ ከዝዳ። ኡን ፋ ቃልቶ ꬎቅ ዪዚ፥ «ሆሳና! ላꬄ ሱንꬅተ የእዘ! እስራኤለ ካት አንጅንቶ!» ያጋይዳ።
2b0c0e00cc	ጌሽ ማጻፍተ፥ «ጽዮነ ካታምተ፥ ዣሽትፐ! ይኬ፥ ነ ካትዘ Ꮉረ ናአላ በቲ ይእዳ» ጋይንትዳን ፋና የሱሳ Ꮉረ ናአ ደንግ ኤዛ ቶግዳ።
2b0c1000cf	የሱሳ ታማሩንꬅ ይኖ ቲኖ ቲሪካያ። የዝን የሱሳ ቦንችንትዳንፓ ሱባ ኡን ይኖ ኡባ ቲርዳ። ይና ኡባ ጌሽ ማጻፍታ ጋይዳንጋራ Ꮉንዳ።
2b0c110091	የሱሳ አላዛረ ቦዛፓ ጼጊ፥ Ꮉይቆፓ ደንꬅደ ዎደ ኤራ የዘ ጋማ አሱንꬅ የሱሳ ባዝ ማርክꬍዳ።
2b0c120071	ጋማ አሱንꬅ ኤዛ ሞኮደስ ከዝደ፥ ኤ ይና ክለ ባዝቶ ኦቼዛኖ ስእደ ግሾ።
2b0c1300ab	ይኒ ግሾ፥ ፋርሳዉንꬅ ፈተ ፈተጎ፥ «ኑ አኮን ኦቾደስ ዳንዳኦሳኖ ቦኦተ፤ ዎርዥታ ኡባ ኤዛ ካልዳ» ያጋይዳ።
2b0c140086	ፋስጋ ቦንችዘ ዎደ ጎይኖደስ የሩሳላመ Ꮉንገዙንꬅ ግዳ ፈቲ ፈቲ ግርኬ አሱንꬅ የነ።
2b0c1500ab	ኡንትን ጋልላ ሳአ ቤተሳይዳ ካታማፓ ይእደ ፍልጶሳጎ ይእ፥ «ላꬆ፥ ኑኒ የሱሳ በአደስ ኮያነ» ያጋእ ዎስዳ።
2b0c16006d	ፍልጶሳ Ꮉንግ እንድርያሰስ ኦህን ላምኡንꬅ Ꮉንግ፥ የሱሳስ ኦህዳ።
2b0c170056	የሱሳ ኡንታጎ፥ «አስ ናአይ፥ ቦንችንትዘ ዎደ የልዳ።
2b0c1800b9	ታ ይንትስ ቱሮ ቱሮ ጋነ፤ ፈቲ ዛርጋ ኣፈ ሳአ ዎꬊ ዶላንጽኮ ፋስ አታነ። የዝን የ ዛርጋ ኣፍዘ ዶልኮ ጋማ ኣፈ አፋነ።
2b0c19008e	ፋ ሸምፕቶ ካዽዘ ኦደን ꬋብሳነ፤ ፋ ሸምፕቶ Ꮉና አላምተ እጽዘ ኦደን መዽና ደኦስ ናጋነ።
2b0c1a00ae	ታ የዘ በስተ ታራ የሳደ ጋር ታስ ኦቾደስ ኮየዘ ኦደን ታና ካሎደስ ቤዛነ። ታስ ኦችዛ ኦናን ታ አዳይ ቦንቾዳ።
2b0c1b00c2	«Ꮉተ ታ ሸምፕታ ጋማ ኡንእንትዳ፤ ዬዝን ዋጎ? ‹ታ አዳዮ፥ ታና Ꮉና ሳትፓ አሾ› ያጋዉነ? አደ፥ ታ ይእዳና Ꮉና ማꬋ ሳትስ።
2b0c1c00b6	ታ አዳዮ፥ ነ ሱንꬅቶ ቦንቾ» ያጋይዳ። የ ዎደ ሳሎፓ፥ «ታኒ ታ ሱንꬅቶ ቦንችዳ፤ ማህን ቦንቾዳ» ያጋዘ ቃላ ይእዳ።
2b0c1d00bb	ይና በስተ ኤቅደ ጋማ አሱንꬅ ይና ቃልቶ ስእ፥ «ይና ዳዳ ꬎገ» ያጋይዳ። መሉንꬅ ማህ፥ «ኪታንቾ ኤስ ኦህዳ» ያጋይዳ።
2b0c1e006d	የሱሳ ማህ ኡንታጎ፥ «Ꮉይ ኦꬅዘ ይን ግሾ ይእዳፕ አትን ታ ግሾ ባያ።
2b0c1f0083	Ꮉና አላምታ ፍርድንትዘ ዎድታ Ꮉተ፤ Ꮉና አላምቶ አህዘ ካትዘ Ꮉተ ባለ ኦልንቶዳ።
2b0c200064	ማህ ታ ሳአፓ ꬎቅ ꬎቅ ጋይደ ዎደ አስ ኡባ ታጎ ኮኦዳ» ያጋይዳ።
2b0c210068	ኤ ይኖ ጋይዳና አኮ ጋር Ꮉይቆ Ꮉይቆድየዛኮ ኡንትስ ቆንጭሳደስ።
2b0c2200f8	ጋማ አሱንꬅ ማህ፥ «ኑ ህግታ ክርስቶሳ መዽና የዛኖ ኦህነ። ዬዝን፥ ነ ዋጋእ፥ ‹አስ ናአይ ꬎቅ ꬎቅ ጋዉደስ ቤዛነ› ጋኤ? ‹ኤ፥ አስ ናአይ ኦደ?›» ያጋይዳ።
2b0c2300c8	የሱሳ፥ «ፎኦ ይንታራ ኤራꬅ ዎደ ጋምኦዳ። ይንትስ ꬉማመ ጋር ፎኦ የዝን፥ ፎእተ Ꮉንቶተ። ꬉማ የꬍዘ አስ አና ቅትዛኮ ኤሮስ።
2b0c2400b0	ፎኦ ናኡንꬃና ማቃደ ጋር ፎኦ የዝን ፎእዛ አማኖተ» ያጋይዳ። የሱሳ ይኖ ኦህዳንፓ ማቂ Ꮉንግ ኡንታፓ ገንግዳ።
2b0c25004d	ኤ ይኒ ፋና ክለ ባዝ ኡን ቲኖ ኦችንን አማንካያ።
2b0c2600c6	ናበ ኢሳያሳ፥ «ላꬆ፥ ኑ ማርካትꬅቶ ኦኒ አማንደ? ላꬄ ፋ ዎልቅቶ ኦስ ቆንጭዝዶ?» ጋይዳና ቱሮ ማቃደ ፋና ኡን ኤዛ አማንካያ።
2b0c270134	ማህን ኢሳያሳ፥ «ኡን ኣፍታ በአመ ጋር፥ ኡን ዎዝንታ ቲራመ ጋር፥ ኡን ጾዛጎ ማቅን፥ ኤ ኡንታና ፋꬃመ ጋር፥ ጾዚ ኡን ኣፍቶ ቆቅዝዳ። ኡን ዎዝንታ ምንግዳ» ጋይደ ግሾ ኡን አማኖደስ ዳንዳእካያ።
2b0c29006f	ኢሳያሳ ይኖ ጋይዳና፥ የሱሳ ቦንችቶ ብእደ ግሾነ ኤባዝን ኦህደ ግሾ።
2b0c2a00f7	ማቅኮን፥ አይሁደ Ꮉላቁንꬃፓ ጋሙንꬅ የሱሳ አማንዳ። የዝን ፋርሳዉንꬅ ፋና አይሁዱንꬅ ዎሳ ኬꬃፓ ከሶዳ ጋእ ዣሽትደ ግሾ አማንዳ ጋእ ቆንጨ ማርክꬍካያ።
2b0c2b005a	ይኖ ኡን ኦችደ፥ ጾዘ ቦንቾፓ አꬊ አስ ቦንቾ ካꬍደ ግሾ።
2b0c2c0097	የሱሳ ፋ ቃልቶ ꬎቅ ዪዚ፥ «ታና አማንዘ ኦደን ታና ኪተዛን አማናነፕ አትን ታና ጻላላ አማኖስ።
2b0c2d003b	ታና በእዘ ኦደን ታና ኪተዛን በእነ።
2b0c2e005b	ታና አማንዘ ኡባ ꬉማ የዛመ ፋና ታ ፎኦ ማቂ አላመ ይእዳ።
2b0c2f00ae	ታ ቃልቶ ስእ ኪትንቶሳ ኦናን ታ ፍርዶስ። አኮስ ጋይኮ፥ ታ አላምቶ አሾደስ ይእዳፕ አትን ፍርዶደስ ይእካያ።
2b0c300096	ታና እጽዛያን ታ ቃልቶ ኤኮሳ ኦናን ፍርድዘ የነ። ታ ኦህደ ቃልታ ዉርሱꬅ ቃማ የ አꬃ ፍርዶዳ።
2b0c31008c	አኮስ ጋይኮ፥ ታ ይኖ ታፓ ኦሆስ፥ የዝን ታና ኪተዘ ታ አዳይ ታ ጋዉዳኖን ኦሆዳኖ ኪትዳ።
2b0c320099	ማህ ኤ ኪታን መዽና ደኦ ማቅዳኖ ታ ኤራነ። ይኒ ግሾ፥ ታ ኦህዛና ታ አዳይ ታስ ኦህዳኖ» ያጋይዳ።
2b0d01010f	ፋስጋ ቦንችዘ ቃምታ የሎዳንፓ ቲኖ Ꮉና አላምቶ አሺ አደጎ ቅትዘ ዎደ የልዳኖ የሱሳ ኤራነ። Ꮉና አላምተ የዘ ፋ አሱንꬃና ኡባ ዎደ ካꬋነ፤ ዉርሱꬅ የሎደስ ኡንታና ካꬋነ።
2b0d0200d4	የሱሳራን ኤ ታማሩንꬃራ ዎላ ካዎ ሙነ። ይንፓ ቲኖ ጻላሄ ስሞና ናአ አስቆሮቱ ይሁዳ የሱሳ አꬂ እንጎደጋራ ኤ ዎዝንተ ኢታ ቆፋ ጋድዳ።
2b0d03008e	የሱሳ አዳይ ኡባባዝቶ ኤ ኩሽተ ጋድዳኖ፥ ኤ ጾዘ ካለፓ ይእዳኖን ማቂ ኤጎ ኡዶዳኖ ኤራነ።
2b0d040082	የሱሳ ካዎፓ ደንዲ ካታራ የዘ ማእቶ ቃሪ ጋዲ፥ አፉላ ሎዶ ኤኪ ፋ ቃዝንተ ዳንጭዳ።
2b0d05009f	ይንፓ ማቂ፥ Ꮉꬅ ጋባተ ፋቅ፥ ፋ ታማሩንꬅ ቶህቶ ሜጭዳ፤ ማህ ፋ ቃዝንተ ዳንጭደ አፉላ ሎዶራ ኡጭዳ።
2b0d060082	የሱሳ ስሞን ጴጥሮሳጎ የልደ ዎደ ጴጥሮሳ፥ «ላꬆ፥ ነ ታ ቶህቶ ሜጮዳነ?» ያጋይዳ።
2b0d070075	የሱሳ ማህ ኤጎ፥ «ታ ኦችዛኖ ነ Ꮉተ ኤሮስ፥ የዝን ሱባፓ ቲሮዳ» ያጋይዳ።
2b0d0800c8	ዬዝን፥ ጴጥሮሳ፥ «ነ ታ ቶህቶ መꬍናስ ሜጫማ» ያጋይዳ። የሱሳ ኤጎ፥ «ታ ነ ቶህቶ ሜጫንጽኮ ኔስን ታስ ፈተትꬅ ባያ» ያጋይዳ።
2b0d0900a2	ጴጥሮሳ የሱሳጎ፥ «ላꬆ፥ ዬዛኮ፥ ታ ቶህቶ ጻላላ ማቅካይዝን ታ ኩሽቶን ታ ኦምቶን ኡባ ሜጮ» ያጋይዳ።
2b0d0a00d7	የሱሳ ማህ፥ «ጋላ ማትንትደ ኦደን ቶሄፓ መለባዝ ማትንቶደስ ቤዞስ፤ ኤስ ኡባ ጋልታ ጌሽ። ይን ጌሽ፥ የዝን ኡቡንꬅ ጌሽ ባያ» ያጋይዳ።
2b0d0b0080	የሱሳ ፋና አꬂ እማደ አꬄ ኦና የዛኮ ኤርዘ ግሾ «ይን ኡቡንꬅ ጌሽ ባያ» ያጋይዳ።
2b0d0c00ad	ኡን ቶህቶ ሜጭዳንፓ ማቂ የሱሳ ፋ ማእቶ ማህ ማእዳ። ማቂ ኡን ግዳ በቲ ኡንታጎ፥ «ታኒ ይንትስ ኦችዳኖ ቲራነ?
2b0d0d0078	ይን ታና አስታማረን ላꬅን ጋነ፤ ታኒ ይን ጋዛን ፋና ማቅደ ግሾ ሎኦ ጋይዳ።
2b0d0e0098	ታ ይንትስ ላꬅን አስታማረ ማቅተራ ይን ቶህቶ ሜጭኮ ይንትን ፈተ ፈተስ ይኒ ጋራ ኦቾደስ ቤዛነ።
2b0d0f0077	ይኬ፥ ታ ይንትስ ኦችዳን ጋር ይንትን ኦቾደ ጋር ታ ይንትስ አዝዘ እንግዳ።
2b0d100070	ታ ይንትስ ቱሮ ቱሮ ጋነ፤ አሮ ፋ ላꬄፓ፥ ኪትንትዘን ኪትደፓ አꬎኦስ።
2b0d110047	ይን ይኖ ኤሪ ኦችዛ ማቅኮ አንጅንትዱንꬃና።
2b0d1200d8	«ታ ይን ኡቡንꬃና ጋኦስ፤ ታ ዶርዱንꬃና ታ ኤራነ። የዝን ጌሽ ማጻፍተ፥ ‹ታ ቦርዛ ሙይደ ታላ ደንድዳ› ጋእንትዳና ቱሮ ማቃደስ ቤዛነ።
2b0d13006d	ታኒ ታና ማቅዛኖ ይን አማኖደ ጋር ይና Ꮉኖዳንፓ ቲኖ ይንትስ ኦህነ።
2b0d1400a3	ታ ይንትስ ቱሮ ቱሮ ጋነ፤ ታ ኪትደ አꬃ ሞክዘ ታና ሞካነ። ታና ሞክዘ ኦደን ታና ኪተዛ ሞካነ» ያጋይዳ።
2b0d1500cf	የሱሳ ይኖ ኦህዳንፓ ማቂ ፋ ዎዝንተ ጋማ ኡንእንት፥ «ታ ይንትስ ቱሮ ቱሮ ጋነ፤ ታና ይንታፓ ፈተ አꬂ እንጎዳ» ጋእ ቆንጭዝ ኦህዳ።
2b0d16004d	ኤ ኦህዳና ታማሩንꬅስ ኤርንታንጽን ዎል ብእዳ።
2b0d170055	ኤ ታማሩንꬃፓ ፈተ፥ የሱሳ ካዽዘ፥ የሱሳ ካለ በትዳ።
2b0d18006f	ይኒ ግሾ፥ ስሞን ጴጥሮሳ ኤዛ ማሊ፥ «ኤ ኦና ጋዛኮ አነ ኦጮ» ያጋይዳ።
2b0d190062	ይኒ ግሾ፥ የ ታማርዘ የሱሳጎ ሺቂ፥ «ላꬆ፥ ኤ ኦደ?» ያጋይዳ።
2b0d1a00bd	የሱሳ ማህ፥ «ታ ቦራ ባጽ ቱሺ ባርስዛያ» ያጋይዳ። ማህን ቦራ ባጽ ኤኪ፥ ቱሺ፥ ስሞና ናአይ አስቆሮቱ ይሁዳስ እንግዳ።
2b0d1b00b0	ይሁዳ ቦርዛ ባርዳንፓ ማቂ ጻላሄ ኢራ ይሁዳ ግዳ ገልዳ። የሱሳ ኤጎ፥ «ነ ኦቾደስ ቆፐዛኖ ኤልሲ ኦቾ» ያጋይዳ።
2b0d1c0065	የዝን በቴዙንꬃፓ ኦደን የሱሳ ይኖ አኮስ ኤጎ ጋኤዛኮ ኤርካያ።
2b0d1d00f0	ይሁዳ ብራ አይክዘ ግሾ ኤዛ ታማሩንꬃፓ ፈተ ፈተ የሱሳ ኤዛ፥ «ፋስጋ ቦንችዘ ቃማስ ፋስ ቤዝዘ ባዝ ዎንጎ ዎይ ዳሁንꬅ ሙጻተ እንጎ ጋይዳ» ያጋእ ቆፕዳ።
2b0d1e005e	ይሁዳ ቦርዛ ኤክደ ፋና ኢራ ባለ ከዝዳ። የ ዎደ ሳእታ ቃማ።
2b0d1f0095	ይሁዳ ባለ ከዝዳንፓ ማቂ፥ የሱሳ፥ «Ꮉተ አስ ናአይ ቦንችንትዳ፤ ጾዝን ኤ ባጋራ ቦንችንትዳ።
2b0d200083	ጾዚ ኤ ባጋራ ቦንችንትን ኤ ፋ ኦምተ አስ ናአያ ቦንቾዳ፤ ማህ ኤ ይኖ ኤልሲ ዪሳዳ።
2b0d2100e0	ታ ናኡንꬆ፥ ታ ይንታራ ጋማ ዎደ ጋምኦስ። ይን ታና ኮዮዳ፥ የዝን ታ አይሁዱንꬅስ ኦህዛን ጋር፥ ‹ይን ታኒ ቅትደ በስቶ ዮኦደስ ዳንዳኦስ።›
2b0d2200a3	ታ ይንትስ እንግዘ ክለ ኪታ Ꮉኖ፤ ፈተ ፈታ ካꬎተ። ታ ይንታና ካꬍዳንፋና ይን ፈተ ፈታ ካꬎደስ ቤዛነ።
2b0d230083	ይን ፈተ ፈተራ ካꬍንትኮ ይን ታ ታማሩንꬃና ማቅዛኖ አስ ኡባ ይነ ኤሮዳ» ያጋይዳ።
2b0d2400e4	ስሞን ጴጥሮሳ የሱሳጎ፥ «ላꬆ፥ ነ አባ ቅተ?» ያጋይዳ። የሱሳ ማህ፥ «ታ ቅትዘ በሳ ነ Ꮉተ ካሎደስ ዳንዳኦስ፥ የዝን ሱባፓ ታና ካሎዳ» ያጋይዳ።
2b0d25009a	ጴጥሮሳ፥ «ላꬆ፥ ታ ነና Ꮉተ ካሎደስ አኮስ ዳንዳኦሳ? ታ ነ ግሾ Ꮉይቆደስን ጊጊ በትዳ» ያጋይዳ።
2b0d2600c5	የሱሳ ማህ፥ «ታ ግሾ Ꮉይቆደስ ቱሮ ጊጊ በትዳ? ታ ኔስ ቱሮ ቱሮ ጋነ፤ ሉኩለ ኡኮዳንፓ ቲኖ ነ ታና Ꮉይꬕ ቶሄ ካዶዳ» ያጋይዳ።
2b0e01007a	የሱሳ ፋ ታማሩንꬃጎ፥ «ይን ዎዝንታ ይርግፐ፥ ጾዛ አማኖተ፥ ታናን አማኖተ።
2b0e02009a	ታ አዳይ ኬꬃ ጋማ በሲ የነ። ታ ይንትስ በሲ ጊግሳደስ ቅታነ። ይና ባይዛኮ ታ ይንትስ ኦሆድ የሻ።
2b0e030090	ታ ኡዲ በሲ ጊግዝዳንፓ ሱባ ታ የዘ በስተ ይን የሳደ ጋር ላምእንꬃ ይእ ይንታና ታጎ ኤኮዳ።
2b0e040047	ይን ታ ቅትዘ በስቶን ኦግቶ ኤራነ» ያጋይዳ።
2b0e050092	ዬዝን፥ ቶማሳ፥ «ላꬆ፥ ነ ቅትዘ በስቶ ኑ ኤሮስ፤ ኦግቶ ዋይዝ ኤሮደስ ዳንዳኦደ?» ያጋይዳ።
2b0e060093	የሱሳ ማህ፥ «ኦገ፥ ቱሮን ደኦን ታና። ታ ባጋራ ማቃንጽኮ ኦደን ታ አደጎ ዮኦደስ ዳንዳኦስ።
2b0e070097	ይን ታና ኤርዛኮ፥ ታ አዳያን ኤሮዳ። የዝን ይኬፓ አይኪ ይን ኤዛ ኤራነን ኤዛ ብእዳ» ያጋይዳ።
2b0e08006c	ፍልጶሳን የሱሳጎ፥ «ላꬆ፥ አዳያ ኑና ቤዛኮ፤ ኑስ ማቃዳ» ያጋይዳ።
2b0e0900d6	የሱሳን ማህ፥ «ታ Ꮉኒ ጋርዘ ዎደ ይንታራ የዝን ታና ኤሮስተ? ታና በኤዘ አꬄ አዳያን ብእዳ። ዬዝን፥ ነ ዋይዝ፥ ‹አዳያ ኑና ቤዞ› ጋኤ?
2b0e0a00e3	ታኒ አደራ ፈቶ ማቅዳኖን አደን ታራ ፈቶ ማቅዳኖ ነ አማኖሳነ? ታ ይንትስ ኦህዘ ቃልቶ ታ ታፓ ኦሆስ፥ የዝን ታ ግዳ የዘ አዳይ ኤ ፋ ኦችቶ ኦቻነ።
2b0e0b0092	ታኒ አዳይ ግዳ የዛኖን አደን ታ ግዳ የዛኖ አማኖተ። ይኖ አማናንጽኮ ታ ኦችተ ታና አማኖተ።
2b0e0c00d0	«ታ ይንትስ ቱሮ ቱሮ ጋነ፤ ታና አማንዘ አꬄ ታ ኦችዘ ኦቻ ኤ ኦቾዳ። ታ አደጎ ቅትዘ ግሾ ታና አማንዘ ኦደን Ꮉንፓ አꬍዘ ኦቻ ኦቾዳ።
2b0e0d0085	አዳይ ናአይ ባጋራ ቦንችንቶደ ፋና ታ ሱንꬅተ ይን ዎስዘ ባዝ ኡባ ታ ይንትስ ዪሳዳ።
2b0e0e0050	ታ ሱንꬅተ አኮ ባዝን ይን ኦጭኮ ታ ይንትስ ኦቾዳ።
2b0e0f0031	«ይን ታና ካꬍኮ ታ ኪቶ ናጎተ።
2b0e100076	ታኒ ታ አዳያ ዎሶዳ፤ ይንታራ መዽና የሳደ ጋር ምንꬅꬅዛ ይንትስ እንጎዳ።
2b0e11010b	የ አያንዘ ጾዘ ቱሮ ቤዛነ። Ꮉና አላምተ አሱንꬅ ኤዛ ብእካይዘ ግሾን ኤሮሰ ግሾ ኤዛ ኤኮደስ ዳንዳኦስ። የዝን ኤ ይንታራ የዘ ግሾን ይን ግዳ የሳደ ግሾ ይን ኤዛ ኤራነ።
2b0e120080	«ታ ይንታና እንዳን አደን ባይዘ ናአ ጋር ይን ጻላላ አሾስ፤ ማቂ ይንታጎ ዮኦዳ።
2b0e13009a	ኤራꬅ ዎደፓ ሱባ አላመ ታና ማህ ቦኦስ፥ የዝን ይን ቦኦዳ። ታ ደኦ ማቅደ ግሾ ይንትን ደኦ የሳዳ።
2b0e140071	ታ ታ አዳይ ግዳ፥ ይን ታ ግዳ፥ ማህ ታ ይንታራ የዛኖ ይን የ ዎደ ኤሮዳ።
2b0e1500c1	«ታ ኪቶ ኤኪ ናግዘ ታና ካꬋነ። ታና ካꬍዛያ ታ አደን ካꬋነ፤ ታንን ኤዛ ካꬋነ፤ ታንን ታናትꬅቶ ይንትስ ጌሾዳ» ያጋይዳ።
2b0e1600ae	አስቆሮቱ ይሁዳ ማቅካይዘ ይሁዳ የሱሳጎ፥ «ላꬆ፥ ነ ዋይዝ አላመስ ማቅካይዝን ኑስ ነና ቆንጭሳደ?» ያጋይዳ።
2b0e170099	የሱሳ ማህ፥ «ታና ካዽዘ ኦደን ታ ቃልቶ ናጎዳ። ታ አዳይ ኤዛ ካꬎዳ። ኤጎ ኑ ዮኦዳ። ኤራ የሳዳ።
2b0e180094	ታና ካꬎኦሰ ኦደን ታ ቃልቶ ናጎስ። ይን ስእዘ ቃልታ ታና ኪትደ አደ ባዛፕ አትን ታ ባዝ ባያ።
2b0e190048	«ታ ይንታራ Ꮉተ የዘ ግሾ ይኖ ይንትስ ኦህዳ።
2b0e1a00c8	የዝን አዳይ ታ ሱንꬅተ ኪትዘ ምንꬅꬅዘ ጌሽ አያና፥ ይንታና ኡባባዝቶ ታማርሶዳ። ታ ይንትስ ኦህዳኖ ኡባ ኤ ይንታና ቆፍሳዳ።
2b0e1b00f5	«ሳሮ ይንትስ አሾዳ። ታኒ ታ ሳርቶ ይንትስ እንጎዳ። ታ እንግዘ ሳሮትꬅታ አላመ እንግዘ ሳሮትꬅት ፋና ባያ። ይኒ ግሾ፥ ይን ዎዝንታ ይርግፐን፥ ዣሽትፐ።
2b0e1c00e6	‹ታ ቅቶዳ፥ የዝን ማቂ ይንታጎ ዮኦዳ› ጋይዳኖ ይን ስእዳ። ይን ታና ቱሮ ካꬍዘባዝ ማቅኮ ታ አዳይ ታፓ አꬍዘ ግሾ ታ ኤጎ ቅትዛነ ይን ኡፋይቶዳ።
2b0e1d006e	ይና ዪዘ ዎደ ይን አማኖደ ጋር ይና Ꮉንካይዝን ቲኖ ታ ይንትስ ኦህዳ።
2b0e1e009d	«Ꮉና አላምቶ አህዘ የእዘ ግሾ ይኬፓ ሱባ ይንታራ ጋማ ኦህንቶስ። ታና ኤ አኮን ኦቾደስ ዳንዳኦስ።
2b0e1f009c	የዝን ታ አዳያ ካꬍዛኖ አላመ ኤሮደ ጋር ታ አዳይ ታና ኪተዛኖ ኡባ ዪሳዳ። ደንዶተ፤ Ꮉንፓ የꬎተ።
2b0f010044	«ታ ዎይነስ ቱሪ ኡዙማ፥ ዎትዘን ታ አዳያ።
2b0f0200b3	ታ ግዳ የዘ ኣፈ አፎሰ ታሽቶ ኡባ ኤ ጋቺ Ꮉሶዳ። ኣፍዘ ታሽቶ ካሰንፓ ጋንꬅ አፎደ ፋና ይና ታሽቶ ኤ ኮሺ ጊግሳዳ።
2b0f03003c	ታ ይንትስ ኦህደ ቃልት ግሾ ይን ጌሽ።
2b0f040110	ታ ግዳ የዞተ፤ ታንን ይን ግዳ የሳዳ። ዎይነስ ታሸ ኡዙምዘላ የዛንጽኮ የ ታሽዘ ፋ ፋስ ኣፈ አፎደስ ዳንዳኦስ። ይኒ ፋና፥ ይንትን ታ ግዳ የዛንጽኮ ኣፈ አፎደስ ዳንዳኦስ።
2b0f0500ce	«ታኒ ዎይነስ ኡዙማ፤ ይን ታሸ። ታላ የዘን ታንን ኤ ግዳ የዘ፥ ኤ ጋማ ኣፈ አፎዳ። ታ ባይዝን ይን ጻላላ አኮን ኦቾደስ ዳንዳኦስ።
2b0f060085	ታላ የዞሰ ታሸ ፋና አላ ኦልንት መሎዳ። ይኒ ፋና ታሹንꬃን ሺሺ ታማ ኦሎዳ፥ ምቾዳ።
2b0f070092	ይን ታር የዝኮ፥ ታ ቃልታን ይንግዳ የዝኮ፥ ይን ኮይዘ ባዝ አኮ ማቅኮን ዎሶተ፤ ይን ኤኮዳ።
2b0f08006d	ይን ጋማ ኣፈ ኣፍዘ ታ ታማሩንꬃና ማቅኮ፥ ይነ ታ አዳይ ቦንችንቶዳ።
2b0f090063	አዳይ ታና ካꬍዛን ጋራ ታንን ይንታና ካꬋነ፤ ታ ሲቅተ የዞተ።
2b0f0a0080	ታኒ ታ አዳይ ኪቶ ናጊ ኤ ሲቅተ የዝዳንጋራ ይንትን ታ ኪቶ ናግኮ ታ ሲቅተ የሳዳ።
2b0f0b0090	«ታ ኡፋይስታ ይንግዳ ፎልንቶደ ፋናን ይን ኡፋይስታ ፎሎ ማቃደ ፋና ታ ይንትስ ይኖ ኦህዳ።
2b0f0c0061	ታ ኪታ Ꮉኖ፤ ታ ይንታና ካꬍዛን ፋና ይንትን ፈተ ፈታ ካꬎተ።
2b0f0d0059	ፋ ሸምፕቶ ፋ ላጉንꬅስ እንግዛንፓ አꬍዘ ዳማ ሲቆ ባያ።
2b0f0e004c	ታ ይንታና ኪትዳኖ ኡባ ኦችኮ ይን ታ ላጉንꬃና።
2b0f0f00ef	«አሮ ፋ ላꬃይ ኦችዘባዝ ኤሮሰ ግሾ ታ ይንታና ይኬፓ ማቂ አሩንꬃና ጋኦስ። የዝን ታ አዳያ ስእዘ ኡባ ታ ይንትስ ኦህደ ግሾ ይንታና ታ ላጉንꬃና ጋይዳ።
2b0f100101	ታ ይንታና ዶርዳፕ አትን ይን ታና ዶርካያ። ይን Ꮉንግ ኣፈ አፎደ ፋናን ኣፈራ ይን የሳደ ፋና ሹምዳ። ይኖ ማቅኮ ታ አዳይ ይን ታ ሱንꬅትራ ዎስደባዝ ኡባ እንጎዳ።
2b0f11002f	ታ ኪታ Ꮉኖ፦ ፈተ ፈታ ካꬎተ።
2b0f12004a	«አላመ ይንታና እጽኮ ቲኖ ታና እጽዳኖ ኤሮተ።
2b0f1300ed	ይን አላመባዝ ማቅዛኮ አላመ ፋ ባዝ ፋና ይንታና ካꬎድየሻ። የዝን ታ ይንታና አላመፓ ዶርደ ግሾን ይን አላመባዝ ማቅካይዘ ግሾ አላመ ይንታና እጻነ።
2b0f1400f4	‹አሮ ፋ ላꬄፓ አꬎኦስ› ጋእ ታ ይንትስ ኦህዳኖ ቆፖተ። ኡን ታና ባይእዘባዝ ማቅኮ ይንታናን ባይኦዳ። ኡን ታ ቃልቶ ናገዘባዝ ማቅኮ ይን ቃልቶን ናጎዳ።
2b0f150068	የዝን ኡን ታና ኪተዛያ ኤሮሰ ግሾ Ꮉኖ ኡባ ታ ግሾ ይንታላ ኦቾዳ።
2b0f160090	ታ ይእ ኦህካይዛኮ ኡንትስ ናጋራ ማቃምየሻ። የዝን Ꮉተ ኡን ኦችደ ናጋርትስ ምክናተ ባያ።
2b0f17002e	ታና እጽዘ ታ አዳያን እጻነ።
2b0f1800e6	ኦደን ኦችካይዘ ኦቻ ታ ኡን ግዳ ኦቺ ብእካይዘ ባዝ ማቅዛኮ ኡንትስ ናጋራ ማቃምየሻ። የዝን Ꮉተ ኡን ታ ኦችደ ኦችቶ ብእ ታናን ታ አዳያን እጽዳ።
2b0f190086	የዝን ኡን ህግተ፥ ‹ታና Ꮉሪ እጽዳ› ጋእንት ጻፍንትዳና ፎልንቶደ ፋና ይና ዪእዳ።
2b0f1a0086	«አደፓ የእዘ ቱሪ አያና ታ ይንትስ ኪቶዳ። ኤ ይንታና ምንꬅꬆዳ፥ ታ ባዝ ማርክꬎዳ።
2b0f1b0053	ይንትን ቲኖፓ አይኪ ታራ የዘ ግሾ ታ ባዝ ማርክꬎዳ።
2b10010054	«ታ ይኖ ይን አማንትፓ ꬉብንታመ ፋና ይንትስ ኦህዳ።
2b100200b6	ኡን ይንታና አይሁደ ዎሳ ኬꬃፓ ከሶዳ። ይንፓን አꬊ፥ ይንታና ዎꬍዘ ኦደን ጾዚ ኮይዘ ባዝ ኦችዛ አዝዘ ዎደ የኦዳ።
2b10030056	ኡን ይኖ ይንታላ ኦችዘ ታና ዎይ አዳያ ኤርካይዘ ግሾ።
2b1004010a	የዝን ኡን ይኖ ይንታላ ኦችዘ ዎድታ የልደ ዎደ ታ ይንትስ ኦህዳኖ ይን ቆፖደ ጋር ታ ይንትስ Ꮉኖ ኦህዳ። «ቲኖ ታ Ꮉኖ ይንትስ ኦህካይዛራ ጋምእዳና ታ ይንታራ የዘ ግሾ።
2b10050089	የዝን Ꮉተ ታኒ ታና ኪተዘጎ ቅታነ፤ ይንታፓ ኦደን፥ ‹አባ ቅተ?› ጋእ ታና ኦጭዘ ባያ።
2b1006005e	የዝን ታ ይኖ ኦህደ ግሾ ይን ዎዝንተ ጋማ ካዮ ቆፋራ ኩምዳ።
2b100700e4	የዝን ታ ይንትስ ቱሮ ኦህነ፤ ታ ቅትዛኮ ይንትስ ሎኦ። አኮስ ጋይኮ፥ ታ ቅታንጽኮ ምንꬅꬅዘ ይንታጎ የአማ። የዝን ታ ቅትኮ ኤዛ ይንታጎ ዳኮዳ።
2b10080077	ምንꬅꬅዘ ይእ፥ ናጋራስ፥ ጽሎትꬅስን ፍርዳስ Ꮉና አላመ አሱንꬃና ኦጮዳ።
2b1009003a	ናጋራስ፥ አሱንꬅ ታና አማኖሰ ግሾ።
2b100a005d	ጽሎትꬅስ፥ ታ አደጎ ቅትዘ ግሾን ይን ታና ማህ በአመ ግሾ።
2b100b004a	ፍርዳስ፥ ማህ አላምቶ አህዘ ፍርድንትደ ግሾ።
2b100c005f	«ታ ይንትስ ኦሆደ ጋማ ባዝ የነ፥ የዝን Ꮉተ ይንታና ዴጾዳ።
2b100d00e4	ቱሪ አያና ይእደ ዎደ ይንታና ቱረትꬅ ኡባጎ ካልꬆዳ። ኤ ስእደባዝ ኦሆዳፕ አትን ፋፓ አኮ ባዝን ኦሆስ። ማህ ቲኖፓ የኦደባዝ ይንትስ ኤ ኦሆዳ።
2b100e0057	ኤ ታስ የዛንፓ ኤኪ ይንትስ ኦህዘ ግሾ ኤ ታና ቦንቾዳ።
2b100f0095	አደስ የዘ ባዝ ኡባና ታ ባዝ፤ ‹ምንꬅꬅዘ ታስ የዛንፓ ኤኪ ይንትስ ኦሆዳ› ታ ጋይዳና ይንስ።
2b10100083	«ኤራꬅ ዎደፓ ሱባ ታና ይን በአማ፤ ማህ ኤራꬅ ዎደፓ ሱባ ይን ታና ቦኦዳ» ያጋይዳ።
2b10110114	ኤ ታማሩንꬃፓ ፈተ ፈተ ዎል ግዳ፥ «‹ኤራꬅ ዎደፓ ሱባ ይን ታና በአማ፤ ማህ ኤራꬅ ዎደፓ ሱባ ይን ታና ቦኦዳ›፤ ማህን ታ አደጎ ቅቶዳ ጋዛና አኮ ጋእንተ?» ጋእ ዎላ ኦህንትዳ።
2b1012007d	ይኬ «ኤራꬅ ዎደፓ ሱባ ጋዛና አኮ ጋኤ? ኤ አኮ ኦህዛኮ ኑስ ኤርንቶስ» ያጋይዳ።
2b101300e6	ኡን ኤዛ ኦጮደስ ኮይዛኖ የሱሳ ኤሪ፥ «ታኒ፥ ‹ኤራꬅ ዎደፓ ሱባ ታና በአማ፤ ማህ ኤራꬅ ዎደፓ ሱባ ይን ታና ቦኦዳ› ጋይዳንስ ይን ፈተ ፈታ ኦጫነ?
2b101400dc	ታኒ ይንትስ ቱሮ ቱሮ ጋነ፤ ይን ዬኮዳን ዘለሎዳ፥ የዝን Ꮉና አላምታ ኡፋይቶዳ። Ꮉተ ይን አዛኖዳ፥ የዝን ይን አዛንታ ኡፋይሳ ላምንቶዳ።
2b101500f6	ፈቲ ማችታ ናአ የሎደስ ዪእዘ ዎደ ፋ የልዘ ዎድታ የልደ ግሾ ይርጋነ። የዝን ናአ የልዳንፓ ሱባ ናአ Ꮉና አላምተ የልንትደ ኡፋይስት ግሾ ፋ ኡንእቶ ቦታነ።
2b101600dc	ይኒ ጋር፥ ይንትን ይን ዎዝንተ አዛናነ፥ የዝን ታኒ ይንታና ማህ ቦኦዳ። ይን ዎዝንታ ጋማ ኡፋይቶዳ፤ ይና ኡፋይስቶ ኦደን ይንታፓ ኤኮስ።
2b101700b8	«የ ዎደ ይን ታና አኮ ባዝን ዎሳማ። ታ ይንትስ ቱሮ ቱሮ ጋነ፤ ይን ታ ሱንꬅተ ዎስዘ ባዝ ኡባ አዳይ ይንትስ እንጎዳ።
2b10180095	Ꮉኖ የሎደስ ታ ሱንꬅተ አኮ ባዝን ዎስካያ። ይን ኡፋይስታ ፎሎ ማቃደ ጋር ዎሶተ፤ ይን ኤኮዳ።
2b101900c1	«ታኒ Ꮉኖ የሎደስ ይንትስ አዝዘራ ኦህዳ፥ ይኬፓ ታኒ አዝዘራ ኦሆሰ ዎደ የኦዳ። የዝን አደባዝ ታ ይንትስ ቆንጭዝ ኦሆዳ።
2b101a0077	የ ዎደ ይን ታ ሱንꬅተ አዳያ ዎሶዳ፤ ይን ግሾ ታኒ ታ አዳያ ዎሶዳ ጋኤ ባያ።
2b101b00be	አኮስ ጋይኮ፥ አዳይ ፋ ኦምተ ይንታና ካꬋነ። ይን ታና ካዽዘ ግሾን ታ አዳይ ካለፓ ዪዳኖ አማንዘ ግሾ ኤ ይንታና ካꬋነ።
2b101c0076	ታ አዳይ ካለፓ Ꮉና አላምተ ዪዳ፤ ማህ አላምቶ አሺ አደጎ ቅቶዳ» ያጋይዳ።
2b101d0082	ኤ ታማሩንꬅ ማህ፥ «ይኬ፥ Ꮉተ ኔኒ ቆንጭዝ ኦህነፕ አትን፤ አዝዘራ አኮን ኦሆስ።
2b101e00ab	ነ ኡባ ባዝ ኤርዛኖ ኦናን ኦጮደስ ኮዮሳኖ ኑ Ꮉተ ኤራነ። ይኒ ግሾ ነ ጾዛፓ ኪትንትዳና አማንꬃነ» ያጋይዳ።
2b101f004b	ዬዝን፥ የሱሳ ማህ ኡንታጎ፥ «Ꮉተ ይን አማናነ?
2b102000df	ይኬ፥ ይን፥ ይን ካራ ይን ካራ ላልንቲ ታና ታ ጻላላ አሺ አሺ ኣችንቶደ ዎደ የኦዳ፤ Ꮉተን የልዳ። የዝን አዳይ ታራ የዘ ግሾ ታ ታ ጻላላ ባያ።
2b102100d6	ይን ታራ የዝን ሳሮ ይንትስ የሳደ ፋና ታ ይኖ ኦህዳ። አላመ ግዳ የዝተር ይን ዋይንቶዳ። የዝን ምንጎተ፤ ታኒ አላምቶ ጋምዳ» ያጋይዳ።
2b110100d1	የሱሳ ይኖ ኦህዳንፓ ሱባ ኡደ ሳሎ ብእ፥ Ꮉንጋራ ያጋይዳ፦ «ታ አዳዮ፥ ቃምታ የልዳ፤ ነ ናአይ ነና ቦንቾደ ጋር ኔኒ ነ ናአያ ቦንቾ።
2b1102008f	ነ ኤስ እንግደ ኡቡንꬅስ ኤ መዽና ደኦ እንጎደ ፋና አስ ኡባላ ኤስ አደትꬅ ዎልቃ እንግዳ።
2b11030067	መዽና ደኦ፥ ነና፥ ፈቲ ቱሪ ጾዛን ነ ኪትደ የሱስ ክርስቶሳ ኤረ።
2b11040057	ነ ታ ኦቾደ ፋና እንግደ ኦችቶ ፋዲ ነና ሳአላ ቦንችዳ።
2b1105007a	Ꮉተን፥ አዳዮ፥ አላመ መꬍንቶዳንፓ ቲኖ ነ ካለ ታስ የዘ ቦንችተ ታና ቦንቾ።
2b110600b7	«አላመ አሳፓ ነ ታስ እንግዱንꬃና ነና ኤርስዳ። ኡን ነባዝ፤ ነ ኡንታና ታስ እንግዳ። ኡን ነ ቃልትስን ኪትንትዳ።
2b11070054	ነ ታስ እንግደ ኡባ ባዝታ ኔፓ ዪዳኖ ኡን Ꮉተ ኤራነ።
2b110800cf	ነ ታስ እንግደ ቃልቶ ታ ኡንትስ እንግዳ፤ ኡንትን ይና ቃልቶ ኤክዳ። ታ ነ ካለፓ ይእዳና ቱሮ ማቅዳኖ ኤሪ ነ ታና ኪትዳኖ አማንዳ።
2b1109009a	«ታ ኡንትስ ዎሳነ። ኡን ነባዝ ማቅደ ግሾ ነ ታስ እንግደ አሱንꬅስ ዎሳነፕ አትን አላመስ ዎሶስ።
2b110a0071	ታስ የዛና ኡባ ነባዝ፤ ኔስ የዛና ኡባ ታስ። ታ ኡን ባጋራ ቦንችንትዳ።
2b110b0139	ታ ይኬፓ ሱባ አላምተ ጋምኦስ፤ ኡን አላምተ የነ። ታ Ꮉተ ኔጎ ቅታነ። ጌሽ አዳዮ፥ Ꮉን ስ ነ ታስ እንግዱንꬅ ኔራን ታራን ፈቶ ማቅዳን ጋራ ኡን ፈቶ ማቃደ ጋር ኡንታና ነ ታስ እንግደ ነ ሱንꬅተ ናጎ።
2b110c00f2	ታ ኡንታራ ሳአ የዝተራ፥ ነ ታስ እንግደ ነ ሱንꬅተ ኡንታና ናግዳ። ጌሽ ማጻፍታ ጋይዳና ፎልንቶደ ጋር ꬋበ ቤዘ አꬄፕ አትን ኡንታፓ መለ ኦደን ꬋብካያ።
2b110d008f	«Ꮉተ ታ ኔጎ የኦዳ። ታ ኡፋይስታ ኡን ዎዝንተ ፎሎ ማቃደ ጋር Ꮉኖ ታ አላምተ የዛራ ኦህነ።
2b110e00b1	ታ ኡንትስ ነ ቃልቶ እንግዳ። ታ አላመፓ ማቅካይዛን ፋና፥ ኡንትን አላመፓ ማቅካይዘ ግሾ አላመ ኡንታና እጽዳ።
2b110f0063	ነ ኢታፓ ኡንታና ናጎደ ጋራፕ አትን አላመፓ ከሶዳ ጋር ዎሶስ።
2b1110004b	ታኒ አላመፓ ባይዛን ፋና ኡንትን አላመፓ ባያ።
2b11110046	ኔኒ ነ ቱርተ ኡንታና ጌሾ፤ ነ ቃልታን ቱሮ።
2b11120056	ነ ታና አላመ ኪትዳን ፋና ታንን ኡንታና አላመ ኪትዳ።
2b11130059	ማህ ኡን ቱሮ ጌሽ ማቃደ ጋር ኡን ግሾ ታ ታ ኦምቶ ጌሾዳ።
2b1114007d	«ታኒ ኡን ጻላላስ ማቅካይዝን ኡን ቃልትፓ ደንዲ፥ ታና አማኖዱንꬅስን ዎሳነ።
2b111500fe	ኡን ኡቡንꬅ ፈቶ ማቃደ ጋር ታ ዎሳነ። አዳዮ፥ ነ ታ ግዳ የዛንጋራ፥ ማህ ታ ነ ግዳ የዛንጋራ ኡን ነ ግዳ የሳደ ጋር ዎሳነ። የ ዎደ ነ ታና ኪተዛኖ አላመ አማኖዳ።
2b111600a5	ኔንን ታንን ፈቶ ማቅዳን ጋራ፥ ኡንትን ፈቶ ማቃደ ጋር፥ ነ ታና ቦንችዳን ጋራ፥ ታንን ኡንታና ቦንችዳ።
2b111700e6	ታ ኡን ግዳ፥ ኔኒ ታ ግዳ የዛንጋራ ኡን ፎሎ ፈቶ ማቃደ ጋር ነና ዎሳነ። ይናን፥ ነ ታና ኪተዛኖ ነ ታና ካꬍደ ካꬍተ ኡን ካꬍዳኖ አላመ ኤሮደ ጋር።
2b111800e2	«አዳዮ፥ ነ ታስ እንግዱንꬅ ታ የዘ በስተ ታራ የሳደ ጋር ኮያነ። አላመ መꬍንቶዳንፓ ቲኖ ነ ታና ካꬍደ ግሾ ታስ እንግደ ታ ቦንችቶ ኡን ቦኦዳ።
2b11190090	«ጌሽ ታ አዳዮ፥ አላመ ነና ኤሮስ፥ የዝን ነና ታ ኤራነ። ማህ ነ ታና ኪተዛኖ Ꮉን ስ ኤራነ።
2b111a00ce	ነ ታና ሲቅደ ሲቅታ ኡን ግዳ የሳደ ጋር፥ ማህ ታኒ ኡን ግዳ የሳደ ጋር፥ ታ ነ ሱንꬅቶ ኡንታና ኤርስዳ፤ ቲኖስን ኤርሶዳ» ያጋይዳ።
2b1201009e	የሱሳ ዎሳ Ꮉስዳንፓ ማቂ ፋ ታማሩንꬃራ ቀድሮነ ቦርካ ፊንግ፥ ይና በስተ የዘ አታክልተ ግዳ ገልዳ።
2b1202008c	የሱሳ ኡባ ዎደ ፋ ታማሩንꬃራ እዘ ሺቅዘ ግሾ የሱሳ አꬂ እንግደ ይሁዳ ይና በስቶ ኤራነ።
2b12030112	ይኒ ግሾ፥ ይሁዳ ፋኖሰ፥ ጾምፐ፥ ኦላ ሚሸ አይክደ ጋማ ዎታዳሩንꬃና፥ ካህኑንꬅ Ꮉላቁንꬅን ፋርሳዉንꬅ ኪትደ ጾዘ ኬꬅቶ ናግዘ ፖሊሱንꬃና ካልꬅ ኤኪ፥ ይና በስቶ Ꮉንግዳ።
2b12040069	የሱሳ ፋና የሎደ ባዝ ኡባ ኤሪ፥ ጋጻ ኬዚ፥ «ኦና ኮየተ?» ያጋይዳ።
2b120500c1	ኡን ማህ፥ «ናዝረተ የሱሳ ኮያነ» ያጋይዳ። ኤ ማህ፥ «ታኒ የሱሳ» ያጋይዳ። የሱሳ አꬂ እንግደ ይሁዳ እዘ ኡንታራ ኤቅዳ።
2b1206005b	ኤ፥ «ታኒ የሱሳ» ጋይደ ዎደ ኡን ሱብ ሺቂ፥ ሳአ ጎልእዳ።
2b12070085	የሱሳ ማህ፥ «ኦና ኮየተ?» ያጋእ ኦጭዳ። ኡንትን፥ «ናዝረተ የሱሳ ኮያነ» ያጋይዳ።
2b120800af	ኤ ማህ፥ «ታኒ የሱሳ ማቅዛኖ ይንትስ ኦህዳ። ይኬ፥ ይን ታና ኮይዘ ባዝ ማቅኮ Ꮉን ስ ቅቶ ጋኦ አሾተ» ያጋይዳ።
2b120900a9	ኤ ይኖ ጋይደ፥ «አዳዮ፥ ነ ታስ እንግዱንꬃፓ መለ አቶ የዝን ፈታን ꬋብስካያ» ጋይደ ቃልታ ፎልንቶደ ፋና።
2b120a00bd	ስሞን ጴጥሮሳስ ማሻ የነ። ኤ የ ማሽዛ ሾዲ ካህኑንꬅ Ꮉላቃ አርዘስ ምዛቅ Ꮉይዛ ጋቺ ኦልዳ። የ አርዘ ሱንꬅታ ማልኮሳ።
2b120b0096	የሱሳ ጴጥሮሳጎ፥ «ነ ማሽዛ ሾክተ ገልꬆ። ታ አዳይ ታስ እንግደ ጹእትፓ ታ ኡዣማነ?» ያጋይዳ።
2b120c0086	ሮመ ዎታዳሩንꬅን ኡን Ꮉላቅዘ ጾዘ ኬꬅቶ ናግዘ ፖሊሱንꬃራ ዎላ የሱሳ አይኪ አጭዳ።
2b120d007a	ቲኖ የሱሳ ሃናጎ ካንግዳ። ሐና ይና በርተ ካህኑንꬅ Ꮉላቃ ማቅደ ቃያፋ ቦሌ።
2b120e0077	ቃያፋ፥ «ዎርዣ ግሾ ፈቲ አስ Ꮉይቂኮ ሎኦ» ጋእ ቲኖ አይሁዱንꬃና ዞሪዳያ።
2b120f00ee	ስሞን ጴጥሮሳን መለ ፈቲ ታማርዘ የሱሳ ካሊ Ꮉንግዳ። ካህነ Ꮉላቅዘ የ መለ ታማርዛ ሎይꬂ ኤራነ። ይኒ ግሾ፥ ኤ የሱሳራ ካህኑንꬅ Ꮉላቅዘ ግበ ገልዳ።
2b121000cb	የዝን ጴጥሮሳ ጋሰፓ ባለራ ኤቅዳ። ካህኑንꬅ Ꮉላቅዘ ኤርዘ መለ ታማርዘ ባለ ኬዚ፥ ፉርꬅቶ ናግዘ ናትስ ኦህ፥ ጴጥሮሳ ገልꬅዳ።
2b121100bb	ፉርꬅቶ ናግዘ ናታ ጴጥሮሳጎ፥ «ነ፥ የ አꬄ ታማሩንꬃፓ ፈታ ባነ?» ያጋይዳ። ጴጥሮሳ ማህ፥ «አደ፥ ታና ባያ» ያጋይዳ።
2b121200b5	ሳእታ ጪሽዘ ግሾ አሩንꬅን ናግዙንꬅን ኬንቼሎ ቃቃ ታማ ኤꬂ፥ አꬊ ኤቂ ካዣነ። ጴጥሮሳን ኡንታራ ኤቂ ታማ ካዣነ።
2b12130079	የ ዎደ ካህኑንꬅ Ꮉላቅዘ የሱሳ፥ ኤ ታማሩንꬅ ባዝን ኤ ትምርትትባዝ ኦጭዳ።
2b121400dd	የሱሳ ማህ፥ «ታ አስ ኡባስ ቆንጭዝ ኦህዳ። ታ አይሁደ ኡቡንꬅስ ሺቅዘ አይሁደ ዎሳ ኬꬃን ጾዘ ኬꬃ ኡባ ዎደ ታማርስዳ። አቺ አኮን ኦህካያ።
2b121500a2	ዬዝን፥ ነ ታና አኮስ ኦጨ? ታ ኦሆደራ ስእደ አሱንꬃና ኦጮ። የንꬅ አሱንꬅ ታ ኦህዳኖ ኤራነ» ያጋይዳ።
2b121600b7	የሱሳ ይኖ ኦህዘ ዎደ ይና በስተ ኤቅደ ዛበ ናግዙንꬃፓ ፈተ የሱሳ ባቂ፥ «ካህኑንꬅ Ꮉላቃጎ ያጋእ ማህነ?» ያጋይዳ።
2b121700ce	የሱሳ ማህ፥ «ታ ኢታ ባዝ ኦህደባዝ ማቅኮ Ꮉነ የዘ አስ ኡባ ቲኖ ማርክꬎ። የዝን ታ ቱሮ ኦህደባዝ ማቅኮ ታና አኮስ ባቀ?» ያጋይዳ።
2b12180072	ይኒ ግሾ፥ ሐና፥ የሱሳ አጭንቲ የዝን ካህኑንꬅ Ꮉላቅዘ ቃያፋጎ ዳክዳ።
2b121900e0	ጴጥሮሳ እዘ ኤቂ፥ ታማ ካሻደራ፥ Ꮉንኩንꬅ ኤጎ፥ «ነ Ꮉይ አꬄ ታማሩንꬃፓ ፈታ ባነ?» ያጋይዳ። ጴጥሮሳ ማህ፥ «አደ፥ ታና ባያ» ያጋእ ካድዳ።
2b121a00d0	ካህኑንꬅ Ꮉላቅዘ አሩንꬃፓ ፈተ፥ ጴጥሮሳ Ꮉየ ጋችደ አꬄስ እግንዘ፥ ጴጥሮሳጎ፥ «ታ ነና ኤራ አታክልተ ግዳ ብእካ?» ያጋእ ኦጭዳ።
2b121b0041	ጴጥሮሳ ማህን ካድዳ። ኢራ ሉኩለ ኡክዳ።
2b121c00ec	ዎንታ ጎዳ፥ ኡን የሱሳ ቃያፋ ካራፓ ሮመ ጋደ አህዘ ኦቻ ኬꬃ ካንግዳ። አይሁዱንꬅ ፋስጋ ባአለ ካꬃ ማአደስ ፋና ቱንዛመ ጋር ካትዘ ኦቻ ኬꬃ ገልካያ።
2b121d006f	ይኒ ግሾ፥ ጵላጦሳ ኡንታጎ ባለ ኬዚ፥ «Ꮉይ አꬃ አኮስ ሞተ?» ያጋይዳ።
2b121e005b	ኡን፥ «ኤ ኢታ ኦቾሳኮ ኑኒ ኤዛ ኔጎ ኬአማ የሻ» ያጋይዳ።
2b121f00ff	ጵላጦሳ ማህ፥ «ይን ኤዛ ኤኪ ካንግ፥ ይን ህግታ ጋዛን ጋራ ኤላ ፍርዶተ» ያጋይዳ። አይሁዱንꬅ፥ «ኦደላን Ꮉይቆ ፍርዳ ፍርድዘ አደትꬅ ዎልቃ ኑስ ባያ» ያጋይዳ፤
2b1220007f	ይና ይእዳና የሱሳ አኮ ጋር Ꮉይቆ Ꮉይቆድ የዛኮ ኤርሶደስ ኦህዳና ፎልንቶደስ።
2b12210077	ጵላጦሳ ፋ ኦቻ ኬꬃ ማህ ገሊ፥ የሱሳ ጼጊ፥ «ነ አይሁደ ካቶ?» ያጋእ ኦጭዳ።
2b1222008b	የሱሳ ጵላጦሳጎ፥ «Ꮉና ኦጭቶ ነ ኔፓ ኦጫነነ ዎይ መለ አስ ኔስ ታ ባዝ ኦህዳ?» ያጋይዳ።
2b122300b2	ጵላጦሳ ማህ፥ «ታ አይሁደ አሶ? ነ አሱንꬅን ካህኑንꬅ Ꮉላቁንꬅ ነና ታስ አꬂ እንግዳ። ነ አኮ ኦችዶ?» ያጋይዳ።
2b12240123	የሱሳ፥ «ታ ካእቱምታ Ꮉና አላምትፓ ባያ። Ꮉንፓ ማቅዛኮ ታ አይሁዱንꬅ Ꮉላቁንꬅስ አꬊ እንግንታመ ፋና ታስ ኦችዙንꬅ ኦልንቶድየሻ። የዝን ታ ካእቱምታ Ꮉና አላምትፕ ባያ» ያጋይዳ።
2b12250150	ይኒ ግሾ፥ ጵላጦሳ የሱሳጎ፥ «ዬዝን፥ ነ ካት ባ?» ያጋእ ኦጭዳ። የሱሳ ማህ፥ «ታ ካት ማቅዳኖ ነ ጋይዳ። ታኒ የልንትዳናን Ꮉና አላምተ ይእዳና ቱረትꬅስ ማርክꬋደስ። ቱርፓ ማቅደ ኦደን ታ ጋዛኖ ስእነ» ያጋይዳ።
2b122600b8	ጵላጦሳ፥ «ቱሪ አኮ?» ያጋይዳ። ጵላጦሳ ይኖ ጋይዳንፓ ማቂ አይሁዱንꬃጎ ባለ ኬዚ፥ «ታኒ ኤዛ ሞትዘ ባላ ደንግካያ።
2b122700c3	የዝን ፋስጋ ባአለ ኦደ፥ ፈቲ አስ ይንትስ አቻፓ ብልዘ ዎጋ የነ። ታ ይንትስ አይሁዱንꬅ ካትዛ ብሎደ ጋር ኮያነ?» ያጋይዳ።
2b12280096	ኡን ማህ፥ ፋ ቃልቶ ꬎቅ ዪዚ፥ «ባርባና ብሎፕ አትን ኤዛ ብልፐ» ያጋይዳ። የዝን ባርባነ ፋኖ።
2b13010047	ይንፓ ሱባ፥ ጵላጦሳ የሱሳ ካንግ ጋራፍስዳ።
2b1302007a	ዎታዳሩንꬅ አንጋꬅ ባርኔጻ መꬊ ኤ ኦምተ ጋድዳ። ማህ ዞቆ ማኦ ኤዛ ማእስዳ።
2b1303006a	ኤጎ ይእተራ፥ «አይሁደ ካትዛዮ፥ ሳሮ ኔስ ማቀ» ያጋእ ኤዛ ባቂዳ።
2b130400d3	ጵላጦሳ ማህ ባለ ኬዚ፥ አይሁዱንꬃጎ፥ «ይኬ፥ ታኒ ኤፓ አኮ ኢታባዝን ደንግካይዛኖ ይን ኤሮደ ጋር ኤዛ ይንታጎ ባለ ከሶዳ» ያጋይዳ።
2b130500cd	ይንፓ ማቂ፥ የሱሳ አንጋꬅ ባርኔጻ ፋ ኦምተ ጋዲ፥ ዞቆ ማኦ ማእ፥ ባለ ከዝዳ። ጵላጦሳ አይሁዱንꬃጎ፥ «አꬃ Ꮉያ ቦኦተ» ያጋይዳ።
2b13060146	ካህኑንꬅ Ꮉላቁንꬅን ጾዘ ኬꬅቶ ናግዙንꬅ ኤዛ ብእደ ዎደ ፋ ቃልቶ ꬎቅ ዪዚ፥ «ማስቃላላ ሱጾ! ሱጾ!» ያጋይዳ። ጵላጦሳ ኡንታጎ፥ «ይን ኤዛ ካንግ፥ ማስቃላላ ሱጾ። ታ ኤፓ አኮ ኢታባዝን ደንግካያ» ያጋይዳ።
2b130700a4	አይሁዱንꬅ ማህ፥ «ኑስ ህገ የነ። ኤ ፋና ጾዘ ናአ ማህደ ግሾ ኑ ህግትጋራ ኤ Ꮉይቆደስ ቤዛነ» ያጋይዳ።
2b13080048	ጵላጦሳ ይኖ ስእደ ዎደ ቲኖንፓ ጋማ ዣሽትዳ።
2b130900b2	ማህን ጵላጦሳ ፋ ኦቻ ኬꬅተ ማቂ ገሊ የሱሳጎ፥ «ነ አባፓ ይእዶ?» ያጋእ ኦጭዳ። የዝን የሱሳ ኤስ አኮን ማህካያ።
2b130a00b1	ይኒ ግሾ፥ ጵላጦሳ፥ «ታስ ኦሆሶ? ነና ብሎደስ ዎይ ማስቃላላ ሱጾደስ ታስ አደትꬅ ዎልቃ የዛኖ ኤሮሶ?» ያጋይዳ።
2b130b00e4	የሱሳ፥ «ጾዚ ኔስ አደትꬅ ዎልቃ እንግካይዛኮ ታላ አደትꬅ ዎልቃ ኔስ የዛማየሻ። ይኒ ግሾ፥ ታና ኔስ አꬂ እንግደ አꬍዘ ናጋራ ኦችዳ» ያጋይዳ።
2b130c0120	ጵላጦሳ ይኖ ስኤዘ ዎደ የሱሳ ብሎደስ ኦገ ኮይዳ። የዝን አይሁዱንꬅ ፋ ቃልቶ ꬎቅ ዪዚ፥ «ነ ኤዛ ብልዘባዝ ማቅኮ ካት ቄሳረ ነ ባጋ ባያ። ፋና ካት ጋዘ ኦደን ቄሳረ እጽዛያ» ያጋይዳ።
2b130d00d8	ጵላጦሳ ይኖ ስእ የሱሳ ባለ ከስዳ። የይዝ፥ «ሎቼ ሹች» ጋዘ በሳ ፍርዳ ኦይዳላ በትዳ። እብራይስጠ ቃላራ ይና በስታ «ገበታ» ጋእንታነ።
2b130e00e1	ይና ቃምታ ፋስጋ ባአለ ቦንቾደስ ጊግዘ ዎደ። የ ዎደ ሳእታን አዋራፓ እዝፑን ሳተ ጋር። ጵላጦሳ አይሁዱንꬃጎ፥ «ይን ካት Ꮉያ ቦኦተ» ጋይዳ።
2b130f013b	አይሁዱንꬅ ፋ ቃልቶ ꬎቅ ዪዚ፥ «Ꮉሶ! Ꮉሶ! ማስቃላላ ሱጾ» ያጋይዳ። ጵላጦሳ ማህ፥ «ይን ካትዛ ታ ማስቃላላ ሱጾዳኖ ኮያነ?» ያጋእ ኦጭዳ። ካህኑንꬅ Ꮉላቁንꬅ፥ «ቄሳረፓ መለ ካት ኑስ ባያ» ያጋይዳ።
2b131000a1	ይንፓ ማቂ፥ ኡን የሱሳ ማስቃላላ ሱጾደ ፋና ጵላጦሳ ኡንትስ አꬂ እንግዳ። ኡን የሱሳ አይኪ ካንግዳ።
2b131100c0	የሱሳ ፋ ማስቃልዛ ቶኪ፥ «የራስ ቅል» ጋዘ በሳ ከዝዳ። «የራስ ቅል» ጋእንትዛና እብራይስጠ ቃላራ «ጎልጎታ» ጋእንታነ።
2b131200c9	ኡን ይና በስተ ማስቃላላ የሱሳ ሱጽዳ። ማህን ኤራ መለ ላምእ አሱንꬃና፥ ፈታ ሰኮ ዛላራ Ꮉንካያ Ꮉንካ ዛላራ ማስቃላላ ሱጽዳ።
2b1313007c	ጵላጦሳ፥ «አይሁዱንꬅ ካት፥ ናዝረተ የሱሳ» ያጋዘ ጹፈ ጻፊ ማስቃላላ ጋድዳ።
2b131400fb	የሱሳ ማስቃላላ ሱጹንትደ በስታ ካታማስ ካለ የዘ ግሾ ጋማ አይሁዱንꬅ ይና ጹፍቶ ናባብዳ። ጹፍዘ ጻፍንትዳና እብራይስጠ ዶናራ፥ ላትነ ዶናራን ግርኬ ዶናራ።
2b131500f5	ይኒ ግሾ፥ ካህኑንꬅ Ꮉላቁንꬅ ጵላጦሳጎ፥ «‹Ꮉይ አꬄ ፋና አይሁደ ካት ጋይዳን ጋር› ጋእ ጻፎፕ አትን ኤዛ ኤ ኦምተ ‹አይሁደ ካት› ጋእ ጻፍፐ ያጋይዳ።»
2b13160055	ዬዝን፥ ጵላጦሳ፥ «ታኒ ጻፍዳኖ ጻፍዳ» ያጋእ ማህዳ።
2b131700c3	ዎታዳሩንꬅ ማስቃላላ ኤዛ ሱጽዳንፓ ሱባ ኤ ማእቶ ኤኪ፥ ኦይዲ በሳ ሻኪ፥ ፈቶ ፈቶ ኤክዳ። ዳክꬅ ማእንትዘ ጳርጎ ማኦ የሻ።
2b13180166	ዎታዳሩንꬅ፥ «ኦና የሎድየዛኮ፥ እጻ ኦልዳፕ አትን ማእዛ ፈርኦስ» ያጋይዳ። ይና Ꮉንዳና ጌሽ ማጻፍተ፥ «ታ ማእቶ ግዥንት ኤክዳ፤ ታ ጳርጎ ማእዘላን እጻ ኦልዳ» ጋይንትዳና ፎልንቶደ ጋር። ይኒ ግሾ፥ ዎታዳሩንꬅ ይኖ ዪዝዳ።
2b131900a7	የዝን የሱሳ ማስቃላ ካለ ኤ እንታን፥ ኤ እንቲ ምሽታ፥ ቀልዮጳ ማችታ ማይራምራን ማግደላ ማይራማ ኤቅዳ።
2b131a00ae	የሱሳ ፋ እንቶን ኤ ካዽዘ ታማርዘ እዘ ኤቅዱንꬃና ብእ፥ ፋ እንትጎ፥ «ታ እንተ፥ ነ ናአያ Ꮉያ ቦኦ» ያጋይዳ።
2b131b00bf	ይንፓ ሱባ፥ የ ታማርዘጎ፥ «ነ እንቶ Ꮉኖ ቦኦ» ያጋይዳ። የ ታማርዘ እዞ ይና ዎድትፓ አይኪ ፋራ የሳደ ጋር ካራ ካንግዳ።
2b131c00ae	ይንፓ ሱባ፥ የሱሳ ኡባና Ꮉተ ፎልንትዳኖ ኤሪ፥ ጌሽ ማጻፍተ ጻፍንትዳና ፎልንቶደ ጋር «ታና ባርዳ» ያጋይዳ።
2b131d00bb	ይና በስተ ፈቲ ጎንቦ ኩሙꬅ ጫላ ዎይነ የነ። ኡን ፉዛ ይና ዎይንተ ዳኪ፥ ህሶጰ ምንጻ በርꬃ ጋዲ፥ የሱሳ ዶናጎ ሺሽዳ።
2b131e00a5	የሱሳ ዎይንዛ ቃማስ ብእ፥ «ፍኦልንትዳ» ያጋይዳ። ይንፓ ሱባ፥ ፋ ኦምቶ ሶጾር ዪዚ ፋ ሸምፕቶ እንግዳ።
2b131f0138	ይና ቃምታ ጊግንትዘ ቃማ ማቅደ ግሾን ዎንትዘ ቃምዘ ቦንቾ ሳምባታ ማቅደ ግሾ አሱንꬃና አህታ ማስቃላላ ሳምባታ ዎደ ፌዣመ ጋር ኡን ቡንቅቶ መንꬂ፥ ማስቃላፓ ኬꬆደ ጋር አይሁዱንꬅ ጵላጦሳ ዎስዳ።
2b13200084	ይኒ ግሾ፥ ዎታዳሩንꬅ Ꮉንግ፥ የሱሳራ ሱጹንትደ ላምእ አሱንꬅስ ቡንቅቶ መንꬅዳ።
2b13210069	የዝን የሱሳጎ ይእደ ዎደ ኤ Ꮉይቂዳኖ ብእ፥ ኤ ቡንቅቶ መንꬅካያ።
2b13220070	የዝን ዎታዳሩንꬃፓ ፈተ ኤ ምልተ ቶራራ ጫድን ኢራ ሱꬅን Ꮉꬅን ጎግዳ።
2b1323009b	ይኖ አማኖደ ፋና ይኖ ብእደ ማርክꬍዳ። ኤ ማርካትꬅታን ቱሮ። ማህ ኤ Ꮉንዳና ቱሮ ማቅዛኖ ኤራነ።
2b1324007d	ይና Ꮉንዳና ጌሽ ማጻፍተ፥ «ኤ መቃꬅትፓ ፈትን መቆስ» ጋይዳና ፎልንቶደ ፋና።
2b13250064	ማህን ጌሽ ማጻፍተ መለ በሳ፥ «ኡን ፋ ጫድዳኖ ቦኦዳ» ያጋይዳ።
2b1326014e	ይንፓ ሱባ፥ አርማትያሳ ካታማፓ ይእደ ዮሰፋ የሱሳ አህቶ ኤኮደስ ጵላጦሳ ዎስዳ። ዮሰፋ አይሁዱንꬅስ ዣሽትደ ግሾ አችንት የሱሳ ካልዛያ። ጵላጦሳ፥ «ኤኮ» ያጋይዳ። ይኒ ግሾ፥ ዮሰፋ Ꮉንግ የሱሳ አህቶ ኤክዳ።
2b132700de	ማህ ንቆድሞሳ፥ Ꮉንፓ ቲኖ የሱሳጎ ቃማ ይእዳይ፥ ካርበራን አርክንተራን ዎርቂንትደ Ꮉስታም ፈቲ ክሎ ጊራመ ማቃደ ሽቶ ኤኪ ዮሰፋራ ይእዳ።
2b132800a0	የንꬅ ላምእ አሱንꬅ የሱሳ አህቶ ኤኪ፥ አይሁዱንꬅ አሀ ዚꬍዘ ዎጋራ፥ ሽቶራ፥ ሞግዘ አፉላራ ጻጽዳ።
2b132900d2	የሱሳ ማስቃላላ ሱጹንትደ በስተ ጋማ አታክልተ የነ። ይና አታክልትት ግዳ ሹቻፓ ዎጪ ጊግዝደ Ꮉጋ ኦደን ሞግንትካይዘ ክለ ቦዛ የነ።
2b132a009b	የ ዎምእዘ ካለ የዘ ግሾን አይሁዱንꬅ ሳምባታስ ጊግንትዘ ዎደ ማቅደ ግሾ የሱሳ አህቶ እዘ ሞግዳ።
2b140100be	ዎጋ ኦደ ዎንታ Ꮉጋ ሳአ ጌዥካይዝን፥ ማግደላ ማይራማ፥ የሱሳ ሞግንትደ ቦዛ Ꮉንግ ሹችታ ቦዛ ዶንትፓ ደንድዳኖ ብእዳ።
2b140200bf	ስሞን ጴጥሮሳጎን የሱሳ ካዽዘ Ꮉንካይ ታማርዘጎ ዎጺ Ꮉንግ፥ «ቦዝትፓ ላꬃ ኤክዳ፤ ኤዛ አባ ጋደዛኮ ኑ ኤሮስ» ያጋይዳ።
2b14030065	ይኒ ግሾ፥ ጴጥሮሳን Ꮉንካይ ታማርዘ ኬዚ ዎጽተራ ቦዛ Ꮉንግዳ።
2b14040082	ላምኡንꬅን ፈትላ ዎጽዳ፥ የዝን Ꮉንካይ ታማርዘ ጴጥሮሳፓ አꬊ ቲኖ ቦዝተ የልዳ።
2b14050070	የ ታማርዘ ዙጊ፥ ኤዛ ጻጽደ አፉልቶ ብእዳ፥ የዝን ቦዝት ግዳ ዎꬍካያ።
2b14060082	ስሞን ጴጥሮሳ ኤዛ ካሊ ይእ፥ ቦዝት ግዳ ዎꬊ ኤዛ ጻጽደ አፉልታ እዘ የዛኖ ብእዳ።
2b140700c2	ማህ የሱሳ ኦምቶ ጻጽደ አፉላ ጻጽንት ቦዝተ ኦማ ጉሮ የዝን ብእዳ። የ አፉልዘ ዱማ በሳ የነፕ አትን ቦዛ አፉላራ ዎላ ባያ።
2b1408005d	የ ዎደ ቲኒ ቦዝተ የልደ Ꮉንካይ ታማርዘ ገሊ ብእ አማንዳ።
2b1409007a	የሱሳ Ꮉይቆፓ ደንዶደስ ቤዛኖ ኦህዘ ጌሽ ማጻፈ የዘ ቃልቶ ኡን Ꮉጋ ቲርካያ።
2b140a0046	ይንፓ ሱባ፥ ኤ ታማሩንꬅ ፋ ካራ ማቂ ቅትዳ።
2b140b0063	የዝን ማይራማ ይና ቦዝት ዶንተ ኤቂ ዬክተራ ዙጊ ቦዝቶ ብእዳ።
2b140c00a6	ቦꬅ ማኦ ማእደ ላምእ ኪታንቹንꬅ የሱሳ አህታ ዎይእደ በስተ ፈተ ኦማ ጉሮራ ፈተ ቶሄ ጉሮ በቴዝን ብእዳ።
2b140d00b0	ኡን ኢጎ፥ «ማችተ፥ አኮስ ዬከ?» ያጋእ ኦጭዳ። እዛ፥ «ኡን ታ ላꬃ ኤክዳ፤ ኡን አባ ጋደዛኮ ታ ኤሮስ» ያጋይዳ።
2b140e00a6	ይኖ ጋይዳንፓ ሱባ፥ እዛ ሱብ ማቂ በእዘ ዎደ የሱሳ እዘ ኤቀዝን ብእዳ። የዝን ኤ የሱሳ ማቅዳኖ ኤርካያ።
2b140f010d	የሱሳ ኢጎ፥ «ማችተ፥ አኮስ ዬከ? ኦና ኮየ?» ያጋእ ኦጭዳ። ማይራማ አታክልተ ኦችዘ አስ አዝን፥ «ላꬆ፥ ነ ኤከዛኮ፥ ኤዛ አባ ጋደዛኮ ታስ ኦሆያ። ታ ኤዛ ኤኮዳ» ያጋይዳ።
2b141000be	የሱሳ ኢጎ፥ «ማይራመ» ያጋይዳ። እዛ ኤጎ ማቅን፥ እብራይስጠ ዶናራ «ረቡኒ» ያጋይዳ። ብልꬅታን «አስታማርዛዮ» ጋኤ።
2b14110122	የሱሳ ኢጎ፥ «ታ Ꮉጋ ታ አደጎ ከዝካይዘ ግሾ ታና አይክፐ። የዝን ታ እሹንꬃናን Ꮉንግ፥ ‹ታኒ ታ አደጎን ይን አደጎ፥ ታ ጾዘጎን ይን ጾዘጎ፥ ኬሳዳ ጋይዳ› ጋእ ኡንትስ ኦሆ» ያጋይዳ።
2b14120076	ማግደላ ማይራማ ላꬃ ብእዳኖን ኢስ ኤ ኦህዳኖ Ꮉንግ ኤ ታማሩንꬅስ ኦህዳ።
2b141300d7	ዎጋ ኦደ ኡጉረ፥ ኤ ታማሩንꬅ አይሁዱንꬅስ ዣሽቲ ፉርꬅቶ ጎርዲ ሺቂ በቴዝን፥ የሱሳ ይእ፥ ኡን ግዳ ኤቂ፥ «ሳሮ ይንትስ ማቀ» ያጋይዳ።
2b14140093	ይኖ ጋእ ማቂ ፋ ኩሽቶን ፋ ምልቶ ኡንታና ቤዝዳ። ኤ ታማሩንꬅ ላꬃ ብእደ ዎደ ጋማ ኡፋይትዳ።
2b1415009b	የሱሳ ማህ ኡንታጎ፥ «ሳሮ ይንትስ ማቀ፤ ታ አዳይ ታና ኪትዳንጋራ ታንን ይንታና ኪቶዳ» ያጋይዳ።
2b14160072	ይኖ ጋእዳንፓ ሱባ፥ ኡንታላ ኡፍ ጋእ ፉግዳ። ማህ፥ «ጌሽ አያና ኤኮተ።
2b14170099	ይን አቶ ጋይደ አስ ናጋርታ አቶ ጋእንቶዳ። ይን አቶ ጋይካይዘ ናጋርታ አቶ ጋይንቶስ» ያጋይዳ።
2b14180093	የዝን ታጶ ላምእ ታማሩንꬃፓ ፈተ፥ ዲዲሞሳ ጋእንትዘ ቶማሳ፥ የሱሳ የእዘ ዎደ ኡንታራ ባያ።
2b14190174	ይኒ ግሾ፥ Ꮉንኮ ኤ ታማሩንꬅ ቶማሳጎ፥ «ኑኒ ላꬃ ብእዳ» ያጋይዳ። የዝን ቶማሳ ኡንታጎ፥ «ምስማረራ ኤ ጫድንትደ ኤ ኩሽተ የዘ ቤቶ ብእካይዛራ ይና ቤቶ ታ ግልአራ ቦችካይዛራ፥ ማህ ታ ኩሽቶ ኤ ምልተ ዳኪ ብእካይዛራ አማኖስ» ያጋይዳ።
2b141a0102	ኦስፉን ቃማፓ ሱባ፥ የሱሳ ታማሩንꬅ ማህ ኬꬃ ሺቂ በትዳ፤ ቶማሳን ኡንታራ የሻ። ፉርꬅታ ጎርድንቲ የዝን የሱሳ ይእ፥ ኡን ግዳ ኤቂ፥ «ሳሮ ይንትስ ማቀ» ያጋይዳ።
2b141b00bf	ይንፓ ሱባ፥ የሱሳ ቶማሳጎ፥ «ታ ኩሽቶ ነ ግልእትራ ቦቺ ቦኦ። ማህ ነ ኩሽቶ ታ ምልተ ዳኪ ቦኦ፤ ሶእፐ፥ አማኖ» ያጋይዳ።
2b141c0046	ቶማሳ ማህ፥ «ታ ላꬃዮ፥ ታ ጾዛዮ» ያጋይዳ።
2b141d00a2	ዬዝን የሱሳ፥ «ነ ታና ብእደ ግሾ አማንዳ፥ የዝን ብእካይዛራ አማንዱንꬂ አንጅንትዱንꬃና» ያጋይዳ።
2b141e0073	የሱሳ ማጻፍተ ጻፍንትካይዘ መለ ጋማ ክሌ ባዝ ፋ ታማሩንꬅ ቲንተ ኦችዳ።
2b141f00b3	የዝን የሱሳ ኤ ክርስቶሳ፥ ጾዘ ናአ ማቅዛኖ ይን አማኖደ ጋራን አማኒ ኤ ሱንꬅተ ደኦ ደንጎደ ጋር Ꮉና ጻፍንትዳ።
2b150100b2	ይንፓ ሱባ፥ የሱሳ ጽባርዮሳ አባ ካለ ፋ ታማሩንꬅስ ማህ ቆንጭዳ። ኤ ኡንትስ Ꮉንፓ ካሊ የዘ Ꮉኖትꬃር ቆንጭዳ።
2b150200d6	ስሞን ጴጥሮሳ፥ ዲዲሞሳ ጋእንትዘ ቶማሳ፥ ቃና ጋልላፓ ይእደ ናትናኤላ፥ ዛብዶሳ ናኡንꬅን የሱሳ ታማሩንꬃፓ መለ ላምኡንꬅ ዎላ የነ።
2b150300f9	ስሞን ጴጥሮሳ ኡንታጎ፥ «ታ ሞሎ አይኮደስ ቅታነ» ያጋይዳ። ኡን፥ «ኑንን ኔራ Ꮉማዳ» ያጋእ፥ ጎንገ ግዳ ገልዳ። የዝን ኡን ይና ቃምተ አኮ ሞሎን አይክካያ።
2b1504009e	ዎንታ ጎዳ ጻልቀ ኬሳዳንፓ ቲኖ፥ የሱሳ አባ ጋጻ ኤቅዳ፥ የዝን ኤ ታማሩንꬅ የሱሳ ማቅዳኖ ኤርካያ።
2b15050090	የሱሳ ኡንታጎ፥ «ናኡንꬆ፥ አኮ ሙእዘ ባዝ የነ?» ጋይዳ። ኡን ማህ፥ «አኮን ባያ» ያጋይዳ።
2b1506011c	ኤ ማህ፥ «ይን ሞሎ አይክዘ ግተ ጎንግዘፓ ምዛቅ ዛላራ ኦሎተ፤ ሞሎ ይን አይኮዳ» ያጋይዳ። ይኒ ግሾ፥ ሞሎ አይክዘ ግቶ ምዛቅ ዛላራ ኦልዳ። ሞሎ ገሊ ኩምደ ግሾ ጎቺ ኬሶደስ ጋምዳ።
2b150700e1	የሱሳ ካዽዘ ታማርዘ ጴጥሮሳጎ፥ «Ꮉይኒ ላꬂ!» ያጋይዳ። ስሞን ጴጥሮሳ ኤ ላꬂ ማቅዳኖ ስእደ ዎደ ጋሪ ጋድደ ፋ ማእቶ ማእ አባ ግዳ ዶሊ ገልዳ።
2b150800b7	የዝን ጎንግተ አትደ Ꮉንኮ ታማሩንꬅ ሞሎ ኩምደ ግቶ ጎቺ፥ አባፓ ጋጻ ከዝዳ። ኡን አባፓ ላምእ ጼት Ꮉꬋ ፋና Ꮉክዳ።
2b15090067	ኡን አባፓ ጋጻ ከዝደ ዎደ ኬንቼሎ ታማ ቃቃ፥ ሞሎን ቦራን ብእዳ።
2b150a006d	የሱሳ ኡንታጎ፥ «Ꮉተ ይን አይክደ ሞልትፓ አነ ታስ ኮኦተ» ያጋይዳ።
2b150b00ef	ስሞን ጴጥሮሳ ጎንግተ ገሊ፥ ጼት እችንታም Ꮉይꬕ ዳማ ሞሎ አይክደ ግቶ ጎቺ አባፓ ጋጻ ከስዳ። ሞልታ ይኒ ጋር ጋማ ማቅኮን ሞሎ አይክደ ግቶ ፈርእካያ።
2b150c00e8	የሱሳ ኡንታጎ፥ «Ꮉንካ ይእ ዳይጸ ሞኦተ» ያጋይዳ። ኤ ላꬂ ማቅዳኖ ኡን ኤርደ ግሾ ኤ ታማሩንꬃፓ ፈትን፥ «ነ ኦደ?» ጋእ ኤዛ ኦጮደስ ሚንግደ ባያ።
2b150d0069	የሱሳ ይእ፥ ቦራ ኤኪ ኡንትስ እንግዳ፤ ሞሎፓን ይኒ ጋራ እንግዳ።
2b150e0061	የሱሳ Ꮉይቆፓ ደንዲ ፋ ታማሩንꬅስ በንትደ Ꮉንራ Ꮉይꬓንꬆ።
2b150f0166	ኡን ዳይጽቶ ሙእዳንፓ ሱባ፥ የሱሳ ስሞን ጴጥሮሳጎ፥ «ዮና ናአ ስሞና፥ ታና Ꮉን ሳፓ አꬂ ካꬋነ?» ያጋይዳ። ስሞን ጴጥሮሳ፥ «ዬ ላꬆ፥ ታ ነና ካꬍዛኖ ነ ኤራነ» ያጋይዳ። የሱሳ ኤጎ፥ «ታ ꬋንግዘ ዱሮ ናኡንꬃና ዬንጎ» ያጋይዳ።
2b151000fe	የሱሳ ላምእንꬃ፥ «ዮና ናአ ስሞና፥ ታና ካꬋነ?» ያጋይዳ። ስሞን ጴጥሮሳ፥ «ዬ ላꬆ፥ ታ ነና ካꬍዛኖ ነ ኤራነ» ያጋይዳ። የሱሳ፥ «ታ ዱሩንꬃና ዬንጎ» ያጋይዳ።
2b15110174	የሱሳ Ꮉይꬓንꬆ፥ «ዮና ናአ ስሞና፥ ታና ካꬋነ?» ያጋይዳ። የሱሳ Ꮉይꬓንꬆ ስሞን ጴጥሮሳጎ፥ «ታና ካꬋነ?» ያጋእ ኦጭደ ግሾ ጴጥሮሳ አዛኒ፥ «ላꬆ፥ ነ ኡባባዝቶ ኤራነ፤ ታ ነና ካꬍዛኖ ነ ኤራነ» ያጋይዳ። የሱሳ፥ «ታ ዱሩንꬃና ዬንጎ።
2b15120113	ታ ኔስ ቱሮ ቱሮ ጋነ፤ ነ ናአትꬃ የዘ ዎደ ነነስ ማእ፥ ነ ኮይዘ በሳ ቅታነ። የዝን ነ ጭንግደ ዎደ ነ ኩሽቶ ምጪ ቤሳዳ። መለ አስ ዳንጭሳዳ፤ ነ ካꬎኦሰ በሳ ካንጎዳ» ያጋይዳ።
2b151300dd	የሱሳ ይኖ ጴጥሮሳ አኮ ጋር Ꮉይቆ Ꮉይቂ፥ ጾዛ ቦንችሳድ የዛኮ ቤሳደስ ጋይዳ። ይኖ ጋይዳንፓ ሱባ፥ የሱሳ ጴጥሮሳጎ፥ «ታና ካሎ» ያጋይዳ።
2b151400ea	ጴጥሮሳ ሱባ ማቂ፥ የሱሳ ካዽዘ ታማርዘ ፋፓ ሱባራ የእዛኖ ብእዳ። የ ታማርዘ፥ ካዎ ሙእዘ በሳ የሱሳጎ ሺቂ፥ «ላꬆ፥ ነና አꬂ እማደ ኦደ?» ጋይዳያ።
2b1515006f	ጴጥሮሳ የ ታማርዛ ብእ፥ «ላꬆ፥ Ꮉይ አꬄ ዋያደ?» ያጋእ የሱሳ ኦጭዳ።
2b1516009a	የሱሳ ኤጎ፥ «ታ የኦደ ዎንꬅስ ኤ ሸምፖራ የሳደ ጋር ታ ኮይኮ፥ ነና አኮ ማ? ነ ታና ካሎ» ያጋይዳ።
2b15170114	ይኒ ግሾ፥ የ ታማርዘ Ꮉይቆስ ጋዘ ኦሄ እሹንꬃና ኡባ የልዳ። የዝን የሱሳ፥ «ታ የኦደ ዎንꬅስ፥ ኤ ሸምፖራ የሳደ ጋር ታ ኮይኮ ነና አኮ ማ?» ጋይዳፕ አትን «Ꮉይቆስ» ጋይካያ።
2b15180098	Ꮉና ኦህት ባዝ ማርክꬍዳይን Ꮉኖ ጻፍደ የ ታማርዘ ኤዛ። ኤ ማርካትꬅታን ቱሮ ማቅዳኖ ኑ ኤራነ።
2b151900d4	የሱሳ ኦችደ መለ ጋማ ባዝ የነ። ታ ቆፕን፥ ኡባ ባዝ ፈተ ፈተ ኦማራ ጻፍንትዛኮ፥ ጻፍንትዘ ማጻፍትስ አላመ ጋዶደስ በሲ ማቃዳ አዞስ።
2c00000016	ሐዋሩንꬅ ኦቻ
2c01010126	ተዎፍሎሳ፥ የሱሳ ፋ ኦችቶ አይክደ ዎደፓ ሳሎ ቅቶደ ዎደ የሎደስ፥ ኦችዳኖን ታማርስዳኖን ኡባ ታኒ ታ ቲኖ ማጻፍተ ጻፍዳ። ሳሎ ኬሳዳንፓ ቲኖ ኤ ፋ ዶርደ ሐዋሩንꬃና ጌሽ አያናራ ኪትዳ።
2c010300c6	ኤ ፋ ማꬍትፕ ሱባ Ꮉይቆፓ ደንድዳኖ ደኦ ማቂ ኡንትስ ፋና ቤዝዳ። ኦይታም ቃማ ኡንትስ በንቲ ጾዘ ካእቱሞ ኡንታና ታማርስዳ።
2c010400f2	ፈቲ ኦደ ኡንታራ ዎላ ሙእተራ ኡንታና Ꮉንጋር ጋእ ኪትዳ፦ «ታ ይንትስ ኦህደ፥ ታ አዳይ እንጎዳ ጋይደ ኡፋይስ ቃልቶ ናጎተፕ አትን የሩሳላመፓ ኬዝፐተ።
2c0105009f	አኮስ ጋይኮ፥ ዋሐንሳ Ꮉꬃራ ጻማቅዳ፥ የዝን ኤራꬅ ዎደፓ ሱባ ጌሽ አያናራ ይን ጻማቅንቶዳ» ጋይዳ።
2c01060095	ኡንትን ዎላ ሺቅደ ዎደ፥ «ላꬆ፥ እስራኤሉንꬅስ ካእቱምቶ ነ ማሆደ ዎድታ Ꮉኖ?» ያጋእ ኦጭዳ።
2c01070092	የሱሳ ኡንታጎ፥ «ታ አዳይ ፋ አደትꬅ ዎልቂተ ኦችዘ ዎድቶን በርቶን ይን ኤሮደስ ዳንዳኦስ።
2c010800f1	የዝን ጌሽ አያና ይንታላ ዎꬍደ ዎደ ይን ዎልቃ ኤኮዳ። የይዝ ማቂ፥ የሩሳላመ፥ ይሁዳ ሳአ ኡባ፥ ሳማራን ሳአ ጋጻ የሎደስ ይን ታስ ማርካ ማቃዳ» ጋይዳ።
2c0109008f	ይኖ ጋይዳንፕ ማቂ ኡን በእዝን፥ ꬎቅ ꬎቅ ጋእ፥ ሳሎ ከዝን ꬎነ ኤዛ ኡን ኣፍትፓ ጌንꬅዳ።
2c010a0095	የሱሳ ቅቶደራ ኡን ሳሎ ማህ በአደራ፥ ቦꬅ ማኦ ማእደ ላምእ አሱንꬅ ቲርካይዝን ኡን ካለ ኤቂ፥
2c010b00b5	«ጋልላ አሱንꬆ፥ ሳሎ ብእተራ፥ ይን አኮስ ኤቅዶተ? Ꮉይ ይን በእዝን ሳሎ ቅትደ የሱሳ ይኒ ፋና ማቂ የኦዳ» ጋይዳ።
2c010c00a7	ይንፓ ማቂ፥ ሐዋሩንꬅ ሻማሄ ደርዘፓ የሩሳላመ ማቅዳ። ሻማሄ ደርዘ የሩሳላመስ ፈቲ ክሎ መትረ ፋና የነ።
2c010d015b	ኡን የሩሳላመ ገሊ፥ ፋ የዘ ፎቀ ኬꬅትላ ከዝዳ። ኡንትን፦ ጴጥሮሳ፥ ዋሐንሳ፥ ያይቆባ፥ እንድራሰ፥ ፍልጶሳ፥ ቶማሳ፥ ባርቶሎምዮሳ፥ ማቶሳ፥ እልፍዮሳ ናአ ያይቆባ፥ ፋ ሳእትስ ይቅስንትዘ ስሞናራ ያይቆባ ናአ ይሁዳ።
2c010e00a4	Ꮉን ስ ኡቡንꬅ ማቹንꬃራ፥ የሱሳ እንታ ማይራምራን የሱሳ እሹንꬃራን ኡባ ፈቲ ዎዝና ማቂ ምንꬂ ዎሳነ።
2c010f0094	የ ዎደ ጴጥሮሳ ጼት ላምእታም ማቃደ አማንዘ አሱንꬅ ሺቅደ በስተ ደንዲ ኤቂ፥ Ꮉንጋር ጋይዳ፦
2c011000b5	«አሱንꬆ፥ የሱሳ አይክዱንꬃና ካልꬅደ ይሁዳባዝ ጌሽ አያና ቲኖ ዳዉተ ዶንተ ኦህደ ጾዘ ቃልታ ፎልንቶደስ ቤዛነ።
2c01110051	ይሁዳ ኑራ ዎላ Ꮉና ኦችቶ ኦቾደስ ዶርንትደ አስ።»
2c011200cc	የዝን ይሁዳ ፋ ገነ ኦችትራ ደንግደ ሚሸራ ጋደ ዎንግዳ። ኤ ቲኖር ጉጱንቲ ጎልእን፥ ኤ ሳዝታ ፌꬍንትዳ፤ ኤ መርቅታ ዉልእንትዳ።
2c011300bc	ይሁዳላ አፋ Ꮉንዳኖ የሩሳላመ የዘ አስ ኡቡንꬅ ስእዳ። ይኒ ግሾ፥ ይና ሳእቶ ፋ ዶናራ አኬልዳማ (ሱꬅ ጋደ) ጋእ ጼግዳ።
2c011400b6	«ይናን ማዝሙረ ማጻፍተ፥ «ኤ ኬꬅታ Ꮉሪ አቶ፤ ኦደን እዘ የዝፐ። ማህ ‹ኤ ሹማትꬅቶ መለ ኤኮ› ጋእንት ጻፍንትዳ።
2c0115006a	«ይኒ ግሾ፥ ላꬄ የሱሳ ኑ ግዳ ዉቲ Ꮉንትደ ዎደ ኡባ ኑራ የዙንꬃፓ፥
2c011600e0	ማህ ጻማቅዘ ዋሐንሳ ዎድትፓ አይኪ ላꬄ የሱሳ ሳሎ ከዝደ ዎደ የሎደስ ኑራ የዙንꬃፓ ፈቲ አስ ኤ ደንድትስ ኑራ ማርካ ማቃደስ ቤዛነ» ያጋይዳ።
2c0117009b	ይኒ ግሾ፥ አሱንꬅ ዶርትስ ኢዮስጦሳ ጋዘ ባርሳባሳ ጋእንትዘ ዮሴፋን ማትያሳ ላምኡንꬃና ሺሽዳ።
2c0118009e	ይንፓ ሱባ፥ ጾዝ ዎስተራ፥ «አስ ኡባ ዎዝና ኤርዘ ላꬆ፥ Ꮉንꬅ ላምኡንꬃፓ ነ ኦና ዶረዛኮ ኑና ቤዞ።
2c01190085	ይሁዳ ፋ በሳ ቅቲ፥ አሽደ ኦችተ ሐዋረትꬅ ኦቻ ኤኮደ ጋር Ꮉን ሳፓ ኑስ ሻጎ» ጋይዳ።
2c011a0088	ኡንትስ እጻ ኦልዳ። እጽታን ማትያሳስ ዎꬍን ማትያሳ ታጶ ፈቲ ሐዋሩንꬃላ ጉጅንትዳ።
2c02010071	ጰንጠቆስጠ ጋዘ ቃማ የልደ ዎደ አማንዙንꬅ ኡባ ዎላ ፈቲ በሳ ሺቂ የነ።
2c02020083	ቆፕካይዝን ዳማ ቶኪ ኤኪ ቅቶደ ፋና የዘ ባቆ ጉሚ ሳሎፓ ይእ ኡን የዘ ኬꬅተ ኩምዳ።
2c02030090	ማህ ታማ ሎጸ ፋና አዝዘ ልሳኑንꬅ ኡንትስ በንትዳ፥ ሻክንት ሻክንት ኡን ኡቡንꬃላ በትዳ።
2c020400b9	ኡን ኡቡንꬅ ጌሽ አያናራ ኩሚ ዱማ ዱማ ዶናራ ኦህንቶደ ፋና ጌሽ አያና ኡንትስ ኦሆደ ፋና እንግዳንጋር ኦሄ አይክዳ።
2c02050081	የ ዎደ ሳሎፓ ኦሞራ የዘ ሳአ ኡባፓ ይእደ ጾዝ ዣሽትዘ አይሁዱንꬅ የሩሳላመ የነ።
2c0206008f	ይና ኦꬅቶ ስእደ ዎደ ጋማ አስ ሺቅዳ። አማንዘ አሱንꬅ ኡን ፋ ዶናራ ኦህንቶደራ ስእደ ግሾ
2c02070074	ጋዉደ ባዝ ꬋብን ጋማ ቆፒ፥ «Ꮉንꬅ ኦህንትዘ አሱንꬅ ኡባ ጋልላ አስ ባነ?
2c0208007d	ዬዝን፥ ኑኒ፥ ኑ የልንትደ ጋደ ዶናር ኡን ኦህንቶደራ ዋይዝ ስኦደስ ዳንዳእዶ?
2c0209008a	ኑኒ ጳርተ፥ ሜዶና፥ ኤላመን፥ መስጴጦምያ፥ ይሁዳ ግዳ፥ ቃጳዶቅያ፥ ጳንጾሳ፥ እስያ፥
2c020a009a	ጵርገ፥ ጵንፍለ፥ ግብጸ፥ ቃረና ካለ የዘ ሊብያ ዎራዳ የዙንꬃና። ኑፓ ባጉንꬅ ሮመፓ ይእደ አስ።
2c020b00d9	አይሁዱንꬅን አይሁዱንꬅ አማኖ ገልደ አሱንꬅ፥ ቃርጼሳን አራበ አሱንꬅ፥ ጾዚ ኦችደ ዳማ ኦችቶ ኑ ዶናር ኦህንቶደራ ኑ ስእነ» ያጋይዳ።
2c020c0075	ኡቡንꬅ ጋማ ቆፒ፥ ጋኦደባዝ ꬋብን ዎልጎ፥ «ዪእ Ꮉኖ አኮ ጋዉደ?» ጋይዳ።
2c020d0070	የዝን መሉንꬅ፥ «Ꮉን ስ ካጽካይዘ ዎይነ ኡዢ ማꬅንትዳ» ያጋእ ለቂዳ።
2c020e00f9	የዝን ጴጥሮሳ፥ ታጶ ፈቲ ሐዋሩንꬃራ ደንዲ ኤቂ፥ ፋ ቃልቶ ꬎቅ ዪዚ፥ ኡንታጎ Ꮉንጋራ ያጋእ ኦህዳ፦ አይሁዱንꬆ፥ የሩሳላመ የዘ ኡቡንꬆ፥ ታ ኦህዛኖ ስኦተ።
2c020f00aa	ዎንታፓ Ꮉይꬕ ሳተ ማቅደ ግሾ ይን ቆፕዛንጋራ Ꮉንꬅ አሱንꬅ ማꬅንትካያ፤ ይና ይን አቻ ኤርንትደባዝ ማቆ።
2c02100058	የዝን Ꮉና Ꮉንዳና ናበ እዩኤላ ኦህዳና ፎልንቶደ ፋና።
2c0211012a	«‹ጾዚ፥ ዎደ ዉርሱꬅተ Ꮉንጋራ Ꮉኖዳ ያጋነ፦ ታኒ አስ ኡባላ ታ አያና ጉሶዳ። ይን ꬊራꬅ ናኡንꬅን ማች ናኡንꬅ፥ ትንቢተ ኦሆዳ። ይን ይꬉንꬅ ቆንጭꬅ በአዳ፤ ይን ጭሙንꬅ አቡኮ አቡኮዳ።
2c0212009b	ይና ዎድተ ታና አማንዘ ꬊራꬅ አሩንꬃላን ማች አሩንꬃላ ታ ታ አያንቶ ጉሶዳ፤ ኡን ትንቢተ ኦሆዳ።
2c0213008d	ማህ ታኒ አፋ ሳሎ ክሌ ባዝ፥ ዬካ ሳአ ማላ ቤሳዳ። ሱꬅ፥ ታማን ዳማ ጩጋ ቃይቃዮ በንቶዳ።
2c02140081	ዳማን ቦንቾ ማቅደ ላꬄ ዎደ፥ የሎዳንፓ ቲኖ አዋ ꬉሞዳ፤ አግናን ሱꬅ ፋና ይኦዳ።
2c0215006f	ይና ዎድተ Ꮉንጋራ ይኦዳ፤ ላꬄ ሱንꬅቶ ጼግዘ ኦደን አቶዳ› ያጋይዳ።
2c021600e9	«እስራኤለ አሱንꬆ፥ Ꮉና ቃልቶ ስኦተ። ናዝረተ የሱሳ ኦና የዛኮ፥ ጾዚ ይን ግዳ ኦችደ ክለ ባዝን ማላን ይንትስ ቆንጭዳኖ ይን፥ ይን ኦምተ ኤራነ።
2c021700af	ጾዘ ቲኖ ቆፍተን ኤ ኤርቲ ባጋራ የሱሳ አꬊ እንግንትዳ። ይንትን ኤዛ ህገ ባይዙንꬅ ኩሸ ማስቃላላ ሱጺ ዎꬍዳ።
2c0218007d	የዝን Ꮉይቆ ኤዛ አይኮደስ ዳንዳኦሰ ግሾ ጾዚ Ꮉይቆ ዎልቃ ꬋብሲ ኤዛ ደንꬅዳ።
2c02190093	ዳዉተ ኤ ባዝ ኦህተራ፥ «‹ታኒ ታናመ ፋና፥ ላꬂ ታ ምዛቅተ የነ። ላꬃ ኡባ ዎደ ታ ቲኖ በእነ።
2c021a009d	ይኒ ግሾ፥ ታ ዎዝንታ ኡፋይትዳ፤ ታ እልአንꬅተ ኡፋይስ ኩምዳ፤ Ꮉይቅዘ ታ አሽታ ኡፋይሳራ የሳዳ።
2c021b006e	አኮስ ጋይኮ፥ ታ ሸምፕቶ ስኦለ ግዳ አሾስ። ማህ ነ ጌሻ ዎቃስ አሾስ።
2c021c007b	ነ ታና ደኦ ኦገ ኤርስዳ፤ ነ ታራ የዛንፓ ታ ኡፋይስታ ኩሙꬅ ማቃነ› ያጋይዳ።
2c021d00b5	«እሹንꬆ፥ ኑ አዳይ ዳዉተባዝ ታ ይንትስ ጌሽ ኦሆዳ። ዳዉተ Ꮉይቂ ሞግንትዳ፤ ኤ ቦዝታ Ꮉይኖ የሎደስ ኑ ካለ የነ።
2c021e0099	ዳዉተ ናበ ማቅደ ግሾ ጾዚ ኤ ናኡንꬃፓ ፈታ ኤ ካእቱሞ አራታላ በትꬆደስ ኤስ ጫቂደ ጫቅቶ ኤራነ።
2c021f009d	ይኒ ግሾ፥ ክርስቶሳ ደንድቶ ቲኖ ብእ፥ ‹ኤ ሸምፕታ ስኦለ በንታማኖን፤ ኤ አሽታ ዎቃማኖ› ኦህዳ።
2c0220005d	«ጾዚ፥ Ꮉያ የሱሳ Ꮉይቆፓ ደንꬅዳንስ ኑኒ ኡቡንꬅ ማርካ።
2c022100e0	ይኒ ግሾ፥ ጾዘ ምዛቅ ዛላራ ኤዛ ꬎቅ ꬎቅ ዪዚ፥ ኤስ እንጎዳ ጋእንትደ ጌሽ አያን አደፓ ኤኪ፥ Ꮉኖ ይን Ꮉተ በእዛኖን ስእዛኖ ኑላ አፋ ጉስዳ።
2c02220100	አኮስ ጋይኮ፥ ዳዉተ ፋ ኦምተ ሳሎ ከዝካያ የዝን፦ «ላꬂ፥ ታ ላꬃ፥ ‹ታ ነ ሞርኩንꬃና ነ ቶህታ የꬍዘ በሲ ማሆደ ዎንꬅስ Ꮉነ ታፓ ምዛቅ ዛላ በቶ ጋይዳ› ያጋይዳ።
2c022400bc	«ይኒ ግሾ፥ Ꮉይ ይን ማስቃላላ ሱጽደ የሱሳ፥ ጾዚ ላꬅን ክርስቶሳ ማህዳኖ እስራኤለ አስ ኡቡንꬅ ቱርፕ ኤሮ» ያጋይዳ።
2c022500d9	አሱንꬅ ጴጥሮሳ ጋእዳኖ ስኤዘ ዎደ ፋ ዎዝንተ አዛኒ ቦችንቲ ጴጥሮሳን Ꮉንኩንꬅ ሐዋሩንꬃጎ፥ «እሹንꬆ፥ ዬዝን ኑኒ አኮ ኦቾ?» ያጋይዳ።
2c022600f5	ጴጥሮሳ ኡንታጎ፥ «ይን ናጋርታ አቶ ጋእንቶደ ጋር ናጋርትፓ ማቂ፥ ይን ፈተ ፈተ የሱስ ክርስቶሳ ሱንꬅተ ጻማቅንቶተ። ጾዚ እንግዘ ጌሽ አያና እሞ ኤኮዳ።
2c022700b1	ጾዚ እንጎዳ ጋይደ ኡፋይስ ቃላ ይንትስ፥ ይን ናኡንꬅስን ላꬂ ኑ ጾዛይ ፋጎ ጼግዘ Ꮉኮ የዘ ኡቡንꬅስ» ያጋይዳ።
2c022800b9	ጴጥሮሳ ኡንትስ መለ ቃላን ጉጂ ማርክꬊ፥ «Ꮉንꬅ ዎቦ አሱንꬃላ ዮኦደስ የዘ ፍርዳፓ ይን ኦምቶ አሾተ» ያጋእ ዞርዳ።
2c02290092	ጴጥሮሳ ኦህዳኖ ኤክዱንꬅ ጻማቅንትዳ። የ ዎደ Ꮉይꬕ ሙኩል ማቃደ አሱንꬅ አማኒ ጉጁንትዳ።
2c022a007c	ኡን ሐዋሩንꬅ ትምርተራ፥ ፈተትꬃራ፥ ዎላ ካꬃ መኤራን ጾዝ ዎሳራ ሚንግ የነ።
2c022b0070	ሐዋሩንꬅ ኩሸ ጋማ ክለ ባዝን ማላ ኦችንትዘ ግሾ አሱንꬅ ኡባ ዣሽትዳ።
2c022c006b	አማንዘ ኡቡንꬅ ፈትላ የነ፤ ፋስ የዘባዝቶን ኡባ ፈትላ ግሽንታነ።
2c022d0063	ኡን ፋስ የዘባዝቶ ባይዝ ብርቶ ፈተስ ፈተስ ኮሽደ ፋና ግሻነ።
2c022e009e	ኡባ ዎደ ፈቲ ዎዝናራ ማቂ ጾዘ ኬꬃ ሺቃነ። ፋ ኬꬃን ፈተ ፈታ ጼጊ ኡፋይሳራን ሎኦ ዎዝናራ ካꬃ ሙነ።
2c022f0087	ጾዛ ጋላትተራ አስ ኡባ ግዳ ናሽንትዳ። ላꬂ አትዘ ሸምፖ ቃምተ ቃምተ ኡንታላ ጉጃነ።
2c03010073	ፈቲ ኦደ ጴጥሮሳን ዋሐንሳን ጾዝ ዎሶደስ ኡዱፉን ሳተ ጾዘ ኬꬃ Ꮉንግዳ።
2c030200da	የልንትዳንፓ ደንዲ ቶሄ ዎቦ ማቅደ ፈቲ አስ ጾዘ ኬꬃ ገልዘ አሳፓ ሙጻታ ዎሶደ ፋና ኡባ ዎደ ሎኦ ጋዘ ጾዘ ኬꬅትስ ፉርꬅተ ቶኪ ክእ ጋዳነ።
2c03030080	የ አꬄ ጴጥሮሳን ዋሐንሳን ጾዘ ኬꬅተ ገሎደስ የኦደራ ብእ ኡንታና ሙጻታ ዎስዳ።
2c0304005d	ኡንትን ኤዛ ዳኪ ብእ፥ ጴጥሮሳ «ኑና Ꮉንካ ቦኦ» ያጋይዳ።
2c03050057	ቶሄ ዎቦ አꬄ ኡን አኮ ባዝ እማዳ አዝን ኡንታና ብእዳ።
2c030600ee	የዝን ጴጥሮሳ ኤጎ፥ «ታስ ብራን ዎርቃን ባያ፥ የዝን ታስ የዛኖ ታ ኔስ እንጎዳ። ናዝረተ የሱስ ክርስቶሳ ሱንꬅተ ደንዲ ጎደን Ꮉንካን የꬎ» ያጋይዳ።
2c03070080	ይንፓ ማቂ፥ ኤ ምዛቅ ኩሽቶ አይኪ ደንꬅዳ። ኤልሲ ኤ ቶህታን ቅልችታን ምንግዳ።
2c030800cc	አꬃይ ዶሊ ደንዲ ኤቅዳ። ጎደን Ꮉንካን የ አይክዳ። ይንፓ ማቂ፥ የꬍተራ፥ ዶልተራን ጾዝ ጋላትተራ ኡንታራ ዎላ ጾዘ ኬꬃ ገልዳ።
2c03090052	ኤ የꬎደራ ጾዝ ጋላቶደራን አሱንꬅ ኡባ ኤዛ ብእዳ።
2c030a00b1	ብእደ ኡባ ሙጻታ ዎሶደስ ሎኦ ጋዘ ጾዘ ኬꬃ ፉርꬅተ በትደ ኤዛ ማቅዳኖ ኤርዳ፤ ኤ Ꮉንዳኖ ብእ ጋማ ቆፋራ ኩምዳ።
2c030b00bf	አꬃይ ጴጥሮሳፓን ዋሐንሳፓን ዱጾስ ጋእ አይኪ የዝን አሱንꬅ ኡባ ጋማ ቆፒ፥ ሶሎሞና ፉርꬅ ጋዘ በሳ ዎላ ኡንታጎ ይእዳ።
2c030c013c	ጴጥሮሳ አሱንꬃና ብእደ ዎደ አሱንꬃጎ፥ «እስራኤለ አሱንꬆ፥ አኮስ Ꮉነ ጋማ ቆፐተ? ዎይ አኮስ ኑና ዳኪ በኤተ? ኑኒ ኑ ዎልቃራ ዎይ ኑ ጾዝ ዣሽትደ ግሾ Ꮉይ አꬃ ፋ ቶሄር የꬎደ ጋር ዪሳዳ ይንትስ አዛነ?
2c030d0112	አብራሃማ፥ ይሳቃ፥ ያይቆባ ጾዘ፥ ኑ አዱንꬅ ጾዘ፥ ፋ ናአያ የሱሳ ቦንችዳ። የዝን ይን Ꮉይቆስ አꬂ እንግዳያ ጵላጦሳ ብሎደስ ኮይን ይን ኤ ቲኖ፥ ‹ኑ ኤዛ ኮዮስ› ያጋይዳ።
2c030e0097	ይን ጌሽዛን ጽልዛን፥ ‹ኑ ኤዛ ኮዮስ› ጋእ፥ ሸምፖ ዎꬍዳያ ይንትስ ብሎደ ጋር ጵላጦሳ ዎስዳ።
2c030f007a	ደኦ እንግዛያ ይን ዎꬍዳ፥ የዝን ጾዚ Ꮉይቆፓ ኤዛ ደንꬅዳ። ይንስ ኑ ማርካ።
2c031000d4	Ꮉይ ይን በእዘን ኤርዘ አꬄ ፋጺ ሚንግዳና የሱሳ ሱንꬅተ አማንዳነ። Ꮉይ ይን ኡቡንꬅ ቲንተ ኤዛ Ꮉንጋር ፋꬅደ ኤ የሱሳ አማንደ ግሾ።
2c03110087	«Ꮉተን ታ እሹንꬆ፥ ይንትን ይንታና ካልꬅዙንꬅ ጋር፥ ኤርካይዛራ ኦችዳኖ ታ ኤራነ።
2c031200ad	የዝን ጾዚ ዛጋ ናቡንꬅ ኡቡንꬅ ዶንተ፥ ‹ክርስቶሳ ማꬋ ኤኮደስ ቤዛነ› ያጋይዳኖ ይእ ፎልንቶደ ፋና ኦችዳ።
2c0313006d	ይኬ፥ ጾዚ ይን ናጋርቶ አቶ ጋዉደ ጋር ማሮትꬅ ገሎተን ላꬃጎ ማቆተ።
2c0314009b	ላꬄ ካለፓ ምንꬅꬅዘ ዎደ ይንትስ የኦደ ፋና ጾዚ ኤዛ ቲንꬊ ዶርደ ክርስቶስ የሱሳ ይንትስ ዳኮዳ።
2c031500a0	ጾዚ ፋ ጌሽ ናቡንꬅ ዶንተ ዛጋ ኦህዳን ጋር ኡባ ባዝ ክልꬎደ ዎደ የሎደስ የሱሳ ሳሎ ጋምኦደስ ቤዛነ።
2c03160097	ሙሴ፥ ‹ላꬂ ጾዚ ታና ደንꬅዳን ጋር ይን ግዳ ፋ ይንትስ ናበ ደንꬆዳ። ይን ኤ ጋዛኖ ኡባ ስኦተ።
2c0317006d	የ ናብዘ ኦህዛኖ ስኦሰ አꬄ ኦደን አስ ግዳፓ ሻክንት ꬋቦዳ› ጋይዳ።
2c03180061	«ማህ ሳሙኤላፓ አይኪ የዘ ናቡንꬅ ኡባ ይና ቃምትባዝ ኦህዳ።
2c031900db	ይን ናቡንꬅ ናኡንꬃና፤ ማህ ጾዚ አብራሃማስ፥ ‹ሳአ የዘ አስ ኡባ ታ ነ ኮችት ባጋር አንጆዳ› ጋእ ኑ አዱንꬅስ ጫቆ ቃላ ላቶደ ናኡንꬃና።
2c031a0098	ጾዚ ይንታና ኡባ ይን ኢታ ኦግትፓ ማህ አንጆደ ፋና ፋ ናአያ ደንꬂ ይንትስ ቲኒ ዳክዳ» ያጋይዳ።
2c040100bd	ጴጥሮሳን ዋሐንሳን አሱንꬅስ ኦሆደራ ካህኑንꬅ Ꮉላቁንꬅ፥ ጾዘ ኬꬅቶ ናግዙንꬅ Ꮉላቅዘን ሳዱቃዉንꬅ ኡንታጎ ይእዳ።
2c04020093	ኡን የሱሳ Ꮉይቆፓ ደንድዳኖን ኤ ባጋራ Ꮉይቆፓ ደንዶ የዛኖ አሱንꬃና ታማርስደ ግሾ ካጭዳ።
2c0403007d	ይኒ ግሾ፥ ኡንታና አይኪ ሳእታ ኡጉርደ ግሾ ዎንቶደ ዎንꬅስ አች ኬꬃ ገልꬅዳ።
2c04040092	የዝን ቃላ ስእዱንꬃፓ ጋሙንꬅ አማንዳ። አማንደ ꬊራꬅ አሱንꬅ ፋይድታ እችን ሙኩል የልዳ።
2c0405007d	ዎንትꬅት ኦደ ጋደ አህዙንꬅ፥ ጭሙንꬅን፥ ህገ አስታማሩንꬅ የሩሳላመ ሺቅዳ።
2c040600b8	የንꬅ አሱንꬅ ግዳ ካህኑንꬅ Ꮉላቅዘ ሃናን፥ ቃያፋ፥ ዋሐንሳ፥ እስክንድሮሳን ካህኑንꬅ Ꮉላቃ እግኑንꬅ ኡባ የነ።
2c0407009a	ጴጥሮሳን ዋሐንሳን ፋ ቲንተ ኤስ፥ «አኮ ዎልቃራ ዎይ ኦደ ሱንꬅተ Ꮉኖ ይን ኦችዶ?» ያጋእ ኦጭዳ።
2c0408005d	የ ዎደ ጴጥሮሳ ጌሽ አያናር ኩሚ፥ «አህዙንꬆን፥ ጭሙንꬆ፥
2c04090088	Ꮉይኖ Ꮉይ ቶሄ ዎቦ አꬄስ ኦችንትደ ሎኦ ኦችትስን ኤ ዋይዝ ፋጸዛኮ ይን ኑና ቁርችኮ፥
2c040a0102	ማስቃላላ ይን ሱጽን፥ ጾዚ Ꮉይቆፓ ደንꬅደ ናዝረተ የሱስ ክርስቶሳ ሱንꬅተ Ꮉይ አꬄ ፋጺ ይን ቲንተ ኤቅዳይ ይንትስን እስራኤለ አስ ኡቡንꬅስ ኤርንትደባዝ ማቀ።
2c040b00a3	«ይን ‹ኬጽዙንꬅ ለቂ እጽደ ሹችዘ፥ ኬꬅ ማይዘነስ ኦማን፥ ኡባፓ አꬍዘ ሹች ማቅዳ፤ የ ሹችዘ የሱሳ።›
2c040c00ec	ይኒ ግሾ፥ አቶትꬅ ኤ ባጋራፕ አትን መለ ኦደ ባጋራን ይእካያ። ኑ ኤ ሱንꬅተ አቶደ ጋር አስ ኡባስ ጾዚ ሳሎፓ ኦሞራ እንግደ መለ ሱንꬅ ባያ» ያጋይዳ።
2c040d00dc	ሺቅደ አሱንꬅ ጴጥሮሳን ዋሐንሳን ቆንጭዝ ኦህዳኖ ብእደ ዎደ ኡን ታማርካይዘ ጨር አስ ማቅዳኖ ቆፒ ጋማ ናሽዳ፤ ኡን የሱሳራ የዛኖ ኤርዳ።
2c040e007c	ማህ ፋጽደ አꬄ ጴጥሮሳራን ዋሐንሳራ ኤቅዳኖ አሱንꬅ ብእን ጋዉደ ባዝ ꬋብዳ።
2c040f0056	የዝን ጴጥሮሳን ዋሐንሳን ባለ ኬሳደ ጋር ዪዚ ፋ ግዳ፥
2c041000c6	«Ꮉንꬅ አሱንꬃላ ኑ አኮ ኦቾ? ኡን ኩሽተ ኦችንትደ ዳማ ክለ ባዝ የሩሳላመ የዘ ኡቡንꬅስ ቆንጭዳ። ኑ ይኖ አቾደስ ዳንዳኦስ።
2c041100cf	የዝን Ꮉና ኦህታ አስ ግዳ ዳልጋመ ጋር ይኬፓ Ꮉንꬅ አሱንꬅ የሱሳ ሱንꬅተ ሙሎን ኦሃመ ፋናን ታማርሳመ ፋና ካዮዳ» ጋእ ዞርንትዳ።
2c04120073	ኡንታና ጼጊ፥ የሱሳ ሱንꬅተ ይኬፓ ኦሃመ ጋር ዎይ ታማርሳመ ጋር ኪትዳ።
2c041300cc	የዝን ጴጥሮሳን ዋሐንሳን ኡንታጎ ማህ፥ «ጾዘስ ኪትንቶዳንፓን ይንትስ ኪትንቶዳንፓ ጾዘ ቲኖ አና ሎኦ የዛኮ አነ ይን ፍርዶተ።
2c0414006c	ኑ ብእዳኖን ስእዳኖን ኦህካይዛራ ስእ ጋዉደስ ዳንዳኦስ» ያጋይዳ።
2c041500e0	ጭሙንꬅን ዎርዣ አህዙንꬅ ቲኖስትፓ ምንꬂ ካጪ ኡንታና ዳኪ አሽዳ። አሱንꬅ Ꮉንዳንስ ጾዝ ጋላቲ ቦንችደ ግሾ ኡንታና ፍርዶደስ ዳንዳእካያ።
2c04160065	ይና ክለ ኦችተ Ꮉርግትፓ ፋጽደ አꬄስ ላይꬅታ ኦይታማፓ አꬋነ።
2c041700bb	ጴጥሮሳን ዋሐንሳ ብልንቲ አማንዘ ባጉንꬃጎ Ꮉንግ፥ ካህኑንꬅ Ꮉላቁንꬅን ጭሙንꬅ ፋጎ ጋይደባዝ ኡባ ኡንትስ ኦህዳ።
2c041800ce	ኡን ይኖ ስእደ ዎደ ፈቲ ዎዝና ማቂ ጾዛ Ꮉንጋራ ያጋእ ዎስዳ፦ «ኡባ አህዘ ላꬃዮ፥ ሳሎ፥ ሳአ፥ አባን ኡን ግዳ የዛኖ ኡባ መꬍዳዮ፥
2c041900bc	ኔኒ ነ አርዘ፥ ኑ አዳይ ዳዉተ ዶንተ ጌሽ አያናራ፥ «አይሁደ ማቆሱንꬅ አኮስ ዙዝንግዶ? ዎርዡንꬅ አኮስ ጨር ዞርንትዶ?
2c041a0077	ሳአ ካቱንꬅን ዎርዣ አህዙንꬅ ዎላ ላꬄላን ትዥንትደላን ደንድዳ ያጋይዳ።
2c041b00e0	«ቱሮን፥ ሄሮድሳን ጰንጠ ጵላጦሳ አይሁደ ማቆሰ አሱንꬃራን እስራኤለ አሱንꬃራ ነ ትዥደ ነ ጌሽ ናአይ የሱሳላ ደንዶደስ Ꮉና ካታምተ ሺቅዳ።
2c041c0073	ማህ ኔኒ ነ ዎልቃራን ነ ቆፋር ኦቾዳ ጋእ ቆፒ በትደ ባዝ ኡባ ኡን ፎልዳ።
2c041d00a0	Ꮉተን ላꬆ፥ ኡን ማንድዛኖ ቦኦ፤ ኑኒ ነ አሩንꬂ ነ ቃልቶ ኩሙꬅ ዎዝናር ኦሆደ ጋር ኑስ ዎልቃ እንጎ።
2c041e00c8	ነ ጌሽ ኦቻንችዘ የሱሳ ሱንꬅተ Ꮉርግንትዙንꬃና ፋꬆደስ፥ ክለ ባዝን ጋማ ቆፍዘ ባዝ ኦችንቶደ ጋር ነ ኩሽቶ ምጮ» ጋእ ዎስዳ።
2c041f00b0	ኡን ጾዝ ዎስዳንፓ ሱባ ኡን ሺቅደ በስታ ኤንእዳ። ኡን ኡቡንꬅ ግዳ ጌሽ አያና ኩምን ጾዘ ቃልቶ ቆንጭዝ ኦህዳ።
2c042000ce	አማንዙንꬅ ኡቡንꬅ ቆፋራን ዎዝናራን ፈቶ ማቅዳ። ኡን ፋስ የዘ ባዝ ኡባ ታ ባዝ ጋእ ኦሆስ። የዝን ፋስ የዛኖ ኡባ ዎላ ማድንታነ።
2c042100ad	ሐዋሩንꬅ ላꬄ የሱሳ Ꮉይቆፓ ደንድዳኖ ዳማ ዎልቃራ ማርክꬋነ። ጾዚ ኡን ኡቡንꬅስ ዳማ አꬎ ኬሃትꬅ እንግዳ።
2c04220099	ጋደ ማቅን ኬꬂ የዘ ኡባ ባይዝ ብርቶ ዎላላ ጋዳነ። ይኒ ግሾ አማንዙንꬅ ግዳ ማꬍꬍዘ ፈትን ባያ።
2c04230087	ብርቶ ክእ ሐዋሩንꬅስ እንጋነ፤ ይና ብርቶ ፈተስ ፈተስ ኮሽደ ፋና ሻኪ ሻኪ እንጋነ።
2c042400c1	ቆጵሮሳ ጋዘ በስተ የልንትደ ዮሰፋ ጋዘ ሌወ ኮቻፓ ማቅደ ፈተ የነ። ኤ ሱንꬅቶ ሐዋሩንꬅ ባርናባሳ (ምንꬅꬅዘ ናአ) ጋይዳ።
2c04250065	ባርናባሳ ፋስ የዘ ጋድቶ ባይዝ ብርቶ ክእ ሐዋሩንꬅስ እንግዳ።
2c05010053	ፈቲ ሀናንያ ጋዘ አꬄ ፋ ማችታ ሳጲርራ ጋደ ባይዝዳ።
2c0502007c	ይና ባይዝደ ብርትፓ ፋ ማችታ ኤርዝን አሺ፥ አትዳኖ ክእ ሐዋሩንꬅስ እንግዳ።
2c050300c0	የዝን ጴጥሮሳ ሀናንያጎ፥ «ነ ጌሽ አያና ጭሞደ ጋራን ጋድቶ ባይዝደ ብርትፓ ሻኪ አሾደ ጋር ጻላሄ ነ ዎዝንተ አኮስ ገልዶ?
2c05040134	ኔኒ ባይዞዳንፓ ቲኖ ጋድዘ ነባዝ ባነ? ማህ ነ ባይዝ ማቅንን ሚሽታ ነባዝ ባነ? ዬዝን፥ ይኒ ጋርዘ ባዝ ኦቾደስ አኮስ ነ ዎዝንተ ቆፕዶ? ነ ጾዝ ቲኖ ዎርድꬍዳፕ አትን አስ ቲኖ ዎርድꬍካያ» ያጋይዳ።
2c0505007d	ሀናንያ ይና ቃልቶ ስእደ ጋር ጎልእ Ꮉይቂዳ፤ ይኖ ስእደ ኡቡንꬅ ዳማ ዣሽትዳ።
2c0506004f	ናአትꬁንꬅ ደንዲ ኤ አህቶ ዚꬊ ጻጺ ካንግ ሞግዳ።
2c05070076	Ꮉይꬕ ሳተፓ ሱባ ሀናንያ ማችታ ይኖ ኤርካይዛራ ጴጥሮሳ የዘ በስተ ገልዳ።
2c050800d2	ጴጥሮሳ ኢጎ፥ «ይን ጋድቶ ይና ብርትስ ጋማቲ ባይዝዳተ? አነ ታስ ኦሆ» ያጋይዳ። እዛን፥ «ዬ፥ ይና ብርትስ ጋማቲ ባይዝዳ» ያጋይዳ።
2c050900ef	ጴጥሮሳ ማችቶ፥ «ኔራን ነ አዝንዘራ ላꬄ አያና ፋታኖደስ አኮስ ዞርንትዶተ? ይኬ፥ ነ አዝንዛ ሞግደ አሱንꬅ ባለ የነ፤ ነናን ኡን ባለ ከሶዳ» ያጋይዳ።
2c050a00c3	ማችታ ኢራ ጴጥሮሳ ቶህት ካለ ጎልእ Ꮉይቂዳ፤ ሻካኑንꬅ ገልዘ ዎደ Ꮉይቂዳኖ ደንግ ባለ ኬሲ፥ እ አዝንዘ ካለ ካንግ ሞግዳ።
2c050b0060	ኩሙꬅ ዎሳ ኬꬅታን ይኖ ስእደ መለ አሱንꬅ ኡባ ዳማ ዣሽትዳ።
2c050c00a8	ሐዋሩንꬅ ጋማ ቆፍዘ ባዝን ክሌ ባዝ አሱንꬅ ግዳ ኦችተር የነ። ኡቡንꬅ ፈቲ ዎዝናር ሶሎሞነ ፉርꬃ ሺቃነ።
2c050d0088	መለ አሳፓ ፈቲ አስን ኡንታር ማድንቶደስ ሚንግካያ፥ የዝን አሱንꬅ ኡንታና ቦንችዳ።
2c050e0063	አማንዘ ꬊራꬁንꬅን ማቹንꬅ ፋይድታ ቲኖስትፓ ጋንግተ ቅትዳ።
2c050f00dd	ይኒ ግሾ፥ አሱንꬅ Ꮉርጋንቹንꬃና ሻንቻፋራን አልጋራ ቶኪ ጴጥሮሳ አꬍዘ ዎደ ኤ ዳሽታ ኡንታፓ ፈተላ ፈተላ ዳሾደ ጋር ኦገ ዶና ኬሲ ጋዳነ።
2c051000c0	ማህ ጋማ አሱንꬅ የሩሳላመ ካለ የዘ ካታማፓ Ꮉርግንትዙንꬃና ቱና አያና ዋይꬅዘ አሱንꬃና ኤኪ የእነ፤ ኡቡንꬅን ፋጻነ።
2c0511007b	ካህኑንꬅ Ꮉላቅዘን ኤራ የዘ ሳዱቃዉንꬅ ኡባ እጸራ ኩሚ ሐዋሩንꬃላ ደንድዳ።
2c05120041	ሐዋሩንꬃና አይኪ ዎርዣ አች ኬꬃ ኦልዳ።
2c0513006a	የዝን ላꬂ ኪታንቾ ቃማ አች ኬꬃ ፉርꬅቶ ቡጊ ሐዋሩንꬃና ባለ ኬሲ፥
2c05140075	«Ꮉንግ፥ ጾዘ ኬꬃ ኤቂ Ꮉና ክለ ደኦ ቃልቶ አሱንꬅስ ኡባ ኦሆተ» ያጋይዳ።
2c0515013d	ሐዋሩንꬅ ይኖ ስእደ ዎደ ዎንታ ጎዳ ጾዘ ኬꬃ ገሊ ታማርሰ አይክዳ። ካህኑንꬅ Ꮉላቅዘን ኤራ የዙንꬅ ይእ፥ እስራኤለ ጭሙንꬃና ኡባ ጼጊ ሺሺ ሐዋሩንꬃና ፋ ቲኖ ኮኦደ ጋር ዎታዳሩንꬃና አች ኬꬃ ኪትዳ።
2c05160085	የዝን ዎታዳሩንꬅ አች ኬꬅተ Ꮉንግ ሐዋሩንꬃና ደንግካያ። ሱብ ማቂ ይእ አሱንꬃጎ፥
2c0517010c	«ኑ Ꮉንግዘ ዎደ አች ኬꬅት ፉርꬅታ ምንꬂ ጎርድንትን፥ ናግዙንꬅ ፉርꬅተ ኤቅዱንꬃና ደንግዳ። የዝን ኑ ፉርꬅቶ ቡግዘ ዎደ ግዳ መለ አቶ የዝን ፈቲ አስን ባያ» ያጋይዳ።
2c051800b6	ይኒ ግሾ፥ ጾዘ ኬꬅተ ዎታዳሩንꬃና ኪትዘ ካህኑንꬅ Ꮉላቁንꬅ ይኖ ስኤዘ ዎደ «ሐዋሩንꬃላ አኮ Ꮉንዶ?» ጋእ ታውዳ።
2c051900b7	የ ዎደ ፈቲ አስ ኡንታጎ ይእ፥ «ይኬ፥ ይን አጭደ አሱንꬅ ጾዘ ኬꬅተ ኤቂ አሱንꬃና ታማርሳነ» ያጋእ ኡንትስ ኦህዳ።
2c051a00ec	ጾዘ ኬꬅተ ዎታዳሩንꬃና ኪትዘ ፋ ዎታዳሩንꬃራ Ꮉንግ ሐዋሩንꬃና ክእዳ። የዝን ኡን ፋና አሱንꬅ ሹቻራ ꬎጎዳ ጋእ ዣሽትደ ግሾ ኡንታና አዳሽ ክእዳ።
2c051b007e	ኡን ሐዋሩንꬃና ክእ፥ ሺቅደ ሻንጉንꬅ ቲንተ ኤስን ካህኑንꬅ Ꮉላቅዘ ኡንታጎ፥
2c051c0107	«ይንታና ኑኒ የ አꬄ ሱንꬅተ ታማርሳመ ጋር ምንꬂ ኪትካነ? ይኬ፥ ይን ትምርትቶ የሩሳላመ ካታማ ኡባ የልꬅዳ። የ አꬄ ሸምፕትስ ኑና ጋልሳደስ ኮያነነ?» ያጋእ ኦጭዳ።
2c051d009c	ጴጥሮሳራን Ꮉንኮ ሐዋሩንꬃራ ኡንትስ ማህተ፥ «ኑኒ አስስ ኪትንቶዳንፓ ጾዝስ ኪትንቶደስ ቤዛነ።
2c051e0066	ማስቃላላ ይን ሱጺ ዎꬍደ የሱሳ ኑ አዱንꬅ ጾዘ Ꮉይቆፓ ደንꬅዳ።
2c051f00d5	እስራኤሉንꬅ ናጋራፓ ማቃደ ጋራን ኡን ናጋርታ አቶ ጋእንቶደ ጋር ጾዚ የሱሳ አህዛያን አሽዛያ ማህ ቦንቾራ ፋፓ ምዛቅ ዛላር በትꬅዳ።
2c05200085	ይንስ ኑ ማርካ፤ ማህ ጾዘ ፋና ኪትንትዙንꬅስ እንግደ ጌሽ አያናን ማርካ» ያጋይዳ።
2c0521006f	ሺቅደ አሱንꬅ ይኖ ስኤዘ ዎደ ዳማ ዥልꬊ፥ ሐዋሩንꬃና ዎꬎደስ ቆፕዳ።
2c052200e7	የዝን አስ ኡባ ግዳ ዳማ ቦንችንትደ፥ ህገ አስታማረ ማቅደ፥ ጋማልያለ ጋዘ ፈቲ ፋርሳዉዘ ደንዲ ኤቂ ሐዋሩንꬃና ኤራꬅ ጎደ ባለ ከሶደ ጋር ኪትዳ።
2c052300aa	ይንፓ ሱባ፥ ሺቅደ አሱንꬃጎ፥ «እስራኤለ አሱንꬆ፥ Ꮉንꬅ አሱንꬃላ ይን ኦቾደስ ቆፕደ ባዝትፓ ናግንቶተ።
2c05240114	አኮስ ጋይኮ፥ Ꮉንፓ ቲኖ ተዎዳሳ ፋና፥ ‹ታ ዳማ› ጋእ ደንድን፥ ኦይዲ ጼት ማቃደ አሱንꬅ ኤራ ዎላ ማቅዳ። የዝን ኤዛ ዎꬍን ኤዛ ካልዘ ኡቡንꬅ ላንትን ፋꬆሰ አስ ማቂ አትዳ።
2c052500eb	ይንፓ ሱባ፥ አሱንꬅ ፋይድንትደ ዎደ ጋልላፓ የዘ ይሁዳ ደንዲ ጋማ አሱንꬅ ፋና ካሎደ ጋር ዪዝዳ፥ የዝን ኤዛ ዎꬍን ኤዛ ካልዘ አሱንꬅ ኡባ ላንትዳ።
2c052600db	Ꮉተን ታ ይንትስ ኦህነ፤ Ꮉንꬅ አሱንꬃፓ ሻግንቶተ፤ ኡንታና ቦችፐተ። አኮስ ጋይኮ፥ Ꮉና ቆፍቶን Ꮉና ኦችቶ አስ ኦችዘባዝ ማቅኮ ꬋቦዳ።
2c05270139	የዝን Ꮉና ቆፍታን Ꮉና ኦችታ ጾዛፓ ይእደባዝ ማቅኮ፥ ይን ኡንታና ꬋብሶደስ ዳንዳኦስ። ቱርፓ ይን ጾዛራ ካጭንትተራ በንታመ ፋና» ያጋእ ኦህዳ። ይኒ ግሾ፥ ሺቅደ አሱንꬅ ጋማልያለ ዞርዳኖ ኤክዳ።
2c052800c4	ሐዋሩንꬃና Ꮉንካ ፋጎ ጼጊ አላንጋራ ጋራፍዝዳ። ይንፓ ሱባ፥ ኡንታጎ፥ «የሱሳ ሱንꬅቶ ላምእንꬃ ኦህፐተ» ጋእ ብሊ ዳክዳ።
2c05290096	የሱሳ ሱንꬅት ግሾ ኡን ቦርንቴ ቤዘባዝ ማቅዳኖ ኤርዘ ግሾ ሻንጉንꬅ ቲኖፓ ኡፋይትተራ ከዝዳ።
2c052a008e	ኡን ኡባ ዎደ ጾዘ ኬꬃን አስ ኬꬃን የሱሳ ኤ ክርስቶሳ ማቅዳኖ ታማርሰን ሳባኬን አሽካያ።
2c06010194	የ ዎደ ካልዙንꬅ ፋይድታ ጋንግ ጋንግ Ꮉንጎደራ፥ ግርኬ ዶና ኦህንትዘ አይሁዱንꬅ ይሁዳ ግዳ የልንት የዘ አይሁዱንꬃላ ዙዝንግዳ። አኮስ ጋይኮ፥ ግርኬ ዶናራ ኦህንትዘ አይሁዱንꬅ፥ «አዋራስ እንግንትዘ ካꬅተ ኑ አዝኒ ባይዘ ማቹንꬅ ቆህንትዳ» ያጋይዳ።
2c06020093	ታጶ ላምእ ሐዋሩንꬅ ዎሳ ኬꬃ አስ ኡባ ጼጊ፥ «ኑ ጾዘ ቃላ ኦህዛኖ አሺ ካꬃ ሙዛና ኑስ ቤዞስ።
2c060300ce	ይኬ፥ እሹንꬆ፥ ሎኦ ኦቻራ፥ ጌሽ አያናራን ጭንጫትꬃራ ኩምደ ላፑን አሱንꬃና ይን ግዳፓ ዶሮተ፤ ኑኒ ኡንታና Ꮉና ኦችትስ ሹሞዳ።
2c0604006b	የዝን ኑኒ፥ ኡባ ዎደ ጾዝ ዎሳራን ቃላ ታማርሰራ ምንጎዳ» ያጋይዳ።
2c06050141	ሐዋሩንꬅ ኦህደ ኦህታ አሱንꬃና ኡባ ኡፋይስዳ። ይኒ ግሾ፥ አማኖን ጌሽ አያና ኩምደ እስጢፋኖሳ፥ ፍልጶሳ፥ ጵሮኮሮሳ፥ ንቃሮና፥ ጽሞና፥ ጳርሜናን አይሁደ አማኖ ገሊ ማቅደ አንጾክያ ንቆላዎሳ ዶርዳ።
2c0606006f	ኡንታና ሐዋሩንꬅ ቲኖ ኤስን፥ ሐዋሩንꬅ ኡንታላ ኩሸ ጋዲ ጾዝ ዎስዳ።
2c060700b8	ጾዘ ቃላ ዳልግተር Ꮉንግዳ። የሩሳላመ የዘ አማንዙንꬅ ፋይድታ ሎይꬂ ጋንግተር Ꮉንግዳ፤ ጋማ ካህኑንꬅን አማንዳ።
2c0608008a	እስጢፋኖሳ አꬎ ኬሃትꬃራን ዎልቃራ ኩሚ አሱንꬅ ግዳ ጋማ ቆፍዘ ባዝን ክለ ባዝ ኦቻነ።
2c060900df	አሮትꬃፓ ከዝደ አይሁደ ዎሳ ኬꬃ አሱንꬅ ቀሬናፓን እስክንድርያፓ ክልቅያፓን እስያፓን ይእደ ፈቲ ፈቲ አሱንꬅ ደንዲ እስጢፋኖሳራ ላልዳ።
2c060a007a	የዝን እስጢፋኖሳ ኦህተ የዘ ጭንጫትꬅቶን አያንዛ ኡን እጾደስ ዳንዳእካያ።
2c060b007e	ይና ዎድተ ኡን፥ «ሙሴን ጾዝን ኤ ጫሻደራ ስእዳ» ጋዘ ዎርዶ አሱንꬃና ደንꬅዳ።
2c060c00b9	ይኒ ጋር ዪዚ አሱንꬃና፥ ጭሙንꬃናን ህገ አስታማሩንꬃና ኤላ አፋ ደንꬅꬅዳ። እስጢፋኖሳ አይኪ ሻንጎ ቲኖ ካንግዳ።
2c060d0091	ኤላ አፋ ፋይድደ ዎርዶ ማርኩንꬅ፥ «Ꮉይ አꬄ Ꮉና ጌሽ ኬꬅቶን ሙሴ ህግቶን ማህ ማህ ጫዣነ።
2c060e00c2	ኤ፥ ‹Ꮉይ ናዝረተ የሱሳ፥ Ꮉና ጾዘ ኬꬅቶ ላሎዳ፤ ማህ ሙሴ ኑስ እንግደ ህግቶ ላሞዳ› ያጋዘ ዎርዶ ማርካ ኤስዳ» ያጋይዳ።
2c060f009b	ሻንጎ ሺቅተ በትደ አሱንꬅ ኡባና እስጢፋኖሳ ሎይꬂ በእዘ ዎደ ኤ ስንታ ኪታንቾ ስኖ ማቂ በንትዳ።
2c0701005f	ካህኑንꬅ Ꮉላቅዘ እስጢፋኖሳጎ፥ «Ꮉና ቱሮ?» ያጋእ ኦጭዳ።
2c070200e1	እስጢፋኖሳ፥ «ታ እሹንꬆን፥ ታ አዱንꬆ፥ ስኦተ! ኑ አዳይ አብራሃማ ካራነ የሳደስ Ꮉማዳንፓ ቲኖ ማሰጰጦምያ የሳደራ፥ ቦንቾ ጾዘ ኤስ ቆንጪ፥
2c0703006d	‹ነ ጋድትፓን ነ እግኑንꬃፓ ሻክንት ታ ነና ቤዘ ሳአ ቅቶ› ያጋይዳ።
2c070400c8	የ ዎደ አብራሃማ ካልዳዉያነ ጋደፓ ኬዚ ካራነ ሳአ የዝዳ። ኤ አዳይ Ꮉይቂዳንፓ ሱባ ጾዚ ኤዛ Ꮉና ሳእተ Ꮉተ ይን የዛነ ክእዳ።
2c0705010b	ኤ Ꮉና ጋድትፓ መለ አቶ የዝን ቶሄር የꬍዘ በስን አብራሃማስ እንግካያ። የዝን ናአ ኤስ ባይዘ ዎደ ጾዚ Ꮉና ሳእተ ኤስን ኤ ኮችትስ ላቶደ በሲ ማህ እንጎዳኖ ቃላ ገልዳ።
2c070600c4	ጾዚ አብራሃማጎ፥ ‹ነ ኮችታ መለ ሳአ ዛቆትꬃ የሳዳ፤ እዘ ኦይዲ ጼት በረ ኡን አሮ ማቂ አቆደ ፋናን ኡንእንቶደ ፋና ኦህዳ።
2c070700a9	የዝን ታ ነ ኮችቶ አህዘ ዎርዡንꬃላ ፍርዶዳ። ይንፓ ማቂ፥ ኡን ይና ጋድትፓ ከዚ Ꮉነ ታስ ጎይኖዳ› ጋይዳ።
2c0708012c	ጾዚ አብራሃማ ኮችታ ጋራዝንቶደ ጋር ኤራ ጫቅን፥ ይሳቃ የልንትደ ኦስፉንꬆ ቃምተ ጋራዝንትዳ። ይሳቃ ያይቆባ የልዳ፤ ማህ ያይቆባ ታጶ ላምእ ፋ ናኡንꬃና፥ ዛርቲ አደ ማቅዱንꬃና ጋራዝዳ።
2c0709007f	«ያይቆባ ናኡንꬅ ዮሰፋ እጺ ግብጸ ጋደ አሮተꬅስ ባይዝዳ፥ የዝን ጾዘ ኤራ የነ።
2c070a0103	ኤዛ፥ ኤ ማꬍት ኡባፓ ከስዳ። ግብጸ ካት ፋሮና ቲኖ ሳባን ጭንጫትꬅን ኤስ እንግዳ። ግብጸ ካት ዮሰፋስ ግብጸ ሳአን ፋ ኬꬅቶ ኡባ አሆደ ፋና አደትꬅ ዎልቃ እንግዳ።
2c070b00b2	«ግብጸን ካናነ ሳአ ኡባ ናየ ገሊ ጋማ አስ ዋይꬅዳ። የ ዎደ ኑ አዳይ ያይቆባ ናኡንꬅ ካꬃ ደንጎደስ ዳንዳእካያ።
2c070c0067	ያይቆባ ግብጸ ሳአ ካꬃ የዛኖ ስእ ኑ አዱንꬃና ቲኖ የይጋ ዳክዳ።
2c070d0089	ላምእንꬃ Ꮉንግተ ዮሰፋ ፋ እሹንꬅስ ፋና ኤርስዳ። ግብጸ ካትዘን ዮሰፋ ኮችቶ ኤርዳ።
2c070e00a2	ዮሰፋ ፋ አዳይ ያይቆባራን ፋ ካራ አሱንꬃና፥ ላፑን ታም እችን አሱንꬃና ፋጎ የኦደ ጋር ዳኪ ክእዝዳ።
2c070f005c	ያይቆባ ግብጸ ሳአ ዎꬍዳ፤ ኤዝን ኤ ናኡንꬅ እዘ Ꮉይቂዳ።
2c071000b4	ኡን አህታ ይና በስትፓ ሴኬመ ቶክንት Ꮉንግ፥ እዘ አብራሃማ ኤሞረ ናኡንꬃፓ ጋማ ብራራ ዎንግደ ቦዝተ ሞግንትዳ።
2c071100bb	«የዝን ጾዚ አብራሃማስ እማዳ ጋይዳኖ ፎልዘ ዎድታ የሎደስ ኡክደ ዎደ ግብጸ ሳአ የዘ ኑ አሱንꬅ ጋንግ ጋንግ Ꮉንግዳ።
2c07120056	ይንፓ ሱባ፥ ዮሰፋ ኤሮሰ መለ ካት ግብጸ ሳአ ካእትዳ።
2c071300a3	የ ካትዘ ኑ ኮችቶ ገኒ ኤራꬅ ናኡንꬅ Ꮉይቆደ ፋናን ኡንታና ባለ ኬሲ ኦሎደ ፋና ኑ አዱንꬃና ኡንእꬅዳ።
2c071400aa	«ይና ዎድተ ሙሴ የልንትዳ፤ ኤ ጾዘ ቲኖ ጋማ ሎኦ ብሻር የዘ ናአ። ፋ አዳይ ኬꬃ Ꮉይꬕ አግና የሎደስ ድጭዳ።
2c07150081	ሙሴ ካንግ Ꮉꬅ ጋጻ ጋድደ ዎደ ግብጸ ካት ናታ ደንግ ኤኪ ፋስ ናአ ማህ ኤዛ ድችዳ።
2c0716006c	ሙሴ ግብጹንꬅ ኤራትꬅ ኡባ ታማሪ ኦሄራን ኦቻራን ምንꬂ አስ ማቅዳ።
2c07170091	«ሙሴስ ላይꬅታ ኦይታም ኩምደ ዎደ ፋ እሹንꬃና፥ እስራኤሉንꬃና በአደስ ፋ ዎዝንተ ቆፕዳ።
2c071800a3	እስራኤሉንꬃፓ ፈታ ግብጸ አꬄ ቆሆደራ ብእ የ እስራኤለ አꬃ ማዲ፥ የ ቆህዛ ግብጸ አꬃ ዎꬊ ኩሸ ማህዳ።
2c07190085	ሙሴ ፋ እሹንꬃና ፋ ባጋራ ጾዚ አሾደስ ዪዛኖ ኡን ቲሮዳ ጋይዳ፥ የዝን ኡን ቲሪካያ።
2c071a00f5	«ዎንትስት ዎደ ላምእ እስራኤለ አሱንꬅ ፈተ ፈተራ Ꮉꬍንቶደራ ደንግ ኡንታና ጊግሳደስ ኮይ፥ ‹አሱንꬆ፥ ይን ዎልስ እሸ፤ አኮስ ፈተ ፈታ ቆሄ?› ያጋይዳ።
2c071b0071	«የዝን ፋ ላግዛ ቆህዘ ሙሴጎ፥ ‹ነና ኑላ አህዘ አስን ዳይና ማህደ ኦደ?
2c071c0078	ነ ኦማ ግብጸ አꬃ ዎꬍዳንጋራ ታና ዎꬎደስ ኮያነ?› ያጋእ ሙሴ ኡርቂ ዳክዳ።
2c071d0099	ሙሴ ይኖ ስእደ ዎደ ግብጸፓ በቲ ሚድያመ ሳአ በተ አስ ማቂ የዝተራ ላምእ ꬊራꬅ ናኡንꬃና የልዳ።
2c071e00bb	«ላꬄ ኪታንቾ ኦይታም በረፓ ሱባ ሲና ደረ ካለ የዘ አኮ ባይዘ ጋናሳ ዥልኦ ኩበ ግዳ ኤጽዘ ታማ ሎጸ ግዳ ሙሴስ በንትዳ።
2c071f007c	ሙሴ ፋ ብእዳነ ጋማ ቆፒ፥ ሎይꬂ በአደስ ዥልኦ ኩበ ካለ ሺቂ የዝን፥ ላꬄ ቃላ፥
2c072000c7	‹ታኒ ነ አዱንꬅ፥ አብራሃማ ጾዝ፥ ይሳቃ ጾዝ፥ ያይቆባ ጾዝ› ያጋእተራ ሙሴጎ ይእዳ። ሙሴ ዣሽሞራ ጎቂ በአደስ ዳንዳእካያ።
2c07210074	«ላꬂ ሙሴጎ፥ ‹ኔኒ ኤቅደ ሳእታ ጌሽ ማቅደ ግሾ ነ ቶህተ የዘ ጫምቶ ኬሶ።
2c072200e8	ታኒ ግብጸ የዘ ታ አሱንꬅ ማꬋራን ፍርዳራ ኡንእንትዛኖ ብእዳ። ኡን ኡፍቶ ስእ ኡንታና አሾደስ ዎꬍዳ። Ꮉተ Ꮉይጋ! ታ ነና ግብጸ ኪቶዳ› ያጋይዳ።
2c07230105	«እስራኤሉንꬅ Ꮉያ ሙሴ፥ ‹ነና ኑላ Ꮉላቃን ዳይና ማህደ ኦደ?› ያጋእ እጽዳኖ Ꮉይ አꬃ ዥልኦ ኩበ ግዳ ኤስ በንትደ ኪታንቹንꬅ ባጋራ Ꮉላቃን አሽዛ ማህ ጾዚ ኪትዳ።
2c072400eb	Ꮉይ አꬄ ሙሴ እስራኤሉንꬃና ግብጸፓ ኬሲ ጋማ ቆፍዘ ባዝን ክለ ባዝ ኦቺ ኡንታና ግብጸ ሳአ፥ ኤርተራ አባን፥ አኮ ባይዘ ጋናሳ ኦይታም በረ ካልꬅዳ።
2c072500c2	«Ꮉይ አꬄ እስራኤለ አሱንꬃጎ፥ ‹ጾዚ ታና ደንꬅዳን ፋና ይን ኮችቲ ግዳፓ ታ ጋር ናበ ይንትስ ደንꬆዳ› ጋይዳይ ኤዛ ሙሴ።
2c07260111	አኮ ባይዘ ጋናሳ ሺቅደ እስራኤለ አሱንꬃራ የዝዳይ፥ ኑ አዱንꬃራ የዝዳይ ሲና ደርዘላ ኤስ ኦህደ ኪታንቹንꬃራ የዝደ ሙሴ ኤዛ። የይዝ፥ ጾዘ ደኦ ቃላ ኑስ እንጎደስ ኤክዳ።
2c07270088	«የዝን ኑ ማይዙንꬅ ሙሴስ ኪትንቶደስ ካꬍካያ፤ ኤዛ እጺ ሱብ ግብጸ ማቃደስ አሙꬍዳ።
2c072800c8	ማህ አሮናን፥ ‹ኑና ካልꬅዘ ኤቁንꬃና ኑስ መꬎ። አኮስ ጋይኮ፥ Ꮉይኒ ኑና ግብጸፓ ክእደ ሙሴ፥ ዋየዛኮ ኑኒ ኤሮስ› ያጋይዳ።
2c072900c7	የ ዎደ Ꮉርና አዝዝ ኤቁንꬃና መꬍዳ። የንꬅ ኤቁንꬅስ ዣርሾ ዣርሺ ፋ ኩሽተ ኦችደ ኦችታ ኡን ቆፍት ፋና Ꮉንደ ግሾ ኡፋይትዳ።
2c072a0149	የዝን ጾዚ ኡንትስ ባንተ ማህዳ። ኡን ሳሎ ጾልንቶ ጎይኖደ ጋር ኡንታና ኦሊ አሽዳ። ናቡንꬅ ማጻፍተ፥ «‹እስራኤለ አሱንꬆ፥ ኦይታም በረ ኡባ አኮ ባይዘ ጋናስ ሳአ ሹክደ Ꮉርስን ዣርሽደ ዣርሽቶ ታስ ሺሽዳነ?
2c072b00eb	ይን፥ ይንትስ ጎይኖደስ ኬስደ ሞሎኬ ዱንካነ ረፋነ ጋእንትዘ ይን ኤቅዘ ጾልንቶ ምስለ ቱክዳ። ታ ይንታና ባብሎነፓ ጎደ ዳኮዳ› ጋእንት ጻፍንትዳ።
2c072c00a9	«ኑ አዱንꬅስ አኮ ባይዘ ጋናሳ ማርካ ዱንካነ የነ። ኤዛን ጾዚ ሙሴ ኪትዳንጋራን ኤዛ ቤዝዳንጋራን መꬍዳ።
2c072d0121	ማህ ኑ አዱንꬅ ይና ዱንካንቶ ፋ አዱንꬃፓ ኤኪ ጾዚ ቲኖ ባይእደ አይሁደ ማቆሰ አሱንꬅ ጋድቶ አይክደ ዎደ እያሱራ የይጋ ኤኪ ገልዳ። የ ዱንካንዛ ዳዉተ ዎደ የሎደስ ይና በስተ የዝዳ።
2c072e0076	ዳዉተ ጾዛፓ ናሽንትዳ። ማህ ያይቆባ ጾዘስ የሳደ ኬꬂ ኬጻደስ ጾዝ ዎስዳ።
2c072f0031	የዝን ኤስ ኬꬂ ኬጽደ ሶሎሞና።
2c07300079	«ማቅኮን፥ ኡባፓ ካታራ የዘ ጾዘ አስ ኬጽደ ኬꬃ የዞስ። ናብዘ ጋይዳን ጋር፥
2c073100b3	«‹ሳሎ ታስ አራታ፥ ሳአን ታ ቶህታ የꬍዘ በሲ። ዬዝን፥ ታስ ይን አኮ ጋርዘ ኬꬂ ኬጾደ? ዎይ ታ ሸምፕዘ በስታ አባ?
2c07320040	Ꮉኖ ኡባ ታ ኩሽተ መꬍካ?› ያጋይዳ ላꬂ።
2c073300df	«ይን ዋይደ ስኦሰ አሶ? ይን ዎዝንታ ጾዘ ቃላ ኤኮደስ አኮስ እጽዶ? ይን Ꮉይታ አኮስ ቱልዶ? ይን፥ ይን አዱንꬅ ጋር ኡባ ዎደ ጌሽ አያና እጻነ።
2c073400bc	ናቡንꬅ ግዳፓ ይን አዱንꬅ ባይእካይዘ ኦደ? ጽልዛይ ዮኦዳኖ ቲንꬊ ኦህዱንꬃና ዎꬍዳ። Ꮉተ ይን ኤዛ አꬂ እንግ ዎꬍዳ።
2c0735006a	ይን ኪታንቾ ኩሸፓ ጾዘ ህግቶ ኤክዳ፥ የዝን ኪትንትካያ» ያጋይዳ።
2c0736007e	ኡን ይኖ ስእደ ዎደ ፋ ዎዝንተ እስጢፋኖሳላ ጋማ ዥልꬊ፥ ፋ ዶንቶ ꬋእ ማንድዳ።
2c073700a8	የዝን እስጢፋኖሳ ጌሽ አያናራ ኩሚ፥ ሳሎ ኡደ ብእ፥ ጾዘ ቦንችቶን የሱሳ ጾዘ ምዛቅ ዛላራ ኤቅዳኖ ብእዳ።
2c07380084	«ይኬ፥ ታኒ ሳሎ ቡጉንትን፥ አስ ናአይ፥ ጾዘ ምዛቅ ዛላራ ኤቅዳያ ብእዳ» ያጋይዳ።
2c07390061	ፋ ቃልቶ ꬎቅ ዪዚ ዉይስተራ፥ ፋ Ꮉይቶ አይኪ ፈትላ ኤጎ ዎጽዳ
2c073a0099	ኤዛ ካታማፓ ጋጻ ኬሲ፥ ሹቻራ ꬎግዳ። ማርኩንꬅ ፋ ማእቶ ፈቲ ሳዉላ ጋዘ ናአትꬅ አꬄ ካለ ጋድዳ።
2c073b0085	እስጢፋኖሳ፥ «ታ ላꬆ የሱሳ፥ ታ ሸምፕቶ ኤኮ» ያጋእ ጼጎደራ ኡን ኤዛ ሹቻራ ꬎጋነ።
2c073c00ad	ቡንቁንቲ፥ ፋ ቃልቶ ꬎቅ ዪዚ፥ «ታ ላꬃዮ፥ Ꮉና ናጋርቶ ኡንትስ አቶ ጋኦ» ያጋይዳ። ይኖ ያጋእ ማቂ Ꮉይቂዳ።
2c080100fa	ሳዉላ እስጢፋኖሳ ዎ ቆፍተ ገልዳ። የ ዎደ የሩሳላመ የዘ ዎሳ ኬꬅተ ዳማ ባይኤ ደንድዳ። ሐዋሩንꬃፕ አትን አማንዘ ኡቡንꬅ ይሁዳ ሳአን ሳማራ ሳአ ላልንትዳ።
2c08020063	ፈቲ ፈቲ ጾዝ አሱንꬅ እስጢፋኖሳ ሞግዳ፤ ማህ ኤስ ዳማ ዬክዳ።
2c080300c2	የዝን ሳዉላ ዎሳ ኬꬅቶ ላሎደስ ኮያነ። ኡቡንꬅ ካራ ዉቲ ገሊ፥ አማንዘ ꬊራꬁንꬃናን ማቹንꬃና ጎቺ ኬሲ አች ኬꬃ ገልꬃነ።
2c0804004e	ላልንትደ አማንዙንꬅ ቅትደ በሳ ኡባ ቃላ ኦህነ።
2c0805005b	ፍልጶሳ ሳማራ ካታማ ገሊ ክርስቶሳ ባዝ አሱንꬅስ ኦህዳ።
2c08060092	ጋማ አሱንꬅ ፍልጶሳ ጋይዳኖ ስእደ ዎደን ኤ ኦችደ ክለ ባዝቶ ብእደ ዎደን ኤዛ አካኪ ስእዳ።
2c08070086	ቱና አያና ኡክ ጋማ አሱንꬃፓ ከዝዳ፤ ማህ ጋማ ቶሄ ጉንዱንꬅን ዎቡንꬅን ብልንትዳ።
2c08080041	ይና ካታምተ የዘ አሱንꬅ ዳማ ኡፋይትዳ።
2c080900b3	የዝን ስሞና ጋዘ ፈቲ አꬄ ይና ካታምተ የነ። ኤ፥ ታኒ ዳማ ጋእ ሳማራ አሱንꬃና ማርꬍተራ ጋማ ቆፍዝተራ ጋምእዳ።
2c080a0082	ኤራꬃፓ ዳማ የሎደስ የዘ አሱንꬃና ኡባ፥ «ዳማ ጾዘ ዎልቅታ Ꮉኖ» ጋእ ኤዛ ስእነ።
2c080b007d	ጋማ ዎደፓ አይኪ ማርꬍተራ ሳማራ አሱንꬃና ጋማ ቆፍዘ ግሾ አሱንꬅ ኤዛ ስእነ።
2c080c00bf	የዝን ፍልጶሳ ጾዘ ካእቱሞን የሱስ ክርስቶሳ ሱንꬅትባዝ ꬊራꬁንꬅስን ማቹንꬅስ ኦህን፥ ኡን ኤ ባዝ አማኒ ጻማቅንትዳ።
2c080d00b3	ማህ ስሞናን ፋ ኦምተ አማኒ ጻማቅንትዳ። ፍልጶሳር ዎላ Ꮉንግደ በሳ ኡባ ኦችንትዘ ዳማ ክለ ባዝ ብእ ጋማ ቆፕዳ።
2c080e00a3	የሩሳላመ የዘ ሐዋሩንꬅ ሳማራ አሱንꬅ ጾዘ ቃላ ኤክዳኖ ስእደ ዎደ ጴጥሮሳን ዋሐንሳን ኡንታጎ ዳክዳ።
2c080f0082	ጴጥሮሳን ዋሐንሳን Ꮉንግ፥ አማንዙንꬅ ጌሽ አያና ኤኮደ ጋር ኡንትስ ጾዝ ዎስዳ።
2c081000b7	አኮስ ጋይኮ፥ ሳማራ አሱንꬅ ላꬄ የሱሳ ሱንꬅተ ጻላላ ጻማቅንትዳፕ አትን ኡንታፓ ፈተላን ጌሽ አያና Ꮉጋ ዎꬍካያ።
2c08110077	የ ዎደ ጴጥሮሳን ዋሐንሳን ፋ ኩሽቶ ኡንታላ ጋድን፥ ኡን ጌሽ አያና ኤክዳ።
2c081200ba	ሐዋሩንꬅ ፋ ኩሽቶ ኡንታላ ጋድን፥ ኡንትስ ጌሽ አያና እንግንትዳኖ ስሞና ብእደ ዎደ ጴጥሮሳስን ዋሐንሳስ ሚሸ ክእ፥
2c0813009c	«ታንን ታ ኩሽቶ ጋድዘ ኡቡንꬅ ጌሽ አያና ኤኮደ ፋና Ꮉና አደትꬅ ዎልቅቶ ታስን እንጎያ» ያጋይዳ።
2c08140081	የዝን ጴጥሮሳ ኤጎ፥ «ነ ጾዘ እሞትꬅ ሚሸራ ኤኮደስ ቆፕደ ግሾ ነ ሚሽታ ኔራ ꬋቦ።
2c08150069	ነ ዎዝንታ ጾዘ ቲኖ ልከ ማቅካይዘ ግሾ ኔስ Ꮉነ ግሾ ዎይ እጻ ባያ።
2c081600a8	ይኬ፥ Ꮉና ነ ዎዝና ኢታትꬅት ግሾ ናጋርትፓ ማቆ። ነ ዎዝንተ የዘ ኢታ ቆፍቶ ጾዚ አቶ ጋዉደ ጋር ላꬃ ዎሶ።
2c0817006c	አኮስ ጋይኮ፥ ኔኒ ኢታ እጸራን ናጋራ አቻራ የዛኖ ታ በእነ» ጋይዳ።
2c08180078	ስሞና ማህ፥ «ይን ጋእዳንፓ ፈትን ታና የላመ ጋር ታስ ላꬃ ዎሶተ» ያጋይዳ።
2c081900b3	ጴጥሮሳን ዋሐንሳን ማርክꬍዳንፓን ላꬄ ቃላ ኦህዳንፓ ሱባ የሩሳላመ ማቅዳ። ሳማራ የዘ ጋማ ጉታ ዎንገለ ኦህዳ።
2c081a00c6	ላꬄ ኪታንቾ ፍልጶሳጎ፥ «ደንዲ የሩሳላመፓ ጋዛ ካንግዘ አኮ ባይዘ ጋናሳ ኦግዘራ Ꮉንጎ። ይና ኦግታ ዬካ ዛላራ የነ» ጋይዳ።
2c081b00b6	ፍልጶሳ ደንዲ ቅትዳ። ህንደኮ ጋዘ ቶጰ ካትስ እ ሚሽቶ ኡባ ናግዘ ቶጰ አስ የነ። ኤዝን ጎይኖደስ የሩሳላመ ይእዳ።
2c081c0073	ፋራ ጋረላ በቲ፥ የሩሳላመፓ ፋ ሳአ ማቅተራ ናበ ኢሳያሳ ማጻፈ ናባባነ።
2c081d0064	ጌሽ አያና ፍልጶሳጎ፥ «የ ጋርዘጎ Ꮉንግ ኤ ካለ ሺቆ» ያጋይዳ።
2c081e00ba	ዬዝን ፍልጶሳ ዎጺ Ꮉንግ የልዘ ዎደ ሞርንዘ ናበ ኢሳያሳ ማጻፈፓ ናባቦደራ ስእ፥ «ነ ናባብዛና ኔስ ገላነ?» ያጋይዳ።
2c081f00aa	ሞርንዘ «ታስ ኦህ ገልꬅዘ አስ ባይዝን ዋይዝ ገሎደ?» ያጋይዳ። ፋራ ጋርዘላ ኬዚ በቶደ ፋና ፍልጶሳ ዎስዳ።
2c082000e9	ሞርንዘ ናባብዘ ማጻፈ ክፍልዘ፥ «ኤ ዱሮ ፋና ሹክንቶደስ እዥንትዳ፤ ዱሮ ናአ ፋ እስንꬅቶ ሜድዙንꬅ ቲኖ ስእ ጋዛን ፋና፥ ኤዝን ፋ ዶንቶ ቡግካያ።
2c082100a9	ኤ ቶችንትዳ፤ ኤስ ጽሎ ፍርዳ ꬋብዳ። ኤ ደእታ Ꮉና ሳእትፓ Ꮉልእደ ግሾ ኤ የለቱንꬃፓ ኦኒ ኦሆደ?» ጋይዳ።
2c082200a3	ሞርንዘ ማህ ፍልጶሳጎ፥ «ናብዘ ኦባዝ ኦሄ? ፋ ባዝ ኦህነን ዎይ መለ አስ ባዝ ኦህነ? ታስ ኦሆያ» ጋይዳ።
2c08230081	ፍልጶሳ ማህ፥ ጾዘ ቃላ ይና በስትፓ አይኪ፥ የሱሳ ባዝ ኦህዘ ዎንገለ ኤስ ኦህዳ።
2c082400a1	ኡን Ꮉንግተር Ꮉꬅ የዘ በሳ የልዳ። ሞርንዘ፥ «Ꮉꬅ Ꮉኖ ቦኦ፤ ታ ጻማቅንታመ ፋና አኮ ካይዘ?» ጋይዳ።
2c082500cb	ፍልጶሳ ኤጎ፥ «ኔኒ ነ ኩሙꬅ ዎዝናፓ አማንኮ ዳንዳአነ» ጋይዳ። ኤ ማህ፥ «የሱስ ክርስቶሳ ጾዘ ናአ ማቅዳኖ ታ አማናነ» ጋይዳ።
2c08260086	ጋርዘ ኤቆደ ፋና ሞርንዘ ኪትን፥ ላምኡንꬅ ዎꬊ Ꮉꬃ ገልዳ፤ ፍልጶሳን ኤዛ ጻማቅዳ።
2c082700db	ኡን Ꮉꬅትፓ ጋጻ ከዝደ ዎደ ላꬄ አያና ፍልጶሳ ቆፕካይዝን ኤክዳ። ላምእንꬃ ሞርንዘ ፍልጶሳ ብእካያ፥ የዝን ፋ ኦግቶ ኡፋይትተር ቅትዳ።
2c08280088	ፍልጶሳ አዛጦነ በንትዳ። ማህ ቂሳርያ የኦደ ዎንꬅስ ካታማር ዉቲ ዎንገለ ማርክꬍዳ።
2c09010072	የ ዎደ ሳዉላ ላꬅ ታማሩንꬃና ዎꬎደስ ማንዲ ካህኑንꬅ Ꮉላቅዘጎ ቅትዳ።
2c090200e7	ላꬂ ኦግቶ ካልዘ ꬊራꬁንꬃናን ማቹንꬃና ደንግኮ፥ አጭተራ የሩሳላመ ኮኦደስ፥ ደማስቆ የዘ አይሁደ ዎሳ ኬꬅስ ዳብዳበ ጻፍንቶደ ጋር ኤዛ ዎስዳ።
2c0903008a	ኤ Ꮉንግ፥ ደማስቆ ካታማ የሎደስ ኡኮደራ፥ ቆፕካይዝን ሳሎፓ ዳማ ፎኦ ኤ ካንተ ፎእዳ።
2c09040072	ኤ ሳእተ ጎልእን፥ «ሳዉላ፥ ሳዉላ፥ አኮስ ታና ባይኤ?» ጋዘ ቃላ ስእዳ።
2c09050076	ሳዉላ፥ «ላꬆ፥ ነ ኦደ?» ያጋእ ኦጭዳ። «ታኒ፥ ነ ባይእዘ የሱሳ» ያጋይዳ።
2c0906007c	ላꬂ ኤጎ፥ «ደንዲ ካታማ ገሎ፤ ነ ኦቾደስ ኮሽዘ ባዝ እዘ ኔስ ኦሆዳ» ያጋይዳ።
2c090700a3	ሳዉላራ ኦግቶ Ꮉንዘ አሱንꬅ አኮን ኦህካይዛራ ኤቂ አትዳ። ኦꬅቶ ስእነ፥ የዝን ኦና የዛኮን ብእካያ።
2c090800b9	ሳዉላ ጎልእደ በስትፓ ደንዲ በእዘ ዎደ ኤ ኣፍታ ደንጋንጽዳ። ይኒ ግሾ፥ ኡን ኤ ኩሽቶ አይኪ ካልꬅ ዳማስቆ ገልꬅዳ።
2c0909006e	Ꮉይꬕ ቃማ የሎደስ ኤ በአደስ ዳንዳእካያ፤ አኮን ሙእካያ፤ ኡዥካያ።
2c090a00ce	ዳማስቆ ግዳ ፈቲ ሀናንያ ጋዘ የሱሳ ታማርዘ የነ። ላꬂ ቆንጭꬃራ፥ «ሀናንያ» ያጋእ ጼግዳ። ሀናንያ ማህ፥ «ታ ላꬆ፥ ዮ» ያጋይዳ።
2c090b00bc	ላꬂ ኤጎ፥ «ደንዲ ሞሎ ጋእንትዘ ኦግቶ Ꮉንግ፥ ይሁዳ ኬꬃ ሳዉላ ጋዘ ተርሰሰፓ የኤዘ አꬃ ኮዮ፤ ሳዉላ Ꮉተ ዎሳላ የነ።
2c090c00a4	ማህ ሀናንያ ጋዘ አꬄ ገሊ፥ ሳዉላ ላምእንꬃ በአደ ጋር ፋ ኩሽቶ ኤላ ጋዶደራ ቆንጭꬃራ ብእዳ» ያጋይዳ።
2c090d00a3	ሀናንያ ማህ፥ «ላꬆ፥ የሩሳላመ ነ ጌሽ አሱንꬃላ የ አꬄ አኮ ጋር ኢታ ባዝ ኦቼዛኮ ታ ጋማ አሳፓ ስእዳ።
2c090e00b2	ማህ ዳማስቆ ግዳ ነ ሱንꬅቶ ጼግዙንꬃና ኡባ አጮደስ፥ ካህኑንꬅ Ꮉላቁንꬅ ኤስ አደትꬅ ዎልቃ እንግዳ» ያጋይዳ።
2c090f0107	የዝን ላꬂ ኤጎ፥ «ሳዉላ አይሁደ ማቆሰ አሱንꬅ ቲኖ፥ ካቱንꬅ ቲኖን እስራኤለ አሱንꬅ ቲኖን፥ ታ ሱንꬅቶ ቶኮደስን ታስ ኦቾደስ ዶርንትደ ሚሸ ማቅደ ግሾ ነ ኤጎ ቅቶ።
2c09100084	አኮስ ጋይኮ፥ ታ ሱንꬅት ግሾ ኤ ዋንꬅ ማꬋ ኤኮደስ ኮሽዛኮ ታ ኤዛ ቤሳዳ» ያጋይዳ።
2c0911010a	ሀናንያ Ꮉንግ፥ ኬꬃ ገሊ፥ ፋ ኩሽቶ ሳዉላላ ጋዲ፥ «ታ እሸ ሳዉላ፥ ነ ይእዘ ኦግተ ኔስ በንትደ ኤ ላꬄ የሱሳ፥ ነ በአደ ጋራን ጌሽ አያናራ ኩሞደ ጋር ታና ኪትዳ» ጋይዳ።
2c091200a1	ኤልሲ፥ ሳዉላ ኣፍትፓ ፈቲ ቁሮ ፋና የዘ ባዝ ዎꬍን፥ ሳዉላ ላምእንꬃ ብእዳ። ማህ ደንዲ ጻማቅንትዳ።
2c09130069	ካꬃ ሙእ ምንግዳ። ዳማስቆ ግዳ የዘ ታማሩꬃራ ኤራꬅ ቃማ ጋምእዳ።
2c0914008c	ኤሊሲ ሳዉላ፥ «የሱሳ ጾዘ ናአ» ያጋእ ዳማስቆ ግዳ የዘ አይሁደ ዎሳ ኬꬃ ቃላ ታማርስዳ።
2c09150108	ይኖ ስእዘ ኡቡንꬅ ቆፒ፥ «Ꮉይ የሩሳላመ የሱሳ ሱንꬅቶ ጼግዙንꬃና ባይእዛያ ባነ? ማህ Ꮉይጋ ይእዳና ኡንታና አጪ፥ ካህኑንꬅ Ꮉላቁንꬅ ቲኖ ካንጎደስ ባነ?» ያጋይዳ።
2c091600e2	የዝን ሳዉላ ቃላ ኦሄራ ሚንግተር Ꮉንግዳ። የሱሳ፥ ኤ ክርስቶሳ ማቅዳኖ ቆንጭዝ ኦህደ ግሾ ዳማስቆ ግዳ የዘ አይሁዱንꬅ ኤስ ማሆደባዝ ꬋብዳ።
2c0917005e	ጋማ ቃማፓ ማቂ አይሁዱንꬅ ሺቂ፥ ሳዉላ ዎꬎደስ ዞርንትዳ።
2c091800aa	የዝን አይሁዱንꬅ ፋና ዎꬎደስ ቆፕዳኖ ሳዉላ ኤርዳ። ኡን ኤዛ ዎꬎደስ ቃማን አዋራን ካታማ ፉርꬅተ ናጋነ።
2c09190074	ማህ ኤ ታማሩንꬅ ኤዛ ቃማ ካንግ፥ ግምበ ጋሰ ዉሉንቀራ ኬሲ ዳቾራ ኬꬅዳ።
2c091a00d0	ሳዉላ የሩሳላመ የልደ ዎደ አማንዙንꬃራ የልንቶደስ ቆፕዳ። የዝን ኤ ክርስቶሳ አማንዳና ኡንትስ ቱሮ አዛንጽ እጽን ኤስ ዣሽትዳ።
2c091b0115	የዝን ባርናባሳ ሳዉላ ሐዋሩንꬃጎ ካንግዳ። ኦገ ላꬂ ዋይዝ ቆንጨዛኮን ኦህዘዛኮ፥ ማህ ሳዉላ ዳማስቆ ግዳ የሱሳ ሱንꬅተ ዣሽትካይዛራ ዋይዝ ቃላ ኦሄዛኮ ኡንትስ ጌሽ ኦህዳ።
2c091c0088	ሳዉላ የሩሳላመ ዉቲ ላꬄ ሱንꬅተ ዣሽትካይዛራ ቃላ ኦህተራ፥ ሐዋሩንꬃራ ዎላ የዝዳ።
2c091d008d	ማህ ሳዉላ ግርኬ ዶና ኦህዘ አይሁዱንꬃራ ኦህንት ላልዳ። የዝን ኡን ኤዛ ዎꬎደስ ኮይዳ።
2c091e0065	አማንዘ አሱንꬅ ይኖ ስእ፥ ሳዉላ ቂሳርያ ካንግ ተርሴሰ ዳክዳ።
2c091f00d8	ይሁዳ፥ ጋልላን ሳማራን ኡባ ግዳ የዘ ዎሳ ኬꬅታ ሳሮራ የዝዳ። ማህ ምንግዳ፤ ላꬅስ ዣሽትተር ጌሽ አያና ሚንꬅꬆደራ ጋንግተር Ꮉንግዳ።
2c09200059	ጴጥሮሳ ሳአ ኡባ ዉቲ ሊዳ የዘ አማንዘ አሱንꬃጎ የልዳ።
2c0921006b	እዘ ኦስፉን በረ ኩሙꬅ ዎቢ ዪꬃ ዎይእ የዘ ኤንያ ጋዘ አꬃ ደንግዳ።
2c092200ab	ጴጥሮሳ፥ «ኤንያ፥ የሱስ ክርስቶሳ ነና ፋꬆዳ፤ ደንዲ ነ ይꬅቶ ደንꬆ» ያጋይዳ። ኤዝን ኤልሲ ደንዲ ኤቅዳ።
2c0923005c	ሊዳን ሳሮናን የዘ አሱንꬅ ኡባ ኤንያ ብእ፥ ላꬃጎ ማቅዳ።
2c092400e6	እዮጰ ካታማ ፈቲ ጻብቶ ጋዘ አማንዛና የነ። (ጻብቶ ጋእንትዛና ገንኤ ጋእንተ) እዛ ፋ የዝደ ዎድተ ኡባ ሎኦ ባዝ ኦችተራን ዳሁንꬃና ማድተ የዝዳ።
2c09250077	የ ዎደ እዛ Ꮉርግንቲ Ꮉይቂን፥ አሱንꬅ እ አህቶ ሜጪ፥ ፎቀላ ኬሲ ዎይꬅዳ።
2c092600b7	ሊዳ እዮጰስ ካለ። አማንዙንꬅ ጴጥሮሳ ሊዳ የዛኖ ስእ፥ «ዎይአ ኑጎ ኤልሲ ዮኦ» ያጋዘ ኪታ ላምእ አሳራ ኤጎ ኪትዳ።
2c0927014f	ይኒ ግሾ፥ ጴጥሮሳ ደንዲ፥ ኡንታራ ቅትዳ። የይጋ የልን፥ ፎቀላ የዘ ክፍልተ ኤዛ ገልꬅዳ። አዝን ባይዘ ማቹንꬅ ጴጥሮሳ ካንተ ኤቂ ዬክተራ ዶርቃ ኡንታራ ፋጻ የዝተራ ማእደ ቃምስቶን አፉልቶ ኡባ ጴጥሮሳ ቤዝዳ።
2c092800eb	ጴጥሮሳ ኡንታና ኡባ ባለ ኬሲ፥ ቡንቁንቲ ጾዝ ዎስዳ። ማህ አህትጎ ማቂ፥ «ጣብተ፥ ደንዶ» ያጋይዳ። ጣብታ ፋ ኣፍቶ ቡጊ ጴጥሮሳ ብእ፥ ደንዲ በትዳ።
2c092900b1	ጴጥሮሳ እዞ ፋ ኩሽተ ካትዚ ደንꬂ ኤስዳ። ይንፓ ማቂ፥ አማንዙንꬃናን አዝኒ ባይዙንꬃና ጼጊ፥ ኡን ቲኖ ሺሽዳ።
2c092a0063	Ꮉና ኦህታ እዮጰ ካታማ ኡባ የልዳ። ጋማ አሱንꬅ ላꬃ አማንዳ።
2c092b005d	ጴጥሮሳ እዮጰ ስሞና ጋዘ ቆለ Ꮉሽዘ ካራ ጋማ ዎደ ጋምእዳ።
2c0a0100a6	ቂሳርያ፥ «ጣልያ ኦላ አሱንꬃና» ጋእንትዘ ኦልንትዙንꬅ ግዳ ፈቲ ቆርነልዮሳ ጋእንትዘ ማቶ Ꮉላቃ የነ።
2c0a0200a4	ቆርነልዮሳ ፋ ካራ አሱንꬃራ ጾዝ ጎይንዛን ዣሽትዘ አስን፥ ዳሁንꬃና ማዳነ፥ ማህ ኡባ ዎደ ጾዝ ዎሳነ።
2c0a0300a6	ፈቲ ዎደ ኡዱፉን ሳተ ኩምዝን ጾዝ ኪታንቾ ኤጎ ይእ፥ «ቆርነልዮሳ» ጋእ ጼጎደራ ኤ ቆንጭꬃራ ጌሽ ብእዳ።
2c0a0400ed	ቆርነልዮሳ ዣሽቲ ኪታንችዛ ዳኪ ሎይꬂ ብእ፥ «ላꬆ፥ ይና አኮ?» ያጋይዳ። ኪታንችዘ ማህ፥ «ነ ዎስታን ዳሁንꬃና ነ ማድዳና ጾዘ ቲኖ ቆፍንተስ የልዳ።
2c0a050055	Ꮉተ አሱንꬃና እዮጰ ዳኪ፥ ጴጥሮሳ ጋዘ ስሞና ክእዞ።
2c0a060062	ጴጥሮሳ አባ ጋጻ ቆለ Ꮉሽዘ ስሞና ካራ ዛቆተꬅ በትዳ» ጋይዳ።
2c0a0700b4	ቆርነልዮሳ ፋስ ኦህደ ኪታንችዘ ቅትን፥ ፋ አሩንꬃፓ ላምኡንꬃና ጾዝ ጎይንዘ ፋ ካለ የዘ ዎታዳሩንꬃፓ ፈታ ጼጊ፥
2c0a08002a	ኡንትስ ኦህ እዮጰ ኪትዳ።
2c0a0900a8	ዎንትስት ዎደ ኡን Ꮉንግ፥ እዮጰ ካታማ ኡኮደራ እዝፑን ሳተ ጋር የዝን ጾዝ ዎሶደስ ጴጥሮሳ ፎቀላ ከዝዳ።
2c0a0a007b	ኤ ናይꬊ ካꬃ ማደስ ኮይዳ፥ የዝን ካꬃ ካጾደራ ኤ አያናራ ማቂ ቆንጭꬅ ብእዳ።
2c0a0b007d	ሳሎ ቡጉንትን፥ ዳማ አፉላ አዝዘ ባዝ ኦይዲ ዛላራ አይክንቲ ዎꬎደራ ኤ ብእዳ።
2c0a0c0089	እዛ በስተ ኦይዲ ቶሄራ የዘ ጉርደ ጾꬅ፥ ሳዛራ ጎችንትዘ መ ትꬅን ሳሎ ላንዳ ኡባ የነ።
2c0a0d005f	የ ዎደ «ጴጥሮሳ፥ ደንዲ ኤቂ ሹኪ ሞኦ» ጋዘ ቃላ ኤጎ ይእዳ።
2c0a0e0069	የዝን ጴጥሮሳ፥ «ላꬆ፥ አደ! ታ ቱና ባዝ ሙሎን ሙእ ኤሮስ» ጋይዳ።
2c0a0f0068	ማህ፥ «ጾዚ ጌሽዳኖ ነ ቱና ጋእፐ» ጋዘ ቃላ ላምእንꬃ ኤጎ ይእዳ።
2c0a10007e	ይናን፥ Ꮉይꬕ ቶሄ ይእዳንፓ ማቂ የ ዳማ አፉላ አዝዘ ኤልሲ ኡደ ሳሎ ኤክንትዳ።
2c0a1100df	ጴጥሮሳ ፋ በኤዘ ቆንጭꬅት ብልꬅታ፥ «አኮ ማቃድ የሳ?» ጋእ ፋ ዎዝንተ ቆፖደራ፥ ቆርነልዮሳ ኪተዘ አሱንꬅ ስሞና ካራ ኦጪ ደንግ ባለ ኤቅዳ።
2c0a120081	ፋ ቃልቶ ኡን ꬎቅ ዪዚ፥ «ጴጥሮሳ ጋዘ ስሞና ዛቆትꬅ የዘ Ꮉነ የነ?» ያጋእ ኦጭዳ።
2c0a13008e	ጴጥሮሳ ቆንጭꬃራ ብእዳኖ ታዎደራ፥ ጌሽ አያና ኤጎ፥ «Ꮉይቼ፥ Ꮉይꬕ አሱንꬅ ነና ኮያነ።
2c0a14006e	ደንዲ ዎꬎ፥ ታ ኡንታና ኪተዘ ግሾ ሶእካይዛራ ኡንታራ ቅቶ» ያጋይዳ።
2c0a15006d	ጴጥሮሳ አሱንꬃጎ ዎꬊ፥ «ይን ኮይዘ ታና፤ አኮስ ይእዶተ?» ያጋይዳ።
2c0a16014d	ኡን ማህ፥ «ኑና ማቶ Ꮉላቅዘ ቆርነልዮሳ ኪትዳ። ኤ ጽሎ፥ ጾዝ ጎይንዘ አስን አይሁደ አሱንꬅ ግዳ ኡባ ጋማ ቦንችንትደ አስ። ቆርነልዮሳ፥ ነና ፋ ካራ ክእዚ ቃላ ኔፓ ስኦደ ፋና ጌሽ ኪታንቾ ኤስ ኦህዳ» ያጋይዳ።
2c0a1700df	ጴጥሮሳ አሱንꬃና ኬꬃ ገልꬂ ሞክዳ። ዎንትስት ዎደ፥ ደንዲ ኡንታራ ቅትዳ። እዮጴ ካታማ የዘ አማንዙንꬃፓ ፈቲ ፈቲ አሱንꬅ ኤራ ዎላ ቅትዳ።
2c0a1800b0	ዎንትስት ዎደ፥ ቂሳርያ የልዳ። ቆርነልዮሳ ፋ እግኑንꬃናን ፋ ካለ ላጉንꬃና ፈትላ ጼጊ ሺሺ፥ ጴጥሮሳ ናጋነ።
2c0a190090	ጴጥሮሳ ኬꬃ ገሎደስ ይአደራ፥ ቆርነልዮሳ ኤራ የልንት ኤ ቲኖ ጎልእ ኤስ ጎይኖደስ ኮይዳ።
2c0a1a0075	የዝን ጴጥሮሳ፥ «ደንዶ፥ ታንን ታ ኦምተ ነ ጋር አስ» ያጋእ ኤዛ ደንꬅዳ።
2c0a1b0078	ጴጥሮሳ ቆርነልዮሳራ ኦህተራ ኬꬃ ገልዘ ዎደ ጋማ አሱንꬅ ሺቅዳኖ ደንግዳ።
2c0a1c00f2	ኤ አሱንꬃጎ፥ «አይሁደ አስ መለ ዎርዣራ ዎላ ማቃደስ ዎይ የልንቶደስ ዎጋ ባይዛኖ ይን ኤራነ። የዝን ታኒ ኦደን ቱና ዎይ ጌሽ ጋአመ ጋር ጾዚ ታና ቤዝዳ።
2c0a1d0093	ይኒ ግሾ፥ ይን ታጎ ኪትን እጽካይዛራ ይእዳ። Ꮉተ ታና አኮስ ጼግዘዛኮ ታስ ኦሆተ» ያጋይዳ።
2c0a1e00b6	ቆርነልዮሳ፥ «ታኒ Ꮉይኖ ኦይዲ ቃማፓ ቲኖ Ꮉኒ ዎደ ኡዱፉን ሳተ ዎሳ ዎሶደራ፥ ፎእዘ ማኦ ማእደ አስ ታ ቲኖ ኤቅዳ።
2c0a1f0079	ኤ ታጎ፥ ‹ቆርነልዮሳ፥ ጾዚ ነ ዎስቶ ስእዳ፥ ኔኒ ዳሁንꬃና ማድዳኖ ቆፕዳ።
2c0a2000b4	ይኬ፥ አስ እዮጰ ኪቲ፥ ስሞን ጴጥሮሳ ጋዛያ ጼግዞ። ኤ፥ ስሞና ጋዘ ቆለ Ꮉሽዘ አꬄ ካራ አባ ጋጻ በትዳ› ያጋይዳ።
2c0a2100cf	ይኒ ግሾ፥ ታ ኔጎ ኤልሲ ኪትዳ፤ ነ ይእዳና ሎኦ። ይኬ፥ ጾዚ ነና ኪትደባዝ ኡባ ስኦደስ Ꮉተ ኑ ኡቡንꬅ Ꮉነ ላꬄ ቲኖ የነ» ያጋይዳ።
2c0a220058	ካሊ፥ ጴጥሮሳ፥ «ጾዚ አስስ ስኖ ብእ አስ አሳፓ ሻጎስ።
2c0a230092	የዝን አስ ኡባ ኦና ማቅኮን ፋስ ዣሽትዛያን ጽሎ ኦቻ ኦችዘላ ጾዚ ኡፋይትዛኖ ታ ቱሮ ቆፕዳ።
2c0a2400bd	ጾዚ፥ ኡቡንꬅ ላꬂ ማቅደ የሱስ ክርስቶሳ ባጋራ ሳሮትꬅ ኦህተራ Ꮉና ዎንገልቶ እስራኤለ አሱንꬅስ ኪተዛኖ ይን ኤራነ።
2c0a250094	ዋሐንሳ ጽንቃተ ባዝ ሳባክደ ዎደፓ አይኪ ጋልላን ይሁዳ ሳአ ኡባ የሎደስ Ꮉንዳኖ ይን ኤራነ።
2c0a2600d2	ጾዚ ናዝረተ የሱሳ ጌሽ አያናራ ትዢ ዎልቃ እንግዳ። ጾዚ ኤራ የዘ ግሾ ሎኦ ባዝ ኤ ኦችተራ ጻላሄ ኩሸ አቅዱንꬃና ኡባ ፋꬅተራ ዉትዳ።
2c0a27008c	«አይሁደ ሳአን የሩሳላመ ኤ ኦችደ ኡባባዝትስ ኑ ማርካ። ኡን ማስቃላላ ሱጺ ኤዛ ዎꬍዳ።
2c0a280076	የዝን ጾዚ Ꮉይꬓንꬃ ዎደ Ꮉይቆፓ ኤዛ ደንꬂ አሱንꬅስ ቆንጮደ ጋር ዪዝዳ።
2c0a2900af	ይና ቆንጭꬅታ ጾዚ ቲኖ ዶርደ ማርኩንꬅስ ፋትን አስ ኡባስ ማቆስ። ኤ Ꮉይቆፓ ደንድዳንፓ ማቂ ኤራ ሙእ ኡዥዳ።
2c0a2a00c7	ኑ ዎንገለ አሱንꬅስ ኦሆደ ጋራን ፋጻ የዙንꬃላን Ꮉይቂዱንꬃላ ፍርዶደስ ጾዚ ሹምደ የሱሳ ማቅዛኖ ማርክꬋደ ጋር ኑና ኪትዳ።
2c0a2b008b	ጾዚ ኤዛ አማንዘ ኡባ ናጋርታ፥ ኤ ሱንꬅተ አቶ ጋእንትዛኖ ናቡንꬅ ማርክꬋነ» ያጋይዳ።
2c0a2c0076	ጴጥሮሳ Ꮉጋ ይና ኦህቶ Ꮉስካይዝን ቃላ ስእዘ ኡቡንꬃላ ጌሽ አያና ዎꬍዳ።
2c0a2d00c5	ጴጥሮሳራ እዮጴፓ ይእደ አማንዘ ጋራዝንትደ አይሁደ ኡቡንꬃላን፥ አይሁደ ማቆሱንꬃላን ጌሽ አያና ዎꬍዳኖ ብእ ጋማ ቆፕዳ።
2c0a2e0098	አኮስ ጋይኮ፥ ኡን መለ መለ ዶናራ ኦህተራን ጾዘ ዳማትꬅቶ ሳቦደራ ስእዳ። የ ዎደ ጴጥሮሳ ማህ፥
2c0a2f0084	«Ꮉን ስ ማህ ኑ ጋር ጌሽ አያና ኤክዱንꬅ ጻማቅንታመ ጋር Ꮉꬅ ካዮደ ኦደ?» ያጋይዳ።
2c0a3000bf	ኡን የሱስ ክርስቶሳ ሱንꬅተ ጻማቅንቶደ ጋር ኡንታና ኪትዳ። ይንፓ ማቂ፥ ኡን ፋራ ኤራꬅ ዎደ በቶደ ጋር ጴጥሮሳ ዎስዳ።
2c0b010081	ሐዋሩንꬅን ይሁዳ የዘ አማንዙንꬅ፥ አይሁደ ማቆሱንꬅን ጾዘ ቃላ ኤክዳኖ ስእዳ።
2c0b020056	ጴጥሮሳ የሩሳላመ ቅትደ ዎደ ጋራዝንትደ አማንዙንꬅ፥
2c0b030077	ኤጎ፥ «ነ ጋራዝንትካይዙንꬃጎ ገሊ ኡንታራ ካꬃ አኮስ ሙእዶ?» ጋእ ላልዳ።
2c0b040058	የዝን ጴጥሮሳ Ꮉንዳኖ ቲኖፓ አይኪ ታራራ ታራራ ኦህዳ፦
2c0b0500bb	«ታኒ እዮጴ ካታማ ጾዝ ዎስተራ ቆንጭꬅ ብእዳ። ዳማ አፉላ አዝዘ ባዝ ኦይዲ ዛላራ አይክንቲ ሳሎፓ ዎꬍተራ ታጎ ይእዳ።
2c0b0600b6	ታኒ ዳኪ ሎይꬂ ኤ ግድቶ በእዘ ዎደ ኦይዲ ቶሄራ የዘ ጉርደ ጾꬁንꬅ፥ ሳዛራ ጎችንትዘ መꬎን ሳሎ ላንዱንꬃና ብእዳ።
2c0b07004b	‹ጴጥሮሳ፥ ደንዲ፥ ሹኪ ሞኦ› ጋዘ ቃላ ስእዳ።
2c0b08008f	«የዝን ታኒ፥ ‹ላꬆ፥ አደ፥ ቱና ባዝ ዎይ ጌዥካይዘባዝ ሙሎን ዶናጎ ሺሺ ኤሮስ› ያጋይዳ።
2c0b09006b	«‹ጾዚ ጌሽዳኖ ኔኒ ቱና ጋእፐ› ያጋዘ ቃላ ላምእንꬃ ሳሎፓ ይእዳ።
2c0b0a006c	«ይና Ꮉይꬕ ቶሄ Ꮉንዳንፓ ሱባ፥ ማቂ ኡባ ባዝታ ሳሎ ኡደ ኤክንትዳ።
2c0b0b006a	ይና ሳተ Ꮉይꬕ አሱንꬅ ቂሳርያፓ ታጎ ኪትንቲ ታ የዘ ኬꬅተ የልዳ።
2c0b0c00d4	ሶእካይዛራ ኡንታራ ቅቶደ ጋር አያና ታስ ኦህዳ። ማህ Ꮉና እዝፑን እሹንꬅ እዮጴፓ ታራ ቂሳርያ Ꮉንግዱንꬃራ ቆርነልዮሳ ካራ ገልዳ።
2c0b0d0069	ኪታንቾ ኤ ካራ ኤቂ፥ ‹እዮጴ ኪቲ ጴጥሮሳ ጋእንትዘ ስሞና ጼግዞ።
2c0b0e007f	ነናን ነ ካራ አስ ኡባ አሽዘ ቃላ ኤ ኔስ ኦሆዳ› ጋይዳኖ ቆርነልዮሳ ኑስ ኦህዳ።
2c0b0f0072	«ታኒ ኦሄ አይክዘ ዎደ ጌሽ አያና ቲኖ ኑላ ዎꬍዳንጋራ ኡንታላን ዎꬍዳ።
2c0b1000a7	የ ዎደ ‹ዋሐንሳ Ꮉꬃራ ጻማቅዳ፥ የዝን ይን ጌሽ አያናራ ጻማቅንቶዳ› ያጋይደ ላꬄ ቃልታ ታስ ቲርንትዳ።
2c0b1100de	ጾዚ ኑስ ላꬄ የሱስ ክርስቶሳ አማንዙንꬅስ እንግደ እሞትꬅቶ ማህ እዞ አይሁደ ማቆሱንꬅስን እንግኮ፥ ዬዝን ጾዝ ካዮደስ ታ ኦደ?» ያጋይዳ።
2c0b1200d9	ኡን ይኖ ስእደ ዎደ ፋ ላልዛኖ አሺ፥ «ይኖ ማቅኮ፥ ጾዚ አይሁደ ማቆሱንꬅን ናጋራፓ ማቂ ደኦ የሳደ ጋር እጻ እንግዳ» ያጋእ ጾዝ ጋላትዳ።
2c0b1300e1	እስጢፋኖሳ Ꮉይቆስ የልꬅደ ባይኤ ግሾ ላልንትደ አማንዙንꬅ ቃላ አይሁዱንꬅ ጻላላስ ኦህተራ ስሮፍንቀ፥ ቆጵሮሳን አንጾክያ የሎደስ ዉትዳ።
2c0b1400c0	የዝን ቆጵሮሳፓን ቀሬናፓን ይእደ ፈቲ ፈቲ አማንዘ አሱንꬅ አንጾክያ Ꮉንግ፥ ላꬂ የሱሳ ዎንገለ ግርኬ አሱንꬅስ ኦህዳ።
2c0b150063	ላꬄ ዎልቃ ኡንታራ የነ፤ ማህ ጋማ አሱንꬅ አማኒ ላꬃጎ ማቅዳ።
2c0b160076	ይና ኦህቶ የሩሳላመ የዘ ዎሳ ኬꬅታ ስእደ ግሾ ባርናባሳ አንጾክያ ኪትዳ።
2c0b1700de	ባርናባሳ አንጾክያ ቅትደ ዎደ ጾዘ አꬎ ኬሃትꬅ ኦቻ ብእ ኡፋይትዳ። ኡን ኡቡንꬅ ፋ ኩሙꬅ ዎዝንተ ላꬄ ግዳ ሚንግ የሳደ ጋር ኡንታና ዞርዳ፤
2c0b180087	ይኒ ግሾ ባርናባሳ ጌሽ አያናራን አማኖራ ኩምደ ሎኦ አስ። ጋማ አሱንꬅ ላꬃ አማንዳ።
2c0b190054	ይንፓ ማቂ፥ ባርናባሳ ሳዉላ ኮዮደስ ተርሴሰ ቅትዳ።
2c0b1a0132	እዘ ሳዉላ ደንግደ ዎደ አንጾክያ ኤኪ ይእዳ። ባርናባሳን ሳዉላ ዎሳ ኬꬂ አሱንꬃራ ፈቲ በረ ሙሎ በቲ ጋማ አሱንꬃና ታማርስዳ። ታማሩንꬅ አንጾክያ ዎሳ ኬꬃ «ክርስታነ» ጋእንት ቲኒ ጼግንትዳ።
2c0b1b0055	የ ዎደ ፈቲ ፈቲ ናቡንꬅ የሩሳላመፓ አንጾክያ ዎꬍዳ።
2c0b1c00d0	ኡን ግዳፓ አጋቦሳ ጋእንትዘ ደንዲ ሳአ ኡባ ዳማ ናየ ኬሳዳኖ አያና ዎልቃራ ትንቢተ ኦህዳ። ይና Ꮉንዳና ሮመ ካት ቃላዉድዮሳ ዎደ።
2c0b1d0092	አማንዙንꬅ ፈተ ፈተ ፋ ዎልቂት ጋር ሚሸ ኬሲ ይሁዳ የዘ አማንዙꬅስ ማደ ዳኮደስ ቆፋ አጭዳ።
2c0b1e007b	ኡን Ꮉንጋራ የይዝ፥ ሚሽቶ ባርናባሳራን ሳዉላራን ዎሳ ኬꬃ ጭሙንꬅስ ዳክዳ።
2c0c010066	የ ዎደ ካት ሄሮድሳ ዎሳ ኬꬂ አሱንꬃፓ ባጉንꬃና ባይኤ አይክዳ።
2c0c020037	ዋሐንሳ እሸ ያይቆባ ማሻራ ዎꬍዳ።
2c0c03009f	ይና አይሁዱንꬃና ኡፋይስዳኖ ብእ፥ ጉጂ ጴጥሮሳን አይꬅዳ። ይና Ꮉንዳና ቦራ ባአለ ቦንችዘ ቃምተ።
2c0c0400fc	ጴጥሮሳ አይኪ አጭዳ። ፋስጋ ቦንችዘ ዎድትፓ ማቂ ዎርዡንꬅ ቲኖ ኣꬆደስ ቆፒ፥ ኦይዲ ኦይዲ ዎታዳሩንꬅ ኤዛ ናጎደ ጋር ታጶ እዝፑን ዎታዳሩንꬅስ አꬂ እንግዳ።
2c0c050088	ይኒ ግሾ፥ ጴጥሮሳ አች ኬꬃ ናግንታነ። የዝን ዎሳ ኬꬃ አሱንꬅ ኤስ ምንꬂ ጾዝ ዎሳነ።
2c0c060116	ሄሮድሳ ጴጥሮሳ አሱንꬅ ቲኖ ሺሾዳንፓ ቲኖ ቃማ ጴጥሮሳ ላምእ ዛላራ ላምእ ዎታዳሩንꬃራን ላምእ ሳንꬃላታራ አጭንቲ ኡን ግዳ ገንትዳ። ናግዙንꬅ አች ኬꬃ ፉርꬅተ ኤቂ ናጋነ።
2c0c0700f3	ቲርካይዝን ላꬄ ኪታንቾ በንትዳ። አች ኬꬃ ፎኦ ፎእዳ። ኪታንችዘ ጴጥሮሳ ምልቶ ቦቺ ባርክዚ፥ «ኤለ ደንዶ» ያጋይዳ። ኢራ ሳንꬃላታን ኤ ኩሽትፓ ዎꬍዳ።
2c0c0800d1	ኪታንችዘ ኤጎ፥ «ነ ማእቶ ማኦ፥ ነ ጫምቶን ኣꬆ» ያጋይዳ። ጴጥሮሳ Ꮉንጋራ ኦችዳ፤ ኪታንችዘ፥ «ነ ላጽንዛ ማእ ታና ካሎ» ያጋይዳ።
2c0c0900b7	ጴጥሮሳ አች ኬꬃፓ ኬዚ ኪታንችዛ ካልዳ። ኤስ ቆንጭꬅ በእዘጋራ ይእዳፕ አትን ኪታንችዘ ኦችዘ ባዝታ ቱሮ አዝካያ።
2c0c0a0149	ኪታንችዘን ጴጥሮሳን ቲኖን ላምእንꬃ ናግዘ ዛብዛ አꬊ ካታማ ካንግዘ ብርታ ፉርꬅትጎ የልዳ። ፉርꬅታ ኡንትስ ፋ ፋስ ኤሪ ቡጉንትዳ። ኡን ኬዚ ፈቲ ኦገራ Ꮉንጎደራ ኪታንችዘ ቲርካይዝን ጴጥሮሳፓ ሻክንትዳ።
2c0c0b00e0	ጴጥሮሳስ ዎዝንታ ማቅን፥ «ታና ላꬂ ፋ ኪታንችዛ ዳኪ፥ ሄሮድሳ ኩሽትፓን ናጊ በትደ አይሁደ አሱንꬅ ኡባፓ አሽዳኖ Ꮉተ ቱሮ ኤርዳ» ያጋይዳ።
2c0c0c00aa	ኤ ይኖ አካክደ ዎደ ጋማ አሱንꬅ ዎላ ሺቂ ጾዝ ዎስዘ በስተ፥ ማርቆሳ ጋዘ ዋሐንሳ እንታ ማይራም ካራ ቅትዳ።
2c0c0d0070	እዘ ባለ ኤቂ ጼግዳ። ፈቲ ሮዳ ጋእንትዘ አርታ ፉርꬅቶ ቡጎደስ ይእዳ።
2c0c0e00d3	ሮዳ ጴጥሮሳ ቃላ ማቅዳኖ ኤርደ ዎደ ኡፋይሳር ኩሚ ፉርꬅቶ ቡግካይዝን ሱብ ዎጺ Ꮉንግ፥ «ጴጥሮሳ ባለ ኤቅዳ» ያጋእ አሱንꬅስ ኦህዳ።
2c0c0f00a4	አሱንꬅ ኢጎ፥ «ነ ዣሽታነ!» ያጋይዳ። ሮዳ ጴጥሮሳ ማቅዳኖ ጌሽ ኦህዳ። ኡን፥ «የ ኤ ኪታንቾ» ያጋይዳ።
2c0c10007e	የዝን ጴጥሮሳ ባለ ኤቂ ጼጊ አሻንጽን አሱንꬅ ፉርꬅቶ ቡጊ ኤዛ ብእ ጋማ ቆፕዳ።
2c0c11011c	የዝን ኡን ስእ ጋዉደ ጋር ጴጥሮሳ ፋ ኩሽተ ማሊ ላꬂ አች ኬꬃፓ ኤዛ ዋይዝ ኬሰዛኮ ኡንትስ ቆንጭዝ ኦህ፥ «Ꮉኖ ያይቆባስን አማንዘ አሱንꬅስ ኦሆተ» ጋእ እዝፕ ኬዚ መለ በሳ ቅትዳ።
2c0c12007f	ሳአ ዎንትዘ ዎደ «ጴጥሮሳ አባ ቅትዶ?» ጋእ ዎታዳሩንꬅ ዎል ግዳ ጋማ ካጭንትዳ።
2c0c1300ed	ሄሮድሳ ጴጥሮሳ ኮይዝን፥ ኤ ꬋብደ ዎደ ናግዙንꬃና ቁሪ፥ ኡንታና ዎꬎደ ጋር ኪትዳ። ይንፓ ሱባ፥ ሄሮድሳ ይሁዳፓ ቂሳርያ ዎꬊ እዘ ኤራꬅ ዎደ በትዳ።
2c0c14014b	ሄሮድሳ ጢሮሳ አሱንꬃላን ስዶና አሱንꬃላ ጋማ ካጭዳ። ኡን ዎላ ፈትላ ይእ ካት ሞርና ብላስጦሳ ማድንቶደ ጋራ ዎሲ ዬኤ ጋእዚ ፋስ ጭማ ማህ ጊጎደስ ሄሮድሳጎ Ꮉንግዳ። ኡን ጋድታ ካꬃ ካትዘ ጋደፓ ደንጋነ የሻ።
2c0c15007c	ሄሮድሳ ሹምንትደ ዎደ ፋ ካእቱሞ አፉልቶ ማእ፥ አራታላ በቲ አሱንꬅስ ኦህዳ።
2c0c16005a	አሱንꬅ፥ «ይና ጾዘ ቃላ፥ አስ ቃላ ባያ» ያጋእ ዉይስዳ።
2c0c170083	ሄሮድሳ ጾዝ ቦንችካይዘ ግሾ ኢራ ላꬄ ኪታንቾ ኤዛ ጉድን ዛቅላራ ሙእንት Ꮉይቂዳ።
2c0c180047	የዝን ጾዘ ቃላ ድጭተራን ዳልግተራ Ꮉንግዳ።
2c0c190083	ባርናባሳን ሳዉላን ፋ ኦችቶ ፋዲ ማርቆሳ ጋዘ ዋሐንሳ ፋራ ኤኪ የሩሳላመፕ ማቅዳ።
2c0d010100	አንጾክያ የዘ ዎሳ ኬꬃ ናቡንꬅን አስታማሩንꬅን የነ። ኡን ባርናባሳ፥ ካርꬅ ጋእንትዘ ስሞና፥ ቀሬናፓ ይእደ ሉክዮሳ፥ ካት ሄሮድሳራ ድጭደ ምናሄነን ሳዉላን።
2c0d0200a7	ኡን ላꬂ ጎይኖደራን ጾሞደራ ጌሽꬅ አያና፥ «ታኒ ጼግደ ኦችትስ ባርናባሳን ሳዉላን ታስ ሻኮተ» ያጋይዳ።
2c0d030070	ይኒ ግሾ፥ ኡን ጾምዳንፓን ዎስዳንፓ ማቂ ፋ ኩሽቶ ኡንታላ ጋዲ ዳክዳ።
2c0d0400b5	ይኒ ግሾ፥ ጌሽ አያና ኡንታና ኪትዳ። ሰለዉቀ Ꮉንግዳ፤ ኢፓ ማርካበ ግዳ ገሊ ቆጵሮሳ Ꮉꬃራ ተቅንትደ ሳአ ቅትዳ።
2c0d050081	ኡን ስልማና የሊ አይሁደ ዎሳ ኬꬃ ጾዘ ቃላ ኦህዳ። ዋሐንሳ ማድተራ ኡንታራ የነ።
2c0d0600a7	ኡን ቆጵሮሳ Ꮉꬃራ ተቅንትደ ሳአ አꬊ ጳፉ የልዘ ዎደ ፈቲ ዎርዶ ናበ ባር-የሱሳ ጋዘ አይሁደ ማሮ ደንግዳ።
2c0d0700dd	የ ማርዘ ዎርዣ አህዘ ሳርግዮሳ ጳዉሎሳ ጋዘ ቆፋራ የዘ አꬄራ የነ። ሳርግዮሳ ጳዉሎሳ ባርናባሳን ሳዉላን ፋጎ ጼጊ ጾዘ ቃላ ስኦደስ ኮይዳ።
2c0d0800cb	የዝን ግርኬ ዶናራ ማርዛይ ሱንꬅታን «ኤልማሳ» ጋእንታነ። ኤ ጋደ አህዘ አማናመ ጋር ካዮደስ ኮይ ባርናባሳን ጳዉሎሳን እጽዳ።
2c0d090060	የዝን ጳዉሎሳ ጋዘ ሳዉላ ጌሽ አያናራ ኩሚ ማርዛያ ዳኪ ብእ፥
2c0d0a00a3	«ናተ፥ ጻላሄ ናአዮ፥ ኢታትꬅ ኡባ ኩምዳዮ፥ ጽሎትꬅ ኡባስ ሞርክዛዮ፥ ሉለ ላꬄ ኦግቶ ምርቅዛኖ አሾሶ?
2c0d0b0107	ይኬ፥ Ꮉተ ላꬄ ኩሸ ኔላ የነ። ነ ቆቀ ማቃዳ፤ ኤራꬅ ዎደስ አዋ ፎኦ በአማ» ያጋይዳ። ኢራ ቃይቃዮን ꬉማን ኤ ኣፍቶ ጎዝን፥ ፋ ኩሽቶ አይኪ ካልꬅዘ አስ ኮይተራ ዉትዳ።
2c0d0c0067	ጋደ አህዘ ይኖ ብእደ ዎደ ላꬄ ባዝ ታማርስዛነ ጋማ ቆፒ አማንዳ።
2c0d0d00bc	ጳዉሎሳን ኤራ የዙንꬅ ጳፉፓ ደንዲ፥ ጵንፍልያ የዘ ጰርገ ማርካበራ ቅትዳ። ዋሐንሳ ኡንታፓ ሻክንት የሩሳላመ ማቅዳ።
2c0d0e0098	የዝን ኡን ጰርገፓ አꬊ ጵስድያ የዘ አንጾክያ የልዳ። ሳምባታ ዎደ አይሁደ ዎሳ ኬꬃ ገሊ በትዳ።
2c0d0f0109	ሙሴ ህግቶን ናቡንꬅ ማጻፍታን ናባብንትዳንፓ ማቂ አይሁደ ዎሳ ኬꬂ Ꮉላቁንꬅ፥ «ኑ እሹንꬆ፥ አስ ምንꬅꬅዘ ቃላ ይንትስ የዛኮ አሱንꬅስ ኦሆያተ» ጋእ ኡንታጎ ኪትዳ።
2c0d1000b2	ጳዉሎሳ ደንዲ ኤቂ ፋ ኩሽትራ ማልተራ፥ «እስራኤለ አሱንꬅስ፥ ማህ ጾዝ ጎይንዘ አይሁደ ማቆሰ አሱንꬆ፥ ስኦተ።
2c0d1100e6	Ꮉንꬅ እስራኤለ አሱንꬅ ጾዘ፥ ኑ ማይዙንꬃና ዶርዳ። ግብጸ ሳአ ዛቆትꬃ ኡን የሳደራ፥ ኡንታና ጋንꬅ ፋ ዳማ ዎልቃራ ግብጸ ሳአፓ ኡንታና ከስዳ።
2c0d120052	አኮ ባይዘ ሳአ ኦይታም በረ ጋር ኡንታና ዳንዳእዳ።
2c0d13007a	ካናነ ሳአ አይሁደ ማቆሰ ላፑን ካእቱሞ ካይ ኡን ጋድቶ ፋ አሱንꬃና ላትዝዳ።
2c0d1400b5	ይና ኡባ Ꮉንዳንፓ ኦይዲ ጼት እችንታም በረ ማቅዳ። ይንፓ ማቂ ሳሙኤላ ዎደ የሎደስ አህዘ ዳይና ኡንትስ እንግዳ።
2c0d1500c7	ይንፓ ማቂ፥ ኡን ፋስ ካት እንጎደ ጋር ዎስን፥ ጾዚ ብንያመ ኮቻፓ ቂሰ ናአ፥ ሳኦላ ኦይታም በረ ካእቶደ ጋር ኡንትስ እንግዳ።
2c0d1600f7	ጾዚ ሳኦላ ሻርዳንፓ ማቂ ኡንታላ ዳዉተ ካእꬅዳ። ጾዚ ዳዉተባዝ ማርክꬍተ፥ ‹ታ ዎዝንት ጋር ማቅዳያ ታ ቆፍቶ ኡባ ኦችዛ እሰይ ናአ ዳዉተ ደንግዳ› ጋይዳ።
2c0d17008b	«ጾዚ፥ ታኒ ዳዉተ ኮቻፓ እስራኤለ አሱንꬃና ኡፋይስዛ ኮኦዳ ጋይዳን ጋር የሱሳ ክእዳ።
2c0d18009a	የሱሳ ዮኦዳንፓ ቲኖ እስራኤለ አሱንꬅ ኡባ ፋ ናጋርትፓ ማቂ ጻማቅንቶደ ጋር ዋሐንሳ ቃላ ኦህዳ።
2c0d190102	ማህ ዋሐንሳ ፋ ኦችቶ ፎሎደስ ይእተ አሱንꬃጎ፥ ‹ታና ኦና ጋእ ቆፐተ? ታኒ ይን ናግዘ ክርስቶሳ ባያ፥ የዝን ታ ኤ ጫማ ብሎደስ ታስ ቤዞሰ ታፓ ሱብተ የእነ› ጋይዳ።
2c0d1a00b4	«እሹንꬆ፥ አብራሃማ ኮቹንꬆ፥ ማህ Ꮉነ አይሁደ ማቅካይዛራ ጾዝስ ዣሽትዙንꬆ፥ Ꮉና አሽዘ ቃልታ ኑስ ኪትንትዳ።
2c0d1b0108	አኮስ ጋይኮ፥ የሩሳላመ የዘ አሱንꬅን ኡን Ꮉላቁንꬅ የሱሳ ኤርካያ። ሳምባታ ኡባነ ናባብንትዘ ናቡንꬅ ቃልቶ ቲሪካይዘ ግሾ ኤዛላ ፍርድ ናቡንꬅ ኦህደ ቃልቶ ፎልዳ።
2c0d1c0085	የሱሳ ዎዽሳደስ ፈቲ ምክናተን በንታንጽን ጵላጦሳ ኤዛ ዎꬎደስ እንጎደ ጋር ዎስዳ።
2c0d1d0081	ኡን የሱሳ ባዝ ጌሽ ማጻፍተ ጻፍንትዳኖ ኡባ ፎልደ ዎደ ማስቃላፓ ኤዛ ኬꬂ ሞግዳ።
2c0d1e0037	የዝን ጾዚ Ꮉይቆፓ የሱሳ ደንꬅዳ።
2c0d1f00a8	ይንፓ ማቂ፥ ኤ ፋራ ጋልላፓ የሩሳላመ ይእዱንꬅስ ጋማ ቃማ በንትዳ። ኡን Ꮉተ ኤ ባዝ አሱንꬅስ ማርክꬋነ።
2c0d200061	«ጾዚ ኑ አዱንꬅስ እንጎዳ ጋይደ ዎንገለ ኑኒ ይንትስ ኦህነ።
2c0d21012d	ዳዉተ ፋ ማዝሙረ ማጻፍተ ላምእንꬃ ዞፋንተ፥ «‹ኔኒ፥ ታ ናአያ፥ ታ Ꮉይኖ ነና የልዳ› ጋእንት ጻፍንትደ የሱሳ፥ ጾዚ Ꮉይቆፓ ደንꬂ ኑ ማይዙንꬅስ እንጎዳ ጋይዳኖ ኑስ ኡን ናኡንꬅስ ፎልዳ።
2c0d2200d7	ኤ ዎቃመ ጋር ጾዚ Ꮉይቆፓ ኤዛ ደንꬅተ ኤርሶደስ፥ «‹ታኒ ዳዉተስ እንጎዳ ጋይደ አማንንትደ ጌሽ አንጆ ይንትስ እንጎዳ› ያጋእ ኦህዳ።
2c0d23007e	«ይኒ ግሾ፥ ማዝሙረ ማጻፍተ መለ በሳ ማህ፥ «‹ነ ጌሽዘ አህቶ ዎቂዞስ› ጋይዳ።
2c0d240076	«ዳዉተ ፋ ዎደ ጾዘ ቆፍቶ ፎልዳንፓ ማቂ Ꮉይቂ ፋ አዱንꬃራ ሞግንቲ ዎቂዳ።
2c0d25003d	የዝን ጾዚ Ꮉይቆፓ ደንꬅዳይ ዎቂካያ።
2c0d2600c6	«ይኒ ግሾ፥ ታ እሹንꬆ፥ ናጋራ አሽዘ የሱሳ ባጋር ቲንꬊ ይንትስ ኦህንትዳኖ ኤሮተ። ሙሴ ህግታ ናጋራፓ ጽልሳደስ ዳንዳኦስ።
2c0d270047	የዝን የሱሳ አማንዘ ኡቡንꬅ ናጋራፓ ጽላነ።
2c0d28005b	ይኒ ግሾ፥ ናቡንꬅ ጋይዳና ይንታና የላመ ፋና ናግንቶተ።
2c0d2900ba	«‹ጾዚ ጋይደባዝ ለቂዙንꬆ! ቦኦተ! ጋማ ቆፖተ! ꬋቦተ! ኦደን ኦህን፥ ይን አማኖሰ ኦቻ ታ ይን ዎድተ ኦቾዳ›» ያጋይዳ።
2c0d2a00ad	ጳዉሎሳን ባርናባሳን አይሁደ ዎሳ ኬꬃፓ ከሳደራ፥ ካልዘ ሳምባታ ይኖ ጉጂ ኦሆደ ጋር አሱንꬅ ኡንታና ዎስዳ።
2c0d2b011e	ሺቅታ ላንትዳንፓ ማቂ ጋማ አይሁዱንꬅን አይሁዱንꬅ አማንተ ገሊ ጾዝ ጎይንዘ ጋሙንꬅ ጳዉሎሳን ባርናባሳን ካልዳ። አማንዱንꬂ ጾዘ አꬎ ኬሃትꬅተ ምንꬂ የሳደ ጋር ኡንታና ዞርዳ።
2c0d2c0090	ላምእንꬃ ሳምባታ ካታማ የዘ አሱንꬃፓ አትደ ባያ ያጋዉደ ዎንꬅስ ጾዘ ቃላ ስኦደስ ሺቅዳ።
2c0d2d008a	የዝን አይሁዱንꬅ ጋማ አሱንꬃና በኤዘ ዎደ ጳዉሎሳ አንꬅንቲ ኤ ኦህቶ እጺ ኤዛ ጫዥዳ።
2c0d2e0144	ጳዉሎሳን ባርናባሳን ዣሽትካይዛራ፥ «ጾዘ ቃልታ ቲንꬊ ይንትስ ኦህንቶደስ ቤዛነ። የዝን ይን ቃላ እጺ መዽና ደኦ ኤኮደስ ኑስ ቤዞስ ጋእ ይን፥ ይን ኦምተ ፍርድደ ግሾ ይኬ ኑኒ አይሁደ ማቆሱንꬃጎ ማቃዳ።
2c0d2f00c8	አኮስ ጋይኮ ላꬂ፥ «‹አላመ ኩሙꬅታ ነ ባጋራ አቶደ ጋር፥ ታ ነና አይሁደ ማቆሰ አሱንꬅስ ፎኦ ማህዳ› ጋእ ኑና ኪትዳ» ጋይዳ።
2c0d3000a1	አይሁደ ማቆሱንꬅ ይኖ ስእደ ዎደ ኡፋይት ጾዘ ቃላ ቦንችዳ። ማህ መዽና ደኦስ ዶርንትደ ኡባ አማንዳ።
2c0d310035	ላꬄ ቃልታ ይና ሳእቶ ኡባ የልዳ።
2c0d32012a	የዝን አይሁዱንꬅ፥ አይሁደ ማቆሰ ጾዝ ጎይንዘ ቦንችንትደ ማቹንꬃናን ካታማ የዘ ዳማ አሱንꬃና ጳዉሎሳላን ባርናባሳላን ደንꬅꬅዳ። የንꬅ አሱንꬅ ኡንታና ባይኤ አይኪ ፋ ሳእትፓ ከስዳ።
2c0d3300a3	የዝን ጳዉሎሳራን ባርናባሳራን እጽዙንꬅስ ማላ ማቃደ ጋር ፋ ቶህትፓ ጹራ ፍጺ እቆንዮነ ካታማ ቅትዳ።
2c0d340064	ማህ አንጾክያ የዘ አማንዙንꬅ ጌሽ አያናራን ኡፋይሳራ ኩምዳ።
2c0e0100d5	ካሰንጋራ፥ ጳዉሎሳን ባርናባሳን እቆንዮነን አይሁዱንꬅ ዎሳ ኬꬃ ገሊ ጋማ አይሁዱንꬅን አይሁደ ማቆሱንꬅ አማኖደ ዎደስ ቃላ ኦህዳ።
2c0e020086	የዝን አማንካይዘ አይሁዱንꬅ፥ አይሁደ ማቆሱንꬅ ዎዝንቶ ላሚ እሹንꬃላ ደንꬅꬅዳ።
2c0e030114	ሐዋሩንꬅ እዘ ጋማ ዎደ ጋምእዳ። ኡን ዣሽትካይዛራ ላꬄ ባዝ ኦህዳ። ላꬂ ማላን ክሌ ባዝ ኡን ኦቾደ ጋር ኡንትስ አደትꬅ ዎልቃ እንግ ፋ አꬎ ኬሃትꬅ ቃልታ ቱሮ ማቅዛኖ ቤዝዳ።
2c0e04008b	የዝን የንꬅ ካታማ አሱንꬅ ሻክንት፥ ባግታ አይሁዱንꬃራ ባግታ ማህ ሐዋሩንꬃራ ማቅዳ።
2c0e0500a1	አይሁደ ማቆሱንꬅን አይሁዱንꬅን ፋ Ꮉላቁንꬃራ ዎላ ማቂ ሐዋሩንꬃና ቆሆደስን ሹቻራ ꬎጎደስ ኮይዳ።
2c0e0600a3	ሐዋሩንꬅ ይኖ ኤሪ፥ ልስጥራን ደርበ ጋእንትዘ ልቃኦንያ ካታሙንꬅ ግዳን ኡን ጉታ የዘ ሳአ አችንትዳ።
2c0e070020	እዘ ዎንገለ ኦህዳ።
2c0e080073	የልንትዳንፓ አይኪ ላምእ ቶህታ ዎቢን የꬊ ኤሮሰ ፈቲ አስ ልስጥራ የነ።
2c0e090099	የ አꬃይ ጳዉሎሳ ኦሆደራ በቲ ስእነ። ጳዉሎሳ ኤዛ ዳኪ በእዘ ዎደ ፋጾደስ ኤስ አማኖ የዛኖ ብእ፥
2c0e0a008a	ፋ ቃልቶ ꬎቅ ዪዚ፥ «ሞሊ ነ ቶህትራ ኤቆ» ያጋይዳ። ዬዝን፥ ዶሊ ደንዲ ኤቂ የ አይክዳ።
2c0e0b00a6	ጳዉሎሳ ኦችዳኖ አሱንꬅ ብእ ፋ ቃልቶ ꬎቅ ዪዚ ልቃኦንያ ዶናራ፥ «ኤቁንꬅ አስ አዚ ኑጎ ዎꬍዳ» ያጋይዳ።
2c0e0c0081	ባርናባሳ፥ «ድያ» ጋእ፥ ጳዉሎሳ ኦህዘ ዋንዘ ግሾ ኤዛ፥ «ሄርሜነ» ጋእ ሱንꬅዳ።
2c0e0d00b5	ካታማፓ ጋጻ የዘ ድያ ጎይኖ ኬꬃ ካህንዘን አሱንꬅ ኮርማን ቦንቾ ፉ ሐዋሩንꬅስ ዣርሾደስ ኮይ ካታማ ፉርꬃ ክእዳ።
2c0e0e00ac	የዝን ባርናባሳን ጳዉሎሳን ይኖ ስኤዘ ዎደ ኡን ኦቾደስ ቆፕዳኖ እጺ ፋ ማእቶ ፌꬍዳ። አሱንꬅ ግዳ ዎጺ ገሊ፥
2c0e0f0130	ፋ ቃልቶ ꬎቅ ዪዚ፥ «አሱንꬆ፥ Ꮉኖ አኮስ ኦቼተ? ኑንን ይን ፋና አስ። Ꮉና ፋꬆሰ ባዝትፓ ሳሎን ሳአን፥ አባ ኡን ግዳ የዘ ኡባባዝቶ መꬍደ ደኦ ጾዘጎ ይን ማቃደ ጋር ይንትስ ኑኒ ዎንገለ ኦህነ።
2c0e10004d	ኤ ዛጋ አሱንꬃና ፋ ኦግቶ የꬋደ ጋር ዳኪ አሽዳ።
2c0e1100ef	የዝን እራ ሳሎፓ ቡክዝዳ፥ ካꬃን ዎደር ዎደር እንግዳ፥ ካꬃ እንግ ይንታና ጋማ ኡፋይስዳ፥ የይዝ ይንትስ ሎኦ ባዝ ኦቺ ፋስ ማርካ ꬋብስካያ» ያጋይዳ።
2c0e120059	ሐዋሩንꬅ ይኖ ጋእ ፋስ አሱንꬅ ዣርሻመ ጋር ዋይ ካይዳ።
2c0e1300f2	አንጾክያፓን እቆንዮነፓን ይእደ አይሁዱንꬅ፥ አሱንꬃና ፋ ዛላ ማህ ሹቻራ ጳዉሎሳ ꬎግዳ። ኡንትስ ኤ Ꮉይቂደ ጋር አዝን ካታማፓ ጋጻ ጎቺ ካንግ ኦልዳ።
2c0e1400b2	የዝን አማንዙንꬅ ይእ፥ ኤ ካለ ዉቲ ኤቀዝን ኤ ደንዲ ካታማ ገልዳ። ዎንትስት ዎደ ባርናባሳራ ዎላ ዳርበ ቅትዳ።
2c0e1500b8	ኡን ዳርበ ካታማ ዎንገለ ኦህ ጋሙንꬃና አማንዙንꬃና ማህዳንፕ ሱባ ልስጥራ፥ እቆንዮነን ጵስድያ አንጾክያ ማቅዳ።
2c0e1600b9	እዘ አማንዙንꬅ አማኖራ ሚንግ የሳደ ጋር ዞሪ፥ «ጾዘ ካእቱሞ ገሎደስ ኑኒ ጋማ ማꬋ ኤኮደስ ቤዛነ» ያጋእ ታማርስዳ።
2c0e1700b4	ማህ ዎሳ ኬꬅስ ኦምተ ኦምተ ጭሙንꬃና ዶርዳ። ጾምዳንፓን ዎስዳንፓ ማቂ ኡን አማንዘ ላꬄስ ኡን Ꮉዳርቶ እንግዳ።
2c0e180041	ጵስድያ ሳአ ካንꬂ አꬊ ጵንፍልያ ቅትዳ።
2c0e190044	ጰርገን ቃላ ኦህዳንፓ ማቂ አጣልያ ቅትዳ።
2c0e1a009a	ኢፓ ኡን ፋ ፎልደ ኦችትስ ጾዘ አꬎ ኬሃትꬅትስ ኡንትስ Ꮉዳራ እንግደ አንጾክያ ማርካበራ ማቅዳ።
2c0e1b00e7	አንጾክያ የልደ ዎደ ዎሳ ኬꬃ አሱንꬃና ሺሺ ጾዚ ኡንታራ ኦችደ ኦችቶ ኡባ አይሁደ ማቆሰ አሱንꬅ አማኖደ ጋር ኡንትስ ዋይዝ ፉርꬅ ቡገዛኮ ኦህዳ።
2c0e1c003d	ኤዝን አማንዙንꬃራ ጋማ ዎደ ጋምእዳ።
2c0f0100d7	ፈቲ ፈቲ አሱንꬅ ይሁዳፓ አንጾክያ Ꮉንግ፥ «ሙሴ ዎግት ጋር ይን ጋራዝንታንጽኮ አቶደስ ዳንዳኦስ» ጋእ አማንዙንꬃና ታማርሰ አይክዳ።
2c0f020164	ይና ጳዉሎሳን ባርናባሳን ኡንታራ ጋማ ላሎደ ጋራን ካጭንቶደ ጋር ዪዝዳ። ይኒ ግሾ፥ አንጾክያ የዘ ፈቲ ፈቲ አሱንꬅ ጳዉሎሳራን ባርናባሳራ የሩሳላመ Ꮉንግ ሐዋሩንꬃራ ጭሙንꬃራ የልንት ይና ኦህቶ ብሎደ ጋር ቆፋ አጭንትዳ።
2c0f0300ee	ዎሳ ኬꬅታ ኡንታና ኪትን ቅትዳ። ኡን ፍንቀራን ሳማራራ አꬍተራ አይሁደ ማቆሱንꬅ ጾዛጎ ዋይዝ ማቀዛኮ ኦህዳ። ይና አማንዙንꬃና ኡባ ጋማ ኡፋይስዳ።
2c0f0400aa	ኡን የሩሳላመ የልደ ዎደ ዎሳ ኬꬅታ፥ ሐዋሩንꬅን ጭሙንꬅ ኡንታና ሞክዳ። ጾዚ ኡንታራ ኦችዳኖ ኡባ ኦህዳ።
2c0f0500e8	የዝን ፋርሳዉንꬅ ባጋፓ አማንደ ፈቲ ፈቲ አሱንꬅ ደንዲ ኤቂ፥ «አይሁደ ማቆሰ አማንዘ አሱንꬅ ጋራዝንቶደስን ሙሴ ህግቶ ናጎደስ ቤዛነ» ያጋይዳ።
2c0f060046	ሐዋሩንꬅን ጭሙንꬅ ይኖ ዞርንቶደስ ሺቅዳ።
2c0f070101	ጋማ ኦህንትዳንፓ ማቂ፥ ጴጥሮሳ ደንዲ ኤቂ፥ «ታ እሹንꬆ፥ አይሁደ ማቆሱንꬅ ዎንገለ ቃላ ታ ዶናፓ ስእ አማኖደ ጋር ቲንꬊ ታና ጾዚ ይን ግዳፓ ዶርዳኖ ይን ኤራነ።
2c0f080079	አስ ዎዝና ኤርዘ ጾዘ ጌሽ አያና ኑስ እንግዳንጋር ኡንትስን እንግ ቱርዝዳ።
2c0f090064	አማኖራ ኡን ዎዝንቶ ጌሽደ ግሾ ኑ ግዳን ኡን ግዳ ሻኮ ጋድካያ።
2c0f0a009f	ይኒ ግሾ፥ ኑ አዱንꬅን ኑኒ ቶኮደስ ዳንዳኦስ ቃምባራ አማንዙንꬅ ጌታላ ጋዲ Ꮉተ አኮስ ጾዝ ፋታነተ?
2c0f0b0078	ላꬄ የሱስ አꬎ ኬሃትꬅተ ኡን አትዳን ጋራ ኑንን አትዳኖ አማናነ» ያጋይዳ።
2c0f0c00c3	አሱንꬅ ስእ ጋእ፥ ባርናባሳን ጳዉሎሳ አይሁደ ማቆሰ አሱንꬅ ግዳ ኡን ባጋራ ጾዚ ኦችደ ማላን ክሌ ባዝ ኡባ ኦሆደራ ስእነ።
2c0f0d0061	ኡን ኦህ Ꮉስዳንፓ ማቂ ያይቆባ፥ «እሹንꬆ፥ ታ ጋዛኖ ስኦተ።
2c0f0e00a9	ጾዚ አይሁደ ማቆሱንꬅ ግዳ ፋ ፋ ሱንꬅቶ ጼግዘ ዎርዣ ዶሮደስ ኮይ ኡንታና ቲኖ ዋይዝ ቆፐዛኮ ስሞና ኦህዳ።
2c0f0f0044	ናቡንꬅ ቃልታ Ꮉንራ ጊጋነ። ጌሽ ማጻፍተ፥
2c0f100088	«‹Ꮉንፓ ሱባ፥ ታ ማቃዳ፥ ዎድደ ዳዉተ ኬꬅቶ ኬጾዳ። ዉልእንትደ ኬꬅቶን ማህ ኤሶዳ።
2c0f1100e5	አትደ አሱንꬅ ኡባ ታጎ የኦዳ፥ ታ ጼግደ አይሁደ ማቆሰ አሱንꬅ ኡባ ታና ኮዮዳ። ዛጋፓ አይኪ ይና ኤርንቶደ ፋና ዪዝደ ላꬄ፥ ታ ኦህነ› ያጋይዳ።
2c0f130075	«ይኒ ግሾ፥ ታ ቆፍታ ጾዛጎ ማቅዘ አይሁደ ማቆሱንꬃና ኑኒ ዋይꬆሳኮ ሎኦ።
2c0f1400ea	የዝን ኡን ኤቃስ ዣርሽንቲ ቱንደባዝ ማአመ ጋር፥ ኦላላመ ጋር፥ ባዉታ ማአመ ጋራን ሱꬅ ኡዣመ ጋራን ማአመ ጋር ኡንትስ ኑኒ ዳብዳበ ጻፎደስ ቤዛነ።
2c0f15009c	ሙሴ ህገ ዛጋፓ አይኪ ሳምባታ ሳምባታ አይሁደ ዎሳ ኬꬃ ናባብንቲ ካታማ ኡባ ሳባክንታነ» ያጋይዳ።
2c0f16015d	ይንፓ ማቂ፥ ሐዋሩንꬅን ጭሙንꬅ ዎሳ ኬꬃ አስ ኡቡንꬃራ ፈትላ ፋ ግዳ ፋ ኤራꬅ አሱንꬃና ዶሪ ጳዉሎሳራን ባርናባሳራ አንጾክያ ዳኮደስ ቆፋ አጭዳ። ጋማ ኤርንትደ ካልꬅዙንꬃና ባርሳባሳ ጋእንትዘ ይሁዳን ስላሰን ዶርዳ።
2c0f1700f3	Ꮉንጋራ ጋእንት ዳብዳበ ኡንታላ ዳክዳ፦ «ኑ ሐዋሩንꬅን ጭሙንꬅ ይን እሹንꬅ፥ አንጾክያ፥ ሶርያ ክልቅያ የዘ አይሁደ ማቆሰ እሹንꬅስ ኑ ሳሮትꬅ ኪትዳ።
2c0f1800ce	«ኑኒ ኪትካይዘ አሱንꬅ ኑ ግዳፓ Ꮉንግ፥ ‹ይን ጋራዝንቶደስን ህግቶ ናጎደስ ቤዛነ› ጋእ፥ ይንታና ዋይꬅዳኖን ዥልዝዳኖ ስእዳ።
2c0f1900a0	ኑኒ ካዽዘ ባርናባሳን ጳዉሎሳ ዶርንትደ አሱንꬃራ ዎላ ይንታጎ ዳኮደስ ፈቲ ዎዝናራ ኑ ቆፍቶ አጭዳ።
2c0f1a0057	ኡን ኑ ላꬄ የሱስ ክርስቶሳ ግሾ ፋ ደእቶ አꬂ እንግዳ።
2c0f1b0082	ይኒ ግሾ፥ ኑ ጻፍዳኖ ኡን ፋ ዶናራ ጉጂ ይንትስ ኦሆደ ፋና ይሁዳን ስላሰን ኪትዳ።
2c0f1c0083	«Ꮉና ኮሽዙንꬃፕ አትን መለ ቶፎ ይንታና ቶሳመ ጋር ኑንን ጌሽ አያና ኦህቶ አጭዳ።
2c0f1d00f4	ኤቃስ ዣርሽንቲ ቱንደባዝ ሙእፐተ፥ ሱꬅ ኡዥፐተ፥ ባዉታ ሙእፐተ፥ ኦላልፐተ። Ꮉንꬅ ኡባፓ ይን፥ ይን ኦምቶ ናግኮ ሎኦ ባዝ ኦቻነ። ሎኦ የዞተ» ያጋይዳ።
2c0f1e0094	ይኒ ግሾ፥ ኪትንትዱንꬅ ሞይዝንቲ አንጾክያ ቅቲ አማንዘ አሱንꬃና ሺሺ፥ ዳብዳቢዛ እንግዳ።
2c0f1f0051	ኡን የ ምንꬅꬅዘ ዳብዳቢዛ ናባብደ ዎደ ኡፋይትዳ።
2c0f200089	ማህ ይሁዳን ስላሰን ፋ ኦምተ ናቡንꬃና ማቅደ ግሾ አማንዙንꬃና ሎይꬂ ዞሪ ምንꬅꬅዳ።
2c0f210096	ኡን አንጾክያ ኤራꬅ ዎደ በትዳንፓ ሱባ አማንዘ እሹንꬅ ሎይꬅ ሞይዝን ፋና ኪተዙንꬃጎ ማቅዳ።
2c0f220039	[የዝን ስላሰን እዘ አቶደስ ኮይዳ።]
2c0f2300a9	ማህ ጳዉሎሳን ባርናባሳን መለ ጋማ አሱንꬃራ ዎላ ላꬄ ቃላ ታማርስተራ ዎንገለ ኦህተራ አንጾክያ ጋምእዳ።
2c0f2400c6	ኤራꬅ ቃማፓ ሱባ ጳዉሎሳ ባርናባሳጎ፥ «ኑ ላꬄ ቃላ ኦህደ ካታምተ ኡባ አማንዙንꬅ ዋይዝ የዛኮ ሱባ ማቅተራ በአዳ» ያጋይዳ።
2c0f25005e	ባርናባሳ ማርቆሳ ጋእንትዘ ዋሐንሳ ፋራ Ꮉማደ ፋና ኮይዳ።
2c0f2600b0	የዝን ጳዉሎሳ ማርቆሳ ፋራ Ꮉማደ ፋና ኮይካያ። አኮስ ጋይኮ፥ ኤ ጵንፍልያ ሻክንት ኡንታራ ኦቾደስ Ꮉንግካያ።
2c0f27009d	ኡን ግዳ ኢታ ካች ከዝን ፈታይ ፈታይፓ ሻክንትዳ። ባርናባሳ ማርቆሳ ኤኪ ማርካበራ ቆጵሮሳ ቅትዳ።
2c0f2800a7	የዝን ጳዉሎሳ ስላሰ ዶርዳ፤ አማንዙንꬅ ጳዉሎሳ ጾዘ አꬎ ኬሃትꬅ Ꮉዳርቶ እንግዳንፓ ማቂ ኤ ኬዚ ቅትዳ።
2c0f29005d	የይዝ፥ ዎሳ ኬꬂ ምንꬅꬅተራ ሶርያራን ክልቅያራን ዉትዳ።
2c100100c6	ጳዉሎሳ ዳርበን ልስጥራን ቅትዳ። እዘ ጢሞትዮሳ ጋዘ አማንዘ አስ የነ። ኤ እንታ አማንዘ አይሁደ ማቾ፥ ኤ አዳይ ግርኬ አስ።
2c1002006d	ልስጥራን እቆንዮነ የዘ አማንዙንꬅ ጢሞትዮሳ ባዝ ሎይꬂ ማርክꬍዳ።
2c100300c0	ጳዉሎሳ ጢሞትዮሳ ፋራ ኤኮደስ ኮይ፥ ኤ አዳይ ግርኬ አስ ማቅዳኖ ይና በስተ የዘ አይሁደ ኡቡንꬅ ኤርዘ ግሾ ኤዛ ጋራዝዳ።
2c100400b9	ኡን ካታማራ አꬍተር የሩሳላመ የዘ ሐዋሩንꬅን ጭሙንꬅን አጭደ ቆፍቶ አማንዙንꬅ ናጎደ ጋር ኡንትስ ኦህተራ አꬍዳ።
2c10050082	ይኒ ግሾ፥ ዎሳ ኬꬅታ አማኖራ ሚንግተ፥ ፋይዶራን ቃምተ ቃምተ ጋንግተር Ꮉንግዳ።
2c1006008b	እስያ ግዳ ቃላ ኦሃመ ጋር ጌሽ አያና ኡንታና ካይደ ግሾ ጵርገራን ጋላትያ ሳአራ አꬍዳ።
2c1007008e	ኡን ሚስያ ጋጻ የልደ ዎደ ብቲንያ ቅቶደስ ቆፕዳ የሻ። የዝን የሱሳ አያና ኡንታና ካይዳ።
2c10080052	ይኒ ግሾ፥ ኡን ሚስያ ካለራ አꬍተራ ጢሮአዳ ዎꬍዳ።
2c100900a2	ጳዉሎሳ ቃማ ቆንጭꬃራ ፈቲ መቀዶንያ አስ ፋጎ፥ «መቀዶንያ ፊንግ ኑና ማዶያ» ጋእ ኤቂ ዎሶደራ ብእዳ።
2c100a00bf	ቆንጭꬅ ኤ ብእዳንፓ ማቂ ኑ መቀዶንያ ቅቶደስ ኮይዳ። ይናን፥ ዎንገለ እዘ የዘ አሱንꬅስ ኦሆደስ ጾዚ ኑና ጼግዳ አዝዳ።
2c100b0085	ጢሮአዳፓ ደንዲ ማርካበ ግዳ ገሊ ሳሞትራቀ Ꮉንግደ፥ ዎንትስት ዎደ ናጱለ Ꮉንግዳ።
2c100c00ec	እዝፓ ደንዲ መቀዶንያ ሳአ የዘ ፍልጵስዩሳ ጋእንትዘ ዎራዳ ካታማ Ꮉንግዳ። ማህ ፍልጵስዩሳ ሮሙንꬅ አህዘ ካታማ። ኑ ይና ካታምተ ኤራꬅ ዎደ በትዳ።
2c100d00ca	ሳምባታ ዎደ ካታማፓ ጋጻ ቦርካ ዶና አይሁዱንꬅ ጾዘ ዎስዘ በሲ የዛኖ ቆፒ እዘ Ꮉንግዳ። ይና በስተ ሺቅደ ማቹንꬅስ ቃላ ኦህዳ።
2c100e0108	ኑና ስእዘ አሱንꬃፓ ፈቲ ሊድያ ጋእንትዘ ትያጥሮነ ካታማፓ ይእደ፥ ጾዝ አማንዘ ዞቆ ማኦ ዛልእዘ፥ ማችታ የነ። ጳዉሎሳ ኦህዛኖ እዛ ስኦደ ጋር ላꬂ እ ዎዝንቶ ቡግዳ።
2c100f00c9	ሊድያ ፋ ካራ አሱንꬃራ ዎላ ጻማቅንትዳንፓ ማቂ ኑጎ፥ «ይን ታና ላꬃ ቱሮ አማንዳ ጋይኮ ታ ካራ ይእ ሸምፖተ» ጋእ ምንꬂ ዎስዳ።
2c101000d6	ኑ ጾዝ ዎስዘ በስተ Ꮉንጎደራ ኢታ አያና ኢላ አፋ የዚ ማርꬍዘ ፈቲ ዉዱር አርታ ኑራ የልንትዳ። እዛ ማርꬊ ጋማ ብራ ፋ ላꬁንꬅስ ከእነ።
2c101100a7	ጳዉሎሳን ኑናን ካሊ፥ «Ꮉን ስ ኡባፓ ካታራ ጾዘ አሩንꬃና! ኡን ይን አቶደ ኦግቶ ኦህዙንꬃና» ጋእ ኡክዳ።
2c101200e7	ኡባ ዎደ ይኒ ጋር ጋነ። የዝን ጳዉሎሳ ዥልꬊ ሱብ ማቂ፥ የ አያንዛ፥ «የሱስ ክርስቶሳ ሱንꬅተ ኢፓ ከዞ» ጋእ ኪትዳ። ኢራ ኢታ አያንዘ ኢፓ ከዝዳ።
2c101300bf	የዝን እ ላꬁንꬅ ፋስ ብራ ደንግዘ ኦግታ ꬋብዳኖ ብእ፥ ጳዉሎሳን ስላሰን አይኪ፥ ፍርዳ ኬꬃ ዳይኑንꬅ ቲኖ ጎቺ ካንግዳ።
2c1014008d	ዳይኑንꬅ ቲኖ ኡንታና ካንግ፥ «Ꮉን ስ አይሁደ አስ ማቂ ኑ ካታማ አሱንꬃና ጋማ ዋይꬃነ።
2c10150072	ኑ ሮመ ጋደ አሱንꬅ ኤኮደስን ኦቾደስ ዎጋ ማቆሰ ባዝ ታማርሳነ» ጋይዳ።
2c101600b4	አሱንꬅ ፈቲ ዛላ ማቂ፥ ጳዉሎሳላን ስላሰላን ደንድዳ። ዳይኑንꬅ ኡን ማእቶ ጋሪ ጉፈር ኡንታና ጉዳደ ፋና ኪትዳ።
2c1017009b	ኡንታና ጋማ Ꮉꬍዳንፓ ሱባ አች ኬꬃ ገልꬅዳ። አች ኬꬅቶ ካፍዛይ ኡንታና ምንꬂ ካፎደ ጋር ኪትዳ።
2c101800a5	አች ኬꬅቶ ካፍዘ ይና ኪቶ ኤኪ፥ ጳዉሎሳን ስላሰን አች ኬꬅትስ ቆልአ ገልꬅዳ። ኡን ቶህቶ ዱꬃራ አጭዳ።
2c101900df	የዝን ቃማ ብላሄ ማቅዘ ዎደ ጳዉሎሳራን ስላሰራን ዎስተራን ማዝሙረ የጽተራን ጾዝ ጋላታነ። አች ኬꬅተ የዘ መለ አሱንꬅን ኡን ጋዛኖ ስእነ።
2c101a00f4	ቆፕካይዝን አች ኬꬅት ሳእታ ኤንእንቶደ ዎንꬅስ ሳአ ኤንእዳ። ይና ሳተ ፉርꬅታ ኡባ ቡጉንቲ አትዳ፤ አጭንትደ አሱንꬅ ኡቡንꬅ ሳንꬃላታ ብልንቲ ዎꬍዳ።
2c101b00e8	አች ኬꬅቶ ካፍዘ ገንቶፓ ባርክደ ዎደ አች ኬꬅት ፉርꬅታ ኡባ ቡጉንትዳኖ ብእ አጭንትደ አሱንꬅ ኬሲ ኤኪ ቅትደ ጋር ኣዝን ፋና ዎꬎደስ ማሻ ኤክዳ።
2c101c007b	የዝን ጳዉሎሳ ፋ ቃልቶ ꬎቅ ዪዚ «ኑ ኡባና Ꮉነ የዘ ግሾ ነ ነና ቆህፐ» ጋይዳ።
2c101d0092	አች ኬꬅቶ ካፍዘ ጾምፐ ዎሲ ኤኪ ኤልሲ ግዳ ዎጽዳ። ጎቅተራ ጳዉሎሳ ቲኖን ስላሰ ቲኖ ዙግዳ።
2c101e006f	ኡንታና ባለ ኬሲ፥ «ታ ላꬁንꬆ፥ ታ አቶደስ አኮ ኦቾደስ ቤዘ?» ጋይዳ።
2c101f009a	ጳዉሎሳራን ስላሰራ ኤጎ፥ «ላꬅ የሱስ ክርስቶሳ አማኖ፤ ኔራን ነ ካራ አሱንꬃራን አቶዳ» ጋይዳ።
2c1020004d	ኡን ኤስን ኤ ካራ የዘ ኡቡንꬅስ ላꬄ ቃላ ኦህዳ።
2c102100b3	ቃማ ይና ሳተ አች ኬꬅቶ ካፍዘ ኡንታና ካንግ ኡን Ꮉርግዘ በስቶ ሜጭዳ። ኤልሲ ፋ ካራ አስ ኡቡንꬃራ ጻማቅንትዳ።
2c102200a6	ጳዉሎሳን ስላሰን ፋ ካራ ካንግ ኡንትስ ካꬃ አꬅዳ። ኤ ፋ ካራ አስ ኡቡንꬃራ ጾዝ አማንደ ግሾ ኡፋይትዳ።
2c1023007f	ሳእታ ዎንትን ዳይኑንꬅ፥ «የንꬅ አሱንꬃና ብሎ» ያጋእ ፖሊሱንꬃና ኤጎ ኪትዳ።
2c102400b3	አች ኬꬅቶ ካፍዘ፥ «ይን ብልንቶደ ጋር ዳይኑንꬅ ኪትዳ። ይኬ፥ ኬዚ ሳሮ ቅቶተ» ያጋእ ይና ኪቶ ጳዉሎሳስ ኦህዳ።
2c10250126	የዝን ጳዉሎሳ የንꬅ ፖሊሱንꬃጎ፥ «ኑ ሮመ አስ ማቃደራ ኡን ኑና ፍርዳ ባይꬅ አስ ቲኖ Ꮉꬊ፥ አች ኬꬃ ኦልዳ። Ꮉተ ኑና አችንት ኬዚ ቅቶ ጋነ? Ꮉኖስ፥ ኡን ፋ ኦምትስ ይእ ኑና ኬሶ» ጋይዳ።
2c1026009c	ፖሊሱንꬅ ዳይኑንꬅስ ይኖ ኦህን፥ ጳዉሎሳራን ስላሰራን ሮመ ሳአ አስ ማቅዳኖ ስእደ ዎደ ዣሽትዳ።
2c102700da	ይኒ ግሾ፥ ዳይኑንꬅ ይእ ኡንታጎ፥ ኑ ይንታና ቆህዳ ያጋእ ማሮትꬅ ኦጭዳ። አች ኬꬅትፓ ባለ ኡንታና ኬሲ፥ ካታማፓ ኬዚ ቅቶደ ጋር ዎስዳ።
2c102800b6	ጳዉሎሳራን ስላሰራን አች ኬꬅትፓ ኬዚ ሊድያ ካራ Ꮉንግዳ። እዘ አማንዙንꬃራ የልንት ኡንታና ምንꬅꬂ ኬዚ ቅትዳ።
2c1101009b	ጳዉሎሳራ ስላሰራን አምፍጶልሳራን አጶሎንያራ አꬊ ተሰሎንቄ ቅትዳ። እዘ አይሁደ ዎሳ ኬꬂ የነ።
2c1102007d	ጳዉሎሳ ዛጋን ጋራ እዘ ገልዳ። እዘ Ꮉይꬕ ሳምባታ ጾዘ ቃላፓ አሱንꬅስ ኦህዳ።
2c110300c7	ክርስቶሳ ማꬋ ኤኮደስን Ꮉይቆፓ ደንዶደስን ቤዛኖ ኡንትስ ጌሽ ኦህተራ፥ «የሱሳ Ꮉይ ታ ይንትስ ኦህዛይ ክርስቶሳ» ያጋይዳ።
2c1104010e	ኡንታፓ ፈተ ፈተ ኦህዳና ቱሮ ማቅዳኖ ኤኪ ጳዉሎሳራን ስላሰራ ዎላ ፈቶ ማቅዳ። ይኒ ፋና፥ ጾዝ ጎይንዘ ጋማ ግርኬ አሱንꬅን ጋማ ቦንችንትደ ማቹንꬅን ኡንታራ ዎላ ማቅዳ።
2c11050103	የዝን አይሁዱንꬅ እጺ ፈቲ ፈቲ ኦቻ ባይዘ ኢታ አሱንꬃና ኦገፓ ሺሽዳ። ካታምቶ ቡቀ አይክዳ፤ ጳዉሎሳን ስላሰን አሱንꬅስ አꬂ እንጎደስ ኮይ ኢያሶነ ኬꬅቶ ተቂዳ።
2c110600ed	ጳዉሎሳን ስላሰን ኡንትስ በንታንጽን፥ ኢያሶነን ፈቲ ፈቲ አማንዙንꬃና ካታማ Ꮉላቁንꬃጎ ጎቺ ካንግ፥ «Ꮉን ስ ሳእቶ ኡባ ቡቅዙንꬅ Ꮉተ ኑጎ ይእዳ።
2c110700be	ኢያሶነ ኡንታና ፋ ካራ ጋድዳ። Ꮉን ስ፥ ‹የሱሳ ጋዘ መለ ካት የነ› ጋእ ቄሳረ ኪቶ እጻነ» ጋእ ꬎቅ ጋይደ ቃላራ ኦህዳ።
2c1108005e	ሺቅደ አሱንꬅን ካታማ Ꮉላቁንꬅ ይኖ ስእ Ꮉኖደባዝ ꬋብዳ።
2c11090046	Ꮉላቁንꬅ ኢያሶነን መሉንꬃና ዋሰር ብልዳ።
2c110a008c	አማንዙንꬅ ጳዉሎሳን ስላሰን ቃማራ ቤርያ ዳክዳ። ቤርያ የሊ፥ አይሁደ ዎሳ ኬꬃ ገልዳ።
2c110b00fa	ቤርያ አሱንꬅ ተሰሎንቄ አሱንꬃፓ አꬊ ዎዝና ዳልጋ። ኡን ቃልቶ ኩሙꬅ ዎዝናፓ ኤክዳ፤ ጳዉሎሳ ጋይዳና ቱሮ ማቅዳኖ ሻኪ ኤሮደስ ኡባ ዎደ ጌሽ ማጻፈ ናባባነ።
2c110c0091	ይኒ ግሾ፥ ኡንታፓ ጋሙንꬅ፥ ግርኩንꬃፓ ቦንችንትደ ጋማ ማቹንꬅን ጋማ ꬊራꬁንꬂ አማንዳ።
2c110d00ae	የዝን ተሰሎንቄ የዘ አይሁዱንꬅ ጳዉሎሳ ጾዘ ቃላ ቤርያ ግዳን ኦህዳኖ ስእደ ዎደ ቤርያ ይእ አሱንꬃና ቡቅዳ።
2c110e0099	ይንፓ ማቂ፥ አማንዙንꬅ ኤልሲ ጳዉሎሳ አባ ካለ ዳክዳ። የዝን ስላሰን ጢሞትዮሳን ቤርያ አትዳ።
2c110f00f9	ጳዉሎሳ ሞይዝደ አሱንꬅ አቴና የልꬅዳ። የንꬅ አሱንꬅ ስላሰን ጢሞትዮሳን ፋስ ዳንዳእንትደ ጋር ኤልሲ ፋጎ የኦደ ጋር ጳዉሎሳ ኪተዘ ኪቶ ኤኪ ቤርያ ማቅዳ።
2c1110007b	ጳዉሎሳ አቴና ስላሰን ጢሞትዮሳን ካፍተራ፥ ካታማ ኤቃ ኩምዳኖ ብእ ዥልꬍዳ።
2c111100d2	ይኒ ግሾ፥ አይሁደ ዎሳ ኬꬅተ አይሁዱንꬃራን ጾዝ ጎይንዘ አይሁደ ማቆሰ አሱንꬃራ ማህ ፋራ የልንትዘ አሱንꬃራ ኡባ ዎደ ጋበ ላላነ።
2c11120183	ኤጵቆሮሳን እስቶይኬ ጋእንትዘ ባጉንꬃፓ ፈቲ ፈቲ ኤሩንꬅ ጳዉሎሳራ ዎላ ላልዳ። ኡንታፓ ፈተ ፈተ፥ «Ꮉይ ጫንጭዘ አኮ ኦሆደስ ኮየ?» ያጋይዳ። መሉንꬅ ጳዉሎሳ የሱሳን Ꮉይቆፓ ደንዶ ባዝ ፋስ ኦህደ ግሾ «መለ ኤቁንꬅ ባዝ ኦህዛ አዛነ» ያጋይዳ።
2c111300a5	ጳዉሎሳ አይኪ አርዮስፓጎሳ ጋዘ ሺቆ በስተ ካንግ፥ «Ꮉና ነ ታማርስዘ ክለ ባዝታ አኮ የዛኮን ኑና ኤርሶ?
2c1114008b	አኮስ ጋይኮ፥ ነ ኑስ ክሌ ባዝ ኦህነ፤ ይኬ ይና አኮ የዛኮን ኑ ኤሮደስ ኮያነ» ያጋይዳ።
2c11150088	አቴና አሱንꬅ ኡቡንꬅን እዘ የዘ ዛቁንꬅ ክሌ ባዝ ኦህካይዛራን ስእካይዛራን ፌዦስ።
2c111600ba	ጳዉሎሳ አርዮስፓጎሳ ግዳ ሺቅደ አሱንꬅ ቲኖ ኤቂ፥ «አቴና አሱንꬆ፥ ይን ኤቁንꬅስ ኡባ ባዛ ጋማ ዣሽትዛኖ ታ ብእዳ።
2c11170106	ታኒ ይን ካታማራ ዉትተራ ይን ጎይንዘ በስተ በእዘ ዎደ ‹ኤርንቶሰ ጾዘስ› ጋእንት ጻፍንትደ ዣርሾ በስቶ ደንግዳ። Ꮉና ይን ኤርካይዛራ ጎይንዛያ ታ ይንትስ ኦሆዳ።
2c1118007e	ሳአን ሳአላ የዘ ኡባባዝቶ መꬍደ ጾዘ፥ ሳሎን ሳአ ላꬄ፥ አስ ኬጽደ ኬꬃ የዞስ።
2c11190084	ኤ ደኦ፥ ሸምፖን ኡባ ባዝ አስ ኡባስ እንግደ ግሾ ፋጨ የዘ አስ ፋና አስ ማደ ኮዮስ።
2c111a009a	ጾዚ ኡን የሳደ ዎደስን በስስ ዉዙላ እንግዳ። ይንፓ አስ ኮች ኡባ ፈቲ አሳፓ መꬊ ሳአ ኡባ ጋድዳ።
2c111b0083	ኤ ይኖ ኦችዳና አስ ኤዛ ኮዮደ ፋናን ቁርች ደንጎደ ፋና። ማቅኮን ኤ ኑፓ Ꮉኮ ባያ።
2c111c0098	ይንታፓ ፈቲ ፈቲ የጽዙንꬅ፥ ‹ኑ ኤ ናኡንꬃና› ማቅዳን ፋና፥ ኑ ኤ ግዳ ፋጻ የነ፥ ኤንእንታነ።
2c111d00d6	ይኬ፥ ኑ ጾዘ ናኡንꬃና ማቅደ ግሾ ‹ጾዚ አስ ዪላትꬃራን ቆፋራ ዎርቃፓ ዎይ ብራፓ ዎይ ሹቻፓ ኦችንትደባዝ አዛነ› ጋእ ቆፖደስ ቤዞስ።
2c111e00bf	ይኒ ግሾ፥ ጾዚ ቲኖ ዎደ አስ ኤርካይዛራ ኦችዳኖ አሺ አꬍዳ፥ የዝን Ꮉተ ኡባ በሳ የዘ አስ ኡባ ናጋራፓ ማቃደ ጋር ኪታነ።
2c111f00e5	አኮስ ጋይኮ፥ ጾዚ ፋ ዶርደ አꬄራ ሳአላ የዘ አስ ኡባላ ጽሎ ፍርዳ ፍርዶደስ ቃማ ጊግዚ ጋድዳ። ኤዛ Ꮉይቆፓ ደንꬂ ይኖ አስ ኡባስ ጌሽዳ» ጋይዳ።
2c112000d0	ኡንታፓ ፈቲ ፈቲ አሱንꬅ Ꮉይቆፓ ደንደባዝ ጳዉሎሳፓ ስእ፥ ኤዛ ለቂዳ። የዝን መሉንꬅ፥ «ኑኒ ይኖ ኔፓ ጉጂ ስኦደስ ኮያነ» ጋይዳ።
2c1121003b	ይኒ ግሾ፥ ጳዉሎሳ ኡን ግዳፓ ከዝዳ።
2c112200fc	የዝን ፈቲ ፈቲ ꬊራꬁንꬂ ጳዉሎሳራ የሊ አማንዳ። ኡን ግዳፓ አርዮስፓጎሳን ሺቅተ የዘ ድዮናስዮሳ ጋዘ አꬄ፥ ዳማሪሶ ጋዘ ፈቲ ማችታን መሉንꬅን ኡንታራ የነ።
2c12010054	ይንፓ ሱባ፥ ጳዉሎሳ አቴናፓ ኬዚ፥ ቆሮንቶሳ ቅትዳ።
2c1202015d	እዘ አቂላ ጋዘ ጳንጦሳ የልንትደ ፈቲ አይሁደ አስ ደንግዳ። አይሁደ አሱንꬃና ኡባ ሮመፓ ኬሳደ ጋር ካት ቃላዉድዮሳ ኪትደ ግሾ ኤራꬅ ዎደፓ ቲኖ ኤ ፋ ማችት ጵርስቅላራ ጣለፓ ይእዳ። ጳዉሎሳ ኡንታራ የልንቶደስ Ꮉንግዳ።
2c1203006d	ኤ ኦችታ ኡንትንጋራ ዱንካነ ስከ ማቅደ ግሾ ኡንታራ በቲ ዎላ ኦችዳ።
2c12040091	ጳዉሎሳ ሳምባታ ኡባ አይሁዱንꬃናን ግርኩንꬃና አማንꬆደስ አይሁደ ዎሳ ኬꬃ ሚንግ ኦህነ።
2c120500c4	ስላሰን ጢሞትዮሳን መቀዶንያፓ ይእደ ዎደ ጳዉሎሳ ፋ ኩሙꬅ ዎድቶ እንግ አይሁዱንꬅስ የሱሳ ኤ፥ ክርስቶሳ ጋእ ቃላ ኦህዳ።
2c12060101	የዝን ኡን ጳዉሎሳ እጺ ኤዛ ጫዥን ጳዉሎሳ ፋ ማእትፓ ጹራ ትቅዝ፥ «ይን ጎምታ ይንታና የሎ፤ ታ ይነ የዞስ። ይኬፓ ሱባ፥ ታ አይሁደ ማቆሰ አሱንꬃጎ ቅታነ» ጋይዳ።
2c120700a6	እዝፕ ኬዚ ጾዝ ጎይንዘ ትቶስ ኢዮስጦሳ ጋዘ አꬄ ካራ ቅትዳ። ኢዮስጦሳ ኬꬅታ አይሁደ ዎሳ ኬꬂ ካለ የነ።
2c120800e5	አይሁደ ዎሳ ኬꬅት Ꮉላቅዘ ቃርስጶሳ ፋ ካራ አሱንꬅ ኡቡንꬃራ ላꬅ አማንዳ። ቆሮንቶሳ አሱንꬃፓ ጋሙንꬅ ጾዝ ቃላ ስእደ ዎደ አማኒ ጻማቅንትዳ።
2c12090061	ላꬂ ፈቲ ቃማ ጳዉሎሳስ በንቲ፥ «ዣሽትፐ፤ ኦሆ፥ ስእ ጋይፐ።
2c120a009d	ታኒ ኔራ የነ። ታስ Ꮉና ካታምተ፥ ጋማ አስ የዘ ግሾ ነና ቆሂ ኢታበሳ ኦሎደ አስ ኦደን ባያ» ጋይዳ።
2c120b0090	ይኒ ግሾ፥ ጳዉሎሳ ጾዘ ቃላ አሱንꬃና ታማርስተራ ፈቲ በረን እዝፑን አግና ኡንታራ በትዳ።
2c120c008a	ጋልዮሳ አካያ ሳአ አህዘ ዎደ አይሁዱንꬅ ፈትላ ጳዉሎሳላ ደንዲ ፍርዳ ኬꬃ ኤዛ ካንግ፥
2c120d0064	«Ꮉይ አꬃይ ህገ እጺ፥ አሱንꬅ ጾዝ ጎይኖደ ጋር ዪዛነ» ጋይዳ።
2c120e00cd	ጳዉሎሳ ኦሆደስ ይአደራ፥ ጋልዮሳ አይሁዱንꬃጎ፥ «አይሁዱንꬆ፥ ይና ኢታ ኦቻ ዎይ ቆሄ ማቅኮ ታ ይን ባዝ ዳንዳእ ስኦደስ ቤዛነ።
2c120f00ac	የዝን ቃላስን፥ ሱንꬅስን ይን ህግትስን ይን ላልዘባዝ ማቅኮ ይን፥ ይንትስ ብሎተ፤ ይኖ ታ ፍርዶስ» ጋይዳ።
2c12100041	የይዝ፥ ኡንታና ፍርዳ ኬꬃፓ ባለ ከስዳ።
2c121100c9	ይንፓ ሱባ፥ አሱንꬅ ኡባ አይሁደ ዎሳ ኬꬃ Ꮉላቅዛ ሶስተንሳ አይኪ ፍርዳ ኬꬂ ቲኖ Ꮉꬍዳ። የዝን ጋልዮሳስ ይና አኮን አዝካያ።
2c12120147	ጳዉሎሳ ጋማ ዎደ ቆሮንቶሳ ግዳ በትዳንፓ ሱባ አማንዘ አሱንꬃና ሳሮꬅ፥ ጵርስቅልራን አቂላራ ማርካበራ ሶርያ ቅትዳ። የዝን ኤ ቅቶዳንፓ ቲኖ ፋስ ቃይንግደባዝ የዘ ግሾ ክንክርያ ካታማ ፋ ኦምቶ መድንትዳ።
2c121300c1	ኡን ኤፈሶነ የልደ ዎደ ጳዉሎሳ ጵርስቅላን አቂላን እዘ አሽዳ። የዝን ፋስ አይሁደ ዎሳ ኬꬃ ገሊ አይሁዱንꬃራ ኦህንትዳ።
2c1214005e	ኡን ፋራ ጋማ ዎደ በቶደ ጋር ጳዉሎሳ ዎስዳ የዝን ኤ እጽዳ።
2c1215008c	ኡንታፓ ሻክንትተር፤ «ጾዚ ጋይኮ ይንታጎ ማቂ ዮኦዳ» ያጋእ ኤፈሶነፓ ማርካበራ ቅትዳ።
2c1216008c	ቂሳርያ የልደ ዎደ የሩሳላመ Ꮉንግ ዎሳ ኬꬃ አሱንꬃና ሳርꬅዳንፓ ሱባ አንጾክያ ቅትዳ።
2c12170098	እዘ ኤራꬅ ዎደ ጋምእዳንፓ ሱባ አማንዘ አሱንꬃና ኡባ ምንꬅꬅተራ ጋላትያራን ጵርገራን አꬍዳ።
2c121800b6	እስክንድርያ የልንትደ ፈቲ አጵሎሳ ጋዘ አይሁደ አስ ኤፈሶነ ቅትዳ። ኤ ኦሄ ኤርዘ አስን ጾዘ ቃላ ጋማ ኤርዘ አስ።
2c121900a5	ኤ ላꬂ ኦግቶ ታማሪ፥ አያናራ ኤጺ የሱሳ ባዝ ሉለ ታማርሳነ። ማቆ የዝን፥ ዋሐንሳ ጽንቃተ ጻላላ ኤራነ።
2c121a00e7	ኤ አይሁደ ዎሳ ኬꬅተ ዣሽትካይዛራ ታማርሳነ። ጵርስቅላን አቂላን ኤ ኦህዛኖ ስእደ ዎደ ኤዛ ፋራ ካራ ካንግ ጾዘ ኦግቶ ቲኖስትፓ ጌሽ ኤስ ኦህዳ።
2c121b015b	አጵሎሳ አካያ ቅቶደስ ኮይን ኤፈሶነ የዘ አማንዘ አሱንꬅ ኤ ቆፍቶ ኤኪ አካያ የዘ አማንዙንꬅ ኤዛ ሞኮደ ጋር ኡንትስ ዳብዳበ ጻፍዳ። ኤ እዘ የልደ ዎደ ጾዘ አꬎ ኬሃትꬅት ባጋራ የሱስ ክርስቶሳ አማንዱንꬃና ጋማ ማድዳ።
2c121c00b4	አኮስ ጋይኮ፥ የሱሳ ኤ ክርስቶሳ ማቅዛኖ አይሁዱንꬅስ ጾዘ ቃላፓ ቆንጭዝ አሱንꬅ ቲኖ ምንꬂ ኦህ ኡንታና ላꬅዳ።
2c130100b1	አጵሎሳ ቆሮንቶሳ የዘ ዎደ፥ ጳዉሎሳ ዎካ ዛላራ አꬊ ኤፈሶነ ቅትዳ። እዘን ፈቲ ፈቲ አማንዘ አሱንꬃና ደንግዳ።
2c130200dc	ኡንታጎ፥ «ይን አማንደ ዎደ ጌሽ አያና ኤክዳተ?» ጋእ ኦጭዳ። ኡን፥ «አደ፥ ኤክካያ፤ መለ አቶ የዝን፥ ጌሽ አያና የዛኖን ስእካያ» ጋይዳ።
2c130300b1	ጳዉሎሳ ኡንታጎ፥ «ዬዝን፥ አኮር ጻማቅንትዶተ?» ጋይዳ። ኡን፥ «ኑኒ ዋሐንሳ ጽንቃተ ጻማቅንትዳ» ጋእ ማህዳ።
2c130400c1	ጳዉሎሳ፥ «ዋሐንሳ ፋፓ ሱባራ የእዘ የሱሳ አማኖደ ጋር አሱንꬅስ ኦህተር፥ ናጋራፓ ማቀስ ኮሽዘ ጽንቃተ ጻማቅዳ» ጋይዳ።
2c1305005c	ኡን ይኖ ስእደ ዎደ ላꬄ የሱሳ ታማረ ማቃደስ ጻማቅንትዳ።
2c130600b6	ጳዉሎሳ ፋ ኩሽቶ ኡንታላ ጋድዘ ዎደ ጌሽ አያና ኡንታላ ዎꬍን፥ መለ መለ ዶናራ ዎላ ኦህንትዳ፤ ማህ ትንቢተ ኦህዳ።
2c13070042	ይና በስተ ታጶ ላምእ ማቅዘ አሱንꬅ የነ።
2c130800d0	ጳዉሎሳ አይሁደ ዎሳ ኬꬃ ገሊ፥ ጾዘ ካእቱሞ ባዝ ዣሽትካይዛራ ማርክꬍተር ሎይꬂ ቆንጭዝተር ኡንታራ Ꮉይꬕ አግና የሎደስ ጋምእዳ።
2c13090116	የዝን ኡንታፓ ፈተ ፈተ ꬉበ ማቂ ጋማ አሱንꬅ ቲኖ ላꬄ ኦግቶ ጫዥ አማናንጺ እጽዳ። ጳዉሎሳ አማንዙንꬃና ኡንታፓ ሻጊ ኤኪ ጥራኖሳ ጋዘ ትምርተ ኬꬃ ኡባ ዎደ ኡንታና ታማርስዳ።
2c130a00c5	ጳዉሎሳ ላምእ በረ የሎደስ ቃላ ኦህዳ። ይኒ ግሾ፥ እስያ የዘ አሱንꬅ ኡባ፥ አይሁዱንꬅን አይሁደ ማቆሱንꬅ ላꬄ ቃላ ስእዳ።
2c130b003f	ጾዚ ጳዉሎሳ ኩሽተ ዳማ ክለ ባዝ ኦችዳ።
2c130c00ca	ይኒ ግሾ፥ አሱንꬅ ኤ ጋልቶ ቦችደ ማራብቶ ዎይ ማእቶ Ꮉርጋንቹንꬅስ ካንጋነ። ኡንትን ፋጻነ፤ ቱና አያኑንꬅን ኡንታፓ ከዛነ።
2c130d010b	ቱና አያና ከስተራ ዉትዘ አይሁዱንꬃፓ ፈተ ፈተ፥ «ጳዉሎሳ ሳባክዘ የሱሳ ሱንꬅተ ከዞተ ጋእ ይንታና ኪታነ» ጋእ፥ ቱና አያና አይክደ አሱንꬃላ ላꬄ የሱሳ ሱንꬅቶ ጼግዳ
2c130e0094	አይሁደ ማቅደ ካህኑንꬅ Ꮉላቃፓ ፈቲ አስቄወ ጋዘ አꬄስ ይኖ ኦችዘ ላፑን ꬊራꬅ ናኡንꬅ የነ።
2c130f009c	የዝን ቱና አያንዘ ኡንታጎ፥ «ታኒ የሱሳን ኤራነ ጳዉሎሳ ባዝን ኤራነ፥ የዝን ይን ኦደ?» ያጋይዳ።
2c131000ae	ቱና አያንዘ አይክደ አꬄ ኡንታላ ዶሊ ዎꬊ፥ ኡንታና Ꮉርግዝ፥ ይና ኬꬅትፋ ካሎ ዎጽ ꬋቦደ ዎንꬅስ ዎልቂꬍዳ።
2c131100ad	ኤፈሶነ የዘ አይሁዱንꬅን አይሁደ ማቆሱንꬅ ኡባ ይኖ ስእ ጋማ ዣሽትዳ። ላꬂ የሱሳ ሱንꬅታ ጋማ ቦንችንትዳ።
2c1312006f	አማንዙንꬃፓ ጋሙንꬅ ፋ ኦችደ ኢታ ኦችቶ ቡጽተራ ቆንጨ ኦህተር የነ።
2c131300b9	ብትዙንꬃፓ ጋሙንꬅ ፋ ማጻፍቶ ሺሺ አስ ኡባ ቲኖ ምችዳ። ይና ማጻፍት ዋግታ እችንታም ሙኩል ሹች ብራ ሳንትመ ማቅዳ።
2c1314005c	ይኒ ጋር ይእ ጾዘ ቃላ ዎልቃር ድጭተራን ዳልግተር ቅትዳ።
2c131500e8	ይና ፎልንትዳንፓ ሱባ ጳዉሎሳ፥ «ታኒ የሩሳላመ ቅቲ ማቂ ሮመን Ꮉንጎደስ ቤዛነ» ጋእ መቀዶንያራን አካያራን አꬊ የሩሳላመ Ꮉንጎደስ ቆፋ አጭዳ።
2c131600a9	ማህ ፋና ማድዙንꬃፓ ላምኡንꬃና ጢሞትዮሳን ኤራስጦሳ መቀዶንያ ኪቲ፥ ፋስ እስያ ግዳ ኤራꬅ ዎደ ጋምእዳ።
2c13170051	የ ዎደ ላꬄ ኦግት ግሾ ኤፈሶነ ግዳ ዳማ ካች ከዝዳ።
2c13180092	ፈቲ ብራ ቆጽዘ ድሜጥሮሳ ጋዘ አꬄ አርጤሚሳ ኤቃ ኬꬃ ምስለ ብራፓ መꬊ ጋማ ትርፈ ድንግዛነ።
2c131900a4	ይኒ ግሾ፥ ይኒ ፋና ኦቻ ኦችዙንꬃና ፈትላ ሺሺ፥ «አሱንꬆ፥ ኑ ዱረትꬅታ Ꮉና ኦችተ ማቅዳኖ ይን ኤራነ።
2c131a0110	Ꮉይ ጳዉሎሳ፥ ‹አስ ኩሸ መꬍንትደ ኤቁንꬃና ባነ› ጋእ፥ ኤፈሶነን ኤራꬅ ሳአፕ አትን ኩሙꬅ እስያ ኡባ የዘ ጋማ አሱንꬃና ኦህ አማንꬅዳኖን ባልꬅዳኖን ይን ብእዳ ስእዳ።
2c131b010b	ማꬋ ማቅዳና፥ ኑ ኦችታ ለቂንትዛኖ ጻላላ ማቅካይዝን እስያ ሳአ ኡባ የዘ አስ ጎይንዘ ዳማ ኤቃ አርጤሚሰ ኬꬅታ ቦንችንትካይዛር አቶዳና እ ዳማትꬅታ ጎልኦዳኖ» ጋይዳ።
2c131c006d	አሱንꬅ ይኖ ስኤዘ ዎደ ዥልꬊ፥ «ኤፈሶነ አርጤሚሳ ዳማ» ጋእ ኡክዳ።
2c131d00c6	ይና ኡፍታ ካታማ ኡባ የልዳ። ጳዉሎሳራ የꬍዘ መቀዶንያ አሱንꬃና፥ ጋዮሳን አርስጥሮኮሳን አይኪ ጎችተር ካእዘ በሳ ዎጽዳ።
2c131e007b	ጳዉሎሳን አሱንꬅ ሺቅደ በስተ ገሎደስ ኮይዳ፥ የዝን አማንዙንꬅ ኤዛ ካይዳ።
2c131f00b7	እስያ ሳአ Ꮉላቁንꬃፓ ጳዉሎሳ ላገ ማቅደ ፈተ ፈተ ጳዉሎሳጎ ኪቲ፥ «ካስ በስተ ቆንጨ ኬዚ በንትፐ» ጋእ ኤዛ ዎስዳ።
2c132000e6	ሺቅደ አሱንꬅ Ꮉኖደባዝ ꬋብዳ፤ ጋንግዘ ባጋ አሱንꬅ መለ አቶ የዝን አኮስ ሺቀዛኮ ኤሮሰ ግሾ ፈተ ፈትባዝስ ኡክዘ ዎደ Ꮉንካይ መለባዝስ ኡካነ።
2c13210111	አይሁዱንꬅ እስክንድረ ጋዘ አꬃ አꬂ ቤዝን፥ ፈቲ ፈቲ አሱንꬅ ኤ ጋዉደ ባዝ ኦህ ኤዛ ቲኖ አꬅዳ። ኤ አሱንꬅ ስእ ጋዉደ ጋር ፋ ኩሽተ ማሊ ቤዚ፥ አሱንꬅስ ሞትንቶደስ ኤቅዳ።
2c132200da	የዝን እስክንድረ አይሁደ አስ ማቅዳኖ አሱንꬅ ኤርደ ዎደ ላምእ ሳተ ማቃደ ጋር ኡቡንꬅ ፈቲ ቃላራ፥ «ኤፈሶነ አርጤሚሰ ዳማ» ጋእ ኡክዳ።
2c132300ed	ዉርሱꬅተ ካታማ ጻፍዘ አሱንꬃና ስእ ዪዚ፥ «ኤፈሶነ አሱንꬆ! ኤፈሶነ ካታማ ዳማ አርጤሚሰ ኤቃ ኬꬅን ሳሎፓ ዎꬍደ ዳማ ሹችዛ ናግዛኖ ኤሮሰ አስ ባያ።
2c13240085	Ꮉኖ ካድዘ አስ ባይዘ ግሾ ይን ስእ ጋኦደስን ኤልሲ አኮ ባዝ ዪዛንጽ አሾደስ ቤዛነ።
2c1325008b	ይን Ꮉንꬅ አሱንꬃና፥ ኤቃ ኬꬃ ብራ ካይስትካይዙንꬃናን ኑ ጾዛ ጫዝካይዙንꬃና ክእዳ።
2c132600d8	ይኒ ግሾ፥ ድሜጥሮሳን ኤራ የዘ ኦችዘ አሱንꬅ ሞቶደስ ኦና ኮይዛኮ፥ ፍርዳ ኬꬅታ ቡጉꬅ የነ፤ ዳይኑንꬅን የነ፤ ኡን ሞቶደስ ዳንዳአነ።
2c13270059	የዝን ይን መለ ኦሄ ኮይኮ፥ ሻንጎ ሺቅተ ኦህታ ብእንቶ።
2c132800c4	ይኖ ማቃንጽኮ Ꮉይኖ Ꮉንደ ባዝስ ሮመ ካእቱምታ ኑና ኦጮዳ። Ꮉና ቡቁꬅትስ ምክናተ ባይዘ ግሾ ኑ ምክናቶ ኦሆደስ ዳንዳኦስ»
2c13290020	ያጋእ ሺቅቶ ላልዳ።
2c140100bd	ኡክታ ስእ ጋይዳንፓ ሱባ ጳዉሎሳ አማንዘ አሱንꬃና ጼግዝ ኡንታና ዞሪ ምንꬅꬅዳንፓ ሱባ ሳርꬂ መቀዶና ቅቶደስ ከዝዳ።
2c14020081	ኤ አꬍዘ ሳአ የዘ አማንዘ አሱንꬅስ ቃላ ኦህ ምንꬅꬅዳንፓ ሱባ ግርከ ሳአ ቅትዳ።
2c140300d2	ኤ እዘ Ꮉይꬕ አግና በቲ፥ ማርካበራ ሶርያ ቅቶደስ ቆፒ የዝን፥ አይሁዱንꬅ ፋና ዎꬎደስ ኮይዛኖ ኤሪ መቀዶንያራ ሱብ ማቃደስ ኮይዳ።
2c140400f5	ጳዉሎሳ ሞይዝዱንꬅ ቤርያፓ ጳርሁሳ ናአያ ሶጳጥሮሳ፥ ተሰሎንቀፓ አርስጥሮኮሳን ስኮንዱሳ፥ ደርበፓ ጋዮሳ፥ እስያፓ ትክቆሳ፥ ጥሮፍሞሳን ጢሞትዮሳን።
2c1405003f	Ꮉን ስ ቲኖ Ꮉንግ ኑና ጢሮአዳላ ካፋነ።
2c140600c1	ኑ ቦራ ባአለ ቦንችዳንፓ ሱባ ፍልጵስዩሳፓ ማርካበራ ደንዲ፥ እችንꬃ ቃማራ ኡንታና ጢሮአዳ የሊ እዘ ላፑን ቃማ ጋምእዳ።
2c140700e0	ሳምንታፓ ቲኖ ቃማ ኑ ቦራ ባጾደስ ሺቂ የዝን፥ ጳዉሎሳ ዎንትስቶ ቅቶደስ ቆፕደ ግሾ ኡንትስ ቃላ ኦህተራ ግዲ ብላሄ የሎደስ ኦህቶ ጋምእዝዳ።
2c14080036	ኑ ሺቂ በትደ ፎቅተ ጋማ ፎኦ የነ።
2c140900fb	ኤዉጥኮሳ ጋዘ ፈቲ ይꬍዘ ማስኮተላ በቲ፥ ፋና ቦቲ ገንትዳ። ጳዉሎሳ ኦህቶ ጳርግዝደ ዎደ ኤዉጥኮሳ ገንት Ꮉይꬕንꬃ ፎቅዘፓ ጎልእ Ꮉይቀዝን አሱንꬅ ደንꬅዳ።
2c140a0080	የዝን ጳዉሎሳ ዎꬊ፥ ኤላ ዙግዳ። ኤዛ እርንግ፥ «ኤ Ꮉይቂካያ፥ ታንፐተ» ጋይዳ።
2c140b00a5	ይንፓ ሱባ፥ ኡደ ፎቀላ ኬዚ ቦራ ባጽ ሙእዳ። ሳአ ዎንቶደ ዎንꬅስ አሱንꬅስ ኦህዳንፓ ሱባ ደንዲ ቅትዳ።
2c140c0042	የ ፋጽደ ይꬍዛ ካራ ካንግ ጋማ ኡፋይትዳ።
2c140d0103	የዝን ጳዉሎሳ ፋና እዝፓ ሞኮደ ጋር ኑስ ኦህደ ግሾ ቲንꬊ ማርካበጎ Ꮉንግ፥ አሶሳ ቅቶደስ ደንድዳ። አኮስ ጋይኮ፥ ኤ ቶሄራ ቅቶደስ ቆፕደ ግሾ ኑና Ꮉኒ ጋር ኪትዳ።
2c140e005f	ኤ ኑራ አሶሳ የልንትን ማርካበራ ኤዛ ኤኪ ምጢሊነ Ꮉንግዳ።
2c140f00c6	ዎንትስት ዎደ እዝፓ ደንዲ ማርካበራ ክዮሳ ቲኖ የዘ በስተ የልዳ፤ ማህ ዎንትስት ዎደ ሳሞሳ ፊንግ ካልዘ ዎድተ ምሊጠ የልዳ።
2c141000d9	ጳዉሎሳ እስያ ግዳ ጋማ ጋምእካይዛራ ኤፈሶነ ካለራ አꬎደስ ቆፕዳ። ፋስ ዳንዳእንትኮ ጰንጠቆስጠ ባአለ ዎደ የሩሳላመ የሎደስ ኤልሳነ።
2c1411005b	ጳዉሎሳ ምሊጠፓ ኤፈሶነ ኪቲ ዎሳ ኬꬃ ጭሙንꬃና ጼግዝዳ።
2c141200e3	ዎሳ ኬꬃ ጭሙንꬅ ኤጎ ይእን፥ ኡንታጎ Ꮉንጋራ ያጋይዳ፦ «ታኒ እስያ ገልደ ቲኖ ቃምትፓ አይኪ ይንታራ የዝደ ዎደ ኡባ ዋይዝ የዘዛኮ ይን ኤራነ።
2c1413007c	አይሁዱንꬅ ሺቂ ታላ ማꬋ የልꬅኮን ታ አሽከትꬃራን ጋማ አፉꬃራ ላꬅስ ኦችዳ።
2c14140088	ቡጫን ይን ኬꬅተ ኬꬅተ ይንታና ታማርስተራ ይንታና ማድዘ ባዛፓ ፈትባዝን ፋጭዝካያ።
2c141500a6	ታኒ አይሁዱንꬅስን አይሁደ ማቆሱንꬅስ ናጋራፓ ጾዛጎ ማቃደ ጋራን ኑ ላꬄ የሱሳ አማኖደ ጋር ማርክꬍዳ።
2c1416008d	«እዘ ታና አኮ የሎደ የዛኮ ኤሮስ፥ የዝን Ꮉተ ታኒ ጌሽ አያናስ ኪትንቲ የሩሳላመ ቅታነ።
2c14170077	ይኖ ማቅኮን ጌሽ አያና ካታማ ኡባ አችን ማꬋን ታና ናግዛኖ ታስ ማርክꬍዳ።
2c141800d0	የዝን ታ ዎꬅቶ ፎሎደስ ላꬄ የሱሳፕ ኤክደ ኦችቶ፥ ጾዘ አꬎ ኬሃትꬅ ዎንገለ ማርክꬍዛኖ ፎሎደስ ታ ሸምፕቶ ፋꬆሰ ባዝ ፋና ፋይዳነ።
2c1419009d	«ታኒ Ꮉተን ጾዘ ካእቱሞ ማርክꬍተራ ይን ግዳ ዉትዳ። ይኬፓ ሱባ ይንታፓ ኦደን ታና በአማኖ ኤራነ።
2c141a0081	ይኒ ግሾ፥ ይንታፓ ፈቲ አስ ꬋብኮን ታ ኦጭንታማኖ Ꮉይኖ ቃማ ይንትስ ጌሽ ኦህነ።
2c141b0069	አኮስ ጋይኮ፥ ጾዘ ቆፋ ኡባ ይንትስ አኮ ባዝን አሽካይዛራ ኦህዳ።
2c141c00ca	«ፋ ናአይ ሱꬅተ ዎንግደ ጾዘ ዎሳ ኬꬅቶ ናጎተ። ጌሽ አያና ይንታና የንግዙንꬃና ማህ ዶርደ ዉድትስን ይን ኦምትስን ናግንቶተ።
2c141d0086	ታኒ Ꮉንግዳንፓ ሱባ፥ ዉድትስ ይቅስንቶሰ ኢታ ሱዹሙንꬅ ይን ግዳ ገሎዳኖ ታ ኤራነ።
2c141e0075	ታማሩንꬃና ፋ ሱብ ካልꬆደስ ዎርዶ ታማርስዘ አሱንꬅ ይን ግዳፓ ደንዶዳ።
2c141f0094	ይኒ ግሾ፥ ታ Ꮉይꬕ በረ ቃማን አዋራን አፉꬃራ ይንታና ኦምተ ኦምተ ካጭዳኖ ቆፕተር ምንጎተ።
2c142000bc	«Ꮉተን ይንታና ምንꬆደስን ጌሽ አሱንꬃራ ላታ እማደስ ዳንዳእዘ ጾዘስን ኤ አꬎ ኬሃትꬅ ቃላስ ይንታና Ꮉዳራ እንጋነ።
2c1421004e	«ታኒ ኦደፓን ብራ ዎይ ዎርቃ ዎይ አፉላ ኤክካያ።
2c1422007e	ታኒ ታ ኩሽተ ኦቺ ታስን ታራ የዙንꬃና ቤዘባዝ ማድዳኖ ይን፥ ይን ኦምተ ኤራነ።
2c1423010d	ይን Ꮉንፋና ላቢ ኦችተራ ላቢዱንꬃና ማዶዳኖን ላꬂ የሱሳ፥ ‹ኤክዘፓ አꬊ እንግዛይ አንጅንትዳያ› ጋይደ ቃልቶ ይን ቆፖደስ ቤዛኖ ታ ይንታና ኡባባዝተ ቤዝዳ» ያጋይዳ።
2c1424005c	ጳዉሎሳ ይኖ ኦህ Ꮉሲ ኡን ኡቡንꬃራ ቡንቁንቲ ጾዝ ዎስዳ።
2c14250041	ኡን ኡቡንꬅ ጳዉሎሳ እርንግ ዬኪ ዬሪዳ።
2c14260098	ኤ ማህ፥ «ታና በአማ» ያጋይደ ቃልታ ኡንታና ጋማ አዛንꬅዳ። ኡን ማርካበ የሎደስ ኤዛ ሞይዝዳ።
2c150100a4	ኑ ኤፈሶነ ጭሙንꬃፓ ሻግንትደፓ ሱባ ማርካበራ ቆሰ ቅትዳ። ዎንትስት ዎደ ሮዳ የሊ እዝፓ ጳጥራ ቅትዳ።
2c1502005c	ፈንቀ ፊንግዘ ማርካበ ደንግ ኤ ግዳ ገሊ ቅቶደስ ደንድዳ።
2c150300bd	ኑ ቆጵሮሳ ብእደ ዎደ፥ ቆጵሮሳ ዎርክታ ባጋ አሺ ሶርያ የꬍዳ። ማርካብዘ ፋ ጫንቶ እዘ ኬꬆደስ ኮይደ ግሾ ጢሮሳ ቅትዳ።
2c150400ae	እዘ አማንዘ አሱንꬃና ደንግ ኡንታራ ላፑን ቃማ በትዳ። ጳዉሎሳ የሩሳላመ ቅታመ ጋር ኡን ኤስ አያናራ ኦህዳ።
2c150500f4	ኑኒ ኡን ካለ ጋምእዘ ዎድታ Ꮉልእን ኬዚ ቅትዳ። ኡን ኡባ ፋ ማቹንꬃራን ፋ ናኡንꬃራ ዎላ ካታማፓ ጋጻ ኬሲ ኑና ሞይዝዳ። ኑ አባ ካለ ቡንቁንቲ ጾዝ ዎስዳ።
2c15060067	ይንፓ ሱባ፥ ዎል ሳሮꬅን ኑ ማርካብተ ገልዳ፤ ኡን ፋ ካራ ማቅዳ።
2c150700a5	ኑ አባ ኦግቶ Ꮉሲ፥ ጢሮሳፓ ጰጠለማይሳ የልዳ። እዘ አማንዘ አሱንꬃና ሳርꬂ፥ ኡን ካለ ፈቲ ቃማ ፌዥዳ።
2c150800bc	ዎንትስት ዎደ ኬዚ፥ ቂሳርያ ቅትዳ። ሳባኬ ፍልጶሳ ካራ የሊ ኤ ካለ በትዳ። ኤ የሩሳላመ ቲኖ ዶርንትደ ላፑንꬃፋ ፈታ።
2c1509004b	ፍልጶሳስ ናበ ማቅደ ኦይዲ ዉዱር ናኡንꬅ የነ።
2c150a0070	ኑኒ ኡንደና ቃማ እዘ በቴዝን አጋቦሳ ጋዘ ናበ ይሁዳፓ ቂሳርያ ይእዳ።
2c150b011a	ኑጎ ይእ ጳዉሎሳ ሳቀ ኤኪ ናብዘ ፋ ኩሽቶን ፋ ቶህቶ አጪ፥ «ጌሽ አያና Ꮉይ ሳቂዘ አዳያ፥ የሩሳላመ አይሁዱንꬅ Ꮉንጋራ አጪ፥ አይሁደ ማቆሰ አሱንꬅስ አꬂ እንጎዳ ጋነ» ያጋይዳ።
2c150c0077	ኑኒ ይኖ ስእደ ዎደ ኑንን የዘ አሱንꬅ ጳዉሎሳ የሩሳላመ ቅታመ ጋር ዎስዳ።
2c150d0107	የዝን ጳዉሎሳ ማህ፥ «ይን Ꮉንጋራ ዬክተራ አኮስ ታ ዎዝንቶ ታንዘ? ታኒ፥ ላꬄ የሱሳ ሱንꬅት ግሾ አጭንተ ጻላላ ማቅካይዝን የሩሳላመ Ꮉይቆደስን ጊግንትዳ» ያጋይዳ።
2c150e0065	ኑ ዞሪዳኖ ኤ ኤካንጽ እጽን፥ «ላꬄ ቆፍታ Ꮉኖ» ጋእ ስእ ጋይዳ።
2c150f0068	እዘ ኤራꬅ ዎደ ጋምእዳንፓ ሱባ ጊግንቲ የሩሳላመ ቅቶደስ ከዝዳ።
2c151000f3	ቂሳርያ የዘ አማንዘ አሱንꬃፓ ኤራꬁንꬅ ኑራ Ꮉንግዳ። ኡን ኑኒ ሸምፖደ በሲ ምናሶነ ጋዘ ቆጵሮሳ አꬄ ካራ ካልꬅዳ። ምናሶነ ቲኖ አማንደ አሱንꬃፓ ፈታ።
2c15110062	ኑኒ የሩሳላመ የልደ ዎደ አማንዘ አሱንꬅ ኑና ኡፋይት ሞክዳ።
2c15120096	ዎንትስት ዎደ ጳዉሎሳን ኑኒ ያይቆባራ የልንቶደስ ቅትዳ። ዎሳ ኬꬃ ጭሙንꬅ ኡቡንꬅ እዘ የነ።
2c151300a1	ጳዉሎሳ ኡንታና ሳርꬅዳንፓ ሱባ አይሁደ ማቆሰ አሱንꬅ ግዳ ፋ ባጋራ ጾዚ ኦችዳኖ ኡባ ኡንትስ ኦህዳ።
2c15140100	ኡን ይኖ ስእደ ዎደ ጾዝ ጋላቲ ጳዉሎሳጎ Ꮉንጋራ ያጋይዳ፦ «ኑ እሻዮ፥ አይሁዱንꬅ ግዳ ዋንꬅ ሙኩሉንꬅ ጾዝ አማነዛኮ ነ በእነ፤ ኡን ኡቡንꬅን ህገ ምንꬂ ናጋነ።
2c15150114	ኔኒ አይሁደ ማቆሱንꬃና ሳአ የዘ አይሁደ ኡባ ፋ ናኡንꬅ ጋራዝንታመ ጋር፥ አይሁዱንꬅ ዎጋ ካላመ ጋራን ሙሴ ህገ እጾደ ጋር ኔኒ ታማርስዛኖ የሩሳላመ የዘ አይሁዱንꬅ ስእዳ።
2c1516003d	ዬዝን አኮ ሎኦ? ነ ይእዳኖ ቱሮ ስኦዳ።
2c15170071	«ይኒ ግሾ፥ ኑኒ ኔስ ኦህዛኖ ስኦ፤ ገፋ የዘ ኦይዲ አሱንꬅ ኑ ካለ የነ።
2c15180117	ኡንታና ኤኪ ኡንታራ ጌዦ፤ ማህ ኡን ፋ ኦምቶ ሜድንቶደ ጋር ኡንትስ ሚሸ እንጎ። ኡን ዛጋ ነባዝ ስእዳና ቱሮ ማቅካይዛኖን ኔኒ ነ ኦምተን ህገ ናግዘ አስ ማቅዳኖ ኡቡንꬅ ኤራነ።
2c1519012f	«የዝን አማንዘ አይሁደ ማቆሰ አሱንꬃና ማቅዛኮ፥ ኡን ኤቃስ ዣርሽንትደባዝ ማአመ ጋር፥ ሱꬅ ኡዣመ ጋር፥ ባዉታ ማአመ ጋራን ኦላላመ ጋር፥ ኑኒ ኦህቶ አጪ፥ ፍርድ ኡንትስ ኪታ ጻፍዳ» ጋይዳ።
2c151a0118	ይንፓ ሱባ፥ ጳዉሎሳ ዎንትስት ዎደ አሱንꬃና ኤኪ፥ ኡንታራ ጌዥዳ። ኤ ፋ ጌዠ ዎድታ አይደ ፎልንቶደ የዛኮ ኤርሶደስን ፋ ዣርሽቶ አይደ ዣርሾደ የዛኮ ኤርሶደስ ጾዘ ኬꬃ ገልዳ።
2c151b00ba	ላፑን ቃማ ፎልንቶደስ ኡኮደራ፥ እስያፓ ይእደ አይሁዱንꬅ ጾዘ ኬꬃ ጳዉሎሳ ብእ፥ አስ ኡባ ደንꬅꬂ ጳዉሎሳ አይክዳ።
2c151c0166	«እስራኤለ አሱንꬆ፥ ኑና ማዶተ፤ Ꮉይ አꬄ፥ ኑ ዎርዥቶ፥ ኑ ህግቶን Ꮉና ጾዘ ኬꬅቶ እጾደ ጋር አስ ኡቡንꬃና ኡባ በሳ ታማርሳነ። ይናን ማቃንጽ እጽን አይሁደ ማቆሱንꬃና ጾዘ ኬꬃ ገልꬂ፥ Ꮉና ጌሽ በስቶ ቱንዝዳ» ያጋእ ኡክዳ።
2c151d00c3	ኡን ይኖ ጋይዳና ዛጋ ኤፈሶነ ጥሮፍሞሳ ጳዉሎሳራ ካታማ ብእደ ግሾ Ꮉተ ጳዉሎሳ ጾዘ ኬꬃ ኤዛ ኤኪ ገልደባዝ ኡንትስ አዝዳ።
2c151e00b8	ካታምታ ኡባ ቡቅንትዳ፤ አሱንꬅ ኡባ ሺቂ ጳዉሎሳ አይኪ ጾዘ ኬꬃፓ ባለ ጎችዳ። ጾዘ ኬꬃ ፉርꬅታ ኤልሲ ጎርድንትዳ።
2c151f00a0	አሱንꬅ ጳዉሎሳ ዎꬎደስ ይአደራ፥ «የሩሳላመ ካታማ ኩሙꬅ ቡቅንትዳ» ጋዘ ዎርታ ሮመ ሻላቃጎ የልዳ።
2c152000cb	ሻላቅዘ ዎታዳሩንꬃናን ማቶ Ꮉላቁንꬃና ኤኪ ዎጽተራ ይእዳ። አሱንꬅ ሻላቅዛን ዎታዳሩንꬃና ብእደ ዎደ ጳዉሎሳ ጉድዛኖ አሽዳ።
2c152100d2	የ ዎደ ሻላቅዘ ሺቂ፥ ጳዉሎሳ አይኪ፥ ላምእ ሳንꬃላታራ አጭንቶደ ጋር ኪትዳ። የይዝ፥ ኤ ኦና የዛኮን አኮ ኦቼዛኮ አሱንꬃና ኦጭዳ።
2c15220123	አሱንꬃፓ ባግታ ፈትባዝ ጋእ ኡክዘ ዎደ Ꮉንኩንꬅ መለባዝ ጋእ ኡካነ። ኡክታ ጋንግደ ግሾ ሻላቅዘ ቱርቶ ሻጎደስ ዳንዳእንታንጽን፥ ዎታዳሩንꬅ ጳዉሎሳ ፋ የዘ በሳ ካንጎደ ጋር ኪትዳ።
2c15230086	ጳዉሎሳ የꬊ ከዝዘ ዳራጅቶ የልዘ ዎደ አሱንꬅ ኡርቂዛን ግሾ ዎታዳሩንꬅ ኤዛ ቶክዳ።
2c1524004a	ጋማ አሱንꬅ፥ «ኤ Ꮉይቆ!» ጋእ ኡክተራ ካላነ።
2c152500f1	ዎታዳሩንꬅ ጳዉሎሳ ፋ የዘ በስቶ ገልꬆደስ ይአደራ፥ ጳዉሎሳ ሻላቅዘጎ፥ «ታኒ ኔስ ፈትባዝ ኦህኮ ስኦዳተ?» ጋይዳ። ኤ ጳዉሎሳጎ፥ «ነ ግርኬ ዶና ኤራነ?
2c152600b4	ኔኒ Ꮉንፓ ቲኖ ቡቁꬅ መꬊ ሸምፖ ዎꬍደ ኦይዲ ሙኩል አሱንꬃና ኤኪ አኮ ባይዘ ጋናስ ገልደ ግብጸ አꬃ ባነ?» ጋይዳ።
2c152700bc	የዝን ጳዉሎሳ፥ «ታኒ፥ ክልቅያ የዘ ኤርንትደ ተርሴሰ ካታማ አስ ማቅደ አይሁደ አስ። ታና አሱንꬅስ ኦህዞያ?» ጋይዳ።
2c152800e7	ሻላቅዘ ኤጎ፥ «ኦሆ» ጋእን ጳዉሎሳ ዳራጃላ ኤቂ፥ አሱንꬅ ስእ ጋዉደ ጋር ፋ ኩሽትራ ማሊዳ። አሱንꬅ ስእ ጋእን እብራይስጠ ዶናራ Ꮉንጋራ ጋይዳ፦
2c1601006d	«ታ እሹንꬆን፥ ታ አዱንꬆ፥ ታኒ Ꮉተ ይንትስ እንግዘ ማህቶ ስኦተ።»
2c16020080	ጳዉሎሳ ኡንትስ እብራይስጠ ዶናራ ኦህዛና ስእ ካሰንፓ አꬂ ስእ ጋይዳ። ኤ ካሊ፥
2c1603011c	«ታኒ ክልቅያ የዘ ተርሴሰ የልንት Ꮉና ካታምተ ድጭዳ። ታ አስታማርዘን ጋማልያለ፤ ታኒ ኑ አዱንꬅ ህግቶ ምንꬂ ታማርዳ፥ Ꮉይኖ ይን ኡባ Ꮉንዛንጋራ ጾዝስ ምሽንትዘ አይሁደ አስ።
2c160400ab	ታ Ꮉና ኦግቶ ካልዘ ማቹንꬃናን ꬊራꬁንሳና አይኪ አች ኬꬃ ኦልተራን ኡንታና ዎዽሳደ ዎንꬅስ ማꬋ ቤዘ አስ።
2c16050142	ይኒ ጋራ፥ ካህኑንꬅ Ꮉላቅዘን ሻንጎ ኡባ ታ ባዝ ማርክꬋደስ ዳንዳአነ። ታኒ ዳማስቆ የዘ ኡን እሹንꬅስ ኡንታፓ ዳብዳበ ኤኪ እዘ የዘ አሱንꬅ አጭንቲ ሴርንቶደ ጋር የሩሳላመ ኡንታና ኮኦደስ እዘ ቅትዳ።
2c1606008b	«ታ Ꮉንግ ዳማስቆ ኡክደ ዎደ አዋራ ሳተ ቆፕካይዝን ሳሎፓ ዳማ ፎኦ ታ ካንቶ ዉቲ ፎእዳ።
2c1607007e	ታ ሳእተ ጎልእ የሳደራ፥ ‹ሳዉላ፥ ሳዉላ፥ ታና አኮስ ባይꬄ?› ጋዘ ቃላ ስእዳ።
2c16080093	ታኒ ማህ፥ ‹ላꬆ፥ ኔኒ ኦደ?› ያጋይዳ። «ኤ ማህ፥ ታኒ፥ ነ ባይꬅዘ ናዝረተ የሱሳ» ያጋይዳ።
2c1609005f	ታራ የዙንꬅ ፎእቶ ብእዳፕ አትን ታስ ኦህዘ ቃልቶ ስእካያ።
2c160a00d9	«ታኒ፥ ‹ላꬆ፥ ታ አኮ ኦቾ?› ያጋይዳ። «ላꬂ ታጎ፥ ‹ደንዲ ዳማስቆ ቅቶ። ነ ኦቾደ ጋር ጾዚ ቆፕደባዝ ኡባ እዘ ኔስ ኦህንቶዳ› ያጋይዳ።
2c160b00a0	ይና ዳማ ፎእትፓ ደንዲ ታ ኣፍታ ꬉምን፥ ታራ የዘ አሱንꬅ ታ ኩሽቶ አይኪ፥ ታና ጎቺ ዳማስቆ የልꬅዳ።
2c160c00bc	«ዳማስቆ የዘ አይሁዱንꬅ ኡባ ማርክ ዘን ጋማ ቦንችዘ ፈቲ ሀናንያ ጋዘ አꬄ፥ ኑ ህግቶ ቦንችዘን ጾዝ ምንꬂ ዎስዘ የነ።
2c160d007d	ኤ ታጎ ይእ፥ ታ ካለ ኤቂ፥ ‹ታ እሸ ሳዉላ፥ ቦኦ› ጋይዳ። ኤልሲ ታ ኤዛ ብእዳ።
2c160e00b5	«ኤ ታጎ፥ ‹ኑ አዱንꬅ ጾዘ ኔኒ ኤ ቆፍቶ ኤሮደ ጋር፥ ጽልዛ በአደ ጋራን ኤ ዶንትፓ ቃላ ስአደ ጋር ቲኒ ነና ዶርዳ።
2c160f0066	ኔኒ ብእደባዝስን ስእደባዝ አስ ኡባ ቲኖ ኤስ ማርካ ማቃደ ፋና።
2c1610007a	Ꮉተ አኮስ ጋምኤ? ጻማቅንቶ፤ ኤ ሱንꬅቶ ጼጊ ነ ናጋርትፓ ሜጭንቶ› ያጋይዳ።
2c16110068	«ታኒ ሱባ የሩሳላመ ማቂ ጾዘ ኬꬃ ዎሶደራ፥ ታስ ቆንጭꬅ በንትዳ።
2c161200b3	ቆንጭስተ ላꬂ ታጎ፥ ‹ነ ታስ ማርክꬍዘ ማርካትꬅቶ አሱንꬅ ኤኮሰ ግሾ ኤልሲ የሩሳላመፓ ከዞ› ያጋኦደራ ብእዳ።
2c161300ad	«ታኒ፥ ‹ላꬆ፥ አይሁደ ዎሳ ኬꬃ ኡባ ነና አማንዙንꬃና አይኪ Ꮉꬍዳያን አች ኬꬃ ኦልዳያ ማቅዛኖ ኡን ኤራነ።
2c161400b8	ኡን ነ ማርካ እስጢፋኖሳ ዎꬍዘ ዎደ ታ ይና ኦችተ ዎላ የነ። ማህ ኡን ካለ ኤቂ ኤዛ ዎꬍዙንꬅ ማእቶ ናጋነ› ያጋይዳ።
2c1615008f	«ላꬂ ታጎ፥ ‹ታኒ ነና አይሁደ ማቆሰ አሱንꬃጎ Ꮉኮ ሳአ ኪቶደ ግሾ ደንዲ ቅቶ›» ያጋይዳ።
2c161600e4	ጳዉሎሳ ይና ቃልቶ ኦህ Ꮉሶደ ዎንꬅስ አሱንꬅ ኤ ጋዛኖ ስእነ። ይንፓ ሱባ፥ ፋ ቃልቶ ꬎቅ ዪዚ፥ «Ꮉና ሳእትፓ ꬋብሶ! ኤ የሳደስ ቤዞስ» ያጋይዳ።
2c16170057	ኡን ካጭንቲ፥ ፋ ማእቶ ኤላ አፋ ꬎጊ ጹራ ኡደ ላሎደራ፤
2c16180115	ሻላቅዘ ብእ ዎታዳሩንꬅ ጳዉሎሳ ኡን ፋ የዘ በሳ ካንጎደ ጋራ ኪትዳ። ማህ አሱንꬅ አኮስ Ꮉንጋራ ካጭንተዛኮ ኤሮደስ ኮይ ጳዉሎሳ ዳፈራ ጋራፊ ሎይꬂ ኦጮደ ጋር ኡንታና ኪትዳ።
2c161900ff	የዝን ዎታዳሩንꬅ ጳዉሎሳ ዳፈራ ምንꬂ አጪ ጋራፎደስ ዪዘ ዎደ ጳዉሎሳ ፋ ካንተ ኤቅደ ማቶ Ꮉላቅዘጎ፥ «ሮመ አስ ፍርዳ ባይዝን ጋራፍዛና ይንትስ ዎጋ?» ያጋይዳ።
2c161a00a5	ማቶ Ꮉላቅዘ ይኖ ስእደ ዎደ ሻላቅዘጎ Ꮉንግ፥ «Ꮉይ አꬄ ሮመ አስ። ኔኒ አኮ ኦቾደስ ቆፐ?» ያጋእ ኦጭዳ።
2c161b008a	ሻላቅዘ ጳዉሎሳጎ ሺቂ፥ «ነ ሮመ አሶ? አነ ታስ ኦሆ» ያጋይዳ። ጳዉሎሳ፥ «ዬ» ያጋይዳ።
2c161c00c3	ሻላቅዘ ማህ፥ «ታኒ Ꮉኖ ጋደትꬅቶ ጋማ ሚሸራ ኤክዳ» ያጋይዳ። የዝን ጳዉሎሳ፥ «ታ Ꮉና ጋደትꬅቶ የልንት ኤክዳ» ያጋይዳ።
2c161d00c1	ይኒ ግሾ፥ ጳዉሎሳ ሎይꬂ ኦጮደስ ቆፕዱንꬅ ኢራ ኤፓ ሻክንትዳ። ሻላቅዘ ሮመ አስ ሳንꬃላታራ አጭዳኖ ኤርደ ዎደ ዣሽትዳ።
2c161e0113	ዎንትስት ዎደ ሻላቅዘ፥ አይሁዱንꬅ ጳዉሎሳ አኮስ ሞተዛኮ ሻኪ ኤሮደስ ኮይ ብልዳ። ካህኑንꬅ Ꮉላቁንꬅን ሻንጎ ኡቡንꬅ ሺቆደ ጋር ኪትዳ፤ ማህ ጳዉሎሳ ክእ ኡን ቲኖ ኤስዳ።
2c170100bb	ጳዉሎሳ ፍርድዘ አሱንꬃና ዳኪ ብእ፥ «ታ እሹንꬆ፥ ታ Ꮉይኖ የሎደስ ጾዘ ቲኖ ታ የስተ ኡባ ሎኦ ዎዝናራ የዝዳ» ጋይዳ።
2c1702007f	ካህኑንꬅ Ꮉላቅዘ ሀናንያ፥ ጳዉሎሳ ዶንቶ ባቆደ ጋር ኤ ካለ ኤቅዱንꬃና ኪትዳ።
2c170300ef	የ ዎደ ጳዉሎሳ ኤጎ፥ «ናተ ቦꬅ ፎርቾ ትዥንትደ ዶቸይ፥ ጾዚ ነና ባቆዳ። ኔኒ ታላ ህገራ ፍርዶደስ በቲ የዝተ ህገ አሺ ታና ባቃደ ጋር ኪታነ?» ያጋይዳ።
2c17040071	ጳዉሎሳ ካለ ኤቅዱንꬅ ኤጎ፥ «ነ ጾዘ ካህኑንꬅ Ꮉላቃ ጫዣነ?» ያጋይዳ።
2c170500f7	ጳዉሎሳ፥ «ታ እሹንꬆ፥ ኤ ካህኑንꬅ Ꮉላቃ ማቅዳኖ ታ ኤርካያ፤ አኮስ ጋይኮ ጾዘ ቃልተ፥ ‹ነ ዎርዣ አህዘላ ኢታ ቃላ ኦህፐ› ያጋእንት ጻፍንትዳ» ያጋይዳ።
2c17060178	የዝን ጳዉሎሳ ይና በስተ የዘ አሱንꬃፓ ባጉንꬅ ሳዱቃዉያነ፥ ባጉንꬅ ፋርሳዉያነ ማቅዛኖ ኤሪ፥ «ታ እሹንꬆ፥ ታ ፋርሳዉያነ ፋርሳዉያነ ናአ፤ ‹Ꮉይቂዱንꬅ Ꮉይቆፓ ደንዶዳ› ጋእ ታኒ ኡፋይሳራ ናግዘ ግሾ ኡን ታላ ፍርዳነ» ያጋእ ኦህዳ።
2c1707007f	ጳዉሎሳ ይኖ ጋይደ ዎደ ፋርሳዉንꬅ ግዳን ሳዱቃዉንꬅ ግዳ ካች ከዝን ሻክንትዳ።
2c170800cf	አኮስ ጋይኮ፥ ሳዱቃዉንꬅ፥ «Ꮉይቂደ አስ ደንዶስ፤ ኪታንቾን፥ አያናን ባያ» ያጋዙንꬃና። የዝን ፋርሳዉንꬅ ኡባ የዛኖ አማናነ።
2c1709010c	ዳማ ካች ከዝዳ፤ ፋርሳዉንꬅ ዛላ ማቅደ ህገ አስታማሩንꬅ ደንዲ ኤቂ፥ «Ꮉይ አꬄላ አኮ ባላ ባዝ ደንግካያ፤ ኤስ አያና ዎይ ኪታንቾ ኦህካይዛራ አሾስ» ያጋእ ዎላ ላልዳ።
2c170a00dd	ካችታ ጋንግን አሱንꬅ ጳዉሎሳ ሻቅꬅ ኤካመ ጋር ጋእ፥ ሻላቅዘ ፋ ዎታዳሩንꬅ ዎꬊ ኡን ግዳ ፋ ኤዛ ኤልሲ ኬሲ ፋ የዘ በሳ ካንጎደ ጋር ኪትዳ።
2c170b00d0	ይኒ ቃማ ላꬂ ጳዉሎሳ ካለ ኤቂ፥ «ጳዉሎሳ፥ ነ ታስ የሩሳላመ ማርክꬍዳን ፋና ሮመን ማርክꬋደስ ቤዛነ፤ ምንጎ፤ አኮ ባያ» ያጋይዳ።
2c170c0078	ዎንትስት ዎደ አይሁዱንꬅ፥ «ጳዉሎሳ ዎꬍካይዛራ ሞኦስ ኡዦስ» ጋእ ጫቂዳ።
2c170d0057	ጳዉሎሳላ ይኖ ዞርንት ጫቂደ አሱንꬅ ኦይታማፓ አꬋነ።
2c170e00a5	ኡን ካህኑንꬅ Ꮉላቁንꬅ ጋደ ጭሙንꬃጎ Ꮉንግ፥ «ኑኒ ጳዉሎሳ ዎꬍካይዛራ ካꬃ ጋዘባዝ ሞኦስ ጋእ ጫቂዳ።
2c170f0118	ይኬ፥ ይንትን ሻንጉንꬅን ኤ ባዝ ሎይꬂ ቁርችዘባዝ የዘ ባዝ ማህ፥ ጳዉሎሳ ይንታጎ ኮኦደ ጋር ሻላቅዛ ኦጮተ። ኑኒ ኤ Ꮉና ሺቅታ የሎዳንፓ ቲኖ ኤዛ ዎꬎደስ ጊጊ በትዳ» ያጋይዳ።
2c171000a0	የዝን ጳዉሎሳ ምሽት ናአይ ይና ዞርንትዳኖ ስእ Ꮉንግ ዎታዳሩንꬅ የዘ በስቶ ገሊ፥ ጳዉሎሳስ ኦህዳ።
2c171100a9	ጳዉሎሳ ማቶ Ꮉላቁንꬃፓ ፈታ ጼጊ፥ «Ꮉይ ናአያ ሻላቅዘስ ኦህዘ ባዝ የዘ ግሾ ኤዛ ሻላቅዘጎ ካንጎ» ጋይዳ።
2c171200ef	ማቶ Ꮉላቅዘ ናአያ ሻላቅዘጎ ካንግ፥ «አች ኬꬃ የዘ ጳዉሎሳ ታና ፋጎ ጼጊ፥ Ꮉይ ናአይ ኔስ ኦህዘ ባዝ የዘ ግሾ ኤዛ ኔጎ ኮኦደ ጋር ታና ዎስዳ» ያጋይዳ።
2c17130080	ሻላቅዘ ናአይ ኩሽቶ አይኪ፥ ባለ ኬሲ፥ «ነ ታስ ኦሆደ ቆፍታ አኮ?» ያጋእ ኦጭዳ።
2c171400e1	ናአይ ሻላቅዘጎ፥ «አይሁዱንꬅ ጳዉሎሳባዝ ቲኖፓን ሚንꬂ ቁርቾደስ ኮይዘ ጋር አዝን ኔኒ ዎንታ ኤዛ ሺቅተ ኮኦደ ጋር ነና ዎሶደስ ዞረ አጭዳ።
2c17150134	የዝን ኔኒ ኡን ጋዛኖ ስእፐ። አኮስ ጋይኮ፥ ኦይታማፓ አꬍዘ አሱንꬅ ጳዉሎሳ ዎꬍካይዛራ ‹ካꬃ ሞኦስ፥ Ꮉꬅ ኡዦስ› ጋእ ጫቂ፥ አችንት ኤዛ ካፋነ። Ꮉተ ነ ጋዘባዝ ጻላላ ስኦደስ ካፋነ» ያጋይዳ።
2c17160089	ሻላቅዘ ማህ፥ «Ꮉና ኦህቶ ነ ታስ ኦህዳኖ መለ ኦደስን ኦህፐ» ያጋእ ናአያ ሱብ ዳክዳ።
2c17170113	ሻላቅዘ ማቶ Ꮉላቁንꬃፓ ላምኡንꬃና ጼጊ፥ «ቃማፓ Ꮉይꬕ ሳተ ቂሳርያ ቅቶደስ፥ ላምእ ጼት ዎታዳሩንꬃና፥ ላፑን ታም ፋራ አሱንꬃናን ላምእ ጼት ቶራ ዎርንግዙንꬃና ጊግዞተ።
2c1718008b	ጋድቶ አህዘ ፍልክሳጎ ጳዉሎሳ ሳሮ የልꬆደስ ቶግዘ ፋራ ጊግዞተ» ያጋእ ኡንታና ኪትዳ።
2c1719004a	ሻላቅዘ ፍልክሳስ Ꮉንጋራ ጋዘ ዳብዳበ ጻፍዳ፦
2c171a006a	«ቃላዉድዮሳ ሉስዮሳፓ ጋደ አህዘ ቦንቾ ፍልክሳሳ፥ ሳሮ ኔስ ማቀ።
2c171b00a5	አይሁዱንꬅ Ꮉይ አꬃ አይኪ ዎꬎደስ ይአደራ፥ ኤ ሮመ ሳአ አስ ማቅዳኖ ኤሪ ዎታዳሩንꬃራ የሊ ኤዛ አሽዳ።
2c171c0061	ኡን ኤዛ አኮስ ሞትዛኮ ኤሮደስ ኮይ ኡን ሺቅተ ኤዛ ታ ሺሽዳ።
2c171d0084	ኡን ፋ ህግትስ ኤዛ ሞትዳፕ አትን ኤዛ ዎꬍዘባዝ ዎይ አጭዘባዝ ባይዛኖ ታ ደንግዳ።
2c171e00cd	ኡን Ꮉይ አꬄላ ዞርንትደ ዝግርስታ ታና የልን፥ ታ ኤልሲ ኤዛ ኔጎ ዳክዳ። ኤዛ ሞትዙንꬅ ነ ቲኖ Ꮉንግ ሞቶደ ጋር ኪትዳ» ያጋይዳ።
2c171f0081	ይኒ ግሾ፥ ዎታዳሩንꬅ ኪትንትዳን ፋና ጳዉሎሳ ኤኪ፥ ቃማ አንትጳጥርሳ የልꬅዳ።
2c17200070	ዎንትስት ዎደ ፋራ አሱንꬅ ኤራ Ꮉንጎደ ጋር የይዝ አሱንꬅ ሱብ ማቅዳ።
2c17210079	ቶግዱንꬅ ቂሳርያ የሊ ዳብዳቢዛ ጋደ አህዘስ እንግ፥ ጳዉሎሳ ኤ ቲኖ አꬅዳ።
2c172200bc	ጋደ አህዛይ ዳብዳቢዛ ናባብዳንፓ ማቂ «ጳዉሎሳ፥ ነ አባ ጋደ አሶ?» ጋእ ኤዛ ኦጭዳ። ኤ ክልቅያ አስ ማቅዳኖ ኤርደ ዎደ
2c172300a8	«ታኒ ነባዝ ነና ሞትዙንꬅ ይእደ ዎደ ስኦዳ» ያጋይዳ። ዎታዳሩንꬅ ጳዉሎሳ ሄሮድሳ ግበ ናጎደ ጋር ኪትዳ።
2c180100dd	እችን ቃማፓ ሱባ ካህኑንꬅ Ꮉላቅዘ ሀናንያ፥ ጭሙንꬃራን ጠርጠሉሳ ጋዘ ፈቲ ጻባቅዘራ ቂሳርያ ቅትዳ። ኡን ጋደ አህዙንꬃላ ጳዉሎሳ ሞትዳ።
2c180200f4	ጳዉሎሳ ጼግንት ገልደ ዎደ ጸርጸሉሳ ኤዛ Ꮉንጋራ ያጋእ ሞትዳ፦ «ቦንቾ ፍልክሳ፥ ኑኒ ነ ባጋራ ጋማ ሳሮ ደንግዳ፥ ነ ሎኦ አህዛነ ኑ ጋድታ ጋማ ላምንትዳ።
2c18030066	ቦንቾ ፍልክሳ፥ ኑኒ አባን አይደ ማቅን ፎሎ ጋላታራ ይኖ ኤካነ።
2c1804007b	ታኒ ነና ጋምእዝካይዛራ ኔኒ ነ ኬሃትꬅተ ኑ ባዝ Ꮉታራ ስኦደ ጋር ነና ዎሳነ።
2c180500af	Ꮉይ አꬄ ꬉበ ማቂ ሳአ ኡባ የዘ አይሁዱንꬅ ግዳ ቡቁꬅ መꬊ ናዝራዉንꬅ ባጋ አሱንꬃና ካልꬅዛያ ማቅዳኖ ኤርዳ።
2c180600a2	መለ አቶ የዝን፥ ጾዘ ኬꬅቶ ቱንሳደስ ይአደራ ኑኒ ኤዛ አይክዳ፤ [ኑ ህግትጋራ ኤዛላ ፍርዶደስ ቆፕዳ።
2c18070066	የዝን ሻላቅዘ ሉስዮሳ ይእ፥ ዎልቃራ ኑ ኩሽትፓ ኤዛ ኬሲ ኤክዳ።
2c180800be	ኤዛ ሞትዙንꬅን ኔጎ የኦደ ጋር ኪትዳ]። ኔኒ ነ ኦምተ Ꮉይ አꬃ ቁርች ኑኒ ኤዛ ሞትዘ ሞቶ ኡባ ኤሮደስ ዳንዳአነ» ጋይዳ።
2c18090056	አይሁዱንꬅን፥ «Ꮉና ኦህታ ቱሮ» ጋእ ኤ ቆፍቶ ማእዳ።
2c180a010a	ጋደ አህዛይ ጳዉሎሳ ኦሆ ጋእ ማሊዳ። ጳዉሎሳ Ꮉንጋራ ጋእ ማህዳ፦ «ኔኒ ጋማ ዎደፓ አይኪ፥ Ꮉንꬅ አሱንꬅስ ፍርድተራ የዛኖ ኤሪ ታ ኦህትስ ኡፋይስ ዎꬍን ማሄ እንጋነ።
2c180b008d	ታኒ ጎይኖደስ የሩሳላመ ከዝን ታጶ ላምእ ቃማፓ አꬎሳኖ ኔኒ ነ ኦምተ ኤሮደስ ዳንዳአነ።
2c180c00e1	አይሁዱንꬅ ታና ጾዘ ኬꬃ ማቅን አይሁዱንꬅ ዎሳ ኬꬃ ማቅን ካታማ ማቅን ኦደራን ላሎደራ ዎይ አስ ሺሺ ቡቁ ስ ደንꬅꬆደራ ፈቲ አስን ደንግካያ።
2c180d005b	Ꮉተን ኡን ታና ሞትዘ ባዝትስ ማርካ ደንጎደስ ዳንዳኦስ።
2c180e00de	«የዝን ታኒ ፈትባዝ አማናነ፤ ታኒ ህገ ግዳ የዘባዝን ናቡንꬅ ጻፍደ ኡባባዝቶ አማኒ፥ ኑ አዱንꬅ ጾዛ፥ ኡን ዎርዶ ትምርትተ ኦግተ ጎይናነ።
2c180f008b	ኡን ፋ ኦምተ አማንዛን ጋር ጽሉንꬅን ናጋራንቹንꬅን Ꮉይቆፓ ደንዶዳኖ ታንን አማናነ።
2c1810007a	ይኒ ግሾ፥ ታኒ ጾዘ ቲኖን አስ ቲኖ ኡባ ዎደ ሎኦ ቆፋ ታስ የሳደ ጋር ምንጋነ።
2c181100ac	«ታኒ የሩሳላመፓ ከዝዳንፓ ጋማ በረፓ ሱባ ታ ባጋ ዳሁንꬅስ ማደ እማደስን ዣርሾ ዣርሾደስ የሩሳላመ ይእዳ።
2c181200a2	ታኒ ጾዘ ኬꬅተ ይኖ ኦቺ ጌዠ ዎጋ ፎሊ ማቃደራ ታና ደንግዳ። የ ዎደ ታራ ጋማ አስ ባያ፥ ካችን ከዝካያ።
2c181300ac	የዝን እስያፓ ይእደ ፈቲ ፈቲ አይሁዱንꬅ እዘ የነ፤ ኡን ታላ ኦሆደስ ኮይኮ ይእ ታና ኔላ ሞቶደስ ዳንዳአነ።
2c18140077	ዎይ ታኒ ሻንጎ ቲኖ ሺቅደ ዎደ ኦችደ ባላ የዝኮ Ꮉን ስ ነ ቲኖ የዙንꬅ ኦሆ።
2c181500d8	ቱሮ ታኒ ኡን ግዳ ኤቂ ‹Ꮉይቂዱንꬅ ደንዶ የነ ጋእ Ꮉይኖ ፍርዳስ ይን ቲኖ ሺቅዳ› ጋእ ኡክ ኦህዳ፤ ይንፓ መለ ዪዝደ ባዝ ባያ» ያጋይዳ።
2c181600bc	የዝን ፍልክሳ ላꬄ ኦገ ባዝ ሻኪ ኤርደ ግሾ «ታኒ ይን ኦህቶ ሻላቃ ሉስዮሳ ይእደ ዎደ ፍርዶዳ» ጋእ ቃጻሮ እንግ ዳክዳ።
2c181700be	ፍልክሳ ማህ ጳዉሎሳ አጭካየዛራ ናጎደ ጋራን ኤ እግኑንꬃፓ ኦደን ኤዛ ኦጮደስ የኦደራ ካያመ ፋና ማቶ Ꮉላቅዘስ ኦህዳ።
2c181800c3	ኤራꬅ ቃማፓ ሱባ፥ ፍልክሳ አይሁደ ማቅደ ፋ ማችት ድሩሲላራ ይእ ጳዉሎሳ ኪቲ ክእዚ ክርስቶስ የሱሳ አማኖ ባዝ ኤፓ ስእዳ።
2c181900e6	ጳዉሎሳ ጽሎትꬅባዝ፥ ፋ ኦማ አህዘባዝን ዮኦደስ የዘ ፍርዳባዝ ኦሆደራ፥ ፍልክሳ ዣሽቲ፥ «ነ Ꮉተስ ቅቶ፤ ታስ ዎትደ ዎደ ነና ጼግሳዳ» ያጋይዳ።
2c181a006e	የ ዎደ ጳዉሎሳፓ ጉቦ ኤኮደስ ቆፒ ኤዛ ማህ ማህ ጼግዝ ኤራ ኦህንታነ።
2c181b00ce	ላምእ በረፓ ሱባ፥ ፍልክሳ በስተ ጶርቅዮስ ፍስጦሳ ሹሙንትዳ። ፍልክሳ አይሁዱንꬃና ኡፋይሶደስ ኮይ ጳዉሎሳ ብልካይዛራ አሽዳ።
2c1901006c	ፍስጦሳ ፋ አዉራጃ ገሊ Ꮉይꬕ ቃማፓ ሱባ ቂሳርያፓ የሩሳላመ ቅትዳ።
2c1902006c	እዘ ካህኑንꬅ Ꮉላቁንꬅን አይሁዱንꬃና ካልꬅዙንꬅ ጳዉሎሳ ሞትዳ።
2c190300bb	«ጳዉሎሳ የሩሳላመ ክእዚ ኑስ ሎኦ ባዝ ኦቾያ» ጋእ ዎስዳ፤ ይኖ ኡን ጋይዳና ጳዉሎሳ ኦገ ናጊ ኤዛ ዎꬎደስ ኮይደ ግሾ።
2c19040096	ፍስጦሳ ኡንታጎ፥ «ጳዉሎሳ፥ ቂሳርያ አች ኬꬃ የነ፤ ታኒ ታ ኦምተን ኤልሲ ሱባ ማቃደስ ይእነ።
2c19050073	ኤ ባልደባዝ የዝኮ ይን ሹሙንꬅ ታራ ቂሳርያ ዎꬊ ኤዛ ሞቶ» ያጋእ ማህዳ።
2c190600d7	ፍስጦሳ ኡን ካለ ኦስፉን ዎይ ታጵ ቃማ ጋር ጋምእዳንፓ ሱባ ቂሳርያ ዎꬍዳ። ዎንትስት ዎደ ፍርዳ ኦይዳላ በቲ ጳዉሎሳ ኮኦደ ጋር ኪትዳ።
2c190700a9	ኤ ይእን የሩሳላመፓ ይእደ አይሁዱንꬅ ኤ ካለ ኤቂ ኡን ማርካ ሺሾደስ ዳንዳኦሰ ዳማ ምንꬅ ሞቶ ኤላ ሺሽዳ።
2c190800a0	ጳዉሎሳ ማህ፥ «ታኒ አይሁዱንꬅ ህገ ማቅን ጾዘ ኬꬃ ማቅን ዎይ ሮመ ካት ማቅን ቄሳረ ቆህካያ» ጋይዳ።
2c190900d5	የዝን ፍስጦሳ አይሁዱንꬃና ኡፋይሶደስ ኮይ ጳዉሎሳጎ፥ «የሩሳላመ Ꮉንግ Ꮉና ሞትስ እዘ ታ ቲንተ ፍርድንቶደስ ኮያነ?» ያጋእ ኦጭዳ።
2c190a00cd	የዝን ጳዉሎሳ፥ «ታኒ ፍርድንቶደስ ቤዝዘ ቄሳረ ፍርዳ ኬꬃ ቲኖ ኤቅዳ። ኔኒ ሎይꬂ ኤርዛን ጋር ታ አይሁዱንꬃና አኮራን ቆህካያ።
2c190b0149	ይኬ፥ ታኒ ቆህደባዝን Ꮉይቆስ የልꬅደባዝ ኦችደባዝ ማቅዛኮ Ꮉይቆፓ ታና አሾ ጋኦስ። የዝን ኡን ታና ሞትዘ ሞታ ጨር ማቅኮ ኦደን ታና ኡንትስ አꬂ እንጎደስ ዳንዳኦስ። ቄሳረ ታ ባዝ ፍርዶ ጋእ ኦጫነ» ጋይዳ።
2c190c00ad	የ ዎደ ፍስጦሳ ፋ ዞርንትዙንꬃራ ዞርንት፥ «ኔኒ ቄሳረ ታ ባዝ ፍርዶ ጋእ ኦጭዳ፤ ቄሳረጎ ቅቶዳ» ጋእ ማህዳ።
2c190d007b	ኤራꬅ ቃማፓ ሱባ ካት አግርጳን ባርኒቀን ፍስጦሳ ሳርꬆደስ ቂሳርያ Ꮉንግዳ።
2c190e00d4	እዘ ኡን ጋማ ዎደ ጋምእን፥ ፍስጦሳ ካትዘስ ጳዉሎሳባዝ Ꮉንጋራ ያጋእ ቆንጭዝዳ፤ «ፍልክሳ ብልካይዛራ አሺ ቅትደ ፈቲ አꬄ Ꮉነ የነ።
2c190f00b6	ታኒ የሩሳላመ Ꮉንግደ ዎደ ካህኑንꬅ Ꮉላቁንꬅን አይሁደ ጭሙንꬅ ኤላ አፋ ፍርዶደ ጋር ታና ዎሲ ኤ ባዝ ታላ ሞትዳ።
2c191000e6	ታኒ፥ ‹ሞትንትደ አꬄ ፋና ሞትዙንꬅ ቲኖ ኤቂ ፋ ሞትዳንስ ማሄ እንግካይዝን፥ ኦና ማቅኮን አꬊ እንግንትዛና ሮመ ዎጋ ባያ› ጋእ ኡንትስ ማህዳ።
2c191100a8	«ይኒ ግሾ፥ ኡን Ꮉነ ሺቅደ ዎደ ታኒ ጋምእካይዛራ ዎንትስት ዎደ ፍርዳ ኬꬃ ገሊ ጳዉሎሳ ኮኦደ ጋር ኪትዳ።
2c1912009f	ኤዛ ሞትዙንꬅ ኤ ካለ ዉቲ ኤቂ፥ ኢታባዛራ ኤዛ ሞትካይዛር አሻማ ጋእ ታኒ ቆፕዳን ጋር ኤዛ ሞትካያ።
2c191300a1	የዝን ኡን ፋ አማኖባዝን ጳዉሎሳ፥ ‹ፋጻ የነ› ጋዘ ፈቲ Ꮉይቂደ የሱሳ ጋእንትዘ አꬄባዝ ኤራ ላላነ።
2c191400a4	Ꮉና ኦህታ ታና ሻኮደስ ዴጽደ ግሾ ጳዉሎሳ የሩሳላመ Ꮉንግ፥ እዘ ፍርድንቶደስ ኮይዛኮ ጋእ ኤዛ ኦጭዳ።
2c191500d9	የዝን ጳዉሎሳ ፋ ኦህቶ ቄሳረ በአደ ዎንꬅስ አች ኬꬃ ጋምኦደስ ኦጭዳ። ታኒ ኤዛ ቄሳረጎ ዳኮደ ዎንꬅስ ኤ አጭንቶደ ጋር ኪትዳ» ያጋይዳ።
2c191600dc	ይኒ ግሾ፥ አግርጳ ፍስጦሳጎ፥ «ታኒ ታ ኦምተን Ꮉይ አꬄ ጋዛኖ ስኦደስ ኮያነ» ጋይዳ። ፍስጦሳ ኤጎ፥ «ኔኒ ዎንታ ኤ ጋዛኖ ስኦዳ» ያጋይዳ።
2c191700de	ዎንትስት ዎደ አግርጳን ባርኒቀን ዳማ ቦንቾራ ሻላቁንꬃራ ካታማ የዘ አህዘ አሱንꬃራ ይእ ፍርዳ ኬꬃ ገልዳ። ፍስጦሳ ጳዉሎሳ ጼግዝ ክእዳ።
2c19180103	ፍስጦሳ፥ «ካት አግርጳ፥ Ꮉነ ኑራ የዘ አሱንꬆ፥ አይሁዱንꬅ የሩሳላመን Ꮉነን ዉይሲ፥ ‹ኤ ይኬፓ ሱባ ፋጻ የሳደስ ቤዞስ› ያጋእ፥ ታና ዎስደ አꬃ Ꮉያ ይን በእነ።
2c191900ec	የዝን ኤዛ Ꮉይቆስ የልꬅዘባዝ አኮ ባዝን ታኒ ደንግካያ። ኤ ፋ ኦምተ፥ ‹ቄሳረ ታ ባዝ ፍርዶ ጋእ ኦጫነ› ጋይደ ግሾ ቄሳረጎ ኤዛ ዳኮደስ ቆፋ አጭዳ።
2c191a0117	ታኒ ኤ ባዝ ታ ላꬄ ቄሳረስ ጻፎደስ ማቅዘ ኤርንትደባዝ አኮን ባያ። ይኒ ግሾ፥ ኤ ባዝ ይን ብእኮ ታ ጻፎደባዝ በንቶድ የዛኮ ጋእ ይን ቲኖ አꬂ ካት፥ አግርጳ፥ ነ ቲኖ ኤዛ ክእዳ።
2c191b00c2	አኮስ ጋይኮ፥ አጭንትደ አꬃ አꬅዘ ዎደ ኤ አኮስ ሞትንተዛኮ ምክናቶ ኤርስዝካይዛራ አሽዛና ታስ ኤያትꬅ አዛነ» ያጋይዳ።
2c1a0100a8	አግርጳ ጳዉሎሳጎ፥ «ኔኒ ነባዝ ኦሆደስ ዳንዳአነ» ጋይዳ። የ ዎደ ጳዉሎሳ ፋ ኩሽቶ ደንꬂ Ꮉንጋራ ጋይዳ፦
2c1a0200b2	«ካት፥ አግርጳ፥ አይሁዱንꬅ ታና ሞትደ ባዝስ ኡባ ማሄ እንጎደስ Ꮉይኖ ነ ቲኖ ኤቅተራ ታስ እጻ ሎኦ ጋእ ቆፓነ።
2c1a030094	ይናን ኔኒ አይሁደ ዎጋን ላለን ሎይꬂ ኤራነ፤ ይኒ ግሾ ታና አዛልእካይዛራ ስአደ ጋር ዎሳነ።
2c1a04008c	«ታኒ ናአትꬃፓ አይኪ ታ አሱንꬅ ግዳን የሩሳላመ የዝደ ታ የስቶ አይሁዱንꬅ ኡባ ኤራነ።
2c1a0500a4	ታኒ ቲኖፓ አይኪ፥ ኑ አማኖ ህግቶ ምንꬂ ናግዘ ፋርሳዉንꬅ ኮቻፓ ማቅዳኖ ኡን ማርክꬋደስ ኮይኮ ኤራነ።
2c1a060084	Ꮉተን ታኒ ጾዚ ኑ አዱንꬅስ እንጎዳ ጋይደ ኡፋይስቶ ናግዘ ግሾ ሞትንቲ Ꮉነ ኤቅዳ።
2c1a070129	ማህ ታጶ ላምእ ኑ አዱንꬅ ኮችታ ጾዛ ቃማን አዋራን ምንꬂ ጎይንተር ጾዚ እንጎዳ ጋእዳኖ ኤኮደስ ኡፋይሳራ ናጊ የነ። ካት አግርጳ፥ አይሁዱንꬅ ታና ሞትዛና ታኒ ኡፋይሳራ ይኖ ናግዘ ግሾ።
2c1a080069	ጾዚ Ꮉይቂዱንꬃና ደንꬅዛና አኮስ ይን ግዳ አማንንቶሰ ባዝ ማቅዶ?
2c1a0900a0	«ዛጋ ታኒ ታ ኦምተን ናዝረተ የሱሳ ሱንꬅቶ እጾደስ ዳንዳእንትደ ባዝ ኡባ ኦቾደስ ቤዛነ ጋእ ቆፕዳ።
2c1a0a00e7	ታኒ የሩሳላመ ኦችዳና Ꮉኖ። ካህኑንꬅ Ꮉላቁንꬃፓ አደትꬅ ዎልቃ ኤኪ ጾዝ አሱንꬃፓ ጋሙንꬃና አጭዝዳ። ኡንታና ዎꬍዘ ዎደን ዎꬍዘ ቆፍተ ጊግዳ።
2c1a0b010b	ጋማ ዎደ አይሁደ ዎሳ ኬꬃ ኡባ ኡን ሴርንቶደ ጋራን የሱሳ ጫዦደ ፋና ዎልቂ ስ ቆፕዳ። ታኒ ዎጋባዝ ኡንታና ካጪ መለ አቶ የዝን፥ ባለ ሳአ ካታማ የሎደስ ኡንታና ባይአነ።
2c1a0c0081	«ታኒ Ꮉና ኦህትስ ካህኑንꬅ Ꮉላቁንꬃፓ አደትꬅ ዎልቃን ኪታ ኤኪ ዳማስቆ ቅታነ።
2c1a0d00c8	ካታዮ፥ ታኒ አዋራ ሳተ ኦገ የሳደራ አዋ ፎኦፓ ጋማ አꬍዘ ፎኦ ብእዳ፤ ይናን ታ ካንቶን ታራ የꬍዙንꬅ ካንቶ ዉቲ ሳሎፓ ፎእዳ።
2c1a0e00fc	ኑኒ ኡቡንꬅ ሳእተ ጎልኤዘ ዎደ እብራይስጠ ዶናራ፥ ‹ሳዉላ፥ ሳዉላ፥ ታና አኮስ ባይኤ? ኔኒ ነና ጫድዘ ብራትዛ እጽኮ ኔስ ዎዝ ኢቶዳ› ጋእ ታስ ኦሆደራ ስእዳ።
2c1a0f006b	«ታኒ፥ ‹ላꬆ፥ ነ ኦደ?› ጋይዳ። «ላꬂ፥ ‹ታኒ፥ ነ ባይእዘ የሱሳ፤
2c1a1000d5	የዝን ደንዲ ኤቆ። Ꮉይኖ ኔኒ ታና ብእዳኖን ቲኖፓ ታ ነና ቤሳዳኖ መሉንꬅስ ማርክꬋደ ጋር ታ ታስ ኦችዛ ማህ ነና ሹሞደስ ኔስ በንትዳ።
2c1a11007b	እስራኤለ አሱንꬃፓን ታኒ ነና ኡንታጎ ኪትዘ አይሁደ ማቆሱንꬃፓ ነና አሾዳ።
2c1a120106	ኔኒ ኡን ኣፍቶ ቡጎዳ፥ ꬉማፓ ፎኦጎ፥ ጻላሄ ኩሸፓ ጾዛጎ ኡንታና ማሆዳ። ኡን ታና አማኒ ናጋራ አቶትꬅ ኤኮዳ። ጾዚ አማኒ ጌዥደ አሱንꬅ ግዳ ፋ ላቶ ደማዳ› ያጋይዳ።
2c1a13007d	«ካት አግርጳ፥ ይኒ ግሾ፥ ታስ ሳሎፓ በንትደ ቆንጭꬅትስ ኪትንቶዳኖ እጽካያ።
2c1a14011a	የዝን ታኒ ቲንꬊ ዳማስቆ ግዳ ይንፓ ሱባ የሩሳላመ ግዳ ይሁዳ ሳአ ኡባ የዙንꬅን አይሁደ ማቆሱንꬅ ፋ ናጋራፓ ጾዛጎ ማቃደ ጋራን ናጋራፓ ማቅዳኖ ቤዝዘ ኦቻ ኦቾደ ጋር ቃላ ኦህዳ።
2c1a15005c	ይኒ ግሾ፥ አይሁዱንꬅ ታና ጾዘ ኬꬃ አይኪ ዎꬎደስ ኮይዳ።
2c1a160106	Ꮉይኖ የሎደስ ጾዘ ማደ ታፓ ሻክንትካያ፤ ይኒ ግሾ፥ ኤራꬅስን ዳማስ ማርክꬍተራ Ꮉነ ኤቅዳ። ናቡንꬅን ሙሴን Ꮉኖዳ ጋእ ኦህዳንፓ መለ ፈትባዝን ታኒ ኦህደባዝ ባያ።
2c1a1700c1	ይናን፥ ‹ክርስቶሳ ማꬋ ኤኮደስ ቤዛነ፤ ማህ Ꮉይቆፓ ቲኖ ደንድ አይሁዱንꬅስን አይሁደ ማቆሱንꬅስ ፎኦ አዋጃነ› ጋእ።»
2c1a1800c7	ጳዉሎሳ ይኖ ጋእ ማሆደራ፥ ፍስጦሳ ፋ ቃልቶ ꬎቅ ዪዚ፥ «ጳዉሎሳ፥ ነ ዣሽትዳ፤ ነ ጋማ ታማርዳና ነና ዣሻስ የልꬅዳ» ያጋይዳ።
2c1a19008a	የዝን ጳዉሎሳ፥ «ቦንቾ ፍስጦሳ፥ ታኒ ቱርባዝን ኮሽዘ ባዝን ኦህነፕ አትን ዣሽትካያ።
2c1a1a00ac	ታኒ ቆንጨ ኦህዘ ኦህቶ ካት ኤራነ። Ꮉና ኦህታ አችቻ ኦችንትካይዘ ግሾ ፈትን ኤፓ ገንጎሳኖ ታኒ ጌሽ ኤራነ።
2c1a1b0078	«ካት አግርጳ፥ ኔኒ ናቡንꬅና አማናነ ባነ? ነ አማንዛኖ ታኒ ኤራነ» ጋይዳ።
2c1a1c0084	ካት አግርጳ፥ ጳዉሎሳጎ፥ «Ꮉና ኤራꬅ ሳተ ታና ክርስታነ ማሆደስ ኮያነ?» ያጋይዳ።
2c1a1d00e0	ጳዉሎሳ፥ «ጋማ ዎደ ማቅን ኤራꬅ ዎደ ነ ጻላላ ማቅካይዝን Ꮉይኖ ታና ስእዘ ኡቡንꬅ Ꮉና አችትፕ አትን ታ ፋና ማቃደ ፋና ጾዝ ዎሳነ» ያጋይዳ።
2c1a1e008c	ይንፓ ሱባ፥ ካት አግርጳ ጋደ አህዘ ፍስጦሳ፥ ባርኒቀን ኡንታራ በትደ ኡቡንꬅ ደንድዳ።
2c1a1f00ac	እዝፓ ኬዚ ቅትተራ ፈተ ፈተራ፥ «Ꮉይ አꬄ Ꮉይቆስ ዎይ አችስ የልꬅዘባዝ አኮን ኦችካያ» ጋእ ዎላ ኦህንትዳ።
2c1a2000b0	አግርጳ ፍስጦሳጎ፥ «Ꮉይ አꬄ ‹ቄሳረ ታ ባዝ ፍርዶ› ጋይካይዛኮ ብልንቶደስ ዳንዳአነ፥ የዝን አትዳ» ጋይዳ።
2c1b010115	ኑኒ ማርካበራ ጣልያ ቅቶደ ፋና ኡን አጭደ ዎደ ካቱንꬅ ዋና ማቅደስ ዎታዳሩንꬃና ኦላስ ኪትዘ ፈተ ዩልዮሳ ጋዘ ማቶ Ꮉላቅዘስ ጳዉሎሳን መለ ኤራꬅ አቻ የዘ አሱንꬃና እንግዳ።
2c1b0200c1	እስያ ጋጻ የዘ ጉታ ቅትዘ አድራምጥዮነ ማርካበ ግዳ ገሊ ደንድዳ። መቀዶንያ አስ ማቅደ ተሰሎንቄ አርስጥሮኮሳ ኑራ የነ።
2c1b0300be	ዎንትስት ዎደ ኑኒ ስዶና የሎደራ፥ ዩልዮሳ ጳዉሎሳስ ሎይꬂ ፋ ላጉንꬃጎ Ꮉንግ ኮሽዘ ባዝ ማድንቶደ ጋር ኡንታጎ ዳክዳ።
2c1b040095	እዝፓ ደንዲ ቲኖራ ኑላ ባቂዘ ግሾ Ꮉꬃራ ተቅንትደ ሳአ፥ ቆጵሮሳራ ካተ ማህ ዬካ ዛላራ አꬍዳ።
2c1b050066	ክልቅያን ጵንፍልያ ካለ የዘ አባ ፊንግ ሊቅያን የዘ ሙራ የልዳ።
2c1b06007c	እዘ ማቶ Ꮉላቅዘ ጣልያ ቅትዘ እስክንድርያ ማርካበ ደንግ፥ እዘ ኑና ገልꬅዳ።
2c1b0700f2	ኑኒ ጋማ ዎደ ለሚ የዺ፥ ጋማ ማꬋራ ቃንዶሳ ካታማ ካለ የልዳ። የይጋራ ቅቶደስ ኑና ጎተ ካይን ሳልሞናራ አꬊ Ꮉꬃራ ተቅንትደ ሳአ፥ ቃርጠሳራ ካቲ አꬍዳ።
2c1b0800ae	ጋማ ማꬋራ ጋጻ ጋጻ አይኪ ላስያ ካታማ ካለ የዘ አባ ጋጽተ «ሎኦ ማርካበ ሸምፕዘ በሲ» ጋእንትዘ በስተ የልዳ።
2c1b0900a7	ኑኒ እዘ ጋማ ዎደ ጋምእዳንፓ ሱባ ጾማ ብልንትን፥ ማርካበራ የꬍዛና ዋይꬅዘ ግሾ ጳዉሎሳ ኡንታና ዞርዳ።
2c1b0a00dd	«አሱንꬆ፥ ኑ Ꮉንግዘ ኦግተ ዳማ ቆሄን ዳማ ꬋበ የዛና ታስ በንታነ፤ ቆህታ ጫናላን ማርካበላ ጻላላ ማቅካይዝን ኑ ኦምትላን የሎዳ» ጋይዳ።
2c1b0b0095	የዝን ማቶ Ꮉላቅዘ ጳዉሎሳ ጋይዳንፓ አꬊ ማርካበ እዥዛይን ማርካብት አዳይን ጋዛኖ አማንዳ።
2c1b0c01a5	ይና አባ ጋጻ የዘ ካታማ ባልጎ አግና ኣꬆደስ ኡንትስ ጊጎሰ ግሾ ጋማ አሱንꬅ ፋስ ዳንዳእንትኮ ፍንቀ ካታማ የሊ ስላ አግና የይጋ ኣꬆደስ ዞርንትዳ። ፍንቀ ዎካ አዋ ገሎፓን ዬካ አዋ ገሎፓን ግዳ አባ ጋጻ የዘ ማርካበ ጫና ኬꬅዘ በሲ ስላ አግና እዘ ኣꬆደስ ቆፋ ሺሽዳ።
2c1b0d00d7	ኤራꬅ ዬካ ባቆ ባቂደ ዎደ ኡን ቆፕዳንጋራ Ꮉንደ ፋና ይእን ደንዲ፥ ማርካብዘ ኤንአመ ጋር አይክዘ መቅዛ ኡደ ኤኪ ቃርጠሰ ካለራ አꬍዳ።
2c1b0e00a1	የዝን ጋማ ጋምእካይዝን «አዉራቂስ» ጋዘ ዳማ ጎተ Ꮉꬃራ ተቅንትደ ሳእትፓ ሱለ ኡንታላ አፋ ደንድዳ።
2c1b0f00a3	የ ጎትዘ ማርካብዛ ኡርቂ Ꮉንጋመ ፋና ካይደ ግሾ ባቅዘ ማርካብዛ ፋ ኮይደ በሳ ካንጎደ ፋና ዳኪ አሽዳ።
2c1b10009a	ኑኒ ቄዳ ጋዘ Ꮉꬃራ ተቅንትደ ሳአ ካቲ Ꮉንግተራ ጋማ ዋየራ ማርካብዘ ጎንግዛ አሾደስ ዳንዳእዳ።
2c1b1100fd	ኡን ጎንግዛ ኡደ ከስዳንፓ ሱባ ጋደራ ማርካብዘላ ጻጺ፥ ምንꬂ አጭዳ። ሱርቲሳ ጋዘ ሻፍተ ፋና ጎልእዛመ ጋር ይርጊ፥ ማርካብዘ ሻርቶ ኬꬂ ማርካብዛ Ꮉሪ እዥዳ።
2c1b12006f	ጎትዘ ሚንግ Ꮉንጎደራ ዎንትስት ዎደ ጫንትፓ ባግቶ አባ ኦለ አይክዳ።
2c1b130055	Ꮉይꬓንꬆ ቃማ ማርካብዘ ሚሽቶ ኤኪ ፋ ኩሽትራ ኦልዳ።
2c1b1400ad	ኑኒ ጋማ ዎደ አዋ ኣፈን ጾልንቶን ብእካይዘ ግሾን ዳማ ጎተ ኑላ ባቂደ ግሾ ቲኖፓ ሸምፖራ አቶዳ ጋእ ቆፕካያ።
2c1b150116	የ ዎደ ኡን ጋማ ዎደ ካꬃ ሚካይዛራ ጋምእደ ግሾ ጳዉሎሳ ኡን ግዳ ደንዲ ኤቂ፥ «አሱንꬆ፥ ይን ታ ዞርቶ ኤኪ ቃርጠሳፓ ደንድካይዛራ አተዛኮ Ꮉና ቆህታን ꬋብታን ኑና የላማ የሻ።
2c1b1600bb	የዝን ታኒ ይንታና ዣሽትፐተ ጋእ ዞራነ፤ አኮስ ጋይኮ፥ Ꮉይ ማርካብዘ ꬋቦዳፕ አትን ይንታፓ ፈቲ አስ ሸምፖን ꬋቦስ።
2c1b170073	Ꮉይኖ ቃማ ታ ኤ ባዝ ማቅዳይን ታ ጎይንዘ ጾዘ ኪትደ ኪታንቾ ታ ካለ ኤቂ፥
2c1b1800d0	‹ጳዉሎሳ፥ ዣሽትፐ፤ ኔኒ ሮመ ካት ቄሳረ ቲኖ ኤቆደስ ቤዛነ። ይኬ ጾዚ ነ ግሾ ኔራ Ꮉንግዘ አሱንꬅ ኡቡንꬅ ሸምፕቶ አሽዳ› ጋይዳ።
2c1b190083	ይኒ ግሾ፥ አሱንꬆ፥ ዣሽትፐተ። የ ኪታንችዘ ታስ ኦህዳና Ꮉኖዳኖ ታ ጾዛ አማናነ።
2c1b1a006c	የዝን ባቅዘ ኑና ካንግ ፈቲ Ꮉꬃራ ተቅንትደ ሳአ ጋጻ ኦሎዳ» ጋይዳ።
2c1b1b00e7	ታጶ ኦይድንꬃ ቃማ አድርያ አባ ግዳ ኑና ባቅታ ጎደን Ꮉንካን ኡርቆደራ፥ ቃማ ግዲ ብላሄ ማቅዘ ዎደ ማርካብተ ኦችዙንꬅስ ሳአጎ ኡክደ ጋር አዝዳ።
2c1b1c00ec	ኡን ጌናትꬅቶ ኤሮደስ ኮይ ጋደ በርꬃ ዴጾባዝ አጪ አባ ኦልን፥ አባ ገንታ ኦስፉን ታም Ꮉꬋ ማቅዳ። ኤራꬅ ጋምእ፥ ማህ ኦልን እዝፑን ታም Ꮉꬋ ማቅዳ።
2c1b1d00eb	ኡን አባ ጋጻ የዘ ሹቻላ ዶምእንታመ ጋር ዣሽቲ፥ ማርካብዘ ቅታመ ጋር አይክዘ ኦይዲ መቆ ማርካብዘፓ ሱባራ አባ ዳኪ፥ ሳእታ ዎንቶደ ጋር ጾዝ ዎስዳ።
2c1b1e00e8	ማርካብተ ኦችዙንꬅ ማርካብዘፓ ꬋቦደስ ኮይ፥ ማርካብዘ ቅታመ ጋር አይክዘ መቅቶ ማርካብዘፓ ቲኖ ዛላራ አባ ኦልዘ ጋር አዝዝ ጎንግዛ አባ ኦልዳ።
2c1b1f00a9	ጳዉሎሳ ማቶ Ꮉላቅዘጎን ዎታዳሩንꬃጎ፥ «Ꮉን ስ ማርካብተ ሸምፒ በታንጽኮ ይን አቶደስ ዳንዳኦስ» ጋይዳ።
2c1b200065	ይኒ ግሾ፥ ዎታዳሩንꬅ ጎንግዘ አጭንትደ ጋድዛ ጋቺ ዳኪ አሽዳ።
2c1b2100cd	ሳአ ዎንቶደስ ይአደራ ኡቡንꬅ ካꬃ ማአደ ጋር ጳዉሎሳ አሱንꬃጎ፥ «ይን ካꬃ ሙእካይዛራ ጋምእደ Ꮉይኖራ ታጶ ኦይዲ ቃማ ጋምእዳ።
2c1b22011d	ይኒ ግሾ፥ ኤራꬅ ካꬃ ይን ማአደ ጋር ታኒ ይንታና ዎሳነ። ይን ምንጎደ ጋራን ሸምፖራ የሳደ ጋር ኤራꬅ ካꬃ ማአደስ ኮሻነ፤ መለ አቶ የዝን ይን ኦማ እስንꬅትፕ ፈትን ꬋቦስ» ጋይዳ።
2c1b23007b	ጳዉሎሳ ይኖ ጋእ ቦራ ኤኪ ኡቡንꬅ ቲኖ ጾዝ ጋላትዳ፤ ቦርዛ ባጽ መኤ አይክዳ።
2c1b24003c	ኡቡንꬅ ሚንግ ፋ ፋስ ካꬃ ኤኪ ሙእዳ።
2c1b250055	ኑኒ ማርካብተ የዙንꬅ ላምእ ጼት ላፑን ታም እዝፑን።
2c1b26006d	ኡን ሙእ ምዥደ ዎደ ጫና ዛርግቶ አባ ኦልን ማርካብዘ ዴጽቶ ፎልዝዳ።
2c1b2700f6	ሳአ ዎንትደ ዎደ ማርካበ ኦችዙንꬅ አባ ሳአ የለዛኮ ኤርካይዛራ፥ አባ ጋጻ የዘ ሻፈ ስልሞ ብእዳ። ፋስ ዳንዳእንትኮ ማርካብዛ ይና ሻፍትጎ ሺሾደስ ቆፕዳ።
2c1b28013f	የይዝ፥ ማርካብዘ ቅታመ ጋር አይክዘ መቅቶ ብሊ አባ ኦልዳ። የ ዎደ እዥዘ ምንጻ አጭዘ ጋድዛ ብልዳ። ይንፓ ሱባ፥ ባቅታ ማርካብዛ ቲኖ ኡርቆደ ጋር ማርካብዛ ካንግዘ ሻራ ቲኖ ዛላራ ꬎቅ ዪዚ የ አይክዳ።
2c1b29010b	የዝን ማርካብዘ ሻፈ ናድንትደላ ዶምእንቲ ቆꬍንትዳ። ማርካብዘስ ቲኖ ዛልታ ጾስንቲ ሻፍቶ ጫዲ አይኪ ኤንአንጽ እጽን፥ ሱባ ዛልቶ ጎተ ኡርቅዛንፓ ደንዲ መቀ አይክዳ።
2c1b2a0089	ዎታዳሩንꬅ አች አሱንꬃፓ ፈትን Ꮉꬅተ Ꮉꬊ ኬዚ ꬋባመ ጋር ኡንታና ዎꬎደስ ዞርንትዳ።
2c1b2b00ee	የዝን ማቶ Ꮉላቅዘ ጳዉሎሳ አሾደስ ኮይ ዎታዳሩንꬃራ ዞርንቶ እጽዳ። Ꮉꬅ Ꮉꬊ ኤርዘ ኡባ ማርካብዘፓ Ꮉꬅተ ዶሊ ዶሊ ዎꬊ ቲንꬊ ጋጻ ኬሳደ ጋር ኪትዳ።
2c1b2c00aa	አትዱንꬅ ሳንቂትላን፥ ማርካብዘ መቅꬅትላ አፋ ኬሳደ ጋር ኪትዳ። ይኒ ጋራ ይእ ኡቡንꬅ ጋጻ ሳሮራ ከዝዳ።
2c1c010083	ኑኒ ጋጻ ሳሮራ ከዝደ ዎደ የልዳና Ꮉꬃራ ተቅንትደ ሳእታ ማልታ ጋእንትዛኖ ኤርዳ።
2c1c020086	ማልታ አሱንꬅ ኑስ ጋማ ሎእዳ። እራ ቡክደ ግሾን ጪሽዘ ግሾ ታማ ኤꬂ ኑና ኡባ ሞክዳ።
2c1c030093	ጳዉሎሳ ጋማ Ꮉይጸ ሺሺ ታማ ጋዶደራ፥ ጎፕ ሾሽ ምችት ግሾ ኬዚ ኤ ኩሽትላ ጻጽንት ኤዛ ꬋይዳ።
2c1c04012e	ማልታ አሱንꬅ ሾሽ ጳዉሎሳ ኩሽትላ ጻጽንትዳኖ ብእደ ዎደ ፈታይ ፈተጎ፥ «ቱሮ Ꮉይ አꬄ ሸምፖ ዎꬍደ አስ፤ መለ አቶ የዝን አባፓ ኤ አትንን ጾዘ ፍርዳፓ አቲ ፋጻ የሳደስ ዳንዳእካያ» ያጋይዳ።
2c1c050076	የዝን ጳዉሎሳ ፋ ኩሽትፓ ሾስዛ ዉጹርክ፥ ታማ ኦልዳ፤ ኤዛ አኮን ቆህካያ።
2c1c0600f9	ኡን፥ «ኤ ጋልታ ክጻነ፥ ዎይ ቲርካይዝን ጎልእ Ꮉይቃነ» ጋእ ናጋነ። የዝን ጋማ ዎደ ናጊ ኤ ጋልተ አኮን ዱሙዽደ ባዝ ꬋብን፥ «Ꮉይ ኤቃ» ጋእ ፋ ቆፍቶ ላምዳ።
2c1c0700b6	ይና ካራ ጋንጭተ Ꮉꬃራ ተቅንትደ ሳአ Ꮉላቅዘ፥ ፑፕልዮሳ ጋዘስ ጋደ የነ፤ Ꮉይꬕ ቃማ የሎደስ ኤ ኑና ሲቆራ ሞክዳ።
2c1c0800c5	ፑፕልዮሳ አዳይ ኦማ ኦꬂ፥ ምቻራን ጋንጨ Ꮉርገራ ዎይእ የነ። ጳዉሎሳ ኤ ካራ ገሊ ኤስ ጾዝ ዎስዳ፤ ፋ ኩሽቶ ኤላ ጋዲ ፋꬅዳ።
2c1c090065	ይንፓ ሱባ፥ ማልታን የዘ Ꮉርግንትዘ መለ አሱንꬅን ይእ ፋጽዳ።
2c1c0a008e	ኡን ኑና ጋማ ቦንችዳ፤ ኑኒ ማርካበራ ቅቶደስ ደንድደ ዎደ ኦገስ ኮሽዘ ባዝ ኑስ እንግዳ።
2c1c0b00de	Ꮉይꬕ አግናፓ ሱባ፥ ማልታ ግዳ ሴተ አꬂ እስክንድርያ ማርካበራ Ꮉማደስ ደንድዳ። የ ማርካብዘላ ድዮስቆሮሳ ጋዘ መንተ ኤቁንꬅ ምስለ የነ።
2c1c0c0042	ስራኩሰ ካታማ ገሊ እዘ Ꮉይꬕ ቃማ በትዳ።
2c1c0d00b5	እዝፓ ደንዲ ረግዩመ ካታማ የልዳ። ፈቲ ቃማፓ ሱባ፥ ዬካ ዛላራ ባቆ ባቂን፥ ዎንትስት ዎደ ፉትዩሎሳ ካታማ ይእዳ።
2c1c0e00ad	እዘ ኑ ፈቲ ፈቲ አማንዘ አሱንꬃና ደንግን፥ ፋራ ሳምንታ ጋምኦደ ጋር ኑና ዎስዳ። ይንፓ ሱባ፥ ሮመ ኑ ቅትዳ።
2c1c0f0102	ሮመ የዘ አማንዘ አሱንꬅ ኑ ባዝ ስእ፥ አፍዮሳ ጋበ፥ Ꮉይꬕ አቅዘ በሲ ጋእንትዘ በስቶ የሎደስ ኑና ሞኮደስ ይእዳ። ጳዉሎሳ ኡንታና ብእደ ዎደ ጾዝ ጋላቲ ምንግዳ።
2c1c100073	ኑ ሮመ ገልደ ዎደ ጳዉሎሳ ናግዘ ዎታዳረ እንግንትን ፋስ የዞ ጋእንትዳ።
2c1c110163	Ꮉይꬕ ቃማፓ ሱባ፥ ጳዉሎሳ አይሁዱንꬅ Ꮉላቁንꬃና ፋጎ ጼግዝዳ። ኡን ሺቅደ ዎደ ኡንታጎ፥ «ታ እሹንꬆ፥ ታኒ ኑ አሱንꬃና ዎይ ኑ አዱንꬅ ዎጋላ አኮ ቆህዘ ባዝን ኦችካያ፥ የዝን ታና የሩሳላመ አጪ ሮመ አሱንꬅስ አꬂ እንግዳ።
2c1c12008b	ኡን ታ ሞቶ ብእ Ꮉይቆስ የልꬅዘባዝ ታላ አኮ ባዝን ደንግካይዘ ግሾ ታና ብሎደስ ቆፕዳ።
2c1c1300bc	የዝን አይሁዱንꬅ ይኖ እጽደ ዎደ ኡንእንት ‹ታ ባዝ ቄሳረ ፍርዶ› ጋይዳፕ አትን ታኒ ታ ዎርዥቶ ሞትዘባዝ የዝን ባያ።
2c1c1400df	ታ ይንታና ጼግዝዳና ይንታና በአደስን ይንትስ Ꮉኖ ኦሆደስ። ታ Ꮉና ሳንꬃላታር አጭንትዳና እስራኤለ አሱንꬅ ናግዘ ኡፋይስት ግሾ» ጋይዳ።
2c1c1500bf	አይሁደ Ꮉላቁንꬅ ጳዉሎሳጎ፥ «ኑስ ይሁዳፓ ነባዝ ዳብዳበ የልካያ። እዝፓ የኤዘ አሱንꬃፓ ፈትን ነባዝ ኢታ ኦህዘ ባያ።
2c1c1600a9	የዝን Ꮉና ነ ካልዘ አማንቶ መለ መለ በስተ አሱንꬅ እጽዛኖ ኑኒ ኤርዘ ግሾ ነ ቆፍቶ ስኦደስ ኮያነ» ጋይዳ።
2c1c170163	ኡን ፋ የኦደ ቃምቶ ጳዉሎሳስ ቃጻሪ፥ ይና ቃምተ ጋንግ ኤ የዘ በስተ ይእዳ። ኤ ዎንታፓ ኡጉረ የሎደስ ጾዘ ካእቱሞ ባዝ ኡንትስ ማርክꬍዳ። ማህ ኡን የሱሳ ባዝ አማኖደ ጋር ሙሴ ህገፋን ናቡንꬅ ማጻፈፓ ጌሽ ኡንታና ታማርስዳ።
2c1c180061	ፈተ ፈተ ጳዉሎሳ ጋይዳኖ አማንዳ፥ የዝን መሉንꬅ አማንካያ።
2c1c1900f0	ኡን ዎል ግዳ ኦህቶ ኤካንጽደ ዎደ ጳዉሎሳ ፈትባዝ ጋይዳንፓ ሱባ ቅትዳ። ኤ Ꮉንጋራ ጋይዳ፦ «ጌሽ አያና ይን አዱንꬅስ ናበ ኢሳያሳ ዶንተ ኦህዳና ቱሮ።
2c1c1a009d	«ኔኒ የንꬅ አሱንꬃጎ Ꮉንግ፥ ይን ስስ ስእነ፥ የዝን ይን ቆፖስ፤ ይን በኤ በእነ፥ የዝን ደንጎስ።
2c1c1b0137	Ꮉንꬅ አሱንꬅ ዎዝንታ ሙምዳ፤ ኡን Ꮉይታ ቱልዳ፤ ኡን አፍታን ጎዝንትዳ። ይና ባይዛኮ፥ ኡን ፋ ኣፍተ ብእ፥ ፋ Ꮉይተ ስእ፥ ፋ ዎዝንተ ቲሪ፥ ኡን ታጎ ማቅኮ፤ ታንን ኡንታና ፋꬆድ የሻ ጋኦ» ጋይዳ።
2c1c1c008a	«ይኬ፥ Ꮉና ጾዘ አሽዘ ኪታ አይሁደ ማቆሱንꬅስ ማቅዳኖ ኤራነ። ኡንትን ስኦዳ» ጋይዳ።
2c1c1d006e	ጳዉሎሳ ይኖ ጋእዳንፓ ሱባ አይሁዱንꬅ ፋ ግዳ ጋማ ላልተ ኬዚ ቅትዳ ።
2c1c1e007b	ጳዉሎሳ ክራ ኬꬃ ላምእ በረ ኩሙꬅ የዝዳ፤ እዘ የዝተራ ፋጎ ይእዛ ኡባ ሞካነ።
2c1c1f009c	ዣሽሞ ባይꬅ ኦደን ካይካይዝን ጾዘ ካእቱሞ ሳባክዳ፤ ላꬄ የሱስ ክርስቶሳ ባዝ ቆንጭዝ ታማርስዳ።
2d00000006	ሮመ
2d010100b7	የሱስ ክርስቶሳ አሮ ማቅደ፥ ሐዋረ ማቃደ ጋራ ጼግንትደፓን ጾዘ ዎንገለ ሳባኮደ ጋራ ዶርንትደ ጳዉሎሳ ኪትደ ኪታ።
2d01020081	ጾዚ ጋማ ዎደፓ ቲኖ ፋ ናቡንꬅ ባጋራ እንጎዳ ያጋይደ ጾዘ ጌሽ ማጻፍተ ጻፍንትዳ።
2d01030083	Ꮉይ ዎንገልዘ አሾራ ዳዉተ ኮቻፓ የልንትደ፥ ጾዘ ናአ፥ ኑ ላꬄ የሱስ ክርስቶሳስ።
2d01040078	ማህ ኤ ፋ ጌሽ አያናራ Ꮉይቆፓ ደንዲ፥ ጾዘ ናአ ማቅዳኖ ዳማ ዎልቃራ ቤዝዳ።
2d010500d6	ኤ ባጋራ አይሁደ ማቆሰ አሱንꬅ ኡባ፥ አማኒ ኪትንቶደ ጋር ክርስቶሳ ሱንꬅት ግሾ ጾዘ አꬎ ኬሃትꬅን ሐዋረትꬅ አደትꬅ ዎልቃ ኑ ኤክዳ።
2d0106006a	የሱሳ ክርስቶሳስ ማቃደ ፋና ጼግንትደ አሱንꬃፓ ባጉንꬅ ይንታና።
2d010700e9	ሮመ የዘ፥ ጾዚ ይቅስንትዙንꬃና ኤስ ጌሽ ዎርዣ ማቃደ ፋና ዶርዱንꬅስ። ጾዘ ኑ አደፓን ላꬄ የሱስ ክርስቶሳፓ አꬎ ኬሃትꬅን ሳሮትꬅ ይንትስ ማቀ።
2d01080096	ኡባፓ ቲኒ፥ ይን አማንታ ሳአ ኡባ ስንትደ ግሾ የሱስ ክርስቶሳ ባጋራ ይን ግሾ ታ ጾዛ ጋላታነ።
2d010900a3	ታኒ ኤ ናአይ ዎንገለባዝ ኩሙꬅ ዎዝንተ ኦህዘ ጾዘ፥ ታኒ ታ ዎስተ ኡባ ዎደ ይንታና ቆፕዛንስ ኤ ማርካ።
2d010a008b	ዉርሱꬅተ፥ ጾዘ ቆፋ ማቅኮ፥ ታኒ ይንታጎ Ꮉንጎደስ ኦገ ታስ ጊጎደ ፋና ኡባ ዎደ ዎሳነ።
2d010b0061	ታኒ ይንትስ አያና አንጆ ሻኮደስን ይንታና በአደስ አሙꬋነ።
2d010c0066	ይናን፥ ታኒ ይን አማንተን፥ ማህ ይን ታ አማንተ ምንጎደ ፋናስ።
2d010d00d0	ታ እሹንꬆ፥ ታኒ አይሁደ ማቆሰ አሱንꬃፓ ኣፈ ደንግዳን ፋና፥ ይንታፓን ኣፈ ደንጎደስ ይንታጎ Ꮉንጎደስ ቆፕዳ፥ የዝን ካይንትዳ።
2d010e0085	ግርኬ አሱንꬅስን ግርኬ ማቆሰ አሱንꬅስ ማህ ጭንጩንስስን ቦዙንꬅስ ታስ ጋለ የነ።
2d010f0058	ይኒ ግሾ፥ ሮመ የዘ ይንትስን ዎንገለ ኦሆደስ አሙꬋነ።
2d011000c9	ቲንꬊ አይሁዱንꬃና፥ ማህ አይሁደ ማቆሱንꬃናን አማንዘ ኡቡꬃና አሾደስ ዎንገለ ጾዘ ዎልቃ ማቅደ ግሾ ታ ዎንገለራ ዬልꬎኦስ።
2d011100d7	ጽሎ አማኖራ ደኦ የሳዳ ጋእንት ጌሽ ማጻፍተ ጻፍንትዳ። ዎንገለ ጾዘ ጽሎትꬅቶ ቆንጭዝዳ፤ ቲኖፓ ዉርሱꬅ የሎደስ አስ ጽልꬍዘ አማኖራ።
2d0112009c	ቱርታ ኤርንታመ ፋና ፋ ኢታ ኦቻራ ካምዘ አሱንꬃላ አፋ ናጋራ ኡባላ አፋ፥ ጾዘ Ꮉንቆ ሳሎፓ ዎꬎዳ።
2d0113006c	ጾዚ ኡንትስ ቆንጭሳደስ ቤዘባዝ ቆንጭዝደ ግሾ ኡን ጾዘ ባዝ ኤራነ።
2d011400f9	አላመ መꬍንትደፓ ደንꬂ፥ አስስ በንቶሰ ጾዘ Ꮉኖ፥ ይናን ኤ መዽና ዎልቃን ጾዘትꬅ ኤ መ ትꬅተ ቆንጪ የዘ ግሾ አሱንꬅ ፋ ኢታትꬅትስ ምክናተ ማቅዘ ባዝ ባያ።
2d011500a4	ኡን ጾዛ ኤርተራ፥ ኤዛ ቦንችካያን ጋላትካያ። ኡን ቆፍታ ማዶሰ ባዝ ማቅዳ፤ ኡን ቆፖሰ ዎዝንታ ꬉምዳ።
2d01160047	ኡን ፋና ጭንጩንꬃና ጋነ፥ የዝን ቦዙንꬃና።
2d011700be	ኡን Ꮉይቆሰ ጾዛ ጎይኖዳኖ አሺ፥ Ꮉይቅዘ አስ መꬎን፥ ላንዳን፥ ጾꬅን ሳዛራ ጎቹንትዘ ባዝ አዝዝ መꬍደ ምስለ ጎይናነ።
2d011800bb	ይኒ ግሾ፥ ኡን ፈታይ ፈታይራ ኢታ ባዝ ኦቺ፥ ፋ ጋልቶ ካዉሾደ ጋር ጾዚ ኡን ዎዝንቶ አሙꬍዘ ቱና ኦቻስ ኡንታና ኦልዳ።
2d011900cc	ይና Ꮉንዳና ኡን ጾዘ ቱርቶ ዎርዶ ላምደ ግሾን መꬍደ ጾዛ አሺ፥ መꬍንትደ ባዝ ጎይንደ ግሾ። ጾዚ መዽናስ ጋላትንትዳ። አምንኤ።
2d011a00dd	ይኒ ግሾ፥ ጾዚ ኡንታና ቱና አሞትꬅስ አꬂ እንግዳ። ኡን ማቹንꬅ ፋስ ቤዝዘ ꬊራꬃራ የልንትዛኖ አሺ፥ ቤዞሰ ባዝ Ꮉኒ ማቻ ማችራ የልንታነ።
2d011b0124	ይኒ ጋር፥ ꬊራꬅ ፋስ ቤዝዘ ማችራ የልንትዛኖ አሺ፥ ꬊራꬅ ꬊራꬃራ የልንታነ። ꬊራꬁንꬂ ፈታይ ፈታይራ አሞትꬃራ ኤጽንቲ፥ ዬልዘ ባዝ ኦችዳ። ፋ ኦችደ ባላ ኦችትስ ቤዝዘ ፍርዳ ኤክዳ።
2d011c00cc	ኡን ጾዛ ኤርተራ፥ መለ አቶ የዝን ኤ ባዝ ቆፖደስ ኮያንጽ እጽደ ግሾ ቤዞሰ ባዝ ኦቾደ ጋር ጾዚ ኡንታና ማዶሰ ቆፋስ አꬂ እንግዳ።
2d011d00c3	ኡን ቆሄራ፥ ኢታትꬃራ፥ ዥምባራራ፥ ገነራ፥ ቅናተራ፥ ሸምፖ ዎ ራ፥ ላለራ፥ ጭሞራን ኢታ አሞራ ኩምዳ። ኡን ዝግርዙንꬃና፥
2d011e00f6	አስ ሱንꬅ ኢስዙንꬃና፥ ጾዝ እጽዙንꬃና፥ ጫዥዙንꬃና፥ ኡትርዙንꬃና፥ ጬቅዙንꬃና፥ ኢታ ባዝ ኦቾደስ ኮይዙንꬃና ፋ አዳይስን እንትስን ኪትንቶሱንꬃና፥
2d011f0072	ቲሮሱንꬃና፥ ቃላ ላምዙንꬃና፥ ሲቆ ባይዙንꬃና፥ ይቅስሞ ባይዙንꬃና።
2d012000e5	Ꮉን ስ ፋና ኦችዙንꬅስ Ꮉይቆ ቤዛነ ጋዘ ጾዘ ህገ ኤርተራ፥ Ꮉኖ ኦቻነ። ኡን ፋ ፋስ ኦችዛኖ ጻላላ ማቅካይዝን ኦችዘ መሉንꬃናን ልከ ጋእ ናሻነ።
2d020100e9	ይኒ ግሾ፥ ናተ መሉንꬃላ አፋ ፍርድዛዮ፥ ነ ምክናተ ማህዘ ባያ። ነ መሉንꬃላ አፋ ፍርድተራ፥ የ ነ ፍርድዘ አꬄ ጋር ኦችኮ፥ ነ፥ ኔላ አፋ ፍርዳነ።
2d02020067	ይኒ ፋና ኦቻ ኦችዙንꬃላ አፋ ጾዘ ጽሎ ፍርዳ ፍርድዛኖ ኑ ኤራነ።
2d020300aa	ናተ፥ ይኒ ጋር ኦቻ ኦችዙንꬃላ አፋ ፍርድዛዮ፥ ኡን ኦችዛን ጋር ኦችዛዮ፥ ነ ጾዝ ፍርዳፓ አቶደ ጋር አዛነ?
2d020400b3	ዎይ ጾዘ ኬሃትꬅ፥ ገንጮን ዳንዳአ ዱረትꬅቶ ለቃነ? ጾዘ ኔስ ዳልጋ ማቅዳና ነና ናጋራፓ ማሆደስ ማቅዳኖ ኤሮሳነ?
2d020500b7	የዝን ይንትስ ሹች ዎዝናን ስኦሰ Ꮉየ የነ። ይኒ ግሾ፥ ጾዘ Ꮉንቆን ጽሎ ፍርዳ ቆንጭዘ ቃማ፥ ኔላ አፋ ፍርዳ ሺሻነ።
2d02060045	ጾዘ ፈታይስ ፈታይስ ኤ ኦችት ጋር እንጎዳ።
2d02070083	ሎኦ ኦቻራ ሚንግ፥ ጋላታ፥ ቦንቾን ꬋቦሰ ደኦ ኮይዙንꬅስ ጾዘ መዽና ደኦ እንጎዳ።
2d0208009d	የዝን ፋና ሲቅዙንꬃና፥ ቱርቶ እጽዙንꬃና ኢታ ባዝ ኦቾደስ ኮይዙንꬃላ አፋ ጾዘ ካችን ቦሻ ዮኦዳ።
2d02090089	ኢታ ባዝ ኦችዘ አሱንꬅ ኡባ፥ ቲኒ አይሁዱንꬃና፥ ካሊ ግርኩንꬃና ማꬋን ዋየን የሎዳ።
2d020a00af	የዝን ጾዘ ሎኦ ኦቻ ኦችዘ ኡቡንꬅስ፥ ቲኒ አይሁዱንꬅ፥ ካሊ ግርኩንꬅስ ጋላታ፥ ቦንቾን ሳሮትꬅ እንግንቶዳ።
2d020b0028	ጾዚ ስኖ ብእ አስ ሻኮስ።
2d020c00a7	ህገ ባይዝን ናጋራ ኦችደ ኡቡንꬅ ህገ ባይꬅ ꬋቦዳ። ህገ የዝን፥ ናጋራ ኦችደ ኡቡንꬅ ህገራ ፍርድንቶዳ።
2d020d0079	ጾዘ ቲንተ ጽልዙንꬅ ህገ ናግዙንꬃፕ አትን ህገ ስኤ ጻላላ ስእዙንꬃና ባያ።
2d020e00bc	ህገ ባይዘ አይሁደ ማቆሰ አሱንꬅ መꬎ ህገ ኪትዛኖ ኦቻነ። ኡንትስ ጻፍንትደ ህገ ባይዝንን ኡን ፋ ዎዝንተ ህገ ኤራነ።
2d020f011a	ኡን Ꮉኖትꬅታ፥ ህገ ኪታ ኡን ዎዝንተ ጻፍንትዳኖ ቤዛነ። ማህ ኡን ዎዝንታ ኡንታላ አፋ ማርክꬋነ። ኡን ዎዝንታ ፈቲ ፈቲ ቶሄ ኡንታና ባልዳ ጋነ፤ ፈቲ ፈቲ ቶሄ ኡንታና ቱሮ ጋነ።
2d021000a7	ታ ታማርስደ ዎንገለ ፋና ጾዘ የሱስ ክርስቶሳ ባጋራ አስ ዎዝንተ አችንትደ ቆፍታ ፍርድዘ ዎደ ኤርንቶዳ።
2d02110059	የዝን ነ ነና አይሁደ ጋነ፤ ህገላ ካታነ፤ ጾዛላ ጬቃነ።
2d02120091	ነ ኦቾደ ጋር ጾዚ ኮይዘ ባዝ አኮ የዛኮ ኤራነ። ህገ ታማርደ ግሾ ቱሮ ማቅዘ ባዝ ሻኪ ኤራነ።
2d02130069	ነ ቆቁንꬃና ካልዛኖ፥ ማህ ꬉማ የዙንꬅስ ፎኦ ማቅዛኖ ሻኪ ኤራነ።
2d0214009a	ነ ህገፋ ደንግደ ኤራትꬅን ቱረትꬃራ ቦዙንꬃና ኤርስዛያን ዦጉንꬃና ታማርስዛያ ማቅዳኖ ኤራነ።
2d021500aa	ዬዝን፥ ነ መሉንꬃና ታማርስዛይ ነ ነና አኮስ ታማርሶሶ? ነ፥ «ካይስትፐ» ጋእተራ፥ ነ ነ ኦምተ ካይስታነን?
2d0216009f	ነ፥ «ኦላለ Ꮉንትፐተ» ጋእተራ፥ ነ ነ ኦምተ ኦላለ Ꮉንታነ? ነ ኤቃ እጽተራ፥ ኤቃ የዘ ኬꬅቶ ቦንቃነ?
2d0217006d	ነ ጾዘ ዎግተ ጬቅንታነ፥ የዝን ህግትስ ኪትንታንጽ እጺ ጾዛ ዬልዛነ?
2d0218009c	ጌሽ ማጻፍተ፥ «ይን ምክናተር ጾዘ ሱንꬅታ አይሁደ ማቆሰ አሱንꬃራ ጫዥንታነ» ጋእንት ጻፍንትዳ።
2d021900c7	ነ ህገስ ኪትንትኮ፥ ነ ጋራዝንትስ ማደ የነ፥ የዝን ነ ህግትስ ኪትንታንጽ እጽኮ ነ ጋራዝንትዳና ጋራዝንትካይዘ ፋና ማቃነ።
2d021a009b	አይሁደ ማቆሰ አሱንꬅ ጋራዝንትካይዛራ፥ ህግትስ ኪትንትኮ፥ ጾዚ ኤዛ ጋራዝንትደ ፋና ፋይዶሶነ?
2d021b0126	ይን፥ አይሁደ አሱንꬅ፥ ይንትስ ጻፍንትደ ህግቶን ጋራዝንቲ ዬዝተራ፥ ይን ህገስ ኪትንታንጽ እጽኮ፥ አይሁደ ማቆሰ አሱንꬅ ጋራዝንታንጽ እጽኮን ህገስ ኪትንቲ፥ ይንታላ አፋ ፍርዶዳ።
2d021c0098	ይኬ፥ ሱንꬃራ አይሁደ ማቅደ ኡቡንꬅ ቱሪ አይሁደ ባያ። ማህ ባለ ጋላ ጋራዝዛና ቱሪ ጋራዘ ባያ።
2d021d0138	የዝን ቱሪ አይሁደትꬅ ጋꬃ አይሁደ ማቅዛኖ። ቱሪ ጋራዝንተ ጾዘ አያናራ ኦጭንትዘ ዎዝና ጋራዝንተፕ አትን ጻፍንትደ ዎግተ ኦችንትዘ ጋላ ጋራዘ ባያ። የ አꬄ ጋላታ ጾዛፓ ኤካነፕ አትን አሳፓ ባያ።
2d0301006f	ዬዝን፥ አይሁደ ማቅዛና አኮ ማደ? ዎይ ጋራዝንተስ አኮ ማድዘ ባዝ የዘ?
2d03020055	ኡባፓ ቲኖ ጾዚ ፋ ቃላ Ꮉዳርቶ አይሁዱንꬅስ እንግዳ።
2d030300a1	ዬዝን፥ ኡንታፓ ፈታይ ፈታያ ቃላ አማናንጺ እጽኮ፥ ኡን እጽዛና ጾዚ አማንንትደ ጾዝ ማቅዛኖ ካያነነ?
2d030400cc	ካዮስ! አስ ኡባ ዎርዶ ማቅኮን ጾዚ ቱሮ ማቀ። ጌሽ ማጻፍተ፥ «ነ ቃልተ ነ ጽላነ፤ ነና ሞትዛያ ፍርዳራ ላꬃነ» ጋእንት ጻፍንትዳ።
2d030500e4	ዬዝን፥ ኑ ናጋርታ ጾዘ ጽሎ ማቅዛኖ ቤዝዘ ባዝ ማቅኮን፥ ኑ ዋጋዉደ? ጾዚ ኑ ናጋርት ግሾ ኑላ አፋ ፍርድኮ፥ ልከ ባነ? ይኖ ታኒ አስ ቆፋ ፋና ጋነ።
2d03060075	ይኒ ፋና Ꮉንፐተ። ይኒ ጋር Ꮉንኮ፥ ጾዚ Ꮉና አላምትላ አፋ ዋይዝ ፍርዶደ?
2d030700bd	የዝን ታ ዎርዶትꬅታ ጾዘ ቱርቶ ቆንጭዝ፥ ኤ ቦንችቶ ጋንꬅ ቤዘባዝ ማቅኮ፥ ዬዝን፥ አኮስ ታላ ፋና ናጋራንቾ ፋና ፍርደ?
2d030800df	ፈቲ ፈቲ አሱንꬅ፥ «ሎኦ ዮኦደ ፋና ኢታ ኦቾዳ?» ያጋእ ታማርስዘ አስ ፋና ማህ ታና ሞታነ። ይኒ ግሾ ያጋዘ አሳላ አፋ የእዘ ጾዘ ፍርድታ ልከ።
2d030900e4	ዬዝን፥ ኑ ዋጋዉደ? ኑ አይሁዱንꬅ፥ ግርኬፓ አꬋነነ? አደ! አይሁደ ማቅን፥ አይሁደ ማቃንጽን ኡቡንꬅ ናጋራንቾ ማቅዛኖ ታኒ ቲኒ ይንትስ ኦህዳ።
2d030a003a	ጌሽ ማጻፍተ፥ «ጽሎ አስ ፈቶን ባያ።
2d030b0042	አካክዘ አስ ባያ፥ ጾዛ ኮይዘ ኦንን ባያ።
2d030c0095	አስ ኡባ ባልንትዳ፤ ኡቡንꬅ ፈትፓ ማዶሰ ባዝ ማቅዳ። ሎኦ ኦችዘ ኦንን ባያ፤ ፈቲ አስን ባያ።
2d030d00a4	ኡን ዶንታ፥ ቡጉንትደ ቦዛ ፋና፤ ፋ እልአንꬅተ ዎርድꬋነ። ኡን ዶንትፓ አስ ዎꬍዘ፥ ሾሽ ማርዘ ከዛነ።
2d030e0031	ኡን ዶንተ ጫሞን ባድꬅ ኩምዳ።
2d030f0034	ኡን ቶህታ ሱꬅ ላሎደስ ኤልሳነ።
2d0310002b	ኡን ኦግተ ꬋበን ቆሄ የነ።
2d03110021	ኡን ሳሮ ኦገ ኤሮስ።
2d03120046	ፋ ደእተ ጾዝስ ዣሽቶስ» ጋእንት ጻፍንትዳ።
2d031300cf	አስ ኡባ ዶና ጎርድንቶደ ፋና ኩሙꬅ አላምቶ ጾዘ ፍርዳፓ ኦሞራ ሺሾደስ፥ ህገ እንግንትደ ህገፓ ኦሞራ የዙንꬅስ ማቅዳኖ ኑ ኤራነ።
2d0314009e	ይኒ ግሾ፥ ኦደን ህገስ ኪትንቲ ጾዘ ቲኖ ጽሎደስ ዳንዳኦስ። ህገ አስ ኡባ ናጋራንቾ ማቅዛኖ ቤዛነ።
2d03150098	የዝን Ꮉተ ጾዚ አስ ጽልዘ ኦገ ህገ ባይꬅ ቆንጭዝዳ። ይና ኦግቶ ሙሴ ህገን ናቡንꬅን ማርክꬍዳ።
2d03160087	ይና አማንዘ ኡባስ Ꮉንዳ፥ ጾዚ የሱስ ክርስቶሳ ባጋራ አስ ኡባስ ሻኮ ባይꬅ እንግዳ።
2d03170045	አስ ኡባ ናጋራ ኦችዳ፤ ጾዘ ቦንቾ ፋጭዝዳ።
2d03180073	የዝን ኡን ጾዘ አꬎ ኬሃትꬃራ፥ አሽዘ ክርስቶሳ የሱሳ ባጋራ ጨር ጽልዳ።
2d0319011c	ጾዚ የሱስ ክርስቶሳ ዣርሾ ማህ እንግዳ፥ ኤዛ አማንዘ ኡባ ኤ ሱꬅተ ናጋራ አቶትꬅ ደንጎደ ፋና። ጾዚ ይኖ ኦችደ ፋ ዳንዳአራ ዛጋ ናጋርቶ ፋይድካይዛራ አሺ፥ ፋ ጽሎትꬅቶ ቤሳደስ።
2d031a0075	የሱሳ አማንዘ ኡባ ጽሎደ ፋና Ꮉተ ዎደ ጾዘ ፋ ኦምተ ጽሎ ማቅዛኖ ቤሳደስ።
2d031b00a8	ዬዝን፥ ኑ ጬቅንትዘ ባዝ አኮ የዘ? አኮን ባያ። ኑኒ ጬቅንትዛና ህገስ ኪትንትዘ ግሾነ? አደ! አማኖ ህገራ።
2d031c0069	ጾዚ አስ ጽልዘ አማኖራፕ አትን ህገስ ኪትንተራ ባይዛኖ ኑ ቆፓነ።
2d031d00a2	ዎይ ጾዚ አይሁዱንꬅ ጻላላ ጾዞነ? አይሁደ ማቆሱንꬅስን ጾዚ ባነ? ቱሮ፥ አይሁደ ማቆሱንꬅስን ኤ ጾዚ።
2d031e006a	ጾዚ ፈቶ፤ አይሁዱንꬃናን አይሁደ ማቆሱንꬃና አማኖራ ጽልዘ ኤዛ።
2d031f006b	ዬዝን፥ ኑኒ ህገ አማኖ ግሾ ꬋብሶዳነ? አደ! ህግቶ ምንꬃነፕ አትን።
2d0401003f	ዬዝን፥ ኑ አዳይ አብራሃማ አኮ ደንግዶ?
2d0402009c	አብራሃማ ኦቻራ ጽልደባዝ ማቅኮ፥ ኤ ጬቅንትዘ ባዝ የነ፥ የዝን፥ ጾዘ ቲኖ ጬቅንቶደስ ዳንዳኦስ።
2d04030084	ጌሽ ማጻፍተ፥ «አብራሃማ ጾዝ አማንዳ፤ ጾዚ ይኖ ኤስ ጽሎትꬅ ማህ ፋይድዳ» ጋይዳ።
2d04040084	ኦችዘ አꬄስ ኤክዘ ዳሞዝታ፥ ኤ ኦቻ ዎልቂትስ ጭግንትዘ ጋለፕ አትን ኤስ እሞ ባያ።
2d04050097	የዝን ኦቻ ኦቾሰ ኦንን ናጋራንቾ ጽልዘ ጾዛ አማንኮ፥ ኤ አማንታ ኤስ ጽሎትꬅ ማቂ ፋይድንታነ።
2d0406009e	ጌሽ ማጻፍተ ዳዉተ፥ ኦቻ ባይꬅ ጾዚ ጽልዘ አሱንꬅ አኮ ጋር አንጅንተዛኮ Ꮉኒ ጋር ያጋእ ቆንጭዝዳ፦
2d0407006f	«ኡን ባልታ አቶ ጋእንትዱንꬅ ኡን ናጋርታ ካምንትዱንꬅ አንጅንትዳ።
2d04080050	ላꬂ ኤ ናጋርቶ ፋይዶሰ አꬄ አንጅንትዳ» ያጋይዳ።
2d04090135	ዬዝን፥ ዳዉተ ኦህደ አንጅታ ጋራዝንትደ አሱንꬅስ ጻላላሶነ? ዎይ ጋራዝንትካይዘ አሱንꬅሶ? ኑኒ፥ «ጌሽ ማጻፍታ፥ ‹አብራሃማ ጾዝ አማንዳ፤ ጾዚ ይኖ ኤስ ጽሎትꬅ ማህ ፋይድዳ› ጋነ» ኑ ያጋይዳ።
2d040a00b5	ዬዝን፥ ይና አይደ Ꮉንዶ? አብራሃማ ጋራዝንትንነ? ዎይ ጋራዝንትካይዝን? ጋራዝንተፓ ቲኖ Ꮉንዳፕ አትን ሱባ ባያ።
2d040b013d	አብራሃማ ጋራዝንቶዳንፓ ቲኖ ኤ አማንታ ኤስ ጽሎተꬅ ማቂ ፋይድንትዳኖ ኤርሶደስ፥ ኤ ጋራዝንታ ማላ ማቅዳ። ይኒ ግሾ፥ አብራሃማ ጋራዝንትካይዛራ አማንዙንꬅስን አማኖራ ጽልዙንꬅስ ኡባ አደ ማቅዳ።
2d040c00ee	ኤ ጋራዝንተዙንꬅስን አደ። አብራሃማ ኡንትስ አደ ማቅደ ኡን ጋራዝንትደ ግሾ ጻላላ ባይዝን ኤ ጋራዝንቶዳንፓ ቲኖ አማንደ አማንተ ኡን ካልደ ግሾስ።
2d040d00dc	አብራሃማስን ኤ ዛርትስ፥ «አላምቶ ታ ይንትስ እንጎዳ» ያጋይደ ኡፋይስታ፥ አብራሃማ አማኖራ ጽልደ ግሾስ ፋትን ህገ ናጊ ፎልደ ግሾ ባያ።
2d040e009b	ህገስ ኪትንትዱንꬅ ጾዘ ኡፋይስቶ ላትዙንꬃና ማቅኮ፥ አማኖ ማዶስ፤ ጾዘ ኡፋይስታን ጨር ማቃነ።
2d040f0066	ህገ ጾዘ ካች ከእነ፥ የዝን ህገ ባይዘ በሳ ህገ አ ን አሸን ባያ።
2d0410017d	ይኒ ግሾ፥ ጾዚ እንግደ ኡፋይስታ አማኖራ ኤክንታነ። Ꮉና ኡፋይስታ አብራሃማ ኮች ኡባስ ጾዘ አꬎ ኬሃትꬅ ባጋራ እንግንትዳኖ ቆንጭዛነ። ይናን ህገ ናግዙንꬅስ ጻላላስ ባይዝን አብራሃማ ፋና አማንደ ኡቡንꬅስ። አብራሃማ ኑ ኡቡንꬅስ አደ።
2d0411013f	ጌሽ ማጻፍተ፥ «ታ ነና ጋማ ዎርዣስ አደ ማህዳ» ጋእንት አብራሃማ ግሾ ጻፍንትዳ። ይና ኡፋይስታ አብራሃማስ እንግንትደ Ꮉይቂዱንꬅስ ደኦ እንግዘን ባይዘ ባዝ የዝዘ ጾዘ ኤዛ ማቅዳኖ ኤ አማንደ ግሾስ።
2d041200f9	ጾዚ አብራሃማስ ነ ኮችታ ጋንጎዳ ጋይዳና፥ ኡፋይስ ጋዶደስ አኮን ዳንዳእንቶሰ ዎደ አብራሃማ ጾዝ አማንደ ግሾን ኡፋይስ ጋድደ ግሾ ጋማ ዎርዣስ አደ ማቅዳ።
2d041300bb	አብራሃማስ ጼት በረ ኩምደ ባዝ ማቅኮን፥ ፋ ጭንግደ አሽተን ሳራ ናአ የሎደስ ዳንዳኦሳኖ ኤርተራ ፋ አማንተ ላቢካያ።
2d04140093	ኤ ፋ አማንተ ሚንግ ጾዝስ ቦንቾ እንግዳፕ አትን ጾዚ እንግደ ኡፋይስቶ አማናንጺ፥ ሶእካያ።
2d0415006e	አብራሃማ፥ ጾዚ እንግደ ኡፋይስቶ ፎሎዳኖ ፋ ኩሙꬅ ዎዝንተ አማንዳ።
2d0416004c	ይኒ ግሾ፥ ጾዚ ኤ አማንቶ ጽሎትꬅ ማህ ፋይድዳ።
2d04170067	የዝን፥ «ፋይድንትዳ» ጋዘ ቃልዘ አብራሃማስ ጻላላ ጻፍንትካያ።
2d041800ac	የ ቃልዘ ኑ ላꬄ የሱሳ Ꮉይቆፓ ደንꬅደ ጾዛ አማንዘ ኑስን ኑ አማንታ ጽሎትꬅ ማቂ ፋይድንቶደ ጋር ጻፍንትዳ።
2d04190081	ጾዚ ኤዛ ኑ ናጋርት ግሾ Ꮉይቆስ አꬂ እንግዳ፤ ኤ ኑና ጽልሳደስ Ꮉይቆፓ ደንድዳ።
2d05010082	ይኬ፥ ኑ አማኖራ ጽልደ ግሾ ኑ ላꬄ የሱስ ክርስቶሳ ባጋራ ጾዛራ ኑስ ሳሮትꬅ የነ።
2d050200a0	ኑ ኤ ባጋራ Ꮉተ ኑ ኤቅደ አꬎ ኬሃትꬅተ አማኖራ ገልዳ። ይኒ ግሾ፥ ኑ ጾዘ ቦንቾ ኡፋይስተ ጬቅንታነ።
2d05030077	ይኖ ጻላላ ባይዝን ማꬋ ዳንዳአ ክእዛኖ ኑ ኤርዘ ግሾ ኑ ማꬍተን ጬቅንታነ።
2d0504005b	ማህ ዳንዳአ ፋታና፥ ፋታናን ኡፋይስ እንግዛኖ ኑ ኤራነ።
2d05050093	ኑስ እንግደ ጌሽ አያና ባጋራ ጾዚ ፋ ሲቅቶ ኑ ዎዝንተ ጉስደ ግሾ ይና ኡፋይስታ ኑና ዬልዞስ።
2d05060089	ኑ Ꮉጋ ላቢዱንꬃና ማቂ የዝን፥ ጾዘ ዎደ የልን፥ ክርስቶሳ ናጋራንቹንꬅ ግሾ Ꮉይቂዳ።
2d050700b0	ጽሎ አስ ግሾ Ꮉይቆደ አስ ደንጎዳና ዳማ ማꬋ፥ የዝን ሎኦ አስ ግሾ Ꮉይቆደ አስ ኦደ ኤርዘ በንትካይዛራ አቶስ።
2d050800b1	የዝን ኑኒ Ꮉጋ ናጋራንቾ ማቂ የዝን፥ ክርስቶሳ ኑ ግሾ Ꮉይቂዳ። ይና ጾዚ ኑና አኮ ጋር ሲቅዛኮ ኤ ሲቅቶ ቤዛነ።
2d05090087	ይኬ፥ ኑኒ ክርስቶሳ ሱꬅተ ጽልደባዝ ማቅኮ፥ ኡባፓ አꬂ ኤ ባጋራ ጾዘ Ꮉንቆፓ አቶዳ።
2d050a00cf	ኑኒ ጾዛራ ሞርከ፥ የዝን ኤ ናአይ Ꮉይቅተ ኤራ ጊግዳ። ይንፓ አꬂ፥ Ꮉተ ኑኒ ጾዛራ ጊግደፓ ሱባ ኤ ናአይ ደኦ ምክናተራ ኑኒ አቶዳ።
2d050b0092	ይኖ ጻላላ ባይዝን Ꮉተ ኑና ጾዛራ ጊግዝደ ኑ ላꬄ የሱስ ክርስቶሳ ባጋራ ኑ ጾዛላ ጬቅንታነ።
2d050c00c8	አዳማ ባጋራ ናጋራ Ꮉና አላምተ ገልዳ። ይና ናጋርት ባጋራ Ꮉይቆ ይእዳ። አስ ኡባ ናጋራ ኦችደ ግሾ Ꮉይቆ አስ ኮች ኡባ የልዳ።
2d050d0097	ህገ እንግንቶዳንፓ ቲኖ አላመ ናጋራ የነ፥ የዝን ህገ ባይዘ ዎደ ናጋራ ናጋራ ማቂ ፋይድንቶስ።
2d050e012b	የዝን አዳማፓ ሙሴ የሎደስ Ꮉይቆ አስ ኡባ አህዳ። መለ አቶ የዝን፥ አዳማ ህገስ ኪትንታንጽደ ግሾ፥ አዳማ ፋና ናጋራ ኦችካይዙንꬃላ አፋ Ꮉይቆ ካእትዳ። አዳማ ዮኦደስ የዘ የሱሳስ አዝዘ።
2d050f0109	የዝን ጾዘ አꬎ ኬሃትꬅ አስ ናጋርት ፋና ባያ። ፈቲ አስ ናጋራ ባጋራ ጋማ አሱንꬅ Ꮉይቂዳ። የዝን የሱስ ክርስቶሳ ባጋራ ጾዘ አꬎ ኬሃትꬅ አስ ኡባስ ጋንꬅ እንግንትዳ።
2d051000fe	አዳማ ናጋራ ግዳን ጾዘ እሞ ግዳ ጋማ ዱማትꬅ የነ። ፈቲ አስ ናጋራ ባጋራ ጾዚ ኤላ አፋ ፍርድዳ። የዝን አስ ጋማ ናጋራ ኦችንን ጾዘ አꬎ ከሃትꬅታ ጽሎትꬅ ክእዳ።
2d051100d6	ፈቲ አስ ናጋራ ባጋራ Ꮉይቆ ካእትዳ። የዝን የሱስ ክርስቶሳ ባጋራ ጾዘ አꬎ ኬሃትꬅን ጽሎትꬅ እሞ ኤክዘ ኡቡንꬅ፥ ጋምዘ ደኦር የሳዳ።
2d051200d3	ይኬ፥ ፈቲ አስ ናጋራ ኦችደ ባጋራ አስ ኡባላ ፍርዳ ይእዳን ፋና ፈቲ አስ ጽሎ ኦችደ ባጋራ፥ ጾዚ አስ ኡባ ጽልዚ ኡንትስ ደኦ እንጋነ።
2d051300a8	ፈቲ አስ ኪትንታንጽ እጽደ ባጋራ፥ ጋማ አሱንꬅ ናጋራንቾ ማቅዳን ፋና ፈቲ አስ ኪትንተር ጋማ አስ ጽሎዳ።
2d051400a9	አሱንꬅ ናጋራ ዎልቃ ኤሮደ ፋና ህገ ይእዳ፥ የዝን ናጋራ ዎልቃ ጋንግደ ዎደ ጾዘ አꬎ ኬሃትꬅ አꬊ ጋንግዳ።
2d051500d3	ናጋራ Ꮉይቆ ዎልቃራ ካእትዳን ፋና ጾዘ አꬎ ኬሃትꬅ ጽሎትꬅ ዎልቃራ ካእት፥ ኑ ላꬄ የሱስ ክርስቶሳ ባጋራ ኑና መዽና ደኦጎ ካልꬃነ።
2d06010072	ዬዝን፥ ኑ ዋጋዉደ? ጾዘ አꬎ ከሃትꬅታ ጋንጎደ ፋና ናጋራራ ሚንግ የሳነ?
2d06020087	አቶ Ꮉኖስ፥ ኑኒ ናጋራስ Ꮉይቅደባዝ ማቅኮ፥ ዬዝን፥ ኑኒ ይኬፓ ዋይዝ ናጋራራ የሳደ?
2d0603008d	ኑ ኡቡንꬅ ክርስቶሳ የሱሳራ ፈቶ ማቃደስ ጻማቅንትደ ዎደ ኤ Ꮉይቅተ ኤራ ዎላ ሞግንትዳ።
2d060400d4	ኑ ጻማቅንትደ ዎደ ክርስቶሳራ Ꮉይቅዳነ ሞጉንትዳ። ክርስቶሳ ጾዘ አዳይ ቦንቾ ዎልቃራ Ꮉይቆፓ ደንድዳን ፋና ኑንን ክለ ደኦ የሳዳ።
2d0605006f	ኑ ኤ Ꮉይቅተ ኤራ ፈቶ ማቅኮ፥ ይኒ ጋራን፥ ኤ ደንድተ ኤራ ፈቶ ማቃዳ።
2d060600c2	ኑ ይኬፓ ናጋራስ አሮ ማቃመ ፋናን ኑ ናጋራንቾ አሳትꬅት ዎልቅታ ꬋቦደ ፋና ኑ ጋልአ አሳትꬅቶ ክርስቶሳራ ሱጽዳኖ ኤራነ።
2d0607005c	ፈቲ አስ Ꮉይቅደባዝ ማቅኮ፥ ኤ ናጋራ ዎልቃፓ ዋሎ ከዛነ።
2d06080054	ኑኒ ክርስቶሳራ Ꮉይቅኮ፥ ኤራ ደኦ የሳዳኖ አማናነ።
2d0609008a	ክርስቶሳ Ꮉይቆፓ ደንድደ ግሾ ማህ ኤ Ꮉይቆሳኖን Ꮉይቆ ቲኖስን ኤዛ አሆሳኖ ኑ ኤራነ።
2d060a0088	ኤ Ꮉይቂደ ዎደ ናጋራስ ፈቲ ቶሄ ዉርሱꬅ የሎደስ Ꮉይቂዳ፥ የዝን Ꮉተ ደኦ ጾዝስ የነ።
2d060b0087	ይኒ ፋናን፥ ይን ናጋራስ Ꮉይቂ፥ ላꬄ ክርስቶስ የሱሳ ባጋራ ጾዝስ ደኦ የዛኖ ቆፖተ።
2d060c008d	ይኒ ግሾ፥ ይን፥ ይን አሳተꬅታ አሞስ ኪትንታመ ፋና Ꮉይቅዘ ይን አሳተꬅቶ ናጋራ አህፐ።
2d060d014a	ማህ ይን አሳትꬅ ክፍልቶ ናጋራ ኦቾደስ ገነ ኦላ ሚሸ ማህ እንግፐተ። የዝን ይን Ꮉይቆፓ ደንዲ፥ ደኦ የዘ አስ ፋና ይን አሳተꬅቶ ጾዝስ እንጎተ። ማህ ይን ኩሙꬅ አሳተꬅቶ ጽሎ ኦላ ሚሸ ማህ ጾዝስ አꬂ እንጎተ።
2d060e0098	ይን ጾዘ አꬎ ኬሃትꬅስ ኦሞራ የነፕ አትን ህገፓ ኦሞራ የዞሰ ግሾ ናጋራ ይንታና አሆደስ ቤዞስ።
2d060f00a8	ዬዝን፥ ኑ ዋጋዉደ? ህገፓ ኦሞራ ማቅካይዝን ጾዘ አꬎ ኬሃትꬃፓ ኦሞራ የዘ ግሾ ናጋራ ኦቾዳነ? ሙሎን Ꮉኖስ!
2d0610016b	ይን ፈቲ አስስ ኪትንቶደስ ይንታና አሮ ማህ እንግኮ ይና ይን ኪትንትዘስ አሮ ማቅዛኖ ኤሮተ። ይኒ ጋራ፥ ይን ናጋራስ ኪትንትኮ፥ ይንትስ Ꮉይቆ ክእዘ ናጋራስ አሮ ማቃነ። ዎይ ይን ጾዝስ ኪትንትኮ ጽሎትꬅ ክእዘ ጾዝስ አሮ ማቃነ።
2d061100a9	ዛጋ ይን ናጋራስ አሮ፥ የዝን Ꮉተ ይን ኤክደ ቱሪ ትምርተስ ኩሙꬅ ዎዝናፓ ኪትንትደ ግሾ ጾዝስ ጋላታ ማቀ።
2d06120055	ይን ናጋራ አሮትꬅ አቻፓ ብልንቲ ጽሎትꬅ አሮ ማቅዳ።
2d0613014d	ይን ይን ቆፍተ ላበዙንꬃና ማቅደ ግሾ ታኒ ኦደስን ገልዘ ኦገራ ኦህነ። ዛጋ ይን፥ ይን አሳተꬅቶ ቱናን ኢታ ባዝ ኦቾደስ አሮ ማህ እንግዳን ፋና Ꮉተ ይን አሳተꬅ ክፍልቶ ጌሽ ማቃደ ፋና ጽሎተꬅ አሮ ማህ እንጎተ።
2d06140045	ይን ናጋራስ አሮ የዘ ዎደ ጽሎትꬅስ አቆስ።
2d0615008f	ይንታና Ꮉተ ዬልዘ ዛጋ ይን ኢታ ኦችትፓ አኮ ማደ ደንግዶተ? ይና ኦችትስ ዉርሱꬅታ Ꮉይቆ።
2d06160098	የዝን ይን ናጋራ አሮትꬃፓ ብልንቲ፥ ጾዘ አሮ ማቅዳ። ይና ይንታና ጌሽ ማህ መዽና ደኦ ካልꬃነ።
2d06170094	ናጋራ ዳሞዘ Ꮉይቆ። የዝን ጾዘ፥ ኑ ላꬄ ክርስቶስ የሱሳ ባጋራ እንግዘ እሞትꬅታ መዽና ደኦ።
2d07010091	ታ እሹንꬆ፥ ታኒ ህገ ኤርዘ አሱንꬅስ ኦህነ። ህገ ፈቲ አስ ፋጻ የዘ ዎደ ኤዛ አህዛኖ ኤሮሶ?
2d070200e1	አዝዘስ፥ አዝኒ ገልደ ማችታ እ አዝንዘ ፋጻ የዘ ዎደ ህገራ ኤዛራ አጭንትዳ። የዝን እ አዝንዘ Ꮉይቅኮ ኤዛራ እዛ አጭንትደ ጫቅታ እዞ አሆስ።
2d07030117	ይኒ ግሾ፥ እዛ ፋ አዝንዘ ፋጻ የዝን፥ መለ ꬊራꬅ ገልኮ፥ እዛ ላምዳ ጋእንታነ። የዝን እ አዝንዘ Ꮉይቅኮ፥ ጫቆ እዞ አሆሰ ግሾ እዛ መለ አዝኒ ገልኮ፥ እዛ ኦላልዳኖ ጋእንቶስ።
2d070400c5	ይኒ ግሾ፥ ታ እሹንꬆ፥ ይን ክርስቶሳ አሾ ባጋራ ህገ ዎልቃስ Ꮉይቂ፥ ጾዝስ ኣፈ አፎደስ Ꮉይቆፓ ደንድደ ክርስቶሳስ ማቅዳ።
2d070500ee	ኑ አሾ አሞ ኑና አህን፥ ኑ የዘ ዎደ ህገ ጉጂ ናጋራ ኦቾደ ጋር ኑና ደንꬅꬃነ። ኑ አሽቲ ግዳ ኢታ አሞትꬅ የዘ ግሾ ኑኒ Ꮉይቆ ኣፈ አፎደ ፋና ኦቻነ የሻ።
2d070600fa	የዝን Ꮉተ ኑኒ ኑና አጭደ ህግትስ Ꮉይቅደ ግሾ ኑኒ ህገ አቻፓ ብልንትዳ። ይኒ ግሾ፥ ክለ አያናር ጾዝስ ኪትንታነፕ አትን ጻፍንትደ ጋልአ ህግትስ ኪትንቶስ።
2d070700db	ዬዝን፥ ኑኒ ዋጋዉደ? ህገ ናጋራነ? አደ! የዝን ህገ ናጋራ አኮ የዛኮ ታና ኤርስዳ። ህገ፥ «አሙꬍፐ» ጋይካይዛኮ፥ አሙ አኮ የዛኮ ታ ኤሮስ።
2d070800a1	የዝን ታ ኡባ ባዝ አሙꬎደ ፋና ናጋራ ህገ ባጋራ ታ ግዳ ኦገ ደንግዳ። ህገ ባይዛኮ ናጋራ Ꮉይቂደ ባዝ።
2d0709007f	ዛጋ ህገ ባይዘ ዎደ ታ ፋጻ፥ የዝን ህገ እንግንትደ ዎደ ናጋራ ፋጽን ታ Ꮉይቂዳ።
2d070a0057	ታኒ ደኦ የሳደ ፋና ጾዚ እንግደ ህገ ታስ Ꮉይቆ ክእዳ።
2d070b004c	ናጋራ ህገ ባጋራ ታና ጭምዘ ኦገ ደንግ፥ ዎꬍዳ።
2d070c0060	ይኒ ግሾ፥ ህገ ጌሽ፤ እዘ ጻፍንትደ ኪታን ጌሽ፥ ጽሎን ሎኦ።
2d070d012a	ዬዝን፥ ሎኦ ማቅደ ባዝ ታላ አፋ Ꮉይቆ ክእዳነ? አደ! የዝን ናጋራ ናጋራ ማቅዛና ቆንጮደ ፋና ሎኦ ባዛራ ማድንቲ ታስ Ꮉይቆ ክእዳ። ይኒ ግሾ፥ ናጋራ ናጋራ ማቅዳና ህገ ባጋራ አꬊ ኤርንትዳ።
2d070e0079	ኑኒ ህገ አያናባዝ ማቅዛኖ ኤራነ። የዝን ታኒ ናጋራስ ባይዝንትደ አሾ አስ።
2d070f0070	ታኒ ታ ኦችዛኖ ቲሮስ፤ ታኒ ካꬍዘባዝ ኦቾዳኖ አሺ ታ እጽዘባዝ ኦቻነ።
2d07100065	ታኒ እጽዘባዝ ኦችዘባዝ ማቅኮ፥ ህገ ሎኦ ማቅዛኖ ታ ማርክꬋነ።
2d0711006b	ይኖ ማቅኮ፥ ይና ኦችቶ ታ ግዳ የዘ ናጋርታ ኦቻነፕ አትን ታ ኦቾስ።
2d071200bc	ታ ግዳ፥ ይናን ታ አሽተ ሎኦ ባዝ ባዛኖ ኤራነ። ሎኦ ባዝ ኦችዘ አሞትꬅ ታ ግዳ የነ፥ የዝን ሎኦ ባዝ ኦቾደስ ዳንዳኦስ።
2d0713005e	ታኒ እጽዘ ኢታ ባዝ ኦቻነፕ አትን ታ ካዽዘ ሎኦ ባዝ ኦቾስ።
2d0714008b	ታኒ እጽዘባዝ ኦችዘባዝ ማቅኮ፥ ይና ታ ግዳ የዘ ናጋርታ ኦቻነፕ አትን ኦችዘ ታና ባያ።
2d07150074	ይኬ፥ ታ ሎኦ ባዝ ኦቾደስ ካꬍዝን፥ ኢታ ባዝ ኦችዛኖ ቤዝዘ ህገ ደንግዳ።
2d0716003b	ታኒ ታ ዎዝንተ ጾዘ ዎግተ ኡፋይታነ።
2d071700d6	የዝን ታ አሳትꬅተ የዛይ ታ ጉግተ የዘ ህገራ ኦልንትዘ ዱማ ህገ በእነ። የ ህግዘ ታ አሳትꬅተ ኦችዘ ናጋራ ህገስ ታና አሮ ማህ እንግዳ።
2d07180076	ታኒ ዋይዝ አላ ዎꬍደ አሶ? Ꮉይቆስ ካንግዘ Ꮉና አሳትꬅትፓ ታና አሾደ ኦደ?
2d071900d9	ኑ ላꬄ የሱስ ክርስቶሳ ባጋራ ታና አሽዘ ጾዘስ ጋላታ ማቀ። ይኬ፥ ታኒ ታ ቆፍተ ጾዘ ህገስ አቃነ፤ የዝን ታ አሳትꬅተ ናጋራ ህገስ አቃነ።
2d08010055	ይኒ ግሾ፥ ክርስቶስ የሱሳራ የዙንꬅ Ꮉተ ፍርዳ ባያ።
2d0802009b	ክርስቶስ የሱሳ ባጋራ ኑስ ደኦ እንግዘ ጌሽ አያና ህገ፥ ታና ናጋራን Ꮉይቆ ህገ አሮትꬃፓ ከስዳ።
2d08030150	ኑ ናጋራ አሳትꬅት ባጋራ፥ ህገ ለፕደ ግሾ ኑና አሾደስ ዳንዳእካያ። ጾዚ ፋ ናአያ ናጋራንቾ አሱንꬅስ አዝዝ ናጋራስ ዣርሾ ማቆደ ፋና ኪቲ ይኖ ኦችዳ። የይዝ፥ ጾዚ ክርስቶሳ አቶትꬅት ባጋራ፥ ናጋራ ፍርድ Ꮉስዳ።
2d080400b9	ጾዚ ይኖ ኦችዳና፥ ኑ አሾ አሞ ኮይዛን ፋና ባይዝን ጌሽ አያና ኮይዛን ፋና የዘ ኑላ አፋ ህገ ጽሎ ኪታ ፎልንቶደ ፋና።
2d0805008d	አሾ ቆፋር የዙንꬅ አሾባዝ ቆፓነ። የዝን ጌሽ አያና ቆፋር የዙንꬅ ጌሽ አያናባዝ ቆፓነ።
2d08060084	ኑ ቆፍታ አሾ አሞስ አቅኮ Ꮉይቆ ከእነ፥ የዝን አያናስ አቅኮ ደኦን ሳሮትꬅ ከእነ።
2d0807009a	አሾ አሞስ አቅዘ አስ ጾዘ ህገስ ኪትንቶደስ ኮዮሰ ግሾን ኪትንቶደስ ዳንዳኦሰ ግሾ ጾዛራ ሞርከ።
2d0808004d	አሾ አሞስ አቅዙንꬅ ጾዝ ኡፋይሶደስ ዳንዳኦስ።
2d080900ed	የዝን ጾዘ አያና ይንታራ የዝኮ ይንታላ አቅኮ፥ ይን አያና ቆፋ የነፕ አትን ይን አሾ አሞስ አቆስ። ክርስቶስ አያና ባይዝን ኦንን ክርስቶሳስ ማቆስ።
2d080a00b8	የዝን ክርስቶሳ ይን ግዳ የዝኮ፥ ይን አሳትꬅታ ናጋራ ባጋራ Ꮉይቂዳኖ። የዝን ይን አያንዘ ጽሎትꬅ ባጋራ ደኦ የነ።
2d080b00f7	የዝን የሱሳ Ꮉይቆፓ ደንꬅደ ጾዘ አያና ይን ግዳ የዝኮ፥ ክርስቶሳ Ꮉይቆፓ ደንꬅደ ጾዚ፥ ይንታራ የዘ ፋ ጌሽ አያናራ Ꮉይቂደ ይን አሳትꬅትስ ደኦ እንጎዳ።
2d080c0065	ይኬ፥ ታ እሹንꬆ ጋለ የነ፥ ኑኒ ኑ አሾ አሞ ካሊ የሳደስ ቤዞስ።
2d080d009c	ይን፥ ይን አሾ አሞስ የዝኮ Ꮉይቆዳ፥ የዝን ጌሽ አያና ዎልቃራ ናጋራ ኦችቶ ዎꬍኮ ይን ደኦ የሳዳ።
2d080e0041	ጾዘ አያና ካልዘ ኡቡንꬅ ጾዘ ናኡንꬃና።
2d080f00d1	ኑኒ፥ «አቦ፥ ታ አዳዮ» ያጋእ ጼግዘ፥ ጾዘ ናኡንꬃና ማህዘ ጌሽ አያና ኤክዳፕ አትን ማህ ዣሽሞራ የሳደስ አሮ ማህዘ አያና ኤክካያ።
2d0810005d	ጾዘ አያና ኑ አያናራ ማቂ ኑኒ ጾዘ ናአ ማቅዛኖ ማርክꬋነ።
2d081100c1	ኑኒ ኤ ናአ ማቅኮ ጾዛ ላቶዳ፤ ክርስቶሳራ ዎላ ይኖ ላቶዳ። ማህ ኑኒ ክርስቶሳራ ዋየ ኤክኮ ኤራ ዎላ ኤ ቦንችቶ ሻክንቶዳ።
2d081200a3	ኑኒ Ꮉተ ዋይዘ ዋይቶ፥ ቲኖፓ ኑስ ቆንጮደ ቦንቾራ የልꬅ ብእኮ፥ ዎልክሳደስ ዳንዳእንቶስ ጋእ ቆፓነ።
2d0813004d	መ ትꬅ ኡባ ጾዘ ናአ ቆንጭꬅቶ ጋማ አሙꬊ ካፋነ።
2d0814009d	መ ትꬅ ኡባ Ꮉሪ ማቅዳ፤ ይናን፥ መ ትꬅታ ዶሮር ባይዝን ኡፋይሳራ ናጎደ ፋና ኦችደ ጾዘ ቆፋ Ꮉንዳ።
2d08150074	መ ትꬅ ፋ ኦምተ ꬋበ አሮትꬃፓ ኬዚ፥ ጾዘ ናኡንꬃራ ዋሎ ቦንቾ ግሽንቶዳ።
2d0816008f	መ ትꬅ ዎላ Ꮉይኖ የሎደስ የሎ ꬋኤ አይክደ ማችት ፋና እንጽጸራን ኡንአራ የዛኖ ኑ ኤራነ።
2d081700f0	ማህ ይኖ መ ትꬅት ጻላላ ባይዝን ጌሽ አያና እሞ ኤክደ ኑኒ፥ ኑ ኦምተ ኑ አሳትꬅትስ ዎዞ ማቅደ ጾዘ ናአ ማቅዘ ኡፋይስቶ ናግተራ ኑ አሳትꬅተ እንጽጻነ።
2d0818009c	ይና ኡፋይስተ ኑኒ አትዳ። የዝን ኑኒ ኡፋይስ ኦችዘባዝ በንትዘ ባዝ ማቅኮ ይኖ ኦደ ኡፋይስ ኦችዘ?
2d08190079	የዝን ኑ ብእካይዘ ባዝ ደንጎደስ ጋእ ኡፋይሳራ ናግኮ ይኖ ዳንዳአራ ናጋነ።
2d081a00e9	ይኒ ጋር ጌሽ አያና ኑ ላብꬅተ ማዳነ። ኑኒ ጾዝ ዋይዝ ዎሶደስ ቤዝዛኮ ኤሮስ፥ የዝን ጌሽ አያና ፋ ኦምተ፥ አስ ኦሆደስ ዳንዳኦሰ ቃላር ኑስ ሾባነ።
2d081b00a7	ማህ አስ ዎዝና ኤርዘ ጾዘ ጌሽ አያና ቆፍታ አኮ የዛኮ ኤራነ። ጌሽ አያና ጾዘ ቆፍት ጋር ጌሹንꬅስ ሾባነ።
2d081c0087	ጾዛ ሲቅዙንꬅስን ኤ ቆፍት ጋር ጼግንተዙንꬅስ ጾዚ ኡባ ባዝ ሎኦስ ኦችዛኖ ኑ ኤራነ።
2d081d009e	ጾዛ ኤርዱንꬅ ፋ ናአያ አዞደ ፋናን ናአይን አማንዙንꬅ ግዳ አንግስ ማቃደ ፋና ኡንታና ዶሪ ጋድዳ።
2d081e007d	ጾዚ ቲኖ ዶርዱንꬃና ጼግዳ፤ ጼግዱንꬃና ጽልዝዳ፤ ጽልዝዱንꬃና ማህ ቦንችዳ።
2d081f0067	ዬዝን፥ ኑ Ꮉና ኡባንስ ዋጋዉደ? ጾዚ ኑ ባጋ ማቅኮ ኑና ኦደ እጾደ?
2d082000d7	ኤ መለ አቶ የዝን፥ ፋ ናአይስ ይቅስንትካይዛራ፥ ኑ ግሾ አꬂ እንግዳ። ዬዝን፥ ፋ ናአያ ኑስ አꬂ እንግደ ዋይዝ ኤ ኡባ ባዝ ጨር እንጎሶ?
2d08210051	ጾዚ ዶርዱንꬃና ኦደ ሞቶደ? ጽልዘ ጾዚ ፍርድዘ ኦደ?
2d082200c9	ዬዝን፥ ኡንታላ አፋ ፍርዶደስ ዳንዳእዘ ኦደ? ኦንን ባያ። Ꮉይቆፓ ደንዲ ጾዘ ምዛቅተ በትደ፥ ክርስቶስ የሱሳ፥ ኤ ኑስ ሾባነ።
2d082300b6	ይኬ፥ ኑና ክርስቶሳ ሲቆፓ ሻጎደ ኦደ? ዋየነ ዎይ ማꬋነ ዎይ ባይኤነ ዎይ ናየ ዎይ ካሎትꬆነ ዎይ ዣሽሞነ ዎይ ኦላነ?
2d082400b9	ጌሽ ማጻፍተ፥ «ኑኒ ነ ግሾ አዋራ ኩሙꬅ Ꮉይቃነ፤ ሹፎስ ካንግዘ ዱሮ ፋና ፋይድንትዳ» ጋእንት ጻፍንትደ ፋና ማቅዳ።
2d08250065	የዝን ኑኒ Ꮉነ ኡባ፥ ኑና ሲቅዘ ክርስቶሳራ ጋምዙንꬃፓ አꬋነ።
2d082600d1	ይኒ ግሾ፥ Ꮉይቆ ማቅን ደኦ ማቅን ኪታንቹንꬃና ማቅን አህዙንꬃና ማቅን Ꮉተ የዛያ ማቅን ቲኖፓ ዮኦዳያ ማቅን ዎልቃሙንꬃና ማቅን፥
2d082700bb	ꬎቃ ማቅን ዝቃ ማቅን አኮ መ ትꬅ ማቅን ኑ ላꬄ፥ ክርስቶስ የሱሳራ የዘ ጾዘ ሲቆፓ ኑና ሻኮደስ ዳንዳኦሳኖ ታኒ ኤርዳ።
2d090100a6	ታኒ ክርስቶሳር ቱሮ ኦህነ፥ ዎርድꬎስ። ጌሽ አያና ካልꬅዘ ታ ዎዝንታ ታኒ ዎርድꬎኦሳኖ ታስ ማርክꬋነ።
2d09020063	ታ ዎዝንተ እስራኤሉንꬅስ ጋማ አዛኖን አሾሰ ዋየ ታ ግዳ የነ።
2d09030090	ታኒ፥ ታ እሹንꬅን ታ እግኑንꬅ ግሾ ክርስቶሳፓ ሻክንት ጾዘ ባድꬃፓ ኦሞራ የዘዛኮ ካꬋነ።
2d0904013a	ኡንትን እስራኤሉንꬃና፥ ጾዚ ኡንታና ፋ ናኡንꬃና ማህዳ፥ ፋ ቦንችቶ ኡንትስ ቆንጭዝዳ። ኡንታራ ጫቂዳ፤ ህገ ኡንትስ እንግዳ። ኡን ጾዝ ጎይኖደ ቱሪ ኦገ ቤዝዳ፤ ጾዚ ኡፋይስ ቃላ ኡንትስ እንግዳ።
2d090500c9	ኡን የልንተራ ማይዙንꬅ ኮች፤ ማህ ክርስቶሳ አሾራ ኡን ኮች ማቂ ይእዳ። ኡባፓ ካታራ ማቅደ ጾዘ መꬍናስ አንጅንትዳ። አምንኤ!
2d09060086	የዝን፥ ጾዘ ቃልታ ሻርንትዳ ጋኤ ባያ። እስራኤለፓ ይእደ ኡባ ቱሪ እስራኤለ ማቆስ።
2d090700ab	ማህ አብራሃማ ኮች ኡባ አብራሃማ ናአ ማቆስ። ጾዚ አብራሃማስ፥ «ነ ዛርታ ይሳቃ ባጋራ ጼግንቶዳ» ያጋይዳ።
2d090800d0	ይኖ ጋዛና አሾራ የልንትደ ናአ ኡቡንꬅ ጾዝ ናአ ማቆስ። የዝን ቱሪ እስራኤለ ናአ ጾዚ አብራሃማስ ገልደ ቃልት ጋር የልንትደ ናአ።
2d0909009d	ያጋዛኖ። ጾዚ እንጎዳ ጋእ ገልደ ቃልታ፥ «ታኒ ዎንꬅ በረ Ꮉኒ ዎደ ዮኦዳ፤ ሳራን ꬊራꬅ ናአ የሎዳ»
2d090a007d	ይኖ ጻላላ ባይዝን እርቢቃ ፈቲ ኑ አዳይ ይሳቃፓ መንተ ናኡንꬃና ዎዳጽደ ዎደ፥
2d090b0095	ኡን የልንቶደፓ ኢታ ዎይ ሎኦ ኦቾደፓ ቲኖ ኦቻራ ባይዝን ዶረር ማቅዘ ጾዘ ቆፍታ ምንጎደ ፋና፥
2d090c0058	«አንግሰ ጌዘስ ኪትንቶዳ» ያጋእ ላꬂ እርቢቃስ ኦህዳ።
2d090d0072	ጋእንት ጻፍንትዳ። ይናን ጌሽ ማጻፍተ፥ «ያይቆባ ካꬍዳ፥ ኤሳዎ እጽዳ»
2d090e0047	ዬዝን፥ ኑ ዋጋዉደ? ጾዚ ፍርዳ ደሽዛነ? አደ።
2d090f0098	ላꬂ ሙሴጎ፥ «ታ ማሮደስ ኮይዱንꬃና ማሮዳ፤ ታ ይቅስንቶደስ ኮይዱንꬅስ ይቅስንቶዳ» ያጋይዳ።
2d0910005a	ይኬ፥ ጾዘ ዶረ አስ ቆፋ ዎይ ኦቻራ ባይዝን ኤ ማሮትꬅተ።
2d091100e7	ጌሽ ማጻፍተ፥ ግብጸ ካትዘጎ፥ «ታኒ፥ ታ ዎልቅቶ ኔላ ቤዞደስን ታ ሱንꬅታ አላመ ኡባ ግዳ ኤርንቶደ ፋና ይንስ ነና ካእትዝዳ» ጋእንት ጻፍንትዳ።
2d0912007e	ይኬ፥ ጾዚ ማሮደስ ኮይዛያ ማራነ፤ ዎዝንቶ ሙምሳደስ ኮይዛይ ዎዝንቶ ሙምዛነ።
2d091300b0	ይንታፓ ፈታይ፥ «ዬዝን፥ ጾዝ አስ ኢታ ኦቻ ግሾ አኮስ ቦረ? ጾዘ ቆፍቶ አቶ ጋዉደ ኦደ?» ጋእ ኦጮደስ ዳንዳአነ።
2d091400cf	የዝን ታ እሻዮ፥ ጾዛራ ላሎደስ ነ ኦደ? ሎቃፓ መꬍንትደ ሚሸ ፋና መꬍደጎ፥ «ታና Ꮉኒ ጋር ኦቺ አኮስ መꬍዶ?» ጋእ ኦጮደስ ዳንዳአነ?
2d0915009e	ዎይ ሎቃ መꬍዳይ ፈቲ ሎቃፓ ፈታያ ቦንቾ ሚሸ፥ Ꮉንካያ ማህ ቦረ ሚሸ ማህ መꬎደስ አደትꬅ ዎልቃ ባያ?
2d091600b7	ጾዚ ፋ ካችቶ ቤዞደስ ፋ ዎልቅቶ ኤርሶደስ ኮይ፥ ፍርዳስ ጊግደ Ꮉንቆ ናኡንꬃና ጋማ ገንጨራ ዳንዳኤዛኮ ነ አኮ ኤረ?
2d09170080	ይኖ ኤ ኦችዳና ቲኒ ቦንቾስ ጊግዝደ፥ ፋ ዶርደ ናኡንꬅስ ፋ ቦንችቶ ቆንጭሳደስ።
2d09180073	አይሁዱንꬃና ጻላላ ማቅካይዝን፥ አይሁደ ማቆሰ ኑንን ጾዛራ ዶርንትዳ።
2d091900bf	ናበ ሆሴዕ ማጻፍተ፥ «ታ አስ ማቅካይዙንꬃና፥ ታ አስ ጋእ ጼጎዳ። ታ ሲቅካይዘ ዎርዥቶ፥ ‹ሲቅንትዱንꬃና› ጋእ ጼጎዳ።
2d091a0098	ኡን፥ ‹ታ ዎርዣ ባያ› ጋእንት ጼግንትደ በስተ፥ ‹ደኦ ጾዘ ናአ› ጋእንት ጼግንቶዳ» ያጋይዳ።
2d091b00c9	ናበ ኢሳያሳ እስራኤለ አሱንꬅባዝ፥ «እስራኤለ አሱንꬅ አባ ጋጻ የዘ ሻፈ ፋና ጋንግኮን፥ ኡንታፓ ኤራꬅ አሱንꬅ ጻላላ አቶዳ።
2d091c0036	ይና ሳአላ አፋ ኤልሲ ፎልንቶዳ።»
2d091d00c4	ማህ ኢሳያሳ፥ «ኡባፓ ዎልቃማ ላꬄ ኑስ ኤራꬅ ኮች አሽካይዛኮ፥ ኑኒ ሶዶማን ጋሞራ ካታማ ፋና ꬋቦድ የሻ» ያጋእ ቲኒ ኦህዳ።
2d091e0083	ዬዝን፥ ኑ ዋጋዉደ? ጽሎትꬅ ካሎሰ አይሁደ ማቆሰ አሱንꬅ አማኖራ ጽሎትꬅ ደንግዳ።
2d091f0071	የዝን ጽሎትꬃጎ የልꬅዘ ህገ የዘ እስራኤለ አሱንꬅ ጽሎትꬅ ደንግካያ።
2d092000c5	አኮስ ደንጋንጽዶ? ኡን ጽሎትꬅታ አማኖራ ባይዝን ኦቻራ ኤኮደስ ኮይደ ግሾስ። የይዘ ግሾ፥ ኡን፥ «ꬉቢዘ ሹቻራ» ꬉብንትዳ።
2d092100ae	ጌሽ ማጻፍተ፥ ቦኦተ «ታኒ ጽዮነ ꬉቢዘ ሹችን ላላን ጋዶዳ። ኤዛ አማንዘ ኦንን ዬልꬎኦስ» ጋእንት ጻፍንትዳ።
2d0a01007d	ታ እሹንꬆ፥ ታ ኩሙꬅ ዎዝንተ ታ አሙꬍዛናን ጾዝ ዎስዛና እስራኤለ አቶደ ፋና።
2d0a02006e	ኡን ጾዝስ ምሽንታነ የዝን፥ ቱሪ ኤራትꬃፓ ምሽንቶሳኖ ታ ማርክꬋነ።
2d0a03008e	ኡን ጾዘ ጽሎትꬅ ኦግቶ ኤራንጺ እጺ፥ ፋ ኦማ ጽሎትꬅ ካልዳፕ አትን ጾዘ ጽሎትꬅ ኮይካያ።
2d0a04004f	አስ ኡባ አማኖራ ጽሎደ ፋና ክርስቶሳ ህገ ፎልዳ።
2d0a0500a0	አስ ህገ ናጊ ኤክዘ ጽሎትꬅባዝ ሙሴ ጻፍተራ፥ «ህገ ናግዘ ኦንን ይና ህግቶ ናጊ ደኦ የዛነ» ያጋይዳ።
2d0a0600bf	የዝን አማኖራ ኤክዘ ጽሎትꬅባዝ ጋእንትዳና Ꮉኖ፦ «ነ ዎዝንተ፥ ‹ኦኒ ሳሎ ኬሳደ?› ያጋእፐ፤ ይና ክርስቶሳ ዎዺሳደስ።
2d0a070074	ዎይ፥ ‹ሱለ ሳአ ኦሞ ዎꬎደ ኦደ?› ጋእፐ፤ ይና ክርስቶሳ ቦዛፓ ኬሶደስ።
2d0a0800a3	የዝን ያጋእ ጻፍንትዳ፦ ‹ቃላ ነ ካለ፤ ነ ዶንተ ነ ዎዝንተ የነ› ኑኒ ይንትስ ኦህዘ አማኖ ቃልታ Ꮉኖ።
2d0a090096	«የሱሳ ላꬂ» ጋእ ነ ዶንተ ማርክꬍኮ ጾዚ ኤዛ Ꮉይቆፓ ደንꬅዳኖ ነ ዎዝንተ አማንኮ፥ ነ አቶዳ።
2d0a0a0056	አስ ፋ ዎዝንተ አማኒ ጽላነ፤ ፋ ዶንተ ማርክꬊ አታነ።
2d0a0b0058	ጌሽ ማጻፍተ፥ «ኤዛ አማንዘ ኦንን ዬልꬎኦስ» ያጋይዳ።
2d0a0c00e4	ፈቲ ጾዘ ኡቡንꬅ ላꬂ ማቅደ ግሾ አይሁዱንꬃና ማቅን አይሁደ ማቆሰ አሱንꬅ ግዳ ዱማትꬅ ባያ። ኤ ፋና ጼግዘ ኡቡንꬅስ ፋ አንጅቶ ጋንꬂ እንጋነ።
2d0a0d0038	«ላꬄ ሱንꬅቶ ጼግዘ ኦንን አቶዳ።»
2d0a0e010b	ዬዝን፥ ኡን አማኖሳራ ዋይዝ ኤዛ ጼጎደስ ዳንዳኤ? ኡን ኤ ባዝ ስእካይዛራ ዋይዝ ኤዛ አማኖደስ ዳንዳኤ? ማህ ኡንትስ ቃላ ኦህዘ አስ ባይዝን፥ ዋይዝ ኤዛ ስኦደስ ዳንዳኤ?
2d0a0f00e4	ኪትንትደ አስ ባይዝን፥ ቃላ ዋይዝ ኦህንቶደስ ዳንዳኤ? ጌሽ ማጻፍተ፥ «ኡፋይስ ዎንገለ ኦህዘ አሱንꬅ ቶህታ ዋይዝ ሎኦ የሳ!» ያጋእ ጻፍንትዳ።
2d0a10009a	የዝን ኢሳያሳ፥ «ላꬆ፥ ኑ ማርካትꬅቶ ኦደ አማንዶ?» ያጋእዳን ፋና፥ ኡቡንꬅ ዎንገለ አማንካያ።
2d0a110068	ይኒ ግሾ፥ አማኖ ስሳፓ የእነ፤ ስእዛናን ክርስቶሳ ቃላፓ የእነ።
2d0a1200e6	ማቆ የዝን፥ እስራኤለ አሱንꬅ ቃላ ስእካያ ጋኤነ? አደ ስእዳ። ጌሽ ማጻፍተ፥ «ኡን ኦꬅታ ሳአ ኡባ ስንትዳ፥ ኡን ቃልታ ሳአ ጋጻ የልዳ» ያጋይዳ።
2d0a1300df	የዝን እስራኤለ አሱንꬅ ኤርካያ ጋኤነ? ሙሴ ዛጋ፥ «ታኒ ይንታና ለቅንትደ አሱንꬃራ ቂሪሳዳ፤ ማህ ኤያ አሱንꬃራ ይንታና ዥልሳዳ» ያጋይዳ።
2d0a1400b2	ማህ ኢሳያሳ፥ «ታና ኮይካይዘ አሱንꬅስ በንትዳ፤ ታና ኦጭካይዘ አሱንꬅስ ቆንጭዳ» ያጋእ ዣሽትካይዛራ ኦህዳ።
2d0a1500ae	የዝን እስራኤለ ባዝ ኦህተራ፥ «ኡባ ቃማ ኪትንቶሰ አሱንꬅስን ታና እጽዘ አሱንꬅስ ታ ኩሽቶ ምጭዳ» ያጋይዳ።
2d0b0100b1	አነ ታ ኦጮ፦ ዬዝን፥ ጾዚ ፋ አሱንꬃና ኦልዳነ? ኦልካያ! ታኒ ታ ኦምተ እስራኤለ፤ አብራሃማ ኮች፤ ብንያመ ኮች።
2d0b0200b2	ጾዚ ቲኖ ዶርደ ፋ አሱንꬃና ኦልካያ። ጌሽ ማጻፍተ፥ ኤልያሳ እስራኤሉንꬃና ጾዘ ቲኖ ዋይዝ ሞተዛኮ፥ ይን ኤሮሶ?
2d0b0300c4	ኤልያሳ፥ «ላꬆ፥ ኡን ነ ናቡንꬃና ዎꬍዳ፥ ነ ዣርሾ በስቶን ላልዳ። ታ ታ ጻላላ አትዳ፤ ኡን ታናን ዎꬎደስ ኮያነ» ያጋይዳ።
2d0b040092	ጾዚ ኤስ ዋጋእ ማህዶ? «ባኣለ ኤቃስ ጎይንካይዘ ላፑን ሙኩል አሱንꬃና ታስ አሽዳ» ያጋይዳ።
2d0b050085	ይኒ ጋራን፥ Ꮉና ዎድተ ጾዚ ፋ አꬎ ኬሃትꬅተ ዶርዱንꬃፓ አትደ (እስራኤሉንꬅ) የነ።
2d0b0600b7	ኤ ኡንታና ዶርደ ፋ አꬎ ኬሃትꬅተፕ አትን ኡን ኦቻራ ባያ። ዶረ ኦቻራ ማቅኮ፥ ኤ አꬎ ከሃትꬅታ አꬎ ኬሃትꬅ ማቆስ።
2d0b0700ad	ዬዝን፥ ዋይዶ? እስራኤለ ፋ ኮይዛኖ ደንግካያ፥ የዝን ጾዚ ዶርዱንꬂ ደንግዳ። አትዱንꬅ ፋ ዎዝንቶ ሙምዝዳ።
2d0b0800e9	የዝን፥ ጌሽ ማጻፍተ፥ «ኡን ፋ ኣፍተ በአመ ፋና ፋ Ꮉይተ ስአመ ፋና፥ Ꮉኖ የሎደስ ኡንትስ ጾዚ ዶጭዘ አያና እንግዳ» ጋእንት ጻፍንትደ ጋር Ꮉንዳ።
2d0b0900b1	ማህ ዳዉተ፥ «ኡን ሙእዘ ጋብታ ኡንታና ጽኬ ፋና አይኮ፤ ኡንታና ጎልእዘ ጋጋ ማቆ፤ ኡን ኢታትꬅታ ኡንታና የሎ።
2d0b0a008b	ኡን በአመ ፋና ኡን ኣፍታ ጎዝንቶ፤ ኡባ ዎደ ዋየፓ ደንድ ይን ባንታ ኩኒ የዞ» ያጋይዳ።
2d0b0b0108	ዬዝን፥ አይሁዱንꬅ ማህ ደንዳመ ፋና ጎልእዳነ? ባያ! ኡን ጎልእታ አይሁደ ማቆሰ አሱንꬅ አቶደ ፋና ምክናተ ማቅዳ። ይናን አይሁዱንꬅ ኡንታላ አፋ ቃናኦደ ፋና ኦችዳ።
2d0b0c0122	አይሁዱꬅ ናጋርታ አላምትስ ጋማ አንጆ ክእዳ፤ ማህ ኡን ጎልእታ አይሁደ ማቆሰ አሱንꬅስ ጋማ አንጆ ማቅዳ። ዬዝን፥ ዶርንትደ አይሁዱንꬅ ኩሙꬅ አትዘ ዎደ አንጆ አኮ ፋና ጋንጎድ የሻ!
2d0b0d00b4	ታኒ፥ Ꮉተ ይንትስ አይሁደ ማቆሰ አሱንꬅስ ኦህነ። አይሁደ ማቆሰ አሱንꬅ ሐዋረ ማቂ ኦችዛነ ታኒ ጋማ ጬቅንታነ።
2d0b0e0089	ታ ይኖ ኦችዳና ታስ አሾ ኮች ማቅዘ እስራኤሉንꬃና ቂርዝዳና ኡንታፓ ኤራꬅቶ አሾደስ።
2d0b0f00c4	ጾዚ ኡንታና ኦሊ አሽደ ዎደ Ꮉና አላምታ ጾዛራ ጊግዳ። ጾዚ ኡንታና ሺሺ ኤክዘ ዎደ Ꮉይቅደ አስ Ꮉይቆፓ ደንድዘ ፋና ማቅዳ።
2d0b1000bb	ቲኖ ምንጻ ኣፍዘ ጾዝስ ዣርሽንትደ ጌሽ ማቅኮ፥ ሙሎ ምንጻ አፍታን ጌሽ። ምንጻዘስ ጻጵታ ጌሽ ማቅኮ፥ ዣንግታን ጌሽ።
2d0b110106	ጋደ ቱክደ ሻማሄ ዣንገ ማቅደ አይሁዱንꬅ መቂኮ፥ ይን ጉርደ ዶልደ ሻማሄ ዣንገ ማቅዘ አይሁደ ማቆሱንꬅን ኡን በሳ ꬋንꬅንቲ ኡን ኣፈ አንጅቶን ዱረትꬅቶ ሻክንትዳ።
2d0b1200ec	ይኬ፥ ይን ዣንገ ፋና ሳርፍንቲ ዎꬍደ አይሁዱንꬃላ አፋ ኡቱርትፐተ። ይን ኡቱርትዘ ባዝ ማቅኮ፥ ጻጶ ይንታና ቶክዳፕ አትን ይን ጻጶ ቶኮሳኖ ቆፖተ።
2d0b13004e	ኔኒ፥ «ይኬ ታ ኡን በስተ ገሎደ ፋና» ጋእ ቆፖዳ።
2d0b1400c8	ይና ቱሮ። ኡን አማንካይዘ ግሾ ሳርፍንትዳ። ነ አማንደ ግሾ ይና በስተ ኤቅዳ። ነ ዣሽቶደስ ቤዛነፕ አትን ኡቱርቶደስ ቤዞስ።
2d0b150076	ጾዚ መꬎ ዣንገ ማቅዘ አይሁዱንꬅስ ይቅስንታንጽኮ ይንትስን ይቅስንቶስ።
2d0b16010d	ይኬ፥ ጾዚ አኮ ጋር ዳልጋን አኮ ጋር ዣሽዛኮ ቦኦ። ኤ ዣሽዛና ኪትንቶሱንꬃላ፥ ማህ ኤ ዳልጋትꬅታ ይን አማኒ ሚንግ ኤቅኮ ይንትስ። ሚንግ ኤቃንጽኮ ይንትን ሳርፍንቶዳ።
2d0b170088	አይሁዱንꬅ አማንኮ፥ ዛጋ የዘ በስተ ማቃዳ። ጾዚ ኡንታና ማህ፥ ገልꬆደስ ዳንዳአነ።
2d0b180122	ይንታና ጉርደ የዘ ሻማሄ ማቅደ አይሁደ ማቅካይዙንꬃና ጋቺ፥ ጋደ ቱክደ ሻማሄላ አፋ ይንታና ꬋንꬅኮ፥ መꬎ ጋደ ሻማሄ ማቅደ አይሁዱንꬃና ፋ ቲኖ በሳ ማህ ቱኮደስ ዋይዝ ዳንዳእንቶሳ?
2d0b190158	ታ እሹንꬆ፥ ይን ይንታና ኤራንቻ ጋእ ጬቅንትፐተ። ታ ይንትስ ኦህዘ ፈቲ ሳዛ ቆፋ የነ። ይናን እስራኤሉንꬅ ስአንጽ እጽዳና ዉርሱꬅ የሎደስ ማቅካይዝን አቶደስ የዘ አይሁደ ማቆሰ አሱንꬅ ኩሙꬅ ጾዛጎ የኦደ ዎንꬅስ።
2d0b1a00bd	ይኒ ጋር፥ እስራኤለ አሱንꬅ ኡባና አቶዳ። ጌሽ ማጻፍተ፥ «ኑና አሽዛይ ጽዮነፓ ዮኦዳ፤ ያይቆባ ኮቻፓ ኢታ ኡባ Ꮉሶዳ።
2d0b1b0079	ታኒ ኡን ናጋርቶ አቶ ጋዘ ዎደ ኡንታራ ገልዘ ጫቅታ Ꮉኖ» ጋእንት ጻፍንትዳ።
2d0b1c00cd	አይሁዱንꬅ ዎንገለ ኤካንጽደ ግሾ ይንታራ ሞርከ። ማቆየዝን፥ Ꮉተን ኡን ዶርንትደ ግሾን፥ ጾዚ ኡን አዱንꬅ ግሾ ኡንታና ካꬋነ።
2d0b1d0038	ጾዚ ፋ እሞተን ፋ ጼግተን ቂርꬎስ።
2d0b1e00b9	ይን አይሁደ ማቆሱንꬅ ዛጋ ጾዝስ ኪትንትካያ። የዝን Ꮉተ አይሁዱንꬅ ኪትንታንጽ እጽን፥ ይን ጾዘ ማሮትꬅቶ ኤክዳ።
2d0b1f0086	ይኒ ጋር፥ ይን ኤክደ ማሮትꬅቶ አይሁዱንꬅ ኤኮደ ፋና Ꮉተ ጾዝስ ኪትንታንጽ እጽዳ።
2d0b200086	ጾዚ አስ ኡቡንꬅስ ፋ ማሮትꬅቶ ቤዞደስ ኮይ፥ አስ ኡባ ኪትንቶሱንꬃና ጋእ ፋይድዳ።
2d0b210097	ጾዘ ዱረትꬅ፥ ጭንጫትꬅን ኤራትꬅ ቆፒ ኦሆደ ኦደ? ኤ ፍርድታ ቁርችንቶስ፥ ኤ ኦግታ ኤርንቶስ።
2d0b220064	ጌሽ ማጻፍተ፥ «ላꬄ ቆፋ ኤርዘ ኦደ? ኤዛ ዞሮደስ ዳንዳእዘ ኦደ?
2d0b230054	ጾዝስ ታልእዘን ታልእዳኖ ማህ ኤክዘ ኦደ?» ያጋይዳ።
2d0b24005f	ኡባና ኤፓ፤ ኤራን ኤስ። ኤስ መꬍናስ ቦንቾ ማቀ። አምንኤ።
2d0c0100f9	ይኬ፥ ታ እሹንꬆ፥ ጾዛ ኡፋይስዘ፥ ደኦን ጌሽ ዣርሾ ማህ፥ ይን ጋልቶ ሺሾደ ፋና ታኒ ይንታና ጾዘ ማሮትꬅተ ዎሳነ። ይናን ጾዛ ይን ጎይኖደስ ቤዝዘ ቱሪ ኦገ።
2d0c0200a4	ሎኦ፥ ኡፋይስዘን ፎሎ ማቅደ ጾዘ ቆፋ ሻኪ ኤሮደስ ይን ዎዝንተ ላምንቶተፕ አትን Ꮉና አላምቶ አዝፐተ።
2d0c03011a	ጾዚ ይን ፈታይስ ፈታይስ እንግደ አማንቲ ፋና ዎዝናማ አስ ፋና ቆፖተ። ቆፖደስ ቤዝዛንፓ አꬂ ይንታና ዱሙዚ፥ ኡቱራራ ቆፕፐተ ጋእ ታስ እንግንትደ አꬎ ኬሃትꬅተ ይንትስ ኦህነ።
2d0c04008a	ኑ ፈቲ ጋልቲ ግዳ ዱማ ዱማ ብልቱንꬅ የነ፤ ይና ዱማ ዱማ ብልቱንꬅስ ዱማ ዱማ ኦቻ የነ።
2d0c0500c1	ይኒ ጋር፥ ኑኒ ጋማ አስ ማቅኮን ክርስቶሳራ ፈቲ ጋላ ማቅዳ። ኑኒ ፈቲ ጋላ ማቂ ዱማ ዱማ ብልተ ፈታይ ፈታይራ አይክንትዳ።
2d0c0600ba	ኑስ እንግንትደ አꬎ ኬሃትꬅተ ዱማ ዱማ እሞ የነ። ኑ እሞታ ትንቢተ ኦሄ ማቅኮ፥ ኑስ የዘ አማንቲ ጋር ኦሆደስ ቤዛነ።
2d0c0700ad	ኑ እሞታ መሉንꬃና ማደ ማቅኮ፥ ይና ኦችተ ምንጎደስ ቤዛነ፤ ታማርሰ ማቅኮ፥ ይና ታማርስተ ምንጎደስ ቤዛነ።
2d0c080177	ኑ እሞታ መሉንꬃና ምንꬅ ማቅኮ፥ ሚንግ ምንꬅꬆደስ ቤዛነ። ኑ እሞታ ኑስ የዘ ባዛፓ መሉንꬅስ እንገ ማቅኮ፥ ዎዝናፓ እንጎደስ ቤዛነ። ኑ እሞታ አሄ ማቅኮ፥ ሚንግ አሆደስ ቤዛነ። ኑ እሞታ መሉንꬅስ ኬሄ ማቅኮ፥ ኡፋይሳራ ኬሆደስ ቤዛነ።
2d0c090084	ይን ሲቅታ አፉራፓ ካታራ ማቆደስ ቤዞስ። ኢታ ባዝ እጾተ፤ ሎኦ ባዝ ምንꬂ አይኮተ።
2d0c0a005b	ፈታይ ፋታይራ እሸ ፋና ሲቅንቶተ፤ ፈታይ ፈታያ ቦንቾተ።
2d0c0b004a	አዛልእፐተ፤ ይን አያናር ሚንግ ላꬅስ ኦቾተ።
2d0c0c0072	ጾዚ እንግደ ኡፋይሳራ ኡፋይቶተ፤ ማꬋ ዳንዳኦተ፤ ኡባ ዎደ ጾዝ ዎሶተ።
2d0c0d0051	አማንዘ ጌሹንꬃና ኮሽዘ ባዛራ ማዶተ፤ ዛቆ ሞኮተ።
2d0c0e005c	ይንታና ባይእዙንꬃና አንጆተ፤ አንጆተፕ አትን ባድፐተ።
2d0c0f004b	ኡፋይትዙንꬃራ ኡፋይቶተ፤ ዬክዙንꬃራ ዬኮተ።
2d0c1000ca	ፈታይ ፈታይራ ፈቲ ቆፍተ የዞተ። ኡቱራ ቆፋ አሺ፥ ይንታና ዝቂ ዪዚ፥ አዳ አሱንꬃራ ዎላ የዞተ። ይን ይንታና ኤራ ጋእ ቆፕፐተ።
2d0c110090	ኦደን ይንትስ ኢታ ባዝ ኦችኮ፥ የ አꬄስ ኢታ ማህፐተ። አስ ኡባ ቲኖ ናሽዘ ሎኦ ኦቻ ኦቾተ።
2d0c120074	ዳንዳእንትኮ አስ ኡባራ ሳሮ የሳደስ ይንትስ ዳንዳእንትዛኖ ኡባ ኦቾተ።
2d0c130107	ታ እሹንꬆ፥ ይን፥ ይን ኦምተ አስስ ቅመ ማህፐተ። ጾዚ ቅመ ማሆደ ፋና ኤስ አሾተ። ጌሽ ማጻፍተ፥ «ታኒ ቅመ ማሆዳ፤ ታኒ ኩሽቶ ማሆዳ» ያጋነ ላꬂ፥ ጋእንት ጻፍንትዳ።
2d0c1400c5	የዝን ጌሽ ማጻፍተ፥ «ነ ሞርክዛያ ናይꬍኮ ሙዞ፤ ኤ ባርꬍኮ ኡሾ። ነ ይኖ ኦችኮ ኤ ኦምተ ታማ ቃቃ ጉሳነ» ጋእንት ጻፍንትዳ።
2d0c150044	ኢታ ሎኦር ጋሞተፕ አትን ኢታራ ጋምንትፐ።
2d0d0100df	ጾዘ ቆፋ ባይዝን አደትꬅ ዎልቃ እንግንቶሰ ግሾን Ꮉተ የዘ ሹሙንꬅን ጾዘ ቆፋራ ሹሙንትደ ግሾ አስ ኡባ ዎርዣ አህዙንꬅስ ኪትንቶደስ ቤዛነ።
2d0d0200c8	ይኒ ግሾ፥ አደትꬅ ዎልቃራ የዙንꬅስ ኪትንታንጽ እጽዘ ኦንን ጾዘ ኪታ እጻነ። ኪትንታንጽ እጽዘ ኦንን ፋላ አፋ ፍርዳ ከእነ።
2d0d0300c7	አህዙንꬂ ኢታ ኦችዙንꬃና ፋትን ሎኦ ኦችዙንꬃና ዣሾስ። አህዙንꬅስ ዣሽታንጾደስ ኮያነ? ዬዛኮ ሎኦ ኦቾ፤ ኡን ነና ጋላቶዳ።
2d0d040123	ኡን ሎኦ ባዝ ኦቾደስ ሹሙንትደ ጾዘ አሮ። የዝን ነ ኢታ ባዝ ኦችኮ፥ ኡን ኢታ ባዝ ኦችዛ ሴርዘ ማሻ አይክደ ግሾ ኡንትስ ዣሽቶ። ኡን ኢታ ኦችዙንꬃና ሴሪ፥ ጾዘ Ꮉንቆ ቆንጭዘ ጾዘ አሮ።
2d0d05009d	ይኒ ግሾ፥ ጾዘ ካች ጻላላስ ባይዝን ይን ቆፍታ ማርክꬍዘ ግሾ ዎርዣ አህዙንꬅስ ኪትንቶደስ ቤዛነ።
2d0d060091	ይን ጊራ ጊርዛናን ይንስ። ዎርዣ አህዙንꬂ ይና ኦችቶ ኦችዛና፥ ኡን ጾዘ አሮ ማቅደ ግሾስ።
2d0d0700e7	ፈተስ ፈተስ ቤዛኖ እንጎተ። ጊራ ጊሮደስ ቤዛይስ ጊሮተ፤ ቃራጠ ጋቾደስ ቤዛይስ ቃራጠ ጋቾተ፤ ዣሽቶደስ ቤዛይስ ዣሽቶተ፤ ቦንቾ ቤዛያ ቦንቾተ።
2d0d0800a9	ፈታይ ፈተራ ሲቅንቶተ። ሲቆ ጋለፕ አትን ይንታላ አፋ መለ ጋለ የዝፐ። አስ ሲቅዘ ኦንን ህገ ጋዛኖ ፎልዳ።
2d0d0900b0	«ላምፐ፤ ዎꬍፐ፤ ካይስትፐ፤ አሙꬍፐ» ጋዘ ኪታን መሉንꬅን ኡባ፥ «አስ ነ ኦምት ፋና ካꬎ» ጋዘ ኪተ አጭንትዳ።
2d0d0a0083	አስ ሲቅዘ ኦንን ኤዛላ አፋ ኢታ ባዝ ኦቾስ። ይኒ ግሾ፥ አስ ሲቅዘ ህገ ኪታ ፎልዳ።
2d0d0b0095	ገንቶፓ ይን ባርክዘ ዎደ Ꮉተ የልዳኖ ኤሮተ። ኑ አማንደ ዎድትፓ አꬊ አቶትꬅ Ꮉተ ኑጎ ኡክዳ።
2d0d0c0075	ቃማ አꬍዳ፤ ዎንታ ኡክዳ። ይኬ፥ ኑኒ ꬉማ ኦቻ አሺ ፎኦ ኦላ ሚሸ አይኮዳ።
2d0d0d00ee	አነ አዋራ ፎኦ የዘ አስ ፋና ዎጋራ የዞተ። ቤዞሰ የꬃራን ማꬄራ ማቅፐ ኦላለ Ꮉንተራን ቃይጸር አይክንትደ ዱማ ዱማ ቱና ኦቻ፥ ላለራን ቅናተራ ማቅፐ።
2d0d0e0074	ላꬄ የሱስ ክርስቶሳ ማኦተ፤ ይን ናጋራ አሾ ፋ አሙቶ ፎሎደ ፋና ቆፕፐተ።
2d0e010069	አማኖራ ላቢደ ኦናን ሺሺ ኤኮተፕ አትን ኤ ቆፍትላ አፋ ፍርድፐተ።
2d0e0200b4	አዝዘስ፥ አማኖራ ሚንግደ ፈቲ አስ አኮ ካꬃን ማአደስ ዳንዳአነ። የዝን አማኖራ ላቢደ አስ አታክልተ ጻላላ ሙነ።
2d0e03008e	ሙእዘ አስ ሞኦሰ አꬃ ቦርፐ። ሞኦሰ አꬄ ሙእዘ አꬄላ አፋ ፍርድፐ። ጾዚ ኡቡንꬃና ኤካነ።
2d0e0400b7	መለ አስ አሮላ ፍርድዘ ነ ኦደ? ኤ ላቢን ዎይ ሚንግን ኤ ላꬄ ኤራነ። ላꬂ ኤዛ ኤሶደስ ዳንዳእዘ ግሾ ኤ ሚንግ ኤቆዳ።
2d0e0500dd	ማህ «ፈቲ አዋራ መለ አዋራፓ አꬋነ» ያጋእ ቆፕዘ አስ የነ። መለ ማህ፥ «አዋራ ኡባ ፈቲ ፋና» ጋእ ቆፓነ። የዝን ፈተ ፈተ ፋ ቆፍቶ ቆፒ ኦቾ።
2d0e060162	ፈቲ ቃምዛ መለ ቃምትፓ አꬂ ቦንችዘ ኦንን ላꬄ ቦንቾስ ጋእ ኦቻነ። ካꬃ ሙእዘ አስ ላꬄ ቦንቾስ ጋእ ሙነ። ኤ ሙእዘ ይና ካꬅቲ ግሾ ጾዝ ጋላታነ። ካꬃ ሞኦሰ አስ ላꬄ ቦንቾስ መአንጽ አሻነ፤ ማህ መአንጽ አሸራን ጾዝ ጋላታነ።
2d0e07005a	ኑፓ ኦንን ፋስ የዞስ፤ ማህ ኑ ግዳፓ ኦንን ፋስ Ꮉይቆስ።
2d0e0800a5	ኑ ደኦር የዝኮ ላꬅስ የሳዳ፤ ማህ Ꮉይቂኮን ላꬅስ Ꮉይቆዳ። ይኬ፥ ኑ ደኦር የዝን ዎይ Ꮉይቂኮን ላꬅስ።
2d0e090080	ክርስቶሳ Ꮉይቂ Ꮉይቆፓ ደንድደ፥ ደኦር የዙንꬅስን Ꮉይቂዱንꬅስ ላꬄ ማቃደስ።
2d0e0a00a2	ዬዝን፥ ነ ነ እሸላ አፋ አኮስ ፍርደ? ዎይ ነ ነ እሻ አኮስ ለቀ? ኑኒ ኡባና ጾዘ ፍርዳ ኦይዳ ቲኖ ኤቆዳ።
2d0e0b009c	ጌሽ ማጻፍተ ላꬂ፥ «ታኒ ደኦ፤ አስ ኡባ ታ ቲኖ ቡንቂንቶዳ፤ ታኒ ጾዝ ማቅዛኖ ማርክꬎዳ» ያጋይዳ።
2d0e0c0068	ይኬ፥ ኑ ኦችደ ባዝትስ ኑ ኦምተ ኦምተ ጾዝ ቲኖ ሺቂ ማሄ እንጎዳ።
2d0e0d00ac	ይኒ ግሾ፥ ኑኒ ፈታይ ፈታይላ አፋ ፍርድዛኖ አሾተ። የዝን ይን እሻያ ꬉቡꬃመ ፋና ዎይ ቃጻመ ፋና ናግንቶተ።
2d0e0e00dc	ላꬄ የሱሳ አማንዘ አስ ማቂ፥ ፋ ኦምተ ቱና ማቅደ ባዝ ባይዛኖ ታኒ ጌሽ ኤራነ። የዝን ፈቲ አስ ፈቲ ባዝ ቱና ማህ ቆፕኮ ይና ኤስ ቱና ማቃነ።
2d0e0f00d7	ነ ሙእዘ ካꬃ ግሾ ነ እሻያ ꬉቢዘ ባዝ ማቅኮ፥ ክርስቶሳ የዘ ነ እሻያ ሲቆስ። ክርስቶሳ ኤ ግሾ Ꮉይቂደ አꬃ ነ ሙእዘ ካꬅት ግሾ ꬋብስፐ።
2d0e100041	ይኬ፥ ይንትስ የዘ ሎኦ ባዝቶ ጫዥዝፐተ።
2d0e1100a4	ጾዘ ካእቱሞ ጌሽ አያናራ በንትዘ ጽሎተꬅ፥ ሳሮትꬅን ቱሪ ኡፋይሳፕ አትን ሙእዘ ባዝን ኡዥዘ ባዝ ባያ።
2d0e120072	ይኒ ጋር ክርስቶሳስ ኦችዘ አስ ጾዝ ኡፋይሳነ፤ አስ ግዳን አንጅንታነ።
2d0e130081	ይኒ ግሾ፥ አነ ኑኒ ሳሮትꬅ በንትዘ ኦገን ፈተ ፈታያ አማኖራ ምንꬅዘ ኦገ ኮዮተ።
2d0e140097	ካꬃ ግሾ ጋእ ጾዘ ኦችቶ ላልፐ። ካꬃ ኡባ ጌሽ፥ የዝን መለ አስ ናጋራራ ꬉቢዘ ካꬃ ሙእዛና ኢታ።
2d0e15009a	ነ እሻይ ꬉቡንታመ ፋና አሾ ሞኦሳና ዎይ ኡሽ ኡዦሳና ዎይ ነ እሻይ ꬉቢዘ አኮ ባዝን ኦቾሳና ሎኦ።
2d0e1600ae	ይኬ፥ ነ አማንቶ ነ ግዳን ነ ጾዘ ግዳ ናጎ። ልከ ጋእ ቆፕደባዝ ኦችዘ ዎደ ኤ ዎዝንታ ሞቶሰ አꬄ አንጅንትዳያ።
2d0e1700b4	የዝን ሶእተር ሙእዘ አꬄስ ኤ ሙእዘ አማኖራ ማቅካይዘ ግሾ ፍርድንታነ። አማኖ ባይዝን ኦችንትደ ኦቻ ኡባ ናጋራ።
2d0f01007b	ኑኒ ምንግዱንꬅ ላቢዱንꬅ ቶፍቶ ቶኮደስ ቤዛነ። ኑኒ ኑና ኡፋይሶደስ ቤዞስ።
2d0f020057	ኑኒ ኑ ዶꬅዛ ምንꬅꬆደስ ማዶደስን ኡፋይሶደስ ቤዛነ።
2d0f0300b1	ክርስቶሳ ፋና ኡፋይስካያ። የዝን ጌሽ ማጻፍተ፥ «ነና ቦርደ ቦርታ ኑና የልዳ» ጋእንት ጻፍንትዳን ጋር Ꮉንዳ።
2d0f0400bb	ጌሽ ማጻፍተ እንግዘ ገንጮን ምንꬅ ራ ኑ ኡፋይስቶ ኤኮደ ፋና ጌሽ ማጻፍተ ጻፍንትደ ኡባና ኑና ታማርሶደስ ጻፍንትዳ።
2d0f050086	ገንጮን ምንꬅትሞ እንግዘ ላꬄ ይን ክርስቶስ የሱሳ ካልዘ ዎደ ፈተትꬅ ይንትስ እመ።
2d0f06008a	ይናን፥ ኑ ላꬄ የሱስ ክርስቶሳ አዳያ፥ ጾዛ፥ ፈተትꬃራን ፈቲ ቃላራ ይን ቦንቾደ ፋና።
2d0f070065	ክርስቶሳ ይንታና ኤክዳን ፋና ጾዘ ቦንቾስ ፈታይ ፈታያ ኤኮተ።
2d0f0800f6	ጾዚ ዛጋ አዱንꬅስ እንግደ ኡፋይስታ ፎልንቶደ ፋናን ኤ ቱረትꬅታ ኤርንቶደ ፋና ክርስቶሳ አይሁዱንꬅ ጋራዘ ዎጋ ፎለራ አሮ ማቂ ይእዳኖ ታ ይንትስ ኦህነ።
2d0f090175	ክርስቶሳ አይሁዱንꬅ ጋራዘ ዎጋ አሮ ማቅደ መለ ምክናታ ማህ አይሁደ ማቆሰ አሱንꬅ ጾዘ ማሮትꬅት ግሾ ጋላቶደ ፋና። ጌሽ ማጻፍተ፥ «ታ ነና አይሁደ ማቆሰ አሱንꬅ ግዳ ጋላቶዳ፤ ነ ሱንꬅቶ ማዝሙረር ሳቦዳ» ጋእንት ጻፍንትደ ጋር Ꮉንዳ።
2d0f0a006b	ማህ፥ «አይሁደ ማቆሰ አሱንꬆ፥ ጾዘ አሱንꬃራ ኡፋይቶተ» ያጋይዳ።
2d0f0b0087	Ꮉተን ማህ፥ «አይሁደ ማቆሰ አሱንꬆ፥ ላꬃ ጋላቶተ፤ ዎርዣ ኡባ ኤዛ ሳቦተ» ያጋይዳ።
2d0f0c00c4	ይኒ ጋር ኢሳያሳ፥ «እሰይ ኮቻፓ የልንትደ ፈታይ የኦዳ፤ ኤ ካእቱሞ ኡባ አሆዳ። ኡን ፋ ኡፋይስቶ ኤላ አፋ ጋዶዳ» ያጋይዳ።
2d0f0d00b5	ጌሽ አያና ዎልቃራ ይን ድጮደ ፋና ኡፋይስ እንግደ ጾዘ፥ ይን አማንቲ ባጋራ ይንትስ ኡፋይስን ሳሮትꬅ ኩሙꬅ እመ።
2d0f0e00a6	ታ እሹንꬆ፥ ይንታራ ሎኦትꬅን ኤራትꬅ ኩምዱንꬃና ማህ ፈታይ ፈታያ ዞሮደስ ዳንዳእዛኖ ታ ሎይꬂ ኤራነ።
2d0f0f008c	ታኒ ይንታና ፈቲ ፈትባዝ ቆፍሳደስ ኮይ ዣሽትካይዛራ ጾዘ አꬎ ኬሃትꬃራ ይንትስ ጻፍዳ።
2d0f10014b	ታኒ ክርስቶስ የሱሳ አሮ ማቂ፥ አይሁደ ማቆሱንꬅስ ካህነ ፋና ማቂ፥ ዎንገለ ኦሆደ ፋና ጾዚ ታስ አꬎ ኬሃትꬅ እንግዳ። አይሁደ ማቆሰ አሱንꬅ ጌሽ አያናራ ጌዥ፥ ጾዝ ኡፋይስዘ ዣርሾ ማቆደ ፋና ጾዚ ይኖ ኦችዳ።
2d0f11005f	ታኒ ክርስቶስ የሱሳር ማቂ ታ ጾዘስ ኦችዘ ኦችተ ጬቅንታነ።
2d0f1200c3	አይሁደ ማቆሰ አሱንꬅ ጾዝስ ኪትንቶደ ፋና፥ ክርስቶሳ ታ ቃልተን ታ ኦችት ባጋራ ኦችደ ኦችትፓ መለ ታ ጬቅንትዘ ባዝ ባያ።
2d0f1300ef	ጾዚ ይኖ ክሌ ባዝ ኦቻራን ጌሽ አያና ዎልቃራ ዋይዝ ኦቼዛኮ ታ ይንትስ ኦሆዳ። ታኒ የሩሳላመፓ ደንꬂ፥ እልዋርቆነ የሎደስ ክርስቶሳ ዎንገለ ሳባክዳ።
2d0f1400a6	ታኒ መለ አስ ባስደ ባሳላ ኬጾደስ ኮዮስ። ክርስቶሳ ሱንꬅታ ጼግንትካይዘ በሳ ዎንገለ ኦሆደስ አሙꬋነ።
2d0f1500ae	ጌሽ ማጻፍተ፥ «ኤ ባዝ ኦህንትካይዘ አሱንꬅ ኤዛ በአዳ፤ ኤ ባዝ ስእካይዘ አሱንꬅ ቆፖዳ» ጋእንት ጻፍንትዳ።
2d0f160050	ይኒ ምክናተራ፥ ታኒ ይንታጎ ዮኦደስ ዳንዳእካያ።
2d0f170097	የዝን ታኒ Ꮉተ Ꮉና ጉቱቶ ኡባ ታ የሊ Ꮉስደ ግሾን ጋማ በረፓ ደንꬂ ይንታና በአደስ አሙꬍደ ግሾ
2d0f1800e0	ታኒ እስፔነ Ꮉንግተራ ይንታና በአደስ ቆፕዳ። ማህ ኤራꬅ ዎደ ይንታራ ኡፋይትደፓ ሱባ እስፔነ Ꮉንግዘ ዎደ ይን ኦገስ ታና ማዶደ ፋና ኮያነ።
2d0f19005b	የዝን Ꮉተ ታኒ ጾዘ አሱንꬃና ማዶደስ የሩሳላመ Ꮉንጎዳ።
2d0f1a0093	መቀዶንያን አካያ ግዳ የዘ ጾዘ አሱንꬅ፥ የሩሳላመ የዘ ዳሁንꬃና ሚሸራ ማዶደስ ኮይደ ግሾ።
2d0f1b0146	ኡን ዳሁንꬃና ማድዛና ኡንትስ አቶሰባዝ ማቅደ ግሾ ፋ ኦምተ ይኖ ኦቾደስ ቆፋ አጭዳ። አይሁዱንꬃራ አይሁደ ማቅካይዙንꬅን አያና አንጆ ሻግንትኮ፥ ኡን ማህ ኡንትስ የዘ ባዛራ አይሁዱንꬃና ማዶደስ ቤዛነ።
2d0f1c00ac	ይኒ ግሾ፥ ታኒ ይና ሺቅደ ሚሽቶ ኡንትስ እንግ ኡን ኤክዳኖ ኤርደፓ ሱባ እስፔነ Ꮉንግተራ ይን ካለራ አꬎዳ።
2d0f1d006f	ታኒ ይንታጎ Ꮉንግዘ ዎደ ክርስቶሳ አንጆ ኩሙꬅ ኤኪ Ꮉንጎዳኖ ኤራነ።
2d0f1e00b3	ታ እሹንꬆ፥ ታስ ጾዝ ዎስተራ ታ ቡቱንተ ታራ ኤቆደ ፋና ላꬄ የሱስ ክርስቶሳራን ጌሽ አያና ሲቅተ ይንታና ዎሳነ።
2d0f1f00ba	ጾዚ ታና ይሁዳ የዘ አማኖሰ አሱንꬃፓ አሾደ ፋና የሩሳላመ ታ ኦቾደ ኦችታ ጾዝ አሱንꬅ ካለ ኤክንቶደ ፋና ታስ ዎሶተ።
2d0f20007d	ማህ ጾዚ ጋይኮ፥ ታኒ ይንታጎ Ꮉንግ ኡፋይሳራ ይንታራ ሸምፖደ ፋና ታስ ዎሶተ።
2d0f210044	ሳሮትꬅ ጾዘ ይን ኡቡንꬃራ ማቀ። አምንኤ።
2d10010093	ክንክርያ ካታማ የዘ ዎሳ ኬꬅተ ኦችዘ ኑ ምሽታ ፌበኖ ሎኦ ማቾ ማቅዳኖ ይን ኤሮደ ፋና ኮያነ።
2d1002012a	ይን እዞ አማንዘ አሱንꬅ ላꬄ ሱንꬅተ ሞኮደስ ቤዝዘ አማንዘ አሱንꬃፓ ፈተ ፋና ሞኮተ። እዛ ይንታፓ ኮይዘ ባዝ ኡባ እዞ ማዶተ። እዛ ፋ ኦምተ ጋማ አስ ማድዳ፤ ማህ ታና ታ ኦምተ ጋማ ማድዳ።
2d10030069	ክርስቶስ የሱሳ ኦቻ ታራ ዎላ ኦችዘ ጵርስቅላን አቂላ ሳሮ ጋኦተ።
2d100400b6	ኡን ታ ግሾ ፋ ሸምፕቶ አꬂ እንግዳ። ታ ጻላላስ ባይዝን አይሁደ ማቆሰ አሱንꬅ ዎሳ ኬꬁንꬅን ኡባ ኡንታና ጋላታነ።
2d100500b8	ኡን ካራ ሺቅዘ አማንዙንꬅ ሳሮ ጋኦተ። እስያ ሳአ ክርስቶሳ ቲኖ አማንደ፥ ታ ካዽዘ ኤጳነጦሳስ ታ ሳርꬅቶ የልꬆተ።
2d10060049	ይኒ ግሾ ኦቻራ ጋማ ላቢደ ማይራሞ ሳሮ ጋኦተ።
2d100700f9	ታራ አች ኬꬃ የዝደ ታ አይሁደ ላጉንꬃና አንድሮንቆሳን ዩንያሳ ሳሮ ጋኦተ። ኡን የሱሳ ሐዋሩንꬅ ግዳ ኤርንትዱንꬃና። ማህ ኡን ክርስቶሳ ታፓ ቲኖ አማንዳ።
2d10080055	ላꬄ አማንዘ ታ ሲቆ ላግዛ፥ አምጵልያጦሳ ሳሮ ጋኦተ።
2d10090073	ክርስቶሳ ኦቻ ኑራ ዎላ ኦችዘ ኡርባኖሳን ታ ካዽዘ እስታኩሳ ሳሮ ጋኦተ።
2d100a009e	ክርስቶሳስ የዛና ፋታንንት አማንꬅዘ አጰሊሳ ሳሮ ጋኦተ። አርስጦቡሎሳ ካራ አሱንꬃና ሳሮ ጋኦተ።
2d100b00a6	ታ አይሁደ ላግዛ ሄሮድዮና ሳሮ ጋኦተ። ናርስሳነን ኤ ካራ አሱንꬃፓ ክርስቶሳ አማንዱንꬃና ሳሮ ጋኦተ።
2d100c00a6	ላꬄ ኦቻ ላቢዘ ትሩፋይናን ትሩፎሳ ሳሮ ጋኦተ። ማህ ላꬅስ ጋማ ላቢ ኦችዘ፥ ታ ካዽዘ ጰርሲሶ ሳሮ ጋኦተ።
2d100d007c	ላꬄ ኦቻራ ጋማ ኤርንትደ ሩፎሳስን ታና ፋ ናአ ፋና በእዘ ኤ እንቶ ሳሮ ጋኦተ።
2d100e00b3	አስንክርቶሳስ፥ ፍለጎናስ፥ ሄርሜሳስ፥ ፓትሮባሳስን ኡንታራ የዘ አማንዘ እሹንꬅ ኡቡንꬅስ ታ ሳርꬅቶ ኦሆተ።
2d100f009c	ፍሎሎጉሳ፥ ዩልያ፥ ኔርያ፥ ኤ ምሽቶ፥ ኦሉምፖሳን ኡንታራ የዘ አማንዘ አሱንꬃና ኡባ ሳሮ ጋኦተ።
2d10100090	ጌሽ ዬርንተ ዬርንትተራ፥ ፈታይ ፈታያ ሳርꬆተ። ክርስቶሳ ዎሳ ኬꬂ ኡባ ይንታና ሳሮ ጋነ።
2d101100ad	ታ እሹንꬆ፥ ይን ታማርደ ትምርትቶ እጺ፥ ይን ግዳ ሻክንተን ማꬋ መꬍዘ አሱንꬃፓ ናግንቶተ። ኡንታፓ Ꮉኮተ።
2d101200d7	ይኒ ፋና የዘ አሱንꬅ ፋ ሳዛስፕ አትን ኑ ላꬄ ክርስቶሳስ ኦቾስ። ፋ ማልእዘ ዶናራን ይቅስዘ ቃላራ አኮ ኤሮሰ አሱንꬅ ዎዝንቶ ባልꬃነ።
2d101300c5	ዎንገለስ ይን ኪትንትዳኖ አስ ኡባ ስእደ ግሾ ታና ኡፋይሳነ። የዝን ይን ሎኦ ባዝ ኤሮደ ፋና ኢታ ባዛፓ Ꮉኮደ ፋና ታ ኮያነ።
2d101400a2	ሳሮትꬅ ጾዘ ጻላሄ ይን ቶህትፓ ኦሞራ ጋጪ ኦሎዳ። ኑ ላꬄ የሱስ ክርስቶሳ አꬎ ከሃትꬅታ ይንታራ ማቀ።
2d101500bd	ታራ ኦችዘ ጢሞትዮሳ ይንታና ሎኦ ያጋይዳ። ይኒ ጋራን፥ ታ እግኑንꬅ ሉቅዮሳ፥ ኢያሶነን ሶስጳጥሮሳ ይንታና ሳሮ ጋነ።
2d1016007f	Ꮉይ ዳብዳቢዛ ጳዉሎሳስ ጻፍደ ታኒ፥ ጻርጽዮሳ፥ ይንታና ላꬄ ሱንꬅተ ሳሮ ጋነ።
2d101700d4	ታና ሞክዘ ዎሳ ኬꬅቶ ኡባ ኤ ካራ ሺቅዘ ጋዮሳ፥ ይንታና ሳሮ ጋይዳ። ካታማ ሚሸ አይክዘ ኤራስጾሳን ኑ እሸ ቃርጾሳ ይንታና ሳሮ ጋነ። [
2d10180064	ኑ ላꬄ የሱስ ክርስቶሳ አꬎ ኬሃትꬅ ይን ኡባራ ማቀ። አምንኤ።]
2d101900f2	ጾዝስ ጋላታ ማቀ። ታኒ፥ የሱስ ክርስቶሳ ባዝ ኦህዘ ዎንገለ ቃልተ ጋማ ዎደፓ አችንት ጋምእደ ቱረትꬃራ፥ ጾዚ ይንታና አማኖራ ምንꬂ ኤሶደስ ዳንዳአነ።
2d101a00af	የዝን Ꮉተ ይና ቱርታ ቆንጭዳ። ካእቱሞ ኡባ አማኒ ኪትንቶደ ፋና መዽና ጾዘ ኪተ ናቡንꬅ ይና ቱርትባዝ ጻፍዳ።
2d101b0090	የሱስ ክርስቶሳ ባጋራ ጭንጫትꬅ ኤ ጻላላስ የዘ፥ ፈቲ ጾዘስ መꬍናስ ቦንቾ ማቀ። አምንኤ።
2e00000011	1 ቆሮንቶሳ
2e01010082	ጾዘ ቆፋራ የሱስ ክርስቶሳ ሐዋረ ማቃደስ ጼግንትደ ጳዉሎሳን፥ ኑ እሸ ሶስተንሳ፥
2e010200e9	ቆሮንቶሳ የዘ ጾዘ ዎሳ ኬꬅትስ፥ የሱስ ክርስቶሳራ ጌዥዱንꬅስ ኡንትስን ኑስ ላꬂ ማቅደ ኑ ላꬄ የሱስ ክርስቶሳ ሱንꬅቶ ኡባ በሳ ጼግዘ ኡቡንꬅስ፤
2e01030079	ጾዘ፥ ኑ አደፓን ላꬄ የሱስ ክርስቶሳፓ ይንትስ አꬎ ኬሃትꬅን ሳሮትꬅ ማቀ።
2e0104008e	ጾዚ ክርስቶስ የሱሳ ባጋራ ይንትስ እንግደ አꬎ ኬሃትꬅት ግሾ ታኒ ኡባ ዎደ ጾዛ ጋላታነ።
2e0105005a	ኡባ ባዛራ ኦሄራን ማቅን ኤራትꬃራ ክርስቶሳራ ዱርꬍዳ።
2e01060055	ኑ ክርስቶሳ ባዝ ኦህደ ማርካትꬅታ ይን ግዳ ምንግዳ።
2e01070098	ይኒ ግሾ፥ ይን ኑ ላꬄ የሱስ ክርስቶሳ ቆንጭꬅቶ ናግተራ የዝኮ አኮ አያና እሞን ይንትስ ፋጮስ።
2e010800ab	ኤዝን ማህ ኑ ላꬄ የሱስ ክርስቶሳ ላምእንꬃ የእተ ቦረ ባይዙንꬃና ማቂ ዉርሱꬅ የሎደ ጋር ይንታና ሚንꬆዳ።
2e01090072	ፋ ናአይጎ፥ ኑ ላꬄ የሱስ ክርስቶሳ ፈተትꬃጎ ጼግደ ጾዘ አማንንትዳያ።
2e010a00e5	ታ እሹንꬆ፥ ይን ግዳ ሻክንተ የዝፐ፤ ኡቡንꬅ ጊጊ ፈቲ ዎዝናራን ፈቲ ቆፋራ ማቂ የዞተ፥ ያጋእ ኑ ላꬄ የሱስ ክርስቶሳ ሱንꬅተ ታ ይንታና ዎሳነ።
2e010b0064	ታ እሹንꬆ፥ ቀሎኤ ካራ አሱንꬅ ይን ግዳ ላሌ የዛኖ ታስ ኦህዳ።
2e010c0096	ይንታፓ ፈተ ፈተ፥ «ታኒ ጳዉሎሳስ፤ ታኒ አጵሎሳስ፤ ታኒ ጴጥሮሳስ፤ ታኒ ክርስቶሳስ» ያጋነ።
2e010d00b2	ዬዝን ክርስቶሳ ሻክንትዳነ? ይን ግሾ ማስቃላላ አፋ ሱጹንትደ ጳዉሎሳነ? ዎይ ይን ጳዉሎሳ ሱንꬅተ ጻማቅንትዳነ?
2e010e007b	ታኒ ቃርስጶሳፓን ጋዮሳፓን መለ ይንታፓ ኦናን ጻማቅካይዘ ግሾ ጾዝ ጋላታነ።
2e010f0079	ይኒ ግሾ፥ ኦደን ይንታና ታ ሱንꬅተ ጻማቅንትዳ ጋእ ኦሆደስ ዳንዳእዘ ባያ።
2e01100081	[ማህ እስጢፋኖሳ ካራ አሱንꬃና ታ ጻማቅዳ፥ ጉጂ መለ ኦና ጻማቀዛኮን ቲርንቶስ።]
2e011100f7	ክርስቶሳ ታና ኪትዳና ዎንገለ ኦሆደ ጋራፕ አትን ጻማቆደ ጋር ባያ። ክርስቶሳ ማስቃላ ጨር ማቃመ ጋር ዎንገለ ቃላ ታ ታማርስዛና አስ ጭንጫትꬅ ቃላራ ባያ።
2e01120071	ማስቃላ ቃልታ ꬋብዙንꬅስ ኤያትꬅ፥ የዝን ኑስ አትዱንꬅስ ጾዘ ዎልቃ።
2e0113008b	ጌሽ ማጻፍተ፥ «ታኒ ጭንጩንꬅ ጭንጫትꬅቶ ꬋብሶዳ፤ ኤሩንꬅ ኤራትꬅቶ ꬋብሶዳ» ያጋነ።
2e011400c8	ዬዝን፥ ጭንጫ አባ የነ? ህገ አስታማርዘ አባ የነ? ዎይ Ꮉና አላመ ኤሩንꬅ አባ የነ? ጾዚ Ꮉና አላመ ጭንጫትꬅቶ ኤያትꬅ ማህካነ?
2e01150112	Ꮉና አላመ አሱንꬅ ፋ ጭንጫትꬃራ ጾዛ ኤራመ ፋና ጾዚ ፋ ጭንጫትꬃራ ጎርድዳ፤ የዝን ኤያትꬃራ ፋይድንትዘ፥ ኑ ኦህዘ ዎንገለ ቃላ አማንዱንꬂ አቶደ ጋር ጾዘ ሎኦ ቆፋ ማቅዳ።
2e0116006e	አይሁዱንꬅ ክሌ ባዝ በአደስ ኮያነ፤ ማህ ግርኩንꬅ ጭንጫትꬅ ኮያነ።
2e011700a8	የዝን ኑኒ ማስቃላላ አፋ ሱጹንትደ ክርስቶሳ ሳባካነ። ይና አይሁዱንꬅስ ꬉበ፤ ማህ ግርኩንꬅስ ኤያትꬅ።
2e01180098	የዝን ጾዚ ጼግንትዱንꬅስ፥ አይሁደ ማቅን፥ ግርኬ ማቅን ክርስቶሳ ጾዘ ዎልቃን ጾዘ ጭንጫትꬅ።
2e0119007f	ጾዘ ኤያትꬅታ አስ ጭንጫትꬃፓ አꬋነ፤ ማህ ጾዘ ቦዛትꬅታ አስ ጻላትꬃፓ አꬋነ።
2e011a00c8	ይኬ፥ ታ እሹንꬆ፥ ይን ጼግꬅቶ ቦኦተ፤ አስ ፋና ጭንጫ ማቅደ ጋሙንꬅ፥ ዎልቃራ የዘ ጋሙንꬅ፥ ሹማ ማቅደ ጋሙንꬅ ጼግንትካያ።
2e011b00b9	የዝን ጾዚ ጭንጩንꬃና ዬልሳደስ አላመ የዘ ኤዩንꬃና ዶርዳ፤ ማህ ሚንꬁንꬃና ዬልሳደስ አላመ የዘ ቦዙንꬃና ዶርዳ።
2e011c00b1	ጾዚ Ꮉና አላምተ ዳማ ጋእንትደባዝ ꬋብሶደስ፥ Ꮉና አላምተ ቦዙንꬃና፥ ለቂንትዱንꬃና አኮ Ꮉኖሱንꬃና ዶርዳ።
2e011d0068	ኦደን ጾዘ ቲኖ ጬቂንትፐ። የዝን ጬቅንትዘ ኦደን ጾዘላ ጨቅንቶ።
2e011e00c4	የዝን ጾዚ ይንትስ ክርስቶስ የሱሳራ ፈተትꬃ የሳደ ጋር ዪዝዳ። ኤ ኑስ ጾዛፓ ጭንጫትꬅ፥ ጽሎትꬅ፥ ጌሻትꬅን ዎዞን ማቅዳ።
2e011f0066	ይኒ ግሾ፥ ጌሽ ማጻፍተ፥ «ጬቅንትዘ ኦደን ላꬃላ ጬቆ» ያጋይዳ።
2e02010097	ታ እሹንꬆ፥ ታኒ ይንታጎ ጾዘ ቃላ ይንትስ ኦህተራ ይእዘ ዎደ ቃላራን ጭንጫትꬃራ አꬊ ይእካያ።
2e020200ac	ታኒ ይንታራ የዘ ዎደ የሱስ ክርስቶሳ ኤዝን ማስቃላላ አፋ ሱጹንትደፓ መለ ኤሮደስ ኮዮስ ጋእ ታ ቆፋ አጭዳ።
2e0203005f	ታ ይንታራ የዘ ዎደ ላብꬅሞራ፥ ዣሽሞራን ጋማ ጎቀራ የዝዳ።
2e02040097	ታ ኦህታን ታ ሳባክታ ሳአ ኤራራን ዶና ጭንጫትꬃራ ማቅካይዝን ጾዘ ጌሽ አያና ዎልቃ ቆንጭꬅተ።
2e0205006c	ይናን፥ ይን አማንታ ጾዘ ዎልቃራ ፋትን አስ ጭንጫትꬃላ ካታመ ፋና።
2e020600f8	አያና ደኦ ድጭዱንꬅስ ኑኒ ጭንጫትꬅ ቃላራ ኦህነ። የዝን ይና ጭንጫትꬅታ፥ Ꮉና አላመ ጭንጫትꬅቶ ዎይ ꬋቦደስ የዘ Ꮉና አላምቶ አህዙንꬅ ጭንጫትꬅቶ ባያ።
2e020700a4	የዝን ኑኒ ኦህዘ ጭንጫትꬅታ፥ ጋማ ዎደፓ ቲኖ ጾዚ ኑ ቦንቾስ ጊግዝዳኖን አችንት የዘ ጾዘ ጭንጫትꬅቶ።
2e020800bd	Ꮉና አላምቶ አህዙንꬃፓ ኦደን Ꮉና ጭንጫትꬅቶ ኤርካያ። ኡን ኤርዘባዝ ማቀዛኮ፥ ቦንቾ ላꬃ ማስቃላላ አፋ ሱጻማ የሻ።
2e020900c3	የዝን ጌሽ ማጻፍተ፥ «ኣፈ ብእካይዘ ባዝ፥ Ꮉየ ስእካይዘባዝ፥ ዎዝና ቆፕካይዘባዝ፥ ጾዚ ፋና ሲቅዙንꬅስ ጊግዝዳ» ያጋነ።
2e020a0090	ኑስ ጾዚ ጌሽ አያና ባጋራ ቆንጭዝዳ። ጌሽ አያና መለ አቶ የዝን ጾዘ ጋꬅ ቆፋ ኡባ ቁርቻነ።
2e020b00bd	አስ ግዳ የዘ ባዝ አꬄ ግዳ የዘ አያንዛ ፋትን አስ ባዝ ኦደን ኤሮስ። ይኒ ጋር፥ ጾዘ ባዝ ጾዘ አያና ፋትን ኦደን ኤሮስ።
2e020c008c	ጾዚ ኑስ Ꮉሪ እንግዳኖ ኑ ኤሮደ ጋር ጾዘ አያና ኤክዳ ፋትን Ꮉና አላምት አያና ኤክካያ።
2e020d00b6	ይኒ ግሾ ኑኒ አያና ቆፋ፥ አያና አሱንꬃና ታማርስዛና አስ ጭንጫትꬃራ ማቅካይዝን ጾዘ አያና እንግዘ ጭንጫትꬃራ።
2e020e00f6	የዝን ጌሽ አያና ባይዘ አስ ጾዘ አያናፓ እንግንትዘ እሞ ኤኮደስ ዳንዳኦስ። ይና ኤስ ኤያትꬅ፤ ኡባና ጌሽ አያናራ ቁርችንትዛን ግሾ ኤ ኤሮደስ ዳንዳኦስ።
2e020f0071	የዝን ጌሽ አያና የዘ አስ ኡባ ባዝ ቁርቻነ፥ የዝን ኤዛ ኦደን ቁርቾስ።
2e021000cb	ጌሽ ማጻፍተ፥ «ላꬄ ዎዝንቶ ኤርዘ ኦደ? ኤዛ ዞሮደስ ዳንዳእዘ ኦደ?» ጋእንት ጻፍንትዳን ፋና። የዝን ኑስ ክርስቶሳ ዎዝና የነ።
2e030100b8	ታ እሹንꬆ፥ ይን ክርስቶሳ ግዳ Ꮉጋ ዦጋን አማኖሰ አሱንꬅ ፋና የዘ ግሾ ታኒ አያናባዝ ይንትስ ኦሆደስ ዳንዳእካያ።
2e03020097	ይን ምንꬅ ካꬃ ማደስ ዳንዳእካይዘ ግሾ ታኒ ይንታና ማꬅ ሽችዳ፤ Ꮉተን ማቅኮ ይን ዳንዳእካያ።
2e030300dd	Ꮉተን Ꮉጋ ይን አሾ ቆፋራ የነ። ይን ግዳ የዘ ቃናተን ላለን ይን አማኖሰ አስ ፋና የዛኖ ኤርሶሳነ? ይን ኦችዛና አሾ ቆፋራ የዘ አስ ፋና ባነ?
2e030400a1	ይንታፓ ፈተ፥ «ታኒ ጳዉሎሳስ» መሉንꬅ ማህ፥ «ታኒ አጵሎሳስ» ጋይኮ፥ ጾዝ አያና ባይዘ አስ ፋና ባነ?
2e030500bf	ዬዝን፥ አጵሎሳ ኦደ? ጳዉሎሳ ኦደ? ኡን ይን አማኖደ ፋና ኦችደ ጾዘ ኦቻንቾ። ጾዚ ፈተስ ፈተስ እንግደ ኦችት ጋር ኦቻነ።
2e0306004f	ታ ቱክዳ፤ አጵሎሳ Ꮉꬅ ኡሽዳ፥ የዝን ድችደ ጾዚ።
2e03070060	ይኒ ግሾ፥ ድችደ ጾዛ ፋትን ቱክዘን Ꮉꬅ ኡሽዘን አኮን ባያ።
2e0308007f	ቱክዘን Ꮉꬅ ኡሽዘን ዎላ ፈቶ፥ የዝን ፈተ ፈተ ፋ ኦቺ ላብዳን ጋር አንጆ ኤኮዳ።
2e03090056	ኑኒ ጾዝስ ኦችዘ ጋደ፤ ጾዘ ኬꬃ ኤራ ዎላ ኦችዙንꬃና።
2e030a00f4	ጾዚ ታስ እንግደ አꬎ ኬሃትꬅት ጋር ይላር የዘ አናጸ ፋና ባሳ ኦልዳ። መለ አስ ኤላ አፋ ኬጻነ። የዝን ኤላ አፋ ኬጽዘ ኦደን ዋይዝ ኬጽዛኮ፥ ፋስ ናግንቶ።
2e030b0086	ፈቲ ቶሄ ኦልንትደ ባሳፓ መለ ኦደን ባሳ ኦሎደስ ዳንዳኦስ። ኤዝን የሱስ ክርስቶሳ።
2e030c00b9	የዝን Ꮉይ ባስዘላ አፋ ኦደን ዎርቃራ ዎይ ብራራ ማቅን፥ አልኦ ሹቻራ ዎይ ምንጻራ ማቅን፥ ማታራ ዎይ Ꮉዉለራ ኬጽኮ፥
2e030d0067	ፈተ ፈተ የ ባስዘላ አፋ አኮራ ኬጽዛኮ ፍርዳ ዎደ ታማር ቆንጮዳ።
2e030e0076	ኦደን የ ባስዘላ አፋ ኬጽደ ኬꬅታ ታማር ሙእንታንጽኮ፥ ፋ አንጅቶ ኤኮዳ።
2e030f009d	የዝን ኦደ ኦችታን ታማር ሙእንትኮ፥ ቆህንቶዳ፤ የዝን፥ ኤ ፋ ኦምተ አቶዳን ታማፓ አትዛያ ማቆዳ።
2e0310005a	ይን ጾዘ ኬꬅ ማቅዳኖን ጾዘ አያና ይንታራ የዛኖ ኤሮሳነ?
2e0311007a	ኦደን ጾዘ ኬꬅቶ ላልኮ፥ ጾዝን ኤዛ ላሎዳ። ጾዘ ኬꬅታ ጌሽ፤ ይናን ይንታና።
2e031200c6	ኦደን ፋና ጭምፐ። Ꮉና አላምተ ጭንጫ ፋና አዝዝደ የዝኮ ጾዘ ቱሪ ጭንጭቶ ደንጎደ ፋና ኦደን ጭንጫትꬅቶ ኤያትꬅ ማህ ፋይዶ።
2e031300b1	Ꮉና አላምት ጭንጫትꬅታ ጾዘ ቲኖ ኤያትꬅ። ጌሽ ማጻፍተ፥ «ጾዚ ጭንጩንꬃና ኡን ገነ ኦችትራ አይክዳ» ያጋይዳ።
2e03140066	ማህ፥ «ጭንጩንꬅ ቆፍታ ማዶሰ ባዝ ማቅዳኖ ላꬂ ኤራነ» ያጋይዳ።
2e03150063	ይኒ ግሾ፥ ኡባ ባዝ ይንትስ ማቃደ ግሾ ኦደን አሳላ ጬቅንትፐ።
2e031600eb	ጳዉሎሳ ማቅን፥ አጵሎሳ ማቅን ጴጥሮሳ ማቅን፥ Ꮉና አላምቶ ማቅን፥ ደኦ ማቅን፥ Ꮉይቆ ማቅን፥ የዛያ ማቅን፥ ቲኖፓ የኦዳያ ማቅን፥ ኡባና ይንትስ።
2e03170042	ይንትን ክርስቶሳስ፤ ክርስቶሳን ጾዝስ።
2e040100aa	ይኒ ፋና አስ ኑና ክርስቶሳ አሮ ፋና ጾዘ ጋꬅ ቆፋ ቆንጭዝ ታማርስዘ Ꮉዳራ እንግንትደ አስ ፋና ማህ ፋይዶ።
2e04020055	ታማርስዙንꬅ ላꬄስ አማንንትዱንꬃና ማቃደስ ቤዛነ።
2e040300a2	የዝን ይን ዎይ መሉንꬅ ታላ ፍርድኮ፥ ታስ አኮን ባያ። መለ አቶ፥ ታንን ታላ አፋ ፍርዶደስ ዳንዳኦስ።
2e040400b0	ታ ኤርዛን ጋር ማቅኮ ታ ዎዝንታ ታላ ፍርዶስ፥ የዝን ይናን ታ ጽሎትꬅቶ ቤዞስ። ታላ አፋ ፍርዶዳይ ላꬃ ጻላላ።
2e0405011c	ይኒ ግሾ፥ ዎደ የልካይዝን፥ ላꬂ ይእካይዝን ኦደላን ፍርድፈተ። ኤ ꬉማ አችንትደ ባዝ ፎኦ ከሶዳ፤ አስ ዎዝና አችንትደ ቆፋ ቆንጭሳዳ። የ ዎደ ፈተ ፈተ ጾዘፓ ቤዝዘ ጋላታ ኤኮዳ።
2e04060135	ታ እሹንꬆ፥ ይንታና ማዶ ጋእ ታናን አጵሎሳን አዝዘ ማህ ታ ኦህዳ። ይኖ ታ ዪዝዳና፥ «ጻፍንትዳንፓ ኣꬍፈተ» ያጋዘ ዞርቶ ይን ኑፓ ታማሮደ ፋና። ይኒ ግሾ፥ ኦደን ፈታ ናሺ Ꮉንካያ ለቆደስ ቤዞስ።
2e040700d7	ኔኒ መሉንꬃፓ አኮራ አ? ኔኒ ኤክካይዘባዝ አኮ የዘ? ዬዝን፥ ኔኒ ኡባ ባዝ መለ አሳፓ ኤክደባዝ ማቅኮ፥ ኤክካይዘ አስ ፋና አኮስ ጬቅንተ?
2e040800b9	Ꮉተ ይን ምዥዳ። Ꮉተ ይን ዱርꬍዳ። ኑ ሻክንት ይን ጻላላ ካእትዳ። ይን ቱሮ ካእተዛኮ፥ ኑንን ይንታራ ካእቶድ የሻ።
2e040900e7	ጾዚ ኑና ሐዋሩንꬃና፥ Ꮉይቆ ፍርድንትደ አስ ፋና አስ ኡባፓ ኑና ሱብ አꬅዳ ታስ አዛነ። ኑኒ Ꮉና አላምትስ፥ ኪታንቾስን አስስን ካስ ባዝ ማቅዳ።
2e040a00f3	ኑኒ ክርስቶሳ ግሾ ኤያ ማቅዳ፥ የዝን ይን ክርስቶሳ ግዳ ጭንጩንꬃና ማቅዳ። ኑኒ ቦዛ፥ የዝን ይን ምንꬅ ማቅዳ። ይን ቦንችንትዳ፥ የዝን ኑኒ ቶችንትዳ።
2e040b008c	Ꮉይኖ የሎደስ ኑ ናይꬋነ፥ ባርꬋነ፥ ካልꬋነ፥ Ꮉꬊንታነ፤ የሳደ ኬꬅ ꬋብን ማꬋ በእነ።
2e040c0081	ኑኒ ኑ ኩሽተ ኦቺ አቃነ። ኑና አስ ጫዦደራ አንጃነ፤ ኑና ባይእዘ ዎደ ዳንዳአነ።
2e040d00b7	ኡን ኑና ጫዥዘ ዎደን ኑ ሱንꬅቶ ኢስዘ ዎደ አዳትꬃራ ማሀነ። ኑ Ꮉኖ የሎደስ አላመ ቡረን አላ ኦልንትደ ፍጾ ማቅዳ።
2e040e008a	ታኒ ይኖ ጻፍዳና፥ ታ ካዽዘ ናኡንꬅ ፋና፥ ይንታና ዞሮደስ ጻፍዳ ፋትን ዬልሳደስ ባያ።
2e040f00ca	ክርስቶሳ ግዳ ይንታና ድችዘ ጋማ ካልꬅዙንꬅ የዝኮን፥ ይንትስ ጋማ አዱንꬅ ባያ። ታ ይንታና ክርስቶስ የሱሳ ዎንገለራ የልዳ።
2e04100042	ይኬ፥ ይን ታና አዞተ ጋእ ይንታና ዎሳነ።
2e04110122	ይኒ ግሾ፥ አማንꬅዘን፥ ታ ካዽዘ፥ ላꬄ ባጋራ ታ ናአ ማቅደ፥ ጢሞትዮሳ ይንታጎ ኪትዳ። ኤ ዱማ ዱማ በሳ የዘ ዎሳ ኬꬃ ታ ታማርስደ፥ ክርስቶሳ የሱሳ ግዳ የዘ ታ ኦግቶ ይንታና ቆፍሳዳ።
2e0412006d	ታኒ ይንታጎ የአመ ፋና አዝን፥ ኡቱራራ ኩምደ ፈቲ ፈቲ አሱንꬅ የነ።
2e041300c2	የዝን ላꬂ ጋይኮ፥ ኡከራ ታኒ ይንታጎ ዮኦዳ። የ ዎደ ታኒ ኡቱራንቹንꬅ ኦህቶ ጻላላ ባይዝን ኡን ዎልቂቶን ኤሮደስ ኮያነ።
2e0414003e	ጾዘ ካእቱሞ ዎልቃራ ፋትን ኦሄራ ባያ።
2e0415007c	ታኒ ይንታጎ ጉፈራ ዮኦነነ ዎይ ሲቆራን አዳትꬅ አያናራ ዮኦነ? ይን አያ ዶረተ?
2e050100f3	ይን ግዳ ኦላለ Ꮉንታ የዛና ዝግርንታነ። ይኒ ፋና የዘ ኦላለ Ꮉንታ መለ አቶ የዝን፥ አማኖሰ አሱንꬅን ኦቾስ። ይን ግዳ ፋ አዳይ ማችትራ ቱንደ አስ የነ።
2e050200b9	ይነ ይን አዛኖደስን ዬልꬎደስ ቤዛነ፥ የዝን ይን ኡትርዳ። ይኒ ጋር ቦርስዘባዝ ኦችደ አꬃ ይን ግዳፓ ኬሶደስ ቤዞሶ?
2e050300c4	ታኒ አሾራ ይንታራ የዛንጽኮን አያናራ ታ ይንታራ የነ። ታኒ ይንታራ የዘ አስ ፋና ዪእ ይኒ ጋርዘ ኦቻ ኦችደ አꬄላ ፍርድዳ።
2e050400c3	ኑ ላꬄ የሱስ ክርስቶሳ ሱንꬅተ ይን ሺቅዘ ዎደ ታኒ አያናራ ይንታራ የሳዳ። ይነ ላꬄ የሱስ ክርስቶሳ ዎልቃ ይንታራ ማቃዳ።
2e05050097	የ አꬄ ናጋራ አሽታ ꬋቢ፥ ኤ አያንዘ ላꬄ የሱሳ ፍርዳ ዎደ አቶደ ፋና ኤ ጻላሄስ አꬊ እንግንቶ።
2e05060061	ይን ጬቅታ ሎኦ ባያ። ኤራꬅ እርሾ ቡካ ኡባ ደንꬅዛኖ ኤሮሳነ?
2e050700af	ይን Ꮉተ እርሾ ባይዘ ቡካ ማቃደ ጋር፥ ናጋራ እርሾ ይንታፓ ከሶተ። ኑ ፋስጋ ዱሮ ማቅደ ክርስቶሳ ዣርሽንትዳ።
2e0508009a	ይኒ ግሾ፥ ገነን ኢታትꬅ የዘ እርሾራ ማቅካይዝን ቱረትꬅን ጌሻትꬅ የዘ ቦራራ ኑ ባልቶ ቦንቾዳ።
2e05090070	ታ ቲኖ ጻፍደ ኪትተ ይን ኦላለ አሱንꬃራ የልንታመ ጋር ይንትስ ኦህዳ።
2e050a012a	ይኖ ጋዛና Ꮉና አላምተ የዘ ኦላለ Ꮉንትዙንꬃና ዎይ ዣርꬍዙንꬃራ ዎይ ካይስትዙንꬃራ ዎይ ኤቃ ጎይንዙንꬃራ ሙሎ የልንትፐተ ጋኤ ባያ። ይኖ ማቅኮ፥ Ꮉና አላምትፓ ይን ኬሳደስ ቤዛነ የሻ።
2e050b0163	የዝን አማናነ ጋእተ ኦላለ Ꮉንትዙንꬃራ ዎይ ዣርꬍዙንꬃራ ዎይ ኤቃ ጎይንዙንꬃራ ዎይ ጫዥዙንꬃራ ዎይ ማꬅንትዙንꬃራ ዎይ ካይስትዙንꬃራ የልንትፐተ ጋእ ይንትስ ኦህነ። የን ስ ጋርዘ አሳራ መለ አቶ የዝን፥ ካꬃን ሙእፐተ።
2e050c0094	ዎሳ ኬꬃፓ ባለራ የዙንꬃላ አፋ ፍርዶደስ ታና አኮ ማ? ዎሳ ኬꬅተ የዙንꬃላ አፋ ይን ፍርዶሳነ?
2e050d0088	የዝን ባለራ የዙንꬃላ አፋ ጾዚ ፍርዶዳ። ይና ኢታ ባዝቶ ኦችዘ አꬃ ይን ግዳፓ ከሶተ።
2e060100b7	ይን ግዳፓ ፈተ ፈተራ ሞቶ የዝኮ፥ ይኖ አማንዘ አስ ቲኖ ፍርድንቶዳኖ አሺ አማኖሰ አስ ቲኖ ፍርድንቶደስ ዋይዝ ቅተ?
2e060200c5	ጌሹንꬅ አላመላ ፍርዶዳኖ ይን ኤሮሶ? ዬዝን፥ ይን አላመላ ፍርድዘባዝ ማቅኮ፥ Ꮉኒ ፋና ኤራꬅባዝ ፍርዶደስ ዋይዝ ዳንዳኦሶ?
2e06030096	ኑኒ ኪታንቾላ ፍርዶዳኖ ኤሮሳነ? ዬዝን፥ Ꮉና ሳአ የስ ባዛላ አፋ ፍርዶዳና ይንታና ዋይዝ ጋመ?
2e060400a2	ዬዝን፥ ይኒ ፋና ሞቶ ይን ግዳ መꬍንትኮ፥ ዎሳ ኬꬃ ለቅንትደ አሱንꬅ ቲኖ ፍርድንቶደስ ዋይዝ ካንገተ?
2e0605009b	ታኒ ይንታና ዬልሳደስ ይኖ ጋነ። ይን ግዳ ካጭንትደ አሱንꬃና ጊግሳደስ ዳንዳእዘ አካክዘ አስ ባ?
2e06060084	ዬዝን፥ ፈቲ አማንዛይ Ꮉንካይ አማንዛያ ፍርዳ ኬꬃ አማኖሰ አስ ቲኖ ሞቶደስ ቤዛነ?
2e060700a6	ይኬ፥ ይን ፈተ ፈታ ካሳሲ ሞትዛና ይና ይንትስ ሎኦ ባያ። ይንፓ አꬊ ይን ቆህንትዛኮን ጭምንትዛኮ ሎኦሶ?
2e0608005c	የዝን ይንቲ ዎል ግዳ አማንዙንꬅ ፈተ ፈታ ቆሃነን ጭማነ።
2e060900f1	ገኑንꬅ ጾዘ ካእቱሞ ገላማኖ ይን ኤሮሳነ? ይንታና ጭምፐተ፤ ኦላለ Ꮉንትዙንꬅ ዎይ ኤቃ ጎይንዙንꬅ ዎይ ቃይጽዙንꬅ ዎይ ꬊራꬅ ꬊራꬃራ ዎይእንትዙንꬅ፥
2e060a00a5	ዎይ ካይስትዙንꬅ ዎይ ዣርꬍዙንꬅ ዎይ ማꬅንትዙንꬅ ዎይ ጫዥዙንꬅ ዎይ ቦንቅዙንꬅ ጾዘ ካእቱሞ ገሎስ።
2e060b00c9	ይንታፓ ፈቲ ፈቲ አሱንꬅ ቲኖ ይኒ ጋር። የዝን ይን Ꮉተ ላꬄ የሱስ ክርስቶሳ ሱንꬅተን ጾዝ አያናራ ሜጭንትዳ፤ ጌዥዳ፤ ጽልዳ።
2e060c00df	ይን፥ «ኑ ኮይደባዝ ኦቾደስ ዳንዳአነ» ያጋነ። የዝን ኡባና ይንታና ማዶስ። ታኒ ኮይደባዝ ኡባ ኦቾደስ ዳንዳአነ፥ የዝን አኮን ታና አሆስ።
2e060d00f6	ይን፥ «ካꬃ ሳዛስ፤ ሳዛን ካꬃስ» ጋነ። የዝን ጾዚ ሳዝቶን ካꬅቶ ꬋብሶዳኖ ታ ይንትስ ኦህነ። ኑ ጋልታ ላꬅስ ፋትን ኦላለ Ꮉንታስ ባያ። ላꬅን ኑ ጋልትስ።
2e060e006f	ጾዚ ላꬃ Ꮉይቆፓ ደንꬅዳን ፋና፥ ኑናን Ꮉይቆፓ ፋ ዎልቂትራ ደንꬆዳ።
2e060f00e7	ይን ጋልታ ክርስቶሳ ጋላ ብልተ ማቅዳኖ ኤሮሳነ? ዬዝን፥ ታኒ ክርስቶሳ ጋላ ብልተ ማቅዳኖ ካንግ ኦላለ Ꮉንትዘ ጋላ ማቃደ ፋና ዪሳነ? ሙሎን ኮሾስ!
2e061000d1	ኦላለ Ꮉንትዘ አꬄ ኤ የልንትዘ ማችትራ ፈቲ አሾ ማቅዛኖ ኤሮሳነ? ጌሽ ማጻፍተ፥ «ኡን ላምኡንꬅ ፈቲ አሾ ማቃዳ» ጋእንት ጻፍንትዳ።
2e06110053	የዝን ላꬃራ ፈቶ ማቅዘ አꬄ ኤ አያንዘራ ፈቶ ማቃነ።
2e061200c4	ኦላለፓ Ꮉኮተ። ፈቲ አꬄ ኦችዘ መለ ናጋራ ኡባ ኤ ጋልትፓ ባለራ ኦችንታነ፥ የዝን ኦላልዘ አስ ፋ ጋልትላ አፋ ናጋራ ኦቻነ።
2e0613009a	ይን ጋልታ ጾዚ ይንትስ እንግዳና ይንግዳ የዘ ጌሽ አያና ኬꬅ ማቅዳኖ ኤሮሳነ? ይን ይን ባዝ ባያ።
2e06140066	ጾዚ ይንታና ሚሸራ ዎንግዳ። ይኒ ግሾ፥ ይን ጋልተ ጾዝ ቦንቾተ።
2e07010071	ይን ታስ ጻፍደ ኪትስ ማህታ Ꮉኖ። ፈቲ አስ ማቾ ቦችካይዛር የዝኮ ሎኦ።
2e07020077	የዝን ኦላለፓ አቶደስ ፈተስ ፈተስ ማቻ የሰ፤ ማህ ፈትስ ፈትስ አዝኒ የሰ።
2e0703005f	አዝንዘ ፋ ማችትስ፥ ማችታን ፋ አዝንዘስ ኮሽዘ ባዝ ኩንꬆ።
2e0704010f	ማችትስ ፋ አሽትላ አፋ ኢስ አደትꬅ ዎልቃ ባያ፥ የዝን አደትꬅ ዎልቃ እ አዝንዘስ። ይኒ ፋና፥ አዝንዘስ ኤ አሽትላ አፋ አደትꬅ ዎልቃ ባያ፥ የዝን አደትꬅ ዎልቃ ማችትስ።
2e070500e7	ይን ዎሳራ ኤራꬅ ዎደ ጋምኦደስ ዞረራ ማቃንጽኮ፥ ፈተ ፈታ ካይፐተ። ይኒ ግሾ ይን ይንታና አሆደስ ጋምን፥ ጻላሄ ይንታና ፋታናመ ጋር ዎላ የዞተ።
2e07060053	የዝን ታኒ ይንታና ዞሮደስ Ꮉኖ ጋነ ፋትን ኪታ ባያ።
2e070700e1	አስ ኡባ ታ ጋር ማቾ ኤክካይዛራ የዛኮ ካꬋነ፥ የዝን ጾዚ ፈተስ ፈተስ እንግደ ዱማ እሞ የነ። ፈተስ Ꮉኒ ፋና እሞ Ꮉንካይስ ይኒ ፋና እሞ የነ።
2e070800d9	ማቾ ኤክካይዙንꬅስን አዝኒ ገልካይዙንꬅስን ማህ አዝኒ Ꮉይቂዱንꬅስ ታኒ ጋዛና፥ ታ ጋር ኤክካይዛራ ዎይ ገልካይዛራ የዞተ ጋእ ዞራነ።
2e070900a6	የዝን አሞራ ኤጽንትዛንፓ ኤክዛናን ገልዛና ሎኦ ማቅደ ግሾ ኡን ፋና አሆደስ ዳንዳአንጽኮ፥ ኤኮን ገሎ።
2e070a00a9	ታኒ ኤክዱንꬃናን ገልዱንꬃና Ꮉንጋራ ጋእ ዞራነ፤ ታና ባይዝን ላꬂ ኪታነ፤ ማችታ ፋ አዝንዘፓ ሻክንትፐ።
2e070b0098	የዝን ሻክንትኮ መለ አዝኒ ገልካይዛራ ፋስ የዞ ዎይ ፋ አዝንዘራ ጊጎ። አዝንዘ ፋ ማችቶ ብልፐ።
2e070c00d4	የዝን መሉንꬅስ ላꬂ ባይዝን ታኒ Ꮉንጋራ ጋነ። አማኖሰ ማቻ የዘ አማንዘ አዝኒ የዝኮ፥ ኤ ማችታ ኤራ ፈትላ የሳደስ ኮይኮ እዞ ዳክፐ።
2e070d0098	ማህ አማኖሰ አዝኒ የዘ አማንዘ ማቻ የዝኮ፥ እ አዝንዘ ኢራ ፈትላ የሳደስ ኮይኮ ኤፓ ዳክንትፐ።
2e070e00ff	አማኖሰ አዝንዘ ፋ አማንዘ ማችት ባጋራ ጌዣነ፤ ማህ አማኖሰ ማችታ ፋ አማንዘ አዝንዘ ባጋራ ጌዣነ። ይና ባይዛኮ፥ ኡን ናኡንꬅ ቱና ማቃነ፥ የዝን Ꮉተ ኡን ጌሽ።
2e070f00de	የዝን አማኖሰ አዝንዘ ዎይ ማችታ ብሎደስ ኮይኮ ብሎ። አማንዘ ማቻ ዎይ አዝኒ ይኒ ጋርዘ ባዛራ አጭንቶስ። ጾዚ ኑና ሳሮራ የሳደ ጋር ጼግዳ።
2e071000cd	አማንዘ ማችተ፥ ኔኒ አማኖሰ ነ አዝንዛ አሾድ የዛኮ አኮ ኤረ? ዎይ አማንዘ አዝንዛዮ፥ ኔኒ አማኖሰ ነ ማችቶ አሾድ የዛኮ አኮ ኤረ?
2e071100ab	ፈቲ ፈቲ አስ ላꬂ ኤስ እንግደ እሞትꬅተ ጾዚ ኤዛ ጼግዳን ጋር የዞ። ዎሳ ኬꬃ ኡባ ታኒ ታማርስደ ዎግታ Ꮉኖ።
2e071200b7	ኦደን ጋራዝንቲ አማንዳ ማቅኮ፥ ጋራዝንትካይዘ ፋና ይእፐ። ጋራዝንቲ አማንደ ኦደን የዝኮ፥ ጋራዝንቶደስ ኮይፐ።
2e07130078	ጾዘ ኪቶ ፎሎደስ ቤዛነ ፋትን ጋራዝንትን ጋራዝንታንጽ አሽን አኮን ማዶስ።
2e07140051	ፈቲ ፈቲ አስ ጾዚ ኤዛ ጼግዘ ዎድተ የዛን ፋና የዞ።
2e071500be	ጾዚ ነና ጼግደ ዎድተ ኔኒ አሮ? አኮ ባያ ይንስ ኡንእንትፐ። የዝን ኔኒ አሮትꬃፓ ዋሎ ኬሳደስ ዳንዳእኮ ኔፓ አትፐ ከዞ።
2e071600eb	አሮ ማቂ የዝተራ ላꬄ ግዳ ጼግንትደ አስ ላꬄ ግዳ አሮትꬃፓ ዋሎ ከዝዳ። ይኒ ጋር፥ አሮ ማቅካይዛራ የዝተራ፥ ላꬄ ግዳ ጼግንትደ አስ ክርስቶሳ አሮ።
2e0717004f	ጾዚ ይንታና ሚሸራ ዎንግደ ግሾ አስ አሮ ማቅፐተ።
2e0718006e	ታ እሹንꬆ፥ ይን ፈተ ፈተ ጼግንትደ ዎደ የዘ የስተ ጾዛራ ዎላ የዞተ።
2e071900ad	ዉዱሩንꬅባዝ ላꬂ ታና ኪትደባዝ ባያ። የዝን ላꬂ ታስ እንግደ ማሮትꬅተ አማንንትዳያ ማቂ ታ ይንታና ዞራነ።
2e071a0070	ይኬ፥ Ꮉተ ማꬍት ግሾ ኤክካይዛራ ዎይ ገልካይዛራ የሲ ታስ ሎኦ አዛነ።
2e071b0089	ነ ማቾ ኤከዘባዝ ማቅኮ፥ ብሎደስ ኮይፐ። ነ ማቾ ኤክካይዘባዝ ማቅኮ፥ ኤኮደስ ኮይፐ።
2e071c010c	የዝን ነ ማቾ ኤክኮ ናጋራ ባያ። ይኒ ጋር ዉዱርታን አዝኒ ገልኮ ናጋራ ባያ። የዝን ኤክዘን ገልዘ አሱንꬅስ Ꮉና ሳእተ ጋማ ማꬋ የዘ ግሾ ይንቲ ይንፓ አቶደ ጋር ታ ኮያነ።
2e071d0089	ታ እሹንꬆ፥ ታ ጋዛና Ꮉኖ፤ ዎደ Ꮉልእዳ። ይኬፓ ቲኖ ማቻ የዘ ማቾ ኤክካይዘ ጋር የዞ።
2e071e009b	ዬክዙንꬅ ዬኮሰ ጋር፥ ኡፋይትዙንꬅ ኡፋይቶሰ ጋር፥ ዎንግዙንꬅ አኮን ባይዙንꬅ ጋር ፋና ፋይዶ።
2e071f0080	Ꮉና ሳአ ቆልተ ማድንትዙንꬅ ማድንቶሰ ፋና ዪእ የዞ። Ꮉና አላምት ብሽታ አꬎዳ።
2e07200099	ይን ይርጋ ባይꬅ የሳደ ጋር ታ ካꬋነ። ማቾ ኤክካይዘ ላꬃ ኡፋይሶደስ ኮይዘ ግሾ ላꬄ ባዝ ቆፓነ።
2e07210073	የዝን ማቾ ኤክዳይ ፋ ማችቶ ኡፋይሶደስ ኮይዘ ግሾ Ꮉና ሳእትባዝ ቆፓነ።
2e07220137	ኤ ቆፍታ ላምእ በሳ ሻክንታነ። አዝኒ ገልካይዘ ዉዱርታ ፋ አሽተን ፋ ሸምፕተ ጌዥ ላꬃ ኡፋይሶደስ ኮይዘ ግሾ ላꬂ ባዝ ቆፓነ። የዝን አዝኒ ገልዳና ፋ አዝንዛ ኡፋይሶደስ ኮይዘ ግሾ ሳአባዝ ቆፓነ።
2e07230112	ታኒ ይኖ ይንትስ ኦህዛና፥ ይን ማድንቶደ ጋር ጋእ ፋትን ይንታና ኡንእꬆደስ ባያ። የዝን ይን ቆፍታ ሻክንትካይዝን ዎጋራ የዚ ላꬃ ኡፋይስዘ ባዝ ይን ኦቾደ ጋር ታኒ ኦህነ።
2e07240101	ኦደን ፋ ኦጭደ ዉዱርትስ ገልዘ ዎደ አꬍዳ ጋእ እዞ አሾደስ ቆፕኮ፥ ይና ማህ ኢስ ሎኦ ማቆሳና ኤስ ስንትኮ፥ ፋ ኮይዳኖ ኦቾ፤ ኡን ኤኮን፥ ገሎን፤ ይነ ናጋራ ባያ።
2e072500b8	የዝን ፈቲ አስ ኡንእꬅዘባዝ ꬋብን፥ ፋ ዎዝንተ ሚንግ፥ ፋና ናጊ፥ ፋ ኦጭደ ዉዱርቶ ኤካንጽ አሾደስ ኮይኮ ሎይꬅዳ።
2e0726006d	ይኒ ግሾ፥ ዉዱርቶ ኤክዘ አꬄ ሎይꬅዳ፤ ማህ ኤኮሰ አꬄ ጋማ ሎይꬅዳ።
2e0727010c	ማችታ ፋ አዝንዘ ፋጻ የዘ ዎደ ኡባ ኤራ አጭንትዳ። የዝን እ አዝንዘ Ꮉይቂኮ፥ ፋ ኮይደ አዝኒ ገሎደስ ዳንዳአነ። ማቆየዝን፥ እዛ ገልዘ ꬊራ አማንዘ አስ ማቃደስ ቤዛነ።
2e07280098	ታ ቆፋ ማቅኮ፥ እዛ ገልካይዛራ የዝኮ ኡፋይሳራ የሳዳ። ማህ ታስን፥ ታራ ጾዘ አያና የዛ አዛነ።
2e08010096	ኤቃስ ዣርሽንትደ ካꬃባዝ ማቅኮ ኑ ኡቡንꬅስ ኤራ የነ። ኤራትꬅ ኡቱርሳነ፥ የዝን ሲቆ ድቻነ።
2e08020060	ኦደን ፋና ኤራነ ጋእ ቆፕኮ፥ ኤ Ꮉጋ ኤሮደስ ቤዛኖ ኤርካያ።
2e0803004c	የዝን ኦደን ጾዝ ካꬍኮ ኤ ጾዘ ካለ ኤርንትዳያ።
2e080400d6	ይኒ ግሾ፥ ኤቃስ ዣርሽንትደ ካꬃ ሙእዘ ባዝ ማቅኮ Ꮉና አላምተ ላꬂ ፈቲ ጾዘፓ ፋትን መለ ባይዘ ግሾ ኤቃ ፋꬆሰ ባዝ ማቅዳኖ ኑኒ ኤራነ።
2e08050085	ጾዝ ማቅካይዝን ሳሎን ሳአን ጾዚ ጋእንት ጼግንትደ ጋማ ጾዙንꬅን ላꬁንꬅ የዝኮን፥
2e080600f8	ኡባ ባዝ መꬍደ፥ ኑ ኤ ባዝ ማቅደ፥ ፈቲ ጾዚ፥ አደ፥ ኑስ የነ። ኡቡንꬅ ኤ ባጋራ መꬍንትዳ፥ ኑንን ኤ ባጋራ ደኦ ደንግዳ ፈቲ ላꬂ፥ የሱስ ክርስቶሳ ኑስ የነ።
2e08070101	የዝን Ꮉኖ ኤርዘ ኡባ ባያ። ፈቲ ፈቲ አሱንꬅ ኤቃ ጎይኖራ ኤርንትደ ግሾ ካꬃ ሙእዘ ዎደ ኤቃ ዣርሽንትደባዝ ማህ ኤካነ። የ ዎደ ኡን ዎዝንታ ቦዛ ማቅደ ግሾ ቱናነ።
2e0808009a	የዝን ካꬃ ኑና ጾዛራ እግንꬆስ። ኑ ሙእካይዛራ አሽን አኮን ቆህንቶስ፤ ማህ ሙእ ዱማ ማድንቶስ።
2e080900a8	የዝን ይን ኮይደባዝ ሞኦደስ ዋሎትꬅ ይንትስ የዝኮን ይና አማኖራ ሚንግካይዙንꬃና ꬉባመ ፋና ናግንቶተ።
2e080a00ec	ኔኒ ነና ኤራ ጋእ ኤቃ ዣርሽንትደ ካꬃ ሞኦደስ ኤቃ ኬꬃ በቴዝን፥ አማኖራ ሚንግካይዘ ነና ብእኮ ይና ኤዛ ኤቃስ ዣርሽንትደ ካꬃ ሞኦደ ጋር ደንꬅꬆሳ?
2e080b008d	ይኬ፥ ነ ኤራትꬅት ባጋራ ክርስቶሳ ኤ ግሾ Ꮉይቂዳ፥ አማኖራ ሚንግካይዘ ነ እሸ፥ ꬋብዳ።
2e080c0096	ይኒ ጋር ዪዚ፥ አማኖራ ሚንግካይዘ ይን እሹንꬃና ቆህተ ኡን ዎዝንቶ Ꮉርግዚ ክርስቶሳ ቆሃነ።
2e080d0079	ይኒ ግሾ፥ ካꬃ ታ እሻ ꬉቢዘ ባዝ ማቅኮ፥ ኤ ꬉብንታመ ፋና አሾ ሙሎን ሞኦስ።
2e090100a1	ታኒ ዋሎትꬃ የዘ አስ ባነ? ታ ሐዋረ ባነ? ታኒ ኑ ላꬃ የሱስ ክርስቶሳ ብእካ? ይን ላꬃራ ታ ዋየ ኣፈ ባነ?
2e09020094	ይን ላꬄ ባዝ ማቅደ ግሾ ታ መሉንꬅስ ሐዋረ ማቃንጽኮን፥ ይንትስ ሐዋረ ማቅዳንስ ይን ማርካ።
2e0903004c	ታና ሐዋረ ባያ ጋዙንꬅስ ታ እንግዘ ማህታ Ꮉኖ።
2e0904005a	ኑ ይንታፓ ሞኦደስን ኡሻደስን ቱሮ ኑስ አደትꬅ ዎልቃ ባ?
2e090500b3	Ꮉንዛኮ ሐዋሩንꬅ ፋና፥ ላꬄ እሹንꬅ ፋናን ጴጥሮሳ ፋና፥ አማንዘ ኑ ማቹንꬃና ኤኪ የꬋደስ ኑስ አደትꬅ ዎልቃ ባ?
2e0906004c	ዎይ ኦቺ ሞኦደስ ቤዝዘ ታናን ባርናባሳን ጻላላ?
2e090700be	ፋ ሚሸራ ዎታዳረትꬅ ኦችዘ ኦደ? ዎይ ዎይነ ቱኪ፥ እዝፓ ኣፈ ሞኦሰ ኦደ? ዎይ ዉደ የንግተራ፥ ይና ዉድትፓ ማꬅ ኡዦሰ ኦደ?
2e09080049	ታኒ ይኖ አስ ቆፋ ጋር ጋነነ? ህገ ይኖ ጋኦሳነ?
2e090900a7	ሙሴ ህግተ፥ «ኡዱማ ካꬃ የꬍዘ ቦርዘ ዶንቶ አጭፐ» ጋእንት ጻፍንትዳ። ዬዝን ጾዚ ይኖ ቦራስ ቆፒ ጋይዳነ?
2e090a00e7	ጾዚ ይኖ ጋይዳና ኑስ ቆፒ ባነ? ዬ ኑ ግሾስ። ዎትዘን፥ ካꬃ ጌሽዘን ፋና የልዛኖ ኤኮዳ ጋእ ኡፋይሳራ ኦቾደስ ቤዛነ ጋእንት ቱሮ ኑ ግሾ ጻፍንትዳ።
2e090b0090	ኑኒ ይን ግዳ አያና ቡዱꬅ ቡደዘባዝ ማቅኮ አሾስ ቤዘባዝ ኑ ይንታፓ ኤክኮ፥ ይና ዳማ ባዞነ?
2e090c0144	መሉንꬅ ይኖ ይንታፓ ኤኮደስ ኡንትስ አደትꬅ ዎልቃ የዝኮ፥ ኑስ ኡንታፓ አꬍዘ አደትꬅ ዎልቃ የነ። የዝን ኑኒ ክርስቶሳ ዎንገለስ ꬉበ ማቃመ ጋር፥ ኡባነ ገንጫነ ፋትን ይና አደትꬅ ዎልቂትራ ማድንትካያ።
2e090d00b4	ጾዘ ኬꬃ ኦችዘ አሱንꬅ ፋ ካꬅቶ ጾዘ ኬꬃፓ ኤክዛኖ ኤሮሳነ? ማህ ዣርሾ በስተ ኦችዙንꬅ ዣርሽትፓ ኤክዛኖ ኤሮሳነ?
2e090e0083	ይኒ ፋና፥ ዎንገለ ማርክꬍዙንꬅ የሲስ ኮሽዘ ባዝ ዎንገለፓ ኤኮደ ፋና ላꬂ ኪትዳ።
2e090f00ff	የዝን ታኒ Ꮉና አደትꬅ ዎልቅቶ ኡባ አኮን ማድንትካያ። ታኒ Ꮉኖ ጻፍዳና ታ አደተꬅ ዎልቅቶ ቦንችሳደስ ኮይ ባያ። ኦደን ታ ጬቅቶ Ꮉሪ አሾዳንፓ Ꮉይቆ ታስ ሎኦ።
2e09100094	ታኒ ዎንገለ ኦህዛና ታና ኪትደ ግሾ ፋትን ታና ጬቅዘባዝ ባያ። ዎንገለ ኦሃንጽኮ፥ ታና ባደ።
2e091100c9	ታኒ ዎንገለ ካꬊ ሳባክኮ ታስ ዳሞዘ የነ። የዝን ታኒ ዎንገለ ካꬍካይዛራ ኪትን ሳባክዘባዝ ማቅኮ ይኖ ጾዚ ታስ Ꮉዳራ እንግዳ።
2e091200b9	ዬዝን፥ ታ ዳሞዝታ አኮ? ታኒ ዎንገለ ሳባክዘ ዎደ ታ አደትꬅ ዎልቃ ማድንትካይዛራ ዎንገለ Ꮉሪ ሳባክዛና ታስ ዳሞዘ።
2e09130072	ታኒ ኦደስን አሮ ማቆስ፥ የዝን ጋሙንꬃና ኮኦደስ ኡቡንꬅስ አሮ ማቅዳ።
2e091400eb	ታኒ አይሁዱንꬅ አቶደ ፋና ኡንታራ ኡንታና ማቅዳ። ታ ኦምተ ህገፓ ኦሞራ የዞስ፥ የዝን ህገፓ ኦሞራ የዙንꬅ አቶደ ፋና ህገፓ ኦሞራ የዘ አስ ማቅዳ።
2e091500b4	ጾዘ ህገፓ ባለራ ከዝካይዛራ፥ ክርስቶሳ ህግትስ ኪትንትተ፥ ህገ ባይዙንꬅ አቶደ ፋና ህገ ባይዘ አስ ፋና ማቅዳ።
2e09160097	ታኒ አማኖራ ቦዙዱንꬅ አቶደ ፋና ቦዛ ማቅዳ። ታኒ ኤራꬁንꬅ አቶደ ፋና ኡንታር ኡንታና ማቅዳ።
2e09170086	ታኒ ዎንገለ ማባራ አስ ማቃደስን አንጅቶ ሻክንቶደስ፥ Ꮉኖ ኡባ ዎንገለ ግሾ ዪዝዳ።
2e091800b2	ጋልጋደ ዎꬂ ኡቡንꬅ ዎጻነ፥ የዝን ፈተ ጻላላ ሽልማተ ኤክዛኖ ኤሮሳነ? ይኒ ፋና ይንትን ሽልማቶ ኤኮደስ ዎጾተ።
2e091900e3	ጋልጋደ አስ ኡቡንꬅ ኡባባዝተ ፋና አሃነ። ኡን ይኖ ላቢዛና ꬋብዘ ዎርቃ ዛዉደ ኤኮደስ። የዝን ኑኒ ላቢዛና መዽና ꬋቦሰ ዎርቃ ዛዉደ ኤኮደስ።
2e091a0083	ይኒ ግሾ፥ ታኒ ቆፋ ባይዘ አስ ፋና ዎጾስ። ባቆ ዡልትዘ አስ ፋና Ꮉሪ ኩሸ ደንꬆስ።
2e091b00ce	ይኒ ግሾ ታኒ መሉንꬅስ ዎንገለ ሳባክዳንፓ ሱባ ታ ኦምተ ኦልንትደ አስ ማቃመ ፋና ታ አሽቶ ዎልቃራ አህ ታስ ኪትንቶደ ፋና ዪዛነ።
2e0a0100a9	ታ እሹንꬆ፥ ታኒ ይን Ꮉኖ ቲሮደ ፋና ኮያነ። ኑ አዱንꬅ ኡቡንꬅ ꬎነፓ ዬካራ የꬍዳ፤ ኡቡንꬅ አባ ፊንግዳ።
2e0a020059	ኡን ሙሴራ ዎላ ማቃደስ ꬎነ ግዳን አባ ግዳ ጻማቅንትዳ።
2e0a030038	ኡን ኡቡንꬅ ፈቲ አያና ካꬃ ሙእዳ።
2e0a0400b9	ማህ ኡቡንꬅ ፈቲ አያና ኡሽ ኡዥዳ። ኡን ኡዥደን ኡንታና ካልተር የዘ የ አያና ላልዘፓ ኬዛያ፤ የ ላልዘን ክርስቶሳ።
2e0a050081	የዝን ጾዚ ኡንታፓ ጋምተ ኡፋይትካይዘ ግሾ ኡን አህታ አኮ ባይዘ ሳአ ዎꬊ አትዳ።
2e0a06008c	ኡን ኢታ ባዝ አሙꬍዳን ጋር፥ ኑንን ኢታ ባዝ አሙꬋአመ ጋር ይና ኡባና ኑስ አዝዘ ማቅዳ።
2e0a0700e9	ጌሽ ማጻፍተ፥ «አሱንꬅ ሞኦደስን ኡሻደስን በትዳ፤ ማህ የጾደስ ደንድዳ» ጋእንትዳን ጋር ኡንታፓ ፈተ ፈተ ኤቃ ጎይንዳን ጋር ይን ኤቃ ጎይንፐተ።
2e0a0800b6	ኡንታፓ ፈተ ፈተ ኦላልዳን ጋር ኑ ኦላሎደስ ቤዞስ። ይኒ ግሾ ኡንታፓ ፈቲ ዎደ ላምእታም Ꮉይꬕ ሙኩል አስ Ꮉይቂዳ።
2e0a090081	ኡንታፓ ፈተ ፈተ ላꬃ ፋታን ሾሻራ ꬋእንት Ꮉይቂዳን ጋር ኑ ላꬃ ፋታኖደስ ቤዞስ።
2e0a0a0082	ኡንታፓ ፈተ ፈተ ዙዝንጊ Ꮉይቆ ክእዘ ኪታንቾራ ꬋብዳን ጋራ ይንትን ዙዝንግፐተ።
2e0a0b00d9	Ꮉና ኡንታላ አፋ የልዳና ሙሎ ኑ ናግንቶደ ጋር ኑስ አዝዘ ማቅዳ። ማህ ዎደ ዉርሱꬃላ አፋ የዘ ኑስ ትምርተ ማቃደ ጋር Ꮉና ኡባ ጻፍንትዳ።
2e0a0c0054	ይኒ ግሾ፥ ታ ኤቅዳ ጋዘ ኦደን ጎልአመ ጋር ፋና ናጎ።
2e0a0d019c	አስ ኡባ የልዘ ፋታና ፋትን ዱማ ፋታና ይንታና የልካያ። ይን ዎልቅታ ዳንዳእዛንፓ አꬍዘ ፋታና ይን ፋታንንታመ ጋር አꬂ እንጎሰ ጾዘ አማንንትዳያ። ይንታና ፋታና የልዘ ዎደ ይና ፋታንቶ ኤ ይንታና ዳንዳእሳዳ። ማህ ይና ፋታንትፓ ይን ኬሳደ ኦግቶ ኤ ጊግሳዳ።
2e0a0e004e	ይኬ፥ ታ አልኦ እሹንꬆ፥ ኤቃ ጎይንዛንፓ Ꮉኮተ።
2e0a0f0090	ይን ዎዝናማ አስ ማቅደ ግሾ ታ Ꮉኖ ኦህነ። ታኒ ጋዛና ቱሮ ማቅዳኖ ይን ይን ኦምተ ፍርዶተ።
2e0a1000d2	ኑኒ ጾዝ ጋላቲ ግሽንትዘ አንጆ ጹእታ ክርስቶሳ ሱꬃራ ፈተትꬅ የዛኖ ባነ? ማህ ኑኒ ባጽዘ ዳብዘ ክርስቶሳ አሽትራ ፈተትꬅ የዛኖ ባነ?
2e0a11006c	ኑኒ ጋማ ማቅኮን ዳብዘ ፈቶ፥ ኑ የ ፈቲ ዳቦ ግሽንትዘ ግሾ ፈቲ አሾ።
2e0a120096	አነ እስራኤለ አሱንꬅ ኦችዳኖ ቆፖተ። ዣርሽንትደ ዣርሽታ ሙዙንꬅስ ዣርሾ በሳራ ፈተትꬅ ባነ?
2e0a130079	ታኒ አኮ ጋኦደስ ኮይ ጋኤ? ኤቃስ ዣርሽንትደ ካꬅታ ዎይ ኤቃ ማድዘ ባዝ ባያ።
2e0a1400ab	ኡን ዣርሽዛና ጾዝስ ማቅካይዝን ቱና አያናስ። ይኒ ግሾ፥ ይንትስ ቱና አያናራ ፈተትꬅ የሳደ ጋር ታ ኮዮስ።
2e0a1500d5	ይን ላꬄ ጹእትፓ ኡዥተራ፥ ማህ ቱና አያና ጹእትፓ ኡሻደስ ዳንዳኦስ። ላꬄ ሌማትፓ ሙእተራ ማህ ቱና አያና ሌማትፓ ሞኦደስ ዳንዳኦስ።
2e0a160049	ኑ ይኖ ዪዚ ላꬃ ዥልሳነ? ኑ ኤፓ አꬍዘ ሚንꬆነ?
2e0a1700e3	ይን፥ «ኡባ ባዝ ኦቻመ ጋር ካይዘባዝ ባያ» ጋነ፥ የዝኮን ኡባና ማዶስ። ይን፥ «ኡባ ባዝ ኦቻመ ጋር ካይዘባዝ ባያ» ጋነ፥ የዝን ኡባና ጻልዞስ።
2e0a180086	ፈቲ ፈቲ አስ፥ መለ አስ ማድዘ ባዝ ቆፖደስ ቤዛነ ፋትን ፋና ማድዘ ባዝ ጻላላ ቆፕፐ።
2e0a190069	ይን ዎዝንተ መꬍንትዘ ሶእቶ Ꮉሲ ጋበ ባይዝንትዘ አሾ ጨር ሞኦተ።
2e0a1a0049	አኮስ ጋይኮ፥ «ሳአን ሳአላ የዘ ኡባ ላꬅስ።»
2e0a1b00c2	ፈቲ አማኖሰ አስ ይንታና ሞኮደስ ኮይ ጼግኮ Ꮉማደስ ኮይኮ Ꮉንጎተ። ይን ዎዝንተ ሶእካይዛራ ይን ቲኖ አꬅዳኖ ኡባ ሞኦተ።
2e0a1c00bd	የዝን ፈቲ አስ፥ «Ꮉና ኤቃስ ዣርሽንትደባዝ» ጋይኮ፥ የ ይንትስ ኦህደ አꬄ ግሾን ይን ዎዝንት ግሾ ይና ካꬅቶ ሙእፐተ።
2e0a1d00e5	ታኒ፥ ዎዝና ግሾ ጋዛና ይኖ ይንትስ ኦህደ አꬄ ዎዝንት ግሾ ፋትን ይን ዎዝንት ግሾ ባያ። መለ አስ ዎዝና ግሾ ጋእ ታኒ ታ ዋሎትꬃላ አኮስ ፍርዶደ?
2e0a1e007c	ታኒ ሙእዘ ካꬅትስ ጾዝ ጋላቲ ሙእኮ አኮስ Ꮉልደ ፋና ጾዝ ጋላትዘ ባዛ ኦጭንተ?
2e0a1f0084	ይኬ፥ ይን አኮ ሙእዛኮ አኮ ኡዥዛኮን፥ ዎይ አኮ ኦችዛኮ ኡባኖ ጾዘ ቦንቾስ ኦቾተ።
2e0a20008c	አይሁዱንꬃና ማቅን ግርኩንꬃናን ማቅን ዎይ ጾዘ ዎሳ ኬꬅተ ማቅን ኦደስን ꬉበ ማቅፈተ።
2e0a210089	ታኒ ኡባ ዎደ ጋሙንꬅ አቶደ ፋና ኡን ማድንቶደ ኦገ ኮያነ ፋትን ታና ማዶደ ኦገ ኮዮስ።
2e0b010054	ታኒ ክርስቶሳ አዚ ካልዛንፋና፥ ይንትን ታና ካሎተ።
2e0b020092	ይን ኡባ ባዛ ታና ቆፕዘ ግሾን ታ ታማርስደ ትምርትቶ ምንꬂ አይክደ ግሾ ታ ይንታና ጋላታነ።
2e0b0300b3	የዝን ክርስቶሳ ꬊራꬅ ኡባስ ኦማ፥ ꬊራꬅ ማችስ ኦማ፥ ማህ ጾዚ ክርስቶሳስ ኦማ ማቅዳኖ ይን ኤሮደ ፋና ታ ኮያነ።
2e0b040088	ፋ ኦምቶ ጉሉንቲ ጾዝ ዎስዘ ዎይ ትንቢተ ኦህዘ ꬊራꬅ ኡባ ኦማ ማቅደ ክርስቶሳ ቶቻነ።
2e0b0500ee	ፋ ኦምቶ ጉሉንትካይዛራ ጾዝ ዎስዘ ዎይ ትንቢተ ኦህዘ ማችታ ኦማ ማቅደ ፋ አዝንዛ ቶቻነ። ፋ ኦምቶ ጉሉንትካይዘ ማችታ ፋ ኦምቶ ሜድንትደ ማችት ፋና።
2e0b0600b2	ማቻ ፋ ኦምቶ ጉሉንታንጽኮ፥ ፋ ኦምቶ ጩቅንቶ። የዝን ኢስ ኦምቶ ጩቂዛና ዎይ ሜድዛና ቦርስኮ ፋ ኦምቶ ጉልንቶ።
2e0b070092	ꬊራꬅ ጾዝ አዚ ጾዘ ቦንቾ ማቅደ ግሾ ፋ ኦምቶ ጉልንቶደስ ቤዞስ፥ የዝን ማቻ ꬊራꬅ ቦንቾስ።
2e0b080057	ማቻ ꬊራꬃፓ መꬍንትዳ ፋትን ꬊራꬅ ማችፓ መꬍንትካያ።
2e0b090057	ማቻ ꬊራꬅስ መꬍንትዳ ፋትን ꬊራꬅ ማችስ መꬍንትካያ።
2e0b0a0098	Ꮉኒ ግሾን ኪታንቹንꬅ ግሾ ማቻ ፋስ አደትꬅ ዎልቃ የዛኖ ቤዝዘ ማላ ፋ ኦምቶ ጉሉንቶደስ ቤዛነ።
2e0b0b0073	የዝን ላꬄ ቆፋራ ማቻ ꬊራꬅ ባይዝን የዞስ፤ ꬊራꬅን ማቻ ባይዝን የዞስ።
2e0b0c008e	ማቻ ꬊራꬃፓ መꬍንትዳን ፋና ꬊራꬅን ማችፓ የልንትዳ። የዝን ኡቡንꬅን ጾዛፓ መꬍንትዳ።
2e0b0d006a	አነ ይን ፍርዶተ። ማቻ ፋ ኦምቶ ጉልንትካይዛራ ጾዝ ዎሶደስ ቤዛነ?
2e0b0e0080	ꬊራꬅ ፋ ኦምቶ ድችኮ ኤስ ቦርሶ ማቅዳኖ መለ አቶ የዝን መ ትꬅ ይንታና ታማርሶሶ?
2e0b0f008a	የዝን ማቻ ፋ ኦምቶ ድችኮ ኢስ ቦንቾ ባነ? ማችስ ኦማ እንግንትዳና እዛ ፋና ካሞደ ፋና።
2e0b10009e	ይኒ ግሾ Ꮉንላ ላሎደስ ኮይዘ አስ የዝኮ፥ ኑስ ማቅን ዎይ ጾዘ ዎሳ ኬꬅስ ማቅን Ꮉንፋ መለ ዎጋ ባያ።
2e0b11008e	ይን ፈትላ ሺቅዛና ሎኦስ ማቅካይዝን ቆሄስ ማቅደ ግሾ Ꮉተ ታ እንግዘ ኪተ ይንታና ናሾስ።
2e0b1200b1	ታ ቲኖ ስእዳንና፥ ይን ዎሳ ኬꬅተ ሺቅዘ ዎደ ይን ግዳ ሻኮ የዛኖ። ይኖ ታ ስእዳንፓ ባግታ ቱሮ ማቅዳኖ አማናነ።
2e0b130086	ይን ግዳ ፋ ኦችተ ቱሪ የዙንꬅ ኦና የዛኮ ኤርንቶደ ጋር ይን ግዳ ሻኮ የሳዳና አቶስ።
2e0b140054	ይን ዎላ ሺቅዘ ዎደ ይን ሺቅዛና ላꬄ ካዎ ማደስ ባያ።
2e0b15009c	ይን ካꬃ ሙእዘ ዎደ ፈተ ፈታ ናግካይዛራ ፋስቶ ፋስቶ ሙእዘ ግሾ ፈታ ናያነ Ꮉንካይ ማህ ማꬅንታነ።
2e0b1600e1	ቱሮ ይን ሞኦደስን ኡሻደስ ይንትስ ኬꬅ ባነ? ዎይ ጾዘ ዎሳ ኬꬅቶ ለቃነ? ዳሁንꬃና ዬልዛነ? ታ ይንታና ዋጎ? Ꮉንስ ታ ይንታና ናሾ? ሙሎን ናሾስ።
2e0b17008d	ታኒ ይንትስ እንግደ ትምርትቶ ላꬃፓ ኤክዳ። ላꬄ የሱሳ አꬊ እንግንትዘ ቃምተ ቦራ ኤኪ፥
2e0b1800af	ጾዝ ጋላትዳ። ቦርቶ ባጽ «Ꮉተ፤ ሞኦተ። Ꮉና ይንትስ እንግንትደ ታ አሽቶ። Ꮉኖ ሙእተራ ታና ቆፖተ» ያጋይዳ።
2e0b1900c1	ይኒ ጋራ፥ ካዎ ሙእ ማቅን፥ ኡሽ ኤኪ፥ «Ꮉና ኡሽታ ታ ሱꬅተ ኤቅደ ክለ ጫቆ። ይን ኢፓ ኡዥደ ዎደ ኡባ ታና ቆፖተ» ያጋይዳ።
2e0b1a0096	ይን Ꮉይ ቦርዛ ሙእዘ ዎደን Ꮉና ኡሽቶ ኡዥዘ ዎደፓ ደንꬅ ላꬂ የኦደ ዎንꬅስ ኤ Ꮉይቅቶ ኦሆዳ።
2e0b1b00be	ይኒ ግሾ፥ ቤዞሰ ኦገራ ላꬄ ቦርቶ ሙእዘ ዎይ ላꬄ ኡሽቶ ኡዥዘ ኦደን ኤ አሽቶን ሱꬅቶን ቶችደ ግሾ ፋ ናጋርተ ኦጭንታነ።
2e0b1c0060	ይኒ ግሾ አስ ፋና ፋታኖ። የይዝ ቦርቶ ሞኦ፤ ኡሽትፓን ኡዦ።
2e0b1d008d	ላꬄ አሽትባዝ ሻኪ ኤሮሰ፥ ቦርትፓ ሙእዘን ኡሽትፓ ኡዥዘ፥ ፋላ አፋ ፍርዳ ሙነን ኡዣነ።
2e0b1e0083	ይኒ ግሾ፥ ይን ግዳ ፋ ጋሙንꬅ ላቢዳ፤ Ꮉርግንትዳ፤ ማህ ኡንደና አሱንꬅ Ꮉይቂዳ።
2e0b1f0059	የዝን ኑ ኑና ፋታኒ በኤዛኮ፥ ኑላ አፋ ፍርድንታማ የሻ።
2e0b200073	አላመ ፍርድንትዘ ዎደ ኑ አላምትራ ፍርድንታመ ጋር Ꮉተ ላꬂ ኑና ካጫነ።
2e0b210072	ይኒ ግሾ፥ ታ እሹንꬆ፥ ላꬄ ካዎ ማደስ ይን ሺቅዘ ዎደ ዎል የልꬅ ኤኮተ።
2e0b2200aa	ይን ሺቅታ ፍርዳስ ማቃመ ጋር ናይꬍደ ኦደን የዝኮ፥ ፋ ካራ ሞኦ። አትደ ባዝቶ ታ እዘ Ꮉንግ ይንትስ ኦሆዳ።
2e0c010060	ታ እሹንꬆ፥ ጌሽ አያና እሞትꬅባዝ ይን ኤሮደ ፋና ታ ኮያነ።
2e0c02008e	ይን ጾዝ አማኖሰ ዎደ ዶና ባይዘ ኤቁንꬃጎ ጎችንቲ፥ ይን ኤሮሰ ኦገ Ꮉንግዳኖ ይን ኤራነ።
2e0c0300f4	ጾዘ አያና ካልꬅዘ አስ ኦደን፥ «የሱሳ ባድንቶ» ያጋኦስ። ማህ ጌሽ አያና ካልꬅካይዝን፥ ኦደን፥ «የሱሳ ላꬂ» ጋኦደስ ዳንዳኦሳኖ ይን ኤሮደ ፋና ኮያነ።
2e0c04006c	ዱማ ዱማ አያና እሞትꬅ የነ፥ የዝን እሞትꬅቶ እንግዘ አያንዘ ፈቶ።
2e0c050047	ኑ ላꬄስ ዱማ ዱማ ኦቻ የነ፥ የዝን ላꬄ ፈቶ።
2e0c06007d	ኑ ላꬄስ ኦችዘ ዱማ ዱማ ኦገ የነ፥ የዝን ይና ኦግተ አስ ኡባራ ኦችዘ ጾዘ ፈቶ።
2e0c070082	የዝን ፈተስ ፈተስ እንግንትደ እሞትꬅቶ መሉንꬃና ማዶደ ፋና ጌሽ አያና ቆንጫነ።
2e0c08008a	ጌሽ አያና ፈተስ ጭንጫትꬅ ኩምደ ቃላ እንጋነ፤ ማህ ፈተስ ኤራትꬅ ኩምደ ቃላ እንጋነ።
2e0c090066	የ ጌሽ አያንዘ ፈተስ አማኖ፥ Ꮉንካይስ ማህ ፋꬅዘ እሞ እንጋነ።
2e0c0a0146	ጌሽ አያና ፈተስ ክለ ባዝ ኦችዘ እሞ፥ ፈተስ ትንቢተ ኦህዘ እሞ እንጋነ። ፈተስ አያናፓ አያና ሻኪ ኤርዘ ዎልቃ፥ ፈተስ ዱማ ዱማ ዶናራ ኦህዘ እሞ፥ ማህ ፈተስ ዱማ ዱማ ዶናራ ኦህንትዳኖ ብልዘ እሞ እንጋነ።
2e0c0b0095	ይኒ ግሾ Ꮉኖ ኡባ ኦችዘ የ ፈቲ ጌሽ አያንዛ። ኤ ኮይደ ፋና ፈተስ ፈተስ ዱማ ዱማ እሞ እንጋነ።
2e0c0c00c9	ፈቲ ጋልተ ጋማ ብልተ የነ፥ የዝን ይና ዱማ ዱማ ብልቱንꬅ ፈቲ ጋላ። ይኒ ፋና፥ ክርስቶሳ ዱማ ዱማ ብልቱንꬅ የዘ ፈቲ ጋላ ፋና።
2e0c0d00ec	ኑኒ አይሁደ ማቅን ግርኬ ማቅን አሮ ማቅን ዋሎ አስ ማቅን፥ ኡቡንꬅ ፈቲ ጋላ ማቃደስ ጌሽ አያናራ ጻማቅንትዳ። ማህ ኑ ኡቡንꬅ ፈቲ ጌሽ አያና ኡዥዳ።
2e0c0e0058	ኑ ጋልተ ዱማ ዱማ ብልተ የነ ፋትን ፈቲ ጋላ ብልተ ባያ።
2e0c0f008b	ቶሄ፥ «ታኒ ኩሸ ማቆሰ ግሾ ብልተ ባያ» ጋይኮ፥ ኤ ይኖ ጋይደ ግሾ ብልተ ማቅዛና አቶዳነ?
2e0c1000a3	Ꮉየ፥ «ታኒ ኣፈ ማቆሰ ግሾ ጋላ ብልተ ባያ» ጋይኮ፥ ኤ ይኖ ጋይደ ግሾ ጋላፓ ፈቲ ብልተ ማቅዛና አቶዳነ?
2e0c110096	ጋላ ኡባ ኣፈ ጻላላ ማቅዛኮ፥ ኑ አኮራ ስኦደ? ማህ ጋላ ኡባ Ꮉየ ጻላላ ማቅዛኮ ኑ አኮራ ስንጎደ?
2e0c120067	የዝን ጾዚ ፋ ኮይዳን ጋራ፥ ጋላ ግዳ ዱማ ዱማ ብልቱንꬃና ጋድዳ።
2e0c130046	ኡቡንꬅ ፈቲ ብልተ ማቅዛኮ ጋላ ዋይዝ የሳደ?
2e0c140041	የዝን ብልቱንꬅ ጋማ ማቅኮን፥ ጋላ ፈቶ።
2e0c1500a0	ኣፈ ኩሸጎ፥ «ነ ታስ ኮሾስ» ጋኦደስ ዳንዳኦስ። ዎይ ኦማ ቶሄጎ፥ «ነ ታስ ኮሾስ» ጋኦደስ ዳንዳኦስ።
2e0c16004c	የዝን ቦዛ አዝዘ ጋላ ብልቱንꬅ ኑስ አꬊ ኮሻነ።
2e0c1700b6	ቦንቾ ኮሾስ ጋእ ኑ ቆፕዘ ብልቱንꬃፓ ባጉንꬃና ጋማ ቦንቻነ። ማህ ኑ ቦርስዘ ኑ ጋላ ብልቱንꬃና አꬂ ቦንቺ ናጋነ።
2e0c1800ce	በአደራ ቦርሶሰ ጋላ ብልቱንꬅስ ቦንቾ ኮሾስ። የዝን ጾዚ ኑ ጋላ ብልቱንꬃና ዎል የልꬅ ቦርስዘ ብልቱንꬅስ አꬍዘ ቦንቾ እንግዳ።
2e0c190070	ጋላ ብልቱንꬅ ፈተ ፈተራ ሻኮ መꬍካይዛራ ዎልስ ቆፖደ ጋር ማህ መꬍዳ።
2e0c1a00cc	ጋላ ብልቱንꬃፓ ፈተ Ꮉርግንትኮ ብልቱንꬅ ኡባ ኤራ Ꮉርግንታነ። ጋላ ብልቱንꬃፓ ፈተ ቦንችንትኮ ብልቱንꬅ ኡባ ኤራ ኡፋይታነ።
2e0c1b005a	ይን ኡቡንꬅ ክርስቶሳ ጋላ፤ ማህ ይን ፈተ ፈተ ኤ ብልተ።
2e0c1c0149	ዎሳ ኬꬅተ ጾዚ፥ ቲኖ ሐዋሩንꬃና፥ ላምእንꬃ ናቡንꬃና፥ Ꮉይꬓንꬆ አስታማሩንꬃና፥ ማህ ክለ ባዝ ኦችዙንꬃና፥ ፋꬅዙንꬃና፥ መሉንꬃና ማድዙንꬃና፥ ዎሳ ኬꬃ አህዙንꬃና፥ ዱማ ዱማ ዶናራ ኦህዙንꬃና ዶርዳ።
2e0c1d0070	ኡቡንꬅ ሐዋረ? ኡቡንꬅ ናበ? ኡቡንꬅ አስታማረ? ኡቡንꬅ ክለ ባዝ ኦቻነ?
2e0c1e009b	ኡቡንꬅስ ፋꬅዘ እሞ የነ? ኡቡንꬅ ዱማ ዱማ ዶናራ ኦህንታነ? ኡቡንꬅ ዱማ ዱማ ዶናራ ኦህዛኖ ብላነ?
2e0c1f0088	ይኒ ግሾ ኡባፓ አꬍዘ እሞትꬅ ምንꬂ ኮዮተ። ማህ ኡባፓ አꬍዘ ኦግቶ ታ ይንታና ቤሳዳ።
2e0d010094	ታኒ አስ ቃላራን ኪታንቾ ቃላ ኦህንቶደስ ዳንዳእኮን፥ ታስ ሲቆ ꬋብኮ፥ ጨር ግርዘ ሉለ ፋና።
2e0d020110	ትንቢተ ኦህዘ እሞትꬅ ታስ የዝኮን፥ ጋꬅ ቆፋ ኡባ ኤርኮን፥ ኤራትꬅ ኡባ የዝኮን፥ ማህ ደረ ደንꬂ መለ በሳ ካንግዘ አማኖ ታስ የዝኮን፥ ሲቆ ꬋብኮ፥ ታና አኮን ማዶስ Ꮉር።
2e0d0300b3	ታስ የዘ ባዝ ኡባ ዳሁንꬅስ እንግኮን፥ መለ አቶ የዝን፥ ታና ታማስ አꬂ እንግኮን፥ ሲቆ ꬋብኮ ታና አኮን ማዶስ።
2e0d040072	ሲቆ ዳንዳአ። ሲቆ ኬሃ። ሲቆ ቃናቶስ። ሲቆ ጬቅንቶስ። ሲቆ ኡቱርቶስ።
2e0d050077	ሲቆ ቤዞሰ ባዝ ኦቾስ። ሲቆ ቂርꬎስ። ሲቆ ዥልꬎስ። ሲቆ ፋ ቆህቶ ፋይዶስ።
2e0d06004a	ሲቆ ቱርራ ኡፋይታነ ፋትን ዎርዶራ ኡፋይቶስ።
2e0d07008d	ሲቆ ኡባ ዳንዳአነ፤ ኡባ አማናነ፤ ሎኦ ባዝ Ꮉኖዳ ጋእ፥ ኡፋይሳራ ናጋነ፤ ኡባ ገንጫነ።
2e0d0800a6	ሲቆ ዉርሱꬅ የሎደስ ꬋቦስ። የዝን ትንቢተ አቶዳ፤ ዱማ ዱማ ዶናራ ኦህንትዛና አቶዳ፤ ኤራትꬅን አꬎዳ።
2e0d090057	ኑ ኤራትꬃፓን ኤራꬅቶ ኤራነ፤ ትንቢተፓ ባግቶ ኦህነ።
2e0d0a004f	የዝን ፎሎ ማቅደ የእዘ ዎደ ፎሎ ማቅካይዘ አቶዳ።
2e0d0b00ae	ታኒ ናአ የዘ ዎደ ናአ ጋር ኦህነ፤ ናአ ጋር ቆፓነ፤ ናአ ጋር ቁርቻነ። ታ ዎዛንትደ ዎደ ናአትꬅ Ꮉንቶ አሽዳ።
2e0d0c00f8	Ꮉተ ፎኦ ባይዘ በሳ ማስቶተራ በእዛንጋራ በእነ፥ የዝን የ ዎደ ኑ ጌሽ በአዳ። Ꮉተ ታ ኤራትꬃፓ ኤራꬅ ኤራነ፥ የዝን የ ዎደ ጾዚ ታና ኤርዛን ጋር ፎሊ ኤሮዳ።
2e0d0d008d	ይኬ፥ አማኖ፥ ኡፋይስን ሲቆ፥ Ꮉንꬅ Ꮉይꬑንꬅ ሚንግ የሳዳ። የዝን Ꮉን ሳፓ አꬍዘ ሲቆ።
2e0e010080	ሲቆ ኮዮተ። አያና እሞትꬅ ምንꬂ ኮዮተ፤ ኡባፓ አꬂ፥ ትንቢተ እሞ ምንꬂ ኮዮተ።
2e0e0200eb	ዱማ ዱማ ዶናራ ኦህንትዘ አስ ጾዝስ ኦህነ ፋትን አስስ ኦሆስ። የዝን አስስ በንትካይዘ ጋንጨ ቆፋ አያና ዎልቃራ ኦህዘ ግሾ ኦደን ኤ ኦህዛኖ ቲሮስ።
2e0e030087	የዝን ትንቢተ ኦህዙንꬅ አስ አያናር ድቾደስ፥ ምንꬅꬆደስን ምንꬆደስ አስስ ኦህነ።
2e0e04009c	ዱማ ዱማ ዶናራ ኦህዘ አስ ፋና አያናር ድቻነ። የዝን ትንቢተ ኦህዘ አስ ዎሳ ኬꬅቶ አያናር ድቻነ።
2e0e050140	ይን ኡቡንꬅ ዱማ ዱማ ዶናራ ኦህንትዛኮ ታ ካꬋነ፥ የዝን ትንቢተ ኦህዛኖ አꬂ ካꬋነ። ዱማ ዱማ ዶናራ ኦህንትዛኖ ዎሳ ኬꬂ ድቾደስ ብልዘ አስ ꬋብኮ፥ ዱማ ዱማ ዶናራ ኦህንትዛንፋ ትንቢተ ኦህዛና አꬋነ።
2e0e0600e8	ይኬ ታ እሹንꬆ፥ ታኒ ይንታጎ Ꮉንግ ቆንጭꬃራ ዎይ ኤራትꬃራ ዎይ ትንቢተ ኦሄራ ዎይ ትምርተራ ማቃንጽ ዱማ ዱማ ዶናራ ኦህንትኮ ይንታና አኮ ማዶደ?
2e0e07007a	ዱማ ዱማ የꬅስ ፈቲ ኮች ኦꬅ የዝኮ፥ ሱሉንቀ ኦꬅን ዲꬅ ኦꬅ ዋይዝ ሻጊ ኤሮደ?
2e0e080059	ማህ ሞይዘ ኦለ ሎይꬂ ኤርንታንጽኮ ኦላስ ጊግንቶደ ኦደ?
2e0e09009e	ይኒ ጋር፥ ዱማ ዱማ ዶናራ ይን ኦህዛና ጌሽ ማቃንጽኮ ይን ኦህዛኖ ኦደ ኤሮደ? ይና ባቆስ ኦህዘ ፋና።
2e0e0a0049	አላመላ ጋማ ዶና የነ፤ ብልꬂ ባይዘ ዶና ባያ።
2e0e0b0086	ይኬ ፈቲ አስ ኦህንትዘ ዶና ታኒ ኤራንጽኮ ኤ ታስ ዛቆ ማቃነ፤ ታንን ኤስ ዛቆ ማቃነ።
2e0e0c009f	ይኒ ጋር፥ ጌሽ አያና እሞ ይን ኤኮደስ ምንꬂ ኮይዛኮ፥ ዎሳ ኬꬂ ድቾደስ ኡባፓ አꬍዘ እሞትꬅ ኮዮተ።
2e0e0d0087	ዱማ ዱማ ዶናራ ኦህዘ አሱንꬅ ኦህቶ ብሎደስ ብልዘ እሞትꬅ እንግንቶደ ጋር ጾዝ ዎሶ።
2e0e0e0089	ታኒ ዱማ ዱማ ዶናራ ጾዝ ዎስኮ፥ ታ አያንዘ ዎሳነ፥ የዝን ታ ቆፍትፓ አኮን ሻኪ ኤሮስ።
2e0e0f00b8	ዬዝን፥ ታ አኮ ኦቾደስ ቤዘ? ታኒ ታ አያንተ ዎሳነ፤ ታ ዎዝንተን ዎሳነ። ታኒ ታ አያንተ የጻነ፤ ታ ዎዝንተን የጻነ።
2e0e1000b6	ይኖ ማቃንጽኮ ኔኒ ነ አያንተ ጾዝ ጋላትዘ ዎደ ይና በስተ ኔኒ ጋዛኖ ኤሮሰ አስ ነ ጋላትዛኖ ዋጊ፥ «አምንኤ» ጋዉደ?
2e0e11004c	ኔኒ ጾዝ ጋላትዛና ሎኦ፥ የዝን መለ አስ ማዶስ።
2e0e12005e	ታ ይን ኡባፓ አꬂ ዱማ ዱማ ዶናራ ኦህዛን ግሾ ጾዝ ጋላታነ።
2e0e1300c6	የዝን ታኒ ዎሳ ኬꬃ መሉንꬃና ታማርሶደስ ዱማ ዱማ ዶናራ ታጵ ሙኩል ቃላ ኦሆዳንፓ ኤርንትዘ ዶናራ እችን ቃላ ኦህዛኖ ካꬋነ።
2e0e1400af	ታ እሹንꬆ፥ ይን ቆፋራ ናአ ፋና ማቅፐተ። ይን ኢታባዝስ ናአ ፋና ማቆተ ፋትን ይን ቆፋራ ዎዝናሙንꬃና ማቆተ።
2e0e1500eb	ላꬂ፥ ጌሽ ማጻፍተ፥ «ታኒ Ꮉንꬅ አሱንꬅስ፥ ዱማ ዱማ ዶናራ ኦህዘ አስን ዛቆ እልአንꬃራ ኦህዘ አሳራ ኦሆዳ። የዝን ይኖ ማቅኮን ታና ስኦስ» ያጋነ።
2e0e1600f0	ይኬ፥ ዱማ ዱማ ዶናራ ኦህዛና፥ አማኖሰ አሱንꬅስ ማላ ማቃነ ፋትን አማንዘ አስስ ባያ። ትንቢተ አማንዘ አስስ ማላ ማቃነ ፋትን አማኖሰ አሱንꬅስ ባያ።
2e0e1700da	ዎሳ ኬꬃ አሱንꬅ ፈትላ ሺቅዘ ዎደ ኡቡንꬅ ዱማ ዱማ ዶናራ ኦህንትኮ ኤሮሰ ዎይ አማኖሰ አሱንꬅ ይን ሺቅተ ይእ፥ «Ꮉን ስ ዣሽታነ» ጋኦሳነ?
2e0e1800da	የዝን ኤሮሰ ዎይ አማኖሰ አሱንꬅ ዎሳ ኬꬃ የእዘ ዎደ አሱንꬅ ትንቢተ ኦሆደራ፥ ስእኮ ፋ ናጋርቶ ቲሮዳ፤ ማህ ኤ ስእደ ቃልተ ፍርድንቶዳ።
2e0e1900b4	ኡን ኤ ዎዝንተ ጌንግደ ቆፍቶ ቆንጭሳዳ። ይኒ ጋር፥ «ቱሪ ጾዚ ይን ግዳ የነ» ያጋእ ማርክꬊ፥ ዙጊ ጾዝስ ጎይኖዳ።
2e0e1a0169	ታ እሹንꬆ፥ ኑ አኮ ጋኦ? ይን ዎላ ሺቅዘ ዎደ ፈተስ ማዝሙረ የነ፤ ፈተስ ታማርሰ እሞትꬅ የነ፤ ፈተስ ቆንጭꬅ የነ፤ ፈተስ ዱማ ዱማ ዶናራ ኦህዘ እሞትꬅ የነ፤ ፈተስ ብልዘ እሞትꬅ የነ። ይና ኡባ ዎሳ ኬꬂ ድችዘባዝ ማቃደስ ቤዛነ።
2e0e1b00c4	ዱማ ዱማ ዶናራ ኦህዘ አሱንꬅ የዝኮ፥ ላምእ ዎይ ጋንግኮ Ꮉይꬕ ማቂ ታራር ታራር ኦሆደስ ቤዛነ። ኡን ኦህዛኖ መለ አስ ብሎ።
2e0e1c0090	የዝን ብልዘ አስ ꬋብኮ፥ ዱማ ዱማ ዶናራ ኦህዘ ዎሳ ኬꬅተ ስእ ጋኦ። ፋስን ፋ ጾዘስን ኦሆ።
2e0e1d0077	ትንቢተ ኦህዙንꬅ ላምእ ዎይ Ꮉይꬕ ማቂ ኦሆ። ማህ መሉንꬅ ኡን ጋዛኖ ሻጎ።
2e0e1e0064	ይና ሺቅተ የዘ መለ አስስ ፈትባዝ ቆንጭኮ ቲኖ ኦህዘ ስእ ጋኦ።
2e0e1f0085	ኡቡንꬅ ታማሮደ ጋራን ኡቡንꬅ ምንጎደ ጋር ታራር ታራር ትንቢተ ኦሆደስ ዳንዳአነ።
2e0e200039	ናቡንꬅ አያና ናቡንꬅስ ኪትንታነ።
2e0e210081	ጌሹንꬅ ዎሳ ኬꬃ ኡባ ላማድንትዳን ጋር ጾዚ ሳሮትꬅ ጾዝ ፋትን ዋጫምዘ ጾዝ ባያ።
2e0e2200a5	ማቻ ዎሳ ኬꬃ ስእ ጋኦ። ሙሴ ህገ ጋዛን ፋና ኡን አቆ ፋትን ዎሳ ኬꬃ ኦሆደስ ኡንትስ አደትꬅ ዎልቃ ባያ።
2e0e230097	ማቹንꬅ ዎሳ ኬꬃ ኦህዛና ቦርስዘባዝ ማቅደ ግሾ ፈትባዝ ኤሮደስ ኮይኮ ካራ ፋ አዝኑንꬃና ኦጮ።
2e0e240060	ጾዘ ቃላ ቲኖ ይን ክእዳነ? ዎይ ጾዘ ቃላ ይን ጻላላጎ ይእዳነ?
2e0e250090	ኦደን ፋና ናበ ዎይ ፋና ጾዘ አስ ጋእ ቆፕኮ፥ ታኒ ይንትስ ጻፍዛና ላꬄ ኪታ ማቅዳኖ ኤሮተ።
2e0e260045	ይኒ ግሾ ኦደን ኤካንጽኮ ኑንን ኤዛ ኤኮስ።
2e0e270094	ይኒ ግሾ፥ ታ እሹንꬆ፥ ትንቢተ ኦሆደስ ምንꬂ አሙꬎተ፤ ማህ ዱማ ዱማ ዶናራ ኦህዛኖ ካይፐተ።
2e0e280037	የዝን ኡባናን ዎጋራን ታራር ማቀ።
2e0f0100a6	ታ እሹንꬆ፥ ታ ይንትስ ማርክꬍደ ዎንገለ ይን ኤክዳነ ይን አማንተ ኤ ግዳ ኤቅዳኖ ይን ቆፖደ ጋር ኮያነ።
2e0f020095	ታ ታማርስደ ዎንገለ ምንꬂ አይክኮ ይን ኤ ግዳ አቶዳ። ይኖ ይአንጽኮ ይን አማንታ Ꮉሪ ማቃዳ።
2e0f0300bf	ታኒ ኤክደ ኡባፓ አꬍዘ ኪታ ቲንꬊ ይንትስ እንግዳ። ይናን፥ ጌሽ ማጻፍተ ጋዛን ጋራ፥ ክርስቶሳ ኑ ናጋርት ግሾ Ꮉይቂዳ፤
2e0f04006e	ሞግንትዳ፤ ጌሽ ማጻፍተ ጋዛን ጋራ፥ Ꮉይꬕንꬃ ቃማ Ꮉይቆፓ ደንድዳ፤
2e0f050067	ጴጥሮሳስ በንትዳ፤ ይንፓ ሱባ፥ ታጶ ላምእ ሐዋሩንꬅስ በንትዳ፤
2e0f0600d2	ይንፓ ሱባ፥ እችን ጼታፓ ጋንግዘ አሱንꬅስ ፈቲ ቶሄ በንትዳ፤ ኡንታፓ አꬍዘ ባግታ Ꮉተ የሎደስ ፋጻ የነ፥ የዝን ኤራꬁንꬅ Ꮉይቂዳ።
2e0f070074	ይንፓ ሱባ፥ ያይቆባስ በንትዳ፤ ሱባፓ ፋ ሐዋሩንꬅስ ኡቡንꬅስ በንትዳ።
2e0f08004b	ማህ ዉርሱꬅተ ቦችንትደ ጋር የዘ ታስ ቆንጭዳ።
2e0f0900a8	ታኒ የሱሳ ሐዋሩንꬅ ኡባፓ ላፋ። ታኒ ጾዘ ዎሳ ኬꬃ ባይእደ ግሾ የሱሳ ሐዋረ ጋእንት ጼግንቶደስ ቤዞሳያ።
2e0f0a0125	የዝን ጾዘ አꬎ ኬሃትꬅተ ታ Ꮉተ የዛን ጋር ማቅዳ፤ ኤ ታስ እንግደ አꬎ ኬሃትꬅት Ꮉሪ አትካያ። ታኒ መሉንꬅ ሐዋሩንꬃፓ አꬊ ላቢዳ። የዝን ታራ የዘ ጾዘ አꬎ ኬሃትꬅትራ ፋትን ታና ባያ።
2e0f0b0080	ይኬ፥ ታና ማቅን ኡንትን፥ ኑ ኡባይ ታማርስዛና ይኖ፤ ይንትን ይና ኪቶ አማንዳ።
2e0f0c00a6	ክርስቶሳ Ꮉይቆፓ ደንድዳኖ ኑ ሳባክዘ ዎደ ይንታፓ ፈተ ፈተ ዬዝን፥ ዋይዝ፥ «Ꮉይቆፓ ደንዶ ባያ» ያጋኤ?
2e0f0d0068	Ꮉይቆፓ ደንዶ ባይዘ ባዝ ማቅኮ ክርስቶሳ Ꮉይቆፓ ደንድካያ ጋኤ።
2e0f0e0082	ክርስቶሳ Ꮉይቆፓ ደንድካይዘ ባዝ ማቅኮ ኑ ትምርትታን ማቅን ይን አማንታን Ꮉሪ።
2e0f0f00b7	Ꮉይቆፓ ደንዶ ባይዝን፥ ኑኒ ጾዚ፥ «ክርስቶሳ Ꮉይቆፓ ደንꬅዝዳ» ያጋእ ሳባክተራ ጾዘ ዎርዳንቾ ማርካ ማቅዳ ጋኤ።
2e0f100084	Ꮉይቂደ አሱንꬅ Ꮉይቆፓ ደንድካይዘ ባዝ ማቅኮ ይኬ፥ ክርስቶሳ Ꮉይቆፓ ደንድካያ።
2e0f11009e	ክርስቶሳ Ꮉይቆፓ ደንዶሰ ባዝ ማቅኮ፥ ይን አማንታ Ꮉሪ፤ ማህ ይን Ꮉይኖ የሎደስ ይን ናጋራራ የነ።
2e0f12004d	ይኬ፥ ክርስቶሳ አማኒ Ꮉይቂዱንꬅን ꬋብዳ ጋኤ።
2e0f1300bd	ኑኒ Ꮉና አላምተ ደኦ ጻላላስ ክርስቶሳ ግዳ ኡፋይስ ኦችደባዝ ማቅኮ፥ Ꮉና አላምተ የዘ አስ ኡባፓ ኑ ባዝታ አꬍደ ኢታ።
2e0f140074	የዝን ክርስቶሳ Ꮉይቂዱንꬅስ Ꮉይቆፓ ደንደራ አንግስ ማቂ ቱሮ ደንድዳ።
2e0f150088	Ꮉይቆ ፈቲ አስ ባጋራ Ꮉና አላምተ ይእዳን ጋር Ꮉይቆፓ ደንዶን ፈቲ አስ ባጋራ ይእዳ።
2e0f160074	አዳማ ባጋራ አስ ኡባ Ꮉይቂዳን ጋራ ክርስቶሳ ባጋራ አስ ኡባ ደኦ የሳዳ።
2e0f1700b8	የዝን ፈተ ፈተ ፋ ታራር ደንዶዳ። ክርስቶሳ ኡባፓ ቲኒ ደንድዳ፤ ይንፓ ሱባ፥ ክርስቶሳ የእዘ ዎደ ኤሱንꬅ ደንዶዳ።
2e0f1800b0	ይንፓ ሱባ፥ ክርስቶሳ ካእቱሞ፥ አደትꬅን ዎልቃ ኡባ ꬋብሲ፥ ካእቱሞ ጾዘ አደስ እንጎደራ ዎደ ዉርሱꬅ የኦዳ።
2e0f190083	ጾዚ ኤ ሞርኩንꬃና ኡባ ኤ ቶህትፓ ኦሞራ የꬍሳደ ዎንꬅስ ክርስቶሳ አሆደስ ቤዛነ።
2e0f1a0047	ዉርሱꬅተ ኤ ꬋብሶደስ የዘ ሞርክዘስ Ꮉይቆ።
2e0f1b0134	ጌሽ ማጻፍተ፥ «ጾዚ ኡባ ባዝ ኤ አደትꬅ ዎልቃፓ ኦሞራ አህዛነ» ጋእንት ጻፍንትዳ። የዝን ኡባ ኤ አደትꬅ ዎልቃፓ ኦሞራ አሃነ ጋዛና፥ ኡባባዝቶ ኤ አደትꬅ ዎልቃፓ ኦሞራ አህደ ጾዛ አዳያ ጉጆስ።
2e0f1c0108	ኡባ ባዝታ ክርስቶሳ አደትꬅ ዎልቃፓ ኦሞራ አቅዳንፓ ሱባ ጾዘ አደስ ኡባና ማቃደ ፋና ክርስቶሳ ማህ ፋ ኦምተ ኡባ ባዝ ጾዝስ አቅዝዳ። የ ዎደ ጾዚ ፋ ጻላላ ኡባ አሆዳ።
2e0f1d00fd	Ꮉይቂዱንꬅ ደንዶሰ ባዝ ማቅኮ ኡን ግሾ ጻማቅንትዘ አሱንꬅስ አኮ ትርፈ የዘ? Ꮉይቂዱንꬅ ደንዶሰ ባዝ ማቅኮ ዬዝን፥ አኮስ፥ አሱንꬅ Ꮉይቂዱንꬅ ግሾ ጻማቅንተ?
2e0f1e004e	ዬዝን፥ ኑኒ አኮስ ኡባ ዎደ ኑና ማꬋስ አꬂ እንገ?
2e0f1f00c6	ታ እሹንꬆ፥ ታ ቃምተ ቃምተ Ꮉይቆስ አꬊ እንግንታነ። ይናን፥ ላꬄ ክርስቶስ የሱሳ ባጋራ ይንታላ የዘ ጬቅታ ቱሮ ማቅደ ግሾ።
2e0f200119	አስ ቆፋ ጋር ማቅኮ፥ ታኒ ኤፈሶነ ግዳ ጾꬃራ ቡቱንትዳና ታና አኮ ማዶደ? Ꮉይቂዱንꬅ Ꮉይቆፓ ደንዶሰ ባዝ ማቅኮ፥ «ዎንታ ኑ Ꮉይቅዘ ግሾ Ꮉይኖ ማዳ ኡሻዳ» ያጋዘ አስ ፋና ማቃነ።
2e0f210042	ጭምንትፐተ! ኢታ ላገትꬅ ሎኦ ዱሰ ኢሳነ።
2e0f2200ab	ይን ዎዝንትጎ ማቆተ። ናጋራ ኦችፐተ። ይንታፓ ፈቲ ፈቲ አሱንꬅ ጾዝ ኤሮስ። ታ ይንታና ዬልሳደስ ይኖ ጋነ።
2e0f2300a5	ፈቲ አስ፥ «Ꮉይቂደ አስ ዋይዝ ደንዶደ? ኡን አኮ ፋና የዘ ጋላራ የኦደ?» ያጋእ ኦጭዘ የዝካይዛራ አቶስ።
2e0f240061	Ꮉይ ኤይዛዮ፥ ኔኒ ሳአላ ቡድዘ ቡዱꬅታ Ꮉይቂካይዛራ ዶሎስ።
2e0f250079	ኔኒ ቡድዘ ዛርጋ ማቅን ዎይ መለ ካꬃ ኮች ኣፈ ፋትን ሱባፓ ዶልዘ ዶልቶ ባያ።
2e0f260089	የዝን ጾዚ ቡዱꬅስ ፋ ካꬍደ ጋር ጋላ እንጋነ። ዱማ ዱማ ቡዱꬅስ ዱማ ዱማ ጋላ እንጋነ።
2e0f270095	መꬎ ኡባስ አሾ ፈቶ ባያ። አስ አሾ ፈቶ፤ Ꮉርስ አሾ ዱማ፤ ላንዳ አሾ ዱማ፤ ማቂ ሞሎ አሾ ዱማ።
2e0f28009d	ሳሎ ጋላ የነ፤ ማህ ሳአ ጋላን የነ። የዝን ሳሎ ጋላስ ቦንችታ ፈቶ፤ ማቂ ሳአ ጋላስ ቦንችታን ዱማ።
2e0f2900ad	አዋ ቦንቾ ፈቶ፤ አግና ቦንቾ ዱማ፤ ጾልንቶ ቦንቾ ዱማ፤ ፈቲ ጾልንትዘ Ꮉንካይ ጾልንትዘፓ ቦንቾራ ዱሙꬋነ።
2e0f2a00a0	Ꮉይቂዱንꬅ Ꮉይቆፓ ደንድዘ ዎደ ይኒ ጋራ ይአዳ። Ꮉይቅዘ ጋላ ቡዱንታነ፤ Ꮉይቆሰ ጋላ ማቂ ደንዶዳ።
2e0f2b0073	ቶቸራ ቡዱንቲ፥ ቦንቾራ ደንዶዳ፤ ላብꬅሞር ቡዱንቲ፥ ዎልቃራ ደንዶዳ።
2e0f2c007f	መ ትꬅ ጋላ ቡዱንቲ፥ አያና ጋላ ማቂ ደንዶዳ። መꬎ ጋላ የዝኮ፥ አያና ጋላ የነ።
2e0f2d00da	ይኒ ጋር፥ ጌሽ ማጻፍተ፥ «ቲኖ አꬄ፥ አዳማ፥ ፋጻ የዘ መꬎ ማቅዳ» ያጋይዳ። የዝን ዉርሱꬅ አዳማ፥ ክርስቶሳ፥ ደኦ እንግዘ አያና ማቅዳ።
2e0f2e0086	የዝን መ ትꬅ አስ ቲኖ ይእን፥ ሱባፓ አያና አስ ይእዳ ፋትን አያና አስ ቲኖ ይእካያ።
2e0f2f007a	ቲኖ አዳማ ሳአፓ መꬍንትደ ሳአ አስ፤ ላምእንꬃ አዳማ ሳሎፓ ይእደ ሳሎ አስ።
2e0f300087	ሳአፓ መꬍንትዱንꬅ ሳአፓ መꬍንትዳያ አዛነ። ሳሎፓ ማቅዱንꬅ ሳሎፓ ይእዳያ አዛነ።
2e0f310063	ኑኒ ሳአፓ መꬍንትደ አꬃ አዛን ፋና ሳሎፓ ይእደ አꬃን አዞዳ።
2e0f3200b0	ታ እሹንꬆ፥ ታ ጋዛና Ꮉኖ፤ Ꮉተ ኑ ማእደ ጋልታ ጾዘ ካእቱሞ ገሎደስ ዳንዳኦስ። ዎቅዘ ጋልታ ዎቆሰ ጋላ ላቶስ።
2e0f330090	ታ ይንትስ ፈቲ ጋንጨ ቆፋ ኦሆዳ። ኑ ኡቡንꬅ Ꮉይቆስ፥ የዝን ዉርሱꬅተ ኡቡንꬅ ላምንቶዳ፤
2e0f3400c0	ሞይዘ ኦልንትዘ ዎደ ኣፈ ቅጵ በአደስ ቆፕካይዝን ላምንቶዳ። Ꮉይቂደ አሱንꬅ ዎቆሰ አስ ማቂ ደንዶዳ፤ ኑንን ላምንቶዳ።
2e0f350061	Ꮉይ ዎቂዛይ ዎቆሳያ፥ Ꮉይ Ꮉይቅዘ Ꮉይቆሳያ ማኦደስ ቤዛነ።
2e0f3600c6	Ꮉይ ዎቂዛይ ዎቆሳያ፥ ማቂ Ꮉይ Ꮉይቅዘ Ꮉይቆሳያ ማእዘ ዎደ ጌሽ ማጻፍተ፥ «Ꮉይቆ ጋምንቲ ቆꬍንትዳ። ጋዘ ቃልታ ፎልንቶዳ።
2e0f37009f	ይኒ ጋር፥ «Ꮉይቆ፥ ነ ጋምዛና አባ የነ? Ꮉይቆ፥ ነ ጫድዘ ዎልቅታ አባ የነ?» ጋይደ ቃልታ ፎልንቶዳ።
2e0f38004f	Ꮉይቆ ጫድዘ ዎልቃ ናጋራ፤ ማህ ናጋራ ዎልቃ ህገ።
2e0f390071	የዝን ኑ ላꬄ የሱስ ክርስቶሳ ባጋራ ኑስ ጋመ እንግዘ ጾዘስ ጋላታ ማቀ።
2e0f3a00dd	ይኒ ግሾ፥ ታ ሲቆ እሹንꬆ፥ ኤንእንታንጽ ሚንግ ኤቆተ። ላꬄ ኦችተ ይን ላቢዛና ጨር ባይዛኖ ኤሪ ኡባ ዎደ ላꬄ ኦችቶ አዛልእካይዛራ ኦቾተ።
2e10010083	አማንዘ አሱንꬅስ ሚሸ ሺሸባዝ ጋላትያ ዎሳ ኬꬅስ ታኒ ኪትዳን ፋና ይንትን ኦቾተ።
2e100200c4	ሚሸ ሺሽታ ታ ይንታጎ Ꮉንግዘ ዎደ ማቃመ ፋና ፈቲ ፈቲ ሳምንታፓ ቲኖ ቃማ፥ ዎጋ ዎደ ዎጋ ዎደ ፋ ደንግዛንፓ ኬሲ ፋ ካራ ሺሾ።
2e100300b1	ታኒ እዘ Ꮉንግደ ዎደ ሚሽቶ የሩሳላመ የልꬆደ ፋና ይን ዶርደ አሱንꬅስ ዳብዳበ እንግ ኡንታና የሩሳላመ ኪቶዳ።
2e10040069	ኡንታራ ታ Ꮉንግዛና ኮሽዘ ባዝ ማቅኮ ኡን ታራ Ꮉማደስ ዳንዳአነ።
2e10050062	ታኒ መቀዶንያራ አꬎደስ ቆፕደ ግሾ እዘ Ꮉንግ ይንታጎ የኦዳ።
2e100600ee	ታ Ꮉንግዛና አባ ማቅኮን፥ ታ ቅትዛነ ይን ታና ሞይዞደ ጋር ይን ካለ ኤራꬅ ዎደ ጋምእካይዛራ አሾስ። ሴተ አግኑንꬃና ይን ካለ አꬅካይዛራ ዋይ አሾዳ።
2e10070094	ታኒ ኦገራ አꬍተራ ይንታና በአደስ ኮዮስ። ላꬂ ጋይኮ፥ ይን ካለ ኤራꬅ ዎደ ጋምኦደስ ቆፓነ።
2e10080057	የዝን ታኒ ጰንጠቆስጠ ባአለ የሎደስ ኤፈሶነ ጋምኦዳ።
2e10090079	ታስ ኦቻ ኩምደ ዳልጋ ፉርꬅ ቡጉንትዳ፥ የዝን ጋማ ኦልንትዘ ሞርኩንꬅ የነ።
2e100a00b1	ኤ ታ ጋር ላꬄ ኦቻ ኦችዘ አስ ማቅደ ግሾ ጢሞትዮሳ ይንታጎ Ꮉንግኮ፥ ይን ካለ ኤ ይርግካይዛራ የሳደ ጋር ዪዞተ።
2e100b00a9	ኦደን ኤዛ ለቂፐ። ኤ ታጎ ሳሮራ ማቃደ ጋር ኤዛ ማዲ ሞይዞተ። ታኒ ኤ Ꮉንኩꬅ አማንዙንꬃራ ማቃዳኖ ናጋነ።
2e100c00ea	ኑ እሸ አጵሎሳ Ꮉንኩንꬅ አማንዙንꬃራ ይንታጎ Ꮉማደ ጋር ታ ኤዛ ምንꬂ ዎሳነ። Ꮉተ ይንታጎ Ꮉማደስ ኮይካያ፥ የዝን ኤስ ዎትደ ዎደ ይንታጎ Ꮉማዳ።
2e100d0046	ባርኮተ፤ አማኖራ ኤቆተ፤ ጻሎተ፤ ምንጎተ።
2e100e0027	ኦችቶ ኡባ ሲቆራ ኦቾተ።
2e100f00d8	ታ እሹንꬆ፥ እስጢፋኖሳን ኤ ካራ አሱንꬅ አካያ ግዳ ኡን ቲኖ አማንዱንꬃና ማቅዳኖ አማንዙንꬃና ማዶደስ ፋና አꬂ እንግዳኖ ይን ኤራነ።
2e10100096	ይንትን ኡን ጋር አሱንꬅስን፥ ኡንታራ ኦቻራ ላቢዘ ኡቡንꬅስ ኪትንቶደ ጋር ታ ይንታና ዎሳነ።
2e101100bd	እስጢፋኖሳ፥ ፈርዶናጽሳን አካይቆሳ ታጎ ይእዳና ታና ኡፋይስዳ። ይን ባይዘ በስተ ኡን ይንታና ማቂ ታ ፋጭቶ ኩንꬅዳ።
2e10120078	ኡን ይንታና ኡፋይስዳን ፋና ታናን ኡፋይስዳ። ይኒ ፋና አሱንꬃና ቦትፈተ።
2e101300da	እስያ ዎሳ ኬꬃ አሱንꬅ ይንታና ሳሮ ጋነ። አቂላን ጵርስቅላን ፋ ካራ ሺቅዘ ዎሳ ኬꬃ አሱንꬃራ ዎላ ይንታና ላꬄ ሱንꬅተ ዎዝናፓ ሳሮꬅዳ።
2e1014008f	አማንዘ እሹንꬅ ኡቡንꬅ ይንታና ሳሮ ያጋይዳ። ጌሽ ዬርንተ ዬርንትተራ ፈተ ፈታ ሳሮꬆተ።
2e1015004e	ታኒ፥ ጳዉሎሳ፥ Ꮉና ሳሮትꬅቶ ታ ኩሽትራ ጻፍዳ።
2e1016005d	ላꬃ ካꬎኦሰ አስ የዝኮ፥ ባድንትዳያ ማቀ። ኑ ላꬃዮ፥ ዮኦ!
2e1017004e	ላꬄ የሱስ ክርስቶሳ አꬎ ከሃትꬅታ ይንታራ ማቀ።
2e10180066	ታ ሲቅታ ክርስቶስ የሱሳ ግዳ የዘ ይን ኡቡንꬃራ ማቀ። አምንኤ።
2f00000011	2 ቆሮንቶሳ
2f010100f5	ጾዘ ቆፋራ የሱስ ክርስቶሳ ሐዋረ ማቅደ ጳዉሎሳን፥ ኑ እሸ ጢሞትዮሳ፥ ቆሮንቶሳ ግዳ የዘ ጾዘ ዎሳ ኬꬅትስን አካያ ጋደ የዘ ጾዘ አስ ኡቡንꬅስ ጻፍደ ኪታ።
2f01020079	ጾዘ ኑ አደፓን ላꬄ የሱስ ክርስቶሳፓ፥ አꬎ ኬሃትꬅን ሳሮትꬅ ይንትስ ማቀ።
2f0103008e	ማሮትꬅ አደስ፥ ኡባ ዎደ ኑና ምንꬅꬅዘ ጾዘስ፥ ኑ ላꬄ የሱስ ክርስቶሳ አደስ ጋላታ ማቀ።
2f01040095	ጾዚ ኑስ እንግደ ምንꬅꬅተ፥ ማꬋ የዙንꬃና ኑ ምንꬅꬆደ ፋና ጾዚ ኑና ኑ ማꬍተ ኡባ ምንꬅꬃነ።
2f0105007d	ኑኒ ክርስቶሳራ ጋማ ማꬍተ ሻክንትዳን ጋራ ማህ ኑኒ ኤ ጋማ ምንꬅꬅተ ምንጎዳ።
2f010600f9	ኑኒ ማꬋ ኤክኮ ይና ይንታና ምንꬅꬆደስን ይንታና አሾደስ። ማህ ኑኒ ሚንግኮ ኑኒ ገንጭደ ማꬍት ፋና ይንትን ገንጭ፥ ጾዚ ይንትስ እንግዘ ምንꬅꬅተ ምንጎዳ።
2f0107009a	ይን ኑ ኤክደ ማꬍት ጋር ኤኪ፥ ኑ ምንꬅꬅተ ሻክንቶዳኖ ኑ ኤርዘ ግሾ ኑ ኡፋይስታ ይን ግዳ ምንꬅ።
2f010800ef	ኑ እሹንꬆ፥ እስያ ጋደ ኑና የልደ ማꬍቶ ይን ኤሮደ ጋር ኮያነ። ይና ኑና የልደ ማꬍታ ኑ ዎልቂትፓ ዴጽን፥ Ꮉይቂካይዛራ አቶስ ጋእ ኡፋይስ ጋችዳ የሻ።
2f010900d8	ኑኒ ኑላ Ꮉይቆ ፍርዳ ፍርድንትደ ፋና ቆፕዳ። የዝን ኑኒ ኑ ኦምተ ማቅካይዝን፥ Ꮉይቂዱንꬃና ደንꬅዘ ጾዘላ አማንንቶደ ጋር ይና ይእዳ።
2f010a00a1	ጾዚ ይኒ ጋር ኢታ Ꮉይቆፓ ኑና አሽዳ፤ Ꮉተን አሾዳ፤ ቲኖስን ኤ ኑና አሾዳ ጋእ ኤ ግዳ ኡፋይስ ጋዳነ።
2f010b0091	ዎሳራ ኑና ማዶተ። ጋማ ዎሳ ባጋራ ጾዘ ማደ ኑ ደንግዘ ዎደ ጋማ አሱንꬅ ኑ ግሾ ጾዝ ጋላታነ።
2f010c0121	ኑኒ ኑ ጌሽ ዎዝንተ ጬቅንታነ። ኑኒ Ꮉና አላምተ የዝደ የስተ አꬂ ኑ የዝደ የስተ ቱረትꬃራን ሱረትꬃራ ይንታራ የዝዳ። ይናን፥ Ꮉና አላመ ጭንጫትꬅተ ማቅካይዝን ጾዘ አꬎ ኬሃትꬅተ።
2f010d00c4	ኑ ይንትስ ጻፍደ ዳብዳብዛ ይን ናባቦደስን ቆፖደስ ዳንዳእዘባዝ ፋትን መለ ባያ። ይን ኤዛ ቆፖደስ ዳንዳእዛኖ ታ አማናነ።
2f010e00f7	Ꮉተ ይን ኑ ባዝ ኤራꬃር ኤራነ፥ የዝን ቲኖስ ሎይꬂ ኤሮዳኖ ታ አማንንታነ። ኑ ላꬄ የሱሳ ማቅዘ ዎደ ኑኒ ይን ግዳ ጬቅንትዳን ፋና ይንትን ኑ ግዳ ጬቅንቶዳ።
2f010f008e	ይኖ ታኒ ሎይꬂ ኤርደ ግሾ ይን ላምእንꬃ ማድንቶደ ጋር ቲንꬊ ይንታጎ Ꮉማደስ ቆፋ አጭዳ።
2f011000af	ታኒ መቀዶንያ Ꮉንግ የይጋፓ ማቂ ይንታና በአዳ። ታኒ የይጋፓ ይሁዳ Ꮉንግዘ ዎደ ይን ታና ሞይዞዳ ጋእ ቆፕዳ።
2f011100e8	ታኒ ይኖ ጋእተ አኮ ኦቾደስ ቤዛኮ ኤሮሰ አስ አዛነ? ዎይ ታኒ ታ ቆፍቶ አጭዘ ዎደ አስ ቆፋ ጋር፥ ፈቲ ቶሄ «ዬ» ማህ ፈቲ ቶሄ «አደ» ጋዘ አስ አዛነነ?
2f0112008a	የዝን ጾዚ አማንንትዛያ ማቅደ ግሾ ኑ ይንትስ ኦህዘ ቃልታ «ዬ» ዎይ «አደ» ጋዛኖ ባያ።
2f011300bb	ታንን፥ ስላሰን ጢሞትዮሳን ይንትስ ማርክꬍደ ጾዘ ናእ፥ የሱስ ክርስቶሳ ኡባ ዎደ «ዬ» ፋትን «ዬ» ራን «አደራ» ባያ።
2f011400b7	ጾዚ እንጎዳ ጋይደ ኡባ ክርስቶሳ ባጋራ «ዬ» ማቃነ። ኑኒ ክርስቶሳ ባጋራ ጾዛ ቦንቾዳ፥ «አምንኤ» ጋዛና ይኒ ግሾ።
2f01150067	ኑንን ይን ክርስቶሳ ግዳ ሚንግ ኤቆደ ጋር ፋ ኦችትስ ዶርደ ጾዚ።
2f011600a1	ኑኒ ኤ ባዝ ማቅዳኖ ኤርሶደስ ፋ ማህታምቶ ኑላ ጋድዳ፤ ማህ ፋ ጌሽ አያና ቃብደ ማህ ኑ ዎዝንተ ጋድዳ።
2f011700b1	ታኒ ቆሮንቶሳ Ꮉንግካይዛራ አትዳና ይን አዛንካይዛራ አታመ ግሾስ፤ ይና ዎርዶ ማቅኮ ጾዚ ታ ሸምፕቶ ታፓ ኤኮ።
2f011800c7	ይን፥ ይን አማንተ ሚንግ የዘ ግሾ ኑ ይንታና ኡፋይሶደስ ይንታራ ዎላ ኦችዙንꬃና ፋትን ይንታና ዎልቃራ አማንꬅዙንꬃና ባያ።
2f0201007e	ታኒ ላምእንꬃ ይንታጎ Ꮉንጎስ ጋእ ቆፋ አጭዳና ይንታና አዛንꬅካይዛራ አታማ።
2f0202007d	ታኒ ይንታና አዛንꬅኮን ታ አዛንꬅዱንꬅ ይንታፓ መለ ታና ኡፋይሶደስ የዘ ኦደ?
2f0203011e	ታኒ ይንትስ የ ዳብዳብዛ ጻፍዳና፥ ታ ይንታና በአደስ Ꮉንግዘ ዎደ ታና ኡፋይሶደስ ቤዝዘ አሱንꬃላ ታ አዛኖደስ ኮዮሰ ግሾ። ታ ኡፋይትዘ ዎደ ይን ኡቡንꬅን ኡፋይቶዳኖ ታ አማናነ።
2f020400dc	ታኒ ጋማ ዋየን ኡንአን ማህ ጋማ አፉꬃራ ጻፍዳና፥ ይንታና አዛንꬆደስ ማቅካይዝን ታኒ ይንታና ኡባ አኮ ጋር ካꬍዛኮ ይንታና ኤርሶደ ፋና።
2f020500aa	አስ አዛንꬅደ ኦደን የዝኮ ታ ኤላ አፋ ጋንꬆደስ ኮዮስ ፋትን ታና ማቅካይዝን ይንታፓ ጋሙንꬃና አዛንꬅዳ።
2f02060056	ይንታፓ ጋማ አሱንꬅ የ አꬃ ሴርደ ሴረꬅታ ኤስ ማቃዳ።
2f02070092	ይኒ ግሾ፥ የ አꬄ ጋማ አዛኒ፥ ኡፋይስ ጋቻመ ፋና ጨር ይን ኤዛ ማሮደስን ምንꬅꬆደስ ቤዛነ።
2f0208005d	ይን ኤዛ ሲቅዛኖ ማህ ኤስ ቆንጭሳደ ፋና ታ ይንታና ዎሳነ።
2f02090097	ታ የ ዳብዳብዛ ይንትስ ጻፍዳና፥ ይን ፋታንንት፥ ኡባ ባዛ ታስ ኪትንትዛኖ ኤሮደስ ኮይደ ግሾ።
2f020a0095	ይን ማርዘ አꬃ ታንን ማሮዳ። ታኒ ማሮደባዝ አኮ የዝኮን፥ ክርስቶሳ ቲኖ ይን ግሾ ጋእ ማርዳ።
2f020b0062	ታ ይኖ ኦችዳና ጻላሄ ገነ ኦቻ ኑ ኤርዘ ግሾ ጻላሄ ጭማመ ፋና።
2f020c008e	ታኒ ክርስቶሳ ዎንገለ ሳባኮደስ ጢሮአዳ Ꮉንግደ ዎደ ላꬂ እዘ ታስ ኦቻ ኦገ ጊግዚ ጋድዳ።
2f020d00d1	የዝን ታኒ ታ እሸ ትቶ እዘ ደንግካይዘ ግሾ ታ ዎዝንታ ሸምፕካያ። ይኒ ግሾ፥ እዘ የዘ አሱንꬃና ሳሮꬅ ኤዛ ኮዮደስ መቀዶንያ ቅትዳ።
2f020e00e9	የዝን ክርስቶሳ ባጋራ ኡባ ዎደ ኑና ጋመራ ካልꬅዛያን ሽቶ ፋና ሳውዘ ክርስቶሳ ባዝ ኑ ኤርዘ ትምርትቶ ኡባ በሳ የልꬆደ ጋር ኦችዘ ጾዛ ጋላታ የሎ።
2f020f0097	ኑኒ አትዘ አሱንꬅ ግዳን ꬋብዘ አሱንꬅ ግዳ ክርስቶሳ ባጋራ ጾዝስ እንግንትደ ሳውዘ ሽቶ ፋና።
2f021000db	ꬋብዘ አሱንꬅስ Ꮉይቆስ ካንግዘ Ꮉይቆ ዜቆ፤ ማህ አትዘ አሱንꬅስ ደኦጎ ካንግዘ ደኦ ሳዎ፤ ዬዝን፥ ይኒ ጋርዘ ኦቻስ ቤዝዘ አስ ማቃደ ኦደ?
2f021100ea	ኑኒ ጾዘ ቃላ ትርፈ ደንጎደስ ኮይ ቡቁꬅ ዛልእዘ ጋማ አሱንꬅ ጋር ባያ። የዝን ጾዚ ኪትደ ሉለ አሱንꬅ ፋና ክርስቶሳ ግዳ የዚ ጾዘ ቲንተ ቃላ ኦህነ።
2f030100ab	ኑኒ ማህ ኑና ናሾነነ? ዎይ መለ አስ ጋር፥ ጋላታ ዳብዳብዛ ይንትስ ዳኮደስ ዎይ ይንታፓ ኤኮደስ ኑና ኮሻነነ?
2f03020071	አስ ኡባ ይንታና ኤሮደ ፋናን ናባቦደ ፋና ይን ኑ ዎዝንተ የዘ ዳብዳበ።
2f030300e3	ይን ቃላመራ ማቅካይዝን ደኦ ጾዘ አያናራ፥ ሹቻላ አፋ ማቅካይዝን አስ ዎዝና ጻፍንትዱንꬃናን ኑራ ማድንትደ ክርስቶሳ ዳብዳበ ማቅዛኖ ቤዝዳ።
2f03040064	ኑ ይኖ ጋይዳና፥ ክርስቶሳ ባጋራ ጾዘ ግዳ አማኖ ኑስ የዘ ግሾ።
2f0305008a	ኑ ይኖ ኦቾደስ ዳንዳእዳና ጾዘ ዎልቃራ ፋትን ኑኒ ኑ ዎልቃራ አኮን ኦቾደስ ዳንዳኦስ።
2f03060103	ኑ ክለ ጫቆስ ኪትንትዙንꬄና ማቃደ ፋና ኑና ዪዝዳ። ይና ክለ ጫቅታ ጌሽ አያናራ በንትዳ ፋትን ጻፍንትደ ህገ ግዳ ባያ። ህገ ዎꬋነ፥ የዝን ጌሽ አያና ደኦ እንጋነ።
2f03070169	ሹቻላ አፋ ጻፍንትደ ህግታ እንግንትደ ዎደ ጾዘ ቦንችታ ቆንጭዳ። ሙሴ ስንተ የዘ ቦንችታ ꬋብተር Ꮉንግዘባዝ ማቅኮን፥ እስራኤለ አሱንꬅ ኤ ስንቶ ዳኪ በአደስ ኡን ዳንዳእካያ። ይኬ፥ Ꮉይቆ ክእዘ ህገ ይኒ ጋር ቦንቾራ ቆንጭኮ፥
2f03080059	ዬዝን፥ ጌሽ አያናራ ኦችንትዘ ኦቻ ቦንችታ ዋይዝ አꬎሶ?
2f03090090	አሳላ አፋ ፍርዳ ክእዘ ህገ ቦንቾ ማቅኮ ዬዝን፥ አስ ጽልዘ ክለ ኦገ ዋይዝ አꬊ ቦንችንቶሳ?
2f030a0088	ዛጋ ቦንቾ ማቅዳኖ Ꮉተ አꬍዘ ቦንቾራ የልꬅ በእዘ ዎደ ዛጋና ቦንቾ ባይዘ ባዝ ማቅዳ።
2f030b0091	ኤራꬅ ዎደስ በንቲ ሱባፓ ꬋብዳና Ꮉኒ ፋና ቦንችንትኮ፥ መዽና የዛና ዋይዝ አꬊ ቦንችንቶሶ?
2f030c0052	ኑስ Ꮉኒ ጋር ኡፋይስ የዘ ግሾ ዬልꬍካይዛራ ኦህነ።
2f030d0098	ኑኒ፥ እስራኤለ አሱንꬅ ꬋብተር Ꮉንግዘ ቦንችት ፎልቶ ባአመ ጋር ፋ ስንቶ ጎዝደ ሙሴ ፋና ባያ።
2f030e00f0	የዝን ኡን ዎዝንታ ዶጭዳ። Ꮉይኖ የሎደስ ኡን ጋልአ ጫቆ ናባብዘ ዎደ ኡን ዎዝንታ ይና ጎዝꬅተ ጎዝንቲ የነ። ይና ጎዝꬅታ ክርስቶሳር ጻላላ ጋርንታነ።
2f030f0085	የዝን Ꮉይኖ የሎደስ ኡን ሙሴ ማጻፈ ናባብዘ ዎደ ኡባ ይና ጎዝታ ኡን ዎዝንቶ ጎዛነ።
2f0310005f	የዝን ኦደን ላꬃጎ ማቅዘ ዎደ አይደን ይና ጎዝታ ጋርንታነ።
2f0311004c	ላꬂ አያና፤ ላꬄ አያና የዘ በስተ ዋሎትꬅ የነ።
2f031200b7	ኑኒ ኡቡንꬅ ጎዝንትካይዘ ስኖራ ላꬄ ቦንችቶ በአዳ። ኑኒ አያና ማቅደ ላꬄ ብሽቶ አዞደስ ቦንቾፓ ቦንቾ ላምንቶዳ።
2f04010071	ይኬ፥ ጾዚ ፋ ማሮትꬅተ Ꮉና ኦችቶ ኑስ እንግደ ግሾ ኑኒ ኡፋይስ ጋቾስ።
2f040200f1	ኑኒ ኣችቻን ዬልዘ ኦቻ ኡባ አሽዳ፤ ዉጨ ኦቻ ኦቾስ፤ ጾዘ ቃላ ዎርዶራ ዎርቆስ። ቱርቶ ቆንጨ ኦህተ፥ አስ ኡባ ዎዝና ኑና ኤኮደ ፋና ጾዘ ቲኖ ኑና ሺሾዳ።
2f04030079	ኑ ኦህዘ ዎንገልዘ ጌንግደ ባዝ ማቅኮን፥ ገንግዳና ꬋበ ኦገ የዘ አሱንꬅስ።
2f040400cc	Ꮉና አላምቶ አህዘ ጾዘ አማኖሰ አሱንꬅ ዎዝንቶ ጎዝዳ። ኡን ጾዘ ብሻራ ቆንጭደ ክርስቶሳ ቦንቾ ዎንገለ ፎእቶ በአመ ጋር ካይዳ።
2f04050096	ኑኒ፥ የሱስ ክርስቶሳ ላꬂ ማቅዳኖን ኑ ኤ ግሾ ይን ኦቻንቾ ማቅዛኖ ኦህነ ፋትን ኑ ባዝ ኦሆስ።
2f040600be	«ፎኦ ꬉማ ግዳ ፎኦ» ጋይደ ጾዘ፥ ክርስቶሳ ስንቶ ፎእዘ ጾዘ ቦንችቶ ኤርዘ ፎእቶ እንጎደስ ፋ ፎእቶ ኑ ዎዝንተ ፎእዝዳ።
2f040700b5	የዝን ኡባፓ አꬍዘ ዎልቃ ኑ ባዝ ማቅካይዝን ጾዘ ባዝ ማቅዛኖ ቤሳደስ Ꮉና ቦንቾ ቆልታ መቂዘ ሚሸ ፋና ኑ ግዳ የነ።
2f0408008c	ኑ ኡባ ባጋራ ዋይንትዳ፥ የዝን መቂካያ። ኑስ ዎርክታ ማቅዳ፥ የዝኮን ኡፋይስ ጋችካያ።
2f0409009e	ኑ፥ ሞርኩንꬃራ ባይእንትዳ፥ የዝን ላገ ꬋብካያ። ኑ ሞርኩንꬃራ ጉዱንቲ ጎልእዳ፥ የዝን ꬋብካያ።
2f040a0076	የሱሳ የእታ ኑ ጋልተ ቆንጮደ ፋና ኤ Ꮉይቅቶ ኡባ ዎደ ኑ ጋልተ ቶኪ ዉታነ።
2f040b009a	የሱሳ ደእታ Ꮉይቅዘ ኑ ጋልተ ቆንጮደ ጋር ፋጻ የዘ ኑኒ ኤ ግሾ ኡባ ዎደ Ꮉይቆስ አꬊ እንግንታነ።
2f040c0050	ይኬ፥ Ꮉይቆ ኑ ግዳ ኦችዘ ዎደ ደኦ ይንግዳ ኦቻነ።
2f040d0096	ጌሽ ማጻፍተ፥ «ታ አማንዳ፤ ይኒ ግሾ ኦህዳ» ያጋእንትዳ። ይኒ ፋና አማኖ ኑስ የዘ ግሾ ኦህነ።
2f040e00a4	ላꬄ የሱሳ Ꮉይቆፓ ደንꬅደ ጾዘ፥ ኑናን የሱሳራ Ꮉይቆፓ ደንꬆዳኖን ይንታራ ዎላ ፋ ቲኖ ሺሾዳኖ ኤራነ።
2f040f00b3	ይና ኡባ Ꮉንዳና ይን ግሾ። ጾዘ አꬎ ከሃትꬅታ ጋማ አሱንꬃና የልዘ ዎደ አሱንꬅ ጾዘ ቦንቾስ ጋላታ ጋንጎደ ፋና።
2f041000b8	ይኒ ግሾ፥ ኑኒ ኡፋይስ ጋቾስ። ኑ በንትዘ ጋልታ ላቢተራ Ꮉንግዘባዝ ማቅኮን፥ ኑ አያና ጋልታ ቃምተ ቃምተ ክልꬋነ።
2f04110081	Ꮉተስ ኑ ማꬍንትዘ Ꮉና ላፋ ማꬍታ፥ ኡባፓ አꬊ ዳምዘ መዽና ቦንቾ ኑስ እንግሳዳ።
2f0412009d	ኑኒ በንትዘ ባዝ ማቅካይዝን በንቶሰ ባዝ በእነ። በንትዘ ባዝ Ꮉተስ፥ የዝን በንቶሰ ባዝ መꬍናስ።
2f050100ba	Ꮉተ ኑ የዘ ዱንካነ አዝዘ Ꮉና ሳአ አሽታ ዉልእንትኮን፥ አስ ኬጽካይዘ፥ ጾዚ ኬጽደ መዽና ኬꬂ ኑስ ሳሎ የዛኖ ኤራነ።
2f0502005f	ሳሎ ጋላ ማኦደስ አሙꬍተራ Ꮉተ Ꮉና ሳእተ የዝተራ ሼንꬋነ።
2f05030031	ኑኒ ይኖ ማእደ ዎደ ካልꬎኦስ።
2f050400f2	ዱንካነ አዝዘ Ꮉና ሳአ አሽተ ኑ የዝተራ ዴጽን ሼንꬋነ። Ꮉይቅዘ ኑ አሽታ ደኦር ላምንቶደ ፋና ሳሎ ጋላ ማኦደስ ኮያነ ፋትን አሾፓ ሻክንቶደስ ኮይ ባያ።
2f05050085	ኑና Ꮉንስ ጊግዝደ ጾዚ። ማህ ቲኖፓ ዮኦደ ባዝስ ቃብደ ማህ ፋ አያንቶ ኑስ እንግዳ።
2f05060097	ይኒ ግሾ፥ ኑኒ Ꮉና ሳአ አሽትራ የዘ ዎደ ኡባ ላꬃፓ Ꮉኪ የዛኖ ኤርኮን ኡባ ዎደ አማንንቲ የነ።
2f05070042	ኑኒ የዘ አማኖራ ፋትን በእዘ ባዛራ ባያ።
2f0508007a	ኑ Ꮉና ሳአ አሽትፓ ሻክንት፥ ላꬃራ ዎላ የሳደስ አሙꬍዘ ግሾ አማንንቲ የነ።
2f05090091	ይኒ ግሾ፥ ኑ Ꮉና አሽትራ የዝን ዎይ Ꮉና አሽትፓ ሻክንትን፥ ኑ አሞትꬅታ ኤዛ ኡፋይሶደስ።
2f050a00d4	ኑኒ ፈተ ፈተ Ꮉና ሳእተ የዝተራ ሎኦ ማቅኮን ዎይ ኢታ ማቅኮን፥ ኦችደ ኦችትስ ቤዝዘ ፍርዳ ኤኮደስ ክርስቶሳ ፍርዳ ኦይዳ ቲኖ ሺቆዳ።
2f050b011f	ይኬ፥ ኑኒ ላꬄስ ዣሽትዛና አኮስ የዛኮ ኤርዘ ግሾ አሱንꬅ ኑ ኦህዛኖ ኤኮደ ፋና ዞራነ። ጾዚ፥ ኑኒ ኦድ የዛኮ ኑና ኤራነ፤ ማህ ይንትን ይን ዎዝንተ ኑ ኦድ የዛኮ ኤራነ ያጋእ ቆፓነ።
2f050c0113	ዎዝና ግዳ ማቅካይዝን ጨር Ꮉሪ ጬቅንትዘ አሱንꬅስ ማሄ ይን እማደስ ዳንዳኦደ ጋር ይን ኑ ግዳ ጬቅንቶደ ጋር ይንትስ ምክናተ ማቃደስ ኮያነ ፋትን ኑ ኑና ማህ ናሾደስ ኮዮስ።
2f050d0058	ኑ ዣሽትዛ ማቅኮ ጾዘ ቦንቾስ፤ ዎዝናማ ማቅኮ ይንትስ።
2f050e0097	ፈተ ኡቡንꬅስ Ꮉይቂዳያን ኡቡንꬅ ማህ ኤራ Ꮉይቂዳኖ ኑ ኤርዘ ግሾ ክርስቶሳ ሲቅታ ኑና አሃነ።
2f050f00c1	ደኦ የዙንꬅ ይኬፓ ሱባ ፋስ ማቅካይዝን ኡንትስ Ꮉይቅደስን Ꮉይቆፓ ደንድደስ የሳደ ፋና ክርስቶሳ አስ ኡባ ግሾ Ꮉይቂዳ።
2f051000d1	ይኬፓ ሱባ፥ ኑኒ ኦናን አስ ቆፋራ ፍርዶስ። Ꮉንፓ ዛጋ ኑኒ ክርስቶሳን አስ ቆፋ ጋር ፍርድደ ባዝ ማቅኮን፥ ይኬፓ ይኒ ጋራ ፍርዶስ።
2f0511008c	ይኒ ግሾ፥ ኦንን ክርስቶሳ ግዳ የዝኮ ክለ መꬎ፤ ጋልአ መ ትꬅታ አꬍዳ፤ ኡባ ክለ ማቅዳ።
2f051200b7	ይኖ ኡባ ጾዚ ኦችዳ። ኤ ክርስቶሳ ባጋራ ኑና ፋራ ጊግዝዳ። ማህ መሉንꬃና ፋራ ጊግሳደ ጋር ኑስ ጊግዛ ኦቻ እንግዳ።
2f051300a9	ጾዚ ክርስቶሳ ባጋራ አስ ኡባ ፋራ ጊግዛነ። ኡን ናጋርቶ ፋይድካያ፤ ማህ አስ ፋራ ጊግዘ ቃላ ኑስ እንግዳ።
2f051400a6	ጾዚ አስማና ኑ ባጋራ ጼግዘ ግሾ ኑ ክርስቶሳስ ኪትንትደ አስ ጋር ጾዛራ ጊጎተ ጋእ ክርስቶሳ ግሾ ዎሳነ።
2f051500a2	ኑኒ ጾዘ ጽሎትꬅ ክርስቶሳ ባጋራ ኤኮደ ጋር፥ ናጋራ ኤሮሳ ክርስቶሳ ኑ ግሾ ናጋራንቾ አስ ፋና ማህዳ።
2f0601009d	ኑኒ ጾዛራ ዎላ ኦችዘ አስ ማቅዳን ጋር፥ ይን ኤክደ አꬎ ኬሃትꬅቶ ጨር ማሀመ ፋና ኑ ይንታና ዎሳነ።
2f060200b7	ጾዚ፥ «ዎትደ ሳተ ታ ነና ስእዳ፤ አቶትꬅ ቃምተ ነና ማድዳ» ያጋነ። ይኬ፥ ስእዘ ዎድታ Ꮉተ፤ አቶትꬅ ቃምታ Ꮉይኖ።
2f0603005a	ኦደን ኑ ኦችቶ ቦሮደ ጋራን ኑ ግዳ ꬉቡንቶደ ጋር ኮዮስ።
2f06040098	የዝን፥ ኑ ቱሪ ጾዘ ኦቻንቾ ማቅዳኖ ኑ ኦችዘ ኡባ ባዝተ ቤሳዳ፤ ጋማ ማꬋራ፥ ዋየራን፥ ኡንአራ፥
2f06050087	ጋራፍንተራ፥ አጭንተራ፥ እጽንተር ኩምደ ካቻራ፥ ኦች ላበራ፥ ገንቶ ꬋበራ፥ ናየራ፥
2f06060076	ጌሻትꬃራ፥ ኤራትꬃራ፥ ዳንዳአራ፥ ኬሃትꬃራ፥ ጌሽ አያናራ፥ ቱሪ ሲቆራ፥
2f0607008b	ቱሪ ቃላራ ጾዘ ዎልቃራ ኑኒ ኤ ኦቻንቾ ማቅዳኖ ቤዝዳ። ማህ ጽሎትꬅ ኑስ ቶራን ጎንዳለ።
2f060800ad	ኑኒ ቦንችንትዳን ቦርንትዳ፤ ጫዥንትዳን ጋላትንትዳ። ቱሮ ኦህነ፥ የዝን አሱንꬅ ኑና ባልꬅዙንꬃና ጋይዳ።
2f060900cb	ኑ አስ ግዳ ኤርንትደ አስ፥ የዝን ኤርንቶሰ አስ ጋር ማቅዳ። Ꮉይቂዳ ጋእንትዳ፥ የዝን ፋጻ የነ፤ ጉድንትዳ፥ የዝን Ꮉይቂካያ።
2f060a00c8	ኑኒ አዛንኮን ኡባ ዎደ ኡፋይታነ። ኑ ዳሃ የሻ፥ የዝን ጋማ አሱንꬃና ዱርዛነ። ማህ አኮ ባይዘ አስ የሻ፥ የዝን ኡባና ኑ ባዝ።
2f060b006f	ቆሮንቶሳ አሱንꬆ፥ ኑ ይንትስ ጌሽ ኦህዳ፤ ኑ ዎዝንቶ ይንታና ቤዝዳ።
2f060c0071	ይን ኑና ይን ሲቅቶ ቤዛንጽ ካይዳፕ አትን ኑ ኑ ሲቅቶ ይንታና ካይካያ።
2f060d00b9	አደ ፋ ናኡንꬅስ ኦህዛንፋና ታ ይንትስ ኦህነ፤ ኑ ይንታና ኑ ዎዝንቶ ቤዝዳን ፋና፥ ይንትን ይን ዎዝንቶ ኑና ቤዞተ።
2f060e00bb	አማኖሰ አሱንꬃራ ቤዞሰ ኦገራ ዋጽንትፐተ። ጽሎትꬅስን ናጋራስን አኮ የልንተ የዘ? ፎኦስን ꬉማስን አኮ ፈተትꬅ የዘ?
2f060f0086	ክርስቶሳን ጻላሄን የልꬅዘባዝ አኮ? ማህ አማንዛይን አማኖሳይን ዎላ ኮጽዘባዝ አኮ?
2f0610010d	ጾዘ ኬꬅስን ኤቁንꬃራ አኮ ፈተትꬅ የዘ? ጾዚ፥ «ታ ኡን ግዳ የሳዳ፥ ታ ኡን ግዳ በንቶዳ። ታ ኡንትስ ጾዝ ማቃዳ፤ ኡንትን ታ ዎርዣ ማቃዳ» ጋይዳንጋራ፥ ኑኒ ደኦ ጾዘ ኬꬂ።
2f0611008d	ይኒ ግሾ፥ ላꬂ፥ «ኡን ግዳፓ ሻክንት ከዞተ፤ ቱና ማቅደ ባዝ ቦችፐተ፤ ታ ይንታና ኤኮዳ።
2f061200b3	ታ ይንትስ አደ ማቃዳ፤ ይን ታስ ꬊራꬅ ናኡንꬃናን ማች ናኡንꬃናን ማቃዳ፤ ያጋነ ኡባፓ ዎልቃማ ላꬃይ» ያጋይዳ።
2f070100d9	ይኬ፥ ታ ሲቁንꬆ፥ Ꮉና ኡፋይስታ ኑስ ማቅደ ግሾ ኑ አሽቶን ኑ ሸምፕቶ ቱንዘ ባዝ ኡባፓ ኑና ጌሾዳ። ጾዝስ ዣሽቲ ኑ ጌሻትꬅቶ ፎሎ ማሆዳ።
2f0702007f	ይን ዎዝንቶ ኑና ቤዞተ። ኑኒ ኦናን ቆህካያ፤ ኦደስን ኢስካያ፤ ኦናን ጭምካያ።
2f070300e1	ታኒ ይኖ ይንታላ አፋ ፍርዶደስ ጋኦስ። Ꮉንፋ ቲኖ ታ ይንትስ ኦህዳን ጋራ፥ ይን ኑ ዎዝንተ የነ፤ ኑ ፋጻ የዝኮን Ꮉይቂኮን ይንታፓ ሻክንቶስ።
2f07040081	ይንታላ ታስ የዘ አማንታ ዳማ፤ ታ ይንታራ ምንጋነ፤ ኑ ማꬍተ ኡባ ዎደ ኡፋይታነ።
2f070500b6	ኑኒ መቀዶንያ የልደ ዎደ ኡባ ባጋራ ዋይንትዳ ፋትን ሸምፕካያ። ባለራ ሞርኩንꬃራ፥ ኑ ግዳር ዣሽሞራ ኡንእንትዳ።
2f07060064	የዝን አዛንዱንꬃና ምንꬅꬅዘ ጾዘ፥ ትቶ የእተ ኑና ምንꬅꬅዳ።
2f07070104	ኑና ምንꬅꬅዘ ትቶ የእቶ ጻላላ ማቅካይዝን ይንትን ኤዛ ምንꬅꬅዳኖ ስእዳነ ጉጂ። ይን ታና አሙꬍዛኖ፥ ታስ አዛንዛኖ ታስ ቆፕዛኖ ታ ስእደ ዎደ ታና ጋማ ኡፋይስዳ።
2f070800c5	ታ ዳብዳብዘ ይንታና አዛንꬅኮን አኮስ ታ ጻፍነ ጋእ ቂርꬎስ። ታ ቂርꬍዳና ታ ዳብዳብዘ ይንታና ኤራꬅ ዎደስ አዛንꬅደ ግሾ።
2f07090122	Ꮉተ ታኒ ኡፋይትዳና፥ ታ ይንታና አዛንꬅደ ግሾ ማቅካይዝን ይን አዛንታ ይንታና ይን ናጋርትፓ ማህደ ግሾ። ጾዚ ፋ ቆፍት ጋር ይንታና አዛንꬅዳ ፋትን ኑ ይንታና አኮ ባዛራን ቆህካያ።
2f070a00bc	ጾዚ ኮይዘ አዛኖ፥ አቶትꬃጎ የልꬅዘ ናጋራፓ ማቀ ከእነ፤ ኤ ግዳ ቂርዘባዝ ባያ። የዝን Ꮉና ሳአ አዛንታ Ꮉይቆ ከእነ።
2f070b01b9	ይን አዛንታ ይን ግዳ አፍዝደ ኣፍቶ ቦኦተ። ይና አዛንታ ይንታና አኮ ጋር ደንꬅ ዛኮ አኮ ጋር ማሄ እንገዛኮ፥ አኮ ጋር ኤልሲ ካጭዛኮ፥ አኮ ጋር ዣሽዘዛኮ፥ አኮ ጋር ሱክዘዛኮ፥ አኮ ጋር ታስ ቃናትዘዛኮ፥ አኮ ጋር ሴርꬅ ካልꬅዛኮ ቦኦተ። Ꮉና ኡባነ ይን ጌሽ ማቅዛኖ ማርክꬍዝዳ።
2f070c0101	ይኒ ግሾ፥ ታኒ Ꮉይ ዳብዳቢዛ ይንትስ ጻፍዳና፥ ቆህዘ አꬃ ዎይ ናቂንትደ አꬄ ግሾ ባያ። የዝን ይን ኑስ አኮ ጋር ቆፕዛኮ ጾዘ ቲኖ ይን፥ ይንታና በአደ ጋር ጻፍዳ።
2f070d00b6	ኑኒ ሚንግዳንፓ አꬊ ትቶ ደንግዳነ ኡፋይትዳ። ኑ ኡፋይትዳና አꬊ፥ ይን ትቶ ኡፋይስዳነን ኤ ዎዝንቶ ሸምፕዝዳነ።
2f070e00e1	ታኒ ይንታና ናሺ ኤስ ኦህን ይን ታና ዬልዝካያ። ይኒ ግሾ ኑኒ ኡባ ዎደ ይንትስ ቱሮ ኦህነ፤ ይኒ ጋራ ኑኒ ትቶ ቲኖ ይንታና ናሽዳና ቱሮ ማቅዳ።
2f070f00b7	ይን ኤስ ዣሽሞራ ጎቂ፥ ኤዛ ሞክዳኖ ማህ ኤስ አኮ ጋር ኪትንተዛኮ ኤ ቆፕዘ ዎደ ይንትስ የዘ ሲቅታ ሚንግተ Ꮉንግዳ።
2f0710004f	ታኒ ኡባ ባዛ ይን ግዳ አማንንትዘ ግሾ ኡፋይታነ።
2f08010095	ኑ እሹንꬆ፥ ጾዚ መቀዶንያ የዘ ዎሳ ኬꬁንꬅስ እንግደ አꬎ ኬሃትꬅቶ ይን ኤሮደ ጋር ኑ ኮያነ።
2f080200c1	ኡን ዳማ ማꬋራ ፋታንንትዳ፥ የዝን ኡን ኡፋይስታ ዎልቃማ። ኡን ዳሃትꬅትስ ዉዙላ ባያ፥ የዝን አꬂ እንገራ ጋማ ዳልግዳ።
2f0803006d	ኡን ፋ ዎልቂት ጋራን ፋ ዎልቂትፓ ኣꬍዛኖ ካꬊ እንግዳንስ ታ ማርካ።
2f08040062	ኡን ጾዝ አስ ማድዘ ሎኦ ኦቻ ኑራ ኦቾደስ ኮይ ኑና ጋማ ዎስዳ።
2f080500a0	ኡን ኑኒ ቆፕዳንፓ አꬂ ኦችዳ። ቲንꬊ ፋና ላꬅስ እንግዳ፤ ካሊ፥ ጾዘ ቆፋ ጋር ኡን ፋና ኑስ እንግዳ።
2f08060099	Ꮉና ዳልጋ ኦችቶ አይክደ ትቶ ጉጂ ኦቾደ ጋራን ይንታና ማዲ፥ ይና ኦችቶ ፎልሳደ ጋር ኤዛ ዎስዳ።
2f080700f0	የዝን ይን ኡባባዝተ፥ አማኖራ፥ ኦሄራ፥ ኤራትꬃራ፥ ዳማ አሞራ፥ ኑና ሲቆራን ኡባባዝተ ዱርꬍዳን ፋና Ꮉና ሎኦ ኦችተን ይን ዳልጋ ማቃደ ጋር ኑ ኮያነ።
2f080800ae	ታኒ ይኖ ኪቶደስ ጋኦስ። የዝን መሉንꬅ ዳማ አሙቶ ይን ሲቆራ የልꬅ ብእ ይን አኮ ፋና ቱሮ የዛኮ ኤሮደስ ጋነ።
2f080900c4	ይን ኑ ላꬄ የሱስ ክርስቶሳ አꬎ ኬሃትꬅቶ ኤራነ። ክርስቶሳ ዱረ ማቂ በቲ፥ ይን ኤ ዳሃትꬅተ ዱርꬋደ ጋር ይን ግሾ ዳህꬍዳ።
2f080a00c9	ታኒ Ꮉና ኦህተ ይንታና ማድዘ ዞረ ዞሮደስ ኮያነ። ይን ኦማ በረ እማደስ ጻላላ ማቅካይዝን ይኖ ኦቾደስ አሞትꬃራን ይን ቲናነ።
2f080b00b2	ይን ኦቾደስ አይክደ ኦችቶ Ꮉተ ፎሎተ። ይን ይንትስ የዛን ጋር እንግኮ፥ ይና ይን እንጎደስ ቆፕዳኖ ቱሮ ማህነ።
2f080c00d3	ፈቲ አስ እንጎደስ አሙꬍኮ፥ ኤ እሞታ ጾዘ ቲኖ ኤክንትዛና፥ ኤ ፋስ የዛን ፋና እንግኮ ፋትን ባይዘ ባዛፓ እንጎደስ ኡንእንትን ባያ።
2f080d00a7	ታኒ ይኖ ጋዛና፥ ይን ኡባና ፈቲ ልከ ማቃደ ጋር ጋእ ፋትን መሉንꬅ ማꬍትፓ ሸምፕን ይን ማꬍꬋደ ጋር ባያ።
2f080e00d7	ይን ማꬍꬍዘ ዎደ ኡንትስ ጋንግዳንፓ ይን ማꬍትስ ማቃደ ፋና Ꮉተ ይንትስ ጋንግዳና ኡን ማꬍትስ ፌዣነ። ይኒ ፋና ይን ግዳ ዎልከ ማቃዳ።
2f080f008f	ጌሽ ማጻፍተ፥ «ጋማ ሺሽደስ ትርፍካያ፤ ኤራꬅ ሺሽደስ ፋጭካያ» ጋእንት ጻፍንትዳን ጋር።
2f0810006f	ኑ ይንትስ ቆፕዛንጋራ ትቶን ይንትስ ቆፖደ ጋር ኦችደ ጾዘ ጋላትንቶ።
2f0811009b	ትቶ ይንታጎ Ꮉንግዳና፥ ኑ ኤዛ ደንꬅꬅደ ግሾ ጻላላ ማቅካይዝን ኤ ፋ ቆፍተ Ꮉማደስ አሙꬍደ ግሾ።
2f08120071	ዎንገለ ማርክ ራ ዎሳ ኬꬃ ኡባነ ጋማ ኤርንትደ እሻ፥ ኑኒ ትቶራ ዳካነ።
2f081300f8	ይንላ ኑኒ Ꮉና ዳልጋ እሞትꬅቶ ካንግዘ ዎደ ኑራ Ꮉማደ ጋር Ꮉና ዳልጋ ኦችትራ ላꬃ ቦንቾደስን መሉንꬃና ማዶደስ የዘ አሙቶ ቤሳደስ ኤ ዎሳ ኬꬅተ ዶርንትዳ።
2f08140080	Ꮉና እንግንትደ ዳልጋ እሞትꬅቶ፥ ኑ ኦቻላ ፌሽዘ ዎደ ኑና ቦራመ ፋና ናግንቶዳ።
2f08150067	ኑኒ ላꬄ ቲኖ ጻላላ ማቅካይዝን አስ ቲኖን ሎኦ ማቅደ ባዝ ኦቾዳ።
2f081600db	ማህ ጋማ ዎደ ፋታና ግዳ ሚንግ አꬍደ ኑ እሻ፥ ኡንታራ ይንታጎ ክትዳ። ኤ ይንግዳ ሎይꬂ አማንንትዘ ግሾ Ꮉተ ይንታና ማዶደስ ጋማ አሙꬋነ።
2f08170107	ትቶባዝ ኤሮደስ ኮይዛኮ፥ ኤ ይንታና ማዶደስ ታራ ኦችዘ ታ ኦቻ ላገ። መለ እሹንꬅባዝ ማቅኮ ዎሳ ኬꬁንꬅ ኪትዱንꬃና፤ ማህ አሱንꬅ ኡን የስቶ ብእ ክርስቶሳ ቦንቻነ።
2f081800b5	ይኒ ግሾ፥ ዎሳ ኬꬅታ ይን ሲቅቶን ኑ ይንታና አማንንትዛና ቱሮ ማቅዳኖ ቤሳደስ ይን ሲቅቶ Ꮉንꬅ አሱንꬃና ቤዞተ።
2f0901005e	አማንዘ አሱንꬅስ ኬስዘ ሚሸባዝ ታ ይንትስ ጻፎደስ ኮሾስ።
2f0902012d	ይን ማዶደስ ሎይꬂ አሙꬍዛኖ ታ ኤራነ። ይን አካያ አሱንꬅ፥ ኦማ በረፓ አይኪ ማዶደስ ጊግንትዳኖ ታኒ መቀዶንያ አሱንꬅስ ዶና ኩንꬅ ኦህዳ። ይን ዳማ አሞትꬅታ ኡንታፓ ጋሙንꬃና ደንꬅꬅዳ።
2f090300da	Ꮉና ኦችተ ይን ግዳ ኑ ጬቅንትዘ ጬቅታ Ꮉሪ ማቃመ ጋር ቲኖ ይን ባዝ ታ ኦህዳን ጋራ ይን ጊግንቲ ናጎደ ጋር Ꮉንꬅ እሹንꬃና ይንታጎ ኪትዳ።
2f090400be	መቀዶንያ አሱንꬅ ታራ Ꮉንግ፥ ይን ጊግንትካይዛር የሳደር፥ ደንግኮ፥ ኑ ይን ግዳ ዬልꬋዳ፤ ማህ ይን ኑፓ አꬊ ዬልꬋዳ።
2f09050161	ይኒ ግሾ፥ Ꮉንꬅ እሹንꬅ ታፓ ቲንꬊ ይንታጎ Ꮉንግ፥ ይን እንጎዳ ጋይደ እሞትꬅቶ ቲንꬊ ጊግሳደ ጋር ታ ኡንታና ኪትዳ። ታ የእዘ ዎደ ይና እሞታ ጊጊ በቶ። የ ዎደ ይና ኬሃትꬅ እሞታ ዎልቃራ ማቅካይዝን ካ ራ ማቅዛኖ ኤርሳነ።
2f09060063	Ꮉኖ ቲሮተ፤ ኤራꬅ ቡድዘ ኤራꬅ ማጾዳ፤ ጋማ ቡድዘ ጋማ ማጾዳ።
2f090700d4	ጾዚ ኡፋይሳራ እንግዘ አꬃ ካዽዘ ግሾ ዎልቃራ ዎይ ካꬎ ባይዝን ማቅካይዝን ፈቲ ፈቲ አስ ፋ ዎዝንተ ቆፕዳንጋራ ካ ራ እንጎደስ ቤዛነ።
2f090800ab	ኡባ ዎደ ኡባ ባዛ ኮሽዘ ባዝ ኡባ ደንግ ሎኦ ኦቻ ኡባ ኦቾደስ ዳንዳኦደ ፋና ጾዚ ይንትስ ፋ አንጅቶ ጋንꬆዳ።
2f09090081	ጌሽ ማጻፍተ፥ «ኤ ፋ ቆልቶ ዳሁንꬅስ ላልዳ፤ ኤ ጽሎትꬅታ መꬍናስ የሳዳ» ያጋነ።
2f090a00aa	ቡድዘስ ቡዱꬅ፥ ማደስ ካꬃ እንግዘ ላꬄ፥ ይን ቡድዘ ቡዱꬅቶ ጋንꬅ እንጎዳ። ይን ጽሎትꬅ አፍቶን ጋንꬆዳ።
2f090b00e1	ጋማ አሱንꬅ ይን እንግዘ እሞትꬅቶ ኑፓ ኤኪ፥ ጾዝ ጋላቶደ ጋራ፥ ይን ኡባ ዎደ ጋንꬅ እንግዙንꬃና ማቃደ ጋር ጾዚ ይንታና ኡባ ባዛራ ዱርሳዳ።
2f090c00a4	Ꮉና ይን እንግዘ እሞታ አማንዘ አስ ፋጭቶ ኩን ጻላላ ማቅካይዝን አሱንꬅ ጾዝ ጋላቶደስ ምክናተ ማቃነ።
2f090d00f0	Ꮉና ይን ኦችታ ይን አማንቶ ኤርስዝ ክርስቶሳ ዎንገለ ይን አማኒ ኤስ ኪትንቲ ይንትስ የዘ ባዝ ኡንታራን መሉንꬃራ ሻክንትደ ግሾ ኡቡንꬅ ጾዝ ቦንቾዳ።
2f090e0090	ጾዚ ይንትስ እንግደ አꬎ ኬሃትꬅት ግሾ ኡን ይንትስ ጾዝ ዎስተራ ይንታና በአደስ አሙꬋነ።
2f090f0047	ዉዙላ ባይዘ ጾዘ እሞትꬅትስ ጾዚ ጋላትንቶ።
2f0a0100e3	ታ ይንታራ የዘ ዎደ አዳ፥ ማህ ይንታፓ Ꮉክዘ ዎደ ኑላ አፋ ምንጋነ ያጋእንትዳ፥ ጳዉሎሳ፥ ኬሃን አሽከ ማቅደ ክርስቶሳ ሱንꬅተ ይንታና ዎሳነ።
2f0a020128	ታኒ ይንታጎ Ꮉንግዘ ዎደ ኑና አሾ ቆፋራ Ꮉንትዘ አስ ማህ ቆፕዘ አሱንꬃላ አፋ ምንꬂ ቃላራ ኦህንቶደስ ቆፋ አጭዳ። ይንታላ አፋ ይኒ ጋራ ኦህንቶደ ጋር ይን ታና ቆፓመ ፋና ይንታና ዎሳነ።
2f0a03004c	ኑኒ Ꮉና ሳእተ የዝኮን ሳአ አስ ፋና ኦልንቶስ።
2f0a0400a9	ኑ ኦላ ሚሽታ Ꮉና ሳአስቶ ባያ። የዝን ሹች ግንብቶ ላሎደስ ዎልቃር የዘ ጾዘ ቶራ። ቱሮራ ኦልንትዘ ላለን፥
2f0a0500ca	ጾዝ ኤራመ ጋር ደንድዙንꬃናን ቱርራ ኦልንትዘ ኡቱራ ቆፋ ኡባ ኑ ላሎዳ። አስ ቆፋ ኡባ ድእ ክርስቶሳስ ኪትንቶደ ጋር ኑ ዪሳዳ።
2f0a060078	ይን ኪትንትዛና ፎሎ ማቅዘ ዎደ ኑኒ ኪትንቶሱንꬃና ኡባ ሴሮደስ ጊግንቶዳ።
2f0a0700c2	ይን በእዛና ባለራ በንትዘ ባዝ ጻላላ። ኦደን ፋና ክርስቶሳ ባዝ ጋእ ቆፕዘባዝ ማቅኮ፥ ኑንን ክርስቶሳ ባዝ ማቅዛኖ ኤሮ።
2f0a0800da	ላꬂ ታስ እንግደ አደትꬅ ዎልቂተ ጬቅንትኮን ይነ ዬልꬎኦስ። ይና አደትꬅ ዎልቅታ ታስ እንግንትዳና ይንታና ድቾደስ ፋትን ላሎደስ ባያ።
2f0a09005e	ታኒ ታ ዳብዳብተ ይንታና ይርግሳደስ ኮይ ጻፍደባዝ አዝፐ።
2f0a0a00be	ፈቲ ፈቲ አሱንꬅ፥ «ጳዉሎሳ ዳብዳቢታ ዴጾን ዎልቃማ፥ የዝን ኤ ፋ ኦምትስ ኑራ የዘ ዎደ ቦዛ፤ ኤ ኦህታን ፋꬆስ» ያጋነ።
2f0a0b00a2	የንꬅ አሱንꬅ ኑ Ꮉኮ የዛራ ጻፍደ ዳብዳብዘ ካለ ይንታራ የዛራ ኦችዘ ኦችት ግዳ ዱማትꬅ ባይዛኖ ቆፖ።
2f0a0c00b9	ኑኒ ፋና ናሽዘ አሱንꬃራ ኑና ልክሳደስ ዎይ ዎልክሳደስ ኮዮስ። የዝን ኡን ፋና ፋራ ልክዚ ዎይ ዎልክዚ ብእተራ ኤያ።
2f0a0d00aa	የዝን ኑኒ ጾዚ ኑስ እንግደ ዉዝልተ ጬቅንቶዳ ፋትን ዉዙላ ፊንግ ጬቅንቶስ፤ ይና ዉዙልታ ይንታጎን የላነ።
2f0a0e008e	ኑኒ ኮሽዛንፓ አꬂ ጬቅንቶስ፥ የዝን ክርስቶሳ ዎንገለ ቲኒ ይንታጎ የልꬅዳነ ጬቅንታነ።
2f0a0f0105	ኑኒ ጾዚ ኤስደ ዉዙላፓ ፊንግ፥ መሉንꬅ ኦችደ ኦችተ ጬቅንቶስ። ማቆየዝን፥ ይን አማንታ ድጮደ ፋና ጾዚ እንግደ ዉዙልተ ይን ግዳ ኑ ኦችዘ ኦችታ ዳልጎዳ ጋእ ቆፓነ።
2f0a1000b7	ኑኒ መለ አስ ፋ ዉዙልተ ኦችደ ኦችተ ገሊ ጬቅንቶስ፥ የዝን ይንታፓ ፊንግ መሉንꬅስ ዎንገለ ማርክꬋደስ ዳንዳአነ።
2f0a110063	የዝን፥ ጌሽ ማጻፍተ፥ «ጬቂዘ ኡባ ላꬃላ ጬቆ» ጋእ ጻፍንትዳ።
2f0a120053	ላꬂ ናሽዘ አꬃ ፋትን ፋና ፋስ ናሽዘ አꬄ ናሽንቶስ።
2f0b01006c	ታ ኤራꬅ ኤያትꬅቶ ይን Ꮉተን ዳንዳኦዳ ጋእ ቆፓነ፤ አደ ዳንዳኦተ።
2f0b0200d8	ጾዚ ይንታና ቡዞ ማሆደስ ቆፕዳንጋራ፥ ታንን ይንትስ ቆፓነ። ታኒ ይንታና ጌሽ ዉዱርትጋራ ፈቲ ꬊራ ፥ ክርስቶሳስ እንጎደስ ኦጪ ጋድዳ።
2f0b0300d9	የዝን ሾሽ ፋ ገነራ ሄዋኖ ባልꬅዳንፋና ኦደ ኤርዘ ይን ዎዝንታ ኢቲ ክርስቶሳስ የዘ ይን ሱረትꬅቶን ጌሻትꬅቶ ላሞድ የሳነ ጋእ ይርጋነ።
2f0b040113	ፈቲ አስ ይእ፥ ኑኒ ይንትስ ማርክꬍደ የሱሳፓ መለ የሱሳ ይንትስ ማርክꬍኮ፥ ዎይ ይን ኤክደ አያንዘፓን ዎንገልዘፓን መለ አያናን ዎንገለን ይንትስ ኦህኮ፥ ስእ ጋእ አꬃነ።
2f0b050056	የዝን ታኒ የሱሳ «ዳማ ሐዋሩንꬃፓ» ላፋነ ጋእ ቆፖስ።
2f0b06009c	ታኒ ኦሄ ኤሮሰ አስ ማቅኮን፥ ኤራትꬅ ታስ የነ። ይኖ ታ ይንትስ ጋማ ኦገራን ጋማ ባዛራ ቆንጭዝዳ።
2f0b0700a3	ታኒ ሚሸ ኦጭካይዛራ ጾዘ ዎንገለ ይንትስ Ꮉሪ ኦህዳናን ይንታና ꬎቅ ዪዚ ታና ቶችዳና ታስ ናጋራ ማቃነ?
2f0b080056	ታኒ ይንትስ ኦቾደስ መለ ዎሳ ኬꬃፓ ሚሸ ቦንቂ ኤክዳ።
2f0b09011c	ታ ይንታራ የዘ ዎደ ታና ማꬍኮን ይንታፓ ፈቲ አስን ዋይስካያ። መቀዶንያፓ ይእደ አማንዙንꬅ ታና ኮሽዘ ባዝ ኡባ ማድዳ። Ꮉይኖ የሎደስ ታ ይንትስ ቶፎ ማቅካያ ቲኖስን ቶፎ ማቆስ።
2f0b0a0074	ክርስቶሳ ቱረትꬅታ ታ ግዳ የዝን፥ ታ ጬቅቶ አካያ ጋደ ታና ኦደን ካዮስ።
2f0b0b0079	ታ Ꮉኖ አኮስ ጋኤ? ይንታና ካꬎኦሰ ግሾስነ? ታኒ ይንታና ካꬍዛኖ ጾዚ ኤራነ።
2f0b0c00a6	«ኑንን ይን ፋና ኦቻነ» ጋእ ጬቂዘ Ꮉንኮ ሐዋሩንꬅ ጬቆ ምክናቶ ꬋብሶደስ Ꮉተ ታ ኦችዛኖ ቲኖስን ኦቾዳ።
2f0b0d0095	Ꮉኒ ጋርዘ አሱንꬅ ክርስቶሳ ሐዋረ አዞደስ ፋና ላምዘ ዎርዳንቾ ሐዋሩንꬃናን ጭምዘ ኦቻንቾ።
2f0b0e0085	ይና ዳማ ቆፍዘ ባዝ ባያ፤ አኮስ ጋይኮ፥ ጻላሄ ፎኦ ኪታንቾ ፋና ይአደስ ፋና ላማነ።
2f0b0f00c3	ይኒ ግሾ፥ ጻላሄ ኦቻንቹንꬅ ጽሎትꬅ ኦቻንቾ ፋና ይአደስ ፋና ላምኮ ይና ዳማ ባዝ ባያ። ኡን ዉርሱꬅተ ፋ ኦችትጋራ ኤኮዳ።
2f0b1000af	ኦደን ታና ኤያ ጋእ ቆፓመ ፋና ማህ ኦህነ። ታ ይንትስ ኤያ አዝኮን ታ ኤራꬅ ጬቅንቶደ ፋና ታና ኤያ ማህ ኤኮተ።
2f0b110077	ታኒ Ꮉንጋራ ጬቅንቲ ኦህዘ፥ ላꬄ ኮይዛንጋራ ማቅካይዝን ኤያትꬃራ ኦህነ።
2f0b12005f	ጋማ አሱንꬅ Ꮉና ሳአ ባዝተ ጬቅንትዘ ግሾ ታንን ጬቅንቶዳ።
2f0b13005c	ይን ዎዝናማ ማቅደ ግሾ ኤያ አስ ባዝ ኡፋይሳራ ዳንዳአነ።
2f0b1400df	ኦደን ይንታና አርዝኮ ዎይ ይንታና ቦንቅኮ ዎይ ፋስ ማድንቶደስ ይንታጎ ሺቅኮ ዎይ ይንታላ አፋ ኡቱርትኮ ዎይ ይንታና ባቂኮ ይን ዳንዳአነ።
2f0b1500e4	ኑኒ ይኖ ኦቾደስ ጋማ ቦዛ ማቅዛኖ ዬልꬍተራ ታ ኦህነ። የዝን ኦደን ሚንግ ጬቂንትኮ፥ ታንን ጬቂንቶደስ ምንጋነ። ታኒ ይኖ ኤያ አስ ፋና ኦህነ።
2f0b1600a6	ኡን ዕብራዌ? ታንን ዕብራዌ። ኡን እስራኤለ? ታንን እስራኤለ። ኡን አብራሃማ ኮቾ? ታንን አብራሃማ ኮች።
2f0b17010e	ኡን ክርስቶሳ ኦቻንቾ? ታኒ ዣሽትዘ አስ ጋር ኦህነ፥ ኡንታፓ አꬍዘ ክርስቶሳ ኦቻንቾ። ታኒ ኦቻራ ጋማ ላቢዳ፤ ጋማ ዎደ አጭንትዳ፤ ጋራፍንትዳ፤ ጋማ ዎደ Ꮉይቆፓ አትዳ።
2f0b180054	አይሁዱንꬅ ታና Ꮉስታም ኡዱፉን እችን ቶሄ ጋራፍዳ።
2f0b1900bd	Ꮉይꬕ ቶሄ ጉፈራ ጉድንትዳ፤ ፈቲ ቶሄ ሹቻራ ꬎግንትዳ፤ ማርካበ Ꮉይꬕ ቶሄ መቂዳ፤ አባ ግዳ ፈቲ ቃማ ኩሙꬅ አቂ ፌዥዳ።
2f0b1a013d	ታኒ ጋማ ኦገ ላቢ የꬍዳ። ክጻ Ꮉꬃፓን ፋኖፓ አትዳ። አይሁዱንꬅን አይሁደ ማቆሰ አሱንꬅ ታላ አፋ ማꬋ የልꬅዳ። ካታማ፥ አኮ ባይዘ ጋናሳ፥ አባ፥ ታና ዣሽዳ፤ አማንዘ ፋና አዝዘ አሱንꬅ ታና ዋይꬅዳ።
2f0b1b008c	ታኒ ኦቻራ ላቢዳ ጫውዳ፥ ጋማ ቶሄ ገንቶ ꬋብዳ፥ ናይꬍዳ፥ ባርꬍዳ፥ ጭሽትዳ፥ ካልꬍዳ።
2f0b1c0063	መለባዝ ኡባ ፋይድካይዛራ ኡባ ዎደ ታና ቆፍዛና ዎሳ ኬꬅ ባዝ።
2f0b1d0095	ፈቲ አስ ላቢዘ ዎደ ኤራ ታ ላቢካ? ፈቲ አስ ናጋራራ ꬉቡንትዘ ዎደ ታ አይደ ሸንꬍካይዛራ አሽዶ?
2f0b1e007c	ታ ጬቅንቶደስ ኮሽዘ ባዝ ማቅዛኮ ታኒ ላቢዳ ማቅዛኖ ኤርስዘ ባዛራ ጬቅንቶዳ።
2f0b1f0082	መꬍናስ ቦንችንትደ ጾዘ፥ ኑ ላꬄ የሱስ ክርስቶሳ አዳይ፥ ታ ዎርድꬎኦሳኖ ኤራነ።
2f0b20009d	ዳማስቆ ካታማ አረታሳ ጋዘ ካትዘፓ ኦሞር አህዘ ታና አይꬆደስ ኮይ ዳማስቆ ካታማ ፉርꬅቶ ናግዛነ።
2f0b210095	የዝን አሱንꬅ ታና ዳቾ ግዳ ኦሊ፥ ካታማ ሹች ግንብትስ ማስኮተራ ኬꬅን ታኒ ኤ ኩሽትፓ አትዳ።
2f0c010085	ጬቅንተ ፋꬆሳኖ ታ ኤራነ። የዝን ጬቅንቶደስ ኮሽኮ፥ ላꬃፓ ኤክደ ቆንጭꬅተ ጬቆዳ።
2f0c0200e9	ታጶ ኦይዲ በረፓ ቲኖ፥ ክርስቶሳ አማንዘ ፈቲ አꬄ Ꮉይꬓንꬆ ሳሎ ኤክንትዳኖ ታ ኤራነ። የ አꬄ አሾራ ዎይ አሾ ባይꬅ ቅተዛኮ ታ ኤሮስ፤ ጾዚ ኤራነ።
2f0c030092	የ አꬄ ኤክንትዳኖ ኤራነ። የዝን ኤ አሾራ ዎይ አሾ ባይꬅ ኤክንተዛኮ ታ ኤሮስ፤ ጾዚ ኤራነ።
2f0c040076	የ አꬄ ጋናተ ኤክንቲ አስ ቆንጭሳደስን አስ ኦሆደስ ዳንዳኦሰ ባዝ ስእዳ።
2f0c05007f	ታኒ የ አꬄራ ጬቅንቶዳ፥ ፋትን ታኒ ታ ላብꬅቶ ፋትን ታ ግዳ ጬቅንትዘ ባዝ ባያ።
2f0c0600d9	ታኒ ቱርቶ ኦህንትዛን ግሾ ጬቅንቶደስ ኮይኮን ኤያ ባያ። የዝን አስ ታ ኦችዛኖ በእዛንፓን ስእዛንፓ አꬂ ቆፓመ ጋር ጋእ ጬቅንተ አሻነ።
2f0c0700ab	ታስ ቆንጭደ ዳማ ቆንጭꬅተ ታ ኡቱርታመ ጋር ታና ዋይሶደስ ታ አሽቶ ዡልትዘ ጻላሄ ኪታንቾ ታስ እንግንትዳ።
2f0c08005a	Ꮉይ ዋይꬅዛያ ታፓ Ꮉሶደ ጋር ታኒ ላꬃ Ꮉይꬕ ቶሄ ዎስዳ።
2f0c0900fc	የዝን ላꬂ፥ «ታ ዎልቅታ ነ ላብꬅትራ ቆንጭዘ ግሾ ታ አꬎ ከሃትꬅታ ኔስ ማቃዳ» ጋይዳ። ክርስቶሳ ዎልቅታ ታ ግዳ ቆንጮደ ጋር ታ ላብꬅተ ኡፋይትተራ ጬቅንታነ።
2f0c0a0104	ታኒ ክርስቶሳ ግሾ ላቢዘ ዎደ፥ ጫዥንትዘ ዎደ፥ ዋይንትዘ ዎደ፥ ባይእንትዘ ዎደ፥ ማꬍንትዘ ዎደ ታ ላብꬅተ ኡፋይታነ። አኮስ ጋይኮ፥ ታ ላቢዘ ዎደ የ ዎደ ምንጋነ።
2f0c0b0130	ታኒ ኤያ አስ ፋና ጬቅንትዳ። ይኒ ጋራ ታ ጬቅንቶደ ፋና ኦችደ ይንታና። ታ፥ ታ ኦምተ ኤርንቶሰ አስ ማቅኮን፥ «ዳማ ሐዋሩንꬃና» ጋእንትዙንꬃፓ ኤሮስ። ይኖ ታስ ማርክꬋደስ ቤዘ ይንታና የሻ።
2f0c0c008c	ታ ይን ግዳ የዝተራ ዳንዳአራ ኦችደ ማላ ባዝታን ክለ ባዝታ ታ ቱሪ ሐዋረ ማቅዳኖ ቤዛነ።
2f0c0d009a	ታ ይንትስ ቶፎ ማቅካይዛራ አትዳንፓ መለ ዎሳ ኬꬃፓ ይን አኮራ ኤርዶ? ይና ባላ ማቅኮ ታና ማሮተ።
2f0c0e0145	ታኒ ይንታጎ Ꮉማደስ ጊግንቶደራ Ꮉና ታስ Ꮉይꬓንꬃ። ታ ይንታና ፋትን ይንትስ የዘ ባዝ ኮዮሰ ግሾ ይንታና ዋይꬆደስ ኮዮስ። የልዱንꬅ ፋ ናኡንꬅስ ቆሎ ምንጃነ ፋትን ናኡንꬅ ፋና የልዱንꬅስ ቆሎ ምንጆስ።
2f0c0f00d0	ታ ይን ግሾ ታስ የዘባዝቶን ታናን አꬂ እንግኮን ታና ኡፋይሳነ። ዬዝን፥ ታኒ ይንታና ይኒ ጋራ አꬂ ሲቅዘ ዎደ ይን ታና ኤራꬅ ሲቃነ?
2f0c1000bb	ማቅኮን፥ ታ ይንትስ ቶፎ ማቅካያ፤ ዋይꬅካያ፤ የዝን ይንታና ጭመራን ገነራን አይክደባዝ ይንትስ አዝካይዛራ አታማ።
2f0c11006b	መለ አቶ የዝን፥ ታ ይንታጎ ኪትደ አሱንꬃፓ ይንታና ጭምደ አስ የነ?
2f0c1200f1	ትቶ ይንታጎ ቅቶደ ጋር ታኒ ዎስዳ፤ ማህ አማንዘ እሻ ኤራ ዳክዳ። ዬዝን፥ ትቶ ይንታና ጭምዳ? ኑኒ ኑ ኦችቶ ፈቲ አያናራ ኦችካነ? ማህ ኑ Ꮉንታን ፈቶ ባነ?
2f0c13010c	ኑ ኡባ ዎደ ይን ቲኖ ኑና ጽልሳደስ ሞትንቶደባዝ ይንትስ አዛነ? ኑ ክርስቶሳ ግዳ የዚ ጾዘ ቲኖ Ꮉኖ የሎደስ ኦህነ። ኑ ሲቆ እሹንꬆ፥ ኑ Ꮉኖ ኡባ ኦችዛና ይንታና ድቾደስ።
2f0c14018b	ታ ይንታጎ Ꮉንግዘ ዎደ ኦደ ኤርደ ይን ታ ኮይዛንጋራ ይአንጽኮ፥ ማህ ታንን ይን ኮይዛንጋራ ይእ የልንታንጽኮ ጋእ ዣሽታነ። ማህ ኦደ ኤርደ ይን ግዳ ላለ፥ ቃናተ፥ ዥሎ፥ ፋና ካ ፥ ዝግርስ፥ አስ ሱንꬅ ኢሰ፥ ኡቱራን ካችን የዛንጽ አታማ ጋእ ዣሽታነ።
2f0c150146	ታኒ ላምእንꬃ ይንታጎ Ꮉንግዘ ዎደ ጾዚ ይን ቲኖ ታና ዬልሳዳ ጋእ ዣሽታነ። ዛጋ ናጋርቶ ኦቺ ይና ፋ ኦችደ ቱናትꬃፓ፥ ኦላለ Ꮉንታፋን ዬልዘ ኦቻፓ ማቅካይዘ አሱንꬃና ብእ አዛንካይዛራ አሾስ ጋእ ዣሽታነ።
2f0d010083	ታ ይንታጎ Ꮉንጎደራ Ꮉና Ꮉይꬓንꬆ። አኮ ሞቶን ላምእ ዎይ Ꮉይꬕ ማርካራ ምንጋነ።
2f0d020126	ታኒ ላምእንꬃ ይንታራ የልንትዘ ዎደ ይን ግዳ ቲኖ ናጋራ ኦችደ አꬃን መሉንꬃና ኡባ ሴርካይዛራ አሾስ ጋእ ኦህ ጋድዳ። Ꮉተ ታ Ꮉኪ የዝኮን ማቂ ይንታጎ Ꮉንግዘ ዎደ ኦደስን ይቅስንቶስ።
2f0d0300b7	ታ ግዳ የዚ ኦህዘ ክርስቶሳ ማቅዛኖ ይን ኤሮደስ ኮያነ። ኤ ይንታራ ኦህንትዘ ዎደ ዎልቃማ ፋትን ይን ግዳ ቦዛ ባያ።
2f0d0400fd	ክርስቶሳ ማስቃላላ አፋ ዋየራ ሱጽንትዳ፥ የዝን ጾዘ ዎልቂተ ደኦ የነ። ኤ ቦዛ ማቅዛንጋራ፥ ኑንን ቦዛ። የዝን ይንታና ማዳደስ ጾዘ ዎልቂተ ኤዛራ ደኦ የሳዳ።
2f0d05010c	አማኖራ ሚንግ የዛኮ ይንታና ይንትስ ፋታኒ ቦኦተ። ፋታንተ ይን ጎልአንጽ አትኮ፥ ክርስቶሳ ይን ግዳ የዛኖ ይን ኤራነ። የዝን ክርስቶሳ ይንታራ የዛንጽኮ ይን ጎልኦዳ።
2f0d06004f	ኑኒ ፋታናራ ጎልአማኖ ይን ኤራነ ጋእ ኑ አማናነ።
2f0d0700e0	ይን ኢታ ባዝ ኦቻመ ፋና ኑኒ ጾዝ ዎሳነ። ኑኒ ምንꬂ ማቅዛኖ አስ በአደ ፋና ማቅካይዝን ኑኒ ምንꬂ ማቃንጽን፥ ይን ሎኦ ኦቾደ ጋር ኑኒ ዎሳነ።
2f0d080075	ኑኒ ቱርስ ኦቻነ ፋትን ቱርራ እጽንትዘባዝ አኮ ባዝን ኦቾደስ ዳንዳኦስ።
2f0d0900a3	ኑ ላቢዘ ዎደ ይን ማህ ሚንጎደራ ኑና ኡፋይሳነ። ይን ቦረ ባይዙንꬃና ማቃደ ጋር ኑ ይንትስ ጾዝ ዎሳነ።
2f0d0a014c	ታኒ ይንታፓ Ꮉኪ የዝተራ ጻፍዳና ይኒ ግሾስ። ታኒ ይንታጎ Ꮉንግዘ ዎደ ላꬂ ታስ እንግደ አደትꬅ ዎልቂተ አማንንቲ ይንታላ አፋ ላꬅꬋደስ ኮዮስ። ላꬂ ታስ ዎልቃ እንግዳና፥ ይንታና ማዶደስ ፋትን ቆሆደስ ባያ።
2f0d0b00eb	ዉርሱꬅተ ታ እሹንꬆ፥ ሳሮ የዞተ። ቦረ ባይꬅ የዞተ፤ ታ ዞርቶ ስኦተ። ፈቲ ዎዝናራ ማቂ የዞተ፤ ሳሮራ የዞተ። ሲቆን ሳሮ እንግዘ ጾዘ ይንታራ ማቀ።
2f0d0c0047	ጌሽ ዬርንተ ዬርንትተራ፥ ፈተ ፈታ ሳርꬆተ።
2f0d0d0042	ጾዘ አሱንꬅ ኡባ ይንታና ሳሮ ሳሮ ያጋነ።
2f0d0e0087	ላꬄ የሱስ ክርስቶሳ አꬎ ኬሃትꬅ፥ ጾዘ ሲቆ፥ ጌሽ አያና ፈተትꬅ ይን ኡቡንꬃራ ማቀ።
300000000c	ጋላትያ
30010100c5	አሳፓ ዎይ አስ ባጋራ ማቅካይዝን የሱስ ክርስቶሳፓን ኤዛ Ꮉይቆፓ ደንꬅደ ጾዘ አደፓ ሐዋረ ማቃደ ጋር ኪትንትደ ታ ጳዉሎሳ፥
300102005f	ታራ የዘ አማንዘ እሹንꬅ ኡባ፥ ጋላትያ የዘ ዎሳ ኬꬁንꬅስ።
300103007a	ጾዘ ኑ አዳይን ኑ ላꬄ የሱስ ክርስቶሳፓ ይንትስ አꬎ ኬሃትꬅን ሳሮትꬅ ማቀ።
30010400a4	Ꮉና ኢታ ዎድትፓ ኑና አሾደስ፥ ኑ ላꬄን፥ ኑ አዳይ ቆፋ ፋና ክርስቶሳ ኑ ናጋርት ግሾ ፋና አꬂ እንግዳ።
3001050051	ጾዝስ መꬍናፓ መዽና የሎደስ ቦንቾ ማቀ። አምንኤ።
30010600b1	ክርስቶሳ አꬎ ኬሃትꬅተ ይንታና ጼግደ ጾዛ አሺ፥ መለ ዎንገለጎ፥ ይን ኤልሲ፥ ዋይዝ ማቀዛኮ ታና ጋማ ቆፍዛነ።
30010700cc	ኤ ፋ ኦምተ መለ ዎንገለ ባያ። ይንታና ባልꬆደስን ክርስቶሳ ዎንገለ ዎቢሳደስ ኮይዘ ኤራꬅ አሱንꬅ የነ ፋትን ቱሪ ዎንገለ ፈቶ።
30010800d4	የዝን ኑና ማቅን ዎይ ሳሎ ኪታንቾ ማቅን ኑ ይንትስ ቲኖ ኦህደ ዎንገለፓ ዱሙዽዘ ዎንገለ ይንትስ ኦህዘ ባዝ ማቅኮ፥ ኤ ባድንትዳ ማቀ።
30010900c6	Ꮉንፓ ዛጋ ኑ ጋይዳንጋራ Ꮉተን ማህ ጋነ፤ ይን ኤክደ ዎንገለፓ ዱሙዽዘ ዎንገለ ኦደን ይንትስ ኦህኮ የ አꬄ ባድንትዳያ ማቀ።
30010a00d7	ዬዝን፥ ታና አስ ዎይ ጾዚ ናሾደ ፋና ኮያነነ? ዎይ ታ አስ ኡፋይሶደስ ኮያነ? ታ አስ ኡፋይሶደስ ኮይዘ ባዝ ማቅኮ፥ ክርስቶሳ አሮ ማቆስ።
30010b007e	ታ እሹንꬆ፥ ታ ይንትስ ኦህዘ ዎንገልታ አሳፓ ማቆሳኖ ይን ኤሮደ ፋና ታ ኮያነ።
30010c0093	ታስ Ꮉይ ዎንገልዛ የሱስ ክርስቶሳ ቆንጭዝዳ ፋትን አሳፓ ኤክካያ ዎይ አስ ታና ታማርስካያ።
30010d00c7	ታ ዛጋ አይሁደ አማኖ የዘ ዎደ ዋይዝ የዘዛኮ፥ ታኒ አማንዙንꬃና ይቅስሞ ባይꬅ ባይአደስን ꬋብሶደስ ቡቱንትዳኖ ይን ስእዳ።
30010e009d	አይሁደ አማኖ ናጎራ፥ ታ ዎደ የዘ አይሁደ እሹንሳፓ አꬋነ። ኑ አዱንꬅ ዎግትስን አꬊ ይቅስንታነ።
30010f0080	የዝን ታ Ꮉጋ ታ እንቲ ሳዝተ የዝን ጾዚ ታና ዶርዳ፤ ፋ አꬎ ኬሃትꬅተ ታና ጼግዳ።
300110009e	አይሁደ ማቆሰ አሱንꬅስ ዎንገለ ኦሆደ ጋር ጾዚ ፋ ናአያ ታስ ቆንጭዝደ ዎደ ታ ኦደራን ዞርንትካያ።
30011100d2	ዎይ ታፓ ቲኖ ሐዋረ ማቅዱንꬃራ የልንቶደስ የሩሳላመ Ꮉንግካያ። የዝን ታ ቲንꬊ አራበ ጋደ ቅትዳ፤ ይንፓ ማቂ ዳማስቆ ካታማ ይእዳ።
3001120089	Ꮉይꬕ በረፓ ሱባ፥ ጴጥሮሳራ የልንቶደስ የሩሳላመ Ꮉንግ ኤራ ታጶ እችን ቃማ ጋምእዳ።
3001130069	የዝን ላꬄ እሸ ያይቆባ ፋትን Ꮉንኮ ሐዋሩንꬃፓ ኦናን ታ ብእካያ።
3001140062	ታ ይንትስ ጻፍዳና ዎርዶ ማቆሳኖ ጾዘ ቲኖ ይንትስ ማርክꬋነ።
3001150048	ይንፓ ሱባ፥ ታኒ ሶርያን ክልቅያ ጋደ ቅትዳ።
3001160042	ይሁዳ የዘ ዎሳ ኬꬅ አሱንꬅ ታና ኤርካያ።
300117009c	የዝን ኡን፥ «ዛጋ ኑና ባይእዘ አꬄ፥ Ꮉተ ይና ኤ ꬋብሶደስ ኮይዘ አማንቶ ሳባካነ» ያጋዛኖ ስእዳ።
3001180038	ስእዱንꬅ ኡባ ታ ግሾ ጾዛ ጋላትዳ።
300201006c	ታጶ ኦይዲ በረፓ ሱባ፥ ማህ ባርናባሳን ትቶ ኤኪ የሩሳላመ Ꮉንግዳ።
3002020133	ታ Ꮉንግዳናን ጾዚ ታስ ቆንጭዝደ ኦገራ። Ꮉንፓ ቲኖ ዛጋ ታ ኦችዳናን Ꮉተ ታ ኦችዛና ጨር ማቃመ ፋና አይሁደ ማቆሰ አሱንꬅስ ሳባክዳ። ዎሳ ኬꬅ ካልꬅዙንꬃና ጋእ ጼግንትዙንꬃና ዱማ ሺሺ ኦህዳ።
3002030087	መለ አቶ የዝን፥ ታራ የዘ ትቶ ግርኬ አስ ማቅኮን፥ ጋራዝንቶደ ጋር ጋእ ኡንእꬅካያ።
30020400b6	የዝን፥ አሮ ኑና ማሆደስን ክርስቶስ የሱሳ ግዳ የዘ ኑ ዋሎትꬅቶ ጌድተራ ኑ ግዳ አችንት ገልደ ዎርዶ እሹንꬅ የነ።
30020500a7	የዝን ቱሪ ዎንገለ ይን ግዳ ሚንግ ጻጲ የሳደ ጋር ኑኒ መለ አቶ የዝን፥ ፈቲ ሳተን ኡንትስ ኩሸ እንግካያ።
30020600e4	የዝን Ꮉላቃ አዝዘ አሱንꬅ ኦደትꬅታ ታስ አኮን ባያ። ጾዚ አስ ስኖ ብእ ፍርዶስ። Ꮉንꬅ አሱንꬅ ታ ማርክꬍዘ ዎንገለላ አፋ ፈቲ ባዝን ጉጅካያ።
30020700fb	የዝን ጴጥሮሳ፥ አይሁዱንꬅስ ዎንገለ ኦሆደ ፋና ጾዚ ኤስ Ꮉዳራ እንግዳንጋር ታስን አይሁደ ማቆሰ አሱንꬅስ ዎንገለ ኦሆደ Ꮉዳራ እንግዳኖ ኡን ሱባፓ ቲርዳ።
30020800b1	ይኬ፥ ጴጥሮሳ አይሁዱንꬅ ሐዋረ ማቃደ ፋና ኦችደ ጾዘ፥ ታናን አይሁደ ማቆሰ አሱንꬅስ ሐዋረ ማቃደ ፋና ኦችዳ።
3002090139	ማህ ታስ እንግንትደ አꬎ ኬሃትꬅቶ ቆፕደ ቱስ ማቂ በንትዘ ያይቆባ፥ ጴጥሮሳን ዋሐንሳ፥ ኑና አይሁደ ማቆሰ አሱንꬃጎ፥ ኡን አይሁደ አሱንꬃጎ ቅቶደስ ታናን ባርናባሳን ማዶደስ ምዛቅ ኩሸ እንግዳ።
30020a008e	ኡን ኑና ምንꬂ Ꮉዳራ ጋይዳና፥ ኑኒ ዳሁንꬅስ ቆፖደ ፋና። ቲኖን ታ ይኖ ኦቾደስ አሙꬋነ።
30020b008a	ጴጥሮሳ አንጾክያ ካታማ ይእደ ዎደ ኤ ባልደ ግሾ ታኒ ኤ ቲንተ ኤቂ «ኔኒ ባልዳ» ጋይዳ።
30020c015d	ያይቆባ ኪትደ ፈቲ ፈቲ አሱንስ አንጾክያ ዮኦደፓ ቲኖ ኤ አይሁደ ማቆሰ አማንዙንꬃራ ሙእነ፥ የዝን ኡን ይእዳንፓ ሱባ፥ «አይሁደ ማቆሰ አሱንꬃፓ አማንዱንꬂ ጋራዝንቶደስ ቤዛነ» ጋዘ አሱንꬅስ ዣሽቲ ኡንታፓ ሻክንትዳ።
30020d009d	ፈቲ ፈቲ አማንደ አይሁዱንꬅ ጴጥሮሳ ኦችተ ካልዳ። መለ አቶ የዝን፥ ባርናባሳን ይና ቆፍተ ጊግዳ።
30020e0178	የዝን ኡን ዎንገለ ቱርራ ሉለ የꬎሳኖ ብእ፥ ጴጥሮሳ አስ ኡባ ቲኖ፥ «ኔኒ አይሁደ ማቅተራ፥ አይሁደ ዎጋ ፋና ማቅካይዝን አይሁደ ማቆሰ አሱንꬅ ፋና የነ፤ ዬዝን፥ ዋይዝ አይሁደ ማቆሱንꬃና፥ ‹አይሁደ ዎጋራ የዞተ› ጋእ ዎልቂ?» ያጋይዳ።
30020f007f	ኑኒ የልንተራ አይሁደ፥ የዝን ናጋራንቾ ማቅደ አይሁደ ማቆሰ አሱንꬅ ፋና ባያ።
3002100134	የዝን አስ የሱስ ክርስቶሳ አማኒ ጽላነ ፋትን ህገ ናጊ ጽሎሳኖ ኤራነ። ኦደን አሾ ማእደ ኡባ ህገ ናጊ ጽሎሰ ግሾ ኑንን ህገ ናጊ ማቅካይዝን ክርስቶሳ ግዳ አማኒ ጽሎደስ ክርስቶስ የሱሳ አማንዳ።
300211011f	ኑ አይሁዱንꬅን ክርስቶሳ ባጋራ ጽሎደስ ኮሻነ። ይኖ ማቅኮ ኑንን መለ አሱንꬅ ፋና ናጋራንቾ ማቅዛኖ በእነ። ዬዝን፥ ኑ ናጋራ ኦቾደ ፋና ደንꬅꬅዘ ክርስቶሳ ጋእንታነነ? ሙሎን ባያ!
300212008a	ይኬ፥ ታ ዉልእዳኖ ማህ ኬጽዘባዝ ማቅኮ ታኒ ታ ኦምተ ህገ መንꬅዛያ ማቅዛኖ ማርክꬋነ።
300213005a	ታኒ ጾዝስ ደኦ ማቂ የሳደ ፋና ህገ ባጋራ ህገስ Ꮉይቂዳ።
3002140116	ታኒ ክርስቶሳራ ማስቃላላ አፋ ሱጹንትዳ። ታኒ ይኬፓ ታስ የዞስ፥ የዝን ክርስቶሳ ታ ግዳ የነ። ታ Ꮉተ አሾራ የዘ የስቶ፥ ታና ካꬊ ታ ግሾ ፋና አꬂ እንግደ ጾዘ ናአ አማኒ የነ።
30021500b2	ታኒ ጾዘ አꬎ ኬሃትꬅቶ ጨር አሾስ። ጽሎትꬅ አስስ ህገ ባጋራ በንትዘ ባዝ ማቅዛኮ፥ ክርስቶሳ Ꮉሪ Ꮉይቂዳ ጋኤ።
3003010100	Ꮉንꬅ፥ ቆፖሰ ጋላትያ አሱንꬆ፥ ይን ኣፍት ቲንተ ክርስቶሳ ማስቃላላ ሱጹንትደ ስእለ ፋና ቆንጪ በንታነ። ዬዝን፥ ቱርስ ይን ኪትንታመ ፋና ይንታና ዶጭዝደ ኦደ?
3003020093	ታ ፈትባዝ ኤሮደስ ኮያነ፤ ይን ጌሽ አያና ኤክዳና ህገ ናግነ ዎይ ዎንገለ ቃላ አማኒ ኤክዳተ?
3003030079	ይን ይኒ ፋና ቆፖሱንꬃና? ይን ጾዘ አያናራ አይኪ፥ Ꮉተ አሾራ ፎሎደስ ኮያነ?
3003040063	ይን ዎንገለ ባጋራ ጋማ ዋይዳና Ꮉሪ? ይና ዋይታ ኡባ ጨር ማቅዳ?
30030500b5	ጾዚ ይንትስ ጌሽ አያና እንግዳናን ይን ግዳ ክሌ ባዝ ኦችዛና፥ ይን ህገ ናግደ ግሾነ ዎይ ዎንገለ ስእ አማንደ ግሾ?
3003060098	አነ አብራሃማ ቦኦተ፥ «ኤ ጾዝ አማንዳ፤ ጾዚ ኤስ ይኖ ጽሎትꬅ ማህ ፋይድዳ» ጋእንት ጻፍንትዳ።
3003070056	ይኬ፥ አማንዙንꬅ አብራሃማ ናኡንꬃና ማቅዛኖ ኤሮተ።
30030800df	ጾዚ አይሁደ ማቆሰ አሱንꬃና አማኖራ ጽልሳዳኖ ቲኖ ጌሽ ማጻፈ ብእ፥ «ዎርዣ ኡባ ኔራ አንጅንቶዳ» ያጋእ፥ ዎንገለ አብራሃማስ ቲንꬊ ኦህዳ።
3003090061	ይኒ ግሾ፥ አማንዘ ኡባ አማንደ አብራሃመራ ዎላ አንጅንቶዳ።
30030a0108	ህገ ናጊ ጽሎዳ ጋዘ ኦደን ባድꬅ ግዳ የነ። አኮስ ጋይኮ፥ ጌሽ ማጻፍተ፥ «ህገ ማጻፍተ ጻፍንትዳነ ኡባ ሚንግ የዞሰን ኦቾሰ ኦደን ባድንትዳያ ማቆ» ጋእንት ጻፍንትዳ።
30030b0091	«ጽሎ አማኖራ የሳዳ» ጋእንት ጻፍንትደ ግሾ ኦደን ጾዘ ቲኖ ህገ ናጊ ጽሎሳና ኤርንትደባዝ።
30030c0073	ህገ አማኖፓ ባያ። የዝን፥ «ህግቶ ናግዘ ኦደን እዞ ካሎዳ» ያጋእንትዳ።
30030d00ce	«ምንጻላ አፋ ሱጹንት Ꮉይቂደ ኦደን ባድንትዳያ» ጋእንት ጻፍንትዳ። ክርስቶሳ ኑ ግሾ ባድንተዛያ ማቂ፥ ኑና ህገ ባድꬃፓ ዎዝዳ።
30030e0103	ጾዚ አብራሃማስ እንግደ አንጅታ፥ የሱስ ክርስቶሳ ባጋራ አይሁደ ማቆሰ አሱንꬃና የሎደ ፋናን ጾዚ እንጎዳ ጋይደ ጌሽ አያና ኡፋይስ አማኖራ ኤኮደ ፋና ይኖ ኦችዳ።
30030f00fa	ታ እሹንꬆ፥ ታ ይንትስ አስ ደኦ ዱሰ ማቂ የዘ ባዝ አዝዘ ማህ ኦህነ። አስ ጫቂደ ጫቅታ ሚንግዳንፓ ሱባ፥ ኦደን ይና ጫቅቶ ሻሮደስ ዎይ መለ ጉጆደስ ዳንዳኦስ።
3003100130	ጾዚ ይና ኡፋይስ ቃልቶ አብራሃማስን ኤ ዛሩንꬅስ እንግዳ። ጌሽ ማጻፍተ፥ ጋማ አስስ ኦህዘ ፋና፥ «ነ ኮቹንꬅስ» ጋኦስ። የዝን ፈቲ አስስ ኦህዘ ፋና፥ «ነ ኮችትስ» ያጋይዳ፤ ኤዝን ክርስቶሳ።
30031100cf	ታኒ ጋዛና Ꮉኖ፤ ኦይዲ ጼት Ꮉስታም በረፓ ሱባ እንግንትደ ህግታ፥ ቲኖ ጾዚ ምንꬅደ ጫቅቶ ሻሪ ኡፋይስ ቃልቶ ꬋብሶደስ ዳንዳኦስ።
300312010a	ጾዚ እንግዘ ላትታ ህገራ ኤክንትዘባዝ ማቅዛኮ ጾዚ እንግደ ኡፋይስ ቃላ ባጋራ ማቅዛና አታነ። የዝን ጾዚ ፋ አꬎ ኬሃትꬅተ ላታ አብራሃማስ ኡፋይስ ቃላ ባጋራ እንግዳ።
300313015a	ዬዝን፥ ህገ አኮስ እንግንትዶ? ህገ እንግንትዳና፥ አብራሃማስ ኡፋይስ ቃላ እንግንትደ ኮችታ የኦደ ዎንꬅስ ኢታ ኦቻ አኮ የዛኮ ቤሳደስ። ህገ ኪታንቾ ባጋራ እንግንቲ፥ ግዳ ማቂ ጊግዘ ፈቲ አስ ባጋራ ኦቻላ አፋ ፌዥዳ።
3003140075	ግዳ ማቂ ጊግዘ አꬄ ላምእ ዛላስ ኦቻነ ፋትን ፈተስ ባያ፥ የዝን ጾዚ ፈቶ።
30031500ca	ዬዝን፥ ህገ ጾዘ ኡፋይስ ቃላ እጻነነ? አደ! ህገ እንግንትዳና አስስ ደኦ እንጎደስ ማቅዛኮ፥ ቱሪ ጽሎትꬅ ህገ ባጋራ ማቃድየሻ።
30031600dd	የዝን የሱስ ክርስቶሳ አማንን በንትዘ ኡፋይስ ቃልቶ አማንዙንꬅስ እንግንቶደ ፋና ኩሙꬅ አላምታ ናጋራስ ኦሞራ የዛኖ ጌሽ ማጻፍተ ኦህነ።
30031700a4	የዝን አማኖ የኦዳንፓ ቲኖ ህገራ አጭንቲ የነ የሻ። ይና አማንታ ቆንጮደ ዎንꬅስ ህገራ ናግንቲ የዝዳ።
30031800b1	ይኒ ግሾ፥ ኑኒ አማኖራ ጽሎደ ፋና ክርስቶሳ የኦደ ዎንꬅስ ህገ መለ አስ ናአ ናግዘ አስ ፋና ኑና ናግዛያ ማቅዳ።
3003190091	የዝን Ꮉተ አማኖ ይእደ ግሾ ህገ ይኬፓ ሱባ መለ አስ ናአ ናግዘ አስ ፋና ኑና ናግዛና አትዳ።
30031a005e	ይን ኡቡንꬅ የሱስ ክርስቶሳ አማኒ ጾዝስ ናኡንꬃና ማቅዳ።
30031b0063	ክርስቶሳራ ፈቶ ማቃደስ ጻማቅንትደ ኡቡንꬅ ክርስቶሳ ማእዳ።
30031c00ec	ይን ኡቡንꬅ ክርስቶሳ ግዳ ፈቶ ማቅዘ ግሾ አይሁደ አሱንꬅ ግዳን ግርኬ አሱንꬅ ግዳ፥ አሮ ግዳን ቦንቾ አስ ግዳ፥ ꬊራꬅ ግዳን ማች ግዳ ዱማትꬅ ባያ።
30031d0090	ይኬ፥ ይን ክርስቶሳስ ማቅኮ ይን አብራሃማ ኮች። ጾዘ ኡፋይስ ቃልት ፋና ይን ላትዙንꬃና።
300401008f	ታ ጋዛና Ꮉኖ። ላትዛይ ናአ ማቂ የዘ ዎደ፥ ኡባ ባዝስ ላꬂ ማቅኮን፥ አሮፓ አኮን ዱሙꬎስ።
300402008b	የዝን ኤ አዳይ ጋይደ ዎደ የሎደ ዎንꬅስ ኤ Ꮉዳርቶ ኤክዱንꬅ ኩሸን ናግዙንꬅ ኩሸ የነ።
300403006e	ይኒ ጋራ፥ ኑኒ ናአትꬃ የዘ ዎደ አላመ ቲኖ ዎጋስ Ꮉርንቲ አርꬊ የነ።
3004040077	የዝን ዎድታ የልደ ዎደ ጾዝ ህገፓ ኦሞራ፥ ማችፓ የልንትደ ፋ ናአያ ኪትዳ።
3004050073	ኤ ይኖ ኦችዳና፥ ህገስ Ꮉርንቲ የዙንꬃና ዎዞደስን ኑና ፋ ናአ ማሆደስ።
3004060088	ኑ ጾዘ ናአ ማቅዘ ግሾ «አቦ፥ አባባ» ጋእ ጼግዘ ፋ ናአይ አያና ኑ ዎዝንት ግዳ ኪትዳ።
30040700a1	ይኒ ግሾ፥ ይኬፓ ኔኒ ጾዘ ናአ ፋትን አሮ ባያ። ኔኒ ኤ ናአ ማቅኮ፥ ክርስቶሳ ባጋራ ጾዝ ላትዛ ማቃነ።
300408006e	ይን ዛጋ ጾዛ ኤሮሰ ዎደ ፋ Ꮉኖትꬅተ ጾዝ ማቆሱንꬅስ አሮ ማቂ አቅዳ።
30040900f8	የዝን Ꮉተ ይን ጾዛ ኤርዳ፤ አꬂ ጾዛራ ኤርንትዳ። ዬዝን ማህ ፋꬆሰን ማዶሰ አላመ ዎጋጎ ሱባ ዋይዝ ማቅዳተ? ዎꬊ ኤቂ፥ ዋይዝ ኡንትስ ማህ አሮ ማቃደስ ኮየተ?
30040a0075	ዱሙዽደ ቃማስ፥ አግናስ፥ ዎደስን በረስ ይን ዱሙዝ ሎይꬂ ቦንቾ እንጋነ።
30040b0053	ኦደ ኤርዘ Ꮉሪ ታ ይንትስ ላቢድ የሳነ ጋእ ዣሽታነ።
30040c00ab	ታ እሹንꬆ፥ ታ ይን ፋና ማቅደ ግሾ ይንትን ታ ፋና ማቆተ ጋእ ይንታና ዎሳነ። ይን ታና ፈቲ ባዛራን ቆህካያ።
30040d005e	ታኒ ቲኖ Ꮉርግንትተራ ይንትስ ዎንገለ ኦህዳኖ ይን ኤራነ።
30040e00cd	ታ Ꮉርግታ ይንትስ ፋታና ማቅኮን፥ ታና ቦርካያ፤ አንꬅንትካያ። የዝን ታና ጾዘ ኪታንቾ ዎይ ክርስቶስ የሱሳ ሞክዛንፋና ሞክዳ።
30040f00b8	ይኬ፥ ይን ታና ኡፋይስዳና አነ? ይንትስ ዳንዳእንትዛኮ፥ ይን ታስ፥ ይን ኣፍቶ ኬሲ እንግዛኮ እጾሳኖ ታ ማርክꬋነ።
3004100064	ዬዝን፥ ታ ይንትስ ቱርቶ ኦህደ ግሾ ይንትስ ሞርከ ማቅድ የሳነ?
30041100c1	የንꬅ አሱንꬅ ይንታና ምንꬂ ኮያነ፥ የዝን ሎኦስ ባያ። ምንꬂ ኮይዛና ይንታና ሻኮደስን ፋስ ቆፖደ ፋና ይሳደስ አሙꬋነ።
30041200a6	ሎኦ ባዝ ኦቾደስ ቤዝዱንꬃና ማቅኮ ሎኦ፥ የዝን ይና ታ ይንታራ የዘ ዎደ ጻላላ ማቅካይዝን ኡባ ዎደ ማቀ።
30041300af	ታ ሲቆ ናኡንꬆ፥ ክርስቶሳ ይንግዳ ስእለ ፋና ይአደ ዎንꬅስ የሎስ ማቻ ꬋእንትዛን ጋራ ታ ይን ግሾ ꬋእንታነ።
300414009d	ይን ባዝ ታስ ዎርክታ ማቅን ኡንእንታነ፤ Ꮉተ ይን ግዳ ታ በንቲ ዥልꬊ ኦህዛኮ አኮ ጋር ካꬋነ የሻ።
3004150077	ህገስ Ꮉርንቲ የሳደስ ኮይዙንꬆ፥ አነ ታስ ኦሆተ፤ ህገ አኮ ጋዛኮ ስኦስተ?
300416008c	ጌሽ ማጻፍተ፥ «አብራሃማስ አርትፓን ካራ እንትፓ የልንትደ ላምእ ናኡንꬅ የነ» ያጋነ።
30041700a4	አርቲ ናአይ አስ ናአ የልንትዘ ዎጋራ የልንትዳ፥ የዝን ካራ እንቲ ናአይ ጾዘ ኡፋይስ ቃላራ የልንትዳ።
30041800d7	Ꮉንꬅ ማቹንꬅ ላምእ ጫቁንꬅስ አዝዘ ማቂ ኤክንታነ። ኡንታፓ ፈታ፥ ሲና ደርዘፓ ይእዳና፥ ፋ ናኡንꬃና አሮትꬅስ የልዳ፤ እዛን አጋሮ።
3004190092	አጋራ አራበ ሳአ የዘ ሲና ደረፓ። Ꮉተ የዘ የሩሳላመ አዛነ። እዛ ፋ ናኡንꬃራ አሮትꬃ የነ።
30041a0065	የዝን ሳሎ የሩሳላመ ዋሎትꬃ የዛኖ፤ እዛን ኑ ኡቡንꬅስ እንዶ።
30041b00e6	ጌሽ ማጻፍተ፥ «ናእተ፥ የሎሰ ꬎንꬅተ ኡፋይቶ፤ ናእተ የሎ ꬋእ ኤሮሳነ እልሎ። አዝናራ የዘ ማችትፓ፥ አዝን ባይዘ ማችትስ ናኡንꬅ ጋማ» ያጋነ።
30041c0063	ታ እሹንꬆ፥ ኑኒ ይሳቃ ፋና ጾዘ ኡፋይስ ቃላራ የልንትደ ናአ።
30041d0090	የዝን የ ዎደ አስ ዎጋራ የልንትደ፥ አያና ዎልቃራ የልንትዳያ ባይꬅዳ። Ꮉይኖን ይኒ ፋና።
30041e00af	የዝን ጌሽ ማጻፍታ ዋገ? «አርቲ ናአይ ካራ እንቲ ናአይራ ፈትላ ላቶሰ ግሾ አርቶን እ ናአይራ ኬሲ ዳኮ» ያጋነ።
30041f007a	ይኒ ግሾ፥ ታ እሹንꬆ፥ ኑኒ ካራ እንቲ ናኡንꬃና ፋትን አርቲ ናኡንꬃና ባያ።
30050100b0	ኑኒ ዋሎትꬃ የሳደ ፋና ክርስቶሳ ኑና አሮትꬃፓ ከስዳ። ይኬ፥ ሚንግ ኤቆተ፤ ማህ አሮትꬅ ቃምባራ ዋጽንትፐተ።
3005020081	ታኒ፥ ጳዉሎሳ፥ ጋዛኖ ስኦተ። ይን ጋራዝንትኮ፥ ክርስቶሳ ይንታና አኮን ማዶስ።
3005030079	ጋራዝንትዘ ኦደን ህገ ኪትዛኖ ኡባ ፎሎደስ ቤዝዛኖ ፈተስ ፈተስ ማህ ኦህነ።
300504007e	ህገ ናጊ ጽሎደስ ኮይዙንꬆ፥ ክርስቶሳፓ ሻክንት፤ ጾዘ አꬎ ኬሃትꬃፓ ጎልእዳ።
3005050062	የዝን ኑኒ ጾዘ አያና ባጋራ አማኖራ ጽሎዳኖ ኡፋይሳራ ናጋነ።
30050600b3	ይኬ፥ ክርስቶስ የሱሳ ግዳ የዝኮ፥ ሲቆ ኦቻ ቆንጭዘ አማኖ ፋትን ጋራዝንትን፥ ጋራዝንታንጽን ኑና አኮን ማዶስ።
300507006b	ሎኦ ዎጻነ የሻ፥ የዝን Ꮉተ ቱርስ ኪትንታመ ፋና ይንታና ካይደ ኦደ?
3005080046	Ꮉኒ ፋና ኢታ ዞረ ይንታና ጼግደ ጾዘፓ ባያ።
300509005c	ይናን፥ «ኤራꬅ እርሾ ቡካ ኡባ ደንꬅꬃነ» ጋእንትደ ፋና።
30050a00a1	ይንትስ መለ ቆፋ ባይዛኖ ፎሎ ላꬄላ አማንንታነ። የዝን ይንታና ቡቅዘ ኦደን ጾዛፓ ፋ ፍርድቶ ኤኮዳ።
30050b0104	ታ እሹንꬆ፥ ታ Ꮉይኖ የሎደስ ጋራዝንተ ሳባክዘባዝ ማቅኮ፥ ዬዝን ታና አኮስ ባይኤ? ይኖ ሳባክዘ ባዝ ማቅኮ ክርስቶሳ ማስቃላባዝ አሱንꬅስ ꬉበ ማቅዛና አታነ የሻ።
30050c007b	ይንታና ቡቅዙንꬅ ጋራዝንተ ጻላላ ማቅካይዝን ፋ አጋስቶ ጋችዛኮን ታ ካꬋነ።
30050d00fa	ታ እሹንꬆ፥ ይን ዋሎ የሳደስ ጼግንትዳ። ማቆየዝን፥ ይን ዋሎትꬅታ አሾ አሞትꬅ ፎሎደስ ይንትስ ኦገ ማቅፐ፤ ይንፓ አꬂ ፈታይ ፈታይስ ሲቆራ አሮ ፋና ማቆተ።
30050e0079	ህገ ኡባ፥ ፈቲ ቃላራ አጭንትዳ። ይናን «ነ ላግዛ ነ ኦምት ፋና ካꬎ» ጋዛኖ።
30050f0095	የዝን ይን ፈታይ ፈታይራ ሳጽንትዘባዝን ሙእንትዘባዝ ማቅኮ፥ ይን ዎል Ꮉሳመ ፋና ናግንቶተ።
3005100073	ይኬ፥ ታ ይንትስ ኦህነ፤ አያናራ የዞተ፤ ይን አሾ አሙቶ ሙሎን ፎልፐተ።
30051100ad	አሾ አያናላ አያና አሾላ አሙꬋነ፤ ኡንትን ፈተ ፈተራ እጽንታነ። ይኒ ግሾ ይን ካꬍዘባዝ ኦቾደስ ዳንዳኦስ።
3005120047	አያናራ ካልዘባዝ ማቅኮ ህገ ይንታና አሆስ።
3005130069	አሾ ኦቹንꬅ ኤርንትዱንꬃና፤ ኡንትን፥ ኦላለ፥ ቱናትꬅ፥ ቃይጸ፥
3005140094	ኤቃስ ጎይነ፥ ብታ፥ ሞርከትꬅ፥ ካች፥ ቃናተ፥ ዥሎ፥ ዛዛእንተ፥ ፋና ካ ፥ ሻክንተ፥ ኢታ ዞረ
30051500e0	ገነ፥ ማꬄ፥ የꬂን ይኖ አዝዙንꬃና፤ ቲኖ ታ ይንትስ ኦህዳን ፋና Ꮉተን ታ ይንትስ ኦህነ። Ꮉኒ ፋና አዝዘባዝቶ ኦችዙንꬅ ጾዘ ካእቱሞ ገሎስ።
3005160084	የዝን አያና ኣፈ፥ ሲቆ፥ ኡፋይስ፥ ሳሮትꬅ፥ ዳንዳአ፥ ኬሃትꬅ፥ ሎኦትꬅ፥ አማኖ፥
300517005c	አዳትꬅ፥ ፋና አሄ። Ꮉኒ ፋና አዝዘባዝቶ እጽዘ ህገ ባያ።
30051800a5	ክርስቶስ የሱሳ ባዝ ማቅዱንꬅ ፋ አሽቶ ኢስ የዘ ኢታ ቆፍትራን እ አሞትꬅትራ ዎላ ማስቃላላ አፋ ሱጽዳ።
3005190048	አያናራ የዘ ባዝ ማቅኮ፥ ኑኒ አያናር ካሎዳ።
30051a0074	አነ ፈተ ፈተላ ዥልꬍተራ ደንድተራን ቃናትተራን Ꮉፖ ጬቅንትዛኖ አሾዳ።
30060100df	ታ እሹንꬆ፥ አስ አኮ ቆሄ ግዳ ጎልእኮ፥ አያናራ የዘ ይን የ አꬃ አሽከትꬃራ ሉልዞተ። የዝን ኔኒ ይኒ ጋርዘ ባዛራ ፋታንንታመ ጋር ነና ናጎ።
3006020065	ይንታፓ ፈታይ ፈተ ቶፍቶ ቶኮ። የይዝተራ ክርስቶሳ ህገ ፎሎተ።
300603008b	ፈተ አስ አኮን Ꮉንካይዝን፥ አኮን Ꮉንደ ፋና መሉንꬃፓ ሎኦ ጋእ ቆፕኮ፥ ኤ ፋና ጭማነ።
30060400a9	የዝን ፈተ ፈተ ፋ ኦማ ኦችቶ ፋታኖ። ይንፓ ሱባ፥ መሉንꬅስ Ꮉንካይዘ ባዝ ፋ ጻላላስ ጬቅንትዘ ባዝ ደማዳ።
3006050035	ፈተ ፈተ ፋ ቶፍቶ ቶኮደስ ቤዛነ።
300606005f	የዝን ጾዘ ቃላ ታማርዘ ታማርስዘራ ሎኦ ባዝ ኡባ ግሽንታነ።
3006070058	ባልንትፐተ፥ ጾዚ ጭምንቶስ አስ ፋ ቡድዛኖ ማህ ማጾዳ።
30060800b3	ፋ አሾ አሞራ ቡድዘ ኦደን፥ ፋ አሾ አሞትꬅትፓ ዎቃ ማጾዳ። የዝን አያናራ ቡድዘ ኦደን አያናፓ መዽና ደኦ ማጾዳ።
300609005e	አዛልአንጽኮ ኑ ዎደር ማጾዳ። ሎኦ ኦቻ ኦቾደስ አዛልኦስ።
30060a0074	ይኬ ዎትዘ ዎደ ደንግኮ፥ አስ ኡባስ፥ አꬂ አማንዘ አስስ ሎኦ ባዝ ኦቾዳ።
30060b0060	ታኒ ታ ኩሸራ፥ አኮ ጋር ዳማ ፍዳለራ ይንትስ ጻፈዛኮ ቦኦተ።
30060c00e7	አስ ቲኖ ሎኦ ማቂ በንቶደስ ኮይዘ አሱንꬅ ይን ጋራዝንቶደ ፋና ኮያነ። የዝን ይኖ ኡን ኦችዛና፥ ክርስቶሳ ማስቃላ ግሾ ኡንታና ባይꬅ የላመ ፋና።
30060d00b1	ኡን ይን ጋራዝንትዳነ ጬቅንቶደስ ኮይ «ይንታና ጋራዝንቶተ!» ጋነ ፋትን ጋራዝንትዱንꬅን ፋ ኦምተ ህገ ናጎስ።
30060e00b3	የዝን አላመ ታስ ሱጽንትዳይፓን ታንን አላመስ ሱጹንትደ፥ ላꬄ የሱስ ክርስቶሳ ማስቃላፓ መለ ጬቅንተ ታፓ Ꮉኮ።
30060f008b	ይኬ፥ ጋራዝንትን ጋራዝንታንጽን አኮን ማዶስ። ክርስቶስ የሱሳራ ክለ መꬎ ማቀ ማዳነ።
300610008b	Ꮉና ዎግቶ ካልዘ ኡቡንꬅስን ጾዘ ዎርዣ ማቅደ እስራኤሉንꬅስ ሳሮትꬅን ማሮትꬅን ማቀ።
300611006a	ታኒ የሱሳ Ꮉርግደ ቤቶ ታ አሽተ ቶክዳ፥ ይኬፓ ታና አኮን ላቢዞስ።
300612007d	ታ እሹንꬆ፥ ኑ ላꬄ የሱስ ክርስቶሳ አꬎ ኬሃትꬅ አያና ይንታራ ማቀ። አምንኤ።
310000000c	ኤፈሶነ
31010100bf	ጾዘ ቆፋራ ክርስቶስ የሱሳ ሐዋረ ማቅደ ጳዉሎሳ፥ ኤፈሶነ የዘ ጌሹንꬅስን ክርስቶሳ የሱሳ አማንዙንꬅስ ጻፍንትደ ኪታ።
3101020076	ጾዘ ኑ አደፓን ላꬄ የሱስ ክርስቶሳፓ አꬎ ኬሃትꬅን ሳሮትꬅ ይንትስ ማቀ።
310103009e	ሳሎ የዘ አያና አንጆ ኡባ ክርስቶሳ ባጋራ ኑና አንጅዳ፥ ኑ ላꬄ የሱስ ክርስቶሳ አዳይ፥ ጋላትንቶ።
31010400b9	ኑኒ ኤ ቲኖ ጌሹንꬃናን ቦረ ባይዙንꬃና ማቆደ ፋና ጾዚ አላመ መꬍንቶዳንፓ ቲኖ ክርስቶሳ ባጋራ ፋ ሲቅተ ኑና ዶርዳ።
3101050097	ጾዘ ፋ ሎኦ ቆፍተ ፋ ካꬍደ ጋር የሱስ ክርስቶሳ ባጋራ ኑና ፋ ናኡንꬃና ማሆደስ ቲኖ ቆፒ ጋድዳ።
3101060088	ጾዘ ፋ ሲቅዘ ናአይ ባጋራ ኑስ Ꮉሪ እንግደ አꬎ ከሃትꬅታ ቦንችንቶደ ፋና ይኖ ኦችዳ።
310107009e	አልኦ ናአይ ኤ አꬎ ኬሃትꬅትን ዳማትꬅት ፋና ኤ ሱꬅተ ዎዝንተ ደንግዳ፥ እዛን ኑ ናጋርት አቶትꬅ።
310108004b	ፋ አꬎ ከሃትꬅታ ጭንጫትꬅን ቆፋ ኑስ ጋንꬅዳ።
3101090067	ክርስቶሳ ባጋራ ኦቾደስ ካꬍደ ኤ ግዳ የዘ ሳዛ ቆፋ ኑና ኤርስዳ።
31010a008e	ዎደ ዉርሱꬅተ ጾዚ ፎሎደስ ቆፕደ ቆፍታ፥ ሳሎን ሳአ የዘ መ ትꬅ ኡባ ክርስቶሳራ ጻጾደስ።
31010b0089	ፋ ቆፋራ ኡባ ኦችዘ፥ ፋ ቆፍት ጋር ቲኒ ፋስ ቆፒ ጋድደ ክርስቶሳራ ማህ እርስተ ኤክዳ።
31010c006c	ይናን ክርስቶሳላ ቲኒ ኡፋይስ ጋድደ ኑኒ ኤ ቦንችቶ ጋላቶደ ፋናስ።
31010d0097	ይን ማህ ቱሪ ቃላ ይናን አቶትꬅ ዎንገለ፥ ስእደ ማህ ክርስቶሳ አማኒ ጌሽ አያናራ አታምንትዳ።
31010e0095	ኤ ቦንችትስ ጋላታ ማቃደ ፋና ጾዚ ፋስ ማቅዱንꬃና ዎዞደ ዎንꬅስ ኤዚ ኑስ ቃብደ ማህ እንግዳ።
31010f006e	ይኒ ግሾ፥ ላꬂ የሱሳ ይን አማንዛኖን ጌሹንꬅስ ኡባ የዘ ሲቅቶ ታ ስእ
310110005c	ታ ዎስተ ይንታና ቆፕተራ ይን ግሾ ጾዛ ጋላትዛኖ አሽካያ።
31011100a7	ቦንቾ አዳይ ላꬄ የሱስ ክርስቶሳ፥ ኤዛ ኤርዘ ጭንጫትꬅን ቆንጭꬅ አያና ይንትስ እንጎደ ጋር ታኒ ዎሳነ።
3101120142	ይናን ይን ዎዝና ኣፍታ ፎእዘ ዎደ ይን ጼግስት ኡፋይስታ አኮ ፋና የዛኮን ጌሹንꬅ ካለ የዘ እርስተ ቦንቾ ዱረትꬅታ አኮ የዛኮ አማንዙንꬅስ ኡባ አꬍደ ኤ ዎልቃ ዳማትꬅታ አኮ ጋር የዛኮ ይን ኤሮደ ፋናስ።
3101140171	ክርስቶሳ Ꮉይቆፓ ደንꬅደ፥ Ꮉላቃትꬅ፥ አደትꬅ ዎልቃ፥ ዎልቃ፥ ላꬄትꬅ ኡባፓ ꬎቃ፥ Ꮉና አላምተ ጻላላ ባይዝን የኦደ አላምተ ማህ ጼግንቶደ ሱንꬃፓ ꬎቃ፥ ሳሎ ጾዛፓ ምዛቅ ዛላራ በትꬅደ ክርስቶሳ ኦችደ ኤ ምንꬂ ዎልቅቶ ቆንጭዛነ።
3101160092	ጾዚ ኡባኖ ክርስቶሳ ቶህትፓ ኦሞራ Ꮉርዝዳ፤ ማህ ዎሳ ኬꬅስ ኡባ ኦማ ማቃደ ፋና ኤዛ ሹምዳ።
3101170091	ዎሳ ኬꬅታ ክርስቶሳ ኩሙꬅ ኦችዘ ኤ ጋላ። ዎሳ ኬꬅታ ኤ ጋላ፥ ኡባ ባዝ ሙሎ ኩምደ ኤ ኩሙꬅ።
310201007f	Ꮉንፓ ዛጋ ይን፥ ይን ናጋርትፓን ይን ቆህትፓ ደንዲ አያና ደእተ Ꮉይቂዱንꬃና።
31020200e6	ይንፓ ደንዲ ይን Ꮉና አላመ ኢታ ኦግቶ ካልዳ። ባቆላ አፋ የዘ አያኑንꬅ ዎልቃራ አህዘስ ኪትንታነ፥ ኤዝን ኪትንቶሰ አሱንꬃላ ኦችዘ ቱና አያና።
31020300c9	ኑ ኡቡንꬅ ዛጋ የሱንꬅ አሱንꬅ ግዳ ኑ አሾ አሞራ ኑ ዎዝና ቆፍቶ ካሊ የነ። መሉንꬅ ፋና ኑ መꬍተ ጾዘ Ꮉንቆ ኤኮደስ የዙንꬃና።
310204003c	የዝን ጾዚ ፋ ማሮትꬅተ ዱረ ማቅደ ግሾ
31020500be	ኑና ካꬍደ ዳማ ሲቅትፓ ድንድዳነ ኑ ቆህትራ Ꮉይቂዱንꬃና ማቅደ ዎደ ክርስቶሳራ ደኦ እንግዳ። ኤ አꬎ ኬሃትꬅተ አትዳ።
310206006a	ጾዚ ኑና ክርስቶሳራ ባጋራ Ꮉይቆፓ ደንꬂ ሳሎ በሳ ኤራ ዎላ ጋድዳ።
31020700ca	ኤ ይኖ ኦችዳና፥ ክርስቶሳ የሱሳ ባጋራ ኑስ ቆንጭደ ፋ ኬሃትꬅቶን ልከ ባይዘ ፋ አꬎ ኬሃትꬅ ዱረትꬅቶ ዮኦደ በረ ኑና ቤዞደስ።
310208006c	አꬎ ከሃትꬅታ አማኖራ አሽዳ። ይናን፥ ጾዘ እሞ ፋትን ይንታፓ ባያ።
3102090034	ኦንን ጬቅንታመ ፋና ኦቻራ ባያ።
31020a009a	ኑኒ ጾዘ መꬎ፤ ኤ ኑስ ቲኒ ጊግዚ ጋድደ ሎኦ ኦቻ ኦቾደ ፋና ክርስቶስ የሱሳ ባጋራ ክለ መꬍንትዳ።
31020b00c1	ይኒ ግሾ፥ ይን የልንተራ አይሁደ ማቆሱንꬆ፥ አሾራ ኩሸራ ጋራዝንትዱንꬅ ካለ፥ ጋራዝንትካያ ጋእንተዙንꬆ፥ ይኖ ቆፖተ።
31020c0106	የ ዎደ ይን ክርስቶሳፓ ሻክንት የዝዳ፥ እስራኤለ አሱንꬅስ አላጋ ማቂ የዝዳ፥ ጾዘ ኡፋይስ ቃላፓ Ꮉኪ የዝዳኖን Ꮉና አላምት ኡፋይስን ጾዚ ባይዝን የዙንꬃና ቆፖተ።
31020d0087	የዝን ይን ዛጋ Ꮉኪ የዙንꬃና፥ Ꮉተ ክርስቶስ የሱሳ የዘ ክርስቶሳ ሱꬅተ ካለ ሺቅዳ።
31020e00ab	ክርስቶሳ ኑስ ሳሮ፤ ኤ አይሁደን አይሁደ ማቆሰ አሱንꬃና ፈቶ ማህ፥ ላምእ ሻኪ ጋድደ ሞርከትꬅ ዶቸ ላልዳ።
31020f00a7	ላምእ ዎርዡንꬃፓ ኤ ፋራ የሳደ ፋና ፈቲ ክለ አስ መꬎደስ፥ ህገ ኪቶን ዎግቶ ፋ አሽተ ꬋብሲ ሳሮ እንግዳ።
310210009c	ክርስቶሳ ማስቃላላ Ꮉይቂ ሞርከትꬅቶ ꬋብስዳ፤ ማህ ላምእ ዛሩንꬃና ፈቲ አስ ማህ ጾዛራ ጊግዝዳ።
3102110096	ክርስቶሳ ይእ፥ ጾዛፓ Ꮉኪ የዘ ይንትስን፥ ማህ ኡከ የዘ አይሁዱንꬅስ ሳሮትꬅ ዎንገለ ኦህዳ።
310212004a	ኑ ኡባ ኤ ባጋራ ፈቲ አያናራ አዳይ ቲኖ ሺቆዳ።
3102130083	ይኬፓ ይን ዛቆን በተ አስ ባያ፥ የዝን ይን Ꮉተ ጌሹንꬃራ ጋደ አስን ጾዘ ካራ አስ።
310214008f	ይን ሐዋሩንꬅን ናቡንꬅ ባስደ ባሳላ ኬጽንትዳ። ዶቸ ጻጶ ምንꬅዘ ሹችዘ ክርስቶስ የሱሳ።
310215006e	ኤላ ኬꬅታ ኡባ አይክንቲ ላꬄ ግዳ ጌሽ ጾዘ ኬꬂ ማቃደ ዎንꬅስ ዳማነ።
3102160060	ኤራ ይን ማህ ጾዘስ አቅዘ ኬꬂ ማቂ አያናራ ዎላላ ኬጽንቶዳ።
3103010084	ይኒ ግሾ፥ ታኒ፥ ጳዉሎሳ፥ አይሁደ ማቆሰ ይን ግሾ ክርስቶስ የሱሳ አች አስ ማቅዳ።
310302007a	ይንትስ ታና እንግደ ጾዘ አꬎ ኬሃትꬅ አስታማረ ታ ማቀዛኖ ይን ሎይꬂ ስእዳ።
3103030075	ታ ይንትስ ዛጋ Ꮉታራ ጻፍዳን ፋና ጾዚ ፋ ሳዛ ቆፋ ታስ ቆንጭꬃራ ኤርስዳ።
3103040092	ታ ጻፍዳኖ ይን ናባብዘ ዎደ ክርስቶሳ ሳዛ ቆፋ ታ አኮ ጋር አካኬዛኮ ይን በአደስ ዳንዳአነ።
31030500b8	ይና ሳዛ ቆፍታ ጾዘ አያናራ ጌሽ ሐዋሩንꬅስን ናቡንꬅስ Ꮉተ ቆንጭዳን ፋና ዛጋ ዎደ አሱንꬅስ ይኒ ጋር ቆንጭዝካያ።
3103060117	ይናን ቤዛና አይሁደ ማቆሱንꬅ እስራኤሉንꬃራ ፈትላ ጾዘ አንጆ ላቶደስ ፈቲ አሳትꬅ ብልተ ማቂ፤ ጾዚ እንግዘ ኡፋይስ ዎንገለ ባጋራ የሱስ ክርስቶሳራ ሻክንትዙንꬃና ማቃደስ።
310307007e	ጾዘ ፋ ዎልቃ ኦቻራ ፋ እንግደ አꬎ ኬሃትꬅት እሞ ባጋራ ዎንገለ ኦችዛያ ማቅዳ።
31030800d8	ታኒ ጌሹንꬅ ኡባፓ ላፋ ማቅኮን አይሁደ ማቆሰ አሱንꬅስ ዉዙላ ባይዘ ክርስቶሳ ዱረትꬅ ዎንገለ ኦሆደ ጋር አꬎ ኬሃትꬅ ታስ እንግንትዳ።
31030900ba	ማህ ዛጋ ዎደ ኡባ መꬍደ ጾዛራ አችንት የዘ ሳዛ ቆፋ፥ ጾዘ ቆፍታ አኮ የዛኮ ቆንጭሳደስ አꬎ ኬሃትꬅ ታስ እንግንትዳ።
31030a00b6	ጾዚ ይኖ ኦችደ Ꮉተ ዎደ ዎሳ ኬꬂ አሱንꬅ ባጋራ ሳሎ የዘ Ꮉላቁንꬅስን አህዙንꬅስ ፋ ዱማ ዱማ ቆንጭꬅቶ ኤርሶደስ።
31030b0056	ይናን ክርስቶስ የሱሳ ባጋራ ኑ ላꬄ ፎልደ መዽና ቆፋ።
31030c008f	ኑ ክርስቶሳስ ማቅዳንራን ኤዛ አማንዳን ጋራ ጾዘ ቲኖ ሚንግ አማንንቲ ሺቆደስ ዳንዳአነ።
31030d00a1	ታኒ ይን ግሾ ማꬋ ኤክዛና ኑስ ቦንቾ ይኒ ግሾ ታ የልዘ ማꬍቶ ብእ ኡፋይስ ጋችፈተ ጋእ ይንታና ዎሳነ።
31030e0045	ታኒ አዳይ ቲኖ ቡንቁንቲ ዎስዘ Ꮉኒ ግሾስ።
31030f0061	ሳሎ ሳአ የዘ ፈቲ ፈቲ ካራ አሱንꬅ ቱሪ ሱንꬅ ደንግዘ ጾዛፓ።
3103100099	ጾዚ ፋ ቦንቾ ዱረትꬃፓ ይን ጋꬃ ቆፍቶ ምንꬅዘ ዎልቃ ፋ አያና ባጋራ እንጎደ ጋር ይንትስ ዎሳነ።
3103110092	ማህ አማኖራ ክርስቶሳ ይን ዎዝንተ የሳደ ጋራን ይን ሲቆራ ጻጶ ዳኪ ሚንግ የሳደ ጋር ዎሳነ።
31031200af	ይኒ ፋና፥ ክርስቶሳ ሲቆ አኮ ጋር ዳልጋ፥ ጳርጎ፥ ꬎቂን ጪሞ የዛኮ ጌሹንꬅ ኡቡንꬃራ አካኪ ኤሮደ ጋር ዎሳነ።
31031300a1	ይና አስ ኤራትꬃፓ ꬎቃ ማቅደ ክርስቶሳ ሲቆ ይን ኤሮደ ጋራን ጾዘ ፎሎ ኩሙꬅ ይን ኩሞደ ፋና ታ ዎሳነ።
3103140094	ይኬ፥ ኑ ግዳ ኦችዘ ዎልቂት ባጋራ ኑኒ ዎስዛንፓ ዎይ ቆፕዛንፓ ኡባ አꬂ ኦቾደስ ዳንዳእዘስ፥
310315009b	ኤስን ዎሳ ኬꬃ አሱንꬅስ ኡባ ክርስቶስ የሱሳ ዎደ ኡባ መꬍፓ መዽና የሎደስ ቦንቾ ማቀ። አምንኤ።
3104010083	ይኬ፥ ላꬄስ አጭንትደ ታኒ፥ ይን ጼግንትደ ጼግስተ ቤዝዘ ደኦር የሳደ ፋና ዎሳነ።
3104020085	ሲቆራ ፈታይ ፈታያ ዳንዳእተራ ኡባ ዎደ አዳትꬃራን ዳልጋትꬃራ ዎል ዳንዳእ የዞተ።
3104030053	ሳሮትꬃራ አጭንትደ አያና ፈተትꬅ ናጎደስ ምንጎተ።
310404007a	ይን ጼግንትዳና ፈቲ ኡፋይስ ጼግꬅ ማቅደ ግሾ ፈቲ አሳተꬅን ፈቲ አያና የነ።
3104050042	ፈቲ ላꬂ፥ ፈቲ አማኖን ፈቲ ጽንቃተ የነ።
3104060078	ኡባንፓ ꬎቃ ማቅደ፥ ኡባላ ኦችዘ ኡባ በሳ የዘ ፈቲ ጾዚ፥ ኡቡንꬅ አደ የነ።
3104070083	የዝን ክርስቶሳ እንጎደስ ኮይዳን ፋና ኑስ ፈተስ ፈተስ ዱማ ዱማ እሞትꬅ እንግዳ።
31040800b1	ይኒ ግሾ፥ ጾዘ ቃልተ፥ «ኤ ኡደ ከዝደ ዎደ ድእንቶደስ የዙንꬃና ድእዳ፥ አሱንꬅስን እሞትꬅ እንግዳ» ያጋይዳ።
310409006a	ሱለ ሳአ ኦሞ ዎꬍዳ ጋኤ ማቃንጽኮ ይና «ኡደ ከዝዳ» ጋዛና አኮ ጋኤ?
31040a0077	የ ሱለ ዎꬍዳይ፥ ማህ ኡባነ በንቶደ ዎንꬅስ ሳሎ ኡባስ ካታር ኬዝዳይ ኤዛ።
31040b00bc	ኤ ፈታ ፈታ ሐዋሩንꬃና፥ ፈታ ፈታ ናበ፥ ዎንገለ ሳባኩንꬃና፥ ዎሳ ኬꬅ የንግዙንꬃናን፥ አስታማሩንꬃና ማህ እንግዳ።
31040c009e	ኤ ይኖ ኦችዳና ክርስቶሳ ጋላ ማቅደ ዎሳ ኬꬅታ ጌሻደ ፋናን አማንዘ አሱንꬃና ጾዘ ኦቻስ ጊግሳደስ።
31040d00cb	ይኒ ፋና፥ ኑ ኡባ ጾዘ ናአ ኤሪ አማኖራ በንትዘ ፈተትꬃጎ የሊ፥ ክርስቶሳ ፎሎን ኩሙꬅ ማቅደ ፋና ኑንን ኩሙꬅ አስ ማቃደ ፋናስ።
31040e00d2	ይኬፓ ሱባ፥ አሱንꬅ ገነ ጭሞራ ጊግደ ባልꬅዘ ዎርዶ ትምርተ ባቆራን ዙሉንተራ ጎደን Ꮉንካ ሾላለ ካእዘ ናኡንꬅ ፋና ማቆደስ ቤዞስ።
31040f0077	የዝን ኑኒ ቱሮ ሲቆራ አይꬅꬂ ኡባ ባዛራ ኤጎ ኦማ ማቅደ ክርስቶሳጎ ድቾዳ።
31041000b4	ኤፓ ደንዲ ጋላ ኡባ ብልተ ዎጋራ ኦቾደ ፋና አጭንትደ ጋላ ጻጶ ሻዣራ አይክንቲ ፋና ሲቆራ ኬጽተራ ፋ ጋልቶ ድቻነ።
310411007a	ይኬፓ ቆፋ ባይዘ አይሁደ ማቆሰ አሱንꬅ ፋና የዝፐተ ጋእ ላꬄ ቲኖ ማርክꬋነ።
3104120069	ኡን ቆፍታ ꬉምዳ፤ ፋ ዎዝንተ ꬉምዳ። ጾዚ እንግዘ ደኦፓን Ꮉክዳ።
3104130081	ኡን ዬላ ጋዘባዝ ኤሮስ፤ ኡን ቱና ባዝ ኦቾደስን አሾ አሞትꬅስ ፋና አꬂ እንግዳ።
310414003e	ይን ክርስቶሳ ባዝ ይኒ ጋር ታማርካያ።
3104150056	ቱርፓ ይን ስእዳ። ማህ የሱሳ ግዳ ቱሪ የዛኖ ታማርዳ።
310416007b	ይን ቲኖ የዝደ ዎግቶ አሾተ። ማህ ጭምዘ አሞራ ꬋብዘ ይን ጋልአ ቆፍቶ Ꮉሶተ።
310417002d	ይን ዎዝና አያናራ ክልꬎተ።
310418006b	ቱሪ ጽሎትꬃራን ጌሻትꬃራ ጾዚ አዚ መꬍንትደ ክለ አሳትꬅቶ ማኦተ።
310419009a	ይኬ፥ ዎርዶ ኦህንትፐተ። ኑኒ ኡቡንꬅ ክርስቶሳ ጋላ ብልተ ማቅደ ግሾ አስ ኡባራ ቱሮ ኦህንቶተ።
31041a0066	ካጮተ፥ የዝን ይን ናጋራ ኦችፈተ። ይን ካቻራ የዝን አዋ ገልፐ።
31041b0026	ጻላሄስ በሲ እንግፈተ።
31041c008e	ካይስትዘ ይኬፓ ካይስትፐ። የዝን ዳሁንꬃና ማድዘ ባዝ የሳደ ፋና ፋ ኩሸራ ሎኦ ባዝ ኦቾ።
31041d00b1	ይን ዶንትፓ ሙሎን ኢታ ቃላ ኬዝፐ። የዝን ስእዙንꬃና ኡፋይሶደስን ምንꬆደስ ቤዝዘ ሎኦ ቃላ ይን ዶንትፓ ከዞ።
31041e0052	ዎዞ ቃማስ አታሚ ጋድደ ጌሽ ጾዘ አያና አዛንꬅፈተ።
31041f0062	ሞርከትꬅ፥ ዥሎ፥ ካች፥ ኡፎ፥ ጫሽን ኢታ ኡባ ይንታፓ Ꮉሶተ።
31042000c4	አꬂ ፈታይ ፈታይስ ኬሃን ይቅስንትዙንꬃና ማቆተ። ጾዚ ክርስቶሳ ባጋራ ይንትስ አቶ ጋይዳን ፋና ይንትን ዎልስ አቶ ጋኦተ።
310501005b	ይኬ፥ ጾዚ ካꬍንትደ ናኡንꬅ ፋና ጾዛ ካልዙንꬃና ማቆተ።
31050200ba	ክርስቶሳ ኑና ካꬊ ጾዛ ኡፋይስዘ ሎኦ ሳውዘ እሞን ዣርሾ ማህ ፋ ሸምፕቶ ኑስ አꬂ እንግዳን ፋና ይንትን ሲቆራ የዞተ።
31050300ba	አኮን ኦላለ Ꮉንታ፥ ዎይ ቱናትꬅ፥ ዎይ አሞትꬅ ጋርዘ ባዝ ሙሎን ይን ካለ ስንትፐ። ይና ጌሽ ማቅደ ጾዝ አስስ ቤዞስ።
3105040082	ዬልዘ ባዝን ቦዛ ኦሄ ዎይ ቅ ይንትስ ቤዞሰ ግሾ የዝፐተ፤ አꬊ ጾዝ ጋላቶተ ፋትን።
31050500d5	Ꮉኖ ኤሮተ፤ ኦንን ኦላለ Ꮉንትዘ ዎይ ቱና ባዝ ኦችዘ ዎይ አሞꬍዘን ኤቃ ጎይንዘን ዣርꬍዘ ክርስቶሳራ ጾዘ ካእቱሞ ገሎደስ ዳንዳኦስ።
310506009a	ይንፓ ደንድዳነ ጾዘ Ꮉንቆ ኪትንቶሰ አሱንꬃላ አፋ የኦደ ግሾ ኦንን ይንታና ፋꬆሰ ኦሄራ ጭምፐ።
310507004c	ይኬ የን ሳራ ዎላ ኢታ ባዝ ኦችዙንꬃና ማቅፈተ።
310508008a	ዛጋ ይን ꬉማ የዝዳ፥ የዝን Ꮉተ ላꬄ ባጋራ ፎኦ የነ። ይኬ፥ ፎኦ የዘ አስ ፋና Ꮉንቶተ።
3105090052	ሎኦትꬅ ኡባ፥ ጽሎትꬅን ቱሪ ኣፈ በንትዘ ፎኦ ግዳ።
31050a0045	ይኒ ግሾ ላꬃ ኡፋይስዘ ባዝ ኦቾደስ ኮዮተ።
31050b0052	ኣፈ ባይዘ ꬉማ ኦቻራ ፈቶ ማቅፈተ፥ አꬂ ቆንጭዞተ።
31050c0059	ኡን አችቻ ኦችዘ ግሾ መለ አቶ የዝን ኦሆደስን ዬልዛነ።
31050d0049	የዝን ኡባ ባዝ ፎኦ ከዝዘ ዎደ ቆንጪ በንታነ።
31050e00ab	ቆንጪ በንትዘ ኡባ ፎኦ። ይኒ ግሾ፥ «ናተ ገንትዛዮ ባርኮ፤ Ꮉይቆፓ ደንዶ፤ ክርስቶሳ ኔስ ፎኦዳ» ያጋይዳ።
31050f0097	ይኬ፥ ይን ጭንጩንꬅ ፋና ማቆተ ፋትን ጭንጫትꬅ ባይዙንꬅ ፋና ማቂ የዛመ ፋና ሎይꬂ ናግንቶተ።
3105100038	ቃምታ ኢታ ማቅደ ግሾ ዎድቶ ዎዞተ።
3105110066	ይኒ ግሾ፥ ላꬄ ቆፍታ አኮ የዛኮ ቆፖተ ፋትን ኤዩንꬃና ማቅፈተ።
3105120075	ጌሽ አያናራ ኩሞተ ፋትን ዎይነ ኡሻራ ማꬅንትፈተ፥ ይና ꬋብሰጎ ካንጋነ።
31051300b2	ማዝሙረራን፥ ሳባራ አያና የꬃራ፥ ፈታይ ፈታይራ ኦህንቶተ። ማህ ይን ዎዝንተ ዛማርተራን ሳቢተራ ላꬃ ጋላቶተ።
3105140071	ኑ ላꬄ የሱስ ክርስቶሳ ሱንꬅተ ኡባ ባዝስ ጾዛ አዳያ ኡባ ዎደ ጋላቶተ።
3105150054	ክርስቶሳ ቦንቾስ ጋእ ይንታፓ ፈታይ ፈታይስ አቆተ።
310516005a	ማቹንꬆ፥ ላꬅስ Ꮉርንትዛን ፋና ይን አዝኑንꬅስ አቆተ።
31051700b0	ክርስቶሳ ዎሳ ኬꬅትስ ኦማ ማቅዳን ጋር አዝንን ፋ ማችትስ ኦማ። ማህ ክርስቶሳ ፋ ጋላ ማቅደ ዎሳ ኬꬅቶ አሽዛ።
3105180093	የዝን ዎሳ ኬꬂ አሱንꬅ ክርስቶሳስ Ꮉርንትዛን ፋና ማቹንꬅ ፋ አዝኑንꬅስ ኡባ ባዛራ አቆተ።
3105190090	አዝኑንꬆ፥ ክርስቶሳ ዎሳ ኬꬅቶ ካꬊ ፋና ኢስ እንግዳን ፋና ይንትን ይን ማቹንꬃና ካꬎተ።
31051a0054	ኤ ዎሳ ኬꬅቶ ፋ ቃልት ባጋራ Ꮉꬃራ ሜጭዘ ፋና ጌሻነ።
31051b00bc	ꬎሃ ዎይ ስኖ ቱከ ዎይ ይኒ ጋርዘ ባዝ ባይዘ ጌሽን ቦረ ባይዛኖ ማህ ቦንችንትደ ዎሳ ኬꬅቶ ፋስ ሺሾደስ ኮይ ይኖ ኦችዳ።
31051c0095	ይኒ ፋና፥ አዝኑንꬂ ፋና ካꬍዛን ጋራ ፋ ማቹንꬃና ካꬎደስ ቤዛነ። ፋ ማችቶ ካዽዘ ፋና ካꬋነ።
31051d00a2	ፋና እጽዘ አስ ኦንን ባያ፥ የዝን ክርስቶሳ ዎሳ ኬꬅስ ኦችዛንን ናግዛን ፋና ፋ ጋልቶ ሙዛነን ናጋነ።
31051e0033	ኑኒ ክርስቶሳ አሳትꬅት ብልተ።
31051f00a8	«ይኒ ግሾ፥ አስ ፋ አዳያን ፋ እንቶ አሺ፥ ፋ ማችትራ ፈቶ ማቃነ፤ ኡን ላምኡንꬅ ፈቲ አሾ ማቃነ» ያጋይዳ።
310520007e	ይና ዳማ ሳዛ ቆፍታ፥ የዝን ታኒ ይኖ ክርስቶሳስን ዎሳ ኬꬅስ አዝዘ ማህ ኦህነ።
3105210084	የዝን፥ ይን ፈታይ ፈታይ ይን ማቹንꬃና ይኒ ፋና ካꬎተ። ማችታን ፋ አዝንዛ ቦንቾ።
3106010072	ናኡንꬆ፥ ይንታና የልዱንꬅስ ላꬄ ግሾ ጋእ ኪትንቶተ፥ ይና ቤዝዘ ባዝ።
3106020062	«ነ አዳያን ነ እንቶ ቦንቾ።» ይና ኡፋይስ ቃላ የዘ ቲኖ ኪታ።
3106030062	«ነ ይኖ ኦችኮ ኡባ ባዝ ኔስ ጊጎዳ፤ ነ በርታ ሳአላ ጳርጎዳ»።
3106040078	አዱንꬆ፥ ይን ናኡንꬃና ላꬄ ዞረራን ሴረራ ድቾተ ፋትን ኡንታና ዥልዝፐተ።
31060500b8	አሩንꬆ፥ ይን ክርስቶሳስ ኪትንትዛን ፋና ዣሽሞራን ጎቀራ፥ ይን ዎዝንተ ሱርተራ አሾስ ላꬂ ማቅዱንꬅስ ኪትንቶተ።
31060600a5	አስ ቲኖ ሳባ ደንጎደስ ኡን በእዘ ዎደ ጻላላ ኦችፍተ። የዝን ጾዘ ቆፋ ኦችዘ ክርስቶሳ አሩንꬃና ማቆተ።
310607005b	አስስ ማቅካይዝን ላꬅስ ጋእ ይን ኩምꬅ ዎዝንትፓ ኦቾተ።
3106080093	አሮ ማቅን ዎይ ላꬂ ማቅን ፈታይ ፈታይ ፋ ኦችደ ሎኦ ኦችትስ ላꬃፓ አንጆ ኩሸ ኤኮዳኖ ኤሮተ።
31060900d7	ይን ላꬁንꬆ፥ ማንድዛኖ አሺ ሎኦ ባዝ ኦቾተ፥ ይንታናን ኡንታናን አህዘ ላꬃይ፥ ሳሎ የዛይ አስ ስኖ ብእ ፍርዳ ደሽ ይዞሳኖ ይን ኤራነ።
31060a0057	አትዳነ፥ ላꬃራን ኤ ዳማ ዎልቂተ ሚንግዱንꬃና ማቆተ።
31060b0071	ጻላሄ ጭሞ እጺ ዳንዳኦደ ጋር ጾዘ ይንትስ እንግደ ኦላ ሚሸ ኡባ ማኦተ።
31060c00e0	ኑ ኦልንትዛና ሱꬃራን አሾራ ባያ፤ ሳሎ የዘ ቱና አያና ኦላንቹንꬃራ፤ አደትꬅ ዎልቃ አዱንꬃራ፥ Ꮉላቁንꬃራን Ꮉና ꬉማ አላምቶ አህዙንꬃራ።
31060d009d	ይኒ ግሾ፥ ኢታ ቃማ እጾደስ ኡባኖ ፎሊ፥ ሚንግ ኤቆደስ ይን ዳንዳኦደ ጋር ጾዘ ኦላ ሚሸ ኡባ ማኦተ።
31060e00bc	ይኬ ይን ቃዝንተ ቱሮትꬅ ዳንጪ፥ ጽሎትꬅ ጹሩረ ማእ፤ ሳሮትꬅ ዎንገለራ ጊግንቲ ይን ቶህተ ጫማ ፋና አꬂ ሚንግ ኤቆተ።
310610009a	ኡባንላ ጉጂ፥ ጻላሄ ዳክዘ ኢታ ሎብዘ ታማ ዶንገ ኡባ ꬋብሶደስ ዳንዳእዘ አማኖ ጎንዳለ ደንꬆተ።
3106110084	አቶትꬅ ብራታ ባርኔጻ ጋር ይን ኦምተ ጋዶተ፤ አያና ማሻ አይኮተ፤ ኤዝን ጾዘ ቃላ።
310612009d	ዎሳራን መሉንꬅስ ዎሳራ ኡባ ዎደ አያናራ ዎሶተ። ይና ቆፍትራ ጌሹንꬅስ ዎስተራ ኡባ ዎደ ምንጎተ።
3106130075	ታኒ ዎንገለ ጋꬅ ቆፋ ቆንጭዝ ኦሆደ ፋና ጾዚ ታስ ቃላ እንጎደ ፋና ዎሶተ።
3106140097	ዎንገለ ኪታስ ሳንꬃላታራ አጭንትዳይ ኤ ግሾ ኦሆደስ ቤዝዘ ፋና ቆንጭዝ ኦሆደ ፋና ታስ ዎሶተ።
31061500d7	ታኒ ዋይዘ የዛኮን አኮ ኦችዛኮ ይን ኤሮደ ጋር ኑ ሲቆ እሻይ፥ ላꬄ ኦችተ አምንንትደ ኦቻንችዛይ፥ ትክቆሳ፥ ታ ባዝ ኡባ ይንትስ ኦሆዳ።
310616007e	ኑ ባዝ ይን ኤሮደ ፋናን ይን ዎዝንቶ ምንꬅꬆደ ጋር ይንታጎ ኪትዳና ይኒ ግሾስ።
3106170089	ጾዘ አደፓ፥ ላꬄ የሱስ ክርስቶሳፓ ሳሮትꬅን ሲቆ አማኖራ ዎላ አማንዘ ኡቡንꬅስ ማቀ።
3106180080	ቶዮሰ ሲቆን ኑ ላꬄ የሱስ ክርስቶሳ ካዽዘ ኡቡንꬅስ አꬎ ኬሃትꬅ ማቀ፤ አምንኤ።
3200000012	ፍልጵስዩሳ
320101015f	ክርስቶስ የሱሳራ ፈቶ ማቅደ ግሾ ጾዘ ባዝ ማቅደ፥ ፍልጵስዩሳ ካታማ የዘ ዎሳ ኬꬂ አህዙንꬅስን ዳቆናተስን ክርስቶሳ የሱሳራ የዘ ጌሹንꬅስ ኡቡንꬅስ። የሱስ ክርስቶሳ አሮ ማቅደ፥ ጳዉሎሳፓን ጢሞትዮሳፓ ዳክንትደ ኪታ።
3201020079	ኑ አዳይ ጾዘፓን ላꬄ የሱስ ክርስቶሳፓ አꬎ ኬሃትꬅን ሳሮትꬅ ይንትስ ማቀ።
3201030049	ታኒ ይንታና ቲርዘ ዎደ ኡባ፥ ታ ጾዝ ጋላታነ።
3201040052	ታኒ ይን ኡቡንꬅስ ጾዝ ዎስዘ ዎደ ኡፋይሳራ ዎሳነ።
3201050087	ይን ቲኖ ቃማፓ Ꮉይኖ የሎደስ፥ ዎንገለ ማርክꬍዛነ ታራ ዎላ ማቅደ ግሾ ጾዝ ጋላታነ።
32010600ab	ይን ግዳ ሎኦ ኦቻ አይክደ ጾዘ፥ ክርስቶስ የሱሳ ላምእንꬃ ማቂ የእዘ ቃምቶ የሎደስ፥ ፎሎዳኖ ሎይꬂ ኤራነ።
3201070132	ይን ኡባ ዎደ ታ ዎዝንተ የነ። ታኒ ኡባ ዎደ ይን ግሾ ቆፖደስ ቤዛነ። Ꮉተ ታኒ አቻ የዝተራን አጭንቶዳንፓ ቲኖ ዎንገለ ናጎራን ዎንገለ ምንꬂ ኦሄ ጾዚ ታስ እንግደ አꬎ ኬሃትꬅቶ ታራ ግዥንትዳ።
320108007d	ታኒ ይንታና ኡባ ክርስቶስ የሱሳ ሲቅተ አኮ ፋና ይቅስንትዛኮ ጾዚ ታስ ማርካ።
3201090071	ይን ሲቅታ ቱሪ ኤራትꬃራን አካኬራ ዎላ ጉጂ ጉጂ ድጮደ ፋና ጾዝ ዎሳነ።
32010a00a1	ይነ ይን ሎኦ ባዝ ሻጊ፥ ኤሮደ ፋናን፥ ክርስቶሳ ማቂ የእዘ ቃምተ ጌሹንꬃናን ቦረ ባይዙንꬃና ማቃዳ።
32010b0091	ይን ደእታ ጾዝስ ቦንቾን ጋላታ የሱስ ክርስቶሳ ባጋራ በንትዘ ጽሎትꬅ ኣፈ ኩሚ አፎደ ፋና።
32010c007e	ታ እሹንꬆ፥ ታና የልደ ዎንገለ ዳልጎደ ፋና ቱሮ ማድዳኖ ይን ኤሮደ ፋና ኮያነ።
32010d007f	ታኒ ክርስቶሳ ኦችዘ ግሾ አጭንትዳኖ፥ ካት ኬꬂ ናግዙንꬅን መሉንꬅ ኡባ ኤራነ።
32010e00f4	ታ አጭንቲ ምክናተር ኑ እሹንꬃፓ ጋሙንꬅ ላꬃ ሎይꬂ አማንንትዳ። ይኒ ግሾ፥ ጾዘ ቃላ ዣሽሞ ባይዝን ካሰንፓ አꬊ ሚንግ ኦሆደ ፋና ምንꬅትሞ ኡን ደንግዳ።
32010f00a0	ማቆ የዝን፥ ፈታይ ፈታይ ቃናተራን ላለራን ክርስቶሳ ባዝ ኦህነ፥ የዝን መሉንꬅ ሉለ ዎዝናፓ ኦህነ።
3201100087	ሉለ ዎዝናፓ ኦህዙንꬅ፥ ጾዚ ታስ ዎንገለ ናጎ ኦቻ እንጎዳኖ ኤርዘ ግሾ ሲቆራ ኦህነ።
32011100cd	የዝን Ꮉንኩንꬅ ታ አችትላ አፋ መለ ማꬋ ኮኦደባዝ ኡንትስ አዝን ፋና ካ ፓ ደንዲ ክርስቶአባዝ ኦህነፕ አትን ቱሪ ዎዝናፓ ኦሆስ።
32011200c2	ይና አኮን ይኦስ። ቱሪ ዎዝናፓ ማቅን ዎይ ቱሪ ባይዘ ዎዝናፓ ማቅን ይና ኡባነ ክርስቶሳ ሳባክንታነ። ታና ይና ኡፋይሳነ።
32011300b6	ማህ መለ ታና ኡፋይስዘ ባዝ፥ ታኒ ይን ዎስተን የሱስ ክርስቶሳ አያና ማደራ ዋሎ ኬዝዳኖ ኤርዘ ግሾ ታና ኡፋይሳነ።
3201140119	ታኒ ፎሎ ታ ኦችተ ዬልꬋማኖ ኡፋይሳራ ናጋነ። የዝን ኡባ ዎደ ኦችዛን ፋና፥ Ꮉተ ታኒ ፋጻ የዝን ዎይ Ꮉይቂን ዣሽትካይዛራ ታ ኩሙꬅ ጋልተ ክርስቶሳ ቦንችንቶዳ ጋእ ምንꬂ ኦህነ።
320115006d	ታስ ደኦ ጋዛና ክርስቶሳስ የዘ፤ ማህ ታ Ꮉይቂኮን ታስ አꬍደ ትርፈ።
32011600a3	የዝን ታ ፋጻ የዝኮ ኣፈ የዘ ኦቻ ኦቾዳ። የዝን ፋጻ የዛንፓን Ꮉይቆፓ አያ ዶሮድ የዛኮ ታስ ኤርንቶስ።
32011700eb	ታኒ Ꮉንꬅ ላምኡንꬃፓ አያ ዶሮድ የዛኮ ኡንእንትዳ። Ꮉና ደእትፓ ሻግንት ክርስቶሳራ ዎላ የሳደስ አሙꬋነ፤ ክርስቶሳራ ዎላ የዛና ኡባፓ አꬊ ሎኦ።
3201180049	የዝን ታኒ ፋጻ የዛና ይንትስ ጋማ ኮሽዘ ባዝ።
320119008b	ይኖ ታኒ ጌሽ ኤራነ፤ ታኒ፥ ይን አማኖራ ድጮደ ፋናን ኡፋይቶደ ፋና ይንታራ ፋጻ የሳዳ።
32011a0098	ይኒ ግሾ፥ ታኒ ይንታጎ ማቂ የእዘ ዎደ ታ ባጋራ ክርስቶስ የሱሳላ የዘ ጬቅንታ ይንትስ ጋንጎዳ።
32011b0130	ኡባፓ አꬂ፥ ይን ክርስቶሳ ዎንገለስ ቤዝዘ ደኦ የዞተ። ታ ይንታና ብእን ዎይ በአንጽን ይን ፈቲ ቆፋራ ሚንግ ኤቂ፥ መሉንꬅ ዎንገለራ አማኖደ ፋና ፈቲ ዎዝናራ ማቂ ፈትላ ቡቱንትዛኖ ታ ስኦዳ።
32011c00b7	ይን ሞርኩንꬅስ ዣሽትፐተ። ኡን ይንታራ ኤቅንትዛና ይና ኡንትስ ꬋበ ማላ ማቂ፥ ይንትስ ጾዛፓ ማቅደ አቶትꬅ ማላ።
32011d00b8	ክርስቶሳስ ኦችዘ እሞትꬅ ይንትስ እንግንትዳና፥ ይን ኤዛ አማኖደ ፋና ጻላላስ ባይዝን ይን ኤ ግሾ ማꬋ ኤኮደ ፋና።
32011e00d8	ይኒ ግሾ፥ Ꮉተ ይን ታራ ዋየ ግሽንትዙንꬃና ማቅዳ፤ ይና ዋይታ Ꮉንፓ ቲኖ ታና የልን ብእዳኖን Ꮉተን ታና የሊተራ የዛኖ ይን ስእተ የነ።
32020100f4	ክርስቶሳራ ይን የዘ የስታ ይንታና ሚንꬃነ፤ ማህ ኤ ሲቅታን ይንታና ምንꬅꬃነ። ጌሽ አያናራ ይንትስ ፈተትꬅ የነ፤ ይን መሉንꬅስ ዳልጋነን ይቅስንታነ።
320202008b	ይኬ፥ ይን ፈቲ ቆፋራ፥ ፈቲ ሲቆራ፥ ፈቲ ዎዝናራን ፈቲ አያናራ ማቂ ታና ፎሎ ኡፋይሶተ።
32020300cc	ይንታና ካ ራ ዎይ ጬቅንትዘ ፋꬆሰ አሞራ ፈቲ ባዝን ኦችፐተ። የዝን ይን ፈታይ ፈታይፓ ዳማነ ያጋእ ቆፕካይዛራ ይንታና ካዉሾተ።
320204008a	ይን ፈታይ ፈታያ፥ መሉንꬃና ማድዘ ባዝ ኮዮተ ፋትን ይንታና ማድዘ ባዝ ጻላላ ኮይፐተ።
3202050052	ክርስቶስ የሱሳ የዘ ቆፍታ ይን ግዳ የሳደስ ቤዛነ።
32020600a8	ኤስ ኡባ ዎደ ጾዘ Ꮉኖትꬅ የነ። ይኖ ማቅኮን፥ ኤዛ ጾዛራ ፈቶ ማህዘ Ꮉኖትꬅቶ፥ ዎልቃራ ኤኮደስ ኮይካያ።
320207008f	የዝን፥ ኤ ፋስ የዘ ቦንችቶ ኡባ አሺ፥ አሮ ማቅዳ፤ አስ ፋና የልንትዳ፤ አስ ማቂ ቆንጭዳ።
3202080089	ኤ ፋና ካዉሽዳ፤ Ꮉይቆስ የሎደስ፥ መለ አቶ የዝን ማስቃላላ አፋ Ꮉይቆደስ ኪትንትዳ።
3202090086	ይኒ ግሾ፥ ጾዚ ኤዛ ጋማ ꬎቅ ꬎቅ ዪዝዳ፤ ማህ ሱንꬅ ኡባፓ አꬍዘ ዳማ ሱንꬅ እንግዳ።
32020a0083	ይኒ ግሾ ሳሎን ሳአ፥ ሳአፓ ኦሞራ የዘ ኡባና፥ የሱሳ ሱንꬅት ቦንቾስ ቡንቅንቶዳ።
32020b0083	አስ ኡባ ፋ እልአንꬅተ፥ የሱስ ክርስቶሳ ላꬂ ጋእ፥ ጾዘ አዳይ ቦንቾስ ማርክꬎዳ።
32020c011c	ታ እሹንꬆ፥ ታኒ ይንታራ የዘ ዎደ ኡባ ይን ኪትንትደ ፋና፥ Ꮉተ ታ ይን ካለፓ Ꮉክኮን፥ ቲኖንፓ አꬂ፥ ኪትንቶደስ ቤዛነ። ጾዝስ ዣሽሞራን ጎቀራን ይን አቶትꬅቶ ቤዝዘ ኦቻ ኦቾተ።
32020d005e	ኤ ኮይዘ ቆፍቶ ኦቾደ ፋናን ኮዮደ ፋና ይን ግዳ ኦችዘ ጾዚ።
32020e005d	አኮ ኦቻን ኦችተራ ዙዝንግካይዛራ ዎይ ላልካይዛራ ኦቾተ።
32020f00c3	ዎቦን ናጋራንቾ አሱንꬅ ግዳ ቦረ ባይꬅ፥ ጌሹንꬃናን ቦርሶ ባይዘ ጾዘ ናአ ማቆተ። ይን ኡን ግዳ ሳሎ ጾልንቶ ፋና ፎእተራ፥
32021000c5	ደኦ በንትዘ ቃላ አሽካይዛራ ምንꬂ አይኪ፤ ይኒ ፋና ታ ዎꬅታን ታ ኦችታ Ꮉሪ አቶሰ ግሾ ክርስቶሳ የእዘ ዎደ ታስ ጬቆ ማቃዳ።
32021100a0	የዝን ይን አማንተን ኦችተ ዣርሾ ጉጂ ታ ሸምፕታ ላንትዛኮን ታና ኡፋይሳነ። ይንትን ታራ ኡፋይቶዳ።
3202120051	ይኒ ፋና ይንትን ኡፋይት ታናን ኡፋይሶደስ ቤዛነ።
32021300b3	ታኒ ይን የስት ባዝ ስእ ታ ኡፋይቶደ ፋና ጢሞትዮሳ ይንታጎ ኤልሲ ዳኮደ ፋና ላꬂ የሱሳ ታና ማዶዳኖ አማንንታነ።
320214005a	ይን የስትስ ዎዝናፓ ቆፕዘ ኤ ጋርዘ አስ መለ ኦንን ባያ።
3202150073	መሉንꬅ ፋና ማድዘ ባዝ ኮያነፕ አትን የሱስ ክርስቶሳ ኮይዘ ባዝ ኦቾስ።
32021600a6	ኤ ታራ ፈትላ ማቂ ናአ ፋ አዳይስ ኦችዛን ፋና ዎንገለ ኦቻ ኦችዳይን አማንንትደ አስ ማቅዛኖ ይን ኤራነ።
3202170071	ይኒ ግሾ፥ ታ ባዝ ዋያድየዛኮ ብእ ኤልሲ ኤዛ ይንታጎ ዳኮዳ ጋእ ቆፓነ።
3202180062	ታኒ፥ ታ ኦምተ ኡከ ዎደ ይንታጎ Ꮉንጎዳኖ ላꬃላ አማንንታነ።
32021900e8	ይን ጋራን፥ ታኒ፥ ታ እሻ ኤጳፍሮድቱሳ፥ ታራ ዎላ ታ ባጋ ማቂ ኦችዳያ፥ ኦልንትዳያን፥ ታና ማዶደስ ይንትስ ኪትንትድያ፥ ይንታጎ ኪቶደስ ቆፕዳ።
32021a00a2	ኤ ይንታና ኡባ በአደስ ጋማ አሙꬋነ። ማህ ኤ Ꮉርግንትዳኖ ይን ስእደ ግሾ ፋ ዎዝንተ ጋማ ኡንእንታነ።
32021b00d6	ኤ ቱሮ Ꮉርግንቲ Ꮉይቆስ ዪእ አትዳ። የዝን ጾዚ ኤዛ ማርዳ። ኤ ጻላላስ ባይዝን አዛኖ አዛኖላ አፋ ጉጁንታመ ፋና፥ ታስን ይቅስንትዳ።
32021c00b4	ይኬ፥ ይን ኤዛ ማህ ብእ ኡፋይቶደ ፋና ታስን ታ ዎዝንተ ምችቶ ቶይሳደ ፋና ታ ኤዛ ኤልሲ ይንታጎ ዳኮደስ አሙꬋነ።
32021d006e	ላꬃ አማንዘ ግሾ ኡፋይሳራ ሞኮተ። ማህ ኤ ፋና የዘ አስ ኡባ ቦንቾተ።
32021e00ac	ይን ታ ካለ ማቂ ኦቾደስ ዳንዳኦሰ ማደ ማዲ ክርስቶሳ ኦቻ ግሾ ፋ ሸምፕትስ ይቅስንታንጽ Ꮉይቆስ ዪእ አትዳ።
32030100ea	ይኬ፥ ታ እሹንꬆ፥ ይን ላꬄ ባዝ ማቅደ ግሾ ኡፋይቶተ። ታኒ ቲኖ ጻፍዳን ፋና ማህ ጻፎዳና ታና ዋይꬆስ፥ የዝን ይንታና ባልንተፓ ናጎደስ ዳንዳአነ።
3203020085	ኢታ ባዝ ኦችዘ ካኑንꬃፓን፥ ማህ ጋራዝንቶደስ ቤዛነ ጋዘ ኢታ አሱንꬃፓ ናግንቶተ።
32030300fb	ኑኒ ጾዘ ጌሽ አያናራ ጎይንዘ ግሾን ኑ የስተ ክርስቶስ የሱሳራ ጬቅንትዘ ግሾ ቱሪ ጋራዝንተ ጋራዝንትዱንꬃና። ኑኒ አሳትꬃላ አፋ ኦችንትዘ ባዛላ ጬቅንቶስ።
3203040120	ታ በንትዘ አሳትꬃላ ጬቅንቶደስ ቤዝኮ ታ ጋማ ባዛራ ጬቅንቶደስ ዳንዳአነ። አኮ አስን ፋ በንትዘ አሳትꬃላ ጬቅንትዘ ባዝ ፋስ የነ ጋእ ቆፕኮ፥ ታኒ ኤፓ ጋማ አꬊ ጬቅንትዘ ባዝ የነ።
32030500fb	ታኒ የልንትደ ኦስፉን ቃማራ ጋራዝንትዳ። ታኒ የልንተራ እስራኤለ፤ ብንያመ ኮች፤ ታኒ ዎርቂንተ ባይዘ አይሁደ አስ። አይሁደ ህገ ናገራ ማቅኮ ታኒ ፋርሳወ።
32030600bf	አይሁደ አማኖ ቅናተራ ማቅኮ ታ ዎሳ ኬꬃ አማንዙንꬃና ባይአነ። ፈቲ አስ ህገ ናጊ ጽልዘባዝ ማቅኮ፥ ታላ ቦረ በንትካያ።
3203070088	የዝን ዛጋ ታና ማዳነ ጋእ ቆፕደባዝ ኡባ፥ ክርስቶሳ ግሾ ጋእ ማዶሰ ባዝ ማህ ፋይድዳ።
320308017b	ይኖ ጻላላ ባይዝን ታኒ ታ ላꬄ ክርስቶስ የሱሳ ኤርዛና መለባዝ ኡባፓ ጋማ አꬍዘ ግሾ ይና ኡባኖ ትርፈ ባይዘ ፋና ፋይድዳ። ታኒ ኤ ግሾ ኡባነ ቆህንትዳ። ክርስቶሳ ደንጎደስ ኡባ ባዝ አላ ኦልንትደ ቡረ ፋና ፋይድዳ። ታኒ የሱሳራ ፈቶ ማቅዳ።
32030900b9	ይኖ ዪዛና ህገላ ማቅደ ታ ኦማ ጽሎትꬅ አሺ አማኖላ ማቅደ ጾዘ ጽሎትꬅ ክርስቶሳ አማኒ ደንጎደስን ኤራ ዎላ ማቃደስ።
32030a00af	ታኒ ክርስቶሳን ኤ ደንዶ ዎልቅቶ ኤሮደስ ኮያነ። ታኒ ኤ ዋይቶ ኤራ ግሽንቶደስ ኤ Ꮉይቅተ ኤ ደንድቶ አሙꬋነ።
32030b0058	ይኒ ጋር፥ Ꮉይቆፓ ደንዲ መዽና ደኦ የሳደስ ኡፋይታነ።
32030c00ea	ታኒ Ꮉተ ቆፕደ በስቶ የልዳ ዎይ ታ ግዳ ባላ ባያ ጋኦስ። የዝን ክርስቶስ የሱሳ ታና አይክደ ግሾ ታኒ ታ ቲኖ የዘ ዎይቶ አይኮደስ ዎጻነን ቡቱንታነ።
32030d00c4	ታ እሹንꬆ፥ ታኒ ይኖ ደንግዳ ጋእ ቆፖስ፥ የዝን ታኒ ፈቲ ባዝ ኦቾዳ። ታፓ ሱባራ የዛኖ ቦቲ ቲኖ የዛኖ አይኮደስ ሼልንቃነ።
32030e00c3	ይኒ ግሾ፥ ታኒ ቆፕደ በስቶ የሎደስ ዎጻነ። ጾዘ ክርስቶስ የሱሳ ባጋራ ሳሎ የዘ መዽና ደኦስ ጼግደ ዎይቶ ኤኮደስ ኤልሳነ።
32030f00c7	ይኬ፥ ኑኒ አያናራ ሚንግደ ኡቡንꬅ Ꮉኖ ቆፖደስ ቤዛነ። ይንታፓ ባጉንꬅስ ዱሙዽዘ ቆፋ የዝኮ፥ ይኖን ጾዚ ይንትስ ቆንጭሳዳ።
320310004e	ማቅኮን፥ ጾዚ ኑስ ቆንጭዝደ ቱርተ፥ ቲኖ Ꮉማዳ።
320311007e	ታ እሹንꬆ፥ ታና አዞተ፤ ይኒ ፋናን፥ ኑና አዚ ካልዘ መለ አሱንꬃና ቆፒ ቦኦተ።
32031200d8	ታኒ ይኖ ይንትስ ቲኖ ጋማ ቶሄ ኦህዳ፥ የዝን Ꮉተን ማህ አፉꬃራ ኦህነ። ፋ የስተ ክርስቶሳ ማስቃላስ ፋና ሞርከ ማህደ ጋማ አሱንꬅ የነ።
32031300b2	ኡን ፎልታ ꬋበ፤ ኡን ሳዝታ ኡንትስ ላꬂ። ዬልꬎደስ ቤዝዘ ባዛ ኡን ጬቅንታነ፤ ማህ Ꮉና ሳእትባዝ ጻላላ ቆፓነ።
3203140071	ኑ ጋድታ ሳሎ። ሳሎፓ ይእ ኑና አሾደስ የዘ ላꬂ የሱስ ክርስቶሳ ናጋነ።
32031500d6	ክርስቶሳ ኡባባዝቶ ፋ አደትꬅ ዎልቃፓ ኦሞራ ማሆደስ ዳንዳእዘ ፋ ዎልቃራ ኑ ላቢꬅ አሳትꬅቶ ላሚ ፋ ቦንቾ አሳትꬅቶ አዞደ ፋና ዪሳዳ።
32040100a6	ታ እሹንꬆ፥ ታ ካꬍዙንꬆ፥ ታ አሙꬍዙንꬆ፥ ታና ኡፋይስዙንꬆን፥ ታና ጬቅዙንꬆ ይኬ ላꬃራ ሚንግ ኤቆተ።
3204020083	ኤዎድን ስንጺካን፥ ይን ላምኡንꬅ፥ ፈቲ ቆፋራ ላꬃራ የሳደ ፋና ታ ይንታና ዞራነ።
3204030138	ታራ ኦችዘ አማንꬅዛዮ፥ ኔኒ Ꮉንꬅ ማቹንꬃና ማዶደ ፋና ታ ነና ዎሳነ። Ꮉንꬅ ማቹንꬅ ታራ፥ ቀለምንጾሳራን ኡን ሱንꬅታ ጾዘ ደኦ ማጻፍተ ጻፍንትደ መሉንꬃራ ዎላ ዎንገለ ኡባ በሳ የልꬆደስ ላቢዳ።
3204040069	ላꬃራ የዛነ ኡባ ዎደ ኡፋይቶተ። ታኒ ይኖ ጉጂ ኦህነ፤ ኡፋይቶተ።
320405004c	አስ ኡባ ይን ሎኦትꬅቶ ኤሮ፤ ላꬂ ኡከራ ዮኦዳ።
32040600ac	ጾዝ ይን ዎስዘ ዎደ ኡባ ባዛራ ኤዛ ጋላትተራ፥ ይንታና ቤዝዘ ባዝ ኡባ ዎሶተፕ አትን አኮ ባዝስን ይርግፐተ።
32040700a4	አስ ኤራትꬅ ኡባፓ አꬍዘ ጾዘ ሳሮትꬅ፥ ይን ዎዝንቶን ይን ቆፍቶ ላꬂ የሱስ ክርስቶሳስ ማቅዳነ ናጎዳ።
3204080122	ዉርሱꬅተ፥ ታ እሹንꬆ፥ ይን ዎዝንተ ሎኦ ባዝን ጋላትዘ ባዝ ቆፖተ። ቱሮ ማቅደ ባዝ ኡባ፥ ቦንቾ ባዝ ኡባ፥ ቆሄ ማቆሰ ባዝ ኡባ፥ ጌሽ ባዝ ኡባ፥ ሲቆባዝ ኡባ ኡፋይስዘ ባዝ ኡባ ቆፖተ።
32040900a6	ይን ታፓ ታማርዳኖ፥ ኤክዳኖ፥ ስእዳኖን ብእዳኖን ኡባ ኦቾተ። ሳሮትꬅ እንግዘ ጾዘ ይንታራ ዎላ ማቃዳ።
32040a00f7	ጋማ ዎደፓ ሱባ፥ ይን ታ ባዝ ማህ ቆፋ አይክደ ግሾ ታኒ ላꬄ ግዳ ጋማ ኡፋይታነ። ይኖ ጋዛና፥ ታስ ቆፖደስ ይንትስ ዎታንጽደ ግሾፕ አትን ታስ ቆፍቶ አሽካያ።
32040b0067	ታኒ ይኖ ታና ማꬍደ ግሾ ጋኦስ፤ ታስ የዛና ማቃዳ ጋዛኖ ታማርዳ።
32040c00f7	ታኒ ማꬍꬊ የዘ የሲን ኤራነ፤ ማህ ዱርꬊ የዘ የሲን ኤራነ። አባን ማቅን ማህ አኮ ዎደን ታኒ ምሽን ናየ፥ ፋጨን ኩመን ኡባነ ታስ የዛና ማቃዳ ጋዛኖ ታማርዳ።
32040d0057	ዎልቃ እንግዘ ክርስቶሳራ ኡባ ባዝ ኦቾደስ ዳንዳአነ።
32040e0045	ማቅኮን፥ ይን ታ ማꬍተ ማድዳነ ሎኦ ኦችዳ።
32040f00f4	ፍልጵስዩሳ አሱንꬅ፥ ዎንገለ ቲኖ ኦሆደስ ታኒ መቀዶንያፓ ከዝዘ ዎደ እንግዘ ባዛን ኤክዘ ባዛ ይን ዎሳ ኬꬅትፋ መለ ዎሳ ኬꬂ ታና ማድካይዛኖ ይን ኤራነ።
3204100052	ተሰሎንቄ የዘ ዎደን ታና ኮሽዘባዛ ማህ ማህ ማድዳ።
3204110077	ታኒ፥ ይንታፓ እሞ ኤኮደስ ኮይ ባይዝን እሞፓ የእዘ አንጆ ይን ኤኮደ ፋና።
32041200f5	ታስ ኮሽዛኖን ኮሽዛንፓ አꬂ ይን ታስ ዳክደ እሞቶ ኤጳፍራድቱሳፓ ኤክዳ፤ ይናን ይን እሞታ ጾዚ ኤክዘ ሳዎ ቶንኩ ጋዘ፥ ኤ ካዽዘ፥ ኤ ኡፋይትዘ ዣርሾ ፋና።
3204130087	ታ ጾዘ ፋ ዱረትꬅትፓ፥ ቦንቾ ክርስቶስ የሱሳ ባጋራ ይንትስ ኮሽዘ ባዝ ኡባ እንጎዳ።
320414005f	ኑ አዳይ ጾዘስ መꬍናፓ መዽና የሎደስ ቦንቾ ማቀ። አምንኤ።
3204150098	ክርስቶስ የሱሳ ባጋራ ጾዘ ባዝ ማቅደ ኡቡንꬃና ሳሮ ጋኦተ። ታራ የዘ እሹንꬅ ይንታና ሳሮ ጋነ።
320416007e	ጾዝስ ማቅደ አሱንꬅ ኡባ፥ ኡባፓ አꬂ ካት ቄሳረ ኬꬃ የዙንꬅ ይንታና ሳሮ ጋነ።
320417004e	ላꬄ የሱስ ክርስቶሳ አꬎ ከሃትꬅታ ይንታራ ማቀ።
330000000f	ቆላስያሳ
3301010069	ጾዘ ቆፋ ክርስቶሳ የሱሳ ሐዋረ ማቅደ ጳዉሎሳን ኑ እሸ ጢሞትዮሳ፥
33010200be	ቆላስያሳ ካታማ የዘ ክርስቶሳ ግዳ አማንንትደ አሱንꬅስ ጻፍደ ኪታ። ጾዘ ኑ አደፓ አꬎ ኬሃትꬅን ሳሮትꬅ ይንትስ ማቀ።
330103007b	ኑኒ ይንትስ ዎስዘ ዎደ ጾዘ ኑ ላꬃ፥ የሱስ ክርስቶሳ አዳያ ኡባ ዎደ ጋላታነ።
3301040085	ኑ ክርስቶስ የሱሳ ግዳ የዘ ይን አማንቶን ጾዘ አሱንꬅስ ኡባ የዘ ይን ሲቅቶ ስእዳ።
33010500ca	ይኖ ይን ኦችዳና ይን ኡፋይስታ ሳሎ ይንትስ ናግንትደ ግሾ። ይን ቱሪ ኪታ ማቅደ ዎንገለ ቲኖ አማንደ ዎደ ይና ኡፋይስቶ ስእዳ።
33010600c8	ይን ዎንገለ ስእደ ዎደ ጾዘ አꬎ ኬሃትꬅ ቱርቶ ሻኪ ኤርደ ዎደፓ አይኪ ይን ግዳ Ꮉንዳን ፋና ሳአ ኡባ ድጭተራን ኣፍትራን የነ።
3301070081	ይን ይኖ ኑራ ዎላ ክርስቶሳስ ኦችዘ አማንንትደን፥ ካꬍንትደ ኤጳፍራፓ ታማርዳ።
3301080067	ኤ ይንላ አፋ ጉጂ ጌሽ አያና ይንትስ እንግደ ሲቆባዝ ኑስ ኦህዳ።
3301090111	ይኒ ግሾ፥ ኑ ይን ባዝ ስእደ ዎደፓ አይኪ፥ ጾዚ ፋ ቆፍቶ ይንታና ቤሳደ ፋናን፥ ጌሽ አያና እንግዘ ኤራትꬅን ጭንጫትꬅ ኡባ ይንታና ኩንꬆደ ጋር ኡባ ዎደ ይንትስ ጾዝ ዎሳነ።
33010a00ec	ይኒ ፋና፥ ላꬂ ኮይዛን ጋራ ይን የሳደ ጋር፥ ኡባ ዎደ ኤዛ ኡፋይሶደ ጋር፥ ሎኦ ኦቻ ኡባ ይን ኣፈ አፎደ ፋናን ጾዛ አꬊ ኤርተራ ድጮደ ጋር ጾዝ ዎሳነ።
33010b0098	ጾዘ ቦንቾ ዎልቃ ይን ኡባ ባዛ ገንጮደ ፋናን ዳንዳኦደ ፋና ፋ ምንꬅትሞ እንግ ይንታና ኡፋይሶ።
33010c0070	ማህ ጾዘ አሱንꬅ ፎኦ ካእቱሞ ላቶደ ጋር ይንታና ማህደ አዳያ ጋላቶተ።
33010d005a	ኤ ኑና ꬉማ ዎልቃፓ አሺ ፋ ካዽዘ ናአይ ካእቱሞጎ ክእዳ።
33010e004f	ኤ ባጋራ ዎዝንት ኤ ሱꬅተ ናጋራ ማሮትꬅ ደንግዳ።
33010f0079	ክርስቶሳ በንቶሰ ጾዝስ ቱሪ አዝዘ። ኤ መꬍንትደ ባዝ ኡባፓ ቲኖን አንግስ።
3301100108	ኡባ ባዝ ኤ ባጋራ መꬍንትዳ። በንትዘባዝን በንቶሰ ባዝ፥ ዎልቃሙንꬅን ላꬁንꬅ፥ አህዙንꬅን አደትꬅ ዎልቃ አዱንꬅ፥ ሳሎን ሳአ የዘ ኡባና ኤስን ኤ ባጋራ መꬍንትዳ።
3301110077	ክርስቶሳ ኡባባዛፓ ቲኖ የነ። ኡባ ባዝ ኤ ባጋራ ፋ በስተ አይክንቲ ኤቅዳ።
330112008f	ኤ ፋ ጋላ ማቅደ ዎሳ ኬꬅትስ ኦማ። ኤ ኡባፓ ካታራ ማቃደስ Ꮉይቆፓ ደንዶራ ቲኖን አንግስ።
330113005d	ጾዘ ኩሙꬅ ዎልቅታ ናአይ ግዳ የሳደ ፋና ጾዘ አዳይ ኮይዳ።
3301140097	ማህ ማስቃላላ አፋ ላልደ ፋ ናአይ ሱꬅተ ሳሮትꬅ መꬊ ሳሎን ሳአ የዘ ኡባ ኤ ባጋራ ፋራ ጊግዝዳ።
3301150088	Ꮉንፓ ቲኖ ይን ቆፋ ኢታትꬅታ ይንታና ጾዛፓ ሻጊ ኤራ ሞርከ ማህዳ፤ ይን ኦችታን ኢታ።
33011600c6	የዝን Ꮉተ ክርስቶሳ አሾራ Ꮉይቂደ Ꮉይቅት ባጋራ ጾዚ ይንታና ፋራ ጊግዝዳ፥ ጌሹንꬃና፥ ቦረ ባይዙንꬃናን ጽሉንꬃና ማህዳ።
330117014e	ይን፥ ይን አማንተ ኤንአንጽ ሚንግ የሳደስ ቤዛነ። ይን ዎንገለ ቃላ ስእደ ዎደ ኤክደ ኡፋይስቶ ምንꬂ አይኮተ። የ ዎንገልዘ ይን ስእዳያን ሳአ ኡባ ሳባክንትዳያ። ታ፥ ጳዉሎሳን Ꮉይ ዎንገልዘስ ኦቻንቾ ማቅዳ።
33011800be	ታ ይን ግሾ Ꮉተ ኤክዘ ዋይተ ኡፋይታነ። ክርስቶሳ ፋስ ጋላ ማቅደ ዎሳ ኬꬅትስ ኤክደ ዋይተ አትዳኖ ታኒ ታ አሽተ ፎላነ።
3301190091	ጾዘ ቃላ ይንትስ ፋዲ ኦሆደ ጋር ታስ እንግንትደ አደትꬅ ዎልቂተ ዎሳ ኬꬅስ ኦቻንቾ ማቅዳ።
33011a00bc	Ꮉይ ቃልዘ ዛጋ አꬍደ ዎደ የለቱንꬅ ኡባፓ አችንት የዝዳ። የዝን Ꮉተ ጾዚ Ꮉና ሳዛ ቆፍቶ አማንዘ ኡቡንꬅስ ቆንጭዝዳ።
33011b00eb	ጾዚ አይሁደ ማቆሰ አሱንꬅ ግዳ Ꮉና ሳዛ ቆፍቶ ቦንቾ ዱረትꬅታ አኮ ፋና ዳማ የዛኮ ቆንጭሳደስ። ኤዝን ቦንቾ ኡፋይስ ማቅደ ይን ግዳ የዘ ክርስቶሳ።
33011c00c3	ይኒ ግሾ፥ ፈቲ ፈቲ አስ ክርስቶሳ ግዳ ኩሙꬅ አስ ማህ ሺሾደስ ጭንጫትꬅ ኡባ አስ ታማርሰራን ዞረራ ክርስቶሳ ኡን ሳባካነ።
33011d0079	ጾዚ ፋ ዳማ ዎልቂተ ታ ግዳ ኦችዘ ግሾ Ꮉኖ የሎደስ ኤ ዎልቂተ ዋይተራ ላባነ።
33020100d6	ታ ይንትስን ሎዶቅያ ካታማ የዘ አሱንꬅስ፥ ይኒ ጋር ታና ኣፈራ ብእካይዘ አሱንꬅ ኡቡንꬅስ አኮ ጋር ኦልንትዛኮ ይን ኤሮደ ፋና ኮያነ።
33020200d7	ታ ኦልንትዘ ምክናታን ኡን ፋ ዎዝንተ ሚንግ፥ ሲቆራ አጭንቲ፥ ፎሎ ማቅደ ኩሙꬅ ቆፋ ዱረትꬅ ደንግ ጾዘ ሳዛ ቆፍቶ ክርስቶሳ ኤሮደ ፋና።
330203003f	ኤ ግዳ አችደ ኤራን ጭንጫትꬅ ኡባ የነ።
3302040057	ታ ይኖ ኦደን ይንታና ጭሞ ቃላራ ባልꬃመ ጋር ኮይ ጋነ።
33020500ae	ታ ይንታፓ Ꮉኪ የዝኮን አያናራ ይንታራ የነ። ይን የስ ዎግቶን ክርስቶሳ ይን ሚንግ አማንዳኖ ብእ ኡፋይታነ።
330206004f	ይን ላꬄ ክርስቶስ የሱሳ ኤክዳን ፋና ኤራ የዞተ።
33020700ae	ኤ ግዳ ጻጶ ዳኮተ፤ ኤ ግዳ ኬጽንቶተ። ይን ታማርዳንፋና አማኖራ ምንጎተ፤ ጾዝስ ኩሚ ላንትዘ ጋላታ እንጎተ።
33020800e5	ክርስቶሳፓ ማቅካይዝን አስ ዎጋራን Ꮉና አላመ ጨር ዎጋራ ኤቂ ትምርተራን አሳፓ ይእደ ኤራትꬃራ ኦደን ይንታና ጭሚ ባልꬂ ኤካመ ፋና ናግንቶተ።
330209004e	ጾዘ ጾዘትꬅታ ክርስቶሳ ጋልተ ኩሙꬅ ቆንጪ የነ።
33020a0062	ይንትን አደትꬅ ዎልቃ ኡባስ ኦማ ማቅደ ክርስቶሳ ግዳ ኩምዳ።
33020b00cf	ይን ክርስቶሳ አማኒ ጋራዝንትዳ። ይናን አስ ኩሸ ማቅካይዝን ይንታና ኢታ ናጋራ Ꮉኖትꬃፓ ካይዘ ክርስቶሳራ ኦችንትደ ጋራዝንተ።
33020c00ae	ይን ጻማቅንትደ ዎደ ክርስቶሳራ ሞግንቲ፥ ክርስቶሳ Ꮉይቆፓ ደንꬅደ ጾዘ ዎልቃ አማኒ፥ ክርስቶሳራ ደንድዳ።
33020d00e2	ይን፥ ይን ናጋራ ግሾን ይን ናጋራ አሳትꬅታ ጋራዝንትካይዘ ግሾ Ꮉይቂዳ የሻ፥ ጾዚ ይን ናጋርቶ አቶ ጋይዳ። ክርስቶሳራ ይንትስ ደኦ እንግዳ።
33020e00a3	ኤ ኑና ሞቲ ኑራ ኦልንትዘ ህግቶ Ꮉሲ፥ ኑላ አፋ ጻፍንትደ ጋልቶ ፈርእ ማስቃላላ አፋ ሱጺ ኦገፓ Ꮉስዳ።
33020f00b7	ክርስቶሳ ዎልቂቶን አደትꬅቶ ማስቃላላ ጋሚ፥ ኡን ኦላ ማሣርቶ ብልዚ፥ የዝደ አስ ፋና ኦቺ ኡንታና ቆንጭዝ ቤዝዳ።
33021000ca	ይኒ ግሾ፥ ሙእዘ ባዛራ ዎይ ኡዥዘ ባዛራ፥ ባአለ ዎደ ዎይ አግና ጼርዘ ቃማ ቦንቾራ ሳምባታ ቦንቾራ ኦደን ይንታላ አፋ ፍርድፐ።
3302110063	Ꮉን ስ ቲኖፓ ዮኦደስ የዘ ባዝስ ዳሾ፥ የዝን ቱርዘ ክርስቶሳ።
33021200fc	ዎዝናፓ ባይዝን አሽከትꬃራን ኪታንቾ ጎይኖራ ጨር ጬቅንተራ ኦደን ይንታና ፍርድፐ። ይኒ ፋና አስ ፋ ብእደ ቆንጭꬅተ ናሽንትተራ ፋ አሾ ቆፋራ Ꮉሪ ኡቱርታነ።
33021300f3	የንꬅ ጋርዘ አስስ ኦማ ማቅደ ክርስቶሳራ የልንተ ባያ። ኤ ኡባ ጋልቶን ጋላ ጻጶራን ዎል የልꬅ ሙዚ ድቻነ። ጾዚ ይኒ ጋርዘ ኦገራ ጋላ ኡባስ ድች እንጋነ።
33021400cd	ይን ክርስቶሳራ Ꮉይቂ Ꮉና አላምቶ አህዘ አያና ዎልቃፓ ዋሎ ከዝዳ። ዬዝን፥ አኮስ ሻክንትካይዘ አስ ፋና ማቂ Ꮉና ዎግትስ አቀተ?
330215005a	Ꮉና ዎግታ፥ «አይክፐ፤ ላእፐ፤ ቦችፐ» ጋእንትዙንꬃና።
330216006e	Ꮉና ኡባ አስ ዎጋን ትምርተ ማቅደ ግሾ ኦቻላ አፋ ፌዥደፓ ሱባ ꬋቦዳ።
33021700e8	Ꮉንꬅ ኪቱንꬅ ፋ ቆፋፓ ደንድደ ጎይኖን ጋማ አዳ፥ አሳትꬅ ዋይꬅዛን ግሾ ጭንጫ የዘ ባዝ አዛነ፥ የዝን ኑ ኢታ አሞትꬅትላ አፋ ዎልቃ ኡንትስ ባያ።
33030100b8	ይኬ፥ ይን ክርስቶሳራ Ꮉይቆፓ ደንድዳን ፋና፥ ጾዛፓ ምዛቅ ዛላራ በትደ ክርስቶሳ የዘ በስተ፥ ሳሎ የዘ ባዝ ኮዮተ።
3303020070	ሳሎ የዙንꬃላ አፋ ይን ቆፍቶ ጋዶተ ፋትን ሳአ የዘባዛላ አፋ ጋድፐተ።
33030300ae	ይን Ꮉይቆራ ሻክንትደ ፋና Ꮉና አላመ ናጋራ ኦቻፓ ሻክንትዳ። ይን ደእታ ክርስቶሳር ዎላ ጾዘ ግዳ አችንትዳ።
330304007d	ይንትስ ደኦ ማቅደ ክርስቶሳ ቆንጭዘ ዎደ የ ዎደ ይንትን ኤራ ቦንቾር ቆንጮዳ።
33030500bf	ይኒ ግሾ፥ ይን ግዳ የዘ አላመ አሞትꬅቶ ዎꬎተ። የን ስን ኦላለ፥ ቱናትꬅ፥ ኦላሎደስ አሙ ፥ ኤቃ ጎይኖ ፋና ማቅደ ቂር ።
3303060053	Ꮉን ስ ባጋራ ጾዘ ባድꬅ ኪትንቶሰ አሳላ አፋ የኦዳ።
3303070060	ይንትን ዛጋ ይና ኢታ ኦግተ Ꮉንትተራ Ꮉን ሳና ኦችተራ የሻ።
330308007a	Ꮉተ ይን Ꮉን ሳና ባድꬅ፥ እጻ፥ ካች፥ ዝግርስ፥ ቦርስዘ ኦሄ ይንታፓ Ꮉሶተ።
330309006f	ጋልአ አሞትꬅቶ እ ኦችትራ ይንታፓ ጋርደ ግሾ ፈተ ፈተስ ዎርድꬍፐተ።
33030a005b	ጾዘ መꬎ አዝዘ፥ ኤራትꬃራ ላምንትደ ክለ Ꮉኖትꬅ ማኦተ።
33030b010d	Ꮉና ክለ መ ትꬅተ፥ ግርኬ አስ ዎይ አይሁደ አስ፥ ጋራዝንትደ ዎይ ጋራዝንትካይዘ፥ ባርባረ አስ ዎይ እስኩተ አስ አሮ ዎይ ቦንቾ አስ ባያ። ክርስቶሳ ኡባ፤ ኤ ኡባነ የነ።
33030c00bb	ይኒ ግሾ፥ ጾዛራ ዶርንትደ አስ ፋና ጌሹንꬃናን ካꬍንትዱንꬃና ማቂ፥ ማሮትꬅ፥ ኬሃትꬅ፥ አሽከትꬅን ዳንዳአ ማኦተ።
33030d00ba	ፈታይ ፈታ ዳንዳኦተ። ኦደን ላገ ቆህደ የዝኮ ኤስ አቶ ጋኦ። ላꬂ ይንትስ አቶ ጋእዳን ጋራ ይንትን ዎልስ አቶ ጋኦተ።
33030e0053	ይና ኡባንላ አፋ ኡባኖ ፈትላ ሺሺ አጭዘ ሲቆ ማኦተ።
33030f00bd	ጾዚ ይንታና ፈቲ አስ ማህ ጼግዳና፥ ሳሮትꬅስ ማቅደ ግሾ ክርስቶሳ ሳሮትꬅታ ይን ዎዝንቶ አሆ፤ ጋላትዙንꬃናን ማቆተ።
33031000e5	ክርስቶሳ ቃላ ይን ዎዝንተ ኩሚ የዞ። ጭንጫትꬅ ኡባ ፈተ ፈታያ ታማርሶተን ዞሮተ። ማዝሙረራ፥ ናሸራ አያና የꬃራ ጾዛ ዎዝናፓ ጋላትተራ የጾተ።
330311009a	ጾዘ አዳይ የሱሳ ባጋራ ጋላትተራ ይን ኦህንትዘባዝ ዎይ ኦችዘባዝ ኡባ ላꬄ የሱሳ ሱንꬅተ ኦቾተ።
330312006f	ማቹንꬆ፥ አማንዘ አስስ በዝዘ ባዝ ማቅደ ግሾ ይን አዝኑንꬅስ አቆተ።
3303130053	አዝኑንꬆ፥ ይን ማቹንꬃና ካꬎተ፤ ኡንትስ ኢትፐተ።
3303140078	ናኡንꬆ፥ ይንታና የልዱንꬅስ ኡባ ባዛ ኪትንቶተ፤ ይና ላꬂ ኡፋይስዘ ባዝ።
3303150061	አዱንꬆ፥ ይን ናኡንꬅ ኡፋይስ ጋቻመ ጋር ኡንታና ዥልዝፐተ።
33031600e2	አሩንꬆ፥ ሳአ ይንትስ ላꬂ ማቅዱንꬅስ ኡባ ባዛ ኪትንቶተ። ላꬂ ቦንችተራ ሉለ ዎዝናፓ ኪትንቲ ኡንታና ኡፋይሶተ ፋትን አስ ቦኦ ጋእ ኦችፐተ።
3303170073	ይን ኦችዘ ኦችቶ ኡባ አስስ ማቅካይዝን ላꬅስ ኦችዘ ፋና ዎዝናፓ ኦቾተ።
3303180069	ላꬃፓ ላታ ዎይቶ ይን ኤኮዳኖ ኤሮተ፤ ይን ላꬄ ክርስቶሳስ ኦቻነ።
3303190088	ጾዚ አስ ስኖ ብእ ፍርዶሰ ግሾ ኦደን ኢታ ኦቻ ኦችኮ ፋ ኢታ ኦችት ግሾ ኩሸ ማሄ ኤኮዳ።
33040100b1	ላꬁንꬆ፥ ይንትስን ማህ ሳሎ ላꬂ የዛኖ ኤሪ፥ ይን አሩንꬅስ ጽሎትꬃራ ፈታ ፈተፓ ሻክካይዛራ ኮሽዘ ባዝ ኦቾተ።
3304020040	ጾዛ ባርክ ጋላትተራ ጋችካይዛራ ዎሶተ።
33040300b3	ጾዚ ፋ ቃልትስ ፉርꬅቶ ቡጎደ ፋናን ታኒ ይኒ ምክንያተር አቻ የዘ ክርስቶሳ ሳዛ ቆፍቶ አዋጆደ ፋና ኑስን ዎሶተ።
3304040061	ማህ ታንን ቤዛን ፋና ቃላ ቆንጭዝ ኦሆደ ፋና ታስ ጾዝ ዎሶተ።
330405005f	ዎትዘ ዎደ ኡባ ማድንቲ አማኖሰ አስ ካለ ጭንጫትꬃራ የዞተ።
33040600b7	ይን አስ ኡባስ ኮሽዘ ማሄ እንገ ኤሮደ ፋና ይን ኦህታ ኡባ ዎደ አꬎ ኬሃትꬃራ ኩምዳን ሶገር ማልእዛ ማቃደስ ቤዛነ።
33040700a3	ኑ ሲቆ እሸ ትክቆሳ፥ ታራ ዎላ ላꬄ ኦችተ አሮ ማቅደ፥ አማንꬅዘ ኦቻንቾ፥ ታ የስት ባዝ ይንትስ ኦሆዳ።
330408007d	ታኒ ኤዛ ይንታጎ ኪትዳና፥ ኑ ዋይዝ የዛኮ ይንትስ ኦህ ይንታና ምንꬅꬆደ ፋና።
33040900a7	አናስሞሳ፥ አማንꬅዘ ሲቆ እሸ፥ ይን ባጋ፥ ኤራ ይንታጎ Ꮉንጋነ። ኡን Ꮉነ Ꮉንዘባዝ ኡባ ይንትስ ኦሆዳ።
33040a00e5	ታራ አጭንተዘ አርስጥሮኮሳን ባርናባሳ እሸ ናአይ ማርቆሳ፥ ይንታና ሳሮ ጋነ። ታ ይንትስ ዛጋ ኦህዳን ፋና ማርቆሳ ይንታጎ Ꮉንግኮ ኤዛ ሞኮተ።
33040b00c9	ኢያሱ ጋዘ ኢዮስጦሳ ይንታና ሳሮ ሳሮ ጋነ። ጾዘ ካእቱሞ ግሾ ታራ ኦችዘ አሱንꬅ ግዳፓ አይሁደ ማቅዱንꬅ፤ ታና ጋማ ምንꬅꬅዳ።
33040c00f9	ይን ባግዘ፥ ክርስቶስ የሱሳ አርዘ፥ ኤጳፍራ ይንታና ሳሮ ሳሮ ጋነ። ኤ ይን ጾዘ ቲኖ ሚንግ ኤቆደ ፋናን ጾዘ ቆፋ ኤሪ ፎሎደ ፋና ኡባ ዎደ ጾዚ ይን ግሾ ዎሳነ።
33040d0084	ኤ ይን ግሾን ሎዶቅያን ህራፖሊሰ ካታማ የዘ አሱንꬅ ግሾ ጋማ ላቢዳኖ ታ ማርክꬋነ።
33040e005d	ኑ ሲቆ እሸ አክምዘ ሉቃሳን ዴማሳ፥ ይንታና ሳሮ ሳሮ ጋነ።
33040f0083	ሎዶቅያ የዘ ኑ እሹንꬅስ፥ ንምፋሳን እ ኬꬅተ ሺቅዘ አሱንꬅስ ኑ ሳሮትꬅቶ ኦሆተ።
33041000ca	Ꮉይ ዳብዳቢዛ ይን ናባብዳንፓ ሱባ፥ ሎዶቅያ ዎሳ ኬꬃ ናባብዞተ። ይንትን ሎዶቅያ ዎሳ ኬꬅታ ይንትስ ዳክዘ ዳብዳብቶ ናባቦተ።
3304110070	ማህ አርክጳሳ፥ «ላꬂ ኔስ እንግደ ኦችቶ ፎሎዳኖ ቦትፐ» ጋእ ቆፍዞተ።
330412009e	ታኒ፥ ጳዉሎሳ፥ Ꮉና ሳሮትꬅቶ ታ ኩሽትራ ጻፍዳ። ታ አችቶ ቆፖተ። ጾዘ አꬎ ከሃትꬅታ ይንታራ ማቀ።
3400000011	1 ተሰሎንቄ
34010100fc	ጳዉሎሳ ስላሰን ጢሞትዮሳ ተሰሎንቄ ዎሳ ኬꬃ የዘ አሱንꬅስ፥ ጾዘ አደስን ላꬄ የሱስ ክርስቶሳስ ማቅደ አሱንꬅስ ጻፍደ ኪታ። አꬎ ኬሃትꬅን ሳሮ ይንትስ ማቀ።
3401020072	ኑኒ ጾዝ ዎስዘ ዎደ ኡባ ይንታና ቆፕተራ ይን ግሾ ኡባ ዎደ ጾዛ ጋላታነ።
34010300ec	ጾዘ ኑ አዳይ ቲኖ አማኖራ ይን ኦችደ ኦቻ፥ ሲቆራ ይን ላብደ ላብꬅቶ የሱስ ክርስቶሳራ የዘ ኡፋይስቶ ኤኮደስ ይን ሚንግ ኤቅደ ኤቅቶ ኡባ ዎደ ቆፓነ።
3401040070	ኑ እሹንꬆ፥ ጾዚ ይንታና ካꬍዛኖን ፋ ባዝ ማህ ይንታና ዶርዳኖ ኤራነ።
3401050118	አኮስ ጋይኮ፥ ኑኒ ዎንገለ ዶናራ ጻላላ ባይዝን ዎልቃራ፥ ጌሽ አያናራን ዎንገለ ምንꬂ አማኖራ ይንትስ ክእዳ። ኑኒ ይንታራ ጋምእደ ዎደ ኡባ ይን ግሾ ዋይዝ የዘዛኮ ይን ኤራነ።
3401060098	ይን ጋማ ማꬋ ኤክኮን ጌሽ አያና እንግዘ ኡፋይሳራ ኪቶ ኤክዳ፤ ኑናን ኑ ላꬃ አዝዙንꬃና ማቅዳ።
3401070075	ይኒ ግሾ፥ መቀዶንያን አካያ አዉራጃ የዘ አማንዘ ኡቡንꬅስ አዝዘ ማቅዳ።
34010800ca	ላꬄ ቃላ ይንታፓ ኬዚ፥ መቀዶንያን አካያ ጻላላስ ባይዝን ጾዛ ይን አማንዛና ኡባ በሳ ስንትዳ። ይኬ፥ ኑ ጋዉደ ባዝ አኮን ባያ።
34010900c6	ኑኒ ይንታጎ Ꮉንግደ ዎደ ይን ኑና ሞክደ ሞክተ ይን፥ ይን ኤቅቶ አሺ ቱሮን ደኦ ጾዛ ማዶደስ ይን ማቅዳኖ ኡን ፋ ኦምተ ኦህነ።
34010a00d5	ማህ ጾዘ ናአያ፥ የሱሳ፥ ጾዚ Ꮉይቆፓ ደንꬅዳኖ፥ ቲኖፓ ዮኦደስ የዘ ጾዘ Ꮉንቆፓ ኑና አሾዳያ፥ ሳሎፓ ዮኦዳያ ይን ናግዛኖ ማርክꬋነ።
3402010073	ታ እሹንꬆ፥ ኑኒ ይንታጎ Ꮉንግዳና Ꮉሪ ባይዛኖ ይን፥ ይን ኦምተ ኤራነ።
340202011d	የዝን ኑኒ ይንታጎ ተሰሎንቄ ዮኦደፓ ቲኖ ፍልጵስዩሳ ካታማ ዋይንተዛኖን ጫዥንትዳኖ ይን ኤራነ። ጋማ ኑና እጽዘ የዝኮን ይንትስ ኤ ዎንገለ ኦሆደ ፋና ጾዚ ኑስ ምንꬅትሞ እንግዳ።
3402030054	ኑኒ ይንታና ዞርደ ባል ራ ዎይ ጭሞራ ዎይ ገነራ ባያ።
340204010a	የዝን ጾዚ ኑና ቤዙንꬃና ጋእ ፋይድደ ግሾ ዎንገለ ኦሆደ ፋና ኑስ Ꮉዳራ እንግደ ግሾ ኦህነ። ኑ ይኖ ኦችዘ ኑ ዎዝንቶ በእዘ ጾዛ ኡፋይሶደስ ፋትን አስ ኡፋይሶደስ ባያ።
340205008d	ኑ ሚሸ ዥምባሪ ዎርዶ ይንታና ሳብተራ ይንታጎ ይእካይዛኖ ሎይꬂ ኤራነ፤ ጾዚ ኑስ ማርካ።
3402060059	ኑኒ ይንታፓ ማቅን ዎይ መለ አስ ኦደፋን ቦንቾ ኮይካያ።
34020700e1	ኑኒ ክርስቶሳ ሐዋረ ማቅዳን ፋና ኑስ ኮሽዘ ባዝ እንጎተ ጋእ ኤኮደስ ዳንዳአነ፥ የዝን እንታ ፋ ናኡንꬃና ድችዛን ፋና ይን ግዳ አሽከ ማቅዳ።
34020800bd	ኑ ይንታና ካꬍደ ግሾ ጾዘ ዎንገለ ይንትስ ሻከ ጻላላ ባይዝን ኑ ሸምፕቶ ይንትስ እንጎደስ ጊግዳ። ይን ኑስ ጋማ አልኦ።
34020900b5	ኑ እሹንꬆ፥ ኑ ኦችቶን ኑ ላብꬅቶ ኤራነ። ይንትስ ጾዘ ዎንገለ ኦህተራ፥ ይንታና ዋይꬃመ ፋና ቃማን አዋራ ኦችዳ።
34020a00a0	ኑ የስታ ይን አማንዙንꬅ ካለን ጾዘ ቲኖ ጌሽ፥ ጽሎን ቦርንቶሱንꬃና ማቅዛንስ ይንትን ጾዝን ማርካ።
34020b0079	ኑኒ ይንትስ ኦምተ ኦምተ የልዱንꬅ ፋ ናኡንꬅስ ኦችዛን ፋና ኦቾዳኖ ኤራነ።
34020c00e3	ኑ ይንታና ዞርዳ፥ ምንꬅꬅዳ። ማህ ፋ ካእቱምቶን ፋ ቦንችቶ ግሽንቶደስ ይንታና ጼግደ ጾዛ ኡፋይስዘ ደኦ ይን የሳደ ፋና ይንትስ ምንꬅ ኦህዳ።
34020d0102	ይንትስን ኑኒ ጾዘ ቃላ ኦህደ ዎደ አስ ቃላ ፋና ባይዝን ጾዘ ቃላ ፋና ስእ ኤክደ ግሾ ኑኒ ኡባ ዎደ ጾዛ ጋላታነ። ኤ ቱሪ ጾዘ ቃላ፤ ጾዘ ቃላ አማንዘ ይን ግዳ ኦቻነ።
34020e0107	ታ እሹንꬆ፥ ይን ይሁዳ ሳአ የዘ ዎሳ ኬꬅተን የይጋ ክርስቶሳ የሱሳ ካልዘ አሱንꬅ ፋና Ꮉንዳ። ኡን አይሁዱንꬅ ዋይꬅዛንፋና ይንታናን ይን ሳአ የዘ አሱንꬅ ዋይꬅዳ።
34020f00b9	የንꬅ አይሁዱንꬅ ላꬄ የሱሳን ናቡንꬃና ዎꬍዳ፤ ማህ ኑና ባይእዳ። ኡን ጾዛ ኡፋይሶሱንꬃናን አስ ኡባ እጽዙንꬃና።
340210013f	ኡን መለ አቶ የዝን፥ አይሁደ ማቆሰ አሱንꬅን አቶደ ፋና ኑኒ ኡንትስ ቃላ ኦህዛኖ ካያነ። ይኒ ጋር ዪዚ ኡን ናጋርት ጹእታ ኩሞደ የሎደስ ኡባ ዎደ ናጋራ ኦቻነ። ዉርሱꬅተ፥ ጾዘ ካች ኡንታላ አፋ ዎꬋነ።
34021100bf	የዝን ኑ እሹንꬆ፥ ኑኒ ኑ አያናራ ባይዝን አሾራ ይንታፓ ሻክንት ኤራꬅ ዎደ ጋምእዳነ ይንታና ጋማ አሙꬊ በአደስ ኮይዳ።
340212009b	ኑ ማቂ ይንታጎ Ꮉንጎደስ ኮይዳ። ታኒ ታ ኦምተ ይንታጎ Ꮉንጎደስ ኮይዳ፥ የዝን ጻላሄ ኑና ካይዳ።
340213009f	ይኬ፥ ኑ ላꬄ የሱስ ክርስቶሳ የእዘ ዎደ ኑ ኡፋይስታ ዎይ ኑ ጬቅንትዘ ኑ ዎይቱንꬅ ኦደ? ይንታና ባነ?
3402140038	ቱሮ ይን ኑስ ቦንቾን ኑስ ኡፋይስ።
34030100ad	ይኒ ግሾ፥ ኑ ይንታና በአንጽዳነ ኑስ ገንጮደስ ዳንዳእንታንጽን፥ አቴና ካታማ ኑ ጻላላ አቶደስ ቆፋ አጭዳ።
34030200d2	ይንታና ዞሮደ ፋና አማኖራ ይንታና ምንꬅꬆደ ፋና ኑራ ዎላ ጾዝስ ኦችዛን ክርስቶሳ ዎንገለ ኦህዘ ኑ እሻይ ጢሞትዮሳ ይንታጎ ዳክዳ።
34030300b0	ይናን ይንታና የልደ ዋይተ ይንታፓ ኦደን ሱብ ማቅፈ። ይና ዋይታ ኑስ ጾዘ ቆፋ ማቅዳኖ ይን፥ ይን ኦምተ ኤራነ።
3403040085	ኑ ይንታራ የዘ ዎደ ዋየ ኑና የሎዳኖ ይንትስ ቲንꬊ ኦህዳ። ይን ኤርዛን ፋና Ꮉንዳ።
3403050109	ይኒ ግሾ፥ ታስ ገንጮደስ ዳንዳእንታንጽን፥ «ኦደ ኤርዘ ጻላሄ ኡንታና ፋታኒ ኑ ላቢꬅቶ ጨር አሽካይዛራ አታማ» ጋእ ይን አማንትባዝ ኤሮደስ ጢሞትዮሳ ይንታጎ ኪትዳ።
340306012b	Ꮉተ ጢሞትዮሳ ይን ካለፓ ይእ፥ ይን አማንትባዝ ይን ሲቅትባዝ ሎኦ ዎረ ኦህዳ። ማህ ይን ኡባ ዎደ ኑስ ሎኦ ቆፕዛኖን ኑኒ ይንታና በአደስ አሙꬍዛኖ ይን ኑና በአደስ አሙꬍዛኖ ኤ ኑስ ኦህዳ።
3403070073	ታ እሹንꬆ፥ ኑና የልዘ ዋይተን ማꬍተ ማቅኮን ይን አማንቲ ግሾ ምንግዳ።
3403080038	ይን ላꬃራ ሚንግ የዝኮ ኑስን ደኦ።
3403090060	ይኬ፥ ኑኒ ይን ባጋራ ደንግደ ኡፋይስትስ ጾዛ ዋይዝ ጋላቶደ?
34030a009a	ኑኒ ይንታና በአደስን ይን አማንተ ፋጭደባዝ ኩንꬆደስ ቃማን አዋራ ኑ ኩሙꬅ ዎዝንተ ጾዝ ዎሳነ።
34030b006c	ጾዘ ኑ አዳይ ፋ ኦምተ ኑ ላꬄ የሱስ ኑ ይንታጎ Ꮉንጎደ ኦግቶ ጊግዞ።
34030c009d	ኑ ይንታና ጋማ ካꬍዛን ፋና ላꬂ ይንታና ፈታያ ፈታያ ሲቅዘ ሲቅተ አስ ኡባ ሲቆ ይንትስ ጋንꬅ ጉጆ።
34030d00bf	ኑ ላꬄ የሱስ ክርስቶሳ ፋ ጌሹንꬃራ ይእዘ ዎደ ጾዘ፥ ኑ አዳይ ቲኖ ይን ዎዝንታ ጌሽን ቦረ ባይዛ ማህ ኤ ይንታና ምንꬅꬆ።
340401012d	ዉርሱꬅተ፥ ታ እሹንꬆ፥ ጾዛ ኡፋይሶደስ ይን ዋይዝ የሳደስ ቤዝዛኮ ኑፓ ታማርዳ። ይኖ ይን ቲኖፓ የዝደ የስ፥ የዝን Ꮉተ ይን ቲኖስትፓ አꬂ ኦቾደ ፋና ላꬄ የሱሳ ቲኖ ይንታና ዎሳነን ዞራነ።
340402004c	ኑ ላꬄ የሱሳ ሱንꬅተ አኮ ኪታ እንገዛኮ ኤራነ።
3404030056	ጾዚ፥ ይን ጌሽ ማቃደ ፋናን ኦላለ Ꮉንታመ ፋና ኮያነ።
340404006e	ይን ፈታይ ፈታይ፥ ይን ማቹንꬃራ ጌሻትꬃራን ቦንቾራ የሳደስ ቤዛነ።
3404050065	ጾዛ ኤሮሰን አማኖሰ አስ ፋና ኦላለ Ꮉንተራ አሞራ ኤጽንትፐተ።
34040600df	ኑ ዛጋ ይንትስ ኦህዳን ፋና ምንꬂ ዞሪዳንፋና ላꬂ ይኒ ፋና ኦችዛ ኡባ ፍርድዘ ግሾ ኦንን Ꮉን ሳራ ፋ አማንዘ እሻያ ቆሆደስን ጭሞደስ ቤዞስ።
3404070060	ጾዚ ኑኒ ጌሻትꬃራ የሳደ ፋና ፋትን ቱኒ የሳደ ፋና ጼግካያ።
34040800a3	ይኒ ግሾ፥ Ꮉና ትምርትት ቆፍቶ እጽዘ ኦደን ይንትስ ጌሽ አያና እንግደ ጾዘ ቆፋ እጻነ ፋትን አስ ባያ።
34040900a1	ይን ፈታይ ፈታይ ዋይዝ ሲቆድየዛኮ ጾዚ ይንታና ታማርስደ ግሾ Ꮉተ ሲቆባዝ ኑ ይንትስ ጻፎደስ ቤዞስ።
34040a00c3	ማህ መቀዶንያ የዘ አማንዙንꬃና ኡባ ቱሮ ይን ካꬋነ። የዝን ኑ እሹንꬆ፥ Ꮉተን ይን ኡንታና አꬂ ካꬎደ ፋና ይንታና ዎሳነ።
34040b00b0	ኑኒ ቲኖ ይንትስ ኦህዳን ፋና ዎፑ ጋይደ የስ የዞተ። ይን፥ ቤዝዘ ኦቻ ኦቺ ይንትስ የሳደስ ኮሽዘ ባዝ ደንጎተ።
34040c009d	ይኒ ፋና Ꮉንኮ፥ አማኖሰ አሱንꬅ ካለ ይን ቦንችንቶዳ፤ ማህ ይንታና ኮሽዘ ባዝስ ኦደስን አዳሻማ።
34040d00b9	ኑ እሹንꬆ፥ አማኒ Ꮉይቅደ አሱንꬅ Ꮉኖደባዝ ይን ኤሮደ ፋና ኮያነ። ይን ኡን ግሾ ኡፋይስ ባይዘ አስ ፋና አዛንፈተ።
34040e00c7	ኑኒ፥ የሱሳ Ꮉይቅዳኖን ማህ Ꮉይቆፓ ደንድዳኖ አማናነ። ይኒ ጋር፥ ጾዚ የሱሳ አማኒ Ꮉይቅዱንꬃና ኤራ ዎላ ኮኦዳኖ አማናነ።
34040f0094	ላꬂ ኑስ ኦህዳን ፋና ላꬂ የእዘ ቃማ ኤራ የልንቶደስ ኑኒ ፋጻ የዙንꬅ፥ Ꮉይቅዱንꬃፓ ቲኖስ።
34041000d1	ላꬂ ዳማ ኪታ ኦꬃራ፥ ኪታንቹንꬅ Ꮉላቃ ኦꬃራ፥ ጾዘ ሞይዘ ኦለራ፥ ሳሎፓ ዎꬎዳ። ክርስቶሳ አማኒ Ꮉይቅዱንꬅ ቲኒ Ꮉይቆፓ ደንዶዳ።
34041100d7	ይንፓ ሱባ፥ የ ዎደ ኑኒ ፋጻ የዙንꬅ፥ ላꬃራ ꬎነላ የልንቶደስ ኡንታራ ዎላ ሳሎ ኤክንቶዳ። ይንፓ ሱባ፥ ኑኒ ላꬃራ ዎላ መꬍናስ የሳዳ።
3404120048	ይኒ ግሾ፥ Ꮉና ቃልተ ፈታይ ፈታያ ምንꬅꬆተ።
340501005f	ታ እሹንꬆ፥ Ꮉና Ꮉኖደ ዎደን አግና ይንትስ ጻፎደስ ኮሾስ።
3405020060	ላꬄ ቃምታ ካይዞ ቃማ የእዛን ፋና ዮኦዳኖ ይን ሎይꬂ ኤራነ።
34050300e5	አሱንꬅ፥ «ሳአ ሳሮ፥ አኮን Ꮉኖስ» ያጋዝን፥ ማቾ የሎ ꬋኤ አይክዛን ፋና ꬋበ ኡን ቆፕካይዝን ኡንታላ አፋ ዮኦዳ። ኡን አኮ ኦገራን ከስ ኤካማ።
340504007e	የዝን ኑ እሹንꬆ፥ ይና ቃምታ ይንትስ ካይዞ የእዛን ፋና ዮኦደስ ይን ꬉማ ባያ።
340505006d	ይን ኡባ ፎኦ አስን አዋራ የዘ አስ፤ ኑኒ ቃማ አስ ዎይ ꬉማ አስ ባያ።
3405060093	ይኒ ግሾ፥ ኑኒ መሉንꬅ ገንትዛን ፋና ገንቶደስ ቤዞስ፤ ኑኒ ባርኮደስን ጊጊ የሳደስ ቤዛነ።
3405070059	ገንትዙንꬅ ቃማ ገንታነ፤ ማꬅንትዙንꬅ ቃማ ማꬅንታነ።
34050800e9	የዝን ኑኒ አዋራ አስ ማቅደ ግሾ ጊጊ የሳደስ ቤዛነ። አማኖን ሲቆ ጹሩረ ፋና ማእ፥ አቶትꬅ ኡፋይስ ኦማ ጋድዘ ኦላ መቆ ባርኔጻ ጋዲ የሳደስ ቤዛነ።
3405090092	ጾዚ ኑና ኑ ላꬄ የሱስ ክርስቶሳ ባጋራ ኩሙꬅ አቶትꬅ ኤኮደ ፋና ዶርዳ ፋትን ካችስ ዶርካያ።
34050a0099	ኑኒ ፋጻ የዝኮ ዎይ Ꮉይቂኮ፥ ክርስቶሳ የእዘ ዎደ ኤራ ዎላ የሳደ ፋና ክርስቶሳ ኑ ግሾ Ꮉይቂዳ።
34050b0072	ይኒ ግሾ፥ ይን ቲኖ ኦችዛን ፋና፥ ፈታይ ፈታይራ ዞርንቶተን ምንꬅꬆተ።
34050c00c8	ኑ እሹንꬆ፥ ይን ግዳ ኦቺ ላብዙንꬃና፥ ላꬄ ሱንꬅተ ይንታና ካልꬆደ ፋናን ዞሮደ ፋና ዶርዱንꬃና ቦንቾደ ፋና ይንታና ዎሳነ።
34050d007d	ኡን ኦችዘ ኦችት ግሾ ኡንታና ጋማ ቦንቾተን ሲቆተ። ፈታይ ፈተራ ሳሮራ የዞተ።
34050e00bb	ኑ እሹንꬆ፥ ኑኒ ይንታና ዞራነ። ቦዙንꬃና ካጮተ፤ ዣሽትዙንꬃና ምንꬅꬆተ፤ ላብዱንꬃና ማዶተ፤ አስ ኡባ ዳንዳኦተ።
34050f0092	ኦደን ኢታ ግሾ ኢታ ማሀመ ፋና ናግንቶተ። ይን ዎልስን አስ ኡባስ ሎኦ ባዝ ኦቾደስ ምንጎተ።
3405100020	ኡባ ዎደ ኡፋይቶተ።
3405110021	ኡባ ዎደ ጾዝ ዎሶተ።
340512006c	ኡባ ባዛ ጋላቶተ። ክርስቶስ የሱሳ ባጋራ ጾዚ ይንታፓ ኮይዛና ይኖ።
340513002a	ጌሽ አያና ታማ ꬋብስፐተ።
3405140023	ትንቢተ ቃላ ለቅፐተ።
3405150038	ኡባ ባዝ ፋታኖተ፤ ሎኦ ባዝ ኤኮተ።
3405160024	ኢታ ባዝ ኡባፓ Ꮉኮተ።
34051700e3	ሳሮ እንግዘ ጾዘ ፋ ኦምተ ይንታና ጌሾ። ኑ ላꬄ የሱስ ክርስቶሳ ዮኦደ ቃማስ፥ ጾዚ ይን አያና፥ ይን ሸምፕቶን ይን ኩሙꬅ ጋልቶ ቦረ ባይꬅ ናጎ።
3405180055	ይንታና ጼግዘ አማንንትዳያ ማቅደ ግሾ ይኖ ኤ ፎሎዳ።
340519002e	ኑ እሹንꬆ፥ ኑስ ጾዝ ዎሶተ።
34051a004a	አማንዘ አሱንꬃና ኡባ ጌሽ ዬርንተራ ሳርꬆተ።
34051b007a	ይን Ꮉና ኪቶ አማንዘ አስ ኡቡንꬅስ ናባቦደ ፋና ላꬄ ሱንꬅተ ይንታና ዎሳነ።
34051c005f	ኑ ላꬄ የሱስ ክርስቶሳ አꬎ ኬሃትꬅ ይንታራ ማቀ። አምንኤ።
3500000011	2 ተሰሎንቄ
35010100c5	ጳዉሎሳ፥ ስላሰን ጢሞትዮሳ ተሰሎንቄ ዎሳ ኬꬃ የዘ፥ ጾዘ አዳይ ባዝን ላꬄ የሱስ ክርስቶሳ ባዝ ማቅደ አሱንꬅስ ጻፍደ ኪታ።
3501020079	ጾዘ ኑ አዳይፓን ላꬄ የሱስ ክርስቶሳፓ አꬎ ኬሃትꬅን ሳሮትꬅ ይንትስ ማቀ።
35010300c4	ኑ እሹንꬆ፥ ይን አማኖራ ይን ፈታይ ፈታያን መሉንꬃና ሲቅዘ ሲቅታ ጋማ ድጭዘ ግሾ ኑኒ ይንስ ጾዛ ኡባ ዎደ ጋላቶደስ ቤዛነ።
35010400da	ይንታና የልደ ባይእተን ማꬋ ኡባነ ገንጨራን አማኖራ ሚንግ ኤቅደ ግሾ ኑኒ ኑ ኦምተ ጾዘ ዎሳ ኬꬃ ይን ባዝ ማርክꬍተራ ይንታላ ጬቅንታነ።
35010500a0	ይን ኤ ግሾ ጋእ ማꬋ ኤክዘ ጾዘ ካእቱሞስ ቤዝዙንꬃና ማቂ ፋይድንቶደ ፋና ጾዘ ጽሎ ፍርዳስ Ꮉና ማላ።
350106006c	ጾዚ ቱሪ ፍርዳ ፍርዶዳ። ጾዚ ይንታና ዋይꬄዙንꬃላ አፋ ዋየ ኮኦዳ።
350107008f	ላꬄ የሱሳ ፋ ዎልቃማ ኪታንቹንꬃራ፥ ሳሎፓ የእዘ ዎደ ዋይንትዘ ይንታናን ኑና ሸምፕሳዳ።
3501080099	ማህ ጾዚ ፋና ኤሮሱንꬃናን ኑ ላꬄ የሱስ ክርስቶሳ ዎንገለስ ኪትንቶሱንꬃና ታማ ሎጸራ ፍርዶዳ።
3501090069	ኡን ላꬄ ቲኖፓን ኤ ቦንቾ ዎልቃፓ ሻክንት መዽና ꬋበ ፍርድንቶዳ።
35010a0118	ይና ቃምተ፥ ይን ኑ ማርካትꬅቶ ኤኪ አማንዙንꬅ ኤ ቦንችንቶደስን ሳብንቶደስ የእዘ ዎደ ኑ ይንትስ ኦህደ ኪቶ ይን አማንደ ግሾ ይን ኤዛ ቦንችዙንꬅ ግዳን ሳብዙንꬅ ግዳ የሳዳ።
35010b012c	ኑኒ ይንትስ ኡባ ዎደ ጾዝ ዎስዛና ይንስ። ኑ ጾዘ ይንታና ጼግደ ደኦስ ቤዝዙንꬃና ማቂ ፋይድንቶደ ፋና ኑኒ ዎሳነ። ይን ሎኦ ባዝ ኦቾደስ አሙꬍዘ አምቶን ይን አማኖ ኦችቶ ኤ ፋ ዎልቃራ ፎሎ።
35010c00ac	ይነ ኑ ጾዛን ኑ ላꬄ የሱስ ክርስቶሳ አꬎ ኬሃትꬅተ፥ ላꬄ የሱሳ ሱንꬅቶ ይን ቦንቾዳ፤ ይንታናን ኤ ቦንቾዳ።
35020100b2	ኑ እሹንꬆ፥ ኑ ላꬄ የሱስ ክርስቶሳ ላምእንꬃ የእትባዝ ኑ ኤራ የልንቶደ ባዝስን ሺቆደ ባዝስ ኑ ይንታና ዎሳነ።
35020200bf	ትንቢተራ ዎይ መለ አሳፓ ስእደ ቃላራ ዎይ ኑፓ ኤክደ ኪታ ፋና ማህ፥ «ላꬂ ማቂ ይእዳ» ጋእ ይን ዎዝንታ ይርግፐን ሶእፐ።
35020300d5	ይንታና ኦደን አኮ ኦገራን ባልꬅፈ። ቲኒ ባልꬅዘ ቆንጭካይዝን ገነ አꬄ ኤዝን ꬋበ ናአይ ይእካይዝን፥ ላꬄ ላምእንꬃ የኤ ቃማ የሎስ።
35020400b9	አስ ጎይንዘ ባዝን ጾዝ ማህዘባዝ ኡባ እጺ ፋና ꬎቅ ዪሳዳ። መለ አቶ የዝን፥ ጾዘ ኬꬃ ገሊ በቲ፥ «ታኒ ጾዝ» ያጋዉዳ።
350205004f	ታኒ ይንታራ የዝተራ ይንትስ ኦህዳኖ ቆፖስ የሳነ?
350206007b	የ ገነ አꬄ ኤ ፋ ቃማ ዮኦዳ ፋትን Ꮉተ የአመ ፋና አኮ ኤዛ ተቅዛኮ ይን ኤራነ።
35020700c3	አሱንꬅስ ቆንጭካይዘ ገነትꬅ ሳዛ ቆፋ Ꮉተን ኦቻነ፥ የዝን Ꮉተ ኤዛ ተቂዘ የነ። ኤዛ ተቅዘ ኦገፓ Ꮉልእደ ዎደ ኤ ቆንጮዳ።
350208009d	ይንፓ ሱባ፥ ገነ አꬄ ቆንጮዳ፥ የዝን ላꬄ የሱሳ ፋ ዶንትፓ ከዝዘ ካሶራ ፋ ቦንቾ የእተ ኤዛ ዎꬎዳ።
3502090072	ገነ አꬄ ጻላሄ ዎልቃራ ይእ ዎርዶ ክለ ባዝን ጋማ ቆፍዘ ማላ ባዝ ኦቾዳ።
35020a00b9	ይኒ ፋናን፥ ꬋበስ የዘ አሱንꬃና ዱማ ዱማ ጭምዘ ኢታ ኦቻራ ባልꬆዳ። ኡን ꬋብዳና አሽዘ ቱርዛ ካꬊ ኤካንጽደ ግሾስ።
35020b007b	ይኒ ግሾ፥ ኡን ዎርዶ ማቅዘ ባዝ አማኖደ ፋና ጾዚ ዎልቃማ ባል ኡንታላ ዳኮዳ።
35020c007b	ይናን፥ ቱሮ አማኖሰ አሱንꬅ፥ ናጋራ ኦቻ ኡፋይትዙንꬅ ኡባ ፍርድንቶደ ፋና።
35020d011b	ላꬃ ካዽዘ ኑ እሹንꬆ፥ ኑኒ ጾዛ ይን ግሾ ኡባ ዎደ ጋላቶደስ ቤዛነ። ይን አቶደ ፋና ጾዚ ጌሽ አያና ዎልቃራ ይንታና ጌሽዳነን ይንትን ቱሮ አማንዳነ ኤ ይንታና አንግስ ፋና ዶርዳ።
35020e00b2	ጾዚ፥ ኑ ይንትስ ኦህዘ ዎንገለ ባጋራ ይንታና ጼግደ፥ ይን ኑ ላꬄ የሱስ ክርስቶሳራ ዎላ ቦንችቶ ሻክንቶደ ፋና።
35020f00b1	ይኬ፥ ኑ እሹንꬆ፥ ሚንግ ኤቆተ። ኑኒ ይንታና ኑ ዶናራ ማቅን ዎይ ዳብዳበራ ማቅን ታማርስደ ትምርትቶ አይኮተ።
35021000f7	ኑ ላꬄ የሱስ ክርስቶሳን ኑና ካꬍደ ፋ አꬎ ኬሃትꬅተ መዽና ምንꬅ ራ ሎኦ ኡፋይስ እንግደ ጾዘ ኑ አዳይ ኑ ዎዝንቶ ምንꬅꬆ፤ ሎኦ ኦቻራን ቃላራ ኡባ ምንꬅꬆ።
350301008e	ዉርሱꬅተ ኑ እሹንꬆ፥ ላꬄ ቃላ ይን ግዳ ኤልስ ዳልጎደ ፋናን ቦንችንቶደ ፋና ኑስ ዎሶተ።
350302009c	ይኒ ፋናን፥ ቃላ ስእደ ኡባ አማኖሰ ግሾ ጾዚ ገኑንꬃፓን ኢታ አሱንꬃፓ ኑና አሾደ ፋና ኑስ ዎሶተ።
3503030067	የዝን ላꬂ አማንንትዳያ፤ ኤ ይንታና ምንꬅꬆዳን ጻላሄፓ ናጎዳ።
3503040076	ኑኒ ይንታና ኪትዛኖ Ꮉተን ቲኖፓን ይን ኦቾደ ፋና ላꬃላ ኑኒ አማንንታነ።
350305005b	ላꬂ ይን ዎዝንቶ ጾዘ ሲቆጎን ክርስቶሳ ዳንዳአጎ ካልꬆ።
35030600e0	ኑ እሹንꬆ፥ ይን ኑፓ ኤክደ ኪቶ ካሎሱንꬃፓን ኦቻ አሺ አዛልአ አማንዘ አሱንꬃፓ ይን ሻክንቶደ ፋና ላꬄ የሱስ ክርስቶሳ ቲኖ ይንታና ኪታነ።
350307008c	ኑ ፋና Ꮉኒ የሳደስ ቤዝዛኖ ይን፥ ይን ኦምተ ኤራነ። ኑኒ ይንታራ የዘ ዎደ ኦቻ አሽካያ።
35030800af	ኑኒ ኦደፓን ካꬃ Ꮉሪ ሙእካያ። ኑስ ዳንዳእንትደ ፋና ቃማን አዋራ ኦቺ ላቢ የዝዳ ፋትን ኦደስን ቶፎ ማቅካያ።
350309009e	ኑኒ ይኖ ኦችዳና፥ ይንትስ አዝዘ ማቃደስ ፋትን ይንታፓ ማደ ኦጮደስ ኑስ አደትꬅ ዎልቃ ꬋብን ባያ።
35030a0071	ኑ ይንታራ የዘ ዎደን፥ «ኦቾደስ ኮዮሰ አስ ኦደን ሙእፐ» ያጋእ ኪትዳ።
35030b00e1	ኑኒ ይኖ ጋይደ፥ ይን ግዳ ፈቲ ፈቲ አዛልኡንꬅ የዛኖ ስእደ ግሾስ። የንꬅ አሱንꬅ ገልꬆሰ ባዛ ገሊ መሉንꬃና ኦቻ ብልዛነ ፋትን አኮን ኦቾስ።
35030c00c2	ኑኒ የን ስ ፋና አሱንꬅ ዎጋ የስ የሳደ ፋናን ኮሽዘ ባዝ ኦቺ ደንጎደ ፋና ላꬄ የሱስ ክርስቶሳ ቲኖ ኡንታና ኪታነን ዞራነ።
35030d004e	የዝን ኑ እሹንꬆ፥ ሎኦ ኦቻ ኦቾደስ አዛልእፐተ።
35030e00ac	Ꮉተ ኑኒ Ꮉይ ጻፍንትደ ዳብዳብዘስ ኪትንቶሰ አስ ኦደን የዝኮ የ አꬃ ኤሮተ። ኤ ዬልꬋደ ፋና ኤፓ ሻክንቶተ።
35030f0053	የዝን ኤዛ እሸ ፋና ሴሮተ ፋትን ሞርከ ፋና ብእፐተ።
3503100096	ሳሮ እንግዘ ላꬄ፥ ፋ ኦምተ ይንትስ ኡባ ዎደን ኡባ ባጋራ ሳሮ እንጎ። ላꬄ ይን ኡቡንꬃራ ማቀ።
3503110096	ታኒ ጳዉሎሳ፥ Ꮉይ ሳርꬅዛ ታ ኩሸራ ጻፍዳ። ታ ኪታ ኡባንስ ማልታ Ꮉኖ፤ ታ ጻፍዛናን Ꮉኒ ፋና።
3503120059	ኑ ላꬄ የሱስ ክርስቶሳ አꬎ ኬሃትꬅ ይን ኡቡንꬃራ ማቀ።
3600000011	1 ጢሞትዮሳ
360101009a	ኑና አሽዘ ጾዘ ኑ ኡፋይት ናግዘ ክርስቶሳ የሱስ ኪታ፥ የሱስ ክርስቶሳ ሐዋረ ማቅደ፥ ጳዉሎሳፓ፥
36010200cf	አማኖራ ታስ ቱሪ ናአ ማቅደ ጢሞትዮሳስ። ጾዘፓ ኑ አዳይፓን፥ ኑ ላꬄ የሱስ ክርስቶሳፓ አꬎ ኬሃትꬅ፥ ማሮትꬅን ሳሮትꬅ ኔስ ማቀ።
36010300cb	ታኒ መቀዶንያ Ꮉንግተራ ነና Ꮉዳርዳን ፋና፥ ፈቲ ፈቲ አሱንꬅ ዎርዶ ትምርተ ታማርስዛኖ ካዮደስ ነ ኤፈሶነ ጋምኦደ ጋር ኮይዳ።
36010400c7	ኡን ማደ ባይዘ ቶሴ ኦሄን ፋ ኮች ፋይደ አሾደ ፋና ኦሆ። ይኒ ፋና የዘ ባዝ ላለ መꬋነ ፋትን አማኖራ ኦችንትዘ ጾዘ ኦቻ ማዶስ።
360105007a	Ꮉይ ኪትዘስ ኣፈ ቆፍታ ጌሽ ዎዝናፓን፥ ሎኦ ቆፋፓ ቱሪ አማኖፓ በንትዘ ሲቆ።
360106004c	ፈቲ ፈቲ አሱንꬅ Ꮉኖ አሺ፥ ፋꬆሰ ላለጎ ማቅዳ።
3601070095	ኡን ጾዘ ህገ አስታማረ ማቆደስ ኮያነ። የዝን ኡን አኮ ኦህዛኮ ዎይ ቱርታ አኮ የዛኮን ኤሮስ።
3601080059	አስ ቤዝዘ ፋና ህግተ ማድንትኮ ህገ ሎኦ ማቅዛኖ ኤራነ።
360109016b	ፈቲ ባዝ ቆፖደስ ቤዛና ህገ ሎኦ አሱንꬅስ መꬍንትካያ። የዝን ህገ፥ ህገ መንꬅዙንꬃና፥ ጾዛ ጎይኖሱንꬅስ፥ ሸምፖ ዎꬍዙንꬃና፥ ናጋራንቹንꬃና፥ ጌሻትꬅ ባይዙንꬃና፥ ቱኑንꬃና፥ መለ አቶ የዝን ፋ እንቶ ዎይ አዳያ ዎꬍዙንꬃና፥
36010a0114	ኦላለ Ꮉንትዙንꬃና፥ ꬊራꬅ ꬊራꬃራ ኦላለ Ꮉንትዙንꬃና፥ አስ ባይዝዙንꬃና፥ ዎርዶ ኦህዙንꬃና፥ ዎርዶራ ጫቂዙንꬃና፥ ዎይ ቱሪ ትምርተራ የልንቶሰ አኮ ኦቻን ኦችዙንꬅስ።
36010b009e	ቱሪ ትምርተ በንትዘ ቦንቾን አንጅንትደ ጾዛ ታኒ አዋጆደ ጋር ታስ Ꮉዳራ እንግደ ዎንገለ ግዳ የነ።
36010c00dc	ታኒ ኦችዘ ኦችተ ታስ ዎልቃ እንግደ ኑ ላꬄ ክርስቶሳ የሱሳ ጋላታነ። ታና ፋ ኦችትስ ሹሚ ይና ኦችትስ ቤዛነ ጋእ ፋይድደ ግሾ ኤዛ ጋላታነ።
36010d00d8	ታኒ Ꮉንፓ ቲኖ ኤዛ ጫዥዛ፥ ኤዛ ካልዙንꬃና ባይእዛያን ዋይꬅዛ ማቅኮን ታኒ ይኖ ኤርካይዛራን አማንካይዛራ ኦችደ ግሾ ጾዚ ታና ማርዳ።
36010e00b0	ኑ ላꬄ ፋ አꬎ ኬሃትꬅቶ ታላ አፋ ጉሲ፥ ይና አꬎ ኬሃትꬅቶ አማኖራን ሲቆራ ክርስቶሳ የሱሳ ባጋራ ታስ እንግዳ።
36010f00de	«ክርስቶሳ የሱሳ ናጋራንቹንꬃና አሾደስ Ꮉና አላምተ ይእዳ» ጋዘ ቃልታ አማንንታነ አስ ኡባ ኤኮደስ ቤዛነ። ኡባፓ አꬍደ ናጋራንችዘ ታና።
36011000fd	የዝን መዽና ደኦ ኤኮደስ ኤዛ አማንዘ አሱንꬅስ ታኒ አዝዘ ማቃደ ጋር የሱስ ክርስቶሳ ጋማ ዳንዳእዳ። ታኒ ኡባፓ አꬍደ ናጋራንችዘስ ጾዚ ፋ ማሮትꬅቶ ጋንꬅዳ።
36011100b5	ኣፈር በንቶሰስ፥ ፈቲ ጾዘስ፥ Ꮉይቆሰስ፥ መዽና ካትዘስ፥ መꬍናፓ መዽና የሎደስ ጋላታን ቦንቾን ማቀ። አምንኤ።
36011200db	ጢሞትዮሳ፥ ታ ናአዮ፥ ዛጋ ነባዝ ናቡንꬅ ኦህደ ቃልትላ አፋ ኤቅደ Ꮉና ኪታ Ꮉዳርቶ ኔስ እንጋነ። ነ ይና ቃልቶ ካልኮ ሎኦ ኦላ ኦልንቶዳ።
36011300af	አማኖን ሎኦ ቆፋ ኔስ የዞ። ፈቱንꬅ ፈቱንꬅ ፋ ዎዝንቶ ꬋብሲ ማርካበ እዥዘ ባይꬅ ꬋብዛን ፋና አማኖፓ ꬋብዳ።
36011400bb	ይኖ Ꮉንዱንꬅ ግዳ ሄመነዮሳን እስክንድረ የነ። ኡን ታማሪ ጾዛ ጫዥዛኖ አሾደ ፋና ታኒ ጻላሄስ ኡንታና አꬂ እንግዳ።
36020100ad	ኡባፓ ቲኒ፥ ጾዝ ጎይኖራ ቦንቾ ኩምደ ደኦር ዎሶደስ፥ መሉንꬅስ ዎሶደስን ጋላቶደስ ቤዛኖ ታኒ ነና ቆፍዛነ።
36020200ae	ኑ ቱሪ አያና ደኦ ጌሻትꬃራ ጾዛ ጎይንተራ ሳሮትꬃራ ዎፑ ጋእ የሳደ ጋር ካቱንꬅስን ሹሙንꬅ ኡቡንꬅስ ዎሶተ።
360203005a	ይኒ ጋር ዎስዘ ኑና አሽዘ ጾዘ ቲኖ ሎኦን ኡፋይስዘ ባዝ።
3602040053	ጾዚ አስ ኡባ አቶደ ፋናን ቱርቶ ኤሮደ ፋናን ኮያነ።
3602050092	ፈቲ ጾዚ የነ። ጾዛፓን አሳፓ ግዳ ማቂ ጭምꬍዘ ፈተ የነ፤ ኤዝን አስ ማቅደ ክርስቶስ የሱሳ።
36020600ac	ኤዚ አስ ኡባ ዎዞደስ ፋና አꬂ እንግዳ። ጾዚ ፋ ዎድተ አሱንꬃና ኡባ ዎዞደስ ኮይዛኖ ቤዝዘ ማርካትꬅታ Ꮉኖ።
36020700fd	ጾዚ ታና ዎንገለስ አስታማረን ሐዋረ ማህ ዶርዳና ይንስ። ታኒ ቱሮ ኦህነ፤ ዎርድꬎስ፤ አማኖን ቱሪ ቃላ አይሁደ ማቆሰ አሱንꬃና ታማርሶደ ፋና ጾዚ ታና ሹምዳ።
36020800b8	ይኒ ግሾ፥ ኡባ በሳ የዘ ꬊራꬁንꬂ፥ ፋና ጾዝስ ዱሙዚ፥ ካችን ላለን አሺ፥ ፋ ኩሽቶ ኡደ ደንꬂ ጾዛ ዎሶደ ጋር ኮያነ።
360209011b	ይኒ ፋናን ማቹንꬅ ፋና አህዛኖ ቆንጭዘ፥ ቦንቾራን ዎጋራ የዘ አፉላ ማአደስ ቤዛነ። ኡን ዎጋ ባይዘ ኦማ ዳꬂን፥ ዎርቃራ ዎይ እንቆራ፥ ዎይ አልኦ አፉላራ መሉንꬃፓ ፋና ዱሙዝፐ።
36020a0067	የዝን ጾዝስ ጎይናነ ጋዘ ማቹንꬅ ፋስ ቤዝዛን ፋና ሎኦ ባዝ ኦቾ።
36020b0031	ማቻ ኪትንተራ ስእ ጋእ ታማሮ።
36020c0085	ታኒ ማቻ ታማርሶደ ፋና ዎይ ꬊራꬃላ አድꬎደ ፋና ባይዝን ስእ ጋእ የሳደ ፋና ኮያነ።
36020d004a	አዳማ ቲኖ መꬍንትዳ፤ ሱባፓ ሄዋና መꬍንትዳ።
36020e0056	ማህ ጭምንት ጾዘ ህገ መንꬅደ ማችቶ ፋትን አዳማ ባያ።
36020f0073	የዝን ማቻ አማኖራ፥ ሲቆራን ጌሻትꬃራ ፋና ናጊ የዝኮ ናአ የለራ አቶዳ።
360301007f	ኦንን፥ «ዎሳ ኬꬂ ካልꬅዘ አስ ማቃደስ ኮይኮ ሎኦ ባዝ አሙꬋነ» ጋዘ ኦህታ ቱሮ።
36030200eb	ዎሳ ኬꬂ ካልꬅዘ አስ ቦርንቶሳያ፥ ፈቲ ማቻ ጻላላ የዛያ፥ ዎጋራ የዛያ፥ ፋና ናግዛያ፥ ቤዛን ፋና ኦችዛያ፥ ዛቆ ሞክዛያ፥ ታማርሶደስ ዳንዳእዛያ፥
360303005b	ማꬅንቶሳያ፥ ካጭንቶሳያ፥ ላሎሳያ፥ ብራ ይቅስንቶሳያ፥
3603040094	ኤ ናኡንꬅ ኤስ ኪትንትዙንꬃናን ቦንችዙንꬃና፥ ፋ ኬꬅቶ አሆደስ ዳንዳእዛያ ማቃደስ ቤዛነ።
360305007e	ፈቲ አስ ፋ ኬꬅቶ አሆደስ ዳንዳአንጽኮ፥ ጾዘ ዎሳ ኬꬅቶ ዋይዝ አሆደስ ዳንዳኤ?
36030600a0	ኡቱራራ ኩሚ፥ ጻላሄ ጾዘ ፍርዳራ ጎልእደ ፋና ጎልአመ ፋና፥ አማኖር ሚንግካይዘ አስ ማቆደስ ቤዞስ።
3603070085	ቦረራን ጻላሄ ጽኬ ገላመ ጋር የ አꬄ አማኖሰ አስ ካለ ሎኦ ማርካትꬅ የሳደስ ቤዛነ።
36030800d5	ይኒ ፋና ማህ ዎሳ ኬꬂ ዳቆናቱንꬅ ቦንችንትዱንꬃና፥ ላምእ ዶና ኦህንቶሱንꬃና፥ ጋማ ማꬅዘ ኡሽ ኡዦሱንꬃና፥ ብራ ይቅስንቶሱንꬃና፥
3603090058	አማኖ ሳዛ ቆፋ ጌሽ ዎዝናራ ናግዙንꬃና ማቃደስ ቤዛነ።
36030a008b	ኡን ቲኖ ፋታንንቶደስ ቤዛነ፤ ኡንታላ አፋ ቦረ ባይዛ ማቅኮ፥ ዎሳ ኬꬃ ዳቆነ ማቂ ኦቾ።
36030b00c0	ይኒ ፋናን፥ ኡን ማቹንꬅ ቦንችንትዱንꬃና፥ ዝግሮሱንꬃና፥ ዎጋራ የዙንꬃና፥ ኡባ ባዛ አምንንትዱንꬃና ማቃደስ ቤዛነ።
36030c00ae	ዎሳ ኬꬃ ዳቆናቱንꬅ ፈቲ ማቻ ጻላላ የዙንꬃና ማቆ። ፋ ናኡንꬃናን ፋ ኬꬅቶ ሎይꬂ አህዙንꬃና ማቃደስ ቤዛነ።
36030d00c9	ዎሳ ኬꬃ ዳቆነ ማቂ፥ ሎኦ ኦቻ ኦችዙንꬅ፥ ኡንትስ ዳማ ቦንቾን ክርስቶሳ የሱሳ ግዳ የዘ አማኖ ባዝ ኦሆደስ ምንꬅትሞ ደንጎዳ።
36030e006a	ታኒ Ꮉና ኪቶ ኔስ ጻፍተራ፥ ኤልሲ ኔጎ Ꮉንጎዳ ጋእ ኡፋይስ ጋዳነ።
36030f00da	የዝን ታኒ Ꮉንጋንጽ ጋምእኮ፥ ጾዘ ኬꬃ አሱንꬅ ዋይዝ የሳደስ ቤዝዛኮ ኤሮደ ፋና Ꮉኖ ኔስ ጻፍዳ። ደኦ ጾዘ ኬꬅታ ቱረትꬅስ ቱስን ባሳን።
360310015a	ኑ አማንትስ ሳዛ ቆፍታ ሶኤ ባይꬅ ዳማ። ክርስቶሳ አሾር ቆንጭዳ፤ ኤ ቱረትꬅቶ ጌሽ አያና ማርክꬍዳ። ኪታንቹንꬅስ በንትዳ፤ ኤ ካእቱምታ ዎርዣ ኡባስ ሳባክንትዳ። አላመ የዘ አሱንꬅ አማንዳ፤ ቦንቾር ሳሎ ኤክንትዳ።
36040100b5	ዉርሱꬅ ዎደ ባልꬅዘ አያናን ቱና አያና ትምርትቶ ካሊ፥ ፈቲ ፈቲ አሱንꬅ አማኖ ካዶዳኖ ጌሽ አያና ቆንጭዝ ኦህዳ።
3604020088	ይኒ ፋና ትምርተ ኡን ዎዙንታ ዶጭን፥ አሱንꬃና ባልꬅዘ ዎርዶ አስታማሩንꬃፓ የእነ።
36040300fe	የንꬅ ፋና የዘ አሱንꬅ ኤከን ገለ ካያነ፤ ማህ ፈቲ ፈቲ ካꬃ ማአመ ፋና ጋእ ካያነ። የዝን አማንዙንꬅን ቱሮ ኤርዙንꬅ ጾዛ ጋላቲ ዎሲ ማአደ ፋና ጾዚ ካꬃ መꬍዳ።
3604040068	ጾዘ መꬍደ ኡባ ባዝ ሎኦ። ጾዝ ጋላት ኤክኮ አላ ዎꬍዘ አኮን ባያ።
360405003f	ኡባ ባዝ ጾዘ ቃላራን ዎሳራ ጌሽ ማቃነ።
36040600cf	ይኒ ግሾ፥ ነ Ꮉና ትምርትቶ አማንዙንꬃና ታማርስኮ፥ ክርስቶሳ የሱሳ ሎኦ አሮ ማቃዳ። ነ ካልዘ ሎኦ ትምርትተ ቃላ ታማርኮ ድጮዳ።
3604070081	የዝን ማደን ቱሪ ባይዘ ኦሄፓን ጭማ ማቹንꬅ ቶሰፓ Ꮉኮ። ጾዛ አዞደስ ነና ዱስዞ።
36040800d9	አስ ፋ ጋልቶ ምንꬆደስ ኦችዘ ኦቻ ኤራꬅ ዎደ ማዳነ። የዝን ጾዝ አዘ ዱስዛና Ꮉተን መዽና ደኦ እንግዘ ኡፋይስ የዘ ግሾ ኡባ ባዝስ ማዳነ።
3604090046	Ꮉይ ቃልዘ አስ ኡባ ኤኮደስ ቤዝዘ ቱሪ ቃላ።
36040a00b5	ኑኒ አስ ኡባ፥ ኡባፓ አꬂ አማንዙንꬃና አሽዘ ደኦ ጾዛ ኡፋይሳራ ናግዘ ግሾ፥ ይንስ ኑኒ ኦቻራ ላባነን ቡቱንታነ።
36040b0020	Ꮉና ኪትቶ ታማርሶ።
36040c00be	ነ ይꬎ ማቅደ ግሾ ነና ኦንን ቦርፐ። የዝን አማንዙንꬅስ ኔኒ ኦሄራ፥ ኦቻራ፥ ሲቆራ፥ አማኖራን ጌሻትꬃራን አዝዘ ማቆ።
36040d007e	ታኒ ዮኦደ ዎንꬅስ አሱንꬅስ ጌሽ ማጻፍቶ ናባበራ፥ ሳባኬራን ታማርሰራ ምንጎ።
36040e00ae	ትንቢተ ኔስ ኦህንትን፥ ጭሙንꬅ ፋ ኩሽቶ ኔላ አፋ ጋድደ ዎደ ነ ኤክደ፥ ነ ግዳ የዘ ጌሽ አያና እሞትꬅ ቦርፐ።
36040f0078	ነ ድችታ አሱንꬅ ኡቡንꬅስ ቆንጮደ ፋና ይኖ ምንꬂ ቆፖ፤ Ꮉኖ ኡባ ዎደ ኦቾ።
360410008b	ነ ኦምትስን ነ ትምርትስ ናግንቶ። ነ ይኖ ኡባ ዎደ ኦችኮ ነናን ነና ስእዙንꬃና አሾዳ።
3605010072	ጭማ ነ አዳይ ፋና ቦንቾፕ አትን ካጭፐ። ይꬉንꬃና ነ እሸ ፋና ማህ ቦኦ።
3605020080	ማች ጭሙንꬃና ነ እንቲ ፋና፥ ዉዱሩንꬃና ነ ምሹንꬅ ፋና፥ ፎሎ ጌሻትꬃራ አይኮ።
3605030044	አዝኒ Ꮉይቂደ ቱሪ ቡዳኑንꬃና ማዲ ቦንቾ።
360504011c	የዝን ቡዳንትስ ናኡንꬅ ዎይ ናኡንꬅ ናአ የዝኮ፥ የንꬅ ናኡንꬅ ቱሪ አያና የስ የዛኖ ቤሳደ ፋና የልዱንꬃናን፥ ፋ አፍቶን ማይዛያን ማዲ ኩሸ ማሄ ታማሮ። ይና ጾዝ ኡፋይስዘ ባዝ።
36050500b0	ፋ ፋስ የዘ ቱሪ ቡዳንታ ጾዘፓ ማደ ደንጎደስ ኡፋይሳራ ናጋነ። አዋራን ቃማ ጾዚ ፋና ማዶደ ፋና ዎሳራ ምንጋነ።
3605060070	የዝን Ꮉና አላምተ ሎኦ የስ ጻላላ ኮይዘ ቡዳንታ ፋጻ የዛራ Ꮉይቂዳኖ።
3605070058	ኦንን ኡንታና ቦራመ ፋና Ꮉና ትምርትቶ ኡንትስ እንጎ።
36050800af	የዝን ፋ እግኑንꬅስ፥ ኡባፓ አꬂ ፋ ካራ አሱንꬅስ ቆፖሰ ኦንን ፋ አማንቶ ካድዳያ፤ አማኖሰ አሳፓን ወዝ ኢታ።
36050900c3	በረ እዝፑንታም ኩምካይዘ ቡዳንትስ ሱንꬅቶ ማዝጋበ ጻፍፐ። ማህ ይንላ አፋ እዛ ፋ አዝንዘስ አማንንትዳኖ ማቆደስ ቤዛነ።
36050a00ec	ናኡንꬃና ድቼራ፥ ዛቆ ሞከራ፥ ጌሹንꬅስ ቶሄ ሜጨራ፥ ማꬍꬍደ አስ ማደራ፥ ሎኦ ኦቻ ኡባስ ፋና አꬂ እንግዳኖን ሎኦ ኦቻራ ኤርንትዳኖ ማቃደስ ቤዛነ።
36050b00cc	የዝን ናአትꬅ ማቅደ አዝኒ ባይዙንꬅ ሱንꬅቶ ማዝጋበ ጻፍፐ። ኡንታና አዝኒ ገለ ገሎ ጋዘ አሾ አሞ አይክዘ ዎደ ክርስቶሳ አሾዳ።
36050c004b	ኡን ቲኖ ገልደ ቃልቶ መንꬅደ ግሾ ፍርድንቶዳ።
36050d00ba	ይንላ አፋ ኡን ኦቻ ꬋብን ኬꬃፓ ኬꬂ ዉቶዳ። ዉተ ጻላላ ባይዝን ዝግርስን ፋና ገልꬆሰ ባዛ ገሊ ቤዞሰ ባዝ ኦህንታነ።
36050e00e6	ይኒ ግሾ፥ ኑ ሞርኩንꬅ ኑላ አፋ ኦህንትዘ ኢታ ባዝ ደንጋመ ፋና ናአትꬅ ማቅደ አዝኒ ባይዙንꬅ አዝኒ ገሊ፥ ናአ የሊ፥ ፋ ኬꬅቶ አሆደ ፋና ዞራነ።
36050f005f	Ꮉንፓ ዛጋ ኤርꬅ አዝኒ ባይዙንꬅ ጻላሄ ካሎደስ ሱብ ማቅዳ።
3605100138	ፈቲ አማንዘ ማችታ ካራ አሱንꬅ ግዳ አዝኒ ባይዛና የዝኮ እዛ ኡንታና ማዶደስ ቤዛነ። ይኒ ጋር ኦችኮ፥ ዎሳ ኬꬅስ ቶፎ ፎላነ። የ ዎደ ዎሳ ኬꬅታ ማደ ቤዝዘ ቱሪ አዝኒ ባይዙንꬃና ማዶደስ ዳንዳእነ።
36051100a7	ዎሳ ኬꬂ ሎይꬂ የንግዘ ጭሙንꬅ፥ ኡባፓ አꬂ፥ ቃላ ሳባኬራ ታማርሰራ ላቢዙንꬅ ዳኮ ቦንቾ ኤኮደስ ቤዛነ።
360512009e	ጌሽ ማጻፈ፥ «ቆይዳ ባሃ የꬍዘ ቦራ ዶና አጭፈ» ይኒ ፋና፥ «ኦችዘ ፋ ዳሞዘ ኤኮደስ ቤዛነ» ያጋይዳ።
3605130066	ላምእ ዎይ Ꮉይꬕ ማርካ ባይዝን፥ ዎሳ ኬꬂ ጭማ ሞትዘባዝ ስእፐ።
360514005d	መሉንꬅ ዣሽቶደ ፋና ናጋራ ኦችዘ ኦናን አስ ኡባ ቲኖ ሴሮ።
36051500e6	ኔኒ አስ ስኖ ብእካይዛራ፥ ፈታያ ፈታይፓ ዱሙዝካይዛራ Ꮉና ኪቶ ናጎደ ፋና ጾዘ፥ ላꬄ የሱሳ ክርስቶሳን ዶርንትደ ኪታንቹንꬅ ቲኖ ታ ነና ዞራነ።
360516008a	ኦደላን አፋ ነ ኩሽቶ ጋዲ ሹሞደስ ኤልስፐ። መሉንꬅ ናጋራ ገልፐ፤ ነና ጌሻትꬃራ ናጎ።
360517008c	ኔኒ ኡባ ዎደ Ꮉርግንትዘ ግሾን ነ ሳዛ Ꮉርግት ግሾ Ꮉꬅ ጻላላ ኡዥፐ፤ ኤራꬅ ዎይነ ኡዦ።
36051800da	ፈቲ ፈቲ አሱንꬅ ናጋርታ ቆንጨ፤ ባጉንꬅ ናጋርታ ኡንታና ፍርዶደስ ኡንታፓ ቲኒ ኤርንታነ፥ የዝን መሉንꬅ ናጋርታ ሱባፓ ጋምእ ቆንጫነ።
360519006e	ይኒ ጋር፥ ሎኦ ኦቻን ቆንጨ፤ ቆንጫንጽ እጽኮን ገንጎደስ ዳንዳኦስ።
3606010089	ጾዘ ሱንꬅታን ኑ ትምርትታ ጫዥንታመ ፋና አሮትꬃ የዙንꬅ ፋና አህዘ ላꬁንꬃና ቦንቾ።
3606020185	አማንዘ ላꬁንꬅ የዘ አሩንꬂ፥ ኡን ላꬁንꬅ ኡንትስ እሸ ማቅዘ ግሾ ኡንታና ቦርፐ። ኡን ኦችተ ማድንትዘ ላꬁንꬅ፥ አማንዙንꬃናን ካꬍንትዱንꬃና ማቅደ ግሾ ኡን ቲኖስትፓ አꬂ ኦቾደስ ቤዛነ። ኔኒ Ꮉኖ ታማርሶደስን ኡን ኦቾደ ጋር ዞሮደስ ቤዛነ።
3606030094	ኦንን ዱማ ትምርተ ታማርስኮ፥ ኑ ላꬄ የሱስ ክርስቶሳ ቱሪ ቃላራን ኑ አማኖ ትምርተራ ጊጎስ።
36060400ed	የ አꬄ ኡቱራራ ኡርቂንታነ ፋትን አኮን ኤሮስ። ኡንትስ ፈቲ ቆፋላ አፋ ላሎደስን ካጭንቶደስ ኢታ አሞትꬅ የነ። ይናን ቅናተ፥ ካች፥ ጫሽ፥ ኢታ ሶኤ፥
36060500ba	የን ስ ጊጎሰ ላለ ካልꬃነ። ማህ ኡንትስ ኢታ ዎዝና የነ፤ ቱርን ꬋብዳ፤ ኡን ጾዝ አማንዛና ዱረትꬅስ ኦገ ጋእ ቆፓነ።
3606060060	የዝን ታስ የዛና ማቃዳ ጋዘ አስስ ጾዝ ጎይንዛና ዳማ ትርፈ።
3606070060	ኑኒ Ꮉና አላምተ አኮን ክእካያ፤ ማህ ኢፓ አኮን ኤኪ ቅቶስ።
3606080035	ኑስ ካꬃን ማኦ የዝኮ ይና ማቃዳ።
36060900bd	የዝን ዱርቱሞ ኮይዙንꬅ ፋታና ግዳን ጽኬን ገላነ። ማህ ኡንታና ሱለ ዳፍዘን ꬋብስዘ ኤያትꬃን ቆህዘ አሞትꬃ ጎልአነ።
36060a00a9	ሚሸ ሲቆ ኢታትꬅ ኡባስ ጻጶ። ፈታይ ፈታያ ሚሸ አሙꬍተራ አማኖፓ ባልንቲ ጋማ አዛኖን ማꬋ ግዳ ፋና ኦልዳ።
36060b009d	የዝን ናተ፥ ጾዘ አꬃዮ፥ ይንፓ Ꮉኮ። ጽሎትꬅ፥ ጾዝ አዘ፥ አማኖ፥ ሲቆ፥ ዳንዳአን ዳልጋትꬅ ካሎ።
36060c00b6	አማኖ ኦላ ሎይꬂ ኦልንቶ። ጋማ አሱንꬅ ቲኖ ኔስ ማርክꬍደ ነ አማንትባዝ፥ ጾዘ ነና ይንስ ጼግደ መዽና ደኦ አይኮ።
36060d00b0	ኡባ ባዝስ ደኦ እንግዘ ጾዘ ቲኖን፥ ጰንጠ ጵላጦሳ ቲኖ ሎኦ ማርካ ማርክꬍደ ክርስቶሳ የሱሳ ቲኖ ታ ነና ኪታነ።
36060e0083	ኑ ላꬄ የሱስ ክርስቶሳ ቆንጮደ ዎንꬅስ Ꮉኖ ኪቶ ባልንትካይዛራ ቦረ ባይዝን ናጎ።
36060f00a9	ፋ ጻላላ ኡባ አህዘ ቦንቾ ጾዘ፥ ካቱንꬅ ካታይ፥ ላꬁንꬅ ላꬄ፥ ፋ ቆፕደ ቃምተ የሱስ ክርስቶሳ ማህ ኪቶዳ።
36061000e9	ፈተ ኤ ጻላላ Ꮉይቆስ። ኦደን ሺቆደስ ዳንዳኦሰ ፎኦ የነ። ኦደን ኤዛ ብእካያ፤ ማህ ቦኦደስን ዳንዳኦስ። ቦንቾን መዽና ዎልቃ ኤስ ማቀ። አምንኤ።
3606110109	Ꮉና አላመ ዱሩንꬅ ጨር ꬋብዘ ቆሎራ ኡቱራመ፥ ጬቃመን ኡፋይስ ጋዳመ ፋና ኦሆ። ኑስ ኮሽዘ ባዝ ጋንꬅ እንግዘ ኑና አንጅዘ፥ ዱረ ጾዘ ግዳ አማንንቶደ ፋና ኡንታና ኪቶ።
3606120098	ኑኒ ሎኦ ኦቻ ኦቾደ ፋና ሎኦ ኦቻራ ዱርꬎደ ፋና፥ ዳልጋን መሉንꬅስ ግሽዙንꬃና ማቃደ ፋና ኪቶ።
3606130080	ይና ኡንትስ ቲኖስ ምንꬂ ባሳ ማቃደ ግሾ የ ዎደ ኡን ቱሪ ደኦ አኮ አዝዛኮ ኤሮዳ።
36061400b5	ጢሞትዮሳ፥ ነኒ ፈቲ ፈቲ አሱንꬅ፥ «ኤራትꬅ» ባይዘ ቦዛ ላለፓን ማዶሰ ኦሄፓ Ꮉኮ፤ ኔስ እንግንትደ Ꮉዳርቶ ናጎ።
360615008b	ፈተ ፈተ ኑስ ኤራትꬅ የነ ያጋእተራ አማኖ አሽዳ። ጾዘ አꬎ ኬሃትꬅ ይን ኡቡንꬃራ ማቀ።
3700000011	2 ጢሞትዮሳ
37010100a9	ጾዘ ቆፋ፥ የሱስ ክርስቶሳራ የዘ ኡፋይስ እንግደ ባጋራ የሱሳ ክርስቶሳ ሐዋረ ማቅደ ጳዉሎሳፓ ኪትንትደ፥
37010200b1	ታ ካዽዘ ናአይ ጢሞትዮሳስ። ጾዘ አዳይፓን ኑ ላꬂ ክርስቶሳ የሱሳፓ አꬎ ኬሃትꬅ፥ ማሮትꬅን ሳሮትꬅ ኔስ ማቀ።
37010300b9	ታኒ፥ ታ ዎስተ ቃማን አዋራ ነና ቆፓነ። ታኒ ዎስዘ ዎደ ታ አዱንꬅ ጾዛን ታኒ ሎኦ ዎዝናራ ማድዘ ጾዛ ነ ግሾ ጋላታነ።
370104005c	ታኒ ነ አፉꬅቶ ቆፓነ፤ ነና ብእ ኡፋይቶደስ ጋማ አሙꬍዳ።
37010500ae	ማህ ኔስ የዘ ቱሪ አማኖ ኤራነ። ይኒ ፋና አማንታ ዛጋ ነ ኣፍቲ ሎይድራን ነ እንት ኤዉንቀራ የዘ አማንት ፋና።
37010600ac	ይኒ ግሾ፥ ታኒ ታ ኩሽቶ ኔላ አፋ ጋድደ ዎደ ጾዚ ኔስ እንግደ እሞ ኔኒ ማህ ኤꬆደ ዎይ ደንꬅꬆደ ፋና ቆፍዛነ።
370107009e	አኮስ ጋይኮ፥ ጾዚ ኑስ ዎልቃ፥ ሲቆን ኑ ኦምቶ አህዘ አያና እንጋነ ፋትን ዣሽትዘ አያና እንግካያ።
37010800d8	ይኬ፥ ኑ ላꬄስ ማርክꬋደስ ዬልꬍፐ፤ ማህ ኤ ግሾ አጭንትደ ታ ግዳን ዣሽትፐ። የዝን ጾዚ ኔስ እንግዘ ዎልቂተ ዎንገለ ግሾ ታራ ማꬋ ኤኮ።
370109012f	ጾዘ ፋ ቆፍቶን ፋ አꬎ ኬሃትꬃራ ኑና አሺ፥ ፋ ጌሽ ዎርዣ ማሆደስ ኑና ዶርዳ ፋትን ኑኒ ኦችደ ኦቻ ግሾ ባያ። ይና አꬎ ከሃትꬅታ ክርስቶሳ የሱሳ ባጋራ አላመ መꬍንቶዳንፓ ቲኖ ኑስ እንግንትዳ።
37010a00d0	Ꮉተ Ꮉይ አꬎ ኬሃትꬅዘ ኑና አሽዘ ክርስቶሳ የሱሳ የእተ ቆንጭዳ። ኤ Ꮉይቆ ዎልቃ ꬋብሲ፥ ዎንገለ ባጋራ ꬋቦሰ ደኦ ኑስ ቆንጭዝዳ።
37010b006c	ታኒ ዎንገለ ሳባክዘ፥ ሐዋረን አስታማረ ማቆደ ጋር ጾዚ ታና ዶርዳ።
37010c010c	ታኒ ይኒ ግሾ Ꮉና ማꬍቶ ኤካነ፤ የዝን ታ አማንዘ ኦና የዛኮ ኤርዘ ግሾ ዬልꬎኦስ። ታስ እንግንትደ Ꮉዳርቶ ይና ክርስቶሳ የኤ ቃማ የሎደስ ኤ ናጎደስ ዳንዳእዛኖ ኤራነ።
37010d0095	ታኒ ነና ታማርስደ ቱሪ ቃላ አዝዘ ማህ አይኪ ክርስቶሳ የሱሳ ባጋራ የዘ አማንተን ሲቅተ የዞ።
37010e0067	ኑ ግዳ የዘ ጌሽ አያና ዎልቃራ ኔስ እንግንትደ ሎኦ Ꮉዳርቶ ናጎ።
37010f0086	እስያ አዉራጃ የዘ ኡቡንꬅ ታፓ Ꮉክዳኖ ኤራነ፤ ኡን ግዳ ፍገሉሳን ሄርሞገኔሳ የነ።
370110009e	አነስፎራ ታና ጋማ ዎደ ምንꬅꬅደ ግሾ ላꬂ ኤ ካራ አሱንꬅስ ይቅስንቶ። ታ አጭንትንን ኤ ዬልꬍካያ።
370111005e	ይንላ አፋ ኤ ሮመ ካታማ ይእደ ጋር ታና ምንꬂ ኮይ ደንግዳ።
37011200aa	ዉርሱꬅ ቃምተ ላꬂ ይቅስንቶደ ፋና ታኒ ላꬃ ዎሳነ። ኤፈሶነ ካታማ ኤ ታና አኮ ጋር ማደዛኮ ነ ሎይꬂ ኤራነ።
3702010066	ይኬ፥ ታ ናአዮ፥ ክርስቶሳ የሱሳ ግዳ የዘ አꬎ ኬሃትꬅተ ምንጎ።
37020200bb	ጋማ ማርኩንꬅ ቲኖ ታኒ ነና ታማርስደ ትምርትቶ፥ መሉንꬃና ታማርሶደስ ዳንዳእዘ አማንንትደ አሱንꬅስ Ꮉዳራ እንጎ።
370203004c	የሱስ ክርስቶሳ ሎኦ ዎታዳረ ማቂ ታራ ማꬋ ኤኮ።
3702040076	ኦላ ዎታዳረ ፋ Ꮉላቅዛ ኡፋይሶደስ ጊግንታነ ፋትን መለ ኦቻላ ፋና ፌሾስ።
370205006c	ይኒ ጋራ፥ ጋልጋደ ዎጽዘ ኦንን ቤዝዘ ኦገራ ዎጻንጽኮ ዎይቶ ኤኮስ።
3702060074	ዎታራ ላቢዘ ጋደ አዳይ ፋ ላቢዳን ኣፍትፓ ሙእዘ ቲኖ አስ ማቃደስ ቤዛነ።
370207006c	ላꬂ ኔስ ኡባ ባዛ አካኬ እንግዘ ግሾ ታ ኔስ ኦህዛኖ ነ ዎዝንተ ናጎ።
3702080086	ታኒ ማርክꬍዘ ዎንገለ ፋና Ꮉይቆፓ ደንድደ፥ ዳዉተ ኮች ማቅደ የሱስ ክርስቶሳ ቆፖ።
3702090099	ታኒ ዎንገለ ኦህዘ ግሾ ኢታ ባዝ ኦችደ አስ ፋና፥ አጭንቲ ማꬋ ኤክዳ። የዝን ጾዘ ቃላ አጭንቶስ።
37020a00be	ይኒ ግሾ፥ ጾዘ ዶርደ አሱንꬅ ክርስቶስ የሱሳ ግዳ የዘ አቶትꬅ ባጋራ መዽና ቦንቾ ኤኮደ ፋና ኡን ግሾ ኡባ ባዛ ምንጋነ።
37020b0066	Ꮉንፋና ያጋዘ ቱሪ ቃላ የነ፤ «ኑ ኤራ Ꮉይቅኮ፥ ኤራ ዎላ የሳዳ።
37020c0061	ኑ ገንጭኮ፥ ኤራ ዎላ ካእቶዳ። ኑ ኤዛ ካድኮ፥ ኤ ኑና ካዶዳ።
37020d00a1	ኑ አማንንታንጽኮን፥ ኤ አማንንትዳያ ማቂ የሳዳ። አኮስ ጋይኮ፥ ኤ ፋና ካዶደስ ዳንዳኦስ» ያጋይዳ።
37020e00bd	ኔኒ ኡንታና Ꮉኖ ቲርዞ፤ ኡን ቃላ ግሾ ላላመ ፋና፥ ጾዘ ቲኖ ኡንታና ዞሮ። ይና ስእዙንꬃና ꬋብሳነ ፋትን አኮን ማዶስ።
37020f00b5	ኔኒ ቱሪ ቃላ ሉለራ ታማርስዛን ዬሊዞሰ ኦቻንቾ ማቂ፥ ጾዘ ቲኒ ኡፋይስዘ አስ ፋና፥ ነናትꬅቶ ኤስ ሺሾደስ ምንጎ።
3702100081	የዝን Ꮉና አላምትስ ጊግዘ ማዶሰ ኦሄፓ Ꮉኮ። ይኒ ፋና ኦህዘ አስ ጾዛፓ Ꮉክዛነ።
37021100b7	ይኒ ፋና ትምርተ ጋላ ሙእ Ꮉስዘ ፋጾሰ ጭቶ Ꮉርገ ፋና። ይኒ ፋና ኦሄ ኦህንትዙንꬅ ግዳ ፋ ሄመነዮሳን ፍልጾሳ የነ።
37021200ab	Ꮉንꬅ አሱንꬅ ቱሪ ኦገ አሺ፥ «Ꮉይቂደ አሱንꬅ Ꮉይቆፓ ዛጋ ደንድዳ» ያጋእ ኤራꬅ አሱንꬅ አማንቶ ꬋብስዳ።
3702130113	ማቆ የዝን፥ ጾዚ ምንꬂ ባሳ ዪጺ ማታመ የዘ ኤንእንቶደስ ዳንዳኦስ። እዝላን አፋ፥ «ላꬂ ፋ አሱንꬃና ኤራነ። ላꬄ ሱንꬅቶ ጼግዘ ኦንን ኢታ ኦቻፓ Ꮉኮ» ያጋዘ ቃላ ጻፍንትዳ።
3702140105	ፈቲ ዳማ ኬꬃ ዎርቃፓ ዎይ ብራፓ ኦችንትደ ሚሸ ጻላላ ባይዝን ምንጻፓ ዎይ ሎቃፓ ኦችንትደ ሚሸ የነ። የን ሳፓ ባጉንꬅ ቦንቾስ፥ ማህ ባጉንꬅ ቦርንትደ ኦቻስ ፌዣነ።
37021500e8	ይኒ ግሾ፥ ኦንን ኢታ ኡባ አሺ ፋና ጌሽኮ፥ ቦንቾ ኦቻስ ማቅዘ ሚሸ ማቃዳ። ኡን ደእተ ጌሽን ላꬃ ኡፋይስዘ ኦቻ ኡባ ኦቾደስ ዳንዳእዙንꬃና ማቃዳ።
37021600a4	ናእቱሞ ኢታ አሞፓ Ꮉኮ። ጌሽ ዎዝናራ ላꬃ ጼግዘ አሱንꬃራ ዎላ፥ ጽሎትꬅ፥ አማኖ፥ ሲቆን ሳሮትꬅ ካሎ።
3702170056	የዝን ካች መꬍዛ ኤሪ ቦዛትꬅን ማደ ባይዘ ላለፓ Ꮉኮ።
370218009c	ላꬄ ኦቻንቾ አስ ኡባስ ኬሃ፥ ሎኦ ታማርስዛን ዳንዳአንቾ ማቃደስ ቤዛነ ፋትን ካጭንቶደስ ቤዞስ።
37021900bf	ኤ ፋራ ኤቅንትዙንꬃና ኬሃትꬃራ ሴርዛ ማቃደስ ቤዛነ። ኡን ፋ ናጋርትፓ ማቂ ቱሮ ኤሮደ ፋና ጾዚ ኦቾድየዛኮ ኦደ ኤርዘ።
37021a007c	ኡን ፋ ዎዝናጎ ማቂ ፋ ቆፋ ኦቾደ ፋና ኡንታና አይክደ ጻላሄ ጽኬፓ ኬሲ ኤኮዳ።
3703010041	ዉርሱꬅ ቃማ ኡንእꬅዘ ዎደ ዮኦዳኖ ኤሮ።
3703020103	አሱንꬅ ፋና ካꬍዙንꬃና፥ ሚሸ ሲቅዙንꬃና፥ ጬቅንትዙንꬃና፥ ኡቱርዙንꬃና፥ ጫዥዙንꬃና፥ ፋና የልዱንꬅስ ኪትንቶሱንꬃና፥ ጋላቶሱንꬃና፥ ጌሻትꬅ ባይዙንꬃና፥
37030300be	ሲቆ ባይዙንꬃና፥ ማሮትꬅ ኦቾሱንꬃና፥ ዝግርዙንꬃና፥ ፋና አሆሱንꬃና፥ ይቅስንትሞ ባይዙንꬃና፥ ሎኦ ካꬎኦሱንꬃና፥
37030400b7	ሞርከስ አꬂ እንግዙንꬃና፥ ቆፋ ባይዙንꬃና፥ ኡቱራራ ኩምዱንꬃና፥ ጾዛፓ አꬂ አሾ ኡፋይሶደስ ካꬍዙንꬃና ማቃዳ።
3703050082	ኡን አማንዘ አስ አዛነ ፋትን ጾዘ ዎልቃ ካድዳ፤ ነ የንꬅ ፋና የዘ አሱንꬃፓ Ꮉኮ።
37030600b4	ኡንታፓ ፈተ ፈተ አስ ኬꬃ ገሊ ናጋራራ አይክንትዱንꬃና ዱማ ዱማ አሞራ አይክንትደ አማኖ ላፋ ማቹንꬃና አይካነ።
3703070065	የንꬅ ማቹንꬅ ኡባ ዎደ ታማራነ፥ የዝን ቱሮ ኤሮደስ ዳንዳኦስ።
37030800cf	ያነሳን ያምባሬሳ ሙሴራ ኤቅንትዳን ፋና Ꮉንꬅ አሱንꬅ ዎዝና ኦቾሱንꬃናን አማኖራ ጎልእደ አሱንꬃና ማቅደ ግሾ ቱርራ ኤቅንታነ።
37030900a7	የዝን ያነሳን ያምባሬሳ ኤያትꬅታ ቆንጭዳን ጋር ኡን ኤያትꬅታ አስ ኡባ ቲኖ ቆንጮደ ግሾ ኡንትስ Ꮉኖስ።
37030a0096	የዝን ነ ታ ትምርትቶ፥ ታ የስቶ፥ ታ ቆፍቶ፥ ታ አማንቶ፥ ታ ዳንዳእቶ፥ ታ ሲቅቶ፥ ታ ገንጭቶ፥
37030b00e0	ታ ባይእንቶ ታ ዋይቶ ኤራነ። አንጾክያ፥ እቆንዮነ፥ ልስጥራ ካታማ ታና የልደ ባዝን ታ ዳንዳእደ ዋይቶ ኤራነ፤ ላꬂ ታና ይና ኡባንፓ አሽዳ።
37030c0078	ክርስቶስ የሱሳ ግዳ ጾዛ ኡፋይስዘ የስ የሳደስ ኮይዘ ኡቡንꬅ ባይእንቶዳ።
37030d0091	ኢታ አሱንꬅን ባልꬅዙንꬅ ፋስ ባልንትተራ መሉንꬃና ባልꬅተራ ቲኖስትፓ ኢቲ ኢቲ Ꮉንጎዳ።
37030e0070	የዝን ነ ታማርዳነን ነ አማንደ ቱርተ ኤቆ። ነ ኦደፓ ታማረዛኮ ኤራነ።
37030f00b0	ኔኒ ነ ናአትꬃፓ ዳንꬂ ክርስቶስ የሱሳ አማኒ አቶትꬅ በንትዘ ጭንጫትꬅ እንጎደስ ዳንዳእዘ ጌሽ ማጻፈ ኤርዳ።
37031000f5	ጌሽ ማጻፈ ኡባ ጾዘ አያና ካልꬅን ጻፍንትደ ቃላ። የ ማጻፍዘ ቱሮ ታማርሶደስ፥ ባልዱንꬃና ሴሮደስ፥ ሉልሳደስን ጽሎትꬅ የስ ኮሽዘ ዞረ እንጎደስ ማዳነ።
370311005a	ጾዘ አስ ፎሎን ሎኦ ኦቻ ኡባስ ጊግዳያ ማቃደ ፋና ማዳነ።
37040100be	ታኒ ነና ጾዘ ቲኖን፥ ካት ማቂ አሆደስ ቆንጭዘ ዎደ ፋጹንꬃናን Ꮉይቂዱንꬃና ፍርዶደስ የዘ ክርስቶስ የሱሳ ቲኖ ዞራነ።
37040200a6	ቃላ ኦሆ፤ ዎደ ጊግን ጊጋንጽን ምንꬂ ኦሆ። ጋማ ዳንዳአራን ታማርሰራ አሱንꬃና ዞሮ፥ ሴርተራ ምንꬅꬆ።
37040300c1	አሱንꬅ ቱሪ ትምርተ ስአንጾደ ዎደ ዮኦዳ። ኡን ፋ አሞትꬅ ካሊ፥ ፋስ ስኦደስ ኡፋይስዘ ባዝ ኦህዘ አስታማሩንꬃና ሺሻነ።
3704040074	ኡን ቱርባዝ ኦህዘ ትምርተ አሺ፥ ቱሮ ማቆሰ ቶሴ ስኦደስ ፋ Ꮉይቶ ማሀነ።
37040500b6	የዝን ኔኒ ኡባ ባዛራ ነና አሆ። ማꬋ ዳንዳኦ። ዎንገለ ማርካትꬅ ኦችቶ ኦቾ። ኔስ እንግንትደ ጾዘ ኦችቶ ኡባ ፎሎ።
3704060077	ታኒ ዣርሾ ፋና ዣርሽንቶደ ዎደ የልዳ፤ Ꮉና አላምቶ አሺ ቅትዘ ዎደ ኡክዳ።
3704070055	ታኒ ሎኦ ኦላ ኦልንትዳ፤ ዎꬅቶ Ꮉስዳ፤ አማኖ ናግዳ።
370408010f	ቲኖፓ ጽሎትꬅ ዎርቃ ዛዉደ ታና ናጋነ። ይኖ ጽሎ ፍርዳ ፍርድዘ ላꬄ ይኖ ላምእንꬃ የኤ ቃምተ ታስ እንጎዳ። ይኖ ታ ጻላላስ ባይዝን ኤ ቆንጭꬅቶ አሙꬍዘ ኡቡንꬅስ እንጎዳ።
3704090021	ኤልሲ ይእ ታና ቦኦ።
37040a00c0	ዴማሳ Ꮉና አላምተ የዘ ባዝ ካꬊ፥ ታና አሺ፥ ተሰሎንቄ ካታማ ቅትዳ። ቀርቅሳ ጋላትያ ሳአ፥ ማህ ትቶ ድልማጠ ሳአ ቅትዳ።
37040b0082	ሉቃሳ ጻላላ ታራ የነ። ማርቆሳ ጾዘ ኦቻ ታና ማዶደስ ዳንዳእዘ ግሾ ኔራ ኤኪ ዮኦ።
37040c0037	ታኒ ትክቆሳ ኤፈሶነ ካታማ ዳክዳ።
37040d00e0	ኔኒ ይእተር፥ ጢሮአዳ ካታማ ካርፖሳ ካለ አሺ ይእደ ታ ኮትዛን ማጻፍቶ ታስ ኤኪ ዮኦ። ኡባፓ አꬂ ቆለራ ጻፍንትደ ማጻፍቶ ኤክካይዛራ ይእፐ።
37040e006e	መቆ ቆጽዘ እስክንድረ ታና ጋማ ቆህዳ፤ ላꬂ ኤ ኦችት ፋና ኤስ ማሆዳ።
37040f0047	ኤ ኑ ትምርትቶ ጋማ እጽዘ ግሾ ኤፓ ነና ናጎ።
370410009c	ቲኖ ታ ሞትንትዘ ዎደ ኡባና አሺ ቅትዳ ፋትን ኦንን ታና ማድካያ። ጾዚ ይና ባልቶ ኡንትስ ፋይድፐ።
3704110104	የዝን ታኒ ሙሎ ኪታ አይሁደ ማቆሰ አሱንꬅ ኡቡንꬅስ ማርክꬍን፥ ኡን ስኦደ ፋና ላꬂ ታ ካለ ኤቂ ታስ ዎልቃ እንግዳ። ማህ ጋሞ ፋና ዶና ሻቅንግደ Ꮉይቆፓ ታና አሽዳ።
37041200a6	ላꬂ ታና ኢታ ኡባፓ አሺ ፋ ሳሎ ካእቱሞ ሳሮራ የልꬆዳ። ኤስ መꬍናፓ መዽና የሎደስ ቦንቾ ማቀ። አምንኤ።
370413006a	ጵርስቅላስ፥ አቂላስን አነስፎራ ካራ አሱንꬅስ ታ ሳሮትꬅቶ ኦሆ።
3704140081	ኤራስጾሳ ቆሮንቶሳ ካታማ አትዳ። ጥሮፍሞሳ Ꮉርግንትደ ግሾ ምሊጠ ካታማ አሽዳ።
37041500bb	ባርጎ ገሎደፓ ቲኒ ኤልሲ ዮኦ። ኤዉቡሉሳ፥ ጱዴሳ፥ ልኑሳ፥ ቅላደያን መለ አማንዘ አሱንꬅ ኡቡንꬅ ነና ሳሮ ሳሮ ጋነ።
3704160069	ላꬄ የሱስ ክርስቶሳ ኔራ ማቀ። ጾዘ ማሮትꬅታ ይን ኡቡንꬃራ ማቀ።
3800000006	ትቶ
3801010112	የሱስ ክርስቶሳ ሐዋረን ጾዘ አሮ፥ ጳዉሎሳ፥ ጻፍደ ኪታ። ጾዚ ዶርደ አሱንꬅ አማኖ ድቾደ ጋራን ቱሪ አያና ደኦ ዋይዝ የሳደ የዛኮ ቱሪ ኤራጎ ኡንታና ካልꬆደስ ታ ኪትንትዳ።
38010200c4	ይና አማንታን ኤራትꬅታ መዽና ደኦ ኡፋይሳላ አፋ ካትዳ። ይኖ ጋማ ዎደፓ ቲኖ ዎርዶ ኦሆሰ ጾዘ ኑስ እንጎዳ ጋእ ቃላ ገልዳ።
3801030080	ኑና አሽዘ ጾዘ ፋ ዎድተ Ꮉኖ ኪቶ ኦሆደ ፋና ታስ Ꮉዳራ እንግ ፋ ቃልቶ ቆንጭዝዳ።
38010400c1	ኑ ኮꬄ አማኖ ታ ቱሪ ናአ ማቅደ ትቶ፥ ጾዚ አዳይፓ ኑና አሽዘ የሱስ ክርስቶሳፓ አꬎ ኬሃትꬅ፥ ማሮትꬅን ሳሮትꬅ ኔስ ማቀ።
38010500bd	ታኒ ነና ቃርጼሰ አሺ ይእዳና፥ ነ አትደባዝ ጊግሳደ ፋናን ታኒ ኪትዳን ፋና ካታማ ኡባነ ዎሳ ኬꬃ ጭሙንꬃና ዶሮደ ፋና።
38010600c3	ዎሳ ኬꬅ ጭማ ቦርንቶሳ፥ ፈቲ ማች አዝን፥ ዎጋ ባለራ ዎይ ኪትንታንጸራ አስ ቦሮሰ አማንዘ ናኡንꬅ የዘ አስ ማቃደስ ቤዛነ።
38010700e2	ዎሳ ኬꬂ ጭማ ጾዘ ኦቻ Ꮉዳራ ኤክደ ግሾ ቦርንቶሳ፥ ኡቱርቶሳ፥ ኤልስ ዥልꬎሳ፥ ማꬅንቶሳ፥ ኦሄ መꬎሳ፥ ቤዞሰ ባዝስ ዳፍንቶሳ ማቆደስ ቤዛነ።
3801080098	የዝን ዛቆ ሞክዛ፥ ሎኦ ባዝ ኡባ ካꬍዛ፥ ቆፋራ የዛያ፥ ጽሎ፥ ጌሽን ፋና አህዛያ ማቃደስ ቤዛነ።
38010900c2	መሉንꬃና ቱሪ ትምርተራ ምንꬅꬆደስን ይና ትምርትቶ እጽዙንꬃና ማሆደስ ፋ ታማርደ አማንꬅዘ ቃልተ ሚንግ ኤቆደስ ቤዛነ።
38010a0098	ኪትንቶሱንꬅ፥ ፋꬆሰ ኦሄ ኦህንትዙንꬅ፥ ጭምዙንꬅ አꬂ ጋራዝንተ ዎጋ ናግዘ ጋማ አሱንꬅ የነ።
38010b00d2	ኡን ቤዞሰ ኦገራ ሚሸ ደንጎደስ ኮይ፥ ታማርሶደስ ቤዞሰ ባዝ ታማርስተራ ካራ አሱንꬃና ኡባ ኢስዘ ግሾ ኡን ትምርትቶ ተቆደስ ቤዛነ።
38010c00b0	ኡን ናቡንꬃፓ ፈታይ፥ «ቃርጼሰ አሱንꬅ ኡባ ዎደ ዎርዶ ኦህንታነ፤ ኢታ ጾꬁንꬃና፥ አዛልአ ዥምባራ» ያጋይዳ።
38010d008a	Ꮉና ማርካትꬅታ ቱሪ ማርካትꬅ። ይኒ ግሾ፥ ኡንትስ ቱሪ አማኖ የሳደ ፋና ኡንታና ሴሮ።
38010e007c	ቱሮ እጽዘ አሱንꬅ ትምርትቶን አይሁዱንꬅ ፋꬆሰ ቶሴ ስአመ ፋና ኡንታና ሴሮ።
38010f00b3	ጌሹንꬅስ ኡባና ጌሽ፥ የዝን ቱኑንꬅስን አማኖሱንꬅስ ኡን ቆፍታን ዎዝንታ ቱንደ ግሾ ኡንትስ አኮን ጌሽ ማቆስ።
38011000c1	ኡን ኑ ጾዝ ኤራነ ጋእነ፥ የዝን ፋ ኦችተ ኤዛ ካዳነ። ኡን እጽንትዱንꬃና፥ ኪትንቶሱንꬃናን ሎኦ ኦቻ ኡባስ ማቆሱንꬃና።
3802010044	የዝን ኔኒ ሉለ ትምርተ ታማርሶደስ ቤዛነ።
38020200c4	ጭማ ꬊራꬁንꬂ ፋና አህዙንꬃና፥ ዎፑ ጋይዱንꬃና፥ ቦንችንትዱንꬃና፥ አማኖራ፥ ሲቆራን ዳንዳአራ፥ ምንꬂ ማቃደ ፋና ዞሮ።
38020300d3	ይኒ ጋራን፥ ጭማ ማቹንꬅ ፋ የስተ ጌሹንꬃና፥ ዙዝንጎሱንꬃና፥ ኡሽ አሞትꬅ ባይዙንꬃና ሎኦ ባዝ ታማርስዙንꬃና ማቃደ ፋና ታማርሶ።
3802040097	ኡን ይኒ ፋና Ꮉንኮ ናአትꬅ ማቹንꬅ ፋ አዝኑንꬃናን ፋ ናኡንꬃና ሲቆደ ፋና ታማርሶደስ ቤዛነ።
38020500f1	ጾዘ ቃላ ቦሩንታመ ጋር ፋና አህዙንꬃና፥ ጌሹንꬃና፥ ፋ ካራ ኦችዙንꬃና፥ ካራ ፋ አዝኑንꬅስ ኪትንትዙንꬃና ማቃደ ፋና ናአትꬅ ማቹንꬃና ታማርሶ ዞሮ።
3802060050	ይኒ ጋር፥ ይꬎ ꬊራꬁንꬂ ፋ ኦምቶ አሆደ ፋና ዞሮ።
3802070092	ኔኒ ነ ኦምተ ሎኦ ኦቻ ኡባነ ኡንትስ አዝዘ ማቆ። ኔኒ ነ ትምርትተ ቱሮን አማንንትዳያ ማቆ።
38020800ac	ኑ ሞርኩንꬅ ኑና ዝግሮደስ ምክናተ ማቅዘ ባዝ ኡንትስ ꬋብን ኡን ዬልꬎደ ፋና ነ ቦሩንቶሰ ሎኦ ኦሄ ኦህንቶ።
3802090097	አሩንꬂ ኡባ ባዛ ፋ ላꬁንꬅስ ኪትንቶደ ፋና፥ ኡንታና ኡፋይሶደ ፋናን ኡንታራ ላላመ ፋና ዞሮ።
38020a0107	ኡን ፋ ላꬁንꬃፓ ሚሸ ካይስትፐ። ይናን፥ ኑና አሽዘ ጾዘ ትምርተ፥ ኡባ ኦገራ ካꬍንትዳያ ማቃደ ፋና ፋ ኦችዘ ኦችተ አምንንትዱንꬃና ማቅዛኖ ቤዞደ ፋና ኡንታና ዞሮ።
38020b0042	አስ ኡባ አሽዘ ጾዘ አꬎ ኬሃትꬅ ቆንጭዳ።
38020c00d8	የ አꬎ ኬሃትꬅዘ፥ ኑ ናጋርቶን Ꮉና አላመ አሙቶ አሺ፥ Ꮉና ዎድተ ኑ ኦምቶ ናጊ፥ ቱሪ አያና የሳራን ጽሎትꬃራ የሳደ ፋና ኑና ታማርሳነ።
38020d00a1	ይኒ ፋና ኑኒ አንጅንትደ ኡፋይስ ማቅደ ዳማ ጾዛን ኑና አሽዘ የሱስ ክርስቶሳ ቦንቾ ቆንጭꬅቶ ናጋነ።
38020e009e	ኢታ ኦቻ ኡባፓ ኑና ዎዞደስን ሎኦ ባዝ ኦቾደስ አሙꬍዘ ፋ ጌሽ አስ ኬሶደስ ኑ ግሾ ፋና አꬂ እንግዳ።
38020f0073	ኔኒ Ꮉኖ ታማርሶ፤ ኩሙꬅ አደትꬅ ወልቃራ ዞሮ፥ ሴሮ፤ ኦደን ነና ለቂፐ።
38030100d6	አሱንꬅ ዎርዣ አህዙንꬅስ፥ አደትꬅ ዎልቃ የዙንꬅስ አዳትꬃራ ኪትንቶደ ፋና፥ ሎኦ ኦቻ ኡባ ኦቾደስ ጊግንትዱንꬃና ማቃደ ፋና ቆፕዞ።
38030200a0	ማህን ኡን ኦደላን ኢታ ኦህንታመ ፋና፥ ሳሮ አስ ማቃደ ፋና፥ ዳልጋን አስ ኡባስ አዳ ማቃደ ፋና ዞሮ።
3803030130	ኑ ዛጋ ኤዩንꬃና፥ ኪትንቶሱንꬃና፥ ባልንትዙንꬃና፥ ዱማ ዱማ አሾ ኡፋይስስን አሞስ አሮ ፋና ማቅዱንꬃና። ኑ ኢታትꬃራን ቅናተራ ኩምዱንꬃና፤ ኑኒ አስ እጽዙንꬃና፥ አስን ኑና እጽዙንꬃና።
3803040045	የዝን አሽዘ ጾዘ ኬሃትꬅን ሲቆ ቆንጭደ ዎደ
38030500e5	ኑ ኦችደ ጽሎ ኦቻ ግሾ ባይዝን ፋ ማሮትꬅት ግሾ ኑና አሽዳ። ኑና ኤ አሽዳና፥ ላምእንꬃ የልንተ ሜጭንተራን ጌሽ አያና ባጋራ እንግደ ክለ ደኦር።
3803060074	የ አያንዛ፥ ጾዚ ኑና አሽዘ የሱስ ክርስቶሳ ባጋራ ኑላ አፋ ጋንꬅ ጉስዳ።
3803070082	ፋ አꬎ ኬሃትꬅት ባጋራ ኑና ጽልዚ መዽና ደኦ ላታ ኡፋይስ አይኮደ ፋና ይኖ ኦችዳ።
3803080101	Ꮉይ ቃልዘ አምንንትደ ቃላ። ጾዛ አማንዙንꬅ ሎኦ ኦቻ ኦቾደስ ጊግዱንꬃና ማቃደ ፋና ነ Ꮉና ቃልቶ ምንꬂ ኦሆደ ፋና ታ ኮያነ። Ꮉን ስ አስ ኡባስ ሎኦን ማድዘ ባዝ።
38030900b7	የዝን ኤያትꬅ ላለፓን፥ ኮች ፋይደፓ፥ ካቻፋን ህገ ምክናተራ ደንድዘ ላለፓ ናግንቶ። ይና ማደን ትርፈ ባይዘ ባዝ።
38030a0067	ሻክንተ መꬍዘ አꬃ ቲኖ ዞሮ፤ ላምእንꬃ ካጮ ይንፓ ሱባ ኤፓ Ꮉኮ።
38030b0060	ይኒ ጋርዘ አስ ዎቦን ናጋራንቾ፤ ኤ ፋላ አፋ ፍርድዛኖ ኤሮ።
38030c00b3	ታኒ ስላ የይጋ ኣꬆደስ ቆፕደ ግሾ አርጤማሳ ዎይ ትክቆሳ ኔጎ ኪትዘ ዎደ ነ ታጎ ንቆጵልዮና ካታማ ዮኦደስ ኤልሶ።
38030d008e	ህገ ኤራንቻ ዜናሳን አጵሎሳ ኦገ Ꮉንግዘ ዎደ ኡንትስ ኮሽዘ ባዝ ፋጫመ ፋና ኡንታና ማዶ።
38030e009a	ኑ አሱንꬅን ፋꬆሰ አስ ማቂ አታመ ፋና ፋስ ኮሽዘ ባዝ ደንጎደ ፋና ሎኦ ኦቻ ኦቾደስ ሚንግ ታማሮ።
38030f00c0	ታራ የዘ ኡቡንꬅ ነና ሳሮ ጋነ፤ አማኖራ ኑና ሲቅዘ አሱንꬃና ሳሮ ጋኦ። ጾዘ አꬎ ከሃትꬅታ ይን ኡቡንꬃራ ማቀ። አምንኤ።
390000000c	ፍልሞና
390101009e	ታኒ ጳዉሎሳ፥ የሱስ ክርስቶሳ ግሾ አቻ የዛይን ኑ እሸ ጢሞትዮሳ፥ ኑራ ኦችዘ ኑኒ ካዽዘ ፍልሞናስ፥
39010200a8	ይኒ ፋና ነ ካራ ሺቅዘ አማንዙንꬅስ፥ ኑ ምሽታ አፍብያሳስን ኑራ ዎላ የዘ ዎታዳረ አርክጳሳስ ጻፍደ ኪታ።
390103007a	ጾዘ ኑ አደፓን ኑ ላꬄ የሱስ ክርስቶሳፓ አꬎ ኬሃትꬅን ሳሮትꬅ ይንትስ ማቀ።
39010400ad	ኔኒ ጌሹንꬃና ካꬍዛኖን ላꬄ የሱሳ አማንዛኖ ታኒ ስእደ ግሾ ጾዛ ዎስተራ ነና ቆፕዘ ዎደ ኡባ ታ ጾዝ ጋላታነ።
39010600aa	ኔኒ ነ አማንቶ መሉንꬅስ ሻክዛና ኑስ ክርስቶስ የሱሳ ባጋራ የእዘ ሎኦ ባዝ ኡባ ኤሮደ ፋና ታኒ ጾዝ ዎሳነ።
390107009e	አማንዙንꬅ ዎዝንታ ነ ኦችተ ሸምፕደ ግሾ ታ እሻዮ፥ ታኒ ነ ሲቅተ ጋማ ኡፋይስን ምንꬅትሞ ደንግዳ።
3901080092	ይኒ ግሾ፥ ኔኒ ኦቾደስ ቤዘባዝ ኦቾደ ፋና ነና ኪቶደስ ክርስቶሳ ባጋራ ታስ ምንꬂ ቆፋ የነ።
3901090083	ታኒ፥ ጭምዘ ጳዉሎሳ፥ ክርስቶስ የሱሳስ Ꮉተን አች ኬꬃ የዛይ፥ ሲቆራ ነና ዎሳነ።
39010a0077	ታኒ አች ኬꬃ የዝተራ ክርስቶሳራ ታስ ናአ ማቅደ አናስሞሳ ግሾ ነና ዎሳነ።
39010b0061	ኤ ዛጋ ነና ማዶስ፥ የዝን Ꮉተ ነናን ታናን ቱርፓ ማዶደ አስ።
39010c00cc	ታኒ ዎዝናፓ ካዽዘ አናስሞሳ ኔጎ ዳክዳ። ታኒ ዎንገለ ግሾ አጭንቲ የዝን፥ ነ ግሾ ማህ ታና ማዶደ ፋና ታ ካለ ኤዛ አሾደስ ኮይዳ።
39010e0090	የዝን ነ ቆፋ ጋር ኦቾደስ ኮይዳፕ አትን ኔራ ዞርንትካይዛራ ዎልቃራ አኮን ኦቾደስ ኮዮስ።
39010f0087	አናስሞሳ ኤራꬅ ዎደ ኔፓ ሻክንትደ፥ ኦደ ኤሮደ ማቂ ኡባ ዎደ ኔራ የዝካይዛራ አታማ።
39011000d3	ይኬ፥ Ꮉንፓ ሱባ አናስሞሳ አሮ ባይዝን አሮፓ ኤ ጋማ አꬋነ። ኤ ታስ አኮ ጋር ሲቆ እሸ! ማህ ኤ ኔስ አሾ ባጋራን ላꬄ ባጋራ አꬍደ እሸ።
3901110067	ይኬ፥ ኔኒ ታና ኔስ ላገ ጋዘባዝ ማቅኮ ታና ሞክዛንፋና ኤዛ ሞኮ።
390112004b	ኤ ነና ቆህደ ባዝ ዎይ ኤስ ጋለ የዝኮ ታፓ ኤኮ።
39011300bb	ይና አጭቶ ታ ጭጋዳ ጋእ ታኒ፥ ጳዉሎሳ፥ ታ ኩሽተ ጻፋነ። ኔኒ ታስ ነ ሸምፕቶ ጋልꬊ በትዳያ ታኒ ነና ቲርሳደስ ኮሾስ።
390114007d	ታ እሻዮ፥ ላꬄ ባጋራ ኔፓ ማደ ደንጎደስ ኮይዳ። ክርስቶሳ ባጋራ ታና ምንꬅꬆ።
3901150078	ታኒ ጋይዳንፋ ጋማ ነ ኦቾዳኖ ኤሪ ማህ ነ ታስ ኪትንቶዳኖ አማኒ Ꮉኖ ጻፋነ።
3901160080	ጾዚ ይን ዎስቶ ስእ ታና ይንታጎ ሱብ ማሆዳ ጋእ ቆፕዘ ግሾ ታስ አቅዘ ኬꬅ ጊግዞ።
3901170061	ክርስቶስ የሱሳ ግሾ ታራ አቻ የዘ ኤጳፍራ ነና ሳሮ ሳሮ ጋነ።
390118007d	ማህ ታራ ዎላ ኦችዘ ማርቆሳ፥ አርስጥሮኮሳ፥ ዴማሳን ሉቃሳ ነና ሳሮ ሳሮ ጋነ።
390119004e	ላꬄ የሱስ ክርስቶሳ አꬎ ከሃትꬅታ ይንታራ ማቀ።
3a0000000c	ዕብራዌ
3a0101006e	ዛጋ ጾዚ፥ ኑ አዱንꬅስ ናቡንꬅ ባጋራ ዱማ ዱማ ኦገራ ጋማ ዎደ ኦህዳ።
3a0102009d	የዝን Ꮉና ዉርሱꬅ ዎድተ ኡባኖ ኤዛ ላትዝደ ማህ አላምቶ ኤ ባጋራ መꬍደ ፋ ናአይ ባጋራ ኑስ ኦህዳ።
3a01030113	ናአይ ጾዘ ቦንቾ ፎእዘን ኩሙꬅ ጾዘ ጾዘትꬅቶ ኤኪ፥ ፋ ዎልቃ ቃላራ Ꮉና አላምቶ ካቲ አይክዳ። አሱንꬃና ኡን ናጋራፓ ጌሽዳንፓ ሱባ ኡባፓ ካታራ ጾዘ ምዛቅ ዛላራ ሳሎ በትዳ።
3a01040082	ኤስ እንግንትደ ሱንꬅታ ኪታንቹንꬅ ሱንꬃፓ ካታራ ማቅዳን ፋና ኤ ኡንታፓ ካታራ።
3a010500eb	ይኬ፥ ጾዚ ኪታንቹንꬃፓ ኦደጎ፥ «ኔኒ ታ ናአ፤ ታ Ꮉይኖ ኔስ አደ ማቅዳ» ጋይዶ? ዎይ ማህ ኦደጎ፥ «ታኒ ኤስ አደ ማቃዳ፤ ኤዝን ታስ ናአ ማቃዳ» ጋይዶ?
3a01060092	ማህ ጾዚ ፋ አንግስ ናአያ Ꮉና አላምተ ኪትተራ፥ «ጾዘ ኪታንቹንꬅ ኡባ ኤስ ጎይኖ» ያጋይዳ።
3a0107009e	ጾዚ ኪታንቹንꬅ ባዝ ኦህተራ፥ «ጾዚ ፋ ኪታንቹንꬃና አያና፥ ፋ አሩንꬃና ታማ ሎጸ ማህነ» ያጋይዳ።
3a0108009a	የዝን ፋ ናአይ ባዝ ኦህተራ፥ «ጾዛዮ፥ ነ ካእቱምታ መꬍናስ የነ። ነ ካእቱምቶ ነ ጽሎትꬃራ አሆ።
3a010900b5	ኔኒ ጽሎትꬅ ካꬍዳ፤ ኢታ እጽዳ። ጾዚ፥ ነ ላꬄ፥ ነና ነ ላጉንꬃፓ አꬂ ዶርዳ፥ ኡፋይስ ዛይተ ነና ትዥዳ» ያጋይዳ።
3a010a0063	ጾዚ ማህ፥ «ላꬃዮ፥ ቲኖ ኔኒ ሳአ መꬍዳ፤ ሳሉንꬅ ነ ኩሸ ኦቻ።
3a010b0068	የን ስ ኡባ ꬋቦዳ፤ የዝን ነ የሳዳ። ኡን ኡባ አፉላ ፋና Ꮉልኦዳ።
3a010c00ac	ነ ማጋራጃ ፋና ጻጾዳ፤ ማህ ኡን አፉላ ፋና ጭንጎዳ። የዝን ኔኒ ኡባ ዎደ ነና፤ ነ በርታን Ꮉልኦስ» ያጋይዳ።
3a010d00c2	የዝን ጾዚ ኪታንቹንꬃፓ ኦደጎ፥ «ታኒ ነ ሞርኩንꬃና ነ ቶህታ የꬍዘ በሲ ማሆደ ዎንꬅስ፥ Ꮉነ ታፓ ምዛቅ ዛላራ በቶ» ጋይዶ?
3a010e0086	ኪታንቹንꬅ ኡባ አቶትꬅ ደንጎደስ የዘ አሱንꬃና ማዶደስ ጾዚ ኪትደ አያኑንꬃና ባነ?
3a02010088	ይኒ ግሾ፥ ኑኒ ስእደ ቱርፓ መለ በሳ ኤክንታመ ጋር ይና ስእዳኖ ምንꬂ ናጎደስ ቤዛነ።
3a020200a6	ይኬ፥ ኪታንቹንꬅ ባጋራ ኦህንትደ ቃልታ ቱሮ ማቅኮ፥ ኤዛ ቆሄን ኪትንታንጽ እጸ ፍርዳ ክእዘባዝ ማቅኮ፥
3a020300e0	ዬዝን፥ ኑኒ Ꮉኒ ጋር ዳማ አቶትꬅ ኮዮስ ጋይኮ፥ ዋይዝ አቶደ? ቲኖ ላꬂ ፋ ኦምተ ይና አቶትꬅቶ ኦህዳ፤ ማህ ኤፓ ስእዱንꬅ ኑስ ጌሽ ማርክꬍዳ።
3a020400b2	ማህ ጾዚ ማላራን፥ ክለባዛራ፥ ዱማ ዱማ ክሌ ባዝ ፋ ቆፍት ጋር እንግደ ጌሽ አያና እሞትꬃራ ማርካትꬅቶ ምንꬅዳ።
3a0205006b	ጾዚ Ꮉና ኑኒ ኦህዘ ቲኖፓ የኦደ አላምቶ፥ ኪታንቹንꬅስ አህዝካያ።
3a020600a8	ጌሽ ማጻፍተ ፈቲ በሳ Ꮉንጋራ ያጋይዳ፦ «ኔኒ አስስ ቆፖደስ አስ አኮ? ዎይ ኔኒ ኤዛ ናጎደስ አስ ናአይ አኮ?
3a02070073	ነ ኤ ኪታንቹንꬃፓ ጽቅና ኤራꬅዳ፤ ኤ ኦምተ ቦንቾን ናሾ ባርኔጻ ጋድዳ።
3a020800ff	ማህ ኡባባዝቶ ኤ ቶህትፓ ኦሞራ ጋድዳ» ያጋይዳ። ጾዚ ኡባባዝቶ ኤስ አህዘ ዎደ ኤስ አቅካይዘ ባዝ አኮን ባያ። የዝን Ꮉተ ኡባ ባዝ ኤስ አቆደራ ኑኒ Ꮉጋ ብእካያ።
3a02090109	የዝን ኑኒ ኪታንቹንꬃፓ ጽቅና ኤርደ የሱሳ በእነ። ጾዘ አꬎ ኬሃትꬅት ባጋራ የሱሳ አስ ኡባስ Ꮉይቂዳ። ኤ ዋየ Ꮉይቆ Ꮉይቂደ ግሾ ቦንቾን ናሾ ባርኔጻ ኤ ኦምተ ጋድዳ።
3a020a00d0	ኡባ ባዝ ኤስን ኤ ባጋራ መꬍንትደ ጾዚ፥ ጋማ ናኡንꬃና ፋራ ቦንችሳደስ ኡን አቶትꬅትስ ኦማ፥ የሱሳ ዋይቶ ፎሎ ማሆደስ ኤስ ቤዛነ።
3a020b00bc	የሱሳን የንꬅ ኤ ጌሽደ አሱንꬅ ኡባ ፈቲ አደ ናኡንꬃና። የሱሳ ኡንታና፥ «ታ እሹንꬃና» ጋእ ጼጎደስ ዬልꬎሳና ይንስ።
3a020c0084	የሱሳ፥ «ታኒ ነ ሱንꬅቶ ታ እሹንꬅስ አዋጆዳ፤ ዎርዣ ሺቅተ ነና ጋላቶዳ» ያጋይዳ።
3a020d009c	ማህ ኤ፥ «ታኒ ታ አማንቶ ኤላ አፋ ጋዶዳ» ማህን፥ «ጾዚ ታስ እንግደ ናኡንꬃራ ታ Ꮉነ የነ» ያጋነ።
3a020e00de	ናኡንꬅ አሾን ሱꬅ የዙንꬃና ማቅደ ግሾ የሱሳን ኡን ፋና አስ ማቅዳ። ኤ ይኖ ኦችዳና፥ Ꮉይቆላ አፋ ዎልቃ የዘ ጻላህዛ ፋ Ꮉይቅተ ꬋብሶደስ።
3a020f0073	ማህ ፋ የዘ በርተ ኡባ Ꮉይቆ ዣሽሞራ አርꬊ የዙንꬃና አሮትꬃፓ ኬሶደስ።
3a02100078	ቱሮ የሱሳ ይእዳና አብራሃማ ኮች ማዶደስ ፋትን ኪታንቹንꬃና ማዶደስ ባያ።
3a021100d3	አስ ናጋራ አቶ ጋእንቶደ ፋና ጾዘ ቲኖ ዱርዘ አማንንትደ ካህኑንꬅ Ꮉላቃ ማቅዳ። ይኒ ግሾ፥ ኤ ኡባባዝተ ፋ እሹንꬃና አዞደስ ቤዛነ።
3a02120071	ኤ ፋ ኦምተ ፋታናራ ዋይንትደ ግሾ ፋታንንትዙንꬃና ማዶደስ ዳንዳአነ።
3a0301009f	ይኒ ግሾ፥ ጾዚ ጼግደ ጌሽ እሹንꬆ፥ ኑ አማኖራ ላꬆ ጋእ ጼግዘ ሐዋረን ካህኑንꬅ Ꮉላቃ የሱሳ ቦኦተ።
3a03020079	ሙሴ ጾዘ ኬꬃ ኡባ አማንንትዳን ፋና የሱሳን ፋና ዶርደ ጾዘስ አማንንትዳያ።
3a03030086	ኬꬂ ኬጽዛይ ኬꬅትፋ አꬊ ቦንችንትዛን ፋና የሱሳ ሙሴፓ አꬍዘ ቦንቾ ኤኮደስ ቤዛነ።
3a0304005d	ፈታ ፈታ ኬꬅዛ ኬጽደ አስ የነ፥ የዝን ኡባኖ ጊግዝደ ጾዚ።
3a0305007d	ሙሴ ጾዘ ኬꬃ ኡባነ አማንንትደ አሮ ማቂ፥ ጾዚ ቲኖፓ ጋዉደባዝስ ማርካ ማቅዳ።
3a030600b2	የዝን ክርስቶሳ ጾዘ ኬꬅተ ናአ ፋና አማንንትዳያ። ኑኒ ኤኮዳ ጋእ ናግዘ ኡፋይስቶ ምንꬂ ናግኮ ጾዘ ኬꬂ ማቃነ።
3a03070069	ይኒ ግሾ፥ ጌሽ አያና ጋዛንፋና፥ «Ꮉይኖ ይን ጾዚ ጋዛኖ ስእዘ ዎደ
3a0308008a	አኮ ባይዘ ሳአ ፋታንዘ ቃማ፥ ይን አዱንꬅ ገነ Ꮉንትዳን ፋና፥ ይን ዎዝንቶ ምንꬅፐተ።
3a03090059	ይን አዱንꬅ ታና ፋታንዳ፤ ኦይታም በረ ታ ኦችቶ ብእዳ።
3a030a009c	ይኒ ግሾ፥ ታ ይና የለቱንꬃና ካጭ፥ ‹ኡን ኡባ ዎደ ፋ ዎዝንተ ባላነ፤ ታ ኦግቶ ኤርካያ› ያጋይዳ።
3a030b0079	ይኒ ግሾ፥ ታኒ ዥሎራ ጫቂ፥ ‹ታ ሸምፖ በስቶ ሙሎን ገሎስ› ያጋይዳ» ያጋነ።
3a030c009a	ታ እሹንꬆ፥ ይንታፓ ኦደን፥ ደኦ ጾዘፓ ይንታና ሻክዘ ኢታን አማኖሰ ዎዝና የዛመ ጋር ናግንቶተ።
3a030d00bb	ይንታፓ ኦደን ናጋራ ባልꬅን፥ ፋ ዎዝንቶ ምንꬃመ ጋር «Ꮉይኖ» ጋእንት ጼግንቶደራ ቃምተ ቃምተ ፈተ ፈተራ ዞርንቶተ።
3a030e0085	ኑ ቲኖ አማንቶ ኑኒ ዉርሱꬅ የሎደስ ምንꬂ ናግኮ፥ ክርስቶሳራ ዎላ ሻክንትዙንꬃና።
3a030f00b4	ጌሽ ማጻፍተ፥ «Ꮉይኖ ጾዚ ጋዛኖ ይን ስእዘ ዎደ የ ዎደ ኡን ጩቦራ Ꮉንዳን ፋና፥ ይን ዎዝንቶ ምንꬅፐተ» ያጋይዳ።
3a03100070	ጾዚ ጋዘባዝ ስእ ጩቡꬍዱንꬅ ኦደ? ሙሴ ግብጸፓ ካልꬅ ኬስደ ኡቡንꬃና።
3a0311009e	ጾዚ ኦይታም በረ ኦና ካጭዶ? ናጋራ ኦችዱንꬃናን ኡን አህታ አኮ ባይዘ ሳአ ዎꬊ አትደ አሱንꬃና ባነ?
3a03120085	ማህ ጾዚ፥ «ታ ሸምፖ በስቶ ገሎስ» ያጋእ ጫቂዳና፥ ኤስ ኪትንታንጽደ አሱንꬃና ባነ?
3a03130076	ይኬ፥ ኡን ይና ሸምፖ በስቶ ገላንጽዳና አማንካይዘ ግሾ ማቅዳኖ ኑ በእነ።
3a040100cf	ይኬ፥ ጾዚ ኑና ፋ ሸምፖ በስቶ ገልꬆዳ ጋይደ ቃልታ Ꮉጋ ቲኖ የዘ ግሾ ይንታፓ ኦደን ይና ሸምፖ በስቶ ገላንጽ አታመ ፋና ናግንቶዳ።
3a040200c2	ኡንትስ ምስራቾ ቃላ ሳባክንትዳንፋና፥ ኑስን ሳባክንትዳ። የዝን ኡን ስእደ ቃልቶ አማኒ ኤክካይዘ ግሾ ኡንታና ማድካያ።
3a04030118	ማቅኮን፥ አላመ መꬍንትዳንፓ አይኪ ጾዘ ኦችታ ፎልንትዳ ማቅኮን፥ ጾዚ፥ «ታኒ ታ ዥሎራ ጫቅ፥ ታ ሸምፖ በስቶ ሙሎን ገሎስ» ጋይዳንጋራ፥ ኑኒ አማንዱንꬅ ኤ ሸምፖ በስቶ ገሎዳ።
3a04040084	ላፑንꬆ ቃማባዝ ፈቲ በስተ፥ «ጾዚ ላፑንꬆ ቃምተ ፋ ኦቻ ኡባንፓ ሸምፕዳ» ያጋይዳ።
3a04050064	ማህን ይና በስተ፥ «ኡን ታ ሸምፖ በስተ ሙሎን ገሎስ» ያጋይዳ።
3a040600b9	ቲኖ ምስራቾ ቃላ ስእ ኪትንታንጽ ሸምፖ በስቶ ገልካያ። የይኮን፥ Ꮉተ ይና ሸምፖ በስቶ ገሎደ ፈቲ ፈቲ አሱንꬅ የነ።
3a04070120	ይኒ ግሾ፥ ጾዚ፥ «Ꮉይኖ» ጋእ ጼግተራ ፈቲ ቃማ ኑስ ቃጣሮ እንግ ኤርስዳ። ጋማ ዎደፓ ሱባ ጾዚ ዳዉተ ባጋራ፥ «ጾዚ ጋዘባዝ Ꮉይኖ ይን ስእዘ ዎደ ይን ዎዝንቶ ምንꬅፐተ» ያጋእ ኦህዳ።
3a0408007c	እያሱ ኡንትስ ሸምፖ እንግደባዝ ማቅዛኮ፥ ጾዚ መለ ቃማባዝ ሱባፓ ኦሆስ የሻ።
3a0409004f	ይኬ፥ ጾዝ አስስ ሳምባታ ሸምፖ Ꮉጋ ናግንቲ የነ።
3a040a008a	ጾዘ ሸምፖ በስቶ ገልዘ ኦደን፥ ጾዚ ፋ ኦችትፓ ሸምፕዳንፋና ኤዝን ፋ ኦችትፓ ሸምፖዳ።
3a040b00a7	ይኒ ግሾ፥ ኦደን የንꬅ አሱንꬅ ኪትንታንጽ እጽዳኖ ካሊ፥ ጎልአመ ፋና ጾዘ ሸምፖ በስቶ ገሎደስ ምንጎዳ።
3a040c0119	ጾዘ ቃላ ደኦን ኦችዛያ። ላምእ ዛላራ ሌፍንትደ ማሻፓ አꬊ ኦጮ። ኤ ሸምፖ፥ አያና፥ ሻዣን ኮልዘን የሎደስ ገሊ ጫዳነ። ማህ አስ ዎዝንተ የዘ አችንትደ ቆፋን አሙቶ ሻኪ ፍርዳነ።
3a040d00b0	ጾዘ ቲኖ አችንትደ አኮ መ ትꬅን ባያ። ኤ ኣፍት ቲኖ ኡባ ባዝ ቆንጨን ካሎ የነ። ኑኒ ማሄ እንጎደስ ቤዘ ኤ ቲኖ።
3a040e009c	ይኬ፥ ሳሎ ከዝደ ዳማ ካህኑንꬅ Ꮉላቅዘ፥ ጾዘ ናአይ የሱሳ፥ ኑስ የዘ ግሾ ኑ አማንቶ ምንꬂ ናጎዳ።
3a040f00bf	ኑ ካህኑንꬅ Ꮉላቅዘ ኑ ላብዘ ዎደ ኑስ ይቅስንቶደስ ዳንዳእዛያ። ኤ ናጋራ ኦችካያ፥ የዝን ኑ ፋና ኡባ ባዛ ፋታንንትዳ።
3a041000c9	ይኬ፥ ማሮትꬅ ኤኮደስን ማደ ኮሽዘ ዎደ አꬎ ኬሃትꬅ ደንጎደስ አꬎ ከሃትꬅታ የዘ በሳ ጾዘ ካእቱሞ አራታጎ ዣሽሞ ባይꬅ ሺቆዳ።
3a050100bb	ፈቲ ፈቲ ካህኑንꬅ Ꮉላቃ አሱንꬅ ግዳፓ ዶርንት፥ ጾዛራ የልꬅዘ ባዛ አስ ግሾ እሞን ናጋራ ዣርሾ ዣርሾደስ ሹሙንታነ።
3a05020084	ኤ ፋ ኦምተ ላብꬅ ማቅደ ግሾ ኤሮሱንꬅስን ባልንትዱንꬅስ ይቅስንቶደስ ዳንዳአነ።
3a0503006b	ኤ ፋ ናጋራ ግሾን አስ ኡባ ናጋራ ግሾ ዣርሾ ዣርሾደስ ቤዛና ይንስ።
3a050400c3	ኦደን Ꮉና ቦንችቶ ፋስ ኤኮደስ ዳንዳኦስ፥ የዝን አሮና ካህኑንꬅ Ꮉላቃ ማቃደስ ጼግንትዳን ፋና ጾዛራ ጼግንቶደስ ቤዛነ።
3a050500d2	ይኒ ፋና፥ ክርስቶሳ ካህኑንꬅ Ꮉላቃ ማቅዘ ቦንችቶ ፋስ ኤክካያ። የዝን ጾዚ ኤዛ፥ «ኔኒ ታ ናአ። Ꮉይኖ ታ ኔስ አደ ማቅዳ» ያጋይዳ።
3a0506008e	ማህ መለ በሳ፥ «መልከጻድቀ ካህነ ሹማ ማቅዳን ጋራ፥ ኔኒ መꬍናስ ካህነ ማቃዳ» ያጋይዳ።
3a050700f0	የሱሳ አስ ማቂ Ꮉና አላምተ የዘ ዎደ ፋና Ꮉይቆፓ አሾደስ ዳንዳእዘ ጾዛ ጋማ ዬፎራን አፉꬃራ ዎስዳ። ኤ፥ ጾዝ ቦንቺ ኪትንትደ ግሾ ጾዚ ኤ ዎስቶ ስእዳ።
3a05080055	የሱሳ ጾዘ ናአ ማቅኮን ኤክደ ማꬍተ ኪትንተ ታማርዳ።
3a05090095	ይነን፥ የሱሳ ፋ ኦችቶ ፎልዳንፓ ሱባ ፋስ ኪትንትዘ ኡባ መዽና አቶትꬅ ደማደ ፋና ኦገ ማቅዳ።
3a050a0066	ይናን ጾዚ መልከጻድቀ ሹማ ፋና ካህኑንꬅ Ꮉላቃ ማህ ኤዛ ሹምዳ።
3a050b00b7	Ꮉና ኑ ኦህትላ አፋ ጉጂ ኦሆደባዝ ጋማ ባዝ የነ፥ የዝን ይን ቆፍታ ኤራꬅ ማቅደ ግሾ ይንትስ ኦህ ገልꬆደስ ዋይꬃነ።
3a050c00f6	ይን Ꮉኒ ዎደ አስታማረ ማቃደስ ቤዛነ፥ የዝን ጾዘ ቃላ ቲኖ ትምርተ ይንታና ማህ ታማርስዘ መለ አስ ኮሻነ። ይን ምንꬂ ካꬃ ማደስ ዳንዳኦሰ ግሾ ማꬅ ኮሻነ።
3a050d0064	ማꬅ ሽችንትዘ ኦደን ዦጋ ናአ ማቅደ ግሾ ሎኦን ኢታ ሻኪ ኤሮስ።
3a050e0067	የዝን ምንꬂ ካꬃ ኮሽዘ ሎኦን ኢታ ሻክዘ ኤራ የዘ ዎዝናማ አስስ።
3a0601010c	ይኬ፥ ክርስቶሳ ባዝ ታማርስዘ ቲኖ ትምርትቶ አሺ ክርስቶሳ ግዳ ዎዝናሙንꬅ ትምርተጎ የꬎተ። Ꮉይቆ ካልꬅዘ ኦቻፓ ማቅዘ ባዝን ጾዝ አማነባዝ ቲኖ ትምርተጎ ሱባ ማቆስ።
3a06020090	ይኒ ፋና፥ ጽንቃተ ባዝ፥ ኩሸ ጋደባዝ፥ Ꮉይቆፓ ደንዶ ባዝን መዽና ፍርዳባዝ ማህ ታማሮስ።
3a06030028	ጾዚ ጋይኮ ኑ ይኖ ኦቾዳ።
3a0604007e	ፈቲ ቶሄ ፎኦ ፎእዱንꬃና፥ ሳሎ እሞ ኤክዱንꬃና፥ ጌሽ አያናፓ ግሽንትዱንꬃና፥
3a06050058	ሎኦ ጾዘ ቃላን ቲኖፓ የኦደ አላምት ዎልቃ ብእዱንꬃና፥
3a060600fd	ሱባፓ ካድዱንꬃና ናጋራፓ ላምእንꬃ ማሆደስ ዳንዳእንቶስ። አኮስ ጋይኮ፥ ኡን ፋ ꬋበስ ጾዘ ናአያ ማህ ሱጽዘ ፋና ማስቃላላ አፋ ኤዛ ሱጻነን አስ ቲኖ ካዉሻነ።
3a06070092	ኡባ ዎደ ኤላ አፋ ቡክዘ እራ ኡዢ፥ ዎትዘ አꬃ ማድዘ ካꬃ እንግዘ ሳእታ ጾዛራ አንጅንትዳኖ።
3a0608009c	የዝን አንጋꬅን ክንችከሎ ዶልዘ ሳእታ አኮ ባዝን ማዶስ፤ ኢስ ባድꬅ ኡክዳ፤ ዉርሱꬅተ ምችንቶዳ።
3a060900ac	ኑ ሲቆ እሹንꬆ፥ ኑኒ Ꮉኒ ጋር ኦህዘ ባዝ ማቅኮን፥ ይንታና አቶትꬃጎ ካልꬅዘ ሎኦ ባዝ ይንትስ የዛኖ ኤራነ።
3a060a00b2	ጾዚ ሉለ ፍርድዛያ። ጾዚ፥ ይን ኦችደ ኦችቶን ዛጋ ማቅን Ꮉተ አማንዙንꬃና ማዲ፥ ኤስ የዘ ሲቅቶ ቤዝዳኖ ቦቶስ።
3a060b0097	ይን ኡባ ኡፋይሳራ ናግዛኖ ደንጎደ ዎንꬅስ Ꮉና ምንꬅቱምቶ ፎሎ የሎደስ ቤዞደ ጋር ኑ አሙꬋነ።
3a060c0097	ይን አማኖራን ዳንዳአራ ናግዘ ኡፋይስቶ ላትዘ አስ ማቃደ ጋር ፋትን አዛልአ ማቃደ ጋር ኮዮስ።
3a060d0089	ጾዚ አብራሃማስ እንጎዳ ጋእ ጫቂደ ዎደ ፋፓ አꬍዘ መለ ዳማ ባይዘ ግሾ ፋ ኦምተ ጫቂዳ።
3a060e0056	ኤጎ፥ «ታኒ ነና አንጆዳ፤ ነ ዛርቶ ጋንꬆዳ» ያጋይዳ።
3a060f0061	አብራሃማ ዳንዳአራ ናጊ ጾዚ እንጎዳ ጋይደ ኡፋይስቶ ኤክዳ።
3a0610008a	አስ ጫቂተራ ፋፓ ዳምዘ አሳራ ጫቃነ፤ ይና ጫቅታ ጋእንትደባዝ ምንꬂ፥ ላለ ኡባ Ꮉሳነ።
3a06110097	ይኒ ግሾ፥ ጾዚ ፋ ላምንቶሰ ቆፋ ኡፋይስ ቃላ ላትዙንꬅስ ቆንጭሳደስ ኮይደ ግሾ ጫቆራ ምንꬅዳ።
3a0612012d	ጾዚ ዎርድꬎስ። ኤ ኡፋይስ ቃልታን ጫቅታ፥ ላምኡንꬅን ላምንቶስ። Ꮉና ላምእ ባዝተ ኑ ቲኖ የዘ ኡፋይስቶ አይኮደስ ዳንዳኦደ ፋና ካተ ደንጎደስ ኤጎ አችንትደ ኑኒ፥ ዳማ ምንꬅትሞ ደንጎዳ።
3a061300d6	Ꮉና ኡፋይስታ ኑ ሸምፕትስ፥ ማርካበ ኤንእንታመ ፋና ምንꬂ አይክዘ መቆ ፋና። ይና ኡፋይስታ ማጋራጃፋ ሱባ ዛላራ የዘ ጌሽ በሳ ገልዳ።
3a0614009b	የሱሳ መልከጻድቀ ሹማትꬅት ፋና መꬍናስ ካህኑንꬅ Ꮉላቃ ማቂ፥ ኑ ግሾ ኑፓ ቲኒ ይና በስቶ ገልዳ።
3a070100ce	መልከጻድቀ፥ ሳለመ ካት፥ ኡባፓ ካታራ ጾዘ ካህነ። የ መልከጻድቀ አብራሃማ ካቱንꬃና ኦሊ ጋሚ ማቃደራ ኤራ የልንት ኤዛ አንጅዳ።
3a070200f4	አብራሃማ ፋ ድእደባዝ ኡባፓ ኤስ አስራታ ኬሲ እንግዳ። መልከጻድቀ ሱንꬅታ ቲኖ «ጽሎትꬅ ካት»፥ ላምእንꬃ፥ «ሳለመ ካት» ብልꬅታ፥ «ሳሮትꬅ ካት» ጋኤ።
3a070300e9	መልከጻድቀስ እንዳ ዎይ አደ ዎይ ኮች ፋይዶ ባያ። ኤ የለትꬅትስ ደንዶ ዎይ ኤ የስትስ ፋድꬅ ባያ፥ የዝን ጾዘ ናአ አዝዘ ማቂ መꬍናስ ካህነ ማቃነ።
3a070400aa	መልከጻድቀ አኮ ጋር ዳማ የዛኮ ቦኦተ። ኑ አዱንꬅ ማይዘ፥ አብራሃማ፥ ፋ ድእደባዛፓ ኤስ አስራታ እንግዳ።
3a070500b6	ካህነ ማቅደ ሌወ ኮች እስራኤለ አሳፓ፥ የን ስን አብራሃማ ኮች ማቅደ ፋ እሹንꬃፓ አስራታ ኤኮደ ጋር ህግታ ኪታነ።
3a0706009b	መልከጻድቀ ሌወ ኮች ማቃንጽኮን አብራሃመፓ አስራታ ኤክዳ፤ ኡፋይስ ቃላ የዘ አብራሃማ አንጅዳ።
3a0707003f	ጌዛይ አንግሰፓ አንጅንትዛና ላልዞስ።
3a070800b3	ፈቲ ባጋራ፥ አስራታ ኤክዙንꬅ Ꮉይቅዘ አሱንꬃና፥ የዝን መለ ባጋራ አስራታ ኤክዙንꬅ ደኦ የነ ያጋእ ኦህንትዳ።
3a07090084	ይኬ፥ አስራታ ኤክዘ ሌወ፥ አብራሃማ ባጋራ አስራታ እንግዳ ጋዉደስ ዳንዳእንታነ።
3a070a00bb	አኮስ ጋይኮ፥ መልከጻድቀ አብራሃማራ የልንትዘ ዎደ ሌወ የልንትካይዘባዝ ማቅኮን፥ ፋ ማይዘ አብራሃማ ቡንቅተ የነ።
3a070b0117	እስራኤለ አሱንꬅስ ህገ ሌወ ካህነትꬅ ባጋራ እንግንትዳ። Ꮉና ሌወ ካህነትꬅታ ፎሎ ማቅደ ባዝ የዛኮ አሮናን ፋና ማቅካይዝን፥ መልከጻድቀ ፋና መለ ካህነ ሹሞደስ አኮስ ኮሽዶ?
3a070c0064	ይኬ፥ ካህኑንꬅ ላምንትዘ ዎደ ህግታን ማህ ላምንቶደስ ቤዛነ።
3a070d0083	Ꮉይ ኑ ኤ ባዝ ኦህዘ አꬄ መለ ኮች፤ ኤ ኮችትፓ ኦደን ዣርሾ በሳ ካህነትꬃ ኦችካያ።
3a070e00b1	ኑ ላꬄ ይሁዳ ኮቻፓ ይእዳና ኤርንትዛኖ። ማቆ የዝን፥ ሙሴ ካህኑንꬅባዝ ኦህተራ ይሁዳ ኮች ባዝ አኮን ኦህካያ።
3a070f007c	መልከጻድቀ ፋና መለ ካህኑንꬅ ይእደባዝ ማቅዛኮ Ꮉና ኑ ኦህዛና አꬊ ቆንጮዳ።
3a07100071	ኤ ካህነ ማቅዳና ꬋቦሰ ደኦ ዎልቂተ ፋትን ኤ ማይዘ ህግተን ዎግተ ባያ።
3a07110082	ጌሽ ማጻፍዘ፥ «መልከጻድቀ ካህነትꬅ ፋና፥ ኔኒ መꬍናስ ካህነ» ያጋእ ማርክꬋነ።
3a07120059	ቲኖ ህግታ ላብደ ባዝን ማዶሰ ባዝ ማቅደ ግሾ ሻርንትዳ።
3a071300bc	ሙሴ ህገ አኮራን ፎሎ ኦቾደስ ዳንዳእካያ። የዝን ኑኒ ኤ ባጋራ ጾዛጎ ሺቅዘ ኡባፓ አꬍዘ ኡፋይስ ቃላ ኑስ እንግንትዳ።
3a0714008f	ክርስቶሳ ካህነ ማቅዘ ዎደ ጾዚ ጫቂዳ፥ የዝን መሉንꬅ ካህነ ማቅዘ ዎደ ይኒ ፋና ጫቆ ባያ።
3a071500b7	የዝን የሱሳ ጫቆራ ካህነ ማቅዳ። ጾዝ ጋእ ጫቂዳ፤ «ላꬂ ጫቂዳ፤ ኤ ፋ ቆፍቶ ላሞስ፤ ‹ኔኒ መዽና ካህነ›» ያጋይዳ።
3a07160067	Ꮉና ጫቅቲ ባጋራ የሱሳ ኑስ ኡባፓ አꬍዘ ቃላ ጫቅትስ ዋሰ ማቅዳ።
3a07170083	ካህነትꬅ መꬍናስ ኦቻመ ፋና Ꮉይቆ ኡንታና ካይደ ግሾ ቲኖ ካህኑንꬅ ፋይድታ ጋማ።
3a07180059	የዝን የሱሳ መꬍናስ የዘ ግሾ ኤ ካህነትꬅቶ መለ ላቶስ።
3a071900a7	ይኒ ግሾ፥ ኤ ኡባ ዎደ ኡን ግሾ ዎሶደስ መዽና የዘ ግሾ ጾዛጎ ኤ ባጋራ የእዙንꬃና ፎሎ አሾደስ ዳንዳአነ።
3a071a00db	ይኬ፥ ኑስ ኮሽዘ ባዝ እንግዘ፥ ጌሽ፥ ቦረን ቱና ባይዙንꬅ፥ ናጋራንቹንꬃፓ ሻክንትዳይን ሳሎፓ አꬊ ꬎቃ የዘ ካህኑንꬅ Ꮉላቃ ኑስ ኮሻነ።
3a071b0111	ኤ Ꮉንኮ ካህኑንꬅ Ꮉላቁንꬅ ጋር ቲኖ ፋ ናጋርት ግሾ ካሊ አስ ናጋርት ግሾ ቃምተ ቃምተ ዣርሾ ዣርሾደስ ኮሾስ። ኤ ፋና ዣርሽደ ዎደ ላምእንꬆሰ ኦገራ ፈቲ ቶሄ ፋና ዣርሽዳ።
3a071c00be	ሙሴ ህግታ ላቢꬅ አስ ካህኑንꬅ Ꮉላቃ ማህ ሹማነ። የዝን ህገፋ ሱባ ይእደ ጫቆ ቃልታ መዽና ፎሎ ማቅደ ጾዘ ናአያ ሹምዳ።
3a080100b8	ኑኒ ኦህዘ ዳማ ባዝታ Ꮉኖ። ሳሎ ኡባፓ ካታራ ጾዘ አራታፓ ምዛቅ ባጋራ በትደ Ꮉይ ፋና የዘ ካህኑንꬅ Ꮉላቃ ኑስ የነ።
3a08020066	ኤ አሳራ ማቅካይዝን ላꬃራ ኤቅደ ቱሪ ዱንካንተ ጾዘ ኬꬃ ኦቻነ።
3a080300ba	ካህኑንꬅ Ꮉላቃ ኡባና እሞን ዣርሾ ዣርሾደስ ሹሙንታነ። ይኒ ግሾ ማህ፥ የ ካህንዘ ዣርሾደስ ፈትባዝ የሳደስ ኮሻነ።
3a0804008d	ህገ ኪትዛንፋና ዣርሽዘ ካህኑንꬅ የዘ ግሾ ክርስቶሳ ሳአ የዘ ባዝ ማቅዛኮ ካህነ ማቆስ።
3a080500e3	ኡን ካህነትꬃ ኦችዘ ዱንካንታ ሳሎ የዘስ አዝዘን ዳሾ። ሙሴ ዱንካነ ኤስዘ ዎደ ጾዚ ኤጎ፥ «ታኒ ነና ደረላ አፋ ቤዝደ አዝዘ ካሊ ኦቾ» ያጋይዳ።
3a080600cc	የዝን የሱሳ እግንꬅዘ ግዳ ማቅደ ጫቆ፥ ቲኖ ጫቆፓ አꬍዛንፋና ኤ ኤክደ ኦችታ ኡንትስትፓ አꬋነ። ይና ኤቅዳና አꬍዘ ጫቆ ቃላራ።
3a08070059	ቲኖ ጫቅተ ባላ ባይዘ ባዝ ማቅዛኮ ላምእንꬃ ጫቆ ኮሾስ።
3a080800b6	የዝን ላꬂ ኡንታና ቦሪ፥ Ꮉንጋራ ያጋይዳ፦ «ታኒ እስራኤለ አሱንꬃራን ይሁዳ አሱንꬃራ ክለ ጫቆ ጫቂዘ ዎደ የኦዳ።
3a08090111	ይና ጫቅታ ታ ኡን አዱንꬃና ግብጸ ሳአፓ ኩሽቶ አይክ፥ ጎች ኬስደ ዎደ ኡንታራ ጫቂደ ጫቅት ጋር ባያ። ኡን ታ ጫቅተ አማንንትካይዘ ግሾ ታኒ ኡንታና ኦሊ አሽዳ ያጋይዳ ላꬂ።
3a080a010b	የዝን ይኬፓ ሱባ እስራኤለ አሱንꬃራ ታ ጫቆደ ጫቅታ Ꮉኖ ያጋይዳ ላꬂ። ታኒ ታ ህግቶ ኡን ጉግተ ጋዶዳ፤ ኡን ዎዝንተ ጻፎዳ። ታኒ ኡን ጾዚ ማቃዳ፤ ኡንትን ታ አስ ማቃዳ።
3a080b00b3	ኡንታፓ ኦደን ፋ ዶꬅዛ ዎይ ፋ እሻ፥ ‹ላꬂ ኤሮ› ያጋእ ታማርሶስ። ኡን ኤራꬃፓ ዳማ የሎደስ ኡቡንꬅ ታና ኤሮዳ።
3a080c0065	ታኒ ኡን ቆህዳኖ አቶ ጋዉዳ፤ ኡን ናጋርቶ ማህ ቆፖስ» ያጋይዳ።
3a080d009b	ጾዚ Ꮉይ ጫቅዛ «ክለ» ጋእ ጼግተራ ቲኖሳያ ጋልእዝዳ። ይኬ፥ ጋልእዘን ጭንግደ ꬋብዘ ዎደ የልዳ።
3a09010050	ቲኖ ጫቅትስ ጾዝ ጎይንዘ ዎጋን ሳአ ጾዘ ኬꬂ የነ።
3a090200a9	ዱንካነ ኤቅዳ። እዘ ጾምፐ ጋድዘ በሲ፥ ጣርጰዛን ላꬄ ቲኖ ጋድዘ ቦራ የነ፤ ይና በስታ ጌሽ በሲ ጋእንታነ።
3a0903006c	ላምእንꬃ ማጋራጃፋ ሱባ ዛላራ የዘ በስታ ኡባፓ ጌሽ በሲ ጋእንታነ።
3a09040112	እ ግዳ እጻነ ጩግዘ ዎርቃ ሳጥነን ዎርቃራ ጎዝንትደ ጫቆ ታቦተ የነ። የ ጫቆ ታቦትዘ ግዳ ማና የዘ ዎርቃ ጻሮ፥ አጭደ አሮና ጉፈን ሙሴ ህገ ጻፍንትደ ላምእ ሎቼ ሹቹንꬅ የነ።
3a090500c3	የ ታቦትዘፓ ካታ ዛላራ ማሮትꬅ ጎዝꬅ ፋ ቀፍተ አችዘ ቦንቾ ክሩበለ የነ። የዝን Ꮉተ Ꮉና ኡባኖ ቆንጭዝ ኦሆደስ ዳንዳኦስ።
3a090600a4	Ꮉና ኡባና Ꮉንጋራ ጊግዳንፓ ሱባ፥ ካህኑንꬅ ኡባ ዎደ ፋ ኦችቶ ኦቾደስ ዱንካንትስ ቲኖ ክፍልተ ገላነ።
3a09070127	የዝን ካህኑንꬅ Ꮉላቃ ጻላላ ዱንካንትስ ላምእንꬃ ክፍልተ በረፓ ፈቲ ቶሄ ገላነ። ኤ የይጋ ገልተራ ፋ ናጋርት ግሾን አሱንꬅ ኤርካይዛራ ኦችደ ናጋርት ግሾ ሱꬅ ዣርሾ ኤክካይዛራ ገሎስ።
3a0908009b	ቲኖ ዱንካነ ኤቂ የዝን፥ ኡባፓ ጌሽ በሲ ካንግዘ ኦግታ Ꮉጋ ቡጉንትካይዛኖ ጌሽ አያና ይነ ቤዛነ።
3a090900b3	ይና Ꮉና ዎድትስ አዝዘ፤ ጾዘስ እንግንትዘ እሞታን ዣርሽታ ጎይንዘ አꬄ ዎዝንቶ ጌሾደስ ዳንዳኦሳኖ Ꮉና ቤዛነ።
3a090a00ad	የን ስ ሙንታ ባዝ፥ ኡሽባዝ ዱማ ዱማ ሜች ዎግቶ ኦህዙንꬃና። ኡን ክለ ዎጋ የኦደ ዎንꬅስ ኦችንትዘ ባለ ዎጋ።
3a090b0108	የዝን ክርስቶሳ Ꮉተ ኑ ደንግደ ሎኦ ባዝስ ካህኑንꬅ Ꮉላቃ ማቂ ይእዳ። ኤ ገልደ ዱንካንታ ዳማን ፎሎ። ይና ዱንካንታ አስ ኩሸራ ኦችንትካያ ማህ Ꮉና አላምትባዝ ባያ።
3a090c00ec	ክርስቶሳ ኡባፓ ጌሽ በሲ ገልዘ ዎደ ዴሽ ሱꬅን ዱሮ ሱꬅ ኤኪ ገልካያ። የዝን መዽና አቶትꬅ እንጎደስ ፋ ሱꬅቶ ኤኪ ላምእንꬆሰ ኦገራ ፈቲ ቶሄ ገልዳ።
3a090d00a0	ዴሽ ሱꬅን ኮርማ ሱꬅ፥ ምችንትደ ኦካ ቡዶ፥ ቱንደ አሱንꬃላ አፋ ዉጹርክን ኡንታና ጌሽዘባዝ ማቅኮ፥
3a090e00f7	መዽና ጌሽ አያና ባጋራ ቦረ ባይዝን ዣርሾ ኦቺ፥ ጾዝስ ፋና እንግደ ክርስቶሳ ሱꬅታ፥ ደኦ ጾዝ ጎይኖደ ፋና Ꮉይቆ ካልꬅዘ ኦቻፓ ኑ ዎዝንቶ ዋይዝ አꬂ ጌሾሳ?
3a090f013a	ይኒ ግሾ፥ ጼግንትዱንꬅ ጾዚ እንግደ መዽና ላታ ኤኮደ ጋር ክርስቶሳ ክለ ጫቆስ ግዳ ማቂ እግንꬅዛያ ማቅዳ። ይና Ꮉንዳና አሱንꬅ ቲኖ ጫቆፓ ኦሞራ የዘ ዎደ ኦችደ ናጋራፓ ኡንታና አሾደስ ኤ Ꮉይቂዳ።
3a0910005f	ይኬ፥ ኬከ የዝኮ፥ የ ኬክደ አꬄ Ꮉይቅታ ኤርንቶደስ ኮሻነ።
3a09110081	ኬክደ አꬄ Ꮉይቂኮ ኤ ኬክታ ምንጋነ። ኬክደ አꬄ Ꮉይቃንጽ አትኮ ኤ ኬክታ ኦቾስ።
3a09120055	መለ አቶ የዝን፥ ቲኖ ጫቅታን ሱꬅ ባይዝን ሚንግካያ።
3a091300ed	ሙሴ ህገ ኪታ ኡባ አስስ ኦህዳንፓ ሱባ ዱሮ ሱꬅን ዴሽ ሱꬅ Ꮉꬃራ ዎርቂ፥ ዞቆ ዱሮ እስን ን ህሶጰ ታሸ ኤኪ፥ ማጻፍዘ ጋልቶን አሱንꬅ ጋልቶ ዉጹርካነ።
3a0914006e	ሙሴ አሱንꬃጎ፥ «ይን ናጎደ ጋር ጾዚ ኪትደ ሱꬅ ጫቅታ Ꮉኖ» ያጋይዳ።
3a0915006c	ይኒ ጋራ፥ ዱንካንዘ ጋልቶን ኦችዘ ሚሸ ኡባን ጋልቶ ሱꬅ ዉጹርካነ።
3a09160097	ቱሮን ህግታ ጋዛን ፋና ኤራꬅባዝ ፋትን ኡባ ባዝ ሱꬃራ ጌዣነ። ሱꬅ ላንትካይዝን ማሮትꬅ ባያ።
3a091700c6	ሳሎ ባዝስ አዝዘ ማቅዱንꬅ ኡባ Ꮉርስ ዣርሾራ ጌሻደስ ኮሻነ። የዝን ሳሎ ባዝታ ፋ ኦምተ ይንፓ አꬍዘ ዣርሾራ ጌሻደስ ኮሻነ።
3a091800d9	ክርስቶሳ ቱሪ ጾዘ ኬꬅስ አዝዘ ማቅደ፥ አስ ኩሸራ ኦችንትደ ኡባፓ ጌሽ በሳ ገልካያ። የዝን ኤ Ꮉተ ኑ ግሾ ጾዘ ቲኖ በንቶደስ ሳሎ ገልዳ።
3a091900d3	ካህኑንꬅ Ꮉላቅዘ በርተ በርተ ፋ ሱꬅ ማቅካይዛኖ ኤኪ፥ ኡባፓ ጌሽ በሳ ገላነ። የዝን ክርስቶሳ ጋማ ቶሄ ፋና ዣርሾደስ ሳሎ ገልካያ።
3a091a0128	ይኒ ጋራ Ꮉንደ ባዝ ማቅዛኮ፥ ክርስቶሳ አላመ መꬍንትዳንፓ አይኪ ጋማ ቶሄ ዋይንቶደስ ኮሻነ የሻ። የዝን Ꮉተ ዎደ ዉርሱꬅተ ናጋራ Ꮉሶደስ ፋና ዣርሺ ላምእንꬆሰ ኦገራ ፈቲ ቶሄ በንትዳ።
3a091b005f	አስ ኡባ ፈቲ ቶሄ Ꮉይቆደስ ይንፓ ሱባ ፍርድንቶደስ ቤዛነ።
3a091c00ee	ይኒ ፋና፥ ክርስቶሳ ጋማ አሱንꬅ ናጋራ Ꮉሶደስ ፈቲ ቶሄ ዣርሽንትዳ። የዝን ኤ ናጋራ ቶኮደስ ማቅካይዝን ፋና ናግዙንꬃና አሾደስ ላምእንꬃ በንቶዳ።
3a0a01010c	ሙሴ ህገ ዮኦደስ የዘ ሎኦ ባዝስ ዳሾ ፋትን ፋ ኦምተ ዋና ባያ። ይኒ ግሾ፥ በርተ በርተ ፋጨ ባይዝን ዣርሽንትዘ ዣርሽታ ጎይኖደስ ሺቅዘ አሱንꬃና ፎሎ ማሆደስ ዳንዳኦስ።
3a0a02010d	ህገ ኡንታና ፎሎ ማሆደስ ዳንዳእደባዝ ማቅዛኮ ኡን ዣርሾ ዣርሽዛኖ አሾዳ የሻ። ማህ ጎይኖደስ ሺቅዘ አሱንꬅ ፋ ናጋርትፓ ጌሻዳ፤ ኡን ዎዝንታን ኡንታና ባላ ጋእ ሞቶስ።
3a0a03004e	የዝን ይና ዣርሹንꬅ በርተ በርተ ናጋራ ቆፍዛነ።
3a0a040062	አኮስ ጋይኮ ኮርማ ሱꬅን ዴሽ ሱꬅ ናጋራ ꬋብሶደስ ዳንዳኦስ።
3a0a0500b5	ይኒ ግሾ፥ ክርስቶሳ Ꮉና አላምተ ይእደ ዎደ Ꮉንጋራ ያጋይዳ: «ኔኒ ዣርሾን እሞ ኮይካያ፤ የዝን ታስ አሾ ጊግዝዳ።
3a0a06004a	ኔኒ ኤጽዘ ዣርሾን ናጋራ ዣርሽተ ኡፋይትካያ።
3a0a070093	የ ዎደ ‹ታ ግሾ ማጻፍተ ጻፍንትዳንጋራ፥ ላꬆ፥ ታኒ ነ ቆፍቶ ኦቾደስ ይእዳ› ጋይዳ» ያጋነ።
3a0a0800f4	ዣርሽታ ዣርሽንቶደ ጋር ህገ ኪትዘባዝ ማቅዛኮ፥ ክርስቶሳ ቲኖ፥ «ኔኒ ዣርሾን እሞ፥ ኤጽዘ ዣርሾን ናጋራ ዣርሾ ኮይካያ፤ ኡንታራ ኡፋይትካያ» ያጋይዳ።
3a0a0900bc	ካልን ኤ፥ «ላꬆ፥ Ꮉይቼ ታኒ ነ ቆፍቶ ኦቾደስ ይእዳ» ያጋይዳ። ይኒ ግሾ፥ ክርስቶሳ ላምእንꬃ ኤሶደስ ቲኖሳያ ሻርዳ።
3a0a0a0092	የሱስ ክርስቶሳ ጾዘ ቆፋ ኦቺ፥ ላምእንꬆሰ ኦገራ ፈቲ ቶሄ ፋ አሽቶ ዣርሽደ ግሾ ኑኒ ጌዥዳ።
3a0a0b009a	ካህኑንꬅ ኡባ፥ ናጋራ Ꮉሶደስ ዳንዳኦስ ይና ዣርሽቶ ቃምተ ቃምተ ዣርሽተራ ኤቂ ፋ ኦችቶ ኦቻነ።
3a0a0c0087	የዝን ክርስቶሳ ኡባ ዎደስ ማቅዘ ፈቲ ናጋራ ዣርሾ ዣርሺ፥ ጾዛፓ ምዛቅ ዛላራ በትዳ።
3a0a0d006e	የ ዎደፓ አይኪ ኤ ሞርኩንꬅ ኤ ቶህታ የꬍዘ በሲ ማሆደ ዎንꬅስ ናጋነ።
3a0a0e0080	ኤ ላምእንꬆሰ ኦገራ ፈቲ ቶሄ ፋና ዣርሽደ ዣርሽተ ጌሹንꬃና መꬍናስ ፎሎ ኦችዳ።
3a0a0f005c	ማህ ጌሽ አያና ኑስ Ꮉኖ ማርክꬋነ። ቲኖ Ꮉንጋራ ያጋይዳ፦
3a0a1000b4	«ይና ቃምትፓ ሱባ፥ ታኒ ኡንታራ ጫቂዘ ጫቅታ Ꮉኖ፦ ላꬂ ታ ህግቶ ኡን ዎዝንተ ጋዶዳ፤ ኡን ጉግተ ጻፎዳ» ያጋይዳ።
3a0a110064	ካሊ፥ «ታኒ ኡን ናጋርቶን ኡን ኢታ ኦችቶ ማህ ቆፖስ» ያጋይዳ።
3a0a12006e	ይኬ፥ ናጋራ አቶ ጋእንትዳንፓ ሱባ ናጋራስ ዣርሽንትዘ ዣርሾ ኮሾስ።
3a0a130088	ይኬ፥ ታ እሹንꬆ፥ ኑኒ የሱሳ ሱꬅት ባጋራ ኡባፓ ጌሽ በሲ ገሎደስ ኑስ አማንꬅዘ የነ።
3a0a14008f	ኑ ገሎዳና ክርስቶሳ ፋ ማጋራጅቶ፥ ይናን ፋ አሽቲ ባጋራ ኑስ ቡግደ ክለን ደኦ ማቅደ ኦገ።
3a0a150059	ኑስ ጾዘ ኬꬃ ካታራ ሹሙንትደ ዳማ ካህኑንꬅ Ꮉላቃ የነ።
3a0a1600c4	ይኒ ግሾ ኑኒ ኢታ ቆፋፓ ጌሻደስ ኑ ዎዝንተ ዉጹርክንት፥ ኑ ጋልቶ ጽሎ Ꮉꬃራ ሜጪ፥ ሉለ ዎዝናራን ፎሎ አማኖራ ጾዛጎ ሺቆዳ።
3a0a1700bd	ኑስ ኡፋይስ ቃላ እንግደ ጾዘ አማንንትዳያ ማቅደ ግሾ ኑ ማርክꬍዘ ኡፋይስቶ ምዛቅ ዎርክታ ጋይካይዛራ ምንꬂ አይኮዳ።
3a0a180066	ፈታይ ፈታ ሲቆስን ሎኦ ኦቻስ ዋይዝ ደንꬅꬆድ የዛኮ አነ ቆፖዳ።
3a0a1900cf	ፈተ ፈተ ልምደ ማህ ሺቅዛኖ አሽዳን ፋና ኑኒ ዎላ ሺቅዛኖ አሾስ። የዝን ላꬄ ቃምታ ኡክዳኖ ይን በእዘ ግሾ ይኖ ዛጋንፓ አꬂ ኦቾተ።
3a0a1a0098	ኑኒ ቱሪ ኤራትꬅ ኤክዳንፓ ሱባ ኤሪተ ናጋራ ኦቾስ፥ ይኬፓ ኑ ናጋራ ግሾ ዣርሽንቶደ ዣርሾ ባያ።
3a0a1b0076	የዝን ይኬ አትዳና ዣሽዘ ፍርዳን ጾዘ ሞርኩንꬃና ምቾደስ ጊግደ ዳማ ታማ።
3a0a1c0097	ሙሴ ህግቶ ኪትንታንጽደ ኦደን ላምእ ዎይ Ꮉይꬕ አስ ኤላ አፋ ማርክꬍኮ ይቅስሞ ባይꬅ Ꮉይቃነ።
3a0a1d00e8	ዬዝን፥ ጾዘ ናአያ ቶችዳይ፥ ፋና ጌሽደ ጾዘ ጫቆ ሱꬅቶ ቱንዝደ፥ ማህ አꬎ ኬሃትꬅ አያና ጫዥዳይ፥ አኮ ጋር ኢታ ፍርዳ ኤኮደስ ቤዝዛኮ አነ ቆፖተ።
3a0a1e00a5	ይኬ፥ «ኩሸ ማሄ ታ ባዝ፥ ታ ኩሸ ማሆዳ» ጋይዳኖ ኑ ኤራነ። ማህን፥ «ላꬂ ፋ አሱንꬃና ፍርዶዳ» ያጋይዳ።
3a0a1f0035	ደኦ ጾዘ ኩሽተ ጎልኤ ጋማ ዣሻነ።
3a0a200088	ይንትስ ጾዘ ፎኦ ፎእዳንፓ ሱባ ይን ጋማ ዋየራ፥ ዳማ ኦላራ ገንጭደ ዛጋ ዎድቶ ቆፖተ።
3a0a2100b0	ፈቲ ፈቲ ቶሄ ይን አስ ቲኖ ጫዥንትዳ፤ ባይእንትዳ፤ ፈቲ ፈቲ ቶሄ ይኒ ፋና ዋየ የልደ አሱንꬃራ ዎላ ዋይንትዳ።
3a0a2200d5	አቻ የዘ አሱንꬅስን ይቅስንትዳ። ይንትስ ሎኦን ꬋቦሰ ቆሎ ሳሎ የዛኖ ይን ኤርደ ግሾ ይን ቆልታ ቦንቅንትዘ ዎደ ኡፋይሳራ ዳንዳእዳ።
3a0a230055	ይኒ ግሾ፥ ዳማ አንጆ የዘ ይን አማንንትዳያ ኦልፐተ።
3a0a240083	ጾዘ ቆፋ ፎሊ፥ ኤ ይንትስ እንጎዳ ጋይደ ኡፋይስቶ ኤኮደ ዎንꬅስ ገንጮደስ ኮሻነ።
3a0a250078	ይኬ፥ ጌሽ ማጻፍተ፥ «ኤ፥ የኦዳ ጋይዳይ ኤራꬅ ዎደፓ ሱባ የኦዳ፤ ጋምኦስ።
3a0a260074	የዝን ጽልዘ፥ አማኖራ የሳዳ፤ ኦደን ሱብ ማቅኮ ታና ኡፋይሶስ» ያጋይዳ።
3a0a27006e	ኑኒ አማኒ አትዘ አሱንꬅ ባጋ ፋትን ሱባ ማቂ ꬋብዘ አሱንꬅ ባጋ ባያ።
3a0b0100a4	አማኖ ጋዛና፥ ደንጎዳ ጋእ ኡፋይሳራ አማንንቲ ናግዘ ባዝን ኑ ብእካይዘ ባዝ ብእደ ፋና ማህ ኤክዘባዝ።
3a0b020047	ዛጋ አዱንꬅ አማኖራ ጾዛፓ ማርካትꬅ ኤክዳ።
3a0b030090	አላመ ጾዘ ቃላራ መꬍንትዳኖ ኑ አማኖራ ኤራነ። ማህ በንትዘ ባዝ በንቶሰ ባዛፓ መꬍንትዳ።
3a0b04012b	አቤላ ቃኤላፓ አꬍዘ ዣርሾ ጾዝስ ዣርሽዳና አማኖራ። ጾዚ አቤላ እሞትꬅቶ ኡፋይት ኤክደ ዎደ ኤ ጽሎ ማቅዳኖ ማርክꬍዳ። አቤላ መለ አቶ የዝን፥ Ꮉይቂን ኤ አማንታ Ꮉይኖ የሎደስ ኦህንታነ።
3a0b05010c	ሄኖካ Ꮉይቂካይዛራ ሳሎ ኤክንትዳና አማኖራ። ጾዚ ኤዛ ኤክደ ግሾ ኦደን ኤዛ በአደስ ዳንዳእካያ። ሄኖካ ሳሎ ኤክንቶዳንፓ ቲኖ ኤ ጾዘ ኡፋይስደ አስ ማቅዛና ኦህንትዳ።
3a0b0600d0	አማኖ ባይዝን ኦደን ጾዝ ኡፋይሶደስ ዳንዳኦስ። ጾዛጎ የእዘ ኦደን ጾዚ የዛኖን ፋና ኮየዙንꬅስ አንጆ እንግዛኖ አማኖደስ ኮሻነ።
3a0b070129	ኖሄ Ꮉጋ በንቶሰ ባዝስ ጾዚ ኤስ ኦህደ ዎደ ጾዝስ ዣሽቲ፥ ፋናን ፋ ካራ አሱንꬃና አሾደስ አማኖራ ማርካበ ኬጽዳ። የይዝ ፋ አማንትራ አላምቶ ፍርድ፥ አማኖራ በንትዘ ጽሎትꬅ ጾዛፓ ኤክዳ።
3a0b0800c7	አብራሃማ ላታ ማህ ኤኮደ ሳአ ቅቶደ ጋር ጾዚ ኤዛ ጼግደ ዎደ መለ አቶ የዝን፥ ኤ አባ ቅትዛኮ ኤራንጽኮን ኪትንትዳና አማኖራ።
3a0b090106	አብራሃማ ጾዚ ኤስ እንጎዳ ጋይደ ሳእተ በተ አስ ፋና የዝዳና አማኖራ። ጾዚ የ እንጎዳ ጋይዳኖ ኤራ ዎላ ላቶደስ የዘ ይሳቃራን ያይቆባራ ዱማ ዱማ ዱንካነ ግዳ የዝዳ።
3a0b0a004a	ኤ፥ ጾዚ ቆፒ ኬጽደ ጻላ ባሳ የዘ ካታማ ናጋነ።
3a0b0b00c0	ሳራ ፋ ኦምተ ጭንግዳኖ ማቅኮን ኡፋይስ እንግደ ጾዘ አማንንትዳያ ማቅዳኖ ኤርደ ግሾ ዎዳጾደስ ዎልቃ ደንግዳና አማኖራ።
3a0b0c00af	ይኒ ግሾ፥ Ꮉይቂደ አስ አዝዘ ፈቲ ꬊራ ፓ ሳሎ ጾልንቶ ጋራን አባ ጋጻ የዘ ፋይዶ ባይዘ ሻፈ ፋና ኮች የልንትዳ።
3a0b0d0122	የንꬅ አሱንꬅ ኡባ ፋስ ጋእንትደ ኡፋይስ ቃላ ኤክካይዛራ አማኖራ Ꮉይቂዳ። የዝን Ꮉኮራ ይኖ ብእ፥ ደንግደ ፋና ማህ፥ ኡፋይሳራ ኤክዳ። ማህ ኡን ሳአላ ዛቆን በተ አስ ማቅዛኖ ኤርዳ።
3a0b0e0053	ይኒ ፋና ጋዘ አሱንꬅ ፋ ሳእቶ ናግዛኖ ቆንጨ ቤዛነ።
3a0b0f006c	ኡን አሺ ከዝደ ሳእቶ ሱባ ቆፕደባዝ ማቅዛኮ ሱባ ማቃደስ ዳንዳአነ።
3a0b1000c0	የዝን Ꮉተ አꬍዘ ሳሎ ጋደ አሙꬋነ። ይኒ ግሾ፥ ጾዚ ኡንትስ ካታማ ጊግዝደ ግሾ «ኡን ጾዝ» ጋእንት ጼግንቶደስ ዬልꬎኦስ።
3a0b1100ba	አብራሃማ ፋታንንትደ ዎደ ይሳቃ ዣርሽዳና አማኖራ። ያና ኡፋይስ ቃልቶ ኤክደ አብራሃማ ፋ ፈቲ ናአ ዣርሾደስ ጊግዳ።
3a0b120069	ጾዚ አብራሃማጎ፥ «ነ ዛርታ ይሳቃ ባጋራ ጼግንቶዳ» ያጋእ ኦህዳ።
3a0b1300a0	ጾዚ Ꮉይቆፓ ደንꬆደስ ዳንዳእዛኖ አብራሃማ አማንደ ግሾ ይሳቃ Ꮉይቆፓ ፋጺ ደንድደ ፋና ማህ ኤክዳ።
3a0b140064	ይሳቃ ዎደፓ Ꮉኖደባዝ ኤሪ ያይቆባን ኤሳዎ አንጅዳና አማኖራ።
3a0b150095	ያይቆባ Ꮉይቆደስ ይእተ፥ ፈታ ፈታ ዮሰፋ ናኡንꬃና አንጅዳናን ጉፈላ ካቲ ጎይንዳና አማኖራ።
3a0b1600b9	ዮሰፋ Ꮉይቆደስ ኡክደ ዎደ እስራኤለ አሱንꬅ ግብጸፓ ኬዞዳኖ ኦህዳና ፋ መቃꬅቶ ይሳደባዝ ኡንታና ኪትዳና አማኖራ።
3a0b1700cd	ሙሴ የልንትዳንፓ ሱባ ኤ እንታን ኤ አዳይ ብሽታ ሎኦ ናአ ማቅዳኖ ብእ Ꮉይꬕ አግና አችዳና አማኖራ፤ ኡን ካት አዋጀስ ዣሽትካያ።
3a0b18006f	ሙሴ ድጭዳንፓ ሱባ ግብጸ ካት ኡርት ናአ ጋእንቶዳኖ እጽዳና አማኖራ።
3a0b190072	ሙሴ ናጋራራ ኤራꬅ ዎደስ ኡፋይቶዳንፓ፥ ጾዘ አሳራ ማꬋ ኤኮዳኖ ዶርዳ።
3a0b1a00c6	ኤ ቲኖፓ ደንጎደ አንጅቶ ጵርጭ ዪዚ ብእደ ግሾ ግብጸ ቆሎፓ አꬂ ክርስቶሳ ግሾ ቦርንቶዳኖ ጋማ አꬍዘ ዱረትꬅ ማቅዳኖ ኤርዳ።
3a0b1b00a7	ሙሴ ካት ካች ዣሽትካይዛራ፥ ግብጸፓ ኬዝዳና አማኖራ። በንቶሰ ጾዛ ብእደ አስፋና ዪእ ፋ ቆፍተ ገንጭዳ።
3a0b1c00bd	Ꮉይቆ ክእዘ ኪታንቹንꬅ እስራኤለ አሱንꬅ አንግስ ናኡንꬃና ዎꬋመ ጋር ሙሴ ፋስካን ሱꬅ ዉጹርኬ ዎጋ ኦችዳና አማኖራ።
3a0b1d00df	እስራኤለ አሱንꬅ መላ ሳአራ የꬍዘ ፋና የꬊ፥ ዞቆ አባ ፊንግዳና አማኖራ። የዝን ግብጸ አሱንꬅ ገሎደስ ፋታኒ በአደራ Ꮉꬅታ ኡንታና ቆꬍዳ።
3a0b1e007f	እስራኤለ አሱንꬅ እያርኮ ካታማ ሹች ጋሰ ላፑን ዎደ ዉቲ፥ ጎልእዝዳና አማኖራ።
3a0b1f00a1	ኦላለራ ኤርንትዳና ረአባ ጋደ ጌድዙንꬃና ሞክደ ግሾ ኪትንቶሰ አሱንꬃራ Ꮉይቃንጽ አትዳና አማኖራ።
3a0b2000ea	ይኬ፥ መለ ታ አኮ ጋኦ? ጌድዮና ባዝ፥ ባራቀ ባዝ፥ ሳምሶና ባዝ፥ ዮፍታሄ ባዝ፥ ዳዉተ ባዝ፥ ሳሙኤላ ባዝ፥ ማህ ናቡንꬅ ባዝ ኦሆደስ ታስ ዎደ ማቆስ።
3a0b2100ac	ኡን አማኖራ ካእቱምቶ ጋምዳ፤ ጽሎትꬃራ አህዳ፤ ጾዚ እንጎዳ ጋይደ ኡፋይስቶ ኤክዳ፤ ጋሙንꬅ ዶና ጎርድዳ፤
3a0b2200b9	ታማ ዎልቃ ዎꬍዳ፤ ሞርኩንꬅ ማሻፓ አትዳ፤ ፋ ላቢስተ ምንግዳ፤ ኦላራ ዎልቃማ ማቅዳ፤ አላጋ ቶራንቹንꬃና ባይእዳ።
3a0b2300ef	ማቹንꬅ ኡን እግኑንꬅ Ꮉይቂዱንꬅ Ꮉይቆፓ ፋጽን ኤክዳ። ማህ መሉንꬅ አꬍዘ Ꮉይቆፓ ደንዶ ኤኮደስ ኮይ ዱማ ዱማ ዋየ ኤክዳ፤ አቻፓ ብልንቶዳኖ እጽዳ።
3a0b240097	መሉንꬅ አሳራ ቦርንቲ አላንጋራ ጋራፍንትዳ፤ መሉንꬅ ሳንꬃላታራ አጭንቲ አች ኬꬃ ኦልንትዳ።
3a0b2500f2	ኡን ሹቻራ ꬎግንትዳ፤ ማጋዘራ ላምእ ኬዚ ጳልቂንትዳ፤ ፋታንንትዳ፤ ማሻራ Ꮉይቂዳ፤ ኡንትስ ኡባ ባዝ ꬋብን ማꬍꬍዳ። ዱሮ ሞኦን ዴሽ ሞኦ ማእ Ꮉንትዳ።
3a0b260094	ኡንትስ Ꮉና አላምታ ጊጋንጽ እጽን አኮ ባይዘ ሳአን፥ ደረላ አፋ፥ ዎምኦን ኦላ ግዳን ውትዳ።
3a0b27007b	ጾዚ ኡን አማንትባዝ ማርክꬍኮን፥ ይና ኡባ ጋእንትደ ኡፋይስ ቃልቶ ኤክካያ።
3a0b28005f	ጾዚ ኑስ ሎኦ ባዝ ቆፕዳ፤ ይኒ ግሾ ኡን ኑ ባይꬅ ፎሎ ማቆስ።
3a0c0100f6	ይኬ፥ ꬎነ ፋና ኑ ካንቶ ዉቲ ጋንግ Ꮉኒ ፋና ማርኩንꬅ ኑ ካለ የዘ ግሾ ኑና ꬉቢዘ ኡባኖን አይክንቲ የዘ ናጋራ Ꮉሲ፥ ኑ ቲኖ የዘ ጋልጋደ ዎꬅቶ ገንጭ ዎጾዳ።
3a0c020113	ኑ አማንትስ ኦገ ቡግዳያን ኑና ፎሎ የልꬅዘ የሱሳላ አፋ ኑ ኣፍቶ ጋዶዳ። የሱሳ ቲኖፓ የዘ ኡፋይስት ግሾ ማስቃላላ ዋየ ዳንዳእ፥ ዬላ Ꮉይቆ ለቂ፥ ጾዛፓ ምዛቅ ዛላራ በትዳ።
3a0c030079	ይኬ፥ ይን ዶጪ ኡፋይስ ጋቻመ ፋና ናጋራንቹንꬅ እጻ ዳንዳእደ የሱሳ ቆፖተ።
3a0c040055	ናጋራራ የዘ ቡተ Ꮉጋ ሱꬅ ላሎደ ዎንꬅስ ኤቅንትካያ።
3a0c0500ba	ጾዚ ፋ ቃልተ፥ ፋ ናኡንꬅ ፋና ይንታና ዞሪዳኖ ቦትዳ። «ታ ናአዮ፥ ጾዘ ሴረ ለቂፐ፤ ኤ ነና ሴርዘ ዎደ ኡፋይስ ጋችፐ።
3a0c060071	ላꬂ ፋ ካዽዘ አꬃ ሴራነ፤ ማህ ፋ ናአ ፋና ኤክዛ ኡባ ጋራፋነ» ያጋይዳ።
3a0c070072	ጾዚ ይንታና ፋ ናኡንꬅ ፋና ሴርዘ ዎደ ገንጮተ፤ አዳይ ሴሮሰ ናአይ ኦደ?
3a0c08007e	ጾዚ ፋ ናኡንꬃና ኡባ ሴራነ፤ ይን ሴርንታንጽኮ ቱሪ ኤ ናአ ባይዝን ባላኮ ናአ።
3a0c0900bf	ማህ ኑና የልደ ኑ አዱንꬅ ኑና ሴራነ፤ ኑንን ኡንታና ቦንቻነ። ዬዝን፥ ኑኒ ደኦ የሳደስ ኑ አያና አደስ ዋይዝ አꬊ አቆሶ?
3a0c0a00bf	ይኬ፥ ኑ አዱንꬅ ፋስ ሎኦ የሳደ ፋና ኤራꬅ ዎደስ ኑና ሴርዳ። የዝን ጾዚ ኑ ማደስ፥ ኑ ኤ ጌሻትꬅቶ ግሽንቶደ ፋና ሴራነ።
3a0c0b00be	ኑ ሴርንትዘ ዎደ ዥልዛነ ፋትን ኡፋይሶስ። የዝን ሱባፓ ሴረꬅቶ ኤክደ አስስ ሴርꬅታ፥ ሳሮ ኩምደ ጽሎትꬅ ኣፈ አፍዛነ።
3a0c0c005b	ይኬ፥ ይን አርጋጭደ ኩሽቶን ይን ላቢደ ቡንቅቶ ምንꬆተ።
3a0c0d006e	ዎቢደ ፋጾደ ጋር ፋትን አꬊ መቃመ ጋር ይን ቶህትስ ሉለ ኦገ ጊግዞተ።
3a0c0e009f	አስ ኡባራ ሳሮ የሳደስን ጌሻትꬃራ የሳደስ ምንጎተ፤ ጌሻትꬅ ባይዝን ኦደን ላꬂ በአደስ ዳንዳኦስ።
3a0c0f00d5	ይንታፓ ኦደስን ጾዘ አꬎ ከሃትꬅታ ፋጫመ ፋና፥ ማህ ጫሞ ኣፈ ኣፍዘ ጻጶ ዶሊ ጋማ አስ ቱንዘን ꬋብስዘ ቡዱꬅ ፋና ማቃመ ጋር ናግንቶተ።
3a0c1000b1	ይን ግዳ ኦላልዘ አስ ዎይ ፈቲ ቶሄ ሙእዘ ካꬃስ ፋ አንግስትሞ ለቂ ባይዝደ ኤሳዎ ፋና አስ የዛመ ጋር ናግንቶተ።
3a0c1100fc	ሱባፓ ኤሳዎ ይና አንጅቶ ኤኮደስ ኮይዘ ዎደ ካይዳኖ ኤራነ። ኤ ይና አንጅቶ አፉꬃራ ሚንግ ኮይኮን፥ ደንጎደስ ዳንዳእካያ፤ ኤ ናጋራፓ ማቃደስ እጻ ደንግካያ።
3a0c12007b	ይን ኩሽተ ቦችንትዘ ሲና ደረጎ፥ ኤጽዘ ታማጎ፥ ꬉማጎ፥ ቃይቃዮጎን፥ ጎተጎ፥
3a0c1300a0	ሞይዘ ኦለ ዎይ ቃላ ስንትዘ በሳጎ ይእካያ። ይና ቃልቶ ስእደ አሱንꬅ መለ ጉጃ ቃላ ስአመ ፋና ዎስዳ።
3a0c1400b3	አኮስ ጋይኮ፥ «መለ አቶ የዝን፥ ጾꬂ የ ደርዛ ቦችኮ፥ ሹቻራ ꬎግንቲ Ꮉይቆ» ያጋእ ኪታ ኡን ቶኮደስ ዳንዳእካያ።
3a0c150085	ይና Ꮉንዘ ባዝታ ጋማ ዳጋንꬅዘ ባዝ ማቅደ ግሾ ሙሴ፥ «ታኒ ዣሽሞራ ጎቅዳ» ያጋይዳ።
3a0c1600b8	የዝን ይን ጽዮነ ደርዘጎ፥ ደኦ ጾዚ የዘ የሩሳላመ ካታማ፥ ፈትላ ሺቂ ኡፋይትዘ ጋማ ሙኩል ኪታንቹንꬃጎ ሳሎ ይእዳ።
3a0c1700c2	ኡን ሱንꬅታ ሳሎ ጻፍንትደ ዎሳ ኬꬅስ አንግስ ናኡንꬃጎ፥ አስ ኡባ ፍርድዘ ጾዛጎ፥ ፎሎ ማቅደ ጽሎ አሱንꬅ አያናጎ ይእዳ።
3a0c18009c	ክለ ጫቅትስ ግዳ ማቂ እግንꬅዘ የሱሳጎ፥ አቤላ ሱꬃፓ አꬍዘባዝ ኦህዘ ዉጹርክንትደ ሱꬃጎ ይእዳ።
3a0c19010c	ይንትስ ኦህዘ አꬄ ቃልቶ ስኦስ ጋአመ ጋር ናግንቶተ። ዛጉንꬅ ሳአፓ ኦህደ ኪቶ ስአንጽ እጺ አትካይዘባዝ ማቅኮ ዬዝን፥ ሳሎፓ ኦህዘ ቃልቶ ኑኒ ኮዮስ ጋይኮ ዋይዝ አቶደ?
3a0c1a00b1	የ ዎደ ኤ ቃልታ ሳአ ኤንእዝዳ። የዝን Ꮉተ ታኒ፥ «ሳአ ጻላላ ማቅካይዝን ፈቲ ቶሄ ማህ ሳሎ ኤንእሳዳ» ያጋይዳ።
3a0c1b00a4	«ፈቲ ቶሄ ማህ» ጋዘ ቃልታ ኤንእንቶሰባዝ ሚንግ የሳደ ጋር ኤንእንትዘ መꬍንትደ ባዝታ ꬋቦዳኖ ቤዛነ።
3a0c1c00b3	ኑኒ ኤንኦደስ ዳንዳኦሰ ካእቱሞ ኤክዘ ግሾ ጾዛ ጋላታነ፤ ጾዛ ኡፋይስዘ ኦገራ ቦንቾራን ዣሽሞራን ኤዛ ጎይኖዳ።
3a0c1d0032	ይኬ፥ ኑ ጾዘ ቱርፕ ምችዘ ታማ።
3a0d010048	አማንዘ አስ ፋና ፈታይ ፈተራ ፎሎ ሲቅንቶተ።
3a0d02008f	ዛቆ ሞክዛኖ ቦትፈተ። ፈቲ ፈቲ አሱንꬅ ይኒ ጋራ ኦችተራ ኤርካይዛራ ኪታንቹንꬃና ሞክዳ።
3a0d0300d9	አቻ የዙንꬃና ይንትን ኡንታራ ዎላ አቻ የዘፋና ማህ ኡንታና ቆፖተ። ማꬋ ኤክዘ አሱንꬃራ ዎላ ይንትን ማꬋ ኤክዘፋና ማህ ኡንታና ቆፖተ።
3a0d040105	ማቾ ኤከን ገለን አስ ኡባ ካለ ቦንችንትደባዝ ማቀ። ማህ ጾዚ ኦላለ Ꮉንትዙንꬃናን ላምዙንꬃና ፍርዶደስ የዘ ግሾ አዝንዘን ማችታ ፈታይ ፈተስ አማንንቶደስ ቤዛነ።
3a0d0500a2	ብራ ሲቆፓ ይንታና ናጎተ፤ ይንትስ የዛና ማቃዳ። ጾዚ፥ «ታኒ ነና ሙሎራን ኦሎስ ዎይ አሾስ» ያጋይዳ።
3a0d060089	ይኒ ግሾ፥ ኑኒ አማንንቲ፥ «ላꬂ ታና ማድዛያ፤ ዣሽቶስ፤ አስ ታና አኮ ይሳደ?» ጋዉዳ።
3a0d0700b2	ጾዘ ቃላ ቲኖ ይንትስ ኦህደ ይንታና ካልꬅዙንꬃና ቆፖተ። ኡን ዋይዝ የዘዛኮ ኡን የስቶ ብእ ኡን አማንቶ ካሎተ።
3a0d080051	የሱስ ክርስቶሳ ኦማ ን Ꮉይኖን መꬍናስ ላምንቶስ።
3a0d0900eb	ዱማ ዱማ ክለ ትምርተራ መለ በሳ ቅቲ ꬋብፐተ፤ ቅትፐተ። ኑ ዎዙንታ ጾዘ አꬎ ኬሃትꬅተ ምንጎደስ ቤዛነ ፋትን ሙእን ማዶሰ ካꬃራን ዎጋ ፎለራ ማቅፈ።
3a0d0a00b2	ኑስ ዣርሾ በሲ የነ። የዝን ዱንካነ ግዳ ኦችዘ ካህኑንꬅ ይና ዣርሾ ካꬅትፋ ማአደስ ኡንትስ አደትꬅ ዎልቃ ባያ።
3a0d0b00c3	ካህኑንꬅ Ꮉላቅዘ ናጋራ ዣርሾስ Ꮉርስ ሱꬅ ኤኪ ዣርሾደስ ኡባፓ ጌሽ በሳ ገላነ። የዝን የ Ꮉርስዘ አሽቶ ጋሰፓ ባለ ምቻነ።
3a0d0c0086	ይኒ ፋና፥ የሱሳ አሱንꬃና ናጋራፓ ፋ ሱꬅተ ጌሾደስ ካታማ ፉርꬃፋ ባለራ ዋይንትዳ።
3a0d0d004a	ይኬ፥ ኑኒ ኤ ቦርቶ ቶኪ ጋሰፓ ባለ ኤጎ የꬎተ።
3a0d0e0074	ይኬ፥ ኑስ Ꮉነ መꬍናስ የዘ ካታማ ባያ፥ የዝን ኑኒ የኦደ ካታምቶ ናጋነ።
3a0d0f0084	ይኬ፥ የሱሳ ባጋራ ኡባ ዎደ ኤ ሱንꬅትስ ማርክꬍዘ ዶና ጋላታ ዣርሾ ጾዝስ እንጎዳ።
3a0d1000a3	ሎኦ ባዝ ኦቼን ይንትስ የዘ ባዛፓ መለ አስስ እንገ ቦትፈተ። ይኬ፥ ይኒ ፋና የዘ ዣርሾ ጾዝ ኡፋይሳነ።
3a0d110180	ይንታና ካልꬅዙንꬅስ ኪትንቶተ፤ ኡን ጋዘባዝ ኦቾተ። ኡን ፋ ኦችዘ ባዝትስ ጾዘ ቲኖ ኦጭንቶደስ የዘ ግሾ ይንታና የንጋነ። ይን ኡንትስ ኪትንትኮ፥ ፋ ኦችቶ ኡፋይት ኦቾዳ፤ ይና Ꮉናንጽኮ፥ ኡን አዛኖራ ኦቾዳ፤ ይና ይንታና አኮ ባዝን ማዶስ።
3a0d12006f	ኑስ ጾዝ ዎሶተ። ኑ ዎዝንታ ጌሽ፤ ኑ ኡባ ዎደ ሎኦ ባዝ ኦቾደስ ኮያነ።
3a0d130083	ታኒ ይንታጎ ኤልሲ የኦደ ፋና ይን ታስ ምንꬂ ጾዝ ዎሶደ ፋና ታ ይንታና Ꮉዳራ ጋነ።
3a0d140081	ሳሮትꬅ ጾዘ፥ ዱሮ የንግዘ ኑ ላꬄ የሱሳ፥ ፋ መዽና ጫቆ ሱꬅተ Ꮉይቆፓ ደንꬅዳይ፥
3a0d15012b	ኤ ቆፍቶ ኦቾደ ፋና ሎኦ ባዝ ኡባነ ኤ ይንታና ዳንጭዞ። ኤዛ ኡፋይስዘ ባዝ የሱስ ክርስቶሳ ባጋራ ኑ ግዳ ጾዚ ኦቾ። የሱስ ክርስቶሳ ባጋራ ጾዝስ መꬍናፓ መዽና የሎደስ ቦንቾ ማቀ። አምንኤ።
3a0d1600b7	ታ እሹንꬆ፥ ታ Ꮉይ ጻፍደ ኪትዛ ይንትስ Ꮉታራ ጻፍደ ግሾ ይን ታ ዞርቶ አዛልእካይዛራ ኤኮደ ፋና ታ ይንታና ዎሳነ።
3a0d170095	ኑ እሸ፥ ጢሞትዮሳ አቻፓ ብልንትዳኖ ኤሮተ። ኤ ኤልሲ ታጎ ይእኮ ታ ኤራ ይንታና Ꮉንግ በአዳ።
3a0d1800a5	ይንታና ካልꬅዙንꬃናን አማንዙንꬃና ኡባ ሳሮ ጋኦተ። ጻለፓ ይእደ አማንዘ አሱንꬅ ይንታና ሳሮ ያጋነ።
3a0d19004e	ጾዘ አꬎ ከሃትꬅታ ይን ኡቡንꬃራ ማቀ። አምንኤ።
3b0000000c	ያይቆባ
3b010100b5	ጾዘን ላꬄ የሱስ ክርስቶሳ አሮ፥ ያይቆባ፥ ሳአ ኡባ ላልንትደ ታጶ ላምእ ኮቹንꬅስ ኪትደ ኪታ። ሳሮ ይንትስ ማቀ።
3b01020099	ታ እሹንꬆ፥ ይንታና ዱማ ዱማ ፋታና የልዘ ዎደ ይን ሎኦ ባዝ ደንግደ ፋና ኩሙꬅ ኡፋይሳራ ኤኮተ።
3b0103005a	ይን አማንቶ ፋታንዛና ዳንዳአ ይንትስ እንግዛኖ ኤራነ።
3b01040084	ይን ዉርሱꬅ የሎደስ ዳንዳእኮ አኮ ፋጨ ባይዝን ፎሎን ኩሙꬅ ማቃደ ፋና ኦችዛ ማቀ።
3b010500bc	ይንታፓ ኦደስን ጭንጫትꬅ ꬋብኮ ጾዝ ዎሶ። ኤስ እንግንቶዳ። ጾዚ ኦደን ቦርካይዛራ ኡቡንꬅስ ኬሃትꬃራ እንግዘ ጾዚ።
3b01060095	የዝን ኤ ዎስዘ ዎደ ሶእካይዛራ አማኖራ ጾዝ ዎሶ። ሶእዘ ኦደን ባቆ ኡርቂን ኤንእዘ አባ ጋር።
3b01070071	ላምእ ቆፋ የዘን ፋ ኦግተ ኤቆሰ ኦደን ላꬃፓ አኮን ደንጎዳ ጋእ ቆፕፐ።
3b01090058	አማንዘ ዳሁንꬅ፥ ጾዚ ኡንታና ꬎቅ ኦችዘ ዎደ ኡፋይቶ።
3b010a0088	ማህ አማንዘ ዱሩንꬅ ጾዚ ኡንታና ዝቂ ኦችዘ ዎደ ኡፋይቶ። ዱረ አሱንꬅ ፉ ፋና ꬋቦዳ።
3b010b00c7	አዋ ፋ ምሻራ ከዛነ ማቶ መልዛነ፥ ፉꬍታን ጉፋነ፤ ኤ ሎኦትꬅታን ꬋባነ። ይኒ ፋና፥ ዱረ አሱንꬅ ፋ ኦችተ ጨር ላልተራ ꬋቦዳ።
3b010c00d0	ማꬋ ጋሚ ኣꬍዳንፕ ሱባ፥ ጾዚ ፋና ሲቅዙንꬅስ እንጎዳ ጋእ ቃላ ገልደ ደኦ ዎርቃ ዛዉደ ኤኮደ ግሾ ማꬍተ ገንጭዘ አስ አንጅንትዳያ።
3b010d0095	ኦደን ፋታንንትዘ ዎደ «ታና ጾዚ ፋታናነ» ጋይፐ። ጾዚ ኢታራ ፋታኖስ፤ ማህ ኤ ኦደን ፋታኖስ።
3b010e007a	የዝን ፈቲ ፈቲ አስ ፋ ኢታ አሞራ ጎችንትዘ ዎደን ጭምንትዘ ዎደ ፋታንንታነ።
3b010f0070	ይንፓ ሱባ፥ አሞትꬅ ዎዳጺ ናጋራ የላነ፤ ማህ ናጋራ ድጪ Ꮉይቆ የላነ።
3b01100030	ታ ሲቆ እሹንꬆ፥ ጭምንትፐተ።
3b011100a7	ሎኦ እሞን ኩሙꬅ አንጆ ኡባ ሳሎፓን ሳሎ ፎእቶ መꬍደ ጾዘ አደፓ የእነ። ጾዚ ዳሾ ፋና ኡባ ዎደ ላምንቶስ።
3b0112006b	ኑኒ፥ ኤ መꬍደ ባዝስ አንግስ ማቃደ ፋና ኑና ቱሪ ቃላራ ቆፒ የልዳ።
3b01130090	ታ ሲቆ እሹንꬆ፥ Ꮉኖ ቆፖተ። አስ ኡባ ስኦደስ ኤልሶ፥ የዝን ኦሆደስን Ꮉንቆደስ ኤልስፐ።
3b0114003b	አስ Ꮉንቆ ጾዘ ኮይዘ ጽሎትꬅ ኮኦስ።
3b011500ba	ይኒ ግሾ፥ ቱና ኦቻን ኢታ ባዝ ኡባ Ꮉሲ፥ ጾዚ ይን ዎዝንተ ቱክደ ይን ሸምፕቶ አሾደስ ዳንዳእዘ ቃላ አዳትꬃራ ኤኮተ።
3b01160089	የዝን ጾዘ ቃላ ኦቻላ ፌሾተፕ አትን ይን ኦምተ ባልንትተራ ስእዙንꬃና ጻላላ ማቅፈተ።
3b0117005e	ቃላ ስእ ኦቾሰ አስ፥ ኤ ፋ ስንቶ ማስቶተራ በእዘ አꬄ ፋና።
3b0118005e	ኤ ፋ ስንቶ ብእ ቅታነ፥ የዝን ኤ አኮ አዝዛኮ ኤልሲ ቦታነ።
3b011900d9	የዝን ኦደን ናጋራ አሮትꬃፓ ኬስዘ ፎሎ ህገ ቆፒ ብእ፥ ሚንግ ኤቅዘ፥ ስእዳኖ ቦትካይዛራ ኦቻላ ፌሽዘ አꬃይ፥ ፋ ኦቻ ኡባነ አንጅንቶዳ።
3b011a0076	ፋ እልአንꬅቶ ናግካይዛራ ጎይናነ ጋዘ አꬃይ ፋና ጭማነ፤ ኤ ጎይንታ Ꮉሪ።
3b011b00d1	ጾዘ አዳይ ቲኖ ቦረ ባይዘ ጌሽ ጎይኖ Ꮉኖ፦ እንዳን አደን ባይዘ ናኡንꬃናን አዝኒ ባይዙꬃና ኡን ማꬍተ ማደን አላመ ቱናፓ ፋና ናገ።
3b02010098	ታ እሹንꬆ፥ ይን ኑ ቦንቾ ላꬄ የሱስ ክርስቶሳ አማንዘባዝ ማቅኮ፥ አስ ስኖ ብእ አስ ቦንችፐተ።
3b020200b1	አዝዘስ፥ ዎርቃ ምግዶ አꬂ፥ ሎኦ ማኦ ማእደ ዱረ አስ ይን ሺቅተ ይእዳ። ማህ ጩርቃ ማኦ ማእደ ዳሃ አስን ይእዳ።
3b020300df	ሎኦ ማኦ ማእደ አꬃ ይን አꬂ ቦንቺ፥ «ነ Ꮉነ ሎእዘ ኦይዳላ በቶ» ጋእ፥ ማህ ዳሃ አꬃ፥ «ነ የይጋ ኤቆ ዎይ Ꮉነ ታ ቶህት ካለ ሳእተ በቶ» ጋነ።
3b02040075	ዬዝን፥ ይን፥ ይን ግዳ ሻኮ መꬍዙንꬃና ኢታ ቆፋራ የዘ ዳይኑንꬅ ፋና ባነ?
3b020500e2	ታ ሲቆ እሹንꬆ፥ ስኦተ። አማኖራ ዱረ ማቃደ ፋናን ፋና ሲቅዙንꬅስ እንጎዳ ጋይደ ሳሎ ካእቱሞ ላቶደ ጋር Ꮉና ሳእተ የዘ ዳሁንꬃና ጾዚ ዶርካነ?
3b020600cf	የዝን ይን ዳሁንꬃና ቶቻነ። ይንታና ኡንእꬅዙንꬅን ፍርዳ ኬꬃ ጎችዙንꬅ ዱሩንꬃና ባነ? ይንታና ዳይና ቲኖ ጎችዙንꬅ ኡንታና ባነ?
3b02070056	ይን ጼግንትዘ ይና ሎኦ ሱንꬅቶ ጫዥዙንꬅ ኡንታና ባነ?
3b020800b8	የዝን ጌሽ ማጻፍተ፥ «አስ ኡባ ነና ነ ካꬍዛን ጋራ ካꬎ» ጋእንት ጻፍንትደ ጾዘ ካእቱሞ ህግቶ ይን ፎልኮ ሎኦ ኦቻነ።
3b0209009c	የዝን ይን አስ ስኖ ብእ ቦንችኮ፥ ናጋራ ኦቻነ፤ ማህ ህገን ይንታና ህገ መንꬅደ አስ ፋና ፍርዶዳ።
3b020a0087	ኦደን ጾዘ ህገ ኡባፓ ፈታ መንꬂ፥ አትዳኖ ኡባ ናግኮ ኡባኖ መንꬅደ ፋና ፋይድንታነ።
3b020b009a	«ላምፐ» ጋይደ ላꬄ፥ ማህ «ዎꬍፐ» ጋይዳ። የዝን ነ ላማንጽ አሺ ዎꬍደ ባዝ ማቅኮ፥ ህገ መንꬅዳ።
3b020c0073	አሮትꬃፓ ኬስዘ ህገ ቲኖ ፍርዳ ኤኮደስ የዘ አስ ፋና ኦህንቶተን ኦቾተ።
3b020d0072	አስ ማሮሳ ኦናን ጾዚ ማርካይዛራ ፍርዶዳ። የዝን ማሮትꬅ ፍርዳ ጋማነ።
3b020e00ca	ታ እሹንꬆ፥ ይንታፓ ፈቲ አስ ታስ አማኖ የነ ጋእ፥ ፋ አማንቶ ኦቻራ ቤዛንጽኮ ኤዛ አኮ ማዶደ? ኤ አማንታ ኤዛ አሾደስ ዳንዳአነ?
3b020f006f	አዝዘስ ፈቲ እሻይ ዎይ ፈቲ ምሽታ ካልꬍኮን ኡንትስ ሙእዘባዝ ꬋብኮ፥
3b021000c1	ይንታፓ ፈቲ አስ ኡንታጎ፥ «ሳሮ ቅቶተ! ይንታና ታማ ካዦተ! ምዦተ!» ጋእ፥ ኮሽዘ ባዝ ኡንትስ እንጋንጽኮ ኡንታና አኮ ማደ?
3b0211004c	ይኒ ግሾ፥ ኦቻ ባይዘ አማኖ ፋ ኦምተ Ꮉይቂዳያ።
3b021200e0	የዝን ፈቲ አስ፥ «ኔስ አማኖ የነ፤ ማህ ታስ ኦቻ የነ። ኔኒ ነ አማንቶ ነ ኦችትፓ ሻጊ ታና ቤዞ፤ ታንን ታ አማንቶ ታ ኦችተ ነና ቤሳዳ» ጋዉዳ።
3b02130086	ኔኒ፥ ፈቲ ጾዚ የዛኖ አማናነ፤ ይና ሎኦ። ቱና አያኑንꬅን አማናነ፤ ዣሽሞራ ጎቃነ።
3b02140057	ናተ ቦዛዮ! አማኖ ኦቻፓ ሻክንት ማዶሳኖ ኤሮደስ ኮያነ?
3b02150079	ኑ አዳይ አብራሃማ፥ ፋ ናአ ይሳቃ ዣርሾ በሳላ ጋድደ ዎደ ፋ ኦችትራ ጽልካነ?
3b02160078	ኤ አማንታን ኤ ኦችታ ዎላ ትምንትዳኖ ቦኦሳ? ኤ አማንታ ኤ ኦችተ ፎልንትዳ።
3b021700d3	ጌሽ ማጻፍታ፥ «አብራሃማ ጾዝ አማንዳ። ጾዚ ይኖ ኤስ ጽሎትꬅ ማህ ፋይድዳ» ጋይዳና ፎልንትዳ። ማህ ኤ ጾዘ እግና ጋእንት ጼግንትዳ።
3b02180054	አስ አማኖ ጻላላራ ማቅካይዝን ኦቻራ ጽልዛኖ በእነ።
3b021900b2	ይኒ ፋና፥ ኦላለ Ꮉንትዘ ረአባ እስራኤለፓ ኪትንትዱንꬃና ሞኪ መለ ኦገራ ኡንታና ሞይዝደ ዎደ ፋ ኦችተ ጽልካነ?
3b021a0071	ሸምፖ ሻክንትደ አሾ Ꮉይቆ ማቅዛንፋና፥ ኦቻ ሻክንትደ አማኖን Ꮉይቆ።
3b030100ac	ታ እሹንꬆ፥ ይንታፓ ጋሙንꬅ አስታማረ ማቅፈ። ኑ፥ አስታማሩንꬅ መሉንꬃፓ አꬍዘ ፍርዳ ኤኮዳኖ ይን ኤራነ።
3b03020097	ኑ ኡባና ጋማ ባዛራ ባልንታነ። ፋ ኦህተ ባልንቶሰ ኦደን ፋናትꬅቶ ናጎደስ ዳንዳእዘ ፎሎ አስ።
3b03030067	ፋራዚ ኑስ ኪትንቶደ ፋና ሉጋመ ባርሲ ኑ ኮይዘ በሳ ኡባ ካንታነ።
3b030400b8	ማርካበ አኮ ፋና ዳማ ማቂ ዳማ ባቆራ ኡርቂንትኮን፥ ኤዛ እዥዘ አꬄ ፋ ኮይዘ ዛላ ማህ ኤራꬅ እዥዘ ባዛራ እዢ ቅታነ።
3b0305009c	ይኒ ፋና እልአንꬂ ጋላ ግዳፓ ኤራꬅ ማቅኮን ጋማ ዳማ ባዛ ጬቅንታነ። ኤራꬅ ታማ ዳማ ጉርደ ምቻነ።
3b03060103	እልአንꬂ ታማ ፋና። እልአንꬂ ኑ አሽቲ ግዳ ኢታራ ኩምደ አላመ፤ ጋላ ኡባ ቱንዛነ። ጋናመፓ ከዝዘ ታማ ጋር ኑ ደኦ የስቶ ኡባ ምቻነ። ፋ ኦምትስን ጋናመ ምችንቶዳ።
3b0307009c	ጾꬅን ላንዳን፥ ሳዛር ጎቹንትዙንꬅን አባ የዘ መꬍንትደ ባዝ ኡባ አስ Ꮉራነ፤ ኡንትን Ꮉርንታነ።
3b0308008f	የዝን ኦደን እልአንꬅ Ꮉሮደስ ዳንዳእካያ። እልአንꬂ ዎꬍዘ ማርዘ ኩምደ አቆሰ ኢታ መꬎ።
3b03090096	ኑ እልአንꬅተ፥ ኑ፥ ላꬅን አደ ማቅደ ኑ ጾዛ ጋላታነ። ማህ እራ ጾዝ አዚ መꬍንትደ አስ ባዳነ።
3b030a0073	ፈቲ ዶናፓ ጋላታን ባድꬅን ከዛነ። ታ እሹንꬆ፥ ይኒ ጋራ ይአደስ ቤዞስ።
3b030b0067	Ꮉꬅ ኣፈ ፈቲ ዶቻፓ ማልእዘ Ꮉꬅን ጫንግዘ Ꮉꬂ ከሳደስ ዳንዳአነ?
3b030c00ef	ታ እሹንꬆ፥ በለሰ ምንጻፓ ሻማሄ አፎደስ ዳንዳአነ? ዎይ ዎይነ ምንጻ በለሰ ምንጻ ኣፈ አፎደስ ዳንዳአነ? ጫሞ Ꮉꬅ ኣፈፓ ማልኦ Ꮉꬅ ኬሳደስ ዳንዳኦስ።
3b030d0084	ይን ግዳ ጭንጫን አካክዘ ኦደ? ፋ ሎኦ የስቶ፥ አሽከትꬃራን ጭንጫትꬃራን የዚ ቤዞ።
3b030e00a9	የዝን ይን ዎዝንተ ጫሞ ቃናተን ፋና ካꬍዘባዝ የዝኮ ይና ጭንጫትꬅተ ጬቅንትፐተ፤ ቱርላ አፋ ዎርድꬍፐተ።
3b030f0081	ይኒ ጋርዘ ጭንጫትꬅ ሳሎፓ ይእደባዝ ማቅካይዝን ይና አሳፓ፥ አላመፓ፥ ጻላሄፓ።
3b0310005a	ቃናተን ፋና ካꬍዘባዝ የዘ በሳ ካችን ኢታ ኦቻ ኡባ የነ።
3b031100df	የዝን ሳሎፓ የእዘ ጭንጫትꬅ ኡባፓ ቲኖ ጌሽ። ማህ ሳሮትꬅ፥ ሎኦትꬅ፥ ኪትንተ፥ አስ ማረ፥ ሎኦ ኣፈ ኩምዳያ፥ አስ ሻጎሳን ጩቦትꬅ ባይዛያ።
3b03120051	ሳሮትꬅ ካꬍዙንꬅ ሳሮትꬅ ቡድ ጽሎትꬅ ኣፈ ማጻነ።
3b04010092	ኦላን ካች ይን ግዳ አባፓ የኤ? ኡን የእዛና ይን አሽቶ Ꮉሮደስ ኦልንትዘ ይን አሾ አሞፓ ባነ?
3b04020110	ይን አሙꬋነ፥ የዝን ደንጎስ፤ ይኒ ግሾ፥ አስ ዎꬋነ። ምንꬂ ኮያነ፥ የዝን ደንጎደስ ዳንዳኦስ፤ ይኒ ግሾ፥ ካጭንታነን ኦልንታነ። ይን ጾዝ ዎሶሰ ግሾ ኮይዘ ባዝ ደንጎስ።
3b04030081	ይን ዎሳነ፥ የዝን ደንጎስ። ይን አሾ አሙቶ ፎሎደስ ዎቦ ኦገ ዎስዘ ግሾ ደንጎስ።
3b040400c2	ይን፥ አማንንቶሱንꬆ! Ꮉና አላምቶ ካዽዘ ጾዛራ ሞርከ ማቅዛኖ ኤሮሳ? Ꮉና አላምትራ እግንꬆደስ ኮይዘ ኦደን ጾዛራ ሞርከ።
3b040500bd	ጌሽ ማጻፍተ፥ «ጾዚ ኑ ግዳ የሳደ ፋና ጋድደ አያንዘ፥ ኑ ኤስ ቡዞ ማቃደ ፋና ዳማ አሙꬋነ» ጋይዳና ጨር ጋይደባዝ አዛነ?
3b040600dc	የዝን ጌሽ ማጻፍተ፥ «ጾዚ ኡቱርትዙንꬃና እጻነ፥ የዝን ፋና ቶችዙንꬅስ አꬎ ኬሃትꬅ እንጋነ» ያጋዘ ግሾ ጾዚ አꬎ ኬሃትꬅ ጋንꬂ እንጋነ።
3b04070065	ይኒ ግሾ፥ ጾዝስ አቆተ፤ ጻላሄራ እጽንቶተ፤ ኤ ይንታፓ Ꮉኮዳ።
3b040800b7	ጾዛጎ ሺቆተ፤ ኤ ይንታጎ ሺቆዳ። ይን፥ ናጋራንቹንꬆ፥ ይን ኩሽቶ ሜጮተ፤ ላምእ ቆፋ የዙንꬆ፥ ይን ዎዝንቶ ጌሾተ።
3b0409007e	አዛኖተ፥ ዬኮተን አፉጾተ። ይን ሚችታ ዬፎራ፥ ይን ኡፋይስታ አዛኖራ ላምንቶ።
3b040a0063	ላꬄ ቲኖ ይንታናትꬅቶ ዝቂ ዪዞተ፤ ኤ ይንታና ꬎቅ ꬎቅ ዪሳዳ።
3b040b0130	ታ እሹንꬆ፥ ፈታይ ፈታያ ጫዥፐን ዝግርፐተ። ፋ እሻ ዝግርዛይ ኤላ አፋ ፍርድዘ ህገ ዝግራነን ህገላ አፋ ፍርዳነ። ነ ህገላ አፋ ፍርድኮ ህገላ አፋ ፍርድዛያ ማቃነፕ አትን ህገ ፎልዛያ ማቆስ።
3b040c00ab	ህገ እንግዘን ፍርድዘ ጾዛ ጻላላ። አሾደስን ꬋብሶደስ ዳንዳእዘ ኤዛ። ዬዝን፥ አሳላ አፋ ፍርድዛይ ነ ኦደ?
3b040d00c7	ይን፥ «ኑ Ꮉይኖ ዎይ ዎንታ ሰኮ ካታማ ዎይ Ꮉንኮ ካታማ ቅቶዳ፤ እዘ ፈቲ በረ ጋምኦዳ፤ ዛልእ ትርፍሳዳ» ያጋእዙንꬆ፥ ስኦተ።
3b040e00b2	ዎንታ አኮ Ꮉኖድ የዛኮ ይን ኤሮስ። ይን ደእታ ዋያድ የዛኮ ኤርዘ ኦደ? ይን ኤራꬅ ዎደ በንቲ ꬋብዘ ቃይቃዮ ፋና።
3b040f0072	ይኖ አሺ፥ «ላꬂ ጋይኮ ኑኒ የሳዳ፤ Ꮉኖ ዎይ ይኖ ኦቾዳ» ጋዉደስ ቤዛነ።
3b04100063	የዝን ይን Ꮉተ ኡቱራነን ጬቅንታነ። ይኒ ጋርዘ ጬቆ ኡባ ኢታ።
3b0411005d	ይኒ ግሾ፥ ሎኦ ባዝ ኦቾደስ ኤሪተ ኦቾሰ አꬄስ ይና ናጋራ።
3b05010069	ይን፥ ዱሩንꬆ፥ ይንታላ አፋ ኢታ ማꬋ የእዘ ግሾ ኡኮተን ዬኮተን።
3b05020051	ይን ቆልታ ቡቂዳ፤ ይን አፉልታን ብላራ ሙእንትዳ።
3b050300e9	ይን ዎርቅታን ይን ብርታ ብርዳ። ይና ብርዳና ይንታላ አፋ ማርካ ማቃዳ። ኤ ይን አሽቶ ታማ ጋር ምቾዳ። ይን Ꮉና Ꮉልእደ ቃምተ ይንትስ ቆሎ ሺሽዳ።
3b050400e1	ይን ጋድተ ኦቺ ፌዥደ አሱንꬅ ክራ ብርቶ ጭግካያ። ይና ይንታላ አፋ ኡካነ። የንꬅ ካꬃ ማጽዘ አሱንꬅ ኡክትታ ዎልቃራ የዘ ላꬄ Ꮉይተ ስንትዳ።
3b05050090	Ꮉና ሳእተ ይን ሳዛ ጻላላስ ቆፒ፥ ጊግን የዝዳ። ሹፎስ ጊግንትደ Ꮉርስፋና ይንታና ꬊክዳ።
3b0506006e	ይንታራ ኤቅንቶደስ ዳንዳኦሰ ጽሎ አሳላ አፋ ፍርዳነ፤ ኤዛን ዎꬍዳ።
3b050700db	ታ እሹንꬆ፥ ላꬂ ዮኦደ ዎንꬅስ ገንጮተ። ሳአ ኦችዘ ቶርቼ እራን ሴተ እራ ዮኦደ ዎንꬅስ ገንጭ አልኦ ካꬃ ናጊ ዋይዝ የልꬅ ኤክዛኮ ቆፖተ።
3b0508007a	የ ሳአ ኦችዛይ ፋና ይንትን ገንጮተ። ላꬄ የእታ ኡክደ ግሾ ኡፋይሳራ ናጎተ።
3b0509009a	ታ እሹንꬆ፥ ጾዚ ይንታላ አፋ ፍርዳመ ጋር ፈታይ ፈተላ አፋ ዙዝንግፐተ። ፍርድዛይ ፉርꬃ ኤቅዳ።
3b050a0086	ታ እሹንꬆ፥ ላꬄ ሱንꬅተ ኦህደ ናቡንꬅ ማꬋ ዳንዳአራ ኤኪ አዝዘ ማቅዱንꬃና ቦኦተ።
3b050b0126	ዳንዳአራ ገንጭዱንꬃና ኑኒ አንጅንትዱንꬃና ጋነ። እዮባ ዋይዝ ገንጨዛኮ ይን ስእዳ። ላꬂ ዉርሱꬅተ ኤዛ ዋይዝ ማደዛኮን ብእዳ። ኤ ማሮትꬅን ይቅስሞ ኩምደ ላꬂ ማቅደ ግሾ ይኖ ኦችዳ።
3b050c0124	የዝን ኡባፓ ቲኖ፥ ታ እሹንꬆ፥ ሳሎራን ማቅን ዎይ ሳአራን ማቅን ዎይ መለ አኮ ባዛራን ጫቂፐተ። ጾዘ ፍርዳ ይን ገላመ ፋና ይን ኦህታ ዬ ማቅኮ፥ «ዬ» ጋኦተ፤ አደ ማቅኮ፥ «አደ» ጋኦተ።
3b050d007e	ይን ግዳ ማꬋ ኤክዘ ኦደን የዝኮ ጾዝ ዎሶ። ኡፋይትዘ ኦደን የዝኮ ጋላታራ የጾ።
3b050e009f	ይንታፓ Ꮉርግንትዘ ኦደን የዝኮ ዎሳ ኬꬂ ጭሙንꬃና ጼጎ። ኡን ላꬄ ሱንꬅተ ዛይተ ትዢ ኤስ ጾዝ ዎሶ።
3b050f00b7	አማኖራ ዎስደ ዎስታ Ꮉርግንትዛ ፋꬆዳ። ላꬂ ኤዛ፥ Ꮉርግትፓ ደንꬆዳ፤ ኤ ናጋራ ኦችደባዝ ማቅኮን ላꬂ ኤዛ ማሮዳ።
3b051000be	ይኒ ግሾ፥ ይን ፋጾደ ጋር ይን ናጋርቶ ፈታይ ፈተስ ፋጾተን ፈተ ፈተስ ዎሶተ። ጽሎ አስ ዎስታ ዳማን ዎልቃማ ኦቻ ኦቻነ።
3b051100aa	ኤልያሳ ኑ ፋና አስ። እራ ሳአላ ቡካመ ጋር ምንꬂ ጾዝ ዎስን Ꮉይꬕ በረን እዝፑን አግና ሳአላ እራ ቡክካያ።
3b0512005d	ማህ ኤ ጾዝ ዎስን ሳሎፓ እራ ቡክዳ፤ ሳእታን ካꬃ እንግዳ።
3b0513007a	ታ እሹንꬆ፥ ይንታፓ ኦደን ቱሪ ኦገፓ ባልንትኮ፥ መለ አስ ኤዛ ቱርጎ ማህኮ፥
3b051400b1	ናጋራንችዛ ኤ ኢታ ኦግትፓ ማህዘ ኦደን፥ ኤ ሸምፕቶ Ꮉይቆፓ አሽዛያን ኤ ጋማ ናጋርትስ ማሮትꬅ እንግዛኖ ኤሮ።
3c0000000e	1 ጴጥሮሳ
3c010100f4	ታኒ፥ የሱስ ክርስቶሳ ሐዋረ ጴጥሮሳ፤ ጳንጦሰ፥ ጋላትያ፥ ቃጳዶቅያ፥ እስያን ብቲንያ ጋደ ላልንቲ በተ የዘ ጾዚ ዶርደ፥ አሱንꬅስ Ꮉይ ዳብዳቢዛ ጻፍዳ።
3c010200f9	ጾዚ አደ ቲኒ ቆፕደ ባጋራ ዶርንትዱንꬅስ የሱስ ክርስቶሳስ ኪትንቶደስን ኤ ሱꬅተ ዉጹርክንትዱንꬃና ጌሽ አያናራ ጌዥዱንꬅስ፥ አꬎ ኬሃትꬅን ሳሮትꬅ ማቀ።
3c010300dc	የሱስ ክርስቶሳ Ꮉይቆፓ ደንꬅደ ባጋራ ፋ ዳማ ማሮትꬅ ክለ የልንተራ ꬋቦሰ ኡፋይስ እንግደ ኑ ላꬄ የሱስ ክርስቶሳ አዳይ፥ ጾዘ ጋላትንቶ።
3c0104005f	ማህ ጾዚ ይንትስ ꬋቦሰ፥ ኢቶሰን ቡቆሰ አንጆ ሳሎ ጊግዝዳ።
3c01050099	ይና አንጅታ ዎደ ዉርሱꬅተ ቆንጮደስ የዘ አቶትꬅትስ ጾዘ ዎልቃራ አማኖራ ይንትስ ናግንቲ የነ።
3c01060066	Ꮉተ ኤራꬅ ዎደ ይን ዱማ ዱማ ፋታና ኡንእንትኮን ይነ ኡፋይቶተ።
3c01070131	ይና ፋታንታ ይንታና የልዳና፥ ታማ ኦልን ꬋብዘ ዎርቃፓ ይን አማንታ አꬎን ቱሮ ማቅዛኖ ቤሳደስ። ይና ፋታንትደ አማንተ የሱስ ክርስቶሳ ላምእንꬃ ቆንጭዘ ዎደ ጋላታ፥ ቦንቾን ናሾ ይን ኤኮዳ።
3c010800f8	ይን የሱሳ ብእካያ፥ የዝን ኤዛ ካꬋነ። ይን Ꮉተ ኤዛ ብእካይዘ ባዝ ማቅኮን፥ ኤዛ አማናነ። ማህ ኦሄራ ቆንጭሳደስ ዳንዳእንቶሰ ኡፋይሳራን ቦንቾራ ኩምዳ።
3c0109004e	ይን አማኖራ ናግዘ ይን ሸምፕት አቶትꬅ ደንጎዳ።
3c010a00aa	ጾዛፓ ማቅደ አꬎ ኬሃትꬅ ባጋራ ይንትስ ማቅደ Ꮉና አቶትꬅትባዝ ናቡንꬅ ኤሮደስ ጋማ ቁርቸራ ምንꬂ ኮይዳ።
3c010b00d7	ኡን ግዳ የዘ ክርስቶሳ አያና ኤ ዋይት ባዝን ይንፓ ሱባ ዮኦደ ቦንችትባዝ ቲኒ ማርክꬍተራ፥ አይደ ዎይ ዋይዝ Ꮉኖደ የዛኮ ቆፒ ቁርችዳ።
3c010c0143	ናቡንꬅ ኦህደ ትንቢታ ፋ ኦማስ ባይዝን ይንትስ ማቅዳኖ ጾዚ ይንትስ ቆንጭዝዳ። Ꮉተ አሱንꬅ ይንትስ ኦህደ ዎንገለ ሳሎፓ ኪትንትደ ጌሽ አያና ዎልቃራ ይንትስ ኦህዳ። ኪታንቹንꬅን ይኖ በአደስ አሙꬍዳ።
3c010d00e6	ይኒ ግሾ፥ ኦቻስ ይንታና ጊግዞተ፤ ይንታና አሆተ። የሱስ ክርስቶሳ ማህ ቆንጭዘ ዎደ ይን ኤኮደ ዳማ አቶትꬅ አꬎ ኬሃትꬅ አንጆ ኡፋይሳራ ካፎተ።
3c010e007d	ጾዘ ናኡንꬅ ፋና ኤስ ኪትንቶተ፤ ይን ቲኖ ኤርካይዛራ ኦችደ ኢታ አሞ ካልፐተ።
3c010f007b	የዝን ይንታና ጼግደ ጾዘ ጌሽ ማቅዳን ፋና ይንትን ይን የስተ ኡባ ጌሽ ማቆተ።
3c01100077	ጌሽ ማጻፍተ፥ «ታኒ ጌሽ ማቅደ ግሾ ይንትን ጌሽ ማቆተ» ጋእንት ጻፍንትዳ።
3c011100c4	አስስ ስኖ ብእካይዛራ ኤ ኦችት ፋና ፍርድዘ ጾዛ፥ «ኑ አዳዮ» ጋእ ጼግዘባዝ ማቅኮ፥ Ꮉነ ሳአ ዛቆትꬅ የስተ ዣሽሞራ የዞተ።
3c01120093	ይን፥ ይን አዱንꬃፓ ላትደ ፋꬆሰ የሳፓ ዎዝንትደ፥ ꬋብዘ ብራራ ዎይ ዎርቃራ ባይዛኖ ኤራነ።
3c01130092	የዝን ይን ዎዝንትዳና ቦረ ዎይ ሳንከ ባይዘ ጌሽ ዱሮ ሱꬅ ፋና አልኦ ማቅደ ክርስቶሳ ሱꬅተ።
3c011400a0	ጾዚ አላመ መꬍንቶዳንፓ ቲኖ ክርስቶሳ ዶርዳ፥ የዝን ይና ዉርሱꬅ ዎድተ ክርስቶሳ ይን ግሾ ቆንጭዳ።
3c011500ae	ይን አማንታን ይን ኡፋይስታ ጾዛራ ማቃደ ፋና ኤዛ Ꮉይቆፓ ደንꬂ፥ ቦንችደ ክርስቶሳ ባጋራ ጾዘ ግዳ አማናነ።
3c01160098	ይን ቱርስ ኪትንትተራ ጩቦ ባይዘ እሽቱሞ ካ ይን ሸምፕተ ምንꬂ ፈታይ ፈታያ ዎዝናፓ ዎል ካꬎተ።
3c01170090	ይን ላምእንꬃ የልንትዳና ꬋብዘ ኮቻፓ ባይዝን መዽና የዘ ጾዘ ቃላ ꬋቦሰ ኮቻፓ የልንትዳ።
3c01180085	ጾዘ ቃላ፥ «አስ ኡባ ማታ ፋና፤ ኤ ቦንችታ ኡባ ፉ ፋና። ማታ መላነ፥ ፉꬍታን ጉፋነ።
3c01190078	የዝን ላꬄ ቃላ መዽና የነ» ያጋይዳ። ይንትስ ኦህንትደ ዎንገለ ቃልታ Ꮉኖ።
3c02010079	ይኬ፥ ኢታትꬅ ኡባ፥ ጭሞ ኡባ፥ ጩቦትꬅ ቅናተን ዝግርስ ኡባ ይንታፓ Ꮉሶተ።
3c020200e6	ላꬂ ዳልጋ ማቅዳኖ ይን ኤርዛን ፋና Ꮉተ የልንትደ ዦጋ ናኡንꬅ ፋና ይን አቶትꬅተ ኤ ግዳ ድጭተራ Ꮉንጎደስ ጾዘ ጌሽ ቃላ ማꬅቶ ኡባ ዎደ አሙꬎተ።
3c02040076	አሳራ ቦርንቲ ጾዛራ ዶርንትደ ቦንቾ ማቅደ ደኦ ሹች፥ ላꬄ የሱሳጎ ሺቆተ።
3c020500c1	ይን አያና ኬꬅ ኬጽንትዘ ደኦ ሹቹንꬃና። ይን የሱስ ክርስቶሳ ባጋራ ጾዚ ኡፋይስዘ አያና ዣርሾ ዣርሽዘ ጌሽ ካህኑንꬃና።
3c020600be	ጌሽ ማጻፍተ፥ «Ꮉይቼ፥ ታኒ ጽዮነ ካታማ፥ ዶርንትደ፥ ቦንቾ ማይዘነ ሹች ጋድዳ፤ ኤዛ አማንዘ ሞሎን ዬልꬎስ» ያጋይዳ።
3c020700d1	Ꮉይ ሹችዘ ይንትስ አማንዙንꬅስ ቦንቾ፥ የዝን አማኖሱንꬅስ፥ «ኬጽዙንꬅ ቦሪ አሽደ ሹችዘ ኡባፓ አꬍዘ ማይዘነስ ኦማ ሹች ማቅዳ።»
3c020800dd	ማህን፥ ጌሽ ማጻፍተ፥ «Ꮉይ ሹችዘ አስ ꬉቢዘ ሹችን አስ ጎልእዘ ላላ» ያጋይዳ። ኡን ይንስ ጋእንትደ ግሾ ጾዘ ቃላስ ኪትንታንጽ ꬉቡንታነ።
3c020900ee	የዝን ጾዚ ꬉማፓ ጋማ ቆፍዘ ፋ ፎኦጎ ይንታና ጼግደ፥ ይን ኤ ሎኦትꬅቶ መሉንꬅስ ኦሆደስ ዶርንትደ ኮች፥ ካት ካህነን፥ ጌሽ ዎርዣን ጾዝስ ዱማ ዎርዣ።
3c020a00ad	ይን ዛጋ ጾዘ ዎርዣ ባያ፥ የዝን Ꮉተ ይን ኤ ዎርዣ። ይን ዛጋ ማሮትꬅ ደንግካያ፥ የዝን Ꮉተ ማሮትꬅ ደንግዳ።
3c020b00b8	ታ እሹንꬆ፥ ይን Ꮉነ ሳእተ ዛቆን በተ ማቅዳን ፋና ይን አያና ደእቶ ኦልዘ አሾ አሞፓ Ꮉኮደ ፋና ታኒ ይንታና ዎሳነ።
3c020c00ee	አማኖሰ አሱንꬅ ይንታና ኢታ ኦችዘ አስ ፋና ዝግርዘ ዎደ ጾዚ ኑና በአደስ የእዘ ቃማ፥ ኡን ይን ሎኦ ኦችቶ ብእ ጾዝ ጋላቶደ ፋና ይንትስ ሎኦ የስ የዞ።
3c020d007a	ላꬄ ግሾ ጋእ አህዘ አሱንꬅስ አቆተ፤ ኡባፓ ካታራ ማቅደ ግሾ ካትስን አቆተ።
3c020e00a8	ኡን ኢታ ኦችዙንꬃና ሴሮደስን ሎኦ ኦችዙንꬃና ናሾደስ ካትዘፓ ኪትንትደ ግሾ ዎርዥቶ አህዙንꬅስ አቆተ።
3c020f0064	ይን ሎኦ ኦችተራ ኤሮሰ ቦዛ አሱንꬅ ኦህቶ ስእ ዪዝዘ ጾዘ ቆፋ።
3c02100081	ጾዘ አሮ ፋና ማቂ ዋሎትꬃ የዞተፕ አትን ይን ዋሎትꬅታ ኢታ ኦቻስ ኣችቸ ማህፐተ።
3c02110078	አስ ኡባ ቦንቾተ፤ አማንዘ አሱንꬃና ካꬎተ፤ ጾዝስ ዣሽቶተ፤ ካት ቦንቾተ።
3c02120087	አሩንꬆ፥ ሎኦ ላꬁንስስን ዳልጋ ላꬁንꬅስ ጻላላ ባይዝን ኢቱንꬅስን ቦንቾራ አቆተ።
3c02130061	አስ ጾዝ ግሾ ጋእ ገነር ማꬋ ኤኪ ዳንዳእኮ ጾዚ ኤዛ አንጆዳ።
3c021400e3	የዝን ይን ናጋራ ኦችን ይንታና ሴርዘ ዎደ ይን ዳንዳእኮ ይንትስ አኮ ጋላታ የዘ? የዝን ሎኦ ባዝ ኦቺ ማꬋ ዳንዳእኮ ጾዚ ይንታና ይንስ አንጆዳ።
3c021500a7	ጾዚ ይንታና ጼግደ ይኒ ግሾስ፤ ክርስቶሳ ይንትስ ዋይንትዳ፤ ይን ኤዛ ካሎደ ፋና፥ ይንትስ አዝዘ ማቅዳ።
3c02160045	ኤ ናጋራ ኦችካያ፤ ኤ ዶንተ ጭሞ በንትካያ።
3c0217009e	ኡን ኤዛ ጫዣደር ማህ ጫዥካያ። የዝን ማꬋ ኤክተራ ጽሎ ፍርድዘ ጾዘስ ፍርዳ አሽዳ ፋትን ማንድካያ።
3c021800d3	ኑኒ ናጋራስ Ꮉይቂ ጽሎትꬅስ የሳደ ፋና ክርስቶሳ ፋ አሽተ ኑ ናጋርቶ ማስቃላላ አፋ ቶክዳ፤ ይን ኤዛ ጋራፍን Ꮉርግደ በስትራ ፋጽዳ።
3c02190085	ዛጋ ይን ኦገ ባል ꬋብደ ዱሮ ፋና፥ የዝን Ꮉተ ይን ሸምፖ የንግዘጎን ናግዘጎ ማቅዳ።
3c030100ff	ይኒ ፋና፥ ማቹንꬆ፥ ይን አዝኑንꬃፓ ጾዘ ቃላስ ኪትንቶሱንꬅ የዝኮ ዣሽሞራ የዘ ይን ጌሽ የስቶ ብእ ጾዘ ቃላ ባይꬅ ፋ ማቹንꬅ የስተ አማኖደ ፋና ኡንትስ ሎኦተ።
3c03030065	ይን፥ ይን ኦማ ዳደራን ዎርቃ አ ራ ዎይ ሎኦ አፉላ ማኤራ ማቅፈ።
3c030400a9	የዝን ይን ዎዝንተ የዘ ሎኦትꬅታ ጾዘ ቲኖ ይንትስ ጋማ አልኦ ማቅደ ꬋቦሰ፥ ዳልጋን ዎፑ ጋይደ አያና ማቀ።
3c030500a5	ጾዚ እንጎዳ ጋይዳኖ አማንደ ጌሽ ማቹንꬅ ዛጋ ዎደ ፋ አዝኑንꬅስ ኪትንት፥ ፋና ይኒ ጋር ጋማ ቦንችዝዳ።
3c030600bf	ይኒ ጋራን ሳራ አብራሃማጎ፥ «ላꬆ» ጋእ ጼጊ፥ ኤስ ኪትንትዳ፤ ይንትን አኮን ዣሽትካይዛራ ሎኦ ባዝ ኦችኮ እ ናኡንꬃና።
3c0307011d	ይንትን አዝኑንꬆ፥ ይን ማቹንꬅ ይንታፓ ዎልቃ ባይዘ መꬎ ማቅዳኖ ኤሪ፥ ኡንታና ቦንቾተ፤ ይን ዎስትስ ꬉበ ማቃመ ፋና ጾዚ እንግደ ደኦ ኡን ይንታራ ዎላ ላትዘ ግሾ ኡንታና ቦንቾተ.
3c030800b2	ዉርሱꬅተ፥ ኡቡንꬅ ፈቲ ቆፋራ የዞተ። ዎል ካꬎተ፥ እሸ ፋና ዎል ካꬎተ፤ ማህ ፈታይ ፈታይስ ዳልጋን አዳ ማቆተ።
3c030900ad	ኢታ ግሾ ኢታ ዎይ ጫሽ ግሾ ጫዥ ማህፐተ፤ ይኖ አሺ፥ ጾዚ ይንትስ አንጆ እንጎደስ ይንታና ጼግደ ግሾ አንጆተ።
3c030a00e7	አኮስ ጋይኮ፥ ጌሽ ማጻፍተ፥ «ደኦ ካꬍዘን ሎኦ ቃማ በአደስ ኮይዘ ኦና የዝኮን ፋ እልአንꬅተ ኢታ ባዝ ኦህዛኖ አሾ፥ ዶንታን ገነ ኦሃመ ፋና ተቆ።
3c030b005a	ኢታ ባዝ ኦችዛኖ አሺ ሎኦ ባዝ ኦቾ፤ ሳሮትꬅ ኮዮን ካሎ።
3c030c00c7	ላꬄ ኣፈ ጽሉንꬃና በእነ፤ ማህ ኤ ኡባ ዎደ ኡን ዎስቶ Ꮉይዛነ። የዝን ላꬂ ኢታ ባዝ ኦችዙንꬃና ፋ ካች ስንቶ ቤዛነ» ያጋይዳ።
3c030d004d	ይን ሎኦ ባዝ ኦቾደስ አሙꬍኮ ይንታና ካዮደ ኦደ?
3c030e0091	መለ አቶ የዝን፥ ጽሎትꬅ ግሾ ይን ማꬍꬍኮ አንጅንትዱንꬃና። አስስ ዣሽትፐተን ይርግፐተ።
3c030f0117	ክርስቶሳ ይን ዎዝንተ ቦንቾተ፤ ይን ደእተ ላꬅ ማሆተ። ጾዚ ይንትስ እንግደ ኡፋይስቶ ኦጭዘ ኦደስን ማሄ እንጎደስ ኡባ ዎደ ጊጊ የዞተ፥ የዝን ይናን አዳትꬃራን ዣሽሞራ ማቀ።
3c031000c1	ማህ ክርስቶሳ ግዳ የዘ ሎኦ የስቶ ጫዥዘ አሱንꬅ ኢታ ባዝ ኦችደ ፋና፥ ይንታና ዝግርዛነ ኡን ዬልꬋደ ፋና ሎኦ ዎዝና የሰ።
3c03110076	ጾዘ ቆፋ ማቅኮ ኢታ ባዝ ኦቺ ማꬋ ኤክዛንፓ ሎኦ ባዝ ኦቺ ማꬋ ኤክዛና ሎኦ።
3c031200f1	ክርስቶሳ ኑና ጾዛጎ ሺሾደስ ፋስ ጽሎ ማቂ የዝተራ፥ ናጋራንቹንꬅ ግሾ ፈቲ ቶሄ ናጋራ ኡባስ Ꮉይቂዳ፤ ኤ አሾራ Ꮉይቂዳ፥ የዝን ጌሽ አያናራ ደኦ ማቅዳ።
3c03130064	ማህ የ አያንዘራ ኤ Ꮉንግ አች ኬꬃ የዘ ሸምፑንꬅስ ቃላ ኦህዳ።
3c031400eb	ኖሄ ማርካበ ኬጽዘ ዎደ የንꬅ ሸምፑንꬅ ጾዝስ ኪትንታንጽዳ፥ የዝን ጾዚ ኡንታና ዳንዳእዳ። ኦስፉን አስ ጻላላ ማርካበ ገሊ፥ ꬋብሰ Ꮉꬅትፓ አትዳ።
3c0315011d	የ ꬋብሰ Ꮉꬅዘ Ꮉተ ይንታና አሽዘ ጽንቃተ አዝዘ ማቅዳ። ይና ጽንቃታ ጋላ ꬎሃ ሜጨ ባይዝን ሎኦ ቆፋ ጾዛፓ ኤኮደስ ኡፋይስ ገልዘ ኦገ ማቂ፥ ክርስቶሳ ደንድት ባጋራ ይንታና አሻነ።
3c0316007c	ኤ ሳሎ ኡዲ ጾዘ ምዛቅተ በትን፥ ኪታንቹንꬅን፥ ዎልቃ አዱንꬅ ኤስ Ꮉርንትዳ።
3c040100fb	ይኒ ግሾ፥ ክርስቶሳ ፋ አሽተ ኑስ ማꬋ ኤክደ ግሾ ይንትን ይና ቆፍተ ሚንግ ጊግንቶተ። ክርስቶሳ ግሾ ጋእ ፋ አሽተ ማꬋ ኤክዘ አꬄ ናጋራ ኦቾስ ጋእ ጋቺ አሽዳ።
3c04020075	ይኬፓ አትደ ዎድተ ጾዘ ቆፋ ኦቾደስ ኮዮ ፋትን ኢታ አሾ አሞ ፎሎደስ ባያ።
3c040300f0	ቲኖ ይን አማኖሰ አሱንꬅ የዛን ፋና የዝዳ። ይን ኢታ አሞራ፥ ቃይጸራ፥ ማꬄራ፥ ቱናትꬅ ደንꬅꬅዘ የꬃራ፥ ቦርስዘ ኤቃ ጎይነራ ዛጋ የዝደ የስታ ማቃዳ።
3c0404007a	አማኖሰ አሱንꬃራ ይን ጌሻትꬅ ባይዘ ኦቻ ኦቾሰ ግሾ ጋማ ቆፒ ይንታና ጫዣነ።
3c0405007f	የዝን ኡን ፋጹንꬃላን Ꮉይቂደ አሱንꬃላ አፋ ፍርዶደስ የዘ ጾዘስ ማሄ እንጎዳ።
3c040600c3	Ꮉይቂደ አሱንꬅስ ዎንገለ ሳባክንትደ Ꮉኒ ግሾስ። ኡን አስ ፋና ፋ አሽተ ፍርድንቶዳ ማህ ፋና አያናራ ጾዘ ፋና ደኦ የሳዳ።
3c040700b8	ይኬ፥ ኡባ ባዝስ ዉርሱꬅታ ኡክዳ። ይኒ ግሾ፥ ሚንግ ዎሶደስ ዳንዳእንቶደ ፋና ዎፑ ጋይደ ዎዝና የሰ፤ ዎጋራ የዞተ።
3c04080070	ሲቆ ጋማ ናጋራ ጌንꬅዘ ግሾ ኡባፓ አꬂ ፈታይ ፈታያ ዎዝናፓ ሲቅንቶተ።
3c04090049	ዙዝንግካይዛራ ፈታይ ፈታያ ዛቆትꬃራ ሞኮተ።
3c040a00b2	ይን ጾዛፓ ዱማ ዱማ አꬎ ኬሃትꬅ እሞ ኤክዳን ፋና ይን ፈታይ ፈታያ ይና እሞቶ ቤዛን ፋና አይኪ ፈታይ ፈታያ ማዶ።
3c040b0148	የሱስ ክርስቶሳ ባጋራ ኡባ ባዛ ጾዚ ጋላትንቶደ ፋና ኦንን ኦህዘ ጾዛፓ ቃላ ኤክዳን ፋና ኦሆ። ማህ ኦደን ማድዘ ጾዚ ኤስ እንግደ ዎልቂት ፋና ማዶ። ቦንቾን ዎልቃን መꬍናፓ መዽና የሎደስ ኤስ ማቀ። አምንኤ።
3c040c0093	ታ ባጉንꬆ፥ ይንታና ታማ ፋና ፋታንዘ ማꬋ ግዳራ አꬍዘ ዎደ ክሌ ባዝ Ꮉንደ ፋና አꬂ ቆፕፐተ።
3c040d00a5	የዝን ኤ ቦንችታ ማህ ቆንጭዘ ዎደ ይን ኡፋይስታ ዳማ ማቃደ ፋና ክርስቶሳ ማꬍቶ ይን ኤክዛነ ኡፋይቶተ።
3c040e00b1	ክርስቶሳ ሱንꬅት ግሾ አስ ይንታና ጫዥዘ ዎደ ጾዘ ቦንቾ አያና ይንታላ አፋ ሸምፕዘ ግሾ ይን አንጅንትዱንꬃና።
3c040f00ca	ይንታፓ ኦንን ማꬋ ኤክዘ ሸምፖ ዎꬍዘ ፋና ዎይ ካይስትደ ፋና ዎይ ኢታ ኦችደ ፋና ዎይ ቤዞሰ ባዛ ገልዘ አስ ፋና ዪእ ማꬋ ኤክፐ።
3c04100086	ማቆ የዝን፥ ክርስታነ ማቂ ማꬍꬍኮ ክርስቶሳ ሱንꬅት ግሾ ጾዛ ጋላቶ ፋትን ዬልꬍፐ።
3c041100e5	ፍርዳ ጾዘ አሳላ ደንድዘ ዎደ የልዳ። ይኬ፥ ይና ፍርድታ ቲኒ ኑላ አፋ ደንድዘ ባዝ ማቅኮ፥ ጾዘ ዎንገለስ ኪትንቶሰ አሱንꬅ ዉርሱꬅታ አኮ ማቃደ?
3c0412006e	ጽሎ ኡንእንት አትዘባዝ ማቅኮ፥ ገኑንꬅን ናጋራንቹንꬅ ዬዝን ዋያደ?
3c041300a7	ይኒ ግሾ፥ ጾዘ ቆፋ ፋና ማꬋ ኤክዙንꬅ ፋ ሸምፖ Ꮉዳርቶ ፋና መꬍደ፥ አማንꬅዘ ጾዘስ እንግ ሎኦ ባዝ ኦቾ።
3c050100dc	ይኬ፥ ዎሳ ኬꬃ ጭሙንꬃራ ጭማ ማቅደ፥ ክርስቶሳ ማꬍቶ ማርክꬍዘ ቆንጮደስ የዘ ቦንቾ ሻክንቶደስ የዘ ታኒ፥ ይን ግዳ የዘ ጭሙንꬃና ዞራነ።
3c050200f9	ይንትስ አደትꬃራ እንግንትደ ጾዘ ዉድቶ የንጎተ። ጾዚ ኮይዛን ፋና ካ ራ ፋትን ኡንእ ራ የንግፐተ። ማህ ሚሸ ኮይ ባይዝን ካꬊ ማዶዳ ጋእ ሎኦ ቆፋራ የንጎተ።
3c0503006c	ይን አደትꬃፓ ኦሞራ የዘ ዉዱንꬅስ አዝዘ ማቆተ ፋትን ላꬂ ማቅፈተ።
3c0504006c	የንግዙንꬅ አዳይ ቆንጭዘ ዎደ ꬋቦሰ ቦንቾ ዎርቃ ዛዉደ ይን ኤኮዳ።
3c0505010b	ይኒ ፋናን፥ ናአትꬁንꬆ፥ ጭሙንꬅስ አቆተ። ይን ፈታይ ፈታይስ አዳ ማቆተ። ጌሽ ማጻፍተ፥ «ጾዚ ኡቱርትዙንꬃና እጻነ፥ የዝን አዱንꬅስ አꬎ ኬሃትꬅ እንጋነ» ያጋይዳ።
3c05060075	ጾዚ ፋ ዎደ ይንታና ቦንቾደ ፋና ዳማ ጾዘ ኩሸፋ ኦሞራ ይንታና ዝቂ ዪዞተ።
3c05070063	ኤ ይንትስ ቆፕዘ ግሾ ይንታና ይርግዘባዝ ኡባ ኤላ አፋ ኦሎተ።
3c050800a1	ይን ሞርክዘ ጻላሄ፥ ቆꬍዘባዝ ኮይ፥ ጋሞ ፋና ꬋዝተራ ይን ካለራ ዉትዘ ግሾ ይንታና ናጎተን ባርኮተ።
3c05090081	አላመ የዘ ይን እሹንꬅ ይኒ ጋር ማꬋ ኤክዛኖ ኤሪ፥ አማኖራ ሚንግ፥ ጻላሄ እጾተ።
3c050a0116	ፋ መዽና ቦንቾስ ክርስቶሳ የሱሳ ባጋራ ይንታና ጼግደ አꬎ ኬሃትꬅ ኡባ ጾዘ፥ ኤራꬅ ዎደስ ይን ማꬋ ኤክደፓ ሱባ፥ ኤ ፋ ኦምተ ይንታና አሾዳ፥ ካትሳዳ፥ ምንꬂ ኤሶዳ፥ ጻልሳዳ።
3c050b0047	መꬍናፓ መዽና የሎደስ ጾዚ ካእቶ። አምንኤ።
3c050c0139	አማንንትደ እሸ ጋእ ታ ኤክዘ ስላሰ ባጋራ Ꮉይ ኪትዛ ይንትስ Ꮉታራ ጻፍዳ። ታ ይኖ ይንትስ ጻፍዳና፥ ይንታና ዞሮደስን ጾዘ አꬎ ከሃትꬅታ ቱሮ ማቅዛኖ ማርክꬋደስ። ይና አꬎ ኬሃትꬅተ ሚንግ ኤቆተ።
3c050d009f	ይንታራ ዎላ ዶርንትደ ባብሎነ የዘ ዎሳ ኬꬃ አሱንꬅን ታ ናአይ ማርቆሳ ይንታና፥ «ሳሮ ሳሮ» ያጋነ።
3c050e00a3	ሲቆ ዬርንተ ዬርንትተራ፥ ፈታይ ፈታያ ሳርꬆተ። ክርስቶሳ ግዳ የዘ ይን ኡቡንꬅስ ሳሮ ማቀ። አምንኤ።
3d0000000e	2 ጴጥሮሳ
3d010100fb	የሱስ ክርስቶሳ ሐዋረን ኤ አሮ፥ ታኒ፥ ስሞን ጴጥሮሳ፥ ኑ ጾዘን ኑና አሽዘ የሱስ ክርስቶሳ ጽሎትꬅት ባጋራ ኑ ጋር አልኦ አማኖ ኤክዱንꬅስ Ꮉይ ኪትዛ ጻፍዳ።
3d0102005d	ጾዛን ኑ ላꬃ የሱሳ ኤረራ አꬎ ኬሃትꬅን ሳሮ ይንትስ ኩሞ።
3d010300c7	ፋ ቦንችተን ሎኦትꬅተ ኑኒ ሻክንቶደ ፋና ጼግደ ኤዛ ኤርዳነ ጾዘትꬅ ዎልቃ ኑኒ ጾዛ አዚ የሳደስ ኮሽዘ ባዝ ኡባ ኑስ እንግዳ።
3d01040102	ይን ኢታ አሞ ባጋራ መꬍንትዘ Ꮉና አላምተ የዘ ꬋብሰፓ ኬሲ ኤኮደ ፋናን ጾዘ ጾዘትꬅቶ ሻክንቶደ ፋና፥ Ꮉና እሞትꬅት ባጋራ ጋማ አልኦን ዳማ ኡፋይስ ኑስ እንግዳ።
3d01050072	ይኒ ግሾ፥ ሚንግ፥ ይን አማንትላ አፋ ሎኦትꬅ፥ ሎኦትꬃላ አፋ ኤራትꬅ፥
3d01060085	ኤራትꬃላ አፋ ፋና ናገ፥ ፋና ናገላ አፋ ገንጨ፥ ገንጨላ አፋ ጾዛ ኡፋይስ የስ የዘ፥
3d0107007a	ጾዛ ኡፋይስ የዘሳላ አፋ እሽትሞ ካ ፥ እሽትሞ ካ ላ አፋ አስ ኡባ ሲቀ ጉጆተ።
3d01080092	Ꮉን ስ ይንትስ ጋንግ የዝኮ፥ ላꬂ የሱስ ክርስቶሳ ኤረራ ማድዘ አስን ኣፈራ የዘ አስ ማቆዳ።
3d01090094	የዝን Ꮉን ስ ባይዘ ኦንን ኡከ የዘ ባዝ ጻላላ በእዘ ቆቀ። ኤ ፋ ቲኖ ናጋርትፓ ጌዥዳኖ ቦትዳ።
3d010a00c8	ይኒ ግሾ፥ ታ እሹንꬆ፥ ይን ጼግንቶን ይን ዶርንቶ ምንꬆደስ ካሰንፓ አꬂ ምንጎተ። ይን Ꮉን ሳና ኦችዘባዝ ማቅኮ፥ ꬉቡንታማ።
3d010b0097	ይነ ኑ ላꬃን ኑና አሽደ የሱስ ክርስቶሳ መዽና ካእቱሞ ገልዘ ኩሙꬅ ዎልቃ ይንትስ እንግንቶዳ።
3d010c00c3	ይኒ ግሾ፥ ይን Ꮉን ሳና ኤርዘ ባዝን ይና አይክደ ቱርተ ሚንግ የዘ ባዝ ማቅኮ፥ ታኒ Ꮉን ሳና ኡባ ዎደ ይንታና ቆፍዘ አሾስ።
3d010d0067	ታኒ ሸምፖራ የዘ ዎደ ኡባ ይንታና ቆፍዛና ኮሽዘ ባዝ ጋእ ቆፓነ።
3d010e0092	ኑ ላꬄ የሱስ ክርስቶሳ ታስ ቆንጭዝዳን ፋና ታኒ Ꮉና Ꮉይቅዘ ጋልቶ ጋሪ ኦሊ ቅቶዳኖ ኤራነ።
3d010f0092	ታኒ ይንታፓ ሻክንትኮን ይን Ꮉን ሳና ኡባ ዎደ ቆፖደ ፋና ታስ ዳንዳእንትዘ ባዝ ኡባ ኦቾዳ።
3d011000ae	ኑኒ ላꬄ ክርስቶሳ ዎልቃን ኤ የእቶ ይንትስ ኦህዘ፥ ኤ ዳማ ቦንችቶ ኑ ኣፍተ ብእዳ ፋትን መꬊ ኬስደ ቶሴ ባያ።
3d011100bb	ዳማ ዎልቃማ ቦንቾፓ፥ «ታና ኡፋይስዘ፥ ታ ካዽዘ ናአይ Ꮉያ» ጋዘ ቃላ ኦꬅ ይእደ ዎደ ጾዘ አደፓ ቦንቾን ጋላታ ኤክዳ።
3d0112006c	ኑኒ ጌሽ ደረላ አፋ ኤራ የዘ ዎደ ይና ቃላ ኦꬅ ሳሎፓ የእዝን ስእዳ።
3d0113011d	ኑስ Ꮉንፋ አꬍዘ አማንንትደ ትንቢተ ቃላ የነ። ሳአ ዎንቶደ ዎንꬅስን ጎልጸ ይን ዎዝንተ ዶሎደ ዎንꬅስ፥ ꬉማ በሳ የዘ ፎኦስ አስ ናግንትዘ ፋና፥ ይን Ꮉና ቃልቶ ናግኮ ሎኦ ኦቻነ።
3d0114009b	ኡባፓ ቲኖ Ꮉኖ ኤሮተ። ጌሽ ማጻፍተ ጻፍንትደ ትንቢተ ቃላ ኦደን ፋ ኮይደ ፋና ብሎደስ ዳንዳኦስ።
3d0115008a	ትንቢተ ኡባ፥ ጾዘ ኪትደ አሱንꬅ ጌሽ አያና ካልꬅን፥ ኦህዳ ፋትን አስ ቆፋራ ኦህካያ።
3d02010132	የዝን ዎርዶ ናቡንꬅ ዛጋ ዎደ አሱንꬅ ግዳ የዛን ፋና Ꮉተን ዎርዶ አስታማሩንꬅ ይን ግዳ ደንዶዳ። ኡን ፋና ዎዝደ፥ ላꬃ ካዲ፥ ꬋብስዘ ዎርዶ ትምርተ ኮኦዳ። ይነ ኡን ፋላ አፋ ኤልሲ ꬋበ ከእነ።
3d02020074	ጋማ አሱንꬃና ዬልዘ ኡን ኢታ ኦገ ካሎዳ፤ ኡን ባጋራ ቱሪ ኦገ ጫዥንቶዳ።
3d020300e7	ዎርዶ አስታማሩንꬅ ሚሸ ዥምባርት ፋ ፋስ መꬊ ኬስደ ታሪከር ይንታና ቦንቆዳ። ዛጋፓ ደንꬂ ኡንትስ ፍርዳ ጊጊ በቲ የነ፤ ኡንታና ꬋበ ናጊ በትዳ።
3d02040099	ናጋራ ኦችደ ኪታንቹንꬅስ ጾዚ ይቅስንታንጽ፥ ፍርዳ ቃማ የሎደስ ጋናመ ꬉማ ዶቻ ኡንታና ኦልዳ።
3d020500e9	ይኒ ፋናን፥ ጾዚ ጽሎትꬅባዝ ኦህዘ ኖሄን መለ ላፑን አሱንꬃና አሺ፥ ጾዛ ጎይኖሰ አሱንꬅ የዘ ዛጋ አላምቶ ይቅስንታንጽ ꬋበ Ꮉꬃር ꬋብሲ ማርካያ።
3d02060080	ናጋራ ኦችዙንꬅስ አዝዘ ማቃደ ፋና ሶዶማን ጋሞራ ካታምቶ ቡዶ ማህ ኤꬂ ꬋብስዳ።
3d0207007d	ህገስ ኪትንቶሰ ኦላለ Ꮉንትዘ አሱንꬅ ግዳ ዋይንት የዝደ ጽሎ ሎጠ ጾዚ አሽዳ።
3d020800b2	የ ጽሎ አꬄ ኡን ግዳ የዝተራ፥ ኡን ኦችዘ ኢታ ኦችቶ ኡባ ዎደ ብእደ ዎደን ስእደ ዎደ ኤ ሎኦ ዎዝንታ ኡንእንታነ።
3d020900e7	ይኖ ማቅኮ፥ ላꬂ፥ ፋና ጎይንዘ አሱንꬃና ፋታናፓ ዋይዝ አሾድ የዛኮ፥ ማህ ናጋራንቹንꬃና ፍርዳ ቃማ የሎደስ ዋይዝ ሴርተራ ናግሳድየዛኮ ኤራነ።
3d020a0141	ኡባፓ አꬂ ቱና አሞራ አሾ ቆፋ ካልዙንꬃናን ጾዘ አደትꬅ ዎልቃ ቦርዙንꬃና፥ ፍርዳ ቃማ የሎደስ ላꬂ ናግዝዳ። የንꬅ አሱንꬅስ ዎዝና ምንꬅን ኡቱርትዙንꬃና ማቅደ ግሾ ሳሎ መ ቱንꬃናን ጫዥተራ ዣሽቶስ።
3d020b00cb	የዝን ኪታንቹንꬅ ዎርዶ አስታማሩንꬃፓ ዎልቃራን ጻላትꬃራ ጋማ አꬋነ የዝን ላꬄ ቲኖ አደትꬅ ዎልቃ የዘ ሳሎ መ ቱንꬃና ጫዦስ።
3d020c00ea	የዝን የንꬅ አሱንꬅ ፋ ኤሮሰ ባዛ ገሊ ጫዣነ። ኡን አይክንቶደስን Ꮉይቆደስ ጊግንትደ፥ ዎዝና ባይዘ ጾꬅ ፋና Ꮉናነ፤ ኡንትን ጾꬅ ፋና ጨር ꬋቦዳ።
3d020d0118	ኡን ናጋራ ኦችደ ግሾ ፋ ኦችቶ ኤኮዳ። አዋራራ ማꬅንት የጽተራ ዶልዛኖ ኡፋይስ ባዝ ጋእ ቆፓነ። ኡን ቦርንቲ ቱና ማቂ ይንታራ የዝተራ ይንታራ ሻክንትዘ ሲቆ ሞክተራ ኡፋይታነ።
3d020e010c	ኦላለ Ꮉንታ ኩምደን ናጋራ አሾሰ ኣፈ የነ፤ ማህ ናጋራ ኦችዛኖ አሾስ። አማኖራ ምንግካይዘ አሱንꬃና ጭማነ። ኡንትስ ኡባ ዎደ አሙꬍዘ ዎዝና የነ፤ ኡን ባድንትዱንꬃና።
3d020f0078	ኡን ሉለ ኦገ አሺ፥ ገነ ሚሸ ይቅስንቲ ባልደ፥ ብኦራ ናአ ባላማ ኦገ ካልዳ።
3d02100091	ኤ ፋ ናጋርት ግሾ ሴርንትዳ፤ ኦሆደስ ዳንዳኦሰ Ꮉርታ አስ ፋና ኦህ ናብዘ ኤያትꬅቶ ተቂዳ።
3d02110096	የንꬅ አሱንꬅ መልደ Ꮉꬅ ኣፈ ፋናን ዡባ ቶኪ ካንግዘ ꬎነ ፋና፤ ኡንታና ናግዘ ልንጽ ዪደ ꬉማ።
3d021200da	ኡን ጨር ኡቱራ ቃላ ኦህንትተራ ኢታ ባዝ ኦቺ የዘ አሱንꬅ ግዳፓ ኬዚ Ꮉጋ ሚንግካይዘ አሱንꬃና ኦላለ Ꮉንታራን አሾ አሞራን ጭሚ ባልꬃነ።
3d021300c0	ኡን ፋስ ꬋበ አሮትꬃ የዝተራ መሉንꬃጎ፥ «ይን አሮትꬃፓ ኬሳዳ» ያጋነ። አኮስ ጋይኮ፥ አስ ፋ ጋምንትደ ባዝ ኡባስ አሮ።
3d021400ef	ኡን አሽዘ ኑ ላꬄ የሱስ ክርስቶሳ ኤሪ Ꮉና አላመ ቱናትꬅትፓ ኬሲ ኤክደፓ ሱባ፥ ማህ ቃጽንት ጋምንትኮ ቲኖ የዘ የስትፓ ሱባና ኡንትስ ዎዝ ኢታ ማቃዳ።
3d0215007e	ኡን ጽሎትꬅ ኦገ ኤሪ ማቂ አሽዛንፓ ቲኖ ጌሽ ኪቶ ኤርካይዛኮ ኡንትስ ሎኦ የሻ።
3d021600cf	«ካና ፋ ጮሻጎ ሱብ ማቃነ» ማህ፥ «ሜጭንትደ ጉዳይለ ሱብ ማቂ ሎቃ ግዳ ጎልእንታነ» ጋዘ አዝዘ ቱሮ ማቅዛና ኡንታላ አፋ ፎልንትዳ።
3d030100ec	ታ ሲቁንꬆ፥ Ꮉይ ታ ይንትስ ጻፍደ ዳብዳብዘ ላምእንꬃ። ታኒ Ꮉንꬅ ላምእ ዳብዳቡንꬃና ይንትስ ጻፍደ፥ ይን ሉለ ቆፋ ቆፖደ ፋና ይንታና ደንꬅꬆደስ።
3d030200a9	ማህ ጌሽ ናቡንꬅ ዛጋ ኦህደ ቃላራን ኑና አሽዘ ላꬄ፥ ሐዋሩንꬅ ባጋራ ኪትንትደ ኪቶ ይን ኦቾደ ፋና ኮያነ።
3d03030085	ኡባፓ ቲንꬊ፥ ዎደ ዉርሱꬅተ ፋ አምቶ ካልዙንꬅን ቦርዙንꬅ ቦርተራ ዮኦዳኖ ኤሮተ።
3d030400c6	ኡን፥ «ላꬂ የሱሳ ዮኦዳ ጋይዳና አባ የነ? ኑ አዱንꬅ Ꮉይቂዳ፥ የዝን ኡባ ባዝ ሳአ መꬍንትደፓ ደንꬂ የዛን ፋና የነ» ያጋነ።
3d030500ae	ጋማ ዎደፓ ቲኖ ሳሎ ጾዘ ቃልተ መꬍንትዳኖ፤ ማህ ሳአ Ꮉꬃፓ መꬍንትዳኖን Ꮉꬅ ግዳ መꬍንትዳኖ ኤርተራ ካዳነ።
3d03060045	ይና ዎድተ የዘ ሳእታ Ꮉꬃራ ቆꬍንት ꬋብዳ።
3d030700be	የዝን Ꮉተ የዘ ሳልታን ሳእታን፥ ጾዘስ ጎይኖሱንꬅ ፍርድንትዘ ቃማን ꬋቦደ ቃማ የሎደስ ይና ቃልተ ታማስ ናግንቲ የነ።
3d030800b6	የዝን ታ ሲቁንꬆ፥ ላꬄ ካለ ፈቲ ቃማ ሙኩል በረ ፋና ማቅዛኖ ሙኩል በረ ፈቲ ቃማ ፋና ማቅዛኖ Ꮉኖ ፈቲ ባዝ ቦትፐተ።
3d030900f7	ፈተ ፈተ ጋምእዳ ጋእ ቆፕዛኒ ፋና፥ ላꬂ ፋ ኡፋይስ ቃልት ግሾ ጋምኦስ። የዝን ኦደን ꬋባመ ፋና ኮይ ኡቡንꬅ ፋ ናጋርትፓ ማቃደ ፋና ይን ግሾ ጋእ ዳንዳአነ።
3d030a00d9	የዝን ላꬄ ቃምታ ካይዞ ፋና ዮኦዳ። ይና ቃምተ ሳሎ ዳማ ꬎገራ ꬋቦዳ፤ ሳሎ መ ቱንꬅ ታማራ ኤጽንቶዳ፤ ሳአን እዝላ አፋ የዘ ኡባና ꬋቦዳ።
3d030b00c0	ይኬ፥ ኡባ ባዝ ይኒ ጋር ዪእ ꬋብዘባዝ ማቅኮ ይን ዋኮ የዘ አስ ማቃደስ ቤዘ? ይን ጌሽን ጾዚ ኡፋይስዘ የሲ የሳደስ ቤዛነ።
3d030c0109	ይን ቲኖራ የእዘ ጾዘ ቃምቶ ናግተራ ይንትስ ዳንዳእንትዘ ባዝ ኡባ ኦቺ ይና ቃምቶ ኤልስዞተ። ይና ቃምተ ሳሎን እዘ የዘ ባዝ ታማራ ኤጽንቶዳ፤ ዳማ ታማ ምቻራ ትልኦዳ።
3d030d0075	የዝን ኑኒ ጽሎትꬅ የዘ ክለ ሳሎን ክለ ሳአ ጾዘ ኡፋይስ ቃልት ጋር ናጎዳ።
3d030e00a9	ይኒ ግሾ፥ ታ ሲቁንꬆ፥ ኑ ይና ቃምቶ ናግዘ ግሾ ዬላን ቦረ ባይዙንꬃና ማቂ፥ ላꬃራ ሳሮራ የሳደስ ምንጎተ።
3d030f00cd	ይን አቶደ ፋና ኮይ ላꬂ ዳንዳኤዛኖ ቦትፐተ። ማህ ኑ ሲቆ እሻይ፥ ጳዉሎሳ፥ ጾዚ ኤስ እንግደ ጭንጫትꬃራ ይኒ ፋና ይንትስ ጻፍዳ።
3d0310011d	ኤ ፋ ኪትተ ኡባ የንꬅ ባዝቶ ጻፍዳ። ኤ ዳብዳብት ግዳ ቆፖደስ ዋይꬅዘ ቆፋ የነ። ታማርካይዘን ሚንግካይዘ አሱንꬅ መለ ጾዘ ቃልቶ ዎቢዛን ፋና Ꮉና ኪቶን ፋስ ꬋቦደስ ማች ዎቢዛነ።
3d031100c3	ይኒ ግሾ፥ ታ ሲቁንꬆ፥ ይን ይኖ ኤርዘ ግሾ ገኑንꬅ ባላራ ጭምንቲ፥ ꬋባመ ፋናን ሚንግ የዘ ባስትፓ ጎልአመ ፋና ናግንቶተ።
3d031200be	የዝን ኑና አሽዘ ኑ ላꬄ፥ የሱስ ክርስቶሳ አꬎ ኬሃትꬃራን ኤራትꬃራን ድጮተ። ኤስ Ꮉተን መꬍናን ቦንቾ ማቀ። አምንኤ።
3e0000000e	1 ዋሐንሳ
3e0101009f	ኑ ቲኖፓ ደንꬂ የዘ፥ ኑ Ꮉይትራ ስእዳ፥ ኣፍተ ብእዳ፥ ኑ ኩሽተ ቦችዳ አንጆ ቃላባዝ ይንትስ ጻፋነ።
3e010200c3	ይና ደኦ እንግዘ ቆንጭን፥ ኑኒ ኤዛ ብእ፥ ኤ ባዝ ማርክꬋነ። አዳይ ካለ የዘ ኑስ ቆንጭን፥ መዽና ደኦባዝ ይንትስ አዋጃነ።
3e010300e0	ኑራ ይንትስ ፈተትꬅ የሳደ ፋና ኑ ብእዳኖን ስእዳኖ ይንትስ ኦህነ። ኑስ ፈተትꬅ የዛን ፋና አዳይራን ኤ ናአ የሱስ ክርስቶሳራ ፈተትꬅ የነ።
3e0104004c	ኑ ኡፋይስታ ሙሎ ማቃደ ፋና ይኖ ይንትስ ጻፎዳ።
3e0105007d	ኑኒ ኤፓ ስእደ፥ ይንትስ ኦህዘ ኪታ Ꮉኖ፦ «ጾዚ ፎኦ፤ ኤ ግዳ ꬉማ ባያ» ጋዛኖ።
3e01060088	ኑ ኤራ ፈተትꬃ የነ ያጋእተራ ꬉማ የዝኮ፥ ኑ ኦህተን ኑ ኦችተ ዋርድꬋነ ቱረትꬅ ባያ።
3e010700c2	የዝን ፎኦ ኤ ማቅዳን ፋና፥ ኑንን ፎኦ የዝኮ፥ ኑስ ዎል ግዳ ፈተትꬅ የነ። ኤ ናአይ፥ የሱስ ሱꬅታ ናጋራ ኡባፓ ኑና ጌሻነ።
3e01080061	ኑኒ፥ ኑራ ናጋራ ባያ ጋይኮ ኑ ኑና ጭማነ፤ ኑራ ቱረትꬅ ባያ።
3e010900b9	የዝን ጾዝስ ኑ ናጋርቶ ቡጽኮ፥ ኤ ኑ ናጋርቶ አቶ ጋዉደስን ኑ ባላ ኦቻ ኡባንፓ ኑና ጌሾደስ፥ አማንንትዳያን ጽሎን።
3e010a006b	ኑኒ ናጋራ ኦችካያ ጋይኮ ጾዛ ዎርዶ ማህነ፤ ኤ ቃልታን ኑ ግዳ ባያ።
3e020100cf	ታ ናኡንꬆ፥ ናጋራ ይን ኦቻመ ፋና ታኒ Ꮉኖ ይንትስ ጻፋነ። የዝን ኦንን ናጋራ ኦችኮ አደ ካለ ኑስ ጻባቀ ጽሎ የሱስ ክርስቶሳ የነ።
3e02020091	ኑ ናጋርታ ክርስቶሳ ባጋራ አቶ ጋእንትዳ። ኤ ኑ ናጋርት ጻላላስ ባይዝን አስ ኡባ ናጋራስ።
3e02030054	ኑኒ ጾዘ ኪታ ፎልኮ፥ ሶኤ ባይꬅ፥ ቱሮ ኑ ኤዛ ኤራነ።
3e0204008a	ኦንን፥ «ታ ኤዛ ኤራነ» ጋእተራ፥ ኤ ኪቶ ፎላንጽኮ የ አꬄ ዎርዶ፤ ቱረትꬅ ኤ ግዳ ባያ።
3e020500c6	የዝን ኤ ቃልትስ ኦንን ኪትንትዘባዝ ማቅኮ የ አꬄ ጾዘ ሲቅታ ኤ ግዳ ፎሎ ማቃነ። ኑኒ ጾዛራ የዛንስ ይና ፋ ኦምተ ቱሪ ማርካ።
3e02060070	ታኒ፥ «ጾዛር የነ» ያጋዘ ኦንን ክርስቶሳ የዝዳን ፋና የሳደስ ቤዛነ።
3e020700ae	ታ ሲቆ እሹንꬆ፥ ታኒ ይንትስ ቲኖፓ የዘ ጋልአ ኪታ ጻፋነ ፋትን ክለ ኪታ ጻፎስ። ይናን ይን ስእደ ጋልአ ኪታ።
3e020800a3	ማቅኮን፥ ክርስቶሳ ግዳን ይን ግዳን ቱሮ ማቂ የዘ፥ ክለ ኪታ ጻፋነ። ꬉማ አꬍን፥ Ꮉተ ቱሪ ፎኦ ፎአነ።
3e0209005e	«ፎኦ የነ» ጋእተራ ፋ እሻያ እጽዘ ኦንን፥ Ꮉተን ꬉማ የነ።
3e020a0066	ፋ እሻያ ካዽዘ ኦደን ፎኦ የነ። የ አꬃ መለ ኤዛ ꬉብዘ ባዝ ባያ።
3e020b00a0	የዝን ፋ እሻያ እጽዘ ኦደን ꬉማ የነ፤ ꬉማ Ꮉንታነ። ꬉማ ኤ ኣፍቶ ጎዝደ ግሾ አባ Ꮉንግዛኮን ኤሮስ።
3e020c0090	ታ ናኡንꬆ፥ ክርስቶሳ ሱንꬅት ባጋራ ይን ናጋርታ ማሮትꬅ ደንግደ ግሾ ታኒ ይንትስ ጻፋነ።
3e020d00ae	አዱንꬆ፥ ቲኖፓ የዘ፥ ኤዛ ይን ኤርደ ግሾ ይንትስ ጻፋነ። ናአትꬁንꬆ፥ ጻላሄ ይን ጋምደ ግሾ ይንትስ ጻፋነ።
3e020e013f	ናኡንꬆ፥ ጾዛ ይን ኤርደ ግሾ ይንትስ ጻፋነ። አዱንꬆ፥ ቲኖፓ የዘ ኤዛ ይን ኤርደ ግሾ ይንትስ ጻፋነ። ናአትꬁንꬆ፥ ይን ጎባ ማቅደ ግሾ ጾዘ ቃላ ይንታራ የዘ ግሾን ጻላሄ ይን ጋምደ ግሾ ይንትስ ጻፋነ።
3e020f0077	አላመ ዎይ አላመ የዘ ባዝ ካꬍፐተ። አላመ ካዽዘ ኦንን ጾዘ አዳያ ካꬎኦስ።
3e0210009f	አላመ የዘ ኡባና፥ አሾ አሞትꬅ፥ ኣፈ ብእ አሙꬍዘ ባዝን ሚሸራ ጬቅንተ አላመ ባዝ ፋትን ጾዛፓ ባያ።
3e0211007b	አላመን አላመ አስ አሞ ኡባ አꬎዳ፥ የዝን ጾዘ ቆፋ ኦችዘ ኦደን መዽና የሳዳ።
3e02120129	ታ ናኡንꬆ፥ ዎደ ዉርሱꬅታ ኡክዳ። ክርስቶሳ እጽዘ ቲኖፓ ዮኦዳኖ ይን ስእዳን ፋና መለ አቶ የዝን፥ Ꮉተን ኤ ሞርኩንꬅ ጋሙንꬅ ደንድዳ። ይኒ ግሾ፥ ዎደ ዉርሱꬅታ ኡክዳኖ ኑኒ ይነ ኤራነ።
3e021300ef	የንꬅ ሞርኩንꬅ ኑ ባጋ ማቆሰ ግሾ ኑ ግዳፓ ከዝዳ። ኡን ኑ ባጋ የዛኮ ኑ ግዳ የሳዳ፥ የዝን ኡንታፓ ኦንን ኑ ባጋ ማቆሳና ኤርንቶደ ፋና ኑ ግዳፓ ከዝዳ።
3e0214007d	የዝን ክርስቶሳ ይንታላ አፋ ጌሽ አያና ጉስዳ፤ ማህ ይን ኡቡንꬅ ቱርቶ ኤራነ።
3e021500bf	ቱርቶ ይን ኤርዘ ግሾን ቱሪ ግዳ አኮን ዎርዶ ባይዛኖ ይን ኤርዘ ግሾ ታኒ ይንትስ ጻፋነ ፋትን ቱርቶ ይን ኤሮሰ ግሾ ባያ።
3e021600c1	የሱሳ፥ ጾዚ ትዥዳያ ባያ ጋእ ካድዘ አሱንꬃፓ መለ ዎርዶ ኦህዘ ኦደ? ኤዚ ክርስቶሳ እጽዛ። ኤ ናአያ ካድኮ አዳያን ካዳነ።
3e02170079	ናአያ ካድዘ ኦደስን አዳይ ባያ፤ ማህ ናአይስ ማርክꬍዘ ኦደስን አዳይ የነ።
3e021800c9	ይኒ ግሾ፥ ቲኖ ይን ስእዘ ቃልቶ ይን ዎዝንተ ምንꬂ ናጎተ። ቲኖ ስእዳኖ ይን ናግኮ ይንትስ ናአይራን አዳይራን ፈተትꬅ የሳዳ።
3e0219003a	ይናን ክርስቶሳ እንግደ መዽና ደኦ።
3e021a0055	ይንታና ባልስዘ አሱንꬅ ግሾ ታኒ Ꮉኖ ይንትስ ጻፍዳ።
3e021b021e	የዝን ክርስቶሳፓ ኤክደ አያና ይን ግዳ የዘ ግሾ መለ አስታማረ ኮሾስ፥ ኤ ኡባ ባዝ ታማርሶዳ፥ ታማርስዛናን ቱሮ ፋትን ዎርዶ ባያ። ይኒ ግሾ ጌሽ አያና ይንታራ የዘ ግሾ ኦንን ይንታና ታማርሰ ቤዞስ። የዝን ኤ አያና ትዠ ኡባ ባዝ ይንታና ታማርስዛን ፋና ቱሮ ፋትን ዎርዶ ባያ። ይኒ ግሾ ጌሽ አያና ይንታና ታማርስዳን ፋና ክርስቶሳ ግዳ የዞተ።
3e021c00a9	ይኬ፥ ታ ናኡንꬆ፥ ኤ ቆንጭዘ ዎደ ኑኒ ዣሽሞ ባይꬅ ኤ የእዘ ቃማ ኤ ቲኖ ኑ ዬላራ አችንታመ ፋና ኤር የዞተ።
3e021d0074	ክርስቶሳ ጽሎ ማቅዛኖ ይን ኤርኮ ጽሎ ኦችዘ ኡባ ጾዘ ናአ ማቅዛኖ ኤሮተ።
3e030100dc	ኑ ጾዘ ናኡንꬃና ጋእንት ጼግንቶደ ፋና ጾዚ ኑና አኮ ፋና ካꬍዛኮ ቦኦተ። ኑ ቱሮ ጾዘ ናኡንꬃና። Ꮉና አላምታ ጾዛ ኤሮሰ ግሾ ኑናን ኤሮስ።
3e030200e6	ታ ሲቁንꬆ፥ Ꮉተ ኑ ጾዘ ናአ፤ ኑ ዋያድየዛኮ Ꮉጋ ኤርንትካያ። የዝን ክርስቶሳ ቆንጭዘ ዎደ ኑ ኤ ፋና Ꮉኖዳኖ ኤራነ። ኤ ቱርታ የዛኖ ኑኒ በአዳ።
3e0303008c	ክርስቶሳ በአዳ ጋእ ኡፋይሳር ናግዘ ኦንን፥ ክርስቶሳ ጌሽ ማቅዛንፋና ፋ ኦምቶ ጌሻነ።
3e03040061	ናጋራ ህገ ላለ ማቅዘ ግሾ ናጋራ ኦችዘ ኡባ ጾዘ ህግቶ ላላነ።
3e03050072	ክርስቶሳ አስ ናጋራ ꬋብሶደስ ቆንጭዳኖ ይን ኤራነ፤ ኤዛራ ናጋራ ባያ።
3e0306008a	ክርስቶሳ የዘ ኦንን ናጋራራ የዞስ። ማህ ናጋራራ የዘ ኦንን ኤዛ ብእካያ ዎይ ኤርካያ።
3e0307008a	ታ ናኡንꬆ፥ ይንታና ኦንን ባልꬅፐ። ክርስቶሳ ጽሎ ማቅዳን ፋና ጽሎ ኦችዘ ኦንን ጽሎ።
3e030800c4	ጻላሄ ቲኖፓ ናጋራ ኦችዘ ግሾ ናጋራ ኡባ ዎደ ኦችዘ ኦንን ጻላሄ እግና። ይኒ ግሾ፥ ጾዘ ናአይ ጻላሄ ኦቻ ꬋብሶደስ ቆንጭዳ።
3e030900bf	ጾዘ ናኡንꬃና ማቅደ ኦንን ጾዘ አያና ኤዛር የዘ ግሾ ኤ ኡባ ዎደ ናጋራራ የዞስ። ጾዚ ኤስ አደ ማቅደ ግሾ ናጋራራ የዞስ።
3e030a00b3	ጾዘ ናኡንꬅን ጻላሄ ናኡንꬅ ዱማተꬅታ Ꮉነ ኤርንታነ፤ ጽሎ ኦቾሰ አስ ዎይ ፋ እሻያ ካꬎኦሰ አስ ጾዘ ናአ ማቆስ።
3e030b0061	ቲኖፓ ይን ስእደ ኪታ፥ «ፈተ ፈታያ ካꬎደስ ቤዛነ» ጋዘ ኪታ።
3e030c00fe	ኑኒ ቃኤላ ፋና ማቆደስ ቤዞስ። ቃኤላ ጻላሄ እግና ማቂ ፋ እሻያ ዎꬍዳ። ኤ ፋ እሻያ አኮስ ዎꬍዶ? ኤ ኦችታ ኢታ ማቅደ ግሾን ኤ እሻይ ኦችታ ሎኦ ማቅደ ግሾ ዎꬍዳ።
3e030d005f	ታ እሹንꬆ፥ Ꮉና አላመ አሱንꬅ ይንታና እጽኮ ጋማ ቆፕፐተ።
3e030e00a6	ኑኒ ኑ እሹንꬃና ሲቅዘ ግሾ Ꮉይቆፓ ደኦ ፊንግዳኖ ኤራነ። ፋ እሻያ ካꬎኦሰ ኦንን Ꮉይቆ ዳሾ ግዳ የዛነ።
3e030f0095	ፋ እሻያ እጽዘ ኦንን ሸምፖ ዎꬍዛያ። ማህ ሸምፖ ዎꬍዘ ኦደስን መዽና ደኦ ባይዛኖ ይን ኤራነ።
3e031000c2	ክርስቶሳ ፋ ሸምፕቶ ኑ ግሾ አꬂ እንግዳነ ሲቆ አኮ የዛኮ ኑ ኤርዳ። ኑንን ኑ እሹንꬅ ግሾ ኑ ሸምፕቶ አꬂ እንጎደስ ቤዛነ።
3e031100c0	የዝን Ꮉና አላምተ ቆሎ የዘ ኦንን ማꬍꬍዛ ብእተራ፥ ኤስ ይቅስንታንጽኮ ፋ ዎዝንተ ጾዘ ሲቆ የነ ጋዉደስ ዋይዝ ዳንዳኦደ?
3e031200bf	ታ ናኡንꬆ፥ ኑ ኦቻራን ቱረትꬃራ ኑ ሲቅቶ ቆንጭሳደስ ቤዛነ ፋትን Ꮉሪ ኦሄ ጻላላራ ዎይ ዶና ጻላላራ ሲቅንቶደስ ቤዞስ።
3e03130082	ኑኒ ፈተ ፈታያ ሲቅኮ፥ ይነ ኑኒ ቱሪ ባጋ ማቅዛኖ ኤራነ፤ ይንስ ጾዘ ቲኖ ዬልꬎስ።
3e03140093	ኑ ዎዝንታ ኑላ አፋ ፍርድዛ ማቅኮ፥ ጾዘ ኑ ዎዝንትፓ ዳማ ማቅዛኖ ኤራነ፤ ኤ ኡባ ባዝ ኤራነ።
3e0315006e	ታ ሲቁንꬆ፥ ኑ ዎዝንታ ኑላ አፋ ፍርድዛ ማቅኮ ኑኒ ጾዘ ቲኖ ዣሽቶስ።
3e03160080	ኑኒ ኤ ኪቶ ናግዘ ግሾን ኤዛ ኡፋይስዘ ባዝ ኦችዘ ግሾ ዎስዘ ባዝ ኡባ ኤፓ ኤካነ።
3e031700a9	ክርስቶሳ ኑና ኪትዳን ፋና ጾዘ ናአያ የሱስ ክርስቶሳ አማኖደ ጋራን ፈተ ፈታያ ሲቆደ ፋና ጾዚ ኑና ኪትዳ።
3e031800a8	ጾዘ ኪታ ናግዘ ኦንን ጾዛራ የነ፤ ጾዝን ኤራ የነ። ጾዚ ኑስ እንግደ ጌሽ አያና ባጋራ ኤ ኑራ የዛኖ ኤራነ።
3e040100c5	ታ ሲቁንꬆ፥ አያና ኡባ አማንፐተ፥ የዝን ኡን ጾዛፓ የዛኮ ቁርች ቦኦተ። አኮስ ጋይኮ፥ ጋማ ዎርዶ ናቡንꬅ አላመላ ደንድዳ።
3e0402009c	የሱስ ክርስቶሳ አስ ማቂ ይእዳኖ አማንዘ አስ ኡባ ጾዘ አያና፤ ጾዘ አያና ማቅዛኖ ይን ይነ ኤሮዳ።
3e04030104	ክርስቶሳ አስ ማቂ ይእዳኖ አማኖሰ አስ ግዳ ጾዘ አያና ባያ። የይኒ ክርስቶሳ እጽዘ አያና። ይን የ አያንዘ የኦዳኖ ቲኖ ስእዳ፤ ኤ መለ አቶ የዝን Ꮉተን አላመ የነ።
3e040400be	ታ ናኡንꬆ፥ ይን ጾዝስ። ይን ግዳ የዘ ጌሽ አያና አላመ የዘ አያናፓ ዳማ ዎልቃማ ማቅደ ግሾ ዎርዶ ናቡንꬃና ይን ጋምዳ።
3e04050092	ኡን Ꮉና አላምት አስ ማቅደ ግሾ Ꮉና አላምትባዝ ኦህነ፤ Ꮉና አላምት አስ ኡን ኦህቶ ስእነ።
3e040600b4	ኑኒ ጾዛፓ፤ ጾዛ ኤርዘ ኦንን ኑና ስእነ። ጾዛ ኤሮሰ ኦንን ኑና ስኦስ። ኑኒ ቱሪ አያናን ዎርዶ አያና ይነ ሻካነ።
3e040700a3	ታ ሲቁንꬆ፥ ሲቆ ጾዛፓ ይእዘ ግሾ አነ ፈታይ ፈታይራ ሲቅንቶተ። ሲቅዘ ኦንን ጾዘ ናአ፤ ኤ ጾዛ ኤራነ።
3e04080046	ጾዚ ሲቆ ማቅዘ ግሾ ሲቆሰ ኦንን ጾዛ ኤሮስ።
3e040900a8	ኑኒ ክርስቶሳ ባጋራ ደኦ ደንጎደ ፋና ጾዚ ፋ ፈቲ ናአያ Ꮉና አላምተ ኪትዳ። ጾዚ ኑና ፋ ሲቅቶ ይነ ቤዝዳ።
3e040a00cd	ቱሪ ሲቆ ጋዛና ይኬ፦ ኑኒ ጾዛ ሲቅደ ግሾ ባይዝን ጾዚ ኑና ሲቅደ ግሾን ኑ ናጋርት ግሾ ዣርሽንት ኑና ማሮደስ ፋ ናአያ ኪትደ ግሾ።
3e040b0071	ታ ሲቁንꬆ፥ ጾዚ ኑና Ꮉኒ ጋር ሲቅኮ፥ ኑንን ፈተ ፈታያ ሲቆደስ ቤዛነ።
3e040c0087	ጾዛ ብእደ ኦንን ባያ። ኑ ፈተ ፈታያ ሲቅኮ ጾዚ ኑራ የነ፤ ኤ ሲቅታን ኑላ ፎሎ ማቃነ።
3e040d007c	ጾዚ ፋ ጌሽ አያና ኑስ እንግደ ግሾ ኑኒ ጾዛራ የዛኖን ኤዝን ኑራ የዛኖ ኤራነ።
3e040e006d	አዳይ ፋ ናአያ፥ Ꮉና አላምቶ አሾደ ፋና ኪትዳኖ ኑኒ ብእ ማርክꬋነ።
3e040f007a	የሱሳ ጾዘ ናአ ማቅዛኖ አማኒ ማርክꬍዘ ኦደራን ጾዚ የነ፤ ኤዝን ጾዛራ የነ።
3e04100096	ጾዚ ኑና ሲቅዛኖ ኑኒ ኤራነን አማናነ። ጾዚ ሲቆ። ሲቆ የዘ ኦንን ጾዛራ የነ፤ ጾዝን ኤራ የነ።
3e041100c2	ኑ የስታ Ꮉና አላምተ ክርስቶሳ የዝዳን ፋና ማቅዘ ግሾ ፍርዳ ቃማ ዣሽትካይዛራ ኤ ቲኖ ሺቆደስ ኤ ሲቅታ ኑ ግዳ ፎሎ ማቃነ።
3e041200b1	ሲቆ ግዳ ዣሽሞ ባያ፥ ቱሪ ሲቆ ዣሽሞ ኬሲ ኦላነ። ዣሽሞ ሴርꬃራ ዎላ Ꮉንግዘ ግሾ ዣሽትዘ አꬄ ሲቅታ ፎሎ ማቆስ።
3e0413003c	ጾዚ ቲኖ ኑና ሲቅደ ግሾ ኑንን ሲቃነ።
3e041400d9	ኦንን፥ «ጾዛ ሲቃነ» ጋእትራ ፋ እሻያ እጽኮ፥ ኤ ዎርዶ። አኮስ ጋይኮ፥ በእዘ ፋ እሻያ ሲቆሰ ኦንን ብእካይዘ ጾዛ ሲቆደስ ዋይዝ ዳንዳኤ?
3e04150085	ክርስቶሳ ኑስ እንግደ ኪታ Ꮉኖ፤ «ጾዛ ሲቅዘ ኦንን ፋ እሻያ ሲቆደስ ቤዛነ» ጋዛኖ።
3e0501008e	የሱሳ፥ ኤ ክርስቶሳ ጋእ፥ አማንዘ ኦንን ጾዘ ናአ። አዳያ ሲቅዘ ኦንን ኤ ናአያን ሲቃነ።
3e05020075	ኑኒ ጾዛ ሲቅዘ ግሾን ኤ ኪቶ ናግዘ ግሾ ጾዘ ናኡንꬃና ሲቅዛኖ ይነ ኤራነ።
3e05030057	ኑኒ ጾዛ ሲቅኮ፥ ኤ ኪቶ ናገነ። ኤ ኪታ ዴጽዘባዝ ባያ።
3e050400a4	አኮስ ጋይኮ፥ ጾዘ ናአ ማቅደ ኦንን Ꮉና አላምቶ ጋሞደስ ዳንዳአነ። ኑኒ Ꮉና አላምቶ ጋሞዳና አማኖራ።
3e0505007e	አላመ ጋሞደስ ዳንዳእዘ ኦደ? የሱሳ ጾዘ ናአ ማቅዳኖ አማንዘ አስ ጻላላ ጋሞዳ።
3e05060115	የሱስ ክርስቶሳ ጽንቃተ ቤዝዘ Ꮉꬃራን Ꮉይቆ ቤዝዘ ሱꬃራ ይእዳ። ኤ፥ Ꮉꬃራን ሱꬃራ ይእዳ ፋትን Ꮉꬅ ጻላላራ ይእካያ። ጌሽ አያና ቱሮ ማቅደ ግሾ ይና ቱሮ ማቅዛኖ ማርክꬋነ።
3e05070023	Ꮉይꬕ ማርኩንꬅ የነ።
3e0508006c	የን ስ፥ ጌሽ አያና፥ Ꮉꬅን ሱꬅ። Ꮉንꬅ Ꮉይꬑንꬅ ማርካትꬅታ ፈቶ።
3e050900a4	ኑ አስ ማርክꬍዛኖ ኤካነ። የዝን ጾዘ ማርካትꬅታ አሳንፓ ጋማ አꬋነ። ጾዚ ፋ ናአይስ ማርክꬍዳና Ꮉኖ።
3e050a00e6	ጾዘ ናአያ አማንዘ አꬄ ዎዝንተ Ꮉና ማርካትꬅታ የነ። ጾዛ አማኖሰ ኦንን ጾዘ ፋ ናአይስ ማርክꬍደ ማርካትꬅቶ አማንካይዘ ግሾ ጾዛ ዎርዶ ማህነ።
3e050b0084	ይኬ፥ ማርካትꬅታ Ꮉኖ፤ ጾዚ ኑስ መዽና ደኦ እንግዳ፤ ይና ደእታን ኤ ናአይራ የነ።
3e050c006e	ጾዘ ናአይ የዘ ኦደስን ደኦ የነ። ጾዘ ናአይ ባይዘ ኦደስን ደኦ ባያ።
3e050d007b	ጾዘ ናአ አማንዘ ይንትስ መዽና ደኦ የዛኖ ይን ኤሮደ ፋና Ꮉኖ ይንትስ ጻፍዳ።
3e050e007f	ጾዘ ቆፋ ጋር አኮ ባዝን ኤዛ ዎስኮ፥ ኤ ስእዛኖ ኑኒ ኤርዘ ግሾ ኤዛ አማንንታነ።
3e050f007b	ኑኒ ዎስደባዝ ኡባ ኤ ስእዛኖ ኤርኮ፥ ኑኒ ዎስዘ ባዝ ኡባ ኤ እንጎዳኖ ኤራነ።
3e0510012a	ኦንን ፋ እሻያ Ꮉይቆ ቤዞሰ ናጋራ ኦችዝን ብእኮ፥ ጾዝ ኤስ ዎሶደስ ቤዛነ። Ꮉይቆ ቤዞሰ ናጋራ ኦችዱንꬅስ ጾዚ ደኦ እንጋነ። Ꮉይቆ ቤዝዘ ናጋራ የነ። ታኒ ይንታና ይንስ ጾዝ ዎሶተ ጋኦስ።
3e05110053	ኢታ ኦቻ ኡባ ናጋራ፥ የዝን Ꮉይቆ ቤዞሰ ናጋራ የነ።
3e051200b8	ጾዘ ናአይ ኡንታና ናግዘ ግሾ ጾዘ ናኡꬃና ማቅደ ኦንን ናጋራ ኦቾሳኖ ኑኒ ኤራነ። ጻላሄ ኡንታና ቆሆደስ ዳንዳኦስ።
3e05130062	ኑኒ ጾዝስ ማቅዳኖ Ꮉና ኩሙꬅ አላምታ ጻላሄስ አቅዛኖ ኤራነ።
3e0514012b	ኑኒ ቱሪ ጾዛ ኤሮደ ፋና ጾዘ ናአይ ይእዳኖን ኑስ ቆፕዘ ዎዝና እንግዳኖ ኤራነ። ኑኒ ኤ ናአ፥ የሱስ ክርስቶሳ ባጋራ ቱሪ ጾዛራ የነ። ኑኒ ቱሪ ጾዛራን ናአይ የሱስ ክርስቶሳራ ፈተትꬅ የነ።
3e05150030	ታ ናኡንꬆ፥ ኤቁንꬃፓ Ꮉኮተ።
3f0000000e	2 ዋሐንሳ
3f010100ab	ታ ጭምዘ ዶርንትደ ካራ እንትስን እ ናኡንꬅስ ኪትንትደ ኪታ። ታ ጻላላ ባይዝን ቱርቶ ኤርዘ ኡቡንꬅ ካꬋነ።
3f0102006f	የ ቱርዘ ኑራ የዘ ግሾን መዽና ኑራ የሳደ ግሾ ታኒ ይንታና ቱሮ ካꬋነ።
3f010300ae	ጾዘ ኑ አዳይ ኤ ናአይ የሱስ ክርስቶሳ አꬎ ከሃትꬅታ፥ ማሮትꬅታን ሳሮትꬅታን ቱርራን ሲቆራን ዎላ ኑራ ማቀ።
3f01040090	አዳይ ኑና ኪትዳን ፋና፥ ነ ናኡንꬃፓ ባጉንꬅ፥ ቱርስ ኪትንትዛኖ ብእ ታኒ ጋማ ኡፋይትዳ።
3f010500c8	ካራ እንተ፥ Ꮉተን ኑኒ ኡባ ፈተ ፈታያ ሲቆደ ጋር ታኒ ነና ዎሳነ። የ ኪትዘ ቲኖፓ ኑራ የዘ ኪታ ፋትን ታኒ ኔስ ክለ ኪታ ጻፎስ።
3f010600a9	ቱሪ ሲቆ ኑ ጾዘ ኪታ ናጊ የሳዳኖ። ማህ ቲኖፓ ይን ስእዳን ፋና ኤ ኪታ፥ ይን ኡቡንꬅ «ሲቆራ የዞተ» ጋዛኖ።
3f010700d7	የሱስ ክርስቶሳ አስ ማቂ ይእዳኖ አማኖሰ፥ ጋማ ባልꬅዘ አሱንꬅ፥ አላምተ ደንድዳ። ይኒ ጋርዘ አስ ኦንን ባልꬅዛን ክርስቶሳ እጽዛን።
3f01080079	ይን ኦችደ ኩሙꬅ ዋግቶ ኤኮደስ ምንጎተ። ይን ኦችዳና ꬋባመ ፋና ናግንቶተ።
3f010900ce	ክርስቶሳ ትምርትተ ሚንግ የዞሰስን ኤ ትምርትትፓ Ꮉኪ የዘ አꬄስ ጾዚ ባያ። ክርስቶሳ ትምርትተ የዘ አꬄስ አዳይን ናአይን የነ።
3f010a0095	ኦንን ይንታጎ ይእተራ Ꮉና ትምርትቶ ኤክካይዛር ይእኮ፥ ይን ካራ ገልꬅፐተ፤ ሳሮን ጋይፐተ።
3f010b004d	ኤዛ ሳሮ ጋዘ ኦንን ኤ ኢታ ኦችተ ኤራ ሻክንታነ።
3f010c0110	ታኒ ይንትስ ጻፎደስ ኮይደ ጋማ ባዝ የነ፥ የዝን ዎርቃተራን ቃላመራ ጻፎደስ ኮዮስ። ኑ ኡፋይስታ ፎልንቶደ ፋና ይንታራ ስኖ የልንት ኦህንቶደስ ይንታጎ Ꮉማዳ ጋእ ቆፓነ።
3f010d0043	ጾዚ ዶርደ ነ ምሽት ናኡንꬅ ነና ሳሮ ጋነ።
400000000e	3 ዋሐንሳ
4001010053	ታኒ ዎሳ ኬꬅ ጭምዘ፥ ቱሮ ካዽዘ ጋዮሳስ ኪትደ ኪታ።
4001020090	ታ ሲቅዛዮ፥ ነ የስታ ኡባ ጊጎደ ፋና፥ ቆነ የሳደ ፋናን አያና ሸምፖ ነ ደንጎደ ፋና ዎሳነ።
40010300b3	ፈቲ ፈቲ አማንዘ አሱንꬅ ይእ፥ ኡባ ዎደ ነ ቱርስ አማንንቲ የዛኖን ነ ቱርባዝ ማርክꬍደ ዎደ ታኒ ጋማ ኡፋይትዳ።
400104006f	ታ ናኡንꬅ ቱረትꬃራ የዛኖ ስእዛንፓ አꬍዘ፥ ታና ኡፋይስዘ ባዝ ባያ።
400105007d	ታ ሲቅዛዮ፥ ኡን ኔስ ዛቆ ማቅኮን፥ ነ አማንዘ አሱንꬅስ አማንንተ ኦቻ ኦቻነ።
40010600b0	ኡን ነ ሲቅትባዝ ዎሳ ኬꬃ ማርክꬋነ። Ꮉተን ኡን Ꮉንግዘ ኦግተ ጾዚ ካꬍዛን ፋና ኦቺ ኡንታና ማድኮ ሎኦ ኦቻነ።
400107006d	ኡን ክርስቶሳስ ኦቾደስ ከዝተራ፥ አማኖሰ አሱንꬃፓ አኮን ኤክካያ።
4001080077	ኑኒ ቱሪ ኦቻ ኡንታራ ዎላ ኦቾደስ Ꮉንꬅ ፋና የዘ አሱንꬃና ማዶደስ ቤዛነ።
4001090095	ታኒ ዎሳ ኬꬅትስ ኪታ ጻፍዳ፥ የዝን ዎሳ ኬꬅስ ጭማ ማቆደስ ኮይዘ ድዮትራፊሳ ኑ ጋዛኖ ኤኮስ።
40010a0149	ይኒ ግሾ፥ ታኒ እዘ Ꮉንግዘ ዎደ ኤ ኑላ አፋ ኦህደ ኢታ ኦህቶን ኤ ኦችደ ኦችቶ ኡባ ኦሆዳ። ኤ ይኖ ኤርዳ ጋእ፥ ኑ እሹንꬅ የእዘ ዎደ ሞኮስ። መለ አቶ የዝን፥ ኡንታና ሞኮደስ ኮይዙንꬃና ካይ ዎሳ ኬꬃፓ ከሳነ።
40010b00c6	ታ ሲቅዛዮ፥ ሎኦ ባዝ አዞፕ አትን ኢታ ባዝ አዝፐ። ሎኦ ባዝ ኦችዘ ኦንን ጾዘ አስ፥ የዝን ኢታ ባዝ ኦችዘ ኦንን ጾዛ ብእካያ።
40010c00eb	ድሜጥሮሳ ሎኦ አስ ማቅዳኖ አስ ኡባ ማርክꬋነ። ቱርታ ፋ ኦምተ ኤ ባዝ ማርክꬋነ፤ ኑንን ኤ ባዝ ማርክꬋነ፤ ኑ ማርካትꬅታን ቱሮ ማቅዛኖ ይን ኤራነ።
40010d007d	ታኒ ኔስ ጻፎደስ ኮይደ ጋማ ባዝ የነ፥ የዝን ቃላመር ዋርቃተላ ጻፎደስ ኮዮስ።
40010e0110	የዝን ታኒ ኡከራ ኔራ የልንቶደስ ኮያነ፤ የ ዎደ ኔራ ኦህንቶዳ። ሳሮ ኔስ ማቀ። ነ ላጉንꬅ ነና ሳሮ ጋነ። ኑ ላጉንꬃና ኡባ ኡን ሱንꬅቶ ሱንꬅቶ ጼጊ ታና «ሳሮ ጋይዳ» ጋኦ።
4100000009	ይሁዳ
41010100e9	ታኒ ይሁዳ፥ የሱስ ክርስቶሳ አርዘ፥ ያይቆባ እሻይ፤ ጾዚ ጼግዱንꬅስ፥ ጾዘ አዳይ ካꬍዙንꬅን የሱስ ክርስቶሳስ ናግንትዱንꬅስ Ꮉይ ኪትዛ ጻፍዳ።
4101020043	ማሮትꬅ፥ ሳሮትꬅን ሲቆን ይንትስ ጋንጎ።
410103015c	ታ ሲቆ እሹንꬆ፥ ኑኒ ዎላ ሻክንትዘ አቶትꬅት ባዝ ይንትስ ጻፎደስ ታኒ ጋማ አሙꬍዳ። የዝን አማንዘ አሱንꬅስ ፈቲ ቶሄን ላምእንꬃመስ እንግንትደ አማኖ ግሾ ኦልንቶደ ጋር ይንታና ዞርተራ ጻፎዳና ታስ ኮሽዘ ባዝ ማቅዳ።
410104018f	ጋማ ዎደፓ ቲኖ ኡን ፍርድታ ጻፍንት በትደ፥ ፈቲ ፈቲ አሱንꬅ ኦንን ኤርካይዝን አችንት ይን ግዳ ገልዳ። ኡን ጾዛ ኤሮሱንꬃና፥ ኡን ኑ ጾዘ አꬎ ኬሃትꬅቶ ቱና ኦቻ Ꮉንቶደስ ማድንትዘ ኦገ ማህ ኤካነ። ፋ ጻላላ ካት ማቅደ፥ ኑ ላꬄ የሱስ ክርስቶሳ ካዳነ።
41010500f5	የዝን ይን Ꮉኖ ኡባ ኤርዘባዝ ማቅኮን፥ ላꬂ እስራኤለ አሱንꬅ ግብጸ ሳአፓ ዋይዝ ኬሰዛኮ፥ ማህ ሱባፓ አማኖሱንꬃና ꬋብሰዛኮ ታ ይንታና ቆፍሳደስ ኮያነ።
41010600f9	ፋ የዘ በስቶ አሺ፥ ፋስ እንግንትደ አደትꬅ ዎልቅቶ ናግካይዘ ኪታንቹንꬃና፥ ዳማ ፍርዳ ቃማ የሎደስ ጾዚ ኡንታና ꬉማፓ ኦሞራ መዽና ሳንꬃላታራ አጪ ጋድዳ።
4101070101	ይኒ ጋር፥ ሶዶማን ጋሞራ አሱንꬅ ኡን ካለ የዘ ካታማ አሱንꬃራ ኦላለ Ꮉንትዳ፤ ኡን መꬎ ዎጋ ባይዘ ኦላለ ኦችዳ። ኡን መዽና ታማር ፍርድንቶዱንꬅስ አዝዘ ማቅዳ።
41010800bd	ይኒ ፋናን፥ የንꬅ አሱንꬅ አቡኮራ ፋ ጋልቶ ቱንዛነ፤ አደትꬅ ዎልቃራ የዙንꬃና ቦራነ፤ ሳሎ ቦንቾ የዙንꬃናን ጫዣነ።
41010900d2	የዝን ኪታንቹንꬅ Ꮉላቃ ሚካኤለ ሙሴ አሃስ ጻላሄራ ላልደ ዎደ «ላꬂ ነና ሴሮ» ያጋይዳ ፋትን ኤላ አፋ ጫሽ ቃላ ኦህ ሞቶደስ ኮይካያ።
41010a00d4	የዝን Ꮉንꬅ አሱንꬅ ፋስ ኤሮሰ ባዝ ኡባ ጫዣነ፤ ማህ ኡን ዎዝና ባይዘ Ꮉርስ ፋና መꬎ ቆፋራ ኤርዘባዝ የዝኮን፥ እዛ ኡንታና ꬋብሶዳ።
41010b00ba	ኡንታና ባደ! ኡን ቃኤላ ኦገ Ꮉንግዳ። ሚሸ ኮይ ባላማ ባልዳነ ጎልእዳ። ቆረ እጽዳን ፋና ኡንትን ጾዛላ ደንዲ ꬋብዳ።
41010c0162	Ꮉንꬅ አሱንꬅ፥ ሲቆ ዣጋና በሳ ይንታራ በትዘ ዎደ ዬላ ባይዘ ቦርንትዱንꬃና። ኡን ፋና ጻላላ የንግዙንꬃና። ኡን ዡባ ካንግዘ እራ ባይዘ ꬎነ ፋና። ማህ ኣፈዘ ዎደ ኣፈ ባይዘ፥ ጻጶራ ሾድንትደ፥ ላምእ ቶሄ መልደ ምንጻ ፋና።
41010d00b5	ኡን ምንꬅ አባ ዙሉንተ ጋር ፋ ዬላ ኦቻር ꬉብዙንꬃና። ኡን መዽናስ ልንጽ ዪደ ꬉማ ናግዘ ዋይንትዘ ጾልንቱንꬃና።
41010e00d2	አዳማፓ ደንꬂ፥ ላፑንꬃ የለትንታ ማቅደ ሄኖካን፥ Ꮉንꬅ አሱንꬅባዝ ትንቢተ ኦህተራ፥ «ይኬ፥ ላꬂ፥ ፋ ጋማ ሙኩል ጌሹንꬃራ የኦዳ።
41010f00e3	አሱንꬃና ኡባ ፍርዶዳ፤ ገኑንꬃና ኡባ ኡን ኦችደ ኢታ ኦችት ኡባ ግሾን ገነትꬃራ ኡን ጾዘላ አፋ ኦህንትደ ኢታ ኦህት ኡባ ግሾ ፍርዶዳ» ጋይዳ።
41011000e5	የንꬅ አሱንꬅ ኡባ ዎደ ዙዝንግዙንꬃናን ኦሄ ኮይዙንꬃና። ማህ ፋ ኢታ አሞትꬅቶ ካላነ፤ ፋና ጬቃነን ፋና ማድዘ ባዝ ደንጎደስ መሉንꬃና ናሻነ።
4101110087	የዝን ታ እሹንꬆ፥ ኑ ላꬄ የሱስ ክርስቶሳ ሐዋሩንꬅ ዛጋ ይንትስ ኦህደ ቃልቶ ቆፖተ።
4101120089	ኡን፥ «ዉርሱꬅ ዎድተ፥ ጾዘ ቆፋ አሺ ፋ ኢታ አሞትꬅ ካሊ ጾዝ ቶችዙንꬅ የኦዳ» ጋይዳ።
4101130093	የንꬅ አሱንꬅ አስ ግዳ ሻኮ መꬍዙንꬃና፥ ፋ አሾ አሞꬅስ አቅዙንꬃና ጌሽ አያና ባይዙንꬃና።
41011400a8	የዝን ታ እሹንꬆ፥ ጌሽ ማቅደ ይን አማንተ ይንታና አያናር ድቾደስ ምንጎተ፤ ማህ ጌሽ አያና ዎልቃ ዎሶተ።
4101150094	ይንታና መዽና ደኦ የልꬅዘ ኑ ላꬄ የሱስ ክርስቶሳ ማሮትꬅ ናግተራ ይንታና ጾዘ ሲቅተ ናጎተ።
410116002f	ሶእዘ አሱንꬅስ ይቅስንቶተ።
41011700b1	ፈቲ ፈቲ አሱንꬃና ታማፓ ኬሲ ኤኮተ። መሉንꬅስ ናጋራራ ቱንደ ኡን ጋልቶ ቦችደ አፉልቶ እጽተራ ዣሽሞራ ማሮተ።
4101180093	ይን ጎልአመ ፋና ናጎደስን ቦረ ባይዙንꬃና ማህ ዳማ ኡፋይሳራ ኩምደ ቲኖ ሺሾደስ ዳንዳእዘ፥
41011900e6	ኑና አሽዘ ፈቲ ጾዘ፥ ኑ ላꬄ የሱስ ክርስቶሳ ባጋራ ቦንቾን፥ ዳማተꬅ፥ ዎልቃን አደትꬅ ዎልቃ፥ ዛጋፓ አይኪ፥ Ꮉተን፥ መዽና ኤስ ማቀ። አምንኤ።
4200000019	ዋሐንሳ ቆንጭꬅ
42010100f4	ኤለራ ይአደስ የዘ ባዝ ፋ አሩንꬃና ቤሳደ ፋና ጾዚ የሱስ ክርስቶሳስ እንግደ ቆንጭꬅታ Ꮉኖ። የሱሳ ፋ ኪታንቾ ኪቲ፥ ፋ አርዘ ዋሐንሳስ ቆንጭꬅቶ ቤዝዳ።
4201020081	ዋሐንሳ ጾዘ ቃላን፥ የሱስ ክርስቶሳ ማርካትꬅ ብእዳኖን ኦችዳኖ ኡባ ማርክꬍዳ።
42010300fb	Ꮉና ኡባ ይአደስ ዎደ ኡክደ ግሾ Ꮉና ትንቢተ ቃልቶ ናባብዘ ኦደን አንጅንትዳያ፤ ማህ Ꮉና ቃልቶ ስእዙንꬅን ጻፍንትደ ቃልቶ ናግዘ ኡቡንꬅ አንጅንትዱንꬃና።
420104025a	Ꮉይ ዳብዳብዛ፥ ዋሐንሳፓ፥ እስያ ሳአ የዘ ላፑን ዎሳ ኬꬁንስስ ጻፍንትዳ። ዛጋን፥ Ꮉተን የዘ፥ ቲኖስን ዮኦደስ የዘ ጾዛፓ፥ ማህ ኤ አራትዘ ቲንተ የዘ ላፑን አያኑꬃፓ፥ ይኒ ፋና፥ Ꮉይቆፓ ደንዶራ ቲኖ ማቅደፓ፥ ሳአ ካቱንꬃና አህዘ አማንꬅዘ ማርካ ማቅደ የሱስ ክርስቶሳፓ፥ አꬎ ኬሃትꬅን ሳሮትꬅ ይንትስ ማቀ። የሱሳ ኑና ሲቃነ፥ ማህ ፋ ሱꬅትራ ናጋራ አሮትꬃፓ ኑና ዋሎ ከስዳ።
42010600c5	ኑኒ ጾዘ ኤ አዳይስ ኦቾደ ጋር ኑና ካእቱምተ ካህኑንꬃና ማህዳ። ኤስ መꬍናፓ መዽና የሎደስ ቦንቾን ዎልቃን ማቀ። አምንኤ።
42010700ef	ይኬ፥ የሱሳ ꬎነራ ዮኦዳ። አስ ኡቡንꬅ መለ አቶ የዝን፥ ኤዛ ጫድደ አሱንꬅ ኡባ ኤዛ በኦዳ። ሳአ የዘ አስ ኡባ ኤ ግሾ ዬኮዳ። ይና ቱሮ Ꮉኖዳ! አምንኤ።
420108009c	ዛጋን፥ Ꮉተን የዛይ፥ ቲኖስን የኦደ ላꬄ፥ ኡባፓ ዳማ ጾዚ፥ «አልፋን ኦመጋ ታና» ያጋነ ላꬂ ጾዘ።
4201090113	ታኒ፥ ዋሐንሳ፥ ይን እሻይ፥ ይንታራ ዎላ የሱሳራ ማꬋ፥ ኤ ካእቱምቶን ኤ ዳንዳእቶ ብእዳ። ታኒ ጾዘ ቃላ ግሾን የሱሳ ባዝ ማርክꬍደ ግሾ ፋጥሞ ጋዘ Ꮉꬃራ ተቅንትደ ሳአ የነ።
42010a007a	ላꬄ ቃማ ታ ጌሽ አያናራ ማቂ የነ፤ ታፓ ሱባራ ሞይዘ ኦለ ፋና ዳማ ኦꬅ ስእዳ።
42010b010b	የ ኦꬅዘ ታና፥ «ነ በኤዛኖ ማጻፍተ ጻፊ፥ እስያ የዘ ላፑን ዎሳ ኬꬁንስስ፥ ኤፈሶነ፥ ሰምርኔሰ፥ ጰርጋሞነ፥ ትያትሮነ፥ ሳርዴሰ፥ ፍላደልፍያን ሎዶቅያ ዳኮ» ያጋይዳ።
42010c008f	ታኒ ታስ ኦህዘ ኦꬅቶ በአደስ ሱብ ማቂ ጾምፐ ጋድዘ ላፑን ዎርቃ ጾምፐ ጋድዘ በስቶ ብእዳ።
42010d00cb	የንꬅ ጾምፐ ጋድዘ በሱንꬅ ግዳ አስ ናአ አዝዛያ ብእዳ። ኤ ጳርጎ አፉላ ፋ ቶህቶ የልꬅ ማእዳ፥ ዎርቃ ዳንጮራ ፋ ዳዳብቶ አጭዳ።
42010e0091	ኤ ኦምታን ኤ ኦማ እስንꬅታ ቦꬅ ዱሮ እስን ፋናን ሻች ፋና ቦꬅ፤ ኤ አፉንꬂ ታማ ሎጸ አዛነ።
42010f0077	ኤ ቶህታ ታማ ቴሊ ዞቅደ ናሰ መቆ አዛነ፤ ኤ ኦꬅታ ዳማ ሶሶ Ꮉꬅ ግርሰ ፋና።
42011000cb	ኤ ፋ ምዛቅ ኩሽትራ ላፑን ጾልንቶ አይክዳ። ኤ ዶንትፓ ላምእ ዛላራ ሌፍንትደ ማሻ ከዛነ። ኤ ስንታ አዋራ ፎእዘ አዋ ኣፈ አዛነ።
42011100c9	ታ ኤዛ በእዘ ዎደ Ꮉይቂደ አስ ፋና ዪእ ኤ ቶህት ካለ ጎልእዳ። ኤ ፋ ምዛቅ ኩሽቶ ታላ አፋ ጋዲ፥ «ዣሽትፐ፤ ቲንዘን ፎልዘ ታና።
42011200a0	ታኒ ደኦ የነ፤ ታኒ Ꮉይቂዳ፥ የዝን Ꮉይቼ መꬊ መꬍናስ ደኦ የነ። Ꮉይቆን ስኦለ ቁልፈ ታ ኩሽተ የነ።
4201130055	ይኬ፥ Ꮉተ Ꮉንዳኖን ቲኖፓ ይአደባዝ ነ ብእዳኖ ጻፎ።
420114013c	ኔኒ ታ ምዛቅ ኩሽተ ብእደ ላፑን ጾልንቱንꬃናን ላፑን ዎርቃ ጾምፐ ጋድዘ በስቲ ብልꬅታን Ꮉኖ፦ ላፑን ጾልንቱንꬅ ላፑን ዎሳ ኬꬁንꬅ ኪታንቹንꬃና፤ ላፑን ዎርቃ ጾምፐ በሱንꬅ ላፑን ዎሳ ኬꬁንꬃና።»
42020100f0	«ኤፈሶነ ዎሳ ኬꬃ ኪታንቾስ Ꮉኒ ጋር ጋእ ጻፎ። ፋ ምዛቅ ኩሽተ ላፑን ጾልንቶ አይክዳይን ላፑን ዎርቃ ጾምፐ ጋድዘ በስ ግዳራ Ꮉንትዛይ Ꮉንጋራ ያጋነ፦
420202013b	ታኒ ነ ኦችቶ፥ ነ ላቢꬅቶን ነ ገንጭቶ ኤራነ። ኔኒ ኢታ አሱንꬅባዝ ገንጮደስ ዳንዳእካይዛኖ ኤራነ። ማህ ሐዋረ ማቅካይዛራ ፋና፥ ሐዋረ ጋዙንꬃና ቁርች ኤሪ ኡን ዎርዳንቾ ማቅን ደንግዳኖ ታ ኤራነ።
420203005e	ኔኒ ገንጭዳ፤ ታ ሱንꬅት ግሾ ማꬋ ዳንዳእዳ፤ ጋምንትካያ።
420204006a	ማቅኮን፥ Ꮉተ ታ ነና ቦርዘባዝ የነ፤ ይናን ኔኒ ቲኖ ሲቅቶ አሽዳ።
4202050117	ይኬ፥ ነ አኮ ጋር ꬎቃ በሳፓ ጎልኤዛኮ ቆፖ! ነ ናጋርትፓ ማቆ፤ ኔኒ ቲኖ ኦችዘ ኦችቶ ኦቾ። ኔኒ ነ ናጋርትፓ ማቃንጽኮ፥ ታ ኔጎ ዮኦዳ፥ ነ ጾምፐ ጋድዘ በስቶ እዛ በስትፓ ኤኮዳ።
4202060075	Ꮉተ ታ ነና ናሽዘ ፈቲ ባዝ የነ፤ ታ እጽዘ ንቆላዉንꬅ ኦችቶ ኔንን እጽዳ።
42020700ec	ጌሽ አያና ዎሳ ኬꬁንꬂስ ጋዘባዝ ስኦደስ Ꮉየ የዘ ኦደን ስኦ። ጋሚ ደንድደ ኦደን ጾዘ ጋናተ የዘ ደኦ ምንጻ ኣፈፓ ማአደ ፋና አደትꬅ ዎልቃ እንጎዳ።
42020800af	«ሳምርኔሳ ዎሳ ኬꬃ ኪታንቾስ Ꮉንጋር ጋእ ጻፎ። ቲኖን ዉርሱꬅዘ፥ Ꮉይቅደን Ꮉይቆፓ ደንድዳይ Ꮉንጋራ ያጋነ:
42020900e5	ታኒ ነ ዋይቶን ነ ዳሃትꬅቶን ኤራነ፤ ማቅኮን ነ ዱረ። አይሁደ ባይዛራ ፋና አይሁደ ጋዙንꬅ ጫዥዘ ጫሽቶ ታ ኤራነ፥ የዝን ኡን ጻላሄ ማባራ የነ።
42020a0125	ኔኒ ኤኮደስ የዘ ማꬍቶ ዣሽትፐ። ጻላሄ ይንታፓ ፈታያ ፈታያ ፋታኖደስ አች ኬꬃ ኦሎዳ፤ ታጵ ቃማ የሎደስ ይን ማꬍꬎዳ። Ꮉይቆደ ዎንꬅስ አማንንትዳያ ማቆ፤ ታ ኔስ ደኦ ባርኔጻ እንጎዳ።
42020b00a4	ጌሽ አያና ዎሳ ኬꬁንꬅስ ጋዘባዝ ስኦደስ Ꮉየ የዘ ኦደን ስኦ። ጋምደ ኦደን ላምእንꬃ Ꮉይቆ ቆህንቶስ።
42020c009c	«ጰርጋሞና ዎሳ ኬꬃ ኪታንቾስ Ꮉንጋር ጋእ ጻፎ። ላምእ ዛላራ ሌፍንትደ ማሻ የዛይ Ꮉንጋራ ያጋነ፦
42020d0132	ታኒ ነ የዘ በስቶ ኤራነ፤ ነ ጻላሄ አራታ የዘ በሳ የነ፤ ታ ሱንꬅቶ ምንꬂ ናግዳ። መለ አቶ የዝን፥ ጻላሄ የዘ ይን ካታምተ Ꮉይቂደ ታስ አማንንትደ ማርካ፥ አንትጳሳ፥ የዘ ዎደን አማኖ ካድካያ።
42020e013c	ማቅኮን፥ ታ ነና ቦርዘ ኤራꬅ ባዝ የነ። ይናን እስራኤለ አሱንꬅ ኤቃስ ዣርሽንትደ ካꬃ ሙእ ቱኖደ ፋናን ጎመ ዎይኤ ናጋራ ኦቾደ ፋና ባላቃ ማና ዞርደ ባላማ ትምርትቶ ኤክደ ፈቲ ፈቲ አሱንꬅ ኔራ የነ።
42020f005e	ይኒ ፋና፥ ንቆላዉንꬅ ትምርትቶ ታማርዘ አሱንꬅ ኔራ የነ።
42021000b4	ይኒ ግሾ፥ ኔኒ ነ ናጋርትፓ ማቆ። ይና Ꮉናንጽኮ፥ ታ ኔጎ ኤለራ ይእ የንꬅ አሱንꬃና ታ ዶንትፓ ከዘ ማሻራ ጫዶዳ።
420211012c	ጌሽ አያና ዎሳ ኬꬁንꬂስ ጋዘባዝ ስኦደስ Ꮉየ የዘ ኦደን ስኦ። ጋምደ ኦደስን አችቻ የዘ ማናፓ እንጎዳ። ማህ ኤክዘ አꬃፕ አትን መለ አስ ኤሮሰ ክለ ሱንꬅ ጻፍንትደ ቦꬅ ሹች ታ ኤስ እንጎዳ።
42021200eb	«ትያትሮነ ዎሳ ኬꬃ ኪታንቾስ Ꮉንጋር ጋእ ጻፎ። ታማ ሎጸ አዝዘ ኣፈ የዛይ፥ ማህ ታማራ ቴልደ ናሰ መቆ አዝዘ ቶሄ የዛይ፥ ጾዘ ናአይ፥ Ꮉንጋር ጋነ፦
42021300ae	ታኒ ነ ኦችቶ፥ ነ ሲቅቶ፥ ነ አማንቶ፥ ነ ኦችቶን ነ ገንጭቶ ኤራነ። ነ ቲኖ ኦችዛንፓ Ꮉተ አꬂ ኦችዛኖ ኤራነ።
4202140142	ማቅኮን፥ ታ ነና ቦርዘ ፈትባዝ የነ፤ ፋና ናበ ጋዘ ማችቶ፥ ኤልዛበሎ፥ ስእ ጋእ ብእ አኮን ጋይካያ። ይና ማችታ ኤቃስ ዣርሽንትደ ካꬃ ሙእ አሙꬎደ ፋና ቱኖደ ፋናን ኦላሎደ ፋና ኦቺ ታ አሩንꬃና ባልꬅዳ።
420215007b	እዛ ፋ ናጋርትፓ ማቃደ ጋር ታ ኢስ ዎደ እንግዳ፥ የዝን እዛ ማቃደስ ኮይካያ።
42021600a5	ኡን እ ባላ ኦግትፓ ማቃንጽኮ፥ ታ እዞ ኢታ Ꮉርገላ ኦሎዳ፤ ኢራ ኦላለ Ꮉንትዙንꬅን ኢታ ዋየ ዋይንቶዳ።
42021700d9	ታ እ ናኡንꬃና ዎꬎዳ፤ ማህ ዎሳ ኬꬃ ኡባ ታ አስ ቆፋን አስ ዎዝና ኤርዛ ማቅዳኖ ኤሮዳ። ታ ፈተስ ፈተስ ይን ኦችትጋራ ኦችትጋራ እንጎዳ።
42021800f9	የዝን ትያጥሮነ የዘ መሉንꬃና፥ ይና ኢታ ትምርትቶ ኤክካይዙንꬃና፥ «ጻላሄ ዳማ ጋꬅ ቆፋ» ጋእንትዘ Ꮉና ትምርትቶ ታማርካይዘ ይንታና መለ ዴጾ ቶፎ ቶሶስ።
420219005f	ማቆየዝን፥ ታ የኦደ ዎንꬅስ ይንትስ የዘ ባዝ ምንꬂ ናጎተ።
42021a0092	ጋምደስን ዉርሱꬅ የሎደስ ታስ ኪትንትደ ኦደስን ካእቱምቶ አሆደ ጋር አደትꬅ ዎልቃ እማዳ።
42021b00c8	«ኤ ኡንታና መቆ ጉፈራ አሆዳ፤ ሳአፓ መꬍዘ Ꮉይቅዘ ሚሸ ፋና ትንቾዳ።» ይና አደትꬅ ዎልቅታ ታኒ ታ አደፓ ኤክደ ዎልቂት ፋና።
42021c0035	ማህ ታ ኤስ ጎልጸ ጾልንቶ እማዳ።
42021d0060	ጌሽ አያና ዎሳ ኬꬁንꬂስ ጋዘባዝ ስእዘ Ꮉየ የዘ ኦደን ስኦ።
4203010115	«ሳርዴሰ ዎሳ ኬꬃ ኪታንቾስ Ꮉንጋራ ያጋእ ጻፎ። ላፑን ጾዘ አያኑንꬃናን ላፑን ጾልንቱንꬃናን አይክዳይ Ꮉንጋራ ያጋነ፦ ታ ነ ኦችቶ ኤራነ፤ ሱንꬅስ ፋጻ፤ የዝን ነ Ꮉይቂዳ።
420302009a	ባርኮ! ኤራꬅ አትደባዝን Ꮉይቆደስ ኡክደባዝ ሚንꬆ። ነ ኦችታ ጾዘ ቲኖ ፎሎ ማቅካይዛኖ ደንግዳ።
42030300d7	ይኬ፥ ነ ኤክደ ባዝቶን ስእደባዝቶን ቆፒ፤ ናጎ፤ ነ ናጋርትፓ ማቆ። ነ ባርካንጽኮ ታ ካይዞ ጋር ዮኦዳ፤ ታ አይደ የኦድየዛኮ ነ ኤሮስ።
42030400b7	የዝን ፋ ማእቶ ቅትዝካይዘ ኤራꬅ አሱንꬅ ሳርዴሰ ግዳ የነ። ኡንትስ ኮሽዘ ባዝ ማቅደ ግሾ ቦꬅ ማኦ ማእ ታራ የꬋዳ።
42030500d9	ጋምደ ኦደን ኡንትንጋራ ቦꬅ ማኦ ማኦዳ። ታ ኤ ሱንꬅቶ ደኦ ማጻፈፓ ኡጮስ። ታኒ ታ አዳይ ቲኖን ኤ ኪታንቹንꬅ ቲኖን ታ ኤ ባዝ ማርክꬋዳ።
4203060060	ጌሽ አያና ዎሳ ኬꬁንꬂስ ጋዘባዝ ስእዘ Ꮉየ የዘ ኦደን ስኦ።
420307013a	«ፍላደልፍያ ዎሳ ኬꬃ ኪታንቾስ Ꮉንጋራ ጋእ ጻፎ። ጌሽን ቱሮ ማቅዳይ፥ ዳዉተ ቁልፈ ፋ ኩሽተ አይክዳይ፥ Ꮉንጋራ ጋነ፦ ኤ ጎርድን ኦደን ቡጎደስ ዳንዳኦስ፤ ማህ ኤ ቡግን ኦደን ጎርዶደስ ዳንዳኦስ።
42030800e4	«ታ ነ ኦችቶ ኤርዳ፤ ይኬ ታ ነ ቲኖ ኦደን ጎርዶደስ ዳንዳኦሰ ቡጉንትደ ፉርꬅ ጋድዳ። ነ ዎልቅታ ኤራꬅ ማቅኮን፥ ታ ቃልቶ ናግዳ፤ ታና ካድካያ።
42030900e0	አይሁደ ማቅካይዛራ ፋና አይሁደ ጋዘ ዎርዱንꬃናን ጻላሄ ባጉንꬃና ኔጎ ኮኦዳ ነ ቲኖ ጉልባትሳዳ። ማህ ታ ነና ካꬍዛኖ ኡን ኤሮደ ፋና ዪሳዳ።
42030a00b7	ኔኒ፥ ‹ዳንዳአ አስ ማቆ› ጋእ ታ ኪትደ ኪቶ ናግደ ግሾ ኩሙꬅ አላምቶ ፋታኖደስ የእዘ ማꬋ ዎድትፓ ታኒ ነና ናጎዳ።
42030b0078	ታ ኤልሲ ዮኦዳ፤ ኦደን ነ ዎርቃ ዛዉድቶ ኤካመ ጋር ኔስ የዛኖ ምንꬂ አይኮ።
42030c0140	ጋምዳያ ታ ጾዘ ኬꬅተ ቱስ ማሆዳ፤ ኤ እዘ መꬍናስ የሳዳ። ታኒ ታ ጾዘ ሱንꬅቶን ታ ጾዘ ካታምቲ ሱንꬅቶ ኤላ አፋ ጻፎዳ፤ እዛን ታ ጾዘ ካለፓ ዎꬍዘ ክለ የሩሳላመ። ማህ ታ ታ ክለ ሱንꬅቶን ኤላ አፋ ጻፎዳ።
42030d0062	ጌሽ አያና ዎሳ ኬꬁንꬂስ ጋዘባዝ ስእዘ Ꮉየ የዘ ኦደን ስኦ»።
42030e00e3	«ሎዶቅያ ዎሳ ኬꬃ ኪታንቾስ Ꮉንጋራ ጋእ ጻፎ። ‹አምንኤ› ማቅደ አማንንትደ ቱሮ ማርካ ማቅዳይ፥ ጾዚ መ ትꬅ ኡባስ በንተ ማቅዳይ Ꮉንጋራ ጋነ:
42030f0084	ታኒ ነ ኦችቶ ኡባ ኤራነ፤ ኔኒ ቶያ ዎይ ምሻ ባያ፤ ኔኒ ላምኡንꬃፓ ፈታ ማቅዛኮ ሎኦ!
420310007f	ኔኒ ቶያ ዎይ ምሻ ማቅካይዝን ቦልአ ማቅደ ግሾ ታ ነና ታ ዶንትፓ ጩቶደስ ይእነ።
42031100d3	ይኬ፥ ኔኒ፥ ‹ታኒ ዱረ፥ ቆሎራ የነ፥ ታስ አኮን ፋጭካያ› ጋነ። የዝን ኔኒ ዋይንታነ፥ ዳሃ፥ ቆቀን ካልꬍደ አስ ማቅዛኖ ነና ኤሮስ።
42031200e3	ይኒ ግሾ፥ ነ ዱርꬎደስ ታማራ ጌዥደ ዎርቃ፥ ነና ዬልዘ ካልቶ አቾደስ ቦꬅ ማኦን ሎይꬂ በአደስ ማድዘ ኣፈ ጋላ ታፓ ዎንግ ትሻደ ፋና ነና ዞራነ።
4203130065	ታ ካꬍዙንꬃና ሴራነን ፍርጫነ፤ ይኬ ምንጎ፤ ነ ናጋርትፓ ማቆ።
42031400c9	ይኬ፥ ታ ባለ ኤቂ ነና ጼጎዳ። ኦደን ታ ጼግዛኖ ስእ፥ ፉርꬅቶ ቡግኮ፥ ኤጎ ገሎዳ፤ ኤራ ዎላ ካዎ ሞኦዳ፤ ኤዝን ታራ ዎላ ሞኦዳ።
42031500a0	ታ ጋሚ ደንዲ ታ አደራ ኤ አራታላ በትዳንፋና ጋምደ ታራ ታ አራታላ በቶደ ጋር አደትꬅ ዎልቃ እንጎዳ።
420316006c	ጌሽ አያና ዎሳ ኬꬁንꬂስ ጋዘባዝ ስእዘ Ꮉየ የዘ ኦደን ስኦ» ጋይዳ።
420401010a	ይንፓ ሱባ፥ ታኒ ሳሎ በእዘ ዎደ ቡጉንትደ ፉርꬅ ብእዳ። ማህ ታ ቲኖ ስእደ ሞይዘ ኦለ ጋርዘ ኦꬅ ታጎ፥ «Ꮉንካ ከዞ፤ Ꮉንፓ ሱባ፥ ይአደስ የዘ ባዝ ታ ነና ቤሳዳ» ጋይዳ።
420402008c	የ ዎደ ታ አያና ቆፋራ የነ። ይኬ፥ ሳሎ አራታ ብእዳ፤ አራትዘላ አፋ ፈተ በትዳያ ብእዳ።
42040300ad	የ በትዳይ ብሽታ እያስጰደን ሳርድዮነ ጋዘ አልኦ ሹች ፋና። ኤ አራትዘ ካንቶ ዉቲ አልኦ ሹች አዝዘ ዙላ የነ።
42040400dd	የ አራትዘ ካንቶ ዉቲ ላምእታም ኦይዲ አራቱንꬅ የነ፤ ኡንታላ አፋ ቦꬅ ማኦ ማእ፥ ኦምተ ዎርቃ ዛዉደ ጋድደ ላምእታም ኦይዲ ጭሙንꬅ በትዳ።
42040500ad	አራትዘፓ ዳዳ፥ ዘልንꬅን ꬎገ ከዛነ። አራትዘ ቲንተ ላፑን ፎእዘ ጾምፑንꬅ የነ፤ ኡን ላፑን ጾዘ አያኑꬃና።
42040600be	አራትዘ ቲኖ ብርለ አዝዘ ፎእዘ ቡርጩቆ አዘ አባ የነ። ቲኖራን ሱባራ ኣፈ ኩምደ ኦይዲ ጾꬅ መ ቱንꬅ አራትዘ ካንተ የነ።
42040700cc	ቲኖ ጾꬅዘ ብሽታ ጋሞ አዛነ፤ ላምአንꬅዘ ቦራ አዛነ፤ Ꮉይꬓንꬅዘ አስ ስኖ አዝዘ ስኖ የነ፤ ማህ ኦይዳንꬅዘ ፍርዘ አንኮ አዛነ።
4204080179	ኦይዲ ጾꬁንꬅ ኡቡንꬅስ እዝፑን ቀፈ የነ፤ ኡን ጋልተ ኡባነ ቀፍትስ ካታራን ኦምታ ኡባ ኣፈራ ኩምዳ። ኡን ቃማን አዋራን አሽካይዛራ፥ «ጌሻዮ፥ ጌሻዮ፥ ጌሻዮ፥ ላꬃዮ፥ ኡባፓ ዎልቃማ ጾዛዮ፥ ዛጋን፥ Ꮉተን የዛዮ፥ ቲኖስ ዮኦዳዮ» ያጋነ።
4204090079	የ ጾꬁንꬅ አራታላ በትዳይስን መዽና የዘስ ናሾ፥ ቦንቾን ጋላታ እንግደ ዎደ
42040a00b0	ላምእታም ኦይዲ ጭሙንꬅ አራታላ በትዳይስ መዽና የዛይስ ቲንተ ዙጊ ጎይንዳ፤ ፋ ዎርቃ ዛዉዱንꬃና ቲንተ ጋዲ፥
42040b00cf	«ኑ ላꬃዮ፥ ኑ ጾዛዮ፥ ኔኒ ቦንቾ፥ ናሾን ዎልቃ ኤኮደስ ቤዛነ። ነ ኡባ መꬍዳ፤ ኡባ ባዝ ነ ቆፍት ጋር Ꮉንዳ፥ መꬍንትዳ» ያጋይዳ።
42050100c6	ይንፓ ሱባ፥ አራትዘላ አፋ በትዳይ ምዛቅ ኩሸራ ጋንጨራን ካታራ ጻፍንትደ ላፑን ማታመራ ጎርዱንትደ ጻጽንትደ ማጻፈ ብእዳ።
42050200bc	ፈቲ ምንꬅ ኪታንችዘ ፋ ቃልቶ ꬎቅ ዪዚ፥ «ማህታምዛ ብሎደስን ማጻፍዛ ቡጎደስ ዳንዳእዘ ኦደ?» ያጋእ አዋጆደራ ብእዳ።
42050300be	የዝን ሳሎ ማቅን ሳአ ዎይ ሳአፓ ኦሞራ ማቅን የ ጻጽንትደ ማጻፍዛ ብሎደስን ጋንጭቶ በአደስ ዳንዳእዘ ኦደን በንትካያ።
4205040084	ጻꬅ ማጻፍዛ ብሎደስን ኤ ጋንጭቶ በአደስ ቤዝዘ አስ በንትካይዘ ግሾ ታ ጋማ ዬክዳ።
42050500e3	ዬዝን፥ ጭሙንꬃፓ ፈታይ ታጎ፥ «ዬክፐ! ይኬ፥ ይሁዳ ባጋ ማቅደ ጋሞ፥ ዳዉተ ኮች፥ ላፑን ማህታምቶ ብሎደስን ማጻፍዛ ቡጎደስ ዳንዳአነ» ጋይዳ።
420506013b	ይንፓ ሱባ፥ ሹክንትደ ዱርዛይ አራትዘላ፥ ኦይዲ ሸምፖራ የዘ መ ቱንꬅስን ጭሙንꬅስ ግዳ፥ ኤቅዳያ ብእዳ። ኤስ ላፑን ጉሙርን ላፑን አፉንꬅ የነ። የን ስ አላመ ኡባስ ኪትንትደ ጾዘ ላፑን አያኑꬃና።
420507007f	የ ዱርዛይ Ꮉንግ፥ አራትዘላ አፋ በትዳይ ምዛቅ ኩሸፓ ጻጽንትደ ማጻፍዛ ኤክዳ።
4205080121	ኤ የ ጻጽንትደ ማጻፍዛ ኤክደ ዎደ ኦይዲ ሸምፖራ የዘ መ ቱንꬅስን ላምእታም ኦይዲ ጭሙንꬅ ዱርዘ ቲኖ ጎልእዳ። ኡን ፈተ ፈተ ዲꬅን ጌሹንꬅ ዎሳ ማቅደ እጻነ ኩምደ ዎርቃ ሻተ አይክዳ።
4205090115	ኡን፥ «ጻጽንትደ ማጻፍዛ ኤኮደስ፥ ማህታምዛ ብሎደስ ኔስ ቤዛነ። አኮስ ጋይኮ፥ ኔኒ ሹክንትዳ፤ ኮች ኡባፓ፥ ዱማ ዱማ ዶናፓ፥ ኮቹንꬃፓ ካእቱሞ ኡባፓ ነ ሱꬅተ ጾዝስ ዎዝዳ።
42050a00b8	ኡን ኑ ጾዘ አደስ ኦቾደ ፋና ኡንታና ካህኑንꬅ ካእቱሞ ማህዳ። ኡንትን ሳአ ኡባ ካእቶዳ» ያጋእ ክለ ማዝሙረ የጽዳ።
42050b0102	ታ ብእደ ዎደ ሙኩል ቶሄ ሙኩልን ታጶ ሙኩል ቶሄ ታጶ ሙኩል ማቃደ ኪታንቹንꬅ ኦꬅ ስእዳ። ኡንትን አራትዘስ፥ ኦይዲ ሸምፖራ የዘ መ ቱንꬅን፥ ጭሙንꬅ ካንቶ ዉትዳ።
42050c00e3	የንꬅ ኪታንቹንꬅ ꬎቅ ጋይደ ቃላራ፥ «ሹክንትደ ዱርዛይ ዎልቃ፥ ዱርቱሞ፥ ጭንጫትꬅን ምንꬅትሞ፥ ቦንቾ፥ ሳባን ጋላታ ኤኮደስ ቤዛነ» ጋይዳ።
42050d0110	ይንፓ ሱባ፥ ሳአን፥ ሳሎ፥ ሳአፓ ኦሞራ አባ ግዳ የዘ መ ትꬅ ኡባ፥ «አራትዘላ አፋ በትዳይስን ዱርዘስ፥ ጋላታ፥ ቦንቾ፥ ሳባን ዎልቃ መꬊ መꬍናስ ማቀ» ጋእ የጾደራ ስእዳ።
42050e0084	ኦይዲ ሸምፖራ የዘ መ ቱንꬅ፥ «አምንኤ» ያጋይዳ፤ ማህ ጭሙንꬅ ስኖራ ዙጊ ጎይንዳ።
42060100d2	ዱርዘ ላፑን ማህታሙንꬃፓ ፈታ ቡጎደራ ብእዳ። ማህ ኦይዲ ሸምፖራ የዘ መ ቱንꬃፓ ፈተ፥ ዳዳ ꬎገ ፋና ኦꬃራ፥ «ዮኦ!» ያጋዝን ስእዳ።
42060200c6	ይኬ ቦꬅ ፋራ ብእዳ። የ ፋራዛ ቶግደ ዶንገ አይክዳ፤ ኤስ ዎርቃ ዛዉደ እንግንትዳ። ኤዝን ጋሚ ደንድዳያ ማቂ ጋሞደስ ከዝዳ።
4206030099	ማህ ዱርዘ ላምእንꬃ ማህታምዛ ቡግደ ዎደ ላምእንꬃ ሸምፖራ የዘ መ ትꬅዘ፥ «ዮኦ!» ጋዝን ስእዳ።
42060400cb	ማህ መለ ሱꬅ ዞቆ ፋራዛ ከዝዳ። የ ፋራዛ ቶግደስ ሳአፓ ሳሮ ꬋብሶደ ጋራን አሱንꬅ ዎል Ꮉሶደ ጋር ዎልቃን ዳማ ማሻ እንግንትዳ።
42060500e9	ዱርዘ Ꮉይꬕንꬃ ማህታምዛ ቡግደ ዎደ Ꮉይꬕንꬃ ሸምፖራ የዘ መ ትꬅዘ፥ «ዮኦ!» ጋዝን ስእዳ። ይኬ ካርꬅ ፋራ ብእዳ፤ ኤዝን ፋ ኩሽተ ምዛነ አይክዳ።
4206060116	ኦይዲ ሸምፖራ የዘ መ ቱንꬅ ግዳፓ፥ «ፈቲ ዎደ ኦቻስ ዳሞዘ፥ ባጋ ክሎ ዛርጋ፤ ማህ ፈቲ ዎደ ኦቻስ ዳሞዘ፥ ፈቲ ክሎን ባጋ ባንጋ ማቀ። የዝን ዛይተን ዎይነ ቆህፐ» ጋዝን ስእዳ።
4206070092	ዱርዘ ኦይድንꬃ ማህታምዛ ቡግደ ዎደ ኦይድንꬃ ሸምፖራ የዘ መ ትꬅዘ፥ «ዮኦ!» ጋዝን ስእዳ።
4206080129	Ꮉይቼ ቦꬅ ፋራ ብእዳ። የ ፋራዛ ቶግደ ሱንꬅታ Ꮉይቆ፤ ኤ ሱብተ ስኦለ ካላነ። ኡንትስ ሳአ ኦይዲ ኩሸፓ ፈቲ ኩሸ ኦላራ፥ ናየራ፥ ባይኤራን ጾꬃራ ዎዽሳደ ፋናን አደትꬅ ዎልቃ እንግንትዳ።
42060900e9	ዱርዘ እችንꬃ ማህታምዛ ቡግደ ዎደ ኡን ጾዘ ቃላ ኦህደ ግሾን ፋ ማርካትꬅተ አማንንትደ ግሾ ሹክንትደ አሱንꬅ ሸምፕቶ ዣርሾ በስትፓ ኦሞራ ብእዳ።
42060a00e8	ኡን ፋ ቃልቶ ꬎቅ ዪዚ፥ «ኡባኖ አህዘ ላꬃዮ፥ ጌሻዮ፥ ቱርዛዮ፥ ሳአ የዘ አሳላ አፋ ነ ፍርዶሳና ኑ ሱꬅት ግሾ ኩሸ ማሆሳና አይደ የሎደስ?» ጋይዳ።
42060b00f4	ኡን ፈተስ ፈተስ ቦꬅ ጳርጎ ማኦ እንግንትዳ። ኡንትን ፋና ዪእ Ꮉይቆደስ ቤዝዘ ኡን ላጉንꬅ ፋይድታ ኩሞደ ዎንꬅስ ኤራꬅ ዎደ ሸምፖደ ፋና ኡንትስ ኦህዳ።
42060c00ce	ዱርዘ እዝፑንꬆ ማህታምዛ ቡግደ ዎደ ታ ብእዳ፤ ዳማ ሳአ ኤንኤ Ꮉንዳ። አዋ ኣፈ ካርቲ አዛኖ ማኦ አዝዳ። አግናን ዞቂ ሱꬅ አዝዳ።
42060d0081	ምንꬅ ባቆ ባቂ በለሰ ምንጻ ቃምኤ ኣፍቶ ጉፉዛን ፋና ሳሎ ጾልንቱንꬅ ሳአ ጉፍዳ።
42060e0090	ሳሎ ጻጽንትደ ማጻፈ ፋና ጻጽንት Ꮉልእዳ፤ ደረን Ꮉꬃራ ተቅንትደ ሳእታ ፋ በስትፓ ꬋብዳ።
42060f00e2	ጋደ ካቱንꬅ፥ ዎርዣ አህዙንꬂ፥ ኦላ ካልꬅዙንꬅ፥ ዱሩንꬅ፥ ዎልቃሙንꬅ፥ አሩንꬅን፥ ላꬁንꬅ ዎምኦን ደረላ አፋ የዘ ላላ ዎምኦን አችንትዳ።
42061000b5	ኡንትን ደረጎን ላላጎ፥ «ኑላ አፋ ዎꬎተ፤ ኑና ጌንꬆተ፤ አራትዘላ በትዳይ አፍትፓን ዱርዘ Ꮉንቅትፓ ኑና አቾተ።
420611005f	ይኬ፥ ዳማ Ꮉንቆ ቃማ የልዳ፤ ኦኒ ዳንዳእ ኤቆደ?» ያጋይዳ።
4207010105	ይንፓ ሱባ፥ ኦይዲ ኪታንቹንꬅ ኦይዲ ሳአ ጋጻ ኤቅዱንꬃና ብእዳ። የንꬅ ኪታንቹንꬅ ሳአላ ዎይ አባላ ዎይ ምንጻላ አፋ አኮን ባቆ ኦይዲ ሳአ ጋጻፓ ባቃመ ጋር ተቂዳ።
4207020102	ማህ ደኦ ጾዘ ማህታመ አይክደ መለ ኪታንቾ አዋ ኬስ ዛላፓ ኬዛያ ብእዳ። የ ኪታንችዘ ፋ ቃልቶ ꬎቅ ዪዚ፥ ሳአን አባ ቆሆደስ ዎልቃ እንግንትደ ኦይዲ ኪታንቹንꬃና፥
4207030093	ጼጊ፥ «ኑኒ ጾዘ አሩንꬅ ስኖላ ማታመ ጋዶደ ዎንꬅስ ሳአ ዎይ አባ ዎይ ምንጻ ቆህፐተ» ጋይዳ።
42070400cb	ታኒ ጾዘ ማህታመ ስኖላ ጋድዱንꬅ ፋይድቶ ስእዳ። እስራኤለ ኮች ኡባፕ ጼት ኦይታም ኦይዲ ሙኩል አሱንꬅስ ስንተ ማህታመ ጋድዳ።
4207050092	ይሁዳ ኮቻፓ ታጶ ላምእ ሙኩል፥ ሮበላ ኮቻፓ ታጶ ላምእ ሙኩል፥ ጋደ ኮቻፓ ታጶ ላምእ ሙኩል፥
420706009b	አሴረ ኮቻፓ ታጶ ላምእ ሙኩል፥ ንፍታለመ ኮቻፓ ታጶ ላምእ ሙኩል፥ ምናሰ ኮቻፓ ታጶ ላምእ ሙኩል፥
4207070095	ስሞና ኮቻፓ ታጶ ላምእ ሙኩል፤ ሌወ ኮቻፓ ታጶ ላምእ ሙኩል፥ ይሳኮረ ኮቻፓ ታጶ ላምእ ሙኩል፥
42070800cc	ዛብሎነ ኮቻፓ ታጶ ላምእ ሙኩል፥ ዮሰፋ ኮቻፓ ታጶ ላምእ ሙኩል፥ ብንያመ ኮቻፓ ታጶ ላምእ ሙኩል፥ አሱንꬅ ስንተ ማህታመ ጋድዳ።
420709013f	ይንፓ ሱባ፥ ኮች ኡባፓ፥ ካእቱሞ ኡባፓ፥ ዎርዣ ኡባፓን ዱማ ዱማ ዶናፓ ፋይዶ ባይዘ ጋማ አሱንꬃና ብእዳ። የንꬅ አሱንꬅ ቦꬅ ጳርጎ ማኦ ማእ፥ ቂለ Ꮉየ ፋ ኩሽተ አይኪ፥ አራትዘ ቲኖን ዱርዘ ቲኖ ኤቅዳ።
42070a0082	ኡን ፋ ቃልቶ ꬎቅ ዪዚ፥ «አቶትꬅ አራታላ በትደ ኑ ጾዘፓን ዱርዘፓ የእነ» ጋይዳ።
42070b00ae	ኪታንቹንꬅ ኡባ፥ አራትዘን፥ ጭሙንꬅን ኦይዲ መ ቱንꬅ ካንቶ ዉቲ ኤቅዳ። ኡን አራትዘ ቲኖ ዙጊ ጾዝ ጎይንዳ።
42070c00b9	«አምንኤ! አንጆ፥ ቦንቾ፥ ጭንጫትꬅ፥ ጋላታ፥ ሳባ ዎልቃን፥ ምንꬅትሞ መꬊ መꬍናስ ኑ ጾዘስ ማቀ። አምንኤ!» ጋይዳ።
42070d009c	ጭሙንꬃፓ ፈታይ ታጎ፥ «Ꮉና ቦꬅ ማእቶ ማእደ አሱንꬅ ኡን ኦደ የሳ? ኡን አባፓ ይእዶ?» ጋእ ኦጭዳ።
42070e00c2	ታኒ ማህ፥ «ላꬆ፥ ነ ኤራነ» ጋይዳ። ኤዝን ታጎ፥ «Ꮉን ስ ጋማ ዋየ ዋይ አꬍዱንꬃና። ኡን ፋ ማእቶ ዱርዘ ሱꬅተ ሜጪ ቦꬅዳ።
42070f00ab	ይኒ ግሾ፥ «ኡን ጾዘ አራትዘ ቲንተ ቃማን አዋራ ኤ ኬꬅተ ኦቻነ። ማህ አራታላ በትደ ኡንትስ ዱንካነ ማቃዳ።
420710006f	ይኬፓ ሱባ፥ ኡን ናይꬋአማ፥ ባርꬋማ። አዋ ዎይ ምቻ ኡንታና ደንጋማ።
42071100cb	አራትዘላ በትደ ዱርዘ ኡንትስ ዉደ አዳያ ማቃዳ። ደኦ Ꮉꬅ ኣፈጎ ኡንታና ካልꬆዳ። ጾዚ ኡን ኣፍትፓ አፉꬅቶ ኡባ ኡጮዳ» ጋይዳ።
420801006b	ዱርዘ ላፑንꬆ ማታመ ቡግደ ዎደ ባጋ ሳተ ማቃደ ፋና ሳሎ ስእ ጋይዳ።
420802008f	ይንፓ ሱባ፥ ታኒ ላፑን ሞይዘ እንግንትደ ላፑን ኪታንቹንꬃና ጾዘ ቲኖ ኤቅዙንꬃና ብእዳ።
420803011e	እጻነ ጩግዘ ዎርቃ ሻተ አይክደ መለ ኪታንቾ ይእ፥ ዣርሾ በስት ካለ ኤቅዳ። ኤ አራትዘ ቲኖ የዘ ዎርቃ ዣርሾ በስትላ ጌሹንꬅ ኡባ ዎሳራ ጉጂ ዣርሾደ ፋና ኤስ ጋማ እጻነ እንግንትዳ።
4208040069	እጻንዘ ጩግታ ጌሹንꬅ ዎሳራ ዎላ ኪታንቾ ኩሸፓ ኡደ ጾዛጎ ከዝዳ።
42080500f2	ይንፓ ሱባ፥ ኪታንችዘ እጻነ ጩግዘ ሻትዛ ኤኪ፥ እዘ ዣርሾ በስትፓ ቃቃ ታማ ኩሙꬅ ሳአ ሱለ ኦልዳ። የይ ማቅን፥ ዳዳ ꬎገን፥ ዘልንꬅን ሳአ ኤንኤ Ꮉንዳ።
4208060061	ይንፓ ሱባ፥ ላፑን ኪታንቹንꬅ ፋ ሞይዝቶ ኦሎደስ ጊግንትዳ።
4208070115	ቲኖ ኪታንችዘ ፋ ሞይዛ ኦልዘ ዎደ ሻቻራን ሱꬃራ ዎርቂንትደ ታማ ሳሎፓ ቡክዳ። ሳአ Ꮉይꬓፓ ፈቲ ኩሸ ኤጽንትዳ፤ ምንጻ Ꮉይꬓፓ ፈቲ ኩሸ ኤጽንትዳ፤ ዥልኦ ማታ ኡባ ኤጽንትዳ።
42080800ce	ላምእንꬃ ኪታንችዘ ፋ ሞይዛ ኦልደ ዎደ ዳማ ደረ አዝዘ ባዝ ታማ ኤጽተራ አባ ኦልንትዳ። የይን፥ አባ Ꮉይꬓፓ ፈቲ ኩሸ ሱꬅ ማቅዳ።
4208090092	አባ ግዳ ሸምፖራ የዘ መ ትꬅ Ꮉይꬓፓ ፈቲ ኩሸ Ꮉይቂዳ፤ ማርካቡንꬅ Ꮉይꬓፓ ፈቲ ኩሸ ꬋብዳ።
42080a00ca	Ꮉይዝንꬃ ኪታንችዘ ፋ ሞይዛ ኦልደ ዎደ ጾምፐ ፋና ኤጽዘ ዳማ ጾልንትዘ ቦርካ Ꮉይꬓፓ ፈቲ ኩሸላን Ꮉꬅ ኣፈላ አፋ ሳሎፓ ዎꬍዳ።
42080b00c9	የ ጾልንትዘ ሱንꬅታ ጫሞ ጋእንታነ። Ꮉꬅ Ꮉይꬓፓ ፈቲ ኩሻ ጫንግዝዳ፤ Ꮉꬅታ ጫንግደ ግሾ ጋማ አሱንꬅ ይና Ꮉꬅቶ ኡዢ Ꮉይቂዳ።
42080c012b	ኦይድንꬃ ኪታንቾ ፋ ሞይዛ ኦልዳ። አዋፓ፥ አግናፓን ጾሉንቱንꬃፓ Ꮉይꬓፓ ፈቲ ኩሸ ጉድንትዳ፤ ኡን ፎእት Ꮉይꬓፓ ፈቲ ኩሸ ꬉምዳ። አዋራ Ꮉይꬓፓ ፈቲ ኩሸን፥ ቃማ Ꮉይꬓፓ ፈቲ ኩሸ ꬉምዳ።
42080d0116	ፈቲ አንኮ ሳሎ ꬎቅ ጋእ፥ አሎደራ ብእዳ። የ አንክዘ ፋ ቃልቶ ꬎቅ ዪዚ፥ «አትደ Ꮉይꬕ ኪታንቹንꬅ ፋ ሞይዝቶ ኦሎደስ የዘ ግሾ ሳአ የዘ አሱንꬃና ባደ! ባደ! ባደ!» ጋዝን ስእዳ።
42090100c6	ይንፓ ሱባ፥ እችንꬃ ኪታንችዘ ፋ ሞይዝዛ ኦልን ሳሎፓ ሱለ ሳአ ዎꬍደ ጾልንቶ ብእዳ። ኤስ ዳማ ዶቺ ቡግዘ ቁልፈ እንግንትዳ።
42090200d4	ጾልንትዘ ዳማ ዶችቶ ቡግደ ዎደ ዳልጋ ጮጨፓ ከዝዘ ጩጋ ፋና ጩግዘ ይና ዶችትፓ ከዝዳ። ይና ዶችትፓ ከዝደ ጩግትፓ አዋን ሳሎን ꬉምዳ።
42090300a0	ይና ጩግትፓ ቦሉንꬅ ሳአ ከዝዳ። ሳአ የዘ ማስማሱንꬅስ የዘ ዎልቃ ፋና ዎልቃ ቦሉንꬅስ እንግንትዳ።
42090400d1	ጾዘ ማታመ ስንተ ባይዘ አሱንꬃን ጻላላፕ አትን ሳአ የዘ ዎልቃ ዎይ ምንጻ ዎይ አኮ ዥልኦ ባዝ ማቅን ቆሀመ ጋር ቦሉንꬅስ ኦህንትዳ።
42090500f4	ቦሉንꬅ አስማና እችን አግና የሎደስ ፋጻ ኡንእꬆደ ፋና ዎልቃ እንግንትዳፕ አትን አስ ዎꬎደ ፋና ባያ። ማስማሶ አስ ꬋእን Ꮉዥዛን ጋር ቦለ ꬋእን Ꮉዣነ።
420906009d	ይና ቃምተ አሲ Ꮉይቆ ኮዮዳ፥ የዝን ደንጎስ። ኡን Ꮉይቆደስ አሙꬎዳ፥ የዝን Ꮉይቆ ኡንታፕ Ꮉኮዳ።
42090700a5	ቦሉንꬅ ኦላስ ጊጊ በትደ ፋሩንꬃና አዛነ። ኡን ኦምታ ዎርቃ ዛዉደ አዛነ፤ ኡን ስንታን አስ ስኖ አዛነ።
420908007b	ኡን ኦማ እስንꬅታን ማች ኦማ እስን ፋና ጳርጎ። ኡን አችታን ጋሞ አች አዛነ።
42090900af	ኡንትስ ዳዳብትላ አፋ ጋድዘ መቆ ጹሩረ የነ፤ ኡን ቀፍት ኦꬅታ ኦልንቶደስ ጋላብዘ ፋራን ፋራ ጋረ ኦꬅ አዛነ።
42090a00d3	ኡንትስ ማስማሶ ኡንኮ ፋና የዘ ኡንኮን ዻእ Ꮉዥዘ ዪሺ የነ። ይና ኡንክተ እችን አግና አስማና ቆሆደ ፋና አደትꬅ ዎልቃ እንግንትዳ።
42090b0117	ኡንታና አህዘ ካት የነ፤ የ ካትዘ ዳማ ዶችት ኪታንቾ። ኤ ሱንꬅታ እብራይስጠ ዶናራ አብዶና፤ ማህ ግርኬ ዶናራ አጶልዮና ጋእንታነ። ኤ ሱንꬅት ብልꬅታን «ꬋብስዛ» ጋእንታነ።
42090c0059	ቲኖ ባድዘ አꬍዳ፤ ይኬ፥ መለ ላምእ ባዱንꬅ Ꮉጋ የኦዳ።
42090d00b2	እዝፑንꬃ ኪታንችዘ ፋ ሞይዛ ኦልዳ። ጾዘ ቲኖ ኤቅደ፥ ዎርቃ ዣርሾ በስተ የዘ ኦይዲ ጉሙሩንꬃፓ ፈቲ ኦꬅ ስእዳ።
42090e00c0	የ ኦꬅዘ ሞይዘ አይክደ እዝፑንꬃ ኪታንችዘጎ፥ «ኤፍራጺሰ ጋዘ ዳማ ቦርካ አጭንትደ ኦይዲ ኪታንቹንꬃና ብሎተ» ያጋይዳ።
42090f00d6	ሳአላ የዘ አሳፓ Ꮉይꬕ ኩሽቶ ዎꬎደ ጋር ይና ሳትስ፥ ይና ቃምትስ፥ ይና አግንትስ ይና በርትስ ጊጊ በትደ ኦይዲ ኪታንቹንꬅ ብልንትዳ።
420910006c	ኦላ ፋራ ቶግደ ኦላንቹንꬅ ፋይድታ ላምእ ጼት ምሎነ ማቅዛኖ ስእዳ።
420911019a	ማህ ታ ቆንጭꬅተ ፋሩንꬃናን የንꬅ ፋሩንꬃና ቶግደ አሱንꬃና ብእዳ። የንꬅ አሱንꬅ ዳዳብተ ጋድዘ መቆ ጹሩረ ታማ ቦንቆ ፋና ዞቆ፥ ያክንተ ፋና፥ ካርꬅ ሳሎ ፋናን ዲነ ፋና ጭልሎ። ፋሩንꬅስ ኦምታ ጋሞስ ቲኖ ዛልቶ አዛነ፤ ኡን ዶንትፓ ታማ፥ ጩጋን ዲነ ከዝዳ።
42091200a2	ፋሩንꬅ ዶንትፓ ከዝዘ ታማ፥ ጩጋን ዲነ ይና Ꮉይꬕ Ꮉንቅተ ሳአ የዘ አሳፓ Ꮉይꬓፓ ፈቲ ኩሽታ Ꮉይቂዳ።
42091300b0	የንꬅ ፋሩንꬅስ ዎልቅታ ኡን ዶንቲ ግዳን ኡንክተ የነ። ኡን ኡንክታን ሾሽ ኦማ ፋና የነ፤ ኡን ኢራ አስ ቆሃነ።
4209140152	Ꮉና Ꮉንቅትፓ አትዱንꬅ ፋ ኩሸ ኦችትፓ አሺ ማቅካያ። ኡን ቱና አያናራ ዎርቃፓ፥ ብራፓ፥ ናሰ መቆፓን ሹቻፓን ምንጻፓ ኦችንትደ ኤቃስ ጎይናነ። በአደስ፥ ስአደስ፥ የꬋደስ ዳንዳኦሰ ኤቁንꬅስ ጎይንዛኖ አሽካያ።
420915006d	አስ ዎꬍዛኖ፥ ብትዛኖ፥ ኦላልዛኖ ካይስትዛኖ አሺ ማሮትꬅ ኦጭካያ።
420a0100e6	ይንፓ ሱባ፥ ታ መለ ምንꬅ ኪታንቾ ሳሎፓ ሳአ ዎꬎደራ ብእዳ። ኤ ꬎነ ማእዳ፤ ኤ ኦምትላ አፋ ዙላ የነ። ኤ ስንታ አዋ ፋና፤ ኤ ቶህታ ታማ ቱስ ፋና።
420a0200cf	የ ኪታንችዘ ቡጉꬅ የዘ ፈቲ ኤራꬅ ጻጽንትደ ማጻፈ ፋ ኩሽተ አይኪ፥ ፋ ምዛቅ ቶህዛ አባላ አፋ፥ ፋ ዎርክታ ቶህዛ ሳአላ አፋ ኤስዳ።
420a030087	ꬋዝዘ ጋሞ ፋና ፋ ቃልቶ ꬎቅ ዪዚ ኡክዳ። ኤ ኡክደ ዎደ ላፑን ዳዱንꬅ ፋ ꬎግቶ ስስዳ።
420a0400e4	ላፑን ዳዱንꬅ ፋ ꬎግቶ ስስደ ዎደ ታ ጻፎደስ ጊግንትዳ። የዝን ሳሎፓ፥ «ላፑን ዳዱንꬅ ኦህዳኖ ማታመራ ጎርዶፕ አትን ጻፍፐ» ያጋዘ ኦꬅ ስእዳ።
420a050099	ይንፓ ሱባ፥ አባላ አፋን ሳአላ አፋ ኤቅደ፥ ታ ብእደ ኪታንችዘ፥ ፋ ምዛቅ ኩሽቶ ሳሎ ኡደ ምጭዳ።
420a0600f0	ኤ ሳሎን እ ግዳ የዘ ባዝ ኡባ፥ ሳአን እ ግዳ የዘ ባዝ ኡባ፥ አባን እ ግዳ የዘ ባዝ ኡባ መꬍደ፥ መዽና የዘ ጾዘ ሱንꬅተ ጫቂ፥ «ይኬፓ ሱባ፥ ጾዚ ጋምአማ።
420a0700b8	የዝን ላፑንꬆ ኪታንችዘ ፋ ሞይዛ ኦልደ ዎደ ጾዚ ፋ አሮ ማቅደ ናቡንꬅ ባጋራ ቆንጭዝደ ጋꬅ ቆፍታ ፎልንቶዳ» ጋይዳ።
420a0800ee	ይንፓ ሱባ፥ አባላ አፋን ሳአላ አፋ ኤቂ፥ «ኤ ኩሽተ ቡጉንቲ የዘ ጻጽንትደ ማጻፍዛ ኪታንችዘ ኩሽትፓ ኤኮ» ያጋእ ላምእንꬃ ሳሎፓ ታስ ኦሆደራ ስእዳ።
420a0900f7	ታኒ የ ኪታንችዘጎ Ꮉንግ፥ ኤራꬅ ጻጽንትደ ማጻፍዛ እንጎ ጋእ ኦጭዳ። ኤ ታጎ፥ «ኤኪ ሞኦ፤ እዛ ነ ሳዝተ ጫንጎዳ፥ የዝን ነ ዶንተ ሽዳ ፋና ማልኦዳ» ጋይዳ።
420a0a00b3	ታኒ ኪታንችዘ ኩሸፓ የ ኤራꬅ ጻጽንትደ ማጻፍዛ ኤኪ ሙእዳ፤ ታ ዶንተ ሽዳ ፋና ማልእዳ፥ የዝን ታ ሳዝተ ጫንግዳ።
420a0b00d2	ይንፓ ሱባ፥ ታጎ፥ «ኔኒ ኮች ኡባስ፥ ዎርዣ ኡባስ፥ ዱማ ዱማ ዶናራ ኦህንትዙንꬅስን ካቱንꬅስ ትንቢተ ማህ ኦሆደስ ቤዛነ» ያጋይዳ።
420b0100aa	ጉፈ አዝዘ Ꮉꬍዘ ባዝ ታስ እንግዳ፥ «Ꮉንግ ጾዘ ኬꬅቶን ዣርሾ በስቶ Ꮉꬎ፤ እዘ ጎይንዘ አሱንꬃናን ፋይዶ።
420b0200d0	የዝን ጾዘ ኬꬃ ባለ ቡጭታ አይሁደ ማቆሰ አሱንꬅስ እንግንትደ ግሾ ምጽፔ አሺ አꬎ። ኡንትን ኦይታም ላምእ አግና ጌሽ ካታማ አሆዳ።
420b03007f	ታኒ ላምእ ማርኩንꬅ አዛኖ ማኦ ማእ 1,260 ቃማ ትንቢተ ኦሆደ ፋና ዎልቃ እንጎዳ»።
420b04007e	የን ስ አላመ ላꬄ ቲኖ ኤቅዘ ላምእ ሻማሄ ምንጻን ላምእ ጾምፐ ጋድዘ ኮጩንꬃና።
420b0500c5	ኦደን ኡንታና ቆሆደስ ኮይኮ ኡን ዶንትፓ ታማ ከሳዳ፥ ኡን ሞርኩንꬃና ሞኦዳ። ኦደን ቆሆደስ ኮይኮ ይኒ ፋና Ꮉይቆ Ꮉይቆዳ።
420b060142	ኡን ትንቢተ ኦህዘ ይና ቃምተ እራ ቡካመ ፋና ሳሎ ጎርዶደስ ኡንትስ አደትꬅ ዎልቃ የነ። ኡንትስ Ꮉꬅ ሱꬅ ላሞደስን፥ ማህ ኡን ኮይደ ዎደ ኡባ ፋ ኮይደ Ꮉንቆራ ሳእቶ ꬋብሶደስ ኡንትስ አደትꬅ ዎልቃ የነ።
420b070099	ኡን ፋ ማርካትꬅቶ Ꮉስዳንፓ ሱባ፥ ዶቻፓ ከዝዘ ጾꬅዘ ኡንታራ ኦልንት፥ ጫዶዳ፥ ጋሞዳ፥ ዎꬎዳ።
420b0800d9	ኡን ላꬄ ማስቃላላ አፋ ሱጽንትደ ዳማ ካታማ ኦግትላ አፋ ኡን አህታ ኦልንቶዳ። ይና ካታምታ አዝዘራ ሶዶመ ዎይ ግብጸ ጋእንት ጼግንታነ።
420b0900fc	ማህ ባጋ ኡባፓ፥ ኮች ኡባፓ፥ ዱማ ዱማ ዶናፓን ዎርዣ ኡባፓ ይእደ አሱንꬅ ኡን አህቶ Ꮉይꬕ ቃማን ባጋ የሎደስ በአዳ። ኡን አህታ ሞግንታመ ፋና አሱንꬅ ካዮዳ።
420b0a00df	Ꮉንꬅ ላምእ ናቡንꬅ ሳአ የዘ አሱንꬃና ኡንእꬅደ ግሾ አሱንꬅ ኡን Ꮉይቅተ ኡፋይቶዳ። ፋ ኡፋይስትስ ባአለ ኦቾዳ ፈተ ፈተስ እሞን እንጎዳ።
420b0b00c5	Ꮉይꬕ ቃማ ባገፓ ሱባ፥ ደኦ አያና ጾዘ ካለፓ ይእ ኡን ግዳ ገልን፥ ኡን ደንዲ ኤቅዳ። ኡንታና ብእደ ኡባ ዳማ ዣሽሞ ዣሽትዳ።
420b0c00d2	ይንፓ ሱባ፥ የንꬅ ላምእ ናቡንꬅ፥ «ኡደ ከዞተ» ጋዘ ቃላ ሳሎፓ ስእዳ። ኡን ሞርኩንꬅ ኡንታና ቤዝን፥ ꬎነ ግዳ ገሊ ኡደ ሳሎ ከዝዳ።
420b0d010a	ይና ሳተ ሳአ ዳማ ኤንኤ ኤንእን፥ ካታማፓ ታጵ ኩሸ ማቃደ ꬋብዳ። ማህ ሳአ ኤንእተ ላፑን ሙኩል አስ Ꮉይቂዳ። አትደ አሱንꬅ ጋማ ጎቂ ዣሽቲ፤ ሳሎ ጾዝስ ቦንቾ እንግዳ።
420b0e006b	ላምእንꬃ ባድዘ አꬍዳ፥ የዝን Ꮉይቼ Ꮉይꬒንꬃ ባድዘ ኤልሲ ዮኦዳ።
420b0f00f0	ላፑንꬃ ኪታንችዘ ፋ ሞይዛ ኦልዳ። ሳሎፓ፥ «ሳአ ካእቱሞ ኑ ላꬄስን ክርስቶሳስ ማቅዳ፤ ኤ መꬍናፓ መዽና የሎደስ ካእቶዳ» ጋዘ ዳማ ግርሱንꬅ ስንትዳ።
420b100079	ጾዘ ቲኖ፥ ፋ አራቱንꬃላ በትደ ላምእታም ኦይዲ ጭሙንꬅ ዙጊ፥ ጾዘስ ጎይኒ፥
420b1100a1	«የዘን የዝደ፥ ላꬆ፥ ኡባፓ ዳማ ጾዛዮ፥ ኔኒ ዳማ ዎልቃ አይክዳ። ኔኒ ካእትደ ግሾ ኑኒ ነና ጋላታነ።
420b1201c5	አይሁደ ማቆሰ አሱንꬅ Ꮉንቅንትዳ፥ የዝን ነ Ꮉንቅታን ይእዳ። Ꮉይቂዱንꬃላ ነ ፍርድዘ ዎደ ይእዳ። ኔኒ ኔስ ኦችዙንꬅስ፥ ናቡንꬅስ ጌሹንꬅስን ነ ሱንꬅትስ ዣሽትዙንꬅስ፥ ኤራꬁንꬅስን ዳሙንꬅስ፥ ኡን ኦችት ጋር እንግዘ ዎደ የልዳ። አላመ ꬋብስዙንꬃና ꬋብስዘ ዎደ ይእዳ» ያጋይዳ።
420b1300de	ሳሎ የዘ ጾዘ ኬꬅታ ቡጉንትዳ፤ እ ግዳ ጾዘ ጫቆ ታቦተ በንትዳ። ማህ ዜልንꬅ ዜልንግዳ፥ ꬎገ ꬎግዳ፤ ዳዳ ꬉቂዳ፤ ሳአ ኤንእዳ፤ ሻች ቡክዳ።
420c0100ce	ይንፓ ሱባ፥ ሳሎ ዳማ ማላ በንትዳ። አዋ ማእደ፥ አግናላ ኤቅደ፥ ታጶ ላምእ ጾልንቶ ዎርቃ ዛዉደ ፋ ኦምተ ጋድደ፥ ፈቲ ማችታ የነ።
420c020066	ይና ማችታ ዎዳꬅ የዝን፥ እዞ የሎ ꬋኤ አይክን ኡንእንት ኡክዳ።
420c0300cf	ማህ መለ ማላ ሳሎ በንትዳ። ላፑን ኦማን ታጵ ጉሙር የዘ ዳማ ዞቆ ዳዋ በንትዳ። ኤ ፋ ኦሙንꬃላ አፋ ላፑን ዎርቃ ዛዉዱንꬃና ጋድዳ።
420c0400f9	የ ዳውዘ ፋ ኡንክተ ጾሉንቶ Ꮉይꬓፓ ፈቲ ኩሽቶ ሳሎፓ ጎች ሳአ ኦልዳ። የ ዳውዘ ናአይ የልንት ዎꬍደ ፋና ቆꬎደስ ኮይ፥ የሎደስ ꬋእንትዘ ማችት ቲንተ ኤቅዳ።
420c0500ac	ይና ማችታ ካእቱሞ ኡባ መቆ ጉፈራ አሆደስ የዘ ꬊራꬅ ናአ የልዳ። ናአይ ጾዛጎን ኤ አራትዘጎ ሳሎ ኤክንትዳ።
420c06008f	ማችታ 1,260 ቃማ የሎደስ እዞ ናጎደ ፋና ጾዚ ኢስ ጊግዚ ጋድደ በሳ አኮ ባይዘ ሳአ አችንትዳ።
420c0700b0	ሳሎ ኦላ መꬍንትዳ። ሚካኤለ ፋ ኪታንቹንꬃራ ዎላ ዳዋራ ኦልንትዳ፤ ዳውዘ ፋ ኪታንቹንꬃራ ማቂ ማህ ኦልንትዳ።
420c080052	የዝን ዳውዘ ጋምንትን ሳሎ ኡንትስ የዘ በሲ ꬋብዳ።
420c0900dc	ዳማ ዳውዘ፥ ዛጋ ሾሸ፥ ሳአ ኦልንትዳ። ኤዝን ዳቡሎሳ ዎይ ጻላሄ ጋእንትዘ አላመ ባልꬅዛያ። ኤ ፋ ኪታንቹንꬃራ ዎላ ሱለ አላመ ኦልንትዳ።
420c0a013a	ይንፓ ሱባ፥ ሳሎ Ꮉንጋራ ያጋዘ ቃላ ስእዳ። «Ꮉተ አቶትꬅ፥ ዎልቃን ካእቱሞ፥ ኑ ጾዘስ፤ አደትꬅ ዎልቃ ክርስቶሳስ ማቅዳ። ይኬ፥ ቃማን አዋራ ጾዘ ቲንተ፥ ኑ እሹንꬃና ሞትዛይ ሳሎፓ ሱለ ኦልንትዳ።
420c0b00bb	ኡን ዱርዘ ሱꬅተን ፋ ማርካትꬅ ቃልተ፥ ኤዛ ኦሊ ጋምዳ። ኡን ፋ ሸምፕትስ ይቅስንትካይዛራ ፋና Ꮉይቆስ አꬂ እንግዳ።
420c0c00f5	ይኒ ግሾ፥ ሳሎን ኤ ግዳ የዙንꬆ ኡፋይቶተ። የዝን ሳአን አባን ባደ! ይኬ፥ ዳቡሎሳ ፋስ ኤራꬅ ዎደ አትዳኖ ኤርደ ግሾ ዳማ Ꮉንቆራ ይንታጎ ዎꬍዳ» ያጋይዳ።
420c0d0071	ማህ ዳውዘ ፋና ሳአ ኦልዳኖ ብእደ ዎደ ꬊራꬅ ናአ የልደ ማችቶ ባይእዳ።
420c0e00e9	ማችቶ ሾሸ ቆሀመ ጋር Ꮉይꬕ በረን ባጋ ሙእተራን ኡዥተራ እዛ ናግንትዘ በሲ አኮ ባይዘ ጋናሳ ፍሪ ቅቶደ ጋር ላምእ ዳማ አንኮ ቀፈ ኢስ እንግንትዳ።
420c0f008d	የይዝ፥ ማችቶ Ꮉሮ ጎጊ ሾኪ ኤኮደ ፋና ዳውዘ ቦርካ Ꮉꬅ ፋና ፋ ዶናፓ ማችት ሱባራ ጮዥዳ።
420c10007e	የዝን ሳእታ ማችቶ ማድዳ፤ ሳእታ ፋ ዶንቶ ቡጊ ዳውዘ ዶናፓ ከዝደ Ꮉꬅቶ ቆꬍዳ።
420c1100d0	የ ዳውዘ ማችትላ አፋ ጋማ ሸንꬊ፥ እ ዛሩንꬃና፥ ጾዘ ኪታ ናግዙንꬃናን የሱሳ ቆንጭዝደ ቱረትꬅትስ አማንትዱንꬃና ኦሎደስ Ꮉንግ፥
420d010140	ዳውዘ አባ ጋጻ የዘ ሻፍተ ኤቅዳ። ይንፓ ሱባ፥ ፈቲ ጾꬅዘ አባፕ ከሳደራ ብእዳ። ኤስ ታጵ ጉሙርን ላፑን ኦማ የነ። የንꬅ ታጵ ጉሙሩንꬃላ አፋ ታጵ ዛዉዱንꬅ የነ። የ ኦሙንꬃላ አፋ ባድꬅ ጫሽ ሱንꬅ የነ።
420d0200f3	ታ ብእደ ጾꬅዘ ዎርባ አዛነ፤ ኤ ቶህታን ባባንꬅ ቶሄ አዛነ፤ ኤ ዶንታን ጋሞ ዶና አዛነ። ዳውዘ ፋ ዎልቅቶ፥ ፋ አራትዛን ፋ አደትꬅቶ የ ጾꬅዘስ እንግዳ።
420d0300d5	የ ጾꬅዘ ኦምትፓ ፈተ Ꮉይቆስ የልꬅዘ Ꮉርግዘ በሲ የዛኖ ብእዳ፥ የዝን ይና Ꮉርግዘ በስታ ፋጽዳ። አላመ ኡባ ጋማ ቆፒ የ ጾꬅዛ ካልዳ።
420d0400fc	ዳውዘ ፋ አደትꬅቶ ጾꬅዘስ እንግደ ግሾ አስ ኡባ ዳውዘስ ጎይንዳ። ማህ አሱንꬅ፥ «ጾꬅዛ አዝዘ ኦደ? ኤዛራ ኦልንቶደስ ዳንዳእዘ ኦደ?» ያጋእ ጾꬅዘስ ጎይንዳ።
420d0500b1	የ ጾꬅዘስ ኡቱርቶደ ጋራን ጫሻደ ጋር ዶና እንግንትዳ፤ ኦይታም ላምእ አግና አሆደ ጋር ዎልቃ ኤስ እንግንትዳ።
420d060071	የ ጾꬅዘ ጾዛ፥ ኤ ሱንꬅቶ፥ ኤ የዘ በስቶን ሳሎ የዙንꬃና ጫሽ አይክዳ።
420d0700f2	የ ጾꬅዘ ጌሹንꬃና ኦሊ፥ ጋሞደ ጋር ዎልቃ ኤስ እንግንትዳ። ኮች ኡባ፥ ዎርዣ ኡባ፥ ዱማ ዱማ ዶና ኦህዘ ኡባን ዎርዣ ኡባላ አፋ አደትꬅ ኤስ እንግንትዳ።
420d0800cb	አላመ መꬍንትዳንፓ አይኪ፥ ሹክንትደ ዱርዘ ደኦ ማጻፍተ ኡን ሱንꬅታ ጻፍንትካይዘ Ꮉና ሳእተ የዘ አስ ኡባ የ ጾꬅዘስ ጎይኖዳ።
420d090028	ስእዘ Ꮉየ የዘ አስ ስኦ።
420d0a00b8	ኦደን ድእንቶደስ የዘ ድእንቶዳ። ማሻራ Ꮉይቆደስ የዘ ማሻራ Ꮉይቆዳ። ጌሹንꬅ ዳንዳእታን አማኖራ ኤርንቶደ ይነ።
420d0b00a3	ማህን፥ መለ ጾꬅ ሳአፓ ከሳደራ ብእዳ። ኤስ ዱሮ ጉሙር አዝዘ ላምእ ጉሙር የነ፤ ኤ ኦህዛና ዳውዘ ፋና።
420d0c00ca	ኤ ቲኖ ጾꬅዘ አደትꬅ ዎልቃራ ኦቻነ። ኤን Ꮉይቆስ የልꬅዘ Ꮉርግዘ በሳፓ ፋጽደ ቲኖ ጾꬅዘስ፤ ሳአ የዘ ኡባ ጎይኖደ ጋር ዪዛነ።
420d0d0097	የ ላምእንꬃ ጾꬅዘ መለ አቶ የዝን፥ ታማ ሳሎፓ አስ ኡባ ቲኖ ከꬆደ ዎንꬅስ ዳማ ክለ ባዝ ኦችዳ።
420d0e00fc	ቲኖ ጾꬅዘ ቲንተ ኦቾደ ፋና፥ ኤስ እንግንትደ ክለ ባዝ ሳአ የዘ አስ ኡባ ባልꬅዳ። ማሻራ Ꮉርግዝደ በሲ ፋጽደ ጾꬅዘ ቦንቾስ ምስለ ጊግሳደ ፋና ኡንታና ኪትዳ።
420d0f00c3	ላምእንꬃ ጾꬅዘ ቲኖ ጾꬅዘ ምስልዘስ ሸምፖ እንግ ኦህንቶደ ፋናን ኤስ ጎይኖሱንꬅ Ꮉይቆደ ፋና ኦችዘ አደትꬅ እንግንትዳ።
420d1000ab	የ ላምእንꬃ ጾꬅዘ ዳማን ኤራꬅ፥ ዳሃን ዱረ፥ ላꬅን አሮ ፋ ምዛቅ ኩሽተ ዎይ ፋ ስንተ ማላ ጋዶደ ፋና ዪዝዳ።
420d110097	የ ጾꬅዘ ሱንꬅታ ዎይ ኤ ሱንꬅት ፋይድት ማላ ባይዘ አስ ኦደን ባይዞደስን ዎንጎደስ ዳንዳኦስ።
420d1200e3	ጭንጫትꬅ ኮሽዘ Ꮉነ። ቆፋ የዘ ኦደን የ ጾꬅዘ ፋይድት ብልꬅቶ ኤሮ፤ ይና ፋይድታን አስ ፋይዶ። ይና ፋይድታ እዝፑን ጼት እዝፑንታም እዝፑን።
420e0100ba	ዱርዘ ጽዮነ ደርዘላ አፋ ኤቀዝን ብእዳ። ኤራ ኤ ሱንꬅታን ኤ አዳይ ሱንꬅታ ኡን ስንተ ጻፍንትደ፥ 144,000 አሱንꬅ የነ።
420e0200ab	ሳሎፓ ዳማ Ꮉꬅ ጉመን ዳዳ ꬎገ ኦꬅ አዝዛ ስእዳ። ማህ ታ ስእደ ይና ኦꬅታን ዲꬅ ዲጾደራ ስንትዘ ግርስ ፋና።
420e0300d4	አትደ 144,000 አሱንꬅ አራትዘ ቲኖ፥ ኦይዲ መ ቱንꬅ ቲኖን ጭሙንꬅ ቲኖ ኤቅደ ኡንታፓ መለ ኦደን ታማሮደስ ዳንዳኦሰ ክለ ማዝሙረ የጽዳ።
420e0400f7	የን ስ ማችራ ፋና ቱንዝካይዛራ ናግደ ጌሹንꬃና። ኡን ዱርዘ Ꮉንግዘ በሳ ኡባ ካላነ። ኡን ጾዘስን ዱርዘስ አንግስ ማቂ፥ ሺቆደስ ሳአ አስ ግዳፓ ዎዝንትዳ።
420e05002a	ኡንታላ ዎርዶን ቦረ ባያ።
420e0600f9	ይንፓ ሱባ፥ መዽና ዎንገለ ሳአላ አፋ የዘ ካእቱሞ ኡባስ፥ ኮች ኡባስ፥ ዱማ ዱማ ዶና ኡባስን ዱማ ዱማ ባጋ ኡባስ ማርክꬋደስ ሳሎራ ፍርዘ መለ ኪታንቾ ብእዳ።
420e0700f4	የ ኪታንችዘ ፋ ቃልቶ ꬎቅ ዪዚ፥ «ጾዚ አላመ ፍርድዘ ሳታ የልደ ግሾ ጾዝስ ዣሽቶተ፤ ኤዛ ቦንቾተ። ሳሎ፥ ሳአ፥ አባን Ꮉꬅ ኣፈ መꬍደ ጾዛ ጎይኖተ» ጋይዳ።
420e0800c1	ቲኖያ ካሊ መለ ላምእንꬃ ኪታንችዘ፥ «ዎርዣ ኡባ ቱናራ ማꬅዘ ዎይነ ኡሽደ፥ ዳማ ባብሎነ ጎልእዳ! ጎልእዳ!» ያጋእ ኡክዳ።
420e0900db	Ꮉይꬕንꬃ ኪታንችዘ ኡንታና ካሊ፥ ፋ ቃልቶ ꬎቅ ዪዚ፥ «ጾꬅዛን ኤ ምስልቶ ጎይንዘ ማህ ኤ ማልቶ ፋ ስንተ ዎይ ፋ ኩሽተ ጋድደ ኦደን የዝኮ፥
420e0a00ad	ኤ Ꮉንቆ ጹአ ኩምደ ጾዘ Ꮉንቆ ዎይነ ኡሻዳ። ኡን ጌሽ ኪታንቹንꬅ ቲኖን ዱርዘ ቲኖ ኤጽዘ ዲነ ታማ ዋይንቶዳ።
420e0b010a	ኡን ዋይንትዘ ታምት ጩግታ መꬊ መꬍናስ ጩግተራ የሳዳ። ጾꬅዛን ኤ ምስልቶ ጎይንዘን ማህ የ ጾꬅዘ ሱንꬅት ማላ የዘ ኦደን ቃማን አዋራ ሸምፖ ባይꬅ ካእንቶዳ» ያጋይዳ።
420e0c006e	ጾዘ ኪታ ናግዙንꬅን የሱሳ አማኒ ገንጭዙንꬅ ጌሹንꬅ ዳንዳእታ ይነ።
420e0d0113	ይንፓ ሱባ፥ «ይኬፓ ላꬃራ Ꮉይቅዙንꬅ አንጅንትዱንꬃና» ያጋዘ ቃላ ሳሎፓ ስእዳ፤ Ꮉኖ ጻፎ። አያና፥ «ዬ ቱሮ፥ ኡን ኦችታ ኡንታና ካልደ ግሾ ኡን ፋ ዋይትፓ ሸምፖዳ» ያጋነ።
420e0e00c3	ይንፓ ሱባ፥ ቦꬅ ꬎነላ አፋ በትደ አስ ናአ አዝዛያ ብእዳ። ኤ ፋ ኦምተ ዎርቃ ዛዉደ ጋድዳ፤ ማህ ፋ ኩሽተ ኦጮ ባጫ አይክዳ።
420e0f00f3	መለ ኪታንቾ ጾዘ ኬꬃፓ ከዚ፥ ꬎነላ አፋ በተዘጎ ፋ ቃልቶ ꬎቅ ዪዚ፥ «ባሀ ሺሽዘ ዎደ የልደ ግሾ ነ ባጫ ኤኪ ባህቶ ማንኦ፤ ጋድተ የዘ ባህታ ቦትዳ» ጋይዳ።
420e10005e	ꬎነላ አፋ በትደ ፋ ባጫ ጋደ ዳኪ፥ ጋደ የዘ ባህቶ ማንእዳ።
420e11006b	ማህን ሳሎ የዘ ጾዘ ኬꬃፓ መለ ኪታንቾ ከዝዳ፤ ኤስን ኦጮ ባጫ የነ።
420e12013e	ታማላ አፋ አደትꬅ ዎልቃ የዘ መለ ኪታንቾ ዣርሾ በሳፓ ከዝዳ። ኤ ፋ ቃልቶ ꬎቅ ዪዚ ኦጮ ባጫ አይክደ ኪታንችዘጎ፥ «ዎይነ ኣፍታ ዲልደ ግሾ ነ ኦጮ ባጭዛ ኤኪ፥ ጋደ የዘ ዎይንትፓ ዣንግቶ ጋቾ» ያጋይዳ።
420e13008c	የ ኪታንችዘ ፋ ባጭዛ ኤኪ፥ ጋደ የዘ ዎይንትፓ ጋቺ፥ ጾዘ ዳማ Ꮉንቆ ጭጭዘ በስተ ኦልዳ።
420e1400ee	ይና ዎይነ ኣፈ ጭጭዘ በስታ ካታማፓ ጋጻ የꬍንትዳ። ሱꬅ ዎይነ ጭጭዘ በሳፓ ከዚ Ꮉይꬕ ጼት ክሎ ምትረ ፋና Ꮉኪ፥ ፋራ ብጻለ የሎደ ፋና ኤሊ ꬎቅ ጋይዳ።
420f0100c2	ታኒ ሳሎ መለ ዳማን ጋማ ቆፍዘ ማላ ብእዳ። ጾዘ ዉርሱꬅ Ꮉንቆ ቆንጭዘ ላፑን ቦሹንꬃና አይክደ ላፑን ኪታንቹንꬃና ብእዳ።
420f020107	ማህ ታማራ ዎርቂንትደ ቡርጩቆ አባ አዝዛ ብእዳ። ይና አባ ጋጽተ ጾꬅን፥ ኤ ምስልቶን ኤ ሱንꬅት ፋይድቶ ጋምዱንꬃና ብእዳ። ጾዚ ኡንትስ እንግደ ባጋና አይኪ ኤቅዳ።
420f030107	ኡን ጾዘ አርዘ ሙሴ ማዝሙረን ዱርዘ ማዝሙረ Ꮉኒ ጋር ያጋእ የጺዳ። «ላꬆ፥ ኡባፓ ዳማ ጾዛዮ፥ ነ ኦችታ ዳማን ጋማ ቆፍዘ ባዝ። ዎርዣ ኡባ ካታዮ፥ ነ ኦግታ ጽሎን ቱሮ።
420f0400e1	ጌሽ ነ ጻላላ ማቅደ ግሾ ላꬆ፥ ኔስ ዣሽቶሰን ነ ሱንꬅቶ ቦንቾሰ ኦደ? ነ ጽሎ ኦችታ ቆንጭደ ግሾ ካእቱሞ ኡባ ነ ቲኖ ይእ ጎይኖዳ» ያጋእ የጻነ።
420f050065	ይንፓ ሱባ፥ ሳሎ ቡጉንትን ጾዘ ኬꬃ፥ ማርካትꬅ ዱንካነ ብእዳ።
420f0600c9	ላፑን ቦሹንꬃና አይክደ ላፑን ኪታንቹንꬅ ጾዘ ኬꬃፓ ከዝዳ። ኡን ጌሽን ፎጭዘ ሊኖ ማኦ ማእዳ፤ ፋ ዳዳብተ ዎርቃ ሳቀ ዳንጭዳ።
420f0700a4	ኦይዲ መ ቱንꬃፓ ፈታይ፥ መꬍናስ የዘ ጾዘ Ꮉንቆ ኩምደ ላፑን ዎርቃ ጹኡቶ ላፑን ኪታንቹንꬅስ እንግዳ።
420f0800fb	ጾዘ ቦንቾፓን ኤ ዎልቂትፓ ደንድዳነ ጾዘ ኬꬅታ ጩጋራ ኩምዳ። ላፑን ኪታንቹንꬅ አይክደ ላፑን ቦቹንꬅ ፎልንቶደ ዎንꬅስ ጾዘ ኬꬃ ኦደን ገሎደስ ዳንዳእካያ።
42100100cd	ይንፓ ሱባ፥ ጾዘ ኬꬃፓ ላፑን ኪታንቹንꬃጎ፥ «Ꮉንግ ጾዘ Ꮉንቆ ላፑን ጹኡንꬃፓ ሳአ ጉሶተ» ያጋእ፥ ኦህዘ ꬎቅ ጋይደ ቃላ ስእዳ።
42100200d7	ቲኖ ኪታንችዘ Ꮉንግ፥ ፋ ጹእተ የዛኖ ሳአ ላልን፥ ጾꬅዘ ማላ የዙንꬃላ አፋን ኤ ምስልቶ ጎይንዱንꬃላ አፋ ኢታ Ꮉዢ Ꮉርግዘ በሲ ከዝዳ።
42100300c8	ላምእንꬃ ኪታንችዘ ፋ ጹእተ የዛኖ አባ ላልን፥ አብዘ Ꮉይቂደ አስ ሱꬅ ላንትደ ባዝ አዝዳ። ማህ አባ የዘ መ ትꬅ ኡባ Ꮉይቂዳ።
4210040080	Ꮉይꬕንꬃ ኪታንችዘ ፋ ጹእተ የዛኖ ቦርካን Ꮉꬅ ኣፈላ ላልን፥ Ꮉꬅታ ሱꬅ ማቅዳ።
42100500d4	ይንፓ ሱባ፥ Ꮉꬅትላ አፋ አደትꬅ የዘ ኪታንቾ Ꮉኒ ጋር ያጋዝን ስእዳ። «Ꮉተን ዛጋን የዛይ ጌሽዛዮ፥ Ꮉኒ ጋር ነ ፍርድደ ግሾ ነ ጽሎ።
42100600a2	ኡን ጌሹንꬅ ሱꬅን ናቡንꬅ ሱꬅ ላልደ ግሾ ኡን ሱꬅ ኡሻደ ጋር ዪዳ። ኡን ቤዝዘ ፍርዳ ኤክዳ» ያጋይዳ።
4210070086	ዣርሾ በሳፓ፥ «ዬ፥ ኡባ አህዘ ላꬅ ጾዛዮ፥ ነ ፍርድታ ቱሮን ጽሎ» ያጋዘ ቃላ ስእዳ።
42100800b1	ኦይድንꬃ ኪታንችዘ ፋ ጹእተ የዛኖ አዋላ ላልን፥ አዋ ፋ ምቻራ አሱንꬃና ምጭሳደ ፋና አዋስ ዎልቃ እንግንትዳ።
42100900be	አሱንꬅ ዳማ ቴላር ምችንትዳ፥ ይና ቦቹንꬃላ አፋ አደትꬅ የዘ ጾዘ ሱንꬅቶ ባድዳ፤ ፋ ናጋርትፓ ማርንቲ ጾዛ ቦንችካያ።
42100a00d5	እችንꬃ ኪታንችዘ ፋ ጹእተ የዛኖ ጾꬅዘ አራትዘላ አፋ ላልን፥ የ ጾꬅዘ ካእቱምታ ꬉምዳ። አሱንꬃና ኡንእደ ግሾ ፋ እልአንꬅቶ ꬋአነ።
42100b0094	ማህ አሱንꬃና ኡንእደ ግሾን Ꮉርግዘ በስቲ ግሾ ሳሎ ጾዛ ጫዥዳ፤ ፋ ኦችደ ናጋርትፓ ማቅካያ።
42100c00c9	እዝፑንꬃ ኪታንችዘ ፋ ጹእተ የዛኖ ዳማ ኤፍራጥሰ ቦርካ ላልን፥ አዋ ኬስ ዛላፓ የኦደ ካቱንꬅስ ኦግታ ጊጎደ ጋር Ꮉꬅታ መልዳ።
42100d00ab	ይንፓ ሱባ፥ ኦናቀ አዝዘ Ꮉይꬕ ቱና አያኑንꬅ ዳውዘ ዶናፓ፥ ጾꬅዘ ዶናፓን ዎርዶ ናብዘ ዶናፓ ከዝን ብእዳ።
42100e00e8	የን ስን ማላ ኦችዘ ቱና አያኑንꬃና። የን ስ Ꮉይꬕ ቱና አያኑንꬅ ኡባፓ ዎልቃማ ጾዘ ቃምተ Ꮉኖደስ የዘ ኦላስ ሺሾደስ አላመ ኡባ ካቱንꬃጎ ከዞዳ።
42100f00b1	«ይኬ፥ ታ ካይዞ ጋር ዮኦዳ! ካልꬋመ ፋናን ቦርሱንታመ ፋና ባርክ፥ ፋ ማእቶ ናግዘ አꬄ አንጅንትዳያ!» ያጋይዳ።
421010007b	የንꬅ ቱና አያኑንꬅ ካቱንꬃና እብራይስጠ ዶናራ አርማገዶነ ጋዘ በሳ ሺሽዳ።
42101100b6	ላፑንꬃ ኪታንችዘ ፋ ጹእተ የዛኖ ጫርኮላ አፋ ላልን፥ ጾዘ ኬꬃ የዘ አራትዘፓ፥ «ፎልንትዳ» ያጋዘ ዳማ ቃላ ከዝዳ።
42101200ce	ይንፓ ዜልንꬅ ዜልንግዳ፤ ዳዳ ꬎግዳ፥ ሳአ ኤንእዳ። አስ ሳአላ መꬍንትደፓ Ꮉኖ የሎደስ ይኒ ፋና ኤንኤ ኤንእካያ። ኡባፓ አꬍዳ።
42101300f3	ዳማ ካታምታ Ꮉይꬕ ኬዚ ሻክንትዳ፤ ሳአ የዘ ካታምታ ኡባ ꬋብዳ። ጾዚ ዳማ ካታምቶ ባብሎነ ቆፒ፥ ፋ ኢታ Ꮉንቆ ዎይነ ኡሽ ኩምደ ጹእዛ ኡሻደ ጋር እንግዳ።
4210140053	Ꮉꬃር ተቅንትደ ሳእታ ꬋብዳ፤ ደሩንꬅን በንትካያ።
42101500cc	አሳላ አፋ እችንታም ክሎ ጊራመ ፋና ዳማ ሻች ሳሎፓ ቡክዳ። Ꮉንቅታ ጋማ ኢታ ማቅደ ግሾ አሱንꬅ ይና ሻች Ꮉንቅት ግሾ ጾዛ ጫዥዳ።
42110100d6	ላፑን ጹእቶ አይክደ ላፑን ኪታንቹንꬃፓ ፈታይ ታጎ ይእ፥ «ዮኦ፤ ጋማ Ꮉꬃላ አፋ በትደ ዳማ ኦላልትላ ዮኦደስ የዘ ፍርዳ ታ ነና ቤሳዳ።
421102008f	አላመ ካቱንꬅ ኢራ ኦላልዳ፤ አላመ የዘ አሱንꬅ እ ኦላለ ዎይንዛ ኡዢ ማꬅንትዳ» ያጋይዳ።
42110300e3	የ ኪታንችዘ ታና ጌሽ አያናራ አኮ ባይዘ ሳአ ካንግዳ። የይጋ ፈቲ ማችታ ጫሽ ሱንꬅ ኩምደ፥ ላፑን ኦማን ታጵ ጉሙር የዘ ዞቆ ጾꬅ ቶግዳኖ ብእዳ።
421104010f	ይና ማችታ ቦንቾ ማኦን ዞቆ ማኦ ማእዳ፤ እዛ ዎርቃራ፥ ቦንቾ ሹቻራን እንቆ ጋዘ አልኦ ሹቻራ ሹርንትዳ። እዛ ፋ ኩሽተ ቦርስዘባዝን ኦላለ ቱናራ ኩምደ ዎርቃ ጹአ አይክዳ።
42110500ad	እ ስንተ አችንትደ ሱንꬅ፥ «ዳማ ባብሎነ፥ ኦላለስን ሳአ የዘ ቱና ባዝ ኡባስ እንዶ» ያጋዘ ጹፈ ጻፍንት የነ።
42110600a4	ማህ ይና ማችታ ጌሹንꬅ ሱꬅን የሱሳስ ማርክꬍተራ Ꮉይቂዱንꬅ ሱꬅቶ ኡዢ ማꬅንትዳኖ ታ ብእ ጋማ ቆፕዳ።
42110700c9	ኪታንችዘ ታጎ፥ «ኔኒ አኮስ ጋማ ቆፐ? ታኒ ኔስ ማችት ጋꬅ ቆፋን እዛ ቶክደ ላፑን ኦማን ታጵ ጉሙር የዘ ጾꬅዘስ ጋꬅ ቆፋ ኦሆዳ።
4211080175	ኔኒ ብእደ ጾꬅዘ ቲኖ የነ፥ Ꮉተ ባያ። የ ጾꬅዘ ዳማ ኦላፓ ከዚ ꬋቦደስ ቅቶዳ። ሳአ መꬍንትዳንፓ አይኪ፥ ደኦ ማጻፍተ ኡን ሱንꬅታ ጻፍንትካይዘ ሳአ የዘ አሱንꬅ ጾꬅዛ ብእ ጋማ ቆፕዳ። ይኬ፥ ኤ ቲኖ የነ፤ Ꮉተ ባያ፥ የዝን ቲኖስ ዮኦዳ።
42110900a6	«ጭንጫትꬅን ቆፋ ኮሽዘ Ꮉነ። ላፑን ኦሙንꬅ ማችታ በትደ ላፑን ደሩንꬃና፤ የን ስ ማህ ላፑን ካቱንꬃና።
42110a00be	ኡንታፓ እችን ካቱንꬅ ጎልእዳ። ፈታይ Ꮉይኖ የሎደስ አሃነ፤ Ꮉንካይ Ꮉጋ ይእካያ። ኤ ይእ ኤራꬅ ዎደ ጋምኦደስ ቤዛነ።
42110b00a9	ቲኖ የዝደ ጾꬅዘ፥ Ꮉተ ባይዛይ፥ ኤ ፋ ኦምተ ኦስፉንꬃ ጾꬅ። ኤ ላፑን ጾꬁንꬃፓ ፈታያ፤ ኤ ꬋቦደስ ቅታነ።
42110c00e1	«ኔኒ ብእደ ታጵ ጉሙሩንꬅ አሄ አይክካይዘ ታጵ ካቱንꬃና። የዝን ኡን ጾꬅዘራ ዎላ ፈቲ ሳተ ካእት አሆደስ ኡንትስ አደትꬅ ዎልቃ እንግንቶዳ።
42110d0084	ኡን ኡቡንꬅስ ፈቲ ቆፋ የነ፤ ኡን ፋ ዎልቂቶን ፋ አደትꬅ ዎልቅቶ ጾꬅዘስ እንጎዳ።
42110e00f9	ኡን ዱርዘራ ኦልንቶዳ፥ የዝን ዱርዘ ላꬁንꬅ ላꬃያ ካቱንꬅ ካታያ ማቅደ ግሾ ኤ ጼግዱንꬅ፥ ዶርዱንꬅን አማንንትዱንꬂ የንꬅ ካቱንꬃና ኤራ ጋሞዳ» ያጋይዳ።
42110f00b3	ኪታንችዘ ማህ ታጎ፥ «ኦላልታ በትደ የ ኔኒ ብእደ Ꮉꬅታ ዎርዡንꬅ፥ አሱንꬅ፥ ኮችን ዱማ ዱማ ዶናራ ኦህዙንꬃና።
42111000ea	ማህ ነ ብእደ ታጵ ጉሙሩንꬅን ጾꬅዘ ኦላለ ማችቶ እጾዳ። ኡን ኢስ የዘ ኡባባዝቶ ኤኮዳ። ማህ እዞ Ꮉሪ አሾዳ እ አሽቶ ሞኦዳ፤ ይንፓ እዞ ታማ ምቾዳ።
4211110109	ይኬ፥ ጾዘ ቃልታ ፎልንቶደ ዎንꬅስ ኡን ቆፍታ ፈቶ ማቃደ ፋና ካእቱሞ አደትꬅ ዎልቅቶ ጾꬅዘስ እንጎደ ፋና ጾዚ ቆፕዳኖ ኡን ኦቾደ ፋና ኡን ዎዝንተ ጾዚ አሞተꬅ ጋድዳ።
4211120065	የ ነ ብእደ ማችታ ሳአ ካቱንꬃላ ካእትዘ ዳማ ካታምቶ» ያጋይዳ።
4212010099	ይንፓ ሱባ፥ ዳማ ዎልቃ የዘ መለ ኪታንቾ ሳሎፓ ዎꬎደራ ታ ብእዳ። ኤ ቦንችትፓ ደንዲ ሳአ ፎእዳ።
42120200f6	ꬎቃ ኦꬃራ፥ «ዳማ ባብሎነ ጎልእዳ! ጎልእዳ! ቱና አያኑንꬅ አቅዘ በሲ ማቅዳ። ኢታ አያኑንꬅስ ኬꬂ ማቅዳ፤ ቱናን እጽንትደ ላንዱንꬅስ ሸምፕዘ በሲ ማቅዳ።
42120300d2	ዎርዣ ኡባ እዛ ፋ ኦላለ Ꮉንቆ ዎይነ ኡሽዳ። ሳአ ካቱንꬅ ኢራ ኦላልዳ። ኢስ ዎትዳንፓ ደንዲ ሳአ የዘ ዛልእዙንꬅ ዱርꬍዳ» ያጋይዳ።
42120400f4	ይንፓ ሱባ፥ ታ ሳሎፓ Ꮉኒ ጋር ያጋዘ መለ ቃላ ስእዳ። «እ ናጋርቶ ኢራ ኮጻመ ፋናን፥ እዛ ኤኮደስ የዘ Ꮉንቆ ይን ኤካመ ፋና፥ ታ ዎርዡንꬆ እ ካለፓ ከዞተ።
4212050063	ይኬ፥ እ ናጋርታ ሳሎ የሎደስ ዶርንትዳ። ጾዚ እ ቆህቶ ቆፕዳ።
42120600f7	እዛ እንግዳን ፋና ላምእ ኩሸ ኢስ እንጎተ። እዛ ኦችደ ኦችትስ ላምእ ኩሸ ኢስ ማሆተ። እዛ ጊግዝደ ኡሽትላ አፋ ይን ላምእ ኩሸ ማꬅዘ ኡሽ እ ጹእተ ዎርቆተ።
4212070115	እዛ ቦንችንትዳን ፋናን ኢስ ጊግዳን ፋና፥ እዞ ዋይꬆተን አዛንꬆተ። እዛ ፋ ዎዝንተ፥ ‹ታኒ ካት ማቂ በቶዳ፤ ታኒ አዝኒ ባይዘ ማቾ ማቆስ፤ ታኒ አዛኖን ማህ አዛኖስ› ጋይዳ።
42120800e7	ይኒ ግሾ፥ Ꮉንቆ፥ Ꮉርገ፥ አዛኖን ናየ እዞ ፈቲ ቃማር አይኮዳ። ማህ እዛ ታማር ሙእንቶዳ፤ አኮስ ጋይኮ፥ ኢላ አፋ ፍርድዘ ላ ጾዘ ምንꬅ» ጋይዳ።
42120900cb	«ኢራ ኦላለ Ꮉንትዱንꬅን ኢስ ዎትደ የስተ የዝደ፥ አላመ ካቱንꬅ ይና ካታምታ ሙእንትን ከዝዘ ጩግቶ ብእደ ዎደ ኢስ ኡክ ዬኮዳ።
42120a00f0	ኡን ይና ካታምት ዋይቶ ብእ ዣሽትደ ግሾ Ꮉኪ ኤቂ፥ «‹Ꮉና ዳማ ካታምተ! ዎልቃራ የዛነ! ባብሎነ፥ ነና ባደ! ባደ! ነና ፈቲ ሳተ ግዳ ፍርዳ የልዳ› ጋዉዳ።
42120b00b1	«ኡን ማርካብተ የዘ ጫንቶ ይኬፓ ጎደ ዎንግዘ አስ ባይዘ ግሾ ሳአ የዘ ዛልእዙንꬅ ይና ካታምትስ ዬኮዳ አዛኖዳ፤
42120c014c	ኡን ዎርቃ፥ ብራ፥ ቦንቾ ሹች፥ እንቆ ጋዘ አልኦ ሹች፥ ቦንቾ ማኦ፥ ሊኖ ማኦ፥ ሀር ማኦ፥ ዞቆ ማኦ፥ ዱማ ዱማ ሳዎ ምንጻ፥ ዳንጋርስ አች፥ አልኦን ቦንቾ ምንጻ፥ ናሰ፥ መቆን፥ እብነ በረደፓ መꬍንትደ ሚሸ ኡባ፥
42120d00dc	ቀረፋ፥ ቅማመ፥ ሳውዘ ምንጻ፥ ካርበ፥ እጻነ፥ ዎይነ፥ ዛይተ፥ ሊቆ ꬊላ፥ ዛርጋ፥ Ꮉር፥ ዱሮ፥ ፋራ፥ ፋራ ጋረ፥ አሮን መለ አሱንꬅን የነ።
42120e00e0	«ዛልእዙንꬅ፥ ‹ኔኒ አሙꬍደ ሎኦ ባዝ ኡባ ኔፓ አꬍዳ። ነ የስታን ነ ፋልሞ ሚሽታ ኡባ ኔፓ Ꮉክዳ። አሱንꬅ ይኬፓ ማህ ይኖ ደንጋማ› ያጋይዳ።
42120f0047	ይኖ ዛልእ ዱርꬍደ ኡባ ዬክተራን አዛንተራ፥
42121000dc	«‹ሊኖ ማኦ፥ ሌኦ ማኦን ዞቆ ማኦ ማእ፥ ዎርቃራ፥ ቦንቾ ሹችን እንቆ ጋዘ አልኦ ሹቻራ ቦንችንትዳና አꬊ ሎእዳ፥ ይና ዳማ ካታምቶ ባደ! ባደ!
4212110131	Ꮉኒ ፋና ዳማ ዱረተꬅ!› «ፈቲ ሳተ ꬋብዳ ያጋእ Ꮉንቅቶ ዣሽትዳንፓ ደንዲ Ꮉኮ ኤቅዳ። «ማርካብዛ እዥዘ ኡባ፥ ማርካብዘራ ቅትዘ ኡባ፥ ማርካብዘላ አፋ ኦችዘ ኡባ አባላ ዛልእዘ ኡባ Ꮉኪ ኤቅዳ።
42121200a7	ይና ካታምታ ኤጽን ከዝዘ ጩግቶ ብእደ ዎደ ‹Ꮉና ዳማ ካታምቶ አዝዘ መለ ካታማ የነ የሳነ?› ያጋእ ኡክዳ።
4212130103	ኡን ፋ ኦምተ ቡልአ ጉሲ፥ ዬክተራን ካይꬍተራ፥ «‹አባላ ማርካበ የዘ ኡባ፥ ፋ ዱረትꬅትፓ ደንዲ ዱረ ማህደ፥ ዳማ ካታምተ ባደ! ባደ! ፈቲ ሳተ ꬋብዳ ያጋእ› ኡክዳ።
4212140098	ሳልተ፥ ጌሹንꬆ፥ ሐዋሩንꬆ፥ ናቡንꬆ፥ ጾዚ ይን ግሾ ኢላ አፋ ፍርድደ ግሾ ኡፋይቶተ» ያጋይዳ።
42121500d2	ፈቲ ምንꬅ ኪታንቾ ዎጻ አዝዘ ዳማ ሹች ደንꬂ አባ ꬎጊ፥ «ዳማ ካታምተ ባብሎነ Ꮉንጋራ ኡርቂንት ጎልኦዳ፤ ይኬፓ ሱባ ሙሎን በንቶስ።
4212160137	ባጋና ጉድዙንꬅን ማዝሙረ የጽዙንꬅ፥ ሱሉንቀን ሞይዘ ኦልዙንꬅ፥ ይኬፓ ሱባ ነ ግዳ ሙሎን ስንቶስ። አኮ ባዝን ኩሸ ብላተር ኦችዘ አስን ነ ግዳ በንቶስ። ዎጻ ኦꬅ ይኬፓ ሱባ ነ ግዳ ሙሎን ስንቶስ።
4212170113	ጾምፐ ፎኦ ማህ ነ ግዳ ፎኦስ። ማቾ ኤክዘን አዝኒ ገልዘ ኡፋይስ ቃላ ይኬፓ ሱባ ነ ግዳ ሙሎን ስንቶስ። ዛልእዙንꬅ ሳአ ኤርንትደ ግሾ ነ ብትትራ ካእቱሞ ሙሎ ባልꬅዳ» ጋይዳ።
421218008d	ናቡንꬅ ሱꬅ፥ ጌሹንꬅ ሱꬅታን ሳአላ አፋ Ꮉይቂደ አሱንꬅ ኡቡንꬅ ሱꬅታ እ ግዳ በንትዳ።
421301008a	ይንፓ ሱባ፥ ሳሎ ጋማ አሱንꬅ፥ «ጾዘ ጋላትንቶ! አቶትꬅ፥ ቦንቾን ዎልቃ ኑ ጾዘስ ማቀ።
42130200b2	ኤ ፍርድታ ቱሮን ጽሎ። ሳአ ቱንዝደ ዳማ ኦላልቶ ጾዚ ፍርድደ ግሾን ፋ አሩንꬅ ሱꬅቶ ኢፓ ማህዳ» ያጋዝን ስእዳ።
421303008f	ማህን ፋ ቃልቶ ꬎቅ ዪዚ፥ «ጾዛ ጋላታ የሎ። ጩግታን መꬍፓ መዽና የሎደስ ጩጎዳ» ያጋይዳ።
42130400b9	ላምእታም ኦይዲ ጭሙንꬅን ኦይዲ መ ቱንꬅ አራትዘላ በትደ ጾዘስ ቡንቅቲ፥ «አምንኤ! ጾዛ ጋላታ የሎ» ያጋእ ጎይንዳ።
42130500b1	ይንፓ ሱባ ኦꬃራ፥ «አሩንꬆ፥ ኤዛ ዣሽትዙንꬆ ኤራꬁንꬆ ዳሙንꬆ፥ ኑ ጾዛ ጋላቶተ» ያጋዘ ቃላ አራትዘፓ ከዝዳ።
42130600c8	ጋማ አሱንꬅ ኦꬅ ፋና፥ ዳማ ጎግዘ ቦርካ Ꮉꬅ ጉመ ፋና፥ ዳዳ ፋና ꬎግዘ ኦꬃራ፥ «ጾዛ ጋላታ የሎ፤ ኡባ አህዘ ኑ ላꬄ፥ ካእትዳ።
421307009e	ኑ ኡፋይቶዳ፥ ጋላቶዳ ኤዛ ቦንቾዳ። አኮስ ጋይኮ ዱርዘ ሳርገ የልደ ግሾን ኤዛ ገልዛና ጊግደ ግሾ።
42130800c8	ገሎደስ ጊግዳና ፎጭዛን ጌሽ ማቅደ ሊኖ ማኦ ማኦደ ፋና ኢስ እንግንትዳ» ጋዉደራ ታ ስእዳ። (ሊኖ ማኦ ጌሹንꬅ ጽሎ ኦቻ አዝዘ።)
42130900c8	ይንፓ ሱባ፥ ኪታንችዘ ታጎ፥ «ዱርዘ ሳርግቶ ጼግንትዱንꬅ አንጅንትዱንꬃና» ጋእ ጻፎ። ማህን፥ «Ꮉና ጾዘ ቱሪ ቃላ» ያጋይዳ።
42130a0149	የ ዎደ ታ ኤስ ጎይኖደስ ኤ ቶህትላ አፋ ጎልእዳ። የዝን ኤ፥ «ይኖ ኦቻመ ፋና ናግንቶ! ታኒ የሱሳ ባዝ ማርክꬍዘ ነ ፋናን ነ እሹንꬅ ፋና አሮ። ነ ጾዘስ ጎይኖ» ያጋይዳ። ይኬ፥ የሱሳ ማርካትꬅታ ናበትꬅ አያና።
42130b00bc	ሳሎ ቡጉንትን ብእዳ፥ Ꮉይቼ ቦꬅ ፋርዛ ቶግዳይ አማንንትዳያን ቱሪ አስ ጋእንታነ። ኤ ጽሎትꬃራ ፍርዳነን ኦልንታነ።
42130c00a8	ኤ ኣፍታ ታማ ሎጸ ፋና፤ ኤ ኦምተ ጋማ ዎርቃ ዛዉደ የነ። ኤፓ አትን መለ ኦደን ኤሮሰ ጻፍንትደ ሱንꬅ የነ።
42130d006c	ኤ ሱꬃር ዉጹርክንትደ ማኦ ማእዳ፤ ኤ ሱንꬅታን ጾዘ ቃላ ጋእንትዳ።
42130e0088	ፎጭዛን ጌሽ ማቅደ ሊኖ ማኦ ማእደ ሳሎ ኦላንቹንꬅ ቦꬅ ፋሩንꬃና ቶጊ ኤ ሱብቶ ካላነ።
42130f00d5	ዎርዥቶ ጋችዘ ማሻ ኤ ዶንትፓ ከዛነ። ኤ መቆ ጉፈራ አሱንꬃና አሃነ። ኤዝን ኡባፓ ዳማ ጾዘ Ꮉንቆ ዎይነ ኡሽቶ ጉምእዘ በስቶ ኤ የꬎዳ።
4213100084	ኤ ማእትላን ኤ ማጋꬅትላ አፋ፥ «ካቱንꬅ ካት ላꬁንꬅ ላꬂ» ያጋዘ ሱንꬅ ጻፍንትዳ።
42131100fc	ይንፓ ሱባ፥ ፈቲ ኪታንችዘ አዋላ አፋ ኤቅዳያ ብእዳ። ኤዝን ሳሎራ ፍርዘ ላንዳ ኡቡንꬅስ ፋ ቃልቶ ꬎቅ ዪዚ፥ «Ꮉይጋ ዮኦተ! ጾዘ ድግሳ ማአደስ ፈቲ በሳ ሺቆተ።
421312011b	ይእ ካቱንꬅ አሾ፥ ሻላቁንꬅ አሾ፥ ዎታዳሩንꬅ አሾ፥ ፋሩንꬅ አሾ፥ ፋሩንꬃና ቶግዙንꬅ አሾ፥ አስ ኡባ አሾ፥ አሩንꬅ አሾ፥ ላꬁንꬅ አሾ፥ ዳሙንꬅን ኤራꬁንꬅ አሾ ሞኦተ» ጋይዳ።
42131300b7	ፋርዛ ቶግዳይራን ኦልንትዙንꬃራ ኦልንቶደስ ሳአ ካቱንꬅን ኡንትስ ኦልንትዘ ኦላንቹንꬅ ፈቲ በሳ ሺቀዝን ብእዳ።
4213140115	የዝን ጾꬅዘን ኤ ሱንꬅተ ክሌ ባዝ ኦችደ ጾꬅዘ ማላ ኤክደን ኤ ምስልቶ ጎይንዱንꬃና ባልꬅደ ዎርዶ ናብዘ ኤራ ዎላ አይክንትዳ። ላምኡንꬅን ዲነ ኤጽዘ ታማ አባ ፋጻ ኦልንትዳ።
421315008d	አትዱንꬅ ፋራ ቶግዳይ ዶናፓ ከዝዘ ማሻራ Ꮉይቂዳ። ላንዱንꬅ ኡባ ኡን አሽቶ ሙእ ምዥዳ።
4214010097	ውርሱꬅ ባይዘ ኦላ ቁልፈን ዳማ ሳንꬃላታ ፋ ኩሽተ አይክደ ፈቲ ኪታንችዘ ሳሎፓ ዎꬎደራ ብእዳ።
421402007b	ኤ ዳውዛ አይኪ ሙኩል በረስ አጭዳ። የ ዳውዘን ዛጋ ሾሻ፥ ዳቡሎሳ ዎይ ጻላሄ።
42140300fa	ኪታንችዘ ውርሱꬅ ባይዘ ኦላ ኤዛ ኦሊ፥ ሙኩል በረ Ꮉልኦደ ዎንꬅስ ዎርዣ ማህ ባልꬃመ ፋና ጎርዲ አታምዳ። ይንፓ ሱባ፥ ዳውዘ ኤራꬅ ዎደስ ብልንቶደስ ቤዛነ።
42140401f7	ይንፓ ሱባ፥ አራቱንꬃና ብእዳ። ኡንታላ አፋ በትዱንꬅስ አደትꬅ ዎልቃ እንግንትዳ። የሱሳ ማርካትꬅስን ጾዘ ቃላ ግሾ ፋ ኦምቶ ጋችንትደ አሱንꬅ ሸምፖ፥ ጾꬅዘስ ዎይ ጾꬅዘ ምስልቶ ጎይንካይዙንꬃናን ማላ ፋ ስንተ ዎይ ፋ ኩሽተ አይክካይዙንꬃና ብእዳ። ኡንትን ኤራ Ꮉይቆፓ ደንዲ ክርስቶሳራ ዎላ ሙኩል በረ ካእትዳ።
4214050082	ይና ቲኖ ደንዶ፤ አትደ Ꮉይቂዱንꬅ ሙኩል በረ Ꮉልኦደ ዎንꬅስ Ꮉይቆፓ ደንድካያ።
421406011e	ቲኖ ደንደስ እጻ የዙንꬅ አንጅንትዱንꬃናን ጌሹንꬃና። ኡንታላ አፋ ላምእንꬃ Ꮉይቆ አደትꬅ ዎልቃ ባያ። ኡን ጾዘስን ክርስቶሳስ ካህኑንꬃና ማቃዳ፤ ኤራ ዎላ ሙኩል በረ ካእቶዳ።
4214070051	ሙኩል በረ Ꮉልእዳንፓ ሱባ ጻላሄ አቻፓ ብልንቶዳ።
42140800dd	ኦይዲ ሳአ ዛላ የሎደስ የዘ ዎርዣ፥ ኡንትን፥ ጎገን ማጎገ ጋእንትዙንꬃና ባልꬂ ኦላስ ሺሾደስ ከሳዳ። ኡን ፋይድታ አባ ጋጻ የዘ ሻፈ ፋና።
42140900a6	ኡን ሳአ ኡባ ኬዚ፥ ጌሹንꬅ ጉታን ጾዚ ካꬍደ ካታምቶ ዉቲ አይክዳ። የዝን ታማ ሳሎፓ ዎꬊ ኡንታና ሙእዳ።
42140a00d1	ኡንታና ባልꬅደ ጻላህዘ፥ ጾꬅዘን ዎርዶ ናብዘ ኦልንትደ ታማን ኤጽዘ ዲነ አባ ኦልንትዳ። ኡን ቃማን አዋራ መꬍናስ ፋጻ ካእንቶዳ።
42140b009e	ይንፓ ሱባ፥ ዳማ ቦꬅ አራታላ አፋ በትዳያ ብእዳ። ሳአን ሳሎን ኤ ቲኖፓ አችንትዳ፤ ማህ በንትካያ።
42140c0135	Ꮉይቂዱንꬅ፥ ዳሙንꬅን ኤራꬁንꬅ አራትዘ ቲኖ ኤቀዝን ብእዳ፤ ማጻፈን ቡጉንትዳ፤ ማህ መለ ማጻፈን ቡጉንትዳ ኤዝን ደኦ ማጻፈ፥ Ꮉይቂዱንꬅ ማጻፍተ ጻፍንት የዛን ፋና ፋ ኦችትጋራ ፍርዳ ኤክዳ።
42140d00c6	አባ ፋ ግዳ የዘ Ꮉይቂዱንꬃና እንግዳ፤ Ꮉይቆን ስኦለ ፋ ግዳ የዘ Ꮉይቂዱንꬃና እንግዳ። ፈተ ፈተ ፋ ኦችትጋራ ፍርዳ ኤክዳ።
42140e006f	Ꮉይቆን ስኦለ ታማ አባ ኦልንትዳ። ይናን ታማ አቢታ ላምእንꬃ Ꮉይቆ።
42140f0065	ደኦ ማጻፍተ ኤ ሱንꬅታ ጻፍንትካይዘ ኦደን ታማ አባ ኦልንትዳ።
4215010086	ታኒ ክለ ሳሎን ክለ ሳአ ብእዳ። ቲኖ ሳሎን ቲኖ ሳአ ኣꬍዳ፤ አባን ይኬፓ ጎደ የዞስ።
42150200ac	ጌሽ ካታምታን፥ ክለ የሩሳላመ፥ አዝኒ ገሎደስ ፋና ሎይꬂ ጊጊ የዘ ማች ፋና ሳሎፓ ጾዘ ካለፓ ዎꬍዝን ብእዳ።
421503011c	አራትዘፓ Ꮉንጋራ ያጋእ፥ ኦህዘ ዳማ ቃላ ስእዳ፤ «ጾዘ ኬꬅታ አሱንꬅ ግዳ የነ፤ ኡንታራ ዎላ አቆዳ፥ ኡንትን ኤ ዎርዣ ማቃዳ፤ ጾዚ ፋ ኦምተ ኡንታራ የሳዳ፤ ኤ ኡንትስ ጾዝ ማቃዳ።
42150400bd	ጾዚ ኡን ኣፍትፓ አፉꬅቶ ኡባ ኡጮዳ። ይኬፓ Ꮉይቆ ዎይ አዛኖ ዎይ ዉይሰ ዎይ ዋየ የዞስ። ቲኖ ዎግታ ኡባ አꬍዳ» ጋይዳ።
42150500c0	አራትዘላ በትደ፥ «ታኒ ኡባኖ ክለ ማሆዳ» ያጋይዳ። ማህ ታጎ፥ «ታኒ ኦህዳና አማንꬅዛኖን ቱሮ ማቅደ ግሾ ጻፎ» ያጋይዳ።
42150600a8	ማህ ታጎ፥ «ፎልንትዳ! ታኒ አልፋን ኦመጋ፤ ቲኖን ዉርሱꬅ። ባርꬍደ ኦደስን ደኦ Ꮉꬅ ኣፈፓ ታ Ꮉሪ ኡሾዳ።
4215070075	ጋምደ ኦደን ይኖ ኡባ ላቶዳ፤ ታኒ ኤስ ጾዝ ማቃዳ፤ ኤዝን ታስ ናአ ማቃዳ።
421508014d	የዝን ዣሽትዙንꬅን፥ አማኖሱንꬅ፥ ቱኑንꬅ፥ ሸምፖ ዎꬍዙንꬅ፥ ኦላልዙንꬅ፥ አሙꬍዙንꬅ፥ ብትዙንꬅ፥ ኤቃ ጎይንዙንꬅን ዎርድꬍዙንꬅ ኡቡንꬅ እጽታ ዲነ ኤጽዘ ታማ አባ ማቃዳ። ይና ላምእንꬃ Ꮉይቆ» ያጋይዳ።
42150900d9	ላፑን ዉርሱꬅ Ꮉንቆ ኩምደ ላፑን ጹኡቶ አይክደ ላፑን ኪታንቹንꬃፓ ፈታይ ታጎ ይእ፥ «ዮኦ፥ ገሎደስ ጊግደ ዱርዘ ማችቶ ቤሳዳ» ያጋይዳ።
42150a00a2	ኪታንችዘ ታና ዳማ ꬎቃ ደረ ኦማ አያናራ ኬሲ፥ ጌሽ ካታማ፥ የሩሳላመ፥ ሳሎ ጾዘ ካለፓ ዎꬎደራ ቤዝዳ።
42150b0098	ይና ካታምታ ጾዘ ቦንቾራ ፎአነ። ፎእታን እያስጲደ ጋዘ አልኦ ሹቼ ፋናን፤ ክለ ጌሽ ብርለ ፋና።
42150c0112	ዳማን ꬎቃ ጋሰ የነ። ይና ጋስትስ ታጶ ላምእ ፉርꬅ የነ። ይና ፉርꬅቶ ናግዘ ታጶ ላምእ ኪታንቹንꬅ የነ። ፉርꬁንꬃላ አፋ ታጶ ላምእ እስራኤለ ዛሩንꬅ ሱንꬅታ ጻፍንት የነ።
42150d00cc	አዋ ኬስ ዛላራ Ꮉይꬕ ፉርꬁንꬅ፥ ዎካ ዛላራ Ꮉይꬕ ፉርꬁንꬅ፥ ዬካ ዛላር Ꮉይꬕ ፉርꬁንꬅን አዋ ገሎ ዛላራ Ꮉይꬕ ፉርꬁንꬅ የነ።
42150e009b	ካታማ ጋስትስ ታጶ ላምእ ባሳ የነ። ኡንታላ አፋ ታጶ ላምእ ዱርዘ ሐዋሩንꬅ ሱንꬅታ ጻፍንት የነ።
42150f0083	ታስ ኦህዘስ ኪታንችዘስ፥ ካታምቶን፥ እ ፉርꬅቶን እ ጋስቶ Ꮉꬍዘ ዎርቃ ጉፈ የነ።
4215100118	ካታምትስ ኦይዲ ዛላ የነ፤ ጳርጎትꬅታን እ ዳልጋትꬅት ፋና። ካታምቶ ፋ ጉፍዘራ Ꮉꬍን፥ ላምእ ሙኩል ኦይዲ ጼት ክሎ ምትረ ማቅዳ፤ ጳርጎትꬅታ፥ ዳልጋትꬅታን ꬎቃትꬅታ ዎልከ።
421511008e	ጋስቶ Ꮉꬍን፥ አስ ኩሸራ ፈቲ ጼት ኦይታም ኦይዲ Ꮉꬋ ማቅዳ ይናን ኪታንቾ Ꮉꬋስ ኤክዛኖ።
4215120085	ጋስታ እያስጲደ ጋዘ ሹቻራ ጋስንትዳ። ካታምታ ቡርጩቆ ፋና ጌሽ ዎርቃራ ኦችንትዳ።
42151300db	ካታምት ጋስታ ባሳራን ቦንቾ ሹቻራ ኡባ ሎእዳ። ቲኖ ባስዘ እያስጲደ፥ ላምእንꬅዘ ሳንፔረ፥ Ꮉይꬓንꬅዘ ኬልቀዶነ፥ ኦይዳንꬅዘ መረግድ፥
4215140137	እችንꬅዘ ሳርዶንክሰ፥ እዝፑንꬅዘ ሳርድዮነ፥ ላፑንꬅዘ ክርስትሎበ፥ ኦስፑንꬅዘ ብርለ፥ ኡዱፉንꬅዘ ዉራዉረ፥ ታጵንꬅዘ ክርስጵራስሰ፥ ታጶ ፈትንꬅዘ ያክንተ፥ ታጶ ላምአንꬅዘ አመተስጥኖሰ።
42151500e5	ታጶ ላምእ ፉርꬁንꬅስ ታጶ ላምእ እንቆ የነ። ፉርꬁንꬅ ፈተ ፈተ እንቆራ ኦችንትዳ። ካታምት ፉርꬅታ ቡርጩቆ ፋና ፎእዘ ጌሽ ዎርቃፓ ኦችንትዳ።
421516005e	ኡባ አህዘ ላꬅ ጾዘ ዱርዘ ጾዘ ኬꬅ፥ ይነ ጾዘ ኬꬂ ብእካያ።
42151700a6	ጾዘ ቦንችታ ይና ካታምትስ ፎእዘ ግሾን ዱርዘ ኢስ ጾምፐ ማቅደ ግሾ ካታምትስ አዋ ዎይ አግና ፎኦ ኮሾስ።
4215180079	ወርꬕታ ካታምት ፎእተ Ꮉንቶዳ፤ ሳአ ካቱንꬅን ፋ ቦንችቶ Ꮉንካ ኢጎ ኮኦዳ።
4215190076	ቃማ እዘ ባይዘ ግሾ ካታምት ፉርꬁንꬅ ኡባ ዎደ ቡጉꬅ ማቃዳ፤ ጎርድንቶስ።
42151a0034	ካእቱሞ ሳባን ቦንቾ ኢጎ ኮኦዳ።
42151b00dd	ዱርዘስ ማቅደ ደኦ ማጻፍተ ሱንꬅታ ጻፍንትዱንꬃና ጻላላ ፋትን ቱና ባዝ ዎይ ዬልዘ ባዝ ኦችዘ ዎይ ዎርዳንቾ ኦደን ይና ካታምተ ሙሎ ገሎስ።
421601009e	ይንፓ ሱባ፥ ኪታንችዘ ታና ጾዘፓን ዱርዘ አራትዘፓ ከዝዘ ቡርጩቆ ፋና ፎእዘ ደኦ Ꮉꬅ ቦርካ ቤዝዳ።
4216020104	የ Ꮉꬅዘ ካታማ ኦግትስ ግዳራ ጎጋነ፤ ቦርክትስ ሴካን Ꮉንካ ዛላ አግና አግና አፊ በረ ታጶ ላምእ ቶሄ ኣፈ እንግዘ ደኦ ምንጻ የነ። የ ምንጽዘ Ꮉይታ Ꮉርገፓ ፋꬃነ።
4216030083	ይኬፓ ጎደ ባድꬅ የዞስ። ጾዘን ዱርዘ አራትዘ እዘ ማቃዳ። አሩንꬂ ጾዘስ ጎይኖዳ።
4216040045	ኤዛን በአዳ፤ ኤ ሱንꬅታ ኡን ስንተ ማቃዳ።
42160500b4	ይኬፓ ቃማ ባያ፤ ላꬄ ጾዘ ኡንትስ ጾምፐ ማቅደ ግሾ ኡንትስ ጾምፐ ዎይ አዋ ፎኦ ኮሾስ። ኡን መꬍ መꬍናስ ካእቶዳ።
4216060108	ኪታንችዘ ታጎ፥ «Ꮉና ታ ኦህዘ ቃልታ አማንንትዳኖን ቱሮን። ላꬄ ጾዘ ጌሽ አያና ፋ ናቡንꬅስ እንግደ፥ ኤለራ Ꮉኖደባዝ ፋ አሩንꬃና ቤሳደስ ፋ ኪታንቾ ኪትዳ» ጋይዳ።
421607009e	የሱሳ፥ «ይኬ ታ ኤልሲ ዮኦዳ፤ Ꮉና ማጻፍተ የዘ ትንቢተ ቃልቶ ናግዘ ኦደን አንጅንትዳያ» ያጋይዳ።
42160800c9	ታኒ፥ ዋሐንሳ፥ ይኖ ስእዳ፤ ብእዳ። ታኒ ይኖ ስእደ ዎደን ብእደ ዎደ ታና ቤዝደ ኪታንችዘስ ጎይኖደስ ኤ ቶህትላ አፋ ጎልእዳ።
42160900e8	የዝን ኤዝን ታጎ፥ «ይኖ ዪዝፐ! ታኒ ነ ፋና፥ ናቡንꬅ ፋናን ነ እሹንꬅ ፋና Ꮉና ማጻፍተ የዘ ቃላ ናግዘ አሱንꬃራ ዎላ አሮ፤ ጾዘስ ጎይኖ» ያጋይዳ።
42160a0084	ኪታንችዘ ታጎ፥ «ዎደ ኡክዳ Ꮉና ማጻፍተ ጻፍንትደ ትንቢተ ቃልቶ ማታመራ ጎርድፐ።
42160b0098	ይኬፓ ኢታ ኦችዘ ጉጂ ኢታ ኦቾ፤ ቱንዘ ጉጂ ቱኖ። ጽልዘን ጉጂ ጽሎ፤ ጌዥዛይ ጉጂ ጌዦ» ያጋይዳ።
42160c0077	«ይኬ፥ ታኒ ኤለራ ዮኦዳ። ፈተስ ፈተስ ኤ ኦችት ጋር እማደስ ዋጋ ታራ የነ።
42160d0066	አልፋን ኦመጋን፤ ቲንዘን ውርሱꬅዘን ደንꬅዘን ፎልዘን፤ ታና።
42160e00b4	«ደኦ ምንጻጎ የሎደስ አደትꬅ ዎልቃ የሳደ ፋናን፥ ፉርꬃራ ካታምቶ ገሎደስ ፋ ማእቶ ሜጭዙንꬅ አንጅንትዱንꬃና።
42160f00c8	የዝን ካኑንꬅ፥ ብትዙንꬅ፥ ኦላለ ኦችዙንꬅ፥ ሸምፖ ዎꬍዙንꬅ፥ ኤቃ ጎይንዙንꬅ፥ ዎርዶ ዶስዙንꬅን ኦችዙንꬅ ኡባ ባለ የነ።
42161000e7	«ታኒ፥ የሱሳ፥ Ꮉና ማርካትꬅቶ ይንትስ፥ ዎሳ ኬꬁንꬅስ ኦሆደ ፋና ታ ኪታንችዛ ኪትዳ። ታኒ ዳዉተ ጻጶን ኮች። ታኒ ፎእዘ ዎንታ ጎልጸ» ያጋይዳ።
42161100bf	ጌሽ አያናን ገሎደስ ጊግደ ማችታ፥ «ዮኦ» ጋኦ። ስእዘ «Ꮉንካ ዮኦ» ባርꬍደ Ꮉንካ ዮኦ፤ ኮይዘ ኦደን ደኦ Ꮉꬅ Ꮉሪ ኤኮ።
42161200fa	Ꮉና ማጻፍተ ጻፍንትደ ትንቢተ ቃልቶ ስእዘ ኦደስን ታ ማርክꬋዳ። ኦደን Ꮉና ቃልትላ አፋ ፈትባዝ ጉጅኮ፥ ጾዚ Ꮉና ማጻፍተ ጻፍንትደ Ꮉንቅቶ ኤላ አፋ ጉጆዳ።
42161300e2	ኦደን Ꮉና ትንቢተ ማጻፍተ ጻፍንትደ ቃላፓ ፈትባዝ ፋጭዝኮ፥ ጾዚ Ꮉና ማጻፍተ ጻፍንትደ ደኦ ምንጻ አፍትፓን ጌሽ ካታምትፓ ኤ እጽቶ ፋጭሳዳ።
4216140084	Ꮉና ኡባ ማርክꬍዘ፥ «ቱሮ፥ ታኒ ኤለራ ዮኦዳ» ያጋነ። አምንኤ፤ ላꬅ የሱሳ፥ ዮኦ።
4216150068	ላꬅ የሱስ ክርስቶሳ አꬎ ከሃትꬅታ ይን ኡቡንꬃራ ማቀ። አምንኤ።
