2800000019	Κατα Ματθαιον
2801010061	βιβλος γενεσεως ιησου χριστου υιου δαβιδ υιου αβρααμ
28010200c9	αβρααμ εγεννησεν τον ισαακ ισαακ δε εγεννησεν τον ιακωβ ιακωβ δε εγεννησεν τον ιουδαν και τους αδελφους αυτου
28010300cc	ιουδας δε εγεννησεν τον φαρες και τον ζαρα εκ της θαμαρ φαρες δε εγεννησεν τον εσρωμ εσρωμ δε εγεννησεν τον αραμ
28010400b2	αραμ δε εγεννησεν τον αμιναδαβ αμιναδαβ δε εγεννησεν τον ναασσων ναασσων δε εγεννησεν τον σαλμων
28010500c6	σαλμων δε εγεννησεν τον βοοζ εκ της ραχαβ βοοζ δε εγεννησεν τον ωβηδ εκ της ρουθ ωβηδ δε εγεννησεν τον ιεσσαι
28010600bd	ιεσσαι δε εγεννησεν τον δαβιδ τον βασιλεα δαβιδ δε ο βασιλευς εγεννησεν τον σολομωντα εκ της του ουριου
280107009e	σολομων δε εγεννησεν τον ροβοαμ ροβοαμ δε εγεννησεν τον αβια αβια δε εγεννησεν τον ασα
28010800a2	ασα δε εγεννησεν τον ιωσαφατ ιωσαφατ δε εγεννησεν τον ιωραμ ιωραμ δε εγεννησεν τον οζιαν
28010900a2	οζιας δε εγεννησεν τον ιωαθαμ ιωαθαμ δε εγεννησεν τον αχαζ αχαζ δε εγεννησεν τον εζεκιαν
28010a00aa	εζεκιας δε εγεννησεν τον μανασση μανασσης δε εγεννησεν τον αμων αμων δε εγεννησεν τον ιωσιαν
28010b00a0	ιωσιας δε εγεννησεν τον ιεχονιαν και τους αδελφους αυτου επι της μετοικεσιας βαβυλωνος
28010c00bd	μετα δε την μετοικεσιαν βαβυλωνος ιεχονιας εγεννησεν τον σαλαθιηλ σαλαθιηλ δε εγεννησεν τον ζοροβαβελ
28010d00b4	ζοροβαβελ δε εγεννησεν τον αβιουδ αβιουδ δε εγεννησεν τον ελιακειμ ελιακειμ δε εγεννησεν τον αζωρ
28010e009e	αζωρ δε εγεννησεν τον σαδωκ σαδωκ δε εγεννησεν τον αχειμ αχειμ δε εγεννησεν τον ελιουδ
28010f00ac	ελιουδ δε εγεννησεν τον ελεαζαρ ελεαζαρ δε εγεννησεν τον ματθαν ματθαν δε εγεννησεν τον ιακωβ
28011000a0	ιακωβ δε εγεννησεν τον ιωσηφ τον ανδρα μαριας εξ ης εγεννηθη ιησους ο λεγομενος χριστος
2801110168	πασαι ουν αι γενεαι απο αβρααμ εως δαβιδ γενεαι δεκατεσσαρες και απο δαβιδ εως της μετοικεσιας βαβυλωνος γενεαι δεκατεσσαρες και απο της μετοικεσιας βαβυλωνος εως του χριστου γενεαι δεκατεσσαρες
2801120122	του δε ιησου χριστου η γεννησις ουτως ην μνηστευθεισης γαρ της μητρος αυτου μαριας τω ιωσηφ πριν η συνελθειν αυτους ευρεθη εν γαστρι εχουσα εκ πνευματος αγιου
28011300b3	ιωσηφ δε ο ανηρ αυτης δικαιος ων και μη θελων αυτην παραδειγματισαι εβουληθη λαθρα απολυσαι αυτην
2801140152	ταυτα δε αυτου ενθυμηθεντος ιδου αγγελος κυριου κατ οναρ εφανη αυτω λεγων ιωσηφ υιος δαβιδ μη φοβηθης παραλαβειν μαριαμ την γυναικα σου το γαρ εν αυτη γεννηθεν εκ πνευματος εστιν αγιου
28011500be	τεξεται δε υιον και καλεσεις το ονομα αυτου ιησουν αυτος γαρ σωσει τον λαον αυτου απο των αμαρτιων αυτων
2801160098	τουτο δε ολον γεγονεν ινα πληρωθη το ρηθεν υπο του κυριου δια του προφητου λεγοντος
28011700eb	ιδου η παρθενος εν γαστρι εξει και τεξεται υιον και καλεσουσιν το ονομα αυτου εμμανουηλ ο εστιν μεθερμηνευομενον μεθ ημων ο θεος
28011800ce	διεγερθεις δε ο ιωσηφ απο του υπνου εποιησεν ως προσεταξεν αυτω ο αγγελος κυριου και παρελαβεν την γυναικα αυτου
28011900bb	και ουκ εγινωσκεν αυτην εως ου ετεκεν τον υιον αυτης τον πρωτοτοκον και εκαλεσεν το ονομα αυτου ιησουν
28020100f1	του δε ιησου γεννηθεντος εν βηθλεεμ της ιουδαιας εν ημεραις ηρωδου του βασιλεως ιδου μαγοι απο ανατολων παρεγενοντο εις ιεροσολυμα
28020200e1	λεγοντες που εστιν ο τεχθεις βασιλευς των ιουδαιων ειδομεν γαρ αυτου τον αστερα εν τη ανατολη και ηλθομεν προσκυνησαι αυτω
280203007c	ακουσας δε ηρωδης ο βασιλευς εταραχθη και πασα ιεροσολυμα μετ αυτου
28020400bf	και συναγαγων παντας τους αρχιερεις και γραμματεις του λαου επυνθανετο παρ αυτων που ο χριστος γενναται
280205008d	οι δε ειπον αυτω εν βηθλεεμ της ιουδαιας ουτως γαρ γεγραπται δια του προφητου
28020600fd	και συ βηθλεεμ γη ιουδα ουδαμως ελαχιστη ει εν τοις ηγεμοσιν ιουδα εκ σου γαρ εξελευσεται ηγουμενος οστις ποιμανει τον λαον μου τον ισραηλ
28020700a9	τοτε ηρωδης λαθρα καλεσας τους μαγους ηκριβωσεν παρ αυτων τον χρονον του φαινομενου αστερος
280208010d	και πεμψας αυτους εις βηθλεεμ ειπεν πορευθεντες ακριβως εξετασατε περι του παιδιου επαν δε ευρητε απαγγειλατε μοι οπως καγω ελθων προσκυνησω αυτω
28020900f4	οι δε ακουσαντες του βασιλεως επορευθησαν και ιδου ο αστηρ ον ειδον εν τη ανατολη προηγεν αυτους εως ελθων εστη επανω ου ην το παιδιον
28020a005f	ιδοντες δε τον αστερα εχαρησαν χαραν μεγαλην σφοδρα
28020b0180	και ελθοντες εις την οικιαν {VAR1: ευρον} {VAR2: ειδον} το παιδιον μετα μαριας της μητρος αυτου και πεσοντες προσεκυνησαν αυτω και ανοιξαντες τους θησαυρους αυτων προσηνεγκαν αυτω δωρα χρυσον και λιβανον και σμυρναν
28020c00b3	και χρηματισθεντες κατ οναρ μη ανακαμψαι προς ηρωδην δι αλλης οδου ανεχωρησαν εις την χωραν αυτων
28020d01a9	αναχωρησαντων δε αυτων ιδου αγγελος κυριου φαινεται κατ οναρ τω ιωσηφ λεγων εγερθεις παραλαβε το παιδιον και την μητερα αυτου και φευγε εις αιγυπτον και ισθι εκει εως αν ειπω σοι μελλει γαρ ηρωδης ζητειν το παιδιον του απολεσαι αυτο
28020e00a6	ο δε εγερθεις παρελαβεν το παιδιον και την μητερα αυτου νυκτος και ανεχωρησεν εις αιγυπτον
28020f00ed	και ην εκει εως της τελευτης ηρωδου ινα πληρωθη το ρηθεν υπο του κυριου δια του προφητου λεγοντος εξ αιγυπτου εκαλεσα τον υιον μου
280210018a	τοτε ηρωδης ιδων οτι ενεπαιχθη υπο των μαγων εθυμωθη λιαν και αποστειλας ανειλεν παντας τους παιδας τους εν βηθλεεμ και εν πασιν τοις οριοις αυτης απο διετους και κατωτερω κατα τον χρονον ον ηκριβωσεν παρα των μαγων
280211006a	τοτε επληρωθη το ρηθεν υπο ιερεμιου του προφητου λεγοντος
28021200ef	φωνη εν ραμα ηκουσθη θρηνος και κλαυθμος και οδυρμος πολυς ραχηλ κλαιουσα τα τεκνα αυτης και ουκ ηθελεν παρακληθηναι οτι ουκ εισιν
280213009d	τελευτησαντος δε του ηρωδου ιδου αγγελος κυριου κατ οναρ φαινεται τω ιωσηφ εν αιγυπτω
28021400f3	λεγων εγερθεις παραλαβε το παιδιον και την μητερα αυτου και πορευου εις γην ισραηλ τεθνηκασιν γαρ οι ζητουντες την ψυχην του παιδιου
2802150092	ο δε εγερθεις παρελαβεν το παιδιον και την μητερα αυτου και ηλθεν εις γην ισραηλ
280216012d	ακουσας δε οτι αρχελαος βασιλευει επι της ιουδαιας αντι ηρωδου του πατρος αυτου εφοβηθη εκει απελθειν χρηματισθεις δε κατ οναρ ανεχωρησεν εις τα μερη της γαλιλαιας
28021700ed	και ελθων κατωκησεν εις πολιν λεγομενην {VAR1: ναζαρετ} {VAR2: ναζαρεθ} οπως πληρωθη το ρηθεν δια των προφητων οτι ναζωραιος κληθησεται
28030100ac	εν δε ταις ημεραις εκειναις παραγινεται ιωαννης ο βαπτιστης κηρυσσων εν τη ερημω της ιουδαιας
2803020066	και λεγων μετανοειτε ηγγικεν γαρ η βασιλεια των ουρανων
2803030107	ουτος γαρ εστιν ο ρηθεις υπο ησαιου του προφητου λεγοντος φωνη βοωντος εν τη ερημω ετοιμασατε την οδον κυριου ευθειας ποιειτε τας τριβους αυτου
2803040108	αυτος δε ο ιωαννης ειχεν το ενδυμα αυτου απο τριχων καμηλου και ζωνην δερματινην περι την οσφυν αυτου η δε τροφη αυτου ην ακριδες και μελι αγριον
28030500a8	τοτε εξεπορευετο προς αυτον ιεροσολυμα και πασα η ιουδαια και πασα η περιχωρος του ιορδανου
2803060088	και εβαπτιζοντο εν τω ιορδανη υπ αυτου εξομολογουμενοι τας αμαρτιας αυτων
2803070127	ιδων δε πολλους των φαρισαιων και σαδδουκαιων ερχομενους επι το βαπτισμα αυτου ειπεν αυτοις γεννηματα εχιδνων τις υπεδειξεν υμιν φυγειν απο της μελλουσης οργης
280308004d	ποιησατε ουν καρπους αξιους της μετανοιας
28030900f2	και μη δοξητε λεγειν εν εαυτοις πατερα εχομεν τον αβρααμ λεγω γαρ υμιν οτι δυναται ο θεος εκ των λιθων τουτων εγειραι τεκνα τω αβρααμ
28030a00e0	ηδη δε και η αξινη προς την ριζαν των δενδρων κειται παν ουν δενδρον μη ποιουν καρπον καλον εκκοπτεται και εις πυρ βαλλεται
28030b0144	εγω μεν βαπτιζω υμας εν υδατι εις μετανοιαν ο δε οπισω μου ερχομενος ισχυροτερος μου εστιν ου ουκ ειμι ικανος τα υποδηματα βαστασαι αυτος υμας βαπτισει εν πνευματι αγιω και πυρι
28030c0105	ου το πτυον εν τη χειρι αυτου και διακαθαριει την αλωνα αυτου και συναξει τον σιτον αυτου εις την αποθηκην το δε αχυρον κατακαυσει πυρι ασβεστω
28030d00bc	τοτε παραγινεται ο ιησους απο της γαλιλαιας επι τον ιορδανην προς τον ιωαννην του βαπτισθηναι υπ αυτου
28030e00a2	ο δε ιωαννης διεκωλυεν αυτον λεγων εγω χρειαν εχω υπο σου βαπτισθηναι και συ ερχη προς με
28030f00e3	αποκριθεις δε ο ιησους ειπεν προς αυτον αφες αρτι ουτως γαρ πρεπον εστιν ημιν πληρωσαι πασαν δικαιοσυνην τοτε αφιησιν αυτον
280310012f	και βαπτισθεις ο ιησους ανεβη ευθυς απο του υδατος και ιδου ανεωχθησαν αυτω οι ουρανοι και ειδεν το πνευμα του θεου καταβαινον ωσει περιστεραν και ερχομενον επ αυτον
2803110098	και ιδου φωνη εκ των ουρανων λεγουσα ουτος εστιν ο υιος μου ο αγαπητος εν ω ευδοκησα
2804010097	τοτε ο ιησους ανηχθη εις την ερημον υπο του πνευματος πειρασθηναι υπο του διαβολου
280402008e	και νηστευσας ημερας τεσσαρακοντα και νυκτας τεσσαρακοντα υστερον επεινασεν
28040300ab	και προσελθων αυτω ο πειραζων ειπεν ει υιος ει του θεου ειπε ινα οι λιθοι ουτοι αρτοι γενωνται
28040400d8	ο δε αποκριθεις ειπεν γεγραπται ουκ επ αρτω μονω ζησεται ανθρωπος αλλ επι παντι ρηματι εκπορευομενω δια στοματος θεου
28040500b6	τοτε παραλαμβανει αυτον ο διαβολος εις την αγιαν πολιν και ιστησιν αυτον επι το πτερυγιον του ιερου
2804060143	και λεγει αυτω ει υιος ει του θεου βαλε σεαυτον κατω γεγραπται γαρ οτι τοις αγγελοις αυτου εντελειται περι σου και επι χειρων αρουσιν σε μηποτε προσκοψης προς λιθον τον ποδα σου
280407007f	εφη αυτω ο ιησους παλιν γεγραπται ουκ εκπειρασεις κυριον τον θεον σου
28040800e8	παλιν παραλαμβανει αυτον ο διαβολος εις ορος υψηλον λιαν και δεικνυσιν αυτω πασας τας βασιλειας του κοσμου και την δοξαν αυτων
2804090070	και λεγει αυτω ταυτα παντα σοι δωσω εαν πεσων προσκυνησης μοι
28040a00c9	τοτε λεγει αυτω ο ιησους υπαγε σατανα γεγραπται γαρ κυριον τον θεον σου προσκυνησεις και αυτω μονω λατρευσεις
28040b008b	τοτε αφιησιν αυτον ο διαβολος και ιδου αγγελοι προσηλθον και διηκονουν αυτω
28040c0080	ακουσας δε ο ιησους οτι ιωαννης παρεδοθη ανεχωρησεν εις την γαλιλαιαν
28040d00e7	και καταλιπων την {VAR1: ναζαρετ} {VAR2: ναζαρεθ} ελθων κατωκησεν εις καπερναουμ την παραθαλασσιαν εν οριοις ζαβουλων και νεφθαλειμ
28040e0062	ινα πληρωθη το ρηθεν δια ησαιου του προφητου λεγοντος
28040f0094	γη ζαβουλων και γη νεφθαλειμ οδον θαλασσης περαν του ιορδανου γαλιλαια των εθνων
28041000c5	ο λαος ο καθημενος εν σκοτει ειδε φως μεγα και τοις καθημενοις εν χωρα και σκια θανατου φως ανετειλεν αυτοις
28041100a8	απο τοτε ηρξατο ο ιησους κηρυσσειν και λεγειν μετανοειτε ηγγικεν γαρ η βασιλεια των ουρανων
2804120158	περιπατων δε ο ιησους παρα την θαλασσαν της γαλιλαιας ειδεν δυο αδελφους σιμωνα τον λεγομενον πετρον και ανδρεαν τον αδελφον αυτου βαλλοντας αμφιβληστρον εις την θαλασσαν ησαν γαρ αλιεις
2804130076	και λεγει αυτοις δευτε οπισω μου και ποιησω υμας αλιεις ανθρωπων
2804140057	οι δε ευθεως αφεντες τα δικτυα ηκολουθησαν αυτω
2804150166	και προβας εκειθεν ειδεν αλλους δυο αδελφους ιακωβον τον του ζεβεδαιου και ιωαννην τον αδελφον αυτου εν τω πλοιω μετα ζεβεδαιου του πατρος αυτων καταρτιζοντας τα δικτυα αυτων και εκαλεσεν αυτους
280416007d	οι δε ευθεως αφεντες το πλοιον και τον πατερα αυτων ηκολουθησαν αυτω
2804170139	και περιηγεν ολην την γαλιλαιαν ο ιησους διδασκων εν ταις συναγωγαις αυτων και κηρυσσων το ευαγγελιον της βασιλειας και θεραπευων πασαν νοσον και πασαν μαλακιαν εν τω λαω
280418018f	και απηλθεν η ακοη αυτου εις ολην την συριαν και προσηνεγκαν αυτω παντας τους κακως εχοντας ποικιλαις νοσοις και βασανοις συνεχομενους και δαιμονιζομενους και σεληνιαζομενους και παραλυτικους και εθεραπευσεν αυτους
28041900db	και ηκολουθησαν αυτω οχλοι πολλοι απο της γαλιλαιας και δεκαπολεως και ιεροσολυμων και ιουδαιας και περαν του ιορδανου
28050100a5	ιδων δε τους οχλους ανεβη εις το ορος και καθισαντος αυτου προσηλθον αυτω οι μαθηται αυτου
280502005b	και ανοιξας το στομα αυτου εδιδασκεν αυτους λεγων
280503007f	μακαριοι οι πτωχοι τω πνευματι οτι αυτων εστιν η βασιλεια των ουρανων
280504005b	μακαριοι οι πενθουντες οτι αυτοι παρακληθησονται
2805050061	μακαριοι οι πραεις οτι αυτοι κληρονομησουσιν την γην
280506008d	μακαριοι οι πεινωντες και διψωντες την δικαιοσυνην οτι αυτοι χορτασθησονται
2805070053	μακαριοι οι ελεημονες οτι αυτοι ελεηθησονται
2805080067	μακαριοι οι καθαροι τη καρδια οτι αυτοι τον θεον οψονται
2805090067	μακαριοι οι ειρηνοποιοι οτι αυτοι υιοι θεου κληθησονται
28050a0097	μακαριοι οι δεδιωγμενοι ενεκεν δικαιοσυνης οτι αυτων εστιν η βασιλεια των ουρανων
28050b00ca	μακαριοι εστε οταν ονειδισωσιν υμας και διωξωσιν και ειπωσιν παν πονηρον ρημα καθ υμων ψευδομενοι ενεκεν εμου
28050c00c8	χαιρετε και αγαλλιασθε οτι ο μισθος υμων πολυς εν τοις ουρανοις ουτως γαρ εδιωξαν τους προφητας τους προ υμων
28050d0106	υμεις εστε το αλας της γης εαν δε το αλας μωρανθη εν τινι αλισθησεται εις ουδεν ισχυει ετι ει μη βληθηναι εξω και καταπατεισθαι υπο των ανθρωπων
28050e0088	υμεις εστε το φως του κοσμου ου δυναται πολις κρυβηναι επανω ορους κειμενη
28050f00c5	ουδε καιουσιν λυχνον και τιθεασιν αυτον υπο τον μοδιον αλλ επι την λυχνιαν και λαμπει πασιν τοις εν τη οικια
28051000ec	ουτως λαμψατω το φως υμων εμπροσθεν των ανθρωπων οπως ιδωσιν υμων τα καλα εργα και δοξασωσιν τον πατερα υμων τον εν τοις ουρανοις
28051100a8	μη νομισητε οτι ηλθον καταλυσαι τον νομον η τους προφητας ουκ ηλθον καταλυσαι αλλα πληρωσαι
28051200da	αμην γαρ λεγω υμιν εως αν παρελθη ο ουρανος και η γη ιωτα εν η μια κεραια ου μη παρελθη απο του νομου εως αν παντα γενηται
280513017f	ος εαν ουν λυση μιαν των εντολων τουτων των ελαχιστων και διδαξη ουτως τους ανθρωπους ελαχιστος κληθησεται εν τη βασιλεια των ουρανων ος δ αν ποιηση και διδαξη ουτος μεγας κληθησεται εν τη βασιλεια των ουρανων
28051400f8	λεγω γαρ υμιν οτι εαν μη περισσευση η δικαιοσυνη υμων πλειον των γραμματεων και φαρισαιων ου μη εισελθητε εις την βασιλειαν των ουρανων
280515009c	ηκουσατε οτι ερρεθη τοις αρχαιοις ου φονευσεις ος δ αν φονευση ενοχος εσται τη κρισει
2805160165	εγω δε λεγω υμιν οτι πας ο οργιζομενος τω αδελφω αυτου εικη ενοχος εσται τη κρισει ος δ αν ειπη τω αδελφω αυτου ρακα ενοχος εσται τω συνεδριω ος δ αν ειπη μωρε ενοχος εσται εις την γεενναν του πυρος
28051700b4	εαν ουν προσφερης το δωρον σου επι το θυσιαστηριον κακει μνησθης οτι ο αδελφος σου εχει τι κατα σου
28051800eb	αφες εκει το δωρον σου εμπροσθεν του θυσιαστηριου και υπαγε πρωτον διαλλαγηθι τω αδελφω σου και τοτε ελθων προσφερε το δωρον σου
2805190121	ισθι ευνοων τω αντιδικω σου ταχυ εως οτου ει εν τη οδω μετ αυτου μηποτε σε παραδω ο αντιδικος τω κριτη και ο κριτης σε παραδω τω υπηρετη και εις φυλακην βληθηση
28051a0082	αμην λεγω σοι ου μη εξελθης εκειθεν εως αν αποδως τον εσχατον κοδραντην
28051b0058	ηκουσατε οτι ερρεθη τοις αρχαιοις ου μοιχευσεις
28051c00c1	εγω δε λεγω υμιν οτι πας ο βλεπων γυναικα προς το επιθυμησαι αυτης ηδη εμοιχευσεν αυτην εν τη καρδια αυτου
28051d0124	ει δε ο οφθαλμος σου ο δεξιος σκανδαλιζει σε εξελε αυτον και βαλε απο σου συμφερει γαρ σοι ινα αποληται εν των μελων σου και μη ολον το σωμα σου βληθη εις γεενναν
28051e011d	και ει η δεξια σου χειρ σκανδαλιζει σε εκκοψον αυτην και βαλε απο σου συμφερει γαρ σοι ινα αποληται εν των μελων σου και μη ολον το σωμα σου βληθη εις γεενναν
28051f0079	ερρεθη δε οτι ος αν απολυση την γυναικα αυτου δοτω αυτη αποστασιον
28052000fe	εγω δε λεγω υμιν οτι ος αν απολυση την γυναικα αυτου παρεκτος λογου πορνειας ποιει αυτην μοιχασθαι και ος εαν απολελυμενην γαμηση μοιχαται
28052100ac	παλιν ηκουσατε οτι ερρεθη τοις αρχαιοις ουκ επιορκησεις αποδωσεις δε τω κυριω τους ορκους σου
2805220087	εγω δε λεγω υμιν μη ομοσαι ολως μητε εν τω ουρανω οτι θρονος εστιν του θεου
28052300c2	μητε εν τη γη οτι υποποδιον εστιν των ποδων αυτου μητε εις ιεροσολυμα οτι πολις εστιν του μεγαλου βασιλεως
2805240092	μητε εν τη κεφαλη σου ομοσης οτι ου δυνασαι μιαν τριχα λευκην η μελαιναν ποιησαι
280525008a	εστω δε ο λογος υμων ναι ναι ου ου το δε περισσον τουτων εκ του πονηρου εστιν
280526007b	ηκουσατε οτι ερρεθη οφθαλμον αντι οφθαλμου και οδοντα αντι οδοντος
28052700d1	εγω δε λεγω υμιν μη αντιστηναι τω πονηρω αλλ οστις σε ραπισει επι την δεξιαν σου σιαγονα στρεψον αυτω και την αλλην
280528008e	και τω θελοντι σοι κριθηναι και τον χιτωνα σου λαβειν αφες αυτω και το ιματιον
2805290061	και οστις σε αγγαρευσει μιλιον εν υπαγε μετ αυτου δυο
28052a0081	τω αιτουντι σε διδου και τον θελοντα απο σου δανεισασθαι μη αποστραφης
28052b0087	ηκουσατε οτι ερρεθη αγαπησεις τον πλησιον σου και μισησεις τον εχθρον σου
28052c013d	εγω δε λεγω υμιν αγαπατε τους εχθρους υμων ευλογειτε τους καταρωμενους υμας καλως ποιειτε τους μισουντας υμας και προσευχεσθε υπερ των επηρεαζοντων υμας και διωκοντων υμας
28052d0101	οπως γενησθε υιοι του πατρος υμων του εν ουρανοις οτι τον ηλιον αυτου ανατελλει επι πονηρους και αγαθους και βρεχει επι δικαιους και αδικους
28052e00a9	εαν γαρ αγαπησητε τους αγαπωντας υμας τινα μισθον εχετε ουχι και οι τελωναι το αυτο ποιουσιν
28052f00b3	και εαν ασπασησθε τους αδελφους υμων μονον τι περισσον ποιειτε ουχι και οι τελωναι ουτως ποιουσιν
280530008b	εσεσθε ουν υμεις τελειοι ωσπερ ο πατηρ υμων ο εν τοις ουρανοις τελειος εστιν
280601011a	προσεχετε την ελεημοσυνην υμων μη ποιειν εμπροσθεν των ανθρωπων προς το θεαθηναι αυτοις ει δε μηγε μισθον ουκ εχετε παρα τω πατρι υμων τω εν τοις ουρανοις
2806020164	οταν ουν ποιης ελεημοσυνην μη σαλπισης εμπροσθεν σου ωσπερ οι υποκριται ποιουσιν εν ταις συναγωγαις και εν ταις ρυμαις οπως δοξασθωσιν υπο των ανθρωπων αμην λεγω υμιν απεχουσιν τον μισθον αυτων
2806030085	σου δε ποιουντος ελεημοσυνην μη γνωτω η αριστερα σου τι ποιει η δεξια σου
28060400be	οπως η σου η ελεημοσυνη εν τω κρυπτω και ο πατηρ σου ο βλεπων εν τω κρυπτω αυτος αποδωσει σοι εν τω φανερω
280605017d	και οταν προσευχη ουκ εση ωσπερ οι υποκριται οτι φιλουσιν εν ταις συναγωγαις και εν ταις γωνιαις των πλατειων εστωτες προσευχεσθαι οπως αν φανωσιν τοις ανθρωποις αμην λεγω υμιν οτι απεχουσιν τον μισθον αυτων
280606013d	συ δε οταν προσευχη εισελθε εις το ταμιειον σου και κλεισας την θυραν σου προσευξαι τω πατρι σου τω εν τω κρυπτω και ο πατηρ σου ο βλεπων εν τω κρυπτω αποδωσει σοι εν τω φανερω
28060700c6	προσευχομενοι δε μη βαττολογησητε ωσπερ οι εθνικοι δοκουσιν γαρ οτι εν τη πολυλογια αυτων εισακουσθησονται
28060800a2	μη ουν ομοιωθητε αυτοις οιδεν γαρ ο πατηρ υμων ων χρειαν εχετε προ του υμας αιτησαι αυτον
2806090093	ουτως ουν προσευχεσθε υμεις πατερ ημων ο εν τοις ουρανοις αγιασθητω το ονομα σου
28060a0084	ελθετω η βασιλεια σου γενηθητω το θελημα σου ως εν ουρανω και επι της γης
28060b0053	τον αρτον ημων τον επιουσιον δος ημιν σημερον
28060c0088	και αφες ημιν τα οφειληματα ημων ως και ημεις αφιεμεν τοις οφειλεταις ημων
28060d00fc	και μη εισενεγκης ημας εις πειρασμον αλλα ρυσαι ημας απο του πονηρου οτι σου εστιν η βασιλεια και η δυναμις και η δοξα εις τους αιωνας αμην
28060e00a3	εαν γαρ αφητε τοις ανθρωποις τα παραπτωματα αυτων αφησει και υμιν ο πατηρ υμων ο ουρανιος
28060f00b0	εαν δε μη αφητε τοις ανθρωποις τα παραπτωματα αυτων ουδε ο πατηρ υμων αφησει τα παραπτωματα υμων
2806100146	οταν δε νηστευητε μη γινεσθε ωσπερ οι υποκριται σκυθρωποι αφανιζουσιν γαρ τα προσωπα αυτων οπως φανωσιν τοις ανθρωποις νηστευοντες αμην λεγω υμιν οτι απεχουσιν τον μισθον αυτων
2806110075	συ δε νηστευων αλειψαι σου την κεφαλην και το προσωπον σου νιψαι
28061200f3	οπως μη φανης τοις ανθρωποις νηστευων αλλα τω πατρι σου τω εν τω κρυπτω και ο πατηρ σου ο βλεπων εν τω κρυπτω αποδωσει σοι εν τω φανερω
28061300d5	μη θησαυριζετε υμιν θησαυρους επι της γης οπου σης και βρωσις αφανιζει και οπου κλεπται διορυσσουσιν και κλεπτουσιν
28061400e4	θησαυριζετε δε υμιν θησαυρους εν ουρανω οπου ουτε σης ουτε βρωσις αφανιζει και οπου κλεπται ου διορυσσουσιν ουδε κλεπτουσιν
280615006b	οπου γαρ εστιν ο θησαυρος υμων εκει εσται και η καρδια υμων
28061600b7	ο λυχνος του σωματος εστιν ο οφθαλμος εαν ουν ο οφθαλμος σου απλους η ολον το σωμα σου φωτεινον εσται
28061700d2	εαν δε ο οφθαλμος σου πονηρος η ολον το σωμα σου σκοτεινον εσται ει ουν το φως το εν σοι σκοτος εστιν το σκοτος ποσον
2806180130	ουδεις δυναται δυσι κυριοις δουλευειν η γαρ τον ενα μισησει και τον ετερον αγαπησει η ενος ανθεξεται και του ετερου καταφρονησει ου δυνασθε θεω δουλευειν και μαμμωνα
2806190127	δια τουτο λεγω υμιν μη μεριμνατε τη ψυχη υμων τι φαγητε και τι πιητε μηδε τω σωματι υμων τι ενδυσησθε ουχι η ψυχη πλειον εστιν της τροφης και το σωμα του ενδυματος
28061a013d	εμβλεψατε εις τα πετεινα του ουρανου οτι ου σπειρουσιν ουδε θεριζουσιν ουδε συναγουσιν εις αποθηκας και ο πατηρ υμων ο ουρανιος τρεφει αυτα ουχ υμεις μαλλον διαφερετε αυτων
28061b0088	τις δε εξ υμων μεριμνων δυναται προσθειναι επι την ηλικιαν αυτου πηχυν ενα
28061c00ab	και περι ενδυματος τι μεριμνατε καταμαθετε τα κρινα του αγρου πως αυξανει ου κοπια ουδε νηθει
28061d008a	λεγω δε υμιν οτι ουδε σολομων εν παση τη δοξη αυτου περιεβαλετο ως εν τουτων
28061e00f3	ει δε τον χορτον του αγρου σημερον οντα και αυριον εις κλιβανον βαλλομενον ο θεος ουτως αμφιεννυσιν ου πολλω μαλλον υμας ολιγοπιστοι
28061f007d	μη ουν μεριμνησητε λεγοντες τι φαγωμεν η τι πιωμεν η τι περιβαλωμεθα
28062000aa	παντα γαρ ταυτα τα εθνη επιζητει οιδεν γαρ ο πατηρ υμων ο ουρανιος οτι χρηζετε τουτων απαντων
28062100bb	ζητειτε δε πρωτον την βασιλειαν του θεου και την δικαιοσυνην αυτου και ταυτα παντα προστεθησεται υμιν
28062200b3	μη ουν μεριμνησητε εις την αυριον η γαρ αυριον μεριμνησει τα εαυτης αρκετον τη ημερα η κακια αυτης
280701002e	μη κρινετε ινα μη κριθητε
2807020096	εν ω γαρ κριματι κρινετε κριθησεσθε και εν ω μετρω μετρειτε αντιμετρηθησεται υμιν
28070300b2	τι δε βλεπεις το καρφος το εν τω οφθαλμω του αδελφου σου την δε εν τω σω οφθαλμω δοκον ου κατανοεις
28070400b9	η πως ερεις τω αδελφω σου αφες εκβαλω το καρφος απο του οφθαλμου σου και ιδου η δοκος εν τω οφθαλμω σου
28070500e2	υποκριτα εκβαλε πρωτον την δοκον εκ του οφθαλμου σου και τοτε διαβλεψεις εκβαλειν το καρφος εκ του οφθαλμου του αδελφου σου
2807060122	μη δωτε το αγιον τοις κυσιν μηδε βαλητε τους μαργαριτας υμων εμπροσθεν των χοιρων μηποτε καταπατησωσιν αυτους εν τοις ποσιν αυτων και στραφεντες ρηξωσιν υμας
280707008e	αιτειτε και δοθησεται υμιν ζητειτε και ευρησετε κρουετε και ανοιγησεται υμιν
2807080086	πας γαρ ο αιτων λαμβανει και ο ζητων ευρισκει και τω κρουοντι ανοιγησεται
2807090098	η τις εστιν εξ υμων ανθρωπος ον εαν αιτηση ο υιος αυτου αρτον μη λιθον επιδωσει αυτω
28070a004d	και εαν ιχθυν αιτηση μη οφιν επιδωσει αυτω
28070b010f	ει ουν υμεις πονηροι οντες οιδατε δοματα αγαθα διδοναι τοις τεκνοις υμων ποσω μαλλον ο πατηρ υμων ο εν τοις ουρανοις δωσει αγαθα τοις αιτουσιν αυτον
28070c00e0	παντα ουν οσα αν θελητε ινα ποιωσιν υμιν οι ανθρωποι ουτως και υμεις ποιειτε αυτοις ουτος γαρ εστιν ο νομος και οι προφηται
28070d0100	εισελθετε δια της στενης πυλης οτι πλατεια η πυλη και ευρυχωρος η οδος η απαγουσα εις την απωλειαν και πολλοι εισιν οι εισερχομενοι δι αυτης
28070e00b6	οτι στενη η πυλη και τεθλιμμενη η οδος η απαγουσα εις την ζωην και ολιγοι εισιν οι ευρισκοντες αυτην
28070f00d2	προσεχετε δε απο των ψευδοπροφητων οιτινες ερχονται προς υμας εν ενδυμασιν προβατων εσωθεν δε εισιν λυκοι αρπαγες
28071000b4	απο των καρπων αυτων επιγνωσεσθε αυτους μητι συλλεγουσιν απο ακανθων σταφυλην η απο τριβολων συκα
28071100a5	ουτως παν δενδρον αγαθον καρπους καλους ποιει το δε σαπρον δενδρον καρπους πονηρους ποιει
28071200aa	ου δυναται δενδρον αγαθον καρπους πονηρους ποιειν ουδε δενδρον σαπρον καρπους καλους ποιειν
280713007a	παν δενδρον μη ποιουν καρπον καλον εκκοπτεται και εις πυρ βαλλεται
2807140054	αραγε απο των καρπων αυτων επιγνωσεσθε αυτους
28071500e5	ου πας ο λεγων μοι κυριε κυριε εισελευσεται εις την βασιλειαν των ουρανων αλλ ο ποιων το θελημα του πατρος μου του εν ουρανοις
280716012e	πολλοι ερουσιν μοι εν εκεινη τη ημερα κυριε κυριε ου τω σω ονοματι προεφητευσαμεν και τω σω ονοματι δαιμονια εξεβαλομεν και τω σω ονοματι δυναμεις πολλας εποιησαμεν
28071700b0	και τοτε ομολογησω αυτοις οτι ουδεποτε εγνων υμας αποχωρειτε απ εμου οι εργαζομενοι την ανομιαν
28071800fe	πας ουν οστις ακουει μου τους λογους τουτους και ποιει αυτους ομοιωσω αυτον ανδρι φρονιμω οστις ωκοδομησεν την οικιαν αυτου επι την πετραν
28071900fe	και κατεβη η βροχη και ηλθον οι ποταμοι και επνευσαν οι ανεμοι και προσεπεσον τη οικια εκεινη και ουκ επεσεν τεθεμελιωτο γαρ επι την πετραν
28071a00f2	και πας ο ακουων μου τους λογους τουτους και μη ποιων αυτους ομοιωθησεται ανδρι μωρω οστις ωκοδομησεν την οικιαν αυτου επι την αμμον
28071b00f2	και κατεβη η βροχη και ηλθον οι ποταμοι και επνευσαν οι ανεμοι και προσεκοψαν τη οικια εκεινη και επεσεν και ην η πτωσις αυτης μεγαλη
28071c00b5	και εγενετο οτε συνετελεσεν ο ιησους τους λογους τουτους εξεπλησσοντο οι οχλοι επι τη διδαχη αυτου
28071d0075	ην γαρ διδασκων αυτους ως εξουσιαν εχων και ουχ ως οι γραμματεις
2808010071	καταβαντι δε αυτω απο του ορους ηκολουθησαν αυτω οχλοι πολλοι
2808020094	και ιδου λεπρος ελθων προσεκυνει αυτω λεγων κυριε εαν θελης δυνασαι με καθαρισαι
28080300bc	και εκτεινας την χειρα ηψατο αυτου ο ιησους λεγων θελω καθαρισθητι και ευθεως εκαθαρισθη αυτου η λεπρα
28080400fd	και λεγει αυτω ο ιησους ορα μηδενι ειπης αλλ υπαγε σεαυτον δειξον τω ιερει και προσενεγκε το δωρον ο προσεταξεν μωσης εις μαρτυριον αυτοις
2808050098	εισελθοντι δε τω ιησου εις καπερναουμ προσηλθεν αυτω εκατονταρχος παρακαλων αυτον
2808060094	και λεγων κυριε ο παις μου βεβληται εν τη οικια παραλυτικος δεινως βασανιζομενος
280807005a	και λεγει αυτω ο ιησους εγω ελθων θεραπευσω αυτον
28080800f5	και αποκριθεις ο εκατονταρχος εφη κυριε ουκ ειμι ικανος ινα μου υπο την στεγην εισελθης αλλα μονον ειπε λογον και ιαθησεται ο παις μου
280809013b	και γαρ εγω ανθρωπος ειμι υπο εξουσιαν εχων υπ εμαυτον στρατιωτας και λεγω τουτω πορευθητι και πορευεται και αλλω ερχου και ερχεται και τω δουλω μου ποιησον τουτο και ποιει
28080a00ce	ακουσας δε ο ιησους εθαυμασεν και ειπεν τοις ακολουθουσιν αμην λεγω υμιν ουδε εν τω ισραηλ τοσαυτην πιστιν ευρον
28080b00f4	λεγω δε υμιν οτι πολλοι απο ανατολων και δυσμων ηξουσιν και ανακλιθησονται μετα αβρααμ και ισαακ και ιακωβ εν τη βασιλεια των ουρανων
28080c00cd	οι δε υιοι της βασιλειας εκβληθησονται εις το σκοτος το εξωτερον εκει εσται ο κλαυθμος και ο βρυγμος των οδοντων
28080d00c6	και ειπεν ο ιησους τω εκατονταρχω υπαγε και ως επιστευσας γενηθητω σοι και ιαθη ο παις αυτου εν τη ωρα εκεινη
28080e00aa	και ελθων ο ιησους εις την οικιαν πετρου ειδεν την πενθεραν αυτου βεβλημενην και πυρεσσουσαν
28080f009a	και ηψατο της χειρος αυτης και αφηκεν αυτην ο πυρετος και ηγερθη και διηκονει αυτοις
28081000f5	οψιας δε γενομενης προσηνεγκαν αυτω δαιμονιζομενους πολλους και εξεβαλεν τα πνευματα λογω και παντας τους κακως εχοντας εθεραπευσεν
28081100cd	οπως πληρωθη το ρηθεν δια ησαιου του προφητου λεγοντος αυτος τας ασθενειας ημων ελαβεν και τας νοσους εβαστασεν
2808120088	ιδων δε ο ιησους πολλους οχλους περι αυτον εκελευσεν απελθειν εις το περαν
2808130095	και προσελθων εις γραμματευς ειπεν αυτω διδασκαλε ακολουθησω σοι οπου εαν απερχη
280814010b	και λεγει αυτω ο ιησους αι αλωπεκες φωλεους εχουσιν και τα πετεινα του ουρανου κατασκηνωσεις ο δε υιος του ανθρωπου ουκ εχει που την κεφαλην κλινη
28081500b6	ετερος δε των μαθητων αυτου ειπεν αυτω κυριε επιτρεψον μοι πρωτον απελθειν και θαψαι τον πατερα μου
280816009a	ο δε ιησους ειπεν αυτω ακολουθει μοι και αφες τους νεκρους θαψαι τους εαυτων νεκρους
2808170076	και εμβαντι αυτω εις το πλοιον ηκολουθησαν αυτω οι μαθηται αυτου
28081800c3	και ιδου σεισμος μεγας εγενετο εν τη θαλασση ωστε το πλοιον καλυπτεσθαι υπο των κυματων αυτος δε εκαθευδεν
280819009d	και προσελθοντες οι μαθηται αυτου ηγειραν αυτον λεγοντες κυριε σωσον ημας απολλυμεθα
28081a00e2	και λεγει αυτοις τι δειλοι εστε ολιγοπιστοι τοτε εγερθεις επετιμησεν τοις ανεμοις και τη θαλασση και εγενετο γαληνη μεγαλη
28081b00bc	οι δε ανθρωποι εθαυμασαν λεγοντες ποταπος εστιν ουτος οτι και οι ανεμοι και η θαλασσα υπακουουσιν αυτω
28081c0155	και ελθοντι αυτω εις το περαν εις την χωραν των γεργεσηνων υπηντησαν αυτω δυο δαιμονιζομενοι εκ των μνημειων εξερχομενοι χαλεποι λιαν ωστε μη ισχυειν τινα παρελθειν δια της οδου εκεινης
28081d00af	και ιδου εκραξαν λεγοντες τι ημιν και σοι ιησου υιε του θεου ηλθες ωδε προ καιρου βασανισαι ημας
28081e005e	ην δε μακραν απ αυτων αγελη χοιρων πολλων βοσκομενη
28081f00c8	οι δε δαιμονες παρεκαλουν αυτον λεγοντες ει εκβαλλεις ημας επιτρεψον ημιν απελθειν εις την αγελην των χοιρων
2808200145	και ειπεν αυτοις υπαγετε οι δε εξελθοντες απηλθον εις την αγελην των χοιρων και ιδου ωρμησεν πασα η αγελη των χοιρων κατα του κρημνου εις την θαλασσαν και απεθανον εν τοις υδασιν
28082100ae	οι δε βοσκοντες εφυγον και απελθοντες εις την πολιν απηγγειλαν παντα και τα των δαιμονιζομενων
28082200d3	και ιδου πασα η πολις εξηλθεν εις συναντησιν τω ιησου και ιδοντες αυτον παρεκαλεσαν οπως μεταβη απο των οριων αυτων
2809010075	και εμβας εις το πλοιον διεπερασεν και ηλθεν εις την ιδιαν πολιν
2809020120	και ιδου προσεφερον αυτω παραλυτικον επι κλινης βεβλημενον και ιδων ο ιησους την πιστιν αυτων ειπεν τω παραλυτικω θαρσει τεκνον αφεωνται σοι αι αμαρτιαι σου
2809030073	και ιδου τινες των γραμματεων ειπον εν εαυτοις ουτος βλασφημει
28090400b2	και ιδων ο ιησους τας ενθυμησεις αυτων ειπεν ινα τι υμεις ενθυμεισθε πονηρα εν ταις καρδιαις υμων
28090500a1	τι γαρ εστιν ευκοπωτερον ειπειν αφεωνται σοι αι αμαρτιαι η ειπειν εγειραι και περιπατει
2809060127	ινα δε ειδητε οτι εξουσιαν εχει ο υιος του ανθρωπου επι της γης αφιεναι αμαρτιας τοτε λεγει τω παραλυτικω εγερθεις αρον σου την κλινην και υπαγε εις τον οικον σου
280907004a	και εγερθεις απηλθεν εις τον οικον αυτου
28090800ae	ιδοντες δε οι οχλοι εθαυμασαν και εδοξασαν τον θεον τον δοντα εξουσιαν τοιαυτην τοις ανθρωποις
280909010f	και παραγων ο ιησους εκειθεν ειδεν ανθρωπον καθημενον επι το τελωνιον ματθαιον λεγομενον και λεγει αυτω ακολουθει μοι και αναστας ηκολουθησεν αυτω
28090a00f8	και εγενετο αυτου ανακειμενου εν τη οικια και ιδου πολλοι τελωναι και αμαρτωλοι ελθοντες συνανεκειντο τω ιησου και τοις μαθηταις αυτου
28090b00d0	και ιδοντες οι φαρισαιοι ειπον τοις μαθηταις αυτου δια τι μετα των τελωνων και αμαρτωλων εσθιει ο διδασκαλος υμων
28090c00a7	ο δε ιησους ακουσας ειπεν αυτοις ου χρειαν εχουσιν οι ισχυοντες ιατρου αλλ οι κακως εχοντες
28090d00d2	πορευθεντες δε μαθετε τι εστιν ελεον θελω και ου θυσιαν ου γαρ ηλθον καλεσαι δικαιους αλλ αμαρτωλους εις μετανοιαν
28090e00f0	τοτε προσερχονται αυτω οι μαθηται ιωαννου λεγοντες δια τι ημεις και οι φαρισαιοι νηστευομεν πολλα οι δε μαθηται σου ου νηστευουσιν
28090f013e	και ειπεν αυτοις ο ιησους μη δυνανται οι υιοι του νυμφωνος πενθειν εφ οσον μετ αυτων εστιν ο νυμφιος ελευσονται δε ημεραι οταν απαρθη απ αυτων ο νυμφιος και τοτε νηστευσουσιν
28091000f0	ουδεις δε επιβαλλει επιβλημα ρακους αγναφου επι ιματιω παλαιω αιρει γαρ το πληρωμα αυτου απο του ιματιου και χειρον σχισμα γινεται
2809110160	ουδε βαλλουσιν οινον νεον εις ασκους παλαιους ει δε μηγε ρηγνυνται οι ασκοι και ο οινος εκχειται και οι ασκοι απολουνται αλλα βαλλουσιν οινον νεον εις ασκους καινους και αμφοτερα συντηρουνται
280912012c	ταυτα αυτου λαλουντος αυτοις ιδου αρχων {VAR2: εις} ελθων προσεκυνει αυτω λεγων οτι η θυγατηρ μου αρτι ετελευτησεν αλλα ελθων επιθες την χειρα σου επ αυτην και ζησεται
280913006d	και εγερθεις ο ιησους ηκολουθησεν αυτω και οι μαθηται αυτου
28091400af	και ιδου γυνη αιμορροουσα δωδεκα ετη προσελθουσα οπισθεν ηψατο του κρασπεδου του ιματιου αυτου
2809150076	ελεγεν γαρ εν εαυτη εαν μονον αψωμαι του ιματιου αυτου σωθησομαι
28091600dc	ο δε ιησους επιστραφεις και ιδων αυτην ειπεν θαρσει θυγατερ η πιστις σου σεσωκεν σε και εσωθη η γυνη απο της ωρας εκεινης
28091700ae	και ελθων ο ιησους εις την οικιαν του αρχοντος και ιδων τους αυλητας και τον οχλον θορυβουμενον
280918009e	λεγει αυτοις αναχωρειτε ου γαρ απεθανεν το κορασιον αλλα καθευδει και κατεγελων αυτου
2809190097	οτε δε εξεβληθη ο οχλος εισελθων εκρατησεν της χειρος αυτης και ηγερθη το κορασιον
28091a0057	και εξηλθεν η φημη αυτη εις ολην την γην εκεινην
28091b00c1	και παραγοντι εκειθεν τω ιησου ηκολουθησαν αυτω δυο τυφλοι κραζοντες και λεγοντες ελεησον ημας υιε δαβιδ
28091c00fa	ελθοντι δε εις την οικιαν προσηλθον αυτω οι τυφλοι και λεγει αυτοις ο ιησους πιστευετε οτι δυναμαι τουτο ποιησαι λεγουσιν αυτω ναι κυριε
28091d0081	τοτε ηψατο των οφθαλμων αυτων λεγων κατα την πιστιν υμων γενηθητω υμιν
28091e00af	και ανεωχθησαν αυτων οι οφθαλμοι και ενεβριμησατο αυτοις ο ιησους λεγων ορατε μηδεις γινωσκετω
28091f0061	οι δε εξελθοντες διεφημισαν αυτον εν ολη τη γη εκεινη
2809200088	αυτων δε εξερχομενων ιδου προσηνεγκαν αυτω ανθρωπον κωφον δαιμονιζομενον
28092100de	και εκβληθεντος του δαιμονιου ελαλησεν ο κωφος και εθαυμασαν οι οχλοι λεγοντες {VAR1: οτι} ουδεποτε εφανη ουτως εν τω ισραηλ
2809220083	οι δε φαρισαιοι ελεγον εν τω αρχοντι των δαιμονιων εκβαλλει τα δαιμονια
280923014e	και περιηγεν ο ιησους τας πολεις πασας και τας κωμας διδασκων εν ταις συναγωγαις αυτων και κηρυσσων το ευαγγελιον της βασιλειας και θεραπευων πασαν νοσον και πασαν μαλακιαν εν τω λαω
28092400cc	ιδων δε τους οχλους εσπλαγχνισθη περι αυτων οτι ησαν εκλελυμενοι και ερριμμενοι ωσει προβατα μη εχοντα ποιμενα
2809250084	τοτε λεγει τοις μαθηταις αυτου ο μεν θερισμος πολυς οι δε εργαται ολιγοι
2809260090	δεηθητε ουν του κυριου του θερισμου οπως εκβαλη εργατας εις τον θερισμον αυτου
280a010120	και προσκαλεσαμενος τους δωδεκα μαθητας αυτου εδωκεν αυτοις εξουσιαν πνευματων ακαθαρτων ωστε εκβαλλειν αυτα και θεραπευειν πασαν νοσον και πασαν μαλακιαν
280a020122	των δε δωδεκα αποστολων τα ονοματα εστιν ταυτα πρωτος σιμων ο λεγομενος πετρος και ανδρεας ο αδελφος αυτου ιακωβος ο του ζεβεδαιου και ιωαννης ο αδελφος αυτου
280a0300ce	φιλιππος και βαρθολομαιος θωμας και ματθαιος ο τελωνης ιακωβος ο του αλφαιου και λεββαιος ο επικληθεις θαδδαιος
280a04006f	σιμων ο κανανιτης και ιουδας ισκαριωτης ο και παραδους αυτον
280a0500ef	τουτους τους δωδεκα απεστειλεν ο ιησους παραγγειλας αυτοις λεγων εις οδον εθνων μη απελθητε και εις πολιν σαμαρειτων μη εισελθητε
280a060071	πορευεσθε δε μαλλον προς τα προβατα τα απολωλοτα οικου ισραηλ
280a07007f	πορευομενοι δε κηρυσσετε λεγοντες οτι ηγγικεν η βασιλεια των ουρανων
280a0800c5	ασθενουντας θεραπευετε λεπρους καθαριζετε νεκρους εγειρετε δαιμονια εκβαλλετε δωρεαν ελαβετε δωρεαν δοτε
280a090072	μη κτησησθε χρυσον μηδε αργυρον μηδε χαλκον εις τας ζωνας υμων
280a0a00dd	μη πηραν εις οδον μηδε δυο χιτωνας μηδε υποδηματα μηδε {VAR1: ραβδον} {VAR2: ραβδους} αξιος γαρ ο εργατης της τροφης αυτου εστιν
280a0b00b4	εις ην δ αν πολιν η κωμην εισελθητε εξετασατε τις εν αυτη αξιος εστιν κακει μεινατε εως αν εξελθητε
280a0c0056	εισερχομενοι δε εις την οικιαν ασπασασθε αυτην
280a0d00c3	και εαν μεν η η οικια αξια ελθετω η ειρηνη υμων επ αυτην εαν δε μη η αξια η ειρηνη υμων προς υμας επιστραφητω
280a0e00ff	και ος εαν μη δεξηται υμας μηδε ακουση τους λογους υμων εξερχομενοι της οικιας η της πολεως εκεινης εκτιναξατε τον κονιορτον των ποδων υμων
280a0f00a7	αμην λεγω υμιν ανεκτοτερον εσται γη σοδομων και γομορρων εν ημερα κρισεως η τη πολει εκεινη
280a1000cb	ιδου εγω αποστελλω υμας ως προβατα εν μεσω λυκων γινεσθε ουν φρονιμοι ως οι οφεις και ακεραιοι ως αι περιστεραι
280a1100d0	προσεχετε δε απο των ανθρωπων παραδωσουσιν γαρ υμας εις συνεδρια και εν ταις συναγωγαις αυτων μαστιγωσουσιν υμας
280a1200aa	και επι ηγεμονας δε και βασιλεις αχθησεσθε ενεκεν εμου εις μαρτυριον αυτοις και τοις εθνεσιν
280a1300c0	οταν δε παραδιδωσιν υμας μη μεριμνησητε πως η τι λαλησητε δοθησεται γαρ υμιν εν εκεινη τη ωρα τι λαλησετε
280a14008f	ου γαρ υμεις εστε οι λαλουντες αλλα το πνευμα του πατρος υμων το λαλουν εν υμιν
280a1500da	παραδωσει δε αδελφος αδελφον εις θανατον και πατηρ τεκνον και επαναστησονται τεκνα επι γονεις και θανατωσουσιν αυτους
280a1600a5	και εσεσθε μισουμενοι υπο παντων δια το ονομα μου ο δε υπομεινας εις τελος ουτος σωθησεται
280a17010d	οταν δε διωκωσιν υμας εν τη πολει ταυτη φευγετε εις την αλλην αμην γαρ λεγω υμιν ου μη τελεσητε τας πολεις του ισραηλ εως αν ελθη ο υιος του ανθρωπου
280a180083	ουκ εστιν μαθητης υπερ τον διδασκαλον ουδε δουλος υπερ τον κυριον αυτου
280a190142	αρκετον τω μαθητη ινα γενηται ως ο διδασκαλος αυτου και ο δουλος ως ο κυριος αυτου ει τον οικοδεσποτην {VAR1: βεελζεβουλ} {VAR2: βεελζεβουβ} εκαλεσαν ποσω μαλλον τους οικιακους αυτου
280a1a00bd	μη ουν φοβηθητε αυτους ουδεν γαρ εστιν κεκαλυμμενον ο ουκ αποκαλυφθησεται και κρυπτον ο ου γνωσθησεται
280a1b00a5	ο λεγω υμιν εν τη σκοτια ειπατε εν τω φωτι και ο εις το ους ακουετε κηρυξατε επι των δωματων
280a1c0119	και μη φοβηθητε απο των αποκτεινοντων το σωμα την δε ψυχην μη δυναμενων αποκτειναι φοβηθητε δε μαλλον τον δυναμενον και ψυχην και σωμα απολεσαι εν γεεννη
280a1d00af	ουχι δυο στρουθια ασσαριου πωλειται και εν εξ αυτων ου πεσειται επι την γην ανευ του πατρος υμων
280a1e0069	υμων δε και αι τριχες της κεφαλης πασαι ηριθμημεναι εισιν
280a1f005a	μη ουν φοβηθητε πολλων στρουθιων διαφερετε υμεις
280a2000db	πας ουν οστις ομολογησει εν εμοι εμπροσθεν των ανθρωπων ομολογησω καγω εν αυτω εμπροσθεν του πατρος μου του εν ουρανοις
280a2100c7	οστις δ αν αρνησηται με εμπροσθεν των ανθρωπων αρνησομαι αυτον καγω εμπροσθεν του πατρος μου του εν ουρανοις
280a2200a0	μη νομισητε οτι ηλθον βαλειν ειρηνην επι την γην ουκ ηλθον βαλειν ειρηνην αλλα μαχαιραν
280a2300d9	ηλθον γαρ διχασαι ανθρωπον κατα του πατρος αυτου και θυγατερα κατα της μητρος αυτης και νυμφην κατα της πενθερας αυτης
280a24004c	και εχθροι του ανθρωπου οι οικιακοι αυτου
280a2500c4	ο φιλων πατερα η μητερα υπερ εμε ουκ εστιν μου αξιος και ο φιλων υιον η θυγατερα υπερ εμε ουκ εστιν μου αξιος
280a260092	και ος ου λαμβανει τον σταυρον αυτου και ακολουθει οπισω μου ουκ εστιν μου αξιος
280a2700ae	ο ευρων την ψυχην αυτου απολεσει αυτην και ο απολεσας την ψυχην αυτου ενεκεν εμου ευρησει αυτην
280a28008c	ο δεχομενος υμας εμε δεχεται και ο εμε δεχομενος δεχεται τον αποστειλαντα με
280a2900ee	ο δεχομενος προφητην εις ονομα προφητου μισθον προφητου ληψεται και ο δεχομενος δικαιον εις ονομα δικαιου μισθον δικαιου ληψεται
280a2a00e4	και ος εαν ποτιση ενα των μικρων τουτων ποτηριον ψυχρου μονον εις ονομα μαθητου αμην λεγω υμιν ου μη απολεση τον μισθον αυτου
280b0100fa	και εγενετο οτε ετελεσεν ο ιησους διατασσων τοις δωδεκα μαθηταις αυτου μετεβη εκειθεν του διδασκειν και κηρυσσειν εν ταις πολεσιν αυτων
280b02009d	ο δε ιωαννης ακουσας εν τω δεσμωτηριω τα εργα του χριστου πεμψας δυο των μαθητων αυτου
280b03005a	ειπεν αυτω συ ει ο ερχομενος η ετερον προσδοκωμεν
280b0400a6	και αποκριθεις ο ιησους ειπεν αυτοις πορευθεντες απαγγειλατε ιωαννη α ακουετε και βλεπετε
280b0500ee	τυφλοι αναβλεπουσιν και χωλοι περιπατουσιν λεπροι καθαριζονται και κωφοι ακουουσιν νεκροι εγειρονται και πτωχοι ευαγγελιζονται
280b060058	και μακαριος εστιν ος εαν μη σκανδαλισθη εν εμοι
280b0700fe	τουτων δε πορευομενων ηρξατο ο ιησους λεγειν τοις οχλοις περι ιωαννου τι εξηλθετε εις την ερημον θεασασθαι καλαμον υπο ανεμου σαλευομενον
280b0800e9	αλλα τι εξηλθετε ιδειν ανθρωπον εν μαλακοις ιματιοις ημφιεσμενον ιδου οι τα μαλακα φορουντες εν τοις οικοις των βασιλεων εισιν
280b090084	αλλα τι εξηλθετε ιδειν προφητην ναι λεγω υμιν και περισσοτερον προφητου
280b0a00eb	ουτος γαρ εστιν περι ου γεγραπται ιδου εγω αποστελλω τον αγγελον μου προ προσωπου σου ος κατασκευασει την οδον σου εμπροσθεν σου
280b0b0104	αμην λεγω υμιν ουκ εγηγερται εν γεννητοις γυναικων μειζων ιωαννου του βαπτιστου ο δε μικροτερος εν τη βασιλεια των ουρανων μειζων αυτου εστιν
280b0c00c9	απο δε των ημερων ιωαννου του βαπτιστου εως αρτι η βασιλεια των ουρανων βιαζεται και βιασται αρπαζουσιν αυτην
280b0d006d	παντες γαρ οι προφηται και ο νομος εως ιωαννου προεφητευσαν
280b0e006b	και ει θελετε δεξασθαι αυτος εστιν ηλιας ο μελλων ερχεσθαι
280b0f0030	ο εχων ωτα ακουειν ακουετω
280b1000d6	τινι δε ομοιωσω την γενεαν ταυτην ομοια εστιν παιδαριοις εν αγοραις καθημενοις και προσφωνουσιν τοις εταιροις αυτων
280b110093	και λεγουσιν ηυλησαμεν υμιν και ουκ ωρχησασθε εθρηνησαμεν υμιν και ουκ εκοψασθε
280b12007e	ηλθεν γαρ ιωαννης μητε εσθιων μητε πινων και λεγουσιν δαιμονιον εχει
280b130126	ηλθεν ο υιος του ανθρωπου εσθιων και πινων και λεγουσιν ιδου ανθρωπος φαγος και οινοποτης τελωνων φιλος και αμαρτωλων και εδικαιωθη η σοφια απο των τεκνων αυτης
280b1400ae	τοτε ηρξατο ονειδιζειν τας πολεις εν αις εγενοντο αι πλεισται δυναμεις αυτου οτι ου μετενοησαν
280b150124	ουαι σοι χοραζιν ουαι σοι {VAR1: βηθσαιδαν} {VAR2: βηθσαιδα} οτι ει εν τυρω και σιδωνι εγενοντο αι δυναμεις αι γενομεναι εν υμιν παλαι αν εν σακκω και σποδω μετενοησαν
280b160084	πλην λεγω υμιν τυρω και σιδωνι ανεκτοτερον εσται εν ημερα κρισεως η υμιν
280b17011e	και συ καπερναουμ η εως του ουρανου υψωθεισα εως αδου καταβιβασθηση οτι ει εν σοδομοις εγενοντο αι δυναμεις αι γενομεναι εν σοι εμειναν αν μεχρι της σημερον
280b180080	πλην λεγω υμιν οτι γη σοδομων ανεκτοτερον εσται εν ημερα κρισεως η σοι
280b190135	εν εκεινω τω καιρω αποκριθεις ο ιησους ειπεν εξομολογουμαι σοι πατερ κυριε του ουρανου και της γης οτι απεκρυψας ταυτα απο σοφων και συνετων και απεκαλυψας αυτα νηπιοις
280b1a005e	ναι ο πατηρ οτι ουτως εγενετο ευδοκια εμπροσθεν σου
280b1b012b	παντα μοι παρεδοθη υπο του πατρος μου και ουδεις επιγινωσκει τον υιον ει μη ο πατηρ ουδε τον πατερα τις επιγινωσκει ει μη ο υιος και ω εαν βουληται ο υιος αποκαλυψαι
280b1c0082	δευτε προς με παντες οι κοπιωντες και πεφορτισμενοι καγω αναπαυσω υμας
280b1d00e2	αρατε τον ζυγον μου εφ υμας και μαθετε απ εμου οτι πραος ειμι και ταπεινος τη καρδια και ευρησετε αναπαυσιν ταις ψυχαις υμων
280b1e0066	ο γαρ ζυγος μου χρηστος και το φορτιον μου ελαφρον εστιν
280c0100fc	εν εκεινω τω καιρω επορευθη ο ιησους τοις σαββασιν δια των σποριμων οι δε μαθηται αυτου επεινασαν και ηρξαντο τιλλειν σταχυας και εσθιειν
280c0200ae	οι δε φαρισαιοι ιδοντες ειπον αυτω ιδου οι μαθηται σου ποιουσιν ο ουκ εξεστιν ποιειν εν σαββατω
280c03009b	ο δε ειπεν αυτοις ουκ ανεγνωτε τι εποιησεν δαβιδ οτε επεινασεν αυτος και οι μετ αυτου
280c04010b	πως εισηλθεν εις τον οικον του θεου και τους αρτους της προθεσεως εφαγεν ους ουκ εξον ην αυτω φαγειν ουδε τοις μετ αυτου ει μη τοις ιερευσιν μονοις
280c0500c1	η ουκ ανεγνωτε εν τω νομω οτι τοις σαββασιν οι ιερεις εν τω ιερω το σαββατον βεβηλουσιν και αναιτιοι εισιν
280c06004e	λεγω δε υμιν οτι του ιερου μειζων εστιν ωδε
280c07009a	ει δε εγνωκειτε τι εστιν ελεον θελω και ου θυσιαν ουκ αν κατεδικασατε τους αναιτιους
280c080061	κυριος γαρ εστιν και του σαββατου ο υιος του ανθρωπου
280c09005b	και μεταβας εκειθεν ηλθεν εις την συναγωγην αυτων
280c0a00f3	και ιδου ανθρωπος ην την χειρα εχων ξηραν και επηρωτησαν αυτον λεγοντες ει εξεστιν τοις σαββασιν θεραπευειν ινα κατηγορησωσιν αυτου
280c0b0101	ο δε ειπεν αυτοις τις εσται εξ υμων ανθρωπος ος εξει προβατον εν και εαν εμπεση τουτο τοις σαββασιν εις βοθυνον ουχι κρατησει αυτο και εγερει
280c0c008c	ποσω ουν διαφερει ανθρωπος προβατου ωστε εξεστιν τοις σαββασιν καλως ποιειν
280c0d00a7	τοτε λεγει τω ανθρωπω εκτεινον την χειρα σου και εξετεινεν και αποκατεσταθη υγιης ως η αλλη
280c0e008e	οι δε φαρισαιοι συμβουλιον ελαβον κατ αυτου εξελθοντες οπως αυτον απολεσωσιν
280c0f00ba	ο δε ιησους γνους ανεχωρησεν εκειθεν και ηκολουθησαν αυτω οχλοι πολλοι και εθεραπευσεν αυτους παντας
280c100061	και επετιμησεν αυτοις ινα μη φανερον αυτον ποιησωσιν
280c110064	οπως πληρωθη το ρηθεν δια ησαιου του προφητου λεγοντος
280c1200ed	ιδου ο παις μου ον ηρετισα ο αγαπητος μου εις ον ευδοκησεν η ψυχη μου θησω το πνευμα μου επ αυτον και κρισιν τοις εθνεσιν απαγγελει
280c13008c	ουκ ερισει ουδε κραυγασει ουδε ακουσει τις εν ταις πλατειαις την φωνην αυτου
280c1400b7	καλαμον συντετριμμενον ου κατεαξει και λινον τυφομενον ου σβεσει εως αν εκβαλη εις νικος την κρισιν
280c150046	και εν τω ονοματι αυτου εθνη ελπιουσιν
280c1600e4	τοτε προσηνεχθη αυτω δαιμονιζομενος τυφλος και κωφος και εθεραπευσεν αυτον ωστε τον τυφλον και κωφον και λαλειν και βλεπειν
280c170080	και εξισταντο παντες οι οχλοι και ελεγον μητι ουτος εστιν ο υιος δαβιδ
280c1800c7	οι δε φαρισαιοι ακουσαντες ειπον ουτος ουκ εκβαλλει τα δαιμονια ει μη εν τω βεελζεβουλ αρχοντι των δαιμονιων
280c190120	ειδως δε ο ιησους τας ενθυμησεις αυτων ειπεν αυτοις πασα βασιλεια μερισθεισα καθ εαυτης ερημουται και πασα πολις η οικια μερισθεισα καθ εαυτης ου σταθησεται
280c1a00a9	και ει ο σατανας τον σαταναν εκβαλλει εφ εαυτον εμερισθη πως ουν σταθησεται η βασιλεια αυτου
280c1b00cf	και ει εγω εν βεελζεβουλ εκβαλλω τα δαιμονια οι υιοι υμων εν τινι εκβαλλουσιν δια τουτο αυτοι υμων εσονται κριται
280c1c009c	ει δε εγω εν πνευματι θεου εκβαλλω τα δαιμονια αρα εφθασεν εφ υμας η βασιλεια του θεου
280c1d0112	η πως δυναται τις εισελθειν εις την οικιαν του ισχυρου και τα σκευη αυτου διαρπασαι εαν μη πρωτον δηση τον ισχυρον και τοτε την οικιαν αυτου διαρπασει
280c1e0078	ο μη ων μετ εμου κατ εμου εστιν και ο μη συναγων μετ εμου σκορπιζει
280c1f00f3	δια τουτο λεγω υμιν πασα αμαρτια και βλασφημια αφεθησεται τοις ανθρωποις η δε του πνευματος βλασφημια ουκ αφεθησεται τοις ανθρωποις
280c200130	και ος αν ειπη λογον κατα του υιου του ανθρωπου αφεθησεται αυτω ος δ αν ειπη κατα του πνευματος του αγιου ουκ αφεθησεται αυτω ουτε εν τουτω τω αιωνι ουτε εν τω μελλοντι
280c210114	η ποιησατε το δενδρον καλον και τον καρπον αυτου καλον η ποιησατε το δενδρον σαπρον και τον καρπον αυτου σαπρον εκ γαρ του καρπου το δενδρον γινωσκεται
280c2200c8	γεννηματα εχιδνων πως δυνασθε αγαθα λαλειν πονηροι οντες εκ γαρ του περισσευματος της καρδιας το στομα λαλει
280c2300f5	ο αγαθος ανθρωπος εκ του αγαθου θησαυρου της καρδιας εκβαλλει τα αγαθα και ο πονηρος ανθρωπος εκ του πονηρου θησαυρου εκβαλλει πονηρα
280c2400c0	λεγω δε υμιν οτι παν ρημα αργον ο εαν λαλησωσιν οι ανθρωποι αποδωσουσιν περι αυτου λογον εν ημερα κρισεως
280c250079	εκ γαρ των λογων σου δικαιωθηση και εκ των λογων σου καταδικασθηση
280c2600bb	τοτε απεκριθησαν τινες των γραμματεων και φαρισαιων λεγοντες διδασκαλε θελομεν απο σου σημειον ιδειν
280c2700fa	ο δε αποκριθεις ειπεν αυτοις γενεα πονηρα και μοιχαλις σημειον επιζητει και σημειον ου δοθησεται αυτη ει μη το σημειον ιωνα του προφητου
280c280119	ωσπερ γαρ ην ιωνας εν τη κοιλια του κητους τρεις ημερας και τρεις νυκτας ουτως εσται ο υιος του ανθρωπου εν τη καρδια της γης τρεις ημερας και τρεις νυκτας
280c290113	ανδρες νινευιται αναστησονται εν τη κρισει μετα της γενεας ταυτης και κατακρινουσιν αυτην οτι μετενοησαν εις το κηρυγμα ιωνα και ιδου πλειον ιωνα ωδε
280c2a0148	βασιλισσα νοτου εγερθησεται εν τη κρισει μετα της γενεας ταυτης και κατακρινει αυτην οτι ηλθεν εκ των περατων της γης ακουσαι την σοφιαν σολομωντος και ιδου πλειον σολομωντος ωδε
280c2b00cf	οταν δε το ακαθαρτον πνευμα εξελθη απο του ανθρωπου διερχεται δι ανυδρων τοπων ζητουν αναπαυσιν και ουχ ευρισκει
280c2c00cd	τοτε λεγει επιστρεψω εις τον οικον μου οθεν εξηλθον και ελθον ευρισκει σχολαζοντα σεσαρωμενον και κεκοσμημενον
280c2d0188	τοτε πορευεται και παραλαμβανει μεθ εαυτου επτα ετερα πνευματα πονηροτερα εαυτου και εισελθοντα κατοικει εκει και γινεται τα εσχατα του ανθρωπου εκεινου χειρονα των πρωτων ουτως εσται και τη γενεα ταυτη τη πονηρα
280c2e00c5	ετι δε αυτου λαλουντος τοις οχλοις ιδου η μητηρ και οι αδελφοι αυτου ειστηκεισαν εξω ζητουντες αυτω λαλησαι
280c2f00a2	ειπεν δε τις αυτω ιδου η μητηρ σου και οι αδελφοι σου εξω εστηκασιν ζητουντες σοι λαλησαι
280c3000a3	ο δε αποκριθεις ειπεν τω ειποντι αυτω τις εστιν η μητηρ μου και τινες εισιν οι αδελφοι μου
280c3100a9	και εκτεινας την χειρα αυτου επι τους μαθητας αυτου ειπεν ιδου η μητηρ μου και οι αδελφοι μου
280c3200bf	οστις γαρ αν ποιηση το θελημα του πατρος μου του εν ουρανοις αυτος μου αδελφος και αδελφη και μητηρ εστιν
280d010090	εν δε τη ημερα εκεινη εξελθων ο ιησους απο της οικιας εκαθητο παρα την θαλασσαν
280d0200e0	και συνηχθησαν προς αυτον οχλοι πολλοι ωστε αυτον εις το πλοιον εμβαντα καθησθαι και πας ο οχλος επι τον αιγιαλον ειστηκει
280d030096	και ελαλησεν αυτοις πολλα εν παραβολαις λεγων ιδου εξηλθεν ο σπειρων του σπειρειν
280d0400a5	και εν τω σπειρειν αυτον α μεν επεσεν παρα την οδον και ηλθεν τα πετεινα και κατεφαγεν αυτα
280d0500bd	αλλα δε επεσεν επι τα πετρωδη οπου ουκ ειχεν γην πολλην και ευθεως εξανετειλεν δια το μη εχειν βαθος γης
280d06007e	ηλιου δε ανατειλαντος εκαυματισθη και δια το μη εχειν ριζαν εξηρανθη
280d070086	αλλα δε επεσεν επι τας ακανθας και ανεβησαν αι ακανθαι και απεπνιξαν αυτα
280d0800ad	αλλα δε επεσεν επι την γην την καλην και εδιδου καρπον ο μεν εκατον ο δε εξηκοντα ο δε τριακοντα
280d090030	ο εχων ωτα ακουειν ακουετω
280d0a0087	και προσελθοντες οι μαθηται ειπον αυτω δια τι εν παραβολαις λαλεις αυτοις
280d0b00d0	ο δε αποκριθεις ειπεν αυτοις οτι υμιν δεδοται γνωναι τα μυστηρια της βασιλειας των ουρανων εκεινοις δε ου δεδοται
280d0c00b2	οστις γαρ εχει δοθησεται αυτω και περισσευθησεται οστις δε ουκ εχει και ο εχει αρθησεται απ αυτου
280d0d00c3	δια τουτο εν παραβολαις αυτοις λαλω οτι βλεποντες ου βλεπουσιν και ακουοντες ουκ ακουουσιν ουδε συνιουσιν
280d0e00e3	και αναπληρουται επ αυτοις η προφητεια ησαιου η λεγουσα ακοη ακουσετε και ου μη συνητε και βλεποντες βλεψετε και ου μη ιδητε
280d0f0187	επαχυνθη γαρ η καρδια του λαου τουτου και τοις ωσιν βαρεως ηκουσαν και τους οφθαλμους αυτων εκαμμυσαν μηποτε ιδωσιν τοις οφθαλμοις και τοις ωσιν ακουσωσιν και τη καρδια συνωσιν και επιστρεψωσιν και ιασωμαι αυτους
280d10007e	υμων δε μακαριοι οι οφθαλμοι οτι βλεπουσιν και τα ωτα υμων οτι ακουει
280d1100ec	αμην γαρ λεγω υμιν οτι πολλοι προφηται και δικαιοι επεθυμησαν ιδειν α βλεπετε και ουκ ειδον και ακουσαι α ακουετε και ουκ ηκουσαν
280d120058	υμεις ουν ακουσατε την παραβολην του σπειροντος
280d13011e	παντος ακουοντος τον λογον της βασιλειας και μη συνιεντος ερχεται ο πονηρος και αρπαζει το εσπαρμενον εν τη καρδια αυτου ουτος εστιν ο παρα την οδον σπαρεις
280d1400ab	ο δε επι τα πετρωδη σπαρεις ουτος εστιν ο τον λογον ακουων και ευθυς μετα χαρας λαμβανων αυτον
280d1500d0	ουκ εχει δε ριζαν εν εαυτω αλλα προσκαιρος εστιν γενομενης δε θλιψεως η διωγμου δια τον λογον ευθυς σκανδαλιζεται
280d16011a	ο δε εις τας ακανθας σπαρεις ουτος εστιν ο τον λογον ακουων και η μεριμνα του αιωνος τουτου και η απατη του πλουτου συμπνιγει τον λογον και ακαρπος γινεται
280d170105	ο δε επι την γην την καλην σπαρεις ουτος εστιν ο τον λογον ακουων και συνιων ος δη καρποφορει και ποιει ο μεν εκατον ο δε εξηκοντα ο δε τριακοντα
280d1800fc	αλλην παραβολην παρεθηκεν αυτοις λεγων ωμοιωθη η βασιλεια των ουρανων ανθρωπω {VAR1: σπειροντι} {VAR2: σπειραντι} καλον σπερμα εν τω αγρω αυτου
280d1900c4	εν δε τω καθευδειν τους ανθρωπους ηλθεν αυτου ο εχθρος και εσπειρεν ζιζανια ανα μεσον του σιτου και απηλθεν
280d1a0084	οτε δε εβλαστησεν ο χορτος και καρπον εποιησεν τοτε εφανη και τα ζιζανια
280d1b00e7	προσελθοντες δε οι δουλοι του οικοδεσποτου ειπον αυτω κυριε ουχι καλον σπερμα εσπειρας εν τω σω αγρω ποθεν ουν εχει τα ζιζανια
280d1c00c7	ο δε εφη αυτοις εχθρος ανθρωπος τουτο εποιησεν οι δε δουλοι ειπον αυτω θελεις ουν απελθοντες συλλεξωμεν αυτα
280d1d0086	ο δε εφη ου μηποτε συλλεγοντες τα ζιζανια εκριζωσητε αμα αυτοις τον σιτον
280d1e0193	αφετε συναυξανεσθαι αμφοτερα μεχρι του θερισμου και εν τω καιρω του θερισμου ερω τοις θερισταις συλλεξατε πρωτον τα ζιζανια και δησατε αυτα εις δεσμας προς το κατακαυσαι αυτα τον δε σιτον συναγαγετε εις την αποθηκην μου
280d1f00f4	αλλην παραβολην παρεθηκεν αυτοις λεγων ομοια εστιν η βασιλεια των ουρανων κοκκω σιναπεως ον λαβων ανθρωπος εσπειρεν εν τω αγρω αυτου
280d200144	ο μικροτερον μεν εστιν παντων των σπερματων οταν δε αυξηθη μειζον των λαχανων εστιν και γινεται δενδρον ωστε ελθειν τα πετεινα του ουρανου και κατασκηνουν εν τοις κλαδοις αυτου
280d210100	αλλην παραβολην ελαλησεν αυτοις ομοια εστιν η βασιλεια των ουρανων ζυμη ην λαβουσα γυνη ενεκρυψεν εις αλευρου σατα τρια εως ου εζυμωθη ολον
280d2200ac	ταυτα παντα ελαλησεν ο ιησους εν παραβολαις τοις οχλοις και χωρις παραβολης ουκ ελαλει αυτοις
280d2300e4	οπως πληρωθη το ρηθεν δια του προφητου λεγοντος ανοιξω εν παραβολαις το στομα μου ερευξομαι κεκρυμμενα απο καταβολης κοσμου
280d24010c	τοτε αφεις τους οχλους ηλθεν εις την οικιαν ο ιησους και προσηλθον αυτω οι μαθηται αυτου λεγοντες φρασον ημιν την παραβολην των ζιζανιων του αγρου
280d250092	ο δε αποκριθεις ειπεν αυτοις ο σπειρων το καλον σπερμα εστιν ο υιος του ανθρωπου
280d2600d5	ο δε αγρος εστιν ο κοσμος το δε καλον σπερμα ουτοι εισιν οι υιοι της βασιλειας τα δε ζιζανια εισιν οι υιοι του πονηρου
280d2700ce	ο δε εχθρος ο σπειρας αυτα εστιν ο διαβολος ο δε θερισμος συντελεια του αιωνος εστιν οι δε θερισται αγγελοι εισιν
280d2800b5	ωσπερ ουν συλλεγεται τα ζιζανια και πυρι κατακαιεται ουτως εσται εν τη συντελεια του αιωνος τουτου
280d2900fd	αποστελει ο υιος του ανθρωπου τους αγγελους αυτου και συλλεξουσιν εκ της βασιλειας αυτου παντα τα σκανδαλα και τους ποιουντας την ανομιαν
280d2a00aa	και βαλουσιν αυτους εις την καμινον του πυρος εκει εσται ο κλαυθμος και ο βρυγμος των οδοντων
280d2b00b1	τοτε οι δικαιοι εκλαμψουσιν ως ο ηλιος εν τη βασιλεια του πατρος αυτων ο εχων ωτα ακουειν ακουετω
280d2c014f	παλιν ομοια εστιν η βασιλεια των ουρανων θησαυρω κεκρυμμενω εν τω αγρω ον ευρων ανθρωπος εκρυψεν και απο της χαρας αυτου υπαγει και παντα οσα εχει πωλει και αγοραζει τον αγρον εκεινον
280d2d0099	παλιν ομοια εστιν η βασιλεια των ουρανων ανθρωπω εμπορω ζητουντι καλους μαργαριτας
280d2e009e	ος ευρων ενα πολυτιμον μαργαριτην απελθων πεπρακεν παντα οσα ειχεν και ηγορασεν αυτον
280d2f00c4	παλιν ομοια εστιν η βασιλεια των ουρανων σαγηνη βληθειση εις την θαλασσαν και εκ παντος γενους συναγαγουση
280d3000d0	ην οτε επληρωθη αναβιβασαντες επι τον αιγιαλον και καθισαντες συνελεξαν τα καλα εις αγγεια τα δε σαπρα εξω εβαλον
280d3100cf	ουτως εσται εν τη συντελεια του αιωνος εξελευσονται οι αγγελοι και αφοριουσιν τους πονηρους εκ μεσου των δικαιων
280d3200aa	και βαλουσιν αυτους εις την καμινον του πυρος εκει εσται ο κλαυθμος και ο βρυγμος των οδοντων
280d33007a	λεγει αυτοις ο ιησους συνηκατε ταυτα παντα λεγουσιν αυτω ναι κυριε
280d34013c	ο δε ειπεν αυτοις δια τουτο πας γραμματευς μαθητευθεις εις την βασιλειαν των ουρανων ομοιος εστιν ανθρωπω οικοδεσποτη οστις εκβαλλει εκ του θησαυρου αυτου καινα και παλαια
280d350082	και εγενετο οτε ετελεσεν ο ιησους τας παραβολας ταυτας μετηρεν εκειθεν
280d36010c	και ελθων εις την πατριδα αυτου εδιδασκεν αυτους εν τη συναγωγη αυτων ωστε εκπληττεσθαι αυτους και λεγειν ποθεν τουτω η σοφια αυτη και αι δυναμεις
280d3700eb	ουχ ουτος εστιν ο του τεκτονος υιος ουχι η μητηρ αυτου λεγεται μαριαμ και οι αδελφοι αυτου ιακωβος και ιωσης και σιμων και ιουδας
280d380089	και αι αδελφαι αυτου ουχι πασαι προς ημας εισιν ποθεν ουν τουτω ταυτα παντα
280d3900e3	και εσκανδαλιζοντο εν αυτω ο δε ιησους ειπεν αυτοις ουκ εστιν προφητης ατιμος ει μη εν τη πατριδι αυτου και εν τη οικια αυτου
280d3a006f	και ουκ εποιησεν εκει δυναμεις πολλας δια την απιστιαν αυτων
280e010070	εν εκεινω τω καιρω ηκουσεν ηρωδης ο τετραρχης την ακοην ιησου
280e0200f2	και ειπεν τοις παισιν αυτου ουτος εστιν ιωαννης ο βαπτιστης αυτος ηγερθη απο των νεκρων και δια τουτο αι δυναμεις ενεργουσιν εν αυτω
280e0300d9	ο γαρ ηρωδης κρατησας τον ιωαννην εδησεν αυτον και εθετο εν φυλακη δια ηρωδιαδα την γυναικα φιλιππου του αδελφου αυτου
280e040061	ελεγεν γαρ αυτω ο ιωαννης ουκ εξεστιν σοι εχειν αυτην
280e050085	και θελων αυτον αποκτειναι εφοβηθη τον οχλον οτι ως προφητην αυτον ειχον
280e0600ae	γενεσιων δε αγομενων του ηρωδου ωρχησατο η θυγατηρ της ηρωδιαδος εν τω μεσω και ηρεσεν τω ηρωδη
280e070062	οθεν μεθ ορκου ωμολογησεν αυτη δουναι ο εαν αιτησηται
280e0800bb	η δε προβιβασθεισα υπο της μητρος αυτης δος μοι φησιν ωδε επι πινακι την κεφαλην ιωαννου του βαπτιστου
280e09009c	και ελυπηθη ο βασιλευς δια δε τους ορκους και τους συνανακειμενους εκελευσεν δοθηναι
280e0a0059	και πεμψας απεκεφαλισεν τον ιωαννην εν τη φυλακη
280e0b0099	και ηνεχθη η κεφαλη αυτου επι πινακι και εδοθη τω κορασιω και ηνεγκεν τη μητρι αυτης
280e0c00af	και προσελθοντες οι μαθηται αυτου ηραν το σωμα και εθαψαν αυτο και ελθοντες απηγγειλαν τω ιησου
280e0d00fa	και ακουσας ο ιησους ανεχωρησεν εκειθεν εν πλοιω εις ερημον τοπον κατ ιδιαν και ακουσαντες οι οχλοι ηκολουθησαν αυτω πεζη απο των πολεων
280e0e00bd	και εξελθων ο ιησους ειδεν πολυν οχλον και εσπλαγχνισθη επ αυτους και εθεραπευσεν τους αρρωστους αυτων
280e0f014c	οψιας δε γενομενης προσηλθον αυτω οι μαθηται αυτου λεγοντες ερημος εστιν ο τοπος και η ωρα ηδη παρηλθεν απολυσον τους οχλους ινα απελθοντες εις τας κωμας αγορασωσιν εαυτοις βρωματα
280e10008c	ο δε ιησους ειπεν αυτοις ου χρειαν εχουσιν απελθειν δοτε αυτοις υμεις φαγειν
280e11007b	οι δε λεγουσιν αυτω ουκ εχομεν ωδε ει μη πεντε αρτους και δυο ιχθυας
280e12003a	ο δε ειπεν φερετε μοι αυτους ωδε
280e13017d	και κελευσας τους οχλους ανακλιθηναι επι τους χορτους και λαβων τους πεντε αρτους και τους δυο ιχθυας αναβλεψας εις τον ουρανον ευλογησεν και κλασας εδωκεν τοις μαθηταις τους αρτους οι δε μαθηται τοις οχλοις
280e1400b1	και εφαγον παντες και εχορτασθησαν και ηραν το περισσευον των κλασματων δωδεκα κοφινους πληρεις
280e15008a	οι δε εσθιοντες ησαν ανδρες ωσει πεντακισχιλιοι χωρις γυναικων και παιδιων
280e1600ec	και ευθεως ηναγκασεν ο ιησους τους μαθητας αυτου εμβηναι εις το πλοιον και προαγειν αυτον εις το περαν εως ου απολυση τους οχλους
280e1700b4	και απολυσας τους οχλους ανεβη εις το ορος κατ ιδιαν προσευξασθαι οψιας δε γενομενης μονος ην εκει
280e1800aa	το δε πλοιον ηδη μεσον της θαλασσης ην βασανιζομενον υπο των κυματων ην γαρ εναντιος ο ανεμος
280e19009b	τεταρτη δε φυλακη της νυκτος απηλθεν προς αυτους ο ιησους περιπατων επι της θαλασσης
280e1a00e6	και ιδοντες αυτον οι μαθηται επι την θαλασσαν περιπατουντα εταραχθησαν λεγοντες οτι φαντασμα εστιν και απο του φοβου εκραξαν
280e1b0081	ευθεως δε ελαλησεν αυτοις ο ιησους λεγων θαρσειτε εγω ειμι μη φοβεισθε
280e1c009f	αποκριθεις δε αυτω ο πετρος ειπεν κυριε ει συ ει κελευσον με προς σε ελθειν επι τα υδατα
280e1d00b6	ο δε ειπεν ελθε και καταβας απο του πλοιου ο πετρος περιεπατησεν επι τα υδατα ελθειν προς τον ιησουν
280e1e00b1	βλεπων δε τον ανεμον ισχυρον εφοβηθη και αρξαμενος καταποντιζεσθαι εκραξεν λεγων κυριε σωσον με
280e1f00b1	ευθεως δε ο ιησους εκτεινας την χειρα επελαβετο αυτου και λεγει αυτω ολιγοπιστε εις τι εδιστασας
280e20005c	και εμβαντων αυτων εις το πλοιον εκοπασεν ο ανεμος
280e210086	οι δε εν τω πλοιω ελθοντες προσεκυνησαν αυτω λεγοντες αληθως θεου υιος ει
280e220056	και διαπερασαντες ηλθον εις την γην γεννησαρετ
280e2300fe	και επιγνοντες αυτον οι ανδρες του τοπου εκεινου απεστειλαν εις ολην την περιχωρον εκεινην και προσηνεγκαν αυτω παντας τους κακως εχοντας
280e2400b4	και παρεκαλουν αυτον ινα μονον αψωνται του κρασπεδου του ιματιου αυτου και οσοι ηψαντο διεσωθησαν
280f010094	τοτε προσερχονται τω ιησου οι απο ιεροσολυμων γραμματεις και φαρισαιοι λεγοντες
280f0200dc	δια τι οι μαθηται σου παραβαινουσιν την παραδοσιν των πρεσβυτερων ου γαρ νιπτονται τας χειρας αυτων οταν αρτον εσθιωσιν
280f0300b9	ο δε αποκριθεις ειπεν αυτοις δια τι και υμεις παραβαινετε την εντολην του θεου δια την παραδοσιν υμων
280f0400cb	ο γαρ θεος ενετειλατο λεγων τιμα τον πατερα σου και την μητερα και ο κακολογων πατερα η μητερα θανατω τελευτατω
280f050086	υμεις δε λεγετε ος αν ειπη τω πατρι η τη μητρι δωρον ο εαν εξ εμου ωφεληθης
280f0600c8	και ου μη τιμηση τον πατερα αυτου η την μητερα αυτου και ηκυρωσατε την εντολην του θεου δια την παραδοσιν υμων
280f070060	υποκριται καλως προεφητευσεν περι υμων ησαιας λεγων
280f0800c0	εγγιζει μοι ο λαος ουτος τω στοματι αυτων και τοις χειλεσιν με τιμα η δε καρδια αυτων πορρω απεχει απ εμου
280f090077	ματην δε σεβονται με διδασκοντες διδασκαλιας ενταλματα ανθρωπων
280f0a0074	και προσκαλεσαμενος τον οχλον ειπεν αυτοις ακουετε και συνιετε
280f0b00d4	ου το εισερχομενον εις το στομα κοινοι τον ανθρωπον αλλα το εκπορευομενον εκ του στοματος τουτο κοινοι τον ανθρωπον
280f0c00c4	τοτε προσελθοντες οι μαθηται αυτου ειπον αυτω οιδας οτι οι φαρισαιοι ακουσαντες τον λογον εσκανδαλισθησαν
280f0d00a0	ο δε αποκριθεις ειπεν πασα φυτεια ην ουκ εφυτευσεν ο πατηρ μου ο ουρανιος εκριζωθησεται
280f0e00b6	αφετε αυτους οδηγοι εισιν τυφλοι τυφλων τυφλος δε τυφλον εαν οδηγη αμφοτεροι εις βοθυνον πεσουνται
280f0f007a	αποκριθεις δε ο πετρος ειπεν αυτω φρασον ημιν την παραβολην ταυτην
280f100056	ο δε ιησους ειπεν ακμην και υμεις ασυνετοι εστε
280f1100b8	ουπω νοειτε οτι παν το εισπορευομενον εις το στομα εις την κοιλιαν χωρει και εις αφεδρωνα εκβαλλεται
280f1200a1	τα δε εκπορευομενα εκ του στοματος εκ της καρδιας εξερχεται κακεινα κοινοι τον ανθρωπον
280f1300c8	εκ γαρ της καρδιας εξερχονται διαλογισμοι πονηροι φονοι μοιχειαι πορνειαι κλοπαι ψευδομαρτυριαι βλασφημιαι
280f1400a4	ταυτα εστιν τα κοινουντα τον ανθρωπον το δε ανιπτοις χερσιν φαγειν ου κοινοι τον ανθρωπον
280f15007f	και εξελθων εκειθεν ο ιησους ανεχωρησεν εις τα μερη τυρου και σιδωνος
280f1600ff	και ιδου γυνη χαναναια απο των οριων εκεινων εξελθουσα εκραυγασεν αυτω λεγουσα ελεησον με κυριε υιε δαβιδ η θυγατηρ μου κακως δαιμονιζεται
280f1700e3	ο δε ουκ απεκριθη αυτη λογον και προσελθοντες οι μαθηται αυτου ηρωτων αυτον λεγοντες απολυσον αυτην οτι κραζει οπισθεν ημων
280f180096	ο δε αποκριθεις ειπεν ουκ απεσταλην ει μη εις τα προβατα τα απολωλοτα οικου ισραηλ
280f190062	η δε ελθουσα προσεκυνει αυτω λεγουσα κυριε βοηθει μοι
280f1a00a7	ο δε αποκριθεις ειπεν ουκ εστιν καλον λαβειν τον αρτον των τεκνων και βαλειν τοις κυναριοις
280f1b00c6	η δε ειπεν ναι κυριε και γαρ τα κυναρια εσθιει απο των ψιχιων των πιπτοντων απο της τραπεζης των κυριων αυτων
280f1c00f0	τοτε αποκριθεις ο ιησους ειπεν αυτη ω γυναι μεγαλη σου η πιστις γενηθητω σοι ως θελεις και ιαθη η θυγατηρ αυτης απο της ωρας εκεινης
280f1d00bb	και μεταβας εκειθεν ο ιησους ηλθεν παρα την θαλασσαν της γαλιλαιας και αναβας εις το ορος εκαθητο εκει
280f1e0137	και προσηλθον αυτω οχλοι πολλοι εχοντες μεθ εαυτων χωλους τυφλους κωφους κυλλους και ετερους πολλους και ερριψαν αυτους παρα τους ποδας του ιησου και εθεραπευσεν αυτους
280f1f0104	ωστε τους οχλους θαυμασαι βλεποντας κωφους λαλουντας κυλλους υγιεις χωλους περιπατουντας και τυφλους βλεποντας και εδοξασαν τον θεον ισραηλ
280f20017f	ο δε ιησους προσκαλεσαμενος τους μαθητας αυτου ειπεν σπλαγχνιζομαι επι τον οχλον οτι ηδη ημερας τρεις προσμενουσιν μοι και ουκ εχουσιν τι φαγωσιν και απολυσαι αυτους νηστεις ου θελω μηποτε εκλυθωσιν εν τη οδω
280f2100b7	και λεγουσιν αυτω οι μαθηται αυτου ποθεν ημιν εν ερημια αρτοι τοσουτοι ωστε χορτασαι οχλον τοσουτον
280f220092	και λεγει αυτοις ο ιησους ποσους αρτους εχετε οι δε ειπον επτα και ολιγα ιχθυδια
280f230057	και εκελευσεν τοις οχλοις αναπεσειν επι την γην
280f2400d5	και λαβων τους επτα αρτους και τους ιχθυας ευχαριστησας εκλασεν και εδωκεν τοις μαθηταις αυτου οι δε μαθηται τω οχλω
280f2500ad	και εφαγον παντες και εχορτασθησαν και ηραν το περισσευον των κλασματων επτα σπυριδας πληρεις
280f260081	οι δε εσθιοντες ησαν τετρακισχιλιοι ανδρες χωρις γυναικων και παιδιων
280f270087	και απολυσας τους οχλους ενεβη εις το πλοιον και ηλθεν εις τα ορια μαγδαλα
28100100d6	και προσελθοντες οι φαρισαιοι και σαδδουκαιοι πειραζοντες επηρωτησαν αυτον σημειον εκ του ουρανου επιδειξαι αυτοις
2810020094	ο δε αποκριθεις ειπεν αυτοις οψιας γενομενης λεγετε ευδια πυρραζει γαρ ο ουρανος
2810030115	και πρωι σημερον χειμων πυρραζει γαρ στυγναζων ο ουρανος υποκριται το μεν προσωπον του ουρανου γινωσκετε διακρινειν τα δε σημεια των καιρων ου δυνασθε
28100400fb	γενεα πονηρα και μοιχαλις σημειον επιζητει και σημειον ου δοθησεται αυτη ει μη το σημειον ιωνα του προφητου και καταλιπων αυτους απηλθεν
281005007c	και ελθοντες οι μαθηται αυτου εις το περαν επελαθοντο αρτους λαβειν
28100600a2	ο δε ιησους ειπεν αυτοις ορατε και προσεχετε απο της ζυμης των φαρισαιων και σαδδουκαιων
2810070073	οι δε διελογιζοντο εν εαυτοις λεγοντες οτι αρτους ουκ ελαβομεν
28100800aa	γνους δε ο ιησους ειπεν αυτοις τι διαλογιζεσθε εν εαυτοις ολιγοπιστοι οτι αρτους ουκ ελαβετε
28100900ae	ουπω νοειτε ουδε μνημονευετε τους πεντε αρτους των πεντακισχιλιων και ποσους κοφινους ελαβετε
28100a007d	ουδε τους επτα αρτους των τετρακισχιλιων και ποσας σπυριδας ελαβετε
28100b00b0	πως ου νοειτε οτι ου περι αρτου ειπον υμιν προσεχειν απο της ζυμης των φαρισαιων και σαδδουκαιων
28100c00ca	τοτε συνηκαν οτι ουκ ειπεν προσεχειν απο της ζυμης του αρτου αλλ απο της διδαχης των φαρισαιων και σαδδουκαιων
28100d0102	ελθων δε ο ιησους εις τα μερη καισαρειας της φιλιππου ηρωτα τους μαθητας αυτου λεγων τινα με λεγουσιν οι ανθρωποι ειναι τον υιον του ανθρωπου
28100e00a9	οι δε ειπον οι μεν ιωαννην τον βαπτιστην αλλοι δε ηλιαν ετεροι δε ιερεμιαν η ενα των προφητων
28100f004d	λεγει αυτοις υμεις δε τινα με λεγετε ειναι
2810100088	αποκριθεις δε σιμων πετρος ειπεν συ ει ο χριστος ο υιος του θεου του ζωντος
28101100f1	και αποκριθεις ο ιησους ειπεν αυτω μακαριος ει σιμων βαρ ιωνα οτι σαρξ και αιμα ουκ απεκαλυψεν σοι αλλ ο πατηρ μου ο εν τοις ουρανοις
28101200e0	καγω δε σοι λεγω οτι συ ει πετρος και επι ταυτη τη πετρα οικοδομησω μου την εκκλησιαν και πυλαι αδου ου κατισχυσουσιν αυτης
2810130134	και δωσω σοι τας κλεις της βασιλειας των ουρανων και ο εαν δησης επι της γης εσται δεδεμενον εν τοις ουρανοις και ο εαν λυσης επι της γης εσται λελυμενον εν τοις ουρανοις
28101400a3	τοτε διεστειλατο τοις μαθηταις αυτου ινα μηδενι ειπωσιν οτι αυτος εστιν ιησους ο χριστος
2810150179	απο τοτε ηρξατο ο ιησους δεικνυειν τοις μαθηταις αυτου οτι δει αυτον απελθειν εις ιεροσολυμα και πολλα παθειν απο των πρεσβυτερων και αρχιερεων και γραμματεων και αποκτανθηναι και τη τριτη ημερα εγερθηναι
28101600b2	και προσλαβομενος αυτον ο πετρος ηρξατο επιτιμαν αυτω λεγων ιλεως σοι κυριε ου μη εσται σοι τουτο
28101700d2	ο δε στραφεις ειπεν τω πετρω υπαγε οπισω μου σατανα σκανδαλον μου ει οτι ου φρονεις τα του θεου αλλα τα των ανθρωπων
28101800fa	τοτε ο ιησους ειπεν τοις μαθηταις αυτου ει τις θελει οπισω μου ελθειν απαρνησασθω εαυτον και αρατω τον σταυρον αυτου και ακολουθειτω μοι
28101900c6	ος γαρ αν θελη την ψυχην αυτου σωσαι απολεσει αυτην ος δ αν απολεση την ψυχην αυτου ενεκεν εμου ευρησει αυτην
28101a00e9	τι γαρ ωφελειται ανθρωπος εαν τον κοσμον ολον κερδηση την δε ψυχην αυτου ζημιωθη η τι δωσει ανθρωπος ανταλλαγμα της ψυχης αυτου
28101b00fa	μελλει γαρ ο υιος του ανθρωπου ερχεσθαι εν τη δοξη του πατρος αυτου μετα των αγγελων αυτου και τοτε αποδωσει εκαστω κατα την πραξιν αυτου
28101c0106	αμην λεγω υμιν εισιν τινες των ωδε εστηκοτων οιτινες ου μη γευσωνται θανατου εως αν ιδωσιν τον υιον του ανθρωπου ερχομενον εν τη βασιλεια αυτου
28110100fd	και μεθ ημερας εξ παραλαμβανει ο ιησους τον πετρον και ιακωβον και ιωαννην τον αδελφον αυτου και αναφερει αυτους εις ορος υψηλον κατ ιδιαν
28110200d2	και μετεμορφωθη εμπροσθεν αυτων και ελαμψεν το προσωπον αυτου ως ο ηλιος τα δε ιματια αυτου εγενετο λευκα ως το φως
2811030073	και ιδου ωφθησαν αυτοις μωσης και ηλιας μετ αυτου συλλαλουντες
2811040106	αποκριθεις δε ο πετρος ειπεν τω ιησου κυριε καλον εστιν ημας ωδε ειναι ει θελεις ποιησωμεν ωδε τρεις σκηνας σοι μιαν και μωση μιαν και μιαν ηλια
281105011e	ετι αυτου λαλουντος ιδου νεφελη φωτεινη επεσκιασεν αυτους και ιδου φωνη εκ της νεφελης λεγουσα ουτος εστιν ο υιος μου ο αγαπητος εν ω ευδοκησα αυτου ακουετε
2811060088	και ακουσαντες οι μαθηται επεσον επι προσωπον αυτων και εφοβηθησαν σφοδρα
281107007f	και προσελθων ο ιησους ηψατο αυτων και ειπεν εγερθητε και μη φοβεισθε
281108007f	επαραντες δε τους οφθαλμους αυτων ουδενα ειδον ει μη τον ιησουν μονον
28110900fb	και καταβαινοντων αυτων απο του ορους ενετειλατο αυτοις ο ιησους λεγων μηδενι ειπητε το οραμα εως ου ο υιος του ανθρωπου εκ νεκρων αναστη
28110a00c0	και επηρωτησαν αυτον οι μαθηται αυτου λεγοντες τι ουν οι γραμματεις λεγουσιν οτι ηλιαν δει ελθειν πρωτον
28110b009c	ο δε ιησους αποκριθεις ειπεν αυτοις ηλιας μεν ερχεται πρωτον και αποκαταστησει παντα
28110c0106	λεγω δε υμιν οτι ηλιας ηδη ηλθεν και ουκ επεγνωσαν αυτον αλλ εποιησαν εν αυτω οσα ηθελησαν ουτως και ο υιος του ανθρωπου μελλει πασχειν υπ αυτων
28110d007c	τοτε συνηκαν οι μαθηται οτι περι ιωαννου του βαπτιστου ειπεν αυτοις
28110e0086	και ελθοντων αυτων προς τον οχλον προσηλθεν αυτω ανθρωπος γονυπετων αυτω
28110f00e6	και λεγων κυριε ελεησον μου τον υιον οτι σεληνιαζεται και κακως πασχει πολλακις γαρ πιπτει εις το πυρ και πολλακις εις το υδωρ
281110008a	και προσηνεγκα αυτον τοις μαθηταις σου και ουκ ηδυνηθησαν αυτον θεραπευσαι
28111100ee	αποκριθεις δε ο ιησους ειπεν ω γενεα απιστος και διεστραμμενη εως ποτε εσομαι μεθ υμων εως ποτε ανεξομαι υμων φερετε μοι αυτον ωδε
28111200c0	και επετιμησεν αυτω ο ιησους και εξηλθεν απ αυτου το δαιμονιον και εθεραπευθη ο παις απο της ωρας εκεινης
28111300af	τοτε προσελθοντες οι μαθηται τω ιησου κατ ιδιαν ειπον δια τι ημεις ουκ ηδυνηθημεν εκβαλειν αυτο
2811140157	ο δε ιησους ειπεν αυτοις δια την απιστιαν υμων αμην γαρ λεγω υμιν εαν εχητε πιστιν ως κοκκον σιναπεως ερειτε τω ορει τουτω μεταβηθι εντευθεν εκει και μεταβησεται και ουδεν αδυνατησει υμιν
2811150073	τουτο δε το γενος ουκ εκπορευεται ει μη εν προσευχη και νηστεια
28111600de	αναστρεφομενων δε αυτων εν τη γαλιλαια ειπεν αυτοις ο ιησους μελλει ο υιος του ανθρωπου παραδιδοσθαι εις χειρας ανθρωπων
281117008c	και αποκτενουσιν αυτον και τη τριτη ημερα εγερθησεται και ελυπηθησαν σφοδρα
28111800ea	ελθοντων δε αυτων εις καπερναουμ προσηλθον οι τα διδραχμα λαμβανοντες τω πετρω και ειπον ο διδασκαλος υμων ου τελει τα διδραχμα
2811190154	λεγει ναι και οτε εισηλθεν εις την οικιαν προεφθασεν αυτον ο ιησους λεγων τι σοι δοκει σιμων οι βασιλεις της γης απο τινων λαμβανουσιν τελη η κηνσον απο των υιων αυτων η απο των αλλοτριων
28111a009b	λεγει αυτω ο πετρος απο των αλλοτριων εφη αυτω ο ιησους αραγε ελευθεροι εισιν οι υιοι
28111b0165	ινα δε μη σκανδαλισωμεν αυτους πορευθεις εις την θαλασσαν βαλε αγκιστρον και τον αναβαντα πρωτον ιχθυν αρον και ανοιξας το στομα αυτου ευρησεις στατηρα εκεινον λαβων δος αυτοις αντι εμου και σου
28120100bc	εν εκεινη τη ωρα προσηλθον οι μαθηται τω ιησου λεγοντες τις αρα μειζων εστιν εν τη βασιλεια των ουρανων
2812020075	και προσκαλεσαμενος ο ιησους παιδιον εστησεν αυτο εν μεσω αυτων
28120300ca	και ειπεν αμην λεγω υμιν εαν μη στραφητε και γενησθε ως τα παιδια ου μη εισελθητε εις την βασιλειαν των ουρανων
28120400ac	οστις ουν ταπεινωση εαυτον ως το παιδιον τουτο ουτος εστιν ο μειζων εν τη βασιλεια των ουρανων
281205007e	και ος εαν δεξηται παιδιον τοιουτον εν επι τω ονοματι μου εμε δεχεται
281206013a	ος δ αν σκανδαλιση ενα των μικρων τουτων των πιστευοντων εις εμε συμφερει αυτω ινα κρεμασθη μυλος ονικος επι τον τραχηλον αυτου και καταποντισθη εν τω πελαγει της θαλασσης
28120700df	ουαι τω κοσμω απο των σκανδαλων αναγκη γαρ εστιν ελθειν τα σκανδαλα πλην ουαι τω ανθρωπω εκεινω δι ου το σκανδαλον ερχεται
2812080157	ει δε η χειρ σου η ο πους σου σκανδαλιζει σε εκκοψον αυτα και βαλε απο σου καλον σοι εστιν εισελθειν εις την ζωην χωλον η κυλλον η δυο χειρας η δυο ποδας εχοντα βληθηναι εις το πυρ το αιωνιον
281209013e	και ει ο οφθαλμος σου σκανδαλιζει σε εξελε αυτον και βαλε απο σου καλον σοι εστιν μονοφθαλμον εις την ζωην εισελθειν η δυο οφθαλμους εχοντα βληθηναι εις την γεενναν του πυρος
28120a011e	ορατε μη καταφρονησητε ενος των μικρων τουτων λεγω γαρ υμιν οτι οι αγγελοι αυτων εν ουρανοις δια παντος βλεπουσιν το προσωπον του πατρος μου του εν ουρανοις
28120b0056	ηλθεν γαρ ο υιος του ανθρωπου σωσαι το απολωλος
28120c0112	τι υμιν δοκει εαν γενηται τινι ανθρωπω εκατον προβατα και πλανηθη εν εξ αυτων ουχι αφεις τα εννενηκονταεννεα επι τα ορη πορευθεις ζητει το πλανωμενον
28120d00d9	και εαν γενηται ευρειν αυτο αμην λεγω υμιν οτι χαιρει επ αυτω μαλλον η επι τοις εννενηκονταεννεα τοις μη πεπλανημενοις
28120e00b6	ουτως ουκ εστιν θελημα εμπροσθεν του πατρος υμων του εν ουρανοις ινα αποληται εις των μικρων τουτων
28120f00e9	εαν δε αμαρτηση εις σε ο αδελφος σου υπαγε και ελεγξον αυτον μεταξυ σου και αυτου μονου εαν σου ακουση εκερδησας τον αδελφον σου
28121000b6	εαν δε μη ακουση παραλαβε μετα σου ετι ενα η δυο ινα επι στοματος δυο μαρτυρων η τριων σταθη παν ρημα
28121100ce	εαν δε παρακουση αυτων ειπε τη εκκλησια εαν δε και της εκκλησιας παρακουση εστω σοι ωσπερ ο εθνικος και ο τελωνης
28121200e7	αμην λεγω υμιν οσα εαν δησητε επι της γης εσται δεδεμενα εν τω ουρανω και οσα εαν λυσητε επι της γης εσται λελυμενα εν τω ουρανω
2812130113	παλιν λεγω υμιν οτι εαν δυο υμων συμφωνησωσιν επι της γης περι παντος πραγματος ου εαν αιτησωνται γενησεται αυτοις παρα του πατρος μου του εν ουρανοις
281214008b	ου γαρ εισιν δυο η τρεις συνηγμενοι εις το εμον ονομα εκει ειμι εν μεσω αυτων
28121500c4	τοτε προσελθων αυτω ο πετρος ειπεν κυριε ποσακις αμαρτησει εις εμε ο αδελφος μου και αφησω αυτω εως επτακις
2812160082	λεγει αυτω ο ιησους ου λεγω σοι εως επτακις αλλ εως εβδομηκοντακις επτα
28121700c0	δια τουτο ωμοιωθη η βασιλεια των ουρανων ανθρωπω βασιλει ος ηθελησεν συναραι λογον μετα των δουλων αυτου
281218008b	αρξαμενου δε αυτου συναιρειν προσηνεχθη αυτω εις οφειλετης μυριων ταλαντων
28121900ff	μη εχοντος δε αυτου αποδουναι εκελευσεν αυτον ο κυριος αυτου πραθηναι και την γυναικα αυτου και τα τεκνα και παντα οσα ειχεν και αποδοθηναι
28121a00a4	πεσων ουν ο δουλος προσεκυνει αυτω λεγων κυριε μακροθυμησον επ εμοι και παντα σοι αποδωσω
28121b009f	σπλαγχνισθεις δε ο κυριος του δουλου εκεινου απελυσεν αυτον και το δανειον αφηκεν αυτω
28121c010c	εξελθων δε ο δουλος εκεινος ευρεν ενα των συνδουλων αυτου ος ωφειλεν αυτω εκατον δηναρια και κρατησας αυτον επνιγεν λεγων αποδος μοι ο τι οφειλεις
28121d00d0	πεσων ουν ο συνδουλος αυτου εις τους ποδας αυτου παρεκαλει αυτον λεγων μακροθυμησον επ εμοι και παντα αποδωσω σοι
28121e00ab	ο δε ουκ ηθελεν {VAR1: αλλα} {VAR2: αλλ} απελθων εβαλεν αυτον εις φυλακην εως ου αποδω το οφειλομενον
28121f00d7	ιδοντες δε οι συνδουλοι αυτου τα γενομενα ελυπηθησαν σφοδρα και ελθοντες διεσαφησαν τω κυριω αυτων παντα τα γενομενα
28122000e0	τοτε προσκαλεσαμενος αυτον ο κυριος αυτου λεγει αυτω δουλε πονηρε πασαν την οφειλην εκεινην αφηκα σοι επει παρεκαλεσας με
2812210070	ουκ εδει και σε ελεησαι τον συνδουλον σου ως και εγω σε ηλεησα
28122200b5	και οργισθεις ο κυριος αυτου παρεδωκεν αυτον τοις βασανισταις εως ου αποδω παν το οφειλομενον αυτω
28122300e6	ουτως και ο πατηρ μου ο επουρανιος ποιησει υμιν εαν μη αφητε εκαστος τω αδελφω αυτου απο των καρδιων υμων τα παραπτωματα αυτων
28130100f4	και εγενετο οτε ετελεσεν ο ιησους τους λογους τουτους μετηρεν απο της γαλιλαιας και ηλθεν εις τα ορια της ιουδαιας περαν του ιορδανου
2813020072	και ηκολουθησαν αυτω οχλοι πολλοι και εθεραπευσεν αυτους εκει
28130300f3	και προσηλθον αυτω οι φαρισαιοι πειραζοντες αυτον και λεγοντες αυτω ει εξεστιν ανθρωπω απολυσαι την γυναικα αυτου κατα πασαν αιτιαν
28130400ae	ο δε αποκριθεις ειπεν αυτοις ουκ ανεγνωτε οτι ο ποιησας απ αρχης αρσεν και θηλυ εποιησεν αυτους
2813050104	και ειπεν ενεκεν τουτου καταλειψει ανθρωπος τον πατερα και την μητερα και προσκολληθησεται τη γυναικι αυτου και εσονται οι δυο εις σαρκα μιαν
2813060092	ωστε ουκετι εισιν δυο αλλα σαρξ μια ο ουν ο θεος συνεζευξεν ανθρωπος μη χωριζετω
2813070099	λεγουσιν αυτω τι ουν μωσης ενετειλατο δουναι βιβλιον αποστασιου και απολυσαι αυτην
28130800df	λεγει αυτοις οτι μωσης προς την σκληροκαρδιαν υμων επετρεψεν υμιν απολυσαι τας γυναικας υμων απ αρχης δε ου γεγονεν ουτως
28130900ea	λεγω δε υμιν οτι ος αν απολυση την γυναικα αυτου ει μη επι πορνεια και γαμηση αλλην μοιχαται και ο απολελυμενην γαμησας μοιχαται
28130a00bf	λεγουσιν αυτω οι μαθηται αυτου ει ουτως εστιν η αιτια του ανθρωπου μετα της γυναικος ου συμφερει γαμησαι
28130b007e	ο δε ειπεν αυτοις ου παντες χωρουσιν τον λογον τουτον αλλ οις δεδοται
28130c019f	εισιν γαρ ευνουχοι οιτινες εκ κοιλιας μητρος εγεννηθησαν ουτως και εισιν ευνουχοι οιτινες ευνουχισθησαν υπο των ανθρωπων και εισιν ευνουχοι οιτινες ευνουχισαν εαυτους δια την βασιλειαν των ουρανων ο δυναμενος χωρειν χωρειτω
28130d00bf	τοτε προσηνεχθη αυτω παιδια ινα τας χειρας επιθη αυτοις και προσευξηται οι δε μαθηται επετιμησαν αυτοις
28130e00cf	ο δε ιησους ειπεν αφετε τα παιδια και μη κωλυετε αυτα ελθειν προς με των γαρ τοιουτων εστιν η βασιλεια των ουρανων
28130f0056	και επιθεις αυτοις τας χειρας επορευθη εκειθεν
28131000a0	και ιδου εις προσελθων ειπεν αυτω διδασκαλε αγαθε τι αγαθον ποιησω ινα εχω ζωην αιωνιον
28131100dc	ο δε ειπεν αυτω τι με λεγεις αγαθον ουδεις αγαθος ει μη εις ο θεος ει δε θελεις εισελθειν εις την ζωην τηρησον τας εντολας
28131200af	λεγει αυτω ποιας ο δε ιησους ειπεν το ου φονευσεις ου μοιχευσεις ου κλεψεις ου ψευδομαρτυρησεις
2813130089	τιμα τον πατερα σου και την μητερα και αγαπησεις τον πλησιον σου ως σεαυτον
281314008a	λεγει αυτω ο νεανισκος παντα ταυτα εφυλαξαμην εκ νεοτητος μου τι ετι υστερω
2813150102	εφη αυτω ο ιησους ει θελεις τελειος ειναι υπαγε πωλησον σου τα υπαρχοντα και δος πτωχοις και εξεις θησαυρον εν ουρανω και δευρο ακολουθει μοι
281316008e	ακουσας δε ο νεανισκος τον λογον απηλθεν λυπουμενος ην γαρ εχων κτηματα πολλα
28131700d8	ο δε ιησους ειπεν τοις μαθηταις αυτου αμην λεγω υμιν οτι δυσκολως πλουσιος εισελευσεται εις την βασιλειαν των ουρανων
28131800e6	παλιν δε λεγω υμιν ευκοπωτερον εστιν καμηλον δια τρυπηματος ραφιδος διελθειν η πλουσιον εις την βασιλειαν του θεου εισελθειν
281319009b	ακουσαντες δε οι μαθηται αυτου εξεπλησσοντο σφοδρα λεγοντες τις αρα δυναται σωθηναι
28131a00b8	εμβλεψας δε ο ιησους ειπεν αυτοις παρα ανθρωποις τουτο αδυνατον εστιν παρα δε θεω παντα δυνατα εστιν
28131b00ba	τοτε αποκριθεις ο πετρος ειπεν αυτω ιδου ημεις αφηκαμεν παντα και ηκολουθησαμεν σοι τι αρα εσται ημιν
28131c0197	ο δε ιησους ειπεν αυτοις αμην λεγω υμιν οτι υμεις οι ακολουθησαντες μοι εν τη παλιγγενεσια οταν καθιση ο υιος του ανθρωπου επι θρονου δοξης αυτου καθισεσθε και υμεις επι δωδεκα θρονους κρινοντες τας δωδεκα φυλας του ισραηλ
28131d0136	και πας ος αφηκεν οικιας η αδελφους η αδελφας η πατερα η μητερα η γυναικα η τεκνα η αγρους ενεκεν του ονοματος μου εκατονταπλασιονα ληψεται και ζωην αιωνιον κληρονομησει
28131e005f	πολλοι δε εσονται πρωτοι εσχατοι και εσχατοι πρωτοι
28140100e6	ομοια γαρ εστιν η βασιλεια των ουρανων ανθρωπω οικοδεσποτη οστις εξηλθεν αμα πρωι μισθωσασθαι εργατας εις τον αμπελωνα αυτου
28140200ae	συμφωνησας δε μετα των εργατων εκ δηναριου την ημεραν απεστειλεν αυτους εις τον αμπελωνα αυτου
2814030084	και εξελθων περι την τριτην ωραν ειδεν αλλους εστωτας εν τη αγορα αργους
2814040092	κακεινοις ειπεν υπαγετε και υμεις εις τον αμπελωνα και ο εαν η δικαιον δωσω υμιν
2814050085	οι δε απηλθον παλιν εξελθων περι εκτην και εννατην ωραν εποιησεν ωσαυτως
28140600d7	περι δε την ενδεκατην ωραν εξελθων ευρεν αλλους εστωτας αργους και λεγει αυτοις τι ωδε εστηκατε ολην την ημεραν αργοι
28140700d5	λεγουσιν αυτω οτι ουδεις ημας εμισθωσατο λεγει αυτοις υπαγετε και υμεις εις τον αμπελωνα και ο εαν η δικαιον ληψεσθε
281408011f	οψιας δε γενομενης λεγει ο κυριος του αμπελωνος τω επιτροπω αυτου καλεσον τους εργατας και αποδος αυτοις τον μισθον αρξαμενος απο των εσχατων εως των πρωτων
281409006d	και ελθοντες οι περι την ενδεκατην ωραν ελαβον ανα δηναριον
28140a009d	ελθοντες δε οι πρωτοι ενομισαν οτι πλειονα ληψονται και ελαβον και αυτοι ανα δηναριον
28140b0051	λαβοντες δε εγογγυζον κατα του οικοδεσποτου
28140c00f1	λεγοντες οτι ουτοι οι εσχατοι μιαν ωραν εποιησαν και ισους ημιν αυτους εποιησας τοις βαστασασιν το βαρος της ημερας και τον καυσωνα
28140d0095	ο δε αποκριθεις ειπεν ενι αυτων εταιρε ουκ αδικω σε ουχι δηναριου συνεφωνησας μοι
28140e0071	αρον το σον και υπαγε θελω δε τουτω τω εσχατω δουναι ως και σοι
28140f00b1	η ουκ εξεστιν μοι ποιησαι ο θελω εν τοις εμοις ει ο οφθαλμος σου πονηρος εστιν οτι εγω αγαθος ειμι
28141000b1	ουτως εσονται οι εσχατοι πρωτοι και οι πρωτοι εσχατοι πολλοι γαρ εισιν κλητοι ολιγοι δε εκλεκτοι
28141100bf	και αναβαινων ο ιησους εις ιεροσολυμα παρελαβεν τους δωδεκα μαθητας κατ ιδιαν εν τη οδω και ειπεν αυτοις
28141200fb	ιδου αναβαινομεν εις ιεροσολυμα και ο υιος του ανθρωπου παραδοθησεται τοις αρχιερευσιν και γραμματευσιν και κατακρινουσιν αυτον θανατω
28141300ce	και παραδωσουσιν αυτον τοις εθνεσιν εις το εμπαιξαι και μαστιγωσαι και σταυρωσαι και τη τριτη ημερα αναστησεται
28141400bd	τοτε προσηλθεν αυτω η μητηρ των υιων ζεβεδαιου μετα των υιων αυτης προσκυνουσα και αιτουσα τι παρ αυτου
28141500f1	ο δε ειπεν αυτη τι θελεις λεγει αυτω ειπε ινα καθισωσιν ουτοι οι δυο υιοι μου εις εκ δεξιων σου και εις εξ ευωνυμων εν τη βασιλεια σου
281416012e	αποκριθεις δε ο ιησους ειπεν ουκ οιδατε τι αιτεισθε δυνασθε πιειν το ποτηριον ο εγω μελλω πινειν και το βαπτισμα ο εγω βαπτιζομαι βαπτισθηναι λεγουσιν αυτω δυναμεθα
2814170169	και λεγει αυτοις το μεν ποτηριον μου πιεσθε και το βαπτισμα ο εγω βαπτιζομαι βαπτισθησεσθε το δε καθισαι εκ δεξιων μου και εξ ευωνυμων μου ουκ εστιν εμον δουναι αλλ οις ητοιμασται υπο του πατρος μου
2814180066	και ακουσαντες οι δεκα ηγανακτησαν περι των δυο αδελφων
28141900f8	ο δε ιησους προσκαλεσαμενος αυτους ειπεν οιδατε οτι οι αρχοντες των εθνων κατακυριευουσιν αυτων και οι μεγαλοι κατεξουσιαζουσιν αυτων
28141a0098	ουχ ουτως δε εσται εν υμιν αλλ ος εαν θελη εν υμιν μεγας γενεσθαι εστω υμων διακονος
28141b0060	και ος εαν θελη εν υμιν ειναι πρωτος εστω υμων δουλος
28141c00cb	ωσπερ ο υιος του ανθρωπου ουκ ηλθεν διακονηθηναι αλλα διακονησαι και δουναι την ψυχην αυτου λυτρον αντι πολλων
28141d0076	και εκπορευομενων αυτων απο ιεριχω ηκολουθησεν αυτω οχλος πολυς
28141e00de	και ιδου δυο τυφλοι καθημενοι παρα την οδον ακουσαντες οτι ιησους παραγει εκραξαν λεγοντες ελεησον ημας κυριε υιος δαβιδ
28141f00be	ο δε οχλος επετιμησεν αυτοις ινα σιωπησωσιν οι δε μειζον εκραζον λεγοντες ελεησον ημας κυριε υιος δαβιδ
2814200077	και στας ο ιησους εφωνησεν αυτους και ειπεν τι θελετε ποιησω υμιν
281421005f	λεγουσιν αυτω κυριε ινα ανοιχθωσιν ημων οι οφθαλμοι
28142200cc	σπλαγχνισθεις δε ο ιησους ηψατο των οφθαλμων αυτων και ευθεως ανεβλεψαν αυτων οι οφθαλμοι και ηκολουθησαν αυτω
28150100cf	και οτε ηγγισαν εις ιεροσολυμα και ηλθον εις βηθφαγη προς το ορος των ελαιων τοτε ο ιησους απεστειλεν δυο μαθητας
28150200f0	λεγων αυτοις πορευθητε εις την κωμην την απεναντι υμων και ευθεως ευρησετε ονον δεδεμενην και πωλον μετ αυτης λυσαντες αγαγετε μοι
28150300a2	και εαν τις υμιν ειπη τι ερειτε οτι ο κυριος αυτων χρειαν εχει ευθεως δε αποστελει αυτους
281504007d	τουτο δε ολον γεγονεν ινα πληρωθη το ρηθεν δια του προφητου λεγοντος
28150500c8	ειπατε τη θυγατρι σιων ιδου ο βασιλευς σου ερχεται σοι πραυς και επιβεβηκως επι ονον και πωλον υιον υποζυγιου
2815060088	πορευθεντες δε οι μαθηται και ποιησαντες καθως προσεταξεν αυτοις ο ιησους
28150700d7	ηγαγον την ονον και τον πωλον και επεθηκαν επανω αυτων τα ιματια αυτων και {VAR1: επεκαθισεν} {VAR2: επεκαθισαν} επανω αυτων
28150800dc	ο δε πλειστος οχλος εστρωσαν εαυτων τα ιματια εν τη οδω αλλοι δε εκοπτον κλαδους απο των δενδρων και εστρωννυον εν τη οδω
2815090113	οι δε οχλοι οι προαγοντες και οι ακολουθουντες εκραζον λεγοντες ωσαννα τω υιω δαβιδ ευλογημενος ο ερχομενος εν ονοματι κυριου ωσαννα εν τοις υψιστοις
28150a0096	και εισελθοντος αυτου εις ιεροσολυμα εσεισθη πασα η πολις λεγουσα τις εστιν ουτος
28150b00aa	οι δε οχλοι ελεγον ουτος εστιν ιησους ο προφητης ο απο {VAR1: ναζαρετ} {VAR2: ναζαρεθ} της γαλιλαιας
28150c0169	και εισηλθεν ο ιησους εις το ιερον του θεου και εξεβαλεν παντας τους πωλουντας και αγοραζοντας εν τω ιερω και τας τραπεζας των κολλυβιστων κατεστρεψεν και τας καθεδρας των πωλουντων τας περιστερας
28150d00c5	και λεγει αυτοις γεγραπται ο οικος μου οικος προσευχης κληθησεται υμεις δε αυτον εποιησατε σπηλαιον ληστων
28150e007f	και προσηλθον αυτω τυφλοι και χωλοι εν τω ιερω και εθεραπευσεν αυτους
28150f010c	ιδοντες δε οι αρχιερεις και οι γραμματεις τα θαυμασια α εποιησεν και τους παιδας κραζοντας εν τω ιερω και λεγοντας ωσαννα τω υιω δαβιδ ηγανακτησαν
2815100104	και ειπον αυτω ακουεις τι ουτοι λεγουσιν ο δε ιησους λεγει αυτοις ναι ουδεποτε ανεγνωτε οτι εκ στοματος νηπιων και θηλαζοντων κατηρτισω αινον
2815110087	και καταλιπων αυτους εξηλθεν εξω της πολεως εις βηθανιαν και ηυλισθη εκει
281512004e	πρωιας δε επαναγων εις την πολιν επεινασεν
2815130140	και ιδων συκην μιαν επι της οδου ηλθεν επ αυτην και ουδεν ευρεν εν αυτη ει μη φυλλα μονον και λεγει αυτη μηκετι εκ σου καρπος γενηται εις τον αιωνα και εξηρανθη παραχρημα η συκη
2815140084	και ιδοντες οι μαθηται εθαυμασαν λεγοντες πως παραχρημα εξηρανθη η συκη
281515015f	αποκριθεις δε ο ιησους ειπεν αυτοις αμην λεγω υμιν εαν εχητε πιστιν και μη διακριθητε ου μονον το της συκης ποιησετε αλλα καν τω ορει τουτω ειπητε αρθητι και βληθητι εις την θαλασσαν γενησεται
281516006f	και παντα οσα αν αιτησητε εν τη προσευχη πιστευοντες ληψεσθε
281517013e	και ελθοντι αυτω εις το ιερον προσηλθον αυτω διδασκοντι οι αρχιερεις και οι πρεσβυτεροι του λαου λεγοντες εν ποια εξουσια ταυτα ποιεις και τις σοι εδωκεν την εξουσιαν ταυτην
28151800de	αποκριθεις δε ο ιησους ειπεν αυτοις ερωτησω υμας καγω λογον ενα ον εαν ειπητε μοι καγω υμιν ερω εν ποια εξουσια ταυτα ποιω
2815190121	το βαπτισμα ιωαννου ποθεν ην εξ ουρανου η εξ ανθρωπων οι δε διελογιζοντο παρ εαυτοις λεγοντες εαν ειπωμεν εξ ουρανου ερει ημιν δια τι ουν ουκ επιστευσατε αυτω
28151a00a4	εαν δε ειπωμεν εξ ανθρωπων φοβουμεθα τον οχλον παντες γαρ εχουσιν τον ιωαννην ως προφητην
28151b00c9	και αποκριθεντες τω ιησου ειπον ουκ οιδαμεν εφη αυτοις και αυτος ουδε εγω λεγω υμιν εν ποια εξουσια ταυτα ποιω
28151c00d8	τι δε υμιν δοκει ανθρωπος ειχεν τεκνα δυο και προσελθων τω πρωτω ειπεν τεκνον υπαγε σημερον εργαζου εν τω αμπελωνι μου
28151d0071	ο δε αποκριθεις ειπεν ου θελω υστερον δε μεταμεληθεις απηλθεν
28151e009e	και προσελθων τω δευτερω ειπεν ωσαυτως ο δε αποκριθεις ειπεν εγω κυριε και ουκ απηλθεν
28151f0140	τις εκ των δυο εποιησεν το θελημα του πατρος λεγουσιν αυτω ο πρωτος λεγει αυτοις ο ιησους αμην λεγω υμιν οτι οι τελωναι και αι πορναι προαγουσιν υμας εις την βασιλειαν του θεου
2815200142	ηλθεν γαρ προς υμας ιωαννης εν οδω δικαιοσυνης και ουκ επιστευσατε αυτω οι δε τελωναι και αι πορναι επιστευσαν αυτω υμεις δε ιδοντες ου μετεμεληθητε υστερον του πιστευσαι αυτω
281521016b	αλλην παραβολην ακουσατε ανθρωπος τις ην οικοδεσποτης οστις εφυτευσεν αμπελωνα και φραγμον αυτω περιεθηκεν και ωρυξεν εν αυτω ληνον και ωκοδομησεν πυργον και εξεδοτο αυτον γεωργοις και απεδημησεν
28152200c9	οτε δε ηγγισεν ο καιρος των καρπων απεστειλεν τους δουλους αυτου προς τους γεωργους λαβειν τους καρπους αυτου
28152300ab	και λαβοντες οι γεωργοι τους δουλους αυτου ον μεν εδειραν ον δε απεκτειναν ον δε ελιθοβολησαν
2815240094	παλιν απεστειλεν αλλους δουλους πλειονας των πρωτων και εποιησαν αυτοις ωσαυτως
2815250096	υστερον δε απεστειλεν προς αυτους τον υιον αυτου λεγων εντραπησονται τον υιον μου
28152600f8	οι δε γεωργοι ιδοντες τον υιον ειπον εν εαυτοις ουτος εστιν ο κληρονομος δευτε αποκτεινωμεν αυτον και κατασχωμεν την κληρονομιαν αυτου
2815270070	και λαβοντες αυτον εξεβαλον εξω του αμπελωνος και απεκτειναν
2815280081	οταν ουν ελθη ο κυριος του αμπελωνος τι ποιησει τοις γεωργοις εκεινοις
281529010e	λεγουσιν αυτω κακους κακως απολεσει αυτους και τον αμπελωνα εκδοσεται αλλοις γεωργοις οιτινες αποδωσουσιν αυτω τους καρπους εν τοις καιροις αυτων
28152a015e	λεγει αυτοις ο ιησους ουδεποτε ανεγνωτε εν ταις γραφαις λιθον ον απεδοκιμασαν οι οικοδομουντες ουτος εγενηθη εις κεφαλην γωνιας παρα κυριου εγενετο αυτη και εστιν θαυμαστη εν οφθαλμοις ημων
28152b00c8	δια τουτο λεγω υμιν οτι αρθησεται αφ υμων η βασιλεια του θεου και δοθησεται εθνει ποιουντι τους καρπους αυτης
28152c008e	και ο πεσων επι τον λιθον τουτον συνθλασθησεται εφ ον δ αν πεση λικμησει αυτον
28152d00ac	και ακουσαντες οι αρχιερεις και οι φαρισαιοι τας παραβολας αυτου εγνωσαν οτι περι αυτων λεγει
28152e0099	και ζητουντες αυτον κρατησαι εφοβηθησαν τους οχλους επειδη ως προφητην αυτον ειχον
2816010073	και αποκριθεις ο ιησους παλιν ειπεν αυτοις εν παραβολαις λεγων
2816020096	ωμοιωθη η βασιλεια των ουρανων ανθρωπω βασιλει οστις εποιησεν γαμους τω υιω αυτου
28160300b2	και απεστειλεν τους δουλους αυτου καλεσαι τους κεκλημενους εις τους γαμους και ουκ ηθελον ελθειν
2816040134	παλιν απεστειλεν αλλους δουλους λεγων ειπατε τοις κεκλημενοις ιδου το αριστον μου ητοιμασα οι ταυροι μου και τα σιτιστα τεθυμενα και παντα ετοιμα δευτε εις τους γαμους
281605008f	οι δε αμελησαντες απηλθον ο μεν εις τον ιδιον αγρον ο δε εις την εμποριαν αυτου
281606007b	οι δε λοιποι κρατησαντες τους δουλους αυτου υβρισαν και απεκτειναν
28160700e0	ακουσας δε ο βασιλευς ωργισθη και πεμψας τα στρατευματα αυτου απωλεσεν τους φονεις εκεινους και την πολιν αυτων ενεπρησεν
281608009f	τοτε λεγει τοις δουλοις αυτου ο μεν γαμος ετοιμος εστιν οι δε κεκλημενοι ουκ ησαν αξιοι
281609009c	πορευεσθε ουν επι τας διεξοδους των οδων και οσους αν ευρητε καλεσατε εις τους γαμους
28160a00f2	και εξελθοντες οι δουλοι εκεινοι εις τας οδους συνηγαγον παντας οσους ευρον πονηρους τε και αγαθους και επλησθη ο γαμος ανακειμενων
28160b00b9	εισελθων δε ο βασιλευς θεασασθαι τους ανακειμενους ειδεν εκει ανθρωπον ουκ ενδεδυμενον ενδυμα γαμου
28160c0083	και λεγει αυτω εταιρε πως εισηλθες ωδε μη εχων ενδυμα γαμου ο δε εφιμωθη
28160d0132	τοτε ειπεν ο βασιλευς τοις διακονοις δησαντες αυτου ποδας και χειρας αρατε αυτον και εκβαλετε εις το σκοτος το εξωτερον εκει εσται ο κλαυθμος και ο βρυγμος των οδοντων
28160e004e	πολλοι γαρ εισιν κλητοι ολιγοι δε εκλεκτοι
28160f0094	τοτε πορευθεντες οι φαρισαιοι συμβουλιον ελαβον οπως αυτον παγιδευσωσιν εν λογω
2816100184	και αποστελλουσιν αυτω τους μαθητας αυτων μετα των ηρωδιανων λεγοντες διδασκαλε οιδαμεν οτι αληθης ει και την οδον του θεου εν αληθεια διδασκεις και ου μελει σοι περι ουδενος ου γαρ βλεπεις εις προσωπον ανθρωπων
281611006f	ειπε ουν ημιν τι σοι δοκει εξεστιν δουναι κηνσον καισαρι η ου
281612007d	γνους δε ο ιησους την πονηριαν αυτων ειπεν τι με πειραζετε υποκριται
281613007e	επιδειξατε μοι το νομισμα του κηνσου οι δε προσηνεγκαν αυτω δηναριον
281614005b	και λεγει αυτοις τινος η εικων αυτη και η επιγραφη
28161500ae	λεγουσιν αυτω καισαρος τοτε λεγει αυτοις αποδοτε ουν τα καισαρος καισαρι και τα του θεου τω θεω
281616005e	και ακουσαντες εθαυμασαν και αφεντες αυτον απηλθον
28161700b4	εν εκεινη τη ημερα προσηλθον αυτω σαδδουκαιοι οι λεγοντες μη ειναι αναστασιν και επηρωτησαν αυτον
281618010c	λεγοντες διδασκαλε μωσης ειπεν εαν τις αποθανη μη εχων τεκνα επιγαμβρευσει ο αδελφος αυτου την γυναικα αυτου και αναστησει σπερμα τω αδελφω αυτου
28161900df	ησαν δε παρ ημιν επτα αδελφοι και ο πρωτος γαμησας ετελευτησεν και μη εχων σπερμα αφηκεν την γυναικα αυτου τω αδελφω αυτου
28161a0055	ομοιως και ο δευτερος και ο τριτος εως των επτα
28161b0044	υστερον δε παντων απεθανεν και η γυνη
28161c007c	εν τη ουν αναστασει τινος των επτα εσται γυνη παντες γαρ εσχον αυτην
28161d00a9	αποκριθεις δε ο ιησους ειπεν αυτοις πλανασθε μη ειδοτες τας γραφας μηδε την δυναμιν του θεου
28161e00a7	εν γαρ τη αναστασει ουτε γαμουσιν ουτε εκγαμιζονται αλλ ως αγγελοι του θεου εν ουρανω εισιν
28161f0096	περι δε της αναστασεως των νεκρων ουκ ανεγνωτε το ρηθεν υμιν υπο του θεου λεγοντος
28162000ae	εγω ειμι ο θεος αβρααμ και ο θεος ισαακ και ο θεος ιακωβ ουκ εστιν ο θεος θεος νεκρων αλλα ζωντων
2816210068	και ακουσαντες οι οχλοι εξεπλησσοντο επι τη διδαχη αυτου
2816220095	οι δε φαρισαιοι ακουσαντες οτι εφιμωσεν τους σαδδουκαιους συνηχθησαν επι το αυτο
281623006f	και επηρωτησεν εις εξ αυτων νομικος πειραζων αυτον και λεγων
2816240048	διδασκαλε ποια εντολη μεγαλη εν τω νομω
28162500da	ο δε ιησους ειπεν αυτω αγαπησεις κυριον τον θεον σου εν ολη τη καρδια σου και εν ολη τη ψυχη σου και εν ολη τη διανοια σου
281626003f	αυτη εστιν πρωτη και μεγαλη εντολη
281627006b	δευτερα δε ομοια αυτη αγαπησεις τον πλησιον σου ως σεαυτον
281628007f	εν ταυταις ταις δυσιν εντολαις ολος ο νομος και οι προφηται κρεμανται
2816290065	συνηγμενων δε των φαρισαιων επηρωτησεν αυτους ο ιησους
28162a008d	λεγων τι υμιν δοκει περι του χριστου τινος υιος εστιν λεγουσιν αυτω του δαβιδ
28162b0074	λεγει αυτοις πως ουν δαβιδ εν πνευματι κυριον αυτον καλει λεγων
28162c00b1	ειπεν ο κυριος τω κυριω μου καθου εκ δεξιων μου εως αν θω τους εχθρους σου υποποδιον των ποδων σου
28162d005f	ει ουν δαβιδ καλει αυτον κυριον πως υιος αυτου εστιν
28162e00c5	και ουδεις εδυνατο αυτω αποκριθηναι λογον ουδε ετολμησεν τις απ εκεινης της ημερας επερωτησαι αυτον ουκετι
281701006b	τοτε ο ιησους ελαλησεν τοις οχλοις και τοις μαθηταις αυτου
2817020080	λεγων επι της μωσεως καθεδρας εκαθισαν οι γραμματεις και οι φαρισαιοι
28170300d7	παντα ουν οσα αν ειπωσιν υμιν τηρειν τηρειτε και ποιειτε κατα δε τα εργα αυτων μη ποιειτε λεγουσιν γαρ και ου ποιουσιν
28170400f6	δεσμευουσιν γαρ φορτια βαρεα και δυσβαστακτα και επιτιθεασιν επι τους ωμους των ανθρωπων τω δε δακτυλω αυτων ου θελουσιν κινησαι αυτα
281705010c	παντα δε τα εργα αυτων ποιουσιν προς το θεαθηναι τοις ανθρωποις πλατυνουσιν δε τα φυλακτηρια αυτων και μεγαλυνουσιν τα κρασπεδα των ιματιων αυτων
28170600a2	φιλουσιν τε την πρωτοκλισιαν εν τοις δειπνοις και τας πρωτοκαθεδριας εν ταις συναγωγαις
281707008e	και τους ασπασμους εν ταις αγοραις και καλεισθαι υπο των ανθρωπων ραββι ραββι
28170800ad	υμεις δε μη κληθητε ραββι εις γαρ εστιν υμων ο καθηγητης ο χριστος παντες δε υμεις αδελφοι εστε
2817090099	και πατερα μη καλεσητε υμων επι της γης εις γαρ εστιν ο πατηρ υμων ο εν τοις ουρανοις
28170a0074	μηδε κληθητε καθηγηται εις γαρ υμων εστιν ο καθηγητης ο χριστος
28170b0042	ο δε μειζων υμων εσται υμων διακονος
28170c008f	οστις δε υψωσει εαυτον ταπεινωθησεται και οστις ταπεινωσει εαυτον υψωθησεται
28170d0136	{VAR1: ουαι δε} {VAR2: ουαι} υμιν γραμματεις και φαρισαιοι υποκριται οτι κατεσθιετε τας οικιας των χηρων και προφασει μακρα προσευχομενοι δια τουτο ληψεσθε περισσοτερον κριμα
28170e015d	{VAR1: ουαι} {VAR2: ουαι δε} υμιν γραμματεις και φαρισαιοι υποκριται οτι κλειετε την βασιλειαν των ουρανων εμπροσθεν των ανθρωπων υμεις γαρ ουκ εισερχεσθε ουδε τους εισερχομενους αφιετε εισελθειν
28170f0138	ουαι υμιν γραμματεις και φαρισαιοι υποκριται οτι περιαγετε την θαλασσαν και την ξηραν ποιησαι ενα προσηλυτον και οταν γενηται ποιειτε αυτον υιον γεεννης διπλοτερον υμων
28171000c9	ουαι υμιν οδηγοι τυφλοι οι λεγοντες ος αν ομοση εν τω ναω ουδεν εστιν ος δ αν ομοση εν τω χρυσω του ναου οφειλει
2817110089	μωροι και τυφλοι τις γαρ μειζων εστιν ο χρυσος η ο ναος ο αγιαζων τον χρυσον
28171200a9	και ος εαν ομοση εν τω θυσιαστηριω ουδεν εστιν ος δ αν ομοση εν τω δωρω τω επανω αυτου οφειλει
281713008c	μωροι και τυφλοι τι γαρ μειζον το δωρον η το θυσιαστηριον το αγιαζον το δωρον
2817140088	ο ουν ομοσας εν τω θυσιαστηριω ομνυει εν αυτω και εν πασιν τοις επανω αυτου
2817150075	και ο ομοσας εν τω ναω ομνυει εν αυτω και εν τω κατοικουντι αυτον
2817160097	και ο ομοσας εν τω ουρανω ομνυει εν τω θρονω του θεου και εν τω καθημενω επανω αυτου
2817170189	ουαι υμιν γραμματεις και φαρισαιοι υποκριται οτι αποδεκατουτε το ηδυοσμον και το ανηθον και το κυμινον και αφηκατε τα βαρυτερα του νομου την κρισιν και τον ελεον και την πιστιν ταυτα εδει ποιησαι κακεινα μη αφιεναι
281718007d	οδηγοι τυφλοι οι διυλιζοντες τον κωνωπα την δε καμηλον καταπινοντες
2817190109	ουαι υμιν γραμματεις και φαρισαιοι υποκριται οτι καθαριζετε το εξωθεν του ποτηριου και της παροψιδος εσωθεν δε γεμουσιν εξ αρπαγης και ακρασιας
28171a00cb	φαρισαιε τυφλε καθαρισον πρωτον το εντος του ποτηριου και της παροψιδος ινα γενηται και το εκτος αυτων καθαρον
28171b0142	ουαι υμιν γραμματεις και φαρισαιοι υποκριται οτι παρομοιαζετε ταφοις κεκονιαμενοις οιτινες εξωθεν μεν φαινονται ωραιοι εσωθεν δε γεμουσιν οστεων νεκρων και πασης ακαθαρσιας
28171c00bf	ουτως και υμεις εξωθεν μεν φαινεσθε τοις ανθρωποις δικαιοι εσωθεν δε μεστοι εστε υποκρισεως και ανομιας
28171d00e1	ουαι υμιν γραμματεις και φαρισαιοι υποκριται οτι οικοδομειτε τους ταφους των προφητων και κοσμειτε τα μνημεια των δικαιων
28171e00bd	και λεγετε ει ημεν εν ταις ημεραις των πατερων ημων ουκ αν ημεν κοινωνοι αυτων εν τω αιματι των προφητων
28171f007d	ωστε μαρτυρειτε εαυτοις οτι υιοι εστε των φονευσαντων τους προφητας
2817200055	και υμεις πληρωσατε το μετρον των πατερων υμων
2817210073	οφεις γεννηματα εχιδνων πως φυγητε απο της κρισεως της γεεννης
2817220167	δια τουτο ιδου εγω αποστελλω προς υμας προφητας και σοφους και γραμματεις και εξ αυτων αποκτενειτε και σταυρωσετε και εξ αυτων μαστιγωσετε εν ταις συναγωγαις υμων και διωξετε απο πολεως εις πολιν
281723014c	οπως ελθη εφ υμας παν αιμα δικαιον εκχυνομενον επι της γης απο του αιματος αβελ του δικαιου εως του αιματος ζαχαριου υιου βαραχιου ον εφονευσατε μεταξυ του ναου και του θυσιαστηριου
2817240061	αμην λεγω υμιν ηξει ταυτα παντα επι την γενεαν ταυτην
2817250196	ιερουσαλημ ιερουσαλημ η αποκτεινουσα τους προφητας και λιθοβολουσα τους απεσταλμενους προς αυτην ποσακις ηθελησα επισυναγαγειν τα τεκνα σου ον τροπον επισυναγει ορνις τα νοσσια εαυτης υπο τας πτερυγας και ουκ ηθελησατε
2817260044	ιδου αφιεται υμιν ο οικος υμων ερημος
28172700a7	λεγω γαρ υμιν ου μη με ιδητε απ αρτι εως αν ειπητε ευλογημενος ο ερχομενος εν ονοματι κυριου
28180100d2	και εξελθων ο ιησους επορευετο απο του ιερου και προσηλθον οι μαθηται αυτου επιδειξαι αυτω τας οικοδομας του ιερου
28180200d4	ο δε ιησους ειπεν αυτοις ου βλεπετε παντα ταυτα αμην λεγω υμιν ου μη αφεθη ωδε λιθος επι λιθον ος ου μη καταλυθησεται
281803014b	καθημενου δε αυτου επι του ορους των ελαιων προσηλθον αυτω οι μαθηται κατ ιδιαν λεγοντες ειπε ημιν ποτε ταυτα εσται και τι το σημειον της σης παρουσιας και της συντελειας του αιωνος
2818040076	και αποκριθεις ο ιησους ειπεν αυτοις βλεπετε μη τις υμας πλανηση
28180500aa	πολλοι γαρ ελευσονται επι τω ονοματι μου λεγοντες εγω ειμι ο χριστος και πολλους πλανησουσιν
28180600ce	μελλησετε δε ακουειν πολεμους και ακοας πολεμων ορατε μη θροεισθε δει γαρ παντα γενεσθαι αλλ ουπω εστιν το τελος
28180700cd	εγερθησεται γαρ εθνος επι εθνος και βασιλεια επι βασιλειαν και εσονται λιμοι και λοιμοι και σεισμοι κατα τοπους
2818080030	παντα δε ταυτα αρχη ωδινων
28180900d4	τοτε παραδωσουσιν υμας εις θλιψιν και αποκτενουσιν υμας και εσεσθε μισουμενοι υπο παντων των εθνων δια το ονομα μου
28180a009d	και τοτε σκανδαλισθησονται πολλοι και αλληλους παραδωσουσιν και μισησουσιν αλληλους
28180b0074	και πολλοι ψευδοπροφηται εγερθησονται και πλανησουσιν πολλους
28180c0074	και δια το πληθυνθηναι την ανομιαν ψυγησεται η αγαπη των πολλων
28180d004a	ο δε υπομεινας εις τελος ουτος σωθησεται
28180e00e8	και κηρυχθησεται τουτο το ευαγγελιον της βασιλειας εν ολη τη οικουμενη εις μαρτυριον πασιν τοις εθνεσιν και τοτε ηξει το τελος
28180f00ea	οταν ουν ιδητε το βδελυγμα της ερημωσεως το ρηθεν δια δανιηλ του προφητου {VAR1: εστος} {VAR2: εστως} εν τοπω αγιω ο αναγινωσκων νοειτω
281810004e	τοτε οι εν τη ιουδαια φευγετωσαν επι τα ορη
281811006d	ο επι του δωματος μη καταβαινετω αραι τι εκ της οικιας αυτου
2818120069	και ο εν τω αγρω μη επιστρεψατω οπισω αραι τα ιματια αυτου
281813008e	ουαι δε ταις εν γαστρι εχουσαις και ταις θηλαζουσαις εν εκειναις ταις ημεραις
2818140079	προσευχεσθε δε ινα μη γενηται η φυγη υμων χειμωνος μηδε εν σαββατω
28181500a1	εσται γαρ τοτε θλιψις μεγαλη οια ου γεγονεν απ αρχης κοσμου εως του νυν ουδ ου μη γενηται
28181600d9	και ει μη εκολοβωθησαν αι ημεραι εκειναι ουκ αν εσωθη πασα σαρξ δια δε τους εκλεκτους κολοβωθησονται αι ημεραι εκειναι
281817006e	τοτε εαν τις υμιν ειπη ιδου ωδε ο χριστος η ωδε μη πιστευσητε
28181800f1	εγερθησονται γαρ ψευδοχριστοι και ψευδοπροφηται και δωσουσιν σημεια μεγαλα και τερατα ωστε πλανησαι ει δυνατον και τους εκλεκτους
2818190024	ιδου προειρηκα υμιν
28181a00a6	εαν ουν ειπωσιν υμιν ιδου εν τη ερημω εστιν μη εξελθητε ιδου εν τοις ταμειοις μη πιστευσητε
28181b00d3	ωσπερ γαρ η αστραπη εξερχεται απο ανατολων και φαινεται εως δυσμων ουτως εσται και η παρουσια του υιου του ανθρωπου
28181c005d	οπου γαρ εαν η το πτωμα εκει συναχθησονται οι αετοι
28181d0157	ευθεως δε μετα την θλιψιν των ημερων εκεινων ο ηλιος σκοτισθησεται και η σεληνη ου δωσει το φεγγος αυτης και οι αστερες πεσουνται απο του ουρανου και αι δυναμεις των ουρανων σαλευθησονται
28181e017c	και τοτε φανησεται το σημειον του υιου του ανθρωπου εν τω ουρανω και τοτε κοψονται πασαι αι φυλαι της γης και οψονται τον υιον του ανθρωπου ερχομενον επι των νεφελων του ουρανου μετα δυναμεως και δοξης πολλης
28181f0123	και αποστελει τους αγγελους αυτου μετα σαλπιγγος φωνης μεγαλης και επισυναξουσιν τους εκλεκτους αυτου εκ των τεσσαρων ανεμων απ ακρων ουρανων εως ακρων αυτων
28182000e2	απο δε της συκης μαθετε την παραβολην οταν ηδη ο κλαδος αυτης γενηται απαλος και τα φυλλα εκφυη γινωσκετε οτι εγγυς το θερος
281821008a	ουτως και υμεις οταν ιδητε παντα ταυτα γινωσκετε οτι εγγυς εστιν επι θυραις
281822007b	αμην λεγω υμιν ου μη παρελθη η γενεα αυτη εως αν παντα ταυτα γενηται
2818230076	ο ουρανος και η γη παρελευσονται οι δε λογοι μου ου μη παρελθωσιν
28182400bc	περι δε της ημερας εκεινης και της ωρας ουδεις οιδεν ουδε οι αγγελοι των ουρανων ει μη ο πατηρ μου μονος
2818250088	ωσπερ δε αι ημεραι του νωε ουτως εσται και η παρουσια του υιου του ανθρωπου
2818260113	ωσπερ γαρ ησαν εν ταις ημεραις ταις προ του κατακλυσμου τρωγοντες και πινοντες γαμουντες και εκγαμιζοντες αχρι ης ημερας εισηλθεν νωε εις την κιβωτον
28182700c0	και ουκ εγνωσαν εως ηλθεν ο κατακλυσμος και ηρεν απαντας ουτως εσται και η παρουσια του υιου του ανθρωπου
2818280078	τοτε δυο εσονται εν τω αγρω ο εις παραλαμβανεται και ο εις αφιεται
2818290071	δυο αληθουσαι εν τω μυλωνι μια παραλαμβανεται και μια αφιεται
28182a006e	γρηγορειτε ουν οτι ουκ οιδατε ποια ωρα ο κυριος υμων ερχεται
28182b00fc	εκεινο δε γινωσκετε οτι ει ηδει ο οικοδεσποτης ποια φυλακη ο κλεπτης ερχεται εγρηγορησεν αν και ουκ αν ειασεν διορυγηναι την οικιαν αυτου
28182c0099	δια τουτο και υμεις γινεσθε ετοιμοι οτι η ωρα ου δοκειτε ο υιος του ανθρωπου ερχεται
28182d00f5	τις αρα εστιν ο πιστος δουλος και φρονιμος ον κατεστησεν ο κυριος αυτου επι της θεραπειας αυτου του διδοναι αυτοις την τροφην εν καιρω
28182e0085	μακαριος ο δουλος εκεινος ον ελθων ο κυριος αυτου ευρησει ποιουντα ουτως
28182f007c	αμην λεγω υμιν οτι επι πασιν τοις υπαρχουσιν αυτου καταστησει αυτον
2818300095	εαν δε ειπη ο κακος δουλος εκεινος εν τη καρδια αυτου χρονιζει ο κυριος μου ελθειν
281831008d	και αρξηται τυπτειν τους συνδουλους εσθιειν δε και πινειν μετα των μεθυοντων
2818320090	ηξει ο κυριος του δουλου εκεινου εν ημερα η ου προσδοκα και εν ωρα η ου γινωσκει
28183300cf	και διχοτομησει αυτον και το μερος αυτου μετα των υποκριτων θησει εκει εσται ο κλαυθμος και ο βρυγμος των οδοντων
28190100e9	τοτε ομοιωθησεται η βασιλεια των ουρανων δεκα παρθενοις αιτινες λαβουσαι τας λαμπαδας αυτων εξηλθον εις απαντησιν του νυμφιου
281902005b	πεντε δε ησαν εξ αυτων φρονιμοι και αι πεντε μωραι
2819030084	αιτινες μωραι λαβουσαι τας λαμπαδας εαυτων ουκ ελαβον μεθ εαυτων ελαιον
281904008a	αι δε φρονιμοι ελαβον ελαιον εν τοις αγγειοις αυτων μετα των λαμπαδων αυτων
2819050069	χρονιζοντος δε του νυμφιου ενυσταξαν πασαι και εκαθευδον
281906009a	μεσης δε νυκτος κραυγη γεγονεν ιδου ο νυμφιος ερχεται εξερχεσθε εις απαντησιν αυτου
2819070088	τοτε ηγερθησαν πασαι αι παρθενοι εκειναι και εκοσμησαν τας λαμπαδας αυτων
28190800aa	αι δε μωραι ταις φρονιμοις ειπον δοτε ημιν εκ του ελαιου υμων οτι αι λαμπαδες ημων σβεννυνται
28190900ef	απεκριθησαν δε αι φρονιμοι λεγουσαι μηποτε ουκ αρκεση ημιν και υμιν πορευεσθε δε μαλλον προς τους πωλουντας και αγορασατε εαυταις
28190a00d3	απερχομενων δε αυτων αγορασαι ηλθεν ο νυμφιος και αι ετοιμοι εισηλθον μετ αυτου εις τους γαμους και εκλεισθη η θυρα
28190b008d	υστερον δε ερχονται και αι λοιπαι παρθενοι λεγουσαι κυριε κυριε ανοιξον ημιν
28190c005b	ο δε αποκριθεις ειπεν αμην λεγω υμιν ουκ οιδα υμας
28190d009e	γρηγορειτε ουν οτι ουκ οιδατε την ημεραν ουδε την ωραν εν η ο υιος του ανθρωπου ερχεται
28190e00b3	ωσπερ γαρ ανθρωπος αποδημων εκαλεσεν τους ιδιους δουλους και παρεδωκεν αυτοις τα υπαρχοντα αυτου
28190f00b3	και ω μεν εδωκεν πεντε ταλαντα ω δε δυο ω δε εν εκαστω κατα την ιδιαν δυναμιν και απεδημησεν ευθεως
28191000a4	πορευθεις δε ο τα πεντε ταλαντα λαβων ειργασατο εν αυτοις και εποιησεν αλλα πεντε ταλαντα
2819110059	ωσαυτως και ο τα δυο εκερδησεν και αυτος αλλα δυο
2819120096	ο δε το εν λαβων απελθων ωρυξεν εν τη γη και απεκρυψεν το αργυριον του κυριου αυτου
281913009c	μετα δε χρονον πολυν ερχεται ο κυριος των δουλων εκεινων και συναιρει μετ αυτων λογον
2819140117	και προσελθων ο τα πεντε ταλαντα λαβων προσηνεγκεν αλλα πεντε ταλαντα λεγων κυριε πεντε ταλαντα μοι παρεδωκας ιδε αλλα πεντε ταλαντα εκερδησα επ αυτοις
28191500ef	εφη δε αυτω ο κυριος αυτου ευ δουλε αγαθε και πιστε επι ολιγα ης πιστος επι πολλων σε καταστησω εισελθε εις την χαραν του κυριου σου
28191600d6	προσελθων δε και ο τα δυο ταλαντα λαβων ειπεν κυριε δυο ταλαντα μοι παρεδωκας ιδε αλλα δυο ταλαντα εκερδησα επ αυτοις
28191700ea	εφη αυτω ο κυριος αυτου ευ δουλε αγαθε και πιστε επι ολιγα ης πιστος επι πολλων σε καταστησω εισελθε εις την χαραν του κυριου σου
281918010a	προσελθων δε και ο το εν ταλαντον ειληφως ειπεν κυριε εγνων σε οτι σκληρος ει ανθρωπος θεριζων οπου ουκ εσπειρας και συναγων οθεν ου διεσκορπισας
281919007d	και φοβηθεις απελθων εκρυψα το ταλαντον σου εν τη γη ιδε εχεις το σον
28191a00eb	αποκριθεις δε ο κυριος αυτου ειπεν αυτω πονηρε δουλε και οκνηρε ηδεις οτι θεριζω οπου ουκ εσπειρα και συναγω οθεν ου διεσκορπισα
28191b00af	εδει ουν σε βαλειν το αργυριον μου τοις τραπεζιταις και ελθων εγω εκομισαμην αν το εμον συν τοκω
28191c0076	αρατε ουν απ αυτου το ταλαντον και δοτε τω εχοντι τα δεκα ταλαντα
28191d00b9	τω γαρ εχοντι παντι δοθησεται και περισσευθησεται απο δε του μη εχοντος και ο εχει αρθησεται απ αυτου
28191e00c2	και τον αχρειον δουλον εκβαλλετε εις το σκοτος το εξωτερον εκει εσται ο κλαυθμος και ο βρυγμος των οδοντων
28191f00df	οταν δε ελθη ο υιος του ανθρωπου εν τη δοξη αυτου και παντες οι αγιοι αγγελοι μετ αυτου τοτε καθισει επι θρονου δοξης αυτου
28192000e8	και συναχθησεται εμπροσθεν αυτου παντα τα εθνη και αφοριει αυτους απ αλληλων ωσπερ ο ποιμην αφοριζει τα προβατα απο των εριφων
2819210078	και στησει τα μεν προβατα εκ δεξιων αυτου τα δε εριφια εξ ευωνυμων
281922010b	τοτε ερει ο βασιλευς τοις εκ δεξιων αυτου δευτε οι ευλογημενοι του πατρος μου κληρονομησατε την ητοιμασμενην υμιν βασιλειαν απο καταβολης κοσμου
28192300a4	επεινασα γαρ και εδωκατε μοι φαγειν εδιψησα και εποτισατε με ξενος ημην και συνηγαγετε με
28192400a0	γυμνος και περιεβαλετε με ησθενησα και επεσκεψασθε με εν φυλακη ημην και ηλθετε προς με
28192500d4	τοτε αποκριθησονται αυτω οι δικαιοι λεγοντες κυριε ποτε σε ειδομεν πεινωντα και εθρεψαμεν η διψωντα και εποτισαμεν
281926007a	ποτε δε σε ειδομεν ξενον και συνηγαγομεν η γυμνον και περιεβαλομεν
2819270067	ποτε δε σε ειδομεν ασθενη η εν φυλακη και ηλθομεν προς σε
28192800e8	και αποκριθεις ο βασιλευς ερει αυτοις αμην λεγω υμιν εφ οσον εποιησατε ενι τουτων των αδελφων μου των ελαχιστων εμοι εποιησατε
28192900f9	τοτε ερει και τοις εξ ευωνυμων πορευεσθε απ εμου οι κατηραμενοι εις το πυρ το αιωνιον το ητοιμασμενον τω διαβολω και τοις αγγελοις αυτου
28192a007d	επεινασα γαρ και ουκ εδωκατε μοι φαγειν εδιψησα και ουκ εποτισατε με
28192b00c0	ξενος ημην και ου συνηγαγετε με γυμνος και ου περιεβαλετε με ασθενης και εν φυλακη και ουκ επεσκεψασθε με
28192c010b	τοτε αποκριθησονται αυτω και αυτοι λεγοντες κυριε ποτε σε ειδομεν πεινωντα η διψωντα η ξενον η γυμνον η ασθενη η εν φυλακη και ου διηκονησαμεν σοι
28192d00d1	τοτε αποκριθησεται αυτοις λεγων αμην λεγω υμιν εφ οσον ουκ εποιησατε ενι τουτων των ελαχιστων ουδε εμοι εποιησατε
28192e0087	και απελευσονται ουτοι εις κολασιν αιωνιον οι δε δικαιοι εις ζωην αιωνιον
281a01009f	και εγενετο οτε ετελεσεν ο ιησους παντας τους λογους τουτους ειπεν τοις μαθηταις αυτου
281a0200b4	οιδατε οτι μετα δυο ημερας το πασχα γινεται και ο υιος του ανθρωπου παραδιδοται εις το σταυρωθηναι
281a0300e3	τοτε συνηχθησαν οι αρχιερεις και οι γραμματεις και οι πρεσβυτεροι του λαου εις την αυλην του αρχιερεως του λεγομενου καιαφα
281a04007e	και συνεβουλευσαντο ινα τον ιησουν κρατησωσιν δολω και αποκτεινωσιν
281a050066	ελεγον δε μη εν τη εορτη ινα μη θορυβος γενηται εν τω λαω
281a060070	του δε ιησου γενομενου εν βηθανια εν οικια σιμωνος του λεπρου
281a0700bb	προσηλθεν αυτω γυνη αλαβαστρον μυρου εχουσα βαρυτιμου και κατεχεεν επι την κεφαλην αυτου ανακειμενου
281a080081	ιδοντες δε οι μαθηται αυτου ηγανακτησαν λεγοντες εις τι η απωλεια αυτη
281a090073	ηδυνατο γαρ τουτο το μυρον πραθηναι πολλου και δοθηναι πτωχοις
281a0a00ac	γνους δε ο ιησους ειπεν αυτοις τι κοπους παρεχετε τη γυναικι εργον γαρ καλον ειργασατο εις εμε
281a0b0077	παντοτε γαρ τους πτωχους εχετε μεθ εαυτων εμε δε ου παντοτε εχετε
281a0c0096	βαλουσα γαρ αυτη το μυρον τουτο επι του σωματος μου προς το ενταφιασαι με εποιησεν
281a0d00dc	αμην λεγω υμιν οπου εαν κηρυχθη το ευαγγελιον τουτο εν ολω τω κοσμω λαληθησεται και ο εποιησεν αυτη εις μνημοσυνον αυτης
281a0e0093	τοτε πορευθεις εις των δωδεκα ο λεγομενος ιουδας ισκαριωτης προς τους αρχιερεις
281a0f00a2	ειπεν τι θελετε μοι δουναι καγω υμιν παραδωσω αυτον οι δε εστησαν αυτω τριακοντα αργυρια
281a100055	και απο τοτε εζητει ευκαιριαν ινα αυτον παραδω
281a1100c8	τη δε πρωτη των αζυμων προσηλθον οι μαθηται τω ιησου λεγοντες αυτω που θελεις ετοιμασωμεν σοι φαγειν το πασχα
281a12010f	ο δε ειπεν υπαγετε εις την πολιν προς τον δεινα και ειπατε αυτω ο διδασκαλος λεγει ο καιρος μου εγγυς εστιν προς σε ποιω το πασχα μετα των μαθητων μου
281a13008a	και εποιησαν οι μαθηται ως συνεταξεν αυτοις ο ιησους και ητοιμασαν το πασχα
281a140050	οψιας δε γενομενης ανεκειτο μετα των δωδεκα
281a15007e	και εσθιοντων αυτων ειπεν αμην λεγω υμιν οτι εις εξ υμων παραδωσει με
281a16008b	και λυπουμενοι σφοδρα ηρξαντο λεγειν αυτω εκαστος αυτων μητι εγω ειμι κυριε
281a170097	ο δε αποκριθεις ειπεν ο εμβαψας μετ εμου εν τω τρυβλιω την χειρα ουτος με παραδωσει
281a180136	ο μεν υιος του ανθρωπου υπαγει καθως γεγραπται περι αυτου ουαι δε τω ανθρωπω εκεινω δι ου ο υιος του ανθρωπου παραδιδοται καλον ην αυτω ει ουκ εγεννηθη ο ανθρωπος εκεινος
281a19009c	αποκριθεις δε ιουδας ο παραδιδους αυτον ειπεν μητι εγω ειμι ραββι λεγει αυτω συ ειπας
281a1a00fd	εσθιοντων δε αυτων λαβων ο ιησους τον αρτον και ευλογησας εκλασεν και εδιδου τοις μαθηταις και ειπεν λαβετε φαγετε τουτο εστιν το σωμα μου
281a1b0094	και λαβων το ποτηριον και ευχαριστησας εδωκεν αυτοις λεγων πιετε εξ αυτου παντες
281a1c00b2	τουτο γαρ εστιν το αιμα μου το της καινης διαθηκης το περι πολλων εκχυνομενον εις αφεσιν αμαρτιων
281a1d0118	λεγω δε υμιν οτι ου μη πιω απ αρτι εκ τουτου του γεννηματος της αμπελου εως της ημερας εκεινης οταν αυτο πινω μεθ υμων καινον εν τη βασιλεια του πατρος μου
281a1e0053	και υμνησαντες εξηλθον εις το ορος των ελαιων
281a1f0128	τοτε λεγει αυτοις ο ιησους παντες υμεις σκανδαλισθησεσθε εν εμοι εν τη νυκτι ταυτη γεγραπται γαρ παταξω τον ποιμενα και διασκορπισθησεται τα προβατα της ποιμνης
281a200061	μετα δε το εγερθηναι με προαξω υμας εις την γαλιλαιαν
281a2100be	αποκριθεις δε ο πετρος ειπεν αυτω ει και παντες σκανδαλισθησονται εν σοι εγω ουδεποτε σκανδαλισθησομαι
281a2200a7	εφη αυτω ο ιησους αμην λεγω σοι οτι εν ταυτη τη νυκτι πριν αλεκτορα φωνησαι τρις απαρνηση με
281a2300bd	λεγει αυτω ο πετρος καν δεη με συν σοι αποθανειν ου μη σε απαρνησομαι ομοιως και παντες οι μαθηται ειπον
281a2400f6	τοτε ερχεται μετ αυτων ο ιησους εις χωριον λεγομενον γεθσημανη και λεγει τοις μαθηταις καθισατε αυτου εως ου απελθων προσευξωμαι εκει
281a25009c	και παραλαβων τον πετρον και τους δυο υιους ζεβεδαιου ηρξατο λυπεισθαι και αδημονειν
281a2600a9	τοτε λεγει αυτοις περιλυπος εστιν η ψυχη μου εως θανατου μεινατε ωδε και γρηγορειτε μετ εμου
281a27012a	και προελθων μικρον επεσεν επι προσωπον αυτου προσευχομενος και λεγων πατερ μου ει δυνατον εστιν παρελθετω απ εμου το ποτηριον τουτο πλην ουχ ως εγω θελω αλλ ως συ
281a2800ee	και ερχεται προς τους μαθητας και ευρισκει αυτους καθευδοντας και λεγει τω πετρω ουτως ουκ ισχυσατε μιαν ωραν γρηγορησαι μετ εμου
281a2900b5	γρηγορειτε και προσευχεσθε ινα μη εισελθητε εις πειρασμον το μεν πνευμα προθυμον η δε σαρξ ασθενης
281a2a0102	παλιν εκ δευτερου απελθων προσηυξατο λεγων πατερ μου ει ου δυναται τουτο το ποτηριον παρελθειν απ εμου εαν μη αυτο πιω γενηθητω το θελημα σου
281a2b0099	και ελθων ευρισκει αυτους παλιν καθευδοντας ησαν γαρ αυτων οι οφθαλμοι βεβαρημενοι
281a2c0087	και αφεις αυτους απελθων παλιν προσηυξατο εκ τριτου τον αυτον λογον ειπων
281a2d012e	τοτε ερχεται προς τους μαθητας αυτου και λεγει αυτοις καθευδετε το λοιπον και αναπαυεσθε ιδου ηγγικεν η ωρα και ο υιος του ανθρωπου παραδιδοται εις χειρας αμαρτωλων
281a2e0054	εγειρεσθε αγωμεν ιδου ηγγικεν ο παραδιδους με
281a2f0111	και ετι αυτου λαλουντος ιδου ιουδας εις των δωδεκα ηλθεν και μετ αυτου οχλος πολυς μετα μαχαιρων και ξυλων απο των αρχιερεων και πρεσβυτερων του λαου
281a3000a6	ο δε παραδιδους αυτον εδωκεν αυτοις σημειον λεγων ον αν φιλησω αυτος εστιν κρατησατε αυτον
281a310080	και ευθεως προσελθων τω ιησου ειπεν χαιρε ραββι και κατεφιλησεν αυτον
281a3200cf	ο δε ιησους ειπεν αυτω εταιρε εφ ω παρει τοτε προσελθοντες επεβαλον τας χειρας επι τον ιησουν και εκρατησαν αυτον
281a3300f8	και ιδου εις των μετα ιησου εκτεινας την χειρα απεσπασεν την μαχαιραν αυτου και παταξας τον δουλον του αρχιερεως αφειλεν αυτου το ωτιον
281a3400e8	τοτε λεγει αυτω ο ιησους αποστρεψον σου την μαχαιραν εις τον τοπον αυτης παντες γαρ οι λαβοντες μαχαιραν εν μαχαιρα απολουνται
281a3500c7	η δοκεις οτι ου δυναμαι αρτι παρακαλεσαι τον πατερα μου και παραστησει μοι πλειους η δωδεκα λεγεωνας αγγελων
281a36005e	πως ουν πληρωθωσιν αι γραφαι οτι ουτως δει γενεσθαι
281a370143	εν εκεινη τη ωρα ειπεν ο ιησους τοις οχλοις ως επι ληστην εξηλθετε μετα μαχαιρων και ξυλων συλλαβειν με καθ ημεραν προς υμας εκαθεζομην διδασκων εν τω ιερω και ουκ εκρατησατε με
281a3800be	τουτο δε ολον γεγονεν ινα πληρωθωσιν αι γραφαι των προφητων τοτε οι μαθηται παντες αφεντες αυτον εφυγον
281a3900d0	οι δε κρατησαντες τον ιησουν απηγαγον προς καιαφαν τον αρχιερεα οπου οι γραμματεις και οι πρεσβυτεροι συνηχθησαν
281a3a00e5	ο δε πετρος ηκολουθει αυτω απο μακροθεν εως της αυλης του αρχιερεως και εισελθων εσω εκαθητο μετα των υπηρετων ιδειν το τελος
281a3b00d9	οι δε αρχιερεις και οι πρεσβυτεροι και το συνεδριον ολον εζητουν ψευδομαρτυριαν κατα του ιησου οπως αυτον θανατωσωσιν
281a3c0072	και ουχ ευρον και πολλων ψευδομαρτυρων προσελθοντων ουχ ευρον
281a3d00f5	υστερον δε προσελθοντες δυο ψευδομαρτυρες ειπον ουτος εφη δυναμαι καταλυσαι τον ναον του θεου και δια τριων ημερων οικοδομησαι αυτον
281a3e0091	και αναστας ο αρχιερευς ειπεν αυτω ουδεν αποκρινη τι ουτοι σου καταμαρτυρουσιν
281a3f0102	ο δε ιησους εσιωπα και αποκριθεις ο αρχιερευς ειπεν αυτω εξορκιζω σε κατα του θεου του ζωντος ινα ημιν ειπης ει συ ει ο χριστος ο υιος του θεου
281a40011b	λεγει αυτω ο ιησους συ ειπας πλην λεγω υμιν απ αρτι οψεσθε τον υιον του ανθρωπου καθημενον εκ δεξιων της δυναμεως και ερχομενον επι των νεφελων του ουρανου
281a4100f6	τοτε ο αρχιερευς διερρηξεν τα ιματια αυτου λεγων οτι εβλασφημησεν τι ετι χρειαν εχομεν μαρτυρων ιδε νυν ηκουσατε την βλασφημιαν αυτου
281a42006d	τι υμιν δοκει οι δε αποκριθεντες ειπον ενοχος θανατου εστιν
281a430087	τοτε ενεπτυσαν εις το προσωπον αυτου και εκολαφισαν αυτον οι δε ερραπισαν
281a440064	λεγοντες προφητευσον ημιν χριστε τις εστιν ο παισας σε
281a4500ca	ο δε πετρος εξω εκαθητο εν τη αυλη και προσηλθεν αυτω μια παιδισκη λεγουσα και συ ησθα μετα ιησου του γαλιλαιου
281a460065	ο δε ηρνησατο εμπροσθεν παντων λεγων ουκ οιδα τι λεγεις
281a4700c5	εξελθοντα δε αυτον εις τον πυλωνα ειδεν αυτον αλλη και λεγει τοις εκει και ουτος ην μετα ιησου του ναζωραιου
281a480063	και παλιν ηρνησατο μεθ ορκου οτι ουκ οιδα τον ανθρωπον
281a4900ce	μετα μικρον δε προσελθοντες οι εστωτες ειπον τω πετρω αληθως και συ εξ αυτων ει και γαρ η λαλια σου δηλον σε ποιει
281a4a00af	τοτε ηρξατο καταναθεματιζειν και ομνυειν οτι ουκ οιδα τον ανθρωπον και ευθεως αλεκτωρ εφωνησεν
281a4b00f3	και εμνησθη ο πετρος του ρηματος του ιησου ειρηκοτος αυτω οτι πριν αλεκτορα φωνησαι τρις απαρνηση με και εξελθων εξω εκλαυσεν πικρως
281b0100e0	πρωιας δε γενομενης συμβουλιον ελαβον παντες οι αρχιερεις και οι πρεσβυτεροι του λαου κατα του ιησου ωστε θανατωσαι αυτον
281b020086	και δησαντες αυτον απηγαγον και παρεδωκαν αυτον ποντιω πιλατω τω ηγεμονι
281b0300f9	τοτε ιδων ιουδας ο παραδιδους αυτον οτι κατεκριθη μεταμεληθεις απεστρεψεν τα τριακοντα αργυρια τοις αρχιερευσιν και τοις πρεσβυτεροις
281b040078	λεγων ημαρτον παραδους αιμα αθωον οι δε ειπον τι προς ημας συ οψει
281b050072	και ριψας τα αργυρια εν τω ναω ανεχωρησεν και απελθων απηγξατο
281b0600c3	οι δε αρχιερεις λαβοντες τα αργυρια ειπον ουκ εξεστιν βαλειν αυτα εις τον κορβαναν επει τιμη αιματος εστιν
281b07009d	συμβουλιον δε λαβοντες ηγορασαν εξ αυτων τον αγρον του κεραμεως εις ταφην τοις ξενοις
281b080067	διο εκληθη ο αγρος εκεινος αγρος αιματος εως της σημερον
281b09010c	τοτε επληρωθη το ρηθεν δια ιερεμιου του προφητου λεγοντος και ελαβον τα τριακοντα αργυρια την τιμην του τετιμημενου ον ετιμησαντο απο υιων ισραηλ
281b0a007d	και εδωκαν αυτα εις τον αγρον του κεραμεως καθα συνεταξεν μοι κυριος
281b0b00f7	ο δε ιησους εστη εμπροσθεν του ηγεμονος και επηρωτησεν αυτον ο ηγεμων λεγων συ ει ο βασιλευς των ιουδαιων ο δε ιησους εφη αυτω συ λεγεις
281b0c009c	και εν τω κατηγορεισθαι αυτον υπο των αρχιερεων και των πρεσβυτερων ουδεν απεκρινατο
281b0d0073	τοτε λεγει αυτω ο πιλατος ουκ ακουεις ποσα σου καταμαρτυρουσιν
281b0e0082	και ουκ απεκριθη αυτω προς ουδε εν ρημα ωστε θαυμαζειν τον ηγεμονα λιαν
281b0f007e	κατα δε εορτην ειωθει ο ηγεμων απολυειν ενα τω οχλω δεσμιον ον ηθελον
281b10005c	ειχον δε τοτε δεσμιον επισημον λεγομενον βαραββαν
281b1100c8	συνηγμενων ουν αυτων ειπεν αυτοις ο πιλατος τινα θελετε απολυσω υμιν βαραββαν η ιησουν τον λεγομενον χριστον
281b120048	ηδει γαρ οτι δια φθονον παρεδωκαν αυτον
281b130114	καθημενου δε αυτου επι του βηματος απεστειλεν προς αυτον η γυνη αυτου λεγουσα μηδεν σοι και τω δικαιω εκεινω πολλα γαρ επαθον σημερον κατ οναρ δι αυτον
281b1400c6	οι δε αρχιερεις και οι πρεσβυτεροι επεισαν τους οχλους ινα αιτησωνται τον βαραββαν τον δε ιησουν απολεσωσιν
281b1500aa	αποκριθεις δε ο ηγεμων ειπεν αυτοις τινα θελετε απο των δυο απολυσω υμιν οι δε ειπον βαραββαν
281b1600b4	λεγει αυτοις ο πιλατος τι ουν ποιησω ιησουν τον λεγομενον χριστον λεγουσιν αυτω παντες σταυρωθητω
281b170093	ο δε ηγεμων εφη τι γαρ κακον εποιησεν οι δε περισσως εκραζον λεγοντες σταυρωθητω
281b180147	ιδων δε ο πιλατος οτι ουδεν ωφελει αλλα μαλλον θορυβος γινεται λαβων υδωρ απενιψατο τας χειρας απεναντι του οχλου λεγων αθωος ειμι απο του αιματος του δικαιου τουτου υμεις οψεσθε
281b190087	και αποκριθεις πας ο λαος ειπεν το αιμα αυτου εφ ημας και επι τα τεκνα ημων
281b1a0099	τοτε απελυσεν αυτοις τον βαραββαν τον δε ιησουν φραγελλωσας παρεδωκεν ινα σταυρωθη
281b1b00ca	τοτε οι στρατιωται του ηγεμονος παραλαβοντες τον ιησουν εις το πραιτωριον συνηγαγον επ αυτον ολην την σπειραν
281b1c0064	και εκδυσαντες αυτον περιεθηκαν αυτω χλαμυδα κοκκινην
281b1d0159	και πλεξαντες στεφανον εξ ακανθων επεθηκαν επι την κεφαλην αυτου και καλαμον επι την δεξιαν αυτου και γονυπετησαντες εμπροσθεν αυτου ενεπαιζον αυτω λεγοντες χαιρε ο βασιλευς των ιουδαιων
281b1e0090	και εμπτυσαντες εις αυτον ελαβον τον καλαμον και ετυπτον εις την κεφαλην αυτου
281b1f00dd	και οτε ενεπαιξαν αυτω εξεδυσαν αυτον την χλαμυδα και ενεδυσαν αυτον τα ιματια αυτου και απηγαγον αυτον εις το σταυρωσαι
281b2000b7	εξερχομενοι δε ευρον ανθρωπον κυρηναιον ονοματι σιμωνα τουτον ηγγαρευσαν ινα αρη τον σταυρον αυτου
281b210088	και ελθοντες εις τοπον λεγομενον γολγοθα ος εστιν λεγομενος κρανιου τοπος
281b22008d	εδωκαν αυτω πιειν οξος μετα χολης μεμιγμενον και γευσαμενος ουκ ηθελεν πιειν
281b23014d	σταυρωσαντες δε αυτον διεμερισαντο τα ιματια αυτου βαλλοντες κληρον ινα πληρωθη το ρηθεν υπο του προφητου διεμερισαντο τα ιματια μου εαυτοις και επι τον ιματισμον μου εβαλον κληρον
281b24003c	και καθημενοι ετηρουν αυτον εκει
281b2500c8	και επεθηκαν επανω της κεφαλης αυτου την αιτιαν αυτου γεγραμμενην ουτος εστιν ιησους ο βασιλευς των ιουδαιων
281b260080	τοτε σταυρουνται συν αυτω δυο λησται εις εκ δεξιων και εις εξ ευωνυμων
281b27007e	οι δε παραπορευομενοι εβλασφημουν αυτον κινουντες τας κεφαλας αυτων
281b2800e1	και λεγοντες ο καταλυων τον ναον και εν τρισιν ημεραις οικοδομων σωσον σεαυτον ει υιος ει του θεου καταβηθι απο του σταυρου
281b290097	ομοιως δε και οι αρχιερεις εμπαιζοντες μετα των γραμματεων και πρεσβυτερων ελεγον
281b2a00cf	αλλους εσωσεν εαυτον ου δυναται σωσαι ει βασιλευς ισραηλ εστιν καταβατω νυν απο του σταυρου και πιστευσομεν αυτω
281b2b0097	πεποιθεν επι τον θεον ρυσασθω νυν αυτον ει θελει αυτον ειπεν γαρ οτι θεου ειμι υιος
281b2c0070	το δ αυτο και οι λησται οι συσταυρωθεντες αυτω ωνειδιζον αυτω
281b2d007a	απο δε εκτης ωρας σκοτος εγενετο επι πασαν την γην εως ωρας εννατης
281b2e00f2	περι δε την εννατην ωραν ανεβοησεν ο ιησους φωνη μεγαλη λεγων ηλι ηλι λαμα σαβαχθανι τουτ εστιν θεε μου θεε μου ινα τι με εγκατελιπες
281b2f0078	τινες δε των εκει εστωτων ακουσαντες ελεγον οτι ηλιαν φωνει ουτος
281b3000b6	και ευθεως δραμων εις εξ αυτων και λαβων σπογγον πλησας τε οξους και περιθεις καλαμω εποτιζεν αυτον
281b31006e	οι δε λοιποι ελεγον αφες ιδωμεν ει ερχεται ηλιας σωσων αυτον
281b320061	ο δε ιησους παλιν κραξας φωνη μεγαλη αφηκεν το πνευμα
281b3300c8	και ιδου το καταπετασμα του ναου εσχισθη εις δυο απο ανωθεν εως κατω και η γη εσεισθη και αι πετραι εσχισθησαν
281b340086	και τα μνημεια ανεωχθησαν και πολλα σωματα των κεκοιμημενων αγιων ηγερθη
281b3500c8	και εξελθοντες εκ των μνημειων μετα την εγερσιν αυτου εισηλθον εις την αγιαν πολιν και ενεφανισθησαν πολλοις
281b360109	ο δε εκατονταρχος και οι μετ αυτου τηρουντες τον ιησουν ιδοντες τον σεισμον και τα γενομενα εφοβηθησαν σφοδρα λεγοντες αληθως θεου υιος ην ουτος
281b3700d6	ησαν δε εκει γυναικες πολλαι απο μακροθεν θεωρουσαι αιτινες ηκολουθησαν τω ιησου απο της γαλιλαιας διακονουσαι αυτω
281b3800af	εν αις ην μαρια η μαγδαληνη και μαρια η του ιακωβου και ιωση μητηρ και η μητηρ των υιων ζεβεδαιου
281b3900c3	οψιας δε γενομενης ηλθεν ανθρωπος πλουσιος απο αριμαθαιας τουνομα ιωσηφ ος και αυτος εμαθητευσεν τω ιησου
281b3a00af	ουτος προσελθων τω πιλατω ητησατο το σωμα του ιησου τοτε ο πιλατος εκελευσεν αποδοθηναι το σωμα
281b3b0067	και λαβων το σωμα ο ιωσηφ ενετυλιξεν αυτο σινδονι καθαρα
281b3c00e1	και εθηκεν αυτο εν τω καινω αυτου μνημειω ο ελατομησεν εν τη πετρα και προσκυλισας λιθον μεγαν τη θυρα του μνημειου απηλθεν
281b3d0087	ην δε εκει μαρια η μαγδαληνη και η αλλη μαρια καθημεναι απεναντι του ταφου
281b3e00b7	τη δε επαυριον ητις εστιν μετα την παρασκευην συνηχθησαν οι αρχιερεις και οι φαρισαιοι προς πιλατον
281b3f00a3	λεγοντες κυριε εμνησθημεν οτι εκεινος ο πλανος ειπεν ετι ζων μετα τρεις ημερας εγειρομαι
281b400168	κελευσον ουν ασφαλισθηναι τον ταφον εως της τριτης ημερας μηποτε ελθοντες οι μαθηται αυτου νυκτος κλεψωσιν αυτον και ειπωσιν τω λαω ηγερθη απο των νεκρων και εσται η εσχατη πλανη χειρων της πρωτης
281b410082	εφη δε αυτοις ο πιλατος εχετε κουστωδιαν υπαγετε ασφαλισασθε ως οιδατε
281b420099	οι δε πορευθεντες ησφαλισαντο τον ταφον σφραγισαντες τον λιθον μετα της κουστωδιας
281c0100c6	οψε δε σαββατων τη επιφωσκουση εις μιαν σαββατων ηλθεν μαρια η μαγδαληνη και η αλλη μαρια θεωρησαι τον ταφον
281c0200fd	και ιδου σεισμος εγενετο μεγας αγγελος γαρ κυριου καταβας εξ ουρανου προσελθων απεκυλισεν τον λιθον απο της θυρας και εκαθητο επανω αυτου
281c030077	ην δε η ιδεα αυτου ως αστραπη και το ενδυμα αυτου λευκον ωσει χιων
281c040083	απο δε του φοβου αυτου εσεισθησαν οι τηρουντες και εγενοντο ωσει νεκροι
281c0500c4	αποκριθεις δε ο αγγελος ειπεν ταις γυναιξιν μη φοβεισθε υμεις οιδα γαρ οτι ιησουν τον εσταυρωμενον ζητειτε
281c060090	ουκ εστιν ωδε ηγερθη γαρ καθως ειπεν δευτε ιδετε τον τοπον οπου εκειτο ο κυριος
281c07010e	και ταχυ πορευθεισαι ειπατε τοις μαθηταις αυτου οτι ηγερθη απο των νεκρων και ιδου προαγει υμας εις την γαλιλαιαν εκει αυτον οψεσθε ιδου ειπον υμιν
281c0800c1	και εξελθουσαι ταχυ απο του μνημειου μετα φοβου και χαρας μεγαλης εδραμον απαγγειλαι τοις μαθηταις αυτου
281c090130	ως δε επορευοντο απαγγειλαι τοις μαθηταις αυτου και ιδου ο ιησους απηντησεν αυταις λεγων χαιρετε αι δε προσελθουσαι εκρατησαν αυτου τους ποδας και προσεκυνησαν αυτω
281c0a00e7	τοτε λεγει αυταις ο ιησους μη φοβεισθε υπαγετε απαγγειλατε τοις αδελφοις μου ινα απελθωσιν εις την γαλιλαιαν κακει με οψονται
281c0b00d8	πορευομενων δε αυτων ιδου τινες της κουστωδιας ελθοντες εις την πολιν απηγγειλαν τοις αρχιερευσιν απαντα τα γενομενα
281c0c00b6	και συναχθεντες μετα των πρεσβυτερων συμβουλιον τε λαβοντες αργυρια ικανα εδωκαν τοις στρατιωταις
281c0d0099	λεγοντες ειπατε οτι οι μαθηται αυτου νυκτος ελθοντες εκλεψαν αυτον ημων κοιμωμενων
281c0e00a5	και εαν ακουσθη τουτο επι του ηγεμονος ημεις πεισομεν αυτον και υμας αμεριμνους ποιησομεν
281c0f00cd	οι δε λαβοντες τα αργυρια εποιησαν ως εδιδαχθησαν και διεφημισθη ο λογος ουτος παρα ιουδαιοις μεχρι της σημερον
281c1000a3	οι δε ενδεκα μαθηται επορευθησαν εις την γαλιλαιαν εις το ορος ου εταξατο αυτοις ο ιησους
281c11005f	και ιδοντες αυτον προσεκυνησαν αυτω οι δε εδιστασαν
281c1200a3	και προσελθων ο ιησους ελαλησεν αυτοις λεγων εδοθη μοι πασα εξουσια εν ουρανω και επι γης
281c1300df	πορευθεντες ουν μαθητευσατε παντα τα εθνη βαπτιζοντες αυτους εις το ονομα του πατρος και του υιου και του αγιου πνευματος
281c1400f1	διδασκοντες αυτους τηρειν παντα οσα ενετειλαμην υμιν και ιδου εγω μεθ υμων ειμι πασας τας ημερας εως της συντελειας του αιωνος αμην
2900000015	Κατα Μαρκον
2901010057	αρχη του ευαγγελιου ιησου χριστου υιου του θεου
29010200e6	ως γεγραπται εν τοις προφηταις ιδου εγω αποστελλω τον αγγελον μου προ προσωπου σου ος κατασκευασει την οδον σου εμπροσθεν σου
290103009d	φωνη βοωντος εν τη ερημω ετοιμασατε την οδον κυριου ευθειας ποιειτε τας τριβους αυτου
29010400a4	εγενετο ιωαννης βαπτιζων εν τη ερημω και κηρυσσων βαπτισμα μετανοιας εις αφεσιν αμαρτιων
290105011f	και εξεπορευετο προς αυτον πασα η ιουδαια χωρα και οι ιεροσολυμιται και εβαπτιζοντο παντες εν τω ιορδανη ποταμω υπ αυτου εξομολογουμενοι τας αμαρτιας αυτων
29010600d8	ην δε ιωαννης ενδεδυμενος τριχας καμηλου και ζωνην δερματινην περι την οσφυν αυτου και εσθιων ακριδας και μελι αγριον
29010700d9	και εκηρυσσεν λεγων ερχεται ο ισχυροτερος μου οπισω μου ου ουκ ειμι ικανος κυψας λυσαι τον ιμαντα των υποδηματων αυτου
2901080080	εγω μεν εβαπτισα υμας εν υδατι αυτος δε βαπτισει υμας εν πνευματι αγιω
29010900f9	και εγενετο εν εκειναις ταις ημεραις ηλθεν ιησους απο {VAR1: ναζαρετ} {VAR2: ναζαρεθ} της γαλιλαιας και εβαπτισθη υπο ιωαννου εις τον ιορδανην
29010a00d9	και ευθεως αναβαινων απο του υδατος ειδεν σχιζομενους τους ουρανους και το πνευμα ωσει περιστεραν καταβαινον επ αυτον
29010b0083	και φωνη εγενετο εκ των ουρανων συ ει ο υιος μου ο αγαπητος εν ω ευδοκησα
29010c005a	και ευθυς το πνευμα αυτον εκβαλλει εις την ερημον
29010d00e3	και ην εκει εν τη ερημω ημερας τεσσαρακοντα πειραζομενος υπο του σατανα και ην μετα των θηριων και οι αγγελοι διηκονουν αυτω
29010e00d0	μετα δε το παραδοθηναι τον ιωαννην ηλθεν ο ιησους εις την γαλιλαιαν κηρυσσων το ευαγγελιον της βασιλειας του θεου
29010f00c3	και λεγων οτι πεπληρωται ο καιρος και ηγγικεν η βασιλεια του θεου μετανοειτε και πιστευετε εν τω ευαγγελιω
2901100103	περιπατων δε παρα την θαλασσαν της γαλιλαιας ειδεν σιμωνα και ανδρεαν τον αδελφον αυτου βαλλοντας αμφιβληστρον εν τη θαλασση ησαν γαρ αλιεις
2901110097	και ειπεν αυτοις ο ιησους δευτε οπισω μου και ποιησω υμας γενεσθαι αλιεις ανθρωπων
290112005f	και ευθεως αφεντες τα δικτυα αυτων ηκολουθησαν αυτω
29011300f7	και προβας εκειθεν ολιγον ειδεν ιακωβον τον του ζεβεδαιου και ιωαννην τον αδελφον αυτου και αυτους εν τω πλοιω καταρτιζοντας τα δικτυα
29011400d4	και ευθεως εκαλεσεν αυτους και αφεντες τον πατερα αυτων ζεβεδαιον εν τω πλοιω μετα των μισθωτων απηλθον οπισω αυτου
29011500b0	και εισπορευονται εις καπερναουμ και ευθεως τοις σαββασιν εισελθων εις την συναγωγην εδιδασκεν
29011600b9	και εξεπλησσοντο επι τη διδαχη αυτου ην γαρ διδασκων αυτους ως εξουσιαν εχων και ουχ ως οι γραμματεις
2901170083	και ην εν τη συναγωγη αυτων ανθρωπος εν πνευματι ακαθαρτω και ανεκραξεν
29011800a4	λεγων εα τι ημιν και σοι ιησου ναζαρηνε ηλθες απολεσαι ημας οιδα σε τις ει ο αγιος του θεου
2901190074	και επετιμησεν αυτω ο ιησους λεγων φιμωθητι και εξελθε εξ αυτου
29011a0095	και σπαραξαν αυτον το πνευμα το ακαθαρτον και κραξαν φωνη μεγαλη εξηλθεν εξ αυτου
29011b014e	και εθαμβηθησαν παντες ωστε συζητειν προς αυτους λεγοντας τι εστιν τουτο τις η διδαχη η καινη αυτη οτι κατ εξουσιαν και τοις πνευμασιν τοις ακαθαρτοις επιτασσει και υπακουουσιν αυτω
29011c0079	εξηλθεν δε η ακοη αυτου ευθυς εις ολην την περιχωρον της γαλιλαιας
29011d00c0	και ευθεως εκ της συναγωγης εξελθοντες ηλθον εις την οικιαν σιμωνος και ανδρεου μετα ιακωβου και ιωαννου
29011e008f	η δε πενθερα σιμωνος κατεκειτο πυρεσσουσα και ευθεως λεγουσιν αυτω περι αυτης
29011f00c6	και προσελθων ηγειρεν αυτην κρατησας της χειρος αυτης και αφηκεν αυτην ο πυρετος ευθεως και διηκονει αυτοις
29012000be	οψιας δε γενομενης οτε εδυ ο ηλιος εφερον προς αυτον παντας τους κακως εχοντας και τους δαιμονιζομενους
2901210054	και η πολις ολη επισυνηγμενη ην προς την θυραν
29012200f7	και εθεραπευσεν πολλους κακως εχοντας ποικιλαις νοσοις και δαιμονια πολλα εξεβαλεν και ουκ ηφιεν λαλειν τα δαιμονια οτι ηδεισαν αυτον
290123009a	και πρωι εννυχον λιαν αναστας εξηλθεν και απηλθεν εις ερημον τοπον κακει προσηυχετο
2901240052	και κατεδιωξαν αυτον ο σιμων και οι μετ αυτου
2901250066	και ευροντες αυτον λεγουσιν αυτω οτι παντες ζητουσιν σε
29012600aa	και λεγει αυτοις αγωμεν εις τας εχομενας κωμοπολεις ινα κακει κηρυξω εις τουτο γαρ εξεληλυθα
29012700a2	και ην κηρυσσων εν ταις συναγωγαις αυτων εις ολην την γαλιλαιαν και τα δαιμονια εκβαλλων
29012800d4	και ερχεται προς αυτον λεπρος παρακαλων αυτον και γονυπετων αυτον και λεγων αυτω οτι εαν θελης δυνασαι με καθαρισαι
29012900a3	ο δε ιησους σπλαγχνισθεις εκτεινας την χειρα ηψατο αυτου και λεγει αυτω θελω καθαρισθητι
29012a0078	και ειποντος αυτου ευθεως απηλθεν απ αυτου η λεπρα και εκαθαρισθη
29012b0055	και εμβριμησαμενος αυτω ευθεως εξεβαλεν αυτον
29012c0114	και λεγει αυτω ορα μηδενι μηδεν ειπης αλλ υπαγε σεαυτον δειξον τω ιερει και προσενεγκε περι του καθαρισμου σου α προσεταξεν μωσης εις μαρτυριον αυτοις
29012d014a	ο δε εξελθων ηρξατο κηρυσσειν πολλα και διαφημιζειν τον λογον ωστε μηκετι αυτον δυνασθαι φανερως εις πολιν εισελθειν αλλ εξω εν ερημοις τοποις ην και ηρχοντο προς αυτον πανταχοθεν
290201008a	και παλιν εισηλθεν εις καπερναουμ δι ημερων και ηκουσθη οτι εις οικον εστιν
29020200b4	και ευθεως συνηχθησαν πολλοι ωστε μηκετι χωρειν μηδε τα προς την θυραν και ελαλει αυτοις τον λογον
290203007e	και ερχονται προς αυτον παραλυτικον φεροντες αιρομενον υπο τεσσαρων
290204010c	και μη δυναμενοι προσεγγισαι αυτω δια τον οχλον απεστεγασαν την στεγην οπου ην και εξορυξαντες χαλωσιν τον κραββατον εφ ω ο παραλυτικος κατεκειτο
29020500a3	ιδων δε ο ιησους την πιστιν αυτων λεγει τω παραλυτικω τεκνον αφεωνται σοι αι αμαρτιαι σου
290206009e	ησαν δε τινες των γραμματεων εκει καθημενοι και διαλογιζομενοι εν ταις καρδιαις αυτων
290207008d	τι ουτος ουτως λαλει βλασφημιας τις δυναται αφιεναι αμαρτιας ει μη εις ο θεος
29020800ff	και ευθεως επιγνους ο ιησους τω πνευματι αυτου οτι ουτως διαλογιζονται εν εαυτοις ειπεν αυτοις τι ταυτα διαλογιζεσθε εν ταις καρδιαις υμων
29020900e5	τι εστιν ευκοπωτερον ειπειν τω παραλυτικω αφεωνται σοι αι αμαρτιαι η ειπειν εγειραι και αρον σου τον κραββατον και περιπατει
29020a00b7	ινα δε ειδητε οτι εξουσιαν εχει ο υιος του ανθρωπου αφιεναι επι της γης αμαρτιας λεγει τω παραλυτικω
29020b0081	σοι λεγω εγειραι και αρον τον κραββατον σου και υπαγε εις τον οικον σου
29020c010d	και ηγερθη ευθεως και αρας τον κραββατον εξηλθεν εναντιον παντων ωστε εξιστασθαι παντας και δοξαζειν τον θεον λεγοντας οτι ουδεποτε ουτως ειδομεν
29020d00a5	και εξηλθεν παλιν παρα την θαλασσαν και πας ο οχλος ηρχετο προς αυτον και εδιδασκεν αυτους
29020e00e3	και παραγων ειδεν λευιν τον του αλφαιου καθημενον επι το τελωνιον και λεγει αυτω ακολουθει μοι και αναστας ηκολουθησεν αυτω
29020f0137	και εγενετο εν τω κατακεισθαι αυτον εν τη οικια αυτου και πολλοι τελωναι και αμαρτωλοι συνανεκειντο τω ιησου και τοις μαθηταις αυτου ησαν γαρ πολλοι και ηκολουθησαν αυτω
2902100139	και οι γραμματεις και οι φαρισαιοι ιδοντες αυτον εσθιοντα μετα των τελωνων και αμαρτωλων ελεγον τοις μαθηταις αυτου τι οτι μετα των τελωνων και αμαρτωλων εσθιει και πινει
2902110113	και ακουσας ο ιησους λεγει αυτοις ου χρειαν εχουσιν οι ισχυοντες ιατρου αλλ οι κακως εχοντες ουκ ηλθον καλεσαι δικαιους αλλα αμαρτωλους εις μετανοιαν
2902120150	και ησαν οι μαθηται ιωαννου και οι των φαρισαιων νηστευοντες και ερχονται και λεγουσιν αυτω δια τι οι μαθηται ιωαννου και οι των φαρισαιων νηστευουσιν οι δε σοι μαθηται ου νηστευουσιν
290213012c	και ειπεν αυτοις ο ιησους μη δυνανται οι υιοι του νυμφωνος εν ω ο νυμφιος μετ αυτων εστιν νηστευειν οσον χρονον μεθ εαυτων εχουσιν τον νυμφιον ου δυνανται νηστευειν
29021400b5	ελευσονται δε ημεραι οταν απαρθη απ αυτων ο νυμφιος και τοτε νηστευσουσιν εν εκειναις ταις ημεραις
2902150107	και ουδεις επιβλημα ρακους αγναφου επιρραπτει επι ιματιω παλαιω ει δε μη αιρει το πληρωμα αυτου το καινον του παλαιου και χειρον σχισμα γινεται
2902160146	και ουδεις βαλλει οινον νεον εις ασκους παλαιους ει δε μη ρησσει ο οινος ο νεος τους ασκους και ο οινος εκχειται και οι ασκοι απολουνται αλλα οινον νεον εις ασκους καινους βλητεον
29021700f1	και εγενετο παραπορευεσθαι αυτον εν τοις σαββασιν δια των σποριμων και ηρξαντο οι μαθηται αυτου οδον ποιειν τιλλοντες τους σταχυας
2902180089	και οι φαρισαιοι ελεγον αυτω ιδε τι ποιουσιν εν τοις σαββασιν ο ουκ εξεστιν
29021900d0	και αυτος ελεγεν αυτοις ουδεποτε ανεγνωτε τι εποιησεν δαβιδ οτε χρειαν εσχεν και επεινασεν αυτος και οι μετ αυτου
29021a0141	πως εισηλθεν εις τον οικον του θεου επι αβιαθαρ του αρχιερεως και τους αρτους της προθεσεως εφαγεν ους ουκ εξεστιν φαγειν ει μη τοις ιερευσιν και εδωκεν και τοις συν αυτω ουσιν
29021b009c	και ελεγεν αυτοις το σαββατον δια τον ανθρωπον εγενετο ουχ ο ανθρωπος δια το σαββατον
29021c0063	ωστε κυριος εστιν ο υιος του ανθρωπου και του σαββατου
290301009b	και εισηλθεν παλιν εις την συναγωγην και ην εκει ανθρωπος εξηραμμενην εχων την χειρα
2903020092	και παρετηρουν αυτον ει τοις σαββασιν θεραπευσει αυτον ινα κατηγορησωσιν αυτου
2903030086	και λεγει τω ανθρωπω τω εξηραμμενην εχοντι την χειρα εγειραι εις το μεσον
29030400c1	και λεγει αυτοις εξεστιν τοις σαββασιν αγαθοποιησαι η κακοποιησαι ψυχην σωσαι η αποκτειναι οι δε εσιωπων
290305014f	και περιβλεψαμενος αυτους μετ οργης συλλυπουμενος επι τη πωρωσει της καρδιας αυτων λεγει τω ανθρωπω εκτεινον την χειρα σου και εξετεινεν και αποκατεσταθη η χειρ αυτου υγιης ως η αλλη
29030600c2	και εξελθοντες οι φαρισαιοι ευθεως μετα των ηρωδιανων συμβουλιον εποιουν κατ αυτου οπως αυτον απολεσωσιν
29030700fa	και ο ιησους ανεχωρησεν μετα των μαθητων αυτου προς την θαλασσαν και πολυ πληθος απο της γαλιλαιας ηκολουθησαν αυτω και απο της ιουδαιας
2903080108	και απο ιεροσολυμων και απο της ιδουμαιας και περαν του ιορδανου και οι περι τυρον και σιδωνα πληθος πολυ ακουσαντες οσα εποιει ηλθον προς αυτον
29030900b1	και ειπεν τοις μαθηταις αυτου ινα πλοιαριον προσκαρτερη αυτω δια τον οχλον ινα μη θλιβωσιν αυτον
29030a0099	πολλους γαρ εθεραπευσεν ωστε επιπιπτειν αυτω ινα αυτου αψωνται οσοι ειχον μαστιγας
29030b00c7	και τα πνευματα τα ακαθαρτα οταν αυτον εθεωρει προσεπιπτεν αυτω και εκραζεν λεγοντα οτι συ ει ο υιος του θεου
29030c0066	και πολλα επετιμα αυτοις ινα μη αυτον φανερον ποιησωσιν
29030d0097	και αναβαινει εις το ορος και προσκαλειται ους ηθελεν αυτος και απηλθον προς αυτον
29030e0087	και εποιησεν δωδεκα ινα ωσιν μετ αυτου και ινα αποστελλη αυτους κηρυσσειν
29030f007b	και εχειν εξουσιαν θεραπευειν τας νοσους και εκβαλλειν τα δαιμονια
2903100041	και επεθηκεν τω σιμωνι ονομα πετρον
29031100e5	και ιακωβον τον του ζεβεδαιου και ιωαννην τον αδελφον του ιακωβου και επεθηκεν αυτοις ονοματα βοανεργες ο εστιν υιοι βροντης
29031200f0	και ανδρεαν και φιλιππον και βαρθολομαιον και ματθαιον και θωμαν και ιακωβον τον του αλφαιου και θαδδαιον και σιμωνα τον κανανιτην
290313007c	και ιουδαν ισκαριωτην ος και παρεδωκεν αυτον και ερχονται εις οικον
290314007e	και συνερχεται παλιν οχλος ωστε μη δυνασθαι αυτους μητε αρτον φαγειν
2903150085	και ακουσαντες οι παρ αυτου εξηλθον κρατησαι αυτον ελεγον γαρ οτι εξεστη
29031600f2	και οι γραμματεις οι απο ιεροσολυμων καταβαντες ελεγον οτι βεελζεβουλ εχει και οτι εν τω αρχοντι των δαιμονιων εκβαλλει τα δαιμονια
29031700ad	και προσκαλεσαμενος αυτους εν παραβολαις ελεγεν αυτοις πως δυναται σατανας σαταναν εκβαλλειν
2903180085	και εαν βασιλεια εφ εαυτην μερισθη ου δυναται σταθηναι η βασιλεια εκεινη
2903190079	και εαν οικια εφ εαυτην μερισθη ου δυναται σταθηναι η οικια εκεινη
29031a009a	και ει ο σατανας ανεστη εφ εαυτον και μεμερισται ου δυναται σταθηναι αλλα τελος εχει
29031b010a	ου δυναται ουδεις τα σκευη του ισχυρου εισελθων εις την οικιαν αυτου διαρπασαι εαν μη πρωτον τον ισχυρον δηση και τοτε την οικιαν αυτου διαρπασει
29031c00cc	αμην λεγω υμιν οτι παντα αφεθησεται τα αμαρτηματα τοις υιοις των ανθρωπων και βλασφημιαι οσας αν βλασφημησωσιν
29031d00bd	ος δ αν βλασφημηση εις το πνευμα το αγιον ουκ εχει αφεσιν εις τον αιωνα αλλ ενοχος εστιν αιωνιου κρισεως
29031e003c	οτι ελεγον πνευμα ακαθαρτον εχει
29031f00af	ερχονται ουν οι αδελφοι και η μητηρ αυτου και εξω εστωτες απεστειλαν προς αυτον φωνουντες αυτον
29032000aa	και εκαθητο οχλος περι αυτον ειπον δε αυτω ιδου η μητηρ σου και οι αδελφοι σου εξω ζητουσιν σε
2903210074	και απεκριθη αυτοις λεγων τις εστιν η μητηρ μου η οι αδελφοι μου
29032200a9	και περιβλεψαμενος κυκλω τους περι αυτον καθημενους λεγει ιδε η μητηρ μου και οι αδελφοι μου
2903230098	ος γαρ αν ποιηση το θελημα του θεου ουτος αδελφος μου και αδελφη μου και μητηρ εστιν
290401014f	και παλιν ηρξατο διδασκειν παρα την θαλασσαν και συνηχθη προς αυτον οχλος πολυς ωστε αυτον εμβαντα εις το πλοιον καθησθαι εν τη θαλασση και πας ο οχλος προς την θαλασσαν επι της γης ην
290402008e	και εδιδασκεν αυτους εν παραβολαις πολλα και ελεγεν αυτοις εν τη διδαχη αυτου
290403004e	ακουετε ιδου εξηλθεν ο σπειρων του σπειραι
29040400bf	και εγενετο εν τω σπειρειν ο μεν επεσεν παρα την οδον και ηλθεν τα πετεινα του ουρανου και κατεφαγεν αυτο
29040500bf	αλλο δε επεσεν επι το πετρωδες οπου ουκ ειχεν γην πολλην και ευθεως εξανετειλεν δια το μη εχειν βαθος γης
290406007e	ηλιου δε ανατειλαντος εκαυματισθη και δια το μη εχειν ριζαν εξηρανθη
29040700b2	και αλλο επεσεν εις τας ακανθας και ανεβησαν αι ακανθαι και συνεπνιξαν αυτο και καρπον ουκ εδωκεν
29040800f7	και αλλο επεσεν εις την γην την καλην και εδιδου καρπον αναβαινοντα και αυξανοντα και εφερεν εν τριακοντα και εν εξηκοντα και εν εκατον
2904090051	και ελεγεν αυτοις ο εχων ωτα ακουειν ακουετω
29040a0099	οτε δε εγενετο καταμονας ηρωτησαν αυτον οι περι αυτον συν τοις δωδεκα την παραβολην
29040b00e6	και ελεγεν αυτοις υμιν δεδοται γνωναι το μυστηριον της βασιλειας του θεου εκεινοις δε τοις εξω εν παραβολαις τα παντα γινεται
29040c00ea	ινα βλεποντες βλεπωσιν και μη ιδωσιν και ακουοντες ακουωσιν και μη συνιωσιν μηποτε επιστρεψωσιν και αφεθη αυτοις τα αμαρτηματα
29040d009d	και λεγει αυτοις ουκ οιδατε την παραβολην ταυτην και πως πασας τας παραβολας γνωσεσθε
29040e0032	ο σπειρων τον λογον σπειρει
29040f011d	ουτοι δε εισιν οι παρα την οδον οπου σπειρεται ο λογος και οταν ακουσωσιν ευθεως ερχεται ο σατανας και αιρει τον λογον τον εσπαρμενον εν ταις καρδιαις αυτων
29041000d6	και ουτοι εισιν ομοιως οι επι τα πετρωδη σπειρομενοι οι οταν ακουσωσιν τον λογον ευθεως μετα χαρας λαμβανουσιν αυτον
29041100e4	και ουκ εχουσιν ριζαν εν εαυτοις αλλα προσκαιροι εισιν ειτα γενομενης θλιψεως η διωγμου δια τον λογον ευθεως σκανδαλιζονται
290412009d	και ουτοι εισιν οι εις τας ακανθας σπειρομενοι {VAR1: ουτοι εισιν} οι τον λογον ακουοντες
290413010d	και αι μεριμναι του αιωνος τουτου και η απατη του πλουτου και αι περι τα λοιπα επιθυμιαι εισπορευομεναι συμπνιγουσιν τον λογον και ακαρπος γινεται
290414011f	και ουτοι εισιν οι επι την γην την καλην σπαρεντες οιτινες ακουουσιν τον λογον και παραδεχονται και καρποφορουσιν εν τριακοντα και εν εξηκοντα και εν εκατον
29041500cb	και ελεγεν αυτοις μητι ο λυχνος ερχεται ινα υπο τον μοδιον τεθη η υπο την κλινην ουχ ινα επι την λυχνιαν επιτεθη
29041600a2	ου γαρ εστιν τι κρυπτον ο εαν μη φανερωθη ουδε εγενετο αποκρυφον αλλ ινα εις φανερον ελθη
2904170039	ει τις εχει ωτα ακουειν ακουετω
29041800d0	και ελεγεν αυτοις βλεπετε τι ακουετε εν ω μετρω μετρειτε μετρηθησεται υμιν και προστεθησεται υμιν τοις ακουουσιν
2904190085	ος γαρ αν εχη δοθησεται αυτω και ος ουκ εχει και ο εχει αρθησεται απ αυτου
29041a009c	και ελεγεν ουτως εστιν η βασιλεια του θεου ως εαν ανθρωπος βαλη τον σπορον επι της γης
29041b00b2	και καθευδη και εγειρηται νυκτα και ημεραν και ο σπορος βλαστανη και μηκυνηται ως ουκ οιδεν αυτος
29041c009a	αυτοματη γαρ η γη καρποφορει πρωτον χορτον ειτα σταχυν ειτα πληρη σιτον εν τω σταχυι
29041d0092	οταν δε παραδω ο καρπος ευθεως αποστελλει το δρεπανον οτι παρεστηκεν ο θερισμος
29041e009f	και ελεγεν τινι ομοιωσωμεν την βασιλειαν του θεου η εν ποια παραβολη παραβαλωμεν αυτην
29041f00b1	ως κοκκω σιναπεως ος οταν σπαρη επι της γης μικροτερος παντων των σπερματων εστιν των επι της γης
2904200124	και οταν σπαρη αναβαινει και γινεται παντων των λαχανων μειζων και ποιει κλαδους μεγαλους ωστε δυνασθαι υπο την σκιαν αυτου τα πετεινα του ουρανου κατασκηνουν
2904210094	και τοιαυταις παραβολαις πολλαις ελαλει αυτοις τον λογον καθως ηδυναντο ακουειν
2904220099	χωρις δε παραβολης ουκ ελαλει αυτοις κατ ιδιαν δε τοις μαθηταις αυτου επελυεν παντα
2904230088	και λεγει αυτοις εν εκεινη τη ημερα οψιας γενομενης διελθωμεν εις το περαν
29042400ad	και αφεντες τον οχλον παραλαμβανουσιν αυτον ως ην εν τω πλοιω και αλλα δε πλοιαρια ην μετ αυτου
29042500ad	και γινεται λαιλαψ ανεμου μεγαλη τα δε κυματα επεβαλλεν εις το πλοιον ωστε αυτο ηδη γεμιζεσθαι
29042600f9	και ην αυτος επι τη πρυμνη επι το προσκεφαλαιον καθευδων και διεγειρουσιν αυτον και λεγουσιν αυτω διδασκαλε ου μελει σοι οτι απολλυμεθα
29042700da	και διεγερθεις επετιμησεν τω ανεμω και ειπεν τη θαλασση σιωπα πεφιμωσο και εκοπασεν ο ανεμος και εγενετο γαληνη μεγαλη
290428006a	και ειπεν αυτοις τι δειλοι εστε ουτως πως ουκ εχετε πιστιν
29042900da	και εφοβηθησαν φοβον μεγαν και ελεγον προς αλληλους τις αρα ουτος εστιν οτι και ο ανεμος και η θαλασσα υπακουουσιν αυτω
2905010073	και ηλθον εις το περαν της θαλασσης εις την χωραν των γαδαρηνων
29050200b9	και εξελθοντι αυτω εκ του πλοιου ευθεως απηντησεν αυτω εκ των μνημειων ανθρωπος εν πνευματι ακαθαρτω
290503009f	ος την κατοικησιν ειχεν εν τοις μνημειοις και ουτε αλυσεσιν ουδεις ηδυνατο αυτον δησαι
290504010c	δια το αυτον πολλακις πεδαις και αλυσεσιν δεδεσθαι και διεσπασθαι υπ αυτου τας αλυσεις και τας πεδας συντετριφθαι και ουδεις αυτον ισχυεν δαμασαι
29050500c3	και διαπαντος νυκτος και ημερας εν τοις ορεσιν και εν τοις μνημασιν ην κραζων και κατακοπτων εαυτον λιθοις
2905060071	ιδων δε τον ιησουν απο μακροθεν εδραμεν και προσεκυνησεν αυτω
29050700c7	και κραξας φωνη μεγαλη ειπεν τι εμοι και σοι ιησου υιε του θεου του υψιστου ορκιζω σε τον θεον μη με βασανισης
2905080070	ελεγεν γαρ αυτω εξελθε το πνευμα το ακαθαρτον εκ του ανθρωπου
2905090098	και επηρωτα αυτον τι σοι ονομα και απεκριθη λεγων λεγεων ονομα μοι οτι πολλοι εσμεν
29050a0074	και παρεκαλει αυτον πολλα ινα μη αυτους αποστειλη εξω της χωρας
29050b005f	ην δε εκει προς τα ορη αγελη χοιρων μεγαλη βοσκομενη
29050c00c1	και παρεκαλεσαν αυτον παντες οι δαιμονες λεγοντες πεμψον ημας εις τους χοιρους ινα εις αυτους εισελθωμεν
29050d0174	και επετρεψεν αυτοις ευθεως ο ιησους και εξελθοντα τα πνευματα τα ακαθαρτα εισηλθον εις τους χοιρους και ωρμησεν η αγελη κατα του κρημνου εις την θαλασσαν ησαν δε ως δισχιλιοι και επνιγοντο εν τη θαλασση
29050e00df	οι δε βοσκοντες τους χοιρους εφυγον και ανηγγειλαν εις την πολιν και εις τους αγρους και εξηλθον ιδειν τι εστιν το γεγονος
29050f010b	και ερχονται προς τον ιησουν και θεωρουσιν τον δαιμονιζομενον καθημενον και ιματισμενον και σωφρονουντα τον εσχηκοτα τον λεγεωνα και εφοβηθησαν
2905100096	και διηγησαντο αυτοις οι ιδοντες πως εγενετο τω δαιμονιζομενω και περι των χοιρων
290511006a	και ηρξαντο παρακαλειν αυτον απελθειν απο των οριων αυτων
2905120091	και εμβαντος αυτου εις το πλοιον παρεκαλει αυτον ο δαιμονισθεις ινα η μετ αυτου
2905130109	ο δε ιησους ουκ αφηκεν αυτον αλλα λεγει αυτω υπαγε εις τον οικον σου προς τους σους και αναγγειλον αυτοις οσα σοι ο κυριος εποιησεν και ηλεησεν σε
29051400b1	και απηλθεν και ηρξατο κηρυσσειν εν τη δεκαπολει οσα εποιησεν αυτω ο ιησους και παντες εθαυμαζον
29051500cc	και διαπερασαντος του ιησου εν τω πλοιω παλιν εις το περαν συνηχθη οχλος πολυς επ αυτον και ην παρα την θαλασσαν
29051600b5	και ιδου ερχεται εις των αρχισυναγωγων ονοματι ιαειρος και ιδων αυτον πιπτει προς τους ποδας αυτου
29051700dc	και παρεκαλει αυτον πολλα λεγων οτι το θυγατριον μου εσχατως εχει ινα ελθων επιθης αυτη τας χειρας οπως σωθη και ζησεται
2905180087	και απηλθεν μετ αυτου και ηκολουθει αυτω οχλος πολυς και συνεθλιβον αυτον
2905190052	και γυνη τις ουσα εν ρυσει αιματος ετη δωδεκα
29051a00e6	και πολλα παθουσα υπο πολλων ιατρων και δαπανησασα τα παρ εαυτης παντα και μηδεν ωφεληθεισα αλλα μαλλον εις το χειρον ελθουσα
29051b0088	ακουσασα περι του ιησου ελθουσα εν τω οχλω οπισθεν ηψατο του ιματιου αυτου
29051c0062	ελεγεν γαρ οτι καν των ιματιων αυτου αψωμαι σωθησομαι
29051d00a4	και ευθεως εξηρανθη η πηγη του αιματος αυτης και εγνω τω σωματι οτι ιαται απο της μαστιγος
29051e00e5	και ευθεως ο ιησους επιγνους εν εαυτω την εξ αυτου δυναμιν εξελθουσαν επιστραφεις εν τω οχλω ελεγεν τις μου ηψατο των ιματιων
29051f00a5	και ελεγον αυτω οι μαθηται αυτου βλεπεις τον οχλον συνθλιβοντα σε και λεγεις τις μου ηψατο
290520004f	και περιεβλεπετο ιδειν την τουτο ποιησασαν
29052100d6	η δε γυνη φοβηθεισα και τρεμουσα ειδυια ο γεγονεν επ αυτη ηλθεν και προσεπεσεν αυτω και ειπεν αυτω πασαν την αληθειαν
29052200b7	ο δε ειπεν αυτη θυγατερ η πιστις σου σεσωκεν σε υπαγε εις ειρηνην και ισθι υγιης απο της μαστιγος σου
29052300d9	ετι αυτου λαλουντος ερχονται απο του αρχισυναγωγου λεγοντες οτι η θυγατηρ σου απεθανεν τι ετι σκυλλεις τον διδασκαλον
29052400aa	ο δε ιησους ευθεως ακουσας τον λογον λαλουμενον λεγει τω αρχισυναγωγω μη φοβου μονον πιστευε
29052500b5	και ουκ αφηκεν ουδενα αυτω συνακολουθησαι ει μη πετρον και ιακωβον και ιωαννην τον αδελφον ιακωβου
29052600be	και ερχεται εις τον οικον του αρχισυναγωγου και θεωρει θορυβον {VAR2: και} κλαιοντας και αλαλαζοντας πολλα
29052700a5	και εισελθων λεγει αυτοις τι θορυβεισθε και κλαιετε το παιδιον ουκ απεθανεν αλλα καθευδει
2905280123	και κατεγελων αυτου ο δε εκβαλων απαντας παραλαμβανει τον πατερα του παιδιου και την μητερα και τους μετ αυτου και εισπορευεται οπου ην το παιδιον ανακειμενον
29052900d1	και κρατησας της χειρος του παιδιου λεγει αυτη ταλιθα κουμι ο εστιν μεθερμηνευομενον το κορασιον σοι λεγω εγειραι
29052a00ac	και ευθεως ανεστη το κορασιον και περιεπατει ην γαρ ετων δωδεκα και εξεστησαν εκστασει μεγαλη
29052b0092	και διεστειλατο αυτοις πολλα ινα μηδεις γνω τουτο και ειπεν δοθηναι αυτη φαγειν
29060100a6	και εξηλθεν εκειθεν και ηλθεν εις την πατριδα αυτου και ακολουθουσιν αυτω οι μαθηται αυτου
2906020175	και γενομενου σαββατου ηρξατο εν τη συναγωγη διδασκειν και πολλοι ακουοντες εξεπλησσοντο λεγοντες ποθεν τουτω ταυτα και τις η σοφια η δοθεισα αυτω οτι και δυναμεις τοιαυται δια των χειρων αυτου γινονται
2906030123	ουχ ουτος εστιν ο τεκτων ο υιος μαριας αδελφος δε ιακωβου και ιωση και ιουδα και σιμωνος και ουκ εισιν αι αδελφαι αυτου ωδε προς ημας και εσκανδαλιζοντο εν αυτω
29060400e4	ελεγεν δε αυτοις ο ιησους οτι ουκ εστιν προφητης ατιμος ει μη εν τη πατριδι αυτου και εν τοις συγγενεσιν και εν τη οικια αυτου
29060500ba	και ουκ ηδυνατο εκει ουδεμιαν δυναμιν ποιησαι ει μη ολιγοις αρρωστοις επιθεις τας χειρας εθεραπευσεν
2906060089	και εθαυμαζεν δια την απιστιαν αυτων και περιηγεν τας κωμας κυκλω διδασκων
29060700e1	και προσκαλειται τους δωδεκα και ηρξατο αυτους αποστελλειν δυο δυο και εδιδου αυτοις εξουσιαν των πνευματων των ακαθαρτων
29060800c8	και παρηγγειλεν αυτοις ινα μηδεν αιρωσιν εις οδον ει μη ραβδον μονον μη πηραν μη αρτον μη εις την ζωνην χαλκον
290609008c	αλλ υποδεδεμενους σανδαλια και μη {VAR1: ενδυσησθε} {VAR2: ενδυσασθαι} δυο χιτωνας
29060a0099	και ελεγεν αυτοις οπου εαν εισελθητε εις οικιαν εκει μενετε εως αν εξελθητε εκειθεν
29060b01a2	και οσοι αν μη δεξωνται υμας μηδε ακουσωσιν υμων εκπορευομενοι εκειθεν εκτιναξατε τον χουν τον υποκατω των ποδων υμων εις μαρτυριον αυτοις αμην λεγω υμιν ανεκτοτερον εσται σοδομοις η γομορροις εν ημερα κρισεως η τη πολει εκεινη
29060c004e	και εξελθοντες εκηρυσσον ινα μετανοησωσιν
29060d0094	και δαιμονια πολλα εξεβαλλον και ηλειφον ελαιω πολλους αρρωστους και εθεραπευον
29060e0125	και ηκουσεν ο βασιλευς ηρωδης φανερον γαρ εγενετο το ονομα αυτου και ελεγεν οτι ιωαννης ο βαπτιζων εκ νεκρων ηγερθη και δια τουτο ενεργουσιν αι δυναμεις εν αυτω
29060f009b	αλλοι ελεγον οτι ηλιας εστιν αλλοι δε ελεγον οτι προφητης εστιν η ως εις των προφητων
29061000a7	ακουσας δε ο ηρωδης ειπεν οτι ον εγω απεκεφαλισα ιωαννην ουτος εστιν αυτος ηγερθη εκ νεκρων
2906110118	αυτος γαρ ο ηρωδης αποστειλας εκρατησεν τον ιωαννην και εδησεν αυτον εν τη φυλακη δια ηρωδιαδα την γυναικα φιλιππου του αδελφου αυτου οτι αυτην εγαμησεν
2906120097	ελεγεν γαρ ο ιωαννης τω ηρωδη οτι ουκ εξεστιν σοι εχειν την γυναικα του αδελφου σου
290613007f	η δε ηρωδιας ενειχεν αυτω και ηθελεν αυτον αποκτειναι και ουκ ηδυνατο
2906140107	ο γαρ ηρωδης εφοβειτο τον ιωαννην ειδως αυτον ανδρα δικαιον και αγιον και συνετηρει αυτον και ακουσας αυτου πολλα εποιει και ηδεως αυτου ηκουεν
2906150115	και γενομενης ημερας ευκαιρου οτε ηρωδης τοις γενεσιοις αυτου δειπνον εποιει τοις μεγιστασιν αυτου και τοις χιλιαρχοις και τοις πρωτοις της γαλιλαιας
2906160142	και εισελθουσης της θυγατρος αυτης της ηρωδιαδος και ορχησαμενης και αρεσασης τω ηρωδη και τοις συνανακειμενοις ειπεν ο βασιλευς τω κορασιω αιτησον με ο εαν θελης και δωσω σοι
2906170088	και ωμοσεν αυτη οτι ο εαν με αιτησης δωσω σοι εως ημισους της βασιλειας μου
29061800aa	η δε εξελθουσα ειπεν τη μητρι αυτης τι αιτησομαι η δε ειπεν την κεφαλην ιωαννου του βαπτιστου
29061900fd	και εισελθουσα ευθεως μετα σπουδης προς τον βασιλεα ητησατο λεγουσα θελω ινα μοι δως εξαυτης επι πινακι την κεφαλην ιωαννου του βαπτιστου
29061a00c0	και περιλυπος γενομενος ο βασιλευς δια τους ορκους και τους συνανακειμενους ουκ ηθελησεν αυτην αθετησαι
29061b009a	και ευθεως αποστειλας ο βασιλευς σπεκουλατωρα επεταξεν ενεχθηναι την κεφαλην αυτου
29061c011f	ο δε απελθων απεκεφαλισεν αυτον εν τη φυλακη και ηνεγκεν την κεφαλην αυτου επι πινακι και εδωκεν αυτην τω κορασιω και το κορασιον εδωκεν αυτην τη μητρι αυτης
29061d00ae	και ακουσαντες οι μαθηται αυτου ηλθον και ηραν το πτωμα αυτου και εθηκαν αυτο εν {VAR1: τω} μνημειω
29061e00be	και συναγονται οι αποστολοι προς τον ιησουν και απηγγειλαν αυτω παντα και οσα εποιησαν και οσα εδιδαξαν
29061f011d	και ειπεν αυτοις δευτε υμεις αυτοι κατ ιδιαν εις ερημον τοπον και αναπαυεσθε ολιγον ησαν γαρ οι ερχομενοι και οι υπαγοντες πολλοι και ουδε φαγειν ηυκαιρουν
2906200056	και απηλθον εις ερημον τοπον τω πλοιω κατ ιδιαν
2906210118	και ειδον αυτους υπαγοντας οι οχλοι και επεγνωσαν αυτον πολλοι και πεζη απο πασων των πολεων συνεδραμον εκει και προηλθον αυτους και συνηλθον προς αυτον
29062200fc	και εξελθων ειδεν ο ιησους πολυν οχλον και εσπλαγχνισθη επ αυτοις οτι ησαν ως προβατα μη εχοντα ποιμενα και ηρξατο διδασκειν αυτους πολλα
29062300d5	και ηδη ωρας πολλης γενομενης προσελθοντες αυτω οι μαθηται αυτου λεγουσιν οτι ερημος εστιν ο τοπος και ηδη ωρα πολλη
29062400d5	απολυσον αυτους ινα απελθοντες εις τους κυκλω αγρους και κωμας αγορασωσιν εαυτοις αρτους τι γαρ φαγωσιν ουκ εχουσιν
290625010a	ο δε αποκριθεις ειπεν αυτοις δοτε αυτοις υμεις φαγειν και λεγουσιν αυτω απελθοντες αγορασωμεν διακοσιων δηναριων αρτους και δωμεν αυτοις φαγειν
29062600b2	ο δε λεγει αυτοις ποσους αρτους εχετε υπαγετε και ιδετε και γνοντες λεγουσιν πεντε και δυο ιχθυας
2906270088	και επεταξεν αυτοις ανακλιναι παντας συμποσια συμποσια επι τω χλωρω χορτω
290628006c	και ανεπεσον πρασιαι πρασιαι ανα εκατον και ανα πεντηκοντα
290629016b	και λαβων τους πεντε αρτους και τους δυο ιχθυας αναβλεψας εις τον ουρανον ευλογησεν και κατεκλασεν τους αρτους και εδιδου τοις μαθηταις αυτου ινα παραθωσιν αυτοις και τους δυο ιχθυας εμερισεν πασιν
29062a0040	και εφαγον παντες και εχορτασθησαν
29062b0071	και ηραν κλασματων δωδεκα κοφινους πληρεις και απο των ιχθυων
29062c006e	και ησαν οι φαγοντες τους αρτους ωσει πεντακισχιλιοι ανδρες
29062d0110	και ευθεως ηναγκασεν τους μαθητας αυτου εμβηναι εις το πλοιον και προαγειν εις το περαν προς {VAR1: βηθσαιδαν} {VAR2: βηθσαιδα} εως αυτος απολυση τον οχλον
29062e0069	και αποταξαμενος αυτοις απηλθεν εις το ορος προσευξασθαι
29062f0093	και οψιας γενομενης ην το πλοιον εν μεσω της θαλασσης και αυτος μονος επι της γης
290630015f	και ειδεν αυτους βασανιζομενους εν τω ελαυνειν ην γαρ ο ανεμος εναντιος αυτοις και περι τεταρτην φυλακην της νυκτος ερχεται προς αυτους περιπατων επι της θαλασσης και ηθελεν παρελθειν αυτους
290631009e	οι δε ιδοντες αυτον περιπατουντα επι της θαλασσης εδοξαν φαντασμα ειναι και ανεκραξαν
29063200d4	παντες γαρ αυτον ειδον και εταραχθησαν και ευθεως ελαλησεν μετ αυτων και λεγει αυτοις θαρσειτε εγω ειμι μη φοβεισθε
29063300cf	και ανεβη προς αυτους εις το πλοιον και εκοπασεν ο ανεμος και λιαν εκ περισσου εν εαυτοις εξισταντο και εθαυμαζον
2906340073	ου γαρ συνηκαν επι τοις αρτοις ην γαρ η καρδια αυτων πεπωρωμενη
290635009d	και διαπερασαντες ηλθον επι την γην {VAR1: γενησαρετ} {VAR2: γεννησαρετ} και προσωρμισθησαν
290636006c	και εξελθοντων αυτων εκ του πλοιου ευθεως επιγνοντες αυτον
29063700e9	περιδραμοντες ολην την περιχωρον εκεινην ηρξαντο επι τοις κραββατοις τους κακως εχοντας περιφερειν οπου ηκουον οτι εκει εστιν
290638016a	και οπου αν εισεπορευετο εις κωμας η πολεις η αγρους εν ταις αγοραις ετιθουν τους ασθενουντας και παρεκαλουν αυτον ινα καν του κρασπεδου του ιματιου αυτου αψωνται και οσοι αν ηπτοντο αυτου εσωζοντο
29070100a4	και συναγονται προς αυτον οι φαρισαιοι και τινες των γραμματεων ελθοντες απο ιεροσολυμων
29070200b5	και ιδοντες τινας των μαθητων αυτου κοιναις χερσιν τουτ εστιν ανιπτοις εσθιοντας αρτους εμεμψαντο
29070300eb	οι γαρ φαρισαιοι και παντες οι ιουδαιοι εαν μη πυγμη νιψωνται τας χειρας ουκ εσθιουσιν κρατουντες την παραδοσιν των πρεσβυτερων
2907040106	και απο αγορας εαν μη βαπτισωνται ουκ εσθιουσιν και αλλα πολλα εστιν α παρελαβον κρατειν βαπτισμους ποτηριων και ξεστων και χαλκιων και κλινων
2907050137	επειτα επερωτωσιν αυτον οι φαρισαιοι και οι γραμματεις δια τι οι μαθηται σου ου περιπατουσιν κατα την παραδοσιν των πρεσβυτερων αλλα ανιπτοις χερσιν εσθιουσιν τον αρτον
2907060135	ο δε αποκριθεις ειπεν αυτοις οτι καλως προεφητευσεν ησαιας περι υμων των υποκριτων ως γεγραπται ουτος ο λαος τοις χειλεσιν με τιμα η δε καρδια αυτων πορρω απεχει απ εμου
2907070077	ματην δε σεβονται με διδασκοντες διδασκαλιας ενταλματα ανθρωπων
2907080102	αφεντες γαρ την εντολην του θεου κρατειτε την παραδοσιν των ανθρωπων βαπτισμους ξεστων και ποτηριων και αλλα παρομοια τοιαυτα πολλα ποιειτε
290709009d	και ελεγεν αυτοις καλως αθετειτε την εντολην του θεου ινα την παραδοσιν υμων τηρησητε
29070a00bc	μωσης γαρ ειπεν τιμα τον πατερα σου και την μητερα σου και ο κακολογων πατερα η μητερα θανατω τελευτατω
29070b00af	υμεις δε λεγετε εαν ειπη ανθρωπος τω πατρι η τη μητρι κορβαν ο εστιν δωρον ο εαν εξ εμου ωφεληθης
29070c007e	και ουκετι αφιετε αυτον ουδεν ποιησαι τω πατρι αυτου η τη μητρι αυτου
29070d00b0	ακυρουντες τον λογον του θεου τη παραδοσει υμων η παρεδωκατε και παρομοια τοιαυτα πολλα ποιειτε
29070e0095	και προσκαλεσαμενος παντα τον οχλον ελεγεν αυτοις ακουετε μου παντες και συνιετε
29070f0116	ουδεν εστιν εξωθεν του ανθρωπου εισπορευομενον εις αυτον ο δυναται αυτον κοινωσαι αλλα τα εκπορευομενα απ αυτου εκεινα εστιν τα κοινουντα τον ανθρωπον
2907100039	ει τις εχει ωτα ακουειν ακουετω
29071100a7	και οτε εισηλθεν εις οικον απο του οχλου επηρωτων αυτον οι μαθηται αυτου περι της παραβολης
29071200f3	και λεγει αυτοις ουτως και υμεις ασυνετοι εστε ου νοειτε οτι παν το εξωθεν εισπορευομενον εις τον ανθρωπον ου δυναται αυτον κοινωσαι
29071300e1	οτι ουκ εισπορευεται αυτου εις την καρδιαν αλλ εις την κοιλιαν και εις τον αφεδρωνα εκπορευεται καθαριζον παντα τα βρωματα
2907140087	ελεγεν δε οτι το εκ του ανθρωπου εκπορευομενον εκεινο κοινοι τον ανθρωπον
29071500b8	εσωθεν γαρ εκ της καρδιας των ανθρωπων οι διαλογισμοι οι κακοι εκπορευονται μοιχειαι πορνειαι φονοι
29071600a7	κλοπαι πλεονεξιαι πονηριαι δολος ασελγεια οφθαλμος πονηρος βλασφημια υπερηφανια αφροσυνη
2907170077	παντα ταυτα τα πονηρα εσωθεν εκπορευεται και κοινοι τον ανθρωπον
29071800f3	και εκειθεν αναστας απηλθεν εις τα μεθορια τυρου και σιδωνος και εισελθων εις την οικιαν ουδενα ηθελεν γνωναι και ουκ ηδυνηθη λαθειν
29071900d3	ακουσασα γαρ γυνη περι αυτου ης ειχεν το θυγατριον αυτης πνευμα ακαθαρτον ελθουσα προσεπεσεν προς τους ποδας αυτου
29071a00c0	ην δε η γυνη ελληνις συροφοινισσα τω γενει και ηρωτα αυτον ινα το δαιμονιον εκβαλλη εκ της θυγατρος αυτης
29071b00ea	ο δε ιησους ειπεν αυτη αφες πρωτον χορτασθηναι τα τεκνα ου γαρ καλον εστιν λαβειν τον αρτον των τεκνων και βαλειν τοις κυναριοις
29071c00cc	η δε απεκριθη και λεγει αυτω ναι κυριε και γαρ τα κυναρια υποκατω της τραπεζης εσθιει απο των ψιχιων των παιδιων
29071d009c	και ειπεν αυτη δια τουτον τον λογον υπαγε εξεληλυθεν το δαιμονιον εκ της θυγατρος σου
29071e00c4	και απελθουσα εις τον οικον αυτης ευρεν το δαιμονιον εξεληλυθος και την θυγατερα βεβλημενην επι της κλινης
29071f00d7	και παλιν εξελθων εκ των οριων τυρου και σιδωνος ηλθεν προς την θαλασσαν της γαλιλαιας ανα μεσον των οριων δεκαπολεως
2907200096	και φερουσιν αυτω κωφον μογιλαλον και παρακαλουσιν αυτον ινα επιθη αυτω την χειρα
29072100e7	και απολαβομενος αυτον απο του οχλου κατ ιδιαν εβαλεν τους δακτυλους αυτου εις τα ωτα αυτου και πτυσας ηψατο της γλωσσης αυτου
2907220096	και αναβλεψας εις τον ουρανον εστεναξεν και λεγει αυτω εφφαθα ο εστιν διανοιχθητι
29072300a9	και ευθεως διηνοιχθησαν αυτου αι ακοαι και ελυθη ο δεσμος της γλωσσης αυτου και ελαλει ορθως
29072400c3	και διεστειλατο αυτοις ινα μηδενι ειπωσιν οσον δε αυτος αυτοις διεστελλετο μαλλον περισσοτερον εκηρυσσον
29072500d5	και υπερπερισσως εξεπλησσοντο λεγοντες καλως παντα πεποιηκεν και τους κωφους ποιει ακουειν και τους αλαλους λαλειν
29080100ef	εν εκειναις ταις ημεραις παμπολλου οχλου οντος και μη εχοντων τι φαγωσιν προσκαλεσαμενος ο ιησους τους μαθητας αυτου λεγει αυτοις
29080200aa	σπλαγχνιζομαι επι τον οχλον οτι ηδη ημερας τρεις προσμενουσιν μοι και ουκ εχουσιν τι φαγωσιν
29080300ba	και εαν απολυσω αυτους νηστεις εις οικον αυτων εκλυθησονται εν τη οδω τινες γαρ αυτων μακροθεν ηκασιν
29080400b0	και απεκριθησαν αυτω οι μαθηται αυτου ποθεν τουτους δυνησεται τις ωδε χορτασαι αρτων επ ερημιας
2908050065	και επηρωτα αυτους ποσους εχετε αρτους οι δε ειπον επτα
2908060127	και παρηγγειλεν τω οχλω αναπεσειν επι της γης και λαβων τους επτα αρτους ευχαριστησας εκλασεν και εδιδου τοις μαθηταις αυτου ινα παραθωσιν και παρεθηκαν τω οχλω
2908070075	και ειχον ιχθυδια ολιγα και ευλογησας ειπεν παραθειναι και αυτα
2908080087	εφαγον δε και εχορτασθησαν και ηραν περισσευματα κλασματων επτα σπυριδας
290809006a	ησαν δε οι φαγοντες ως τετρακισχιλιοι και απελυσεν αυτους
29080a0096	και ευθεως εμβας εις το πλοιον μετα των μαθητων αυτου ηλθεν εις τα μερη δαλμανουθα
29080b00d0	και εξηλθον οι φαρισαιοι και ηρξαντο συζητειν αυτω ζητουντες παρ αυτου σημειον απο του ουρανου πειραζοντες αυτον
29080c00e2	και αναστεναξας τω πνευματι αυτου λεγει τι η γενεα αυτη σημειον επιζητει αμην λεγω υμιν ει δοθησεται τη γενεα ταυτη σημειον
29080d0073	και αφεις αυτους εμβας παλιν εις το πλοιον απηλθεν εις το περαν
29080e00af	και επελαθοντο {VAR2: οι μαθηται} λαβειν αρτους και ει μη ενα αρτον ουκ ειχον μεθ εαυτων εν τω πλοιω
29080f00a8	και διεστελλετο αυτοις λεγων ορατε βλεπετε απο της ζυμης των φαρισαιων και της ζυμης ηρωδου
2908100072	και διελογιζοντο προς αλληλους λεγοντες οτι αρτους ουκ εχομεν
29081100f3	και γνους ο ιησους λεγει αυτοις τι διαλογιζεσθε οτι αρτους ουκ εχετε ουπω νοειτε ουδε συνιετε ετι πεπωρωμενην εχετε την καρδιαν υμων
290812008b	οφθαλμους εχοντες ου βλεπετε και ωτα εχοντες ουκ ακουετε και ου μνημονευετε
29081300d5	οτε τους πεντε αρτους εκλασα εις τους πεντακισχιλιους ποσους κοφινους πληρεις κλασματων ηρατε λεγουσιν αυτω δωδεκα
29081400b7	οτε δε τους επτα εις τους τετρακισχιλιους ποσων σπυριδων πληρωματα κλασματων ηρατε οι δε ειπον επτα
290815003b	και ελεγεν αυτοις πως ου συνιετε
29081600c8	και ερχεται εις {VAR1: βηθσαιδαν} {VAR2: βηθσαιδα} και φερουσιν αυτω τυφλον και παρακαλουσιν αυτον ινα αυτου αψηται
2908170111	και επιλαβομενος της χειρος του τυφλου εξηγαγεν αυτον εξω της κωμης και πτυσας εις τα ομματα αυτου επιθεις τας χειρας αυτω επηρωτα αυτον ει τι βλεπει
2908180098	και αναβλεψας ελεγεν βλεπω τους ανθρωπους {VAR1: οτι} ως δενδρα {VAR1: ορω} περιπατουντας
29081900f6	ειτα παλιν επεθηκεν τας χειρας επι τους οφθαλμους αυτου και εποιησεν αυτον αναβλεψαι και αποκατεσταθη και ενεβλεψεν τηλαυγως απαντας
29081a00b8	και απεστειλεν αυτον εις τον οικον αυτου λεγων μηδε εις την κωμην εισελθης μηδε ειπης τινι εν τη κωμη
29081b0133	και εξηλθεν ο ιησους και οι μαθηται αυτου εις τας κωμας καισαρειας της φιλιππου και εν τη οδω επηρωτα τους μαθητας αυτου λεγων αυτοις τινα με λεγουσιν οι ανθρωποι ειναι
29081c0095	οι δε απεκριθησαν ιωαννην τον βαπτιστην και αλλοι ηλιαν αλλοι δε ενα των προφητων
29081d00b9	και αυτος λεγει αυτοις υμεις δε τινα με λεγετε ειναι αποκριθεις δε ο πετρος λεγει αυτω συ ει ο χριστος
29081e005f	και επετιμησεν αυτοις ινα μηδενι λεγωσιν περι αυτου
29081f015d	και ηρξατο διδασκειν αυτους οτι δει τον υιον του ανθρωπου πολλα παθειν και αποδοκιμασθηναι απο των πρεσβυτερων και αρχιερεων και γραμματεων και αποκτανθηναι και μετα τρεις ημερας αναστηναι
290820009a	και παρρησια τον λογον ελαλει και προσλαβομενος αυτον ο πετρος ηρξατο επιτιμαν αυτω
2908210101	ο δε επιστραφεις και ιδων τους μαθητας αυτου επετιμησεν τω πετρω λεγων υπαγε οπισω μου σατανα οτι ου φρονεις τα του θεου αλλα τα των ανθρωπων
290822012c	και προσκαλεσαμενος τον οχλον συν τοις μαθηταις αυτου ειπεν αυτοις οστις θελει οπισω μου ελθειν απαρνησασθω εαυτον και αρατω τον σταυρον αυτου και ακολουθειτω μοι
29082300f0	ος γαρ αν θελη την ψυχην αυτου σωσαι απολεσει αυτην ος δ αν απολεση την ψυχην αυτου ενεκεν εμου και του ευαγγελιου ουτος σωσει αυτην
2908240093	τι γαρ ωφελησει ανθρωπον εαν κερδηση τον κοσμον ολον και ζημιωθη την ψυχην αυτου
2908250055	η τι δωσει ανθρωπος ανταλλαγμα της ψυχης αυτου
290826016c	ος γαρ αν επαισχυνθη με και τους εμους λογους εν τη γενεα ταυτη τη μοιχαλιδι και αμαρτωλω και ο υιος του ανθρωπου επαισχυνθησεται αυτον οταν ελθη εν τη δοξη του πατρος αυτου μετα των αγγελων των αγιων
2909010120	και ελεγεν αυτοις αμην λεγω υμιν οτι εισιν τινες των ωδε εστηκοτων οιτινες ου μη γευσωνται θανατου εως αν ιδωσιν την βασιλειαν του θεου εληλυθυιαν εν δυναμει
2909020133	και μεθ ημερας εξ παραλαμβανει ο ιησους τον πετρον και τον ιακωβον και τον ιωαννην και αναφερει αυτους εις ορος υψηλον κατ ιδιαν μονους και μετεμορφωθη εμπροσθεν αυτων
29090300b7	και τα ιματια αυτου εγενετο στιλβοντα λευκα λιαν ως χιων οια γναφευς επι της γης ου δυναται λευκαναι
2909040072	και ωφθη αυτοις ηλιας συν μωσει και ησαν συλλαλουντες τω ιησου
29090500f8	και αποκριθεις ο πετρος λεγει τω ιησου ραββι καλον εστιν ημας ωδε ειναι και ποιησωμεν σκηνας τρεις σοι μιαν και μωσει μιαν και ηλια μιαν
2909060045	ου γαρ ηδει τι λαληση ησαν γαρ εκφοβοι
29090700e4	και εγενετο νεφελη επισκιαζουσα αυτοις και ηλθεν φωνη εκ της νεφελης λεγουσα ουτος εστιν ο υιος μου ο αγαπητος αυτου ακουετε
2909080093	και εξαπινα περιβλεψαμενοι ουκετι ουδενα ειδον αλλα τον ιησουν μονον μεθ εαυτων
29090900f6	καταβαινοντων δε αυτων απο του ορους διεστειλατο αυτοις ινα μηδενι διηγησωνται α ειδον ει μη οταν ο υιος του ανθρωπου εκ νεκρων αναστη
29090a0094	και τον λογον εκρατησαν προς εαυτους συζητουντες τι εστιν το εκ νεκρων αναστηναι
29090b0098	και επηρωτων αυτον λεγοντες οτι λεγουσιν οι γραμματεις οτι ηλιαν δει ελθειν πρωτον
29090c0105	ο δε αποκριθεις ειπεν αυτοις ηλιας μεν ελθων πρωτον αποκαθιστα παντα και πως γεγραπται επι τον υιον του ανθρωπου ινα πολλα παθη και εξουδενωθη
29090d00ab	αλλα λεγω υμιν οτι και ηλιας εληλυθεν και εποιησαν αυτω οσα ηθελησαν καθως γεγραπται επ αυτον
29090e00a9	και ελθων προς τους μαθητας ειδεν οχλον πολυν περι αυτους και γραμματεις συζητουντας αυτοις
29090f0091	και ευθεως πας ο οχλος ιδων αυτον εξεθαμβηθη και προστρεχοντες ησπαζοντο αυτον
2909100067	και επηρωτησεν τους γραμματεις τι συζητειτε προς αυτους
29091100b0	και αποκριθεις εις εκ του οχλου ειπεν διδασκαλε ηνεγκα τον υιον μου προς σε εχοντα πνευμα αλαλον
2909120124	και οπου αν αυτον καταλαβη ρησσει αυτον και αφριζει και τριζει τους οδοντας αυτου και ξηραινεται και ειπον τοις μαθηταις σου ινα αυτο εκβαλωσιν και ουκ ισχυσαν
29091300cc	ο δε αποκριθεις αυτω λεγει ω γενεα απιστος εως ποτε προς υμας εσομαι εως ποτε ανεξομαι υμων φερετε αυτον προς με
29091400d3	και ηνεγκαν αυτον προς αυτον και ιδων αυτον ευθεως το πνευμα εσπαραξεν αυτον και πεσων επι της γης εκυλιετο αφριζων
29091500ab	και επηρωτησεν τον πατερα αυτου ποσος χρονος εστιν ως τουτο γεγονεν αυτω ο δε ειπεν παιδιοθεν
29091600e1	και πολλακις αυτον και εις πυρ εβαλεν και εις υδατα ινα απολεση αυτον αλλ ει τι δυνασαι βοηθησον ημιν σπλαγχνισθεις εφ ημας
2909170086	ο δε ιησους ειπεν αυτω το ει δυνασαι πιστευσαι παντα δυνατα τω πιστευοντι
29091800ab	και ευθεως κραξας ο πατηρ του παιδιου μετα δακρυων ελεγεν πιστευω κυριε βοηθει μου τη απιστια
2909190146	ιδων δε ο ιησους οτι επισυντρεχει οχλος επετιμησεν τω πνευματι τω ακαθαρτω λεγων αυτω το πνευμα το αλαλον και κωφον εγω σοι επιτασσω εξελθε εξ αυτου και μηκετι εισελθης εις αυτον
29091a00b9	και κραξαν και πολλα σπαραξαν αυτον εξηλθεν και εγενετο ωσει νεκρος ωστε πολλους λεγειν οτι απεθανεν
29091b0072	ο δε ιησους κρατησας αυτον της χειρος ηγειρεν αυτον και ανεστη
29091c00cd	και εισελθοντα αυτον εις οικον οι μαθηται αυτου επηρωτων αυτον κατ ιδιαν οτι ημεις ουκ ηδυνηθημεν εκβαλειν αυτο
29091d00a1	και ειπεν αυτοις τουτο το γενος εν ουδενι δυναται εξελθειν ει μη εν προσευχη και νηστεια
29091e0096	και εκειθεν εξελθοντες παρεπορευοντο δια της γαλιλαιας και ουκ ηθελεν ινα τις γνω
29091f013f	εδιδασκεν γαρ τους μαθητας αυτου και ελεγεν αυτοις οτι ο υιος του ανθρωπου παραδιδοται εις χειρας ανθρωπων και αποκτενουσιν αυτον και αποκτανθεις τη τριτη ημερα αναστησεται
2909200060	οι δε ηγνοουν το ρημα και εφοβουντο αυτον επερωτησαι
29092100bf	και ηλθεν εις καπερναουμ και εν τη οικια γενομενος επηρωτα αυτους τι εν τη οδω προς εαυτους διελογιζεσθε
2909220075	οι δε εσιωπων προς αλληλους γαρ διελεχθησαν εν τη οδω τις μειζων
29092300d6	και καθισας εφωνησεν τους δωδεκα και λεγει αυτοις ει τις θελει πρωτος ειναι εσται παντων εσχατος και παντων διακονος
2909240098	και λαβων παιδιον εστησεν αυτο εν μεσω αυτων και εναγκαλισαμενος αυτο ειπεν αυτοις
29092500f2	ος εαν εν των τοιουτων παιδιων δεξηται επι τω ονοματι μου εμε δεχεται και ος εαν εμε δεξηται ουκ εμε δεχεται αλλα τον αποστειλαντα με
290926012d	απεκριθη δε αυτω ο ιωαννης λεγων διδασκαλε ειδομεν τινα {VAR2: εν} τω ονοματι σου εκβαλλοντα δαιμονια ος ουκ ακολουθει ημιν και εκωλυσαμεν αυτον οτι ουκ ακολουθει ημιν
29092700e1	ο δε ιησους ειπεν μη κωλυετε αυτον ουδεις γαρ εστιν ος ποιησει δυναμιν επι τω ονοματι μου και δυνησεται ταχυ κακολογησαι με
2909280075	ος γαρ ουκ εστιν καθ {VAR1: υμων υπερ υμων} {VAR2: ημων υπερ ημων} εστιν
29092900d6	ος γαρ αν ποτιση υμας ποτηριον υδατος εν τω ονοματι μου οτι χριστου εστε αμην λεγω υμιν ου μη απολεση τον μισθον αυτου
29092a0144	και ος αν σκανδαλιση ενα των μικρων {VAR2: τουτων} των πιστευοντων εις εμε καλον εστιν αυτω μαλλον ει περικειται λιθος μυλικος περι τον τραχηλον αυτου και βεβληται εις την θαλασσαν
29092b012c	και εαν σκανδαλιζη σε η χειρ σου αποκοψον αυτην καλον σοι εστιν κυλλον εις την ζωην εισελθειν η τας δυο χειρας εχοντα απελθειν εις την γεενναν εις το πυρ το ασβεστον
29092c0062	οπου ο σκωληξ αυτων ου τελευτα και το πυρ ου σβεννυται
29092d012a	και εαν ο πους σου σκανδαλιζη σε αποκοψον αυτον καλον εστιν σοι εισελθειν εις την ζωην χωλον η τους δυο ποδας εχοντα βληθηναι εις την γεενναν εις το πυρ το ασβεστον
29092e0062	οπου ο σκωληξ αυτων ου τελευτα και το πυρ ου σβεννυται
29092f013c	και εαν ο οφθαλμος σου σκανδαλιζη σε εκβαλε αυτον καλον σοι εστιν μονοφθαλμον εισελθειν εις την βασιλειαν του θεου η δυο οφθαλμους εχοντα βληθηναι εις την γεενναν του πυρος
2909300062	οπου ο σκωληξ αυτων ου τελευτα και το πυρ ου σβεννυται
2909310066	πας γαρ πυρι αλισθησεται και πασα θυσια αλι αλισθησεται
29093200d0	καλον το αλας εαν δε το αλας αναλον γενηται εν τινι αυτο αρτυσετε εχετε εν εαυτοις αλας και ειρηνευετε εν αλληλοις
290a01011c	κακειθεν αναστας ερχεται εις τα ορια της ιουδαιας δια του περαν του ιορδανου και συμπορευονται παλιν οχλοι προς αυτον και ως ειωθει παλιν εδιδασκεν αυτους
290a0200b8	και προσελθοντες οι φαρισαιοι επηρωτησαν αυτον ει εξεστιν ανδρι γυναικα απολυσαι πειραζοντες αυτον
290a030062	ο δε αποκριθεις ειπεν αυτοις τι υμιν ενετειλατο μωσης
290a04007b	οι δε ειπον μωσης επετρεψεν βιβλιον αποστασιου γραψαι και απολυσαι
290a0500b2	και αποκριθεις ο ιησους ειπεν αυτοις προς την σκληροκαρδιαν υμων εγραψεν υμιν την εντολην ταυτην
290a06006a	απο δε αρχης κτισεως αρσεν και θηλυ εποιησεν αυτους ο θεος
290a0700cb	ενεκεν τουτου καταλειψει ανθρωπος τον πατερα αυτου και την μητερα και προσκολληθησεται προς την γυναικα αυτου
290a08007d	και εσονται οι δυο εις σαρκα μιαν ωστε ουκετι εισιν δυο αλλα μια σαρξ
290a090051	ο ουν ο θεος συνεζευξεν ανθρωπος μη χωριζετω
290a0a0080	και εν τη οικια παλιν οι μαθηται αυτου περι του αυτου επηρωτησαν αυτον
290a0b009a	και λεγει αυτοις ος εαν απολυση την γυναικα αυτου και γαμηση αλλην μοιχαται επ αυτην
290a0c0070	και εαν γυνη απολυση τον ανδρα αυτης και γαμηθη αλλω μοιχαται
290a0d009c	και προσεφερον αυτω παιδια ινα αψηται αυτων οι δε μαθηται επετιμων τοις προσφερουσιν
290a0e0101	ιδων δε ο ιησους ηγανακτησεν και ειπεν αυτοις αφετε τα παιδια ερχεσθαι προς με και μη κωλυετε αυτα των γαρ τοιουτων εστιν η βασιλεια του θεου
290a0f00a3	αμην λεγω υμιν ος εαν μη δεξηται την βασιλειαν του θεου ως παιδιον ου μη εισελθη εις αυτην
290a100075	και εναγκαλισαμενος αυτα τιθεις τας χειρας επ αυτα ηυλογει αυτα
290a110101	και εκπορευομενου αυτου εις οδον προσδραμων εις και γονυπετησας αυτον επηρωτα αυτον διδασκαλε αγαθε τι ποιησω ινα ζωην αιωνιον κληρονομησω
290a120083	ο δε ιησους ειπεν αυτω τι με λεγεις αγαθον ουδεις αγαθος ει μη εις ο θεος
290a1300df	τας εντολας οιδας μη μοιχευσης μη φονευσης μη κλεψης μη ψευδομαρτυρησης μη αποστερησης τιμα τον πατερα σου και την μητερα
290a14008b	ο δε αποκριθεις ειπεν αυτω διδασκαλε ταυτα παντα εφυλαξαμην εκ νεοτητος μου
290a150152	ο δε ιησους εμβλεψας αυτω ηγαπησεν αυτον και ειπεν αυτω εν σοι υστερει υπαγε οσα εχεις πωλησον και δος τοις πτωχοις και εξεις θησαυρον εν ουρανω και δευρο ακολουθει μοι αρας τον σταυρον
290a160082	ο δε στυγνασας επι τω λογω απηλθεν λυπουμενος ην γαρ εχων κτηματα πολλα
290a1700ef	και περιβλεψαμενος ο ιησους λεγει τοις μαθηταις αυτου πως δυσκολως οι τα χρηματα εχοντες εις την βασιλειαν του θεου εισελευσονται
290a180153	οι δε μαθηται εθαμβουντο επι τοις λογοις αυτου ο δε ιησους παλιν αποκριθεις λεγει αυτοις τεκνα πως δυσκολον εστιν τους πεποιθοτας επι τοις χρημασιν εις την βασιλειαν του θεου εισελθειν
290a1900f3	ευκοπωτερον εστιν καμηλον δια της τρυμαλιας της ραφιδος {VAR1: εισελθειν} {VAR2: διελθειν} η πλουσιον εις την βασιλειαν του θεου εισελθειν
290a1a0088	οι δε περισσως εξεπλησσοντο λεγοντες προς εαυτους και τις δυναται σωθηναι
290a1b00ca	εμβλεψας δε αυτοις ο ιησους λεγει παρα ανθρωποις αδυνατον αλλ ου παρα τω θεω παντα γαρ δυνατα εστιν παρα τω θεω
290a1c0092	και ηρξατο ο πετρος λεγειν αυτω ιδου ημεις αφηκαμεν παντα και ηκολουθησαμεν σοι
290a1d0135	αποκριθεις δε ο ιησους ειπεν αμην λεγω υμιν ουδεις εστιν ος αφηκεν οικιαν η αδελφους η αδελφας η πατερα η μητερα η γυναικα η τεκνα η αγρους ενεκεν εμου και του ευαγγελιου
290a1e0135	εαν μη λαβη εκατονταπλασιονα νυν εν τω καιρω τουτω οικιας και αδελφους και αδελφας και μητερας και τεκνα και αγρους μετα διωγμων και εν τω αιωνι τω ερχομενω ζωην αιωνιον
290a1f0064	πολλοι δε εσονται πρωτοι εσχατοι και οι εσχατοι πρωτοι
290a200172	ησαν δε εν τη οδω αναβαινοντες εις ιεροσολυμα και ην προαγων αυτους ο ιησους και εθαμβουντο και ακολουθουντες εφοβουντο και παραλαβων παλιν τους δωδεκα ηρξατο αυτοις λεγειν τα μελλοντα αυτω συμβαινειν
290a21014e	οτι ιδου αναβαινομεν εις ιεροσολυμα και ο υιος του ανθρωπου παραδοθησεται τοις αρχιερευσιν και τοις γραμματευσιν και κατακρινουσιν αυτον θανατω και παραδωσουσιν αυτον τοις εθνεσιν
290a2200de	και εμπαιξουσιν αυτω και μαστιγωσουσιν αυτον και εμπτυσουσιν αυτω και αποκτενουσιν αυτον και τη τριτη ημερα αναστησεται
290a2300e1	και προσπορευονται αυτω ιακωβος και ιωαννης οι υιοι ζεβεδαιου λεγοντες διδασκαλε θελομεν ινα ο εαν αιτησωμεν ποιησης ημιν
290a24004e	ο δε ειπεν αυτοις τι θελετε ποιησαι με υμιν
290a2500ac	οι δε ειπον αυτω δος ημιν ινα εις εκ δεξιων σου και εις εξ ευωνυμων σου καθισωμεν εν τη δοξη σου
290a2600ec	ο δε ιησους ειπεν αυτοις ουκ οιδατε τι αιτεισθε δυνασθε πιειν το ποτηριον ο εγω πινω και το βαπτισμα ο εγω βαπτιζομαι βαπτισθηναι
290a2700ef	οι δε ειπον αυτω δυναμεθα ο δε ιησους ειπεν αυτοις το μεν ποτηριον ο εγω πινω πιεσθε και το βαπτισμα ο εγω βαπτιζομαι βαπτισθησεσθε
290a2800a0	το δε καθισαι εκ δεξιων μου και εξ ευωνυμων μου ουκ εστιν εμον δουναι αλλ οις ητοιμασται
290a29007b	και ακουσαντες οι δεκα ηρξαντο αγανακτειν περι ιακωβου και ιωαννου
290a2a011f	ο δε ιησους προσκαλεσαμενος αυτους λεγει αυτοις οιδατε οτι οι δοκουντες αρχειν των εθνων κατακυριευουσιν αυτων και οι μεγαλοι αυτων κατεξουσιαζουσιν αυτων
290a2b009a	ουχ ουτως δε εσται εν υμιν αλλ ος εαν θελη γενεσθαι μεγας εν υμιν εσται διακονος υμων
290a2c0065	και ος αν θελη υμων γενεσθαι πρωτος εσται παντων δουλος
290a2d00ce	και γαρ ο υιος του ανθρωπου ουκ ηλθεν διακονηθηναι αλλα διακονησαι και δουναι την ψυχην αυτου λυτρον αντι πολλων
290a2e012b	και ερχονται εις ιεριχω και εκπορευομενου αυτου απο ιεριχω και των μαθητων αυτου και οχλου ικανου υιος τιμαιου βαρτιμαιος ο τυφλος εκαθητο παρα την οδον προσαιτων
290a2f00b0	και ακουσας οτι ιησους ο ναζωραιος εστιν ηρξατο κραζειν και λεγειν ο υιος δαβιδ ιησου ελεησον με
290a300098	και επετιμων αυτω πολλοι ινα σιωπηση ο δε πολλω μαλλον εκραζεν υιε δαβιδ ελεησον με
290a3100ba	και στας ο ιησους ειπεν αυτον φωνηθηναι και φωνουσιν τον τυφλον λεγοντες αυτω θαρσει εγειραι φωνει σε
290a32006e	ο δε αποβαλων το ιματιον αυτου αναστας ηλθεν προς τον ιησουν
290a3300b5	και αποκριθεις λεγει αυτω ο ιησους τι θελεις ποιησω σοι ο δε τυφλος ειπεν αυτω ραββονι ινα αναβλεψω
290a3400c0	ο δε ιησους ειπεν αυτω υπαγε η πιστις σου σεσωκεν σε και ευθεως ανεβλεψεν και ηκολουθει τω ιησου εν τη οδω
290b0100d4	και οτε εγγιζουσιν εις ιερουσαλημ εις βηθφαγη και βηθανιαν προς το ορος των ελαιων αποστελλει δυο των μαθητων αυτου
290b020141	και λεγει αυτοις υπαγετε εις την κωμην την κατεναντι υμων και ευθεως εισπορευομενοι εις αυτην ευρησετε πωλον δεδεμενον εφ ον ουδεις ανθρωπων κεκαθικεν λυσαντες αυτον αγαγετε
290b0300c3	και εαν τις υμιν ειπη τι ποιειτε τουτο ειπατε οτι ο κυριος αυτου χρειαν εχει και ευθεως αυτον αποστελει ωδε
290b0400aa	απηλθον δε και ευρον τον πωλον δεδεμενον προς την θυραν εξω επι του αμφοδου και λυουσιν αυτον
290b050083	και τινες των εκει εστηκοτων ελεγον αυτοις τι ποιειτε λυοντες τον πωλον
290b060072	οι δε ειπον αυτοις καθως ενετειλατο ο ιησους και αφηκαν αυτους
290b0700a6	και ηγαγον τον πωλον προς τον ιησουν και επεβαλον αυτω τα ιματια αυτων και εκαθισεν επ αυτω
290b0800d6	πολλοι δε τα ιματια αυτων εστρωσαν εις την οδον αλλοι δε στοιβαδας εκοπτον εκ των δενδρων και εστρωννυον εις την οδον
290b0900c2	και οι προαγοντες και οι ακολουθουντες εκραζον λεγοντες ωσαννα ευλογημενος ο ερχομενος εν ονοματι κυριου
290b0a00ae	ευλογημενη η ερχομενη βασιλεια εν ονοματι κυριου του πατρος ημων δαβιδ ωσαννα εν τοις υψιστοις
290b0b0101	και εισηλθεν εις ιεροσολυμα ο ιησους και εις το ιερον και περιβλεψαμενος παντα οψιας ηδη ουσης της ωρας εξηλθεν εις βηθανιαν μετα των δωδεκα
290b0c0067	και τη επαυριον εξελθοντων αυτων απο βηθανιας επεινασεν
290b0d00f4	και ιδων συκην μακροθεν εχουσαν φυλλα ηλθεν ει αρα ευρησει τι εν αυτη και ελθων επ αυτην ουδεν ευρεν ει μη φυλλα ου γαρ ην καιρος συκων
290b0e00c9	και αποκριθεις ο ιησους ειπεν αυτη μηκετι εκ σου εις τον αιωνα μηδεις καρπον φαγοι και ηκουον οι μαθηται αυτου
290b0f0188	και ερχονται εις ιεροσολυμα και εισελθων ο ιησους εις το ιερον ηρξατο εκβαλλειν τους πωλουντας και αγοραζοντας εν τω ιερω και τας τραπεζας των κολλυβιστων και τας καθεδρας των πωλουντων τας περιστερας κατεστρεψεν
290b10005d	και ουκ ηφιεν ινα τις διενεγκη σκευος δια του ιερου
290b110107	και εδιδασκεν λεγων αυτοις ου γεγραπται οτι ο οικος μου οικος προσευχης κληθησεται πασιν τοις εθνεσιν υμεις δε εποιησατε αυτον σπηλαιον ληστων
290b120109	και ηκουσαν οι γραμματεις και οι αρχιερεις και εζητουν πως αυτον απολεσουσιν εφοβουντο γαρ αυτον οτι πας ο οχλος εξεπλησσετο επι τη διδαχη αυτου
290b130055	και οτε οψε εγενετο εξεπορευετο εξω της πολεως
290b140072	και πρωι παραπορευομενοι ειδον την συκην εξηραμμενην εκ ριζων
290b150088	και αναμνησθεις ο πετρος λεγει αυτω ραββι ιδε η συκη ην κατηρασω εξηρανται
290b160061	και αποκριθεις ιησους λεγει αυτοις εχετε πιστιν θεου
290b17013a	αμην γαρ λεγω υμιν οτι ος αν ειπη τω ορει τουτω αρθητι και βληθητι εις την θαλασσαν και μη διακριθη εν τη καρδια αυτου αλλα πιστευση οτι α λεγει γινεται εσται αυτω ο εαν ειπη
290b1800ae	δια τουτο λεγω υμιν παντα οσα αν προσευχομενοι αιτεισθε πιστευετε οτι λαμβανετε και εσται υμιν
290b1900eb	και οταν στηκητε προσευχομενοι αφιετε ει τι εχετε κατα τινος ινα και ο πατηρ υμων ο εν τοις ουρανοις αφη υμιν τα παραπτωματα υμων
290b1a009c	ει δε υμεις ουκ αφιετε ουδε ο πατηρ υμων ο εν τοις ουρανοις αφησει τα παραπτωματα υμων
290b1b00ff	και ερχονται παλιν εις ιεροσολυμα και εν τω ιερω περιπατουντος αυτου ερχονται προς αυτον οι αρχιερεις και οι γραμματεις και οι πρεσβυτεροι
290b1c00b9	και λεγουσιν αυτω εν ποια εξουσια ταυτα ποιεις και τις σοι την εξουσιαν ταυτην εδωκεν ινα ταυτα ποιης
290b1d00e3	ο δε ιησους αποκριθεις ειπεν αυτοις επερωτησω υμας καγω ενα λογον και αποκριθητε μοι και ερω υμιν εν ποια εξουσια ταυτα ποιω
290b1e0072	το βαπτισμα ιωαννου εξ ουρανου ην η εξ ανθρωπων αποκριθητε μοι
290b1f00b1	και ελογιζοντο προς εαυτους λεγοντες εαν ειπωμεν εξ ουρανου ερει δια τι ουν ουκ επιστευσατε αυτω
290b2000b4	αλλ εαν ειπωμεν εξ ανθρωπων εφοβουντο τον λαον απαντες γαρ ειχον τον ιωαννην οτι οντως προφητης ην
290b2100ed	και αποκριθεντες λεγουσιν τω ιησου ουκ οιδαμεν και ο ιησους αποκριθεις λεγει αυτοις ουδε εγω λεγω υμιν εν ποια εξουσια ταυτα ποιω
290c010145	και ηρξατο αυτοις εν παραβολαις λεγειν αμπελωνα εφυτευσεν ανθρωπος και περιεθηκεν φραγμον και ωρυξεν υποληνιον και ωκοδομησεν πυργον και εξεδοτο αυτον γεωργοις και απεδημησεν
290c0200bf	και απεστειλεν προς τους γεωργους τω καιρω δουλον ινα παρα των γεωργων λαβη απο του καρπου του αμπελωνος
290c03005b	οι δε λαβοντες αυτον εδειραν και απεστειλαν κενον
290c0400cc	και παλιν απεστειλεν προς αυτους αλλον δουλον κακεινον λιθοβολησαντες εκεφαλαιωσαν και απεστειλαν ητιμωμενον
290c0500c4	και παλιν αλλον απεστειλεν κακεινον απεκτειναν και πολλους αλλους τους μεν δεροντες τους δε αποκτεινοντες
290c0600d2	ετι ουν ενα υιον εχων αγαπητον αυτου απεστειλεν και αυτον προς αυτους εσχατον λεγων οτι εντραπησονται τον υιον μου
290c0700e1	εκεινοι δε οι γεωργοι ειπον προς εαυτους οτι ουτος εστιν ο κληρονομος δευτε αποκτεινωμεν αυτον και ημων εσται η κληρονομια
290c080070	και λαβοντες αυτον απεκτειναν και εξεβαλον εξω του αμπελωνος
290c0900c0	τι ουν ποιησει ο κυριος του αμπελωνος ελευσεται και απολεσει τους γεωργους και δωσει τον αμπελωνα αλλοις
290c0a00c0	ουδε την γραφην ταυτην ανεγνωτε λιθον ον απεδοκιμασαν οι οικοδομουντες ουτος εγενηθη εις κεφαλην γωνιας
290c0b0071	παρα κυριου εγενετο αυτη και εστιν θαυμαστη εν οφθαλμοις ημων
290c0c00e7	και εζητουν αυτον κρατησαι και εφοβηθησαν τον οχλον εγνωσαν γαρ οτι προς αυτους την παραβολην ειπεν και αφεντες αυτον απηλθον
290c0d00ab	και αποστελλουσιν προς αυτον τινας των φαρισαιων και των ηρωδιανων ινα αυτον αγρευσωσιν λογω
290c0e0179	οι δε ελθοντες λεγουσιν αυτω διδασκαλε οιδαμεν οτι αληθης ει και ου μελει σοι περι ουδενος ου γαρ βλεπεις εις προσωπον ανθρωπων αλλ επ αληθειας την οδον του θεου διδασκεις εξεστιν κηνσον καισαρι δουναι η ου
290c0f00bd	δωμεν η μη δωμεν ο δε ειδως αυτων την υποκρισιν ειπεν αυτοις τι με πειραζετε φερετε μοι δηναριον ινα ιδω
290c1000a3	οι δε ηνεγκαν και λεγει αυτοις τινος η εικων αυτη και η επιγραφη οι δε ειπον αυτω καισαρος
290c1100c7	και αποκριθεις ο ιησους ειπεν αυτοις αποδοτε τα καισαρος καισαρι και τα του θεου τω θεω και εθαυμασαν επ αυτω
290c1200bd	και ερχονται σαδδουκαιοι προς αυτον οιτινες λεγουσιν αναστασιν μη ειναι και επηρωτησαν αυτον λεγοντες
290c130145	διδασκαλε μωσης εγραψεν ημιν οτι εαν τινος αδελφος αποθανη και καταλιπη γυναικα και τεκνα μη αφη ινα λαβη ο αδελφος αυτου την γυναικα αυτου και εξαναστηση σπερμα τω αδελφω αυτου
290c14009f	επτα {VAR2: ουν} αδελφοι ησαν και ο πρωτος ελαβεν γυναικα και αποθνησκων ουκ αφηκεν σπερμα
290c1500a5	και ο δευτερος ελαβεν αυτην και απεθανεν και ουδε αυτος αφηκεν σπερμα και ο τριτος ωσαυτως
290c160092	και ελαβον αυτην οι επτα και ουκ αφηκαν σπερμα εσχατη παντων απεθανεν και η γυνη
290c1700a3	εν τη ουν αναστασει οταν αναστωσιν τινος αυτων εσται γυνη οι γαρ επτα εσχον αυτην γυναικα
290c1800c2	και αποκριθεις ο ιησους ειπεν αυτοις ου δια τουτο πλανασθε μη ειδοτες τας γραφας μηδε την δυναμιν του θεου
290c1900b8	οταν γαρ εκ νεκρων αναστωσιν ουτε γαμουσιν ουτε γαμισκονται αλλ εισιν ως αγγελοι οι εν τοις ουρανοις
290c1a011c	περι δε των νεκρων οτι εγειρονται ουκ ανεγνωτε εν τη βιβλω μωσεως επι της βατου ως ειπεν αυτω ο θεος λεγων εγω ο θεος αβρααμ και ο θεος ισαακ και ο θεος ιακωβ
290c1b0075	ουκ εστιν ο θεος νεκρων αλλα θεος ζωντων υμεις ουν πολυ πλανασθε
290c1c00ff	και προσελθων εις των γραμματεων ακουσας αυτων συζητουντων ειδως οτι καλως αυτοις απεκριθη επηρωτησεν αυτον ποια εστιν πρωτη πασων εντολη
290c1d00ba	ο δε ιησους απεκριθη αυτω οτι πρωτη πασων των εντολων ακουε ισραηλ κυριος ο θεος ημων κυριος εις εστιν
290c1e011b	και αγαπησεις κυριον τον θεον σου εξ ολης της καρδιας σου και εξ ολης της ψυχης σου και εξ ολης της διανοιας σου και εξ ολης της ισχυος σου αυτη πρωτη εντολη
290c1f00af	και δευτερα ομοια αυτη αγαπησεις τον πλησιον σου ως σεαυτον μειζων τουτων αλλη εντολη ουκ εστιν
290c2000cb	και ειπεν αυτω ο γραμματευς καλως διδασκαλε επ αληθειας ειπας οτι εις εστιν θεος και ουκ εστιν αλλος πλην αυτου
290c210167	και το αγαπαν αυτον εξ ολης της καρδιας και εξ ολης της συνεσεως και εξ ολης της ψυχης και εξ ολης της ισχυος και το αγαπαν τον πλησιον ως εαυτον πλειον εστιν παντων των ολοκαυτωματων και των θυσιων
290c2200fd	και ο ιησους ιδων αυτον οτι νουνεχως απεκριθη ειπεν αυτω ου μακραν ει απο της βασιλειας του θεου και ουδεις ουκετι ετολμα αυτον επερωτησαι
290c2300c6	και αποκριθεις ο ιησους ελεγεν διδασκων εν τω ιερω πως λεγουσιν οι γραμματεις οτι ο χριστος υιος εστιν δαβιδ
290c240102	αυτος γαρ δαβιδ ειπεν εν τω πνευματι τω αγιω ειπεν ο κυριος τω κυριω μου καθου εκ δεξιων μου εως αν θω τους εχθρους σου υποποδιον των ποδων σου
290c2500b3	αυτος ουν δαβιδ λεγει αυτον κυριον και ποθεν υιος αυτου εστιν και ο πολυς οχλος ηκουεν αυτου ηδεως
290c2600ec	και ελεγεν αυτοις εν τη διδαχη αυτου βλεπετε απο των γραμματεων των θελοντων εν στολαις περιπατειν και ασπασμους εν ταις αγοραις
290c270085	και πρωτοκαθεδριας εν ταις συναγωγαις και πρωτοκλισιας εν τοις δειπνοις
290c2800c1	οι κατεσθιοντες τας οικιας των χηρων και προφασει μακρα προσευχομενοι ουτοι ληψονται περισσοτερον κριμα
290c2900fa	και καθισας ο ιησους κατεναντι του γαζοφυλακιου εθεωρει πως ο οχλος βαλλει χαλκον εις το γαζοφυλακιον και πολλοι πλουσιοι εβαλλον πολλα
290c2a0070	και ελθουσα μια χηρα πτωχη εβαλεν λεπτα δυο ο εστιν κοδραντης
290c2b010d	και προσκαλεσαμενος τους μαθητας αυτου λεγει αυτοις αμην λεγω υμιν οτι η χηρα αυτη η πτωχη πλειον παντων βεβληκεν των βαλοντων εις το γαζοφυλακιον
290c2c00dc	παντες γαρ εκ του περισσευοντος αυτοις εβαλον αυτη δε εκ της υστερησεως αυτης παντα οσα ειχεν εβαλεν ολον τον βιον αυτης
290d0100dc	και εκπορευομενου αυτου εκ του ιερου λεγει αυτω εις των μαθητων αυτου διδασκαλε ιδε ποταποι λιθοι και ποταπαι οικοδομαι
290d0200d4	και ο ιησους αποκριθεις ειπεν αυτω βλεπεις ταυτας τας μεγαλας οικοδομας ου μη αφεθη λιθος επι λιθω ος ου μη καταλυθη
290d0300ef	και καθημενου αυτου εις το ορος των ελαιων κατεναντι του ιερου επηρωτων αυτον κατ ιδιαν πετρος και ιακωβος και ιωαννης και ανδρεας
290d040093	ειπε ημιν ποτε ταυτα εσται και τι το σημειον οταν μελλη παντα ταυτα συντελεισθαι
290d050083	ο δε ιησους αποκριθεις αυτοις ηρξατο λεγειν βλεπετε μη τις υμας πλανηση
290d06009f	πολλοι γαρ ελευσονται επι τω ονοματι μου λεγοντες οτι εγω ειμι και πολλους πλανησουσιν
290d0700a5	οταν δε ακουσητε πολεμους και ακοας πολεμων μη θροεισθε δει γαρ γενεσθαι αλλ ουπω το τελος
290d080101	εγερθησεται γαρ εθνος επι εθνος και βασιλεια επι βασιλειαν και εσονται σεισμοι κατα τοπους και εσονται λιμοι και ταραχαι αρχαι ωδινων ταυτα
290d09014e	βλεπετε δε υμεις εαυτους παραδωσουσιν γαρ υμας εις συνεδρια και εις συναγωγας δαρησεσθε και επι ηγεμονων και βασιλεων {VAR1: σταθησεσθε} {VAR2: αχθησεσθε} ενεκεν εμου εις μαρτυριον αυτοις
290d0a0069	και εις παντα τα εθνη δει πρωτον κηρυχθηναι το ευαγγελιον
290d0b014c	οταν δε αγαγωσιν υμας παραδιδοντες μη προμεριμνατε τι λαλησητε μηδε μελετατε αλλ ο εαν δοθη υμιν εν εκεινη τη ωρα τουτο λαλειτε ου γαρ εστε υμεις οι λαλουντες αλλα το πνευμα το αγιον
290d0c00da	παραδωσει δε αδελφος αδελφον εις θανατον και πατηρ τεκνον και επαναστησονται τεκνα επι γονεις και θανατωσουσιν αυτους
290d0d00a5	και εσεσθε μισουμενοι υπο παντων δια το ονομα μου ο δε υπομεινας εις τελος ουτος σωθησεται
290d0e0135	οταν δε ιδητε το βδελυγμα της ερημωσεως το ρηθεν υπο δανιηλ του προφητου {VAR1: εστος} {VAR2: εστως} οπου ου δει ο αναγινωσκων νοειτω τοτε οι εν τη ιουδαια φευγετωσαν εις τα ορη
290d0f00a3	ο δε επι του δωματος μη καταβατω εις την οικιαν μηδε εισελθετω αραι τι εκ της οικιας αυτου
290d100082	και ο εις τον αγρον ων μη επιστρεψατω εις τα οπισω αραι το ιματιον αυτου
290d11008e	ουαι δε ταις εν γαστρι εχουσαις και ταις θηλαζουσαις εν εκειναις ταις ημεραις
290d12005c	προσευχεσθε δε ινα μη γενηται η φυγη υμων χειμωνος
290d1300e1	εσονται γαρ αι ημεραι εκειναι θλιψις οια ου γεγονεν τοιαυτη απ αρχης κτισεως ης εκτισεν ο θεος εως του νυν και ου μη γενηται
290d1400de	και ει μη κυριος εκολοβωσεν τας ημερας ουκ αν εσωθη πασα σαρξ αλλα δια τους εκλεκτους ους εξελεξατο εκολοβωσεν τας ημερας
290d150080	και τοτε εαν τις υμιν ειπη ιδου ωδε ο χριστος η ιδου εκει μη πιστευσητε
290d1600eb	εγερθησονται γαρ ψευδοχριστοι και ψευδοπροφηται και δωσουσιν σημεια και τερατα προς το αποπλαναν ει δυνατον και τους εκλεκτους
290d17004e	υμεις δε βλεπετε ιδου προειρηκα υμιν παντα
290d1800cd	αλλ εν εκειναις ταις ημεραις μετα την θλιψιν εκεινην ο ηλιος σκοτισθησεται και η σεληνη ου δωσει το φεγγος αυτης
290d1900b2	και οι αστερες του ουρανου εσονται εκπιπτοντες και αι δυναμεις αι εν τοις ουρανοις σαλευθησονται
290d1a00a8	και τοτε οψονται τον υιον του ανθρωπου ερχομενον εν νεφελαις μετα δυναμεως πολλης και δοξης
290d1b00ec	και τοτε αποστελει τους αγγελους αυτου και επισυναξει τους εκλεκτους αυτου εκ των τεσσαρων ανεμων απ ακρου γης εως ακρου ουρανου
290d1c00ed	απο δε της συκης μαθετε την παραβολην οταν αυτης ηδη ο κλαδος απαλος γενηται και εκφυη τα φυλλα γινωσκετε οτι εγγυς το θερος εστιν
290d1d0090	ουτως και υμεις οταν ταυτα ιδητε γινομενα γινωσκετε οτι εγγυς εστιν επι θυραις
290d1e0088	αμην λεγω υμιν οτι ου μη παρελθη η γενεα αυτη μεχρις ου παντα ταυτα γενηται
290d1f0076	ο ουρανος και η γη παρελευσονται οι δε λογοι μου ου μη παρελθωσιν
290d2000c0	περι δε της ημερας εκεινης και της ωρας ουδεις οιδεν ουδε οι αγγελοι οι εν ουρανω ουδε ο υιος ει μη ο πατηρ
290d210080	βλεπετε αγρυπνειτε και προσευχεσθε ουκ οιδατε γαρ ποτε ο καιρος εστιν
290d22010e	ως ανθρωπος αποδημος αφεις την οικιαν αυτου και δους τοις δουλοις αυτου την εξουσιαν και εκαστω το εργον αυτου και τω θυρωρω ενετειλατο ινα γρηγορη
290d2300bf	γρηγορειτε ουν ουκ οιδατε γαρ ποτε ο κυριος της οικιας ερχεται οψε η μεσονυκτιου η αλεκτοροφωνιας η πρωι
290d240049	μη ελθων εξαιφνης ευρη υμας καθευδοντας
290d250042	α δε υμιν λεγω πασιν λεγω γρηγορειτε
290e0100ec	ην δε το πασχα και τα αζυμα μετα δυο ημερας και εζητουν οι αρχιερεις και οι γραμματεις πως αυτον εν δολω κρατησαντες αποκτεινωσιν
290e020062	ελεγον δε μη εν τη εορτη μηποτε θορυβος εσται του λαου
290e030171	και οντος αυτου εν βηθανια εν τη οικια σιμωνος του λεπρου κατακειμενου αυτου ηλθεν γυνη εχουσα αλαβαστρον μυρου ναρδου πιστικης πολυτελους και συντριψασα το αλαβαστρον κατεχεεν αυτου κατα της κεφαλης
290e0400ab	ησαν δε τινες αγανακτουντες προς εαυτους και λεγοντες εις τι η απωλεια αυτη του μυρου γεγονεν
290e0500b7	ηδυνατο γαρ τουτο πραθηναι επανω τριακοσιων δηναριων και δοθηναι τοις πτωχοις και ενεβριμωντο αυτη
290e060098	ο δε ιησους ειπεν αφετε αυτην τι αυτη κοπους παρεχετε καλον εργον ειργασατο εις εμε
290e0700c4	παντοτε γαρ τους πτωχους εχετε μεθ εαυτων και οταν θελητε δυνασθε αυτους ευ ποιησαι εμε δε ου παντοτε εχετε
290e080083	ο ειχεν αυτη εποιησεν προελαβεν μυρισαι μου το σωμα εις τον ενταφιασμον
290e0900e2	αμην λεγω υμιν οπου αν κηρυχθη το ευαγγελιον τουτο εις ολον τον κοσμον και ο εποιησεν αυτη λαληθησεται εις μνημοσυνον αυτης
290e0a00a9	και ο ιουδας ο ισκαριωτης εις των δωδεκα απηλθεν προς τους αρχιερεις ινα παραδω αυτον αυτοις
290e0b00ba	οι δε ακουσαντες εχαρησαν και επηγγειλαντο αυτω αργυριον δουναι και εζητει πως ευκαιρως αυτον παραδω
290e0c00f2	και τη πρωτη ημερα των αζυμων οτε το πασχα εθυον λεγουσιν αυτω οι μαθηται αυτου που θελεις απελθοντες ετοιμασωμεν ινα φαγης το πασχα
290e0d010f	και αποστελλει δυο των μαθητων αυτου και λεγει αυτοις υπαγετε εις την πολιν και απαντησει υμιν ανθρωπος κεραμιον υδατος βασταζων ακολουθησατε αυτω
290e0e00e8	και οπου εαν εισελθη ειπατε τω οικοδεσποτη οτι ο διδασκαλος λεγει που εστιν το καταλυμα οπου το πασχα μετα των μαθητων μου φαγω
290e0f008a	και αυτος υμιν δειξει ανωγεον μεγα εστρωμενον ετοιμον εκει ετοιμασατε ημιν
290e1000be	και εξηλθον οι μαθηται αυτου και ηλθον εις την πολιν και ευρον καθως ειπεν αυτοις και ητοιμασαν το πασχα
290e110050	και οψιας γενομενης ερχεται μετα των δωδεκα
290e1200cc	και ανακειμενων αυτων και εσθιοντων ειπεν ο ιησους αμην λεγω υμιν οτι εις εξ υμων παραδωσει με ο εσθιων μετ εμου
290e13008f	οι δε ηρξαντο λυπεισθαι και λεγειν αυτω εις καθ εις μητι εγω και αλλος μητι εγω
290e14009d	ο δε αποκριθεις ειπεν αυτοις εις εκ των δωδεκα ο εμβαπτομενος μετ εμου εις το τρυβλιον
290e150136	ο μεν υιος του ανθρωπου υπαγει καθως γεγραπται περι αυτου ουαι δε τω ανθρωπω εκεινω δι ου ο υιος του ανθρωπου παραδιδοται καλον ην αυτω ει ουκ εγεννηθη ο ανθρωπος εκεινος
290e1600e4	και εσθιοντων αυτων λαβων ο ιησους αρτον ευλογησας εκλασεν και εδωκεν αυτοις και ειπεν λαβετε φαγετε τουτο εστιν το σωμα μου
290e170089	και λαβων το ποτηριον ευχαριστησας εδωκεν αυτοις και επιον εξ αυτου παντες
290e1800a5	και ειπεν αυτοις τουτο εστιν το αιμα μου το της καινης διαθηκης το περι πολλων εκχυνομενον
290e1900f3	αμην λεγω υμιν οτι ουκετι ου μη πιω εκ του γεννηματος της αμπελου εως της ημερας εκεινης οταν αυτο πινω καινον εν τη βασιλεια του θεου
290e1a0053	και υμνησαντες εξηλθον εις το ορος των ελαιων
290e1b010c	και λεγει αυτοις ο ιησους οτι παντες σκανδαλισθησεσθε εν εμοι εν τη νυκτι ταυτη οτι γεγραπται παταξω τον ποιμενα και διασκορπισθησεται τα προβατα
290e1c0065	αλλα μετα το εγερθηναι με προαξω υμας εις την γαλιλαιαν
290e1d0075	ο δε πετρος εφη αυτω και ει παντες σκανδαλισθησονται αλλ ουκ εγω
290e1e00cb	και λεγει αυτω ο ιησους αμην λεγω σοι οτι σημερον εν τη νυκτι ταυτη πριν η δις αλεκτορα φωνησαι τρις απαρνηση με
290e1f00c5	ο δε εκ περισσου ελεγεν μαλλον εαν με δεη συναποθανειν σοι ου μη σε απαρνησομαι ωσαυτως δε και παντες ελεγον
290e2000c0	και ερχονται εις χωριον ου το ονομα γεθσημανη και λεγει τοις μαθηταις αυτου καθισατε ωδε εως προσευξωμαι
290e2100c1	και παραλαμβανει τον πετρον και τον ιακωβον και ιωαννην μεθ εαυτου και ηρξατο εκθαμβεισθαι και αδημονειν
290e220097	και λεγει αυτοις περιλυπος εστιν η ψυχη μου εως θανατου μεινατε ωδε και γρηγορειτε
290e2300b1	και προελθων μικρον επεσεν επι της γης και προσηυχετο ινα ει δυνατον εστιν παρελθη απ αυτου η ωρα
290e2400bf	και ελεγεν αββα ο πατηρ παντα δυνατα σοι παρενεγκε το ποτηριον απ εμου τουτο αλλ ου τι εγω θελω αλλα τι συ
290e2500ce	και ερχεται και ευρισκει αυτους καθευδοντας και λεγει τω πετρω σιμων καθευδεις ουκ ισχυσας μιαν ωραν γρηγορησαι
290e2600b5	γρηγορειτε και προσευχεσθε ινα μη εισελθητε εις πειρασμον το μεν πνευμα προθυμον η δε σαρξ ασθενης
290e27005d	και παλιν απελθων προσηυξατο τον αυτον λογον ειπων
290e2800df	και υποστρεψας ευρεν αυτους παλιν καθευδοντας ησαν γαρ οι οφθαλμοι αυτων βεβαρημενοι και ουκ ηδεισαν τι αυτω αποκριθωσιν
290e290122	και ερχεται το τριτον και λεγει αυτοις καθευδετε το λοιπον και αναπαυεσθε απεχει ηλθεν η ωρα ιδου παραδιδοται ο υιος του ανθρωπου εις τας χειρας των αμαρτωλων
290e2a0054	εγειρεσθε αγωμεν ιδου ο παραδιδους με ηγγικεν
290e2b0142	και ευθεως ετι αυτου λαλουντος παραγινεται ιουδας εις ων των δωδεκα και μετ αυτου οχλος πολυς μετα μαχαιρων και ξυλων παρα των αρχιερεων και των γραμματεων και των πρεσβυτερων
290e2c00d3	δεδωκει δε ο παραδιδους αυτον συσσημον αυτοις λεγων ον αν φιλησω αυτος εστιν κρατησατε αυτον και απαγαγετε ασφαλως
290e2d0084	και ελθων ευθεως προσελθων αυτω λεγει ραββι ραββι και κατεφιλησεν αυτον
290e2e006e	οι δε επεβαλον επ αυτον τας χειρας αυτων και εκρατησαν αυτον
290e2f00cd	εις δε τις των παρεστηκοτων σπασαμενος την μαχαιραν επαισεν τον δουλον του αρχιερεως και αφειλεν αυτου το ωτιον
290e3000b1	και αποκριθεις ο ιησους ειπεν αυτοις ως επι ληστην εξηλθετε μετα μαχαιρων και ξυλων συλλαβειν με
290e3100af	καθ ημεραν ημην προς υμας εν τω ιερω διδασκων και ουκ εκρατησατε με αλλ ινα πληρωθωσιν αι γραφαι
290e32003a	και αφεντες αυτον παντες εφυγον
290e3300c0	και εις τις νεανισκος ηκολουθει αυτω περιβεβλημενος σινδονα επι γυμνου και κρατουσιν αυτον οι νεανισκοι
290e34005a	ο δε καταλιπων την σινδονα γυμνος εφυγεν απ αυτων
290e3500dc	και απηγαγον τον ιησουν προς τον αρχιερεα και συνερχονται αυτω παντες οι αρχιερεις και οι πρεσβυτεροι και οι γραμματεις
290e36010c	και ο πετρος απο μακροθεν ηκολουθησεν αυτω εως εσω εις την αυλην του αρχιερεως και ην συγκαθημενος μετα των υπηρετων και θερμαινομενος προς το φως
290e3700ca	οι δε αρχιερεις και ολον το συνεδριον εζητουν κατα του ιησου μαρτυριαν εις το θανατωσαι αυτον και ουχ ευρισκον
290e38007c	πολλοι γαρ εψευδομαρτυρουν κατ αυτου και ισαι αι μαρτυριαι ουκ ησαν
290e390068	και τινες ανασταντες εψευδομαρτυρουν κατ αυτου λεγοντες
290e3a00fd	οτι ημεις ηκουσαμεν αυτου λεγοντος οτι εγω καταλυσω τον ναον τουτον τον χειροποιητον και δια τριων ημερων αλλον αχειροποιητον οικοδομησω
290e3b0045	και ουδε ουτως ιση ην η μαρτυρια αυτων
290e3c00cf	και αναστας ο αρχιερευς εις το μεσον επηρωτησεν τον ιησουν λεγων ουκ αποκρινη ουδεν τι ουτοι σου καταμαρτυρουσιν
290e3d00d3	ο δε εσιωπα και ουδεν απεκρινατο παλιν ο αρχιερευς επηρωτα αυτον και λεγει αυτω συ ει ο χριστος ο υιος του ευλογητου
290e3e00f7	ο δε ιησους ειπεν εγω ειμι και οψεσθε τον υιον του ανθρωπου καθημενον εκ δεξιων της δυναμεως και ερχομενον μετα των νεφελων του ουρανου
290e3f0092	ο δε αρχιερευς διαρρηξας τους χιτωνας αυτου λεγει τι ετι χρειαν εχομεν μαρτυρων
290e4000a9	ηκουσατε της βλασφημιας τι υμιν φαινεται οι δε παντες κατεκριναν αυτον ειναι ενοχον θανατου
290e410124	και ηρξαντο τινες εμπτυειν αυτω και περικαλυπτειν το προσωπον αυτου και κολαφιζειν αυτον και λεγειν αυτω προφητευσον και οι υπηρεται ραπισμασιν αυτον εβαλλον
290e42008b	και οντος του πετρου εν τη αυλη κατω ερχεται μια των παιδισκων του αρχιερεως
290e4300ac	και ιδουσα τον πετρον θερμαινομενον εμβλεψασα αυτω λεγει και συ μετα του ναζαρηνου ιησου ησθα
290e4400c9	ο δε ηρνησατο λεγων ουκ οιδα ουδε επισταμαι τι συ λεγεις και εξηλθεν εξω εις το προαυλιον και αλεκτωρ εφωνησεν
290e4500a6	και η παιδισκη ιδουσα αυτον παλιν ηρξατο λεγειν τοις παρεστηκοσιν οτι ουτος εξ αυτων εστιν
290e4600f5	ο δε παλιν ηρνειτο και μετα μικρον παλιν οι παρεστωτες ελεγον τω πετρω αληθως εξ αυτων ει και γαρ γαλιλαιος ει και η λαλια σου ομοιαζει
290e470093	ο δε ηρξατο αναθεματιζειν και ομνυειν οτι ουκ οιδα τον ανθρωπον τουτον ον λεγετε
290e480122	και εκ δευτερου αλεκτωρ εφωνησεν και ανεμνησθη ο πετρος του ρηματος ου ειπεν αυτω ο ιησους οτι πριν αλεκτορα φωνησαι δις απαρνηση με τρις και επιβαλων εκλαιεν
290f010139	και ευθεως επι το πρωι συμβουλιον ποιησαντες οι αρχιερεις μετα των πρεσβυτερων και γραμματεων και ολον το συνεδριον δησαντες τον ιησουν απηνεγκαν και παρεδωκαν τω πιλατω
290f0200b1	και επηρωτησεν αυτον ο πιλατος συ ει ο βασιλευς των ιουδαιων ο δε αποκριθεις ειπεν αυτω συ λεγεις
290f030081	και κατηγορουν αυτου οι αρχιερεις πολλα {VAR2: αυτος δε ουδεν απεκρινατο}
290f0400a5	ο δε πιλατος παλιν επηρωτησεν αυτον λεγων ουκ αποκρινη ουδεν ιδε ποσα σου καταμαρτυρουσιν
290f05006f	ο δε ιησους ουκετι ουδεν απεκριθη ωστε θαυμαζειν τον πιλατον
290f060066	κατα δε εορτην απελυεν αυτοις ενα δεσμιον ονπερ ητουντο
290f0700b6	ην δε ο λεγομενος βαραββας μετα των συστασιαστων δεδεμενος οιτινες εν τη στασει φονον πεποιηκεισαν
290f080073	και αναβοησας ο οχλος ηρξατο αιτεισθαι καθως αει εποιει αυτοις
290f090092	ο δε πιλατος απεκριθη αυτοις λεγων θελετε απολυσω υμιν τον βασιλεα των ιουδαιων
290f0a0074	εγινωσκεν γαρ οτι δια φθονον παραδεδωκεισαν αυτον οι αρχιερεις
290f0b0089	οι δε αρχιερεις ανεσεισαν τον οχλον ινα μαλλον τον βαραββαν απολυση αυτοις
290f0c00ad	ο δε πιλατος αποκριθεις παλιν ειπεν αυτοις τι ουν θελετε ποιησω ον λεγετε βασιλεα των ιουδαιων
290f0d0041	οι δε παλιν εκραξαν σταυρωσον αυτον
290f0e00a8	ο δε πιλατος ελεγεν αυτοις τι γαρ κακον εποιησεν οι δε περισσοτερως εκραξαν σταυρωσον αυτον
290f0f00ed	ο δε πιλατος βουλομενος τω οχλω το ικανον ποιησαι απελυσεν αυτοις τον βαραββαν και παρεδωκεν τον ιησουν φραγελλωσας ινα σταυρωθη
290f1000b3	οι δε στρατιωται απηγαγον αυτον εσω της αυλης ο εστιν πραιτωριον και συγκαλουσιν ολην την σπειραν
290f110095	και ενδυουσιν αυτον πορφυραν και περιτιθεασιν αυτω πλεξαντες ακανθινον στεφανον
290f120067	και ηρξαντο ασπαζεσθαι αυτον χαιρε βασιλευ των ιουδαιων
290f1300ae	και ετυπτον αυτου την κεφαλην καλαμω και ενεπτυον αυτω και τιθεντες τα γονατα προσεκυνουν αυτω
290f1400ee	και οτε ενεπαιξαν αυτω εξεδυσαν αυτον την πορφυραν και ενεδυσαν αυτον τα ιματια τα ιδια και εξαγουσιν αυτον ινα σταυρωσωσιν αυτον
290f1500ea	και αγγαρευουσιν παραγοντα τινα σιμωνα κυρηναιον ερχομενον απ αγρου τον πατερα αλεξανδρου και ρουφου ινα αρη τον σταυρον αυτου
290f16008c	και φερουσιν αυτον επι γολγοθα τοπον ο εστιν μεθερμηνευομενον κρανιου τοπος
290f17006b	και εδιδουν αυτω πιειν εσμυρνισμενον οινον ο δε ουκ ελαβεν
290f18009d	και σταυρωσαντες αυτον διεμεριζον τα ιματια αυτου βαλλοντες κληρον επ αυτα τις τι αρη
290f190042	ην δε ωρα τριτη και εσταυρωσαν αυτον
290f1a0085	και ην η επιγραφη της αιτιας αυτου επιγεγραμμενη ο βασιλευς των ιουδαιων
290f1b0087	και συν αυτω σταυρουσιν δυο ληστας ενα εκ δεξιων και ενα εξ ευωνυμων αυτου
290f1c0065	και επληρωθη η γραφη η λεγουσα και μετα ανομων ελογισθη
290f1d00fe	και οι παραπορευομενοι εβλασφημουν αυτον κινουντες τας κεφαλας αυτων και λεγοντες ουα ο καταλυων τον ναον και εν τρισιν ημεραις οικοδομων
290f1e004a	σωσον σεαυτον και καταβα απο του σταυρου
290f1f00d9	ομοιως δε και οι αρχιερεις εμπαιζοντες προς αλληλους μετα των γραμματεων ελεγον αλλους εσωσεν εαυτον ου δυναται σωσαι
290f2000f2	ο χριστος ο βασιλευς του ισραηλ καταβατω νυν απο του σταυρου ινα ιδωμεν και πιστευσωμεν και οι συνεσταυρωμενοι αυτω ωνειδιζον αυτον
290f210082	γενομενης δε ωρας εκτης σκοτος εγενετο εφ ολην την γην εως ωρας εννατης
290f220111	και τη ωρα τη εννατη εβοησεν ο ιησους φωνη μεγαλη λεγων ελωι ελωι λαμμα σαβαχθανι ο εστιν μεθερμηνευομενον ο θεος μου ο θεος μου εις τι με εγκατελιπες
290f230072	και τινες των παρεστηκοτων ακουσαντες ελεγον ιδου ηλιαν φωνει
290f2400e5	δραμων δε εις και γεμισας σπογγον οξους περιθεις τε καλαμω εποτιζεν αυτον λεγων αφετε ιδωμεν ει ερχεται ηλιας καθελειν αυτον
290f25004e	ο δε ιησους αφεις φωνην μεγαλην εξεπνευσεν
290f260073	και το καταπετασμα του ναου εσχισθη εις δυο απο ανωθεν εως κατω
290f2700de	ιδων δε ο κεντυριων ο παρεστηκως εξ εναντιας αυτου οτι ουτως κραξας εξεπνευσεν ειπεν αληθως ο ανθρωπος ουτος υιος ην θεου
290f2800f7	ησαν δε και γυναικες απο μακροθεν θεωρουσαι εν αις ην και μαρια η μαγδαληνη και μαρια η του ιακωβου του μικρου και ιωση μητηρ και σαλωμη
290f2900d3	αι και οτε ην εν τη γαλιλαια ηκολουθουν αυτω και διηκονουν αυτω και αλλαι πολλαι αι συναναβασαι αυτω εις ιεροσολυμα
290f2a0071	και ηδη οψιας γενομενης επει ην παρασκευη ο εστιν προσαββατον
290f2b0129	ηλθεν ιωσηφ ο απο αριμαθαιας ευσχημων βουλευτης ος και αυτος ην προσδεχομενος την βασιλειαν του θεου τολμησας εισηλθεν προς πιλατον και ητησατο το σωμα του ιησου
290f2c00c9	ο δε πιλατος εθαυμασεν ει ηδη τεθνηκεν και προσκαλεσαμενος τον κεντυριωνα επηρωτησεν αυτον ει παλαι απεθανεν
290f2d0067	και γνους απο του κεντυριωνος εδωρησατο το σωμα τω ιωσηφ
290f2e0138	και αγορασας σινδονα και καθελων αυτον ενειλησεν τη σινδονι και κατεθηκεν αυτον εν μνημειω ο ην λελατομημενον εκ πετρας και προσεκυλισεν λιθον επι την θυραν του μνημειου
290f2f006a	η δε μαρια η μαγδαληνη και μαρια ιωση εθεωρουν που τιθεται
29100100ed	και διαγενομενου του σαββατου μαρια η μαγδαληνη και μαρια η του ιακωβου και σαλωμη ηγορασαν αρωματα ινα ελθουσαι αλειψωσιν αυτον
2910020092	και λιαν πρωι της μιας σαββατων ερχονται επι το μνημειον ανατειλαντος του ηλιου
291003008f	και ελεγον προς εαυτας τις αποκυλισει ημιν τον λιθον εκ της θυρας του μνημειου
2910040084	και αναβλεψασαι θεωρουσιν οτι αποκεκυλισται ο λιθος ην γαρ μεγας σφοδρα
29100500e1	και εισελθουσαι εις το μνημειον ειδον νεανισκον καθημενον εν τοις δεξιοις περιβεβλημενον στολην λευκην και εξεθαμβηθησαν
29100600ed	ο δε λεγει αυταις μη εκθαμβεισθε ιησουν ζητειτε τον ναζαρηνον τον εσταυρωμενον ηγερθη ουκ εστιν ωδε ιδε ο τοπος οπου εθηκαν αυτον
29100700de	αλλ υπαγετε ειπατε τοις μαθηταις αυτου και τω πετρω οτι προαγει υμας εις την γαλιλαιαν εκει αυτον οψεσθε καθως ειπεν υμιν
29100800d4	και εξελθουσαι ταχυ εφυγον απο του μνημειου ειχεν δε αυτας τρομος και εκστασις και ουδενι ουδεν ειπον εφοβουντο γαρ
29100900fc	(note: The most reliable and earliest manuscripts do not include Mark 16:9-20.) αναστας δε πρωι πρωτη σαββατου εφανη πρωτον μαρια τη μαγδαληνη αφ ης εκβεβληκει επτα δαιμονια
29100a0093	εκεινη πορευθεισα απηγγειλεν τοις μετ αυτου γενομενοις πενθουσιν και κλαιουσιν
29100b0068	κακεινοι ακουσαντες οτι ζη και εθεαθη υπ αυτης ηπιστησαν
29100c00a5	μετα δε ταυτα δυσιν εξ αυτων περιπατουσιν εφανερωθη εν ετερα μορφη πορευομενοις εις αγρον
29100d0081	κακεινοι απελθοντες απηγγειλαν τοις λοιποις ουδε εκεινοις επιστευσαν
29100e0121	υστερον ανακειμενοις αυτοις τοις ενδεκα εφανερωθη και ωνειδισεν την απιστιαν αυτων και σκληροκαρδιαν οτι τοις θεασαμενοις αυτον εγηγερμενον ουκ επιστευσαν
29100f00a3	και ειπεν αυτοις πορευθεντες εις τον κοσμον απαντα κηρυξατε το ευαγγελιον παση τη κτισει
291010007c	ο πιστευσας και βαπτισθεις σωθησεται ο δε απιστησας κατακριθησεται
29101100d4	σημεια δε τοις πιστευσασιν ταυτα παρακολουθησει εν τω ονοματι μου δαιμονια εκβαλουσιν γλωσσαις λαλησουσιν καιναις
29101200c8	οφεις αρουσιν καν θανασιμον τι πιωσιν ου μη αυτους βλαψει επι αρρωστους χειρας επιθησουσιν και καλως εξουσιν
29101300af	ο μεν ουν κυριος μετα το λαλησαι αυτοις ανεληφθη εις τον ουρανον και εκαθισεν εκ δεξιων του θεου
29101400ec	εκεινοι δε εξελθοντες εκηρυξαν πανταχου του κυριου συνεργουντος και τον λογον βεβαιουντος δια των επακολουθουντων σημειων αμην
2a00000015	Κατα Λουκαν
2a010100b0	επειδηπερ πολλοι επεχειρησαν αναταξασθαι διηγησιν περι των πεπληροφορημενων εν ημιν πραγματων
2a01020089	καθως παρεδοσαν ημιν οι απ αρχης αυτοπται και υπηρεται γενομενοι του λογου
2a010300a0	εδοξεν καμοι παρηκολουθηκοτι ανωθεν πασιν ακριβως καθεξης σοι γραψαι κρατιστε θεοφιλε
2a0104005b	ινα επιγνως περι ων κατηχηθης λογων την ασφαλειαν
2a01050138	εγενετο εν ταις ημεραις ηρωδου του βασιλεως της ιουδαιας ιερευς τις ονοματι ζαχαριας εξ εφημεριας αβια και η γυνη αυτου εκ των θυγατερων ααρων και το ονομα αυτης ελισαβετ
2a010600d4	ησαν δε δικαιοι αμφοτεροι ενωπιον του θεου πορευομενοι εν πασαις ταις εντολαις και δικαιωμασιν του κυριου αμεμπτοι
2a010700c3	και ουκ ην αυτοις τεκνον καθοτι η ελισαβετ ην στειρα και αμφοτεροι προβεβηκοτες εν ταις ημεραις αυτων ησαν
2a01080094	εγενετο δε εν τω ιερατευειν αυτον εν τη ταξει της εφημεριας αυτου εναντι του θεου
2a01090091	κατα το εθος της ιερατειας ελαχεν του θυμιασαι εισελθων εις τον ναον του κυριου
2a010a007e	και παν το πληθος του λαου ην προσευχομενον εξω τη ωρα του θυμιαματος
2a010b008b	ωφθη δε αυτω αγγελος κυριου εστως εκ δεξιων του θυσιαστηριου του θυμιαματος
2a010c0064	και εταραχθη ζαχαριας ιδων και φοβος επεπεσεν επ αυτον
2a010d0119	ειπεν δε προς αυτον ο αγγελος μη φοβου ζαχαρια διοτι εισηκουσθη η δεησις σου και η γυνη σου ελισαβετ γεννησει υιον σοι και καλεσεις το ονομα αυτου ιωαννην
2a010e008e	και εσται χαρα σοι και αγαλλιασις και πολλοι επι τη γεννησει αυτου χαρησονται
2a010f00e5	εσται γαρ μεγας ενωπιον του κυριου και οινον και σικερα ου μη πιη και πνευματος αγιου πλησθησεται ετι εκ κοιλιας μητρος αυτου
2a01100076	και πολλους των υιων ισραηλ επιστρεψει επι κυριον τον θεον αυτων
2a01110143	και αυτος προελευσεται ενωπιον αυτου εν πνευματι και δυναμει ηλιου επιστρεψαι καρδιας πατερων επι τεκνα και απειθεις εν φρονησει δικαιων ετοιμασαι κυριω λαον κατεσκευασμενον
2a011200ee	και ειπεν ζαχαριας προς τον αγγελον κατα τι γνωσομαι τουτο εγω γαρ ειμι πρεσβυτης και η γυνη μου προβεβηκυια εν ταις ημεραις αυτης
2a01130104	και αποκριθεις ο αγγελος ειπεν αυτω εγω ειμι γαβριηλ ο παρεστηκως ενωπιον του θεου και απεσταλην λαλησαι προς σε και ευαγγελισασθαι σοι ταυτα
2a0114011b	και ιδου εση σιωπων και μη δυναμενος λαλησαι αχρι ης ημερας γενηται ταυτα ανθ ων ουκ επιστευσας τοις λογοις μου οιτινες πληρωθησονται εις τον καιρον αυτων
2a01150095	και ην ο λαος προσδοκων τον ζαχαριαν και εθαυμαζον εν τω χρονιζειν αυτον εν τω ναω
2a011600ef	εξελθων δε ουκ ηδυνατο λαλησαι αυτοις και επεγνωσαν οτι οπτασιαν εωρακεν εν τω ναω και αυτος ην διανευων αυτοις και διεμενεν κωφος
2a0117009d	και εγενετο ως επλησθησαν αι ημεραι της λειτουργιας αυτου απηλθεν εις τον οικον αυτου
2a011800b9	μετα δε ταυτας τας ημερας συνελαβεν ελισαβετ η γυνη αυτου και περιεκρυβεν εαυτην μηνας πεντε λεγουσα
2a011900a7	οτι ουτως μοι πεποιηκεν ο κυριος εν ημεραις αις επειδεν αφελειν το ονειδος μου εν ανθρωποις
2a011a00d6	εν δε τω μηνι τω εκτω απεσταλη ο αγγελος γαβριηλ υπο του θεου εις πολιν της γαλιλαιας η ονομα {VAR1: ναζαρετ} {VAR2: ναζαρεθ}
2a011b00b1	προς παρθενον μεμνηστευμενην ανδρι ω ονομα ιωσηφ εξ οικου δαβιδ και το ονομα της παρθενου μαριαμ
2a011c00bc	και εισελθων ο αγγελος προς αυτην ειπεν χαιρε κεχαριτωμενη ο κυριος μετα σου ευλογημενη συ εν γυναιξιν
2a011d009c	η δε ιδουσα διεταραχθη επι τω λογω αυτου και διελογιζετο ποταπος ειη ο ασπασμος ουτος
2a011e007b	και ειπεν ο αγγελος αυτη μη φοβου μαριαμ ευρες γαρ χαριν παρα τω θεω
2a011f0089	και ιδου συλληψη εν γαστρι και τεξη υιον και καλεσεις το ονομα αυτου ιησουν
2a012000c6	ουτος εσται μεγας και υιος υψιστου κληθησεται και δωσει αυτω κυριος ο θεος τον θρονον δαβιδ του πατρος αυτου
2a012100a5	και βασιλευσει επι τον οικον ιακωβ εις τους αιωνας και της βασιλειας αυτου ουκ εσται τελος
2a01220080	ειπεν δε μαριαμ προς τον αγγελον πως εσται τουτο επει ανδρα ου γινωσκω
2a0123012b	και αποκριθεις ο αγγελος ειπεν αυτη πνευμα αγιον επελευσεται επι σε και δυναμις υψιστου επισκιασει σοι διο και το γεννωμενον {VAR2: εκ σου} αγιον κληθησεται υιος θεου
2a012400e1	και ιδου ελισαβετ η συγγενης σου και αυτη συνειληφυια υιον εν γηρα αυτης και ουτος μην εκτος εστιν αυτη τη καλουμενη στειρα
2a01250047	οτι ουκ αδυνατησει παρα τω θεω παν ρημα
2a012600ac	ειπεν δε μαριαμ ιδου η δουλη κυριου γενοιτο μοι κατα το ρημα σου και απηλθεν απ αυτης ο αγγελος
2a012700b1	αναστασα δε μαριαμ εν ταις ημεραις ταυταις επορευθη εις την ορεινην μετα σπουδης εις πολιν ιουδα
2a01280071	και εισηλθεν εις τον οικον ζαχαριου και ησπασατο την ελισαβετ
2a012900fa	και εγενετο ως ηκουσεν η ελισαβετ τον ασπασμον της μαριας εσκιρτησεν το βρεφος εν τη κοιλια αυτης και επλησθη πνευματος αγιου η ελισαβετ
2a012a00be	και ανεφωνησεν φωνη μεγαλη και ειπεν ευλογημενη συ εν γυναιξιν και ευλογημενος ο καρπος της κοιλιας σου
2a012b006a	και ποθεν μοι τουτο ινα ελθη η μητηρ του κυριου μου προς με
2a012c00c7	ιδου γαρ ως εγενετο η φωνη του ασπασμου σου εις τα ωτα μου εσκιρτησεν εν αγαλλιασει το βρεφος εν τη κοιλια μου
2a012d0093	και μακαρια η πιστευσασα οτι εσται τελειωσις τοις λελαλημενοις αυτη παρα κυριου
2a012e0058	και ειπεν μαριαμ μεγαλυνει η ψυχη μου τον κυριον
2a012f0060	και ηγαλλιασεν το πνευμα μου επι τω θεω τω σωτηρι μου
2a013000b9	οτι επεβλεψεν επι την ταπεινωσιν της δουλης αυτου ιδου γαρ απο του νυν μακαριουσιν με πασαι αι γενεαι
2a0131006e	οτι εποιησεν μοι μεγαλεια ο δυνατος και αγιον το ονομα αυτου
2a0132006d	και το ελεος αυτου εις γενεας γενεων τοις φοβουμενοις αυτον
2a01330097	εποιησεν κρατος εν βραχιονι αυτου διεσκορπισεν υπερηφανους διανοια καρδιας αυτων
2a0134005c	καθειλεν δυναστας απο θρονων και υψωσεν ταπεινους
2a01350076	πεινωντας ενεπλησεν αγαθων και πλουτουντας εξαπεστειλεν κενους
2a01360059	αντελαβετο ισραηλ παιδος αυτου μνησθηναι ελεους
2a01370098	καθως ελαλησεν προς τους πατερας ημων τω αβρααμ και τω σπερματι αυτου εις τον αιωνα
2a0138008f	εμεινεν δε μαριαμ συν αυτη ωσει μηνας τρεις και υπεστρεψεν εις τον οικον αυτης
2a0139007b	τη δε ελισαβετ επλησθη ο χρονος του τεκειν αυτην και εγεννησεν υιον
2a013a00d2	και ηκουσαν οι περιοικοι και οι συγγενεις αυτης οτι εμεγαλυνεν κυριος το ελεος αυτου μετ αυτης και συνεχαιρον αυτη
2a013b00d3	και εγενετο εν τη ογδοη ημερα ηλθον περιτεμειν το παιδιον και εκαλουν αυτο επι τω ονοματι του πατρος αυτου ζαχαριαν
2a013c0077	και αποκριθεισα η μητηρ αυτου ειπεν ουχι αλλα κληθησεται ιωαννης
2a013d009d	και ειπον προς αυτην οτι ουδεις εστιν εν τη συγγενεια σου ος καλειται τω ονοματι τουτω
2a013e0068	ενενευον δε τω πατρι αυτου το τι αν θελοι καλεισθαι αυτον
2a013f00a0	και αιτησας πινακιδιον εγραψεν λεγων ιωαννης εστιν το ονομα αυτου και εθαυμασαν παντες
2a01400096	ανεωχθη δε το στομα αυτου παραχρημα και η γλωσσα αυτου και ελαλει ευλογων τον θεον
2a014100df	και εγενετο επι παντας φοβος τους περιοικουντας αυτους και εν ολη τη ορεινη της ιουδαιας διελαλειτο παντα τα ρηματα ταυτα
2a014200d7	και εθεντο παντες οι ακουσαντες εν τη καρδια αυτων λεγοντες τι αρα το παιδιον τουτο εσται και χειρ κυριου ην μετ αυτου
2a01430088	και ζαχαριας ο πατηρ αυτου επλησθη πνευματος αγιου και προεφητευσεν λεγων
2a0144009b	ευλογητος κυριος ο θεος του ισραηλ οτι επεσκεψατο και εποιησεν λυτρωσιν τω λαω αυτου
2a01450077	και ηγειρεν κερας σωτηριας ημιν εν τω οικω δαβιδ του παιδος αυτου
2a0146007a	καθως ελαλησεν δια στοματος των αγιων των απ αιωνος προφητων αυτου
2a01470074	σωτηριαν εξ εχθρων ημων και εκ χειρος παντων των μισουντων ημας
2a01480082	ποιησαι ελεος μετα των πατερων ημων και μνησθηναι διαθηκης αγιας αυτου
2a0149004f	ορκον ον ωμοσεν προς αβρααμ τον πατερα ημων
2a014a0087	του δουναι ημιν αφοβως εκ χειρος των εχθρων ημων ρυσθεντας λατρευειν αυτω
2a014b0083	εν οσιοτητι και δικαιοσυνη ενωπιον αυτου πασας τας ημερας της ζωης ημων
2a014c00b3	και συ παιδιον προφητης υψιστου κληθηση προπορευση γαρ προ προσωπου κυριου ετοιμασαι οδους αυτου
2a014d0076	του δουναι γνωσιν σωτηριας τω λαω αυτου εν αφεσει αμαρτιων αυτων
2a014e007f	δια σπλαγχνα ελεους θεου ημων εν οις επεσκεψατο ημας ανατολη εξ υψους
2a014f00b7	επιφαναι τοις εν σκοτει και σκια θανατου καθημενοις του κατευθυναι τους ποδας ημων εις οδον ειρηνης
2a015000d0	το δε παιδιον ηυξανεν και εκραταιουτο πνευματι και ην εν ταις ερημοις εως ημερας αναδειξεως αυτου προς τον ισραηλ
2a020100c8	εγενετο δε εν ταις ημεραις εκειναις εξηλθεν δογμα παρα καισαρος αυγουστου απογραφεσθαι πασαν την οικουμενην
2a02020076	αυτη η απογραφη πρωτη εγενετο ηγεμονευοντος της συριας κυρηνιου
2a02030074	και επορευοντο παντες απογραφεσθαι εκαστος εις την ιδιαν πολιν
2a0204013a	ανεβη δε και ιωσηφ απο της γαλιλαιας εκ πολεως {VAR1: ναζαρετ} {VAR2: ναζαρεθ} εις την ιουδαιαν εις πολιν δαβιδ ητις καλειται βηθλεεμ δια το ειναι αυτον εξ οικου και πατριας δαβιδ
2a02050078	απογραψασθαι συν μαριαμ τη μεμνηστευμενη αυτω γυναικι ουση εγκυω
2a02060084	εγενετο δε εν τω ειναι αυτους εκει επλησθησαν αι ημεραι του τεκειν αυτην
2a020700fd	και ετεκεν τον υιον αυτης τον πρωτοτοκον και εσπαργανωσεν αυτον και ανεκλινεν αυτον εν τη φατνη διοτι ουκ ην αυτοις τοπος εν τω καταλυματι
2a020800c3	και ποιμενες ησαν εν τη χωρα τη αυτη αγραυλουντες και φυλασσοντες φυλακας της νυκτος επι την ποιμνην αυτων
2a020900b8	και ιδου αγγελος κυριου επεστη αυτοις και δοξα κυριου περιελαμψεν αυτους και εφοβηθησαν φοβον μεγαν
2a020a00bf	και ειπεν αυτοις ο αγγελος μη φοβεισθε ιδου γαρ ευαγγελιζομαι υμιν χαραν μεγαλην ητις εσται παντι τω λαω
2a020b007d	οτι ετεχθη υμιν σημερον σωτηρ ος εστιν χριστος κυριος εν πολει δαβιδ
2a020c008f	και τουτο υμιν το σημειον ευρησετε βρεφος εσπαργανωμενον κειμενον εν τη φατνη
2a020d00a9	και εξαιφνης εγενετο συν τω αγγελω πληθος στρατιας ουρανιου αινουντων τον θεον και λεγοντων
2a020e006e	δοξα εν υψιστοις θεω και επι γης ειρηνη εν ανθρωποις ευδοκια
2a020f0160	και εγενετο ως απηλθον απ αυτων εις τον ουρανον οι αγγελοι και οι ανθρωποι οι ποιμενες ειπον προς αλληλους διελθωμεν δη εως βηθλεεμ και ιδωμεν το ρημα τουτο το γεγονος ο ο κυριος εγνωρισεν ημιν
2a021000ad	και ηλθον σπευσαντες και ανευρον την τε μαριαμ και τον ιωσηφ και το βρεφος κειμενον εν τη φατνη
2a0211009e	ιδοντες δε διεγνωρισαν περι του ρηματος του λαληθεντος αυτοις περι του παιδιου τουτου
2a0212009a	και παντες οι ακουσαντες εθαυμασαν περι των λαληθεντων υπο των ποιμενων προς αυτους
2a02130088	η δε μαριαμ παντα συνετηρει τα ρηματα ταυτα συμβαλλουσα εν τη καρδια αυτης
2a021400da	και επεστρεψαν οι ποιμενες δοξαζοντες και αινουντες τον θεον επι πασιν οις ηκουσαν και ειδον καθως ελαληθη προς αυτους
2a0215011a	και οτε επλησθησαν ημεραι οκτω του περιτεμειν το παιδιον και εκληθη το ονομα αυτου ιησους το κληθεν υπο του αγγελου προ του συλληφθηναι αυτον εν τη κοιλια
2a021600fb	και οτε επλησθησαν αι ημεραι του καθαρισμου {VAR1: αυτων} {VAR2: αυτης} κατα τον νομον μωσεως ανηγαγον αυτον εις ιεροσολυμα παραστησαι τω κυριω
2a021700a1	καθως γεγραπται εν νομω κυριου οτι παν αρσεν διανοιγον μητραν αγιον τω κυριω κληθησεται
2a021800b1	και του δουναι θυσιαν κατα το ειρημενον εν νομω κυριου ζευγος τρυγονων η δυο νεοσσους περιστερων
2a0219013a	και ιδου ην ανθρωπος εν ιερουσαλημ ω ονομα {VAR1: συμεων} {VAR2: σιμεων} και ο ανθρωπος ουτος δικαιος και ευλαβης προσδεχομενος παρακλησιν του ισραηλ και πνευμα αγιον ην επ αυτον
2a021a00bb	και ην αυτω κεχρηματισμενον υπο του πνευματος του αγιου μη ιδειν θανατον πριν η ιδη τον χριστον κυριου
2a021b010c	και ηλθεν εν τω πνευματι εις το ιερον και εν τω εισαγαγειν τους γονεις το παιδιον ιησουν του ποιησαι αυτους κατα το ειθισμενον του νομου περι αυτου
2a021c008d	και αυτος εδεξατο αυτο εις τας αγκαλας αυτου και ευλογησεν τον θεον και ειπεν
2a021d0071	νυν απολυεις τον δουλον σου δεσποτα κατα το ρημα σου εν ειρηνη
2a021e004b	οτι ειδον οι οφθαλμοι μου το σωτηριον σου
2a021f004c	ο ητοιμασας κατα προσωπον παντων των λαων
2a0220005c	φως εις αποκαλυψιν εθνων και δοξαν λαου σου ισραηλ
2a02210088	και ην ιωσηφ και η μητηρ αυτου θαυμαζοντες επι τοις λαλουμενοις περι αυτου
2a02220142	και ευλογησεν αυτους {VAR1: συμεων} {VAR2: σιμεων} και ειπεν προς μαριαμ την μητερα αυτου ιδου ουτος κειται εις πτωσιν και αναστασιν πολλων εν τω ισραηλ και εις σημειον αντιλεγομενον
2a022300b6	και σου δε αυτης την ψυχην διελευσεται ρομφαια οπως αν αποκαλυφθωσιν εκ πολλων καρδιων διαλογισμοι
2a022400fe	και ην αννα προφητις θυγατηρ φανουηλ εκ φυλης ασηρ αυτη προβεβηκυια εν ημεραις πολλαις ζησασα ετη μετα ανδρος επτα απο της παρθενιας αυτης
2a022500de	και αυτη χηρα ως ετων ογδοηκοντατεσσαρων η ουκ αφιστατο απο του ιερου νηστειαις και δεησεσιν λατρευουσα νυκτα και ημεραν
2a022600e4	και αυτη αυτη τη ωρα επιστασα ανθωμολογειτο τω κυριω και ελαλει περι αυτου πασιν τοις προσδεχομενοις λυτρωσιν εν ιερουσαλημ
2a022700de	και ως ετελεσαν απαντα τα κατα τον νομον κυριου υπεστρεψαν εις την γαλιλαιαν εις την πολιν αυτων {VAR1: ναζαρετ} {VAR2: ναζαρεθ}
2a022800a8	το δε παιδιον ηυξανεν και εκραταιουτο πνευματι πληρουμενον σοφιας και χαρις θεου ην επ αυτο
2a02290086	και επορευοντο οι γονεις αυτου κατ ετος εις ιερουσαλημ τη εορτη του πασχα
2a022a0097	και οτε εγενετο ετων δωδεκα αναβαντων αυτων εις ιεροσολυμα κατα το εθος της εορτης
2a022b00e9	και τελειωσαντων τας ημερας εν τω υποστρεφειν αυτους υπεμεινεν ιησους ο παις εν ιερουσαλημ και ουκ εγνω ιωσηφ και η μητηρ αυτου
2a022c00d7	νομισαντες δε αυτον εν τη συνοδια ειναι ηλθον ημερας οδον και ανεζητουν αυτον εν τοις συγγενεσιν και εν τοις γνωστοις
2a022d0076	και μη ευροντες αυτον υπεστρεψαν εις ιερουσαλημ ζητουντες αυτον
2a022e00ea	και εγενετο μεθ ημερας τρεις ευρον αυτον εν τω ιερω καθεζομενον εν μεσω των διδασκαλων και ακουοντα αυτων και επερωτωντα αυτους
2a022f0094	εξισταντο δε παντες οι ακουοντες αυτου επι τη συνεσει και ταις αποκρισεσιν αυτου
2a02300101	και ιδοντες αυτον εξεπλαγησαν και προς αυτον η μητηρ αυτου ειπεν τεκνον τι εποιησας ημιν ουτως ιδου ο πατηρ σου καγω οδυνωμενοι εζητουμεν σε
2a023100a4	και ειπεν προς αυτους τι οτι εζητειτε με ουκ ηδειτε οτι εν τοις του πατρος μου δει ειναι με
2a02320054	και αυτοι ου συνηκαν το ρημα ο ελαλησεν αυτοις
2a0233011b	και κατεβη μετ αυτων και ηλθεν εις {VAR1: ναζαρετ} {VAR2: ναζαρεθ} και ην υποτασσομενος αυτοις και η μητηρ αυτου διετηρει παντα τα ρηματα ταυτα εν τη καρδια αυτης
2a02340085	και ιησους προεκοπτεν σοφια και ηλικια και χαριτι παρα θεω και ανθρωποις
2a030101e7	εν ετει δε πεντεκαιδεκατω της ηγεμονιας τιβεριου καισαρος ηγεμονευοντος ποντιου πιλατου της ιουδαιας και τετραρχουντος της γαλιλαιας ηρωδου φιλιππου δε του αδελφου αυτου τετραρχουντος της ιτουραιας και τραχωνιτιδος χωρας και λυσανιου της αβιληνης τετραρχουντος
2a030200a8	επ αρχιερεων αννα και καιαφα εγενετο ρημα θεου επι ιωαννην τον του ζαχαριου υιον εν τη ερημω
2a030300af	και ηλθεν εις πασαν την περιχωρον του ιορδανου κηρυσσων βαπτισμα μετανοιας εις αφεσιν αμαρτιων
2a03040106	ως γεγραπται εν βιβλω λογων ησαιου του προφητου λεγοντος φωνη βοωντος εν τη ερημω ετοιμασατε την οδον κυριου ευθειας ποιειτε τας τριβους αυτου
2a030500ea	πασα φαραγξ πληρωθησεται και παν ορος και βουνος ταπεινωθησεται και εσται τα σκολια εις ευθειαν και αι τραχειαι εις οδους λειας
2a0306004b	και οψεται πασα σαρξ το σωτηριον του θεου
2a030700eb	ελεγεν ουν τοις εκπορευομενοις οχλοις βαπτισθηναι υπ αυτου γεννηματα εχιδνων τις υπεδειξεν υμιν φυγειν απο της μελλουσης οργης
2a03080142	ποιησατε ουν καρπους αξιους της μετανοιας και μη αρξησθε λεγειν εν εαυτοις πατερα εχομεν τον αβρααμ λεγω γαρ υμιν οτι δυναται ο θεος εκ των λιθων τουτων εγειραι τεκνα τω αβρααμ
2a030900e0	ηδη δε και η αξινη προς την ριζαν των δενδρων κειται παν ουν δενδρον μη ποιουν καρπον καλον εκκοπτεται και εις πυρ βαλλεται
2a030a0062	και επηρωτων αυτον οι οχλοι λεγοντες τι ουν ποιησομεν
2a030b00b9	αποκριθεις δε λεγει αυτοις ο εχων δυο χιτωνας μεταδοτω τω μη εχοντι και ο εχων βρωματα ομοιως ποιειτω
2a030c008d	ηλθον δε και τελωναι βαπτισθηναι και ειπον προς αυτον διδασκαλε τι ποιησομεν
2a030d0081	ο δε ειπεν προς αυτους μηδεν πλεον παρα το διατεταγμενον υμιν πρασσετε
2a030e0126	επηρωτων δε αυτον και στρατευομενοι λεγοντες και ημεις τι ποιησομεν και ειπεν προς αυτους μηδενα διασεισητε μηδε συκοφαντησητε και αρκεισθε τοις οψωνιοις υμων
2a030f00d8	προσδοκωντος δε του λαου και διαλογιζομενων παντων εν ταις καρδιαις αυτων περι του ιωαννου μηποτε αυτος ειη ο χριστος
2a03100160	απεκρινατο ο ιωαννης απασιν λεγων εγω μεν υδατι βαπτιζω υμας ερχεται δε ο ισχυροτερος μου ου ουκ ειμι ικανος λυσαι τον ιμαντα των υποδηματων αυτου αυτος υμας βαπτισει εν πνευματι αγιω και πυρι
2a03110105	ου το πτυον εν τη χειρι αυτου και διακαθαριει την αλωνα αυτου και συναξει τον σιτον εις την αποθηκην αυτου το δε αχυρον κατακαυσει πυρι ασβεστω
2a03120066	πολλα μεν ουν και ετερα παρακαλων ευηγγελιζετο τον λαον
2a03130109	ο δε ηρωδης ο τετραρχης ελεγχομενος υπ αυτου περι ηρωδιαδος της γυναικος φιλιππου του αδελφου αυτου και περι παντων ων εποιησεν πονηρων ο ηρωδης
2a03140083	προσεθηκεν και τουτο επι πασιν και κατεκλεισεν τον ιωαννην εν τη φυλακη
2a031500c9	εγενετο δε εν τω βαπτισθηναι απαντα τον λαον και ιησου βαπτισθεντος και προσευχομενου ανεωχθηναι τον ουρανον
2a0316011b	και καταβηναι το πνευμα το αγιον σωματικω ειδει ωσει περιστεραν επ αυτον και φωνην εξ ουρανου γενεσθαι λεγουσαν συ ει ο υιος μου ο αγαπητος εν σοι ηυδοκησα
2a0317009d	και αυτος ην ο ιησους ωσει ετων τριακοντα αρχομενος ων ως ενομιζετο υιος ιωσηφ του ηλι
2a03180059	του ματθατ του λευι του μελχι του ιαννα του ιωσηφ
2a0319005f	του ματταθιου του αμως του ναουμ του εσλι του ναγγαι
2a031a005f	του μααθ του ματταθιου του σεμει του ιωσηφ του ιουδα
2a031b0065	του ιωαννα του ρησα του ζοροβαβελ του σαλαθιηλ του νηρι
2a031c0055	του μελχι του αδδι του κωσαμ του ελμωδαμ του ηρ
2a031d005d	του ιωση του ελιεζερ του ιωρειμ του ματθατ του λευι
2a031e007e	του {VAR1: συμεων} {VAR2: σιμεων} του ιουδα του ιωσηφ του ιωναν του ελιακειμ
2a031f007a	του μελεα του {VAR1: μαιναν} {VAR2: μεναμ} του ματταθα του ναθαν του δαβιδ
2a0320005d	του ιεσσαι του ωβηδ του βοοζ του σαλμων του ναασσων
2a0321005d	του αμιναδαβ του αραμ του εσρωμ του φαρες του ιουδα
2a03220059	του ιακωβ του ισαακ του αβρααμ του θαρα του ναχωρ
2a03230057	του σαρουχ του ραγαυ του φαλεκ του εβερ του σαλα
2a03240057	του καιναν του αρφαξαδ του σημ του νωε του λαμεχ
2a03250067	του μαθουσαλα του ενωχ του ιαρεδ του μαλελεηλ του καιναν
2a0326003d	του ενως του σηθ του αδαμ του θεου
2a040100b8	ιησους δε πνευματος αγιου πληρης υπεστρεψεν απο του ιορδανου και ηγετο εν τω πνευματι εις την ερημον
2a04020102	ημερας τεσσαρακοντα πειραζομενος υπο του διαβολου και ουκ εφαγεν ουδεν εν ταις ημεραις εκειναις και συντελεσθεισων αυτων υστερον επεινασεν
2a04030094	και ειπεν αυτω ο διαβολος ει υιος ει του θεου ειπε τω λιθω τουτω ινα γενηται αρτος
2a040400cd	και απεκριθη ιησους προς αυτον λεγων γεγραπται οτι ουκ επ αρτω μονω ζησεται ο ανθρωπος αλλ επι παντι ρηματι θεου
2a040500cb	και αναγαγων αυτον ο διαβολος εις ορος υψηλον εδειξεν αυτω πασας τας βασιλειας της οικουμενης εν στιγμη χρονου
2a040600ed	και ειπεν αυτω ο διαβολος σοι δωσω την εξουσιαν ταυτην απασαν και την δοξαν αυτων οτι εμοι παραδεδοται και ω εαν θελω διδωμι αυτην
2a0407005c	συ ουν εαν προσκυνησης ενωπιον μου εσται σου παντα
2a040800ee	και αποκριθεις αυτω ειπεν ο ιησους υπαγε οπισω μου σατανα γεγραπται γαρ προσκυνησεις κυριον τον θεον σου και αυτω μονω λατρευσεις
2a040900ff	και ηγαγεν αυτον εις ιερουσαλημ και εστησεν αυτον επι το πτερυγιον του ιερου και ειπεν αυτω ει ο υιος ει του θεου βαλε σεαυτον εντευθεν κατω
2a040a008b	γεγραπται γαρ οτι τοις αγγελοις αυτου εντελειται περι σου του διαφυλαξαι σε
2a040b0080	και οτι επι χειρων αρουσιν σε μηποτε προσκοψης προς λιθον τον ποδα σου
2a040c0097	και αποκριθεις ειπεν αυτω ο ιησους οτι ειρηται ουκ εκπειρασεις κυριον τον θεον σου
2a040d0080	και συντελεσας παντα πειρασμον ο διαβολος απεστη απ αυτου αχρι καιρου
2a040e00dc	και υπεστρεψεν ο ιησους εν τη δυναμει του πνευματος εις την γαλιλαιαν και φημη εξηλθεν καθ ολης της περιχωρου περι αυτου
2a040f007d	και αυτος εδιδασκεν εν ταις συναγωγαις αυτων δοξαζομενος υπο παντων
2a0410011f	και ηλθεν εις την {VAR1: ναζαρετ} {VAR2: ναζαρεθ} ου ην τεθραμμενος και εισηλθεν κατα το ειωθος αυτω εν τη ημερα των σαββατων εις την συναγωγην και ανεστη αναγνωναι
2a041100be	και επεδοθη αυτω βιβλιον ησαιου του προφητου και αναπτυξας το βιβλιον ευρεν τον τοπον ου ην γεγραμμενον
2a0412017e	πνευμα κυριου επ εμε ου ενεκεν εχρισεν με ευαγγελιζεσθαι πτωχοις απεσταλκεν με ιασασθαι τους συντετριμμενους την καρδιαν κηρυξαι αιχμαλωτοις αφεσιν και τυφλοις αναβλεψιν αποστειλαι τεθραυσμενους εν αφεσει
2a04130039	κηρυξαι ενιαυτον κυριου δεκτον
2a041400c9	και πτυξας το βιβλιον αποδους τω υπηρετη εκαθισεν και παντων εν τη συναγωγη οι οφθαλμοι ησαν ατενιζοντες αυτω
2a04150096	ηρξατο δε λεγειν προς αυτους οτι σημερον πεπληρωται η γραφη αυτη εν τοις ωσιν υμων
2a04160114	και παντες εμαρτυρουν αυτω και εθαυμαζον επι τοις λογοις της χαριτος τοις εκπορευομενοις εκ του στοματος αυτου και ελεγον ουχ ουτος εστιν ο υιος ιωσηφ
2a04170125	και ειπεν προς αυτους παντως ερειτε μοι την παραβολην ταυτην ιατρε θεραπευσον σεαυτον οσα ηκουσαμεν γενομενα εν τη καπερναουμ ποιησον και ωδε εν τη πατριδι σου
2a0418008b	ειπεν δε αμην λεγω υμιν οτι ουδεις προφητης δεκτος εστιν εν τη πατριδι αυτου
2a0419012e	επ αληθειας δε λεγω υμιν πολλαι χηραι ησαν εν ταις ημεραις ηλιου εν τω ισραηλ οτε εκλεισθη ο ουρανος επι ετη τρια και μηνας εξ ως εγενετο λιμος μεγας επι πασαν την γην
2a041a009e	και προς ουδεμιαν αυτων επεμφθη ηλιας ει μη εις σαρεπτα της σιδωνος προς γυναικα χηραν
2a041b00cb	και πολλοι λεπροι ησαν επι ελισσαιου του προφητου εν τω ισραηλ και ουδεις αυτων εκαθαρισθη ει μη νεεμαν ο συρος
2a041c006c	και επλησθησαν παντες θυμου εν τη συναγωγη ακουοντες ταυτα
2a041d0106	και ανασταντες εξεβαλον αυτον εξω της πολεως και ηγαγον αυτον εως της οφρυος του ορους εφ ου η πολις αυτων ωκοδομητο εις το κατακρημνισαι αυτον
2a041e004e	αυτος δε διελθων δια μεσου αυτων επορευετο
2a041f00a1	και κατηλθεν εις καπερναουμ πολιν της γαλιλαιας και ην διδασκων αυτους εν τοις σαββασιν
2a0420007c	και εξεπλησσοντο επι τη διδαχη αυτου οτι εν εξουσια ην ο λογος αυτου
2a042100a3	και εν τη συναγωγη ην ανθρωπος εχων πνευμα δαιμονιου ακαθαρτου και ανεκραξεν φωνη μεγαλη
2a042200a4	λεγων εα τι ημιν και σοι ιησου ναζαρηνε ηλθες απολεσαι ημας οιδα σε τις ει ο αγιος του θεου
2a04230102	και επετιμησεν αυτω ο ιησους λεγων φιμωθητι και εξελθε εξ αυτου και ριψαν αυτον το δαιμονιον εις το μεσον εξηλθεν απ αυτου μηδεν βλαψαν αυτον
2a0424012e	και εγενετο θαμβος επι παντας και συνελαλουν προς αλληλους λεγοντες τις ο λογος ουτος οτι εν εξουσια και δυναμει επιτασσει τοις ακαθαρτοις πνευμασιν και εξερχονται
2a04250071	και εξεπορευετο ηχος περι αυτου εις παντα τοπον της περιχωρου
2a04260105	αναστας δε εκ της συναγωγης εισηλθεν εις την οικιαν σιμωνος η πενθερα δε του σιμωνος ην συνεχομενη πυρετω μεγαλω και ηρωτησαν αυτον περι αυτης
2a042700b8	και επιστας επανω αυτης επετιμησεν τω πυρετω και αφηκεν αυτην παραχρημα δε αναστασα διηκονει αυτοις
2a0428011b	δυνοντος δε του ηλιου παντες οσοι ειχον ασθενουντας νοσοις ποικιλαις ηγαγον αυτους προς αυτον ο δε ενι εκαστω αυτων τας χειρας επιθεις εθεραπευσεν αυτους
2a04290125	εξηρχετο δε και δαιμονια απο πολλων κραζοντα και λεγοντα οτι συ ει ο χριστος ο υιος του θεου και επιτιμων ουκ εια αυτα λαλειν οτι ηδεισαν τον χριστον αυτον ειναι
2a042a010c	γενομενης δε ημερας εξελθων επορευθη εις ερημον τοπον και οι οχλοι εζητουν αυτον και ηλθον εως αυτου και κατειχον αυτον του μη πορευεσθαι απ αυτων
2a042b00de	ο δε ειπεν προς αυτους οτι και ταις ετεραις πολεσιν ευαγγελισασθαι με δει την βασιλειαν του θεου οτι εις τουτο απεσταλμαι
2a042c0059	και ην κηρυσσων εν ταις συναγωγαις της γαλιλαιας
2a050100d9	εγενετο δε εν τω τον οχλον επικεισθαι αυτω του ακουειν τον λογον του θεου και αυτος ην εστως παρα την λιμνην γεννησαρετ
2a050200ac	και ειδεν δυο πλοια εστωτα παρα την λιμνην οι δε αλιεις αποβαντες απ αυτων απεπλυναν τα δικτυα
2a050300fa	εμβας δε εις εν των πλοιων ο ην του σιμωνος ηρωτησεν αυτον απο της γης επαναγαγειν ολιγον και καθισας εδιδασκεν εκ του πλοιου τους οχλους
2a050400bc	ως δε επαυσατο λαλων ειπεν προς τον σιμωνα επαναγαγε εις το βαθος και χαλασατε τα δικτυα υμων εις αγραν
2a050500e9	και αποκριθεις ο σιμων ειπεν αυτω επιστατα δι ολης της νυκτος κοπιασαντες ουδεν ελαβομεν επι δε τω ρηματι σου χαλασω το δικτυον
2a0506009b	και τουτο ποιησαντες συνεκλεισαν ιχθυων πληθος πολυ διερρηγνυτο δε το δικτυον αυτων
2a0507010a	και κατενευσαν τοις μετοχοις τοις εν τω ετερω πλοιω του ελθοντας συλλαβεσθαι αυτοις και ηλθον και επλησαν αμφοτερα τα πλοια ωστε βυθιζεσθαι αυτα
2a050800c1	ιδων δε σιμων πετρος προσεπεσεν τοις γονασιν του ιησου λεγων εξελθε απ εμου οτι ανηρ αμαρτωλος ειμι κυριε
2a0509009d	θαμβος γαρ περιεσχεν αυτον και παντας τους συν αυτω επι τη αγρα των ιχθυων η συνελαβον
2a050a0117	ομοιως δε και ιακωβον και ιωαννην υιους ζεβεδαιου οι ησαν κοινωνοι τω σιμωνι και ειπεν προς τον σιμωνα ο ιησους μη φοβου απο του νυν ανθρωπους εση ζωγρων
2a050b0080	και καταγαγοντες τα πλοια επι την γην αφεντες απαντα ηκολουθησαν αυτω
2a050c0136	και εγενετο εν τω ειναι αυτον εν μια των πολεων και ιδου ανηρ πληρης λεπρας και ιδων τον ιησουν πεσων επι προσωπον εδεηθη αυτου λεγων κυριε εαν θελης δυνασαι με καθαρισαι
2a050d00ab	και εκτεινας την χειρα ηψατο αυτου ειπων θελω καθαρισθητι και ευθεως η λεπρα απηλθεν απ αυτου
2a050e0129	και αυτος παρηγγειλεν αυτω μηδενι ειπειν αλλα απελθων δειξον σεαυτον τω ιερει και προσενεγκε περι του καθαρισμου σου καθως προσεταξεν μωσης εις μαρτυριον αυτοις
2a050f00e3	διηρχετο δε μαλλον ο λογος περι αυτου και συνηρχοντο οχλοι πολλοι ακουειν και θεραπευεσθαι υπ αυτου απο των ασθενειων αυτων
2a05100064	αυτος δε ην υποχωρων εν ταις ερημοις και προσευχομενος
2a05110191	και εγενετο εν μια των ημερων και αυτος ην διδασκων και ησαν καθημενοι φαρισαιοι και νομοδιδασκαλοι οι ησαν εληλυθοτες εκ πασης κωμης της γαλιλαιας και ιουδαιας και ιερουσαλημ και δυναμις κυριου ην εις το ιασθαι αυτους
2a051200dd	και ιδου ανδρες φεροντες επι κλινης ανθρωπον ος ην παραλελυμενος και εζητουν αυτον εισενεγκειν και θειναι ενωπιον αυτου
2a05130123	και μη ευροντες δια ποιας εισενεγκωσιν αυτον δια τον οχλον αναβαντες επι το δωμα δια των κεραμων καθηκαν αυτον συν τω κλινιδιω εις το μεσον εμπροσθεν του ιησου
2a05140086	και ιδων την πιστιν αυτων ειπεν αυτω ανθρωπε αφεωνται σοι αι αμαρτιαι σου
2a05150113	και ηρξαντο διαλογιζεσθαι οι γραμματεις και οι φαρισαιοι λεγοντες τις εστιν ουτος ος λαλει βλασφημιας τις δυναται αφιεναι αμαρτιας ει μη μονος ο θεος
2a051600ce	επιγνους δε ο ιησους τους διαλογισμους αυτων αποκριθεις ειπεν προς αυτους τι διαλογιζεσθε εν ταις καρδιαις υμων
2a051700a1	τι εστιν ευκοπωτερον ειπειν αφεωνται σοι αι αμαρτιαι σου η ειπειν εγειραι και περιπατει
2a05180138	ινα δε ειδητε οτι εξουσιαν εχει ο υιος του ανθρωπου επι της γης αφιεναι αμαρτιας ειπεν τω παραλελυμενω σοι λεγω εγειραι και αρας το κλινιδιον σου πορευου εις τον οικον σου
2a051900b8	και παραχρημα αναστας ενωπιον αυτων αρας εφ ω κατεκειτο απηλθεν εις τον οικον αυτου δοξαζων τον θεον
2a051a00c9	και εκστασις ελαβεν απαντας και εδοξαζον τον θεον και επλησθησαν φοβου λεγοντες οτι ειδομεν παραδοξα σημερον
2a051b00cf	και μετα ταυτα εξηλθεν και εθεασατο τελωνην ονοματι λευιν καθημενον επι το τελωνιον και ειπεν αυτω ακολουθει μοι
2a051c0055	και καταλιπων απαντα αναστας ηκολουθησεν αυτω
2a051d00e4	και εποιησεν δοχην μεγαλην ο λευις αυτω εν τη οικια αυτου και ην οχλος τελωνων πολυς και αλλων οι ησαν μετ αυτων κατακειμενοι
2a051e00fb	και εγογγυζον οι γραμματεις αυτων και οι φαρισαιοι προς τους μαθητας αυτου λεγοντες δια τι μετα τελωνων και αμαρτωλων εσθιετε και πινετε
2a051f00bc	και αποκριθεις ο ιησους ειπεν προς αυτους ου χρειαν εχουσιν οι υγιαινοντες ιατρου αλλ οι κακως εχοντες
2a0520006d	ουκ εληλυθα καλεσαι δικαιους αλλα αμαρτωλους εις μετανοιαν
2a05210111	οι δε ειπον προς αυτον δια τι οι μαθηται ιωαννου νηστευουσιν πυκνα και δεησεις ποιουνται ομοιως και οι των φαρισαιων οι δε σοι εσθιουσιν και πινουσιν
2a052200c1	ο δε ειπεν προς αυτους μη δυνασθε τους υιους του νυμφωνος εν ω ο νυμφιος μετ αυτων εστιν ποιησαι νηστευειν
2a052300b5	ελευσονται δε ημεραι και οταν απαρθη απ αυτων ο νυμφιος τοτε νηστευσουσιν εν εκειναις ταις ημεραις
2a05240153	ελεγεν δε και παραβολην προς αυτους οτι ουδεις επιβλημα ιματιου καινου επιβαλλει επι ιματιον παλαιον ει δε μηγε και το καινον σχιζει και τω παλαιω ου συμφωνει επιβλημα το απο του καινου
2a052500f9	και ουδεις βαλλει οινον νεον εις ασκους παλαιους ει δε μηγε ρηξει ο νεος οινος τους ασκους και αυτος εκχυθησεται και οι ασκοι απολουνται
2a05260081	αλλα οινον νεον εις ασκους καινους βλητεον και αμφοτεροι συντηρουνται
2a05270092	και ουδεις πιων παλαιον ευθεως θελει νεον λεγει γαρ ο παλαιος χρηστοτερος εστιν
2a0601010d	εγενετο δε εν σαββατω δευτεροπρωτω διαπορευεσθαι αυτον δια των σποριμων και ετιλλον οι μαθηται αυτου τους σταχυας και ησθιον ψωχοντες ταις χερσιν
2a0602009a	τινες δε των φαρισαιων ειπον αυτοις τι ποιειτε ο ουκ εξεστιν ποιειν εν τοις σαββασιν
2a060300e2	και αποκριθεις προς αυτους ειπεν ο ιησους ουδε τουτο ανεγνωτε ο εποιησεν δαβιδ οποτε επεινασεν αυτος και οι μετ αυτου οντες
2a06040123	ως εισηλθεν εις τον οικον του θεου και τους αρτους της προθεσεως ελαβεν και εφαγεν και εδωκεν και τοις μετ αυτου ους ουκ εξεστιν φαγειν ει μη μονους τους ιερεις
2a06050082	και ελεγεν αυτοις οτι κυριος εστιν ο υιος του ανθρωπου και του σαββατου
2a060600f2	εγενετο δε και εν ετερω σαββατω εισελθειν αυτον εις την συναγωγην και διδασκειν και ην εκει ανθρωπος και η χειρ αυτου η δεξια ην ξηρα
2a060700c6	παρετηρουν δε αυτον οι γραμματεις και οι φαρισαιοι ει εν τω σαββατω θεραπευσει ινα ευρωσιν κατηγοριαν αυτου
2a060800f2	αυτος δε ηδει τους διαλογισμους αυτων και ειπεν τω ανθρωπω τω ξηραν εχοντι την χειρα εγειραι και στηθι εις το μεσον ο δε αναστας εστη
2a060900de	ειπεν ουν ο ιησους προς αυτους επερωτησω υμας τι εξεστιν τοις σαββασιν αγαθοποιησαι η κακοποιησαι ψυχην σωσαι η απολεσαι
2a060a00fd	και περιβλεψαμενος παντας αυτους ειπεν τω ανθρωπω εκτεινον την χειρα σου ο δε εποιησεν ουτως και αποκατεσταθη η χειρ αυτου υγιης ως η αλλη
2a060b0092	αυτοι δε επλησθησαν ανοιας και διελαλουν προς αλληλους τι αν ποιησειαν τω ιησου
2a060c00ce	εγενετο δε εν ταις ημεραις ταυταις εξηλθεν εις το ορος προσευξασθαι και ην διανυκτερευων εν τη προσευχη του θεου
2a060d00d2	και οτε εγενετο ημερα προσεφωνησεν τους μαθητας αυτου και εκλεξαμενος απ αυτων δωδεκα ους και αποστολους ωνομασεν
2a060e00c3	σιμωνα ον και ωνομασεν πετρον και ανδρεαν τον αδελφον αυτου ιακωβον και ιωαννην φιλιππον και βαρθολομαιον
2a060f008d	ματθαιον και θωμαν ιακωβον τον του αλφαιου και σιμωνα τον καλουμενον ζηλωτην
2a06100070	ιουδαν ιακωβου και ιουδαν ισκαριωτην ος και εγενετο προδοτης
2a06110194	και καταβας μετ αυτων εστη επι τοπου πεδινου και οχλος μαθητων αυτου και πληθος πολυ του λαου απο πασης της ιουδαιας και ιερουσαλημ και της παραλιου τυρου και σιδωνος οι ηλθον ακουσαι αυτου και ιαθηναι απο των νοσων αυτων
2a0612006d	και οι οχλουμενοι υπο πνευματων ακαθαρτων και εθεραπευοντο
2a0613009a	και πας ο οχλος εζητει απτεσθαι αυτου οτι δυναμις παρ αυτου εξηρχετο και ιατο παντας
2a061400e4	και αυτος επαρας τους οφθαλμους αυτου εις τους μαθητας αυτου ελεγεν μακαριοι οι πτωχοι οτι υμετερα εστιν η βασιλεια του θεου
2a06150099	μακαριοι οι πεινωντες νυν οτι χορτασθησεσθε μακαριοι οι κλαιοντες νυν οτι γελασετε
2a0616011a	μακαριοι εστε οταν μισησωσιν υμας οι ανθρωποι και οταν αφορισωσιν υμας και ονειδισωσιν και εκβαλωσιν το ονομα υμων ως πονηρον ενεκα του υιου του ανθρωπου
2a061700fc	χαιρετε εν εκεινη τη ημερα και σκιρτησατε ιδου γαρ ο μισθος υμων πολυς εν τω ουρανω κατα ταυτα γαρ εποιουν τοις προφηταις οι πατερες αυτων
2a06180071	πλην ουαι υμιν τοις πλουσιοις οτι απεχετε την παρακλησιν υμων
2a061900ac	ουαι υμιν οι εμπεπλησμενοι οτι πεινασετε ουαι υμιν οι γελωντες νυν οτι πενθησετε και κλαυσετε
2a061a00cf	ουαι υμιν οταν καλως υμας ειπωσιν παντες οι ανθρωποι κατα ταυτα γαρ εποιουν τοις ψευδοπροφηταις οι πατερες αυτων
2a061b00a1	αλλ υμιν λεγω τοις ακουουσιν αγαπατε τους εχθρους υμων καλως ποιειτε τοις μισουσιν υμας
2a061c008d	ευλογειτε τους καταρωμενους υμιν και προσευχεσθε υπερ των επηρεαζοντων υμας
2a061d00cd	τω τυπτοντι σε επι την σιαγονα παρεχε και την αλλην και απο του αιροντος σου το ιματιον και τον χιτωνα μη κωλυσης
2a061e0079	παντι δε τω αιτουντι σε διδου και απο του αιροντος τα σα μη απαιτει
2a061f008e	και καθως θελετε ινα ποιωσιν υμιν οι ανθρωποι και υμεις ποιειτε αυτοις ομοιως
2a062000c7	και ει αγαπατε τους αγαπωντας υμας ποια υμιν χαρις εστιν και γαρ οι αμαρτωλοι τους αγαπωντας αυτους αγαπωσιν
2a062100c0	και εαν αγαθοποιητε τους αγαθοποιουντας υμας ποια υμιν χαρις εστιν και γαρ οι αμαρτωλοι το αυτο ποιουσιν
2a06220113	και εαν δανειζητε παρ ων {VAR1: ελπιζετε} {VAR2: ελπιζητε} απολαβειν ποια υμιν χαρις εστιν και γαρ οι αμαρτωλοι αμαρτωλοις δανειζουσιν ινα απολαβωσιν τα ισα
2a06230168	πλην αγαπατε τους εχθρους υμων και αγαθοποιειτε και δανειζετε μηδεν απελπιζοντες και εσται ο μισθος υμων πολυς και εσεσθε υιοι του υψιστου οτι αυτος χρηστος εστιν επι τους αχαριστους και πονηρους
2a06240073	γινεσθε ουν οικτιρμονες καθως και ο πατηρ υμων οικτιρμων εστιν
2a062500bd	{VAR1: και} μη κρινετε και ου μη κριθητε μη καταδικαζετε και ου μη καταδικασθητε απολυετε και απολυθησεσθε
2a06260137	διδοτε και δοθησεται υμιν μετρον καλον πεπιεσμενον και σεσαλευμενον και υπερεκχυνομενον δωσουσιν εις τον κολπον υμων τω γαρ αυτω μετρω ω μετρειτε αντιμετρηθησεται υμιν
2a062700b5	ειπεν δε παραβολην αυτοις μητι δυναται τυφλος τυφλον οδηγειν ουχι αμφοτεροι εις βοθυνον πεσουνται
2a062800aa	ουκ εστιν μαθητης υπερ τον διδασκαλον αυτου κατηρτισμενος δε πας εσται ως ο διδασκαλος αυτου
2a062900bd	τι δε βλεπεις το καρφος το εν τω οφθαλμω του αδελφου σου την δε δοκον την εν τω ιδιω οφθαλμω ου κατανοεις
2a062a01cb	η πως δυνασαι λεγειν τω αδελφω σου αδελφε αφες εκβαλω το καρφος το εν τω οφθαλμω σου αυτος την εν τω οφθαλμω σου δοκον ου βλεπων υποκριτα εκβαλε πρωτον την δοκον εκ του οφθαλμου σου και τοτε διαβλεψεις εκβαλειν το καρφος το εν τω οφθαλμω του αδελφου σου
2a062b00a1	ου γαρ εστιν δενδρον καλον ποιουν καρπον σαπρον ουδε δενδρον σαπρον ποιουν καρπον καλον
2a062c00d8	εκαστον γαρ δενδρον εκ του ιδιου καρπου γινωσκεται ου γαρ εξ ακανθων συλλεγουσιν συκα ουδε εκ βατου τρυγωσιν σταφυλην
2a062d0194	ο αγαθος ανθρωπος εκ του αγαθου θησαυρου της καρδιας αυτου προφερει το αγαθον και ο πονηρος ανθρωπος εκ του πονηρου θησαυρου της καρδιας αυτου προφερει το πονηρον εκ γαρ του περισσευματος της καρδιας λαλει το στομα αυτου
2a062e005a	τι δε με καλειτε κυριε κυριε και ου ποιειτε α λεγω
2a062f00b1	πας ο ερχομενος προς με και ακουων μου των λογων και ποιων αυτους υποδειξω υμιν τινι εστιν ομοιος
2a0630019b	ομοιος εστιν ανθρωπω οικοδομουντι οικιαν ος εσκαψεν και εβαθυνεν και εθηκεν θεμελιον επι την πετραν πλημμυρας δε γενομενης προσερρηξεν ο ποταμος τη οικια εκεινη και ουκ ισχυσεν σαλευσαι αυτην τεθεμελιωτο γαρ επι την πετραν
2a06310150	ο δε ακουσας και μη ποιησας ομοιος εστιν ανθρωπω οικοδομησαντι οικιαν επι την γην χωρις θεμελιου η προσερρηξεν ο ποταμος και ευθεως επεσεν και εγενετο το ρηγμα της οικιας εκεινης μεγα
2a0701009e	επει δε επληρωσεν παντα τα ρηματα αυτου εις τας ακοας του λαου εισηλθεν εις καπερναουμ
2a0702008b	εκατονταρχου δε τινος δουλος κακως εχων ημελλεν τελευταν ος ην αυτω εντιμος
2a070300e2	ακουσας δε περι του ιησου απεστειλεν προς αυτον πρεσβυτερους των ιουδαιων ερωτων αυτον οπως ελθων διασωση τον δουλον αυτου
2a070400bf	οι δε παραγενομενοι προς τον ιησουν παρεκαλουν αυτον σπουδαιως λεγοντες οτι αξιος εστιν ω παρεξει τουτο
2a07050074	αγαπα γαρ το εθνος ημων και την συναγωγην αυτος ωκοδομησεν ημιν
2a0706016d	ο δε ιησους επορευετο συν αυτοις ηδη δε αυτου ου μακραν απεχοντος απο της οικιας επεμψεν προς αυτον ο εκατονταρχος φιλους λεγων αυτω κυριε μη σκυλλου ου γαρ ειμι ικανος ινα υπο την στεγην μου εισελθης
2a0707008e	διο ουδε εμαυτον ηξιωσα προς σε ελθειν αλλα ειπε λογω και ιαθησεται ο παις μου
2a07080150	και γαρ εγω ανθρωπος ειμι υπο εξουσιαν τασσομενος εχων υπ εμαυτον στρατιωτας και λεγω τουτω πορευθητι και πορευεται και αλλω ερχου και ερχεται και τω δουλω μου ποιησον τουτο και ποιει
2a070900fa	ακουσας δε ταυτα ο ιησους εθαυμασεν αυτον και στραφεις τω ακολουθουντι αυτω οχλω ειπεν λεγω υμιν ουδε εν τω ισραηλ τοσαυτην πιστιν ευρον
2a070a009d	και υποστρεψαντες οι πεμφθεντες εις τον οικον ευρον τον ασθενουντα δουλον υγιαινοντα
2a070b00df	και εγενετο εν τη εξης επορευετο εις πολιν καλουμενην ναιν και συνεπορευοντο αυτω οι μαθηται αυτου ικανοι και οχλος πολυς
2a070c0117	ως δε ηγγισεν τη πυλη της πολεως και ιδου εξεκομιζετο τεθνηκως υιος μονογενης τη μητρι αυτου και αυτη ην χηρα και οχλος της πολεως ικανος {VAR2: ην} συν αυτη
2a070d007c	και ιδων αυτην ο κυριος εσπλαγχνισθη επ αυτη και ειπεν αυτη μη κλαιε
2a070e00aa	και προσελθων ηψατο της σορου οι δε βασταζοντες εστησαν και ειπεν νεανισκε σοι λεγω εγερθητι
2a070f0086	και ανεκαθισεν ο νεκρος και ηρξατο λαλειν και εδωκεν αυτον τη μητρι αυτου
2a071000f2	ελαβεν δε φοβος απαντας και εδοξαζον τον θεον λεγοντες οτι προφητης μεγας εγηγερται εν ημιν και οτι επεσκεψατο ο θεος τον λαον αυτου
2a0711008d	και εξηλθεν ο λογος ουτος εν ολη τη ιουδαια περι αυτου και εν παση τη περιχωρω
2a0712006a	και απηγγειλαν ιωαννη οι μαθηται αυτου περι παντων τουτων
2a071300e6	και προσκαλεσαμενος δυο τινας των μαθητων αυτου ο ιωαννης επεμψεν προς τον ιησουν λεγων συ ει ο ερχομενος η αλλον προσδοκωμεν
2a071400f1	παραγενομενοι δε προς αυτον οι ανδρες ειπον ιωαννης ο βαπτιστης απεσταλκεν ημας προς σε λεγων συ ει ο ερχομενος η αλλον προσδοκωμεν
2a071500e3	εν αυτη δε τη ωρα εθεραπευσεν πολλους απο νοσων και μαστιγων και πνευματων πονηρων και τυφλοις πολλοις εχαρισατο το βλεπειν
2a07160187	και αποκριθεις ο ιησους ειπεν αυτοις πορευθεντες απαγγειλατε ιωαννη α ειδετε και ηκουσατε οτι τυφλοι αναβλεπουσιν χωλοι περιπατουσιν λεπροι καθαριζονται κωφοι ακουουσιν νεκροι εγειρονται πτωχοι ευαγγελιζονται
2a07170058	και μακαριος εστιν ος εαν μη σκανδαλισθη εν εμοι
2a07180113	απελθοντων δε των αγγελων ιωαννου ηρξατο λεγειν προς τους οχλους περι ιωαννου τι εξεληλυθατε εις την ερημον θεασασθαι καλαμον υπο ανεμου σαλευομενον
2a07190104	αλλα τι εξεληλυθατε ιδειν ανθρωπον εν μαλακοις ιματιοις ημφιεσμενον ιδου οι εν ιματισμω ενδοξω και τρυφη υπαρχοντες εν τοις βασιλειοις εισιν
2a071a008a	αλλα τι εξεληλυθατε ιδειν προφητην ναι λεγω υμιν και περισσοτερον προφητου
2a071b00e4	ουτος εστιν περι ου γεγραπται ιδου εγω αποστελλω τον αγγελον μου προ προσωπου σου ος κατασκευασει την οδον σου εμπροσθεν σου
2a071c010b	λεγω γαρ υμιν μειζων εν γεννητοις γυναικων προφητης ιωαννου του βαπτιστου ουδεις εστιν ο δε μικροτερος εν τη βασιλεια του θεου μειζων αυτου εστιν
2a071d00a6	και πας ο λαος ακουσας και οι τελωναι εδικαιωσαν τον θεον βαπτισθεντες το βαπτισμα ιωαννου
2a071e00b0	οι δε φαρισαιοι και οι νομικοι την βουλην του θεου ηθετησαν εις εαυτους μη βαπτισθεντες υπ αυτου
2a071f00a3	ειπεν δε ο κυριος τινι ουν ομοιωσω τους ανθρωπους της γενεας ταυτης και τινι εισιν ομοιοι
2a0720011d	ομοιοι εισιν παιδιοις τοις εν αγορα καθημενοις και προσφωνουσιν αλληλοις και λεγουσιν ηυλησαμεν υμιν και ουκ ωρχησασθε εθρηνησαμεν υμιν και ουκ εκλαυσατε
2a072100ac	εληλυθεν γαρ ιωαννης ο βαπτιστης μητε αρτον εσθιων μητε οινον πινων και λεγετε δαιμονιον εχει
2a072200da	εληλυθεν ο υιος του ανθρωπου εσθιων και πινων και λεγετε ιδου ανθρωπος φαγος και οινοποτης τελωνων φιλος και αμαρτωλων
2a0723005a	και εδικαιωθη η σοφια απο των τεκνων αυτης παντων
2a072400bb	ηρωτα δε τις αυτον των φαρισαιων ινα φαγη μετ αυτου και εισελθων εις την οικιαν του φαρισαιου ανεκλιθη
2a072500db	και ιδου γυνη εν τη πολει ητις ην αμαρτωλος επιγνουσα οτι ανακειται εν τη οικια του φαρισαιου κομισασα αλαβαστρον μυρου
2a07260158	και στασα παρα τους ποδας αυτου οπισω κλαιουσα ηρξατο βρεχειν τους ποδας αυτου τοις δακρυσιν και ταις θριξιν της κεφαλης αυτης εξεμασσεν και κατεφιλει τους ποδας αυτου και ηλειφεν τω μυρω
2a07270113	ιδων δε ο φαρισαιος ο καλεσας αυτον ειπεν εν εαυτω λεγων ουτος ει ην προφητης εγινωσκεν αν τις και ποταπη η γυνη ητις απτεται αυτου οτι αμαρτωλος εστιν
2a072800a4	και αποκριθεις ο ιησους ειπεν προς αυτον σιμων εχω σοι τι ειπειν ο δε φησιν διδασκαλε ειπε
2a072900a9	δυο χρεωφειλεται ησαν δανειστη τινι ο εις ωφειλεν δηναρια πεντακοσια ο δε ετερος πεντηκοντα
2a072a00a9	μη εχοντων δε αυτων αποδουναι αμφοτεροις εχαρισατο τις ουν αυτων ειπε πλειον αυτον αγαπησει
2a072b00ac	αποκριθεις δε ο σιμων ειπεν υπολαμβανω οτι ω το πλειον εχαρισατο ο δε ειπεν αυτω ορθως εκρινας
2a072c0194	και στραφεις προς την γυναικα τω σιμωνι εφη βλεπεις ταυτην την γυναικα εισηλθον σου εις την οικιαν υδωρ επι τους ποδας μου ουκ εδωκας αυτη δε τοις δακρυσιν εβρεξεν μου τους ποδας και ταις θριξιν της κεφαλης αυτης εξεμαξεν
2a072d0098	φιλημα μοι ουκ εδωκας αυτη δε αφ ης εισηλθον ου διελιπεν καταφιλουσα μου τους ποδας
2a072e007e	ελαιω την κεφαλην μου ουκ ηλειψας αυτη δε μυρω ηλειψεν μου τους ποδας
2a072f00c0	ου χαριν λεγω σοι αφεωνται αι αμαρτιαι αυτης αι πολλαι οτι ηγαπησεν πολυ ω δε ολιγον αφιεται ολιγον αγαπα
2a07300046	ειπεν δε αυτη αφεωνται σου αι αμαρτιαι
2a073100a1	και ηρξαντο οι συνανακειμενοι λεγειν εν εαυτοις τις ουτος εστιν ος και αμαρτιας αφιησιν
2a0732007e	ειπεν δε προς την γυναικα η πιστις σου σεσωκεν σε πορευου εις ειρηνην
2a08010101	και εγενετο εν τω καθεξης και αυτος διωδευεν κατα πολιν και κωμην κηρυσσων και ευαγγελιζομενος την βασιλειαν του θεου και οι δωδεκα συν αυτω
2a080200fd	και γυναικες τινες αι ησαν τεθεραπευμεναι απο πνευματων πονηρων και ασθενειων μαρια η καλουμενη μαγδαληνη αφ ης δαιμονια επτα εξεληλυθει
2a080300db	και ιωαννα γυνη χουζα επιτροπου ηρωδου και σουσαννα και ετεραι πολλαι αιτινες διηκονουν αυτω απο των υπαρχοντων αυταις
2a080400a7	συνιοντος δε οχλου πολλου και των κατα πολιν επιπορευομενων προς αυτον ειπεν δια παραβολης
2a0805011b	εξηλθεν ο σπειρων του σπειραι τον σπορον αυτου και εν τω σπειρειν αυτον ο μεν επεσεν παρα την οδον και κατεπατηθη και τα πετεινα του ουρανου κατεφαγεν αυτο
2a08060085	και ετερον επεσεν επι την πετραν και φυεν εξηρανθη δια το μη εχειν ικμαδα
2a08070090	και ετερον επεσεν εν μεσω των ακανθων και συμφυεισαι αι ακανθαι απεπνιξαν αυτο
2a080800ec	και ετερον επεσεν επι την γην την αγαθην και φυεν εποιησεν καρπον εκατονταπλασιονα ταυτα λεγων εφωνει ο εχων ωτα ακουειν ακουετω
2a0809007b	επηρωτων δε αυτον οι μαθηται αυτου λεγοντες τις ειη η παραβολη αυτη
2a080a010e	ο δε ειπεν υμιν δεδοται γνωναι τα μυστηρια της βασιλειας του θεου τοις δε λοιποις εν παραβολαις ινα βλεποντες μη βλεπωσιν και ακουοντες μη συνιωσιν
2a080b0065	εστιν δε αυτη η παραβολη ο σπορος εστιν ο λογος του θεου
2a080c00f1	οι δε παρα την οδον εισιν οι ακουοντες ειτα ερχεται ο διαβολος και αιρει τον λογον απο της καρδιας αυτων ινα μη πιστευσαντες σωθωσιν
2a080d0120	οι δε επι της πετρας οι οταν ακουσωσιν μετα χαρας δεχονται τον λογον και ουτοι ριζαν ουκ εχουσιν οι προς καιρον πιστευουσιν και εν καιρω πειρασμου αφιστανται
2a080e0111	το δε εις τας ακανθας πεσον ουτοι εισιν οι ακουσαντες και υπο μεριμνων και πλουτου και ηδονων του βιου πορευομενοι συμπνιγονται και ου τελεσφορουσιν
2a080f00e5	το δε εν τη καλη γη ουτοι εισιν οιτινες εν καρδια καλη και αγαθη ακουσαντες τον λογον κατεχουσιν και καρποφορουσιν εν υπομονη
2a081000f6	ουδεις δε λυχνον αψας καλυπτει αυτον σκευει η υποκατω κλινης τιθησιν αλλ επι λυχνιας επιτιθησιν ινα οι εισπορευομενοι βλεπωσιν το φως
2a081100b0	ου γαρ εστιν κρυπτον ο ου φανερον γενησεται ουδε αποκρυφον ο ου γνωσθησεται και εις φανερον ελθη
2a081200bf	βλεπετε ουν πως ακουετε ος γαρ αν εχη δοθησεται αυτω και ος αν μη εχη και ο δοκει εχειν αρθησεται απ αυτου
2a081300b7	παρεγενοντο δε προς αυτον η μητηρ και οι αδελφοι αυτου και ουκ ηδυναντο συντυχειν αυτω δια τον οχλον
2a081400a3	και απηγγελη αυτω λεγοντων η μητηρ σου και οι αδελφοι σου εστηκασιν εξω ιδειν σε θελοντες
2a081500e1	ο δε αποκριθεις ειπεν προς αυτους μητηρ μου και αδελφοι μου ουτοι εισιν οι τον λογον του θεου ακουοντες και ποιουντες αυτον
2a0816010c	και εγενετο εν μια των ημερων και αυτος ενεβη εις πλοιον και οι μαθηται αυτου και ειπεν προς αυτους διελθωμεν εις το περαν της λιμνης και ανηχθησαν
2a081700bc	πλεοντων δε αυτων αφυπνωσεν και κατεβη λαιλαψ ανεμου εις την λιμνην και συνεπληρουντο και εκινδυνευον
2a0818012d	προσελθοντες δε διηγειραν αυτον λεγοντες επιστατα επιστατα απολλυμεθα ο δε εγερθεις επετιμησεν τω ανεμω και τω κλυδωνι του υδατος και επαυσαντο και εγενετο γαληνη
2a0819013a	ειπεν δε αυτοις που εστιν η πιστις υμων φοβηθεντες δε εθαυμασαν λεγοντες προς αλληλους τις αρα ουτος εστιν οτι και τοις ανεμοις επιτασσει και τω υδατι και υπακουουσιν αυτω
2a081a0091	και κατεπλευσαν εις την χωραν των γαδαρηνων ητις εστιν αντιπεραν της γαλιλαιας
2a081b0141	εξελθοντι δε αυτω επι την γην υπηντησεν αυτω ανηρ τις εκ της πολεως ος ειχεν δαιμονια εκ χρονων ικανων και ιματιον ουκ ενεδιδυσκετο και εν οικια ουκ εμενεν αλλ εν τοις μνημασιν
2a081c0106	ιδων δε τον ιησουν και ανακραξας προσεπεσεν αυτω και φωνη μεγαλη ειπεν τι εμοι και σοι ιησου υιε του θεου του υψιστου δεομαι σου μη με βασανισης
2a081d01b6	{VAR1: παρηγγελλεν} {VAR2: παρηγγειλεν} γαρ τω πνευματι τω ακαθαρτω εξελθειν απο του ανθρωπου πολλοις γαρ χρονοις συνηρπακει αυτον και εδεσμειτο αλυσεσιν και πεδαις φυλασσομενος και διαρρησσων τα δεσμα ηλαυνετο υπο του δαιμονος εις τας ερημους
2a081e00c7	επηρωτησεν δε αυτον ο ιησους λεγων τι σοι εστιν ονομα ο δε ειπεν λεγεων οτι δαιμονια πολλα εισηλθεν εις αυτον
2a081f009f	και {VAR1: παρεκαλει} {VAR2: παρεκαλουν} αυτον ινα μη επιταξη αυτοις εις την αβυσσον απελθειν
2a082000fd	ην δε εκει αγελη χοιρων ικανων βοσκομενων εν τω ορει και παρεκαλουν αυτον ινα επιτρεψη αυτοις εις εκεινους εισελθειν και επετρεψεν αυτοις
2a082100f2	εξελθοντα δε τα δαιμονια απο του ανθρωπου εισηλθεν εις τους χοιρους και ωρμησεν η αγελη κατα του κρημνου εις την λιμνην και απεπνιγη
2a082200c2	ιδοντες δε οι βοσκοντες το γεγενημενον εφυγον και απελθοντες απηγγειλαν εις την πολιν και εις τους αγρους
2a08230153	εξηλθον δε ιδειν το γεγονος και ηλθον προς τον ιησουν και ευρον καθημενον τον ανθρωπον αφ ου τα δαιμονια εξεληλυθει ιματισμενον και σωφρονουντα παρα τους ποδας του ιησου και εφοβηθησαν
2a0824006f	απηγγειλαν δε αυτοις και οι ιδοντες πως εσωθη ο δαιμονισθεις
2a0825010d	και ηρωτησαν αυτον απαν το πληθος της περιχωρου των γαδαρηνων απελθειν απ αυτων οτι φοβω μεγαλω συνειχοντο αυτος δε εμβας εις το πλοιον υπεστρεψεν
2a082600b4	εδεετο δε αυτου ο ανηρ αφ ου εξεληλυθει τα δαιμονια ειναι συν αυτω απελυσεν δε αυτον ο ιησους λεγων
2a082700eb	υποστρεφε εις τον οικον σου και διηγου οσα εποιησεν σοι ο θεος και απηλθεν καθ ολην την πολιν κηρυσσων οσα εποιησεν αυτω ο ιησους
2a082800b3	εγενετο δε εν τω υποστρεψαι τον ιησουν απεδεξατο αυτον ο οχλος ησαν γαρ παντες προσδοκωντες αυτον
2a0829011c	και ιδου ηλθεν ανηρ ω ονομα ιαειρος και αυτος αρχων της συναγωγης υπηρχεν και πεσων παρα τους ποδας του ιησου παρεκαλει αυτον εισελθειν εις τον οικον αυτου
2a082a00cf	οτι θυγατηρ μονογενης ην αυτω ως ετων δωδεκα και αυτη απεθνησκεν εν δε τω υπαγειν αυτον οι οχλοι συνεπνιγον αυτον
2a082b00ea	και γυνη ουσα εν ρυσει αιματος απο ετων δωδεκα ητις εις ιατρους προσαναλωσασα ολον τον βιον ουκ ισχυσεν υπ ουδενος θεραπευθηναι
2a082c00bd	προσελθουσα οπισθεν ηψατο του κρασπεδου του ιματιου αυτου και παραχρημα εστη η ρυσις του αιματος αυτης
2a082d0134	και ειπεν ο ιησους τις ο αψαμενος μου αρνουμενων δε παντων ειπεν ο πετρος και οι μετ αυτου επιστατα οι οχλοι συνεχουσιν σε και αποθλιβουσιν και λεγεις τις ο αψαμενος μου
2a082e0083	ο δε ιησους ειπεν ηψατο μου τις εγω γαρ εγνων δυναμιν εξελθουσαν απ εμου
2a082f011a	ιδουσα δε η γυνη οτι ουκ ελαθεν τρεμουσα ηλθεν και προσπεσουσα αυτω δι ην αιτιαν ηψατο αυτου απηγγειλεν αυτω ενωπιον παντος του λαου και ως ιαθη παραχρημα
2a08300087	ο δε ειπεν αυτη θαρσει θυγατερ η πιστις σου σεσωκεν σε πορευου εις ειρηνην
2a083100d8	ετι αυτου λαλουντος ερχεται τις παρα του αρχισυναγωγου λεγων αυτω οτι τεθνηκεν η θυγατηρ σου μη σκυλλε τον διδασκαλον
2a0832008c	ο δε ιησους ακουσας απεκριθη αυτω λεγων μη φοβου μονον πιστευε και σωθησεται
2a083300f1	εισελθων δε εις την οικιαν ουκ αφηκεν εισελθειν ουδενα ει μη πετρον και ιακωβον και ιωαννην και τον πατερα της παιδος και την μητερα
2a0834009e	εκλαιον δε παντες και εκοπτοντο αυτην ο δε ειπεν μη κλαιετε ουκ απεθανεν αλλα καθευδει
2a0835004b	και κατεγελων αυτου ειδοτες οτι απεθανεν
2a083600a0	αυτος δε εκβαλων εξω παντας και κρατησας της χειρος αυτης εφωνησεν λεγων η παις εγειρου
2a0837009c	και επεστρεψεν το πνευμα αυτης και ανεστη παραχρημα και διεταξεν αυτη δοθηναι φαγειν
2a08380090	και εξεστησαν οι γονεις αυτης ο δε παρηγγειλεν αυτοις μηδενι ειπειν το γεγονος
2a090100e3	συγκαλεσαμενος δε τους δωδεκα μαθητας αυτου εδωκεν αυτοις δυναμιν και εξουσιαν επι παντα τα δαιμονια και νοσους θεραπευειν
2a09020099	και απεστειλεν αυτους κηρυσσειν την βασιλειαν του θεου και ιασθαι τους ασθενουντας
2a090300e1	και ειπεν προς αυτους μηδεν αιρετε εις την οδον μητε ραβδους μητε πηραν μητε αρτον μητε αργυριον μητε ανα δυο χιτωνας εχειν
2a09040076	και εις ην αν οικιαν εισελθητε εκει μενετε και εκειθεν εξερχεσθε
2a090500fa	και οσοι αν μη δεξωνται υμας εξερχομενοι απο της πολεως εκεινης και τον κονιορτον απο των ποδων υμων αποτιναξατε εις μαρτυριον επ αυτους
2a09060099	εξερχομενοι δε διηρχοντο κατα τας κωμας ευαγγελιζομενοι και θεραπευοντες πανταχου
2a090700e9	ηκουσεν δε ηρωδης ο τετραρχης τα γινομενα υπ αυτου παντα και διηπορει δια το λεγεσθαι υπο τινων οτι ιωαννης εγηγερται εκ νεκρων
2a09080085	υπο τινων δε οτι ηλιας εφανη αλλων δε οτι προφητης εις των αρχαιων ανεστη
2a090900c9	και ειπεν ο ηρωδης ιωαννην εγω απεκεφαλισα τις δε εστιν ουτος περι ου εγω ακουω τοιαυτα και εζητει ιδειν αυτον
2a090a010f	και υποστρεψαντες οι αποστολοι διηγησαντο αυτω οσα εποιησαν και παραλαβων αυτους υπεχωρησεν κατ ιδιαν εις τοπον ερημον πολεως καλουμενης βηθσαιδα
2a090b00ff	οι δε οχλοι γνοντες ηκολουθησαν αυτω και δεξαμενος αυτους ελαλει αυτοις περι της βασιλειας του θεου και τους χρειαν εχοντας θεραπειας ιατο
2a090c0168	η δε ημερα ηρξατο κλινειν προσελθοντες δε οι δωδεκα ειπον αυτω απολυσον τον οχλον ινα απελθοντες εις τας κυκλω κωμας και τους αγρους καταλυσωσιν και ευρωσιν επισιτισμον οτι ωδε εν ερημω τοπω εσμεν
2a090d0147	ειπεν δε προς αυτους δοτε αυτοις υμεις φαγειν οι δε ειπον ουκ εισιν ημιν πλειον η πεντε αρτοι και δυο ιχθυες ει μητι πορευθεντες ημεις αγορασωμεν εις παντα τον λαον τουτον βρωματα
2a090e00cd	ησαν γαρ ωσει ανδρες πεντακισχιλιοι ειπεν δε προς τους μαθητας αυτου κατακλινατε αυτους κλισιας ανα πεντηκοντα
2a090f004b	και εποιησαν ουτως και ανεκλιναν απαντας
2a09100113	λαβων δε τους πεντε αρτους και τους δυο ιχθυας αναβλεψας εις τον ουρανον ευλογησεν αυτους και κατεκλασεν και εδιδου τοις μαθηταις παρατιθεναι τω οχλω
2a091100a8	και εφαγον και εχορτασθησαν παντες και ηρθη το περισσευσαν αυτοις κλασματων κοφινοι δωδεκα
2a091200fd	και εγενετο εν τω ειναι αυτον προσευχομενον καταμονας συνησαν αυτω οι μαθηται και επηρωτησεν αυτους λεγων τινα με λεγουσιν οι οχλοι ειναι
2a091300c3	οι δε αποκριθεντες ειπον ιωαννην τον βαπτιστην αλλοι δε ηλιαν αλλοι δε οτι προφητης τις των αρχαιων ανεστη
2a091400ad	ειπεν δε αυτοις υμεις δε τινα με λεγετε ειναι αποκριθεις δε ο πετρος ειπεν τον χριστον του θεου
2a09150065	ο δε επιτιμησας αυτοις παρηγγειλεν μηδενι ειπειν τουτο
2a0916012e	ειπων οτι δει τον υιον του ανθρωπου πολλα παθειν και αποδοκιμασθηναι απο των πρεσβυτερων και αρχιερεων και γραμματεων και αποκτανθηναι και τη τριτη ημερα εγερθηναι
2a091700ed	ελεγεν δε προς παντας ει τις θελει οπισω μου ελθειν απαρνησασθω εαυτον και αρατω τον σταυρον αυτου καθ ημεραν και ακολουθειτω μοι
2a091800cd	ος γαρ αν θελη την ψυχην αυτου σωσαι απολεσει αυτην ος δ αν απολεση την ψυχην αυτου ενεκεν εμου ουτος σωσει αυτην
2a09190096	τι γαρ ωφελειται ανθρωπος κερδησας τον κοσμον ολον εαυτον δε απολεσας η ζημιωθεις
2a091a0115	ος γαρ αν επαισχυνθη με και τους εμους λογους τουτον ο υιος του ανθρωπου επαισχυνθησεται οταν ελθη εν τη δοξη αυτου και του πατρος και των αγιων αγγελων
2a091b00ce	λεγω δε υμιν αληθως εισιν τινες των ωδε εστηκοτων οι ου μη γευσονται θανατου εως αν ιδωσιν την βασιλειαν του θεου
2a091c00f3	εγενετο δε μετα τους λογους τουτους ωσει ημεραι οκτω και παραλαβων τον πετρον και ιωαννην και ιακωβον ανεβη εις το ορος προσευξασθαι
2a091d00cf	και εγενετο εν τω προσευχεσθαι αυτον το ειδος του προσωπου αυτου ετερον και ο ιματισμος αυτου λευκος εξαστραπτων
2a091e0076	και ιδου ανδρες δυο συνελαλουν αυτω οιτινες ησαν μωσης και ηλιας
2a091f008c	οι οφθεντες εν δοξη ελεγον την εξοδον αυτου ην εμελλεν πληρουν εν ιερουσαλημ
2a092000f2	ο δε πετρος και οι συν αυτω ησαν βεβαρημενοι υπνω διαγρηγορησαντες δε ειδον την δοξαν αυτου και τους δυο ανδρας τους συνεστωτας αυτω
2a09210165	και εγενετο εν τω διαχωριζεσθαι αυτους απ αυτου ειπεν ο πετρος προς τον ιησουν επιστατα καλον εστιν ημας ωδε ειναι και ποιησωμεν σκηνας τρεις μιαν σοι και μωσει μιαν και μιαν ηλια μη ειδως ο λεγει
2a092200d5	ταυτα δε αυτου λεγοντος εγενετο νεφελη και επεσκιασεν αυτους εφοβηθησαν δε εν τω εκεινους εισελθειν εις την νεφελην
2a0923009f	και φωνη εγενετο εκ της νεφελης λεγουσα ουτος εστιν ο υιος μου ο αγαπητος αυτου ακουετε
2a092400f8	και εν τω γενεσθαι την φωνην ευρεθη ο ιησους μονος και αυτοι εσιγησαν και ουδενι απηγγειλαν εν εκειναις ταις ημεραις ουδεν ων εωρακασιν
2a092500a0	εγενετο δε εν τη εξης ημερα κατελθοντων αυτων απο του ορους συνηντησεν αυτω οχλος πολυς
2a092600d3	και ιδου ανηρ απο του οχλου ανεβοησεν λεγων διδασκαλε δεομαι σου επιβλεψον επι τον υιον μου οτι μονογενης εστιν μοι
2a092700e7	και ιδου πνευμα λαμβανει αυτον και εξαιφνης κραζει και σπαρασσει αυτον μετα αφρου και μογις αποχωρει απ αυτου συντριβον αυτον
2a0928007a	και εδεηθην των μαθητων σου ινα εκβαλλωσιν αυτο και ουκ ηδυνηθησαν
2a092900f2	αποκριθεις δε ο ιησους ειπεν ω γενεα απιστος και διεστραμμενη εως ποτε εσομαι προς υμας και ανεξομαι υμων προσαγαγε ωδε τον υιον σου
2a092a013d	ετι δε προσερχομενου αυτου ερρηξεν αυτον το δαιμονιον και συνεσπαραξεν επετιμησεν δε ο ιησους τω πνευματι τω ακαθαρτω και ιασατο τον παιδα και απεδωκεν αυτον τω πατρι αυτου
2a092b00f9	εξεπλησσοντο δε παντες επι τη μεγαλειοτητι του θεου παντων δε θαυμαζοντων επι πασιν οις εποιησεν ο ιησους ειπεν προς τους μαθητας αυτου
2a092c00cc	θεσθε υμεις εις τα ωτα υμων τους λογους τουτους ο γαρ υιος του ανθρωπου μελλει παραδιδοσθαι εις χειρας ανθρωπων
2a092d00f8	οι δε ηγνοουν το ρημα τουτο και ην παρακεκαλυμμενον απ αυτων ινα μη αισθωνται αυτο και εφοβουντο ερωτησαι αυτον περι του ρηματος τουτου
2a092e006e	εισηλθεν δε διαλογισμος εν αυτοις το τις αν ειη μειζων αυτων
2a092f00ae	ο δε ιησους ιδων τον διαλογισμον της καρδιας αυτων επιλαβομενος παιδιου εστησεν αυτο παρ εαυτω
2a09300155	και ειπεν αυτοις ος εαν δεξηται τουτο το παιδιον επι τω ονοματι μου εμε δεχεται και ος εαν εμε δεξηται δεχεται τον αποστειλαντα με ο γαρ μικροτερος εν πασιν υμιν υπαρχων ουτος εσται μεγας
2a09310104	αποκριθεις δε ο ιωαννης ειπεν επιστατα ειδομεν τινα επι τω ονοματι σου εκβαλλοντα τα δαιμονια και εκωλυσαμεν αυτον οτι ουκ ακολουθει μεθ ημων
2a09320094	και ειπεν προς αυτον ο ιησους μη κωλυετε ος γαρ ουκ εστιν καθ ημων υπερ ημων εστιν
2a093300ef	εγενετο δε εν τω συμπληρουσθαι τας ημερας της αναληψεως αυτου και αυτος το προσωπον αυτου εστηριξεν του πορευεσθαι εις ιερουσαλημ
2a093400ca	και απεστειλεν αγγελους προ προσωπου αυτου και πορευθεντες εισηλθον εις κωμην σαμαρειτων ωστε ετοιμασαι αυτω
2a09350089	και ουκ εδεξαντο αυτον οτι το προσωπον αυτου ην πορευομενον εις ιερουσαλημ
2a0936010d	ιδοντες δε οι μαθηται αυτου ιακωβος και ιωαννης ειπον κυριε θελεις ειπωμεν πυρ καταβηναι απο του ουρανου και αναλωσαι αυτους ως και ηλιας εποιησεν
2a0937008d	στραφεις δε επετιμησεν αυτοις και ειπεν ουκ οιδατε οιου πνευματος εστε υμεις
2a093800ba	ο γαρ υιος του ανθρωπου ουκ ηλθεν ψυχας ανθρωπων απολεσαι αλλα σωσαι και επορευθησαν εις ετεραν κωμην
2a093900ae	εγενετο δε πορευομενων αυτων εν τη οδω ειπεν τις προς αυτον ακολουθησω σοι οπου αν απερχη κυριε
2a093a010b	και ειπεν αυτω ο ιησους αι αλωπεκες φωλεους εχουσιν και τα πετεινα του ουρανου κατασκηνωσεις ο δε υιος του ανθρωπου ουκ εχει που την κεφαλην κλινη
2a093b00bd	ειπεν δε προς ετερον ακολουθει μοι ο δε ειπεν κυριε επιτρεψον μοι απελθοντι πρωτον θαψαι τον πατερα μου
2a093c00cf	ειπεν δε αυτω ο ιησους αφες τους νεκρους θαψαι τους εαυτων νεκρους συ δε απελθων διαγγελλε την βασιλειαν του θεου
2a093d00b6	ειπεν δε και ετερος ακολουθησω σοι κυριε πρωτον δε επιτρεψον μοι αποταξασθαι τοις εις τον οικον μου
2a093e00f8	ειπεν δε προς αυτον ο ιησους ουδεις επιβαλων την χειρα αυτου επ αροτρον και βλεπων εις τα οπισω ευθετος εστιν εις την βασιλειαν του θεου
2a0a010121	μετα δε ταυτα ανεδειξεν ο κυριος και ετερους εβδομηκοντα και απεστειλεν αυτους ανα δυο προ προσωπου αυτου εις πασαν πολιν και τοπον ου εμελλεν αυτος ερχεσθαι
2a0a020108	ελεγεν ουν προς αυτους ο μεν θερισμος πολυς οι δε εργαται ολιγοι δεηθητε ουν του κυριου του θερισμου οπως εκβαλλη εργατας εις τον θερισμον αυτου
2a0a030063	υπαγετε ιδου εγω αποστελλω υμας ως αρνας εν μεσω λυκων
2a0a040096	μη βασταζετε βαλαντιον μη πηραν μηδε υποδηματα και μηδενα κατα την οδον ασπασησθε
2a0a050075	εις ην δ αν οικιαν εισερχησθε πρωτον λεγετε ειρηνη τω οικω τουτω
2a0a0600bb	και εαν μεν η εκει {VAR2: ο} υιος ειρηνης επαναπαυσεται επ αυτον η ειρηνη υμων ει δε μηγε εφ υμας ανακαμψει
2a0a070101	εν αυτη δε τη οικια μενετε εσθιοντες και πινοντες τα παρ αυτων αξιος γαρ ο εργατης του μισθου αυτου εστιν μη μεταβαινετε εξ οικιας εις οικιαν
2a0a080091	και εις ην δ αν πολιν εισερχησθε και δεχωνται υμας εσθιετε τα παρατιθεμενα υμιν
2a0a0900a5	και θεραπευετε τους εν αυτη ασθενεις και λεγετε αυτοις ηγγικεν εφ υμας η βασιλεια του θεου
2a0a0a00a5	εις ην δ αν πολιν εισερχησθε και μη δεχωνται υμας εξελθοντες εις τας πλατειας αυτης ειπατε
2a0a0b00f8	και τον κονιορτον τον κολληθεντα ημιν εκ της πολεως υμων απομασσομεθα υμιν πλην τουτο γινωσκετε οτι ηγγικεν εφ υμας η βασιλεια του θεου
2a0a0c0092	λεγω δε υμιν οτι σοδομοις εν τη ημερα εκεινη ανεκτοτερον εσται η τη πολει εκεινη
2a0a0d0114	ουαι σοι χωραζιν ουαι σοι βηθσαιδα οτι ει εν τυρω και σιδωνι εγενοντο αι δυναμεις αι γενομεναι εν υμιν παλαι αν εν σακκω και σποδω καθημεναι μετενοησαν
2a0a0e006a	πλην τυρω και σιδωνι ανεκτοτερον εσται εν τη κρισει η υμιν
2a0a0f007c	και συ καπερναουμ η εως του ουρανου υψωθεισα εως αδου καταβιβασθηση
2a0a1000b0	ο ακουων υμων εμου ακουει και ο αθετων υμας εμε αθετει ο δε εμε αθετων αθετει τον αποστειλαντα με
2a0a1100c2	υπεστρεψαν δε οι εβδομηκοντα μετα χαρας λεγοντες κυριε και τα δαιμονια υποτασσεται ημιν εν τω ονοματι σου
2a0a120083	ειπεν δε αυτοις εθεωρουν τον σαταναν ως αστραπην εκ του ουρανου πεσοντα
2a0a130110	ιδου διδωμι υμιν την εξουσιαν του πατειν επανω οφεων και σκορπιων και επι πασαν την δυναμιν του εχθρου και ουδεν υμας ου μη {VAR1: αδικηση} {VAR2: αδικησει}
2a0a1400da	πλην εν τουτω μη χαιρετε οτι τα πνευματα υμιν υποτασσεται χαιρετε δε μαλλον οτι τα ονοματα υμων εγραφη εν τοις ουρανοις
2a0a1501ab	εν αυτη τη ωρα ηγαλλιασατο τω πνευματι ο ιησους και ειπεν εξομολογουμαι σοι πατερ κυριε του ουρανου και της γης οτι απεκρυψας ταυτα απο σοφων και συνετων και απεκαλυψας αυτα νηπιοις ναι ο πατηρ οτι ουτως εγενετο ευδοκια εμπροσθεν σου
2a0a16016b	{VAR1: και στραφεις προς τους μαθητας ειπεν} παντα παρεδοθη μοι υπο του πατρος μου και ουδεις γινωσκει τις εστιν ο υιος ει μη ο πατηρ και τις εστιν ο πατηρ ει μη ο υιος και ω εαν βουληται ο υιος αποκαλυψαι
2a0a1700a6	και στραφεις προς τους μαθητας κατ ιδιαν ειπεν μακαριοι οι οφθαλμοι οι βλεποντες α βλεπετε
2a0a1800ec	λεγω γαρ υμιν οτι πολλοι προφηται και βασιλεις ηθελησαν ιδειν α υμεις βλεπετε και ουκ ειδον και ακουσαι α ακουετε και ουκ ηκουσαν
2a0a1900ba	και ιδου νομικος τις ανεστη εκπειραζων αυτον και λεγων διδασκαλε τι ποιησας ζωην αιωνιον κληρονομησω
2a0a1a0071	ο δε ειπεν προς αυτον εν τω νομω τι γεγραπται πως αναγινωσκεις
2a0a1b0153	ο δε αποκριθεις ειπεν αγαπησεις κυριον τον θεον σου εξ ολης της καρδιας σου και εξ ολης της ψυχης σου και εξ ολης της ισχυος σου και εξ ολης της διανοιας σου και τον πλησιον σου ως σεαυτον
2a0a1c005c	ειπεν δε αυτω ορθως απεκριθης τουτο ποιει και ζηση
2a0a1d0087	ο δε θελων δικαιουν εαυτον ειπεν προς τον ιησουν και τις εστιν μου πλησιον
2a0a1e014d	υπολαβων δε ο ιησους ειπεν ανθρωπος τις κατεβαινεν απο ιερουσαλημ εις ιεριχω και λησταις περιεπεσεν οι και εκδυσαντες αυτον και πληγας επιθεντες απηλθον αφεντες ημιθανη τυγχανοντα
2a0a1f009b	κατα συγκυριαν δε ιερευς τις κατεβαινεν εν τη οδω εκεινη και ιδων αυτον αντιπαρηλθεν
2a0a200089	ομοιως δε και λευιτης γενομενος κατα τον τοπον ελθων και ιδων αντιπαρηλθεν
2a0a21007e	σαμαρειτης δε τις οδευων ηλθεν κατ αυτον και ιδων αυτον εσπλαγχνισθη
2a0a22011d	και προσελθων κατεδησεν τα τραυματα αυτου επιχεων ελαιον και οινον επιβιβασας δε αυτον επι το ιδιον κτηνος ηγαγεν αυτον εις πανδοχειον και επεμεληθη αυτου
2a0a230129	και επι την αυριον εξελθων εκβαλων δυο δηναρια εδωκεν τω πανδοχει και ειπεν αυτω επιμεληθητι αυτου και ο τι αν προσδαπανησης εγω εν τω επανερχεσθαι με αποδωσω σοι
2a0a240099	τις ουν τουτων των τριων δοκει σοι πλησιον γεγονεναι του εμπεσοντος εις τους ληστας
2a0a2500a4	ο δε ειπεν ο ποιησας το ελεος μετ αυτου ειπεν ουν αυτω ο ιησους πορευου και συ ποιει ομοιως
2a0a2600ee	εγενετο δε εν τω πορευεσθαι αυτους και αυτος εισηλθεν εις κωμην τινα γυνη δε τις ονοματι μαρθα υπεδεξατο αυτον εις τον οικον αυτης
2a0a2700bb	και τηδε ην αδελφη καλουμενη μαρια η και παρακαθισασα παρα τους ποδας του ιησου ηκουεν τον λογον αυτου
2a0a28012b	η δε μαρθα περιεσπατο περι πολλην διακονιαν επιστασα δε ειπεν κυριε ου μελει σοι οτι η αδελφη μου μονην με κατελιπεν διακονειν ειπε ουν αυτη ινα μοι συναντιλαβηται
2a0a29008e	αποκριθεις δε ειπεν αυτη ο ιησους μαρθα μαρθα μεριμνας και τυρβαζη περι πολλα
2a0a2a00a2	ενος δε εστιν χρεια μαρια δε την αγαθην μεριδα εξελεξατο ητις ουκ αφαιρεθησεται απ αυτης
2a0b010155	και εγενετο εν τω ειναι αυτον εν τοπω τινι προσευχομενον ως επαυσατο ειπεν τις των μαθητων αυτου προς αυτον κυριε διδαξον ημας προσευχεσθαι καθως και ιωαννης εδιδαξεν τους μαθητας αυτου
2a0b02012e	ειπεν δε αυτοις οταν προσευχησθε λεγετε πατερ ημων ο εν τοις ουρανοις αγιασθητω το ονομα σου ελθετω η βασιλεια σου γενηθητω το θελημα σου ως εν ουρανω και επι της γης
2a0b030061	τον αρτον ημων τον επιουσιον διδου ημιν το καθ ημεραν
2a0b040106	και αφες ημιν τας αμαρτιας ημων και γαρ αυτοι αφιεμεν παντι οφειλοντι ημιν και μη εισενεγκης ημας εις πειρασμον αλλα ρυσαι ημας απο του πονηρου
2a0b0500e5	και ειπεν προς αυτους τις εξ υμων εξει φιλον και πορευσεται προς αυτον μεσονυκτιου και ειπη αυτω φιλε χρησον μοι τρεις αρτους
2a0b060081	επειδη φιλος μου παρεγενετο εξ οδου προς με και ουκ εχω ο παραθησω αυτω
2a0b070116	κακεινος εσωθεν αποκριθεις ειπη μη μοι κοπους παρεχε ηδη η θυρα κεκλεισται και τα παιδια μου μετ εμου εις την κοιτην εισιν ου δυναμαι αναστας δουναι σοι
2a0b0800de	λεγω υμιν ει και ου δωσει αυτω αναστας δια το ειναι αυτου φιλον δια γε την αναιδειαν αυτου εγερθεις δωσει αυτω οσων χρηζει
2a0b0900a9	καγω υμιν λεγω αιτειτε και δοθησεται υμιν ζητειτε και ευρησετε κρουετε και ανοιγησεται υμιν
2a0b0a0086	πας γαρ ο αιτων λαμβανει και ο ζητων ευρισκει και τω κρουοντι ανοιγησεται
2a0b0b00cf	τινα δε υμων τον πατερα αιτησει ο υιος αρτον μη λιθον επιδωσει αυτω ει και ιχθυν μη αντι ιχθυος οφιν επιδωσει αυτω
2a0b0c0054	η και εαν αιτηση ωον μη επιδωσει αυτω σκορπιον
2a0b0d0112	ει ουν υμεις πονηροι υπαρχοντες οιδατε αγαθα δοματα διδοναι τοις τεκνοις υμων ποσω μαλλον ο πατηρ ο εξ ουρανου δωσει πνευμα αγιον τοις αιτουσιν αυτον
2a0b0e00db	και ην εκβαλλων δαιμονιον και αυτο ην κωφον εγενετο δε του δαιμονιου εξελθοντος ελαλησεν ο κωφος και εθαυμασαν οι οχλοι
2a0b0f0094	τινες δε εξ αυτων ειπον εν βεελζεβουλ αρχοντι των δαιμονιων εκβαλλει τα δαιμονια
2a0b10006c	ετεροι δε πειραζοντες σημειον παρ αυτου εζητουν εξ ουρανου
2a0b1100e2	αυτος δε ειδως αυτων τα διανοηματα ειπεν αυτοις πασα βασιλεια εφ εαυτην διαμερισθεισα ερημουται και οικος επι οικον πιπτει
2a0b1200e0	ει δε και ο σατανας εφ εαυτον διεμερισθη πως σταθησεται η βασιλεια αυτου οτι λεγετε εν βεελζεβουλ εκβαλλειν με τα δαιμονια
2a0b1300cd	ει δε εγω εν βεελζεβουλ εκβαλλω τα δαιμονια οι υιοι υμων εν τινι εκβαλλουσιν δια τουτο κριται υμων αυτοι εσονται
2a0b140093	ει δε εν δακτυλω θεου εκβαλλω τα δαιμονια αρα εφθασεν εφ υμας η βασιλεια του θεου
2a0b1500a3	οταν ο ισχυρος καθωπλισμενος φυλασση την εαυτου αυλην εν ειρηνη εστιν τα υπαρχοντα αυτου
2a0b1600db	επαν δε ο ισχυροτερος αυτου επελθων νικηση αυτον την πανοπλιαν αυτου αιρει εφ η επεποιθει και τα σκυλα αυτου διαδιδωσιν
2a0b170078	ο μη ων μετ εμου κατ εμου εστιν και ο μη συναγων μετ εμου σκορπιζει
2a0b18011e	οταν το ακαθαρτον πνευμα εξελθη απο του ανθρωπου διερχεται δι ανυδρων τοπων ζητουν αναπαυσιν και μη ευρισκον λεγει υποστρεψω εις τον οικον μου οθεν εξηλθον
2a0b190059	και ελθον ευρισκει σεσαρωμενον και κεκοσμημενον
2a0b1a012a	τοτε πορευεται και παραλαμβανει επτα ετερα πνευματα πονηροτερα εαυτου και εισελθοντα κατοικει εκει και γινεται τα εσχατα του ανθρωπου εκεινου χειρονα των πρωτων
2a0b1b00fb	εγενετο δε εν τω λεγειν αυτον ταυτα επαρασα τις γυνη φωνην εκ του οχλου ειπεν αυτω μακαρια η κοιλια η βαστασασα σε και μαστοι ους εθηλασας
2a0b1c009f	αυτος δε ειπεν μενουνγε μακαριοι οι ακουοντες τον λογον του θεου και φυλασσοντες αυτον
2a0b1d0112	των δε οχλων επαθροιζομενων ηρξατο λεγειν η γενεα αυτη πονηρα εστιν σημειον επιζητει και σημειον ου δοθησεται αυτη ει μη το σημειον ιωνα του προφητου
2a0b1e00b4	καθως γαρ εγενετο ιωνας σημειον τοις νινευιταις ουτως εσται και ο υιος του ανθρωπου τη γενεα ταυτη
2a0b1f015e	βασιλισσα νοτου εγερθησεται εν τη κρισει μετα των ανδρων της γενεας ταυτης και κατακρινει αυτους οτι ηλθεν εκ των περατων της γης ακουσαι την σοφιαν σολομωντος και ιδου πλειον σολομωντος ωδε
2a0b20010d	ανδρες νινευι αναστησονται εν τη κρισει μετα της γενεας ταυτης και κατακρινουσιν αυτην οτι μετενοησαν εις το κηρυγμα ιωνα και ιδου πλειον ιωνα ωδε
2a0b2100e0	ουδεις δε λυχνον αψας εις κρυπτον τιθησιν ουδε υπο τον μοδιον αλλ επι την λυχνιαν ινα οι εισπορευομενοι το φεγγος βλεπωσιν
2a0b22010f	ο λυχνος του σωματος εστιν ο οφθαλμος οταν ουν ο οφθαλμος σου απλους η και ολον το σωμα σου φωτεινον εστιν επαν δε πονηρος η και το σωμα σου σκοτεινον
2a0b23004d	σκοπει ουν μη το φως το εν σοι σκοτος εστιν
2a0b2400d4	ει ουν το σωμα σου ολον φωτεινον μη εχον τι μερος σκοτεινον εσται φωτεινον ολον ως οταν ο λυχνος τη αστραπη φωτιζη σε
2a0b25009e	εν δε τω λαλησαι ηρωτα αυτον φαρισαιος τις οπως αριστηση παρ αυτω εισελθων δε ανεπεσεν
2a0b26007f	ο δε φαρισαιος ιδων εθαυμασεν οτι ου πρωτον εβαπτισθη προ του αριστου
2a0b27010b	ειπεν δε ο κυριος προς αυτον νυν υμεις οι φαρισαιοι το εξωθεν του ποτηριου και του πινακος καθαριζετε το δε εσωθεν υμων γεμει αρπαγης και πονηριας
2a0b280063	αφρονες ουχ ο ποιησας το εξωθεν και το εσωθεν εποιησεν
2a0b290076	πλην τα ενοντα δοτε ελεημοσυνην και ιδου παντα καθαρα υμιν εστιν
2a0b2a0145	αλλ ουαι υμιν τοις φαρισαιοις οτι αποδεκατουτε το ηδυοσμον και το πηγανον και παν λαχανον και παρερχεσθε την κρισιν και την αγαπην του θεου ταυτα εδει ποιησαι κακεινα μη αφιεναι
2a0b2b00cc	ουαι υμιν τοις φαρισαιοις οτι αγαπατε την πρωτοκαθεδριαν εν ταις συναγωγαις και τους ασπασμους εν ταις αγοραις
2a0b2c00ea	ουαι υμιν γραμματεις και φαρισαιοι υποκριται οτι εστε ως τα μνημεια τα αδηλα και οι ανθρωποι οι περιπατουντες επανω ουκ οιδασιν
2a0b2d0094	αποκριθεις δε τις των νομικων λεγει αυτω διδασκαλε ταυτα λεγων και ημας υβριζεις
2a0b2e010d	ο δε ειπεν και υμιν τοις νομικοις ουαι οτι φορτιζετε τους ανθρωπους φορτια δυσβαστακτα και αυτοι ενι των δακτυλων υμων ου προσψαυετε τοις φορτιοις
2a0b2f009f	ουαι υμιν οτι οικοδομειτε τα μνημεια των προφητων οι δε πατερες υμων απεκτειναν αυτους
2a0b3000f1	αρα μαρτυρειτε και συνευδοκειτε τοις εργοις των πατερων υμων οτι αυτοι μεν απεκτειναν αυτους υμεις δε οικοδομειτε αυτων τα μνημεια
2a0b3100e1	δια τουτο και η σοφια του θεου ειπεν αποστελω εις αυτους προφητας και αποστολους και εξ αυτων αποκτενουσιν και εκδιωξουσιν
2a0b3200b5	ινα εκζητηθη το αιμα παντων των προφητων το εκχυνομενον απο καταβολης κοσμου απο της γενεας ταυτης
2a0b330111	απο του αιματος αβελ εως του αιματος ζαχαριου του απολομενου μεταξυ του θυσιαστηριου και του οικου ναι λεγω υμιν εκζητηθησεται απο της γενεας ταυτης
2a0b3400ca	ουαι υμιν τοις νομικοις οτι ηρατε την κλειδα της γνωσεως αυτοι ουκ εισηλθετε και τους εισερχομενους εκωλυσατε
2a0b3500ee	λεγοντος δε αυτου ταυτα προς αυτους ηρξαντο οι γραμματεις και οι φαρισαιοι δεινως ενεχειν και αποστοματιζειν αυτον περι πλειονων
2a0b3600a8	ενεδρευοντες αυτον και ζητουντες θηρευσαι τι εκ του στοματος αυτου ινα κατηγορησωσιν αυτου
2a0c010150	εν οις επισυναχθεισων των μυριαδων του οχλου ωστε καταπατειν αλληλους ηρξατο λεγειν προς τους μαθητας αυτου πρωτον προσεχετε εαυτοις απο της ζυμης των φαρισαιων ητις εστιν υποκρισις
2a0c020097	ουδεν δε συγκεκαλυμμενον εστιν ο ουκ αποκαλυφθησεται και κρυπτον ο ου γνωσθησεται
2a0c0300e9	ανθ ων οσα εν τη σκοτια ειπατε εν τω φωτι ακουσθησεται και ο προς το ους ελαλησατε εν τοις ταμειοις κηρυχθησεται επι των δωματων
2a0c0400dc	λεγω δε υμιν τοις φιλοις μου μη φοβηθητε απο των αποκτεινοντων το σωμα και μετα ταυτα μη εχοντων περισσοτερον τι ποιησαι
2a0c0500f6	υποδειξω δε υμιν τινα φοβηθητε φοβηθητε τον μετα το αποκτειναι εξουσιαν εχοντα εμβαλειν εις την γεενναν ναι λεγω υμιν τουτον φοβηθητε
2a0c0600b5	ουχι πεντε στρουθια πωλειται ασσαριων δυο και εν εξ αυτων ουκ εστιν επιλελησμενον ενωπιον του θεου
2a0c0700b0	αλλα και αι τριχες της κεφαλης υμων πασαι ηριθμηνται μη ουν φοβεισθε πολλων στρουθιων διαφερετε
2a0c0800fa	λεγω δε υμιν πας ος αν ομολογηση εν εμοι εμπροσθεν των ανθρωπων και ο υιος του ανθρωπου ομολογησει εν αυτω εμπροσθεν των αγγελων του θεου
2a0c09009a	ο δε αρνησαμενος με ενωπιον των ανθρωπων απαρνηθησεται ενωπιον των αγγελων του θεου
2a0c0a00d8	και πας ος ερει λογον εις τον υιον του ανθρωπου αφεθησεται αυτω τω δε εις το αγιον πνευμα βλασφημησαντι ουκ αφεθησεται
2a0c0b00db	οταν δε προσφερωσιν υμας επι τας συναγωγας και τας αρχας και τας εξουσιας μη μεριμνατε πως η τι απολογησησθε η τι ειπητε
2a0c0c006c	το γαρ αγιον πνευμα διδαξει υμας εν αυτη τη ωρα α δει ειπειν
2a0c0d00ae	ειπεν δε τις αυτω εκ του οχλου διδασκαλε ειπε τω αδελφω μου μερισασθαι μετ εμου την κληρονομιαν
2a0c0e007e	ο δε ειπεν αυτω ανθρωπε τις με κατεστησεν δικαστην η μεριστην εφ υμας
2a0c0f00f3	ειπεν δε προς αυτους ορατε και φυλασσεσθε απο της πλεονεξιας οτι ουκ εν τω περισσευειν τινι η ζωη αυτου εστιν εκ των υπαρχοντων αυτου
2a0c10008f	ειπεν δε παραβολην προς αυτους λεγων ανθρωπου τινος πλουσιου ευφορησεν η χωρα
2a0c110092	και διελογιζετο εν εαυτω λεγων τι ποιησω οτι ουκ εχω που συναξω τους καρπους μου
2a0c1200e5	και ειπεν τουτο ποιησω καθελω μου τας αποθηκας και μειζονας οικοδομησω και συναξω εκει παντα τα γενηματα μου και τα αγαθα μου
2a0c1300a8	και ερω τη ψυχη μου ψυχη εχεις πολλα αγαθα κειμενα εις ετη πολλα αναπαυου φαγε πιε ευφραινου
2a0c1400d0	ειπεν δε αυτω ο θεος {VAR1: αφρων} {VAR2: αφρον} ταυτη τη νυκτι την ψυχην σου απαιτουσιν απο σου α δε ητοιμασας τινι εσται
2a0c150058	ουτως ο θησαυριζων εαυτω και μη εις θεον πλουτων
2a0c1600d3	ειπεν δε προς τους μαθητας αυτου δια τουτο υμιν λεγω μη μεριμνατε τη ψυχη υμων τι φαγητε μηδε τω σωματι τι ενδυσησθε
2a0c170066	η ψυχη πλειον εστιν της τροφης και το σωμα του ενδυματος
2a0c180126	κατανοησατε τους κορακας οτι ου σπειρουσιν ουδε θεριζουσιν οις ουκ εστιν ταμειον ουδε αποθηκη και ο θεος τρεφει αυτους ποσω μαλλον υμεις διαφερετε των πετεινων
2a0c190088	τις δε εξ υμων μεριμνων δυναται προσθειναι επι την ηλικιαν αυτου πηχυν ενα
2a0c1a006b	ει ουν ουτε ελαχιστον δυνασθε τι περι των λοιπων μεριμνατε
2a0c1b00e4	κατανοησατε τα κρινα πως αυξανει ου κοπια ουδε νηθει λεγω δε υμιν ουδε σολομων εν παση τη δοξη αυτου περιεβαλετο ως εν τουτων
2a0c1c00ed	ει δε τον χορτον εν τω αγρω σημερον οντα και αυριον εις κλιβανον βαλλομενον ο θεος ουτως αμφιεννυσιν ποσω μαλλον υμας ολιγοπιστοι
2a0c1d006f	και υμεις μη ζητειτε τι φαγητε η τι πιητε και μη μετεωριζεσθε
2a0c1e0099	ταυτα γαρ παντα τα εθνη του κοσμου επιζητει υμων δε ο πατηρ οιδεν οτι χρηζετε τουτων
2a0c1f0082	πλην ζητειτε την βασιλειαν του θεου και ταυτα παντα προστεθησεται υμιν
2a0c200093	μη φοβου το μικρον ποιμνιον οτι ευδοκησεν ο πατηρ υμων δουναι υμιν την βασιλειαν
2a0c21013f	πωλησατε τα υπαρχοντα υμων και δοτε ελεημοσυνην ποιησατε εαυτοις βαλαντια μη παλαιουμενα θησαυρον ανεκλειπτον εν τοις ουρανοις οπου κλεπτης ουκ εγγιζει ουδε σης διαφθειρει
2a0c22006b	οπου γαρ εστιν ο θησαυρος υμων εκει και η καρδια υμων εσται
2a0c230070	εστωσαν υμων αι οσφυες περιεζωσμεναι και οι λυχνοι καιομενοι
2a0c2400fd	και υμεις ομοιοι ανθρωποις προσδεχομενοις τον κυριον εαυτων ποτε αναλυσει εκ των γαμων ινα ελθοντος και κρουσαντος ευθεως ανοιξωσιν αυτω
2a0c250115	μακαριοι οι δουλοι εκεινοι ους ελθων ο κυριος ευρησει γρηγορουντας αμην λεγω υμιν οτι περιζωσεται και ανακλινει αυτους και παρελθων διακονησει αυτοις
2a0c2600c6	και εαν ελθη εν τη δευτερα φυλακη και εν τη τριτη φυλακη ελθη και ευρη ουτως μακαριοι εισιν οι δουλοι εκεινοι
2a0c2700f2	τουτο δε γινωσκετε οτι ει ηδει ο οικοδεσποτης ποια ωρα ο κλεπτης ερχεται εγρηγορησεν αν και ουκ αν αφηκεν διορυγηναι τον οικον αυτου
2a0c28008e	και υμεις ουν γινεσθε ετοιμοι οτι η ωρα ου δοκειτε ο υιος του ανθρωπου ερχεται
2a0c290099	ειπεν δε αυτω ο πετρος κυριε προς ημας την παραβολην ταυτην λεγεις η και προς παντας
2a0c2a010b	ειπεν δε ο κυριος τις αρα εστιν ο πιστος οικονομος και φρονιμος ον καταστησει ο κυριος επι της θεραπειας αυτου του διδοναι εν καιρω το σιτομετριον
2a0c2b0085	μακαριος ο δουλος εκεινος ον ελθων ο κυριος αυτου ευρησει ποιουντα ουτως
2a0c2c0080	αληθως λεγω υμιν οτι επι πασιν τοις υπαρχουσιν αυτου καταστησει αυτον
2a0c2d0130	εαν δε ειπη ο δουλος εκεινος εν τη καρδια αυτου χρονιζει ο κυριος μου ερχεσθαι και αρξηται τυπτειν τους παιδας και τας παιδισκας εσθιειν τε και πινειν και μεθυσκεσθαι
2a0c2e0105	ηξει ο κυριος του δουλου εκεινου εν ημερα η ου προσδοκα και εν ωρα η ου γινωσκει και διχοτομησει αυτον και το μερος αυτου μετα των απιστων θησει
2a0c2f00e1	εκεινος δε ο δουλος ο γνους το θελημα του κυριου εαυτου και μη ετοιμασας μηδε ποιησας προς το θελημα αυτου δαρησεται πολλας
2a0c300119	ο δε μη γνους ποιησας δε αξια πληγων δαρησεται ολιγας παντι δε ω εδοθη πολυ πολυ ζητηθησεται παρ αυτου και ω παρεθεντο πολυ περισσοτερον αιτησουσιν αυτον
2a0c310061	πυρ ηλθον βαλειν εις την γην και τι θελω ει ηδη ανηφθη
2a0c32006f	βαπτισμα δε εχω βαπτισθηναι και πως συνεχομαι εως ου τελεσθη
2a0c330093	δοκειτε οτι ειρηνην παρεγενομην δουναι εν τη γη ουχι λεγω υμιν αλλ η διαμερισμον
2a0c3400a8	εσονται γαρ απο του νυν πεντε εν οικω ενι διαμεμερισμενοι τρεις επι δυσιν και δυο επι τρισιν
2a0c350111	διαμερισθησεται πατηρ εφ υιω και υιος επι πατρι μητηρ επι θυγατρι και θυγατηρ επι μητρι πενθερα επι την νυμφην αυτης και νυμφη επι την πενθεραν αυτης
2a0c3600dc	ελεγεν δε και τοις οχλοις οταν ιδητε την νεφελην ανατελλουσαν απο δυσμων ευθεως λεγετε ομβρος ερχεται και γινεται ουτως
2a0c37006b	και οταν νοτον πνεοντα λεγετε οτι καυσων εσται και γινεται
2a0c3800f7	υποκριται το προσωπον {VAR1: της γης και του ουρανου} {VAR2: του ουρανου και της γης} οιδατε δοκιμαζειν τον δε καιρον τουτον πως ου δοκιμαζετε
2a0c39004a	τι δε και αφ εαυτων ου κρινετε το δικαιον
2a0c3a0164	ως γαρ υπαγεις μετα του αντιδικου σου επ αρχοντα εν τη οδω δος εργασιαν απηλλαχθαι απ αυτου μηποτε κατασυρη σε προς τον κριτην και ο κριτης σε παραδω τω πρακτορι και ο πρακτωρ σε βαλλη εις φυλακην
2a0c3b0078	λεγω σοι ου μη εξελθης εκειθεν εως ου και το εσχατον λεπτον αποδως
2a0d0100da	παρησαν δε τινες εν αυτω τω καιρω απαγγελλοντες αυτω περι των γαλιλαιων ων το αιμα πιλατος εμιξεν μετα των θυσιων αυτων
2a0d0200ff	και αποκριθεις ο ιησους ειπεν αυτοις δοκειτε οτι οι γαλιλαιοι ουτοι αμαρτωλοι παρα παντας τους γαλιλαιους εγενοντο οτι τοιαυτα πεπονθασιν
2a0d03006f	ουχι λεγω υμιν αλλ εαν μη μετανοητε παντες ωσαυτως απολεισθε
2a0d040142	η εκεινοι οι δεκα και οκτω εφ ους επεσεν ο πυργος εν τω σιλωαμ και απεκτεινεν αυτους δοκειτε οτι ουτοι οφειλεται εγενοντο παρα παντας ανθρωπους τους κατοικουντας εν ιερουσαλημ
2a0d05006d	ουχι λεγω υμιν αλλ εαν μη μετανοητε παντες ομοιως απολεισθε
2a0d0600e5	ελεγεν δε ταυτην την παραβολην συκην ειχεν τις εν τω αμπελωνι αυτου πεφυτευμενην και ηλθεν καρπον ζητων εν αυτη και ουχ ευρεν
2a0d0700fd	ειπεν δε προς τον αμπελουργον ιδου τρια ετη ερχομαι ζητων καρπον εν τη συκη ταυτη και ουχ ευρισκω εκκοψον αυτην ινα τι και την γην καταργει
2a0d0800bd	ο δε αποκριθεις λεγει αυτω κυριε αφες αυτην και τουτο το ετος εως οτου σκαψω περι αυτην και βαλω κοπριαν
2a0d09006f	καν μεν ποιηση καρπον ει δε μηγε εις το μελλον εκκοψεις αυτην
2a0d0a005f	ην δε διδασκων εν μια των συναγωγων εν τοις σαββασιν
2a0d0b00d8	και ιδου γυνη ην πνευμα εχουσα ασθενειας ετη δεκα και οκτω και ην συγκυπτουσα και μη δυναμενη ανακυψαι εις το παντελες
2a0d0c009d	ιδων δε αυτην ο ιησους προσεφωνησεν και ειπεν αυτη γυναι απολελυσαι της ασθενειας σου
2a0d0d0087	και επεθηκεν αυτη τας χειρας και παραχρημα ανωρθωθη και εδοξαζεν τον θεον
2a0d0e0165	αποκριθεις δε ο αρχισυναγωγος αγανακτων οτι τω σαββατω εθεραπευσεν ο ιησους ελεγεν τω οχλω εξ ημεραι εισιν εν αις δει εργαζεσθαι εν ταυταις ουν ερχομενοι θεραπευεσθε και μη τη ημερα του σαββατου
2a0d0f00fd	απεκριθη ουν αυτω ο κυριος και ειπεν υποκριτα εκαστος υμων τω σαββατω ου λυει τον βουν αυτου η τον ονον απο της φατνης και απαγαγων ποτιζει
2a0d1000f6	ταυτην δε θυγατερα αβρααμ ουσαν ην εδησεν ο σατανας ιδου δεκα και οκτω ετη ουκ εδει λυθηναι απο του δεσμου τουτου τη ημερα του σαββατου
2a0d1100ff	και ταυτα λεγοντος αυτου κατησχυνοντο παντες οι αντικειμενοι αυτω και πας ο οχλος εχαιρεν επι πασιν τοις ενδοξοις τοις γινομενοις υπ αυτου
2a0d12007e	ελεγεν δε τινι ομοια εστιν η βασιλεια του θεου και τινι ομοιωσω αυτην
2a0d13013b	ομοια εστιν κοκκω σιναπεως ον λαβων ανθρωπος εβαλεν εις κηπον εαυτου και ηυξησεν και εγενετο εις δενδρον μεγα και τα πετεινα του ουρανου κατεσκηνωσεν εν τοις κλαδοις αυτου
2a0d14005e	και παλιν ειπεν τινι ομοιωσω την βασιλειαν του θεου
2a0d15009a	ομοια εστιν ζυμη ην λαβουσα γυνη ενεκρυψεν εις αλευρου σατα τρια εως ου εζυμωθη ολον
2a0d16009d	και διεπορευετο κατα πολεις και κωμας διδασκων και πορειαν ποιουμενος εις ιερουσαλημ
2a0d17007d	ειπεν δε τις αυτω κυριε ει ολιγοι οι σωζομενοι ο δε ειπεν προς αυτους
2a0d1800be	αγωνιζεσθε εισελθειν δια της στενης πυλης οτι πολλοι λεγω υμιν ζητησουσιν εισελθειν και ουκ ισχυσουσιν
2a0d190151	αφ ου αν εγερθη ο οικοδεσποτης και αποκλειση την θυραν και αρξησθε εξω εσταναι και κρουειν την θυραν λεγοντες κυριε κυριε ανοιξον ημιν και αποκριθεις ερει υμιν ουκ οιδα υμας ποθεν εστε
2a0d1a00a3	τοτε αρξεσθε λεγειν εφαγομεν ενωπιον σου και επιομεν και εν ταις πλατειαις ημων εδιδαξας
2a0d1b00a4	και ερει λεγω υμιν ουκ οιδα υμας ποθεν εστε αποστητε απ εμου παντες οι εργαται της αδικιας
2a0d1c0126	εκει εσται ο κλαυθμος και ο βρυγμος των οδοντων οταν οψησθε αβρααμ και ισαακ και ιακωβ και παντας τους προφητας εν τη βασιλεια του θεου υμας δε εκβαλλομενους εξω
2a0d1d00bb	και ηξουσιν απο ανατολων και δυσμων και απο βορρα και νοτου και ανακλιθησονται εν τη βασιλεια του θεου
2a0d1e008c	και ιδου εισιν εσχατοι οι εσονται πρωτοι και εισιν πρωτοι οι εσονται εσχατοι
2a0d1f00d5	εν αυτη τη ημερα προσηλθον τινες φαρισαιοι λεγοντες αυτω εξελθε και πορευου εντευθεν οτι ηρωδης θελει σε αποκτειναι
2a0d2000fc	και ειπεν αυτοις πορευθεντες ειπατε τη αλωπεκι ταυτη ιδου εκβαλλω δαιμονια και ιασεις επιτελω σημερον και αυριον και τη τριτη τελειουμαι
2a0d2100c8	πλην δει με σημερον και αυριον και τη εχομενη πορευεσθαι οτι ουκ ενδεχεται προφητην απολεσθαι εξω ιερουσαλημ
2a0d22017f	ιερουσαλημ ιερουσαλημ η αποκτεινουσα τους προφητας και λιθοβολουσα τους απεσταλμενους προς αυτην ποσακις ηθελησα επισυναξαι τα τεκνα σου ον τροπον ορνις την εαυτης νοσσιαν υπο τας πτερυγας και ουκ ηθελησατε
2a0d2300fa	ιδου αφιεται υμιν ο οικος υμων ερημος αμην δε λεγω υμιν οτι ου μη με ιδητε εως αν ηξη οτε ειπητε ευλογημενος ο ερχομενος εν ονοματι κυριου
2a0e0100f0	και εγενετο εν τω ελθειν αυτον εις οικον τινος των αρχοντων των φαρισαιων σαββατω φαγειν αρτον και αυτοι ησαν παρατηρουμενοι αυτον
2a0e02005d	και ιδου ανθρωπος τις ην υδρωπικος εμπροσθεν αυτου
2a0e0300bd	και αποκριθεις ο ιησους ειπεν προς τους νομικους και φαρισαιους λεγων ει εξεστιν τω σαββατω θεραπευειν
2a0e04006a	οι δε ησυχασαν και επιλαβομενος ιασατο αυτον και απελυσεν
2a0e0500f2	και αποκριθεις προς αυτους ειπεν τινος υμων ονος η βους εις φρεαρ εμπεσειται και ουκ ευθεως ανασπασει αυτον εν τη ημερα του σαββατου
2a0e060056	και ουκ ισχυσαν ανταποκριθηναι αυτω προς ταυτα
2a0e0700b7	ελεγεν δε προς τους κεκλημενους παραβολην επεχων πως τας πρωτοκλισιας εξελεγοντο λεγων προς αυτους
2a0e0800cf	οταν κληθης υπο τινος εις γαμους μη κατακλιθης εις την πρωτοκλισιαν μηποτε εντιμοτερος σου η κεκλημενος υπ αυτου
2a0e0900ca	και ελθων ο σε και αυτον καλεσας ερει σοι δος τουτω τοπον και τοτε αρξη μετ αισχυνης τον εσχατον τοπον κατεχειν
2a0e0a0139	αλλ οταν κληθης πορευθεις αναπεσον εις τον εσχατον τοπον ινα οταν ελθη ο κεκληκως σε ειπη σοι φιλε προσαναβηθι ανωτερον τοτε εσται σοι δοξα ενωπιον των συνανακειμενων σοι
2a0e0b0080	οτι πας ο υψων εαυτον ταπεινωθησεται και ο ταπεινων εαυτον υψωθησεται
2a0e0c0191	ελεγεν δε και τω κεκληκοτι αυτον οταν ποιης αριστον η δειπνον μη φωνει τους φιλους σου μηδε τους αδελφους σου μηδε τους συγγενεις σου μηδε γειτονας πλουσιους μηποτε και αυτοι σε αντικαλεσωσιν και γενηται σοι ανταποδομα
2a0e0d006e	αλλ οταν ποιης δοχην καλει πτωχους αναπηρους χωλους τυφλους
2a0e0e00bb	και μακαριος εση οτι ουκ εχουσιν ανταποδουναι σοι ανταποδοθησεται γαρ σοι εν τη αναστασει των δικαιων
2a0e0f00b8	ακουσας δε τις των συνανακειμενων ταυτα ειπεν αυτω μακαριος ος φαγεται αρτον εν τη βασιλεια του θεου
2a0e100083	ο δε ειπεν αυτω ανθρωπος τις εποιησεν δειπνον μεγα και εκαλεσεν πολλους
2a0e1100c9	και απεστειλεν τον δουλον αυτου τη ωρα του δειπνου ειπειν τοις κεκλημενοις ερχεσθε οτι ηδη ετοιμα εστιν παντα
2a0e120107	και ηρξαντο απο μιας παραιτεισθαι παντες ο πρωτος ειπεν αυτω αγρον ηγορασα και εχω αναγκην εξελθειν και ιδειν αυτον ερωτω σε εχε με παρητημενον
2a0e1300b5	και ετερος ειπεν ζευγη βοων ηγορασα πεντε και πορευομαι δοκιμασαι αυτα ερωτω σε εχε με παρητημενον
2a0e140072	και ετερος ειπεν γυναικα εγημα και δια τουτο ου δυναμαι ελθειν
2a0e1501b3	και παραγενομενος ο δουλος εκεινος απηγγειλεν τω κυριω αυτου ταυτα τοτε οργισθεις ο οικοδεσποτης ειπεν τω δουλω αυτου εξελθε ταχεως εις τας πλατειας και ρυμας της πολεως και τους πτωχους και αναπηρους και χωλους και τυφλους εισαγαγε ωδε
2a0e160075	και ειπεν ο δουλος κυριε γεγονεν ως επεταξας και ετι τοπος εστιν
2a0e1700d4	και ειπεν ο κυριος προς τον δουλον εξελθε εις τας οδους και φραγμους και αναγκασον εισελθειν ινα γεμισθη ο οικος μου
2a0e180099	λεγω γαρ υμιν οτι ουδεις των ανδρων εκεινων των κεκλημενων γευσεται μου του δειπνου
2a0e190079	συνεπορευοντο δε αυτω οχλοι πολλοι και στραφεις ειπεν προς αυτους
2a0e1a0154	ει τις ερχεται προς με και ου μισει τον πατερα εαυτου και την μητερα και την γυναικα και τα τεκνα και τους αδελφους και τας αδελφας ετι δε και την εαυτου ψυχην ου δυναται μου μαθητης ειναι
2a0e1b00a5	και οστις ου βασταζει τον σταυρον αυτου και ερχεται οπισω μου ου δυναται μου ειναι μαθητης
2a0e1c00c5	τις γαρ εξ υμων θελων πυργον οικοδομησαι ουχι πρωτον καθισας ψηφιζει την δαπανην ει εχει τα προς απαρτισμον
2a0e1d00c2	ινα μηποτε θεντος αυτου θεμελιον και μη ισχυοντος εκτελεσαι παντες οι θεωρουντες αρξωνται εμπαιζειν αυτω
2a0e1e0088	λεγοντες οτι ουτος ο ανθρωπος ηρξατο οικοδομειν και ουκ ισχυσεν εκτελεσαι
2a0e1f014c	η τις βασιλευς πορευομενος συμβαλειν ετερω βασιλει εις πολεμον ουχι καθισας πρωτον βουλευεται ει δυνατος εστιν εν δεκα χιλιασιν απαντησαι τω μετα εικοσι χιλιαδων ερχομενω επ αυτον
2a0e20008a	ει δε μηγε ετι αυτου πορρω οντος πρεσβειαν αποστειλας ερωτα τα προς ειρηνην
2a0e2100b4	ουτως ουν πας εξ υμων ος ουκ αποτασσεται πασιν τοις εαυτου υπαρχουσιν ου δυναται μου ειναι μαθητης
2a0e220066	καλον το αλας εαν δε το αλας μωρανθη εν τινι αρτυθησεται
2a0e2300a3	ουτε εις γην ουτε εις κοπριαν ευθετον εστιν εξω βαλλουσιν αυτο ο εχων ωτα ακουειν ακουετω
2a0f010085	ησαν δε εγγιζοντες αυτω παντες οι τελωναι και οι αμαρτωλοι ακουειν αυτου
2a0f0200cc	και διεγογγυζον οι φαρισαιοι και οι γραμματεις λεγοντες οτι ουτος αμαρτωλους προσδεχεται και συνεσθιει αυτοις
2a0f030057	ειπεν δε προς αυτους την παραβολην ταυτην λεγων
2a0f04011c	τις ανθρωπος εξ υμων εχων εκατον προβατα και απολεσας εν εξ αυτων ου καταλειπει τα εννενηκονταεννεα εν τη ερημω και πορευεται επι το απολωλος εως ευρη αυτο
2a0f05005b	και ευρων επιτιθησιν επι τους ωμους εαυτου χαιρων
2a0f0600e9	και ελθων εις τον οικον συγκαλει τους φιλους και τους γειτονας λεγων αυτοις συγχαρητε μοι οτι ευρον το προβατον μου το απολωλος
2a0f070103	λεγω υμιν οτι ουτως χαρα εσται εν τω ουρανω επι ενι αμαρτωλω μετανοουντι η επι εννενηκονταεννεα δικαιοις οιτινες ου χρειαν εχουσιν μετανοιας
2a0f0800e8	η τις γυνη δραχμας εχουσα δεκα εαν απολεση δραχμην μιαν ουχι απτει λυχνον και σαροι την οικιαν και ζητει επιμελως εως οτου ευρη
2a0f0900c2	και ευρουσα συγκαλειται τας φιλας και τας γειτονας λεγουσα συγχαρητε μοι οτι ευρον την δραχμην ην απωλεσα
2a0f0a009f	ουτως λεγω υμιν χαρα γινεται ενωπιον των αγγελων του θεου επι ενι αμαρτωλω μετανοουντι
2a0f0b0044	ειπεν δε ανθρωπος τις ειχεν δυο υιους
2a0f0c00c3	και ειπεν ο νεωτερος αυτων τω πατρι πατερ δος μοι το επιβαλλον μερος της ουσιας και διειλεν αυτοις τον βιον
2a0f0d00f9	και μετ ου πολλας ημερας συναγαγων απαντα ο νεωτερος υιος απεδημησεν εις χωραν μακραν και εκει διεσκορπισεν την ουσιαν αυτου ζων ασωτως
2a0f0e00bc	δαπανησαντος δε αυτου παντα εγενετο λιμος ισχυρος κατα την χωραν εκεινην και αυτος ηρξατο υστερεισθαι
2a0f0f00cf	και πορευθεις εκολληθη ενι των πολιτων της χωρας εκεινης και επεμψεν αυτον εις τους αγρους αυτου βοσκειν χοιρους
2a0f1000b4	και επεθυμει γεμισαι την κοιλιαν αυτου απο των κερατιων ων ησθιον οι χοιροι και ουδεις εδιδου αυτω
2a0f1100b1	εις εαυτον δε ελθων ειπεν ποσοι μισθιοι του πατρος μου περισσευουσιν αρτων εγω δε λιμω απολλυμαι
2a0f1200b2	αναστας πορευσομαι προς τον πατερα μου και ερω αυτω πατερ ημαρτον εις τον ουρανον και ενωπιον σου
2a0f130085	και ουκετι ειμι αξιος κληθηναι υιος σου ποιησον με ως ενα των μισθιων σου
2a0f140148	και αναστας ηλθεν προς τον πατερα εαυτου ετι δε αυτου μακραν απεχοντος ειδεν αυτον ο πατηρ αυτου και εσπλαγχνισθη και δραμων επεπεσεν επι τον τραχηλον αυτου και κατεφιλησεν αυτον
2a0f1500c1	ειπεν δε αυτω ο υιος πατερ ημαρτον εις τον ουρανον και ενωπιον σου και ουκετι ειμι αξιος κληθηναι υιος σου
2a0f160125	ειπεν δε ο πατηρ προς τους δουλους αυτου εξενεγκατε την στολην την πρωτην και ενδυσατε αυτον και δοτε δακτυλιον εις την χειρα αυτου και υποδηματα εις τους ποδας
2a0f170083	και ενεγκαντες τον μοσχον τον σιτευτον θυσατε και φαγοντες ευφρανθωμεν
2a0f1800ae	οτι ουτος ο υιος μου νεκρος ην και ανεζησεν και απολωλως ην και ευρεθη και ηρξαντο ευφραινεσθαι
2a0f1900ba	ην δε ο υιος αυτου ο πρεσβυτερος εν αγρω και ως ερχομενος ηγγισεν τη οικια ηκουσεν συμφωνιας και χορων
2a0f1a007f	και προσκαλεσαμενος ενα των παιδων {VAR1: αυτου} επυνθανετο τι ειη ταυτα
2a0f1b00d1	ο δε ειπεν αυτω οτι ο αδελφος σου ηκει και εθυσεν ο πατηρ σου τον μοσχον τον σιτευτον οτι υγιαινοντα αυτον απελαβεν
2a0f1c008e	ωργισθη δε και ουκ ηθελεν εισελθειν ο ουν πατηρ αυτου εξελθων παρεκαλει αυτον
2a0f1d0120	ο δε αποκριθεις ειπεν τω πατρι ιδου τοσαυτα ετη δουλευω σοι και ουδεποτε εντολην σου παρηλθον και εμοι ουδεποτε εδωκας εριφον ινα μετα των φιλων μου ευφρανθω
2a0f1e00b9	οτε δε ο υιος σου ουτος ο καταφαγων σου τον βιον μετα πορνων ηλθεν εθυσας αυτω τον μοσχον τον σιτευτον
2a0f1f007f	ο δε ειπεν αυτω τεκνον συ παντοτε μετ εμου ει και παντα τα εμα σα εστιν
2a0f2000c0	ευφρανθηναι δε και χαρηναι εδει οτι ο αδελφος σου ουτος νεκρος ην και ανεζησεν και απολωλως ην και ευρεθη
2a10010102	ελεγεν δε και προς τους μαθητας αυτου ανθρωπος τις ην πλουσιος ος ειχεν οικονομον και ουτος διεβληθη αυτω ως διασκορπιζων τα υπαρχοντα αυτου
2a100200d6	και φωνησας αυτον ειπεν αυτω τι τουτο ακουω περι σου αποδος τον λογον της οικονομιας σου ου γαρ δυνηση ετι οικονομειν
2a100300ed	ειπεν δε εν εαυτω ο οικονομος τι ποιησω οτι ο κυριος μου αφαιρειται την οικονομιαν απ εμου σκαπτειν ουκ ισχυω επαιτειν αισχυνομαι
2a10040099	εγνων τι ποιησω ινα οταν μετασταθω της οικονομιας δεξωνται με εις τους οικους αυτων
2a100500cc	και προσκαλεσαμενος ενα εκαστον των χρεωφειλετων του κυριου εαυτου ελεγεν τω πρωτω ποσον οφειλεις τω κυριω μου
2a100600bd	ο δε ειπεν εκατον βατους ελαιου και ειπεν αυτω δεξαι σου το γραμμα και καθισας ταχεως γραψον πεντηκοντα
2a100700e8	επειτα ετερω ειπεν συ δε ποσον οφειλεις ο δε ειπεν εκατον κορους σιτου και λεγει αυτω δεξαι σου το γραμμα και γραψον ογδοηκοντα
2a10080140	και επηνεσεν ο κυριος τον οικονομον της αδικιας οτι φρονιμως εποιησεν οτι οι υιοι του αιωνος τουτου φρονιμωτεροι υπερ τους υιους του φωτος εις την γενεαν {VAR1: την} εαυτων εισιν
2a100900dd	καγω υμιν λεγω ποιησατε εαυτοις φιλους εκ του μαμωνα της αδικιας ινα οταν εκλιπητε δεξωνται υμας εις τας αιωνιους σκηνας
2a100a00b0	ο πιστος εν ελαχιστω και εν πολλω πιστος εστιν και ο εν ελαχιστω αδικος και εν πολλω αδικος εστιν
2a100b008b	ει ουν εν τω αδικω μαμωνα πιστοι ουκ εγενεσθε το αληθινον τις υμιν πιστευσει
2a100c007c	και ει εν τω αλλοτριω πιστοι ουκ εγενεσθε το υμετερον τις υμιν δωσει
2a100d013d	ουδεις οικετης δυναται δυσι κυριοις δουλευειν η γαρ τον ενα μισησει και τον ετερον αγαπησει η ενος ανθεξεται και του ετερου καταφρονησει ου δυνασθε θεω δουλευειν και μαμωνα
2a100e009d	ηκουον δε ταυτα παντα και οι φαρισαιοι φιλαργυροι υπαρχοντες και εξεμυκτηριζον αυτον
2a100f0131	και ειπεν αυτοις υμεις εστε οι δικαιουντες εαυτους ενωπιον των ανθρωπων ο δε θεος γινωσκει τας καρδιας υμων οτι το εν ανθρωποις υψηλον βδελυγμα ενωπιον του θεου εστιν
2a101000c0	ο νομος και οι προφηται εως ιωαννου απο τοτε η βασιλεια του θεου ευαγγελιζεται και πας εις αυτην βιαζεται
2a1011009e	ευκοπωτερον δε εστιν τον ουρανον και την γην παρελθειν η του νομου μιαν κεραιαν πεσειν
2a101200c3	πας ο απολυων την γυναικα αυτου και γαμων ετεραν μοιχευει και πας ο απολελυμενην απο ανδρος γαμων μοιχευει
2a101300b5	ανθρωπος δε τις ην πλουσιος και ενεδιδυσκετο πορφυραν και βυσσον ευφραινομενος καθ ημεραν λαμπρως
2a1014008c	πτωχος δε τις ην ονοματι λαζαρος ος εβεβλητο προς τον πυλωνα αυτου ηλκωμενος
2a101500f9	και επιθυμων χορτασθηναι απο των ψιχιων των πιπτοντων απο της τραπεζης του πλουσιου αλλα και οι κυνες ερχομενοι απελειχον τα ελκη αυτου
2a101600f2	εγενετο δε αποθανειν τον πτωχον και απενεχθηναι αυτον υπο των αγγελων εις τον κολπον του αβρααμ απεθανεν δε και ο πλουσιος και εταφη
2a101700e1	και εν τω αδη επαρας τους οφθαλμους αυτου υπαρχων εν βασανοις ορα τον αβρααμ απο μακροθεν και λαζαρον εν τοις κολποις αυτου
2a10180137	και αυτος φωνησας ειπεν πατερ αβρααμ ελεησον με και πεμψον λαζαρον ινα βαψη το ακρον του δακτυλου αυτου υδατος και καταψυξη την γλωσσαν μου οτι οδυνωμαι εν τη φλογι ταυτη
2a101900fe	ειπεν δε αβρααμ τεκνον μνησθητι οτι απελαβες συ τα αγαθα σου εν τη ζωη σου και λαζαρος ομοιως τα κακα νυν δε οδε παρακαλειται συ δε οδυνασαι
2a101a0123	και επι πασιν τουτοις μεταξυ ημων και υμων χασμα μεγα εστηρικται οπως οι θελοντες διαβηναι εντευθεν προς υμας μη δυνωνται μηδε οι εκειθεν προς ημας διαπερωσιν
2a101b0084	ειπεν δε ερωτω ουν σε πατερ ινα πεμψης αυτον εις τον οικον του πατρος μου
2a101c00c3	εχω γαρ πεντε αδελφους οπως διαμαρτυρηται αυτοις ινα μη και αυτοι ελθωσιν εις τον τοπον τουτον της βασανου
2a101d007d	λεγει αυτω αβρααμ εχουσιν μωσεα και τους προφητας ακουσατωσαν αυτων
2a101e009c	ο δε ειπεν ουχι πατερ αβρααμ αλλ εαν τις απο νεκρων πορευθη προς αυτους μετανοησουσιν
2a101f00b2	ειπεν δε αυτω ει μωσεως και των προφητων ουκ ακουουσιν ουδε εαν τις εκ νεκρων αναστη πεισθησονται
2a110100a6	ειπεν δε προς τους μαθητας ανενδεκτον εστιν του μη ελθειν τα σκανδαλα ουαι δε δι ου ερχεται
2a110200f7	λυσιτελει αυτω ει μυλος ονικος περικειται περι τον τραχηλον αυτου και ερριπται εις την θαλασσαν η ινα σκανδαλιση ενα των μικρων τουτων
2a110300b0	προσεχετε εαυτοις εαν δε αμαρτη εις σε ο αδελφος σου επιτιμησον αυτω και εαν μετανοηση αφες αυτω
2a110400c4	και εαν επτακις της ημερας αμαρτη εις σε και επτακις της ημερας επιστρεψη επι σε λεγων μετανοω αφησεις αυτω
2a1105005e	και ειπον οι αποστολοι τω κυριω προσθες ημιν πιστιν
2a11060106	ειπεν δε ο κυριος ει ειχετε πιστιν ως κοκκον σιναπεως ελεγετε αν τη συκαμινω ταυτη εκριζωθητι και φυτευθητι εν τη θαλασση και υπηκουσεν αν υμιν
2a110700c7	τις δε εξ υμων δουλον εχων αροτριωντα η ποιμαινοντα ος εισελθοντι εκ του αγρου ερει ευθεως παρελθων αναπεσαι
2a110800e5	αλλ ουχι ερει αυτω ετοιμασον τι δειπνησω και περιζωσαμενος διακονει μοι εως φαγω και πιω και μετα ταυτα φαγεσαι και πιεσαι συ
2a11090080	μη χαριν εχει τω δουλω εκεινω οτι εποιησεν τα διαταχθεντα αυτω ου δοκω
2a110a00e4	ουτως και υμεις οταν ποιησητε παντα τα διαταχθεντα υμιν λεγετε οτι δουλοι αχρειοι εσμεν οτι ο ωφειλομεν ποιησαι πεποιηκαμεν
2a110b00bd	και εγενετο εν τω πορευεσθαι αυτον εις ιερουσαλημ και αυτος διηρχετο δια μεσου σαμαρειας και γαλιλαιας
2a110c00a9	και εισερχομενου αυτου εις τινα κωμην απηντησαν αυτω δεκα λεπροι ανδρες οι εστησαν πορρωθεν
2a110d006a	και αυτοι ηραν φωνην λεγοντες ιησου επιστατα ελεησον ημας
2a110e00d3	και ιδων ειπεν αυτοις πορευθεντες επιδειξατε εαυτους τοις ιερευσιν και εγενετο εν τω υπαγειν αυτους εκαθαρισθησαν
2a110f008b	εις δε εξ αυτων ιδων οτι ιαθη υπεστρεψεν μετα φωνης μεγαλης δοξαζων τον θεον
2a1110009d	και επεσεν επι προσωπον παρα τους ποδας αυτου ευχαριστων αυτω και αυτος ην σαμαρειτης
2a11110082	αποκριθεις δε ο ιησους ειπεν ουχι οι δεκα εκαθαρισθησαν οι δε εννεα που
2a11120083	ουχ ευρεθησαν υποστρεψαντες δουναι δοξαν τω θεω ει μη ο αλλογενης ουτος
2a11130063	και ειπεν αυτω αναστας πορευου η πιστις σου σεσωκεν σε
2a11140104	επερωτηθεις δε υπο των φαρισαιων ποτε ερχεται η βασιλεια του θεου απεκριθη αυτοις και ειπεν ουκ ερχεται η βασιλεια του θεου μετα παρατηρησεως
2a1115008f	ουδε ερουσιν ιδου ωδε η ιδου εκει ιδου γαρ η βασιλεια του θεου εντος υμων εστιν
2a111600db	ειπεν δε προς τους μαθητας ελευσονται ημεραι οτε επιθυμησετε μιαν των ημερων του υιου του ανθρωπου ιδειν και ουκ οψεσθε
2a11170071	και ερουσιν υμιν ιδου ωδε η ιδου εκει μη απελθητε μηδε διωξητε
2a111800ed	ωσπερ γαρ η αστραπη η αστραπτουσα εκ της υπ ουρανον εις την υπ ουρανον λαμπει ουτως εσται και ο υιος του ανθρωπου εν τη ημερα αυτου
2a11190089	πρωτον δε δει αυτον πολλα παθειν και αποδοκιμασθηναι απο της γενεας ταυτης
2a111a00ad	και καθως εγενετο εν ταις ημεραις του νωε ουτως εσται και εν ταις ημεραις του υιου του ανθρωπου
2a111b00e4	ησθιον επινον εγαμουν εξεγαμιζοντο αχρι ης ημερας εισηλθεν νωε εις την κιβωτον και ηλθεν ο κατακλυσμος και απωλεσεν απαντας
2a111c00a9	ομοιως και ως εγενετο εν ταις ημεραις λωτ ησθιον επινον ηγοραζον επωλουν εφυτευον ωκοδομουν
2a111d00a1	η δε ημερα εξηλθεν λωτ απο σοδομων εβρεξεν πυρ και θειον απ ουρανου και απωλεσεν απαντας
2a111e006b	κατα ταυτα εσται η ημερα ο υιος του ανθρωπου αποκαλυπτεται
2a111f010a	εν εκεινη τη ημερα ος εσται επι του δωματος και τα σκευη αυτου εν τη οικια μη καταβατω αραι αυτα και ο εν τω αγρω ομοιως μη επιστρεψατω εις τα οπισω
2a11200035	μνημονευετε της γυναικος λωτ
2a112100a9	ος εαν ζητηση την ψυχην αυτου σωσαι απολεσει αυτην και ος εαν απολεση αυτην ζωογονησει αυτην
2a112200b2	λεγω υμιν ταυτη τη νυκτι εσονται δυο επι κλινης μιας ο εις παραληφθησεται και ο ετερος αφεθησεται
2a11230096	δυο εσονται αληθουσαι επι το αυτο {VAR2: η} μια παραληφθησεται και η ετερα αφεθησεται
2a11240083	{VAR2: δυο εσονται εν τω αγρω ο εις παραληφθησεται και ο ετερος αφεθησεται}
2a112500b6	και αποκριθεντες λεγουσιν αυτω που κυριε ο δε ειπεν αυτοις οπου το σωμα εκει συναχθησονται οι αετοι
2a12010094	ελεγεν δε και παραβολην αυτοις προς το δειν παντοτε προσευχεσθαι και μη εκκακειν
2a1202009c	λεγων κριτης τις ην εν τινι πολει τον θεον μη φοβουμενος και ανθρωπον μη εντρεπομενος
2a120300ab	χηρα δε ην εν τη πολει εκεινη και ηρχετο προς αυτον λεγουσα εκδικησον με απο του αντιδικου μου
2a120400cc	και ουκ ηθελησεν επι χρονον μετα δε ταυτα ειπεν εν εαυτω ει και τον θεον ου φοβουμαι και ανθρωπον ουκ εντρεπομαι
2a120500b3	δια γε το παρεχειν μοι κοπον την χηραν ταυτην εκδικησω αυτην ινα μη εις τελος ερχομενη υπωπιαζη με
2a12060066	ειπεν δε ο κυριος ακουσατε τι ο κριτης της αδικιας λεγει
2a120700df	ο δε θεος ου μη ποιησει την εκδικησιν των εκλεκτων αυτου των βοωντων προς αυτον ημερας και νυκτος και μακροθυμων επ αυτοις
2a120800d3	λεγω υμιν οτι ποιησει την εκδικησιν αυτων εν ταχει πλην ο υιος του ανθρωπου ελθων αρα ευρησει την πιστιν επι της γης
2a120900de	ειπεν δε και προς τινας τους πεποιθοτας εφ εαυτοις οτι εισιν δικαιοι και εξουθενουντας τους λοιπους την παραβολην ταυτην
2a120a009b	ανθρωποι δυο ανεβησαν εις το ιερον προσευξασθαι ο εις φαρισαιος και ο ετερος τελωνης
2a120b0121	ο φαρισαιος σταθεις προς εαυτον ταυτα προσηυχετο ο θεος ευχαριστω σοι οτι ουκ ειμι ωσπερ οι λοιποι των ανθρωπων αρπαγες αδικοι μοιχοι η και ως ουτος ο τελωνης
2a120c005f	νηστευω δις του σαββατου αποδεκατω παντα οσα κτωμαι
2a120d0116	και ο τελωνης μακροθεν εστως ουκ ηθελεν ουδε τους οφθαλμους εις τον ουρανον επαραι αλλ ετυπτεν εις το στηθος αυτου λεγων ο θεος ιλασθητι μοι τω αμαρτωλω
2a120e00f9	λεγω υμιν κατεβη ουτος δεδικαιωμενος εις τον οικον αυτου η εκεινος οτι πας ο υψων εαυτον ταπεινωθησεται ο δε ταπεινων εαυτον υψωθησεται
2a120f00a4	προσεφερον δε αυτω και τα βρεφη ινα αυτων απτηται ιδοντες δε οι μαθηται επετιμησαν αυτοις
2a121000f5	ο δε ιησους προσκαλεσαμενος αυτα ειπεν αφετε τα παιδια ερχεσθαι προς με και μη κωλυετε αυτα των γαρ τοιουτων εστιν η βασιλεια του θεου
2a121100a3	αμην λεγω υμιν ος εαν μη δεξηται την βασιλειαν του θεου ως παιδιον ου μη εισελθη εις αυτην
2a121200a4	και επηρωτησεν τις αυτον αρχων λεγων διδασκαλε αγαθε τι ποιησας ζωην αιωνιον κληρονομησω
2a12130083	ειπεν δε αυτω ο ιησους τι με λεγεις αγαθον ουδεις αγαθος ει μη εις ο θεος
2a121400ca	τας εντολας οιδας μη μοιχευσης μη φονευσης μη κλεψης μη ψευδομαρτυρησης τιμα τον πατερα σου και την μητερα σου
2a1215005a	ο δε ειπεν ταυτα παντα εφυλαξαμην εκ νεοτητος μου
2a12160112	ακουσας δε ταυτα ο ιησους ειπεν αυτω ετι εν σοι λειπει παντα οσα εχεις πωλησον και διαδος πτωχοις και εξεις θησαυρον εν ουρανω και δευρο ακολουθει μοι
2a1217006d	ο δε ακουσας ταυτα περιλυπος εγενετο ην γαρ πλουσιος σφοδρα
2a121800e5	ιδων δε αυτον ο ιησους περιλυπον γενομενον ειπεν πως δυσκολως οι τα χρηματα εχοντες εισελευσονται εις την βασιλειαν του θεου
2a121900cb	ευκοπωτερον γαρ εστιν καμηλον δια τρυμαλιας ραφιδος εισελθειν η πλουσιον εις την βασιλειαν του θεου εισελθειν
2a121a0055	ειπον δε οι ακουσαντες και τις δυναται σωθηναι
2a121b006f	ο δε ειπεν τα αδυνατα παρα ανθρωποις δυνατα εστιν παρα τω θεω
2a121c0078	ειπεν δε ο πετρος ιδου ημεις αφηκαμεν παντα και ηκολουθησαμεν σοι
2a121d00f3	ο δε ειπεν αυτοις αμην λεγω υμιν οτι ουδεις εστιν ος αφηκεν οικιαν η γονεις η αδελφους η γυναικα η τεκνα ενεκεν της βασιλειας του θεου
2a121e00a2	ος ου μη απολαβη πολλαπλασιονα εν τω καιρω τουτω και εν τω αιωνι τω ερχομενω ζωην αιωνιον
2a121f0112	παραλαβων δε τους δωδεκα ειπεν προς αυτους ιδου αναβαινομεν εις ιεροσολυμα και τελεσθησεται παντα τα γεγραμμενα δια των προφητων τω υιω του ανθρωπου
2a1220009d	παραδοθησεται γαρ τοις εθνεσιν και εμπαιχθησεται και υβρισθησεται και εμπτυσθησεται
2a12210083	και μαστιγωσαντες αποκτενουσιν αυτον και τη ημερα τη τριτη αναστησεται
2a122200bb	και αυτοι ουδεν τουτων συνηκαν και ην το ρημα τουτο κεκρυμμενον απ αυτων και ουκ εγινωσκον τα λεγομενα
2a1223009c	εγενετο δε εν τω εγγιζειν αυτον εις ιεριχω τυφλος τις εκαθητο παρα την οδον προσαιτων
2a12240067	ακουσας δε οχλου διαπορευομενου επυνθανετο τι ειη τουτο
2a12250061	απηγγειλαν δε αυτω οτι ιησους ο ναζωραιος παρερχεται
2a12260051	και εβοησεν λεγων ιησου υιε δαβιδ ελεησον με
2a122700ad	και οι προαγοντες επετιμων αυτω ινα σιωπηση αυτος δε πολλω μαλλον εκραζεν υιε δαβιδ ελεησον με
2a122800a9	σταθεις δε ο ιησους εκελευσεν αυτον αχθηναι προς αυτον εγγισαντος δε αυτου επηρωτησεν αυτον
2a12290066	λεγων τι σοι θελεις ποιησω ο δε ειπεν κυριε ινα αναβλεψω
2a122a0068	και ο ιησους ειπεν αυτω αναβλεψον η πιστις σου σεσωκεν σε
2a122b00b5	και παραχρημα ανεβλεψεν και ηκολουθει αυτω δοξαζων τον θεον και πας ο λαος ιδων εδωκεν αινον τω θεω
2a1301003c	και εισελθων διηρχετο την ιεριχω
2a130200a3	και ιδου ανηρ ονοματι καλουμενος ζακχαιος και αυτος ην αρχιτελωνης και ουτος ην πλουσιος
2a130300a5	και εζητει ιδειν τον ιησουν τις εστιν και ουκ ηδυνατο απο του οχλου οτι τη ηλικια μικρος ην
2a130400ad	και προδραμων εμπροσθεν ανεβη επι συκομωραιαν ινα ιδη αυτον οτι δι εκεινης ημελλεν διερχεσθαι
2a13050106	και ως ηλθεν επι τον τοπον αναβλεψας ο ιησους ειδεν αυτον και ειπεν προς αυτον ζακχαιε σπευσας καταβηθι σημερον γαρ εν τω οικω σου δει με μειναι
2a13060054	και σπευσας κατεβη και υπεδεξατο αυτον χαιρων
2a1307009c	και ιδοντες απαντες διεγογγυζον λεγοντες οτι παρα αμαρτωλω ανδρι εισηλθεν καταλυσαι
2a13080115	σταθεις δε ζακχαιος ειπεν προς τον κυριον ιδου τα ημιση των υπαρχοντων μου κυριε διδωμι τοις πτωχοις και ει τινος τι εσυκοφαντησα αποδιδωμι τετραπλουν
2a130900c0	ειπεν δε προς αυτον ο ιησους οτι σημερον σωτηρια τω οικω τουτω εγενετο καθοτι και αυτος υιος αβρααμ εστιν
2a130a006c	ηλθεν γαρ ο υιος του ανθρωπου ζητησαι και σωσαι το απολωλος
2a130b0123	ακουοντων δε αυτων ταυτα προσθεις ειπεν παραβολην δια το εγγυς αυτον ειναι ιερουσαλημ και δοκειν αυτους οτι παραχρημα μελλει η βασιλεια του θεου αναφαινεσθαι
2a130c00af	ειπεν ουν ανθρωπος τις ευγενης επορευθη εις χωραν μακραν λαβειν εαυτω βασιλειαν και υποστρεψαι
2a130d00bf	καλεσας δε δεκα δουλους εαυτου εδωκεν αυτοις δεκα μνας και ειπεν προς αυτους πραγματευσασθε εως ερχομαι
2a130e00d7	οι δε πολιται αυτου εμισουν αυτον και απεστειλαν πρεσβειαν οπισω αυτου λεγοντες ου θελομεν τουτον βασιλευσαι εφ ημας
2a130f0122	και εγενετο εν τω επανελθειν αυτον λαβοντα την βασιλειαν και ειπεν φωνηθηναι αυτω τους δουλους τουτους οις εδωκεν το αργυριον ινα γνω τις τι διεπραγματευσατο
2a1310007d	παρεγενετο δε ο πρωτος λεγων κυριε η μνα σου προσειργασατο δεκα μνας
2a131100b0	και ειπεν αυτω ευ αγαθε δουλε οτι εν ελαχιστω πιστος εγενου ισθι εξουσιαν εχων επανω δεκα πολεων
2a13120071	και ηλθεν ο δευτερος λεγων κυριε η μνα σου εποιησεν πεντε μνας
2a1313005b	ειπεν δε και τουτω και συ γινου επανω πεντε πολεων
2a1314008b	και ετερος ηλθεν λεγων κυριε ιδου η μνα σου ην ειχον αποκειμενην εν σουδαριω
2a131500a3	εφοβουμην γαρ σε οτι ανθρωπος αυστηρος ει αιρεις ο ουκ εθηκας και θεριζεις ο ουκ εσπειρας
2a131600f7	λεγει δε αυτω εκ του στοματος σου κρινω σε πονηρε δουλε ηδεις οτι εγω ανθρωπος αυστηρος ειμι αιρων ο ουκ εθηκα και θεριζων ο ουκ εσπειρα
2a131700a6	και δια τι ουκ εδωκας το αργυριον μου επι την τραπεζαν και εγω ελθων συν τοκω αν επραξα αυτο
2a13180095	και τοις παρεστωσιν ειπεν αρατε απ αυτου την μναν και δοτε τω τας δεκα μνας εχοντι
2a13190040	και ειπον αυτω κυριε εχει δεκα μνας
2a131a00ac	λεγω γαρ υμιν οτι παντι τω εχοντι δοθησεται απο δε του μη εχοντος και ο εχει αρθησεται απ αυτου
2a131b00d5	πλην τους εχθρους μου εκεινους τους μη θελησαντας με βασιλευσαι επ αυτους αγαγετε ωδε και κατασφαξατε εμπροσθεν μου
2a131c0071	και ειπων ταυτα επορευετο εμπροσθεν αναβαινων εις ιεροσολυμα
2a131d00d2	και εγενετο ως ηγγισεν εις βηθφαγη και βηθανιαν προς το ορος το καλουμενον ελαιων απεστειλεν δυο των μαθητων αυτου
2a131e010a	ειπων υπαγετε εις την κατεναντι κωμην εν η εισπορευομενοι ευρησετε πωλον δεδεμενον εφ ον ουδεις πωποτε ανθρωπων εκαθισεν λυσαντες αυτον αγαγετε
2a131f0098	και εαν τις υμας ερωτα δια τι λυετε ουτως ερειτε αυτω οτι ο κυριος αυτου χρειαν εχει
2a13200065	απελθοντες δε οι απεσταλμενοι ευρον καθως ειπεν αυτοις
2a13210090	λυοντων δε αυτων τον πωλον ειπον οι κυριοι αυτου προς αυτους τι λυετε τον πωλον
2a13220045	οι δε ειπον ο κυριος αυτου χρειαν εχει
2a132300bc	και ηγαγον αυτον προς τον ιησουν και επιρριψαντες εαυτων τα ιματια επι τον πωλον επεβιβασαν τον ιησουν
2a1324006d	πορευομενου δε αυτου υπεστρωννυον τα ιματια αυτων εν τη οδω
2a1325012d	εγγιζοντος δε αυτου ηδη προς τη καταβασει του ορους των ελαιων ηρξαντο απαν το πληθος των μαθητων χαιροντες αινειν τον θεον φωνη μεγαλη περι πασων ων ειδον δυναμεων
2a132600b4	λεγοντες ευλογημενος ο ερχομενος βασιλευς εν ονοματι κυριου ειρηνη εν ουρανω και δοξα εν υψιστοις
2a132700ac	και τινες των φαρισαιων απο του οχλου ειπον προς αυτον διδασκαλε επιτιμησον τοις μαθηταις σου
2a1328009a	και αποκριθεις ειπεν αυτοις λεγω υμιν οτι εαν ουτοι σιωπησωσιν οι λιθοι κεκραξονται
2a13290054	και ως ηγγισεν ιδων την πολιν εκλαυσεν επ αυτη
2a132a00bc	λεγων οτι ει εγνως και συ και γε εν τη ημερα σου ταυτη τα προς ειρηνην σου νυν δε εκρυβη απο οφθαλμων σου
2a132b00d8	οτι ηξουσιν ημεραι επι σε και περιβαλουσιν οι εχθροι σου χαρακα σοι και περικυκλωσουσιν σε και συνεξουσιν σε παντοθεν
2a132c00e5	και εδαφιουσιν σε και τα τεκνα σου εν σοι και ουκ αφησουσιν εν σοι λιθον επι λιθω ανθ ων ουκ εγνως τον καιρον της επισκοπης σου
2a132d0096	και εισελθων εις το ιερον ηρξατο εκβαλλειν τους πωλουντας εν αυτω και αγοραζοντας
2a132e00b4	λεγων αυτοις γεγραπται ο οικος μου οικος προσευχης εστιν υμεις δε αυτον εποιησατε σπηλαιον ληστων
2a132f00da	και ην διδασκων το καθ ημεραν εν τω ιερω οι δε αρχιερεις και οι γραμματεις εζητουν αυτον απολεσαι και οι πρωτοι του λαου
2a13300084	και ουχ ευρισκον το τι ποιησωσιν ο λαος γαρ απας εξεκρεματο αυτου ακουων
2a14010124	και εγενετο εν μια των ημερων εκεινων διδασκοντος αυτου τον λαον εν τω ιερω και ευαγγελιζομενου επεστησαν οι αρχιερεις και οι γραμματεις συν τοις πρεσβυτεροις
2a140200ca	και ειπον προς αυτον λεγοντες ειπε ημιν εν ποια εξουσια ταυτα ποιεις η τις εστιν ο δους σοι την εξουσιαν ταυτην
2a14030088	αποκριθεις δε ειπεν προς αυτους ερωτησω υμας καγω ενα λογον και ειπατε μοι
2a14040056	το βαπτισμα ιωαννου εξ ουρανου ην η εξ ανθρωπων
2a140500c1	οι δε συνελογισαντο προς εαυτους λεγοντες οτι εαν ειπωμεν εξ ουρανου ερει δια τι ουν ουκ επιστευσατε αυτω
2a140600b7	εαν δε ειπωμεν εξ ανθρωπων πας ο λαος καταλιθασει ημας πεπεισμενος γαρ εστιν ιωαννην προφητην ειναι
2a1407003c	και απεκριθησαν μη ειδεναι ποθεν
2a14080081	και ο ιησους ειπεν αυτοις ουδε εγω λεγω υμιν εν ποια εξουσια ταυτα ποιω
2a14090106	ηρξατο δε προς τον λαον λεγειν την παραβολην ταυτην ανθρωπος τις εφυτευσεν αμπελωνα και εξεδοτο αυτον γεωργοις και απεδημησεν χρονους ικανους
2a140a0106	και εν καιρω απεστειλεν προς τους γεωργους δουλον ινα απο του καρπου του αμπελωνος δωσιν αυτω οι δε γεωργοι δειραντες αυτον εξαπεστειλαν κενον
2a140b00b0	και προσεθετο πεμψαι ετερον δουλον οι δε κακεινον δειραντες και ατιμασαντες εξαπεστειλαν κενον
2a140c007f	και προσεθετο πεμψαι τριτον οι δε και τουτον τραυματισαντες εξεβαλον
2a140d00c5	ειπεν δε ο κυριος του αμπελωνος τι ποιησω πεμψω τον υιον μου τον αγαπητον ισως τουτον ιδοντες εντραπησονται
2a140e0108	ιδοντες δε αυτον οι γεωργοι διελογιζοντο προς εαυτους λεγοντες ουτος εστιν ο κληρονομος δευτε αποκτεινωμεν αυτον ινα ημων γενηται η κληρονομια
2a140f00ae	και εκβαλοντες αυτον εξω του αμπελωνος απεκτειναν τι ουν ποιησει αυτοις ο κυριος του αμπελωνος
2a141000c3	ελευσεται και απολεσει τους γεωργους τουτους και δωσει τον αμπελωνα αλλοις ακουσαντες δε ειπον μη γενοιτο
2a141100f4	ο δε εμβλεψας αυτοις ειπεν τι ουν εστιν το γεγραμμενον τουτο λιθον ον απεδοκιμασαν οι οικοδομουντες ουτος εγενηθη εις κεφαλην γωνιας
2a1412008e	πας ο πεσων επ εκεινον τον λιθον συνθλασθησεται εφ ον δ αν πεση λικμησει αυτον
2a14130132	και εζητησαν οι αρχιερεις και οι γραμματεις επιβαλειν επ αυτον τας χειρας εν αυτη τη ωρα και εφοβηθησαν τον λαον εγνωσαν γαρ οτι προς αυτους την παραβολην ταυτην ειπεν
2a14140136	και παρατηρησαντες απεστειλαν εγκαθετους υποκρινομενους εαυτους δικαιους ειναι ινα επιλαβωνται αυτου λογου εις το παραδουναι αυτον τη αρχη και τη εξουσια του ηγεμονος
2a14150112	και επηρωτησαν αυτον λεγοντες διδασκαλε οιδαμεν οτι ορθως λεγεις και διδασκεις και ου λαμβανεις προσωπον αλλ επ αληθειας την οδον του θεου διδασκεις
2a14160046	εξεστιν ημιν καισαρι φορον δουναι η ου
2a1417007e	κατανοησας δε αυτων την πανουργιαν ειπεν προς αυτους τι με πειραζετε
2a141800a1	επιδειξατε μοι δηναριον τινος εχει εικονα και επιγραφην αποκριθεντες δε ειπον καισαρος
2a14190088	ο δε ειπεν αυτοις αποδοτε τοινυν τα καισαρος καισαρι και τα του θεου τω θεω
2a141a00c7	και ουκ ισχυσαν επιλαβεσθαι αυτου ρηματος εναντιον του λαου και θαυμασαντες επι τη αποκρισει αυτου εσιγησαν
2a141b00a7	προσελθοντες δε τινες των σαδδουκαιων οι αντιλεγοντες αναστασιν μη ειναι επηρωτησαν αυτον
2a141c0147	λεγοντες διδασκαλε μωσης εγραψεν ημιν εαν τινος αδελφος αποθανη εχων γυναικα και ουτος ατεκνος αποθανη ινα λαβη ο αδελφος αυτου την γυναικα και εξαναστηση σπερμα τω αδελφω αυτου
2a141d0078	επτα ουν αδελφοι ησαν και ο πρωτος λαβων γυναικα απεθανεν ατεκνος
2a141e006f	και ελαβεν ο δευτερος την γυναικα και ουτος απεθανεν ατεκνος
2a141f00a1	και ο τριτος ελαβεν αυτην ωσαυτως δε και οι επτα {VAR2: και} ου κατελιπον τεκνα και απεθανον
2a1420004c	υστερον {VAR1: δε} παντων απεθανεν και η γυνη
2a1421008b	εν τη ουν αναστασει τινος αυτων γινεται γυνη οι γαρ επτα εσχον αυτην γυναικα
2a142200a5	και αποκριθεις ειπεν αυτοις ο ιησους οι υιοι του αιωνος τουτου γαμουσιν και εκγαμισκονται
2a142300ce	οι δε καταξιωθεντες του αιωνος εκεινου τυχειν και της αναστασεως της εκ νεκρων ουτε γαμουσιν ουτε εκγαμισκονται
2a142400ba	ουτε γαρ αποθανειν ετι δυνανται ισαγγελοι γαρ εισιν και υιοι εισιν του θεου της αναστασεως υιοι οντες
2a142500ec	οτι δε εγειρονται οι νεκροι και μωσης εμηνυσεν επι της βατου ως λεγει κυριον τον θεον αβρααμ και τον θεον ισαακ και τον θεον ιακωβ
2a1426006a	θεος δε ουκ εστιν νεκρων αλλα ζωντων παντες γαρ αυτω ζωσιν
2a14270078	αποκριθεντες δε τινες των γραμματεων ειπον διδασκαλε καλως ειπας
2a14280047	ουκετι δε ετολμων επερωταν αυτον ουδεν
2a14290072	ειπεν δε προς αυτους πως λεγουσιν τον χριστον υιον δαβιδ ειναι
2a142a009a	και αυτος δαβιδ λεγει εν βιβλω ψαλμων ειπεν ο κυριος τω κυριω μου καθου εκ δεξιων μου
2a142b005b	εως αν θω τους εχθρους σου υποποδιον των ποδων σου
2a142c0061	δαβιδ ουν κυριον αυτον καλει και πως υιος αυτου εστιν
2a142d0064	ακουοντος δε παντος του λαου ειπεν τοις μαθηταις αυτου
2a142e0146	προσεχετε απο των γραμματεων των θελοντων περιπατειν εν στολαις και φιλουντων ασπασμους εν ταις αγοραις και πρωτοκαθεδριας εν ταις συναγωγαις και πρωτοκλισιας εν τοις δειπνοις
2a142f00bf	οι κατεσθιουσιν τας οικιας των χηρων και προφασει μακρα προσευχονται ουτοι ληψονται περισσοτερον κριμα
2a1501008f	αναβλεψας δε ειδεν τους βαλλοντας τα δωρα αυτων εις το γαζοφυλακιον πλουσιους
2a15020069	ειδεν δε και τινα χηραν πενιχραν βαλλουσαν εκει δυο λεπτα
2a15030081	και ειπεν αληθως λεγω υμιν οτι η χηρα η πτωχη αυτη πλειον παντων εβαλεν
2a150400fc	απαντες γαρ ουτοι εκ του περισσευοντος αυτοις εβαλον εις τα δωρα του θεου αυτη δε εκ του υστερηματος αυτης απαντα τον βιον ον ειχεν εβαλεν
2a1505009a	και τινων λεγοντων περι του ιερου οτι λιθοις καλοις και αναθημασιν κεκοσμηται ειπεν
2a150600a8	ταυτα α θεωρειτε ελευσονται ημεραι εν αις ουκ αφεθησεται λιθος επι λιθω ος ου καταλυθησεται
2a150700be	επηρωτησαν δε αυτον λεγοντες διδασκαλε ποτε ουν ταυτα εσται και τι το σημειον οταν μελλη ταυτα γινεσθαι
2a15080107	ο δε ειπεν βλεπετε μη πλανηθητε πολλοι γαρ ελευσονται επι τω ονοματι μου λεγοντες οτι εγω ειμι και ο καιρος ηγγικεν μη ουν πορευθητε οπισω αυτων
2a150900c7	οταν δε ακουσητε πολεμους και ακαταστασιας μη πτοηθητε δει γαρ ταυτα γενεσθαι πρωτον αλλ ουκ ευθεως το τελος
2a150a0088	τοτε ελεγεν αυτοις εγερθησεται εθνος επι εθνος και βασιλεια επι βασιλειαν
2a150b00c1	σεισμοι τε μεγαλοι κατα τοπους και λιμοι και λοιμοι εσονται φοβητρα τε και σημεια απ ουρανου μεγαλα εσται
2a150c013d	προ δε τουτων απαντων επιβαλουσιν εφ υμας τας χειρας αυτων και διωξουσιν παραδιδοντες εις συναγωγας και φυλακας αγομενους επι βασιλεις και ηγεμονας ενεκεν του ονοματος μου
2a150d003c	αποβησεται δε υμιν εις μαρτυριον
2a150e006a	θεσθε ουν εις τας καρδιας υμων μη προμελεταν απολογηθηναι
2a150f00c0	εγω γαρ δωσω υμιν στομα και σοφιαν η ου δυνησονται αντειπειν ουδε αντιστηναι παντες οι αντικειμενοι υμιν
2a151000a8	παραδοθησεσθε δε και υπο γονεων και αδελφων και συγγενων και φιλων και θανατωσουσιν εξ υμων
2a1511005a	και εσεσθε μισουμενοι υπο παντων δια το ονομα μου
2a1512004e	και θριξ εκ της κεφαλης υμων ου μη αποληται
2a1513004d	εν τη υπομονη υμων κτησασθε τας ψυχας υμων
2a151400b2	οταν δε ιδητε κυκλουμενην υπο στρατοπεδων την ιερουσαλημ τοτε γνωτε οτι ηγγικεν η ερημωσις αυτης
2a151500e5	τοτε οι εν τη ιουδαια φευγετωσαν εις τα ορη και οι εν μεσω αυτης εκχωρειτωσαν και οι εν ταις χωραις μη εισερχεσθωσαν εις αυτην
2a1516007f	οτι ημεραι εκδικησεως αυται εισιν του πληρωθηναι παντα τα γεγραμμενα
2a151700fb	ουαι δε ταις εν γαστρι εχουσαις και ταις θηλαζουσαις εν εκειναις ταις ημεραις εσται γαρ αναγκη μεγαλη επι της γης και οργη εν τω λαω τουτω
2a15180107	και πεσουνται στοματι μαχαιρας και αιχμαλωτισθησονται εις παντα τα εθνη και ιερουσαλημ εσται πατουμενη υπο εθνων αχρι πληρωθωσιν καιροι εθνων
2a151900ce	και εσται σημεια εν ηλιω και σεληνη και αστροις και επι της γης συνοχη εθνων εν απορια ηχουσης θαλασσης και σαλου
2a151a00d9	αποψυχοντων ανθρωπων απο φοβου και προσδοκιας των επερχομενων τη οικουμενη αι γαρ δυναμεις των ουρανων σαλευθησονται
2a151b00a4	και τοτε οψονται τον υιον του ανθρωπου ερχομενον εν νεφελη μετα δυναμεως και δοξης πολλης
2a151c00ba	αρχομενων δε τουτων γινεσθαι ανακυψατε και επαρατε τας κεφαλας υμων διοτι εγγιζει η απολυτρωσις υμων
2a151d0072	και ειπεν παραβολην αυτοις ιδετε την συκην και παντα τα δενδρα
2a151e0090	οταν προβαλωσιν ηδη βλεποντες αφ εαυτων γινωσκετε οτι ηδη εγγυς το θερος εστιν
2a151f00a0	ουτως και υμεις οταν ιδητε ταυτα γινομενα γινωσκετε οτι εγγυς εστιν η βασιλεια του θεου
2a15200077	αμην λεγω υμιν οτι ου μη παρελθη η γενεα αυτη εως αν παντα γενηται
2a15210076	ο ουρανος και η γη παρελευσονται οι δε λογοι μου ου μη παρελθωσιν
2a15220108	προσεχετε δε εαυτοις μηποτε βαρυνθωσιν υμων αι καρδιαι εν κραιπαλη και μεθη και μεριμναις βιωτικαις και αιφνιδιος εφ υμας επιστη η ημερα εκεινη
2a15230090	ως παγις γαρ επελευσεται επι παντας τους καθημενους επι προσωπον πασης της γης
2a15240106	αγρυπνειτε ουν εν παντι καιρω δεομενοι ινα καταξιωθητε εκφυγειν ταυτα παντα τα μελλοντα γινεσθαι και σταθηναι εμπροσθεν του υιου του ανθρωπου
2a152500be	ην δε τας ημερας εν τω ιερω διδασκων τας δε νυκτας εξερχομενος ηυλιζετο εις το ορος το καλουμενον ελαιων
2a1526006b	και πας ο λαος ωρθριζεν προς αυτον εν τω ιερω ακουειν αυτου
2a16010054	ηγγιζεν δε η εορτη των αζυμων η λεγομενη πασχα
2a160200a0	και εζητουν οι αρχιερεις και οι γραμματεις το πως ανελωσιν αυτον εφοβουντο γαρ τον λαον
2a160300aa	εισηλθεν δε ο σατανας εις ιουδαν τον επικαλουμενον ισκαριωτην οντα εκ του αριθμου των δωδεκα
2a160400a2	και απελθων συνελαλησεν τοις αρχιερευσιν και τοις στρατηγοις το πως αυτον παραδω αυτοις
2a16050058	και εχαρησαν και συνεθεντο αυτω αργυριον δουναι
2a1606008e	και εξωμολογησεν και εζητει ευκαιριαν του παραδουναι αυτον αυτοις ατερ οχλου
2a16070061	ηλθεν δε η ημερα των αζυμων εν η εδει θυεσθαι το πασχα
2a160800a4	και απεστειλεν πετρον και ιωαννην ειπων πορευθεντες ετοιμασατε ημιν το πασχα ινα φαγωμεν
2a16090048	οι δε ειπον αυτω που θελεις ετοιμασωμεν
2a160a011a	ο δε ειπεν αυτοις ιδου εισελθοντων υμων εις την πολιν συναντησει υμιν ανθρωπος κεραμιον υδατος βασταζων ακολουθησατε αυτω εις την οικιαν ου εισπορευεται
2a160b00dd	και ερειτε τω οικοδεσποτη της οικιας λεγει σοι ο διδασκαλος που εστιν το καταλυμα οπου το πασχα μετα των μαθητων μου φαγω
2a160c0071	κακεινος υμιν δειξει ανωγεον μεγα εστρωμενον εκει ετοιμασατε
2a160d0075	απελθοντες δε ευρον καθως ειρηκεν αυτοις και ητοιμασαν το πασχα
2a160e0073	και οτε εγενετο η ωρα ανεπεσεν και οι δωδεκα αποστολοι συν αυτω
2a160f00a3	και ειπεν προς αυτους επιθυμια επεθυμησα τουτο το πασχα φαγειν μεθ υμων προ του με παθειν
2a16100099	λεγω γαρ υμιν οτι ουκετι ου μη φαγω εξ αυτου εως οτου πληρωθη εν τη βασιλεια του θεου
2a16110093	και δεξαμενος ποτηριον ευχαριστησας ειπεν λαβετε τουτο και διαμερισατε εαυτοις
2a161200a6	λεγω γαρ υμιν οτι ου μη πιω απο του γεννηματος της αμπελου εως οτου η βασιλεια του θεου ελθη
2a16130109	και λαβων αρτον ευχαριστησας εκλασεν και εδωκεν αυτοις λεγων τουτο εστιν το σωμα μου το υπερ υμων διδομενον τουτο ποιειτε εις την εμην αναμνησιν
2a161400e1	ωσαυτως και το ποτηριον μετα το δειπνησαι λεγων τουτο το ποτηριον η καινη διαθηκη εν τω αιματι μου το υπερ υμων εκχυνομενον
2a16150071	πλην ιδου η χειρ του παραδιδοντος με μετ εμου επι της τραπεζης
2a161600b9	και ο μεν υιος του ανθρωπου πορευεται κατα το ωρισμενον πλην ουαι τω ανθρωπω εκεινω δι ου παραδιδοται
2a1617009f	και αυτοι ηρξαντο συζητειν προς εαυτους το τις αρα ειη εξ αυτων ο τουτο μελλων πρασσειν
2a1618007b	εγενετο δε και φιλονεικια εν αυτοις το τις αυτων δοκει ειναι μειζων
2a161900c1	ο δε ειπεν αυτοις οι βασιλεις των εθνων κυριευουσιν αυτων και οι εξουσιαζοντες αυτων ευεργεται καλουνται
2a161a00a4	υμεις δε ουχ ουτως αλλ ο μειζων εν υμιν γενεσθω ως ο νεωτερος και ο ηγουμενος ως ο διακονων
2a161b00b3	τις γαρ μειζων ο ανακειμενος η ο διακονων ουχι ο ανακειμενος εγω δε ειμι εν μεσω υμων ως ο διακονων
2a161c0074	υμεις δε εστε οι διαμεμενηκοτες μετ εμου εν τοις πειρασμοις μου
2a161d006f	καγω διατιθεμαι υμιν καθως διεθετο μοι ο πατηρ μου βασιλειαν
2a161e00e5	ινα εσθιητε και πινητε επι της τραπεζης μου εν τη βασιλεια μου και καθισησθε επι θρονων κρινοντες τας δωδεκα φυλας του ισραηλ
2a161f009b	ειπεν δε ο κυριος σιμων σιμων ιδου ο σατανας εξητησατο υμας του σινιασαι ως τον σιτον
2a162000b8	εγω δε εδεηθην περι σου ινα μη εκλειπη η πιστις σου και συ ποτε επιστρεψας στηριξον τους αδελφους σου
2a1621009d	ο δε ειπεν αυτω κυριε μετα σου ετοιμος ειμι και εις φυλακην και εις θανατον πορευεσθαι
2a162200a3	ο δε ειπεν λεγω σοι πετρε ου μη φωνησει σημερον αλεκτωρ πριν η τρις απαρνηση μη ειδεναι με
2a162300d4	και ειπεν αυτοις οτε απεστειλα υμας ατερ βαλαντιου και πηρας και υποδηματων μη τινος υστερησατε οι δε ειπον ουδενος
2a162400ea	ειπεν ουν αυτοις αλλα νυν ο εχων βαλαντιον αρατω ομοιως και πηραν και ο μη εχων πωλησατω το ιματιον αυτου και αγορασατω μαχαιραν
2a162500e3	λεγω γαρ υμιν οτι ετι τουτο το γεγραμμενον δει τελεσθηναι εν εμοι το και μετα ανομων ελογισθη και γαρ τα περι εμου τελος εχει
2a1626007f	οι δε ειπον κυριε ιδου μαχαιραι ωδε δυο ο δε ειπεν αυτοις ικανον εστιν
2a162700b1	και εξελθων επορευθη κατα το εθος εις το ορος των ελαιων ηκολουθησαν δε αυτω και οι μαθηται αυτου
2a16280091	γενομενος δε επι του τοπου ειπεν αυτοις προσευχεσθε μη εισελθειν εις πειρασμον
2a1629008a	και αυτος απεσπασθη απ αυτων ωσει λιθου βολην και θεις τα γονατα προσηυχετο
2a162a00db	λεγων πατερ ει βουλει {VAR1: παρενεγκειν} {VAR2: παρενεγκε} το ποτηριον τουτο απ εμου πλην μη το θελημα μου αλλα το σον γενεσθω
2a162b0055	ωφθη δε αυτω αγγελος απ ουρανου ενισχυων αυτον
2a162c00dd	και γενομενος εν αγωνια εκτενεστερον προσηυχετο εγενετο δε ο ιδρως αυτου ωσει θρομβοι αιματος καταβαινοντες επι την γην
2a162d00bd	και αναστας απο της προσευχης ελθων προς τους μαθητας {VAR2: αυτου} ευρεν αυτους κοιμωμενους απο της λυπης
2a162e009b	και ειπεν αυτοις τι καθευδετε ανασταντες προσευχεσθε ινα μη εισελθητε εις πειρασμον
2a162f00e0	ετι δε αυτου λαλουντος ιδου οχλος και ο λεγομενος ιουδας εις των δωδεκα προηρχετο αυτων και ηγγισεν τω ιησου φιλησαι αυτον
2a1630007f	ο δε ιησους ειπεν αυτω ιουδα φιληματι τον υιον του ανθρωπου παραδιδως
2a1631008d	ιδοντες δε οι περι αυτον το εσομενον ειπον αυτω κυριε ει παταξομεν εν μαχαιρα
2a163200a2	και επαταξεν εις τις εξ αυτων τον δουλον του αρχιερεως και αφειλεν αυτου το ους το δεξιον
2a1633009e	αποκριθεις δε ο ιησους ειπεν εατε εως τουτου και αψαμενος του ωτιου αυτου ιασατο αυτον
2a1634011b	ειπεν δε ο ιησους προς τους παραγενομενους επ αυτον αρχιερεις και στρατηγους του ιερου και πρεσβυτερους ως επι ληστην εξεληλυθατε μετα μαχαιρων και ξυλων
2a163500e1	καθ ημεραν οντος μου μεθ υμων εν τω ιερω ουκ εξετεινατε τας χειρας επ εμε αλλ αυτη υμων εστιν η ωρα και η εξουσια του σκοτους
2a163600c4	συλλαβοντες δε αυτον ηγαγον και εισηγαγον αυτον εις τον οικον του αρχιερεως ο δε πετρος ηκολουθει μακροθεν
2a1637009f	αψαντων δε πυρ εν μεσω της αυλης και συγκαθισαντων αυτων εκαθητο ο πετρος εν μεσω αυτων
2a163800b1	ιδουσα δε αυτον παιδισκη τις καθημενον προς το φως και ατενισασα αυτω ειπεν και ουτος συν αυτω ην
2a16390054	ο δε ηρνησατο αυτον λεγων γυναι ουκ οιδα αυτον
2a163a00a2	και μετα βραχυ ετερος ιδων αυτον εφη και συ εξ αυτων ει ο δε πετρος ειπεν ανθρωπε ουκ ειμι
2a163b00d5	και διαστασης ωσει ωρας μιας αλλος τις διισχυριζετο λεγων επ αληθειας και ουτος μετ αυτου ην και γαρ γαλιλαιος εστιν
2a163c00b0	ειπεν δε ο πετρος ανθρωπε ουκ οιδα ο λεγεις και παραχρημα ετι λαλουντος αυτου εφωνησεν ο αλεκτωρ
2a163d0102	και στραφεις ο κυριος ενεβλεψεν τω πετρω και υπεμνησθη ο πετρος του λογου του κυριου ως ειπεν αυτω οτι πριν αλεκτορα φωνησαι απαρνηση με τρις
2a163e004a	και εξελθων εξω ο πετρος εκλαυσεν πικρως
2a163f0073	και οι ανδρες οι συνεχοντες τον ιησουν ενεπαιζον αυτω δεροντες
2a164000d0	και περικαλυψαντες αυτον ετυπτον αυτου το προσωπον και επηρωτων αυτον λεγοντες προφητευσον τις εστιν ο παισας σε
2a16410056	και ετερα πολλα βλασφημουντες ελεγον εις αυτον
2a164200f6	και ως εγενετο ημερα συνηχθη το πρεσβυτεριον του λαου αρχιερεις τε και γραμματεις και ανηγαγον αυτον εις το συνεδριον εαυτων λεγοντες
2a16430087	ει συ ει ο χριστος ειπε ημιν ειπεν δε αυτοις εαν υμιν ειπω ου μη πιστευσητε
2a1644005d	εαν δε και ερωτησω ου μη αποκριθητε μοι η απολυσητε
2a16450090	απο του νυν εσται ο υιος του ανθρωπου καθημενος εκ δεξιων της δυναμεως του θεου
2a1646009d	ειπον δε παντες συ ουν ει ο υιος του θεου ο δε προς αυτους εφη υμεις λεγετε οτι εγω ειμι
2a1647009c	οι δε ειπον τι ετι χρειαν εχομεν μαρτυριας αυτοι γαρ ηκουσαμεν απο του στοματος αυτου
2a17010070	και ανασταν απαν το πληθος αυτων ηγαγεν αυτον επι τον πιλατον
2a17020111	ηρξαντο δε κατηγορειν αυτου λεγοντες τουτον ευρομεν διαστρεφοντα το εθνος και κωλυοντα καισαρι φορους διδοναι λεγοντα εαυτον χριστον βασιλεα ειναι
2a170300b6	ο δε πιλατος επηρωτησεν αυτον λεγων συ ει ο βασιλευς των ιουδαιων ο δε αποκριθεις αυτω εφη συ λεγεις
2a170400ae	ο δε πιλατος ειπεν προς τους αρχιερεις και τους οχλους ουδεν ευρισκω αιτιον εν τω ανθρωπω τουτω
2a170500ce	οι δε επισχυον λεγοντες οτι ανασειει τον λαον διδασκων καθ ολης της ιουδαιας αρξαμενος απο της γαλιλαιας εως ωδε
2a17060081	πιλατος δε ακουσας γαλιλαιαν επηρωτησεν ει ο ανθρωπος γαλιλαιος εστιν
2a170700ec	και επιγνους οτι εκ της εξουσιας ηρωδου εστιν ανεπεμψεν αυτον προς ηρωδην οντα και αυτον εν ιεροσολυμοις εν ταυταις ταις ημεραις
2a17080116	ο δε ηρωδης ιδων τον ιησουν εχαρη λιαν ην γαρ θελων εξ ικανου ιδειν αυτον δια το ακουειν πολλα περι αυτου και ηλπιζεν τι σημειον ιδειν υπ αυτου γινομενον
2a17090078	επηρωτα δε αυτον εν λογοις ικανοις αυτος δε ουδεν απεκρινατο αυτω
2a170a0089	ειστηκεισαν δε οι αρχιερεις και οι γραμματεις ευτονως κατηγορουντες αυτου
2a170b00ec	εξουθενησας δε αυτον ο ηρωδης συν τοις στρατευμασιν αυτου και εμπαιξας περιβαλων αυτον εσθητα λαμπραν ανεπεμψεν αυτον τω πιλατω
2a170c00d1	εγενοντο δε φιλοι ο τε πιλατος και ο ηρωδης εν αυτη τη ημερα μετ αλληλων προυπηρχον γαρ εν εχθρα οντες προς εαυτους
2a170d0084	πιλατος δε συγκαλεσαμενος τους αρχιερεις και τους αρχοντας και τον λαον
2a170e014a	ειπεν προς αυτους προσηνεγκατε μοι τον ανθρωπον τουτον ως αποστρεφοντα τον λαον και ιδου εγω ενωπιον υμων ανακρινας ουδεν ευρον εν τω ανθρωπω τουτω αιτιον ων κατηγορειτε κατ αυτου
2a170f00b1	αλλ ουδε ηρωδης ανεπεμψα γαρ υμας προς αυτον και ιδου ουδεν αξιον θανατου εστιν πεπραγμενον αυτω
2a17100033	παιδευσας ουν αυτον απολυσω
2a17110059	αναγκην δε ειχεν απολυειν αυτοις κατα εορτην ενα
2a17120088	ανεκραξαν δε παμπληθει λεγοντες αιρε τουτον απολυσον δε ημιν τον βαραββαν
2a17130091	οστις ην δια στασιν τινα γενομενην εν τη πολει και φονον βεβλημενος εις φυλακην
2a1714006c	παλιν ουν ο πιλατος προσεφωνησεν θελων απολυσαι τον ιησουν
2a1715005e	οι δε επεφωνουν λεγοντες σταυρωσον σταυρωσον αυτον
2a171600dc	ο δε τριτον ειπεν προς αυτους τι γαρ κακον εποιησεν ουτος ουδεν αιτιον θανατου ευρον εν αυτω παιδευσας ουν αυτον απολυσω
2a171700c7	οι δε επεκειντο φωναις μεγαλαις αιτουμενοι αυτον σταυρωθηναι και κατισχυον αι φωναι αυτων και των αρχιερεων
2a17180057	ο δε πιλατος επεκρινεν γενεσθαι το αιτημα αυτων
2a171900e2	απελυσεν δε αυτοις τον δια στασιν και φονον βεβλημενον εις την φυλακην ον ητουντο τον δε ιησουν παρεδωκεν τω θεληματι αυτων
2a171a00f5	και ως απηγαγον αυτον επιλαβομενοι σιμωνος τινος κυρηναιου του ερχομενου απ αγρου επεθηκαν αυτω τον σταυρον φερειν οπισθεν του ιησου
2a171b00a0	ηκολουθει δε αυτω πολυ πληθος του λαου και γυναικων αι και εκοπτοντο και εθρηνουν αυτον
2a171c00dd	στραφεις δε προς αυτας ο ιησους ειπεν θυγατερες ιερουσαλημ μη κλαιετε επ εμε πλην εφ εαυτας κλαιετε και επι τα τεκνα υμων
2a171d00d3	οτι ιδου ερχονται ημεραι εν αις ερουσιν μακαριαι αι στειραι και κοιλιαι αι ουκ εγεννησαν και μαστοι οι ουκ εθηλασαν
2a171e0090	τοτε αρξονται λεγειν τοις ορεσιν πεσετε εφ ημας και τοις βουνοις καλυψατε ημας
2a171f006a	οτι ει εν τω υγρω ξυλω ταυτα ποιουσιν εν τω ξηρω τι γενηται
2a17200066	ηγοντο δε και ετεροι δυο κακουργοι συν αυτω αναιρεθηναι
2a172100ee	και οτε απηλθον επι τον τοπον τον καλουμενον κρανιον εκει εσταυρωσαν αυτον και τους κακουργους ον μεν εκ δεξιων ον δε εξ αριστερων
2a172200cc	ο δε ιησους ελεγεν πατερ αφες αυτοις ου γαρ οιδασιν τι ποιουσιν διαμεριζομενοι δε τα ιματια αυτου εβαλον κληρον
2a17230117	και ειστηκει ο λαος θεωρων εξεμυκτηριζον δε και οι αρχοντες συν αυτοις λεγοντες αλλους εσωσεν σωσατω εαυτον ει ουτος εστιν ο χριστος ο του θεου εκλεκτος
2a1724008e	ενεπαιζον δε αυτω και οι στρατιωται προσερχομενοι και οξος προσφεροντες αυτω
2a1725006c	και λεγοντες ει συ ει ο βασιλευς των ιουδαιων σωσον σεαυτον
2a172600e2	ην δε και επιγραφη γεγραμμενη επ αυτω γραμμασιν ελληνικοις και ρωμαικοις και εβραικοις ουτος εστιν ο βασιλευς των ιουδαιων
2a172700b4	εις δε των κρεμασθεντων κακουργων εβλασφημει αυτον λεγων ει συ ει ο χριστος σωσον σεαυτον και ημας
2a172800a1	αποκριθεις δε ο ετερος επετιμα αυτω λεγων ουδε φοβη συ τον θεον οτι εν τω αυτω κριματι ει
2a172900a1	και ημεις μεν δικαιως αξια γαρ ων επραξαμεν απολαμβανομεν ουτος δε ουδεν ατοπον επραξεν
2a172a007c	και ελεγεν τω ιησου μνησθητι μου κυριε οταν ελθης εν τη βασιλεια σου
2a172b0086	και ειπεν αυτω ο ιησους αμην λεγω σοι σημερον μετ εμου εση εν τω παραδεισω
2a172c0080	ην δε ωσει ωρα εκτη και σκοτος εγενετο εφ ολην την γην εως ωρας εννατης
2a172d0074	και εσκοτισθη ο ηλιος και εσχισθη το καταπετασμα του ναου μεσον
2a172e00ce	και φωνησας φωνη μεγαλη ο ιησους ειπεν πατερ εις χειρας σου παραθησομαι το πνευμα μου και ταυτα ειπων εξεπνευσεν
2a172f00ab	ιδων δε ο εκατονταρχος το γενομενον εδοξασεν τον θεον λεγων οντως ο ανθρωπος ουτος δικαιος ην
2a173000de	και παντες οι συμπαραγενομενοι οχλοι επι την θεωριαν ταυτην θεωρουντες τα γενομενα τυπτοντες εαυτων τα στηθη υπεστρεφον
2a173100d8	ειστηκεισαν δε παντες οι γνωστοι αυτου μακροθεν και γυναικες αι συνακολουθησασαι αυτω απο της γαλιλαιας ορωσαι ταυτα
2a17320080	και ιδου ανηρ ονοματι ιωσηφ βουλευτης υπαρχων ανηρ αγαθος και δικαιος
2a1733010d	ουτος ουκ ην συγκατατεθειμενος τη βουλη και τη πραξει αυτων απο αριμαθαιας πολεως των ιουδαιων ος και προσεδεχετο και αυτος την βασιλειαν του θεου
2a1734005e	ουτος προσελθων τω πιλατω ητησατο το σωμα του ιησου
2a173500c7	και καθελων αυτο ενετυλιξεν αυτο σινδονι και εθηκεν αυτο εν μνηματι λαξευτω ου ουκ ην ουδεπω ουδεις κειμενος
2a17360054	και ημερα ην παρασκευη και σαββατον επεφωσκεν
2a173700f1	κατακολουθησασαι δε και γυναικες αιτινες ησαν συνεληλυθυιαι αυτω εκ της γαλιλαιας εθεασαντο το μνημειον και ως ετεθη το σωμα αυτου
2a173800a3	υποστρεψασαι δε ητοιμασαν αρωματα και μυρα και το μεν σαββατον ησυχασαν κατα την εντολην
2a180100c0	τη δε μια των σαββατων ορθρου βαθεος ηλθον επι το μνημα φερουσαι α ητοιμασαν αρωματα και τινες συν αυταις
2a1802005f	ευρον δε τον λιθον αποκεκυλισμενον απο του μνημειου
2a1803005c	και εισελθουσαι ουχ ευρον το σωμα του κυριου ιησου
2a180400d0	και εγενετο εν τω διαπορεισθαι αυτας περι τουτου και ιδου δυο ανδρες επεστησαν αυταις εν εσθησεσιν αστραπτουσαις
2a180500d8	εμφοβων δε γενομενων αυτων και κλινουσων το προσωπον εις την γην ειπον προς αυτας τι ζητειτε τον ζωντα μετα των νεκρων
2a18060083	ουκ εστιν ωδε αλλ ηγερθη μνησθητε ως ελαλησεν υμιν ετι ων εν τη γαλιλαια
2a180700e2	λεγων οτι δει τον υιον του ανθρωπου παραδοθηναι εις χειρας ανθρωπων αμαρτωλων και σταυρωθηναι και τη τριτη ημερα αναστηναι
2a1808003c	και εμνησθησαν των ρηματων αυτου
2a180900a9	και υποστρεψασαι απο του μνημειου απηγγειλαν ταυτα παντα τοις ενδεκα και πασιν τοις λοιποις
2a180a00d4	ησαν δε η μαγδαληνη μαρια και ιωαννα και μαρια ιακωβου και αι λοιπαι συν αυταις αι ελεγον προς τους αποστολους ταυτα
2a180b0087	και εφανησαν ενωπιον αυτων ωσει ληρος τα ρηματα αυτων και ηπιστουν αυταις
2a180c00f1	ο δε πετρος αναστας εδραμεν επι το μνημειον και παρακυψας βλεπει τα οθονια κειμενα μονα και απηλθεν προς εαυτον θαυμαζων το γεγονος
2a180d00e4	και ιδου δυο εξ αυτων ησαν πορευομενοι εν αυτη τη ημερα εις κωμην απεχουσαν σταδιους εξηκοντα απο ιερουσαλημ η ονομα εμμαους
2a180e007d	και αυτοι ωμιλουν προς αλληλους περι παντων των συμβεβηκοτων τουτων
2a180f00aa	και εγενετο εν τω ομιλειν αυτους και συζητειν και αυτος ο ιησους εγγισας συνεπορευετο αυτοις
2a18100064	οι δε οφθαλμοι αυτων εκρατουντο του μη επιγνωναι αυτον
2a181100c1	ειπεν δε προς αυτους τινες οι λογοι ουτοι ους αντιβαλλετε προς αλληλους περιπατουντες και εστε σκυθρωποι
2a18120105	αποκριθεις δε ο εις ω ονομα κλεοπας ειπεν προς αυτον συ μονος παροικεις εν ιερουσαλημ και ουκ εγνως τα γενομενα εν αυτη εν ταις ημεραις ταυταις
2a18130118	και ειπεν αυτοις ποια οι δε ειπον αυτω τα περι ιησου του ναζωραιου ος εγενετο ανηρ προφητης δυνατος εν εργω και λογω εναντιον του θεου και παντος του λαου
2a181400b1	οπως τε παρεδωκαν αυτον οι αρχιερεις και οι αρχοντες ημων εις κριμα θανατου και εσταυρωσαν αυτον
2a1815010a	ημεις δε ηλπιζομεν οτι αυτος εστιν ο μελλων λυτρουσθαι τον ισραηλ αλλα γε συν πασιν τουτοις τριτην ταυτην ημεραν αγει σημερον αφ ου ταυτα εγενετο
2a18160094	αλλα και γυναικες τινες εξ ημων εξεστησαν ημας γενομεναι ορθριαι επι το μνημειον
2a181700b3	και μη ευρουσαι το σωμα αυτου ηλθον λεγουσαι και οπτασιαν αγγελων εωρακεναι οι λεγουσιν αυτον ζην
2a181800c6	και απηλθον τινες των συν ημιν επι το μνημειον και ευρον ουτως καθως και αι γυναικες ειπον αυτον δε ουκ ειδον
2a181900c6	και αυτος ειπεν προς αυτους ω ανοητοι και βραδεις τη καρδια του πιστευειν επι πασιν οις ελαλησαν οι προφηται
2a181a007d	ουχι ταυτα εδει παθειν τον χριστον και εισελθειν εις την δοξαν αυτου
2a181b00c9	και αρξαμενος απο μωσεως και απο παντων των προφητων διηρμηνευεν αυτοις εν πασαις ταις γραφαις τα περι εαυτου
2a181c009b	και ηγγισαν εις την κωμην ου επορευοντο και αυτος προσεποιειτο πορρωτερω πορευεσθαι
2a181d00e8	και παρεβιασαντο αυτον λεγοντες μεινον μεθ ημων οτι προς εσπεραν εστιν και κεκλικεν η ημερα και εισηλθεν του μειναι συν αυτοις
2a181e00b7	και εγενετο εν τω κατακλιθηναι αυτον μετ αυτων λαβων τον αρτον ευλογησεν και κλασας επεδιδου αυτοις
2a181f00a3	αυτων δε διηνοιχθησαν οι οφθαλμοι και επεγνωσαν αυτον και αυτος αφαντος εγενετο απ αυτων
2a182000d9	και ειπον προς αλληλους ουχι η καρδια ημων καιομενη ην εν ημιν ως ελαλει ημιν εν τη οδω και ως διηνοιγεν ημιν τας γραφας
2a182100cc	και ανασταντες αυτη τη ωρα υπεστρεψαν εις ιερουσαλημ και ευρον συνηθροισμενους τους ενδεκα και τους συν αυτοις
2a1822005c	λεγοντας οτι ηγερθη ο κυριος οντως και ωφθη σιμωνι
2a1823008b	και αυτοι εξηγουντο τα εν τη οδω και ως εγνωσθη αυτοις εν τη κλασει του αρτου
2a1824009f	ταυτα δε αυτων λαλουντων αυτος ο ιησους εστη εν μεσω αυτων και λεγει αυτοις ειρηνη υμιν
2a1825006d	πτοηθεντες δε και εμφοβοι γενομενοι εδοκουν πνευμα θεωρειν
2a182600b0	και ειπεν αυτοις τι τεταραγμενοι εστε και δια τι διαλογισμοι αναβαινουσιν εν ταις καρδιαις υμων
2a18270106	ιδετε τας χειρας μου και τους ποδας μου οτι αυτος εγω ειμι ψηλαφησατε με και ιδετε οτι πνευμα σαρκα και οστεα ουκ εχει καθως εμε θεωρειτε εχοντα
2a1828006b	και τουτο ειπων επεδειξεν αυτοις τας χειρας και τους ποδας
2a182900aa	ετι δε απιστουντων αυτων απο της χαρας και θαυμαζοντων ειπεν αυτοις εχετε τι βρωσιμον ενθαδε
2a182a0074	οι δε επεδωκαν αυτω ιχθυος οπτου μερος και απο μελισσιου κηριου
2a182b0038	και λαβων ενωπιον αυτων εφαγεν
2a182c0125	ειπεν δε αυτοις ουτοι οι λογοι ους ελαλησα προς υμας ετι ων συν υμιν οτι δει πληρωθηναι παντα τα γεγραμμενα εν τω νομω μωσεως και προφηταις και ψαλμοις περι εμου
2a182d0062	τοτε διηνοιξεν αυτων τον νουν του συνιεναι τας γραφας
2a182e00c8	και ειπεν αυτοις οτι ουτως γεγραπται και ουτως εδει παθειν τον χριστον και αναστηναι εκ νεκρων τη τριτη ημερα
2a182f00c8	και κηρυχθηναι επι τω ονοματι αυτου μετανοιαν και αφεσιν αμαρτιων εις παντα τα εθνη αρξαμενον απο ιερουσαλημ
2a18300036	υμεις δε εστε μαρτυρες τουτων
2a183100f7	και ιδου εγω αποστελλω την επαγγελιαν του πατρος μου εφ υμας υμεις δε καθισατε εν τη πολει ιερουσαλημ εως ου ενδυσησθε δυναμιν εξ υψους
2a1832009b	εξηγαγεν δε αυτους εξω εως εις βηθανιαν και επαρας τας χειρας αυτου ευλογησεν αυτους
2a1833009c	και εγενετο εν τω ευλογειν αυτον αυτους διεστη απ αυτων και ανεφερετο εις τον ουρανον
2a1834008d	και αυτοι προσκυνησαντες αυτον υπεστρεψαν εις ιερουσαλημ μετα χαρας μεγαλης
2a1835007f	και ησαν διαπαντος εν τω ιερω αινουντες και ευλογουντες τον θεον αμην
2b00000017	Κατα Ιωαννην
2b01010076	εν αρχη ην ο λογος και ο λογος ην προς τον θεον και θεος ην ο λογος
2b01020036	ουτος ην εν αρχη προς τον θεον
2b01030075	παντα δι αυτου εγενετο και χωρις αυτου εγενετο ουδε εν ο γεγονεν
2b01040053	εν αυτω ζωη ην και η ζωη ην το φως των ανθρωπων
2b0105006e	και το φως εν τη σκοτια φαινει και η σκοτια αυτο ου κατελαβεν
2b0106006d	εγενετο ανθρωπος απεσταλμενος παρα θεου ονομα αυτω ιωαννης
2b0107009f	ουτος ηλθεν εις μαρτυριαν ινα μαρτυρηση περι του φωτος ινα παντες πιστευσωσιν δι αυτου
2b01080062	ουκ ην εκεινος το φως αλλ ινα μαρτυρηση περι του φωτος
2b01090082	ην το φως το αληθινον ο φωτιζει παντα ανθρωπον ερχομενον εις τον κοσμον
2b010a0081	εν τω κοσμω ην και ο κοσμος δι αυτου εγενετο και ο κοσμος αυτον ουκ εγνω
2b010b0059	εις τα ιδια ηλθεν και οι ιδιοι αυτον ου παρελαβον
2b010c00b7	οσοι δε ελαβον αυτον εδωκεν αυτοις εξουσιαν τεκνα θεου γενεσθαι τοις πιστευουσιν εις το ονομα αυτου
2b010d00a7	οι ουκ εξ αιματων ουδε εκ θεληματος σαρκος ουδε εκ θεληματος ανδρος αλλ εκ θεου εγεννηθησαν
2b010e00fc	και ο λογος σαρξ εγενετο και εσκηνωσεν εν ημιν και εθεασαμεθα την δοξαν αυτου δοξαν ως μονογενους παρα πατρος πληρης χαριτος και αληθειας
2b010f00e7	ιωαννης μαρτυρει περι αυτου και κεκραγεν λεγων ουτος ην ον ειπον ο οπισω μου ερχομενος εμπροσθεν μου γεγονεν οτι πρωτος μου ην
2b01100085	και εκ του πληρωματος αυτου ημεις παντες ελαβομεν και χαριν αντι χαριτος
2b0111008a	οτι ο νομος δια μωσεως εδοθη η χαρις και η αληθεια δια ιησου χριστου εγενετο
2b011200a9	θεον ουδεις εωρακεν πωποτε ο μονογενης υιος ο ων εις τον κολπον του πατρος εκεινος εξηγησατο
2b011300ed	και αυτη εστιν η μαρτυρια του ιωαννου οτε απεστειλαν οι ιουδαιοι εξ ιεροσολυμων ιερεις και λευιτας ινα ερωτησωσιν αυτον συ τις ει
2b01140086	και ωμολογησεν και ουκ ηρνησατο και ωμολογησεν οτι ουκ ειμι εγω ο χριστος
2b011500a0	και ηρωτησαν αυτον τι ουν ηλιας ει συ και λεγει ουκ ειμι ο προφητης ει συ και απεκριθη ου
2b01160098	ειπον ουν αυτω τις ει ινα αποκρισιν δωμεν τοις πεμψασιν ημας τι λεγεις περι σεαυτου
2b0117009f	εφη εγω φωνη βοωντος εν τη ερημω ευθυνατε την οδον κυριου καθως ειπεν ησαιας ο προφητης
2b0118004c	και οι απεσταλμενοι ησαν εκ των φαρισαιων
2b011900b5	και ηρωτησαν αυτον και ειπον αυτω τι ουν βαπτιζεις ει συ ουκ ει ο χριστος ουτε ηλιας ουτε ο προφητης
2b011a00ac	απεκριθη αυτοις ο ιωαννης λεγων εγω βαπτιζω εν υδατι μεσος δε υμων εστηκεν ον υμεις ουκ οιδατε
2b011b00dd	αυτος εστιν ο οπισω μου ερχομενος ος εμπροσθεν μου γεγονεν ου εγω ουκ ειμι αξιος ινα λυσω αυτου τον ιμαντα του υποδηματος
2b011c0080	ταυτα εν βηθαβαρα εγενετο περαν του ιορδανου οπου ην ιωαννης βαπτιζων
2b011d00e0	τη επαυριον βλεπει ο ιωαννης τον ιησουν ερχομενον προς αυτον και λεγει ιδε ο αμνος του θεου ο αιρων την αμαρτιαν του κοσμου
2b011e00ad	ουτος εστιν περι ου εγω ειπον οπισω μου ερχεται ανηρ ος εμπροσθεν μου γεγονεν οτι πρωτος μου ην
2b011f00a0	καγω ουκ ηδειν αυτον αλλ ινα φανερωθη τω ισραηλ δια τουτο ηλθον εγω εν τω υδατι βαπτιζων
2b012000ce	και εμαρτυρησεν ιωαννης λεγων οτι τεθεαμαι το πνευμα καταβαινον ωσει περιστεραν εξ ουρανου και εμεινεν επ αυτον
2b0121012f	καγω ουκ ηδειν αυτον αλλ ο πεμψας με βαπτιζειν εν υδατι εκεινος μοι ειπεν εφ ον αν ιδης το πνευμα καταβαινον και μενον επ αυτον ουτος εστιν ο βαπτιζων εν πνευματι αγιω
2b0122006c	καγω εωρακα και μεμαρτυρηκα οτι ουτος εστιν ο υιος του θεου
2b01230077	τη επαυριον παλιν ειστηκει ο ιωαννης και εκ των μαθητων αυτου δυο
2b01240070	και εμβλεψας τω ιησου περιπατουντι λεγει ιδε ο αμνος του θεου
2b0125007c	και ηκουσαν αυτου οι δυο μαθηται λαλουντος και ηκολουθησαν τω ιησου
2b01260112	στραφεις δε ο ιησους και θεασαμενος αυτους ακολουθουντας λεγει αυτοις τι ζητειτε οι δε ειπον αυτω ραββι ο λεγεται ερμηνευομενον διδασκαλε που μενεις
2b012700d3	λεγει αυτοις ερχεσθε και ιδετε ηλθον και ειδον που μενει και παρ αυτω εμειναν την ημεραν εκεινην ωρα δε ην ως δεκατη
2b012800bc	ην ανδρεας ο αδελφος σιμωνος πετρου εις εκ των δυο των ακουσαντων παρα ιωαννου και ακολουθησαντων αυτω
2b012900e2	ευρισκει ουτος πρωτος τον αδελφον τον ιδιον σιμωνα και λεγει αυτω ευρηκαμεν τον μεσσιαν ο εστιν μεθερμηνευομενον ο χριστος
2b012a00e5	και ηγαγεν αυτον προς τον ιησουν εμβλεψας δε αυτω ο ιησους ειπεν συ ει σιμων ο υιος ιωνα συ κληθηση κηφας ο ερμηνευεται πετρος
2b012b00c6	τη επαυριον ηθελησεν ο ιησους εξελθειν εις την γαλιλαιαν και ευρισκει φιλιππον και λεγει αυτω ακολουθει μοι
2b012c0071	ην δε ο φιλιππος απο βηθσαιδα εκ της πολεως ανδρεου και πετρου
2b012d0121	ευρισκει φιλιππος τον ναθαναηλ και λεγει αυτω ον εγραψεν μωσης εν τω νομω και οι προφηται ευρηκαμεν ιησουν τον υιον του ιωσηφ τον απο {VAR1: ναζαρετ} {VAR2: ναζαρεθ}
2b012e00c8	και ειπεν αυτω ναθαναηλ εκ {VAR1: ναζαρετ} {VAR2: ναζαρεθ} δυναται τι αγαθον ειναι λεγει αυτω φιλιππος ερχου και ιδε
2b012f00cd	ειδεν ο ιησους τον ναθαναηλ ερχομενον προς αυτον και λεγει περι αυτου ιδε αληθως ισραηλιτης εν ω δολος ουκ εστιν
2b013000e8	λεγει αυτω ναθαναηλ ποθεν με γινωσκεις απεκριθη ο ιησους και ειπεν αυτω προ του σε φιλιππον φωνησαι οντα υπο την συκην ειδον σε
2b0131009f	απεκριθη ναθαναηλ και λεγει αυτω ραββι συ ει ο υιος του θεου συ ει ο βασιλευς του ισραηλ
2b013200b6	απεκριθη ιησους και ειπεν αυτω οτι ειπον σοι ειδον σε υποκατω της συκης πιστευεις μειζω τουτων οψει
2b0133011b	και λεγει αυτω αμην αμην λεγω υμιν απ αρτι οψεσθε τον ουρανον ανεωγοτα και τους αγγελους του θεου αναβαινοντας και καταβαινοντας επι τον υιον του ανθρωπου
2b0201009d	και τη ημερα τη τριτη γαμος εγενετο εν κανα της γαλιλαιας και ην η μητηρ του ιησου εκει
2b02020067	εκληθη δε και ο ιησους και οι μαθηται αυτου εις τον γαμον
2b0203008a	και υστερησαντος οινου λεγει η μητηρ του ιησου προς αυτον οινον ουκ εχουσιν
2b0204006d	λεγει αυτη ο ιησους τι εμοι και σοι γυναι ουπω ηκει η ωρα μου
2b0205006f	λεγει η μητηρ αυτου τοις διακονοις ο τι αν λεγη υμιν ποιησατε
2b020600c3	ησαν δε εκει υδριαι λιθιναι εξ κειμεναι κατα τον καθαρισμον των ιουδαιων χωρουσαι ανα μετρητας δυο η τρεις
2b0207008a	λεγει αυτοις ο ιησους γεμισατε τας υδριας υδατος και εγεμισαν αυτας εως ανω
2b02080080	και λεγει αυτοις αντλησατε νυν και φερετε τω αρχιτρικλινω και ηνεγκαν
2b02090126	ως δε εγευσατο ο αρχιτρικλινος το υδωρ οινον γεγενημενον και ουκ ηδει ποθεν εστιν οι δε διακονοι ηδεισαν οι ηντληκοτες το υδωρ φωνει τον νυμφιον ο αρχιτρικλινος
2b020a00f2	και λεγει αυτω πας ανθρωπος πρωτον τον καλον οινον τιθησιν και οταν μεθυσθωσιν τοτε τον ελασσω συ τετηρηκας τον καλον οινον εως αρτι
2b020b0103	ταυτην εποιησεν την αρχην των σημειων ο ιησους εν κανα της γαλιλαιας και εφανερωσεν την δοξαν αυτου και επιστευσαν εις αυτον οι μαθηται αυτου
2b020c00f1	μετα τουτο κατεβη εις καπερναουμ αυτος και η μητηρ αυτου και οι αδελφοι αυτου και οι μαθηται αυτου και εκει εμειναν ου πολλας ημερας
2b020d007c	και εγγυς ην το πασχα των ιουδαιων και ανεβη εις ιεροσολυμα ο ιησους
2b020e00b7	και ευρεν εν τω ιερω τους πωλουντας βοας και προβατα και περιστερας και τους κερματιστας καθημενους
2b020f011f	και ποιησας φραγελλιον εκ σχοινιων παντας εξεβαλεν εκ του ιερου τα τε προβατα και τους βοας και των κολλυβιστων εξεχεεν το κερμα και τας τραπεζας ανεστρεψεν
2b021000cb	και τοις τας περιστερας πωλουσιν ειπεν αρατε ταυτα εντευθεν μη ποιειτε τον οικον του πατρος μου οικον εμποριου
2b021100a0	εμνησθησαν δε οι μαθηται αυτου οτι γεγραμμενον εστιν ο ζηλος του οικου σου κατεφαγεν με
2b0212009d	απεκριθησαν ουν οι ιουδαιοι και ειπον αυτω τι σημειον δεικνυεις ημιν οτι ταυτα ποιεις
2b021300a7	απεκριθη ο ιησους και ειπεν αυτοις λυσατε τον ναον τουτον και εν τρισιν ημεραις εγερω αυτον
2b021400ca	ειπον ουν οι ιουδαιοι τεσσαρακοντα και εξ ετεσιν ωκοδομηθη ο ναος ουτος και συ εν τρισιν ημεραις εγερεις αυτον
2b0215005a	εκεινος δε ελεγεν περι του ναου του σωματος αυτου
2b021600eb	οτε ουν ηγερθη εκ νεκρων εμνησθησαν οι μαθηται αυτου οτι τουτο ελεγεν αυτοις και επιστευσαν τη γραφη και τω λογω ω ειπεν ο ιησους
2b021700dc	ως δε ην εν ιεροσολυμοις εν τω πασχα εν τη εορτη πολλοι επιστευσαν εις το ονομα αυτου θεωρουντες αυτου τα σημεια α εποιει
2b0218008a	αυτος δε ο ιησους ουκ επιστευεν εαυτον αυτοις δια το αυτον γινωσκειν παντας
2b021900b4	και οτι ου χρειαν ειχεν ινα τις μαρτυρηση περι του ανθρωπου αυτος γαρ εγινωσκεν τι ην εν τω ανθρωπω
2b03010083	ην δε ανθρωπος εκ των φαρισαιων νικοδημος ονομα αυτω αρχων των ιουδαιων
2b03020140	ουτος ηλθεν προς τον ιησουν νυκτος και ειπεν αυτω ραββι οιδαμεν οτι απο θεου εληλυθας διδασκαλος ουδεις γαρ ταυτα τα σημεια δυναται ποιειν α συ ποιεις εαν μη η ο θεος μετ αυτου
2b030300d5	απεκριθη ο ιησους και ειπεν αυτω αμην αμην λεγω σοι εαν μη τις γεννηθη ανωθεν ου δυναται ιδειν την βασιλειαν του θεου
2b03040110	λεγει προς αυτον ο νικοδημος πως δυναται ανθρωπος γεννηθηναι γερων ων μη δυναται εις την κοιλιαν της μητρος αυτου δευτερον εισελθειν και γεννηθηναι
2b030500e8	απεκριθη ο ιησους αμην αμην λεγω σοι εαν μη τις γεννηθη εξ υδατος και πνευματος ου δυναται εισελθειν εις την βασιλειαν του θεου
2b030600a6	το γεγεννημενον εκ της σαρκος σαρξ εστιν και το γεγεννημενον εκ του πνευματος πνευμα εστιν
2b03070060	μη θαυμασης οτι ειπον σοι δει υμας γεννηθηναι ανωθεν
2b03080107	το πνευμα οπου θελει πνει και την φωνην αυτου ακουεις αλλ ουκ οιδας ποθεν ερχεται και που υπαγει ουτως εστιν πας ο γεγεννημενος εκ του πνευματος
2b03090070	απεκριθη νικοδημος και ειπεν αυτω πως δυναται ταυτα γενεσθαι
2b030a009b	απεκριθη ο ιησους και ειπεν αυτω συ ει ο διδασκαλος του ισραηλ και ταυτα ου γινωσκεις
2b030b00c1	αμην αμην λεγω σοι οτι ο οιδαμεν λαλουμεν και ο εωρακαμεν μαρτυρουμεν και την μαρτυριαν ημων ου λαμβανετε
2b030c0098	ει τα επιγεια ειπον υμιν και ου πιστευετε πως εαν ειπω υμιν τα επουρανια πιστευσετε
2b030d00bf	και ουδεις αναβεβηκεν εις τον ουρανον ει μη ο εκ του ουρανου καταβας ο υιος του ανθρωπου ο ων εν τω ουρανω
2b030e0099	και καθως μωσης υψωσεν τον οφιν εν τη ερημω ουτως υψωθηναι δει τον υιον του ανθρωπου
2b030f006f	ινα πας ο πιστευων εις αυτον μη αποληται αλλ εχη ζωην αιωνιον
2b031000fb	ουτως γαρ ηγαπησεν ο θεος τον κοσμον ωστε τον υιον αυτου τον μονογενη εδωκεν ινα πας ο πιστευων εις αυτον μη αποληται αλλ εχη ζωην αιωνιον
2b031100bf	ου γαρ απεστειλεν ο θεος τον υιον αυτου εις τον κοσμον ινα κρινη τον κοσμον αλλ ινα σωθη ο κοσμος δι αυτου
2b031200e0	ο πιστευων εις αυτον ου κρινεται ο δε μη πιστευων ηδη κεκριται οτι μη πεπιστευκεν εις το ονομα του μονογενους υιου του θεου
2b031300f5	αυτη δε εστιν η κρισις οτι το φως εληλυθεν εις τον κοσμον και ηγαπησαν οι ανθρωποι μαλλον το σκοτος η το φως ην γαρ πονηρα αυτων τα εργα
2b031400a7	πας γαρ ο φαυλα πρασσων μισει το φως και ουκ ερχεται προς το φως ινα μη ελεγχθη τα εργα αυτου
2b031500b2	ο δε ποιων την αληθειαν ερχεται προς το φως ινα φανερωθη αυτου τα εργα οτι εν θεω εστιν ειργασμενα
2b031600c9	μετα ταυτα ηλθεν ο ιησους και οι μαθηται αυτου εις την ιουδαιαν γην και εκει διετριβεν μετ αυτων και εβαπτιζεν
2b031700c6	ην δε και ιωαννης βαπτιζων εν αινων εγγυς του σαλειμ οτι υδατα πολλα ην εκει και παρεγινοντο και εβαπτιζοντο
2b03180058	ουπω γαρ ην βεβλημενος εις την φυλακην ο ιωαννης
2b03190086	εγενετο ουν ζητησις εκ των μαθητων ιωαννου μετα ιουδαιων περι καθαρισμου
2b031a0110	και ηλθον προς τον ιωαννην και ειπον αυτω ραββι ος ην μετα σου περαν του ιορδανου ω συ μεμαρτυρηκας ιδε ουτος βαπτιζει και παντες ερχονται προς αυτον
2b031b00ba	απεκριθη ιωαννης και ειπεν ου δυναται ανθρωπος λαμβανειν ουδεν εαν μη η δεδομενον αυτω εκ του ουρανου
2b031c00be	αυτοι υμεις μοι μαρτυρειτε οτι ειπον ουκ ειμι εγω ο χριστος αλλ οτι απεσταλμενος ειμι εμπροσθεν εκεινου
2b031d0113	ο εχων την νυμφην νυμφιος εστιν ο δε φιλος του νυμφιου ο εστηκως και ακουων αυτου χαρα χαιρει δια την φωνην του νυμφιου αυτη ουν η χαρα η εμη πεπληρωται
2b031e0049	εκεινον δει αυξανειν εμε δε ελαττουσθαι
2b031f00f7	ο ανωθεν ερχομενος επανω παντων εστιν ο ων εκ της γης εκ της γης εστιν και εκ της γης λαλει ο εκ του ουρανου ερχομενος επανω παντων εστιν
2b03200094	και ο εωρακεν και ηκουσεν τουτο μαρτυρει και την μαρτυριαν αυτου ουδεις λαμβανει
2b03210072	ο λαβων αυτου την μαρτυριαν εσφραγισεν οτι ο θεος αληθης εστιν
2b032200a4	ον γαρ απεστειλεν ο θεος τα ρηματα του θεου λαλει ου γαρ εκ μετρου διδωσιν ο θεος το πνευμα
2b03230069	ο πατηρ αγαπα τον υιον και παντα δεδωκεν εν τη χειρι αυτου
2b032400c9	ο πιστευων εις τον υιον εχει ζωην αιωνιον ο δε απειθων τω υιω ουκ οψεται ζωην αλλ η οργη του θεου μενει επ αυτον
2b040100bb	ως ουν εγνω ο κυριος οτι ηκουσαν οι φαρισαιοι οτι ιησους πλειονας μαθητας ποιει και βαπτιζει η ιωαννης
2b04020068	καιτοιγε ιησους αυτος ουκ εβαπτιζεν αλλ οι μαθηται αυτου
2b04030066	αφηκεν την ιουδαιαν και απηλθεν παλιν εις την γαλιλαιαν
2b0404004e	εδει δε αυτον διερχεσθαι δια της σαμαρειας
2b040500bf	ερχεται ουν εις πολιν της σαμαρειας λεγομενην συχαρ πλησιον του χωριου ο εδωκεν ιακωβ ιωσηφ τω υιω αυτου
2b040600cb	ην δε εκει πηγη του ιακωβ ο ουν ιησους κεκοπιακως εκ της οδοιποριας εκαθεζετο ουτως επι τη πηγη ωρα ην ωσει εκτη
2b0407008d	ερχεται γυνη εκ της σαμαρειας αντλησαι υδωρ λεγει αυτη ο ιησους δος μοι πιειν
2b04080082	οι γαρ μαθηται αυτου απεληλυθεισαν εις την πολιν ινα τροφας αγορασωσιν
2b04090106	λεγει ουν αυτω η γυνη η σαμαρειτις πως συ ιουδαιος ων παρ εμου πιειν αιτεις ουσης γυναικος σαμαρειτιδος ου γαρ συγχρωνται ιουδαιοι σαμαρειταις
2b040a0105	απεκριθη ιησους και ειπεν αυτη ει ηδεις την δωρεαν του θεου και τις εστιν ο λεγων σοι δος μοι πιειν συ αν ητησας αυτον και εδωκεν αν σοι υδωρ ζων
2b040b00af	λεγει αυτω η γυνη κυριε ουτε αντλημα εχεις και το φρεαρ εστιν βαθυ ποθεν ουν εχεις το υδωρ το ζων
2b040c00e3	μη συ μειζων ει του πατρος ημων ιακωβ ος εδωκεν ημιν το φρεαρ και αυτος εξ αυτου επιεν και οι υιοι αυτου και τα θρεμματα αυτου
2b040d0090	απεκριθη ο ιησους και ειπεν αυτη πας ο πινων εκ του υδατος τουτου διψησει παλιν
2b040e010f	ος δ αν πιη εκ του υδατος ου εγω δωσω αυτω ου μη διψηση εις τον αιωνα αλλα το υδωρ ο δωσω αυτω γενησεται εν αυτω πηγη υδατος αλλομενου εις ζωην αιωνιον
2b040f00a5	λεγει προς αυτον η γυνη κυριε δος μοι τουτο το υδωρ ινα μη διψω μηδε ερχωμαι ενθαδε αντλειν
2b04100073	λεγει αυτη ο ιησους υπαγε φωνησον τον ανδρα σου και ελθε ενθαδε
2b041100a1	απεκριθη η γυνη και ειπεν ουκ εχω ανδρα λεγει αυτη ο ιησους καλως ειπας οτι ανδρα ουκ εχω
2b04120090	πεντε γαρ ανδρας εσχες και νυν ον εχεις ουκ εστιν σου ανηρ τουτο αληθες ειρηκας
2b04130057	λεγει αυτω η γυνη κυριε θεωρω οτι προφητης ει συ
2b041400d5	οι πατερες ημων εν τουτω τω ορει προσεκυνησαν και υμεις λεγετε οτι εν ιεροσολυμοις εστιν ο τοπος οπου δει προσκυνειν
2b041500e3	λεγει αυτη ο ιησους γυναι πιστευσον μοι οτι ερχεται ωρα οτε ουτε εν τω ορει τουτω ουτε εν ιεροσολυμοις προσκυνησετε τω πατρι
2b041600af	υμεις προσκυνειτε ο ουκ οιδατε ημεις προσκυνουμεν ο οιδαμεν οτι η σωτηρια εκ των ιουδαιων εστιν
2b0417012b	αλλ ερχεται ωρα και νυν εστιν οτε οι αληθινοι προσκυνηται προσκυνησουσιν τω πατρι εν πνευματι και αληθεια και γαρ ο πατηρ τοιουτους ζητει τους προσκυνουντας αυτον
2b04180096	πνευμα ο θεος και τους προσκυνουντας αυτον εν πνευματι και αληθεια δει προσκυνειν
2b041900ba	λεγει αυτω η γυνη οιδα οτι μεσσιας ερχεται ο λεγομενος χριστος οταν ελθη εκεινος αναγγελει ημιν παντα
2b041a0048	λεγει αυτη ο ιησους εγω ειμι ο λαλων σοι
2b041b00e8	και επι τουτω ηλθον οι μαθηται αυτου και εθαυμασαν οτι μετα γυναικος ελαλει ουδεις μεντοι ειπεν τι ζητεις η τι λαλεις μετ αυτης
2b041c009b	αφηκεν ουν την υδριαν αυτης η γυνη και απηλθεν εις την πολιν και λεγει τοις ανθρωποις
2b041d008f	δευτε ιδετε ανθρωπον ος ειπεν μοι παντα οσα εποιησα μητι ουτος εστιν ο χριστος
2b041e0058	εξηλθον ουν εκ της πολεως και ηρχοντο προς αυτον
2b041f006c	εν δε τω μεταξυ ηρωτων αυτον οι μαθηται λεγοντες ραββι φαγε
2b0420006b	ο δε ειπεν αυτοις εγω βρωσιν εχω φαγειν ην υμεις ουκ οιδατε
2b04210072	ελεγον ουν οι μαθηται προς αλληλους μη τις ηνεγκεν αυτω φαγειν
2b042200ba	λεγει αυτοις ο ιησους εμον βρωμα εστιν ινα ποιω το θελημα του πεμψαντος με και τελειωσω αυτου το εργον
2b0423012f	ουχ υμεις λεγετε οτι ετι τετραμηνον εστιν και ο θερισμος ερχεται ιδου λεγω υμιν επαρατε τους οφθαλμους υμων και θεασασθε τας χωρας οτι λευκαι εισιν προς θερισμον ηδη
2b042400c5	και ο θεριζων μισθον λαμβανει και συναγει καρπον εις ζωην αιωνιον ινα και ο σπειρων ομου χαιρη και ο θεριζων
2b0425009e	εν γαρ τουτω ο λογος εστιν {VAR1: ο} αληθινος οτι αλλος εστιν ο σπειρων και αλλος ο θεριζων
2b042600d2	εγω απεστειλα υμας θεριζειν ο ουχ υμεις κεκοπιακατε αλλοι κεκοπιακασιν και υμεις εις τον κοπον αυτων εισεληλυθατε
2b042700fe	εκ δε της πολεως εκεινης πολλοι επιστευσαν εις αυτον των σαμαρειτων δια τον λογον της γυναικος μαρτυρουσης οτι ειπεν μοι παντα οσα εποιησα
2b042800b0	ως ουν ηλθον προς αυτον οι σαμαρειται ηρωτων αυτον μειναι παρ αυτοις και εμεινεν εκει δυο ημερας
2b04290059	και πολλω πλειους επιστευσαν δια τον λογον αυτου
2b042a0109	τη τε γυναικι ελεγον οτι ουκετι δια την σην λαλιαν πιστευομεν αυτοι γαρ ακηκοαμεν και οιδαμεν οτι ουτος εστιν αληθως ο σωτηρ του κοσμου ο χριστος
2b042b007d	μετα δε τας δυο ημερας εξηλθεν εκειθεν και απηλθεν εις την γαλιλαιαν
2b042c008d	αυτος γαρ ο ιησους εμαρτυρησεν οτι προφητης εν τη ιδια πατριδι τιμην ουκ εχει
2b042d0111	οτε ουν ηλθεν εις την γαλιλαιαν εδεξαντο αυτον οι γαλιλαιοι παντα εωρακοτες α εποιησεν εν ιεροσολυμοις εν τη εορτη και αυτοι γαρ ηλθον εις την εορτην
2b042e00f0	ηλθεν ουν ο ιησους παλιν εις την κανα της γαλιλαιας οπου εποιησεν το υδωρ οινον και ην τις βασιλικος ου ο υιος ησθενει εν καπερναουμ
2b042f0126	ουτος ακουσας οτι ιησους ηκει εκ της ιουδαιας εις την γαλιλαιαν απηλθεν προς αυτον και ηρωτα αυτον ινα καταβη και ιασηται αυτου τον υιον ημελλεν γαρ αποθνησκειν
2b0430008c	ειπεν ουν ο ιησους προς αυτον εαν μη σημεια και τερατα ιδητε ου μη πιστευσητε
2b04310087	λεγει προς αυτον ο βασιλικος κυριε καταβηθι πριν αποθανειν το παιδιον μου
2b043200c6	λεγει αυτω ο ιησους πορευου ο υιος σου ζη και επιστευσεν ο ανθρωπος τω λογω ω ειπεν αυτω ιησους και επορευετο
2b043300b6	ηδη δε αυτου καταβαινοντος οι δουλοι αυτου απηντησαν αυτω και απηγγειλαν λεγοντες οτι ο παις σου ζη
2b043400cc	επυθετο ουν παρ αυτων την ωραν εν η κομψοτερον εσχεν και ειπον αυτω οτι χθες ωραν εβδομην αφηκεν αυτον ο πυρετος
2b043500db	εγνω ουν ο πατηρ οτι εν εκεινη τη ωρα εν η ειπεν αυτω ο ιησους οτι ο υιος σου ζη και επιστευσεν αυτος και η οικια αυτου ολη
2b0436009f	τουτο παλιν δευτερον σημειον εποιησεν ο ιησους ελθων εκ της ιουδαιας εις την γαλιλαιαν
2b05010079	μετα ταυτα ην εορτη των ιουδαιων και ανεβη ο ιησους εις ιεροσολυμα
2b050200c7	εστιν δε εν τοις ιεροσολυμοις επι τη προβατικη κολυμβηθρα η επιλεγομενη εβραιστι βηθεσδα πεντε στοας εχουσα
2b050300be	εν ταυταις κατεκειτο πληθος πολυ των ασθενουντων τυφλων χωλων ξηρων εκδεχομενων την του υδατος κινησιν
2b0504012a	αγγελος γαρ κατα καιρον κατεβαινεν εν τη κολυμβηθρα και εταρασσεν το υδωρ ο ουν πρωτος εμβας μετα την ταραχην του υδατος υγιης εγινετο ω δηποτε κατειχετο νοσηματι
2b050500a3	ην δε τις ανθρωπος εκει {VAR1: τριακονταοκτω} {VAR2: τριακοντα και οκτω} ετη εχων εν τη ασθενεια
2b050600bc	τουτον ιδων ο ιησους κατακειμενον και γνους οτι πολυν ηδη χρονον εχει λεγει αυτω θελεις υγιης γενεσθαι
2b0507010a	απεκριθη αυτω ο ασθενων κυριε ανθρωπον ουκ εχω ινα οταν ταραχθη το υδωρ βαλλη με εις την κολυμβηθραν εν ω δε ερχομαι εγω αλλος προ εμου καταβαινει
2b05080076	λεγει αυτω ο ιησους εγειραι αρον τον κραββατον σου και περιπατει
2b050900cf	και ευθεως εγενετο υγιης ο ανθρωπος και ηρεν τον κραββατον αυτου και περιεπατει ην δε σαββατον εν εκεινη τη ημερα
2b050a00a5	ελεγον ουν οι ιουδαιοι τω τεθεραπευμενω σαββατον εστιν ουκ εξεστιν σοι αραι τον κραββατον
2b050b00a2	απεκριθη αυτοις ο ποιησας με υγιη εκεινος μοι ειπεν αρον τον κραββατον σου και περιπατει
2b050c00a1	ηρωτησαν ουν αυτον τις εστιν ο ανθρωπος ο ειπων σοι αρον τον κραββατον σου και περιπατει
2b050d0089	ο δε ιαθεις ουκ ηδει τις εστιν ο γαρ ιησους εξενευσεν οχλου οντος εν τω τοπω
2b050e00e0	μετα ταυτα ευρισκει αυτον ο ιησους εν τω ιερω και ειπεν αυτω ιδε υγιης γεγονας μηκετι αμαρτανε ινα μη χειρον τι σοι γενηται
2b050f009f	απηλθεν ο ανθρωπος και ανηγγειλεν τοις ιουδαιοις οτι ιησους εστιν ο ποιησας αυτον υγιη
2b051000ba	και δια τουτο εδιωκον τον ιησουν οι ιουδαιοι και εζητουν αυτον αποκτειναι οτι ταυτα εποιει εν σαββατω
2b0511008a	ο δε ιησους απεκρινατο αυτοις ο πατηρ μου εως αρτι εργαζεται καγω εργαζομαι
2b05120114	δια τουτο ουν μαλλον εζητουν αυτον οι ιουδαιοι αποκτειναι οτι ου μονον ελυεν το σαββατον αλλα και πατερα ιδιον ελεγεν τον θεον ισον εαυτον ποιων τω θεω
2b05130156	απεκρινατο ουν ο ιησους και ειπεν αυτοις αμην αμην λεγω υμιν ου δυναται ο υιος ποιειν αφ εαυτου ουδεν εαν μη τι βλεπη τον πατερα ποιουντα α γαρ αν εκεινος ποιη ταυτα και ο υιος ομοιως ποιει
2b051400dd	ο γαρ πατηρ φιλει τον υιον και παντα δεικνυσιν αυτω α αυτος ποιει και μειζονα τουτων δειξει αυτω εργα ινα υμεις θαυμαζητε
2b0515009f	ωσπερ γαρ ο πατηρ εγειρει τους νεκρους και ζωοποιει ουτως και ο υιος ους θελει ζωοποιει
2b0516007a	ουδε γαρ ο πατηρ κρινει ουδενα αλλα την κρισιν πασαν δεδωκεν τω υιω
2b051700c8	ινα παντες τιμωσιν τον υιον καθως τιμωσιν τον πατερα ο μη τιμων τον υιον ου τιμα τον πατερα τον πεμψαντα αυτον
2b0518012a	αμην αμην λεγω υμιν οτι ο τον λογον μου ακουων και πιστευων τω πεμψαντι με εχει ζωην αιωνιον και εις κρισιν ουκ ερχεται αλλα μεταβεβηκεν εκ του θανατου εις την ζωην
2b051900eb	αμην αμην λεγω υμιν οτι ερχεται ωρα και νυν εστιν οτε οι νεκροι ακουσονται της φωνης του υιου του θεου και οι ακουσαντες ζησονται
2b051a0090	ωσπερ γαρ ο πατηρ εχει ζωην εν εαυτω ουτως εδωκεν και τω υιω ζωην εχειν εν εαυτω
2b051b007a	και εξουσιαν εδωκεν αυτω και κρισιν ποιειν οτι υιος ανθρωπου εστιν
2b051c00ac	μη θαυμαζετε τουτο οτι ερχεται ωρα εν η παντες οι εν τοις μνημειοις ακουσονται της φωνης αυτου
2b051d00c4	και εκπορευσονται οι τα αγαθα ποιησαντες εις αναστασιν ζωης οι δε τα φαυλα πραξαντες εις αναστασιν κρισεως
2b051e011c	ου δυναμαι εγω ποιειν απ εμαυτου ουδεν καθως ακουω κρινω και η κρισις η εμη δικαια εστιν οτι ου ζητω το θελημα το εμον αλλα το θελημα του πεμψαντος με πατρος
2b051f006e	εαν εγω μαρτυρω περι εμαυτου η μαρτυρια μου ουκ εστιν αληθης
2b052000a6	αλλος εστιν ο μαρτυρων περι εμου και οιδα οτι αληθης εστιν η μαρτυρια ην μαρτυρει περι εμου
2b0521006d	υμεις απεσταλκατε προς ιωαννην και μεμαρτυρηκεν τη αληθεια
2b0522008f	εγω δε ου παρα ανθρωπου την μαρτυριαν λαμβανω αλλα ταυτα λεγω ινα υμεις σωθητε
2b052300bb	εκεινος ην ο λυχνος ο καιομενος και φαινων υμεις δε ηθελησατε αγαλλιασθηναι προς ωραν εν τω φωτι αυτου
2b05240124	εγω δε εχω την μαρτυριαν μειζω του ιωαννου τα γαρ εργα α εδωκεν μοι ο πατηρ ινα τελειωσω αυτα αυτα τα εργα α εγω ποιω μαρτυρει περι εμου οτι ο πατηρ με απεσταλκεν
2b052500c9	και ο πεμψας με πατηρ αυτος μεμαρτυρηκεν περι εμου ουτε φωνην αυτου ακηκοατε πωποτε ουτε ειδος αυτου εωρακατε
2b052600b0	και τον λογον αυτου ουκ εχετε μενοντα εν υμιν οτι ον απεστειλεν εκεινος τουτω υμεις ου πιστευετε
2b052700c9	ερευνατε τας γραφας οτι υμεις δοκειτε εν αυταις ζωην αιωνιον εχειν και εκειναι εισιν αι μαρτυρουσαι περι εμου
2b0528004e	και ου θελετε ελθειν προς με ινα ζωην εχητε
2b05290038	δοξαν παρα ανθρωπων ου λαμβανω
2b052a006d	αλλ εγνωκα υμας οτι την αγαπην του θεου ουκ εχετε εν εαυτοις
2b052b00cd	εγω εληλυθα εν τω ονοματι του πατρος μου και ου λαμβανετε με εαν αλλος ελθη εν τω ονοματι τω ιδιω εκεινον ληψεσθε
2b052c00c5	πως δυνασθε υμεις πιστευσαι δοξαν παρα αλληλων λαμβανοντες και την δοξαν την παρα του μονου θεου ου ζητειτε
2b052d00b9	μη δοκειτε οτι εγω κατηγορησω υμων προς τον πατερα εστιν ο κατηγορων υμων μωσης εις ον υμεις ηλπικατε
2b052e0083	ει γαρ επιστευετε μωση επιστευετε αν εμοι περι γαρ εμου εκεινος εγραψεν
2b052f008b	ει δε τοις εκεινου γραμμασιν ου πιστευετε πως τοις εμοις ρημασιν πιστευσετε
2b0601008b	μετα ταυτα απηλθεν ο ιησους περαν της θαλασσης της γαλιλαιας της τιβεριαδος
2b0602009c	και ηκολουθει αυτω οχλος πολυς οτι εωρων αυτου τα σημεια α εποιει επι των ασθενουντων
2b06030081	ανηλθεν δε εις το ορος ο ιησους και εκει εκαθητο μετα των μαθητων αυτου
2b0604004a	ην δε εγγυς το πασχα η εορτη των ιουδαιων
2b06050115	επαρας ουν ο ιησους τους οφθαλμους και θεασαμενος οτι πολυς οχλος ερχεται προς αυτον λεγει προς τον φιλιππον ποθεν αγορασομεν αρτους ινα φαγωσιν ουτοι
2b06060074	τουτο δε ελεγεν πειραζων αυτον αυτος γαρ ηδει τι εμελλεν ποιειν
2b060700b8	απεκριθη αυτω φιλιππος διακοσιων δηναριων αρτοι ουκ αρκουσιν αυτοις ινα εκαστος αυτων βραχυ τι λαβη
2b0608007d	λεγει αυτω εις εκ των μαθητων αυτου ανδρεας ο αδελφος σιμωνος πετρου
2b060900b9	εστιν παιδαριον εν ωδε ο εχει πεντε αρτους κριθινους και δυο οψαρια αλλα ταυτα τι εστιν εις τοσουτους
2b060a00fa	ειπεν δε ο ιησους ποιησατε τους ανθρωπους αναπεσειν ην δε χορτος πολυς εν τω τοπω ανεπεσον ουν οι ανδρες τον αριθμον ωσει πεντακισχιλιοι
2b060b0102	ελαβεν δε τους αρτους ο ιησους και ευχαριστησας διεδωκεν τοις μαθηταις οι δε μαθηται τοις ανακειμενοις ομοιως και εκ των οψαριων οσον ηθελον
2b060c00ba	ως δε ενεπλησθησαν λεγει τοις μαθηταις αυτου συναγαγετε τα περισσευσαντα κλασματα ινα μη τι αποληται
2b060d00d6	συνηγαγον ουν και εγεμισαν δωδεκα κοφινους κλασματων εκ των πεντε αρτων των κριθινων α επερισσευσεν τοις βεβρωκοσιν
2b060e00da	οι ουν ανθρωποι ιδοντες ο εποιησεν σημειον ο ιησους ελεγον οτι ουτος εστιν αληθως ο προφητης ο ερχομενος εις τον κοσμον
2b060f00eb	ιησους ουν γνους οτι μελλουσιν ερχεσθαι και αρπαζειν αυτον ινα ποιησωσιν αυτον βασιλεα ανεχωρησεν παλιν εις το ορος αυτος μονος
2b06100072	ως δε οψια εγενετο κατεβησαν οι μαθηται αυτου επι την θαλασσαν
2b061100ef	και εμβαντες εις το πλοιον ηρχοντο περαν της θαλασσης εις καπερναουμ και σκοτια ηδη εγεγονει και ουκ εληλυθει προς αυτους ο ιησους
2b06120058	η τε θαλασσα ανεμου μεγαλου πνεοντος διηγειρετο
2b06130112	εληλακοτες ουν ως σταδιους εικοσιπεντε η τριακοντα θεωρουσιν τον ιησουν περιπατουντα επι της θαλασσης και εγγυς του πλοιου γινομενον και εφοβηθησαν
2b06140045	ο δε λεγει αυτοις εγω ειμι μη φοβεισθε
2b061500a7	ηθελον ουν λαβειν αυτον εις το πλοιον και ευθεως το πλοιον εγενετο επι της γης εις ην υπηγον
2b061601af	τη επαυριον ο οχλος ο εστηκως περαν της θαλασσης ιδων οτι πλοιαριον αλλο ουκ ην εκει ει μη εν εκεινο εις ο ενεβησαν οι μαθηται αυτου και οτι ου συνεισηλθεν τοις μαθηταις αυτου ο ιησους εις το πλοιαριον αλλα μονοι οι μαθηται αυτου απηλθον
2b061700bb	αλλα δε ηλθεν πλοιαρια εκ τιβεριαδος εγγυς του τοπου οπου εφαγον τον αρτον ευχαριστησαντος του κυριου
2b0618010c	οτε ουν ειδεν ο οχλος οτι ιησους ουκ εστιν εκει ουδε οι μαθηται αυτου ενεβησαν και αυτοι εις τα πλοια και ηλθον εις καπερναουμ ζητουντες τον ιησουν
2b06190083	και ευροντες αυτον περαν της θαλασσης ειπον αυτω ραββι ποτε ωδε γεγονας
2b061a00f1	απεκριθη αυτοις ο ιησους και ειπεν αμην αμην λεγω υμιν ζητειτε με ουχ οτι ειδετε σημεια αλλ οτι εφαγετε εκ των αρτων και εχορτασθητε
2b061b011d	εργαζεσθε μη την βρωσιν την απολλυμενην αλλα την βρωσιν την μενουσαν εις ζωην αιωνιον ην ο υιος του ανθρωπου υμιν δωσει τουτον γαρ ο πατηρ εσφραγισεν ο θεος
2b061c0094	ειπον ουν προς αυτον τι {VAR1: ποιουμεν} {VAR2: ποιωμεν} ινα εργαζωμεθα τα εργα του θεου
2b061d00c1	απεκριθη ο ιησους και ειπεν αυτοις τουτο εστιν το εργον του θεου ινα πιστευσητε εις ον απεστειλεν εκεινος
2b061e0092	ειπον ουν αυτω τι ουν ποιεις συ σημειον ινα ιδωμεν και πιστευσωμεν σοι τι εργαζη
2b061f00c8	οι πατερες ημων το μαννα εφαγον εν τη ερημω καθως εστιν γεγραμμενον αρτον εκ του ουρανου εδωκεν αυτοις φαγειν
2b06200120	ειπεν ουν αυτοις ο ιησους αμην αμην λεγω υμιν ου μωσης δεδωκεν υμιν τον αρτον εκ του ουρανου αλλ ο πατηρ μου διδωσιν υμιν τον αρτον εκ του ουρανου τον αληθινον
2b0621008f	ο γαρ αρτος του θεου εστιν ο καταβαινων εκ του ουρανου και ζωην διδους τω κοσμω
2b0622006e	ειπον ουν προς αυτον κυριε παντοτε δος ημιν τον αρτον τουτον
2b062300e4	ειπεν δε αυτοις ο ιησους εγω ειμι ο αρτος της ζωης ο ερχομενος προς με ου μη πειναση και ο πιστευων εις εμε ου μη διψηση πωποτε
2b0624005d	αλλ ειπον υμιν οτι και εωρακατε με και ου πιστευετε
2b06250093	παν ο διδωσιν μοι ο πατηρ προς εμε ηξει και τον ερχομενον προς με ου μη εκβαλω εξω
2b062600a7	οτι καταβεβηκα εκ του ουρανου ουχ ινα ποιω το θελημα το εμον αλλα το θελημα του πεμψαντος με
2b062700e8	τουτο δε εστιν το θελημα του πεμψαντος με πατρος ινα παν ο δεδωκεν μοι μη απολεσω εξ αυτου αλλα αναστησω αυτο εν τη εσχατη ημερα
2b06280109	τουτο δε εστιν το θελημα του πεμψαντος με ινα πας ο θεωρων τον υιον και πιστευων εις αυτον εχη ζωην αιωνιον και αναστησω αυτον εγω τη εσχατη ημερα
2b062900a0	εγογγυζον ουν οι ιουδαιοι περι αυτου οτι ειπεν εγω ειμι ο αρτος ο καταβας εκ του ουρανου
2b062a00fd	και ελεγον ουχ ουτος εστιν ιησους ο υιος ιωσηφ ου ημεις οιδαμεν τον πατερα και την μητερα πως ουν λεγει ουτος οτι εκ του ουρανου καταβεβηκα
2b062b0074	απεκριθη ουν ο ιησους και ειπεν αυτοις μη γογγυζετε μετ αλληλων
2b062c00c4	ουδεις δυναται ελθειν προς με εαν μη ο πατηρ ο πεμψας με ελκυση αυτον και εγω αναστησω αυτον τη εσχατη ημερα
2b062d00f2	εστιν γεγραμμενον εν τοις προφηταις και εσονται παντες διδακτοι του θεου πας ουν ο ακουσας παρα του πατρος και μαθων ερχεται προς με
2b062e0090	ουχ οτι τον πατερα τις εωρακεν ει μη ο ων παρα του θεου ουτος εωρακεν τον πατερα
2b062f0066	αμην αμην λεγω υμιν ο πιστευων εις εμε εχει ζωην αιωνιον
2b0630002d	εγω ειμι ο αρτος της ζωης
2b06310066	οι πατερες υμων εφαγον το μαννα εν τη ερημω και απεθανον
2b06320098	ουτος εστιν ο αρτος ο εκ του ουρανου καταβαινων ινα τις εξ αυτου φαγη και μη αποθανη
2b06330146	εγω ειμι ο αρτος ο ζων ο εκ του ουρανου καταβας εαν τις φαγη εκ τουτου του αρτου ζησεται εις τον αιωνα και ο αρτος δε ον εγω δωσω η σαρξ μου εστιν ην εγω δωσω υπερ της του κοσμου ζωης
2b063400ae	εμαχοντο ουν προς αλληλους οι ιουδαιοι λεγοντες πως δυναται ουτος ημιν δουναι την σαρκα φαγειν
2b063500ff	ειπεν ουν αυτοις ο ιησους αμην αμην λεγω υμιν εαν μη φαγητε την σαρκα του υιου του ανθρωπου και πιητε αυτου το αιμα ουκ εχετε ζωην εν εαυτοις
2b063600b7	ο τρωγων μου την σαρκα και πινων μου το αιμα εχει ζωην αιωνιον και εγω αναστησω αυτον τη εσχατη ημερα
2b0637007d	η γαρ σαρξ μου αληθως εστιν βρωσις και το αιμα μου αληθως εστιν ποσις
2b0638007f	ο τρωγων μου την σαρκα και πινων μου το αιμα εν εμοι μενει καγω εν αυτω
2b063900aa	καθως απεστειλεν με ο ζων πατηρ καγω ζω δια τον πατερα και ο τρωγων με κακεινος ζησεται δι εμε
2b063a0109	ουτος εστιν ο αρτος ο εκ του ουρανου καταβας ου καθως εφαγον οι πατερες υμων το μαννα και απεθανον ο τρωγων τουτον τον αρτον ζησεται εις τον αιωνα
2b063b0056	ταυτα ειπεν εν συναγωγη διδασκων εν καπερναουμ
2b063c00bc	πολλοι ουν ακουσαντες εκ των μαθητων αυτου ειπον σκληρος εστιν ουτος ο λογος τις δυναται αυτου ακουειν
2b063d00c5	ειδως δε ο ιησους εν εαυτω οτι γογγυζουσιν περι τουτου οι μαθηται αυτου ειπεν αυτοις τουτο υμας σκανδαλιζει
2b063e007f	εαν ουν θεωρητε τον υιον του ανθρωπου αναβαινοντα οπου ην το προτερον
2b063f00be	το πνευμα εστιν το ζωοποιουν η σαρξ ουκ ωφελει ουδεν τα ρηματα α εγω λαλω υμιν πνευμα εστιν και ζωη εστιν
2b064000ec	αλλ εισιν εξ υμων τινες οι ου πιστευουσιν ηδει γαρ εξ αρχης ο ιησους τινες εισιν οι μη πιστευοντες και τις εστιν ο παραδωσων αυτον
2b064100c4	και ελεγεν δια τουτο ειρηκα υμιν οτι ουδεις δυναται ελθειν προς με εαν μη η δεδομενον αυτω εκ του πατρος μου
2b064200a2	εκ τουτου πολλοι απηλθον των μαθητων αυτου εις τα οπισω και ουκετι μετ αυτου περιεπατουν
2b0643006a	ειπεν ουν ο ιησους τοις δωδεκα μη και υμεις θελετε υπαγειν
2b0644009e	απεκριθη ουν αυτω σιμων πετρος κυριε προς τινα απελευσομεθα ρηματα ζωης αιωνιου εχεις
2b06450099	και ημεις πεπιστευκαμεν και εγνωκαμεν οτι συ ει ο χριστος ο υιος του θεου του ζωντος
2b064600a7	απεκριθη αυτοις ο ιησους ουκ εγω υμας τους δωδεκα εξελεξαμην και εξ υμων εις διαβολος εστιν
2b064700b1	ελεγεν δε τον ιουδαν σιμωνος ισκαριωτην ουτος γαρ ημελλεν αυτον παραδιδοναι εις ων εκ των δωδεκα
2b070100ed	και περιεπατει ο ιησους μετα ταυτα εν τη γαλιλαια ου γαρ ηθελεν εν τη ιουδαια περιπατειν οτι εζητουν αυτον οι ιουδαιοι αποκτειναι
2b07020052	ην δε εγγυς η εορτη των ιουδαιων η σκηνοπηγια
2b070300fa	ειπον ουν προς αυτον οι αδελφοι αυτου μεταβηθι εντευθεν και υπαγε εις την ιουδαιαν ινα και οι μαθηται σου θεωρησωσιν τα εργα σου α ποιεις
2b070400c2	ουδεις γαρ εν κρυπτω τι ποιει και ζητει αυτος εν παρρησια ειναι ει ταυτα ποιεις φανερωσον σεαυτον τω κοσμω
2b07050053	ουδε γαρ οι αδελφοι αυτου επιστευον εις αυτον
2b070600b6	λεγει ουν αυτοις ο ιησους ο καιρος ο εμος ουπω παρεστιν ο δε καιρος ο υμετερος παντοτε εστιν ετοιμος
2b070700b9	ου δυναται ο κοσμος μισειν υμας εμε δε μισει οτι εγω μαρτυρω περι αυτου οτι τα εργα αυτου πονηρα εστιν
2b070800cb	υμεις αναβητε εις την εορτην ταυτην εγω ουπω αναβαινω εις την εορτην ταυτην οτι ο καιρος ο εμος ουπω πεπληρωται
2b07090051	ταυτα δε ειπων αυτοις εμεινεν εν τη γαλιλαια
2b070a00ac	ως δε ανεβησαν οι αδελφοι αυτου τοτε και αυτος ανεβη εις την εορτην ου φανερως αλλ ως εν κρυπτω
2b070b0080	οι ουν ιουδαιοι εζητουν αυτον εν τη εορτη και ελεγον που εστιν εκεινος
2b070c00d8	και γογγυσμος πολυς περι αυτου ην εν τοις οχλοις οι μεν ελεγον οτι αγαθος εστιν αλλοι δε ελεγον ου αλλα πλανα τον οχλον
2b070d007c	ουδεις μεντοι παρρησια ελαλει περι αυτου δια τον φοβον των ιουδαιων
2b070e007c	ηδη δε της εορτης μεσουσης ανεβη ο ιησους εις το ιερον και εδιδασκεν
2b070f0086	και εθαυμαζον οι ιουδαιοι λεγοντες πως ουτος γραμματα οιδεν μη μεμαθηκως
2b07100097	απεκριθη αυτοις ο ιησους και ειπεν η εμη διδαχη ουκ εστιν εμη αλλα του πεμψαντος με
2b071100c6	εαν τις θελη το θελημα αυτου ποιειν γνωσεται περι της διδαχης ποτερον εκ του θεου εστιν η εγω απ εμαυτου λαλω
2b071200ef	ο αφ εαυτου λαλων την δοξαν την ιδιαν ζητει ο δε ζητων την δοξαν του πεμψαντος αυτον ουτος αληθης εστιν και αδικια εν αυτω ουκ εστιν
2b071300a6	ου μωσης δεδωκεν υμιν τον νομον και ουδεις εξ υμων ποιει τον νομον τι με ζητειτε αποκτειναι
2b0714007a	απεκριθη ο οχλος και ειπεν δαιμονιον εχεις τις σε ζητει αποκτειναι
2b07150085	απεκριθη ο ιησους και ειπεν αυτοις εν εργον εποιησα και παντες θαυμαζετε
2b071600e5	δια τουτο μωσης δεδωκεν υμιν την περιτομην ουχ οτι εκ του μωσεως εστιν αλλ εκ των πατερων και εν σαββατω περιτεμνετε ανθρωπον
2b071700e0	ει περιτομην λαμβανει ανθρωπος εν σαββατω ινα μη λυθη ο νομος μωσεως εμοι χολατε οτι ολον ανθρωπον υγιη εποιησα εν σαββατω
2b0718005e	μη κρινετε κατ οψιν αλλα την δικαιαν κρισιν κρινατε
2b0719008d	ελεγον ουν τινες εκ των ιεροσολυμιτων ουχ ουτος εστιν ον ζητουσιν αποκτειναι
2b071a00d0	και ιδε παρρησια λαλει και ουδεν αυτω λεγουσιν μηποτε αληθως εγνωσαν οι αρχοντες οτι ουτος εστιν αληθως ο χριστος
2b071b009d	αλλα τουτον οιδαμεν ποθεν εστιν ο δε χριστος οταν ερχηται ουδεις γινωσκει ποθεν εστιν
2b071c0126	εκραξεν ουν εν τω ιερω διδασκων ο ιησους και λεγων καμε οιδατε και οιδατε ποθεν ειμι και απ εμαυτου ουκ εληλυθα αλλ εστιν αληθινος ο πεμψας με ον υμεις ουκ οιδατε
2b071d006c	εγω δε οιδα αυτον οτι παρ αυτου ειμι κακεινος με απεστειλεν
2b071e00aa	εζητουν ουν αυτον πιασαι και ουδεις επεβαλεν επ αυτον την χειρα οτι ουπω εληλυθει η ωρα αυτου
2b071f00f0	πολλοι δε εκ του οχλου επιστευσαν εις αυτον και ελεγον οτι ο χριστος οταν ελθη μητι πλειονα σημεια τουτων ποιησει ων ουτος εποιησεν
2b072000f5	ηκουσαν οι φαρισαιοι του οχλου γογγυζοντος περι αυτου ταυτα και απεστειλαν οι φαρισαιοι και οι αρχιερεις υπηρετας ινα πιασωσιν αυτον
2b072100a0	ειπεν ουν αυτοις ο ιησους ετι μικρον χρονον μεθ υμων ειμι και υπαγω προς τον πεμψαντα με
2b07220080	ζητησετε με και ουχ ευρησετε και οπου ειμι εγω υμεις ου δυνασθε ελθειν
2b0723013a	ειπον ουν οι ιουδαιοι προς εαυτους που ουτος μελλει πορευεσθαι οτι ημεις ουχ ευρησομεν αυτον μη εις την διασποραν των ελληνων μελλει πορευεσθαι και διδασκειν τους ελληνας
2b072400bb	τις εστιν ουτος ο λογος ον ειπεν ζητησετε με και ουχ ευρησετε και οπου ειμι εγω υμεις ου δυνασθε ελθειν
2b072500d6	εν δε τη εσχατη ημερα τη μεγαλη της εορτης ειστηκει ο ιησους και εκραξεν λεγων εαν τις διψα ερχεσθω προς με και πινετω
2b072600a7	ο πιστευων εις εμε καθως ειπεν η γραφη ποταμοι εκ της κοιλιας αυτου ρευσουσιν υδατος ζωντος
2b072700f4	τουτο δε ειπεν περι του πνευματος ου εμελλον λαμβανειν οι πιστευοντες εις αυτον ουπω γαρ ην πνευμα αγιον οτι ο ιησους ουδεπω εδοξασθη
2b07280095	πολλοι ουν εκ του οχλου ακουσαντες τον λογον ελεγον ουτος εστιν αληθως ο προφητης
2b072900a8	αλλοι ελεγον ουτος εστιν ο χριστος αλλοι δε ελεγον μη γαρ εκ της γαλιλαιας ο χριστος ερχεται
2b072a00bb	ουχι η γραφη ειπεν οτι εκ του σπερματος δαβιδ και απο βηθλεεμ της κωμης οπου ην δαβιδ ο χριστος ερχεται
2b072b0045	σχισμα ουν εν τω οχλω εγενετο δι αυτον
2b072c008d	τινες δε ηθελον εξ αυτων πιασαι αυτον αλλ ουδεις επεβαλεν επ αυτον τας χειρας
2b072d00c3	ηλθον ουν οι υπηρεται προς τους αρχιερεις και φαρισαιους και ειπον αυτοις εκεινοι δια τι ουκ ηγαγετε αυτον
2b072e008e	απεκριθησαν οι υπηρεται ουδεποτε ουτως ελαλησεν ανθρωπος ως ουτος ο ανθρωπος
2b072f006e	απεκριθησαν ουν αυτοις οι φαρισαιοι μη και υμεις πεπλανησθε
2b07300071	μη τις εκ των αρχοντων επιστευσεν εις αυτον η εκ των φαρισαιων
2b0731006e	αλλ ο οχλος ουτος ο μη γινωσκων τον νομον επικαταρατοι εισιν
2b0732007e	λεγει νικοδημος προς αυτους ο ελθων νυκτος προς αυτον εις ων εξ αυτων
2b0733009a	μη ο νομος ημων κρινει τον ανθρωπον εαν μη ακουση παρ αυτου προτερον και γνω τι ποιει
2b073400d8	απεκριθησαν και ειπον αυτω μη και συ εκ της γαλιλαιας ει ερευνησον και ιδε οτι προφητης εκ της γαλιλαιας ουκ εγηγερται
2b0735004a	και επορευθη εκαστος εις τον οικον αυτου
2b0801004b	ιησους δε επορευθη εις το ορος των ελαιων
2b080200b9	ορθρου δε παλιν παρεγενετο εις το ιερον και πας ο λαος ηρχετο προς αυτον και καθισας εδιδασκεν αυτους
2b080300d1	αγουσιν δε οι γραμματεις και οι φαρισαιοι προς αυτον γυναικα εν μοιχεια κατειλημμενην και στησαντες αυτην εν μεσω
2b08040082	λεγουσιν αυτω διδασκαλε αυτη η γυνη κατειληφθη επαυτοφωρω μοιχευομενη
2b08050091	εν δε τω νομω μωσης ημιν ενετειλατο τας τοιαυτας λιθοβολεισθαι συ ουν τι λεγεις
2b080600fd	τουτο δε ελεγον πειραζοντες αυτον ινα εχωσιν κατηγορειν αυτου ο δε ιησους κατω κυψας τω δακτυλω εγραφεν εις την γην {VAR2: μη προσποιουμενος}
2b080700c7	ως δε επεμενον ερωτωντες αυτον ανακυψας ειπεν προς αυτους ο αναμαρτητος υμων πρωτος τον λιθον επ αυτη βαλετω
2b08080049	και παλιν κατω κυψας εγραφεν εις την γην
2b08090143	οι δε ακουσαντες και υπο της συνειδησεως ελεγχομενοι εξηρχοντο εις καθ εις αρξαμενοι απο των πρεσβυτερων εως των εσχατων και κατελειφθη μονος ο ιησους και η γυνη εν μεσω εστωσα
2b080a00f6	ανακυψας δε ο ιησους και μηδενα θεασαμενος πλην της γυναικος ειπεν αυτη η γυνη που εισιν εκεινοι οι κατηγοροι σου ουδεις σε κατεκρινεν
2b080b00af	η δε ειπεν ουδεις κυριε ειπεν δε αυτη ο ιησους ουδε εγω σε κατακρινω πορευου και μηκετι αμαρτανε
2b080c00fd	παλιν ουν ο ιησους αυτοις ελαλησεν λεγων εγω ειμι το φως του κοσμου ο ακολουθων εμοι ου μη περιπατησει εν τη σκοτια αλλ εξει το φως της ζωης
2b080d009c	ειπον ουν αυτω οι φαρισαιοι συ περι σεαυτου μαρτυρεις η μαρτυρια σου ουκ εστιν αληθης
2b080e013a	απεκριθη ιησους και ειπεν αυτοις καν εγω μαρτυρω περι εμαυτου αληθης εστιν η μαρτυρια μου οτι οιδα ποθεν ηλθον και που υπαγω υμεις δε ουκ οιδατε ποθεν ερχομαι και που υπαγω
2b080f0058	υμεις κατα την σαρκα κρινετε εγω ου κρινω ουδενα
2b081000ad	και εαν κρινω δε εγω η κρισις η εμη αληθης εστιν οτι μονος ουκ ειμι αλλ εγω και ο πεμψας με πατηρ
2b08110090	και εν τω νομω δε τω υμετερω γεγραπται οτι δυο ανθρωπων η μαρτυρια αληθης εστιν
2b08120085	εγω ειμι ο μαρτυρων περι εμαυτου και μαρτυρει περι εμου ο πεμψας με πατηρ
2b081300f2	ελεγον ουν αυτω που εστιν ο πατηρ σου απεκριθη ο ιησους ουτε εμε οιδατε ουτε τον πατερα μου ει εμε ηδειτε και τον πατερα μου ηδειτε αν
2b081400e6	ταυτα τα ρηματα ελαλησεν ο ιησους εν τω γαζοφυλακιω διδασκων εν τω ιερω και ουδεις επιασεν αυτον οτι ουπω εληλυθει η ωρα αυτου
2b081500ef	ειπεν ουν παλιν αυτοις ο ιησους εγω υπαγω και ζητησετε με και εν τη αμαρτια υμων αποθανεισθε οπου εγω υπαγω υμεις ου δυνασθε ελθειν
2b081600ab	ελεγον ουν οι ιουδαιοι μητι αποκτενει εαυτον οτι λεγει οπου εγω υπαγω υμεις ου δυνασθε ελθειν
2b081700e1	και ειπεν αυτοις υμεις εκ των κατω εστε εγω εκ των ανω ειμι υμεις εκ του κοσμου τουτου εστε εγω ουκ ειμι εκ του κοσμου τουτου
2b081800e2	ειπον ουν υμιν οτι αποθανεισθε εν ταις αμαρτιαις υμων εαν γαρ μη πιστευσητε οτι εγω ειμι αποθανεισθε εν ταις αμαρτιαις υμων
2b0819008f	ελεγον ουν αυτω συ τις ει και ειπεν αυτοις ο ιησους την αρχην ο τι και λαλω υμιν
2b081a00d4	πολλα εχω περι υμων λαλειν και κρινειν αλλ ο πεμψας με αληθης εστιν καγω α ηκουσα παρ αυτου ταυτα λεγω εις τον κοσμον
2b081b004a	ουκ εγνωσαν οτι τον πατερα αυτοις ελεγεν
2b081c0121	ειπεν ουν αυτοις ο ιησους οταν υψωσητε τον υιον του ανθρωπου τοτε γνωσεσθε οτι εγω ειμι και απ εμαυτου ποιω ουδεν αλλα καθως εδιδαξεν με ο πατηρ μου ταυτα λαλω
2b081d00a9	και ο πεμψας με μετ εμου εστιν ουκ αφηκεν με μονον ο πατηρ οτι εγω τα αρεστα αυτω ποιω παντοτε
2b081e005c	ταυτα αυτου λαλουντος πολλοι επιστευσαν εις αυτον
2b081f00d8	ελεγεν ουν ο ιησους προς τους πεπιστευκοτας αυτω ιουδαιους εαν υμεις μεινητε εν τω λογω τω εμω αληθως μαθηται μου εστε
2b08200068	και γνωσεσθε την αληθειαν και η αληθεια ελευθερωσει υμας
2b082100c6	απεκριθησαν αυτω σπερμα αβρααμ εσμεν και ουδενι δεδουλευκαμεν πωποτε πως συ λεγεις οτι ελευθεροι γενησεσθε
2b082200b5	απεκριθη αυτοις ο ιησους αμην αμην λεγω υμιν οτι πας ο ποιων την αμαρτιαν δουλος εστιν της αμαρτιας
2b08230082	ο δε δουλος ου μενει εν τη οικια εις τον αιωνα ο υιος μενει εις τον αιωνα
2b08240062	εαν ουν ο υιος υμας ελευθερωση οντως ελευθεροι εσεσθε
2b082500a3	οιδα οτι σπερμα αβρααμ εστε αλλα ζητειτε με αποκτειναι οτι ο λογος ο εμος ου χωρει εν υμιν
2b0826009d	εγω ο εωρακα παρα τω πατρι μου λαλω και υμεις ουν ο εωρακατε παρα τω πατρι υμων ποιειτε
2b082700eb	απεκριθησαν και ειπον αυτω ο πατηρ ημων αβρααμ εστιν λεγει αυτοις ο ιησους ει τεκνα του αβρααμ ητε τα εργα του αβρααμ εποιειτε αν
2b082800d7	νυν δε ζητειτε με αποκτειναι ανθρωπον ος την αληθειαν υμιν λελαληκα ην ηκουσα παρα του θεου τουτο αβρααμ ουκ εποιησεν
2b082900cd	υμεις ποιειτε τα εργα του πατρος υμων ειπον ουν αυτω ημεις εκ πορνειας ου γεγεννημεθα ενα πατερα εχομεν τον θεον
2b082a011e	ειπεν {VAR1: ουν} αυτοις ο ιησους ει ο θεος πατηρ υμων ην ηγαπατε αν εμε εγω γαρ εκ του θεου εξηλθον και ηκω ουδε γαρ απ εμαυτου εληλυθα αλλ εκεινος με απεστειλεν
2b082b0093	δια τι την λαλιαν την εμην ου γινωσκετε οτι ου δυνασθε ακουειν τον λογον τον εμον
2b082c01c7	υμεις εκ πατρος του διαβολου εστε και τας επιθυμιας του πατρος υμων θελετε ποιειν εκεινος ανθρωποκτονος ην απ αρχης και εν τη αληθεια ουχ εστηκεν οτι ουκ εστιν αληθεια εν αυτω οταν λαλη το ψευδος εκ των ιδιων λαλει οτι ψευστης εστιν και ο πατηρ αυτου
2b082d0052	εγω δε οτι την αληθειαν λεγω ου πιστευετε μοι
2b082e009c	τις εξ υμων ελεγχει με περι αμαρτιας ει δε αληθειαν λεγω δια τι υμεις ου πιστευετε μοι
2b082f00aa	ο ων εκ του θεου τα ρηματα του θεου ακουει δια τουτο υμεις ουκ ακουετε οτι εκ του θεου ουκ εστε
2b083000c3	απεκριθησαν ουν οι ιουδαιοι και ειπον αυτω ου καλως λεγομεν ημεις οτι σαμαρειτης ει συ και δαιμονιον εχεις
2b0831009c	απεκριθη ιησους εγω δαιμονιον ουκ εχω αλλα τιμω τον πατερα μου και υμεις ατιμαζετε με
2b0832005f	εγω δε ου ζητω την δοξαν μου εστιν ο ζητων και κρινων
2b083300a1	αμην αμην λεγω υμιν εαν τις τον λογον τον εμον τηρηση θανατον ου μη θεωρηση εις τον αιωνα
2b0834013a	ειπον ουν αυτω οι ιουδαιοι νυν εγνωκαμεν οτι δαιμονιον εχεις αβρααμ απεθανεν και οι προφηται και συ λεγεις εαν τις τον λογον μου τηρηση ου μη γευσεται θανατου εις τον αιωνα
2b083500b9	μη συ μειζων ει του πατρος ημων αβρααμ οστις απεθανεν και οι προφηται απεθανον τινα σεαυτον συ ποιεις
2b083600e8	απεκριθη ιησους εαν εγω δοξαζω εμαυτον η δοξα μου ουδεν εστιν εστιν ο πατηρ μου ο δοξαζων με ον υμεις λεγετε οτι θεος υμων εστιν
2b083700fc	και ουκ εγνωκατε αυτον εγω δε οιδα αυτον και εαν ειπω οτι ουκ οιδα αυτον εσομαι ομοιος υμων ψευστης αλλ οιδα αυτον και τον λογον αυτου τηρω
2b08380090	αβρααμ ο πατηρ υμων ηγαλλιασατο ινα ιδη την ημεραν την εμην και ειδεν και εχαρη
2b0839008e	ειπον ουν οι ιουδαιοι προς αυτον πεντηκοντα ετη ουπω εχεις και αβρααμ εωρακας
2b083a0082	ειπεν αυτοις ο ιησους αμην αμην λεγω υμιν πριν αβρααμ γενεσθαι εγω ειμι
2b083b00db	ηραν ουν λιθους ινα βαλωσιν επ αυτον ιησους δε εκρυβη και εξηλθεν εκ του ιερου διελθων δια μεσου αυτων και παρηγεν ουτως
2b09010052	και παραγων ειδεν ανθρωπον τυφλον εκ γενετης
2b090200c1	και ηρωτησαν αυτον οι μαθηται αυτου λεγοντες ραββι τις ημαρτεν ουτος η οι γονεις αυτου ινα τυφλος γεννηθη
2b090300b4	απεκριθη ο ιησους ουτε ουτος ημαρτεν ουτε οι γονεις αυτου αλλ ινα φανερωθη τα εργα του θεου εν αυτω
2b090400ba	εμε δει εργαζεσθαι τα εργα του πεμψαντος με εως ημερα εστιν ερχεται νυξ οτε ουδεις δυναται εργαζεσθαι
2b09050044	οταν εν τω κοσμω ω φως ειμι του κοσμου
2b090600d4	ταυτα ειπων επτυσεν χαμαι και εποιησεν πηλον εκ του πτυσματος και επεχρισεν τον πηλον επι τους οφθαλμους του τυφλου
2b090700e7	και ειπεν αυτω υπαγε νιψαι εις την κολυμβηθραν του σιλωαμ ο ερμηνευεται απεσταλμενος απηλθεν ουν και ενιψατο και ηλθεν βλεπων
2b090800d1	οι ουν γειτονες και οι θεωρουντες αυτον το προτερον οτι τυφλος ην ελεγον ουχ ουτος εστιν ο καθημενος και προσαιτων
2b0909009f	αλλοι ελεγον οτι ουτος εστιν αλλοι δε οτι ομοιος αυτω εστιν εκεινος ελεγεν οτι εγω ειμι
2b090a0055	ελεγον ουν αυτω πως ανεωχθησαν σου οι οφθαλμοι
2b090b0169	απεκριθη εκεινος και ειπεν ανθρωπος λεγομενος ιησους πηλον εποιησεν και επεχρισεν μου τους οφθαλμους και ειπεν μοι υπαγε εις την κολυμβηθραν του σιλωαμ και νιψαι απελθων δε και νιψαμενος ανεβλεψα
2b090c0056	ειπον ουν αυτω που εστιν εκεινος λεγει ουκ οιδα
2b090d005d	αγουσιν αυτον προς τους φαρισαιους τον ποτε τυφλον
2b090e0091	ην δε σαββατον οτε τον πηλον εποιησεν ο ιησους και ανεωξεν αυτου τους οφθαλμους
2b090f00f2	παλιν ουν ηρωτων αυτον και οι φαρισαιοι πως ανεβλεψεν ο δε ειπεν αυτοις πηλον επεθηκεν επι τους οφθαλμους μου και ενιψαμην και βλεπω
2b0910015a	ελεγον ουν εκ των φαρισαιων τινες ουτος ο ανθρωπος ουκ εστιν παρα του θεου οτι το σαββατον ου τηρει αλλοι ελεγον πως δυναται ανθρωπος αμαρτωλος τοιαυτα σημεια ποιειν και σχισμα ην εν αυτοις
2b091100c5	λεγουσιν τω τυφλω παλιν συ τι λεγεις περι αυτου οτι ηνοιξεν σου τους οφθαλμους ο δε ειπεν οτι προφητης εστιν
2b091200e1	ουκ επιστευσαν ουν οι ιουδαιοι περι αυτου οτι τυφλος ην και ανεβλεψεν εως οτου εφωνησαν τους γονεις αυτου του αναβλεψαντος
2b091300c6	και ηρωτησαν αυτους λεγοντες ουτος εστιν ο υιος υμων ον υμεις λεγετε οτι τυφλος εγεννηθη πως ουν αρτι βλεπει
2b091400bf	απεκριθησαν αυτοις οι γονεις αυτου και ειπον οιδαμεν οτι ουτος εστιν ο υιος ημων και οτι τυφλος εγεννηθη
2b09150105	πως δε νυν βλεπει ουκ οιδαμεν η τις ηνοιξεν αυτου τους οφθαλμους ημεις ουκ οιδαμεν αυτος ηλικιαν εχει αυτον ερωτησατε αυτος περι αυτου λαλησει
2b0916010f	ταυτα ειπον οι γονεις αυτου οτι εφοβουντο τους ιουδαιους ηδη γαρ συνετεθειντο οι ιουδαιοι ινα εαν τις αυτον ομολογηση χριστον αποσυναγωγος γενηται
2b09170076	δια τουτο οι γονεις αυτου ειπον οτι ηλικιαν εχει αυτον ερωτησατε
2b091800f3	εφωνησαν ουν εκ δευτερου τον ανθρωπον ος ην τυφλος και ειπον αυτω δος δοξαν τω θεω ημεις οιδαμεν οτι ο ανθρωπος ουτος αμαρτωλος εστιν
2b091900a6	απεκριθη ουν εκεινος και ειπεν ει αμαρτωλος εστιν ουκ οιδα εν οιδα οτι τυφλος ων αρτι βλεπω
2b091a0079	ειπον δε αυτω παλιν τι εποιησεν σοι πως ηνοιξεν σου τους οφθαλμους
2b091b00d2	απεκριθη αυτοις ειπον υμιν ηδη και ουκ ηκουσατε τι παλιν θελετε ακουειν μη και υμεις θελετε αυτου μαθηται γενεσθαι
2b091c00a0	ελοιδορησαν ουν αυτον και ειπον συ ει μαθητης εκεινου ημεις δε του μωσεως εσμεν μαθηται
2b091d0086	ημεις οιδαμεν οτι μωση λελαληκεν ο θεος τουτον δε ουκ οιδαμεν ποθεν εστιν
2b091e00ed	απεκριθη ο ανθρωπος και ειπεν αυτοις εν γαρ τουτω θαυμαστον εστιν οτι υμεις ουκ οιδατε ποθεν εστιν και ανεωξεν μου τους οφθαλμους
2b091f00bd	οιδαμεν δε οτι αμαρτωλων ο θεος ουκ ακουει αλλ εαν τις θεοσεβης η και το θελημα αυτου ποιη τουτου ακουει
2b09200084	εκ του αιωνος ουκ ηκουσθη οτι ηνοιξεν τις οφθαλμους τυφλου γεγεννημενου
2b09210059	ει μη ην ουτος παρα θεου ουκ ηδυνατο ποιειν ουδεν
2b092200bc	απεκριθησαν και ειπον αυτω εν αμαρτιαις συ εγεννηθης ολος και συ διδασκεις ημας και εξεβαλον αυτον εξω
2b092300b8	ηκουσεν ο ιησους οτι εξεβαλον αυτον εξω και ευρων αυτον ειπεν αυτω συ πιστευεις εις τον υιον του θεου
2b09240078	απεκριθη εκεινος και ειπεν τις εστιν κυριε ινα πιστευσω εις αυτον
2b09250088	ειπεν δε αυτω ο ιησους και εωρακας αυτον και ο λαλων μετα σου εκεινος εστιν
2b09260051	ο δε εφη πιστευω κυριε και προσεκυνησεν αυτω
2b092700df	και ειπεν ο ιησους εις κριμα εγω εις τον κοσμον τουτον ηλθον ινα οι μη βλεποντες βλεπωσιν και οι βλεποντες τυφλοι γενωνται
2b092800ab	και ηκουσαν εκ των φαρισαιων ταυτα οι οντες μετ αυτου και ειπον αυτω μη και ημεις τυφλοι εσμεν
2b092900c8	ειπεν αυτοις ο ιησους ει τυφλοι ητε ουκ αν ειχετε αμαρτιαν νυν δε λεγετε οτι βλεπομεν η ουν αμαρτια υμων μενει
2b0a0100fa	αμην αμην λεγω υμιν ο μη εισερχομενος δια της θυρας εις την αυλην των προβατων αλλα αναβαινων αλλαχοθεν εκεινος κλεπτης εστιν και ληστης
2b0a020069	ο δε εισερχομενος δια της θυρας ποιμην εστιν των προβατων
2b0a0300ce	τουτω ο θυρωρος ανοιγει και τα προβατα της φωνης αυτου ακουει και τα ιδια προβατα καλει κατ ονομα και εξαγει αυτα
2b0a0400d4	και οταν τα ιδια προβατα εκβαλη εμπροσθεν αυτων πορευεται και τα προβατα αυτω ακολουθει οτι οιδασιν την φωνην αυτου
2b0a0500af	αλλοτριω δε ου μη ακολουθησωσιν αλλα φευξονται απ αυτου οτι ουκ οιδασιν των αλλοτριων την φωνην
2b0a0600a3	ταυτην την παροιμιαν ειπεν αυτοις ο ιησους εκεινοι δε ουκ εγνωσαν τινα ην α ελαλει αυτοις
2b0a070098	ειπεν ουν παλιν αυτοις ο ιησους αμην αμην λεγω υμιν οτι εγω ειμι η θυρα των προβατων
2b0a08009a	παντες οσοι προ εμου ηλθον κλεπται εισιν και λησται αλλ ουκ ηκουσαν αυτων τα προβατα
2b0a0900b8	εγω ειμι η θυρα δι εμου εαν τις εισελθη σωθησεται και εισελευσεται και εξελευσεται και νομην ευρησει
2b0a0a00bd	ο κλεπτης ουκ ερχεται ει μη ινα κλεψη και θυση και απολεση εγω ηλθον ινα ζωην εχωσιν και περισσον εχωσιν
2b0a0b0098	εγω ειμι ο ποιμην ο καλος ο ποιμην ο καλος την ψυχην αυτου τιθησιν υπερ των προβατων
2b0a0c0137	ο μισθωτος δε και ουκ ων ποιμην ου ουκ εισιν τα προβατα ιδια θεωρει τον λυκον ερχομενον και αφιησιν τα προβατα και φευγει και ο λυκος αρπαζει αυτα και σκορπιζει τα προβατα
2b0a0d0089	ο δε μισθωτος φευγει οτι μισθωτος εστιν και ου μελει αυτω περι των προβατων
2b0a0e0082	εγω ειμι ο ποιμην ο καλος και γινωσκω τα εμα και γινωσκομαι υπο των εμων
2b0a0f00a8	καθως γινωσκει με ο πατηρ καγω γινωσκω τον πατερα και την ψυχην μου τιθημι υπερ των προβατων
2b0a1000ff	και αλλα προβατα εχω α ουκ εστιν εκ της αυλης ταυτης κακεινα με δει αγαγειν και της φωνης μου ακουσουσιν και γενησεται μια ποιμνη εις ποιμην
2b0a110089	δια τουτο ο πατηρ με αγαπα οτι εγω τιθημι την ψυχην μου ινα παλιν λαβω αυτην
2b0a120130	ουδεις αιρει αυτην απ εμου αλλ εγω τιθημι αυτην απ εμαυτου εξουσιαν εχω θειναι αυτην και εξουσιαν εχω παλιν λαβειν αυτην ταυτην την εντολην ελαβον παρα του πατρος μου
2b0a13007a	σχισμα ουν παλιν εγενετο εν τοις ιουδαιοις δια τους λογους τουτους
2b0a140081	ελεγον δε πολλοι εξ αυτων δαιμονιον εχει και μαινεται τι αυτου ακουετε
2b0a1500bb	αλλοι ελεγον ταυτα τα ρηματα ουκ εστιν δαιμονιζομενου μη δαιμονιον δυναται τυφλων οφθαλμους ανοιγειν
2b0a160069	εγενετο δε τα εγκαινια εν τοις ιεροσολυμοις και χειμων ην
2b0a17006d	και περιεπατει ο ιησους εν τω ιερω εν τη στοα του σολομωντος
2b0a1800d3	εκυκλωσαν ουν αυτον οι ιουδαιοι και ελεγον αυτω εως ποτε την ψυχην ημων αιρεις ει συ ει ο χριστος ειπε ημιν παρρησια
2b0a1900e3	απεκριθη αυτοις ο ιησους ειπον υμιν και ου πιστευετε τα εργα α εγω ποιω εν τω ονοματι του πατρος μου ταυτα μαρτυρει περι εμου
2b0a1a008a	αλλ υμεις ου πιστευετε ου γαρ εστε εκ των προβατων των εμων καθως ειπον υμιν
2b0a1b008d	τα προβατα τα εμα της φωνης μου ακουει καγω γινωσκω αυτα και ακολουθουσιν μοι
2b0a1c00c4	καγω ζωην αιωνιον διδωμι αυτοις και ου μη απολωνται εις τον αιωνα και ουχ αρπασει τις αυτα εκ της χειρος μου
2b0a1d00bc	ο πατηρ μου ος δεδωκεν μοι μειζων παντων εστιν και ουδεις δυναται αρπαζειν εκ της χειρος του πατρος μου
2b0a1e002b	εγω και ο πατηρ εν εσμεν
2b0a1f006c	εβαστασαν ουν παλιν λιθους οι ιουδαιοι ινα λιθασωσιν αυτον
2b0a2000be	απεκριθη αυτοις ο ιησους πολλα καλα εργα εδειξα υμιν εκ του πατρος μου δια ποιον αυτων εργον λιθαζετε με
2b0a2100f7	απεκριθησαν αυτω οι ιουδαιοι λεγοντες περι καλου εργου ου λιθαζομεν σε αλλα περι βλασφημιας και οτι συ ανθρωπος ων ποιεις σεαυτον θεον
2b0a220094	απεκριθη αυτοις ο ιησους ουκ εστιν γεγραμμενον εν τω νομω υμων εγω ειπα θεοι εστε
2b0a2300a0	ει εκεινους ειπεν θεους προς ους ο λογος του θεου εγενετο και ου δυναται λυθηναι η γραφη
2b0a2400c0	ον ο πατηρ ηγιασεν και απεστειλεν εις τον κοσμον υμεις λεγετε οτι βλασφημεις οτι ειπον υιος του θεου ειμι
2b0a25005a	ει ου ποιω τα εργα του πατρος μου μη πιστευετε μοι
2b0a2600cd	ει δε ποιω καν εμοι μη πιστευητε τοις εργοις πιστευσατε ινα γνωτε και πιστευσητε οτι εν εμοι ο πατηρ καγω εν αυτω
2b0a270072	εζητουν ουν παλιν αυτον πιασαι και εξηλθεν εκ της χειρος αυτων
2b0a2800bb	και απηλθεν παλιν περαν του ιορδανου εις τον τοπον οπου ην ιωαννης το πρωτον βαπτιζων και εμεινεν εκει
2b0a2900e5	και πολλοι ηλθον προς αυτον και ελεγον οτι ιωαννης μεν σημειον εποιησεν ουδεν παντα δε οσα ειπεν ιωαννης περι τουτου αληθη ην
2b0a2a0043	και επιστευσαν πολλοι εκει εις αυτον
2b0b01009f	ην δε τις ασθενων λαζαρος απο βηθανιας εκ της κωμης μαριας και μαρθας της αδελφης αυτης
2b0b0200d2	ην δε μαρια η αλειψασα τον κυριον μυρω και εκμαξασα τους ποδας αυτου ταις θριξιν αυτης ης ο αδελφος λαζαρος ησθενει
2b0b030087	απεστειλαν ουν αι αδελφαι προς αυτον λεγουσαι κυριε ιδε ον φιλεις ασθενει
2b0b0400e9	ακουσας δε ο ιησους ειπεν αυτη η ασθενεια ουκ εστιν προς θανατον αλλ υπερ της δοξης του θεου ινα δοξασθη ο υιος του θεου δι αυτης
2b0b050078	ηγαπα δε ο ιησους την μαρθαν και την αδελφην αυτης και τον λαζαρον
2b0b060079	ως ουν ηκουσεν οτι ασθενει τοτε μεν εμεινεν εν ω ην τοπω δυο ημερας
2b0b07007c	επειτα μετα τουτο λεγει τοις μαθηταις αγωμεν εις την ιουδαιαν παλιν
2b0b0800a2	λεγουσιν αυτω οι μαθηται ραββι νυν εζητουν σε λιθασαι οι ιουδαιοι και παλιν υπαγεις εκει
2b0b0900ed	απεκριθη ο ιησους ουχι δωδεκα εισιν ωραι της ημερας εαν τις περιπατη εν τη ημερα ου προσκοπτει οτι το φως του κοσμου τουτου βλεπει
2b0b0a0080	εαν δε τις περιπατη εν τη νυκτι προσκοπτει οτι το φως ουκ εστιν εν αυτω
2b0b0b00c2	ταυτα ειπεν και μετα τουτο λεγει αυτοις λαζαρος ο φιλος ημων κεκοιμηται αλλα πορευομαι ινα εξυπνισω αυτον
2b0b0c0068	ειπον ουν οι μαθηται αυτου κυριε ει κεκοιμηται σωθησεται
2b0b0d00b5	ειρηκει δε ο ιησους περι του θανατου αυτου εκεινοι δε εδοξαν οτι περι της κοιμησεως του υπνου λεγει
2b0b0e0068	τοτε ουν ειπεν αυτοις ο ιησους παρρησια λαζαρος απεθανεν
2b0b0f0083	και χαιρω δι υμας ινα πιστευσητε οτι ουκ ημην εκει αλλ αγωμεν προς αυτον
2b0b1000ae	ειπεν ουν θωμας ο λεγομενος διδυμος τοις συμμαθηταις αγωμεν και ημεις ινα αποθανωμεν μετ αυτου
2b0b110082	ελθων ουν ο ιησους ευρεν αυτον τεσσαρας ημερας ηδη εχοντα εν τω μνημειω
2b0b120072	ην δε η βηθανια εγγυς των ιεροσολυμων ως απο σταδιων δεκαπεντε
2b0b1300da	και πολλοι εκ των ιουδαιων εληλυθεισαν προς τας περι μαρθαν και μαριαν ινα παραμυθησωνται αυτας περι του αδελφου αυτων
2b0b1400a0	η ουν μαρθα ως ηκουσεν οτι ο ιησους ερχεται υπηντησεν αυτω μαρια δε εν τω οικω εκαθεζετο
2b0b150090	ειπεν ουν η μαρθα προς τον ιησουν κυριε ει ης ωδε ο αδελφος μου ουκ αν ετεθνηκει
2b0b16006d	αλλα και νυν οιδα οτι οσα αν αιτηση τον θεον δωσει σοι ο θεος
2b0b170053	λεγει αυτη ο ιησους αναστησεται ο αδελφος σου
2b0b180084	λεγει αυτω μαρθα οιδα οτι αναστησεται εν τη αναστασει εν τη εσχατη ημερα
2b0b1900a1	ειπεν αυτη ο ιησους εγω ειμι η αναστασις και η ζωη ο πιστευων εις εμε καν αποθανη ζησεται
2b0b1a008d	και πας ο ζων και πιστευων εις εμε ου μη αποθανη εις τον αιωνα πιστευεις τουτο
2b0b1b00b1	λεγει αυτω ναι κυριε εγω πεπιστευκα οτι συ ει ο χριστος ο υιος του θεου ο εις τον κοσμον ερχομενος
2b0b1c00cf	και ταυτα ειπουσα απηλθεν και εφωνησεν μαριαν την αδελφην αυτης λαθρα ειπουσα ο διδασκαλος παρεστιν και φωνει σε
2b0b1d0066	εκεινη ως ηκουσεν εγειρεται ταχυ και ερχεται προς αυτον
2b0b1e0099	ουπω δε εληλυθει ο ιησους εις την κωμην αλλ ην εν τω τοπω οπου υπηντησεν αυτω η μαρθα
2b0b1f015b	οι ουν ιουδαιοι οι οντες μετ αυτης εν τη οικια και παραμυθουμενοι αυτην ιδοντες την μαριαν οτι ταχεως ανεστη και εξηλθεν ηκολουθησαν αυτη λεγοντες οτι υπαγει εις το μνημειον ινα κλαυση εκει
2b0b2000f7	η ουν μαρια ως ηλθεν οπου ην ο ιησους ιδουσα αυτον επεσεν εις τους ποδας αυτου λεγουσα αυτω κυριε ει ης ωδε ουκ αν απεθανεν μου ο αδελφος
2b0b2100eb	ιησους ουν ως ειδεν αυτην κλαιουσαν και τους συνελθοντας αυτη ιουδαιους κλαιοντας ενεβριμησατο τω πνευματι και εταραξεν εαυτον
2b0b220074	και ειπεν που τεθεικατε αυτον λεγουσιν αυτω κυριε ερχου και ιδε
2b0b230022	εδακρυσεν ο ιησους
2b0b24004f	ελεγον ουν οι ιουδαιοι ιδε πως εφιλει αυτον
2b0b2500c9	τινες δε εξ αυτων ειπον ουκ ηδυνατο ουτος ο ανοιξας τους οφθαλμους του τυφλου ποιησαι ινα και ουτος μη αποθανη
2b0b2600bf	ιησους ουν παλιν εμβριμωμενος εν εαυτω ερχεται εις το μνημειον ην δε σπηλαιον και λιθος επεκειτο επ αυτω
2b0b2700c4	λεγει ο ιησους αρατε τον λιθον λεγει αυτω η αδελφη του τεθνηκοτος μαρθα κυριε ηδη οζει τεταρταιος γαρ εστιν
2b0b280088	λεγει αυτη ο ιησους ουκ ειπον σοι οτι εαν πιστευσης οψει την δοξαν του θεου
2b0b2900e5	ηραν ουν τον λιθον ου ην ο τεθνηκως κειμενος ο δε ιησους ηρεν τους οφθαλμους ανω και ειπεν πατερ ευχαριστω σοι οτι ηκουσας μου
2b0b2a00cf	εγω δε ηδειν οτι παντοτε μου ακουεις αλλα δια τον οχλον τον περιεστωτα ειπον ινα πιστευσωσιν οτι συ με απεστειλας
2b0b2b0066	και ταυτα ειπων φωνη μεγαλη εκραυγασεν λαζαρε δευρο εξω
2b0b2c0123	και εξηλθεν ο τεθνηκως δεδεμενος τους ποδας και τας χειρας κειριαις και η οψις αυτου σουδαριω περιεδεδετο λεγει αυτοις ο ιησους λυσατε αυτον και αφετε υπαγειν
2b0b2d00ca	πολλοι ουν εκ των ιουδαιων οι ελθοντες προς την μαριαν και θεασαμενοι α εποιησεν ο ιησους επιστευσαν εις αυτον
2b0b2e0098	τινες δε εξ αυτων απηλθον προς τους φαρισαιους και ειπον αυτοις α εποιησεν ο ιησους
2b0b2f00d6	συνηγαγον ουν οι αρχιερεις και οι φαρισαιοι συνεδριον και ελεγον τι ποιουμεν οτι ουτος ο ανθρωπος πολλα σημεια ποιει
2b0b3000e0	εαν αφωμεν αυτον ουτως παντες πιστευσουσιν εις αυτον και ελευσονται οι ρωμαιοι και αρουσιν ημων και τον τοπον και το εθνος
2b0b3100b2	εις δε τις εξ αυτων καιαφας αρχιερευς ων του ενιαυτου εκεινου ειπεν αυτοις υμεις ουκ οιδατε ουδεν
2b0b3200bf	ουδε διαλογιζεσθε οτι συμφερει ημιν ινα εις ανθρωπος αποθανη υπερ του λαου και μη ολον το εθνος αποληται
2b0b3300ee	τουτο δε αφ εαυτου ουκ ειπεν αλλα αρχιερευς ων του ενιαυτου εκεινου προεφητευσεν οτι εμελλεν ο ιησους αποθνησκειν υπερ του εθνους
2b0b3400a9	και ουχ υπερ του εθνους μονον αλλ ινα και τα τεκνα του θεου τα διεσκορπισμενα συναγαγη εις εν
2b0b350078	απ εκεινης ουν της ημερας συνεβουλευσαντο ινα αποκτεινωσιν αυτον
2b0b360141	ιησους ουν ουκ ετι παρρησια περιεπατει εν τοις ιουδαιοις αλλα απηλθεν εκειθεν εις την χωραν εγγυς της ερημου εις εφραιμ λεγομενην πολιν κακει διετριβεν μετα των μαθητων αυτου
2b0b3700d6	ην δε εγγυς το πασχα των ιουδαιων και ανεβησαν πολλοι εις ιεροσολυμα εκ της χωρας προ του πασχα ινα αγνισωσιν εαυτους
2b0b3800c7	εζητουν ουν τον ιησουν και ελεγον μετ αλληλων εν τω ιερω εστηκοτες τι δοκει υμιν οτι ου μη ελθη εις την εορτην
2b0b3900c6	δεδωκεισαν δε και οι αρχιερεις και οι φαρισαιοι εντολην ινα εαν τις γνω που εστιν μηνυση οπως πιασωσιν αυτον
2b0c0100bb	ο ουν ιησους προ εξ ημερων του πασχα ηλθεν εις βηθανιαν οπου ην λαζαρος ο τεθνηκως ον ηγειρεν εκ νεκρων
2b0c0200ae	εποιησαν ουν αυτω δειπνον εκει και η μαρθα διηκονει ο δε λαζαρος εις ην των συνανακειμενων αυτω
2b0c030146	η ουν μαρια λαβουσα λιτραν μυρου ναρδου πιστικης πολυτιμου ηλειψεν τους ποδας του ιησου και εξεμαξεν ταις θριξιν αυτης τους ποδας αυτου η δε οικια επληρωθη εκ της οσμης του μυρου
2b0c0400a1	λεγει ουν εις εκ των μαθητων αυτου ιουδας σιμωνος ισκαριωτης ο μελλων αυτον παραδιδοναι
2b0c050081	δια τι τουτο το μυρον ουκ επραθη τριακοσιων δηναριων και εδοθη πτωχοις
2b0c0600f6	ειπεν δε τουτο ουχ οτι περι των πτωχων εμελεν αυτω {VAR1: αλλ} {VAR2: αλλα} οτι κλεπτης ην και το γλωσσοκομον ειχεν και τα βαλλομενα εβασταζεν
2b0c070091	ειπεν ουν ο ιησους αφες αυτην εις την ημεραν του ενταφιασμου μου τετηρηκεν αυτο
2b0c080077	τους πτωχους γαρ παντοτε εχετε μεθ εαυτων εμε δε ου παντοτε εχετε
2b0c0900f8	εγνω ουν οχλος πολυς εκ των ιουδαιων οτι εκει εστιν και ηλθον ου δια τον ιησουν μονον αλλ ινα και τον λαζαρον ιδωσιν ον ηγειρεν εκ νεκρων
2b0c0a0072	εβουλευσαντο δε οι αρχιερεις ινα και τον λαζαρον αποκτεινωσιν
2b0c0b007d	οτι πολλοι δι αυτον υπηγον των ιουδαιων και επιστευον εις τον ιησουν
2b0c0c00ab	τη επαυριον οχλος πολυς ο ελθων εις την εορτην ακουσαντες οτι ερχεται ο ιησους εις ιεροσολυμα
2b0c0d0104	ελαβον τα βαια των φοινικων και εξηλθον εις υπαντησιν αυτω και εκραζον ωσαννα ευλογημενος ο ερχομενος εν ονοματι κυριου ο βασιλευς του ισραηλ
2b0c0e007a	ευρων δε ο ιησους οναριον εκαθισεν επ αυτο καθως εστιν γεγραμμενον
2b0c0f0088	μη φοβου θυγατερ σιων ιδου ο βασιλευς σου ερχεται καθημενος επι πωλον ονου
2b0c100109	ταυτα δε ουκ εγνωσαν οι μαθηται αυτου το πρωτον αλλ οτε εδοξασθη ο ιησους τοτε εμνησθησαν οτι ταυτα ην επ αυτω γεγραμμενα και ταυτα εποιησαν αυτω
2b0c1100bf	εμαρτυρει ουν ο οχλος ο ων μετ αυτου οτε τον λαζαρον εφωνησεν εκ του μνημειου και ηγειρεν αυτον εκ νεκρων
2b0c120099	δια τουτο και υπηντησεν αυτω ο οχλος οτι ηκουσεν τουτο αυτον πεποιηκεναι το σημειον
2b0c1300b8	οι ουν φαρισαιοι ειπον προς εαυτους θεωρειτε οτι ουκ ωφελειτε ουδεν ιδε ο κοσμος οπισω αυτου απηλθεν
2b0c140083	ησαν δε τινες ελληνες εκ των αναβαινοντων ινα προσκυνησωσιν εν τη εορτη
2b0c1500d3	ουτοι ουν προσηλθον φιλιππω τω απο βηθσαιδα της γαλιλαιας και ηρωτων αυτον λεγοντες κυριε θελομεν τον ιησουν ιδειν
2b0c16009d	ερχεται φιλιππος και λεγει τω ανδρεα και παλιν ανδρεας και φιλιππος λεγουσιν τω ιησου
2b0c170096	ο δε ιησους απεκρινατο αυτοις λεγων εληλυθεν η ωρα ινα δοξασθη ο υιος του ανθρωπου
2b0c1800df	αμην αμην λεγω υμιν εαν μη ο κοκκος του σιτου πεσων εις την γην αποθανη αυτος μονος μενει εαν δε αποθανη πολυν καρπον φερει
2b0c1900d1	ο φιλων την ψυχην αυτου απολεσει αυτην και ο μισων την ψυχην αυτου εν τω κοσμω τουτω εις ζωην αιωνιον φυλαξει αυτην
2b0c1a00f5	εαν εμοι διακονη τις εμοι ακολουθειτω και οπου ειμι εγω εκει και ο διακονος ο εμος εσται και εαν τις εμοι διακονη τιμησει αυτον ο πατηρ
2b0c1b00ca	νυν η ψυχη μου τεταρακται και τι ειπω πατερ σωσον με εκ της ωρας ταυτης αλλα δια τουτο ηλθον εις την ωραν ταυτην
2b0c1c009b	πατερ δοξασον σου το ονομα ηλθεν ουν φωνη εκ του ουρανου και εδοξασα και παλιν δοξασω
2b0c1d00aa	ο ουν οχλος ο εστως και ακουσας ελεγεν βροντην γεγονεναι αλλοι ελεγον αγγελος αυτω λελαληκεν
2b0c1e007e	απεκριθη ο ιησους και ειπεν ου δι εμε αυτη η φωνη γεγονεν αλλα δι υμας
2b0c1f0095	νυν κρισις εστιν του κοσμου τουτου νυν ο αρχων του κοσμου τουτου εκβληθησεται εξω
2b0c20005f	καγω εαν υψωθω εκ της γης παντας ελκυσω προς εμαυτον
2b0c210069	τουτο δε ελεγεν σημαινων ποιω θανατω ημελλεν αποθνησκειν
2b0c220141	απεκριθη αυτω ο οχλος ημεις ηκουσαμεν εκ του νομου οτι ο χριστος μενει εις τον αιωνα και πως συ λεγεις οτι δει υψωθηναι τον υιον του ανθρωπου τις εστιν ουτος ο υιος του ανθρωπου
2b0c230138	ειπεν ουν αυτοις ο ιησους ετι μικρον χρονον το φως μεθ υμων εστιν περιπατειτε εως το φως εχετε ινα μη σκοτια υμας καταλαβη και ο περιπατων εν τη σκοτια ουκ οιδεν που υπαγει
2b0c2400cc	εως το φως εχετε πιστευετε εις το φως ινα υιοι φωτος γενησθε ταυτα ελαλησεν ο ιησους και απελθων εκρυβη απ αυτων
2b0c25008c	τοσαυτα δε αυτου σημεια πεποιηκοτος εμπροσθεν αυτων ουκ επιστευον εις αυτον
2b0c2600da	ινα ο λογος ησαιου του προφητου πληρωθη ον ειπεν κυριε τις επιστευσεν τη ακοη ημων και ο βραχιων κυριου τινι απεκαλυφθη
2b0c270066	δια τουτο ουκ ηδυναντο πιστευειν οτι παλιν ειπεν ησαιας
2b0c280118	τετυφλωκεν αυτων τους οφθαλμους και πεπωρωκεν αυτων την καρδιαν ινα μη ιδωσιν τοις οφθαλμοις και νοησωσιν τη καρδια και επιστραφωσιν και ιασωμαι αυτους
2b0c29007d	ταυτα ειπεν ησαιας οτε ειδεν την δοξαν αυτου και ελαλησεν περι αυτου
2b0c2a00eb	ομως μεντοι και εκ των αρχοντων πολλοι επιστευσαν εις αυτον αλλα δια τους φαρισαιους ουχ ωμολογουν ινα μη αποσυναγωγοι γενωνται
2b0c2b0079	ηγαπησαν γαρ την δοξαν των ανθρωπων μαλλον ηπερ την δοξαν του θεου
2b0c2c00a3	ιησους δε εκραξεν και ειπεν ο πιστευων εις εμε ου πιστευει εις εμε αλλ εις τον πεμψαντα με
2b0c2d0047	και ο θεωρων εμε θεωρει τον πεμψαντα με
2b0c2e008e	εγω φως εις τον κοσμον εληλυθα ινα πας ο πιστευων εις εμε εν τη σκοτια μη μεινη
2b0c2f00e5	και εαν τις μου ακουση των ρηματων και μη πιστευση εγω ου κρινω αυτον ου γαρ ηλθον ινα κρινω τον κοσμον αλλ ινα σωσω τον κοσμον
2b0c3000e3	ο αθετων εμε και μη λαμβανων τα ρηματα μου εχει τον κρινοντα αυτον ο λογος ον ελαλησα εκεινος κρινει αυτον εν τη εσχατη ημερα
2b0c3100b3	οτι εγω εξ εμαυτου ουκ ελαλησα αλλ ο πεμψας με πατηρ αυτος μοι εντολην εδωκεν τι ειπω και τι λαλησω
2b0c3200af	και οιδα οτι η εντολη αυτου ζωη αιωνιος εστιν α ουν λαλω εγω καθως ειρηκεν μοι ο πατηρ ουτως λαλω
2b0d010145	προ δε της εορτης του πασχα ειδως ο ιησους οτι εληλυθεν αυτου η ωρα ινα μεταβη εκ του κοσμου τουτου προς τον πατερα αγαπησας τους ιδιους τους εν τω κοσμω εις τελος ηγαπησεν αυτους
2b0d0200c7	και δειπνου γενομενου του διαβολου ηδη βεβληκοτος εις την καρδιαν ιουδα σιμωνος ισκαριωτου ινα αυτον παραδω
2b0d0300c7	ειδως ο ιησους οτι παντα δεδωκεν αυτω ο πατηρ εις τας χειρας και οτι απο θεου εξηλθεν και προς τον θεον υπαγει
2b0d040094	εγειρεται εκ του δειπνου και τιθησιν τα ιματια και λαβων λεντιον διεζωσεν εαυτον
2b0d0500d3	ειτα βαλλει υδωρ εις τον νιπτηρα και ηρξατο νιπτειν τους ποδας των μαθητων και εκμασσειν τω λεντιω ω ην διεζωσμενος
2b0d06009c	ερχεται ουν προς σιμωνα πετρον και λεγει αυτω εκεινος κυριε συ μου νιπτεις τους ποδας
2b0d07008f	απεκριθη ιησους και ειπεν αυτω ο εγω ποιω συ ουκ οιδας αρτι γνωση δε μετα ταυτα
2b0d0800da	λεγει αυτω πετρος ου μη νιψης τους ποδας μου εις τον αιωνα απεκριθη αυτω ο ιησους εαν μη νιψω σε ουκ εχεις μερος μετ εμου
2b0d0900a2	λεγει αυτω σιμων πετρος κυριε μη τους ποδας μου μονον αλλα και τας χειρας και την κεφαλην
2b0d0a00ef	λεγει αυτω ο ιησους ο λελουμενος ου χρειαν εχει η τους ποδας νιψασθαι αλλ εστιν καθαρος ολος και υμεις καθαροι εστε αλλ ουχι παντες
2b0d0b0083	ηδει γαρ τον παραδιδοντα αυτον δια τουτο ειπεν ουχι παντες καθαροι εστε
2b0d0c00d0	οτε ουν ενιψεν τους ποδας αυτων και ελαβεν τα ιματια αυτου αναπεσων παλιν ειπεν αυτοις γινωσκετε τι πεποιηκα υμιν
2b0d0d007c	υμεις φωνειτε με ο διδασκαλος και ο κυριος και καλως λεγετε ειμι γαρ
2b0d0e00be	ει ουν εγω ενιψα υμων τους ποδας ο κυριος και ο διδασκαλος και υμεις οφειλετε αλληλων νιπτειν τους ποδας
2b0d0f007d	υποδειγμα γαρ εδωκα υμιν ινα καθως εγω εποιησα υμιν και υμεις ποιητε
2b0d1000bc	αμην αμην λεγω υμιν ουκ εστιν δουλος μειζων του κυριου αυτου ουδε αποστολος μειζων του πεμψαντος αυτον
2b0d110053	ει ταυτα οιδατε μακαριοι εστε εαν ποιητε αυτα
2b0d1200ef	ου περι παντων υμων λεγω εγω οιδα ους εξελεξαμην αλλ ινα η γραφη πληρωθη ο τρωγων μετ εμου τον αρτον επηρεν επ εμε την πτερναν αυτου
2b0d130089	απ αρτι λεγω υμιν προ του γενεσθαι ινα οταν γενηται πιστευσητε οτι εγω ειμι
2b0d1400b8	αμην αμην λεγω υμιν ο λαμβανων εαν τινα πεμψω εμε λαμβανει ο δε εμε λαμβανων λαμβανει τον πεμψαντα με
2b0d1500d4	ταυτα ειπων ο ιησους εταραχθη τω πνευματι και εμαρτυρησεν και ειπεν αμην αμην λεγω υμιν οτι εις εξ υμων παραδωσει με
2b0d160077	εβλεπον ουν εις αλληλους οι μαθηται απορουμενοι περι τινος λεγει
2b0d17008f	ην δε ανακειμενος εις των μαθητων αυτου εν τω κολπω του ιησου ον ηγαπα ο ιησους
2b0d180071	νευει ουν τουτω σιμων πετρος πυθεσθαι τις αν ειη περι ου λεγει
2b0d190080	επιπεσων δε εκεινος επι το στηθος του ιησου λεγει αυτω κυριε τις εστιν
2b0d1a00da	αποκρινεται ο ιησους εκεινος εστιν ω εγω βαψας το ψωμιον επιδωσω και εμβαψας το ψωμιον διδωσιν ιουδα σιμωνος ισκαριωτη
2b0d1b00ba	και μετα το ψωμιον τοτε εισηλθεν εις εκεινον ο σατανας λεγει ουν αυτω ο ιησους ο ποιεις ποιησον ταχιον
2b0d1c0065	τουτο δε ουδεις εγνω των ανακειμενων προς τι ειπεν αυτω
2b0d1d0102	τινες γαρ εδοκουν επει το γλωσσοκομον ειχεν ο ιουδας οτι λεγει αυτω ο ιησους αγορασον ων χρειαν εχομεν εις την εορτην η τοις πτωχοις ινα τι δω
2b0d1e005f	λαβων ουν το ψωμιον εκεινος ευθεως εξηλθεν ην δε νυξ
2b0d1f00ad	οτε {VAR2: ουν} εξηλθεν λεγει ο ιησους νυν εδοξασθη ο υιος του ανθρωπου και ο θεος εδοξασθη εν αυτω
2b0d200098	ει ο θεος εδοξασθη εν αυτω και ο θεος δοξασει αυτον εν εαυτω και ευθυς δοξασει αυτον
2b0d2100f8	τεκνια ετι μικρον μεθ υμων ειμι ζητησετε με και καθως ειπον τοις ιουδαιοις οτι οπου υπαγω εγω υμεις ου δυνασθε ελθειν και υμιν λεγω αρτι
2b0d2200b4	εντολην καινην διδωμι υμιν ινα αγαπατε αλληλους καθως ηγαπησα υμας ινα και υμεις αγαπατε αλληλους
2b0d23008c	εν τουτω γνωσονται παντες οτι εμοι μαθηται εστε εαν αγαπην εχητε εν αλληλοις
2b0d2400f7	λεγει αυτω σιμων πετρος κυριε που υπαγεις απεκριθη αυτω ο ιησους οπου υπαγω ου δυνασαι μοι νυν ακολουθησαι υστερον δε ακολουθησεις μοι
2b0d2500a7	λεγει αυτω ο πετρος κυριε δια τι ου δυναμαι σοι ακολουθησαι αρτι την ψυχην μου υπερ σου θησω
2b0d2600d6	απεκριθη αυτω ο ιησους την ψυχην σου υπερ εμου θησεις αμην αμην λεγω σοι ου μη αλεκτωρ φωνησει εως ου απαρνηση με τρις
2b0e010084	μη ταρασσεσθω υμων η καρδια πιστευετε εις τον θεον και εις εμε πιστευετε
2b0e0200b4	εν τη οικια του πατρος μου μοναι πολλαι εισιν ει δε μη ειπον αν υμιν πορευομαι ετοιμασαι τοπον υμιν
2b0e0300da	και εαν πορευθω και ετοιμασω υμιν τοπον παλιν ερχομαι και παραληψομαι υμας προς εμαυτον ινα οπου ειμι εγω και υμεις ητε
2b0e040052	και οπου εγω υπαγω οιδατε και την οδον οιδατε
2b0e050093	λεγει αυτω θωμας κυριε ουκ οιδαμεν που υπαγεις και πως δυναμεθα την οδον ειδεναι
2b0e0600ba	λεγει αυτω ο ιησους εγω ειμι η οδος και η αληθεια και η ζωη ουδεις ερχεται προς τον πατερα ει μη δι εμου
2b0e0700ac	ει εγνωκειτε με και τον πατερα μου εγνωκειτε αν και απ αρτι γινωσκετε αυτον και εωρακατε αυτον
2b0e080074	λεγει αυτω φιλιππος κυριε δειξον ημιν τον πατερα και αρκει ημιν
2b0e090111	λεγει αυτω ο ιησους τοσουτον χρονον μεθ υμων ειμι και ουκ εγνωκας με φιλιππε ο εωρακως εμε εωρακεν τον πατερα και πως συ λεγεις δειξον ημιν τον πατερα
2b0e0a010b	ου πιστευεις οτι εγω εν τω πατρι και ο πατηρ εν εμοι εστιν τα ρηματα α εγω λαλω υμιν απ εμαυτου ου λαλω ο δε πατηρ ο εν εμοι μενων αυτος ποιει τα εργα
2b0e0b00a6	πιστευετε μοι οτι εγω εν τω πατρι και ο πατηρ εν εμοι ει δε μη δια τα εργα αυτα πιστευετε μοι
2b0e0c00fd	αμην αμην λεγω υμιν ο πιστευων εις εμε τα εργα α εγω ποιω κακεινος ποιησει και μειζονα τουτων ποιησει οτι εγω προς τον πατερα μου πορευομαι
2b0e0d0091	και ο τι αν αιτησητε εν τω ονοματι μου τουτο ποιησω ινα δοξασθη ο πατηρ εν τω υιω
2b0e0e0050	εαν τι αιτησητε εν τω ονοματι μου εγω ποιησω
2b0e0f0051	εαν αγαπατε με τας εντολας τας εμας τηρησατε
2b0e1000a4	και εγω ερωτησω τον πατερα και αλλον παρακλητον δωσει υμιν ινα μενη μεθ υμων εις τον αιωνα
2b0e110110	το πνευμα της αληθειας ο ο κοσμος ου δυναται λαβειν οτι ου θεωρει αυτο ουδε γινωσκει αυτο υμεις δε γινωσκετε αυτο οτι παρ υμιν μενει και εν υμιν εσται
2b0e12004c	ουκ αφησω υμας ορφανους ερχομαι προς υμας
2b0e1300a4	ετι μικρον και ο κοσμος με ουκ ετι θεωρει υμεις δε θεωρειτε με οτι εγω ζω και υμεις ζησεσθε
2b0e14009e	εν εκεινη τη ημερα γνωσεσθε υμεις οτι εγω εν τω πατρι μου και υμεις εν εμοι καγω εν υμιν
2b0e150121	ο εχων τας εντολας μου και τηρων αυτας εκεινος εστιν ο αγαπων με ο δε αγαπων με αγαπηθησεται υπο του πατρος μου και εγω αγαπησω αυτον και εμφανισω αυτω εμαυτον
2b0e1600c1	λεγει αυτω ιουδας ουχ ο ισκαριωτης κυριε τι γεγονεν οτι ημιν μελλεις εμφανιζειν σεαυτον και ουχι τω κοσμω
2b0e17011e	απεκριθη ο ιησους και ειπεν αυτω εαν τις αγαπα με τον λογον μου τηρησει και ο πατηρ μου αγαπησει αυτον και προς αυτον ελευσομεθα και μονην παρ αυτω ποιησομεν
2b0e1800bf	ο μη αγαπων με τους λογους μου ου τηρει και ο λογος ον ακουετε ουκ εστιν εμος αλλα του πεμψαντος με πατρος
2b0e19003f	ταυτα λελαληκα υμιν παρ υμιν μενων
2b0e1a00f3	ο δε παρακλητος το πνευμα το αγιον ο πεμψει ο πατηρ εν τω ονοματι μου εκεινος υμας διδαξει παντα και υπομνησει υμας παντα α ειπον υμιν
2b0e1b00f2	ειρηνην αφιημι υμιν ειρηνην την εμην διδωμι υμιν ου καθως ο κοσμος διδωσιν εγω διδωμι υμιν μη ταρασσεσθω υμων η καρδια μηδε δειλιατω
2b0e1c010f	ηκουσατε οτι εγω ειπον υμιν υπαγω και ερχομαι προς υμας ει ηγαπατε με εχαρητε αν οτι ειπον πορευομαι προς τον πατερα οτι ο πατηρ μου μειζων μου εστιν
2b0e1d0071	και νυν ειρηκα υμιν πριν γενεσθαι ινα οταν γενηται πιστευσητε
2b0e1e00aa	ουκ ετι πολλα λαλησω μεθ υμων ερχεται γαρ ο του κοσμου τουτου αρχων και εν εμοι ουκ εχει ουδεν
2b0e1f00cb	αλλ ινα γνω ο κοσμος οτι αγαπω τον πατερα και καθως ενετειλατο μοι ο πατηρ ουτως ποιω εγειρεσθε αγωμεν εντευθεν
2b0f01006c	εγω ειμι η αμπελος η αληθινη και ο πατηρ μου ο γεωργος εστιν
2b0f0200c1	παν κλημα εν εμοι μη φερον καρπον αιρει αυτο και παν το καρπον φερον καθαιρει αυτο ινα πλειονα καρπον φερη
2b0f030061	ηδη υμεις καθαροι εστε δια τον λογον ον λελαληκα υμιν
2b0f040104	μεινατε εν εμοι καγω εν υμιν καθως το κλημα ου δυναται καρπον φερειν αφ εαυτου εαν μη μεινη εν τη αμπελω ουτως ουδε υμεις εαν μη εν εμοι μεινητε
2b0f0500e8	εγω ειμι η αμπελος υμεις τα κληματα ο μενων εν εμοι καγω εν αυτω ουτος φερει καρπον πολυν οτι χωρις εμου ου δυνασθε ποιειν ουδεν
2b0f0600cf	εαν μη τις μεινη εν εμοι εβληθη εξω ως το κλημα και εξηρανθη και συναγουσιν αυτα και εις πυρ βαλλουσιν και καιεται
2b0f0700a9	εαν μεινητε εν εμοι και τα ρηματα μου εν υμιν μεινη ο εαν θελητε αιτησεσθε και γενησεται υμιν
2b0f080093	εν τουτω εδοξασθη ο πατηρ μου ινα καρπον πολυν φερητε και γενησεσθε εμοι μαθηται
2b0f09007f	καθως ηγαπησεν με ο πατηρ καγω ηγαπησα υμας μεινατε εν τη αγαπη τη εμη
2b0f0a00e3	εαν τας εντολας μου τηρησητε μενειτε εν τη αγαπη μου καθως εγω τας εντολας του πατρος μου τετηρηκα και μενω αυτου εν τη αγαπη
2b0f0b0085	ταυτα λελαληκα υμιν ινα η χαρα η εμη εν υμιν μεινη και η χαρα υμων πληρωθη
2b0f0c0077	αυτη εστιν η εντολη η εμη ινα αγαπατε αλληλους καθως ηγαπησα υμας
2b0f0d0094	μειζονα ταυτης αγαπην ουδεις εχει ινα τις την ψυχην αυτου θη υπερ των φιλων αυτου
2b0f0e0065	υμεις φιλοι μου εστε εαν ποιητε οσα εγω εντελλομαι υμιν
2b0f0f0109	ουκετι υμας λεγω δουλους οτι ο δουλος ουκ οιδεν τι ποιει αυτου ο κυριος υμας δε ειρηκα φιλους οτι παντα α ηκουσα παρα του πατρος μου εγνωρισα υμιν
2b0f100144	ουχ υμεις με εξελεξασθε αλλ εγω εξελεξαμην υμας και εθηκα υμας ινα υμεις υπαγητε και καρπον φερητε και ο καρπος υμων μενη ινα ο τι αν αιτησητε τον πατερα εν τω ονοματι μου δω υμιν
2b0f11004f	ταυτα εντελλομαι υμιν ινα αγαπατε αλληλους
2b0f120072	ει ο κοσμος υμας μισει γινωσκετε οτι εμε πρωτον υμων μεμισηκεν
2b0f130106	ει εκ του κοσμου ητε ο κοσμος αν το ιδιον εφιλει οτι δε εκ του κοσμου ουκ εστε αλλ εγω εξελεξαμην υμας εκ του κοσμου δια τουτο μισει υμας ο κοσμος
2b0f140134	μνημονευετε του λογου ου εγω ειπον υμιν ουκ εστιν δουλος μειζων του κυριου αυτου ει εμε εδιωξαν και υμας διωξουσιν ει τον λογον μου ετηρησαν και τον υμετερον τηρησουσιν
2b0f150094	αλλα ταυτα παντα ποιησουσιν υμιν δια το ονομα μου οτι ουκ οιδασιν τον πεμψαντα με
2b0f1600b9	ει μη ηλθον και ελαλησα αυτοις αμαρτιαν ουκ ειχον νυν δε προφασιν ουκ εχουσιν περι της αμαρτιας αυτων
2b0f170041	ο εμε μισων και τον πατερα μου μισει
2b0f1800fd	ει τα εργα μη εποιησα εν αυτοις α ουδεις αλλος πεποιηκεν αμαρτιαν ουκ ειχον νυν δε και εωρακασιν και μεμισηκασιν και εμε και τον πατερα μου
2b0f19008c	αλλ ινα πληρωθη ο λογος ο γεγραμμενος εν τω νομω αυτων οτι εμισησαν με δωρεαν
2b0f1a0102	οταν δε ελθη ο παρακλητος ον εγω πεμψω υμιν παρα του πατρος το πνευμα της αληθειας ο παρα του πατρος εκπορευεται εκεινος μαρτυρησει περι εμου
2b0f1b005b	και υμεις δε μαρτυρειτε οτι απ αρχης μετ εμου εστε
2b1001004b	ταυτα λελαληκα υμιν ινα μη σκανδαλισθητε
2b100200bf	αποσυναγωγους ποιησουσιν υμας αλλ ερχεται ωρα ινα πας ο αποκτεινας υμας δοξη λατρειαν προσφερειν τω θεω
2b10030070	και ταυτα ποιησουσιν υμιν οτι ουκ εγνωσαν τον πατερα ουδε εμε
2b100400ef	αλλα ταυτα λελαληκα υμιν ινα οταν ελθη η ωρα μνημονευητε αυτων οτι εγω ειπον υμιν ταυτα δε υμιν εξ αρχης ουκ ειπον οτι μεθ υμων ημην
2b10050084	νυν δε υπαγω προς τον πεμψαντα με και ουδεις εξ υμων ερωτα με που υπαγεις
2b10060072	αλλ οτι ταυτα λελαληκα υμιν η λυπη πεπληρωκεν υμων την καρδιαν
2b10070113	αλλ εγω την αληθειαν λεγω υμιν συμφερει υμιν ινα εγω απελθω εαν γαρ μη απελθω ο παρακλητος ουκ ελευσεται προς υμας εαν δε πορευθω πεμψω αυτον προς υμας
2b100800a3	και ελθων εκεινος ελεγξει τον κοσμον περι αμαρτιας και περι δικαιοσυνης και περι κρισεως
2b10090051	περι αμαρτιας μεν οτι ου πιστευουσιν εις εμε
2b100a0085	περι δικαιοσυνης δε οτι προς τον πατερα μου υπαγω και ουκ ετι θεωρειτε με
2b100b0063	περι δε κρισεως οτι ο αρχων του κοσμου τουτου κεκριται
2b100c0065	ετι πολλα εχω λεγειν υμιν αλλ ου δυνασθε βασταζειν αρτι
2b100d0128	οταν δε ελθη εκεινος το πνευμα της αληθειας οδηγησει υμας εις πασαν την αληθειαν ου γαρ λαλησει αφ εαυτου αλλ οσα αν ακουση λαλησει και τα ερχομενα αναγγελει υμιν
2b100e0072	εκεινος εμε δοξασει οτι εκ του εμου ληψεται και αναγγελει υμιν
2b100f00a5	παντα οσα εχει ο πατηρ εμα εστιν δια τουτο ειπον οτι εκ του εμου ληψεται και αναγγελει υμιν
2b1010009c	μικρον και ου θεωρειτε με και παλιν μικρον και οψεσθε με οτι εγω υπαγω προς τον πατερα
2b10110127	ειπον ουν εκ των μαθητων αυτου προς αλληλους τι εστιν τουτο ο λεγει ημιν μικρον και ου θεωρειτε με και παλιν μικρον και οψεσθε με και οτι εγω υπαγω προς τον πατερα
2b10120074	ελεγον ουν τουτο τι εστιν ο λεγει το μικρον ουκ οιδαμεν τι λαλει
2b1013011e	εγνω ουν ο ιησους οτι ηθελον αυτον ερωταν και ειπεν αυτοις περι τουτου ζητειτε μετ αλληλων οτι ειπον μικρον και ου θεωρειτε με και παλιν μικρον και οψεσθε με
2b101400f0	αμην αμην λεγω υμιν οτι κλαυσετε και θρηνησετε υμεις ο δε κοσμος χαρησεται υμεις δε λυπηθησεσθε αλλ η λυπη υμων εις χαραν γενησεται
2b10150121	η γυνη οταν τικτη λυπην εχει οτι ηλθεν η ωρα αυτης οταν δε γεννηση το παιδιον ουκ ετι μνημονευει της θλιψεως δια την χαραν οτι εγεννηθη ανθρωπος εις τον κοσμον
2b101600dd	και υμεις ουν λυπην μεν νυν εχετε παλιν δε οψομαι υμας και χαρησεται υμων η καρδια και την χαραν υμων ουδεις αιρει αφ υμων
2b101700e4	και εν εκεινη τη ημερα εμε ουκ ερωτησετε ουδεν αμην αμην λεγω υμιν οτι οσα αν αιτησητε τον πατερα εν τω ονοματι μου δωσει υμιν
2b101800ab	εως αρτι ουκ ητησατε ουδεν εν τω ονοματι μου αιτειτε και ληψεσθε ινα η χαρα υμων η πεπληρωμενη
2b101900f9	ταυτα εν παροιμιαις λελαληκα υμιν {VAR1: αλλ} ερχεται ωρα οτε ουκ ετι εν παροιμιαις λαλησω υμιν αλλα παρρησια περι του πατρος αναγγελω υμιν
2b101a00b5	εν εκεινη τη ημερα εν τω ονοματι μου αιτησεσθε και ου λεγω υμιν οτι εγω ερωτησω τον πατερα περι υμων
2b101b00b7	αυτος γαρ ο πατηρ φιλει υμας οτι υμεις εμε πεφιληκατε και πεπιστευκατε οτι εγω παρα του θεου εξηλθον
2b101c00bf	εξηλθον παρα του πατρος και εληλυθα εις τον κοσμον παλιν αφιημι τον κοσμον και πορευομαι προς τον πατερα
2b101d009c	λεγουσιν αυτω οι μαθηται αυτου ιδε νυν παρρησια λαλεις και παροιμιαν ουδεμιαν λεγεις
2b101e00bf	νυν οιδαμεν οτι οιδας παντα και ου χρειαν εχεις ινα τις σε ερωτα εν τουτω πιστευομεν οτι απο θεου εξηλθες
2b101f0049	απεκριθη αυτοις ο ιησους αρτι πιστευετε
2b102000f5	ιδου ερχεται ωρα και νυν εληλυθεν ινα σκορπισθητε εκαστος εις τα ιδια και εμε μονον αφητε και ουκ ειμι μονος οτι ο πατηρ μετ εμου εστιν
2b102100e1	ταυτα λελαληκα υμιν ινα εν εμοι ειρηνην εχητε εν τω κοσμω θλιψιν {VAR1: εχετε} {VAR2: εξετε} αλλα θαρσειτε εγω νενικηκα τον κοσμον
2b11010114	ταυτα ελαλησεν ο ιησους και επηρεν τους οφθαλμους αυτου εις τον ουρανον και ειπεν πατερ εληλυθεν η ωρα δοξασον σου τον υιον ινα και ο υιος σου δοξαση σε
2b110200a0	καθως εδωκας αυτω εξουσιαν πασης σαρκος ινα παν ο δεδωκας αυτω δωση αυτοις ζωην αιωνιον
2b110300bb	αυτη δε εστιν η αιωνιος ζωη ινα γινωσκωσιν σε τον μονον αληθινον θεον και ον απεστειλας ιησουν χριστον
2b1104007f	εγω σε εδοξασα επι της γης το εργον ετελειωσα ο δεδωκας μοι ινα ποιησω
2b110500a0	και νυν δοξασον με συ πατερ παρα σεαυτω τη δοξη η ειχον προ του τον κοσμον ειναι παρα σοι
2b110600ee	εφανερωσα σου το ονομα τοις ανθρωποις ους δεδωκας μοι εκ του κοσμου σοι ησαν και εμοι αυτους δεδωκας και τον λογον σου τετηρηκασιν
2b1107005f	νυν εγνωκαν οτι παντα οσα δεδωκας μοι παρα σου εστιν
2b110800f5	οτι τα ρηματα α δεδωκας μοι δεδωκα αυτοις και αυτοι ελαβον και εγνωσαν αληθως οτι παρα σου εξηλθον και επιστευσαν οτι συ με απεστειλας
2b11090098	εγω περι αυτων ερωτω ου περι του κοσμου ερωτω αλλα περι ων δεδωκας μοι οτι σοι εισιν
2b110a0073	και τα εμα παντα σα εστιν και τα σα εμα και δεδοξασμαι εν αυτοις
2b110b0127	και ουκ ετι ειμι εν τω κοσμω και ουτοι εν τω κοσμω εισιν και εγω προς σε ερχομαι πατερ αγιε τηρησον αυτους εν τω ονοματι σου ους δεδωκας μοι ινα ωσιν εν καθως ημεις
2b110c012a	οτε ημην μετ αυτων εν τω κοσμω εγω ετηρουν αυτους εν τω ονοματι σου ους δεδωκας μοι εφυλαξα και ουδεις εξ αυτων απωλετο ει μη ο υιος της απωλειας ινα η γραφη πληρωθη
2b110d00b9	νυν δε προς σε ερχομαι και ταυτα λαλω εν τω κοσμω ινα εχωσιν την χαραν την εμην πεπληρωμενην εν αυτοις
2b110e00db	εγω δεδωκα αυτοις τον λογον σου και ο κοσμος εμισησεν αυτους οτι ουκ εισιν εκ του κοσμου καθως εγω ουκ ειμι εκ του κοσμου
2b110f008c	ουκ ερωτω ινα αρης αυτους εκ του κοσμου αλλ ινα τηρησης αυτους εκ του πονηρου
2b11100065	εκ του κοσμου ουκ εισιν καθως εγω εκ του κοσμου ουκ ειμι
2b1111006d	αγιασον αυτους εν τη αληθεια σου ο λογος ο σος αληθεια εστιν
2b11120085	καθως εμε απεστειλας εις τον κοσμον καγω απεστειλα αυτους εις τον κοσμον
2b11130088	και υπερ αυτων εγω αγιαζω εμαυτον ινα και αυτοι ωσιν ηγιασμενοι εν αληθεια
2b111400a0	ου περι τουτων δε ερωτω μονον αλλα και περι των πιστευσοντων δια του λογου αυτων εις εμε
2b111500e2	ινα παντες εν ωσιν καθως συ πατερ εν εμοι καγω εν σοι ινα και αυτοι εν ημιν εν ωσιν ινα ο κοσμος πιστευση οτι συ με απεστειλας
2b1116008f	και εγω την δοξαν ην δεδωκας μοι δεδωκα αυτοις ινα ωσιν εν καθως ημεις εν εσμεν
2b11170104	εγω εν αυτοις και συ εν εμοι ινα ωσιν τετελειωμενοι εις εν και ινα γινωσκη ο κοσμος οτι συ με απεστειλας και ηγαπησας αυτους καθως εμε ηγαπησας
2b11180111	πατερ ους δεδωκας μοι θελω ινα οπου ειμι εγω κακεινοι ωσιν μετ εμου ινα θεωρωσιν την δοξαν την εμην ην εδωκας μοι οτι ηγαπησας με προ καταβολης κοσμου
2b111900a6	πατερ δικαιε και ο κοσμος σε ουκ εγνω εγω δε σε εγνων και ουτοι εγνωσαν οτι συ με απεστειλας
2b111a00b1	και εγνωρισα αυτοις το ονομα σου και γνωρισω ινα η αγαπη ην ηγαπησας με εν αυτοις η καγω εν αυτοις
2b12010100	ταυτα ειπων ο ιησους εξηλθεν συν τοις μαθηταις αυτου περαν του χειμαρρου των κεδρων οπου ην κηπος εις ον εισηλθεν αυτος και οι μαθηται αυτου
2b120200c0	ηδει δε και ιουδας ο παραδιδους αυτον τον τοπον οτι πολλακις συνηχθη ο ιησους εκει μετα των μαθητων αυτου
2b120300de	ο ουν ιουδας λαβων την σπειραν και εκ των αρχιερεων και φαρισαιων υπηρετας ερχεται εκει μετα φανων και λαμπαδων και οπλων
2b1204008e	ιησους ουν ειδως παντα τα ερχομενα επ αυτον εξελθων ειπεν αυτοις τινα ζητειτε
2b120500dd	απεκριθησαν αυτω ιησουν τον ναζωραιον λεγει αυτοις ο ιησους εγω ειμι ειστηκει δε και ιουδας ο παραδιδους αυτον μετ αυτων
2b1206007f	ως ουν ειπεν αυτοις οτι εγω ειμι απηλθον εις τα οπισω και επεσον χαμαι
2b12070087	παλιν ουν αυτους επηρωτησεν τινα ζητειτε οι δε ειπον ιησουν τον ναζωραιον
2b12080096	απεκριθη ο ιησους ειπον υμιν οτι εγω ειμι ει ουν εμε ζητειτε αφετε τουτους υπαγειν
2b1209008a	ινα πληρωθη ο λογος ον ειπεν οτι ους δεδωκας μοι ουκ απωλεσα εξ αυτων ουδενα
2b120a010f	σιμων ουν πετρος εχων μαχαιραν ειλκυσεν αυτην και επαισεν τον του αρχιερεως δουλον και απεκοψεν αυτου το ωτιον το δεξιον ην δε ονομα τω δουλω μαλχος
2b120b00c9	ειπεν ουν ο ιησους τω πετρω βαλε την μαχαιραν σου εις την θηκην το ποτηριον ο δεδωκεν μοι ο πατηρ ου μη πιω αυτο
2b120c00ae	η ουν σπειρα και ο χιλιαρχος και οι υπηρεται των ιουδαιων συνελαβον τον ιησουν και εδησαν αυτον
2b120d00b8	και απηγαγον αυτον προς ανναν πρωτον ην γαρ πενθερος του καιαφα ος ην αρχιερευς του ενιαυτου εκεινου
2b120e00ac	ην δε καιαφας ο συμβουλευσας τοις ιουδαιοις οτι συμφερει ενα ανθρωπον απολεσθαι υπερ του λαου
2b120f011c	ηκολουθει δε τω ιησου σιμων πετρος και {VAR1: ο} αλλος μαθητης ο δε μαθητης εκεινος ην γνωστος τω αρχιερει και συνεισηλθεν τω ιησου εις την αυλην του αρχιερεως
2b121000fa	ο δε πετρος ειστηκει προς τη θυρα εξω εξηλθεν ουν ο μαθητης ο αλλος ος ην γνωστος τω αρχιερει και ειπεν τη θυρωρω και εισηγαγεν τον πετρον
2b121100c7	λεγει ουν η παιδισκη η θυρωρος τω πετρω μη και συ εκ των μαθητων ει του ανθρωπου τουτου λεγει εκεινος ουκ ειμι
2b12120104	ειστηκεισαν δε οι δουλοι και οι υπηρεται ανθρακιαν πεποιηκοτες οτι ψυχος ην και εθερμαινοντο ην δε μετ αυτων ο πετρος εστως και θερμαινομενος
2b1213009c	ο ουν αρχιερευς ηρωτησεν τον ιησουν περι των μαθητων αυτου και περι της διδαχης αυτου
2b12140132	απεκριθη αυτω ο ιησους εγω παρρησια ελαλησα τω κοσμω εγω παντοτε εδιδαξα εν τη συναγωγη και εν τω ιερω οπου παντοτε οι ιουδαιοι συνερχονται και εν κρυπτω ελαλησα ουδεν
2b121500a2	τι με επερωτας επερωτησον τους ακηκοοτας τι ελαλησα αυτοις ιδε ουτοι οιδασιν α ειπον εγω
2b121600c8	ταυτα δε αυτου ειποντος εις των υπηρετων παρεστηκως εδωκεν ραπισμα τω ιησου ειπων ουτως αποκρινη τω αρχιερει
2b121700a4	απεκριθη αυτω ο ιησους ει κακως ελαλησα μαρτυρησον περι του κακου ει δε καλως τι με δερεις
2b1218007f	απεστειλεν {VAR2: ουν} αυτον ο αννας δεδεμενον προς καιαφαν τον αρχιερεα
2b121900e7	ην δε σιμων πετρος εστως και θερμαινομενος ειπον ουν αυτω μη και συ εκ των μαθητων αυτου ει ηρνησατο εκεινος και ειπεν ουκ ειμι
2b121a00d0	λεγει εις εκ των δουλων του αρχιερεως συγγενης ων ου απεκοψεν πετρος το ωτιον ουκ εγω σε ειδον εν τω κηπω μετ αυτου
2b121b0066	παλιν ουν ηρνησατο ο πετρος και ευθεως αλεκτωρ εφωνησεν
2b121c0111	αγουσιν ουν τον ιησουν απο του καιαφα εις το πραιτωριον ην δε πρωια και αυτοι ουκ εισηλθον εις το πραιτωριον ινα μη μιανθωσιν αλλ ινα φαγωσιν το πασχα
2b121d00a8	εξηλθεν ουν ο πιλατος προς αυτους και ειπεν τινα κατηγοριαν φερετε κατα του ανθρωπου τουτου
2b121e0093	απεκριθησαν και ειπον αυτω ει μη ην ουτος κακοποιος ουκ αν σοι παρεδωκαμεν αυτον
2b121f010a	ειπεν ουν αυτοις ο πιλατος λαβετε αυτον υμεις και κατα τον νομον υμων κρινατε αυτον ειπον ουν αυτω οι ιουδαιοι ημιν ουκ εξεστιν αποκτειναι ουδενα
2b12200092	ινα ο λογος του ιησου πληρωθη ον ειπεν σημαινων ποιω θανατω ημελλεν αποθνησκειν
2b122100d2	εισηλθεν ουν εις το πραιτωριον παλιν ο πιλατος και εφωνησεν τον ιησουν και ειπεν αυτω συ ει ο βασιλευς των ιουδαιων
2b1222008a	απεκριθη αυτω ο ιησους αφ εαυτου συ τουτο λεγεις η αλλοι σοι ειπον περι εμου
2b122300be	απεκριθη ο πιλατος μητι εγω ιουδαιος ειμι το εθνος το σον και οι αρχιερεις παρεδωκαν σε εμοι τι εποιησας
2b12240188	απεκριθη ο ιησους η βασιλεια η εμη ουκ εστιν εκ του κοσμου τουτου ει εκ του κοσμου τουτου ην η βασιλεια η εμη οι υπηρεται αν οι εμοι ηγωνιζοντο ινα μη παραδοθω τοις ιουδαιοις νυν δε η βασιλεια η εμη ουκ εστιν εντευθεν
2b122501a0	ειπεν ουν αυτω ο πιλατος ουκουν βασιλευς ει συ απεκριθη ο ιησους συ λεγεις οτι βασιλευς ειμι εγω εγω εις τουτο γεγεννημαι και εις τουτο εληλυθα εις τον κοσμον ινα μαρτυρησω τη αληθεια πας ο ων εκ της αληθειας ακουει μου της φωνης
2b12260101	λεγει αυτω ο πιλατος τι εστιν αληθεια και τουτο ειπων παλιν εξηλθεν προς τους ιουδαιους και λεγει αυτοις εγω ουδεμιαν αιτιαν ευρισκω εν αυτω
2b122700c2	εστιν δε συνηθεια υμιν ινα ενα υμιν απολυσω εν τω πασχα βουλεσθε ουν υμιν απολυσω τον βασιλεα των ιουδαιων
2b122800a2	εκραυγασαν ουν παλιν παντες λεγοντες μη τουτον αλλα τον βαραββαν ην δε ο βαραββας ληστης
2b13010060	τοτε ουν ελαβεν ο πιλατος τον ιησουν και εμαστιγωσεν
2b130200cf	και οι στρατιωται πλεξαντες στεφανον εξ ακανθων επεθηκαν αυτου τη κεφαλη και ιματιον πορφυρουν περιεβαλον αυτον
2b1303007c	και ελεγον χαιρε ο βασιλευς των ιουδαιων και εδιδουν αυτω ραπισματα
2b130400d5	εξηλθεν ουν παλιν εξω ο πιλατος και λεγει αυτοις ιδε αγω υμιν αυτον εξω ινα γνωτε οτι εν αυτω ουδεμιαν αιτιαν ευρισκω
2b130500ca	εξηλθεν ουν ο ιησους εξω φορων τον ακανθινον στεφανον και το πορφυρουν ιματιον και λεγει αυτοις ιδε ο ανθρωπος
2b1306014c	οτε ουν ειδον αυτον οι αρχιερεις και οι υπηρεται εκραυγασαν λεγοντες σταυρωσον σταυρωσον λεγει αυτοις ο πιλατος λαβετε αυτον υμεις και σταυρωσατε εγω γαρ ουχ ευρισκω εν αυτω αιτιαν
2b130700eb	απεκριθησαν αυτω οι ιουδαιοι ημεις νομον εχομεν και κατα τον νομον ημων οφειλει αποθανειν οτι εαυτον υιον {VAR2: του} θεου εποιησεν
2b13080069	οτε ουν ηκουσεν ο πιλατος τουτον τον λογον μαλλον εφοβηθη
2b130900bf	και εισηλθεν εις το πραιτωριον παλιν και λεγει τω ιησου ποθεν ει συ ο δε ιησους αποκρισιν ουκ εδωκεν αυτω
2b130a00c5	λεγει ουν αυτω ο πιλατος εμοι ου λαλεις ουκ οιδας οτι εξουσιαν εχω σταυρωσαι σε και εξουσιαν εχω απολυσαι σε
2b130b00f9	απεκριθη ο ιησους ουκ ειχες εξουσιαν ουδεμιαν κατ εμου ει μη ην σοι δεδομενον ανωθεν δια τουτο ο παραδιδους με σοι μειζονα αμαρτιαν εχει
2b130c0131	εκ τουτου εζητει ο πιλατος απολυσαι αυτον οι δε ιουδαιοι εκραζον λεγοντες εαν τουτον απολυσης ουκ ει φιλος του καισαρος πας ο βασιλεα αυτον ποιων αντιλεγει τω καισαρι
2b130d0104	ο ουν πιλατος ακουσας τουτον τον λογον ηγαγεν εξω τον ιησουν και εκαθισεν επι του βηματος εις τοπον λεγομενον λιθοστρωτον εβραιστι δε γαββαθα
2b130e009e	ην δε παρασκευη του πασχα ωρα δε ωσει εκτη και λεγει τοις ιουδαιοις ιδε ο βασιλευς υμων
2b130f0113	οι δε εκραυγασαν αρον αρον σταυρωσον αυτον λεγει αυτοις ο πιλατος τον βασιλεα υμων σταυρωσω απεκριθησαν οι αρχιερεις ουκ εχομεν βασιλεα ει μη καισαρα
2b13100096	τοτε ουν παρεδωκεν αυτον αυτοις ινα σταυρωθη παρελαβον δε τον ιησουν και απηγαγον
2b131100b6	και βασταζων τον σταυρον αυτου εξηλθεν εις τον λεγομενον κρανιου τοπον ος λεγεται εβραιστι γολγοθα
2b131200a2	οπου αυτον εσταυρωσαν και μετ αυτου αλλους δυο εντευθεν και εντευθεν μεσον δε τον ιησουν
2b131300da	εγραψεν δε και τιτλον ο πιλατος και εθηκεν επι του σταυρου ην δε γεγραμμενον ιησους ο ναζωραιος ο βασιλευς των ιουδαιων
2b1314011c	τουτον ουν τον τιτλον πολλοι ανεγνωσαν των ιουδαιων οτι εγγυς ην της πολεως ο τοπος οπου εσταυρωθη ο ιησους και ην γεγραμμενον εβραιστι ελληνιστι ρωμαιστι
2b131500eb	ελεγον ουν τω πιλατω οι αρχιερεις των ιουδαιων μη γραφε ο βασιλευς των ιουδαιων αλλ οτι εκεινος ειπεν βασιλευς ειμι των ιουδαιων
2b13160043	απεκριθη ο πιλατος ο γεγραφα γεγραφα
2b1317014d	οι ουν στρατιωται οτε εσταυρωσαν τον ιησουν ελαβον τα ιματια αυτου και εποιησαν τεσσαρα μερη εκαστω στρατιωτη μερος και τον χιτωνα ην δε ο χιτων αρραφος εκ των ανωθεν υφαντος δι ολου
2b13180192	ειπον ουν προς αλληλους μη σχισωμεν αυτον αλλα λαχωμεν περι αυτου τινος εσται ινα η γραφη πληρωθη η λεγουσα διεμερισαντο τα ιματια μου εαυτοις και επι τον ιματισμον μου εβαλον κληρον οι μεν ουν στρατιωται ταυτα εποιησαν
2b131900df	ειστηκεισαν δε παρα τω σταυρω του ιησου η μητηρ αυτου και η αδελφη της μητρος αυτου μαρια η του κλωπα και μαρια η μαγδαληνη
2b131a00bd	ιησους ουν ιδων την μητερα και τον μαθητην παρεστωτα ον ηγαπα λεγει τη μητρι αυτου γυναι ιδου ο υιος σου
2b131b00ad	ειτα λεγει τω μαθητη ιδου η μητηρ σου και απ εκεινης της ωρας ελαβεν αυτην ο μαθητης εις τα ιδια
2b131c0096	μετα τουτο ειδως ο ιησους οτι παντα ηδη τετελεσται ινα τελειωθη η γραφη λεγει διψω
2b131d00ce	σκευος ουν εκειτο οξους μεστον οι δε πλησαντες σπογγον οξους και υσσωπω περιθεντες προσηνεγκαν αυτου τω στοματι
2b131e00a7	οτε ουν ελαβεν το οξος ο ιησους ειπεν τετελεσται και κλινας την κεφαλην παρεδωκεν το πνευμα
2b131f018f	οι ουν ιουδαιοι {VAR2: επει παρασκευη ην} ινα μη μεινη επι του σταυρου τα σωματα εν τω σαββατω {VAR1: επει παρασκευη ην} ην γαρ μεγαλη η ημερα εκεινου του σαββατου ηρωτησαν τον πιλατον ινα κατεαγωσιν αυτων τα σκελη και αρθωσιν
2b132000b4	ηλθον ουν οι στρατιωται και του μεν πρωτου κατεαξαν τα σκελη και του αλλου του συσταυρωθεντος αυτω
2b13210096	επι δε τον ιησουν ελθοντες ως ειδον αυτον ηδη τεθνηκοτα ου κατεαξαν αυτου τα σκελη
2b1322009c	αλλ εις των στρατιωτων λογχη αυτου την πλευραν ενυξεν και ευθυς εξηλθεν αιμα και υδωρ
2b132300d1	και ο εωρακως μεμαρτυρηκεν και αληθινη αυτου εστιν η μαρτυρια κακεινος οιδεν οτι αληθη λεγει ινα υμεις πιστευσητε
2b1324007c	εγενετο γαρ ταυτα ινα η γραφη πληρωθη οστουν ου συντριβησεται αυτου
2b13250064	και παλιν ετερα γραφη λεγει οψονται εις ον εξεκεντησαν
2b1326017b	μετα δε ταυτα ηρωτησεν τον πιλατον ο ιωσηφ ο απο αριμαθαιας ων μαθητης του ιησου κεκρυμμενος δε δια τον φοβον των ιουδαιων ινα αρη το σωμα του ιησου και επετρεψεν ο πιλατος ηλθεν ουν και ηρεν το σωμα του ιησου
2b132700cd	ηλθεν δε και νικοδημος ο ελθων προς τον ιησουν νυκτος το πρωτον φερων μιγμα σμυρνης και αλοης ωσει λιτρας εκατον
2b132800d4	ελαβον ουν το σωμα του ιησου και εδησαν αυτο οθονιοις μετα των αρωματων καθως εθος εστιν τοις ιουδαιοις ενταφιαζειν
2b132900a8	ην δε εν τω τοπω οπου εσταυρωθη κηπος και εν τω κηπω μνημειον καινον εν ω ουδεπω ουδεις ετεθη
2b132a0098	εκει ουν δια την παρασκευην των ιουδαιων οτι εγγυς ην το μνημειον εθηκαν τον ιησουν
2b140100f1	τη δε μια των σαββατων μαρια η μαγδαληνη ερχεται πρωι σκοτιας ετι ουσης εις το μνημειον και βλεπει τον λιθον ηρμενον εκ του μνημειου
2b14020134	τρεχει ουν και ερχεται προς σιμωνα πετρον και προς τον αλλον μαθητην ον εφιλει ο ιησους και λεγει αυτοις ηραν τον κυριον εκ του μνημειου και ουκ οιδαμεν που εθηκαν αυτον
2b1403007c	εξηλθεν ουν ο πετρος και ο αλλος μαθητης και ηρχοντο εις το μνημειον
2b140400be	ετρεχον δε οι δυο ομου και ο αλλος μαθητης προεδραμεν ταχιον του πετρου και ηλθεν πρωτος εις το μνημειον
2b1405006a	και παρακυψας βλεπει κειμενα τα οθονια ου μεντοι εισηλθεν
2b140600b3	ερχεται ουν σιμων πετρος ακολουθων αυτω και εισηλθεν εις το μνημειον και θεωρει τα οθονια κειμενα
2b140700cd	και το σουδαριον ο ην επι της κεφαλης αυτου ου μετα των οθονιων κειμενον αλλα χωρις εντετυλιγμενον εις ενα τοπον
2b140800aa	τοτε ουν εισηλθεν και ο αλλος μαθητης ο ελθων πρωτος εις το μνημειον και ειδεν και επιστευσεν
2b14090074	ουδεπω γαρ ηδεισαν την γραφην οτι δει αυτον εκ νεκρων αναστηναι
2b140a004c	απηλθον ουν παλιν προς εαυτους οι μαθηται
2b140b00a2	μαρια δε ειστηκει προς το μνημειον κλαιουσα εξω ως ουν εκλαιεν παρεκυψεν εις το μνημειον
2b140c00db	και θεωρει δυο αγγελους εν λευκοις καθεζομενους ενα προς τη κεφαλη και ενα προς τοις ποσιν οπου εκειτο το σωμα του ιησου
2b140d00c7	και λεγουσιν αυτη εκεινοι γυναι τι κλαιεις λεγει αυτοις οτι ηραν τον κυριον μου και ουκ οιδα που εθηκαν αυτον
2b140e00b4	και ταυτα ειπουσα εστραφη εις τα οπισω και θεωρει τον ιησουν εστωτα και ουκ ηδει οτι ο ιησους εστιν
2b140f012b	λεγει αυτη ο ιησους γυναι τι κλαιεις τινα ζητεις εκεινη δοκουσα οτι ο κηπουρος εστιν λεγει αυτω κυριε ει συ εβαστασας αυτον ειπε μοι που αυτον εθηκας καγω αυτον αρω
2b14100098	λεγει αυτη ο ιησους μαρια στραφεισα εκεινη λεγει αυτω ραββουνι ο λεγεται διδασκαλε
2b1411015e	λεγει αυτη ο ιησους μη μου απτου ουπω γαρ αναβεβηκα προς τον πατερα μου πορευου δε προς τους αδελφους μου και ειπε αυτοις αναβαινω προς τον πατερα μου και πατερα υμων και θεον μου και θεον υμων
2b141200b2	ερχεται μαρια η μαγδαληνη απαγγελλουσα τοις μαθηταις οτι εωρακεν τον κυριον και ταυτα ειπεν αυτη
2b14130172	ουσης ουν οψιας τη ημερα εκεινη τη μια των σαββατων και των θυρων κεκλεισμενων οπου ησαν οι μαθηται συνηγμενοι δια τον φοβον των ιουδαιων ηλθεν ο ιησους και εστη εις το μεσον και λεγει αυτοις ειρηνη υμιν
2b141400c3	και τουτο ειπων εδειξεν αυτοις τας χειρας και την πλευραν αυτου εχαρησαν ουν οι μαθηται ιδοντες τον κυριον
2b1415009f	ειπεν ουν αυτοις ο ιησους παλιν ειρηνη υμιν καθως απεσταλκεν με ο πατηρ καγω πεμπω υμας
2b14160075	και τουτο ειπων ενεφυσησεν και λεγει αυτοις λαβετε πνευμα αγιον
2b14170086	αν τινων αφητε τας αμαρτιας αφιενται αυτοις αν τινων κρατητε κεκρατηνται
2b14180094	θωμας δε εις εκ των δωδεκα ο λεγομενος διδυμος ουκ ην μετ αυτων οτε ηλθεν ο ιησους
2b141901a1	ελεγον ουν αυτω οι αλλοι μαθηται εωρακαμεν τον κυριον ο δε ειπεν αυτοις εαν μη ιδω εν ταις χερσιν αυτου τον τυπον των ηλων και βαλω τον δακτυλον μου εις τον τυπον των ηλων και βαλω την χειρα μου εις την πλευραν αυτου ου μη πιστευσω
2b141a011a	και μεθ ημερας οκτω παλιν ησαν εσω οι μαθηται αυτου και θωμας μετ αυτων ερχεται ο ιησους των θυρων κεκλεισμενων και εστη εις το μεσον και ειπεν ειρηνη υμιν
2b141b0112	ειτα λεγει τω θωμα φερε τον δακτυλον σου ωδε και ιδε τας χειρας μου και φερε την χειρα σου και βαλε εις την πλευραν μου και μη γινου απιστος αλλα πιστος
2b141c0071	και απεκριθη ο θωμας και ειπεν αυτω ο κυριος μου και ο θεος μου
2b141d00a8	λεγει αυτω ο ιησους οτι εωρακας με θωμα πεπιστευκας μακαριοι οι μη ιδοντες και πιστευσαντες
2b141e00d2	πολλα μεν ουν και αλλα σημεια εποιησεν ο ιησους ενωπιον των μαθητων αυτου α ουκ εστιν γεγραμμενα εν τω βιβλιω τουτω
2b141f00eb	ταυτα δε γεγραπται ινα πιστευσητε οτι ο ιησους εστιν ο χριστος ο υιος του θεου και ινα πιστευοντες ζωην εχητε εν τω ονοματι αυτου
2b150100ca	μετα ταυτα εφανερωσεν εαυτον παλιν ο ιησους τοις μαθηταις επι της θαλασσης της τιβεριαδος εφανερωσεν δε ουτως
2b1502010a	ησαν ομου σιμων πετρος και θωμας ο λεγομενος διδυμος και ναθαναηλ ο απο κανα της γαλιλαιας και οι του ζεβεδαιου και αλλοι εκ των μαθητων αυτου δυο
2b15030124	λεγει αυτοις σιμων πετρος υπαγω αλιευειν λεγουσιν αυτω ερχομεθα και ημεις συν σοι εξηλθον και ανεβησαν εις το πλοιον ευθυς και εν εκεινη τη νυκτι επιασαν ουδεν
2b150400b7	πρωιας δε ηδη γενομενης εστη ο ιησους εις τον αιγιαλον ου μεντοι ηδεισαν οι μαθηται οτι ιησους εστιν
2b1505008a	λεγει ουν αυτοις ο ιησους παιδια μη τι προσφαγιον εχετε απεκριθησαν αυτω ου
2b1506010d	ο δε ειπεν αυτοις βαλετε εις τα δεξια μερη του πλοιου το δικτυον και ευρησετε εβαλον ουν και ουκ ετι αυτο ελκυσαι ισχυσαν απο του πληθους των ιχθυων
2b15070153	λεγει ουν ο μαθητης εκεινος ον ηγαπα ο ιησους τω πετρω ο κυριος εστιν σιμων ουν πετρος ακουσας οτι ο κυριος εστιν τον επενδυτην διεζωσατο ην γαρ γυμνος και εβαλεν εαυτον εις την θαλασσαν
2b150800e5	οι δε αλλοι μαθηται τω πλοιαριω ηλθον ου γαρ ησαν μακραν απο της γης αλλ ως απο πηχων διακοσιων συροντες το δικτυον των ιχθυων
2b150900a7	ως ουν απεβησαν εις την γην βλεπουσιν ανθρακιαν κειμενην και οψαριον επικειμενον και αρτον
2b150a0072	λεγει αυτοις ο ιησους ενεγκατε απο των οψαριων ων επιασατε νυν
2b150b0105	ανεβη σιμων πετρος και ειλκυσεν το δικτυον επι της γης μεστον ιχθυων μεγαλων εκατον πεντηκοντατριων και τοσουτων οντων ουκ εσχισθη το δικτυον
2b150c00da	λεγει αυτοις ο ιησους δευτε αριστησατε ουδεις δε ετολμα των μαθητων εξετασαι αυτον συ τις ει ειδοτες οτι ο κυριος εστιν
2b150d009a	ερχεται ουν ο ιησους και λαμβανει τον αρτον και διδωσιν αυτοις και το οψαριον ομοιως
2b150e0089	τουτο ηδη τριτον εφανερωθη ο ιησους τοις μαθηταις αυτου εγερθεις εκ νεκρων
2b150f0119	οτε ουν ηριστησαν λεγει τω σιμωνι πετρω ο ιησους σιμων ιωνα αγαπας με πλειον τουτων λεγει αυτω ναι κυριε συ οιδας οτι φιλω σε λεγει αυτω βοσκε τα αρνια μου
2b151000e0	λεγει αυτω παλιν δευτερον σιμων ιωνα αγαπας με λεγει αυτω ναι κυριε συ οιδας οτι φιλω σε λεγει αυτω ποιμαινε τα προβατα μου
2b15110161	λεγει αυτω το τριτον σιμων ιωνα φιλεις με ελυπηθη ο πετρος οτι ειπεν αυτω το τριτον φιλεις με και ειπεν αυτω κυριε συ παντα οιδας συ γινωσκεις οτι φιλω σε λεγει αυτω ο ιησους βοσκε τα προβατα μου
2b1512012a	αμην αμην λεγω σοι οτε ης νεωτερος εζωννυες σεαυτον και περιεπατεις οπου ηθελες οταν δε γηρασης εκτενεις τας χειρας σου και αλλος σε ζωσει και οισει οπου ου θελεις
2b151300ab	τουτο δε ειπεν σημαινων ποιω θανατω δοξασει τον θεον και τουτο ειπων λεγει αυτω ακολουθει μοι
2b1514012b	επιστραφεις δε ο πετρος βλεπει τον μαθητην ον ηγαπα ο ιησους ακολουθουντα ος και ανεπεσεν εν τω δειπνω επι το στηθος αυτου και ειπεν κυριε τις εστιν ο παραδιδους σε
2b15150060	τουτον ιδων ο πετρος λεγει τω ιησου κυριε ουτος δε τι
2b15160093	λεγει αυτω ο ιησους εαν αυτον θελω μενειν εως ερχομαι τι προς σε συ ακολουθει μοι
2b15170140	εξηλθεν ουν ο λογος ουτος εις τους αδελφους οτι ο μαθητης εκεινος ουκ αποθνησκει και ουκ ειπεν αυτω ο ιησους οτι ουκ αποθνησκει αλλ εαν αυτον θελω μενειν εως ερχομαι τι προς σε
2b151800c4	ουτος εστιν ο μαθητης ο μαρτυρων περι τουτων και γραψας ταυτα και οιδαμεν οτι αληθης εστιν η μαρτυρια αυτου
2b151900f1	εστιν δε και αλλα πολλα οσα εποιησεν ο ιησους ατινα εαν γραφηται καθ εν ουδε αυτον οιμαι τον κοσμον χωρησαι τα γραφομενα βιβλια αμην
2c0000000e	Πραξεις
2c010100b0	τον μεν πρωτον λογον εποιησαμην περι παντων ω θεοφιλε ων ηρξατο ο ιησους ποιειν τε και διδασκειν
2c010200a1	αχρι ης ημερας εντειλαμενος τοις αποστολοις δια πνευματος αγιου ους εξελεξατο ανεληφθη
2c01030122	οις και παρεστησεν εαυτον ζωντα μετα το παθειν αυτον εν πολλοις τεκμηριοις δι ημερων τεσσαρακοντα οπτανομενος αυτοις και λεγων τα περι της βασιλειας του θεου
2c01040102	και συναλιζομενος {VAR2: μετ αυτων} παρηγγειλεν αυτοις απο ιεροσολυμων μη χωριζεσθαι αλλα περιμενειν την επαγγελιαν του πατρος ην ηκουσατε μου
2c010500b9	οτι ιωαννης μεν εβαπτισεν υδατι υμεις δε βαπτισθησεσθε εν πνευματι αγιω ου μετα πολλας ταυτας ημερας
2c010600cf	οι μεν ουν συνελθοντες επηρωτων αυτον λεγοντες κυριε ει εν τω χρονω τουτω αποκαθιστανεις την βασιλειαν τω ισραηλ
2c010700b0	ειπεν δε προς αυτους ουχ υμων εστιν γνωναι χρονους η καιρους ους ο πατηρ εθετο εν τη ιδια εξουσια
2c01080125	αλλα ληψεσθε δυναμιν επελθοντος του αγιου πνευματος εφ υμας και εσεσθε μοι μαρτυρες εν τε ιερουσαλημ και εν παση τη ιουδαια και σαμαρεια και εως εσχατου της γης
2c010900a1	και ταυτα ειπων βλεποντων αυτων επηρθη και νεφελη υπελαβεν αυτον απο των οφθαλμων αυτων
2c010a00d5	και ως ατενιζοντες ησαν εις τον ουρανον πορευομενου αυτου και ιδου ανδρες δυο παρειστηκεισαν αυτοις εν εσθητι λευκη
2c010b0160	οι και ειπον ανδρες γαλιλαιοι τι εστηκατε εμβλεποντες εις τον ουρανον ουτος ο ιησους ο αναληφθεις αφ υμων εις τον ουρανον ουτως ελευσεται ον τροπον εθεασασθε αυτον πορευομενον εις τον ουρανον
2c010c00c9	τοτε υπεστρεψαν εις ιερουσαλημ απο ορους του καλουμενου ελαιωνος ο εστιν εγγυς ιερουσαλημ σαββατου εχον οδον
2c010d0181	και οτε εισηλθον ανεβησαν εις το υπερωον ου ησαν καταμενοντες ο τε πετρος και ιακωβος και ιωαννης και ανδρεας φιλιππος και θωμας βαρθολομαιος και ματθαιος ιακωβος αλφαιου και σιμων ο ζηλωτης και ιουδας ιακωβου
2c010e0104	ουτοι παντες ησαν προσκαρτερουντες ομοθυμαδον τη προσευχη και τη δεησει συν γυναιξιν και μαρια τη μητρι του ιησου και συν τοις αδελφοις αυτου
2c010f00d9	και εν ταις ημεραις ταυταις αναστας πετρος εν μεσω των μαθητων ειπεν ην τε οχλος ονοματων επι το αυτο ως εκατον εικοσιν
2c01100124	ανδρες αδελφοι εδει πληρωθηναι την γραφην ταυτην ην προειπεν το πνευμα το αγιον δια στοματος δαβιδ περι ιουδα του γενομενου οδηγου τοις συλλαβουσιν τον ιησουν
2c01110087	οτι κατηριθμημενος ην συν ημιν και ελαχεν τον κληρον της διακονιας ταυτης
2c011200ea	ουτος μεν ουν εκτησατο χωριον εκ του μισθου της αδικιας και πρηνης γενομενος ελακησεν μεσος και εξεχυθη παντα τα σπλαγχνα αυτου
2c01130108	και γνωστον εγενετο πασιν τοις κατοικουσιν ιερουσαλημ ωστε κληθηναι το χωριον εκεινο τη ιδια διαλεκτω αυτων ακελδαμα τουτ εστιν χωριον αιματος
2c011400ec	γεγραπται γαρ εν βιβλω ψαλμων γενηθητω η επαυλις αυτου ερημος και μη εστω ο κατοικων εν αυτη και την επισκοπην αυτου λαβοι ετερος
2c011500b6	δει ουν των συνελθοντων ημιν ανδρων εν παντι χρονω εν ω εισηλθεν και εξηλθεν εφ ημας ο κυριος ιησους
2c011600f0	αρξαμενος απο του βαπτισματος ιωαννου εως της ημερας ης ανεληφθη αφ ημων μαρτυρα της αναστασεως αυτου γενεσθαι συν ημιν ενα τουτων
2c0117008f	και εστησαν δυο ιωσηφ τον καλουμενον βαρσαβαν ος επεκληθη ιουστος και ματθιαν
2c011800cc	και προσευξαμενοι ειπον συ κυριε καρδιογνωστα παντων αναδειξον εκ τουτων των δυο {VAR1: ενα ον} {VAR2: ον ενα} εξελεξω
2c011900c5	λαβειν τον κληρον της διακονιας ταυτης και αποστολης εξ ης παρεβη ιουδας πορευθηναι εις τον τοπον τον ιδιον
2c011a00bb	και εδωκαν κληρους αυτων και επεσεν ο κληρος επι ματθιαν και συγκατεψηφισθη μετα των ενδεκα αποστολων
2c0201009f	και εν τω συμπληρουσθαι την ημεραν της πεντηκοστης ησαν απαντες ομοθυμαδον επι το αυτο
2c020200ce	και εγενετο αφνω εκ του ουρανου ηχος ωσπερ φερομενης πνοης βιαιας και επληρωσεν ολον τον οικον ου ησαν καθημενοι
2c0203009e	και ωφθησαν αυτοις διαμεριζομεναι γλωσσαι ωσει πυρος εκαθισεν τε εφ ενα εκαστον αυτων
2c020400dd	και επλησθησαν απαντες πνευματος αγιου και ηρξαντο λαλειν ετεραις γλωσσαις καθως το πνευμα εδιδου αυτοις αποφθεγγεσθαι
2c020500b4	ησαν δε εν ιερουσαλημ κατοικουντες ιουδαιοι ανδρες ευλαβεις απο παντος εθνους των υπο τον ουρανον
2c020600d8	γενομενης δε της φωνης ταυτης συνηλθεν το πληθος και συνεχυθη οτι ηκουον εις εκαστος τη ιδια διαλεκτω λαλουντων αυτων
2c020700c7	εξισταντο δε παντες και εθαυμαζον λεγοντες προς αλληλους ουκ ιδου παντες ουτοι εισιν οι λαλουντες γαλιλαιοι
2c0208007f	και πως ημεις ακουομεν εκαστος τη ιδια διαλεκτω ημων εν η εγεννηθημεν
2c020900d5	παρθοι και μηδοι και ελαμιται και οι κατοικουντες την μεσοποταμιαν ιουδαιαν τε και καππαδοκιαν ποντον και την ασιαν
2c020a00ec	φρυγιαν τε και παμφυλιαν αιγυπτον και τα μερη της λιβυης της κατα κυρηνην και οι επιδημουντες ρωμαιοι ιουδαιοι τε και προσηλυτοι
2c020b00a2	κρητες και αραβες ακουομεν λαλουντων αυτων ταις ημετεραις γλωσσαις τα μεγαλεια του θεου
2c020c0099	εξισταντο δε παντες και διηπορουν αλλος προς αλλον λεγοντες τι αν θελοι τουτο ειναι
2c020d0071	ετεροι δε χλευαζοντες ελεγον οτι γλευκους μεμεστωμενοι εισιν
2c020e015a	σταθεις δε πετρος συν τοις ενδεκα επηρεν την φωνην αυτου και απεφθεγξατο αυτοις ανδρες ιουδαιοι και οι κατοικουντες ιερουσαλημ απαντες τουτο υμιν γνωστον εστω και ενωτισασθε τα ρηματα μου
2c020f008a	ου γαρ ως υμεις υπολαμβανετε ουτοι μεθυουσιν εστιν γαρ ωρα τριτη της ημερας
2c0210005e	αλλα τουτο εστιν το ειρημενον δια του προφητου ιωηλ
2c021101ab	και εσται εν ταις εσχαταις ημεραις λεγει ο θεος εκχεω απο του πνευματος μου επι πασαν σαρκα και προφητευσουσιν οι υιοι υμων και αι θυγατερες υμων και οι νεανισκοι υμων ορασεις οψονται και οι πρεσβυτεροι υμων ενυπνια ενυπνιασθησονται
2c021200df	και γε επι τους δουλους μου και επι τας δουλας μου εν ταις ημεραις εκειναις εκχεω απο του πνευματος μου και προφητευσουσιν
2c021300a4	και δωσω τερατα εν τω ουρανω ανω και σημεια επι της γης κατω αιμα και πυρ και ατμιδα καπνου
2c021400cd	ο ηλιος μεταστραφησεται εις σκοτος και η σεληνη εις αιμα πριν η ελθειν την ημεραν κυριου την μεγαλην και επιφανη
2c0215006b	και εσται πας ος αν επικαλεσηται το ονομα κυριου σωθησεται
2c02160183	ανδρες ισραηλιται ακουσατε τους λογους τουτους ιησουν τον ναζωραιον ανδρα απο του θεου αποδεδειγμενον εις υμας δυναμεσιν και τερασιν και σημειοις οις εποιησεν δι αυτου ο θεος εν μεσω υμων καθως και αυτοι οιδατε
2c021700c2	τουτον τη ωρισμενη βουλη και προγνωσει του θεου εκδοτον λαβοντες δια χειρων ανομων προσπηξαντες ανειλετε
2c021800b0	ον ο θεος ανεστησεν λυσας τας ωδινας του θανατου καθοτι ουκ ην δυνατον κρατεισθαι αυτον υπ αυτου
2c021900c5	δαβιδ γαρ λεγει εις αυτον προωρωμην τον κυριον ενωπιον μου δια παντος οτι εκ δεξιων μου εστιν ινα μη σαλευθω
2c021a00bf	δια τουτο ευφρανθη η καρδια μου και ηγαλλιασατο η γλωσσα μου ετι δε και η σαρξ μου κατασκηνωσει επ ελπιδι
2c021b009e	οτι ουκ εγκαταλειψεις την ψυχην μου εις αδου ουδε δωσεις τον οσιον σου ιδειν διαφθοραν
2c021c0082	εγνωρισας μοι οδους ζωης πληρωσεις με ευφροσυνης μετα του προσωπου σου
2c021d012b	ανδρες αδελφοι εξον ειπειν μετα παρρησιας προς υμας περι του πατριαρχου δαβιδ οτι και ετελευτησεν και εταφη και το μνημα αυτου εστιν εν ημιν αχρι της ημερας ταυτης
2c021e0114	προφητης ουν υπαρχων και ειδως οτι ορκω ωμοσεν αυτω ο θεος εκ καρπου της οσφυος αυτου το κατα σαρκα αναστησειν τον χριστον καθισαι επι του θρονου αυτου
2c021f00e0	προιδων ελαλησεν περι της αναστασεως του χριστου οτι ου κατελειφθη η ψυχη αυτου εις αδου ουδε η σαρξ αυτου ειδεν διαφθοραν
2c02200078	τουτον τον ιησουν ανεστησεν ο θεος ου παντες ημεις εσμεν μαρτυρες
2c022100f7	τη δεξια ουν του θεου υψωθεις την τε επαγγελιαν του αγιου πνευματος λαβων παρα του πατρος εξεχεεν τουτο ο νυν υμεις βλεπετε και ακουετε
2c022200b3	ου γαρ δαβιδ ανεβη εις τους ουρανους λεγει δε αυτος ειπεν ο κυριος τω κυριω μου καθου εκ δεξιων μου
2c0223005b	εως αν θω τους εχθρους σου υποποδιον των ποδων σου
2c022400e8	ασφαλως ουν γινωσκετω πας οικος ισραηλ οτι και κυριον και χριστον αυτον ο θεος εποιησεν τουτον τον ιησουν ον υμεις εσταυρωσατε
2c022500d7	ακουσαντες δε κατενυγησαν τη καρδια ειπον τε προς τον πετρον και τους λοιπους αποστολους τι ποιησομεν ανδρες αδελφοι
2c02260122	πετρος δε εφη προς αυτους μετανοησατε και βαπτισθητω εκαστος υμων επι τω ονοματι ιησου χριστου εις αφεσιν αμαρτιων και ληψεσθε την δωρεαν του αγιου πνευματος
2c022700d4	υμιν γαρ εστιν η επαγγελια και τοις τεκνοις υμων και πασιν τοις εις μακραν οσους αν προσκαλεσηται κυριος ο θεος ημων
2c022800ba	ετεροις τε λογοις πλειοσιν διεμαρτυρετο και παρεκαλει λεγων σωθητε απο της γενεας της σκολιας ταυτης
2c022900d6	οι μεν ουν ασμενως αποδεξαμενοι τον λογον αυτου εβαπτισθησαν και προσετεθησαν τη ημερα εκεινη ψυχαι ωσει τρισχιλιαι
2c022a00c7	ησαν δε προσκαρτερουντες τη διδαχη των αποστολων και τη κοινωνια και τη κλασει του αρτου και ταις προσευχαις
2c022b0091	εγενετο δε παση ψυχη φοβος πολλα τε τερατα και σημεια δια των αποστολων εγινετο
2c022c0075	παντες δε οι πιστευοντες ησαν επι το αυτο και ειχον απαντα κοινα
2c022d00af	και τα κτηματα και τας υπαρξεις επιπρασκον και διεμεριζον αυτα πασιν καθοτι αν τις χρειαν ειχεν
2c022e00fb	καθ ημεραν τε προσκαρτερουντες ομοθυμαδον εν τω ιερω κλωντες τε κατ οικον αρτον μετελαμβανον τροφης εν αγαλλιασει και αφελοτητι καρδιας
2c022f00d7	αινουντες τον θεον και εχοντες χαριν προς ολον τον λαον ο δε κυριος προσετιθει τους σωζομενους καθ ημεραν τη εκκλησια
2c030100ad	επι το αυτο δε πετρος και ιωαννης ανεβαινον εις το ιερον επι την ωραν της προσευχης την εννατην
2c0302015c	και τις ανηρ χωλος εκ κοιλιας μητρος αυτου υπαρχων εβασταζετο ον ετιθουν καθ ημεραν προς την θυραν του ιερου την λεγομενην ωραιαν του αιτειν ελεημοσυνην παρα των εισπορευομενων εις το ιερον
2c030300a2	ος ιδων πετρον και ιωαννην μελλοντας εισιεναι εις το ιερον ηρωτα ελεημοσυνην {VAR1: λαβειν}
2c03040075	ατενισας δε πετρος εις αυτον συν τω ιωαννη ειπεν βλεψον εις ημας
2c0305005a	ο δε επειχεν αυτοις προσδοκων τι παρ αυτων λαβειν
2c03060104	ειπεν δε πετρος αργυριον και χρυσιον ουχ υπαρχει μοι ο δε εχω τουτο σοι διδωμι εν τω ονοματι ιησου χριστου του ναζωραιου εγειραι και περιπατει
2c030700b3	και πιασας αυτον της δεξιας χειρος ηγειρεν παραχρημα δε εστερεωθησαν αυτου αι βασεις και τα σφυρα
2c030800d4	και εξαλλομενος εστη και περιεπατει και εισηλθεν συν αυτοις εις το ιερον περιπατων και αλλομενος και αινων τον θεον
2c03090070	και ειδεν αυτον πας ο λαος περιπατουντα και αινουντα τον θεον
2c030a011d	επεγινωσκον τε αυτον οτι ουτος ην ο προς την ελεημοσυνην καθημενος επι τη ωραια πυλη του ιερου και επλησθησαν θαμβους και εκστασεως επι τω συμβεβηκοτι αυτω
2c030b00f7	κρατουντος δε του ιαθεντος χωλου τον πετρον και ιωαννην συνεδραμεν προς αυτους πας ο λαος επι τη στοα τη καλουμενη σολομωντος εκθαμβοι
2c030c0127	ιδων δε πετρος απεκρινατο προς τον λαον ανδρες ισραηλιται τι θαυμαζετε επι τουτω η ημιν τι ατενιζετε ως ιδια δυναμει η ευσεβεια πεποιηκοσιν του περιπατειν αυτον
2c030d0148	ο θεος αβρααμ και ισαακ και ιακωβ ο θεος των πατερων ημων εδοξασεν τον παιδα αυτου ιησουν ον υμεις παρεδωκατε και ηρνησασθε αυτον κατα προσωπον πιλατου κριναντος εκεινου απολυειν
2c030e0096	υμεις δε τον αγιον και δικαιον ηρνησασθε και ητησασθε ανδρα φονεα χαρισθηναι υμιν
2c030f009f	τον δε αρχηγον της ζωης απεκτεινατε ον ο θεος ηγειρεν εκ νεκρων ου ημεις μαρτυρες εσμεν
2c03100139	και επι τη πιστει του ονοματος αυτου τουτον ον θεωρειτε και οιδατε εστερεωσεν το ονομα αυτου και η πιστις η δι αυτου εδωκεν αυτω την ολοκληριαν ταυτην απεναντι παντων υμων
2c03110086	και νυν αδελφοι οιδα οτι κατα αγνοιαν επραξατε ωσπερ και οι αρχοντες υμων
2c031200b9	ο δε θεος α προκατηγγειλεν δια στοματος παντων των προφητων αυτου παθειν τον χριστον επληρωσεν ουτως
2c031300ea	μετανοησατε ουν και επιστρεψατε εις το εξαλειφθηναι υμων τας αμαρτιας οπως αν ελθωσιν καιροι αναψυξεως απο προσωπου του κυριου
2c03140064	και αποστειλη τον προκεκηρυγμενον υμιν ιησουν χριστον
2c031500f2	ον δει ουρανον μεν δεξασθαι αχρι χρονων αποκαταστασεως παντων ων ελαλησεν ο θεος δια στοματος παντων αγιων αυτου προφητων απ αιωνος
2c03160127	μωσης μεν γαρ προς τους πατερας ειπεν οτι προφητην υμιν αναστησει κυριος ο θεος υμων εκ των αδελφων υμων ως εμε αυτου ακουσεσθε κατα παντα οσα αν λαληση προς υμας
2c0317009e	εσται δε πασα ψυχη ητις αν μη ακουση του προφητου εκεινου εξολοθρευθησεται εκ του λαου
2c031800c0	και παντες δε οι προφηται απο σαμουηλ και των καθεξης οσοι ελαλησαν και προκατηγγειλαν τας ημερας ταυτας
2c03190130	υμεις εστε υιοι των προφητων και της διαθηκης ης διεθετο ο θεος προς τους πατερας ημων λεγων προς αβρααμ και τω σπερματι σου ενευλογηθησονται πασαι αι πατριαι της γης
2c031a00f4	υμιν πρωτον ο θεος αναστησας τον παιδα αυτου ιησουν απεστειλεν αυτον ευλογουντα υμας εν τω αποστρεφειν εκαστον απο των πονηριων υμων
2c040100bf	λαλουντων δε αυτων προς τον λαον επεστησαν αυτοις οι ιερεις και ο στρατηγος του ιερου και οι σαδδουκαιοι
2c040200be	διαπονουμενοι δια το διδασκειν αυτους τον λαον και καταγγελλειν εν τω ιησου την αναστασιν την εκ νεκρων
2c0403009d	και επεβαλον αυτοις τας χειρας και εθεντο εις τηρησιν εις την αυριον ην γαρ εσπερα ηδη
2c040400b5	πολλοι δε των ακουσαντων τον λογον επιστευσαν και εγενηθη ο αριθμος των ανδρων ωσει χιλιαδες πεντε
2c040500a4	εγενετο δε επι την αυριον συναχθηναι αυτων τους αρχοντας και πρεσβυτερους και γραμματεις
2c040600d1	εις ιερουσαλημ και ανναν τον αρχιερεα και καιαφαν και ιωαννην και αλεξανδρον και οσοι ησαν εκ γενους αρχιερατικου
2c040700b6	και στησαντες αυτους εν τω μεσω επυνθανοντο εν ποια δυναμει η εν ποιω ονοματι εποιησατε τουτο υμεις
2c040800b8	τοτε πετρος πλησθεις πνευματος αγιου ειπεν προς αυτους αρχοντες του λαου και πρεσβυτεροι του ισραηλ
2c0409009d	ει ημεις σημερον ανακρινομεθα επι ευεργεσια ανθρωπου ασθενους εν τινι ουτος σεσωσται
2c040a0156	γνωστον εστω πασιν υμιν και παντι τω λαω ισραηλ οτι εν τω ονοματι ιησου χριστου του ναζωραιου ον υμεις εσταυρωσατε ον ο θεος ηγειρεν εκ νεκρων εν τουτω ουτος παρεστηκεν ενωπιον υμων υγιης
2c040b00a8	ουτος εστιν ο λιθος ο εξουθενηθεις υφ υμων των οικοδομουντων ο γενομενος εις κεφαλην γωνιας
2c040c00ec	και ουκ εστιν εν αλλω ουδενι η σωτηρια ουτε γαρ ονομα εστιν ετερον υπο τον ουρανον το δεδομενον εν ανθρωποις εν ω δει σωθηναι ημας
2c040d0130	θεωρουντες δε την του πετρου παρρησιαν και ιωαννου και καταλαβομενοι οτι ανθρωποι αγραμματοι εισιν και ιδιωται εθαυμαζον επεγινωσκον τε αυτους οτι συν τω ιησου ησαν
2c040e009d	τον δε ανθρωπον βλεποντες συν αυτοις εστωτα τον τεθεραπευμενον ουδεν ειχον αντειπειν
2c040f0087	κελευσαντες δε αυτους εξω του συνεδριου απελθειν συνεβαλον προς αλληλους
2c04100126	λεγοντες τι ποιησομεν τοις ανθρωποις τουτοις οτι μεν γαρ γνωστον σημειον γεγονεν δι αυτων πασιν τοις κατοικουσιν ιερουσαλημ φανερον και ου δυναμεθα αρνησασθαι
2c041100e1	αλλ ινα μη επι πλειον διανεμηθη εις τον λαον απειλη απειλησωμεθα αυτοις μηκετι λαλειν επι τω ονοματι τουτω μηδενι ανθρωπων
2c041200c3	και καλεσαντες αυτους παρηγγειλαν αυτοις το καθολου μη φθεγγεσθαι μηδε διδασκειν επι τω ονοματι του ιησου
2c041300e9	ο δε πετρος και ιωαννης αποκριθεντες προς αυτους ειπον ει δικαιον εστιν ενωπιον του θεου υμων ακουειν μαλλον η του θεου κρινατε
2c04140065	ου δυναμεθα γαρ ημεις α ειδομεν και ηκουσαμεν μη λαλειν
2c04150103	οι δε προσαπειλησαμενοι απελυσαν αυτους μηδεν ευρισκοντες το πως κολασωνται αυτους δια τον λαον οτι παντες εδοξαζον τον θεον επι τω γεγονοτι
2c041600a0	ετων γαρ ην πλειονων τεσσαρακοντα ο ανθρωπος εφ ον εγεγονει το σημειον τουτο της ιασεως
2c041700c4	απολυθεντες δε ηλθον προς τους ιδιους και απηγγειλαν οσα προς αυτους οι αρχιερεις και οι πρεσβυτεροι ειπον
2c04180117	οι δε ακουσαντες ομοθυμαδον ηραν φωνην προς τον θεον και ειπον δεσποτα συ ο θεος ο ποιησας τον ουρανον και την γην και την θαλασσαν και παντα τα εν αυτοις
2c0419009f	ο δια στοματος δαβιδ του παιδος σου ειπων ινα τι εφρυαξαν εθνη και λαοι εμελετησαν κενα
2c041a00cd	παρεστησαν οι βασιλεις της γης και οι αρχοντες συνηχθησαν επι το αυτο κατα του κυριου και κατα του χριστου αυτου
2c041b00e9	συνηχθησαν γαρ επ αληθειας επι τον αγιον παιδα σου ιησουν ον εχρισας ηρωδης τε και ποντιος πιλατος συν εθνεσιν και λαοις ισραηλ
2c041c0068	ποιησαι οσα η χειρ σου και η βουλη σου προωρισεν γενεσθαι
2c041d00ca	και τα νυν κυριε επιδε επι τας απειλας αυτων και δος τοις δουλοις σου μετα παρρησιας πασης λαλειν τον λογον σου
2c041e00d5	εν τω την χειρα σου εκτεινειν σε εις ιασιν και σημεια και τερατα γινεσθαι δια του ονοματος του αγιου παιδος σου ιησου
2c041f0106	και δεηθεντων αυτων εσαλευθη ο τοπος εν ω ησαν συνηγμενοι και επλησθησαν απαντες πνευματος αγιου και ελαλουν τον λογον του θεου μετα παρρησιας
2c04200115	του δε πληθους των πιστευσαντων ην η καρδια και η ψυχη μια και {VAR1: ουδε} {VAR2: ουδ} εις τι των υπαρχοντων αυτω ελεγεν ιδιον ειναι αλλ ην αυτοις απαντα κοινα
2c042100e3	και μεγαλη δυναμει απεδιδουν το μαρτυριον οι αποστολοι της αναστασεως του κυριου ιησου χαρις τε μεγαλη ην επι παντας αυτους
2c042200e5	ουδε γαρ ενδεης τις υπηρχεν εν αυτοις οσοι γαρ κτητορες χωριων η οικιων υπηρχον πωλουντες εφερον τας τιμας των πιπρασκομενων
2c042300a2	και ετιθουν παρα τους ποδας των αποστολων διεδιδοτο δε εκαστω καθοτι αν τις χρειαν ειχεν
2c042400d6	ιωσης δε ο επικληθεις βαρναβας υπο των αποστολων ο εστιν μεθερμηνευομενον υιος παρακλησεως λευιτης κυπριος τω γενει
2c042500a1	υπαρχοντος αυτω αγρου πωλησας ηνεγκεν το χρημα και εθηκεν παρα τους ποδας των αποστολων
2c05010085	ανηρ δε τις ανανιας ονοματι συν σαπφειρη τη γυναικι αυτου επωλησεν κτημα
2c050200dd	και ενοσφισατο απο της τιμης συνειδυιας και της γυναικος αυτου και ενεγκας μερος τι παρα τους ποδας των αποστολων εθηκεν
2c050300fc	ειπεν δε πετρος ανανια δια τι επληρωσεν ο σατανας την καρδιαν σου ψευσασθαι σε το πνευμα το αγιον και νοσφισασθαι απο της τιμης του χωριου
2c050400f4	ουχι μενον σοι εμενεν και πραθεν εν τη ση εξουσια υπηρχεν τι οτι εθου εν τη καρδια σου το πραγμα τουτο ουκ εψευσω ανθρωποις αλλα τω θεω
2c050500c8	ακουων δε ανανιας τους λογους τουτους πεσων εξεψυξεν και εγενετο φοβος μεγας επι παντας τους ακουοντας ταυτα
2c0506007e	ανασταντες δε οι νεωτεροι συνεστειλαν αυτον και εξενεγκαντες εθαψαν
2c05070092	εγενετο δε ως ωρων τριων διαστημα και η γυνη αυτου μη ειδυια το γεγονος εισηλθεν
2c050800a2	απεκριθη δε αυτη ο πετρος ειπε μοι ει τοσουτου το χωριον απεδοσθε η δε ειπεν ναι τοσουτου
2c0509010d	ο δε πετρος ειπεν προς αυτην τι οτι συνεφωνηθη υμιν πειρασαι το πνευμα κυριου ιδου οι ποδες των θαψαντων τον ανδρα σου επι τη θυρα και εξοισουσιν σε
2c050a010e	επεσεν δε παραχρημα παρα τους ποδας αυτου και εξεψυξεν εισελθοντες δε οι νεανισκοι ευρον αυτην νεκραν και εξενεγκαντες εθαψαν προς τον ανδρα αυτης
2c050b0095	και εγενετο φοβος μεγας εφ ολην την εκκλησιαν και επι παντας τους ακουοντας ταυτα
2c050c0100	δια δε των χειρων των αποστολων {VAR1: εγενετο} {VAR2: εγινετο} σημεια και τερατα εν τω λαω πολλα και ησαν ομοθυμαδον απαντες εν τη στοα σολομωντος
2c050d0087	των δε λοιπων ουδεις ετολμα κολλασθαι αυτοις αλλ εμεγαλυνεν αυτους ο λαος
2c050e0086	μαλλον δε προσετιθεντο πιστευοντες τω κυριω πληθη ανδρων τε και γυναικων
2c050f00f9	ωστε κατα τας πλατειας εκφερειν τους ασθενεις και τιθεναι επι κλινων και κραββατων ινα ερχομενου πετρου καν η σκια επισκιαση τινι αυτων
2c0510010f	συνηρχετο δε και το πληθος των περιξ πολεων εις ιερουσαλημ φεροντες ασθενεις και οχλουμενους υπο πνευματων ακαθαρτων οιτινες εθεραπευοντο απαντες
2c051100ab	αναστας δε ο αρχιερευς και παντες οι συν αυτω η ουσα αιρεσις των σαδδουκαιων επλησθησαν ζηλου
2c0512009f	και επεβαλον τας χειρας αυτων επι τους αποστολους και εθεντο αυτους εν τηρησει δημοσια
2c051300a0	αγγελος δε κυριου δια της νυκτος ηνοιξεν τας θυρας της φυλακης εξαγαγων τε αυτους ειπεν
2c05140094	πορευεσθε και σταθεντες λαλειτε εν τω ιερω τω λαω παντα τα ρηματα της ζωης ταυτης
2c0515019b	ακουσαντες δε εισηλθον υπο τον ορθρον εις το ιερον και εδιδασκον παραγενομενος δε ο αρχιερευς και οι συν αυτω συνεκαλεσαν το συνεδριον και πασαν την γερουσιαν των υιων ισραηλ και απεστειλαν εις το δεσμωτηριον αχθηναι αυτους
2c051600a0	οι δε υπηρεται παραγενομενοι ουχ ευρον αυτους εν τη φυλακη αναστρεψαντες δε απηγγειλαν
2c0517010c	λεγοντες οτι το μεν δεσμωτηριον ευρομεν κεκλεισμενον εν παση ασφαλεια και τους φυλακας εξω εστωτας προ των θυρων ανοιξαντες δε εσω ουδενα ευρομεν
2c051800eb	ως δε ηκουσαν τους λογους τουτους ο τε ιερευς και ο στρατηγος του ιερου και οι αρχιερεις διηπορουν περι αυτων τι αν γενοιτο τουτο
2c051900fb	παραγενομενος δε τις απηγγειλεν αυτοις λεγων οτι ιδου οι ανδρες ους εθεσθε εν τη φυλακη εισιν εν τω ιερω εστωτες και διδασκοντες τον λαον
2c051a00cc	τοτε απελθων ο στρατηγος συν τοις υπηρεταις ηγαγεν αυτους ου μετα βιας εφοβουντο γαρ τον λαον ινα μη λιθασθωσιν
2c051b008d	αγαγοντες δε αυτους εστησαν εν τω συνεδριω και επηρωτησεν αυτους ο αρχιερευς
2c051c0154	λεγων ου παραγγελια παρηγγειλαμεν υμιν μη διδασκειν επι τω ονοματι τουτω και ιδου πεπληρωκατε την ιερουσαλημ της διδαχης υμων και βουλεσθε επαγαγειν εφ ημας το αιμα του ανθρωπου τουτου
2c051d0099	αποκριθεις δε ο πετρος και οι αποστολοι ειπον πειθαρχειν δει θεω μαλλον η ανθρωποις
2c051e009a	ο θεος των πατερων ημων ηγειρεν ιησουν ον υμεις διεχειρισασθε κρεμασαντες επι ξυλου
2c051f00ba	τουτον ο θεος αρχηγον και σωτηρα υψωσεν τη δεξια αυτου δουναι μετανοιαν τω ισραηλ και αφεσιν αμαρτιων
2c052000d0	και ημεις εσμεν αυτου μαρτυρες των ρηματων τουτων και το πνευμα δε το αγιον ο εδωκεν ο θεος τοις πειθαρχουσιν αυτω
2c0521006d	οι δε ακουσαντες διεπριοντο και εβουλευοντο ανελειν αυτους
2c05220100	αναστας δε τις εν τω συνεδριω φαρισαιος ονοματι γαμαλιηλ νομοδιδασκαλος τιμιος παντι τω λαω εκελευσεν εξω βραχυ τι τους αποστολους ποιησαι
2c052300c0	ειπεν τε προς αυτους ανδρες ισραηλιται προσεχετε εαυτοις επι τοις ανθρωποις τουτοις τι μελλετε πρασσειν
2c05240158	προ γαρ τουτων των ημερων ανεστη θευδας λεγων ειναι τινα εαυτον ω προσεκολληθη αριθμος ανδρων ωσει τετρακοσιων ος ανηρεθη και παντες οσοι επειθοντο αυτω διελυθησαν και εγενοντο εις ουδεν
2c0525013a	μετα τουτον ανεστη ιουδας ο γαλιλαιος εν ταις ημεραις της απογραφης και απεστησεν λαον ικανον οπισω αυτου κακεινος απωλετο και παντες οσοι επειθοντο αυτω διεσκορπισθησαν
2c052600f9	και τα νυν λεγω υμιν αποστητε απο των ανθρωπων τουτων και εασατε αυτους οτι εαν η εξ ανθρωπων η βουλη αυτη η το εργον τουτο καταλυθησεται
2c05270088	ει δε εκ θεου εστιν ου δυνασθε καταλυσαι αυτο μηποτε και θεομαχοι ευρεθητε
2c052800f4	επεισθησαν δε αυτω και προσκαλεσαμενοι τους αποστολους δειραντες παρηγγειλαν μη λαλειν επι τω ονοματι του ιησου και απελυσαν αυτους
2c052900cf	οι μεν ουν επορευοντο χαιροντες απο προσωπου του συνεδριου οτι υπερ του ονοματος αυτου κατηξιωθησαν ατιμασθηναι
2c052a00c0	πασαν τε ημεραν εν τω ιερω και κατ οικον ουκ επαυοντο διδασκοντες και ευαγγελιζομενοι ιησουν τον χριστον
2c06010130	εν δε ταις ημεραις ταυταις πληθυνοντων των μαθητων εγενετο γογγυσμος των ελληνιστων προς τους εβραιους οτι παρεθεωρουντο εν τη διακονια τη καθημερινη αι χηραι αυτων
2c060200f5	προσκαλεσαμενοι δε οι δωδεκα το πληθος των μαθητων ειπον ουκ αρεστον εστιν ημας καταλειψαντας τον λογον του θεου διακονειν τραπεζαις
2c060300f6	επισκεψασθε ουν αδελφοι ανδρας εξ υμων μαρτυρουμενους επτα πληρεις πνευματος αγιου και σοφιας ους καταστησομεν επι της χρειας ταυτης
2c06040075	ημεις δε τη προσευχη και τη διακονια του λογου προσκαρτερησομεν
2c0605017c	και ηρεσεν ο λογος ενωπιον παντος του πληθους και εξελεξαντο στεφανον ανδρα πληρη πιστεως και πνευματος αγιου και φιλιππον και προχορον και νικανορα και τιμωνα και παρμεναν και νικολαον προσηλυτον αντιοχεα
2c06060092	ους εστησαν ενωπιον των αποστολων και προσευξαμενοι επεθηκαν αυτοις τας χειρας
2c060700f0	και ο λογος του θεου ηυξανεν και επληθυνετο ο αριθμος των μαθητων εν ιερουσαλημ σφοδρα πολυς τε οχλος των ιερεων υπηκουον τη πιστει
2c06080095	στεφανος δε πληρης πιστεως και δυναμεως εποιει τερατα και σημεια μεγαλα εν τω λαω
2c06090112	ανεστησαν δε τινες των εκ της συναγωγης της λεγομενης λιβερτινων και κυρηναιων και αλεξανδρεων και των απο κιλικιας και ασιας συζητουντες τω στεφανω
2c060a006c	και ουκ ισχυον αντιστηναι τη σοφια και τω πνευματι ω ελαλει
2c060b00b6	τοτε υπεβαλον ανδρας λεγοντας οτι ακηκοαμεν αυτου λαλουντος ρηματα βλασφημα εις μωσην και τον θεον
2c060c00e8	συνεκινησαν τε τον λαον και τους πρεσβυτερους και τους γραμματεις και επισταντες συνηρπασαν αυτον και ηγαγον εις το συνεδριον
2c060d00f3	εστησαν τε μαρτυρας ψευδεις λεγοντας ο ανθρωπος ουτος ου παυεται ρηματα βλασφημα λαλων κατα του τοπου του αγιου τουτου και του νομου
2c060e00ea	ακηκοαμεν γαρ αυτου λεγοντος οτι ιησους ο ναζωραιος ουτος καταλυσει τον τοπον τουτον και αλλαξει τα εθη α παρεδωκεν ημιν μωυσης
2c060f00ca	και ατενισαντες εις αυτον απαντες οι καθεζομενοι εν τω συνεδριω ειδον το προσωπον αυτου ωσει προσωπον αγγελου
2c07010050	ειπεν δε ο αρχιερευς ει αρα ταυτα ουτως εχει
2c07020106	ο δε εφη ανδρες αδελφοι και πατερες ακουσατε ο θεος της δοξης ωφθη τω πατρι ημων αβρααμ οντι εν τη μεσοποταμια πριν η κατοικησαι αυτον εν χαρραν
2c070300b7	και ειπεν προς αυτον εξελθε εκ της γης σου και εκ της συγγενειας σου και δευρο εις γην ην αν σοι δειξω
2c0704011d	τοτε εξελθων εκ γης χαλδαιων κατωκησεν εν χαρραν κακειθεν μετα το αποθανειν τον πατερα αυτου μετωκισεν αυτον εις την γην ταυτην εις ην υμεις νυν κατοικειτε
2c07050122	και ουκ εδωκεν αυτω κληρονομιαν εν αυτη ουδε βημα ποδος και επηγγειλατο αυτω δουναι εις κατασχεσιν αυτην και τω σπερματι αυτου μετ αυτον ουκ οντος αυτω τεκνου
2c070600e6	ελαλησεν δε ουτως ο θεος οτι εσται το σπερμα αυτου παροικον εν γη αλλοτρια και δουλωσουσιν αυτο και κακωσουσιν ετη τετρακοσια
2c070700d9	και το εθνος ω εαν δουλευσωσιν κρινω εγω ειπεν ο θεος και μετα ταυτα εξελευσονται και λατρευσουσιν μοι εν τω τοπω τουτω
2c07080125	και εδωκεν αυτω διαθηκην περιτομης και ουτως εγεννησεν τον ισαακ και περιετεμεν αυτον τη ημερα τη ογδοη και ο ισαακ τον ιακωβ και ο ιακωβ τους δωδεκα πατριαρχας
2c0709009a	και οι πατριαρχαι ζηλωσαντες τον ιωσηφ απεδοντο εις αιγυπτον και ην ο θεος μετ αυτου
2c070a014a	και εξειλετο αυτον εκ πασων των θλιψεων αυτου και εδωκεν αυτω χαριν και σοφιαν εναντιον φαραω βασιλεως αιγυπτου και κατεστησεν αυτον ηγουμενον επ αιγυπτον και ολον τον οικον αυτου
2c070b00cd	ηλθεν δε λιμος εφ ολην την γην αιγυπτου και χανααν και θλιψις μεγαλη και ουχ ευρισκον χορτασματα οι πατερες ημων
2c070c008b	ακουσας δε ιακωβ οντα σιτα εν αιγυπτω εξαπεστειλεν τους πατερας ημων πρωτον
2c070d00bd	και εν τω δευτερω ανεγνωρισθη ιωσηφ τοις αδελφοις αυτου και φανερον εγενετο τω φαραω το γενος του ιωσηφ
2c070e00d4	αποστειλας δε ιωσηφ μετεκαλεσατο τον πατερα αυτου ιακωβ και πασαν την συγγενειαν αυτου εν ψυχαις εβδομηκοντα πεντε
2c070f0081	κατεβη δε ιακωβ εις αιγυπτον και ετελευτησεν αυτος και οι πατερες ημων
2c07100120	και μετετεθησαν εις {VAR1: συχεμ} {VAR2: σιχεμ} και ετεθησαν εν τω μνηματι ο ωνησατο αβρααμ τιμης αργυριου παρα των υιων {VAR1: εμμορ {VAR1: εμορ} {VAR2: του} συχεμ} {VAR2: σιχεμ}
2c071100c3	καθως δε ηγγιζεν ο χρονος της επαγγελιας ης ωμοσεν ο θεος τω αβρααμ ηυξησεν ο λαος και επληθυνθη εν αιγυπτω
2c07120061	αχρις ου ανεστη βασιλευς ετερος ος ουκ ηδει τον ιωσηφ
2c071300da	ουτος κατασοφισαμενος το γενος ημων εκακωσεν τους πατερας ημων του ποιειν εκθετα τα βρεφη αυτων εις το μη ζωογονεισθαι
2c071400b3	εν ω καιρω εγεννηθη μωσης και ην αστειος τω θεω ος ανετραφη μηνας τρεις εν τω οικω του πατρος αυτου
2c0715009d	εκτεθεντα δε αυτον ανειλετο αυτον η θυγατηρ φαραω και ανεθρεψατο αυτον εαυτη εις υιον
2c0716008f	και επαιδευθη μωσης παση σοφια αιγυπτιων ην δε δυνατος εν λογοις και εν εργοις
2c071700e5	ως δε επληρουτο αυτω τεσσαρακονταετης χρονος ανεβη επι την καρδιαν αυτου επισκεψασθαι τους αδελφους αυτου τους υιους ισραηλ
2c071800b2	και ιδων τινα αδικουμενον ημυνατο και εποιησεν εκδικησιν τω καταπονουμενω παταξας τον αιγυπτιον
2c071900c8	ενομιζεν δε συνιεναι τους αδελφους αυτου οτι ο θεος δια χειρος αυτου διδωσιν αυτοις σωτηριαν οι δε ου συνηκαν
2c071a0109	τη {VAR1: τε} {VAR2: δε} επιουση ημερα ωφθη αυτοις μαχομενοις και συνηλασεν αυτους εις ειρηνην ειπων ανδρες αδελφοι εστε υμεις ινα τι αδικειτε αλληλους
2c071b00a5	ο δε αδικων τον πλησιον απωσατο αυτον ειπων τις σε κατεστησεν αρχοντα και δικαστην εφ ημας
2c071c006e	μη ανελειν με συ θελεις ον τροπον ανειλες χθες τον αιγυπτιον
2c071d00a2	εφυγεν δε μωσης εν τω λογω τουτω και εγενετο παροικος εν γη μαδιαμ ου εγεννησεν υιους δυο
2c071e00c3	και πληρωθεντων ετων τεσσαρακοντα ωφθη αυτω εν τη ερημω του ορους σινα αγγελος κυριου εν φλογι πυρος βατου
2c071f00b7	ο δε μωσης ιδων εθαυμασεν το οραμα προσερχομενου δε αυτου κατανοησαι εγενετο φωνη κυριου προς αυτον
2c072000e1	εγω ο θεος των πατερων σου ο θεος αβρααμ και ο θεος ισαακ και ο θεος ιακωβ εντρομος δε γενομενος μωσης ουκ ετολμα κατανοησαι
2c072100a5	ειπεν δε αυτω ο κυριος λυσον το υποδημα των ποδων σου ο γαρ τοπος εν ω εστηκας γη αγια εστιν
2c07220111	ιδων ειδον την κακωσιν του λαου μου του εν αιγυπτω και του στεναγμου αυτων ηκουσα και κατεβην εξελεσθαι αυτους και νυν δευρο αποστελω σε εις αιγυπτον
2c07230139	τουτον τον μωυσην ον ηρνησαντο ειποντες τις σε κατεστησεν αρχοντα και δικαστην τουτον ο θεος αρχοντα και λυτρωτην απεστειλεν εν χειρι αγγελου του οφθεντος αυτω εν τη βατω
2c072400d7	ουτος εξηγαγεν αυτους ποιησας τερατα και σημεια εν γη αιγυπτου και εν ερυθρα θαλασση και εν τη ερημω ετη τεσσαρακοντα
2c072500f1	ουτος εστιν ο μωυσης ο ειπων τοις υιοις ισραηλ προφητην υμιν αναστησει κυριος ο θεος υμων εκ των αδελφων υμων ως εμε αυτου ακουσεσθε
2c0726011f	ουτος εστιν ο γενομενος εν τη εκκλησια εν τη ερημω μετα του αγγελου του λαλουντος αυτω εν τω ορει σινα και των πατερων ημων ος εδεξατο λογια ζωντα δουναι ημιν
2c072700c8	ω ουκ ηθελησαν υπηκοοι γενεσθαι οι πατερες ημων αλλ απωσαντο και εστραφησαν ταις καρδιαις αυτων εις αιγυπτον
2c072800fd	ειποντες τω ααρων ποιησον ημιν θεους οι προπορευσονται ημων ο γαρ μωσης ουτος ος εξηγαγεν ημας εκ γης αιγυπτου ουκ οιδαμεν τι γεγονεν αυτω
2c072900de	και εμοσχοποιησαν εν ταις ημεραις εκειναις και ανηγαγον θυσιαν τω ειδωλω και ευφραινοντο εν τοις εργοις των χειρων αυτων
2c072a015e	εστρεψεν δε ο θεος και παρεδωκεν αυτους λατρευειν τη στρατια του ουρανου καθως γεγραπται εν βιβλω των προφητων μη σφαγια και θυσιας προσηνεγκατε μοι ετη τεσσαρακοντα εν τη ερημω οικος ισραηλ
2c072b0115	και ανελαβετε την σκηνην του μολοχ και το αστρον του θεου υμων ρεμφαν τους τυπους ους εποιησατε προσκυνειν αυτοις και μετοικιω υμας επεκεινα βαβυλωνος
2c072c00f4	η σκηνη του μαρτυριου ην {VAR1: εν} τοις πατρασιν ημων εν τη ερημω καθως διεταξατο ο λαλων τω μωση ποιησαι αυτην κατα τον τυπον ον εωρακει
2c072d0114	ην και εισηγαγον διαδεξαμενοι οι πατερες ημων μετα ιησου εν τη κατασχεσει των εθνων ων εξωσεν ο θεος απο προσωπου των πατερων ημων εως των ημερων δαβιδ
2c072e0082	ος ευρεν χαριν ενωπιον του θεου και ητησατο ευρειν σκηνωμα τω θεω ιακωβ
2c072f003c	σολομων δε ωκοδομησεν αυτω οικον
2c07300085	αλλ ουχ ο υψιστος εν χειροποιητοις ναοις κατοικει καθως ο προφητης λεγει
2c073100e6	ο ουρανος μοι θρονος η δε γη υποποδιον των ποδων μου ποιον οικον οικοδομησετε μοι λεγει κυριος η τις τοπος της καταπαυσεως μου
2c07320042	ουχι η χειρ μου εποιησεν ταυτα παντα
2c073300e6	σκληροτραχηλοι και απεριτμητοι τη καρδια και τοις ωσιν υμεις αει τω πνευματι τω αγιω αντιπιπτετε ως οι πατερες υμων και υμεις
2c07340121	τινα των προφητων ουκ εδιωξαν οι πατερες υμων και απεκτειναν τους προκαταγγειλαντας περι της ελευσεως του δικαιου ου νυν υμεις προδοται και φονεις γεγενησθε
2c07350077	οιτινες ελαβετε τον νομον εις διαταγας αγγελων και ουκ εφυλαξατε
2c0736009a	ακουοντες δε ταυτα διεπριοντο ταις καρδιαις αυτων και εβρυχον τους οδοντας επ αυτον
2c073700ce	υπαρχων δε πληρης πνευματος αγιου ατενισας εις τον ουρανον ειδεν δοξαν θεου και ιησουν εστωτα εκ δεξιων του θεου
2c073800b4	και ειπεν ιδου θεωρω τους ουρανους ανεωγμενους και τον υιον του ανθρωπου εκ δεξιων εστωτα του θεου
2c07390090	κραξαντες δε φωνη μεγαλη συνεσχον τα ωτα αυτων και ωρμησαν ομοθυμαδον επ αυτον
2c073a00e6	και εκβαλοντες εξω της πολεως ελιθοβολουν και οι μαρτυρες απεθεντο τα ιματια αυτων παρα τους ποδας νεανιου καλουμενου σαυλου
2c073b00a0	και ελιθοβολουν τον στεφανον επικαλουμενον και λεγοντα κυριε ιησου δεξαι το πνευμα μου
2c073c00c1	θεις δε τα γονατα εκραξεν φωνη μεγαλη κυριε μη στησης αυτοις την αμαρτιαν ταυτην και τουτο ειπων εκοιμηθη
2c0801017d	σαυλος δε ην συνευδοκων τη αναιρεσει αυτου εγενετο δε εν εκεινη τη ημερα διωγμος μεγας επι την εκκλησιαν την εν ιεροσολυμοις παντες τε διεσπαρησαν κατα τας χωρας της ιουδαιας και σαμαρειας πλην των αποστολων
2c08020095	συνεκομισαν δε τον στεφανον ανδρες ευλαβεις και εποιησαντο κοπετον μεγαν επ αυτω
2c080300da	σαυλος δε ελυμαινετο την εκκλησιαν κατα τους οικους εισπορευομενος συρων τε ανδρας και γυναικας παρεδιδου εις φυλακην
2c0804006b	οι μεν ουν διασπαρεντες διηλθον ευαγγελιζομενοι τον λογον
2c08050088	φιλιππος δε κατελθων εις πολιν της σαμαρειας εκηρυσσεν αυτοις τον χριστον
2c080600d7	προσειχον τε οι οχλοι τοις λεγομενοις υπο του φιλιππου ομοθυμαδον εν τω ακουειν αυτους και βλεπειν τα σημεια α εποιει
2c080700d9	πολλων γαρ των εχοντων πνευματα ακαθαρτα βοωντα μεγαλη φωνη εξηρχετο πολλοι δε παραλελυμενοι και χωλοι εθεραπευθησαν
2c0808004d	και εγενετο χαρα μεγαλη εν τη πολει εκεινη
2c080900de	ανηρ δε τις ονοματι σιμων προυπηρχεν εν τη πολει μαγευων και εξιστων το εθνος της σαμαρειας λεγων ειναι τινα εαυτον μεγαν
2c080a00a5	ω προσειχον παντες απο μικρου εως μεγαλου λεγοντες ουτος εστιν η δυναμις του θεου η μεγαλη
2c080b0080	προσειχον δε αυτω δια το ικανω χρονω ταις μαγειαις εξεστακεναι αυτους
2c080c010a	οτε δε επιστευσαν τω φιλιππω ευαγγελιζομενω τα περι της βασιλειας του θεου και του ονοματος του ιησου χριστου εβαπτιζοντο ανδρες τε και γυναικες
2c080d0137	ο δε σιμων και αυτος επιστευσεν και βαπτισθεις ην προσκαρτερων τω φιλιππω θεωρων τε {VAR1: σημεια και δυναμεις μεγαλας γινομενας} {VAR2: δυναμεις και σημεια γινομενα} εξιστατο
2c080e00f2	ακουσαντες δε οι εν ιεροσολυμοις αποστολοι οτι δεδεκται η σαμαρεια τον λογον του θεου απεστειλαν προς αυτους τον πετρον και ιωαννην
2c080f007e	οιτινες καταβαντες προσηυξαντο περι αυτων οπως λαβωσιν πνευμα αγιον
2c081000b8	ουπω γαρ ην επ ουδενι αυτων επιπεπτωκος μονον δε βεβαπτισμενοι υπηρχον εις το ονομα του κυριου ιησου
2c08110073	τοτε επετιθουν τας χειρας επ αυτους και ελαμβανον πνευμα αγιον
2c081200e1	θεασαμενος δε ο σιμων οτι δια της επιθεσεως των χειρων των αποστολων διδοται το πνευμα το αγιον προσηνεγκεν αυτοις χρηματα
2c081300af	λεγων δοτε καμοι την εξουσιαν ταυτην ινα ω {VAR1: αν} {VAR2: εαν} επιθω τας χειρας λαμβανη πνευμα αγιον
2c081400dd	πετρος δε ειπεν προς αυτον το αργυριον σου συν σοι ειη εις απωλειαν οτι την δωρεαν του θεου ενομισας δια χρηματων κτασθαι
2c081500b3	ουκ εστιν σοι μερις ουδε κληρος εν τω λογω τουτω η γαρ καρδια σου ουκ εστιν ευθεια ενωπιον του θεου
2c081600c7	μετανοησον ουν απο της κακιας σου ταυτης και δεηθητι του θεου ει αρα αφεθησεται σοι η επινοια της καρδιας σου
2c08170065	εις γαρ χολην πικριας και συνδεσμον αδικιας ορω σε οντα
2c081800be	αποκριθεις δε ο σιμων ειπεν δεηθητε υμεις υπερ εμου προς τον κυριον οπως μηδεν επελθη επ εμε ων ειρηκατε
2c081900f8	οι μεν ουν διαμαρτυραμενοι και λαλησαντες τον λογον του κυριου υπεστρεψαν εις ιερουσαλημ πολλας τε κωμας των σαμαρειτων ευηγγελισαντο
2c081a0123	αγγελος δε κυριου ελαλησεν προς φιλιππον λεγων αναστηθι και πορευου κατα μεσημβριαν επι την οδον την καταβαινουσαν απο ιερουσαλημ εις γαζαν αυτη εστιν ερημος
2c081b012e	και αναστας επορευθη και ιδου ανηρ αιθιοψ ευνουχος δυναστης κανδακης της βασιλισσης αιθιοπων ος ην επι πασης της γαζης αυτης ος εληλυθει προσκυνησων εις ιερουσαλημ
2c081c00ab	ην τε υποστρεφων και καθημενος επι του αρματος αυτου {VAR1: και} ανεγινωσκεν τον προφητην ησαιαν
2c081d007d	ειπεν δε το πνευμα τω φιλιππω προσελθε και κολληθητι τω αρματι τουτω
2c081e00d6	προσδραμων δε ο φιλιππος ηκουσεν αυτου αναγινωσκοντος τον προφητην ησαιαν και ειπεν αρα γε γινωσκεις α αναγινωσκεις
2c081f00c1	ο δε ειπεν πως γαρ αν δυναιμην εαν μη τις οδηγηση με παρεκαλεσεν τε τον φιλιππον αναβαντα καθισαι συν αυτω
2c0820011d	η δε περιοχη της γραφης ην ανεγινωσκεν ην αυτη ως προβατον επι σφαγην ηχθη και ως αμνος εναντιον του κειροντος αυτον αφωνος ουτως ουκ ανοιγει το στομα αυτου
2c082100cd	εν τη ταπεινωσει αυτου η κρισις αυτου ηρθη την δε γενεαν αυτου τις διηγησεται οτι αιρεται απο της γης η ζωη αυτου
2c082200d8	αποκριθεις δε ο ευνουχος τω φιλιππω ειπεν δεομαι σου περι τινος ο προφητης λεγει τουτο περι εαυτου η περι ετερου τινος
2c082300ba	ανοιξας δε ο φιλιππος το στομα αυτου και αρξαμενος απο της γραφης ταυτης ευηγγελισατο αυτω τον ιησουν
2c082400bd	ως δε επορευοντο κατα την οδον ηλθον επι τι υδωρ και φησιν ο ευνουχος ιδου υδωρ τι κωλυει με βαπτισθηναι
2c082500f0	ειπεν δε ο φιλιππος ει πιστευεις εξ ολης της καρδιας εξεστιν αποκριθεις δε ειπεν πιστευω τον υιον του θεου ειναι τον ιησουν χριστον
2c082600cf	και εκελευσεν στηναι το αρμα και κατεβησαν αμφοτεροι εις το υδωρ ο τε φιλιππος και ο ευνουχος και εβαπτισεν αυτον
2c082700fd	οτε δε ανεβησαν εκ του υδατος πνευμα κυριου ηρπασεν τον φιλιππον και ουκ ειδεν αυτον ουκετι ο ευνουχος επορευετο γαρ την οδον αυτου χαιρων
2c082800ce	φιλιππος δε ευρεθη εις αζωτον και διερχομενος ευηγγελιζετο τας πολεις πασας εως του ελθειν αυτον εις καισαρειαν
2c090100a7	ο δε σαυλος ετι εμπνεων απειλης και φονου εις τους μαθητας του κυριου προσελθων τω αρχιερει
2c09020113	ητησατο παρ αυτου επιστολας εις δαμασκον προς τας συναγωγας οπως εαν τινας ευρη της οδου οντας ανδρας τε και γυναικας δεδεμενους αγαγη εις ιερουσαλημ
2c090300c2	εν δε τω πορευεσθαι εγενετο αυτον εγγιζειν τη δαμασκω και εξαιφνης περιηστραψεν αυτον φως απο του ουρανου
2c09040089	και πεσων επι την γην ηκουσεν φωνην λεγουσαν αυτω σαουλ σαουλ τι με διωκεις
2c090500bb	ειπεν δε τις ει κυριε ο δε κυριος ειπεν εγω ειμι ιησους ον συ διωκεις σκληρον σοι προς κεντρα λακτιζειν
2c0906010f	τρεμων τε και θαμβων ειπεν κυριε τι με θελεις ποιησαι και ο κυριος προς αυτον αναστηθι και εισελθε εις την πολιν και λαληθησεται σοι τι σε δει ποιειν
2c090700b4	οι δε ανδρες οι συνοδευοντες αυτω ειστηκεισαν εννεοι ακουοντες μεν της φωνης μηδενα δε θεωρουντες
2c090800e7	ηγερθη δε ο σαυλος απο της γης ανεωγμενων δε των οφθαλμων αυτου ουδενα εβλεπεν χειραγωγουντες δε αυτον εισηγαγον εις δαμασκον
2c09090064	και ην ημερας τρεις μη βλεπων και ουκ εφαγεν ουδε επιεν
2c090a00d6	ην δε τις μαθητης εν δαμασκω ονοματι ανανιας και ειπεν προς αυτον ο κυριος εν οραματι ανανια ο δε ειπεν ιδου εγω κυριε
2c090b010f	ο δε κυριος προς αυτον αναστας πορευθητι επι την ρυμην την καλουμενην ευθειαν και ζητησον εν οικια ιουδα σαυλον ονοματι ταρσεα ιδου γαρ προσευχεται
2c090c00a9	και ειδεν εν οραματι ανδρα ονοματι ανανιαν εισελθοντα και επιθεντα αυτω χειρα οπως αναβλεψη
2c090d00d5	απεκριθη δε ο ανανιας κυριε ακηκοα απο πολλων περι του ανδρος τουτου οσα κακα εποιησεν τοις αγιοις σου εν ιερουσαλημ
2c090e009f	και ωδε εχει εξουσιαν παρα των αρχιερεων δησαι παντας τους επικαλουμενους το ονομα σου
2c090f00fe	ειπεν δε προς αυτον ο κυριος πορευου οτι σκευος εκλογης μοι εστιν ουτος του βαστασαι το ονομα μου ενωπιον εθνων και βασιλεων υιων τε ισραηλ
2c09100075	εγω γαρ υποδειξω αυτω οσα δει αυτον υπερ του ονοματος μου παθειν
2c0911016f	απηλθεν δε ανανιας και εισηλθεν εις την οικιαν και επιθεις επ αυτον τας χειρας ειπεν σαουλ αδελφε ο κυριος απεσταλκεν με ιησους ο οφθεις σοι εν τη οδω η ηρχου οπως αναβλεψης και πλησθης πνευματος αγιου
2c091200ba	και ευθεως απεπεσον απο των οφθαλμων αυτου ωσει λεπιδες ανεβλεψεν τε παραχρημα και αναστας εβαπτισθη
2c091300a0	και λαβων τροφην ενισχυσεν εγενετο δε ο σαυλος μετα των εν δαμασκω μαθητων ημερας τινας
2c09140098	και ευθεως εν ταις συναγωγαις εκηρυσσεν τον χριστον οτι ουτος εστιν ο υιος του θεου
2c09150164	εξισταντο δε παντες οι ακουοντες και ελεγον ουχ ουτος εστιν ο πορθησας εν ιερουσαλημ τους επικαλουμενους το ονομα τουτο και ωδε εις τουτο εληλυθει ινα δεδεμενους αυτους αγαγη επι τους αρχιερεις
2c091600e7	σαυλος δε μαλλον ενεδυναμουτο και συνεχυνεν τους ιουδαιους τους κατοικουντας εν δαμασκω συμβιβαζων οτι ουτος εστιν ο χριστος
2c09170087	ως δε επληρουντο ημεραι ικαναι συνεβουλευσαντο οι ιουδαιοι ανελειν αυτον
2c091800b9	εγνωσθη δε τω σαυλω η επιβουλη αυτων παρετηρουν τε τας πυλας ημερας τε και νυκτος οπως αυτον ανελωσιν
2c09190096	λαβοντες δε αυτον οι μαθηται νυκτος καθηκαν δια του τειχους χαλασαντες εν σπυριδι
2c091a00f8	παραγενομενος δε ο σαυλος εις ιερουσαλημ επειρατο κολλασθαι τοις μαθηταις και παντες εφοβουντο αυτον μη πιστευοντες οτι εστιν μαθητης
2c091b015b	βαρναβας δε επιλαβομενος αυτον ηγαγεν προς τους αποστολους και διηγησατο αυτοις πως εν τη οδω ειδεν τον κυριον και οτι ελαλησεν αυτω και πως εν δαμασκω επαρρησιασατο εν τω ονοματι του ιησου
2c091c0076	και ην μετ αυτων εισπορευομενος και εκπορευομενος εν ιερουσαλημ
2c091d00e9	και παρρησιαζομενος εν τω ονοματι του κυριου ιησου ελαλει τε και συνεζητει προς τους ελληνιστας οι δε επεχειρουν αυτον ανελειν
2c091e00a6	επιγνοντες δε οι αδελφοι κατηγαγον αυτον εις καισαρειαν και εξαπεστειλαν αυτον εις ταρσον
2c091f0155	αι μεν ουν εκκλησιαι καθ ολης της ιουδαιας και γαλιλαιας και σαμαρειας ειχον ειρηνην οικοδομουμεναι και πορευομεναι τω φοβω του κυριου και τη παρακλησει του αγιου πνευματος επληθυνοντο
2c092000b3	εγενετο δε πετρον διερχομενον δια παντων κατελθειν και προς τους αγιους τους κατοικουντας λυδδαν
2c092100bb	ευρεν δε εκει ανθρωπον τινα αινεαν ονοματι εξ ετων οκτω κατακειμενον επι κραββατω ος ην παραλελυμενος
2c092200b9	και ειπεν αυτω ο πετρος αινεα ιαται σε ιησους ο χριστος αναστηθι και στρωσον σεαυτω και ευθεως ανεστη
2c092300cd	και ειδον αυτον παντες οι κατοικουντες λυδδαν και τον {VAR1: σαρωναν} {VAR2: σαρωνα} οιτινες επεστρεψαν επι τον κυριον
2c092400ec	εν ιοππη δε τις ην μαθητρια ονοματι ταβιθα η διερμηνευομενη λεγεται δορκας αυτη ην πληρης αγαθων εργων και ελεημοσυνων ων εποιει
2c092500b8	εγενετο δε εν ταις ημεραις εκειναις ασθενησασαν αυτην αποθανειν λουσαντες δε αυτην εθηκαν εν υπερωω
2c0926011c	εγγυς δε ουσης λυδδης τη ιοππη οι μαθηται ακουσαντες οτι πετρος εστιν εν αυτη απεστειλαν δυο ανδρας προς αυτον παρακαλουντες μη οκνησαι διελθειν εως αυτων
2c09270163	αναστας δε πετρος συνηλθεν αυτοις ον παραγενομενον ανηγαγον εις το υπερωον και παρεστησαν αυτω πασαι αι χηραι κλαιουσαι και επιδεικνυμεναι χιτωνας και ιματια οσα εποιει μετ αυτων ουσα η δορκας
2c0928013e	εκβαλων δε εξω παντας ο πετρος θεις τα γονατα προσηυξατο και επιστρεψας προς το σωμα ειπεν ταβιθα αναστηθι η δε ηνοιξεν τους οφθαλμους αυτης και ιδουσα τον πετρον ανεκαθισεν
2c092900ad	δους δε αυτη χειρα ανεστησεν αυτην φωνησας δε τους αγιους και τας χηρας παρεστησεν αυτην ζωσαν
2c092a008a	γνωστον δε εγενετο καθ ολης της ιοππης και πολλοι επιστευσαν επι τον κυριον
2c092b0081	εγενετο δε ημερας ικανας μειναι αυτον εν ιοππη παρα τινι σιμωνι βυρσει
2c0a0100ad	ανηρ δε τις ην εν καισαρεια ονοματι κορνηλιος εκατονταρχης εκ σπειρης της καλουμενης ιταλικης
2c0a0200e0	ευσεβης και φοβουμενος τον θεον συν παντι τω οικω αυτου ποιων τε ελεημοσυνας πολλας τω λαω και δεομενος του θεου διαπαντος
2c0a0300da	ειδεν εν οραματι φανερως ωσει ωραν εννατην της ημερας αγγελον του θεου εισελθοντα προς αυτον και ειποντα αυτω κορνηλιε
2c0a04011e	ο δε ατενισας αυτω και εμφοβος γενομενος ειπεν τι εστιν κυριε ειπεν δε αυτω αι προσευχαι σου και αι ελεημοσυναι σου ανεβησαν εις μνημοσυνον ενωπιον του θεου
2c0a05008d	και νυν πεμψον εις ιοππην ανδρας και μεταπεμψαι σιμωνα ος επικαλειται πετρος
2c0a0600bb	ουτος ξενιζεται παρα τινι σιμωνι βυρσει ω εστιν οικια παρα θαλασσαν ουτος λαλησει σοι τι σε δει ποιειν
2c0a0700df	ως δε απηλθεν ο αγγελος ο λαλων τω κορνηλιω φωνησας δυο των οικετων αυτου και στρατιωτην ευσεβη των προσκαρτερουντων αυτω
2c0a080076	και εξηγησαμενος αυτοις απαντα απεστειλεν αυτους εις την ιοππην
2c0a0900d3	τη δε επαυριον οδοιπορουντων εκεινων και τη πολει εγγιζοντων ανεβη πετρος επι το δωμα προσευξασθαι περι ωραν εκτην
2c0a0a00b4	εγενετο δε προσπεινος και ηθελεν γευσασθαι παρασκευαζοντων δε εκεινων επεπεσεν επ αυτον εκστασις
2c0a0b0101	και θεωρει τον ουρανον ανεωγμενον και καταβαινον επ αυτον σκευος τι ως οθονην μεγαλην τεσσαρσιν αρχαις δεδεμενον και καθιεμενον επι της γης
2c0a0c00a8	εν ω υπηρχεν παντα τα τετραποδα της γης και τα θηρια και τα ερπετα και τα πετεινα του ουρανου
2c0a0d0067	και εγενετο φωνη προς αυτον αναστας πετρε θυσον και φαγε
2c0a0e0088	ο δε πετρος ειπεν μηδαμως κυριε οτι ουδεποτε εφαγον παν κοινον η ακαθαρτον
2c0a0f007f	και φωνη παλιν εκ δευτερου προς αυτον α ο θεος εκαθαρισεν συ μη κοινου
2c0a100080	τουτο δε εγενετο επι τρις και παλιν ανεληφθη το σκευος εις τον ουρανον
2c0a110136	ως δε εν εαυτω διηπορει ο πετρος τι αν ειη το οραμα ο ειδεν και ιδου οι ανδρες οι απεσταλμενοι απο του κορνηλιου διερωτησαντες την οικιαν σιμωνος επεστησαν επι τον πυλωνα
2c0a12008d	και φωνησαντες επυνθανοντο ει σιμων ο επικαλουμενος πετρος ενθαδε ξενιζεται
2c0a1300af	του δε πετρου ενθυμουμενου περι του οραματος ειπεν αυτω το πνευμα ιδου ανδρες τρεις ζητουσιν σε
2c0a1400aa	αλλα αναστας καταβηθι και πορευου συν αυτοις μηδεν διακρινομενος διοτι εγω απεσταλκα αυτους
2c0a1500fe	καταβας δε πετρος προς τους ανδρας τους απεσταλμενους απο του κορνηλιου προς αυτον ειπεν ιδου εγω ειμι ον ζητειτε τις η αιτια δι ην παρεστε
2c0a16018f	οι δε ειπον κορνηλιος εκατονταρχης ανηρ δικαιος και φοβουμενος τον θεον μαρτυρουμενος τε υπο ολου του εθνους των ιουδαιων εχρηματισθη υπο αγγελου αγιου μεταπεμψασθαι σε εις τον οικον αυτου και ακουσαι ρηματα παρα σου
2c0a1700f3	εισκαλεσαμενος ουν αυτους εξενισεν τη δε επαυριον ο πετρος εξηλθεν συν αυτοις και τινες των αδελφων των απο της ιοππης συνηλθον αυτω
2c0a180106	και τη επαυριον εισηλθον εις την καισαρειαν ο δε κορνηλιος ην προσδοκων αυτους συγκαλεσαμενος τους συγγενεις αυτου και τους αναγκαιους φιλους
2c0a1900b2	ως δε εγενετο εισελθειν τον πετρον συναντησας αυτω ο κορνηλιος πεσων επι τους ποδας προσεκυνησεν
2c0a1a0078	ο δε πετρος αυτον ηγειρεν λεγων αναστηθι καγω αυτος ανθρωπος ειμι
2c0a1b0075	και συνομιλων αυτω εισηλθεν και ευρισκει συνεληλυθοτας πολλους
2c0a1c0133	εφη τε προς αυτους υμεις επιστασθε ως αθεμιτον εστιν ανδρι ιουδαιω κολλασθαι η προσερχεσθαι αλλοφυλω και εμοι ο θεος εδειξεν μηδενα κοινον η ακαθαρτον λεγειν ανθρωπον
2c0a1d0096	διο και αναντιρρητως ηλθον μεταπεμφθεις πυνθανομαι ουν τινι λογω μετεπεμψασθε με
2c0a1e013c	και ο κορνηλιος εφη απο τεταρτης ημερας μεχρι ταυτης της ωρας ημην νηστευων και την εννατην ωραν προσευχομενος εν τω οικω μου και ιδου ανηρ εστη ενωπιον μου εν εσθητι λαμπρα
2c0a1f00b0	και φησιν κορνηλιε εισηκουσθη σου η προσευχη και αι ελεημοσυναι σου εμνησθησαν ενωπιον του θεου
2c0a200117	πεμψον ουν εις ιοππην και μετακαλεσαι σιμωνα ος επικαλειται πετρος ουτος ξενιζεται εν οικια σιμωνος βυρσεως παρα θαλασσαν ος παραγενομενος λαλησει σοι
2c0a21011f	εξαυτης ουν επεμψα προς σε συ τε καλως εποιησας παραγενομενος νυν ουν παντες ημεις ενωπιον του θεου παρεσμεν ακουσαι παντα τα προστεταγμενα σοι υπο του θεου
2c0a2200ae	ανοιξας δε πετρος το στομα ειπεν επ αληθειας καταλαμβανομαι οτι ουκ εστιν προσωποληπτης ο θεος
2c0a23009a	αλλ εν παντι εθνει ο φοβουμενος αυτον και εργαζομενος δικαιοσυνην δεκτος αυτω εστιν
2c0a2400cb	τον λογον ον απεστειλεν τοις υιοις ισραηλ ευαγγελιζομενος ειρηνην δια ιησου χριστου ουτος εστιν παντων κυριος
2c0a2500d6	υμεις οιδατε το γενομενον ρημα καθ ολης της ιουδαιας αρξαμενον απο της γαλιλαιας μετα το βαπτισμα ο εκηρυξεν ιωαννης
2c0a260166	ιησουν τον απο {VAR1: ναζαρετ} {VAR2: ναζαρεθ} ως εχρισεν αυτον ο θεος πνευματι αγιω και δυναμει ος διηλθεν ευεργετων και ιωμενος παντας τους καταδυναστευομενους υπο του διαβολου οτι ο θεος ην μετ αυτου
2c0a2700de	και ημεις εσμεν μαρτυρες παντων ων εποιησεν εν τε τη χωρα των ιουδαιων και εν ιερουσαλημ ον ανειλον κρεμασαντες επι ξυλου
2c0a28007f	τουτον ο θεος ηγειρεν τη τριτη ημερα και εδωκεν αυτον εμφανη γενεσθαι
2c0a290110	ου παντι τω λαω αλλα μαρτυσιν τοις προκεχειροτονημενοις υπο του θεου ημιν οιτινες συνεφαγομεν και συνεπιομεν αυτω μετα το αναστηναι αυτον εκ νεκρων
2c0a2a00dd	και παρηγγειλεν ημιν κηρυξαι τω λαω και διαμαρτυρασθαι οτι αυτος εστιν ο ωρισμενος υπο του θεου κριτης ζωντων και νεκρων
2c0a2b00d2	τουτω παντες οι προφηται μαρτυρουσιν αφεσιν αμαρτιων λαβειν δια του ονοματος αυτου παντα τον πιστευοντα εις αυτον
2c0a2c00bf	ετι λαλουντος του πετρου τα ρηματα ταυτα επεπεσεν το πνευμα το αγιον επι παντας τους ακουοντας τον λογον
2c0a2d00d6	και εξεστησαν οι εκ περιτομης πιστοι οσοι συνηλθον τω πετρω οτι και επι τα εθνη η δωρεα του αγιου πνευματος εκκεχυται
2c0a2e009c	ηκουον γαρ αυτων λαλουντων γλωσσαις και μεγαλυνοντων τον θεον τοτε απεκριθη ο πετρος
2c0a2f00c8	μητι το υδωρ κωλυσαι δυναται τις του μη βαπτισθηναι τουτους οιτινες το πνευμα το αγιον ελαβον καθως και ημεις
2c0a3000ba	προσεταξεν τε αυτους βαπτισθηναι εν τω ονοματι του κυριου τοτε ηρωτησαν αυτον επιμειναι ημερας τινας
2c0b0100c6	ηκουσαν δε οι αποστολοι και οι αδελφοι οι οντες κατα την ιουδαιαν οτι και τα εθνη εδεξαντο τον λογον του θεου
2c0b020089	και οτε ανεβη πετρος εις ιεροσολυμα διεκρινοντο προς αυτον οι εκ περιτομης
2c0b03008b	λεγοντες οτι προς ανδρας ακροβυστιαν εχοντας εισηλθες και συνεφαγες αυτοις
2c0b040061	αρξαμενος δε ο πετρος εξετιθετο αυτοις καθεξης λεγων
2c0b050136	εγω ημην εν πολει ιοππη προσευχομενος και ειδον εν εκστασει οραμα καταβαινον σκευος τι ως οθονην μεγαλην τεσσαρσιν αρχαις καθιεμενην εκ του ουρανου και ηλθεν αχρις εμου
2c0b0600c8	εις ην ατενισας κατενοουν και ειδον τα τετραποδα της γης και τα θηρια και τα ερπετα και τα πετεινα του ουρανου
2c0b070069	ηκουσα δε φωνης λεγουσης μοι αναστας πετρε θυσον και φαγε
2c0b08009a	ειπον δε μηδαμως κυριε οτι παν κοινον η ακαθαρτον ουδεποτε εισηλθεν εις το στομα μου
2c0b090091	απεκριθη δε μοι φωνη εκ δευτερου εκ του ουρανου α ο θεος εκαθαρισεν συ μη κοινου
2c0b0a007d	τουτο δε εγενετο επι τρις και παλιν ανεσπασθη απαντα εις τον ουρανον
2c0b0b00b8	και ιδου εξαυτης τρεις ανδρες επεστησαν επι την οικιαν εν η ημην απεσταλμενοι απο καισαρειας προς με
2c0b0c0102	ειπεν δε μοι το πνευμα συνελθειν αυτοις μηδεν διακρινομενον ηλθον δε συν εμοι και οι εξ αδελφοι ουτοι και εισηλθομεν εις τον οικον του ανδρος
2c0b0d0126	απηγγειλεν τε ημιν πως ειδεν τον αγγελον εν τω οικω αυτου σταθεντα και ειποντα αυτω αποστειλον εις ιοππην ανδρας και μεταπεμψαι σιμωνα τον επικαλουμενον πετρον
2c0b0e006f	ος λαλησει ρηματα προς σε εν οις σωθηση συ και πας ο οικος σου
2c0b0f00a4	εν δε τω αρξασθαι με λαλειν επεπεσεν το πνευμα το αγιον επ αυτους ωσπερ και εφ ημας εν αρχη
2c0b1000c8	εμνησθην δε του ρηματος κυριου ως ελεγεν ιωαννης μεν εβαπτισεν υδατι υμεις δε βαπτισθησεσθε εν πνευματι αγιω
2c0b1100fb	ει ουν την ισην δωρεαν εδωκεν αυτοις ο θεος ως και ημιν πιστευσασιν επι τον κυριον ιησουν χριστον εγω δε τις ημην δυνατος κωλυσαι τον θεον
2c0b1200db	ακουσαντες δε ταυτα ησυχασαν και εδοξαζον τον θεον λεγοντες αραγε και τοις εθνεσιν ο θεος την μετανοιαν εδωκεν εις ζωην
2c0b130129	οι μεν ουν διασπαρεντες απο της θλιψεως της γενομενης επι στεφανω διηλθον εως φοινικης και κυπρου και αντιοχειας μηδενι λαλουντες τον λογον ει μη μονον ιουδαιοις
2c0b140116	ησαν δε τινες εξ αυτων ανδρες κυπριοι και κυρηναιοι οιτινες εισελθοντες εις αντιοχειαν ελαλουν προς τους ελληνιστας ευαγγελιζομενοι τον κυριον ιησουν
2c0b150095	και ην χειρ κυριου μετ αυτων πολυς τε αριθμος πιστευσας επεστρεψεν επι τον κυριον
2c0b1600e5	ηκουσθη δε ο λογος εις τα ωτα της εκκλησιας της εν ιεροσολυμοις περι αυτων και εξαπεστειλαν βαρναβαν διελθειν εως αντιοχειας
2c0b1700d4	ος παραγενομενος και ιδων την χαριν του θεου εχαρη και παρεκαλει παντας τη προθεσει της καρδιας προσμενειν τω κυριω
2c0b1800ab	οτι ην ανηρ αγαθος και πληρης πνευματος αγιου και πιστεως και προσετεθη οχλος ικανος τω κυριω
2c0b19005d	εξηλθεν δε εις ταρσον ο βαρναβας αναζητησαι σαυλον
2c0b1a0157	και ευρων αυτον ηγαγεν αυτον εις αντιοχειαν εγενετο δε αυτους ενιαυτον ολον συναχθηναι εν τη εκκλησια και διδαξαι οχλον ικανον χρηματισαι τε πρωτον εν αντιοχεια τους μαθητας χριστιανους
2c0b1b008c	εν ταυταις δε ταις ημεραις κατηλθον απο ιεροσολυμων προφηται εις αντιοχειαν
2c0b1c0120	αναστας δε εις εξ αυτων ονοματι αγαβος εσημανεν δια του πνευματος λιμον μεγαν μελλειν εσεσθαι εφ ολην την οικουμενην οστις και εγενετο επι κλαυδιου καισαρος
2c0b1d00d7	των δε μαθητων καθως ηυπορειτο τις ωρισαν εκαστος αυτων εις διακονιαν πεμψαι τοις κατοικουσιν εν τη ιουδαια αδελφοις
2c0b1e0097	ο και εποιησαν αποστειλαντες προς τους πρεσβυτερους δια χειρος βαρναβα και σαυλου
2c0c0100b6	κατ εκεινον δε τον καιρον επεβαλεν ηρωδης ο βασιλευς τας χειρας κακωσαι τινας των απο της εκκλησιας
2c0c020056	ανειλεν δε ιακωβον τον αδελφον ιωαννου μαχαιρα
2c0c0300b5	και ιδων οτι αρεστον εστιν τοις ιουδαιοις προσεθετο συλλαβειν και πετρον ησαν δε ημεραι των αζυμων
2c0c0400fd	ον και πιασας εθετο εις φυλακην παραδους τεσσαρσιν τετραδιοις στρατιωτων φυλασσειν αυτον βουλομενος μετα το πασχα αναγαγειν αυτον τω λαω
2c0c0500ce	ο μεν ουν πετρος ετηρειτο εν τη φυλακη προσευχη δε ην εκτενης γινομενη υπο της εκκλησιας προς τον θεον υπερ αυτου
2c0c060137	οτε δε εμελλεν αυτον προαγειν ο ηρωδης τη νυκτι εκεινη ην ο πετρος κοιμωμενος μεταξυ δυο στρατιωτων δεδεμενος αλυσεσιν δυσιν φυλακες τε προ της θυρας ετηρουν την φυλακην
2c0c070140	και ιδου αγγελος κυριου επεστη και φως ελαμψεν εν τω οικηματι παταξας δε την πλευραν του πετρου ηγειρεν αυτον λεγων αναστα εν ταχει και εξεπεσον αυτου αι αλυσεις εκ των χειρων
2c0c080108	ειπεν τε ο αγγελος προς αυτον περιζωσαι και υποδησαι τα σανδαλια σου εποιησεν δε ουτως και λεγει αυτω περιβαλου το ιματιον σου και ακολουθει μοι
2c0c0900c8	και εξελθων ηκολουθει αυτω και ουκ ηδει οτι αληθες εστιν το γινομενον δια του αγγελου εδοκει δε οραμα βλεπειν
2c0c0a0172	διελθοντες δε πρωτην φυλακην και δευτεραν ηλθον επι την πυλην την σιδηραν την φερουσαν εις την πολιν ητις αυτοματη ηνοιχθη αυτοις και εξελθοντες προηλθον ρυμην μιαν και ευθεως απεστη ο αγγελος απ αυτου
2c0c0b0141	και ο πετρος γενομενος εν εαυτω ειπεν νυν οιδα αληθως οτι εξαπεστειλεν κυριος τον αγγελον αυτου και εξειλετο με εκ χειρος ηρωδου και πασης της προσδοκιας του λαου των ιουδαιων
2c0c0c00f2	συνιδων τε ηλθεν επι την οικιαν μαριας της μητρος ιωαννου του επικαλουμενου μαρκου ου ησαν ικανοι συνηθροισμενοι και προσευχομενοι
2c0c0d00a4	κρουσαντος δε του πετρου την θυραν του πυλωνος προσηλθεν παιδισκη υπακουσαι ονοματι ροδη
2c0c0e00f3	και επιγνουσα την φωνην του πετρου απο της χαρας ουκ ηνοιξεν τον πυλωνα εισδραμουσα δε απηγγειλεν εσταναι τον πετρον προ του πυλωνος
2c0c0f00a7	οι δε προς αυτην ειπον μαινη η δε διισχυριζετο ουτως εχειν οι δ ελεγον ο αγγελος αυτου εστιν
2c0c10007c	ο δε πετρος επεμενεν κρουων ανοιξαντες δε ειδον αυτον και εξεστησαν
2c0c110155	κατασεισας δε αυτοις τη χειρι σιγαν διηγησατο αυτοις πως ο κυριος αυτον εξηγαγεν εκ της φυλακης ειπεν δε απαγγειλατε ιακωβω και τοις αδελφοις ταυτα και εξελθων επορευθη εις ετερον τοπον
2c0c12009c	γενομενης δε ημερας ην ταραχος ουκ ολιγος εν τοις στρατιωταις τι αρα ο πετρος εγενετο
2c0c130106	ηρωδης δε επιζητησας αυτον και μη ευρων ανακρινας τους φυλακας εκελευσεν απαχθηναι και κατελθων απο της ιουδαιας εις την καισαρειαν διετριβεν
2c0c140174	ην δε ο ηρωδης θυμομαχων τυριοις και σιδωνιοις ομοθυμαδον δε παρησαν προς αυτον και πεισαντες βλαστον τον επι του κοιτωνος του βασιλεως ητουντο ειρηνην δια το τρεφεσθαι αυτων την χωραν απο της βασιλικης
2c0c1500bf	τακτη δε ημερα ο ηρωδης ενδυσαμενος εσθητα βασιλικην και καθισας επι του βηματος εδημηγορει προς αυτους
2c0c160054	ο δε δημος επεφωνει θεου φωνη και ουκ ανθρωπου
2c0c1700d3	παραχρημα δε επαταξεν αυτον αγγελος κυριου ανθ ων ουκ εδωκεν την δοξαν τω θεω και γενομενος σκωληκοβρωτος εξεψυξεν
2c0c18004d	ο δε λογος του θεου ηυξανεν και επληθυνετο
2c0c1900e9	βαρναβας δε και σαυλος υπεστρεψαν εξ ιερουσαλημ πληρωσαντες την διακονιαν συμπαραλαβοντες και ιωαννην τον επικληθεντα μαρκον
2c0d010167	ησαν δε τινες εν αντιοχεια κατα την ουσαν εκκλησιαν προφηται και διδασκαλοι ο τε βαρναβας και συμεων ο καλουμενος νιγερ και λουκιος ο κυρηναιος μαναην τε ηρωδου του τετραρχου συντροφος και σαυλος
2c0d02011e	λειτουργουντων δε αυτων τω κυριω και νηστευοντων ειπεν το πνευμα το αγιον αφορισατε δη μοι τον τε βαρναβαν και τον σαυλον εις το εργον ο προσκεκλημαι αυτους
2c0d03008f	τοτε νηστευσαντες και προσευξαμενοι και επιθεντες τας χειρας αυτοις απελυσαν
2c0d0400dc	ουτοι μεν ουν εκπεμφθεντες υπο του πνευματος του αγιου κατηλθον εις την σελευκειαν εκειθεν τε απεπλευσαν εις την κυπρον
2c0d0500da	και γενομενοι εν σαλαμινι κατηγγελλον τον λογον του θεου εν ταις συναγωγαις των ιουδαιων ειχον δε και ιωαννην υπηρετην
2c0d0600ab	διελθοντες δε την νησον αχρι παφου ευρον τινα μαγον ψευδοπροφητην ιουδαιον ω ονομα βαριησους
2c0d0700eb	ος ην συν τω ανθυπατω σεργιω παυλω ανδρι συνετω ουτος προσκαλεσαμενος βαρναβαν και σαυλον επεζητησεν ακουσαι τον λογον του θεου
2c0d0800e0	ανθιστατο δε αυτοις ελυμας ο μαγος ουτως γαρ μεθερμηνευεται το ονομα αυτου ζητων διαστρεψαι τον ανθυπατον απο της πιστεως
2c0d090081	σαυλος δε ο και παυλος πλησθεις πνευματος αγιου και ατενισας εις αυτον
2c0d0a00fa	ειπεν ω πληρης παντος δολου και πασης ραδιουργιας υιε διαβολου εχθρε πασης δικαιοσυνης ου παυση διαστρεφων τας οδους κυριου τας ευθειας
2c0d0b0128	και νυν ιδου χειρ του κυριου επι σε και εση τυφλος μη βλεπων τον ηλιον αχρι καιρου παραχρημα δε επεπεσεν επ αυτον αχλυς και σκοτος και περιαγων εζητει χειραγωγους
2c0d0c0098	τοτε ιδων ο ανθυπατος το γεγονος επιστευσεν εκπλησσομενος επι τη διδαχη του κυριου
2c0d0d00f7	αναχθεντες δε απο της παφου οι περι τον παυλον ηλθον εις περγην της παμφυλιας ιωαννης δε αποχωρησας απ αυτων υπεστρεψεν εις ιεροσολυμα
2c0d0e0102	αυτοι δε διελθοντες απο της περγης παρεγενοντο εις αντιοχειαν της πισιδιας και εισελθοντες εις την συναγωγην τη ημερα των σαββατων εκαθισαν
2c0d0f0136	μετα δε την αναγνωσιν του νομου και των προφητων απεστειλαν οι αρχισυναγωγοι προς αυτους λεγοντες ανδρες αδελφοι ει εστιν λογος εν υμιν παρακλησεως προς τον λαον λεγετε
2c0d1000bb	αναστας δε παυλος και κατασεισας τη χειρι ειπεν ανδρες ισραηλιται και οι φοβουμενοι τον θεον ακουσατε
2c0d11011f	ο θεος του λαου τουτου ισραηλ εξελεξατο τους πατερας ημων και τον λαον υψωσεν εν τη παροικια εν γη αιγυπτω και μετα βραχιονος υψηλου εξηγαγεν αυτους εξ αυτης
2c0d120074	και ως τεσσαρακονταετη χρονον ετροποφορησεν αυτους εν τη ερημω
2c0d130085	και καθελων εθνη επτα εν γη χανααν κατεκληροδοτησεν αυτοις την γην αυτων
2c0d1400a9	και μετα ταυτα ως ετεσιν τετρακοσιοις και πεντηκοντα εδωκεν κριτας εως σαμουηλ του προφητου
2c0d1500cb	κακειθεν ητησαντο βασιλεα και εδωκεν αυτοις ο θεος τον σαουλ υιον κις ανδρα εκ φυλης βενιαμιν ετη τεσσαρακοντα
2c0d160132	και μεταστησας αυτον ηγειρεν αυτοις τον δαβιδ εις βασιλεα ω και ειπεν μαρτυρησας ευρον δαβιδ τον του ιεσσαι ανδρα κατα την καρδιαν μου ος ποιησει παντα τα θεληματα μου
2c0d170090	τουτου ο θεος απο του σπερματος κατ επαγγελιαν ηγειρεν τω ισραηλ σωτηρα ιησουν
2c0d1800aa	προκηρυξαντος ιωαννου προ προσωπου της εισοδου αυτου βαπτισμα μετανοιας παντι τω λαω ισραηλ
2c0d19010c	ως δε επληρου ο ιωαννης τον δρομον ελεγεν τινα με υπονοειτε ειναι ουκ ειμι εγω αλλ ιδου ερχεται μετ εμε ου ουκ ειμι αξιος το υποδημα των ποδων λυσαι
2c0d1a00ca	ανδρες αδελφοι υιοι γενους αβρααμ και οι εν υμιν φοβουμενοι τον θεον υμιν ο λογος της σωτηριας ταυτης απεσταλη
2c0d1b0128	οι γαρ κατοικουντες εν ιερουσαλημ και οι αρχοντες αυτων τουτον αγνοησαντες και τας φωνας των προφητων τας κατα παν σαββατον αναγινωσκομενας κριναντες επληρωσαν
2c0d1c0086	και μηδεμιαν αιτιαν θανατου ευροντες ητησαντο πιλατον αναιρεθηναι αυτον
2c0d1d00a8	ως δε ετελεσαν απαντα τα περι αυτου γεγραμμενα καθελοντες απο του ξυλου εθηκαν εις μνημειον
2c0d1e003c	ο δε θεος ηγειρεν αυτον εκ νεκρων
2c0d1f00e5	ος ωφθη επι ημερας πλειους τοις συναναβασιν αυτω απο της γαλιλαιας εις ιερουσαλημ οιτινες εισιν μαρτυρες αυτου προς τον λαον
2c0d200087	και ημεις υμας ευαγγελιζομεθα την προς τους πατερας επαγγελιαν γενομενην
2c0d210114	οτι ταυτην ο θεος εκπεπληρωκεν τοις τεκνοις αυτων ημιν αναστησας ιησουν ως και εν τω ψαλμω τω δευτερω γεγραπται υιος μου ει συ εγω σημερον γεγεννηκα σε
2c0d2200e6	οτι δε ανεστησεν αυτον εκ νεκρων μηκετι μελλοντα υποστρεφειν εις διαφθοραν ουτως ειρηκεν οτι δωσω υμιν τα οσια δαβιδ τα πιστα
2c0d230071	διο και εν ετερω λεγει ου δωσεις τον οσιον σου ιδειν διαφθοραν
2c0d2400dd	δαβιδ μεν γαρ ιδια γενεα υπηρετησας τη του θεου βουλη εκοιμηθη και προσετεθη προς τους πατερας αυτου και ειδεν διαφθοραν
2c0d250049	ον δε ο θεος ηγειρεν ουκ ειδεν διαφθοραν
2c0d2600a0	γνωστον ουν εστω υμιν ανδρες αδελφοι οτι δια τουτου υμιν αφεσις αμαρτιων καταγγελλεται
2c0d2700b0	και απο παντων ων ουκ ηδυνηθητε εν τω νομω μωσεως δικαιωθηναι εν τουτω πας ο πιστευων δικαιουται
2c0d28006e	βλεπετε ουν μη επελθη εφ υμας το ειρημενον εν τοις προφηταις
2c0d290109	ιδετε οι καταφρονηται και θαυμασατε και αφανισθητε οτι εργον εγω εργαζομαι εν ταις ημεραις υμων εργον ω ου μη πιστευσητε εαν τις εκδιηγηται υμιν
2c0d2a00d6	εξιοντων δε εκ της συναγωγης των ιουδαιων παρεκαλουν τα εθνη εις το μεταξυ σαββατον λαληθηναι αυτοις τα ρηματα ταυτα
2c0d2b0154	λυθεισης δε της συναγωγης ηκολουθησαν πολλοι των ιουδαιων και των σεβομενων προσηλυτων τω παυλω και τω βαρναβα οιτινες προσλαλουντες αυτοις επειθον αυτους επιμενειν τη χαριτι του θεου
2c0d2c008d	τω δε ερχομενω σαββατω σχεδον πασα η πολις συνηχθη ακουσαι τον λογον του θεου
2c0d2d00ed	ιδοντες δε οι ιουδαιοι τους οχλους επλησθησαν ζηλου και αντελεγον τοις υπο του παυλου λεγομενοις αντιλεγοντες και βλασφημουντες
2c0d2e0177	παρρησιασαμενοι δε ο παυλος και ο βαρναβας ειπον υμιν ην αναγκαιον πρωτον λαληθηναι τον λογον του θεου επειδη δε απωθεισθε αυτον και ουκ αξιους κρινετε εαυτους της αιωνιου ζωης ιδου στρεφομεθα εις τα εθνη
2c0d2f00bf	ουτως γαρ εντεταλται ημιν ο κυριος τεθεικα σε εις φως εθνων του ειναι σε εις σωτηριαν εως εσχατου της γης
2c0d3000d2	ακουοντα δε τα εθνη εχαιρον και εδοξαζον τον λογον του κυριου και επιστευσαν οσοι ησαν τεταγμενοι εις ζωην αιωνιον
2c0d310059	διεφερετο δε ο λογος του κυριου δι ολης της χωρας
2c0d32015c	οι δε ιουδαιοι παρωτρυναν τας σεβομενας γυναικας και τας ευσχημονας και τους πρωτους της πολεως και επηγειραν διωγμον επι τον παυλον και τον βαρναβαν και εξεβαλον αυτους απο των οριων αυτων
2c0d33008e	οι δε εκτιναξαμενοι τον κονιορτον των ποδων αυτων επ αυτους ηλθον εις ικονιον
2c0d34005d	οι δε μαθηται επληρουντο χαρας και πνευματος αγιου
2c0e010114	εγενετο δε εν ικονιω κατα το αυτο εισελθειν αυτους εις την συναγωγην των ιουδαιων και λαλησαι ουτως ωστε πιστευσαι ιουδαιων τε και ελληνων πολυ πληθος
2c0e02009f	οι δε απειθουντες ιουδαιοι επηγειραν και εκακωσαν τας ψυχας των εθνων κατα των αδελφων
2c0e030129	ικανον μεν ουν χρονον διετριψαν παρρησιαζομενοι επι τω κυριω τω μαρτυρουντι τω λογω της χαριτος αυτου και διδοντι σημεια και τερατα γινεσθαι δια των χειρων αυτων
2c0e0400a7	εσχισθη δε το πληθος της πολεως και οι μεν ησαν συν τοις ιουδαιοις οι δε συν τοις αποστολοις
2c0e0500b6	ως δε εγενετο ορμη των εθνων τε και ιουδαιων συν τοις αρχουσιν αυτων υβρισαι και λιθοβολησαι αυτους
2c0e0600a0	συνιδοντες κατεφυγον εις τας πολεις της λυκαονιας λυστραν και δερβην και την περιχωρον
2c0e070032	κακει ησαν ευαγγελιζομενοι
2c0e080104	και τις ανηρ εν λυστροις αδυνατος τοις ποσιν εκαθητο χωλος εκ κοιλιας μητρος αυτου υπαρχων ος ουδεποτε {VAR1: περιπεπατηκει} {VAR2: περιεπεπατηκει}
2c0e0900a0	ουτος ηκουεν του παυλου λαλουντος ος ατενισας αυτω και ιδων οτι πιστιν εχει του σωθηναι
2c0e0a0093	ειπεν μεγαλη τη φωνη αναστηθι επι τους ποδας σου ορθος και ηλλετο και περιεπατει
2c0e0b00f4	οι δε οχλοι ιδοντες ο εποιησεν ο παυλος επηραν την φωνην αυτων λυκαονιστι λεγοντες οι θεοι ομοιωθεντες ανθρωποις κατεβησαν προς ημας
2c0e0c00a2	εκαλουν τε τον μεν βαρναβαν δια τον δε παυλον ερμην επειδη αυτος ην ο ηγουμενος του λογου
2c0e0d00e6	ο δε ιερευς του διος του οντος προ της πολεως αυτων ταυρους και στεμματα επι τους πυλωνας ενεγκας συν τοις οχλοις ηθελεν θυειν
2c0e0e00cf	ακουσαντες δε οι αποστολοι βαρναβας και παυλος διαρρηξαντες τα ιματια αυτων εισεπηδησαν εις τον οχλον κραζοντες
2c0e0f01ac	και λεγοντες ανδρες τι ταυτα ποιειτε και ημεις ομοιοπαθεις εσμεν υμιν ανθρωποι ευαγγελιζομενοι υμας απο τουτων των ματαιων επιστρεφειν επι τον θεον τον ζωντα ος εποιησεν τον ουρανον και την γην και την θαλασσαν και παντα τα εν αυτοις
2c0e100094	ος εν ταις παρωχημεναις γενεαις ειασεν παντα τα εθνη πορευεσθαι ταις οδοις αυτων
2c0e110117	και τοι γε ουκ αμαρτυρον εαυτον αφηκεν αγαθοποιων ουρανοθεν ημιν υετους διδους και καιρους καρποφορους εμπιπλων τροφης και ευφροσυνης τας καρδιας ημων
2c0e12007c	και ταυτα λεγοντες μολις κατεπαυσαν τους οχλους του μη θυειν αυτοις
2c0e13010f	επηλθον δε απο αντιοχειας και ικονιου ιουδαιοι και πεισαντες τους οχλους και λιθασαντες τον παυλον εσυρον εξω της πολεως νομισαντες αυτον τεθναναι
2c0e1400d0	κυκλωσαντων δε αυτον των μαθητων αναστας εισηλθεν εις την πολιν και τη επαυριον εξηλθεν συν τω βαρναβα εις δερβην
2c0e1500d9	ευαγγελισαμενοι τε την πολιν εκεινην και μαθητευσαντες ικανους υπεστρεψαν εις την λυστραν και ικονιον και αντιοχειαν
2c0e160107	επιστηριζοντες τας ψυχας των μαθητων παρακαλουντες εμμενειν τη πιστει και οτι δια πολλων θλιψεων δει ημας εισελθειν εις την βασιλειαν του θεου
2c0e1700f1	χειροτονησαντες δε αυτοις πρεσβυτερους κατ εκκλησιαν προσευξαμενοι μετα νηστειων παρεθεντο αυτους τω κυριω εις ον πεπιστευκεισαν
2c0e180058	και διελθοντες την πισιδιαν ηλθον εις παμφυλιαν
2c0e19006a	και λαλησαντες εν περγη τον λογον κατεβησαν εις ατταλειαν
2c0e1a00bd	κακειθεν απεπλευσαν εις αντιοχειαν οθεν ησαν παραδεδομενοι τη χαριτι του θεου εις το εργον ο επληρωσαν
2c0e1b00f3	παραγενομενοι δε και συναγαγοντες την εκκλησιαν ανηγγειλαν οσα εποιησεν ο θεος μετ αυτων και οτι ηνοιξεν τοις εθνεσιν θυραν πιστεως
2c0e1c0062	διετριβον δε εκει χρονον ουκ ολιγον συν τοις μαθηταις
2c0f0100e0	και τινες κατελθοντες απο της ιουδαιας εδιδασκον τους αδελφους οτι εαν μη περιτεμνησθε τω εθει μωυσεως ου δυνασθε σωθηναι
2c0f0201a2	γενομενης ουν στασεως και συζητησεως ουκ ολιγης τω παυλω και τω βαρναβα προς αυτους εταξαν αναβαινειν παυλον και βαρναβαν και τινας αλλους εξ αυτων προς τους αποστολους και πρεσβυτερους εις ιερουσαλημ περι του ζητηματος τουτου
2c0f030131	οι μεν ουν προπεμφθεντες υπο της εκκλησιας διηρχοντο την φοινικην και σαμαρειαν εκδιηγουμενοι την επιστροφην των εθνων και εποιουν χαραν μεγαλην πασιν τοις αδελφοις
2c0f040109	παραγενομενοι δε εις ιερουσαλημ απεδεχθησαν υπο της εκκλησιας και των αποστολων και των πρεσβυτερων ανηγγειλαν τε οσα ο θεος εποιησεν μετ αυτων
2c0f050110	εξανεστησαν δε τινες των απο της αιρεσεως των φαρισαιων πεπιστευκοτες λεγοντες οτι δει περιτεμνειν αυτους παραγγελλειν τε τηρειν τον νομον μωυσεως
2c0f060087	συνηχθησαν δε οι αποστολοι και οι πρεσβυτεροι ιδειν περι του λογου τουτου
2c0f070190	πολλης δε συζητησεως γενομενης αναστας πετρος ειπεν προς αυτους ανδρες αδελφοι υμεις επιστασθε οτι αφ ημερων αρχαιων ο θεος εν ημιν εξελεξατο δια του στοματος μου ακουσαι τα εθνη τον λογον του ευαγγελιου και πιστευσαι
2c0f0800a4	και ο καρδιογνωστης θεος εμαρτυρησεν αυτοις δους αυτοις το πνευμα το αγιον καθως και ημιν
2c0f090097	και ουδεν διεκρινεν μεταξυ ημων τε και αυτων τη πιστει καθαρισας τας καρδιας αυτων
2c0f0a00eb	νυν ουν τι πειραζετε τον θεον επιθειναι ζυγον επι τον τραχηλον των μαθητων ον ουτε οι πατερες ημων ουτε ημεις ισχυσαμεν βαστασαι
2c0f0b009a	αλλα δια της χαριτος κυριου ιησου χριστου πιστευομεν σωθηναι καθ ον τροπον κακεινοι
2c0f0c00ee	εσιγησεν δε παν το πληθος και ηκουον βαρναβα και παυλου εξηγουμενων οσα εποιησεν ο θεος σημεια και τερατα εν τοις εθνεσιν δι αυτων
2c0f0d008d	μετα δε το σιγησαι αυτους απεκριθη ιακωβος λεγων ανδρες αδελφοι ακουσατε μου
2c0f0e00a4	συμεων εξηγησατο καθως πρωτον ο θεος επεσκεψατο λαβειν εξ εθνων λαον επι τω ονοματι αυτου
2c0f0f006e	και τουτω συμφωνουσιν οι λογοι των προφητων καθως γεγραπται
2c0f1000ed	μετα ταυτα αναστρεψω και ανοικοδομησω την σκηνην δαβιδ την πεπτωκυιαν και τα κατεσκαμμενα αυτης ανοικοδομησω και ανορθωσω αυτην
2c0f110112	οπως αν εκζητησωσιν οι καταλοιποι των ανθρωπων τον κυριον και παντα τα εθνη εφ ους επικεκληται το ονομα μου επ αυτους λεγει κυριος ο ποιων ταυτα παντα
2c0f120059	γνωστα απ αιωνος εστιν τω θεω παντα τα εργα αυτου
2c0f130088	διο εγω κρινω μη παρενοχλειν τοις απο των εθνων επιστρεφουσιν επι τον θεον
2c0f1400d8	αλλα επιστειλαι αυτοις του απεχεσθαι απο των αλισγηματων των ειδωλων και της πορνειας και του πνικτου και του αιματος
2c0f1500dd	μωσης γαρ εκ γενεων αρχαιων κατα πολιν τους κηρυσσοντας αυτον εχει εν ταις συναγωγαις κατα παν σαββατον αναγινωσκομενος
2c0f16019f	τοτε εδοξεν τοις αποστολοις και τοις πρεσβυτεροις συν ολη τη εκκλησια εκλεξαμενους ανδρας εξ αυτων πεμψαι εις αντιοχειαν συν τω παυλω και βαρναβα ιουδαν τον επικαλουμενον βαρσαβαν και σιλαν ανδρας ηγουμενους εν τοις αδελφοις
2c0f170123	γραψαντες δια χειρος αυτων ταδε οι αποστολοι και οι πρεσβυτεροι και οι αδελφοι τοις κατα την αντιοχειαν και συριαν και κιλικιαν αδελφοις τοις εξ εθνων χαιρειν
2c0f18012c	επειδη ηκουσαμεν οτι τινες εξ ημων εξελθοντες εταραξαν υμας λογοις ανασκευαζοντες τας ψυχας υμων λεγοντες περιτεμνεσθαι και τηρειν τον νομον οις ου διεστειλαμεθα
2c0f1900d1	εδοξεν ημιν γενομενοις ομοθυμαδον εκλεξαμενους ανδρας πεμψαι προς υμας συν τοις αγαπητοις ημων βαρναβα και παυλω
2c0f1a00a2	ανθρωποις παραδεδωκοσιν τας ψυχας αυτων υπερ του ονοματος του κυριου ημων ιησου χριστου
2c0f1b008d	απεσταλκαμεν ουν ιουδαν και σιλαν και αυτους δια λογου απαγγελλοντας τα αυτα
2c0f1c00b3	εδοξεν γαρ τω αγιω πνευματι και ημιν μηδεν πλεον επιτιθεσθαι υμιν βαρος πλην των επαναγκες τουτων
2c0f1d00c2	απεχεσθαι ειδωλοθυτων και αιματος και πνικτου και πορνειας εξ ων διατηρουντες εαυτους ευ πραξετε ερρωσθε
2c0f1e00ad	οι μεν ουν απολυθεντες ηλθον εις αντιοχειαν και συναγαγοντες το πληθος επεδωκαν την επιστολην
2c0f1f004b	αναγνοντες δε εχαρησαν επι τη παρακλησει
2c0f2000d4	ιουδας {VAR1: τε} {VAR2: δε} και σιλας και αυτοι προφηται οντες δια λογου πολλου παρεκαλεσαν τους αδελφους και επεστηριξαν
2c0f210095	ποιησαντες δε χρονον απελυθησαν μετ ειρηνης απο των αδελφων προς τους αποστολους
2c0f22003d	εδοξεν δε τω σιλα επιμειναι αυτου
2c0f2300e1	παυλος δε και βαρναβας διετριβον εν αντιοχεια διδασκοντες και ευαγγελιζομενοι μετα και ετερων πολλων τον λογον του κυριου
2c0f240135	μετα δε τινας ημερας ειπεν παυλος προς βαρναβαν επιστρεψαντες δη επισκεψωμεθα τους αδελφους ημων κατα πασαν πολιν εν αις κατηγγειλαμεν τον λογον του κυριου πως εχουσιν
2c0f250086	βαρναβας δε εβουλευσατο συμπαραλαβειν τον ιωαννην τον καλουμενον μαρκον
2c0f2600d2	παυλος δε ηξιου τον αποσταντα απ αυτων απο παμφυλιας και μη συνελθοντα αυτοις εις το εργον μη συμπαραλαβειν τουτον
2c0f2700de	εγενετο ουν παροξυσμος ωστε αποχωρισθηναι αυτους απ αλληλων τον τε βαρναβαν παραλαβοντα τον μαρκον εκπλευσαι εις κυπρον
2c0f280098	παυλος δε επιλεξαμενος σιλαν εξηλθεν παραδοθεις τη χαριτι του θεου υπο των αδελφων
2c0f290072	διηρχετο δε την συριαν και κιλικιαν επιστηριζων τας εκκλησιας
2c100100fb	κατηντησεν δε εις δερβην και λυστραν και ιδου μαθητης τις ην εκει ονοματι τιμοθεος υιος γυναικος τινος ιουδαιας πιστης πατρος δε ελληνος
2c10020062	ος εμαρτυρειτο υπο των εν λυστροις και ικονιω αδελφων
2c10030148	τουτον ηθελησεν ο παυλος συν αυτω εξελθειν και λαβων περιετεμεν αυτον δια τους ιουδαιους τους οντας εν τοις τοποις εκεινοις ηδεισαν γαρ απαντες τον πατερα αυτου οτι ελλην υπηρχεν
2c100400fe	ως δε διεπορευοντο τας πολεις παρεδιδουν αυτοις φυλασσειν τα δογματα τα κεκριμενα υπο των αποστολων και των πρεσβυτερων των εν ιερουσαλημ
2c10050092	αι μεν ουν εκκλησιαι εστερεουντο τη πιστει και επερισσευον τω αριθμω καθ ημεραν
2c100600d0	διελθοντες δε την φρυγιαν και την γαλατικην χωραν κωλυθεντες υπο του αγιου πνευματος λαλησαι τον λογον εν τη ασια
2c100700b0	ελθοντες κατα την μυσιαν επειραζον κατα την βιθυνιαν πορευεσθαι και ουκ ειασεν αυτους το πνευμα
2c10080056	παρελθοντες δε την μυσιαν κατεβησαν εις τρωαδα
2c100900e7	και οραμα δια της νυκτος ωφθη τω παυλω ανηρ τις ην μακεδων εστως παρακαλων αυτον και λεγων διαβας εις μακεδονιαν βοηθησον ημιν
2c100a00f8	ως δε το οραμα ειδεν ευθεως εζητησαμεν εξελθειν εις την μακεδονιαν συμβιβαζοντες οτι προσκεκληται ημας ο κυριος ευαγγελισασθαι αυτους
2c100b00a2	αναχθεντες ουν απο της τρωαδος ευθυδρομησαμεν εις σαμοθρακην τη τε επιουση εις νεαπολιν
2c100c00f7	εκειθεν τε εις φιλιππους ητις εστιν πρωτη της μεριδος της μακεδονιας πολις κολωνια ημεν δε εν ταυτη τη πολει διατριβοντες ημερας τινας
2c100d0108	τη τε ημερα των σαββατων εξηλθομεν εξω της πολεως παρα ποταμον ου ενομιζετο προσευχη ειναι και καθισαντες ελαλουμεν ταις συνελθουσαις γυναιξιν
2c100e0123	και τις γυνη ονοματι λυδια πορφυροπωλις πολεως θυατειρων σεβομενη τον θεον ηκουεν ης ο κυριος διηνοιξεν την καρδιαν προσεχειν τοις λαλουμενοις υπο του παυλου
2c100f0114	ως δε εβαπτισθη και ο οικος αυτης παρεκαλεσεν λεγουσα ει κεκρικατε με πιστην τω κυριω ειναι εισελθοντες εις τον οικον μου μεινατε και παρεβιασατο ημας
2c10100122	εγενετο δε πορευομενων ημων εις προσευχην παιδισκην τινα εχουσαν πνευμα πυθωνος απαντησαι ημιν ητις εργασιαν πολλην παρειχεν τοις κυριοις αυτης μαντευομενη
2c10110113	αυτη κατακολουθησασα τω παυλω και ημιν εκραζεν λεγουσα ουτοι οι ανθρωποι δουλοι του θεου του υψιστου εισιν οιτινες καταγγελλουσιν ημιν οδον σωτηριας
2c10120141	τουτο δε εποιει επι πολλας ημερας διαπονηθεις δε ο παυλος και επιστρεψας τω πνευματι ειπεν παραγγελλω σοι εν τω ονοματι ιησου χριστου εξελθειν απ αυτης και εξηλθεν αυτη τη ωρα
2c1013010a	ιδοντες δε οι κυριοι αυτης οτι εξηλθεν η ελπις της εργασιας αυτων επιλαβομενοι τον παυλον και τον σιλαν ειλκυσαν εις την αγοραν επι τους αρχοντας
2c101400d4	και προσαγαγοντες αυτους τοις στρατηγοις ειπον ουτοι οι ανθρωποι εκταρασσουσιν ημων την πολιν ιουδαιοι υπαρχοντες
2c10150097	και καταγγελλουσιν εθη α ουκ εξεστιν ημιν παραδεχεσθαι ουδε ποιειν ρωμαιοις ουσιν
2c101600b4	και συνεπεστη ο οχλος κατ αυτων και οι στρατηγοι περιρρηξαντες αυτων τα ιματια εκελευον ραβδιζειν
2c101700c3	πολλας τε επιθεντες αυτοις πληγας εβαλον εις φυλακην παραγγειλαντες τω δεσμοφυλακι ασφαλως τηρειν αυτους
2c101800d5	ος παραγγελιαν τοιαυτην ειληφως εβαλεν αυτους εις την εσωτεραν φυλακην και τους ποδας αυτων ησφαλισατο εις το ξυλον
2c101900b9	κατα δε το μεσονυκτιον παυλος και σιλας προσευχομενοι υμνουν τον θεον επηκροωντο δε αυτων οι δεσμιοι
2c101a00fd	αφνω δε σεισμος εγενετο μεγας ωστε σαλευθηναι τα θεμελια του δεσμωτηριου ανεωχθησαν τε παραχρημα αι θυραι πασαι και παντων τα δεσμα ανεθη
2c101b0120	εξυπνος δε γενομενος ο δεσμοφυλαξ και ιδων ανεωγμενας τας θυρας της φυλακης σπασαμενος μαχαιραν εμελλεν εαυτον αναιρειν νομιζων εκπεφευγεναι τους δεσμιους
2c101c00a4	εφωνησεν δε φωνη μεγαλη ο παυλος λεγων μηδεν πραξης σεαυτω κακον απαντες γαρ εσμεν ενθαδε
2c101d0098	αιτησας δε φωτα εισεπηδησεν και εντρομος γενομενος προσεπεσεν τω παυλω και τω σιλα
2c101e006f	και προαγαγων αυτους εξω εφη κυριοι τι με δει ποιειν ινα σωθω
2c101f0093	οι δε ειπον πιστευσον επι τον κυριον ιησουν χριστον και σωθηση συ και ο οικος σου
2c10200081	και ελαλησαν αυτω τον λογον του κυριου και πασιν τοις εν τη οικια αυτου
2c102100de	και παραλαβων αυτους εν εκεινη τη ωρα της νυκτος ελουσεν απο των πληγων και εβαπτισθη αυτος και οι αυτου παντες παραχρημα
2c102200ba	αναγαγων τε αυτους εις τον οικον αυτου παρεθηκεν τραπεζαν και ηγαλλιασατο πανοικι πεπιστευκως τω θεω
2c102300be	ημερας δε γενομενης απεστειλαν οι στρατηγοι τους ραβδουχους λεγοντες απολυσον τους ανθρωπους εκεινους
2c1024010d	απηγγειλεν δε ο δεσμοφυλαξ τους λογους τουτους προς τον παυλον οτι απεσταλκασιν οι στρατηγοι ινα απολυθητε νυν ουν εξελθοντες πορευεσθε εν ειρηνη
2c1025015d	ο δε παυλος εφη προς αυτους δειραντες ημας δημοσια ακατακριτους ανθρωπους ρωμαιους υπαρχοντας εβαλον εις φυλακην και νυν λαθρα ημας εκβαλλουσιν ου γαρ αλλα ελθοντες αυτοι ημας εξαγαγετωσαν
2c102600be	ανηγγειλαν δε τοις στρατηγοις οι ραβδουχοι τα ρηματα ταυτα και εφοβηθησαν ακουσαντες οτι ρωμαιοι εισιν
2c1027008b	και ελθοντες παρεκαλεσαν αυτους και εξαγαγοντες ηρωτων εξελθειν της πολεως
2c102800ca	εξελθοντες δε εκ της φυλακης εισηλθον εις την λυδιαν και ιδοντες τους αδελφους παρεκαλεσαν αυτους και εξηλθον
2c110100b8	διοδευσαντες δε την αμφιπολιν και απολλωνιαν ηλθον εις θεσσαλονικην οπου ην η συναγωγη των ιουδαιων
2c110200b7	κατα δε το ειωθος τω παυλω εισηλθεν προς αυτους και επι σαββατα τρια διελεγετο αυτοις απο των γραφων
2c11030100	διανοιγων και παρατιθεμενος οτι τον χριστον εδει παθειν και αναστηναι εκ νεκρων και οτι ουτος εστιν ο χριστος ιησους ον εγω καταγγελλω υμιν
2c11040103	και τινες εξ αυτων επεισθησαν και προσεκληρωθησαν τω παυλω και τω σιλα των τε σεβομενων ελληνων πολυ πληθος γυναικων τε των πρωτων ουκ ολιγαι
2c1105016f	ζηλωσαντες δε οι απειθουντες ιουδαιοι και προσλαβομενοι των αγοραιων τινας ανδρας πονηρους και οχλοποιησαντες εθορυβουν την πολιν επισταντες τε τη οικια ιασονος εζητουν αυτους αγαγειν εις τον δημον
2c11060114	μη ευροντες δε αυτους εσυρον τον ιασονα και τινας αδελφους επι τους πολιταρχας βοωντες οτι οι την οικουμενην αναστατωσαντες ουτοι και ενθαδε παρεισιν
2c110700db	ους υποδεδεκται ιασων και ουτοι παντες απεναντι των δογματων καισαρος πραττουσιν βασιλεα λεγοντες ετερον ειναι ιησουν
2c1108006a	εταραξαν δε τον οχλον και τους πολιταρχας ακουοντας ταυτα
2c11090081	και λαβοντες το ικανον παρα του ιασονος και των λοιπων απελυσαν αυτους
2c110a010d	οι δε αδελφοι ευθεως δια της νυκτος εξεπεμψαν τον τε παυλον και τον σιλαν εις βεροιαν οιτινες παραγενομενοι εις την συναγωγην των ιουδαιων απηεσαν
2c110b0117	ουτοι δε ησαν ευγενεστεροι των εν θεσσαλονικη οιτινες εδεξαντο τον λογον μετα πασης προθυμιας το καθ ημεραν ανακρινοντες τας γραφας ει εχοι ταυτα ουτως
2c110c00b5	πολλοι μεν ουν εξ αυτων επιστευσαν και των ελληνιδων γυναικων των ευσχημονων και ανδρων ουκ ολιγοι
2c110d0107	ως δε εγνωσαν οι απο της θεσσαλονικης ιουδαιοι οτι και εν τη βεροια κατηγγελη υπο του παυλου ο λογος του θεου ηλθον κακει σαλευοντες τους οχλους
2c110e00e1	ευθεως δε τοτε τον παυλον εξαπεστειλαν οι αδελφοι πορευεσθαι ως επι την θαλασσαν υπεμενον δε ο τε σιλας και ο τιμοθεος εκει
2c110f0107	οι δε καθιστωντες τον παυλον ηγαγον αυτον εως αθηνων και λαβοντες εντολην προς τον σιλαν και τιμοθεον ινα ως ταχιστα ελθωσιν προς αυτον εξηεσαν
2c111000de	εν δε ταις αθηναις εκδεχομενου αυτους του παυλου παρωξυνετο το πνευμα αυτου εν αυτω θεωρουντι κατειδωλον ουσαν την πολιν
2c111100ea	διελεγετο μεν ουν εν τη συναγωγη τοις ιουδαιοις και τοις σεβομενοις και εν τη αγορα κατα πασαν ημεραν προς τους παρατυγχανοντας
2c11120198	τινες δε των επικουρειων και των στωικων φιλοσοφων συνεβαλλον αυτω και τινες ελεγον τι αν θελοι ο σπερμολογος ουτος λεγειν οι δε ξενων δαιμονιων δοκει καταγγελευς ειναι οτι τον ιησουν και την αναστασιν αυτοις ευηγγελιζετο
2c111300d9	επιλαβομενοι τε αυτου επι τον αρειον παγον ηγαγον λεγοντες δυναμεθα γνωναι τις η καινη αυτη η υπο σου λαλουμενη διδαχη
2c111400a9	ξενιζοντα γαρ τινα εισφερεις εις τας ακοας ημων βουλομεθα ουν γνωναι τι αν θελοι ταυτα ειναι
2c111500c4	αθηναιοι δε παντες και οι επιδημουντες ξενοι εις ουδεν ετερον ευκαιρουν η λεγειν τι και ακουειν καινοτερον
2c111600c9	σταθεις δε ο παυλος εν μεσω του αρειου παγου εφη ανδρες αθηναιοι κατα παντα ως δεισιδαιμονεστερους υμας θεωρω
2c11170110	διερχομενος γαρ και αναθεωρων τα σεβασματα υμων ευρον και βωμον εν ω επεγεγραπτο αγνωστω θεω ον ουν αγνοουντες ευσεβειτε τουτον εγω καταγγελλω υμιν
2c111800dd	ο θεος ο ποιησας τον κοσμον και παντα τα εν αυτω ουτος ουρανου και γης κυριος υπαρχων ουκ εν χειροποιητοις ναοις κατοικει
2c111900d6	ουδε υπο χειρων ανθρωπων θεραπευεται προσδεομενος τινος αυτος διδους πασιν ζωην και πνοην {VAR1: κατα} {VAR2: και τα} παντα
2c111a0119	εποιησεν τε εξ ενος αιματος παν εθνος ανθρωπων κατοικειν επι παν το προσωπον της γης ορισας προτεταγμενους καιρους και τας οροθεσιας της κατοικιας αυτων
2c111b00c7	ζητειν τον κυριον ει αρα γε ψηλαφησειαν αυτον και ευροιεν καιτοιγε ου μακραν απο ενος εκαστου ημων υπαρχοντα
2c111c00c6	εν αυτω γαρ ζωμεν και κινουμεθα και εσμεν ως και τινες των καθ υμας ποιητων ειρηκασιν του γαρ και γενος εσμεν
2c111d00fd	γενος ουν υπαρχοντες του θεου ουκ οφειλομεν νομιζειν χρυσω η αργυρω η λιθω χαραγματι τεχνης και ενθυμησεως ανθρωπου το θειον ειναι ομοιον
2c111e00c6	τους μεν ουν χρονους της αγνοιας υπεριδων ο θεος τα νυν παραγγελλει τοις ανθρωποις πασιν πανταχου μετανοειν
2c111f00f9	διοτι εστησεν ημεραν εν η μελλει κρινειν την οικουμενην εν δικαιοσυνη εν ανδρι ω ωρισεν πιστιν παρασχων πασιν αναστησας αυτον εκ νεκρων
2c112000aa	ακουσαντες δε αναστασιν νεκρων οι μεν εχλευαζον οι δε ειπον ακουσομεθα σου παλιν περι τουτου
2c1121004b	και ουτως ο παυλος εξηλθεν εκ μεσου αυτων
2c112200e7	τινες δε ανδρες κολληθεντες αυτω επιστευσαν εν οις και διονυσιος ο αρεοπαγιτης και γυνη ονοματι δαμαρις και ετεροι συν αυτοις
2c12010077	μετα δε ταυτα χωρισθεις ο παυλος εκ των αθηνων ηλθεν εις κορινθον
2c1202018c	και ευρων τινα ιουδαιον ονοματι ακυλαν ποντικον τω γενει προσφατως εληλυθοτα απο της ιταλιας και πρισκιλλαν γυναικα αυτου δια το διατεταχεναι κλαυδιον χωριζεσθαι παντας τους ιουδαιους εκ της ρωμης προσηλθεν αυτοις
2c120300a4	και δια το ομοτεχνον ειναι εμενεν παρ αυτοις και ειργαζετο ησαν γαρ σκηνοποιοι την τεχνην
2c12040090	διελεγετο δε εν τη συναγωγη κατα παν σαββατον επειθεν τε ιουδαιους και ελληνας
2c12050102	ως δε κατηλθον απο της μακεδονιας ο τε σιλας και ο τιμοθεος συνειχετο τω πνευματι ο παυλος διαμαρτυρομενος τοις ιουδαιοις τον χριστον ιησουν
2c1206012e	αντιτασσομενων δε αυτων και βλασφημουντων εκτιναξαμενος τα ιματια ειπεν προς αυτους το αιμα υμων επι την κεφαλην υμων καθαρος εγω απο του νυν εις τα εθνη πορευσομαι
2c120700d4	και μεταβας εκειθεν ηλθεν εις οικιαν τινος ονοματι ιουστου σεβομενου τον θεον ου η οικια ην συνομορουσα τη συναγωγη
2c120800ef	κρισπος δε ο αρχισυναγωγος επιστευσεν τω κυριω συν ολω τω οικω αυτου και πολλοι των κορινθιων ακουοντες επιστευον και εβαπτιζοντο
2c12090096	ειπεν δε ο κυριος δι οραματος εν νυκτι τω παυλω μη φοβου αλλα λαλει και μη σιωπησης
2c120a00c6	διοτι εγω ειμι μετα σου και ουδεις επιθησεται σοι του κακωσαι σε διοτι λαος εστιν μοι πολυς εν τη πολει ταυτη
2c120b0082	εκαθισεν τε ενιαυτον και μηνας εξ διδασκων εν αυτοις τον λογον του θεου
2c120c00d0	γαλλιωνος δε ανθυπατευοντος της αχαιας κατεπεστησαν ομοθυμαδον οι ιουδαιοι τω παυλω και ηγαγον αυτον επι το βημα
2c120d008d	λεγοντες οτι παρα τον νομον ουτος αναπειθει τους ανθρωπους σεβεσθαι τον θεον
2c120e012c	μελλοντος δε του παυλου ανοιγειν το στομα ειπεν ο γαλλιων προς τους ιουδαιους ει μεν ουν ην αδικημα τι η ραδιουργημα πονηρον ω ιουδαιοι κατα λογον αν ηνεσχομην υμων
2c120f00d7	ει δε ζητημα εστιν περι λογου και ονοματων και νομου του καθ υμας οψεσθε αυτοι κριτης γαρ εγω τουτων ου βουλομαι ειναι
2c12100041	και απηλασεν αυτους απο του βηματος
2c121100eb	επιλαβομενοι δε παντες οι ελληνες σωσθενην τον αρχισυναγωγον ετυπτον εμπροσθεν του βηματος και ουδεν τουτων τω γαλλιωνι εμελεν
2c12120145	ο δε παυλος ετι προσμεινας ημερας ικανας τοις αδελφοις αποταξαμενος εξεπλει εις την συριαν και συν αυτω πρισκιλλα και ακυλας κειραμενος την κεφαλην εν κεγχρεαις ειχεν γαρ ευχην
2c121300cd	κατηντησεν δε εις εφεσον κακεινους κατελιπεν αυτου αυτος δε εισελθων εις την συναγωγην διελεχθη τοις ιουδαιοις
2c12140080	ερωτωντων δε αυτων επι πλειονα χρονον μειναι παρ αυτοις ουκ επενευσεν
2c12150126	αλλ απεταξατο αυτοις ειπων δει με παντως την εορτην την ερχομενην ποιησαι εις ιεροσολυμα παλιν δε ανακαμψω προς υμας του θεου θελοντος και ανηχθη απο της εφεσου
2c121600a1	και κατελθων εις καισαρειαν αναβας και ασπασαμενος την εκκλησιαν κατεβη εις αντιοχειαν
2c121700d7	και ποιησας χρονον τινα εξηλθεν διερχομενος καθεξης την γαλατικην χωραν και φρυγιαν επιστηριζων παντας τους μαθητας
2c121800d1	ιουδαιος δε τις απολλως ονοματι αλεξανδρευς τω γενει ανηρ λογιος κατηντησεν εις εφεσον δυνατος ων εν ταις γραφαις
2c1219010f	ουτος ην κατηχημενος την οδον του κυριου και ζεων τω πνευματι ελαλει και εδιδασκεν ακριβως τα περι του κυριου επισταμενος μονον το βαπτισμα ιωαννου
2c121a011e	ουτος τε ηρξατο παρρησιαζεσθαι εν τη συναγωγη ακουσαντες δε αυτου ακυλας και πρισκιλλα προσελαβοντο αυτον και ακριβεστερον αυτω εξεθεντο την του θεου οδον
2c121b0149	βουλομενου δε αυτου διελθειν εις την αχαιαν προτρεψαμενοι οι αδελφοι εγραψαν τοις μαθηταις αποδεξασθαι αυτον ος παραγενομενος συνεβαλετο πολυ τοις πεπιστευκοσιν δια της χαριτος
2c121c00bb	ευτονως γαρ τοις ιουδαιοις διακατηλεγχετο δημοσια επιδεικνυς δια των γραφων ειναι τον χριστον ιησουν
2c130100de	εγενετο δε εν τω τον απολλω ειναι εν κορινθω παυλον διελθοντα τα ανωτερικα μερη ελθειν εις εφεσον και ευρων τινας μαθητας
2c130200d9	ειπεν προς αυτους ει πνευμα αγιον ελαβετε πιστευσαντες οι δε ειπον προς αυτον αλλ ουδε ει πνευμα αγιον εστιν ηκουσαμεν
2c13030090	ειπεν τε προς αυτους εις τι ουν εβαπτισθητε οι δε ειπον εις το ιωαννου βαπτισμα
2c1304010f	ειπεν δε παυλος ιωαννης μεν εβαπτισεν βαπτισμα μετανοιας τω λαω λεγων εις τον ερχομενον μετ αυτον ινα πιστευσωσιν τουτ εστιν εις τον χριστον ιησουν
2c13050068	ακουσαντες δε εβαπτισθησαν εις το ονομα του κυριου ιησου
2c130600d0	και επιθεντος αυτοις του παυλου τας χειρας ηλθεν το πνευμα το αγιον επ αυτους ελαλουν τε γλωσσαις και προεφητευον
2c13070044	ησαν δε οι παντες ανδρες ωσει δεκαδυο
2c130800d3	εισελθων δε εις την συναγωγην επαρρησιαζετο επι μηνας τρεις διαλεγομενος και πειθων τα περι της βασιλειας του θεου
2c1309013b	ως δε τινες εσκληρυνοντο και ηπειθουν κακολογουντες την οδον ενωπιον του πληθους αποστας απ αυτων αφωρισεν τους μαθητας καθ ημεραν διαλεγομενος εν τη σχολη τυραννου τινος
2c130a00eb	τουτο δε εγενετο επι ετη δυο ωστε παντας τους κατοικουντας την ασιαν ακουσαι τον λογον του κυριου ιησου ιουδαιους τε και ελληνας
2c130b0073	δυναμεις τε ου τας τυχουσας εποιει ο θεος δια των χειρων παυλου
2c130c0134	ωστε και επι τους ασθενουντας επιφερεσθαι απο του χρωτος αυτου σουδαρια η σιμικινθια και απαλλασσεσθαι απ αυτων τας νοσους τα τε πνευματα τα πονηρα εξερχεσθαι απ αυτων
2c130d0165	επεχειρησαν δε τινες απο των περιερχομενων ιουδαιων εξορκιστων ονομαζειν επι τους εχοντας τα πνευματα τα πονηρα το ονομα του κυριου ιησου λεγοντες ορκιζομεν υμας τον ιησουν ον ο παυλος κηρυσσει
2c130e007c	ησαν δε τινες υιοι σκευα ιουδαιου αρχιερεως επτα οι τουτο ποιουντες
2c130f00bd	αποκριθεν δε το πνευμα το πονηρον ειπεν τον ιησουν γινωσκω και τον παυλον επισταμαι υμεις δε τινες εστε
2c1310013d	και εφαλλομενος επ αυτους ο ανθρωπος εν ω ην το πνευμα το πονηρον και κατακυριευσας αυτων ισχυσεν κατ αυτων ωστε γυμνους και τετραυματισμενους εκφυγειν εκ του οικου εκεινου
2c1311012b	τουτο δε εγενετο γνωστον πασιν ιουδαιοις τε και ελλησιν τοις κατοικουσιν την εφεσον και επεπεσεν φοβος επι παντας αυτους και εμεγαλυνετο το ονομα του κυριου ιησου
2c131200a4	πολλοι τε των πεπιστευκοτων ηρχοντο εξομολογουμενοι και αναγγελλοντες τας πραξεις αυτων
2c1313011b	ικανοι δε των τα περιεργα πραξαντων συνενεγκαντες τας βιβλους κατεκαιον ενωπιον παντων και συνεψηφισαν τας τιμας αυτων και ευρον αργυριου μυριαδας πεντε
2c13140065	ουτως κατα κρατος ο λογος του κυριου ηυξανεν και ισχυεν
2c13150133	ως δε επληρωθη ταυτα εθετο ο παυλος εν τω πνευματι διελθων την μακεδονιαν και αχαιαν πορευεσθαι εις ιερουσαλημ ειπων οτι μετα το γενεσθαι με εκει δει με και ρωμην ιδειν
2c131600d3	αποστειλας δε εις την μακεδονιαν δυο των διακονουντων αυτω τιμοθεον και εραστον αυτος επεσχεν χρονον εις την ασιαν
2c1317007b	εγενετο δε κατα τον καιρον εκεινον ταραχος ουκ ολιγος περι της οδου
2c131800d4	δημητριος γαρ τις ονοματι αργυροκοπος ποιων ναους αργυρους αρτεμιδος παρειχετο τοις τεχνιταις εργασιαν ουκ ολιγην
2c131900db	ους συναθροισας και τους περι τα τοιαυτα εργατας ειπεν ανδρες επιστασθε οτι εκ ταυτης της εργασιας η ευπορια ημων εστιν
2c131a0132	και θεωρειτε και ακουετε οτι ου μονον εφεσου αλλα σχεδον πασης της ασιας ο παυλος ουτος πεισας μετεστησεν ικανον οχλον λεγων οτι ουκ εισιν θεοι οι δια χειρων γινομενοι
2c131b01a5	ου μονον δε τουτο κινδυνευει ημιν το μερος εις απελεγμον ελθειν αλλα και το της μεγαλης θεας αρτεμιδος ιερον εις ουδεν λογισθηναι μελλειν {VAR1: δε} {VAR2: τε} και καθαιρεισθαι την μεγαλειοτητα αυτης ην ολη η ασια και η οικουμενη σεβεται
2c131c009b	ακουσαντες δε και γενομενοι πληρεις θυμου εκραζον λεγοντες μεγαλη η αρτεμις εφεσιων
2c131d0101	και επλησθη η πολις ολη συγχυσεως ωρμησαν τε ομοθυμαδον εις το θεατρον συναρπασαντες γαιον και αρισταρχον μακεδονας συνεκδημους του παυλου
2c131e0088	του δε παυλου βουλομενου εισελθειν εις τον δημον ουκ ειων αυτον οι μαθηται
2c131f00c3	τινες δε και των ασιαρχων οντες αυτω φιλοι πεμψαντες προς αυτον παρεκαλουν μη δουναι εαυτον εις το θεατρον
2c132000d2	αλλοι μεν ουν αλλο τι εκραζον ην γαρ η εκκλησια συγκεχυμενη και οι πλειους ουκ ηδεισαν τινος ενεκεν συνεληλυθεισαν
2c13210122	εκ δε του οχλου προεβιβασαν αλεξανδρον {VAR1: προβαλοντων} {VAR2: προβαλλοντων} αυτον των ιουδαιων ο δε αλεξανδρος κατασεισας την χειρα ηθελεν απολογεισθαι τω δημω
2c132200ca	επιγνοντων δε οτι ιουδαιος εστιν φωνη εγενετο μια εκ παντων ως επι ωρας δυο κραζοντων μεγαλη η αρτεμις εφεσιων
2c13230141	καταστειλας δε ο γραμματευς τον οχλον φησιν ανδρες εφεσιοι τις γαρ εστιν ανθρωπος ος ου γινωσκει την εφεσιων πολιν νεωκορον ουσαν της μεγαλης θεας αρτεμιδος και του διοπετους
2c132400b6	αναντιρρητων ουν οντων τουτων δεον εστιν υμας κατεσταλμενους υπαρχειν και μηδεν προπετες πραττειν
2c13250095	ηγαγετε γαρ τους ανδρας τουτους ουτε ιεροσυλους ουτε βλασφημουντας την θεαν υμων
2c132600ed	ει μεν ουν δημητριος και οι συν αυτω τεχνιται προς τινα λογον εχουσιν αγοραιοι αγονται και ανθυπατοι εισιν εγκαλειτωσαν αλληλοις
2c1327007a	ει δε τι περι ετερων επιζητειτε εν τη εννομω εκκλησια επιλυθησεται
2c13280104	και γαρ κινδυνευομεν εγκαλεισθαι στασεως περι της σημερον μηδενος αιτιου υπαρχοντος περι ου δυνησομεθα αποδουναι λογον της συστροφης ταυτης
2c13290047	και ταυτα ειπων απελυσεν την εκκλησιαν
2c140100e7	μετα δε το παυσασθαι τον θορυβον προσκαλεσαμενος ο παυλος τους μαθητας και ασπασαμενος εξηλθεν πορευθηναι εις την μακεδονιαν
2c14020093	διελθων δε τα μερη εκεινα και παρακαλεσας αυτους λογω πολλω ηλθεν εις την ελλαδα
2c1403010a	ποιησας τε μηνας τρεις γενομενης αυτω επιβουλης υπο των ιουδαιων μελλοντι αναγεσθαι εις την συριαν εγενετο γνωμη του υποστρεφειν δια μακεδονιας
2c14040124	συνειπετο δε αυτω αχρι της ασιας σωπατρος βεροιαιος θεσσαλονικεων δε αρισταρχος και σεκουνδος και γαιος δερβαιος και τιμοθεος ασιανοι δε τυχικος και τροφιμος
2c14050049	ουτοι προελθοντες εμενον ημας εν τρωαδι
2c1406010d	ημεις δε εξεπλευσαμεν μετα τας ημερας των αζυμων απο φιλιππων και ηλθομεν προς αυτους εις την τρωαδα αχρις ημερων πεντε ου διετριψαμεν ημερας επτα
2c14070127	εν δε τη μια των σαββατων συνηγμενων των μαθητων του κλασαι αρτον ο παυλος διελεγετο αυτοις μελλων εξιεναι τη επαυριον παρετεινεν τε τον λογον μεχρι μεσονυκτιου
2c14080065	ησαν δε λαμπαδες ικαναι εν τω υπερωω ου ησαν συνηγμενοι
2c1409015c	καθημενος δε τις νεανιας ονοματι ευτυχος επι της θυριδος καταφερομενος υπνω βαθει διαλεγομενου του παυλου επι πλειον κατενεχθεις απο του υπνου επεσεν απο του τριστεγου κατω και ηρθη νεκρος
2c140a00b9	καταβας δε ο παυλος επεπεσεν αυτω και συμπεριλαβων ειπεν μη θορυβεισθε η γαρ ψυχη αυτου εν αυτω εστιν
2c140b00a4	αναβας δε και κλασας αρτον και γευσαμενος εφ ικανον τε ομιλησας αχρις αυγης ουτως εξηλθεν
2c140c0062	ηγαγον δε τον παιδα ζωντα και παρεκληθησαν ου μετριως
2c140d0115	ημεις δε προελθοντες επι το πλοιον ανηχθημεν εις την ασσον εκειθεν μελλοντες αναλαμβανειν τον παυλον ουτως γαρ ην διατεταγμενος μελλων αυτος πεζευειν
2c140e0089	ως δε συνεβαλεν ημιν εις την ασσον αναλαβοντες αυτον ηλθομεν εις μιτυληνην
2c140f0119	κακειθεν αποπλευσαντες τη επιουση κατηντησαμεν αντικρυ χιου τη δε ετερα παρεβαλομεν εις σαμον και μειναντες εν τρωγυλλιω τη εχομενη ηλθομεν εις μιλητον
2c1410013d	εκρινεν γαρ ο παυλος παραπλευσαι την εφεσον οπως μη γενηται αυτω χρονοτριβησαι εν τη ασια εσπευδεν γαρ ει δυνατον ην αυτω την ημεραν της πεντηκοστης γενεσθαι εις ιεροσολυμα
2c14110097	απο δε της μιλητου πεμψας εις εφεσον μετεκαλεσατο τους πρεσβυτερους της εκκλησιας
2c14120102	ως δε παρεγενοντο προς αυτον ειπεν αυτοις υμεις επιστασθε απο πρωτης ημερας αφ ης επεβην εις την ασιαν πως μεθ υμων τον παντα χρονον εγενομην
2c141300ec	δουλευων τω κυριω μετα πασης ταπεινοφροσυνης και πολλων δακρυων και πειρασμων των συμβαντων μοι εν ταις επιβουλαις των ιουδαιων
2c141400b9	ως ουδεν υπεστειλαμην των συμφεροντων του μη αναγγειλαι υμιν και διδαξαι υμας δημοσια και κατ οικους
2c141500d8	διαμαρτυρομενος ιουδαιοις τε και ελλησιν την εις τον θεον μετανοιαν και πιστιν την εις τον κυριον ημων ιησουν χριστον
2c141600b8	και νυν ιδου εγω δεδεμενος τω πνευματι πορευομαι εις ιερουσαλημ τα εν αυτη συναντησοντα μοι μη ειδως
2c141700a9	πλην οτι το πνευμα το αγιον κατα πολιν διαμαρτυρεται λεγον οτι δεσμα με και θλιψεις μενουσιν
2c14180173	αλλ ουδενος λογον ποιουμαι ουδε εχω την ψυχην μου τιμιαν εμαυτω ως τελειωσαι τον δρομον μου μετα χαρας και την διακονιαν ην ελαβον παρα του κυριου ιησου διαμαρτυρασθαι το ευαγγελιον της χαριτος του θεου
2c141900d2	και νυν ιδου εγω οιδα οτι ουκετι οψεσθε το προσωπον μου υμεις παντες εν οις διηλθον κηρυσσων την βασιλειαν του θεου
2c141a008f	διο μαρτυρομαι υμιν εν τη σημερον ημερα οτι καθαρος εγω απο του αιματος παντων
2c141b007d	ου γαρ υπεστειλαμην του μη αναγγειλαι υμιν πασαν την βουλην του θεου
2c141c0128	προσεχετε ουν εαυτοις και παντι τω ποιμνιω εν ω υμας το πνευμα το αγιον εθετο επισκοπους ποιμαινειν την εκκλησιαν του θεου ην περιεποιησατο δια του ιδιου αιματος
2c141d00c1	εγω γαρ οιδα τουτο οτι εισελευσονται μετα την αφιξιν μου λυκοι βαρεις εις υμας μη φειδομενοι του ποιμνιου
2c141e00b5	και εξ υμων αυτων αναστησονται ανδρες λαλουντες διεστραμμενα του αποσπαν τους μαθητας οπισω αυτων
2c141f00c6	διο γρηγορειτε μνημονευοντες οτι τριετιαν νυκτα και ημεραν ουκ επαυσαμην μετα δακρυων νουθετων ενα εκαστον
2c14200133	και {VAR1: τανυν} {VAR2: τα νυν} παρατιθεμαι υμας αδελφοι τω θεω και τω λογω της χαριτος αυτου τω δυναμενω εποικοδομησαι και δουναι υμιν κληρονομιαν εν τοις ηγιασμενοις πασιν
2c1421005a	αργυριου η χρυσιου η ιματισμου ουδενος επεθυμησα
2c142200a5	αυτοι δε γινωσκετε οτι ταις χρειαις μου και τοις ουσιν μετ εμου υπηρετησαν αι χειρες αυται
2c14230145	παντα υπεδειξα υμιν οτι ουτως κοπιωντας δει αντιλαμβανεσθαι των ασθενουντων μνημονευειν τε των λογων του κυριου ιησου οτι αυτος ειπεν μακαριον εστιν διδοναι μαλλον η λαμβανειν
2c14240076	και ταυτα ειπων θεις τα γονατα αυτου συν πασιν αυτοις προσηυξατο
2c142500af	ικανος δε εγενετο κλαυθμος παντων και επιπεσοντες επι τον τραχηλον του παυλου κατεφιλουν αυτον
2c142600df	οδυνωμενοι μαλιστα επι τω λογω ω ειρηκει οτι ουκετι μελλουσιν το προσωπον αυτου θεωρειν προεπεμπον δε αυτον εις το πλοιον
2c150100f3	ως δε εγενετο αναχθηναι ημας αποσπασθεντας απ αυτων ευθυδρομησαντες ηλθομεν εις την κων τη δε εξης εις την ροδον κακειθεν εις παταρα
2c15020073	και ευροντες πλοιον διαπερων εις φοινικην επιβαντες ανηχθημεν
2c1503011a	αναφαναντες δε την κυπρον και καταλιποντες αυτην ευωνυμον επλεομεν εις συριαν και κατηχθημεν εις τυρον εκεισε γαρ ην το πλοιον αποφορτιζομενον τον γομον
2c150400f6	και ανευροντες {VAR1: τους} μαθητας επεμειναμεν αυτου ημερας επτα οιτινες τω παυλω ελεγον δια του πνευματος μη αναβαινειν εις ιερουσαλημ
2c15050153	οτε δε εγενετο ημας εξαρτισαι τας ημερας εξελθοντες επορευομεθα προπεμποντων ημας παντων συν γυναιξιν και τεκνοις εως εξω της πολεως και θεντες τα γονατα επι τον αιγιαλον προσηυξαμεθα
2c15060096	και ασπασαμενοι αλληλους επεβημεν εις το πλοιον εκεινοι δε υπεστρεψαν εις τα ιδια
2c150700f4	ημεις δε τον πλουν διανυσαντες απο τυρου κατηντησαμεν εις πτολεμαιδα και ασπασαμενοι τους αδελφους εμειναμεν ημεραν μιαν παρ αυτοις
2c15080149	τη δε επαυριον εξελθοντες οι περι τον παυλον {VAR1: ηλθον} {VAR2: ηλθομεν} εις καισαρειαν και εισελθοντες εις τον οικον φιλιππου του ευαγγελιστου του οντος εκ των επτα εμειναμεν παρ αυτω
2c15090068	τουτω δε ησαν θυγατερες παρθενοι τεσσαρες προφητευουσαι
2c150a00a4	επιμενοντων δε ημων ημερας πλειους κατηλθεν τις απο της ιουδαιας προφητης ονοματι αγαβος
2c150b01a6	και ελθων προς ημας και αρας την ζωνην του παυλου δησας τε αυτου τας χειρας και τους ποδας ειπεν ταδε λεγει το πνευμα το αγιον τον ανδρα ου εστιν η ζωνη αυτη ουτως δησουσιν εν ιερουσαλημ οι ιουδαιοι και παραδωσουσιν εις χειρας εθνων
2c150c00b5	ως δε ηκουσαμεν ταυτα παρεκαλουμεν ημεις τε και οι εντοπιοι του μη αναβαινειν αυτον εις ιερουσαλημ
2c150d014d	απεκριθη δε ο παυλος τι ποιειτε κλαιοντες και συνθρυπτοντες μου την καρδιαν εγω γαρ ου μονον δεθηναι αλλα και αποθανειν εις ιερουσαλημ ετοιμως εχω υπερ του ονοματος του κυριου ιησου
2c150e0084	μη πειθομενου δε αυτου ησυχασαμεν ειποντες το θελημα του κυριου γενεσθω
2c150f0080	μετα δε τας ημερας ταυτας αποσκευασαμενοι ανεβαινομεν εις ιερουσαλημ
2c151000cb	συνηλθον δε και των μαθητων απο καισαρειας συν ημιν αγοντες παρ ω ξενισθωμεν μνασωνι τινι κυπριω αρχαιω μαθητη
2c15110079	γενομενων δε ημων εις ιεροσολυμα ασμενως εδεξαντο ημας οι αδελφοι
2c151200a2	τη δε επιουση εισηει ο παυλος συν ημιν προς ιακωβον παντες τε παρεγενοντο οι πρεσβυτεροι
2c151300c1	και ασπασαμενος αυτους εξηγειτο καθ εν εκαστον ων εποιησεν ο θεος εν τοις εθνεσιν δια της διακονιας αυτου
2c1514011c	οι δε ακουσαντες εδοξαζον τον κυριον ειπον τε αυτω θεωρεις αδελφε ποσαι μυριαδες εισιν ιουδαιων των πεπιστευκοτων και παντες ζηλωται του νομου υπαρχουσιν
2c15150126	κατηχηθησαν δε περι σου οτι αποστασιαν διδασκεις απο μωσεως τους κατα τα εθνη παντας ιουδαιους λεγων μη περιτεμνειν αυτους τα τεκνα μηδε τοις εθεσιν περιπατειν
2c1516007e	τι ουν εστιν παντως δει πληθος συνελθειν ακουσονται γαρ οτι εληλυθας
2c15170097	τουτο ουν ποιησον ο σοι λεγομεν εισιν ημιν ανδρες τεσσαρες ευχην εχοντες εφ εαυτων
2c1518015d	τουτους παραλαβων αγνισθητι συν αυτοις και δαπανησον επ αυτοις ινα ξυρησωνται την κεφαλην και γνωσιν παντες οτι ων κατηχηνται περι σου ουδεν εστιν αλλα στοιχεις και αυτος τον νομον φυλασσων
2c15190139	περι δε των πεπιστευκοτων εθνων ημεις επεστειλαμεν κριναντες μηδεν τοιουτον τηρειν αυτους ει μη φυλασσεσθαι αυτους το τε ειδωλοθυτον και το αιμα και πνικτον και πορνειαν
2c151a0169	τοτε ο παυλος παραλαβων τους ανδρας τη εχομενη ημερα συν αυτοις αγνισθεις εισηει εις το ιερον διαγγελλων την εκπληρωσιν των ημερων του αγνισμου εως ου προσηνεχθη υπερ ενος εκαστου αυτων η προσφορα
2c151b0118	ως δε εμελλον αι επτα ημεραι συντελεισθαι οι απο της ασιας ιουδαιοι θεασαμενοι αυτον εν τω ιερω συνεχεον παντα τον οχλον και επεβαλον τας χειρας επ αυτον
2c151c018b	κραζοντες ανδρες ισραηλιται βοηθειτε ουτος εστιν ο ανθρωπος ο κατα του λαου και του νομου και του τοπου τουτου παντας πανταχου διδασκων ετι τε και ελληνας εισηγαγεν εις το ιερον και κεκοινωκεν τον αγιον τοπον τουτον
2c151d00cb	ησαν γαρ προεωρακοτες τροφιμον τον εφεσιον εν τη πολει συν αυτω ον ενομιζον οτι εις το ιερον εισηγαγεν ο παυλος
2c151e00ff	εκινηθη τε η πολις ολη και εγενετο συνδρομη του λαου και επιλαβομενοι του παυλου ειλκον αυτον εξω του ιερου και ευθεως εκλεισθησαν αι θυραι
2c151f00b1	ζητουντων δε αυτον αποκτειναι ανεβη φασις τω χιλιαρχω της σπειρης οτι ολη συγκεχυται ιερουσαλημ
2c15200116	ος εξαυτης παραλαβων στρατιωτας και εκατονταρχους κατεδραμεν επ αυτους οι δε ιδοντες τον χιλιαρχον και τους στρατιωτας επαυσαντο τυπτοντες τον παυλον
2c152100e9	τοτε εγγισας ο χιλιαρχος επελαβετο αυτου και εκελευσεν δεθηναι αλυσεσιν δυσιν και επυνθανετο τις αν ειη και τι εστιν πεποιηκως
2c152200e6	αλλοι δε αλλο τι εβοων εν τω οχλω μη δυναμενος δε γνωναι το ασφαλες δια τον θορυβον εκελευσεν αγεσθαι αυτον εις την παρεμβολην
2c152300ba	οτε δε εγενετο επι τους αναβαθμους συνεβη βασταζεσθαι αυτον υπο των στρατιωτων δια την βιαν του οχλου
2c1524005c	ηκολουθει γαρ το πληθος του λαου κραζον αιρε αυτον
2c152500ea	μελλων τε εισαγεσθαι εις την παρεμβολην ο παυλος λεγει τω χιλιαρχω ει εξεστιν μοι ειπειν τι προς σε ο δε εφη ελληνιστι γινωσκεις
2c152600ef	ουκ αρα συ ει ο αιγυπτιος ο προ τουτων των ημερων αναστατωσας και εξαγαγων εις την ερημον τους τετρακισχιλιους ανδρας των σικαριων
2c1527010a	ειπεν δε ο παυλος εγω ανθρωπος μεν ειμι ιουδαιος ταρσευς της κιλικιας ουκ ασημου πολεως πολιτης δεομαι δε σου επιτρεψον μοι λαλησαι προς τον λαον
2c1528010e	επιτρεψαντος δε αυτου ο παυλος εστως επι των αναβαθμων κατεσεισεν τη χειρι τω λαω πολλης δε σιγης γενομενης προσεφωνησεν τη εβραιδι διαλεκτω λεγων
2c1601007c	ανδρες αδελφοι και πατερες ακουσατε μου της προς υμας νυν απολογιας
2c160200a6	ακουσαντες δε οτι τη εβραιδι διαλεκτω προσεφωνει αυτοις μαλλον παρεσχον ησυχιαν και φησιν
2c160301a2	εγω μεν ειμι ανηρ ιουδαιος γεγεννημενος εν ταρσω της κιλικιας ανατεθραμμενος δε εν τη πολει ταυτη παρα τους ποδας γαμαλιηλ πεπαιδευμενος κατα ακριβειαν του πατρωου νομου ζηλωτης υπαρχων του θεου καθως παντες υμεις εστε σημερον
2c160400b3	ος ταυτην την οδον εδιωξα αχρι θανατου δεσμευων και παραδιδους εις φυλακας ανδρας τε και γυναικας
2c1605016e	ως και ο αρχιερευς μαρτυρει μοι και παν το πρεσβυτεριον παρ ων και επιστολας δεξαμενος προς τους αδελφους εις δαμασκον επορευομην αξων και τους εκεισε οντας δεδεμενους εις ιερουσαλημ ινα τιμωρηθωσιν
2c160600e4	εγενετο δε μοι πορευομενω και εγγιζοντι τη δαμασκω περι μεσημβριαν εξαιφνης εκ του ουρανου περιαστραψαι φως ικανον περι εμε
2c16070090	επεσον τε εις το εδαφος και ηκουσα φωνης λεγουσης μοι σαουλ σαουλ τι με διωκεις
2c1608009f	εγω δε απεκριθην τις ει κυριε ειπεν τε προς με εγω ειμι ιησους ο ναζωραιος ον συ διωκεις
2c160900bf	οι δε συν εμοι οντες το μεν φως εθεασαντο και εμφοβοι εγενοντο την δε φωνην ουκ ηκουσαν του λαλουντος μοι
2c160a00fb	ειπον δε τι ποιησω κυριε ο δε κυριος ειπεν προς με αναστας πορευου εις δαμασκον κακει σοι λαληθησεται περι παντων ων τετακται σοι ποιησαι
2c160b00c5	ως δε ουκ ενεβλεπον απο της δοξης του φωτος εκεινου χειραγωγουμενος υπο των συνοντων μοι ηλθον εις δαμασκον
2c160c00ad	ανανιας δε τις ανηρ ευσεβης κατα τον νομον μαρτυρουμενος υπο παντων των κατοικουντων ιουδαιων
2c160d00ac	ελθων προς με και επιστας ειπεν μοι σαουλ αδελφε αναβλεψον καγω αυτη τη ωρα ανεβλεψα εις αυτον
2c160e00f8	ο δε ειπεν ο θεος των πατερων ημων προεχειρισατο σε γνωναι το θελημα αυτου και ιδειν τον δικαιον και ακουσαι φωνην εκ του στοματος αυτου
2c160f0076	οτι εση μαρτυς αυτω προς παντας ανθρωπους ων εωρακας και ηκουσας
2c161000bb	και νυν τι μελλεις αναστας βαπτισαι και απολουσαι τας αμαρτιας σου επικαλεσαμενος το ονομα του κυριου
2c161100b7	εγενετο δε μοι υποστρεψαντι εις ιερουσαλημ και προσευχομενου μου εν τω ιερω γενεσθαι με εν εκστασει
2c161200db	και ιδειν αυτον λεγοντα μοι σπευσον και εξελθε εν ταχει εξ ιερουσαλημ διοτι ου παραδεξονται σου την μαρτυριαν περι εμου
2c161300c9	καγω ειπον κυριε αυτοι επιστανται οτι εγω ημην φυλακιζων και δερων κατα τας συναγωγας τους πιστευοντας επι σε
2c16140118	και οτε εξεχειτο το αιμα στεφανου του μαρτυρος σου και αυτος ημην εφεστως και συνευδοκων τη αναιρεσει αυτου και φυλασσων τα ιματια των αναιρουντων αυτον
2c16150073	και ειπεν προς με πορευου οτι εγω εις εθνη μακραν εξαποστελω σε
2c161600e9	ηκουον δε αυτου αχρι τουτου του λογου και επηραν την φωνην αυτων λεγοντες αιρε απο της γης τον τοιουτον ου γαρ καθηκον αυτον ζην
2c1617009a	κραυγαζοντων δε αυτων και ριπτουντων τα ιματια και κονιορτον βαλλοντων εις τον αερα
2c161800f5	εκελευσεν αυτον ο χιλιαρχος αγεσθαι εις την παρεμβολην ειπων μαστιξιν ανεταζεσθαι αυτον ινα επιγνω δι ην αιτιαν ουτως επεφωνουν αυτω
2c16190123	ως δε {VAR1: προετεινεν} {VAR2: προετειναν} αυτον τοις ιμασιν ειπεν προς τον εστωτα εκατονταρχον ο παυλος ει ανθρωπον ρωμαιον και ακατακριτον εξεστιν υμιν μαστιζειν
2c161a00e0	ακουσας δε ο εκατονταρχος προσελθων απηγγειλεν τω χιλιαρχω λεγων ορα τι μελλεις ποιειν ο γαρ ανθρωπος ουτος ρωμαιος εστιν
2c161b0085	προσελθων δε ο χιλιαρχος ειπεν αυτω λεγε μοι ει συ ρωμαιος ει ο δε εφη ναι
2c161c00d0	απεκριθη τε ο χιλιαρχος εγω πολλου κεφαλαιου την πολιτειαν ταυτην εκτησαμην ο δε παυλος εφη εγω δε και γεγεννημαι
2c161d00fc	ευθεως ουν απεστησαν απ αυτου οι μελλοντες αυτον ανεταζειν και ο χιλιαρχος δε εφοβηθη επιγνους οτι ρωμαιος εστιν και οτι ην αυτον δεδεκως
2c161e018e	τη δε επαυριον βουλομενος γνωναι το ασφαλες το τι κατηγορειται παρα των ιουδαιων ελυσεν αυτον απο των δεσμων και εκελευσεν ελθειν τους αρχιερεις και ολον το συνεδριον αυτων και καταγαγων τον παυλον εστησεν εις αυτους
2c170100e1	ατενισας δε ο παυλος τω συνεδριω ειπεν ανδρες αδελφοι εγω παση συνειδησει αγαθη πεπολιτευμαι τω θεω αχρι ταυτης της ημερας
2c1702008b	ο δε αρχιερευς ανανιας επεταξεν τοις παρεστωσιν αυτω τυπτειν αυτου το στομα
2c1703010b	τοτε ο παυλος προς αυτον ειπεν τυπτειν σε μελλει ο θεος τοιχε κεκονιαμενε και συ καθη κρινων με κατα τον νομον και παρανομων κελευεις με τυπτεσθαι
2c17040064	οι δε παρεστωτες ειπον τον αρχιερεα του θεου λοιδορεις
2c170500be	εφη τε ο παυλος ουκ ηδειν αδελφοι οτι εστιν αρχιερευς γεγραπται γαρ αρχοντα του λαου σου ουκ ερεις κακως
2c17060165	γνους δε ο παυλος οτι το εν μερος εστιν σαδδουκαιων το δε ετερον φαρισαιων εκραξεν εν τω συνεδριω ανδρες αδελφοι εγω φαρισαιος ειμι υιος φαρισαιου περι ελπιδος και αναστασεως νεκρων εγω κρινομαι
2c170700b2	τουτο δε αυτου λαλησαντος εγενετο στασις των φαρισαιων και των σαδδουκαιων και εσχισθη το πληθος
2c170800cb	σαδδουκαιοι μεν γαρ λεγουσιν μη ειναι αναστασιν μηδε αγγελον μητε πνευμα φαρισαιοι δε ομολογουσιν τα αμφοτερα
2c17090163	εγενετο δε κραυγη μεγαλη και ανασταντες οι γραμματεις του μερους των φαρισαιων διεμαχοντο λεγοντες ουδεν κακον ευρισκομεν εν τω ανθρωπω τουτω ει δε πνευμα ελαλησεν αυτω η αγγελος μη θεομαχωμεν
2c170a0138	πολλης δε γενομενης στασεως ευλαβηθεις ο χιλιαρχος μη διασπασθη ο παυλος υπ αυτων εκελευσεν το στρατευμα καταβαν αρπασαι αυτον εκ μεσου αυτων αγειν τε εις την παρεμβολην
2c170b0107	τη δε επιουση νυκτι επιστας αυτω ο κυριος ειπεν θαρσει παυλε ως γαρ διεμαρτυρω τα περι εμου εις ιερουσαλημ ουτως σε δει και εις ρωμην μαρτυρησαι
2c170c010b	γενομενης δε ημερας ποιησαντες τινες των ιουδαιων συστροφην ανεθεματισαν εαυτους λεγοντες μητε φαγειν μητε πιειν εως ου αποκτεινωσιν τον παυλον
2c170d007a	ησαν δε πλειους τεσσαρακοντα οι ταυτην την συνωμοσιαν πεποιηκοτες
2c170e0115	οιτινες προσελθοντες τοις αρχιερευσιν και τοις πρεσβυτεροις ειπον αναθεματι ανεθεματισαμεν εαυτους μηδενος γευσασθαι εως ου αποκτεινωμεν τον παυλον
2c170f017a	νυν ουν υμεις εμφανισατε τω χιλιαρχω συν τω συνεδριω οπως αυριον αυτον καταγαγη προς υμας ως μελλοντας διαγινωσκειν ακριβεστερον τα περι αυτου ημεις δε προ του εγγισαι αυτον ετοιμοι εσμεν του ανελειν αυτον
2c171000f7	ακουσας δε ο υιος της αδελφης παυλου {VAR1: το ενεδρον} {VAR2: την ενεδραν} παραγενομενος και εισελθων εις την παρεμβολην απηγγειλεν τω παυλω
2c171100e9	προσκαλεσαμενος δε ο παυλος ενα των εκατονταρχων εφη τον νεανιαν τουτον απαγαγε προς τον χιλιαρχον εχει γαρ τι απαγγειλαι αυτω
2c1712012c	ο μεν ουν παραλαβων αυτον ηγαγεν προς τον χιλιαρχον και φησιν ο δεσμιος παυλος προσκαλεσαμενος με ηρωτησεν τουτον τον νεανιαν αγαγειν προς σε εχοντα τι λαλησαι σοι
2c171300cf	επιλαβομενος δε της χειρος αυτου ο χιλιαρχος και αναχωρησας κατ ιδιαν επυνθανετο τι εστιν ο εχεις απαγγειλαι μοι
2c17140119	ειπεν δε οτι οι ιουδαιοι συνεθεντο του ερωτησαι σε οπως αυριον εις το συνεδριον καταγαγης τον παυλον ως μελλοντες τι ακριβεστερον πυνθανεσθαι περι αυτου
2c17150192	συ ουν μη πεισθης αυτοις ενεδρευουσιν γαρ αυτον εξ αυτων ανδρες πλειους τεσσαρακοντα οιτινες ανεθεματισαν εαυτους μητε φαγειν μητε πιειν εως ου ανελωσιν αυτον και νυν ετοιμοι εισιν προσδεχομενοι την απο σου επαγγελιαν
2c171600b6	ο μεν ουν χιλιαρχος απελυσεν τον νεανιαν παραγγειλας μηδενι εκλαλησαι οτι ταυτα ενεφανισας προς με
2c1717016a	και προσκαλεσαμενος δυο τινας των εκατονταρχων ειπεν ετοιμασατε στρατιωτας διακοσιους οπως πορευθωσιν εως καισαρειας και ιππεις εβδομηκοντα και δεξιολαβους διακοσιους απο τριτης ωρας της νυκτος
2c1718009b	κτηνη τε παραστησαι ινα επιβιβασαντες τον παυλον διασωσωσιν προς φηλικα τον ηγεμονα
2c17190055	γραψας επιστολην περιεχουσαν τον τυπον τουτον
2c171a005e	κλαυδιος λυσιας τω κρατιστω ηγεμονι φηλικι χαιρειν
2c171b010f	τον ανδρα τουτον συλληφθεντα υπο των ιουδαιων και μελλοντα αναιρεισθαι υπ αυτων επιστας συν τω στρατευματι εξειλομην αυτον μαθων οτι ρωμαιος εστιν
2c171c00a8	βουλομενος δε γνωναι την αιτιαν δι ην ενεκαλουν αυτω κατηγαγον αυτον εις το συνεδριον αυτων
2c171d00b7	ον ευρον εγκαλουμενον περι ζητηματων του νομου αυτων μηδεν δε αξιον θανατου η δεσμων εγκλημα εχοντα
2c171e0130	μηνυθεισης δε μοι επιβουλης εις τον ανδρα μελλειν εσεσθαι υπο των ιουδαιων εξαυτης επεμψα προς σε παραγγειλας και τοις κατηγοροις λεγειν τα προς αυτον επι σου ερρωσο
2c171f00d5	οι μεν ουν στρατιωται κατα το διατεταγμενον αυτοις αναλαβοντες τον παυλον ηγαγον δια της νυκτος εις την αντιπατριδα
2c1720009e	τη δε επαυριον εασαντες τους ιππεις πορευεσθαι συν αυτω υπεστρεψαν εις την παρεμβολην
2c172100c9	οιτινες εισελθοντες εις την καισαρειαν και αναδοντες την επιστολην τω ηγεμονι παρεστησαν και τον παυλον αυτω
2c172200a6	αναγνους δε ο ηγεμων και επερωτησας εκ ποιας επαρχιας εστιν και πυθομενος οτι απο κιλικιας
2c172300d7	διακουσομαι σου εφη οταν και οι κατηγοροι σου παραγενωνται εκελευσεν τε αυτον εν τω πραιτωριω του ηρωδου φυλασσεσθαι
2c18010107	μετα δε πεντε ημερας κατεβη ο αρχιερευς ανανιας μετα των πρεσβυτερων και ρητορος τερτυλλου τινος οιτινες ενεφανισαν τω ηγεμονι κατα του παυλου
2c18020065	κληθεντος δε αυτου ηρξατο κατηγορειν ο τερτυλλος λεγων
2c1803013a	πολλης ειρηνης τυγχανοντες δια σου και κατορθωματων γινομενων τω εθνει τουτω δια της σης προνοιας παντη τε και πανταχου αποδεχομεθα κρατιστε φηλιξ μετα πασης ευχαριστιας
2c18040094	ινα δε μη επι πλειον σε εγκοπτω παρακαλω ακουσαι σε ημων συντομως τη ση επιεικεια
2c1805010b	ευροντες γαρ τον ανδρα τουτον λοιμον και κινουντα στασιν πασιν τοις ιουδαιοις τοις κατα την οικουμενην πρωτοστατην τε της των ναζωραιων αιρεσεως
2c180600bb	ος και το ιερον επειρασεν βεβηλωσαι ον και εκρατησαμεν και κατα τον ημετερον νομον ηθελησαμεν κρινειν
2c1807008a	παρελθων δε λυσιας ο χιλιαρχος μετα πολλης βιας εκ των χειρων ημων απηγαγεν
2c180800f7	κελευσας τους κατηγορους αυτου ερχεσθαι επι σε παρ ου δυνηση αυτος ανακρινας περι παντων τουτων επιγνωναι ων ημεις κατηγορουμεν αυτου
2c18090068	συνεθεντο δε και οι ιουδαιοι φασκοντες ταυτα ουτως εχειν
2c180a0119	απεκριθη δε ο παυλος νευσαντος αυτω του ηγεμονος λεγειν εκ πολλων ετων οντα σε κριτην τω εθνει τουτω επισταμενος ευθυμοτερον τα περι εμαυτου απολογουμαι
2c180b00ba	δυναμενου σου γνωναι οτι ου πλειους εισιν μοι ημεραι η δεκαδυο αφ ης ανεβην προσκυνησων εν ιερουσαλημ
2c180c00e3	και ουτε εν τω ιερω ευρον με προς τινα διαλεγομενον η επισυστασιν ποιουντα οχλου ουτε εν ταις συναγωγαις ουτε κατα την πολιν
2c180d0070	ουτε παραστησαι {VAR1: με} δυνανται περι ων νυν κατηγορουσιν μου
2c180e0119	ομολογω δε τουτο σοι οτι κατα την οδον ην λεγουσιν αιρεσιν ουτως λατρευω τω πατρωω θεω πιστευων πασιν τοις κατα τον νομον και τοις προφηταις γεγραμμενοις
2c180f00cd	ελπιδα εχων εις τον θεον ην και αυτοι ουτοι προσδεχονται αναστασιν μελλειν εσεσθαι νεκρων δικαιων τε και αδικων
2c181000ac	εν τουτω δε αυτος ασκω απροσκοπον συνειδησιν εχειν προς τον θεον και τους ανθρωπους διαπαντος
2c18110098	δι ετων δε πλειονων παρεγενομην ελεημοσυνας ποιησων εις το εθνος μου και προσφορας
2c181200bf	εν οις ευρον με ηγνισμενον εν τω ιερω ου μετα οχλου ουδε μετα θορυβου τινες {VAR1: δε} απο της ασιας ιουδαιοι
2c18130086	ους {VAR1: δει} {VAR2: εδει} επι σου παρειναι και κατηγορειν ει τι εχοιεν προς με
2c18140094	η αυτοι ουτοι ειπατωσαν ει τι ευρον εν εμοι αδικημα σταντος μου επι του συνεδριου
2c181500c2	η περι μιας ταυτης φωνης ης εκραξα εστως εν αυτοις οτι περι αναστασεως νεκρων εγω κρινομαι σημερον υφ υμων
2c181600fe	ακουσας δε ταυτα ο φηλιξ ανεβαλετο αυτους ακριβεστερον ειδως τα περι της οδου ειπων οταν λυσιας ο χιλιαρχος καταβη διαγνωσομαι τα καθ υμας
2c181700f5	διαταξαμενος τε τω εκατονταρχη τηρεισθαι τον παυλον εχειν τε ανεσιν και μηδενα κωλυειν των ιδιων αυτου υπηρετειν η προσερχεσθαι αυτω
2c18180120	μετα δε ημερας τινας παραγενομενος ο φηλιξ συν δρουσιλλη τη γυναικι αυτου ουση ιουδαια μετεπεμψατο τον παυλον και ηκουσεν αυτου περι της εις χριστον πιστεως
2c18190156	διαλεγομενου δε αυτου περι δικαιοσυνης και εγκρατειας και του κριματος του μελλοντος εσεσθαι εμφοβος γενομενος ο φηλιξ απεκριθη το νυν εχον πορευου καιρον δε μεταλαβων μετακαλεσομαι σε
2c181a00ec	αμα δε και ελπιζων οτι χρηματα δοθησεται αυτω υπο του παυλου οπως λυση αυτον διο και πυκνοτερον αυτον μεταπεμπομενος ωμιλει αυτω
2c181b010a	διετιας δε πληρωθεισης ελαβεν διαδοχον ο φηλιξ πορκιον φηστον θελων τε χαριτας καταθεσθαι τοις ιουδαιοις ο φηλιξ κατελιπεν τον παυλον δεδεμενον
2c19010098	φηστος ουν επιβας τη επαρχια μετα τρεις ημερας ανεβη εις ιεροσολυμα απο καισαρειας
2c190200ad	ενεφανισαν δε αυτω ο αρχιερευς και οι πρωτοι των ιουδαιων κατα του παυλου και παρεκαλουν αυτον
2c190300cf	αιτουμενοι χαριν κατ αυτου οπως μεταπεμψηται αυτον εις ιερουσαλημ ενεδραν ποιουντες ανελειν αυτον κατα την οδον
2c190400b7	ο μεν ουν φηστος απεκριθη τηρεισθαι τον παυλον εν καισαρεια εαυτον δε μελλειν εν ταχει εκπορευεσθαι
2c190500c0	οι ουν δυνατοι εν υμιν φησιν συγκαταβαντες ει τι εστιν {VAR2: ατοπον} εν τω ανδρι τουτω κατηγορειτωσαν αυτου
2c190600f4	διατριψας δε εν αυτοις ημερας πλειους η δεκα καταβας εις καισαρειαν τη επαυριον καθισας επι του βηματος εκελευσεν τον παυλον αχθηναι
2c19070118	παραγενομενου δε αυτου περιεστησαν οι απο ιεροσολυμων καταβεβηκοτες ιουδαιοι πολλα και βαρεα αιτιαματα φεροντες κατα του παυλου α ουκ ισχυον αποδειξαι
2c190800b9	απολογουμενου αυτου οτι ουτε εις τον νομον των ιουδαιων ουτε εις το ιερον ουτε εις καισαρα τι ημαρτον
2c19090101	ο φηστος δε τοις ιουδαιοις θελων χαριν καταθεσθαι αποκριθεις τω παυλω ειπεν θελεις εις ιεροσολυμα αναβας εκει περι τουτων κρινεσθαι επ εμου
2c190a00eb	ειπεν δε ο παυλος επι του βηματος καισαρος εστως ειμι ου με δει κρινεσθαι ιουδαιους ουδεν ηδικησα ως και συ καλλιον επιγινωσκεις
2c190b013f	ει μεν γαρ αδικω και αξιον θανατου πεπραχα τι ου παραιτουμαι το αποθανειν ει δε ουδεν εστιν ων ουτοι κατηγορουσιν μου ουδεις με δυναται αυτοις χαρισασθαι καισαρα επικαλουμαι
2c190c00ae	τοτε ο φηστος συλλαλησας μετα του συμβουλιου απεκριθη καισαρα επικεκλησαι επι καισαρα πορευση
2c190d00cc	ημερων δε διαγενομενων τινων αγριππας ο βασιλευς και βερνικη κατηντησαν εις καισαρειαν ασπασομενοι τον φηστον
2c190e0100	ως δε πλειους ημερας διετριβον εκει ο φηστος τω βασιλει ανεθετο τα κατα τον παυλον λεγων ανηρ τις εστιν καταλελειμμενος υπο φηλικος δεσμιος
2c190f00dd	περι ου γενομενου μου εις ιεροσολυμα ενεφανισαν οι αρχιερεις και οι πρεσβυτεροι των ιουδαιων αιτουμενοι κατ αυτου δικην
2c1910015c	προς ους απεκριθην οτι ουκ εστιν εθος ρωμαιοις χαριζεσθαι τινα ανθρωπον εις απωλειαν πριν η ο κατηγορουμενος κατα προσωπον εχοι τους κατηγορους τοπον τε απολογιας λαβοι περι του εγκληματος
2c191100da	συνελθοντων ουν αυτων ενθαδε αναβολην μηδεμιαν ποιησαμενος τη εξης καθισας επι του βηματος εκελευσα αχθηναι τον ανδρα
2c19120084	περι ου σταθεντες οι κατηγοροι ουδεμιαν αιτιαν επεφερον ων υπενοουν εγω
2c191300db	ζητηματα δε τινα περι της ιδιας δεισιδαιμονιας ειχον προς αυτον και περι τινος ιησου τεθνηκοτος ον εφασκεν ο παυλος ζην
2c191400dd	απορουμενος δε εγω εις την περι τουτου ζητησιν ελεγον ει βουλοιτο πορευεσθαι εις ιερουσαλημ κακει κρινεσθαι περι τουτων
2c191500f5	του δε παυλου επικαλεσαμενου τηρηθηναι αυτον εις την του σεβαστου διαγνωσιν εκελευσα τηρεισθαι αυτον εως ου πεμψω αυτον προς καισαρα
2c191600bd	αγριππας δε προς τον φηστον εφη εβουλομην και αυτος του ανθρωπου ακουσαι ο δε αυριον φησιν ακουση αυτου
2c19170195	τη ουν επαυριον ελθοντος του αγριππα και της βερνικης μετα πολλης φαντασιας και εισελθοντων εις το ακροατηριον συν τε τοις χιλιαρχοις και ανδρασιν τοις κατ εξοχην ουσιν της πολεως και κελευσαντος του φηστου ηχθη ο παυλος
2c19180173	και φησιν ο φηστος αγριππα βασιλευ και παντες οι συμπαροντες ημιν ανδρες θεωρειτε τουτον περι ου παν το πληθος των ιουδαιων ενετυχον μοι εν τε ιεροσολυμοις και ενθαδε επιβοωντες μη δειν ζην αυτον μηκετι
2c191900eb	εγω δε καταλαβομενος μηδεν αξιον θανατου αυτον πεπραχεναι και αυτου δε τουτου επικαλεσαμενου τον σεβαστον εκρινα πεμπειν αυτον
2c191a0112	περι ου ασφαλες τι γραψαι τω κυριω ουκ εχω διο προηγαγον αυτον εφ υμων και μαλιστα επι σου βασιλευ αγριππα οπως της ανακρισεως γενομενης σχω τι γραψαι
2c191b0086	αλογον γαρ μοι δοκει πεμποντα δεσμιον μη και τας κατ αυτου αιτιας σημαναι
2c1a0100cd	αγριππας δε προς τον παυλον εφη επιτρεπεται σοι υπερ σεαυτου λεγειν τοτε ο παυλος απελογειτο εκτεινας την χειρα
2c1a0200d5	περι παντων ων εγκαλουμαι υπο ιουδαιων βασιλευ αγριππα ηγημαι εμαυτον μακαριον μελλων απολογεισθαι επι σου σημερον
2c1a0300dc	μαλιστα γνωστην οντα σε {VAR2: ειδως} παντων των κατα ιουδαιους εθων τε και ζητηματων διο δεομαι σου μακροθυμως ακουσαι μου
2c1a0400d9	την μεν ουν βιωσιν μου την εκ νεοτητος την απ αρχης γενομενην εν τω εθνει μου εν ιεροσολυμοις ισασιν παντες οι ιουδαιοι
2c1a0500df	προγινωσκοντες με ανωθεν εαν θελωσιν μαρτυρειν οτι κατα την ακριβεστατην αιρεσιν της ημετερας θρησκειας εζησα φαρισαιος
2c1a0600a8	και νυν επ ελπιδι της προς τους πατερας επαγγελιας γενομενης υπο του θεου εστηκα κρινομενος
2c1a070109	εις ην το δωδεκαφυλον ημων εν εκτενεια νυκτα και ημεραν λατρευον ελπιζει καταντησαι περι ης ελπιδος εγκαλουμαι βασιλευ αγριππα υπο των ιουδαιων
2c1a080063	τι απιστον κρινεται παρ υμιν ει ο θεος νεκρους εγειρει
2c1a09009a	εγω μεν ουν εδοξα εμαυτω προς το ονομα ιησου του ναζωραιου δειν πολλα εναντια πραξαι
2c1a0a0118	ο και εποιησα εν ιεροσολυμοις και πολλους των αγιων εγω φυλακαις κατεκλεισα την παρα των αρχιερεων εξουσιαν λαβων αναιρουμενων τε αυτων κατηνεγκα ψηφον
2c1a0b0104	και κατα πασας τας συναγωγας πολλακις τιμωρων αυτους ηναγκαζον βλασφημειν περισσως τε εμμαινομενος αυτοις εδιωκον εως και εις τας εξω πολεις
2c1a0c00a4	εν οις και πορευομενος εις την δαμασκον μετ εξουσιας και επιτροπης της παρα των αρχιερεων
2c1a0d00ee	ημερας μεσης κατα την οδον ειδον βασιλευ ουρανοθεν υπερ την λαμπροτητα του ηλιου περιλαμψαν με φως και τους συν εμοι πορευομενους
2c1a0e012a	παντων δε καταπεσοντων ημων εις την γην ηκουσα φωνην λαλουσαν προς με και λεγουσαν τη εβραιδι διαλεκτω σαουλ σαουλ τι με διωκεις σκληρον σοι προς κεντρα λακτιζειν
2c1a0f0076	εγω δε ειπον τις ει κυριε ο δε ειπεν εγω ειμι ιησους ον συ διωκεις
2c1a1000fa	αλλα αναστηθι και στηθι επι τους ποδας σου εις τουτο γαρ ωφθην σοι προχειρισασθαι σε υπηρετην και μαρτυρα ων τε ειδες ων τε οφθησομαι σοι
2c1a110078	εξαιρουμενος σε εκ του λαου και των εθνων εις ους νυν σε αποστελλω
2c1a120165	ανοιξαι οφθαλμους αυτων {VAR1: του} {VAR2: και} επιστρεψαι απο σκοτους εις φως και της εξουσιας του σατανα επι τον θεον του λαβειν αυτους αφεσιν αμαρτιων και κληρον εν τοις ηγιασμενοις πιστει τη εις εμε
2c1a130070	οθεν βασιλευ αγριππα ουκ εγενομην απειθης τη ουρανιω οπτασια
2c1a140175	αλλα τοις εν δαμασκω πρωτον και ιεροσολυμοις εις πασαν τε την χωραν της ιουδαιας και τοις εθνεσιν {VAR1: απαγγελλων} {VAR2: απηγγελλον} μετανοειν και επιστρεφειν επι τον θεον αξια της μετανοιας εργα πρασσοντας
2c1a15008e	ενεκα τουτων με οι ιουδαιοι συλλαβομενοι εν τω ιερω επειρωντο διαχειρισασθαι
2c1a160144	επικουριας ουν τυχων της παρα του θεου αχρι της ημερας ταυτης εστηκα μαρτυρουμενος μικρω τε και μεγαλω ουδεν εκτος λεγων ων τε οι προφηται ελαλησαν μελλοντων γινεσθαι και μωσης
2c1a1700b6	ει παθητος ο χριστος ει πρωτος εξ αναστασεως νεκρων φως μελλει καταγγελλειν τω λαω και τοις εθνεσιν
2c1a1800cc	ταυτα δε αυτου απολογουμενου ο φηστος μεγαλη τη φωνη εφη μαινη παυλε τα πολλα σε γραμματα εις μανιαν περιτρεπει
2c1a19009e	ο δε ου μαινομαι φησιν κρατιστε φηστε αλλ αληθειας και σωφροσυνης ρηματα αποφθεγγομαι
2c1a1a0121	επισταται γαρ περι τουτων ο βασιλευς προς ον και παρρησιαζομενος λαλω λανθανειν γαρ αυτον τι τουτων ου πειθομαι ουδεν ου γαρ εστιν εν γωνια πεπραγμενον τουτο
2c1a1b006f	πιστευεις βασιλευ αγριππα τοις προφηταις οιδα οτι πιστευεις
2c1a1c0086	ο δε αγριππας προς τον παυλον εφη εν ολιγω με πειθεις χριστιανον γενεσθαι
2c1a1d0148	ο δε παυλος ειπεν ευξαιμην αν τω θεω και εν ολιγω και εν πολλω ου μονον σε αλλα και παντας τους ακουοντας μου σημερον γενεσθαι τοιουτους οποιος καγω ειμι παρεκτος των δεσμων τουτων
2c1a1e00ae	και ταυτα ειποντος αυτου ανεστη ο βασιλευς και ο ηγεμων η τε βερνικη και οι συγκαθημενοι αυτοις
2c1a1f00c5	και αναχωρησαντες ελαλουν προς αλληλους λεγοντες οτι ουδεν θανατου αξιον η δεσμων πρασσει ο ανθρωπος ουτος
2c1a20009f	αγριππας δε τω φηστω εφη απολελυσθαι εδυνατο ο ανθρωπος ουτος ει μη επεκεκλητο καισαρα
2c1b010107	ως δε εκριθη του αποπλειν ημας εις την ιταλιαν παρεδιδουν τον τε παυλον και τινας ετερους δεσμωτας εκατονταρχη ονοματι ιουλιω σπειρης σεβαστης
2c1b0200f9	επιβαντες δε πλοιω αδραμυττηνω μελλοντες πλειν τους κατα την ασιαν τοπους ανηχθημεν οντος συν ημιν αρισταρχου μακεδονος θεσσαλονικεως
2c1b030101	τη τε ετερα κατηχθημεν εις σιδωνα φιλανθρωπως τε ο ιουλιος τω παυλω χρησαμενος επετρεψεν προς {VAR2: τους} φιλους πορευθεντα επιμελειας τυχειν
2c1b040094	κακειθεν αναχθεντες υπεπλευσαμεν την κυπρον δια το τους ανεμους ειναι εναντιους
2c1b0500ac	το τε πελαγος το κατα την κιλικιαν και παμφυλιαν διαπλευσαντες κατηλθομεν εις μυρα της λυκιας
2c1b0600ad	κακει ευρων ο εκατονταρχος πλοιον αλεξανδρινον πλεον εις την ιταλιαν ενεβιβασεν ημας εις αυτο
2c1b070104	εν ικαναις δε ημεραις βραδυπλοουντες και μολις γενομενοι κατα την κνιδον μη προσεωντος ημας του ανεμου υπεπλευσαμεν την κρητην κατα σαλμωνην
2c1b0800bb	μολις τε παραλεγομενοι αυτην ηλθομεν εις τοπον τινα καλουμενον καλους λιμενας ω εγγυς ην πολις λασαια
2c1b0900e3	ικανου δε χρονου διαγενομενου και οντος ηδη επισφαλους του πλοος δια το και την νηστειαν ηδη παρεληλυθεναι παρηνει ο παυλος
2c1b0a0107	λεγων αυτοις ανδρες θεωρω οτι μετα υβρεως και πολλης ζημιας ου μονον του φορτου και του πλοιου αλλα και των ψυχων ημων μελλειν εσεσθαι τον πλουν
2c1b0b00af	ο δε εκατονταρχος τω κυβερνητη και τω ναυκληρω επειθετο μαλλον η τοις υπο του παυλου λεγομενοις
2c1b0c017d	ανευθετου δε του λιμενος υπαρχοντος προς παραχειμασιαν οι πλειους εθεντο βουλην αναχθηναι κακειθεν ειπως δυναιντο καταντησαντες εις φοινικα παραχειμασαι λιμενα της κρητης βλεποντα κατα λιβα και κατα χωρον
2c1b0d00b3	υποπνευσαντος δε νοτου δοξαντες της προθεσεως κεκρατηκεναι αραντες ασσον παρελεγοντο την κρητην
2c1b0e0085	μετ ου πολυ δε εβαλεν κατ αυτης ανεμος τυφωνικος ο καλουμενος ευροκλυδων
2c1b0f00a3	συναρπασθεντος δε του πλοιου και μη δυναμενου αντοφθαλμειν τω ανεμω επιδοντες εφερομεθα
2c1b1000ad	νησιον δε τι υποδραμοντες καλουμενον κλαυδην μολις ισχυσαμεν περικρατεις γενεσθαι της σκαφης
2c1b1100f0	ην αραντες βοηθειαις εχρωντο υποζωννυντες το πλοιον φοβουμενοι τε μη εις την συρτιν εκπεσωσιν χαλασαντες το σκευος ουτως εφεροντο
2c1b120065	σφοδρως δε χειμαζομενων ημων τη εξης εκβολην εποιουντο
2c1b130066	και τη τριτη αυτοχειρες την σκευην του πλοιου ερριψαμεν
2c1b140104	μητε δε ηλιου μητε αστρων επιφαινοντων επι πλειονας ημερας χειμωνος τε ουκ ολιγου επικειμενου λοιπον περιηρειτο πασα ελπις του σωζεσθαι ημας
2c1b150148	πολλης δε ασιτιας υπαρχουσης τοτε σταθεις ο παυλος εν μεσω αυτων ειπεν εδει μεν ω ανδρες πειθαρχησαντας μοι μη αναγεσθαι απο της κρητης κερδησαι τε την υβριν ταυτην και την ζημιαν
2c1b1600bc	και {VAR1: τανυν} {VAR2: τα νυν} παραινω υμας ευθυμειν αποβολη γαρ ψυχης ουδεμια εσται εξ υμων πλην του πλοιου
2c1b17007d	παρεστη γαρ μοι τη νυκτι ταυτη αγγελος του θεου ου ειμι ω και λατρευω
2c1b1800c4	λεγων μη φοβου παυλε καισαρι σε δει παραστηναι και ιδου κεχαρισται σοι ο θεος παντας τους πλεοντας μετα σου
2c1b190098	διο ευθυμειτε ανδρες πιστευω γαρ τω θεω οτι ουτως εσται καθ ον τροπον λελαληται μοι
2c1b1a0040	εις νησον δε τινα δει ημας εκπεσειν
2c1b1b00f8	ως δε τεσσαρεσκαιδεκατη νυξ εγενετο διαφερομενων ημων εν τω αδρια κατα μεσον της νυκτος υπενοουν οι ναυται προσαγειν τινα αυτοις χωραν
2c1b1c00bf	και βολισαντες ευρον οργυιας εικοσι βραχυ δε διαστησαντες και παλιν βολισαντες ευρον οργυιας δεκαπεντε
2c1b1d00ef	φοβουμενοι τε μηπως εις τραχεις τοπους {VAR1: εκπεσωσιν} {VAR2: εκπεσωμεν} εκ πρυμνης ριψαντες αγκυρας τεσσαρας ηυχοντο ημεραν γενεσθαι
2c1b1e00fd	των δε ναυτων ζητουντων φυγειν εκ του πλοιου και χαλασαντων την σκαφην εις την θαλασσαν προφασει ως εκ πρωρας μελλοντων αγκυρας εκτεινειν
2c1b1f00c8	ειπεν ο παυλος τω εκατονταρχη και τοις στρατιωταις εαν μη ουτοι μεινωσιν εν τω πλοιω υμεις σωθηναι ου δυνασθε
2c1b20008b	τοτε οι στρατιωται απεκοψαν τα σχοινια της σκαφης και ειασαν αυτην εκπεσειν
2c1b21013e	αχρι δε ου εμελλεν ημερα γινεσθαι παρεκαλει ο παυλος απαντας μεταλαβειν τροφης λεγων τεσσαρεσκαιδεκατην σημερον ημεραν προσδοκωντες ασιτοι διατελειτε μηδεν προσλαβομενοι
2c1b2200e9	διο παρακαλω υμας προσλαβειν τροφης τουτο γαρ προς της υμετερας σωτηριας υπαρχει ουδενος γαρ υμων θριξ εκ της κεφαλης πεσειται
2c1b2300a8	ειπων δε ταυτα και λαβων αρτον ευχαριστησεν τω θεω ενωπιον παντων και κλασας ηρξατο εσθιειν
2c1b24006b	ευθυμοι δε γενομενοι παντες και αυτοι προσελαβοντο τροφης
2c1b25006b	ημεν δε εν τω πλοιω αι πασαι ψυχαι διακοσιαι εβδομηκονταεξ
2c1b260097	κορεσθεντες δε τροφης εκουφιζον το πλοιον εκβαλλομενοι τον σιτον εις την θαλασσαν
2c1b2700f7	οτε δε ημερα εγενετο την γην ουκ επεγινωσκον κολπον δε τινα κατενοουν εχοντα αιγιαλον εις ον εβουλευσαντο ει δυναιντο εξωσαι το πλοιον
2c1b28011b	και τας αγκυρας περιελοντες ειων εις την θαλασσαν αμα ανεντες τας ζευκτηριας των πηδαλιων και επαραντες τον αρτεμονα τη πνεουση κατειχον εις τον αιγιαλον
2c1b290105	περιπεσοντες δε εις τοπον διθαλασσον επωκειλαν την ναυν και η μεν πρωρα ερεισασα εμεινεν ασαλευτος η δε πρυμνα ελυετο υπο της βιας των κυματων
2c1b2a00aa	των δε στρατιωτων βουλη εγενετο ινα τους δεσμωτας αποκτεινωσιν μη τις εκκολυμβησας διαφυγοι
2c1b2b0127	ο δε εκατονταρχος βουλομενος διασωσαι τον παυλον εκωλυσεν αυτους του βουληματος εκελευσεν τε τους δυναμενους κολυμβαν απορριψαντας πρωτους επι την γην εξιεναι
2c1b2c00da	και τους λοιπους ους μεν επι σανισιν ους δε επι τινων των απο του πλοιου και ουτως εγενετο παντας διασωθηναι επι την γην
2c1c01006c	και διασωθεντες τοτε επεγνωσαν οτι μελιτη η νησος καλειται
2c1c02010d	οι δε βαρβαροι παρειχον ου την τυχουσαν φιλανθρωπιαν ημιν αναψαντες γαρ πυραν προσελαβοντο παντας ημας δια τον υετον τον εφεστωτα και δια το ψυχος
2c1c0300e9	συστρεψαντος δε του παυλου φρυγανων πληθος και επιθεντος επι την πυραν εχιδνα εκ της θερμης εξελθουσα καθηψεν της χειρος αυτου
2c1c04013e	ως δε ειδον οι βαρβαροι κρεμαμενον το θηριον εκ της χειρος αυτου ελεγον προς αλληλους παντως φονευς εστιν ο ανθρωπος ουτος ον διασωθεντα εκ της θαλασσης η δικη ζην ουκ ειασεν
2c1c05006d	ο μεν ουν αποτιναξας το θηριον εις το πυρ επαθεν ουδεν κακον
2c1c060158	οι δε προσεδοκων αυτον μελλειν πιμπρασθαι η καταπιπτειν αφνω νεκρον επι πολυ δε αυτων προσδοκωντων και θεωρουντων μηδεν ατοπον εις αυτον γινομενον μεταβαλλομενοι ελεγον θεον αυτον ειναι
2c1c0700f9	εν δε τοις περι τον τοπον εκεινον υπηρχεν χωρια τω πρωτω της νησου ονοματι ποπλιω ος αναδεξαμενος ημας τρεις ημερας φιλοφρονως εξενισεν
2c1c08012d	εγενετο δε τον πατερα του ποπλιου πυρετοις και δυσεντερια συνεχομενον κατακεισθαι προς ον ο παυλος εισελθων και προσευξαμενος επιθεις τας χειρας αυτω ιασατο αυτον
2c1c0900b0	τουτου ουν γενομενου και οι λοιποι οι εχοντες ασθενειας εν τη νησω προσηρχοντο και εθεραπευοντο
2c1c0a0092	οι και πολλαις τιμαις ετιμησαν ημας και αναγομενοις επεθεντο τα προς την χρειαν
2c1c0b00b7	μετα δε τρεις μηνας ανηχθημεν εν πλοιω παρακεχειμακοτι εν τη νησω αλεξανδρινω παρασημω διοσκουροις
2c1c0c0068	και καταχθεντες εις συρακουσας επεμειναμεν ημερας τρεις
2c1c0d00d6	οθεν περιελθοντες κατηντησαμεν εις ρηγιον και μετα μιαν ημεραν επιγενομενου νοτου δευτεραιοι ηλθομεν εις ποτιολους
2c1c0e00b4	ου ευροντες αδελφους παρεκληθημεν επ αυτοις επιμειναι ημερας επτα και ουτως εις την ρωμην ηλθομεν
2c1c0f0127	κακειθεν οι αδελφοι ακουσαντες τα περι ημων εξηλθον εις απαντησιν ημιν αχρις αππιου φορου και τριων ταβερνων ους ιδων ο παυλος ευχαριστησας τω θεω ελαβεν θαρσος
2c1c10011b	οτε δε ηλθομεν εις ρωμην ο εκατονταρχος παρεδωκεν τους δεσμιους τω στρατοπεδαρχη τω δε παυλω επετραπη μενειν καθ εαυτον συν τω φυλασσοντι αυτον στρατιωτη
2c1c1101e4	εγενετο δε μετα ημερας τρεις συγκαλεσασθαι τον παυλον τους οντας των ιουδαιων πρωτους συνελθοντων δε αυτων ελεγεν προς αυτους ανδρες αδελφοι εγω ουδεν εναντιον ποιησας τω λαω η τοις εθεσιν τοις πατρωοις δεσμιος εξ ιεροσολυμων παρεδοθην εις τας χειρας των ρωμαιων
2c1c1200a8	οιτινες ανακριναντες με εβουλοντο απολυσαι δια το μηδεμιαν αιτιαν θανατου υπαρχειν εν εμοι
2c1c1300c0	αντιλεγοντων δε των ιουδαιων ηναγκασθην επικαλεσασθαι καισαρα ουχ ως του εθνους μου εχων τι κατηγορησαι
2c1c1400e9	δια ταυτην ουν την αιτιαν παρεκαλεσα υμας ιδειν και προσλαλησαι ενεκεν γαρ της ελπιδος του ισραηλ την αλυσιν ταυτην περικειμαι
2c1c15011d	οι δε προς αυτον ειπον ημεις ουτε γραμματα περι σου εδεξαμεθα απο της ιουδαιας ουτε παραγενομενος τις των αδελφων απηγγειλεν η ελαλησεν τι περι σου πονηρον
2c1c1600d4	αξιουμεν δε παρα σου ακουσαι α φρονεις περι μεν γαρ της αιρεσεως ταυτης γνωστον εστιν ημιν οτι πανταχου αντιλεγεται
2c1c170188	ταξαμενοι δε αυτω ημεραν ηκον προς αυτον εις την ξενιαν πλειονες οις εξετιθετο διαμαρτυρομενος την βασιλειαν του θεου πειθων τε αυτους τα περι του ιησου απο τε του νομου μωσεως και των προφητων απο πρωι εως εσπερας
2c1c18005e	και οι μεν επειθοντο τοις λεγομενοις οι δε ηπιστουν
2c1c19011d	ασυμφωνοι δε οντες προς αλληλους απελυοντο ειποντος του παυλου ρημα εν οτι καλως το πνευμα το αγιον ελαλησεν δια ησαιου του προφητου προς τους πατερας ημων
2c1c1a00d0	λεγον πορευθητι προς τον λαον τουτον και ειπε ακοη ακουσετε και ου μη συνητε και βλεποντες βλεψετε και ου μη ιδητε
2c1c1b0187	επαχυνθη γαρ η καρδια του λαου τουτου και τοις ωσιν βαρεως ηκουσαν και τους οφθαλμους αυτων εκαμμυσαν μηποτε ιδωσιν τοις οφθαλμοις και τοις ωσιν ακουσωσιν και τη καρδια συνωσιν και επιστρεψωσιν και ιασωμαι αυτους
2c1c1c00a4	γνωστον ουν εστω υμιν οτι τοις εθνεσιν απεσταλη το σωτηριον του θεου αυτοι και ακουσονται
2c1c1d0095	και ταυτα αυτου ειποντος απηλθον οι ιουδαιοι πολλην εχοντες εν εαυτοις συζητησιν
2c1c1e00bf	εμεινεν δε ο παυλος διετιαν ολην εν ιδιω μισθωματι και απεδεχετο παντας τους εισπορευομενους προς αυτον
2c1c1f00c6	κηρυσσων την βασιλειαν του θεου και διδασκων τα περι του κυριου ιησου χριστου μετα πασης παρρησιας ακωλυτως
2d00000019	Προς Ρωμαιους
2d0101008f	παυλος δουλος ιησου χριστου κλητος αποστολος αφωρισμενος εις ευαγγελιον θεου
2d0102006a	ο προεπηγγειλατο δια των προφητων αυτου εν γραφαις αγιαις
2d01030074	περι του υιου αυτου του γενομενου εκ σπερματος δαβιδ κατα σαρκα
2d010400c8	του ορισθεντος υιου θεου εν δυναμει κατα πνευμα αγιωσυνης εξ αναστασεως νεκρων ιησου χριστου του κυριου ημων
2d010500b8	δι ου ελαβομεν χαριν και αποστολην εις υπακοην πιστεως εν πασιν τοις εθνεσιν υπερ του ονοματος αυτου
2d0106004d	εν οις εστε και υμεις κλητοι ιησου χριστου
2d010700e0	πασιν τοις ουσιν εν ρωμη αγαπητοις θεου κλητοις αγιοις χαρις υμιν και ειρηνη απο θεου πατρος ημων και κυριου ιησου χριστου
2d010800d0	πρωτον μεν ευχαριστω τω θεω μου δια ιησου χριστου υπερ παντων υμων οτι η πιστις υμων καταγγελλεται εν ολω τω κοσμω
2d010900e0	μαρτυς γαρ μου εστιν ο θεος ω λατρευω εν τω πνευματι μου εν τω ευαγγελιω του υιου αυτου ως αδιαλειπτως μνειαν υμων ποιουμαι
2d010a00c5	παντοτε επι των προσευχων μου δεομενος ειπως ηδη ποτε ευοδωθησομαι εν τω θεληματι του θεου ελθειν προς υμας
2d010b009d	επιποθω γαρ ιδειν υμας ινα τι μεταδω χαρισμα υμιν πνευματικον εις το στηριχθηναι υμας
2d010c0098	τουτο δε εστιν συμπαρακληθηναι εν υμιν δια της εν αλληλοις πιστεως υμων τε και εμου
2d010d012d	ου θελω δε υμας αγνοειν αδελφοι οτι πολλακις προεθεμην ελθειν προς υμας και εκωλυθην αχρι του δευρο ινα καρπον τινα σχω και εν υμιν καθως και εν τοις λοιποις εθνεσιν
2d010e0073	ελλησιν τε και βαρβαροις σοφοις τε και ανοητοις οφειλετης ειμι
2d010f0072	ουτως το κατ εμε προθυμον και υμιν τοις εν ρωμη ευαγγελισασθαι
2d011000f0	ου γαρ επαισχυνομαι το ευαγγελιον του χριστου δυναμις γαρ θεου εστιν εις σωτηριαν παντι τω πιστευοντι ιουδαιω τε πρωτον και ελληνι
2d011100cd	δικαιοσυνη γαρ θεου εν αυτω αποκαλυπτεται εκ πιστεως εις πιστιν καθως γεγραπται ο δε δικαιος εκ πιστεως ζησεται
2d011200d7	αποκαλυπτεται γαρ οργη θεου απ ουρανου επι πασαν ασεβειαν και αδικιαν ανθρωπων των την αληθειαν εν αδικια κατεχοντων
2d0113008f	διοτι το γνωστον του θεου φανερον εστιν εν αυτοις ο γαρ θεος αυτοις εφανερωσεν
2d0114010a	τα γαρ αορατα αυτου απο κτισεως κοσμου τοις ποιημασιν νοουμενα καθοραται η τε αιδιος αυτου δυναμις και θειοτης εις το ειναι αυτους αναπολογητους
2d01150103	διοτι γνοντες τον θεον ουχ ως θεον εδοξασαν η ευχαριστησαν αλλ εματαιωθησαν εν τοις διαλογισμοις αυτων και εσκοτισθη η ασυνετος αυτων καρδια
2d0116003f	φασκοντες ειναι σοφοι εμωρανθησαν
2d011700d9	και ηλλαξαν την δοξαν του αφθαρτου θεου εν ομοιωματι εικονος φθαρτου ανθρωπου και πετεινων και τετραποδων και ερπετων
2d011800e8	διο και παρεδωκεν αυτους ο θεος εν ταις επιθυμιαις των καρδιων αυτων εις ακαθαρσιαν του ατιμαζεσθαι τα σωματα αυτων εν εαυτοις
2d01190118	οιτινες μετηλλαξαν την αληθειαν του θεου εν τω ψευδει και εσεβασθησαν και ελατρευσαν τη κτισει παρα τον κτισαντα ος εστιν ευλογητος εις τους αιωνας αμην
2d011a00e1	δια τουτο παρεδωκεν αυτους ο θεος εις παθη ατιμιας αι τε γαρ θηλειαι αυτων μετηλλαξαν την φυσικην χρησιν εις την παρα φυσιν
2d011b01c5	ομοιως τε και οι {VAR1: αρρενες} {VAR2: αρσενες} αφεντες την φυσικην χρησιν της θηλειας εξεκαυθησαν εν τη ορεξει αυτων εις αλληλους αρσενες εν αρσεσιν την ασχημοσυνην κατεργαζομενοι και την αντιμισθιαν ην εδει της πλανης αυτων εν εαυτοις απολαμβανοντες
2d011c00d7	και καθως ουκ εδοκιμασαν τον θεον εχειν εν επιγνωσει παρεδωκεν αυτους ο θεος εις αδοκιμον νουν ποιειν τα μη καθηκοντα
2d011d00d5	πεπληρωμενους παση αδικια πορνεια πονηρια πλεονεξια κακια μεστους φθονου φονου εριδος δολου κακοηθειας ψιθυριστας
2d011e00a2	καταλαλους θεοστυγεις υβριστας υπερηφανους αλαζονας εφευρετας κακων γονευσιν απειθεις
2d011f0064	ασυνετους ασυνθετους αστοργους ασπονδους ανελεημονας
2d01200116	οιτινες το δικαιωμα του θεου επιγνοντες οτι οι τα τοιαυτα πρασσοντες αξιοι θανατου εισιν ου μονον αυτα ποιουσιν αλλα και συνευδοκουσιν τοις πρασσουσιν
2d020100db	διο αναπολογητος ει ω ανθρωπε πας ο κρινων εν ω γαρ κρινεις τον ετερον σεαυτον κατακρινεις τα γαρ αυτα πρασσεις ο κρινων
2d02020098	οιδαμεν δε οτι το κριμα του θεου εστιν κατα αληθειαν επι τους τα τοιαυτα πρασσοντας
2d020300c6	λογιζη δε τουτο ω ανθρωπε ο κρινων τους τα τοιαυτα πρασσοντας και ποιων αυτα οτι συ εκφευξη το κριμα του θεου
2d020400f8	η του πλουτου της χρηστοτητος αυτου και της ανοχης και της μακροθυμιας καταφρονεις αγνοων οτι το χρηστον του θεου εις μετανοιαν σε αγει
2d020500f0	κατα δε την σκληροτητα σου και αμετανοητον καρδιαν θησαυριζεις σεαυτω οργην εν ημερα οργης και αποκαλυψεως δικαιοκρισιας του θεου
2d02060044	ος αποδωσει εκαστω κατα τα εργα αυτου
2d0207009f	τοις μεν καθ υπομονην εργου αγαθου δοξαν και τιμην και αφθαρσιαν ζητουσιν ζωην αιωνιον
2d020800a3	τοις δε εξ εριθειας και απειθουσιν μεν τη αληθεια πειθομενοις δε τη αδικια θυμος και οργη
2d020900c3	θλιψις και στενοχωρια επι πασαν ψυχην ανθρωπου του κατεργαζομενου το κακον ιουδαιου τε πρωτον και ελληνος
2d020a009d	δοξα δε και τιμη και ειρηνη παντι τω εργαζομενω το αγαθον ιουδαιω τε πρωτον και ελληνι
2d020b0044	ου γαρ εστιν προσωποληψια παρα τω θεω
2d020c00aa	οσοι γαρ ανομως ημαρτον ανομως και απολουνται και οσοι εν νομω ημαρτον δια νομου κριθησονται
2d020d00a1	ου γαρ οι ακροαται του νομου δικαιοι παρα τω θεω αλλ οι ποιηται του νομου δικαιωθησονται
2d020e00b4	οταν γαρ εθνη τα μη νομον εχοντα φυσει τα του νομου ποιη ουτοι νομον μη εχοντες εαυτοις εισιν νομος
2d020f0143	οιτινες ενδεικνυνται το εργον του νομου γραπτον εν ταις καρδιαις αυτων συμμαρτυρουσης αυτων της συνειδησεως και μεταξυ αλληλων των λογισμων κατηγορουντων η και απολογουμενων
2d021000a4	εν ημερα οτε κρινει ο θεος τα κρυπτα των ανθρωπων κατα το ευαγγελιον μου δια ιησου χριστου
2d0211007b	ιδε συ ιουδαιος επονομαζη και επαναπαυη τω νομω και καυχασαι εν θεω
2d02120091	και γινωσκεις το θελημα και δοκιμαζεις τα διαφεροντα κατηχουμενος εκ του νομου
2d02130069	πεποιθας τε σεαυτον οδηγον ειναι τυφλων φως των εν σκοτει
2d021400b0	παιδευτην αφρονων διδασκαλον νηπιων εχοντα την μορφωσιν της γνωσεως και της αληθειας εν τω νομω
2d02150089	ο ουν διδασκων ετερον σεαυτον ου διδασκεις ο κηρυσσων μη κλεπτειν κλεπτεις
2d0216007d	ο λεγων μη μοιχευειν μοιχευεις ο βδελυσσομενος τα ειδωλα ιεροσυλεις
2d0217007b	ος εν νομω καυχασαι δια της παραβασεως του νομου τον θεον ατιμαζεις
2d02180088	το γαρ ονομα του θεου δι υμας βλασφημειται εν τοις εθνεσιν καθως γεγραπται
2d021900ba	περιτομη μεν γαρ ωφελει εαν νομον πρασσης εαν δε παραβατης νομου ης η περιτομη σου ακροβυστια γεγονεν
2d021a00bf	εαν ουν η ακροβυστια τα δικαιωματα του νομου φυλασση ουχι η ακροβυστια αυτου εις περιτομην λογισθησεται
2d021b00bc	και κρινει η εκ φυσεως ακροβυστια τον νομον τελουσα σε τον δια γραμματος και περιτομης παραβατην νομου
2d021c0085	ου γαρ ο εν τω φανερω ιουδαιος εστιν ουδε η εν τω φανερω εν σαρκι περιτομη
2d021d00d4	αλλ ο εν τω κρυπτω ιουδαιος και περιτομη καρδιας εν πνευματι ου γραμματι ου ο επαινος ουκ εξ ανθρωπων αλλ εκ του θεου
2d0301006f	τι ουν το περισσον του ιουδαιου η τις η ωφελεια της περιτομης
2d03020084	πολυ κατα παντα τροπον πρωτον μεν γαρ οτι επιστευθησαν τα λογια του θεου
2d03030089	τι γαρ ει ηπιστησαν τινες μη η απιστια αυτων την πιστιν του θεου καταργησει
2d03040105	μη γενοιτο γινεσθω δε ο θεος αληθης πας δε ανθρωπος ψευστης καθως γεγραπται οπως αν δικαιωθης εν τοις λογοις σου και νικησης εν τω κρινεσθαι σε
2d030500d2	ει δε η αδικια ημων θεου δικαιοσυνην συνιστησιν τι ερουμεν μη αδικος ο θεος ο επιφερων την οργην κατα ανθρωπον λεγω
2d03060050	μη γενοιτο επει πως κρινει ο θεος τον κοσμον
2d030700ca	ει γαρ η αληθεια του θεου εν τω εμω ψευσματι επερισσευσεν εις την δοξαν αυτου τι ετι καγω ως αμαρτωλος κρινομαι
2d030800e6	και μη καθως βλασφημουμεθα και καθως φασιν τινες ημας λεγειν οτι ποιησωμεν τα κακα ινα ελθη τα αγαθα ων το κριμα ενδικον εστιν
2d030900b0	τι ουν προεχομεθα ου παντως προητιασαμεθα γαρ ιουδαιους τε και ελληνας παντας υφ αμαρτιαν ειναι
2d030a0055	καθως γεγραπται οτι ουκ εστιν δικαιος ουδε εις
2d030b0055	ουκ εστιν ο συνιων ουκ εστιν ο εκζητων τον θεον
2d030c0091	παντες εξεκλιναν αμα ηχρειωθησαν ουκ εστιν ποιων χρηστοτητα ουκ εστιν εως ενος
2d030d00ac	ταφος ανεωγμενος ο λαρυγξ αυτων ταις γλωσσαις αυτων εδολιουσαν ιος ασπιδων υπο τα χειλη αυτων
2d030e003e	ων το στομα αρας και πικριας γεμει
2d030f003b	οξεις οι ποδες αυτων εκχεαι αιμα
2d03100052	συντριμμα και ταλαιπωρια εν ταις οδοις αυτων
2d03110034	και οδον ειρηνης ουκ εγνωσαν
2d03120059	ουκ εστιν φοβος θεου απεναντι των οφθαλμων αυτων
2d031300cf	οιδαμεν δε οτι οσα ο νομος λεγει τοις εν τω νομω λαλει ινα παν στομα φραγη και υποδικος γενηται πας ο κοσμος τω θεω
2d031400ae	διοτι εξ εργων νομου ου δικαιωθησεται πασα σαρξ ενωπιον αυτου δια γαρ νομου επιγνωσις αμαρτιας
2d031500a9	νυνι δε χωρις νομου δικαιοσυνη θεου πεφανερωται μαρτυρουμενη υπο του νομου και των προφητων
2d031600c9	δικαιοσυνη δε θεου δια πιστεως ιησου χριστου εις παντας και επι παντας τους πιστευοντας ου γαρ εστιν διαστολη
2d03170062	παντες γαρ ημαρτον και υστερουνται της δοξης του θεου
2d0318008d	δικαιουμενοι δωρεαν τη αυτου χαριτι δια της απολυτρωσεως της εν χριστω ιησου
2d0319010a	ον προεθετο ο θεος ιλαστηριον δια της πιστεως εν τω αυτου αιματι εις ενδειξιν της δικαιοσυνης αυτου δια την παρεσιν των προγεγονοτων αμαρτηματων
2d031a00f6	εν τη ανοχη του θεου προς ενδειξιν της δικαιοσυνης αυτου εν τω νυν καιρω εις το ειναι αυτον δικαιον και δικαιουντα τον εκ πιστεως ιησου
2d031b0098	που ουν η καυχησις εξεκλεισθη δια ποιου νομου των εργων ουχι αλλα δια νομου πιστεως
2d031c0071	λογιζομεθα ουν πιστει δικαιουσθαι ανθρωπον χωρις εργων νομου
2d031d0063	η ιουδαιων ο θεος μονον ουχι δε και εθνων ναι και εθνων
2d031e009b	επειπερ εις ο θεος ος δικαιωσει περιτομην εκ πιστεως και ακροβυστιαν δια της πιστεως
2d031f007c	νομον ουν καταργουμεν δια της πιστεως μη γενοιτο αλλα νομον ιστωμεν
2d0401006b	τι ουν ερουμεν αβρααμ τον πατερα ημων ευρηκεναι κατα σαρκα
2d04020078	ει γαρ αβρααμ εξ εργων εδικαιωθη εχει καυχημα αλλ ου προς τον θεον
2d04030096	τι γαρ η γραφη λεγει επιστευσεν δε αβρααμ τω θεω και ελογισθη αυτω εις δικαιοσυνην
2d04040082	τω δε εργαζομενω ο μισθος ου λογιζεται κατα χαριν αλλα κατα το οφειλημα
2d040500be	τω δε μη εργαζομενω πιστευοντι δε επι τον δικαιουντα τον ασεβη λογιζεται η πιστις αυτου εις δικαιοσυνην
2d040600ae	καθαπερ και δαβιδ λεγει τον μακαρισμον του ανθρωπου ω ο θεος λογιζεται δικαιοσυνην χωρις εργων
2d04070077	μακαριοι ων αφεθησαν αι ανομιαι και ων επεκαλυφθησαν αι αμαρτιαι
2d04080057	μακαριος ανηρ ω ου μη λογισηται κυριος αμαρτιαν
2d040900e7	ο μακαρισμος ουν ουτος επι την περιτομην η και επι την ακροβυστιαν λεγομεν γαρ οτι ελογισθη τω αβρααμ η πιστις εις δικαιοσυνην
2d040a0098	πως ουν ελογισθη εν περιτομη οντι η εν ακροβυστια ουκ εν περιτομη αλλ εν ακροβυστια
2d040b0169	και σημειον ελαβεν περιτομης σφραγιδα της δικαιοσυνης της πιστεως της εν τη ακροβυστια εις το ειναι αυτον πατερα παντων των πιστευοντων δι ακροβυστιας εις το λογισθηναι και αυτοις την δικαιοσυνην
2d040c00fe	και πατερα περιτομης τοις ουκ εκ περιτομης μονον αλλα και τοις στοιχουσιν τοις ιχνεσιν της εν τη ακροβυστια πιστεως του πατρος ημων αβρααμ
2d040d00e3	ου γαρ δια νομου η επαγγελια τω αβρααμ η τω σπερματι αυτου το κληρονομον αυτον ειναι του κοσμου αλλα δια δικαιοσυνης πιστεως
2d040e008a	ει γαρ οι εκ νομου κληρονομοι κεκενωται η πιστις και κατηργηται η επαγγελια
2d040f007d	ο γαρ νομος οργην κατεργαζεται ου γαρ ουκ εστιν νομος ουδε παραβασις
2d04100136	δια τουτο εκ πιστεως ινα κατα χαριν εις το ειναι βεβαιαν την επαγγελιαν παντι τω σπερματι ου τω εκ του νομου μονον αλλα και τω εκ πιστεως αβρααμ ος εστιν πατηρ παντων ημων
2d04110106	καθως γεγραπται οτι πατερα πολλων εθνων τεθεικα σε κατεναντι ου επιστευσεν θεου του ζωοποιουντος τους νεκρους και καλουντος τα μη οντα ως οντα
2d041200dc	ος παρ ελπιδα επ ελπιδι επιστευσεν εις το γενεσθαι αυτον πατερα πολλων εθνων κατα το ειρημενον ουτως εσται το σπερμα σου
2d041300f4	και μη ασθενησας τη πιστει ου κατενοησεν το εαυτου σωμα ηδη νενεκρωμενον εκατονταετης που υπαρχων και την νεκρωσιν της μητρας σαρρας
2d041400b1	εις δε την επαγγελιαν του θεου ου διεκριθη τη απιστια αλλ ενεδυναμωθη τη πιστει δους δοξαν τω θεω
2d04150070	και πληροφορηθεις οτι ο επηγγελται δυνατος εστιν και ποιησαι
2d04160045	διο και ελογισθη αυτω εις δικαιοσυνην
2d04170054	ουκ εγραφη δε δι αυτον μονον οτι ελογισθη αυτω
2d041800c3	αλλα και δι ημας οις μελλει λογιζεσθαι τοις πιστευουσιν επι τον εγειραντα ιησουν τον κυριον ημων εκ νεκρων
2d0419007f	ος παρεδοθη δια τα παραπτωματα ημων και ηγερθη δια την δικαιωσιν ημων
2d050100a6	δικαιωθεντες ουν εκ πιστεως ειρηνην εχομεν προς τον θεον δια του κυριου ημων ιησου χριστου
2d050200e0	δι ου και την προσαγωγην εσχηκαμεν τη πιστει εις την χαριν ταυτην εν η εστηκαμεν και καυχωμεθα επ ελπιδι της δοξης του θεου
2d050300a6	ου μονον δε αλλα και καυχωμεθα εν ταις θλιψεσιν ειδοτες οτι η θλιψις υπομονην κατεργαζεται
2d05040047	η δε υπομονη δοκιμην η δε δοκιμη ελπιδα
2d050500d4	η δε ελπις ου καταισχυνει οτι η αγαπη του θεου εκκεχυται εν ταις καρδιαις ημων δια πνευματος αγιου του δοθεντος ημιν
2d0506007c	ετι γαρ χριστος οντων ημων ασθενων κατα καιρον υπερ ασεβων απεθανεν
2d050700a0	μολις γαρ υπερ δικαιου τις αποθανειται υπερ γαρ του αγαθου ταχα τις και τολμα αποθανειν
2d050800bd	συνιστησιν δε την εαυτου αγαπην εις ημας ο θεος οτι ετι αμαρτωλων οντων ημων χριστος υπερ ημων απεθανεν
2d0509009e	πολλω ουν μαλλον δικαιωθεντες νυν εν τω αιματι αυτου σωθησομεθα δι αυτου απο της οργης
2d050a00e4	ει γαρ εχθροι οντες κατηλλαγημεν τω θεω δια του θανατου του υιου αυτου πολλω μαλλον καταλλαγεντες σωθησομεθα εν τη ζωη αυτου
2d050b00c6	ου μονον δε αλλα και καυχωμενοι εν τω θεω δια του κυριου ημων ιησου χριστου δι ου νυν την καταλλαγην ελαβομεν
2d050c012f	δια τουτο ωσπερ δι ενος ανθρωπου η αμαρτια εις τον κοσμον εισηλθεν και δια της αμαρτιας ο θανατος και ουτως εις παντας ανθρωπους ο θανατος διηλθεν εφ ω παντες ημαρτον
2d050d0089	αχρι γαρ νομου αμαρτια ην εν κοσμω αμαρτια δε ουκ ελλογειται μη οντος νομου
2d050e0105	αλλ εβασιλευσεν ο θανατος απο αδαμ μεχρι μωσεως και επι τους μη αμαρτησαντας επι τω ομοιωματι της παραβασεως αδαμ ος εστιν τυπος του μελλοντος
2d050f0180	αλλ ουχ ως το παραπτωμα ουτως και το χαρισμα ει γαρ τω του ενος παραπτωματι οι πολλοι απεθανον πολλω μαλλον η χαρις του θεου και η δωρεα εν χαριτι τη του ενος ανθρωπου ιησου χριστου εις τους πολλους επερισσευσεν
2d051000ed	και ουχ ως δι ενος αμαρτησαντος το δωρημα το μεν γαρ κριμα εξ ενος εις κατακριμα το δε χαρισμα εκ πολλων παραπτωματων εις δικαιωμα
2d0511016e	ει γαρ τω του ενος παραπτωματι ο θανατος εβασιλευσεν δια του ενος πολλω μαλλον οι την περισσειαν της χαριτος και της δωρεας της δικαιοσυνης λαμβανοντες εν ζωη βασιλευσουσιν δια του ενος ιησου χριστου
2d051200fb	αρα ουν ως δι ενος παραπτωματος εις παντας ανθρωπους εις κατακριμα ουτως και δι ενος δικαιωματος εις παντας ανθρωπους εις δικαιωσιν ζωης
2d0513010e	ωσπερ γαρ δια της παρακοης του ενος ανθρωπου αμαρτωλοι κατεσταθησαν οι πολλοι ουτως και δια της υπακοης του ενος δικαιοι κατασταθησονται οι πολλοι
2d051400b6	νομος δε παρεισηλθεν ινα πλεοναση το παραπτωμα ου δε επλεονασεν η αμαρτια υπερεπερισσευσεν η χαρις
2d051500ff	ινα ωσπερ εβασιλευσεν η αμαρτια εν τω θανατω ουτως και η χαρις βασιλευση δια δικαιοσυνης εις ζωην αιωνιον δια ιησου χριστου του κυριου ημων
2d0601006b	τι ουν ερουμεν επιμενουμεν τη αμαρτια ινα η χαρις πλεοναση
2d06020076	μη γενοιτο οιτινες απεθανομεν τη αμαρτια πως ετι ζησομεν εν αυτη
2d060300a0	η αγνοειτε οτι οσοι εβαπτισθημεν εις χριστον ιησουν εις τον θανατον αυτου εβαπτισθημεν
2d0604012e	συνεταφημεν ουν αυτω δια του βαπτισματος εις τον θανατον ινα ωσπερ ηγερθη χριστος εκ νεκρων δια της δοξης του πατρος ουτως και ημεις εν καινοτητι ζωης περιπατησωμεν
2d060500a3	ει γαρ συμφυτοι γεγοναμεν τω ομοιωματι του θανατου αυτου αλλα και της αναστασεως εσομεθα
2d060600f1	τουτο γινωσκοντες οτι ο παλαιος ημων ανθρωπος συνεσταυρωθη ινα καταργηθη το σωμα της αμαρτιας του μηκετι δουλευειν ημας τη αμαρτια
2d06070050	ο γαρ αποθανων δεδικαιωται απο της αμαρτιας
2d06080071	ει δε απεθανομεν συν χριστω πιστευομεν οτι και συζησομεν αυτω
2d060900a1	ειδοτες οτι χριστος εγερθεις εκ νεκρων ουκετι αποθνησκει θανατος αυτου ουκετι κυριευει
2d060a006a	ο γαρ απεθανεν τη αμαρτια απεθανεν εφαπαξ ο δε ζη ζη τω θεω
2d060b00c7	ουτως και υμεις λογιζεσθε εαυτους νεκρους μεν ειναι τη αμαρτια ζωντας δε τω θεω εν χριστω ιησου τω κυριω ημων
2d060c00b3	μη ουν βασιλευετω η αμαρτια εν τω θνητω υμων σωματι εις το υπακουειν αυτη εν ταις επιθυμιαις αυτου
2d060d010b	μηδε παριστανετε τα μελη υμων οπλα αδικιας τη αμαρτια αλλα παραστησατε εαυτους τω θεω ως εκ νεκρων ζωντας και τα μελη υμων οπλα δικαιοσυνης τω θεω
2d060e0076	αμαρτια γαρ υμων ου κυριευσει ου γαρ εστε υπο νομον αλλ υπο χαριν
2d060f007a	τι ουν αμαρτησομεν οτι ουκ εσμεν υπο νομον αλλ υπο χαριν μη γενοιτο
2d061000f4	ουκ οιδατε οτι ω παριστανετε εαυτους δουλους εις υπακοην δουλοι εστε ω υπακουετε ητοι αμαρτιας εις θανατον η υπακοης εις δικαιοσυνην
2d061100b7	χαρις δε τω θεω οτι ητε δουλοι της αμαρτιας υπηκουσατε δε εκ καρδιας εις ον παρεδοθητε τυπον διδαχης
2d0612006f	ελευθερωθεντες δε απο της αμαρτιας εδουλωθητε τη δικαιοσυνη
2d06130171	ανθρωπινον λεγω δια την ασθενειαν της σαρκος υμων ωσπερ γαρ παρεστησατε τα μελη υμων δουλα τη ακαθαρσια και τη ανομια εις την ανομιαν ουτως νυν παραστησατε τα μελη υμων δουλα τη δικαιοσυνη εις αγιασμον
2d0614006d	οτε γαρ δουλοι ητε της αμαρτιας ελευθεροι ητε τη δικαιοσυνη
2d06150093	τινα ουν καρπον ειχετε τοτε εφ οις νυν επαισχυνεσθε το γαρ τελος εκεινων θανατος
2d061600de	νυνι δε ελευθερωθεντες απο της αμαρτιας δουλωθεντες δε τω θεω εχετε τον καρπον υμων εις αγιασμον το δε τελος ζωην αιωνιον
2d061700b4	τα γαρ οψωνια της αμαρτιας θανατος το δε χαρισμα του θεου ζωη αιωνιος εν χριστω ιησου τω κυριω ημων
2d070100b2	η αγνοειτε αδελφοι γινωσκουσιν γαρ νομον λαλω οτι ο νομος κυριευει του ανθρωπου εφ οσον χρονον ζη
2d070200bf	η γαρ υπανδρος γυνη τω ζωντι ανδρι δεδεται νομω εαν δε αποθανη ο ανηρ κατηργηται απο του νομου του ανδρος
2d0703013a	αρα ουν ζωντος του ανδρος μοιχαλις χρηματισει εαν γενηται ανδρι ετερω εαν δε αποθανη ο ανηρ ελευθερα εστιν απο του νομου του μη ειναι αυτην μοιχαλιδα γενομενην ανδρι ετερω
2d07040113	ωστε αδελφοι μου και υμεις εθανατωθητε τω νομω δια του σωματος του χριστου εις το γενεσθαι υμας ετερω τω εκ νεκρων εγερθεντι ινα καρποφορησωμεν τω θεω
2d070500e7	οτε γαρ ημεν εν τη σαρκι τα παθηματα των αμαρτιων τα δια του νομου ενηργειτο εν τοις μελεσιν ημων εις το καρποφορησαι τω θανατω
2d07060120	νυνι δε κατηργηθημεν απο του νομου {VAR1: αποθανοντες} {VAR2: αποθανοντος} εν ω κατειχομεθα ωστε δουλευειν ημας εν καινοτητι πνευματος και ου παλαιοτητι γραμματος
2d07070115	τι ουν ερουμεν ο νομος αμαρτια μη γενοιτο αλλα την αμαρτιαν ουκ εγνων ει μη δια νομου την τε γαρ επιθυμιαν ουκ ηδειν ει μη ο νομος ελεγεν ουκ επιθυμησεις
2d070800cd	αφορμην δε λαβουσα η αμαρτια δια της εντολης κατειργασατο εν εμοι πασαν επιθυμιαν χωρις γαρ νομου αμαρτια νεκρα
2d0709009f	εγω δε εζων χωρις νομου ποτε ελθουσης δε της εντολης η αμαρτια ανεζησεν εγω δε απεθανον
2d070a005c	και ευρεθη μοι η εντολη η εις ζωην αυτη εις θανατον
2d070b0099	η γαρ αμαρτια αφορμην λαβουσα δια της εντολης εξηπατησεν με και δι αυτης απεκτεινεν
2d070c006e	ωστε ο μεν νομος αγιος και η εντολη αγια και δικαια και αγαθη
2d070d014b	το ουν αγαθον εμοι γεγονεν θανατος μη γενοιτο αλλα η αμαρτια ινα φανη αμαρτια δια του αγαθου μοι κατεργαζομενη θανατον ινα γενηται καθ υπερβολην αμαρτωλος η αμαρτια δια της εντολης
2d070e00a6	οιδαμεν γαρ οτι ο νομος πνευματικος εστιν εγω δε σαρκικος ειμι πεπραμενος υπο την αμαρτιαν
2d070f008d	ο γαρ κατεργαζομαι ου γινωσκω ου γαρ ο θελω τουτο πρασσω αλλ ο μισω τουτο ποιω
2d0710005d	ει δε ο ου θελω τουτο ποιω συμφημι τω νομω οτι καλος
2d07110079	νυνι δε ουκετι εγω κατεργαζομαι αυτο αλλ η οικουσα εν εμοι αμαρτια
2d071200f3	οιδα γαρ οτι ουκ οικει εν εμοι τουτ εστιν εν τη σαρκι μου αγαθον το γαρ θελειν παρακειται μοι το δε κατεργαζεσθαι το καλον ουχ ευρισκω
2d07130068	ου γαρ ο θελω ποιω αγαθον αλλ ο ου θελω κακον τουτο πρασσω
2d071400a1	ει δε ο ου θελω εγω τουτο ποιω ουκετι εγω κατεργαζομαι αυτο αλλ η οικουσα εν εμοι αμαρτια
2d07150096	ευρισκω αρα τον νομον τω θελοντι εμοι ποιειν το καλον οτι εμοι το κακον παρακειται
2d0716005f	συνηδομαι γαρ τω νομω του θεου κατα τον εσω ανθρωπον
2d07170114	βλεπω δε ετερον νομον εν τοις μελεσιν μου αντιστρατευομενον τω νομω του νοος μου και αιχμαλωτιζοντα με τω νομω της αμαρτιας τω οντι εν τοις μελεσιν μου
2d07180085	ταλαιπωρος εγω ανθρωπος τις με ρυσεται εκ του σωματος του θανατου τουτου
2d071900df	ευχαριστω τω θεω δια ιησου χριστου του κυριου ημων αρα ουν αυτος εγω τω μεν νοι δουλευω νομω θεου τη δε σαρκι νομω αμαρτιας
2d080100a2	ουδεν αρα νυν κατακριμα τοις εν χριστω ιησου μη κατα σαρκα περιπατουσιν αλλα κατα πνευμα
2d080200c5	ο γαρ νομος του πνευματος της ζωης εν χριστω ιησου ηλευθερωσεν με απο του νομου της αμαρτιας και του θανατου
2d0803012f	το γαρ αδυνατον του νομου εν ω ησθενει δια της σαρκος ο θεος τον εαυτου υιον πεμψας εν ομοιωματι σαρκος αμαρτιας και περι αμαρτιας κατεκρινεν την αμαρτιαν εν τη σαρκι
2d080400a5	ινα το δικαιωμα του νομου πληρωθη εν ημιν τοις μη κατα σαρκα περιπατουσιν αλλα κατα πνευμα
2d08050095	οι γαρ κατα σαρκα οντες τα της σαρκος φρονουσιν οι δε κατα πνευμα τα του πνευματος
2d0806008b	το γαρ φρονημα της σαρκος θανατος το δε φρονημα του πνευματος ζωη και ειρηνη
2d080700af	διοτι το φρονημα της σαρκος εχθρα εις θεον τω γαρ νομω του θεου ουχ υποτασσεται ουδε γαρ δυναται
2d0808004e	οι δε εν σαρκι οντες θεω αρεσαι ου δυνανται
2d080900eb	υμεις δε ουκ εστε εν σαρκι αλλ εν πνευματι ειπερ πνευμα θεου οικει εν υμιν ει δε τις πνευμα χριστου ουκ εχει ουτος ουκ εστιν αυτου
2d080a009a	ει δε χριστος εν υμιν το μεν σωμα νεκρον δι αμαρτιαν το δε πνευμα ζωη δια δικαιοσυνην
2d080b017a	ει δε το πνευμα του εγειραντος ιησουν εκ νεκρων οικει εν υμιν ο εγειρας τον χριστον εκ νεκρων ζωοποιησει και τα θνητα σωματα υμων δια {VAR1: το ενοικουν αυτου πνευμα} {VAR2: του ενοικουντος αυτου πνευματος} εν υμιν
2d080c0071	αρα ουν αδελφοι οφειλεται εσμεν ου τη σαρκι του κατα σαρκα ζην
2d080d00b7	ει γαρ κατα σαρκα ζητε μελλετε αποθνησκειν ει δε πνευματι τας πραξεις του σωματος θανατουτε ζησεσθε
2d080e0060	οσοι γαρ πνευματι θεου αγονται ουτοι εισιν υιοι θεου
2d080f00bb	ου γαρ ελαβετε πνευμα δουλειας παλιν εις φοβον αλλ ελαβετε πνευμα υιοθεσιας εν ω κραζομεν αββα ο πατηρ
2d08100076	αυτο το πνευμα συμμαρτυρει τω πνευματι ημων οτι εσμεν τεκνα θεου
2d081100cf	ει δε τεκνα και κληρονομοι κληρονομοι μεν θεου συγκληρονομοι δε χριστου ειπερ συμπασχομεν ινα και συνδοξασθωμεν
2d081200ba	λογιζομαι γαρ οτι ουκ αξια τα παθηματα του νυν καιρου προς την μελλουσαν δοξαν αποκαλυφθηναι εις ημας
2d0813008b	η γαρ αποκαραδοκια της κτισεως την αποκαλυψιν των υιων του θεου απεκδεχεται
2d08140091	τη γαρ ματαιοτητι η κτισις υπεταγη ουχ εκουσα αλλα δια τον υποταξαντα επ ελπιδι
2d081500d1	οτι και αυτη η κτισις ελευθερωθησεται απο της δουλειας της φθορας εις την ελευθεριαν της δοξης των τεκνων του θεου
2d0816007b	οιδαμεν γαρ οτι πασα η κτισις συστεναζει και συνωδινει αχρι του νυν
2d0817011f	ου μονον δε αλλα και αυτοι την απαρχην του πνευματος εχοντες και ημεις αυτοι εν εαυτοις στεναζομεν υιοθεσιαν απεκδεχομενοι την απολυτρωσιν του σωματος ημων
2d081800a2	τη γαρ ελπιδι εσωθημεν ελπις δε βλεπομενη ουκ εστιν ελπις ο γαρ βλεπει τις τι και ελπιζει
2d08190064	ει δε ο ου βλεπομεν ελπιζομεν δι υπομονης απεκδεχομεθα
2d081a013f	ωσαυτως δε και το πνευμα συναντιλαμβανεται ταις ασθενειαις ημων το γαρ τι προσευξωμεθα καθο δει ουκ οιδαμεν αλλ αυτο το πνευμα υπερεντυγχανει υπερ ημων στεναγμοις αλαλητοις
2d081b00ac	ο δε ερευνων τας καρδιας οιδεν τι το φρονημα του πνευματος οτι κατα θεον εντυγχανει υπερ αγιων
2d081c00b1	οιδαμεν δε οτι τοις αγαπωσιν τον θεον παντα συνεργει εις αγαθον τοις κατα προθεσιν κλητοις ουσιν
2d081d00d8	οτι ους προεγνω και προωρισεν συμμορφους της εικονος του υιου αυτου εις το ειναι αυτον πρωτοτοκον εν πολλοις αδελφοις
2d081e00d7	ους δε προωρισεν τουτους και εκαλεσεν και ους εκαλεσεν τουτους και εδικαιωσεν ους δε εδικαιωσεν τουτους και εδοξασεν
2d081f0068	τι ουν ερουμεν προς ταυτα ει ο θεος υπερ ημων τις καθ ημων
2d082000d3	ος γε του ιδιου υιου ουκ εφεισατο αλλ υπερ ημων παντων παρεδωκεν αυτον πως ουχι και συν αυτω τα παντα ημιν χαρισεται
2d08210057	τις εγκαλεσει κατα εκλεκτων θεου θεος ο δικαιων
2d082200d5	τις ο κατακρινων χριστος ο αποθανων μαλλον δε και εγερθεις ος και εστιν εν δεξια του θεου ος και εντυγχανει υπερ ημων
2d082300ce	τις ημας χωρισει απο της αγαπης του χριστου θλιψις η στενοχωρια η διωγμος η λιμος η γυμνοτης η κινδυνος η μαχαιρα
2d082400a2	καθως γεγραπται οτι ενεκα σου θανατουμεθα ολην την ημεραν ελογισθημεν ως προβατα σφαγης
2d0825006a	αλλ εν τουτοις πασιν υπερνικωμεν δια του αγαπησαντος ημας
2d082600c2	πεπεισμαι γαρ οτι ουτε θανατος ουτε ζωη ουτε αγγελοι ουτε αρχαι ουτε δυναμεις ουτε ενεστωτα ουτε μελλοντα
2d082700e2	ουτε υψωμα ουτε βαθος ουτε τις κτισις ετερα δυνησεται ημας χωρισαι απο της αγαπης του θεου της εν χριστω ιησου τω κυριω ημων
2d090100a9	αληθειαν λεγω εν χριστω ου ψευδομαι συμμαρτυρουσης μοι της συνειδησεως μου εν πνευματι αγιω
2d09020070	οτι λυπη μοι εστιν μεγαλη και αδιαλειπτος οδυνη τη καρδια μου
2d090300b7	ηυχομην γαρ αυτος εγω αναθεμα ειναι απο του χριστου υπερ των αδελφων μου των συγγενων μου κατα σαρκα
2d090400ce	οιτινες εισιν ισραηλιται ων η υιοθεσια και η δοξα και αι διαθηκαι και η νομοθεσια και η λατρεια και αι επαγγελιαι
2d090500b2	ων οι πατερες και εξ ων ο χριστος το κατα σαρκα ο ων επι παντων θεος ευλογητος εις τους αιωνας αμην
2d09060096	ουχ οιον δε οτι εκπεπτωκεν ο λογος του θεου ου γαρ παντες οι εξ ισραηλ ουτοι ισραηλ
2d0907008a	ουδ οτι εισιν σπερμα αβρααμ παντες τεκνα αλλ εν ισαακ κληθησεται σοι σπερμα
2d090800be	τουτ εστιν ου τα τεκνα της σαρκος ταυτα τεκνα του θεου αλλα τα τεκνα της επαγγελιας λογιζεται εις σπερμα
2d0909009c	επαγγελιας γαρ ο λογος ουτος κατα τον καιρον τουτον ελευσομαι και εσται τη σαρρα υιος
2d090a0083	ου μονον δε αλλα και ρεβεκκα εξ ενος κοιτην εχουσα ισαακ του πατρος ημων
2d090b00e9	μηπω γαρ γεννηθεντων μηδε πραξαντων τι αγαθον η κακον ινα η κατ εκλογην του θεου προθεσις μενη ουκ εξ εργων αλλ εκ του καλουντος
2d090c0055	ερρηθη αυτη οτι ο μειζων δουλευσει τω ελασσονι
2d090d0062	καθως γεγραπται τον ιακωβ ηγαπησα τον δε ησαυ εμισησα
2d090e0055	τι ουν ερουμεν μη αδικια παρα τω θεω μη γενοιτο
2d090f0076	τω γαρ μωση λεγει ελεησω ον αν ελεω και οικτειρησω ον αν οικτειρω
2d09100079	αρα ουν ου του θελοντος ουδε του τρεχοντος αλλα του ελεουντος θεου
2d091100fe	λεγει γαρ η γραφη τω φαραω οτι εις αυτο τουτο εξηγειρα σε οπως ενδειξωμαι εν σοι την δυναμιν μου και οπως διαγγελη το ονομα μου εν παση τη γη
2d09120050	αρα ουν ον θελει ελεει ον δε θελει σκληρυνει
2d0913007b	ερεις ουν μοι τι ετι μεμφεται τω γαρ βουληματι αυτου τις ανθεστηκεν
2d091400bf	μενουνγε ω ανθρωπε συ τις ει ο ανταποκρινομενος τω θεω μη ερει το πλασμα τω πλασαντι τι με εποιησας ουτως
2d091500c9	η ουκ εχει εξουσιαν ο κεραμευς του πηλου εκ του αυτου φυραματος ποιησαι ο μεν εις τιμην σκευος ο δε εις ατιμιαν
2d091600fb	ει δε θελων ο θεος ενδειξασθαι την οργην και γνωρισαι το δυνατον αυτου ηνεγκεν εν πολλη μακροθυμια σκευη οργης κατηρτισμενα εις απωλειαν
2d0917009c	και ινα γνωριση τον πλουτον της δοξης αυτου επι σκευη ελεους α προητοιμασεν εις δοξαν
2d0918006d	ους και εκαλεσεν ημας ου μονον εξ ιουδαιων αλλα και εξ εθνων
2d091900a1	ως και εν τω ωσηε λεγει καλεσω τον ου λαον μου λαον μου και την ουκ ηγαπημενην ηγαπημενην
2d091a00a2	και εσται εν τω τοπω ου ερρηθη αυτοις ου λαος μου υμεις εκει κληθησονται υιοι θεου ζωντος
2d091b00cc	ησαιας δε κραζει υπερ του ισραηλ εαν η ο αριθμος των υιων ισραηλ ως η αμμος της θαλασσης το καταλειμμα σωθησεται
2d091c00b4	λογον γαρ συντελων και συντεμνων εν δικαιοσυνη οτι λογον συντετμημενον ποιησει κυριος επι της γης
2d091d00e5	και καθως προειρηκεν ησαιας ει μη κυριος σαβαωθ εγκατελιπεν ημιν σπερμα ως σοδομα αν εγενηθημεν και ως γομορρα αν ωμοιωθημεν
2d091e00bd	τι ουν ερουμεν οτι εθνη τα μη διωκοντα δικαιοσυνην κατελαβεν δικαιοσυνην δικαιοσυνην δε την εκ πιστεως
2d091f007f	ισραηλ δε διωκων νομον δικαιοσυνης εις νομον δικαιοσυνης ουκ εφθασεν
2d0920009e	δια τι οτι ουκ εκ πιστεως αλλ ως εξ εργων νομου προσεκοψαν γαρ τω λιθω του προσκομματος
2d092100e2	καθως γεγραπται ιδου τιθημι εν σιων λιθον προσκομματος και πετραν σκανδαλου και πας ο πιστευων επ αυτω ου καταισχυνθησεται
2d0a0100b9	αδελφοι η μεν ευδοκια της εμης καρδιας και η δεησις η προς τον θεον υπερ του ισραηλ εστιν εις σωτηριαν
2d0a020072	μαρτυρω γαρ αυτοις οτι ζηλον θεου εχουσιν αλλ ου κατ επιγνωσιν
2d0a0300df	αγνοουντες γαρ την του θεου δικαιοσυνην και την ιδιαν δικαιοσυνην ζητουντες στησαι τη δικαιοσυνη του θεου ουχ υπεταγησαν
2d0a04006e	τελος γαρ νομου χριστος εις δικαιοσυνην παντι τω πιστευοντι
2d0a0500ae	μωσης γαρ γραφει την δικαιοσυνην την εκ του νομου οτι ο ποιησας αυτα ανθρωπος ζησεται εν αυτοις
2d0a0600e5	η δε εκ πιστεως δικαιοσυνη ουτως λεγει μη ειπης εν τη καρδια σου τις αναβησεται εις τον ουρανον τουτ εστιν χριστον καταγαγειν
2d0a070085	η τις καταβησεται εις την αβυσσον τουτ εστιν χριστον εκ νεκρων αναγαγειν
2d0a0800d8	αλλα τι λεγει εγγυς σου το ρημα εστιν εν τω στοματι σου και εν τη καρδια σου τουτ εστιν το ρημα της πιστεως ο κηρυσσομεν
2d0a0900e0	οτι εαν ομολογησης εν τω στοματι σου κυριον ιησουν και πιστευσης εν τη καρδια σου οτι ο θεος αυτον ηγειρεν εκ νεκρων σωθηση
2d0a0a0089	καρδια γαρ πιστευεται εις δικαιοσυνην στοματι δε ομολογειται εις σωτηριαν
2d0a0b006e	λεγει γαρ η γραφη πας ο πιστευων επ αυτω ου καταισχυνθησεται
2d0a0c00d6	ου γαρ εστιν διαστολη ιουδαιου τε και ελληνος ο γαρ αυτος κυριος παντων πλουτων εις παντας τους επικαλουμενους αυτον
2d0a0d0060	πας γαρ ος αν επικαλεσηται το ονομα κυριου σωθησεται
2d0a0e00d3	πως ουν επικαλεσονται εις ον ουκ επιστευσαν πως δε πιστευσουσιν ου ουκ ηκουσαν πως δε ακουσουσιν χωρις κηρυσσοντος
2d0a0f00ee	πως δε κηρυξουσιν εαν μη αποσταλωσιν καθως γεγραπται ως ωραιοι οι ποδες των ευαγγελιζομενων ειρηνην των ευαγγελιζομενων τα αγαθα
2d0a1000a0	αλλ ου παντες υπηκουσαν τω ευαγγελιω ησαιας γαρ λεγει κυριε τις επιστευσεν τη ακοη ημων
2d0a110056	αρα η πιστις εξ ακοης η δε ακοη δια ρηματος θεου
2d0a1200e2	αλλα λεγω μη ουκ ηκουσαν μενουνγε εις πασαν την γην εξηλθεν ο φθογγος αυτων και εις τα περατα της οικουμενης τα ρηματα αυτων
2d0a1300cd	αλλα λεγω μη ουκ εγνω ισραηλ πρωτος μωσης λεγει εγω παραζηλωσω υμας επ ουκ εθνει επι εθνει ασυνετω παροργιω υμας
2d0a1400b3	ησαιας δε αποτολμα και λεγει ευρεθην τοις εμε μη ζητουσιν εμφανης εγενομην τοις εμε μη επερωτωσιν
2d0a1500bc	προς δε τον ισραηλ λεγει ολην την ημεραν εξεπετασα τας χειρας μου προς λαον απειθουντα και αντιλεγοντα
2d0b0100d2	λεγω ουν μη απωσατο ο θεος τον λαον αυτου μη γενοιτο και γαρ εγω ισραηλιτης ειμι εκ σπερματος αβρααμ φυλης βενιαμιν
2d0b0200e1	ουκ απωσατο ο θεος τον λαον αυτου ον προεγνω η ουκ οιδατε εν ηλια τι λεγει η γραφη ως εντυγχανει τω θεω κατα του ισραηλ λεγων
2d0b0300d9	κυριε τους προφητας σου απεκτειναν και τα θυσιαστηρια σου κατεσκαψαν καγω υπελειφθην μονος και ζητουσιν την ψυχην μου
2d0b0400c1	αλλα τι λεγει αυτω ο χρηματισμος κατελιπον εμαυτω επτακισχιλιους ανδρας οιτινες ουκ εκαμψαν γονυ τη βααλ
2d0b050075	ουτως ουν και εν τω νυν καιρω λειμμα κατ εκλογην χαριτος γεγονεν
2d0b0600ea	ει δε χαριτι ουκετι εξ εργων επει η χαρις ουκετι γινεται χαρις ει δε εξ εργων ουκετι εστιν χαρις επει το εργον ουκετι εστιν εργον
2d0b0700a3	τι ουν ο επιζητει ισραηλ τουτου ουκ επετυχεν η δε εκλογη επετυχεν οι δε λοιποι επωρωθησαν
2d0b0800e6	καθως γεγραπται εδωκεν αυτοις ο θεος πνευμα κατανυξεως οφθαλμους του μη βλεπειν και ωτα του μη ακουειν εως της σημερον ημερας
2d0b0900c8	και δαβιδ λεγει γενηθητω η τραπεζα αυτων εις παγιδα και εις θηραν και εις σκανδαλον και εις ανταποδομα αυτοις
2d0b0a00a0	σκοτισθητωσαν οι οφθαλμοι αυτων του μη βλεπειν και τον νωτον αυτων διαπαντος συγκαμψον
2d0b0b00d9	λεγω ουν μη επταισαν ινα πεσωσιν μη γενοιτο αλλα τω αυτων παραπτωματι η σωτηρια τοις εθνεσιν εις το παραζηλωσαι αυτους
2d0b0c00bb	ει δε το παραπτωμα αυτων πλουτος κοσμου και το ηττημα αυτων πλουτος εθνων ποσω μαλλον το πληρωμα αυτων
2d0b0d00a1	υμιν γαρ λεγω τοις εθνεσιν εφ οσον μεν ειμι εγω εθνων αποστολος την διακονιαν μου δοξαζω
2d0b0e0064	ει πως παραζηλωσω μου την σαρκα και σωσω τινας εξ αυτων
2d0b0f0088	ει γαρ η αποβολη αυτων καταλλαγη κοσμου τις η προσληψις ει μη ζωη εκ νεκρων
2d0b100075	ει δε η απαρχη αγια και το φυραμα και ει η ριζα αγια και οι κλαδοι
2d0b110102	ει δε τινες των κλαδων εξεκλασθησαν συ δε αγριελαιος ων ενεκεντρισθης εν αυτοις και συγκοινωνος της ριζης και της πιοτητος της ελαιας εγενου
2d0b120095	μη κατακαυχω των κλαδων ει δε κατακαυχασαι ου συ την ριζαν βασταζεις αλλ η ριζα σε
2d0b130061	ερεις ουν εξεκλασθησαν οι κλαδοι ινα εγω εγκεντρισθω
2d0b140092	καλως τη απιστια εξεκλασθησαν συ δε τη πιστει εστηκας μη υψηλοφρονει αλλα φοβου
2d0b150083	ει γαρ ο θεος των κατα φυσιν κλαδων ουκ εφεισατο μηπως ουδε σου φεισηται
2d0b160100	ιδε ουν χρηστοτητα και αποτομιαν θεου επι μεν τους πεσοντας αποτομιαν επι δε σε χρηστοτητα εαν επιμεινης τη χρηστοτητι επει και συ εκκοπηση
2d0b1700d0	και εκεινοι δε εαν μη επιμεινωσιν τη απιστια εγκεντρισθησονται δυνατος γαρ εστιν ο θεος παλιν εγκεντρισαι αυτους
2d0b180120	ει γαρ συ εκ της κατα φυσιν εξεκοπης αγριελαιου και παρα φυσιν ενεκεντρισθης εις καλλιελαιον ποσω μαλλον ουτοι οι κατα φυσιν εγκεντρισθησονται τη ιδια ελαια
2d0b190128	ου γαρ θελω υμας αγνοειν αδελφοι το μυστηριον τουτο ινα μη ητε παρ εαυτοις φρονιμοι οτι πωρωσις απο μερους τω ισραηλ γεγονεν αχρις ου το πληρωμα των εθνων εισελθη
2d0b1a00c0	και ουτως πας ισραηλ σωθησεται καθως γεγραπται ηξει εκ σιων ο ρυομενος και αποστρεψει ασεβειας απο ιακωβ
2d0b1b007b	και αυτη αυτοις η παρ εμου διαθηκη οταν αφελωμαι τας αμαρτιας αυτων
2d0b1c0098	κατα μεν το ευαγγελιον εχθροι δι υμας κατα δε την εκλογην αγαπητοι δια τους πατερας
2d0b1d005c	αμεταμελητα γαρ τα χαρισματα και η κλησις του θεου
2d0b1e008d	ωσπερ γαρ και υμεις ποτε ηπειθησατε τω θεω νυν δε ηλεηθητε τη τουτων απειθεια
2d0b1f0081	ουτως και ουτοι νυν ηπειθησαν τω υμετερω ελεει ινα και αυτοι ελεηθωσιν
2d0b200083	συνεκλεισεν γαρ ο θεος τους παντας εις απειθειαν ινα τους παντας ελεηση
2d0b2100c7	ω βαθος πλουτου και σοφιας και γνωσεως θεου ως ανεξερευνητα τα κριματα αυτου και ανεξιχνιαστοι αι οδοι αυτου
2d0b220063	τις γαρ εγνω νουν κυριου η τις συμβουλος αυτου εγενετο
2d0b230054	η τις προεδωκεν αυτω και ανταποδοθησεται αυτω
2d0b240091	οτι εξ αυτου και δι αυτου και εις αυτον τα παντα αυτω η δοξα εις τους αιωνας αμην
2d0c010102	παρακαλω ουν υμας αδελφοι δια των οικτιρμων του θεου παραστησαι τα σωματα υμων θυσιαν ζωσαν αγιαν ευαρεστον τω θεω την λογικην λατρειαν υμων
2d0c02012f	και μη συσχηματιζεσθε τω αιωνι τουτω αλλα μεταμορφουσθε τη ανακαινωσει του νοος υμων εις το δοκιμαζειν υμας τι το θελημα του θεου το αγαθον και ευαρεστον και τελειον
2d0c030130	λεγω γαρ δια της χαριτος της δοθεισης μοι παντι τω οντι εν υμιν μη υπερφρονειν παρ ο δει φρονειν αλλα φρονειν εις το σωφρονειν εκαστω ως ο θεος εμερισεν μετρον πιστεως
2d0c04009a	καθαπερ γαρ εν ενι σωματι μελη πολλα εχομεν τα δε μελη παντα ου την αυτην εχει πραξιν
2d0c050075	ουτως οι πολλοι εν σωμα εσμεν εν χριστω ο δε καθ εις αλληλων μελη
2d0c0600c8	εχοντες δε χαρισματα κατα την χαριν την δοθεισαν ημιν διαφορα ειτε προφητειαν κατα την αναλογιαν της πιστεως
2d0c070072	ειτε διακονιαν εν τη διακονια ειτε ο διδασκων εν τη διδασκαλια
2d0c0800bf	ειτε ο παρακαλων εν τη παρακλησει ο μεταδιδους εν απλοτητι ο προισταμενος εν σπουδη ο ελεων εν ιλαροτητι
2d0c090078	η αγαπη ανυποκριτος αποστυγουντες το πονηρον κολλωμενοι τω αγαθω
2d0c0a0080	τη φιλαδελφια εις αλληλους φιλοστοργοι τη τιμη αλληλους προηγουμενοι
2d0c0b008c	τη σπουδη μη οκνηροι τω πνευματι ζεοντες τω {VAR1: καιρω} {VAR2: κυριω} δουλευοντες
2d0c0c0084	τη ελπιδι χαιροντες τη θλιψει υπομενοντες τη προσευχη προσκαρτερουντες
2d0c0d0071	ταις χρειαις των αγιων κοινωνουντες την φιλοξενιαν διωκοντες
2d0c0e0069	ευλογειτε τους διωκοντας υμας ευλογειτε και μη καταρασθε
2d0c0f005c	χαιρειν μετα χαιροντων και κλαιειν μετα κλαιοντων
2d0c1000df	το αυτο εις αλληλους φρονουντες μη τα υψηλα φρονουντες αλλα τοις ταπεινοις συναπαγομενοι μη γινεσθε φρονιμοι παρ εαυτοις
2d0c110091	μηδενι κακον αντι κακου αποδιδοντες προνοουμενοι καλα ενωπιον παντων ανθρωπων
2d0c120066	ει δυνατον το εξ υμων μετα παντων ανθρωπων ειρηνευοντες
2d0c1300d0	μη εαυτους εκδικουντες αγαπητοι αλλα δοτε τοπον τη οργη γεγραπται γαρ εμοι εκδικησις εγω ανταποδωσω λεγει κυριος
2d0c1400e3	εαν ουν πεινα ο εχθρος σου ψωμιζε αυτον εαν διψα ποτιζε αυτον τουτο γαρ ποιων ανθρακας πυρος σωρευσεις επι την κεφαλην αυτου
2d0c15005d	μη νικω υπο του κακου αλλα νικα εν τω αγαθω το κακον
2d0d0100f1	πασα ψυχη εξουσιαις υπερεχουσαις υποτασσεσθω ου γαρ εστιν εξουσια ει μη απο θεου αι δε ουσαι εξουσιαι υπο του θεου τεταγμεναι εισιν
2d0d0200c3	ωστε ο αντιτασσομενος τη εξουσια τη του θεου διαταγη ανθεστηκεν οι δε ανθεστηκοτες εαυτοις κριμα ληψονται
2d0d030103	οι γαρ αρχοντες ουκ εισιν φοβος των αγαθων εργων αλλα των κακων θελεις δε μη φοβεισθαι την εξουσιαν το αγαθον ποιει και εξεις επαινον εξ αυτης
2d0d04012a	θεου γαρ διακονος εστιν σοι εις το αγαθον εαν δε το κακον ποιης φοβου ου γαρ εικη την μαχαιραν φορει θεου γαρ διακονος εστιν εκδικος εις οργην τω το κακον πρασσοντι
2d0d050088	διο αναγκη υποτασσεσθαι ου μονον δια την οργην αλλα και δια την συνειδησιν
2d0d0600a7	δια τουτο γαρ και φορους τελειτε λειτουργοι γαρ θεου εισιν εις αυτο τουτο προσκαρτερουντες
2d0d0700d6	αποδοτε ουν πασιν τας οφειλας τω τον φορον τον φορον τω το τελος το τελος τω τον φοβον τον φοβον τω την τιμην την τιμην
2d0d0800a0	μηδενι μηδεν οφειλετε ει μη το αγαπαν αλληλους ο γαρ αγαπων τον ετερον νομον πεπληρωκεν
2d0d090149	το γαρ ου μοιχευσεις ου φονευσεις ου κλεψεις ου ψευδομαρτυρησεις ουκ επιθυμησεις και ει τις ετερα εντολη εν τουτω τω λογω ανακεφαλαιουται εν τω αγαπησεις τον πλησιον σου ως εαυτον
2d0d0a0075	η αγαπη τω πλησιον κακον ουκ εργαζεται πληρωμα ουν νομου η αγαπη
2d0d0b00d4	και τουτο ειδοτες τον καιρον οτι ωρα ημας ηδη εξ υπνου εγερθηναι νυν γαρ εγγυτερον ημων η σωτηρια η οτε επιστευσαμεν
2d0d0c00b8	η νυξ προεκοψεν η δε ημερα ηγγικεν αποθωμεθα ουν τα εργα του σκοτους και ενδυσωμεθα τα οπλα του φωτος
2d0d0d00ba	ως εν ημερα ευσχημονως περιπατησωμεν μη κωμοις και μεθαις μη κοιταις και ασελγειαις μη εριδι και ζηλω
2d0d0e00a5	αλλ ενδυσασθε τον κυριον ιησουν χριστον και της σαρκος προνοιαν μη ποιεισθε εις επιθυμιας
2d0e010087	τον δε ασθενουντα τη πιστει προσλαμβανεσθε μη εις διακρισεις διαλογισμων
2d0e020065	ος μεν πιστευει φαγειν παντα ο δε ασθενων λαχανα εσθιει
2d0e0300c5	ο εσθιων τον μη εσθιοντα μη εξουθενειτω και ο μη εσθιων τον εσθιοντα μη κρινετω ο θεος γαρ αυτον προσελαβετο
2d0e0400d7	συ τις ει ο κρινων αλλοτριον οικετην τω ιδιω κυριω στηκει η πιπτει σταθησεται δε δυνατος γαρ εστιν ο θεος στησαι αυτον
2d0e0500ac	ος μεν κρινει ημεραν παρ ημεραν ος δε κρινει πασαν ημεραν εκαστος εν τω ιδιω νοι πληροφορεισθω
2d0e06013b	ο φρονων την ημεραν κυριω φρονει και ο μη φρονων την ημεραν κυριω ου φρονει ο εσθιων κυριω εσθιει ευχαριστει γαρ τω θεω και ο μη εσθιων κυριω ουκ εσθιει και ευχαριστει τω θεω
2d0e070060	ουδεις γαρ ημων εαυτω ζη και ουδεις εαυτω αποθνησκει
2d0e0800e8	εαν τε γαρ ζωμεν τω κυριω ζωμεν εαν τε αποθνησκωμεν τω κυριω αποθνησκομεν εαν τε ουν ζωμεν εαν τε αποθνησκωμεν του κυριου εσμεν
2d0e0900ab	εις τουτο γαρ χριστος και απεθανεν και ανεστη και ανεζησεν ινα και νεκρων και ζωντων κυριευση
2d0e0a00d7	συ δε τι κρινεις τον αδελφον σου η και συ τι εξουθενεις τον αδελφον σου παντες γαρ παραστησομεθα τω βηματι του χριστου
2d0e0b00b0	γεγραπται γαρ ζω εγω λεγει κυριος οτι εμοι καμψει παν γονυ και πασα γλωσσα εξομολογησεται τω θεω
2d0e0c005d	αρα ουν εκαστος ημων περι εαυτου λογον δωσει τω θεω
2d0e0d00b9	μηκετι ουν αλληλους κρινωμεν αλλα τουτο κρινατε μαλλον το μη τιθεναι προσκομμα τω αδελφω η σκανδαλον
2d0e0e00c9	οιδα και πεπεισμαι εν κυριω ιησου οτι ουδεν κοινον δι εαυτου ει μη τω λογιζομενω τι κοινον ειναι εκεινω κοινον
2d0e0f00e9	ει δε δια βρωμα ο αδελφος σου λυπειται ουκετι κατα αγαπην περιπατεις μη τω βρωματι σου εκεινον απολλυε υπερ ου χριστος απεθανεν
2d0e10003f	μη βλασφημεισθω ουν υμων το αγαθον
2d0e1100ba	ου γαρ εστιν η βασιλεια του θεου βρωσις και ποσις αλλα δικαιοσυνη και ειρηνη και χαρα εν πνευματι αγιω
2d0e120091	ο γαρ εν τουτοις δουλευων τω χριστω ευαρεστος τω θεω και δοκιμος τοις ανθρωποις
2d0e13007e	αρα ουν τα της ειρηνης διωκωμεν και τα της οικοδομης της εις αλληλους
2d0e1400ce	μη ενεκεν βρωματος καταλυε το εργον του θεου παντα μεν καθαρα αλλα κακον τω ανθρωπω τω δια προσκομματος εσθιοντι
2d0e1500b8	καλον το μη φαγειν κρεα μηδε πιειν οινον μηδε εν ω ο αδελφος σου προσκοπτει η σκανδαλιζεται η ασθενει
2d0e1600a6	συ πιστιν εχεις κατα σαυτον εχε ενωπιον του θεου μακαριος ο μη κρινων εαυτον εν ω δοκιμαζει
2d0e1700b1	ο δε διακρινομενος εαν φαγη κατακεκριται οτι ουκ εκ πιστεως παν δε ο ουκ εκ πιστεως αμαρτια εστιν
2d0f0100a7	οφειλομεν δε ημεις οι δυνατοι τα ασθενηματα των αδυνατων βασταζειν και μη εαυτοις αρεσκειν
2d0f020078	εκαστος γαρ ημων τω πλησιον αρεσκετω εις το αγαθον προς οικοδομην
2d0f0300c1	και γαρ ο χριστος ουχ εαυτω ηρεσεν αλλα καθως γεγραπται οι ονειδισμοι των ονειδιζοντων σε επεπεσον επ εμε
2d0f0400e9	οσα γαρ προεγραφη εις την ημετεραν διδασκαλιαν προεγραφη ινα δια της υπομονης και της παρακλησεως των γραφων την ελπιδα εχωμεν
2d0f0500b5	ο δε θεος της υπομονης και της παρακλησεως δωη υμιν το αυτο φρονειν εν αλληλοις κατα χριστον ιησουν
2d0f0600a2	ινα ομοθυμαδον εν ενι στοματι δοξαζητε τον θεον και πατερα του κυριου ημων ιησου χριστου
2d0f070093	διο προσλαμβανεσθε αλληλους καθως και ο χριστος προσελαβετο ημας εις δοξαν θεου
2d0f0800d6	λεγω δε ιησουν χριστον διακονον γεγενησθαι περιτομης υπερ αληθειας θεου εις το βεβαιωσαι τας επαγγελιας των πατερων
2d0f0900da	τα δε εθνη υπερ ελεους δοξασαι τον θεον καθως γεγραπται δια τουτο εξομολογησομαι σοι εν εθνεσιν και τω ονοματι σου ψαλω
2d0f0a005e	και παλιν λεγει ευφρανθητε εθνη μετα του λαου αυτου
2d0f0b008f	και παλιν αινειτε τον κυριον παντα τα εθνη και επαινεσατε αυτον παντες οι λαοι
2d0f0c00b7	και παλιν ησαιας λεγει εσται η ριζα του ιεσσαι και ο ανισταμενος αρχειν εθνων επ αυτω εθνη ελπιουσιν
2d0f0d00fe	ο δε θεος της ελπιδος πληρωσαι υμας πασης χαρας και ειρηνης εν τω πιστευειν εις το περισσευειν υμας εν τη ελπιδι εν δυναμει πνευματος αγιου
2d0f0e010d	πεπεισμαι δε αδελφοι μου και αυτος εγω περι υμων οτι και αυτοι μεστοι εστε αγαθωσυνης πεπληρωμενοι πασης γνωσεως δυναμενοι και αλληλους νουθετειν
2d0f0f00d0	τολμηροτερον δε εγραψα υμιν αδελφοι απο μερους ως επαναμιμνησκων υμας δια την χαριν την δοθεισαν μοι υπο του θεου
2d0f100129	εις το ειναι με λειτουργον ιησου χριστου εις τα εθνη ιερουργουντα το ευαγγελιον του θεου ινα γενηται η προσφορα των εθνων ευπροσδεκτος ηγιασμενη εν πνευματι αγιω
2d0f110052	εχω ουν καυχησιν εν χριστω ιησου τα προς θεον
2d0f1200a6	ου γαρ τολμησω λαλειν τι ων ου κατειργασατο χριστος δι εμου εις υπακοην εθνων λογω και εργω
2d0f130112	εν δυναμει σημειων και τερατων εν δυναμει πνευματος θεου ωστε με απο ιερουσαλημ και κυκλω μεχρι του ιλλυρικου πεπληρωκεναι το ευαγγελιον του χριστου
2d0f1400bf	ουτως δε φιλοτιμουμενον ευαγγελιζεσθαι ουχ οπου ωνομασθη χριστος ινα μη επ αλλοτριον θεμελιον οικοδομω
2d0f1500a3	αλλα καθως γεγραπται οις ουκ ανηγγελη περι αυτου οψονται και οι ουκ ακηκοασιν συνησουσιν
2d0f16005a	διο και ενεκοπτομην τα πολλα του ελθειν προς υμας
2d0f1700c0	νυνι δε μηκετι τοπον εχων εν τοις κλιμασιν τουτοις επιποθιαν δε εχων του ελθειν προς υμας απο πολλων ετων
2d0f180126	ως εαν πορευωμαι εις την σπανιαν ελευσομαι προς υμας ελπιζω γαρ διαπορευομενος θεασασθαι υμας και υφ υμων προπεμφθηναι εκει εαν υμων πρωτον απο μερους εμπλησθω
2d0f190063	νυνι δε πορευομαι εις ιερουσαλημ διακονων τοις αγιοις
2d0f1a00c1	ευδοκησαν γαρ μακεδονια και αχαια κοινωνιαν τινα ποιησασθαι εις τους πτωχους των αγιων των εν ιερουσαλημ
2d0f1b010a	ευδοκησαν γαρ και οφειλεται αυτων εισιν ει γαρ τοις πνευματικοις αυτων εκοινωνησαν τα εθνη οφειλουσιν και εν τοις σαρκικοις λειτουργησαι αυτοις
2d0f1c00b8	τουτο ουν επιτελεσας και σφραγισαμενος αυτοις τον καρπον τουτον απελευσομαι δι υμων εις την σπανιαν
2d0f1d00a7	οιδα δε οτι ερχομενος προς υμας εν πληρωματι ευλογιας του ευαγγελιου του χριστου ελευσομαι
2d0f1e0119	παρακαλω δε υμας αδελφοι δια του κυριου ημων ιησου χριστου και δια της αγαπης του πνευματος συναγωνισασθαι μοι εν ταις προσευχαις υπερ εμου προς τον θεον
2d0f1f00d5	ινα ρυσθω απο των απειθουντων εν τη ιουδαια και ινα η διακονια μου η εις ιερουσαλημ ευπροσδεκτος γενηται τοις αγιοις
2d0f20007f	ινα εν χαρα ελθω προς υμας δια θεληματος θεου και συναναπαυσωμαι υμιν
2d0f21004e	ο δε θεος της ειρηνης μετα παντων υμων αμην
2d100100a1	συνιστημι δε υμιν φοιβην την αδελφην ημων ουσαν διακονον της εκκλησιας της εν κεγχρεαις
2d1002010b	ινα αυτην προσδεξησθε εν κυριω αξιως των αγιων και παραστητε αυτη εν ω αν υμων χρηζη πραγματι και γαρ αυτη προστατις πολλων εγενηθη και αυτου εμου
2d1003007b	ασπασασθε πρισκιλλαν και ακυλαν τους συνεργους μου εν χριστω ιησου
2d100400de	οιτινες υπερ της ψυχης μου τον εαυτων τραχηλον υπεθηκαν οις ουκ εγω μονος ευχαριστω αλλα και πασαι αι εκκλησιαι των εθνων
2d100500c9	και την κατ οικον αυτων εκκλησιαν ασπασασθε επαινετον τον αγαπητον μου ος εστιν απαρχη της αχαιας εις χριστον
2d10060056	ασπασασθε μαριαμ ητις πολλα εκοπιασεν εις ημας
2d1007011a	ασπασασθε ανδρονικον και ιουνιαν τους συγγενεις μου και συναιχμαλωτους μου οιτινες εισιν επισημοι εν τοις αποστολοις οι και προ εμου γεγονασιν εν χριστω
2d10080050	ασπασασθε αμπλιαν τον αγαπητον μου εν κυριω
2d10090089	ασπασασθε ουρβανον τον συνεργον ημων εν χριστω και σταχυν τον αγαπητον μου
2d100a008a	ασπασασθε απελλην τον δοκιμον εν χριστω ασπασασθε τους εκ των αριστοβουλου
2d100b009f	ασπασασθε ηροδιωνα τον συγγενη μου ασπασασθε τους εκ των ναρκισσου τους οντας εν κυριω
2d100c00d6	ασπασασθε τρυφαιναν και τρυφωσαν τας κοπιωσας εν κυριω ασπασασθε περσιδα την αγαπητην ητις πολλα εκοπιασεν εν κυριω
2d100d007d	ασπασασθε ρουφον τον εκλεκτον εν κυριω και την μητερα αυτου και εμου
2d100e0094	ασπασασθε ασυγκριτον φλεγοντα ερμαν πατροβαν ερμην και τους συν αυτοις αδελφους
2d100f00c2	ασπασασθε φιλολογον και ιουλιαν νηρεα και την αδελφην αυτου και ολυμπαν και τους συν αυτοις παντας αγιους
2d1010008e	ασπασασθε αλληλους εν φιληματι αγιω ασπαζονται υμας αι εκκλησιαι του χριστου
2d101100fb	παρακαλω δε υμας αδελφοι σκοπειν τους τας διχοστασιας και τα σκανδαλα παρα την διδαχην ην υμεις εμαθετε ποιουντας και εκκλινατε απ αυτων
2d10120116	οι γαρ τοιουτοι τω κυριω ημων ιησου χριστω ου δουλευουσιν αλλα τη εαυτων κοιλια και δια της χρηστολογιας και ευλογιας εξαπατωσιν τας καρδιας των ακακων
2d101300e5	η γαρ υμων υπακοη εις παντας αφικετο χαιρω ουν το εφ υμιν θελω δε υμας σοφους μεν ειναι εις το αγαθον ακεραιους δε εις το κακον
2d101400e9	ο δε θεος της ειρηνης συντριψει τον σαταναν υπο τους ποδας υμων εν ταχει η χαρις του κυριου ημων ιησου χριστου μεθ υμων {VAR2: αμην}
2d101500ac	ασπαζονται υμας τιμοθεος ο συνεργος μου και λουκιος και ιασων και σωσιπατρος οι συγγενεις μου
2d1016006b	ασπαζομαι υμας εγω τερτιος ο γραψας την επιστολην εν κυριω
2d101700e4	ασπαζεται υμας γαιος ο ξενος μου και της εκκλησιας ολης ασπαζεται υμας εραστος ο οικονομος της πολεως και κουαρτος ο αδελφος
2d1018006c	η χαρις του κυριου ημων ιησου χριστου μετα παντων υμων αμην
2d101900fb	τω δε δυναμενω υμας στηριξαι κατα το ευαγγελιον μου και το κηρυγμα ιησου χριστου κατα αποκαλυψιν μυστηριου χρονοις αιωνιοις σεσιγημενου
2d101a00e7	φανερωθεντος δε νυν δια τε γραφων προφητικων κατ επιταγην του αιωνιου θεου εις υπακοην πιστεως εις παντα τα εθνη γνωρισθεντος
2d101b0115	μονω σοφω θεω δια ιησου χριστου {VAR1: ω} η δοξα εις τους αιωνας αμην [προς ρωμαιους εγραφη απο κορινθου δια φοιβης της διακονου της εν κεγχρεαις εκκλησιας]
2e00000022	Προς Κορινθιους Α΄
2e01010093	παυλος κλητος αποστολος ιησου χριστου δια θεληματος θεου και σωσθενης ο αδελφος
2e0102014f	τη εκκλησια του θεου τη ουση εν κορινθω ηγιασμενοις εν χριστω ιησου κλητοις αγιοις συν πασιν τοις επικαλουμενοις το ονομα του κυριου ημων ιησου χριστου εν παντι τοπω αυτων τε και ημων
2e0103007b	χαρις υμιν και ειρηνη απο θεου πατρος ημων και κυριου ιησου χριστου
2e010400a9	ευχαριστω τω θεω μου παντοτε περι υμων επι τη χαριτι του θεου τη δοθειση υμιν εν χριστω ιησου
2e01050073	οτι εν παντι επλουτισθητε εν αυτω εν παντι λογω και παση γνωσει
2e01060059	καθως το μαρτυριον του χριστου εβεβαιωθη εν υμιν
2e010700c2	ωστε υμας μη υστερεισθαι εν μηδενι χαρισματι απεκδεχομενους την αποκαλυψιν του κυριου ημων ιησου χριστου
2e0108009e	ος και βεβαιωσει υμας εως τελους ανεγκλητους εν τη ημερα του κυριου ημων ιησου χριστου
2e0109009f	πιστος ο θεος δι ου εκληθητε εις κοινωνιαν του υιου αυτου ιησου χριστου του κυριου ημων
2e010a0146	παρακαλω δε υμας αδελφοι δια του ονοματος του κυριου ημων ιησου χριστου ινα το αυτο λεγητε παντες και μη η εν υμιν σχισματα ητε δε κατηρτισμενοι εν τω αυτω νοι και εν τη αυτη γνωμη
2e010b008a	εδηλωθη γαρ μοι περι υμων αδελφοι μου υπο των χλοης οτι εριδες εν υμιν εισιν
2e010c00af	λεγω δε τουτο οτι εκαστος υμων λεγει εγω μεν ειμι παυλου εγω δε απολλω εγω δε κηφα εγω δε χριστου
2e010d009b	μεμερισται ο χριστος μη παυλος εσταυρωθη υπερ υμων η εις το ονομα παυλου εβαπτισθητε
2e010e0077	ευχαριστω τω θεω οτι ουδενα υμων εβαπτισα ει μη κρισπον και γαιον
2e010f0053	ινα μη τις ειπη οτι εις το εμον ονομα εβαπτισα
2e01100084	εβαπτισα δε και τον στεφανα οικον λοιπον ουκ οιδα ει τινα αλλον εβαπτισα
2e011100ce	ου γαρ απεστειλεν με χριστος βαπτιζειν αλλ ευαγγελιζεσθαι ουκ εν σοφια λογου ινα μη κενωθη ο σταυρος του χριστου
2e011200bb	ο λογος γαρ ο του σταυρου τοις μεν απολλυμενοις μωρια εστιν τοις δε σωζομενοις ημιν δυναμις θεου εστιν
2e0113008c	γεγραπται γαρ απολω την σοφιαν των σοφων και την συνεσιν των συνετων αθετησω
2e011400c3	που σοφος που γραμματευς που συζητητης του αιωνος τουτου ουχι εμωρανεν ο θεος την σοφιαν του κοσμου τουτου
2e01150104	επειδη γαρ εν τη σοφια του θεου ουκ εγνω ο κοσμος δια της σοφιας τον θεον ευδοκησεν ο θεος δια της μωριας του κηρυγματος σωσαι τους πιστευοντας
2e01160078	επειδη και ιουδαιοι σημειον αιτουσιν και ελληνες σοφιαν ζητουσιν
2e0117009a	ημεις δε κηρυσσομεν χριστον εσταυρωμενον ιουδαιοις μεν σκανδαλον ελλησιν δε μωριαν
2e0118009b	αυτοις δε τοις κλητοις ιουδαιοις τε και ελλησιν χριστον θεου δυναμιν και θεου σοφιαν
2e011900c1	οτι το μωρον του θεου σοφωτερον των ανθρωπων εστιν και το ασθενες του θεου ισχυροτερον των ανθρωπων εστιν
2e011a00bd	βλεπετε γαρ την κλησιν υμων αδελφοι οτι ου πολλοι σοφοι κατα σαρκα ου πολλοι δυνατοι ου πολλοι ευγενεις
2e011b00f5	αλλα τα μωρα του κοσμου εξελεξατο ο θεος ινα τους σοφους καταισχυνη και τα ασθενη του κοσμου εξελεξατο ο θεος ινα καταισχυνη τα ισχυρα
2e011c00b0	και τα αγενη του κοσμου και τα εξουθενημενα εξελεξατο ο θεος και τα μη οντα ινα τα οντα καταργηση
2e011d004e	οπως μη καυχησηται πασα σαρξ ενωπιον αυτου
2e011e00cd	εξ αυτου δε υμεις εστε εν χριστω ιησου ος εγενηθη ημιν σοφια απο θεου δικαιοσυνη τε και αγιασμος και απολυτρωσις
2e011f005d	ινα καθως γεγραπται ο καυχωμενος εν κυριω καυχασθω
2e020100bf	καγω ελθων προς υμας αδελφοι ηλθον ου καθ υπεροχην λογου η σοφιας καταγγελλων υμιν το μαρτυριον του θεου
2e02020094	ου γαρ εκρινα του ειδεναι τι εν υμιν ει μη ιησουν χριστον και τουτον εσταυρωμενον
2e0203007d	και εγω εν ασθενεια και εν φοβω και εν τρομω πολλω εγενομην προς υμας
2e020400d1	και ο λογος μου και το κηρυγμα μου ουκ εν πειθοις ανθρωπινης σοφιας λογοις αλλ εν αποδειξει πνευματος και δυναμεως
2e0205006c	ινα η πιστις υμων μη η εν σοφια ανθρωπων αλλ εν δυναμει θεου
2e020600dd	σοφιαν δε λαλουμεν εν τοις τελειοις σοφιαν δε ου του αιωνος τουτου ουδε των αρχοντων του αιωνος τουτου των καταργουμενων
2e020700c3	αλλα λαλουμεν σοφιαν θεου εν μυστηριω την αποκεκρυμμενην ην προωρισεν ο θεος προ των αιωνων εις δοξαν ημων
2e020800bb	ην ουδεις των αρχοντων του αιωνος τουτου εγνωκεν ει γαρ εγνωσαν ουκ αν τον κυριον της δοξης εσταυρωσαν
2e020900f7	αλλα καθως γεγραπται α οφθαλμος ουκ ειδεν και ους ουκ ηκουσεν και επι καρδιαν ανθρωπου ουκ ανεβη α ητοιμασεν ο θεος τοις αγαπωσιν αυτον
2e020a00b0	ημιν δε ο θεος απεκαλυψεν δια του πνευματος αυτου το γαρ πνευμα παντα ερευνα και τα βαθη του θεου
2e020b00f8	τις γαρ οιδεν ανθρωπων τα του ανθρωπου ει μη το πνευμα του ανθρωπου το εν αυτω ουτως και τα του θεου ουδεις οιδεν ει μη το πνευμα του θεου
2e020c00d0	ημεις δε ου το πνευμα του κοσμου ελαβομεν αλλα το πνευμα το εκ του θεου ινα ειδωμεν τα υπο του θεου χαρισθεντα ημιν
2e020d00ec	α και λαλουμεν ουκ εν διδακτοις ανθρωπινης σοφιας λογοις αλλ εν διδακτοις πνευματος αγιου πνευματικοις πνευματικα συγκρινοντες
2e020e00ea	ψυχικος δε ανθρωπος ου δεχεται τα του πνευματος του θεου μωρια γαρ αυτω εστιν και ου δυναται γνωναι οτι πνευματικως ανακρινεται
2e020f007e	ο δε πνευματικος ανακρινει μεν παντα αυτος δε υπ ουδενος ανακρινεται
2e02100086	τις γαρ εγνω νουν κυριου ος συμβιβασει αυτον ημεις δε νουν χριστου εχομεν
2e030100af	και εγω αδελφοι ουκ ηδυνηθην λαλησαι υμιν ως πνευματικοις αλλ ως σαρκικοις ως νηπιοις εν χριστω
2e03020085	γαλα υμας εποτισα και ου βρωμα ουπω γαρ ηδυνασθε αλλ ουτε ετι νυν δυνασθε
2e030300d9	ετι γαρ σαρκικοι εστε οπου γαρ εν υμιν ζηλος και ερις και διχοστασιαι ουχι σαρκικοι εστε και κατα ανθρωπον περιπατειτε
2e0304008c	οταν γαρ λεγη τις εγω μεν ειμι παυλου ετερος δε εγω απολλω ουχι σαρκικοι εστε
2e030500b2	τις ουν εστιν παυλος τις δε απολλως αλλ η διακονοι δι ων επιστευσατε και εκαστω ως ο κυριος εδωκεν
2e03060059	εγω εφυτευσα απολλως εποτισεν αλλ ο θεος ηυξανεν
2e03070070	ωστε ουτε ο φυτευων εστιν τι ουτε ο ποτιζων αλλ ο αυξανων θεος
2e030800a7	ο φυτευων δε και ο ποτιζων εν εισιν εκαστος δε τον ιδιον μισθον ληψεται κατα τον ιδιον κοπον
2e03090068	θεου γαρ εσμεν συνεργοι θεου γεωργιον θεου οικοδομη εστε
2e030a00f6	κατα την χαριν του θεου την δοθεισαν μοι ως σοφος αρχιτεκτων θεμελιον τεθεικα αλλος δε εποικοδομει εκαστος δε βλεπετω πως εποικοδομει
2e030b009b	θεμελιον γαρ αλλον ουδεις δυναται θειναι παρα τον κειμενον ος εστιν ιησους ο χριστος
2e030c00b0	ει δε τις εποικοδομει επι τον θεμελιον τουτον χρυσον αργυρον λιθους τιμιους ξυλα χορτον καλαμην
2e030d00f1	εκαστου το εργον φανερον γενησεται η γαρ ημερα δηλωσει οτι εν πυρι αποκαλυπτεται και εκαστου το εργον οποιον εστιν το πυρ δοκιμασει
2e030e0062	ει τινος το εργον μενει ο επωκοδομησεν μισθον ληψεται
2e030f009b	ει τινος το εργον κατακαησεται ζημιωθησεται αυτος δε σωθησεται ουτως δε ως δια πυρος
2e03100077	ουκ οιδατε οτι ναος θεου εστε και το πνευμα του θεου οικει εν υμιν
2e031100bc	ει τις τον ναον του θεου φθειρει φθερει τουτον ο θεος ο γαρ ναος του θεου αγιος εστιν οιτινες εστε υμεις
2e031200c2	μηδεις εαυτον εξαπατατω ει τις δοκει σοφος ειναι εν υμιν εν τω αιωνι τουτω μωρος γενεσθω ινα γενηται σοφος
2e031300d2	η γαρ σοφια του κοσμου τουτου μωρια παρα τω θεω εστιν γεγραπται γαρ ο δρασσομενος τους σοφους εν τη πανουργια αυτων
2e03140084	και παλιν κυριος γινωσκει τους διαλογισμους των σοφων οτι εισιν ματαιοι
2e03150064	ωστε μηδεις καυχασθω εν ανθρωποις παντα γαρ υμων εστιν
2e031600d2	ειτε παυλος ειτε απολλως ειτε κηφας ειτε κοσμος ειτε ζωη ειτε θανατος ειτε ενεστωτα ειτε μελλοντα παντα υμων εστιν
2e0317003b	υμεις δε χριστου χριστος δε θεου
2e04010094	ουτως ημας λογιζεσθω ανθρωπος ως υπηρετας χριστου και οικονομους μυστηριων θεου
2e04020070	ο δε λοιπον ζητειται εν τοις οικονομοις ινα πιστος τις ευρεθη
2e040300b4	εμοι δε εις ελαχιστον εστιν ινα υφ υμων ανακριθω η υπο ανθρωπινης ημερας αλλ ουδε εμαυτον ανακρινω
2e0404009a	ουδεν γαρ εμαυτω συνοιδα αλλ ουκ εν τουτω δεδικαιωμαι ο δε ανακρινων με κυριος εστιν
2e0405013a	ωστε μη προ καιρου τι κρινετε εως αν ελθη ο κυριος ος και φωτισει τα κρυπτα του σκοτους και φανερωσει τας βουλας των καρδιων και τοτε ο επαινος γενησεται εκαστω απο του θεου
2e04060127	ταυτα δε αδελφοι μετεσχηματισα εις εμαυτον και απολλω δι υμας ινα εν ημιν μαθητε το μη υπερ ο γεγραπται φρονειν ινα μη εις υπερ του ενος φυσιουσθε κατα του ετερου
2e0407009a	τις γαρ σε διακρινει τι δε εχεις ο ουκ ελαβες ει δε και ελαβες τι καυχασαι ως μη λαβων
2e040800e6	ηδη κεκορεσμενοι εστε ηδη επλουτησατε χωρις ημων εβασιλευσατε και οφελον γε εβασιλευσατε ινα και ημεις υμιν συμβασιλευσωμεν
2e040900f8	δοκω γαρ οτι ο θεος ημας τους αποστολους εσχατους απεδειξεν ως επιθανατιους οτι θεατρον εγενηθημεν τω κοσμω και αγγελοις και ανθρωποις
2e040a00d0	ημεις μωροι δια χριστον υμεις δε φρονιμοι εν χριστω ημεις ασθενεις υμεις δε ισχυροι υμεις ενδοξοι ημεις δε ατιμοι
2e040b00ab	αχρι της αρτι ωρας και πεινωμεν και διψωμεν και γυμνητευομεν και κολαφιζομεθα και αστατουμεν
2e040c00a9	και κοπιωμεν εργαζομενοι ταις ιδιαις χερσιν λοιδορουμενοι ευλογουμεν διωκομενοι ανεχομεθα
2e040d00ac	βλασφημουμενοι παρακαλουμεν ως περικαθαρματα του κοσμου εγενηθημεν παντων περιψημα εως αρτι
2e040e0072	ουκ εντρεπων υμας γραφω ταυτα αλλ ως τεκνα μου αγαπητα νουθετω
2e040f00e2	εαν γαρ μυριους παιδαγωγους εχητε εν χριστω αλλ ου πολλους πατερας εν γαρ χριστω ιησου δια του ευαγγελιου εγω υμας εγεννησα
2e04100045	παρακαλω ουν υμας μιμηται μου γινεσθε
2e0411012e	δια τουτο επεμψα υμιν τιμοθεον ος εστιν τεκνον μου αγαπητον και πιστον εν κυριω ος υμας αναμνησει τας οδους μου τας εν χριστω καθως πανταχου εν παση εκκλησια διδασκω
2e0412005c	ως μη ερχομενου δε μου προς υμας εφυσιωθησαν τινες
2e041300c8	ελευσομαι δε ταχεως προς υμας εαν ο κυριος θεληση και γνωσομαι ου τον λογον των πεφυσιωμενων αλλα την δυναμιν
2e04140058	ου γαρ εν λογω η βασιλεια του θεου αλλ εν δυναμει
2e04150078	τι θελετε εν ραβδω ελθω προς υμας η εν αγαπη πνευματι τε πραοτητος
2e050100df	ολως ακουεται εν υμιν πορνεια και τοιαυτη πορνεια ητις ουδε εν τοις εθνεσιν ονομαζεται ωστε γυναικα τινα του πατρος εχειν
2e050200bf	και υμεις πεφυσιωμενοι εστε και ουχι μαλλον επενθησατε ινα εξαρθη εκ μεσου υμων ο το εργον τουτο ποιησας
2e050300ba	εγω μεν γαρ ως απων τω σωματι παρων δε τω πνευματι ηδη κεκρικα ως παρων τον ουτως τουτο κατεργασαμενον
2e050400eb	εν τω ονοματι του κυριου ημων ιησου χριστου συναχθεντων υμων και του εμου πνευματος συν τη δυναμει του κυριου ημων ιησου χριστου
2e050500be	παραδουναι τον τοιουτον τω σατανα εις ολεθρον της σαρκος ινα το πνευμα σωθη εν τη ημερα του κυριου ιησου
2e05060081	ου καλον το καυχημα υμων ουκ οιδατε οτι μικρα ζυμη ολον το φυραμα ζυμοι
2e050700ef	εκκαθαρατε ουν την παλαιαν ζυμην ινα ητε νεον φυραμα καθως εστε αζυμοι και γαρ το πασχα ημων υπερ ημων {VAR1: ετυθη} {VAR2: εθυθη} χριστος
2e050800c5	ωστε εορταζωμεν μη εν ζυμη παλαια μηδε εν ζυμη κακιας και πονηριας αλλ εν αζυμοις ειλικρινειας και αληθειας
2e05090063	εγραψα υμιν εν τη επιστολη μη συναναμιγνυσθαι πορνοις
2e050a00ef	και ου παντως τοις πορνοις του κοσμου τουτου η τοις πλεονεκταις η αρπαξιν η ειδωλολατραις επει οφειλετε αρα εκ του κοσμου εξελθειν
2e050b0127	νυνι δε εγραψα υμιν μη συναναμιγνυσθαι εαν τις αδελφος ονομαζομενος η πορνος η πλεονεκτης η ειδωλολατρης η λοιδορος η μεθυσος η αρπαξ τω τοιουτω μηδε συνεσθιειν
2e050c006b	τι γαρ μοι και τους εξω κρινειν ουχι τους εσω υμεις κρινετε
2e050d0074	τους δε εξω ο θεος κρινει και εξαρειτε τον πονηρον εξ υμων αυτων
2e060100a4	τολμα τις υμων πραγμα εχων προς τον ετερον κρινεσθαι επι των αδικων και ουχι επι των αγιων
2e060200ca	ουκ οιδατε οτι οι αγιοι τον κοσμον κρινουσιν και ει εν υμιν κρινεται ο κοσμος αναξιοι εστε κριτηριων ελαχιστων
2e0603005b	ουκ οιδατε οτι αγγελους κρινουμεν μητι γε βιωτικα
2e060400a0	βιωτικα μεν ουν κριτηρια εαν εχητε τους εξουθενημενους εν τη εκκλησια τουτους καθιζετε
2e060500cf	προς εντροπην υμιν λεγω ουτως ουκ εστιν εν υμιν σοφος ουδε εις ος δυνησεται διακριναι ανα μεσον του αδελφου αυτου
2e06060068	αλλα αδελφος μετα αδελφου κρινεται και τουτο επι απιστων
2e060700e8	ηδη μεν ουν ολως ηττημα εν υμιν εστιν οτι κριματα εχετε μεθ εαυτων δια τι ουχι μαλλον αδικεισθε δια τι ουχι μαλλον αποστερεισθε
2e06080065	αλλα υμεις αδικειτε και αποστερειτε και ταυτα αδελφους
2e06090108	η ουκ οιδατε οτι αδικοι βασιλειαν θεου ου κληρονομησουσιν μη πλανασθε ουτε πορνοι ουτε ειδωλολατραι ουτε μοιχοι ουτε μαλακοι ουτε αρσενοκοιται
2e060a00b9	ουτε κλεπται ουτε πλεονεκται ουτε μεθυσοι ου λοιδοροι ουχ αρπαγες βασιλειαν θεου ου κληρονομησουσιν
2e060b00f0	και ταυτα τινες ητε αλλα απελουσασθε αλλα ηγιασθητε αλλ εδικαιωθητε εν τω ονοματι του κυριου ιησου και εν τω πνευματι του θεου ημων
2e060c00af	παντα μοι εξεστιν αλλ ου παντα συμφερει παντα μοι εξεστιν αλλ ουκ εγω εξουσιασθησομαι υπο τινος
2e060d0110	τα βρωματα τη κοιλια και η κοιλια τοις βρωμασιν ο δε θεος και ταυτην και ταυτα καταργησει το δε σωμα ου τη πορνεια αλλα τω κυριω και ο κυριος τω σωματι
2e060e0085	ο δε θεος και τον κυριον ηγειρεν και ημας εξεγερει δια της δυναμεως αυτου
2e060f00c3	ουκ οιδατε οτι τα σωματα υμων μελη χριστου εστιν αρας ουν τα μελη του χριστου ποιησω πορνης μελη μη γενοιτο
2e061000a6	η ουκ οιδατε οτι ο κολλωμενος τη πορνη εν σωμα εστιν εσονται γαρ φησιν οι δυο εις σαρκα μιαν
2e06110049	ο δε κολλωμενος τω κυριω εν πνευμα εστιν
2e061200de	φευγετε την πορνειαν παν αμαρτημα ο εαν ποιηση ανθρωπος εκτος του σωματος εστιν ο δε πορνευων εις το ιδιον σωμα αμαρτανει
2e061300bf	η ουκ οιδατε οτι το σωμα υμων ναος του εν υμιν αγιου πνευματος εστιν ου εχετε απο θεου και ουκ εστε εαυτων
2e061400bd	ηγορασθητε γαρ τιμης δοξασατε δη τον θεον εν τω σωματι υμων και εν τω πνευματι υμων ατινα εστιν του θεου
2e0701006b	περι δε ων εγραψατε μοι καλον ανθρωπω γυναικος μη απτεσθαι
2e0702009c	δια δε τας πορνειας εκαστος την εαυτου γυναικα εχετω και εκαστη τον ιδιον ανδρα εχετω
2e07030094	τη γυναικι ο ανηρ την οφειλομενην ευνοιαν αποδιδοτω ομοιως δε και η γυνη τω ανδρι
2e070400d0	η γυνη του ιδιου σωματος ουκ εξουσιαζει αλλ ο ανηρ ομοιως δε και ο ανηρ του ιδιου σωματος ουκ εξουσιαζει αλλ η γυνη
2e07050151	μη αποστερειτε αλληλους ει μη τι αν εκ συμφωνου προς καιρον ινα σχολαζητε τη νηστεια και τη προσευχη και παλιν επι το αυτο συνερχησθε ινα μη πειραζη υμας ο σατανας δια την ακρασιαν υμων
2e07060051	τουτο δε λεγω κατα συγγνωμην ου κατ επιταγην
2e070700c8	θελω γαρ παντας ανθρωπους ειναι ως και εμαυτον αλλ εκαστος ιδιον χαρισμα εχει εκ θεου ος μεν ουτως ος δε ουτως
2e0708008b	λεγω δε τοις αγαμοις και ταις χηραις καλον αυτοις εστιν εαν μεινωσιν ως καγω
2e0709008a	ει δε ουκ εγκρατευονται γαμησατωσαν κρεισσον γαρ εστιν γαμησαι η πυρουσθαι
2e070a009b	τοις δε γεγαμηκοσιν παραγγελλω ουκ εγω αλλ ο κυριος γυναικα απο ανδρος μη χωρισθηναι
2e070b009a	εαν δε και χωρισθη μενετω αγαμος η τω ανδρι καταλλαγητω και ανδρα γυναικα μη αφιεναι
2e070c00e6	τοις δε λοιποις εγω λεγω ουχ ο κυριος ει τις αδελφος γυναικα εχει απιστον και αυτη συνευδοκει οικειν μετ αυτου μη αφιετω αυτην
2e070d009e	και γυνη ητις εχει ανδρα απιστον και αυτος συνευδοκει οικειν μετ αυτης μη αφιετω αυτον
2e070e00fe	ηγιασται γαρ ο ανηρ ο απιστος εν τη γυναικι και ηγιασται η γυνη η απιστος εν τω ανδρι επει αρα τα τεκνα υμων ακαθαρτα εστιν νυν δε αγια εστιν
2e070f00de	ει δε ο απιστος χωριζεται χωριζεσθω ου δεδουλωται ο αδελφος η η αδελφη εν τοις τοιουτοις εν δε ειρηνη κεκληκεν ημας ο θεος
2e07100089	τι γαρ οιδας γυναι ει τον ανδρα σωσεις η τι οιδας ανερ ει την γυναικα σωσεις
2e071100e8	ει μη εκαστω ως εμερισεν ο θεος εκαστον ως κεκληκεν ο κυριος ουτως περιπατειτω και ουτως εν ταις εκκλησιαις πασαις διατασσομαι
2e07120094	περιτετμημενος τις εκληθη μη επισπασθω εν ακροβυστια τις εκληθη μη περιτεμνεσθω
2e0713008e	η περιτομη ουδεν εστιν και η ακροβυστια ουδεν εστιν αλλα τηρησις εντολων θεου
2e07140052	εκαστος εν τη κλησει η εκληθη εν ταυτη μενετω
2e07150094	δουλος εκληθης μη σοι μελετω αλλ ει και δυνασαι ελευθερος γενεσθαι μαλλον χρησαι
2e071600c4	ο γαρ εν κυριω κληθεις δουλος απελευθερος κυριου εστιν ομοιως και ο ελευθερος κληθεις δουλος εστιν χριστου
2e07170051	τιμης ηγορασθητε μη γινεσθε δουλοι ανθρωπων
2e07180064	εκαστος εν ω εκληθη αδελφοι εν τουτω μενετω παρα τω θεω
2e071900b4	περι δε των παρθενων επιταγην κυριου ουκ εχω γνωμην δε διδωμι ως ηλεημενος υπο κυριου πιστος ειναι
2e071a00a6	νομιζω ουν τουτο καλον υπαρχειν δια την ενεστωσαν αναγκην οτι καλον ανθρωπω το ουτως ειναι
2e071b007e	δεδεσαι γυναικι μη ζητει λυσιν λελυσαι απο γυναικος μη ζητει γυναικα
2e071c00e1	εαν δε και γημης ουχ ημαρτες και εαν γημη η παρθενος ουχ ημαρτεν θλιψιν δε τη σαρκι εξουσιν οι τοιουτοι εγω δε υμων φειδομαι
2e071d00d3	τουτο δε φημι αδελφοι {VAR2: οτι} ο καιρος συνεσταλμενος το λοιπον εστιν ινα και οι εχοντες γυναικας ως μη εχοντες ωσιν
2e071e00b9	και οι κλαιοντες ως μη κλαιοντες και οι χαιροντες ως μη χαιροντες και οι αγοραζοντες ως μη κατεχοντες
2e071f00a1	και οι χρωμενοι τω κοσμω τουτω ως μη καταχρωμενοι παραγει γαρ το σχημα του κοσμου τουτου
2e07200092	θελω δε υμας αμεριμνους ειναι ο αγαμος μεριμνα τα του κυριου πως αρεσει τω κυριω
2e07210066	ο δε γαμησας μεριμνα τα του κοσμου πως αρεσει τη γυναικι
2e07220117	μεμερισται η γυνη και η παρθενος η αγαμος μεριμνα τα του κυριου ινα η αγια και σωματι και πνευματι η δε γαμησασα μεριμνα τα του κοσμου πως αρεσει τω ανδρι
2e072300ed	τουτο δε προς το υμων αυτων συμφερον λεγω ουχ ινα βροχον υμιν επιβαλω αλλα προς το ευσχημον και ευπροσεδρον τω κυριω απερισπαστως
2e072400f9	ει δε τις ασχημονειν επι την παρθενον αυτου νομιζει εαν η υπερακμος και ουτως οφειλει γινεσθαι ο θελει ποιειτω ουχ αμαρτανει γαμειτωσαν
2e0725013c	ος δε εστηκεν εδραιος εν τη καρδια μη εχων αναγκην εξουσιαν δε εχει περι του ιδιου θεληματος και τουτο κεκρικεν εν τη καρδια αυτου του τηρειν την εαυτου παρθενον καλως ποιει
2e07260077	ωστε και ο εκγαμιζων καλως ποιει ο δε μη εκγαμιζων κρεισσον ποιει
2e072700e1	γυνη δεδεται νομω εφ οσον χρονον ζη ο ανηρ αυτης εαν δε κοιμηθη ο ανηρ αυτης ελευθερα εστιν ω θελει γαμηθηναι μονον εν κυριω
2e072800a1	μακαριωτερα δε εστιν εαν ουτως μεινη κατα την εμην γνωμην δοκω δε καγω πνευμα θεου εχειν
2e080100ab	περι δε των ειδωλοθυτων οιδαμεν οτι παντες γνωσιν εχομεν η γνωσις φυσιοι η δε αγαπη οικοδομει
2e08020075	ει δε τις δοκει ειδεναι τι ουδεπω ουδεν εγνωκεν καθως δει γνωναι
2e08030057	ει δε τις αγαπα τον θεον ουτος εγνωσται υπ αυτου
2e080400c5	περι της βρωσεως ουν των ειδωλοθυτων οιδαμεν οτι ουδεν ειδωλον εν κοσμω και οτι ουδεις θεος ετερος ει μη εις
2e080500c5	και γαρ ειπερ εισιν λεγομενοι θεοι ειτε εν ουρανω ειτε επι της γης ωσπερ εισιν θεοι πολλοι και κυριοι πολλοι
2e080600de	αλλ ημιν εις θεος ο πατηρ εξ ου τα παντα και ημεις εις αυτον και εις κυριος ιησους χριστος δι ου τα παντα και ημεις δι αυτου
2e08070101	αλλ ουκ εν πασιν η γνωσις τινες δε τη συνειδησει του ειδωλου εως αρτι ως ειδωλοθυτον εσθιουσιν και η συνειδησις αυτων ασθενης ουσα μολυνεται
2e080800b8	βρωμα δε ημας ου παριστησιν τω θεω ουτε γαρ εαν φαγωμεν περισσευομεν ουτε εαν μη φαγωμεν υστερουμεθα
2e08090082	βλεπετε δε μηπως η εξουσια υμων αυτη προσκομμα γενηται τοις ασθενουσιν
2e080a010c	εαν γαρ τις ιδη σε τον εχοντα γνωσιν εν ειδωλειω κατακειμενον ουχι η συνειδησις αυτου ασθενους οντος οικοδομηθησεται εις το τα ειδωλοθυτα εσθιειν
2e080b0082	και απολειται ο ασθενων αδελφος επι τη ση γνωσει δι ον χριστος απεθανεν
2e080c00ca	ουτως δε αμαρτανοντες εις τους αδελφους και τυπτοντες αυτων την συνειδησιν ασθενουσαν εις χριστον αμαρτανετε
2e080d00c3	διοπερ ει βρωμα σκανδαλιζει τον αδελφον μου ου μη φαγω κρεα εις τον αιωνα ινα μη τον αδελφον μου σκανδαλισω
2e090100d4	ουκ ειμι αποστολος ουκ ειμι ελευθερος ουχι ιησουν χριστον τον κυριον ημων εωρακα ου το εργον μου υμεις εστε εν κυριω
2e090200b4	ει αλλοις ουκ ειμι αποστολος αλλα γε υμιν ειμι η γαρ σφραγις της εμης αποστολης υμεις εστε εν κυριω
2e09030057	η εμη απολογια τοις εμε ανακρινουσιν αυτη εστιν
2e09040048	μη ουκ εχομεν εξουσιαν φαγειν και πιειν
2e090500cc	μη ουκ εχομεν εξουσιαν αδελφην γυναικα περιαγειν ως και οι λοιποι αποστολοι και οι αδελφοι του κυριου και κηφας
2e09060072	η μονος εγω και βαρναβας ουκ εχομεν εξουσιαν του μη εργαζεσθαι
2e09070124	τις στρατευεται ιδιοις οψωνιοις ποτε τις φυτευει αμπελωνα και εκ του καρπου αυτου ουκ εσθιει η τις ποιμαινει ποιμνην και εκ του γαλακτος της ποιμνης ουκ εσθιει
2e09080069	μη κατα ανθρωπον ταυτα λαλω η ουχι και ο νομος ταυτα λεγει
2e09090093	εν γαρ τω μωσεως νομω γεγραπται ου φιμωσεις βουν αλοωντα μη των βοων μελει τω θεω
2e090a00f0	η δι ημας παντως λεγει δι ημας γαρ εγραφη οτι επ ελπιδι οφειλει ο αροτριων αροτριαν και ο αλοων της ελπιδος αυτου μετεχειν επ ελπιδι
2e090b0090	ει ημεις υμιν τα πνευματικα εσπειραμεν μεγα ει ημεις υμων τα σαρκικα θερισομεν
2e090c0126	ει αλλοι της εξουσιας υμων μετεχουσιν ου μαλλον ημεις αλλ ουκ εχρησαμεθα τη εξουσια ταυτη αλλα παντα στεγομεν ινα μη εγκοπην τινα δωμεν τω ευαγγελιω του χριστου
2e090d00e3	ουκ οιδατε οτι οι τα ιερα εργαζομενοι εκ του ιερου εσθιουσιν οι τω θυσιαστηριω προσεδρευοντες τω θυσιαστηριω συμμεριζονται
2e090e009a	ουτως και ο κυριος διεταξεν τοις το ευαγγελιον καταγγελλουσιν εκ του ευαγγελιου ζην
2e090f00fd	εγω δε ουδενι εχρησαμην τουτων ουκ εγραψα δε ταυτα ινα ουτως γενηται εν εμοι καλον γαρ μοι μαλλον αποθανειν η το καυχημα μου ινα τις κενωση
2e091000c5	εαν γαρ ευαγγελιζωμαι ουκ εστιν μοι καυχημα αναγκη γαρ μοι επικειται ουαι δε μοι εστιν εαν μη ευαγγελιζωμαι
2e0911007f	ει γαρ εκων τουτο πρασσω μισθον εχω ει δε ακων οικονομιαν πεπιστευμαι
2e09120103	τις ουν μοι εστιν ο μισθος ινα ευαγγελιζομενος αδαπανον θησω το ευαγγελιον του χριστου εις το μη καταχρησασθαι τη εξουσια μου εν τω ευαγγελιω
2e0913008b	ελευθερος γαρ ων εκ παντων πασιν εμαυτον εδουλωσα ινα τους πλειονας κερδησω
2e091400d5	και εγενομην τοις ιουδαιοις ως ιουδαιος ινα ιουδαιους κερδησω τοις υπο νομον ως υπο νομον ινα τους υπο νομον κερδησω
2e0915008f	τοις ανομοις ως ανομος μη ων ανομος θεω αλλ εννομος χριστω ινα κερδησω ανομους
2e091600c9	εγενομην τοις ασθενεσιν ως ασθενης ινα τους ασθενεις κερδησω τοις πασιν γεγονα τα παντα ινα παντως τινας σωσω
2e09170071	τουτο δε ποιω δια το ευαγγελιον ινα συγκοινωνος αυτου γενωμαι
2e091800d4	ουκ οιδατε οτι οι εν σταδιω τρεχοντες παντες μεν τρεχουσιν εις δε λαμβανει το βραβειον ουτως τρεχετε ινα καταλαβητε
2e091900bf	πας δε ο αγωνιζομενος παντα εγκρατευεται εκεινοι μεν ουν ινα φθαρτον στεφανον λαβωσιν ημεις δε αφθαρτον
2e091a007c	εγω τοινυν ουτως τρεχω ως ουκ αδηλως ουτως πυκτευω ως ουκ αερα δερων
2e091b0098	αλλ υπωπιαζω μου το σωμα και δουλαγωγω μηπως αλλοις κηρυξας αυτος αδοκιμος γενωμαι
2e0a0100d2	ου θελω δε υμας αγνοειν αδελφοι οτι οι πατερες ημων παντες υπο την νεφελην ησαν και παντες δια της θαλασσης διηλθον
2e0a02007a	και παντες εις τον μωσην εβαπτισαντο εν τη νεφελη και εν τη θαλασση
2e0a030050	και παντες το αυτο βρωμα πνευματικον εφαγον
2e0a0400cc	και παντες το αυτο πομα πνευματικον επιον επινον γαρ εκ πνευματικης ακολουθουσης πετρας η δε πετρα ην ο χριστος
2e0a05008d	αλλ ουκ εν τοις πλειοσιν αυτων ευδοκησεν ο θεος κατεστρωθησαν γαρ εν τη ερημω
2e0a0600ae	ταυτα δε τυποι ημων εγενηθησαν εις το μη ειναι ημας επιθυμητας κακων καθως κακεινοι επεθυμησαν
2e0a0700ce	μηδε ειδωλολατραι γινεσθε καθως τινες αυτων ως γεγραπται εκαθισεν ο λαος φαγειν και πιειν και ανεστησαν παιζειν
2e0a0800a6	μηδε πορνευωμεν καθως τινες αυτων επορνευσαν και επεσον εν μια ημερα εικοσιτρεις χιλιαδες
2e0a0900a3	μηδε εκπειραζωμεν τον χριστον καθως και τινες αυτων επειρασαν και υπο των οφεων απωλοντο
2e0a0a0091	μηδε γογγυζετε καθως και τινες αυτων εγογγυσαν και απωλοντο υπο του ολοθρευτου
2e0a0b00c7	ταυτα δε παντα τυποι συνεβαινον εκεινοις εγραφη δε προς νουθεσιαν ημων εις ους τα τελη των αιωνων κατηντησεν
2e0a0c0042	ωστε ο δοκων εσταναι βλεπετω μη πεση
2e0a0d0148	πειρασμος υμας ουκ ειληφεν ει μη ανθρωπινος πιστος δε ο θεος ος ουκ εασει υμας πειρασθηναι υπερ ο δυνασθε αλλα ποιησει συν τω πειρασμω και την εκβασιν του δυνασθαι υμας υπενεγκειν
2e0a0e005e	διοπερ αγαπητοι μου φευγετε απο της ειδωλολατρειας
2e0a0f0046	ως φρονιμοις λεγω κρινατε υμεις ο φημι
2e0a10010b	το ποτηριον της ευλογιας ο ευλογουμεν ουχι κοινωνια του αιματος του χριστου εστιν τον αρτον ον κλωμεν ουχι κοινωνια του σωματος του χριστου εστιν
2e0a11008f	οτι εις αρτος εν σωμα οι πολλοι εσμεν οι γαρ παντες εκ του ενος αρτου μετεχομεν
2e0a1200a7	βλεπετε τον ισραηλ κατα σαρκα ουχι οι εσθιοντες τας θυσιας κοινωνοι του θυσιαστηριου εισιν
2e0a13006b	τι ουν φημι οτι ειδωλον τι εστιν η οτι ειδωλοθυτον τι εστιν
2e0a1400b2	αλλ οτι α θυει τα εθνη δαιμονιοις θυει και ου θεω ου θελω δε υμας κοινωνους των δαιμονιων γινεσθαι
2e0a1500d7	ου δυνασθε ποτηριον κυριου πινειν και ποτηριον δαιμονιων ου δυνασθε τραπεζης κυριου μετεχειν και τραπεζης δαιμονιων
2e0a160061	η παραζηλουμεν τον κυριον μη ισχυροτεροι αυτου εσμεν
2e0a170093	παντα μοι εξεστιν αλλ ου παντα συμφερει παντα μοι εξεστιν αλλ ου παντα οικοδομει
2e0a18005e	μηδεις το εαυτου ζητειτω αλλα το του ετερου εκαστος
2e0a19008a	παν το εν μακελλω πωλουμενον εσθιετε μηδεν ανακρινοντες δια την συνειδησιν
2e0a1a0048	του γαρ κυριου η γη και το πληρωμα αυτης
2e0a1b00e9	ει δε τις καλει υμας των απιστων και θελετε πορευεσθαι παν το παρατιθεμενον υμιν εσθιετε μηδεν ανακρινοντες δια την συνειδησιν
2e0a1c00ff	εαν δε τις υμιν ειπη τουτο ειδωλοθυτον εστιν μη εσθιετε δι εκεινον τον μηνυσαντα και την συνειδησιν του γαρ κυριου η γη και το πληρωμα αυτης
2e0a1d00cd	συνειδησιν δε λεγω ουχι την εαυτου αλλα την του ετερου ινα τι γαρ η ελευθερια μου κρινεται υπο αλλης συνειδησεως
2e0a1e0070	ει δε εγω χαριτι μετεχω τι βλασφημουμαι υπερ ου εγω ευχαριστω
2e0a1f0086	ειτε ουν εσθιετε ειτε πινετε ειτε τι ποιειτε παντα εις δοξαν θεου ποιειτε
2e0a200080	απροσκοποι γινεσθε και ιουδαιοις και ελλησιν και τη εκκλησια του θεου
2e0a2100a3	καθως καγω παντα πασιν αρεσκω μη ζητων το εμαυτου συμφερον αλλα το των πολλων ινα σωθωσιν
2e0b010047	μιμηται μου γινεσθε καθως καγω χριστου
2e0b0200ac	επαινω δε υμας αδελφοι οτι παντα μου μεμνησθε και καθως παρεδωκα υμιν τας παραδοσεις κατεχετε
2e0b0300cf	θελω δε υμας ειδεναι οτι παντος ανδρος η κεφαλη ο χριστος εστιν κεφαλη δε γυναικος ο ανηρ κεφαλη δε χριστου ο θεος
2e0b04009b	πας ανηρ προσευχομενος η προφητευων κατα κεφαλης εχων καταισχυνει την κεφαλην αυτου
2e0b0500f4	πασα δε γυνη προσευχομενη η προφητευουσα ακατακαλυπτω τη κεφαλη καταισχυνει την κεφαλην εαυτης εν γαρ εστιν και το αυτο τη εξυρημενη
2e0b0600bf	ει γαρ ου κατακαλυπτεται γυνη και κειρασθω ει δε αισχρον γυναικι το κειρασθαι η ξυρασθαι κατακαλυπτεσθω
2e0b0700c3	ανηρ μεν γαρ ουκ οφειλει κατακαλυπτεσθαι την κεφαλην εικων και δοξα θεου υπαρχων γυνη δε δοξα ανδρος εστιν
2e0b080059	ου γαρ εστιν ανηρ εκ γυναικος αλλα γυνη εξ ανδρος
2e0b090074	και γαρ ουκ εκτισθη ανηρ δια την γυναικα αλλα γυνη δια τον ανδρα
2e0b0a0086	δια τουτο οφειλει η γυνη εξουσιαν εχειν επι της κεφαλης δια τους αγγελους
2e0b0b0070	πλην ουτε ανηρ χωρις γυναικος ουτε γυνη χωρις ανδρος εν κυριω
2e0b0c009d	ωσπερ γαρ η γυνη εκ του ανδρος ουτως και ο ανηρ δια της γυναικος τα δε παντα εκ του θεου
2e0b0d0090	εν υμιν αυτοις κρινατε πρεπον εστιν γυναικα ακατακαλυπτον τω θεω προσευχεσθαι
2e0b0e0084	η ουδε αυτη η φυσις διδασκει υμας οτι ανηρ μεν εαν κομα ατιμια αυτω εστιν
2e0b0f0085	γυνη δε εαν κομα δοξα αυτη εστιν οτι η κομη αντι περιβολαιου δεδοται αυτη
2e0b1000af	ει δε τις δοκει φιλονεικος ειναι ημεις τοιαυτην συνηθειαν ουκ εχομεν ουδε αι εκκλησιαι του θεου
2e0b110098	τουτο δε παραγγελλων ουκ επαινω οτι ουκ εις το κρειττον αλλ εις το ηττον συνερχεσθε
2e0b1200b8	πρωτον μεν γαρ συνερχομενων υμων εν τη εκκλησια ακουω σχισματα εν υμιν υπαρχειν και μερος τι πιστευω
2e0b130087	δει γαρ και αιρεσεις εν υμιν ειναι ινα οι δοκιμοι φανεροι γενωνται εν υμιν
2e0b14007c	συνερχομενων ουν υμων επι το αυτο ουκ εστιν κυριακον δειπνον φαγειν
2e0b150097	εκαστος γαρ το ιδιον δειπνον προλαμβανει εν τω φαγειν και ος μεν πεινα ος δε μεθυει
2e0b160131	μη γαρ οικιας ουκ εχετε εις το εσθιειν και πινειν η της εκκλησιας του θεου καταφρονειτε και καταισχυνετε τους μη εχοντας τι υμιν ειπω επαινεσω υμας εν τουτω ουκ επαινω
2e0b1700c8	εγω γαρ παρελαβον απο του κυριου ο και παρεδωκα υμιν οτι ο κυριος ιησους εν τη νυκτι η παρεδιδοτο ελαβεν αρτον
2e0b1800f1	και ευχαριστησας εκλασεν και ειπεν λαβετε φαγετε τουτο μου εστιν το σωμα το υπερ υμων κλωμενον τουτο ποιειτε εις την εμην αναμνησιν
2e0b190121	ωσαυτως και το ποτηριον μετα το δειπνησαι λεγων τουτο το ποτηριον η καινη διαθηκη εστιν εν τω εμω αιματι τουτο ποιειτε οσακις αν πινητε εις την εμην αναμνησιν
2e0b1a00dc	οσακις γαρ αν εσθιητε τον αρτον τουτον και το ποτηριον τουτο πινητε τον θανατον του κυριου καταγγελλετε αχρις ου αν ελθη
2e0b1b00d9	ωστε ος αν εσθιη τον αρτον τουτον η πινη το ποτηριον του κυριου αναξιως ενοχος εσται του σωματος και αιματος του κυριου
2e0b1c00a0	δοκιμαζετω δε ανθρωπος εαυτον και ουτως εκ του αρτου εσθιετω και εκ του ποτηριου πινετω
2e0b1d00a6	ο γαρ εσθιων και πινων αναξιως κριμα εαυτω εσθιει και πινει μη διακρινων το σωμα του κυριου
2e0b1e007c	δια τουτο εν υμιν πολλοι ασθενεις και αρρωστοι και κοιμωνται ικανοι
2e0b1f0052	ει γαρ εαυτους διεκρινομεν ουκ αν εκρινομεθα
2e0b200080	κρινομενοι δε υπο κυριου παιδευομεθα ινα μη συν τω κοσμω κατακριθωμεν
2e0b210074	ωστε αδελφοι μου συνερχομενοι εις το φαγειν αλληλους εκδεχεσθε
2e0b2200a8	ει δε τις πεινα εν οικω εσθιετω ινα μη εις κριμα συνερχησθε τα δε λοιπα ως αν ελθω διαταξομαι
2e0c010060	περι δε των πνευματικων αδελφοι ου θελω υμας αγνοειν
2e0c02007a	οιδατε οτι εθνη ητε προς τα ειδωλα τα αφωνα ως αν ηγεσθε απαγομενοι
2e0c0300f6	διο γνωριζω υμιν οτι ουδεις εν πνευματι θεου λαλων λεγει αναθεμα ιησουν και ουδεις δυναται ειπειν κυριον ιησουν ει μη εν πνευματι αγιω
2e0c040059	διαιρεσεις δε χαρισματων εισιν το δε αυτο πνευμα
2e0c05005b	και διαιρεσεις διακονιων εισιν και ο αυτος κυριος
2e0c060096	και διαιρεσεις ενεργηματων εισιν ο δε αυτος εστιν θεος ο ενεργων τα παντα εν πασιν
2e0c07006f	εκαστω δε διδοται η φανερωσις του πνευματος προς το συμφερον
2e0c0800a4	ω μεν γαρ δια του πνευματος διδοται λογος σοφιας αλλω δε λογος γνωσεως κατα το αυτο πνευμα
2e0c090094	ετερω δε πιστις εν τω αυτω πνευματι αλλω δε χαρισματα ιαματων εν τω αυτω πνευματι
2e0c0a00e0	αλλω δε ενεργηματα δυναμεων αλλω δε προφητεια αλλω δε διακρισεις πνευματων ετερω δε γενη γλωσσων αλλω δε ερμηνεια γλωσσων
2e0c0b0098	παντα δε ταυτα ενεργει το εν και το αυτο πνευμα διαιρουν ιδια εκαστω καθως βουλεται
2e0c0c00ec	καθαπερ γαρ το σωμα εν εστιν και μελη εχει πολλα παντα δε τα μελη του σωματος του ενος πολλα οντα εν εστιν σωμα ουτως και ο χριστος
2e0c0d0118	και γαρ εν ενι πνευματι ημεις παντες εις εν σωμα εβαπτισθημεν ειτε ιουδαιοι ειτε ελληνες ειτε δουλοι ειτε ελευθεροι και παντες εις εν πνευμα εποτισθημεν
2e0c0e0051	και γαρ το σωμα ουκ εστιν εν μελος αλλα πολλα
2e0c0f00ac	εαν ειπη ο πους οτι ουκ ειμι χειρ ουκ ειμι εκ του σωματος ου παρα τουτο ουκ εστιν εκ του σωματος
2e0c1000bb	και εαν ειπη το ους οτι ουκ ειμι οφθαλμος ουκ ειμι εκ του σωματος ου παρα τουτο ουκ εστιν εκ του σωματος
2e0c110071	ει ολον το σωμα οφθαλμος που η ακοη ει ολον ακοη που η οσφρησις
2e0c120084	νυνι δε ο θεος εθετο τα μελη εν εκαστον αυτων εν τω σωματι καθως ηθελησεν
2e0c130043	ει δε ην τα παντα εν μελος που το σωμα
2e0c140039	νυν δε πολλα μεν μελη εν δε σωμα
2e0c1500be	ου δυναται δε οφθαλμος ειπειν τη χειρι χρειαν σου ουκ εχω η παλιν η κεφαλη τοις ποσιν χρειαν υμων ουκ εχω
2e0c160099	αλλα πολλω μαλλον τα δοκουντα μελη του σωματος ασθενεστερα υπαρχειν αναγκαια εστιν
2e0c1700f9	και α δοκουμεν ατιμοτερα ειναι του σωματος τουτοις τιμην περισσοτεραν περιτιθεμεν και τα ασχημονα ημων ευσχημοσυνην περισσοτεραν εχει
2e0c1800bf	τα δε ευσχημονα ημων ου χρειαν εχει αλλ ο θεος συνεκερασεν το σωμα τω υστερουντι περισσοτεραν δους τιμην
2e0c190084	ινα μη η σχισμα εν τω σωματι αλλα το αυτο υπερ αλληλων μεριμνωσιν τα μελη
2e0c1a00b0	και ειτε πασχει εν μελος συμπασχει παντα τα μελη ειτε δοξαζεται εν μελος συγχαιρει παντα τα μελη
2e0c1b0052	υμεις δε εστε σωμα χριστου και μελη εκ μερους
2e0c1c013b	και ους μεν εθετο ο θεος εν τη εκκλησια πρωτον αποστολους δευτερον προφητας τριτον διδασκαλους επειτα δυναμεις ειτα χαρισματα ιαματων αντιληψεις κυβερνησεις γενη γλωσσων
2e0c1d0091	μη παντες αποστολοι μη παντες προφηται μη παντες διδασκαλοι μη παντες δυναμεις
2e0c1e00a5	μη παντες χαρισματα εχουσιν ιαματων μη παντες γλωσσαις λαλουσιν μη παντες διερμηνευουσιν
2e0c1f008e	ζηλουτε δε τα χαρισματα τα κρειττονα και ετι καθ υπερβολην οδον υμιν δεικνυμι
2e0d0100c4	εαν ταις γλωσσαις των ανθρωπων λαλω και των αγγελων αγαπην δε μη εχω γεγονα χαλκος ηχων η κυμβαλον αλαλαζον
2e0d020128	και εαν εχω προφητειαν και ειδω τα μυστηρια παντα και πασαν την γνωσιν και εαν εχω πασαν την πιστιν ωστε ορη μεθιστανειν αγαπην δε μη εχω {VAR1: ουθεν} {VAR2: ουδεν} ειμι
2e0d0300cc	και εαν ψωμισω παντα τα υπαρχοντα μου και εαν παραδω το σωμα μου ινα καυθησωμαι αγαπην δε μη εχω ουδεν ωφελουμαι
2e0d04009b	η αγαπη μακροθυμει χρηστευεται η αγαπη ου ζηλοι η αγαπη ου περπερευεται ου φυσιουται
2e0d05007f	ουκ ασχημονει ου ζητει τα εαυτης ου παροξυνεται ου λογιζεται το κακον
2e0d060056	ου χαιρει επι τη αδικια συγχαιρει δε τη αληθεια
2e0d070069	παντα στεγει παντα πιστευει παντα ελπιζει παντα υπομενει
2e0d0800cf	η αγαπη ουδεποτε εκπιπτει ειτε δε προφητειαι καταργηθησονται ειτε γλωσσαι παυσονται ειτε γνωσις καταργηθησεται
2e0d09005f	εκ μερους γαρ γινωσκομεν και εκ μερους προφητευομεν
2e0d0a0067	οταν δε ελθη το τελειον τοτε το εκ μερους καταργηθησεται
2e0d0b00d5	οτε ημην νηπιος ως νηπιος ελαλουν ως νηπιος εφρονουν ως νηπιος ελογιζομην οτε δε γεγονα ανηρ κατηργηκα τα του νηπιου
2e0d0c00fd	βλεπομεν γαρ αρτι δι εσοπτρου εν αινιγματι τοτε δε προσωπον προς προσωπον αρτι γινωσκω εκ μερους τοτε δε επιγνωσομαι καθως και επεγνωσθην
2e0d0d0081	νυνι δε μενει πιστις ελπις αγαπη τα τρια ταυτα μειζων δε τουτων η αγαπη
2e0e010080	διωκετε την αγαπην ζηλουτε δε τα πνευματικα μαλλον δε ινα προφητευητε
2e0e0200ae	ο γαρ λαλων γλωσση ουκ ανθρωποις λαλει αλλα τω θεω ουδεις γαρ ακουει πνευματι δε λαλει μυστηρια
2e0e030085	ο δε προφητευων ανθρωποις λαλει οικοδομην και παρακλησιν και παραμυθιαν
2e0e04007d	ο λαλων γλωσση εαυτον οικοδομει ο δε προφητευων εκκλησιαν οικοδομει
2e0e050120	θελω δε παντας υμας λαλειν γλωσσαις μαλλον δε ινα προφητευητε μειζων γαρ ο προφητευων η ο λαλων γλωσσαις εκτος ει μη διερμηνευη ινα η εκκλησια οικοδομην λαβη
2e0e0600fb	νυνι δε αδελφοι εαν ελθω προς υμας γλωσσαις λαλων τι υμας ωφελησω εαν μη υμιν λαλησω η εν αποκαλυψει η εν γνωσει η εν προφητεια η εν διδαχη
2e0e0700f5	ομως τα αψυχα φωνην διδοντα ειτε αυλος ειτε κιθαρα εαν διαστολην τοις φθογγοις μη δω πως γνωσθησεται το αυλουμενον η το κιθαριζομενον
2e0e08007a	και γαρ εαν αδηλον φωνην σαλπιγξ δω τις παρασκευασεται εις πολεμον
2e0e0900d7	ουτως και υμεις δια της γλωσσης εαν μη ευσημον λογον δωτε πως γνωσθησεται το λαλουμενον εσεσθε γαρ εις αερα λαλουντες
2e0e0a007f	τοσαυτα ει τυχοι γενη φωνων εστιν εν κοσμω και ουδεν {VAR1: αυτων} αφωνον
2e0e0b00ab	εαν ουν μη ειδω την δυναμιν της φωνης εσομαι τω λαλουντι βαρβαρος και ο λαλων εν εμοι βαρβαρος
2e0e0c00ba	ουτως και υμεις επει ζηλωται εστε πνευματων προς την οικοδομην της εκκλησιας ζητειτε ινα περισσευητε
2e0e0d005a	διοπερ ο λαλων γλωσση προσευχεσθω ινα διερμηνευη
2e0e0e0093	εαν γαρ προσευχωμαι γλωσση το πνευμα μου προσευχεται ο δε νους μου ακαρπος εστιν
2e0e0f00b2	τι ουν εστιν προσευξομαι τω πνευματι προσευξομαι δε και τω νοι ψαλω τω πνευματι ψαλω δε και τω νοι
2e0e1000eb	επει εαν ευλογησης τω πνευματι ο αναπληρων τον τοπον του ιδιωτου πως ερει το αμην επι τη ση ευχαριστια επειδη τι λεγεις ουκ οιδεν
2e0e11006b	συ μεν γαρ καλως ευχαριστεις αλλ ο ετερος ουκ οικοδομειται
2e0e120064	ευχαριστω τω θεω μου παντων υμων μαλλον γλωσσαις λαλων
2e0e1300c7	αλλ εν εκκλησια θελω πεντε λογους δια του νοος μου λαλησαι ινα και αλλους κατηχησω η μυριους λογους εν γλωσση
2e0e1400aa	αδελφοι μη παιδια γινεσθε ταις φρεσιν αλλα τη κακια νηπιαζετε ταις δε φρεσιν τελειοι γινεσθε
2e0e1500ef	εν τω νομω γεγραπται οτι εν ετερογλωσσοις και εν χειλεσιν ετεροις λαλησω τω λαω τουτω και ουδ ουτως εισακουσονται μου λεγει κυριος
2e0e1600e8	ωστε αι γλωσσαι εις σημειον εισιν ου τοις πιστευουσιν αλλα τοις απιστοις η δε προφητεια ου τοις απιστοις αλλα τοις πιστευουσιν
2e0e1700e9	εαν ουν συνελθη η εκκλησια ολη επι το αυτο και παντες γλωσσαις λαλωσιν εισελθωσιν δε ιδιωται η απιστοι ουκ ερουσιν οτι μαινεσθε
2e0e1800bf	εαν δε παντες προφητευωσιν εισελθη δε τις απιστος η ιδιωτης ελεγχεται υπο παντων ανακρινεται υπο παντων
2e0e190104	και ουτως τα κρυπτα της καρδιας αυτου φανερα γινεται και ουτως πεσων επι προσωπον προσκυνησει τω θεω απαγγελλων οτι ο θεος οντως εν υμιν εστιν
2e0e1a0111	τι ουν εστιν αδελφοι οταν συνερχησθε εκαστος υμων ψαλμον εχει διδαχην εχει γλωσσαν εχει αποκαλυψιν εχει ερμηνειαν εχει παντα προς οικοδομην γενεσθω
2e0e1b009b	ειτε γλωσση τις λαλει κατα δυο η το πλειστον τρεις και ανα μερος και εις διερμηνευετω
2e0e1c0081	εαν δε μη η διερμηνευτης σιγατω εν εκκλησια εαυτω δε λαλειτω και τω θεω
2e0e1d0071	προφηται δε δυο η τρεις λαλειτωσαν και οι αλλοι διακρινετωσαν
2e0e1e0057	εαν δε αλλω αποκαλυφθη καθημενω ο πρωτος σιγατω
2e0e1f009d	δυνασθε γαρ καθ ενα παντες προφητευειν ινα παντες μανθανωσιν και παντες παρακαλωνται
2e0e200052	και πνευματα προφητων προφηταις υποτασσεται
2e0e210098	ου γαρ εστιν ακαταστασιας ο θεος αλλ ειρηνης ως εν πασαις ταις εκκλησιαις των αγιων
2e0e2200de	αι γυναικες υμων εν ταις εκκλησιαις σιγατωσαν ου γαρ επιτετραπται αυταις λαλειν αλλ υποτασσεσθαι καθως και ο νομος λεγει
2e0e2300cb	ει δε τι μαθειν θελουσιν εν οικω τους ιδιους ανδρας επερωτατωσαν αισχρον γαρ εστιν γυναιξιν εν εκκλησια λαλειν
2e0e240072	η αφ υμων ο λογος του θεου εξηλθεν η εις υμας μονους κατηντησεν
2e0e2500b1	ει τις δοκει προφητης ειναι η πνευματικος επιγινωσκετω α γραφω υμιν οτι του κυριου εισιν εντολαι
2e0e26002e	ει δε τις αγνοει αγνοειτω
2e0e270080	ωστε αδελφοι ζηλουτε το προφητευειν και το λαλειν γλωσσαις μη κωλυετε
2e0e280049	παντα ευσχημονως και κατα ταξιν γινεσθω
2e0f0100ab	γνωριζω δε υμιν αδελφοι το ευαγγελιον ο ευηγγελισαμην υμιν ο και παρελαβετε εν ω και εστηκατε
2e0f0200a0	δι ου και σωζεσθε τινι λογω ευηγγελισαμην υμιν ει κατεχετε εκτος ει μη εικη επιστευσατε
2e0f0300bf	παρεδωκα γαρ υμιν εν πρωτοις ο και παρελαβον οτι χριστος απεθανεν υπερ των αμαρτιων ημων κατα τας γραφας
2e0f040071	και οτι εταφη και οτι εγηγερται τη τριτη ημερα κατα τας γραφας
2e0f05003e	και οτι ωφθη κηφα ειτα τοις δωδεκα
2e0f0600c4	επειτα ωφθη επανω πεντακοσιοις αδελφοις εφαπαξ εξ ων οι πλειους μενουσιν εως αρτι τινες δε και εκοιμηθησαν
2e0f070054	επειτα ωφθη ιακωβω ειτα τοις αποστολοις πασιν
2e0f08005b	εσχατον δε παντων ωσπερει τω εκτρωματι ωφθη καμοι
2e0f0900d0	εγω γαρ ειμι ο ελαχιστος των αποστολων ος ουκ ειμι ικανος καλεισθαι αποστολος διοτι εδιωξα την εκκλησιαν του θεου
2e0f0a0113	χαριτι δε θεου ειμι ο ειμι και η χαρις αυτου η εις εμε ου κενη εγενηθη αλλα περισσοτερον αυτων παντων εκοπιασα ουκ εγω δε αλλ η χαρις του θεου η συν εμοι
2e0f0b0077	ειτε ουν εγω ειτε εκεινοι ουτως κηρυσσομεν και ουτως επιστευσατε
2e0f0c00c3	ει δε χριστος κηρυσσεται οτι εκ νεκρων εγηγερται πως λεγουσιν τινες εν υμιν οτι αναστασις νεκρων ουκ εστιν
2e0f0d0066	ει δε αναστασις νεκρων ουκ εστιν ουδε χριστος εγηγερται
2e0f0e008f	ει δε χριστος ουκ εγηγερται κενον αρα το κηρυγμα ημων κενη δε και η πιστις υμων
2e0f0f010a	ευρισκομεθα δε και ψευδομαρτυρες του θεου οτι εμαρτυρησαμεν κατα του θεου οτι ηγειρεν τον χριστον ον ουκ ηγειρεν ειπερ αρα νεκροι ουκ εγειρονται
2e0f10005f	ει γαρ νεκροι ουκ εγειρονται ουδε χριστος εγηγερται
2e0f110092	ει δε χριστος ουκ εγηγερται ματαια η πιστις υμων ετι εστε εν ταις αμαρτιαις υμων
2e0f12004c	αρα και οι κοιμηθεντες εν χριστω απωλοντο
2e0f13009d	ει εν τη ζωη ταυτη ηλπικοτες εσμεν εν χριστω μονον ελεεινοτεροι παντων ανθρωπων εσμεν
2e0f14007d	νυνι δε χριστος εγηγερται εκ νεκρων απαρχη των κεκοιμημενων εγενετο
2e0f150078	επειδη γαρ δι ανθρωπου ο θανατος και δι ανθρωπου αναστασις νεκρων
2e0f1600a1	ωσπερ γαρ εν τω αδαμ παντες αποθνησκουσιν ουτως και εν τω χριστω παντες ζωοποιηθησονται
2e0f170098	εκαστος δε εν τω ιδιω ταγματι απαρχη χριστος επειτα οι χριστου εν τη παρουσια αυτου
2e0f1800d1	ειτα το τελος οταν παραδω την βασιλειαν τω θεω και πατρι οταν καταργηση πασαν αρχην και πασαν εξουσιαν και δυναμιν
2e0f190092	δει γαρ αυτον βασιλευειν αχρις ου αν θη παντας τους εχθρους υπο τους ποδας αυτου
2e0f1a0044	εσχατος εχθρος καταργειται ο θανατος
2e0f1b00dc	παντα γαρ υπεταξεν υπο τους ποδας αυτου οταν δε ειπη οτι παντα υποτετακται δηλον οτι εκτος του υποταξαντος αυτω τα παντα
2e0f1c00de	οταν δε υποταγη αυτω τα παντα τοτε και αυτος ο υιος υποταγησεται τω υποταξαντι αυτω τα παντα ινα η ο θεος τα παντα εν πασιν
2e0f1d00d4	επει τι ποιησουσιν οι βαπτιζομενοι υπερ των νεκρων ει ολως νεκροι ουκ εγειρονται τι και βαπτιζονται υπερ των νεκρων
2e0f1e0043	τι και ημεις κινδυνευομεν πασαν ωραν
2e0f1f00b7	καθ ημεραν αποθνησκω νη την {VAR1: ημετεραν} {VAR2: υμετεραν} καυχησιν ην εχω εν χριστω ιησου τω κυριω ημων
2e0f2000e3	ει κατα ανθρωπον εθηριομαχησα εν εφεσω τι μοι το οφελος ει νεκροι ουκ εγειρονται φαγωμεν και πιωμεν αυριον γαρ αποθνησκομεν
2e0f210056	μη πλανασθε φθειρουσιν ηθη χρησθ ομιλιαι κακαι
2e0f2200a7	εκνηψατε δικαιως και μη αμαρτανετε αγνωσιαν γαρ θεου τινες εχουσιν προς εντροπην υμιν λεγω
2e0f230070	αλλ ερει τις πως εγειρονται οι νεκροι ποιω δε σωματι ερχονται
2e0f24005a	αφρον συ ο σπειρεις ου ζωοποιειται εαν μη αποθανη
2e0f2500ba	και ο σπειρεις ου το σωμα το γενησομενον σπειρεις αλλα γυμνον κοκκον ει τυχοι σιτου η τινος των λοιπων
2e0f260094	ο δε θεος αυτω διδωσιν σωμα καθως ηθελησεν και εκαστω των σπερματων το ιδιον σωμα
2e0f2700b8	ου πασα σαρξ η αυτη σαρξ αλλα αλλη μεν σαρξ ανθρωπων αλλη δε σαρξ κτηνων αλλη δε ιχθυων αλλη δε πτηνων
2e0f2800b5	και σωματα επουρανια και σωματα επιγεια αλλ ετερα μεν η των επουρανιων δοξα ετερα δε η των επιγειων
2e0f2900ac	αλλη δοξα ηλιου και αλλη δοξα σεληνης και αλλη δοξα αστερων αστηρ γαρ αστερος διαφερει εν δοξη
2e0f2a0087	ουτως και η αναστασις των νεκρων σπειρεται εν φθορα εγειρεται εν αφθαρσια
2e0f2b0095	σπειρεται εν ατιμια εγειρεται εν δοξη σπειρεται εν ασθενεια εγειρεται εν δυναμει
2e0f2c00b2	σπειρεται σωμα ψυχικον εγειρεται σωμα πνευματικον εστιν σωμα ψυχικον και εστιν σωμα πνευματικον
2e0f2d00bc	ουτως και γεγραπται εγενετο ο πρωτος ανθρωπος αδαμ εις ψυχην ζωσαν ο εσχατος αδαμ εις πνευμα ζωοποιουν
2e0f2e007a	αλλ ου πρωτον το πνευματικον αλλα το ψυχικον επειτα το πνευματικον
2e0f2f0082	ο πρωτος ανθρωπος εκ γης χοικος ο δευτερος ανθρωπος ο κυριος εξ ουρανου
2e0f30009c	οιος ο χοικος τοιουτοι και οι χοικοι και οιος ο επουρανιος τοιουτοι και οι επουρανιοι
2e0f310098	και καθως εφορεσαμεν την εικονα του χοικου φορεσομεν και την εικονα του επουρανιου
2e0f3200d8	τουτο δε φημι αδελφοι οτι σαρξ και αιμα βασιλειαν θεου κληρονομησαι ου δυνανται ουδε η φθορα την αφθαρσιαν κληρονομει
2e0f33008c	ιδου μυστηριον υμιν λεγω παντες μεν ου κοιμηθησομεθα παντες δε αλλαγησομεθα
2e0f3400dc	εν ατομω εν ριπη οφθαλμου εν τη εσχατη σαλπιγγι σαλπισει γαρ και οι νεκροι εγερθησονται αφθαρτοι και ημεις αλλαγησομεθα
2e0f3500a0	δει γαρ το φθαρτον τουτο ενδυσασθαι αφθαρσιαν και το θνητον τουτο ενδυσασθαι αθανασιαν
2e0f360115	οταν δε το φθαρτον τουτο ενδυσηται αφθαρσιαν και το θνητον τουτο ενδυσηται αθανασιαν τοτε γενησεται ο λογος ο γεγραμμενος κατεποθη ο θανατος εις νικος
2e0f370053	που σου θανατε το κεντρον που σου αδη το νικος
2e0f38007d	το δε κεντρον του θανατου η αμαρτια η δε δυναμις της αμαρτιας ο νομος
2e0f390086	τω δε θεω χαρις τω διδοντι ημιν το νικος δια του κυριου ημων ιησου χριστου
2e0f3a0111	ωστε αδελφοι μου αγαπητοι εδραιοι γινεσθε αμετακινητοι περισσευοντες εν τω εργω του κυριου παντοτε ειδοτες οτι ο κοπος υμων ουκ εστιν κενος εν κυριω
2e100100c3	περι δε της λογιας της εις τους αγιους ωσπερ διεταξα ταις εκκλησιαις της γαλατιας ουτως και υμεις ποιησατε
2e100200d1	κατα μιαν σαββατων εκαστος υμων παρ εαυτω τιθετω θησαυριζων ο τι αν ευοδωται ινα μη οταν ελθω τοτε λογιαι γινωνται
2e100300c5	οταν δε παραγενωμαι ους εαν δοκιμασητε δι επιστολων τουτους πεμψω απενεγκειν την χαριν υμων εις ιερουσαλημ
2e10040065	εαν δε η αξιον του καμε πορευεσθαι συν εμοι πορευσονται
2e10050083	ελευσομαι δε προς υμας οταν μακεδονιαν διελθω μακεδονιαν γαρ διερχομαι
2e1006009e	προς υμας δε τυχον παραμενω η και παραχειμασω ινα υμεις με προπεμψητε ου εαν πορευωμαι
2e100700b8	ου θελω γαρ υμας αρτι εν παροδω ιδειν ελπιζω δε χρονον τινα επιμειναι προς υμας εαν ο κυριος επιτρεπη
2e10080048	επιμενω δε εν εφεσω εως της πεντηκοστης
2e10090075	θυρα γαρ μοι ανεωγεν μεγαλη και ενεργης και αντικειμενοι πολλοι
2e100a00b3	εαν δε ελθη τιμοθεος βλεπετε ινα αφοβως γενηται προς υμας το γαρ εργον κυριου εργαζεται ως και εγω
2e100b00cb	μη τις ουν αυτον εξουθενηση προπεμψατε δε αυτον εν ειρηνη ινα ελθη προς με εκδεχομαι γαρ αυτον μετα των αδελφων
2e100c0114	περι δε απολλω του αδελφου πολλα παρεκαλεσα αυτον ινα ελθη προς υμας μετα των αδελφων και παντως ουκ ην θελημα ινα νυν ελθη ελευσεται δε οταν ευκαιρηση
2e100d0066	γρηγορειτε στηκετε εν τη πιστει ανδριζεσθε κραταιουσθε
2e100e0032	παντα υμων εν αγαπη γινεσθω
2e100f00e3	παρακαλω δε υμας αδελφοι οιδατε την οικιαν στεφανα οτι εστιν απαρχη της αχαιας και εις διακονιαν τοις αγιοις εταξαν εαυτους
2e10100091	ινα και υμεις υποτασσησθε τοις τοιουτοις και παντι τω συνεργουντι και κοπιωντι
2e101100b9	χαιρω δε επι τη παρουσια στεφανα και φουρτουνατου και αχαικου οτι το υμων υστερημα ουτοι ανεπληρωσαν
2e10120085	ανεπαυσαν γαρ το εμον πνευμα και το υμων επιγινωσκετε ουν τους τοιουτους
2e101300e1	ασπαζονται υμας αι εκκλησιαι της ασιας ασπαζονται υμας εν κυριω πολλα ακυλας και πρισκιλλα συν τη κατ οικον αυτων εκκλησια
2e10140081	ασπαζονται υμας οι αδελφοι παντες ασπασασθε αλληλους εν φιληματι αγιω
2e10150037	ο ασπασμος τη εμη χειρι παυλου
2e10160073	ει τις ου φιλει τον κυριον ιησουν χριστον ητω αναθεμα μαραν αθα
2e1017004b	η χαρις του κυριου ιησου χριστου μεθ υμων
2e1018010d	η αγαπη μου μετα παντων υμων εν χριστω ιησου αμην [προς κορινθιους πρωτη εγραφη απο φιλιππων δια στεφανα και φουρτουνατου και αχαικου και τιμοθεου]
2f00000022	Προς Κορινθιους Β΄
2f01010126	παυλος αποστολος ιησου χριστου δια θεληματος θεου και τιμοθεος ο αδελφος τη εκκλησια του θεου τη ουση εν κορινθω συν τοις αγιοις πασιν τοις ουσιν εν ολη τη αχαια
2f0102007b	χαρις υμιν και ειρηνη απο θεου πατρος ημων και κυριου ιησου χριστου
2f010300c1	ευλογητος ο θεος και πατηρ του κυριου ημων ιησου χριστου ο πατηρ των οικτιρμων και θεος πασης παρακλησεως
2f0104010f	ο παρακαλων ημας επι παση τη θλιψει ημων εις το δυνασθαι ημας παρακαλειν τους εν παση θλιψει δια της παρακλησεως ης παρακαλουμεθα αυτοι υπο του θεου
2f010500c0	οτι καθως περισσευει τα παθηματα του χριστου εις ημας ουτως δια χριστου περισσευει και η παρακλησις ημων
2f01060192	ειτε δε θλιβομεθα υπερ της υμων παρακλησεως και σωτηριας της ενεργουμενης εν υπομονη των αυτων παθηματων ων και ημεις πασχομεν ειτε παρακαλουμεθα υπερ της υμων παρακλησεως και σωτηριας και η ελπις ημων βεβαια υπερ υμων
2f01070084	ειδοτες οτι ωσπερ κοινωνοι εστε των παθηματων ουτως και της παρακλησεως
2f0108012d	ου γαρ θελομεν υμας αγνοειν αδελφοι υπερ της θλιψεως ημων της γενομενης ημιν εν τη ασια οτι καθ υπερβολην εβαρηθημεν υπερ δυναμιν ωστε εξαπορηθηναι ημας και του ζην
2f010900ee	αλλα αυτοι εν εαυτοις το αποκριμα του θανατου εσχηκαμεν ινα μη πεποιθοτες ωμεν εφ εαυτοις αλλ επι τω θεω τω εγειροντι τους νεκρους
2f010a009e	ος εκ τηλικουτου θανατου ερρυσατο ημας και ρυεται εις ον ηλπικαμεν οτι και ετι ρυσεται
2f010b00dd	συνυπουργουντων και υμων υπερ ημων τη δεησει ινα εκ πολλων προσωπων το εις ημας χαρισμα δια πολλων ευχαριστηθη υπερ ημων
2f010c0160	η γαρ καυχησις ημων αυτη εστιν το μαρτυριον της συνειδησεως ημων οτι εν απλοτητι και ειλικρινεια θεου ουκ εν σοφια σαρκικη αλλ εν χαριτι θεου ανεστραφημεν εν τω κοσμω περισσοτερως δε προς υμας
2f010d00c2	ου γαρ αλλα γραφομεν υμιν αλλ η α αναγινωσκετε η και επιγινωσκετε ελπιζω δε οτι και εως τελους επιγνωσεσθε
2f010e00c7	καθως και επεγνωτε ημας απο μερους οτι καυχημα υμων εσμεν καθαπερ και υμεις ημων εν τη ημερα του κυριου ιησου
2f010f009c	και ταυτη τη πεποιθησει εβουλομην προς υμας ελθειν προτερον ινα δευτεραν χαριν εχητε
2f011000db	και δι υμων διελθειν εις μακεδονιαν και παλιν απο μακεδονιας ελθειν προς υμας και υφ υμων προπεμφθηναι εις την ιουδαιαν
2f011100e9	τουτο ουν βουλευομενος μη τι αρα τη ελαφρια εχρησαμην η α βουλευομαι κατα σαρκα βουλευομαι ινα η παρ εμοι το ναι ναι και το ου ου
2f01120079	πιστος δε ο θεος οτι ο λογος ημων ο προς υμας ουκ εγενετο ναι και ου
2f01130106	ο γαρ του θεου υιος ιησους χριστος ο εν υμιν δι ημων κηρυχθεις δι εμου και σιλουανου και τιμοθεου ουκ εγενετο ναι και ου αλλα ναι εν αυτω γεγονεν
2f01140098	οσαι γαρ επαγγελιαι θεου εν αυτω το ναι και εν αυτω το αμην τω θεω προς δοξαν δι ημων
2f0115006b	ο δε βεβαιων ημας συν υμιν εις χριστον και χρισας ημας θεος
2f01160097	ο και σφραγισαμενος ημας και δους τον αρραβωνα του πνευματος εν ταις καρδιαις ημων
2f011700b8	εγω δε μαρτυρα τον θεον επικαλουμαι επι την εμην ψυχην οτι φειδομενος υμων ουκετι ηλθον εις κορινθον
2f011800ab	ουχ οτι κυριευομεν υμων της πιστεως αλλα συνεργοι εσμεν της χαρας υμων τη γαρ πιστει εστηκατε
2f0201006b	εκρινα δε εμαυτω τουτο το μη παλιν ελθειν εν λυπη προς υμας
2f02020088	ει γαρ εγω λυπω υμας και τις εστιν ο ευφραινων με ει μη ο λυπουμενος εξ εμου
2f020300e9	και εγραψα υμιν τουτο αυτο ινα μη ελθων λυπην εχω αφ ων εδει με χαιρειν πεποιθως επι παντας υμας οτι η εμη χαρα παντων υμων εστιν
2f02040108	εκ γαρ πολλης θλιψεως και συνοχης καρδιας εγραψα υμιν δια πολλων δακρυων ουχ ινα λυπηθητε αλλα την αγαπην ινα γνωτε ην εχω περισσοτερως εις υμας
2f02050090	ει δε τις λελυπηκεν ουκ εμε λελυπηκεν αλλ απο μερους ινα μη επιβαρω παντας υμας
2f0206005f	ικανον τω τοιουτω η επιτιμια αυτη η υπο των πλειονων
2f020700bb	ωστε τουναντιον μαλλον υμας χαρισασθαι και παρακαλεσαι μηπως τη περισσοτερα λυπη καταποθη ο τοιουτος
2f0208004e	διο παρακαλω υμας κυρωσαι εις αυτον αγαπην
2f02090088	εις τουτο γαρ και εγραψα ινα γνω την δοκιμην υμων ει εις παντα υπηκοοι εστε
2f020a00aa	ω δε τι χαριζεσθε και εγω και γαρ εγω ει τι κεχαρισμαι ω κεχαρισμαι δι υμας εν προσωπω χριστου
2f020b0081	ινα μη πλεονεκτηθωμεν υπο του σατανα ου γαρ αυτου τα νοηματα αγνοουμεν
2f020c009f	ελθων δε εις την τρωαδα εις το ευαγγελιον του χριστου και θυρας μοι ανεωγμενης εν κυριω
2f020d00db	ουκ εσχηκα ανεσιν τω πνευματι μου τω μη ευρειν με τιτον τον αδελφον μου αλλα αποταξαμενος αυτοις εξηλθον εις μακεδονιαν
2f020e00de	τω δε θεω χαρις τω παντοτε θριαμβευοντι ημας εν τω χριστω και την οσμην της γνωσεως αυτου φανερουντι δι ημων εν παντι τοπω
2f020f008a	οτι χριστου ευωδια εσμεν τω θεω εν τοις σωζομενοις και εν τοις απολλυμενοις
2f02100098	οις μεν οσμη θανατου εις θανατον οις δε οσμη ζωης εις ζωην και προς ταυτα τις ικανος
2f021100f4	ου γαρ εσμεν ως οι πολλοι καπηλευοντες τον λογον του θεου αλλ ως εξ ειλικρινειας αλλ ως εκ θεου κατενωπιον του θεου εν χριστω λαλουμεν
2f030100df	αρχομεθα παλιν εαυτους συνιστανειν {VAR1: ει} {VAR2: η} μη χρηζομεν ως τινες συστατικων επιστολων προς υμας η εξ υμων συστατικων
2f030200d1	η επιστολη ημων υμεις εστε εγγεγραμμενη εν ταις καρδιαις ημων γινωσκομενη και αναγινωσκομενη υπο παντων ανθρωπων
2f0303012f	φανερουμενοι οτι εστε επιστολη χριστου διακονηθεισα υφ ημων εγγεγραμμενη ου μελανι αλλα πνευματι θεου ζωντος ουκ εν πλαξιν λιθιναις αλλ εν πλαξιν καρδιας σαρκιναις
2f0304006d	πεποιθησιν δε τοιαυτην εχομεν δια του χριστου προς τον θεον
2f030500a1	ουχ οτι ικανοι εσμεν αφ εαυτων λογισασθαι τι ως εξ εαυτων αλλ η ικανοτης ημων εκ του θεου
2f030600e0	ος και ικανωσεν ημας διακονους καινης διαθηκης ου γραμματος αλλα πνευματος το γαρ γραμμα αποκτεινει το δε πνευμα ζωοποιει
2f0307016c	ει δε η διακονια του θανατου εν γραμμασιν εντετυπωμενη εν λιθοις εγενηθη εν δοξη ωστε μη δυνασθαι ατενισαι τους υιους ισραηλ εις το προσωπον μωσεως δια την δοξαν του προσωπου αυτου την καταργουμενην
2f03080063	πως ουχι μαλλον η διακονια του πνευματος εσται εν δοξη
2f030900b3	ει γαρ η διακονια της κατακρισεως δοξα πολλω μαλλον περισσευει η διακονια της δικαιοσυνης εν δοξη
2f030a00a3	και γαρ ουδε δεδοξασται το δεδοξασμενον εν τουτω τω μερει ενεκεν της υπερβαλλουσης δοξης
2f030b0073	ει γαρ το καταργουμενον δια δοξης πολλω μαλλον το μενον εν δοξη
2f030c005e	εχοντες ουν τοιαυτην ελπιδα πολλη παρρησια χρωμεθα
2f030d00e9	και ου καθαπερ μωσης ετιθει καλυμμα επι το προσωπον εαυτου προς το μη ατενισαι τους υιους ισραηλ εις το τελος του καταργουμενου
2f030e011d	αλλ επωρωθη τα νοηματα αυτων αχρι γαρ της σημερον το αυτο καλυμμα επι τη αναγνωσει της παλαιας διαθηκης μενει μη ανακαλυπτομενον ο τι εν χριστω καταργειται
2f030f0091	αλλ εως σημερον ηνικα αναγινωσκεται μωσης καλυμμα επι την καρδιαν αυτων κειται
2f03100068	ηνικα δ αν επιστρεψη προς κυριον περιαιρειται το καλυμμα
2f03110076	ο δε κυριος το πνευμα εστιν ου δε το πνευμα κυριου εκει ελευθερια
2f0312011c	ημεις δε παντες ανακεκαλυμμενω προσωπω την δοξαν κυριου κατοπτριζομενοι την αυτην εικονα μεταμορφουμεθα απο δοξης εις δοξαν καθαπερ απο κυριου πνευματος
2f04010081	δια τουτο εχοντες την διακονιαν ταυτην καθως ηλεηθημεν ουκ εκκακουμεν
2f04020173	αλλ απειπαμεθα τα κρυπτα της αισχυνης μη περιπατουντες εν πανουργια μηδε δολουντες τον λογον του θεου αλλα τη φανερωσει της αληθειας συνιστωντες εαυτους προς πασαν συνειδησιν ανθρωπων ενωπιον του θεου
2f040300a2	ει δε και εστιν κεκαλυμμενον το ευαγγελιον ημων εν τοις απολλυμενοις εστιν κεκαλυμμενον
2f04040129	εν οις ο θεος του αιωνος τουτου ετυφλωσεν τα νοηματα των απιστων εις το μη αυγασαι αυτοις τον φωτισμον του ευαγγελιου της δοξης του χριστου ος εστιν εικων του θεου
2f040500a1	ου γαρ εαυτους κηρυσσομεν αλλα χριστον ιησουν κυριον εαυτους δε δουλους υμων δια ιησουν
2f04060104	οτι ο θεος ο ειπων εκ σκοτους φως λαμψαι ος ελαμψεν εν ταις καρδιαις ημων προς φωτισμον της γνωσεως της δοξης του θεου εν προσωπω ιησου χριστου
2f040700c3	εχομεν δε τον θησαυρον τουτον εν οστρακινοις σκευεσιν ινα η υπερβολη της δυναμεως η του θεου και μη εξ ημων
2f0408008f	εν παντι θλιβομενοι αλλ ου στενοχωρουμενοι απορουμενοι αλλ ουκ εξαπορουμενοι
2f04090085	διωκομενοι αλλ ουκ εγκαταλειπομενοι καταβαλλομενοι αλλ ουκ απολλυμενοι
2f040a00d0	παντοτε την νεκρωσιν του κυριου ιησου εν τω σωματι περιφεροντες ινα και η ζωη του ιησου εν τω σωματι ημων φανερωθη
2f040b00d1	αει γαρ ημεις οι ζωντες εις θανατον παραδιδομεθα δια ιησουν ινα και η ζωη του ιησου φανερωθη εν τη θνητη σαρκι ημων
2f040c0061	ωστε ο μεν θανατος εν ημιν ενεργειται η δε ζωη εν υμιν
2f040d00d8	εχοντες δε το αυτο πνευμα της πιστεως κατα το γεγραμμενον επιστευσα διο ελαλησα και ημεις πιστευομεν διο και λαλουμεν
2f040e00a3	ειδοτες οτι ο εγειρας τον κυριον ιησουν και ημας δια ιησου εγερει και παραστησει συν υμιν
2f040f00c9	τα γαρ παντα δι υμας ινα η χαρις πλεονασασα δια των πλειονων την ευχαριστιαν περισσευση εις την δοξαν του θεου
2f041000bf	διο ουκ εκκακουμεν αλλ ει και ο εξω ημων ανθρωπος διαφθειρεται αλλ ο εσωθεν ανακαινουται ημερα και ημερα
2f041100c7	το γαρ παραυτικα ελαφρον της θλιψεως ημων καθ υπερβολην εις υπερβολην αιωνιον βαρος δοξης κατεργαζεται ημιν
2f041200c1	μη σκοπουντων ημων τα βλεπομενα αλλα τα μη βλεπομενα τα γαρ βλεπομενα προσκαιρα τα δε μη βλεπομενα αιωνια
2f050100f6	οιδαμεν γαρ οτι εαν η επιγειος ημων οικια του σκηνους καταλυθη οικοδομην εκ θεου εχομεν οικιαν αχειροποιητον αιωνιον εν τοις ουρανοις
2f050200a0	και γαρ εν τουτω στεναζομεν το οικητηριον ημων το εξ ουρανου επενδυσασθαι επιποθουντες
2f05030051	ειγε και ενδυσαμενοι ου γυμνοι ευρεθησομεθα
2f0504010d	και γαρ οι οντες εν τω σκηνει στεναζομεν βαρουμενοι {VAR1: επειδη} {VAR2: εφ ω} ου θελομεν εκδυσασθαι αλλ επενδυσασθαι ινα καταποθη το θνητον υπο της ζωης
2f0505009f	ο δε κατεργασαμενος ημας εις αυτο τουτο θεος ο και δους ημιν τον αρραβωνα του πνευματος
2f050600a5	θαρρουντες ουν παντοτε και ειδοτες οτι ενδημουντες εν τω σωματι εκδημουμεν απο του κυριου
2f0507004e	δια πιστεως γαρ περιπατουμεν ου δια ειδους
2f050800a5	θαρρουμεν δε και ευδοκουμεν μαλλον εκδημησαι εκ του σωματος και ενδημησαι προς τον κυριον
2f0509008f	διο και φιλοτιμουμεθα ειτε ενδημουντες ειτε εκδημουντες ευαρεστοι αυτω ειναι
2f050a0112	τους γαρ παντας ημας φανερωθηναι δει εμπροσθεν του βηματος του χριστου ινα κομισηται εκαστος τα δια του σωματος προς α επραξεν ειτε αγαθον ειτε κακον
2f050b00e6	ειδοτες ουν τον φοβον του κυριου ανθρωπους πειθομεν θεω δε πεφανερωμεθα ελπιζω δε και εν ταις συνειδησεσιν υμων πεφανερωσθαι
2f050c0108	ου γαρ παλιν εαυτους συνιστανομεν υμιν αλλα αφορμην διδοντες υμιν καυχηματος υπερ ημων ινα εχητε προς τους εν προσωπω καυχωμενους και ου καρδια
2f050d0052	ειτε γαρ εξεστημεν θεω ειτε σωφρονουμεν υμιν
2f050e00c4	η γαρ αγαπη του χριστου συνεχει ημας κριναντας τουτο οτι ει εις υπερ παντων απεθανεν αρα οι παντες απεθανον
2f050f00be	και υπερ παντων απεθανεν ινα οι ζωντες μηκετι εαυτοις ζωσιν αλλα τω υπερ αυτων αποθανοντι και εγερθεντι
2f051000d1	ωστε ημεις απο του νυν ουδενα οιδαμεν κατα σαρκα ει δε και εγνωκαμεν κατα σαρκα χριστον αλλα νυν ουκετι γινωσκομεν
2f05110094	ωστε ει τις εν χριστω καινη κτισις τα αρχαια παρηλθεν ιδου γεγονεν καινα τα παντα
2f051200d3	τα δε παντα εκ του θεου του καταλλαξαντος ημας εαυτω δια ιησου χριστου και δοντος ημιν την διακονιαν της καταλλαγης
2f051300fc	ως οτι θεος ην εν χριστω κοσμον καταλλασσων εαυτω μη λογιζομενος αυτοις τα παραπτωματα αυτων και θεμενος εν ημιν τον λογον της καταλλαγης
2f051400bd	υπερ χριστου ουν πρεσβευομεν ως του θεου παρακαλουντος δι ημων δεομεθα υπερ χριστου καταλλαγητε τω θεω
2f051500b3	τον γαρ μη γνοντα αμαρτιαν υπερ ημων αμαρτιαν εποιησεν ινα ημεις γινωμεθα δικαιοσυνη θεου εν αυτω
2f06010090	συνεργουντες δε και παρακαλουμεν μη εις κενον την χαριν του θεου δεξασθαι υμας
2f060200e1	λεγει γαρ καιρω δεκτω επηκουσα σου και εν ημερα σωτηριας εβοηθησα σοι ιδου νυν καιρος ευπροσδεκτος ιδου νυν ημερα σωτηριας
2f06030073	μηδεμιαν εν μηδενι διδοντες προσκοπην ινα μη μωμηθη η διακονια
2f060400c4	αλλ εν παντι συνιστωντες εαυτους ως θεου διακονοι εν υπομονη πολλη εν θλιψεσιν εν αναγκαις εν στενοχωριαις
2f0605008d	εν πληγαις εν φυλακαις εν ακαταστασιαις εν κοποις εν αγρυπνιαις εν νηστειαις
2f0606009f	εν αγνοτητι εν γνωσει εν μακροθυμια εν χρηστοτητι εν πνευματι αγιω εν αγαπη ανυποκριτω
2f060700a0	εν λογω αληθειας εν δυναμει θεου δια των οπλων της δικαιοσυνης των δεξιων και αριστερων
2f06080081	δια δοξης και ατιμιας δια δυσφημιας και ευφημιας ως πλανοι και αληθεις
2f060900bf	ως αγνοουμενοι και επιγινωσκομενοι ως αποθνησκοντες και ιδου ζωμεν ως παιδευομενοι και μη θανατουμενοι
2f060a00bd	ως λυπουμενοι αει δε χαιροντες ως πτωχοι πολλους δε πλουτιζοντες ως μηδεν εχοντες και παντα κατεχοντες
2f060b007c	το στομα ημων ανεωγεν προς υμας κορινθιοι η καρδια ημων πεπλατυνται
2f060c0079	ου στενοχωρεισθε εν ημιν στενοχωρεισθε δε εν τοις σπλαγχνοις υμων
2f060d0071	την δε αυτην αντιμισθιαν ως τεκνοις λεγω πλατυνθητε και υμεις
2f060e00c1	μη γινεσθε ετεροζυγουντες απιστοις τις γαρ μετοχη δικαιοσυνη και ανομια τις δε κοινωνια φωτι προς σκοτος
2f060f0098	τις δε συμφωνησις χριστω προς {VAR1: βελιαρ} {VAR2: βελιαλ} η τις μερις πιστω μετα απιστου
2f0610014b	τις δε συγκαταθεσις ναω θεου μετα ειδωλων υμεις γαρ ναος θεου εστε ζωντος καθως ειπεν ο θεος οτι ενοικησω εν αυτοις και εμπεριπατησω και εσομαι αυτων θεος και αυτοι εσονται μοι λαος
2f061100bb	διο εξελθετε εκ μεσου αυτων και αφορισθητε λεγει κυριος και ακαθαρτου μη απτεσθε καγω εισδεξομαι υμας
2f061200b1	και εσομαι υμιν εις πατερα και υμεις εσεσθε μοι εις υιους και θυγατερας λεγει κυριος παντοκρατωρ
2f07010104	ταυτας ουν εχοντες τας επαγγελιας αγαπητοι καθαρισωμεν εαυτους απο παντος μολυσμου σαρκος και πνευματος επιτελουντες αγιωσυνην εν φοβω θεου
2f07020089	χωρησατε ημας ουδενα ηδικησαμεν ουδενα εφθειραμεν ουδενα επλεονεκτησαμεν
2f070300b4	ου προς κατακρισιν λεγω προειρηκα γαρ οτι εν ταις καρδιαις ημων εστε εις το συναποθανειν και συζην
2f070400f2	πολλη μοι παρρησια προς υμας πολλη μοι καυχησις υπερ υμων πεπληρωμαι τη παρακλησει υπερπερισσευομαι τη χαρα επι παση τη θλιψει ημων
2f070500e1	και γαρ ελθοντων ημων εις μακεδονιαν ουδεμιαν εσχηκεν ανεσιν η σαρξ ημων αλλ εν παντι θλιβομενοι εξωθεν μαχαι εσωθεν φοβοι
2f0706008a	αλλ ο παρακαλων τους ταπεινους παρεκαλεσεν ημας ο θεος εν τη παρουσια τιτου
2f07070146	ου μονον δε εν τη παρουσια αυτου αλλα και εν τη παρακλησει η παρεκληθη εφ υμιν αναγγελλων ημιν την υμων επιποθησιν τον υμων οδυρμον τον υμων ζηλον υπερ εμου ωστε με μαλλον χαρηναι
2f070800f6	οτι ει και ελυπησα υμας εν τη επιστολη ου μεταμελομαι ει και μετεμελομην βλεπω γαρ οτι η επιστολη εκεινη ει και προς ωραν ελυπησεν υμας
2f070900d3	νυν χαιρω ουχ οτι ελυπηθητε αλλ οτι ελυπηθητε εις μετανοιαν ελυπηθητε γαρ κατα θεον ινα εν μηδενι ζημιωθητε εξ ημων
2f070a00ce	η γαρ κατα θεον λυπη μετανοιαν εις σωτηριαν αμεταμελητον κατεργαζεται η δε του κοσμου λυπη θανατον κατεργαζεται
2f070b0197	ιδου γαρ αυτο τουτο το κατα θεον λυπηθηναι υμας ποσην κατειργασατο υμιν σπουδην αλλα απολογιαν αλλα αγανακτησιν αλλα φοβον αλλα επιποθησιν αλλα ζηλον αλλ εκδικησιν εν παντι συνεστησατε εαυτους αγνους ειναι εν τω πραγματι
2f070c0161	αρα ει και εγραψα υμιν ουχ εινεκεν του αδικησαντος ουδε εινεκεν του αδικηθεντος αλλ εινεκεν του φανερωθηναι την σπουδην {VAR1: υμων} {VAR2: ημων} την υπερ {VAR1: ημων} {VAR2: υμων} προς υμας ενωπιον του θεου
2f070d010a	δια τουτο παρακεκλημεθα επι τη παρακλησει υμων περισσοτερως δε μαλλον εχαρημεν επι τη χαρα τιτου οτι αναπεπαυται το πνευμα αυτου απο παντων υμων
2f070e0107	οτι ει τι αυτω υπερ υμων κεκαυχημαι ου κατησχυνθην αλλ ως παντα εν αληθεια ελαλησαμεν υμιν ουτως και η καυχησις ημων η επι τιτου αληθεια εγενηθη
2f070f00f1	και τα σπλαγχνα αυτου περισσοτερως εις υμας εστιν αναμιμνησκομενου την παντων υμων υπακοην ως μετα φοβου και τρομου εδεξασθε αυτον
2f07100049	χαιρω {VAR2: ουν} οτι εν παντι θαρρω εν υμιν
2f080100ac	γνωριζομεν δε υμιν αδελφοι την χαριν του θεου την δεδομενην εν ταις εκκλησιαις της μακεδονιας
2f080200fa	οτι εν πολλη δοκιμη θλιψεως η περισσεια της χαρας αυτων και η κατα βαθους πτωχεια αυτων επερισσευσεν εις τον πλουτον της απλοτητος αυτων
2f08030061	οτι κατα δυναμιν μαρτυρω και υπερ δυναμιν αυθαιρετοι
2f080400d1	μετα πολλης παρακλησεως δεομενοι ημων την χαριν και την κοινωνιαν της διακονιας της εις τους αγιους δεξασθαι ημας
2f0805009c	και ου καθως ηλπισαμεν αλλ εαυτους εδωκαν πρωτον τω κυριω και ημιν δια θεληματος θεου
2f080600ba	εις το παρακαλεσαι ημας τιτον ινα καθως προενηρξατο ουτως και επιτελεση εις υμας και την χαριν ταυτην
2f08070100	αλλ ωσπερ εν παντι περισσευετε πιστει και λογω και γνωσει και παση σπουδη και τη εξ υμων εν ημιν αγαπη ινα και εν ταυτη τη χαριτι περισσευητε
2f080800ab	ου κατ επιταγην λεγω αλλα δια της ετερων σπουδης και το της υμετερας αγαπης γνησιον δοκιμαζων
2f080900ec	γινωσκετε γαρ την χαριν του κυριου ημων ιησου χριστου οτι δι υμας επτωχευσεν πλουσιος ων ινα υμεις τη εκεινου πτωχεια πλουτησητε
2f080a00de	και γνωμην εν τουτω διδωμι τουτο γαρ υμιν συμφερει οιτινες ου μονον το ποιησαι αλλα και το θελειν προενηρξασθε απο περυσι
2f080b00c2	νυνι δε και το ποιησαι επιτελεσατε οπως καθαπερ η προθυμια του θελειν ουτως και το επιτελεσαι εκ του εχειν
2f080c0087	ει γαρ η προθυμια προκειται καθο εαν εχη τις ευπροσδεκτος ου καθο ουκ εχει
2f080d00cf	ου γαρ ινα αλλοις ανεσις υμιν δε θλιψις αλλ εξ ισοτητος εν τω νυν καιρω το υμων περισσευμα εις το εκεινων υστερημα
2f080e0090	ινα και το εκεινων περισσευμα γενηται εις το υμων υστερημα οπως γενηται ισοτης
2f080f0084	καθως γεγραπται ο το πολυ ουκ επλεονασεν και ο το ολιγον ουκ ηλαττονησεν
2f08100084	χαρις δε τω θεω τω διδοντι την αυτην σπουδην υπερ υμων εν τη καρδια τιτου
2f0811009d	οτι την μεν παρακλησιν εδεξατο σπουδαιοτερος δε υπαρχων αυθαιρετος εξηλθεν προς υμας
2f081200a5	συνεπεμψαμεν δε μετ αυτου τον αδελφον ου ο επαινος εν τω ευαγγελιω δια πασων των εκκλησιων
2f0813012b	ου μονον δε αλλα και χειροτονηθεις υπο των εκκλησιων συνεκδημος ημων συν τη χαριτι ταυτη τη διακονουμενη υφ ημων προς την αυτου του κυριου δοξαν και προθυμιαν υμων
2f0814009b	στελλομενοι τουτο μη τις ημας μωμησηται εν τη αδροτητι ταυτη τη διακονουμενη υφ ημων
2f0815007d	προνοουμενοι καλα ου μονον ενωπιον κυριου αλλα και ενωπιον ανθρωπων
2f0816010f	συνεπεμψαμεν δε αυτοις τον αδελφον ημων ον εδοκιμασαμεν εν πολλοις πολλακις σπουδαιον οντα νυνι δε πολυ σπουδαιοτερον πεποιθησει πολλη τη εις υμας
2f081700bd	ειτε υπερ τιτου κοινωνος εμος και εις υμας συνεργος ειτε αδελφοι ημων αποστολοι εκκλησιων δοξα χριστου
2f081800d2	την ουν ενδειξιν της αγαπης υμων και ημων καυχησεως υπερ υμων εις αυτους ενδειξασθε και εις προσωπον των εκκλησιων
2f09010094	περι μεν γαρ της διακονιας της εις τους αγιους περισσον μοι εστιν το γραφειν υμιν
2f090200fc	οιδα γαρ την προθυμιαν υμων ην υπερ υμων καυχωμαι μακεδοσιν οτι αχαια παρεσκευασται απο περυσι και ο εξ υμων ζηλος ηρεθισεν τους πλειονας
2f090300dd	επεμψα δε τους αδελφους ινα μη το καυχημα ημων το υπερ υμων κενωθη εν τω μερει τουτω ινα καθως ελεγον παρεσκευασμενοι ητε
2f09040111	μηπως εαν ελθωσιν συν εμοι μακεδονες και ευρωσιν υμας απαρασκευαστους καταισχυνθωμεν ημεις ινα μη λεγωμεν υμεις εν τη υποστασει ταυτη της καυχησεως
2f09050163	αναγκαιον ουν ηγησαμην παρακαλεσαι τους αδελφους ινα προελθωσιν εις υμας και προκαταρτισωσιν την προκατηγγελμενην ευλογιαν υμων ταυτην ετοιμην ειναι ουτως ως ευλογιαν και μη ωσπερ πλεονεξιαν
2f090600c0	τουτο δε ο σπειρων φειδομενως φειδομενως και θερισει και ο σπειρων επ ευλογιαις επ ευλογιαις και θερισει
2f090700a4	εκαστος καθως προαιρειται τη καρδια μη εκ λυπης η εξ αναγκης ιλαρον γαρ δοτην αγαπα ο θεος
2f090800ee	δυνατος δε ο θεος πασαν χαριν περισσευσαι εις υμας ινα εν παντι παντοτε πασαν αυταρκειαν εχοντες περισσευητε εις παν εργον αγαθον
2f0909009e	καθως γεγραπται εσκορπισεν εδωκεν τοις πενησιν η δικαιοσυνη αυτου μενει εις τον αιωνα
2f090a0104	ο δε επιχορηγων σπερμα τω σπειροντι και αρτον εις βρωσιν χορηγησαι και πληθυναι τον σπορον υμων και αυξησαι τα γεννηματα της δικαιοσυνης υμων
2f090b00a0	εν παντι πλουτιζομενοι εις πασαν απλοτητα ητις κατεργαζεται δι ημων ευχαριστιαν τω θεω
2f090c010b	οτι η διακονια της λειτουργιας ταυτης ου μονον εστιν προσαναπληρουσα τα υστερηματα των αγιων αλλα και περισσευουσα δια πολλων ευχαριστιων τω θεω
2f090d013e	δια της δοκιμης της διακονιας ταυτης δοξαζοντες τον θεον επι τη υποταγη της ομολογιας υμων εις το ευαγγελιον του χριστου και απλοτητι της κοινωνιας εις αυτους και εις παντας
2f090e00a4	και αυτων δεησει υπερ υμων επιποθουντων υμας δια την υπερβαλλουσαν χαριν του θεου εφ υμιν
2f090f0054	χαρις δε τω θεω επι τη ανεκδιηγητω αυτου δωρεα
2f0a0100fe	αυτος δε εγω παυλος παρακαλω υμας δια της πραοτητος και επιεικειας του χριστου ος κατα προσωπον μεν ταπεινος εν υμιν απων δε θαρρω εις υμας
2f0a0200e9	δεομαι δε το μη παρων θαρρησαι τη πεποιθησει η λογιζομαι τολμησαι επι τινας τους λογιζομενους ημας ως κατα σαρκα περιπατουντας
2f0a030063	εν σαρκι γαρ περιπατουντες ου κατα σαρκα στρατευομεθα
2f0a0400a0	τα γαρ οπλα της στρατειας ημων ου σαρκικα αλλα δυνατα τω θεω προς καθαιρεσιν οχυρωματων
2f0a0500f5	λογισμους καθαιρουντες και παν υψωμα επαιρομενον κατα της γνωσεως του θεου και αιχμαλωτιζοντες παν νοημα εις την υπακοην του χριστου
2f0a060087	και εν ετοιμω εχοντες εκδικησαι πασαν παρακοην οταν πληρωθη υμων η υπακοη
2f0a070102	τα κατα προσωπον βλεπετε ει τις πεποιθεν εαυτω χριστου ειναι τουτο λογιζεσθω παλιν αφ εαυτου οτι καθως αυτος χριστου ουτως και ημεις χριστου
2f0a080110	εαν τε γαρ και περισσοτερον τι καυχησωμαι περι της εξουσιας ημων ης εδωκεν ο κυριος ημιν εις οικοδομην και ουκ εις καθαιρεσιν υμων ουκ αισχυνθησομαι
2f0a090059	ινα μη δοξω ως αν εκφοβειν υμας δια των επιστολων
2f0a0a00c3	οτι αι μεν επιστολαι φησιν βαρειαι και ισχυραι η δε παρουσια του σωματος ασθενης και ο λογος εξουθενημενος
2f0a0b00b8	τουτο λογιζεσθω ο τοιουτος οτι οιοι εσμεν τω λογω δι επιστολων αποντες τοιουτοι και παροντες τω εργω
2f0a0c0130	ου γαρ τολμωμεν εγκριναι η συγκριναι εαυτους τισιν των εαυτους συνιστανοντων αλλα αυτοι εν εαυτοις εαυτους μετρουντες και συγκρινοντες εαυτους εαυτοις ου συνιουσιν
2f0a0d00e6	ημεις δε ουχι εις τα αμετρα καυχησομεθα αλλα κατα το μετρον του κανονος ου εμερισεν ημιν ο θεος μετρου εφικεσθαι αχρι και υμων
2f0a0e00d0	ου γαρ ως μη εφικνουμενοι εις υμας υπερεκτεινομεν εαυτους αχρι γαρ και υμων εφθασαμεν εν τω ευαγγελιω του χριστου
2f0a0f011b	ουκ εις τα αμετρα καυχωμενοι εν αλλοτριοις κοποις ελπιδα δε εχοντες αυξανομενης της πιστεως υμων εν υμιν μεγαλυνθηναι κατα τον κανονα ημων εις περισσειαν
2f0a1000a0	εις τα υπερεκεινα υμων ευαγγελισασθαι ουκ εν αλλοτριω κανονι εις τα ετοιμα καυχησασθαι
2f0a11003d	ο δε καυχωμενος εν κυριω καυχασθω
2f0a120086	ου γαρ ο εαυτον συνιστων εκεινος εστιν δοκιμος αλλ ον ο κυριος συνιστησιν
2f0b010071	οφελον ανειχεσθε μου μικρον τη αφροσυνη αλλα και ανεχεσθε μου
2f0b0200a2	ζηλω γαρ υμας θεου ζηλω ηρμοσαμην γαρ υμας ενι ανδρι παρθενον αγνην παραστησαι τω χριστω
2f0b0300ef	φοβουμαι δε μηπως ως ο οφις ευαν εξηπατησεν εν τη πανουργια αυτου ουτως φθαρη τα νοηματα υμων απο της απλοτητος της εις τον χριστον
2f0b040119	ει μεν γαρ ο ερχομενος αλλον ιησουν κηρυσσει ον ουκ εκηρυξαμεν η πνευμα ετερον λαμβανετε ο ουκ ελαβετε η ευαγγελιον ετερον ο ουκ εδεξασθε καλως ηνειχεσθε
2f0b050067	λογιζομαι γαρ μηδεν υστερηκεναι των υπερ λιαν αποστολων
2f0b06009b	ει δε και ιδιωτης τω λογω αλλ ου τη γνωσει αλλ εν παντι φανερωθεντες εν πασιν εις υμας
2f0b0700c5	η αμαρτιαν εποιησα εμαυτον ταπεινων ινα υμεις υψωθητε οτι δωρεαν το του θεου ευαγγελιον ευηγγελισαμην υμιν
2f0b080072	αλλας εκκλησιας εσυλησα λαβων οψωνιον προς την υμων διακονιαν
2f0b09014b	και παρων προς υμας και υστερηθεις ου κατεναρκησα ουδενος το γαρ υστερημα μου προσανεπληρωσαν οι αδελφοι ελθοντες απο μακεδονιας και εν παντι αβαρη υμιν εμαυτον ετηρησα και τηρησω
2f0b0a00dc	εστιν αληθεια χριστου εν εμοι οτι η καυχησις αυτη ου {VAR1: σφραγισεται} {VAR2: φραγησεται} εις εμε εν τοις κλιμασιν της αχαιας
2f0b0b0044	δια τι οτι ουκ αγαπω υμας ο θεος οιδεν
2f0b0c00c7	ο δε ποιω και ποιησω ινα εκκοψω την αφορμην των θελοντων αφορμην ινα εν ω καυχωνται ευρεθωσιν καθως και ημεις
2f0b0d00a3	οι γαρ τοιουτοι ψευδαποστολοι εργαται δολιοι μετασχηματιζομενοι εις αποστολους χριστου
2f0b0e0084	και ου θαυμαστον αυτος γαρ ο σατανας μετασχηματιζεται εις αγγελον φωτος
2f0b0f00d3	ου μεγα ουν ει και οι διακονοι αυτου μετασχηματιζονται ως διακονοι δικαιοσυνης ων το τελος εσται κατα τα εργα αυτων
2f0b1000bc	παλιν λεγω μη τις με δοξη αφρονα ειναι ει δε μηγε καν ως αφρονα δεξασθε με ινα μικρον τι καγω καυχησωμαι
2f0b110093	ο λαλω ου λαλω κατα κυριον αλλ ως εν αφροσυνη εν ταυτη τη υποστασει της καυχησεως
2f0b120061	επει πολλοι καυχωνται κατα την σαρκα καγω καυχησομαι
2f0b130054	ηδεως γαρ ανεχεσθε των αφρονων φρονιμοι οντες
2f0b1400d4	ανεχεσθε γαρ ει τις υμας καταδουλοι ει τις κατεσθιει ει τις λαμβανει ει τις επαιρεται ει τις υμας εις προσωπον δερει
2f0b1500a3	κατα ατιμιαν λεγω ως οτι ημεις ησθενησαμεν εν ω δ αν τις τολμα εν αφροσυνη λεγω τολμω καγω
2f0b160079	εβραιοι εισιν καγω ισραηλιται εισιν καγω σπερμα αβρααμ εισιν καγω
2f0b170108	διακονοι χριστου εισιν παραφρονων λαλω υπερ εγω εν κοποις περισσοτερως εν πληγαις υπερβαλλοντως εν φυλακαις περισσοτερως εν θανατοις πολλακις
2f0b180060	υπο ιουδαιων πεντακις τεσσαρακοντα παρα μιαν ελαβον
2f0b190090	τρις ερραβδισθην απαξ ελιθασθην τρις εναυαγησα νυχθημερον εν τω βυθω πεποιηκα
2f0b1a0151	οδοιποριαις πολλακις κινδυνοις ποταμων κινδυνοις ληστων κινδυνοις εκ γενους κινδυνοις εξ εθνων κινδυνοις εν πολει κινδυνοις εν ερημια κινδυνοις εν θαλασση κινδυνοις εν ψευδαδελφοις
2f0b1b00bd	εν κοπω και μοχθω εν αγρυπνιαις πολλακις εν λιμω και διψει εν νηστειαις πολλακις εν ψυχει και γυμνοτητι
2f0b1c0091	χωρις των παρεκτος η επισυστασις μου η καθ ημεραν η μεριμνα πασων των εκκλησιων
2f0b1d0078	τις ασθενει και ουκ ασθενω τις σκανδαλιζεται και ουκ εγω πυρουμαι
2f0b1e0059	ει καυχασθαι δει τα της ασθενειας μου καυχησομαι
2f0b1f00b4	ο θεος και πατηρ του κυριου ημων ιησου χριστου οιδεν ο ων ευλογητος εις τους αιωνας οτι ου ψευδομαι
2f0b20009f	εν δαμασκω ο εθναρχης αρετα του βασιλεως εφρουρει την δαμασκηνων πολιν πιασαι με θελων
2f0b210097	και δια θυριδος εν σαργανη εχαλασθην δια του τειχους και εξεφυγον τας χειρας αυτου
2f0c010091	καυχασθαι δη ου συμφερει μοι ελευσομαι γαρ εις οπτασιας και αποκαλυψεις κυριου
2f0c02011e	οιδα ανθρωπον εν χριστω προ ετων δεκατεσσαρων ειτε εν σωματι ουκ οιδα ειτε εκτος του σωματος ουκ οιδα ο θεος οιδεν αρπαγεντα τον τοιουτον εως τριτου ουρανου
2f0c0300a4	και οιδα τον τοιουτον ανθρωπον ειτε εν σωματι ειτε εκτος του σωματος ουκ οιδα ο θεος οιδεν
2f0c040097	οτι ηρπαγη εις τον παραδεισον και ηκουσεν αρρητα ρηματα α ουκ εξον ανθρωπω λαλησαι
2f0c0500a0	υπερ του τοιουτου καυχησομαι υπερ δε εμαυτου ου καυχησομαι ει μη εν ταις ασθενειαις μου
2f0c0600f3	εαν γαρ θελησω καυχησασθαι ουκ εσομαι αφρων αληθειαν γαρ ερω φειδομαι δε μη τις εις εμε λογισηται υπερ ο βλεπει με η ακουει τι εξ εμου
2f0c0700e6	και τη υπερβολη των αποκαλυψεων ινα μη υπεραιρωμαι εδοθη μοι σκολοψ τη σαρκι αγγελος σαταν ινα με κολαφιζη ινα μη υπεραιρωμαι
2f0c080069	υπερ τουτου τρις τον κυριον παρεκαλεσα ινα αποστη απ εμου
2f0c09013e	και ειρηκεν μοι αρκει σοι η χαρις μου η γαρ δυναμις μου εν ασθενεια τελειουται ηδιστα ουν μαλλον καυχησομαι εν ταις ασθενειαις μου ινα επισκηνωση επ εμε η δυναμις του χριστου
2f0c0a00e1	διο ευδοκω εν ασθενειαις εν υβρεσιν εν αναγκαις εν διωγμοις εν στενοχωριαις υπερ χριστου οταν γαρ ασθενω τοτε δυνατος ειμι
2f0c0b0102	γεγονα αφρων καυχωμενος υμεις με ηναγκασατε εγω γαρ ωφειλον υφ υμων συνιστασθαι ουδεν γαρ υστερησα των υπερ λιαν αποστολων ει και ουδεν ειμι
2f0c0c00ba	τα μεν σημεια του αποστολου κατειργασθη εν υμιν εν παση υπομονη εν σημειοις και τερασιν και δυναμεσιν
2f0c0d00df	τι γαρ εστιν ο ηττηθητε υπερ τας λοιπας εκκλησιας ει μη οτι αυτος εγω ου κατεναρκησα υμων χαρισασθε μοι την αδικιαν ταυτην
2f0c0e0136	ιδου τριτον ετοιμως εχω ελθειν προς υμας και ου καταναρκησω υμων ου γαρ ζητω τα υμων αλλ υμας ου γαρ οφειλει τα τεκνα τοις γονευσιν θησαυριζειν αλλ οι γονεις τοις τεκνοις
2f0c0f00ca	εγω δε ηδιστα δαπανησω και εκδαπανηθησομαι υπερ των ψυχων υμων ει και περισσοτερως υμας αγαπων ηττον αγαπωμαι
2f0c10007f	εστω δε εγω ου κατεβαρησα υμας αλλ υπαρχων πανουργος δολω υμας ελαβον
2f0c110069	μη τινα ων απεσταλκα προς υμας δι αυτου επλεονεκτησα υμας
2f0c1200f9	παρεκαλεσα τιτον και συναπεστειλα τον αδελφον μη τι επλεονεκτησεν υμας τιτος ου τω αυτω πνευματι περιεπατησαμεν ου τοις αυτοις ιχνεσιν
2f0c1300dc	παλιν δοκειτε οτι υμιν απολογουμεθα κατενωπιον του θεου εν χριστω λαλουμεν τα δε παντα αγαπητοι υπερ της υμων οικοδομης
2f0c140127	φοβουμαι γαρ μηπως ελθων ουχ οιους θελω ευρω υμας καγω ευρεθω υμιν οιον ου θελετε μηπως ερεις ζηλοι θυμοι εριθειαι καταλαλιαι ψιθυρισμοι φυσιωσεις ακαταστασιαι
2f0c15012a	μη παλιν ελθοντα με ταπεινωση ο θεος μου προς υμας και πενθησω πολλους των προημαρτηκοτων και μη μετανοησαντων επι τη ακαθαρσια και πορνεια και ασελγεια η επραξαν
2f0d01009f	τριτον τουτο ερχομαι προς υμας επι στοματος δυο μαρτυρων και τριων σταθησεται παν ρημα
2f0d020104	προειρηκα και προλεγω ως παρων το δευτερον και απων νυν γραφω τοις προημαρτηκοσιν και τοις λοιποις πασιν οτι εαν ελθω εις το παλιν ου φεισομαι
2f0d0300ae	επει δοκιμην ζητειτε του εν εμοι λαλουντος χριστου ος εις υμας ουκ ασθενει αλλα δυνατει εν υμιν
2f0d04010e	και γαρ ει εσταυρωθη εξ ασθενειας αλλα ζη εκ δυναμεως θεου και γαρ {VAR2: και} ημεις ασθενουμεν εν αυτω αλλα ζησομεθα συν αυτω εκ δυναμεως θεου εις υμας
2f0d050101	εαυτους πειραζετε ει εστε εν τη πιστει εαυτους δοκιμαζετε η ουκ επιγινωσκετε εαυτους οτι ιησους χριστος εν υμιν εστιν ει μη τι αδοκιμοι εστε
2f0d06005e	ελπιζω δε οτι γνωσεσθε οτι ημεις ουκ εσμεν αδοκιμοι
2f0d0700fb	ευχομαι δε προς τον θεον μη ποιησαι υμας κακον μηδεν ουχ ινα ημεις δοκιμοι φανωμεν αλλ ινα υμεις το καλον ποιητε ημεις δε ως αδοκιμοι ωμεν
2f0d08006a	ου γαρ δυναμεθα τι κατα της αληθειας αλλ υπερ της αληθειας
2f0d0900b1	χαιρομεν γαρ οταν ημεις ασθενωμεν υμεις δε δυνατοι ητε τουτο δε και ευχομεθα την υμων καταρτισιν
2f0d0a00f7	δια τουτο ταυτα απων γραφω ινα παρων μη αποτομως χρησωμαι κατα την εξουσιαν ην εδωκεν μοι ο κυριος εις οικοδομην και ουκ εις καθαιρεσιν
2f0d0b00e8	λοιπον αδελφοι χαιρετε καταρτιζεσθε παρακαλεισθε το αυτο φρονειτε ειρηνευετε και ο θεος της αγαπης και ειρηνης εσται μεθ υμων
2f0d0c0042	ασπασασθε αλληλους εν αγιω φιληματι
2f0d0d003a	ασπαζονται υμας οι αγιοι παντες
2f0d0e015c	η χαρις του κυριου ιησου χριστου και η αγαπη του θεου και η κοινωνια του αγιου πνευματος μετα παντων υμων αμην [προς κορινθιους δευτερα εγραφη απο φιλιππων της μακεδονιας δια τιτου και λουκα]
3000000017	Προς Γαλατας
30010100db	παυλος αποστολος ουκ απ ανθρωπων ουδε δι ανθρωπου αλλα δια ιησου χριστου και θεου πατρος του εγειραντος αυτον εκ νεκρων
300102006d	και οι συν εμοι παντες αδελφοι ταις εκκλησιαις της γαλατιας
300103007b	χαρις υμιν και ειρηνη απο θεου πατρος και κυριου ημων ιησου χριστου
30010400f0	του δοντος εαυτον υπερ των αμαρτιων ημων οπως εξεληται ημας εκ του ενεστωτος αιωνος πονηρου κατα το θελημα του θεου και πατρος ημων
3001050048	ω η δοξα εις τους αιωνας των αιωνων αμην
30010600ba	θαυμαζω οτι ουτως ταχεως μετατιθεσθε απο του καλεσαντος υμας εν χαριτι χριστου εις ετερον ευαγγελιον
30010700c1	ο ουκ εστιν αλλο ει μη τινες εισιν οι ταρασσοντες υμας και θελοντες μεταστρεψαι το ευαγγελιον του χριστου
30010800b3	αλλα και εαν ημεις η αγγελος εξ ουρανου ευαγγελιζηται υμιν παρ ο ευηγγελισαμεθα υμιν αναθεμα εστω
30010900a8	ως προειρηκαμεν και αρτι παλιν λεγω ει τις υμας ευαγγελιζεται παρ ο παρελαβετε αναθεμα εστω
30010a00d6	αρτι γαρ ανθρωπους πειθω η τον θεον η ζητω ανθρωποις αρεσκειν ει γαρ ετι ανθρωποις ηρεσκον χριστου δουλος ουκ αν ημην
30010b00a4	γνωριζω δε υμιν αδελφοι το ευαγγελιον το ευαγγελισθεν υπ εμου οτι ουκ εστιν κατα ανθρωπον
30010c00a7	ουδε γαρ εγω παρα ανθρωπου παρελαβον αυτο ουτε εδιδαχθην αλλα δι αποκαλυψεως ιησου χριστου
30010d00df	ηκουσατε γαρ την εμην αναστροφην ποτε εν τω ιουδαισμω οτι καθ υπερβολην εδιωκον την εκκλησιαν του θεου και επορθουν αυτην
30010e00f0	και προεκοπτον εν τω ιουδαισμω υπερ πολλους συνηλικιωτας εν τω γενει μου περισσοτερως ζηλωτης υπαρχων των πατρικων μου παραδοσεων
30010f00a9	οτε δε ευδοκησεν ο θεος ο αφορισας με εκ κοιλιας μητρος μου και καλεσας δια της χαριτος αυτου
30011000d1	αποκαλυψαι τον υιον αυτου εν εμοι ινα ευαγγελιζωμαι αυτον εν τοις εθνεσιν ευθεως ου προσανεθεμην σαρκι και αιματι
30011100d3	ουδε ανηλθον εις ιεροσολυμα προς τους προ εμου αποστολους αλλ απηλθον εις αραβιαν και παλιν υπεστρεψα εις δαμασκον
30011200bc	επειτα μετα ετη τρια ανηλθον εις ιεροσολυμα ιστορησαι πετρον και επεμεινα προς αυτον ημερας δεκαπεντε
3001130080	ετερον δε των αποστολων ουκ ειδον ει μη ιακωβον τον αδελφον του κυριου
3001140060	α δε γραφω υμιν ιδου ενωπιον του θεου οτι ου ψευδομαι
3001150065	επειτα ηλθον εις τα κλιματα της συριας και της κιλικιας
3001160089	ημην δε αγνοουμενος τω προσωπω ταις εκκλησιαις της ιουδαιας ταις εν χριστω
30011700a7	μονον δε ακουοντες ησαν οτι ο διωκων ημας ποτε νυν ευαγγελιζεται την πιστιν ην ποτε επορθει
3001180035	και εδοξαζον εν εμοι τον θεον
30020100ac	επειτα δια δεκατεσσαρων ετων παλιν ανεβην εις ιεροσολυμα μετα βαρναβα συμπαραλαβων και τιτον
3002020108	ανεβην δε κατα αποκαλυψιν και ανεθεμην αυτοις το ευαγγελιον ο κηρυσσω εν τοις εθνεσιν κατ ιδιαν δε τοις δοκουσιν μηπως εις κενον τρεχω η εδραμον
3002030069	αλλ ουδε τιτος ο συν εμοι ελλην ων ηναγκασθη περιτμηθηναι
3002040108	δια δε τους παρεισακτους ψευδαδελφους οιτινες παρεισηλθον κατασκοπησαι την ελευθεριαν ημων ην εχομεν εν χριστω ιησου ινα ημας καταδουλωσωνται
300205009c	οις ουδε προς ωραν ειξαμεν τη υποταγη ινα η αληθεια του ευαγγελιου διαμεινη προς υμας
3002060104	απο δε των δοκουντων ειναι τι οποιοι ποτε ησαν ουδεν μοι διαφερει προσωπον θεος ανθρωπου ου λαμβανει εμοι γαρ οι δοκουντες ουδεν προσανεθεντο
30020700b4	αλλα τουναντιον ιδοντες οτι πεπιστευμαι το ευαγγελιον της ακροβυστιας καθως πετρος της περιτομης
3002080093	ο γαρ ενεργησας πετρω εις αποστολην της περιτομης ενηργησεν και εμοι εις τα εθνη
3002090151	και γνοντες την χαριν την δοθεισαν μοι ιακωβος και κηφας και ιωαννης οι δοκουντες στυλοι ειναι δεξιας εδωκαν εμοι και βαρναβα κοινωνιας ινα ημεις εις τα εθνη αυτοι δε εις την περιτομην
30020a007e	μονον των πτωχων ινα μνημονευωμεν ο και εσπουδασα αυτο τουτο ποιησαι
30020b009a	οτε δε ηλθεν πετρος εις αντιοχειαν κατα προσωπον αυτω αντεστην οτι κατεγνωσμενος ην
30020c00f7	προ του γαρ ελθειν τινας απο ιακωβου μετα των εθνων συνησθιεν οτε δε ηλθον υπεστελλεν και αφωριζεν εαυτον φοβουμενος τους εκ περιτομης
30020d00ad	και συνυπεκριθησαν αυτω και οι λοιποι ιουδαιοι ωστε και βαρναβας συναπηχθη αυτων τη υποκρισει
30020e0155	αλλ οτε ειδον οτι ουκ ορθοποδουσιν προς την αληθειαν του ευαγγελιου ειπον τω πετρω εμπροσθεν παντων ει συ ιουδαιος υπαρχων εθνικως ζης και ουκ ιουδαικως τι τα εθνη αναγκαζεις ιουδαιζειν
30020f0057	ημεις φυσει ιουδαιοι και ουκ εξ εθνων αμαρτωλοι
30021001a7	ειδοτες οτι ου δικαιουται ανθρωπος εξ εργων νομου εαν μη δια πιστεως ιησου χριστου και ημεις εις χριστον ιησουν επιστευσαμεν ινα δικαιωθωμεν εκ πιστεως χριστου και ουκ εξ εργων νομου διοτι ου δικαιωθησεται εξ εργων νομου πασα σαρξ
30021100c9	ει δε ζητουντες δικαιωθηναι εν χριστω ευρεθημεν και αυτοι αμαρτωλοι αρα χριστος αμαρτιας διακονος μη γενοιτο
300212007b	ει γαρ α κατελυσα ταυτα παλιν οικοδομω παραβατην εμαυτον συνιστημι
3002130050	εγω γαρ δια νομου νομω απεθανον ινα θεω ζησω
300214012a	χριστω συνεσταυρωμαι ζω δε ουκετι εγω ζη δε εν εμοι χριστος ο δε νυν ζω εν σαρκι εν πιστει ζω τη του υιου του θεου του αγαπησαντος με και παραδοντος εαυτον υπερ εμου
300215009a	ουκ αθετω την χαριν του θεου ει γαρ δια νομου δικαιοσυνη αρα χριστος δωρεαν απεθανεν
30030100e6	ω ανοητοι γαλαται τις υμας εβασκανεν τη αληθεια μη πειθεσθαι οις κατ οφθαλμους ιησους χριστος προεγραφη εν υμιν εσταυρωμενος
3003020097	τουτο μονον θελω μαθειν αφ υμων εξ εργων νομου το πνευμα ελαβετε η εξ ακοης πιστεως
3003030073	ουτως ανοητοι εστε εναρξαμενοι πνευματι νυν σαρκι επιτελεισθε
300304003f	τοσαυτα επαθετε εικη ειγε και εικη
30030500ab	ο ουν επιχορηγων υμιν το πνευμα και ενεργων δυναμεις εν υμιν εξ εργων νομου η εξ ακοης πιστεως
3003060077	καθως αβρααμ επιστευσεν τω θεω και ελογισθη αυτω εις δικαιοσυνην
3003070065	γινωσκετε αρα οτι οι εκ πιστεως ουτοι εισιν υιοι αβρααμ
3003080114	προιδουσα δε η γραφη οτι εκ πιστεως δικαιοι τα εθνη ο θεος προευηγγελισατο τω αβρααμ οτι {VAR1: ενευλογηθησονται} {VAR2: ευλογηθησονται} εν σοι παντα τα εθνη
300309005c	ωστε οι εκ πιστεως ευλογουνται συν τω πιστω αβρααμ
30030a0125	οσοι γαρ εξ εργων νομου εισιν υπο καταραν εισιν γεγραπται γαρ επικαταρατος πας ος ουκ εμμενει εν πασιν τοις γεγραμμενοις εν τω βιβλιω του νομου του ποιησαι αυτα
30030b0097	οτι δε εν νομω ουδεις δικαιουται παρα τω θεω δηλον οτι ο δικαιος εκ πιστεως ζησεται
30030c008c	ο δε νομος ουκ εστιν εκ πιστεως αλλ ο ποιησας αυτα ανθρωπος ζησεται εν αυτοις
30030d00ef	χριστος ημας εξηγορασεν εκ της καταρας του νομου γενομενος υπερ ημων καταρα γεγραπται γαρ επικαταρατος πας ο κρεμαμενος επι ξυλου
30030e00d6	ινα εις τα εθνη η ευλογια του αβρααμ γενηται εν χριστω ιησου ινα την επαγγελιαν του πνευματος λαβωμεν δια της πιστεως
30030f00ad	αδελφοι κατα ανθρωπον λεγω ομως ανθρωπου κεκυρωμενην διαθηκην ουδεις αθετει η επιδιατασσεται
3003100114	τω δε αβρααμ ερρηθησαν αι επαγγελιαι και τω σπερματι αυτου ου λεγει και τοις σπερμασιν ως επι πολλων αλλ ως εφ ενος και τω σπερματι σου ος εστιν χριστος
3003110120	τουτο δε λεγω διαθηκην προκεκυρωμενην υπο του θεου εις χριστον ο μετα ετη τετρακοσια και τριακοντα γεγονως νομος ουκ ακυροι εις το καταργησαι την επαγγελιαν
30031200ac	ει γαρ εκ νομου η κληρονομια ουκετι εξ επαγγελιας τω δε αβρααμ δι επαγγελιας κεχαρισται ο θεος
30031300dc	τι ουν ο νομος των παραβασεων χαριν προσετεθη αχρις ου ελθη το σπερμα ω επηγγελται διαταγεις δι αγγελων εν χειρι μεσιτου
3003140054	ο δε μεσιτης ενος ουκ εστιν ο δε θεος εις εστιν
30031500e7	ο ουν νομος κατα των επαγγελιων του θεου μη γενοιτο ει γαρ εδοθη νομος ο δυναμενος ζωοποιησαι οντως αν εκ νομου ην η δικαιοσυνη
30031600c9	αλλα συνεκλεισεν η γραφη τα παντα υπο αμαρτιαν ινα η επαγγελια εκ πιστεως ιησου χριστου δοθη τοις πιστευουσιν
30031700c6	προ του δε ελθειν την πιστιν υπο νομον εφρουρουμεθα συγκεκλεισμενοι εις την μελλουσαν πιστιν αποκαλυφθηναι
300318008b	ωστε ο νομος παιδαγωγος ημων γεγονεν εις χριστον ινα εκ πιστεως δικαιωθωμεν
300319005f	ελθουσης δε της πιστεως ουκετι υπο παιδαγωγον εσμεν
30031a0068	παντες γαρ υιοι θεου εστε δια της πιστεως εν χριστω ιησου
30031b0060	οσοι γαρ εις χριστον εβαπτισθητε χριστον ενεδυσασθε
30031c00de	ουκ ενι ιουδαιος ουδε ελλην ουκ ενι δουλος ουδε ελευθερος ουκ ενι αρσεν και θηλυ παντες γαρ υμεις εις εστε εν χριστω ιησου
30031d008c	ει δε υμεις χριστου αρα του αβρααμ σπερμα εστε και κατ επαγγελιαν κληρονομοι
30040100a0	λεγω δε εφ οσον χρονον ο κληρονομος νηπιος εστιν ουδεν διαφερει δουλου κυριος παντων ων
3004020084	αλλα υπο επιτροπους εστιν και οικονομους αχρι της προθεσμιας του πατρος
300403008c	ουτως και ημεις οτε ημεν νηπιοι υπο τα στοιχεια του κοσμου ημεν δεδουλωμενοι
30040400cc	οτε δε ηλθεν το πληρωμα του χρονου εξαπεστειλεν ο θεος τον υιον αυτου γενομενον εκ γυναικος γενομενον υπο νομον
300405006a	ινα τους υπο νομον εξαγοραση ινα την υιοθεσιαν απολαβωμεν
30040600b9	οτι δε εστε υιοι εξαπεστειλεν ο θεος το πνευμα του υιου αυτου εις τας καρδιας υμων κραζον αββα ο πατηρ
3004070085	ωστε ουκετι ει δουλος αλλ υιος ει δε υιος και κληρονομος θεου δια χριστου
300408007d	αλλα τοτε μεν ουκ ειδοτες θεον εδουλευσατε τοις μη φυσει ουσιν θεοις
30040900fe	νυν δε γνοντες θεον μαλλον δε γνωσθεντες υπο θεου πως επιστρεφετε παλιν επι τα ασθενη και πτωχα στοιχεια οις παλιν ανωθεν δουλευειν θελετε
30040a0067	ημερας παρατηρεισθε και μηνας και καιρους και ενιαυτους
30040b0050	φοβουμαι υμας μηπως εικη κεκοπιακα εις υμας
30040c0082	γινεσθε ως εγω οτι καγω ως υμεις αδελφοι δεομαι υμων ουδεν με ηδικησατε
30040d007e	οιδατε δε οτι δι ασθενειαν της σαρκος ευηγγελισαμην υμιν το προτερον
30040e00e3	και τον πειρασμον μου τον εν τη σαρκι μου ουκ εξουθενησατε ουδε εξεπτυσατε αλλ ως αγγελον θεου εδεξασθε με ως χριστον ιησουν
30040f00c4	τις ουν ην ο μακαρισμος υμων μαρτυρω γαρ υμιν οτι ει δυνατον τους οφθαλμους υμων εξορυξαντες αν εδωκατε μοι
3004100045	ωστε εχθρος υμων γεγονα αληθευων υμιν
3004110082	ζηλουσιν υμας ου καλως αλλα εκκλεισαι υμας θελουσιν ινα αυτους ζηλουτε
300412008d	καλον δε το ζηλουσθαι εν καλω παντοτε και μη μονον εν τω παρειναι με προς υμας
300413006c	τεκνια μου ους παλιν ωδινω αχρις ου μορφωθη χριστος εν υμιν
3004140094	ηθελον δε παρειναι προς υμας αρτι και αλλαξαι την φωνην μου οτι απορουμαι εν υμιν
300415006e	λεγετε μοι οι υπο νομον θελοντες ειναι τον νομον ουκ ακουετε
300416009d	γεγραπται γαρ οτι αβρααμ δυο υιους εσχεν ενα εκ της παιδισκης και ενα εκ της ελευθερας
30041700a2	αλλ ο μεν εκ της παιδισκης κατα σαρκα γεγεννηται ο δε εκ της ελευθερας δια της επαγγελιας
30041800d7	ατινα εστιν αλληγορουμενα αυται γαρ εισιν αι δυο διαθηκαι μια μεν απο ορους σινα εις δουλειαν γεννωσα ητις εστιν αγαρ
30041900bf	το γαρ αγαρ σινα ορος εστιν εν τη αραβια συστοιχει δε τη νυν ιερουσαλημ δουλευει δε μετα των τεκνων αυτης
30041a0074	η δε ανω ιερουσαλημ ελευθερα εστιν ητις εστιν μητηρ παντων ημων
30041b00fc	γεγραπται γαρ ευφρανθητι στειρα η ου τικτουσα ρηξον και βοησον η ουκ ωδινουσα οτι πολλα τα τεκνα της ερημου μαλλον η της εχουσης τον ανδρα
30041c005d	ημεις δε αδελφοι κατα ισαακ επαγγελιας τεκνα εσμεν
30041d0089	αλλ ωσπερ τοτε ο κατα σαρκα γεννηθεις εδιωκεν τον κατα πνευμα ουτως και νυν
30041e00f0	αλλα τι λεγει η γραφη εκβαλε την παιδισκην και τον υιον αυτης ου γαρ μη κληρονομηση ο υιος της παιδισκης μετα του υιου της ελευθερας
30041f0068	αρα αδελφοι ουκ εσμεν παιδισκης τεκνα αλλα της ελευθερας
30050100a1	τη ελευθερια ουν η χριστος ημας ηλευθερωσεν στηκετε και μη παλιν ζυγω δουλειας ενεχεσθε
3005020087	ιδε εγω παυλος λεγω υμιν οτι εαν περιτεμνησθε χριστος υμας ουδεν ωφελησει
30050300a8	μαρτυρομαι δε παλιν παντι ανθρωπω περιτεμνομενω οτι οφειλετης εστιν ολον τον νομον ποιησαι
300504008e	κατηργηθητε απο του χριστου οιτινες εν νομω δικαιουσθε της χαριτος εξεπεσατε
3005050073	ημεις γαρ πνευματι εκ πιστεως ελπιδα δικαιοσυνης απεκδεχομεθα
30050600ac	εν γαρ χριστω ιησου ουτε περιτομη τι ισχυει ουτε ακροβυστια αλλα πιστις δι αγαπης ενεργουμενη
3005070068	ετρεχετε καλως τις υμας ανεκοψεν τη αληθεια μη πειθεσθαι
3005080042	η πεισμονη ουκ εκ του καλουντος υμας
3005090039	μικρα ζυμη ολον το φυραμα ζυμοι
30050a00b9	εγω πεποιθα εις υμας εν κυριω οτι ουδεν αλλο φρονησετε ο δε ταρασσων υμας βαστασει το κριμα οστις αν η
30050b00af	εγω δε αδελφοι ει περιτομην ετι κηρυσσω τι ετι διωκομαι αρα κατηργηται το σκανδαλον του σταυρου
30050c0053	οφελον και αποκοψονται οι αναστατουντες υμας
30050d00e3	υμεις γαρ επ ελευθερια εκληθητε αδελφοι μονον μη την ελευθεριαν εις αφορμην τη σαρκι αλλα δια της αγαπης δουλευετε αλληλοις
30050e008f	ο γαρ πας νομος εν ενι λογω πληρουται εν τω αγαπησεις τον πλησιον σου ως εαυτον
30050f0082	ει δε αλληλους δακνετε και κατεσθιετε βλεπετε μη υπο αλληλων αναλωθητε
3005100077	λεγω δε πνευματι περιπατειτε και επιθυμιαν σαρκος ου μη τελεσητε
30051100e9	η γαρ σαρξ επιθυμει κατα του πνευματος το δε πνευμα κατα της σαρκος ταυτα δε αντικειται αλληλοις ινα μη α αν θελητε ταυτα ποιητε
3005120049	ει δε πνευματι αγεσθε ουκ εστε υπο νομον
3005130096	φανερα δε εστιν τα εργα της σαρκος ατινα εστιν μοιχεια πορνεια ακαθαρσια ασελγεια
3005140094	ειδωλολατρεια φαρμακεια εχθραι ερεις ζηλοι θυμοι εριθειαι διχοστασιαι αιρεσεις
3005150106	φθονοι φονοι μεθαι κωμοι και τα ομοια τουτοις α προλεγω υμιν καθως και προειπον οτι οι τα τοιαυτα πρασσοντες βασιλειαν θεου ου κληρονομησουσιν
30051600a2	ο δε καρπος του πνευματος εστιν αγαπη χαρα ειρηνη μακροθυμια χρηστοτης αγαθωσυνη πιστις
300517005f	πραοτης εγκρατεια κατα των τοιουτων ουκ εστιν νομος
300518008e	οι δε του χριστου την σαρκα εσταυρωσαν συν τοις παθημασιν και ταις επιθυμιαις
300519004b	ει ζωμεν πνευματι πνευματι και στοιχωμεν
30051a007a	μη γινωμεθα κενοδοξοι αλληλους προκαλουμενοι αλληλοις φθονουντες
3006010122	αδελφοι εαν και προληφθη ανθρωπος εν τινι παραπτωματι υμεις οι πνευματικοι καταρτιζετε τον τοιουτον εν πνευματι πραοτητος σκοπων σεαυτον μη και συ πειρασθης
3006020082	αλληλων τα βαρη βασταζετε και ουτως αναπληρωσατε τον νομον του χριστου
300603005d	ει γαρ δοκει τις ειναι τι μηδεν ων εαυτον φρεναπατα
30060400ba	το δε εργον εαυτου δοκιμαζετω εκαστος και τοτε εις εαυτον μονον το καυχημα εξει και ουκ εις τον ετερον
3006050045	εκαστος γαρ το ιδιον φορτιον βαστασει
3006060080	κοινωνειτω δε ο κατηχουμενος τον λογον τω κατηχουντι εν πασιν αγαθοις
300607008c	μη πλανασθε θεος ου μυκτηριζεται ο γαρ εαν σπειρη ανθρωπος τουτο και θερισει
30060800e9	οτι ο σπειρων εις την σαρκα εαυτου εκ της σαρκος θερισει φθοραν ο δε σπειρων εις το πνευμα εκ του πνευματος θερισει ζωην αιωνιον
3006090087	το δε καλον ποιουντες μη εκκακωμεν καιρω γαρ ιδιω θερισομεν μη εκλυομενοι
30060a00b6	αρα ουν ως καιρον εχομεν εργαζωμεθα το αγαθον προς παντας μαλιστα δε προς τους οικειους της πιστεως
30060b005b	ιδετε πηλικοις υμιν γραμμασιν εγραψα τη εμη χειρι
30060c00dc	οσοι θελουσιν ευπροσωπησαι εν σαρκι ουτοι αναγκαζουσιν υμας περιτεμνεσθαι μονον ινα μη τω σταυρω του χριστου διωκωνται
30060d00de	ουδε γαρ οι περιτεμνομενοι αυτοι νομον φυλασσουσιν αλλα θελουσιν υμας περιτεμνεσθαι ινα εν τη υμετερα σαρκι καυχησωνται
30060e00da	εμοι δε μη γενοιτο καυχασθαι ει μη εν τω σταυρω του κυριου ημων ιησου χριστου δι ου εμοι κοσμος εσταυρωται καγω τω κοσμω
30060f008e	εν γαρ χριστω ιησου ουτε περιτομη τι ισχυει ουτε ακροβυστια αλλα καινη κτισις
30061000a8	και οσοι τω κανονι τουτω στοιχησουσιν ειρηνη επ αυτους και ελεος και επι τον ισραηλ του θεου
30061100b5	του λοιπου κοπους μοι μηδεις παρεχετω εγω γαρ τα στιγματα του κυριου ιησου εν τω σωματι μου βασταζω
30061200c1	η χαρις του κυριου ημων ιησου χριστου μετα του πνευματος υμων αδελφοι αμην [προς γαλατας εγραφη απο ρωμης]
3100000019	Προς Εφεσιους
31010100c9	παυλος αποστολος ιησου χριστου δια θεληματος θεου τοις αγιοις τοις ουσιν εν εφεσω και πιστοις εν χριστω ιησου
310102007b	χαρις υμιν και ειρηνη απο θεου πατρος ημων και κυριου ιησου χριστου
31010300f7	ευλογητος ο θεος και πατηρ του κυριου ημων ιησου χριστου ο ευλογησας ημας εν παση ευλογια πνευματικη εν τοις επουρανιοις {VAR2: εν} χριστω
31010400c2	καθως εξελεξατο ημας εν αυτω προ καταβολης κοσμου ειναι ημας αγιους και αμωμους κατενωπιον αυτου εν αγαπη
31010500ae	προορισας ημας εις υιοθεσιαν δια ιησου χριστου εις αυτον κατα την ευδοκιαν του θεληματος αυτου
3101060084	εις επαινον δοξης της χαριτος αυτου εν η εχαριτωσεν ημας εν τω ηγαπημενω
31010700ce	εν ω εχομεν την απολυτρωσιν δια του αιματος αυτου την αφεσιν των παραπτωματων κατα τον πλουτον της χαριτος αυτου
310108005e	ης επερισσευσεν εις ημας εν παση σοφια και φρονησει
31010900a6	γνωρισας ημιν το μυστηριον του θεληματος αυτου κατα την ευδοκιαν αυτου ην προεθετο εν αυτω
31010a00df	εις οικονομιαν του πληρωματος των καιρων ανακεφαλαιωσασθαι τα παντα εν τω χριστω τα τε εν τοις ουρανοις και τα επι της γης
31010b00d8	εν αυτω εν ω και εκληρωθημεν προορισθεντες κατα προθεσιν του τα παντα ενεργουντος κατα την βουλην του θεληματος αυτου
31010c008b	εις το ειναι ημας εις επαινον της δοξης αυτου τους προηλπικοτας εν τω χριστω
31010d0114	εν ω και υμεις ακουσαντες τον λογον της αληθειας το ευαγγελιον της σωτηριας υμων εν ω και πιστευσαντες εσφραγισθητε τω πνευματι της επαγγελιας τω αγιω
31010e00b6	ος εστιν αρραβων της κληρονομιας ημων εις απολυτρωσιν της περιποιησεως εις επαινον της δοξης αυτου
31010f00b9	δια τουτο καγω ακουσας την καθ υμας πιστιν εν τω κυριω ιησου και την αγαπην την εις παντας τους αγιους
310110008d	ου παυομαι ευχαριστων υπερ υμων μνειαν υμων ποιουμενος επι των προσευχων μου
31011100d4	ινα ο θεος του κυριου ημων ιησου χριστου ο πατηρ της δοξης δωη υμιν πνευμα σοφιας και αποκαλυψεως εν επιγνωσει αυτου
3101120132	πεφωτισμενους τους οφθαλμους της διανοιας υμων εις το ειδεναι υμας τις εστιν η ελπις της κλησεως αυτου και τις ο πλουτος της δοξης της κληρονομιας αυτου εν τοις αγιοις
31011300df	και τι το υπερβαλλον μεγεθος της δυναμεως αυτου εις ημας τους πιστευοντας κατα την ενεργειαν του κρατους της ισχυος αυτου
31011400b2	ην ενηργησεν εν τω χριστω εγειρας αυτον εκ νεκρων και εκαθισεν εν δεξια αυτου εν τοις επουρανιοις
3101150109	υπερανω πασης αρχης και εξουσιας και δυναμεως και κυριοτητος και παντος ονοματος ονομαζομενου ου μονον εν τω αιωνι τουτω αλλα και εν τω μελλοντι
31011600a0	και παντα υπεταξεν υπο τους ποδας αυτου και αυτον εδωκεν κεφαλην υπερ παντα τη εκκλησια
3101170079	ητις εστιν το σωμα αυτου το πληρωμα του παντα εν πασιν πληρουμενου
310201006e	και υμας οντας νεκρους τοις παραπτωμασιν και ταις αμαρτιαις
3102020126	εν αις ποτε περιεπατησατε κατα τον αιωνα του κοσμου τουτου κατα τον αρχοντα της εξουσιας του αερος του πνευματος του νυν ενεργουντος εν τοις υιοις της απειθειας
3102030137	εν οις και ημεις παντες ανεστραφημεν ποτε εν ταις επιθυμιαις της σαρκος ημων ποιουντες τα θεληματα της σαρκος και των διανοιων και ημεν τεκνα φυσει οργης ως και οι λοιποι
3102040088	ο δε θεος πλουσιος ων εν ελεει δια την πολλην αγαπην αυτου ην ηγαπησεν ημας
31020500a5	και οντας ημας νεκρους τοις παραπτωμασιν συνεζωοποιησεν τω χριστω χαριτι εστε σεσωσμενοι
310206007b	και συνηγειρεν και συνεκαθισεν εν τοις επουρανιοις εν χριστω ιησου
31020700ed	ινα ενδειξηται εν τοις αιωσιν τοις επερχομενοις τον υπερβαλλοντα πλουτον της χαριτος αυτου εν χρηστοτητι εφ ημας εν χριστω ιησου
3102080093	τη γαρ χαριτι εστε σεσωσμενοι δια της πιστεως και τουτο ουκ εξ υμων θεου το δωρον
310209003e	ουκ εξ εργων ινα μη τις καυχησηται
31020a00de	αυτου γαρ εσμεν ποιημα κτισθεντες εν χριστω ιησου επι εργοις αγαθοις οις προητοιμασεν ο θεος ινα εν αυτοις περιπατησωμεν
31020b00e0	διο μνημονευετε οτι υμεις ποτε τα εθνη εν σαρκι οι λεγομενοι ακροβυστια υπο της λεγομενης περιτομης εν σαρκι χειροποιητου
31020c0124	οτι ητε εν τω καιρω εκεινω χωρις χριστου απηλλοτριωμενοι της πολιτειας του ισραηλ και ξενοι των διαθηκων της επαγγελιας ελπιδα μη εχοντες και αθεοι εν τω κοσμω
31020d00a6	νυνι δε εν χριστω ιησου υμεις οι ποτε οντες μακραν εγγυς εγενηθητε εν τω αιματι του χριστου
31020e00a4	αυτος γαρ εστιν η ειρηνη ημων ο ποιησας τα αμφοτερα εν και το μεσοτοιχον του φραγμου λυσας
31020f00fe	την εχθραν εν τη σαρκι αυτου τον νομον των εντολων εν δογμασιν καταργησας ινα τους δυο κτιση εν εαυτω εις ενα καινον ανθρωπον ποιων ειρηνην
31021000b6	και αποκαταλλαξη τους αμφοτερους εν ενι σωματι τω θεω δια του σταυρου αποκτεινας την εχθραν εν αυτω
3102110073	και ελθων ευηγγελισατο ειρηνην υμιν τοις μακραν και τοις εγγυς
3102120091	οτι δι αυτου εχομεν την προσαγωγην οι αμφοτεροι εν ενι πνευματι προς τον πατερα
310213009c	αρα ουν ουκετι εστε ξενοι και παροικοι αλλα συμπολιται των αγιων και οικειοι του θεου
31021400b6	εποικοδομηθεντες επι τω θεμελιω των αποστολων και προφητων οντος ακρογωνιαιου αυτου ιησου χριστου
310215007b	εν ω πασα η οικοδομη συναρμολογουμενη αυξει εις ναον αγιον εν κυριω
3102160080	εν ω και υμεις συνοικοδομεισθε εις κατοικητηριον του θεου εν πνευματι
3103010082	τουτου χαριν εγω παυλος ο δεσμιος του χριστου ιησου υπερ υμων των εθνων
310302008a	ειγε ηκουσατε την οικονομιαν της χαριτος του θεου της δοθεισης μοι εις υμας
3103030084	οτι κατα αποκαλυψιν εγνωρισεν μοι το μυστηριον καθως προεγραψα εν ολιγω
3103040092	προς ο δυνασθε αναγινωσκοντες νοησαι την συνεσιν μου εν τω μυστηριω του χριστου
31030500f2	ο εν ετεραις γενεαις ουκ εγνωρισθη τοις υιοις των ανθρωπων ως νυν απεκαλυφθη τοις αγιοις αποστολοις αυτου και προφηταις εν πνευματι
31030600c2	ειναι τα εθνη συγκληρονομα και συσσωμα και συμμετοχα της επαγγελιας αυτου εν τω χριστω δια του ευαγγελιου
31030700ce	ου εγενομην διακονος κατα την δωρεαν της χαριτος του θεου την δοθεισαν μοι κατα την ενεργειαν της δυναμεως αυτου
31030800e8	εμοι τω ελαχιστοτερω παντων των αγιων εδοθη η χαρις αυτη εν τοις εθνεσιν ευαγγελισασθαι τον ανεξιχνιαστον πλουτον του χριστου
31030900ee	και φωτισαι παντας τις η κοινωνια του μυστηριου του αποκεκρυμμενου απο των αιωνων εν τω θεω τω τα παντα κτισαντι δια ιησου χριστου
31030a00d4	ινα γνωρισθη νυν ταις αρχαις και ταις εξουσιαις εν τοις επουρανιοις δια της εκκλησιας η πολυποικιλος σοφια του θεου
31030b0079	κατα προθεσιν των αιωνων ην εποιησεν εν χριστω ιησου τω κυριω ημων
31030c0093	εν ω εχομεν την παρρησιαν και την προσαγωγην εν πεποιθησει δια της πιστεως αυτου
31030d008b	διο αιτουμαι μη εκκακειν εν ταις θλιψεσιν μου υπερ υμων ητις εστιν δοξα υμων
31030e0091	τουτου χαριν καμπτω τα γονατα μου προς τον πατερα του κυριου ημων ιησου χριστου
31030f005f	εξ ου πασα πατρια εν ουρανοις και επι γης ονομαζεται
31031000cc	ινα δωη υμιν κατα τον πλουτον της δοξης αυτου δυναμει κραταιωθηναι δια του πνευματος αυτου εις τον εσω ανθρωπον
310311006f	κατοικησαι τον χριστον δια της πιστεως εν ταις καρδιαις υμων
31031200f2	εν αγαπη ερριζωμενοι και τεθεμελιωμενοι ινα εξισχυσητε καταλαβεσθαι συν πασιν τοις αγιοις τι το πλατος και μηκος και βαθος και υψος
31031300b8	γνωναι τε την υπερβαλλουσαν της γνωσεως αγαπην του χριστου ινα πληρωθητε εις παν το πληρωμα του θεου
31031400d2	τω δε δυναμενω υπερ παντα ποιησαι υπερ εκπερισσου ων αιτουμεθα η νοουμεν κατα την δυναμιν την ενεργουμενην εν ημιν
31031500a3	αυτω η δοξα εν τη εκκλησια εν χριστω ιησου εις πασας τας γενεας του αιωνος των αιωνων αμην
3104010097	παρακαλω ουν υμας εγω ο δεσμιος εν κυριω αξιως περιπατησαι της κλησεως ης εκληθητε
31040200a0	μετα πασης ταπεινοφροσυνης και πραοτητος μετα μακροθυμιας ανεχομενοι αλληλων εν αγαπη
3104030086	σπουδαζοντες τηρειν την ενοτητα του πνευματος εν τω συνδεσμω της ειρηνης
3104040081	εν σωμα και εν πνευμα καθως και εκληθητε εν μια ελπιδι της κλησεως υμων
310405003d	εις κυριος μια πιστις εν βαπτισμα
3104060080	εις θεος και πατηρ παντων ο επι παντων και δια παντων και εν πασιν υμιν
310407007f	ενι δε εκαστω ημων εδοθη η χαρις κατα το μετρον της δωρεας του χριστου
310408009b	διο λεγει αναβας εις υψος ηχμαλωτευσεν αιχμαλωσιαν και εδωκεν δοματα τοις ανθρωποις
310409008a	το δε ανεβη τι εστιν ει μη οτι και κατεβη πρωτον εις τα κατωτερα μερη της γης
31040a0096	ο καταβας αυτος εστιν και ο αναβας υπερανω παντων των ουρανων ινα πληρωση τα παντα
31040b00c6	και αυτος εδωκεν τους μεν αποστολους τους δε προφητας τους δε ευαγγελιστας τους δε ποιμενας και διδασκαλους
31040c00a3	προς τον καταρτισμον των αγιων εις εργον διακονιας εις οικοδομην του σωματος του χριστου
31040d0121	μεχρι καταντησωμεν οι παντες εις την ενοτητα της πιστεως και της επιγνωσεως του υιου του θεου εις ανδρα τελειον εις μετρον ηλικιας του πληρωματος του χριστου
31040e011a	ινα μηκετι ωμεν νηπιοι κλυδωνιζομενοι και περιφερομενοι παντι ανεμω της διδασκαλιας εν τη κυβεια των ανθρωπων εν πανουργια προς την μεθοδειαν της πλανης
31040f0092	αληθευοντες δε εν αγαπη αυξησωμεν εις αυτον τα παντα ος εστιν η κεφαλη ο χριστος
3104100161	εξ ου παν το σωμα συναρμολογουμενον και συμβιβαζομενον δια πασης αφης της επιχορηγιας κατ ενεργειαν εν μετρω ενος εκαστου μερους την αυξησιν του σωματος ποιειται εις οικοδομην εαυτου εν αγαπη
31041100e4	τουτο ουν λεγω και μαρτυρομαι εν κυριω μηκετι υμας περιπατειν καθως και τα λοιπα εθνη περιπατει εν ματαιοτητι του νοος αυτων
31041200f5	εσκοτισμενοι τη διανοια οντες απηλλοτριωμενοι της ζωης του θεου δια την αγνοιαν την ουσαν εν αυτοις δια την πωρωσιν της καρδιας αυτων
31041300ad	οιτινες απηλγηκοτες εαυτους παρεδωκαν τη ασελγεια εις εργασιαν ακαθαρσιας πασης εν πλεονεξια
3104140046	υμεις δε ουχ ουτως εμαθετε τον χριστον
3104150088	ειγε αυτον ηκουσατε και εν αυτω εδιδαχθητε καθως εστιν αληθεια εν τω ιησου
31041600cd	αποθεσθαι υμας κατα την προτεραν αναστροφην τον παλαιον ανθρωπον τον φθειρομενον κατα τας επιθυμιας της απατης
310417004a	ανανεουσθαι δε τω πνευματι του νοος υμων
31041800b6	και ενδυσασθαι τον καινον ανθρωπον τον κατα θεον κτισθεντα εν δικαιοσυνη και οσιοτητι της αληθειας
31041900b0	διο αποθεμενοι το ψευδος λαλειτε αληθειαν εκαστος μετα του πλησιον αυτου οτι εσμεν αλληλων μελη
31041a0081	οργιζεσθε και μη αμαρτανετε ο ηλιος μη επιδυετω επι τω παροργισμω υμων
31041b0034	μητε διδοτε τοπον τω διαβολω
31041c00d3	ο κλεπτων μηκετι κλεπτετω μαλλον δε κοπιατω εργαζομενος το αγαθον ταις χερσιν ινα εχη μεταδιδοναι τω χρειαν εχοντι
31041d00e3	πας λογος σαπρος εκ του στοματος υμων μη εκπορευεσθω αλλ ει τις αγαθος προς οικοδομην της χρειας ινα δω χαριν τοις ακουουσιν
31041e009a	και μη λυπειτε το πνευμα το αγιον του θεου εν ω εσφραγισθητε εις ημεραν απολυτρωσεως
31041f009b	πασα πικρια και θυμος και οργη και κραυγη και βλασφημια αρθητω αφ υμων συν παση κακια
31042000c3	γινεσθε δε εις αλληλους χρηστοι ευσπλαγχνοι χαριζομενοι εαυτοις καθως και ο θεος εν χριστω εχαρισατο υμιν
3105010053	γινεσθε ουν μιμηται του θεου ως τεκνα αγαπητα
31050200f8	και περιπατειτε εν αγαπη καθως και ο χριστος ηγαπησεν ημας και παρεδωκεν εαυτον υπερ ημων προσφοραν και θυσιαν τω θεω εις οσμην ευωδιας
310503009d	πορνεια δε και πασα ακαθαρσια η πλεονεξια μηδε ονομαζεσθω εν υμιν καθως πρεπει αγιοις
3105040093	και αισχροτης και μωρολογια η ευτραπελια τα ουκ ανηκοντα αλλα μαλλον ευχαριστια
310505010b	τουτο γαρ εστε γινωσκοντες οτι πας πορνος η ακαθαρτος η πλεονεκτης ος εστιν ειδωλολατρης ουκ εχει κληρονομιαν εν τη βασιλεια του χριστου και θεου
31050600b7	μηδεις υμας απατατω κενοις λογοις δια ταυτα γαρ ερχεται η οργη του θεου επι τους υιους της απειθειας
310507003a	μη ουν γινεσθε συμμετοχοι αυτων
3105080078	ητε γαρ ποτε σκοτος νυν δε φως εν κυριω ως τεκνα φωτος περιπατειτε
3105090083	ο γαρ καρπος του πνευματος εν παση αγαθωσυνη και δικαιοσυνη και αληθεια
31050a004b	δοκιμαζοντες τι εστιν ευαρεστον τω κυριω
31050b0096	και μη συγκοινωνειτε τοις εργοις τοις ακαρποις του σκοτους μαλλον δε και ελεγχετε
31050c0065	τα γαρ κρυφη γινομενα υπ αυτων αισχρον εστιν και λεγειν
31050d0095	τα δε παντα ελεγχομενα υπο του φωτος φανερουται παν γαρ το φανερουμενον φως εστιν
31050e0094	διο λεγει εγειραι ο καθευδων και αναστα εκ των νεκρων και επιφαυσει σοι ο χριστος
31050f0070	βλεπετε ουν πως ακριβως περιπατειτε μη ως ασοφοι αλλ ως σοφοι
3105100063	εξαγοραζομενοι τον καιρον οτι αι ημεραι πονηραι εισιν
310511007b	δια τουτο μη γινεσθε αφρονες αλλα συνιεντες τι το θελημα του κυριου
310512007b	και μη μεθυσκεσθε οινω εν ω εστιν ασωτια αλλα πληρουσθε εν πνευματι
31051300c8	λαλουντες εαυτοις ψαλμοις και υμνοις και ωδαις πνευματικαις αδοντες και ψαλλοντες εν τη καρδια υμων τω κυριω
31051400aa	ευχαριστουντες παντοτε υπερ παντων εν ονοματι του κυριου ημων ιησου χριστου τω θεω και πατρι
3105150042	υποτασσομενοι αλληλοις εν φοβω θεου
3105160068	αι γυναικες τοις ιδιοις ανδρασιν υποτασσεσθε ως τω κυριω
31051700c5	οτι ο ανηρ εστιν κεφαλη της γυναικος ως και ο χριστος κεφαλη της εκκλησιας και αυτος εστιν σωτηρ του σωματος
31051800ad	αλλ ωσπερ η εκκλησια υποτασσεται τω χριστω ουτως και αι γυναικες τοις ιδιοις ανδρασιν εν παντι
31051900cf	οι ανδρες αγαπατε τας γυναικας εαυτων καθως και ο χριστος ηγαπησεν την εκκλησιαν και εαυτον παρεδωκεν υπερ αυτης
31051a0069	ινα αυτην αγιαση καθαρισας τω λουτρω του υδατος εν ρηματι
31051b00d7	ινα παραστηση αυτην εαυτω ενδοξον την εκκλησιαν μη εχουσαν σπιλον η ρυτιδα η τι των τοιουτων αλλ ινα η αγια και αμωμος
31051c00d2	ουτως οφειλουσιν οι ανδρες αγαπαν τας εαυτων γυναικας ως τα εαυτων σωματα ο αγαπων την εαυτου γυναικα εαυτον αγαπα
31051d00bf	ουδεις γαρ ποτε την εαυτου σαρκα εμισησεν αλλ εκτρεφει και θαλπει αυτην καθως και ο κυριος την εκκλησιαν
31051e008a	οτι μελη εσμεν του σωματος αυτου εκ της σαρκος αυτου και εκ των οστεων αυτου
31051f0104	αντι τουτου καταλειψει ανθρωπος τον πατερα αυτου και την μητερα και προσκολληθησεται προς την γυναικα αυτου και εσονται οι δυο εις σαρκα μιαν
3105200089	το μυστηριον τουτο μεγα εστιν εγω δε λεγω εις χριστον και εις την εκκλησιαν
31052100c4	πλην και υμεις οι καθ ενα εκαστος την εαυτου γυναικα ουτως αγαπατω ως εαυτον η δε γυνη ινα φοβηται τον ανδρα
3106010081	τα τεκνα υπακουετε τοις γονευσιν υμων εν κυριω τουτο γαρ εστιν δικαιον
3106020082	τιμα τον πατερα σου και την μητερα ητις εστιν εντολη πρωτη εν επαγγελια
310603005d	ινα ευ σοι γενηται και εση μακροχρονιος επι της γης
31060400ab	και οι πατερες μη παροργιζετε τα τεκνα υμων αλλ εκτρεφετε αυτα εν παιδεια και νουθεσια κυριου
31060500c4	οι δουλοι υπακουετε τοις κυριοις κατα σαρκα μετα φοβου και τρομου εν απλοτητι της καρδιας υμων ως τω χριστω
31060600be	μη κατ οφθαλμοδουλειαν ως ανθρωπαρεσκοι αλλ ως δουλοι του χριστου ποιουντες το θελημα του θεου εκ ψυχης
310607006a	μετ ευνοιας δουλευοντες {VAR2: ως} τω κυριω και ουκ ανθρωποις
31060800ba	ειδοτες οτι ο εαν τι εκαστος ποιηση αγαθον τουτο κομιειται παρα του κυριου ειτε δουλος ειτε ελευθερος
3106090116	και οι κυριοι τα αυτα ποιειτε προς αυτους ανιεντες την απειλην ειδοτες οτι και υμων αυτων ο κυριος εστιν εν ουρανοις και προσωποληψια ουκ εστιν παρ αυτω
31060a008d	το λοιπον αδελφοι μου ενδυναμουσθε εν κυριω και εν τω κρατει της ισχυος αυτου
31060b00ac	ενδυσασθε την πανοπλιαν του θεου προς το δυνασθαι υμας στηναι προς τας μεθοδειας του διαβολου
31060c015a	οτι ουκ εστιν ημιν η παλη προς αιμα και σαρκα αλλα προς τας αρχας προς τας εξουσιας προς τους κοσμοκρατορας του σκοτους του αιωνος τουτου προς τα πνευματικα της πονηριας εν τοις επουρανιοις
31060d00e0	δια τουτο αναλαβετε την πανοπλιαν του θεου ινα δυνηθητε αντιστηναι εν τη ημερα τη πονηρα και απαντα κατεργασαμενοι στηναι
31060e00ab	στητε ουν περιζωσαμενοι την οσφυν υμων εν αληθεια και ενδυσαμενοι τον θωρακα της δικαιοσυνης
31060f007d	και υποδησαμενοι τους ποδας εν ετοιμασια του ευαγγελιου της ειρηνης
31061000c3	επι πασιν αναλαβοντες τον θυρεον της πιστεως εν ω δυνησεσθε παντα τα βελη του πονηρου τα πεπυρωμενα σβεσαι
31061100a8	και την περικεφαλαιαν του σωτηριου δεξασθε και την μαχαιραν του πνευματος ο εστιν ρημα θεου
3106120128	δια πασης προσευχης και δεησεως προσευχομενοι εν παντι καιρω εν πνευματι και εις αυτο τουτο αγρυπνουντες εν παση προσκαρτερησει και δεησει περι παντων των αγιων
31061300cc	και υπερ εμου ινα μοι δοθειη λογος εν ανοιξει του στοματος μου εν παρρησια γνωρισαι το μυστηριον του ευαγγελιου
3106140080	υπερ ου πρεσβευω εν αλυσει ινα εν αυτω παρρησιασωμαι ως δει με λαλησαι
31061500db	ινα δε ειδητε και υμεις τα κατ εμε τι πρασσω παντα υμιν γνωρισει τυχικος ο αγαπητος αδελφος και πιστος διακονος εν κυριω
31061600a2	ον επεμψα προς υμας εις αυτο τουτο ινα γνωτε τα περι ημων και παρακαλεση τας καρδιας υμων
310617009b	ειρηνη τοις αδελφοις και αγαπη μετα πιστεως απο θεου πατρος και κυριου ιησου χριστου
31061800ee	η χαρις μετα παντων των αγαπωντων τον κυριον ημων ιησουν χριστον εν αφθαρσια {VAR1: αμην} [προς εφεσιους εγραφη απο ρωμης δια τυχικου]
3200000021	Προς Φιλιππησιους
32010100eb	παυλος και τιμοθεος δουλοι ιησου χριστου πασιν τοις αγιοις εν χριστω ιησου τοις ουσιν εν φιλιπποις συν επισκοποις και διακονοις
320102007b	χαρις υμιν και ειρηνη απο θεου πατρος ημων και κυριου ιησου χριστου
320103004e	ευχαριστω τω θεω μου επι παση τη μνεια υμων
320104008c	παντοτε εν παση δεησει μου υπερ παντων υμων μετα χαρας την δεησιν ποιουμενος
320105007e	επι τη κοινωνια υμων εις το ευαγγελιον απο πρωτης ημερας αχρι του νυν
32010600b2	πεποιθως αυτο τουτο οτι ο εναρξαμενος εν υμιν εργον αγαθον επιτελεσει αχρις ημερας ιησου χριστου
3201070175	καθως εστιν δικαιον εμοι τουτο φρονειν υπερ παντων υμων δια το εχειν με εν τη καρδια υμας εν τε τοις δεσμοις μου και τη απολογια και βεβαιωσει του ευαγγελιου συγκοινωνους μου της χαριτος παντας υμας οντας
320108008f	μαρτυς γαρ μου εστιν ο θεος ως επιποθω παντας υμας εν σπλαγχνοις ιησου χριστου
32010900ba	και τουτο προσευχομαι ινα η αγαπη υμων ετι μαλλον και μαλλον περισσευη εν επιγνωσει και παση αισθησει
32010a00a7	εις το δοκιμαζειν υμας τα διαφεροντα ινα ητε ειλικρινεις και απροσκοποι εις ημεραν χριστου
32010b0095	πεπληρωμενοι καρπων δικαιοσυνης των δια ιησου χριστου εις δοξαν και επαινον θεου
32010c00ac	γινωσκειν δε υμας βουλομαι αδελφοι οτι τα κατ εμε μαλλον εις προκοπην του ευαγγελιου εληλυθεν
32010d00a9	ωστε τους δεσμους μου φανερους εν χριστω γενεσθαι εν ολω τω πραιτωριω και τοις λοιποις πασιν
32010e00cc	και τους πλειονας των αδελφων εν κυριω πεποιθοτας τοις δεσμοις μου περισσοτερως τολμαν αφοβως τον λογον λαλειν
32010f0096	τινες μεν και δια φθονον και εριν τινες δε και δι ευδοκιαν τον χριστον κηρυσσουσιν
32011000b6	οι μεν εξ εριθειας τον χριστον καταγγελλουσιν ουχ αγνως οιομενοι θλιψιν επιφερειν τοις δεσμοις μου
3201110074	οι δε εξ αγαπης ειδοτες οτι εις απολογιαν του ευαγγελιου κειμαι
32011200cb	τι γαρ πλην παντι τροπω ειτε προφασει ειτε αληθεια χριστος καταγγελλεται και εν τουτω χαιρω αλλα και χαρησομαι
32011300cd	οιδα γαρ οτι τουτο μοι αποβησεται εις σωτηριαν δια της υμων δεησεως και επιχορηγιας του πνευματος ιησου χριστου
3201140143	κατα την αποκαραδοκιαν και ελπιδα μου οτι εν ουδενι αισχυνθησομαι αλλ εν παση παρρησια ως παντοτε και νυν μεγαλυνθησεται χριστος εν τω σωματι μου ειτε δια ζωης ειτε δια θανατου
3201150056	εμοι γαρ το ζην χριστος και το αποθανειν κερδος
3201160082	ει δε το ζην εν σαρκι τουτο μοι καρπος εργου και τι αιρησομαι ου γνωριζω
32011700bb	συνεχομαι γαρ εκ των δυο την επιθυμιαν εχων εις το αναλυσαι και συν χριστω ειναι πολλω μαλλον κρεισσον
320118005a	το δε επιμενειν εν τη σαρκι αναγκαιοτερον δι υμας
32011900bd	και τουτο πεποιθως οιδα οτι μενω και συμπαραμενω πασιν υμιν εις την υμων προκοπην και χαραν της πιστεως
32011a00a8	ινα το καυχημα υμων περισσευη εν χριστω ιησου εν εμοι δια της εμης παρουσιας παλιν προς υμας
32011b0152	μονον αξιως του ευαγγελιου του χριστου πολιτευεσθε ινα ειτε ελθων και ιδων υμας ειτε απων ακουσω τα περι υμων οτι στηκετε εν ενι πνευματι μια ψυχη συναθλουντες τη πιστει του ευαγγελιου
32011c00e4	και μη πτυρομενοι εν μηδενι υπο των αντικειμενων ητις αυτοις μεν εστιν ενδειξις απωλειας υμιν δε σωτηριας και τουτο απο θεου
32011d00af	οτι υμιν εχαρισθη το υπερ χριστου ου μονον το εις αυτον πιστευειν αλλα και το υπερ αυτου πασχειν
32011e0095	τον αυτον αγωνα εχοντες οιον {VAR1: ιδετε} {VAR2: ειδετε} εν εμοι και νυν ακουετε εν εμοι
32020100ce	ει τις ουν παρακλησις εν χριστω ει τι παραμυθιον αγαπης ει τις κοινωνια πνευματος ει τινα σπλαγχνα και οικτιρμοι
32020200ad	πληρωσατε μου την χαραν ινα το αυτο φρονητε την αυτην αγαπην εχοντες συμψυχοι το εν φρονουντες
32020300af	μηδεν κατα εριθειαν η κενοδοξιαν αλλα τη ταπεινοφροσυνη αλληλους ηγουμενοι υπερεχοντας εαυτων
3202040067	μη τα εαυτων εκαστος σκοπειτε αλλα και τα ετερων εκαστος
3202050059	τουτο γαρ φρονεισθω εν υμιν ο και εν χριστω ιησου
3202060071	ος εν μορφη θεου υπαρχων ουχ αρπαγμον ηγησατο το ειναι ισα θεω
3202070085	αλλ εαυτον εκενωσεν μορφην δουλου λαβων εν ομοιωματι ανθρωπων γενομενος
32020800bf	και σχηματι ευρεθεις ως ανθρωπος εταπεινωσεν εαυτον γενομενος υπηκοος μεχρι θανατου θανατου δε σταυρου
3202090087	διο και ο θεος αυτον υπερυψωσεν και εχαρισατο αυτω ονομα το υπερ παν ονομα
32020a0090	ινα εν τω ονοματι ιησου παν γονυ καμψη επουρανιων και επιγειων και καταχθονιων
32020b0091	και πασα γλωσσα εξομολογησηται οτι κυριος ιησους χριστος εις δοξαν θεου πατρος
32020c0134	ωστε αγαπητοι μου καθως παντοτε υπηκουσατε μη ως εν τη παρουσια μου μονον αλλα νυν πολλω μαλλον εν τη απουσια μου μετα φοβου και τρομου την εαυτων σωτηριαν κατεργαζεσθε
32020d0094	ο θεος γαρ εστιν ο ενεργων εν υμιν και το θελειν και το ενεργειν υπερ της ευδοκιας
32020e0055	παντα ποιειτε χωρις γογγυσμων και διαλογισμων
32020f00f0	ινα γενησθε αμεμπτοι και ακεραιοι τεκνα θεου αμωμητα εν μεσω γενεας σκολιας και διεστραμμενης εν οις φαινεσθε ως φωστηρες εν κοσμω
32021000c3	λογον ζωης επεχοντες εις καυχημα εμοι εις ημεραν χριστου οτι ουκ εις κενον εδραμον ουδε εις κενον εκοπιασα
32021100ae	αλλ ει και σπενδομαι επι τη θυσια και λειτουργια της πιστεως υμων χαιρω και συγχαιρω πασιν υμιν
3202120054	το δ αυτο και υμεις χαιρετε και συγχαιρετε μοι
320213009f	ελπιζω δε εν κυριω ιησου τιμοθεον ταχεως πεμψαι υμιν ινα καγω ευψυχω γνους τα περι υμων
3202140071	ουδενα γαρ εχω ισοψυχον οστις γνησιως τα περι υμων μεριμνησει
3202150066	οι παντες γαρ τα εαυτων ζητουσιν ου τα του χριστου ιησου
32021600a2	την δε δοκιμην αυτου γινωσκετε οτι ως πατρι τεκνον συν εμοι εδουλευσεν εις το ευαγγελιον
320217006d	τουτον μεν ουν ελπιζω πεμψαι ως αν απιδω τα περι εμε εξαυτης
320218005c	πεποιθα δε εν κυριω οτι και αυτος ταχεως ελευσομαι
320219010b	αναγκαιον δε ηγησαμην επαφροδιτον τον αδελφον και συνεργον και συστρατιωτην μου υμων δε αποστολον και λειτουργον της χρειας μου πεμψαι προς υμας
32021a0086	επειδη επιποθων ην παντας υμας και αδημονων διοτι ηκουσατε οτι ησθενησεν
32021b00d8	και γαρ ησθενησεν παραπλησιον θανατω αλλ ο θεος αυτον ηλεησεν ουκ αυτον δε μονον αλλα και εμε ινα μη λυπην επι λυπη σχω
32021c0093	σπουδαιοτερως ουν επεμψα αυτον ινα ιδοντες αυτον παλιν χαρητε καγω αλυποτερος ω
32021d0096	προσδεχεσθε ουν αυτον εν κυριω μετα πασης χαρας και τους τοιουτους εντιμους εχετε
32021e00f4	οτι δια το εργον του χριστου μεχρι θανατου ηγγισεν παραβουλευσαμενος τη ψυχη ινα αναπληρωση το υμων υστερημα της προς με λειτουργιας
32030100af	το λοιπον αδελφοι μου χαιρετε εν κυριω τα αυτα γραφειν υμιν εμοι μεν ουκ οκνηρον υμιν δε ασφαλες
320302007f	βλεπετε τους κυνας βλεπετε τους κακους εργατας βλεπετε την κατατομην
32030300d0	ημεις γαρ εσμεν η περιτομη οι πνευματι θεω λατρευοντες και καυχωμενοι εν χριστω ιησου και ουκ εν σαρκι πεποιθοτες
32030400a3	καιπερ εγω εχων πεποιθησιν και εν σαρκι ει τις δοκει αλλος πεποιθεναι εν σαρκι εγω μαλλον
32030500aa	περιτομη οκταημερος εκ γενους ισραηλ φυλης βενιαμιν εβραιος εξ εβραιων κατα νομον φαρισαιος
3203060093	κατα ζηλον διωκων την εκκλησιαν κατα δικαιοσυνην την εν νομω γενομενος αμεμπτος
320307006a	αλλ ατινα ην μοι κερδη ταυτα ηγημαι δια τον χριστον ζημιαν
320308013c	αλλα μενουνγε και ηγουμαι παντα ζημιαν ειναι δια το υπερεχον της γνωσεως χριστου ιησου του κυριου μου δι ον τα παντα εζημιωθην και ηγουμαι σκυβαλα ειναι ινα χριστον κερδησω
32030900e0	και ευρεθω εν αυτω μη εχων εμην δικαιοσυνην την εκ νομου αλλα την δια πιστεως χριστου την εκ θεου δικαιοσυνην επι τη πιστει
32030a00e2	του γνωναι αυτον και την δυναμιν της αναστασεως αυτου και την κοινωνιαν των παθηματων αυτου συμμορφουμενος τω θανατω αυτου
32030b0057	ει πως καταντησω εις την εξαναστασιν των νεκρων
32030c00bb	ουχ οτι ηδη ελαβον η ηδη τετελειωμαι διωκω δε ει και καταλαβω εφ ω και κατεληφθην υπο του χριστου ιησου
32030d00d3	αδελφοι εγω εμαυτον ου λογιζομαι κατειληφεναι εν δε τα μεν οπισω επιλανθανομενος τοις δε εμπροσθεν επεκτεινομενος
32030e0087	κατα σκοπον διωκω επι το βραβειον της ανω κλησεως του θεου εν χριστω ιησου
32030f00a5	οσοι ουν τελειοι τουτο φρονωμεν και ει τι ετερως φρονειτε και τουτο ο θεος υμιν αποκαλυψει
320310006e	πλην εις ο εφθασαμεν τω αυτω στοιχειν κανονι το αυτο φρονειν
32031100aa	συμμιμηται μου γινεσθε αδελφοι και σκοπειτε τους ουτως περιπατουντας καθως εχετε τυπον ημας
32031200c7	πολλοι γαρ περιπατουσιν ους πολλακις ελεγον υμιν νυν δε και κλαιων λεγω τους εχθρους του σταυρου του χριστου
32031300a9	ων το τελος απωλεια ων ο θεος η κοιλια και η δοξα εν τη αισχυνη αυτων οι τα επιγεια φρονουντες
32031400ac	ημων γαρ το πολιτευμα εν ουρανοις υπαρχει εξ ου και σωτηρα απεκδεχομεθα κυριον ιησουν χριστον
3203150137	ος μετασχηματισει το σωμα της ταπεινωσεως ημων εις το γενεσθαι αυτο συμμορφον τω σωματι της δοξης αυτου κατα την ενεργειαν του δυνασθαι αυτον και υποταξαι εαυτω τα παντα
32040100ae	ωστε αδελφοι μου αγαπητοι και επιποθητοι χαρα και στεφανος μου ουτως στηκετε εν κυριω αγαπητοι
3204020094	{VAR1: ευωδιαν} {VAR2: ευοδιαν} παρακαλω και συντυχην παρακαλω το αυτο φρονειν εν κυριω
320403012b	και ερωτω και σε συζυγε γνησιε συλλαμβανου αυταις αιτινες εν τω ευαγγελιω συνηθλησαν μοι μετα και κλημεντος και των λοιπων συνεργων μου ων τα ονοματα εν βιβλω ζωης
320404004e	χαιρετε εν κυριω παντοτε παλιν ερω χαιρετε
3204050068	το επιεικες υμων γνωσθητω πασιν ανθρωποις ο κυριος εγγυς
32040600d0	μηδεν μεριμνατε αλλ εν παντι τη προσευχη και τη δεησει μετα ευχαριστιας τα αιτηματα υμων γνωριζεσθω προς τον θεον
32040700c5	και η ειρηνη του θεου η υπερεχουσα παντα νουν φρουρησει τας καρδιας υμων και τα νοηματα υμων εν χριστω ιησου
32040800f6	το λοιπον αδελφοι οσα εστιν αληθη οσα σεμνα οσα δικαια οσα αγνα οσα προσφιλη οσα ευφημα ει τις αρετη και ει τις επαινος ταυτα λογιζεσθε
32040900ce	α και εμαθετε και παρελαβετε και ηκουσατε και ειδετε εν εμοι ταυτα πρασσετε και ο θεος της ειρηνης εσται μεθ υμων
32040a00bc	εχαρην δε εν κυριω μεγαλως οτι ηδη ποτε ανεθαλετε το υπερ εμου φρονειν εφ ω και εφρονειτε ηκαιρεισθε δε
32040b007c	ουχ οτι καθ υστερησιν λεγω εγω γαρ εμαθον εν οις ειμι αυταρκης ειναι
32040c010a	οιδα {VAR1: δε} {VAR2: και} ταπεινουσθαι οιδα και περισσευειν εν παντι και εν πασιν μεμυημαι και χορταζεσθαι και πειναν και περισσευειν και υστερεισθαι
32040d004a	παντα ισχυω εν τω ενδυναμουντι με χριστω
32040e0060	πλην καλως εποιησατε συγκοινωνησαντες μου τη θλιψει
32040f012e	οιδατε δε και υμεις φιλιππησιοι οτι εν αρχη του ευαγγελιου οτε εξηλθον απο μακεδονιας ουδεμια μοι εκκλησια εκοινωνησεν εις λογον δοσεως και ληψεως ει μη υμεις μονοι
320410007a	οτι και εν θεσσαλονικη και απαξ και δις εις την χρειαν μοι επεμψατε
320411008d	ουχ οτι επιζητω το δομα αλλ επιζητω τον καρπον τον πλεοναζοντα εις λογον υμων
32041200e4	απεχω δε παντα και περισσευω πεπληρωμαι δεξαμενος παρα επαφροδιτου τα παρ υμων οσμην ευωδιας θυσιαν δεκτην ευαρεστον τω θεω
320413009e	ο δε θεος μου πληρωσει πασαν χρειαν υμων κατα τον πλουτον αυτου εν δοξη εν χριστω ιησου
3204140071	τω δε θεω και πατρι ημων η δοξα εις τους αιωνας των αιωνων αμην
3204150087	ασπασασθε παντα αγιον εν χριστω ιησου ασπαζονται υμας οι συν εμοι αδελφοι
320416007d	ασπαζονται υμας παντες οι αγιοι μαλιστα δε οι εκ της καισαρος οικιας
32041700cb	η χαρις του κυριου ημων ιησου χριστου μετα παντων υμων αμην [προς φιλιππησιους εγραφη απο ρωμης δι επαφροδιτου]
330000001d	Προς Κολοσσαεις
3301010086	παυλος αποστολος ιησου χριστου δια θεληματος θεου και τιμοθεος ο αδελφος
3301020105	τοις εν {VAR1: κολασσαις} {VAR2: κολοσσαις} αγιοις και πιστοις αδελφοις εν χριστω χαρις υμιν και ειρηνη απο θεου πατρος ημων και κυριου ιησου χριστου
33010300ab	ευχαριστουμεν τω θεω και πατρι του κυριου ημων ιησου χριστου παντοτε περι υμων προσευχομενοι
330104009a	ακουσαντες την πιστιν υμων εν χριστω ιησου και την αγαπην την εις παντας τους αγιους
33010500c3	δια την ελπιδα την αποκειμενην υμιν εν τοις ουρανοις ην προηκουσατε εν τω λογω της αληθειας του ευαγγελιου
3301060120	του παροντος εις υμας καθως και εν παντι τω κοσμω και εστιν καρποφορουμενον καθως και εν υμιν αφ ης ημερας ηκουσατε και επεγνωτε την χαριν του θεου εν αληθεια
33010700be	καθως και εμαθετε απο επαφρα του αγαπητου συνδουλου ημων ος εστιν πιστος υπερ υμων διακονος του χριστου
3301080054	ο και δηλωσας ημιν την υμων αγαπην εν πνευματι
3301090149	δια τουτο και ημεις αφ ης ημερας ηκουσαμεν ου παυομεθα υπερ υμων προσευχομενοι και αιτουμενοι ινα πληρωθητε την επιγνωσιν του θεληματος αυτου εν παση σοφια και συνεσει πνευματικη
33010a00f3	περιπατησαι υμας αξιως του κυριου εις πασαν αρεσκειαν εν παντι εργω αγαθω καρποφορουντες και αυξανομενοι εις την επιγνωσιν του θεου
33010b00c2	εν παση δυναμει δυναμουμενοι κατα το κρατος της δοξης αυτου εις πασαν υπομονην και μακροθυμιαν μετα χαρας
33010c00a3	ευχαριστουντες τω πατρι τω ικανωσαντι ημας εις την μεριδα του κληρου των αγιων εν τω φωτι
33010d00bd	ος ερρυσατο ημας εκ της εξουσιας του σκοτους και μετεστησεν εις την βασιλειαν του υιου της αγαπης αυτου
33010e0086	εν ω εχομεν την απολυτρωσιν δια του αιματος αυτου την αφεσιν των αμαρτιων
33010f006f	ος εστιν εικων του θεου του αορατου πρωτοτοκος πασης κτισεως
330110014d	οτι εν αυτω εκτισθη τα παντα τα εν τοις ουρανοις και τα επι της γης τα ορατα και τα αορατα ειτε θρονοι ειτε κυριοτητες ειτε αρχαι ειτε εξουσιαι τα παντα δι αυτου και εις αυτον εκτισται
330111006a	και αυτος εστιν προ παντων και τα παντα εν αυτω συνεστηκεν
33011200e5	και αυτος εστιν η κεφαλη του σωματος της εκκλησιας ος εστιν αρχη πρωτοτοκος εκ των νεκρων ινα γενηται εν πασιν αυτος πρωτευων
3301130057	οτι εν αυτω ευδοκησεν παν το πληρωμα κατοικησαι
330114010c	και δι αυτου αποκαταλλαξαι τα παντα εις αυτον ειρηνοποιησας δια του αιματος του σταυρου αυτου δι αυτου ειτε τα επι της γης ειτε τα εν τοις ουρανοις
33011500cc	και υμας ποτε οντας απηλλοτριωμενους και εχθρους τη διανοια εν τοις εργοις τοις πονηροις νυνι δε αποκατηλλαξεν
33011600d1	εν τω σωματι της σαρκος αυτου δια του θανατου παραστησαι υμας αγιους και αμωμους και ανεγκλητους κατενωπιον αυτου
3301170173	ειγε επιμενετε τη πιστει τεθεμελιωμενοι και εδραιοι και μη μετακινουμενοι απο της ελπιδος του ευαγγελιου ου ηκουσατε του κηρυχθεντος εν παση τη κτισει τη υπο τον ουρανον ου εγενομην εγω παυλος διακονος
3301180124	{VAR2: ος} νυν χαιρω εν τοις παθημασιν μου υπερ υμων και ανταναπληρω τα υστερηματα των θλιψεων του χριστου εν τη σαρκι μου υπερ του σωματος αυτου ο εστιν η εκκλησια
33011900c4	ης εγενομην εγω διακονος κατα την οικονομιαν του θεου την δοθεισαν μοι εις υμας πληρωσαι τον λογον του θεου
33011a00b8	το μυστηριον το αποκεκρυμμενον απο των αιωνων και απο των γενεων νυνι δε εφανερωθη τοις αγιοις αυτου
33011b00f0	οις ηθελησεν ο θεος γνωρισαι τις ο πλουτος της δοξης του μυστηριου τουτου εν τοις εθνεσιν ος εστιν χριστος εν υμιν η ελπις της δοξης
33011c011a	ον ημεις καταγγελλομεν νουθετουντες παντα ανθρωπον και διδασκοντες παντα ανθρωπον εν παση σοφια ινα παραστησωμεν παντα ανθρωπον τελειον εν χριστω ιησου
33011d00a4	εις ο και κοπιω αγωνιζομενος κατα την ενεργειαν αυτου την ενεργουμενην εν εμοι εν δυναμει
33020100d5	θελω γαρ υμας ειδεναι ηλικον αγωνα εχω περι υμων και των εν λαοδικεια και οσοι ουχ εωρακασιν το προσωπον μου εν σαρκι
330202013e	ινα παρακληθωσιν αι καρδιαι αυτων συμβιβασθεντων εν αγαπη και εις παντα πλουτον της πληροφοριας της συνεσεως εις επιγνωσιν του μυστηριου του θεου και πατρος και του χριστου
3302030079	εν ω εισιν παντες οι θησαυροι της σοφιας και της γνωσεως αποκρυφοι
330204006b	τουτο δε λεγω ινα μη τις υμας παραλογιζηται εν πιθανολογια
33020500f5	ει γαρ και τη σαρκι απειμι αλλα τω πνευματι συν υμιν ειμι χαιρων και βλεπων υμων την ταξιν και το στερεωμα της εις χριστον πιστεως υμων
330206007c	ως ουν παρελαβετε τον χριστον ιησουν τον κυριον εν αυτω περιπατειτε
33020700e6	ερριζωμενοι και εποικοδομουμενοι εν αυτω και βεβαιουμενοι εν τη πιστει καθως εδιδαχθητε περισσευοντες εν αυτη εν ευχαριστια
3302080118	βλεπετε μη τις υμας εσται ο συλαγωγων δια της φιλοσοφιας και κενης απατης κατα την παραδοσιν των ανθρωπων κατα τα στοιχεια του κοσμου και ου κατα χριστον
330209006b	οτι εν αυτω κατοικει παν το πληρωμα της θεοτητος σωματικως
33020a0084	και εστε εν αυτω πεπληρωμενοι ος εστιν η κεφαλη πασης αρχης και εξουσιας
33020b00e1	εν ω και περιετμηθητε περιτομη αχειροποιητω εν τη απεκδυσει του σωματος των αμαρτιων της σαρκος εν τη περιτομη του χριστου
33020c00eb	συνταφεντες αυτω εν τω βαπτισματι εν ω και συνηγερθητε δια της πιστεως της ενεργειας του θεου του εγειραντος αυτον εκ των νεκρων
33020d0146	και υμας νεκρους οντας εν τοις παραπτωμασιν και τη ακροβυστια της σαρκος υμων {VAR1: συνεζωποιησεν} {VAR2: συνεζωοποιησεν} συν αυτω χαρισαμενος {VAR1: ημιν} {VAR2: υμιν} παντα τα παραπτωματα
33020e00e0	εξαλειψας το καθ ημων χειρογραφον τοις δογμασιν ο ην υπεναντιον ημιν και αυτο ηρκεν εκ του μεσου προσηλωσας αυτο τω σταυρω
33020f00ac	απεκδυσαμενος τας αρχας και τας εξουσιας εδειγματισεν εν παρρησια θριαμβευσας αυτους εν αυτω
3302100099	μη ουν τις υμας κρινετω εν βρωσει η εν ποσει η εν μερει εορτης η νουμηνιας η σαββατων
3302110059	α εστιν σκια των μελλοντων το δε σωμα του χριστου
330212010b	μηδεις υμας καταβραβευετω θελων εν ταπεινοφροσυνη και θρησκεια των αγγελων α μη εωρακεν εμβατευων εικη φυσιουμενος υπο του νοος της σαρκος αυτου
33021300f2	και ου κρατων την κεφαλην εξ ου παν το σωμα δια των αφων και συνδεσμων επιχορηγουμενον και συμβιβαζομενον αυξει την αυξησιν του θεου
33021400ac	ει ουν απεθανετε συν τω χριστω απο των στοιχειων του κοσμου τι ως ζωντες εν κοσμω δογματιζεσθε
3302150033	μη αψη μηδε γευση μηδε θιγης
330216009b	α εστιν παντα εις φθοραν τη αποχρησει κατα τα ενταλματα και διδασκαλιας των ανθρωπων
33021700f8	ατινα εστιν λογον μεν εχοντα σοφιας εν εθελοθρησκεια και ταπεινοφροσυνη και αφειδια σωματος ουκ εν τιμη τινι προς πλησμονην της σαρκος
33030100a4	ει ουν συνηγερθητε τω χριστω τα ανω ζητειτε ου ο χριστος εστιν εν δεξια του θεου καθημενος
330302003b	τα ανω φρονειτε μη τα επι της γης
3303030070	απεθανετε γαρ και η ζωη υμων κεκρυπται συν τω χριστω εν τω θεω
3303040092	οταν ο χριστος φανερωθη η ζωη ημων τοτε και υμεις συν αυτω φανερωθησεσθε εν δοξη
33030500eb	νεκρωσατε ουν τα μελη υμων τα επι της γης πορνειαν ακαθαρσιαν παθος επιθυμιαν κακην και την πλεονεξιαν ητις εστιν ειδωλολατρεια
3303060067	δι α ερχεται η οργη του θεου επι τους υιους της απειθειας
3303070065	εν οις και υμεις περιεπατησατε ποτε οτε εζητε εν αυτοις
33030800b7	νυνι δε αποθεσθε και υμεις τα παντα οργην θυμον κακιαν βλασφημιαν αισχρολογιαν εκ του στοματος υμων
330309009b	μη ψευδεσθε εις αλληλους απεκδυσαμενοι τον παλαιον ανθρωπον συν ταις πραξεσιν αυτου
33030a00a4	και ενδυσαμενοι τον νεον τον ανακαινουμενον εις επιγνωσιν κατ εικονα του κτισαντος αυτον
33030b00e3	οπου ουκ ενι ελλην και ιουδαιος περιτομη και ακροβυστια βαρβαρος σκυθης δουλος ελευθερος αλλα τα παντα και εν πασιν χριστος
33030c00e6	ενδυσασθε ουν ως εκλεκτοι του θεου αγιοι και ηγαπημενοι σπλαγχνα οικτιρμων χρηστοτητα ταπεινοφροσυνην πραοτητα μακροθυμιαν
33030d00e1	ανεχομενοι αλληλων και χαριζομενοι εαυτοις εαν τις προς τινα εχη μομφην καθως και ο χριστος εχαρισατο υμιν ουτως και υμεις
33030e007e	επι πασιν δε τουτοις την αγαπην ητις εστιν συνδεσμος της τελειοτητος
33030f00c9	και η ειρηνη του θεου βραβευετω εν ταις καρδιαις υμων εις ην και εκληθητε εν ενι σωματι και ευχαριστοι γινεσθε
3303100153	ο λογος του χριστου ενοικειτω εν υμιν πλουσιως εν παση σοφια διδασκοντες και νουθετουντες εαυτους ψαλμοις και υμνοις και ωδαις πνευματικαις εν χαριτι αδοντες εν τη καρδια υμων τω κυριω
33031100c8	και παν ο τι αν ποιητε εν λογω η εν εργω παντα εν ονοματι κυριου ιησου ευχαριστουντες τω θεω και πατρι δι αυτου
3303120075	αι γυναικες υποτασσεσθε τοις ιδιοις ανδρασιν ως ανηκεν εν κυριω
330313006f	οι ανδρες αγαπατε τας γυναικας και μη πικραινεσθε προς αυτας
3303140090	τα τεκνα υπακουετε τοις γονευσιν κατα παντα τουτο γαρ εστιν ευαρεστον τω κυριω
3303150061	οι πατερες μη ερεθιζετε τα τεκνα υμων ινα μη αθυμωσιν
3303160100	οι δουλοι υπακουετε κατα παντα τοις κατα σαρκα κυριοις μη εν οφθαλμοδουλειαις ως ανθρωπαρεσκοι αλλ εν απλοτητι καρδιας φοβουμενοι τον θεον
3303170082	και παν ο τι εαν ποιητε εκ ψυχης εργαζεσθε ως τω κυριω και ουκ ανθρωποις
33031800b1	ειδοτες οτι απο κυριου αποληψεσθε την ανταποδοσιν της κληρονομιας τω γαρ κυριω χριστω δουλευετε
330319006d	ο δε αδικων κομιειται ο ηδικησεν και ουκ εστιν προσωποληψια
33040100c3	οι κυριοι το δικαιον και την ισοτητα τοις δουλοις παρεχεσθε ειδοτες οτι και υμεις εχετε κυριον εν ουρανοις
3304020073	τη προσευχη προσκαρτερειτε γρηγορουντες εν αυτη εν ευχαριστια
33040300db	προσευχομενοι αμα και περι ημων ινα ο θεος ανοιξη ημιν θυραν του λογου λαλησαι το μυστηριον του χριστου δι ο και δεδεμαι
3304040040	ινα φανερωσω αυτο ως δει με λαλησαι
3304050070	εν σοφια περιπατειτε προς τους εξω τον καιρον εξαγοραζομενοι
33040600a8	ο λογος υμων παντοτε εν χαριτι αλατι ηρτυμενος ειδεναι πως δει υμας ενι εκαστω αποκρινεσθαι
33040700b8	τα κατ εμε παντα γνωρισει υμιν τυχικος ο αγαπητος αδελφος και πιστος διακονος και συνδουλος εν κυριω
330408009e	ον επεμψα προς υμας εις αυτο τουτο ινα γνω τα περι υμων και παρακαλεση τας καρδιας υμων
330409009b	συν ονησιμω τω πιστω και αγαπητω αδελφω ος εστιν εξ υμων παντα υμιν γνωριουσιν τα ωδε
33040a00f2	ασπαζεται υμας αρισταρχος ο συναιχμαλωτος μου και μαρκος ο ανεψιος βαρναβα περι ου ελαβετε εντολας εαν ελθη προς υμας δεξασθε αυτον
33040b00f6	και ιησους ο λεγομενος ιουστος οι οντες εκ περιτομης ουτοι μονοι συνεργοι εις την βασιλειαν του θεου οιτινες εγενηθησαν μοι παρηγορια
33040c0126	ασπαζεται υμας επαφρας ο εξ υμων δουλος χριστου παντοτε αγωνιζομενος υπερ υμων εν ταις προσευχαις ινα στητε τελειοι και πεπληρωμενοι εν παντι θεληματι του θεου
33040d00a2	μαρτυρω γαρ αυτω οτι εχει ζηλον πολυν υπερ υμων και των εν λαοδικεια και των εν ιεραπολει
33040e005e	ασπαζεται υμας λουκας ο ιατρος ο αγαπητος και δημας
33040f0096	ασπασασθε τους εν λαοδικεια αδελφους και νυμφαν και την κατ οικον αυτου εκκλησιαν
33041000f8	και οταν αναγνωσθη παρ υμιν η επιστολη ποιησατε ινα και εν τη λαοδικεων εκκλησια αναγνωσθη και την εκ λαοδικειας ινα και υμεις αναγνωτε
3304110090	και ειπατε αρχιππω βλεπε την διακονιαν ην παρελαβες εν κυριω ινα αυτην πληροις
33041200fd	ο ασπασμος τη εμη χειρι παυλου μνημονευετε μου των δεσμων η χαρις μεθ υμων αμην [προς κολασσαεις εγραφη απο ρωμης δια τυχικου και ονησιμου]
3400000028	Προς Θεσσαλονικεις Α΄
340101012c	παυλος και σιλουανος και τιμοθεος τη εκκλησια θεσσαλονικεων εν θεω πατρι και κυριω ιησου χριστω χαρις υμιν και ειρηνη απο θεου πατρος ημων και κυριου ιησου χριστου
34010200a9	ευχαριστουμεν τω θεω παντοτε περι παντων υμων μνειαν υμων ποιουμενοι επι των προσευχων ημων
340103013b	αδιαλειπτως μνημονευοντες υμων του εργου της πιστεως και του κοπου της αγαπης και της υπομονης της ελπιδος του κυριου ημων ιησου χριστου εμπροσθεν του θεου και πατρος ημων
3401040061	ειδοτες αδελφοι ηγαπημενοι υπο θεου την εκλογην υμων
3401050130	οτι το ευαγγελιον ημων ουκ εγενηθη εις υμας εν λογω μονον αλλα και εν δυναμει και εν πνευματι αγιω και εν πληροφορια πολλη καθως οιδατε οιοι εγενηθημεν εν υμιν δι υμας
34010600cb	και υμεις μιμηται ημων εγενηθητε και του κυριου δεξαμενοι τον λογον εν θλιψει πολλη μετα χαρας πνευματος αγιου
340107008e	ωστε γενεσθαι υμας τυπους πασιν τοις πιστευουσιν εν τη μακεδονια και τη αχαια
340108013a	αφ υμων γαρ εξηχηται ο λογος του κυριου ου μονον εν τη μακεδονια και αχαια αλλα και εν παντι τοπω η πιστις υμων η προς τον θεον εξεληλυθεν ωστε μη χρειαν ημας εχειν λαλειν τι
340109012e	αυτοι γαρ περι ημων απαγγελλουσιν οποιαν εισοδον {VAR1: εχομεν} {VAR2: εσχομεν} προς υμας και πως επεστρεψατε προς τον θεον απο των ειδωλων δουλευειν θεω ζωντι και αληθινω
34010a00d6	και αναμενειν τον υιον αυτου εκ των ουρανων ον ηγειρεν εκ νεκρων ιησουν τον ρυομενον ημας απο της οργης της ερχομενης
3402010089	αυτοι γαρ οιδατε αδελφοι την εισοδον ημων την προς υμας οτι ου κενη γεγονεν
3402020113	αλλα και προπαθοντες και υβρισθεντες καθως οιδατε εν φιλιπποις επαρρησιασαμεθα εν τω θεω ημων λαλησαι προς υμας το ευαγγελιον του θεου εν πολλω αγωνι
340203007a	η γαρ παρακλησις ημων ουκ εκ πλανης ουδε εξ ακαθαρσιας ουτε εν δολω
3402040116	αλλα καθως δεδοκιμασμεθα υπο του θεου πιστευθηναι το ευαγγελιον ουτως λαλουμεν ουχ ως ανθρωποις αρεσκοντες αλλα τω θεω τω δοκιμαζοντι τας καρδιας ημων
34020500b0	ουτε γαρ ποτε εν λογω κολακειας εγενηθημεν καθως οιδατε ουτε εν προφασει πλεονεξιας θεος μαρτυς
34020600c1	ουτε ζητουντες εξ ανθρωπων δοξαν ουτε αφ υμων ουτε απ αλλων δυναμενοι εν βαρει ειναι ως χριστου αποστολοι
340207007c	αλλ εγενηθημεν ηπιοι εν μεσω υμων ως αν τροφος θαλπη τα εαυτης τεκνα
34020800fe	ουτως ιμειρομενοι υμων ευδοκουμεν μεταδουναι υμιν ου μονον το ευαγγελιον του θεου αλλα και τας εαυτων ψυχας διοτι αγαπητοι ημιν γεγενησθε
340209012a	μνημονευετε γαρ αδελφοι τον κοπον ημων και τον μοχθον νυκτος γαρ και ημερας εργαζομενοι προς το μη επιβαρησαι τινα υμων εκηρυξαμεν εις υμας το ευαγγελιον του θεου
34020a00aa	υμεις μαρτυρες και ο θεος ως οσιως και δικαιως και αμεμπτως υμιν τοις πιστευουσιν εγενηθημεν
34020b00af	καθαπερ οιδατε ως ενα εκαστον υμων ως πατηρ τεκνα εαυτου παρακαλουντες υμας και παραμυθουμενοι
34020c00cb	και μαρτυρουμενοι εις το περιπατησαι υμας αξιως του θεου του καλουντος υμας εις την εαυτου βασιλειαν και δοξαν
34020d0178	δια τουτο και ημεις ευχαριστουμεν τω θεω αδιαλειπτως οτι παραλαβοντες λογον ακοης παρ ημων του θεου εδεξασθε ου λογον ανθρωπων αλλα καθως εστιν αληθως λογον θεου ος και ενεργειται εν υμιν τοις πιστευουσιν
34020e0151	υμεις γαρ μιμηται εγενηθητε αδελφοι των εκκλησιων του θεου των ουσων εν τη ιουδαια εν χριστω ιησου οτι ταυτα επαθετε και υμεις υπο των ιδιων συμφυλετων καθως και αυτοι υπο των ιουδαιων
34020f0115	των και τον κυριον αποκτειναντων ιησουν και τους ιδιους προφητας και {VAR1: υμας} {VAR2: ημας} εκδιωξαντων και θεω μη αρεσκοντων και πασιν ανθρωποις εναντιων
34021000f1	κωλυοντων ημας τοις εθνεσιν λαλησαι ινα σωθωσιν εις το αναπληρωσαι αυτων τας αμαρτιας παντοτε εφθασεν δε επ αυτους η οργη εις τελος
3402110108	ημεις δε αδελφοι απορφανισθεντες αφ υμων προς καιρον ωρας προσωπω ου καρδια περισσοτερως εσπουδασαμεν το προσωπον υμων ιδειν εν πολλη επιθυμια
34021200a6	διο ηθελησαμεν ελθειν προς υμας εγω μεν παυλος και απαξ και δις και ενεκοψεν ημας ο σατανας
34021300e2	τις γαρ ημων ελπις η χαρα η στεφανος καυχησεως η ουχι και υμεις εμπροσθεν του κυριου ημων ιησου χριστου εν τη αυτου παρουσια
3402140042	υμεις γαρ εστε η δοξα ημων και η χαρα
3403010077	διο μηκετι στεγοντες ευδοκησαμεν καταλειφθηναι εν αθηναις μονοι
340302013a	και επεμψαμεν τιμοθεον τον αδελφον ημων και διακονον του θεου και συνεργον ημων εν τω ευαγγελιω του χριστου εις το στηριξαι υμας και παρακαλεσαι υμας περι της πιστεως υμων
3403030099	τω μηδενα σαινεσθαι εν ταις θλιψεσιν ταυταις αυτοι γαρ οιδατε οτι εις τουτο κειμεθα
34030400af	και γαρ οτε προς υμας ημεν προελεγομεν υμιν οτι μελλομεν θλιβεσθαι καθως και εγενετο και οιδατε
34030500f1	δια τουτο καγω μηκετι στεγων επεμψα εις το γνωναι την πιστιν υμων μηπως επειρασεν υμας ο πειραζων και εις κενον γενηται ο κοπος ημων
3403060158	αρτι δε ελθοντος τιμοθεου προς ημας αφ υμων και ευαγγελισαμενου ημιν την πιστιν και την αγαπην υμων και οτι εχετε μνειαν ημων αγαθην παντοτε επιποθουντες ημας ιδειν καθαπερ και ημεις υμας
34030700ac	δια τουτο παρεκληθημεν αδελφοι εφ υμιν επι παση τη θλιψει και αναγκη ημων δια της υμων πιστεως
3403080049	οτι νυν ζωμεν εαν υμεις στηκητε εν κυριω
34030900da	τινα γαρ ευχαριστιαν δυναμεθα τω θεω ανταποδουναι περι υμων επι παση τη χαρα η χαιρομεν δι υμας εμπροσθεν του θεου ημων
34030a00da	νυκτος και ημερας υπερ εκπερισσου δεομενοι εις το ιδειν υμων το προσωπον και καταρτισαι τα υστερηματα της πιστεως υμων
34030b00b2	αυτος δε ο θεος και πατηρ ημων και ο κυριος ημων ιησους χριστος κατευθυναι την οδον ημων προς υμας
34030c00c2	υμας δε ο κυριος πλεονασαι και περισσευσαι τη αγαπη εις αλληλους και εις παντας καθαπερ και ημεις εις υμας
34030d0129	εις το στηριξαι υμων τας καρδιας αμεμπτους εν αγιωσυνη εμπροσθεν του θεου και πατρος ημων εν τη παρουσια του κυριου ημων ιησου χριστου μετα παντων των αγιων αυτου
3404010127	το λοιπον ουν αδελφοι ερωτωμεν υμας και παρακαλουμεν εν κυριω ιησου καθως παρελαβετε παρ ημων το πως δει υμας περιπατειν και αρεσκειν θεω ινα περισσευητε μαλλον
3404020075	οιδατε γαρ τινας παραγγελιας εδωκαμεν υμιν δια του κυριου ιησου
3404030091	τουτο γαρ εστιν θελημα του θεου ο αγιασμος υμων απεχεσθαι υμας απο της πορνειας
3404040078	ειδεναι εκαστον υμων το εαυτου σκευος κτασθαι εν αγιασμω και τιμη
3404050072	μη εν παθει επιθυμιας καθαπερ και τα εθνη τα μη ειδοτα τον θεον
340406011b	το μη υπερβαινειν και πλεονεκτειν εν τω πραγματι τον αδελφον αυτου διοτι εκδικος ο κυριος περι παντων τουτων καθως και προειπαμεν υμιν και διεμαρτυραμεθα
3404070066	ου γαρ εκαλεσεν ημας ο θεος επι ακαθαρσια αλλ εν αγιασμω
34040800b6	τοιγαρουν ο αθετων ουκ ανθρωπον αθετει αλλα τον θεον τον και δοντα το πνευμα αυτου το αγιον εις ημας
34040900c7	περι δε της φιλαδελφιας ου χρειαν εχετε γραφειν υμιν αυτοι γαρ υμεις θεοδιδακτοι εστε εις το αγαπαν αλληλους
34040a00da	και γαρ ποιειτε αυτο εις παντας τους αδελφους τους εν ολη τη μακεδονια παρακαλουμεν δε υμας αδελφοι περισσευειν μαλλον
34040b00d1	και φιλοτιμεισθαι ησυχαζειν και πρασσειν τα ιδια και εργαζεσθαι ταις ιδιαις χερσιν υμων καθως υμιν παρηγγειλαμεν
34040c0077	ινα περιπατητε ευσχημονως προς τους εξω και μηδενος χρειαν εχητε
34040d00c7	ου θελω δε υμας αγνοειν αδελφοι περι των κεκοιμημενων ινα μη λυπησθε καθως και οι λοιποι οι μη εχοντες ελπιδα
34040e00c9	ει γαρ πιστευομεν οτι ιησους απεθανεν και ανεστη ουτως και ο θεος τους κοιμηθεντας δια του ιησου αξει συν αυτω
34040f00fa	τουτο γαρ υμιν λεγομεν εν λογω κυριου οτι ημεις οι ζωντες οι περιλειπομενοι εις την παρουσιαν του κυριου ου μη φθασωμεν τους κοιμηθεντας
3404100100	οτι αυτος ο κυριος εν κελευσματι εν φωνη αρχαγγελου και εν σαλπιγγι θεου καταβησεται απ ουρανου και οι νεκροι εν χριστω αναστησονται πρωτον
3404110115	επειτα ημεις οι ζωντες οι περιλειπομενοι αμα συν αυτοις αρπαγησομεθα εν νεφελαις εις απαντησιν του κυριου εις αερα και ουτως παντοτε συν κυριω εσομεθα
340412005a	ωστε παρακαλειτε αλληλους εν τοις λογοις τουτοις
3405010084	περι δε των χρονων και των καιρων αδελφοι ου χρειαν εχετε υμιν γραφεσθαι
340502008d	αυτοι γαρ ακριβως οιδατε οτι η ημερα κυριου ως κλεπτης εν νυκτι ουτως ερχεται
34050300ed	οταν γαρ λεγωσιν ειρηνη και ασφαλεια τοτε αιφνιδιος αυτοις εφισταται ολεθρος ωσπερ η ωδιν τη εν γαστρι εχουση και ου μη εκφυγωσιν
3405040083	υμεις δε αδελφοι ουκ εστε εν σκοτει ινα η ημερα υμας ως κλεπτης καταλαβη
3405050088	παντες υμεις υιοι φωτος εστε και υιοι ημερας ουκ εσμεν νυκτος ουδε σκοτους
3405060079	αρα ουν μη καθευδωμεν ως και οι λοιποι αλλα γρηγορωμεν και νηφωμεν
340507008b	οι γαρ καθευδοντες νυκτος καθευδουσιν και οι μεθυσκομενοι νυκτος μεθυουσιν
34050800bd	ημεις δε ημερας οντες νηφωμεν ενδυσαμενοι θωρακα πιστεως και αγαπης και περικεφαλαιαν ελπιδα σωτηριας
34050900b3	οτι ουκ εθετο ημας ο θεος εις οργην αλλ εις περιποιησιν σωτηριας δια του κυριου ημων ιησου χριστου
34050a0098	του αποθανοντος υπερ ημων ινα ειτε γρηγορωμεν ειτε καθευδωμεν αμα συν αυτω ζησωμεν
34050b0082	διο παρακαλειτε αλληλους και οικοδομειτε εις τον ενα καθως και ποιειτε
34050c00ca	ερωτωμεν δε υμας αδελφοι ειδεναι τους κοπιωντας εν υμιν και προισταμενους υμων εν κυριω και νουθετουντας υμας
34050d009d	και ηγεισθαι αυτους υπερ εκπερισσου εν αγαπη δια το εργον αυτων ειρηνευετε εν εαυτοις
34050e00f5	παρακαλουμεν δε υμας αδελφοι νουθετειτε τους ατακτους παραμυθεισθε τους ολιγοψυχους αντεχεσθε των ασθενων μακροθυμειτε προς παντας
34050f00bc	ορατε μη τις κακον αντι κακου τινι αποδω αλλα παντοτε το αγαθον διωκετε και εις αλληλους και εις παντας
340510001d	παντοτε χαιρετε
340511002d	αδιαλειπτως προσευχεσθε
340512007d	εν παντι ευχαριστειτε τουτο γαρ θελημα θεου εν χριστω ιησου εις υμας
3405130027	το πνευμα μη σβεννυτε
3405140030	προφητειας μη εξουθενειτε
3405150040	παντα δοκιμαζετε το καλον κατεχετε
3405160040	απο παντος ειδους πονηρου απεχεσθε
340517012d	αυτος δε ο θεος της ειρηνης αγιασαι υμας ολοτελεις και ολοκληρον υμων το πνευμα και η ψυχη και το σωμα αμεμπτως εν τη παρουσια του κυριου ημων ιησου χριστου τηρηθειη
340518003e	πιστος ο καλων υμας ος και ποιησει
3405190037	αδελφοι προσευχεσθε περι ημων
34051a0058	ασπασασθε τους αδελφους παντας εν φιληματι αγιω
34051b008e	ορκιζω υμας τον κυριον αναγνωσθηναι την επιστολην πασιν τοις αγιοις αδελφοις
34051c00af	η χαρις του κυριου ημων ιησου χριστου μεθ υμων αμην [προς θεσσαλονικεις πρωτη εγραφη απο αθηνων]
3500000028	Προς Θεσσαλονικεις Β΄
35010100b9	παυλος και σιλουανος και τιμοθεος τη εκκλησια θεσσαλονικεων εν θεω πατρι ημων και κυριω ιησου χριστω
350102007b	χαρις υμιν και ειρηνη απο θεου πατρος ημων και κυριου ιησου χριστου
350103012b	ευχαριστειν οφειλομεν τω θεω παντοτε περι υμων αδελφοι καθως αξιον εστιν οτι υπεραυξανει η πιστις υμων και πλεοναζει η αγαπη ενος εκαστου παντων υμων εις αλληλους
350104011e	ωστε ημας αυτους εν υμιν καυχασθαι εν ταις εκκλησιαις του θεου υπερ της υπομονης υμων και πιστεως εν πασιν τοις διωγμοις υμων και ταις θλιψεσιν αις ανεχεσθε
35010500c1	ενδειγμα της δικαιας κρισεως του θεου εις το καταξιωθηναι υμας της βασιλειας του θεου υπερ ης και πασχετε
3501060074	ειπερ δικαιον παρα θεω ανταποδουναι τοις θλιβουσιν υμας θλιψιν
35010700d0	και υμιν τοις θλιβομενοις ανεσιν μεθ ημων εν τη αποκαλυψει του κυριου ιησου απ ουρανου μετ αγγελων δυναμεως αυτου
35010800df	εν πυρι φλογος διδοντος εκδικησιν τοις μη ειδοσιν θεον και τοις μη υπακουουσιν τω ευαγγελιω του κυριου ημων ιησου χριστου
35010900b3	οιτινες δικην τισουσιν ολεθρον αιωνιον απο προσωπου του κυριου και απο της δοξης της ισχυος αυτου
35010a0109	οταν ελθη ενδοξασθηναι εν τοις αγιοις αυτου και θαυμασθηναι εν πασιν τοις πιστευουσιν οτι επιστευθη το μαρτυριον ημων εφ υμας εν τη ημερα εκεινη
35010b010e	εις ο και προσευχομεθα παντοτε περι υμων ινα υμας αξιωση της κλησεως ο θεος ημων και πληρωση πασαν ευδοκιαν αγαθωσυνης και εργον πιστεως εν δυναμει
35010c00f2	οπως ενδοξασθη το ονομα του κυριου ημων ιησου χριστου εν υμιν και υμεις εν αυτω κατα την χαριν του θεου ημων και κυριου ιησου χριστου
35020100c0	ερωτωμεν δε υμας αδελφοι υπερ της παρουσιας του κυριου ημων ιησου χριστου και ημων επισυναγωγης επ αυτον
3502020123	εις το μη ταχεως σαλευθηναι υμας απο του νοος μητε θροεισθαι μητε δια πνευματος μητε δια λογου μητε δι επιστολης ως δι ημων ως οτι ενεστηκεν η ημερα του χριστου
35020300f5	μη τις υμας εξαπατηση κατα μηδενα τροπον οτι εαν μη ελθη η αποστασια πρωτον και αποκαλυφθη ο ανθρωπος της αμαρτιας ο υιος της απωλειας
3502040132	ο αντικειμενος και υπεραιρομενος επι {VAR1: παντα} {VAR2: παν το} λεγομενον θεον η σεβασμα ωστε αυτον εις τον ναον του θεου ως θεον καθισαι αποδεικνυντα εαυτον οτι εστιν θεος
3502050061	ου μνημονευετε οτι ετι ων προς υμας ταυτα ελεγον υμιν
3502060082	και νυν το κατεχον οιδατε εις το αποκαλυφθηναι αυτον εν τω εαυτου καιρω
350207009c	το γαρ μυστηριον ηδη ενεργειται της ανομιας μονον ο κατεχων αρτι εως εκ μεσου γενηται
35020800f6	και τοτε αποκαλυφθησεται ο ανομος ον ο κυριος αναλωσει τω πνευματι του στοματος αυτου και καταργησει τη επιφανεια της παρουσιας αυτου
35020900ab	ου εστιν η παρουσια κατ ενεργειαν του σατανα εν παση δυναμει και σημειοις και τερασιν ψευδους
35020a00d4	και εν παση απατη της αδικιας εν τοις απολλυμενοις ανθ ων την αγαπην της αληθειας ουκ εδεξαντο εις το σωθηναι αυτους
35020b009c	και δια τουτο πεμψει αυτοις ο θεος ενεργειαν πλανης εις το πιστευσαι αυτους τω ψευδει
35020c0092	ινα κριθωσιν παντες οι μη πιστευσαντες τη αληθεια αλλ ευδοκησαντες εν τη αδικια
35020d013b	ημεις δε οφειλομεν ευχαριστειν τω θεω παντοτε περι υμων αδελφοι ηγαπημενοι υπο κυριου οτι ειλετο υμας ο θεος απ αρχης εις σωτηριαν εν αγιασμω πνευματος και πιστει αληθειας
35020e00af	εις ο εκαλεσεν υμας δια του ευαγγελιου ημων εις περιποιησιν δοξης του κυριου ημων ιησου χριστου
35020f00be	αρα ουν αδελφοι στηκετε και κρατειτε τας παραδοσεις ας εδιδαχθητε ειτε δια λογου ειτε δι επιστολης ημων
35021000f6	αυτος δε ο κυριος ημων ιησους χριστος και ο θεος και πατηρ ημων ο αγαπησας ημας και δους παρακλησιν αιωνιαν και ελπιδα αγαθην εν χαριτι
350211008a	παρακαλεσαι υμων τας καρδιας και στηριξαι υμας εν παντι λογω και εργω αγαθω
35030100bb	το λοιπον προσευχεσθε αδελφοι περι ημων ινα ο λογος του κυριου τρεχη και δοξαζηται καθως και προς υμας
3503020089	και ινα ρυσθωμεν απο των ατοπων και πονηρων ανθρωπων ου γαρ παντων η πιστις
350303007e	πιστος δε εστιν ο κυριος ος στηριξει υμας και φυλαξει απο του πονηρου
3503040093	πεποιθαμεν δε εν κυριω εφ υμας οτι α παραγγελλομεν υμιν και ποιειτε και ποιησετε
35030500d7	ο δε κυριος κατευθυναι υμων τας καρδιας εις την αγαπην του θεου και {VAR1: εις υπομονην} {VAR2: εις την υπομονην} του χριστου
3503060144	παραγγελλομεν δε υμιν αδελφοι εν ονοματι του κυριου ημων ιησου χριστου στελλεσθαι υμας απο παντος αδελφου ατακτως περιπατουντος και μη κατα την παραδοσιν ην παρελαβεν παρ ημων
350307007b	αυτοι γαρ οιδατε πως δει μιμεισθαι ημας οτι ουκ ητακτησαμεν εν υμιν
35030800dc	ουδε δωρεαν αρτον εφαγομεν παρα τινος αλλ εν κοπω και μοχθω νυκτα και ημεραν εργαζομενοι προς το μη επιβαρησαι τινα υμων
3503090096	ουχ οτι ουκ εχομεν εξουσιαν αλλ ινα εαυτους τυπον δωμεν υμιν εις το μιμεισθαι ημας
35030a00ae	και γαρ οτε ημεν προς υμας τουτο παρηγγελλομεν υμιν οτι ει τις ου θελει εργαζεσθαι μηδε εσθιετω
35030b00a8	ακουομεν γαρ τινας περιπατουντας εν υμιν ατακτως μηδεν εργαζομενους αλλα περιεργαζομενους
35030c00ff	τοις δε τοιουτοις παραγγελλομεν και παρακαλουμεν δια του κυριου ημων ιησου χριστου ινα μετα ησυχιας εργαζομενοι τον εαυτων αρτον εσθιωσιν
35030d0053	υμεις δε αδελφοι μη εκκακησητε καλοποιουντες
35030e00ca	ει δε τις ουχ υπακουει τω λογω ημων δια της επιστολης τουτον σημειουσθε και μη συναναμιγνυσθε αυτω ινα εντραπη
35030f005e	και μη ως εχθρον ηγεισθε αλλα νουθετειτε ως αδελφον
35031000b9	αυτος δε ο κυριος της ειρηνης δωη υμιν την ειρηνην δια παντος εν παντι τροπω ο κυριος μετα παντων υμων
3503110089	ο ασπασμος τη εμη χειρι παυλου ο εστιν σημειον εν παση επιστολη ουτως γραφω
35031200c2	η χαρις του κυριου ημων ιησου χριστου μετα παντων υμων αμην [προς θεσσαλονικεις δευτερα εγραφη απο αθηνων]
360000001e	Προς Τιμοθεον Α΄
36010100bf	παυλος αποστολος ιησου χριστου κατ επιταγην θεου σωτηρος ημων και κυριου ιησου χριστου της ελπιδος ημων
36010200e9	τιμοθεω γνησιω τεκνω εν πιστει χαρις ελεος ειρηνη απο θεου πατρος ημων και {VAR1: χριστου ιησου} {VAR2: ιησου χριστου} του κυριου ημων
36010300cb	καθως παρεκαλεσα σε προσμειναι εν εφεσω πορευομενος εις μακεδονιαν ινα παραγγειλης τισιν μη ετεροδιδασκαλειν
36010400fe	μηδε προσεχειν μυθοις και γενεαλογιαις απεραντοις αιτινες ζητησεις παρεχουσιν μαλλον η {VAR1: οικονομιαν} {VAR2: οικοδομιαν} θεου την εν πιστει
36010500c3	το δε τελος της παραγγελιας εστιν αγαπη εκ καθαρας καρδιας και συνειδησεως αγαθης και πιστεως ανυποκριτου
360106005f	ων τινες αστοχησαντες εξετραπησαν εις ματαιολογιαν
36010700a5	θελοντες ειναι νομοδιδασκαλοι μη νοουντες μητε α λεγουσιν μητε περι τινων διαβεβαιουνται
3601080066	οιδαμεν δε οτι καλος ο νομος εαν τις αυτω νομιμως χρηται
3601090118	ειδως τουτο οτι δικαιω νομος ου κειται ανομοις δε και ανυποτακτοις ασεβεσιν και αμαρτωλοις ανοσιοις και βεβηλοις πατραλωαις και μητραλωαις ανδροφονοις
36010a00cc	πορνοις αρσενοκοιταις ανδραποδισταις ψευσταις επιορκοις και ει τι ετερον τη υγιαινουση διδασκαλια αντικειται
36010b0074	κατα το ευαγγελιον της δοξης του μακαριου θεου ο επιστευθην εγω
36010c00bf	και χαριν εχω τω ενδυναμωσαντι με χριστω ιησου τω κυριω ημων οτι πιστον με ηγησατο θεμενος εις διακονιαν
36010d00ae	τον προτερον οντα βλασφημον και διωκτην και υβριστην αλλ ηλεηθην οτι αγνοων εποιησα εν απιστια
36010e009c	υπερεπλεονασεν δε η χαρις του κυριου ημων μετα πιστεως και αγαπης της εν χριστω ιησου
36010f00d3	πιστος ο λογος και πασης αποδοχης αξιος οτι χριστος ιησους ηλθεν εις τον κοσμον αμαρτωλους σωσαι ων πρωτος ειμι εγω
360110011b	αλλα δια τουτο ηλεηθην ινα εν εμοι πρωτω ενδειξηται ιησους χριστος την πασαν μακροθυμιαν προς υποτυπωσιν των μελλοντων πιστευειν επ αυτω εις ζωην αιωνιον
36011100b4	τω δε βασιλει των αιωνων αφθαρτω αορατω μονω σοφω θεω τιμη και δοξα εις τους αιωνας των αιωνων αμην
36011200f9	ταυτην την παραγγελιαν παρατιθεμαι σοι τεκνον τιμοθεε κατα τας προαγουσας επι σε προφητειας ινα στρατευη εν αυταις την καλην στρατειαν
3601130095	εχων πιστιν και αγαθην συνειδησιν ην τινες απωσαμενοι περι την πιστιν εναυαγησαν
360114009e	ων εστιν υμεναιος και αλεξανδρος ους παρεδωκα τω σατανα ινα παιδευθωσιν μη βλασφημειν
36020100b7	παρακαλω ουν πρωτον παντων ποιεισθαι δεησεις προσευχας εντευξεις ευχαριστιας υπερ παντων ανθρωπων
36020200d0	υπερ βασιλεων και παντων των εν υπεροχη οντων ινα ηρεμον και ησυχιον βιον διαγωμεν εν παση ευσεβεια και σεμνοτητι
360203006d	τουτο γαρ καλον και αποδεκτον ενωπιον του σωτηρος ημων θεου
360204007d	ος παντας ανθρωπους θελει σωθηναι και εις επιγνωσιν αληθειας ελθειν
3602050081	εις γαρ θεος εις και μεσιτης θεου και ανθρωπων ανθρωπος χριστος ιησους
3602060077	ο δους εαυτον αντιλυτρον υπερ παντων το μαρτυριον καιροις ιδιοις
36020700cc	εις ο ετεθην εγω κηρυξ και αποστολος αληθειαν λεγω εν χριστω ου ψευδομαι διδασκαλος εθνων εν πιστει και αληθεια
36020800c2	βουλομαι ουν προσευχεσθαι τους ανδρας εν παντι τοπω επαιροντας οσιους χειρας χωρις οργης και διαλογισμου
360209010c	ωσαυτως και τας γυναικας εν καταστολη κοσμιω μετα αιδους και σωφροσυνης κοσμειν εαυτας μη εν πλεγμασιν η χρυσω η μαργαριταις η ιματισμω πολυτελει
36020a0078	αλλ ο πρεπει γυναιξιν επαγγελλομεναις θεοσεβειαν δι εργων αγαθων
36020b004a	γυνη εν ησυχια μανθανετω εν παση υποταγη
36020c008b	γυναικι δε διδασκειν ουκ επιτρεπω ουδε αυθεντειν ανδρος αλλ ειναι εν ησυχια
36020d003b	αδαμ γαρ πρωτος επλασθη ειτα ευα
36020e0072	και αδαμ ουκ ηπατηθη η δε γυνη απατηθεισα εν παραβασει γεγονεν
36020f00ac	σωθησεται δε δια της τεκνογονιας εαν μεινωσιν εν πιστει και αγαπη και αγιασμω μετα σωφροσυνης
3603010071	πιστος ο λογος ει τις επισκοπης ορεγεται καλου εργου επιθυμει
36030200e6	δει ουν τον επισκοπον ανεπιληπτον ειναι μιας γυναικος ανδρα {VAR1: νηφαλεον} {VAR2: νηφαλιον} σωφρονα κοσμιον φιλοξενον διδακτικον
360303007f	μη παροινον μη πληκτην μη αισχροκερδη αλλ επιεικη αμαχον αφιλαργυρον
3603040095	του ιδιου οικου καλως προισταμενον τεκνα εχοντα εν υποταγη μετα πασης σεμνοτητος
360305008e	ει δε τις του ιδιου οικου προστηναι ουκ οιδεν πως εκκλησιας θεου επιμελησεται
3603060069	μη νεοφυτον ινα μη τυφωθεις εις κριμα εμπεση του διαβολου
36030700c2	δει δε αυτον και μαρτυριαν καλην εχειν απο των εξωθεν ινα μη εις ονειδισμον εμπεση και παγιδα του διαβολου
3603080096	διακονους ωσαυτως σεμνους μη διλογους μη οινω πολλω προσεχοντας μη αισχροκερδεις
3603090063	εχοντας το μυστηριον της πιστεως εν καθαρα συνειδησει
36030a0084	και ουτοι δε δοκιμαζεσθωσαν πρωτον ειτα διακονειτωσαν ανεγκλητοι οντες
36030b0097	γυναικας ωσαυτως σεμνας μη διαβολους {VAR1: νηφαλεους} {VAR2: νηφαλιους} πιστας εν πασιν
36030c009b	διακονοι εστωσαν μιας γυναικος ανδρες τεκνων καλως προισταμενοι και των ιδιων οικων
36030d00ce	οι γαρ καλως διακονησαντες βαθμον εαυτοις καλον περιποιουνται και πολλην παρρησιαν εν πιστει τη εν χριστω ιησου
36030e0053	ταυτα σοι γραφω ελπιζων ελθειν προς σε ταχιον
36030f00e4	εαν δε βραδυνω ινα ειδης πως δει εν οικω θεου αναστρεφεσθαι ητις εστιν εκκλησια θεου ζωντος στυλος και εδραιωμα της αληθειας
360310013d	και ομολογουμενως μεγα εστιν το της ευσεβειας μυστηριον θεος εφανερωθη εν σαρκι εδικαιωθη εν πνευματι ωφθη αγγελοις εκηρυχθη εν εθνεσιν επιστευθη εν κοσμω ανεληφθη εν δοξη
36040100fe	το δε πνευμα ρητως λεγει οτι εν υστεροις καιροις αποστησονται τινες της πιστεως προσεχοντες πνευμασιν πλανοις και διδασκαλιαις δαιμονιων
3604020074	εν υποκρισει ψευδολογων κεκαυτηριασμενων την ιδιαν συνειδησιν
36040300e9	κωλυοντων γαμειν απεχεσθαι βρωματων α ο θεος εκτισεν εις μεταληψιν μετα ευχαριστιας τοις πιστοις και επεγνωκοσιν την αληθειαν
360404008c	οτι παν κτισμα θεου καλον και ουδεν αποβλητον μετα ευχαριστιας λαμβανομενον
360405004e	αγιαζεται γαρ δια λογου θεου και εντευξεως
360406010f	ταυτα υποτιθεμενος τοις αδελφοις καλος εση διακονος ιησου χριστου εντρεφομενος τοις λογοις της πιστεως και της καλης διδασκαλιας η παρηκολουθηκας
3604070093	τους δε βεβηλους και γραωδεις μυθους παραιτου γυμναζε δε σεαυτον προς ευσεβειαν
3604080100	η γαρ σωματικη γυμνασια προς ολιγον εστιν ωφελιμος η δε ευσεβεια προς παντα ωφελιμος εστιν επαγγελιαν εχουσα ζωης της νυν και της μελλουσης
3604090048	πιστος ο λογος και πασης αποδοχης αξιος
36040a00d8	εις τουτο γαρ και κοπιωμεν και ονειδιζομεθα οτι ηλπικαμεν επι θεω ζωντι ος εστιν σωτηρ παντων ανθρωπων μαλιστα πιστων
36040b0035	παραγγελλε ταυτα και διδασκε
36040c00e7	μηδεις σου της νεοτητος καταφρονειτω αλλα τυπος γινου των πιστων εν λογω εν αναστροφη εν αγαπη εν πνευματι εν πιστει εν αγνεια
36040d0070	εως ερχομαι προσεχε τη αναγνωσει τη παρακλησει τη διδασκαλια
36040e00ba	μη αμελει του εν σοι χαρισματος ο εδοθη σοι δια προφητειας μετα επιθεσεως των χειρων του πρεσβυτεριου
36040f0074	ταυτα μελετα εν τουτοις ισθι ινα σου η προκοπη φανερα η εν πασιν
36041000be	επεχε σεαυτω και τη διδασκαλια επιμενε αυτοις τουτο γαρ ποιων και σεαυτον σωσεις και τους ακουοντας σου
3605010083	πρεσβυτερω μη επιπληξης αλλα παρακαλει ως πατερα νεωτερους ως αδελφους
360502006a	πρεσβυτερας ως μητερας νεωτερας ως αδελφας εν παση αγνεια
3605030030	χηρας τιμα τας οντως χηρας
3605040139	ει δε τις χηρα τεκνα η εκγονα εχει μανθανετωσαν πρωτον τον ιδιον οικον ευσεβειν και αμοιβας αποδιδοναι τοις προγονοις τουτο γαρ εστιν καλον και αποδεκτον ενωπιον του θεου
36050500d7	η δε οντως χηρα και μεμονωμενη ηλπικεν επι τον θεον και προσμενει ταις δεησεσιν και ταις προσευχαις νυκτος και ημερας
3605060034	η δε σπαταλωσα ζωσα τεθνηκεν
360507004d	και ταυτα παραγγελλε ινα ανεπιληπτοι ωσιν
36050800b3	ει δε τις των ιδιων και μαλιστα των οικειων ου προνοει την πιστιν ηρνηται και εστιν απιστου χειρων
360509007d	χηρα καταλεγεσθω μη ελαττον ετων εξηκοντα γεγονυια ενος ανδρος γυνη
36050a010d	εν εργοις καλοις μαρτυρουμενη ει ετεκνοτροφησεν ει εξενοδοχησεν ει αγιων ποδας ενιψεν ει θλιβομενοις επηρκεσεν ει παντι εργω αγαθω επηκολουθησεν
36050b0096	νεωτερας δε χηρας παραιτου οταν γαρ καταστρηνιασωσιν του χριστου γαμειν θελουσιν
36050c0052	εχουσαι κριμα οτι την πρωτην πιστιν ηθετησαν
36050d00e4	αμα δε και αργαι μανθανουσιν περιερχομεναι τας οικιας ου μονον δε αργαι αλλα και φλυαροι και περιεργοι λαλουσαι τα μη δεοντα
36050e00d0	βουλομαι ουν νεωτερας γαμειν τεκνογονειν οικοδεσποτειν μηδεμιαν αφορμην διδοναι τω αντικειμενω λοιδοριας χαριν
36050f004e	ηδη γαρ τινες εξετραπησαν οπισω του σατανα
36051000c4	ει τις πιστος η πιστη εχει χηρας επαρκειτω αυταις και μη βαρεισθω η εκκλησια ινα ταις οντως χηραις επαρκεση
36051100bb	οι καλως προεστωτες πρεσβυτεροι διπλης τιμης αξιουσθωσαν μαλιστα οι κοπιωντες εν λογω και διδασκαλια
3605120090	λεγει γαρ η γραφη βουν αλοωντα ου φιμωσεις και αξιος ο εργατης του μισθου αυτου
360513008e	κατα πρεσβυτερου κατηγοριαν μη παραδεχου εκτος ει μη επι δυο η τριων μαρτυρων
3605140082	τους αμαρτανοντας ενωπιον παντων ελεγχε ινα και οι λοιποι φοβον εχωσιν
360515010c	διαμαρτυρομαι ενωπιον του θεου και κυριου ιησου χριστου και των εκλεκτων αγγελων ινα ταυτα φυλαξης χωρις προκριματος μηδεν ποιων κατα προσκλισιν
360516009e	χειρας ταχεως μηδενι επιτιθει μηδε κοινωνει αμαρτιαις αλλοτριαις σεαυτον αγνον τηρει
360517009c	μηκετι υδροποτει αλλ οινω ολιγω χρω δια τον στομαχον σου και τας πυκνας σου ασθενειας
36051800aa	τινων ανθρωπων αι αμαρτιαι προδηλοι εισιν προαγουσαι εις κρισιν τισιν δε και επακολουθουσιν
360519008f	ωσαυτως και τα καλα εργα προδηλα εστιν και τα αλλως εχοντα κρυβηναι ου δυναται
36060100f3	οσοι εισιν υπο ζυγον δουλοι τους ιδιους δεσποτας πασης τιμης αξιους ηγεισθωσαν ινα μη το ονομα του θεου και η διδασκαλια βλασφημηται
3606020159	οι δε πιστους εχοντες δεσποτας μη καταφρονειτωσαν οτι αδελφοι εισιν αλλα μαλλον δουλευετωσαν οτι πιστοι εισιν και αγαπητοι οι της ευεργεσιας αντιλαμβανομενοι ταυτα διδασκε και παρακαλει
36060300ec	ει τις ετεροδιδασκαλει και μη προσερχεται υγιαινουσιν λογοις τοις του κυριου ημων ιησου χριστου και τη κατ ευσεβειαν διδασκαλια
36060400e2	τετυφωται μηδεν επισταμενος αλλα νοσων περι ζητησεις και λογομαχιας εξ ων γινεται φθονος ερις βλασφημιαι υπονοιαι πονηραι
3606050109	παραδιατριβαι διεφθαρμενων ανθρωπων τον νουν και απεστερημενων της αληθειας νομιζοντων πορισμον ειναι την ευσεβειαν αφιστασο απο των τοιουτων
360606005d	εστιν δε πορισμος μεγας η ευσεβεια μετα αυταρκειας
360607008b	ουδεν γαρ εισηνεγκαμεν εις τον κοσμον δηλον οτι ουδε εξενεγκειν τι δυναμεθα
360608006c	εχοντες δε διατροφας και σκεπασματα τουτοις αρκεσθησομεθα
3606090132	οι δε βουλομενοι πλουτειν εμπιπτουσιν εις πειρασμον και παγιδα και επιθυμιας πολλας ανοητους και βλαβερας αιτινες βυθιζουσιν τους ανθρωπους εις ολεθρον και απωλειαν
36060a00f9	ριζα γαρ παντων των κακων εστιν η φιλαργυρια ης τινες ορεγομενοι απεπλανηθησαν απο της πιστεως και εαυτους περιεπειραν οδυναις πολλαις
36060b00b7	συ δε ω ανθρωπε του θεου ταυτα φευγε διωκε δε δικαιοσυνην ευσεβειαν πιστιν αγαπην υπομονην πραοτητα
36060c0103	αγωνιζου τον καλον αγωνα της πιστεως επιλαβου της αιωνιου ζωης εις ην και εκληθης και ωμολογησας την καλην ομολογιαν ενωπιον πολλων μαρτυρων
36060d00f7	παραγγελλω σοι ενωπιον του θεου του ζωοποιουντος τα παντα και χριστου ιησου του μαρτυρησαντος επι ποντιου πιλατου την καλην ομολογιαν
36060e00ad	τηρησαι σε την εντολην ασπιλον ανεπιληπτον μεχρι της επιφανειας του κυριου ημων ιησου χριστου
36060f00ca	ην καιροις ιδιοις δειξει ο μακαριος και μονος δυναστης ο βασιλευς των βασιλευοντων και κυριος των κυριευοντων
36061000d7	ο μονος εχων αθανασιαν φως οικων απροσιτον ον ειδεν ουδεις ανθρωπων ουδε ιδειν δυναται ω τιμη και κρατος αιωνιον αμην
360611012e	τοις πλουσιοις εν τω νυν αιωνι παραγγελλε μη υψηλοφρονειν μηδε ηλπικεναι επι πλουτου αδηλοτητι αλλ εν τω θεω τω ζωντι τω παρεχοντι ημιν πλουσιως παντα εις απολαυσιν
3606120081	αγαθοεργειν πλουτειν εν εργοις καλοις ευμεταδοτους ειναι κοινωνικους
36061300a1	αποθησαυριζοντας εαυτοις θεμελιον καλον εις το μελλον ινα επιλαβωνται της αιωνιου ζωης
36061400cf	ω τιμοθεε την παρακαταθηκην φυλαξον εκτρεπομενος τας βεβηλους κενοφωνιας και αντιθεσεις της ψευδωνυμου γνωσεως
3606150127	ην τινες επαγγελλομενοι περι την πιστιν ηστοχησαν η χαρις μετα σου αμην [προς τιμοθεον πρωτη εγραφη απο λαοδικειας ητις εστιν μητροπολις φρυγιας της πακατιανης]
370000001e	Προς Τιμοθεον Β΄
37010100a5	παυλος αποστολος ιησου χριστου δια θεληματος θεου κατ επαγγελιαν ζωης της εν χριστω ιησου
37010200a6	τιμοθεω αγαπητω τεκνω χαρις ελεος ειρηνη απο θεου πατρος και χριστου ιησου του κυριου ημων
37010300fc	χαριν εχω τω θεω ω λατρευω απο προγονων εν καθαρα συνειδησει ως αδιαλειπτον εχω την περι σου μνειαν εν ταις δεησεσιν μου νυκτος και ημερας
3701040073	επιποθων σε ιδειν μεμνημενος σου των δακρυων ινα χαρας πληρωθω
3701050126	υπομνησιν λαμβανων της εν σοι ανυποκριτου πιστεως ητις ενωκησεν πρωτον εν τη μαμμη σου λωιδι και τη μητρι σου {VAR1: ευνεικη} {VAR2: ευνικη} πεπεισμαι δε οτι και εν σοι
37010600c3	δι ην αιτιαν αναμιμνησκω σε αναζωπυρειν το χαρισμα του θεου ο εστιν εν σοι δια της επιθεσεως των χειρων μου
3701070095	ου γαρ εδωκεν ημιν ο θεος πνευμα δειλιας αλλα δυναμεως και αγαπης και σωφρονισμου
37010800e7	μη ουν επαισχυνθης το μαρτυριον του κυριου ημων μηδε εμε τον δεσμιον αυτου αλλα συγκακοπαθησον τω ευαγγελιω κατα δυναμιν θεου
3701090116	του σωσαντος ημας και καλεσαντος κλησει αγια ου κατα τα εργα ημων αλλα κατ ιδιαν προθεσιν και χαριν την δοθεισαν ημιν εν χριστω ιησου προ χρονων αιωνιων
37010a0118	φανερωθεισαν δε νυν δια της επιφανειας του σωτηρος ημων ιησου χριστου καταργησαντος μεν τον θανατον φωτισαντος δε ζωην και αφθαρσιαν δια του ευαγγελιου
37010b0069	εις ο ετεθην εγω κηρυξ και αποστολος και διδασκαλος εθνων
37010c0117	δι ην αιτιαν και ταυτα πασχω αλλ ουκ επαισχυνομαι οιδα γαρ ω πεπιστευκα και πεπεισμαι οτι δυνατος εστιν την παραθηκην μου φυλαξαι εις εκεινην την ημεραν
37010d00a7	υποτυπωσιν εχε υγιαινοντων λογων ων παρ εμου ηκουσας εν πιστει και αγαπη τη εν χριστω ιησου
37010e008c	την καλην παρακαταθηκην φυλαξον δια πνευματος αγιου του ενοικουντος εν ημιν
37010f009a	οιδας τουτο οτι απεστραφησαν με παντες οι εν τη ασια ων εστιν φυγελλος και ερμογενης
37011000ae	δωη ελεος ο κυριος τω ονησιφορου οικω οτι πολλακις με ανεψυξεν και την αλυσιν μου ουκ επησχυνθη
370111006c	αλλα γενομενος εν ρωμη σπουδαιοτερον εζητησεν με και ευρεν
37011200c9	δωη αυτω ο κυριος ευρειν ελεος παρα κυριου εν εκεινη τη ημερα και οσα εν εφεσω διηκονησεν βελτιον συ γινωσκεις
370201006b	συ ουν τεκνον μου ενδυναμου εν τη χαριτι τη εν χριστω ιησου
37020200d9	και α ηκουσας παρ εμου δια πολλων μαρτυρων ταυτα παραθου πιστοις ανθρωποις οιτινες ικανοι εσονται και ετερους διδαξαι
3702030061	συ ουν κακοπαθησον ως καλος στρατιωτης ιησου χριστου
37020400a4	ουδεις στρατευομενος εμπλεκεται ταις του βιου πραγματειαις ινα τω στρατολογησαντι αρεση
3702050066	εαν δε και αθλη τις ου στεφανουται εαν μη νομιμως αθληση
3702060069	τον κοπιωντα γεωργον δει πρωτον των καρπων μεταλαμβανειν
3702070058	νοει α λεγω δωη γαρ σοι ο κυριος συνεσιν εν πασιν
37020800a4	μνημονευε ιησουν χριστον εγηγερμενον εκ νεκρων εκ σπερματος δαβιδ κατα το ευαγγελιον μου
3702090081	εν ω κακοπαθω μεχρι δεσμων ως κακουργος αλλ ο λογος του θεου ου δεδεται
37020a00ce	δια τουτο παντα υπομενω δια τους εκλεκτους ινα και αυτοι σωτηριας τυχωσιν της εν χριστω ιησου μετα δοξης αιωνιου
37020b005b	πιστος ο λογος ει γαρ συναπεθανομεν και συζησομεν
37020c0084	ει υπομενομεν και συμβασιλευσομεν ει αρνουμεθα κακεινος αρνησεται ημας
37020d0076	ει απιστουμεν εκεινος πιστος μενει αρνησασθαι εαυτον ου δυναται
37020e00d6	ταυτα υπομιμνησκε διαμαρτυρομενος ενωπιον του κυριου μη λογομαχειν εις ουδεν χρησιμον επι καταστροφη των ακουοντων
37020f00be	σπουδασον σεαυτον δοκιμον παραστησαι τω θεω εργατην ανεπαισχυντον ορθοτομουντα τον λογον της αληθειας
3702100089	τας δε βεβηλους κενοφωνιας περιιστασο επι πλειον γαρ προκοψουσιν ασεβειας
3702110082	και ο λογος αυτων ως γαγγραινα νομην εξει ων εστιν υμεναιος και φιλητος
37021200c6	οιτινες περι την αληθειαν ηστοχησαν λεγοντες την αναστασιν ηδη γεγονεναι και ανατρεπουσιν την τινων πιστιν
3702130119	ο μεντοι στερεος θεμελιος του θεου εστηκεν εχων την σφραγιδα ταυτην εγνω κυριος τους οντας αυτου και αποστητω απο αδικιας πας ο ονομαζων το ονομα χριστου
37021400e0	εν μεγαλη δε οικια ουκ εστιν μονον σκευη χρυσα και αργυρα αλλα και ξυλινα και οστρακινα και α μεν εις τιμην α δε εις ατιμιαν
37021500f2	εαν ουν τις εκκαθαρη εαυτον απο τουτων εσται σκευος εις τιμην ηγιασμενον και ευχρηστον τω δεσποτη εις παν εργον αγαθον ητοιμασμενον
37021600f0	τας δε νεωτερικας επιθυμιας φευγε διωκε δε δικαιοσυνην πιστιν αγαπην ειρηνην μετα των επικαλουμενων τον κυριον εκ καθαρας καρδιας
3702170084	τας δε μωρας και απαιδευτους ζητησεις παραιτου ειδως οτι γεννωσιν μαχας
3702180098	δουλον δε κυριου ου δει μαχεσθαι αλλ ηπιον ειναι προς παντας διδακτικον ανεξικακον
37021900bf	εν πραοτητι παιδευοντα τους αντιδιατιθεμενους μηποτε δω αυτοις ο θεος μετανοιαν εις επιγνωσιν αληθειας
37021a009d	και ανανηψωσιν εκ της του διαβολου παγιδος εζωγρημενοι υπ αυτου εις το εκεινου θελημα
370301007d	τουτο δε γινωσκε οτι εν εσχαταις ημεραις ενστησονται καιροι χαλεποι
37030200ce	εσονται γαρ οι ανθρωποι φιλαυτοι φιλαργυροι αλαζονες υπερηφανοι βλασφημοι γονευσιν απειθεις αχαριστοι ανοσιοι
3703030069	αστοργοι ασπονδοι διαβολοι ακρατεις ανημεροι αφιλαγαθοι
370304006e	προδοται προπετεις τετυφωμενοι φιληδονοι μαλλον η φιλοθεοι
3703050094	εχοντες μορφωσιν ευσεβειας την δε δυναμιν αυτης ηρνημενοι και τουτους αποτρεπου
37030600f9	εκ τουτων γαρ εισιν οι ενδυνοντες εις τας οικιας και αιχμαλωτευοντες τα γυναικαρια σεσωρευμενα αμαρτιαις αγομενα επιθυμιαις ποικιλαις
3703070084	παντοτε μανθανοντα και μηδεποτε εις επιγνωσιν αληθειας ελθειν δυναμενα
370308010d	ον τροπον δε ιαννης και ιαμβρης αντεστησαν μωυσει ουτως και ουτοι ανθιστανται τη αληθεια ανθρωποι κατεφθαρμενοι τον νουν αδοκιμοι περι την πιστιν
37030900a8	αλλ ου προκοψουσιν επι πλειον η γαρ ανοια αυτων εκδηλος εσται πασιν ως και η εκεινων εγενετο
37030a00bd	συ δε παρηκολουθηκας μου τη διδασκαλια τη αγωγη τη προθεσει τη πιστει τη μακροθυμια τη αγαπη τη υπομονη
37030b00fe	τοις διωγμοις τοις παθημασιν οια μοι εγενετο εν αντιοχεια εν ικονιω εν λυστροις οιους διωγμους υπηνεγκα και εκ παντων με ερρυσατο ο κυριος
37030c007a	και παντες δε οι θελοντες ευσεβως ζην εν χριστω ιησου διωχθησονται
37030d0097	πονηροι δε ανθρωποι και γοητες προκοψουσιν επι το χειρον πλανωντες και πλανωμενοι
37030e0071	συ δε μενε εν οις εμαθες και επιστωθης ειδως παρα τινος εμαθες
37030f00c9	και οτι απο βρεφους τα ιερα γραμματα οιδας τα δυναμενα σε σοφισαι εις σωτηριαν δια πιστεως της εν χριστω ιησου
37031000d5	πασα γραφη θεοπνευστος και ωφελιμος προς διδασκαλιαν προς ελεγχον προς επανορθωσιν προς παιδειαν την εν δικαιοσυνη
370311007b	ινα αρτιος η ο του θεου ανθρωπος προς παν εργον αγαθον εξηρτισμενος
3704010124	διαμαρτυρομαι ουν εγω ενωπιον του θεου και του κυριου ιησου χριστου του μελλοντος κρινειν ζωντας και νεκρους κατα την επιφανειαν αυτου και την βασιλειαν αυτου
37040200c3	κηρυξον τον λογον επιστηθι ευκαιρως ακαιρως ελεγξον επιτιμησον παρακαλεσον εν παση μακροθυμια και διδαχη
370403011c	εσται γαρ καιρος οτε της υγιαινουσης διδασκαλιας ουκ ανεξονται αλλα κατα τας επιθυμιας τας ιδιας εαυτοις επισωρευσουσιν διδασκαλους κνηθομενοι την ακοην
3704040096	και απο μεν της αληθειας την ακοην αποστρεψουσιν επι δε τους μυθους εκτραπησονται
37040500a6	συ δε νηφε εν πασιν κακοπαθησον εργον ποιησον ευαγγελιστου την διακονιαν σου πληροφορησον
3704060074	εγω γαρ ηδη σπενδομαι και ο καιρος της εμης αναλυσεως εφεστηκεν
3704070080	τον αγωνα τον καλον ηγωνισμαι τον δρομον τετελεκα την πιστιν τετηρηκα
3704080144	λοιπον αποκειται μοι ο της δικαιοσυνης στεφανος ον αποδωσει μοι ο κυριος εν εκεινη τη ημερα ο δικαιος κριτης ου μονον δε εμοι αλλα και πασιν τοις ηγαπηκοσιν την επιφανειαν αυτου
370409003a	σπουδασον ελθειν προς με ταχεως
37040a00db	δημας γαρ με εγκατελιπεν αγαπησας τον νυν αιωνα και επορευθη εις θεσσαλονικην κρησκης εις γαλατιαν τιτος εις δαλματιαν
37040b00b5	λουκας εστιν μονος μετ εμου μαρκον αναλαβων αγε μετα σεαυτου εστιν γαρ μοι ευχρηστος εις διακονιαν
37040c003a	τυχικον δε απεστειλα εις εφεσον
37040d00d0	τον {VAR1: φαιλονην} {VAR2: φελονην} ον απελιπον εν τρωαδι παρα καρπω ερχομενος φερε και τα βιβλια μαλιστα τας μεμβρανας
37040e009e	αλεξανδρος ο χαλκευς πολλα μοι κακα ενεδειξατο αποδωη αυτω ο κυριος κατα τα εργα αυτου
37040f006f	ον και συ φυλασσου λιαν γαρ ανθεστηκεν τοις ημετεροις λογοις
37041000b2	εν τη πρωτη μου απολογια ουδεις μοι συμπαρεγενετο αλλα παντες με εγκατελιπον μη αυτοις λογισθειη
37041100f9	ο δε κυριος μοι παρεστη και ενεδυναμωσεν με ινα δι εμου το κηρυγμα πληροφορηθη και ακουση παντα τα εθνη και ερρυσθην εκ στοματος λεοντος
37041200fb	και ρυσεται με ο κυριος απο παντος εργου πονηρου και σωσει εις την βασιλειαν αυτου την επουρανιον ω η δοξα εις τους αιωνας των αιωνων αμην
370413005f	ασπασαι πρισκαν και ακυλαν και τον ονησιφορου οικον
370414007f	εραστος εμεινεν εν κορινθω τροφιμον δε απελιπον εν μιλητω ασθενουντα
37041500c4	σπουδασον προ χειμωνος ελθειν ασπαζεται σε ευβουλος και πουδης και λινος και κλαυδια και οι αδελφοι παντες
3704160186	ο κυριος ιησους χριστος μετα του πνευματος σου η χαρις μεθ υμων αμην [προς τιμοθεον δευτερα της εφεσιων εκκλησιας πρωτον επισκοπον χειροτονηθεντα εγραφη απο ρωμης οτε εκ δευτερου παρεστη παυλος τω καισαρι νερωνι]
3800000013	Προς Τιτον
38010100d0	παυλος δουλος θεου αποστολος δε ιησου χριστου κατα πιστιν εκλεκτων θεου και επιγνωσιν αληθειας της κατ ευσεβειαν
3801020083	επ ελπιδι ζωης αιωνιου ην επηγγειλατο ο αψευδης θεος προ χρονων αιωνιων
38010300c9	εφανερωσεν δε καιροις ιδιοις τον λογον αυτου εν κηρυγματι ο επιστευθην εγω κατ επιταγην του σωτηρος ημων θεου
38010400d0	τιτω γνησιω τεκνω κατα κοινην πιστιν χαρις ελεος ειρηνη απο θεου πατρος και κυριου ιησου χριστου του σωτηρος ημων
38010500e4	τουτου χαριν κατελιπον σε εν κρητη ινα τα λειποντα επιδιορθωση και καταστησης κατα πολιν πρεσβυτερους ως εγω σοι διεταξαμην
38010600b1	ει τις εστιν ανεγκλητος μιας γυναικος ανηρ τεκνα εχων πιστα μη εν κατηγορια ασωτιας η ανυποτακτα
38010700d4	δει γαρ τον επισκοπον ανεγκλητον ειναι ως θεου οικονομον μη αυθαδη μη οργιλον μη παροινον μη πληκτην μη αισχροκερδη
3801080066	αλλα φιλοξενον φιλαγαθον σωφρονα δικαιον οσιον εγκρατη
38010900fc	αντεχομενον του κατα την διδαχην πιστου λογου ινα δυνατος η και παρακαλειν εν τη διδασκαλια τη υγιαινουση και τους αντιλεγοντας ελεγχειν
38010a009b	εισιν γαρ πολλοι και ανυποτακτοι ματαιολογοι και φρεναπαται μαλιστα οι εκ περιτομης
38010b00b5	ους δει επιστομιζειν οιτινες ολους οικους ανατρεπουσιν διδασκοντες α μη δει αισχρου κερδους χαριν
38010c009b	ειπεν τις εξ αυτων ιδιος αυτων προφητης κρητες αει ψευσται κακα θηρια γαστερες αργαι
38010d00a9	η μαρτυρια αυτη εστιν αληθης δι ην αιτιαν ελεγχε αυτους αποτομως ινα υγιαινωσιν εν τη πιστει
38010e009b	μη προσεχοντες ιουδαικοις μυθοις και εντολαις ανθρωπων αποστρεφομενων την αληθειαν
38010f00ea	παντα μεν καθαρα τοις καθαροις τοις δε μεμιασμενοις και απιστοις ουδεν καθαρον αλλα μεμιανται αυτων και ο νους και η συνειδησις
38011000d2	θεον ομολογουσιν ειδεναι τοις δε εργοις αρνουνται βδελυκτοι οντες και απειθεις και προς παν εργον αγαθον αδοκιμοι
3802010053	συ δε λαλει α πρεπει τη υγιαινουση διδασκαλια
380202009d	πρεσβυτας νηφαλιους ειναι σεμνους σωφρονας υγιαινοντας τη πιστει τη αγαπη τη υπομονη
38020300c1	πρεσβυτιδας ωσαυτως εν καταστηματι ιεροπρεπεις μη διαβολους μη οινω πολλω δεδουλωμενας καλοδιδασκαλους
3802040066	ινα σωφρονιζωσιν τας νεας φιλανδρους ειναι φιλοτεκνους
38020500be	σωφρονας αγνας οικουρους αγαθας υποτασσομενας τοις ιδιοις ανδρασιν ινα μη ο λογος του θεου βλασφημηται
3802060050	τους νεωτερους ωσαυτως παρακαλει σωφρονειν
38020700b6	περι παντα σεαυτον παρεχομενος τυπον καλων εργων εν τη διδασκαλια αδιαφθοριαν σεμνοτητα αφθαρσιαν
380208009b	λογον υγιη ακαταγνωστον ινα ο εξ εναντιας εντραπη μηδεν εχων περι υμων λεγειν φαυλον
3802090095	δουλους ιδιοις δεσποταις υποτασσεσθαι εν πασιν ευαρεστους ειναι μη αντιλεγοντας
38020a00f1	μη νοσφιζομενους αλλα πιστιν πασαν ενδεικνυμενους αγαθην ινα την διδασκαλιαν του σωτηρος {VAR1: υμων} {VAR2: ημων} θεου κοσμωσιν εν πασιν
38020b0065	επεφανη γαρ η χαρις του θεου η σωτηριος πασιν ανθρωποις
38020c00ed	παιδευουσα ημας ινα αρνησαμενοι την ασεβειαν και τας κοσμικας επιθυμιας σωφρονως και δικαιως και ευσεβως ζησωμεν εν τω νυν αιωνι
38020d00c5	προσδεχομενοι την μακαριαν ελπιδα και επιφανειαν της δοξης του μεγαλου θεου και σωτηρος ημων ιησου χριστου
38020e00dc	ος εδωκεν εαυτον υπερ ημων ινα λυτρωσηται ημας απο πασης ανομιας και καθαριση εαυτω λαον περιουσιον ζηλωτην καλων εργων
38020f0095	ταυτα λαλει και παρακαλει και ελεγχε μετα πασης επιταγης μηδεις σου περιφρονειτω
38030100bc	υπομιμνησκε αυτους αρχαις και εξουσιαις υποτασσεσθαι πειθαρχειν προς παν εργον αγαθον ετοιμους ειναι
38030200b0	μηδενα βλασφημειν αμαχους ειναι επιεικεις πασαν ενδεικνυμενους πραοτητα προς παντας ανθρωπους
380303011e	ημεν γαρ ποτε και ημεις ανοητοι απειθεις πλανωμενοι δουλευοντες επιθυμιαις και ηδοναις ποικιλαις εν κακια και φθονω διαγοντες στυγητοι μισουντες αλληλους
3803040079	οτε δε η χρηστοτης και η φιλανθρωπια επεφανη του σωτηρος ημων θεου
3803050110	ουκ εξ εργων των εν δικαιοσυνη ων εποιησαμεν ημεις αλλα κατα τον αυτου ελεον εσωσεν ημας δια λουτρου παλιγγενεσιας και ανακαινωσεως πνευματος αγιου
3803060072	ου εξεχεεν εφ ημας πλουσιως δια ιησου χριστου του σωτηρος ημων
3803070092	ινα δικαιωθεντες τη εκεινου χαριτι κληρονομοι γενωμεθα κατ ελπιδα ζωης αιωνιου
3803080137	πιστος ο λογος και περι τουτων βουλομαι σε διαβεβαιουσθαι ινα φροντιζωσιν καλων εργων προιστασθαι οι πεπιστευκοτες τω θεω ταυτα εστιν τα καλα και ωφελιμα τοις ανθρωποις
38030900c1	μωρας δε ζητησεις και γενεαλογιας και ερεις και μαχας νομικας περιιστασο εισιν γαρ ανωφελεις και ματαιοι
38030a0071	αιρετικον ανθρωπον μετα μιαν και δευτεραν νουθεσιαν παραιτου
38030b0078	ειδως οτι εξεστραπται ο τοιουτος και αμαρτανει ων αυτοκατακριτος
38030c00c2	οταν πεμψω αρτεμαν προς σε η τυχικον σπουδασον ελθειν προς με εις νικοπολιν εκει γαρ κεκρικα παραχειμασαι
38030d0084	ζηναν τον νομικον και απολλω σπουδαιως προπεμψον ινα μηδεν αυτοις λειπη
38030e00b9	μανθανετωσαν δε και οι ημετεροι καλων εργων προιστασθαι εις τας αναγκαιας χρειας ινα μη ωσιν ακαρποι
38030f0176	ασπαζονται σε οι μετ εμου παντες ασπασαι τους φιλουντας ημας εν πιστει η χαρις μετα παντων υμων αμην [προς τιτον της κρητων εκκλησιας πρωτον επισκοπον χειροτονηθεντα εγραφη απο νικοπολεως της μακεδονιας]
3900000019	Προς Φιλημονα
39010100a3	παυλος δεσμιος χριστου ιησου και τιμοθεος ο αδελφος φιλημονι τω αγαπητω και συνεργω ημων
3901020096	και απφια τη αγαπητη και αρχιππω τω συστρατιωτη ημων και τη κατ οικον σου εκκλησια
390103007b	χαρις υμιν και ειρηνη απο θεου πατρος ημων και κυριου ιησου χριστου
3901040085	ευχαριστω τω θεω μου παντοτε μνειαν σου ποιουμενος επι των προσευχων μου
39010500ad	ακουων σου την αγαπην και την πιστιν ην εχεις προς τον κυριον ιησουν και εις παντας τους αγιους
39010600c1	οπως η κοινωνια της πιστεως σου ενεργης γενηται εν επιγνωσει παντος αγαθου του εν υμιν εις χριστον ιησουν
39010700e1	{VAR1: χαριν} {VAR2: χαραν} γαρ εχομεν πολλην και παρακλησιν επι τη αγαπη σου οτι τα σπλαγχνα των αγιων αναπεπαυται δια σου αδελφε
390108006f	διο πολλην εν χριστω παρρησιαν εχων επιτασσειν σοι το ανηκον
39010900b1	δια την αγαπην μαλλον παρακαλω τοιουτος ων ως παυλος πρεσβυτης νυνι δε και δεσμιος ιησου χριστου
39010a0086	παρακαλω σε περι του εμου τεκνου ον εγεννησα εν τοις δεσμοις μου ονησιμον
39010b005f	τον ποτε σοι αχρηστον νυνι δε σοι και εμοι ευχρηστον
39010c006e	ον ανεπεμψα συ δε αυτον τουτ εστιν τα εμα σπλαγχνα προσλαβου
39010d00ad	ον εγω εβουλομην προς εμαυτον κατεχειν ινα υπερ σου διακονη μοι εν τοις δεσμοις του ευαγγελιου
39010e00bb	χωρις δε της σης γνωμης ουδεν ηθελησα ποιησαι ινα μη ως κατα αναγκην το αγαθον σου η αλλα κατα εκουσιον
39010f0072	ταχα γαρ δια τουτο εχωρισθη προς ωραν ινα αιωνιον αυτον απεχης
39011000c3	ουκετι ως δουλον αλλ υπερ δουλον αδελφον αγαπητον μαλιστα εμοι ποσω δε μαλλον σοι και εν σαρκι και εν κυριω
3901110058	ει ουν εμε εχεις κοινωνον προσλαβου αυτον ως εμε
3901120059	ει δε τι ηδικησεν σε η οφειλει τουτο εμοι ελλογει
39011300a6	εγω παυλος εγραψα τη εμη χειρι εγω αποτισω ινα μη λεγω σοι οτι και σεαυτον μοι προσοφειλεις
3901140080	ναι αδελφε εγω σου οναιμην εν κυριω αναπαυσον μου τα σπλαγχνα εν κυριω
390115007c	πεποιθως τη υπακοη σου εγραψα σοι ειδως οτι και υπερ ο λεγω ποιησεις
390116009e	αμα δε και ετοιμαζε μοι ξενιαν ελπιζω γαρ οτι δια των προσευχων υμων χαρισθησομαι υμιν
390117006a	ασπαζονται σε επαφρας ο συναιχμαλωτος μου εν χριστω ιησου
3901180056	μαρκος αρισταρχος δημας λουκας οι συνεργοι μου
39011900db	η χαρις του κυριου ημων ιησου χριστου μετα του πνευματος υμων αμην [προς φιλημονα εγραφη απο ρωμης δια ονησιμου οικετου]
3a00000019	Προς Εβραιους
3a0101008f	πολυμερως και πολυτροπως παλαι ο θεος λαλησας τοις πατρασιν εν τοις προφηταις
3a010200c6	επ εσχατων των ημερων τουτων ελαλησεν ημιν εν υιω ον εθηκεν κληρονομον παντων δι ου και τους αιωνας εποιησεν
3a01030174	ος ων απαυγασμα της δοξης και χαρακτηρ της υποστασεως αυτου φερων τε τα παντα τω ρηματι της δυναμεως αυτου δι εαυτου καθαρισμον ποιησαμενος των αμαρτιων ημων εκαθισεν εν δεξια της μεγαλωσυνης εν υψηλοις
3a010400a4	τοσουτω κρειττων γενομενος των αγγελων οσω διαφορωτερον παρ αυτους κεκληρονομηκεν ονομα
3a010500f8	τινι γαρ ειπεν ποτε των αγγελων υιος μου ει συ εγω σημερον γεγεννηκα σε και παλιν εγω εσομαι αυτω εις πατερα και αυτος εσται μοι εις υιον
3a010600c7	οταν δε παλιν εισαγαγη τον πρωτοτοκον εις την οικουμενην λεγει και προσκυνησατωσαν αυτω παντες αγγελοι θεου
3a010700c7	και προς μεν τους αγγελους λεγει ο ποιων τους αγγελους αυτου πνευματα και τους λειτουργους αυτου πυρος φλογα
3a010800be	προς δε τον υιον ο θρονος σου ο θεος εις τον αιωνα του αιωνος ραβδος ευθυτητος η ραβδος της βασιλειας σου
3a010900e1	ηγαπησας δικαιοσυνην και εμισησας ανομιαν δια τουτο εχρισεν σε ο θεος ο θεος σου ελαιον αγαλλιασεως παρα τους μετοχους σου
3a010a0097	και συ κατ αρχας κυριε την γην εθεμελιωσας και εργα των χειρων σου εισιν οι ουρανοι
3a010b0081	αυτοι απολουνται συ δε διαμενεις και παντες ως ιματιον παλαιωθησονται
3a010c00b7	και ωσει περιβολαιον ελιξεις αυτους και αλλαγησονται συ δε ο αυτος ει και τα ετη σου ουκ εκλειψουσιν
3a010d00c4	προς τινα δε των αγγελων ειρηκεν ποτε καθου εκ δεξιων μου εως αν θω τους εχθρους σου υποποδιον των ποδων σου
3a010e00c8	ουχι παντες εισιν λειτουργικα πνευματα εις διακονιαν αποστελλομενα δια τους μελλοντας κληρονομειν σωτηριαν
3a02010091	δια τουτο δει περισσοτερως ημας προσεχειν τοις ακουσθεισιν μηποτε παραρρυωμεν
3a020200cc	ει γαρ ο δι αγγελων λαληθεις λογος εγενετο βεβαιος και πασα παραβασις και παρακοη ελαβεν ενδικον μισθαποδοσιαν
3a020300fc	πως ημεις εκφευξομεθα τηλικαυτης αμελησαντες σωτηριας ητις αρχην λαβουσα λαλεισθαι δια του κυριου υπο των ακουσαντων εις ημας εβεβαιωθη
3a020400ef	συνεπιμαρτυρουντος του θεου σημειοις τε και τερασιν και ποικιλαις δυναμεσιν και πνευματος αγιου μερισμοις κατα την αυτου θελησιν
3a02050082	ου γαρ αγγελοις υπεταξεν την οικουμενην την μελλουσαν περι ης λαλουμεν
3a020600bc	διεμαρτυρατο δε που τις λεγων τι εστιν ανθρωπος οτι μιμνησκη αυτου η υιος ανθρωπου οτι επισκεπτη αυτον
3a020700d7	ηλαττωσας αυτον βραχυ τι παρ αγγελους δοξη και τιμη εστεφανωσας αυτον και κατεστησας αυτον επι τα εργα των χειρων σου
3a0208010e	παντα υπεταξας υποκατω των ποδων αυτου εν γαρ τω υποταξαι αυτω τα παντα ουδεν αφηκεν αυτω ανυποτακτον νυν δε ουπω ορωμεν αυτω τα παντα υποτεταγμενα
3a02090120	τον δε βραχυ τι παρ αγγελους ηλαττωμενον βλεπομεν ιησουν δια το παθημα του θανατου δοξη και τιμη εστεφανωμενον οπως χαριτι θεου υπερ παντος γευσηται θανατου
3a020a00fc	επρεπεν γαρ αυτω δι ον τα παντα και δι ου τα παντα πολλους υιους εις δοξαν αγαγοντα τον αρχηγον της σωτηριας αυτων δια παθηματων τελειωσαι
3a020b00bd	ο τε γαρ αγιαζων και οι αγιαζομενοι εξ ενος παντες δι ην αιτιαν ουκ επαισχυνεται αδελφους αυτους καλειν
3a020c0086	λεγων απαγγελω το ονομα σου τοις αδελφοις μου εν μεσω εκκλησιας υμνησω σε
3a020d00a2	και παλιν εγω εσομαι πεποιθως επ αυτω και παλιν ιδου εγω και τα παιδια α μοι εδωκεν ο θεος
3a020e0148	επει ουν τα παιδια κεκοινωνηκεν σαρκος και αιματος και αυτος παραπλησιως μετεσχεν των αυτων ινα δια του θανατου καταργηση τον το κρατος εχοντα του θανατου τουτ εστιν τον διαβολον
3a020f0090	και απαλλαξη τουτους οσοι φοβω θανατου δια παντος του ζην ενοχοι ησαν δουλειας
3a02100084	ου γαρ δηπου αγγελων επιλαμβανεται αλλα σπερματος αβρααμ επιλαμβανεται
3a0211010d	οθεν ωφειλεν κατα παντα τοις αδελφοις ομοιωθηναι ινα ελεημων γενηται και πιστος αρχιερευς τα προς τον θεον εις το ιλασκεσθαι τας αμαρτιας του λαου
3a02120083	εν ω γαρ πεπονθεν αυτος πειρασθεις δυναται τοις πειραζομενοις βοηθησαι
3a030100dd	οθεν αδελφοι αγιοι κλησεως επουρανιου μετοχοι κατανοησατε τον αποστολον και αρχιερεα της ομολογιας ημων χριστον ιησουν
3a03020074	πιστον οντα τω ποιησαντι αυτον ως και μωσης εν ολω τω οικω αυτου
3a030300bc	πλειονος γαρ δοξης ουτος παρα μωσην ηξιωται καθ οσον πλειονα τιμην εχει του οικου ο κατασκευασας αυτον
3a03040081	πας γαρ οικος κατασκευαζεται υπο τινος ο δε τα παντα κατασκευασας θεος
3a0305009a	και μωσης μεν πιστος εν ολω τω οικω αυτου ως θεραπων εις μαρτυριον των λαληθησομενων
3a030600ff	χριστος δε ως υιος επι τον οικον αυτου ου οικος εσμεν ημεις εανπερ την παρρησιαν και το καυχημα της ελπιδος μεχρι τελους βεβαιαν κατασχωμεν
3a03070082	διο καθως λεγει το πνευμα το αγιον σημερον εαν της φωνης αυτου ακουσητε
3a030800ac	μη σκληρυνητε τας καρδιας υμων ως εν τω παραπικρασμω κατα την ημεραν του πειρασμου εν τη ερημω
3a0309009a	ου επειρασαν με οι πατερες υμων εδοκιμασαν με και ειδον τα εργα μου τεσσαρακοντα ετη
3a030a00b5	διο προσωχθισα τη γενεα εκεινη και ειπον αει πλανωνται τη καρδια αυτοι δε ουκ εγνωσαν τας οδους μου
3a030b0073	ως ωμοσα εν τη οργη μου ει εισελευσονται εις την καταπαυσιν μου
3a030c00b1	βλεπετε αδελφοι μηποτε εσται εν τινι υμων καρδια πονηρα απιστιας εν τω αποστηναι απο θεου ζωντος
3a030d00dd	αλλα παρακαλειτε εαυτους καθ εκαστην ημεραν αχρις ου το σημερον καλειται ινα μη σκληρυνθη τις εξ υμων απατη της αμαρτιας
3a030e00b5	μετοχοι γαρ γεγοναμεν του χριστου εανπερ την αρχην της υποστασεως μεχρι τελους βεβαιαν κατασχωμεν
3a030f00bf	εν τω λεγεσθαι σημερον εαν της φωνης αυτου ακουσητε μη σκληρυνητε τας καρδιας υμων ως εν τω παραπικρασμω
3a0310009c	τινες γαρ ακουσαντες παρεπικραναν αλλ ου παντες οι εξελθοντες εξ αιγυπτου δια μωσεως
3a031100a4	τισιν δε προσωχθισεν τεσσαρακοντα ετη ουχι τοις αμαρτησασιν ων τα κωλα επεσεν εν τη ερημω
3a03120094	τισιν δε ωμοσεν μη εισελευσεσθαι εις την καταπαυσιν αυτου ει μη τοις απειθησασιν
3a03130063	και βλεπομεν οτι ουκ ηδυνηθησαν εισελθειν δι απιστιαν
3a040100ce	φοβηθωμεν ουν μηποτε καταλειπομενης επαγγελιας εισελθειν εις την καταπαυσιν αυτου δοκη τις εξ υμων υστερηκεναι
3a040200f3	και γαρ εσμεν ευηγγελισμενοι καθαπερ κακεινοι αλλ ουκ ωφελησεν ο λογος της ακοης εκεινους μη συγκεκραμενος τη πιστει τοις ακουσασιν
3a04030147	εισερχομεθα γαρ εις την καταπαυσιν οι πιστευσαντες καθως ειρηκεν ως ωμοσα εν τη οργη μου ει εισελευσονται εις την καταπαυσιν μου καιτοι των εργων απο καταβολης κοσμου γενηθεντων
3a040400c6	ειρηκεν γαρ που περι της εβδομης ουτως και κατεπαυσεν ο θεος εν τη ημερα τη εβδομη απο παντων των εργων αυτου
3a0405006b	και εν τουτω παλιν ει εισελευσονται εις την καταπαυσιν μου
3a040600c2	επει ουν απολειπεται τινας εισελθειν εις αυτην και οι προτερον ευαγγελισθεντες ουκ εισηλθον δι απειθειαν
3a04070115	παλιν τινα οριζει ημεραν σημερον εν δαβιδ λεγων μετα τοσουτον χρονον καθως ειρηται σημερον εαν της φωνης αυτου ακουσητε μη σκληρυνητε τας καρδιας υμων
3a04080088	ει γαρ αυτους ιησους κατεπαυσεν ουκ αν περι αλλης ελαλει μετα ταυτα ημερας
3a04090050	αρα απολειπεται σαββατισμος τω λαω του θεου
3a040a00c3	ο γαρ εισελθων εις την καταπαυσιν αυτου και αυτος κατεπαυσεν απο των εργων αυτου ωσπερ απο των ιδιων ο θεος
3a040b00c2	σπουδασωμεν ουν εισελθειν εις εκεινην την καταπαυσιν ινα μη εν τω αυτω τις υποδειγματι πεση της απειθειας
3a040c016b	ζων γαρ ο λογος του θεου και ενεργης και τομωτερος υπερ πασαν μαχαιραν διστομον και διικνουμενος αχρι μερισμου ψυχης τε και πνευματος αρμων τε και μυελων και κριτικος ενθυμησεων και εννοιων καρδιας
3a040d00d7	και ουκ εστιν κτισις αφανης ενωπιον αυτου παντα δε γυμνα και τετραχηλισμενα τοις οφθαλμοις αυτου προς ον ημιν ο λογος
3a040e00ba	εχοντες ουν αρχιερεα μεγαν διεληλυθοτα τους ουρανους ιησουν τον υιον του θεου κρατωμεν της ομολογιας
3a040f0110	ου γαρ εχομεν αρχιερεα μη δυναμενον συμπαθησαι ταις ασθενειαις ημων {VAR1: πεπειραμενον} {VAR2: πεπειρασμενον} δε κατα παντα καθ ομοιοτητα χωρις αμαρτιας
3a041000cc	προσερχωμεθα ουν μετα παρρησιας τω θρονω της χαριτος ινα λαβωμεν ελεον και χαριν ευρωμεν εις ευκαιρον βοηθειαν
3a050100f0	πας γαρ αρχιερευς εξ ανθρωπων λαμβανομενος υπερ ανθρωπων καθισταται τα προς τον θεον ινα προσφερη δωρα τε και θυσιας υπερ αμαρτιων
3a050200a8	μετριοπαθειν δυναμενος τοις αγνοουσιν και πλανωμενοις επει και αυτος περικειται ασθενειαν
3a050300a4	και δια ταυτην οφειλει καθως περι του λαου ουτως και περι εαυτου προσφερειν υπερ αμαρτιων
3a0504009e	και ουχ εαυτω τις λαμβανει την τιμην αλλα ο καλουμενος υπο του θεου καθαπερ και ο ααρων
3a050500e1	ουτως και ο χριστος ουχ εαυτον εδοξασεν γενηθηναι αρχιερεα αλλ ο λαλησας προς αυτον υιος μου ει συ εγω σημερον γεγεννηκα σε
3a05060087	καθως και εν ετερω λεγει συ ιερευς εις τον αιωνα κατα την ταξιν μελχισεδεκ
3a05070152	ος εν ταις ημεραις της σαρκος αυτου δεησεις τε και ικετηριας προς τον δυναμενον σωζειν αυτον εκ θανατου μετα κραυγης ισχυρας και δακρυων προσενεγκας και εισακουσθεις απο της ευλαβειας
3a05080054	καιπερ ων υιος εμαθεν αφ ων επαθεν την υπακοην
3a0509008b	και τελειωθεις εγενετο τοις υπακουουσιν αυτω πασιν αιτιος σωτηριας αιωνιου
3a050a0076	προσαγορευθεις υπο του θεου αρχιερευς κατα την ταξιν μελχισεδεκ
3a050b009b	περι ου πολυς ημιν ο λογος και δυσερμηνευτος λεγειν επει νωθροι γεγονατε ταις ακοαις
3a050c0165	και γαρ οφειλοντες ειναι διδασκαλοι δια τον χρονον παλιν χρειαν εχετε του διδασκειν υμας τινα τα στοιχεια της αρχης των λογιων του θεου και γεγονατε χρειαν εχοντες γαλακτος και ου στερεας τροφης
3a050d0080	πας γαρ ο μετεχων γαλακτος απειρος λογου δικαιοσυνης νηπιος γαρ εστιν
3a050e00d7	τελειων δε εστιν η στερεα τροφη των δια την εξιν τα αισθητηρια γεγυμνασμενα εχοντων προς διακρισιν καλου τε και κακου
3a06010119	διο αφεντες τον της αρχης του χριστου λογον επι την τελειοτητα φερωμεθα μη παλιν θεμελιον καταβαλλομενοι μετανοιας απο νεκρων εργων και πιστεως επι θεον
3a06020094	βαπτισμων διδαχης επιθεσεως τε χειρων αναστασεως τε νεκρων και κριματος αιωνιου
3a0603004e	και τουτο ποιησομεν εανπερ επιτρεπη ο θεος
3a060400d7	αδυνατον γαρ τους απαξ φωτισθεντας γευσαμενους τε της δωρεας της επουρανιου και μετοχους γενηθεντας πνευματος αγιου
3a06050070	και καλον γευσαμενους θεου ρημα δυναμεις τε μελλοντος αιωνος
3a060600d5	και παραπεσοντας παλιν ανακαινιζειν εις μετανοιαν ανασταυρουντας εαυτοις τον υιον του θεου και παραδειγματιζοντας
3a06070111	γη γαρ η πιουσα τον επ αυτης πολλακις ερχομενον υετον και τικτουσα βοτανην ευθετον εκεινοις δι ους και γεωργειται μεταλαμβανει ευλογιας απο του θεου
3a0608009b	εκφερουσα δε ακανθας και τριβολους αδοκιμος και καταρας εγγυς ης το τελος εις καυσιν
3a060900a3	πεπεισμεθα δε περι υμων αγαπητοι τα κρειττονα και εχομενα σωτηριας ει και ουτως λαλουμεν
3a060a0137	ου γαρ αδικος ο θεος επιλαθεσθαι του εργου υμων και του κοπου της αγαπης ης {VAR1: ενεδειξασθε} {VAR2: ενδειξασθε} εις το ονομα αυτου διακονησαντες τοις αγιοις και διακονουντες
3a060b00c0	επιθυμουμεν δε εκαστον υμων την αυτην ενδεικνυσθαι σπουδην προς την πληροφοριαν της ελπιδος αχρι τελους
3a060c00af	ινα μη νωθροι γενησθε μιμηται δε των δια πιστεως και μακροθυμιας κληρονομουντων τας επαγγελιας
3a060d00aa	τω γαρ αβρααμ επαγγειλαμενος ο θεος επει κατ ουδενος ειχεν μειζονος ομοσαι ωμοσεν καθ εαυτου
3a060e0065	λεγων η μην ευλογων ευλογησω σε και πληθυνων πληθυνω σε
3a060f0057	και ουτως μακροθυμησας επετυχεν της επαγγελιας
3a061000b9	ανθρωποι μεν γαρ κατα του μειζονος ομνυουσιν και πασης αυτοις αντιλογιας περας εις βεβαιωσιν ο ορκος
3a061100e9	εν ω περισσοτερον βουλομενος ο θεος επιδειξαι τοις κληρονομοις της επαγγελιας το αμεταθετον της βουλης αυτου εμεσιτευσεν ορκω
3a06120102	ινα δια δυο πραγματων αμεταθετων εν οις αδυνατον ψευσασθαι θεον ισχυραν παρακλησιν εχωμεν οι καταφυγοντες κρατησαι της προκειμενης ελπιδος
3a061300c0	ην ως αγκυραν εχομεν της ψυχης ασφαλη τε και βεβαιαν και εισερχομενην εις το εσωτερον του καταπετασματος
3a061400ba	οπου προδρομος υπερ ημων εισηλθεν ιησους κατα την ταξιν μελχισεδεκ αρχιερευς γενομενος εις τον αιωνα
3a0701010c	ουτος γαρ ο μελχισεδεκ βασιλευς σαλημ ιερευς του θεου του υψιστου ο συναντησας αβρααμ υποστρεφοντι απο της κοπης των βασιλεων και ευλογησας αυτον
3a07020104	ω και δεκατην απο παντων εμερισεν αβρααμ πρωτον μεν ερμηνευομενος βασιλευς δικαιοσυνης επειτα δε και βασιλευς σαλημ ο εστιν βασιλευς ειρηνης
3a070300ea	απατωρ αμητωρ αγενεαλογητος μητε αρχην ημερων μητε ζωης τελος εχων αφωμοιωμενος δε τω υιω του θεου μενει ιερευς εις το διηνεκες
3a0704009b	θεωρειτε δε πηλικος ουτος ω και δεκατην αβρααμ εδωκεν εκ των ακροθινιων ο πατριαρχης
3a07050146	και οι μεν εκ των υιων λευι την ιερατειαν λαμβανοντες εντολην εχουσιν αποδεκατουν τον λαον κατα τον νομον τουτ εστιν τους αδελφους αυτων καιπερ εξεληλυθοτας εκ της οσφυος αβρααμ
3a070600b0	ο δε μη γενεαλογουμενος εξ αυτων δεδεκατωκεν τον αβρααμ και τον εχοντα τας επαγγελιας ευλογηκεν
3a0707007b	χωρις δε πασης αντιλογιας το ελαττον υπο του κρειττονος ευλογειται
3a0708009b	και ωδε μεν δεκατας αποθνησκοντες ανθρωποι λαμβανουσιν εκει δε μαρτυρουμενος οτι ζη
3a0709007f	και ως επος ειπειν δια αβρααμ και λευι ο δεκατας λαμβανων δεδεκατωται
3a070a0078	ετι γαρ εν τη οσφυι του πατρος ην οτε συνηντησεν αυτω ο μελχισεδεκ
3a070b0151	ει μεν ουν τελειωσις δια της λευιτικης ιερωσυνης ην ο λαος γαρ επ αυτη νενομοθετητο τις ετι χρεια κατα την ταξιν μελχισεδεκ ετερον ανιστασθαι ιερεα και ου κατα την ταξιν ααρων λεγεσθαι
3a070c0083	μετατιθεμενης γαρ της ιερωσυνης εξ αναγκης και νομου μεταθεσις γινεται
3a070d00a1	εφ ον γαρ λεγεται ταυτα φυλης ετερας μετεσχηκεν αφ ης ουδεις προσεσχηκεν τω θυσιαστηριω
3a070e00b8	προδηλον γαρ οτι εξ ιουδα ανατεταλκεν ο κυριος ημων εις ην φυλην ουδεν περι ιερωσυνης μωσης ελαλησεν
3a070f00ae	και περισσοτερον ετι καταδηλον εστιν ει κατα την ομοιοτητα μελχισεδεκ ανισταται ιερευς ετερος
3a0710008b	ος ου κατα νομον εντολης σαρκικης γεγονεν αλλα κατα δυναμιν ζωης ακαταλυτου
3a07110079	μαρτυρει γαρ οτι συ ιερευς εις τον αιωνα κατα την ταξιν μελχισεδεκ
3a0712008f	αθετησις μεν γαρ γινεται προαγουσης εντολης δια το αυτης ασθενες και ανωφελες
3a0713009b	ουδεν γαρ ετελειωσεν ο νομος επεισαγωγη δε κρειττονος ελπιδος δι ης εγγιζομεν τω θεω
3a0714003b	και καθ οσον ου χωρις ορκωμοσιας
3a07150156	οι μεν γαρ χωρις ορκωμοσιας εισιν ιερεις γεγονοτες ο δε μετα ορκωμοσιας δια του λεγοντος προς αυτον ωμοσεν κυριος και ου μεταμεληθησεται συ ιερευς εις τον αιωνα κατα την ταξιν μελχισεδεκ
3a07160068	κατα τοσουτον κρειττονος διαθηκης γεγονεν εγγυος ιησους
3a0717008f	και οι μεν πλειονες εισιν γεγονοτες ιερεις δια το θανατω κωλυεσθαι παραμενειν
3a0718007c	ο δε δια το μενειν αυτον εις τον αιωνα απαραβατον εχει την ιερωσυνην
3a071900d7	οθεν και σωζειν εις το παντελες δυναται τους προσερχομενους δι αυτου τω θεω παντοτε ζων εις το εντυγχανειν υπερ αυτων
3a071a00ea	τοιουτος γαρ ημιν επρεπεν αρχιερευς οσιος ακακος αμιαντος κεχωρισμενος απο των αμαρτωλων και υψηλοτερος των ουρανων γενομενος
3a071b012b	ος ουκ εχει καθ ημεραν αναγκην ωσπερ οι αρχιερεις προτερον υπερ των ιδιων αμαρτιων θυσιας αναφερειν επειτα των του λαου τουτο γαρ εποιησεν εφαπαξ εαυτον ανενεγκας
3a071c00ff	ο νομος γαρ ανθρωπους καθιστησιν αρχιερεις εχοντας ασθενειαν ο λογος δε της ορκωμοσιας της μετα τον νομον υιον εις τον αιωνα τετελειωμενον
3a080100e2	κεφαλαιον δε επι τοις λεγομενοις τοιουτον εχομεν αρχιερεα ος εκαθισεν εν δεξια του θρονου της μεγαλωσυνης εν τοις ουρανοις
3a0802009a	των αγιων λειτουργος και της σκηνης της αληθινης ην επηξεν ο κυριος και ουκ ανθρωπος
3a080300d0	πας γαρ αρχιερευς εις το προσφερειν δωρα τε και θυσιας καθισταται οθεν αναγκαιον εχειν τι και τουτον ο προσενεγκη
3a080400ab	ει μεν γαρ ην επι γης ουδ αν ην ιερευς οντων των ιερεων των προσφεροντων κατα τον νομον τα δωρα
3a0805014f	οιτινες υποδειγματι και σκια λατρευουσιν των επουρανιων καθως κεχρηματισται μωσης μελλων επιτελειν την σκηνην ορα γαρ φησιν ποιησης παντα κατα τον τυπον τον δειχθεντα σοι εν τω ορει
3a080600f3	νυνι δε διαφορωτερας τετευχεν λειτουργιας οσω και κρειττονος εστιν διαθηκης μεσιτης ητις επι κρειττοσιν επαγγελιαις νενομοθετηται
3a08070075	ει γαρ η πρωτη εκεινη ην αμεμπτος ουκ αν δευτερας εζητειτο τοπος
3a080800fb	μεμφομενος γαρ αυτοις λεγει ιδου ημεραι ερχονται λεγει κυριος και συντελεσω επι τον οικον ισραηλ και επι τον οικον ιουδα διαθηκην καινην
3a08090171	ου κατα την διαθηκην ην εποιησα τοις πατρασιν αυτων εν ημερα επιλαβομενου μου της χειρος αυτων εξαγαγειν αυτους εκ γης αιγυπτου οτι αυτοι ουκ ενεμειναν εν τη διαθηκη μου καγω ημελησα αυτων λεγει κυριος
3a080a0194	οτι αυτη η διαθηκη ην διαθησομαι τω οικω ισραηλ μετα τας ημερας εκεινας λεγει κυριος διδους νομους μου εις την διανοιαν αυτων και επι καρδιας αυτων επιγραψω αυτους και εσομαι αυτοις εις θεον και αυτοι εσονται μοι εις λαον
3a080b0122	και ου μη διδαξωσιν εκαστος τον πλησιον αυτου και εκαστος τον αδελφον αυτου λεγων γνωθι τον κυριον οτι παντες ειδησουσιν με απο μικρου αυτων εως μεγαλου αυτων
3a080c00b3	οτι ιλεως εσομαι ταις αδικιαις αυτων και των αμαρτιων αυτων και των ανομιων αυτων ου μη μνησθω ετι
3a080d00a7	εν τω λεγειν καινην πεπαλαιωκεν την πρωτην το δε παλαιουμενον και γηρασκον εγγυς αφανισμου
3a0901008c	ειχεν μεν ουν και η πρωτη {VAR1: σκηνη} δικαιωματα λατρειας το τε αγιον κοσμικον
3a090200bc	σκηνη γαρ κατεσκευασθη η πρωτη εν η η τε λυχνια και η τραπεζα και η προθεσις των αρτων ητις λεγεται αγια
3a0903006d	μετα δε το δευτερον καταπετασμα σκηνη η λεγομενη αγια αγιων
3a09040150	χρυσουν εχουσα θυμιατηριον και την κιβωτον της διαθηκης περικεκαλυμμενην παντοθεν χρυσιω εν η σταμνος χρυση εχουσα το μαννα και η ραβδος ααρων η βλαστησασα και αι πλακες της διαθηκης
3a090500b7	υπερανω δε αυτης χερουβιμ δοξης κατασκιαζοντα το ιλαστηριον περι ων ουκ εστιν νυν λεγειν κατα μερος
3a090600d1	τουτων δε ουτως κατεσκευασμενων εις μεν την πρωτην σκηνην διαπαντος εισιασιν οι ιερεις τας λατρειας επιτελουντες
3a090700e3	εις δε την δευτεραν απαξ του ενιαυτου μονος ο αρχιερευς ου χωρις αιματος ο προσφερει υπερ εαυτου και των του λαου αγνοηματων
3a090800d1	τουτο δηλουντος του πνευματος του αγιου μηπω πεφανερωσθαι την των αγιων οδον ετι της πρωτης σκηνης εχουσης στασιν
3a090900fc	ητις παραβολη εις τον καιρον τον ενεστηκοτα καθ ον δωρα τε και θυσιαι προσφερονται μη δυναμεναι κατα συνειδησιν τελειωσαι τον λατρευοντα
3a090a00d4	μονον επι βρωμασιν και πομασιν και διαφοροις βαπτισμοις και δικαιωμασιν σαρκος μεχρι καιρου διορθωσεως επικειμενα
3a090b010c	χριστος δε παραγενομενος αρχιερευς των μελλοντων αγαθων δια της μειζονος και τελειοτερας σκηνης ου χειροποιητου τουτ εστιν ου ταυτης της κτισεως
3a090c00d0	ουδε δι αιματος τραγων και μοσχων δια δε του ιδιου αιματος εισηλθεν εφαπαξ εις τα αγια αιωνιαν λυτρωσιν ευραμενος
3a090d00e0	ει γαρ το αιμα ταυρων και τραγων και σποδος δαμαλεως ραντιζουσα τους κεκοινωμενους αγιαζει προς την της σαρκος καθαροτητα
3a090e012a	ποσω μαλλον το αιμα του χριστου ος δια πνευματος αιωνιου εαυτον προσηνεγκεν αμωμον τω θεω καθαριει την συνειδησιν υμων απο νεκρων εργων εις το λατρευειν θεω ζωντι
3a090f014d	και δια τουτο διαθηκης καινης μεσιτης εστιν οπως θανατου γενομενου εις απολυτρωσιν των επι τη πρωτη διαθηκη παραβασεων την επαγγελιαν λαβωσιν οι κεκλημενοι της αιωνιου κληρονομιας
3a09100067	οπου γαρ διαθηκη θανατον αναγκη φερεσθαι του διαθεμενου
3a0911007f	διαθηκη γαρ επι νεκροις βεβαια επει μηποτε ισχυει οτε ζη ο διαθεμενος
3a09120052	οθεν ουδ η πρωτη χωρις αιματος εγκεκαινισται
3a0913015f	λαληθεισης γαρ πασης εντολης κατα νομον υπο μωυσεως παντι τω λαω λαβων το αιμα των μοσχων και τραγων μετα υδατος και εριου κοκκινου και υσσωπου αυτο τε το βιβλιον και παντα τον λαον ερραντισεν
3a09140073	λεγων τουτο το αιμα της διαθηκης ης ενετειλατο προς υμας ο θεος
3a09150093	και την σκηνην δε και παντα τα σκευη της λειτουργιας τω αιματι ομοιως ερραντισεν
3a091600b0	και σχεδον εν αιματι παντα καθαριζεται κατα τον νομον και χωρις αιματεκχυσιας ου γινεται αφεσις
3a091700e4	αναγκη ουν τα μεν υποδειγματα των εν τοις ουρανοις τουτοις καθαριζεσθαι αυτα δε τα επουρανια κρειττοσιν θυσιαις παρα ταυτας
3a09180103	ου γαρ εις χειροποιητα αγια εισηλθεν ο χριστος αντιτυπα των αληθινων αλλ εις αυτον τον ουρανον νυν εμφανισθηναι τω προσωπω του θεου υπερ ημων
3a091900c2	ουδ ινα πολλακις προσφερη εαυτον ωσπερ ο αρχιερευς εισερχεται εις τα αγια κατ ενιαυτον εν αιματι αλλοτριω
3a091a010a	επει εδει αυτον πολλακις παθειν απο καταβολης κοσμου νυν δε απαξ επι συντελεια των αιωνων εις αθετησιν αμαρτιας δια της θυσιας αυτου πεφανερωται
3a091b0087	και καθ οσον αποκειται τοις ανθρωποις απαξ αποθανειν μετα δε τουτο κρισις
3a091c010b	ουτως ο χριστος απαξ προσενεχθεις εις το πολλων ανενεγκειν αμαρτιας εκ δευτερου χωρις αμαρτιας οφθησεται τοις αυτον απεκδεχομενοις εις σωτηριαν
3a0a010160	σκιαν γαρ εχων ο νομος των μελλοντων αγαθων ουκ αυτην την εικονα των πραγματων κατ ενιαυτον ταις αυταις θυσιαις ας προσφερουσιν εις το διηνεκες ουδεποτε δυναται τους προσερχομενους τελειωσαι
3a0a0200db	επει ουκ αν επαυσαντο προσφερομεναι δια το μηδεμιαν εχειν ετι συνειδησιν αμαρτιων τους λατρευοντας απαξ κεκαθαρμενους
3a0a030054	αλλ εν αυταις αναμνησις αμαρτιων κατ ενιαυτον
3a0a040063	αδυνατον γαρ αιμα ταυρων και τραγων αφαιρειν αμαρτιας
3a0a0500ac	διο εισερχομενος εις τον κοσμον λεγει θυσιαν και προσφοραν ουκ ηθελησας σωμα δε κατηρτισω μοι
3a0a060053	ολοκαυτωματα και περι αμαρτιας ουκ ευδοκησας
3a0a0700a8	τοτε ειπον ιδου ηκω εν κεφαλιδι βιβλιου γεγραπται περι εμου του ποιησαι ο θεος το θελημα σου
3a0a080101	ανωτερον λεγων οτι θυσιαν και προσφοραν και ολοκαυτωματα και περι αμαρτιας ουκ ηθελησας ουδε ευδοκησας αιτινες κατα τον νομον προσφερονται
3a0a0900ab	τοτε ειρηκεν ιδου ηκω του ποιησαι ο θεος το θελημα σου αναιρει το πρωτον ινα το δευτερον στηση
3a0a0a00aa	εν ω θεληματι ηγιασμενοι εσμεν {VAR1: οι} δια της προσφορας του σωματος του ιησου χριστου εφαπαξ
3a0a0b00f8	και πας μεν ιερευς εστηκεν καθ ημεραν λειτουργων και τας αυτας πολλακις προσφερων θυσιας αιτινες ουδεποτε δυνανται περιελειν αμαρτιας
3a0a0c00a4	αυτος δε μιαν υπερ αμαρτιων προσενεγκας θυσιαν εις το διηνεκες εκαθισεν εν δεξια του θεου
3a0a0d008b	το λοιπον εκδεχομενος εως τεθωσιν οι εχθροι αυτου υποποδιον των ποδων αυτου
3a0a0e0074	μια γαρ προσφορα τετελειωκεν εις το διηνεκες τους αγιαζομενους
3a0a0f0075	μαρτυρει δε ημιν και το πνευμα το αγιον μετα γαρ το προειρηκεναι
3a0a10011f	αυτη η διαθηκη ην διαθησομαι προς αυτους μετα τας ημερας εκεινας λεγει κυριος διδους νομους μου επι καρδιας αυτων και επι των διανοιων αυτων επιγραψω αυτους
3a0a11006f	και των αμαρτιων αυτων και των ανομιων αυτων ου μη μνησθω ετι
3a0a12005f	οπου δε αφεσις τουτων ουκετι προσφορα περι αμαρτιας
3a0a130088	εχοντες ουν αδελφοι παρρησιαν εις την εισοδον των αγιων εν τω αιματι ιησου
3a0a1400b0	ην ενεκαινισεν ημιν οδον προσφατον και ζωσαν δια του καταπετασματος τουτ εστιν της σαρκος αυτου
3a0a150045	και ιερεα μεγαν επι τον οικον του θεου
3a0a16010a	προσερχωμεθα μετα αληθινης καρδιας εν πληροφορια πιστεως ερραντισμενοι τας καρδιας απο συνειδησεως πονηρας και λελουμενοι το σωμα υδατι καθαρω
3a0a170083	κατεχωμεν την ομολογιαν της ελπιδος ακλινη πιστος γαρ ο επαγγειλαμενος
3a0a180072	και κατανοωμεν αλληλους εις παροξυσμον αγαπης και καλων εργων
3a0a1900f5	μη εγκαταλειποντες την επισυναγωγην εαυτων καθως εθος τισιν αλλα παρακαλουντες και τοσουτω μαλλον οσω βλεπετε εγγιζουσαν την ημεραν
3a0a1a00cf	εκουσιως γαρ αμαρτανοντων ημων μετα το λαβειν την επιγνωσιν της αληθειας ουκετι περι αμαρτιων απολειπεται θυσια
3a0a1b0093	φοβερα δε τις εκδοχη κρισεως και πυρος ζηλος εσθιειν μελλοντος τους υπεναντιους
3a0a1c0095	αθετησας τις νομον μωσεως χωρις οικτιρμων επι δυσιν η τρισιν μαρτυσιν αποθνησκει
3a0a1d0132	ποσω δοκειτε χειρονος αξιωθησεται τιμωριας ο τον υιον του θεου καταπατησας και το αιμα της διαθηκης κοινον ηγησαμενος εν ω ηγιασθη και το πνευμα της χαριτος ενυβρισας
3a0a1e00c2	οιδαμεν γαρ τον ειποντα εμοι εκδικησις εγω ανταποδωσω λεγει κυριος και παλιν κυριος κρινει τον λαον αυτου
3a0a1f004e	φοβερον το εμπεσειν εις χειρας θεου ζωντος
3a0a2000ad	αναμιμνησκεσθε δε τας προτερον ημερας εν αις φωτισθεντες πολλην αθλησιν υπεμεινατε παθηματων
3a0a2100c5	τουτο μεν ονειδισμοις τε και θλιψεσιν θεατριζομενοι τουτο δε κοινωνοι των ουτως αναστρεφομενων γενηθεντες
3a0a22013a	και γαρ τοις δεσμοις μου συνεπαθησατε και την αρπαγην των υπαρχοντων υμων μετα χαρας προσεδεξασθε γινωσκοντες εχειν εν εαυτοις κρειττονα υπαρξιν εν ουρανοις και μενουσαν
3a0a23007d	μη αποβαλητε ουν την παρρησιαν υμων ητις εχει μισθαποδοσιαν μεγαλην
3a0a24009c	υπομονης γαρ εχετε χρειαν ινα το θελημα του θεου ποιησαντες κομισησθε την επαγγελιαν
3a0a250066	ετι γαρ μικρον οσον οσον ο ερχομενος ηξει και ου χρονιει
3a0a260097	ο δε δικαιος εκ πιστεως ζησεται και εαν υποστειληται ουκ ευδοκει η ψυχη μου εν αυτω
3a0a27008d	ημεις δε ουκ εσμεν υποστολης εις απωλειαν αλλα πιστεως εις περιποιησιν ψυχης
3a0b010082	εστιν δε πιστις ελπιζομενων υποστασις πραγματων ελεγχος ου βλεπομενων
3a0b02004d	εν ταυτη γαρ εμαρτυρηθησαν οι πρεσβυτεροι
3a0b0300b4	πιστει νοουμεν κατηρτισθαι τους αιωνας ρηματι θεου εις το μη εκ φαινομενων τα βλεπομενα γεγονεναι
3a0b04014b	πιστει πλειονα θυσιαν αβελ παρα καιν προσηνεγκεν τω θεω δι ης εμαρτυρηθη ειναι δικαιος μαρτυρουντος επι τοις δωροις αυτου του θεου και δι αυτης αποθανων ετι {VAR1: λαλειται} {VAR2: λαλει}
3a0b050117	πιστει ενωχ μετετεθη του μη ιδειν θανατον και ουχ ευρισκετο διοτι μετεθηκεν αυτον ο θεος προ γαρ της μεταθεσεως αυτου μεμαρτυρηται ευηρεστηκεναι τω θεω
3a0b0600ff	χωρις δε πιστεως αδυνατον ευαρεστησαι πιστευσαι γαρ δει τον προσερχομενον τω θεω οτι εστιν και τοις εκζητουσιν αυτον μισθαποδοτης γινεται
3a0b070162	πιστει χρηματισθεις νωε περι των μηδεπω βλεπομενων ευλαβηθεις κατεσκευασεν κιβωτον εις σωτηριαν του οικου αυτου δι ης κατεκρινεν τον κοσμον και της κατα πιστιν δικαιοσυνης εγενετο κληρονομος
3a0b0800f8	πιστει καλουμενος αβρααμ υπηκουσεν εξελθειν εις τον τοπον ον ημελλεν λαμβανειν εις κληρονομιαν και εξηλθεν μη επισταμενος που ερχεται
3a0b090107	πιστει παρωκησεν εις την γην της επαγγελιας ως αλλοτριαν εν σκηναις κατοικησας μετα ισαακ και ιακωβ των συγκληρονομων της επαγγελιας της αυτης
3a0b0a0094	εξεδεχετο γαρ την τους θεμελιους εχουσαν πολιν ης τεχνιτης και δημιουργος ο θεος
3a0b0b00f2	πιστει και αυτη σαρρα δυναμιν εις καταβολην σπερματος ελαβεν και παρα καιρον ηλικιας ετεκεν επει πιστον ηγησατο τον επαγγειλαμενον
3a0b0c010b	διο και αφ ενος εγεννηθησαν και ταυτα νενεκρωμενου καθως τα αστρα του ουρανου τω πληθει και ωσει αμμος η παρα το χειλος της θαλασσης η αναριθμητος
3a0b0d0150	κατα πιστιν απεθανον ουτοι παντες μη λαβοντες τας επαγγελιας αλλα πορρωθεν αυτας ιδοντες και πεισθεντες και ασπασαμενοι και ομολογησαντες οτι ξενοι και παρεπιδημοι εισιν επι της γης
3a0b0e0071	οι γαρ τοιαυτα λεγοντες εμφανιζουσιν οτι πατριδα επιζητουσιν
3a0b0f0081	και ει μεν εκεινης εμνημονευον αφ ης εξηλθον ειχον αν καιρον ανακαμψαι
3a0b1000fd	νυνι δε κρειττονος ορεγονται τουτ εστιν επουρανιου διο ουκ επαισχυνεται αυτους ο θεος θεος επικαλεισθαι αυτων ητοιμασεν γαρ αυτοις πολιν
3a0b1100c9	πιστει προσενηνοχεν αβρααμ τον ισαακ πειραζομενος και τον μονογενη προσεφερεν ο τας επαγγελιας αναδεξαμενος
3a0b12005c	προς ον ελαληθη οτι εν ισαακ κληθησεται σοι σπερμα
3a0b1300a6	λογισαμενος οτι και εκ νεκρων εγειρειν δυνατος ο θεος οθεν αυτον και εν παραβολη εκομισατο
3a0b14006f	πιστει περι μελλοντων ευλογησεν ισαακ τον ιακωβ και τον ησαυ
3a0b1500bf	πιστει ιακωβ αποθνησκων εκαστον των υιων ιωσηφ ευλογησεν και προσεκυνησεν επι το ακρον της ραβδου αυτου
3a0b1600bf	πιστει ιωσηφ τελευτων περι της εξοδου των υιων ισραηλ εμνημονευσεν και περι των οστεων αυτου ενετειλατο
3a0b1700fa	πιστει μωσης γεννηθεις εκρυβη τριμηνον υπο των πατερων αυτου διοτι ειδον αστειον το παιδιον και ουκ εφοβηθησαν το διαταγμα του βασιλεως
3a0b18007c	πιστει μωσης μεγας γενομενος ηρνησατο λεγεσθαι υιος θυγατρος φαραω
3a0b19009f	μαλλον ελομενος συγκακουχεισθαι τω λαω του θεου η προσκαιρον εχειν αμαρτιας απολαυσιν
3a0b1a00d3	μειζονα πλουτον ηγησαμενος των εν αιγυπτω θησαυρων τον ονειδισμον του χριστου απεβλεπεν γαρ εις την μισθαποδοσιαν
3a0b1b00b2	πιστει κατελιπεν αιγυπτον μη φοβηθεις τον θυμον του βασιλεως τον γαρ αορατον ως ορων εκαρτερησεν
3a0b1c00b4	πιστει πεποιηκεν το πασχα και την προσχυσιν του αιματος ινα μη ο ολοθρευων τα πρωτοτοκα θιγη αυτων
3a0b1d00ad	πιστει διεβησαν την ερυθραν θαλασσαν ως δια ξηρας ης πειραν λαβοντες οι αιγυπτιοι κατεποθησαν
3a0b1e0068	πιστει τα τειχη ιεριχω επεσεν κυκλωθεντα επι επτα ημερας
3a0b1f00a4	πιστει ρααβ η πορνη ου συναπωλετο τοις απειθησασιν δεξαμενη τους κατασκοπους μετ ειρηνης
3a0b2000f4	και τι ετι λεγω επιλειψει γαρ με διηγουμενον ο χρονος περι γεδεων βαρακ τε και σαμψων και ιεφθαε δαβιδ τε και σαμουηλ και των προφητων
3a0b2100c7	οι δια πιστεως κατηγωνισαντο βασιλειας ειργασαντο δικαιοσυνην επετυχον επαγγελιων εφραξαν στοματα λεοντων
3a0b2200f9	εσβεσαν δυναμιν πυρος εφυγον στοματα μαχαιρας ενεδυναμωθησαν απο ασθενειας εγενηθησαν ισχυροι εν πολεμω παρεμβολας εκλιναν αλλοτριων
3a0b230105	ελαβον γυναικες εξ αναστασεως τους νεκρους αυτων αλλοι δε ετυμπανισθησαν ου προσδεξαμενοι την απολυτρωσιν ινα κρειττονος αναστασεως τυχωσιν
3a0b240085	ετεροι δε εμπαιγμων και μαστιγων πειραν ελαβον ετι δε δεσμων και φυλακης
3a0b25010d	ελιθασθησαν επρισθησαν επειρασθησαν εν φονω μαχαιρας απεθανον περιηλθον εν μηλωταις εν αιγειοις δερμασιν υστερουμενοι θλιβομενοι κακουχουμενοι
3a0b2600ad	ων ουκ ην αξιος ο κοσμος εν ερημιαις πλανωμενοι και ορεσιν και σπηλαιοις και ταις οπαις της γης
3a0b27008e	και ουτοι παντες μαρτυρηθεντες δια της πιστεως ουκ εκομισαντο την επαγγελιαν
3a0b280089	του θεου περι ημων κρειττον τι προβλεψαμενου ινα μη χωρις ημων τελειωθωσιν
3a0c01013e	τοιγαρουν και ημεις τοσουτον εχοντες περικειμενον ημιν νεφος μαρτυρων ογκον αποθεμενοι παντα και την ευπεριστατον αμαρτιαν δι υπομονης τρεχωμεν τον προκειμενον ημιν αγωνα
3a0c020142	αφορωντες εις τον της πιστεως αρχηγον και τελειωτην ιησουν ος αντι της προκειμενης αυτω χαρας υπεμεινεν σταυρον αισχυνης καταφρονησας εν δεξια τε του θρονου του θεου εκαθισεν
3a0c0300e7	αναλογισασθε γαρ τον τοιαυτην υπομεμενηκοτα υπο των αμαρτωλων εις αυτον αντιλογιαν ινα μη καμητε ταις ψυχαις υμων εκλυομενοι
3a0c04007f	ουπω μεχρις αιματος αντικατεστητε προς την αμαρτιαν ανταγωνιζομενοι
3a0c0500ed	και εκλελησθε της παρακλησεως ητις υμιν ως υιοις διαλεγεται υιε μου μη ολιγωρει παιδειας κυριου μηδε εκλυου υπ αυτου ελεγχομενος
3a0c06007a	ον γαρ αγαπα κυριος παιδευει μαστιγοι δε παντα υιον ον παραδεχεται
3a0c0700ac	ει παιδειαν υπομενετε ως υιοις υμιν προσφερεται ο θεος τις γαρ εστιν υιος ον ου παιδευει πατηρ
3a0c080094	ει δε χωρις εστε παιδειας ης μετοχοι γεγονασιν παντες αρα νοθοι εστε και ουχ υιοι
3a0c0900fe	ειτα τους μεν της σαρκος ημων πατερας ειχομεν παιδευτας και ενετρεπομεθα ου πολλω μαλλον υποταγησομεθα τω πατρι των πνευματων και ζησομεν
3a0c0a00db	οι μεν γαρ προς ολιγας ημερας κατα το δοκουν αυτοις επαιδευον ο δε επι το συμφερον εις το μεταλαβειν της αγιοτητος αυτου
3a0c0b010c	πασα δε παιδεια προς μεν το παρον ου δοκει χαρας ειναι αλλα λυπης υστερον δε καρπον ειρηνικον τοις δι αυτης γεγυμνασμενοις αποδιδωσιν δικαιοσυνης
3a0c0c0076	διο τας παρειμενας χειρας και τα παραλελυμενα γονατα ανορθωσατε
3a0c0d0094	και τροχιας ορθας ποιησατε τοις ποσιν υμων ινα μη το χωλον εκτραπη ιαθη δε μαλλον
3a0c0e0090	ειρηνην διωκετε μετα παντων και τον αγιασμον ου χωρις ουδεις οψεται τον κυριον
3a0c0f00e2	επισκοπουντες μη τις υστερων απο της χαριτος του θεου μη τις ριζα πικριας ανω φυουσα ενοχλη και δια ταυτης μιανθωσιν πολλοι
3a0c100092	μη τις πορνος η βεβηλος ως ησαυ ος αντι βρωσεως μιας απεδοτο τα πρωτοτοκια αυτου
3a0c1100ff	ιστε γαρ οτι και μετεπειτα θελων κληρονομησαι την ευλογιαν απεδοκιμασθη μετανοιας γαρ τοπον ουχ ευρεν καιπερ μετα δακρυων εκζητησας αυτην
3a0c12009f	ου γαρ προσεληλυθατε ψηλαφωμενω ορει και κεκαυμενω πυρι και γνοφω και σκοτω και θυελλη
3a0c1300a9	και σαλπιγγος ηχω και φωνη ρηματων ης οι ακουσαντες παρητησαντο μη προστεθηναι αυτοις λογον
3a0c1400bb	ουκ εφερον γαρ το διαστελλομενον καν θηριον θιγη του ορους λιθοβοληθησεται η βολιδι κατατοξευθησεται
3a0c150089	και ουτως φοβερον ην το φανταζομενον μωσης ειπεν εκφοβος ειμι και εντρομος
3a0c1600ac	αλλα προσεληλυθατε σιων ορει και πολει θεου ζωντος ιερουσαλημ επουρανιω και μυριασιν αγγελων
3a0c1700dc	πανηγυρει και εκκλησια πρωτοτοκων εν ουρανοις απογεγραμμενων και κριτη θεω παντων και πνευμασιν δικαιων τετελειωμενων
3a0c1800b1	και διαθηκης νεας μεσιτη ιησου και αιματι ραντισμου κρειττονα λαλουντι παρα {VAR1: τον} {VAR2: το} αβελ
3a0c190125	βλεπετε μη παραιτησησθε τον λαλουντα ει γαρ εκεινοι ουκ εφυγον τον επι της γης παραιτησαμενοι χρηματιζοντα πολλω μαλλον ημεις οι τον απ ουρανων αποστρεφομενοι
3a0c1a00ca	ου η φωνη την γην εσαλευσεν τοτε νυν δε επηγγελται λεγων ετι απαξ εγω σειω ου μονον την γην αλλα και τον ουρανον
3a0c1b00a9	το δε ετι απαξ δηλοι των σαλευομενων την μεταθεσιν ως πεποιημενων ινα μεινη τα μη σαλευομενα
3a0c1c00d1	διο βασιλειαν ασαλευτον παραλαμβανοντες εχωμεν χαριν δι ης λατρευωμεν ευαρεστως τω θεω μετα αιδους και ευλαβειας
3a0c1d0042	και γαρ ο θεος ημων πυρ καταναλισκον
3a0d010024	η φιλαδελφια μενετω
3a0d020094	της φιλοξενιας μη επιλανθανεσθε δια ταυτης γαρ ελαθον τινες ξενισαντες αγγελους
3a0d0300a0	μιμνησκεσθε των δεσμιων ως συνδεδεμενοι των κακουχουμενων ως και αυτοι οντες εν σωματι
3a0d040093	τιμιος ο γαμος εν πασιν και η κοιτη αμιαντος πορνους δε και μοιχους κρινει ο θεος
3a0d0500b7	αφιλαργυρος ο τροπος αρκουμενοι τοις παρουσιν αυτος γαρ ειρηκεν ου μη σε ανω ουδ ου μη σε εγκαταλιπω
3a0d0600a5	ωστε θαρρουντας ημας λεγειν κυριος εμοι βοηθος και ου φοβηθησομαι τι ποιησει μοι ανθρωπος
3a0d0700fb	μνημονευετε των ηγουμενων υμων οιτινες ελαλησαν υμιν τον λογον του θεου ων αναθεωρουντες την εκβασιν της αναστροφης μιμεισθε την πιστιν
3a0d08006c	ιησους χριστος χθες και σημερον ο αυτος και εις τους αιωνας
3a0d0900ff	διδαχαις ποικιλαις και ξεναις μη περιφερεσθε καλον γαρ χαριτι βεβαιουσθαι την καρδιαν ου βρωμασιν εν οις ουκ ωφεληθησαν οι περιπατησαντες
3a0d0a008f	εχομεν θυσιαστηριον εξ ου φαγειν ουκ εχουσιν εξουσιαν οι τη σκηνη λατρευοντες
3a0d0b00e0	ων γαρ εισφερεται ζωων το αιμα περι αμαρτιας εις τα αγια δια του αρχιερεως τουτων τα σωματα κατακαιεται εξω της παρεμβολης
3a0d0c008c	διο και ιησους ινα αγιαση δια του ιδιου αιματος τον λαον εξω της πυλης επαθεν
3a0d0d0090	τοινυν εξερχωμεθα προς αυτον εξω της παρεμβολης τον ονειδισμον αυτου φεροντες
3a0d0e0075	ου γαρ εχομεν ωδε μενουσαν πολιν αλλα την μελλουσαν επιζητουμεν
3a0d0f00d0	δι αυτου ουν αναφερωμεν θυσιαν αινεσεως διαπαντος τω θεω τουτ εστιν καρπον χειλεων ομολογουντων τω ονοματι αυτου
3a0d1000a4	της δε ευποιιας και κοινωνιας μη επιλανθανεσθε τοιαυταις γαρ θυσιαις ευαρεστειται ο θεος
3a0d11014b	πειθεσθε τοις ηγουμενοις υμων και υπεικετε αυτοι γαρ αγρυπνουσιν υπερ των ψυχων υμων ως λογον αποδωσοντες ινα μετα χαρας τουτο ποιωσιν και μη στεναζοντες αλυσιτελες γαρ υμιν τουτο
3a0d1200bf	προσευχεσθε περι ημων πεποιθαμεν γαρ οτι καλην συνειδησιν εχομεν εν πασιν καλως θελοντες αναστρεφεσθαι
3a0d13007e	περισσοτερως δε παρακαλω τουτο ποιησαι ινα ταχιον αποκατασταθω υμιν
3a0d1400e8	ο δε θεος της ειρηνης ο αναγαγων εκ νεκρων τον ποιμενα των προβατων τον μεγαν εν αιματι διαθηκης αιωνιου τον κυριον ημων ιησουν
3a0d15012e	καταρτισαι υμας εν παντι εργω αγαθω εις το ποιησαι το θελημα αυτου ποιων εν υμιν το ευαρεστον ενωπιον αυτου δια ιησου χριστου ω η δοξα εις τους αιωνας των αιωνων αμην
3a0d1600ae	παρακαλω δε υμας αδελφοι ανεχεσθε του λογου της παρακλησεως και γαρ δια βραχεων επεστειλα υμιν
3a0d170097	γινωσκετε τον αδελφον τιμοθεον απολελυμενον μεθ ου εαν ταχιον ερχηται οψομαι υμας
3a0d1800b0	ασπασασθε παντας τους ηγουμενους υμων και παντας τους αγιους ασπαζονται υμας οι απο της ιταλιας
3a0d190093	η χαρις μετα παντων υμων αμην [προς εβραιους εγραφη απο της ιταλιας δια τιμοθεου]
3b0000000e	Ιακωβου
3b010100a8	ιακωβος θεου και κυριου ιησου χριστου δουλος ταις δωδεκα φυλαις ταις εν τη διασπορα χαιρειν
3b01020082	πασαν χαραν ηγησασθε αδελφοι μου οταν πειρασμοις περιπεσητε ποικιλοις
3b0103007c	γινωσκοντες οτι το δοκιμιον υμων της πιστεως κατεργαζεται υπομονην
3b01040099	η δε υπομονη εργον τελειον εχετω ινα ητε τελειοι και ολοκληροι εν μηδενι λειπομενοι
3b010500ce	ει δε τις υμων λειπεται σοφιας αιτειτω παρα του διδοντος θεου πασιν απλως και μη ονειδιζοντος και δοθησεται αυτω
3b010600d0	αιτειτω δε εν πιστει μηδεν διακρινομενος ο γαρ διακρινομενος εοικεν κλυδωνι θαλασσης ανεμιζομενω και ριπιζομενω
3b01070073	μη γαρ οιεσθω ο ανθρωπος εκεινος οτι ληψεται τι παρα του κυριου
3b0108005f	ανηρ διψυχος ακαταστατος εν πασαις ταις οδοις αυτου
3b01090059	καυχασθω δε ο αδελφος ο ταπεινος εν τω υψει αυτου
3b010a007f	ο δε πλουσιος εν τη ταπεινωσει αυτου οτι ως ανθος χορτου παρελευσεται
3b010b0159	ανετειλεν γαρ ο ηλιος συν τω καυσωνι και εξηρανεν τον χορτον και το ανθος αυτου εξεπεσεν και η ευπρεπεια του προσωπου αυτου απωλετο ουτως και ο πλουσιος εν ταις πορειαις αυτου μαρανθησεται
3b010c00f3	μακαριος ανηρ ος υπομενει πειρασμον οτι δοκιμος γενομενος ληψεται τον στεφανον της ζωης ον επηγγειλατο ο κυριος τοις αγαπωσιν αυτον
3b010d00d1	μηδεις πειραζομενος λεγετω οτι απο του θεου πειραζομαι ο γαρ θεος απειραστος εστιν κακων πειραζει δε αυτος ουδενα
3b010e008b	εκαστος δε πειραζεται υπο της ιδιας επιθυμιας εξελκομενος και δελεαζομενος
3b010f009f	ειτα η επιθυμια συλλαβουσα τικτει αμαρτιαν η δε αμαρτια αποτελεσθεισα αποκυει θανατον
3b0110003c	μη πλανασθε αδελφοι μου αγαπητοι
3b011100f2	πασα δοσις αγαθη και παν δωρημα τελειον ανωθεν εστιν καταβαινον απο του πατρος των φωτων παρ ω ουκ ενι παραλλαγη η τροπης αποσκιασμα
3b011200a5	βουληθεις απεκυησεν ημας λογω αληθειας εις το ειναι ημας απαρχην τινα των αυτου κτισματων
3b011300bd	ωστε αδελφοι μου αγαπητοι εστω πας ανθρωπος ταχυς εις το ακουσαι βραδυς εις το λαλησαι βραδυς εις οργην
3b0114005a	οργη γαρ ανδρος δικαιοσυνην θεου ου κατεργαζεται
3b011500e6	διο αποθεμενοι πασαν ρυπαριαν και περισσειαν κακιας εν πραυτητι δεξασθε τον εμφυτον λογον τον δυναμενον σωσαι τας ψυχας υμων
3b01160083	γινεσθε δε ποιηται λογου και μη μονον ακροαται παραλογιζομενοι εαυτους
3b011700db	οτι ει τις ακροατης λογου εστιν και ου ποιητης ουτος εοικεν ανδρι κατανοουντι το προσωπον της γενεσεως αυτου εν εσοπτρω
3b0118007d	κατενοησεν γαρ εαυτον και απεληλυθεν και ευθεως επελαθετο οποιος ην
3b01190135	ο δε παρακυψας εις νομον τελειον τον της ελευθεριας και παραμεινας ουτος ουκ ακροατης επιλησμονης γενομενος αλλα ποιητης εργου ουτος μακαριος εν τη ποιησει αυτου εσται
3b011a00d2	ει τις δοκει θρησκος ειναι εν υμιν μη χαλιναγωγων γλωσσαν αυτου αλλ απατων καρδιαν αυτου τουτου ματαιος η θρησκεια
3b011b0114	θρησκεια καθαρα και αμιαντος παρα τω θεω και πατρι αυτη εστιν επισκεπτεσθαι ορφανους και χηρας εν τη θλιψει αυτων ασπιλον εαυτον τηρειν απο του κοσμου
3b020100a4	αδελφοι μου μη εν προσωποληψιαις εχετε την πιστιν του κυριου ημων ιησου χριστου της δοξης
3b020200d2	εαν γαρ εισελθη εις την συναγωγην υμων ανηρ χρυσοδακτυλιος εν εσθητι λαμπρα εισελθη δε και πτωχος εν ρυπαρα εσθητι
3b0203011b	και επιβλεψητε επι τον φορουντα την εσθητα την λαμπραν και ειπητε αυτω συ καθου ωδε καλως και τω πτωχω ειπητε συ στηθι εκει η καθου ωδε υπο το υποποδιον μου
3b0204007f	και ου διεκριθητε εν εαυτοις και εγενεσθε κριται διαλογισμων πονηρων
3b02050134	ακουσατε αδελφοι μου αγαπητοι ουχ ο θεος εξελεξατο τους πτωχους του κοσμου τουτου πλουσιους εν πιστει και κληρονομους της βασιλειας ης επηγγειλατο τοις αγαπωσιν αυτον
3b020600c3	υμεις δε ητιμασατε τον πτωχον ουχ οι πλουσιοι καταδυναστευουσιν υμων και αυτοι ελκουσιν υμας εις κριτηρια
3b0207006b	ουκ αυτοι βλασφημουσιν το καλον ονομα το επικληθεν εφ υμας
3b020800b9	ει μεντοι νομον τελειτε βασιλικον κατα την γραφην αγαπησεις τον πλησιον σου ως σεαυτον καλως ποιειτε
3b02090094	ει δε προσωποληπτειτε αμαρτιαν εργαζεσθε ελεγχομενοι υπο του νομου ως παραβαται
3b020a0084	οστις γαρ ολον τον νομον τηρησει πταισει δε εν ενι γεγονεν παντων ενοχος
3b020b00bd	ο γαρ ειπων μη μοιχευσης ειπεν και μη φονευσης ει δε ου μοιχευσεις φονευσεις δε γεγονας παραβατης νομου
3b020c008c	ουτως λαλειτε και ουτως ποιειτε ως δια νομου ελευθεριας μελλοντες κρινεσθαι
3b020d0087	η γαρ κρισις ανιλεως τω μη ποιησαντι ελεος και κατακαυχαται ελεος κρισεως
3b020e00af	τι το οφελος αδελφοι μου εαν πιστιν λεγη τις εχειν εργα δε μη εχη μη δυναται η πιστις σωσαι αυτον
3b020f0094	εαν δε αδελφος η αδελφη γυμνοι υπαρχωσιν και λειπομενοι ωσιν της εφημερου τροφης
3b021000e8	ειπη δε τις αυτοις εξ υμων υπαγετε εν ειρηνη θερμαινεσθε και χορταζεσθε μη δωτε δε αυτοις τα επιτηδεια του σωματος τι το οφελος
3b02110067	ουτως και η πιστις εαν μη εργα εχη νεκρα εστιν καθ εαυτην
3b02120108	αλλ ερει τις συ πιστιν εχεις καγω εργα εχω δειξον μοι την πιστιν σου {VAR1: εκ} {VAR2: χωρις} των εργων σου καγω δειξω σοι εκ των εργων μου την πιστιν μου
3b021300a4	συ πιστευεις οτι ο θεος εις εστιν καλως ποιεις και τα δαιμονια πιστευουσιν και φρισσουσιν
3b02140083	θελεις δε γνωναι ω ανθρωπε κενε οτι η πιστις χωρις των εργων νεκρα εστιν
3b021500ab	αβρααμ ο πατηρ ημων ουκ εξ εργων εδικαιωθη ανενεγκας ισαακ τον υιον αυτου επι το θυσιαστηριον
3b02160098	βλεπεις οτι η πιστις συνηργει τοις εργοις αυτου και εκ των εργων η πιστις ετελειωθη
3b021700d1	και επληρωθη η γραφη η λεγουσα επιστευσεν δε αβρααμ τω θεω και ελογισθη αυτω εις δικαιοσυνην και φιλος θεου εκληθη
3b02180081	ορατε τοινυν οτι εξ εργων δικαιουται ανθρωπος και ουκ εκ πιστεως μονον
3b021900b6	ομοιως δε και ρααβ η πορνη ουκ εξ εργων εδικαιωθη υποδεξαμενη τους αγγελους και ετερα οδω εκβαλουσα
3b021a00aa	ωσπερ γαρ το σωμα χωρις πνευματος νεκρον εστιν ουτως και η πιστις χωρις των εργων νεκρα εστιν
3b0301008a	μη πολλοι διδασκαλοι γινεσθε αδελφοι μου ειδοτες οτι μειζον κριμα ληψομεθα
3b030200c8	πολλα γαρ πταιομεν απαντες ει τις εν λογω ου πταιει ουτος τελειος ανηρ δυνατος χαλιναγωγησαι και ολον το σωμα
3b030300d3	ιδου των ιππων τους χαλινους εις τα στοματα βαλλομεν προς το πειθεσθαι αυτους ημιν και ολον το σωμα αυτων μεταγομεν
3b030400ff	ιδου και τα πλοια τηλικαυτα οντα και υπο σκληρων ανεμων ελαυνομενα μεταγεται υπο ελαχιστου πηδαλιου οπου αν η ορμη του ευθυνοντος βουληται
3b030500a2	ουτως και η γλωσσα μικρον μελος εστιν και μεγαλαυχει ιδου ολιγον πυρ ηλικην υλην αναπτει
3b03060147	και η γλωσσα πυρ ο κοσμος της αδικιας ουτως η γλωσσα καθισταται εν τοις μελεσιν ημων η σπιλουσα ολον το σωμα και φλογιζουσα τον τροχον της γενεσεως και φλογιζομενη υπο της γεεννης
3b030700c5	πασα γαρ φυσις θηριων τε και πετεινων ερπετων τε και εναλιων δαμαζεται και δεδαμασται τη φυσει τη ανθρωπινη
3b030800a1	την δε γλωσσαν ουδεις δυναται ανθρωπων δαμασαι ακατασχετον κακον μεστη ιου θανατηφορου
3b030900c9	εν αυτη ευλογουμεν τον θεον και πατερα και εν αυτη καταρωμεθα τους ανθρωπους τους καθ ομοιωσιν θεου γεγονοτας
3b030a00a6	εκ του αυτου στοματος εξερχεται ευλογια και καταρα ου χρη αδελφοι μου ταυτα ουτως γινεσθαι
3b030b0068	μητι η πηγη εκ της αυτης οπης βρυει το γλυκυ και το πικρον
3b030c00c3	μη δυναται αδελφοι μου συκη ελαιας ποιησαι η αμπελος συκα ουτως ουδεμια πηγη αλυκον και γλυκυ ποιησαι υδωρ
3b030d00b0	τις σοφος και επιστημων εν υμιν δειξατω εκ της καλης αναστροφης τα εργα αυτου εν πραυτητι σοφιας
3b030e00bb	ει δε ζηλον πικρον εχετε και εριθειαν εν τη καρδια υμων μη κατακαυχασθε και ψευδεσθε κατα της αληθειας
3b030f0088	ουκ εστιν αυτη η σοφια ανωθεν κατερχομενη αλλ επιγειος ψυχικη δαιμονιωδης
3b03100078	οπου γαρ ζηλος και εριθεια εκει ακαταστασια και παν φαυλον πραγμα
3b031100f3	η δε ανωθεν σοφια πρωτον μεν αγνη εστιν επειτα ειρηνικη επιεικης ευπειθης μεστη ελεους και καρπων αγαθων αδιακριτος και ανυποκριτος
3b0312007d	καρπος δε της δικαιοσυνης εν ειρηνη σπειρεται τοις ποιουσιν ειρηνην
3b040100bb	ποθεν πολεμοι και μαχαι εν υμιν ουκ εντευθεν εκ των ηδονων υμων των στρατευομενων εν τοις μελεσιν υμων
3b040200ef	επιθυμειτε και ουκ εχετε φονευετε και ζηλουτε και ου δυνασθε επιτυχειν μαχεσθε και πολεμειτε ουκ εχετε δε δια το μη αιτεισθαι υμας
3b04030096	αιτειτε και ου λαμβανετε διοτι κακως αιτεισθε ινα εν ταις ηδοναις υμων δαπανησητε
3b04040107	μοιχοι και μοιχαλιδες ουκ οιδατε οτι η φιλια του κοσμου εχθρα του θεου εστιν ος αν ουν βουληθη φιλος ειναι του κοσμου εχθρος του θεου καθισταται
3b04050099	η δοκειτε οτι κενως η γραφη λεγει προς φθονον επιποθει το πνευμα ο κατωκησεν εν ημιν
3b040600ad	μειζονα δε διδωσιν χαριν διο λεγει ο θεος υπερηφανοις αντιτασσεται ταπεινοις δε διδωσιν χαριν
3b04070072	υποταγητε ουν τω θεω αντιστητε τω διαβολω και φευξεται αφ υμων
3b040800a4	εγγισατε τω θεω και εγγιει υμιν καθαρισατε χειρας αμαρτωλοι και αγνισατε καρδιας διψυχοι
3b040900bd	ταλαιπωρησατε και πενθησατε και κλαυσατε ο γελως υμων εις πενθος μεταστραφητω και η χαρα εις κατηφειαν
3b040a0056	ταπεινωθητε ενωπιον του κυριου και υψωσει υμας
3b040b0130	μη καταλαλειτε αλληλων αδελφοι ο καταλαλων αδελφου και κρινων τον αδελφον αυτου καταλαλει νομου και κρινει νομον ει δε νομον κρινεις ουκ ει ποιητης νομου αλλα κριτης
3b040c0099	εις εστιν ο νομοθετης ο δυναμενος σωσαι και απολεσαι συ τις ει ος κρινεις τον ετερον
3b040d0177	αγε νυν οι λεγοντες σημερον {VAR1: και} {VAR2: η} αυριον πορευσωμεθα εις τηνδε την πολιν και {VAR1: ποιησωμεν} {VAR2: ποιησομεν} εκει ενιαυτον ενα και {VAR1: εμπορευσωμεθα και κερδησωμεν} {VAR2: εμπορευσομεθα και κερδησομεν}
3b040e00d6	οιτινες ουκ επιστασθε το της αυριον ποια γαρ η ζωη υμων ατμις γαρ εστιν η προς ολιγον φαινομενη επειτα δε αφανιζομενη
3b040f00cd	αντι του λεγειν υμας εαν ο κυριος θεληση και {VAR1: ζησωμεν και ποιησωμεν} {VAR2: ζησομεν και ποιησομεν} τουτο η εκεινο
3b0410008b	νυν δε καυχασθε εν ταις αλαζονειαις υμων πασα καυχησις τοιαυτη πονηρα εστιν
3b0411006b	ειδοτι ουν καλον ποιειν και μη ποιουντι αμαρτια αυτω εστιν
3b0501009f	αγε νυν οι πλουσιοι κλαυσατε ολολυζοντες επι ταις ταλαιπωριαις υμων ταις επερχομεναις
3b0502006d	ο πλουτος υμων σεσηπεν και τα ιματια υμων σητοβρωτα γεγονεν
3b05030109	ο χρυσος υμων και ο αργυρος κατιωται και ο ιος αυτων εις μαρτυριον υμιν εσται και φαγεται τας σαρκας υμων ως πυρ εθησαυρισατε εν εσχαταις ημεραις
3b05040115	ιδου ο μισθος των εργατων των αμησαντων τας χωρας υμων ο απεστερημενος αφ υμων κραζει και αι βοαι των θερισαντων εις τα ωτα κυριου σαβαωθ εισεληλυθασιν
3b0505009b	ετρυφησατε επι της γης και εσπαταλησατε εθρεψατε τας καρδιας υμων ως εν ημερα σφαγης
3b0506006c	κατεδικασατε εφονευσατε τον δικαιον ουκ αντιτασσεται υμιν
3b05070128	μακροθυμησατε ουν αδελφοι εως της παρουσιας του κυριου ιδου ο γεωργος εκδεχεται τον τιμιον καρπον της γης μακροθυμων επ αυτω εως αν λαβη υετον πρωιμον και οψιμον
3b0508009c	μακροθυμησατε και υμεις στηριξατε τας καρδιας υμων οτι η παρουσια του κυριου ηγγικεν
3b050900a8	μη στεναζετε κατ αλληλων αδελφοι ινα μη κατακριθητε ιδου {VAR2: ο} κριτης προ των θυρων εστηκεν
3b050a00c9	υποδειγμα λαβετε της κακοπαθειας αδελφοι μου και της μακροθυμιας τους προφητας οι ελαλησαν τω ονοματι κυριου
3b050b00f7	ιδου μακαριζομεν τους υπομενοντας την υπομονην ιωβ ηκουσατε και το τελος κυριου ειδετε οτι πολυσπλαγχνος εστιν ο κυριος και οικτιρμων
3b050c0135	προ παντων δε αδελφοι μου μη ομνυετε μητε τον ουρανον μητε την γην μητε αλλον τινα ορκον ητω δε υμων το ναι ναι και το ου ου ινα μη {VAR1: εις υποκρισιν} {VAR2: υπο κρισιν} πεσητε
3b050d0063	κακοπαθει τις εν υμιν προσευχεσθω ευθυμει τις ψαλλετω
3b050e0106	ασθενει τις εν υμιν προσκαλεσασθω τους πρεσβυτερους της εκκλησιας και προσευξασθωσαν επ αυτον αλειψαντες αυτον ελαιω εν τω ονοματι του κυριου
3b050f00c6	και η ευχη της πιστεως σωσει τον καμνοντα και εγερει αυτον ο κυριος καν αμαρτιας η πεποιηκως αφεθησεται αυτω
3b051000d4	εξομολογεισθε αλληλοις τα παραπτωματα και ευχεσθε υπερ αλληλων οπως ιαθητε πολυ ισχυει δεησις δικαιου ενεργουμενη
3b051100eb	ηλιας ανθρωπος ην ομοιοπαθης ημιν και προσευχη προσηυξατο του μη βρεξαι και ουκ εβρεξεν επι της γης ενιαυτους τρεις και μηνας εξ
3b0512009a	και παλιν προσηυξατο και ο ουρανος υετον εδωκεν και η γη εβλαστησεν τον καρπον αυτης
3b05130084	αδελφοι εαν τις εν υμιν πλανηθη απο της αληθειας και επιστρεψη τις αυτον
3b051400c8	γινωσκετω οτι ο επιστρεψας αμαρτωλον εκ πλανης οδου αυτου σωσει ψυχην εκ θανατου και καλυψει πληθος αμαρτιων
3c00000011	Πετρου Α΄
3c010100d0	πετρος αποστολος ιησου χριστου εκλεκτοις παρεπιδημοις διασπορας ποντου γαλατιας καππαδοκιας ασιας και βιθυνιας
3c010200ee	κατα προγνωσιν θεου πατρος εν αγιασμω πνευματος εις υπακοην και ραντισμον αιματος ιησου χριστου χαρις υμιν και ειρηνη πληθυνθειη
3c0103011c	ευλογητος ο θεος και πατηρ του κυριου ημων ιησου χριστου ο κατα το πολυ αυτου ελεος αναγεννησας ημας εις ελπιδα ζωσαν δι αναστασεως ιησου χριστου εκ νεκρων
3c010400b6	εις κληρονομιαν αφθαρτον και αμιαντον και αμαραντον τετηρημενην εν ουρανοις εις {VAR1: ημας} {VAR2: υμας}
3c010500b5	τους εν δυναμει θεου φρουρουμενους δια πιστεως εις σωτηριαν ετοιμην αποκαλυφθηναι εν καιρω εσχατω
3c0106008d	εν ω αγαλλιασθε ολιγον αρτι ει δεον εστιν λυπηθεντες εν ποικιλοις πειρασμοις
3c01070133	ινα το δοκιμιον υμων της πιστεως πολυ τιμιωτερον χρυσιου του απολλυμενου δια πυρος δε δοκιμαζομενου ευρεθη εις επαινον και τιμην και δοξαν εν αποκαλυψει ιησου χριστου
3c010800de	ον ουκ {VAR1: ειδοτες} {VAR2: ιδοντες} αγαπατε εις ον αρτι μη ορωντες πιστευοντες δε αγαλλιασθε χαρα ανεκλαλητω και δεδοξασμενη
3c01090061	κομιζομενοι το τελος της πιστεως υμων σωτηριαν ψυχων
3c010a00b3	περι ης σωτηριας εξεζητησαν και εξηρευνησαν προφηται οι περι της εις υμας χαριτος προφητευσαντες
3c010b00f7	ερευνωντες εις τινα η ποιον καιρον εδηλου το εν αυτοις πνευμα χριστου προμαρτυρομενον τα εις χριστον παθηματα και τας μετα ταυτα δοξας
3c010c0149	οις απεκαλυφθη οτι ουχ εαυτοις ημιν δε διηκονουν αυτα α νυν ανηγγελη υμιν δια των ευαγγελισαμενων υμας εν πνευματι αγιω αποσταλεντι απ ουρανου εις α επιθυμουσιν αγγελοι παρακυψαι
3c010d00ee	διο αναζωσαμενοι τας οσφυας της διανοιας υμων νηφοντες τελειως ελπισατε επι την φερομενην υμιν χαριν εν αποκαλυψει ιησου χριστου
3c010e0093	ως τεκνα υπακοης μη συσχηματιζομενοι ταις προτερον εν τη αγνοια υμων επιθυμιαις
3c010f008e	αλλα κατα τον καλεσαντα υμας αγιον και αυτοι αγιοι εν παση αναστροφη γενηθητε
3c01100059	διοτι γεγραπται αγιοι γενεσθε οτι εγω αγιος ειμι
3c011100e8	και ει πατερα επικαλεισθε τον απροσωποληπτως κρινοντα κατα το εκαστου εργον εν φοβω τον της παροικιας υμων χρονον αναστραφητε
3c011200b5	ειδοτες οτι ου φθαρτοις αργυριω η χρυσιω ελυτρωθητε εκ της ματαιας υμων αναστροφης πατροπαραδοτου
3c01130062	αλλα τιμιω αιματι ως αμνου αμωμου και ασπιλου χριστου
3c0114009c	προεγνωσμενου μεν προ καταβολης κοσμου φανερωθεντος δε επ εσχατων των χρονων δι υμας
3c011500f1	τους δι αυτου πιστευοντας εις θεον τον εγειραντα αυτον εκ νεκρων και δοξαν αυτω δοντα ωστε την πιστιν υμων και ελπιδα ειναι εις θεον
3c01160101	τας ψυχας υμων ηγνικοτες εν τη υπακοη της αληθειας δια πνευματος εις φιλαδελφιαν ανυποκριτον εκ καθαρας καρδιας αλληλους αγαπησατε εκτενως
3c011700b9	αναγεγεννημενοι ουκ εκ σπορας φθαρτης αλλα αφθαρτου δια λογου ζωντος θεου και μενοντος εις τον αιωνα
3c011800c9	διοτι πασα σαρξ ως χορτος και πασα δοξα ανθρωπου ως ανθος χορτου εξηρανθη ο χορτος και το ανθος αυτου εξεπεσεν
3c0119009a	το δε ρημα κυριου μενει εις τον αιωνα τουτο δε εστιν το ρημα το ευαγγελισθεν εις υμας
3c020100a9	αποθεμενοι ουν πασαν κακιαν και παντα δολον και υποκρισεις και φθονους και πασας καταλαλιας
3c0202008d	ως αρτιγεννητα βρεφη το λογικον αδολον γαλα επιποθησατε ινα εν αυτω αυξηθητε
3c02030043	ειπερ εγευσασθε οτι χρηστος ο κυριος
3c020400b5	προς ον προσερχομενοι λιθον ζωντα υπο ανθρωπων μεν αποδεδοκιμασμενον παρα δε θεω εκλεκτον εντιμον
3c02050106	και αυτοι ως λιθοι ζωντες οικοδομεισθε οικος πνευματικος ιερατευμα αγιον ανενεγκαι πνευματικας θυσιας ευπροσδεκτους τω θεω δια ιησου χριστου
3c020600e5	διο και περιεχει εν τη γραφη ιδου τιθημι εν σιων λιθον ακρογωνιαιον εκλεκτον εντιμον και ο πιστευων επ αυτω ου μη καταισχυνθη
3c020700db	υμιν ουν η τιμη τοις πιστευουσιν απειθουσιν δε λιθον ον απεδοκιμασαν οι οικοδομουντες ουτος εγενηθη εις κεφαλην γωνιας
3c020800b6	και λιθος προσκομματος και πετρα σκανδαλου οι προσκοπτουσιν τω λογω απειθουντες εις ο και ετεθησαν
3c0209012c	υμεις δε γενος εκλεκτον βασιλειον ιερατευμα εθνος αγιον λαος εις περιποιησιν οπως τας αρετας εξαγγειλητε του εκ σκοτους υμας καλεσαντος εις το θαυμαστον αυτου φως
3c020a0079	οι ποτε ου λαος νυν δε λαος θεου οι ουκ ηλεημενοι νυν δε ελεηθεντες
3c020b00da	αγαπητοι παρακαλω ως παροικους και παρεπιδημους απεχεσθαι των σαρκικων επιθυμιων αιτινες στρατευονται κατα της ψυχης
3c020c0127	την αναστροφην υμων εν τοις εθνεσιν εχοντες καλην ινα εν ω καταλαλουσιν υμων ως κακοποιων εκ των καλων εργων εποπτευσαντες δοξασωσιν τον θεον εν ημερα επισκοπης
3c020d008f	υποταγητε ουν παση ανθρωπινη κτισει δια τον κυριον ειτε βασιλει ως υπερεχοντι
3c020e00a2	ειτε ηγεμοσιν ως δι αυτου πεμπομενοις εις εκδικησιν μεν κακοποιων επαινον δε αγαθοποιων
3c020f00a7	οτι ουτως εστιν το θελημα του θεου αγαθοποιουντας φιμουν την των αφρονων ανθρωπων αγνωσιαν
3c0210009e	ως ελευθεροι και μη ως επικαλυμμα εχοντες της κακιας την ελευθεριαν αλλ ως δουλοι θεου
3c0211008c	παντας τιμησατε την αδελφοτητα αγαπατε τον θεον φοβεισθε τον βασιλεα τιματε
3c021200d1	οι οικεται υποτασσομενοι εν παντι φοβω τοις δεσποταις ου μονον τοις αγαθοις και επιεικεσιν αλλα και τοις σκολιοις
3c02130083	τουτο γαρ χαρις ει δια συνειδησιν θεου υποφερει τις λυπας πασχων αδικως
3c021400ef	ποιον γαρ κλεος ει αμαρτανοντες και κολαφιζομενοι υπομενειτε αλλ ει αγαθοποιουντες και πασχοντες υπομενειτε τουτο χαρις παρα θεω
3c021500e1	εις τουτο γαρ εκληθητε οτι και χριστος επαθεν υπερ ημων ημιν υπολιμπανων υπογραμμον ινα επακολουθησητε τοις ιχνεσιν αυτου
3c02160072	ος αμαρτιαν ουκ εποιησεν ουδε ευρεθη δολος εν τω στοματι αυτου
3c0217009f	ος λοιδορουμενος ουκ αντελοιδορει πασχων ουκ ηπειλει παρεδιδου δε τω κρινοντι δικαιως
3c02180110	ος τας αμαρτιας ημων αυτος ανηνεγκεν εν τω σωματι αυτου επι το ξυλον ινα ταις αμαρτιαις απογενομενοι τη δικαιοσυνη ζησωμεν ου τω μωλωπι αυτου ιαθητε
3c021900ab	ητε γαρ ως προβατα πλανωμενα αλλ επεστραφητε νυν επι τον ποιμενα και επισκοπον των ψυχων υμων
3c0301010f	ομοιως αι γυναικες υποτασσομεναι τοις ιδιοις ανδρασιν ινα και ει τινες απειθουσιν τω λογω δια της των γυναικων αναστροφης ανευ λογου κερδηθησωνται
3c03020058	εποπτευσαντες την εν φοβω αγνην αναστροφην υμων
3c0303009d	ων εστω ουχ ο εξωθεν εμπλοκης τριχων και περιθεσεως χρυσιων η ενδυσεως ιματιων κοσμος
3c030400d5	αλλ ο κρυπτος της καρδιας ανθρωπος εν τω αφθαρτω του πραεος και ησυχιου πνευματος ο εστιν ενωπιον του θεου πολυτελες
3c030500d3	ουτως γαρ ποτε και αι αγιαι γυναικες αι ελπιζουσαι επι τον θεον εκοσμουν εαυτας υποτασσομεναι τοις ιδιοις ανδρασιν
3c030600da	ως σαρρα υπηκουσεν τω αβρααμ κυριον αυτον καλουσα ης εγενηθητε τεκνα αγαθοποιουσαι και μη φοβουμεναι μηδεμιαν πτοησιν
3c0307013a	οι ανδρες ομοιως συνοικουντες κατα γνωσιν ως ασθενεστερω σκευει τω γυναικειω απονεμοντες τιμην ως και συγκληρονομοι χαριτος ζωης εις το μη εκκοπτεσθαι τας προσευχας υμων
3c03080088	το δε τελος παντες ομοφρονες συμπαθεις φιλαδελφοι ευσπλαγχνοι φιλοφρονες
3c03090109	μη αποδιδοντες κακον αντι κακου η λοιδοριαν αντι λοιδοριας τουναντιον δε ευλογουντες ειδοτες οτι εις τουτο εκληθητε ινα ευλογιαν κληρονομησητε
3c030a00db	ο γαρ θελων ζωην αγαπαν και ιδειν ημερας αγαθας παυσατω την γλωσσαν αυτου απο κακου και χειλη αυτου του μη λαλησαι δολον
3c030b008a	εκκλινατω απο κακου και ποιησατω αγαθον ζητησατω ειρηνην και διωξατω αυτην
3c030c00bf	οτι οι οφθαλμοι κυριου επι δικαιους και ωτα αυτου εις δεησιν αυτων προσωπον δε κυριου επι ποιουντας κακα
3c030d0061	και τις ο κακωσων υμας εαν του αγαθου μιμηται γενησθε
3c030e00a6	αλλ ει και πασχοιτε δια δικαιοσυνην μακαριοι τον δε φοβον αυτων μη φοβηθητε μηδε ταραχθητε
3c030f0121	κυριον δε τον θεον αγιασατε εν ταις καρδιαις υμων ετοιμοι δε αει προς απολογιαν παντι τω αιτουντι υμας λογον περι της εν υμιν ελπιδος μετα πραυτητος και φοβου
3c031000f6	συνειδησιν εχοντες αγαθην ινα εν ω καταλαλωσιν υμων ως κακοποιων καταισχυνθωσιν οι επηρεαζοντες υμων την αγαθην εν χριστω αναστροφην
3c03110093	κρειττον γαρ αγαθοποιουντας ει θελει το θελημα του θεου πασχειν η κακοποιουντας
3c031200f9	οτι και χριστος απαξ περι αμαρτιων επαθεν δικαιος υπερ αδικων ινα ημας προσαγαγη τω θεω θανατωθεις μεν σαρκι ζωοποιηθεις δε τω πνευματι
3c03130060	εν ω και τοις εν φυλακη πνευμασιν πορευθεις εκηρυξεν
3c0314011d	απειθησασιν ποτε οτε απαξ εξεδεχετο η του θεου μακροθυμια εν ημεραις νωε κατασκευαζομενης κιβωτου εις ην ολιγαι τουτ εστιν οκτω ψυχαι διεσωθησαν δι υδατος
3c0315010d	{VAR1: ο} {VAR2: ω} και ημας αντιτυπον νυν σωζει βαπτισμα ου σαρκος αποθεσις ρυπου αλλα συνειδησεως αγαθης επερωτημα εις θεον δι αναστασεως ιησου χριστου
3c031600b7	ος εστιν εν δεξια του θεου πορευθεις εις ουρανον υποταγεντων αυτω αγγελων και εξουσιων και δυναμεων
3c040100d0	χριστου ουν παθοντος υπερ ημων σαρκι και υμεις την αυτην εννοιαν οπλισασθε οτι ο παθων εν σαρκι πεπαυται αμαρτιας
3c040200a5	εις το μηκετι ανθρωπων επιθυμιαις αλλα θεληματι θεου τον επιλοιπον εν σαρκι βιωσαι χρονον
3c0403014a	αρκετος γαρ ημιν ο παρεληλυθως χρονος του βιου το θελημα των εθνων κατεργασασθαι πεπορευμενους εν ασελγειαις επιθυμιαις οινοφλυγιαις κωμοις ποτοις και αθεμιτοις ειδωλολατρειαις
3c0404009e	εν ω ξενιζονται μη συντρεχοντων υμων εις την αυτην της ασωτιας αναχυσιν βλασφημουντες
3c04050077	οι αποδωσουσιν λογον τω ετοιμως εχοντι κριναι ζωντας και νεκρους
3c040600be	εις τουτο γαρ και νεκροις ευηγγελισθη ινα κριθωσιν μεν κατα ανθρωπους σαρκι ζωσιν δε κατα θεον πνευματι
3c04070083	παντων δε το τελος ηγγικεν σωφρονησατε ουν και νηψατε εις τας προσευχας
3c040800a8	προ παντων δε την εις εαυτους αγαπην εκτενη εχοντες οτι {VAR2: η} αγαπη καλυψει πληθος αμαρτιων
3c04090046	φιλοξενοι εις αλληλους ανευ γογγυσμων
3c040a00b9	εκαστος καθως ελαβεν χαρισμα εις εαυτους αυτο διακονουντες ως καλοι οικονομοι ποικιλης χαριτος θεου
3c040b0147	ει τις λαλει ως λογια θεου ει τις διακονει ως εξ ισχυος ης χορηγει ο θεος ινα εν πασιν δοξαζηται ο θεος δια ιησου χριστου ω εστιν η δοξα και το κρατος εις τους αιωνας των αιωνων αμην
3c040c00b2	αγαπητοι μη ξενιζεσθε τη εν υμιν πυρωσει προς πειρασμον υμιν γινομενη ως ξενου υμιν συμβαινοντος
3c040d00d7	αλλα καθο κοινωνειτε τοις του χριστου παθημασιν χαιρετε ινα και εν τη αποκαλυψει της δοξης αυτου χαρητε αγαλλιωμενοι
3c040e0119	ει ονειδιζεσθε εν ονοματι χριστου μακαριοι οτι το της δοξης και το του θεου πνευμα εφ υμας αναπαυεται κατα μεν αυτους βλασφημειται κατα δε υμας δοξαζεται
3c040f008f	μη γαρ τις υμων πασχετω ως φονευς η κλεπτης η κακοποιος η ως αλλοτριοεπισκοπος
3c04100083	ει δε ως χριστιανος μη αισχυνεσθω δοξαζετω δε τον θεον εν τω μερει τουτω
3c041100e7	οτι ο καιρος του αρξασθαι το κριμα απο του οικου του θεου ει δε πρωτον αφ ημων τι το τελος των απειθουντων τω του θεου ευαγγελιω
3c04120079	και ει ο δικαιος μολις σωζεται ο ασεβης και αμαρτωλος που φανειται
3c041300c5	ωστε και οι πασχοντες κατα το θελημα του θεου ως πιστω κτιστη παρατιθεσθωσαν τας ψυχας εαυτων εν αγαθοποιια
3c05010101	πρεσβυτερους τους εν υμιν παρακαλω ο συμπρεσβυτερος και μαρτυς των του χριστου παθηματων ο και της μελλουσης αποκαλυπτεσθαι δοξης κοινωνος
3c050200cf	ποιμανατε το εν υμιν ποιμνιον του θεου επισκοπουντες μη αναγκαστως αλλ εκουσιως μηδε αισχροκερδως αλλα προθυμως
3c0503007d	μηδ ως κατακυριευοντες των κληρων αλλα τυποι γινομενοι του ποιμνιου
3c05040093	και φανερωθεντος του αρχιποιμενος κομιεισθε τον αμαραντινον της δοξης στεφανον
3c0505013b	ομοιως νεωτεροι υποταγητε πρεσβυτεροις παντες δε αλληλοις υποτασσομενοι την ταπεινοφροσυνην εγκομβωσασθε οτι ο θεος υπερηφανοις αντιτασσεται ταπεινοις δε διδωσιν χαριν
3c05060082	ταπεινωθητε ουν υπο την κραταιαν χειρα του θεου ινα υμας υψωση εν καιρω
3c05070081	πασαν την μεριμναν υμων επιρριψαντες επ αυτον οτι αυτω μελει περι υμων
3c050800b1	νηψατε γρηγορησατε οτι ο αντιδικος υμων διαβολος ως λεων ωρυομενος περιπατει ζητων τινα καταπιη
3c050900b9	ω αντιστητε στερεοι τη πιστει ειδοτες τα αυτα των παθηματων τη εν κοσμω υμων αδελφοτητι επιτελεισθαι
3c050a0113	ο δε θεος πασης χαριτος ο καλεσας ημας εις την αιωνιον αυτου δοξαν εν χριστω ιησου ολιγον παθοντας αυτος καταρτισαι υμας στηριξαι σθενωσαι θεμελιωσαι
3c050b0067	αυτω η δοξα και το κρατος εις τους αιωνας των αιωνων αμην
3c050c0108	δια σιλουανου υμιν του πιστου αδελφου ως λογιζομαι δι ολιγων εγραψα παρακαλων και επιμαρτυρων ταυτην ειναι αληθη χαριν του θεου εις ην εστηκατε
3c050d0070	ασπαζεται υμας η εν βαβυλωνι συνεκλεκτη και μαρκος ο υιος μου
3c050e0096	ασπασασθε αλληλους εν φιληματι αγαπης ειρηνη υμιν πασιν τοις εν χριστω ιησου αμην
3d00000011	Πετρου Β΄
3d0101012a	{VAR1: συμεων} {VAR2: σιμων} πετρος δουλος και αποστολος ιησου χριστου τοις ισοτιμον ημιν λαχουσιν πιστιν εν δικαιοσυνη του θεου ημων και σωτηρος {VAR2: ημων} ιησου χριστου
3d01020093	χαρις υμιν και ειρηνη πληθυνθειη εν επιγνωσει του θεου και ιησου του κυριου ημων
3d010300fc	ως παντα ημιν της θειας δυναμεως αυτου τα προς ζωην και ευσεβειαν δεδωρημενης δια της επιγνωσεως του καλεσαντος ημας δια δοξης και αρετης
3d01040106	δι ων τα μεγιστα ημιν και τιμια επαγγελματα δεδωρηται ινα δια τουτων γενησθε θειας κοινωνοι φυσεως αποφυγοντες της εν κοσμω εν επιθυμια φθορας
3d010500d7	και αυτο τουτο δε σπουδην πασαν παρεισενεγκαντες επιχορηγησατε εν τη πιστει υμων την αρετην εν δε τη αρετη την γνωσιν
3d010600a9	εν δε τη γνωσει την εγκρατειαν εν δε τη εγκρατεια την υπομονην εν δε τη υπομονη την ευσεβειαν
3d01070075	εν δε τη ευσεβεια την φιλαδελφιαν εν δε τη φιλαδελφια την αγαπην
3d010800e6	ταυτα γαρ υμιν υπαρχοντα και πλεοναζοντα ουκ αργους ουδε ακαρπους καθιστησιν εις την του κυριου ημων ιησου χριστου επιγνωσιν
3d010900b3	ω γαρ μη παρεστιν ταυτα τυφλος εστιν μυωπαζων ληθην λαβων του καθαρισμου των παλαι αυτου αμαρτιων
3d010a00d5	διο μαλλον αδελφοι σπουδασατε βεβαιαν υμων την κλησιν και εκλογην ποιεισθαι ταυτα γαρ ποιουντες ου μη πταισητε ποτε
3d010b00db	ουτως γαρ πλουσιως επιχορηγηθησεται υμιν η εισοδος εις την αιωνιον βασιλειαν του κυριου ημων και σωτηρος ιησου χριστου
3d010c00c3	διο ουκ αμελησω υμας αει υπομιμνησκειν περι τουτων καιπερ ειδοτας και εστηριγμενους εν τη παρουση αληθεια
3d010d0097	δικαιον δε ηγουμαι εφ οσον ειμι εν τουτω τω σκηνωματι διεγειρειν υμας εν υπομνησει
3d010e00bf	ειδως οτι ταχινη εστιν η αποθεσις του σκηνωματος μου καθως και ο κυριος ημων ιησους χριστος εδηλωσεν μοι
3d010f009b	σπουδασω δε και εκαστοτε εχειν υμας μετα την εμην εξοδον την τουτων μνημην ποιεισθαι
3d01100137	ου γαρ σεσοφισμενοις μυθοις εξακολουθησαντες εγνωρισαμεν υμιν την του κυριου ημων ιησου χριστου δυναμιν και παρουσιαν αλλ εποπται γενηθεντες της εκεινου μεγαλειοτητος
3d0111011a	λαβων γαρ παρα θεου πατρος τιμην και δοξαν φωνης ενεχθεισης αυτω τοιασδε υπο της μεγαλοπρεπους δοξης ουτος εστιν ο υιος μου ο αγαπητος εις ον εγω ευδοκησα
3d011200a8	και ταυτην την φωνην ημεις ηκουσαμεν εξ ουρανου ενεχθεισαν συν αυτω οντες εν τω ορει τω αγιω
3d0113013c	και εχομεν βεβαιοτερον τον προφητικον λογον ω καλως ποιειτε προσεχοντες ως λυχνω φαινοντι εν αυχμηρω τοπω εως ου ημερα διαυγαση και φωσφορος ανατειλη εν ταις καρδιαις υμων
3d01140090	τουτο πρωτον γινωσκοντες οτι πασα προφητεια γραφης ιδιας επιλυσεως ου γινεται
3d011500d8	ου γαρ θεληματι ανθρωπου ηνεχθη ποτε προφητεια αλλ υπο πνευματος αγιου φερομενοι ελαλησαν {VAR1: οι} αγιοι θεου ανθρωποι
3d02010174	εγενοντο δε και ψευδοπροφηται εν τω λαω ως και εν υμιν εσονται ψευδοδιδασκαλοι οιτινες παρεισαξουσιν αιρεσεις απωλειας και τον αγορασαντα αυτους δεσποτην αρνουμενοι επαγοντες εαυτοις ταχινην απωλειαν
3d020200aa	και πολλοι εξακολουθησουσιν αυτων ταις απωλειαις δι ους η οδος της αληθειας βλασφημηθησεται
3d020300d2	και εν πλεονεξια πλαστοις λογοις υμας εμπορευσονται οις το κριμα εκπαλαι ουκ αργει και η απωλεια αυτων ου νυσταζει
3d020400cf	ει γαρ ο θεος αγγελων αμαρτησαντων ουκ εφεισατο αλλα σειραις ζοφου ταρταρωσας παρεδωκεν εις κρισιν τετηρημενους
3d020500c6	και αρχαιου κοσμου ουκ εφεισατο αλλ ογδοον νωε δικαιοσυνης κηρυκα εφυλαξεν κατακλυσμον κοσμω ασεβων επαξας
3d020600bb	και πολεις σοδομων και γομορρας τεφρωσας καταστροφη κατεκρινεν υποδειγμα μελλοντων ασεβειν τεθεικως
3d02070099	και δικαιον λωτ καταπονουμενον υπο της των αθεσμων εν ασελγεια αναστροφης ερρυσατο
3d020800ca	βλεμματι γαρ και ακοη ο δικαιος εγκατοικων εν αυτοις ημεραν εξ ημερας ψυχην δικαιαν ανομοις εργοις εβασανιζεν
3d020900cf	οιδεν κυριος ευσεβεις εκ {VAR1: πειρασμου} {VAR2: πειρασμων} ρυεσθαι αδικους δε εις ημεραν κρισεως κολαζομενους τηρειν
3d020a010b	μαλιστα δε τους οπισω σαρκος εν επιθυμια μιασμου πορευομενους και κυριοτητος καταφρονουντας τολμηται αυθαδεις δοξας ου τρεμουσιν βλασφημουντες
3d020b00b0	οπου αγγελοι ισχυι και δυναμει μειζονες οντες ου φερουσιν κατ αυτων παρα κυριω βλασφημον κρισιν
3d020c00e9	ουτοι δε ως αλογα ζωα φυσικα γεγενημενα εις αλωσιν και φθοραν εν οις αγνοουσιν βλασφημουντες εν τη φθορα αυτων καταφθαρησονται
3d020d00fa	κομιουμενοι μισθον αδικιας ηδονην ηγουμενοι την εν ημερα τρυφην σπιλοι και μωμοι εντρυφωντες εν ταις απαταις αυτων συνευωχουμενοι υμιν
3d020e011b	οφθαλμους εχοντες μεστους μοιχαλιδος και ακαταπαυστους αμαρτιας δελεαζοντες ψυχας αστηρικτους καρδιαν γεγυμνασμενην πλεονεξιαις εχοντες καταρας τεκνα
3d020f00d3	καταλιποντες την ευθειαν οδον επλανηθησαν εξακολουθησαντες τη οδω του βαλααμ του βοσορ ος μισθον αδικιας ηγαπησεν
3d021000db	ελεγξιν δε εσχεν ιδιας παρανομιας υποζυγιον αφωνον εν ανθρωπου φωνη φθεγξαμενον εκωλυσεν την του προφητου παραφρονιαν
3d021100bd	ουτοι εισιν πηγαι ανυδροι νεφελαι υπο λαιλαπος ελαυνομεναι οις ο ζοφος του σκοτους εις αιωνα τετηρηται
3d02120108	υπερογκα γαρ ματαιοτητος φθεγγομενοι δελεαζουσιν εν επιθυμιαις σαρκος {VAR2: εν} ασελγειαις τους οντως αποφυγοντας τους εν πλανη αναστρεφομενους
3d021300c6	ελευθεριαν αυτοις επαγγελλομενοι αυτοι δουλοι υπαρχοντες της φθορας ω γαρ τις ηττηται τουτω και δεδουλωται
3d02140140	ει γαρ αποφυγοντες τα μιασματα του κοσμου εν επιγνωσει του κυριου και σωτηρος ιησου χριστου τουτοις δε παλιν εμπλακεντες ηττωνται γεγονεν αυτοις τα εσχατα χειρονα των πρωτων
3d021500ec	κρειττον γαρ ην αυτοις μη επεγνωκεναι την οδον της δικαιοσυνης η επιγνουσιν επιστρεψαι εκ της παραδοθεισης αυτοις αγιας εντολης
3d021600de	συμβεβηκεν δε αυτοις το της αληθους παροιμιας κυων επιστρεψας επι το ιδιον εξεραμα και υς λουσαμενη εις κυλισμα βορβορου
3d030100c5	ταυτην ηδη αγαπητοι δευτεραν υμιν γραφω επιστολην εν αις διεγειρω υμων εν υπομνησει την ειλικρινη διανοιαν
3d030200d5	μνησθηναι των προειρημενων ρηματων υπο των αγιων προφητων και της των αποστολων ημων εντολης του κυριου και σωτηρος
3d030300d5	τουτο πρωτον γινωσκοντες οτι ελευσονται επ εσχατου των ημερων εμπαικται κατα τας ιδιας αυτων επιθυμιας πορευομενοι
3d030400e6	και λεγοντες που εστιν η επαγγελια της παρουσιας αυτου αφ ης γαρ οι πατερες εκοιμηθησαν παντα ουτως διαμενει απ αρχης κτισεως
3d030500d6	λανθανει γαρ αυτους τουτο θελοντας οτι ουρανοι ησαν εκπαλαι και γη εξ υδατος και δι υδατος συνεστωσα τω του θεου λογω
3d03060055	δι ων ο τοτε κοσμος υδατι κατακλυσθεις απωλετο
3d03070108	οι δε νυν ουρανοι και η γη {VAR1: αυτου} {VAR2: τω αυτω} λογω τεθησαυρισμενοι εισιν πυρι τηρουμενοι εις ημεραν κρισεως και απωλειας των ασεβων ανθρωπων
3d030800ba	εν δε τουτο μη λανθανετω υμας αγαπητοι οτι μια ημερα παρα κυριω ως χιλια ετη και χιλια ετη ως ημερα μια
3d0309011a	ου βραδυνει ο κυριος της επαγγελιας ως τινες βραδυτητα ηγουνται αλλα μακροθυμει εις ημας μη βουλομενος τινας απολεσθαι αλλα παντας εις μετανοιαν χωρησαι
3d030a011c	ηξει δε η ημερα κυριου ως κλεπτης εν νυκτι εν η οι ουρανοι ροιζηδον παρελευσονται στοιχεια δε καυσουμενα λυθησονται και γη και τα εν αυτη εργα κατακαησεται
3d030b00a8	τουτων ουν παντων λυομενων ποταπους δει υπαρχειν υμας εν αγιαις αναστροφαις και ευσεβειαις
3d030c00f1	προσδοκωντας και σπευδοντας την παρουσιαν της του θεου ημερας δι ην ουρανοι πυρουμενοι λυθησονται και στοιχεια καυσουμενα τηκεται
3d030d00b4	καινους δε ουρανους και γην καινην κατα το επαγγελμα αυτου προσδοκωμεν εν οις δικαιοσυνη κατοικει
3d030e00a5	διο αγαπητοι ταυτα προσδοκωντες σπουδασατε ασπιλοι και αμωμητοι αυτω ευρεθηναι εν ειρηνη
3d030f00fb	και την του κυριου ημων μακροθυμιαν σωτηριαν ηγεισθε καθως και ο αγαπητος ημων αδελφος παυλος κατα την αυτω δοθεισαν σοφιαν εγραψεν υμιν
3d0310014d	ως και εν πασαις ταις επιστολαις λαλων εν αυταις περι τουτων εν οις εστιν δυσνοητα τινα α οι αμαθεις και αστηρικτοι στρεβλουσιν ως και τας λοιπας γραφας προς την ιδιαν αυτων απωλειαν
3d031100d7	υμεις ουν αγαπητοι προγινωσκοντες φυλασσεσθε ινα μη τη των αθεσμων πλανη συναπαχθεντες εκπεσητε του ιδιου στηριγμου
3d031200dc	αυξανετε δε εν χαριτι και γνωσει του κυριου ημων και σωτηρος ιησου χριστου αυτω η δοξα και νυν και εις ημεραν αιωνος αμην
3e00000013	Ιωαννου Α΄
3e010100e2	ο ην απ αρχης ο ακηκοαμεν ο εωρακαμεν τοις οφθαλμοις ημων ο εθεασαμεθα και αι χειρες ημων εψηλαφησαν περι του λογου της ζωης
3e010200f8	και η ζωη εφανερωθη και εωρακαμεν και μαρτυρουμεν και απαγγελλομεν υμιν την ζωην την αιωνιον ητις ην προς τον πατερα και εφανερωθη ημιν
3e0103012c	ο εωρακαμεν και ακηκοαμεν απαγγελλομεν υμιν ινα και υμεις κοινωνιαν εχητε μεθ ημων και η κοινωνια δε η ημετερα μετα του πατρος και μετα του υιου αυτου ιησου χριστου
3e0104007a	και ταυτα γραφομεν υμιν ινα η χαρα {VAR1: ημων} {VAR2: υμων} η πεπληρωμενη
3e01050108	και αυτη εστιν η {VAR1: επαγγελια} {VAR2: αγγελια} ην ακηκοαμεν απ αυτου και αναγγελλομεν υμιν οτι ο θεος φως εστιν και σκοτια εν αυτω ουκ εστιν ουδεμια
3e010600cb	εαν ειπωμεν οτι κοινωνιαν εχομεν μετ αυτου και εν τω σκοτει περιπατωμεν ψευδομεθα και ου ποιουμεν την αληθειαν
3e01070122	εαν δε εν τω φωτι περιπατωμεν ως αυτος εστιν εν τω φωτι κοινωνιαν εχομεν μετ αλληλων και το αιμα ιησου χριστου του υιου αυτου καθαριζει ημας απο πασης αμαρτιας
3e0108009a	εαν ειπωμεν οτι αμαρτιαν ουκ εχομεν εαυτους πλανωμεν και η αληθεια ουκ εστιν εν ημιν
3e010900db	εαν ομολογωμεν τας αμαρτιας ημων πιστος εστιν και δικαιος ινα αφη ημιν τας αμαρτιας και καθαριση ημας απο πασης αδικιας
3e010a00a5	εαν ειπωμεν οτι ουχ ημαρτηκαμεν ψευστην ποιουμεν αυτον και ο λογος αυτου ουκ εστιν εν ημιν
3e020100db	τεκνια μου ταυτα γραφω υμιν ινα μη αμαρτητε και εαν τις αμαρτη παρακλητον εχομεν προς τον πατερα ιησουν χριστον δικαιον
3e020200c1	και αυτος ιλασμος εστιν περι των αμαρτιων ημων ου περι των ημετερων δε μονον αλλα και περι ολου του κοσμου
3e02030087	και εν τουτω γινωσκομεν οτι εγνωκαμεν αυτον εαν τας εντολας αυτου τηρωμεν
3e020400b2	ο λεγων εγνωκα αυτον και τας εντολας αυτου μη τηρων ψευστης εστιν και εν τουτω η αληθεια ουκ εστιν
3e020500c9	ος δ αν τηρη αυτου τον λογον αληθως εν τουτω η αγαπη του θεου τετελειωται εν τουτω γινωσκομεν οτι εν αυτω εσμεν
3e0206009c	ο λεγων εν αυτω μενειν οφειλει καθως εκεινος περιεπατησεν και αυτος ουτως περιπατειν
3e020700eb	αδελφοι ουκ εντολην καινην γραφω υμιν αλλ εντολην παλαιαν ην ειχετε απ αρχης η εντολη η παλαια εστιν ο λογος ον ηκουσατε απ αρχης
3e020800df	παλιν εντολην καινην γραφω υμιν ο εστιν αληθες εν αυτω και εν υμιν οτι η σκοτια παραγεται και το φως το αληθινον ηδη φαινει
3e02090090	ο λεγων εν τω φωτι ειναι και τον αδελφον αυτου μισων εν τη σκοτια εστιν εως αρτι
3e020a0088	ο αγαπων τον αδελφον αυτου εν τω φωτι μενει και σκανδαλον εν αυτω ουκ εστιν
3e020b0104	ο δε μισων τον αδελφον αυτου εν τη σκοτια εστιν και εν τη σκοτια περιπατει και ουκ οιδεν που υπαγει οτι η σκοτια ετυφλωσεν τους οφθαλμους αυτου
3e020c0079	γραφω υμιν τεκνια οτι αφεωνται υμιν αι αμαρτιαι δια το ονομα αυτου
3e020d00f7	γραφω υμιν πατερες οτι εγνωκατε τον απ αρχης γραφω υμιν νεανισκοι οτι νενικηκατε τον πονηρον γραφω υμιν παιδια οτι εγνωκατε τον πατερα
3e020e010b	εγραψα υμιν πατερες οτι εγνωκατε τον απ αρχης εγραψα υμιν νεανισκοι οτι ισχυροι εστε και ο λογος του θεου εν υμιν μενει και νενικηκατε τον πονηρον
3e020f00b9	μη αγαπατε τον κοσμον μηδε τα εν τω κοσμω εαν τις αγαπα τον κοσμον ουκ εστιν η αγαπη του πατρος εν αυτω
3e02100105	οτι παν το εν τω κοσμω η επιθυμια της σαρκος και η επιθυμια των οφθαλμων και η αλαζονεια του βιου ουκ εστιν εκ του πατρος αλλ εκ του κοσμου εστιν
3e021100a8	και ο κοσμος παραγεται και η επιθυμια αυτου ο δε ποιων το θελημα του θεου μενει εις τον αιωνα
3e02120107	παιδια εσχατη ωρα εστιν και καθως ηκουσατε οτι ο αντιχριστος ερχεται και νυν αντιχριστοι πολλοι γεγονασιν οθεν γινωσκομεν οτι εσχατη ωρα εστιν
3e021300eb	εξ ημων εξηλθον αλλ ουκ ησαν εξ ημων ει γαρ ησαν εξ ημων μεμενηκεισαν αν μεθ ημων αλλ ινα φανερωθωσιν οτι ουκ εισιν παντες εξ ημων
3e02140061	και υμεις χρισμα εχετε απο του αγιου και οιδατε παντα
3e021500c6	ουκ εγραψα υμιν οτι ουκ οιδατε την αληθειαν αλλ οτι οιδατε αυτην και οτι παν ψευδος εκ της αληθειας ουκ εστιν
3e021600f0	τις εστιν ο ψευστης ει μη ο αρνουμενος οτι ιησους ουκ εστιν ο χριστος ουτος εστιν ο αντιχριστος ο αρνουμενος τον πατερα και τον υιον
3e021700a4	πας ο αρνουμενος τον υιον ουδε τον πατερα εχει {VAR2: ο ομολογων τον υιον και τον πατερα εχει}
3e021800e2	υμεις ουν ο ηκουσατε απ αρχης εν υμιν μενετω εαν εν υμιν μεινη ο απ αρχης ηκουσατε και υμεις εν τω υιω και εν τω πατρι μενειτε
3e02190086	και αυτη εστιν η επαγγελια ην αυτος επηγγειλατο ημιν την ζωην την αιωνιον
3e021a004c	ταυτα εγραψα υμιν περι των πλανωντων υμας
3e021b018d	και υμεις το χρισμα ο ελαβετε απ αυτου εν υμιν μενει και ου χρειαν εχετε ινα τις διδασκη υμας αλλ ως το αυτο χρισμα διδασκει υμας περι παντων και αληθες εστιν και ουκ εστιν ψευδος και καθως εδιδαξεν υμας μενειτε εν αυτω
3e021c00cf	και νυν τεκνια μενετε εν αυτω ινα οταν φανερωθη εχωμεν παρρησιαν και μη αισχυνθωμεν απ αυτου εν τη παρουσια αυτου
3e021d00a6	εαν ειδητε οτι δικαιος εστιν γινωσκετε οτι πας ο ποιων την δικαιοσυνην εξ αυτου γεγεννηται
3e030100db	ιδετε ποταπην αγαπην δεδωκεν ημιν ο πατηρ ινα τεκνα θεου κληθωμεν δια τουτο ο κοσμος ου γινωσκει ημας οτι ουκ εγνω αυτον
3e030200fc	αγαπητοι νυν τεκνα θεου εσμεν και ουπω εφανερωθη τι εσομεθα οιδαμεν δε οτι εαν φανερωθη ομοιοι αυτω εσομεθα οτι οψομεθα αυτον καθως εστιν
3e03030094	και πας ο εχων την ελπιδα ταυτην επ αυτω αγνιζει εαυτον καθως εκεινος αγνος εστιν
3e03040088	πας ο ποιων την αμαρτιαν και την ανομιαν ποιει και η αμαρτια εστιν η ανομια
3e030500a1	και οιδατε οτι εκεινος εφανερωθη ινα τας αμαρτιας ημων αρη και αμαρτια εν αυτω ουκ εστιν
3e0306009d	πας ο εν αυτω μενων ουχ αμαρτανει πας ο αμαρτανων ουχ εωρακεν αυτον ουδε εγνωκεν αυτον
3e030700ab	τεκνια μηδεις πλανατω υμας ο ποιων την δικαιοσυνην δικαιος εστιν καθως εκεινος δικαιος εστιν
3e03080102	ο ποιων την αμαρτιαν εκ του διαβολου εστιν οτι απ αρχης ο διαβολος αμαρτανει εις τουτο εφανερωθη ο υιος του θεου ινα λυση τα εργα του διαβολου
3e030900f1	πας ο γεγεννημενος εκ του θεου αμαρτιαν ου ποιει οτι σπερμα αυτου εν αυτω μενει και ου δυναται αμαρτανειν οτι εκ του θεου γεγεννηται
3e030a010b	εν τουτω φανερα εστιν τα τεκνα του θεου και τα τεκνα του διαβολου πας ο μη ποιων δικαιοσυνην ουκ εστιν εκ του θεου και ο μη αγαπων τον αδελφον αυτου
3e030b007b	οτι αυτη εστιν η αγγελια ην ηκουσατε απ αρχης ινα αγαπωμεν αλληλους
3e030c0110	ου καθως καιν εκ του πονηρου ην και εσφαξεν τον αδελφον αυτου και χαριν τινος εσφαξεν αυτον οτι τα εργα αυτου πονηρα ην τα δε του αδελφου αυτου δικαια
3e030d0056	μη θαυμαζετε αδελφοι μου ει μισει υμας ο κοσμος
3e030e00ec	ημεις οιδαμεν οτι μεταβεβηκαμεν εκ του θανατου εις την ζωην οτι αγαπωμεν τους αδελφους ο μη αγαπων τον αδελφον μενει εν τω θανατω
3e030f00df	πας ο μισων τον αδελφον αυτου ανθρωποκτονος εστιν και οιδατε οτι πας ανθρωποκτονος ουκ εχει ζωην αιωνιον εν αυτω μενουσαν
3e03100105	εν τουτω εγνωκαμεν την αγαπην {VAR2: του θεου} οτι εκεινος υπερ ημων την ψυχην αυτου εθηκεν και ημεις οφειλομεν υπερ των αδελφων τας ψυχας τιθεναι
3e03110107	ος δ αν εχη τον βιον του κοσμου και θεωρη τον αδελφον αυτου χρειαν εχοντα και κλειση τα σπλαγχνα αυτου απ αυτου πως η αγαπη του θεου μενει εν αυτω
3e0312006e	τεκνια μου μη αγαπωμεν λογω μηδε γλωσση αλλ εργω και αληθεια
3e031300af	και εν τουτω γινωσκομεν οτι εκ της αληθειας εσμεν και εμπροσθεν αυτου πεισομεν τας καρδιας ημων
3e031400aa	οτι εαν καταγινωσκη ημων η καρδια οτι μειζων εστιν ο θεος της καρδιας ημων και γινωσκει παντα
3e0315008e	αγαπητοι εαν η καρδια ημων μη καταγινωσκη ημων παρρησιαν εχομεν προς τον θεον
3e031600c3	και ο εαν αιτωμεν λαμβανομεν παρ αυτου οτι τας εντολας αυτου τηρουμεν και τα αρεστα ενωπιον αυτου ποιουμεν
3e031700f5	και αυτη εστιν η εντολη αυτου ινα πιστευσωμεν τω ονοματι του υιου αυτου ιησου χριστου και αγαπωμεν αλληλους καθως εδωκεν εντολην ημιν
3e031800f4	και ο τηρων τας εντολας αυτου εν αυτω μενει και αυτος εν αυτω και εν τουτω γινωσκομεν οτι μενει εν ημιν εκ του πνευματος ου ημιν εδωκεν
3e04010100	αγαπητοι μη παντι πνευματι πιστευετε αλλα δοκιμαζετε τα πνευματα ει εκ του θεου εστιν οτι πολλοι ψευδοπροφηται εξεληλυθασιν εις τον κοσμον
3e040200cb	εν τουτω γινωσκετε το πνευμα του θεου παν πνευμα ο ομολογει ιησουν χριστον εν σαρκι εληλυθοτα εκ του θεου εστιν
3e0403013f	και παν πνευμα ο μη ομολογει τον ιησουν χριστον εν σαρκι εληλυθοτα εκ του θεου ουκ εστιν και τουτο εστιν το του αντιχριστου ο ακηκοατε οτι ερχεται και νυν εν τω κοσμω εστιν ηδη
3e040400a9	υμεις εκ του θεου εστε τεκνια και νενικηκατε αυτους οτι μειζων εστιν ο εν υμιν η ο εν τω κοσμω
3e04050099	αυτοι εκ του κοσμου εισιν δια τουτο εκ του κοσμου λαλουσιν και ο κοσμος αυτων ακουει
3e0406012b	ημεις εκ του θεου εσμεν ο γινωσκων τον θεον ακουει ημων ος ουκ εστιν εκ του θεου ουκ ακουει ημων εκ τουτου γινωσκομεν το πνευμα της αληθειας και το πνευμα της πλανης
3e040700d7	αγαπητοι αγαπωμεν αλληλους οτι η αγαπη εκ του θεου εστιν και πας ο αγαπων εκ του θεου γεγεννηται και γινωσκει τον θεον
3e0408005d	ο μη αγαπων ουκ εγνω τον θεον οτι ο θεος αγαπη εστιν
3e040900ea	εν τουτω εφανερωθη η αγαπη του θεου εν ημιν οτι τον υιον αυτου τον μονογενη απεσταλκεν ο θεος εις τον κοσμον ινα ζησωμεν δι αυτου
3e040a0109	εν τουτω εστιν η αγαπη ουχ οτι ημεις ηγαπησαμεν τον θεον αλλ οτι αυτος ηγαπησεν ημας και απεστειλεν τον υιον αυτου ιλασμον περι των αμαρτιων ημων
3e040b0089	αγαπητοι ει ουτως ο θεος ηγαπησεν ημας και ημεις οφειλομεν αλληλους αγαπαν
3e040c00d3	θεον ουδεις πωποτε τεθεαται εαν αγαπωμεν αλληλους ο θεος εν ημιν μενει και η αγαπη αυτου τετελειωμενη εστιν εν ημιν
3e040d00b1	εν τουτω γινωσκομεν οτι εν αυτω μενομεν και αυτος εν ημιν οτι εκ του πνευματος αυτου δεδωκεν ημιν
3e040e009d	και ημεις τεθεαμεθα και μαρτυρουμεν οτι ο πατηρ απεσταλκεν τον υιον σωτηρα του κοσμου
3e040f009f	ος αν ομολογηση οτι ιησους εστιν ο υιος του θεου ο θεος εν αυτω μενει και αυτος εν τω θεω
3e0410010b	και ημεις εγνωκαμεν και πεπιστευκαμεν την αγαπην ην εχει ο θεος εν ημιν ο θεος αγαπη εστιν και ο μενων εν τη αγαπη εν τω θεω μενει και ο θεος εν αυτω
3e041100ff	εν τουτω τετελειωται η αγαπη μεθ ημων ινα παρρησιαν εχωμεν εν τη ημερα της κρισεως οτι καθως εκεινος εστιν και ημεις εσμεν εν τω κοσμω τουτω
3e041200f4	φοβος ουκ εστιν εν τη αγαπη αλλ η τελεια αγαπη εξω βαλλει τον φοβον οτι ο φοβος κολασιν εχει ο δε φοβουμενος ου τετελειωται εν τη αγαπη
3e0413005f	ημεις αγαπωμεν αυτον οτι αυτος πρωτος ηγαπησεν ημας
3e04140122	εαν τις ειπη οτι αγαπω τον θεον και τον αδελφον αυτου μιση ψευστης εστιν ο γαρ μη αγαπων τον αδελφον αυτου ον εωρακεν τον θεον ον ουχ εωρακεν πως δυναται αγαπαν
3e041500a0	και ταυτην την εντολην εχομεν απ αυτου ινα ο αγαπων τον θεον αγαπα και τον αδελφον αυτου
3e050100f1	πας ο πιστευων οτι ιησους εστιν ο χριστος εκ του θεου γεγεννηται και πας ο αγαπων τον γεννησαντα αγαπα και τον γεγεννημενον εξ αυτου
3e050200bd	εν τουτω γινωσκομεν οτι αγαπωμεν τα τεκνα του θεου οταν τον θεον αγαπωμεν και τας εντολας αυτου τηρωμεν
3e050300b6	αυτη γαρ εστιν η αγαπη του θεου ινα τας εντολας αυτου τηρωμεν και αι εντολαι αυτου βαρειαι ουκ εισιν
3e050400c5	οτι παν το γεγεννημενον εκ του θεου νικα τον κοσμον και αυτη εστιν η νικη η νικησασα τον κοσμον η πιστις ημων
3e0505008c	τις εστιν ο νικων τον κοσμον ει μη ο πιστευων οτι ιησους εστιν ο υιος του θεου
3e05060138	ουτος εστιν ο ελθων δι υδατος και αιματος ιησους ο χριστος ουκ εν τω υδατι μονον αλλ εν τω υδατι και τω αιματι και το πνευμα εστιν το μαρτυρουν οτι το πνευμα εστιν η αληθεια
3e050700c3	οτι τρεις εισιν οι μαρτυρουντες εν τω ουρανω ο πατηρ ο λογος και το αγιον πνευμα και ουτοι οι τρεις εν εισιν
3e050800b8	και τρεις εισιν οι μαρτυρουντες εν τη γη το πνευμα και το υδωρ και το αιμα και οι τρεις εις το εν εισιν
3e05090108	ει την μαρτυριαν των ανθρωπων λαμβανομεν η μαρτυρια του θεου μειζων εστιν οτι αυτη εστιν η μαρτυρια του θεου ην μεμαρτυρηκεν περι του υιου αυτου
3e050a0151	ο πιστευων εις τον υιον του θεου εχει την μαρτυριαν εν εαυτω ο μη πιστευων τω θεω ψευστην πεποιηκεν αυτον οτι ου πεπιστευκεν εις την μαρτυριαν ην μεμαρτυρηκεν ο θεος περι του υιου αυτου
3e050b00b0	και αυτη εστιν η μαρτυρια οτι ζωην αιωνιον εδωκεν ημιν ο θεος και αυτη η ζωη εν τω υιω αυτου εστιν
3e050c0085	ο εχων τον υιον εχει την ζωην ο μη εχων τον υιον του θεου την ζωην ουκ εχει
3e050d010d	ταυτα εγραψα υμιν τοις πιστευουσιν εις το ονομα του υιου του θεου ινα ειδητε οτι ζωην εχετε αιωνιον και ινα πιστευητε εις το ονομα του υιου του θεου
3e050e00b4	και αυτη εστιν η παρρησια ην εχομεν προς αυτον οτι εαν τι αιτωμεθα κατα το θελημα αυτου ακουει ημων
3e050f00b1	και εαν οιδαμεν οτι ακουει ημων ο αν αιτωμεθα οιδαμεν οτι εχομεν τα αιτηματα α ητηκαμεν παρ αυτου
3e0510015a	εαν τις ιδη τον αδελφον αυτου αμαρτανοντα αμαρτιαν μη προς θανατον αιτησει και δωσει αυτω ζωην τοις αμαρτανουσιν μη προς θανατον εστιν αμαρτια προς θανατον ου περι εκεινης λεγω ινα ερωτηση
3e0511006d	πασα αδικια αμαρτια εστιν και εστιν αμαρτια ου προς θανατον
3e051200eb	οιδαμεν οτι πας ο γεγεννημενος εκ του θεου ουχ αμαρτανει αλλ ο γεννηθεις εκ του θεου τηρει εαυτον και ο πονηρος ουχ απτεται αυτου
3e05130079	οιδαμεν οτι εκ του θεου εσμεν και ο κοσμος ολος εν τω πονηρω κειται
3e05140155	οιδαμεν δε οτι ο υιος του θεου ηκει και δεδωκεν ημιν διανοιαν ινα γινωσκωμεν τον αληθινον και εσμεν εν τω αληθινω εν τω υιω αυτου ιησου χριστω ουτος εστιν ο αληθινος θεος και η ζωη αιωνιος
3e05150052	τεκνια φυλαξατε εαυτους απο των ειδωλων αμην
3f00000013	Ιωαννου Β΄
3f010100f7	ο πρεσβυτερος εκλεκτη κυρια και τοις τεκνοις αυτης ους εγω αγαπω εν αληθεια και ουκ εγω μονος αλλα και παντες οι εγνωκοτες την αληθειαν
3f0102007f	δια την αληθειαν την μενουσαν εν ημιν και μεθ ημων εσται εις τον αιωνα
3f010300f6	εσται μεθ {VAR1: ημων} {VAR2: υμων} χαρις ελεος ειρηνη παρα θεου πατρος και παρα κυριου ιησου χριστου του υιου του πατρος εν αληθεια και αγαπη
3f010400c0	εχαρην λιαν οτι ευρηκα εκ των τεκνων σου περιπατουντας εν αληθεια καθως εντολην ελαβομεν παρα του πατρος
3f010500d5	και νυν ερωτω σε κυρια ουχ ως εντολην {VAR1: γραφω} {VAR2: γραφων} σοι καινην αλλα ην ειχομεν απ αρχης ινα αγαπωμεν αλληλους
3f010600ea	και αυτη εστιν η αγαπη ινα περιπατωμεν κατα τας εντολας αυτου αυτη εστιν η εντολη καθως ηκουσατε απ αρχης ινα εν αυτη περιπατητε
3f010700f5	οτι πολλοι πλανοι εισηλθον εις τον κοσμον οι μη ομολογουντες ιησουν χριστον ερχομενον εν σαρκι ουτος εστιν ο πλανος και ο αντιχριστος
3f0108008e	βλεπετε εαυτους ινα μη απολεσωμεν α ειργασαμεθα αλλα μισθον πληρη απολαβωμεν
3f010900fc	πας ο παραβαινων και μη μενων εν τη διδαχη του χριστου θεον ουκ εχει ο μενων εν τη διδαχη του χριστου ουτος και τον πατερα και τον υιον εχει
3f010a00ce	ει τις ερχεται προς υμας και ταυτην την διδαχην ου φερει μη λαμβανετε αυτον εις οικιαν και χαιρειν αυτω μη λεγετε
3f010b0078	ο γαρ λεγων αυτω χαιρειν κοινωνει τοις εργοις αυτου τοις πονηροις
3f010c010f	πολλα εχων υμιν γραφειν ουκ ηβουληθην δια χαρτου και μελανος αλλα ελπιζω ελθειν προς υμας και στομα προς στομα λαλησαι ινα η χαρα ημων η πεπληρωμενη
3f010d0065	ασπαζεται σε τα τεκνα της αδελφης σου της εκλεκτης αμην
4000000013	Ιωαννου Γ΄
4001010061	ο πρεσβυτερος γαιω τω αγαπητω ον εγω αγαπω εν αληθεια
4001020098	αγαπητε περι παντων ευχομαι σε ευοδουσθαι και υγιαινειν καθως ευοδουται σου η ψυχη
40010300b2	εχαρην γαρ λιαν ερχομενων αδελφων και μαρτυρουντων σου τη αληθεια καθως συ εν αληθεια περιπατεις
4001040090	μειζοτεραν τουτων ουκ εχω χαραν ινα ακουω τα εμα τεκνα εν αληθεια περιπατουντα
4001050084	αγαπητε πιστον ποιεις ο εαν εργαση εις τους αδελφους και εις τους ξενους
40010600a5	οι εμαρτυρησαν σου τη αγαπη ενωπιον εκκλησιας ους καλως ποιησεις προπεμψας αξιως του θεου
4001070084	υπερ γαρ του ονοματος {VAR2: αυτου} εξηλθον μηδεν λαμβανοντες απο των εθνων
4001080096	ημεις ουν οφειλομεν απολαμβανειν τους τοιουτους ινα συνεργοι γινωμεθα τη αληθεια
4001090088	εγραψα τη εκκλησια αλλ ο φιλοπρωτευων αυτων διοτρεφης ουκ επιδεχεται ημας
40010a0174	δια τουτο εαν ελθω υπομνησω αυτου τα εργα α ποιει λογοις πονηροις φλυαρων ημας και μη αρκουμενος επι τουτοις ουτε αυτος επιδεχεται τους αδελφους και τους βουλομενους κωλυει και εκ της εκκλησιας εκβαλλει
40010b00c2	αγαπητε μη μιμου το κακον αλλα το αγαθον ο αγαθοποιων εκ του θεου εστιν ο δε κακοποιων ουχ εωρακεν τον θεον
40010c00ea	δημητριω μεμαρτυρηται υπο παντων και υπ αυτης της αληθειας και ημεις δε μαρτυρουμεν και οιδατε οτι η μαρτυρια ημων αληθης εστιν
40010d0079	πολλα ειχον γραφειν αλλ ου θελω δια μελανος και καλαμου σοι γραψαι
40010e00dc	ελπιζω δε ευθεως ιδειν σε και στομα προς στομα λαλησομεν ειρηνη σοι ασπαζονται σε οι φιλοι ασπαζου τους φιλους κατ ονομα
410000000a	Ιουδα
41010100d4	ιουδας ιησου χριστου δουλος αδελφος δε ιακωβου τοις εν θεω πατρι ηγιασμενοις και ιησου χριστω τετηρημενοις κλητοις
410102004e	ελεος υμιν και ειρηνη και αγαπη πληθυνθειη
410103012b	αγαπητοι πασαν σπουδην ποιουμενος γραφειν υμιν περι της κοινης σωτηριας αναγκην εσχον γραψαι υμιν παρακαλων επαγωνιζεσθαι τη απαξ παραδοθειση τοις αγιοις πιστει
4101040178	παρεισεδυσαν γαρ τινες ανθρωποι οι παλαι προγεγραμμενοι εις τουτο το κριμα ασεβεις την του θεου ημων χαριν μετατιθεντες εις ασελγειαν και τον μονον δεσποτην θεον και κυριον ημων ιησουν χριστον αρνουμενοι
41010500f3	υπομνησαι δε υμας βουλομαι ειδοτας υμας απαξ τουτο οτι ο κυριος λαον εκ γης αιγυπτου σωσας το δευτερον τους μη πιστευσαντας απωλεσεν
410106010f	αγγελους τε τους μη τηρησαντας την εαυτων αρχην αλλα απολιποντας το ιδιον οικητηριον εις κρισιν μεγαλης ημερας δεσμοις αιδιοις υπο ζοφον τετηρηκεν
410107013a	ως σοδομα και γομορρα και αι περι αυτας πολεις τον ομοιον τουτοις τροπον εκπορνευσασαι και απελθουσαι οπισω σαρκος ετερας προκεινται δειγμα πυρος αιωνιου δικην υπεχουσαι
41010800c3	ομοιως μεντοι και ουτοι ενυπνιαζομενοι σαρκα μεν μιαινουσιν κυριοτητα δε αθετουσιν δοξας δε βλασφημουσιν
410109012d	ο δε μιχαηλ ο αρχαγγελος οτε τω διαβολω διακρινομενος διελεγετο περι του μωσεως σωματος ουκ ετολμησεν κρισιν επενεγκειν βλασφημιας αλλ ειπεν επιτιμησαι σοι κυριος
41010a00c1	ουτοι δε οσα μεν ουκ οιδασιν βλασφημουσιν οσα δε φυσικως ως τα αλογα ζωα επιστανται εν τουτοις φθειρονται
41010b00dc	ουαι αυτοις οτι τη οδω του καιν επορευθησαν και τη πλανη του βαλααμ μισθου εξεχυθησαν και τη αντιλογια του κορε απωλοντο
41010c0160	ουτοι εισιν εν ταις αγαπαις υμων σπιλαδες συνευωχουμενοι {VAR2: υμιν} αφοβως εαυτους ποιμαινοντες νεφελαι ανυδροι υπο ανεμων περιφερομεναι δενδρα φθινοπωρινα ακαρπα δις αποθανοντα εκριζωθεντα
41010d00db	κυματα αγρια θαλασσης επαφριζοντα τας εαυτων αισχυνας αστερες πλανηται οις ο ζοφος του σκοτους εις τον αιωνα τετηρηται
41010e00b5	προεφητευσεν δε και τουτοις εβδομος απο αδαμ ενωχ λεγων ιδου ηλθεν κυριος εν μυριασιν αγιαις αυτου
41010f0152	ποιησαι κρισιν κατα παντων και εξελεγξαι παντας τους ασεβεις αυτων περι παντων των εργων ασεβειας αυτων ων ησεβησαν και περι παντων των σκληρων ων ελαλησαν κατ αυτου αμαρτωλοι ασεβεις
4101100104	ουτοι εισιν γογγυσται μεμψιμοιροι κατα τας επιθυμιας αυτων πορευομενοι και το στομα αυτων λαλει υπερογκα θαυμαζοντες προσωπα ωφελειας χαριν
41011100bf	υμεις δε αγαπητοι μνησθητε των ρηματων των προειρημενων υπο των αποστολων του κυριου ημων ιησου χριστου
41011200c1	οτι ελεγον υμιν οτι εν εσχατω χρονω εσονται εμπαικται κατα τας εαυτων επιθυμιας πορευομενοι των ασεβειων
410113007e	ουτοι εισιν οι αποδιοριζοντες {VAR2: εαυτους} ψυχικοι πνευμα μη εχοντες
41011400b4	υμεις δε αγαπητοι τη αγιωτατη υμων πιστει εποικοδομουντες εαυτους εν πνευματι αγιω προσευχομενοι
41011500b9	εαυτους εν αγαπη θεου τηρησατε προσδεχομενοι το ελεος του κυριου ημων ιησου χριστου εις ζωην αιωνιον
410116003e	και ους μεν ελεειτε διακρινομενοι
41011700b2	ους δε εν φοβω σωζετε εκ του πυρος αρπαζοντες μισουντες και τον απο της σαρκος εσπιλωμενον χιτωνα
41011800d3	τω δε δυναμενω φυλαξαι {VAR1: αυτους} {VAR2: υμας} απταιστους και στησαι κατενωπιον της δοξης αυτου αμωμους εν αγαλλιασει
41011900be	μονω σοφω θεω σωτηρι ημων δοξα και μεγαλωσυνη κρατος και εξουσια και νυν και εις παντας τους αιωνας αμην
4200000023	Αποκαλυψις Ιωαννου
420101012d	αποκαλυψις ιησου χριστου ην εδωκεν αυτω ο θεος δειξαι τοις δουλοις αυτου α δει γενεσθαι εν ταχει και εσημανεν αποστειλας δια του αγγελου αυτου τω δουλω αυτου ιωαννη
420102008f	ος εμαρτυρησεν τον λογον του θεου και την μαρτυριαν ιησου χριστου οσα τε ειδεν
42010300df	μακαριος ο αναγινωσκων και οι ακουοντες τους λογους της προφητειας και τηρουντες τα εν αυτη γεγραμμενα ο γαρ καιρος εγγυς
4201040128	ιωαννης ταις επτα εκκλησιαις ταις εν τη ασια χαρις υμιν και ειρηνη απο του ο ων και ο ην και ο ερχομενος και απο των επτα πνευματων α εστιν ενωπιον του θρονου αυτου
4201050141	και απο ιησου χριστου ο μαρτυς ο πιστος ο πρωτοτοκος εκ των νεκρων και ο αρχων των βασιλεων της γης τω αγαπησαντι ημας και λουσαντι ημας απο των αμαρτιων ημων εν τω αιματι αυτου
42010600d6	και εποιησεν ημας βασιλεις και ιερεις τω θεω και πατρι αυτου αυτω η δοξα και το κρατος εις τους αιωνας των αιωνων αμην
4201070106	ιδου ερχεται μετα των νεφελων και οψεται αυτον πας οφθαλμος και οιτινες αυτον εξεκεντησαν και κοψονται επ αυτον πασαι αι φυλαι της γης ναι αμην
42010800aa	εγω ειμι το α και το ω αρχη και τελος λεγει ο κυριος ο ων και ο ην και ο ερχομενος ο παντοκρατωρ
4201090170	εγω ιωαννης ο και αδελφος υμων και συγκοινωνος εν τη θλιψει και εν τη βασιλεια και υπομονη ιησου χριστου εγενομην εν τη νησω τη καλουμενη πατμω δια τον λογον του θεου και δια την μαρτυριαν ιησου χριστου
42010a00a2	εγενομην εν πνευματι εν τη κυριακη ημερα και ηκουσα οπισω μου φωνην μεγαλην ως σαλπιγγος
42010b01cc	λεγουσης εγω ειμι το α και το ω ο πρωτος και ο εσχατος και ο βλεπεις γραψον εις βιβλιον και πεμψον ταις {VAR2: επτα} εκκλησιαις ταις εν ασια εις εφεσον και εις σμυρναν και εις περγαμον και εις θυατειρα και εις σαρδεις και εις φιλαδελφειαν και εις λαοδικειαν
42010c00b0	και επεστρεψα βλεπειν την φωνην ητις ελαλησεν μετ εμου και επιστρεψας ειδον επτα λυχνιας χρυσας
42010d00d7	και εν μεσω των επτα λυχνιων ομοιον υιω ανθρωπου ενδεδυμενον ποδηρη και περιεζωσμενον προς τοις μαστοις ζωνην χρυσην
42010e00b5	η δε κεφαλη αυτου και αι τριχες λευκαι ωσει εριον λευκον ως χιων και οι οφθαλμοι αυτου ως φλοξ πυρος
42010f00b9	και οι ποδες αυτου ομοιοι χαλκολιβανω ως εν καμινω πεπυρωμενοι και η φωνη αυτου ως φωνη υδατων πολλων
4201100127	και εχων εν τη δεξια αυτου χειρι αστερας επτα και εκ του στοματος αυτου ρομφαια διστομος οξεια εκπορευομενη και η οψις αυτου ως ο ηλιος φαινει εν τη δυναμει αυτου
4201110111	και οτε ειδον αυτον επεσα προς τους ποδας αυτου ως νεκρος και επεθηκεν την δεξιαν αυτου χειρα επ εμε λεγων μοι μη φοβου εγω ειμι ο πρωτος και ο εσχατος
42011200dc	και ο ζων και εγενομην νεκρος και ιδου ζων ειμι εις τους αιωνας των αιωνων αμην και εχω τας κλεις του αδου και του θανατου
420113006b	γραψον α ειδες και α εισιν και α μελλει γινεσθαι μετα ταυτα
4201140157	το μυστηριον των επτα αστερων ων ειδες επι της δεξιας μου και τας επτα λυχνιας τας χρυσας οι επτα αστερες αγγελοι των επτα εκκλησιων εισιν και αι επτα λυχνιαι ας ειδες επτα εκκλησιαι εισιν
4202010105	τω αγγελω της εφεσινης εκκλησιας γραψον ταδε λεγει ο κρατων τους επτα αστερας εν τη δεξια αυτου ο περιπατων εν μεσω των επτα λυχνιων των χρυσων
4202020138	οιδα τα εργα σου και τον κοπον σου και την υπομονην σου και οτι ου δυνη βαστασαι κακους και επειρασω τους φασκοντας ειναι αποστολους και ουκ εισιν και ευρες αυτους ψευδεις
4202030093	και εβαστασας και υπομονην εχεις και δια το ονομα μου κεκοπιακας και ου κεκμηκας
4202040060	αλλ εχω κατα σου οτι την αγαπην σου την πρωτην αφηκας
4202050141	μνημονευε ουν ποθεν εκπεπτωκας και μετανοησον και τα πρωτα εργα ποιησον ει δε μη ερχομαι σοι {VAR1: ταχει} {VAR2: ταχυ} και κινησω την λυχνιαν σου εκ του τοπου αυτης εαν μη μετανοησης
4202060071	αλλα τουτο εχεις οτι μισεις τα εργα των νικολαιτων α καγω μισω
4202070105	ο εχων ους ακουσατω τι το πνευμα λεγει ταις εκκλησιαις τω νικωντι δωσω αυτω φαγειν εκ του ξυλου της ζωης ο εστιν εν μεσω του παραδεισου του θεου
42020800c4	και τω αγγελω της εκκλησιας σμυρναιων γραψον ταδε λεγει ο πρωτος και ο εσχατος ος εγενετο νεκρος και εζησεν
4202090121	οιδα σου τα εργα και την θλιψιν και την πτωχειαν πλουσιος δε ει και την βλασφημιαν των λεγοντων ιουδαιους ειναι εαυτους και ουκ εισιν αλλα συναγωγη του σατανα
42020a0151	μηδεν φοβου α μελλεις πασχειν ιδου μελλει βαλειν εξ υμων ο διαβολος εις φυλακην ινα πειρασθητε και εξετε θλιψιν ημερων δεκα γινου πιστος αχρι θανατου και δωσω σοι τον στεφανον της ζωης
42020b00bd	ο εχων ους ακουσατω τι το πνευμα λεγει ταις εκκλησιαις ο νικων ου μη αδικηθη εκ του θανατου του δευτερου
42020c00b7	και τω αγγελω της εν περγαμω εκκλησιας γραψον ταδε λεγει ο εχων την ρομφαιαν την διστομον την οξειαν
42020d0188	οιδα τα εργα σου και που κατοικεις οπου ο θρονος του σατανα και κρατεις το ονομα μου και ουκ ηρνησω την πιστιν μου και εν ταις ημεραις εν αις αντιπας ο μαρτυς μου ο πιστος ος απεκτανθη παρ υμιν οπου κατοικει ο σατανας
42020e0147	αλλ εχω κατα σου ολιγα οτι εχεις εκει κρατουντας την διδαχην βαλααμ ος εδιδασκεν {VAR1: εν τω} {VAR2: τον} βαλακ βαλειν σκανδαλον ενωπιον των υιων ισραηλ φαγειν ειδωλοθυτα και πορνευσαι
42020f0074	ουτως εχεις και συ κρατουντας την διδαχην των νικολαιτων ο μισω
42021000a4	μετανοησον ει δε μη ερχομαι σοι ταχυ και πολεμησω μετ αυτων εν τη ρομφαια του στοματος μου
4202110184	ο εχων ους ακουσατω τι το πνευμα λεγει ταις εκκλησιαις τω νικωντι δωσω αυτω φαγειν απο του μαννα του κεκρυμμενου και δωσω αυτω ψηφον λευκην και επι την ψηφον ονομα καινον γεγραμμενον ο ουδεις εγνω ει μη ο λαμβανων
420212011d	και τω αγγελω της εν θυατειροις εκκλησιας γραψον ταδε λεγει ο υιος του θεου ο εχων τους οφθαλμους αυτου ως φλογα πυρος και οι ποδες αυτου ομοιοι χαλκολιβανω
42021300f2	οιδα σου τα εργα και την αγαπην και την διακονιαν και την πιστιν και την υπομονην σου και τα εργα σου και τα εσχατα πλειονα των πρωτων
4202140114	αλλ εχω κατα σου ολιγα οτι εας την γυναικα ιεζαβηλ την λεγουσαν εαυτην προφητιν διδασκειν και πλανασθαι εμους δουλους πορνευσαι και ειδωλοθυτα φαγειν
420215008a	και εδωκα αυτη χρονον ινα μετανοηση εκ της πορνειας αυτης και ου μετενοησεν
42021600dc	ιδου εγω βαλλω αυτην εις κλινην και τους μοιχευοντας μετ αυτης εις θλιψιν μεγαλην εαν μη μετανοησωσιν εκ των εργων αυτων
4202170115	και τα τεκνα αυτης αποκτενω εν θανατω και γνωσονται πασαι αι εκκλησιαι οτι εγω ειμι ο ερευνων νεφρους και καρδιας και δωσω υμιν εκαστω κατα τα εργα υμων
4202180125	υμιν δε λεγω και λοιποις τοις εν θυατειροις οσοι ουκ εχουσιν την διδαχην ταυτην και οιτινες ουκ εγνωσαν τα βαθη του σατανα ως λεγουσιν ου βαλω εφ υμας αλλο βαρος
4202190045	πλην ο εχετε κρατησατε αχρις ου αν ηξω
42021a0090	και ο νικων και ο τηρων αχρι τελους τα εργα μου δωσω αυτω εξουσιαν επι των εθνων
42021b00c2	και ποιμανει αυτους εν ραβδω σιδηρα ως τα σκευη τα κεραμικα συντριβεται ως καγω ειληφα παρα του πατρος μου
42021c0042	και δωσω αυτω τον αστερα τον πρωινον
42021d0063	ο εχων ους ακουσατω τι το πνευμα λεγει ταις εκκλησιαις
420301013b	και τω αγγελω της εν σαρδεσιν εκκλησιας γραψον ταδε λεγει ο εχων τα {VAR2: επτα} πνευματα του θεου και τους επτα αστερας οιδα σου τα εργα οτι το ονομα εχεις οτι ζης και νεκρος ει
42030200ca	γινου γρηγορων και στηριξον τα λοιπα α μελλει αποθανειν ου γαρ ευρηκα σου τα εργα πεπληρωμενα ενωπιον του θεου
4203030103	μνημονευε ουν πως ειληφας και ηκουσας και τηρει και μετανοησον εαν ουν μη γρηγορησης ηξω επι σε ως κλεπτης και ου μη γνως ποιαν ωραν ηξω επι σε
42030400de	εχεις ολιγα ονοματα και εν σαρδεσιν α ουκ εμολυναν τα ιματια αυτων και περιπατησουσιν μετ εμου εν λευκοις οτι αξιοι εισιν
420305015c	ο νικων ουτος περιβαλειται εν ιματιοις λευκοις και ου μη εξαλειψω το ονομα αυτου εκ της βιβλου της ζωης και εξομολογησομαι το ονομα αυτου ενωπιον του πατρος μου και ενωπιον των αγγελων αυτου
4203060063	ο εχων ους ακουσατω τι το πνευμα λεγει ταις εκκλησιαις
420307012d	και τω αγγελω της εν φιλαδελφεια εκκλησιας γραψον ταδε λεγει ο αγιος ο αληθινος ο εχων την κλειδα του δαβιδ ο ανοιγων και ουδεις κλειει και κλειει και ουδεις ανοιγει
4203080137	οιδα σου τα εργα ιδου δεδωκα ενωπιον σου θυραν ανεωγμενην και ουδεις δυναται κλεισαι αυτην οτι μικραν εχεις δυναμιν και ετηρησας μου τον λογον και ουκ ηρνησω το ονομα μου
4203090179	ιδου διδωμι εκ της συναγωγης του σατανα των λεγοντων εαυτους ιουδαιους ειναι και ουκ εισιν αλλα ψευδονται ιδου ποιησω αυτους ινα ηξωσιν και προσκυνησωσιν ενωπιον των ποδων σου και γνωσιν οτι εγω ηγαπησα σε
42030a0131	οτι ετηρησας τον λογον της υπομονης μου καγω σε τηρησω εκ της ωρας του πειρασμου της μελλουσης ερχεσθαι επι της οικουμενης ολης πειρασαι τους κατοικουντας επι της γης
42030b0077	ιδου ερχομαι ταχυ κρατει ο εχεις ινα μηδεις λαβη τον στεφανον σου
42030c01e4	ο νικων ποιησω αυτον στυλον εν τω ναω του θεου μου και εξω ου μη εξελθη ετι και γραψω επ αυτον το ονομα του θεου μου και το ονομα της πολεως του θεου μου της καινης ιερουσαλημ η {VAR1: καταβαινουσα} {VAR2: καταβαινει} εκ του ουρανου απο του θεου μου και το ονομα μου το καινον
42030d0063	ο εχων ους ακουσατω τι το πνευμα λεγει ταις εκκλησιαις
42030e00dc	και τω αγγελω της εκκλησιας λαοδικεων γραψον ταδε λεγει ο αμην ο μαρτυς ο πιστος και αληθινος η αρχη της κτισεως του θεου
42030f0088	οιδα σου τα εργα οτι ουτε ψυχρος ει ουτε ζεστος οφελον ψυχρος ειης η ζεστος
4203100099	ουτως οτι χλιαρος ει και ουτε ψυχρος ουτε ζεστος μελλω σε εμεσαι εκ του στοματος μου
4203110110	οτι λεγεις οτι πλουσιος ειμι και πεπλουτηκα και ουδενος χρειαν εχω και ουκ οιδας οτι συ ει ο ταλαιπωρος και ελεεινος και πτωχος και τυφλος και γυμνος
4203120179	συμβουλευω σοι αγορασαι παρ εμου χρυσιον πεπυρωμενον εκ πυρος ινα πλουτησης και ιματια λευκα ινα περιβαλη και μη φανερωθη η αισχυνη της γυμνοτητος σου και κολλουριον εγχρισον τους οφθαλμους σου ινα βλεπης
4203130076	εγω οσους εαν φιλω ελεγχω και παιδευω ζηλωσον ουν και μετανοησον
4203140113	ιδου εστηκα επι την θυραν και κρουω εαν τις ακουση της φωνης μου και ανοιξη την θυραν εισελευσομαι προς αυτον και δειπνησω μετ αυτου και αυτος μετ εμου
42031500d1	ο νικων δωσω αυτω καθισαι μετ εμου εν τω θρονω μου ως καγω ενικησα και εκαθισα μετα του πατρος μου εν τω θρονω αυτου
4203160063	ο εχων ους ακουσατω τι το πνευμα λεγει ταις εκκλησιαις
4204010136	μετα ταυτα ειδον και ιδου θυρα ηνεωγμενη εν τω ουρανω και η φωνη η πρωτη ην ηκουσα ως σαλπιγγος λαλουσης μετ εμου λεγουσα αναβα ωδε και δειξω σοι α δει γενεσθαι μετα ταυτα
42040200b0	και ευθεως εγενομην εν πνευματι και ιδου θρονος εκειτο εν τω ουρανω και επι του θρονου καθημενος
42040300e8	και ο καθημενος ην ομοιος ορασει λιθω ιασπιδι και σαρδινω και ιρις κυκλοθεν του θρονου {VAR1: ομοιος} {VAR2: ομοια} ορασει σμαραγδινω
420404018a	και κυκλοθεν του θρονου θρονοι εικοσι και τεσσαρες και επι τους θρονους ειδον τους εικοσι και τεσσαρας πρεσβυτερους καθημενους περιβεβλημενους εν ιματιοις λευκοις και εσχον επι τας κεφαλας αυτων στεφανους χρυσους
4204050112	και εκ του θρονου εκπορευονται αστραπαι και βρονται και φωναι και επτα λαμπαδες πυρος καιομεναι ενωπιον του θρονου αι εισιν τα επτα πνευματα του θεου
4204060111	και ενωπιον του θρονου θαλασσα υαλινη ομοια κρυσταλλω και εν μεσω του θρονου και κυκλω του θρονου τεσσαρα ζωα γεμοντα οφθαλμων εμπροσθεν και οπισθεν
4204070122	και το ζωον το πρωτον ομοιον λεοντι και το δευτερον ζωον ομοιον μοσχω και το τριτον ζωον εχον το προσωπον ως ανθρωπος και το τεταρτον ζωον ομοιον αετω πετωμενω
4204080188	και τεσσαρα ζωα εν καθ εαυτο ειχον ανα πτερυγας εξ κυκλοθεν και εσωθεν γεμοντα οφθαλμων και αναπαυσιν ουκ εχουσιν ημερας και νυκτος λεγοντα αγιος αγιος αγιος κυριος ο θεος ο παντοκρατωρ ο ην και ο ων και ο ερχομενος
42040900d9	και οταν δωσουσιν τα ζωα δοξαν και τιμην και ευχαριστιαν τω καθημενω επι του θρονου τω ζωντι εις τους αιωνας των αιωνων
42040a016d	πεσουνται οι εικοσι και τεσσαρες πρεσβυτεροι ενωπιον του καθημενου επι του θρονου και προσκυνουσιν τω ζωντι εις τους αιωνας των αιωνων και βαλλουσιν τους στεφανους αυτων ενωπιον του θρονου λεγοντες
42040b00e8	αξιος ει κυριε λαβειν την δοξαν και την τιμην και την δυναμιν οτι συ εκτισας τα παντα και δια το θελημα σου εισιν και εκτισθησαν
42050100e7	και ειδον επι την δεξιαν του καθημενου επι του θρονου βιβλιον γεγραμμενον εσωθεν και οπισθεν κατεσφραγισμενον σφραγισιν επτα
42050200d1	και ειδον αγγελον ισχυρον κηρυσσοντα φωνη μεγαλη τις εστιν αξιος ανοιξαι το βιβλιον και λυσαι τας σφραγιδας αυτου
42050300c1	και ουδεις ηδυνατο εν τω ουρανω ουδε επι της γης ουδε υποκατω της γης ανοιξαι το βιβλιον ουδε βλεπειν αυτο
42050400b1	και εγω εκλαιον πολλα οτι ουδεις αξιος ευρεθη ανοιξαι και αναγνωναι το βιβλιον ουτε βλεπειν αυτο
420505011c	και εις εκ των πρεσβυτερων λεγει μοι μη κλαιε ιδου ενικησεν ο λεων ο ων εκ της φυλης ιουδα η ριζα δαβιδ ανοιξαι το βιβλιον και λυσαι τας επτα σφραγιδας αυτου
4205060191	και ειδον και ιδου εν μεσω του θρονου και των τεσσαρων ζωων και εν μεσω των πρεσβυτερων αρνιον εστηκος ως εσφαγμενον εχον κερατα επτα και οφθαλμους επτα οι εισιν τα επτα του θεου πνευματα τα απεσταλμενα εις πασαν την γην
4205070089	και ηλθεν και ειληφεν το βιβλιον εκ της δεξιας του καθημενου επι του θρονου
4205080167	και οτε ελαβεν το βιβλιον τα τεσσαρα ζωα και οι εικοσιτεσσαρες πρεσβυτεροι επεσον ενωπιον του αρνιου εχοντες εκαστος κιθαρας και φιαλας χρυσας γεμουσας θυμιαματων αι εισιν αι προσευχαι των αγιων
420509015e	και αδουσιν ωδην καινην λεγοντες αξιος ει λαβειν το βιβλιον και ανοιξαι τας σφραγιδας αυτου οτι εσφαγης και ηγορασας τω θεω ημας εν τω αιματι σου εκ πασης φυλης και γλωσσης και λαου και εθνους
42050a008f	και εποιησας ημας τω θεω ημων βασιλεις και ιερεις και βασιλευσομεν επι της γης
42050b0129	και ειδον και ηκουσα φωνην αγγελων πολλων κυκλοθεν του θρονου και των ζωων και των πρεσβυτερων και {VAR2: ην ο αριθμος αυτων μυριαδες μυριαδων και} χιλιαδες χιλιαδων
42050c0103	λεγοντες φωνη μεγαλη αξιον εστιν το αρνιον το εσφαγμενον λαβειν την δυναμιν και πλουτον και σοφιαν και ισχυν και τιμην και δοξαν και ευλογιαν
42050d01be	και παν κτισμα ο εστιν εν τω ουρανω και εν τη γη και υποκατω της γης και επι της θαλασσης α εστιν και τα εν αυτοις παντα ηκουσα λεγοντας τω καθημενω επι του θρονου και τω αρνιω η ευλογια και η τιμη και η δοξα και το κρατος εις τους αιωνας των αιωνων
42050e00e0	και τα τεσσαρα ζωα ελεγον αμην και οι εικοσιτεσσαρες πρεσβυτεροι επεσαν και προσεκυνησαν ζωντι εις τους αιωνας των αιωνων
42060100f1	και ειδον οτε ηνοιξεν το αρνιον μιαν εκ των σφραγιδων και ηκουσα ενος εκ των τεσσαρων ζωων λεγοντος ως φωνης βροντης ερχου και βλεπε
42060200e0	και ειδον και ιδου ιππος λευκος και ο καθημενος επ αυτω εχων τοξον και εδοθη αυτω στεφανος και εξηλθεν νικων και ινα νικηση
42060300a1	και οτε ηνοιξεν την δευτεραν σφραγιδα ηκουσα του δευτερου ζωου λεγοντος ερχου και βλεπε
4206040116	και εξηλθεν αλλος ιππος πυρρος και τω καθημενω επ αυτω εδοθη αυτω λαβειν την ειρηνην απο της γης και ινα αλληλους σφαξωσιν και εδοθη αυτω μαχαιρα μεγαλη
4206050130	και οτε ηνοιξεν την τριτην σφραγιδα ηκουσα του τριτου ζωου λεγοντος ερχου και βλεπε και ειδον και ιδου ιππος μελας και ο καθημενος επ αυτω εχων ζυγον εν τη χειρι αυτου
4206060110	και ηκουσα φωνην εν μεσω των τεσσαρων ζωων λεγουσαν χοινιξ σιτου δηναριου και τρεις χοινικες κριθης δηναριου και το ελαιον και τον οινον μη αδικησης
42060700b3	και οτε ηνοιξεν την σφραγιδα την τεταρτην ηκουσα φωνην του τεταρτου ζωου λεγουσαν ερχου και βλεπε
42060801aa	και ειδον και ιδου ιππος χλωρος και ο καθημενος επανω αυτου ονομα αυτω ο θανατος και ο αδης ακολουθει μετ αυτου και εδοθη αυτοις εξουσια αποκτειναι επι το τεταρτον της γης εν ρομφαια και εν λιμω και εν θανατω και υπο των θηριων της γης
420609010c	και οτε ηνοιξεν την πεμπτην σφραγιδα ειδον υποκατω του θυσιαστηριου τας ψυχας των εσφαγμενων δια τον λογον του θεου και δια την μαρτυριαν ην ειχον
42060a0108	και εκραζον φωνη μεγαλη λεγοντες εως ποτε ο δεσποτης ο αγιος και ο αληθινος ου κρινεις και εκδικεις το αιμα ημων απο των κατοικουντων επι της γης
42060b0161	και εδοθησαν εκαστοις στολαι λευκαι και ερρεθη αυτοις ινα αναπαυσωνται ετι χρονον μικρον εως ου πληρωσονται και οι συνδουλοι αυτων και οι αδελφοι αυτων οι μελλοντες αποκτεινεσθαι ως και αυτοι
42060c0110	και ειδον οτε ηνοιξεν την σφραγιδα την εκτην και ιδου σεισμος μεγας εγενετο και ο ηλιος εγενετο μελας ως σακκος τριχινος και η σεληνη εγενετο ως αιμα
42060d00c6	και οι αστερες του ουρανου επεσαν εις την γην ως συκη βαλλει τους ολυνθους αυτης υπο μεγαλου ανεμου σειομενη
42060e00b7	και ουρανος απεχωρισθη ως βιβλιον ειλισσομενον και παν ορος και νησος εκ των τοπων αυτων εκινηθησαν
42060f014b	και οι βασιλεις της γης και οι μεγιστανες και οι πλουσιοι και οι χιλιαρχοι και οι δυνατοι και πας δουλος και πας ελευθερος εκρυψαν εαυτους εις τα σπηλαια και εις τας πετρας των ορεων
4206100107	και λεγουσιν τοις ορεσιν και ταις πετραις πεσετε εφ ημας και κρυψατε ημας απο προσωπου του καθημενου επι του θρονου και απο της οργης του αρνιου
420611007a	οτι ηλθεν η ημερα η μεγαλη της οργης αυτου και τις δυναται σταθηναι
4207010161	και μετα ταυτα ειδον τεσσαρας αγγελους εστωτας επι τας τεσσαρας γωνιας της γης κρατουντας τους τεσσαρας ανεμους της γης ινα μη πνεη ανεμος επι της γης μητε επι της θαλασσης μητε επι παν δενδρον
4207020170	και ειδον αλλον αγγελον {VAR1: αναβαντα} {VAR2: αναβαινοντα} απο ανατολης ηλιου εχοντα σφραγιδα θεου ζωντος και εκραξεν φωνη μεγαλη τοις τεσσαρσιν αγγελοις οις εδοθη αυτοις αδικησαι την γην και την θαλασσαν
4207030113	λεγων μη αδικησητε την γην μητε την θαλασσαν μητε τα δενδρα αχρις ου {VAR1: σφραγιζωμεν} {VAR2: σφραγισωμεν} τους δουλους του θεου ημων επι των μετωπων αυτων
42070400af	και ηκουσα τον αριθμον των εσφραγισμενων ρμδ χιλιαδες εσφραγισμενοι εκ πασης φυλης υιων ισραηλ
42070500e1	εκ φυλης ιουδα ιβ χιλιαδες εσφραγισμενοι εκ φυλης ρουβην ιβ χιλιαδες εσφραγισμενοι εκ φυλης γαδ ιβ χιλιαδες εσφραγισμενοι
42070600ed	εκ φυλης ασηρ ιβ χιλιαδες εσφραγισμενοι εκ φυλης νεφθαλειμ ιβ χιλιαδες εσφραγισμενοι εκ φυλης μανασση ιβ χιλιαδες εσφραγισμενοι
42070700e5	εκ φυλης συμεων ιβ χιλιαδες εσφραγισμενοι εκ φυλης λευι ιβ χιλιαδες εσφραγισμενοι εκ φυλης ισαχαρ ιβ χιλιαδες εσφραγισμενοι
42070800ef	εκ φυλης ζαβουλων ιβ χιλιαδες εσφραγισμενοι εκ φυλης ιωσηφ ιβ χιλιαδες εσφραγισμενοι εκ φυλης βενιαμιν ιβ χιλιαδες εσφραγισμενοι
42070901ab	μετα ταυτα ειδον και ιδου οχλος πολυς ον αριθμησαι αυτον ουδεις ηδυνατο εκ παντος εθνους και φυλων και λαων και γλωσσων εστωτες ενωπιον του θρονου και ενωπιον του αρνιου περιβεβλημενοι στολας λευκας και φοινικες εν ταις χερσιν αυτων
42070a00d8	και κραζοντες φωνη μεγαλη λεγοντες η σωτηρια τω {VAR2: θεω ημων τω} καθημενω επι του θρονου {VAR1: του θεου ημων} και τω αρνιω
42070b012c	και παντες οι αγγελοι εστηκεσαν κυκλω του θρονου και των πρεσβυτερων και των τεσσαρων ζωων και επεσον ενωπιον του θρονου επι προσωπον αυτων και προσεκυνησαν τω θεω
42070c0102	λεγοντες αμην η ευλογια και η δοξα και η σοφια και η ευχαριστια και η τιμη και η δυναμις και η ισχυς τω θεω ημων εις τους αιωνας των αιωνων αμην
42070d00db	και απεκριθη εις εκ των πρεσβυτερων λεγων μοι ουτοι οι περιβεβλημενοι τας στολας τας λευκας τινες εισιν και ποθεν ηλθον
42070e015c	και ειρηκα αυτω κυριε συ οιδας και ειπεν μοι ουτοι εισιν οι ερχομενοι εκ της θλιψεως της μεγαλης και επλυναν τας στολας αυτων και ελευκαναν {VAR1: στολας αυτων} {VAR2: αυτας} εν τω αιματι του αρνιου
42070f010e	δια τουτο εισιν ενωπιον του θρονου του θεου και λατρευουσιν αυτω ημερας και νυκτος εν τω ναω αυτου και ο καθημενος επι του θρονου σκηνωσει επ αυτους
4207100099	ου πεινασουσιν ετι ουδε διψησουσιν ετι ουδε μη πεση επ αυτους ο ηλιος ουδε παν καυμα
4207110116	οτι το αρνιον το ανα μεσον του θρονου ποιμανει αυτους και οδηγησει αυτους επι ζωσας πηγας υδατων και εξαλειψει ο θεος παν δακρυον απο των οφθαλμων αυτων
420801008f	και οτε ηνοιξεν την σφραγιδα την εβδομην εγενετο σιγη εν τω ουρανω ως ημιωριον
42080200ac	και ειδον τους επτα αγγελους οι ενωπιον του θεου εστηκασιν και εδοθησαν αυτοις επτα σαλπιγγες
4208030176	και αλλος αγγελος ηλθεν και εσταθη επι το θυσιαστηριον εχων λιβανωτον χρυσουν και εδοθη αυτω θυμιαματα πολλα ινα δωση ταις προσευχαις των αγιων παντων επι το θυσιαστηριον το χρυσουν το ενωπιον του θρονου
42080400b4	και ανεβη ο καπνος των θυμιαματων ταις προσευχαις των αγιων εκ χειρος του αγγελου ενωπιον του θεου
4208050127	και ειληφεν ο αγγελος το λιβανωτον και εγεμισεν αυτο εκ του πυρος του θυσιαστηριου και εβαλεν εις την γην και εγενοντο φωναι και βρονται και αστραπαι και σεισμος
42080600a0	και οι επτα αγγελοι {VAR2: οι} εχοντες τας επτα σαλπιγγας ητοιμασαν εαυτους ινα σαλπισωσιν
4208070127	και ο πρωτος αγγελος εσαλπισεν και εγενετο χαλαζα και πυρ μεμιγμενα αιματι και εβληθη εις την γην και το τριτον των δενδρων κατεκαη και πας χορτος χλωρος κατεκαη
42080800eb	και ο δευτερος αγγελος εσαλπισεν και ως ορος μεγα πυρι καιομενον εβληθη εις την θαλασσαν και εγενετο το τριτον της θαλασσης αιμα
42080900be	και απεθανεν το τριτον των κτισματων των εν τη θαλασση τα εχοντα ψυχας και το τριτον των πλοιων διεφθαρη
42080a0112	και ο τριτος αγγελος εσαλπισεν και επεσεν εκ του ουρανου αστηρ μεγας καιομενος ως λαμπας και επεσεν επι το τριτον των ποταμων και επι τας πηγας υδατων
42080b0113	και το ονομα του αστερος λεγεται αψινθος και γινεται το τριτον {VAR2: των υδατων} εις αψινθον και πολλοι ανθρωπων απεθανον εκ των υδατων οτι επικρανθησαν
42080c0167	και ο τεταρτος αγγελος εσαλπισεν και επληγη το τριτον του ηλιου και το τριτον της σεληνης και το τριτον των αστερων ινα σκοτισθη το τριτον αυτων και η ημερα μη φαινη το τριτον αυτης και η νυξ ομοιως
42080d0173	και ειδον και ηκουσα ενος αγγελου πετωμενου εν μεσουρανηματι λεγοντος φωνη μεγαλη ουαι ουαι ουαι τοις κατοικουσιν επι της γης εκ των λοιπων φωνων της σαλπιγγος των τριων αγγελων των μελλοντων σαλπιζειν
42090100f1	και ο πεμπτος αγγελος εσαλπισεν και ειδον αστερα εκ του ουρανου πεπτωκοτα εις την γην και εδοθη αυτω η κλεις του φρεατος της αβυσσου
420902010d	και ηνοιξεν το φρεαρ της αβυσσου και ανεβη καπνος εκ του φρεατος ως καπνος καμινου μεγαλης και εσκοτισθη ο ηλιος και ο αηρ εκ του καπνου του φρεατος
42090300c9	και εκ του καπνου εξηλθον ακριδες εις την γην και εδοθη αυταις εξουσια ως εχουσιν εξουσιαν οι σκορπιοι της γης
4209040147	και ερρεθη αυταις ινα μη αδικησωσιν τον χορτον της γης ουδε παν χλωρον ουδε παν δενδρον ει μη τους ανθρωπους μονους οιτινες ουκ εχουσιν την σφραγιδα του θεου επι των μετωπων αυτων
4209050107	και εδοθη αυταις ινα μη αποκτεινωσιν αυτους αλλ ινα βασανισθωσιν μηνας πεντε και ο βασανισμος αυτων ως βασανισμος σκορπιου οταν παιση ανθρωπον
4209060112	και εν ταις ημεραις εκειναις ζητησουσιν οι ανθρωποι τον θανατον και ουχ ευρησουσιν αυτον και επιθυμησουσιν αποθανειν και φευξεται ο θανατος απ αυτων
4209070125	και τα ομοιωματα των ακριδων ομοια ιπποις ητοιμασμενοις εις πολεμον και επι τας κεφαλας αυτων ως στεφανοι ομοιοι χρυσω και τα προσωπα αυτων ως προσωπα ανθρωπων
4209080084	και ειχον τριχας ως τριχας γυναικων και οι οδοντες αυτων ως λεοντων ησαν
42090900d9	και ειχον θωρακας ως θωρακας σιδηρους και η φωνη των πτερυγων αυτων ως φωνη αρματων ιππων πολλων τρεχοντων εις πολεμον
42090a00e6	και εχουσιν ουρας ομοιας σκορπιοις και κεντρα ην εν ταις ουραις αυτων και η εξουσια αυτων αδικησαι τους ανθρωπους μηνας πεντε
42090b00fb	και εχουσιν {VAR1: εφ αυτων} {VAR2: επ αυτων} βασιλεα τον αγγελον της αβυσσου ονομα αυτω εβραιστι αβαδδων και εν τη ελληνικη ονομα εχει απολλυων
42090c0069	η ουαι η μια απηλθεν ιδου ερχονται ετι δυο ουαι μετα ταυτα
42090d00e4	και ο εκτος αγγελος εσαλπισεν και ηκουσα φωνην μιαν εκ των τεσσαρων κερατων του θυσιαστηριου του χρυσου του ενωπιον του θεου
42090e00df	λεγουσαν τω εκτω αγγελω ος ειχε την σαλπιγγα λυσον τους τεσσαρας αγγελους τους δεδεμενους επι τω ποταμω τω μεγαλω ευφρατη
42090f00f7	και ελυθησαν οι τεσσαρες αγγελοι οι ητοιμασμενοι εις την ωραν και ημεραν και μηνα και ενιαυτον ινα αποκτεινωσιν το τριτον των ανθρωπων
42091000a5	και ο αριθμος στρατευματων του ιππικου δυο μυριαδες μυριαδων και ηκουσα τον αριθμον αυτων
42091101a6	και ουτως ειδον τους ιππους εν τη ορασει και τους καθημενους επ αυτων εχοντας θωρακας πυρινους και υακινθινους και θειωδεις και αι κεφαλαι των ιππων ως κεφαλαι λεοντων και εκ των στοματων αυτων εκπορευεται πυρ και καπνος και θειον
4209120107	υπο των τριων τουτων απεκτανθησαν το τριτον των ανθρωπων εκ του πυρος και εκ του καπνου και εκ του θειου του εκπορευομενου εκ των στοματων αυτων
420913014d	{VAR1: αι γαρ εξουσιαι} {VAR2: η γαρ εξουσια} αυτων εν τω στοματι αυτων {VAR1: εισιν} {VAR2: εστιν και εν ταις ουραις αυτων} αι γαρ ουραι αυτων ομοιαι οφεσιν εχουσαι κεφαλας και εν αυταις αδικουσιν
420914020d	και οι λοιποι των ανθρωπων οι ουκ απεκτανθησαν εν ταις πληγαις ταυταις {VAR1: ουτε} {VAR2: ου} μετενοησαν εκ των εργων των χειρων αυτων ινα μη προσκυνησωσιν τα δαιμονια και ειδωλα τα χρυσα και τα αργυρα και τα χαλκα και τα λιθινα και τα ξυλινα α ουτε βλεπειν δυναται ουτε ακουειν ουτε περιπατειν
42091500db	και ου μετενοησαν εκ των φονων αυτων ουτε εκ των φαρμακειων αυτων ουτε εκ της πορνειας αυτων ουτε εκ των κλεμματων αυτων
420a010141	και ειδον αλλον αγγελον ισχυρον καταβαινοντα εκ του ουρανου περιβεβλημενον νεφελην και ιρις επι της κεφαλης και το προσωπον αυτου ως ο ηλιος και οι ποδες αυτου ως στυλοι πυρος
420a0200f1	και ειχεν εν τη χειρι αυτου βιβλαριδιον ανεωγμενον και εθηκεν τον ποδα αυτου τον δεξιον επι την θαλασσαν τον δε ευωνυμον επι την γην
420a0300b8	και εκραξεν φωνη μεγαλη ωσπερ λεων μυκαται και οτε εκραξεν ελαλησαν αι επτα βρονται τας εαυτων φωνας
420a040132	και οτε ελαλησαν αι επτα βρονται τας φωνας εαυτων εμελλον γραφειν και ηκουσα φωνην εκ του ουρανου λεγουσαν μοι σφραγισον α ελαλησαν αι επτα βρονται και μη ταυτα γραψης
420a0500b3	και ο αγγελος ον ειδον εστωτα επι της θαλασσης και επι της γης ηρεν την χειρα αυτου εις τον ουρανον
420a060132	και ωμοσεν εν τω ζωντι εις τους αιωνας των αιωνων ος εκτισεν τον ουρανον και τα εν αυτω και την γην και τα εν αυτη και την θαλασσαν και τα εν αυτη οτι χρονος ουκ εσται ετι
420a07011e	αλλα εν ταις ημεραις της φωνης του εβδομου αγγελου οταν μελλη σαλπιζειν και τελεσθη το μυστηριον του θεου ως ευηγγελισεν τοις εαυτου δουλοις τοις προφηταις
420a08013e	και η φωνη ην ηκουσα εκ του ουρανου παλιν λαλουσα μετ εμου και λεγουσα υπαγε λαβε το βιβλαριδιον το ηνεωγμενον εν τη χειρι αγγελου του εστωτος επι της θαλασσης και επι της γης
420a090135	και απηλθον προς τον αγγελον λεγων αυτω δος μοι το βιβλαριδιον και λεγει μοι λαβε και καταφαγε αυτο και πικρανει σου την κοιλιαν αλλ εν τω στοματι σου εσται γλυκυ ως μελι
420a0a0114	και ελαβον το βιβλαριδιον εκ της χειρος του αγγελου και κατεφαγον αυτο και ην εν τω στοματι μου ως μελι γλυκυ και οτε εφαγον αυτο επικρανθη η κοιλια μου
420a0b00b1	και λεγει μοι δει σε παλιν προφητευσαι επι λαοις και εθνεσιν και γλωσσαις και βασιλευσιν πολλοις
420b010121	και εδοθη μοι καλαμος ομοιος ραβδω {VAR2: και ο αγγελος ειστηκει} λεγων εγειραι και μετρησον τον ναον του θεου και το θυσιαστηριον και τους προσκυνουντας εν αυτω
420b02012a	και την αυλην την {VAR1: εσωθεν} {VAR2: εξωθεν} του ναου εκβαλε εξω και μη αυτην μετρησης οτι εδοθη τοις εθνεσιν και την πολιν την αγιαν πατησουσιν μηνας τεσσαρακοντα δυο
420b0300c9	και δωσω τοις δυσιν μαρτυσιν μου και προφητευσουσιν ημερας χιλιας διακοσιας εξηκοντα περιβεβλημενοι σακκους
420b040099	ουτοι εισιν αι δυο ελαιαι και {VAR2: αι} δυο λυχνιαι αι ενωπιον του θεου της γης εστωσαι
420b05012c	και ει τις αυτους θελη αδικησαι πυρ εκπορευεται εκ του στοματος αυτων και κατεσθιει τους εχθρους αυτων και ει τις αυτους θελη αδικησαι ουτως δει αυτον αποκτανθηναι
420b060177	ουτοι εχουσιν εξουσιαν κλεισαι τον ουρανον ινα μη βρεχη υετος εν ημεραις αυτων της προφητειας και εξουσιαν εχουσιν επι των υδατων στρεφειν αυτα εις αιμα και παταξαι την γην παση πληγη οσακις εαν θελησωσιν
420b070106	και οταν τελεσωσιν την μαρτυριαν αυτων το θηριον το αναβαινον εκ της αβυσσου ποιησει πολεμον μετ αυτων και νικησει αυτους και αποκτενει αυτους
420b0800f9	και τα πτωματα αυτων επι της πλατειας πολεως της μεγαλης ητις καλειται πνευματικως σοδομα και αιγυπτος οπου και ο κυριος ημων εσταυρωθη
420b090116	και βλεψουσιν εκ των λαων και φυλων και γλωσσων και εθνων τα πτωματα αυτων ημερας τρεις και ημισυ και τα πτωματα αυτων ουκ αφησουσιν τεθηναι εις μνηματα
420b0a012f	και οι κατοικουντες επι της γης χαρουσιν επ αυτοις και ευφρανθησονται και δωρα πεμψουσιν αλληλοις οτι ουτοι οι δυο προφηται εβασανισαν τους κατοικουντας επι της γης
420b0b0126	και μετα τας τρεις ημερας και ημισυ πνευμα ζωης εκ του θεου εισηλθεν επ αυτους και εστησαν επι τους ποδας αυτων και φοβος μεγας επεσεν επι τους θεωρουντας αυτους
420b0c010e	και ηκουσαν φωνην μεγαλην εκ του ουρανου λεγουσαν αυτοις αναβητε ωδε και ανεβησαν εις τον ουρανον εν τη νεφελη και εθεωρησαν αυτους οι εχθροι αυτων
420b0d0174	και εν εκεινη τη ωρα εγενετο σεισμος μεγας και το δεκατον της πολεως επεσεν και απεκτανθησαν εν τω σεισμω ονοματα ανθρωπων χιλιαδες επτα και οι λοιποι εμφοβοι εγενοντο και εδωκαν δοξαν τω θεω του ουρανου
420b0e0076	η ουαι η δευτερα απηλθεν {VAR2: και} ιδου η ουαι η τριτη ερχεται ταχυ
420b0f0163	και ο εβδομος αγγελος εσαλπισεν και εγενοντο φωναι μεγαλαι εν τω ουρανω λεγουσαι εγενοντο αι βασιλειαι του κοσμου του κυριου ημων και του χριστου αυτου και βασιλευσει εις τους αιωνας των αιωνων
420b100107	και οι εικοσι και τεσσαρες πρεσβυτεροι οι ενωπιον του θεου καθημενοι επι τους θρονους αυτων επεσαν επι τα προσωπα αυτων και προσεκυνησαν τω θεω
420b1100fe	λεγοντες ευχαριστουμεν σοι κυριε ο θεος ο παντοκρατωρ ο ων και ο ην και ο ερχομενος οτι ειληφας την δυναμιν σου την μεγαλην και εβασιλευσας
420b1201cf	και τα εθνη ωργισθησαν και ηλθεν η οργη σου και ο καιρος των νεκρων κριθηναι και δουναι τον μισθον τοις δουλοις σου τοις προφηταις και τοις αγιοις και τοις φοβουμενοις το ονομα σου τοις μικροις και τοις μεγαλοις και διαφθειραι τους διαφθειροντας την γην
420b13012f	και ηνοιγη ο ναος του θεου εν τω ουρανω και ωφθη η κιβωτος της διαθηκης αυτου εν τω ναω αυτου και εγενοντο αστραπαι και φωναι και βρονται και σεισμος και χαλαζα μεγαλη
420c010113	και σημειον μεγα ωφθη εν τω ουρανω γυνη περιβεβλημενη τον ηλιον και η σεληνη υποκατω των ποδων αυτης και επι της κεφαλης αυτης στεφανος αστερων δωδεκα
420c020070	και εν γαστρι εχουσα κραζει ωδινουσα και βασανιζομενη τεκειν
420c0300fc	και ωφθη αλλο σημειον εν τω ουρανω και ιδου δρακων μεγας πυρρος εχων κεφαλας επτα και κερατα δεκα και επι τας κεφαλας αυτου διαδηματα επτα
420c040157	και η ουρα αυτου συρει το τριτον των αστερων του ουρανου και εβαλεν αυτους εις την γην και ο δρακων εστηκεν ενωπιον της γυναικος της μελλουσης τεκειν ινα οταν τεκη το τεκνον αυτης καταφαγη
420c0500f8	και ετεκεν υιον αρρενα ος μελλει ποιμαινειν παντα τα εθνη εν ραβδω σιδηρα και ηρπασθη το τεκνον αυτης προς τον θεον και τον θρονον αυτου
420c0600f1	και η γυνη εφυγεν εις την ερημον οπου εχει τοπον ητοιμασμενον απο του θεου ινα εκει τρεφωσιν αυτην ημερας χιλιας διακοσιας εξηκοντα
420c0700fb	και εγενετο πολεμος εν τω ουρανω ο μιχαηλ και οι αγγελοι αυτου επολεμησαν κατα του δρακοντος και ο δρακων επολεμησεν και οι αγγελοι αυτου
420c080066	και ουκ ισχυσαν ουτε τοπος ευρεθη αυτων ετι εν τω ουρανω
420c090133	και εβληθη ο δρακων ο μεγας ο οφις ο αρχαιος ο καλουμενος διαβολος και ο σατανας ο πλανων την οικουμενην ολην εβληθη εις την γην και οι αγγελοι αυτου μετ αυτου εβληθησαν
420c0a01bf	και ηκουσα φωνην μεγαλην λεγουσαν εν τω ουρανω αρτι εγενετο η σωτηρια και η δυναμις και η βασιλεια του θεου ημων και η εξουσια του χριστου αυτου οτι κατεβληθη ο κατηγορος των αδελφων ημων ο κατηγορων αυτων ενωπιον του θεου ημων ημερας και νυκτος
420c0b00ef	και αυτοι ενικησαν αυτον δια το αιμα του αρνιου και δια τον λογον της μαρτυριας αυτων και ουκ ηγαπησαν την ψυχην αυτων αχρι θανατου
420c0c0153	δια τουτο ευφραινεσθε οι ουρανοι και οι εν αυτοις σκηνουντες ουαι τοις κατοικουσιν την γην και την θαλασσαν οτι κατεβη ο διαβολος προς υμας εχων θυμον μεγαν ειδως οτι ολιγον καιρον εχει
420c0d00a0	και οτε ειδεν ο δρακων οτι εβληθη εις την γην εδιωξεν την γυναικα ητις ετεκεν τον αρρενα
420c0e014f	και εδοθησαν τη γυναικι δυο πτερυγες του αετου του μεγαλου ινα πετηται εις την ερημον εις τον τοπον αυτης οπου τρεφεται εκει καιρον και καιρους και ημισυ καιρου απο προσωπου του οφεως
420c0f00c3	και εβαλεν ο οφις οπισω της γυναικος εκ του στοματος αυτου υδωρ ως ποταμον ινα ταυτην ποταμοφορητον ποιηση
420c1000e6	και εβοηθησεν η γη τη γυναικι και ηνοιξεν η γη το στομα αυτης και κατεπιεν τον ποταμον ον εβαλεν ο δρακων εκ του στοματος αυτου
420c110147	και ωργισθη ο δρακων επι τη γυναικι και απηλθεν ποιησαι πολεμον μετα των λοιπων του σπερματος αυτης των τηρουντων τας εντολας του θεου και εχοντων την μαρτυριαν του ιησου χριστου
420d01016d	και εσταθην επι την αμμον της θαλασσης και ειδον εκ της θαλασσης θηριον αναβαινον εχον κεφαλας επτα και κερατα δεκα και επι των κερατων αυτου δεκα διαδηματα και επι τας κεφαλας αυτου ονομα βλασφημιας
420d020159	και το θηριον ο ειδον ην ομοιον παρδαλει και οι ποδες αυτου ως αρκτου και το στομα αυτου ως στομα λεοντος και εδωκεν αυτω ο δρακων την δυναμιν αυτου και τον θρονον αυτου και εξουσιαν μεγαλην
420d030137	και ειδον μιαν των κεφαλων αυτου ως εσφαγμενην εις θανατον και η πληγη του θανατου αυτου εθεραπευθη και {VAR1: εθαυμασθη εν ολη τη γη} {VAR2: εθαυμασεν ολη η γη} οπισω του θηριου
420d04010c	και προσεκυνησαν τον δρακοντα ος εδωκεν εξουσιαν τω θηριω και προσεκυνησαν το θηριον λεγοντες τις ομοιος τω θηριω τις δυναται πολεμησαι μετ αυτου
420d0500bf	και εδοθη αυτω στομα λαλουν μεγαλα και βλασφημιας και εδοθη αυτω εξουσια ποιησαι μηνας τεσσαρακοντα δυο
420d0600f9	και ηνοιξεν το στομα αυτου εις βλασφημιαν προς τον θεον βλασφημησαι το ονομα αυτου και την σκηνην αυτου και τους εν τω ουρανω σκηνουντας
420d0700e5	και εδοθη αυτω πολεμον ποιησαι μετα των αγιων και νικησαι αυτους και εδοθη αυτω εξουσια επι πασαν φυλην και γλωσσαν και εθνος
420d080112	και προσκυνησουσιν αυτω παντες οι κατοικουντες επι της γης ων ου γεγραπται τα ονοματα εν τη βιβλω της ζωης του αρνιου εσφαγμενου απο καταβολης κοσμου
420d09002c	ει τις εχει ους ακουσατω
420d0a011b	ει τις αιχμαλωσιαν συναγει εις αιχμαλωσιαν υπαγει ει τις εν μαχαιρα αποκτενει δει αυτον εν μαχαιρα αποκτανθηναι ωδε εστιν η υπομονη και η πιστις των αγιων
420d0b00af	και ειδον αλλο θηριον αναβαινον εκ της γης και ειχεν κερατα δυο ομοια αρνιω και ελαλει ως δρακων
420d0c0155	και την εξουσιαν του πρωτου θηριου πασαν ποιει ενωπιον αυτου και ποιει την γην και τους κατοικουντας εν αυτη ινα προσκυνησωσιν το θηριον το πρωτον ου εθεραπευθη η πληγη του θανατου αυτου
420d0d00b7	και ποιει σημεια μεγαλα ινα και πυρ ποιη καταβαινειν εκ του ουρανου εις την γην ενωπιον των ανθρωπων
420d0e0162	και πλανα τους κατοικουντας επι της γης δια τα σημεια α εδοθη αυτω ποιησαι ενωπιον του θηριου λεγων τοις κατοικουσιν επι της γης ποιησαι εικονα τω θηριω ο εχει την πληγην της μαχαιρας και εζησεν
420d0f0121	και εδοθη αυτω δουναι πνευμα τη εικονι του θηριου ινα και λαληση η εικων του θηριου και ποιηση οσοι αν μη προσκυνησωσιν την εικονα του θηριου ινα αποκτανθωσιν
420d10016e	και ποιει παντας τους μικρους και τους μεγαλους και τους πλουσιους και τους πτωχους και τους ελευθερους και τους δουλους ινα δωση αυτοις χαραγμα επι της χειρος αυτων της δεξιας η επι των μετωπων αυτων
420d1100d8	και ινα μη τις δυνηται αγορασαι η πωλησαι ει μη ο εχων το χαραγμα η το ονομα του θηριου η τον αριθμον του ονοματος αυτου
420d1200d3	ωδε η σοφια εστιν ο εχων τον νουν ψηφισατω τον αριθμον του θηριου αριθμος γαρ ανθρωπου εστιν και ο αριθμος αυτου χξς
420e010139	και ειδον και ιδου αρνιον εστηκος επι το ορος σιων και μετ αυτου εκατον τεσσαρακοντα τεσσαρες χιλιαδες εχουσαι το ονομα του πατρος αυτου γεγραμμενον επι των μετωπων αυτων
420e02010d	και ηκουσα φωνην εκ του ουρανου ως φωνην υδατων πολλων και ως φωνην βροντης μεγαλης και φωνην ηκουσα κιθαρωδων κιθαριζοντων εν ταις κιθαραις αυτων
420e030177	και αδουσιν ως ωδην καινην ενωπιον του θρονου και ενωπιον των τεσσαρων ζωων και των πρεσβυτερων και ουδεις ηδυνατο μαθειν την ωδην ει μη αι εκατον τεσσαρακοντα τεσσαρες χιλιαδες οι ηγορασμενοι απο της γης
420e040145	ουτοι εισιν οι μετα γυναικων ουκ εμολυνθησαν παρθενοι γαρ εισιν ουτοι εισιν οι ακολουθουντες τω αρνιω οπου αν υπαγη ουτοι ηγορασθησαν απο των ανθρωπων απαρχη τω θεω και τω αρνιω
420e05009b	και εν τω στοματι αυτων ουχ ευρεθη δολος αμωμοι γαρ εισιν ενωπιον του θρονου του θεου
420e06012e	και ειδον αλλον αγγελον πετωμενον εν μεσουρανηματι εχοντα ευαγγελιον αιωνιον ευαγγελισαι τους κατοικουντας επι της γης και παν εθνος και φυλην και γλωσσαν και λαον
420e070154	λεγοντα εν φωνη μεγαλη φοβηθητε τον θεον και δοτε αυτω δοξαν οτι ηλθεν η ωρα της κρισεως αυτου και προσκυνησατε τω ποιησαντι τον ουρανον και την γην και {VAR2: την} θαλασσαν και πηγας υδατων
420e080103	και αλλος αγγελος ηκολουθησεν λεγων επεσεν επεσεν βαβυλων η πολις η μεγαλη οτι εκ του οινου του θυμου της πορνειας αυτης πεποτικεν παντα εθνη
420e090139	και τριτος αγγελος ηκολουθησεν αυτοις λεγων εν φωνη μεγαλη ει τις το θηριον προσκυνει και την εικονα αυτου και λαμβανει χαραγμα επι του μετωπου αυτου η επι την χειρα αυτου
420e0a0158	και αυτος πιεται εκ του οινου του θυμου του θεου του κεκερασμενου ακρατου εν τω ποτηριω της οργης αυτου και βασανισθησεται εν πυρι και θειω ενωπιον των αγιων αγγελων και ενωπιον του αρνιου
420e0b0175	και ο καπνος του βασανισμου αυτων αναβαινει εις αιωνας αιωνων και ουκ εχουσιν αναπαυσιν ημερας και νυκτος οι προσκυνουντες το θηριον και την εικονα αυτου και ει τις λαμβανει το χαραγμα του ονοματος αυτου
420e0c009d	ωδε υπομονη των αγιων εστιν ωδε οι τηρουντες τας εντολας του θεου και την πιστιν ιησου
420e0d0167	και ηκουσα φωνης εκ του ουρανου λεγουσης μοι γραψον μακαριοι οι νεκροι οι εν κυριω αποθνησκοντες απαρτι ναι λεγει το πνευμα ινα αναπαυσωνται εκ των κοπων αυτων τα δε εργα αυτων ακολουθει μετ αυτων
420e0e0125	και ειδον και ιδου νεφελη λευκη και επι την νεφελην καθημενος ομοιος υιω ανθρωπου εχων επι της κεφαλης αυτου στεφανον χρυσουν και εν τη χειρι αυτου δρεπανον οξυ
420e0f0152	και αλλος αγγελος εξηλθεν εκ του ναου κραζων εν μεγαλη φωνη τω καθημενω επι της νεφελης πεμψον το δρεπανον σου και θερισον οτι ηλθεν σοι η ωρα του θερισαι οτι εξηρανθη ο θερισμος της γης
420e10009c	και εβαλεν ο καθημενος επι την νεφελην το δρεπανον αυτου επι την γην και εθερισθη η γη
420e110095	και αλλος αγγελος εξηλθεν εκ του ναου του εν τω ουρανω εχων και αυτος δρεπανον οξυ
420e1201c1	και αλλος αγγελος εξηλθεν εκ του θυσιαστηριου εχων εξουσιαν επι του πυρος και εφωνησεν κραυγη μεγαλη τω εχοντι το δρεπανον το οξυ λεγων πεμψον σου το δρεπανον το οξυ και τρυγησον τους βοτρυας της {VAR2: αμπελου της} γης οτι ηκμασαν αι σταφυλαι αυτης
420e1300fe	και εβαλεν ο αγγελος το δρεπανον αυτου εις την γην και ετρυγησεν την αμπελον της γης και εβαλεν εις την ληνον του θυμου του θεου την μεγαλην
420e1400db	και επατηθη η ληνος εξω της πολεως και εξηλθεν αιμα εκ της ληνου αχρι των χαλινων των ιππων απο σταδιων χιλιων εξακοσιων
420f010100	και ειδον αλλο σημειον εν τω ουρανω μεγα και θαυμαστον αγγελους επτα εχοντας πληγας επτα τας εσχατας οτι εν αυταις ετελεσθη ο θυμος του θεου
420f02019e	και ειδον ως θαλασσαν υαλινην μεμιγμενην πυρι και τους νικωντας εκ του θηριου και εκ της εικονος αυτου και εκ του χαραγματος αυτου εκ του αριθμου του ονοματος αυτου εστωτας επι την θαλασσαν την υαλινην εχοντας κιθαρας του θεου
420f030167	και αδουσιν την ωδην μωσεως {VAR2: του} δουλου του θεου και την ωδην του αρνιου λεγοντες μεγαλα και θαυμαστα τα εργα σου κυριε ο θεος ο παντοκρατωρ δικαιαι και αληθιναι αι οδοι σου ο βασιλευς των αγιων
420f04011f	τις ου μη φοβηθη σε κυριε και δοξαση το ονομα σου οτι μονος οσιος οτι παντα τα εθνη ηξουσιν και προσκυνησουσιν ενωπιον σου οτι τα δικαιωματα σου εφανερωθησαν
420f050093	και μετα ταυτα ειδον και ιδου ηνοιγη ο ναος της σκηνης του μαρτυριου εν τω ουρανω
420f06010d	και εξηλθον οι επτα αγγελοι εχοντες τας επτα πληγας εκ του ναου ενδεδυμενοι λινον καθαρον και λαμπρον και περιεζωσμενοι περι τα στηθη ζωνας χρυσας
420f0700fc	και εν εκ των τεσσαρων ζωων εδωκεν τοις επτα αγγελοις επτα φιαλας χρυσας γεμουσας του θυμου του θεου του ζωντος εις τους αιωνας των αιωνων
420f08012b	και εγεμισθη ο ναος καπνου εκ της δοξης του θεου και εκ της δυναμεως αυτου και ουδεις ηδυνατο εισελθειν εις τον ναον αχρι τελεσθωσιν αι επτα πληγαι των επτα αγγελων
42100100e6	και ηκουσα φωνης μεγαλης εκ του ναου λεγουσης τοις επτα αγγελοις υπαγετε και εκχεατε τας φιαλας του θυμου του θεου εις την γην
421002015c	και απηλθεν ο πρωτος και εξεχεεν την φιαλην αυτου επι την γην και εγενετο ελκος κακον και πονηρον εις τους ανθρωπους τους εχοντας το χαραγμα του θηριου και τους τη εικονι αυτου προσκυνουντας
42100300f3	και ο δευτερος αγγελος εξεχεεν την φιαλην αυτου εις την θαλασσαν και εγενετο αιμα ως νεκρου και πασα ψυχη ζωσα απεθανεν εν τη θαλασση
42100400c7	και ο τριτος αγγελος εξεχεεν την φιαλην αυτου εις τους ποταμους και εις τας πηγας των υδατων και εγενετο αιμα
42100500db	και ηκουσα του αγγελου των υδατων λεγοντος δικαιος κυριε ει ο ων και ο ην και ο {VAR1: οσιος} {VAR2: εσομενος} οτι ταυτα εκρινας
4210060093	οτι αιμα αγιων και προφητων εξεχεαν και αιμα αυτοις εδωκας πιειν αξιοι γαρ εισιν
42100700ce	και ηκουσα αλλου εκ του θυσιαστηριου λεγοντος ναι κυριε ο θεος ο παντοκρατωρ αληθιναι και δικαιαι αι κρισεις σου
42100800ca	και ο τεταρτος αγγελος εξεχεεν την φιαλην αυτου επι τον ηλιον και εδοθη αυτω καυματισαι τους ανθρωπους εν πυρι
421009011e	και εκαυματισθησαν οι ανθρωποι καυμα μεγα και εβλασφημησαν το ονομα του θεου του εχοντος εξουσιαν επι τας πληγας ταυτας και ου μετενοησαν δουναι αυτω δοξαν
42100a0120	και ο πεμπτος αγγελος εξεχεεν την φιαλην αυτου επι τον θρονον του θηριου και εγενετο η βασιλεια αυτου εσκοτωμενη και εμασσωντο τας γλωσσας αυτων εκ του πονου
42100b00d3	και εβλασφημησαν τον θεον του ουρανου εκ των πονων αυτων και εκ των ελκων αυτων και ου μετενοησαν εκ των εργων αυτων
42100c0131	και ο εκτος αγγελος εξεχεεν την φιαλην αυτου επι τον ποταμον τον μεγαν τον ευφρατην και εξηρανθη το υδωρ αυτου ινα ετοιμασθη η οδος των βασιλεων των απο ανατολων ηλιου
42100d010f	και ειδον εκ του στοματος του δρακοντος και εκ του στοματος του θηριου και εκ του στοματος του ψευδοπροφητου πνευματα τρια ακαθαρτα ομοια βατραχοις
42100e01a1	εισιν γαρ πνευματα δαιμονων ποιουντα σημεια {VAR1: εκπορευεσθαι} {VAR2: α εκπορευεται} επι τους βασιλεις της γης και της οικουμενης ολης συναγαγειν αυτους εις {VAR2: τον} πολεμον της ημερας εκεινης της μεγαλης του θεου του παντοκρατορος
42100f00ea	ιδου ερχομαι ως κλεπτης μακαριος ο γρηγορων και τηρων τα ιματια αυτου ινα μη γυμνος περιπατη και βλεπωσιν την ασχημοσυνην αυτου
4210100081	και συνηγαγεν αυτους εις τον τοπον τον καλουμενον εβραιστι αρμαγεδδων
42101100fe	και ο εβδομος αγγελος εξεχεεν την φιαλην αυτου εις τον αερα και εξηλθεν φωνη μεγαλη απο του ναου του ουρανου απο του θρονου λεγουσα γεγονεν
421012011f	και εγενοντο φωναι και βρονται και αστραπαι και σεισμος εγενετο μεγας οιος ουκ εγενετο αφ ου οι ανθρωποι εγενοντο επι της γης τηλικουτος σεισμος ουτως μεγας
4210130145	και εγενετο η πολις η μεγαλη εις τρια μερη και αι πολεις των εθνων επεσον και βαβυλων η μεγαλη εμνησθη ενωπιον του θεου δουναι αυτη το ποτηριον του οινου του θυμου της οργης αυτου
421014004f	και πασα νησος εφυγεν και ορη ουχ ευρεθησαν
4210150147	και χαλαζα μεγαλη ως ταλαντιαια καταβαινει εκ του ουρανου επι τους ανθρωπους και εβλασφημησαν οι ανθρωποι τον θεον εκ της πληγης της χαλαζης οτι μεγαλη εστιν η πληγη αυτης σφοδρα
4211010149	και ηλθεν εις εκ των επτα αγγελων των εχοντων τας επτα φιαλας και ελαλησεν μετ εμου λεγων μοι δευρο δειξω σοι το κριμα της πορνης της μεγαλης της καθημενης επι των υδατων των πολλων
42110200c8	μεθ ης επορνευσαν οι βασιλεις της γης και εμεθυσθησαν εκ του οινου της πορνειας αυτης οι κατοικουντες την γην
4211030110	και απηνεγκεν με εις ερημον εν πνευματι και ειδον γυναικα καθημενην επι θηριον κοκκινον γεμον ονοματων βλασφημιας εχον κεφαλας επτα και κερατα δεκα
4211040175	και η γυνη {VAR1: η} {VAR2: ην} περιβεβλημενη πορφυρα και κοκκινω και κεχρυσωμενη χρυσω και λιθω τιμιω και μαργαριταις εχουσα χρυσουν ποτηριον εν τη χειρι αυτης γεμον βδελυγματων και ακαθαρτητος πορνειας αυτης
42110500d5	και επι το μετωπον αυτης ονομα γεγραμμενον μυστηριον βαβυλων η μεγαλη η μητηρ των πορνων και των βδελυγματων της γης
42110600ec	και ειδον την γυναικα μεθυουσαν εκ του αιματος των αγιων και εκ του αιματος των μαρτυρων ιησου και εθαυμασα ιδων αυτην θαυμα μεγα
4211070129	και ειπεν μοι ο αγγελος δια τι εθαυμασας εγω σοι ερω το μυστηριον της γυναικος και του θηριου του βασταζοντος αυτην του εχοντος τας επτα κεφαλας και τα δεκα κερατα
42110801ee	{VAR2: το} θηριον ο ειδες ην και ουκ εστιν και μελλει αναβαινειν εκ της αβυσσου και εις απωλειαν υπαγειν και θαυμασονται οι κατοικουντες επι της γης ων ου γεγραπται τα ονοματα επι το βιβλιον της ζωης απο καταβολης κοσμου βλεποντες το θηριον ο τι ην και ουκ εστιν καιπερ εστιν
4211090097	ωδε ο νους ο εχων σοφιαν αι επτα κεφαλαι ορη εισιν επτα οπου η γυνη καθηται επ αυτων
42110a00cb	και βασιλεις επτα εισιν οι πεντε επεσαν και ο εις εστιν ο αλλος ουπω ηλθεν και οταν ελθη ολιγον αυτον δει μειναι
42110b00b6	και το θηριον ο ην και ουκ εστιν και αυτος ογδοος εστιν και εκ των επτα εστιν και εις απωλειαν υπαγει
42110c0100	και τα δεκα κερατα α ειδες δεκα βασιλεις εισιν οιτινες βασιλειαν ουπω ελαβον αλλ εξουσιαν ως βασιλεις μιαν ωραν λαμβανουσιν μετα του θηριου
42110d00a3	ουτοι μιαν γνωμην εχουσιν και την δυναμιν και την εξουσιαν εαυτων τω θηριω διαδιδωσουσιν
42110e0121	ουτοι μετα του αρνιου πολεμησουσιν και το αρνιον νικησει αυτους οτι κυριος κυριων εστιν και βασιλευς βασιλεων και οι μετ αυτου κλητοι και εκλεκτοι και πιστοι
42110f00a4	και λεγει μοι τα υδατα α ειδες ου η πορνη καθηται λαοι και οχλοι εισιν και εθνη και γλωσσαι
421110013e	και τα δεκα κερατα α ειδες επι το θηριον ουτοι μισησουσιν την πορνην και ηρημωμενην ποιησουσιν αυτην και γυμνην και τας σαρκας αυτης φαγονται και αυτην κατακαυσουσιν εν πυρι
4211110124	ο γαρ θεος εδωκεν εις τας καρδιας αυτων ποιησαι την γνωμην αυτου και ποιησαι μιαν γνωμην και δουναι την βασιλειαν αυτων τω θηριω αχρι τελεσθη τα ρηματα του θεου
421112009b	και η γυνη ην ειδες εστιν η πολις η μεγαλη η εχουσα βασιλειαν επι των βασιλεων της γης
42120100ea	και μετα ταυτα ειδον {VAR2: αλλον} αγγελον καταβαινοντα εκ του ουρανου εχοντα εξουσιαν μεγαλην και η γη εφωτισθη εκ της δοξης αυτου
4212020167	και εκραξεν εν ισχυι φωνη μεγαλη λεγων επεσεν επεσεν βαβυλων η μεγαλη και εγενετο κατοικητηριον δαιμονων και φυλακη παντος πνευματος ακαθαρτου και φυλακη παντος ορνεου ακαθαρτου και μεμισημενου
421203014a	οτι εκ του οινου του θυμου της πορνειας αυτης πεπωκεν παντα τα εθνη και οι βασιλεις της γης μετ αυτης επορνευσαν και οι εμποροι της γης εκ της δυναμεως του στρηνους αυτης επλουτησαν
421204011d	και ηκουσα αλλην φωνην εκ του ουρανου λεγουσαν εξελθετε εξ αυτης ο λαος μου ινα μη συγκοινωνησητε ταις αμαρτιαις αυτης και ινα μη λαβητε εκ των πληγων αυτης
42120500d3	οτι {VAR1: ηκολουθησαν} {VAR2: εκολληθησαν} αυτης αι αμαρτιαι αχρι του ουρανου και εμνημονευσεν ο θεος τα αδικηματα αυτης
42120600ec	αποδοτε αυτη ως και αυτη απεδωκεν υμιν και διπλωσατε αυτη διπλα κατα τα εργα αυτης εν τω ποτηριω ω εκερασεν κερασατε αυτη διπλουν
4212070129	οσα εδοξασεν εαυτην και εστρηνιασεν τοσουτον δοτε αυτη βασανισμον και πενθος οτι εν τη καρδια αυτης λεγει καθημαι βασιλισσα και χηρα ουκ ειμι και πενθος ου μη ιδω
4212080105	δια τουτο εν μια ημερα ηξουσιν αι πληγαι αυτης θανατος και πενθος και λιμος και εν πυρι κατακαυθησεται οτι ισχυρος κυριος ο θεος ο κρινων αυτην
4212090113	και κλαυσονται αυτην και κοψονται επ αυτη οι βασιλεις της γης οι μετ αυτης πορνευσαντες και στρηνιασαντες οταν βλεπωσιν τον καπνον της πυρωσεως αυτης
42120a0114	απο μακροθεν εστηκοτες δια τον φοβον του βασανισμου αυτης λεγοντες ουαι ουαι η πολις η μεγαλη βαβυλων η πολις η ισχυρα οτι εν μια ωρα ηλθεν η κρισις σου
42120b00b2	και οι εμποροι της γης κλαιουσιν και πενθουσιν επ αυτη οτι τον γομον αυτων ουδεις αγοραζει ουκετι
42120c019c	γομον χρυσου και αργυρου και λιθου τιμιου και μαργαριτου και βυσσου και πορφυρας και σηρικου και κοκκινου και παν ξυλον θυινον και παν σκευος ελεφαντινον και παν σκευος εκ ξυλου τιμιωτατου και χαλκου και σιδηρου και μαρμαρου
42120d0132	και κιναμωμον και θυμιαματα και μυρον και λιβανον και οινον και ελαιον και σεμιδαλιν και σιτον και κτηνη και προβατα και ιππων και ρεδων και σωματων και ψυχας ανθρωπων
42120e00f4	και η οπωρα της επιθυμιας της ψυχης σου απηλθεν απο σου και παντα τα λιπαρα και τα λαμπρα απηλθεν απο σου και ουκετι ου μη ευρησης αυτα
42120f00e8	οι εμποροι τουτων οι πλουτησαντες απ αυτης απο μακροθεν στησονται δια τον φοβον του βασανισμου αυτης κλαιοντες και πενθουντες
421210010f	και λεγοντες ουαι ουαι η πολις η μεγαλη η περιβεβλημενη βυσσινον και πορφυρουν και κοκκινον και κεχρυσωμενη εν χρυσω και λιθω τιμιω και μαργαριταις
421211011a	οτι μια ωρα ηρημωθη ο τοσουτος πλουτος και πας κυβερνητης και πας επι των πλοιων ο ομιλος και ναυται και οσοι την θαλασσαν εργαζονται απο μακροθεν εστησαν
42121200a0	και εκραζον ορωντες τον καπνον της πυρωσεως αυτης λεγοντες τις ομοια τη πολει τη μεγαλη
421213017c	και εβαλον χουν επι τας κεφαλας αυτων και εκραζον κλαιοντες και πενθουντες λεγοντες ουαι ουαι η πολις η μεγαλη εν η επλουτησαν παντες οι εχοντες πλοια εν τη θαλασση εκ της τιμιοτητος αυτης οτι μια ωρα ηρημωθη
42121400c1	ευφραινου επ αυτην ουρανε και οι αγιοι αποστολοι και οι προφηται οτι εκρινεν ο θεος το κριμα υμων εξ αυτης
4212150118	και ηρεν εις αγγελος ισχυρος λιθον ως μυλον μεγαν και εβαλεν εις την θαλασσαν λεγων ουτως ορμηματι βληθησεται βαβυλων η μεγαλη πολις και ου μη ευρεθη ετι
421216013e	και φωνη κιθαρωδων και μουσικων και αυλητων και σαλπιστων ου μη ακουσθη εν σοι ετι και πας τεχνιτης πασης τεχνης ου μη ευρεθη εν σοι ετι και φωνη μυλου ου μη ακουσθη εν σοι ετι
421217014d	και φως λυχνου ου μη φανη εν σοι ετι και φωνη νυμφιου και νυμφης ου μη ακουσθη εν σοι ετι οτι οι εμποροι σου ησαν οι μεγιστανες της γης οτι εν τη φαρμακεια σου επλανηθησαν παντα τα εθνη
4212180092	και εν αυτη αιμα προφητων και αγιων ευρεθη και παντων των εσφαγμενων επι της γης
4213010105	και μετα ταυτα ηκουσα φωνην οχλου πολλου μεγαλην εν τω ουρανω λεγοντος αλληλουια η σωτηρια και η δοξα και η τιμη και η δυναμις κυριω τω θεω ημων
4213020145	οτι αληθιναι και δικαιαι αι κρισεις αυτου οτι εκρινεν την πορνην την μεγαλην ητις εφθειρεν την γην εν τη πορνεια αυτης και εξεδικησεν το αιμα των δουλων αυτου εκ της χειρος αυτης
421303009f	και δευτερον ειρηκαν αλληλουια και ο καπνος αυτης αναβαινει εις τους αιωνας των αιωνων
4213040105	και επεσαν οι πρεσβυτεροι οι εικοσι και τεσσαρες και τα τεσσαρα ζωα και προσεκυνησαν τω θεω τω καθημενω επι του θρονου λεγοντες αμην αλληλουια
42130500f8	και φωνη εκ του θρονου εξηλθεν λεγουσα αινειτε τον θεον ημων παντες οι δουλοι αυτου και οι φοβουμενοι αυτον και οι μικροι και οι μεγαλοι
4213060116	και ηκουσα ως φωνην οχλου πολλου και ως φωνην υδατων πολλων και ως φωνην βροντων ισχυρων λεγοντας αλληλουια οτι εβασιλευσεν κυριος ο θεος ο παντοκρατωρ
42130700cd	χαιρωμεν και αγαλλιωμεθα και δωμεν την δοξαν αυτω οτι ηλθεν ο γαμος του αρνιου και η γυνη αυτου ητοιμασεν εαυτην
42130800c2	και εδοθη αυτη ινα περιβαληται βυσσινον καθαρον και λαμπρον το γαρ βυσσινον τα δικαιωματα εστιν των αγιων
42130900f1	και λεγει μοι γραψον μακαριοι οι εις το δειπνον του γαμου του αρνιου κεκλημενοι και λεγει μοι ουτοι οι λογοι αληθινοι εισιν του θεου
42130a019a	και επεσον εμπροσθεν των ποδων αυτου προσκυνησαι αυτω και λεγει μοι ορα μη συνδουλος σου ειμι και των αδελφων σου των εχοντων την μαρτυριαν του ιησου τω θεω προσκυνησον η γαρ μαρτυρια του ιησου εστιν το πνευμα της προφητειας
42130b010f	και ειδον τον ουρανον ανεωγμενον και ιδου ιππος λευκος και ο καθημενος επ αυτον καλουμενος πιστος και αληθινος και εν δικαιοσυνη κρινει και πολεμει
42130c00e6	οι δε οφθαλμοι αυτου ως φλοξ πυρος και επι την κεφαλην αυτου διαδηματα πολλα εχων ονομα γεγραμμενον ο ουδεις οιδεν ει μη αυτος
42130d00a5	και περιβεβλημενος ιματιον βεβαμμενον αιματι και καλειται το ονομα αυτου ο λογος του θεου
42130e00ce	και τα στρατευματα {VAR2: τα} εν τω ουρανω ηκολουθει αυτω εφ ιπποις λευκοις ενδεδυμενοι βυσσινον λευκον και καθαρον
42130f017c	και εκ του στοματος αυτου εκπορευεται ρομφαια οξεια ινα εν αυτη πατασση τα εθνη και αυτος ποιμανει αυτους εν ραβδω σιδηρα και αυτος πατει την ληνον του οινου του θυμου και της οργης του θεου του παντοκρατορος
42131000e5	και εχει επι το ιματιον και επι τον μηρον {VAR1: αυτου το ονομα} {VAR2: αυτου ονομα} γεγραμμενον βασιλευς βασιλεων και κυριος κυριων
421311013e	και ειδον ενα αγγελον εστωτα εν τω ηλιω και εκραξεν φωνη μεγαλη λεγων πασιν τοις ορνεοις τοις πετωμενοις εν μεσουρανηματι δευτε και συναγεσθε εις το δειπνον του μεγαλου θεου
421312014a	ινα φαγητε σαρκας βασιλεων και σαρκας χιλιαρχων και σαρκας ισχυρων και σαρκας ιππων και των καθημενων επ αυτων και σαρκας παντων ελευθερων {VAR2: τε} και δουλων και μικρων και μεγαλων
4213130128	και ειδον το θηριον και τους βασιλεις της γης και τα στρατευματα αυτων συνηγμενα ποιησαι πολεμον μετα του καθημενου επι του ιππου και μετα του στρατευματος αυτου
42131401cf	και επιασθη το θηριον και μετα τουτου ο ψευδοπροφητης ο ποιησας τα σημεια ενωπιον αυτου εν οις επλανησεν τους λαβοντας το χαραγμα του θηριου και τους προσκυνουντας τη εικονι αυτου ζωντες εβληθησαν οι δυο εις την λιμνην του πυρος την καιομενην εν τω θειω
4213150122	και οι λοιποι απεκτανθησαν εν τη ρομφαια του καθημενου επι του ιππου τη εκπορευομενη εκ του στοματος αυτου και παντα τα ορνεα εχορτασθησαν εκ των σαρκων αυτων
42140100d2	και ειδον αγγελον καταβαινοντα εκ του ουρανου εχοντα την κλειδα της αβυσσου και αλυσιν μεγαλην επι την χειρα αυτου
42140200bf	και εκρατησεν τον δρακοντα τον οφιν τον αρχαιον ος εστιν διαβολος και σατανας και εδησεν αυτον χιλια ετη
4214030145	και εβαλεν αυτον εις την αβυσσον και εκλεισεν αυτον και εσφραγισεν επανω αυτου ινα μη πλανηση τα εθνη ετι αχρι τελεσθη τα χιλια ετη και μετα ταυτα δει αυτον λυθηναι μικρον χρονον
4214040262	και ειδον θρονους και εκαθισαν επ αυτους και κριμα εδοθη αυτοις και τας ψυχας των πεπελεκισμενων δια την μαρτυριαν ιησου και δια τον λογον του θεου και οιτινες ου προσεκυνησαν τω θηριω ουτε την εικονα αυτου και ουκ ελαβον το χαραγμα επι το μετωπον αυτων και επι την χειρα αυτων και εζησαν και εβασιλευσαν μετα χριστου {VAR1: τα} χιλια ετη
421405009c	οι δε λοιποι των νεκρων ουκ ανεζησαν εως τελεσθη τα χιλια ετη αυτη η αναστασις η πρωτη
4214060157	μακαριος και αγιος ο εχων μερος εν τη αναστασει τη πρωτη επι τουτων ο θανατος ο δευτερος ουκ εχει εξουσιαν αλλ εσονται ιερεις του θεου και του χριστου και βασιλευσουσιν μετ αυτου χιλια ετη
4214070080	και οταν τελεσθη τα χιλια ετη λυθησεται ο σατανας εκ της φυλακης αυτου
4214080120	και εξελευσεται πλανησαι τα εθνη τα εν ταις τεσσαρσιν γωνιαις της γης τον γωγ και τον μαγωγ συναγαγειν αυτους εις πολεμον ων ο αριθμος ως η αμμος της θαλασσης
421409012f	και ανεβησαν επι το πλατος της γης και εκυκλωσαν την παρεμβολην των αγιων και την πολιν την ηγαπημενην και κατεβη πυρ απο του θεου εκ του ουρανου και κατεφαγεν αυτους
42140a013b	και ο διαβολος ο πλανων αυτους εβληθη εις την λιμνην του πυρος και θειου οπου το θηριον και ο ψευδοπροφητης και βασανισθησονται ημερας και νυκτος εις τους αιωνας των αιωνων
42140b00e5	και ειδον θρονον λευκον μεγαν και τον καθημενον επ αυτου ου απο προσωπου εφυγεν η γη και ο ουρανος και τοπος ουχ ευρεθη αυτοις
42140c0183	και ειδον τους νεκρους μικρους και μεγαλους εστωτας ενωπιον του θεου και βιβλια ηνεωχθησαν και βιβλιον αλλο ηνεωχθη ο εστιν της ζωης και εκριθησαν οι νεκροι εκ των γεγραμμενων εν τοις βιβλιοις κατα τα εργα αυτων
42140d00f9	και εδωκεν η θαλασσα τους εν αυτη νεκρους και ο θανατος και ο αδης εδωκαν τους εν αυτοις νεκρους και εκριθησαν εκαστος κατα τα εργα αυτων
42140e00a4	και ο θανατος και ο αδης εβληθησαν εις την λιμνην του πυρος ουτος εστιν ο δευτερος θανατος
42140f009c	και ει τις ουχ ευρεθη εν τη βιβλω της ζωης γεγραμμενος εβληθη εις την λιμνην του πυρος
42150100cb	και ειδον ουρανον καινον και γην καινην ο γαρ πρωτος ουρανος και η πρωτη γη παρηλθεν και η θαλασσα ουκ εστιν ετι
4215020119	και εγω ιωαννης ειδον την πολιν την αγιαν ιερουσαλημ καινην καταβαινουσαν απο του θεου εκ του ουρανου ητοιμασμενην ως νυμφην κεκοσμημενην τω ανδρι αυτης
421503014f	και ηκουσα φωνης μεγαλης εκ του ουρανου λεγουσης ιδου η σκηνη του θεου μετα των ανθρωπων και σκηνωσει μετ αυτων και αυτοι λαοι αυτου εσονται και αυτος ο θεος εσται μετ αυτων θεος αυτων
4215040116	και εξαλειψει ο θεος παν δακρυον απο των οφθαλμων αυτων και ο θανατος ουκ εσται ετι ουτε πενθος ουτε κραυγη ουτε πονος ουκ εσται ετι οτι τα πρωτα απηλθον
42150500e2	και ειπεν ο καθημενος επι του θρονου ιδου καινα παντα ποιω και λεγει μοι γραψον οτι ουτοι οι λογοι αληθινοι και πιστοι εισιν
42150600dd	και ειπεν μοι γεγονεν εγω ειμι το α και το ω η αρχη και το τελος εγω τω διψωντι δωσω εκ της πηγης του υδατος της ζωης δωρεαν
4215070087	ο νικων κληρονομησει παντα και εσομαι αυτω θεος και αυτος εσται μοι ο υιος
4215080174	δειλοις δε και απιστοις και εβδελυγμενοις και φονευσιν και πορνοις και φαρμακευσιν και ειδωλολατραις και πασιν τοις ψευδεσιν το μερος αυτων εν τη λιμνη τη καιομενη πυρι και θειω ο εστιν δευτερος θανατος
4215090151	και ηλθεν προς με εις των επτα αγγελων των εχοντων τας επτα φιαλας τας γεμουσας των επτα πληγων των εσχατων και ελαλησεν μετ εμου λεγων δευρο δειξω σοι την νυμφην του αρνιου την γυναικα
42150a0118	και απηνεγκεν με εν πνευματι επ ορος μεγα και υψηλον και εδειξεν μοι την πολιν την μεγαλην την αγιαν ιερουσαλημ καταβαινουσαν εκ του ουρανου απο του θεου
42150b00b5	εχουσαν την δοξαν του θεου και ο φωστηρ αυτης ομοιος λιθω τιμιωτατω ως λιθω ιασπιδι κρυσταλλιζοντι
42150c0127	εχουσαν τε τειχος μεγα και υψηλον εχουσαν πυλωνας δωδεκα και επι τοις πυλωσιν αγγελους δωδεκα και ονοματα επιγεγραμμενα α εστιν των δωδεκα φυλων των υιων ισραηλ
42150d00c4	απ ανατολης πυλωνες τρεις απο βορρα πυλωνες τρεις απο νοτου πυλωνες τρεις {VAR2: και} απο δυσμων πυλωνες τρεις
42150e00b8	και το τειχος της πολεως εχον θεμελιους δωδεκα και εν αυτοις ονοματα των δωδεκα αποστολων του αρνιου
42150f00c3	και ο λαλων μετ εμου ειχεν καλαμον χρυσουν ινα μετρηση την πολιν και τους πυλωνας αυτης και το τειχος αυτης
4215100163	και η πολις τετραγωνος κειται και το μηκος αυτης τοσουτον εστιν οσον και το πλατος και εμετρησεν την πολιν τω καλαμω επι σταδιων δωδεκα χιλιαδων το μηκος και το πλατος και το υψος αυτης ισα εστιν
42151100b3	και εμετρησεν το τειχος αυτης εκατον τεσσαρακοντα τεσσαρων πηχων μετρον ανθρωπου ο εστιν αγγελου
42151200a3	και ην η ενδομησις του τειχους αυτης ιασπις και η πολις χρυσιον καθαρον ομοια υαλω καθαρω
421513011e	και οι θεμελιοι του τειχους της πολεως παντι λιθω τιμιω κεκοσμημενοι ο θεμελιος ο πρωτος ιασπις ο δευτερος σαπφειρος ο τριτος χαλκηδων ο τεταρτος σμαραγδος
4215140140	ο πεμπτος σαρδονυξ ο εκτος σαρδιος ο εβδομος χρυσολιθος ο ογδοος βηρυλλος ο {VAR1: ενατος} {VAR2: εννατος} τοπαζιον ο δεκατος χρυσοπρασος ο ενδεκατος υακινθος ο δωδεκατος αμεθυστος
4215150110	και οι δωδεκα πυλωνες δωδεκα μαργαριται ανα εις εκαστος των πυλωνων ην εξ ενος μαργαριτου και η πλατεια της πολεως χρυσιον καθαρον ως υαλος διαφανης
42151600a4	και ναον ουκ ειδον εν αυτη ο γαρ κυριος ο θεος ο παντοκρατωρ ναος αυτης εστιν και το αρνιον
42151700f9	και η πολις ου χρειαν εχει του ηλιου ουδε της σεληνης ινα φαινωσιν εν αυτη η γαρ δοξα του θεου εφωτισεν αυτην και ο λυχνος αυτης το αρνιον
42151800ed	και τα εθνη των σωζομενων εν τω φωτι αυτης περιπατησουσιν και οι βασιλεις της γης φερουσιν την δοξαν και την τιμην αυτων εις αυτην
421519007a	και οι πυλωνες αυτης ου μη κλεισθωσιν ημερας νυξ γαρ ουκ εσται εκει
42151a0066	και οισουσιν την δοξαν και την τιμην των εθνων εις αυτην
42151b00e1	και ου μη εισελθη εις αυτην παν κοινουν και ποιουν βδελυγμα και ψευδος ει μη οι γεγραμμενοι εν τω βιβλιω της ζωης του αρνιου
42160100d8	και εδειξεν μοι καθαρον ποταμον υδατος ζωης λαμπρον ως κρυσταλλον εκπορευομενον εκ του θρονου του θεου και του αρνιου
4216020162	εν μεσω της πλατειας αυτης και του ποταμου εντευθεν και εντευθεν ξυλον ζωης ποιουν καρπους δωδεκα κατα μηνα ενα εκαστον αποδιδουν τον καρπον αυτου και τα φυλλα του ξυλου εις θεραπειαν των εθνων
42160300dc	και παν καταναθεμα ουκ εσται ετι και ο θρονος του θεου και του αρνιου εν αυτη εσται και οι δουλοι αυτου λατρευσουσιν αυτω
4216040080	και οψονται το προσωπον αυτου και το ονομα αυτου επι των μετωπων αυτων
421605010b	και νυξ ουκ εσται εκει και χρειαν ουκ εχουσιν λυχνου και φωτος ηλιου οτι κυριος ο θεος φωτιζει αυτους και βασιλευσουσιν εις τους αιωνας των αιωνων
421606012c	και ειπεν μοι ουτοι οι λογοι πιστοι και αληθινοι και κυριος ο θεος των αγιων προφητων απεστειλεν τον αγγελον αυτου δειξαι τοις δουλοις αυτου α δει γενεσθαι εν ταχει
4216070094	ιδου ερχομαι ταχυ μακαριος ο τηρων τους λογους της προφητειας του βιβλιου τουτου
4216080107	και εγω ιωαννης ο βλεπων ταυτα και ακουων και οτε ηκουσα και εβλεψα επεσα προσκυνησαι εμπροσθεν των ποδων του αγγελου του δεικνυοντος μοι ταυτα
4216090107	και λεγει μοι ορα μη συνδουλος σου γαρ ειμι και των αδελφων σου των προφητων και των τηρουντων τους λογους του βιβλιου τουτου τω θεω προσκυνησον
42160a00b2	και λεγει μοι μη σφραγισης τους λογους της προφητειας του βιβλιου τουτου οτι ο καιρος εγγυς εστιν
42160b00ba	ο αδικων αδικησατω ετι και ο ρυπων ρυπωσατω ετι και ο δικαιος δικαιωθητω ετι και ο αγιος αγιασθητω ετι
42160c00a0	και ιδου ερχομαι ταχυ και ο μισθος μου μετ εμου αποδουναι εκαστω ως το εργον αυτου εσται
42160d006a	εγω ειμι το α και το ω αρχη και τελος ο πρωτος και ο εσχατος
42160e00ec	μακαριοι οι ποιουντες τας εντολας αυτου ινα εσται η εξουσια αυτων επι το ξυλον της ζωης και τοις πυλωσιν εισελθωσιν εις την πολιν
42160f00ca	εξω δε οι κυνες και οι φαρμακοι και οι πορνοι και οι φονεις και οι ειδωλολατραι και πας ο φιλων και ποιων ψευδος
4216100108	εγω ιησους επεμψα τον αγγελον μου μαρτυρησαι υμιν ταυτα επι ταις εκκλησιαις εγω ειμι η ριζα και το γενος του δαβιδ ο αστηρ ο λαμπρος και ορθρινος
42161100e2	και το πνευμα και η νυμφη λεγουσιν ελθε και ο ακουων ειπατω ελθε και ο διψων ελθετω και ο θελων λαμβανετω το υδωρ ζωης δωρεαν
4216120141	συμμαρτυρουμαι γαρ παντι ακουοντι τους λογους της προφητειας του βιβλιου τουτου εαν τις επιτιθη προς ταυτα επιθησει ο θεος επ αυτον τας πληγας τας γεγραμμενας εν βιβλιω τουτω
4216130142	και εαν τις αφαιρη απο των λογων βιβλου της προφητειας ταυτης αφαιρησει ο θεος το μερος αυτου απο βιβλου της ζωης και εκ της πολεως της αγιας και των γεγραμμενων εν βιβλιω τουτω
4216140079	λεγει ο μαρτυρων ταυτα ναι ερχομαι ταχυ αμην ναι ερχου κυριε ιησου
421615006c	η χαρις του κυριου ημων ιησου χριστου μετα παντων υμων αμην
