280000000c	ମଥିଃ
28010100dc	ଇବ୍ରାହୀମଃ ସନ୍ତାନୋ ଦାଯୂଦ୍ ତସ୍ୟ ସନ୍ତାନୋ ଯୀଶୁଖ୍ରୀଷ୍ଟସ୍ତସ୍ୟ ପୂର୍ୱ୍ୱପୁରୁଷୱଂଶଶ୍ରେଣୀ|
28010200d6	ଇବ୍ରାହୀମଃ ପୁତ୍ର ଇସ୍ହାକ୍ ତସ୍ୟ ପୁତ୍ରୋ ଯାକୂବ୍ ତସ୍ୟ ପୁତ୍ରୋ ଯିହୂଦାସ୍ତସ୍ୟ ଭ୍ରାତରଶ୍ଚ|
2801030100	ତସ୍ମାଦ୍ ଯିହୂଦାତସ୍ତାମରୋ ଗର୍ଭେ ପେରସ୍ସେରହୌ ଜଜ୍ଞାତେ, ତସ୍ୟ ପେରସଃ ପୁତ୍ରୋ ହିଷ୍ରୋଣ୍ ତସ୍ୟ ପୁତ୍ରୋ ଽରାମ୍|
28010400a8	ତସ୍ୟ ପୁତ୍ରୋ ଽମ୍ମୀନାଦବ୍ ତସ୍ୟ ପୁତ୍ରୋ ନହଶୋନ୍ ତସ୍ୟ ପୁତ୍ରଃ ସଲ୍ମୋନ୍|
28010500db	ତସ୍ମାଦ୍ ରାହବୋ ଗର୍ଭେ ବୋଯମ୍ ଜଜ୍ଞେ, ତସ୍ମାଦ୍ ରୂତୋ ଗର୍ଭେ ଓବେଦ୍ ଜଜ୍ଞେ, ତସ୍ୟ ପୁତ୍ରୋ ଯିଶଯଃ|
28010600b4	ତସ୍ୟ ପୁତ୍ରୋ ଦାଯୂଦ୍ ରାଜଃ ତସ୍ମାଦ୍ ମୃତୋରିଯସ୍ୟ ଜାଯାଯାଂ ସୁଲେମାନ୍ ଜଜ୍ଞେ|
2801070096	ତସ୍ୟ ପୁତ୍ରୋ ରିହବିଯାମ୍, ତସ୍ୟ ପୁତ୍ରୋଽବିଯଃ, ତସ୍ୟ ପୁତ୍ର ଆସା: |
280108008d	ତସ୍ୟ ସୁତୋ ଯିହୋଶାଫଟ୍ ତସ୍ୟ ସୁତୋ ଯିହୋରାମ ତସ୍ୟ ସୁତ ଉଷିଯଃ|
2801090081	ତସ୍ୟ ସୁତୋ ଯୋଥମ୍ ତସ୍ୟ ସୁତ ଆହମ୍ ତସ୍ୟ ସୁତୋ ହିଷ୍କିଯଃ|
28010a0082	ତସ୍ୟ ସୁତୋ ମିନଶିଃ, ତସ୍ୟ ସୁତ ଆମୋନ୍ ତସ୍ୟ ସୁତୋ ଯୋଶିଯଃ|
28010b00c3	ବାବିଲ୍ନଗରେ ପ୍ରୱସନାତ୍ ପୂର୍ୱ୍ୱଂ ସ ଯୋଶିଯୋ ଯିଖନିଯଂ ତସ୍ୟ ଭ୍ରାତୃଂଶ୍ଚ ଜନଯାମାସ|
28010c00c4	ତତୋ ବାବିଲି ପ୍ରୱସନକାଲେ ଯିଖନିଯଃ ଶଲ୍ତୀଯେଲଂ ଜନଯାମାସ, ତସ୍ୟ ସୁତଃ ସିରୁବ୍ବାୱିଲ୍|
28010d008c	ତସ୍ୟ ସୁତୋ ଽବୋହୁଦ୍ ତସ୍ୟ ସୁତ ଇଲୀଯାକୀମ୍ ତସ୍ୟ ସୁତୋଽସୋର୍|
28010e0084	ଅସୋରଃ ସୁତଃ ସାଦୋକ୍ ତସ୍ୟ ସୁତ ଆଖୀମ୍ ତସ୍ୟ ସୁତ ଇଲୀହୂଦ୍|
28010f005d	ତସ୍ୟ ସୁତ ଇଲିଯାସର୍ ତସ୍ୟ ସୁତୋ ମତ୍ତନ୍|
280110012c	ତସ୍ୟ ସୁତୋ ଯାକୂବ୍ ତସ୍ୟ ସୁତୋ ଯୂଷଫ୍ ତସ୍ୟ ଜାଯା ମରିଯମ୍; ତସ୍ୟ ଗର୍ଭେ ଯୀଶୁରଜନି, ତମେୱ ଖ୍ରୀଷ୍ଟମ୍ (ଅର୍ଥାଦ୍ ଅଭିଷିକ୍ତଂ) ୱଦନ୍ତି|
28011101f1	ଇତ୍ଥମ୍ ଇବ୍ରାହୀମୋ ଦାଯୂଦଂ ଯାୱତ୍ ସାକଲ୍ୟେନ ଚତୁର୍ଦଶପୁରୁଷାଃ; ଆ ଦାଯୂଦଃ କାଲାଦ୍ ବାବିଲି ପ୍ରୱସନକାଲଂ ଯାୱତ୍ ଚତୁର୍ଦଶପୁରୁଷା ଭୱନ୍ତି| ବାବିଲି ପ୍ରୱାସନକାଲାତ୍ ଖ୍ରୀଷ୍ଟସ୍ୟ କାଲଂ ଯାୱତ୍ ଚତୁର୍ଦଶପୁରୁଷା ଭୱନ୍ତି|
2801120163	ଯୀଶୁଖ୍ରୀଷ୍ଟସ୍ୟ ଜନ୍ମ କଥ୍ଥତେ| ମରିଯମ୍ ନାମିକା କନ୍ୟା ଯୂଷଫେ ୱାଗ୍ଦତ୍ତାସୀତ୍, ତଦା ତଯୋଃ ସଙ୍ଗମାତ୍ ପ୍ରାକ୍ ସା କନ୍ୟା ପୱିତ୍ରେଣାତ୍ମନା ଗର୍ଭୱତୀ ବଭୂୱ|
2801130121	ତତ୍ର ତସ୍ୟାଃ ପତି ର୍ୟୂଷଫ୍ ସୌଜନ୍ୟାତ୍ ତସ୍ୟାଃ କଲଙ୍ଗଂ ପ୍ରକାଶଯିତୁମ୍ ଅନିଚ୍ଛନ୍ ଗୋପନେନେ ତାଂ ପାରିତ୍ୟକ୍ତୁଂ ମନଶ୍ଚକ୍ରେ|
2801140171	ସ ତଥୈୱ ଭାୱଯତି, ତଦାନୀଂ ପରମେଶ୍ୱରସ୍ୟ ଦୂତଃ ସ୍ୱପ୍ନେ ତଂ ଦର୍ଶନଂ ଦତ୍ତ୍ୱା ୱ୍ୟାଜହାର, ହେ ଦାଯୂଦଃ ସନ୍ତାନ ଯୂଷଫ୍ ତ୍ୱଂ ନିଜାଂ ଜାଯାଂ ମରିଯମମ୍ ଆଦାତୁଂ ମା ଭୈଷୀଃ|
28011501b8	ଯତସ୍ତସ୍ୟା ଗର୍ଭଃ ପୱିତ୍ରାଦାତ୍ମନୋଽଭୱତ୍, ସା ଚ ପୁତ୍ରଂ ପ୍ରସୱିଷ୍ୟତେ, ତଦା ତ୍ୱଂ ତସ୍ୟ ନାମ ଯୀଶୁମ୍ (ଅର୍ଥାତ୍ ତ୍ରାତାରଂ) କରୀଷ୍ୟସେ, ଯସ୍ମାତ୍ ସ ନିଜମନୁଜାନ୍ ତେଷାଂ କଲୁଷେଭ୍ୟ ଉଦ୍ଧରିଷ୍ୟତି|
2801160153	ଇତ୍ଥଂ ସତି, ପଶ୍ୟ ଗର୍ଭୱତୀ କନ୍ୟା ତନଯଂ ପ୍ରସୱିଷ୍ୟତେ| ଇମ୍ମାନୂଯେଲ୍ ତଦୀଯଞ୍ଚ ନାମଧେଯଂ ଭୱିଷ୍ୟତି|| ଇମ୍ମାନୂଯେଲ୍ ଅସ୍ମାକଂ ସଙ୍ଗୀଶ୍ୱରଇତ୍ୟର୍ଥଃ|
28011700d1	ଇତି ଯଦ୍ ୱଚନଂ ପୁର୍ୱ୍ୱଂ ଭୱିଷ୍ୟଦ୍ୱକ୍ତ୍ରା ଈଶ୍ୱରଃ କଥାଯାମାସ, ତତ୍ ତଦାନୀଂ ସିଦ୍ଧମଭୱତ୍|
28011800f1	ଅନନ୍ତରଂ ଯୂଷଫ୍ ନିଦ୍ରାତୋ ଜାଗରିତ ଉତ୍ଥାଯ ପରମେଶ୍ୱରୀଯଦୂତସ୍ୟ ନିଦେଶାନୁସାରେଣ ନିଜାଂ ଜାଯାଂ ଜଗ୍ରାହ,
28011900ec	କିନ୍ତୁ ଯାୱତ୍ ସା ନିଜଂ ପ୍ରଥମସୁତଂ ଅ ସୁଷୁୱେ, ତାୱତ୍ ତାଂ ନୋପାଗଚ୍ଛତ୍, ତତଃ ସୁତସ୍ୟ ନାମ ଯୀଶୁଂ ଚକ୍ରେ|
28020101ac	ଅନନ୍ତରଂ ହେରୋଦ୍ ସଂଜ୍ଞକେ ରାଜ୍ଞି ରାଜ୍ୟଂ ଶାସତି ଯିହୂଦୀଯଦେଶସ୍ୟ ବୈତ୍ଲେହମି ନଗରେ ଯୀଶୌ ଜାତୱତି ଚ, କତିପଯା ଜ୍ୟୋତିର୍ୱ୍ୱୁଦଃ ପୂର୍ୱ୍ୱସ୍ୟା ଦିଶୋ ଯିରୂଶାଲମ୍ନଗରଂ ସମେତ୍ୟ କଥଯମାସୁଃ,
2802020156	ଯୋ ଯିହୂଦୀଯାନାଂ ରାଜା ଜାତୱାନ୍, ସ କୁତ୍ରାସ୍ତେ? ୱଯଂ ପୂର୍ୱ୍ୱସ୍ୟାଂ ଦିଶି ତିଷ୍ଠନ୍ତସ୍ତଦୀଯାଂ ତାରକାମ୍ ଅପଶ୍ୟାମ ତସ୍ମାତ୍ ତଂ ପ୍ରଣନ୍ତୁମ୍ ଅଗମାମ|
28020300e9	ତଦା ହେରୋଦ୍ ରାଜା କଥାମେତାଂ ନିଶମ୍ୟ ଯିରୂଶାଲମ୍ନଗରସ୍ଥିତୈଃ ସର୍ୱ୍ୱମାନୱୈଃ ସାର୍ଦ୍ଧମ୍ ଉଦ୍ୱିଜ୍ୟ
28020400e1	ସର୍ୱ୍ୱାନ୍ ପ୍ରଧାନଯାଜକାନ୍ ଅଧ୍ୟାପକାଂଶ୍ଚ ସମାହୂଯାନୀଯ ପପ୍ରଚ୍ଛ, ଖ୍ରୀଷ୍ଟଃ କୁତ୍ର ଜନିଷ୍ୟତେ?
28020500e7	ତଦା ତେ କଥଯାମାସୁଃ, ଯିହୂଦୀଯଦେଶସ୍ୟ ବୈତ୍ଲେହମି ନଗରେ, ଯତୋ ଭୱିଷ୍ୟଦ୍ୱାଦିନା ଇତ୍ଥଂ ଲିଖିତମାସ୍ତେ,
28020601c0	ସର୍ୱ୍ୱାଭ୍ୟୋ ରାଜଧାନୀଭ୍ୟୋ ଯିହୂଦୀଯସ୍ୟ ନୀୱୃତଃ| ହେ ଯୀହୂଦୀଯଦେଶସ୍ୟେ ବୈତ୍ଲେହମ୍ ତ୍ୱଂ ନ ଚାୱରା| ଇସ୍ରାଯେଲୀଯଲୋକାନ୍ ମେ ଯତୋ ଯଃ ପାଲଯିଷ୍ୟତି| ତାଦୃଗେକୋ ମହାରାଜସ୍ତ୍ୱନ୍ମଧ୍ୟ ଉଦ୍ଭୱିଷ୍ୟତୀ||
28020700fb	ତଦାନୀଂ ହେରୋଦ୍ ରାଜା ତାନ୍ ଜ୍ୟୋତିର୍ୱ୍ୱିଦୋ ଗୋପନମ୍ ଆହୂଯ ସା ତାରକା କଦା ଦୃଷ୍ଟାଭୱତ୍, ତଦ୍ ୱିନିଶ୍ଚଯାମାସ|
280208018c	ଅପରଂ ତାନ୍ ବୈତ୍ଲେହମଂ ପ୍ରହୀତ୍ୟ ଗଦିତୱାନ୍, ଯୂଯଂ ଯାତ, ଯତ୍ନାତ୍ ତଂ ଶିଶୁମ୍ ଅନ୍ୱିଷ୍ୟ ତଦୁଦ୍ଦେଶେ ପ୍ରାପ୍ତେ ମହ୍ୟଂ ୱାର୍ତ୍ତାଂ ଦାସ୍ୟଥ, ତତୋ ମଯାପି ଗତ୍ୱା ସ ପ୍ରଣଂସ୍ୟତେ|
28020901fb	ତଦାନୀଂ ରାଜ୍ଞ ଏତାଦୃଶୀମ୍ ଆଜ୍ଞାଂ ପ୍ରାପ୍ୟ ତେ ପ୍ରତସ୍ଥିରେ, ତତଃ ପୂର୍ୱ୍ୱର୍ସ୍ୟାଂ ଦିଶି ସ୍ଥିତୈସ୍ତୈ ର୍ୟା ତାରକା ଦୃଷ୍ଟା ସା ତାରକା ତେଷାମଗ୍ରେ ଗତ୍ୱା ଯତ୍ର ସ୍ଥାନେ ଶିଶୂରାସ୍ତେ, ତସ୍ୟ ସ୍ଥାନସ୍ୟୋପରି ସ୍ଥଗିତା ତସ୍ୟୌ|
28020a005c	ତଦ୍ ଦୃଷ୍ଟ୍ୱା ତେ ମହାନନ୍ଦିତା ବଭୂୱୁଃ,
28020b01e6	ତତୋ ଗେହମଧ୍ୟ ପ୍ରୱିଶ୍ୟ ତସ୍ୟ ମାତ୍ରା ମରିଯମା ସାଦ୍ଧଂ ତଂ ଶିଶୁଂ ନିରୀକ୍ଷଯ ଦଣ୍ଡୱଦ୍ ଭୂତ୍ୱା ପ୍ରଣେମୁଃ, ଅପରଂ ସ୍ୱେଷାଂ ଘନସମ୍ପତ୍ତିଂ ମୋଚଯିତ୍ୱା ସୁୱର୍ଣଂ କୁନ୍ଦୁରୁଂ ଗନ୍ଧରମଞ୍ଚ ତସ୍ମୈ ଦର୍ଶନୀଯଂ ଦତ୍ତୱନ୍ତଃ|
28020c0130	ପଶ୍ଚାଦ୍ ହେରୋଦ୍ ରାଜସ୍ୟ ସମୀପଂ ପୁନରପି ଗନ୍ତୁଂ ସ୍ୱପ୍ନ ଈଶ୍ୱରେଣ ନିଷିଦ୍ଧାଃ ସନ୍ତୋ ଽନ୍ୟେନ ପଥା ତେ ନିଜଦେଶଂ ପ୍ରତି ପ୍ରତସ୍ଥିରେ|
28020d0273	ଅନନ୍ତରଂ ତେଷୁ ଗତୱତ୍ମୁ ପରମେଶ୍ୱରସ୍ୟ ଦୂତୋ ଯୂଷଫେ ସ୍ୱପ୍ନେ ଦର୍ଶନଂ ଦତ୍ୱା ଜଗାଦ, ତ୍ୱମ୍ ଉତ୍ଥାଯ ଶିଶୁଂ ତନ୍ମାତରଞ୍ଚ ଗୃହୀତ୍ୱା ମିସର୍ଦେଶଂ ପଲାଯସ୍ୱ, ଅପରଂ ଯାୱଦହଂ ତୁଭ୍ୟଂ ୱାର୍ତ୍ତାଂ ନ କଥଯିଷ୍ୟାମି, ତାୱତ୍ ତତ୍ରୈୱ ନିୱସ, ଯତୋ ରାଜା ହେରୋଦ୍ ଶିଶୁଂ ନାଶଯିତୁଂ ମୃଗଯିଷ୍ୟତେ|
28020e00d9	ତଦାନୀଂ ଯୂଷଫ୍ ଉତ୍ଥାଯ ରଜନ୍ୟାଂ ଶିଶୁଂ ତନ୍ମାତରଞ୍ଚ ଗୃହୀତ୍ୱା ମିସର୍ଦେଶଂ ପ୍ରତି ପ୍ରତସ୍ଥେ,
28020f01a4	ଗତ୍ୱା ଚ ହେରୋଦୋ ନୃପତେ ର୍ମରଣପର୍ୟ୍ୟନ୍ତଂ ତତ୍ର ଦେଶେ ନ୍ୟୁୱାସ, ତେନ ମିସର୍ଦେଶାଦହଂ ପୁତ୍ରଂ ସ୍ୱକୀଯଂ ସମୁପାହୂଯମ୍| ଯଦେତଦ୍ୱଚନମ୍ ଈଶ୍ୱରେଣ ଭୱିଷ୍ୟଦ୍ୱାଦିନା କଥିତଂ ତତ୍ ସଫଲମଭୂତ୍|
28021002c3	ଅନନ୍ତରଂ ହେରୋଦ୍ ଜ୍ୟୋତିର୍ୱିଦ୍ଭିରାତ୍ମାନଂ ପ୍ରୱଞ୍ଚିତଂ ୱିଜ୍ଞାଯ ଭୃଶଂ ଚୁକୋପ; ଅପରଂ ଜ୍ୟୋତିର୍ୱ୍ୱିଦ୍ଭ୍ୟସ୍ତେନ ୱିନିଶ୍ଚିତଂ ଯଦ୍ ଦିନଂ ତଦ୍ଦିନାଦ୍ ଗଣଯିତ୍ୱା ଦ୍ୱିତୀଯୱତ୍ସରଂ ପ୍ରୱିଷ୍ଟା ଯାୱନ୍ତୋ ବାଲକା ଅସ୍ମିନ୍ ବୈତ୍ଲେହମ୍ନଗରେ ତତ୍ସୀମମଧ୍ୟେ ଚାସନ୍, ଲୋକାନ୍ ପ୍ରହିତ୍ୟ ତାନ୍ ସର୍ୱ୍ୱାନ୍ ଘାତଯାମାସ|
28021101aa	ଅତଃ ଅନେକସ୍ୟ ୱିଲାପସ୍ୟ ନିନାଦ: କ୍ରନ୍ଦନସ୍ୟ ଚ| ଶୋକେନ କୃତଶବ୍ଦଶ୍ଚ ରାମାଯାଂ ସଂନିଶମ୍ୟତେ| ସ୍ୱବାଲଗଣହେତୋର୍ୱୈ ରାହେଲ୍ ନାରୀ ତୁ ରୋଦିନୀ| ନ ମନ୍ୟତେ ପ୍ରବୋଧନ୍ତୁ ଯତସ୍ତେ ନୈୱ ମନ୍ତି ହି||
28021200b9	ଯଦେତଦ୍ ୱଚନଂ ଯିରୀମିଯନାମକଭୱିଷ୍ୟଦ୍ୱାଦିନା କଥିତଂ ତତ୍ ତଦାନୀଂ ସଫଲମ୍ ଅଭୂତ୍|
28021300fb	ତଦନନ୍ତରଂ ହେରେଦି ରାଜନି ମୃତେ ପରମେଶ୍ୱରସ୍ୟ ଦୂତୋ ମିସର୍ଦେଶେ ସ୍ୱପ୍ନେ ଦର୍ଶନଂ ଦତ୍ତ୍ୱା ଯୂଷଫେ କଥିତୱାନ୍
280214012b	ତ୍ୱମ୍ ଉତ୍ଥାଯ ଶିଶୁଂ ତନ୍ମାତରଞ୍ଚ ଗୃହୀତ୍ୱା ପୁନରପୀସ୍ରାଯେଲୋ ଦେଶଂ ଯାହୀ, ଯେ ଜନାଃ ଶିଶୁଂ ନାଶଯିତୁମ୍ ଅମୃଗଯନ୍ତ, ତେ ମୃତୱନ୍ତଃ|
28021500aa	ତଦାନୀଂ ସ ଉତ୍ଥାଯ ଶିଶୁଂ ତନ୍ମାତରଞ୍ଚ ଗୃହ୍ଲନ୍ ଇସ୍ରାଯେଲ୍ଦେଶମ୍ ଆଜଗାମ|
280216027e	କିନ୍ତୁ ଯିହୂଦୀଯଦେଶେ ଅର୍ଖିଲାଯନାମ ରାଜକୁମାରୋ ନିଜପିତୁ ର୍ହେରୋଦଃ ପଦଂ ପ୍ରାପ୍ୟ ରାଜତ୍ୱଂ କରୋତୀତି ନିଶମ୍ୟ ତତ୍ ସ୍ଥାନଂ ଯାତୁଂ ଶଙ୍କିତୱାନ୍, ପଶ୍ଚାତ୍ ସ୍ୱପ୍ନ ଈଶ୍ୱରାତ୍ ପ୍ରବୋଧଂ ପ୍ରାପ୍ୟ ଗାଲୀଲ୍ଦେଶସ୍ୟ ପ୍ରଦେଶୈକଂ ପ୍ରସ୍ଥାଯ ନାସରନ୍ନାମ ନଗରଂ ଗତ୍ୱା ତତ୍ର ନ୍ୟୁଷିତୱାନ୍,
28021700d8	ତେନ ତଂ ନାସରତୀଯଂ କଥଯିଷ୍ୟନ୍ତି, ଯଦେତଦ୍ୱାକ୍ୟଂ ଭୱିଷ୍ୟଦ୍ୱାଦିଭିରୁକ୍ତ୍ତଂ ତତ୍ ସଫଲମଭୱତ୍|
28030100da	ତଦାନୋଂ ଯୋହ୍ନ୍ନାମା ମଜ୍ଜଯିତା ଯିହୂଦୀଯଦେଶସ୍ୟ ପ୍ରାନ୍ତରମ୍ ଉପସ୍ଥାଯ ପ୍ରଚାରଯନ୍ କଥଯାମାସ,
2803020083	ମନାଂସି ପରାୱର୍ତ୍ତଯତ, ସ୍ୱର୍ଗୀଯରାଜତ୍ୱଂ ସମୀପମାଗତମ୍|
2803030146	ପରମେଶସ୍ୟ ପନ୍ଥାନଂ ପରିଷ୍କୁରୁତ ସର୍ୱ୍ୱତଃ| ତସ୍ୟ ରାଜପଥାଂଶ୍ଚୈୱ ସମୀକୁରୁତ ସର୍ୱ୍ୱଥା| ଇତ୍ୟେତତ୍ ପ୍ରାନ୍ତରେ ୱାକ୍ୟଂ ୱଦତଃ କସ୍ୟଚିଦ୍ ରୱଃ||
2803040168	ଏତଦ୍ୱଚନଂ ଯିଶଯିଯଭୱିଷ୍ୟଦ୍ୱାଦିନା ଯୋହନମୁଦ୍ଦିଶ୍ୟ ଭାଷିତମ୍| ଯୋହନୋ ୱସନଂ ମହାଙ୍ଗରୋମଜଂ ତସ୍ୟ କଟୌ ଚର୍ମ୍ମକଟିବନ୍ଧନଂ; ସ ଚ ଶୂକକୀଟାନ୍ ମଧୁ ଚ ଭୁକ୍ତୱାନ୍|
2803050126	ତଦାନୀଂ ଯିରୂଶାଲମ୍ନଗରନିୱାସିନଃ ସର୍ୱ୍ୱେ ଯିହୂଦିଦେଶୀଯା ଯର୍ଦ୍ଦନ୍ତଟିନ୍ୟା ଉଭଯତଟସ୍ଥାଶ୍ଚ ମାନୱା ବହିରାଗତ୍ୟ ତସ୍ୟ ସମୀପେ
28030600ba	ସ୍ୱୀଯଂ ସ୍ୱୀଯଂ ଦୁରିତମ୍ ଅଙ୍ଗୀକୃତ୍ୟ ତସ୍ୟାଂ ଯର୍ଦ୍ଦନି ତେନ ମଜ୍ଜିତା ବଭୂୱୁଃ|
2803070198	ଅପରଂ ବହୂନ୍ ଫିରୂଶିନଃ ସିଦୂକିନଶ୍ଚ ମନୁଜାନ୍ ମଂକ୍ତୁଂ ସ୍ୱସମୀପମ୍ ଆଗଚ୍ଛ୍ତୋ ୱିଲୋକ୍ୟ ସ ତାନ୍ ଅଭିଦଧୌ, ରେ ରେ ଭୁଜଗୱଂଶା ଆଗାମୀନଃ କୋପାତ୍ ପଲାଯିତୁଂ ଯୁଷ୍ମାନ୍ କଶ୍ଚେତିତୱାନ୍?
280308005b	ମନଃପରାୱର୍ତ୍ତନସ୍ୟ ସମୁଚିତଂ ଫଲଂ ଫଲତ|
28030901b4	କିନ୍ତ୍ୱସ୍ମାକଂ ତାତ ଇବ୍ରାହୀମ୍ ଅସ୍ତୀତି ସ୍ୱେଷୁ ମନଃସୁ ଚୀନ୍ତଯନ୍ତୋ ମା ୱ୍ୟାହରତ| ଯତୋ ଯୁଷ୍ମାନ୍ ଅହଂ ୱଦାମି, ଈଶ୍ୱର ଏତେଭ୍ୟଃ ପାଷାଣେଭ୍ୟ ଇବ୍ରାହୀମଃ ସନ୍ତାନାନ୍ ଉତ୍ପାଦଯିତୁଂ ଶକ୍ନୋତି|
28030a0146	ଅପରଂ ପାଦପାନାଂ ମୂଲେ କୁଠାର ଇଦାନୀମପି ଲଗନ୍ ଆସ୍ତେ, ତସ୍ମାଦ୍ ଯସ୍ମିନ୍ ପାଦପେ ଉତ୍ତମଂ ଫଲଂ ନ ଭୱତି, ସ କୃତ୍ତୋ ମଧ୍ୟେଽଗ୍ନିଂ ନିକ୍ଷେପ୍ସ୍ୟତେ|
28030b0219	ଅପରମ୍ ଅହଂ ମନଃପରାୱର୍ତ୍ତନସୂଚକେନ ମଜ୍ଜନେନ ଯୁଷ୍ମାନ୍ ମଜ୍ଜଯାମୀତି ସତ୍ୟଂ, କିନ୍ତୁ ମମ ପଶ୍ଚାଦ୍ ଯ ଆଗଚ୍ଛତି, ସ ମତ୍ତୋପି ମହାନ୍, ଅହଂ ତଦୀଯୋପାନହୌ ୱୋଢୁମପି ନହି ଯୋଗ୍ୟୋସ୍ମି, ସ ଯୁଷ୍ମାନ୍ ୱହ୍ନିରୂପେ ପୱିତ୍ର ଆତ୍ମନି ସଂମଜ୍ଜଯିଷ୍ୟତି|
28030c01bd	ତସ୍ୟ କାରେ ସୂର୍ପ ଆସ୍ତେ, ସ ସ୍ୱୀଯଶସ୍ୟାନି ସମ୍ୟକ୍ ପ୍ରସ୍ଫୋଟ୍ୟ ନିଜାନ୍ ସକଲଗୋଧୂମାନ୍ ସଂଗୃହ୍ୟ ଭାଣ୍ଡାଗାରେ ସ୍ଥାପଯିଷ୍ୟତି, କିଂନ୍ତୁ ସର୍ୱ୍ୱାଣି ୱୁଷାଣ୍ୟନିର୍ୱ୍ୱାଣୱହ୍ନିନା ଦାହଯିଷ୍ୟତି|
28030d00d9	ଅନନ୍ତରଂ ଯୀଶୁ ର୍ୟୋହନା ମଜ୍ଜିତୋ ଭୱିତୁଂ ଗାଲୀଲ୍ପ୍ରଦେଶାଦ୍ ଯର୍ଦ୍ଦନି ତସ୍ୟ ସମୀପମ୍ ଆଜଗାମ|
28030e00f9	କିନ୍ତୁ ଯୋହନ୍ ତଂ ନିଷିଧ୍ୟ ବଭାଷେ, ତ୍ୱଂ କିଂ ମମ ସମୀପମ୍ ଆଗଚ୍ଛସି? ୱରଂ ତ୍ୱଯା ମଜ୍ଜନଂ ମମ ପ୍ରଯୋଜନମ୍ ଆସ୍ତେ|
28030f012c	ତଦାନୀଂ ଯୀଶୁଃ ପ୍ରତ୍ୟୱୋଚତ୍; ଈଦାନୀମ୍ ଅନୁମନ୍ୟସ୍ୱ, ଯତ ଇତ୍ଥଂ ସର୍ୱ୍ୱଧର୍ମ୍ମସାଧନମ୍ ଅସ୍ମାକଂ କର୍ତ୍ତୱ୍ୟଂ, ତତଃ ସୋଽନ୍ୱମନ୍ୟତ|
28031001c4	ଅନନ୍ତରଂ ଯୀଶୁରମ୍ମସି ମଜ୍ଜିତୁଃ ସନ୍ ତତ୍କ୍ଷଣାତ୍ ତୋଯମଧ୍ୟାଦ୍ ଉତ୍ଥାଯ ଜଗାମ, ତଦା ଜୀମୂତଦ୍ୱାରେ ମୁକ୍ତେ ଜାତେ, ସ ଈଶ୍ୱରସ୍ୟାତ୍ମାନଂ କପୋତୱଦ୍ ଅୱରୁହ୍ୟ ସ୍ୱୋପର୍ୟ୍ୟାଗଚ୍ଛନ୍ତଂ ୱୀକ୍ଷାଞ୍ଚକ୍ରେ|
28031100cc	ଅପରମ୍ ଏଷ ମମ ପ୍ରିଯଃ ପୁତ୍ର ଏତସ୍ମିନ୍ନେୱ ମମ ମହାସନ୍ତୋଷ ଏତାଦୃଶୀ ୱ୍ୟୋମଜା ୱାଗ୍ ବଭୂୱ|
28040100b9	ତତଃ ପରଂ ଯୀଶୁଃ ପ୍ରତାରକେଣ ପରୀକ୍ଷିତୋ ଭୱିତୁମ୍ ଆତ୍ମନା ପ୍ରାନ୍ତରମ୍ ଆକୃଷ୍ଟଃ
280402009b	ସନ୍ ଚତ୍ୱାରିଂଶଦହୋରାତ୍ରାନ୍ ଅନାହାରସ୍ତିଷ୍ଠନ୍ କ୍ଷୁଧିତୋ ବଭୂୱ|
2804030135	ତଦାନୀଂ ପରୀକ୍ଷିତା ତତ୍ସମୀପମ୍ ଆଗତ୍ୟ ୱ୍ୟାହୃତୱାନ୍, ଯଦି ତ୍ୱମୀଶ୍ୱରାତ୍ମଜୋ ଭୱେସ୍ତର୍ହ୍ୟାଜ୍ଞଯା ପାଷାଣାନେତାନ୍ ପୂପାନ୍ ୱିଧେହି|
2804040170	ତତଃ ସ ପ୍ରତ୍ୟବ୍ରୱୀତ୍, ଇତ୍ଥଂ ଲିଖିତମାସ୍ତେ, "ମନୁଜଃ କେୱଲପୂପେନ ନ ଜୀୱିଷ୍ୟତି, କିନ୍ତ୍ୱୀଶ୍ୱରସ୍ୟ ୱଦନାଦ୍ ଯାନି ଯାନି ୱଚାଂସି ନିଃସରନ୍ତି ତୈରେୱ ଜୀୱିଷ୍ୟତି| "
28040500b6	ତଦା ପ୍ରତାରକସ୍ତଂ ପୁଣ୍ୟନଗରଂ ନୀତ୍ୱା ମନ୍ଦିରସ୍ୟ ଚୂଡୋପରି ନିଧାଯ ଗଦିତୱାନ୍,
280406021e	ତ୍ୱଂ ଯଦିଶ୍ୱରସ୍ୟ ତନଯୋ ଭୱେସ୍ତର୍ହୀତୋଽଧଃ ପତ, ଯତ ଇତ୍ଥଂ ଲିଖିତମାସ୍ତେ, ଆଦେକ୍ଷ୍ୟତି ନିଜାନ୍ ଦୂତାନ୍ ରକ୍ଷିତୁଂ ତ୍ୱାଂ ପରମେଶ୍ୱରଃ| ଯଥା ସର୍ୱ୍ୱେଷୁ ମାର୍ଗେଷୁ ତ୍ୱଦୀଯଚରଣଦ୍ୱଯେ| ନ ଲଗେତ୍ ପ୍ରସ୍ତରାଘାତସ୍ତ୍ୱାଂ ଘରିଷ୍ୟନ୍ତି ତେ କରୈଃ||
28040700ec	ତଦାନୀଂ ଯୀଶୁସ୍ତସ୍ମୈ କଥିତୱାନ୍ ଏତଦପି ଲିଖିତମାସ୍ତେ, "ତ୍ୱଂ ନିଜପ୍ରଭୁଂ ପରମେଶ୍ୱରଂ ମା ପରୀକ୍ଷସ୍ୱ| "
2804080139	ଅନନ୍ତରଂ ପ୍ରତାରକଃ ପୁନରପି ତମ୍ ଅତ୍ୟୁଞ୍ଚଧରାଧରୋପରି ନୀତ୍ୱା ଜଗତଃ ସକଲରାଜ୍ୟାନି ତଦୈଶ୍ୱର୍ୟ୍ୟାଣି ଚ ଦର୍ଶଯାଶ୍ଚକାର କଥଯାଞ୍ଚକାର ଚ,
28040900bd	ଯଦି ତ୍ୱଂ ଦଣ୍ଡୱଦ୍ ଭୱନ୍ ମାଂ ପ୍ରଣମେସ୍ତର୍ହ୍ୟହମ୍ ଏତାନି ତୁଭ୍ୟଂ ପ୍ରଦାସ୍ୟାମି|
28040a012b	ତଦାନୀଂ ଯୀଶୁସ୍ତମୱୋଚତ୍, ଦୂରୀଭୱ ପ୍ରତାରକ, ଲିଖିତମିଦମ୍ ଆସ୍ତେ, "ତ୍ୱଯା ନିଜଃ ପ୍ରଭୁଃ ପରମେଶ୍ୱରଃ ପ୍ରଣମ୍ୟଃ କେୱଲଃ ସ ସେୱ୍ୟଶ୍ଚ| "
28040b00a8	ତତଃ ପ୍ରତାରକେଣ ସ ପର୍ୟ୍ୟତ୍ୟାଜି, ତଦା ସ୍ୱର୍ଗୀଯଦୂତୈରାଗତ୍ୟ ସ ସିଷେୱେ|
28040c00d0	ତଦନନ୍ତରଂ ଯୋହନ୍ କାରାଯାଂ ବବନ୍ଧେ, ତଦ୍ୱାର୍ତ୍ତାଂ ନିଶମ୍ୟ ଯୀଶୁନା ଗାଲୀଲ୍ ପ୍ରାସ୍ଥୀଯତ|
28040d016c	ତତଃ ପରଂ ସ ନାସରନ୍ନଗରଂ ୱିହାଯ ଜଲଘେସ୍ତଟେ ସିବୂଲୂନ୍ନପ୍ତାଲୀ ଏତଯୋରୁୱଭଯୋଃ ପ୍ରଦେଶଯୋଃ ସୀମ୍ନୋର୍ମଧ୍ୟୱର୍ତ୍ତୀ ଯ: କଫର୍ନାହୂମ୍ ତନ୍ନଗରମ୍ ଇତ୍ୱା ନ୍ୟୱସତ୍|
28040e0106	ତସ୍ମାତ୍, ଅନ୍ୟାଦେଶୀଯଗାଲୀଲି ଯର୍ଦ୍ଦନ୍ପାରେଽବ୍ଧିରୋଧସି| ନପ୍ତାଲିସିବୂଲୂନ୍ଦେଶୌ ଯତ୍ର ସ୍ଥାନେ ସ୍ଥିତୌ ପୁରା|
28040f01b9	ତତ୍ରତ୍ୟା ମନୁଜା ଯେ ଯେ ପର୍ୟ୍ୟଭ୍ରାମ୍ୟନ୍ ତମିସ୍ରକେ| ତୈର୍ଜନୈର୍ବୃହଦାଲୋକଃ ପରିଦର୍ଶିଷ୍ୟତେ ତଦା| ଅୱସନ୍ ଯେ ଜନା ଦେଶେ ମୃତ୍ୟୁଚ୍ଛାଯାସ୍ୱରୂପକେ| ତେଷାମୁପରି ଲୋକାନାମାଲୋକଃ ସଂପ୍ରକାଶିତଃ||
28041000aa	ଯଦେତଦ୍ୱଚନଂ ଯିଶଯିଯଭୱିଷ୍ୟଦ୍ୱାଦିନା ପ୍ରୋକ୍ତଂ, ତତ୍ ତଦା ସଫଲମ୍ ଅଭୂତ୍|
280411011f	ଅନନ୍ତରଂ ଯୀଶୁଃ ସୁସଂୱାଦଂ ପ୍ରଚାରଯନ୍ ଏତାଂ କଥାଂ କଥଯିତୁମ୍ ଆରେଭେ, ମନାଂସି ପରାୱର୍ତ୍ତଯତ, ସ୍ୱର୍ଗୀଯରାଜତ୍ୱଂ ସୱିଧମଭୱତ୍|
28041201b1	ତତଃ ପରଂ ଯୀଶୁ ର୍ଗାଲୀଲୋ ଜଲଧେସ୍ତଟେନ ଗଚ୍ଛନ୍ ଗଚ୍ଛନ୍ ଆନ୍ଦ୍ରିଯସ୍ତସ୍ୟ ଭ୍ରାତା ଶିମୋନ୍ ଅର୍ଥତୋ ଯଂ ପିତରଂ ୱଦନ୍ତି ଏତାୱୁଭୌ ଜଲଘୌ ଜାଲଂ କ୍ଷିପନ୍ତୌ ଦଦର୍ଶ, ଯତସ୍ତୌ ମୀନଧାରିଣାୱାସ୍ତାମ୍|
28041300d3	ତଦା ସ ତାୱାହୂଯ ୱ୍ୟାଜହାର, ଯୁୱାଂ ମମ ପଶ୍ଚାଦ୍ ଆଗଚ୍ଛତଂ, ଯୁୱାମହଂ ମନୁଜଧାରିଣୌ କରିଷ୍ୟାମି|
2804140073	ତେନୈୱ ତୌ ଜାଲଂ ୱିହାଯ ତସ୍ୟ ପଶ୍ଚାତ୍ ଆଗଚ୍ଛତାମ୍|
28041501b4	ଅନନ୍ତରଂ ତସ୍ମାତ୍ ସ୍ଥାନାତ୍ ୱ୍ରଜନ୍ ୱ୍ରଜନ୍ ସିୱଦିଯସ୍ୟ ସୁତୌ ଯାକୂବ୍ ଯୋହନ୍ନାମାନୌ ଦ୍ୱୌ ସହଜୌ ତାତେନ ସାର୍ଦ୍ଧଂ ନୌକୋପରି ଜାଲସ୍ୟ ଜୀର୍ଣୋଦ୍ଧାରଂ କୁର୍ୱ୍ୱନ୍ତୌ ୱୀକ୍ଷ୍ୟ ତାୱାହୂତୱାନ୍|
28041600aa	ତତ୍କ୍ଷଣାତ୍ ତୌ ନାୱଂ ସ୍ୱତାତଞ୍ଚ ୱିହାଯ ତସ୍ୟ ପଶ୍ଚାଦ୍ଗାମିନୌ ବଭୂୱତୁଃ|
28041701ab	ଅନନ୍ତରଂ ଭଜନଭୱନେ ସମୁପଦିଶନ୍ ରାଜ୍ୟସ୍ୟ ସୁସଂୱାଦଂ ପ୍ରଚାରଯନ୍ ମନୁଜାନାଂ ସର୍ୱ୍ୱପ୍ରକାରାନ୍ ରୋଗାନ୍ ସର୍ୱ୍ୱପ୍ରକାରପୀଡାଶ୍ଚ ଶମଯନ୍ ଯୀଶୁଃ କୃତ୍ସ୍ନଂ ଗାଲୀଲ୍ଦେଶଂ ଭ୍ରମିତୁମ୍ ଆରଭତ|
2804180230	ତେନ କୃତ୍ସ୍ନସୁରିଯାଦେଶସ୍ୟ ମଧ୍ୟଂ ତସ୍ୟ ଯଶୋ ୱ୍ୟାପ୍ନୋତ୍, ଅପରଂ ଭୂତଗ୍ରସ୍ତା ଅପସ୍ମାରର୍ଗୀଣଃ ପକ୍ଷାଧାତିପ୍ରଭୃତଯଶ୍ଚ ଯାୱନ୍ତୋ ମନୁଜା ନାନାୱିଧୱ୍ୟାଧିଭିଃ କ୍ଲିଷ୍ଟା ଆସନ୍, ତେଷୁ ସର୍ୱ୍ୱେଷୁ ତସ୍ୟ ସମୀପମ୍ ଆନୀତେଷୁ ସ ତାନ୍ ସ୍ୱସ୍ଥାନ୍ ଚକାର|
280419010a	ଏତେନ ଗାଲୀଲ୍-ଦିକାପନି-ଯିରୂଶାଲମ୍-ଯିହୂଦୀଯଦେଶେଭ୍ୟୋ ଯର୍ଦ୍ଦନଃ ପାରାଞ୍ଚ ବହୱୋ ମନୁଜାସ୍ତସ୍ୟ ପଶ୍ଚାଦ୍ ଆଗଚ୍ଛନ୍|
280501009d	ଅନନ୍ତରଂ ସ ଜନନିୱହଂ ନିରୀକ୍ଷ୍ୟ ଭୂଧରୋପରି ୱ୍ରଜିତ୍ୱା ସମୁପୱିୱେଶ|
28050200ae	ତଦାନୀଂ ଶିଷ୍ୟେଷୁ ତସ୍ୟ ସମୀପମାଗତେଷୁ ତେନ ତେଭ୍ୟ ଏଷା କଥା କଥ୍ୟାଞ୍ଚକ୍ରେ|
28050300a6	ଅଭିମାନହୀନା ଜନା ଧନ୍ୟାଃ, ଯତସ୍ତେ ସ୍ୱର୍ଗୀଯରାଜ୍ୟମ୍ ଅଧିକରିଷ୍ୟନ୍ତି|
280504009e	ଖିଦ୍ୟମାନା ମନୁଜା ଧନ୍ୟାଃ, ଯସ୍ମାତ୍ ତେ ସାନ୍ତ୍ୱନାଂ ପ୍ରାପ୍ସନ୍ତି|
280505009b	ନମ୍ରା ମାନୱାଶ୍ଚ ଧନ୍ୟାଃ, ଯସ୍ମାତ୍ ତେ ମେଦିନୀମ୍ ଅଧିକରିଷ୍ୟନ୍ତି|
28050600d2	ଧର୍ମ୍ମାଯ ବୁଭୁକ୍ଷିତାଃ ତୃଷାର୍ତ୍ତାଶ୍ଚ ମନୁଜା ଧନ୍ୟାଃ, ଯସ୍ମାତ୍ ତେ ପରିତର୍ପ୍ସ୍ୟନ୍ତି|
280507008f	କୃପାଲୱୋ ମାନୱା ଧନ୍ୟାଃ, ଯସ୍ମାତ୍ ତେ କୃପାଂ ପ୍ରାପ୍ସ୍ୟନ୍ତି|
28050800a7	ନିର୍ମ୍ମଲହୃଦଯା ମନୁଜାଶ୍ଚ ଧନ୍ୟାଃ, ଯସ୍ମାତ୍ ତ ଈଶ୍ଚରଂ ଦ୍ରକ୍ଷ୍ୟନ୍ତି|
28050900bd	ମେଲଯିତାରୋ ମାନୱା ଧନ୍ୟାଃ, ଯସ୍ମାତ୍ ତ ଈଶ୍ଚରସ୍ୟ ସନ୍ତାନତ୍ୱେନ ୱିଖ୍ୟାସ୍ୟନ୍ତି|
28050a00d2	ଧର୍ମ୍ମକାରଣାତ୍ ତାଡିତା ମନୁଜା ଧନ୍ୟା, ଯସ୍ମାତ୍ ସ୍ୱର୍ଗୀଯରାଜ୍ୟେ ତେଷାମଧିକରୋ ୱିଦ୍ୟତେ|
28050b010b	ଯଦା ମନୁଜା ମମ ନାମକୃତେ ଯୁଷ୍ମାନ୍ ନିନ୍ଦନ୍ତି ତାଡଯନ୍ତି ମୃଷା ନାନାଦୁର୍ୱ୍ୱାକ୍ୟାନି ୱଦନ୍ତି ଚ, ତଦା ଯୁଯଂ ଧନ୍ୟାଃ|
28050c0157	ତଦା ଆନନ୍ଦତ, ତଥା ଭୃଶଂ ହ୍ଲାଦଧ୍ୱଞ୍ଚ, ଯତଃ ସ୍ୱର୍ଗେ ଭୂଯାଂସି ଫଲାନି ଲପ୍ସ୍ୟଧ୍ୱେ; ତେ ଯୁଷ୍ମାକଂ ପୁରାତନାନ୍ ଭୱିଷ୍ୟଦ୍ୱାଦିନୋଽପି ତାଦୃଗ୍ ଅତାଡଯନ୍|
28050d0223	ଯୁଯଂ ମେଦିନ୍ୟାଂ ଲୱଣରୂପାଃ, କିନ୍ତୁ ଯଦି ଲୱଣସ୍ୟ ଲୱଣତ୍ୱମ୍ ଅପଯାତି, ତର୍ହି ତତ୍ କେନ ପ୍ରକାରେଣ ସ୍ୱାଦୁଯୁକ୍ତଂ ଭୱିଷ୍ୟତି? ତତ୍ କସ୍ୟାପି କାର୍ୟ୍ୟସ୍ୟାଯୋଗ୍ୟତ୍ୱାତ୍ କେୱଲଂ ବହିଃ ପ୍ରକ୍ଷେପ୍ତୁଂ ନରାଣାଂ ପଦତଲେନ ଦଲଯିତୁଞ୍ଚ ଯୋଗ୍ୟଂ ଭୱତି|
28050e00bf	ଯୂଯଂ ଜଗତି ଦୀପ୍ତିରୂପାଃ, ଭୂଧରୋପରି ସ୍ଥିତଂ ନଗରଂ ଗୁପ୍ତଂ ଭୱିତୁଂ ନହି ଶକ୍ଷ୍ୟତି|
28050f0171	ଅପରଂ ମନୁଜାଃ ପ୍ରଦୀପାନ୍ ପ୍ରଜ୍ୱାଲ୍ୟ ଦ୍ରୋଣାଧୋ ନ ସ୍ଥାପଯନ୍ତି, କିନ୍ତୁ ଦୀପାଧାରୋପର୍ୟ୍ୟେୱ ସ୍ଥାପଯନ୍ତି, ତେନ ତେ ଦୀପା ଗେହସ୍ଥିତାନ୍ ସକଲାନ୍ ପ୍ରକାଶଯନ୍ତି|
2805100160	ଯେନ ମାନୱା ଯୁଷ୍ମାକଂ ସତ୍କର୍ମ୍ମାଣି ୱିଲୋକ୍ୟ ଯୁଷ୍ମାକଂ ସ୍ୱର୍ଗସ୍ଥଂ ପିତରଂ ଧନ୍ୟଂ ୱଦନ୍ତି, ତେଷାଂ ସମକ୍ଷଂ ଯୁଷ୍ମାକଂ ଦୀପ୍ତିସ୍ତାଦୃକ୍ ପ୍ରକାଶତାମ୍|
2805110147	ଅହଂ ୱ୍ୟୱସ୍ଥାଂ ଭୱିଷ୍ୟଦ୍ୱାକ୍ୟଞ୍ଚ ଲୋପ୍ତୁମ୍ ଆଗତୱାନ୍, ଇତ୍ଥଂ ମାନୁଭୱତ, ତେ ଦ୍ୱେ ଲୋପ୍ତୁଂ ନାଗତୱାନ୍, କିନ୍ତୁ ସଫଲେ କର୍ତ୍ତୁମ୍ ଆଗତୋସ୍ମି|
280512019a	ଅପରଂ ଯୁଷ୍ମାନ୍ ଅହଂ ତଥ୍ୟଂ ୱଦାମି ଯାୱତ୍ ୱ୍ୟୋମମେଦିନ୍ୟୋ ର୍ଧ୍ୱଂସୋ ନ ଭୱିଷ୍ୟତି, ତାୱତ୍ ସର୍ୱ୍ୱସ୍ମିନ୍ ସଫଲେ ନ ଜାତେ ୱ୍ୟୱସ୍ଥାଯା ଏକା ମାତ୍ରା ବିନ୍ଦୁରେକୋପି ୱା ନ ଲୋପ୍ସ୍ୟତେ|
280513026b	ତସ୍ମାତ୍ ଯୋ ଜନ ଏତାସାମ୍ ଆଜ୍ଞାନାମ୍ ଅତିକ୍ଷୁଦ୍ରାମ୍ ଏକାଜ୍ଞାମପୀ ଲଂଘତେ ମନୁଜାଂଞ୍ଚ ତଥୈୱ ଶିକ୍ଷଯତି, ସ ସ୍ୱର୍ଗୀଯରାଜ୍ୟେ ସର୍ୱ୍ୱେଭ୍ୟଃ କ୍ଷୁଦ୍ରତ୍ୱେନ ୱିଖ୍ୟାସ୍ୟତେ, କିନ୍ତୁ ଯୋ ଜନସ୍ତାଂ ପାଲଯତି, ତଥୈୱ ଶିକ୍ଷଯତି ଚ, ସ ସ୍ୱର୍ଗୀଯରାଜ୍ୟେ ପ୍ରଧାନତ୍ୱେନ ୱିଖ୍ୟାସ୍ୟତେ|
2805140190	ଅପରଂ ଯୁଷ୍ମାନ୍ ଅହଂ ୱଦାମି, ଅଧ୍ୟାପକଫିରୂଶିମାନୱାନାଂ ଧର୍ମ୍ମାନୁଷ୍ଠାନାତ୍ ଯୁଷ୍ମାକଂ ଧର୍ମ୍ମାନୁଷ୍ଠାନେ ନୋତ୍ତମେ ଜାତେ ଯୂଯମ୍ ଈଶ୍ୱରୀଯରାଜ୍ୟଂ ପ୍ରୱେଷ୍ଟୁଂ ନ ଶକ୍ଷ୍ୟଥ|
2805150162	ଅପରଞ୍ଚ ତ୍ୱଂ ନରଂ ମା ୱଧୀଃ, ଯସ୍ମାତ୍ ଯୋ ନରଂ ହନ୍ତି, ସ ୱିଚାରସଭାଯାଂ ଦଣ୍ଡାର୍ହୋ ଭୱିଷ୍ୟତି, ପୂର୍ୱ୍ୱକାଲୀନଜନେଭ୍ୟ ଇତି କଥିତମାସୀତ୍, ଯୁଷ୍ମାଭିରଶ୍ରାୱି|
28051602d3	କିନ୍ତ୍ୱହଂ ଯୁଷ୍ମାନ୍ ୱଦାମି, ଯଃ କଶ୍ଚିତ୍ କାରଣଂ ୱିନା ନିଜଭ୍ରାତ୍ରେ କୁପ୍ୟତି, ସ ୱିଚାରସଭାଯାଂ ଦଣ୍ଡାର୍ହୋ ଭୱିଷ୍ୟତି; ଯଃ କଶ୍ଚିଚ୍ଚ ସ୍ୱୀଯସହଜଂ ନିର୍ବ୍ବୋଧଂ ୱଦତି, ସ ମହାସଭାଯାଂ ଦଣ୍ଡାର୍ହୋ ଭୱିଷ୍ୟତି; ପୁନଶ୍ଚ ତ୍ୱଂ ମୂଢ ଇତି ୱାକ୍ୟଂ ଯଦି କଶ୍ଚିତ୍ ସ୍ୱୀଯଭ୍ରାତରଂ ୱକ୍ତି, ତର୍ହି ନରକାଗ୍ନୌ ସ ଦଣ୍ଡାର୍ହୋ ଭୱିଷ୍ୟତି|
2805170167	ଅତୋ ୱେଦ୍ୟାଃ ସମୀପଂ ନିଜନୈୱେଦ୍ୟେ ସମାନୀତେଽପି ନିଜଭ୍ରାତରଂ ପ୍ରତି କସ୍ମାଚ୍ଚିତ୍ କାରଣାତ୍ ତ୍ୱଂ ଯଦି ଦୋଷୀ ୱିଦ୍ୟସେ, ତଦାନୀଂ ତୱ ତସ୍ୟ ସ୍ମୃତି ର୍ଜାଯତେ ଚ,
2805180137	ତର୍ହି ତସ୍ୟା ୱେଦ୍ୟାଃ ସମୀପେ ନିଜନୈୱୈଦ୍ୟଂ ନିଧାଯ ତଦୈୱ ଗତ୍ୱା ପୂର୍ୱ୍ୱଂ ତେନ ସାର୍ଦ୍ଧଂ ମିଲ, ପଶ୍ଚାତ୍ ଆଗତ୍ୟ ନିଜନୈୱେଦ୍ୟଂ ନିୱେଦଯ|
2805190203	ଅନ୍ୟଞ୍ଚ ଯାୱତ୍ ୱିୱାଦିନା ସାର୍ଦ୍ଧଂ ୱର୍ତ୍ମନି ତିଷ୍ଠସି, ତାୱତ୍ ତେନ ସାର୍ଦ୍ଧଂ ମେଲନଂ କୁରୁ; ନୋ ଚେତ୍ ୱିୱାଦୀ ୱିଚାରଯିତୁଃ ସମୀପେ ତ୍ୱାଂ ସମର୍ପଯତି ୱିଚାରଯିତା ଚ ରକ୍ଷିଣଃ ସନ୍ନିଧୌ ସମର୍ପଯତି ତଦା ତ୍ୱଂ କାରାଯାଂ ବଧ୍ୟେଥାଃ|
28051a0113	ତର୍ହି ତ୍ୱାମହଂ ତଥ୍ଥଂ ବ୍ରୱୀମି, ଶେଷକପର୍ଦକେଽପି ନ ପରିଶୋଧିତେ ତସ୍ମାତ୍ ସ୍ଥାନାତ୍ କଦାପି ବହିରାଗନ୍ତୁଂ ନ ଶକ୍ଷ୍ୟସି|
28051b00eb	ଅପରଂ ତ୍ୱଂ ମା ୱ୍ୟଭିଚର, ଯଦେତଦ୍ ୱଚନଂ ପୂର୍ୱ୍ୱକାଲୀନଲୋକେଭ୍ୟଃ କଥିତମାସୀତ୍, ତଦ୍ ଯୂଯଂ ଶ୍ରୁତୱନ୍ତଃ;
28051c0106	କିନ୍ତ୍ୱହଂ ଯୁଷ୍ମାନ୍ ୱଦାମି, ଯଦି କଶ୍ଚିତ୍ କାମତଃ କାଞ୍ଚନ ଯୋଷିତଂ ପଶ୍ୟତି, ତର୍ହି ସ ମନସା ତଦୈୱ ୱ୍ୟଭିଚରିତୱାନ୍|
28051d0181	ତସ୍ମାତ୍ ତୱ ଦକ୍ଷିଣଂ ନେତ୍ରଂ ଯଦି ତ୍ୱାଂ ବାଧତେ, ତର୍ହି ତନ୍ନେତ୍ରମ୍ ଉତ୍ପାଟ୍ୟ ଦୂରେ ନିକ୍ଷିପ, ଯସ୍ମାତ୍ ତୱ ସର୍ୱ୍ୱୱପୁଷୋ ନରକେ ନିକ୍ଷେପାତ୍ ତୱୈକାଙ୍ଗସ୍ୟ ନାଶୋ ୱରଂ|
28051e014b	ଯଦ୍ୱା ତୱ ଦକ୍ଷିଣଃ କରୋ ଯଦି ତ୍ୱାଂ ବାଧତେ, ତର୍ହି ତଂ କରଂ ଛିତ୍ତ୍ୱା ଦୂରେ ନିକ୍ଷିପ, ଯତଃ ସର୍ୱ୍ୱୱପୁଷୋ ନରକେ ନିକ୍ଷେପାତ୍ ଏକାଙ୍ଗସ୍ୟ ନାଶୋ ୱରଂ|
28051f00eb	ଉକ୍ତମାସ୍ତେ, ଯଦି କଶ୍ଚିନ୍ ନିଜଜାଯାଂ ପରିତ୍ୟକ୍ତ୍ତୁମ୍ ଇଚ୍ଛତି, ତର୍ହି ସ ତସ୍ୟୈ ତ୍ୟାଗପତ୍ରଂ ଦଦାତୁ|
28052001a5	କିନ୍ତ୍ୱହଂ ଯୁଷ୍ମାନ୍ ୱ୍ୟାହରାମି, ୱ୍ୟଭିଚାରଦୋଷେ ନ ଜାତେ ଯଦି କଶ୍ଚିନ୍ ନିଜଜାଯାଂ ପରିତ୍ୟଜତି, ତର୍ହି ସ ତାଂ ୱ୍ୟଭିଚାରଯତି; ଯଶ୍ଚ ତାଂ ତ୍ୟକ୍ତାଂ ସ୍ତ୍ରିଯଂ ୱିୱହତି, ସୋପି ୱ୍ୟଭିଚରତି|
2805210138	ପୁନଶ୍ଚ ତ୍ୱଂ ମୃଷା ଶପଥମ୍ ନ କୁର୍ୱ୍ୱନ୍ ଈଶ୍ଚରାଯ ନିଜଶପଥଂ ପାଲଯ, ପୂର୍ୱ୍ୱକାଲୀନଲୋକେଭ୍ୟୋ ଯୈଷା କଥା କଥିତା, ତାମପି ଯୂଯଂ ଶ୍ରୁତୱନ୍ତଃ|
28052200fb	କିନ୍ତ୍ୱହଂ ଯୁଷ୍ମାନ୍ ୱଦାମି, କମପି ଶପଥଂ ମା କାର୍ଷ୍ଟ, ଅର୍ଥତଃ ସ୍ୱର୍ଗନାମ୍ନା ନ, ଯତଃ ସ ଈଶ୍ୱରସ୍ୟ ସିଂହାସନଂ;
28052300e0	ପୃଥିୱ୍ୟା ନାମ୍ନାପି ନ, ଯତଃ ସା ତସ୍ୟ ପାଦପୀଠଂ; ଯିରୂଶାଲମୋ ନାମ୍ନାପି ନ, ଯତଃ ସା ମହାରାଜସ୍ୟ ପୁରୀ;
28052400d6	ନିଜଶିରୋନାମ୍ନାପି ନ, ଯସ୍ମାତ୍ ତସ୍ୟୈକଂ କଚମପି ସିତମ୍ ଅସିତଂ ୱା କର୍ତ୍ତୁଂ ତ୍ୱଯା ନ ଶକ୍ୟତେ|
28052500de	ଅପରଂ ଯୂଯଂ ସଂଲାପସମଯେ କେୱଲଂ ଭୱତୀତି ନ ଭୱତୀତି ଚ ୱଦତ ଯତ ଇତୋଽଧିକଂ ଯତ୍ ତତ୍ ପାପାତ୍ମନୋ ଜାଯତେ|
28052600f7	ଅପରଂ ଲୋଚନସ୍ୟ ୱିନିମଯେନ ଲୋଚନଂ ଦନ୍ତସ୍ୟ ୱିନିମଯେନ ଦନ୍ତଃ ପୂର୍ୱ୍ୱକ୍ତମିଦଂ ୱଚନଞ୍ଚ ଯୁଷ୍ମାଭିରଶ୍ରୂଯତ|
2805270161	କିନ୍ତ୍ୱହଂ ଯୁଷ୍ମାନ୍ ୱଦାମି ଯୂଯଂ ହିଂସକଂ ନରଂ ମା ୱ୍ୟାଘାତଯତ| କିନ୍ତୁ କେନଚିତ୍ ତୱ ଦକ୍ଷିଣକପୋଲେ ଚପେଟାଘାତେ କୃତେ ତଂ ପ୍ରତି ୱାମଂ କପୋଲଞ୍ଚ ୱ୍ୟାଘୋଟଯ|
28052800f8	ଅପରଂ କେନଚିତ୍ ତ୍ୱଯା ସାର୍ଧ୍ଦଂ ୱିୱାଦଂ କୃତ୍ୱା ତୱ ପରିଧେଯୱସନେ ଜିଘୃତିତେ ତସ୍ମାଯୁତ୍ତରୀଯୱସନମପି ଦେହି|
28052900e5	ଯଦି କଶ୍ଚିତ୍ ତ୍ୱାଂ କ୍ରୋଶମେକଂ ନଯନାର୍ଥଂ ଅନ୍ୟାଯତୋ ଧରତି, ତଦା ତେନ ସାର୍ଧ୍ଦଂ କ୍ରୋଶଦ୍ୱଯଂ ଯାହି|
28052a0112	ଯଶ୍ଚ ମାନୱସ୍ତ୍ୱାଂ ଯାଚତେ, ତସ୍ମୈ ଦେହି, ଯଦି କଶ୍ଚିତ୍ ତୁଭ୍ୟଂ ଧାରଯିତୁମ୍ ଇଚ୍ଛତି, ତର୍ହି ତଂ ପ୍ରତି ପରାଂମୁଖୋ ମା ଭୂଃ|
28052b010f	ନିଜସମୀପୱସିନି ପ୍ରେମ କୁରୁ, କିନ୍ତୁ ଶତ୍ରୁଂ ପ୍ରତି ଦ୍ୱେଷଂ କୁରୁ, ଯଦେତତ୍ ପୁରୋକ୍ତଂ ୱଚନଂ ଏତଦପି ଯୂଯଂ ଶ୍ରୁତୱନ୍ତଃ|
28052c0201	କିନ୍ତ୍ୱହଂ ଯୁଷ୍ମାନ୍ ୱଦାମି, ଯୂଯଂ ରିପୁୱ୍ୱପି ପ୍ରେମ କୁରୁତ, ଯେ ଚ ଯୁଷ୍ମାନ୍ ଶପନ୍ତେ, ତାନ, ଆଶିଷଂ ୱଦତ, ଯେ ଚ ଯୁଷ୍ମାନ୍ ଋତୀଯନ୍ତେ, ତେଷାଂ ମଙ୍ଗଲଂ କୁରୁତ, ଯେ ଚ ଯୁଷ୍ମାନ୍ ନିନ୍ଦନ୍ତି, ତାଡଯନ୍ତି ଚ, ତେଷାଂ କୃତେ ପ୍ରାର୍ଥଯଧ୍ୱଂ|
28052d01ac	ତତ୍ର ଯଃ ସତାମସତାଞ୍ଚୋପରି ପ୍ରଭାକରମ୍ ଉଦାଯଯତି, ତଥା ଧାର୍ମ୍ମିକାନାମଧାର୍ମ୍ମିକାନାଞ୍ଚୋପରି ନୀରଂ ୱର୍ଷଯତି ତାଦୃଶୋ ଯୋ ଯୁଷ୍ମାକଂ ସ୍ୱର୍ଗସ୍ଥଃ ପିତା, ଯୂଯଂ ତସ୍ୟୈୱ ସନ୍ତାନା ଭୱିଷ୍ୟଥ|
28052e016b	ଯେ ଯୁଷ୍ମାସୁ ପ୍ରେମ କୁର୍ୱ୍ୱନ୍ତି, ଯୂଯଂ ଯଦି କେୱଲଂ ତେୱ୍ୱେୱ ପ୍ରେମ କୁରୁଥ, ତର୍ହି ଯୁଷ୍ମାକଂ କିଂ ଫଲଂ ଭୱିଷ୍ୟତି? ଚଣ୍ଡାଲା ଅପି ତାଦୃଶଂ କିଂ ନ କୁର୍ୱ୍ୱନ୍ତି?
28052f011e	ଅପରଂ ଯୂଯଂ ଯଦି କେୱଲଂ ସ୍ୱୀଯଭ୍ରାତୃତ୍ୱେନ ନମତ, ତର୍ହି କିଂ ମହତ୍ କର୍ମ୍ମ କୁରୁଥ? ଚଣ୍ଡାଲା ଅପି ତାଦୃଶଂ କିଂ ନ କୁର୍ୱ୍ୱନ୍ତି?
28053000b6	ତସ୍ମାତ୍ ଯୁଷ୍ମାକଂ ସ୍ୱର୍ଗସ୍ଥଃ ପିତା ଯଥା ପୂର୍ଣୋ ଭୱତି, ଯୂଯମପି ତାଦୃଶା ଭୱତ|
2806010161	ସାୱଧାନା ଭୱତ, ମନୁଜାନ୍ ଦର୍ଶଯିତୁଂ ତେଷାଂ ଗୋଚରେ ଧର୍ମ୍ମକର୍ମ୍ମ ମା କୁରୁତ, ତଥା କୃତେ ଯୁଷ୍ମାକଂ ସ୍ୱର୍ଗସ୍ଥପିତୁଃ ସକାଶାତ୍ କିଞ୍ଚନ ଫଲଂ ନ ପ୍ରାପ୍ସ୍ୟଥ|
28060201ac	ତ୍ୱଂ ଯଦା ଦଦାସି ତଦା କପଟିନୋ ଜନା ଯଥା ମନୁଜେଭ୍ୟଃ ପ୍ରଶଂସାଂ ପ୍ରାପ୍ତୁଂ ଭଜନଭୱନେ ରାଜମାର୍ଗେ ଚ ତୂରୀଂ ୱାଦଯନ୍ତି, ତଥା ମା କୁରି, ଅହଂ ତୁଭ୍ୟଂ ଯଥାର୍ଥଂ କଥଯାମି, ତେ ସ୍ୱକାଯଂ ଫଲମ୍ ଅଲଭନ୍ତ|
28060300bc	କିନ୍ତୁ ତ୍ୱଂ ଯଦା ଦଦାସି, ତଦା ନିଜଦକ୍ଷିଣକରୋ ଯତ୍ କରୋତି, ତଦ୍ ୱାମକରଂ ମା ଜ୍ଞାପଯ|
28060400de	ତେନ ତୱ ଦାନଂ ଗୁପ୍ତଂ ଭୱିଷ୍ୟତି ଯସ୍ତୁ ତୱ ପିତା ଗୁପ୍ତଦର୍ଶୀ, ସ ପ୍ରକାଶ୍ୟ ତୁଭ୍ୟଂ ଫଲଂ ଦାସ୍ୟତି|
28060501e4	ଅପରଂ ଯଦା ପ୍ରାର୍ଥଯସେ, ତଦା କପଟିନଇୱ ମା କୁରୁ, ଯସ୍ମାତ୍ ତେ ଭଜନଭୱନେ ରାଜମାର୍ଗସ୍ୟ କୋଣେ ତିଷ୍ଠନ୍ତୋ ଲୋକାନ୍ ଦର୍ଶଯନ୍ତଃ ପ୍ରାର୍ଥଯିତୁଂ ପ୍ରୀଯନ୍ତେ; ଅହଂ ଯୁଷ୍ମାନ୍ ତଥ୍ୟଂ ୱଦାମି, ତେ ସ୍ୱକୀଯଫଲଂ ପ୍ରାପ୍ନୁୱନ୍|
28060601a8	ତସ୍ମାତ୍ ପ୍ରାର୍ଥନାକାଲେ ଅନ୍ତରାଗାରଂ ପ୍ରୱିଶ୍ୟ ଦ୍ୱାରଂ ରୁଦ୍ୱ୍ୱା ଗୁପ୍ତଂ ପଶ୍ୟତସ୍ତୱ ପିତୁଃ ସମୀପେ ପ୍ରାର୍ଥଯସ୍ୱ; ତେନ ତୱ ଯଃ ପିତା ଗୁପ୍ତଦର୍ଶୀ, ସ ପ୍ରକାଶ୍ୟ ତୁଭ୍ୟଂ ଫଲଂ ଦାସ୍ୟତି
2806070159	ଅପରଂ ପ୍ରାର୍ଥନାକାଲେ ଦେୱପୂଜକାଇୱ ମୁଧା ପୁନରୁକ୍ତିଂ ମା କୁରୁ, ଯସ୍ମାତ୍ ତେ ବୋଧନ୍ତେ, ବହୁୱାରଂ କଥାଯାଂ କଥିତାଯାଂ ତେଷାଂ ପ୍ରାର୍ଥନା ଗ୍ରାହିଷ୍ୟତେ|
2806080106	ଯୂଯଂ ତେଷାମିୱ ମା କୁରୁତ, ଯସ୍ମାତ୍ ଯୁଷ୍ମାକଂ ଯଦ୍ ଯତ୍ ପ୍ରଯୋଜନଂ ଯାଚନାତଃ ପ୍ରାଗେୱ ଯୁଷ୍ମାକଂ ପିତା ତତ୍ ଜାନାତି|
28060900c7	ଅତଏୱ ଯୂଯମ ଈଦୃକ୍ ପ୍ରାର୍ଥଯଧ୍ୱଂ, ହେ ଅସ୍ମାକଂ ସ୍ୱର୍ଗସ୍ଥପିତଃ, ତୱ ନାମ ପୂଜ୍ୟଂ ଭୱତୁ|
28060a00aa	ତୱ ରାଜତ୍ୱଂ ଭୱତୁ; ତୱେଚ୍ଛା ସ୍ୱର୍ଗେ ଯଥା ତଥୈୱ ମେଦିନ୍ୟାମପି ସଫଲା ଭୱତୁ|
28060b0065	ଅସ୍ମାକଂ ପ୍ରଯୋଜନୀଯମ୍ ଆହାରମ୍ ଅଦ୍ୟ ଦେହି|
28060c00a4	ୱଯଂ ଯଥା ନିଜାପରାଧିନଃ କ୍ଷମାମହେ, ତଥୈୱାସ୍ମାକମ୍ ଅପରାଧାନ୍ କ୍ଷମସ୍ୱ|
28060d0110	ଅସ୍ମାନ୍ ପରୀକ୍ଷାଂ ମାନଯ, କିନ୍ତୁ ପାପାତ୍ମନୋ ରକ୍ଷ; ରାଜତ୍ୱଂ ଗୌରୱଂ ପରାକ୍ରମଃ ଏତେ ସର୍ୱ୍ୱେ ସର୍ୱ୍ୱଦା ତୱ; ତଥାସ୍ତୁ|
28060e00f7	ଯଦି ଯୂଯମ୍ ଅନ୍ୟେଷାମ୍ ଅପରାଧାନ୍ କ୍ଷମଧ୍ୱେ ତର୍ହି ଯୁଷ୍ମାକଂ ସ୍ୱର୍ଗସ୍ଥପିତାପି ଯୁଷ୍ମାନ୍ କ୍ଷମିଷ୍ୟତେ;
28060f0114	କିନ୍ତୁ ଯଦି ଯୂଯମ୍ ଅନ୍ୟେଷାମ୍ ଅପରାଧାନ୍ ନ କ୍ଷମଧ୍ୱେ, ତର୍ହି ଯୁଷ୍ମାକଂ ଜନକୋପି ଯୁଷ୍ମାକମ୍ ଅପରାଧାନ୍ ନ କ୍ଷମିଷ୍ୟତେ|
28061001b7	ଅପରମ୍ ଉପୱାସକାଲେ କପଟିନୋ ଜନା ମାନୁଷାନ୍ ଉପୱାସଂ ଜ୍ଞାପଯିତୁଂ ସ୍ୱେଷାଂ ୱଦନାନି ମ୍ଲାନାନି କୁର୍ୱ୍ୱନ୍ତି, ଯୂଯଂ ତଇୱ ୱିଷଣୱଦନା ମା ଭୱତ; ଅହଂ ଯୁଷ୍ମାନ୍ ତଥ୍ୟଂ ୱଦାମି ତେ ସ୍ୱକୀଯଫଲମ୍ ଅଲଭନ୍ତ|
280611017a	ଯଦା ତ୍ୱମ୍ ଉପୱସସି, ତଦା ଯଥା ଲୋକୈସ୍ତ୍ୱଂ ଉପୱାସୀୱ ନ ଦୃଶ୍ୟସେ, କିନ୍ତୁ ତୱ ଯୋଽଗୋଚରଃ ପିତା ତେନୈୱ ଦୃଶ୍ୟସେ, ତତ୍କୃତେ ନିଜଶିରସି ତୈଲଂ ମର୍ଦ୍ଦଯ ୱଦନଞ୍ଚ ପ୍ରକ୍ଷାଲଯ;
2806120094	ତେନ ତୱ ଯଃ ପିତା ଗୁପ୍ତଦର୍ଶୀ ସ ପ୍ରକାଶ୍ୟ ତୁଭ୍ୟଂ ଫଲଂ ଦାସ୍ୟତି|
280613017c	ଅପରଂ ଯତ୍ର ସ୍ଥାନେ କୀଟାଃ କଲଙ୍କାଶ୍ଚ କ୍ଷଯଂ ନଯନ୍ତି, ଚୌରାଶ୍ଚ ସନ୍ଧିଂ କର୍ତ୍ତଯିତ୍ୱା ଚୋରଯିତୁଂ ଶକ୍ନୁୱନ୍ତି, ତାଦୃଶ୍ୟାଂ ମେଦିନ୍ୟାଂ ସ୍ୱାର୍ଥଂ ଧନଂ ମା ସଂଚିନୁତ|
280614015e	କିନ୍ତୁ ଯତ୍ର ସ୍ଥାନେ କୀଟାଃ କଲଙ୍କାଶ୍ଚ କ୍ଷଯଂ ନ ନଯନ୍ତି, ଚୌରାଶ୍ଚ ସନ୍ଧିଂ କର୍ତ୍ତଯିତ୍ୱା ଚୋରଯିତୁଂ ନ ଶକ୍ନୁୱନ୍ତି, ତାଦୃଶେ ସ୍ୱର୍ଗେ ଧନଂ ସଞ୍ଚିନୁତ|
28061500a5	ଯସ୍ମାତ୍ ଯତ୍ର ସ୍ଥାନେ ଯୁଷ୍ମାଂକ ଧନଂ ତତ୍ରୈୱ ଖାନେ ଯୁଷ୍ମାକଂ ମନାଂସି|
2806160119	ଲୋଚନଂ ଦେହସ୍ୟ ପ୍ରଦୀପକଂ, ତସ୍ମାତ୍ ଯଦି ତୱ ଲୋଚନଂ ପ୍ରସନ୍ନଂ ଭୱତି, ତର୍ହି ତୱ କୃତ୍ସ୍ନଂ ୱପୁ ର୍ଦୀପ୍ତିଯୁକ୍ତଂ ଭୱିଷ୍ୟତି|
280617018e	କିନ୍ତୁ ଲୋଚନେଽପ୍ରସନ୍ନେ ତୱ କୃତ୍ସ୍ନଂ ୱପୁଃ ତମିସ୍ରଯୁକ୍ତଂ ଭୱିଷ୍ୟତି| ଅତଏୱ ଯା ଦୀପ୍ତିସ୍ତ୍ୱଯି ୱିଦ୍ୟତେ, ସା ଯଦି ତମିସ୍ରଯୁକ୍ତା ଭୱତି, ତର୍ହି ତତ୍ ତମିସ୍ରଂ କିଯନ୍ ମହତ୍|
28061801c9	କୋପି ମନୁଜୋ ଦ୍ୱୌ ପ୍ରଭୂ ସେୱିତୁଂ ନ ଶକ୍ନୋତି, ଯସ୍ମାଦ୍ ଏକଂ ସଂମନ୍ୟ ତଦନ୍ୟଂ ନ ସମ୍ମନ୍ୟତେ, ଯଦ୍ୱା ଏକତ୍ର ମନୋ ନିଧାଯ ତଦନ୍ୟମ୍ ଅୱମନ୍ୟତେ; ତଥା ଯୂଯମପୀଶ୍ୱରଂ ଲକ୍ଷ୍ମୀଞ୍ଚେତ୍ୟୁଭେ ସେୱିତୁଂ ନ ଶକ୍ନୁଥ|
28061901f2	ଅପରମ୍ ଅହଂ ଯୁଷ୍ମଭ୍ୟଂ ତଥ୍ୟଂ କଥଯାମି, କିଂ ଭକ୍ଷିଷ୍ୟାମଃ? କିଂ ପାସ୍ୟାମଃ? ଇତି ପ୍ରାଣଧାରଣାଯ ମା ଚିନ୍ତଯତ; କିଂ ପରିଧାସ୍ୟାମଃ? ଇତି କାଯରକ୍ଷଣାଯ ନ ଚିନ୍ତଯତ; ଭକ୍ଷ୍ୟାତ୍ ପ୍ରାଣା ୱସନାଞ୍ଚ ୱପୂଂଷି କିଂ ଶ୍ରେଷ୍ଠାଣି ନ ହି?
28061a0157	ୱିହାଯସୋ ୱିହଙ୍ଗମାନ୍ ୱିଲୋକଯତ; ତୈ ର୍ନୋପ୍ୟତେ ନ କୃତ୍ୟତେ ଭାଣ୍ଡାଗାରେ ନ ସଞ୍ଚୀଯତେଽପି; ତଥାପି ଯୁଷ୍ମାକଂ ସ୍ୱର୍ଗସ୍ଥଃ ପିତା ତେଭ୍ୟ ଆହାରଂ ୱିତରତି|
28061b0111	ଯୂଯଂ ତେଭ୍ୟଃ କିଂ ଶ୍ରେଷ୍ଠା ନ ଭୱଥ? ଯୁଷ୍ମାକଂ କଶ୍ଚିତ୍ ମନୁଜଃ ଚିନ୍ତଯନ୍ ନିଜାଯୁଷଃ କ୍ଷଣମପି ୱର୍ଦ୍ଧଯିତୁଂ ଶକ୍ନୋତି?
28061c016a	ଅପରଂ ୱସନାଯ କୁତଶ୍ଚିନ୍ତଯତ? କ୍ଷେତ୍ରୋତ୍ପନ୍ନାନି ପୁଷ୍ପାଣି କଥଂ ୱର୍ଦ୍ଧନ୍ତେ ତଦାଲୋଚଯତ| ତାନି ତନ୍ତୂନ୍ ନୋତ୍ପାଦଯନ୍ତି କିମପି କାର୍ୟ୍ୟଂ ନ କୁର୍ୱ୍ୱନ୍ତି;
28061d00e8	ତଥାପ୍ୟହଂ ଯୁଷ୍ମାନ୍ ୱଦାମି, ସୁଲେମାନ୍ ତାଦୃଗ୍ ଐଶ୍ୱର୍ୟ୍ୟୱାନପି ତତ୍ପୁଷ୍ପମିୱ ୱିଭୂଷିତୋ ନାସୀତ୍|
28061e01cc	ତସ୍ମାତ୍ କ୍ଷଦ୍ୟ ୱିଦ୍ୟମାନଂ ଶ୍ଚଃ ଚୁଲ୍ଲ୍ୟାଂ ନିକ୍ଷେପ୍ସ୍ୟତେ ତାଦୃଶଂ ଯତ୍ କ୍ଷେତ୍ରସ୍ଥିତଂ କୁସୁମଂ ତତ୍ ଯଦୀଶ୍ଚର ଇତ୍ଥଂ ବିଭୂଷଯତି, ତର୍ହି ହେ ସ୍ତୋକପ୍ରତ୍ୟଯିନୋ ଯୁଷ୍ମାନ୍ କିଂ ନ ପରିଧାପଯିଷ୍ୟତି?
28061f00d7	ତସ୍ମାତ୍ ଅସ୍ମାଭିଃ କିମତ୍ସ୍ୟତେ? କିଞ୍ଚ ପାଯିଷ୍ୟତେ? କିଂ ୱା ପରିଧାଯିଷ୍ୟତେ, ଇତି ନ ଚିନ୍ତଯତ|
2806200114	ଯସ୍ମାତ୍ ଦେୱାର୍ଚ୍ଚକା ଅପୀତି ଚେଷ୍ଟନ୍ତେ; ଏତେଷୁ ଦ୍ରୱ୍ୟେଷୁ ପ୍ରଯୋଜନମସ୍ତୀତି ଯୁଷ୍ମାକଂ ସ୍ୱର୍ଗସ୍ଥଃ ପିତା ଜାନାତି|
28062100f5	ଅତଏୱ ପ୍ରଥମତ ଈଶ୍ୱରୀଯରାଜ୍ୟଂ ଧର୍ମ୍ମଞ୍ଚ ଚେଷ୍ଟଧ୍ୱଂ, ତତ ଏତାନି ୱସ୍ତୂନି ଯୁଷ୍ମଭ୍ୟଂ ପ୍ରଦାଯିଷ୍ୟନ୍ତେ|
280622010b	ଶ୍ୱଃ କୃତେ ମା ଚିନ୍ତଯତ, ଶ୍ୱଏୱ ସ୍ୱଯଂ ସ୍ୱମୁଦ୍ଦିଶ୍ୟ ଚିନ୍ତଯିଷ୍ୟତି; ଅଦ୍ୟତନୀ ଯା ଚିନ୍ତା ସାଦ୍ୟକୃତେ ପ୍ରଚୁରତରା|
280701008e	ଯଥା ଯୂଯଂ ଦୋଷୀକୃତା ନ ଭୱଥ, ତତ୍କୃତେଽନ୍ୟଂ ଦୋଷିଣଂ ମା କୁରୁତ|
28070201b9	ଯତୋ ଯାଦୃଶେନ ଦୋଷେଣ ଯୂଯଂ ପରାନ୍ ଦୋଷିଣଃ କୁରୁଥ, ତାଦୃଶେନ ଦୋଷେଣ ଯୂଯମପି ଦୋଷୀକୃତା ଭୱିଷ୍ୟଥ, ଅନ୍ୟଞ୍ଚ ଯେନ ପରିମାଣେନ ଯୁଷ୍ମାଭିଃ ପରିମୀଯତେ, ତେନୈୱ ପରିମାଣେନ ଯୁଷ୍ମତ୍କୃତେ ପରିମାଯିଷ୍ୟତେ|
28070300ff	ଅପରଞ୍ଚ ନିଜନଯନେ ଯା ନାସା ୱିଦ୍ୟତେ, ତାମ୍ ଅନାଲୋଚ୍ୟ ତୱ ସହଜସ୍ୟ ଲୋଚନେ ଯତ୍ ତୃଣମ୍ ଆସ୍ତେ, ତଦେୱ କୁତୋ ୱୀକ୍ଷସେ?
2807040145	ତୱ ନିଜଲୋଚନେ ନାସାଯାଂ ୱିଦ୍ୟମାନାଯାଂ, ହେ ଭ୍ରାତଃ, ତୱ ନଯନାତ୍ ତୃଣଂ ବହିଷ୍ୟର୍ତୁଂ ଅନୁଜାନୀହି, କଥାମେତାଂ ନିଜସହଜାଯ କଥଂ କଥଯିତୁଂ ଶକ୍ନୋଷି?
2807050139	ହେ କପଟିନ୍, ଆଦୌ ନିଜନଯନାତ୍ ନାସାଂ ବହିଷ୍କୁରୁ ତତୋ ନିଜଦୃଷ୍ଟୌ ସୁପ୍ରସନ୍ନାଯାଂ ତୱ ଭ୍ରାତୃ ର୍ଲୋଚନାତ୍ ତୃଣଂ ବହିଷ୍କର୍ତୁଂ ଶକ୍ଷ୍ୟସି|
28070601bd	ଅନ୍ୟଞ୍ଚ ସାରମେଯେଭ୍ୟଃ ପୱିତ୍ରୱସ୍ତୂନି ମା ୱିତରତ, ୱରାହାଣାଂ ସମକ୍ଷଞ୍ଚ ମୁକ୍ତା ମା ନିକ୍ଷିପତ; ନିକ୍ଷେପଣାତ୍ ତେ ତାଃ ସର୍ୱ୍ୱାଃ ପଦୈ ର୍ଦଲଯିଷ୍ୟନ୍ତି, ପରାୱୃତ୍ୟ ଯୁଷ୍ମାନପି ୱିଦାରଯିଷ୍ୟନ୍ତି|
2807070128	ଯାଚଧ୍ୱଂ ତତୋ ଯୁଷ୍ମଭ୍ୟଂ ଦାଯିଷ୍ୟତେ; ମୃଗଯଧ୍ୱଂ ତତ ଉଦ୍ଦେଶଂ ଲପ୍ସ୍ୟଧ୍ୱେ; ଦ୍ୱାରମ୍ ଆହତ, ତତୋ ଯୁଷ୍ମତ୍କୃତେ ମୁକ୍ତଂ ଭୱିଷ୍ୟତି|
280708012b	ଯସ୍ମାଦ୍ ଯେନ ଯାଚ୍ୟତେ, ତେନ ଲଭ୍ୟତେ; ଯେନ ମୃଗ୍ୟତେ ତେନୋଦ୍ଦେଶଃ ପ୍ରାପ୍ୟତେ; ଯେନ ଚ ଦ୍ୱାରମ୍ ଆହନ୍ୟତେ, ତତ୍କୃତେ ଦ୍ୱାରଂ ମୋଚ୍ୟତେ|
2807090084	ଆତ୍ମଜେନ ପୂପେ ପ୍ରାର୍ଥିତେ ତସ୍ମୈ ପାଷାଣଂ ୱିଶ୍ରାଣଯତି,
28070a00b8	ମୀନେ ଯାଚିତେ ଚ ତସ୍ମୈ ଭୁଜଗଂ ୱିତରତି, ଏତାଦୃଶଃ ପିତା ଯୁଷ୍ମାକଂ ମଧ୍ୟେ କ ଆସ୍ତେ?
28070b019d	ତସ୍ମାଦ୍ ଯୂଯମ୍ ଅଭଦ୍ରାଃ ସନ୍ତୋଽପି ଯଦି ନିଜବାଲକେଭ୍ୟ ଉତ୍ତମଂ ଦ୍ରୱ୍ୟଂ ଦାତୁଂ ଜାନୀଥ, ତର୍ହି ଯୁଷ୍ମାକଂ ସ୍ୱର୍ଗସ୍ଥଃ ପିତା ସ୍ୱୀଯଯାଚକେଭ୍ୟଃ କିମୁତ୍ତମାନି ୱସ୍ତୂନି ନ ଦାସ୍ୟତି?
28070c019c	ଯୂଷ୍ମାନ୍ ପ୍ରତୀତରେଷାଂ ଯାଦୃଶୋ ୱ୍ୟୱହାରୋ ଯୁଷ୍ମାକଂ ପ୍ରିଯଃ, ଯୂଯଂ ତାନ୍ ପ୍ରତି ତାଦୃଶାନେୱ ୱ୍ୟୱହାରାନ୍ ୱିଧତ୍ତ; ଯସ୍ମାଦ୍ ୱ୍ୟୱସ୍ଥାଭୱିଷ୍ୟଦ୍ୱାଦିନାଂ ୱଚନାନାମ୍ ଇତି ସାରମ୍|
28070d011e	ସଙ୍କୀର୍ଣଦ୍ୱାରେଣ ପ୍ରୱିଶତ; ଯତୋ ନରକଗମନାଯ ଯଦ୍ ଦ୍ୱାରଂ ତଦ୍ ୱିସ୍ତୀର୍ଣଂ ଯଚ୍ଚ ୱର୍ତ୍ମ ତଦ୍ ବୃହତ୍ ତେନ ବହୱଃ ପ୍ରୱିଶନ୍ତି|
28070e012a	ଅପରଂ ସ୍ୱର୍ଗଗମନାଯ ଯଦ୍ ଦ୍ୱାରଂ ତତ୍ କୀଦୃକ୍ ସଂକୀର୍ଣଂ| ଯଚ୍ଚ ୱର୍ତ୍ମ ତତ୍ କୀଦୃଗ୍ ଦୁର୍ଗମମ୍| ତଦୁଦ୍ଦେଷ୍ଟାରଃ କିଯନ୍ତୋଽଲ୍ପାଃ|
28070f0194	ଅପରଞ୍ଚ ଯେ ଜନା ମେଷୱେଶେନ ଯୁଷ୍ମାକଂ ସମୀପମ୍ ଆଗଚ୍ଛନ୍ତି, କିନ୍ତ୍ୱନ୍ତର୍ଦୁରନ୍ତା ୱୃକା ଏତାଦୃଶେଭ୍ୟୋ ଭୱିଷ୍ୟଦ୍ୱାଦିଭ୍ୟଃ ସାୱଧାନା ଭୱତ, ଯୂଯଂ ଫଲେନ ତାନ୍ ପରିଚେତୁଂ ଶକ୍ନୁଥ|
28071000dd	ମନୁଜାଃ କିଂ କଣ୍ଟକିନୋ ୱୃକ୍ଷାଦ୍ ଦ୍ରାକ୍ଷାଫଲାନି ଶୃଗାଲକୋଲିତଶ୍ଚ ଉଡୁମ୍ବରଫଲାନି ଶାତଯନ୍ତି?
28071100ab	ତଦ୍ୱଦ୍ ଉତ୍ତମ ଏୱ ପାଦପ ଉତ୍ତମଫଲାନି ଜନଯତି, ଅଧମପାଦପଏୱାଧମଫଲାନି ଜନଯତି|
28071200fc	କିନ୍ତୂତ୍ତମପାଦପଃ କଦାପ୍ୟଧମଫଲାନି ଜନଯିତୁଂ ନ ଶକ୍ନୋତି, ତଥାଧମୋପି ପାଦପ ଉତ୍ତମଫଲାନି ଜନଯିତୁଂ ନ ଶକ୍ନୋତି|
28071300a7	ଅପରଂ ଯେ ଯେ ପାଦପା ଅଧମଫଲାନି ଜନଯନ୍ତି, ତେ କୃତ୍ତା ୱହ୍ନୌ କ୍ଷିପ୍ୟନ୍ତେ|
2807140050	ଅତଏୱ ଯୂଯଂ ଫଲେନ ତାନ୍ ପରିଚେଷ୍ୟଥ|
2807150185	ଯେ ଜନା ମାଂ ପ୍ରଭୁଂ ୱଦନ୍ତି, ତେ ସର୍ୱ୍ୱେ ସ୍ୱର୍ଗରାଜ୍ୟଂ ପ୍ରୱେକ୍ଷ୍ୟନ୍ତି ତନ୍ନ, କିନ୍ତୁ ଯୋ ମାନୱୋ ମମ ସ୍ୱର୍ଗସ୍ଥସ୍ୟ ପିତୁରିଷ୍ଟଂ କର୍ମ୍ମ କରୋତି ସ ଏୱ ପ୍ରୱେକ୍ଷ୍ୟତି|
28071601d3	ତଦ୍ ଦିନେ ବହୱୋ ମାଂ ୱଦିଷ୍ୟନ୍ତି, ହେ ପ୍ରଭୋ ହେ ପ୍ରଭୋ, ତୱ ନାମ୍ନା କିମସ୍ମାମି ର୍ଭୱିଷ୍ୟଦ୍ୱାକ୍ୟଂ ନ ୱ୍ୟାହୃତଂ? ତୱ ନାମ୍ନା ଭୂତାଃ କିଂ ନ ତ୍ୟାଜିତାଃ? ତୱ ନାମ୍ନା କିଂ ନାନାଦ୍ଭୁତାନି କର୍ମ୍ମାଣି ନ କୃତାନି?
28071700dc	ତଦାହଂ ୱଦିଷ୍ୟାମି, ହେ କୁକର୍ମ୍ମକାରିଣୋ ଯୁଷ୍ମାନ୍ ଅହଂ ନ ୱେଦ୍ମି, ଯୂଯଂ ମତ୍ସମୀପାଦ୍ ଦୂରୀଭୱତ|
28071800f4	ଯଃ କଶ୍ଚିତ୍ ମମୈତାଃ କଥାଃ ଶ୍ରୁତ୍ୱା ପାଲଯତି, ସ ପାଷାଣୋପରି ଗୃହନିର୍ମ୍ମାତ୍ରା ଜ୍ଞାନିନା ସହ ମଯୋପମୀଯତେ|
2807190104	ଯତୋ ୱୃଷ୍ଟୌ ସତ୍ୟାମ୍ ଆପ୍ଲାୱ ଆଗତେ ୱାଯୌ ୱାତେ ଚ ତେଷୁ ତଦ୍ଗେହଂ ଲଗ୍ନେଷୁ ପାଷାଣୋପରି ତସ୍ୟ ଭିତ୍ତେସ୍ତନ୍ନ ପତତି
28071a00f4	କିନ୍ତୁ ଯଃ କଶ୍ଚିତ୍ ମମୈତାଃ କଥାଃ ଶ୍ରୁତ୍ୱା ନ ପାଲଯତି ସ ସୈକତେ ଗେହନିର୍ମ୍ମାତ୍ରା ଽଜ୍ଞାନିନା ଉପମୀଯତେ|
28071b00ee	ଯତୋ ଜଲୱୃଷ୍ଟୌ ସତ୍ୟାମ୍ ଆପ୍ଲାୱ ଆଗତେ ପୱନେ ୱାତେ ଚ ତୈ ର୍ଗୃହେ ସମାଘାତେ ତତ୍ ପତତି ତତ୍ପତନଂ ମହଦ୍ ଭୱତି|
28071c00bd	ଯୀଶୁନୈତେଷୁ ୱାକ୍ୟେଷୁ ସମାପିତେଷୁ ମାନୱାସ୍ତଦୀଯୋପଦେଶମ୍ ଆଶ୍ଚର୍ୟ୍ୟଂ ମେନିରେ|
28071d00b7	ଯସ୍ମାତ୍ ସ ଉପାଧ୍ୟାଯା ଇୱ ତାନ୍ ନୋପଦିଦେଶ କିନ୍ତୁ ସମର୍ଥପୁରୁଷଇୱ ସମୁପଦିଦେଶ|
28080100a7	ଯଦା ସ ପର୍ୱ୍ୱତାଦ୍ ଅୱାରୋହତ୍ ତଦା ବହୱୋ ମାନୱାସ୍ତତ୍ପଶ୍ଚାଦ୍ ୱୱ୍ରଜୁଃ|
280802010f	ଏକଃ କୁଷ୍ଠୱାନ୍ ଆଗତ୍ୟ ତଂ ପ୍ରଣମ୍ୟ ବଭାଷେ, ହେ ପ୍ରଭୋ, ଯଦି ଭୱାନ୍ ସଂମନ୍ୟତେ, ତର୍ହି ମାଂ ନିରାମଯଂ କର୍ତ୍ତୁଂ ଶକ୍ନୋତି|
280803012e	ତତୋ ଯୀଶୁଃ କରଂ ପ୍ରସାର୍ୟ୍ୟ ତସ୍ୟାଙ୍ଗଂ ସ୍ପୃଶନ୍ ୱ୍ୟାଜହାର, ସମ୍ମନ୍ୟେଽହଂ ତ୍ୱଂ ନିରାମଯୋ ଭୱ; ତେନ ସ ତତ୍କ୍ଷଣାତ୍ କୁଷ୍ଠେନାମୋଚି|
28080401cd	ତତୋ ଯୀଶୁସ୍ତଂ ଜଗାଦ, ଅୱଧେହି କଥାମେତାଂ କଶ୍ଚିଦପି ମା ବ୍ରୂହି, କିନ୍ତୁ ଯାଜକସ୍ୟ ସନ୍ନିଧିଂ ଗତ୍ୱା ସ୍ୱାତ୍ମାନଂ ଦର୍ଶଯ ମନୁଜେଭ୍ୟୋ ନିଜନିରାମଯତ୍ୱଂ ପ୍ରମାଣଯିତୁଂ ମୂସାନିରୂପିତଂ ଦ୍ରୱ୍ୟମ୍ ଉତ୍ସୃଜ ଚ|
2808050106	ତଦନନ୍ତରଂ ଯୀଶୁନା କଫର୍ନାହୂମ୍ନାମନି ନଗରେ ପ୍ରୱିଷ୍ଟେ କଶ୍ଚିତ୍ ଶତସେନାପତିସ୍ତତ୍ସମୀପମ୍ ଆଗତ୍ୟ ୱିନୀଯ ବଭାଷେ,
28080600bb	ହେ ପ୍ରଭୋ, ମଦୀଯ ଏକୋ ଦାସଃ ପକ୍ଷାଘାତୱ୍ୟାଧିନା ଭୃଶଂ ୱ୍ୟଥିତଃ, ସତୁ ଶଯନୀଯ ଆସ୍ତେ|
28080700a2	ତଦାନୀଂ ଯୀଶୁସ୍ତସ୍ମୈ କଥିତୱାନ୍, ଅହଂ ଗତ୍ୱା ତଂ ନିରାମଯଂ କରିଷ୍ୟାମି|
2808080177	ତତଃ ସ ଶତସେନାପତିଃ ପ୍ରତ୍ୟୱଦତ୍, ହେ ପ୍ରଭୋ, ଭୱାନ୍ ଯତ୍ ମମ ଗେହମଧ୍ୟଂ ଯାତି ତଦ୍ୟୋଗ୍ୟଭାଜନଂ ନାହମସ୍ମି; ୱାଙ୍ମାତ୍ରମ୍ ଆଦିଶତୁ, ତେନୈୱ ମମ ଦାସୋ ନିରାମଯୋ ଭୱିଷ୍ୟତି|
28080901d9	ଯତୋ ମଯି ପରନିଧ୍ନେଽପି ମମ ନିଦେଶୱଶ୍ୟାଃ କତି କତି ସେନାଃ ସନ୍ତି, ତତ ଏକସ୍ମିନ୍ ଯାହୀତ୍ୟୁକ୍ତେ ସ ଯାତି, ତଦନ୍ୟସ୍ମିନ୍ ଏହୀତ୍ୟୁକ୍ତେ ସ ଆଯାତି, ତଥା ମମ ନିଜଦାସେ କର୍ମ୍ମୈତତ୍ କୁର୍ୱ୍ୱିତ୍ୟୁକ୍ତେ ସ ତତ୍ କରୋତି|
28080a01c7	ତଦାନୀଂ ଯୀଶୁସ୍ତସ୍ୟୈତତ୍ ୱଚୋ ନିଶମ୍ୟ ୱିସ୍ମଯାପନ୍ନୋଽଭୂତ୍; ନିଜପଶ୍ଚାଦ୍ଗାମିନୋ ମାନୱାନ୍ ଅୱୋଚ୍ଚ, ଯୁଷ୍ମାନ୍ ତଥ୍ୟଂ ୱଚ୍ମି, ଇସ୍ରାଯେଲୀଯଲୋକାନାଂ ମଧ୍ୟେଽପି ନୈତାଦୃଶୋ ୱିଶ୍ୱାସୋ ମଯା ପ୍ରାପ୍ତଃ|
28080b015a	ଅନ୍ୟଚ୍ଚାହଂ ଯୁଷ୍ମାନ୍ ୱଦାମି, ବହୱଃ ପୂର୍ୱ୍ୱସ୍ୟାଃ ପଶ୍ଚିମାଯାଶ୍ଚ ଦିଶ ଆଗତ୍ୟ ଇବ୍ରାହୀମା ଇସ୍ହାକା ଯାକୂବା ଚ ସାକମ୍ ମିଲିତ୍ୱା ସମୁପୱେକ୍ଷ୍ୟନ୍ତି;
28080c0108	କିନ୍ତୁ ଯତ୍ର ସ୍ଥାନେ ରୋଦନଦନ୍ତଘର୍ଷଣେ ଭୱତସ୍ତସ୍ମିନ୍ ବହିର୍ଭୂତତମିସ୍ରେ ରାଜ୍ୟସ୍ୟ ସନ୍ତାନା ନିକ୍ଷେସ୍ୟନ୍ତେ|
28080d0139	ତତଃ ପରଂ ଯୀଶୁସ୍ତଂ ଶତସେନାପତିଂ ଜଗାଦ, ଯାହି, ତୱ ପ୍ରତୀତ୍ୟନୁସାରତୋ ମଙ୍ଗଲଂ ଭୂଯାତ୍; ତଦା ତସ୍ମିନ୍ନେୱ ଦଣ୍ଡେ ତଦୀଯଦାସୋ ନିରାମଯୋ ବଭୂୱ|
28080e00fa	ଅନନ୍ତରଂ ଯୀଶୁଃ ପିତରସ୍ୟ ଗେହମୁପସ୍ଥାଯ ଜ୍ୱରେଣ ପୀଡିତାଂ ଶଯନୀଯସ୍ଥିତାଂ ତସ୍ୟ ଶ୍ୱଶ୍ରୂଂ ୱୀକ୍ଷାଞ୍ଚକ୍ରେ|
28080f00d8	ତତସ୍ତେନ ତସ୍ୟାଃ କରସ୍ୟ ସ୍ପୃଷ୍ଟତୱାତ୍ ଜ୍ୱରସ୍ତାଂ ତତ୍ୟାଜ, ତଦା ସା ସମୁତ୍ଥାଯ ତାନ୍ ସିଷେୱେ|
2808100185	ଅନନ୍ତରଂ ସନ୍ଧ୍ୟାଯାଂ ସତ୍ୟାଂ ବହୁଶୋ ଭୂତଗ୍ରସ୍ତମନୁଜାନ୍ ତସ୍ୟ ସମୀପମ୍ ଆନିନ୍ୟୁଃ ସ ଚ ୱାକ୍ୟେନ ଭୂତାନ୍ ତ୍ୟାଜଯାମାସ, ସର୍ୱ୍ୱପ୍ରକାରପୀଡିତଜନାଂଶ୍ଚ ନିରାମଯାନ୍ ଚକାର;
2808110195	ତସ୍ମାତ୍, ସର୍ୱ୍ୱା ଦୁର୍ବ୍ବଲତାସ୍ମାକଂ ତେନୈୱ ପରିଧାରିତା| ଅସ୍ମାକଂ ସକଲଂ ୱ୍ୟାଧିଂ ସଏୱ ସଂଗୃହୀତୱାନ୍| ଯଦେତଦ୍ୱଚନଂ ଯିଶଯିଯଭୱିଷ୍ୟଦ୍ୱାଦିନୋକ୍ତମାସୀତ୍, ତତ୍ତଦା ସଫଲମଭୱତ୍|
28081200d8	ଅନନ୍ତରଂ ଯୀଶୁଶ୍ଚତୁର୍ଦିକ୍ଷୁ ଜନନିୱହଂ ୱିଲୋକ୍ୟ ତଟିନ୍ୟାଃ ପାରଂ ଯାତୁଂ ଶିଷ୍ୟାନ୍ ଆଦିଦେଶ|
2808130100	ତଦାନୀମ୍ ଏକ ଉପାଧ୍ୟାଯ ଆଗତ୍ୟ କଥିତୱାନ୍, ହେ ଗୁରୋ, ଭୱାନ୍ ଯତ୍ର ଯାସ୍ୟତି ତତ୍ରାହମପି ଭୱତଃ ପଶ୍ଚାଦ୍ ଯାସ୍ୟାମି|
280814017e	ତତୋ ଯୀଶୁ ର୍ଜଗାଦ, କ୍ରୋଷ୍ଟୁଃ ସ୍ଥାତୁଂ ସ୍ଥାନଂ ୱିଦ୍ୟତେ, ୱିହାଯସୋ ୱିହଙ୍ଗମାନାଂ ନୀଡାନି ଚ ସନ୍ତି; କିନ୍ତୁ ମନୁଷ୍ୟପୁତ୍ରସ୍ୟ ଶିରଃ ସ୍ଥାପଯିତୁଂ ସ୍ଥାନଂ ନ ୱିଦ୍ୟତେ|
2808150110	ଅନନ୍ତରମ୍ ଅପର ଏକଃ ଶିଷ୍ୟସ୍ତଂ ବଭାଷେ, ହେ ପ୍ରଭୋ, ପ୍ରଥମତୋ ମମ ପିତରଂ ଶ୍ମଶାନେ ନିଧାତୁଂ ଗମନାର୍ଥଂ ମାମ୍ ଅନୁମନ୍ୟସ୍ୱ|
28081600b6	ତତୋ ଯୀଶୁରୁକ୍ତୱାନ୍ ମୃତା ମୃତାନ୍ ଶ୍ମଶାନେ ନିଦଧତୁ, ତ୍ୱଂ ମମ ପଶ୍ଚାଦ୍ ଆଗଚ୍ଛ|
280817009f	ଅନନ୍ତରଂ ତସ୍ମିନ୍ ନାୱମାରୂଢେ ତସ୍ୟ ଶିଷ୍ୟାସ୍ତତ୍ପଶ୍ଚାତ୍ ଜଗ୍ମୁଃ|
2808180158	ପଶ୍ଚାତ୍ ସାଗରସ୍ୟ ମଧ୍ୟଂ ତେଷୁ ଗତେଷୁ ତାଦୃଶଃ ପ୍ରବଲୋ ଝଞ୍ଭ୍ଶନିଲ ଉଦତିଷ୍ଠତ୍, ଯେନ ମହାତରଙ୍ଗ ଉତ୍ଥାଯ ତରଣିଂ ଛାଦିତୱାନ୍, କିନ୍ତୁ ସ ନିଦ୍ରିତ ଆସୀତ୍|
280819011d	ତଦା ଶିଷ୍ୟା ଆଗତ୍ୟ ତସ୍ୟ ନିଦ୍ରାଭଙ୍ଗଂ କୃତ୍ୱା କଥଯାମାସୁଃ, ହେ ପ୍ରଭୋ, ୱଯଂ ମ୍ରିଯାମହେ, ଭୱାନ୍ ଅସ୍ମାକଂ ପ୍ରାଣାନ୍ ରକ୍ଷତୁ|
28081a0128	ତଦା ସ ତାନ୍ ଉକ୍ତୱାନ୍, ହେ ଅଲ୍ପୱିଶ୍ୱାସିନୋ ଯୂଯଂ କୁତୋ ୱିଭୀଥ? ତତଃ ସ ଉତ୍ଥାଯ ୱାତଂ ସାଗରଞ୍ଚ ତର୍ଜଯାମାସ, ତତୋ ନିର୍ୱ୍ୱାତମଭୱତ୍|
28081b00fd	ଅପରଂ ମନୁଜା ୱିସ୍ମଯଂ ୱିଲୋକ୍ୟ କଥଯାମାସୁଃ, ଅହୋ ୱାତସରିତ୍ପତୀ ଅସ୍ୟ କିମାଜ୍ଞାଗ୍ରାହିଣୌ? କୀଦୃଶୋଽଯଂ ମାନୱଃ|
28081c01f9	ଅନନ୍ତରଂ ସ ପାରଂ ଗତ୍ୱା ଗିଦେରୀଯଦେଶମ୍ ଉପସ୍ଥିତୱାନ୍; ତଦା ଦ୍ୱୌ ଭୂତଗ୍ରସ୍ତମନୁଜୌ ଶ୍ମଶାନସ୍ଥାନାଦ୍ ବହି ର୍ଭୂତ୍ୱା ତଂ ସାକ୍ଷାତ୍ କୃତୱନ୍ତୌ, ତାୱେତାଦୃଶୌ ପ୍ରଚଣ୍ଡାୱାସ୍ତାଂ ଯତ୍ ତେନ ସ୍ଥାନେନ କୋପି ଯାତୁଂ ନାଶକ୍ନୋତ୍|
28081d0167	ତାୱୁଚୈଃ କଥଯାମାସତୁଃ, ହେ ଈଶ୍ୱରସ୍ୟ ସୂନୋ ଯୀଶୋ, ତ୍ୱଯା ସାକମ୍ ଆୱଯୋଃ କଃ ସମ୍ବନ୍ଧଃ? ନିରୂପିତକାଲାତ୍ ପ୍ରାଗେୱ କିମାୱାଭ୍ୟାଂ ଯାତନାଂ ଦାତୁମ୍ ଅତ୍ରାଗତୋସି?
28081e009d	ତଦାନୀଂ ତାଭ୍ୟାଂ କିଞ୍ଚିଦ୍ ଦୂରେ ୱରାହାଣାମ୍ ଏକୋ ମହାୱ୍ରଜୋଽଚରତ୍|
28081f010e	ତତୋ ଭୂତୌ ତୌ ତସ୍ୟାନ୍ତିକେ ୱିନୀଯ କଥଯାମାସତୁଃ, ଯଦ୍ୟାୱାଂ ତ୍ୟାଜଯସି, ତର୍ହି ୱରାହାଣାଂ ମଧ୍ୟେୱ୍ରଜମ୍ ଆୱାଂ ପ୍ରେରଯ|
2808200187	ତଦା ଯୀଶୁରୱଦତ୍ ଯାତଂ, ଅନନ୍ତରଂ ତୌ ଯଦା ମନୁଜୌ ୱିହାଯ ୱରାହାନ୍ ଆଶ୍ରିତୱନ୍ତୌ, ତଦା ତେ ସର୍ୱ୍ୱେ ୱରାହା ଉଚ୍ଚସ୍ଥାନାତ୍ ମହାଜୱେନ ଧାୱନ୍ତଃ ସାଗରୀଯତୋଯେ ମଜ୍ଜନ୍ତୋ ମମ୍ରୁଃ|
28082100fd	ତତୋ ୱରାହରକ୍ଷକାଃ ପଲାଯମାନା ମଧ୍ୟେନଗରଂ ତୌ ଭୂତଗ୍ରସ୍ତୌ ପ୍ରତି ଯଦ୍ୟଦ୍ ଅଘଟତ, ତାଃ ସର୍ୱ୍ୱୱାର୍ତ୍ତା ଅୱଦନ୍|
280822014a	ତତୋ ନାଗରିକାଃ ସର୍ୱ୍ୱେ ମନୁଜା ଯୀଶୁଂ ସାକ୍ଷାତ୍ କର୍ତ୍ତୁଂ ବହିରାଯାତାଃ ତଞ୍ଚ ୱିଲୋକ୍ୟ ପ୍ରାର୍ଥଯାଞ୍ଚକ୍ରିରେ ଭୱାନ୍ ଅସ୍ମାକଂ ସୀମାତୋ ଯାତୁ|
28090100a0	ଅନନ୍ତରଂ ଯୀଶୁ ର୍ନୌକାମାରୁହ୍ୟ ପୁନଃ ପାରମାଗତ୍ୟ ନିଜଗ୍ରାମମ୍ ଆଯଯୌ|
28090201c6	ତତଃ କତିପଯା ଜନା ଏକଂ ପକ୍ଷାଘାତିନଂ ସ୍ୱଟ୍ଟୋପରି ଶାଯଯିତ୍ୱା ତତ୍ସମୀପମ୍ ଆନଯନ୍; ତତୋ ଯୀଶୁସ୍ତେଷାଂ ପ୍ରତୀତିଂ ୱିଜ୍ଞାଯ ତଂ ପକ୍ଷାଘାତିନଂ ଜଗାଦ, ହେ ପୁତ୍ର, ସୁସ୍ଥିରୋ ଭୱ, ତୱ କଲୁଷସ୍ୟ ମର୍ଷଣଂ ଜାତମ୍|
28090300c8	ତାଂ କଥାଂ ନିଶମ୍ୟ କିଯନ୍ତ ଉପାଧ୍ୟାଯା ମନଃସୁ ଚିନ୍ତିତୱନ୍ତ ଏଷ ମନୁଜ ଈଶ୍ୱରଂ ନିନ୍ଦତି|
28090400ec	ତତଃ ସ ତେଷାମ୍ ଏତାଦୃଶୀଂ ଚିନ୍ତାଂ ୱିଜ୍ଞାଯ କଥିତୱାନ୍, ଯୂଯଂ ମନଃସୁ କୃତ ଏତାଦୃଶୀଂ କୁଚିନ୍ତାଂ କୁରୁଥ?
28090500e9	ତୱ ପାପମର୍ଷଣଂ ଜାତଂ, ଯଦ୍ୱା ତ୍ୱମୁତ୍ଥାଯ ଗଚ୍ଛ, ଦ୍ୱଯୋରନଯୋ ର୍ୱାକ୍ୟଯୋଃ କିଂ ୱାକ୍ୟଂ ୱକ୍ତୁଂ ସୁଗମଂ?
2809060184	କିନ୍ତୁ ମେଦିନ୍ୟାଂ କଲୁଷଂ କ୍ଷମିତୁଂ ମନୁଜସୁତସ୍ୟ ସାମର୍ଥ୍ୟମସ୍ତୀତି ଯୂଯଂ ଯଥା ଜାନୀଥ, ତଦର୍ଥଂ ସ ତଂ ପକ୍ଷାଘାତିନଂ ଗଦିତୱାନ୍, ଉତ୍ତିଷ୍ଠ, ନିଜଶଯନୀଯଂ ଆଦାଯ ଗେହଂ ଗଚ୍ଛ|
280907007b	ତତଃ ସ ତତ୍କ୍ଷଣାଦ୍ ଉତ୍ଥାଯ ନିଜଗେହଂ ପ୍ରସ୍ଥିତୱାନ୍|
2809080119	ମାନୱା ଇତ୍ଥଂ ୱିଲୋକ୍ୟ ୱିସ୍ମଯଂ ମେନିରେ, ଈଶ୍ୱରେଣ ମାନୱାଯ ସାମର୍ଥ୍ୟମ୍ ଈଦୃଶଂ ଦତ୍ତଂ ଇତି କାରଣାତ୍ ତଂ ଧନ୍ୟଂ ବଭାଷିରେ ଚ|
28090901a6	ଅନନ୍ତରଂ ଯୀଶୁସ୍ତତ୍ସ୍ଥାନାଦ୍ ଗଚ୍ଛନ୍ ଗଚ୍ଛନ୍ କରସଂଗ୍ରହସ୍ଥାନେ ସମୁପୱିଷ୍ଟଂ ମଥିନାମାନମ୍ ଏକଂ ମନୁଜଂ ୱିଲୋକ୍ୟ ତଂ ବଭାଷେ, ମମ ପଶ୍ଚାଦ୍ ଆଗଚ୍ଛ, ତତଃ ସ ଉତ୍ଥାଯ ତସ୍ୟ ପଶ୍ଚାଦ୍ ୱୱ୍ରାଜ|
28090a013a	ତତଃ ପରଂ ଯୀଶୌ ଗୃହେ ଭୋକ୍ତୁମ୍ ଉପୱିଷ୍ଟେ ବହୱଃ କରସଂଗ୍ରାହିଣଃ କଲୁଷିଣଶ୍ଚ ମାନୱା ଆଗତ୍ୟ ତେନ ସାକଂ ତସ୍ୟ ଶିଷ୍ୟୈଶ୍ଚ ସାକମ୍ ଉପୱିୱିଶୁଃ|
28090b0131	ଫିରୂଶିନସ୍ତଦ୍ ଦୃଷ୍ଟ୍ୱା ତସ୍ୟ ଶିଷ୍ୟାନ୍ ବଭାଷିରେ, ଯୁଷ୍ମାକଂ ଗୁରୁଃ କିଂ ନିମିତ୍ତଂ କରସଂଗ୍ରାହିଭିଃ କଲୁଷିଭିଶ୍ଚ ସାକଂ ଭୁଂକ୍ତେ?
28090c0133	ଯୀଶୁସ୍ତତ୍ ଶ୍ରୁତ୍ୱା ତାନ୍ ପ୍ରତ୍ୟୱଦତ୍, ନିରାମଯଲୋକାନାଂ ଚିକିତ୍ସକେନ ପ୍ରଯୋଜନଂ ନାସ୍ତି, କିନ୍ତୁ ସାମଯଲୋକାନାଂ ପ୍ରଯୋଜନମାସ୍ତେ|
28090d01e9	ଅତୋ ଯୂଯଂ ଯାତ୍ୱା ୱଚନସ୍ୟାସ୍ୟାର୍ଥଂ ଶିକ୍ଷଧ୍ୱମ୍, ଦଯାଯାଂ ମେ ଯଥା ପ୍ରୀତି ର୍ନ ତଥା ଯଜ୍ଞକର୍ମ୍ମଣି| ଯତୋଽହଂ ଧାର୍ମ୍ମିକାନ୍ ଆହ୍ୱାତୁଂ ନାଗତୋଽସ୍ମି କିନ୍ତୁ ମନଃ ପରିୱର୍ତ୍ତଯିତୁଂ ପାପିନ ଆହ୍ୱାତୁମ୍ ଆଗତୋଽସ୍ମି|
28090e013b	ଅନନ୍ତରଂ ଯୋହନଃ ଶିଷ୍ୟାସ୍ତସ୍ୟ ସମୀପମ୍ ଆଗତ୍ୟ କଥଯାମାସୁଃ, ଫିରୂଶିନୋ ୱଯଞ୍ଚ ପୁନଃ ପୁନରୁପୱସାମଃ, କିନ୍ତୁ ତୱ ଶିଷ୍ୟା ନୋପୱସନ୍ତି, କୁତଃ?
28090f01ec	ତଦା ଯୀଶୁସ୍ତାନ୍ ଅୱୋଚତ୍ ଯାୱତ୍ ସଖୀନାଂ ସଂଙ୍ଗେ କନ୍ୟାଯା ୱରସ୍ତିଷ୍ଠତି, ତାୱତ୍ କିଂ ତେ ୱିଲାପଂ କର୍ତ୍ତୁଂ ଶକ୍ଲୁୱନ୍ତି? କିନ୍ତୁ ଯଦା ତେଷାଂ ସଂଙ୍ଗାଦ୍ ୱରଂ ନଯନ୍ତି, ତାଦୃଶଃ ସମଯ ଆଗମିଷ୍ୟତି, ତଦା ତେ ଉପୱତ୍ସ୍ୟନ୍ତି|
280910012b	ପୁରାତନୱସନେ କୋପି ନୱୀନୱସ୍ତ୍ରଂ ନ ଯୋଜଯତି, ଯସ୍ମାତ୍ ତେନ ଯୋଜିତେନ ପୁରାତନୱସନଂ ଛିନତ୍ତି ତଚ୍ଛିଦ୍ରଞ୍ଚ ବହୁକୁତ୍ସିତଂ ଦୃଶ୍ୟତେ|
2809110217	ଅନ୍ୟଞ୍ଚ ପୁରାତନକୁତ୍ୱାଂ କୋପି ନୱାନଗୋସ୍ତନୀରସଂ ନ ନିଦଧାତି, ଯସ୍ମାତ୍ ତଥା କୃତେ କୁତୂ ର୍ୱିଦୀର୍ୟ୍ୟତେ ତେନ ଗୋସ୍ତନୀରସଃ ପତତି କୁତୂଶ୍ଚ ନଶ୍ୟତି; ତସ୍ମାତ୍ ନୱୀନାଯାଂ କୁତ୍ୱାଂ ନୱୀନୋ ଗୋସ୍ତନୀରସଃ ସ୍ଥାପ୍ୟତେ, ତେନ ଦ୍ୱଯୋରୱନଂ ଭୱତି|
2809120191	ଅପରଂ ତେନୈତତ୍କଥାକଥନକାଲେ ଏକୋଽଧିପତିସ୍ତଂ ପ୍ରଣମ୍ୟ ବଭାଷେ, ମମ ଦୁହିତା ପ୍ରାଯେଣୈତାୱତ୍କାଲେ ମୃତା, ତସ୍ମାଦ୍ ଭୱାନାଗତ୍ୟ ତସ୍ୟା ଗାତ୍ରେ ହସ୍ତମର୍ପଯତୁ, ତେନ ସା ଜୀୱିଷ୍ୟତି|
2809130092	ତଦାନୀଂ ଯୀଶୁଃ ଶିଷ୍ୟୈଃ ସାକମ୍ ଉତ୍ଥାଯ ତସ୍ୟ ପଶ୍ଚାଦ୍ ୱୱ୍ରାଜ|
2809140121	ଇତ୍ୟନନ୍ତରେ ଦ୍ୱାଦଶୱତ୍ସରାନ୍ ଯାୱତ୍ ପ୍ରଦରାମଯେନ ଶୀର୍ଣୈକା ନାରୀ ତସ୍ୟ ପଶ୍ଚାଦ୍ ଆଗତ୍ୟ ତସ୍ୟ ୱସନସ୍ୟ ଗ୍ରନ୍ଥିଂ ପସ୍ପର୍ଶ;
28091500f1	ଯସ୍ମାତ୍ ମଯା କେୱଲଂ ତସ୍ୟ ୱସନଂ ସ୍ପୃଷ୍ଟ୍ୱା ସ୍ୱାସ୍ଥ୍ୟଂ ପ୍ରାପ୍ସ୍ୟତେ, ସା ନାରୀତି ମନସି ନିଶ୍ଚିତୱତୀ|
280916017b	ତତୋ ଯୀଶୁର୍ୱଦନଂ ପରାୱର୍ତ୍ତ୍ୟ ତାଂ ଜଗାଦ, ହେ କନ୍ୟେ, ତ୍ୱଂ ସୁସ୍ଥିରା ଭୱ, ତୱ ୱିଶ୍ୱାସସ୍ତ୍ୱାଂ ସ୍ୱସ୍ଥାମକାର୍ଷୀତ୍| ଏତଦ୍ୱାକ୍ୟେ ଗଦିତଏୱ ସା ଯୋଷିତ୍ ସ୍ୱସ୍ଥାଭୂତ୍|
280917010a	ଅପରଂ ଯୀଶୁସ୍ତସ୍ୟାଧ୍ୟକ୍ଷସ୍ୟ ଗେହଂ ଗତ୍ୱା ୱାଦକପ୍ରଭୃତୀନ୍ ବହୂନ୍ ଲୋକାନ୍ ଶବ୍ଦାଯମାନାନ୍ ୱିଲୋକ୍ୟ ତାନ୍ ଅୱଦତ୍,
28091800ce	ପନ୍ଥାନଂ ତ୍ୟଜ, କନ୍ୟେଯଂ ନାମ୍ରିଯତ ନିଦ୍ରିତାସ୍ତେ; କଥାମେତାଂ ଶ୍ରୁତ୍ୱା ତେ ତମୁପଜହସୁଃ|
28091900e6	କିନ୍ତୁ ସର୍ୱ୍ୱେଷୁ ବହିଷ୍କୃତେଷୁ ସୋଽଭ୍ୟନ୍ତରଂ ଗତ୍ୱା କନ୍ୟାଯାଃ କରଂ ଧୃତୱାନ୍, ତେନ ସୋଦତିଷ୍ଠତ୍;
28091a0084	ତତସ୍ତତ୍କର୍ମ୍ମଣୋ ଯଶଃ କୃତ୍ସ୍ନଂ ତଂ ଦେଶଂ ୱ୍ୟାପ୍ତୱତ୍|
28091b0181	ତତଃ ପରଂ ଯୀଶୁସ୍ତସ୍ମାତ୍ ସ୍ଥାନାଦ୍ ଯାତ୍ରାଂ ଚକାର; ତଦା ହେ ଦାଯୂଦଃ ସନ୍ତାନ, ଅସ୍ମାନ୍ ଦଯସ୍ୱ, ଇତି ୱଦନ୍ତୌ ଦ୍ୱୌ ଜନାୱନ୍ଧୌ ପ୍ରୋଚୈରାହୂଯନ୍ତୌ ତତ୍ପଶ୍ଚାଦ୍ ୱୱ୍ରଜତୁଃ|
28091c01d9	ତତୋ ଯୀଶୌ ଗେହମଧ୍ୟଂ ପ୍ରୱିଷ୍ଟଂ ତାୱପି ତସ୍ୟ ସମୀପମ୍ ଉପସ୍ଥିତୱନ୍ତୌ, ତଦାନୀଂ ସ ତୌ ପୃଷ୍ଟୱାନ୍ କର୍ମ୍ମୈତତ୍ କର୍ତ୍ତୁଂ ମମ ସାମର୍ଥ୍ୟମ୍ ଆସ୍ତେ, ଯୁୱାଂ କିମିତି ପ୍ରତୀଥଃ? ତଦା ତୌ ପ୍ରତ୍ୟୂଚତୁଃ, ସତ୍ୟଂ ପ୍ରଭୋ|
28091d0165	ତଦାନୀଂ ସ ତଯୋ ର୍ଲୋଚନାନି ସ୍ପୃଶନ୍ ବଭାଷେ, ଯୁୱଯୋଃ ପ୍ରତୀତ୍ୟନୁସାରାଦ୍ ଯୁୱଯୋ ର୍ମଙ୍ଗଲଂ ଭୂଯାତ୍| ତେନ ତତ୍କ୍ଷଣାତ୍ ତଯୋ ର୍ନେତ୍ରାଣି ପ୍ରସନ୍ନାନ୍ୟଭୱନ୍,
28091e00cf	ପଶ୍ଚାଦ୍ ଯୀଶୁସ୍ତୌ ଦୃଢମାଜ୍ଞାପ୍ୟ ଜଗାଦ, ଅୱଧତ୍ତମ୍ ଏତାଂ କଥାଂ କୋପି ମନୁଜୋ ମ ଜାନୀଯାତ୍|
28091f00c3	କିନ୍ତୁ ତୌ ପ୍ରସ୍ଥାଯ ତସ୍ମିନ୍ କୃତ୍ସ୍ନେ ଦେଶେ ତସ୍ୟ କୀର୍ତ୍ତିଂ ପ୍ରକାଶଯାମାସତୁଃ|
28092000d6	ଅପରଂ ତୌ ବହିର୍ୟାତ ଏତସ୍ମିନ୍ନନ୍ତରେ ମନୁଜା ଏକଂ ଭୂତଗ୍ରସ୍ତମୂକଂ ତସ୍ୟ ସମୀପମ୍ ଆନୀତୱନ୍ତଃ|
2809210133	ତେନ ଭୂତେ ତ୍ୟାଜିତେ ସ ମୂକଃ କଥାଂ କଥଯିତୁଂ ପ୍ରାରଭତ, ତେନ ଜନା ୱିସ୍ମଯଂ ୱିଜ୍ଞାଯ କଥଯାମାସୁଃ, ଇସ୍ରାଯେଲୋ ୱଂଶେ କଦାପି ନେଦୃଗଦୃଶ୍ୟତ;
28092200a3	କିନ୍ତୁ ଫିରୂଶିନଃ କଥଯାଞ୍ଚକ୍ରୁଃ ଭୂତାଧିପତିନା ସ ଭୂତାନ୍ ତ୍ୟାଜଯତି|
280923019a	ତତଃ ପରଂ ଯୀଶୁସ୍ତେଷାଂ ଭଜନଭୱନ ଉପଦିଶନ୍ ରାଜ୍ୟସ୍ୟ ସୁସଂୱାଦଂ ପ୍ରଚାରଯନ୍ ଲୋକାନାଂ ଯସ୍ୟ ଯ ଆମଯୋ ଯା ଚ ପୀଡାସୀତ୍, ତାନ୍ ଶମଯନ୍ ଶମଯଂଶ୍ଚ ସର୍ୱ୍ୱାଣି ନଗରାଣି ଗ୍ରାମାଂଶ୍ଚ ବଭ୍ରାମ|
2809240108	ଅନ୍ୟଞ୍ଚ ମନୁଜାନ୍ ୱ୍ୟାକୁଲାନ୍ ଅରକ୍ଷକମେଷାନିୱ ଚ ତ୍ୟକ୍ତାନ୍ ନିରୀକ୍ଷ୍ୟ ତେଷୁ କାରୁଣିକଃ ସନ୍ ଶିଷ୍ୟାନ୍ ଅୱଦତ୍,
2809250085	ଶସ୍ୟାନି ପ୍ରଚୁରାଣି ସନ୍ତି, କିନ୍ତୁ ଛେତ୍ତାରଃ ସ୍ତୋକାଃ|
28092600b7	କ୍ଷେତ୍ରଂ ପ୍ରତ୍ୟପରାନ୍ ଛେଦକାନ୍ ପ୍ରହେତୁଂ ଶସ୍ୟସ୍ୱାମିନଂ ପ୍ରାର୍ଥଯଧ୍ୱମ୍|
280a010142	ଅନନ୍ତରଂ ଯୀଶୁ ର୍ଦ୍ୱାଦଶଶିଷ୍ୟାନ୍ ଆହୂଯାମେଧ୍ୟଭୂତାନ୍ ତ୍ୟାଜଯିତୁଂ ସର୍ୱ୍ୱପ୍ରକାରରୋଗାନ୍ ପୀଡାଶ୍ଚ ଶମଯିତୁଂ ତେଭ୍ୟଃ ସାମର୍ଥ୍ୟମଦାତ୍|
280a020144	ତେଷାଂ ଦ୍ୱାଦଶପ୍ରେଷ୍ୟାଣାଂ ନାମାନ୍ୟେତାନି| ପ୍ରଥମଂ ଶିମୋନ୍ ଯଂ ପିତରଂ ୱଦନ୍ତି, ତତଃ ପରଂ ତସ୍ୟ ସହଜ ଆନ୍ଦ୍ରିଯଃ, ସିୱଦିଯସ୍ୟ ପୁତ୍ରୋ ଯାକୂବ୍
280a0300cc	ତସ୍ୟ ସହଜୋ ଯୋହନ୍; ଫିଲିପ୍ ବର୍ଥଲମଯ୍ ଥୋମାଃ କରସଂଗ୍ରାହୀ ମଥିଃ, ଆଲ୍ଫେଯପୁତ୍ରୋ ଯାକୂବ୍,
280a0400a6	କିନାନୀଯଃ ଶିମୋନ୍, ଯ ଈଷ୍କରିଯୋତୀଯଯିହୂଦାଃ ଖ୍ରୀଷ୍ଟଂ ପରକରେଽର୍ପଯତ୍|
280a05013f	ଏତାନ୍ ଦ୍ୱାଦଶଶିଷ୍ୟାନ୍ ଯୀଶୁଃ ପ୍ରେଷଯନ୍ ଇତ୍ୟାଜ୍ଞାପଯତ୍, ଯୂଯମ୍ ଅନ୍ୟଦେଶୀଯାନାଂ ପଦୱୀଂ ଶେମିରୋଣୀଯାନାଂ କିମପି ନଗରଞ୍ଚ ନ ପ୍ରୱିଶ୍ୟେ
280a060097	ଇସ୍ରାଯେଲ୍ଗୋତ୍ରସ୍ୟ ହାରିତା ଯେ ଯେ ମେଷାସ୍ତେଷାମେୱ ସମୀପଂ ଯାତ|
280a0700a2	ଗତ୍ୱା ଗତ୍ୱା ସ୍ୱର୍ଗସ୍ୟ ରାଜତ୍ୱଂ ସୱିଧମଭୱତ୍, ଏତାଂ କଥାଂ ପ୍ରଚାରଯତ|
280a080167	ଆମଯଗ୍ରସ୍ତାନ୍ ସ୍ୱସ୍ଥାନ୍ କୁରୁତ, କୁଷ୍ଠିନଃ ପରିଷ୍କୁରୁତ, ମୃତଲୋକାନ୍ ଜୀୱଯତ, ଭୂତାନ୍ ତ୍ୟାଜଯତ, ୱିନା ମୂଲ୍ୟଂ ଯୂଯମ୍ ଅଲଭଧ୍ୱଂ ୱିନୈୱ ମୂଲ୍ୟଂ ୱିଶ୍ରାଣଯତ|
280a0900af	କିନ୍ତୁ ସ୍ୱେଷାଂ କଟିବନ୍ଧେଷୁ ସ୍ୱର୍ଣରୂପ୍ୟତାମ୍ରାଣାଂ କିମପି ନ ଗୃହ୍ଲୀତ|
280a0a013f	ଅନ୍ୟଚ୍ଚ ଯାତ୍ରାଯୈ ଚେଲସମ୍ପୁଟଂ ୱା ଦ୍ୱିତୀଯୱସନଂ ୱା ପାଦୁକେ ୱା ଯଷ୍ଟିଃ, ଏତାନ୍ ମା ଗୃହ୍ଲୀତ, ଯତଃ କାର୍ୟ୍ୟକୃତ୍ ଭର୍ତ୍ତୁଂ ଯୋଗ୍ୟୋ ଭୱତି|
280a0b0104	ଅପରଂ ଯୂଯଂ ଯତ୍ ପୁରଂ ଯଞ୍ଚ ଗ୍ରାମଂ ପ୍ରୱିଶଥ, ତତ୍ର ଯୋ ଜନୋ ଯୋଗ୍ୟପାତ୍ରଂ ତମୱଗତ୍ୟ ଯାନକାଲଂ ଯାୱତ୍ ତତ୍ର ତିଷ୍ଠତ|
280a0c006e	ଯଦା ଯୂଯଂ ତଦ୍ଗେହଂ ପ୍ରୱିଶଥ, ତଦା ତମାଶିଷଂ ୱଦତ|
280a0d00f7	ଯଦି ସ ଯୋଗ୍ୟପାତ୍ରଂ ଭୱତି, ତର୍ହି ତତ୍କଲ୍ୟାଣଂ ତସ୍ମୈ ଭୱିଷ୍ୟତି, ନୋଚେତ୍ ସାଶୀର୍ୟୁଷ୍ମଭ୍ୟମେୱ ଭୱିଷ୍ୟତି|
280a0e0142	କିନ୍ତୁ ଯେ ଜନା ଯୁଷ୍ମାକମାତିଥ୍ୟଂ ନ ୱିଦଧତି ଯୁଷ୍ମାକଂ କଥାଞ୍ଚ ନ ଶୃଣ୍ୱନ୍ତି ତେଷାଂ ଗେହାତ୍ ପୁରାଦ୍ୱା ପ୍ରସ୍ଥାନକାଲେ ସ୍ୱପଦୂଲୀଃ ପାତଯତ|
280a0f00ed	ଯୁଷ୍ମାନହଂ ତଥ୍ୟଂ ୱଚ୍ମି ୱିଚାରଦିନେ ତତ୍ପୁରସ୍ୟ ଦଶାତଃ ସିଦୋମମୋରାପୁରଯୋର୍ଦଶା ସହ୍ୟତରା ଭୱିଷ୍ୟତି|
280a100116	ପଶ୍ୟତ, ୱୃକଯୂଥମଧ୍ୟେ ମେଷଃ ଯଥାୱିସ୍ତଥା ଯୁଷ୍ମାନ ପ୍ରହିଣୋମି, ତସ୍ମାଦ୍ ଯୂଯମ୍ ଅହିରିୱ ସତର୍କାଃ କପୋତାଇୱାହିଂସକା ଭୱତ|
280a1100ec	ନୃଭ୍ୟଃ ସାୱଧାନା ଭୱତ; ଯତସ୍ତୈ ର୍ୟୂଯଂ ରାଜସଂସଦି ସମର୍ପିଷ୍ୟଧ୍ୱେ ତେଷାଂ ଭଜନଗେହେ ପ୍ରହାରିଷ୍ୟଧ୍ୱେ|
280a1200f7	ଯୂଯଂ ମନ୍ନାମହେତୋଃ ଶାସ୍ତୃଣାଂ ରାଜ୍ଞାଞ୍ଚ ସମକ୍ଷଂ ତାନନ୍ୟଦେଶିନଶ୍ଚାଧି ସାକ୍ଷିତ୍ୱାର୍ଥମାନେଷ୍ୟଧ୍ୱେ|
280a13017b	କିନ୍ତ୍ୱିତ୍ଥଂ ସମର୍ପିତା ଯୂଯଂ କଥଂ କିମୁତ୍ତରଂ ୱକ୍ଷ୍ୟଥ ତତ୍ର ମା ଚିନ୍ତଯତ, ଯତସ୍ତଦା ଯୁଷ୍ମାଭି ର୍ୟଦ୍ ୱକ୍ତୱ୍ୟଂ ତତ୍ ତଦ୍ଦଣ୍ଡେ ଯୁଷ୍ମନ୍ମନଃ ସୁ ସମୁପସ୍ଥାସ୍ୟତି|
280a1400b8	ଯସ୍ମାତ୍ ତଦା ଯୋ ୱକ୍ଷ୍ୟତି ସ ନ ଯୂଯଂ କିନ୍ତୁ ଯୁଷ୍ମାକମନ୍ତରସ୍ଥଃ ପିତ୍ରାତ୍ମା|
280a1500fc	ସହଜଃ ସହଜଂ ତାତଃ ସୁତଞ୍ଚ ମୃତୌ ସମର୍ପଯିଷ୍ୟତି, ଅପତ୍ୟାଗି ସ୍ୱସ୍ୱପିତ୍ରୋ ର୍ୱିପକ୍ଷୀଭୂଯ ତୌ ଘାତଯିଷ୍ୟନ୍ତି|
280a160124	ମନ୍ନମହେତୋଃ ସର୍ୱ୍ୱେ ଜନା ଯୁଷ୍ମାନ୍ ଋତୀଯିଷ୍ୟନ୍ତେ, କିନ୍ତୁ ଯଃ ଶେଷଂ ଯାୱଦ୍ ଧୈର୍ୟ୍ୟଂ ଘୃତ୍ୱା ସ୍ଥାସ୍ୟତି, ସ ତ୍ରାଯିଷ୍ୟତେ|
280a1701ad	ତୈ ର୍ୟଦା ଯୂଯମେକପୁରେ ତାଡିଷ୍ୟଧ୍ୱେ, ତଦା ଯୂଯମନ୍ୟପୁରଂ ପଲାଯଧ୍ୱଂ ଯୁଷ୍ମାନହଂ ତଥ୍ୟଂ ୱଚ୍ମି ଯାୱନ୍ମନୁଜସୁତୋ ନୈତି ତାୱଦ୍ ଇସ୍ରାଯେଲ୍ଦେଶୀଯସର୍ୱ୍ୱନଗରଭ୍ରମଣଂ ସମାପଯିତୁଂ ନ ଶକ୍ଷ୍ୟଥ|
280a18006e	ଗୁରୋଃ ଶିଷ୍ୟୋ ନ ମହାନ୍, ପ୍ରଭୋର୍ଦାସୋ ନ ମହାନ୍|
280a19016d	ଯଦି ଶିଷ୍ୟୋ ନିଜଗୁରୋ ର୍ଦାସଶ୍ଚ ସ୍ୱପ୍ରଭୋଃ ସମାନୋ ଭୱତି ତର୍ହି ତଦ୍ ଯଥେଷ୍ଟଂ| ଚେତ୍ତୈର୍ଗୃହପତିର୍ଭୂତରାଜ ଉଚ୍ୟତେ, ତର୍ହି ପରିୱାରାଃ କିଂ ତଥା ନ ୱକ୍ଷ୍ୟନ୍ତେ?
280a1a0152	କିନ୍ତୁ ତେଭ୍ୟୋ ଯୂଯଂ ମା ବିଭୀତ, ଯତୋ ଯନ୍ନ ପ୍ରକାଶିଷ୍ୟତେ, ତାଦୃକ୍ ଛାଦିତଂ କିମପି ନାସ୍ତି, ଯଚ୍ଚ ନ ୱ୍ୟଞ୍ଚିଷ୍ୟତେ, ତାଦୃଗ୍ ଗୁପ୍ତଂ କିମପି ନାସ୍ତି|
280a1b011c	ଯଦହଂ ଯୁଷ୍ମାନ୍ ତମସି ୱଚ୍ମି ତଦ୍ ଯୁଷ୍ମାଭିର୍ଦୀପ୍ତୌ କଥ୍ୟତାଂ; କର୍ଣାଭ୍ୟାଂ ଯତ୍ ଶ୍ରୂଯତେ ତଦ୍ ଗେହୋପରି ପ୍ରଚାର୍ୟ୍ୟତାଂ|
280a1c010c	ଯେ କାଯଂ ହନ୍ତୁଂ ଶକ୍ନୁୱନ୍ତି ନାତ୍ମାନଂ, ତେଭ୍ୟୋ ମା ଭୈଷ୍ଟ; ଯଃ କାଯାତ୍ମାନୌ ନିରଯେ ନାଶଯିତୁଂ, ଶକ୍ନୋତି, ତତୋ ବିଭୀତ|
280a1d0100	ଦ୍ୱୌ ଚଟକୌ କିମେକତାମ୍ରମୁଦ୍ରଯା ନ ୱିକ୍ରୀଯେତେ? ତଥାପି ଯୁଷ୍ମତ୍ତାତାନୁମତିଂ ୱିନା ତେଷାମେକୋପି ଭୁୱି ନ ପତତି|
280a1e006a	ଯୁଷ୍ମଚ୍ଛିରସାଂ ସର୍ୱ୍ୱକଚା ଗଣିତାଂଃ ସନ୍ତି|
280a1f0070	ଅତୋ ମା ବିଭୀତ, ଯୂଯଂ ବହୁଚଟକେଭ୍ୟୋ ବହୁମୂଲ୍ୟାଃ|
280a2000bb	ଯୋ ମନୁଜସାକ୍ଷାନ୍ମାମଙ୍ଗୀକୁରୁତେ ତମହଂ ସ୍ୱର୍ଗସ୍ଥତାତସାକ୍ଷାଦଙ୍ଗୀକରିଷ୍ୟେ|
280a2100ba	ପୃଥ୍ୱ୍ୟାମହଂ ଶାନ୍ତିଂ ଦାତୁମାଗତଇତି ମାନୁଭୱତ, ଶାନ୍ତିଂ ଦାତୁଂ ନ କିନ୍ତ୍ୱସିଂ|
280a2200a6	ପିତୃମାତୃଶ୍ଚଶ୍ରୂଭିଃ ସାକଂ ସୁତସୁତାବଧୂ ର୍ୱିରୋଧଯିତୁଞ୍ଚାଗତେସ୍ମି|
280a230061	ତତଃ ସ୍ୱସ୍ୱପରିୱାରଏୱ ନୃଶତ୍ରୁ ର୍ଭୱିତା|
280a24007c	ଯଃ ପିତରି ମାତରି ୱା ମତ୍ତୋଧିକଂ ପ୍ରୀଯତେ, ସ ନ ମଦର୍ହଃ;
280a25008e	ଯଶ୍ଚ ସୁତେ ସୁତାଯାଂ ୱା ମତ୍ତୋଧିକଂ ପ୍ରୀଯତେ, ସେପି ନ ମଦର୍ହଃ|
280a260089	ଯଃ ସ୍ୱକ୍ରୁଶଂ ଗୃହ୍ଲନ୍ ମତ୍ପଶ୍ଚାନ୍ନୈତି, ସେପି ନ ମଦର୍ହଃ|
280a2700d4	ଯଃ ସ୍ୱପ୍ରାଣାନୱତି, ସ ତାନ୍ ହାରଯିଷ୍ୟତେ, ଯସ୍ତୁ ମତ୍କୃତେ ସ୍ୱପ୍ରାଣାନ୍ ହାରଯତି, ସ ତାନୱତି|
280a280117	ଯୋ ଯୁଷ୍ମାକମାତିଥ୍ୟଂ ୱିଦଧାତି, ସ ମମାତିଥ୍ୟଂ ୱିଦଧାତି, ଯଶ୍ଚ ମମାତିଥ୍ୟଂ ୱିଦଧାତି, ସ ମତ୍ପ୍ରେରକସ୍ୟାତିଥ୍ୟଂ ୱିଦଧାତି|
280a2901bc	ଯୋ ଭୱିଷ୍ୟଦ୍ୱାଦୀତି ଜ୍ଞାତ୍ୱା ତସ୍ୟାତିଥ୍ୟଂ ୱିଧତ୍ତେ, ସ ଭୱିଷ୍ୟଦ୍ୱାଦିନଃ ଫଲଂ ଲପ୍ସ୍ୟତେ, ଯଶ୍ଚ ଧାର୍ମ୍ମିକ ଇତି ୱିଦିତ୍ୱା ତସ୍ୟାତିଥ୍ୟଂ ୱିଧତ୍ତେ ସ ଧାର୍ମ୍ମିକମାନୱସ୍ୟ ଫଲଂ ପ୍ରାପ୍ସ୍ୟତି|
280a2a01a1	ଯଶ୍ଚ କଶ୍ଚିତ୍ ଏତେଷାଂ କ୍ଷୁଦ୍ରନରାଣାମ୍ ଯଂ କଞ୍ଚନୈକଂ ଶିଷ୍ୟ ଇତି ୱିଦିତ୍ୱା କଂସୈକଂ ଶୀତଲସଲିଲଂ ତସ୍ମୈ ଦତ୍ତେ, ଯୁଷ୍ମାନହଂ ତଥ୍ୟଂ ୱଦାମି, ସ କେନାପି ପ୍ରକାରେଣ ଫଲେନ ନ ୱଞ୍ଚିଷ୍ୟତେ|
280b01012b	ଇତ୍ଥଂ ଯୀଶୁଃ ସ୍ୱଦ୍ୱାଦଶଶିଷ୍ୟାଣାମାଜ୍ଞାପନଂ ସମାପ୍ୟ ପୁରେ ପୁର ଉପଦେଷ୍ଟୁଂ ସୁସଂୱାଦଂ ପ୍ରଚାରଯିତୁଂ ତତ୍ସ୍ଥାନାତ୍ ପ୍ରତସ୍ଥେ|
280b020166	ଅନନ୍ତରଂ ଯୋହନ୍ କାରାଯାଂ ତିଷ୍ଠନ୍ ଖ୍ରିଷ୍ଟସ୍ୟ କର୍ମ୍ମଣାଂ ୱାର୍ତ୍ତଂ ପ୍ରାପ୍ୟ ଯସ୍ୟାଗମନୱାର୍ତ୍ତାସୀତ୍ ସଏୱ କିଂ ତ୍ୱଂ? ୱା ୱଯମନ୍ୟମ୍ ଅପେକ୍ଷିଷ୍ୟାମହେ?
280b030072	ଏତତ୍ ପ୍ରଷ୍ଟୁଂ ନିଜୌ ଦ୍ୱୌ ଶିଷ୍ୟୌ ପ୍ରାହିଣୋତ୍|
280b0401bd	ଯୀଶୁଃ ପ୍ରତ୍ୟୱୋଚତ୍, ଅନ୍ଧା ନେତ୍ରାଣି ଲଭନ୍ତେ, ଖଞ୍ଚା ଗଚ୍ଛନ୍ତି, କୁଷ୍ଠିନଃ ସ୍ୱସ୍ଥା ଭୱନ୍ତି, ବଧିରାଃ ଶୃଣ୍ୱନ୍ତି, ମୃତା ଜୀୱନ୍ତ ଉତ୍ତିଷ୍ଠନ୍ତି, ଦରିଦ୍ରାଣାଂ ସମୀପେ ସୁସଂୱାଦଃ ପ୍ରଚାର୍ୟ୍ୟତ,
280b0500b1	ଏତାନି ଯଦ୍ୟଦ୍ ଯୁୱାଂ ଶୃଣୁଥଃ ପଶ୍ୟଥଶ୍ଚ ଗତ୍ୱା ତଦ୍ୱାର୍ତ୍ତାଂ ଯୋହନଂ ଗଦତଂ|
280b060057	ଯସ୍ୟାହଂ ନ ୱିଘ୍ନୀଭୱାମି, ସଏୱ ଧନ୍ୟଃ|
280b070160	ଅନନ୍ତରଂ ତଯୋଃ ପ୍ରସ୍ଥିତଯୋ ର୍ୟୀଶୁ ର୍ୟୋହନମ୍ ଉଦ୍ଦିଶ୍ୟ ଜନାନ୍ ଜଗାଦ, ଯୂଯଂ କିଂ ଦ୍ରଷ୍ଟୁଂ ୱହିର୍ମଧ୍ୟେପ୍ରାନ୍ତରମ୍ ଅଗଚ୍ଛତ? କିଂ ୱାତେନ କମ୍ପିତଂ ନଲଂ?
280b080144	ୱା କିଂ ୱୀକ୍ଷିତୁଂ ୱହିର୍ଗତୱନ୍ତଃ? କିଂ ପରିହିତସୂକ୍ଷ୍ମୱସନଂ ମନୁଜମେକଂ? ପଶ୍ୟତ, ଯେ ସୂକ୍ଷ୍ମୱସନାନି ପରିଦଧତି, ତେ ରାଜଧାନ୍ୟାଂ ତିଷ୍ଠନ୍ତି|
280b090126	ତର୍ହି ଯୂଯଂ କିଂ ଦ୍ରଷ୍ଟୁଂ ବହିରଗମତ, କିମେକଂ ଭୱିଷ୍ୟଦ୍ୱାଦିନଂ? ତଦେୱ ସତ୍ୟଂ| ଯୁଷ୍ମାନହଂ ୱଦାମି, ସ ଭୱିଷ୍ୟଦ୍ୱାଦିନୋପି ମହାନ୍;
280b0a0153	ଯତଃ, ପଶ୍ୟ ସ୍ୱକୀଯଦୂତୋଯଂ ତ୍ୱଦଗ୍ରେ ପ୍ରେଷ୍ୟତେ ମଯା| ସ ଗତ୍ୱା ତୱ ପନ୍ଥାନଂ ସ୍ମଯକ୍ ପରିଷ୍କରିଷ୍ୟତି|| ଏତଦ୍ୱଚନଂ ଯମଧି ଲିଖିତମାସ୍ତେ ସୋଽଯଂ ଯୋହନ୍|
280b0b017c	ଅପରଂ ଯୁଷ୍ମାନହଂ ତଥ୍ୟଂ ବ୍ରୱୀମି, ମଜ୍ଜଯିତୁ ର୍ୟୋହନଃ ଶ୍ରେଷ୍ଠଃ କୋପି ନାରୀତୋ ନାଜାଯତ; ତଥାପି ସ୍ୱର୍ଗରାଜ୍ୟମଧ୍ୟେ ସର୍ୱ୍ୱେଭ୍ୟୋ ଯଃ କ୍ଷୁଦ୍ରଃ ସ ଯୋହନଃ ଶ୍ରେଷ୍ଠଃ|
280b0c0101	ଅପରଞ୍ଚ ଆ ଯୋହନୋଽଦ୍ୟ ଯାୱତ୍ ସ୍ୱର୍ଗରାଜ୍ୟଂ ବଲାଦାକ୍ରାନ୍ତଂ ଭୱତି ଆକ୍ରମିନଶ୍ଚ ଜନା ବଲେନ ତଦଧିକୁର୍ୱ୍ୱନ୍ତି|
280b0d00bf	ଯତୋ ଯୋହନଂ ଯାୱତ୍ ସର୍ୱ୍ୱଭୱିଷ୍ୟଦ୍ୱାଦିଭି ର୍ୱ୍ୟୱସ୍ଥଯା ଚ ଉପଦେଶଃ ପ୍ରାକାଶ୍ୟତ|
280b0e00e5	ଯଦି ଯୂଯମିଦଂ ୱାକ୍ୟଂ ଗ୍ରହୀତୁଂ ଶକ୍ନୁଥ, ତର୍ହି ଶ୍ରେଯଃ, ଯସ୍ୟାଗମନସ୍ୟ ୱଚନମାସ୍ତେ ସୋଽଯମ୍ ଏଲିଯଃ|
280b0f0057	ଯସ୍ୟ ଶ୍ରୋତୁଂ କର୍ଣୌ ସ୍ତଃ ସ ଶୃଣୋତୁ|
280b1000e5	ଏତେ ୱିଦ୍ୟମାନଜନାଃ କୈ ର୍ମଯୋପମୀଯନ୍ତେ? ଯେ ବାଲକା ହଟ୍ଟ ଉପୱିଶ୍ୟ ସ୍ୱଂ ସ୍ୱଂ ବନ୍ଧୁମାହୂଯ ୱଦନ୍ତି,
280b110169	ୱଯଂ ଯୁଷ୍ମାକଂ ସମୀପେ ୱଂଶୀରୱାଦଯାମ, କିନ୍ତୁ ଯୂଯଂ ନାନୃତ୍ୟତ; ଯୁଷ୍ମାକଂ ସମୀପେ ଚ ୱଯମରୋଦିମ, କିନ୍ତୁ ଯୂଯଂ ନ ୱ୍ୟଲପତ, ତାଦୃଶୈ ର୍ବାଲକୈସ୍ତ ଉପମାଯିଷ୍ୟନ୍ତେ|
280b1200c0	ଯତୋ ଯୋହନ୍ ଆଗତ୍ୟ ନ ଭୁକ୍ତୱାନ୍ ନ ପୀତୱାଂଶ୍ଚ, ତେନ ଲୋକା ୱଦନ୍ତି, ସ ଭୂତଗ୍ରସ୍ତ ଇତି|
280b13018f	ମନୁଜସୁତ ଆଗତ୍ୟ ଭୁକ୍ତୱାନ୍ ପୀତୱାଂଶ୍ଚ, ତେନ ଲୋକା ୱଦନ୍ତି, ପଶ୍ୟତ ଏଷ ଭୋକ୍ତା ମଦ୍ୟପାତା ଚଣ୍ଡାଲପାପିନାଂ ବନ୍ଧଶ୍ଚ, କିନ୍ତୁ ଜ୍ଞାନିନୋ ଜ୍ଞାନୱ୍ୟୱହାରଂ ନିର୍ଦୋଷଂ ଜାନନ୍ତି|
280b140150	ସ ଯତ୍ର ଯତ୍ର ପୁରେ ବହ୍ୱାଶ୍ଚର୍ୟ୍ୟଂ କର୍ମ୍ମ କୃତୱାନ୍, ତନ୍ନିୱାସିନାଂ ମନଃପରାୱୃତ୍ତ୍ୟଭାୱାତ୍ ତାନି ନଗରାଣି ପ୍ରତି ହନ୍ତେତ୍ୟୁକ୍ତା କଥିତୱାନ୍,
280b1501e8	ହା କୋରାସୀନ୍, ହା ବୈତ୍ସୈଦେ, ଯୁଷ୍ମନ୍ମଧ୍ୟେ ଯଦ୍ୟଦାଶ୍ଚର୍ୟ୍ୟଂ କର୍ମ୍ମ କୃତଂ ଯଦି ତତ୍ ସୋରସୀଦୋନ୍ନଗର ଅକାରିଷ୍ୟତ, ତର୍ହି ପୂର୍ୱ୍ୱମେୱ ତନ୍ନିୱାସିନଃ ଶାଣୱସନେ ଭସ୍ମନି ଚୋପୱିଶନ୍ତୋ ମନାଂସି ପରାୱର୍ତ୍ତିଷ୍ୟନ୍ତ|
280b1600e3	ତସ୍ମାଦହଂ ଯୁଷ୍ମାନ୍ ୱଦାମି, ୱିଚାରଦିନେ ଯୁଷ୍ମାକଂ ଦଶାତଃ ସୋରସୀଦୋନୋ ର୍ଦଶା ସହ୍ୟତରା ଭୱିଷ୍ୟତି|
280b1701f3	ଅପରଞ୍ଚ ବତ କଫର୍ନାହୂମ୍, ତ୍ୱଂ ସ୍ୱର୍ଗଂ ଯାୱଦୁନ୍ନତୋସି, କିନ୍ତୁ ନରକେ ନିକ୍ଷେପ୍ସ୍ୟସେ, ଯସ୍ମାତ୍ ତ୍ୱଯି ଯାନ୍ୟାଶ୍ଚର୍ୟ୍ୟାଣି କର୍ମ୍ମଣ୍ୟକାରିଷତ, ଯଦି ତାନି ସିଦୋମ୍ନଗର ଅକାରିଷ୍ୟନ୍ତ, ତର୍ହି ତଦଦ୍ୟ ଯାୱଦସ୍ଥାସ୍ୟତ୍|
280b1800ce	କିନ୍ତ୍ୱହଂ ଯୁଷ୍ମାନ୍ ୱଦାମି, ୱିଚାରଦିନେ ତୱ ଦଣ୍ଡତଃ ସିଦୋମୋ ଦଣ୍ଡୋ ସହ୍ୟତରୋ ଭୱିଷ୍ୟତି|
280b1901de	ଏତସ୍ମିନ୍ନେୱ ସମଯେ ଯୀଶୁଃ ପୁନରୁୱାଚ, ହେ ସ୍ୱର୍ଗପୃଥିୱ୍ୟୋରେକାଧିପତେ ପିତସ୍ତ୍ୱଂ ଜ୍ଞାନୱତୋ ୱିଦୁଷଶ୍ଚ ଲୋକାନ୍ ପ୍ରତ୍ୟେତାନି ନ ପ୍ରକାଶ୍ୟ ବାଲକାନ୍ ପ୍ରତି ପ୍ରକାଶିତୱାନ୍, ଇତି ହେତୋସ୍ତ୍ୱାଂ ଧନ୍ୟଂ ୱଦାମି|
280b1a0077	ହେ ପିତଃ, ଇତ୍ଥଂ ଭୱେତ୍ ଯତ ଇଦଂ ତ୍ୱଦୃଷ୍ଟାୱୁତ୍ତମଂ|
280b1b0184	ପିତ୍ରା ମଯି ସର୍ୱ୍ୱାଣି ସମର୍ପିତାନି, ପିତରଂ ୱିନା କୋପି ପୁତ୍ରଂ ନ ଜାନାତି, ଯାନ୍ ପ୍ରତି ପୁତ୍ରେଣ ପିତା ପ୍ରକାଶ୍ୟତେ ତାନ୍ ୱିନା ପୁତ୍ରାଦ୍ ଅନ୍ୟଃ କୋପି ପିତରଂ ନ ଜାନାତି|
280b1c00f8	ହେ ପରିଶ୍ରାନ୍ତା ଭାରାକ୍ରାନ୍ତାଶ୍ଚ ଲୋକା ଯୂଯଂ ମତ୍ସନ୍ନିଧିମ୍ ଆଗଚ୍ଛତ, ଅହଂ ଯୁଷ୍ମାନ୍ ୱିଶ୍ରମଯିଷ୍ୟାମି|
280b1d014b	ଅହଂ କ୍ଷମଣଶୀଲୋ ନମ୍ରମନାଶ୍ଚ, ତସ୍ମାତ୍ ମମ ଯୁଗଂ ସ୍ୱେଷାମୁପରି ଧାରଯତ ମତ୍ତଃ ଶିକ୍ଷଧ୍ୱଞ୍ଚ, ତେନ ଯୂଯଂ ସ୍ୱେ ସ୍ୱେ ମନସି ୱିଶ୍ରାମଂ ଲପ୍ସ୍ୟଧ୍ବେ|
280b1e005e	ଯତୋ ମମ ଯୁଗମ୍ ଅନାଯାସଂ ମମ ଭାରଶ୍ଚ ଲଘୁଃ|
280c01014b	ଅନନ୍ତରଂ ଯୀଶୁ ର୍ୱିଶ୍ରାମୱାରେ ଶ୍ସ୍ୟମଧ୍ୟେନ ଗଚ୍ଛତି, ତଦା ତଚ୍ଛିଷ୍ୟା ବୁଭୁକ୍ଷିତାଃ ସନ୍ତଃ ଶ୍ସ୍ୟମଞ୍ଜରୀଶ୍ଛତ୍ୱା ଛିତ୍ୱା ଖାଦିତୁମାରଭନ୍ତ|
280c020113	ତଦ୍ ୱିଲୋକ୍ୟ ଫିରୂଶିନୋ ଯୀଶୁଂ ଜଗଦୁଃ, ପଶ୍ୟ ୱିଶ୍ରାମୱାରେ ଯତ୍ କର୍ମ୍ମାକର୍ତ୍ତୱ୍ୟଂ ତଦେୱ ତୱ ଶିଷ୍ୟାଃ କୁର୍ୱ୍ୱନ୍ତି|
280c03011c	ସ ତାନ୍ ପ୍ରତ୍ୟାୱଦତ, ଦାଯୂଦ୍ ତତ୍ସଙ୍ଗିନଶ୍ଚ ବୁଭୁକ୍ଷିତାଃ ସନ୍ତୋ ଯତ୍ କର୍ମ୍ମାକୁର୍ୱ୍ୱନ୍ ତତ୍ କିଂ ଯୁଷ୍ମାଭି ର୍ନାପାଠି?
280c040119	ଯେ ଦର୍ଶନୀଯାଃ ପୂପାଃ ଯାଜକାନ୍ ୱିନା ତସ୍ୟ ତତ୍ସଙ୍ଗିମନୁଜାନାଞ୍ଚାଭୋଜନୀଯାସ୍ତ ଈଶ୍ୱରାୱାସଂ ପ୍ରୱିଷ୍ଟେନ ତେନ ଭୁକ୍ତାଃ|
280c050162	ଅନ୍ୟଚ୍ଚ ୱିଶ୍ରାମୱାରେ ମଧ୍ୟେମନ୍ଦିରଂ ୱିଶ୍ରାମୱାରୀଯଂ ନିଯମଂ ଲଙ୍ୱନ୍ତୋପି ଯାଜକା ନିର୍ଦୋଷା ଭୱନ୍ତି, ଶାସ୍ତ୍ରମଧ୍ୟେ କିମିଦମପି ଯୁଷ୍ମାଭି ର୍ନ ପଠିତଂ?
280c060099	ଯୁଷ୍ମାନହଂ ୱଦାମି, ଅତ୍ର ସ୍ଥାନେ ମନ୍ଦିରାଦପି ଗରୀଯାନ୍ ଏକ ଆସ୍ତେ|
280c070149	କିନ୍ତୁ ଦଯାଯାଂ ମେ ଯଥା ପ୍ରୀତି ର୍ନ ତଥା ଯଜ୍ଞକର୍ମ୍ମଣି| ଏତଦ୍ୱଚନସ୍ୟାର୍ଥଂ ଯଦି ଯୁଯମ୍ ଅଜ୍ଞାସିଷ୍ଟ ତର୍ହି ନିର୍ଦୋଷାନ୍ ଦୋଷିଣୋ ନାକାର୍ଷ୍ଟ|
280c08007c	ଅନ୍ୟଚ୍ଚ ମନୁଜସୁତୋ ୱିଶ୍ରାମୱାରସ୍ୟାପି ପତିରାସ୍ତେ|
280c09010e	ଅନନ୍ତରଂ ସ ତତ୍ସ୍ଥାନାତ୍ ପ୍ରସ୍ଥାଯ ତେଷାଂ ଭଜନଭୱନଂ ପ୍ରୱିଷ୍ଟୱାନ୍, ତଦାନୀମ୍ ଏକଃ ଶୁଷ୍କକରାମଯୱାନ୍ ଉପସ୍ଥିତୱାନ୍|
280c0a00c8	ତତୋ ଯୀଶୁମ୍ ଅପୱଦିତୁଂ ମାନୁଷାଃ ପପ୍ରଚ୍ଛୁଃ, ୱିଶ୍ରାମୱାରେ ନିରାମଯତ୍ୱଂ କରଣୀଯଂ ନ ୱା?
280c0b0155	ତେନ ସ ପ୍ରତ୍ୟୁୱାଚ, ୱିଶ୍ରାମୱାରେ ଯଦି କସ୍ୟଚିଦ୍ ଅୱି ର୍ଗର୍ତ୍ତେ ପତତି, ତର୍ହି ଯସ୍ତଂ ଘୃତ୍ୱା ନ ତୋଲଯତି, ଏତାଦୃଶୋ ମନୁଜୋ ଯୁଷ୍ମାକଂ ମଧ୍ୟେ କ ଆସ୍ତେ?
280c0c00b5	ଅୱେ ର୍ମାନୱଃ କିଂ ନହି ଶ୍ରେଯାନ୍? ଅତୋ ୱିଶ୍ରାମୱାରେ ହିତକର୍ମ୍ମ କର୍ତ୍ତୱ୍ୟଂ|
280c0d00e0	ଅନନ୍ତରଂ ସ ତଂ ମାନୱଂ ଗଦିତୱାନ୍, କରଂ ପ୍ରସାରଯ; ତେନ କରେ ପ୍ରସାରିତେ ସୋନ୍ୟକରୱତ୍ ସ୍ୱସ୍ଥୋଽଭୱତ୍|
280c0e00d6	ତଦା ଫିରୂଶିନୋ ବହିର୍ଭୂଯ କଥଂ ତଂ ହନିଷ୍ୟାମ ଇତି କୁମନ୍ତ୍ରଣାଂ ତତ୍ପ୍ରାତିକୂଲ୍ୟେନ ଚକ୍ରୁଃ|
280c0f0138	ତତୋ ଯୀଶୁସ୍ତଦ୍ ୱିଦିତ୍ୱା ସ୍ଥନାନ୍ତରଂ ଗତୱାନ୍; ଅନ୍ୟେଷୁ ବହୁନରେଷୁ ତତ୍ପଶ୍ଚାଦ୍ ଗତେଷୁ ତାନ୍ ସ ନିରାମଯାନ୍ କୃତ୍ୱା ଇତ୍ୟାଜ୍ଞାପଯତ୍,
280c100034	ଯୂଯଂ ମାଂ ନ ପରିଚାଯଯତ|
280c1101c2	ତସ୍ମାତ୍ ମମ ପ୍ରୀଯୋ ମନୋନୀତୋ ମନସସ୍ତୁଷ୍ଟିକାରକଃ| ମଦୀଯଃ ସେୱକୋ ଯସ୍ତୁ ୱିଦ୍ୟତେ ତଂ ସମୀକ୍ଷତାଂ| ତସ୍ୟୋପରି ସ୍ୱକୀଯାତ୍ମା ମଯା ସଂସ୍ଥାପଯିଷ୍ୟତେ| ତେନାନ୍ୟଦେଶଜାତେଷୁ ୱ୍ୟୱସ୍ଥା ସଂପ୍ରକାଶ୍ୟତେ|
280c1200b8	କେନାପି ନ ୱିରୋଧଂ ସ ୱିୱାଦଞ୍ଚ କରିଷ୍ୟତି| ନ ଚ ରାଜପଥେ ତେନ ୱଚନଂ ଶ୍ରାୱଯିଷ୍ୟତେ|
280c130146	ୱ୍ୟୱସ୍ଥା ଚଲିତା ଯାୱତ୍ ନହି ତେନ କରିଷ୍ୟତେ| ତାୱତ୍ ନଲୋ ୱିଦୀର୍ଣୋଽପି ଭଂକ୍ଷ୍ୟତେ ନହି ତେନ ଚ| ତଥା ସଧୂମୱର୍ତ୍ତିଞ୍ଚ ନ ସ ନିର୍ୱ୍ୱାପଯିଷ୍ୟତେ|
280c140082	ପ୍ରତ୍ୟାଶାଞ୍ଚ କରିଷ୍ୟନ୍ତି ତନ୍ନାମ୍ନି ଭିନ୍ନଦେଶଜାଃ|
280c1500cd	ଯାନ୍ୟେତାନି ୱଚନାନି ଯିଶଯିଯଭୱିଷ୍ୟଦ୍ୱାଦିନା ପ୍ରୋକ୍ତାନ୍ୟାସନ୍, ତାନି ସଫଲାନ୍ୟଭୱନ୍|
280c160144	ଅନନ୍ତରଂ ଲୋକୈ ସ୍ତତ୍ସମୀପମ୍ ଆନୀତୋ ଭୂତଗ୍ରସ୍ତାନ୍ଧମୂକୈକମନୁଜସ୍ତେନ ସ୍ୱସ୍ଥୀକୃତଃ, ତତଃ ସୋଽନ୍ଧୋ ମୂକୋ ଦ୍ରଷ୍ଟୁଂ ୱକ୍ତୁଞ୍ଚାରବ୍ଧୱାନ୍|
280c1700ac	ଅନେନ ସର୍ୱ୍ୱେ ୱିସ୍ମିତାଃ କଥଯାଞ୍ଚକ୍ରୁଃ, ଏଷଃ କିଂ ଦାଯୂଦଃ ସନ୍ତାନୋ ନହି?
280c18011a	କିନ୍ତୁ ଫିରୂଶିନସ୍ତତ୍ ଶ୍ରୁତ୍ୱା ଗଦିତୱନ୍ତଃ, ବାଲ୍ସିବୂବ୍ନାମ୍ନୋ ଭୂତରାଜସ୍ୟ ସାହାଯ୍ୟଂ ୱିନା ନାଯଂ ଭୂତାନ୍ ତ୍ୟାଜଯତି|
280c1901e8	ତଦାନୀଂ ଯୀଶୁସ୍ତେଷାମ୍ ଇତି ମାନସଂ ୱିଜ୍ଞାଯ ତାନ୍ ଅୱଦତ୍ କିଞ୍ଚନ ରାଜ୍ୟଂ ଯଦି ସ୍ୱୱିପକ୍ଷାଦ୍ ଭିଦ୍ୟତେ, ତର୍ହି ତତ୍ ଉଚ୍ଛିଦ୍ୟତେ; ଯଚ୍ଚ କିଞ୍ଚନ ନଗରଂ ୱା ଗୃହଂ ସ୍ୱୱିପକ୍ଷାଦ୍ ୱିଭିଦ୍ୟତେ, ତତ୍ ସ୍ଥାତୁଂ ନ ଶକ୍ନୋତି|
280c1a0125	ତଦ୍ୱତ୍ ଶଯତାନୋ ଯଦି ଶଯତାନଂ ବହିଃ କୃତ୍ୱା ସ୍ୱୱିପକ୍ଷାତ୍ ପୃଥକ୍ ପୃଥକ୍ ଭୱତି, ତର୍ହି ତସ୍ୟ ରାଜ୍ୟଂ କେନ ପ୍ରକାରେଣ ସ୍ଥାସ୍ୟତି?
280c1b0174	ଅହଞ୍ଚ ଯଦି ବାଲ୍ସିବୂବା ଭୂତାନ୍ ତ୍ୟାଜଯାମି, ତର୍ହି ଯୁଷ୍ମାକଂ ସନ୍ତାନାଃ କେନ ଭୂତାନ୍ ତ୍ୟାଜଯନ୍ତି? ତସ୍ମାଦ୍ ଯୁଷ୍ମାକମ୍ ଏତଦ୍ୱିଚାରଯିତାରସ୍ତ ଏୱ ଭୱିଷ୍ୟନ୍ତି|
280c1c00ed	କିନ୍ତୱହଂ ଯଦୀଶ୍ୱରାତ୍ମନା ଭୂତାନ୍ ତ୍ୟାଜଯାମି, ତର୍ହୀଶ୍ୱରସ୍ୟ ରାଜ୍ୟଂ ଯୁଷ୍ମାକଂ ସନ୍ନିଧିମାଗତୱତ୍|
280c1d01b2	ଅନ୍ୟଞ୍ଚ କୋପି ବଲୱନ୍ତ ଜନଂ ପ୍ରଥମତୋ ନ ବଦ୍ୱ୍ୱା କେନ ପ୍ରକାରେଣ ତସ୍ୟ ଗୃହଂ ପ୍ରୱିଶ୍ୟ ତଦ୍ଦ୍ରୱ୍ୟାଦି ଲୋଠଯିତୁଂ ଶକ୍ନୋତି? କିନ୍ତୁ ତତ୍ କୃତ୍ୱା ତଦୀଯଗୃସ୍ୟ ଦ୍ରୱ୍ୟାଦି ଲୋଠଯିତୁଂ ଶକ୍ନୋତି|
280c1e00dd	ଯଃ କଶ୍ଚିତ୍ ମମ ସ୍ୱପକ୍ଷୀଯୋ ନହି ସ ୱିପକ୍ଷୀଯ ଆସ୍ତେ, ଯଶ୍ଚ ମଯା ସାକଂ ନ ସଂଗୃହ୍ଲାତି, ସ ୱିକିରତି|
280c1f019b	ଅତଏୱ ଯୁଷ୍ମାନହଂ ୱଦାମି, ମନୁଜାନାଂ ସର୍ୱ୍ୱପ୍ରକାରପାପାନାଂ ନିନ୍ଦାଯାଶ୍ଚ ମର୍ଷଣଂ ଭୱିତୁଂ ଶକ୍ନୋତି, କିନ୍ତୁ ପୱିତ୍ରସ୍ୟାତ୍ମନୋ ୱିରୁଦ୍ଧନିନ୍ଦାଯା ମର୍ଷଣଂ ଭୱିତୁଂ ନ ଶକ୍ନୋତି|
280c2001e4	ଯୋ ମନୁଜସୁତସ୍ୟ ୱିରୁଦ୍ଧାଂ କଥାଂ କଥଯତି, ତସ୍ୟାପରାଧସ୍ୟ କ୍ଷମା ଭୱିତୁଂ ଶକ୍ନୋତି, କିନ୍ତୁ ଯଃ କଶ୍ଚିତ୍ ପୱିତ୍ରସ୍ୟାତ୍ମନୋ ୱିରୁଦ୍ଧାଂ କଥାଂ କଥଯତି ନେହଲୋକେ ନ ପ୍ରେତ୍ୟ ତସ୍ୟାପରାଧସ୍ୟ କ୍ଷମା ଭୱିତୁଂ ଶକ୍ନୋତି|
280c210179	ପାଦପଂ ଯଦି ଭଦ୍ରଂ ୱଦଥ, ତର୍ହି ତସ୍ୟ ଫଲମପି ସାଧୁ ୱକ୍ତୱ୍ୟଂ, ଯଦି ଚ ପାଦପଂ ଅସାଧୁଂ ୱଦଥ, ତର୍ହି ତସ୍ୟ ଫଲମପ୍ୟସାଧୁ ୱକ୍ତୱ୍ୟଂ; ଯତଃ ସ୍ୱୀଯସ୍ୱୀଯଫଲେନ ପାଦପଃ ପରିଚୀଯତେ|
280c220148	ରେ ଭୁଜଗୱଂଶା ଯୂଯମସାଧୱଃ ସନ୍ତଃ କଥଂ ସାଧୁ ୱାକ୍ୟଂ ୱକ୍ତୁଂ ଶକ୍ଷ୍ୟଥ? ଯସ୍ମାଦ୍ ଅନ୍ତଃକରଣସ୍ୟ ପୂର୍ଣଭାୱାନୁସାରାଦ୍ ୱଦନାଦ୍ ୱଚୋ ନିର୍ଗଚ୍ଛତି|
280c23016c	ତେନ ସାଧୁର୍ମାନୱୋଽନ୍ତଃକରଣରୂପାତ୍ ସାଧୁଭାଣ୍ଡାଗାରାତ୍ ସାଧୁ ଦ୍ରୱ୍ୟଂ ନିର୍ଗମଯତି, ଅସାଧୁର୍ମାନୁଷସ୍ତ୍ୱସାଧୁଭାଣ୍ଡାଗାରାଦ୍ ଅସାଧୁୱସ୍ତୂନି ନିର୍ଗମଯତି|
280c2400fe	କିନ୍ତ୍ୱହଂ ଯୁଷ୍ମାନ୍ ୱଦାମି, ମନୁଜା ଯାୱନ୍ତ୍ୟାଲସ୍ୟୱଚାଂସି ୱଦନ୍ତି, ୱିଚାରଦିନେ ତଦୁତ୍ତରମୱଶ୍ୟଂ ଦାତୱ୍ୟଂ,
280c2500ae	ଯତସ୍ତ୍ୱଂ ସ୍ୱୀଯୱଚୋଭି ର୍ନିରପରାଧଃ ସ୍ୱୀଯୱଚୋଭିଶ୍ଚ ସାପରାଧୋ ଗଣିଷ୍ୟସେ|
280c2600eb	ତଦାନୀଂ କତିପଯା ଉପାଧ୍ୟାଯାଃ ଫିରୂଶିନଶ୍ଚ ଜଗଦୁଃ, ହେ ଗୁରୋ ୱଯଂ ଭୱତ୍ତଃ କିଞ୍ଚନ ଲକ୍ଷ୍ମ ଦିଦୃକ୍ଷାମଃ|
280c270183	ତଦା ସ ପ୍ରତ୍ୟୁକ୍ତୱାନ୍, ଦୁଷ୍ଟୋ ୱ୍ୟଭିଚାରୀ ଚ ୱଂଶୋ ଲକ୍ଷ୍ମ ମୃଗଯତେ, କିନ୍ତୁ ଭୱିଷ୍ୟଦ୍ୱାଦିନୋ ଯୂନସୋ ଲକ୍ଷ୍ମ ୱିହାଯାନ୍ୟତ୍ କିମପି ଲକ୍ଷ୍ମ ତେ ନ ପ୍ରଦର୍ଶଯିଷ୍ୟନ୍ତେ|
280c280130	ଯତୋ ଯୂନମ୍ ଯଥା ତ୍ର୍ୟହୋରାତ୍ରଂ ବୃହନ୍ମୀନସ୍ୟ କୁକ୍ଷାୱାସୀତ୍, ତଥା ମନୁଜପୁତ୍ରୋପି ତ୍ର୍ୟହୋରାତ୍ରଂ ମେଦିନ୍ୟା ମଧ୍ୟେ ସ୍ଥାସ୍ୟତି|
280c2901db	ଅପରଂ ନୀନିୱୀଯା ମାନୱା ୱିଚାରଦିନ ଏତଦ୍ୱଂଶୀଯାନାଂ ପ୍ରତିକୂଲମ୍ ଉତ୍ଥାଯ ତାନ୍ ଦୋଷିଣଃ କରିଷ୍ୟନ୍ତି, ଯସ୍ମାତ୍ତେ ଯୂନସ ଉପଦେଶାତ୍ ମନାଂସି ପରାୱର୍ତ୍ତଯାଞ୍ଚକ୍ରିରେ, କିନ୍ତ୍ୱତ୍ର ଯୂନସୋପି ଗୁରୁତର ଏକ ଆସ୍ତେ|
280c2a0221	ପୁନଶ୍ଚ ଦକ୍ଷିଣଦେଶୀଯା ରାଜ୍ଞୀ ୱିଚାରଦିନ ଏତଦ୍ୱଂଶୀଯାନାଂ ପ୍ରତିକୂଲମୁତ୍ଥାଯ ତାନ୍ ଦୋଷିଣଃ କରିଷ୍ୟତି ଯତଃ ସା ରାଜ୍ଞୀ ସୁଲେମନୋ ୱିଦ୍ୟାଯାଃ କଥାଂ ଶ୍ରୋତୁଂ ମେଦିନ୍ୟାଃ ସୀମ୍ନ ଆଗଚ୍ଛତ୍, କିନ୍ତୁ ସୁଲେମନୋପି ଗୁରୁତର ଏକୋ ଜନୋଽତ୍ର ଆସ୍ତେ|
280c2b0182	ଅପରଂ ମନୁଜାଦ୍ ବହିର୍ଗତୋ ଽପୱିତ୍ରଭୂତଃ ଶୁଷ୍କସ୍ଥାନେନ ଗତ୍ୱା ୱିଶ୍ରାମଂ ଗୱେଷଯତି, କିନ୍ତୁ ତଦଲଭମାନଃ ସ ୱକ୍ତି, ଯସ୍ମା; ନିକେତନାଦ୍ ଆଗମଂ, ତଦେୱ ୱେଶ୍ମ ପକାୱୃତ୍ୟ ଯାମି|
280c2c0154	ପଶ୍ଚାତ୍ ସ ତତ୍ ସ୍ଥାନମ୍ ଉପସ୍ଥାଯ ତତ୍ ଶୂନ୍ୟଂ ମାର୍ଜ୍ଜିତଂ ଶୋଭିତଞ୍ଚ ୱିଲୋକ୍ୟ ୱ୍ରଜନ୍ ସ୍ୱତୋପି ଦୁଷ୍ଟତରାନ୍ ଅନ୍ୟସପ୍ତଭୂତାନ୍ ସଙ୍ଗିନଃ କରୋତି|
280c2d0158	ତତସ୍ତେ ତତ୍ ସ୍ଥାନଂ ପ୍ରୱିଶ୍ୟ ନିୱସନ୍ତି, ତେନ ତସ୍ୟ ମନୁଜସ୍ୟ ଶେଷଦଶା ପୂର୍ୱ୍ୱଦଶାତୋତୀୱାଶୁଭା ଭୱତି, ଏତେଷାଂ ଦୁଷ୍ଟୱଂଶ୍ୟାନାମପି ତଥୈୱ ଘଟିଷ୍ୟତେ|
280c2e0123	ମାନୱେଭ୍ୟ ଏତାସାଂ କଥନାଂ କଥନକାଲେ ତସ୍ୟ ମାତା ସହଜାଶ୍ଚ ତେନ ସାକଂ କାଞ୍ଚିତ୍ କଥାଂ କଥଯିତୁଂ ୱାଞ୍ଛନ୍ତୋ ବହିରେୱ ସ୍ଥିତୱନ୍ତଃ|
280c2f0118	ତତଃ କଶ୍ଚିତ୍ ତସ୍ମୈ କଥିତୱାନ୍, ପଶ୍ୟ ତୱ ଜନନୀ ସହଜାଶ୍ଚ ତ୍ୱଯା ସାକଂ କାଞ୍ଚନ କଥାଂ କଥଯିତୁଂ କାମଯମାନା ବହିସ୍ତିଷ୍ଠନ୍ତି|
280c30007f	କିନ୍ତୁ ସ ତଂ ପ୍ରତ୍ୟୱଦତ୍, ମମ କା ଜନନୀ? କେ ୱା ମମ ସହଜାଃ?
280c3100c9	ପଶ୍ଚାତ୍ ଶିଷ୍ୟାନ୍ ପ୍ରତି କରଂ ପ୍ରସାର୍ୟ୍ୟ କଥିତୱାନ୍, ପଶ୍ୟ ମମ ଜନନୀ ମମ ସହଜାଶ୍ଚୈତେ;
280c3200d4	ଯଃ କଶ୍ଚିତ୍ ମମ ସ୍ୱର୍ଗସ୍ଥସ୍ୟ ପିତୁରିଷ୍ଟଂ କର୍ମ୍ମ କୁରୁତେ, ସଏୱ ମମ ଭ୍ରାତା ଭଗିନୀ ଜନନୀ ଚ|
280d0100ae	ଅପରଞ୍ଚ ତସ୍ମିନ୍ ଦିନେ ଯୀଶୁଃ ସଦ୍ମନୋ ଗତ୍ୱା ସରିତ୍ପତେ ରୋଧସି ସମୁପୱିୱେଶ|
280d0200ff	ତତ୍ର ତତ୍ସନ୍ନିଧୌ ବହୁଜନାନାଂ ନିୱହୋପସ୍ଥିତେଃ ସ ତରଣିମାରୁହ୍ୟ ସମୁପାୱିଶତ୍, ତେନ ମାନୱା ରୋଧସି ସ୍ଥିତୱନ୍ତଃ|
280d030107	ତଦାନୀଂ ସ ଦୃଷ୍ଟାନ୍ତୈସ୍ତାନ୍ ଇତ୍ଥଂ ବହୁଶ ଉପଦିଷ୍ଟୱାନ୍| ପଶ୍ୟତ, କଶ୍ଚିତ୍ କୃଷୀୱଲୋ ବୀଜାନି ୱପ୍ତୁଂ ବହିର୍ଜଗାମ,
280d0400c7	ତସ୍ୟ ୱପନକାଲେ କତିପଯବୀଜେଷୁ ମାର୍ଗପାର୍ଶ୍ୱେ ପତିତେଷୁ ୱିହଗାସ୍ତାନି ଭକ୍ଷିତୱନ୍ତଃ|
280d0500f4	ଅପରଂ କତିପଯବୀଜେଷୁ ସ୍ତୋକମୃଦ୍ୟୁକ୍ତପାଷାଣେ ପତିତେଷୁ ମୃଦଲ୍ପତ୍ୱାତ୍ ତତ୍କ୍ଷଣାତ୍ ତାନ୍ୟଙ୍କୁରିତାନି,
280d0600b9	କିନ୍ତୁ ରୱାୱୁଦିତେ ଦଗ୍ଧାନି ତେଷାଂ ମୂଲାପ୍ରୱିଷ୍ଟତ୍ୱାତ୍ ଶୁଷ୍କତାଂ ଗତାନି ଚ|
280d0700c5	ଅପରଂ କତିପଯବୀଜେଷୁ କଣ୍ଟକାନାଂ ମଧ୍ୟେ ପତିତେଷୁ କଣ୍ଟକାନ୍ୟେଧିତ୍ୱା ତାନି ଜଗ୍ରସୁଃ|
280d080168	ଅପରଞ୍ଚ କତିପଯବୀଜାନି ଉର୍ୱ୍ୱରାଯାଂ ପତିତାନି; ତେଷାଂ ମଧ୍ୟେ କାନିଚିତ୍ ଶତଗୁଣାନି କାନିଚିତ୍ ଷଷ୍ଟିଗୁଣାନି କାନିଚିତ୍ ତ୍ରିଂଶଗୁଂଣାନି ଫଲାନି ଫଲିତୱନ୍ତି|
280d090063	ଶ୍ରୋତୁଂ ଯସ୍ୟ ଶ୍ରୁତୀ ଆସାତେ ସ ଶୃଣୁଯାତ୍|
280d0a00c3	ଅନନ୍ତରଂ ଶିଷ୍ୟୈରାଗତ୍ୟ ସୋଽପୃଚ୍ଛ୍ୟତ, ଭୱତା ତେଭ୍ୟଃ କୁତୋ ଦୃଷ୍ଟାନ୍ତକଥା କଥ୍ୟତେ?
280d0b0110	ତତଃ ସ ପ୍ରତ୍ୟୱଦତ୍, ସ୍ୱର୍ଗରାଜ୍ୟସ୍ୟ ନିଗୂଢାଂ କଥାଂ ୱେଦିତୁଂ ଯୁଷ୍ମଭ୍ୟଂ ସାମର୍ଥ୍ୟମଦାଯି, କିନ୍ତୁ ତେଭ୍ୟୋ ନାଦାଯି|
280d0c01ad	ଯସ୍ମାଦ୍ ଯସ୍ୟାନ୍ତିକେ ୱର୍ଦ୍ଧତେ, ତସ୍ମାଯେୱ ଦାଯିଷ୍ୟତେ, ତସ୍ମାତ୍ ତସ୍ୟ ବାହୁଲ୍ୟଂ ଭୱିଷ୍ୟତି, କିନ୍ତୁ ଯସ୍ୟାନ୍ତିକେ ନ ୱର୍ଦ୍ଧତେ, ତସ୍ୟ ଯତ୍ କିଞ୍ଚନାସ୍ତେ, ତଦପି ତସ୍ମାଦ୍ ଆଦାଯିଷ୍ୟତେ|
280d0d0133	ତେ ପଶ୍ୟନ୍ତୋପି ନ ପଶ୍ୟନ୍ତି, ଶୃଣ୍ୱନ୍ତୋପି ନ ଶୃଣ୍ୱନ୍ତି, ବୁଧ୍ୟମାନା ଅପି ନ ବୁଧ୍ୟନ୍ତେ ଚ, ତସ୍ମାତ୍ ତେଭ୍ୟୋ ଦୃଷ୍ଟାନ୍ତକଥା କଥ୍ୟତେ|
280d0e03c2	ଯଥା କର୍ଣୈଃ ଶ୍ରୋଷ୍ୟଥ ଯୂଯଂ ୱୈ କିନ୍ତୁ ଯୂଯଂ ନ ଭୋତ୍ସ୍ୟଥ| ନେତ୍ରୈର୍ଦ୍ରକ୍ଷ୍ୟଥ ଯୂଯଞ୍ଚ ପରିଜ୍ଞାତୁଂ ନ ଶକ୍ଷ୍ୟଥ| ତେ ମାନୁଷା ଯଥା ନୈୱ ପରିପଶ୍ୟନ୍ତି ଲୋଚନୈଃ| କର୍ଣୈ ର୍ୟଥା ନ ଶୃଣ୍ୱନ୍ତି ନ ବୁଧ୍ୟନ୍ତେ ଚ ମାନସୈଃ| ୱ୍ୟାୱର୍ତ୍ତିତେଷୁ ଚିତ୍ତେଷୁ କାଲେ କୁତ୍ରାପି ତୈର୍ଜନୈଃ| ମତ୍ତସ୍ତେ ମନୁଜାଃ ସ୍ୱସ୍ଥା ଯଥା ନୈୱ ଭୱନ୍ତି ଚ| ତଥା ତେଷାଂ ମନୁଷ୍ୟାଣାଂ କ୍ରିଯନ୍ତେ ସ୍ଥୂଲବୁଦ୍ଧଯଃ| ବଧିରୀଭୂତକର୍ଣାଶ୍ଚ ଜାତାଶ୍ଚ ମୁଦ୍ରିତା ଦୃଶଃ|
280d0f00b2	ଯଦେତାନି ୱଚନାନି ଯିଶଯିଯଭୱିଷ୍ୟଦ୍ୱାଦିନା ପ୍ରୋକ୍ତାନି ତେଷୁ ତାନି ଫଲନ୍ତି|
280d100123	କିନ୍ତୁ ଯୁଷ୍ମାକଂ ନଯନାନି ଧନ୍ୟାନି, ଯସ୍ମାତ୍ ତାନି ୱୀକ୍ଷନ୍ତେ; ଧନ୍ୟାଶ୍ଚ ଯୁଷ୍ମାକଂ ଶବ୍ଦଗ୍ରହାଃ, ଯସ୍ମାତ୍ ତୈରାକର୍ଣ୍ୟତେ|
280d110205	ମଯା ଯୂଯଂ ତଥ୍ୟଂ ୱଚାମି ଯୁଷ୍ମାଭି ର୍ୟଦ୍ୟଦ୍ ୱୀକ୍ଷ୍ୟତେ, ତଦ୍ ବହୱୋ ଭୱିଷ୍ୟଦ୍ୱାଦିନୋ ଧାର୍ମ୍ମିକାଶ୍ଚ ମାନୱା ଦିଦୃକ୍ଷନ୍ତୋପି ଦ୍ରଷ୍ଟୁଂ ନାଲଭନ୍ତ, ପୁନଶ୍ଚ ଯୂଯଂ ଯଦ୍ୟତ୍ ଶୃଣୁଥ, ତତ୍ ତେ ଶୁଶ୍ରୂଷମାଣା ଅପି ଶ୍ରୋତୁଂ ନାଲଭନ୍ତ|
280d12005c	କୃଷୀୱଲୀଯଦୃଷ୍ଟାନ୍ତସ୍ୟାର୍ଥଂ ଶୃଣୁତ|
280d13016a	ମାର୍ଗପାର୍ଶ୍ୱେ ବୀଜାନ୍ୟୁପ୍ତାନି ତସ୍ୟାର୍ଥ ଏଷଃ, ଯଦା କଶ୍ଚିତ୍ ରାଜ୍ୟସ୍ୟ କଥାଂ ନିଶମ୍ୟ ନ ବୁଧ୍ୟତେ, ତଦା ପାପାତ୍ମାଗତ୍ୟ ତଦୀଯମନସ ଉପ୍ତାଂ କଥାଂ ହରନ୍ ନଯତି|
280d1400f5	ଅପରଂ ପାଷାଣସ୍ଥଲେ ବୀଜାନ୍ୟୁପ୍ତାନି ତସ୍ୟାର୍ଥ ଏଷଃ; କଶ୍ଚିତ୍ କଥାଂ ଶ୍ରୁତ୍ୱୈୱ ହର୍ଷଚିତ୍ତେନ ଗୃହ୍ଲାତି,
280d1501a6	କିନ୍ତୁ ତସ୍ୟ ମନସି ମୂଲାପ୍ରୱିଷ୍ଟତ୍ୱାତ୍ ସ କିଞ୍ଚିତ୍କାଲମାତ୍ରଂ ସ୍ଥିରସ୍ତିଷ୍ଠତି; ପଶ୍ଚାତ ତତ୍କଥାକାରଣାତ୍ କୋପି କ୍ଲେସ୍ତାଡନା ୱା ଚେତ୍ ଜାଯତେ, ତର୍ହି ସ ତତ୍କ୍ଷଣାଦ୍ ୱିଘ୍ନମେତି|
280d160179	ଅପରଂ କଣ୍ଟକାନାଂ ମଧ୍ୟେ ବୀଜାନ୍ୟୁପ୍ତାନି ତଦର୍ଥ ଏଷଃ; କେନଚିତ୍ କଥାଯାଂ ଶ୍ରୁତାଯାଂ ସାଂସାରିକଚିନ୍ତାଭି ର୍ଭ୍ରାନ୍ତିଭିଶ୍ଚ ସା ଗ୍ରସ୍ୟତେ, ତେନ ସା ମା ୱିଫଲା ଭୱତି|
280d1701bb	ଅପରମ୍ ଉର୍ୱ୍ୱରାଯାଂ ବୀଜାନ୍ୟୁପ୍ତାନି ତଦର୍ଥ ଏଷଃ; ଯେ ତାଂ କଥାଂ ଶ୍ରୁତ୍ୱା ୱୁଧ୍ୟନ୍ତେ, ତେ ଫଲିତାଃ ସନ୍ତଃ କେଚିତ୍ ଶତଗୁଣାନି କେଚିତ ଷଷ୍ଟିଗୁଣାନି କେଚିଚ୍ଚ ତ୍ରିଂଶଦ୍ଗୁଣାନି ଫଲାନି ଜନଯନ୍ତି|
280d18019a	ଅନନ୍ତରଂ ସୋପରାମେକାଂ ଦୃଷ୍ଟାନ୍ତକଥାମୁପସ୍ଥାପ୍ୟ ତେଭ୍ୟଃ କଥଯାମାସ; ସ୍ୱର୍ଗୀଯରାଜ୍ୟଂ ତାଦୃଶେନ କେନଚିଦ୍ ଗୃହସ୍ଥେନୋପମୀଯତେ, ଯେନ ସ୍ୱୀଯକ୍ଷେତ୍ରେ ପ୍ରଶସ୍ତବୀଜାନ୍ୟୌପ୍ୟନ୍ତ|
280d190128	କିନ୍ତୁ କ୍ଷଣଦାଯାଂ ସକଲଲୋକେଷୁ ସୁପ୍ତେଷୁ ତସ୍ୟ ରିପୁରାଗତ୍ୟ ତେଷାଂ ଗୋଧୂମବୀଜାନାଂ ମଧ୍ୟେ ୱନ୍ୟଯୱମବୀଜାନ୍ୟୁପ୍ତ୍ୱା ୱୱ୍ରାଜ|
280d1a00eb	ତତୋ ଯଦା ବୀଜେଭ୍ୟୋଽଙ୍କରା ଜାଯମାନାଃ କଣିଶାନି ଘୃତୱନ୍ତଃ; ତଦା ୱନ୍ୟଯୱସାନ୍ୟପି ଦୃଶ୍ୟମାନାନ୍ୟଭୱନ୍|
280d1b014f	ତତୋ ଗୃହସ୍ଥସ୍ୟ ଦାସେଯା ଆଗମ୍ୟ ତସ୍ମୈ କଥଯାଞ୍ଚକ୍ରୁଃ, ହେ ମହେଚ୍ଛ, ଭୱତା କିଂ କ୍ଷେତ୍ରେ ଭଦ୍ରବୀଜାନି ନୌପ୍ୟନ୍ତ? ତଥାତ୍ୱେ ୱନ୍ୟଯୱସାନି କୃତ ଆଯନ୍?
280d1c0160	ତଦାନୀଂ ତେନ ତେ ପ୍ରତିଗଦିତାଃ, କେନଚିତ୍ ରିପୁଣା କର୍ମ୍ମଦମକାରି| ଦାସେଯାଃ କଥଯାମାସୁଃ, ୱଯଂ ଗତ୍ୱା ତାନ୍ୟୁତ୍ପାଯ୍ୟ କ୍ଷିପାମୋ ଭୱତଃ କୀଦୃଶୀଚ୍ଛା ଜାଯତେ?
280d1d00f4	ତେନାୱାଦି, ନହି, ଶଙ୍କେଽହଂ ୱନ୍ୟଯୱସୋତ୍ପାଟନକାଲେ ଯୁଷ୍ମାଭିସ୍ତୈଃ ସାକଂ ଗୋଧୂମା ଅପ୍ୟୁତ୍ପାଟିଷ୍ୟନ୍ତେ|
280d1e025e	ଅତଃ ଶ୍ସ୍ୟକର୍ତ୍ତନକାଲଂ ଯାୱଦ୍ ଉଭଯାନ୍ୟପି ସହ ୱର୍ଦ୍ଧନ୍ତାଂ, ପଶ୍ଚାତ୍ କର୍ତ୍ତନକାଲେ କର୍ତ୍ତକାନ୍ ୱକ୍ଷ୍ୟାମି, ଯୂଯମାଦୌ ୱନ୍ୟଯୱସାନି ସଂଗୃହ୍ୟ ଦାହଯିତୁଂ ୱୀଟିକା ବଦ୍ୱ୍ୱା ସ୍ଥାପଯତ; କିନ୍ତୁ ସର୍ୱ୍ୱେ ଗୋଧୂମା ଯୁଷ୍ମାଭି ର୍ଭାଣ୍ଡାଗାରଂ ନୀତ୍ୱା ସ୍ଥାପ୍ୟନ୍ତାମ୍|
280d1f012a	ଅନନ୍ତରଂ ସୋପରାମେକାଂ ଦୃଷ୍ଟାନ୍ତକଥାମୁତ୍ଥାପ୍ୟ ତେଭ୍ୟଃ କଥିତୱାନ୍ କଶ୍ଚିନ୍ମନୁଜଃ ସର୍ଷପବୀଜମେକଂ ନୀତ୍ୱା ସ୍ୱକ୍ଷେତ୍ର ଉୱାପ|
280d2001f0	ସର୍ଷପବୀଜଂ ସର୍ୱ୍ୱସ୍ମାଦ୍ ବୀଜାତ୍ କ୍ଷୁଦ୍ରମପି ସଦଙ୍କୁରିତଂ ସର୍ୱ୍ୱସ୍ମାତ୍ ଶାକାତ୍ ବୃହଦ୍ ଭୱତି; ସ ତାଦୃଶସ୍ତରୁ ର୍ଭୱତି, ଯସ୍ୟ ଶାଖାସୁ ନଭସଃ ଖଗା ଆଗତ୍ୟ ନିୱସନ୍ତି; ସ୍ୱର୍ଗୀଯରାଜ୍ୟଂ ତାଦୃଶସ୍ୟ ସର୍ଷପୈକସ୍ୟ ସମମ୍|
280d2101f3	ପୁନରପି ସ ଉପମାକଥାମେକାଂ ତେଭ୍ୟଃ କଥଯାଞ୍ଚକାର; କାଚନ ଯୋଷିତ୍ ଯତ୍ କିଣ୍ୱମାଦାଯ ଦ୍ରୋଣତ୍ରଯମିତଗୋଧୂମଚୂର୍ଣାନାଂ ମଧ୍ୟେ ସର୍ୱ୍ୱେଷାଂ ମିଶ୍ରୀଭୱନପର୍ୟ୍ୟନ୍ତଂ ସମାଚ୍ଛାଦ୍ୟ ନିଧତ୍ତୱତୀ, ତତ୍କିଣ୍ୱମିୱ ସ୍ୱର୍ଗରାଜ୍ୟଂ|
280d220128	ଇତ୍ଥଂ ଯୀଶୁ ର୍ମନୁଜନିୱହାନାଂ ସନ୍ନିଧାୱୁପମାକଥାଭିରେତାନ୍ୟାଖ୍ୟାନାନି କଥିତୱାନ୍ ଉପମାଂ ୱିନା ତେଭ୍ୟଃ କିମପି କଥାଂ ନାକଥଯତ୍|
280d230186	ଏତେନ ଦୃଷ୍ଟାନ୍ତୀଯେନ ୱାକ୍ୟେନ ୱ୍ୟାଦାଯ ୱଦନଂ ନିଜଂ| ଅହଂ ପ୍ରକାଶଯିଷ୍ୟାମି ଗୁପ୍ତୱାକ୍ୟଂ ପୁରାଭୱଂ| ଯଦେତଦ୍ୱଚନଂ ଭୱିଷ୍ୟଦ୍ୱାଦିନା ପ୍ରୋକ୍ତମାସୀତ୍, ତତ୍ ସିଦ୍ଧମଭୱତ୍|
280d240191	ସର୍ୱ୍ୱାନ୍ ମନୁଜାନ୍ ୱିସୃଜ୍ୟ ଯୀଶୌ ଗୃହଂ ପ୍ରୱିଷ୍ଟେ ତଚ୍ଛିଷ୍ୟା ଆଗତ୍ୟ ଯୀଶୱେ କଥିତୱନ୍ତଃ, କ୍ଷେତ୍ରସ୍ୟ ୱନ୍ୟଯୱସୀଯଦୃଷ୍ଟାନ୍ତକଥାମ୍ ଭୱାନ ଅସ୍ମାନ୍ ସ୍ପଷ୍ଟୀକୃତ୍ୟ ୱଦତୁ|
280d250095	ତତଃ ସ ପ୍ରତ୍ୟୁୱାଚ, ଯେନ ଭଦ୍ରବୀଜାନ୍ୟୁପ୍ୟନ୍ତେ ସ ମନୁଜପୁତ୍ରଃ,
280d260078	କ୍ଷେତ୍ରଂ ଜଗତ୍, ଭଦ୍ରବୀଜାନୀ ରାଜ୍ୟସ୍ୟ ସନ୍ତାନାଃ,
280d270136	ୱନ୍ୟଯୱସାନି ପାପାତ୍ମନଃ ସନ୍ତାନାଃ| ଯେନ ରିପୁଣା ତାନ୍ୟୁପ୍ତାନି ସ ଶଯତାନଃ, କର୍ତ୍ତନସମଯଶ୍ଚ ଜଗତଃ ଶେଷଃ, କର୍ତ୍ତକାଃ ସ୍ୱର୍ଗୀଯଦୂତାଃ|
280d280099	ଯଥା ୱନ୍ୟଯୱସାନି ସଂଗୃହ୍ୟ ଦାହ୍ୟନ୍ତେ, ତଥା ଜଗତଃ ଶେଷେ ଭୱିଷ୍ୟତି;
280d29013e	ଅର୍ଥାତ୍ ମନୁଜସୁତଃ ସ୍ୱାଂଯଦୂତାନ୍ ପ୍ରେଷଯିଷ୍ୟତି, ତେନ ତେ ଚ ତସ୍ୟ ରାଜ୍ୟାତ୍ ସର୍ୱ୍ୱାନ୍ ୱିଘ୍ନକାରିଣୋଽଧାର୍ମ୍ମିକଲୋକାଂଶ୍ଚ ସଂଗୃହ୍ୟ
280d2a00ac	ଯତ୍ର ରୋଦନଂ ଦନ୍ତଘର୍ଷଣଞ୍ଚ ଭୱତି, ତତ୍ରାଗ୍ନିକୁଣ୍ଡେ ନିକ୍ଷେପ୍ସ୍ୟନ୍ତି|
280d2b012d	ତଦାନୀଂ ଧାର୍ମ୍ମିକଲୋକାଃ ସ୍ୱେଷାଂ ପିତୂ ରାଜ୍ୟେ ଭାସ୍କରଇୱ ତେଜସ୍ୱିନୋ ଭୱିଷ୍ୟନ୍ତି| ଶ୍ରୋତୁଂ ଯସ୍ୟ ଶ୍ରୁତୀ ଆସାତେ, ମ ଶୃଣୁଯାତ୍|
280d2c0160	ଅପରଞ୍ଚ କ୍ଷେତ୍ରମଧ୍ୟେ ନିଧିଂ ପଶ୍ୟନ୍ ଯୋ ଗୋପଯତି, ତତଃ ପରଂ ସାନନ୍ଦୋ ଗତ୍ୱା ସ୍ୱୀଯସର୍ୱ୍ୱସ୍ୱଂ ୱିକ୍ରୀଯ ତ୍ତକ୍ଷେତ୍ରଂ କ୍ରୀଣାତି, ସ ଇୱ ସ୍ୱର୍ଗରାଜ୍ୟଂ|
280d2d006e	ଅନ୍ୟଞ୍ଚ ଯୋ ୱଣିକ୍ ଉତ୍ତମାଂ ମୁକ୍ତାଂ ଗୱେଷଯନ୍
280d2e00d7	ମହାର୍ଘାଂ ମୁକ୍ତାଂ ୱିଲୋକ୍ୟ ନିଜସର୍ୱ୍ୱସ୍ୱଂ ୱିକ୍ରୀଯ ତାଂ କ୍ରୀଣାତି, ସ ଇୱ ସ୍ୱର୍ଗରାଜ୍ୟଂ|
280d2f00c8	ପୁନଶ୍ଚ ସମୁଦ୍ରୋ ନିକ୍ଷିପ୍ତଃ ସର୍ୱ୍ୱପ୍ରକାରମୀନସଂଗ୍ରାହ୍ୟାନାଯଇୱ ସ୍ୱର୍ଗରାଜ୍ୟଂ|
280d300140	ତସ୍ମିନ୍ ଆନାଯେ ପୂର୍ଣେ ଜନା ଯଥା ରୋଧସ୍ୟୁତ୍ତୋଲ୍ୟ ସମୁପୱିଶ୍ୟ ପ୍ରଶସ୍ତମୀନାନ୍ ସଂଗ୍ରହ୍ୟ ଭାଜନେଷୁ ନିଦଧତେ, କୁତ୍ସିତାନ୍ ନିକ୍ଷିପନ୍ତି;
280d31014a	ତଥୈୱ ଜଗତଃ ଶେଷେ ଭୱିଷ୍ୟତି, ଫଲତଃ ସ୍ୱର୍ଗୀଯଦୂତା ଆଗତ୍ୟ ପୁଣ୍ୟୱଜ୍ଜନାନାଂ ମଧ୍ୟାତ୍ ପାପିନଃ ପୃଥକ୍ କୃତ୍ୱା ୱହ୍ନିକୁଣ୍ଡେ ନିକ୍ଷେପ୍ସ୍ୟନ୍ତି,
280d320071	ତତ୍ର ରୋଦନଂ ଦନ୍ତୈ ର୍ଦନ୍ତଘର୍ଷଣଞ୍ଚ ଭୱିଷ୍ୟତଃ|
280d3300ed	ଯୀଶୁନା ତେ ପୃଷ୍ଟା ଯୁଷ୍ମାଭିଃ କିମେତାନ୍ୟାଖ୍ୟାନାନ୍ୟବୁଧ୍ୟନ୍ତ? ତଦା ତେ ପ୍ରତ୍ୟୱଦନ୍, ସତ୍ୟଂ ପ୍ରଭୋ|
280d34015a	ତଦାନୀଂ ସ କଥିତୱାନ୍, ନିଜଭାଣ୍ଡାଗାରାତ୍ ନୱୀନପୁରାତନାନି ୱସ୍ତୂନି ନିର୍ଗମଯତି ଯୋ ଗୃହସ୍ଥଃ ସ ଇୱ ସ୍ୱର୍ଗରାଜ୍ୟମଧି ଶିକ୍ଷିତାଃ ସ୍ୱର୍ୱ ଉପଦେଷ୍ଟାରଃ|
280d350143	ଅନନ୍ତରଂ ଯୀଶୁରେତାଃ ସର୍ୱ୍ୱା ଦୃଷ୍ଟାନ୍ତକଥାଃ ସମାପ୍ୟ ତସ୍ମାତ୍ ସ୍ଥାନାତ୍ ପ୍ରତସ୍ଥେ| ଅପରଂ ସ୍ୱଦେଶମାଗତ୍ୟ ଜନାନ୍ ଭଜନଭୱନ ଉପଦିଷ୍ଟୱାନ୍;
280d3600dd	ତେ ୱିସ୍ମଯଂ ଗତ୍ୱା କଥିତୱନ୍ତ ଏତସ୍ୟୈତାଦୃଶଂ ଜ୍ଞାନମ୍ ଆଶ୍ଚର୍ୟ୍ୟଂ କର୍ମ୍ମ ଚ କସ୍ମାଦ୍ ଅଜାଯତ?
280d370134	କିମଯଂ ସୂତ୍ରଧାରସ୍ୟ ପୁତ୍ରୋ ନହି? ଏତସ୍ୟ ମାତୁ ର୍ନାମ ଚ କିଂ ମରିଯମ୍ ନହି? ଯାକୁବ୍-ଯୂଷଫ୍-ଶିମୋନ୍-ଯିହୂଦାଶ୍ଚ କିମେତସ୍ୟ ଭ୍ରାତରୋ ନହି?
280d38010c	ଏତସ୍ୟ ଭଗିନ୍ୟଶ୍ଚ କିମସ୍ମାକଂ ମଧ୍ୟେ ନ ସନ୍ତି? ତର୍ହି କସ୍ମାଦଯମେତାନି ଲବ୍ଧୱାନ୍? ଇତ୍ଥଂ ସ ତେଷାଂ ୱିଘ୍ନରୂପୋ ବଭୂୱ;
280d3900fd	ତତୋ ଯୀଶୁନା ନିଗଦିତଂ ସ୍ୱଦେଶୀଯଜନାନାଂ ମଧ୍ୟଂ ୱିନା ଭୱିଷ୍ୟଦ୍ୱାଦୀ କୁତ୍ରାପ୍ୟନ୍ୟତ୍ର ନାସମ୍ମାନ୍ୟୋ ଭୱତୀ|
280d3a00b5	ତେଷାମୱିଶ୍ୱାସହେତୋଃ ସ ତତ୍ର ସ୍ଥାନେ ବହ୍ୱାଶ୍ଚର୍ୟ୍ୟକର୍ମ୍ମାଣି ନ କୃତୱାନ୍|
280e01009b	ତଦାନୀଂ ରାଜା ହେରୋଦ୍ ଯୀଶୋ ର୍ୟଶଃ ଶ୍ରୁତ୍ୱା ନିଜଦାସେଯାନ୍ ଜଗାଦ୍,
280e0200d7	ଏଷ ମଜ୍ଜଯିତା ଯୋହନ୍, ପ୍ରମିତେଭଯସ୍ତସ୍ୟୋତ୍ଥାନାତ୍ ତେନେତ୍ଥମଦ୍ଭୁତଂ କର୍ମ୍ମ ପ୍ରକାଶ୍ୟତେ|
280e030112	ପୁରା ହେରୋଦ୍ ନିଜଭ୍ରାତୁ: ଫିଲିପୋ ଜାଯାଯା ହେରୋଦୀଯାଯା ଅନୁରୋଧାଦ୍ ଯୋହନଂ ଧାରଯିତ୍ୱା ବଦ୍ଧା କାରାଯାଂ ସ୍ଥାପିତୱାନ୍|
280e040080	ଯତୋ ଯୋହନ୍ ଉକ୍ତୱାନ୍, ଏତ୍ସଯାଃ ସଂଗ୍ରହୋ ଭୱତୋ ନୋଚିତଃ|
280e05010a	ତସ୍ମାତ୍ ନୃପତିସ୍ତଂ ହନ୍ତୁମିଚ୍ଛନ୍ନପି ଲୋକେଭ୍ୟୋ ୱିଭଯାଞ୍ଚକାର; ଯତଃ ସର୍ୱ୍ୱେ ଯୋହନଂ ଭୱିଷ୍ୟଦ୍ୱାଦିନଂ ମେନିରେ|
280e0600fa	କିନ୍ତୁ ହେରୋଦୋ ଜନ୍ମାହୀଯମହ ଉପସ୍ଥିତେ ହେରୋଦୀଯାଯା ଦୁହିତା ତେଷାଂ ସମକ୍ଷଂ ନୃତିତ୍ୱା ହେରୋଦମପ୍ରୀଣ୍ୟତ୍|
280e0700e8	ତସ୍ମାତ୍ ଭୂପତିଃ ଶପଥଂ କୁର୍ୱ୍ୱନ୍ ଇତି ପ୍ରତ୍ୟଜ୍ଞାସୀତ୍, ତ୍ୱଯା ଯଦ୍ ଯାଚ୍ୟତେ, ତଦେୱାହଂ ଦାସ୍ୟାମି|
280e080106	ସା କୁମାରୀ ସ୍ୱୀଯମାତୁଃ ଶିକ୍ଷାଂ ଲବ୍ଧା ବଭାଷେ, ମଜ୍ଜଯିତୁର୍ୟୋହନ ଉତ୍ତମାଙ୍ଗଂ ଭାଜନେ ସମାନୀଯ ମହ୍ୟଂ ୱିଶ୍ରାଣଯ|
280e0900f9	ତତୋ ରାଜା ଶୁଶୋଚ, କିନ୍ତୁ ଭୋଜନାଯୋପୱିଶତାଂ ସଙ୍ଗିନାଂ ସ୍ୱକୃତଶପଥସ୍ୟ ଚାନୁରୋଧାତ୍ ତତ୍ ପ୍ରଦାତୁମ ଆଦିଦେଶ|
280e0a009d	ପଶ୍ଚାତ୍ କାରାଂ ପ୍ରତି ନରଂ ପ୍ରହିତ୍ୟ ଯୋହନ ଉତ୍ତମାଙ୍ଗଂ ଛିତ୍ତ୍ୱା
280e0b00d5	ତତ୍ ଭାଜନ ଆନାଯ୍ୟ ତସ୍ୟୈ କୁମାର୍ୟ୍ୟୈ ୱ୍ୟଶ୍ରାଣଯତ୍, ତତଃ ସା ସ୍ୱଜନନ୍ୟାଃ ସମୀପଂ ତନ୍ନିନାଯ|
280e0c0130	ପଶ୍ଚାତ୍ ଯୋହନଃ ଶିଷ୍ୟା ଆଗତ୍ୟ କାଯଂ ନୀତ୍ୱା ଶ୍ମଶାନେ ସ୍ଥାପଯାମାସୁସ୍ତତୋ ଯୀଶୋଃ ସନ୍ନିଧିଂ ୱ୍ରଜିତ୍ୱା ତଦ୍ୱାର୍ତ୍ତାଂ ବଭାଷିରେ|
280e0d0156	ଅନନ୍ତରଂ ଯୀଶୁରିତି ନିଶଭ୍ୟ ନାୱା ନିର୍ଜନସ୍ଥାନମ୍ ଏକାକୀ ଗତୱାନ୍, ପଶ୍ଚାତ୍ ମାନୱାସ୍ତତ୍ ଶ୍ରୁତ୍ୱା ନାନାନଗରେଭ୍ୟ ଆଗତ୍ୟ ପଦୈସ୍ତତ୍ପଶ୍ଚାଦ୍ ଈଯୁଃ|
280e0e0112	ତଦାନୀଂ ଯୀଶୁ ର୍ବହିରାଗତ୍ୟ ମହାନ୍ତଂ ଜନନିୱହଂ ନିରୀକ୍ଷ୍ୟ ତେଷୁ କାରୁଣିକଃ ମନ୍ ତେଷାଂ ପୀଡିତଜନାନ୍ ନିରାମଯାନ୍ ଚକାର|
280e0f01d9	ତତଃ ପରଂ ସନ୍ଧ୍ୟାଯାଂ ଶିଷ୍ୟାସ୍ତଦନ୍ତିକମାଗତ୍ୟ କଥଯାଞ୍ଚକ୍ରୁଃ, ଇଦଂ ନିର୍ଜନସ୍ଥାନଂ ୱେଲାପ୍ୟୱସନ୍ନା; ତସ୍ମାତ୍ ମନୁଜାନ୍ ସ୍ୱସ୍ୱଗ୍ରାମଂ ଗନ୍ତୁଂ ସ୍ୱାର୍ଥଂ ଭକ୍ଷ୍ୟାଣି କ୍ରେତୁଞ୍ଚ ଭୱାନ୍ ତାନ୍ ୱିସୃଜତୁ|
280e1000bc	କିନ୍ତୁ ଯୀଶୁସ୍ତାନୱାଦୀତ୍, ତେଷାଂ ଗମନେ ପ୍ରଯୋଜନଂ ନାସ୍ତି, ଯୂଯମେୱ ତାନ୍ ଭୋଜଯତ|
280e11009a	ତଦା ତେ ପ୍ରତ୍ୟୱଦନ୍, ଅସ୍ମାକମତ୍ର ପୂପପଞ୍ଚକଂ ମୀନଦ୍ୱଯଞ୍ଚାସ୍ତେ|
280e12005e	ତଦାନୀଂ ତେନୋକ୍ତଂ ତାନି ମଦନ୍ତିକମାନଯତ|
280e130205	ଅନନ୍ତରଂ ସ ମନୁଜାନ୍ ଯୱସୋପର୍ୟ୍ୟୁପୱେଷ୍ଟୁମ୍ ଆଜ୍ଞାପଯାମାସ; ଅପର ତତ୍ ପୂପପଞ୍ଚକଂ ମୀନଦ୍ୱଯଞ୍ଚ ଗୃହ୍ଲନ୍ ସ୍ୱର୍ଗଂ ପ୍ରତି ନିରୀକ୍ଷ୍ୟେଶ୍ୱରୀଯଗୁଣାନ୍ ଅନୂଦ୍ୟ ଭଂକ୍ତ୍ୱା ଶିଷ୍ୟେଭ୍ୟୋ ଦତ୍ତୱାନ୍, ଶିଷ୍ୟାଶ୍ଚ ଲୋକେଭ୍ୟୋ ଦଦୁଃ|
280e1400fc	ତତଃ ସର୍ୱ୍ୱେ ଭୁକ୍ତ୍ୱା ପରିତୃପ୍ତୱନ୍ତଃ, ତତସ୍ତଦୱଶିଷ୍ଟଭକ୍ଷ୍ୟୈଃ ପୂର୍ଣାନ୍ ଦ୍ୱାଦଶଡଲକାନ୍ ଗୃହୀତୱନ୍ତଃ|
280e1500c0	ତେ ଭୋକ୍ତାରଃ ସ୍ତ୍ରୀର୍ବାଲକାଂଶ୍ଚ ୱିହାଯ ପ୍ରାଯେଣ ପଞ୍ଚ ସହସ୍ରାଣି ପୁମାଂସ ଆସନ୍|
280e160106	ତଦନନ୍ତରଂ ଯୀଶୁ ର୍ଲୋକାନାଂ ୱିସର୍ଜନକାଲେ ଶିଷ୍ୟାନ୍ ତରଣିମାରୋଢୁଂ ସ୍ୱାଗ୍ରେ ପାରଂ ଯାତୁଞ୍ଚ ଗାଢମାଦିଷ୍ଟୱାନ୍|
280e170108	ତତୋ ଲୋକେଷୁ ୱିସୃଷ୍ଟେଷୁ ସ ୱିୱିକ୍ତେ ପ୍ରାର୍ଥଯିତୁଂ ଗିରିମେକଂ ଗତ୍ୱା ସନ୍ଧ୍ୟାଂ ଯାୱତ୍ ତତ୍ରୈକାକୀ ସ୍ଥିତୱାନ୍|
280e1800d5	କିନ୍ତୁ ତଦାନୀଂ ସମ୍ମୁଖୱାତତ୍ୱାତ୍ ସରିତ୍ପତେ ର୍ମଧ୍ୟେ ତରଙ୍ଗୈସ୍ତରଣିର୍ଦୋଲାଯମାନାଭୱତ୍|
280e1900b2	ତଦା ସ ଯାମିନ୍ୟାଶ୍ଚତୁର୍ଥପ୍ରହରେ ପଦ୍ଭ୍ୟାଂ ୱ୍ରଜନ୍ ତେଷାମନ୍ତିକଂ ଗତୱାନ୍|
280e1a0129	କିନ୍ତୁ ଶିଷ୍ୟାସ୍ତଂ ସାଗରୋପରି ୱ୍ରଜନ୍ତଂ ୱିଲୋକ୍ୟ ସମୁଦ୍ୱିଗ୍ନା ଜଗଦୁଃ, ଏଷ ଭୂତ ଇତି ଶଙ୍କମାନା ଉଚ୍ଚୈଃ ଶବ୍ଦାଯାଞ୍ଚକ୍ରିରେ ଚ|
280e1b0088	ତଦୈୱ ଯୀଶୁସ୍ତାନୱଦତ୍, ସୁସ୍ଥିରା ଭୱତ, ମା ଭୈଷ୍ଟ, ଏଷୋଽହମ୍|
280e1c00d4	ତତଃ ପିତର ଇତ୍ୟୁକ୍ତୱାନ୍, ହେ ପ୍ରଭୋ, ଯଦି ଭୱାନେୱ, ତର୍ହି ମାଂ ଭୱତ୍ସମୀପଂ ଯାତୁମାଜ୍ଞାପଯତୁ|
280e1d00ca	ତତଃ ତେନାଦିଷ୍ଟଃ ପିତରସ୍ତରଣିତୋଽୱରୁହ୍ୟ ଯୀଶେରନ୍ତିକଂ ପ୍ରାପ୍ତୁଂ ତୋଯୋପରି ୱୱ୍ରାଜ|
280e1e0123	କିନ୍ତୁ ପ୍ରଚଣ୍ଡଂ ପୱନଂ ୱିଲୋକ୍ୟ ଭଯାତ୍ ତୋଯେ ମଂକ୍ତୁମ୍ ଆରେଭେ, ତସ୍ମାଦ୍ ଉଚ୍ଚୈଃ ଶବ୍ଦାଯମାନଃ କଥିତୱାନ୍, ହେ ପ୍ରଭୋ, ମାମୱତୁ|
280e1f00ea	ଯୀଶୁସ୍ତତ୍କ୍ଷଣାତ୍ କରଂ ପ୍ରସାର୍ୟ୍ୟ ତଂ ଧରନ୍ ଉକ୍ତୱାନ୍, ହ ସ୍ତୋକପ୍ରତ୍ୟଯିନ୍ ତ୍ୱଂ କୁତଃ ସମଶେଥାଃ?
280e20006d	ଅନନ୍ତରଂ ତଯୋସ୍ତରଣିମାରୂଢଯୋଃ ପୱନୋ ନିୱୱୃତେ|
280e2100d1	ତଦାନୀଂ ଯେ ତରଣ୍ୟାମାସନ୍, ତ ଆଗତ୍ୟ ତଂ ପ୍ରଣଭ୍ୟ କଥିତୱନ୍ତଃ, ଯଥାର୍ଥସ୍ତ୍ୱମେୱେଶ୍ୱରସୁତଃ|
280e22008d	ଅନନ୍ତରଂ ପାରଂ ପ୍ରାପ୍ୟ ତେ ଗିନେଷରନ୍ନାମକଂ ନଗରମୁପତସ୍ଥୁଃ,
280e23014b	ତଦା ତତ୍ରତ୍ୟା ଜନା ଯୀଶୁଂ ପରିଚୀଯ ତଦ୍ଦେଶ୍ସ୍ୟ ଚତୁର୍ଦିଶୋ ୱାର୍ତ୍ତାଂ ପ୍ରହିତ୍ୟ ଯତ୍ର ଯାୱନ୍ତଃ ପୀଡିତା ଆସନ୍, ତାୱତଏୱ ତଦନ୍ତିକମାନଯାମାସୁଃ|
280e240128	ଅପରଂ ତଦୀଯୱସନସ୍ୟ ଗ୍ରନ୍ଥିମାତ୍ରଂ ସ୍ପ୍ରଷ୍ଟୁଂ ୱିନୀଯ ଯାୱନ୍ତୋ ଜନାସ୍ତତ୍ ସ୍ପର୍ଶଂ ଚକ୍ରିରେ, ତେ ସର୍ୱ୍ୱଏୱ ନିରାମଯା ବଭୂୱୁଃ|
280f0100d7	ଅପରଂ ଯିରୂଶାଲମ୍ନଗରୀଯାଃ କତିପଯା ଅଧ୍ୟାପକାଃ ଫିରୂଶିନଶ୍ଚ ଯୀଶୋଃ ସମୀପମାଗତ୍ୟ କଥଯାମାସୁଃ,
280f0200f6	ତୱ ଶିଷ୍ୟାଃ କିମର୍ଥମ୍ ଅପ୍ରକ୍ଷାଲିତକରୈ ର୍ଭକ୍ଷିତ୍ୱା ପରମ୍ପରାଗତଂ ପ୍ରାଚୀନାନାଂ ୱ୍ୟୱହାରଂ ଲଙ୍ୱନ୍ତେ?
280f0300ba	ତତୋ ଯୀଶୁଃ ପ୍ରତ୍ୟୁୱାଚ, ଯୂଯଂ ପରମ୍ପରାଗତାଚାରେଣ କୁତ ଈଶ୍ୱରାଜ୍ଞାଂ ଲଙ୍ୱଧ୍ୱେ|
280f0400f9	ଈଶ୍ୱର ଇତ୍ୟାଜ୍ଞାପଯତ୍, ତ୍ୱଂ ନିଜପିତରୌ ସଂମନ୍ୟେଥାଃ, ଯେନ ଚ ନିଜପିତରୌ ନିନ୍ଦ୍ୟେତେ, ସ ନିଶ୍ଚିତଂ ମ୍ରିଯେତ;
280f0500f2	କିନ୍ତୁ ଯୂଯଂ ୱଦଥ, ଯଃ ସ୍ୱଜନକଂ ସ୍ୱଜନନୀଂ ୱା ୱାକ୍ୟମିଦଂ ୱଦତି, ଯୁୱାଂ ମତ୍ତୋ ଯଲ୍ଲଭେଥେ, ତତ୍ ନ୍ୟୱିଦ୍ୟତ,
280f0600ef	ସ ନିଜପିତରୌ ପୁନ ର୍ନ ସଂମଂସ୍ୟତେ| ଇତ୍ଥଂ ଯୂଯଂ ପରମ୍ପରାଗତେନ ସ୍ୱେଷାମାଚାରେଣେଶ୍ୱରୀଯାଜ୍ଞାଂ ଲୁମ୍ପଥ|
280f0700cb	ରେ କପଟିନଃ ସର୍ୱ୍ୱେ ଯିଶଯିଯୋ ଯୁଷ୍ମାନଧି ଭୱିଷ୍ୟଦ୍ୱଚନାନ୍ୟେତାନି ସମ୍ୟଗ୍ ଉକ୍ତୱାନ୍|
280f0800d5	ୱଦନୈ ର୍ମନୁଜା ଏତେ ସମାଯାନ୍ତି ମଦନ୍ତିକଂ| ତଥାଧରୈ ର୍ମଦୀଯଞ୍ଚ ମାନଂ କୁର୍ୱ୍ୱନ୍ତି ତେ ନରାଃ|
280f0900e9	କିନ୍ତୁ ତେଷାଂ ମନୋ ମତ୍ତୋ ୱିଦୂରଏୱ ତିଷ୍ଠତି| ଶିକ୍ଷଯନ୍ତୋ ୱିଧୀନ୍ ନ୍ରାଜ୍ଞା ଭଜନ୍ତେ ମାଂ ମୁଧୈୱ ତେ|
280f0a00a2	ତତୋ ଯୀଶୁ ର୍ଲୋକାନ୍ ଆହୂଯ ପ୍ରୋକ୍ତୱାନ୍, ଯୂଯଂ ଶ୍ରୁତ୍ୱା ବୁଧ୍ୟଧ୍ବଂ|
280f0b0109	ଯନ୍ମୁଖଂ ପ୍ରୱିଶତି, ତତ୍ ମନୁଜମ୍ ଅମେଧ୍ୟଂ ନ କରୋତି, କିନ୍ତୁ ଯଦାସ୍ୟାତ୍ ନିର୍ଗଚ୍ଛତି, ତଦେୱ ମାନୁଷମମେଧ୍ୟୀ କରୋତୀ|
280f0c010f	ତଦାନୀଂ ଶିଷ୍ୟା ଆଗତ୍ୟ ତସ୍ମୈ କଥଯାଞ୍ଚକ୍ରୁଃ, ଏତାଂ କଥାଂ ଶ୍ରୁତ୍ୱା ଫିରୂଶିନୋ ୱ୍ୟରଜ୍ୟନ୍ତ, ତତ୍ କିଂ ଭୱତା ଜ୍ଞାଯତେ?
280f0d00c6	ସ ପ୍ରତ୍ୟୱଦତ୍, ମମ ସ୍ୱର୍ଗସ୍ଥଃ ପିତା ଯଂ କଞ୍ଚିଦଙ୍କୁରଂ ନାରୋପଯତ୍, ସ ଉତ୍ପାୱ୍ଦ୍ୟତେ|
280f0e011d	ତେ ତିଷ୍ଠନ୍ତୁ, ତେ ଅନ୍ଧମନୁଜାନାମ୍ ଅନ୍ଧମାର୍ଗଦର୍ଶକା ଏୱ; ଯଦ୍ୟନ୍ଧୋଽନ୍ଧଂ ପନ୍ଥାନଂ ଦର୍ଶଯତି, ତର୍ହ୍ୟୁଭୌ ଗର୍ତ୍ତେ ପତତଃ|
280f0f0090	ତଦା ପିତରସ୍ତଂ ପ୍ରତ୍ୟୱଦତ୍, ଦୃଷ୍ଟାନ୍ତମିମମସ୍ମାନ୍ ବୋଧଯତୁ|
280f100076	ଯୀଶୁନା ପ୍ରୋକ୍ତଂ, ଯୂଯମଦ୍ୟ ଯାୱତ୍ କିମବୋଧାଃ ସ୍ଥ?
280f1100c3	କଥାମିମାଂ କିଂ ନ ବୁଧ୍ୟଧ୍ବେ? ଯଦାସ୍ୟଂ ପ୍ରେୱିଶତି, ତଦ୍ ଉଦରେ ପତନ୍ ବହିର୍ନିର୍ୟାତି,
280f1200d4	କିନ୍ତ୍ୱାସ୍ୟାଦ୍ ଯନ୍ନିର୍ୟାତି, ତଦ୍ ଅନ୍ତଃକରଣାତ୍ ନିର୍ୟାତତ୍ୱାତ୍ ମନୁଜମମେଧ୍ୟଂ କରୋତି|
280f130149	ଯତୋଽନ୍ତଃକରଣାତ୍ କୁଚିନ୍ତା ବଧଃ ପାରଦାରିକତା ୱେଶ୍ୟାଗମନଂ ଚୈର୍ୟ୍ୟଂ ମିଥ୍ୟାସାକ୍ଷ୍ୟମ୍ ଈଶ୍ୱରନିନ୍ଦା ଚୈତାନି ସର୍ୱ୍ୱାଣି ନିର୍ୟ୍ୟାନ୍ତି|
280f1400e3	ଏତାନି ମନୁଷ୍ୟମପୱିତ୍ରୀ କୁର୍ୱ୍ୱନ୍ତି କିନ୍ତ୍ୱପ୍ରକ୍ଷାଲିତକରେଣ ଭୋଜନଂ ମନୁଜମମେଧ୍ୟଂ ନ କରୋତି|
280f1500c3	ଅନନ୍ତରଂ ଯୀଶୁସ୍ତସ୍ମାତ୍ ସ୍ଥାନାତ୍ ପ୍ରସ୍ଥାଯ ସୋରସୀଦୋନ୍ନଗରଯୋଃ ସୀମାମୁପତସ୍ୟୌ|
280f16018a	ତଦା ତତ୍ସୀମାତଃ କାଚିତ୍ କିନାନୀଯା ଯୋଷିଦ୍ ଆଗତ୍ୟ ତମୁଚ୍ଚୈରୁୱାଚ, ହେ ପ୍ରଭୋ ଦାଯୂଦଃ ସନ୍ତାନ, ମମୈକା ଦୁହିତାସ୍ତେ ସା ଭୂତଗ୍ରସ୍ତା ସତୀ ମହାକ୍ଲେଶଂ ପ୍ରାପ୍ନୋତି ମମ ଦଯସ୍ୱ|
280f170157	କିନ୍ତୁ ଯୀଶୁସ୍ତାଂ କିମପି ନୋକ୍ତୱାନ୍, ତତଃ ଶିଷ୍ୟା ଆଗତ୍ୟ ତଂ ନିୱେଦଯାମାସୁଃ, ଏଷା ଯୋଷିଦ୍ ଅସ୍ମାକଂ ପଶ୍ଚାଦ୍ ଉଚ୍ଚୈରାହୂଯାଗଚ୍ଛତି, ଏନାଂ ୱିସୃଜତୁ|
280f1800fe	ତଦା ସ ପ୍ରତ୍ୟୱଦତ୍, ଇସ୍ରାଯେଲ୍ଗୋତ୍ରସ୍ୟ ହାରିତମେଷାନ୍ ୱିନା କସ୍ୟାପ୍ୟନ୍ୟସ୍ୟ ସମୀପଂ ନାହଂ ପ୍ରେଷିତୋସ୍ମି|
280f190091	ତତଃ ସା ନାରୀସମାଗତ୍ୟ ତଂ ପ୍ରଣମ୍ୟ ଜଗାଦ, ହେ ପ୍ରଭୋ ମାମୁପକୁରୁ|
280f1a009b	ସ ଉକ୍ତୱାନ୍, ବାଲକାନାଂ ଭକ୍ଷ୍ୟମାଦାଯ ସାରମେଯେଭ୍ୟୋ ଦାନଂ ନୋଚିତଂ|
280f1b00fa	ତଦା ସା ବଭାଷେ, ହେ ପ୍ରଭୋ, ତତ୍ ସତ୍ୟଂ, ତଥାପି ପ୍ରଭୋ ର୍ଭଞ୍ଚାଦ୍ ଯଦୁଚ୍ଛିଷ୍ଟଂ ପତତି, ତତ୍ ସାରମେଯାଃ ଖାଦନ୍ତି|
280f1c015c	ତତୋ ଯୀଶୁଃ ପ୍ରତ୍ୟୱଦତ୍, ହେ ଯୋଷିତ୍, ତୱ ୱିଶ୍ୱାସୋ ମହାନ୍ ତସ୍ମାତ୍ ତୱ ମନୋଭିଲଷିତଂ ସିଦ୍ୟ୍ୟତୁ, ତେନ ତସ୍ୟାଃ କନ୍ୟା ତସ୍ମିନ୍ନେୱ ଦଣ୍ଡେ ନିରାମଯାଭୱତ୍|
280f1d0104	ଅନନ୍ତରଂ ଯୀଶସ୍ତସ୍ମାତ୍ ସ୍ଥାନାତ୍ ପ୍ରସ୍ଥାଯ ଗାଲୀଲ୍ସାଗରସ୍ୟ ସନ୍ନିଧିମାଗତ୍ୟ ଧରାଧରମାରୁହ୍ୟ ତତ୍ରୋପୱିୱେଶ|
280f1e0162	ପଶ୍ଚାତ୍ ଜନନିୱହୋ ବହୂନ୍ ଖଞ୍ଚାନ୍ଧମୂକଶୁଷ୍କକରମାନୁଷାନ୍ ଆଦାଯ ଯୀଶୋଃ ସମୀପମାଗତ୍ୟ ତଚ୍ଚରଣାନ୍ତିକେ ସ୍ଥାପଯାମାସୁଃ, ତତଃ ସା ତାନ୍ ନିରାମଯାନ୍ ଅକରୋତ୍|
280f1f019d	ଇତ୍ଥଂ ମୂକା ୱାକ୍ୟଂ ୱଦନ୍ତି, ଶୁଷ୍କକରାଃ ସ୍ୱାସ୍ଥ୍ୟମାଯାନ୍ତି, ପଙ୍ଗୱୋ ଗଚ୍ଛନ୍ତି, ଅନ୍ଧା ୱୀକ୍ଷନ୍ତେ, ଇତି ୱିଲୋକ୍ୟ ଲୋକା ୱିସ୍ମଯଂ ମନ୍ୟମାନା ଇସ୍ରାଯେଲ ଈଶ୍ୱରଂ ଧନ୍ୟଂ ବଭାଷିରେ|
280f20022b	ତଦାନୀଂ ଯୀଶୁଃ ସ୍ୱଶିଷ୍ୟାନ୍ ଆହୂଯ ଗଦିତୱାନ୍, ଏତଜ୍ଜନନିୱହେଷୁ ମମ ଦଯା ଜାଯତେ, ଏତେ ଦିନତ୍ରଯଂ ମଯା ସାକଂ ସନ୍ତି, ଏଷାଂ ଭକ୍ଷ୍ୟୱସ୍ତୁ ଚ କଞ୍ଚିଦପି ନାସ୍ତି, ତସ୍ମାଦହମେତାନକୃତାହାରାନ୍ ନ ୱିସ୍ରକ୍ଷ୍ୟାମି, ତଥାତ୍ୱେ ୱର୍ତ୍ମମଧ୍ୟେ କ୍ଲାମ୍ୟେଷୁଃ|
280f210106	ତଦା ଶିଷ୍ୟା ଊଚୁଃ, ଏତସ୍ମିନ୍ ପ୍ରାନ୍ତରମଧ୍ୟ ଏତାୱତୋ ମର୍ତ୍ୟାନ୍ ତର୍ପଯିତୁଂ ୱଯଂ କୁତ୍ର ପୂପାନ୍ ପ୍ରାପ୍ସ୍ୟାମଃ?
280f2200ed	ଯୀଶୁରପୃଚ୍ଛତ୍, ଯୁଷ୍ମାକଂ ନିକଟେ କତି ପୂପା ଆସତେ? ତ ଊଚୁଃ, ସପ୍ତପୂପା ଅଲ୍ପାଃ କ୍ଷୁଦ୍ରମୀନାଶ୍ଚ ସନ୍ତି|
280f230070	ତଦାନୀଂ ସ ଲୋକନିୱହଂ ଭୂମାୱୁପୱେଷ୍ଟୁମ୍ ଆଦିଶ୍ୟ
280f240112	ତାନ୍ ସପ୍ତପୂପାନ୍ ମୀନାଂଶ୍ଚ ଗୃହ୍ଲନ୍ ଈଶ୍ୱରୀଯଗୁଣାନ୍ ଅନୂଦ୍ୟ ଭଂକ୍ତ୍ୱା ଶିଷ୍ୟେଭ୍ୟୋ ଦଦୌ, ଶିଷ୍ୟା ଲୋକେଭ୍ୟୋ ଦଦୁଃ|
280f2500e1	ତତଃ ସର୍ୱ୍ୱେ ଭୁକ୍ତ୍ୱା ତୃପ୍ତୱନ୍ତଃ; ତଦୱଶିଷ୍ଟଭକ୍ଷ୍ୟେଣ ସପ୍ତଡଲକାନ୍ ପରିପୂର୍ୟ୍ୟ ସଂଜଗୃହୁଃ|
280f2600ba	ତେ ଭୋକ୍ତାରୋ ଯୋଷିତୋ ବାଲକାଂଶ୍ଚ ୱିହାଯ ପ୍ରାଯେଣ ଚତୁଃସହସ୍ରାଣି ପୁରୁଷା ଆସନ୍|
280f27009e	ତତଃ ପରଂ ସ ଜନନିୱହଂ ୱିସୃଜ୍ୟ ତରିମାରୁହ୍ୟ ମଗ୍ଦଲାପ୍ରଦେଶଂ ଗତୱାନ୍|
281001010a	ତଦାନୀଂ ଫିରୂଶିନଃ ସିଦୂକିନଶ୍ଚାଗତ୍ୟ ତଂ ପରୀକ୍ଷିତୁଂ ନଭମୀଯଂ କିଞ୍ଚନ ଲକ୍ଷ୍ମ ଦର୍ଶଯିତୁଂ ତସ୍ମୈ ନିୱେଦଯାମାସୁଃ|
28100200da	ତତଃ ସ ଉକ୍ତୱାନ୍, ସନ୍ଧ୍ୟାଯାଂ ନଭସୋ ରକ୍ତତ୍ୱାଦ୍ ଯୂଯଂ ୱଦଥ, ଶ୍ୱୋ ନିର୍ମ୍ମଲଂ ଦିନଂ ଭୱିଷ୍ୟତି;
28100301c4	ପ୍ରାତଃକାଲେ ଚ ନଭସୋ ରକ୍ତତ୍ୱାତ୍ ମଲିନତ୍ୱାଞ୍ଚ ୱଦଥ, ଝଞ୍ଭ୍ଶଦ୍ୟ ଭୱିଷ୍ୟତି| ହେ କପଟିନୋ ଯଦି ଯୂଯମ୍ ଅନ୍ତରୀକ୍ଷସ୍ୟ ଲକ୍ଷ୍ମ ବୋଦ୍ଧୁଂ ଶକ୍ନୁଥ, ତର୍ହି କାଲସ୍ୟୈତସ୍ୟ ଲକ୍ଷ୍ମ କଥଂ ବୋଦ୍ଧୁଂ ନ ଶକ୍ନୁଥ?
28100401aa	ଏତତ୍କାଲସ୍ୟ ଦୁଷ୍ଟୋ ୱ୍ୟଭିଚାରୀ ଚ ୱଂଶୋ ଲକ୍ଷ୍ମ ଗୱେଷଯତି, କିନ୍ତୁ ଯୂନସୋ ଭୱିଷ୍ୟଦ୍ୱାଦିନୋ ଲକ୍ଷ୍ମ ୱିନାନ୍ୟତ୍ କିମପି ଲକ୍ଷ୍ମ ତାନ୍ ନ ଦର୍ଶଯିଯ୍ୟତେ| ତଦାନୀଂ ସ ତାନ୍ ୱିହାଯ ପ୍ରତସ୍ଥେ|
28100500a4	ଅନନ୍ତରମନ୍ୟପାରଗମନକାଲେ ତସ୍ୟ ଶିଷ୍ୟାଃ ପୂପମାନେତୁଂ ୱିସ୍ମୃତୱନ୍ତଃ|
28100600dc	ଯୀଶୁସ୍ତାନୱାଦୀତ୍, ଯୂଯଂ ଫିରୂଶିନାଂ ସିଦୂକିନାଞ୍ଚ କିଣ୍ୱଂ ପ୍ରତି ସାୱଧାନାଃ ସତର୍କାଶ୍ଚ ଭୱତ|
28100700f3	ତେନ ତେ ପରସ୍ପରଂ ୱିୱିଚ୍ୟ କଥଯିତୁମାରେଭିରେ, ୱଯଂ ପୂପାନାନେତୁଂ ୱିସ୍ମୃତୱନ୍ତ ଏତତ୍କାରଣାଦ୍ ଇତି କଥଯତି|
281008010d	କିନ୍ତୁ ଯୀଶୁସ୍ତଦ୍ୱିଜ୍ଞାଯ ତାନୱୋଚତ୍, ହେ ସ୍ତୋକୱିଶ୍ୱାସିନୋ ଯୂଯଂ ପୂପାନାନଯନମଧି କୁତଃ ପରସ୍ପରମେତଦ୍ ୱିୱିଂକ୍ୟ?
2810090145	ଯୁଷ୍ମାଭିଃ କିମଦ୍ୟାପି ନ ଜ୍ଞାଯତେ? ପଞ୍ଚଭିଃ ପୂପୈଃ ପଞ୍ଚସହସ୍ରପୁରୁଷେଷୁ ଭୋଜିତେଷୁ ଭକ୍ଷ୍ୟୋଚ୍ଛିଷ୍ଟପୂର୍ଣାନ୍ କତି ଡଲକାନ୍ ସମଗୃହ୍ଲୀତଂ;
28100a010e	ତଥା ସପ୍ତଭିଃ ପୂପୈଶ୍ଚତୁଃସହସ୍ରପୁରୁଷେଷୁ ଭେଜିତେଷୁ କତି ଡଲକାନ୍ ସମଗୃହ୍ଲୀତ, ତତ୍ କିଂ ଯୁଷ୍ମାଭିର୍ନ ସ୍ମର୍ୟ୍ୟତେ?
28100b013d	ତସ୍ମାତ୍ ଫିରୂଶିନାଂ ସିଦୂକିନାଞ୍ଚ କିଣ୍ୱଂ ପ୍ରତି ସାୱଧାନାସ୍ତିଷ୍ଠତ, କଥାମିମାମ୍ ଅହଂ ପୂପାନଧି ନାକଥଯଂ, ଏତଦ୍ ଯୂଯଂ କୁତୋ ନ ବୁଧ୍ୟଧ୍ୱେ?
28100c0161	ତଦାନୀଂ ପୂପକିଣ୍ୱଂ ପ୍ରତି ସାୱଧାନାସ୍ତିଷ୍ଠତେତି ନୋକ୍ତ୍ୱା ଫିରୂଶିନାଂ ସିଦୂକିନାଞ୍ଚ ଉପଦେଶଂ ପ୍ରତି ସାୱଧାନାସ୍ତିଷ୍ଠତେତି କଥିତୱାନ୍, ଇତି ତୈରବୋଧି|
28100d0113	ଅପରଞ୍ଚ ଯୀଶୁଃ କୈସରିଯା-ଫିଲିପିପ୍ରଦେଶମାଗତ୍ୟ ଶିଷ୍ୟାନ୍ ଅପୃଚ୍ଛତ୍, ଯୋଽହଂ ମନୁଜସୁତଃ ସୋଽହଂ କଃ? ଲୋକୈରହଂ କିମୁଚ୍ୟେ?
28100e0173	ତଦାନୀଂ ତେ କଥିତୱନ୍ତଃ, କେଚିଦ୍ ୱଦନ୍ତି ତ୍ୱଂ ମଜ୍ଜଯିତା ଯୋହନ୍, କେଚିଦ୍ୱଦନ୍ତି, ତ୍ୱମ୍ ଏଲିଯଃ, କେଚିଚ୍ଚ ୱଦନ୍ତି, ତ୍ୱଂ ଯିରିମିଯୋ ୱା କଶ୍ଚିଦ୍ ଭୱିଷ୍ୟଦ୍ୱାଦୀତି|
28100f009e	ପଶ୍ଚାତ୍ ସ ତାନ୍ ପପ୍ରଚ୍ଛ, ଯୂଯଂ ମାଂ କଂ ୱଦଥ? ତତଃ ଶିମୋନ୍ ପିତର ଉୱାଚ,
2810100055	ତ୍ୱମମରେଶ୍ୱରସ୍ୟାଭିଷିକ୍ତପୁତ୍ରଃ|
281011015e	ତତୋ ଯୀଶୁଃ କଥିତୱାନ୍, ହେ ଯୂନସଃ ପୁତ୍ର ଶିମୋନ୍ ତ୍ୱଂ ଧନ୍ୟଃ; ଯତଃ କୋପି ଅନୁଜସ୍ତ୍ୱଯ୍ୟେତଜ୍ଜ୍ଞାନଂ ନୋଦପାଦଯତ୍, କିନ୍ତୁ ମମ ସ୍ୱର୍ଗସ୍ୟଃ ପିତୋଦପାଦଯତ୍|
2810120169	ଅତୋଽହଂ ତ୍ୱାଂ ୱଦାମି, ତ୍ୱଂ ପିତରଃ (ପ୍ରସ୍ତରଃ) ଅହଞ୍ଚ ତସ୍ୟ ପ୍ରସ୍ତରସ୍ୟୋପରି ସ୍ୱମଣ୍ଡଲୀଂ ନିର୍ମ୍ମାସ୍ୟାମି, ତେନ ନିରଯୋ ବଲାତ୍ ତାଂ ପରାଜେତୁଂ ନ ଶକ୍ଷ୍ୟତି|
28101301b7	ଅହଂ ତୁଭ୍ୟଂ ସ୍ୱର୍ଗୀଯରାଜ୍ୟସ୍ୟ କୁଞ୍ଜିକାଂ ଦାସ୍ୟାମି, ତେନ ଯତ୍ କିଞ୍ଚନ ତ୍ୱଂ ପୃଥିୱ୍ୟାଂ ଭଂତ୍ସ୍ୟସି ତତ୍ସ୍ୱର୍ଗେ ଭଂତ୍ସ୍ୟତେ, ଯଚ୍ଚ କିଞ୍ଚନ ମହ୍ୟାଂ ମୋକ୍ଷ୍ୟସି ତତ୍ ସ୍ୱର୍ଗେ ମୋକ୍ଷ୍ୟତେ|
28101400cb	ପଶ୍ଚାତ୍ ସ ଶିଷ୍ୟାନାଦିଶତ୍, ଅହମଭିଷିକ୍ତୋ ଯୀଶୁରିତି କଥାଂ କସ୍ମୈଚିଦପି ଯୂଯଂ ମା କଥଯତ|
2810150221	ଅନ୍ୟଞ୍ଚ ଯିରୂଶାଲମ୍ନଗରଂ ଗତ୍ୱା ପ୍ରାଚୀନଲୋକେଭ୍ୟଃ ପ୍ରଧାନଯାଜକେଭ୍ୟ ଉପାଧ୍ୟାଯେଭ୍ୟଶ୍ଚ ବହୁଦୁଃଖଭୋଗସ୍ତୈ ର୍ହତତ୍ୱଂ ତୃତୀଯଦିନେ ପୁନରୁତ୍ଥାନଞ୍ଚ ମମାୱଶ୍ୟକମ୍ ଏତାଃ କଥା ଯୀଶୁସ୍ତତ୍କାଲମାରଭ୍ୟ ଶିଷ୍ୟାନ୍ ଜ୍ଞାପଯିତୁମ୍ ଆରବ୍ଧୱାନ୍|
2810160140	ତଦାନୀଂ ପିତରସ୍ତସ୍ୟ କରଂ ଘୃତ୍ୱା ତର୍ଜଯିତ୍ୱା କଥଯିତୁମାରବ୍ଧୱାନ୍, ହେ ପ୍ରଭୋ, ତତ୍ ତ୍ୱତ୍ତୋ ଦୂରଂ ଯାତୁ, ତ୍ୱାଂ ପ୍ରତି କଦାପି ନ ଘଟିଷ୍ୟତେ|
281017016e	କିନ୍ତୁ ସ ୱଦନଂ ପରାୱର୍ତ୍ୟ ପିତରଂ ଜଗାଦ, ହେ ୱିଘ୍ନକାରିନ୍, ମତ୍ସମ୍ମୁଖାଦ୍ ଦୂରୀଭୱ, ତ୍ୱଂ ମାଂ ବାଧସେ, ଈଶ୍ୱରୀଯକାର୍ୟ୍ୟାତ୍ ମାନୁଷୀଯକାର୍ୟ୍ୟଂ ତୁଭ୍ୟଂ ରୋଚତେ|
2810180166	ଅନନ୍ତରଂ ଯୀଶୁଃ ସ୍ୱୀଯଶିଷ୍ୟାନ୍ ଉକ୍ତୱାନ୍ ଯଃ କଶ୍ଚିତ୍ ମମ ପଶ୍ଚାଦ୍ଗାମୀ ଭୱିତୁମ୍ ଇଚ୍ଛତି, ସ ସ୍ୱଂ ଦାମ୍ୟତୁ, ତଥା ସ୍ୱକ୍ରୁଶଂ ଗୃହ୍ଲନ୍ ମତ୍ପଶ୍ଚାଦାଯାତୁ|
281019011d	ଯତୋ ଯଃ ପ୍ରାଣାନ୍ ରକ୍ଷିତୁମିଚ୍ଛତି, ସ ତାନ୍ ହାରଯିଷ୍ୟତି, କିନ୍ତୁ ଯୋ ମଦର୍ଥଂ ନିଜପ୍ରାଣାନ୍ ହାରଯତି, ସ ତାନ୍ ପ୍ରାପ୍ସ୍ୟତି|
28101a0137	ମାନୁଷୋ ଯଦି ସର୍ୱ୍ୱଂ ଜଗତ୍ ଲଭତେ ନିଜପ୍ରଣାନ୍ ହାରଯତି, ତର୍ହି ତସ୍ୟ କୋ ଲାଭଃ? ମନୁଜୋ ନିଜପ୍ରାଣାନାଂ ୱିନିମଯେନ ୱା କିଂ ଦାତୁଂ ଶକ୍ନୋତି?
28101b010d	ମନୁଜସୁତଃ ସ୍ୱଦୂତୈଃ ସାକଂ ପିତୁଃ ପ୍ରଭାୱେଣାଗମିଷ୍ୟତି; ତଦା ପ୍ରତିମନୁଜଂ ସ୍ୱସ୍ୱକର୍ମ୍ମାନୁସାରାତ୍ ଫଲଂ ଦାସ୍ୟତି|
28101c015d	ଅହଂ ଯୁଷ୍ମାନ୍ ତଥ୍ୟଂ ୱଚ୍ମି, ସରାଜ୍ୟଂ ମନୁଜସୁତମ୍ ଆଗତଂ ନ ପଶ୍ୟନ୍ତୋ ମୃତ୍ୟୁଂ ନ ସ୍ୱାଦିଷ୍ୟନ୍ତି, ଏତାଦୃଶାଃ କତିପଯଜନା ଅତ୍ରାପି ଦଣ୍ଡାଯମାନାଃ ସନ୍ତି|
2811010160	ଅନନ୍ତରଂ ଷଡ୍ଦିନେଭ୍ୟଃ ପରଂ ଯୀଶୁଃ ପିତରଂ ଯାକୂବଂ ତତ୍ସହଜଂ ଯୋହନଞ୍ଚ ଗୃହ୍ଲନ୍ ଉଚ୍ଚାଦ୍ରେ ର୍ୱିୱିକ୍ତସ୍ଥାନମ୍ ଆଗତ୍ୟ ତେଷାଂ ସମକ୍ଷଂ ରୂପମନ୍ୟତ୍ ଦଧାର|
2811020088	ତେନ ତଦାସ୍ୟଂ ତେଜସ୍ୱି, ତଦାଭରଣମ୍ ଆଲୋକୱତ୍ ପାଣ୍ଡରମଭୱତ୍|
281103009f	ଅନ୍ୟଚ୍ଚ ତେନ ସାକଂ ସଂଲପନ୍ତୌ ମୂସା ଏଲିଯଶ୍ଚ ତେଭ୍ୟୋ ଦର୍ଶନଂ ଦଦତୁଃ|
281104019b	ତଦାନୀଂ ପିତରୋ ଯୀଶୁଂ ଜଗାଦ, ହେ ପ୍ରଭୋ ସ୍ଥିତିରତ୍ରାସ୍ମାକଂ ଶୁଭା, ଯଦି ଭୱତାନୁମନ୍ୟତେ, ତର୍ହି ଭୱଦର୍ଥମେକଂ ମୂସାର୍ଥମେକମ୍ ଏଲିଯାର୍ଥଞ୍ଚୈକମ୍ ଇତି ତ୍ରୀଣି ଦୂଷ୍ୟାଣି ନିର୍ମ୍ମମ|
2811050198	ଏତତ୍କଥନକାଲ ଏକ ଉଜ୍ଜୱଲଃ ପଯୋଦସ୍ତେଷାମୁପରି ଛାଯାଂ କୃତୱାନ୍, ୱାରିଦାଦ୍ ଏଷା ନଭସୀଯା ୱାଗ୍ ବଭୂୱ, ମମାଯଂ ପ୍ରିଯଃ ପୁତ୍ରଃ, ଅସ୍ମିନ୍ ମମ ମହାସନ୍ତୋଷ ଏତସ୍ୟ ୱାକ୍ୟଂ ଯୂଯଂ ନିଶାମଯତ|
28110600b3	କିନ୍ତୁ ୱାଚମେତାଂ ଶୃଣ୍ୱନ୍ତଏୱ ଶିଷ୍ୟା ମୃଶଂ ଶଙ୍କମାନା ନ୍ୟୁବ୍ଜା ନ୍ୟପତନ୍|
28110700aa	ତଦା ଯୀଶୁରାଗତ୍ୟ ତେଷାଂ ଗାତ୍ରାଣି ସ୍ପୃଶନ୍ ଉୱାଚ, ଉତ୍ତିଷ୍ଠତ, ମା ଭୈଷ୍ଟ|
2811080088	ତଦାନୀଂ ନେତ୍ରାଣ୍ୟୁନ୍ମୀଲ୍ୟ ଯୀଶୁଂ ୱିନା କମପି ନ ଦଦୃଶୁଃ|
281109018e	ତତଃ ପରମ୍ ଅଦ୍ରେରୱରୋହଣକାଲେ ଯୀଶୁସ୍ତାନ୍ ଇତ୍ୟାଦିଦେଶ, ମନୁଜସୁତସ୍ୟ ମୃତାନାଂ ମଧ୍ୟାଦୁତ୍ଥାନଂ ଯାୱନ୍ନ ଜାଯତେ, ତାୱତ୍ ଯୁଷ୍ମାଭିରେତଦ୍ଦର୍ଶନଂ କସ୍ମୈଚିଦପି ନ କଥଯିତୱ୍ୟଂ|
28110a00c3	ତଦା ଶିଷ୍ୟାସ୍ତଂ ପପ୍ରଚ୍ଛୁଃ, ପ୍ରଥମମ୍ ଏଲିଯ ଆଯାସ୍ୟତୀତି କୁତ ଉପାଧ୍ୟାଯୈରୁଚ୍ୟତେ?
28110b00bd	ତତୋ ଯୀଶୁଃ ପ୍ରତ୍ୟୱାଦୀତ୍, ଏଲିଯଃ ପ୍ରାଗେତ୍ୟ ସର୍ୱ୍ୱାଣି ସାଧଯିଷ୍ୟତୀତି ସତ୍ୟଂ,
28110c015d	କିନ୍ତ୍ୱହଂ ଯୁଷ୍ମାନ୍ ୱଚ୍ମି, ଏଲିଯ ଏତ୍ୟ ଗତଃ, ତେ ତମପରିଚିତ୍ୟ ତସ୍ମିନ୍ ଯଥେଚ୍ଛଂ ୱ୍ୟୱଜହୁଃ; ମନୁଜସୁତେନାପି ତେଷାମନ୍ତିକେ ତାଦୃଗ୍ ଦୁଃଖଂ ଭୋକ୍ତୱ୍ୟଂ|
28110d00cd	ତଦାନୀଂ ସ ମଜ୍ଜଯିତାରଂ ଯୋହନମଧି କଥାମେତାଂ ୱ୍ୟାହୃତୱାନ୍, ଇତ୍ଥଂ ତଚ୍ଛିଷ୍ୟା ବୁବୁଧିରେ|
28110e00fb	ପଶ୍ଚାତ୍ ତେଷୁ ଜନନିୱହସ୍ୟାନ୍ତିକମାଗତେଷୁ କଶ୍ଚିତ୍ ମନୁଜସ୍ତଦନ୍ତିକମେତ୍ୟ ଜାନୂନୀ ପାତଯିତ୍ୱା କଥିତୱାନ୍,
28110f0123	ହେ ପ୍ରଭୋ, ମତ୍ପୁତ୍ରଂ ପ୍ରତି କୃପାଂ ୱିଦଧାତୁ, ସୋପସ୍ମାରାମଯେନ ଭୃଶଂ ୱ୍ୟଥିତଃ ସନ୍ ପୁନଃ ପୁନ ର୍ୱହ୍ନୌ ମୁହୁ ର୍ଜଲମଧ୍ୟେ ପତତି|
28111000cc	ତସ୍ମାଦ୍ ଭୱତଃ ଶିଷ୍ୟାଣାଂ ସମୀପେ ତମାନଯଂ କିନ୍ତୁ ତେ ତଂ ସ୍ୱାସ୍ଥଂ କର୍ତ୍ତୁଂ ନ ଶକ୍ତାଃ|
2811110191	ତଦା ଯୀଶୁଃ କଥିତୱାନ୍ ରେ ଅୱିଶ୍ୱାସିନଃ, ରେ ୱିପଥଗାମିନଃ, ପୁନଃ କତିକାଲାନ୍ ଅହଂ ଯୁଷ୍ମାକଂ ସନ୍ନିଧୌ ସ୍ଥାସ୍ୟାମି? କତିକାଲାନ୍ ୱା ଯୁଷ୍ମାନ୍ ସହିଷ୍ୟେ? ତମତ୍ର ମମାନ୍ତିକମାନଯତ|
28111200d2	ପଶ୍ଚାଦ୍ ଯୀଶୁନା ତର୍ଜତଏୱ ସ ଭୂତସ୍ତଂ ୱିହାଯ ଗତୱାନ୍, ତଦ୍ଦଣ୍ଡଏୱ ସ ବାଲକୋ ନିରାମଯୋଽଭୂତ୍|
28111300cd	ତତଃ ଶିଷ୍ୟା ଗୁପ୍ତଂ ଯୀଶୁମୁପାଗତ୍ୟ ବଭାଷିରେ, କୁତୋ ୱଯଂ ତଂ ଭୂତଂ ତ୍ୟାଜଯିତୁଂ ନ ଶକ୍ତାଃ?
281114006e	ଯୀଶୁନା ତେ ପ୍ରୋକ୍ତାଃ, ଯୁଷ୍ମାକମପ୍ରତ୍ୟଯାତ୍;
28111502a4	ଯୁଷ୍ମାନହଂ ତଥ୍ୟଂ ୱଚ୍ମି ଯଦି ଯୁଷ୍ମାକଂ ସର୍ଷପୈକମାତ୍ରୋପି ୱିଶ୍ୱାସୋ ଜାଯତେ, ତର୍ହି ଯୁଷ୍ମାଭିରସ୍ମିନ୍ ଶୈଲେ ତ୍ୱମିତଃ ସ୍ଥାନାତ୍ ତତ୍ ସ୍ଥାନଂ ଯାହୀତି ବ୍ରୂତେ ସ ତଦୈୱ ଚଲିଷ୍ୟତି, ଯୁଷ୍ମାକଂ କିମପ୍ୟସାଧ୍ୟଞ୍ଚ କର୍ମ୍ମ ନ ସ୍ଥାସ୍ୟାତି| କିନ୍ତୁ ପ୍ରାର୍ଥନୋପୱାସୌ ୱିନୈତାଦୃଶୋ ଭୂତୋ ନ ତ୍ୟାଜ୍ୟେତ|
281116011a	ଅପରଂ ତେଷାଂ ଗାଲୀଲ୍ପ୍ରଦେଶେ ଭ୍ରମଣକାଲେ ଯୀଶୁନା ତେ ଗଦିତାଃ, ମନୁଜସୁତୋ ଜନାନାଂ କରେଷୁ ସମର୍ପଯିଷ୍ୟତେ ତୈ ର୍ହନିଷ୍ୟତେ ଚ,
28111700a0	କିନ୍ତୁ ତୃତୀଯେଽହିନ ମ ଉତ୍ଥାପିଷ୍ୟତେ, ତେନ ତେ ଭୃଶଂ ଦୁଃଖିତା ବଭୂୱଃ|
281118018d	ତଦନନ୍ତରଂ ତେଷୁ କଫର୍ନାହୂମ୍ନଗରମାଗତେଷୁ କରସଂଗ୍ରାହିଣଃ ପିତରାନ୍ତିକମାଗତ୍ୟ ପପ୍ରଚ୍ଛୁଃ, ଯୁଷ୍ମାକଂ ଗୁରୁଃ କିଂ ମନ୍ଦିରାର୍ଥଂ କରଂ ନ ଦଦାତି? ତତଃ ପିତରଃ କଥିତୱାନ୍ ଦଦାତି|
2811190212	ତତସ୍ତସ୍ମିନ୍ ଗୃହମଧ୍ୟମାଗତେ ତସ୍ୟ କଥାକଥନାତ୍ ପୂର୍ୱ୍ୱମେୱ ଯୀଶୁରୁୱାଚ, ହେ ଶିମୋନ୍, ମେଦିନ୍ୟା ରାଜାନଃ ସ୍ୱସ୍ୱାପତ୍ୟେଭ୍ୟଃ କିଂ ୱିଦେଶିଭ୍ୟଃ କେଭ୍ୟଃ କରଂ ଗୃହ୍ଲନ୍ତି? ଅତ୍ର ତ୍ୱଂ କିଂ ବୁଧ୍ୟସେ? ତତଃ ପିତର ଉକ୍ତୱାନ୍, ୱିଦେଶିଭ୍ୟଃ|
28111a007f	ତଦା ଯୀଶୁରୁକ୍ତୱାନ୍, ତର୍ହି ସନ୍ତାନା ମୁକ୍ତାଃ ସନ୍ତି|
28111b0209	ତଥାପି ଯଥାସ୍ମାଭିସ୍ତେଷାମନ୍ତରାଯୋ ନ ଜନ୍ୟତେ, ତତ୍କୃତେ ଜଲଧେସ୍ତୀରଂ ଗତ୍ୱା ୱଡିଶଂ କ୍ଷିପ, ତେନାଦୌ ଯୋ ମୀନ ଉତ୍ଥାସ୍ୟତି, ତଂ ଘୃତ୍ୱା ତନ୍ମୁଖେ ମୋଚିତେ ତୋଲକୈକଂ ରୂପ୍ୟଂ ପ୍ରାପ୍ସ୍ୟସି, ତଦ୍ ଗୃହୀତ୍ୱା ତୱ ମମ ଚ କୃତେ ତେଭ୍ୟୋ ଦେହି|
28120100b9	ତଦାନୀଂ ଶିଷ୍ୟା ଯୀଶୋଃ ସମୀପମାଗତ୍ୟ ପୃଷ୍ଟୱନ୍ତଃ ସ୍ୱର୍ଗରାଜ୍ୟେ କଃ ଶ୍ରେଷ୍ଠଃ?
28120200ae	ତତୋ ଯୀଶୁଃ କ୍ଷୁଦ୍ରମେକଂ ବାଲକଂ ସ୍ୱସମୀପମାନୀଯ ତେଷାଂ ମଧ୍ୟେ ନିଧାଯ ଜଗାଦ,
2812030109	ଯୁଷ୍ମାନହଂ ସତ୍ୟଂ ବ୍ରୱୀମି, ଯୂଯଂ ମନୋୱିନିମଯେନ କ୍ଷୁଦ୍ରବାଲୱତ୍ ନ ସନ୍ତଃ ସ୍ୱର୍ଗରାଜ୍ୟଂ ପ୍ରୱେଷ୍ଟୁଂ ନ ଶକ୍ନୁଥ|
28120400dc	ଯଃ କଶ୍ଚିଦ୍ ଏତସ୍ୟ କ୍ଷୁଦ୍ରବାଲକସ୍ୟ ସମମାତ୍ମାନଂ ନମ୍ରୀକରୋତି, ସଏୱ ସ୍ୱର୍ଗରାଜଯେ ଶ୍ରେଷ୍ଠଃ|
28120500c2	ଯଃ କଶ୍ଚିଦ୍ ଏତାଦୃଶଂ କ୍ଷୁଦ୍ରବାଲକମେକଂ ମମ ନାମ୍ନି ଗୃହ୍ଲାତି, ସ ମାମେୱ ଗୃହ୍ଲାତି|
2812060168	କିନ୍ତୁ ଯୋ ଜନୋ ମଯି କୃତୱିଶ୍ୱାସାନାମେତେଷାଂ କ୍ଷୁଦ୍ରପ୍ରାଣିନାମ୍ ଏକସ୍ୟାପି ୱିଧ୍ନିଂ ଜନଯତି, କଣ୍ଠବଦ୍ଧପେଷଣୀକସ୍ୟ ତସ୍ୟ ସାଗରାଗାଧଜଲେ ମଜ୍ଜନଂ ଶ୍ରେଯଃ|
2812070136	ୱିଘ୍ନାତ୍ ଜଗତଃ ସନ୍ତାପୋ ଭୱିଷ୍ୟତି, ୱିଘ୍ନୋଽୱଶ୍ୟଂ ଜନଯିଷ୍ୟତେ, କିନ୍ତୁ ଯେନ ମନୁଜେନ ୱିଘ୍ନୋ ଜନିଷ୍ୟତେ ତସ୍ୟୈୱ ସନ୍ତାପୋ ଭୱିଷ୍ୟତି|
28120801ac	ତସ୍ମାତ୍ ତୱ କରଶ୍ଚରଣୋ ୱା ଯଦି ତ୍ୱାଂ ବାଧତେ, ତର୍ହି ତଂ ଛିତ୍ତ୍ୱା ନିକ୍ଷିପ, ଦ୍ୱିକରସ୍ୟ ଦ୍ୱିପଦସ୍ୟ ୱା ତୱାନପ୍ତୱହ୍ନୌ ନିକ୍ଷେପାତ୍, ଖଞ୍ଜସ୍ୟ ୱା ଛିନ୍ନହସ୍ତସ୍ୟ ତୱ ଜୀୱନେ ପ୍ରୱେଶୋ ୱରଂ|
2812090148	ଅପରଂ ତୱ ନେତ୍ରଂ ଯଦି ତ୍ୱାଂ ବାଧତେ, ତର୍ହି ତଦପ୍ୟୁତ୍ପାୱ୍ୟ ନିକ୍ଷିପ, ଦ୍ୱିନେତ୍ରସ୍ୟ ନରକାଗ୍ନୌ ନିକ୍ଷେପାତ୍ କାଣସ୍ୟ ତୱ ଜୀୱନେ ପ୍ରୱେଶୋ ୱରଂ|
28120a00a6	ତସ୍ମାଦୱଧଦ୍ଧଂ, ଏତେଷାଂ କ୍ଷୁଦ୍ରପ୍ରାଣିନାମ୍ ଏକମପି ମା ତୁଚ୍ଛୀକୁରୁତ,
28120b0180	ଯତୋ ଯୁଷ୍ମାନହଂ ତଥ୍ୟଂ ବ୍ରୱୀମି, ସ୍ୱର୍ଗେ ତେଷାଂ ଦୂତା ମମ ସ୍ୱର୍ଗସ୍ଥସ୍ୟ ପିତୁରାସ୍ୟଂ ନିତ୍ୟଂ ପଶ୍ୟନ୍ତି| ଏୱଂ ଯେ ଯେ ହାରିତାସ୍ତାନ୍ ରକ୍ଷିତୁଂ ମନୁଜପୁତ୍ର ଆଗଚ୍ଛତ୍|
28120c0185	ଯୂଯମତ୍ର କିଂ ୱିୱିଂଗ୍ଘ୍ୱେ? କସ୍ୟଚିଦ୍ ଯଦି ଶତଂ ମେଷାଃ ସନ୍ତି, ତେଷାମେକୋ ହାର୍ୟ୍ୟତେ ଚ, ତର୍ହି ସ ଏକୋନଶତଂ ମେଷାନ୍ ୱିହାଯ ପର୍ୱ୍ୱତଂ ଗତ୍ୱା ତଂ ହାରିତମେକଂ କିଂ ନ ମୃଗଯତେ?
28120d014a	ଯଦି ଚ କଦାଚିତ୍ ତନ୍ମେଷୋଦ୍ଦେଶଂ ଲମତେ, ତର୍ହି ଯୁଷ୍ମାନହଂ ସତ୍ୟଂ କଥଯାମି, ସୋଽୱିପଥଗାମିଭ୍ୟ ଏକୋନଶତମେଷେଭ୍ୟୋପି ତଦେକହେତୋରଧିକମ୍ ଆହ୍ଲାଦତେ|
28120e00e0	ତଦ୍ୱଦ୍ ଏତେଷାଂ କ୍ଷୁଦ୍ରପ୍ରାଏନାମ୍ ଏକୋପି ନଶ୍ୟତୀତି ଯୁଷ୍ମାକଂ ସ୍ୱର୍ଗସ୍ଥପିତୁ ର୍ନାଭିମତମ୍|
28120f01ad	ଯଦ୍ୟପି ତୱ ଭ୍ରାତା ତ୍ୱଯି କିମପ୍ୟପରାଧ୍ୟତି, ତର୍ହି ଗତ୍ୱା ଯୁୱଯୋର୍ଦ୍ୱଯୋଃ ସ୍ଥିତଯୋସ୍ତସ୍ୟାପରାଧଂ ତଂ ଜ୍ଞାପଯ| ତତ୍ର ସ ଯଦି ତୱ ୱାକ୍ୟଂ ଶୃଣୋତି, ତର୍ହି ତ୍ୱଂ ସ୍ୱଭ୍ରାତରଂ ପ୍ରାପ୍ତୱାନ୍,
281210016d	କିନ୍ତୁ ଯଦି ନ ଶୃଣୋତି, ତର୍ହି ଦ୍ୱାଭ୍ୟାଂ ତ୍ରିଭି ର୍ୱା ସାକ୍ଷୀଭିଃ ସର୍ୱ୍ୱଂ ୱାକ୍ୟଂ ଯଥା ନିଶ୍ଚିତଂ ଜାଯତେ, ତଦର୍ଥମ୍ ଏକଂ ଦ୍ୱୌ ୱା ସାକ୍ଷିଣୌ ଗୃହୀତ୍ୱା ଯାହି|
281211017a	ତେନ ସ ଯଦି ତଯୋ ର୍ୱାକ୍ୟଂ ନ ମାନ୍ୟତେ, ତର୍ହି ସମାଜଂ ତଜ୍ଜ୍ଞାପଯ, କିନ୍ତୁ ଯଦି ସମାଜସ୍ୟାପି ୱାକ୍ୟଂ ନ ମାନ୍ୟତେ, ତର୍ହି ସ ତୱ ସମୀପେ ଦେୱପୂଜକଇୱ ଚଣ୍ଡାଲଇୱ ଚ ଭୱିଷ୍ୟତି|
2812120158	ଅହଂ ଯୁଷ୍ମାନ୍ ସତ୍ୟଂ ୱଦାମି, ଯୁଷ୍ମାଭିଃ ପୃଥିୱ୍ୟାଂ ଯଦ୍ ବଧ୍ୟତେ ତତ୍ ସ୍ୱର୍ଗେ ଭଂତ୍ସ୍ୟତେ; ମେଦିନ୍ୟାଂ ଯତ୍ ଭୋଚ୍ୟତେ, ସ୍ୱର୍ଗେଽପି ତତ୍ ମୋକ୍ଷ୍ୟତେ|
2812130184	ପୁନରହଂ ଯୁଷ୍ମାନ୍ ୱଦାମି, ମେଦିନ୍ୟାଂ ଯୁଷ୍ମାକଂ ଯଦି ଦ୍ୱାୱେକୱାକ୍ୟୀଭୂଯ କିଞ୍ଚିତ୍ ପ୍ରାର୍ଥଯେତେ, ତର୍ହି ମମ ସ୍ୱର୍ଗସ୍ଥପିତ୍ରା ତତ୍ ତଯୋଃ କୃତେ ସମ୍ପନ୍ନଂ ଭୱିଷ୍ୟତି|
28121400b7	ଯତୋ ଯତ୍ର ଦ୍ୱୌ ତ୍ରଯୋ ୱା ମମ ନାନ୍ନି ମିଲନ୍ତି, ତତ୍ରୈୱାହଂ ତେଷାଂ ମଧ୍ୟେଽସ୍ମି|
2812150114	ତଦାନୀଂ ପିତରସ୍ତତ୍ସମୀପମାଗତ୍ୟ କଥିତୱାନ୍ ହେ ପ୍ରଭୋ, ମମ ଭ୍ରାତା ମମ ଯଦ୍ୟପରାଧ୍ୟତି, ତର୍ହି ତଂ କତିକୃତ୍ୱଃ କ୍ଷମିଷ୍ୟେ?
2812160123	କିଂ ସପ୍ତକୃତ୍ୱଃ? ଯୀଶୁସ୍ତଂ ଜଗାଦ, ତ୍ୱାଂ କେୱଲଂ ସପ୍ତକୃତ୍ୱୋ ଯାୱତ୍ ନ ୱଦାମି, କିନ୍ତୁ ସପ୍ତତ୍ୟା ଗୁଣିତଂ ସପ୍ତକୃତ୍ୱୋ ଯାୱତ୍|
2812170091	ଅପରଂ ନିଜଦାସୈଃ ସହ ଜିଗଣଯିଷୁଃ କଶ୍ଚିଦ୍ ରାଜେୱ ସ୍ୱର୍ଗରାଜଯଂ|
2812180105	ଆରବ୍ଧେ ତସ୍ମିନ୍ ଗଣନେ ସାର୍ଦ୍ଧସହସ୍ରମୁଦ୍ରାପୂରିତାନାଂ ଦଶସହସ୍ରପୁଟକାନାମ୍ ଏକୋଽଘମର୍ଣସ୍ତତ୍ସମକ୍ଷମାନାଯି|
2812190131	ତସ୍ୟ ପରିଶୋଧନାଯ ଦ୍ରୱ୍ୟାଭାୱାତ୍ ପରିଶୋଧନାର୍ଥଂ ସ ତଦୀଯଭାର୍ୟ୍ୟାପୁତ୍ରାଦିସର୍ୱ୍ୱସ୍ୱଞ୍ଚ ୱିକ୍ରୀଯତାମିତି ତତ୍ପ୍ରଭୁରାଦିଦେଶ|
28121a0109	ତେନ ସ ଦାସସ୍ତସ୍ୟ ପାଦଯୋଃ ପତନ୍ ପ୍ରଣମ୍ୟ କଥିତୱାନ୍, ହେ ପ୍ରଭୋ ଭୱତା ଘୈର୍ୟ୍ୟେ କୃତେ ମଯା ସର୍ୱ୍ୱଂ ପରିଶୋଧିଷ୍ୟତେ|
28121b00a2	ତଦାନୀଂ ଦାସସ୍ୟ ପ୍ରଭୁଃ ସକରୁଣଃ ସନ୍ ସକଲର୍ଣଂ କ୍ଷମିତ୍ୱା ତଂ ତତ୍ୟାଜ|
28121c018d	କିନ୍ତୁ ତସ୍ମିନ୍ ଦାସେ ବହି ର୍ୟାତେ, ତସ୍ୟ ଶତଂ ମୁଦ୍ରାଚତୁର୍ଥାଂଶାନ୍ ଯୋ ଧାରଯତି, ତଂ ସହଦାସଂ ଦୃଷ୍ଦ୍ୱା ତସ୍ୟ କଣ୍ଠଂ ନିଷ୍ପୀଡ୍ୟ ଗଦିତୱାନ୍, ମମ ଯତ୍ ପ୍ରାପ୍ୟଂ ତତ୍ ପରିଶୋଧଯ|
28121d00fa	ତଦା ତସ୍ୟ ସହଦାସସ୍ତତ୍ପାଦଯୋଃ ପତିତ୍ୱା ୱିନୀଯ ବଭାଷେ, ତ୍ୱଯା ଧୈର୍ୟ୍ୟେ କୃତେ ମଯା ସର୍ୱ୍ୱଂ ପରିଶୋଧିଷ୍ୟତେ|
28121e00e1	ତଥାପି ସ ତତ୍ ନାଙଗୀକୃତ୍ୟ ଯାୱତ୍ ସର୍ୱ୍ୱମୃଣଂ ନ ପରିଶୋଧିତୱାନ୍ ତାୱତ୍ ତଂ କାରାଯାଂ ସ୍ଥାପଯାମାସ|
28121f0104	ତଦା ତସ୍ୟ ସହଦାସାସ୍ତସ୍ୟୈତାଦୃଗ୍ ଆଚରଣଂ ୱିଲୋକ୍ୟ ପ୍ରଭୋଃ ସମୀପଂ ଗତ୍ୱା ସର୍ୱ୍ୱଂ ୱୃତ୍ତାନ୍ତଂ ନିୱେଦଯାମାସୁଃ|
2812200103	ତଦା ତସ୍ୟ ପ୍ରଭୁସ୍ତମାହୂଯ ଜଗାଦ, ରେ ଦୁଷ୍ଟ ଦାସ, ତ୍ୱଯା ମତ୍ସନ୍ନିଧୌ ପ୍ରାର୍ଥିତେ ମଯା ତୱ ସର୍ୱ୍ୱମୃଣଂ ତ୍ୟକ୍ତଂ;
28122100c0	ଯଥା ଚାହଂ ତ୍ୱଯି କରୁଣାଂ କୃତୱାନ୍, ତଥୈୱ ତ୍ୱତ୍ସହଦାସେ କରୁଣାକରଣଂ କିଂ ତୱ ନୋଚିତଂ?
2812220130	ଇତି କଥଯିତ୍ୱା ତସ୍ୟ ପ୍ରଭୁଃ କ୍ରୁଦ୍ଧ୍ୟନ୍ ନିଜପ୍ରାପ୍ୟଂ ଯାୱତ୍ ସ ନ ପରିଶୋଧିତୱାନ୍, ତାୱତ୍ ପ୍ରହାରକାନାଂ କରେଷୁ ତଂ ସମର୍ପିତୱାନ୍|
2812230138	ଯଦି ଯୂଯଂ ସ୍ୱାନ୍ତଃକରଣୈଃ ସ୍ୱସ୍ୱସହଜାନାମ୍ ଅପରାଧାନ୍ ନ କ୍ଷମଧ୍ୱେ, ତର୍ହି ମମ ସ୍ୱର୍ଗସ୍ୟଃ ପିତାପି ଯୁଷ୍ମାନ୍ ପ୍ରତୀତ୍ଥଂ କରିଷ୍ୟତି|
2813010115	ଅନନ୍ତରମ୍ ଏତାସୁ କଥାସୁ ସମାପ୍ତାସୁ ଯୀଶୁ ର୍ଗାଲୀଲପ୍ରଦେଶାତ୍ ପ୍ରସ୍ଥାଯ ଯର୍ଦନ୍ତୀରସ୍ଥଂ ଯିହୂଦାପ୍ରଦେଶଂ ପ୍ରାପ୍ତଃ|
2813020096	ତଦା ତତ୍ପଶ୍ଚାତ୍ ଜନନିୱହେ ଗତେ ସ ତତ୍ର ତାନ୍ ନିରାମଯାନ୍ ଅକରୋତ୍|
2813030121	ତଦନନ୍ତରଂ ଫିରୂଶିନସ୍ତତ୍ସମୀପମାଗତ୍ୟ ପାରୀକ୍ଷିତୁଂ ତଂ ପପ୍ରଚ୍ଛୁଃ, କସ୍ମାଦପି କାରଣାତ୍ ନରେଣ ସ୍ୱଜାଯା ପରିତ୍ୟାଜ୍ୟା ନ ୱା?
28130400d9	ସ ପ୍ରତ୍ୟୁୱାଚ, ପ୍ରଥମମ୍ ଈଶ୍ୱରୋ ନରତ୍ୱେନ ନାରୀତ୍ୱେନ ଚ ମନୁଜାନ୍ ସସର୍ଜ, ତସ୍ମାତ୍ କଥିତୱାନ୍,
2813050126	ମାନୁଷଃ ସ୍ୱପିତରୌ ପରିତ୍ୟଜ୍ୟ ସ୍ୱପତ୍ନ୍ୟାମ୍ ଆସକ୍ଷ୍ୟତେ, ତୌ ଦ୍ୱୌ ଜନାୱେକାଙ୍ଗୌ ଭୱିଷ୍ୟତଃ, କିମେତଦ୍ ଯୁଷ୍ମାଭି ର୍ନ ପଠିତମ୍?
28130600e7	ଅତସ୍ତୌ ପୁନ ର୍ନ ଦ୍ୱୌ ତଯୋରେକାଙ୍ଗତ୍ୱଂ ଜାତଂ, ଈଶ୍ୱରେଣ ଯଚ୍ଚ ସମଯୁଜ୍ୟତ, ମନୁଜୋ ନ ତଦ୍ ଭିନ୍ଦ୍ୟାତ୍|
2813070121	ତଦାନୀଂ ତେ ତଂ ପ୍ରତ୍ୟୱଦନ୍, ତଥାତ୍ୱେ ତ୍ୟାଜ୍ୟପତ୍ରଂ ଦତ୍ତ୍ୱା ସ୍ୱାଂ ସ୍ୱାଂ ଜାଯାଂ ତ୍ୟକ୍ତୁଂ ୱ୍ୟୱସ୍ଥାଂ ମୂସାଃ କଥଂ ଲିଲେଖ?
281308014c	ତତଃ ସ କଥିତୱାନ୍, ଯୁଷ୍ମାକଂ ମନସାଂ କାଠିନ୍ୟାଦ୍ ଯୁଷ୍ମାନ୍ ସ୍ୱାଂ ସ୍ୱାଂ ଜାଯାଂ ତ୍ୟକ୍ତୁମ୍ ଅନ୍ୱମନ୍ୟତ କିନ୍ତୁ ପ୍ରଥମାଦ୍ ଏଷୋ ୱିଧିର୍ନାସୀତ୍|
2813090173	ଅତୋ ଯୁଷ୍ମାନହଂ ୱଦାମି, ୱ୍ୟଭିଚାରଂ ୱିନା ଯୋ ନିଜଜାଯାଂ ତ୍ୟଜେତ୍ ଅନ୍ୟାଞ୍ଚ ୱିୱହେତ୍, ସ ପରଦାରାନ୍ ଗଚ୍ଛତି; ଯଶ୍ଚ ତ୍ୟକ୍ତାଂ ନାରୀଂ ୱିୱହତି ସୋପି ପରଦାରେଷୁ ରମତେ|
28130a0107	ତଦା ତସ୍ୟ ଶିଷ୍ୟାସ୍ତଂ ବଭାଷିରେ, ଯଦି ସ୍ୱଜାଯଯା ସାକଂ ପୁଂସ ଏତାଦୃକ୍ ସମ୍ବନ୍ଧୋ ଜାଯତେ, ତର୍ହି ୱିୱହନମେୱ ନ ଭଦ୍ରଂ|
28130b00fc	ତତଃ ସ ଉକ୍ତୱାନ୍, ଯେଭ୍ୟସ୍ତତ୍ସାମର୍ଥ୍ୟଂ ଆଦାଯି, ତାନ୍ ୱିନାନ୍ୟଃ କୋପି ମନୁଜ ଏତନ୍ମତଂ ଗ୍ରହୀତୁଂ ନ ଶକ୍ନୋତି|
28130c0143	କତିପଯା ଜନନକ୍ଲୀବଃ କତିପଯା ନରକୃତକ୍ଲୀବଃ ସ୍ୱର୍ଗରାଜ୍ୟାଯ କତିପଯାଃ ସ୍ୱକୃତକ୍ଲୀବାଶ୍ଚ ସନ୍ତି, ଯେ ଗ୍ରହୀତୁଂ ଶକ୍ନୁୱନ୍ତି ତେ ଗୃହ୍ଲନ୍ତୁ|
28130d0140	ଅପରମ୍ ଯଥା ସ ଶିଶୂନାଂ ଗାତ୍ରେଷୁ ହସ୍ତଂ ଦତ୍ୱା ପ୍ରାର୍ଥଯତେ, ତଦର୍ଥଂ ତତ୍ସମୀଂପଂ ଶିଶୱ ଆନୀଯନ୍ତ, ତତ ଆନଯିତୃନ୍ ଶିଷ୍ୟାସ୍ତିରସ୍କୃତୱନ୍ତଃ|
28130e00f8	କିନ୍ତୁ ଯୀଶୁରୁୱାଚ, ଶିଶୱୋ ମଦନ୍ତିକମ୍ ଆଗଚ୍ଛନ୍ତୁ, ତାନ୍ ମା ୱାରଯତ, ଏତାଦୃଶାଂ ଶିଶୂନାମେୱ ସ୍ୱର୍ଗରାଜ୍ୟଂ|
28130f009f	ତତଃ ସ ତେଷାଂ ଗାତ୍ରେଷୁ ହସ୍ତଂ ଦତ୍ୱା ତସ୍ମାତ୍ ସ୍ଥାନାତ୍ ପ୍ରତସ୍ଥେ|
28131000f4	ଅପରମ୍ ଏକ ଆଗତ୍ୟ ତଂ ପପ୍ରଚ୍ଛ, ହେ ପରମଗୁରୋ, ଅନନ୍ତାଯୁଃ ପ୍ରାପ୍ତୁଂ ମଯା କିଂ କିଂ ସତ୍କର୍ମ୍ମ କର୍ତ୍ତୱ୍ୟଂ?
2813110126	ତତଃ ସ ଉୱାଚ, ମାଂ ପରମଂ କୁତୋ ୱଦସି? ୱିନେଶ୍ଚରଂ ନ କୋପି ପରମଃ, କିନ୍ତୁ ଯଦ୍ୟନନ୍ତାଯୁଃ ପ୍ରାପ୍ତୁଂ ୱାଞ୍ଛସି, ତର୍ହ୍ୟାଜ୍ଞାଃ ପାଲଯ|
2813120137	ତଦା ସ ପୃଷ୍ଟୱାନ୍, କାଃ କା ଆଜ୍ଞାଃ? ତତୋ ଯୀଶୁଃ କଥିତୱାନ୍, ନରଂ ମା ହନ୍ୟାଃ, ପରଦାରାନ୍ ମା ଗଚ୍ଛେଃ, ମା ଚୋରଯେଃ, ମୃଷାସାକ୍ଷ୍ୟଂ ମା ଦଦ୍ୟାଃ,
281313008e	ନିଜପିତରୌ ସଂମନ୍ୟସ୍ୱ, ସ୍ୱସମୀପୱାସିନି ସ୍ୱୱତ୍ ପ୍ରେମ କୁରୁ|
28131400ab	ସ ଯୁୱା କଥିତୱାନ୍, ଆ ବାଲ୍ୟାଦ୍ ଏତାଃ ପାଲଯାମି, ଇଦାନୀଂ କିଂ ନ୍ୟୂନମାସ୍ତେ?
2813150199	ତତୋ ଯୀଶୁରୱଦତ୍, ଯଦି ସିଦ୍ଧୋ ଭୱିତୁଂ ୱାଞ୍ଛସି, ତର୍ହି ଗତ୍ୱା ନିଜସର୍ୱ୍ୱସ୍ୱଂ ୱିକ୍ରୀଯ ଦରିଦ୍ରେଭ୍ୟୋ ୱିତର, ତତଃ ସ୍ୱର୍ଗେ ୱିତ୍ତଂ ଲପ୍ସ୍ୟସେ; ଆଗଚ୍ଛ, ମତ୍ପଶ୍ଚାଦ୍ୱର୍ତ୍ତୀ ଚ ଭୱ|
28131600ae	ଏତାଂ ୱାଚଂ ଶ୍ରୁତ୍ୱା ସ ଯୁୱା ସ୍ୱୀଯବହୁସମ୍ପତ୍ତେ ର୍ୱିଷଣଃ ସନ୍ ଚଲିତୱାନ୍|
28131700f9	ତଦା ଯୀଶୁଃ ସ୍ୱଶିଷ୍ୟାନ୍ ଅୱଦତ୍, ଧନିନାଂ ସ୍ୱର୍ଗରାଜ୍ୟପ୍ରୱେଶୋ ମହାଦୁଷ୍କର ଇତି ଯୁଷ୍ମାନହଂ ତଥ୍ୟଂ ୱଦାମି|
28131800e1	ପୁନରପି ଯୁଷ୍ମାନହଂ ୱଦାମି, ଧନିନାଂ ସ୍ୱର୍ଗରାଜ୍ୟପ୍ରୱେଶାତ୍ ସୂଚୀଛିଦ୍ରେଣ ମହାଙ୍ଗଗମନଂ ସୁକରଂ|
28131900e7	ଇତି ୱାକ୍ୟଂ ନିଶମ୍ୟ ଶିଷ୍ୟା ଅତିଚମତ୍କୃତ୍ୟ କଥଯାମାସୁଃ; ତର୍ହି କସ୍ୟ ପରିତ୍ରାଣଂ ଭୱିତୁଂ ଶକ୍ନୋତି?
28131a00e5	ତଦା ସ ତାନ୍ ଦୃଷ୍ଦ୍ୱା କଥଯାମାସ, ତତ୍ ମାନୁଷାଣାମଶକ୍ୟଂ ଭୱତି, କିନ୍ତ୍ୱୀଶ୍ୱରସ୍ୟ ସର୍ୱ୍ୱଂ ଶକ୍ୟମ୍|
28131b010f	ତଦା ପିତରସ୍ତଂ ଗଦିତୱାନ୍, ପଶ୍ୟ, ୱଯଂ ସର୍ୱ୍ୱଂ ପରିତ୍ୟଜ୍ୟ ଭୱତଃ ପଶ୍ଚାଦ୍ୱର୍ତ୍ତିନୋ ଽଭୱାମ; ୱଯଂ କିଂ ପ୍ରାପ୍ସ୍ୟାମଃ?
28131c0263	ତତୋ ଯୀଶୁଃ କଥିତୱାନ୍, ଯୁଷ୍ମାନହଂ ତଥ୍ୟଂ ୱଦାମି, ଯୂଯଂ ମମ ପଶ୍ଚାଦ୍ୱର୍ତ୍ତିନୋ ଜାତା ଇତି କାରଣାତ୍ ନୱୀନସୃଷ୍ଟିକାଲେ ଯଦା ମନୁଜସୁତଃ ସ୍ୱୀଯୈଶ୍ଚର୍ୟ୍ୟସିଂହାସନ ଉପୱେକ୍ଷ୍ୟତି, ତଦା ଯୂଯମପି ଦ୍ୱାଦଶସିଂହାସନେଷୂପୱିଶ୍ୟ ଇସ୍ରାଯେଲୀଯଦ୍ୱାଦଶୱଂଶାନାଂ ୱିଚାରଂ କରିଷ୍ୟଥ|
28131d01d6	ଅନ୍ୟଚ୍ଚ ଯଃ କଶ୍ଚିତ୍ ମମ ନାମକାରଣାତ୍ ଗୃହଂ ୱା ଭ୍ରାତରଂ ୱା ଭଗିନୀଂ ୱା ପିତରଂ ୱା ମାତରଂ ୱା ଜାଯାଂ ୱା ବାଲକଂ ୱା ଭୂମିଂ ପରିତ୍ୟଜତି, ସ ତେଷାଂ ଶତଗୁଣଂ ଲପ୍ସ୍ୟତେ, ଅନନ୍ତାଯୁମୋଽଧିକାରିତ୍ୱଞ୍ଚ ପ୍ରାପ୍ସ୍ୟତି|
28131e00cd	କିନ୍ତୁ ଅଗ୍ରୀଯା ଅନେକେ ଜନାଃ ପଶ୍ଚାତ୍, ପଶ୍ଚାତୀଯାଶ୍ଚାନେକେ ଲୋକା ଅଗ୍ରେ ଭୱିଷ୍ୟନ୍ତି|
281401011c	ସ୍ୱର୍ଗରାଜ୍ୟମ୍ ଏତାଦୃଶା କେନଚିଦ୍ ଗୃହସ୍ୟେନ ସମଂ, ଯୋଽତିପ୍ରଭାତେ ନିଜଦ୍ରାକ୍ଷାକ୍ଷେତ୍ରେ କୃଷକାନ୍ ନିଯୋକ୍ତୁଂ ଗତୱାନ୍|
28140200f0	ପଶ୍ଚାତ୍ ତୈଃ ସାକଂ ଦିନୈକଭୃତିଂ ମୁଦ୍ରାଚତୁର୍ଥାଂଶଂ ନିରୂପ୍ୟ ତାନ୍ ଦ୍ରାକ୍ଷାକ୍ଷେତ୍ରଂ ପ୍ରେରଯାମାସ|
28140300d1	ଅନନ୍ତରଂ ପ୍ରହରୈକୱେଲାଯାଂ ଗତ୍ୱା ହଟ୍ଟେ କତିପଯାନ୍ ନିଷ୍କର୍ମ୍ମକାନ୍ ୱିଲୋକ୍ୟ ତାନୱଦତ୍,
28140400da	ଯୂଯମପି ମମ ଦ୍ରାକ୍ଷାକ୍ଷେତ୍ରଂ ଯାତ, ଯୁଷ୍ମଭ୍ୟମହଂ ଯୋଗ୍ୟଭୃତିଂ ଦାସ୍ୟାମି, ତତସ୍ତେ ୱୱ୍ରଜୁଃ|
28140500a4	ପୁନଶ୍ଚ ସ ଦ୍ୱିତୀଯତୃତୀଯଯୋଃ ପ୍ରହରଯୋ ର୍ବହି ର୍ଗତ୍ୱା ତଥୈୱ କୃତୱାନ୍|
2814060199	ତତୋ ଦଣ୍ଡଦ୍ୱଯାୱଶିଷ୍ଟାଯାଂ ୱେଲାଯାଂ ବହି ର୍ଗତ୍ୱାପରାନ୍ କତିପଯଜନାନ୍ ନିଷ୍କର୍ମ୍ମକାନ୍ ୱିଲୋକ୍ୟ ପୃଷ୍ଟୱାନ୍, ଯୂଯଂ କିମର୍ଥମ୍ ଅତ୍ର ସର୍ୱ୍ୱଂ ଦିନଂ ନିଷ୍କର୍ମ୍ମାଣସ୍ତିଷ୍ଠଥ?
281407014e	ତେ ପ୍ରତ୍ୟୱଦନ୍, ଅସ୍ମାନ୍ ନ କୋପି କର୍ମମଣି ନିଯୁଂକ୍ତେ| ତଦାନୀଂ ସ କଥିତୱାନ୍, ଯୂଯମପି ମମ ଦ୍ରାକ୍ଷାକ୍ଷେତ୍ରଂ ଯାତ, ତେନ ଯୋଗ୍ୟାଂ ଭୃତିଂ ଲପ୍ସ୍ୟଥ|
2814080153	ତଦନନ୍ତରଂ ସନ୍ଧ୍ୟାଯାଂ ସତ୍ୟାଂ ସଏୱ ଦ୍ରାକ୍ଷାକ୍ଷେତ୍ରପତିରଧ୍ୟକ୍ଷଂ ଗଦିୱାନ୍, କୃଷକାନ୍ ଆହୂଯ ଶେଷଜନମାରଭ୍ୟ ପ୍ରଥମଂ ଯାୱତ୍ ତେଭ୍ୟୋ ଭୃତିଂ ଦେହି|
28140900da	ତେନ ଯେ ଦଣ୍ଡଦ୍ୱଯାୱସ୍ଥିତେ ସମାଯାତାସ୍ତେଷାମ୍ ଏକୈକୋ ଜନୋ ମୁଦ୍ରାଚତୁର୍ଥାଂଶଂ ପ୍ରାପ୍ନୋତ୍|
28140a0112	ତଦାନୀଂ ପ୍ରଥମନିଯୁକ୍ତା ଜନା ଆଗତ୍ୟାନୁମିତୱନ୍ତୋ ୱଯମଧିକଂ ପ୍ରପ୍ସ୍ୟାମଃ, କିନ୍ତୁ ତୈରପି ମୁଦ୍ରାଚତୁର୍ଥାଂଶୋଽଲାଭି|
28140b00cc	ତତସ୍ତେ ତଂ ଗୃହୀତ୍ୱା ତେନ କ୍ଷେତ୍ରପତିନା ସାକଂ ୱାଗ୍ୟୁଦ୍ଧଂ କୁର୍ୱ୍ୱନ୍ତଃ କଥଯାମାସୁଃ,
28140c014c	ୱଯଂ କୃତ୍ସ୍ନଂ ଦିନଂ ତାପକ୍ଲେଶୌ ସୋଢୱନ୍ତଃ, କିନ୍ତୁ ପଶ୍ଚାତାଯା ସେ ଜନା ଦଣ୍ଡଦ୍ୱଯମାତ୍ରଂ ପରିଶ୍ରାନ୍ତୱନ୍ତସ୍ତେଽସ୍ମାଭିଃ ସମାନାଂଶାଃ କୃତାଃ|
28140d013f	ତତଃ ସ ତେଷାମେକଂ ପ୍ରତ୍ୟୁୱାଚ, ହେ ୱତ୍ସ, ମଯା ତ୍ୱାଂ ପ୍ରତି କୋପ୍ୟନ୍ୟାଯୋ ନ କୃତଃ କିଂ ତ୍ୱଯା ମତ୍ସମକ୍ଷଂ ମୁଦ୍ରାଚତୁର୍ଥାଂଶୋ ନାଙ୍ଗୀକୃତଃ?
28140e00f4	ତସ୍ମାତ୍ ତୱ ଯତ୍ ପ୍ରାପ୍ୟଂ ତଦାଦାଯ ଯାହି, ତୁଭ୍ୟଂ ଯତି, ପଶ୍ଚାତୀଯନିଯୁକ୍ତଲୋକାଯାପି ତତି ଦାତୁମିଚ୍ଛାମି|
28140f010c	ସ୍ୱେଚ୍ଛଯା ନିଜଦ୍ରୱ୍ୟୱ୍ୟୱହରଣଂ କିଂ ମଯା ନ କର୍ତ୍ତୱ୍ୟଂ? ମମ ଦାତୃତ୍ୱାତ୍ ତ୍ୱଯା କିମ୍ ଈର୍ଷ୍ୟାଦୃଷ୍ଟିଃ କ୍ରିଯତେ?
281410012c	ଇତ୍ଥମ୍ ଅଗ୍ରୀଯଲୋକାଃ ପଶ୍ଚତୀଯା ଭୱିଷ୍ୟନ୍ତି, ପଶ୍ଚାତୀଯଜନାଶ୍ଚଗ୍ରୀଯା ଭୱିଷ୍ୟନ୍ତି, ଅହୂତା ବହୱଃ କିନ୍ତ୍ୱଲ୍ପେ ମନୋଭିଲଷିତାଃ|
28141100c5	ତଦନନ୍ତରଂ ଯୀଶୁ ର୍ୟିରୂଶାଲମ୍ନଗରଂ ଗଚ୍ଛନ୍ ମାର୍ଗମଧ୍ୟେ ଶିଷ୍ୟାନ୍ ଏକାନ୍ତେ ୱଭାଷେ,
28141200f1	ପଶ୍ୟ ୱଯଂ ଯିରୂଶାଲମ୍ନଗରଂ ଯାମଃ, ତତ୍ର ପ୍ରଧାନଯାଜକାଧ୍ୟାପକାନାଂ କରେଷୁ ମନୁଷ୍ୟପୁତ୍ରଃ ସମର୍ପିଷ୍ୟତେ;
28141301a0	ତେ ଚ ତଂ ହନ୍ତୁମାଜ୍ଞାପ୍ୟ ତିରସ୍କୃତ୍ୟ ୱେତ୍ରେଣ ପ୍ରହର୍ତ୍ତୁଂ କ୍ରୁଶେ ଧାତଯିତୁଞ୍ଚାନ୍ୟଦେଶୀଯାନାଂ କରେଷୁ ସମର୍ପଯିଷ୍ୟନ୍ତି, କିନ୍ତୁ ସ ତୃତୀଯଦିୱସେ ଶ୍ମଶାନାଦ୍ ଉତ୍ଥାପିଷ୍ୟତେ|
28141400ec	ତଦାନୀଂ ସିୱଦୀଯସ୍ୟ ନାରୀ ସ୍ୱପୁତ୍ରାୱାଦାଯ ଯୀଶୋଃ ସମୀପମ୍ ଏତ୍ୟ ପ୍ରଣମ୍ୟ କଞ୍ଚନାନୁଗ୍ରହଂ ତଂ ଯଯାଚେ|
2814150192	ତଦା ଯୀଶୁସ୍ତାଂ ପ୍ରୋକ୍ତୱାନ୍, ତ୍ୱଂ କିଂ ଯାଚସେ? ତତଃ ସା ବଭାଷେ, ଭୱତୋ ରାଜତ୍ୱେ ମମାନଯୋଃ ସୁତଯୋରେକଂ ଭୱଦ୍ଦକ୍ଷିଣପାର୍ଶ୍ୱେ ଦ୍ୱିତୀଯଂ ୱାମପାର୍ଶ୍ୱ ଉପୱେଷ୍ଟୁମ୍ ଆଜ୍ଞାପଯତୁ|
28141601fc	ଯୀଶୁଃ ପ୍ରତ୍ୟୁୱାଚ, ଯୁୱାଭ୍ୟାଂ ଯଦ୍ ଯାଚ୍ୟତେ, ତନ୍ନ ବୁଧ୍ୟତେ, ଅହଂ ଯେନ କଂସେନ ପାସ୍ୟାମି ଯୁୱାଭ୍ୟାଂ କିଂ ତେନ ପାତୁଂ ଶକ୍ୟତେ? ଅହଞ୍ଚ ଯେନ ମଜ୍ଜେନେନ ମଜ୍ଜିଷ୍ୟେ, ଯୁୱାଭ୍ୟାଂ କିଂ ତେନ ମଜ୍ଜଯିତୁଂ ଶକ୍ୟତେ? ତେ ଜଗଦୁଃ ଶକ୍ୟତେ|
2814170228	ତଦା ସ ଉକ୍ତୱାନ୍, ଯୁୱାଂ ମମ କଂସେନାୱଶ୍ୟଂ ପାସ୍ୟଥଃ, ମମ ମଜ୍ଜନେନ ଚ ଯୁୱାମପି ମଜ୍ଜିଷ୍ୟେଥେ, କିନ୍ତୁ ଯେଷାଂ କୃତେ ମତ୍ତାତେନ ନିରୂପିତମ୍ ଇଦଂ ତାନ୍ ୱିହାଯାନ୍ୟଂ କମପି ମଦ୍ଦକ୍ଷିଣପାର୍ଶ୍ୱେ ୱାମପାର୍ଶ୍ୱେ ଚ ସମୁପୱେଶଯିତୁଂ ମମାଧିକାରୋ ନାସ୍ତି|
28141800a0	ଏତାଂ କଥାଂ ଶ୍ରୁତ୍ୱାନ୍ୟେ ଦଶଶିଷ୍ୟାସ୍ତୌ ଭ୍ରାତରୌ ପ୍ରତି ଚୁକୁପୁଃ|
2814190151	କିନ୍ତୁ ଯୀଶୁଃ ସ୍ୱସମୀପଂ ତାନାହୂଯ ଜଗାଦ, ଅନ୍ୟଦେଶୀଯଲୋକାନାଂ ନରପତଯସ୍ତାନ୍ ଅଧିକୁର୍ୱ୍ୱନ୍ତି, ଯେ ତୁ ମହାନ୍ତସ୍ତେ ତାନ୍ ଶାସତି, ଇତି ଯୂଯଂ ଜାନୀଥ|
28141a00e5	କିନ୍ତୁ ଯୁଷ୍ମାକଂ ମଧ୍ୟେ ନ ତଥା ଭୱେତ୍, ଯୁଷ୍ମାକଂ ଯଃ କଶ୍ଚିତ୍ ମହାନ୍ ବୁଭୂଷତି, ସ ଯୁଷ୍ମାନ୍ ସେୱେତ;
28141b009a	ଯଶ୍ଚ ଯୁଷ୍ମାକଂ ମଧ୍ୟେ ମୁଖ୍ୟୋ ବୁଭୂଷତି, ସ ଯୁଷ୍ମାକଂ ଦାସୋ ଭୱେତ୍|
28141c0117	ଇତ୍ଥଂ ମନୁଜପୁତ୍ରଃ ସେୱ୍ୟୋ ଭୱିତୁଂ ନହି, କିନ୍ତୁ ସେୱିତୁଂ ବହୂନାଂ ପରିତ୍ରାଣମୂଲ୍ୟାର୍ଥଂ ସ୍ୱପ୍ରାଣାନ୍ ଦାତୁଞ୍ଚାଗତଃ|
28141d00c3	ଅନନ୍ତରଂ ଯିରୀହୋନଗରାତ୍ ତେଷାଂ ବହିର୍ଗମନସମଯେ ତସ୍ୟ ପଶ୍ଚାଦ୍ ବହୱୋ ଲୋକା ୱୱ୍ରଜୁଃ|
28141e016d	ଅପରଂ ୱର୍ତ୍ମପାର୍ଶ୍ୱ ଉପୱିଶନ୍ତୌ ଦ୍ୱାୱନ୍ଧୌ ତେନ ମାର୍ଗେଣ ଯୀଶୋ ର୍ଗମନଂ ନିଶମ୍ୟ ପ୍ରୋଚ୍ଚୈଃ କଥଯାମାସତୁଃ, ହେ ପ୍ରଭୋ ଦାଯୂଦଃ ସନ୍ତାନ, ଆୱଯୋ ର୍ଦଯାଂ ୱିଧେହି|
28141f0150	ତତୋ ଲୋକାଃ ସର୍ୱ୍ୱେ ତୁଷ୍ଣୀମ୍ଭୱତମିତ୍ୟୁକ୍ତ୍ୱା ତୌ ତର୍ଜଯାମାସୁଃ; ତଥାପି ତୌ ପୁନରୁଚ୍ଚୈଃ କଥଯାମାସତୁଃ ହେ ପ୍ରଭୋ ଦାଯୂଦଃ ସନ୍ତାନ, ଆୱାଂ ଦଯସ୍ୱ|
2814200100	ତଦାନୀଂ ଯୀଶୁଃ ସ୍ଥଗିତଃ ସନ୍ ତାୱାହୂଯ ଭାଷିତୱାନ୍, ଯୁୱଯୋଃ କୃତେ ମଯା କିଂ କର୍ତ୍ତର୍ୱ୍ୟଂ? ଯୁୱାଂ କିଂ କାମଯେଥେ?
2814210092	ତଦା ତାୱୁକ୍ତୱନ୍ତୌ, ପ୍ରଭୋ ନେତ୍ରାଣି ନୌ ପ୍ରସନ୍ନାନି ଭୱେଯୁଃ|
2814220128	ତଦାନୀଂ ଯୀଶୁସ୍ତୌ ପ୍ରତି ପ୍ରମନ୍ନଃ ସନ୍ ତଯୋ ର୍ନେତ୍ରାଣି ପସ୍ପର୍ଶ, ତେନୈୱ ତୌ ସୁୱୀକ୍ଷାଞ୍ଚକ୍ରାତେ ତତ୍ପଶ୍ଚାତ୍ ଜଗ୍ମୁତୁଶ୍ଚ|
2815010166	ଅନନ୍ତରଂ ତେଷୁ ଯିରୂଶାଲମ୍ନଗରସ୍ୟ ସମୀପୱେର୍ତ୍ତିନୋ ଜୈତୁନନାମକଧରାଧରସ୍ୟ ସମୀପସ୍ଥ୍ତିଂ ବୈତ୍ଫଗିଗ୍ରାମମ୍ ଆଗତେଷୁ, ଯୀଶୁଃ ଶିଷ୍ୟଦ୍ୱଯଂ ପ୍ରେଷଯନ୍ ଜଗାଦ,
2815020122	ଯୁୱାଂ ସମ୍ମୁଖସ୍ଥଗ୍ରାମଂ ଗତ୍ୱା ବଦ୍ଧାଂ ଯାଂ ସୱତ୍ସାଂ ଗର୍ଦ୍ଦଭୀଂ ହଠାତ୍ ପ୍ରାପ୍ସ୍ୟଥଃ, ତାଂ ମୋଚଯିତ୍ୱା ମଦନ୍ତିକମ୍ ଆନଯତଂ|
2815030128	ତତ୍ର ଯଦି କଶ୍ଚିତ୍ କିଞ୍ଚିଦ୍ ୱକ୍ଷ୍ୟତି, ତର୍ହି ୱଦିଷ୍ୟଥଃ, ଏତସ୍ୟାଂ ପ୍ରଭୋଃ ପ୍ରଯୋଜନମାସ୍ତେ, ତେନ ସ ତତ୍କ୍ଷଣାତ୍ ପ୍ରହେଷ୍ୟତି|
2815040149	ସୀଯୋନଃ କନ୍ୟକାଂ ଯୂଯଂ ଭାଷଧ୍ୱମିତି ଭାରତୀଂ| ପଶ୍ୟ ତେ ନମ୍ରଶୀଲଃ ସନ୍ ନୃପ ଆରୁହ୍ୟ ଗର୍ଦଭୀଂ| ଅର୍ଥାଦାରୁହ୍ୟ ତଦ୍ୱତ୍ସମାଯାସ୍ୟତି ତ୍ୱଦନ୍ତିକଂ|
2815050070	ଭୱିଷ୍ୟଦ୍ୱାଦିନୋକ୍ତଂ ୱଚନମିଦଂ ତଦା ସଫଲମଭୂତ୍|
2815060088	ଅନନ୍ତରଂ ତୌ ଶ୍ଷ୍ୟି ଯୀଶୋ ର୍ୟଥାନିଦେଶଂ ତଂ ଗ୍ରାମଂ ଗତ୍ୱା
28150700ea	ଗର୍ଦଭୀଂ ତଦ୍ୱତ୍ସଞ୍ଚ ସମାନୀତୱନ୍ତୌ, ପଶ୍ଚାତ୍ ତଦୁପରି ସ୍ୱୀଯୱସନାନୀ ପାତଯିତ୍ୱା ତମାରୋହଯାମାସତୁଃ|
2815080118	ତତୋ ବହୱୋ ଲୋକା ନିଜୱସନାନି ପଥି ପ୍ରସାରଯିତୁମାରେଭିରେ, କତିପଯା ଜନାଶ୍ଚ ପାଦପପର୍ଣାଦିକଂ ଛିତ୍ୱା ପଥି ୱିସ୍ତାରଯାମାସୁଃ|
281509016d	ଅଗ୍ରଗାମିନଃ ପଶ୍ଚାଦ୍ଗାମିନଶ୍ଚ ମନୁଜା ଉଚ୍ଚୈର୍ଜଯ ଜଯ ଦାଯୂଦଃ ସନ୍ତାନେତି ଜଗଦୁଃ ପରମେଶ୍ୱରସ୍ୟ ନାମ୍ନା ଯ ଆଯାତି ସ ଧନ୍ୟଃ, ସର୍ୱ୍ୱୋପରିସ୍ଥସ୍ୱର୍ଗେପି ଜଯତି|
28150a00cf	ଇତ୍ଥଂ ତସ୍ମିନ୍ ଯିରୂଶାଲମଂ ପ୍ରୱିଷ୍ଟେ କୋଽଯମିତି କଥନାତ୍ କୃତ୍ସ୍ନଂ ନଗରଂ ଚଞ୍ଚଲମଭୱତ୍|
28150b00b7	ତତ୍ର ଲୋକୋଃ କଥଯାମାସୁଃ, ଏଷ ଗାଲୀଲ୍ପ୍ରଦେଶୀଯ-ନାସରତୀଯ-ଭୱିଷ୍ୟଦ୍ୱାଦୀ ଯୀଶୁଃ|
28150c016f	ଅନନ୍ତରଂ ଯୀଶୁରୀଶ୍ୱରସ୍ୟ ମନ୍ଦିରଂ ପ୍ରୱିଶ୍ୟ ତନ୍ମଧ୍ୟାତ୍ କ୍ରଯୱିକ୍ରଯିଣୋ ୱହିଶ୍ଚକାର; ୱଣିଜାଂ ମୁଦ୍ରାସନାନୀ କପୋତୱିକ୍ରଯିଣାଞ୍ଚସନାନୀ ଚ ନ୍ୟୁୱ୍ଜଯାମାସ|
28150d0127	ଅପରଂ ତାନୁୱାଚ, ଏଷା ଲିପିରାସ୍ତେ, "ମମ ଗୃହଂ ପ୍ରାର୍ଥନାଗୃହମିତି ୱିଖ୍ୟାସ୍ୟତି", କିନ୍ତୁ ଯୂଯଂ ତଦ୍ ଦସ୍ୟୂନାଂ ଗହ୍ୱରଂ କୃତୱନ୍ତଃ|
28150e00b6	ତଦନନ୍ତରମ୍ ଅନ୍ଧଖଞ୍ଚଲୋକାସ୍ତସ୍ୟ ସମୀପମାଗତାଃ, ସ ତାନ୍ ନିରାମଯାନ୍ କୃତୱାନ୍|
28150f01ba	ଯଦା ପ୍ରଧାନଯାଜକା ଅଧ୍ୟାପକାଶ୍ଚ ତେନ କୃତାନ୍ୟେତାନି ଚିତ୍ରକର୍ମ୍ମାଣି ଦଦୃଶୁଃ, ଜଯ ଜଯ ଦାଯୂଦଃ ସନ୍ତାନ, ମନ୍ଦିରେ ବାଲକାନାମ୍ ଏତାଦୃଶମ୍ ଉଚ୍ଚଧ୍ୱନିଂ ଶୁଶ୍ରୁୱୁଶ୍ଚ, ତଦା ମହାକ୍ରୁଦ୍ଧା ବଭୂୱଃ,
28151001fd	ତଂ ପପ୍ରଚ୍ଛୁଶ୍ଚ, ଇମେ ଯଦ୍ ୱଦନ୍ତି, ତତ୍ କିଂ ତ୍ୱଂ ଶୃଣୋଷି? ତତୋ ଯୀଶୁସ୍ତାନ୍ ଅୱୋଚତ୍, ସତ୍ୟମ୍; ସ୍ତନ୍ୟପାଯିଶିଶୂନାଞ୍ଚ ବାଲକାନାଞ୍ଚ ୱକ୍ତ୍ରତଃ| ସ୍ୱକୀଯଂ ମହିମାନଂ ତ୍ୱଂ ସଂପ୍ରକାଶଯସି ସ୍ୱଯଂ| ଏତଦ୍ୱାକ୍ୟଂ ଯୂଯଂ କିଂ ନାପଠତ?
28151100ae	ତତସ୍ତାନ୍ ୱିହାଯ ସ ନଗରାଦ୍ ବୈଥନିଯାଗ୍ରାମଂ ଗତ୍ୱା ତତ୍ର ରଜନୀଂ ଯାପଯାମାସ|
28151200ad	ଅନନ୍ତରଂ ପ୍ରଭାତେ ସତି ଯୀଶୁଃ ପୁନରପି ନଗରମାଗଚ୍ଛନ୍ କ୍ଷୁଧାର୍ତ୍ତୋ ବଭୂୱ|
28151301f0	ତତୋ ମାର୍ଗପାର୍ଶ୍ୱ ଉଡୁମ୍ବରୱୃକ୍ଷମେକଂ ୱିଲୋକ୍ୟ ତତ୍ସମୀପଂ ଗତ୍ୱା ପତ୍ରାଣି ୱିନା କିମପି ନ ପ୍ରାପ୍ୟ ତଂ ପାଦପଂ ପ୍ରୋୱାଚ, ଅଦ୍ୟାରଭ୍ୟ କଦାପି ତ୍ୱଯି ଫଲଂ ନ ଭୱତୁ; ତେନ ତତ୍କ୍ଷଣାତ୍ ସ ଉଡୁମ୍ବରମାହୀରୁହଃ ଶୁଷ୍କତାଂ ଗତଃ|
28151400f2	ତଦ୍ ଦୃଷ୍ଟ୍ୱା ଶିଷ୍ୟା ଆଶ୍ଚର୍ୟ୍ୟଂ ୱିଜ୍ଞାଯ କଥଯାମାସୁଃ, ଆଃ, ଉଡୁମ୍ୱରପାଦପୋଽତିତୂର୍ଣଂ ଶୁଷ୍କୋଽଭୱତ୍|
2815150244	ତତୋ ଯୀଶୁସ୍ତାନୁୱାଚ, ଯୁଷ୍ମାନହଂ ସତ୍ୟଂ ୱଦାମି, ଯଦି ଯୂଯମସନ୍ଦିଗ୍ଧାଃ ପ୍ରତୀଥ, ତର୍ହି ଯୂଯମପି କେୱଲୋଡୁମ୍ୱରପାଦପଂ ପ୍ରତୀତ୍ଥଂ କର୍ତ୍ତୁଂ ଶକ୍ଷ୍ୟଥ, ତନ୍ନ, ତ୍ୱଂ ଚଲିତ୍ୱା ସାଗରେ ପତେତି ୱାକ୍ୟଂ ଯୁଷ୍ମାଭିରସ୍ମିନ ଶୈଲେ ପ୍ରୋକ୍ତେପି ତଦୈୱ ତଦ୍ ଘଟିଷ୍ୟତେ|
28151600b4	ତଥା ୱିଶ୍ୱସ୍ୟ ପ୍ରାର୍ଥ୍ୟ ଯୁଷ୍ମାଭି ର୍ୟଦ୍ ଯାଚିଷ୍ୟତେ, ତଦେୱ ପ୍ରାପ୍ସ୍ୟତେ|
28151701e1	ଅନନ୍ତରଂ ମନ୍ଦିରଂ ପ୍ରୱିଶ୍ୟୋପଦେଶନସମଯେ ତତ୍ସମୀପଂ ପ୍ରଧାନଯାଜକାଃ ପ୍ରାଚୀନଲୋକାଶ୍ଚାଗତ୍ୟ ପପ୍ରଚ୍ଛୁଃ, ତ୍ୱଯା କେନ ସାମର୍ଥ୍ୟନୈତାନି କର୍ମ୍ମାଣି କ୍ରିଯନ୍ତେ? କେନ ୱା ତୁଭ୍ୟମେତାନି ସାମର୍ଥ୍ୟାନି ଦତ୍ତାନି?
28151801a1	ତତୋ ଯୀଶୁଃ ପ୍ରତ୍ୟୱଦତ୍, ଅହମପି ଯୁଷ୍ମାନ୍ ୱାଚମେକାଂ ପୃଚ୍ଛାମି, ଯଦି ଯୂଯଂ ତଦୁତ୍ତରଂ ଦାତୁଂ ଶକ୍ଷ୍ୟଥ, ତଦା କେନ ସାମର୍ଥ୍ୟେନ କର୍ମ୍ମାଣ୍ୟେତାନି କରୋମି, ତଦହଂ ଯୁଷ୍ମାନ୍ ୱକ୍ଷ୍ୟାମି|
28151901ac	ଯୋହନୋ ମଜ୍ଜନଂ କସ୍ୟାଜ୍ଞଯାଭୱତ୍? କିମୀଶ୍ୱରସ୍ୟ ମନୁଷ୍ୟସ୍ୟ ୱା? ତତସ୍ତେ ପରସ୍ପରଂ ୱିୱିଚ୍ୟ କଥଯାମାସୁଃ, ଯଦୀଶ୍ୱରସ୍ୟେତି ୱଦାମସ୍ତର୍ହି ଯୂଯଂ ତଂ କୁତୋ ନ ପ୍ରତ୍ୟୈତ? ୱାଚମେତାଂ ୱକ୍ଷ୍ୟତି|
28151a00e5	ମନୁଷ୍ୟସ୍ୟେତି ୱକ୍ତୁମପି ଲୋକେଭ୍ୟୋ ବିଭୀମଃ, ଯତଃ ସର୍ୱ୍ୱୈରପି ଯୋହନ୍ ଭୱିଷ୍ୟଦ୍ୱାଦୀତି ଜ୍ଞାଯତେ|
28151b0177	ତସ୍ମାତ୍ ତେ ଯୀଶୁଂ ପ୍ରତ୍ୟୱଦନ୍, ତଦ୍ ୱଯଂ ନ ୱିଦ୍ମଃ| ତଦା ସ ତାନୁକ୍ତୱାନ୍, ତର୍ହି କେନ ସାମରଥ୍ୟେନ କର୍ମ୍ମାଣ୍ୟେତାନ୍ୟହଂ କରୋମି, ତଦପ୍ୟହଂ ଯୁଷ୍ମାନ୍ ନ ୱକ୍ଷ୍ୟାମି|
28151c013f	କସ୍ୟଚିଜ୍ଜନସ୍ୟ ଦ୍ୱୌ ସୁତାୱାସ୍ତାଂ ସ ଏକସ୍ୟ ସୁତସ୍ୟ ସମୀପଂ ଗତ୍ୱା ଜଗାଦ, ହେ ସୁତ, ତ୍ୱମଦ୍ୟ ମମ ଦ୍ରାକ୍ଷାକ୍ଷେତ୍ରେ କର୍ମ୍ମ କର୍ତୁଂ ୱ୍ରଜ|
28151d0088	ତତଃ ସ ଉକ୍ତୱାନ୍, ନ ଯାସ୍ୟାମି, କିନ୍ତୁ ଶେଷେଽନୁତପ୍ୟ ଜଗାମ|
28151e00f2	ଅନନ୍ତରଂ ସୋନ୍ୟସୁତସ୍ୟ ସମୀପଂ ଗତ୍ୱା ତଥୈୱ କଥ୍ତିୱାନ୍; ତତଃ ସ ପ୍ରତ୍ୟୁୱାଚ, ମହେଚ୍ଛ ଯାମି, କିନ୍ତୁ ନ ଗତଃ|
28151f0235	ଏତଯୋଃ ପୁତ୍ରଯୋ ର୍ମଧ୍ୟେ ପିତୁରଭିମତଂ କେନ ପାଲିତଂ? ଯୁଷ୍ମାଭିଃ କିଂ ବୁଧ୍ୟତେ? ତତସ୍ତେ ପ୍ରତ୍ୟୂଚୁଃ, ପ୍ରଥମେନ ପୁତ୍ରେଣ| ତଦାନୀଂ ଯୀଶୁସ୍ତାନୁୱାଚ, ଅହଂ ଯୁଷ୍ମାନ୍ ତଥ୍ୟଂ ୱଦାମି, ଚଣ୍ଡାଲା ଗଣିକାଶ୍ଚ ଯୁଷ୍ମାକମଗ୍ରତ ଈଶ୍ୱରସ୍ୟ ରାଜ୍ୟଂ ପ୍ରୱିଶନ୍ତି|
281520017a	ଯତୋ ଯୁଷ୍ମାକଂ ସମୀପଂ ଯୋହନି ଧର୍ମ୍ମପଥେନାଗତେ ଯୂଯଂ ତଂ ନ ପ୍ରତୀଥ, କିନ୍ତୁ ଚଣ୍ଡାଲା ଗଣିକାଶ୍ଚ ତଂ ପ୍ରତ୍ୟାଯନ୍, ତଦ୍ ୱିଲୋକ୍ୟାପି ଯୂଯଂ ପ୍ରତ୍ୟେତୁଂ ନାଖିଦ୍ୟଧ୍ୱଂ|
281521024f	ଅପରମେକଂ ଦୃଷ୍ଟାନ୍ତଂ ଶୃଣୁତ, କଶ୍ଚିଦ୍ ଗୃହସ୍ଥଃ କ୍ଷେତ୍ରେ ଦ୍ରାକ୍ଷାଲତା ରୋପଯିତ୍ୱା ତଚ୍ଚତୁର୍ଦିକ୍ଷୁ ୱାରଣୀଂ ୱିଧାଯ ତନ୍ମଧ୍ୟେ ଦ୍ରାକ୍ଷାଯନ୍ତ୍ରଂ ସ୍ଥାପିତୱାନ୍, ମାଞ୍ଚଞ୍ଚ ନିର୍ମ୍ମିତୱାନ୍, ତତଃ କୃଷକେଷୁ ତତ୍ କ୍ଷେତ୍ରଂ ସମର୍ପ୍ୟ ସ୍ୱଯଂ ଦୂରଦେଶଂ ଜଗାମ|
28152200dc	ତଦନନ୍ତରଂ ଫଲସମଯ ଉପସ୍ଥିତେ ସ ଫଲାନି ପ୍ରାପ୍ତୁଂ କୃଷୀୱଲାନାଂ ସମୀପଂ ନିଜଦାସାନ୍ ପ୍ରେଷଯାମାସ|
2815230110	କିନ୍ତୁ କୃଷୀୱଲାସ୍ତସ୍ୟ ତାନ୍ ଦାସେଯାନ୍ ଧୃତ୍ୱା କଞ୍ଚନ ପ୍ରହୃତୱନ୍ତଃ, କଞ୍ଚନ ପାଷାଣୈରାହତୱନ୍ତଃ, କଞ୍ଚନ ଚ ହତୱନ୍ତଃ|
28152400e4	ପୁନରପି ସ ପ୍ରଭୁଃ ପ୍ରଥମତୋଽଧିକଦାସେଯାନ୍ ପ୍ରେଷଯାମାସ, କିନ୍ତୁ ତେ ତାନ୍ ପ୍ରତ୍ୟପି ତଥୈୱ ଚକ୍ରୁଃ|
28152500f5	ଅନନ୍ତରଂ ମମ ସୁତେ ଗତେ ତଂ ସମାଦରିଷ୍ୟନ୍ତେ, ଇତ୍ୟୁକ୍ତ୍ୱା ଶେଷେ ସ ନିଜସୁତଂ ତେଷାଂ ସନ୍ନିଧିଂ ପ୍ରେଷଯାମାସ|
2815260158	କିନ୍ତୁ ତେ କୃଷୀୱଲାଃ ସୁତଂ ୱୀକ୍ଷ୍ୟ ପରସ୍ପରମ୍ ଇତି ମନ୍ତ୍ରଯିତୁମ୍ ଆରେଭିରେ, ଅଯମୁତ୍ତରାଧିକାରୀ ୱଯମେନଂ ନିହତ୍ୟାସ୍ୟାଧିକାରଂ ସ୍ୱୱଶୀକରିଷ୍ୟାମଃ|
28152700a9	ପଶ୍ଚାତ୍ ତେ ତଂ ଧୃତ୍ୱା ଦ୍ରାକ୍ଷାକ୍ଷେତ୍ରାଦ୍ ବହିଃ ପାତଯିତ୍ୱାବଧିଷୁଃ|
28152800ba	ଯଦା ସ ଦ୍ରାକ୍ଷାକ୍ଷେତ୍ରପତିରାଗମିଷ୍ୟତି, ତଦା ତାନ୍ କୃଷୀୱଲାନ୍ କିଂ କରିଷ୍ୟତି?
281529016d	ତତସ୍ତେ ପ୍ରତ୍ୟୱଦନ୍, ତାନ୍ କଲୁଷିଣୋ ଦାରୁଣଯାତନାଭିରାହନିଷ୍ୟତି, ଯେ ଚ ସମଯାନୁକ୍ରମାତ୍ ଫଲାନି ଦାସ୍ୟନ୍ତି, ତାଦୃଶେଷୁ କୃଷୀୱଲେଷୁ କ୍ଷେତ୍ରଂ ସମର୍ପଯିଷ୍ୟତି|
28152a0207	ତଦା ଯୀଶୁନା ତେ ଗଦିତାଃ, ଗ୍ରହଣଂ ନ କୃତଂ ଯସ୍ୟ ପାଷାଣସ୍ୟ ନିଚାଯକୈଃ| ପ୍ରଧାନପ୍ରସ୍ତରଃ କୋଣେ ସଏୱ ସଂଭୱିଷ୍ୟତି| ଏତତ୍ ପରେଶିତୁଃ କର୍ମ୍ମାସ୍ମଦୃଷ୍ଟାୱଦ୍ଭୁତଂ ଭୱେତ୍| ଧର୍ମ୍ମଗ୍ରନ୍ଥେ ଲିଖିତମେତଦ୍ୱଚନଂ ଯୁଷ୍ମାଭିଃ କିଂ ନାପାଠି?
28152b00ec	ତସ୍ମାଦହଂ ଯୁଷ୍ମାନ୍ ୱଦାମି, ଯୁଷ୍ମତ୍ତ ଈଶ୍ୱରୀଯରାଜ୍ୟମପନୀଯ ଫଲୋତ୍ପାଦଯିତ୍ରନ୍ୟଜାତଯେ ଦାଯିଷ୍ୟତେ|
28152c0126	ଯୋ ଜନ ଏତତ୍ପାଷାଣୋପରି ପତିଷ୍ୟତି, ତଂ ସ ଭଂକ୍ଷ୍ୟତେ, କିନ୍ତ୍ୱଯଂ ପାଷାଣୋ ଯସ୍ୟୋପରି ପତିଷ୍ୟତି, ତଂ ସ ଧୂଲିୱତ୍ ଚୂର୍ଣୀକରିଷ୍ୟତି|
28152d0161	ତଦାନୀଂ ପ୍ରାଧନଯାଜକାଃ ଫିରୂଶିନଶ୍ଚ ତସ୍ୟେମାଂ ଦୃଷ୍ଟାନ୍ତକଥାଂ ଶ୍ରୁତ୍ୱା ସୋଽସ୍ମାନୁଦ୍ଦିଶ୍ୟ କଥିତୱାନ୍, ଇତି ୱିଜ୍ଞାଯ ତଂ ଧର୍ତ୍ତୁଂ ଚେଷ୍ଟିତୱନ୍ତଃ;
28152e00a1	କିନ୍ତୁ ଲୋକେଭ୍ୟୋ ବିଭ୍ୟୁଃ, ଯତୋ ଲୋକୈଃ ସ ଭୱିଷ୍ୟଦ୍ୱାଦୀତ୍ୟଜ୍ଞାଯି|
281601007e	ଅନନ୍ତରଂ ଯୀଶୁଃ ପୁନରପି ଦୃଷ୍ଟାନ୍ତେନ ତାନ୍ ଅୱାଦୀତ୍,
2816020134	ସ୍ୱର୍ଗୀଯରାଜ୍ୟମ୍ ଏତାଦୃଶସ୍ୟ ନୃପତେଃ ସମଂ, ଯୋ ନିଜ ପୁତ୍ରଂ ୱିୱାହଯନ୍ ସର୍ୱ୍ୱାନ୍ ନିମନ୍ତ୍ରିତାନ୍ ଆନେତୁଂ ଦାସେଯାନ୍ ପ୍ରହିତୱାନ୍,
2816030055	କିନ୍ତୁ ତେ ସମାଗନ୍ତୁଂ ନେଷ୍ଟୱନ୍ତଃ|
28160401fc	ତତୋ ରାଜା ପୁନରପି ଦାସାନନ୍ୟାନ୍ ଇତ୍ୟୁକ୍ତ୍ୱା ପ୍ରେଷଯାମାସ, ନିମନ୍ତ୍ରିତାନ୍ ୱଦତ, ପଶ୍ୟତ, ମମ ଭେଜ୍ୟମାସାଦିତମାସ୍ତେ, ନିଜୱ୍ଟଷାଦିପୁଷ୍ଟଜନ୍ତୂନ୍ ମାରଯିତ୍ୱା ସର୍ୱ୍ୱଂ ଖାଦ୍ୟଦ୍ରୱ୍ୟମାସାଦିତୱାନ୍, ଯୂଯଂ ୱିୱାହମାଗଚ୍ଛତ|
28160500eb	ତଥପି ତେ ତୁଚ୍ଛୀକୃତ୍ୟ କେଚିତ୍ ନିଜକ୍ଷେତ୍ରଂ କେଚିଦ୍ ୱାଣିଜ୍ୟଂ ପ୍ରତି ସ୍ୱସ୍ୱମାର୍ଗେଣ ଚଲିତୱନ୍ତଃ|
28160600b2	ଅନ୍ୟେ ଲୋକାସ୍ତସ୍ୟ ଦାସେଯାନ୍ ଧୃତ୍ୱା ଦୌରାତ୍ମ୍ୟଂ ୱ୍ୟୱହୃତ୍ୟ ତାନୱଧିଷୁଃ|
2816070125	ଅନନ୍ତରଂ ସ ନୃପତିସ୍ତାଂ ୱାର୍ତ୍ତାଂ ଶ୍ରୁତ୍ୱା କ୍ରୁଧ୍ୟନ୍ ସୈନ୍ୟାନି ପ୍ରହିତ୍ୟ ତାନ୍ ଘାତକାନ୍ ହତ୍ୱା ତେଷାଂ ନଗରଂ ଦାହଯାମାସ|
28160800ea	ତତଃ ସ ନିଜଦାସେଯାନ୍ ବଭାଷେ, ୱିୱାହୀଯଂ ଭୋଜ୍ୟମାସାଦିତମାସ୍ତେ, କିନ୍ତୁ ନିମନ୍ତ୍ରିତା ଜନା ଅଯୋଗ୍ୟାଃ|
28160900e3	ତସ୍ମାଦ୍ ଯୂଯଂ ରାଜମାର୍ଗଂ ଗତ୍ୱା ଯାୱତୋ ମନୁଜାନ୍ ପଶ୍ୟତ, ତାୱତଏୱ ୱିୱାହୀଯଭୋଜ୍ୟାଯ ନିମନ୍ତ୍ରଯତ|
28160a0162	ତଦା ତେ ଦାସେଯା ରାଜମାର୍ଗଂ ଗତ୍ୱା ଭଦ୍ରାନ୍ ଅଭଦ୍ରାନ୍ ୱା ଯାୱତୋ ଜନାନ୍ ଦଦୃଶୁଃ, ତାୱତଏୱ ସଂଗୃହ୍ୟାନଯନ୍; ତତୋଽଭ୍ୟାଗତମନୁଜୈ ର୍ୱିୱାହଗୃହମ୍ ଅପୂର୍ୟ୍ୟତ|
28160b0128	ତଦାନୀଂ ସ ରାଜା ସର୍ୱ୍ୱାନଭ୍ୟାଗତାନ୍ ଦ୍ରଷ୍ଟୁମ୍ ଅଭ୍ୟନ୍ତରମାଗତୱାନ୍; ତଦା ତତ୍ର ୱିୱାହୀଯୱସନହୀନମେକଂ ଜନଂ ୱୀକ୍ଷ୍ୟ ତଂ ଜଗାଦ୍,
28160c00c4	ହେ ମିତ୍ର, ତ୍ୱଂ ୱିୱାହୀଯୱସନଂ ୱିନା କଥମତ୍ର ପ୍ରୱିଷ୍ଟୱାନ୍? ତେନ ସ ନିରୁତ୍ତରୋ ବଭୂୱ|
28160d0143	ତଦା ରାଜା ନିଜାନୁଚରାନ୍ ଅୱଦତ୍, ଏତସ୍ୟ କରଚରଣାନ୍ ବଦ୍ଧା ଯତ୍ର ରୋଦନଂ ଦନ୍ତୈର୍ଦନ୍ତଘର୍ଷଣଞ୍ଚ ଭୱତି, ତତ୍ର ୱହିର୍ଭୂତତମିସ୍ରେ ତଂ ନିକ୍ଷିପତ|
28160e0056	ଇତ୍ଥଂ ବହୱ ଆହୂତା ଅଲ୍ପେ ମନୋଭିମତାଃ|
28160f00ce	ଅନନ୍ତରଂ ଫିରୂଶିନଃ ପ୍ରଗତ୍ୟ ଯଥା ସଂଲାପେନ ତମ୍ ଉନ୍ମାଥେ ପାତଯେଯୁସ୍ତଥା ମନ୍ତ୍ରଯିତ୍ୱା
28161001a8	ହେରୋଦୀଯମନୁଜୈଃ ସାକଂ ନିଜଶିଷ୍ୟଗଣେନ ତଂ ପ୍ରତି କଥଯାମାସୁଃ, ହେ ଗୁରୋ, ଭୱାନ୍ ସତ୍ୟଃ ସତ୍ୟମୀଶ୍ୱରୀଯମାର୍ଗମୁପଦିଶତି, କମପି ମାନୁଷଂ ନାନୁରୁଧ୍ୟତେ, କମପି ନାପେକ୍ଷତେ ଚ, ତଦ୍ ୱଯଂ ଜାନୀମଃ|
28161100cf	ଅତଃ କୈସରଭୂପାଯ କରୋଽସ୍ମାକଂ ଦାତୱ୍ୟୋ ନ ୱା? ଅତ୍ର ଭୱତା କିଂ ବୁଧ୍ୟତେ? ତଦ୍ ଅସ୍ମାନ୍ ୱଦତୁ|
28161200c9	ତତୋ ଯୀଶୁସ୍ତେଷାଂ ଖଲତାଂ ୱିଜ୍ଞାଯ କଥିତୱାନ୍, ରେ କପଟିନଃ ଯୁଯଂ କୁତୋ ମାଂ ପରିକ୍ଷଧ୍ୱେ?
28161300cf	ତତ୍କରଦାନସ୍ୟ ମୁଦ୍ରାଂ ମାଂ ଦର୍ଶଯତ| ତଦାନୀଂ ତୈସ୍ତସ୍ୟ ସମୀପଂ ମୁଦ୍ରାଚତୁର୍ଥଭାଗ ଆନୀତେ
28161400bf	ସ ତାନ୍ ପପ୍ରଚ୍ଛ, ଅତ୍ର କସ୍ୟେଯଂ ମୂର୍ତ୍ତି ର୍ନାମ ଚାସ୍ତେ? ତେ ଜଗଦୁଃ, କୈସରଭୂପସ୍ୟ|
28161500c0	ତତଃ ସ ଉକ୍ତୱାନ, କୈସରସ୍ୟ ଯତ୍ ତତ୍ କୈସରାଯ ଦତ୍ତ, ଈଶ୍ୱରସ୍ୟ ଯତ୍ ତଦ୍ ଈଶ୍ୱରାଯ ଦତ୍ତ|
2816160096	ଇତି ୱାକ୍ୟଂ ନିଶମ୍ୟ ତେ ୱିସ୍ମଯଂ ୱିଜ୍ଞାଯ ତଂ ୱିହାଯ ଚଲିତୱନ୍ତଃ|
2816170120	ତସ୍ମିନ୍ନହନି ସିଦୂକିନୋଽର୍ଥାତ୍ ଶ୍ମଶାନାତ୍ ନୋତ୍ଥାସ୍ୟନ୍ତୀତି ୱାକ୍ୟଂ ଯେ ୱଦନ୍ତି, ତେ ଯୀଶେରନ୍ତିକମ୍ ଆଗତ୍ୟ ପପ୍ରଚ୍ଛୁଃ,
281618018b	ହେ ଗୁରୋ, କଶ୍ଚିନ୍ମନୁଜଶ୍ଚେତ୍ ନିଃସନ୍ତାନଃ ସନ୍ ପ୍ରାଣାନ୍ ତ୍ୟଜତି, ତର୍ହି ତସ୍ୟ ଭ୍ରାତା ତସ୍ୟ ଜାଯାଂ ୱ୍ୟୁହ୍ୟ ଭ୍ରାତୁଃ ସନ୍ତାନମ୍ ଉତ୍ପାଦଯିଷ୍ୟତୀତି ମୂସା ଆଦିଷ୍ଟୱାନ୍|
28161901b0	କିନ୍ତ୍ୱସ୍ମାକମତ୍ର କେଽପି ଜନାଃ ସପ୍ତସହୋଦରା ଆସନ୍, ତେଷାଂ ଜ୍ୟେଷ୍ଠ ଏକାଂ କନ୍ୟାଂ ୱ୍ୟୱହାତ୍, ଅପରଂ ପ୍ରାଣତ୍ୟାଗକାଲେ ସ୍ୱଯଂ ନିଃସନ୍ତାନଃ ସନ୍ ତାଂ ସ୍ତ୍ରିଯଂ ସ୍ୱଭ୍ରାତରି ସମର୍ପିତୱାନ୍,
28161a0070	ତତୋ ଦ୍ୱିତୀଯାଦିସପ୍ତମାନ୍ତାଶ୍ଚ ତଥୈୱ ଚକ୍ରୁଃ|
28161b0034	ଶେଷେ ସାପୀ ନାରୀ ମମାର|
28161c0114	ମୃତାନାମ୍ ଉତ୍ଥାନସମଯେ ତେଷାଂ ସପ୍ତାନାଂ ମଧ୍ୟେ ସା ନାରୀ କସ୍ୟ ଭାର୍ୟ୍ୟା ଭୱିଷ୍ୟତି? ଯସ୍ମାତ୍ ସର୍ୱ୍ୱଏୱ ତାଂ ୱ୍ୟୱହନ୍|
28161d00ef	ତତୋ ଯୀଶୁଃ ପ୍ରତ୍ୟୱାଦୀତ୍, ଯୂଯଂ ଧର୍ମ୍ମପୁସ୍ତକମ୍ ଈଶ୍ୱରୀଯାଂ ଶକ୍ତିଞ୍ଚ ନ ୱିଜ୍ଞାଯ ଭ୍ରାନ୍ତିମନ୍ତଃ|
28161e0104	ଉତ୍ଥାନପ୍ରାପ୍ତା ଲୋକା ନ ୱିୱହନ୍ତି, ନ ଚ ୱାଚା ଦୀଯନ୍ତେ, କିନ୍ତ୍ୱୀଶ୍ୱରସ୍ୟ ସ୍ୱର୍ଗସ୍ଥଦୂତାନାଂ ସଦୃଶା ଭୱନ୍ତି|
28161f008e	ଅପରଂ ମୃତାନାମୁତ୍ଥାନମଧି ଯୁଷ୍ମାନ୍ ପ୍ରତୀଯମୀଶ୍ୱରୋକ୍ତିଃ,
2816200147	"ଅହମିବ୍ରାହୀମ ଈଶ୍ୱର ଇସ୍ହାକ ଈଶ୍ୱରୋ ଯାକୂବ ଈଶ୍ୱର" ଇତି କିଂ ଯୁଷ୍ମାଭି ର୍ନାପାଠି? କିନ୍ତ୍ୱୀଶ୍ୱରୋ ଜୀୱତାମ୍ ଈଶ୍ୱର:, ସ ମୃତାନାମୀଶ୍ୱରୋ ନହି|
2816210093	ଇତି ଶ୍ରୁତ୍ୱା ସର୍ୱ୍ୱେ ଲୋକାସ୍ତସ୍ୟୋପଦେଶାଦ୍ ୱିସ୍ମଯଂ ଗତାଃ|
28162200c4	ଅନନ୍ତରଂ ସିଦୂକିନାମ୍ ନିରୁତ୍ତରତ୍ୱୱାର୍ତାଂ ନିଶମ୍ୟ ଫିରୂଶିନ ଏକତ୍ର ମିଲିତୱନ୍ତଃ,
281623007a	ତେଷାମେକୋ ୱ୍ୟୱସ୍ଥାପକୋ ଯୀଶୁଂ ପରୀକ୍ଷିତୁଂ ପପଚ୍ଛ,
281624007d	ହେ ଗୁରୋ ୱ୍ୟୱସ୍ଥାଶାସ୍ତ୍ରମଧ୍ୟେ କାଜ୍ଞା ଶ୍ରେଷ୍ଠା?
281625010d	ତତୋ ଯୀଶୁରୁୱାଚ, ତ୍ୱଂ ସର୍ୱ୍ୱାନ୍ତଃକରଣୈଃ ସର୍ୱ୍ୱପ୍ରାଣୈଃ ସର୍ୱ୍ୱଚିତ୍ତୈଶ୍ଚ ସାକଂ ପ୍ରଭୌ ପରମେଶ୍ୱରେ ପ୍ରୀଯସ୍ୱ,
281626007e	ଏଷା ପ୍ରଥମମହାଜ୍ଞା| ତସ୍ୟାଃ ସଦୃଶୀ ଦ୍ୱିତୀଯାଜ୍ଞୈଷା,
2816270062	ତୱ ସମୀପୱାସିନି ସ୍ୱାତ୍ମନୀୱ ପ୍ରେମ କୁରୁ|
28162800db	ଅନଯୋ ର୍ଦ୍ୱଯୋରାଜ୍ଞଯୋଃ କୃତ୍ସ୍ନୱ୍ୟୱସ୍ଥାଯା ଭୱିଷ୍ୟଦ୍ୱକ୍ତୃଗ୍ରନ୍ଥସ୍ୟ ଚ ଭାରସ୍ତିଷ୍ଠତି|
2816290099	ଅନନ୍ତରଂ ଫିରୂଶିନାମ୍ ଏକତ୍ର ସ୍ଥିତିକାଲେ ଯୀଶୁସ୍ତାନ୍ ପପ୍ରଚ୍ଛ,
28162a00ec	ଖ୍ରୀଷ୍ଟମଧି ଯୁଷ୍ମାକଂ କୀଦୃଗ୍ବୋଧୋ ଜାଯତେ? ସ କସ୍ୟ ସନ୍ତାନଃ? ତତସ୍ତେ ପ୍ରତ୍ୟୱଦନ୍, ଦାଯୂଦଃ ସନ୍ତାନଃ|
28162b00aa	ତଦା ସ ଉକ୍ତୱାନ୍, ତର୍ହି ଦାଯୂଦ୍ କଥମ୍ ଆତ୍ମାଧିଷ୍ଠାନେନ ତଂ ପ୍ରଭୁଂ ୱଦତି?
28162c01dc	ଯଥା ମମ ପ୍ରଭୁମିଦଂ ୱାକ୍ୟମୱଦତ୍ ପରମେଶ୍ୱରଃ| ତୱାରୀନ୍ ପାଦପୀଠଂ ତେ ଯାୱନ୍ନହି କରୋମ୍ୟହଂ| ତାୱତ୍ କାଲଂ ମଦୀଯେ ତ୍ୱଂ ଦକ୍ଷପାର୍ଶ୍ୱ ଉପାୱିଶ| ଅତୋ ଯଦି ଦାଯୂଦ୍ ତଂ ପ୍ରଭୁଂ ୱଦତି, ର୍ତିହ ସ କଥଂ ତସ୍ୟ ସନ୍ତାନୋ ଭୱତି?
28162d00a3	ତଦାନୀଂ ତେଷାଂ କୋପି ତଦ୍ୱାକ୍ୟସ୍ୟ କିମପ୍ୟୁତ୍ତରଂ ଦାତୁଂ ନାଶକ୍ନୋତ୍;
28162e00a1	ତଦ୍ଦିନମାରଭ୍ୟ ତଂ କିମପି ୱାକ୍ୟଂ ପ୍ରଷ୍ଟୁଂ କସ୍ୟାପି ସାହସୋ ନାଭୱତ୍|
281701006d	ଅନନ୍ତରଂ ଯୀଶୁ ର୍ଜନନିୱହଂ ଶିଷ୍ୟାଂଶ୍ଚାୱଦତ୍,
281702006d	ଅଧ୍ୟାପକାଃ ଫିରୂଶିନଶ୍ଚ ମୂସାସନେ ଉପୱିଶନ୍ତି,
28170301be	ଅତସ୍ତେ ଯୁଷ୍ମାନ୍ ଯଦ୍ୟତ୍ ମନ୍ତୁମ୍ ଆଜ୍ଞାପଯନ୍ତି, ତତ୍ ମନ୍ୟଧ୍ୱଂ ପାଲଯଧ୍ୱଞ୍ଚ, କିନ୍ତୁ ତେଷାଂ କର୍ମ୍ମାନୁରୂପଂ କର୍ମ୍ମ ନ କୁରୁଧ୍ୱଂ; ଯତସ୍ତେଷାଂ ୱାକ୍ୟମାତ୍ରଂ ସାରଂ କାର୍ୟ୍ୟେ କିମପି ନାସ୍ତି|
2817040133	ତେ ଦୁର୍ୱ୍ୱହାନ୍ ଗୁରୁତରାନ୍ ଭାରାନ୍ ବଦ୍ୱ୍ୱା ମନୁଷ୍ୟାଣାଂ ସ୍କନ୍ଧେପରି ସମର୍ପଯନ୍ତି, କିନ୍ତୁ ସ୍ୱଯମଙ୍ଗୁଲ୍ୟୈକଯାପି ନ ଚାଲଯନ୍ତି|
2817050155	କେୱଲଂ ଲୋକଦର୍ଶନାଯ ସର୍ୱ୍ୱକର୍ମ୍ମାଣି କୁର୍ୱ୍ୱନ୍ତି; ଫଲତଃ ପଟ୍ଟବନ୍ଧାନ୍ ପ୍ରସାର୍ୟ୍ୟ ଧାରଯନ୍ତି, ସ୍ୱୱସ୍ତ୍ରେଷୁ ଚ ଦୀର୍ଘଗ୍ରନ୍ଥୀନ୍ ଧାରଯନ୍ତି;
281706006e	ଭୋଜନଭୱନ ଉଚ୍ଚସ୍ଥାନଂ, ଭଜନଭୱନେ ପ୍ରଧାନମାସନଂ,
28170700a8	ହଟ୍ଠେ ନମସ୍କାରଂ ଗୁରୁରିତି ସମ୍ବୋଧନଞ୍ଚୈତାନି ସର୍ୱ୍ୱାଣି ୱାଞ୍ଛନ୍ତି|
28170800c0	କିନ୍ତୁ ଯୂଯଂ ଗୁରୱ ଇତି ସମ୍ବୋଧନୀଯା ମା ଭୱତ, ଯତୋ ଯୁଷ୍ମାକମ୍ ଏକଃ ଖ୍ରୀଷ୍ଟଏୱ ଗୁରୁ
2817090124	ର୍ୟୂଯଂ ସର୍ୱ୍ୱେ ମିଥୋ ଭ୍ରାତରଶ୍ଚ| ପୁନଃ ପୃଥିୱ୍ୟାଂ କମପି ପିତେତି ମା ସମ୍ବୁଧ୍ୟଧ୍ୱଂ, ଯତୋ ଯୁଷ୍ମାକମେକଃ ସ୍ୱର୍ଗସ୍ଥଏୱ ପିତା|
28170a00a9	ଯୂଯଂ ନାଯକେତି ସମ୍ଭାଷିତା ମା ଭୱତ, ଯତୋ ଯୁଷ୍ମାକମେକଃ ଖ୍ରୀଷ୍ଟଏୱ ନାଯକଃ|
28170b00a2	ଅପରଂ ଯୁଷ୍ମାକଂ ମଧ୍ୟେ ଯଃ ପୁମାନ୍ ଶ୍ରେଷ୍ଠଃ ସ ଯୁଷ୍ମାନ୍ ସେୱିଷ୍ୟତେ|
28170c00e6	ଯତୋ ଯଃ ସ୍ୱମୁନ୍ନମତି, ସ ନତଃ କରିଷ୍ୟତେ; କିନ୍ତୁ ଯଃ କଶ୍ଚିତ୍ ସ୍ୱମୱନତଂ କରୋତି, ସ ଉନ୍ନତଃ କରିଷ୍ୟତେ|
28170d0284	ହନ୍ତ କପଟିନ ଉପାଧ୍ୟାଯାଃ ଫିରୂଶିନଶ୍ଚ, ଯୂଯଂ ମନୁଜାନାଂ ସମକ୍ଷଂ ସ୍ୱର୍ଗଦ୍ୱାରଂ ରୁନ୍ଧ, ଯୂଯଂ ସ୍ୱଯଂ ତେନ ନ ପ୍ରୱିଶଥ, ପ୍ରୱିୱିକ୍ଷୂନପି ୱାରଯଥ| ୱତ କପଟିନ ଉପାଧ୍ୟାଯାଃ ଫିରୂଶିନଶ୍ଚ ଯୂଯଂ ଛଲାଦ୍ ଦୀର୍ଘଂ ପ୍ରାର୍ଥ୍ୟ ୱିଧୱାନାଂ ସର୍ୱ୍ୱସ୍ୱଂ ଗ୍ରସଥ, ଯୁଷ୍ମାକଂ ଘୋରତରଦଣ୍ଡୋ ଭୱିଷ୍ୟତି|
28170e011f	ହନ୍ତ କପଟିନ ଉପାଧ୍ୟାଯାଃ ଫିରୂଶିନଶ୍ଚ, ଯୂଯମେକଂ ସ୍ୱଧର୍ମ୍ମାୱଲମ୍ବିନଂ କର୍ତ୍ତୁଂ ସାଗରଂ ଭୂମଣ୍ଡଲଞ୍ଚ ପ୍ରଦକ୍ଷିଣୀକୁରୁଥ,
28170f007b	କଞ୍ଚନ ପ୍ରାପ୍ୟ ସ୍ୱତୋ ଦ୍ୱିଗୁଣନରକଭାଜନଂ ତଂ କୁରୁଥ|
281710012b	ୱତ ଅନ୍ଧପଥଦର୍ଶକାଃ ସର୍ୱ୍ୱେ, ଯୂଯଂ ୱଦଥ, ମନ୍ଦିରସ୍ୟ ଶପଥକରଣାତ୍ କିମପି ନ ଦେଯଂ; କିନ୍ତୁ ମନ୍ଦିରସ୍ଥସୁୱର୍ଣସ୍ୟ ଶପଥକରଣାଦ୍ ଦେଯଂ|
28171100d3	ହେ ମୂଢା ହେ ଅନ୍ଧାଃ ସୁୱର୍ଣଂ ତତ୍ସୁୱର୍ଣପାୱକମନ୍ଦିରମ୍ ଏତଯୋରୁଭଯୋ ର୍ମଧ୍ୟେ କିଂ ଶ୍ରେଯଃ?
2817120107	ଅନ୍ୟଚ୍ଚ ୱଦଥ, ଯଜ୍ଞୱେଦ୍ୟାଃ ଶପଥକରଣାତ୍ କିମପି ନ ଦେଯଂ, କିନ୍ତୁ ତଦୁପରିସ୍ଥିତସ୍ୟ ନୈୱେଦ୍ୟସ୍ୟ ଶପଥକରଣାଦ୍ ଦେଯଂ|
28171300d0	ହେ ମୂଢା ହେ ଅନ୍ଧାଃ, ନୈୱେଦ୍ୟଂ ତନ୍ନୈୱେଦ୍ୟପାୱକୱେଦିରେତଯୋରୁଭଯୋ ର୍ମଧ୍ୟେ କିଂ ଶ୍ରେଯଃ?
28171400c0	ଅତଃ କେନଚିଦ୍ ଯଜ୍ଞୱେଦ୍ୟାଃ ଶପଥେ କୃତେ ତଦୁପରିସ୍ଥସ୍ୟ ସର୍ୱ୍ୱସ୍ୟ ଶପଥଃ କ୍ରିଯତେ|
28171500a6	କେନଚିତ୍ ମନ୍ଦିରସ୍ୟ ଶପଥେ କୃତେ ମନ୍ଦିରତନ୍ନିୱାସିନୋଃ ଶପଥଃ କ୍ରିଯତେ|
28171600d3	କେନଚିତ୍ ସ୍ୱର୍ଗସ୍ୟ ଶପଥେ କୃତେ ଈଶ୍ୱରୀଯସିଂହାସନତଦୁପର୍ୟ୍ୟୁପୱିଷ୍ଟଯୋଃ ଶପଥଃ କ୍ରିଯତେ|
28171701f3	ହନ୍ତ କପଟିନ ଉପାଧ୍ୟାଯାଃ ଫିରୂଶିନଶ୍ଚ, ଯୂଯଂ ପୋଦିନାଯାଃ ସିତଚ୍ଛତ୍ରାଯା ଜୀରକସ୍ୟ ଚ ଦଶମାଂଶାନ୍ ଦତ୍ଥ, କିନ୍ତୁ ୱ୍ୟୱସ୍ଥାଯା ଗୁରୁତରାନ୍ ନ୍ୟାଯଦଯାୱିଶ୍ୱାସାନ୍ ପରିତ୍ୟଜଥ; ଇମେ ଯୁଷ୍ମାଭିରାଚରଣୀଯା ଅମୀ ଚ ନ ଲଂଘନୀଯାଃ|
28171800a2	ହେ ଅନ୍ଧପଥଦର୍ଶକା ଯୂଯଂ ମଶକାନ୍ ଅପସାରଯଥ, କିନ୍ତୁ ମହାଙ୍ଗାନ୍ ଗ୍ରସଥ|
281719017c	ହନ୍ତ କପଟିନ ଉପାଧ୍ୟାଯାଃ ଫିରୂଶିନଶ୍ଚ, ଯୂଯଂ ପାନପାତ୍ରାଣାଂ ଭୋଜନପାତ୍ରାଣାଞ୍ଚ ବହିଃ ପରିଷ୍କୁରୁଥ; କିନ୍ତୁ ତଦଭ୍ୟନ୍ତରଂ ଦୁରାତ୍ମତଯା କଲୁଷେଣ ଚ ପରିପୂର୍ଣମାସ୍ତେ|
28171a0129	ହେ ଅନ୍ଧାଃ ଫିରୂଶିଲୋକା ଆଦୌ ପାନପାତ୍ରାଣାଂ ଭୋଜନପାତ୍ରାଣାଞ୍ଚାଭ୍ୟନ୍ତରଂ ପରିଷ୍କୁରୁତ, ତେନ ତେଷାଂ ବହିରପି ପରିଷ୍କାରିଷ୍ୟତେ|
28171b01b7	ହନ୍ତ କପଟିନ ଉପାଧ୍ୟାଯାଃ ଫିରୂଶିନଶ୍ଚ, ଯୂଯଂ ଶୁକ୍ଲୀକୃତଶ୍ମଶାନସ୍ୱରୂପା ଭୱଥ, ଯଥା ଶ୍ମଶାନଭୱନସ୍ୟ ବହିଶ୍ଚାରୁ, କିନ୍ତ୍ୱଭ୍ୟନ୍ତରଂ ମୃତଲୋକାନାଂ କୀକଶୈଃ ସର୍ୱ୍ୱପ୍ରକାରମଲେନ ଚ ପରିପୂର୍ଣମ୍;
28171c0113	ତଥୈୱ ଯୂଯମପି ଲୋକାନାଂ ସମକ୍ଷଂ ବହିର୍ଧାର୍ମ୍ମିକାଃ କିନ୍ତ୍ୱନ୍ତଃକରଣେଷୁ କେୱଲକାପଟ୍ୟାଧର୍ମ୍ମାଭ୍ୟାଂ ପରିପୂର୍ଣାଃ|
28171d0121	ହା ହା କପଟିନ ଉପାଧ୍ୟାଯାଃ ଫିରୂଶିନଶ୍ଚ, ଯୂଯଂ ଭୱିଷ୍ୟଦ୍ୱାଦିନାଂ ଶ୍ମଶାନଗେହଂ ନିର୍ମ୍ମାଥ, ସାଧୂନାଂ ଶ୍ମଶାନନିକେତନଂ ଶୋଭଯଥ
28171e0138	ୱଦଥ ଚ ଯଦି ୱଯଂ ସ୍ୱେଷାଂ ପୂର୍ୱ୍ୱପୁରୁଷାଣାଂ କାଲ ଅସ୍ଥାସ୍ୟାମ, ତର୍ହି ଭୱିଷ୍ୟଦ୍ୱାଦିନାଂ ଶୋଣିତପାତନେ ତେଷାଂ ସହଭାଗିନୋ ନାଭୱିଷ୍ୟାମ|
28171f00c6	ଅତୋ ଯୂଯଂ ଭୱିଷ୍ୟଦ୍ୱାଦିଘାତକାନାଂ ସନ୍ତାନା ଇତି ସ୍ୱଯମେୱ ସ୍ୱେଷାଂ ସାକ୍ଷ୍ୟଂ ଦତ୍ଥ|
281720008f	ଅତୋ ଯୂଯଂ ନିଜପୂର୍ୱ୍ୱପୁରୁଷାଣାଂ ପରିମାଣପାତ୍ରଂ ପରିପୂରଯତ|
28172100a1	ରେ ଭୁଜଗାଃ କୃଷ୍ଣଭୁଜଗୱଂଶାଃ, ଯୂଯଂ କଥଂ ନରକଦଣ୍ଡାଦ୍ ରକ୍ଷିଷ୍ୟଧ୍ୱେ|
2817220231	ପଶ୍ୟତ, ଯୁଷ୍ମାକମନ୍ତିକମ୍ ଅହଂ ଭୱିଷ୍ୟଦ୍ୱାଦିନୋ ବୁଦ୍ଧିମତ ଉପାଧ୍ୟାଯାଂଶ୍ଚ ପ୍ରେଷଯିଷ୍ୟାମି, କିନ୍ତୁ ତେଷାଂ କତିପଯା ଯୁଷ୍ମାଭି ର୍ଘାନିଷ୍ୟନ୍ତେ, କ୍ରୁଶେ ଚ ଘାନିଷ୍ୟନ୍ତେ, କେଚିଦ୍ ଭଜନଭୱନେ କଷାଭିରାଘାନିଷ୍ୟନ୍ତେ, ନଗରେ ନଗରେ ତାଡିଷ୍ୟନ୍ତେ ଚ;
2817230269	ତେନ ସତ୍ପୁରୁଷସ୍ୟ ହାବିଲୋ ରକ୍ତପାତମାରଭ୍ୟ ବେରିଖିଯଃ ପୁତ୍ରଂ ଯଂ ସିଖରିଯଂ ଯୂଯଂ ମନ୍ଦିରଯଜ୍ଞୱେଦ୍ୟୋ ର୍ମଧ୍ୟେ ହତୱନ୍ତଃ, ତଦୀଯଶୋଣିତପାତଂ ଯାୱଦ୍ ଅସ୍ମିନ୍ ଦେଶେ ଯାୱତାଂ ସାଧୁପୁରୁଷାଣାଂ ଶୋଣିତପାତୋ ଽଭୱତ୍ ତତ୍ ସର୍ୱ୍ୱେଷାମାଗସାଂ ଦଣ୍ଡା ଯୁଷ୍ମାସୁ ୱର୍ତ୍ତିଷ୍ୟନ୍ତେ|
28172400cc	ଅହଂ ଯୁଷ୍ମାନ୍ତ ତଥ୍ୟଂ ୱଦାମି, ୱିଦ୍ୟମାନେଽସ୍ମିନ୍ ପୁରୁଷେ ସର୍ୱ୍ୱେ ୱର୍ତ୍ତିଷ୍ୟନ୍ତେ|
2817250230	ହେ ଯିରୂଶାଲମ୍ ହେ ଯିରୂଶାଲମ୍ ନଗରି ତ୍ୱଂ ଭୱିଷ୍ୟଦ୍ୱାଦିନୋ ହତୱତୀ, ତୱ ସମୀପଂ ପ୍ରେରିତାଂଶ୍ଚ ପାଷାଣୈରାହତୱତୀ, ଯଥା କୁକ୍କୁଟୀ ଶାୱକାନ୍ ପକ୍ଷାଧଃ ସଂଗୃହ୍ଲାତି, ତଥା ତୱ ସନ୍ତାନାନ୍ ସଂଗ୍ରହୀତୁଂ ଅହଂ ବହୁୱାରମ୍ ଐଚ୍ଛଂ; କିନ୍ତୁ ତ୍ୱଂ ନ ସମମନ୍ୟଥାଃ|
2817260080	ପଶ୍ୟତ ଯଷ୍ମାକଂ ୱାସସ୍ଥାନମ୍ ଉଚ୍ଛିନ୍ନଂ ତ୍ୟକ୍ଷ୍ୟତେ|
2817270132	ଅହଂ ଯୁଷ୍ମାନ୍ ତଥ୍ୟଂ ୱଦାମି, ଯଃ ପରମେଶ୍ୱରସ୍ୟ ନାମ୍ନାଗଚ୍ଛତି, ସ ଧନ୍ୟ ଇତି ୱାଣୀଂ ଯାୱନ୍ନ ୱଦିଷ୍ୟଥ, ତାୱତ୍ ମାଂ ପୁନ ର୍ନ ଦ୍ରକ୍ଷ୍ୟଥ|
2818010101	ଅନନ୍ତରଂ ଯୀଶୁ ର୍ୟଦା ମନ୍ଦିରାଦ୍ ବହି ର୍ଗଚ୍ଛତି, ତଦାନୀଂ ଶିଷ୍ୟାସ୍ତଂ ମନ୍ଦିରନିର୍ମ୍ମାଣଂ ଦର୍ଶଯିତୁମାଗତାଃ|
281802018d	ତତୋ ଯୀଶୁସ୍ତାନୁୱାଚ, ଯୂଯଂ କିମେତାନି ନ ପଶ୍ୟଥ? ଯୁଷ୍ମାନହଂ ସତ୍ୟଂ ୱଦାମି, ଏତନ୍ନିଚଯନସ୍ୟ ପାଷାଣୈକମପ୍ୟନ୍ୟପାଷାଣେପରି ନ ସ୍ଥାସ୍ୟତି ସର୍ୱ୍ୱାଣି ଭୂମିସାତ୍ କାରିଷ୍ୟନ୍ତେ|
28180301bb	ଅନନ୍ତରଂ ତସ୍ମିନ୍ ଜୈତୁନପର୍ୱ୍ୱତୋପରି ସମୁପୱିଷ୍ଟେ ଶିଷ୍ୟାସ୍ତସ୍ୟ ସମୀପମାଗତ୍ୟ ଗୁପ୍ତଂ ପପ୍ରଚ୍ଛୁଃ, ଏତା ଘଟନାଃ କଦା ଭୱିଷ୍ୟନ୍ତି? ଭୱତ ଆଗମନସ୍ୟ ଯୁଗାନ୍ତସ୍ୟ ଚ କିଂ ଲକ୍ଷ୍ମ? ତଦସ୍ମାନ୍ ୱଦତୁ|
281804009f	ତଦାନୀଂ ଯୀଶୁସ୍ତାନୱୋଚତ୍, ଅୱଧଦ୍ୱ୍ୱଂ, କୋପି ଯୁଷ୍ମାନ୍ ନ ଭ୍ରମଯେତ୍|
28180500e3	ବହୱୋ ମମ ନାମ ଗୃହ୍ଲନ୍ତ ଆଗମିଷ୍ୟନ୍ତି, ଖ୍ରୀଷ୍ଟୋଽହମେୱେତି ୱାଚଂ ୱଦନ୍ତୋ ବହୂନ୍ ଭ୍ରମଯିଷ୍ୟନ୍ତି|
2818060142	ଯୂଯଞ୍ଚ ସଂଗ୍ରାମସ୍ୟ ରଣସ୍ୟ ଚାଡମ୍ବରଂ ଶ୍ରୋଷ୍ୟଥ, ଅୱଧଦ୍ୱ୍ୱଂ ତେନ ଚଞ୍ଚଲା ମା ଭୱତ, ଏତାନ୍ୟୱଶ୍ୟଂ ଘଟିଷ୍ୟନ୍ତେ, କିନ୍ତୁ ତଦା ଯୁଗାନ୍ତୋ ନହି|
2818070139	ଅପରଂ ଦେଶସ୍ୟ ୱିପକ୍ଷୋ ଦେଶୋ ରାଜ୍ୟସ୍ୟ ୱିପକ୍ଷୋ ରାଜ୍ୟଂ ଭୱିଷ୍ୟତି, ସ୍ଥାନେ ସ୍ଥାନେ ଚ ଦୁର୍ଭିକ୍ଷଂ ମହାମାରୀ ଭୂକମ୍ପଶ୍ଚ ଭୱିଷ୍ୟନ୍ତି,
2818080035	ଏତାନି ଦୁଃଖୋପକ୍ରମାଃ|
281809017d	ତଦାନୀଂ ଲୋକା ଦୁଃଖଂ ଭୋଜଯିତୁଂ ଯୁଷ୍ମାନ୍ ପରକରେଷୁ ସମର୍ପଯିଷ୍ୟନ୍ତି ହନିଷ୍ୟନ୍ତି ଚ, ତଥା ମମ ନାମକାରଣାଦ୍ ଯୂଯଂ ସର୍ୱ୍ୱଦେଶୀଯମନୁଜାନାଂ ସମୀପେ ଘୃଣାର୍ହା ଭୱିଷ୍ୟଥ|
28180a00e2	ବହୁଷୁ ୱିଘ୍ନଂ ପ୍ରାପ୍ତୱତ୍ସୁ ପରସ୍ପରମ୍ ଋତୀଯାଂ କୃତୱତ୍ସୁ ଚ ଏକୋଽପରଂ ପରକରେଷୁ ସମର୍ପଯିଷ୍ୟତି|
28180b0099	ତଥା ବହୱୋ ମୃଷାଭୱିଷ୍ୟଦ୍ୱାଦିନ ଉପସ୍ଥାଯ ବହୂନ୍ ଭ୍ରମଯିଷ୍ୟନ୍ତି|
28180c0096	ଦୁଷ୍କର୍ମ୍ମଣାଂ ବାହୁଲ୍ୟାଞ୍ଚ ବହୂନାଂ ପ୍ରେମ ଶୀତଲଂ ଭୱିଷ୍ୟତି|
28180d00b1	କିନ୍ତୁ ଯଃ କଶ୍ଚିତ୍ ଶେଷଂ ଯାୱଦ୍ ଧୈର୍ୟ୍ୟମାଶ୍ରଯତେ, ସଏୱ ପରିତ୍ରାଯିଷ୍ୟତେ|
28180e0145	ଅପରଂ ସର୍ୱ୍ୱଦେଶୀଯଲୋକାନ୍ ପ୍ରତିମାକ୍ଷୀ ଭୱିତୁଂ ରାଜସ୍ୟ ଶୁଭସମାଚାରଃ ସର୍ୱ୍ୱଜଗତି ପ୍ରଚାରିଷ୍ୟତେ, ଏତାଦୃଶି ସତି ଯୁଗାନ୍ତ ଉପସ୍ଥାସ୍ୟତି|
28180f015c	ଅତୋ ଯତ୍ ସର୍ୱ୍ୱନାଶକୃଦ୍ଘୃଣାର୍ହଂ ୱସ୍ତୁ ଦାନିଯେଲ୍ଭୱିଷ୍ୟଦ୍ୱଦିନା ପ୍ରୋକ୍ତଂ ତଦ୍ ଯଦା ପୁଣ୍ୟସ୍ଥାନେ ସ୍ଥାପିତଂ ଦ୍ରକ୍ଷ୍ୟଥ, (ଯଃ ପଠତି, ସ ବୁଧ୍ୟତାଂ)
281810009b	ତଦାନୀଂ ଯେ ଯିହୂଦୀଯଦେଶେ ତିଷ୍ଠନ୍ତି, ତେ ପର୍ୱ୍ୱତେଷୁ ପଲାଯନ୍ତାଂ|
28181100c5	ଯଃ କଶ୍ଚିଦ୍ ଗୃହପୃଷ୍ଠେ ତିଷ୍ଠତି, ସ ଗୃହାତ୍ କିମପି ୱସ୍ତ୍ୱାନେତୁମ୍ ଅଧେ ନାୱରୋହେତ୍|
28181200a2	ଯଶ୍ଚ କ୍ଷେତ୍ରେ ତିଷ୍ଠତି, ସୋପି ୱସ୍ତ୍ରମାନେତୁଂ ପରାୱୃତ୍ୟ ନ ଯାଯାତ୍|
2818130094	ତଦାନୀଂ ଗର୍ଭିଣୀସ୍ତନ୍ୟପାଯଯିତ୍ରୀଣାଂ ଦୁର୍ଗତି ର୍ଭୱିଷ୍ୟତି|
28181400cb	ଅତୋ ଯଷ୍ମାକଂ ପଲାଯନଂ ଶୀତକାଲେ ୱିଶ୍ରାମୱାରେ ୱା ଯନ୍ନ ଭୱେତ୍, ତଦର୍ଥଂ ପ୍ରାର୍ଥଯଧ୍ୱମ୍|
281815011d	ଆ ଜଗଦାରମ୍ଭାଦ୍ ଏତତ୍କାଲପର୍ୟ୍ୟନନ୍ତଂ ଯାଦୃଶଃ କଦାପି ନାଭୱତ୍ ନ ଚ ଭୱିଷ୍ୟତି ତାଦୃଶୋ ମହାକ୍ଲେଶସ୍ତଦାନୀମ୍ ଉପସ୍ଥାସ୍ୟତି|
2818160178	ତସ୍ୟ କ୍ଲେଶସ୍ୟ ସମଯୋ ଯଦି ହ୍ସ୍ୱୋ ନ କ୍ରିଯେତ, ତର୍ହି କସ୍ୟାପି ପ୍ରାଣିନୋ ରକ୍ଷଣଂ ଭୱିତୁଂ ନ ଶକ୍ନୁଯାତ୍, କିନ୍ତୁ ମନୋନୀତମନୁଜାନାଂ କୃତେ ସ କାଲୋ ହ୍ସ୍ୱୀକରିଷ୍ୟତେ|
2818170133	ଅପରଞ୍ଚ ପଶ୍ୟତ, ଖ୍ରୀଷ୍ଟୋଽତ୍ର ୱିଦ୍ୟତେ, ୱା ତତ୍ର ୱିଦ୍ୟତେ, ତଦାନୀଂ ଯଦୀ କଶ୍ଚିଦ୍ ଯୁଷ୍ମାନ ଇତି ୱାକ୍ୟଂ ୱଦତି, ତଥାପି ତତ୍ ନ ପ୍ରତୀତ୍|
28181801b6	ଯତୋ ଭାକ୍ତଖ୍ରୀଷ୍ଟା ଭାକ୍ତଭୱିଷ୍ୟଦ୍ୱାଦିନଶ୍ଚ ଉପସ୍ଥାଯ ଯାନି ମହନ୍ତି ଲକ୍ଷ୍ମାଣି ଚିତ୍ରକର୍ମ୍ମାଣି ଚ ପ୍ରକାଶଯିଷ୍ୟନ୍ତି, ତୈ ର୍ୟଦି ସମ୍ଭୱେତ୍ ତର୍ହି ମନୋନୀତମାନୱା ଅପି ଭ୍ରାମିଷ୍ୟନ୍ତେ|
281819008e	ପଶ୍ୟତ, ଘଟନାତଃ ପୂର୍ୱ୍ୱଂ ଯୁଷ୍ମାନ୍ ୱାର୍ତ୍ତାମ୍ ଅୱାଦିଷମ୍|
28181a0159	ଅତଃ ପଶ୍ୟତ, ସ ପ୍ରାନ୍ତରେ ୱିଦ୍ୟତ ଇତି ୱାକ୍ୟେ କେନଚିତ୍ କଥିତେପି ବହି ର୍ମା ଗଚ୍ଛତ, ୱା ପଶ୍ୟତ, ସୋନ୍ତଃପୁରେ ୱିଦ୍ୟତେ, ଏତଦ୍ୱାକ୍ୟ ଉକ୍ତେପି ମା ପ୍ରତୀତ|
28181b0117	ଯତୋ ଯଥା ୱିଦ୍ୟୁତ୍ ପୂର୍ୱ୍ୱଦିଶୋ ନିର୍ଗତ୍ୟ ପଶ୍ଚିମଦିଶଂ ଯାୱତ୍ ପ୍ରକାଶତେ, ତଥା ମାନୁଷପୁତ୍ରସ୍ୟାପ୍ୟାଗମନଂ ଭୱିଷ୍ୟତି|
28181c006c	ଯତ୍ର ଶୱସ୍ତିଷ୍ଠତି, ତତ୍ରେୱ ଗୃଧ୍ରା ମିଲନ୍ତି|
28181d019c	ଅପରଂ ତସ୍ୟ କ୍ଲେଶସମଯସ୍ୟାୱ୍ୟୱହିତପରତ୍ର ସୂର୍ୟ୍ୟସ୍ୟ ତେଜୋ ଲୋପ୍ସ୍ୟତେ, ଚନ୍ଦ୍ରମା ଜ୍ୟୋସ୍ନାଂ ନ କରିଷ୍ୟତି, ନଭସୋ ନକ୍ଷତ୍ରାଣି ପତିଷ୍ୟନ୍ତି, ଗଗଣୀଯା ଗ୍ରହାଶ୍ଚ ୱିଚଲିଷ୍ୟନ୍ତି|
28181e01a3	ତଦାନୀମ୍ ଆକାଶମଧ୍ୟେ ମନୁଜସୁତସ୍ୟ ଲକ୍ଷ୍ମ ଦର୍ଶିଷ୍ୟତେ, ତତୋ ନିଜପରାକ୍ରମେଣ ମହାତେଜସା ଚ ମେଘାରୂଢଂ ମନୁଜସୁତଂ ନଭସାଗଚ୍ଛନ୍ତଂ ୱିଲୋକ୍ୟ ପୃଥିୱ୍ୟାଃ ସର୍ୱ୍ୱୱଂଶୀଯା ୱିଲପିଷ୍ୟନ୍ତି|
28181f0183	ତଦାନୀଂ ସ ମହାଶବ୍ଦାଯମାନତୂର୍ୟ୍ୟା ୱାଦକାନ୍ ନିଜଦୂତାନ୍ ପ୍ରହେଷ୍ୟତି, ତେ ୱ୍ୟୋମ୍ନ ଏକସୀମାତୋଽପରସୀମାଂ ଯାୱତ୍ ଚତୁର୍ଦିଶସ୍ତସ୍ୟ ମନୋନୀତଜନାନ୍ ଆନୀଯ ମେଲଯିଷ୍ୟନ୍ତି|
281820015d	ଉଡୁମ୍ବରପାଦପସ୍ୟ ଦୃଷ୍ଟାନ୍ତଂ ଶିକ୍ଷଧ୍ୱଂ; ଯଦା ତସ୍ୟ ନୱୀନାଃ ଶାଖା ଜାଯନ୍ତେ, ପଲ୍ଲୱାଦିଶ୍ଚ ନିର୍ଗଚ୍ଛତି, ତଦା ନିଦାଘକାଲଃ ସୱିଧୋ ଭୱତୀତି ଯୂଯଂ ଜାନୀଥ;
281821009a	ତଦ୍ୱଦ୍ ଏତା ଘଟନା ଦୃଷ୍ଟ୍ୱା ସ ସମଯୋ ଦ୍ୱାର ଉପାସ୍ଥାଦ୍ ଇତି ଜାନୀତ|
28182200e5	ଯୁଷ୍ମାନହଂ ତଥ୍ୟଂ ୱଦାମି, ଇଦାନୀନ୍ତନଜନାନାଂ ଗମନାତ୍ ପୂର୍ୱ୍ୱମେୱ ତାନି ସର୍ୱ୍ୱାଣି ଘଟିଷ୍ୟନ୍ତେ|
281823008b	ନଭୋମେଦିନ୍ୟୋ ର୍ଲୁପ୍ତଯୋରପି ମମ ୱାକ୍ କଦାପି ନ ଲୋପ୍ସ୍ୟତେ|
28182400d3	ଅପରଂ ମମ ତାତଂ ୱିନା ମାନୁଷଃ ସ୍ୱର୍ଗସ୍ଥୋ ଦୂତୋ ୱା କୋପି ତଦ୍ଦିନଂ ତଦ୍ଦଣ୍ଡଞ୍ଚ ନ ଜ୍ଞାପଯତି|
28182500be	ଅପରଂ ନୋହେ ୱିଦ୍ୟମାନେ ଯାଦୃଶମଭୱତ୍ ତାଦୃଶଂ ମନୁଜସୁତସ୍ୟାଗମନକାଲେପି ଭୱିଷ୍ୟତି|
2818260151	ଫଲତୋ ଜଲାପ୍ଲାୱନାତ୍ ପୂର୍ୱ୍ୱଂ ଯଦ୍ଦିନଂ ଯାୱତ୍ ନୋହଃ ପୋତଂ ନାରୋହତ୍, ତାୱତ୍କାଲଂ ଯଥା ମନୁଷ୍ୟା ଭୋଜନେ ପାନେ ୱିୱହନେ ୱିୱାହନେ ଚ ପ୍ରୱୃତ୍ତା ଆସନ୍;
2818270136	ଅପରମ୍ ଆପ୍ଲାୱିତୋଯମାଗତ୍ୟ ଯାୱତ୍ ସକଲମନୁଜାନ୍ ପ୍ଲାୱଯିତ୍ୱା ନାନଯତ୍, ତାୱତ୍ ତେ ଯଥା ନ ୱିଦାମାସୁଃ, ତଥା ମନୁଜସୁତାଗମନେପି ଭୱିଷ୍ୟତି|
28182800a4	ତଦା କ୍ଷେତ୍ରସ୍ଥିତଯୋର୍ଦ୍ୱଯୋରେକୋ ଧାରିଷ୍ୟତେ, ଅପରସ୍ତ୍ୟାଜିଷ୍ୟତେ|
28182900b7	ତଥା ପେଷଣ୍ୟା ପିଂଷତ୍ୟୋରୁଭଯୋ ର୍ୟୋଷିତୋରେକା ଧାରିଷ୍ୟତେଽପରା ତ୍ୟାଜିଷ୍ୟତେ|
28182a0103	ଯୁଷ୍ମାକଂ ପ୍ରଭୁଃ କସ୍ମିନ୍ ଦଣ୍ଡ ଆଗମିଷ୍ୟତି, ତଦ୍ ଯୁଷ୍ମାଭି ର୍ନାୱଗମ୍ୟତେ, ତସ୍ମାତ୍ ଜାଗ୍ରତଃ ସନ୍ତସ୍ତିଷ୍ଠତ|
28182b014c	କୁତ୍ର ଯାମେ ସ୍ତେନ ଆଗମିଷ୍ୟତୀତି ଚେଦ୍ ଗୃହସ୍ଥୋ ଜ୍ଞାତୁମ୍ ଅଶକ୍ଷ୍ୟତ୍, ତର୍ହି ଜାଗରିତ୍ୱା ତଂ ସନ୍ଧିଂ କର୍ତ୍ତିତୁମ୍ ଅୱାରଯିଷ୍ୟତ୍ ତଦ୍ ଜାନୀତ|
28182c00d5	ଯୁଷ୍ମାଭିରୱଧୀଯତାଂ, ଯତୋ ଯୁଷ୍ମାଭି ର୍ୟତ୍ର ନ ବୁଧ୍ୟତେ, ତତ୍ରୈୱ ଦଣ୍ଡେ ମନୁଜସୁତ ଆଯାସ୍ୟତି|
28182d011c	ପ୍ରଭୁ ର୍ନିଜପରିୱାରାନ୍ ଯଥାକାଲଂ ଭୋଜଯିତୁଂ ଯଂ ଦାସମ୍ ଅଧ୍ୟକ୍ଷୀକୃତ୍ୟ ସ୍ଥାପଯତି, ତାଦୃଶୋ ୱିଶ୍ୱାସ୍ୟୋ ଧୀମାନ୍ ଦାସଃ କଃ?
28182e0083	ପ୍ରଭୁରାଗତ୍ୟ ଯଂ ଦାସଂ ତଥାଚରନ୍ତଂ ୱୀକ୍ଷତେ, ସଏୱ ଧନ୍ୟଃ|
28182f009e	ଯୁଷ୍ମାନହଂ ସତ୍ୟଂ ୱଦାମି, ସ ତଂ ନିଜସର୍ୱ୍ୱସ୍ୱସ୍ୟାଧିପଂ କରିଷ୍ୟତି|
28183000b0	କିନ୍ତୁ ପ୍ରଭୁରାଗନ୍ତୁଂ ୱିଲମ୍ବତ ଇତି ମନସି ଚିନ୍ତଯିତ୍ୱା ଯୋ ଦୁଷ୍ଟୋ ଦାସୋ
28183100b5	ଽପରଦାସାନ୍ ପ୍ରହର୍ତ୍ତୁଂ ମତ୍ତାନାଂ ସଙ୍ଗେ ଭୋକ୍ତୁଂ ପାତୁଞ୍ଚ ପ୍ରୱର୍ତ୍ତତେ,
28183200c3	ସ ଦାସୋ ଯଦା ନାପେକ୍ଷତେ, ଯଞ୍ଚ ଦଣ୍ଡଂ ନ ଜାନାତି, ତତ୍କାଲଏୱ ତତ୍ପ୍ରଭୁରୁପସ୍ଥାସ୍ୟତି|
2818330100	ତଦା ତଂ ଦଣ୍ଡଯିତ୍ୱା ଯତ୍ର ସ୍ଥାନେ ରୋଦନଂ ଦନ୍ତଘର୍ଷଣଞ୍ଚାସାତେ, ତତ୍ର କପଟିଭିଃ ସାକଂ ତଦ୍ଦଶାଂ ନିରୂପଯିଷ୍ୟତି|
281901012e	ଯା ଦଶ କନ୍ୟାଃ ପ୍ରଦୀପାନ୍ ଗୃହ୍ଲତ୍ୟୋ ୱରଂ ସାକ୍ଷାତ୍ କର୍ତ୍ତୁଂ ବହିରିତାଃ, ତାଭିସ୍ତଦା ସ୍ୱର୍ଗୀଯରାଜ୍ୟସ୍ୟ ସାଦୃଶ୍ୟଂ ଭୱିଷ୍ୟତି|
2819020089	ତାସାଂ କନ୍ୟାନାଂ ମଧ୍ୟେ ପଞ୍ଚ ସୁଧିଯଃ ପଞ୍ଚ ଦୁର୍ଧିଯ ଆସନ୍|
2819030095	ଯା ଦୁର୍ଧିଯସ୍ତାଃ ପ୍ରଦୀପାନ୍ ସଙ୍ଗେ ଗୃହୀତ୍ୱା ତୈଲଂ ନ ଜଗୃହୁଃ,
281904007e	କିନ୍ତୁ ସୁଧିଯଃ ପ୍ରଦୀପାନ୍ ପାତ୍ରେଣ ତୈଲଞ୍ଚ ଜଗୃହୁଃ|
28190500aa	ଅନନ୍ତରଂ ୱରେ ୱିଲମ୍ବିତେ ତାଃ ସର୍ୱ୍ୱା ନିଦ୍ରାୱିଷ୍ଟା ନିଦ୍ରାଂ ଜଗ୍ମୁଃ|
28190600dc	ଅନନ୍ତରମ୍ ଅର୍ଦ୍ଧରାତ୍ରେ ପଶ୍ୟତ ୱର ଆଗଚ୍ଛତି, ତଂ ସାକ୍ଷାତ୍ କର୍ତ୍ତୁଂ ବହିର୍ୟାତେତି ଜନରୱାତ୍
2819070091	ତାଃ ସର୍ୱ୍ୱାଃ କନ୍ୟା ଉତ୍ଥାଯ ପ୍ରଦୀପାନ୍ ଆସାଦଯିତୁଂ ଆରଭନ୍ତ|
28190800c3	ତତୋ ଦୁର୍ଧିଯଃ ସୁଧିଯ ଊଚୁଃ, କିଞ୍ଚିତ୍ ତୈଲଂ ଦତ୍ତ, ପ୍ରଦୀପା ଅସ୍ମାକଂ ନିର୍ୱ୍ୱାଣାଃ|
2819090158	କିନ୍ତୁ ସୁଧିଯଃ ପ୍ରତ୍ୟୱଦନ୍, ଦତ୍ତେ ଯୁଷ୍ମାନସ୍ମାଂଶ୍ଚ ପ୍ରତି ତୈଲଂ ନ୍ୟୂନୀଭୱେତ୍, ତସ୍ମାଦ୍ ୱିକ୍ରେତୃଣାଂ ସମୀପଂ ଗତ୍ୱା ସ୍ୱାର୍ଥଂ ତୈଲଂ କ୍ରୀଣୀତ|
28190a00f8	ତଦା ତାସୁ କ୍ରେତୁଂ ଗତାସୁ ୱର ଆଜଗାମ, ତତୋ ଯାଃ ସଜ୍ଜିତା ଆସନ୍, ତାସ୍ତେନ ସାକଂ ୱିୱାହୀଯଂ ୱେଶ୍ମ ପ୍ରୱିୱିଶୁଃ|
28190b00f3	ଅନନ୍ତରଂ ଦ୍ୱାରେ ରୁଦ୍ଧେ ଅପରାଃ କନ୍ୟା ଆଗତ୍ୟ ଜଗଦୁଃ, ହେ ପ୍ରଭୋ, ହେ ପ୍ରଭୋ, ଅସ୍ମାନ୍ ପ୍ରତି ଦ୍ୱାରଂ ମୋଚଯ|
28190c0085	କିନ୍ତୁ ସ ଉକ୍ତୱାନ୍, ତଥ୍ୟଂ ୱଦାମି, ଯୁଷ୍ମାନହଂ ନ ୱେଦ୍ମି|
28190d010b	ଅତୋ ଜାଗ୍ରତଃ ସନ୍ତସ୍ତିଷ୍ଠତ, ମନୁଜସୁତଃ କସ୍ମିନ୍ ଦିନେ କସ୍ମିନ୍ ଦଣ୍ଡେ ୱାଗମିଷ୍ୟତି, ତଦ୍ ଯୁଷ୍ମାଭି ର୍ନ ଜ୍ଞାଯତେ|
28190e012d	ଅପରଂ ସ ଏତାଦୃଶଃ କସ୍ୟଚିତ୍ ପୁଂସସ୍ତୁଲ୍ୟଃ, ଯୋ ଦୂରଦେଶଂ ପ୍ରତି ଯାତ୍ରାକାଲେ ନିଜଦାସାନ୍ ଆହୂଯ ତେଷାଂ ସ୍ୱସ୍ୱସାମର୍ଥ୍ୟାନୁରୂପମ୍
28190f015f	ଏକସ୍ମିନ୍ ମୁଦ୍ରାଣାଂ ପଞ୍ଚ ପୋଟଲିକାଃ ଅନ୍ୟସ୍ମିଂଶ୍ଚ ଦ୍ୱେ ପୋଟଲିକେ ଅପରସ୍ମିଂଶ୍ଚ ପୋଟଲିକୈକାମ୍ ଇତ୍ଥଂ ପ୍ରତିଜନଂ ସମର୍ପ୍ୟ ସ୍ୱଯଂ ପ୍ରୱାସଂ ଗତୱାନ୍|
28191000d3	ଅନନ୍ତରଂ ଯୋ ଦାସଃ ପଞ୍ଚ ପୋଟଲିକାଃ ଲବ୍ଧୱାନ୍, ସ ଗତ୍ୱା ୱାଣିଜ୍ୟଂ ୱିଧାଯ ତା ଦ୍ୱିଗୁଣୀଚକାର|
2819110097	ଯଶ୍ଚ ଦାସୋ ଦ୍ୱେ ପୋଟଲିକେ ଅଲଭତ, ସୋପି ତା ମୁଦ୍ରା ଦ୍ୱିଗୁଣୀଚକାର|
2819120111	କିନ୍ତୁ ଯୋ ଦାସ ଏକାଂ ପୋଟଲିକାଂ ଲବ୍ଧୱାନ୍, ସ ଗତ୍ୱା ଭୂମିଂ ଖନିତ୍ୱା ତନ୍ମଧ୍ୟେ ନିଜପ୍ରଭୋସ୍ତା ମୁଦ୍ରା ଗୋପଯାଞ୍ଚକାର|
28191300d3	ତଦନନ୍ତରଂ ବହୁତିଥେ କାଲେ ଗତେ ତେଷାଂ ଦାସାନାଂ ପ୍ରଭୁରାଗତ୍ୟ ତୈର୍ଦାସୈଃ ସମଂ ଗଣଯାଞ୍ଚକାର|
281914017b	ତଦାନୀଂ ଯଃ ପଞ୍ଚ ପୋଟଲିକାଃ ପ୍ରାପ୍ତୱାନ୍ ସ ତା ଦ୍ୱିଗୁଣୀକୃତମୁଦ୍ରା ଆନୀଯ ଜଗାଦ; ହେ ପ୍ରଭୋ, ଭୱତା ମଯି ପଞ୍ଚ ପୋଟଲିକାଃ ସମର୍ପିତାଃ, ପଶ୍ୟତୁ, ତା ମଯା ଦ୍ୱିଗୁଣୀକୃତାଃ|
281915019d	ତଦାନୀଂ ତସ୍ୟ ପ୍ରଭୁସ୍ତମୁୱାଚ, ହେ ଉତ୍ତମ ୱିଶ୍ୱାସ୍ୟ ଦାସ, ତ୍ୱଂ ଧନ୍ୟୋସି, ସ୍ତୋକେନ ୱିଶ୍ୱାସ୍ୟୋ ଜାତଃ, ତସ୍ମାତ୍ ତ୍ୱାଂ ବହୁୱିତ୍ତାଧିପଂ କରୋମି, ତ୍ୱଂ ସ୍ୱପ୍ରଭୋଃ ସୁଖସ୍ୟ ଭାଗୀ ଭୱ|
2819160129	ତତୋ ଯେନ ଦ୍ୱେ ପୋଟଲିକେ ଲବ୍ଧେ ସୋପ୍ୟାଗତ୍ୟ ଜଗାଦ, ହେ ପ୍ରଭୋ, ଭୱତା ମଯି ଦ୍ୱେ ପୋଟଲିକେ ସମର୍ପିତେ, ପଶ୍ୟତୁ ତେ ମଯା ଦ୍ୱିଗୁଣୀକୃତେ|
281917019a	ତେନ ତସ୍ୟ ପ୍ରଭୁସ୍ତମୱୋଚତ୍, ହେ ଉତ୍ତମ ୱିଶ୍ୱାସ୍ୟ ଦାସ, ତ୍ୱଂ ଧନ୍ୟୋସି, ସ୍ତୋକେନ ୱିଶ୍ୱାସ୍ୟୋ ଜାତଃ, ତସ୍ମାତ୍ ତ୍ୱାଂ ବହୁଦ୍ରୱିଣାଧିପଂ କରୋମି, ତ୍ୱଂ ନିଜପ୍ରଭୋଃ ସୁଖସ୍ୟ ଭାଗୀ ଭୱ|
2819180193	ଅନନ୍ତରଂ ଯ ଏକାଂ ପୋଟଲିକାଂ ଲବ୍ଧୱାନ୍, ସ ଏତ୍ୟ କଥିତୱାନ୍, ହେ ପ୍ରଭୋ, ତ୍ୱାଂ କଠିନନରଂ ଜ୍ଞାତୱାନ୍, ତ୍ୱଯା ଯତ୍ର ନୋପ୍ତଂ, ତତ୍ରୈୱ କୃତ୍ୟତେ, ଯତ୍ର ଚ ନ କୀର୍ଣଂ, ତତ୍ରୈୱ ସଂଗୃହ୍ୟତେ|
28191900e2	ଅତୋହଂ ସଶଙ୍କଃ ସନ୍ ଗତ୍ୱା ତୱ ମୁଦ୍ରା ଭୂମଧ୍ୟେ ସଂଗୋପ୍ୟ ସ୍ଥାପିତୱାନ୍, ପଶ୍ୟ, ତୱ ଯତ୍ ତଦେୱ ଗୃହାଣ|
28191a014e	ତଦା ତସ୍ୟ ପ୍ରଭୁଃ ପ୍ରତ୍ୟୱଦତ୍ ରେ ଦୁଷ୍ଟାଲସ ଦାସ, ଯତ୍ରାହଂ ନ ୱପାମି, ତତ୍ର ଛିନଦ୍ମି, ଯତ୍ର ଚ ନ କିରାମି, ତତ୍ରେୱ ସଂଗୃହ୍ଲାମୀତି ଚେଦଜାନାସ୍ତର୍ହି
28191b00ee	ୱଣିକ୍ଷୁ ମମ ୱିତ୍ତାର୍ପଣଂ ତୱୋଚିତମାସୀତ୍, ଯେନାହମାଗତ୍ୟ ୱୃଦ୍ୱ୍ୟା ସାକଂ ମୂଲମୁଦ୍ରାଃ ପ୍ରାପ୍ସ୍ୟମ୍|
28191c00b4	ଅତୋସ୍ମାତ୍ ତାଂ ପୋଟଲିକାମ୍ ଆଦାଯ ଯସ୍ୟ ଦଶ ପୋଟଲିକାଃ ସନ୍ତି ତସ୍ମିନ୍ନର୍ପଯତ|
28191d017a	ଯେନ ୱର୍ଦ୍ୱ୍ୟତେ ତସ୍ମିନ୍ନୈୱାର୍ପିଷ୍ୟତେ, ତସ୍ୟୈୱ ଚ ବାହୁଲ୍ୟଂ ଭୱିଷ୍ୟତି, କିନ୍ତୁ ଯେନ ନ ୱର୍ଦ୍ୱ୍ୟତେ, ତସ୍ୟାନ୍ତିକେ ଯତ୍ କିଞ୍ଚନ ତିଷ୍ଠତି, ତଦପି ପୁନର୍ନେଷ୍ୟତେ|
28191e012b	ଅପରଂ ଯୂଯଂ ତମକର୍ମ୍ମଣ୍ୟଂ ଦାସଂ ନୀତ୍ୱା ଯତ୍ର ସ୍ଥାନେ କ୍ରନ୍ଦନଂ ଦନ୍ତଘର୍ଷଣଞ୍ଚ ୱିଦ୍ୟେତେ, ତସ୍ମିନ୍ ବହିର୍ଭୂତତମସି ନିକ୍ଷିପତ|
28191f00fc	ଯଦା ମନୁଜସୁତଃ ପୱିତ୍ରଦୂତାନ୍ ସଙ୍ଗିନଃ କୃତ୍ୱା ନିଜପ୍ରଭାୱେନାଗତ୍ୟ ନିଜତେଜୋମଯେ ସିଂହାସନେ ନିୱେକ୍ଷ୍ୟତି,
281920017c	ତଦା ତତ୍ସମ୍ମୁଖେ ସର୍ୱ୍ୱଜାତୀଯା ଜନା ସଂମେଲିଷ୍ୟନ୍ତି| ତତୋ ମେଷପାଲକୋ ଯଥା ଛାଗେଭ୍ୟୋଽୱୀନ୍ ପୃଥକ୍ କରୋତି ତଥା ସୋପ୍ୟେକସ୍ମାଦନ୍ୟମ୍ ଇତ୍ଥଂ ତାନ୍ ପୃଥକ କୃତ୍ୱାୱୀନ୍
2819210061	ଦକ୍ଷିଣେ ଛାଗାଂଶ୍ଚ ୱାମେ ସ୍ଥାପଯିଷ୍ୟତି|
281922016a	ତତଃ ପରଂ ରାଜା ଦକ୍ଷିଣସ୍ଥିତାନ୍ ମାନୱାନ୍ ୱଦିଷ୍ୟତି, ଆଗଚ୍ଛତ ମତ୍ତାତସ୍ୟାନୁଗ୍ରହଭାଜନାନି, ଯୁଷ୍ମତ୍କୃତ ଆ ଜଗଦାରମ୍ଭତ୍ ଯଦ୍ ରାଜ୍ୟମ୍ ଆସାଦିତଂ ତଦଧିକୁରୁତ|
28192300e1	ଯତୋ ବୁଭୁକ୍ଷିତାଯ ମହ୍ୟଂ ଭୋଜ୍ୟମ୍ ଅଦତ୍ତ, ପିପାସିତାଯ ପେଯମଦତ୍ତ, ୱିଦେଶିନଂ ମାଂ ସ୍ୱସ୍ଥାନମନଯତ,
28192400fa	ୱସ୍ତ୍ରହୀନଂ ମାଂ ୱସନଂ ପର୍ୟ୍ୟଧାପଯତ, ପୀଡୀତଂ ମାଂ ଦ୍ରଷ୍ଟୁମାଗଚ୍ଛତ, କାରାସ୍ଥଞ୍ଚ ମାଂ ୱୀକ୍ଷିତୁମ ଆଗଚ୍ଛତ|
2819250125	ତଦା ଧାର୍ମ୍ମିକାଃ ପ୍ରତିୱଦିଷ୍ୟନ୍ତି, ହେ ପ୍ରଭୋ, କଦା ତ୍ୱାଂ କ୍ଷୁଧିତଂ ୱୀକ୍ଷ୍ୟ ୱଯମଭୋଜଯାମ? ୱା ପିପାସିତଂ ୱୀକ୍ଷ୍ୟ ଅପାଯଯାମ?
28192600f2	କଦା ୱା ତ୍ୱାଂ ୱିଦେଶିନଂ ୱିଲୋକ୍ୟ ସ୍ୱସ୍ଥାନମନଯାମ? କଦା ୱା ତ୍ୱାଂ ନଗ୍ନଂ ୱୀକ୍ଷ୍ୟ ୱସନଂ ପର୍ୟ୍ୟଧାପଯାମ?
281927009a	କଦା ୱା ତ୍ୱାଂ ପୀଡିତଂ କାରାସ୍ଥଞ୍ଚ ୱୀକ୍ଷ୍ୟ ତ୍ୱଦନ୍ତିକମଗଚ୍ଛାମ?
2819280173	ତଦାନୀଂ ରାଜା ତାନ୍ ପ୍ରତିୱଦିଷ୍ୟତି, ଯୁଷ୍ମାନହଂ ସତ୍ୟଂ ୱଦାମି, ମମୈତେଷାଂ ଭ୍ରାତୃଣାଂ ମଧ୍ୟେ କଞ୍ଚନୈକଂ କ୍ଷୁଦ୍ରତମଂ ପ୍ରତି ଯଦ୍ ଅକୁରୁତ, ତନ୍ମାଂ ପ୍ରତ୍ୟକୁରୁତ|
2819290182	ପଶ୍ଚାତ୍ ସ ୱାମସ୍ଥିତାନ୍ ଜନାନ୍ ୱଦିଷ୍ୟତି, ରେ ଶାପଗ୍ରସ୍ତାଃ ସର୍ୱ୍ୱେ, ଶୈତାନେ ତସ୍ୟ ଦୂତେଭ୍ୟଶ୍ଚ ଯୋଽନନ୍ତୱହ୍ନିରାସାଦିତ ଆସ୍ତେ, ଯୂଯଂ ମଦନ୍ତିକାତ୍ ତମଗ୍ନିଂ ଗଚ୍ଛତ|
28192a00a5	ଯତୋ କ୍ଷୁଧିତାଯ ମହ୍ୟମାହାରଂ ନାଦତ୍ତ, ପିପାସିତାଯ ମହ୍ୟଂ ପେଯଂ ନାଦତ୍ତ,
28192b0112	ୱିଦେଶିନଂ ମାଂ ସ୍ୱସ୍ଥାନଂ ନାନଯତ, ୱସନହୀନଂ ମାଂ ୱସନଂ ନ ପର୍ୟ୍ୟଧାପଯତ, ପୀଡିତଂ କାରାସ୍ଥଞ୍ଚ ମାଂ ୱୀକ୍ଷିତୁଂ ନାଗଚ୍ଛତ|
28192c015e	ତଦା ତେ ପ୍ରତିୱଦିଷ୍ୟନ୍ତି, ହେ ପ୍ରଭୋ, କଦା ତ୍ୱାଂ କ୍ଷୁଧିତଂ ୱା ପିପାସିତଂ ୱା ୱିଦେଶିନଂ ୱା ନଗ୍ନଂ ୱା ପୀଡିତଂ ୱା କାରାସ୍ଥଂ ୱୀକ୍ଷ୍ୟ ତ୍ୱାଂ ନାସେୱାମହି?
28192d013e	ତଦା ସ ତାନ୍ ୱଦିଷ୍ୟତି, ତଥ୍ୟମହଂ ଯୁଷ୍ମାନ୍ ବ୍ରୱୀମି, ଯୁଷ୍ମାଭିରେଷାଂ କଞ୍ଚନ କ୍ଷୋଦିଷ୍ଠଂ ପ୍ରତି ଯନ୍ନାକାରି, ତନ୍ମାଂ ପ୍ରତ୍ୟେୱ ନାକାରି|
28192e00c0	ପଶ୍ଚାଦମ୍ୟନନ୍ତଶାସ୍ତିଂ କିନ୍ତୁ ଧାର୍ମ୍ମିକା ଅନନ୍ତାଯୁଷଂ ଭୋକ୍ତୁଂ ଯାସ୍ୟନ୍ତି|
281a010073	ଯୀଶୁରେତାନ୍ ପ୍ରସ୍ତାୱାନ୍ ସମାପ୍ୟ ଶିଷ୍ୟାନୂଚେ,
281a020121	ଯୁଷ୍ମାଭି ର୍ଜ୍ଞାତଂ ଦିନଦ୍ୱଯାତ୍ ପରଂ ନିସ୍ତାରମହ ଉପସ୍ଥାସ୍ୟତି, ତତ୍ର ମନୁଜସୁତଃ କ୍ରୁଶେନ ହନ୍ତୁଂ ପରକରେଷୁ ସମର୍ପିଷ୍ୟତେ|
281a0300dd	ତତଃ ପରଂ ପ୍ରଧାନଯାଜକାଧ୍ୟାପକପ୍ରାଞ୍ଚଃ କିଯଫାନାମ୍ନୋ ମହାଯାଜକସ୍ୟାଟ୍ଟାଲିକାଯାଂ ମିଲିତ୍ୱା
281a0400a5	କେନୋପାଯେନ ଯୀଶୁଂ ଧୃତ୍ୱା ହନ୍ତୁଂ ଶକ୍ନୁଯୁରିତି ମନ୍ତ୍ରଯାଞ୍ଚକ୍ରୁଃ|
281a0500bf	କିନ୍ତୁ ତୈରୁକ୍ତଂ ମହକାଲେ ନ ଧର୍ତ୍ତୱ୍ୟଃ, ଧୃତେ ପ୍ରଜାନାଂ କଲହେନ ଭୱିତୁଂ ଶକ୍ୟତେ|
281a0600a2	ତତୋ ବୈଥନିଯାପୁରେ ଶିମୋନାଖ୍ୟସ୍ୟ କୁଷ୍ଠିନୋ ୱେଶ୍ମନି ଯୀଶୌ ତିଷ୍ଠତି
281a0700ec	କାଚନ ଯୋଷା ଶ୍ୱେତୋପଲଭାଜନେନ ମହାର୍ଘ୍ୟଂ ସୁଗନ୍ଧି ତୈଲମାନୀଯ ଭୋଜନାଯୋପୱିଶତସ୍ତସ୍ୟ ଶିରୋଭ୍ୟଷେଚତ୍|
281a0800a0	କିନ୍ତୁ ତଦାଲୋକ୍ୟ ତଚ୍ଛିଷ୍ୟୈଃ କୁପିତୈରୁକ୍ତଂ, କୁତ ଇତ୍ଥମପୱ୍ୟଯତେ?
281a0900bf	ଚେଦିଦଂ ୱ୍ୟକ୍ରେଷ୍ୟତ, ତର୍ହି ଭୂରିମୂଲ୍ୟଂ ପ୍ରାପ୍ୟ ଦରିଦ୍ରେଭ୍ୟୋ ୱ୍ୟତାରିଷ୍ୟତ|
281a0a00f9	ଯୀଶୁନା ତଦୱଗତ୍ୟ ତେ ସମୁଦିତାଃ, ଯୋଷାମେନାଂ କୁତୋ ଦୁଃଖିନୀଂ କୁରୁଥ, ସା ମାଂ ପ୍ରତି ସାଧୁ କର୍ମ୍ମାକାର୍ଷୀତ୍|
281a0b00c3	ଯୁଷ୍ମାକମଂ ସମୀପେ ଦରିଦ୍ରାଃ ସତତମେୱାସତେ, କିନ୍ତୁ ଯୁଷ୍ମାକମନ୍ତିକେହଂ ନାସେ ସତତଂ|
281a0c00af	ସା ମମ କାଯୋପରି ସୁଗନ୍ଧିତୈଲଂ ସିକ୍ତ୍ୱା ମମ ଶ୍ମଶାନଦାନକର୍ମ୍ମାକାର୍ଷୀତ୍|
281a0d0188	ଅତୋହଂ ଯୁଷ୍ମାନ୍ ତଥ୍ୟଂ ୱଦାମି ସର୍ୱ୍ୱସ୍ମିନ୍ ଜଗତି ଯତ୍ର ଯତ୍ରୈଷ ସୁସମାଚାରଃ ପ୍ରଚାରିଷ୍ୟତେ, ତତ୍ର ତତ୍ରୈତସ୍ୟା ନାର୍ୟ୍ୟାଃ ସ୍ମରଣାର୍ଥମ୍ କର୍ମ୍ମେଦଂ ପ୍ରଚାରିଷ୍ୟତେ|
281a0e00fe	ତତୋ ଦ୍ୱାଦଶଶିଷ୍ୟାଣାମ୍ ଈଷ୍କରିଯୋତୀଯଯିହୂଦାନାମକ ଏକଃ ଶିଷ୍ୟଃ ପ୍ରଧାନଯାଜକାନାମନ୍ତିକଂ ଗତ୍ୱା କଥିତୱାନ୍,
281a0f011e	ଯଦି ଯୁଷ୍ମାକଂ କରେଷୁ ଯୀଶୁଂ ସମର୍ପଯାମି, ତର୍ହି କିଂ ଦାସ୍ୟଥ? ତଦାନୀଂ ତେ ତସ୍ମୈ ତ୍ରିଂଶନ୍ମୁଦ୍ରା ଦାତୁଂ ସ୍ଥିରୀକୃତୱନ୍ତଃ|
281a10008b	ସ ତଦାରଭ୍ୟ ତଂ ପରକରେଷୁ ସମର୍ପଯିତୁଂ ସୁଯୋଗଂ ଚେଷ୍ଟିତୱାନ୍|
281a110174	ଅନନ୍ତରଂ କିଣ୍ୱଶୂନ୍ୟପୂପପର୍ୱ୍ୱଣଃ ପ୍ରଥମେହ୍ନି ଶିଷ୍ୟା ଯୀଶୁମ୍ ଉପଗତ୍ୟ ପପ୍ରଚ୍ଛୁଃ ଭୱତ୍କୃତେ କୁତ୍ର ୱଯଂ ନିସ୍ତାରମହଭୋଜ୍ୟମ୍ ଆଯୋଜଯିଷ୍ୟାମଃ? ଭୱତଃ କେଚ୍ଛା?
281a120166	ତଦା ସ ଗଦିତୱାନ୍, ମଧ୍ୟେନଗରମମୁକପୁଂସଃ ସମୀପଂ ୱ୍ରଜିତ୍ୱା ୱଦତ, ଗୁରୁ ର୍ଗଦିତୱାନ୍, ମତ୍କାଲଃ ସୱିଧଃ, ସହ ଶିଷ୍ୟୈସ୍ତ୍ୱଦାଲଯେ ନିସ୍ତାରମହଭୋଜ୍ୟଂ ଭୋକ୍ଷ୍ୟେ|
281a1300de	ତଦା ଶିଷ୍ୟା ଯୀଶୋସ୍ତାଦୃଶନିଦେଶାନୁରୂପକର୍ମ୍ମ ୱିଧାଯ ତତ୍ର ନିସ୍ତାରମହଭୋଜ୍ୟମାସାଦଯାମାସୁଃ|
281a140098	ତତଃ ସନ୍ଧ୍ୟାଯାଂ ସତ୍ୟାଂ ଦ୍ୱାଦଶଭିଃ ଶିଷ୍ୟୈଃ ସାକଂ ସ ନ୍ୟୱିଶତ୍|
281a1500dd	ଅପରଂ ଭୁଞ୍ଜାନ ଉକ୍ତୱାନ୍ ଯୁଷ୍ମାନ୍ ତଥ୍ୟଂ ୱଦାମି, ଯୁଷ୍ମାକମେକୋ ମାଂ ପରକରେଷୁ ସମର୍ପଯିଷ୍ୟତି|
281a16009b	ତଦା ତେଽତୀୱ ଦୁଃଖିତା ଏକୈକଶୋ ୱକ୍ତୁମାରେଭିରେ, ହେ ପ୍ରଭୋ, ସ କିମହଂ?
281a1700da	ତତଃ ସ ଜଗାଦ, ମଯା ସାକଂ ଯୋ ଜନୋ ଭୋଜନପାତ୍ରେ କରଂ ସଂକ୍ଷିପତି, ସ ଏୱ ମାଂ ପରକରେଷୁ ସମର୍ପଯିଷ୍ୟତି|
281a18018c	ମନୁଜସୁତମଧି ଯାଦୃଶଂ ଲିଖିତମାସ୍ତେ, ତଦନୁରୂପା ତଦ୍ଗତି ର୍ଭୱିଷ୍ୟତି; କିନ୍ତୁ ଯେନ ପୁଂସା ସ ପରକରେଷୁ ସମର୍ପଯିଷ୍ୟତେ, ହା ହା ଚେତ୍ ସ ନାଜନିଷ୍ୟତ, ତଦା ତସ୍ୟ କ୍ଷେମମଭୱିଷ୍ୟତ୍|
281a190134	ତଦା ଯିହୂଦାନାମା ଯୋ ଜନସ୍ତଂ ପରକରେଷୁ ସମର୍ପଯିଷ୍ୟତି, ସ ଉକ୍ତୱାନ୍, ହେ ଗୁରୋ, ସ କିମହଂ? ତତଃ ସ ପ୍ରତ୍ୟୁକ୍ତୱାନ୍, ତ୍ୱଯା ସତ୍ୟଂ ଗଦିତମ୍|
281a1a0147	ଅନନ୍ତରଂ ତେଷାମଶନକାଲେ ଯୀଶୁଃ ପୂପମାଦାଯେଶ୍ୱରୀଯଗୁଣାନନୂଦ୍ୟ ଭଂକ୍ତ୍ୱା ଶିଷ୍ୟେଭ୍ୟଃ ପ୍ରଦାଯ ଜଗାଦ, ମଦ୍ୱପୁଃସ୍ୱରୂପମିମଂ ଗୃହୀତ୍ୱା ଖାଦତ|
281a1b0108	ପଶ୍ଚାତ୍ ସ କଂସଂ ଗୃହ୍ଲନ୍ ଈଶ୍ୱରୀଯଗୁଣାନନୂଦ୍ୟ ତେଭ୍ୟଃ ପ୍ରଦାଯ କଥିତୱାନ୍, ସର୍ୱ୍ୱୈ ର୍ୟୁଷ୍ମାଭିରନେନ ପାତୱ୍ୟଂ,
281a1c00b6	ଯସ୍ମାଦନେକେଷାଂ ପାପମର୍ଷଣାଯ ପାତିତଂ ଯନ୍ମନ୍ନୂତ୍ନନିଯମରୂପଶୋଣିତଂ ତଦେତତ୍|
281a1d00ce	ଅପରମହଂ ନୂତ୍ନଗୋସ୍ତନୀରସଂ ନ ପାସ୍ୟାମି, ତାୱତ୍ ଗୋସ୍ତନୀଫଲରସଂ ପୁନଃ କଦାପି ନ ପାସ୍ୟାମି|
281a1e0084	ପଶ୍ଚାତ୍ ତେ ଗୀତମେକଂ ସଂଗୀଯ ଜୈତୁନାଖ୍ୟଗିରିଂ ଗତୱନ୍ତଃ|
281a1f01ef	ତଦାନୀଂ ଯୀଶୁସ୍ତାନୱୋଚତ୍, ଅସ୍ୟାଂ ରଜନ୍ୟାମହଂ ଯୁଷ୍ମାକଂ ସର୍ୱ୍ୱେଷାଂ ୱିଘ୍ନରୂପୋ ଭୱିଷ୍ୟାମି, ଯତୋ ଲିଖିତମାସ୍ତେ, "ମେଷାଣାଂ ରକ୍ଷକୋ ଯସ୍ତଂ ପ୍ରହରିଷ୍ୟାମ୍ୟହଂ ତତଃ| ମେଷାଣାଂ ନିୱହୋ ନୂନଂ ପ୍ରୱିକୀର୍ଣୋ ଭୱିଷ୍ୟତି"||
281a2000a5	କିନ୍ତୁ ଶ୍ମଶାନାତ୍ ସମୁତ୍ଥାଯ ଯୁଷ୍ମାକମଗ୍ରେଽହଂ ଗାଲୀଲଂ ଗମିଷ୍ୟାମି|
281a2100cc	ପିତରସ୍ତଂ ପ୍ରୋୱାଚ, ଭୱାଂଶ୍ଚେତ୍ ସର୍ୱ୍ୱେଷାଂ ୱିଘ୍ନରୂପୋ ଭୱତି, ତଥାପି ମମ ନ ଭୱିଷ୍ୟତି|
281a220137	ତତୋ ଯୀଶୁନା ସ ଉକ୍ତଃ, ତୁଭ୍ୟମହଂ ତଥ୍ୟଂ କଥଯାମି, ଯାମିନ୍ୟାମସ୍ୟାଂ ଚରଣାଯୁଧସ୍ୟ ରୱାତ୍ ପୂର୍ୱ୍ୱଂ ତ୍ୱଂ ମାଂ ତ୍ରି ର୍ନାଙ୍ଗୀକରିଷ୍ୟସି|
281a23012c	ତତଃ ପିତର ଉଦିତୱାନ୍, ଯଦ୍ୟପି ତ୍ୱଯା ସମଂ ମର୍ତ୍ତୱ୍ୟଂ, ତଥାପି କଦାପି ତ୍ୱାଂ ନ ନାଙ୍ଗୀକରିଷ୍ୟାମି; ତଥୈୱ ସର୍ୱ୍ୱେ ଶିଷ୍ୟାଶ୍ଚୋଚୁଃ|
281a240170	ଅନନ୍ତରଂ ଯୀଶୁଃ ଶିଷ୍ୟୈଃ ସାକଂ ଗେତ୍ଶିମାନୀନାମକଂ ସ୍ଥାନଂ ପ୍ରସ୍ଥାଯ ତେଭ୍ୟଃ କଥିତୱାନ୍, ଅଦଃ ସ୍ଥାନଂ ଗତ୍ୱା ଯାୱଦହଂ ପ୍ରାର୍ଥଯିଷ୍ୟେ ତାୱଦ୍ ଯୂଯମତ୍ରୋପୱିଶତ|
281a2500d8	ପଶ୍ଚାତ୍ ସ ପିତରଂ ସିୱଦିଯସୁତୌ ଚ ସଙ୍ଗିନଃ କୃତ୍ୱା ଗତୱାନ୍, ଶୋକାକୁଲୋଽତୀୱ ୱ୍ୟଥିତଶ୍ଚ ବଭୂୱ|
281a2600cd	ତାନୱାଦୀଚ୍ଚ ମୃତିଯାତନେୱ ମତ୍ପ୍ରାଣାନାଂ ଯାତନା ଜାଯତେ, ଯୂଯମତ୍ର ମଯା ସାର୍ଦ୍ଧଂ ଜାଗୃତ|
281a2701ae	ତତଃ ସ କିଞ୍ଚିଦ୍ଦୂରଂ ଗତ୍ୱାଧୋମୁଖଃ ପତନ୍ ପ୍ରାର୍ଥଯାଞ୍ଚକ୍ରେ, ହେ ମତ୍ପିତର୍ୟଦି ଭୱିତୁଂ ଶକ୍ନୋତି, ତର୍ହି କଂସୋଽଯଂ ମତ୍ତୋ ଦୂରଂ ଯାତୁ; କିନ୍ତୁ ମଦିଚ୍ଛାୱତ୍ ନ ଭୱତୁ, ତ୍ୱଦିଚ୍ଛାୱଦ୍ ଭୱତୁ|
281a280114	ତତଃ ସ ଶିଷ୍ୟାନୁପେତ୍ୟ ତାନ୍ ନିଦ୍ରତୋ ନିରୀକ୍ଷ୍ୟ ପିତରାଯ କଥଯାମାସ, ଯୂଯଂ ମଯା ସାକଂ ଦଣ୍ଡମେକମପି ଜାଗରିତୁଂ ନାଶନ୍କୁତ?
281a2900e7	ପରୀକ୍ଷାଯାଂ ନ ପତିତୁଂ ଜାଗୃତ ପ୍ରାର୍ଥଯଧ୍ୱଞ୍ଚ; ଆତ୍ମା ସମୁଦ୍ୟତୋସ୍ତି, କିନ୍ତୁ ୱପୁ ର୍ଦୁର୍ବ୍ବଲଂ|
281a2a012e	ସ ଦ୍ୱିତୀଯୱାରଂ ପ୍ରାର୍ଥଯାଞ୍ଚକ୍ରେ, ହେ ମତ୍ତାତ, ନ ପୀତେ ଯଦି କଂସମିଦଂ ମତ୍ତୋ ଦୂରଂ ଯାତୁଂ ନ ଶକ୍ନୋତି, ତର୍ହି ତ୍ୱଦିଚ୍ଛାୱଦ୍ ଭୱତୁ|
281a2b00c4	ସ ପୁନରେତ୍ୟ ତାନ୍ ନିଦ୍ରତୋ ଦଦର୍ଶ, ଯତସ୍ତେଷାଂ ନେତ୍ରାଣି ନିଦ୍ରଯା ପୂର୍ଣାନ୍ୟାସନ୍|
281a2c00c6	ପଶ୍ଚାତ୍ ସ ତାନ୍ ୱିହାଯ ୱ୍ରଜିତ୍ୱା ତୃତୀଯୱାରଂ ପୂର୍ୱ୍ୱୱତ୍ କଥଯନ୍ ପ୍ରାର୍ଥିତୱାନ୍|
281a2d013b	ତତଃ ଶିଷ୍ୟାନୁପାଗତ୍ୟ ଗଦିତୱାନ୍, ସାମ୍ପ୍ରତଂ ଶଯାନାଃ କିଂ ୱିଶ୍ରାମ୍ୟଥ? ପଶ୍ୟତ, ସମଯ ଉପାସ୍ଥାତ୍, ମନୁଜସୁତଃ ପାପିନାଂ କରେଷୁ ସମର୍ପ୍ୟତେ|
281a2e00b6	ଉତ୍ତିଷ୍ଠତ, ୱଯଂ ଯାମଃ, ଯୋ ମାଂ ପରକରେଷୁ ମସର୍ପଯିଷ୍ୟତି, ପଶ୍ୟତ, ସ ସମୀପମାଯାତି|
281a2f0174	ଏତତ୍କଥାକଥନକାଲେ ଦ୍ୱାଦଶଶିଷ୍ୟାଣାମେକୋ ଯିହୂଦାନାମକୋ ମୁଖ୍ୟଯାଜକଲୋକପ୍ରାଚୀନୈଃ ପ୍ରହିତାନ୍ ଅସିଧାରିଯଷ୍ଟିଧାରିଣୋ ମନୁଜାନ୍ ଗୃହୀତ୍ୱା ତତ୍ସମୀପମୁପତସ୍ଥୌ|
281a300127	ଅସୌ ପରକରେଷ୍ୱର୍ପଯିତା ପୂର୍ୱ୍ୱଂ ତାନ୍ ଇତ୍ଥଂ ସଙ୍କେତଯାମାସ, ଯମହଂ ଚୁମ୍ବିଷ୍ୟେ, ସୋଽସୌ ମନୁଜଃ, ସଏୱ ଯୁଷ୍ମାଭି ର୍ଧାର୍ୟ୍ୟତାଂ|
281a3100ac	ତଦା ସ ସପଦି ଯୀଶୁମୁପାଗତ୍ୟ ହେ ଗୁରୋ, ପ୍ରଣମାମୀତ୍ୟୁକ୍ତ୍ୱା ତଂ ଚୁଚୁମ୍ବେ|
281a3200cb	ତଦା ଯୀଶୁସ୍ତମୁୱାଚ, ହେ ମିତ୍ରଂ କିମର୍ଥମାଗତୋସି? ତଦା ତୈରାଗତ୍ୟ ଯୀଶୁରାକ୍ରମ୍ୟ ଦଘ୍ରେ|
281a330114	ତତୋ ଯୀଶୋଃ ସଙ୍ଗିନାମେକଃ କରଂ ପ୍ରସାର୍ୟ୍ୟ କୋଷାଦସିଂ ବହିଷ୍କୃତ୍ୟ ମହାଯାଜକସ୍ୟ ଦାସମେକମାହତ୍ୟ ତସ୍ୟ କର୍ଣଂ ଚିଚ୍ଛେଦ|
281a3400f1	ତତୋ ଯୀଶୁସ୍ତଂ ଜଗାଦ, ଖଡ୍ଗଂ ସ୍ୱସ୍ଥାନେ ନିଧେହି ଯତୋ ଯେ ଯେ ଜନା ଅସିଂ ଧାରଯନ୍ତି, ତଏୱାସିନା ୱିନଶ୍ୟନ୍ତି|
281a35018e	ଅପରଂ ପିତା ଯଥା ମଦନ୍ତିକଂ ସ୍ୱର୍ଗୀଯଦୂତାନାଂ ଦ୍ୱାଦଶୱାହିନୀତୋଽଧିକଂ ପ୍ରହିଣୁଯାତ୍ ମଯା ତମୁଦ୍ଦିଶ୍ୟେଦାନୀମେୱ ତଥା ପ୍ରାର୍ଥଯିତୁଂ ନ ଶକ୍ୟତେ, ତ୍ୱଯା କିମିତ୍ଥଂ ଜ୍ଞାଯତେ?
281a3600b7	ତଥା ସତୀତ୍ଥଂ ଘଟିଷ୍ୟତେ ଧର୍ମ୍ମପୁସ୍ତକସ୍ୟ ଯଦିଦଂ ୱାକ୍ୟଂ ତତ୍ କଥଂ ସିଧ୍ୟେତ୍?
281a370175	ତଦାନୀଂ ଯୀଶୁ ର୍ଜନନିୱହଂ ଜଗାଦ, ଯୂଯଂ ଖଡ୍ଗଯଷ୍ଟୀନ୍ ଆଦାଯ ମାଂ କିଂ ଚୌରଂ ଧର୍ତ୍ତୁମାଯାତାଃ? ଅହଂ ପ୍ରତ୍ୟହଂ ଯୁଷ୍ମାଭିଃ ସାକମୁପୱିଶ୍ୟ ସମୁପାଦିଶଂ, ତଦା ମାଂ ନାଧରତ;
281a38010a	କିନ୍ତୁ ଭୱିଷ୍ୟଦ୍ୱାଦିନାଂ ୱାକ୍ୟାନାଂ ସଂସିଦ୍ଧଯେ ସର୍ୱ୍ୱମେତଦଭୂତ୍| ତଦା ସର୍ୱ୍ୱେ ଶିଷ୍ୟାସ୍ତଂ ୱିହାଯ ପଲାଯନ୍ତ|
281a390147	ଅନନ୍ତରଂ ତେ ମନୁଜା ଯୀଶୁଂ ଧୃତ୍ୱା ଯତ୍ରାଧ୍ୟାପକପ୍ରାଞ୍ଚଃ ପରିଷଦଂ କୁର୍ୱ୍ୱନ୍ତ ଉପାୱିଶନ୍ ତତ୍ର କିଯଫାନାମକମହାଯାଜକସ୍ୟାନ୍ତିକଂ ନିନ୍ୟୁଃ|
281a3a0143	କିନ୍ତୁ ଶେଷେ କିଂ ଭୱିଷ୍ୟତୀତି ୱେତ୍ତୁଂ ପିତରୋ ଦୂରେ ତତ୍ପଶ୍ଚାଦ୍ ୱ୍ରଜିତ୍ୱା ମହାଯାଜକସ୍ୟାଟ୍ଟାଲିକାଂ ପ୍ରୱିଶ୍ୟ ଦାସୈଃ ସହିତ ଉପାୱିଶତ୍|
281a3b00df	ତଦାନୀଂ ପ୍ରଧାନଯାଜକପ୍ରାଚୀନମନ୍ତ୍ରିଣଃ ସର୍ୱ୍ୱେ ଯୀଶୁଂ ହନ୍ତୁଂ ମୃଷାସାକ୍ଷ୍ୟମ୍ ଅଲିପ୍ସନ୍ତ,
281a3c00a7	କିନ୍ତୁ ନ ଲେଭିରେ| ଅନେକେଷୁ ମୃଷାସାକ୍ଷିଷ୍ୱାଗତେଷ୍ୱପି ତନ୍ନ ପ୍ରାପୁଃ|
281a3d0138	ଶେଷେ ଦ୍ୱୌ ମୃଷାସାକ୍ଷିଣାୱାଗତ୍ୟ ଜଗଦତୁଃ, ପୁମାନଯମକଥଯତ୍, ଅହମୀଶ୍ୱରମନ୍ଦିରଂ ଭଂକ୍ତ୍ୱା ଦିନତ୍ରଯମଧ୍ୟେ ତନ୍ନିର୍ମ୍ମାତୁଂ ଶକ୍ନୋମି|
281a3e00f0	ତଦା ମହାଯାଜକ ଉତ୍ଥାଯ ଯୀଶୁମ୍ ଅୱାଦୀତ୍| ତ୍ୱଂ କିମପି ନ ପ୍ରତିୱଦସି? ତ୍ୱାମଧି କିମେତେ ସାକ୍ଷ୍ୟଂ ୱଦନ୍ତି?
281a3f0150	କିନ୍ତୁ ଯୀଶୁ ର୍ମୌନୀଭୂଯ ତସ୍ୟୌ| ତତୋ ମହାଯାଜକ ଉକ୍ତୱାନ୍, ତ୍ୱାମ୍ ଅମରେଶ୍ୱରନାମ୍ନା ଶପଯାମି, ତ୍ୱମୀଶ୍ୱରସ୍ୟ ପୁତ୍ରୋଽଭିଷିକ୍ତୋ ଭୱସି ନୱେତି ୱଦ|
281a4001ae	ଯୀଶୁଃ ପ୍ରତ୍ୟୱଦତ୍, ତ୍ୱଂ ସତ୍ୟମୁକ୍ତୱାନ୍; ଅହଂ ଯୁଷ୍ମାନ୍ ତଥ୍ୟଂ ୱଦାମି, ଇତଃପରଂ ମନୁଜସୁତଂ ସର୍ୱ୍ୱଶକ୍ତିମତୋ ଦକ୍ଷିଣପାର୍ଶ୍ୱେ ସ୍ଥାତୁଂ ଗଗଣସ୍ଥଂ ଜଲଧରାନାରୁହ୍ୟାଯାନ୍ତଂ ୱୀକ୍ଷଧ୍ୱେ|
281a410181	ତଦା ମହାଯାଜକୋ ନିଜୱସନଂ ଛିତ୍ତ୍ୱା ଜଗାଦ, ଏଷ ଈଶ୍ୱରଂ ନିନ୍ଦିତୱାନ୍, ଅସ୍ମାକମପରସାକ୍ଷ୍ୟେଣ କିଂ ପ୍ରଯୋଜନଂ? ପଶ୍ୟତ, ଯୂଯମେୱାସ୍ୟାସ୍ୟାଦ୍ ଈଶ୍ୱରନିନ୍ଦାଂ ଶ୍ରୁତୱନ୍ତଃ,
281a420089	ଯୁଷ୍ମାଭିଃ କିଂ ୱିୱିଚ୍ୟତେ? ତେ ପ୍ରତ୍ୟୂଚୁଃ, ୱଧାର୍ହୋଽଯଂ|
281a4300d1	ତତୋ ଲୋକୈସ୍ତଦାସ୍ୟେ ନିଷ୍ଠୀୱିତଂ କେଚିତ୍ ପ୍ରତଲମାହତ୍ୟ କେଚିଚ୍ଚ ଚପେଟମାହତ୍ୟ ବଭାଷିରେ,
281a44009b	ହେ ଖ୍ରୀଷ୍ଟ ତ୍ୱାଂ କଶ୍ଚପେଟମାହତୱାନ୍? ଇତି ଗଣଯିତ୍ୱା ୱଦାସ୍ମାନ୍|
281a4500de	ପିତରୋ ବହିରଙ୍ଗନ ଉପୱିଶତି, ତଦାନୀମେକା ଦାସୀ ତମୁପାଗତ୍ୟ ବଭାଷେ, ତ୍ୱଂ ଗାଲୀଲୀଯଯୀଶୋଃ ସହଚରଏକଃ|
281a4600de	କିନ୍ତୁ ସ ସର୍ୱ୍ୱେଷାଂ ସମକ୍ଷମ୍ ଅନଙ୍ଗୀକୃତ୍ୟାୱାଦୀତ୍, ତ୍ୱଯା ଯଦୁଚ୍ୟତେ, ତଦର୍ଥମହଂ ନ ୱେଦ୍ମି|
281a47011f	ତଦା ତସ୍ମିନ୍ ବହିର୍ଦ୍ୱାରଂ ଗତେ ଽନ୍ୟା ଦାସୀ ତଂ ନିରୀକ୍ଷ୍ୟ ତତ୍ରତ୍ୟଜନାନୱଦତ୍, ଅଯମପି ନାସରତୀଯଯୀଶୁନା ସାର୍ଦ୍ଧମ୍ ଆସୀତ୍|
281a480094	ତତଃ ସ ଶପଥେନ ପୁନରନଙ୍ଗୀକୃତ୍ୟ କଥିତୱାନ୍, ତଂ ନରଂ ନ ପରିଚିନୋମି|
281a4900f7	କ୍ଷଣାତ୍ ପରଂ ତିଷ୍ଠନ୍ତୋ ଜନା ଏତ୍ୟ ପିତରମ୍ ଅୱଦନ୍, ତ୍ୱମୱଶ୍ୟଂ ତେଷାମେକ ଇତି ତ୍ୱଦୁଚ୍ଚାରଣମେୱ ଦ୍ୟୋତଯତି|
281a4a00c4	କିନ୍ତୁ ସୋଽଭିଶପ୍ୟ କଥିତୱାନ୍, ତଂ ଜନଂ ନାହଂ ପରିଚିନୋମି, ତଦା ସପଦି କୁକ୍କୁଟୋ ରୁରାୱ|
281a4b0142	କୁକ୍କୁଟରୱାତ୍ ପ୍ରାକ୍ ତ୍ୱଂ ମାଂ ତ୍ରିରପାହ୍ନୋଷ୍ୟସେ, ଯୈଷା ୱାଗ୍ ଯୀଶୁନାୱାଦି ତାଂ ପିତରଃ ସଂସ୍ମୃତ୍ୟ ବହିରିତ୍ୱା ଖେଦାଦ୍ ଭୃଶଂ ଚକ୍ରନ୍ଦ|
281b0100cf	ପ୍ରଭାତେ ଜାତେ ପ୍ରଧାନଯାଜକଲୋକପ୍ରାଚୀନା ଯୀଶୁଂ ହନ୍ତୁଂ ତତ୍ପ୍ରତିକୂଲଂ ମନ୍ତ୍ରଯିତ୍ୱା
281b020092	ତଂ ବଦ୍ୱ୍ୱା ନୀତ୍ୱା ପନ୍ତୀଯପୀଲାତାଖ୍ୟାଧିପେ ସମର୍ପଯାମାସୁଃ|
281b030199	ତତୋ ଯୀଶୋଃ ପରକରେୱ୍ୱର୍ପଯିତା ଯିହୂଦାସ୍ତତ୍ପ୍ରାଣାଦଣ୍ଡାଜ୍ଞାଂ ୱିଦିତ୍ୱା ସନ୍ତପ୍ତମନାଃ ପ୍ରଧାନଯାଜକଲୋକପ୍ରାଚୀନାନାଂ ସମକ୍ଷଂ ତାସ୍ତ୍ରୀଂଶନ୍ମୁଦ୍ରାଃ ପ୍ରତିଦାଯାୱାଦୀତ୍,
281b04010d	ଏତନ୍ନିରାଗୋନରପ୍ରାଣପରକରାର୍ପଣାତ୍ କଲୁଷଂ କୃତୱାନହଂ| ତଦା ତ ଉଦିତୱନ୍ତଃ, ତେନାସ୍ମାକଂ କିଂ? ତ୍ୱଯା ତଦ୍ ବୁଧ୍ୟତାମ୍|
281b0500eb	ତତୋ ଯିହୂଦା ମନ୍ଦିରମଧ୍ୟେ ତା ମୁଦ୍ରା ନିକ୍ଷିପ୍ୟ ପ୍ରସ୍ଥିତୱାନ୍ ଇତ୍ୱା ଚ ସ୍ୱଯମାତ୍ମାନମୁଦ୍ବବନ୍ଧ|
281b06011b	ପଶ୍ଚାତ୍ ପ୍ରଧାନଯାଜକାସ୍ତା ମୁଦ୍ରା ଆଦାଯ କଥିତୱନ୍ତଃ, ଏତା ମୁଦ୍ରାଃ ଶୋଣିତମୂଲ୍ୟଂ ତସ୍ମାଦ୍ ଭାଣ୍ଡାଗାରେ ନ ନିଧାତୱ୍ୟାଃ|
281b0700dd	ଅନନ୍ତରଂ ତେ ମନ୍ତ୍ରଯିତ୍ୱା ୱିଦେଶିନାଂ ଶ୍ମଶାନସ୍ଥାନାଯ ତାଭିଃ କୁଲାଲସ୍ୟ କ୍ଷେତ୍ରମକ୍ରୀଣନ୍|
281b080073	ଅତୋଽଦ୍ୟାପି ତତ୍ସ୍ଥାନଂ ରକ୍ତକ୍ଷେତ୍ରଂ ୱଦନ୍ତି|
281b0900e4	ଇତ୍ଥଂ ସତି ଇସ୍ରାଯେଲୀଯସନ୍ତାନୈ ର୍ୟସ୍ୟ ମୂଲ୍ୟଂ ନିରୁପିତଂ, ତସ୍ୟ ତ୍ରିଂଶନ୍ମୁଦ୍ରାମାନଂ ମୂଲ୍ୟଂ
281b0a0166	ମାଂ ପ୍ରତି ପରମେଶ୍ୱରସ୍ୟାଦେଶାତ୍ ତେଭ୍ୟ ଆଦୀଯତ, ତେନ ଚ କୁଲାଲସ୍ୟ କ୍ଷେତ୍ରଂ କ୍ରୀତମିତି ଯଦ୍ୱଚନଂ ଯିରିମିଯଭୱିଷ୍ୟଦ୍ୱାଦିନା ପ୍ରୋକ୍ତଂ ତତ୍ ତଦାସିଧ୍ୟତ୍|
281b0b0139	ଅନନ୍ତରଂ ଯୀଶୌ ତଦଧିପତେଃ ସମ୍ମୁଖ ଉପତିଷ୍ଠତି ସ ତଂ ପପ୍ରଚ୍ଛ, ତ୍ୱଂ କିଂ ଯିହୂଦୀଯାନାଂ ରାଜା? ତଦା ଯୀଶୁସ୍ତମୱଦତ୍, ତ୍ୱଂ ସତ୍ୟମୁକ୍ତୱାନ୍|
281b0c00a5	କିନ୍ତୁ ପ୍ରଧାନଯାଜକପ୍ରାଚୀନୈରଭିଯୁକ୍ତେନ ତେନ କିମପି ନ ପ୍ରତ୍ୟୱାଦି|
281b0d00d6	ତତଃ ପୀଲାତେନ ସ ଉଦିତଃ, ଇମେ ତ୍ୱତ୍ପ୍ରତିକୂଲତଃ କତି କତି ସାକ୍ଷ୍ୟଂ ଦଦତି, ତତ୍ ତ୍ୱଂ ନ ଶୃଣୋଷି?
281b0e00d1	ତଥାପି ସ ତେଷାମେକସ୍ୟାପି ୱଚସ ଉତ୍ତରଂ ନୋଦିତୱାନ୍; ତେନ ସୋଽଧିପତି ର୍ମହାଚିତ୍ରଂ ୱିଦାମାସ|
281b0f00fa	ଅନ୍ୟଚ୍ଚ ତନ୍ମହକାଲେଽଧିପତେରେତାଦୃଶୀ ରାତିରାସୀତ୍, ପ୍ରଜା ଯଂ କଞ୍ଚନ ବନ୍ଧିନଂ ଯାଚନ୍ତେ, ତମେୱ ସ ମୋଚଯତୀତି|
281b100079	ତଦାନୀଂ ବରବ୍ବାନାମା କଶ୍ଚିତ୍ ଖ୍ୟାତବନ୍ଧ୍ୟାସୀତ୍|
281b110151	ତତଃ ପୀଲାତସ୍ତତ୍ର ମିଲିତାନ୍ ଲୋକାନ୍ ଅପୃଚ୍ଛତ୍, ଏଷ ବରବ୍ବା ବନ୍ଧୀ ଖ୍ରୀଷ୍ଟୱିଖ୍ୟାତୋ ଯୀଶୁଶ୍ଚୈତଯୋଃ କଂ ମୋଚଯିଷ୍ୟାମି? ଯୁଷ୍ମାକଂ କିମୀପ୍ସିତଂ?
281b120066	ତୈରୀର୍ଷ୍ୟଯା ସ ସମର୍ପିତ ଇତି ସ ଜ୍ଞାତୱାନ୍|
281b1301c8	ଅପରଂ ୱିଚାରାସନୋପୱେଶନକାଲେ ପୀଲାତସ୍ୟ ପତ୍ନୀ ଭୃତ୍ୟଂ ପ୍ରହିତ୍ୟ ତସ୍ମୈ କଥଯାମାସ, ତଂ ଧାର୍ମ୍ମିକମନୁଜଂ ପ୍ରତି ତ୍ୱଯା କିମପି ନ କର୍ତ୍ତୱ୍ୟଂ; ଯସ୍ମାତ୍ ତତ୍କୃତେଽଦ୍ୟାହଂ ସ୍ୱପ୍ନେ ପ୍ରଭୂତକଷ୍ଟମଲଭେ|
281b1400f8	ଅନନ୍ତରଂ ପ୍ରଧାନଯାଜକପ୍ରାଚୀନା ବରବ୍ବାଂ ଯାଚିତ୍ୱାଦାତୁଂ ଯୀଶୁଞ୍ଚ ହନ୍ତୁଂ ସକଲଲୋକାନ୍ ପ୍ରାୱର୍ତ୍ତଯନ୍|
281b1500ee	ତତୋଽଧିପତିସ୍ତାନ୍ ପୃଷ୍ଟୱାନ୍, ଏତଯୋଃ କମହଂ ମୋଚଯିଷ୍ୟାମି? ଯୁଷ୍ମାକଂ କେଚ୍ଛା? ତେ ପ୍ରୋଚୁ ର୍ବରବ୍ବାଂ|
281b16011c	ତଦା ପୀଲାତଃ ପପ୍ରଚ୍ଛ, ତର୍ହି ଯଂ ଖ୍ରୀଷ୍ଟଂ ୱଦନ୍ତି, ତଂ ଯୀଶୁଂ କିଂ କରିଷ୍ୟାମି? ସର୍ୱ୍ୱେ କଥଯାମାସୁଃ, ସ କ୍ରୁଶେନ ୱିଧ୍ୟତାଂ|
281b1700e7	ତତୋଽଧିପତିରୱାଦୀତ୍, କୁତଃ? କିଂ ତେନାପରାଦ୍ଧଂ? କିନ୍ତୁ ତେ ପୁନରୁଚୈ ର୍ଜଗଦୁଃ, ସ କ୍ରୁଶେନ ୱିଧ୍ୟତାଂ|
281b1801f0	ତଦା ନିଜୱାକ୍ୟମଗ୍ରାହ୍ୟମଭୂତ୍, କଲହଶ୍ଚାପ୍ୟଭୂତ୍, ପୀଲାତ ଇତି ୱିଲୋକ୍ୟ ଲୋକାନାଂ ସମକ୍ଷଂ ତୋଯମାଦାଯ କରୌ ପ୍ରକ୍ଷାଲ୍ୟାୱୋଚତ୍, ଏତସ୍ୟ ଧାର୍ମ୍ମିକମନୁଷ୍ୟସ୍ୟ ଶୋଣିତପାତେ ନିର୍ଦୋଷୋଽହଂ, ଯୁଷ୍ମାଭିରେୱ ତଦ୍ ବୁଧ୍ୟତାଂ|
281b1900f9	ତଦା ସର୍ୱ୍ୱାଃ ପ୍ରଜାଃ ପ୍ରତ୍ୟୱୋଚନ୍, ତସ୍ୟ ଶୋଣିତପାତାପରାଧୋଽସ୍ମାକମ୍ ଅସ୍ମତ୍ସନ୍ତାନାନାଞ୍ଚୋପରି ଭୱତୁ|
281b1a00e3	ତତଃ ସ ତେଷାଂ ସମୀପେ ବରବ୍ବାଂ ମୋଚଯାମାସ ଯୀଶୁନ୍ତୁ କଷାଭିରାହତ୍ୟ କ୍ରୁଶେନ ୱେଧିତୁଂ ସମର୍ପଯାମାସ|
281b1b00d0	ଅନନ୍ତରମ୍ ଅଧିପତେଃ ସେନା ଅଧିପତେ ର୍ଗୃହଂ ଯୀଶୁମାନୀଯ ତସ୍ୟ ସମୀପେ ସେନାସମୂହଂ ସଂଜଗୃହୁଃ|
281b1c00a7	ତତସ୍ତେ ତସ୍ୟ ୱସନଂ ମୋଚଯିତ୍ୱା କୃଷ୍ଣଲୋହିତୱର୍ଣୱସନଂ ପରିଧାପଯାମାସୁଃ
281b1d01bf	କଣ୍ଟକାନାଂ ମୁକୁଟଂ ନିର୍ମ୍ମାଯ ତଚ୍ଛିରସି ଦଦୁଃ, ତସ୍ୟ ଦକ୍ଷିଣକରେ ୱେତ୍ରମେକଂ ଦତ୍ତ୍ୱା ତସ୍ୟ ସମ୍ମୁଖେ ଜାନୂନି ପାତଯିତ୍ୱା, ହେ ଯିହୂଦୀଯାନାଂ ରାଜନ୍, ତୁଭ୍ୟଂ ନମ ଇତ୍ୟୁକ୍ତ୍ୱା ତଂ ତିରଶ୍ଚକ୍ରୁଃ,
281b1e0095	ତତସ୍ତସ୍ୟ ଗାତ୍ରେ ନିଷ୍ଠୀୱଂ ଦତ୍ୱା ତେନ ୱେତ୍ରେଣ ଶିର ଆଜଘ୍ନୁଃ|
281b1f010c	ଇତ୍ଥଂ ତଂ ତିରସ୍କୃତ୍ୟ ତଦ୍ ୱସନଂ ମୋଚଯିତ୍ୱା ପୁନର୍ନିଜୱସନଂ ପରିଧାପଯାଞ୍ଚକ୍ରୁଃ, ତଂ କ୍ରୁଶେନ ୱେଧିତୁଂ ନୀତୱନ୍ତଃ|
281b2000cb	ପଶ୍ଚାତ୍ତେ ବହିର୍ଭୂଯ କୁରୀଣୀଯଂ ଶିମୋନ୍ନାମକମେକଂ ୱିଲୋକ୍ୟ କ୍ରୁଶଂ ୱୋଢୁଂ ତମାଦଦିରେ|
281b21010c	ଅନନ୍ତରଂ ଗୁଲ୍ଗଲ୍ତାମ୍ ଅର୍ଥାତ୍ ଶିରସ୍କପାଲନାମକସ୍ଥାନମୁ ପସ୍ଥାଯ ତେ ଯୀଶୱେ ପିତ୍ତମିଶ୍ରିତାମ୍ଲରସଂ ପାତୁଂ ଦଦୁଃ,
281b220044	କିନ୍ତୁ ସ ତମାସ୍ୱାଦ୍ୟ ନ ପପୌ|
281b230241	ତଦାନୀଂ ତେ ତଂ କ୍ରୁଶେନ ସଂୱିଧ୍ୟ ତସ୍ୟ ୱସନାନି ଗୁଟିକାପାତେନ ୱିଭଜ୍ୟ ଜଗୃହୁଃ, ତସ୍ମାତ୍, ୱିଭଜନ୍ତେଽଧରୀଯଂ ମେ ତେ ମନୁଷ୍ୟାଃ ପରସ୍ପରଂ| ମଦୁତ୍ତରୀଯୱସ୍ତ୍ରାର୍ଥଂ ଗୁଟିକାଂ ପାତଯନ୍ତି ଚ|| ଯଦେତଦ୍ୱଚନଂ ଭୱିଷ୍ୟଦ୍ୱାଦିଭିରୁକ୍ତମାସୀତ୍, ତଦା ତଦ୍ ଅସିଧ୍ୟତ୍,
281b2400a1	ପଶ୍ଚାତ୍ ତେ ତତ୍ରୋପୱିଶ୍ୟ ତଦ୍ରକ୍ଷଣକର୍ୱ୍ୱଣି ନିଯୁକ୍ତାସ୍ତସ୍ଥୁଃ|
281b2500da	ଅପରମ୍ ଏଷ ଯିହୂଦୀଯାନାଂ ରାଜା ଯୀଶୁରିତ୍ୟପୱାଦଲିପିପତ୍ରଂ ତଚ୍ଛିରସ ଊର୍ଦ୍ୱ୍ୱେ ଯୋଜଯାମାସୁଃ|
281b26009d	ତତସ୍ତସ୍ୟ ୱାମେ ଦକ୍ଷିଣେ ଚ ଦ୍ୱୌ ଚୈରୌ ତେନ ସାକଂ କ୍ରୁଶେନ ୱିୱିଧୁଃ|
281b270082	ତଦା ପାନ୍ଥା ନିଜଶିରୋ ଲାଡଯିତ୍ୱା ତଂ ନିନ୍ଦନ୍ତୋ ଜଗଦୁଃ,
281b2800fc	ହେ ଈଶ୍ୱରମନ୍ଦିରଭଞ୍ଜକ ଦିନତ୍ରଯେ ତନ୍ନିର୍ମ୍ମାତଃ ସ୍ୱଂ ରକ୍ଷ, ଚେତ୍ତ୍ୱମୀଶ୍ୱରସୁତସ୍ତର୍ହି କ୍ରୁଶାଦୱରୋହ|
281b29008e	ପ୍ରଧାନଯାଜକାଧ୍ୟାପକପ୍ରାଚୀନାଶ୍ଚ ତଥା ତିରସ୍କୃତ୍ୟ ଜଗଦୁଃ,
281b2a0147	ସୋଽନ୍ୟଜନାନାୱତ୍, କିନ୍ତୁ ସ୍ୱମୱିତୁଂ ନ ଶକ୍ନୋତି| ଯଦୀସ୍ରାଯେଲୋ ରାଜା ଭୱେତ୍, ତର୍ହୀଦାନୀମେୱ କ୍ରୁଶାଦୱରୋହତୁ, ତେନ ତଂ ୱଯଂ ପ୍ରତ୍ୟେଷ୍ୟାମଃ|
281b2b011a	ସ ଈଶ୍ୱରେ ପ୍ରତ୍ୟାଶାମକରୋତ୍, ଯଦୀଶ୍ୱରସ୍ତସ୍ମିନ୍ ସନ୍ତୁଷ୍ଟସ୍ତର୍ହୀଦାନୀମେୱ ତମୱେତ୍, ଯତଃ ସ ଉକ୍ତୱାନ୍ ଅହମୀଶ୍ୱରସୁତଃ|
281b2c009d	ଯୌ ସ୍ତେନୌ ସାକଂ ତେନ କ୍ରୁଶେନ ୱିଦ୍ଧୌ ତୌ ତଦ୍ୱଦେୱ ତଂ ନିନିନ୍ଦତୁଃ|
281b2d009a	ତଦା ଦ୍ୱିତୀଯଯାମାତ୍ ତୃତୀଯଯାମଂ ଯାୱତ୍ ସର୍ୱ୍ୱଦେଶେ ତମିରଂ ବଭୂୱ,
281b2e0106	ତୃତୀଯଯାମେ "ଏଲୀ ଏଲୀ ଲାମା ଶିୱକ୍ତନୀ", ଅର୍ଥାତ୍ ମଦୀଶ୍ୱର ମଦୀଶ୍ୱର କୁତୋ ମାମତ୍ୟାକ୍ଷୀଃ? ଯୀଶୁରୁଚ୍ଚୈରିତି ଜଗାଦ|
281b2f00a9	ତଦା ତତ୍ର ସ୍ଥିତାଃ କେଚିତ୍ ତତ୍ ଶ୍ରୁତ୍ୱା ବଭାଷିରେ, ଅଯମ୍ ଏଲିଯମାହୂଯତି|
281b3000f1	ତେଷାଂ ମଧ୍ୟାଦ୍ ଏକଃ ଶୀଘ୍ରଂ ଗତ୍ୱା ସ୍ପଞ୍ଜଂ ଗୃହୀତ୍ୱା ତତ୍ରାମ୍ଲରସଂ ଦତ୍ତ୍ୱା ନଲେନ ପାତୁଂ ତସ୍ମୈ ଦଦୌ|
281b310099	ଇତରେଽକଥଯନ୍ ତିଷ୍ଠତ, ତଂ ରକ୍ଷିତୁମ୍ ଏଲିଯ ଆଯାତି ନୱେତି ପଶ୍ୟାମଃ|
281b320058	ଯୀଶୁଃ ପୁନରୁଚୈରାହୂଯ ପ୍ରାଣାନ୍ ଜହୌ|
281b3300bb	ତତୋ ମନ୍ଦିରସ୍ୟ ୱିଚ୍ଛେଦୱସନମ୍ ଊର୍ଦ୍ୱ୍ୱାଦଧୋ ଯାୱତ୍ ଛିଦ୍ୟମାନଂ ଦ୍ୱିଧାଭୱତ୍,
281b3400e4	ଭୂମିଶ୍ଚକମ୍ପେ ଭୂଧରୋୱ୍ୟଦୀର୍ୟ୍ୟତ ଚ| ଶ୍ମଶାନେ ମୁକ୍ତେ ଭୂରିପୁଣ୍ୟୱତାଂ ସୁପ୍ତଦେହା ଉଦତିଷ୍ଠନ୍,
281b3500c8	ଶ୍ମଶାନାଦ୍ ୱହିର୍ଭୂଯ ତଦୁତ୍ଥାନାତ୍ ପରଂ ପୁଣ୍ୟପୁରଂ ଗତ୍ୱା ବହୁଜନାନ୍ ଦର୍ଶଯାମାସୁଃ|
281b36012f	ଯୀଶୁରକ୍ଷଣାଯ ନିଯୁକ୍ତଃ ଶତସେନାପତିସ୍ତତ୍ସଙ୍ଗିନଶ୍ଚ ତାଦୃଶୀଂ ଭୂକମ୍ପାଦିଘଟନାଂ ଦୃଷ୍ଟ୍ୱା ଭୀତା ଅୱଦନ୍, ଏଷ ଈଶ୍ୱରପୁତ୍ରୋ ଭୱତି|
281b3700aa	ଯା ବହୁଯୋଷିତୋ ଯୀଶୁଂ ସେୱମାନା ଗାଲୀଲସ୍ତତ୍ପଶ୍ଚାଦାଗତାସ୍ତାସାଂ ମଧ୍ୟେ
281b380119	ମଗ୍ଦଲୀନୀ ମରିଯମ୍ ଯାକୂବ୍ୟୋଶ୍ୟୋ ର୍ମାତା ଯା ମରିଯମ୍ ସିବଦିଯପୁତ୍ରଯୋ ର୍ମାତା ଚ ଯୋଷିତ ଏତା ଦୂରେ ତିଷ୍ଠନ୍ତ୍ୟୋ ଦଦୃଶୁଃ|
281b3900c4	ସନ୍ଧ୍ୟାଯାଂ ସତ୍ୟମ୍ ଅରିମଥିଯାନଗରସ୍ୟ ଯୂଷଫ୍ନାମା ଧନୀ ମନୁଜୋ ଯୀଶୋଃ ଶିଷ୍ୟତ୍ୱାତ୍
281b3a00b7	ପୀଲାତସ୍ୟ ସମୀପଂ ଗତ୍ୱା ଯୀଶୋଃ କାଯଂ ଯଯାଚେ, ତେନ ପୀଲାତଃ କାଯଂ ଦାତୁମ୍ ଆଦିଦେଶ|
281b3b0075	ଯୂଷଫ୍ ତତ୍କାଯଂ ନୀତ୍ୱା ଶୁଚିୱସ୍ତ୍ରେଣାଚ୍ଛାଦ୍ୟ
281b3c00df	ସ୍ୱାର୍ଥଂ ଶୈଲେ ଯତ୍ ଶ୍ମଶାନଂ ଚଖାନ, ତନ୍ମଧ୍ୟେ ତତ୍କାଯଂ ନିଧାଯ ତସ୍ୟ ଦ୍ୱାରି ୱୃହତ୍ପାଷାଣଂ ଦଦୌ|
281b3d00d2	କିନ୍ତୁ ମଗ୍ଦଲୀନୀ ମରିଯମ୍ ଅନ୍ୟମରିଯମ୍ ଏତେ ସ୍ତ୍ରିଯୌ ତତ୍ର ଶ୍ମଶାନସମ୍ମୁଖ ଉପୱିୱିଶତୁଃ|
281b3e0115	ତଦନନ୍ତରଂ ନିସ୍ତାରୋତ୍ସୱସ୍ୟାଯୋଜନଦିନାତ୍ ପରେଽହନି ପ୍ରଧାନଯାଜକାଃ ଫିରୂଶିନଶ୍ଚ ମିଲିତ୍ୱା ପୀଲାତମୁପାଗତ୍ୟାକଥଯନ୍,
281b3f00f7	ହେ ମହେଚ୍ଛ ସ ପ୍ରତାରକୋ ଜୀୱନ ଅକଥଯତ୍, ଦିନତ୍ରଯାତ୍ ପରଂ ଶ୍ମଶାନାଦୁତ୍ଥାସ୍ୟାମି ତଦ୍ୱାକ୍ୟଂ ସ୍ମରାମୋ ୱଯଂ;
281b400201	ତସ୍ମାତ୍ ତୃତୀଯଦିନଂ ଯାୱତ୍ ତତ୍ ଶ୍ମଶାନଂ ରକ୍ଷିତୁମାଦିଶତୁ, ନୋଚେତ୍ ତଚ୍ଛିଷ୍ୟା ଯାମିନ୍ୟାମାଗତ୍ୟ ତଂ ହୃତ୍ୱା ଲୋକାନ୍ ୱଦିଷ୍ୟନ୍ତି, ସ ଶ୍ମଶାନାଦୁଦତିଷ୍ଠତ୍, ତଥା ସତି ପ୍ରଥମଭ୍ରାନ୍ତେଃ ଶେଷୀଯଭ୍ରାନ୍ତି ର୍ମହତୀ ଭୱିଷ୍ୟତି|
281b4100ce	ତଦା ପୀଲାତ ଅୱାଦୀତ୍, ଯୁଷ୍ମାକଂ ସମୀପେ ରକ୍ଷିଗଣ ଆସ୍ତେ, ଯୂଯଂ ଗତ୍ୱା ଯଥା ସାଧ୍ୟଂ ରକ୍ଷଯତ|
281b4200e7	ତତସ୍ତେ ଗତ୍ୱା ତଦ୍ଦୂରପାଷାଣଂ ମୁଦ୍ରାଙ୍କିତଂ କୃତ୍ୱା ରକ୍ଷିଗଣଂ ନିଯୋଜ୍ୟ ଶ୍ମଶାନଂ ରକ୍ଷଯାମାସୁଃ|
281c01012a	ତତଃ ପରଂ ୱିଶ୍ରାମୱାରସ୍ୟ ଶେଷେ ସପ୍ତାହପ୍ରଥମଦିନସ୍ୟ ପ୍ରଭୋତେ ଜାତେ ମଗ୍ଦଲୀନୀ ମରିଯମ୍ ଅନ୍ୟମରିଯମ୍ ଚ ଶ୍ମଶାନଂ ଦ୍ରଷ୍ଟୁମାଗତା|
281c02011d	ତଦା ମହାନ୍ ଭୂକମ୍ପୋଽଭୱତ୍; ପରମେଶ୍ୱରୀଯଦୂତଃ ସ୍ୱର୍ଗାଦୱରୁହ୍ୟ ଶ୍ମଶାନଦ୍ୱାରାତ୍ ପାଷାଣମପସାର୍ୟ୍ୟ ତଦୁପର୍ୟ୍ୟୁପୱିୱେଶ|
281c03007d	ତଦ୍ୱଦନଂ ୱିଦ୍ୟୁଦ୍ୱତ୍ ତେଜୋମଯଂ ୱସନଂ ହିମଶୁଭ୍ରଞ୍ଚ|
281c04007d	ତଦାନୀଂ ରକ୍ଷିଣସ୍ତଦ୍ଭଯାତ୍ କମ୍ପିତା ମୃତୱଦ୍ ବଭୂୱଃ|
281c0500b5	ସ ଦୂତୋ ଯୋଷିତୋ ଜଗାଦ, ଯୂଯଂ ମା ଭୈଷ୍ଟ, କ୍ରୁଶହତଯୀଶୁଂ ମୃଗଯଧ୍ୱେ ତଦହଂ ୱେଦ୍ମି|
281c0600af	ସୋଽତ୍ର ନାସ୍ତି, ଯଥାୱଦତ୍ ତଥୋତ୍ଥିତୱାନ୍; ଏତତ୍ ପ୍ରଭୋଃ ଶଯନସ୍ଥାନଂ ପଶ୍ୟତ|
281c070198	ତୂର୍ଣଂ ଗତ୍ୱା ତଚ୍ଛିଷ୍ୟାନ୍ ଇତି ୱଦତ, ସ ଶ୍ମଶାନାଦ୍ ଉଦତିଷ୍ଠତ୍, ଯୁଷ୍ମାକମଗ୍ରେ ଗାଲୀଲଂ ଯାସ୍ୟତି ଯୂଯଂ ତତ୍ର ତଂ ୱୀକ୍ଷିଷ୍ୟଧ୍ୱେ, ପଶ୍ୟତାହଂ ୱାର୍ତ୍ତାମିମାଂ ଯୁଷ୍ମାନୱାଦିଷଂ|
281c0801c7	ତତସ୍ତା ଭଯାତ୍ ମହାନନ୍ଦାଞ୍ଚ ଶ୍ମଶାନାତ୍ ତୂର୍ଣଂ ବହିର୍ଭୂଯ ତଚ୍ଛିଷ୍ୟାନ୍ ୱାର୍ତ୍ତାଂ ୱକ୍ତୁଂ ଧାୱିତୱତ୍ୟଃ| କିନ୍ତୁ ଶିଷ୍ୟାନ୍ ୱାର୍ତ୍ତାଂ ୱକ୍ତୁଂ ଯାନ୍ତି, ତଦା ଯୀଶୁ ର୍ଦର୍ଶନଂ ଦତ୍ତ୍ୱା ତା ଜଗାଦ,
281c0900b1	ଯୁଷ୍ମାକଂ କଲ୍ୟାଣଂ ଭୂଯାତ୍, ତତସ୍ତା ଆଗତ୍ୟ ତତ୍ପାଦଯୋଃ ପତିତ୍ୱା ପ୍ରଣେମୁଃ|
281c0a00f6	ଯୀଶୁସ୍ତା ଅୱାଦୀତ୍, ମା ବିଭୀତ, ଯୂଯଂ ଗତ୍ୱା ମମ ଭ୍ରାତୃନ୍ ଗାଲୀଲଂ ଯାତୁଂ ୱଦତ, ତତ୍ର ତେ ମାଂ ଦ୍ରକ୍ଷ୍ୟନ୍ତି|
281c0b0115	ସ୍ତ୍ରିଯୋ ଗଚ୍ଛନ୍ତି, ତଦା ରକ୍ଷିଣାଂ କେଚିତ୍ ପୁରଂ ଗତ୍ୱା ଯଦ୍ୟଦ୍ ଘଟିତଂ ତତ୍ସର୍ୱ୍ୱଂ ପ୍ରଧାନଯାଜକାନ୍ ଜ୍ଞାପିତୱନ୍ତଃ|
281c0c00cc	ତେ ପ୍ରାଚୀନୈଃ ସମଂ ସଂସଦଂ କୃତ୍ୱା ମନ୍ତ୍ରଯନ୍ତୋ ବହୁମୁଦ୍ରାଃ ସେନାଭ୍ୟୋ ଦତ୍ତ୍ୱାୱଦନ୍,
281c0d00d3	ଅସ୍ମାସୁ ନିଦ୍ରିତେଷୁ ତଚ୍ଛିଷ୍ୟା ଯାମିନ୍ୟାମାଗତ୍ୟ ତଂ ହୃତ୍ୱାନଯନ୍, ଇତି ଯୂଯଂ ପ୍ରଚାରଯତ|
281c0e00be	ଯଦ୍ୟେତଦଧିପତେଃ ଶ୍ରୋତ୍ରଗୋଚରୀଭୱେତ୍, ତର୍ହି ତଂ ବୋଧଯିତ୍ୱା ଯୁଷ୍ମାନୱିଷ୍ୟାମଃ|
281c0f0111	ତତସ୍ତେ ମୁଦ୍ରା ଗୃହୀତ୍ୱା ଶିକ୍ଷାନୁରୂପଂ କର୍ମ୍ମ ଚକ୍ରୁଃ, ଯିହୂଦୀଯାନାଂ ମଧ୍ୟେ ତସ୍ୟାଦ୍ୟାପି କିଂୱଦନ୍ତୀ ୱିଦ୍ୟତେ|
281c100081	ଏକାଦଶ ଶିଷ୍ୟା ଯୀଶୁନିରୂପିତାଗାଲୀଲସ୍ୟାଦ୍ରିଂ ଗତ୍ୱା
281c110098	ତତ୍ର ତଂ ସଂୱୀକ୍ଷ୍ୟ ପ୍ରଣେମୁଃ, କିନ୍ତୁ କେଚିତ୍ ସନ୍ଦିଗ୍ଧୱନ୍ତଃ|
281c1200f8	ଯୀଶୁସ୍ତେଷାଂ ସମୀପମାଗତ୍ୟ ୱ୍ୟାହୃତୱାନ୍, ସ୍ୱର୍ଗମେଦିନ୍ୟୋଃ ସର୍ୱ୍ୱାଧିପତିତ୍ୱଭାରୋ ମଯ୍ୟର୍ପିତ ଆସ୍ତେ|
281c130195	ଅତୋ ଯୂଯଂ ପ୍ରଯାଯ ସର୍ୱ୍ୱଦେଶୀଯାନ୍ ଶିଷ୍ୟାନ୍ କୃତ୍ୱା ପିତୁଃ ପୁତ୍ରସ୍ୟ ପୱିତ୍ରସ୍ୟାତ୍ମନଶ୍ଚ ନାମ୍ନା ତାନୱଗାହଯତ; ଅହଂ ଯୁଷ୍ମାନ୍ ଯଦ୍ୟଦାଦିଶଂ ତଦପି ପାଲଯିତୁଂ ତାନୁପାଦିଶତ|
281c140094	ପଶ୍ୟତ, ଜଗଦନ୍ତଂ ଯାୱତ୍ ସଦାହଂ ଯୁଷ୍ମାଭିଃ ସାକଂ ତିଷ୍ଠାମି| ଇତି|
2900000012	ମାର୍କଃ
290101007b	ଈଶ୍ୱରପୁତ୍ରସ୍ୟ ଯୀଶୁଖ୍ରୀଷ୍ଟସ୍ୟ ସୁସଂୱାଦାରମ୍ଭଃ|
2901020158	ଭୱିଷ୍ୟଦ୍ୱାଦିନାଂ ଗ୍ରନ୍ଥେଷୁ ଲିପିରିତ୍ଥମାସ୍ତେ, ପଶ୍ୟ ସ୍ୱକୀଯଦୂତନ୍ତୁ ତୱାଗ୍ରେ ପ୍ରେଷଯାମ୍ୟହମ୍| ଗତ୍ୱା ତ୍ୱଦୀଯପନ୍ଥାନଂ ସ ହି ପରିଷ୍କରିଷ୍ୟତି|
290103013f	"ପରମେଶସ୍ୟ ପନ୍ଥାନଂ ପରିଷ୍କୁରୁତ ସର୍ୱ୍ୱତଃ| ତସ୍ୟ ରାଜପଥଞ୍ଚୈୱ ସମାନଂ କୁରୁତାଧୁନା| " ଇତ୍ୟେତତ୍ ପ୍ରାନ୍ତରେ ୱାକ୍ୟଂ ୱଦତଃ କସ୍ୟଚିଦ୍ରୱଃ||
290104010e	ସଏୱ ଯୋହନ୍ ପ୍ରାନ୍ତରେ ମଜ୍ଜିତୱାନ୍ ତଥା ପାପମାର୍ଜନନିମିତ୍ତଂ ମନୋୱ୍ୟାୱର୍ତ୍ତକମଜ୍ଜନସ୍ୟ କଥାଞ୍ଚ ପ୍ରଚାରିତୱାନ୍|
2901050186	ତତୋ ଯିହୂଦାଦେଶଯିରୂଶାଲମ୍ନଗରନିୱାସିନଃ ସର୍ୱ୍ୱେ ଲୋକା ବହି ର୍ଭୂତ୍ୱା ତସ୍ୟ ସମୀପମାଗତ୍ୟ ସ୍ୱାନି ସ୍ୱାନି ପାପାନ୍ୟଙ୍ଗୀକୃତ୍ୟ ଯର୍ଦ୍ଦନନଦ୍ୟାଂ ତେନ ମଜ୍ଜିତା ବଭୂୱୁଃ|
2901060120	ଅସ୍ୟ ଯୋହନଃ ପରିଧେଯାନି କ୍ରମେଲକଲୋମଜାନି, ତସ୍ୟ କଟିବନ୍ଧନଂ ଚର୍ମ୍ମଜାତମ୍, ତସ୍ୟ ଭକ୍ଷ୍ୟାଣି ଚ ଶୂକକୀଟା ୱନ୍ୟମଧୂନି ଚାସନ୍|
290107015f	ସ ପ୍ରଚାରଯନ୍ କଥଯାଞ୍ଚକ୍ରେ, ଅହଂ ନମ୍ରୀଭୂଯ ଯସ୍ୟ ପାଦୁକାବନ୍ଧନଂ ମୋଚଯିତୁମପି ନ ଯୋଗ୍ୟୋସ୍ମି, ତାଦୃଶୋ ମତ୍ତୋ ଗୁରୁତର ଏକଃ ପୁରୁଷୋ ମତ୍ପଶ୍ଚାଦାଗଚ୍ଛତି|
29010800b4	ଅହଂ ଯୁଷ୍ମାନ୍ ଜଲେ ମଜ୍ଜିତୱାନ୍ କିନ୍ତୁ ସ ପୱିତ୍ର ଆତ୍ମାନି ସଂମଜ୍ଜଯିଷ୍ୟତି|
2901090114	ଅପରଞ୍ଚ ତସ୍ମିନ୍ନେୱ କାଲେ ଗାଲୀଲ୍ପ୍ରଦେଶସ୍ୟ ନାସରଦ୍ଗ୍ରାମାଦ୍ ଯୀଶୁରାଗତ୍ୟ ଯୋହନା ଯର୍ଦ୍ଦନନଦ୍ୟାଂ ମଜ୍ଜିତୋଽଭୂତ୍|
29010a00ec	ସ ଜଲାଦୁତ୍ଥିତମାତ୍ରୋ ମେଘଦ୍ୱାରଂ ମୁକ୍ତଂ କପୋତୱତ୍ ସ୍ୱସ୍ୟୋପରି ଅୱରୋହନ୍ତମାତ୍ମାନଞ୍ଚ ଦୃଷ୍ଟୱାନ୍|
29010b00b0	ତ୍ୱଂ ମମ ପ୍ରିଯଃ ପୁତ୍ରସ୍ତ୍ୱଯ୍ୟେୱ ମମମହାସନ୍ତୋଷ ଇଯମାକାଶୀଯା ୱାଣୀ ବଭୂୱ|
29010c0072	ତସ୍ମିନ୍ କାଲେ ଆତ୍ମା ତଂ ପ୍ରାନ୍ତରମଧ୍ୟଂ ନିନାଯ|
29010d0134	ଅଥ ସ ଚତ୍ୱାରିଂଶଦ୍ଦିନାନି ତସ୍ମିନ୍ ସ୍ଥାନେ ୱନ୍ୟପଶୁଭିଃ ସହ ତିଷ୍ଠନ୍ ଶୈତାନା ପରୀକ୍ଷିତଃ; ପଶ୍ଚାତ୍ ସ୍ୱର୍ଗୀଯଦୂତାସ୍ତଂ ସିଷେୱିରେ|
29010e0119	ଅନନ୍ତରଂ ଯୋହନି ବନ୍ଧନାଲଯେ ବଦ୍ଧେ ସତି ଯୀଶୁ ର୍ଗାଲୀଲ୍ପ୍ରଦେଶମାଗତ୍ୟ ଈଶ୍ୱରରାଜ୍ୟସ୍ୟ ସୁସଂୱାଦଂ ପ୍ରଚାରଯନ୍ କଥଯାମାସ,
29010f010e	କାଲଃ ସମ୍ପୂର୍ଣ ଈଶ୍ୱରରାଜ୍ୟଞ୍ଚ ସମୀପମାଗତଂ; ଅତୋହେତୋ ର୍ୟୂଯଂ ମନାଂସି ୱ୍ୟାୱର୍ତ୍ତଯଧ୍ୱଂ ସୁସଂୱାଦେ ଚ ୱିଶ୍ୱାସିତ|
290110018d	ତଦନନ୍ତରଂ ସ ଗାଲୀଲୀଯସମୁଦ୍ରସ୍ୟ ତୀରେ ଗଚ୍ଛନ୍ ଶିମୋନ୍ ତସ୍ୟ ଭ୍ରାତା ଅନ୍ଦ୍ରିଯନାମା ଚ ଇମୌ ଦ୍ୱୌ ଜନୌ ମତ୍ସ୍ୟଧାରିଣୌ ସାଗରମଧ୍ୟେ ଜାଲଂ ପ୍ରକ୍ଷିପନ୍ତୌ ଦୃଷ୍ଟ୍ୱା ତାୱୱଦତ୍,
2901110097	ଯୁୱାଂ ମମ ପଶ୍ଚାଦାଗଚ୍ଛତଂ, ଯୁୱାମହଂ ମନୁଷ୍ୟଧାରିଣୌ କରିଷ୍ୟାମି|
290112009a	ତତସ୍ତୌ ତତ୍କ୍ଷଣମେୱ ଜାଲାନି ପରିତ୍ୟଜ୍ୟ ତସ୍ୟ ପଶ୍ଚାତ୍ ଜଗ୍ମତୁଃ|
290113016f	ତତଃ ପରଂ ତତ୍ସ୍ଥାନାତ୍ କିଞ୍ଚିଦ୍ ଦୂରଂ ଗତ୍ୱା ସ ସିୱଦୀପୁତ୍ରଯାକୂବ୍ ତଦ୍ଭ୍ରାତୃଯୋହନ୍ ଚ ଇମୌ ନୌକାଯାଂ ଜାଲାନାଂ ଜୀର୍ଣମୁଦ୍ଧାରଯନ୍ତୌ ଦୃଷ୍ଟ୍ୱା ତାୱାହୂଯତ୍|
29011400af	ତତସ୍ତୌ ନୌକାଯାଂ ୱେତନଭୁଗ୍ଭିଃ ସହିତଂ ସ୍ୱପିତରଂ ୱିହାଯ ତତ୍ପଶ୍ଚାଦୀଯତୁଃ|
29011500db	ତତଃ ପରଂ କଫର୍ନାହୂମ୍ନାମକଂ ନଗରମୁପସ୍ଥାଯ ସ ୱିଶ୍ରାମଦିୱସେ ଭଜନଗ୍ରହଂ ପ୍ରୱିଶ୍ୟ ସମୁପଦିଦେଶ|
29011600e9	ତସ୍ୟୋପଦେଶାଲ୍ଲୋକା ଆଶ୍ଚର୍ୟ୍ୟଂ ମେନିରେ ଯତଃ ସୋଧ୍ୟାପକାଇୱ ନୋପଦିଶନ୍ ପ୍ରଭାୱୱାନିୱ ପ୍ରୋପଦିଦେଶ|
29011700f0	ଅପରଞ୍ଚ ତସ୍ମିନ୍ ଭଜନଗୃହେ ଅପୱିତ୍ରଭୂତେନ ଗ୍ରସ୍ତ ଏକୋ ମାନୁଷ ଆସୀତ୍| ସ ଚୀତ୍ଶବ୍ଦଂ କୃତ୍ୱା କଥଯାଞ୍ଚକେ
2901180161	ଭୋ ନାସରତୀଯ ଯୀଶୋ ତ୍ୱମସ୍ମାନ୍ ତ୍ୟଜ, ତ୍ୱଯା ସହାସ୍ମାକଂ କଃ ସମ୍ବନ୍ଧଃ? ତ୍ୱଂ କିମସ୍ମାନ୍ ନାଶଯିତୁଂ ସମାଗତଃ? ତ୍ୱମୀଶ୍ୱରସ୍ୟ ପୱିତ୍ରଲୋକ ଇତ୍ୟହଂ ଜାନାମି|
2901190090	ତଦା ଯୀଶୁସ୍ତଂ ତର୍ଜଯିତ୍ୱା ଜଗାଦ ତୂଷ୍ଣୀଂ ଭୱ ଇତୋ ବହିର୍ଭୱ ଚ|
29011a00a4	ତତଃ ସୋଽପୱିତ୍ରଭୂତସ୍ତଂ ସମ୍ପୀଡ୍ୟ ଅତ୍ୟୁଚୈଶ୍ଚୀତ୍କୃତ୍ୟ ନିର୍ଜଗାମ|
29011b019e	ତେନୈୱ ସର୍ୱ୍ୱେ ଚମତ୍କୃତ୍ୟ ପରସ୍ପରଂ କଥଯାଞ୍ଚକ୍ରିରେ, ଅହୋ କିମିଦଂ? କୀଦୃଶୋଽଯଂ ନୱ୍ୟ ଉପଦେଶଃ? ଅନେନ ପ୍ରଭାୱେନାପୱିତ୍ରଭୂତେଷ୍ୱାଜ୍ଞାପିତେଷୁ ତେ ତଦାଜ୍ଞାନୁୱର୍ତ୍ତିନୋ ଭୱନ୍ତି|
29011c009e	ତଦା ତସ୍ୟ ଯଶୋ ଗାଲୀଲଶ୍ଚତୁର୍ଦିକ୍ସ୍ଥସର୍ୱ୍ୱଦେଶାନ୍ ୱ୍ୟାପ୍ନୋତ୍|
29011d00fc	ଅପରଞ୍ଚ ତେ ଭଜନଗୃହାଦ୍ ବହି ର୍ଭୂତ୍ୱା ଯାକୂବ୍ୟୋହନ୍ଭ୍ୟାଂ ସହ ଶିମୋନ ଆନ୍ଦ୍ରିଯସ୍ୟ ଚ ନିୱେଶନଂ ପ୍ରୱିୱିଶୁଃ|
29011e00db	ତଦା ପିତରସ୍ୟ ଶ୍ୱଶ୍ରୂର୍ଜ୍ୱରପୀଡିତା ଶଯ୍ୟାଯାମାସ୍ତ ଇତି ତେ ତଂ ଝଟିତି ୱିଜ୍ଞାପଯାଞ୍ଚକ୍ରୁଃ|
29011f00fd	ତତଃ ସ ଆଗତ୍ୟ ତସ୍ୟା ହସ୍ତଂ ଧୃତ୍ୱା ତାମୁଦସ୍ଥାପଯତ୍; ତଦୈୱ ତାଂ ଜ୍ୱରୋଽତ୍ୟାକ୍ଷୀତ୍ ତତଃ ପରଂ ସା ତାନ୍ ସିଷେୱେ|
29012000f1	ଅଥାସ୍ତଂ ଗତେ ରୱୌ ସନ୍ଧ୍ୟାକାଲେ ସତି ଲୋକାସ୍ତତ୍ସମୀପଂ ସର୍ୱ୍ୱାନ୍ ରୋଗିଣୋ ଭୂତଧୃତାଂଶ୍ଚ ସମାନିନ୍ୟୁଃ|
290121006e	ସର୍ୱ୍ୱେ ନାଗରିକା ଲୋକା ଦ୍ୱାରି ସଂମିଲିତାଶ୍ଚ|
2901220177	ତତଃ ସ ନାନାୱିଧରୋଗିଣୋ ବହୂନ୍ ମନୁଜାନରୋଗିଣଶ୍ଚକାର ତଥା ବହୂନ୍ ଭୂତାନ୍ ତ୍ୟାଜଯାଞ୍ଚକାର ତାନ୍ ଭୂତାନ୍ କିମପି ୱାକ୍ୟଂ ୱକ୍ତୁଂ ନିଷିଷେଧ ଚ ଯତୋହେତୋସ୍ତେ ତମଜାନନ୍|
2901230125	ଅପରଞ୍ଚ ସୋଽତିପ୍ରତ୍ୟୂଷେ ୱସ୍ତୁତସ୍ତୁ ରାତ୍ରିଶେଷେ ସମୁତ୍ଥାଯ ବହିର୍ଭୂଯ ନିର୍ଜନଂ ସ୍ଥାନଂ ଗତ୍ୱା ତତ୍ର ପ୍ରାର୍ଥଯାଞ୍ଚକ୍ରେ|
2901240087	ଅନନ୍ତରଂ ଶିମୋନ୍ ତତ୍ସଙ୍ଗିନଶ୍ଚ ତସ୍ୟ ପଶ୍ଚାଦ୍ ଗତୱନ୍ତଃ|
2901250096	ତଦୁଦ୍ଦେଶଂ ପ୍ରାପ୍ୟ ତମୱଦନ୍ ସର୍ୱ୍ୱେ ଲୋକାସ୍ତ୍ୱାଂ ମୃଗଯନ୍ତେ|
29012600eb	ତଦା ସୋଽକଥଯତ୍ ଆଗଚ୍ଛତ ୱଯଂ ସମୀପସ୍ଥାନି ନଗରାଣି ଯାମଃ, ଯତୋଽହଂ ତତ୍ର କଥାଂ ପ୍ରଚାରଯିତୁଂ ବହିରାଗମମ୍|
29012700e7	ଅଥ ସ ତେଷାଂ ଗାଲୀଲ୍ପ୍ରଦେଶସ୍ୟ ସର୍ୱ୍ୱେଷୁ ଭଜନଗୃହେଷୁ କଥାଃ ପ୍ରଚାରଯାଞ୍ଚକ୍ରେ ଭୂତାନତ୍ୟାଜଯଞ୍ଚ|
2901280147	ଅନନ୍ତରମେକଃ କୁଷ୍ଠୀ ସମାଗତ୍ୟ ତତ୍ସମ୍ମୁଖେ ଜାନୁପାତଂ ୱିନଯଞ୍ଚ କୃତ୍ୱା କଥିତୱାନ୍ ଯଦି ଭୱାନ୍ ଇଚ୍ଛତି ତର୍ହି ମାଂ ପରିଷ୍କର୍ତ୍ତୁଂ ଶକ୍ନୋତି|
2901290094	ତତଃ କୃପାଲୁ ର୍ୟୀଶୁଃ କରୌ ପ୍ରସାର୍ୟ୍ୟ ତଂ ସ୍ପଷ୍ଟ୍ୱା କଥଯାମାସ
29012a0105	ମମେଚ୍ଛା ୱିଦ୍ୟତେ ତ୍ୱଂ ପରିଷ୍କୃତୋ ଭୱ| ଏତତ୍କଥାଯାଃ କଥନମାତ୍ରାତ୍ ସ କୁଷ୍ଠୀ ରୋଗାନ୍ମୁକ୍ତଃ ପରିଷ୍କୃତୋଽଭୱତ୍|
29012b0056	ତଦା ସ ତଂ ୱିସୃଜନ୍ ଗାଢମାଦିଶ୍ୟ ଜଗାଦ
29012c0156	ସାୱଧାନୋ ଭୱ କଥାମିମାଂ କମପି ମା ୱଦ; ସ୍ୱାତ୍ମାନଂ ଯାଜକଂ ଦର୍ଶଯ, ଲୋକେଭ୍ୟଃ ସ୍ୱପରିଷ୍କୃତେଃ ପ୍ରମାଣଦାନାଯ ମୂସାନିର୍ଣୀତଂ ଯଦ୍ଦାନଂ ତଦୁତ୍ସୃଜସ୍ୱ ଚ|
29012d0213	କିନ୍ତୁ ସ ଗତ୍ୱା ତତ୍ କର୍ମ୍ମ ଇତ୍ଥଂ ୱିସ୍ତାର୍ୟ୍ୟ ପ୍ରଚାରଯିତୁଂ ପ୍ରାରେଭେ ତେନୈୱ ଯୀଶୁଃ ପୁନଃ ସପ୍ରକାଶଂ ନଗରଂ ପ୍ରୱେଷ୍ଟୁଂ ନାଶକ୍ନୋତ୍ ତତୋହେତୋର୍ବହିଃ କାନନସ୍ଥାନେ ତସ୍ୟୌ; ତଥାପି ଚତୁର୍ଦ୍ଦିଗ୍ଭ୍ୟୋ ଲୋକାସ୍ତସ୍ୟ ସମୀପମାଯଯୁଃ|
2902010177	ତଦନନ୍ତରଂ ଯୀଶୈ କତିପଯଦିନାନି ୱିଲମ୍ବ୍ୟ ପୁନଃ କଫର୍ନାହୂମ୍ନଗରଂ ପ୍ରୱିଷ୍ଟେ ସ ଗୃହ ଆସ୍ତ ଇତି କିଂୱଦନ୍ତ୍ୟା ତତ୍କ୍ଷଣଂ ତତ୍ସମୀପଂ ବହୱୋ ଲୋକା ଆଗତ୍ୟ ସମୁପତସ୍ଥୁଃ,
290202014b	ତସ୍ମାଦ୍ ଗୃହମଧ୍ୟେ ସର୍ୱ୍ୱେଷାଂ କୃତେ ସ୍ଥାନଂ ନାଭୱଦ୍ ଦ୍ୱାରସ୍ୟ ଚତୁର୍ଦିକ୍ଷ୍ୱପି ନାଭୱତ୍, ତତ୍କାଲେ ସ ତାନ୍ ପ୍ରତି କଥାଂ ପ୍ରଚାରଯାଞ୍ଚକ୍ରେ|
29020300d1	ତତଃ ପରଂ ଲୋକାଶ୍ଚତୁର୍ଭି ର୍ମାନୱୈରେକଂ ପକ୍ଷାଘାତିନଂ ୱାହଯିତ୍ୱା ତତ୍ସମୀପମ୍ ଆନିନ୍ୟୁଃ|
29020401c8	କିନ୍ତୁ ଜନାନାଂ ବହୁତ୍ୱାତ୍ ତଂ ଯୀଶୋଃ ସମ୍ମୁଖମାନେତୁଂ ନ ଶକ୍ନୁୱନ୍ତୋ ଯସ୍ମିନ୍ ସ୍ଥାନେ ସ ଆସ୍ତେ ତଦୁପରିଗୃହପୃଷ୍ଠଂ ଖନିତ୍ୱା ଛିଦ୍ରଂ କୃତ୍ୱା ତେନ ମାର୍ଗେଣ ସଶଯ୍ୟଂ ପକ୍ଷାଘାତିନମ୍ ଅୱରୋହଯାମାସୁଃ|
29020500eb	ତତୋ ଯୀଶୁସ୍ତେଷାଂ ୱିଶ୍ୱାସଂ ଦୃଷ୍ଟ୍ୱା ତଂ ପକ୍ଷାଘାତିନଂ ବଭାଷେ ହେ ୱତ୍ସ ତୱ ପାପାନାଂ ମାର୍ଜନଂ ଭୱତୁ|
290206012e	ତଦା କିଯନ୍ତୋଽଧ୍ୟାପକାସ୍ତତ୍ରୋପୱିଶନ୍ତୋ ମନୋଭି ର୍ୱିତର୍କଯାଞ୍ଚକ୍ରୁଃ, ଏଷ ମନୁଷ୍ୟ ଏତାଦୃଶୀମୀଶ୍ୱରନିନ୍ଦାଂ କଥାଂ କୁତଃ କଥଯତି?
290207008b	ଈଶ୍ୱରଂ ୱିନା ପାପାନି ମାର୍ଷ୍ଟୁଂ କସ୍ୟ ସାମର୍ଥ୍ୟମ୍ ଆସ୍ତେ?
2902080105	ଇତ୍ଥଂ ତେ ୱିତର୍କଯନ୍ତି ଯୀଶୁସ୍ତତ୍କ୍ଷଣଂ ମନସା ତଦ୍ ବୁଦ୍ୱ୍ୱା ତାନୱଦଦ୍ ଯୂଯମନ୍ତଃକରଣୈଃ କୁତ ଏତାନି ୱିତର୍କଯଥ?
29020900ec	ତଦନନ୍ତରଂ ଯୀଶୁସ୍ତତ୍ସ୍ଥାନାତ୍ ପୁନଃ ସମୁଦ୍ରତଟଂ ଯଯୌ; ଲୋକନିୱହେ ତତ୍ସମୀପମାଗତେ ସ ତାନ୍ ସମୁପଦିଦେଶ|
29020a0144	କିନ୍ତୁ ପୃଥିୱ୍ୟାଂ ପାପାନି ମାର୍ଷ୍ଟୁଂ ମନୁଷ୍ୟପୁତ୍ରସ୍ୟ ସାମର୍ଥ୍ୟମସ୍ତି, ଏତଦ୍ ଯୁଷ୍ମାନ୍ ଜ୍ଞାପଯିତୁଂ (ସ ତସ୍ମୈ ପକ୍ଷାଘାତିନେ କଥଯାମାସ)
29020b00b5	ଉତ୍ତିଷ୍ଠ ତୱ ଶଯ୍ୟାଂ ଗୃହୀତ୍ୱା ସ୍ୱଗୃହଂ ଯାହି, ଅହଂ ତ୍ୱାମିଦମ୍ ଆଜ୍ଞାପଯାମି|
29020c01a5	ତତଃ ସ ତତ୍କ୍ଷଣମ୍ ଉତ୍ଥାଯ ଶଯ୍ୟାଂ ଗୃହୀତ୍ୱା ସର୍ୱ୍ୱେଷାଂ ସାକ୍ଷାତ୍ ଜଗାମ; ସର୍ୱ୍ୱେ ୱିସ୍ମିତା ଏତାଦୃଶଂ କର୍ମ୍ମ ୱଯମ୍ କଦାପି ନାପଶ୍ୟାମ, ଇମାଂ କଥାଂ କଥଯିତ୍ୱେଶ୍ୱରଂ ଧନ୍ୟମବ୍ରୁୱନ୍|
29020d00ec	ତଦନନ୍ତରଂ ଯୀଶୁସ୍ତତ୍ସ୍ଥାନାତ୍ ପୁନଃ ସମୁଦ୍ରତଟଂ ଯଯୌ; ଲୋକନିୱହେ ତତ୍ସମୀପମାଗତେ ସ ତାନ୍ ସମୁପଦିଦେଶ|
29020e0157	ଅଥ ଗଚ୍ଛନ୍ କରସଞ୍ଚଯଗୃହ ଉପୱିଷ୍ଟମ୍ ଆଲ୍ଫୀଯପୁତ୍ରଂ ଲେୱିଂ ଦୃଷ୍ଟ୍ୱା ତମାହୂଯ କଥିତୱାନ୍ ମତ୍ପଶ୍ଚାତ୍ ତ୍ୱାମାମଚ୍ଛ ତତଃ ସ ଉତ୍ଥାଯ ତତ୍ପଶ୍ଚାଦ୍ ଯଯୌ|
29020f0153	ଅନନ୍ତରଂ ଯୀଶୌ ତସ୍ୟ ଗୃହେ ଭୋକ୍ତୁମ୍ ଉପୱିଷ୍ଟେ ବହୱଃ କରମଞ୍ଚାଯିନଃ ପାପିନଶ୍ଚ ତେନ ତଚ୍ଛିଷ୍ୟୈଶ୍ଚ ସହୋପୱିୱିଶୁଃ, ଯତୋ ବହୱସ୍ତତ୍ପଶ୍ଚାଦାଜଗ୍ମୁଃ|
2902100178	ତଦା ସ କରମଞ୍ଚାଯିଭିଃ ପାପିଭିଶ୍ଚ ସହ ଖାଦତି, ତଦ୍ ଦୃଷ୍ଟ୍ୱାଧ୍ୟାପକାଃ ଫିରୂଶିନଶ୍ଚ ତସ୍ୟ ଶିଷ୍ୟାନୂଚୁଃ କରମଞ୍ଚାଯିଭିଃ ପାପିଭିଶ୍ଚ ସହାଯଂ କୁତୋ ଭୁଂକ୍ତେ ପିୱତି ଚ?
29021101bc	ତଦ୍ୱାକ୍ୟଂ ଶ୍ରୁତ୍ୱା ଯୀଶୁଃ ପ୍ରତ୍ୟୁୱାଚ, ଅରୋଗିଲୋକାନାଂ ଚିକିତ୍ସକେନ ପ୍ରଯୋଜନଂ ନାସ୍ତି, କିନ୍ତୁ ରୋଗିଣାମେୱ; ଅହଂ ଧାର୍ମ୍ମିକାନାହ୍ୱାତୁଂ ନାଗତଃ କିନ୍ତୁ ମନୋ ୱ୍ୟାୱର୍ତ୍ତଯିତୁଂ ପାପିନ ଏୱ|
2902120196	ତତଃ ପରଂ ଯୋହନଃ ଫିରୂଶିନାଞ୍ଚୋପୱାସାଚାରିଶିଷ୍ୟା ଯୀଶୋଃ ସମୀପମ୍ ଆଗତ୍ୟ କଥଯାମାସୁଃ, ଯୋହନଃ ଫିରୂଶିନାଞ୍ଚ ଶିଷ୍ୟା ଉପୱସନ୍ତି କିନ୍ତୁ ଭୱତଃ ଶିଷ୍ୟା ନୋପୱସନ୍ତି କିଂ କାରଣମସ୍ୟ?
29021301b8	ତଦା ଯୀଶୁସ୍ତାନ୍ ବଭାଷେ ଯାୱତ୍ କାଲଂ ସଖିଭିଃ ସହ କନ୍ୟାଯା ୱରସ୍ତିଷ୍ଠତି ତାୱତ୍କାଲଂ ତେ କିମୁପୱସ୍ତୁଂ ଶକ୍ନୁୱନ୍ତି? ଯାୱତ୍କାଲଂ ୱରସ୍ତୈଃ ସହ ତିଷ୍ଠତି ତାୱତ୍କାଲଂ ତ ଉପୱସ୍ତୁଂ ନ ଶକ୍ନୁୱନ୍ତି|
29021400ea	ଯସ୍ମିନ୍ କାଲେ ତେଭ୍ୟଃ ସକାଶାଦ୍ ୱରୋ ନେଷ୍ୟତେ ସ କାଲ ଆଗଚ୍ଛତି, ତସ୍ମିନ୍ କାଲେ ତେ ଜନା ଉପୱତ୍ସ୍ୟନ୍ତି|
2902150164	କୋପି ଜନଃ ପୁରାତନୱସ୍ତ୍ରେ ନୂତନୱସ୍ତ୍ରଂ ନ ସୀୱ୍ୟତି, ଯତୋ ନୂତନୱସ୍ତ୍ରେଣ ସହ ସେୱନେ କୃତେ ଜୀର୍ଣଂ ୱସ୍ତ୍ରଂ ଛିଦ୍ୟତେ ତସ୍ମାତ୍ ପୁନ ର୍ମହତ୍ ଛିଦ୍ରଂ ଜାଯତେ|
2902160207	କୋପି ଜନଃ ପୁରାତନକୁତୂଷୁ ନୂତନଂ ଦ୍ରାକ୍ଷାରସଂ ନ ସ୍ଥାପଯତି, ଯତୋ ନୂତନଦ୍ରାକ୍ଷାରସସ୍ୟ ତେଜସା ତାଃ କୁତ୍ୱୋ ୱିଦୀର୍ୟ୍ୟନ୍ତେ ତତୋ ଦ୍ରାକ୍ଷାରସଶ୍ଚ ପତତି କୁତ୍ୱଶ୍ଚ ନଶ୍ୟନ୍ତି, ଅତଏୱ ନୂତନଦ୍ରାକ୍ଷାରସୋ ନୂତନକୁତୂଷୁ ସ୍ଥାପନୀଯଃ|
290217012f	ତଦନନ୍ତରଂ ଯୀଶୁ ର୍ୟଦା ୱିଶ୍ରାମୱାରେ ଶସ୍ୟକ୍ଷେତ୍ରେଣ ଗଚ୍ଛତି ତଦା ତସ୍ୟ ଶିଷ୍ୟା ଗଚ୍ଛନ୍ତଃ ଶସ୍ୟମଞ୍ଜରୀଶ୍ଛେତ୍ତୁଂ ପ୍ରୱୃତ୍ତାଃ|
290218010a	ଅତଃ ଫିରୂଶିନୋ ଯୀଶୱେ କଥଯାମାସୁଃ ପଶ୍ୟତୁ ୱିଶ୍ରାମୱାସରେ ଯତ୍ କର୍ମ୍ମ ନ କର୍ତ୍ତୱ୍ୟଂ ତଦ୍ ଇମେ କୁତଃ କୁର୍ୱ୍ୱନ୍ତି?
2902190144	ତଦା ସ ତେଭ୍ୟୋଽକଥଯତ୍ ଦାଯୂଦ୍ ତତ୍ସଂଙ୍ଗିନଶ୍ଚ ଭକ୍ଷ୍ୟାଭାୱାତ୍ କ୍ଷୁଧିତାଃ ସନ୍ତୋ ଯତ୍ କର୍ମ୍ମ କୃତୱନ୍ତସ୍ତତ୍ କିଂ ଯୁଷ୍ମାଭି ର୍ନ ପଠିତମ୍?
29021a01a2	ଅବିଯାଥର୍ନାମକେ ମହାଯାଜକତାଂ କୁର୍ୱ୍ୱତି ସ କଥମୀଶ୍ୱରସ୍ୟାୱାସଂ ପ୍ରୱିଶ୍ୟ ଯେ ଦର୍ଶନୀଯପୂପା ଯାଜକାନ୍ ୱିନାନ୍ୟସ୍ୟ କସ୍ୟାପି ନ ଭକ୍ଷ୍ୟାସ୍ତାନେୱ ବୁଭୁଜେ ସଙ୍ଗିଲୋକେଭ୍ୟୋଽପି ଦଦୌ|
29021b00fa	ସୋଽପରମପି ଜଗାଦ, ୱିଶ୍ରାମୱାରୋ ମନୁଷ୍ୟାର୍ଥମେୱ ନିରୂପିତୋଽସ୍ତି କିନ୍ତୁ ମନୁଷ୍ୟୋ ୱିଶ୍ରାମୱାରାର୍ଥଂ ନୈୱ|
29021c0078	ମନୁଷ୍ୟପୁତ୍ରୋ ୱିଶ୍ରାମୱାରସ୍ୟାପି ପ୍ରଭୁରାସ୍ତେ|
29030100d6	ଅନନ୍ତରଂ ଯୀଶୁଃ ପୁନ ର୍ଭଜନଗୃହଂ ପ୍ରୱିଷ୍ଟସ୍ତସ୍ମିନ୍ ସ୍ଥାନେ ଶୁଷ୍କହସ୍ତ ଏକୋ ମାନୱ ଆସୀତ୍|
29030200dd	ସ ୱିଶ୍ରାମୱାରେ ତମରୋଗିଣଂ କରିଷ୍ୟତି ନୱେତ୍ୟତ୍ର ବହୱସ୍ତମ୍ ଅପୱଦିତୁଂ ଛିଦ୍ରମପେକ୍ଷିତୱନ୍ତଃ|
290303009b	ତଦା ସ ତଂ ଶୁଷ୍କହସ୍ତଂ ମନୁଷ୍ୟଂ ଜଗାଦ ମଧ୍ୟସ୍ଥାନେ ତ୍ୱମୁତ୍ତିଷ୍ଠ|
290304014c	ତତଃ ପରଂ ସ ତାନ୍ ପପ୍ରଚ୍ଛ ୱିଶ୍ରାମୱାରେ ହିତମହିତଂ ତଥା ହି ପ୍ରାଣରକ୍ଷା ୱା ପ୍ରାଣନାଶ ଏଷାଂ ମଧ୍ୟେ କିଂ କରଣୀଯଂ? କିନ୍ତୁ ତେ ନିଃଶବ୍ଦାସ୍ତସ୍ଥୁଃ|
29030501ce	ତଦା ସ ତେଷାମନ୍ତଃକରଣାନାଂ କାଠିନ୍ୟାଦ୍ଧେତୋ ର୍ଦୁଃଖିତଃ କ୍ରୋଧାତ୍ ଚର୍ତୁଦଶୋ ଦୃଷ୍ଟୱାନ୍ ତଂ ମାନୁଷଂ ଗଦିତୱାନ୍ ତଂ ହସ୍ତଂ ୱିସ୍ତାରଯ, ତତସ୍ତେନ ହସ୍ତେ ୱିସ୍ତୃତେ ତଦ୍ଧସ୍ତୋଽନ୍ୟହସ୍ତୱଦ୍ ଅରୋଗୋ ଜାତଃ|
29030600b3	ଅଥ ଫିରୂଶିନଃ ପ୍ରସ୍ଥାଯ ତଂ ନାଶଯିତୁଂ ହେରୋଦୀଯୈଃ ସହ ମନ୍ତ୍ରଯିତୁମାରେଭିରେ|
29030700a7	ଅତଏୱ ଯୀଶୁସ୍ତତ୍ସ୍ଥାନଂ ପରିତ୍ୟଜ୍ୟ ଶିଷ୍ୟୈଃ ସହ ପୁନଃ ସାଗରସମୀପଂ ଗତଃ;
29030801e3	ତତୋ ଗାଲୀଲ୍ୟିହୂଦା-ଯିରୂଶାଲମ୍-ଇଦୋମ୍-ଯର୍ଦନ୍ନଦୀପାରସ୍ଥାନେଭ୍ୟୋ ଲୋକସମୂହସ୍ତସ୍ୟ ପଶ୍ଚାଦ୍ ଗତଃ; ତଦନ୍ୟଃ ସୋରସୀଦନୋଃ ସମୀପୱାସିଲୋକସମୂହଶ୍ଚ ତସ୍ୟ ମହାକର୍ମ୍ମଣାଂ ୱାର୍ତ୍ତଂ ଶ୍ରୁତ୍ୱା ତସ୍ୟ ସନ୍ନିଧିମାଗତଃ|
29030900fa	ତଦା ଲୋକସମୂହଶ୍ଚେତ୍ ତସ୍ୟୋପରି ପତତି ଇତ୍ୟାଶଙ୍କ୍ୟ ସ ନାୱମେକାଂ ନିକଟେ ସ୍ଥାପଯିତୁଂ ଶିଷ୍ୟାନାଦିଷ୍ଟୱାନ୍|
29030a00fe	ଯତୋଽନେକମନୁଷ୍ୟାଣାମାରୋଗ୍ୟକରଣାଦ୍ ୱ୍ୟାଧିଗ୍ରସ୍ତାଃ ସର୍ୱ୍ୱେ ତଂ ସ୍ପ୍ରଷ୍ଟୁଂ ପରସ୍ପରଂ ବଲେନ ଯତ୍ନୱନ୍ତଃ|
29030b00f1	ଅପରଞ୍ଚ ଅପୱିତ୍ରଭୂତାସ୍ତଂ ଦୃଷ୍ଟ୍ୱା ତଚ୍ଚରଣଯୋଃ ପତିତ୍ୱା ପ୍ରୋଚୈଃ ପ୍ରୋଚୁଃ, ତ୍ୱମୀଶ୍ୱରସ୍ୟ ପୁତ୍ରଃ|
29030c009b	କିନ୍ତୁ ସ ତାନ୍ ଦୃଢମ୍ ଆଜ୍ଞାପ୍ୟ ସ୍ୱଂ ପରିଚାଯିତୁଂ ନିଷିଦ୍ଧୱାନ୍|
29030d00d0	ଅନନ୍ତରଂ ସ ପର୍ୱ୍ୱତମାରୁହ୍ୟ ଯଂ ଯଂ ପ୍ରତିଚ୍ଛା ତଂ ତମାହୂତୱାନ୍ ତତସ୍ତେ ତତ୍ସମୀପମାଗତାଃ|
29030e00b6	ତଦା ସ ଦ୍ୱାଦଶଜନାନ୍ ସ୍ୱେନ ସହ ସ୍ଥାତୁଂ ସୁସଂୱାଦପ୍ରଚାରାଯ ପ୍ରେରିତା ଭୱିତୁଂ
29030f00e5	ସର୍ୱ୍ୱପ୍ରକାରୱ୍ୟାଧୀନାଂ ଶମନକରଣାଯ ପ୍ରଭାୱଂ ପ୍ରାପ୍ତୁଂ ଭୂତାନ୍ ତ୍ୟାଜଯିତୁଞ୍ଚ ନିଯୁକ୍ତୱାନ୍|
2903100064	ତେଷାଂ ନାମାନୀମାନି, ଶିମୋନ୍ ସିୱଦିପୁତ୍ରୋ
290311008f	ଯାକୂବ୍ ତସ୍ୟ ଭ୍ରାତା ଯୋହନ୍ ଚ ଆନ୍ଦ୍ରିଯଃ ଫିଲିପୋ ବର୍ଥଲମଯଃ,
2903120123	ମଥୀ ଥୋମା ଚ ଆଲ୍ଫୀଯପୁତ୍ରୋ ଯାକୂବ୍ ଥଦ୍ଦୀଯଃ କିନାନୀଯଃ ଶିମୋନ୍ ଯସ୍ତଂ ପରହସ୍ତେଷ୍ୱର୍ପଯିଷ୍ୟତି ସ ଈଷ୍କରିଯୋତୀଯଯିହୂଦାଶ୍ଚ|
29031300fe	ସ ଶିମୋନେ ପିତର ଇତ୍ୟୁପନାମ ଦଦୌ ଯାକୂବ୍ୟୋହନ୍ଭ୍ୟାଂ ଚ ବିନେରିଗିଶ୍ ଅର୍ଥତୋ ମେଘନାଦପୁତ୍ରାୱିତ୍ୟୁପନାମ ଦଦୌ|
290314011c	ଅନନ୍ତରଂ ତେ ନିୱେଶନଂ ଗତାଃ, କିନ୍ତୁ ତତ୍ରାପି ପୁନର୍ମହାନ୍ ଜନସମାଗମୋ ଽଭୱତ୍ ତସ୍ମାତ୍ତେ ଭୋକ୍ତୁମପ୍ୟୱକାଶଂ ନ ପ୍ରାପ୍ତାଃ|
2903150106	ତତସ୍ତସ୍ୟ ସୁହୃଲ୍ଲୋକା ଇମାଂ ୱାର୍ତ୍ତାଂ ପ୍ରାପ୍ୟ ସ ହତଜ୍ଞାନୋଭୂଦ୍ ଇତି କଥାଂ କଥଯିତ୍ୱା ତଂ ଧୃତ୍ୱାନେତୁଂ ଗତାଃ|
2903160110	ଅପରଞ୍ଚ ଯିରୂଶାଲମ ଆଗତା ଯେ ଯେଽଧ୍ୟାପକାସ୍ତେ ଜଗଦୁରଯଂ ପୁରୁଷୋ ଭୂତପତ୍ୟାବିଷ୍ଟସ୍ତେନ ଭୂତପତିନା ଭୂତାନ୍ ତ୍ୟାଜଯତି|
29031700e2	ତତସ୍ତାନାହୂଯ ଯୀଶୁ ର୍ଦୃଷ୍ଟାନ୍ତୈଃ କଥାଂ କଥିତୱାନ୍ ଶୈତାନ୍ କଥଂ ଶୈତାନଂ ତ୍ୟାଜଯିତୁଂ ଶକ୍ନୋତି?
29031800dc	କିଞ୍ଚନ ରାଜ୍ୟଂ ଯଦି ସ୍ୱୱିରୋଧେନ ପୃଥଗ୍ ଭୱତି ତର୍ହି ତଦ୍ ରାଜ୍ୟଂ ସ୍ଥିରଂ ସ୍ଥାତୁଂ ନ ଶକ୍ନୋତି|
29031900ec	ତଥା କସ୍ୟାପି ପରିୱାରୋ ଯଦି ପରସ୍ପରଂ ୱିରୋଧୀ ଭୱତି ତର୍ହି ସୋପି ପରିୱାରଃ ସ୍ଥିରଂ ସ୍ଥାତୁଂ ନ ଶକ୍ନୋତି|
29031a012c	ତଦ୍ୱତ୍ ଶୈତାନ୍ ଯଦି ସ୍ୱୱିପକ୍ଷତଯା ଉତ୍ତିଷ୍ଠନ୍ ଭିନ୍ନୋ ଭୱତି ତର୍ହି ସୋପି ସ୍ଥିରଂ ସ୍ଥାତୁଂ ନ ଶକ୍ନୋତି କିନ୍ତୂଚ୍ଛିନ୍ନୋ ଭୱତି|
29031b017e	ଅପରଞ୍ଚ ପ୍ରବଲଂ ଜନଂ ପ୍ରଥମଂ ନ ବଦ୍ଧା କୋପି ତସ୍ୟ ଗୃହଂ ପ୍ରୱିଶ୍ୟ ଦ୍ରୱ୍ୟାଣି ଲୁଣ୍ଠଯିତୁଂ ନ ଶକ୍ନୋତି, ତଂ ବଦ୍ୱ୍ୱୈୱ ତସ୍ୟ ଗୃହସ୍ୟ ଦ୍ରୱ୍ୟାଣି ଲୁଣ୍ଠଯିତୁଂ ଶକ୍ନୋତି|
29031c0195	ଅତୋହେତୋ ର୍ୟୁଷ୍ମଭ୍ୟମହଂ ସତ୍ୟଂ କଥଯାମି ମନୁଷ୍ୟାଣାଂ ସନ୍ତାନା ଯାନି ଯାନି ପାପାନୀଶ୍ୱରନିନ୍ଦାଞ୍ଚ କୁର୍ୱ୍ୱନ୍ତି ତେଷାଂ ତତ୍ସର୍ୱ୍ୱେଷାମପରାଧାନାଂ କ୍ଷମା ଭୱିତୁଂ ଶକ୍ନୋତି,
29031d0123	କିନ୍ତୁ ଯଃ କଶ୍ଚିତ୍ ପୱିତ୍ରମାତ୍ମାନଂ ନିନ୍ଦତି ତସ୍ୟାପରାଧସ୍ୟ କ୍ଷମା କଦାପି ନ ଭୱିଷ୍ୟତି ସୋନନ୍ତଦଣ୍ଡସ୍ୟାର୍ହୋ ଭୱିଷ୍ୟତି|
29031e009e	ତସ୍ୟାପୱିତ୍ରଭୂତୋଽସ୍ତି ତେଷାମେତତ୍କଥାହେତୋଃ ସ ଇତ୍ଥଂ କଥିତୱାନ୍|
29031f00c5	ଅଥ ତସ୍ୟ ମାତା ଭ୍ରାତୃଗଣଶ୍ଚାଗତ୍ୟ ବହିସ୍ତିଷ୍ଠନତୋ ଲୋକାନ୍ ପ୍ରେଷ୍ୟ ତମାହୂତୱନ୍ତଃ|
29032000fd	ତତସ୍ତତ୍ସନ୍ନିଧୌ ସମୁପୱିଷ୍ଟା ଲୋକାସ୍ତଂ ବଭାଷିରେ ପଶ୍ୟ ବହିସ୍ତୱ ମାତା ଭ୍ରାତରଶ୍ଚ ତ୍ୱାମ୍ ଅନ୍ୱିଚ୍ଛନ୍ତି|
290321012a	ତଦା ସ ତାନ୍ ପ୍ରତ୍ୟୁୱାଚ ମମ ମାତା କା ଭ୍ରାତରୋ ୱା କେ? ତତଃ ପରଂ ସ ସ୍ୱମୀପୋପୱିଷ୍ଟାନ୍ ଶିଷ୍ୟାନ୍ ପ୍ରତି ଅୱଲୋକନଂ କୃତ୍ୱା କଥଯାମାସ
2903220049	ପଶ୍ୟତୈତେ ମମ ମାତା ଭ୍ରାତରଶ୍ଚ|
29032300b4	ଯଃ କଶ୍ଚିଦ୍ ଈଶ୍ୱରସ୍ୟେଷ୍ଟାଂ କ୍ରିଯାଂ କରୋତି ସ ଏୱ ମମ ଭ୍ରାତା ଭଗିନୀ ମାତା ଚ|
290401017d	ଅନନ୍ତରଂ ସ ସମୁଦ୍ରତଟେ ପୁନରୁପଦେଷ୍ଟୁଂ ପ୍ରାରେଭେ, ତତସ୍ତତ୍ର ବହୁଜନାନାଂ ସମାଗମାତ୍ ସ ସାଗରୋପରି ନୌକାମାରୁହ୍ୟ ସମୁପୱିଷ୍ଟଃ; ସର୍ୱ୍ୱେ ଲୋକାଃ ସମୁଦ୍ରକୂଲେ ତସ୍ଥୁଃ|
290402009c	ତଦା ସ ଦୃଷ୍ଟାନ୍ତକଥାଭି ର୍ବହୂପଦିଷ୍ଟୱାନ୍ ଉପଦିଶଂଶ୍ଚ କଥିତୱାନ୍,
2904030077	ଅୱଧାନଂ କୁରୁତ, ଏକୋ ବୀଜୱପ୍ତା ବୀଜାନି ୱପ୍ତୁଂ ଗତଃ;
29040400d1	ୱପନକାଲେ କିଯନ୍ତି ବୀଜାନି ମାର୍ଗପାଶ୍ୱେ ପତିତାନି, ତତ ଆକାଶୀଯପକ୍ଷିଣ ଏତ୍ୟ ତାନି ଚଖାଦୁଃ|
29040500f4	କିଯନ୍ତି ବୀଜାନି ସ୍ୱଲ୍ପମୃତ୍ତିକାୱତ୍ପାଷାଣଭୂମୌ ପତିତାନି ତାନି ମୃଦୋଲ୍ପତ୍ୱାତ୍ ଶୀଘ୍ରମଙ୍କୁରିତାନି;
29040600ad	କିନ୍ତୂଦିତେ ସୂର୍ୟ୍ୟେ ଦଗ୍ଧାନି ତଥା ମୂଲାନୋ ନାଧୋଗତତ୍ୱାତ୍ ଶୁଷ୍କାଣି ଚ|
29040700f6	କିଯନ୍ତି ବୀଜାନି କଣ୍ଟକିୱନମଧ୍ୟେ ପତିତାନି ତତଃ କଣ୍ଟକାନି ସଂୱୃଦ୍ୱ୍ୟ ତାନି ଜଗ୍ରସୁସ୍ତାନି ନ ଚ ଫଲିତାନି|
29040801ab	ତଥା କିଯନ୍ତି ବୀଜାନ୍ୟୁତ୍ତମଭୂମୌ ପତିତାନି ତାନି ସଂୱୃଦ୍ୱ୍ୟ ଫଲାନ୍ୟୁତ୍ପାଦିତାନି କିଯନ୍ତି ବୀଜାନି ତ୍ରିଂଶଦ୍ଗୁଣାନି କିଯନ୍ତି ଷଷ୍ଟିଗୁଣାନି କିଯନ୍ତି ଶତଗୁଣାନି ଫଲାନି ଫଲିତୱନ୍ତି|
2904090078	ଅଥ ସ ତାନୱଦତ୍ ଯସ୍ୟ ଶ୍ରୋତୁଂ କର୍ଣୌ ସ୍ତଃ ସ ଶୃଣୋତୁ|
29040a00f4	ତଦନନ୍ତରଂ ନିର୍ଜନସମଯେ ତତ୍ସଙ୍ଗିନୋ ଦ୍ୱାଦଶଶିଷ୍ୟାଶ୍ଚ ତଂ ତଦ୍ଦୃଷ୍ଟାନ୍ତୱାକ୍ୟସ୍ୟାର୍ଥଂ ପପ୍ରଚ୍ଛୁଃ|
29040b00ca	ତଦା ସ ତାନୁଦିତୱାନ୍ ଈଶ୍ୱରରାଜ୍ୟସ୍ୟ ନିଗୂଢୱାକ୍ୟଂ ବୋଦ୍ଧୁଂ ଯୁଷ୍ମାକମଧିକାରୋଽସ୍ତି;
29040c0247	କିନ୍ତୁ ଯେ ୱହିର୍ଭୂତାଃ "ତେ ପଶ୍ୟନ୍ତଃ ପଶ୍ୟନ୍ତି କିନ୍ତୁ ନ ଜାନନ୍ତି, ଶୃଣ୍ୱନ୍ତଃ ଶୃଣ୍ୱନ୍ତି କିନ୍ତୁ ନ ବୁଧ୍ୟନ୍ତେ, ଚେତ୍ତୈ ର୍ମନଃସୁ କଦାପି ପରିୱର୍ତ୍ତିତେଷୁ ତେଷାଂ ପାପାନ୍ୟମୋଚଯିଷ୍ୟନ୍ତ," ଅତୋହେତୋସ୍ତାନ୍ ପ୍ରତି ଦୃଷ୍ଟାନ୍ତୈରେୱ ତାନି ମଯା କଥିତାନି|
29040d0110	ଅଥ ସ କଥିତୱାନ୍ ଯୂଯଂ କିମେତଦ୍ ଦୃଷ୍ଟାନ୍ତୱାକ୍ୟଂ ନ ବୁଧ୍ୟଧ୍ୱେ? ତର୍ହି କଥଂ ସର୍ୱ୍ୱାନ୍ ଦୃଷ୍ଟାନ୍ତାନ ଭୋତ୍ସ୍ୟଧ୍ୱେ?
29040e005b	ବୀଜୱପ୍ତା ୱାକ୍ୟରୂପାଣି ବୀଜାନି ୱପତି;
29040f01ad	ତତ୍ର ଯେ ଯେ ଲୋକା ୱାକ୍ୟଂ ଶୃଣ୍ୱନ୍ତି, କିନ୍ତୁ ଶ୍ରୁତମାତ୍ରାତ୍ ଶୈତାନ୍ ଶୀଘ୍ରମାଗତ୍ୟ ତେଷାଂ ମନଃସୂପ୍ତାନି ତାନି ୱାକ୍ୟରୂପାଣି ବୀଜାନ୍ୟପନଯତି ତଏୱ ଉପ୍ତବୀଜମାର୍ଗପାର୍ଶ୍ୱେସ୍ୱରୂପାଃ|
290410016e	ଯେ ଜନା ୱାକ୍ୟଂ ଶ୍ରୁତ୍ୱା ସହସା ପରମାନନ୍ଦେନ ଗୃହ୍ଲନ୍ତି, କିନ୍ତୁ ହୃଦି ସ୍ଥୈର୍ୟ୍ୟାଭାୱାତ୍ କିଞ୍ଚିତ୍ କାଲମାତ୍ରଂ ତିଷ୍ଠନ୍ତି ତତ୍ପଶ୍ଚାତ୍ ତଦ୍ୱାକ୍ୟହେତୋଃ
2904110106	କୁତ୍ରଚିତ୍ କ୍ଲେଶେ ଉପଦ୍ରୱେ ୱା ସମୁପସ୍ଥିତେ ତଦୈୱ ୱିଘ୍ନଂ ପ୍ରାପ୍ନୁୱନ୍ତି ତଏୱ ଉପ୍ତବୀଜପାଷାଣଭୂମିସ୍ୱରୂପାଃ|
2904120156	ଯେ ଜନାଃ କଥାଂ ଶୃଣ୍ୱନ୍ତି କିନ୍ତୁ ସାଂସାରିକୀ ଚିନ୍ତା ଧନଭ୍ରାନ୍ତି ର୍ୱିଷଯଲୋଭଶ୍ଚ ଏତେ ସର୍ୱ୍ୱେ ଉପସ୍ଥାଯ ତାଂ କଥାଂ ଗ୍ରସନ୍ତି ତତଃ ମା ୱିଫଲା ଭୱତି
2904130056	ତଏୱ ଉପ୍ତବୀଜସକଣ୍ଟକଭୂମିସ୍ୱରୂପାଃ|
2904140187	ଯେ ଜନା ୱାକ୍ୟଂ ଶ୍ରୁତ୍ୱା ଗୃହ୍ଲନ୍ତି ତେଷାଂ କସ୍ୟ ୱା ତ୍ରିଂଶଦ୍ଗୁଣାନି କସ୍ୟ ୱା ଷଷ୍ଟିଗୁଣାନି କସ୍ୟ ୱା ଶତଗୁଣାନି ଫଲାନି ଭୱନ୍ତି ତଏୱ ଉପ୍ତବୀଜୋର୍ୱ୍ୱରଭୂମିସ୍ୱରୂପାଃ|
2904150116	ତଦା ସୋଽପରମପି କଥିତୱାନ୍ କୋପି ଜନୋ ଦୀପାଧାରଂ ପରିତ୍ୟଜ୍ୟ ଦ୍ରୋଣସ୍ୟାଧଃ ଖଟ୍ୱାଯା ଅଧେ ୱା ସ୍ଥାପଯିତୁଂ ଦୀପମାନଯତି କିଂ?
290416014d	ଅତୋହେତୋ ର୍ୟନ୍ନ ପ୍ରକାଶଯିଷ୍ୟତେ ତାଦୃଗ୍ ଲୁକ୍କାଯିତଂ କିମପି ୱସ୍ତୁ ନାସ୍ତି; ଯଦ୍ ୱ୍ୟକ୍ତଂ ନ ଭୱିଷ୍ୟତି ତାଦୃଶଂ ଗୁପ୍ତଂ କିମପି ୱସ୍ତୁ ନାସ୍ତି|
2904170057	ଯସ୍ୟ ଶ୍ରୋତୁଂ କର୍ଣୌ ସ୍ତଃ ସ ଶୃଣୋତୁ|
29041801bd	ଅପରମପି କଥିତୱାନ୍ ଯୂଯଂ ଯଦ୍ ଯଦ୍ ୱାକ୍ୟଂ ଶୃଣୁଥ ତତ୍ର ସାୱଧାନା ଭୱତ, ଯତୋ ଯୂଯଂ ଯେନ ପରିମାଣେନ ପରିମାଥ ତେନୈୱ ପରିମାଣେନ ଯୁଷ୍ମଦର୍ଥମପି ପରିମାସ୍ୟତେ; ଶ୍ରୋତାରୋ ଯୂଯଂ ଯୁଷ୍ମଭ୍ୟମଧିକଂ ଦାସ୍ୟତେ|
2904190133	ଯସ୍ୟାଶ୍ରଯେ ୱର୍ଦ୍ଧତେ ତସ୍ମୈ ଅପରମପି ଦାସ୍ୟତେ, କିନ୍ତୁ ଯସ୍ୟାଶ୍ରଯେ ନ ୱର୍ଦ୍ଧତେ ତସ୍ୟ ଯତ୍ କିଞ୍ଚିଦସ୍ତି ତଦପି ତସ୍ମାନ୍ ନେଷ୍ୟତେ|
29041a008d	ଅନନ୍ତରଂ ସ କଥିତୱାନ୍ ଏକୋ ଲୋକଃ କ୍ଷେତ୍ରେ ବୀଜାନ୍ୟୁପ୍ତ୍ୱା
29041b00ea	ଜାଗରଣନିଦ୍ରାଭ୍ୟାଂ ଦିୱାନିଶଂ ଗମଯତି, ପରନ୍ତୁ ତଦ୍ୱୀଜଂ ତସ୍ୟାଜ୍ଞାତରୂପେଣାଙ୍କୁରଯତି ୱର୍ଦ୍ଧତେ ଚ;
29041c0104	ଯତୋହେତୋଃ ପ୍ରଥମତଃ ପତ୍ରାଣି ତତଃ ପରଂ କଣିଶାନି ତତ୍ପଶ୍ଚାତ୍ କଣିଶପୂର୍ଣାନି ଶସ୍ୟାନି ଭୂମିଃ ସ୍ୱଯମୁତ୍ପାଦଯତି;
29041d0108	କିନ୍ତୁ ଫଲେଷୁ ପକ୍କେଷୁ ଶସ୍ୟଚ୍ଛେଦନକାଲଂ ଜ୍ଞାତ୍ୱା ସ ତତ୍କ୍ଷଣଂ ଶସ୍ୟାନି ଛିନତ୍ତି, ଅନେନ ତୁଲ୍ୟମୀଶ୍ୱରରାଜ୍ୟଂ|
29041e00b0	ପୁନଃ ସୋଽକଥଯଦ୍ ଈଶ୍ୱରରାଜ୍ୟଂ କେନ ସମଂ? କେନ ୱସ୍ତୁନା ସହ ୱା ତଦୁପମାସ୍ୟାମି?
29041f00da	ତତ୍ ସର୍ଷପୈକେନ ତୁଲ୍ୟଂ ଯତୋ ମୃଦି ୱପନକାଲେ ସର୍ଷପବୀଜଂ ସର୍ୱ୍ୱପୃଥିୱୀସ୍ଥବୀଜାତ୍ କ୍ଷୁଦ୍ରଂ
290420013e	କିନ୍ତୁ ୱପନାତ୍ ପରମ୍ ଅଙ୍କୁରଯିତ୍ୱା ସର୍ୱ୍ୱଶାକାଦ୍ ବୃହଦ୍ ଭୱତି, ତସ୍ୟ ବୃହତ୍ୟଃ ଶାଖାଶ୍ଚ ଜାଯନ୍ତେ ତତସ୍ତଚ୍ଛାଯାଂ ପକ୍ଷିଣ ଆଶ୍ରଯନ୍ତେ|
29042100a0	ଇତ୍ଥଂ ତେଷାଂ ବୋଧାନୁରୂପଂ ସୋଽନେକଦୃଷ୍ଟାନ୍ତୈସ୍ତାନୁପଦିଷ୍ଟୱାନ୍,
290422011b	ଦୃଷ୍ଟାନ୍ତଂ ୱିନା କାମପି କଥାଂ ତେଭ୍ୟୋ ନ କଥିତୱାନ୍ ପଶ୍ଚାନ୍ ନିର୍ଜନେ ସ ଶିଷ୍ୟାନ୍ ସର୍ୱ୍ୱଦୃଷ୍ଟାନ୍ତାର୍ଥଂ ବୋଧିତୱାନ୍|
2904230098	ତଦ୍ଦିନସ୍ୟ ସନ୍ଧ୍ୟାଯାଂ ସ ତେଭ୍ୟୋଽକଥଯଦ୍ ଆଗଚ୍ଛତ ୱଯଂ ପାରଂ ଯାମ|
29042400ec	ତଦା ତେ ଲୋକାନ୍ ୱିସୃଜ୍ୟ ତମୱିଲମ୍ବଂ ଗୃହୀତ୍ୱା ନୌକଯା ପ୍ରତସ୍ଥିରେ; ଅପରା ଅପି ନାୱସ୍ତଯା ସହ ସ୍ଥିତାଃ|
29042500ad	ତତଃ ପରଂ ମହାଝଞ୍ଭ୍ଶଗମାତ୍ ନୌ ର୍ଦୋଲାଯମାନା ତରଙ୍ଗେଣ ଜଲୈଃ ପୂର୍ଣାଭୱଚ୍ଚ|
2904260178	ତଦା ସ ନୌକାଚଶ୍ଚାଦ୍ଭାଗେ ଉପଧାନେ ଶିରୋ ନିଧାଯ ନିଦ୍ରିତ ଆସୀତ୍ ତତସ୍ତେ ତଂ ଜାଗରଯିତ୍ୱା ଜଗଦୁଃ, ହେ ପ୍ରଭୋ, ଅସ୍ମାକଂ ପ୍ରାଣା ଯାନ୍ତି କିମତ୍ର ଭୱତଶ୍ଚିନ୍ତା ନାସ୍ତି?
290427012d	ତଦା ସ ଉତ୍ଥାଯ ୱାଯୁଂ ତର୍ଜିତୱାନ୍ ସମୁଦ୍ରଞ୍ଚୋକ୍ତୱାନ୍ ଶାନ୍ତଃ ସୁସ୍ଥିରଶ୍ଚ ଭୱ; ତତୋ ୱାଯୌ ନିୱୃତ୍ତେଽବ୍ଧିର୍ନିସ୍ତରଙ୍ଗୋଭୂତ୍|
29042800b4	ତଦା ସ ତାନୁୱାଚ ଯୂଯଂ କୁତ ଏତାଦୃକ୍ଶଙ୍କାକୁଲା ଭୱତ? କିଂ ୱୋ ୱିଶ୍ୱାସୋ ନାସ୍ତି?
2904290106	ତସ୍ମାତ୍ତେଽତୀୱଭୀତାଃ ପରସ୍ପରଂ ୱକ୍ତୁମାରେଭିରେ, ଅହୋ ୱାଯୁଃ ସିନ୍ଧୁଶ୍ଚାସ୍ୟ ନିଦେଶଗ୍ରାହିଣୌ କୀଦୃଗଯଂ ମନୁଜଃ|
290501007e	ଅଥ ତୂ ସିନ୍ଧୁପାରଂ ଗତ୍ୱା ଗିଦେରୀଯପ୍ରଦେଶ ଉପତସ୍ଥୁଃ|
29050200cb	ନୌକାତୋ ନିର୍ଗତମାତ୍ରାଦ୍ ଅପୱିତ୍ରଭୂତଗ୍ରସ୍ତ ଏକଃ ଶ୍ମଶାନାଦେତ୍ୟ ତଂ ସାକ୍ଷାଚ୍ ଚକାର|
29050300b3	ସ ଶ୍ମଶାନେଽୱାତ୍ସୀତ୍ କୋପି ତଂ ଶୃଙ୍ଖଲେନ ବଦ୍ୱ୍ୱା ସ୍ଥାପଯିତୁଂ ନାଶକ୍ନୋତ୍|
2905040162	ଜନୈର୍ୱାରଂ ନିଗଡୈଃ ଶୃଙ୍ଖଲୈଶ୍ଚ ସ ବଦ୍ଧୋପି ଶୃଙ୍ଖଲାନ୍ୟାକୃଷ୍ୟ ମୋଚିତୱାନ୍ ନିଗଡାନି ଚ ଭଂକ୍ତ୍ୱା ଖଣ୍ଡଂ ଖଣ୍ଡଂ କୃତୱାନ୍ କୋପି ତଂ ୱଶୀକର୍ତ୍ତୁଂ ନ ଶଶକ|
29050500f8	ଦିୱାନିଶଂ ସଦା ପର୍ୱ୍ୱତଂ ଶ୍ମଶାନଞ୍ଚ ଭ୍ରମିତ୍ୱା ଚୀତ୍ଶବ୍ଦଂ କୃତୱାନ୍ ଗ୍ରାୱଭିଶ୍ଚ ସ୍ୱଯଂ ସ୍ୱଂ କୃତୱାନ୍|
290506009b	ସ ଯୀଶୁଂ ଦୂରାତ୍ ପଶ୍ୟନ୍ନେୱ ଧାୱନ୍ ତଂ ପ୍ରଣନାମ ଉଚୈରୁୱଂଶ୍ଚୋୱାଚ,
29050700f3	ହେ ସର୍ୱ୍ୱୋପରିସ୍ଥେଶ୍ୱରପୁତ୍ର ଯୀଶୋ ଭୱତା ସହ ମେ କଃ ସମ୍ବନ୍ଧଃ? ଅହଂ ତ୍ୱାମୀଶ୍ୱରେଣ ଶାପଯେ ମାଂ ମା ଯାତଯ|
29050800b0	ଯତୋ ଯୀଶୁସ୍ତଂ କଥିତୱାନ୍ ରେ ଅପୱିତ୍ରଭୂତ, ଅସ୍ମାନ୍ନରାଦ୍ ବହିର୍ନିର୍ଗଚ୍ଛ|
29050900d8	ଅଥ ସ ତଂ ପୃଷ୍ଟୱାନ୍ କିନ୍ତେ ନାମ? ତେନ ପ୍ରତ୍ୟୁକ୍ତଂ ୱଯମନେକେ ଽସ୍ମସ୍ତତୋଽସ୍ମନ୍ନାମ ବାହିନୀ|
29050a007e	ତତୋସ୍ମାନ୍ ଦେଶାନ୍ନ ପ୍ରେଷଯେତି ତେ ତଂ ପ୍ରାର୍ଥଯନ୍ତ|
29050b0089	ତଦାନୀଂ ପର୍ୱ୍ୱତଂ ନିକଷା ବୃହନ୍ ୱରାହୱ୍ରଜଶ୍ଚରନ୍ନାସୀତ୍|
29050c00be	ତସ୍ମାଦ୍ ଭୂତା ୱିନଯେନ ଜଗଦୁଃ, ଅମୁଂ ୱରାହୱ୍ରଜମ୍ ଆଶ୍ରଯିତୁମ୍ ଅସ୍ମାନ୍ ପ୍ରହିଣୁ|
29050d01c8	ଯୀଶୁନାନୁଜ୍ଞାତାସ୍ତେଽପୱିତ୍ରଭୂତା ବହିର୍ନିର୍ୟାଯ ୱରାହୱ୍ରଜଂ ପ୍ରାୱିଶନ୍ ତତଃ ସର୍ୱ୍ୱେ ୱରାହା ୱସ୍ତୁତସ୍ତୁ ପ୍ରାଯୋଦ୍ୱିସହସ୍ରସଂଙ୍ଖ୍ୟକାଃ କଟକେନ ମହାଜୱାଦ୍ ଧାୱନ୍ତଃ ସିନ୍ଧୌ ପ୍ରାଣାନ୍ ଜହୁଃ|
29050e0140	ତସ୍ମାଦ୍ ୱରାହପାଲକାଃ ପଲାଯମାନାଃ ପୁରେ ଗ୍ରାମେ ଚ ତଦ୍ୱାର୍ତ୍ତଂ କଥଯାଞ୍ଚକ୍ରୁଃ| ତଦା ଲୋକା ଘଟିତଂ ତତ୍କାର୍ୟ୍ୟଂ ଦ୍ରଷ୍ଟୁଂ ବହିର୍ଜଗ୍ମୁଃ
29050f0133	ଯୀଶୋଃ ସନ୍ନିଧିଂ ଗତ୍ୱା ତଂ ଭୂତଗ୍ରସ୍ତମ୍ ଅର୍ଥାଦ୍ ବାହିନୀଭୂତଗ୍ରସ୍ତଂ ନରଂ ସୱସ୍ତ୍ରଂ ସଚେତନଂ ସମୁପୱିଷ୍ଟଞ୍ଚ ଦୃଷ୍ଟ୍ୱା ବିଭ୍ୟୁଃ|
29051000e8	ତତୋ ଦୃଷ୍ଟତତ୍କାର୍ୟ୍ୟଲୋକାସ୍ତସ୍ୟ ଭୂତଗ୍ରସ୍ତନରସ୍ୟ ୱରାହୱ୍ରଜସ୍ୟାପି ତାଂ ଧଟନାଂ ୱର୍ଣଯାମାସୁଃ|
290511008c	ତତସ୍ତେ ସ୍ୱସୀମାତୋ ବହିର୍ଗନ୍ତୁଂ ଯୀଶୁଂ ୱିନେତୁମାରେଭିରେ|
29051200af	ଅଥ ତସ୍ୟ ନୌକାରୋହଣକାଲେ ସ ଭୂତମୁକ୍ତୋ ନା ଯୀଶୁନା ସହ ସ୍ଥାତୁଂ ପ୍ରାର୍ଥଯତେ;
2905130165	କିନ୍ତୁ ସ ତମନନୁମତ୍ୟ କଥିତୱାନ୍ ତ୍ୱଂ ନିଜାତ୍ମୀଯାନାଂ ସମୀପଂ ଗୃହଞ୍ଚ ଗଚ୍ଛ ପ୍ରଭୁସ୍ତ୍ୱଯି କୃପାଂ କୃତ୍ୱା ଯାନି କର୍ମ୍ମାଣି କୃତୱାନ୍ ତାନି ତାନ୍ ଜ୍ଞାପଯ|
290514015c	ଅତଃ ସ ପ୍ରସ୍ଥାଯ ଯୀଶୁନା କୃତଂ ତତ୍ସର୍ୱ୍ୱାଶ୍ଚର୍ୟ୍ୟଂ କର୍ମ୍ମ ଦିକାପଲିଦେଶେ ପ୍ରଚାରଯିତୁଂ ପ୍ରାରବ୍ଧୱାନ୍ ତତଃ ସର୍ୱ୍ୱେ ଲୋକା ଆଶ୍ଚର୍ୟ୍ୟଂ ମେନିରେ|
2905150105	ଅନନ୍ତରଂ ଯୀଶୌ ନାୱା ପୁନରନ୍ୟପାର ଉତ୍ତୀର୍ଣେ ସିନ୍ଧୁତଟେ ଚ ତିଷ୍ଠତି ସତି ତତ୍ସମୀପେ ବହୁଲୋକାନାଂ ସମାଗମୋଽଭୂତ୍|
2905160106	ଅପରଂ ଯାଯୀର୍ ନାମ୍ନା କଶ୍ଚିଦ୍ ଭଜନଗୃହସ୍ୟାଧିପ ଆଗତ୍ୟ ତଂ ଦୃଷ୍ଟ୍ୱୈୱ ଚରଣଯୋଃ ପତିତ୍ୱା ବହୁ ନିୱେଦ୍ୟ କଥିତୱାନ୍;
2905170100	ମମ କନ୍ୟା ମୃତପ୍ରାଯାଭୂଦ୍ ଅତୋ ଭୱାନେତ୍ୟ ତଦାରୋଗ୍ୟାଯ ତସ୍ୟା ଗାତ୍ରେ ହସ୍ତମ୍ ଅର୍ପଯତୁ ତେନୈୱ ସା ଜୀୱିଷ୍ୟତି|
29051800d2	ତଦା ଯୀଶୁସ୍ତେନ ସହ ଚଲିତଃ କିନ୍ତୁ ତତ୍ପଶ୍ଚାଦ୍ ବହୁଲୋକାଶ୍ଚଲିତ୍ୱା ତାଦ୍ଗାତ୍ରେ ପତିତାଃ|
290519004d	ଅଥ ଦ୍ୱାଦଶୱର୍ଷାଣି ପ୍ରଦରରୋଗେଣ
29051a0144	ଶୀର୍ଣା ଚିକିତ୍ସକାନାଂ ନାନାଚିକିତ୍ସାଭିଶ୍ଚ ଦୁଃଖଂ ଭୁକ୍ତୱତୀ ଚ ସର୍ୱ୍ୱସ୍ୱଂ ୱ୍ୟଯିତ୍ୱାପି ନାରୋଗ୍ୟଂ ପ୍ରାପ୍ତା ଚ ପୁନରପି ପୀଡିତାସୀଚ୍ଚ
29051b012f	ଯା ସ୍ତ୍ରୀ ସା ଯୀଶୋ ର୍ୱାର୍ତ୍ତାଂ ପ୍ରାପ୍ୟ ମନସାକଥଯତ୍ ଯଦ୍ୟହଂ ତସ୍ୟ ୱସ୍ତ୍ରମାତ୍ର ସ୍ପ୍ରଷ୍ଟୁଂ ଲଭେଯଂ ତଦା ରୋଗହୀନା ଭୱିଷ୍ୟାମି|
29051c00ac	ଅତୋହେତୋଃ ସା ଲୋକାରଣ୍ୟମଧ୍ୟେ ତତ୍ପଶ୍ଚାଦାଗତ୍ୟ ତସ୍ୟ ୱସ୍ତ୍ରଂ ପସ୍ପର୍ଶ|
29051d00eb	ତେନୈୱ ତତ୍କ୍ଷଣଂ ତସ୍ୟା ରକ୍ତସ୍ରୋତଃ ଶୁଷ୍କଂ ସ୍ୱଯଂ ତସ୍ମାଦ୍ ରୋଗାନ୍ମୁକ୍ତା ଇତ୍ୟପି ଦେହେଽନୁଭୂତା|
29051e0140	ଅଥ ସ୍ୱସ୍ମାତ୍ ଶକ୍ତି ର୍ନିର୍ଗତା ଯୀଶୁରେତନ୍ମନସା ଜ୍ଞାତ୍ୱା ଲୋକନିୱହଂ ପ୍ରତି ମୁଖଂ ୱ୍ୟାୱୃତ୍ୟ ପୃଷ୍ଟୱାନ୍ କେନ ମଦ୍ୱସ୍ତ୍ରଂ ସ୍ପୃଷ୍ଟଂ?
29051f0110	ତତସ୍ତସ୍ୟ ଶିଷ୍ୟା ଊଚୁଃ ଭୱତୋ ୱପୁଷି ଲୋକାଃ ସଂଘର୍ଷନ୍ତି ତଦ୍ ଦୃଷ୍ଟ୍ୱା କେନ ମଦ୍ୱସ୍ତ୍ରଂ ସ୍ପୃଷ୍ଟମିତି କୁତଃ କଥଯତି?
29052000b4	କିନ୍ତୁ କେନ ତତ୍ କର୍ମ୍ମ କୃତଂ ତଦ୍ ଦ୍ରଷ୍ଟୁଂ ଯୀଶୁଶ୍ଚତୁର୍ଦିଶୋ ଦୃଷ୍ଟୱାନ୍|
290521016d	ତତଃ ସା ସ୍ତ୍ରୀ ଭୀତା କମ୍ପିତା ଚ ସତୀ ସ୍ୱସ୍ୟା ରୁକ୍ପ୍ରତିକ୍ରିଯା ଜାତେତି ଜ୍ଞାତ୍ୱାଗତ୍ୟ ତତ୍ସମ୍ମୁଖେ ପତିତ୍ୱା ସର୍ୱ୍ୱୱୃତ୍ତାନ୍ତଂ ସତ୍ୟଂ ତସ୍ମୈ କଥଯାମାସ|
2905220129	ତଦାନୀଂ ଯୀଶୁସ୍ତାଂ ଗଦିତୱାନ୍, ହେ କନ୍ୟେ ତୱ ପ୍ରତୀତିସ୍ତ୍ୱାମ୍ ଅରୋଗାମକରୋତ୍ ତ୍ୱଂ କ୍ଷେମେଣ ୱ୍ରଜ ସ୍ୱରୋଗାନ୍ମୁକ୍ତା ଚ ତିଷ୍ଠ|
2905230134	ଇତିୱାକ୍ୟୱଦନକାଲେ ଭଜନଗୃହାଧିପସ୍ୟ ନିୱେଶନାଲ୍ ଲୋକା ଏତ୍ୟାଧିପଂ ବଭାଷିରେ ତୱ କନ୍ୟା ମୃତା ତସ୍ମାଦ୍ ଗୁରୁଂ ପୁନଃ କୁତଃ କ୍ଲିଶ୍ନାସି?
29052400df	କିନ୍ତୁ ଯୀଶୁସ୍ତଦ୍ ୱାକ୍ୟଂ ଶ୍ରୁତ୍ୱୈୱ ଭଜନଗୃହାଧିପଂ ଗଦିତୱାନ୍ ମା ଭୈଷୀଃ କେୱଲଂ ୱିଶ୍ୱାସିହି|
29052500d2	ଅଥ ପିତରୋ ଯାକୂବ୍ ତଦ୍ଭ୍ରାତା ଯୋହନ୍ ଚ ଏତାନ୍ ୱିନା କମପି ସ୍ୱପଶ୍ଚାଦ୍ ଯାତୁଂ ନାନ୍ୱମନ୍ୟତ|
29052600e8	ତସ୍ୟ ଭଜନଗୃହାଧିପସ୍ୟ ନିୱେଶନସମୀପମ୍ ଆଗତ୍ୟ କଲହଂ ବହୁରୋଦନଂ ୱିଲାପଞ୍ଚ କୁର୍ୱ୍ୱତୋ ଲୋକାନ୍ ଦଦର୍ଶ|
29052700fc	ତସ୍ମାନ୍ ନିୱେଶନଂ ପ୍ରୱିଶ୍ୟ ପ୍ରୋକ୍ତୱାନ୍ ଯୂଯଂ କୁତ ଇତ୍ଥଂ କଲହଂ ରୋଦନଞ୍ଚ କୁରୁଥ? କନ୍ୟା ନ ମୃତା ନିଦ୍ରାତି|
2905280165	ତସ୍ମାତ୍ତେ ତମୁପଜହସୁଃ କିନ୍ତୁ ଯୀଶୁଃ ସର୍ୱ୍ୱାନ ବହିଷ୍କୃତ୍ୟ କନ୍ୟାଯାଃ ପିତରୌ ସ୍ୱସଙ୍ଗିନଶ୍ଚ ଗୃହୀତ୍ୱା ଯତ୍ର କନ୍ୟାସୀତ୍ ତତ୍ ସ୍ଥାନଂ ପ୍ରୱିଷ୍ଟୱାନ୍|
290529010c	ଅଥ ସ ତସ୍ୟାଃ କନ୍ୟାଯା ହସ୍ତୌ ଧୃତ୍ୱା ତାଂ ବଭାଷେ ଟାଲୀଥା କୂମୀ, ଅର୍ଥତୋ ହେ କନ୍ୟେ ତ୍ୱମୁତ୍ତିଷ୍ଠ ଇତ୍ୟାଜ୍ଞାପଯାମି|
29052a00f6	ତୁନୈୱ ତତ୍କ୍ଷଣଂ ସା ଦ୍ୱାଦଶୱର୍ଷୱଯସ୍କା କନ୍ୟା ପୋତ୍ଥାଯ ଚଲିତୁମାରେଭେ, ଇତଃ ସର୍ୱ୍ୱେ ମହାୱିସ୍ମଯଂ ଗତାଃ|
29052b00ef	ତତ ଏତସ୍ୟୈ କିଞ୍ଚିତ୍ ଖାଦ୍ୟଂ ଦତ୍ତେତି କଥଯିତ୍ୱା ଏତତ୍କର୍ମ୍ମ କମପି ନ ଜ୍ଞାପଯତେତି ଦୃଢମାଦିଷ୍ଟୱାନ୍|
29060100c8	ଅନନ୍ତରଂ ସ ତତ୍ସ୍ଥାନାତ୍ ପ୍ରସ୍ଥାଯ ସ୍ୱପ୍ରଦେଶମାଗତଃ ଶିଷ୍ୟାଶ୍ଚ ତତ୍ପଶ୍ଚାଦ୍ ଗତାଃ|
2906020253	ଅଥ ୱିଶ୍ରାମୱାରେ ସତି ସ ଭଜନଗୃହେ ଉପଦେଷ୍ଟୁମାରବ୍ଧୱାନ୍ ତତୋଽନେକେ ଲୋକାସ୍ତତ୍କଥାଂ ଶ୍ରୁତ୍ୱା ୱିସ୍ମିତ୍ୟ ଜଗଦୁଃ, ଅସ୍ୟ ମନୁଜସ୍ୟ ଈଦୃଶୀ ଆଶ୍ଚର୍ୟ୍ୟକ୍ରିଯା କସ୍ମାଜ୍ ଜାତା? ତଥା ସ୍ୱକରାଭ୍ୟାମ୍ ଇତ୍ଥମଦ୍ଭୁତଂ କର୍ମ୍ମ କର୍ତ୍ତାମ୍ ଏତସ୍ମୈ କଥଂ ଜ୍ଞାନଂ ଦତ୍ତମ୍?
2906030171	କିମଯଂ ମରିଯମଃ ପୁତ୍ରସ୍ତଜ୍ଞା ନୋ? କିମଯଂ ଯାକୂବ୍-ଯୋସି-ଯିହୁଦା-ଶିମୋନାଂ ଭ୍ରାତା ନୋ? ଅସ୍ୟ ଭଗିନ୍ୟଃ କିମିହାସ୍ମାଭିଃ ସହ ନୋ? ଇତ୍ଥଂ ତେ ତଦର୍ଥେ ପ୍ରତ୍ୟୂହଂ ଗତାଃ|
290604011c	ତଦା ଯୀଶୁସ୍ତେଭ୍ୟୋଽକଥଯତ୍ ସ୍ୱଦେଶଂ ସ୍ୱକୁଟୁମ୍ବାନ୍ ସ୍ୱପରିଜନାଂଶ୍ଚ ୱିନା କୁତ୍ରାପି ଭୱିଷ୍ୟଦ୍ୱାଦୀ ଅସତ୍କୃତୋ ନ ଭୱତି|
2906050188	ଅପରଞ୍ଚ ତେଷାମପ୍ରତ୍ୟଯାତ୍ ସ ୱିସ୍ମିତଃ କିଯତାଂ ରୋଗିଣାଂ ୱପୁଃଷୁ ହସ୍ତମ୍ ଅର୍ପଯିତ୍ୱା କେୱଲଂ ତେଷାମାରୋଗ୍ୟକରଣାଦ୍ ଅନ୍ୟତ୍ କିମପି ଚିତ୍ରକାର୍ୟ୍ୟଂ କର୍ତ୍ତାଂ ନ ଶକ୍ତଃ|
2906060086	ଅଥ ସ ଚତୁର୍ଦିକ୍ସ୍ଥ ଗ୍ରାମାନ୍ ଭ୍ରମିତ୍ୱା ଉପଦିଷ୍ଟୱାନ୍
29060700fe	ଦ୍ୱାଦଶଶିଷ୍ୟାନ୍ ଆହୂଯ ଅମେଧ୍ୟଭୂତାନ୍ ୱଶୀକର୍ତ୍ତାଂ ଶକ୍ତିଂ ଦତ୍ତ୍ୱା ତେଷାଂ ଦ୍ୱୌ ଦ୍ୱୌ ଜନୋ ପ୍ରେଷିତୱାନ୍|
290608011b	ପୁନରିତ୍ୟାଦିଶଦ୍ ଯୂଯମ୍ ଏକୈକାଂ ଯଷ୍ଟିଂ ୱିନା ୱସ୍ତ୍ରସଂପୁଟଃ ପୂପଃ କଟିବନ୍ଧେ ତାମ୍ରଖଣ୍ଡଞ୍ଚ ଏଷାଂ କିମପି ମା ଗ୍ରହ୍ଲୀତ,
29060900ac	ମାର୍ଗଯାତ୍ରାଯୈ ପାଦେଷୂପାନହୌ ଦତ୍ତ୍ୱା ଦ୍ୱେ ଉତ୍ତରୀଯେ ମା ପରିଧଦ୍ୱ୍ୱଂ|
29060a0141	ଅପରମପ୍ୟୁକ୍ତଂ ତେନ ଯୂଯଂ ଯସ୍ୟାଂ ପୁର୍ୟ୍ୟାଂ ଯସ୍ୟ ନିୱେଶନଂ ପ୍ରୱେକ୍ଷ୍ୟଥ ତାଂ ପୁରୀଂ ଯାୱନ୍ନ ତ୍ୟକ୍ଷ୍ୟଥ ତାୱତ୍ ତନ୍ନିୱେଶନେ ସ୍ଥାସ୍ୟଥ|
29060b02c5	ତତ୍ର ଯଦି କେପି ଯୁଷ୍ମାକମାତିଥ୍ୟଂ ନ ୱିଦଧତି ଯୁଷ୍ମାକଂ କଥାଶ୍ଚ ନ ଶୃଣ୍ୱନ୍ତି ତର୍ହି ତତ୍ସ୍ଥାନାତ୍ ପ୍ରସ୍ଥାନସମଯେ ତେଷାଂ ୱିରୁଦ୍ଧଂ ସାକ୍ଷ୍ୟଂ ଦାତୁଂ ସ୍ୱପାଦାନାସ୍ଫାଲ୍ୟ ରଜଃ ସମ୍ପାତଯତ; ଅହଂ ଯୁଷ୍ମାନ୍ ଯଥାର୍ଥଂ ୱଚ୍ମି ୱିଚାରଦିନେ ତନ୍ନଗରସ୍ୟାୱସ୍ଥାତଃ ସିଦୋମାମୋରଯୋ ର୍ନଗରଯୋରୱସ୍ଥା ସହ୍ୟତରା ଭୱିଷ୍ୟତି|
29060c0094	ଅଥ ତେ ଗତ୍ୱା ଲୋକାନାଂ ମନଃପରାୱର୍ତ୍ତନୀଃ କଥା ପ୍ରଚାରିତୱନ୍ତଃ|
29060d00dc	ଏୱମନେକାନ୍ ଭୂତାଂଶ୍ଚ ତ୍ୟାଜିତୱନ୍ତସ୍ତଥା ତୈଲେନ ମର୍ଦ୍ଦଯିତ୍ୱା ବହୂନ୍ ଜନାନରୋଗାନକାର୍ଷୁଃ|
29060e01ae	ଇତ୍ଥଂ ତସ୍ୟ ସୁଖ୍ୟାତିଶ୍ଚତୁର୍ଦିଶୋ ୱ୍ୟାପ୍ତା ତଦା ହେରୋଦ୍ ରାଜା ତନ୍ନିଶମ୍ୟ କଥିତୱାନ୍, ଯୋହନ୍ ମଜ୍ଜକଃ ଶ୍ମଶାନାଦ୍ ଉତ୍ଥିତ ଅତୋହେତୋସ୍ତେନ ସର୍ୱ୍ୱା ଏତା ଅଦ୍ଭୁତକ୍ରିଯାଃ ପ୍ରକାଶନ୍ତେ|
29060f00f0	ଅନ୍ୟେଽକଥଯନ୍ ଅଯମ୍ ଏଲିଯଃ, କେପି କଥିତୱନ୍ତ ଏଷ ଭୱିଷ୍ୟଦ୍ୱାଦୀ ଯଦ୍ୱା ଭୱିଷ୍ୟଦ୍ୱାଦିନାଂ ସଦୃଶ ଏକୋଯମ୍|
29061000fb	କିନ୍ତୁ ହେରୋଦ୍ ଇତ୍ୟାକର୍ଣ୍ୟ ଭାଷିତୱାନ୍ ଯସ୍ୟାହଂ ଶିରଶ୍ଛିନ୍ନୱାନ୍ ସ ଏୱ ଯୋହନଯଂ ସ ଶ୍ମଶାନାଦୁଦତିଷ୍ଠତ୍|
290611010a	ପୂର୍ୱ୍ୱଂ ସ୍ୱଭ୍ରାତୁଃ ଫିଲିପସ୍ୟ ପତ୍ନ୍ୟା ଉଦ୍ୱାହଂ କୃତୱନ୍ତଂ ହେରୋଦଂ ଯୋହନୱାଦୀତ୍ ସ୍ୱଭାତୃୱଧୂ ର୍ନ ୱିୱାହ୍ୟା|
29061200b1	ଅତଃ କାରଣାତ୍ ହେରୋଦ୍ ଲୋକଂ ପ୍ରହିତ୍ୟ ଯୋହନଂ ଧୃତ୍ୱା ବନ୍ଧନାଲଯେ ବଦ୍ଧୱାନ୍|
29061300a9	ହେରୋଦିଯା ତସ୍ମୈ ଯୋହନେ ପ୍ରକୁପ୍ୟ ତଂ ହନ୍ତୁମ୍ ଐଚ୍ଛତ୍ କିନ୍ତୁ ନ ଶକ୍ତା,
29061401a6	ଯସ୍ମାଦ୍ ହେରୋଦ୍ ତଂ ଧାର୍ମ୍ମିକଂ ସତ୍ପୁରୁଷଞ୍ଚ ଜ୍ଞାତ୍ୱା ସମ୍ମନ୍ୟ ରକ୍ଷିତୱାନ୍; ତତ୍କଥାଂ ଶ୍ରୁତ୍ୱା ତଦନୁସାରେଣ ବହୂନି କର୍ମ୍ମାଣି କୃତୱାନ୍ ହୃଷ୍ଟମନାସ୍ତଦୁପଦେଶଂ ଶ୍ରୁତୱାଂଶ୍ଚ|
2906150144	କିନ୍ତୁ ହେରୋଦ୍ ଯଦା ସ୍ୱଜନ୍ମଦିନେ ପ୍ରଧାନଲୋକେଭ୍ୟଃ ସେନାନୀଭ୍ୟଶ୍ଚ ଗାଲୀଲ୍ପ୍ରଦେଶୀଯଶ୍ରେଷ୍ଠଲୋକେଭ୍ୟଶ୍ଚ ରାତ୍ରୌ ଭୋଜ୍ୟମେକଂ କୃତୱାନ୍
29061601ad	ତସ୍ମିନ୍ ଶୁଭଦିନେ ହେରୋଦିଯାଯାଃ କନ୍ୟା ସମେତ୍ୟ ତେଷାଂ ସମକ୍ଷଂ ସଂନୃତ୍ୟ ହେରୋଦସ୍ତେନ ସହୋପୱିଷ୍ଟାନାଞ୍ଚ ତୋଷମଜୀଜନତ୍ ତତା ନୃପଃ କନ୍ୟାମାହ ସ୍ମ ମତ୍ତୋ ଯଦ୍ ଯାଚସେ ତଦେୱ ତୁଭ୍ୟଂ ଦାସ୍ୟେ|
29061700aa	ଶପଥଂ କୃତ୍ୱାକଥଯତ୍ ଚେଦ୍ ରାଜ୍ୟାର୍ଦ୍ଧମପି ଯାଚସେ ତଦପି ତୁଭ୍ୟଂ ଦାସ୍ୟେ|
29061800e0	ତତଃ ସା ବହି ର୍ଗତ୍ୱା ସ୍ୱମାତରଂ ପପ୍ରଚ୍ଛ କିମହଂ ଯାଚିଷ୍ୟେ? ତଦା ସାକଥଯତ୍ ଯୋହନୋ ମଜ୍ଜକସ୍ୟ ଶିରଃ|
2906190111	ଅଥ ତୂର୍ଣଂ ଭୂପସମୀପମ୍ ଏତ୍ୟ ଯାଚମାନାୱଦତ୍ କ୍ଷଣେସ୍ମିନ୍ ଯୋହନୋ ମଜ୍ଜକସ୍ୟ ଶିରଃ ପାତ୍ରେ ନିଧାଯ ଦେହି, ଏତଦ୍ ଯାଚେଽହଂ|
29061a00ed	ତସ୍ମାତ୍ ଭୂପୋଽତିଦୁଃଖିତଃ, ତଥାପି ସ୍ୱଶପଥସ୍ୟ ସହଭୋଜିନାଞ୍ଚାନୁରୋଧାତ୍ ତଦନଙ୍ଗୀକର୍ତ୍ତୁଂ ନ ଶକ୍ତଃ|
29061b0094	ତତ୍କ୍ଷଣଂ ରାଜା ଘାତକଂ ପ୍ରେଷ୍ୟ ତସ୍ୟ ଶିର ଆନେତୁମାଦିଷ୍ଟୱାନ୍|
29061c010a	ତତଃ ସ କାରାଗାରଂ ଗତ୍ୱା ତଚ୍ଛିରଶ୍ଛିତ୍ୱା ପାତ୍ରେ ନିଧାଯାନୀଯ ତସ୍ୟୈ କନ୍ୟାଯୈ ଦତ୍ତୱାନ୍ କନ୍ୟା ଚ ସ୍ୱମାତ୍ରେ ଦଦୌ|
29061d00d3	ଅନନତରଂ ଯୋହନଃ ଶିଷ୍ୟାସ୍ତଦ୍ୱାର୍ତ୍ତାଂ ପ୍ରାପ୍ୟାଗତ୍ୟ ତସ୍ୟ କୁଣପଂ ଶ୍ମଶାନେଽସ୍ଥାପଯନ୍|
29061e0110	ଅଥ ପ୍ରେଷିତା ଯୀଶୋଃ ସନ୍ନିଧୌ ମିଲିତା ଯଦ୍ ଯଚ୍ ଚକ୍ରୁଃ ଶିକ୍ଷଯାମାସୁଶ୍ଚ ତତ୍ସର୍ୱ୍ୱୱାର୍ତ୍ତାସ୍ତସ୍ମୈ କଥିତୱନ୍ତଃ|
29061f0127	ସ ତାନୁୱାଚ ଯୂଯଂ ୱିଜନସ୍ଥାନଂ ଗତ୍ୱା ୱିଶ୍ରାମ୍ୟତ ଯତସ୍ତତ୍ସନ୍ନିଧୌ ବହୁଲୋକାନାଂ ସମାଗମାତ୍ ତେ ଭୋକ୍ତୁଂ ନାୱକାଶଂ ପ୍ରାପ୍ତାଃ|
2906200065	ତତସ୍ତେ ନାୱା ୱିଜନସ୍ଥାନଂ ଗୁପ୍ତଂ ଗଗ୍ମୁଃ|
2906210150	ତତୋ ଲୋକନିୱହସ୍ତେଷାଂ ସ୍ଥାନାନ୍ତରଯାନଂ ଦଦର୍ଶ, ଅନେକେ ତଂ ପରିଚିତ୍ୟ ନାନାପୁରେଭ୍ୟଃ ପଦୈର୍ୱ୍ରଜିତ୍ୱା ଜୱେନ ତୈଷାମଗ୍ରେ ଯୀଶୋଃ ସମୀପ ଉପତସ୍ଥୁଃ|
2906220163	ତଦା ଯୀଶୁ ର୍ନାୱୋ ବହିର୍ଗତ୍ୟ ଲୋକାରଣ୍ୟାନୀଂ ଦୃଷ୍ଟ୍ୱା ତେଷୁ କରୁଣାଂ କୃତୱାନ୍ ଯତସ୍ତେଽରକ୍ଷକମେଷା ଇୱାସନ୍ ତଦା ସ ତାନ ନାନାପ୍ରସଙ୍ଗାନ୍ ଉପଦିଷ୍ଟୱାନ୍|
29062300bb	ଅଥ ଦିୱାନ୍ତେ ସତି ଶିଷ୍ୟା ଏତ୍ୟ ଯୀଶୁମୂଚିରେ, ଇଦଂ ୱିଜନସ୍ଥାନଂ ଦିନଞ୍ଚାୱସନ୍ନଂ|
2906240121	ଲୋକାନାଂ କିମପି ଖାଦ୍ୟଂ ନାସ୍ତି, ଅତଶ୍ଚତୁର୍ଦିକ୍ଷୁ ଗ୍ରାମାନ୍ ଗନ୍ତୁଂ ଭୋଜ୍ୟଦ୍ରୱ୍ୟାଣି କ୍ରେତୁଞ୍ଚ ଭୱାନ୍ ତାନ୍ ୱିସୃଜତୁ|
290625014a	ତଦା ସ ତାନୁୱାଚ ଯୂଯମେୱ ତାନ୍ ଭୋଜଯତ; ତତସ୍ତେ ଜଗଦୁ ର୍ୱଯଂ ଗତ୍ୱା ଦ୍ୱିଶତସଂଖ୍ୟକୈ ର୍ମୁଦ୍ରାପାଦୈଃ ପୂପାନ୍ କ୍ରୀତ୍ୱା କିଂ ତାନ୍ ଭୋଜଯିଷ୍ୟାମଃ?
290626013c	ତଦା ସ ତାନ୍ ପୃଷ୍ଠୱାନ୍ ଯୁଷ୍ମାକଂ ସନ୍ନିଧୌ କତି ପୂପା ଆସତେ? ଗତ୍ୱା ପଶ୍ୟତ; ତତସ୍ତେ ଦୃଷ୍ଟ୍ୱା ତମୱଦନ୍ ପଞ୍ଚ ପୂପା ଦ୍ୱୌ ମତ୍ସ୍ୟୌ ଚ ସନ୍ତି|
2906270096	ତଦା ସ ଲୋକାନ୍ ଶସ୍ପୋପରି ପଂକ୍ତିଭିରୁପୱେଶଯିତୁମ୍ ଆଦିଷ୍ଟୱାନ୍,
29062800c6	ତତସ୍ତେ ଶତଂ ଶତଂ ଜନାଃ ପଞ୍ଚାଶତ୍ ପଞ୍ଚାଶଜ୍ଜନାଶ୍ଚ ପଂକ୍ତିଭି ର୍ଭୁୱି ସମୁପୱିୱିଶୁଃ|
2906290209	ଅଥ ସ ତାନ୍ ପଞ୍ଚପୂପାନ୍ ମତ୍ସ୍ୟଦ୍ୱଯଞ୍ଚ ଧୃତ୍ୱା ସ୍ୱର୍ଗଂ ପଶ୍ୟନ୍ ଈଶ୍ୱରଗୁଣାନ୍ ଅନ୍ୱକୀର୍ତ୍ତଯତ୍ ତାନ୍ ପୂପାନ୍ ଭଂକ୍ତ୍ୱା ଲୋକେଭ୍ୟଃ ପରିୱେଷଯିତୁଂ ଶିଷ୍ୟେଭ୍ୟୋ ଦତ୍ତୱାନ୍ ଦ୍ୱା ମତ୍ସ୍ୟୌ ଚ ୱିଭଜ୍ୟ ସର୍ୱ୍ୱେଭ୍ୟୋ ଦତ୍ତୱାନ୍|
29062a004e	ତତଃ ସର୍ୱ୍ୱେ ଭୁକ୍ତ୍ୱାତୃପ୍ୟନ୍|
29062b00cc	ଅନନ୍ତରଂ ଶିଷ୍ୟା ଅୱଶିଷ୍ଟୈଃ ପୂପୈ ର୍ମତ୍ସ୍ୟୈଶ୍ଚ ପୂର୍ଣାନ୍ ଦ୍ୱଦଶ ଡଲ୍ଲକାନ୍ ଜଗୃହୁଃ|
29062c0079	ତେ ଭୋକ୍ତାରଃ ପ୍ରାଯଃ ପଞ୍ଚ ସହସ୍ରାଣି ପୁରୁଷା ଆସନ୍|
29062d010d	ଅଥ ସ ଲୋକାନ୍ ୱିସୃଜନ୍ନେୱ ନାୱମାରୋଢୁଂ ସ୍ୱସ୍ମାଦଗ୍ରେ ପାରେ ବୈତ୍ସୈଦାପୁରଂ ଯାତୁଞ୍ଚ ଶ୍ଷ୍ୟିନ୍ ୱାଢମାଦିଷ୍ଟୱାନ୍|
29062e0088	ତଦା ସ ସର୍ୱ୍ୱାନ୍ ୱିସୃଜ୍ୟ ପ୍ରାର୍ଥଯିତୁଂ ପର୍ୱ୍ୱତଂ ଗତଃ|
29062f00c8	ତତଃ ସନ୍ଧ୍ୟାଯାଂ ସତ୍ୟାଂ ନୌଃ ସିନ୍ଧୁମଧ୍ୟ ଉପସ୍ଥିତା କିନ୍ତୁ ସ ଏକାକୀ ସ୍ଥଲେ ସ୍ଥିତଃ|
290630019b	ଅଥ ସମ୍ମୁଖୱାତୱହନାତ୍ ଶିଷ୍ୟା ନାୱଂ ୱାହଯିତ୍ୱା ପରିଶ୍ରାନ୍ତା ଇତି ଜ୍ଞାତ୍ୱା ସ ନିଶାଚତୁର୍ଥଯାମେ ସିନ୍ଧୂପରି ପଦ୍ଭ୍ୟାଂ ୱ୍ରଜନ୍ ତେଷାଂ ସମୀପମେତ୍ୟ ତେଷାମଗ୍ରେ ଯାତୁମ୍ ଉଦ୍ୟତଃ|
29063100b0	କିନ୍ତୁ ଶିଷ୍ୟାଃ ସିନ୍ଧୂପରି ତଂ ୱ୍ରଜନ୍ତଂ ଦୃଷ୍ଟ୍ୱା ଭୂତମନୁମାଯ ରୁରୁୱୁଃ,
2906320120	ଯତଃ ସର୍ୱ୍ୱେ ତଂ ଦୃଷ୍ଟ୍ୱା ୱ୍ୟାକୁଲିତାଃ| ଅତଏୱ ଯୀଶୁସ୍ତତ୍କ୍ଷଣଂ ତୈଃ ସହାଲପ୍ୟ କଥିତୱାନ୍, ସୁସ୍ଥିରା ଭୂତ, ଅଯମହଂ ମା ଭୈଷ୍ଟ|
2906330110	ଅଥ ନୌକାମାରୁହ୍ୟ ତସ୍ମିନ୍ ତେଷାଂ ସନ୍ନିଧିଂ ଗତେ ୱାତୋ ନିୱୃତ୍ତଃ; ତସ୍ମାତ୍ତେ ମନଃସୁ ୱିସ୍ମିତା ଆଶ୍ଚର୍ୟ୍ୟଂ ମେନିରେ|
29063400bd	ଯତସ୍ତେ ମନସାଂ କାଠିନ୍ୟାତ୍ ତତ୍ ପୂପୀଯମ୍ ଆଶ୍ଚର୍ୟ୍ୟଂ କର୍ମ୍ମ ନ ୱିୱିକ୍ତୱନ୍ତଃ|
2906350088	ଅଥ ତେ ପାରଂ ଗତ୍ୱା ଗିନେଷରତ୍ପ୍ରଦେଶମେତ୍ୟ ତଟ ଉପସ୍ଥିତାଃ|
2906360095	ତେଷୁ ନୌକାତୋ ବହିର୍ଗତେଷୁ ତତ୍ପ୍ରଦେଶୀଯା ଲୋକାସ୍ତଂ ପରିଚିତ୍ୟ
290637017b	ଚତୁର୍ଦିକ୍ଷୁ ଧାୱନ୍ତୋ ଯତ୍ର ଯତ୍ର ରୋଗିଣୋ ନରା ଆସନ୍ ତାନ୍ ସର୍ୱ୍ୱାନ ଖଟ୍ୱୋପରି ନିଧାଯ ଯତ୍ର କୁତ୍ରଚିତ୍ ତଦ୍ୱାର୍ତ୍ତାଂ ପ୍ରାପୁଃ ତତ୍ ସ୍ଥାନମ୍ ଆନେତୁମ୍ ଆରେଭିରେ|
2906380279	ତଥା ଯତ୍ର ଯତ୍ର ଗ୍ରାମେ ଯତ୍ର ଯତ୍ର ପୁରେ ଯତ୍ର ଯତ୍ର ପଲ୍ଲ୍ୟାଞ୍ଚ ତେନ ପ୍ରୱେଶଃ କୃତସ୍ତଦ୍ୱର୍ତ୍ମମଧ୍ୟେ ଲୋକାଃ ପୀଡିତାନ୍ ସ୍ଥାପଯିତ୍ୱା ତସ୍ୟ ଚେଲଗ୍ରନ୍ଥିମାତ୍ରଂ ସ୍ପ୍ରଷ୍ଟୁମ୍ ତେଷାମର୍ଥେ ତଦନୁଜ୍ଞାଂ ପ୍ରାର୍ଥଯନ୍ତଃ ଯାୱନ୍ତୋ ଲୋକାଃ ପସ୍ପୃଶୁସ୍ତାୱନ୍ତ ଏୱ ଗଦାନ୍ମୁକ୍ତାଃ|
29070100ac	ଅନନ୍ତରଂ ଯିରୂଶାଲମ ଆଗତାଃ ଫିରୂଶିନୋଽଧ୍ୟାପକାଶ୍ଚ ଯୀଶୋଃ ସମୀପମ୍ ଆଗତାଃ|
29070200ea	ତେ ତସ୍ୟ କିଯତଃ ଶିଷ୍ୟାନ୍ ଅଶୁଚିକରୈରର୍ଥାଦ ଅପ୍ରକ୍ଷାଲିତହସ୍ତୈ ର୍ଭୁଞ୍ଜତୋ ଦୃଷ୍ଟ୍ୱା ତାନଦୂଷଯନ୍|
2907030119	ଯତଃ ଫିରୂଶିନଃ ସର୍ୱ୍ୱଯିହୂଦୀଯାଶ୍ଚ ପ୍ରାଚାଂ ପରମ୍ପରାଗତୱାକ୍ୟଂ ସମ୍ମନ୍ୟ ପ୍ରତଲେନ ହସ୍ତାନ୍ ଅପ୍ରକ୍ଷାଲ୍ୟ ନ ଭୁଞ୍ଜତେ|
2907040184	ଆପନାଦାଗତ୍ୟ ମଜ୍ଜନଂ ୱିନା ନ ଖାଦନ୍ତି; ତଥା ପାନପାତ୍ରାଣାଂ ଜଲପାତ୍ରାଣାଂ ପିତ୍ତଲପାତ୍ରାଣାମ୍ ଆସନାନାଞ୍ଚ ଜଲେ ମଜ୍ଜନମ୍ ଇତ୍ୟାଦଯୋନ୍ୟେପି ବହୱସ୍ତେଷାମାଚାରାଃ ସନ୍ତି|
290705014a	ତେ ଫିରୂଶିନୋଽଧ୍ୟାପକାଶ୍ଚ ଯୀଶୁଂ ପପ୍ରଚ୍ଛୁଃ, ତୱ ଶିଷ୍ୟାଃ ପ୍ରାଚାଂ ପରମ୍ପରାଗତୱାକ୍ୟାନୁସାରେଣ ନାଚରନ୍ତୋଽପ୍ରକ୍ଷାଲିତକରୈଃ କୁତୋ ଭୁଜଂତେ?
29070601b7	ତତଃ ସ ପ୍ରତ୍ୟୁୱାଚ କପଟିନୋ ଯୁଷ୍ମାନ୍ ଉଦ୍ଦିଶ୍ୟ ଯିଶଯିଯଭୱିଷ୍ୟଦ୍ୱାଦୀ ଯୁକ୍ତମୱାଦୀତ୍| ଯଥା ସ୍ୱକୀଯୈରଧରୈରେତେ ସମ୍ମନ୍ୟନତେ ସଦୈୱ ମାଂ| କିନ୍ତୁ ମତ୍ତୋ ୱିପ୍ରକର୍ଷେ ସନ୍ତି ତେଷାଂ ମନାଂସି ଚ|
290707007f	ଶିକ୍ଷଯନ୍ତୋ ବିଧୀନ୍ ନ୍ନାଜ୍ଞା ଭଜନ୍ତେ ମାଂ ମୁଧୈୱ ତେ|
2907080164	ଯୂଯଂ ଜଲପାତ୍ରପାନପାତ୍ରାଦୀନି ମଜ୍ଜଯନ୍ତୋ ମନୁଜପରମ୍ପରାଗତୱାକ୍ୟଂ ରକ୍ଷଥ କିନ୍ତୁ ଈଶ୍ୱରାଜ୍ଞାଂ ଲଂଘଧ୍ୱେ; ଅପରା ଈଦୃଶ୍ୟୋନେକାଃ କ୍ରିଯା ଅପି କୁରୁଧ୍ୱେ|
29070900e2	ଅନ୍ୟଞ୍ଚାକଥଯତ୍ ଯୂଯଂ ସ୍ୱପରମ୍ପରାଗତୱାକ୍ୟସ୍ୟ ରକ୍ଷାର୍ଥଂ ସ୍ପଷ୍ଟରୂପେଣ ଈଶ୍ୱରାଜ୍ଞାଂ ଲୋପଯଥ|
29070a0128	ଯତୋ ମୂସାଦ୍ୱାରା ପ୍ରୋକ୍ତମସ୍ତି ସ୍ୱପିତରୌ ସମ୍ମନ୍ୟଧ୍ୱଂ ଯସ୍ତୁ ମାତରଂ ପିତରଂ ୱା ଦୁର୍ୱ୍ୱାକ୍ୟଂ ୱକ୍ତି ସ ନିତାନ୍ତଂ ହନ୍ୟତାଂ|
29070b0142	କିନ୍ତୁ ମଦୀଯେନ ଯେନ ଦ୍ରୱ୍ୟେଣ ତୱୋପକାରୋଭୱତ୍ ତତ୍ କର୍ବ୍ବାଣମର୍ଥାଦ୍ ଈଶ୍ୱରାଯ ନିୱେଦିତମ୍ ଇଦଂ ୱାକ୍ୟଂ ଯଦି କୋପି ପିତରଂ ମାତରଂ ୱା ୱକ୍ତି
29070c0086	ତର୍ହି ଯୂଯଂ ମାତୁଃ ପିତୁ ର୍ୱୋପକାରଂ କର୍ତ୍ତାଂ ତଂ ୱାରଯଥ|
29070d0133	ଇତ୍ଥଂ ସ୍ୱପ୍ରଚାରିତପରମ୍ପରାଗତୱାକ୍ୟେନ ଯୂଯମ୍ ଈଶ୍ୱରାଜ୍ଞାଂ ମୁଧା ୱିଧଦ୍ୱ୍ୱେ, ଈଦୃଶାନ୍ୟନ୍ୟାନ୍ୟନେକାନି କର୍ମ୍ମାଣି କୁରୁଧ୍ୱେ|
29070e00a8	ଅଥ ସ ଲୋକାନାହୂଯ ବଭାଷେ ଯୂଯଂ ସର୍ୱ୍ୱେ ମଦ୍ୱାକ୍ୟଂ ଶୃଣୁତ ବୁଧ୍ୟଧ୍ୱଞ୍ଚ|
29070f0167	ବାହ୍ୟାଦନ୍ତରଂ ପ୍ରୱିଶ୍ୟ ନରମମେଧ୍ୟଂ କର୍ତ୍ତାଂ ଶକ୍ନୋତି ଈଦୃଶଂ କିମପି ୱସ୍ତୁ ନାସ୍ତି, ୱରମ୍ ଅନ୍ତରାଦ୍ ବହିର୍ଗତଂ ଯଦ୍ୱସ୍ତୁ ତନ୍ମନୁଜମ୍ ଅମେଧ୍ୟଂ କରୋତି|
2907100060	ଯସ୍ୟ ଶ୍ରୋତୁଂ ଶ୍ରୋତ୍ରେ ସ୍ତଃ ସ ଶୃଣୋତୁ|
29071100e6	ତତଃ ସ ଲୋକାନ୍ ହିତ୍ୱା ଗୃହମଧ୍ୟଂ ପ୍ରୱିଷ୍ଟସ୍ତଦା ଶିଷ୍ୟାସ୍ତଦୃଷ୍ଟାନ୍ତୱାକ୍ୟାର୍ଥଂ ପପ୍ରଚ୍ଛୁଃ|
2907120169	ତସ୍ମାତ୍ ସ ତାନ୍ ଜଗାଦ ଯୂଯମପି କିମେତାଦୃଗବୋଧାଃ? କିମପି ଦ୍ରୱ୍ୟଂ ବାହ୍ୟାଦନ୍ତରଂ ପ୍ରୱିଶ୍ୟ ନରମମେଧ୍ୟଂ କର୍ତ୍ତାଂ ନ ଶକ୍ନୋତି କଥାମିମାଂ କିଂ ନ ବୁଧ୍ୟଧ୍ୱେ?
2907130115	ତତ୍ ତଦନ୍ତର୍ନ ପ୍ରୱିଶତି କିନ୍ତୁ କୁକ୍ଷିମଧ୍ୟଂ ପ୍ରୱିଶତି ଶେଷେ ସର୍ୱ୍ୱଭୁକ୍ତୱସ୍ତୁଗ୍ରାହିଣି ବହିର୍ଦେଶେ ନିର୍ୟାତି|
290714008c	ଅପରମପ୍ୟୱାଦୀଦ୍ ଯନ୍ନରାନ୍ନିରେତି ତଦେୱ ନରମମେଧ୍ୟଂ କରୋତି|
29071500b6	ଯତୋଽନ୍ତରାଦ୍ ଅର୍ଥାନ୍ ମାନୱାନାଂ ମନୋଭ୍ୟଃ କୁଚିନ୍ତା ପରସ୍ତ୍ରୀୱେଶ୍ୟାଗମନଂ
290716011d	ନରୱଧଶ୍ଚୌର୍ୟ୍ୟଂ ଲୋଭୋ ଦୁଷ୍ଟତା ପ୍ରୱଞ୍ଚନା କାମୁକତା କୁଦୃଷ୍ଟିରୀଶ୍ୱରନିନ୍ଦା ଗର୍ୱ୍ୱସ୍ତମ ଇତ୍ୟାଦୀନି ନିର୍ଗଚ୍ଛନ୍ତି|
29071700a4	ଏତାନି ସର୍ୱ୍ୱାଣି ଦୁରିତାନ୍ୟନ୍ତରାଦେତ୍ୟ ନରମମେଧ୍ୟଂ କୁର୍ୱ୍ୱନ୍ତି|
2907180180	ଅଥ ସ ଉତ୍ଥାଯ ତତ୍ସ୍ଥାନାତ୍ ସୋରସୀଦୋନ୍ପୁରପ୍ରଦେଶଂ ଜଗାମ ତତ୍ର କିମପି ନିୱେଶନଂ ପ୍ରୱିଶ୍ୟ ସର୍ୱ୍ୱୈରଜ୍ଞାତଃ ସ୍ଥାତୁଂ ମତିଞ୍ଚକ୍ରେ କିନ୍ତୁ ଗୁପ୍ତଃ ସ୍ଥାତୁଂ ନ ଶଶାକ|
2907190164	ଯତଃ ସୁରଫୈନିକୀଦେଶୀଯଯୂନାନୀୱଂଶୋଦ୍ଭୱସ୍ତ୍ରିଯାଃ କନ୍ୟା ଭୂତଗ୍ରସ୍ତାସୀତ୍| ସା ସ୍ତ୍ରୀ ତଦ୍ୱାର୍ତ୍ତାଂ ପ୍ରାପ୍ୟ ତତ୍ସମୀପମାଗତ୍ୟ ତଚ୍ଚରଣଯୋଃ ପତିତ୍ୱା
29071a008a	ସ୍ୱକନ୍ୟାତୋ ଭୂତଂ ନିରାକର୍ତ୍ତାଂ ତସ୍ମିନ୍ ୱିନଯଂ କୃତୱତୀ|
29071b0121	କିନ୍ତୁ ଯୀଶୁସ୍ତାମୱଦତ୍ ପ୍ରଥମଂ ବାଲକାସ୍ତୃପ୍ୟନ୍ତୁ ଯତୋ ବାଲକାନାଂ ଖାଦ୍ୟଂ ଗୃହୀତ୍ୱା କୁକ୍କୁରେଭ୍ୟୋ ନିକ୍ଷେପୋଽନୁଚିତଃ|
29071c012c	ତଦା ସା ସ୍ତ୍ରୀ ତମୱାଦୀତ୍ ଭୋଃ ପ୍ରଭୋ ତତ୍ ସତ୍ୟଂ ତଥାପି ମଞ୍ଚାଧଃସ୍ଥାଃ କୁକ୍କୁରା ବାଲାନାଂ କରପତିତାନି ଖାଦ୍ୟଖଣ୍ଡାନି ଖାଦନ୍ତି|
29071d00b5	ତତଃ ସୋଽକଥଯଦ୍ ଏତତ୍କଥାହେତୋଃ ସକୁଶଲା ଯାହି ତୱ କନ୍ୟାଂ ତ୍ୟକ୍ତ୍ୱା ଭୂତୋ ଗତଃ|
29071e00a8	ଅଥ ସା ସ୍ତ୍ରୀ ଗୃହଂ ଗତ୍ୱା କନ୍ୟାଂ ଭୂତତ୍ୟକ୍ତାଂ ଶଯ୍ୟାସ୍ଥିତାଂ ଦଦର୍ଶ|
29071f0105	ପୁନଶ୍ଚ ସ ସୋରସୀଦୋନ୍ପୁରପ୍ରଦେଶାତ୍ ପ୍ରସ୍ଥାଯ ଦିକାପଲିଦେଶସ୍ୟ ପ୍ରାନ୍ତରଭାଗେନ ଗାଲୀଲ୍ଜଲଧେଃ ସମୀପଂ ଗତୱାନ୍|
29072000e0	ତଦା ଲୋକୈରେକଂ ବଧିରଂ କଦ୍ୱଦଞ୍ଚ ନରଂ ତନ୍ନିକଟମାନୀଯ ତସ୍ୟ ଗାତ୍ରେ ହସ୍ତମର୍ପଯିତୁଂ ୱିନଯଃ କୃତଃ|
2907210112	ତତୋ ଯୀଶୁ ର୍ଲୋକାରଣ୍ୟାତ୍ ତଂ ନିର୍ଜନମାନୀଯ ତସ୍ୟ କର୍ଣଯୋଙ୍ଗୁଲୀ ର୍ଦଦୌ ନିଷ୍ଠୀୱଂ ଦତ୍ତ୍ୱା ଚ ତଜ୍ଜିହ୍ୱାଂ ପସ୍ପର୍ଶ|
29072200d3	ଅନନ୍ତରଂ ସ୍ୱର୍ଗଂ ନିରୀକ୍ଷ୍ୟ ଦୀର୍ଘଂ ନିଶ୍ୱସ୍ୟ ତମୱଦତ୍ ଇତଫତଃ ଅର୍ଥାନ୍ ମୁକ୍ତୋ ଭୂଯାତ୍|
29072300da	ତତସ୍ତତ୍କ୍ଷଣଂ ତସ୍ୟ କର୍ଣୌ ମୁକ୍ତୌ ଜିହ୍ୱାଯାଶ୍ଚ ଜାଡ୍ୟାପଗମାତ୍ ସ ସୁସ୍ପଷ୍ଟୱାକ୍ୟମକଥଯତ୍|
2907240123	ଅଥ ସ ତାନ୍ ୱାଢମିତ୍ୟାଦିଦେଶ ଯୂଯମିମାଂ କଥାଂ କସ୍ମୈଚିଦପି ମା କଥଯତ, କିନ୍ତୁ ସ ଯତି ନ୍ୟଷେଧତ୍ ତେ ତତି ବାହୁଲ୍ୟେନ ପ୍ରାଚାରଯନ୍;
2907250130	ତେଽତିଚମତ୍କୃତ୍ୟ ପରସ୍ପରଂ କଥଯାମାସୁଃ ସ ବଧିରାଯ ଶ୍ରୱଣଶକ୍ତିଂ ମୂକାଯ ଚ କଥନଶକ୍ତିଂ ଦତ୍ତ୍ୱା ସର୍ୱ୍ୱଂ କର୍ମ୍ମୋତ୍ତମରୂପେଣ ଚକାର|
29080100e1	ତଦା ତତ୍ସମୀପଂ ବହୱୋ ଲୋକା ଆଯାତା ଅତସ୍ତେଷାଂ ଭୋଜ୍ୟଦ୍ରୱ୍ୟାଭାୱାଦ୍ ଯୀଶୁଃ ଶିଷ୍ୟାନାହୂଯ ଜଗାଦ, |
29080200d6	ଲୋକନିୱହେ ମମ କୃପା ଜାଯତେ ତେ ଦିନତ୍ରଯଂ ମଯା ସାର୍ଦ୍ଧଂ ସନ୍ତି ତେଷାଂ ଭୋଜ୍ୟଂ କିମପି ନାସ୍ତି|
29080300f3	ତେଷାଂ ମଧ୍ୟେଽନେକେ ଦୂରାଦ୍ ଆଗତାଃ, ଅଭୁକ୍ତେଷୁ ତେଷୁ ମଯା ସ୍ୱଗୃହମଭିପ୍ରହିତେଷୁ ତେ ପଥି କ୍ଲମିଷ୍ୟନ୍ତି|
29080400e4	ଶିଷ୍ୟା ଅୱାଦିଷୁଃ, ଏତାୱତୋ ଲୋକାନ୍ ତର୍ପଯିତୁମ୍ ଅତ୍ର ପ୍ରନ୍ତରେ ପୂପାନ୍ ପ୍ରାପ୍ତୁଂ କେନ ଶକ୍ୟତେ?
290805009b	ତତଃ ସ ତାନ୍ ପପ୍ରଚ୍ଛ ଯୁଷ୍ମାକଂ କତି ପୂପାଃ ସନ୍ତି? ତେଽକଥଯନ୍ ସପ୍ତ|
29080601c6	ତତଃ ସ ତାଲ୍ଲୋକାନ୍ ଭୁୱି ସମୁପୱେଷ୍ଟୁମ୍ ଆଦିଶ୍ୟ ତାନ୍ ସପ୍ତ ପୂପାନ୍ ଧୃତ୍ୱା ଈଶ୍ୱରଗୁଣାନ୍ ଅନୁକୀର୍ତ୍ତଯାମାସ, ଭଂକ୍ତ୍ୱା ପରିୱେଷଯିତୁଂ ଶିଷ୍ୟାନ୍ ପ୍ରତି ଦଦୌ, ତତସ୍ତେ ଲୋକେଭ୍ୟଃ ପରିୱେଷଯାମାସୁଃ|
290807010a	ତଥା ତେଷାଂ ସମୀପେ ଯେ କ୍ଷୁଦ୍ରମତ୍ସ୍ୟା ଆସନ୍ ତାନପ୍ୟାଦାଯ ଈଶ୍ୱରଗୁଣାନ୍ ସଂକୀର୍ତ୍ୟ ପରିୱେଷଯିତୁମ୍ ଆଦିଷ୍ଟୱାନ୍|
29080800cc	ତତୋ ଲୋକା ଭୁକ୍ତ୍ୱା ତୃପ୍ତିଂ ଗତା ଅୱଶିଷ୍ଟଖାଦ୍ୟୈଃ ପୂର୍ଣାଃ ସପ୍ତଡଲ୍ଲକା ଗୃହୀତାଶ୍ଚ|
29080900a5	ଏତେ ଭୋକ୍ତାରଃ ପ୍ରାଯଶ୍ଚତୁଃ ସହସ୍ରପୁରୁଷା ଆସନ୍ ତତଃ ସ ତାନ୍ ୱିସସର୍ଜ|
29080a007b	ଅଥ ସ ଶିଷ୍ୟଃ ସହ ନାୱମାରୁହ୍ୟ ଦଲ୍ମାନୂଥାସୀମାମାଗତଃ|
29080b00f8	ତତଃ ପରଂ ଫିରୂଶିନ ଆଗତ୍ୟ ତେନ ସହ ୱିୱଦମାନାସ୍ତସ୍ୟ ପରୀକ୍ଷାର୍ଥମ୍ ଆକାଶୀଯଚିହ୍ନଂ ଦ୍ରଷ୍ଟୁଂ ଯାଚିତୱନ୍ତଃ|
29080c017c	ତଦା ସୋଽନ୍ତର୍ଦୀର୍ଘଂ ନିଶ୍ୱସ୍ୟାକଥଯତ୍, ଏତେ ୱିଦ୍ୟମାନନରାଃ କୁତଶ୍ଚିନ୍ହଂ ମୃଗଯନ୍ତେ? ଯୁଷ୍ମାନହଂ ଯଥାର୍ଥଂ ବ୍ରୱୀମି ଲୋକାନେତାନ୍ କିମପି ଚିହ୍ନଂ ନ ଦର୍ଶଯିଷ୍ୟତେ|
29080d0073	ଅଥ ତାନ୍ ହିତ୍ୱା ପୁନ ର୍ନାୱମ୍ ଆରୁହ୍ୟ ପାରମଗାତ୍|
29080e00b8	ଏତର୍ହି ଶିଷ୍ୟୈଃ ପୂପେଷୁ ୱିସ୍ମୃତେଷୁ ନାୱି ତେଷାଂ ସନ୍ନିଧୌ ପୂପ ଏକଏୱ ସ୍ଥିତଃ|
29080f00e8	ତଦାନୀଂ ଯୀଶୁସ୍ତାନ୍ ଆଦିଷ୍ଟୱାନ୍ ଫିରୂଶିନାଂ ହେରୋଦଶ୍ଚ କିଣ୍ୱଂ ପ୍ରତି ସତର୍କାଃ ସାୱଧାନାଶ୍ଚ ଭୱତ|
29081000ec	ତତସ୍ତେଽନ୍ୟୋନ୍ୟଂ ୱିୱେଚନଂ କର୍ତୁମ୍ ଆରେଭିରେ, ଅସ୍ମାକଂ ସନ୍ନିଧୌ ପୂପୋ ନାସ୍ତୀତି ହେତୋରିଦଂ କଥଯତି|
29081101cd	ତଦ୍ ବୁଦ୍ୱ୍ୱା ଯୀଶୁସ୍ତେଭ୍ୟୋଽକଥଯତ୍ ଯୁଷ୍ମାକଂ ସ୍ଥାନେ ପୂପାଭାୱାତ୍ କୁତ ଇତ୍ଥଂ ୱିତର୍କଯଥ? ଯୂଯଂ କିମଦ୍ୟାପି କିମପି ନ ଜାନୀଥ? ବୋଦ୍ଧୁଞ୍ଚ ନ ଶକ୍ନୁଥ? ଯାୱଦଦ୍ୟ କିଂ ଯୁଷ୍ମାକଂ ମନାଂସି କଠିନାନି ସନ୍ତି?
29081200a5	ସତ୍ସୁ ନେତ୍ରେଷୁ କିଂ ନ ପଶ୍ୟଥ? ସତ୍ସୁ କର୍ଣେଷୁ କିଂ ନ ଶୃଣୁଥ? ନ ସ୍ମରଥ ଚ?
290813019d	ଯଦାହଂ ପଞ୍ଚପୂପାନ୍ ପଞ୍ଚସହସ୍ରାଣାଂ ପୁରୁଷାଣାଂ ମଧ୍ୟେ ଭଂକ୍ତ୍ୱା ଦତ୍ତୱାନ୍ ତଦାନୀଂ ଯୂଯମ୍ ଅୱଶିଷ୍ଟପୂପୈଃ ପୂର୍ଣାନ୍ କତି ଡଲ୍ଲକାନ୍ ଗୃହୀତୱନ୍ତଃ? ତେଽକଥଯନ୍ ଦ୍ୱାଦଶଡଲ୍ଲକାନ୍|
290814017c	ଅପରଞ୍ଚ ଯଦା ଚତୁଃସହସ୍ରାଣାଂ ପୁରୁଷାଣାଂ ମଧ୍ୟେ ପୂପାନ୍ ଭଂକ୍ତ୍ୱାଦଦାଂ ତଦା ଯୂଯମ୍ ଅତିରିକ୍ତପୂପାନାଂ କତି ଡଲ୍ଲକାନ୍ ଗୃହୀତୱନ୍ତଃ? ତେ କଥଯାମାସୁଃ ସପ୍ତଡଲ୍ଲକାନ୍|
290815009d	ତଦା ସ କଥିତୱାନ୍ ତର୍ହି ଯୂଯମ୍ ଅଧୁନାପି କୁତୋ ବୋଦ୍ୱ୍ୱୁଂ ନ ଶକ୍ନୁଥ?
2908160123	ଅନନ୍ତରଂ ତସ୍ମିନ୍ ବୈତ୍ସୈଦାନଗରେ ପ୍ରାପ୍ତେ ଲୋକା ଅନ୍ଧମେକଂ ନରଂ ତତ୍ସମୀପମାନୀଯ ତଂ ସ୍ପ୍ରଷ୍ଟୁଂ ତଂ ପ୍ରାର୍ଥଯାଞ୍ଚକ୍ରିରେ|
2908170172	ତଦା ତସ୍ୟାନ୍ଧସ୍ୟ କରୌ ଗୃହୀତ୍ୱା ନଗରାଦ୍ ବହିର୍ଦେଶଂ ତଂ ନୀତୱାନ୍; ତନ୍ନେତ୍ରେ ନିଷ୍ଠୀୱଂ ଦତ୍ତ୍ୱା ତଦ୍ଗାତ୍ରେ ହସ୍ତାୱର୍ପଯିତ୍ୱା ତଂ ପପ୍ରଚ୍ଛ, କିମପି ପଶ୍ୟସି?
2908180099	ସ ନେତ୍ରେ ଉନ୍ମୀଲ୍ୟ ଜଗାଦ, ୱୃକ୍ଷୱତ୍ ମନୁଜାନ୍ ଗଚ୍ଛତୋ ନିରୀକ୍ଷେ|
2908190154	ତତୋ ଯୀଶୁଃ ପୁନସ୍ତସ୍ୟ ନଯନଯୋ ର୍ହସ୍ତାୱର୍ପଯିତ୍ୱା ତସ୍ୟ ନେତ୍ରେ ଉନ୍ମୀଲଯାମାସ; ତସ୍ମାତ୍ ସ ସ୍ୱସ୍ଥୋ ଭୂତ୍ୱା ସ୍ପଷ୍ଟରୂପଂ ସର୍ୱ୍ୱଲୋକାନ୍ ଦଦର୍ଶ|
29081a012c	ତତଃ ପରଂ ତ୍ୱଂ ଗ୍ରାମଂ ମା ଗଚ୍ଛ ଗ୍ରାମସ୍ଥଂ କମପି ଚ କିମପ୍ୟନୁକ୍ତ୍ୱା ନିଜଗୃହଂ ଯାହୀତ୍ୟାଦିଶ୍ୟ ଯୀଶୁସ୍ତଂ ନିଜଗୃହଂ ପ୍ରହିତୱାନ୍|
29081b0117	ଅନନ୍ତରଂ ଶିଷ୍ୟୈଃ ସହିତୋ ଯୀଶୁଃ କୈସରୀଯାଫିଲିପିପୁରଂ ଜଗାମ, ପଥି ଗଚ୍ଛନ୍ ତାନପୃଚ୍ଛତ୍ କୋଽହମ୍ ଅତ୍ର ଲୋକାଃ କିଂ ୱଦନ୍ତି?
29081c0143	ତେ ପ୍ରତ୍ୟୂଚୁଃ ତ୍ୱାଂ ଯୋହନଂ ମଜ୍ଜକଂ ୱଦନ୍ତି କିନ୍ତୁ କେପି କେପି ଏଲିଯଂ ୱଦନ୍ତି; ଅପରେ କେପି କେପି ଭୱିଷ୍ୟଦ୍ୱାଦିନାମ୍ ଏକୋ ଜନ ଇତି ୱଦନ୍ତି|
29081d0100	ଅଥ ସ ତାନପୃଚ୍ଛତ୍ କିନ୍ତୁ କୋହମ୍? ଇତ୍ୟତ୍ର ଯୂଯଂ କିଂ ୱଦଥ? ତଦା ପିତରଃ ପ୍ରତ୍ୟୱଦତ୍ ଭୱାନ୍ ଅଭିଷିକ୍ତସ୍ତ୍ରାତା|
29081e008b	ତତଃ ସ ତାନ୍ ଗାଢମାଦିଶଦ୍ ଯୂଯଂ ମମ କଥା କସ୍ମୈଚିଦପି ମା କଥଯତ|
29081f01f2	ମନୁଷ୍ୟପୁତ୍ରେଣାୱଶ୍ୟଂ ବହୱୋ ଯାତନା ଭୋକ୍ତୱ୍ୟାଃ ପ୍ରାଚୀନଲୋକୈଃ ପ୍ରଧାନଯାଜକୈରଧ୍ୟାପକୈଶ୍ଚ ସ ନିନ୍ଦିତଃ ସନ୍ ଘାତଯିଷ୍ୟତେ ତୃତୀଯଦିନେ ଉତ୍ଥାସ୍ୟତି ଚ, ଯୀଶୁଃ ଶିଷ୍ୟାନୁପଦେଷ୍ଟୁମାରଭ୍ୟ କଥାମିମାଂ ସ୍ପଷ୍ଟମାଚଷ୍ଟ|
2908200084	ତସ୍ମାତ୍ ପିତରସ୍ତସ୍ୟ ହସ୍ତୌ ଧୃତ୍ୱା ତଂ ତର୍ଜ୍ଜିତୱାନ୍|
2908210179	କିନ୍ତୁ ସ ମୁଖଂ ପରାୱର୍ତ୍ୟ ଶିଷ୍ୟଗଣଂ ନିରୀକ୍ଷ୍ୟ ପିତରଂ ତର୍ଜଯିତ୍ୱାୱାଦୀଦ୍ ଦୂରୀଭୱ ୱିଘ୍ନକାରିନ୍ ଈଶ୍ୱରୀଯକାର୍ୟ୍ୟାଦପି ମନୁଷ୍ୟକାର୍ୟ୍ୟଂ ତୁଭ୍ୟଂ ରୋଚତତରାଂ|
2908220140	ଅଥ ସ ଲୋକାନ୍ ଶିଷ୍ୟାଂଶ୍ଚାହୂଯ ଜଗାଦ ଯଃ କଶ୍ଚିନ୍ ମାମନୁଗନ୍ତୁମ୍ ଇଚ୍ଛତି ସ ଆତ୍ମାନଂ ଦାମ୍ୟତୁ, ସ୍ୱକ୍ରୁଶଂ ଗୃହୀତ୍ୱା ମତ୍ପଶ୍ଚାଦ୍ ଆଯାତୁ|
2908230157	ଯତୋ ଯଃ କଶ୍ଚିତ୍ ସ୍ୱପ୍ରାଣଂ ରକ୍ଷିତୁମିଚ୍ଛତି ସ ତଂ ହାରଯିଷ୍ୟତି, କିନ୍ତୁ ଯଃ କଶ୍ଚିନ୍ ମଦର୍ଥଂ ସୁସଂୱାଦାର୍ଥଞ୍ଚ ପ୍ରାଣଂ ହାରଯତି ସ ତଂ ରକ୍ଷିଷ୍ୟତି|
29082400c6	ଅପରଞ୍ଚ ମନୁଜଃ ସର୍ୱ୍ୱଂ ଜଗତ୍ ପ୍ରାପ୍ୟ ଯଦି ସ୍ୱପ୍ରାଣଂ ହାରଯତି ତର୍ହି ତସ୍ୟ କୋ ଲାଭଃ?
290825006b	ନରଃ ସ୍ୱପ୍ରାଣୱିନିମଯେନ କିଂ ଦାତୁଂ ଶକ୍ନୋତି?
29082601f1	ଏତେଷାଂ ୱ୍ୟଭିଚାରିଣାଂ ପାପିନାଞ୍ଚ ଲୋକାନାଂ ସାକ୍ଷାଦ୍ ଯଦି କୋପି ମାଂ ମତ୍କଥାଞ୍ଚ ଲଜ୍ଜାସ୍ପଦଂ ଜାନାତି ତର୍ହି ମନୁଜପୁତ୍ରୋ ଯଦା ଧର୍ମ୍ମଦୂତୈଃ ସହ ପିତୁଃ ପ୍ରଭାୱେଣାଗମିଷ୍ୟତି ତଦା ସୋପି ତଂ ଲଜ୍ଜାସ୍ପଦଂ ଜ୍ଞାସ୍ୟତି|
29090101a9	ଅଥ ସ ତାନୱାଦୀତ୍ ଯୁଷ୍ମଭ୍ୟମହଂ ଯଥାର୍ଥଂ କଥଯାମି, ଈଶ୍ୱରରାଜ୍ୟଂ ପରାକ୍ରମେଣୋପସ୍ଥିତଂ ନ ଦୃଷ୍ଟ୍ୱା ମୃତ୍ୟୁଂ ନାସ୍ୱାଦିଷ୍ୟନ୍ତେ, ଅତ୍ର ଦଣ୍ଡାଯମାନାନାଂ ମଧ୍ୟେପି ତାଦୃଶା ଲୋକାଃ ସନ୍ତି|
2909020150	ଅଥ ଷଡ୍ଦିନେଭ୍ୟଃ ପରଂ ଯୀଶୁଃ ପିତରଂ ଯାକୂବଂ ଯୋହନଞ୍ଚ ଗୃହୀତ୍ୱା ଗିରେରୁଚ୍ଚସ୍ୟ ନିର୍ଜନସ୍ଥାନଂ ଗତ୍ୱା ତେଷାଂ ପ୍ରତ୍ୟକ୍ଷେ ମୂର୍ତ୍ୟନ୍ତରଂ ଦଧାର|
290903010d	ତତସ୍ତସ୍ୟ ପରିଧେଯମ୍ ଈଦୃଶମ୍ ଉଜ୍ଜ୍ୱଲହିମପାଣଡରଂ ଜାତଂ ଯଦ୍ ଜଗତି କୋପି ରଜକୋ ନ ତାଦୃକ୍ ପାଣଡରଂ କର୍ତ୍ତାଂ ଶକ୍ନୋତି|
29090400ca	ଅପରଞ୍ଚ ଏଲିଯୋ ମୂସାଶ୍ଚ ତେଭ୍ୟୋ ଦର୍ଶନଂ ଦତ୍ତ୍ୱା ଯୀଶୁନା ସହ କଥନଂ କର୍ତ୍ତୁମାରେଭାତେ|
290905017b	ତଦା ପିତରୋ ଯୀଶୁମୱାଦୀତ୍ ହେ ଗୁରୋଽସ୍ମାକମତ୍ର ସ୍ଥିତିରୁତ୍ତମା, ତତଏୱ ୱଯଂ ତ୍ୱତ୍କୃତେ ଏକାଂ ମୂସାକୃତେ ଏକାମ୍ ଏଲିଯକୃତେ ଚୈକାଂ, ଏତାସ୍ତିସ୍ରଃ କୁଟୀ ର୍ନିର୍ମ୍ମାମ|
29090600af	କିନ୍ତୁ ସ ଯଦୁକ୍ତୱାନ୍ ତତ୍ ସ୍ୱଯଂ ନ ବୁବୁଧେ ତତଃ ସର୍ୱ୍ୱେ ବିଭଯାଞ୍ଚକ୍ରୁଃ|
290907011e	ଏତର୍ହି ପଯୋଦସ୍ତାନ୍ ଛାଦଯାମାସ, ମମଯାଂ ପ୍ରିଯଃ ପୁତ୍ରଃ କଥାସୁ ତସ୍ୟ ମନାଂସି ନିୱେଶଯତେତି ନଭୋୱାଣୀ ତନ୍ମେଦ୍ୟାନ୍ନିର୍ୟଯୌ|
29090800b3	ଅଥ ହଠାତ୍ତେ ଚତୁର୍ଦିଶୋ ଦୃଷ୍ଟ୍ୱା ଯୀଶୁଂ ୱିନା ସ୍ୱୈଃ ସହିତଂ କମପି ନ ଦଦୃଶୁଃ|
290909018d	ତତଃ ପରଂ ଗିରେରୱରୋହଣକାଲେ ସ ତାନ୍ ଗାଢମ୍ ଦୂତ୍ୟାଦିଦେଶ ଯାୱନ୍ନରସୂନୋଃ ଶ୍ମଶାନାଦୁତ୍ଥାନଂ ନ ଭୱତି, ତାୱତ୍ ଦର୍ଶନସ୍ୟାସ୍ୟ ୱାର୍ତ୍ତା ଯୁଷ୍ମାଭିଃ କସ୍ମୈଚିଦପି ନ ୱକ୍ତୱ୍ୟା|
29090a00e4	ତଦା ଶ୍ମଶାନାଦୁତ୍ଥାନସ୍ୟ କୋଭିପ୍ରାଯ ଇତି ୱିଚାର୍ୟ୍ୟ ତେ ତଦ୍ୱାକ୍ୟଂ ସ୍ୱେଷୁ ଗୋପାଯାଞ୍ଚକ୍ରିରେ|
29090b00ce	ଅଥ ତେ ଯୀଶୁଂ ପପ୍ରଚ୍ଛୁଃ ପ୍ରଥମତ ଏଲିଯେନାଗନ୍ତୱ୍ୟମ୍ ଇତି ୱାକ୍ୟଂ କୁତ ଉପାଧ୍ୟାଯା ଆହୁଃ?
29090c015e	ତଦା ସ ପ୍ରତ୍ୟୁୱାଚ, ଏଲିଯଃ ପ୍ରଥମମେତ୍ୟ ସର୍ୱ୍ୱକାର୍ୟ୍ୟାଣି ସାଧଯିଷ୍ୟତି; ନରପୁତ୍ରେ ଚ ଲିପି ର୍ୟଥାସ୍ତେ ତଥୈୱ ସୋପି ବହୁଦୁଃଖଂ ପ୍ରାପ୍ୟାୱଜ୍ଞାସ୍ୟତେ|
29090d0122	କିନ୍ତ୍ୱହଂ ଯୁଷ୍ମାନ୍ ୱଦାମି, ଏଲିଯାର୍ଥେ ଲିପି ର୍ୟଥାସ୍ତେ ତଥୈୱ ସ ଏତ୍ୟ ଯଯୌ, ଲୋକା: ସ୍ୱେଚ୍ଛାନୁରୂପଂ ତମଭିୱ୍ୟୱହରନ୍ତି ସ୍ମ|
29090e0104	ଅନନ୍ତରଂ ସ ଶିଷ୍ୟସମୀପମେତ୍ୟ ତେଷାଂ ଚତୁଃପାର୍ଶ୍ୱେ ତୈଃ ସହ ବହୁଜନାନ୍ ୱିୱଦମାନାନ୍ ଅଧ୍ୟାପକାଂଶ୍ଚ ଦୃଷ୍ଟୱାନ୍;
29090f00c7	କିନ୍ତୁ ସର୍ୱ୍ୱଲୋକାସ୍ତଂ ଦୃଷ୍ଟ୍ୱୈୱ ଚମତ୍କୃତ୍ୟ ତଦାସନ୍ନଂ ଧାୱନ୍ତସ୍ତଂ ପ୍ରଣେମୁଃ|
2909100094	ତଦା ଯୀଶୁରଧ୍ୟାପକାନପ୍ରାକ୍ଷୀଦ୍ ଏତୈଃ ସହ ଯୂଯଂ କିଂ ୱିୱଦଧ୍ୱେ?
29091100e1	ତତୋ ଲୋକାନାଂ କଶ୍ଚିଦେକଃ ପ୍ରତ୍ୟୱାଦୀତ୍ ହେ ଗୁରୋ ମମ ସୂନୁଂ ମୂକଂ ଭୂତଧୃତଞ୍ଚ ଭୱଦାସନ୍ନମ୍ ଆନଯଂ|
29091201a7	ଯଦାସୌ ଭୂତସ୍ତମାକ୍ରମତେ ତଦୈୱ ପାତସତି ତଥା ସ ଫେଣାଯତେ, ଦନ୍ତୈର୍ଦନ୍ତାନ୍ ଘର୍ଷତି କ୍ଷୀଣୋ ଭୱତି ଚ; ତତୋ ହେତୋସ୍ତଂ ଭୂତଂ ତ୍ୟାଜଯିତୁଂ ଭୱଚ୍ଛିଷ୍ୟାନ୍ ନିୱେଦିତୱାନ୍ କିନ୍ତୁ ତେ ନ ଶେକୁଃ|
290913015e	ତଦା ସ ତମୱାଦୀତ୍, ରେ ଅୱିଶ୍ୱାସିନଃ ସନ୍ତାନା ଯୁଷ୍ମାଭିଃ ସହ କତି କାଲାନହଂ ସ୍ଥାସ୍ୟାମି? ଅପରାନ୍ କତି କାଲାନ୍ ୱା ୱ ଆଚାରାନ୍ ସହିଷ୍ୟେ? ତଂ ମଦାସନ୍ନମାନଯତ|
2909140103	ତତସ୍ତତ୍ସନ୍ନିଧିଂ ସ ଆନୀଯତ କିନ୍ତୁ ତଂ ଦୃଷ୍ଟ୍ୱୈୱ ଭୂତୋ ବାଲକଂ ଧୃତୱାନ୍; ସ ଚ ଭୂମୌ ପତିତ୍ୱା ଫେଣାଯମାନୋ ଲୁଲୋଠ|
29091500d4	ତଦା ସ ତତ୍ପିତରଂ ପପ୍ରଚ୍ଛ, ଅସ୍ୟେଦୃଶୀ ଦଶା କତି ଦିନାନି ଭୂତା? ତତଃ ସୋୱାଦୀତ୍ ବାଲ୍ୟକାଲାତ୍|
290916014d	ଭୂତୋଯଂ ତଂ ନାଶଯିତୁଂ ବହୁୱାରାନ୍ ୱହ୍ନୌ ଜଲେ ଚ ନ୍ୟକ୍ଷିପତ୍ କିନ୍ତୁ ଯଦି ଭୱାନ କିମପି କର୍ତ୍ତାଂ ଶକ୍ନୋତି ତର୍ହି ଦଯାଂ କୃତ୍ୱାସ୍ମାନ୍ ଉପକରୋତୁ|
29091700d6	ତଦା ଯୀଶୁସ୍ତମୱଦତ୍ ଯଦି ପ୍ରତ୍ୟେତୁଂ ଶକ୍ନୋଷି ତର୍ହି ପ୍ରତ୍ୟଯିନେ ଜନାଯ ସର୍ୱ୍ୱଂ ସାଧ୍ୟମ୍|
2909180120	ତତସ୍ତତ୍କ୍ଷଣଂ ତଦ୍ବାଲକସ୍ୟ ପିତା ପ୍ରୋଚ୍ଚୈ ରୂୱନ୍ ସାଶ୍ରୁନେତ୍ରଃ ପ୍ରୋୱାଚ, ପ୍ରଭୋ ପ୍ରତ୍ୟେମି ମମାପ୍ରତ୍ୟଯଂ ପ୍ରତିକୁରୁ|
2909190197	ଅଥ ଯୀଶୁ ର୍ଲୋକସଙ୍ଘଂ ଧାୱିତ୍ୱାଯାନ୍ତଂ ଦୃଷ୍ଟ୍ୱା ତମପୂତଭୂତଂ ତର୍ଜଯିତ୍ୱା ଜଗାଦ, ରେ ବଧିର ମୂକ ଭୂତ ତ୍ୱମେତସ୍ମାଦ୍ ବହିର୍ଭୱ ପୁନଃ କଦାପି ମାଶ୍ରଯୈନଂ ତ୍ୱାମହମ୍ ଇତ୍ୟାଦିଶାମି|
29091a0119	ତଦା ସ ଭୂତଶ୍ଚୀତ୍ଶବ୍ଦଂ କୃତ୍ୱା ତମାପୀଡ୍ୟ ବହିର୍ଜଜାମ, ତତୋ ବାଲକୋ ମୃତକଲ୍ପୋ ବଭୂୱ ତସ୍ମାଦଯଂ ମୃତଇତ୍ୟନେକେ କଥଯାମାସୁଃ|
29091b0078	କିନ୍ତୁ କରଂ ଧୃତ୍ୱା ଯୀଶୁନୋତ୍ଥାପିତଃ ସ ଉତ୍ତସ୍ଥୌ|
29091c00ea	ଅଥ ଯୀଶୌ ଗୃହଂ ପ୍ରୱିଷ୍ଟେ ଶିଷ୍ୟା ଗୁପ୍ତଂ ତଂ ପପ୍ରଚ୍ଛୁଃ, ୱଯମେନଂ ଭୂତଂ ତ୍ୟାଜଯିତୁଂ କୁତୋ ନ ଶକ୍ତାଃ?
29091d00d7	ସ ଉୱାଚ, ପ୍ରାର୍ଥନୋପୱାସୌ ୱିନା କେନାପ୍ୟନ୍ୟେନ କର୍ମ୍ମଣା ଭୂତମୀଦୃଶଂ ତ୍ୟାଜଯିତୁଂ ନ ଶକ୍ୟଂ|
29091e00db	ଅନନ୍ତରଂ ସ ତତ୍ସ୍ଥାନାଦିତ୍ୱା ଗାଲୀଲ୍ମଧ୍ୟେନ ଯଯୌ, କିନ୍ତୁ ତତ୍ କୋପି ଜାନୀଯାଦିତି ସ ନୈଚ୍ଛତ୍|
29091f014f	ଅପରଞ୍ଚ ସ ଶିଷ୍ୟାନୁପଦିଶନ୍ ବଭାଷେ, ନରପୁତ୍ରୋ ନରହସ୍ତେଷୁ ସମର୍ପଯିଷ୍ୟତେ ତେ ଚ ତଂ ହନିଷ୍ୟନ୍ତି ତୈସ୍ତସ୍ମିନ୍ ହତେ ତୃତୀଯଦିନେ ସ ଉତ୍ଥାସ୍ୟତୀତି|
2909200081	କିନ୍ତୁ ତତ୍କଥାଂ ତେ ନାବୁଧ୍ୟନ୍ତ ପ୍ରଷ୍ଟୁଞ୍ଚ ବିଭ୍ୟଃ|
2909210112	ଅଥ ଯୀଶୁଃ କଫର୍ନାହୂମ୍ପୁରମାଗତ୍ୟ ମଧ୍ୟେଗୃହଞ୍ଚେତ୍ୟ ତାନପୃଚ୍ଛଦ୍ ୱର୍ତ୍ମମଧ୍ୟେ ଯୂଯମନ୍ୟୋନ୍ୟଂ କିଂ ୱିୱଦଧ୍ୱେ ସ୍ମ?
29092200ee	କିନ୍ତୁ ତେ ନିରୁତ୍ତରାସ୍ତସ୍ଥୁ ର୍ୟସ୍ମାତ୍ତେଷାଂ କୋ ମୁଖ୍ୟ ଇତି ୱର୍ତ୍ମାନି ତେଽନ୍ୟୋନ୍ୟଂ ୱ୍ୟୱଦନ୍ତ|
2909230136	ତତଃ ସ ଉପୱିଶ୍ୟ ଦ୍ୱାଦଶଶିଷ୍ୟାନ୍ ଆହୂଯ ବଭାଷେ ଯଃ କଶ୍ଚିତ୍ ମୁଖ୍ୟୋ ଭୱିତୁମିଚ୍ଛତି ସ ସର୍ୱ୍ୱେଭ୍ୟୋ ଗୌଣଃ ସର୍ୱ୍ୱେଷାଂ ସେୱକଶ୍ଚ ଭୱତୁ|
29092400c6	ତଦା ସ ବାଲକମେକଂ ଗୃହୀତ୍ୱା ମଧ୍ୟେ ସମୁପାୱେଶଯତ୍ ତତସ୍ତଂ କ୍ରୋଡେ କୃତ୍ୱା ତାନୱାଦାତ୍
290925019c	ଯଃ କଶ୍ଚିଦୀଦୃଶସ୍ୟ କସ୍ୟାପି ବାଲସ୍ୟାତିଥ୍ୟଂ କରୋତି ସ ମମାତିଥ୍ୟଂ କରୋତି; ଯଃ କଶ୍ଚିନ୍ମମାତିଥ୍ୟଂ କରୋତି ସ କେୱଲମ୍ ମମାତିଥ୍ୟଂ କରୋତି ତନ୍ନ ମତ୍ପ୍ରେରକସ୍ୟାପ୍ୟାତିଥ୍ୟଂ କରୋତି|
2909260173	ଅଥ ଯୋହନ୍ ତମବ୍ରୱୀତ୍ ହେ ଗୁରୋ, ଅସ୍ମାକମନନୁଗାମିନମ୍ ଏକଂ ତ୍ୱାନ୍ନାମ୍ନା ଭୂତାନ୍ ତ୍ୟାଜଯନ୍ତଂ ୱଯଂ ଦୃଷ୍ଟୱନ୍ତଃ, ଅସ୍ମାକମପଶ୍ଚାଦ୍ଗାମିତ୍ୱାଚ୍ଚ ତଂ ନ୍ୟଷେଧାମ|
290927011e	କିନ୍ତୁ ଯୀଶୁରୱଦତ୍ ତଂ ମା ନିଷେଧତ୍, ଯତୋ ଯଃ କଶ୍ଚିନ୍ ମନ୍ନାମ୍ନା ଚିତ୍ରଂ କର୍ମ୍ମ କରୋତି ସ ସହସା ମାଂ ନିନ୍ଦିତୁଂ ନ ଶକ୍ନୋତି|
29092800a6	ତଥା ଯଃ କଶ୍ଚିଦ୍ ଯୁଷ୍ମାକଂ ୱିପକ୍ଷତାଂ ନ କରୋତି ସ ଯୁଷ୍ମାକମେୱ ସପକ୍ଷଃ|
290929016a	ଯଃ କଶ୍ଚିଦ୍ ଯୁଷ୍ମାନ୍ ଖ୍ରୀଷ୍ଟଶିଷ୍ୟାନ୍ ଜ୍ଞାତ୍ୱା ମନ୍ନାମ୍ନା କଂସୈକେନ ପାନୀଯଂ ପାତୁଂ ଦଦାତି, ଯୁଷ୍ମାନହଂ ଯଥାର୍ଥଂ ୱଚ୍ମି, ସ ଫଲେନ ୱଞ୍ଚିତୋ ନ ଭୱିଷ୍ୟତି|
29092a01ad	କିନ୍ତୁ ଯଦି କଶ୍ଚିନ୍ ମଯି ୱିଶ୍ୱାସିନାମେଷାଂ କ୍ଷୁଦ୍ରପ୍ରାଣିନାମ୍ ଏକସ୍ୟାପି ୱିଘ୍ନଂ ଜନଯତି, ତର୍ହି ତସ୍ୟୈତତ୍କର୍ମ୍ମ କରଣାତ୍ କଣ୍ଠବଦ୍ଧପେଷଣୀକସ୍ୟ ତସ୍ୟ ସାଗରାଗାଧଜଲ ମଜ୍ଜନଂ ଭଦ୍ରଂ|
29092b0071	ଅତଃ ସ୍ୱକରୋ ଯଦି ତ୍ୱାଂ ବାଧତେ ତର୍ହି ତଂ ଛିନ୍ଧି;
29092c0169	ଯସ୍ମାତ୍ ଯତ୍ର କୀଟା ନ ମ୍ରିଯନ୍ତେ ୱହ୍ନିଶ୍ଚ ନ ନିର୍ୱ୍ୱାତି, ତସ୍ମିନ୍ ଅନିର୍ୱ୍ୱାଣାନଲନରକେ କରଦ୍ୱଯୱସ୍ତୱ ଗମନାତ୍ କରହୀନସ୍ୟ ସ୍ୱର୍ଗପ୍ରୱେଶସ୍ତୱ କ୍ଷେମଂ|
29092d006b	ଯଦି ତୱ ପାଦୋ ୱିଘ୍ନଂ ଜନଯତି ତର୍ହି ତଂ ଛିନ୍ଧି,
29092e0179	ଯତୋ ଯତ୍ର କୀଟା ନ ମ୍ରିଯନ୍ତେ ୱହ୍ନିଶ୍ଚ ନ ନିର୍ୱ୍ୱାତି, ତସ୍ମିନ୍ ଽନିର୍ୱ୍ୱାଣୱହ୍ନୌ ନରକେ ଦ୍ୱିପାଦୱତସ୍ତୱ ନିକ୍ଷେପାତ୍ ପାଦହୀନସ୍ୟ ସ୍ୱର୍ଗପ୍ରୱେଶସ୍ତୱ କ୍ଷେମଂ|
29092f00fc	ସ୍ୱନେତ୍ରଂ ଯଦି ତ୍ୱାଂ ବାଧତେ ତର୍ହି ତଦପ୍ୟୁତ୍ପାଟଯ, ଯତୋ ଯତ୍ର କୀଟା ନ ମ୍ରିଯନ୍ତେ ୱହ୍ନିଶ୍ଚ ନ ନିର୍ୱ୍ୱାତି,
2909300109	ତସ୍ମିନ ଽନିର୍ୱ୍ୱାଣୱହ୍ନୌ ନରକେ ଦ୍ୱିନେତ୍ରସ୍ୟ ତୱ ନିକ୍ଷେପାଦ୍ ଏକନେତ୍ରୱତ ଈଶ୍ୱରରାଜ୍ୟେ ପ୍ରୱେଶସ୍ତୱ କ୍ଷେମଂ|
29093100dd	ଯଥା ସର୍ୱ୍ୱୋ ବଲି ର୍ଲୱଣାକ୍ତଃ କ୍ରିଯତେ ତଥା ସର୍ୱ୍ୱୋ ଜନୋ ୱହ୍ନିରୂପେଣ ଲୱଣାକ୍ତଃ କାରିଷ୍ୟତେ|
2909320140	ଲୱଣଂ ଭଦ୍ରଂ କିନ୍ତୁ ଯଦି ଲୱଣେ ସ୍ୱାଦୁତା ନ ତିଷ୍ଠତି, ତର୍ହି କଥମ୍ ଆସ୍ୱାଦ୍ୟୁକ୍ତଂ କରିଷ୍ୟଥ? ଯୂଯଂ ଲୱଣଯୁକ୍ତା ଭୱତ ପରସ୍ପରଂ ପ୍ରେମ କୁରୁତ|
290a010192	ଅନନ୍ତରଂ ସ ତତ୍ସ୍ଥାନାତ୍ ପ୍ରସ୍ଥାଯ ଯର୍ଦ୍ଦନନଦ୍ୟାଃ ପାରେ ଯିହୂଦାପ୍ରଦେଶ ଉପସ୍ଥିତୱାନ୍, ତତ୍ର ତଦନ୍ତିକେ ଲୋକାନାଂ ସମାଗମେ ଜାତେ ସ ନିଜରୀତ୍ୟନୁସାରେଣ ପୁନସ୍ତାନ୍ ଉପଦିଦେଶ|
290a0200e3	ତଦା ଫିରୂଶିନସ୍ତତ୍ସମୀପମ୍ ଏତ୍ୟ ତଂ ପରୀକ୍ଷିତୁଂ ପପ୍ରଚ୍ଛଃ ସ୍ୱଜାଯା ମନୁଜାନାଂ ତ୍ୟଜ୍ୟା ନ ୱେତି?
290a0300b5	ତତଃ ସ ପ୍ରତ୍ୟୱାଦୀତ୍, ଅତ୍ର କାର୍ୟ୍ୟେ ମୂସା ଯୁଷ୍ମାନ୍ ପ୍ରତି କିମାଜ୍ଞାପଯତ୍?
290a0400a9	ତ ଊଚୁଃ ତ୍ୟାଗପତ୍ରଂ ଲେଖିତୁଂ ସ୍ୱପତ୍ନୀଂ ତ୍ୟକ୍ତୁଞ୍ଚ ମୂସାଽନୁମନ୍ୟତେ|
290a0500d3	ତଦା ଯୀଶୁଃ ପ୍ରତ୍ୟୁୱାଚ, ଯୁଷ୍ମାକଂ ମନସାଂ କାଠିନ୍ୟାଦ୍ଧେତୋ ର୍ମୂସା ନିଦେଶମିମମ୍ ଅଲିଖତ୍|
290a0600a4	କିନ୍ତୁ ସୃଷ୍ଟେରାଦୌ ଈଶ୍ୱରୋ ନରାନ୍ ପୁଂରୂପେଣ ସ୍ତ୍ରୀରୂପେଣ ଚ ସସର୍ଜ|
290a0700c4	"ତତଃ କାରଣାତ୍ ପୁମାନ୍ ପିତରଂ ମାତରଞ୍ଚ ତ୍ୟକ୍ତ୍ୱା ସ୍ୱଜାଯାଯାମ୍ ଆସକ୍ତୋ ଭୱିଷ୍ୟତି,
290a0800bb	ତୌ ଦ୍ୱାୱ୍ ଏକାଙ୍ଗୌ ଭୱିଷ୍ୟତଃ| " ତସ୍ମାତ୍ ତତ୍କାଲମାରଭ୍ୟ ତୌ ନ ଦ୍ୱାୱ୍ ଏକାଙ୍ଗୌ|
290a09008e	ଅତଃ କାରଣାଦ୍ ଈଶ୍ୱରୋ ଯଦଯୋଜଯତ୍ କୋପି ନରସ୍ତନ୍ନ ୱିଯେଜଯେତ୍|
290a0a00ad	ଅଥ ଯୀଶୁ ର୍ଗୃହଂ ପ୍ରୱିଷ୍ଟସ୍ତଦା ଶିଷ୍ୟାଃ ପୁନସ୍ତତ୍କଥାଂ ତଂ ପପ୍ରଚ୍ଛୁଃ|
290a0b0133	ତତଃ ସୋୱଦତ୍ କଶ୍ଚିଦ୍ ଯଦି ସ୍ୱଭାର୍ୟ୍ୟାଂ ତ୍ୟକ୍ତୱାନ୍ୟାମ୍ ଉଦ୍ୱହତି ତର୍ହି ସ ସ୍ୱଭାର୍ୟ୍ୟାଯାଃ ପ୍ରାତିକୂଲ୍ୟେନ ୱ୍ୟଭିଚାରୀ ଭୱତି|
290a0c00dc	କାଚିନ୍ନାରୀ ଯଦି ସ୍ୱପତିଂ ହିତ୍ୱାନ୍ୟପୁଂସା ୱିୱାହିତା ଭୱତି ତର୍ହି ସାପି ୱ୍ୟଭିଚାରିଣୀ ଭୱତି|
290a0d0112	ଅଥ ସ ଯଥା ଶିଶୂନ୍ ସ୍ପୃଶେତ୍, ତଦର୍ଥଂ ଲୋକୈସ୍ତଦନ୍ତିକଂ ଶିଶୱ ଆନୀଯନ୍ତ, କିନ୍ତୁ ଶିଷ୍ୟାସ୍ତାନାନୀତୱତସ୍ତର୍ଜଯାମାସୁଃ|
290a0e0113	ଯୀଶୁସ୍ତଦ୍ ଦୃଷ୍ଟ୍ୱା କ୍ରୁଧ୍ୟନ୍ ଜଗାଦ, ମନ୍ନିକଟମ୍ ଆଗନ୍ତୁଂ ଶିଶୂନ୍ ମା ୱାରଯତ, ଯତ ଏତାଦୃଶା ଈଶ୍ୱରରାଜ୍ୟାଧିକାରିଣଃ|
290a0f0140	ଯୁଷ୍ମାନହଂ ଯଥାର୍ଥଂ ୱଚ୍ମି, ଯଃ କଶ୍ଚିତ୍ ଶିଶୁୱଦ୍ ଭୂତ୍ୱା ରାଜ୍ୟମୀଶ୍ୱରସ୍ୟ ନ ଗୃହ୍ଲୀଯାତ୍ ସ କଦାପି ତଦ୍ରାଜ୍ୟଂ ପ୍ରୱେଷ୍ଟୁଂ ନ ଶକ୍ନୋତି|
290a1000ae	ଅନନତରଂ ସ ଶିଶୂନଙ୍କେ ନିଧାଯ ତେଷାଂ ଗାତ୍ରେଷୁ ହସ୍ତୌ ଦତ୍ତ୍ୱାଶିଷଂ ବଭାଷେ|
290a11016d	ଅଥ ସ ୱର୍ତ୍ମନା ଯାତି, ଏତର୍ହି ଜନ ଏକୋ ଧାୱନ୍ ଆଗତ୍ୟ ତତ୍ସମ୍ମୁଖେ ଜାନୁନୀ ପାତଯିତ୍ୱା ପୃଷ୍ଟୱାନ୍, ଭୋଃ ପରମଗୁରୋ, ଅନନ୍ତାଯୁଃ ପ୍ରାପ୍ତଯେ ମଯା କିଂ କର୍ତ୍ତୱ୍ୟଂ?
290a1200a0	ତଦା ଯୀଶୁରୁୱାଚ, ମାଂ ପରମଂ କୁତୋ ୱଦସି? ୱିନେଶ୍ୱରଂ କୋପି ପରମୋ ନ ଭୱତି|
290a130158	ପରସ୍ତ୍ରୀଂ ନାଭିଗଚ୍ଛ; ନରଂ ମା ଘାତଯ; ସ୍ତେଯଂ ମା କୁରୁ; ମୃଷାସାକ୍ଷ୍ୟଂ ମା ଦେହି; ହିଂସାଞ୍ଚ ମା କୁରୁ; ପିତରୌ ସମ୍ମନ୍ୟସ୍ୱ; ନିଦେଶା ଏତେ ତ୍ୱଯା ଜ୍ଞାତାଃ|
290a1400aa	ତତସ୍ତନ ପ୍ରତ୍ୟୁକ୍ତଂ, ହେ ଗୁରୋ ବାଲ୍ୟକାଲାଦହଂ ସର୍ୱ୍ୱାନେତାନ୍ ଆଚରାମି|
290a1501db	ତଦା ଯୀଶୁସ୍ତଂ ୱିଲୋକ୍ୟ ସ୍ନେହେନ ବଭାଷେ, ତୱୈକସ୍ୟାଭାୱ ଆସ୍ତେ; ତ୍ୱଂ ଗତ୍ୱା ସର୍ୱ୍ୱସ୍ୱଂ ୱିକ୍ରୀଯ ଦରିଦ୍ରେଭ୍ୟୋ ୱିଶ୍ରାଣଯ, ତତଃ ସ୍ୱର୍ଗେ ଧନଂ ପ୍ରାପ୍ସ୍ୟସି; ତତଃ ପରମ୍ ଏତ୍ୟ କ୍ରୁଶଂ ୱହନ୍ ମଦନୁୱର୍ତ୍ତୀ ଭୱ|
290a1600dc	କିନ୍ତୁ ତସ୍ୟ ବହୁସମ୍ପଦ୍ୱିଦ୍ୟମାନତ୍ୱାତ୍ ସ ଇମାଂ କଥାମାକର୍ଣ୍ୟ ୱିଷଣୋ ଦୁଃଖିତଶ୍ଚ ସନ୍ ଜଗାମ|
290a170100	ଅଥ ଯୀଶୁଶ୍ଚତୁର୍ଦିଶୋ ନିରୀକ୍ଷ୍ୟ ଶିଷ୍ୟାନ୍ ଅୱାଦୀତ୍, ଧନିଲୋକାନାମ୍ ଈଶ୍ୱରରାଜ୍ୟପ୍ରୱେଶଃ କୀଦୃଗ୍ ଦୁଷ୍କରଃ|
290a18013d	ତସ୍ୟ କଥାତଃ ଶିଷ୍ୟାଶ୍ଚମଚ୍ଚକ୍ରୁଃ, କିନ୍ତୁ ସ ପୁନରୱଦତ୍, ହେ ବାଲକା ଯେ ଧନେ ୱିଶ୍ୱସନ୍ତି ତେଷାମ୍ ଈଶ୍ୱରରାଜ୍ୟପ୍ରୱେଶଃ କୀଦୃଗ୍ ଦୁଷ୍କରଃ|
290a1900bb	ଈଶ୍ୱରରାଜ୍ୟେ ଧନିନାଂ ପ୍ରୱେଶାତ୍ ସୂଚିରନ୍ଧ୍ରେଣ ମହାଙ୍ଗସ୍ୟ ଗମନାଗମନଂ ସୁକରଂ|
290a1a00d8	ତଦା ଶିଷ୍ୟା ଅତୀୱ ୱିସ୍ମିତାଃ ପରସ୍ପରଂ ପ୍ରୋଚୁଃ, ତର୍ହି କଃ ପରିତ୍ରାଣଂ ପ୍ରାପ୍ତୁଂ ଶକ୍ନୋତି?
290a1b010d	ତତୋ ଯୀଶୁସ୍ତାନ୍ ୱିଲୋକ୍ୟ ବଭାଷେ, ତନ୍ ନରସ୍ୟାସାଧ୍ୟଂ କିନ୍ତୁ ନେଶ୍ୱରସ୍ୟ, ଯତୋ ହେତୋରୀଶ୍ୱରସ୍ୟ ସର୍ୱ୍ୱଂ ସାଧ୍ୟମ୍|
290a1c00a3	ତଦା ପିତର ଉୱାଚ, ପଶ୍ୟ ୱଯଂ ସର୍ୱ୍ୱଂ ପରିତ୍ୟଜ୍ୟ ଭୱତୋନୁଗାମିନୋ ଜାତାଃ|
290a1d017e	ତତୋ ଯୀଶୁଃ ପ୍ରତ୍ୟୱଦତ୍, ଯୁଷ୍ମାନହଂ ଯଥାର୍ଥଂ ୱଦାମି, ମଦର୍ଥଂ ସୁସଂୱାଦାର୍ଥଂ ୱା ଯୋ ଜନଃ ସଦନଂ ଭ୍ରାତରଂ ଭଗିନୀଂ ପିତରଂ ମାତରଂ ଜାଯାଂ ସନ୍ତାନାନ୍ ଭୂମି ୱା ତ୍ୟକ୍ତ୍ୱା
290a1e0125	ଗୃହଭ୍ରାତୃଭଗିନୀପିତୃମାତୃପତ୍ନୀସନ୍ତାନଭୂମୀନାମିହ ଶତଗୁଣାନ୍ ପ୍ରେତ୍ୟାନନ୍ତାଯୁଶ୍ଚ ନ ପ୍ରାପ୍ନୋତି ତାଦୃଶଃ କୋପି ନାସ୍ତି|
290a1f00c0	କିନ୍ତ୍ୱଗ୍ରୀଯା ଅନେକେ ଲୋକାଃ ଶେଷାଃ, ଶେଷୀଯା ଅନେକେ ଲୋକାଶ୍ଚାଗ୍ରା ଭୱିଷ୍ୟନ୍ତି|
290a200214	ଅଥ ଯିରୂଶାଲମ୍ୟାନକାଲେ ଯୀଶୁସ୍ତେଷାମ୍ ଅଗ୍ରଗାମୀ ବଭୂୱ, ତସ୍ମାତ୍ତେ ଚିତ୍ରଂ ଜ୍ଞାତ୍ୱା ପଶ୍ଚାଦ୍ଗାମିନୋ ଭୂତ୍ୱା ବିଭ୍ୟୁଃ| ତଦା ସ ପୁନ ର୍ଦ୍ୱାଦଶଶିଷ୍ୟାନ୍ ଗୃହୀତ୍ୱା ସ୍ୱୀଯଂ ଯଦ୍ୟଦ୍ ଘଟିଷ୍ୟତେ ତତ୍ତତ୍ ତେଭ୍ୟଃ କଥଯିତୁଂ ପ୍ରାରେଭେ;
290a2101c1	ପଶ୍ୟତ ୱଯଂ ଯିରୂଶାଲମ୍ପୁରଂ ଯାମଃ, ତତ୍ର ମନୁଷ୍ୟପୁତ୍ରଃ ପ୍ରଧାନଯାଜକାନାମ୍ ଉପାଧ୍ୟାଯାନାଞ୍ଚ କରେଷୁ ସମର୍ପଯିଷ୍ୟତେ; ତେ ଚ ୱଧଦଣ୍ଡାଜ୍ଞାଂ ଦାପଯିତ୍ୱା ପରଦେଶୀଯାନାଂ କରେଷୁ ତଂ ସମର୍ପଯିଷ୍ୟନ୍ତି|
290a22010d	ତେ ତମୁପହସ୍ୟ କଶଯା ପ୍ରହୃତ୍ୟ ତଦ୍ୱପୁଷି ନିଷ୍ଠୀୱଂ ନିକ୍ଷିପ୍ୟ ତଂ ହନିଷ୍ୟନ୍ତି, ତତଃ ସ ତୃତୀଯଦିନେ ପ୍ରୋତ୍ଥାସ୍ୟତି|
290a230155	ତତଃ ସିୱଦେଃ ପୁତ୍ରୌ ଯାକୂବ୍ୟୋହନୌ ତଦନ୍ତିକମ୍ ଏତ୍ୟ ପ୍ରୋଚତୁଃ, ହେ ଗୁରୋ ଯଦ୍ ଆୱାଭ୍ୟାଂ ଯାଚିଷ୍ୟତେ ତଦସ୍ମଦର୍ଥଂ ଭୱାନ୍ କରୋତୁ ନିୱେଦନମିଦମାୱଯୋଃ|
290a24009b	ତତଃ ସ କଥିତୱାନ୍, ଯୁୱାଂ କିମିଚ୍ଛଥଃ? କିଂ ମଯା ଯୁଷ୍ମଦର୍ଥଂ କରଣୀଯଂ?
290a250104	ତଦା ତୌ ପ୍ରୋଚତୁଃ, ଆୱଯୋରେକଂ ଦକ୍ଷିଣପାର୍ଶ୍ୱେ ୱାମପାର୍ଶ୍ୱେ ଚୈକଂ ତୱୈଶ୍ୱର୍ୟ୍ୟପଦେ ସମୁପୱେଷ୍ଟୁମ୍ ଆଜ୍ଞାପଯ|
290a260234	କିନ୍ତୁ ଯୀଶୁଃ ପ୍ରତ୍ୟୁୱାଚ ଯୁୱାମଜ୍ଞାତ୍ୱେଦଂ ପ୍ରାର୍ଥଯେଥେ, ଯେନ କଂସେନାହଂ ପାସ୍ୟାମି ତେନ ଯୁୱାଭ୍ୟାଂ କିଂ ପାତୁଂ ଶକ୍ଷ୍ୟତେ? ଯସ୍ମିନ୍ ମଜ୍ଜନେନାହଂ ମଜ୍ଜିଷ୍ୟେ ତନ୍ମଜ୍ଜନେ ମଜ୍ଜଯିତୁଂ କିଂ ଯୁୱାଭ୍ୟାଂ ଶକ୍ଷ୍ୟତେ? ତୌ ପ୍ରତ୍ୟୂଚତୁଃ ଶକ୍ଷ୍ୟତେ|
290a270139	ତଦା ଯୀଶୁରୱଦତ୍ ଯେନ କଂସେନାହଂ ପାସ୍ୟାମି ତେନାୱଶ୍ୟଂ ଯୁୱାମପି ପାସ୍ୟଥଃ, ଯେନ ମଜ୍ଜନେନ ଚାହଂ ମଜ୍ଜିଯ୍ୟେ ତତ୍ର ଯୁୱାମପି ମଜ୍ଜିଷ୍ୟେଥେ|
290a28013e	କିନ୍ତୁ ଯେଷାମର୍ଥମ୍ ଇଦଂ ନିରୂପିତଂ, ତାନ୍ ୱିହାଯାନ୍ୟଂ କମପି ମମ ଦକ୍ଷିଣପାର୍ଶ୍ୱେ ୱାମପାର୍ଶ୍ୱେ ୱା ସମୁପୱେଶଯିତୁଂ ମମାଧିକାରୋ ନାସ୍ତି|
290a2900a5	ଅଥାନ୍ୟଦଶଶିଷ୍ୟା ଇମାଂ କଥାଂ ଶ୍ରୁତ୍ୱା ଯାକୂବ୍ୟୋହନ୍ଭ୍ୟାଂ ଚୁକୁପୁଃ|
290a2a01c3	କିନ୍ତୁ ଯୀଶୁସ୍ତାନ୍ ସମାହୂଯ ବଭାଷେ, ଅନ୍ୟଦେଶୀଯାନାଂ ରାଜତ୍ୱଂ ଯେ କୁର୍ୱ୍ୱନ୍ତି ତେ ତେଷାମେୱ ପ୍ରଭୁତ୍ୱଂ କୁର୍ୱ୍ୱନ୍ତି, ତଥା ଯେ ମହାଲୋକାସ୍ତେ ତେଷାମ୍ ଅଧିପତିତ୍ୱଂ କୁର୍ୱ୍ୱନ୍ତୀତି ଯୂଯଂ ଜାନୀଥ|
290a2b010f	କିନ୍ତୁ ଯୁଷ୍ମାକଂ ମଧ୍ୟେ ନ ତଥା ଭୱିଷ୍ୟତି, ଯୁଷ୍ମାକଂ ମଧ୍ୟେ ଯଃ ପ୍ରାଧାନ୍ୟଂ ୱାଞ୍ଛତି ସ ଯୁଷ୍ମାକଂ ସେୱକୋ ଭୱିଷ୍ୟତି,
290a2c00a7	ଯୁଷ୍ମାକଂ ଯୋ ମହାନ୍ ଭୱିତୁମିଚ୍ଛତି ସ ସର୍ୱ୍ୱେଷାଂ କିଙ୍କରୋ ଭୱିଷ୍ୟତି|
290a2d0125	ଯତୋ ମନୁଷ୍ୟପୁତ୍ରଃ ସେୱ୍ୟୋ ଭୱିତୁଂ ନାଗତଃ ସେୱାଂ କର୍ତ୍ତାଂ ତଥାନେକେଷାଂ ପରିତ୍ରାଣସ୍ୟ ମୂଲ୍ୟରୂପସ୍ୱପ୍ରାଣଂ ଦାତୁଞ୍ଚାଗତଃ|
290a2e0189	ଅଥ ତେ ଯିରୀହୋନଗରଂ ପ୍ରାପ୍ତାସ୍ତସ୍ମାତ୍ ଶିଷ୍ୟୈ ର୍ଲୋକୈଶ୍ଚ ସହ ଯୀଶୋ ର୍ଗମନକାଲେ ଟୀମଯସ୍ୟ ପୁତ୍ରୋ ବର୍ଟୀମଯନାମା ଅନ୍ଧସ୍ତନ୍ମାର୍ଗପାର୍ଶ୍ୱେ ଭିକ୍ଷାର୍ଥମ୍ ଉପୱିଷ୍ଟଃ|
290a2f0100	ସ ନାସରତୀଯସ୍ୟ ଯୀଶୋରାଗମନୱାର୍ତ୍ତାଂ ପ୍ରାପ୍ୟ ପ୍ରୋଚୈ ର୍ୱକ୍ତୁମାରେଭେ, ହେ ଯୀଶୋ ଦାଯୂଦଃ ସନ୍ତାନ ମାଂ ଦଯସ୍ୱ|
290a300110	ତତୋନେକେ ଲୋକା ମୌନୀଭୱେତି ତଂ ତର୍ଜଯାମାସୁଃ, କିନ୍ତୁ ସ ପୁନରଧିକମୁଚ୍ଚୈ ର୍ଜଗାଦ, ହେ ଯୀଶୋ ଦାଯୂଦଃ ସନ୍ତାନ ମାଂ ଦଯସ୍ୱ|
290a31012b	ତଦା ଯୀଶୁଃ ସ୍ଥିତ୍ୱା ତମାହ୍ୱାତୁଂ ସମାଦିଦେଶ, ତତୋ ଲୋକାସ୍ତମନ୍ଧମାହୂଯ ବଭାଷିରେ, ହେ ନର, ସ୍ଥିରୋ ଭୱ, ଉତ୍ତିଷ୍ଠ, ସ ତ୍ୱାମାହ୍ୱଯତି|
290a32009b	ତଦା ସ ଉତ୍ତରୀଯୱସ୍ତ୍ରଂ ନିକ୍ଷିପ୍ୟ ପ୍ରୋତ୍ଥାଯ ଯୀଶୋଃ ସମୀପଂ ଗତଃ|
290a33012b	ତତୋ ଯୀଶୁସ୍ତମୱଦତ୍ ତ୍ୱଯା କିଂ ପ୍ରାର୍ଥ୍ୟତେ? ତୁଭ୍ୟମହଂ କିଂ କରିଷ୍ୟାମୀ? ତଦା ସୋନ୍ଧସ୍ତମୁୱାଚ, ହେ ଗୁରୋ ମଦୀଯା ଦୃଷ୍ଟିର୍ଭୱେତ୍|
290a340136	ତତୋ ଯୀଶୁସ୍ତମୁୱାଚ ଯାହି ତୱ ୱିଶ୍ୱାସସ୍ତ୍ୱାଂ ସ୍ୱସ୍ଥମକାର୍ଷୀତ୍, ତସ୍ମାତ୍ ତତ୍କ୍ଷଣଂ ସ ଦୃଷ୍ଟିଂ ପ୍ରାପ୍ୟ ପଥା ଯୀଶୋଃ ପଶ୍ଚାଦ୍ ଯଯୌ|
290b01016e	ଅନନ୍ତରଂ ତେଷୁ ଯିରୂଶାଲମଃ ସମୀପସ୍ଥଯୋ ର୍ବୈତ୍ଫଗୀବୈଥନୀଯପୁରଯୋରନ୍ତିକସ୍ଥଂ ଜୈତୁନନାମାଦ୍ରିମାଗତେଷୁ ଯୀଶୁଃ ପ୍ରେଷଣକାଲେ ଦ୍ୱୌ ଶିଷ୍ୟାୱିଦଂ ୱାକ୍ୟଂ ଜଗାଦ,
290b02011f	ଯୁୱାମମୁଂ ସମ୍ମୁଖସ୍ଥଂ ଗ୍ରାମଂ ଯାତଂ, ତତ୍ର ପ୍ରୱିଶ୍ୟ ଯୋ ନରଂ ନାୱହତ୍ ତଂ ଗର୍ଦ୍ଦଭଶାୱକଂ ଦ୍ରକ୍ଷ୍ୟଥସ୍ତଂ ମୋଚଯିତ୍ୱାନଯତଂ|
290b030159	କିନ୍ତୁ ଯୁୱାଂ କର୍ମ୍ମେଦଂ କୁତଃ କୁରୁଥଃ? କଥାମିମାଂ ଯଦି କୋପି ପୃଚ୍ଛତି ତର୍ହି ପ୍ରଭୋରତ୍ର ପ୍ରଯୋଜନମସ୍ତୀତି କଥିତେ ସ ଶୀଘ୍ରଂ ତମତ୍ର ପ୍ରେଷଯିଷ୍ୟତି|
290b0400ee	ତତସ୍ତୌ ଗତ୍ୱା ଦ୍ୱିମାର୍ଗମେଲନେ କସ୍ୟଚିଦ୍ ଦ୍ୱାରସ୍ୟ ପାର୍ଶ୍ୱେ ତଂ ଗର୍ଦ୍ଦଭଶାୱକଂ ପ୍ରାପ୍ୟ ମୋଚଯତଃ,
290b0500bf	ଏତର୍ହି ତତ୍ରୋପସ୍ଥିତଲୋକାନାଂ କଶ୍ଚିଦ୍ ଅପୃଚ୍ଛତ୍, ଗର୍ଦ୍ଦଭଶିଶୁଂ କୁତୋ ମୋଚଯଥଃ?
290b0600c7	ତଦା ଯୀଶୋରାଜ୍ଞାନୁସାରେଣ ତେଭ୍ୟଃ ପ୍ରତ୍ୟୁଦିତେ ତତ୍କ୍ଷଣଂ ତମାଦାତୁଂ ତେଽନୁଜଜ୍ଞୁଃ|
290b070107	ଅଥ ତୌ ଯୀଶୋଃ ସନ୍ନିଧିଂ ଗର୍ଦ୍ଦଭଶିଶୁମ୍ ଆନୀଯ ତଦୁପରି ସ୍ୱୱସ୍ତ୍ରାଣି ପାତଯାମାସତୁଃ; ତତଃ ସ ତଦୁପରି ସମୁପୱିଷ୍ଟଃ|
290b0800cc	ତଦାନେକେ ପଥି ସ୍ୱୱାସାଂସି ପାତଯାମାସୁଃ, ପରୈଶ୍ଚ ତରୁଶାଖାଶ୍ଛିତୱା ମାର୍ଗେ ୱିକୀର୍ଣାଃ|
290b09013e	ଅପରଞ୍ଚ ପଶ୍ଚାଦ୍ଗାମିନୋଽଗ୍ରଗାମିନଶ୍ଚ ସର୍ୱ୍ୱେ ଜନା ଉଚୈଃସ୍ୱରେଣ ୱକ୍ତୁମାରେଭିରେ, ଜଯ ଜଯ ଯଃ ପରମେଶ୍ୱରସ୍ୟ ନାମ୍ନାଗଚ୍ଛତି ସ ଧନ୍ୟ ଇତି|
290b0a0157	ତଥାସ୍ମାକମଂ ପୂର୍ୱ୍ୱପୁରୁଷସ୍ୟ ଦାଯୂଦୋ ଯଦ୍ରାଜ୍ୟଂ ପରମେଶ୍ୱରନାମ୍ନାଯାତି ତଦପି ଧନ୍ୟଂ, ସର୍ୱ୍ୱସ୍ମାଦୁଚ୍ଛ୍ରାଯେ ସ୍ୱର୍ଗେ ଈଶ୍ୱରସ୍ୟ ଜଯୋ ଭୱେତ୍|
290b0b0175	ଇତ୍ଥଂ ଯୀଶୁ ର୍ୟିରୂଶାଲମି ମନ୍ଦିରଂ ପ୍ରୱିଶ୍ୟ ଚତୁର୍ଦିକ୍ସ୍ଥାନି ସର୍ୱ୍ୱାଣି ୱସ୍ତୂନି ଦୃଷ୍ଟୱାନ୍; ଅଥ ସାଯଂକାଲ ଉପସ୍ଥିତେ ଦ୍ୱାଦଶଶିଷ୍ୟସହିତୋ ବୈଥନିଯଂ ଜଗାମ|
290b0c007d	ଅପରେହନି ବୈଥନିଯାଦ୍ ଆଗମନସମଯେ କ୍ଷୁଧାର୍ତ୍ତୋ ବଭୂୱ|
290b0d01e7	ତତୋ ଦୂରେ ସପତ୍ରମୁଡୁମ୍ବରପାଦପଂ ୱିଲୋକ୍ୟ ତତ୍ର କିଞ୍ଚିତ୍ ଫଲଂ ପ୍ରାପ୍ତୁଂ ତସ୍ୟ ସନ୍ନିକୃଷ୍ଟଂ ଯଯୌ, ତଦାନୀଂ ଫଲପାତନସ୍ୟ ସମଯୋ ନାଗଚ୍ଛତି| ତତସ୍ତତ୍ରୋପସ୍ଥିତଃ ପତ୍ରାଣି ୱିନା କିମପ୍ୟପରଂ ନ ପ୍ରାପ୍ୟ ସ କଥିତୱାନ୍,
290b0e00cf	ଅଦ୍ୟାରଭ୍ୟ କୋପି ମାନୱସ୍ତ୍ୱତ୍ତଃ ଫଲଂ ନ ଭୁଞ୍ଜୀତ; ଇମାଂ କଥାଂ ତସ୍ୟ ଶିଷ୍ୟାଃ ଶୁଶ୍ରୁୱୁଃ|
290b0f01d9	ତଦନନ୍ତରଂ ତେଷୁ ଯିରୂଶାଲମମାଯାତେଷୁ ଯୀଶୁ ର୍ମନ୍ଦିରଂ ଗତ୍ୱା ତତ୍ରସ୍ଥାନାଂ ବଣିଜାଂ ମୁଦ୍ରାସନାନି ପାରାୱତୱିକ୍ରେତୃଣାମ୍ ଆସନାନି ଚ ନ୍ୟୁବ୍ଜଯାଞ୍ଚକାର ସର୍ୱ୍ୱାନ୍ କ୍ରେତୃନ୍ ୱିକ୍ରେତୃଂଶ୍ଚ ବହିଶ୍ଚକାର|
290b1000a0	ଅପରଂ ମନ୍ଦିରମଧ୍ୟେନ କିମପି ପାତ୍ରଂ ୱୋଢୁଂ ସର୍ୱ୍ୱଜନଂ ନିୱାରଯାମାସ|
290b1101a9	ଲୋକାନୁପଦିଶନ୍ ଜଗାଦ, ମମ ଗୃହଂ ସର୍ୱ୍ୱଜାତୀଯାନାଂ ପ୍ରାର୍ଥନାଗୃହମ୍ ଇତି ନାମ୍ନା ପ୍ରଥିତଂ ଭୱିଷ୍ୟତି ଏତତ୍ କିଂ ଶାସ୍ତ୍ରେ ଲିଖିତଂ ନାସ୍ତି? କିନ୍ତୁ ଯୂଯଂ ତଦେୱ ଚୋରାଣାଂ ଗହ୍ୱରଂ କୁରୁଥ|
290b1201b2	ଇମାଂ ୱାଣୀଂ ଶ୍ରୁତ୍ୱାଧ୍ୟାପକାଃ ପ୍ରଧାନଯାଜକାଶ୍ଚ ତଂ ଯଥା ନାଶଯିତୁଂ ଶକ୍ନୁୱନ୍ତି ତଥୋପାଯଂ ମୃଗଯାମାସୁଃ, କିନ୍ତୁ ତସ୍ୟୋପଦେଶାତ୍ ସର୍ୱ୍ୱେ ଲୋକା ୱିସ୍ମଯଂ ଗତା ଅତସ୍ତେ ତସ୍ମାଦ୍ ବିଭ୍ୟୁଃ|
290b13007d	ଅଥ ସାଯଂସମଯ ଉପସ୍ଥିତେ ଯୀଶୁର୍ନଗରାଦ୍ ବହିର୍ୱୱ୍ରାଜ|
290b1400de	ଅନନ୍ତରଂ ପ୍ରାତଃକାଲେ ତେ ତେନ ମାର୍ଗେଣ ଗଚ୍ଛନ୍ତସ୍ତମୁଡୁମ୍ବରମହୀରୁହଂ ସମୂଲଂ ଶୁଷ୍କଂ ଦଦୃଶୁଃ|
290b150107	ତତଃ ପିତରଃ ପୂର୍ୱ୍ୱୱାକ୍ୟଂ ସ୍ମରନ୍ ଯୀଶୁଂ ବଭାଷଂ, ହେ ଗୁରୋ ପଶ୍ୟତୁ ଯ ଉଡୁମ୍ବରୱିଟପୀ ଭୱତା ଶପ୍ତଃ ସ ଶୁଷ୍କୋ ବଭୂୱ|
290b160078	ତତୋ ଯୀଶୁଃ ପ୍ରତ୍ୟୱାଦୀତ୍, ଯୂଯମୀଶ୍ୱରେ ୱିଶ୍ୱସିତ|
290b1701f8	ଯୁଷ୍ମାନହଂ ଯଥାର୍ଥଂ ୱଦାମି କୋପି ଯଦ୍ୟେତଦ୍ଗିରିଂ ୱଦତି, ତ୍ୱମୁତ୍ଥାଯ ଗତ୍ୱା ଜଲଧୌ ପତ, ପ୍ରୋକ୍ତମିଦଂ ୱାକ୍ୟମୱଶ୍ୟଂ ଘଟିଷ୍ୟତେ, ମନସା କିମପି ନ ସନ୍ଦିହ୍ୟ ଚେଦିଦଂ ୱିଶ୍ୱସେତ୍ ତର୍ହି ତସ୍ୟ ୱାକ୍ୟାନୁସାରେଣ ତଦ୍ ଘଟିଷ୍ୟତେ|
290b180141	ଅତୋ ହେତୋରହଂ ଯୁଷ୍ମାନ୍ ୱଚ୍ମି, ପ୍ରାର୍ଥନାକାଲେ ଯଦ୍ୟଦାକାଂକ୍ଷିଷ୍ୟଧ୍ୱେ ତତ୍ତଦୱଶ୍ୟଂ ପ୍ରାପ୍ସ୍ୟଥ, ଇତ୍ଥଂ ୱିଶ୍ୱସିତ, ତତଃ ପ୍ରାପ୍ସ୍ୟଥ|
290b1901ad	ଅପରଞ୍ଚ ଯୁଷ୍ମାସୁ ପ୍ରାର୍ଥଯିତୁଂ ସମୁତ୍ଥିତେଷୁ ଯଦି କୋପି ଯୁଷ୍ମାକମ୍ ଅପରାଧୀ ତିଷ୍ଠତି, ତର୍ହି ତଂ କ୍ଷମଧ୍ୱଂ, ତଥା କୃତେ ଯୁଷ୍ମାକଂ ସ୍ୱର୍ଗସ୍ଥଃ ପିତାପି ଯୁଷ୍ମାକମାଗାଂମି କ୍ଷମିଷ୍ୟତେ|
290b1a00d1	କିନ୍ତୁ ଯଦି ନ କ୍ଷମଧ୍ୱେ ତର୍ହି ୱଃ ସ୍ୱର୍ଗସ୍ଥଃ ପିତାପି ଯୁଷ୍ମାକମାଗାଂସି ନ କ୍ଷମିଷ୍ୟତେ|
290b1b01a5	ଅନନ୍ତରଂ ତେ ପୁନ ର୍ୟିରୂଶାଲମଂ ପ୍ରୱିୱିଶୁଃ, ଯୀଶୁ ର୍ୟଦା ମଧ୍ୟେମନ୍ଦିରମ୍ ଇତସ୍ତତୋ ଗଚ୍ଛତି, ତଦାନୀଂ ପ୍ରଧାନଯାଜକା ଉପାଧ୍ୟାଯାଃ ପ୍ରାଞ୍ଚଶ୍ଚ ତଦନ୍ତିକମେତ୍ୟ କଥାମିମାଂ ପପ୍ରଚ୍ଛୁଃ,
290b1c00d8	ତ୍ୱଂ କେନାଦେଶେନ କର୍ମ୍ମାଣ୍ୟେତାନି କରୋଷି? ତଥୈତାନି କର୍ମ୍ମାଣି କର୍ତ୍ତାଂ କେନାଦିଷ୍ଟୋସି?
290b1d0195	ତତୋ ଯୀଶୁଃ ପ୍ରତିଗଦିତୱାନ୍ ଅହମପି ଯୁଷ୍ମାନ୍ ଏକକଥାଂ ପୃଚ୍ଛାମି, ଯଦି ଯୂଯଂ ତସ୍ୟା ଉତ୍ତରଂ କୁରୁଥ, ତର୍ହି କଯାଜ୍ଞଯାହଂ କର୍ମ୍ମାଣ୍ୟେତାନି କରୋମି ତଦ୍ ଯୁଷ୍ମଭ୍ୟଂ କଥଯିଷ୍ୟାମି|
290b1e0093	ଯୋହନୋ ମଜ୍ଜନମ୍ ଈଶ୍ୱରାତ୍ ଜାତଂ କିଂ ମାନୱାତ୍? ତନ୍ମହ୍ୟଂ କଥଯତ|
290b1f0127	ତେ ପରସ୍ପରଂ ୱିୱେକ୍ତୁଂ ପ୍ରାରେଭିରେ, ତଦ୍ ଈଶ୍ୱରାଦ୍ ବଭୂୱେତି ଚେଦ୍ ୱଦାମସ୍ତର୍ହି କୁତସ୍ତଂ ନ ପ୍ରତ୍ୟୈତ? କଥମେତାଂ କଥଯିଷ୍ୟତି|
290b20011e	ମାନୱାଦ୍ ଅଭୱଦିତି ଚେଦ୍ ୱଦାମସ୍ତର୍ହି ଲୋକେଭ୍ୟୋ ଭଯମସ୍ତି ଯତୋ ହେତୋଃ ସର୍ୱ୍ୱେ ଯୋହନଂ ସତ୍ୟଂ ଭୱିଷ୍ୟଦ୍ୱାଦିନଂ ମନ୍ୟନ୍ତେ|
290b210171	ଅତଏୱ ତେ ଯୀଶୁଂ ପ୍ରତ୍ୟୱାଦିଷୁ ର୍ୱଯଂ ତଦ୍ ୱକ୍ତୁଂ ନ ଶକ୍ନୁମଃ| ଯୀଶୁରୁୱାଚ, ତର୍ହି ଯେନାଦେଶେନ କର୍ମ୍ମାଣ୍ୟେତାନି କରୋମି, ଅହମପି ଯୁଷ୍ମଭ୍ୟଂ ତନ୍ନ କଥଯିଷ୍ୟାମି|
290c010268	ଅନନ୍ତରଂ ଯୀଶୁ ର୍ଦୃଷ୍ଟାନ୍ତେନ ତେଭ୍ୟଃ କଥଯିତୁମାରେଭେ, କଶ୍ଚିଦେକୋ ଦ୍ରାକ୍ଷାକ୍ଷେତ୍ରଂ ୱିଧାଯ ତଚ୍ଚତୁର୍ଦିକ୍ଷୁ ୱାରଣୀଂ କୃତ୍ୱା ତନ୍ମଧ୍ୟେ ଦ୍ରାକ୍ଷାପେଷଣକୁଣ୍ଡମ୍ ଅଖନତ୍, ତଥା ତସ୍ୟ ଗଡମପି ନିର୍ମ୍ମିତୱାନ୍ ତତସ୍ତତ୍କ୍ଷେତ୍ରଂ କୃଷୀୱଲେଷୁ ସମର୍ପ୍ୟ ଦୂରଦେଶଂ ଜଗାମ|
290c020106	ତଦନନ୍ତରଂ ଫଲକାଲେ କୃଷୀୱଲେଭ୍ୟୋ ଦ୍ରାକ୍ଷାକ୍ଷେତ୍ରଫଲାନି ପ୍ରାପ୍ତୁଂ ତେଷାଂ ସୱିଧେ ଭୃତ୍ୟମ୍ ଏକଂ ପ୍ରାହିଣୋତ୍|
290c030099	କିନ୍ତୁ କୃଷୀୱଲାସ୍ତଂ ଧୃତ୍ୱା ପ୍ରହୃତ୍ୟ ରିକ୍ତହସ୍ତଂ ୱିସସୃଜୁଃ|
290c040126	ତତଃ ସ ପୁନରନ୍ୟମେକଂ ଭୃତ୍ୟଂ ପ୍ରଷଯାମାସ, କିନ୍ତୁ ତେ କୃଷୀୱଲାଃ ପାଷାଣାଘାତୈସ୍ତସ୍ୟ ଶିରୋ ଭଙ୍କ୍ତ୍ୱା ସାପମାନଂ ତଂ ୱ୍ୟସର୍ଜନ୍|
290c050111	ତତଃ ପରଂ ସୋପରଂ ଦାସଂ ପ୍ରାହିଣୋତ୍ ତଦା ତେ ତଂ ଜଘ୍ନୁଃ, ଏୱମ୍ ଅନେକେଷାଂ କସ୍ୟଚିତ୍ ପ୍ରହାରଃ କସ୍ୟଚିଦ୍ ୱଧଶ୍ଚ ତୈଃ କୃତଃ|
290c060157	ତତଃ ପରଂ ମଯା ସ୍ୱପୁତ୍ରେ ପ୍ରହିତେ ତେ ତମୱଶ୍ୟଂ ସମ୍ମଂସ୍ୟନ୍ତେ, ଇତ୍ୟୁକ୍ତ୍ୱାୱଶେଷେ ତେଷାଂ ସନ୍ନିଧୌ ନିଜପ୍ରିଯମ୍ ଅଦ୍ୱିତୀଯଂ ପୁତ୍ରଂ ପ୍ରେଷଯାମାସ|
290c07011d	କିନ୍ତୁ କୃଷୀୱଲାଃ ପରସ୍ପରଂ ଜଗଦୁଃ, ଏଷ ଉତ୍ତରାଧିକାରୀ, ଆଗଚ୍ଛତ ୱଯମେନଂ ହନ୍ମସ୍ତଥା କୃତେ ଽଧିକାରୋଯମ୍ ଅସ୍ମାକଂ ଭୱିଷ୍ୟତି|
290c08009c	ତତସ୍ତଂ ଧୃତ୍ୱା ହତ୍ୱା ଦ୍ରାକ୍ଷାକ୍ଷେତ୍ରାଦ୍ ବହିଃ ପ୍ରାକ୍ଷିପନ୍|
290c09013d	ଅନେନାସୌ ଦ୍ରାକ୍ଷାକ୍ଷେତ୍ରପତିଃ କିଂ କରିଷ୍ୟତି? ସ ଏତ୍ୟ ତାନ୍ କୃଷୀୱଲାନ୍ ସଂହତ୍ୟ ତତ୍କ୍ଷେତ୍ରମ୍ ଅନ୍ୟେଷୁ କୃଷୀୱଲେଷୁ ସମର୍ପଯିଷ୍ୟତି|
290c0a00ef	ଅପରଞ୍ଚ, "ସ୍ଥପତଯଃ କରିଷ୍ୟନ୍ତି ଗ୍ରାୱାଣଂ ଯନ୍ତୁ ତୁଚ୍ଛକଂ| ପ୍ରାଧାନପ୍ରସ୍ତରଃ କୋଣେ ସ ଏୱ ସଂଭୱିଷ୍ୟତି|
290c0b00f4	ଏତତ୍ କର୍ମ୍ମ ପରେଶସ୍ୟାଂଦ୍ଭୁତଂ ନୋ ଦୃଷ୍ଟିତୋ ଭୱେତ୍|| " ଇମାଂ ଶାସ୍ତ୍ରୀଯାଂ ଲିପିଂ ଯୂଯଂ କିଂ ନାପାଠିଷ୍ଟ?
290c0c0178	ତଦାନୀଂ ସ ତାନୁଦ୍ଦିଶ୍ୟ ତାଂ ଦୃଷ୍ଟାନ୍ତକଥାଂ କଥିତୱାନ୍, ତ ଇତ୍ଥଂ ବୁଦ୍ୱ୍ୱା ତଂ ଧର୍ତ୍ତାମୁଦ୍ୟତାଃ, କିନ୍ତୁ ଲୋକେଭ୍ୟୋ ବିଭ୍ୟୁଃ, ତଦନନ୍ତରଂ ତେ ତଂ ୱିହାଯ ୱୱ୍ରଜୁଃ|
290c0d0104	ଅପରଞ୍ଚ ତେ ତସ୍ୟ ୱାକ୍ୟଦୋଷଂ ଧର୍ତ୍ତାଂ କତିପଯାନ୍ ଫିରୂଶିନୋ ହେରୋଦୀଯାଂଶ୍ଚ ଲୋକାନ୍ ତଦନ୍ତିକଂ ପ୍ରେଷଯାମାସୁଃ|
290c0e01ce	ତ ଆଗତ୍ୟ ତମୱଦନ୍, ହେ ଗୁରୋ ଭୱାନ୍ ତଥ୍ୟଭାଷୀ କସ୍ୟାପ୍ୟନୁରୋଧଂ ନ ମନ୍ୟତେ, ପକ୍ଷପାତଞ୍ଚ ନ କରୋତି, ଯଥାର୍ଥତ ଈଶ୍ୱରୀଯଂ ମାର୍ଗଂ ଦର୍ଶଯତି ୱଯମେତତ୍ ପ୍ରଜାନୀମଃ, କୈସରାଯ କରୋ ଦେଯୋ ନ ୱାଂ? ୱଯଂ ଦାସ୍ୟାମୋ ନ ୱା?
290c0f00eb	କିନ୍ତୁ ସ ତେଷାଂ କପଟଂ ଜ୍ଞାତ୍ୱା ଜଗାଦ, କୁତୋ ମାଂ ପରୀକ୍ଷଧ୍ୱେ? ଏକଂ ମୁଦ୍ରାପାଦଂ ସମାନୀଯ ମାଂ ଦର୍ଶଯତ|
290c100124	ତଦା ତୈରେକସ୍ମିନ୍ ମୁଦ୍ରାପାଦେ ସମାନୀତେ ସ ତାନ୍ ପପ୍ରଚ୍ଛ, ଅତ୍ର ଲିଖିତଂ ନାମ ମୂର୍ତ୍ତି ର୍ୱା କସ୍ୟ? ତେ ପ୍ରତ୍ୟୂଚୁଃ, କୈସରସ୍ୟ|
290c110125	ତଦା ଯୀଶୁରୱଦତ୍ ତର୍ହି କୈସରସ୍ୟ ଦ୍ରୱ୍ୟାଣି କୈସରାଯ ଦତ୍ତ, ଈଶ୍ୱରସ୍ୟ ଦ୍ରୱ୍ୟାଣି ତୁ ଈଶ୍ୱରାଯ ଦତ୍ତ; ତତସ୍ତେ ୱିସ୍ମଯଂ ମେନିରେ|
290c1200c8	ଅଥ ମୃତାନାମୁତ୍ଥାନଂ ଯେ ନ ମନ୍ୟନ୍ତେ ତେ ସିଦୂକିନୋ ଯୀଶୋଃ ସମୀପମାଗତ୍ୟ ତଂ ପପ୍ରଚ୍ଛୁଃ;
290c1301ef	ହେ ଗୁରୋ କଶ୍ଚିଜ୍ଜନୋ ଯଦି ନିଃସନ୍ତତିଃ ସନ୍ ଭାର୍ୟ୍ୟାଯାଂ ସତ୍ୟାଂ ମ୍ରିଯତେ ତର୍ହି ତସ୍ୟ ଭ୍ରାତା ତସ୍ୟ ଭାର୍ୟ୍ୟାଂ ଗୃହୀତ୍ୱା ଭ୍ରାତୁ ର୍ୱଂଶୋତ୍ପତ୍ତିଂ କରିଷ୍ୟତି, ୱ୍ୟୱସ୍ଥାମିମାଂ ମୂସା ଅସ୍ମାନ୍ ପ୍ରତି ୱ୍ୟଲିଖତ୍|
290c1400ea	କିନ୍ତୁ କେଚିତ୍ ସପ୍ତ ଭ୍ରାତର ଆସନ୍, ତତସ୍ତେଷାଂ ଜ୍ୟେଷ୍ଠଭ୍ରାତା ୱିୱହ୍ୟ ନିଃସନ୍ତତିଃ ସନ୍ ଅମ୍ରିଯତ|
290c15011d	ତତୋ ଦ୍ୱିତୀଯୋ ଭ୍ରାତା ତାଂ ସ୍ତ୍ରିଯମଗୃହଣତ୍ କିନ୍ତୁ ସୋପି ନିଃସନ୍ତତିଃ ସନ୍ ଅମ୍ରିଯତ; ଅଥ ତୃତୀଯୋପି ଭ୍ରାତା ତାଦୃଶୋଭୱତ୍|
290c160124	ଇତ୍ଥଂ ସପ୍ତୈୱ ଭ୍ରାତରସ୍ତାଂ ସ୍ତ୍ରିଯଂ ଗୃହୀତ୍ୱା ନିଃସନ୍ତାନାଃ ସନ୍ତୋଽମ୍ରିଯନ୍ତ, ସର୍ୱ୍ୱଶେଷେ ସାପି ସ୍ତ୍ରୀ ମ୍ରିଯତେ ସ୍ମ|
290c170115	ଅଥ ମୃତାନାମୁତ୍ଥାନକାଲେ ଯଦା ତ ଉତ୍ଥାସ୍ୟନ୍ତି ତଦା ତେଷାଂ କସ୍ୟ ଭାର୍ୟ୍ୟା ସା ଭୱିଷ୍ୟତି? ଯତସ୍ତେ ସପ୍ତୈୱ ତାଂ ୱ୍ୟୱହନ୍|
290c1800c8	ତତୋ ଯୀଶୁଃ ପ୍ରତ୍ୟୁୱାଚ ଶାସ୍ତ୍ରମ୍ ଈଶ୍ୱରଶକ୍ତିଞ୍ଚ ଯୂଯମଜ୍ଞାତ୍ୱା କିମଭ୍ରାମ୍ୟତ ନ?
290c190104	ମୃତଲୋକାନାମୁତ୍ଥାନଂ ସତି ତେ ନ ୱିୱହନ୍ତି ୱାଗ୍ଦତ୍ତା ଅପି ନ ଭୱନ୍ତି, କିନ୍ତୁ ସ୍ୱର୍ଗୀଯଦୂତାନାଂ ସଦୃଶା ଭୱନ୍ତି|
290c1a01e5	ପୁନଶ୍ଚ "ଅହମ୍ ଇବ୍ରାହୀମ ଈଶ୍ୱର ଇସ୍ହାକ ଈଶ୍ୱରୋ ଯାକୂବଶ୍ଚେଶ୍ୱରଃ" ଯାମିମାଂ କଥାଂ ସ୍ତମ୍ବମଧ୍ୟେ ତିଷ୍ଠନ୍ ଈଶ୍ୱରୋ ମୂସାମୱାଦୀତ୍ ମୃତାନାମୁତ୍ଥାନାର୍ଥେ ସା କଥା ମୂସାଲିଖିତେ ପୁସ୍ତକେ କିଂ ଯୁଷ୍ମାଭି ର୍ନାପାଠି?
290c1b00ee	ଈଶ୍ୱରୋ ଜୀୱତାଂ ପ୍ରଭୁଃ କିନ୍ତୁ ମୃତାନାଂ ପ୍ରଭୁ ର୍ନ ଭୱତି, ତସ୍ମାଦ୍ଧେତୋ ର୍ୟୂଯଂ ମହାଭ୍ରମେଣ ତିଷ୍ଠଥ|
290c1c01cd	ଏତର୍ହି ଏକୋଧ୍ୟାପକ ଏତ୍ୟ ତେଷାମିତ୍ଥଂ ୱିଚାରଂ ଶୁଶ୍ରାୱ; ଯୀଶୁସ୍ତେଷାଂ ୱାକ୍ୟସ୍ୟ ସଦୁତ୍ତରଂ ଦତ୍ତୱାନ୍ ଇତି ବୁଦ୍ୱ୍ୱା ତଂ ପୃଷ୍ଟୱାନ୍ ସର୍ୱ୍ୱାସାମ୍ ଆଜ୍ଞାନାଂ କା ଶ୍ରେଷ୍ଠା? ତତୋ ଯୀଶୁଃ ପ୍ରତ୍ୟୁୱାଚ,
290c1d0094	"ହେ ଇସ୍ରାଯେଲ୍ଲୋକା ଅୱଧତ୍ତ, ଅସ୍ମାକଂ ପ୍ରଭୁଃ ପରମେଶ୍ୱର ଏକ ଏୱ,
290c1e0151	ଯୂଯଂ ସର୍ୱ୍ୱନ୍ତଃକରଣୈଃ ସର୍ୱ୍ୱପ୍ରାଣୈଃ ସର୍ୱ୍ୱଚିତ୍ତୈଃ ସର୍ୱ୍ୱଶକ୍ତିଭିଶ୍ଚ ତସ୍ମିନ୍ ପ୍ରଭୌ ପରମେଶ୍ୱରେ ପ୍ରୀଯଧ୍ୱଂ," ଇତ୍ୟାଜ୍ଞା ଶ୍ରେଷ୍ଠା|
290c1f017a	ତଥା "ସ୍ୱପ୍ରତିୱାସିନି ସ୍ୱୱତ୍ ପ୍ରେମ କୁରୁଧ୍ୱଂ," ଏଷା ଯା ଦ୍ୱିତୀଯାଜ୍ଞା ସା ତାଦୃଶୀ; ଏତାଭ୍ୟାଂ ଦ୍ୱାଭ୍ୟାମ୍ ଆଜ୍ଞାଭ୍ୟାମ୍ ଅନ୍ୟା କାପ୍ୟାଜ୍ଞା ଶ୍ରେଷ୍ଠା ନାସ୍ତି|
290c20012d	ତଦା ସୋଧ୍ୟାପକସ୍ତମୱଦତ୍, ହେ ଗୁରୋ ସତ୍ୟଂ ଭୱାନ୍ ଯଥାର୍ଥଂ ପ୍ରୋକ୍ତୱାନ୍ ଯତ ଏକସ୍ମାଦ୍ ଈଶ୍ୱରାଦ୍ ଅନ୍ୟୋ ଦ୍ୱିତୀଯ ଈଶ୍ୱରୋ ନାସ୍ତି;
290c2101c8	ଅପରଂ ସର୍ୱ୍ୱାନ୍ତଃକରଣୈଃ ସର୍ୱ୍ୱପ୍ରାଣୈଃ ସର୍ୱ୍ୱଚିତ୍ତୈଃ ସର୍ୱ୍ୱଶକ୍ତିଭିଶ୍ଚ ଈଶ୍ୱରେ ପ୍ରେମକରଣଂ ତଥା ସ୍ୱମୀପୱାସିନି ସ୍ୱୱତ୍ ପ୍ରେମକରଣଞ୍ଚ ସର୍ୱ୍ୱେଭ୍ୟୋ ହୋମବଲିଦାନାଦିଭ୍ୟଃ ଶ୍ରଷ୍ଠଂ ଭୱତି|
290c2201bc	ତତୋ ଯୀଶୁଃ ସୁବୁଦ୍ଧେରିୱ ତସ୍ୟେଦମ୍ ଉତ୍ତରଂ ଶ୍ରୁତ୍ୱା ତଂ ଭାଷିତୱାନ୍ ତ୍ୱମୀଶ୍ୱରସ୍ୟ ରାଜ୍ୟାନ୍ନ ଦୂରୋସି| ଇତଃ ପରଂ ତେନ ସହ କସ୍ୟାପି ୱାକ୍ୟସ୍ୟ ୱିଚାରଂ କର୍ତ୍ତାଂ କସ୍ୟାପି ପ୍ରଗଲ୍ଭତା ନ ଜାତା|
290c230121	ଅନନ୍ତରଂ ମଧ୍ୟେମନ୍ଦିରମ୍ ଉପଦିଶନ୍ ଯୀଶୁରିମଂ ପ୍ରଶ୍ନଂ ଚକାର, ଅଧ୍ୟାପକା ଅଭିଷିକ୍ତଂ (ତାରକଂ) କୁତୋ ଦାଯୂଦଃ ସନ୍ତାନଂ ୱଦନ୍ତି?
290c2401b8	ସ୍ୱଯଂ ଦାଯୂଦ୍ ପୱିତ୍ରସ୍ୟାତ୍ମନ ଆୱେଶେନେଦଂ କଥଯାମାସ| ଯଥା| "ମମ ପ୍ରଭୁମିଦଂ ୱାକ୍ୟୱଦତ୍ ପରମେଶ୍ୱରଃ| ତୱ ଶତ୍ରୂନହଂ ଯାୱତ୍ ପାଦପୀଠଂ କରୋମି ନ| ତାୱତ୍ କାଲଂ ମଦୀଯେ ତ୍ୱଂ ଦକ୍ଷପାର୍ଶ୍ୱ୍ ଉପାୱିଶ| "
290c25010b	ଯଦି ଦାଯୂଦ୍ ତଂ ପ୍ରଭୂଂ ୱଦତି ତର୍ହି କଥଂ ସ ତସ୍ୟ ସନ୍ତାନୋ ଭୱିତୁମର୍ହତି? ଇତରେ ଲୋକାସ୍ତତ୍କଥାଂ ଶ୍ରୁତ୍ୱାନନନ୍ଦୁଃ|
290c2600ae	ତଦାନୀଂ ସ ତାନୁପଦିଶ୍ୟ କଥିତୱାନ୍ ଯେ ନରା ଦୀର୍ଘପରିଧେଯାନି ହଟ୍ଟେ ୱିପନୌ ଚ
290c2700d6	ଲୋକକୃତନମସ୍କାରାନ୍ ଭଜନଗୃହେ ପ୍ରଧାନାସନାନି ଭୋଜନକାଲେ ପ୍ରଧାନସ୍ଥାନାନି ଚ କାଙ୍କ୍ଷନ୍ତେ;
290c28015e	ୱିଧୱାନାଂ ସର୍ୱ୍ୱସ୍ୱଂ ଗ୍ରସିତ୍ୱା ଛଲାଦ୍ ଦୀର୍ଘକାଲଂ ପ୍ରାର୍ଥଯନ୍ତେ ତେଭ୍ୟ ଉପାଧ୍ୟାଯେଭ୍ୟଃ ସାୱଧାନା ଭୱତ; ତେଽଧିକତରାନ୍ ଦଣ୍ଡାନ୍ ପ୍ରାପ୍ସ୍ୟନ୍ତି|
290c290195	ତଦନନ୍ତରଂ ଲୋକା ଭାଣ୍ଡାଗାରେ ମୁଦ୍ରା ଯଥା ନିକ୍ଷିପନ୍ତି ଭାଣ୍ଡାଗାରସ୍ୟ ସମ୍ମୁଖେ ସମୁପୱିଶ୍ୟ ଯୀଶୁସ୍ତଦୱଲୁଲୋକ; ତଦାନୀଂ ବହୱୋ ଧନିନସ୍ତସ୍ୟ ମଧ୍ୟେ ବହୂନି ଧନାନି ନିରକ୍ଷିପନ୍|
290c2a00cc	ପଶ୍ଚାଦ୍ ଏକା ଦରିଦ୍ରା ୱିଧୱା ସମାଗତ୍ୟ ଦ୍ୱିପଣମୂଲ୍ୟାଂ ମୁଦ୍ରୈକାଂ ତତ୍ର ନିରକ୍ଷିପତ୍|
290c2b01b3	ତଦା ଯୀଶୁଃ ଶିଷ୍ୟାନ୍ ଆହୂଯ କଥିତୱାନ୍ ଯୁଷ୍ମାନହଂ ଯଥାର୍ଥଂ ୱଦାମି ଯେ ଯେ ଭାଣ୍ଡାଗାରେଽସ୍ମିନ ଧନାନି ନିଃକ୍ଷିପନ୍ତି ସ୍ମ ତେଭ୍ୟଃ ସର୍ୱ୍ୱେଭ୍ୟ ଇଯଂ ୱିଧୱା ଦରିଦ୍ରାଧିକମ୍ ନିଃକ୍ଷିପତି ସ୍ମ|
290c2c0144	ଯତସ୍ତେ ପ୍ରଭୂତଧନସ୍ୟ କିଞ୍ଚିତ୍ ନିରକ୍ଷିପନ୍ କିନ୍ତୁ ଦୀନେଯଂ ସ୍ୱଦିନଯାପନଯୋଗ୍ୟଂ କିଞ୍ଚିଦପି ନ ସ୍ଥାପଯିତ୍ୱା ସର୍ୱ୍ୱସ୍ୱଂ ନିରକ୍ଷିପତ୍|
290d010131	ଅନନ୍ତରଂ ମନ୍ଦିରାଦ୍ ବହିର୍ଗମନକାଲେ ତସ୍ୟ ଶିଷ୍ୟାଣାମେକସ୍ତଂ ୱ୍ୟାହୃତୱାନ୍ ହେ ଗୁରୋ ପଶ୍ୟତୁ କୀଦୃଶାଃ ପାଷାଣାଃ କୀଦୃକ୍ ଚ ନିଚଯନଂ|
290d020152	ତଦା ଯୀଶୁସ୍ତମ୍ ଅୱଦତ୍ ତ୍ୱଂ କିମେତଦ୍ ବୃହନ୍ନିଚଯନଂ ପଶ୍ୟସି? ଅସ୍ୟୈକପାଷାଣୋପି ଦ୍ୱିତୀଯପାଷାଣୋପରି ନ ସ୍ଥାସ୍ୟତି ସର୍ୱ୍ୱେ ଽଧଃକ୍ଷେପ୍ସ୍ୟନ୍ତେ|
290d030151	ଅଥ ଯସ୍ମିନ୍ କାଲେ ଜୈତୁନ୍ଗିରୌ ମନ୍ଦିରସ୍ୟ ସମ୍ମୁଖେ ସ ସମୁପୱିଷ୍ଟସ୍ତସ୍ମିନ୍ କାଲେ ପିତରୋ ଯାକୂବ୍ ଯୋହନ୍ ଆନ୍ଦ୍ରିଯଶ୍ଚୈତେ ତଂ ରହସି ପପ୍ରଚ୍ଛୁଃ,
290d040107	ଏତା ଘଟନାଃ କଦା ଭୱିଷ୍ୟନ୍ତି? ତଥୈତତ୍ସର୍ୱ୍ୱାସାଂ ସିଦ୍ଧ୍ୟୁପକ୍ରମସ୍ୟ ୱା କିଂ ଚିହ୍ନଂ? ତଦସ୍ମଭ୍ୟଂ କଥଯତୁ ଭୱାନ୍|
290d0500d9	ତତୋ ଯାଶୁସ୍ତାନ୍ ୱକ୍ତୁମାରେଭେ, କୋପି ଯଥା ଯୁଷ୍ମାନ୍ ନ ଭ୍ରାମଯତି ତଥାତ୍ର ଯୂଯଂ ସାୱଧାନା ଭୱତ|
290d0600cf	ଯତଃ ଖ୍ରୀଷ୍ଟୋହମିତି କଥଯିତ୍ୱା ମମ ନାମ୍ନାନେକେ ସମାଗତ୍ୟ ଲୋକାନାଂ ଭ୍ରମଂ ଜନଯିଷ୍ୟନ୍ତି;
290d070156	କିନ୍ତୁ ଯୂଯଂ ରଣସ୍ୟ ୱାର୍ତ୍ତାଂ ରଣାଡମ୍ବରଞ୍ଚ ଶ୍ରୁତ୍ୱା ମା ୱ୍ୟାକୁଲା ଭୱତ, ଘଟନା ଏତା ଅୱଶ୍ୟମ୍ମାୱିନ୍ୟଃ; କିନ୍ତ୍ୱାପାତତୋ ନ ଯୁଗାନ୍ତୋ ଭୱିଷ୍ୟତି|
290d0801ae	ଦେଶସ୍ୟ ୱିପକ୍ଷତଯା ଦେଶୋ ରାଜ୍ୟସ୍ୟ ୱିପକ୍ଷତଯା ଚ ରାଜ୍ୟମୁତ୍ଥାସ୍ୟତି, ତଥା ସ୍ଥାନେ ସ୍ଥାନେ ଭୂମିକମ୍ପୋ ଦୁର୍ଭିକ୍ଷଂ ମହାକ୍ଲେଶାଶ୍ଚ ସମୁପସ୍ଥାସ୍ୟନ୍ତି, ସର୍ୱ୍ୱ ଏତେ ଦୁଃଖସ୍ୟାରମ୍ଭାଃ|
290d090213	କିନ୍ତୁ ଯୂଯମ୍ ଆତ୍ମାର୍ଥେ ସାୱଧାନାସ୍ତିଷ୍ଠତ, ଯତୋ ଲୋକା ରାଜସଭାଯାଂ ଯୁଷ୍ମାନ୍ ସମର୍ପଯିଷ୍ୟନ୍ତି, ତଥା ଭଜନଗୃହେ ପ୍ରହରିଷ୍ୟନ୍ତି; ଯୂଯଂ ମଦର୍ଥେ ଦେଶାଧିପାନ୍ ଭୂପାଂଶ୍ଚ ପ୍ରତି ସାକ୍ଷ୍ୟଦାନାଯ ତେଷାଂ ସମ୍ମୁଖେ ଉପସ୍ଥାପଯିଷ୍ୟଧ୍ୱେ|
290d0a00be	ଶେଷୀଭୱନାତ୍ ପୂର୍ୱ୍ୱଂ ସର୍ୱ୍ୱାନ୍ ଦେଶୀଯାନ୍ ପ୍ରତି ସୁସଂୱାଦଃ ପ୍ରଚାରଯିଷ୍ୟତେ|
290d0b02a8	କିନ୍ତୁ ଯଦା ତେ ଯୁଷ୍ମାନ୍ ଧୃତ୍ୱା ସମର୍ପଯିଷ୍ୟନ୍ତି ତଦା ଯୂଯଂ ଯଦ୍ୟଦ୍ ଉତ୍ତରଂ ଦାସ୍ୟଥ, ତଦଗ୍ର ତସ୍ୟ ୱିୱେଚନଂ ମା କୁରୁତ ତଦର୍ଥଂ କିଞ୍ଚିଦପି ମା ଚିନ୍ତଯତ ଚ, ତଦାନୀଂ ଯୁଷ୍ମାକଂ ମନଃସୁ ଯଦ୍ୟଦ୍ ୱାକ୍ୟମ୍ ଉପସ୍ଥାପଯିଷ୍ୟତେ ତଦେୱ ୱଦିଷ୍ୟଥ, ଯତୋ ଯୂଯଂ ନ ତଦ୍ୱକ୍ତାରଃ କିନ୍ତୁ ପୱିତ୍ର ଆତ୍ମା ତସ୍ୟ ୱକ୍ତା|
290d0c013e	ତଦା ଭ୍ରାତା ଭ୍ରାତରଂ ପିତା ପୁତ୍ରଂ ଘାତନାର୍ଥଂ ପରହସ୍ତେଷୁ ସମର୍ପଯିଷ୍ୟତେ, ତଥା ପତ୍ୟାନି ମାତାପିତ୍ରୋ ର୍ୱିପକ୍ଷତଯା ତୌ ଘାତଯିଷ୍ୟନ୍ତି|
290d0d0157	ମମ ନାମହେତୋଃ ସର୍ୱ୍ୱେଷାଂ ସୱିଧେ ଯୂଯଂ ଜୁଗୁପ୍ସିତା ଭୱିଷ୍ୟଥ, କିନ୍ତୁ ଯଃ କଶ୍ଚିତ୍ ଶେଷପର୍ୟ୍ୟନ୍ତଂ ଧୈର୍ୟ୍ୟମ୍ ଆଲମ୍ବିଷ୍ୟତେ ସଏୱ ପରିତ୍ରାସ୍ୟତେ|
290d0e01ec	ଦାନିଯେଲ୍ଭୱିଷ୍ୟଦ୍ୱାଦିନା ପ୍ରୋକ୍ତଂ ସର୍ୱ୍ୱନାଶି ଜୁଗୁପ୍ସିତଞ୍ଚ ୱସ୍ତୁ ଯଦା ତ୍ୱଯୋଗ୍ୟସ୍ଥାନେ ୱିଦ୍ୟମାନଂ ଦ୍ରକ୍ଷଥ (ଯୋ ଜନଃ ପଠତି ସ ବୁଧ୍ୟତାଂ) ତଦା ଯେ ଯିହୂଦୀଯଦେଶେ ତିଷ୍ଠନ୍ତି ତେ ମହୀଧ୍ରଂ ପ୍ରତି ପଲାଯନ୍ତାଂ;
290d0f00fa	ତଥା ଯୋ ନରୋ ଗୃହୋପରି ତିଷ୍ଠତି ସ ଗୃହମଧ୍ୟଂ ନାୱରୋହତୁ, ତଥା କିମପି ୱସ୍ତୁ ଗ୍ରହୀତୁଂ ମଧ୍ୟେଗୃହଂ ନ ପ୍ରୱିଶତୁ;
290d1000c3	ତଥା ଚ ଯୋ ନରଃ କ୍ଷେତ୍ରେ ତିଷ୍ଠତି ସୋପି ସ୍ୱୱସ୍ତ୍ରଂ ଗ୍ରହୀତୁଂ ପରାୱୃତ୍ୟ ନ ୱ୍ରଜତୁ|
290d1100b7	ତଦାନୀଂ ଗର୍ବ୍ଭୱତୀନାଂ ସ୍ତନ୍ୟଦାତ୍ରୀଣାଞ୍ଚ ଯୋଷିତାଂ ଦୁର୍ଗତି ର୍ଭୱିଷ୍ୟତି|
290d120095	ଯୁଷ୍ମାକଂ ପଲାଯନଂ ଶୀତକାଲେ ଯଥା ନ ଭୱତି ତଦର୍ଥଂ ପ୍ରାର୍ଥଯଧ୍ୱଂ|
290d13012c	ଯତସ୍ତଦା ଯାଦୃଶୀ ଦୁର୍ଘଟନା ଘଟିଷ୍ୟତେ ତାଦୃଶୀ ଦୁର୍ଘଟନା ଈଶ୍ୱରସୃଷ୍ଟେଃ ପ୍ରଥମମାରଭ୍ୟାଦ୍ୟ ଯାୱତ୍ କଦାପି ନ ଜାତା ନ ଜନିଷ୍ୟତେ ଚ|
290d1401f2	ଅପରଞ୍ଚ ପରମେଶ୍ୱରୋ ଯଦି ତସ୍ୟ ସମଯସ୍ୟ ସଂକ୍ଷେପଂ ନ କରୋତି ତର୍ହି କସ୍ୟାପି ପ୍ରାଣଭୃତୋ ରକ୍ଷା ଭୱିତୁଂ ନ ଶକ୍ଷ୍ୟତି, କିନ୍ତୁ ଯାନ୍ ଜନାନ୍ ମନୋନୀତାନ୍ ଅକରୋତ୍ ତେଷାଂ ସ୍ୱମନୋନୀତାନାଂ ହେତୋଃ ସ ତଦନେହସଂ ସଂକ୍ଷେପ୍ସ୍ୟତି|
290d150193	ଅନ୍ୟଚ୍ଚ ପଶ୍ୟତ ଖ୍ରୀଷ୍ଟୋତ୍ର ସ୍ଥାନେ ୱା ତତ୍ର ସ୍ଥାନେ ୱିଦ୍ୟତେ, ତସ୍ମିନ୍କାଲେ ଯଦି କଶ୍ଚିଦ୍ ଯୁଷ୍ମାନ୍ ଏତାଦୃଶଂ ୱାକ୍ୟଂ ୱ୍ୟାହରତି, ତର୍ହି ତସ୍ମିନ୍ ୱାକ୍ୟେ ଭୈୱ ୱିଶ୍ୱସିତ|
290d1601d6	ଯତୋନେକେ ମିଥ୍ୟାଖ୍ରୀଷ୍ଟା ମିଥ୍ୟାଭୱିଷ୍ୟଦ୍ୱାଦିନଶ୍ଚ ସମୁପସ୍ଥାଯ ବହୂନି ଚିହ୍ନାନ୍ୟଦ୍ଭୁତାନି କର୍ମ୍ମାଣି ଚ ଦର୍ଶଯିଷ୍ୟନ୍ତି; ତଥା ଯଦି ସମ୍ଭୱତି ତର୍ହି ମନୋନୀତଲୋକାନାମପି ମିଥ୍ୟାମତିଂ ଜନଯିଷ୍ୟନ୍ତି|
290d1700ed	ପଶ୍ୟତ ଘଟନାତଃ ପୂର୍ୱ୍ୱଂ ସର୍ୱ୍ୱକାର୍ୟ୍ୟସ୍ୟ ୱାର୍ତ୍ତାଂ ଯୁଷ୍ମଭ୍ୟମଦାମ୍, ଯୂଯଂ ସାୱଧାନାସ୍ତିଷ୍ଠତ|
290d180119	ଅପରଞ୍ଚ ତସ୍ୟ କ୍ଲେଶକାଲସ୍ୟାୱ୍ୟୱହିତେ ପରକାଲେ ଭାସ୍କରଃ ସାନ୍ଧକାରୋ ଭୱିଷ୍ୟତି ତଥୈୱ ଚନ୍ଦ୍ରଶ୍ଚନ୍ଦ୍ରିକାଂ ନ ଦାସ୍ୟତି|
290d1900c4	ନଭଃସ୍ଥାନି ନକ୍ଷତ୍ରାଣି ପତିଷ୍ୟନ୍ତି, ୱ୍ୟୋମମଣ୍ଡଲସ୍ଥା ଗ୍ରହାଶ୍ଚ ୱିଚଲିଷ୍ୟନ୍ତି|
290d1a00f6	ତଦାନୀଂ ମହାପରାକ୍ରମେଣ ମହୈଶ୍ୱର୍ୟ୍ୟେଣ ଚ ମେଘମାରୁହ୍ୟ ସମାଯାନ୍ତଂ ମାନୱସୁତଂ ମାନୱାଃ ସମୀକ୍ଷିଷ୍ୟନ୍ତେ|
290d1b0118	ଅନ୍ୟଚ୍ଚ ସ ନିଜଦୂତାନ୍ ପ୍ରହିତ୍ୟ ନଭୋଭୂମ୍ୟୋଃ ସୀମାଂ ଯାୱଦ୍ ଜଗତଶ୍ଚତୁର୍ଦିଗ୍ଭ୍ୟଃ ସ୍ୱମନୋନୀତଲୋକାନ୍ ସଂଗ୍ରହୀଷ୍ୟତି|
290d1c0193	ଉଡୁମ୍ବରତରୋ ର୍ଦୃଷ୍ଟାନ୍ତଂ ଶିକ୍ଷଧ୍ୱଂ ଯଦୋଡୁମ୍ବରସ୍ୟ ତରୋ ର୍ନୱୀନାଃ ଶାଖା ଜାଯନ୍ତେ ପଲ୍ଲୱାଦୀନି ଚ ର୍ନିଗଚ୍ଛନ୍ତି, ତଦା ନିଦାଘକାଲଃ ସୱିଧୋ ଭୱତୀତି ଯୂଯଂ ଜ୍ଞାତୁଂ ଶକ୍ନୁଥ|
290d1d009f	ତଦ୍ୱଦ୍ ଏତା ଘଟନା ଦୃଷ୍ଟ୍ୱା ସ କାଲୋ ଦ୍ୱାର୍ୟ୍ୟୁପସ୍ଥିତ ଇତି ଜାନୀତ|
290d1e00df	ଯୁଷ୍ମାନହଂ ଯଥାର୍ଥଂ ୱଦାମି, ଆଧୁନିକଲୋକାନାଂ ଗମନାତ୍ ପୂର୍ୱ୍ୱଂ ତାନି ସର୍ୱ୍ୱାଣି ଘଟିଷ୍ୟନ୍ତେ|
290d1f00a3	ଦ୍ୟାୱାପୃଥିୱ୍ୟୋ ର୍ୱିଚଲିତଯୋଃ ସତ୍ୟୋ ର୍ମଦୀଯା ୱାଣୀ ନ ୱିଚଲିଷ୍ୟତି|
290d2000dd	ଅପରଞ୍ଚ ସ୍ୱର୍ଗସ୍ଥଦୂତଗଣୋ ୱା ପୁତ୍ରୋ ୱା ତାତାଦନ୍ୟଃ କୋପି ତଂ ଦିୱସଂ ତଂ ଦଣ୍ଡଂ ୱା ନ ଜ୍ଞାପଯତି|
290d210100	ଅତଃ ସ ସମଯଃ କଦା ଭୱିଷ୍ୟତି, ଏତଜ୍ଜ୍ଞାନାଭାୱାଦ୍ ଯୂଯଂ ସାୱଧାନାସ୍ତିଷ୍ଠତ, ସତର୍କାଶ୍ଚ ଭୂତ୍ୱା ପ୍ରାର୍ଥଯଧ୍ୱଂ;
290d22020d	ଯଦ୍ୱତ୍ କଶ୍ଚିତ୍ ପୁମାନ୍ ସ୍ୱନିୱେଶନାଦ୍ ଦୂରଦେଶଂ ପ୍ରତି ଯାତ୍ରାକରଣକାଲେ ଦାସେଷୁ ସ୍ୱକାର୍ୟ୍ୟସ୍ୟ ଭାରମର୍ପଯିତ୍ୱା ସର୍ୱ୍ୱାନ୍ ସ୍ୱେ ସ୍ୱେ କର୍ମ୍ମଣି ନିଯୋଜଯତି; ଅପରଂ ଦୌୱାରିକଂ ଜାଗରିତୁଂ ସମାଦିଶ୍ୟ ଯାତି, ତଦ୍ୱନ୍ ନରପୁତ୍ରଃ|
290d2300df	ଗୃହପତିଃ ସାଯଂକାଲେ ନିଶୀଥେ ୱା ତୃତୀଯଯାମେ ୱା ପ୍ରାତଃକାଲେ ୱା କଦାଗମିଷ୍ୟତି ତଦ୍ ଯୂଯଂ ନ ଜାନୀଥ;
290d2400bb	ସ ହଠାଦାଗତ୍ୟ ଯଥା ଯୁଷ୍ମାନ୍ ନିଦ୍ରିତାନ୍ ନ ପଶ୍ୟତି, ତଦର୍ଥଂ ଜାଗରିତାସ୍ତିଷ୍ଠତ|
290d2500a7	ଯୁଷ୍ମାନହଂ ଯଦ୍ ୱଦାମି ତଦେୱ ସର୍ୱ୍ୱାନ୍ ୱଦାମି, ଜାଗରିତାସ୍ତିଷ୍ଠତେତି|
290e010183	ତଦା ନିସ୍ତାରୋତ୍ସୱକିଣ୍ୱହୀନପୂପୋତ୍ସୱଯୋରାରମ୍ଭସ୍ୟ ଦିନଦ୍ୱଯେ ଽୱଶିଷ୍ଟେ ପ୍ରଧାନଯାଜକା ଅଧ୍ୟାପକାଶ୍ଚ କେନାପି ଛଲେନ ଯୀଶୁଂ ଧର୍ତ୍ତାଂ ହନ୍ତୁଞ୍ଚ ମୃଗଯାଞ୍ଚକ୍ରିରେ;
290e020090	କିନ୍ତୁ ଲୋକାନାଂ କଲହଭଯାଦୂଚିରେ, ନଚୋତ୍ସୱକାଲ ଉଚିତମେତଦିତି|
290e0301fe	ଅନନ୍ତରଂ ବୈଥନିଯାପୁରେ ଶିମୋନକୁଷ୍ଠିନୋ ଗୃହେ ଯୋଶୌ ଭୋତ୍କୁମୁପୱିଷ୍ଟେ ସତି କାଚିଦ୍ ଯୋଷିତ୍ ପାଣ୍ଡରପାଷାଣସ୍ୟ ସମ୍ପୁଟକେନ ମହାର୍ଘ୍ୟୋତ୍ତମତୈଲମ୍ ଆନୀଯ ସମ୍ପୁଟକଂ ଭଂକ୍ତ୍ୱା ତସ୍ୟୋତ୍ତମାଙ୍ଗେ ତୈଲଧାରାଂ ପାତଯାଞ୍ଚକ୍ରେ|
290e0400af	ତସ୍ମାତ୍ କେଚିତ୍ ସ୍ୱାନ୍ତେ କୁପ୍ୟନ୍ତଃ କଥିତୱଂନ୍ତଃ କୁତୋଯଂ ତୈଲାପୱ୍ୟଯଃ?
290e0501a2	ଯଦ୍ୟେତତ୍ ତୈଲ ୱ୍ୟକ୍ରେଷ୍ୟତ ତର୍ହି ମୁଦ୍ରାପାଦଶତତ୍ରଯାଦପ୍ୟଧିକଂ ତସ୍ୟ ପ୍ରାପ୍ତମୂଲ୍ୟଂ ଦରିଦ୍ରଲୋକେଭ୍ୟୋ ଦାତୁମଶକ୍ଷ୍ୟତ, କଥାମେତାଂ କଥଯିତ୍ୱା ତଯା ଯୋଷିତା ସାକଂ ୱାଚାଯୁହ୍ୟନ୍|
290e0600c8	କିନ୍ତୁ ଯୀଶୁରୁୱାଚ, କୁତ ଏତସ୍ୟୈ କୃଚ୍ଛ୍ରଂ ଦଦାସି? ମହ୍ୟମିଯଂ କର୍ମ୍ମୋତ୍ତମଂ କୃତୱତୀ|
290e070163	ଦରିଦ୍ରାଃ ସର୍ୱ୍ୱଦା ଯୁଷ୍ମାଭିଃ ସହ ତିଷ୍ଠନ୍ତି, ତସ୍ମାଦ୍ ଯୂଯଂ ଯଦେଚ୍ଛଥ ତଦୈୱ ତାନୁପକର୍ତ୍ତାଂ ଶକ୍ନୁଥ, କିନ୍ତ୍ୱହଂ ଯୁଭାଭିଃ ସହ ନିରନ୍ତରଂ ନ ତିଷ୍ଠାମି|
290e0800ee	ଅସ୍ୟା ଯଥାସାଧ୍ୟଂ ତଥୈୱାକରୋଦିଯଂ, ଶ୍ମଶାନଯାପନାତ୍ ପୂର୍ୱ୍ୱଂ ସମେତ୍ୟ ମଦ୍ୱପୁଷି ତୈଲମ୍ ଅମର୍ଦ୍ଦଯତ୍|
290e090189	ଅହଂ ଯୁଷ୍ମଭ୍ୟଂ ଯଥାର୍ଥଂ କଥଯାମି, ଜଗତାଂ ମଧ୍ୟେ ଯତ୍ର ଯତ୍ର ସୁସଂୱାଦୋଯଂ ପ୍ରଚାରଯିଷ୍ୟତେ ତତ୍ର ତତ୍ର ଯୋଷିତ ଏତସ୍ୟାଃ ସ୍ମରଣାର୍ଥଂ ତତ୍କୃତକର୍ମ୍ମୈତତ୍ ପ୍ରଚାରଯିଷ୍ୟତେ|
290e0a0121	ତତଃ ପରଂ ଦ୍ୱାଦଶାନାଂ ଶିଷ୍ୟାଣାମେକ ଈଷ୍କରିଯୋତୀଯଯିହୂଦାଖ୍ୟୋ ଯୀଶୁଂ ପରକରେଷୁ ସମର୍ପଯିତୁଂ ପ୍ରଧାନଯାଜକାନାଂ ସମୀପମିଯାଯ|
290e0b0149	ତେ ତସ୍ୟ ୱାକ୍ୟଂ ସମାକର୍ଣ୍ୟ ସନ୍ତୁଷ୍ଟାଃ ସନ୍ତସ୍ତସ୍ମୈ ମୁଦ୍ରା ଦାତୁଂ ପ୍ରତ୍ୟଜାନତ; ତସ୍ମାତ୍ ସ ତଂ ତେଷାଂ କରେଷୁ ସମର୍ପଣାଯୋପାଯଂ ମୃଗଯାମାସ|
290e0c01c2	ଅନନ୍ତରଂ କିଣ୍ୱଶୂନ୍ୟପୂପୋତ୍ସୱସ୍ୟ ପ୍ରଥମେଽହନି ନିସ୍ତାରୋତ୍ମୱାର୍ଥଂ ମେଷମାରଣାସମଯେ ଶିଷ୍ୟାସ୍ତଂ ପପ୍ରଚ୍ଛଃ କୁତ୍ର ଗତ୍ୱା ୱଯଂ ନିସ୍ତାରୋତ୍ସୱସ୍ୟ ଭୋଜ୍ୟମାସାଦଯିଷ୍ୟାମଃ? କିମିଚ୍ଛତି ଭୱାନ୍?
290e0d015e	ତଦାନୀଂ ସ ତେଷାଂ ଦ୍ୱଯଂ ପ୍ରେରଯନ୍ ବଭାଷେ ଯୁୱଯୋଃ ପୁରମଧ୍ୟଂ ଗତଯୋଃ ସତୋ ର୍ୟୋ ଜନଃ ସଜଲକୁମ୍ଭଂ ୱହନ୍ ଯୁୱାଂ ସାକ୍ଷାତ୍ କରିଷ୍ୟତି ତସ୍ୟୈୱ ପଶ୍ଚାଦ୍ ଯାତଂ;
290e0e0146	ସ ଯତ୍ ସଦନଂ ପ୍ରୱେକ୍ଷ୍ୟତି ତଦ୍ଭୱନପତିଂ ୱଦତଂ, ଗୁରୁରାହ ଯତ୍ର ସଶିଷ୍ୟୋହଂ ନିସ୍ତାରୋତ୍ସୱୀଯଂ ଭୋଜନଂ କରିଷ୍ୟାମି, ସା ଭୋଜନଶାଲା କୁତ୍ରାସ୍ତି?
290e0f0112	ତତଃ ସ ପରିଷ୍କୃତାଂ ସୁସଜ୍ଜିତାଂ ବୃହତୀଚଞ୍ଚ ଯାଂ ଶାଲାଂ ଦର୍ଶଯିଷ୍ୟତି ତସ୍ୟାମସ୍ମଦର୍ଥଂ ଭୋଜ୍ୟଦ୍ରୱ୍ୟାଣ୍ୟାସାଦଯତଂ|
290e100120	ତତଃ ଶିଷ୍ୟୌ ପ୍ରସ୍ଥାଯ ପୁରଂ ପ୍ରୱିଶ୍ୟ ସ ଯଥୋକ୍ତୱାନ୍ ତଥୈୱ ପ୍ରାପ୍ୟ ନିସ୍ତାରୋତ୍ସୱସ୍ୟ ଭୋଜ୍ୟଦ୍ରୱ୍ୟାଣି ସମାସାଦଯେତାମ୍|
290e110097	ଅନନ୍ତରଂ ଯୀଶୁଃ ସାଯଂକାଲେ ଦ୍ୱାଦଶଭିଃ ଶିଷ୍ୟୈଃ ସାର୍ଦ୍ଧଂ ଜଗାମ;
290e12017b	ସର୍ୱ୍ୱେଷୁ ଭୋଜନାଯ ପ୍ରୋପୱିଷ୍ଟେଷୁ ସ ତାନୁଦିତୱାନ୍ ଯୁଷ୍ମାନହଂ ଯଥାର୍ଥଂ ୱ୍ୟାହରାମି, ଅତ୍ର ଯୁଷ୍ମାକମେକୋ ଜନୋ ଯୋ ମଯା ସହ ଭୁଂକ୍ତେ ମାଂ ପରକେରେଷୁ ସମର୍ପଯିଷ୍ୟତେ|
290e1300f8	ତଦାନୀଂ ତେ ଦୁଃଖିତାଃ ସନ୍ତ ଏକୈକଶସ୍ତଂ ପ୍ରଷ୍ଟୁମାରବ୍ଧୱନ୍ତଃ ସ କିମହଂ? ପଶ୍ଚାଦ୍ ଅନ୍ୟ ଏକୋଭିଦଧେ ସ କିମହଂ?
290e1400e3	ତତଃ ସ ପ୍ରତ୍ୟୱଦଦ୍ ଏତେଷାଂ ଦ୍ୱାଦଶାନାଂ ଯୋ ଜନୋ ମଯା ସମଂ ଭୋଜନାପାତ୍ରେ ପାଣିଂ ମଜ୍ଜଯିଷ୍ୟତି ସ ଏୱ|
290e15016d	ମନୁଜତନଯମଧି ଯାଦୃଶଂ ଲିଖିତମାସ୍ତେ ତଦନୁରୂପା ଗତିସ୍ତସ୍ୟ ଭୱିଷ୍ୟତି, କିନ୍ତୁ ଯୋ ଜନୋ ମାନୱସୁତଂ ସମର୍ପଯିଷ୍ୟତେ ହନ୍ତ ତସ୍ୟ ଜନ୍ମାଭାୱେ ସତି ଭଦ୍ରମଭୱିଷ୍ୟତ୍|
290e16017f	ଅପରଞ୍ଚ ତେଷାଂ ଭୋଜନସମଯେ ଯୀଶୁଃ ପୂପଂ ଗୃହୀତ୍ୱେଶ୍ୱରଗୁଣାନ୍ ଅନୁକୀର୍ତ୍ୟ ଭଙ୍କ୍ତ୍ୱା ତେଭ୍ୟୋ ଦତ୍ତ୍ୱା ବଭାଷେ, ଏତଦ୍ ଗୃହୀତ୍ୱା ଭୁଞ୍ଜୀଧ୍ୱମ୍ ଏତନ୍ମମ ୱିଗ୍ରହରୂପଂ|
290e1700e4	ଅନନ୍ତରଂ ସ କଂସଂ ଗୃହୀତ୍ୱେଶ୍ୱରସ୍ୟ ଗୁଣାନ୍ କୀର୍ତ୍ତଯିତ୍ୱା ତେଭ୍ୟୋ ଦଦୌ, ତତସ୍ତେ ସର୍ୱ୍ୱେ ପପୁଃ|
290e1800b7	ଅପରଂ ସ ତାନୱାଦୀଦ୍ ବହୂନାଂ ନିମିତ୍ତଂ ପାତିତଂ ମମ ନୱୀନନିଯମରୂପଂ ଶୋଣିତମେତତ୍|
290e190143	ଯୁଷ୍ମାନହଂ ଯଥାର୍ଥଂ ୱଦାମି, ଈଶ୍ୱରସ୍ୟ ରାଜ୍ୟେ ଯାୱତ୍ ସଦ୍ୟୋଜାତଂ ଦ୍ରାକ୍ଷାରସଂ ନ ପାସ୍ୟାମି, ତାୱଦହଂ ଦ୍ରାକ୍ଷାଫଲରସଂ ପୁନ ର୍ନ ପାସ୍ୟାମି|
290e1a008b	ତଦନନ୍ତରଂ ତେ ଗୀତମେକଂ ସଂଗୀଯ ବହି ର୍ଜୈତୁନଂ ଶିଖରିଣଂ ଯଯୁଃ
290e1b01df	ଅଥ ଯୀଶୁସ୍ତାନୁୱାଚ ନିଶାଯାମସ୍ୟାଂ ମଯି ଯୁଷ୍ମାକଂ ସର୍ୱ୍ୱେଷାଂ ପ୍ରତ୍ୟୂହୋ ଭୱିଷ୍ୟତି ଯତୋ ଲିଖିତମାସ୍ତେ ଯଥା, ମେଷାଣାଂ ରକ୍ଷକଞ୍ଚାହଂ ପ୍ରହରିଷ୍ୟାମି ୱୈ ତତଃ| ମେଷାଣାଂ ନିୱହୋ ନୂନଂ ପ୍ରୱିକୀର୍ଣୋ ଭୱିଷ୍ୟତି|
290e1c009c	କନ୍ତୁ ମଦୁତ୍ଥାନେ ଜାତେ ଯୁଷ୍ମାକମଗ୍ରେଽହଂ ଗାଲୀଲଂ ୱ୍ରଜିଷ୍ୟାମି|
290e1d00cf	ତଦା ପିତରଃ ପ୍ରତିବଭାଷେ, ଯଦ୍ୟପି ସର୍ୱ୍ୱେଷାଂ ପ୍ରତ୍ୟୂହୋ ଭୱତି ତଥାପି ମମ ନୈୱ ଭୱିଷ୍ୟତି|
290e1e0155	ତତୋ ଯୀଶୁରୁକ୍ତାୱାନ୍ ଅହଂ ତୁଭ୍ୟଂ ତଥ୍ୟଂ କଥଯାମି, କ୍ଷଣାଦାଯାମଦ୍ୟ କୁକ୍କୁଟସ୍ୟ ଦ୍ୱିତୀଯୱାରରୱଣାତ୍ ପୂର୍ୱ୍ୱଂ ତ୍ୱଂ ୱାରତ୍ରଯଂ ମାମପହ୍ନୋଷ୍ୟସେ|
290e1f013e	କିନ୍ତୁ ସ ଗାଢଂ ୱ୍ୟାହରଦ୍ ଯଦ୍ୟପି ତ୍ୱଯା ସାର୍ଦ୍ଧଂ ମମ ପ୍ରାଣୋ ଯାତି ତଥାପି କଥମପି ତ୍ୱାଂ ନାପହ୍ନୋଷ୍ୟେ; ସର୍ୱ୍ୱେଽପୀତରେ ତଥୈୱ ବଭାଷିରେ|
290e200117	ଅପରଞ୍ଚ ତେଷୁ ଗେତ୍ଶିମାନୀନାମକଂ ସ୍ଥାନ ଗତେଷୁ ସ ଶିଷ୍ୟାନ୍ ଜଗାଦ, ଯାୱଦହଂ ପ୍ରାର୍ଥଯେ ତାୱଦତ୍ର ସ୍ଥାନେ ଯୂଯଂ ସମୁପୱିଶତ|
290e2100f1	ଅଥ ସ ପିତରଂ ଯାକୂବଂ ଯୋହନଞ୍ଚ ଗୃହୀତ୍ୱା ୱୱ୍ରାଜ; ଅତ୍ୟନ୍ତଂ ତ୍ରାସିତୋ ୱ୍ୟାକୁଲିତଶ୍ଚ ତେଭ୍ୟଃ କଥଯାମାସ,
290e2200ae	ନିଧନକାଲୱତ୍ ପ୍ରାଣୋ ମେଽତୀୱ ଦଃଖମେତି, ଯୂଯଂ ଜାଗ୍ରତୋତ୍ର ସ୍ଥାନେ ତିଷ୍ଠତ|
290e230132	ତତଃ ସ କିଞ୍ଚିଦ୍ଦୂରଂ ଗତ୍ୱା ଭୂମାୱଧୋମୁଖଃ ପତିତ୍ୱା ପ୍ରାର୍ଥିତୱାନେତତ୍, ଯଦି ଭୱିତୁଂ ଶକ୍ୟଂ ତର୍ହି ଦୁଃଖସମଯୋଯଂ ମତ୍ତୋ ଦୂରୀଭୱତୁ|
290e24014d	ଅପରମୁଦିତୱାନ୍ ହେ ପିତ ର୍ହେ ପିତଃ ସର୍ୱ୍ୱେଂ ତ୍ୱଯା ସାଧ୍ୟଂ, ତତୋ ହେତୋରିମଂ କଂସଂ ମତ୍ତୋ ଦୂରୀକୁରୁ, କିନ୍ତୁ ତନ୍ ମମେଚ୍ଛାତୋ ନ ତୱେଚ୍ଛାତୋ ଭୱତୁ|
290e250137	ତତଃ ପରଂ ସ ଏତ୍ୟ ତାନ୍ ନିଦ୍ରିତାନ୍ ନିରୀକ୍ଷ୍ୟ ପିତରଂ ପ୍ରୋୱାଚ, ଶିମୋନ୍ ତ୍ୱଂ କିଂ ନିଦ୍ରାସି? ଘଟିକାମେକାମ୍ ଅପି ଜାଗରିତୁଂ ନ ଶକ୍ନୋଷି?
290e260107	ପରୀକ୍ଷାଯାଂ ଯଥା ନ ପତଥ ତଦର୍ଥଂ ସଚେତନାଃ ସନ୍ତଃ ପ୍ରାର୍ଥଯଧ୍ୱଂ; ମନ ଉଦ୍ୟୁକ୍ତମିତି ସତ୍ୟଂ କିନ୍ତୁ ୱପୁରଶକ୍ତିକଂ|
290e270086	ଅଥ ସ ପୁନର୍ୱ୍ରଜିତ୍ୱା ପୂର୍ୱ୍ୱୱତ୍ ପ୍ରାର୍ଥଯାଞ୍ଚକ୍ରେ|
290e280164	ପରାୱୃତ୍ୟାଗତ୍ୟ ପୁନରପି ତାନ୍ ନିଦ୍ରିତାନ୍ ଦଦର୍ଶ ତଦା ତେଷାଂ ଲୋଚନାନି ନିଦ୍ରଯା ପୂର୍ଣାନି, ତସ୍ମାତ୍ତସ୍ମୈ କା କଥା କଥଯିତୱ୍ୟା ତ ଏତଦ୍ ବୋଦ୍ଧୁଂ ନ ଶେକୁଃ|
290e29017d	ତତଃପରଂ ତୃତୀଯୱାରଂ ଆଗତ୍ୟ ତେଭ୍ୟୋ ଽକଥଯଦ୍ ଇଦାନୀମପି ଶଯିତ୍ୱା ୱିଶ୍ରାମ୍ୟଥ? ଯଥେଷ୍ଟଂ ଜାତଂ, ସମଯଶ୍ଚୋପସ୍ଥିତଃ ପଶ୍ୟତ ମାନୱତନଯଃ ପାପିଲୋକାନାଂ ପାଣିଷୁ ସମର୍ପ୍ୟତେ|
290e2a00c9	ଉତ୍ତିଷ୍ଠତ, ୱଯଂ ୱ୍ରଜାମୋ ଯୋ ଜନୋ ମାଂ ପରପାଣିଷୁ ସମର୍ପଯିଷ୍ୟତେ ପଶ୍ୟତ ସ ସମୀପମାଯାତଃ|
290e2b01d5	ଇମାଂ କଥାଂ କଥଯତି ସ, ଏତର୍ହିଦ୍ୱାଦଶାନାମେକୋ ଯିହୂଦା ନାମା ଶିଷ୍ୟଃ ପ୍ରଧାନଯାଜକାନାମ୍ ଉପାଧ୍ୟାଯାନାଂ ପ୍ରାଚୀନଲୋକାନାଞ୍ଚ ସନ୍ନିଧେଃ ଖଙ୍ଗଲଗୁଡଧାରିଣୋ ବହୁଲୋକାନ୍ ଗୃହୀତ୍ୱା ତସ୍ୟ ସମୀପ ଉପସ୍ଥିତୱାନ୍|
290e2c0125	ଅପରଞ୍ଚାସୌ ପରପାଣିଷୁ ସମର୍ପଯିତା ପୂର୍ୱ୍ୱମିତି ସଙ୍କେତଂ କୃତୱାନ୍ ଯମହଂ ଚୁମ୍ବିଷ୍ୟାମି ସ ଏୱାସୌ ତମେୱ ଧୃତ୍ୱା ସାୱଧାନଂ ନଯତ|
290e2d00cc	ଅତୋ ହେତୋଃ ସ ଆଗତ୍ୟୈୱ ଯୋଶୋଃ ସୱିଧଂ ଗତ୍ୱା ହେ ଗୁରୋ ହେ ଗୁରୋ, ଇତ୍ୟୁକ୍ତ୍ୱା ତଂ ଚୁଚୁମ୍ବ|
290e2e0069	ତଦା ତେ ତଦୁପରି ପାଣୀନର୍ପଯିତ୍ୱା ତଂ ଦଧ୍ନୁଃ|
290e2f0113	ତତସ୍ତସ୍ୟ ପାର୍ଶ୍ୱସ୍ଥାନାଂ ଲୋକାନାମେକଃ ଖଙ୍ଗଂ ନିଷ୍କୋଷଯନ୍ ମହାଯାଜକସ୍ୟ ଦାସମେକଂ ପ୍ରହୃତ୍ୟ ତସ୍ୟ କର୍ଣଂ ଚିଚ୍ଛେଦ|
290e3000ec	ପଶ୍ଚାଦ୍ ଯୀଶୁସ୍ତାନ୍ ୱ୍ୟାଜହାର ଖଙ୍ଗାନ୍ ଲଗୁଡାଂଶ୍ଚ ଗୃହୀତ୍ୱା ମାଂ କିଂ ଚୌରଂ ଧର୍ତ୍ତାଂ ସମାଯାତାଃ?
290e310152	ମଧ୍ୟେମନ୍ଦିରଂ ସମୁପଦିଶନ୍ ପ୍ରତ୍ୟହଂ ଯୁଷ୍ମାଭିଃ ସହ ସ୍ଥିତୱାନତହଂ, ତସ୍ମିନ୍ କାଲେ ଯୂଯଂ ମାଂ ନାଦୀଧରତ, କିନ୍ତ୍ୱନେନ ଶାସ୍ତ୍ରୀଯଂ ୱଚନଂ ସେଧନୀଯଂ|
290e320086	ତଦା ସର୍ୱ୍ୱେ ଶିଷ୍ୟାସ୍ତଂ ପରିତ୍ୟଜ୍ୟ ପଲାଯାଞ୍ଚକ୍ରିରେ|
290e3300d3	ଅଥୈକୋ ଯୁୱା ମାନୱୋ ନଗ୍ନକାଯେ ୱସ୍ତ୍ରମେକଂ ନିଧାଯ ତସ୍ୟ ପଶ୍ଚାଦ୍ ୱ୍ରଜନ୍ ଯୁୱଲୋକୈ ର୍ଧୃତୋ
290e34005b	ୱସ୍ତ୍ରଂ ୱିହାଯ ନଗ୍ନଃ ପଲାଯାଞ୍ଚକ୍ରେ|
290e35016e	ଅପରଞ୍ଚ ଯସ୍ମିନ୍ ସ୍ଥାନେ ପ୍ରଧାନଯାଜକା ଉପାଧ୍ୟାଯାଃ ପ୍ରାଚୀନଲୋକାଶ୍ଚ ମହାଯାଜକେନ ସହ ସଦସି ସ୍ଥିତାସ୍ତସ୍ମିନ୍ ସ୍ଥାନେ ମହାଯାଜକସ୍ୟ ସମୀପଂ ଯୀଶୁଂ ନିନ୍ୟୁଃ|
290e360106	ପିତରୋ ଦୂରେ ତତ୍ପଶ୍ଚାଦ୍ ଇତ୍ୱା ମହାଯାଜକସ୍ୟାଟ୍ଟାଲିକାଂ ପ୍ରୱିଶ୍ୟ କିଙ୍କରୈଃ ସହୋପୱିଶ୍ୟ ୱହ୍ନିତାପଂ ଜଗ୍ରାହ|
290e370129	ତଦାନୀଂ ପ୍ରଧାନଯାଜକା ମନ୍ତ୍ରିଣଶ୍ଚ ଯୀଶୁଂ ଘାତଯିତୁଂ ତତ୍ପ୍ରାତିକୂଲ୍ୟେନ ସାକ୍ଷିଣୋ ମୃଗଯାଞ୍ଚକ୍ରିରେ, କିନ୍ତୁ ନ ପ୍ରାପ୍ତାଃ|
290e3800bb	ଅନେକୈସ୍ତଦ୍ୱିରୁଦ୍ଧଂ ମୃଷାସାକ୍ଷ୍ୟେ ଦତ୍ତେପି ତେଷାଂ ୱାକ୍ୟାନି ନ ସମଗଚ୍ଛନ୍ତ|
290e3900d1	ସର୍ୱ୍ୱଶେଷେ କିଯନ୍ତ ଉତ୍ଥାଯ ତସ୍ୟ ପ୍ରାତିକୂଲ୍ୟେନ ମୃଷାସାକ୍ଷ୍ୟଂ ଦତ୍ତ୍ୱା କଥଯାମାସୁଃ,
290e3a014c	ଇଦଂ କରକୃତମନ୍ଦିରଂ ୱିନାଶ୍ୟ ଦିନତ୍ରଯମଧ୍ୟେ ପୁନରପରମ୍ ଅକରକୃତଂ ମନ୍ଦିରଂ ନିର୍ମ୍ମାସ୍ୟାମି, ଇତି ୱାକ୍ୟମ୍ ଅସ୍ୟ ମୁଖାତ୍ ଶ୍ରୁତମସ୍ମାଭିରିତି|
290e3b0075	କିନ୍ତୁ ତତ୍ରାପି ତେଷାଂ ସାକ୍ଷ୍ୟକଥା ନ ସଙ୍ଗାତାଃ|
290e3c0133	ଅଥ ମହାଯାଜକୋ ମଧ୍ୟେସଭମ୍ ଉତ୍ଥାଯ ଯୀଶୁଂ ୱ୍ୟାଜହାର, ଏତେ ଜନାସ୍ତ୍ୱଯି ଯତ୍ ସାକ୍ଷ୍ୟମଦୁଃ ତ୍ୱମେତସ୍ୟ କିମପ୍ୟୁତ୍ତରଂ କିଂ ନ ଦାସ୍ୟସି?
290e3d0146	କିନ୍ତୁ ସ କିମପ୍ୟୁତ୍ତରଂ ନ ଦତ୍ୱା ମୌନୀଭୂଯ ତସ୍ୟୌ; ତତୋ ମହାଯାଜକଃ ପୁନରପି ତଂ ପୃଷ୍ଟାୱାନ୍ ତ୍ୱଂ ସଚ୍ଚିଦାନନ୍ଦସ୍ୟ ତନଯୋ ଽଭିଷିକ୍ତସ୍ତ୍ରତା?
290e3e016c	ତଦା ଯୀଶୁସ୍ତଂ ପ୍ରୋୱାଚ ଭୱାମ୍ୟହମ୍ ଯୂଯଞ୍ଚ ସର୍ୱ୍ୱଶକ୍ତିମତୋ ଦକ୍ଷୀଣପାର୍ଶ୍ୱେ ସମୁପୱିଶନ୍ତଂ ମେଘ ମାରୁହ୍ୟ ସମାଯାନ୍ତଞ୍ଚ ମନୁଷ୍ୟପୁତ୍ରଂ ସନ୍ଦ୍ରକ୍ଷ୍ୟଥ|
290e3f006b	ତଦା ମହାଯାଜକଃ ସ୍ୱଂ ୱମନଂ ଛିତ୍ୱା ୱ୍ୟାୱହରତ୍
290e400142	କିମସ୍ମାକଂ ସାକ୍ଷିଭିଃ ପ୍ରଯୋଜନମ୍? ଈଶ୍ୱରନିନ୍ଦାୱାକ୍ୟଂ ଯୁଷ୍ମାଭିରଶ୍ରାୱି କିଂ ୱିଚାରଯଥ? ତଦାନୀଂ ସର୍ୱ୍ୱେ ଜଗଦୁରଯଂ ନିଧନଦଣ୍ଡମର୍ହତି|
290e410165	ତତଃ କଶ୍ଚିତ୍ କଶ୍ଚିତ୍ ତଦ୍ୱପୁଷି ନିଷ୍ଠୀୱଂ ନିଚିକ୍ଷେପ ତଥା ତନ୍ମୁଖମାଚ୍ଛାଦ୍ୟ ଚପେଟେନ ହତ୍ୱା ଗଦିତୱାନ୍ ଗଣଯିତ୍ୱା ୱଦ, ଅନୁଚରାଶ୍ଚ ଚପେଟୈସ୍ତମାଜଘ୍ନୁଃ
290e4200b4	ତତଃ ପରଂ ପିତରେଽଟ୍ଟାଲିକାଧଃକୋଷ୍ଠେ ତିଷ୍ଠତି ମହାଯାଜକସ୍ୟୈକା ଦାସୀ ସମେତ୍ୟ
290e430103	ତଂ ୱିହ୍ନିତାପଂ ଗୃହ୍ଲନ୍ତଂ ୱିଲୋକ୍ୟ ତଂ ସୁନିରୀକ୍ଷ୍ୟ ବଭାଷେ ତ୍ୱମପି ନାସରତୀଯଯୀଶୋଃ ସଙ୍ଗିନାମ୍ ଏକୋ ଜନ ଆସୀଃ|
290e44012a	କିନ୍ତୁ ସୋପହ୍ନୁତ୍ୟ ଜଗାଦ ତମହଂ ନ ୱଦ୍ମି ତ୍ୱଂ ଯତ୍ କଥଯମି ତଦପ୍ୟହଂ ନ ବୁଦ୍ଧ୍ୟେ| ତଦାନୀଂ ପିତରେ ଚତ୍ୱରଂ ଗତୱତି କୁକ୍କୁଟୋ ରୁରାୱ|
290e4500b5	ଅଥାନ୍ୟା ଦାସୀ ପିତରଂ ଦୃଷ୍ଟ୍ୱା ସମୀପସ୍ଥାନ୍ ଜନାନ୍ ଜଗାଦ ଅଯଂ ତେଷାମେକୋ ଜନଃ|
290e460179	ତତଃ ସ ଦ୍ୱିତୀଯୱାରମ୍ ଅପହ୍ନୁତୱାନ୍ ପଶ୍ଚାତ୍ ତତ୍ରସ୍ଥା ଲୋକାଃ ପିତରଂ ପ୍ରୋଚୁସ୍ତ୍ୱମୱଶ୍ୟଂ ତେଷାମେକୋ ଜନଃ ଯତସ୍ତ୍ୱଂ ଗାଲୀଲୀଯୋ ନର ଇତି ତୱୋଚ୍ଚାରଣଂ ପ୍ରକାଶଯତି|
290e4700a8	ତଦା ସ ଶପଥାଭିଶାପୌ କୃତ୍ୱା ପ୍ରୋୱାଚ ଯୂଯଂ କଥାଂ କଥଯଥ ତଂ ନରଂ ନ ଜାନେଽହଂ|
290e4801cd	ତଦାନୀଂ ଦ୍ୱିତୀଯୱାରଂ କୁକ୍କୁଟୋ ଽରାୱୀତ୍| କୁକ୍କୁଟସ୍ୟ ଦ୍ୱିତୀଯରୱାତ୍ ପୂର୍ୱ୍ୱଂ ତ୍ୱଂ ମାଂ ୱାରତ୍ରଯମ୍ ଅପହ୍ନୋଷ୍ୟସି, ଇତି ଯଦ୍ୱାକ୍ୟଂ ଯୀଶୁନା ସମୁଦିତଂ ତତ୍ ତଦା ସଂସ୍ମୃତ୍ୟ ପିତରୋ ରୋଦିତୁମ୍ ଆରଭତ|
290f010191	ଅଥ ପ୍ରଭାତେ ସତି ପ୍ରଧାନଯାଜକାଃ ପ୍ରାଞ୍ଚ ଉପାଧ୍ୟାଯାଃ ସର୍ୱ୍ୱେ ମନ୍ତ୍ରିଣଶ୍ଚ ସଭାଂ କୃତ୍ୱା ଯୀଶୁଂ ବନ୍ଧଯିତ୍ୱ ପୀଲାତାଖ୍ୟସ୍ୟ ଦେଶାଧିପତେଃ ସୱିଧଂ ନୀତ୍ୱା ସମର୍ପଯାମାସୁଃ|
290f0200e8	ତଦା ପୀଲାତସ୍ତଂ ପୃଷ୍ଟୱାନ୍ ତ୍ୱଂ କିଂ ଯିହୂଦୀଯଲୋକାନାଂ ରାଜା? ତତଃ ସ ପ୍ରତ୍ୟୁକ୍ତୱାନ୍ ସତ୍ୟଂ ୱଦସି|
290f0300eb	ଅପରଂ ପ୍ରଧାନଯାଜକାସ୍ତସ୍ୟ ବହୁଷୁ ୱାକ୍ୟେଷୁ ଦୋଷମାରୋପଯାଞ୍ଚକ୍ରୁଃ କିନ୍ତୁ ସ କିମପି ନ ପ୍ରତ୍ୟୁୱାଚ|
290f04010d	ତଦାନୀଂ ପୀଲାତସ୍ତଂ ପୁନଃ ପପ୍ରଚ୍ଛ ତ୍ୱଂ କିଂ ନୋତ୍ତରଯସି? ପଶ୍ୟୈତେ ତ୍ୱଦ୍ୱିରୁଦ୍ଧଂ କତିଷୁ ସାଧ୍ୟେଷୁ ସାକ୍ଷଂ ଦଦତି|
290f050098	କନ୍ତୁ ଯୀଶୁସ୍ତଦାପି ନୋତ୍ତରଂ ଦଦୌ ତତଃ ପୀଲାତ ଆଶ୍ଚର୍ୟ୍ୟଂ ଜଗାମ|
290f0600ea	ଅପରଞ୍ଚ କାରାବଦ୍ଧେ କସ୍ତିଂଶ୍ଚିତ୍ ଜନେ ତନ୍ମହୋତ୍ସୱକାଲେ ଲୋକୈ ର୍ୟାଚିତେ ଦେଶାଧିପତିସ୍ତଂ ମୋଚଯତି|
290f070107	ଯେ ଚ ପୂର୍ୱ୍ୱମୁପପ୍ଲୱମକାର୍ଷୁରୁପପ୍ଲୱେ ୱଧମପି କୃତୱନ୍ତସ୍ତେଷାଂ ମଧ୍ୟେ ତଦାନୋଂ ବରବ୍ବାନାମକ ଏକୋ ବଦ୍ଧ ଆସୀତ୍|
290f0800fa	ଅତୋ ହେତୋଃ ପୂର୍ୱ୍ୱାପରୀଯାଂ ରୀତିକଥାଂ କଥଯିତ୍ୱା ଲୋକା ଉଚ୍ଚୈରୁୱନ୍ତଃ ପୀଲାତସ୍ୟ ସମକ୍ଷଂ ନିୱେଦଯାମାସୁଃ|
290f0900e5	ତଦା ପୀଲାତସ୍ତାନାଚଖ୍ୟୌ ତର୍ହି କିଂ ଯିହୂଦୀଯାନାଂ ରାଜାନଂ ମୋଚଯିଷ୍ୟାମି? ଯୁଷ୍ମାଭିଃ କିମିଷ୍ୟତେ?
290f0a0098	ଯତଃ ପ୍ରଧାନଯାଜକା ଈର୍ଷ୍ୟାତ ଏୱ ଯୀଶୁଂ ସମାର୍ପଯନ୍ନିତି ସ ୱିୱେଦ|
290f0b00db	କିନ୍ତୁ ଯଥା ବରବ୍ବାଂ ମୋଚଯତି ତଥା ପ୍ରାର୍ଥଯିତୁଂ ପ୍ରଧାନଯାଜକା ଲୋକାନ୍ ପ୍ରୱର୍ତ୍ତଯାମାସୁଃ|
290f0c0104	ଅଥ ପୀଲାତଃ ପୁନଃ ପୃଷ୍ଟୱାନ୍ ତର୍ହି ଯଂ ଯିହୂଦୀଯାନାଂ ରାଜେତି ୱଦଥ ତସ୍ୟ କିଂ କରିଷ୍ୟାମି ଯୁଷ୍ମାଭିଃ କିମିଷ୍ୟତେ?
290f0d007f	ତଦା ତେ ପୁନରପି ପ୍ରୋଚ୍ଚୈଃ ପ୍ରୋଚୁସ୍ତଂ କ୍ରୁଶେ ୱେଧଯ|
290f0e0119	ତସ୍ମାତ୍ ପୀଲାତଃ କଥିତୱାନ୍ କୁତଃ? ସ କିଂ କୁକର୍ମ୍ମ କୃତୱାନ୍? କିନ୍ତୁ ତେ ପୁନଶ୍ଚ ରୁୱନ୍ତୋ ୱ୍ୟାଜହ୍ରୁସ୍ତଂ କ୍ରୁଶେ ୱେଧଯ|
290f0f013c	ତଦା ପୀଲାତଃ ସର୍ୱ୍ୱାଲ୍ଲୋକାନ୍ ତୋଷଯିତୁମିଚ୍ଛନ୍ ବରବ୍ବାଂ ମୋଚଯିତ୍ୱା ଯୀଶୁଂ କଶାଭିଃ ପ୍ରହୃତ୍ୟ କ୍ରୁଶେ ୱେଦ୍ଧୁଂ ତଂ ସମର୍ପଯାମ୍ବଭୂୱ|
290f1000e4	ଅନନ୍ତରଂ ସୈନ୍ୟଗଣୋଽଟ୍ଟାଲିକାମ୍ ଅର୍ଥାଦ୍ ଅଧିପତେ ର୍ଗୃହଂ ଯୀଶୁଂ ନୀତ୍ୱା ସେନାନିୱହଂ ସମାହୁଯତ୍|
290f1100ce	ପଶ୍ଚାତ୍ ତେ ତଂ ଧୂମଲୱର୍ଣୱସ୍ତ୍ରଂ ପରିଧାପ୍ୟ କଣ୍ଟକମୁକୁଟଂ ରଚଯିତ୍ୱା ଶିରସି ସମାରୋପ୍ୟ
290f1200b2	ହେ ଯିହୂଦୀଯାନାଂ ରାଜନ୍ ନମସ୍କାର ଇତ୍ୟୁକ୍ତ୍ୱା ତଂ ନମସ୍କର୍ତ୍ତାମାରେଭିରେ|
290f13011b	ତସ୍ୟୋତ୍ତମାଙ୍ଗେ ୱେତ୍ରାଘାତଂ ଚକ୍ରୁସ୍ତଦ୍ଗାତ୍ରେ ନିଷ୍ଠୀୱଞ୍ଚ ନିଚିକ୍ଷିପୁଃ, ତଥା ତସ୍ୟ ସମ୍ମୁଖେ ଜାନୁପାତଂ ପ୍ରଣୋମୁଃ
290f140118	ଇତ୍ଥମୁପହସ୍ୟ ଧୂମ୍ରୱର୍ଣୱସ୍ତ୍ରମ୍ ଉତ୍ତାର୍ୟ୍ୟ ତସ୍ୟ ୱସ୍ତ୍ରଂ ତଂ ପର୍ୟ୍ୟଧାପଯନ୍ କ୍ରୁଶେ ୱେଦ୍ଧୁଂ ବହିର୍ନିନ୍ୟୁଶ୍ଚ|
290f150158	ତତଃ ପରଂ ସେକନ୍ଦରସ୍ୟ ରୁଫସ୍ୟ ଚ ପିତା ଶିମୋନ୍ନାମା କୁରୀଣୀଯଲୋକ ଏକଃ କୁତଶ୍ଚିଦ୍ ଗ୍ରାମାଦେତ୍ୟ ପଥି ଯାତି ତଂ ତେ ଯୀଶୋଃ କ୍ରୁଶଂ ୱୋଢୁଂ ବଲାଦ୍ ଦଧ୍ନୁଃ|
290f16008f	ଅଥ ଗୁଲ୍ଗଲ୍ତା ଅର୍ଥାତ୍ ଶିରଃକପାଲନାମକଂ ସ୍ଥାନଂ ଯୀଶୁମାନୀଯ
290f1700af	ତେ ଗନ୍ଧରସମିଶ୍ରିତଂ ଦ୍ରାକ୍ଷାରସଂ ପାତୁଂ ତସ୍ମୈ ଦଦୁଃ କିନ୍ତୁ ସ ନ ଜଗ୍ରାହ|
290f1800b2	ତସ୍ମିନ୍ କ୍ରୁଶେ ୱିଦ୍ଧେ ସତି ତେଷାମେକୈକଶଃ କିଂ ପ୍ରାପ୍ସ୍ୟତୀତି ନିର୍ଣଯାଯ
290f19007d	ତସ୍ୟ ପରିଧେଯାନାଂ ୱିଭାଗାର୍ଥଂ ଗୁଟିକାପାତଂ ଚକ୍ରୁଃ|
290f1a00d8	ଅପରମ୍ ଏଷ ଯିହୂଦୀଯାନାଂ ରାଜେତି ଲିଖିତଂ ଦୋଷପତ୍ରଂ ତସ୍ୟ ଶିରଊର୍ଦ୍ୱ୍ୱମ୍ ଆରୋପଯାଞ୍ଚକ୍ରୁଃ|
290f1b0084	ତସ୍ୟ ୱାମଦକ୍ଷିଣଯୋ ର୍ଦ୍ୱୌ ଚୌରୌ କ୍ରୁଶଯୋ ର୍ୱିୱିଧାତେ|
290f1c00d0	ତେନୈୱ "ଅପରାଧିଜନୈଃ ସାର୍ଦ୍ଧଂ ସ ଗଣିତୋ ଭୱିଷ୍ୟତି," ଇତି ଶାସ୍ତ୍ରୋକ୍ତଂ ୱଚନଂ ସିଦ୍ଧମଭୂତ|
290f1d016b	ଅନନ୍ତରଂ ମାର୍ଗେ ଯେ ଯେ ଲୋକା ଗମନାଗମନେ ଚକ୍ରୁସ୍ତେ ସର୍ୱ୍ୱ ଏୱ ଶିରାଂସ୍ୟାନ୍ଦୋଲ୍ୟ ନିନ୍ଦନ୍ତୋ ଜଗଦୁଃ, ରେ ମନ୍ଦିରନାଶକ ରେ ଦିନତ୍ରଯମଧ୍ୟେ ତନ୍ନିର୍ମ୍ମାଯକ,
290f1e005d	ଅଧୁନାତ୍ମାନମ୍ ଅୱିତ୍ୱା କ୍ରୁଶାଦୱରୋହ|
290f1f011e	କିଞ୍ଚ ପ୍ରଧାନଯାଜକା ଅଧ୍ୟାପକାଶ୍ଚ ତଦ୍ୱତ୍ ତିରସ୍କୃତ୍ୟ ପରସ୍ପରଂ ଚଚକ୍ଷିରେ ଏଷ ପରାନାୱତ୍ କିନ୍ତୁ ସ୍ୱମୱିତୁଂ ନ ଶକ୍ନୋତି|
290f2001d0	ଯଦୀସ୍ରାଯେଲୋ ରାଜାଭିଷିକ୍ତସ୍ତ୍ରାତା ଭୱତି ତର୍ହ୍ୟଧୁନୈନ କ୍ରୁଶାଦୱରୋହତୁ ୱଯଂ ତଦ୍ ଦୃଷ୍ଟ୍ୱା ୱିଶ୍ୱସିଷ୍ୟାମଃ; କିଞ୍ଚ ଯୌ ଲୋକୌ ତେନ ସାର୍ଦ୍ଧଂ କ୍ରୁଶେ ଽୱିଧ୍ୟେତାଂ ତାୱପି ତଂ ନିର୍ଭର୍ତ୍ସଯାମାସତୁଃ|
290f2100a6	ଅଥ ଦ୍ୱିତୀଯଯାମାତ୍ ତୃତୀଯଯାମଂ ଯାୱତ୍ ସର୍ୱ୍ୱୋ ଦେଶଃ ସାନ୍ଧକାରୋଭୂତ୍|
290f220128	ତତସ୍ତୃତୀଯପ୍ରହରେ ଯୀଶୁରୁଚ୍ଚୈରୱଦତ୍ ଏଲୀ ଏଲୀ ଲାମା ଶିୱକ୍ତନୀ ଅର୍ଥାଦ୍ "ହେ ମଦୀଶ ମଦୀଶ ତ୍ୱଂ ପର୍ୟ୍ୟତ୍ୟାକ୍ଷୀଃ କୁତୋ ହି ମାଂ?"
290f2300c5	ତଦା ସମୀପସ୍ଥଲୋକାନାଂ କେଚିତ୍ ତଦ୍ୱାକ୍ୟଂ ନିଶମ୍ୟାଚଖ୍ୟୁଃ ପଶ୍ୟୈଷ ଏଲିଯମ୍ ଆହୂଯତି|
290f24016d	ତତ ଏକୋ ଜନୋ ଧାୱିତ୍ୱାଗତ୍ୟ ସ୍ପଞ୍ଜେ ଽମ୍ଲରସଂ ପୂରଯିତ୍ୱା ତଂ ନଡାଗ୍ରେ ନିଧାଯ ପାତୁଂ ତସ୍ମୈ ଦତ୍ତ୍ୱାୱଦତ୍ ତିଷ୍ଠ ଏଲିଯ ଏନମୱରୋହଯିତୁମ୍ ଏତି ନ ୱେତି ପଶ୍ୟାମି|
290f25005f	ଅଥ ଯୀଶୁରୁଚ୍ଚୈଃ ସମାହୂଯ ପ୍ରାଣାନ୍ ଜହୌ|
290f2600b6	ତଦା ମନ୍ଦିରସ୍ୟ ଜୱନିକୋର୍ଦ୍ୱ୍ୱାଦଧଃର୍ୟ୍ୟନ୍ତା ୱିଦୀର୍ଣା ଦ୍ୱିଖଣ୍ଡାଭୂତ୍|
290f270159	କିଞ୍ଚ ଇତ୍ଥମୁଚ୍ଚୈରାହୂଯ ପ୍ରାଣାନ୍ ତ୍ୟଜନ୍ତଂ ତଂ ଦୃଷ୍ଦ୍ୱା ତଦ୍ରକ୍ଷଣାଯ ନିଯୁକ୍ତୋ ଯଃ ସେନାପତିରାସୀତ୍ ସୋୱଦତ୍ ନରୋଯମ୍ ଈଶ୍ୱରପୁତ୍ର ଇତି ସତ୍ୟମ୍|
290f2800db	ତଦାନୀଂ ମଗ୍ଦଲୀନୀ ମରିସମ୍ କନିଷ୍ଠଯାକୂବୋ ଯୋସେଶ୍ଚ ମାତାନ୍ୟମରିଯମ୍ ଶାଲୋମୀ ଚ ଯାଃ ସ୍ତ୍ରିଯୋ
290f290177	ଗାଲୀଲ୍ପ୍ରଦେଶେ ଯୀଶୁଂ ସେୱିତ୍ୱା ତଦନୁଗାମିନ୍ୟୋ ଜାତା ଇମାସ୍ତଦନ୍ୟାଶ୍ଚ ଯା ଅନେକା ନାର୍ୟୋ ଯୀଶୁନା ସାର୍ଦ୍ଧଂ ଯିରୂଶାଲମମାଯାତାସ୍ତାଶ୍ଚ ଦୂରାତ୍ ତାନି ଦଦୃଶୁଃ|
290f2a00ac	ଅଥାସାଦନଦିନସ୍ୟାର୍ଥାଦ୍ ୱିଶ୍ରାମୱାରାତ୍ ପୂର୍ୱ୍ୱଦିନସ୍ୟ ସାଯଂକାଲ ଆଗତ
290f2b010d	ଈଶ୍ୱରରାଜ୍ୟାପେକ୍ଷ୍ୟରିମଥୀଯଯୂଷଫନାମା ମାନ୍ୟମନ୍ତ୍ରୀ ସମେତ୍ୟ ପୀଲାତସୱିଧଂ ନିର୍ଭଯୋ ଗତ୍ୱା ଯୀଶୋର୍ଦେହଂ ଯଯାଚେ|
290f2c00d9	କିନ୍ତୁ ସ ଇଦାନୀଂ ମୃତଃ ପୀଲାତ ଇତ୍ୟସମ୍ଭୱଂ ମତ୍ୱା ଶତସେନାପତିମାହୂଯ ସ କଦା ମୃତ ଇତି ପପ୍ରଚ୍ଛ|
290f2d008c	ଶତସେମନାପତିମୁଖାତ୍ ତଜ୍ଜ୍ଞାତ୍ୱା ଯୂଷଫେ ଯୀଶୋର୍ଦେହଂ ଦଦୌ|
290f2e0167	ପଶ୍ଚାତ୍ ସ ସୂକ୍ଷ୍ମଂ ୱାସଃ କ୍ରୀତ୍ୱା ଯୀଶୋଃ କାଯମୱରୋହ୍ୟ ତେନ ୱାସସା ୱେଷ୍ଟାଯିତ୍ୱା ଗିରୌ ଖାତଶ୍ମଶାନେ ସ୍ଥାପିତୱାନ୍ ପାଷାଣଂ ଲୋଠଯିତ୍ୱା ଦ୍ୱାରି ନିଦଧେ|
290f2f00b7	କିନ୍ତୁ ଯତ୍ର ସୋସ୍ଥାପ୍ୟତ ତତ ମଗ୍ଦଲୀନୀ ମରିଯମ୍ ଯୋସିମାତୃମରିଯମ୍ ଚ ଦଦୃଶତୃଃ|
2910010125	ଅଥ ୱିଶ୍ରାମୱାରେ ଗତେ ମଗ୍ଦଲୀନୀ ମରିଯମ୍ ଯାକୂବମାତା ମରିଯମ୍ ଶାଲୋମୀ ଚେମାସ୍ତଂ ମର୍ଦ୍ଦଯିତୁଂ ସୁଗନ୍ଧିଦ୍ରୱ୍ୟାଣି କ୍ରୀତ୍ୱା
29100200a5	ସପ୍ତାହପ୍ରଥମଦିନେଽତିପ୍ରତ୍ୟୂଷେ ସୂର୍ୟ୍ୟୋଦଯକାଲେ ଶ୍ମଶାନମୁପଗତାଃ|
29100300ca	କିନ୍ତୁ ଶ୍ମଶାନଦ୍ୱାରପାଷାଣୋଽତିବୃହନ୍ ତଂ କୋଽପସାରଯିଷ୍ୟତୀତି ତାଃ ପରସ୍ପରଂ ଗଦନ୍ତି!
2910040088	ଏତର୍ହି ନିରୀକ୍ଷ୍ୟ ପାଷାଣୋ ଦ୍ୱାରୋ ଽପସାରିତ ଇତି ଦଦୃଶୁଃ|
2910050144	ପଶ୍ଚାତ୍ତାଃ ଶ୍ମଶାନଂ ପ୍ରୱିଶ୍ୟ ଶୁକ୍ଲୱର୍ଣଦୀର୍ଘପରିଚ୍ଛଦାୱୃତମେକଂ ଯୁୱାନଂ ଶ୍ମଶାନଦକ୍ଷିଣପାର୍ଶ୍ୱ ଉପୱିଷ୍ଟଂ ଦୃଷ୍ଟ୍ୱା ଚମଚ୍ଚକ୍ରୁଃ|
291006014e	ସୋଽୱଦତ୍, ମାଭୈଷ୍ଟ ଯୂଯଂ କ୍ରୁଶେ ହତଂ ନାସରତୀଯଯୀଶୁଂ ଗୱେଷଯଥ ସୋତ୍ର ନାସ୍ତି ଶ୍ମଶାନାଦୁଦସ୍ଥାତ୍; ତୈ ର୍ୟତ୍ର ସ ସ୍ଥାପିତଃ ସ୍ଥାନଂ ତଦିଦଂ ପଶ୍ୟତ|
291007017c	କିନ୍ତୁ ତେନ ଯଥୋକ୍ତଂ ତଥା ଯୁଷ୍ମାକମଗ୍ରେ ଗାଲୀଲଂ ଯାସ୍ୟତେ ତତ୍ର ସ ଯୁଷ୍ମାନ୍ ସାକ୍ଷାତ୍ କରିଷ୍ୟତେ ଯୂଯଂ ଗତ୍ୱା ତସ୍ୟ ଶିଷ୍ୟେଭ୍ୟଃ ପିତରାଯ ଚ ୱାର୍ତ୍ତାମିମାଂ କଥଯତ|
29100800ec	ତାଃ କମ୍ପିତା ୱିସ୍ତିତାଶ୍ଚ ତୂର୍ଣଂ ଶ୍ମଶାନାଦ୍ ବହିର୍ଗତ୍ୱା ପଲାଯନ୍ତ ଭଯାତ୍ କମପି କିମପି ନାୱଦଂଶ୍ଚ|
291009019c	(note: The most reliable and earliest manuscripts do not include Mark 16:9-20.) ଅପରଂ ଯୀଶୁଃ ସପ୍ତାହପ୍ରଥମଦିନେ ପ୍ରତ୍ୟୂଷେ ଶ୍ମଶାନାଦୁତ୍ଥାଯ ଯସ୍ୟାଃ ସପ୍ତଭୂତାସ୍ତ୍ୟାଜିତାସ୍ତସ୍ୟୈ ମଗ୍ଦଲୀନୀମରିଯମେ ପ୍ରଥମଂ ଦର୍ଶନଂ ଦଦୌ|
29100a00b4	ତତଃ ସା ଗତ୍ୱା ଶୋକରୋଦନକୃଦ୍ଭ୍ୟୋଽନୁଗତଲୋକେଭ୍ୟସ୍ତାଂ ୱାର୍ତ୍ତାଂ କଥଯାମାସ|
29100b00c4	କିନ୍ତୁ ଯୀଶୁଃ ପୁନର୍ଜୀୱନ୍ ତସ୍ୟୈ ଦର୍ଶନଂ ଦତ୍ତୱାନିତି ଶ୍ରୁତ୍ୱା ତେ ନ ପ୍ରତ୍ୟଯନ୍|
29100c00cc	ପଶ୍ଚାତ୍ ତେଷାଂ ଦ୍ୱାଯୋ ର୍ଗ୍ରାମଯାନକାଲେ ଯୀଶୁରନ୍ୟୱେଶଂ ଧୃତ୍ୱା ତାଭ୍ୟାଂ ଦର୍ଶନ ଦଦୌ!
29100d00e2	ତାୱପି ଗତ୍ୱାନ୍ୟଶିଷ୍ୟେଭ୍ୟସ୍ତାଂ କଥାଂ କଥଯାଞ୍ଚକ୍ରତୁଃ କିନ୍ତୁ ତଯୋଃ କଥାମପି ତେ ନ ପ୍ରତ୍ୟଯନ୍|
29100e01ee	ଶେଷତ ଏକାଦଶଶିଷ୍ୟେଷୁ ଭୋଜନୋପୱିଷ୍ଟେଷୁ ଯୀଶୁସ୍ତେଭ୍ୟୋ ଦର୍ଶନଂ ଦଦୌ ତଥୋତ୍ଥାନାତ୍ ପରଂ ତଦ୍ଦର୍ଶନପ୍ରାପ୍ତଲୋକାନାଂ କଥାଯାମୱିଶ୍ୱାସକରଣାତ୍ ତେଷାମୱିଶ୍ୱାସମନଃକାଠିନ୍ୟାଭ୍ୟାଂ ହେତୁଭ୍ୟାଂ ସ ତାଂସ୍ତର୍ଜିତୱାନ୍|
29100f00c3	ଅଥ ତାନାଚଖ୍ୟୌ ଯୂଯଂ ସର୍ୱ୍ୱଜଗଦ୍ ଗତ୍ୱା ସର୍ୱ୍ୱଜନାନ୍ ପ୍ରତି ସୁସଂୱାଦଂ ପ୍ରଚାରଯତ|
29101000fb	ତତ୍ର ଯଃ କଶ୍ଚିଦ୍ ୱିଶ୍ୱସ୍ୟ ମଜ୍ଜିତୋ ଭୱେତ୍ ସ ପରିତ୍ରାସ୍ୟତେ କିନ୍ତୁ ଯୋ ନ ୱିଶ୍ୱସିଷ୍ୟତି ସ ଦଣ୍ଡଯିଷ୍ୟତେ|
291011015b	କିଞ୍ଚ ଯେ ପ୍ରତ୍ୟେଷ୍ୟନ୍ତି ତୈରୀଦୃଗ୍ ଆଶ୍ଚର୍ୟ୍ୟଂ କର୍ମ୍ମ ପ୍ରକାଶଯିଷ୍ୟତେ ତେ ମନ୍ନାମ୍ନା ଭୂତାନ୍ ତ୍ୟାଜଯିଷ୍ୟନ୍ତି ଭାଷା ଅନ୍ୟାଶ୍ଚ ୱଦିଷ୍ୟନ୍ତି|
2910120157	ଅପରଂ ତୈଃ ସର୍ପେଷୁ ଧୃତେଷୁ ପ୍ରାଣନାଶକୱସ୍ତୁନି ପୀତେ ଚ ତେଷାଂ କାପି କ୍ଷତି ର୍ନ ଭୱିଷ୍ୟତି; ରୋଗିଣାଂ ଗାତ୍ରେଷୁ କରାର୍ପିତେ ତେଽରୋଗା ଭୱିଷ୍ୟନ୍ତି ଚ|
29101300bc	ଅଥ ପ୍ରଭୁସ୍ତାନିତ୍ୟାଦିଶ୍ୟ ସ୍ୱର୍ଗଂ ନୀତଃ ସନ୍ ପରମେଶ୍ୱରସ୍ୟ ଦକ୍ଷିଣ ଉପୱିୱେଶ|
291014018c	ତତସ୍ତେ ପ୍ରସ୍ଥାଯ ସର୍ୱ୍ୱତ୍ର ସୁସଂୱାଦୀଯକଥାଂ ପ୍ରଚାରଯିତୁମାରେଭିରେ ପ୍ରଭୁସ୍ତୁ ତେଷାଂ ସହାଯଃ ସନ୍ ପ୍ରକାଶିତାଶ୍ଚର୍ୟ୍ୟକ୍ରିଯାଭିସ୍ତାଂ କଥାଂ ପ୍ରମାଣୱତୀଂ ଚକାର| ଇତି|
2a0000000c	ଲୂକଃ
2a010100ff	ପ୍ରଥମତୋ ଯେ ସାକ୍ଷିଣୋ ୱାକ୍ୟପ୍ରଚାରକାଶ୍ଚାସନ୍ ତେଽସ୍ମାକଂ ମଧ୍ୟେ ଯଦ୍ୟତ୍ ସପ୍ରମାଣଂ ୱାକ୍ୟମର୍ପଯନ୍ତି ସ୍ମ
2a0102009d	ତଦନୁସାରତୋଽନ୍ୟେପି ବହୱସ୍ତଦ୍ୱୃତ୍ତାନ୍ତଂ ରଚଯିତୁଂ ପ୍ରୱୃତ୍ତାଃ|
2a010300e8	ଅତଏୱ ହେ ମହାମହିମଥିଯଫିଲ୍ ତ୍ୱଂ ଯା ଯାଃ କଥା ଅଶିକ୍ଷ୍ୟଥାସ୍ତାସାଂ ଦୃଢପ୍ରମାଣାନି ଯଥା ପ୍ରାପ୍ନୋଷି
2a01040124	ତଦର୍ଥଂ ପ୍ରଥମମାରଭ୍ୟ ତାନି ସର୍ୱ୍ୱାଣି ଜ୍ଞାତ୍ୱାହମପି ଅନୁକ୍ରମାତ୍ ସର୍ୱ୍ୱୱୃତ୍ତାନ୍ତାନ୍ ତୁଭ୍ୟଂ ଲେଖିତୁଂ ମତିମକାର୍ଷମ୍|
2a0105014a	ଯିହୂଦାଦେଶୀଯହେରୋଦ୍ନାମକେ ରାଜତ୍ୱଂ କୁର୍ୱ୍ୱତି ଅବୀଯଯାଜକସ୍ୟ ପର୍ୟ୍ୟାଯାଧିକାରୀ ସିଖରିଯନାମକ ଏକୋ ଯାଜକୋ ହାରୋଣୱଂଶୋଦ୍ଭୱା ଇଲୀଶେୱାଖ୍ୟା
2a0106010f	ତସ୍ୟ ଜାଯା ଦ୍ୱାୱିମୌ ନିର୍ଦୋଷୌ ପ୍ରଭୋଃ ସର୍ୱ୍ୱାଜ୍ଞା ୱ୍ୟୱସ୍ଥାଶ୍ଚ ସଂମନ୍ୟ ଈଶ୍ୱରଦୃଷ୍ଟୌ ଧାର୍ମ୍ମିକାୱାସ୍ତାମ୍|
2a010700bc	ତଯୋଃ ସନ୍ତାନ ଏକୋପି ନାସୀତ୍, ଯତ ଇଲୀଶେୱା ବନ୍ଧ୍ୟା ତୌ ଦ୍ୱାୱେୱ ୱୃଦ୍ଧାୱଭୱତାମ୍|
2a010800b8	ଯଦା ସ୍ୱପର୍ୟ୍ୟାନୁକ୍ରମେଣ ସିଖରିଯ ଈଶ୍ୱାସ୍ୟ ସମକ୍ଷଂ ଯାଜକୀଯଂ କର୍ମ୍ମ କରୋତି
2a010900fd	ତଦା ଯଜ୍ଞସ୍ୟ ଦିନପରିପାଯ୍ୟା ପରମେଶ୍ୱରସ୍ୟ ମନ୍ଦିରେ ପ୍ରୱେଶକାଲେ ଧୂପଜ୍ୱାଲନଂ କର୍ମ୍ମ ତସ୍ୟ କରଣୀଯମାସୀତ୍|
2a010a00a0	ତଦ୍ଧୂପଜ୍ୱାଲନକାଲେ ଲୋକନିୱହେ ପ୍ରାର୍ଥନାଂ କର୍ତୁଂ ବହିସ୍ତିଷ୍ଠତି
2a010b010c	ସତି ସିଖରିଯୋ ଯସ୍ୟାଂ ୱେଦ୍ୟାଂ ଧୂପଂ ଜ୍ୱାଲଯତି ତଦ୍ଦକ୍ଷିଣପାର୍ଶ୍ୱେ ପରମେଶ୍ୱରସ୍ୟ ଦୂତ ଏକ ଉପସ୍ଥିତୋ ଦର୍ଶନଂ ଦଦୌ|
2a010c0066	ତଂ ଦୃଷ୍ଟ୍ୱା ସିଖରିଯ ଉଦ୍ୱିୱିଜେ ଶଶଙ୍କେ ଚ|
2a010d015c	ତଦା ସ ଦୂତସ୍ତଂ ବଭାଷେ ହେ ସିଖରିଯ ମା ଭୈସ୍ତୱ ପ୍ରାର୍ଥନା ଗ୍ରାହ୍ୟା ଜାତା ତୱ ଭାର୍ୟ୍ୟା ଇଲୀଶେୱା ପୁତ୍ରଂ ପ୍ରସୋଷ୍ୟତେ ତସ୍ୟ ନାମ ଯୋହନ୍ ଇତି କରିଷ୍ୟସି|
2a010e00bb	କିଞ୍ଚ ତ୍ୱଂ ସାନନ୍ଦଃ ସହର୍ଷଶ୍ଚ ଭୱିଷ୍ୟସି ତସ୍ୟ ଜନ୍ମନି ବହୱ ଆନନ୍ଦିଷ୍ୟନ୍ତି ଚ|
2a010f0156	ଯତୋ ହେତୋଃ ସ ପରମେଶ୍ୱରସ୍ୟ ଗୋଚରେ ମହାନ୍ ଭୱିଷ୍ୟତି ତଥା ଦ୍ରାକ୍ଷାରସଂ ସୁରାଂ ୱା କିମପି ନ ପାସ୍ୟତି, ଅପରଂ ଜନ୍ମାରଭ୍ୟ ପୱିତ୍ରେଣାତ୍ମନା ପରିପୂର୍ଣଃ
2a011000b4	ସନ୍ ଇସ୍ରାଯେଲ୍ୱଂଶୀଯାନ୍ ଅନେକାନ୍ ପ୍ରଭୋଃ ପରମେଶ୍ୱରସ୍ୟ ମାର୍ଗମାନେଷ୍ୟତି|
2a01110209	ସନ୍ତାନାନ୍ ପ୍ରତି ପିତୃଣାଂ ମନାଂସି ଧର୍ମ୍ମଜ୍ଞାନଂ ପ୍ରତ୍ୟନାଜ୍ଞାଗ୍ରାହିଣଶ୍ଚ ପରାୱର୍ତ୍ତଯିତୁଂ, ପ୍ରଭୋଃ ପରମେଶ୍ୱରସ୍ୟ ସେୱାର୍ଥମ୍ ଏକାଂ ସଜ୍ଜିତଜାତିଂ ୱିଧାତୁଞ୍ଚ ସ ଏଲିଯରୂପାତ୍ମଶକ୍ତିପ୍ରାପ୍ତସ୍ତସ୍ୟାଗ୍ରେ ଗମିଷ୍ୟତି|
2a011200cf	ତଦା ସିଖରିଯୋ ଦୂତମୱାଦୀତ୍ କଥମେତଦ୍ ୱେତ୍ସ୍ୟାମି? ଯତୋହଂ ୱୃଦ୍ଧୋ ମମ ଭାର୍ୟ୍ୟା ଚ ୱୃଦ୍ଧା|
2a01130171	ତତୋ ଦୂତଃ ପ୍ରତ୍ୟୁୱାଚ ପଶ୍ୟେଶ୍ୱରସ୍ୟ ସାକ୍ଷାଦ୍ୱର୍ତ୍ତୀ ଜିବ୍ରାଯେଲ୍ନାମା ଦୂତୋହଂ ତ୍ୱଯା ସହ କଥାଂ ଗଦିତୁଂ ତୁଭ୍ୟମିମାଂ ଶୁଭୱାର୍ତ୍ତାଂ ଦାତୁଞ୍ଚ ପ୍ରେଷିତଃ|
2a0114014f	କିନ୍ତୁ ମଦୀଯଂ ୱାକ୍ୟଂ କାଲେ ଫଲିଷ୍ୟତି ତତ୍ ତ୍ୱଯା ନ ପ୍ରତୀତମ୍ ଅତଃ କାରଣାଦ୍ ଯାୱଦେୱ ତାନି ନ ସେତ୍ସ୍ୟନ୍ତି ତାୱତ୍ ତ୍ୱଂ ୱକ୍ତୁଂମଶକ୍ତୋ ମୂକୋ ଭୱ|
2a011500ef	ତଦାନୀଂ ଯେ ଯେ ଲୋକାଃ ସିଖରିଯମପୈକ୍ଷନ୍ତ ତେ ମଧ୍ୟେମନ୍ଦିରଂ ତସ୍ୟ ବହୁୱିଲମ୍ବାଦ୍ ଆଶ୍ଚର୍ୟ୍ୟଂ ମେନିରେ|
2a0116017a	ସ ବହିରାଗତୋ ଯଦା କିମପି ୱାକ୍ୟଂ ୱକ୍ତୁମଶକ୍ତଃ ସଙ୍କେତଂ କୃତ୍ୱା ନିଃଶବ୍ଦସ୍ତସ୍ୟୌ ତଦା ମଧ୍ୟେମନ୍ଦିରଂ କସ୍ୟଚିଦ୍ ଦର୍ଶନଂ ତେନ ପ୍ରାପ୍ତମ୍ ଇତି ସର୍ୱ୍ୱେ ବୁବୁଧିରେ|
2a01170098	ଅନନ୍ତରଂ ତସ୍ୟ ସେୱନପର୍ୟ୍ୟାଯେ ସମ୍ପୂର୍ଣେ ସତି ସ ନିଜଗେହଂ ଜଗାମ|
2a01180096	କତିପଯଦିନେଷୁ ଗତେଷୁ ତସ୍ୟ ଭାର୍ୟ୍ୟା ଇଲୀଶେୱା ଗର୍ବ୍ଭୱତୀ ବଭୂୱ
2a01190152	ପଶ୍ଚାତ୍ ସା ପଞ୍ଚମାସାନ୍ ସଂଗୋପ୍ୟାକଥଯତ୍ ଲୋକାନାଂ ସମକ୍ଷଂ ମମାପମାନଂ ଖଣ୍ଡଯିତୁଂ ପରମେଶ୍ୱରୋ ମଯି ଦୃଷ୍ଟିଂ ପାତଯିତ୍ୱା କର୍ମ୍ମେଦୃଶଂ କୃତୱାନ୍|
2a011a00b1	ଅପରଞ୍ଚ ତସ୍ୟା ଗର୍ବ୍ଭସ୍ୟ ଷଷ୍ଠେ ମାସେ ଜାତେ ଗାଲୀଲ୍ପ୍ରଦେଶୀଯନାସରତ୍ପୁରେ
2a011b0136	ଦାଯୂଦୋ ୱଂଶୀଯାଯ ଯୂଷଫ୍ନାମ୍ନେ ପୁରୁଷାଯ ଯା ମରିଯମ୍ନାମକୁମାରୀ ୱାଗ୍ଦତ୍ତାସୀତ୍ ତସ୍ୟାଃ ସମୀପଂ ଜିବ୍ରାଯେଲ୍ ଦୂତ ଈଶ୍ୱରେଣ ପ୍ରହିତଃ|
2a011c0123	ସ ଗତ୍ୱା ଜଗାଦ ହେ ଈଶ୍ୱରାନୁଗୃହୀତକନ୍ୟେ ତୱ ଶୁଭଂ ଭୂଯାତ୍ ପ୍ରଭୁଃ ପରମେଶ୍ୱରସ୍ତୱ ସହାଯୋସ୍ତି ନାରୀଣାଂ ମଧ୍ୟେ ତ୍ୱମେୱ ଧନ୍ୟା|
2a011d00d8	ତଦାନୀଂ ସା ତଂ ଦୃଷ୍ଟ୍ୱା ତସ୍ୟ ୱାକ୍ୟତ ଉଦ୍ୱିଜ୍ୟ କୀଦୃଶଂ ଭାଷଣମିଦମ୍ ଇତି ମନସା ଚିନ୍ତଯାମାସ|
2a011e00bd	ତତୋ ଦୂତୋଽୱଦତ୍ ହେ ମରିଯମ୍ ଭଯଂ ମାକାର୍ଷୀଃ, ତ୍ୱଯି ପରମେଶ୍ୱରସ୍ୟାନୁଗ୍ରହୋସ୍ତି|
2a011f00be	ପଶ୍ୟ ତ୍ୱଂ ଗର୍ବ୍ଭଂ ଧୃତ୍ୱା ପୁତ୍ରଂ ପ୍ରସୋଷ୍ୟସେ ତସ୍ୟ ନାମ ଯୀଶୁରିତି କରିଷ୍ୟସି|
2a0120015e	ସ ମହାନ୍ ଭୱିଷ୍ୟତି ତଥା ସର୍ୱ୍ୱେଭ୍ୟଃ ଶ୍ରେଷ୍ଠସ୍ୟ ପୁତ୍ର ଇତି ଖ୍ୟାସ୍ୟତି; ଅପରଂ ପ୍ରଭୁଃ ପରମେଶ୍ୱରସ୍ତସ୍ୟ ପିତୁର୍ଦାଯୂଦଃ ସିଂହାସନଂ ତସ୍ମୈ ଦାସ୍ୟତି;
2a012100d5	ତଥା ସ ଯାକୂବୋ ୱଂଶୋପରି ସର୍ୱ୍ୱଦା ରାଜତ୍ୱଂ କରିଷ୍ୟତି, ତସ୍ୟ ରାଜତ୍ୱସ୍ୟାନ୍ତୋ ନ ଭୱିଷ୍ୟତି|
2a012200c5	ତଦା ମରିଯମ୍ ତଂ ଦୂତଂ ବଭାଷେ ନାହଂ ପୁରୁଷସଙ୍ଗଂ କରୋମି ତର୍ହି କଥମେତତ୍ ସମ୍ଭୱିଷ୍ୟତି?
2a012301f2	ତତୋ ଦୂତୋଽକଥଯତ୍ ପୱିତ୍ର ଆତ୍ମା ତ୍ୱାମାଶ୍ରାଯିଷ୍ୟତି ତଥା ସର୍ୱ୍ୱଶ୍ରେଷ୍ଠସ୍ୟ ଶକ୍ତିସ୍ତୱୋପରି ଛାଯାଂ କରିଷ୍ୟତି ତତୋ ହେତୋସ୍ତୱ ଗର୍ବ୍ଭାଦ୍ ଯଃ ପୱିତ୍ରବାଲକୋ ଜନିଷ୍ୟତେ ସ ଈଶ୍ୱରପୁତ୍ର ଇତି ଖ୍ୟାତିଂ ପ୍ରାପ୍ସ୍ୟତି|
2a0124014f	ଅପରଞ୍ଚ ପଶ୍ୟ ତୱ ଜ୍ଞାତିରିଲୀଶେୱା ଯାଂ ସର୍ୱ୍ୱେ ବନ୍ଧ୍ୟାମୱଦନ୍ ଇଦାନୀଂ ସା ୱାର୍ଦ୍ଧକ୍ୟେ ସନ୍ତାନମେକଂ ଗର୍ବ୍ଭେଽଧାରଯତ୍ ତସ୍ୟ ଷଷ୍ଠମାସୋଭୂତ୍|
2a01250058	କିମପି କର୍ମ୍ମ ନାସାଧ୍ୟମ୍ ଈଶ୍ୱରସ୍ୟ|
2a01260137	ତଦା ମରିଯମ୍ ଜଗାଦ, ପଶ୍ୟ ପ୍ରଭେରହଂ ଦାସୀ ମହ୍ୟଂ ତୱ ୱାକ୍ୟାନୁସାରେଣ ସର୍ୱ୍ୱମେତଦ୍ ଘଟତାମ୍; ଅନନତରଂ ଦୂତସ୍ତସ୍ୟାଃ ସମୀପାତ୍ ପ୍ରତସ୍ଥେ|
2a012700e0	ଅଥ କତିପଯଦିନାତ୍ ପରଂ ମରିଯମ୍ ତସ୍ମାତ୍ ପର୍ୱ୍ୱତମଯପ୍ରଦେଶୀଯଯିହୂଦାଯା ନଗରମେକଂ ଶୀଘ୍ରଂ ଗତ୍ୱା
2a012800af	ସିଖରିଯଯାଜକସ୍ୟ ଗୃହଂ ପ୍ରୱିଶ୍ୟ ତସ୍ୟ ଜାଯାମ୍ ଇଲୀଶେୱାଂ ସମ୍ବୋଧ୍ୟାୱଦତ୍|
2a0129016e	ତତୋ ମରିଯମଃ ସମ୍ବୋଧନୱାକ୍ୟେ ଇଲୀଶେୱାଯାଃ କର୍ଣଯୋଃ ପ୍ରୱିଷ୍ଟମାତ୍ରେ ସତି ତସ୍ୟା ଗର୍ବ୍ଭସ୍ଥବାଲକୋ ନନର୍ତ୍ତ| ତତ ଇଲୀଶେୱା ପୱିତ୍ରେଣାତ୍ମନା ପରିପୂର୍ଣା ସତୀ
2a012a00d7	ପ୍ରୋଚ୍ଚୈର୍ଗଦିତୁମାରେଭେ, ଯୋଷିତାଂ ମଧ୍ୟେ ତ୍ୱମେୱ ଧନ୍ୟା, ତୱ ଗର୍ବ୍ଭସ୍ଥଃ ଶିଶୁଶ୍ଚ ଧନ୍ୟଃ|
2a012b00b8	ତ୍ୱଂ ପ୍ରଭୋର୍ମାତା, ମମ ନିୱେଶନେ ତ୍ୱଯା ଚରଣାୱର୍ପିତୌ, ମମାଦ୍ୟ ସୌଭାଗ୍ୟମେତତ୍|
2a012c00d3	ପଶ୍ୟ ତୱ ୱାକ୍ୟେ ମମ କର୍ଣଯୋଃ ପ୍ରୱିଷ୍ଟମାତ୍ରେ ସତି ମମୋଦରସ୍ଥଃ ଶିଶୁରାନନ୍ଦାନ୍ ନନର୍ତ୍ତ|
2a012d0104	ଯା ସ୍ତ୍ରୀ ୱ୍ୟଶ୍ୱସୀତ୍ ସା ଧନ୍ୟା, ଯତୋ ହେତୋସ୍ତାଂ ପ୍ରତି ପରମେଶ୍ୱରୋକ୍ତଂ ୱାକ୍ୟଂ ସର୍ୱ୍ୱଂ ସିଦ୍ଧଂ ଭୱିଷ୍ୟତି|
2a012e008d	ତଦାନୀଂ ମରିଯମ୍ ଜଗାଦ| ଧନ୍ୟୱାଦଂ ପରେଶସ୍ୟ କରୋତି ମାମକଂ ମନଃ|
2a012f0068	ମମାତ୍ମା ତାରକେଶେ ଚ ସମୁଲ୍ଲାସଂ ପ୍ରଗଚ୍ଛତି|
2a0130010d	ଅକରୋତ୍ ସ ପ୍ରଭୁ ର୍ଦୁଷ୍ଟିଂ ସ୍ୱଦାସ୍ୟା ଦୁର୍ଗତିଂ ପ୍ରତି| ପଶ୍ୟାଦ୍ୟାରଭ୍ୟ ମାଂ ଧନ୍ୟାଂ ୱକ୍ଷ୍ୟନ୍ତି ପୁରୁଷାଃ ସଦା|
2a013100de	ଯଃ ସର୍ୱ୍ୱଶକ୍ତିମାନ୍ ଯସ୍ୟ ନାମାପି ଚ ପୱିତ୍ରକଂ| ସ ଏୱ ସୁମହତ୍କର୍ମ୍ମ କୃତୱାନ୍ ମନ୍ନିମିତ୍ତକଂ|
2a013200e3	ଯେ ବିଭ୍ୟତି ଜନାସ୍ତସ୍ମାତ୍ ତେଷାଂ ସନ୍ତାନପଂକ୍ତିଷୁ| ଅନୁକମ୍ପା ତଦୀଯା ଚ ସର୍ୱ୍ୱଦୈୱ ସୁତିଷ୍ଠତି|
2a013300ea	ସ୍ୱବାହୁବଲତସ୍ତେନ ପ୍ରାକାଶ୍ୟତ ପରାକ୍ରମଃ| ମନଃକୁମନ୍ତ୍ରଣାସାର୍ଦ୍ଧଂ ୱିକୀର୍ୟ୍ୟନ୍ତେଽଭିମାନିନଃ|
2a013400ef	ସିଂହାସନଗତାଲ୍ଲୋକାନ୍ ବଲିନଶ୍ଚାୱରୋହ୍ୟ ସଃ| ପଦେଷୂଚ୍ଚେଷୁ ଲୋକାଂସ୍ତୁ କ୍ଷୁଦ୍ରାନ୍ ସଂସ୍ଥାପଯତ୍ୟପି|
2a013500fe	କ୍ଷୁଧିତାନ୍ ମାନୱାନ୍ ଦ୍ରୱ୍ୟୈରୁତ୍ତମୈଃ ପରିତର୍ପ୍ୟ ସଃ| ସକଲାନ୍ ଧନିନୋ ଲୋକାନ୍ ୱିସୃଜେଦ୍ ରିକ୍ତହସ୍ତକାନ୍|
2a013600f3	ଇବ୍ରାହୀମି ଚ ତଦ୍ୱଂଶେ ଯା ଦଯାସ୍ତି ସଦୈୱ ତାଂ| ସ୍ମୃତ୍ୱା ପୁରା ପିତୃଣାଂ ନୋ ଯଥା ସାକ୍ଷାତ୍ ପ୍ରତିଶ୍ରୁତଂ|
2a0137006a	ଇସ୍ରାଯେଲ୍ସେୱକସ୍ତେନ ତଥୋପକ୍ରିଯତେ ସ୍ୱଯଂ||
2a013800d5	ଅନନ୍ତରଂ ମରିଯମ୍ ପ୍ରାଯେଣ ମାସତ୍ରଯମ୍ ଇଲୀଶେୱଯା ସହୋଷିତ୍ୱା ୱ୍ୟାଘୁଯ୍ୟ ନିଜନିୱେଶନଂ ଯଯୌ|
2a013900ad	ତଦନନ୍ତରମ୍ ଇଲୀଶେୱାଯାଃ ପ୍ରସୱକାଲ ଉପସ୍ଥିତେ ସତି ସା ପୁତ୍ରଂ ପ୍ରାସୋଷ୍ଟ|
2a013a0110	ତତଃ ପରମେଶ୍ୱରସ୍ତସ୍ୟାଂ ମହାନୁଗ୍ରହଂ କୃତୱାନ୍ ଏତତ୍ ଶ୍ରୁତ୍ୱା ସମୀପୱାସିନଃ କୁଟୁମ୍ବାଶ୍ଚାଗତ୍ୟ ତଯା ସହ ମୁମୁଦିରେ|
2a013b0106	ତଥାଷ୍ଟମେ ଦିନେ ତେ ବାଲକସ୍ୟ ତ୍ୱଚଂ ଛେତ୍ତୁମ୍ ଏତ୍ୟ ତସ୍ୟ ପିତୃନାମାନୁରୂପଂ ତନ୍ନାମ ସିଖରିଯ ଇତି କର୍ତ୍ତୁମୀଷୁଃ|
2a013c009c	କିନ୍ତୁ ତସ୍ୟ ମାତାକଥଯତ୍ ତନ୍ନ, ନାମାସ୍ୟ ଯୋହନ୍ ଇତି କର୍ତ୍ତୱ୍ୟମ୍|
2a013d008c	ତଦା ତେ ୱ୍ୟାହରନ୍ ତୱ ୱଂଶମଧ୍ୟେ ନାମେଦୃଶଂ କସ୍ୟାପି ନାସ୍ତି|
2a013e00cc	ତତଃ ପରଂ ତସ୍ୟ ପିତରଂ ସିଖରିଯଂ ପ୍ରତି ସଙ୍କେତ୍ୟ ପପ୍ରଚ୍ଛୁଃ ଶିଶୋଃ କିଂ ନାମ କାରିଷ୍ୟତେ?
2a013f00ec	ତତଃ ସ ଫଲକମେକଂ ଯାଚିତ୍ୱା ଲିଲେଖ ତସ୍ୟ ନାମ ଯୋହନ୍ ଭୱିଷ୍ୟତି| ତସ୍ମାତ୍ ସର୍ୱ୍ୱେ ଆଶ୍ଚର୍ୟ୍ୟଂ ମେନିରେ|
2a01400115	ତତ୍କ୍ଷଣଂ ସିଖରିଯସ୍ୟ ଜିହ୍ୱାଜାଡ୍ୟେଽପଗତେ ସ ମୁଖଂ ୱ୍ୟାଦାଯ ସ୍ପଷ୍ଟୱର୍ଣମୁଚ୍ଚାର୍ୟ୍ୟ ଈଶ୍ୱରସ୍ୟ ଗୁଣାନୁୱାଦଂ ଚକାର|
2a01410139	ତସ୍ମାଚ୍ଚତୁର୍ଦିକ୍ସ୍ଥାଃ ସମୀପୱାସିଲୋକା ଭୀତା ଏୱମେତାଃ ସର୍ୱ୍ୱାଃ କଥା ଯିହୂଦାଯାଃ ପର୍ୱ୍ୱତମଯପ୍ରଦେଶସ୍ୟ ସର୍ୱ୍ୱତ୍ର ପ୍ରଚାରିତାଃ|
2a01420114	ତସ୍ମାତ୍ ଶ୍ରୋତାରୋ ମନଃସୁ ସ୍ଥାପଯିତ୍ୱା କଥଯାମ୍ବଭୂୱୁଃ କୀଦୃଶୋଯଂ ବାଲୋ ଭୱିଷ୍ୟତି? ଅଥ ପରମେଶ୍ୱରସ୍ତସ୍ୟ ସହାଯୋଭୂତ୍|
2a014300e5	ତଦା ଯୋହନଃ ପିତା ସିଖରିଯଃ ପୱିତ୍ରେଣାତ୍ମନା ପରିପୂର୍ଣଃ ସନ୍ ଏତାଦୃଶଂ ଭୱିଷ୍ୟଦ୍ୱାକ୍ୟଂ କଥଯାମାସ|
2a014400db	ଇସ୍ରାଯେଲଃ ପ୍ରଭୁ ର୍ୟସ୍ତୁ ସ ଧନ୍ୟଃ ପରମେଶ୍ୱରଃ| ଅନୁଗୃହ୍ୟ ନିଜାଲ୍ଲୋକାନ୍ ସ ଏୱ ପରିମୋଚଯେତ୍|
2a014500d6	ୱିପକ୍ଷଜନହସ୍ତେଭ୍ୟୋ ଯଥା ମୋଚ୍ୟାମହେ ୱଯଂ| ଯାୱଜ୍ଜୀୱଞ୍ଚ ଧର୍ମ୍ମେଣ ସାରଲ୍ୟେନ ଚ ନିର୍ଭଯାଃ|
2a014600c4	ସେୱାମହୈ ତମେୱୈକମ୍ ଏତତ୍କାରଣମେୱ ଚ| ସ୍ୱକୀଯଂ ସୁପୱିତ୍ରଞ୍ଚ ସଂସ୍ମୃତ୍ୟ ନିଯମଂ ସଦା|
2a014700eb	କୃପଯା ପୁରୁଷାନ୍ ପୂର୍ୱ୍ୱାନ୍ ନିକଷାର୍ଥାତ୍ତୁ ନଃ ପିତୁଃ| ଇବ୍ରାହୀମଃ ସମୀପେ ଯଂ ଶପଥଂ କୃତୱାନ୍ ପୁରା|
2a014800bf	ତମେୱ ସଫଲଂ କର୍ତ୍ତଂ ତଥା ଶତ୍ରୁଗଣସ୍ୟ ଚ| ଋତୀଯାକାରିଣଶ୍ଚୈୱ କରେଭ୍ୟୋ ରକ୍ଷଣାଯ ନଃ|
2a01490080	ସୃଷ୍ଟେଃ ପ୍ରଥମତଃ ସ୍ୱୀଯୈଃ ପୱିତ୍ରୈ ର୍ଭାୱିୱାଦିଭିଃ|
2a014a006c	ଯଥୋକ୍ତୱାନ୍ ତଥା ସ୍ୱସ୍ୟ ଦାଯୂଦଃ ସେୱକସ୍ୟ ତୁ|
2a014b0071	ୱଂଶେ ତ୍ରାତାରମେକଂ ସ ସମୁତ୍ପାଦିତୱାନ୍ ସ୍ୱଯମ୍|
2a014c01e0	ଅତୋ ହେ ବାଲକ ତ୍ୱନ୍ତୁ ସର୍ୱ୍ୱେଭ୍ୟଃ ଶ୍ରେଷ୍ଠ ଏୱ ଯଃ| ତସ୍ୟୈୱ ଭାୱିୱାଦୀତି ପ୍ରୱିଖ୍ୟାତୋ ଭୱିଷ୍ୟସି| ଅସ୍ମାକଂ ଚରଣାନ୍ କ୍ଷେମେ ମାର୍ଗେ ଚାଲଯିତୁଂ ସଦା| ଏୱଂ ଧ୍ୱାନ୍ତେଽର୍ଥତୋ ମୃତ୍ୟୋଶ୍ଛାଯାଯାଂ ଯେ ତୁ ମାନୱାଃ|
2a014d00cd	ଉପୱିଷ୍ଟାସ୍ତୁ ତାନେୱ ପ୍ରକାଶଯିତୁମେୱ ହି| କୃତ୍ୱା ମହାନୁକମ୍ପାଂ ହି ଯାମେୱ ପରମେଶ୍ୱରଃ|
2a014e0102	ଊର୍ଦ୍ୱ୍ୱାତ୍ ସୂର୍ୟ୍ୟମୁଦାଯ୍ୟୈୱାସ୍ମଭ୍ୟଂ ପ୍ରାଦାତ୍ତୁ ଦର୍ଶନଂ| ତଯାନୁକମ୍ପଯା ସ୍ୱସ୍ୟ ଲୋକାନାଂ ପାପମୋଚନେ|
2a014f00fc	ପରିତ୍ରାଣସ୍ୟ ତେଭ୍ୟୋ ହି ଜ୍ଞାନୱିଶ୍ରାଣନାଯ ଚ| ପ୍ରଭୋ ର୍ମାର୍ଗଂ ପରିଷ୍କର୍ତ୍ତୁଂ ତସ୍ୟାଗ୍ରାଯୀ ଭୱିଷ୍ୟସି||
2a01500160	ଅଥ ବାଲକଃ ଶରୀରେଣ ବୁଦ୍ଧ୍ୟା ଚ ୱର୍ଦ୍ଧିତୁମାରେଭେ; ଅପରଞ୍ଚ ସ ଇସ୍ରାଯେଲୋ ୱଂଶୀଯଲୋକାନାଂ ସମୀପେ ଯାୱନ୍ନ ପ୍ରକଟୀଭୂତସ୍ତାସ୍ତାୱତ୍ ପ୍ରାନ୍ତରେ ନ୍ୟୱସତ୍|
2a020100f1	ଅପରଞ୍ଚ ତସ୍ମିନ୍ କାଲେ ରାଜ୍ୟସ୍ୟ ସର୍ୱ୍ୱେଷାଂ ଲୋକାନାଂ ନାମାନି ଲେଖଯିତୁମ୍ ଅଗସ୍ତକୈସର ଆଜ୍ଞାପଯାମାସ|
2a020200b2	ତଦନୁସାରେଣ କୁରୀଣିଯନାମନି ସୁରିଯାଦେଶସ୍ୟ ଶାସକେ ସତି ନାମଲେଖନଂ ପ୍ରାରେଭେ|
2a020300a6	ଅତୋ ହେତୋ ର୍ନାମ ଲେଖିତୁଂ ସର୍ୱ୍ୱେ ଜନାଃ ସ୍ୱୀଯଂ ସ୍ୱୀଯଂ ନଗରଂ ଜଗ୍ମୁଃ|
2a02040171	ତଦାନୀଂ ଯୂଷଫ୍ ନାମ ଲେଖିତୁଂ ୱାଗ୍ଦତ୍ତଯା ସ୍ୱଭାର୍ୟ୍ୟଯା ଗର୍ବ୍ଭୱତ୍ୟା ମରିଯମା ସହ ସ୍ୱଯଂ ଦାଯୂଦଃ ସଜାତିୱଂଶ ଇତି କାରଣାଦ୍ ଗାଲୀଲ୍ପ୍ରଦେଶସ୍ୟ ନାସରତ୍ନଗରାଦ୍
2a02050082	ଯିହୂଦାପ୍ରଦେଶସ୍ୟ ବୈତ୍ଲେହମାଖ୍ୟଂ ଦାଯୂଦ୍ନଗରଂ ଜଗାମ|
2a020600b8	ଅନ୍ୟଚ୍ଚ ତତ୍ର ସ୍ଥାନେ ତଯୋସ୍ତିଷ୍ଠତୋଃ ସତୋ ର୍ମରିଯମଃ ପ୍ରସୂତିକାଲ ଉପସ୍ଥିତେ
2a02070130	ସା ତଂ ପ୍ରଥମସୁତଂ ପ୍ରାସୋଷ୍ଟ କିନ୍ତୁ ତସ୍ମିନ୍ ୱାସଗୃହେ ସ୍ଥାନାଭାୱାଦ୍ ବାଲକଂ ୱସ୍ତ୍ରେଣ ୱେଷ୍ଟଯିତ୍ୱା ଗୋଶାଲାଯାଂ ସ୍ଥାପଯାମାସ|
2a0208013b	ଅନନ୍ତରଂ ଯେ କିଯନ୍ତୋ ମେଷପାଲକାଃ ସ୍ୱମେଷୱ୍ରଜରକ୍ଷାଯୈ ତତ୍ପ୍ରଦେଶେ ସ୍ଥିତ୍ୱା ରଜନ୍ୟାଂ ପ୍ରାନ୍ତରେ ପ୍ରହରିଣଃ କର୍ମ୍ମ କୁର୍ୱ୍ୱନ୍ତି,
2a02090129	ତେଷାଂ ସମୀପଂ ପରମେଶ୍ୱରସ୍ୟ ଦୂତ ଆଗତ୍ୟୋପତସ୍ଥୌ; ତଦା ଚତୁଷ୍ପାର୍ଶ୍ୱେ ପରମେଶ୍ୱରସ୍ୟ ତେଜସଃ ପ୍ରକାଶିତତ୍ୱାତ୍ ତେଽତିଶଶଙ୍କିରେ|
2a020a00fa	ତଦା ସ ଦୂତ ଉୱାଚ ମା ଭୈଷ୍ଟ ପଶ୍ୟତାଦ୍ୟ ଦାଯୂଦଃ ପୁରେ ଯୁଷ୍ମନ୍ନିମିତ୍ତଂ ତ୍ରାତା ପ୍ରଭୁଃ ଖ୍ରୀଷ୍ଟୋଽଜନିଷ୍ଟ,
2a020b00c7	ସର୍ୱ୍ୱେଷାଂ ଲୋକାନାଂ ମହାନନ୍ଦଜନକମ୍ ଇମଂ ମଙ୍ଗଲୱୃତ୍ତାନ୍ତଂ ଯୁଷ୍ମାନ୍ ଜ୍ଞାପଯାମି|
2a020c011d	ଯୂଯଂ (ତତ୍ସ୍ଥାନଂ ଗତ୍ୱା) ୱସ୍ତ୍ରୱେଷ୍ଟିତଂ ତଂ ବାଲକଂ ଗୋଶାଲାଯାଂ ଶଯନଂ ଦ୍ରକ୍ଷ୍ୟଥ ଯୁଷ୍ମାନ୍ ପ୍ରତୀଦଂ ଚିହ୍ନଂ ଭୱିଷ୍ୟତି|
2a020d0122	ଦୂତ ଇମାଂ କଥାଂ କଥିତୱତି ତତ୍ରାକସ୍ମାତ୍ ସ୍ୱର୍ଗୀଯାଃ ପୃତନା ଆଗତ୍ୟ କଥାମ୍ ଇମାଂ କଥଯିତ୍ୱେଶ୍ୱରସ୍ୟ ଗୁଣାନନ୍ୱୱାଦିଷୁଃ, ଯଥା,
2a020e011b	ସର୍ୱ୍ୱୋର୍ଦ୍ୱ୍ୱସ୍ଥୈରୀଶ୍ୱରସ୍ୟ ମହିମା ସମ୍ପ୍ରକାଶ୍ୟତାଂ| ଶାନ୍ତିର୍ଭୂଯାତ୍ ପୃଥିୱ୍ୟାସ୍ତୁ ସନ୍ତୋଷଶ୍ଚ ନରାନ୍ ପ୍ରତି||
2a020f01c0	ତତଃ ପରଂ ତେଷାଂ ସନ୍ନିଧେ ର୍ଦୂତଗଣେ ସ୍ୱର୍ଗଂ ଗତେ ମେଷପାଲକାଃ ପରସ୍ପରମ୍ ଅୱେଚନ୍ ଆଗଚ୍ଛତ ପ୍ରଭୁଃ ପରମେଶ୍ୱରୋ ଯାଂ ଘଟନାଂ ଜ୍ଞାପିତୱାନ୍ ତସ୍ୟା ଯାଥର୍ୟଂ ଜ୍ଞାତୁଂ ୱଯମଧୁନା ବୈତ୍ଲେହମ୍ପୁରଂ ଯାମଃ|
2a021000c1	ପଶ୍ଚାତ୍ ତେ ତୂର୍ଣଂ ୱ୍ରଜିତ୍ୱା ମରିଯମଂ ଯୂଷଫଂ ଗୋଶାଲାଯାଂ ଶଯନଂ ବାଲକଞ୍ଚ ଦଦୃଶୁଃ|
2a021100c4	ଇତ୍ଥଂ ଦୃଷ୍ଟ୍ୱା ବାଲକସ୍ୟାର୍ଥେ ପ୍ରୋକ୍ତାଂ ସର୍ୱ୍ୱକଥାଂ ତେ ପ୍ରାଚାରଯାଞ୍ଚକ୍ରୁଃ|
2a021200e1	ତତୋ ଯେ ଲୋକା ମେଷରକ୍ଷକାଣାଂ ୱଦନେଭ୍ୟସ୍ତାଂ ୱାର୍ତ୍ତାଂ ଶୁଶ୍ରୁୱୁସ୍ତେ ମହାଶ୍ଚର୍ୟ୍ୟଂ ମେନିରେ|
2a021300be	କିନ୍ତୁ ମରିଯମ୍ ଏତତ୍ସର୍ୱ୍ୱଘଟନାନାଂ ତାତ୍ପର୍ୟ୍ୟଂ ୱିୱିଚ୍ୟ ମନସି ସ୍ଥାପଯାମାସ|
2a02140144	ତତ୍ପଶ୍ଚାଦ୍ ଦୂତୱିଜ୍ଞପ୍ତାନୁରୂପଂ ଶ୍ରୁତ୍ୱା ଦୃଷ୍ଟ୍ୱା ଚ ମେଷପାଲକା ଈଶ୍ୱରସ୍ୟ ଗୁଣାନୁୱାଦଂ ଧନ୍ୟୱାଦଞ୍ଚ କୁର୍ୱ୍ୱାଣାଃ ପରାୱୃତ୍ୟ ଯଯୁଃ|
2a02150185	ଅଥ ବାଲକସ୍ୟ ତ୍ୱକ୍ଛେଦନକାଲେଽଷ୍ଟମଦିୱସେ ସମୁପସ୍ଥିତେ ତସ୍ୟ ଗର୍ବ୍ଭସ୍ଥିତେଃ ପୁର୍ୱ୍ୱଂ ସ୍ୱର୍ଗୀଯଦୂତୋ ଯଥାଜ୍ଞାପଯତ୍ ତଦନୁରୂପଂ ତେ ତନ୍ନାମଧେଯଂ ଯୀଶୁରିତି ଚକ୍ରିରେ|
2a021600b2	ତତଃ ପରଂ ମୂସାଲିଖିତୱ୍ୟୱସ୍ଥାଯା ଅନୁସାରେଣ ମରିଯମଃ ଶୁଚିତ୍ୱକାଲ ଉପସ୍ଥିତେ,
2a021700d6	"ପ୍ରଥମଜଃ ସର୍ୱ୍ୱଃ ପୁରୁଷସନ୍ତାନଃ ପରମେଶ୍ୱରେ ସମର୍ପ୍ୟତାଂ," ଇତି ପରମେଶ୍ୱରସ୍ୟ ୱ୍ୟୱସ୍ଥଯା
2a0218014c	ଯୀଶୁଂ ପରମେଶ୍ୱରେ ସମର୍ପଯିତୁମ୍ ଶାସ୍ତ୍ରୀଯୱିଧ୍ୟୁକ୍ତଂ କପୋତଦ୍ୱଯଂ ପାରାୱତଶାୱକଦ୍ୱଯଂ ୱା ବଲିଂ ଦାତୁଂ ତେ ତଂ ଗୃହୀତ୍ୱା ଯିରୂଶାଲମମ୍ ଆଯଯୁଃ|
2a0219015a	ଯିରୂଶାଲମ୍ପୁରନିୱାସୀ ଶିମିଯୋନ୍ନାମା ଧାର୍ମ୍ମିକ ଏକ ଆସୀତ୍ ସ ଇସ୍ରାଯେଲଃ ସାନ୍ତ୍ୱନାମପେକ୍ଷ୍ୟ ତସ୍ଥୌ କିଞ୍ଚ ପୱିତ୍ର ଆତ୍ମା ତସ୍ମିନ୍ନାୱିର୍ଭୂତଃ|
2a021a0132	ଅପରଂ ପ୍ରଭୁଣା ପରମେଶ୍ୱରେଣାଭିଷିକ୍ତେ ତ୍ରାତରି ତ୍ୱଯା ନ ଦୃଷ୍ଟେ ତ୍ୱଂ ନ ମରିଷ୍ୟସୀତି ୱାକ୍ୟଂ ପୱିତ୍ରେଣ ଆତ୍ମନା ତସ୍ମ ପ୍ରାକଥ୍ୟତ|
2a021b00fc	ଅପରଞ୍ଚ ଯଦା ଯୀଶୋଃ ପିତା ମାତା ଚ ତଦର୍ଥଂ ୱ୍ୟୱସ୍ଥାନୁରୂପଂ କର୍ମ୍ମ କର୍ତ୍ତୁଂ ତଂ ମନ୍ଦିରମ୍ ଆନିନ୍ୟତୁସ୍ତଦା
2a021c00f7	ଶିମିଯୋନ୍ ଆତ୍ମନ ଆକର୍ଷଣେନ ମନ୍ଦିରମାଗତ୍ୟ ତଂ କ୍ରୋଡେ ନିଧାଯ ଈଶ୍ୱରସ୍ୟ ଧନ୍ୟୱାଦଂ କୃତ୍ୱା କଥଯାମାସ, ଯଥା,
2a021d00cd	ହେ ପ୍ରଭୋ ତୱ ଦାସୋଯଂ ନିଜୱାକ୍ୟାନୁସାରତଃ| ଇଦାନୀନ୍ତୁ ସକଲ୍ୟାଣୋ ଭୱତା ସଂୱିସୃଜ୍ୟତାମ୍|
2a021e005e	ଯତଃ ସକଲଦେଶସ୍ୟ ଦୀପ୍ତଯେ ଦୀପ୍ତିରୂପକଂ|
2a021f0056	ଇସ୍ରାଯେଲୀଯଲୋକସ୍ୟ ମହାଗୌରୱରୂପକଂ|
2a022000ce	ଯଂ ତ୍ରାଯକଂ ଜନାନାନ୍ତୁ ସମ୍ମୁଖେ ତ୍ୱମଜୀଜନଃ| ସଏୱ ୱିଦ୍ୟତେଽସ୍ମାକଂ ଧ୍ରୱଂ ନଯନନଗୋଚରେ||
2a022100c6	ତଦାନୀଂ ତେନୋକ୍ତା ଏତାଃ ସକଲାଃ କଥାଃ ଶ୍ରୁତ୍ୱା ତସ୍ୟ ମାତା ଯୂଷଫ୍ ଚ ୱିସ୍ମଯଂ ମେନାତେ|
2a02220202	ତତଃ ପରଂ ଶିମିଯୋନ୍ ତେଭ୍ୟ ଆଶିଷଂ ଦତ୍ତ୍ୱା ତନ୍ମାତରଂ ମରିଯମମ୍ ଉୱାଚ, ପଶ୍ୟ ଇସ୍ରାଯେଲୋ ୱଂଶମଧ୍ୟେ ବହୂନାଂ ପାତନାଯୋତ୍ଥାପନାଯ ଚ ତଥା ୱିରୋଧପାତ୍ରଂ ଭୱିତୁଂ, ବହୂନାଂ ଗୁପ୍ତମନୋଗତାନାଂ ପ୍ରକଟୀକରଣାଯ ବାଲକୋଯଂ ନିଯୁକ୍ତୋସ୍ତି|
2a02230071	ତସ୍ମାତ୍ ତୱାପି ପ୍ରାଣାଃ ଶୂଲେନ ୱ୍ୟତ୍ସ୍ୟନ୍ତେ|
2a022401bf	ଅପରଞ୍ଚ ଆଶେରସ୍ୟ ୱଂଶୀଯଫିନୂଯେଲୋ ଦୁହିତା ହନ୍ନାଖ୍ୟା ଅତିଜରତୀ ଭୱିଷ୍ୟଦ୍ୱାଦିନ୍ୟେକା ଯା ୱିୱାହାତ୍ ପରଂ ସପ୍ତ ୱତ୍ସରାନ୍ ପତ୍ୟା ସହ ନ୍ୟୱସତ୍ ତତୋ ୱିଧୱା ଭୂତ୍ୱା ଚତୁରଶୀତିୱର୍ଷୱଯଃପର୍ୟ୍ୟନତଂ
2a02250108	ମନ୍ଦିରେ ସ୍ଥିତ୍ୱା ପ୍ରାର୍ଥନୋପୱାସୈର୍ଦିୱାନିଶମ୍ ଈଶ୍ୱରମ୍ ଅସେୱତ ସାପି ସ୍ତ୍ରୀ ତସ୍ମିନ୍ ସମଯେ ମନ୍ଦିରମାଗତ୍ୟ
2a02260143	ପରମେଶ୍ୱରସ୍ୟ ଧନ୍ୟୱାଦଂ ଚକାର, ଯିରୂଶାଲମ୍ପୁରୱାସିନୋ ଯାୱନ୍ତୋ ଲୋକା ମୁକ୍ତିମପେକ୍ଷ୍ୟ ସ୍ଥିତାସ୍ତାନ୍ ଯୀଶୋର୍ୱୃତ୍ତାନ୍ତଂ ଜ୍ଞାପଯାମାସ|
2a0227012c	ଇତ୍ଥଂ ପରମେଶ୍ୱରସ୍ୟ ୱ୍ୟୱସ୍ଥାନୁସାରେଣ ସର୍ୱ୍ୱେଷୁ କର୍ମ୍ମସୁ କୃତେଷୁ ତୌ ପୁନଶ୍ଚ ଗାଲୀଲୋ ନାସରତ୍ନାମକଂ ନିଜନଗରଂ ପ୍ରତସ୍ଥାତେ|
2a0228013f	ତତ୍ପଶ୍ଚାଦ୍ ବାଲକଃ ଶରୀରେଣ ୱୃଦ୍ଧିମେତ୍ୟ ଜ୍ଞାନେନ ପରିପୂର୍ଣ ଆତ୍ମନା ଶକ୍ତିମାଂଶ୍ଚ ଭୱିତୁମାରେଭେ ତଥା ତସ୍ମିନ୍ ଈଶ୍ୱରାନୁଗ୍ରହୋ ବଭୂୱ|
2a022900b6	ତସ୍ୟ ପିତା ମାତା ଚ ପ୍ରତିୱର୍ଷଂ ନିସ୍ତାରୋତ୍ସୱସମଯେ ଯିରୂଶାଲମମ୍ ଅଗଚ୍ଛତାମ୍|
2a022a00d7	ଅପରଞ୍ଚ ଯୀଶୌ ଦ୍ୱାଦଶୱର୍ଷୱଯସ୍କେ ସତି ତୌ ପର୍ୱ୍ୱସମଯସ୍ୟ ରୀତ୍ୟନୁସାରେଣ ଯିରୂଶାଲମଂ ଗତ୍ୱା
2a022b0128	ପାର୍ୱ୍ୱଣଂ ସମ୍ପାଦ୍ୟ ପୁନରପି ୱ୍ୟାଘୁଯ୍ୟ ଯାତଃ କିନ୍ତୁ ଯୀଶୁର୍ବାଲକୋ ଯିରୂଶାଲମି ତିଷ୍ଠତି| ଯୂଷଫ୍ ତନ୍ମାତା ଚ ତଦ୍ ଅୱିଦିତ୍ୱା
2a022c014c	ସ ସଙ୍ଗିଭିଃ ସହ ୱିଦ୍ୟତ ଏତଚ୍ଚ ବୁଦ୍ୱ୍ୱା ଦିନୈକଗମ୍ୟମାର୍ଗଂ ଜଗ୍ମତୁଃ| କିନ୍ତୁ ଶେଷେ ଜ୍ଞାତିବନ୍ଧୂନାଂ ସମୀପେ ମୃଗଯିତ୍ୱା ତଦୁଦ୍ଦେଶମପ୍ରାପ୍ୟ
2a022d0093	ତୌ ପୁନରପି ଯିରୂଶାଲମମ୍ ପରାୱୃତ୍ୟାଗତ୍ୟ ତଂ ମୃଗଯାଞ୍ଚକ୍ରତୁଃ|
2a022e0126	ଅଥ ଦିନତ୍ରଯାତ୍ ପରଂ ପଣ୍ଡିତାନାଂ ମଧ୍ୟେ ତେଷାଂ କଥାଃ ଶୃଣ୍ୱନ୍ ତତ୍ତ୍ୱଂ ପୃଚ୍ଛଂଶ୍ଚ ମନ୍ଦିରେ ସମୁପୱିଷ୍ଟଃ ସ ତାଭ୍ୟାଂ ଦୃଷ୍ଟଃ|
2a022f00be	ତଦା ତସ୍ୟ ବୁଦ୍ଧ୍ୟା ପ୍ରତ୍ୟୁତ୍ତରୈଶ୍ଚ ସର୍ୱ୍ୱେ ଶ୍ରୋତାରୋ ୱିସ୍ମଯମାପଦ୍ୟନ୍ତେ|
2a023001b5	ତାଦୃଶଂ ଦୃଷ୍ଟ୍ୱା ତସ୍ୟ ଜନକୋ ଜନନୀ ଚ ଚମଚ୍ଚକ୍ରତୁଃ କିଞ୍ଚ ତସ୍ୟ ମାତା ତମୱଦତ୍, ହେ ପୁତ୍ର, କଥମାୱାଂ ପ୍ରତୀତ୍ଥଂ ସମାଚରସ୍ତ୍ୱମ୍? ପଶ୍ୟ ତୱ ପିତାହଞ୍ଚ ଶୋକାକୁଲୌ ସନ୍ତୌ ତ୍ୱାମନ୍ୱିଚ୍ଛାୱଃ ସ୍ମ|
2a023100ec	ତତଃ ସୋୱଦତ୍ କୁତୋ ମାମ୍ ଅନ୍ୱୈଚ୍ଛତଂ? ପିତୁର୍ଗୃହେ ମଯା ସ୍ଥାତୱ୍ୟମ୍ ଏତତ୍ କିଂ ଯୁୱାଭ୍ୟାଂ ନ ଜ୍ଞାଯତେ?
2a023200a2	କିନ୍ତୁ ତୌ ତସ୍ୟୈତଦ୍ୱାକ୍ୟସ୍ୟ ତାତ୍ପର୍ୟ୍ୟଂ ବୋଦ୍ଧୁଂ ନାଶକ୍ନୁତାଂ|
2a0233011a	ତତଃ ପରଂ ସ ତାଭ୍ୟାଂ ସହ ନାସରତଂ ଗତ୍ୱା ତଯୋର୍ୱଶୀଭୂତସ୍ତସ୍ଥୌ କିନ୍ତୁ ସର୍ୱ୍ୱା ଏତାଃ କଥାସ୍ତସ୍ୟ ମାତା ମନସି ସ୍ଥାପଯାମାସ|
2a023400e8	ଅଥ ଯୀଶୋ ର୍ବୁଦ୍ଧିଃ ଶରୀରଞ୍ଚ ତଥା ତସ୍ମିନ୍ ଈଶ୍ୱରସ୍ୟ ମାନୱାନାଞ୍ଚାନୁଗ୍ରହୋ ୱର୍ଦ୍ଧିତୁମ୍ ଆରେଭେ|
2a0301026e	ଅନନ୍ତରଂ ତିବିରିଯକୈସରସ୍ୟ ରାଜତ୍ୱସ୍ୟ ପଞ୍ଚଦଶେ ୱତ୍ସରେ ସତି ଯଦା ପନ୍ତୀଯପୀଲାତୋ ଯିହୂଦାଦେଶାଧିପତି ର୍ହେରୋଦ୍ ତୁ ଗାଲୀଲ୍ପ୍ରଦେଶସ୍ୟ ରାଜା ଫିଲିପନାମା ତସ୍ୟ ଭ୍ରାତା ତୁ ଯିତୂରିଯାଯାସ୍ତ୍ରାଖୋନୀତିଯାପ୍ରଦେଶସ୍ୟ ଚ ରାଜାସୀତ୍ ଲୁଷାନୀଯନାମା ଅୱିଲୀନୀଦେଶସ୍ୟ ରାଜାସୀତ୍
2a03020140	ହାନନ୍ କିଯଫାଶ୍ଚେମୌ ପ୍ରଧାନଯାଜାକାୱାସ୍ତାଂ ତଦାନୀଂ ସିଖରିଯସ୍ୟ ପୁତ୍ରାଯ ଯୋହନେ ମଧ୍ୟେପ୍ରାନ୍ତରମ୍ ଈଶ୍ୱରସ୍ୟ ୱାକ୍ୟେ ପ୍ରକାଶିତେ ସତି
2a03030153	ସ ଯର୍ଦ୍ଦନ ଉଭଯତଟପ୍ରଦେଶାନ୍ ସମେତ୍ୟ ପାପମୋଚନାର୍ଥଂ ମନଃପରାୱର୍ତ୍ତନସ୍ୟ ଚିହ୍ନରୂପଂ ଯନ୍ମଜ୍ଜନଂ ତଦୀଯାଃ କଥାଃ ସର୍ୱ୍ୱତ୍ର ପ୍ରଚାରଯିତୁମାରେଭେ|
2a0304014f	ଯିଶଯିଯଭୱିଷ୍ୟଦ୍ୱକ୍ତୃଗ୍ରନ୍ଥେ ଯାଦୃଶୀ ଲିପିରାସ୍ତେ ଯଥା, ପରମେଶସ୍ୟ ପନ୍ଥାନଂ ପରିଷ୍କୁରୁତ ସର୍ୱ୍ୱତଃ| ତସ୍ୟ ରାଜପଥଞ୍ଚୈୱ ସମାନଂ କୁରୁତାଧୁନା|
2a030501e7	କାରିଷ୍ୟନ୍ତେ ସମୁଚ୍ଛ୍ରାଯାଃ ସକଲା ନିମ୍ନଭୂମଯଃ| କାରିଷ୍ୟନ୍ତେ ନତାଃ ସର୍ୱ୍ୱେ ପର୍ୱ୍ୱତାଶ୍ଚୋପପର୍ୱ୍ୱତାଃ| କାରିଷ୍ୟନ୍ତେ ଚ ଯା ୱକ୍ରାସ୍ତାଃ ସର୍ୱ୍ୱାଃ ସରଲା ଭୁୱଃ| କାରିଷ୍ୟନ୍ତେ ସମାନାସ୍ତା ଯା ଉଚ୍ଚନୀଚଭୂମଯଃ|
2a030600fa	ଈଶ୍ୱରେଣ କୃତଂ ତ୍ରାଣଂ ଦ୍ରକ୍ଷ୍ୟନ୍ତି ସର୍ୱ୍ୱମାନୱାଃ| ଇତ୍ୟେତତ୍ ପ୍ରାନ୍ତରେ ୱାକ୍ୟଂ ୱଦତଃ କସ୍ୟଚିଦ୍ ରୱଃ||
2a0307011c	ଯେ ଯେ ଲୋକା ମଜ୍ଜନାର୍ଥଂ ବହିରାଯଯୁସ୍ତାନ୍ ସୋୱଦତ୍ ରେ ରେ ସର୍ପୱଂଶା ଆଗାମିନଃ କୋପାତ୍ ପଲାଯିତୁଂ ଯୁଷ୍ମାନ୍ କଶ୍ଚେତଯାମାସ?
2a030801de	ତସ୍ମାଦ୍ ଇବ୍ରାହୀମ୍ ଅସ୍ମାକଂ ପିତା କଥାମୀଦୃଶୀଂ ମନୋଭି ର୍ନ କଥଯିତ୍ୱା ଯୂଯଂ ମନଃପରିୱର୍ତ୍ତନଯୋଗ୍ୟଂ ଫଲଂ ଫଲତ; ଯୁଷ୍ମାନହଂ ଯଥାର୍ଥଂ ୱଦାମି ପାଷାଣେଭ୍ୟ ଏତେଭ୍ୟ ଈଶ୍ୱର ଇବ୍ରାହୀମଃ ସନ୍ତାନୋତ୍ପାଦନେ ସମର୍ଥଃ|
2a03090102	ଅପରଞ୍ଚ ତରୁମୂଲେଽଧୁନାପି ପରଶୁଃ ସଂଲଗ୍ନୋସ୍ତି ଯସ୍ତରୁରୁତ୍ତମଂ ଫଲଂ ନ ଫଲତି ସ ଛିଦ୍ୟତେଽଗ୍ନୌ ନିକ୍ଷିପ୍ୟତେ ଚ|
2a030a0098	ତଦାନୀଂ ଲୋକାସ୍ତଂ ପପ୍ରଚ୍ଛୁସ୍ତର୍ହି କିଂ କର୍ତ୍ତୱ୍ୟମସ୍ମାଭିଃ?
2a030b012a	ତତଃ ସୋୱାଦୀତ୍ ଯସ୍ୟ ଦ୍ୱେ ୱସନେ ୱିଦ୍ୟେତେ ସ ୱସ୍ତ୍ରହୀନାଯୈକଂ ୱିତରତୁ କିଂଞ୍ଚ ଯସ୍ୟ ଖାଦ୍ୟଦ୍ରୱ୍ୟଂ ୱିଦ୍ୟତେ ସୋପି ତଥୈୱ କରୋତୁ|
2a030c00d6	ତତଃ ପରଂ କରସଞ୍ଚାଯିନୋ ମଜ୍ଜନାର୍ଥମ୍ ଆଗତ୍ୟ ପପ୍ରଚ୍ଛୁଃ ହେ ଗୁରୋ କିଂ କର୍ତ୍ତୱ୍ୟମସ୍ମାଭିଃ?
2a030d0062	ତତଃ ସୋକଥଯତ୍ ନିରୂପିତାଦଧିକଂ ନ ଗୃହ୍ଲିତ|
2a030e018b	ଅନନ୍ତରଂ ସେନାଗଣ ଏତ୍ୟ ପପ୍ରଚ୍ଛ କିମସ୍ମାଭି ର୍ୱା କର୍ତ୍ତୱ୍ୟମ୍? ତତଃ ସୋଭିଦଧେ କସ୍ୟ କାମପି ହାନିଂ ମା କାର୍ଷ୍ଟ ତଥା ମୃଷାପୱାଦଂ ମା କୁରୁତ ନିଜୱେତନେନ ଚ ସନ୍ତୁଷ୍ୟ ତିଷ୍ଠତ|
2a030f0114	ଅପରଞ୍ଚ ଲୋକା ଅପେକ୍ଷଯା ସ୍ଥିତ୍ୱା ସର୍ୱ୍ୱେପୀତି ମନୋଭି ର୍ୱିତର୍କଯାଞ୍ଚକ୍ରୁଃ, ଯୋହନଯମ୍ ଅଭିଷିକ୍ତସ୍ତ୍ରାତା ନ ୱେତି?
2a0310020b	ତଦା ଯୋହନ୍ ସର୍ୱ୍ୱାନ୍ ୱ୍ୟାଜହାର, ଜଲେଽହଂ ଯୁଷ୍ମାନ୍ ମଜ୍ଜଯାମି ସତ୍ୟଂ କିନ୍ତୁ ଯସ୍ୟ ପାଦୁକାବନ୍ଧନଂ ମୋଚଯିତୁମପି ନ ଯୋଗ୍ୟୋସ୍ମି ତାଦୃଶ ଏକୋ ମତ୍ତୋ ଗୁରୁତରଃ ପୁମାନ୍ ଏତି, ସ ଯୁଷ୍ମାନ୍ ୱହ୍ନିରୂପେ ପୱିତ୍ର ଆତ୍ମନି ମଜ୍ଜଯିଷ୍ୟତି|
2a031101bb	ଅପରଞ୍ଚ ତସ୍ୟ ହସ୍ତେ ଶୂର୍ପ ଆସ୍ତେ ସ ସ୍ୱଶସ୍ୟାନି ଶୁଦ୍ଧରୂପଂ ପ୍ରସ୍ଫୋଟ୍ୟ ଗୋଧୂମାନ୍ ସର୍ୱ୍ୱାନ୍ ଭାଣ୍ଡାଗାରେ ସଂଗ୍ରହୀଷ୍ୟତି କିନ୍ତୁ ବୂଷାଣି ସର୍ୱ୍ୱାଣ୍ୟନିର୍ୱ୍ୱାଣୱହ୍ନିନା ଦାହଯିଷ୍ୟତି|
2a03120096	ଯୋହନ୍ ଉପଦେଶେନେତ୍ଥଂ ନାନାକଥା ଲୋକାନାଂ ସମକ୍ଷଂ ପ୍ରଚାରଯାମାସ|
2a0313012d	ଅପରଞ୍ଚ ହେରୋଦ୍ ରାଜା ଫିଲିପ୍ନାମ୍ନଃ ସହୋଦରସ୍ୟ ଭାର୍ୟ୍ୟାଂ ହେରୋଦିଯାମଧି ତଥାନ୍ୟାନି ଯାନି ଯାନି କୁକର୍ମ୍ମାଣି କୃତୱାନ୍ ତଦଧି ଚ
2a031400b7	ଯୋହନା ତିରସ୍କୃତୋ ଭୂତ୍ୱା କାରାଗାରେ ତସ୍ୟ ବନ୍ଧନାଦ୍ ଅପରମପି କୁକର୍ମ୍ମ ଚକାର|
2a031500d8	ଇତଃ ପୂର୍ୱ୍ୱଂ ଯସ୍ମିନ୍ ସମଯେ ସର୍ୱ୍ୱେ ଯୋହନା ମଜ୍ଜିତାସ୍ତଦାନୀଂ ଯୀଶୁରପ୍ୟାଗତ୍ୟ ମଜ୍ଜିତଃ|
2a031601d9	ତଦନନ୍ତରଂ ତେନ ପ୍ରାର୍ଥିତେ ମେଘଦ୍ୱାରଂ ମୁକ୍ତଂ ତସ୍ମାଚ୍ଚ ପୱିତ୍ର ଆତ୍ମା ମୂର୍ତ୍ତିମାନ୍ ଭୂତ୍ୱା କପୋତୱତ୍ ତଦୁପର୍ୟ୍ୟୱରୁରୋହ; ତଦା ତ୍ୱଂ ମମ ପ୍ରିଯଃ ପୁତ୍ରସ୍ତ୍ୱଯି ମମ ପରମଃ ସନ୍ତୋଷ ଇତ୍ୟାକାଶୱାଣୀ ବଭୂୱ|
2a031700ce	ତଦାନୀଂ ଯୀଶୁଃ ପ୍ରାଯେଣ ତ୍ରିଂଶଦ୍ୱର୍ଷୱଯସ୍କ ଆସୀତ୍| ଲୌକିକଜ୍ଞାନେ ତୁ ସ ଯୂଷଫଃ ପୁତ୍ରଃ,
2a03180150	ଯୂଷଫ୍ ଏଲେଃ ପୁତ୍ରଃ, ଏଲିର୍ମତ୍ତତଃ ପୁତ୍ରଃ, ମତ୍ତତ୍ ଲେୱେଃ ପୁତ୍ରଃ, ଲେୱି ର୍ମଲ୍କେଃ ପୁତ୍ରଃ, ମଲ୍କିର୍ୟାନ୍ନସ୍ୟ ପୁତ୍ରଃ; ଯାନ୍ନୋ ଯୂଷଫଃ ପୁତ୍ରଃ|
2a0319011c	ଯୂଷଫ୍ ମତ୍ତଥିଯସ୍ୟ ପୁତ୍ରଃ, ମତ୍ତଥିଯ ଆମୋସଃ ପୁତ୍ରଃ, ଆମୋସ୍ ନହୂମଃ ପୁତ୍ରଃ, ନହୂମ୍ ଇଷ୍ଲେଃ ପୁତ୍ରଃ ଇଷ୍ଲିର୍ନଗେଃ ପୁତ୍ରଃ|
2a031a0128	ନଗିର୍ମାଟଃ ପୁତ୍ରଃ, ମାଟ୍ ମତ୍ତଥିଯସ୍ୟ ପୁତ୍ରଃ, ମତ୍ତଥିଯଃ ଶିମିଯେଃ ପୁତ୍ରଃ, ଶିମିଯିର୍ୟୂଷଫଃ ପୁତ୍ରଃ, ଯୂଷଫ୍ ଯିହୂଦାଃ ପୁତ୍ରଃ|
2a031b0151	ଯିହୂଦା ଯୋହାନାଃ ପୁତ୍ରଃ, ଯୋହାନା ରୀଷାଃ ପୁତ୍ରଃ, ରୀଷାଃ ସିରୁବ୍ବାବିଲଃ ପୁତ୍ରଃ, ସିରୁବ୍ବାବିଲ୍ ଶଲ୍ତୀଯେଲଃ ପୁତ୍ରଃ, ଶଲ୍ତୀଯେଲ୍ ନେରେଃ ପୁତ୍ରଃ|
2a031c0117	ନେରିର୍ମଲ୍କେଃ ପୁତ୍ରଃ, ମଲ୍କିଃ ଅଦ୍ୟଃ ପୁତ୍ରଃ, ଅଦ୍ଦୀ କୋଷମଃ ପୁତ୍ରଃ, କୋଷମ୍ ଇଲ୍ମୋଦଦଃ ପୁତ୍ରଃ, ଇଲ୍ମୋଦଦ୍ ଏରଃ ପୁତ୍ରଃ|
2a031d0118	ଏର୍ ଯୋଶେଃ ପୁତ୍ରଃ, ଯୋଶିଃ ଇଲୀଯେଷରଃ ପୁତ୍ରଃ, ଇଲୀଯେଷର୍ ଯୋରୀମଃ ପୁତ୍ରଃ, ଯୋରୀମ୍ ମତ୍ତତଃ ପୁତ୍ରଃ, ମତ୍ତତ ଲେୱେଃ ପୁତ୍ରଃ|
2a031e0130	ଲେୱିଃ ଶିମିଯୋନଃ ପୁତ୍ରଃ, ଶିମିଯୋନ୍ ଯିହୂଦାଃ ପୁତ୍ରଃ, ଯିହୂଦା ଯୂଷୁଫଃ ପୁତ୍ରଃ, ଯୂଷୁଫ୍ ଯୋନନଃ ପୁତ୍ରଃ, ଯାନନ୍ ଇଲୀଯାକୀମଃ ପୁତ୍ରଃ|
2a031f0136	ଇଲିଯାକୀମ୍ଃ ମିଲେଯାଃ ପୁତ୍ରଃ, ମିଲେଯା ମୈନନଃ ପୁତ୍ରଃ, ମୈନନ୍ ମତ୍ତତ୍ତସ୍ୟ ପୁତ୍ରଃ, ମତ୍ତତ୍ତୋ ନାଥନଃ ପୁତ୍ରଃ, ନାଥନ୍ ଦାଯୂଦଃ ପୁତ୍ରଃ|
2a0320010f	ଦାଯୂଦ୍ ଯିଶଯଃ ପୁତ୍ରଃ, ଯିଶଯ ଓବେଦଃ ପୁତ୍ର, ଓବେଦ୍ ବୋଯସଃ ପୁତ୍ରଃ, ବୋଯସ୍ ସଲ୍ମୋନଃ ପୁତ୍ରଃ, ସଲ୍ମୋନ୍ ନହଶୋନଃ ପୁତ୍ରଃ|
2a0321013c	ନହଶୋନ୍ ଅମ୍ମୀନାଦବଃ ପୁତ୍ରଃ, ଅମ୍ମୀନାଦବ୍ ଅରାମଃ ପୁତ୍ରଃ, ଅରାମ୍ ହିଷ୍ରୋଣଃ ପୁତ୍ରଃ, ହିଷ୍ରୋଣ୍ ପେରସଃ ପୁତ୍ରଃ, ପେରସ୍ ଯିହୂଦାଃ ପୁତ୍ରଃ|
2a03220133	ଯିହୂଦା ଯାକୂବଃ ପୁତ୍ରଃ, ଯାକୂବ୍ ଇସ୍ହାକଃ ପୁତ୍ରଃ, ଇସ୍ହାକ୍ ଇବ୍ରାହୀମଃ ପୁତ୍ରଃ, ଇବ୍ରାହୀମ୍ ତେରହଃ ପୁତ୍ରଃ, ତେରହ୍ ନାହୋରଃ ପୁତ୍ରଃ|
2a03230109	ନାହୋର୍ ସିରୁଗଃ ପୁତ୍ରଃ, ସିରୁଗ୍ ରିଯ୍ୱଃ ପୁତ୍ରଃ, ରିଯୂଃ ପେଲଗଃ ପୁତ୍ରଃ, ପେଲଗ୍ ଏୱରଃ ପୁତ୍ରଃ, ଏୱର୍ ଶେଲହଃ ପୁତ୍ରଃ|
2a0324010f	ଶେଲହ୍ କୈନନଃ ପୁତ୍ରଃ, କୈନନ୍ ଅର୍ଫକ୍ଷଦଃ ପୁତ୍ରଃ, ଅର୍ଫକ୍ଷଦ୍ ଶାମଃ ପୁତ୍ରଃ, ଶାମ୍ ନୋହଃ ପୁତ୍ରଃ, ନୋହୋ ଲେମକଃ ପୁତ୍ରଃ|
2a03250127	ଲେମକ୍ ମିଥୂଶେଲହଃ ପୁତ୍ରଃ, ମିଥୂଶେଲହ୍ ହନୋକଃ ପୁତ୍ରଃ, ହନୋକ୍ ଯେରଦଃ ପୁତ୍ରଃ, ଯେରଦ୍ ମହଲଲେଲଃ ପୁତ୍ରଃ, ମହଲଲେଲ୍ କୈନନଃ ପୁତ୍ରଃ|
2a032600c9	କୈନନ୍ ଇନୋଶଃ ପୁତ୍ରଃ, ଇନୋଶ୍ ଶେତଃ ପୁତ୍ରଃ, ଶେତ୍ ଆଦମଃ ପୁତ୍ର, ଆଦମ୍ ଈଶ୍ୱରସ୍ୟ ପୁତ୍ରଃ|
2a04010174	ତତଃ ପରଂ ଯୀଶୁଃ ପୱିତ୍ରେଣାତ୍ମନା ପୂର୍ଣଃ ସନ୍ ଯର୍ଦ୍ଦନନଦ୍ୟାଃ ପରାୱୃତ୍ୟାତ୍ମନା ପ୍ରାନ୍ତରଂ ନୀତଃ ସନ୍ ଚତ୍ୱାରିଂଶଦ୍ଦିନାନି ଯାୱତ୍ ଶୈତାନା ପରୀକ୍ଷିତୋଽଭୂତ୍,
2a040200c7	କିଞ୍ଚ ତାନି ସର୍ୱ୍ୱଦିନାନି ଭୋଜନଂ ୱିନା ସ୍ଥିତତ୍ୱାତ୍ କାଲେ ପୂର୍ଣେ ସ କ୍ଷୁଧିତୱାନ୍|
2a040300ee	ତତଃ ଶୈତାନାଗତ୍ୟ ତମୱଦତ୍ ତ୍ୱଂ ଚେଦୀଶ୍ୱରସ୍ୟ ପୁତ୍ରସ୍ତର୍ହି ପ୍ରସ୍ତରାନେତାନ୍ ଆଜ୍ଞଯା ପୂପାନ୍ କୁରୁ|
2a0404011b	ତଦା ଯୀଶୁରୁୱାଚ, ଲିପିରୀଦୃଶୀ ୱିଦ୍ୟତେ ମନୁଜଃ କେୱଲେନ ପୂପେନ ନ ଜୀୱତି କିନ୍ତ୍ୱୀଶ୍ୱରସ୍ୟ ସର୍ୱ୍ୱାଭିରାଜ୍ଞାଭି ର୍ଜୀୱତି|
2a040500db	ତଦା ଶୈତାନ୍ ତମୁଚ୍ଚଂ ପର୍ୱ୍ୱତଂ ନୀତ୍ୱା ନିମିଷୈକମଧ୍ୟେ ଜଗତଃ ସର୍ୱ୍ୱରାଜ୍ୟାନି ଦର୍ଶିତୱାନ୍|
2a0406015c	ପଶ୍ଚାତ୍ ତମୱାଦୀତ୍ ସର୍ୱ୍ୱମ୍ ଏତଦ୍ ୱିଭୱଂ ପ୍ରତାପଞ୍ଚ ତୁଭ୍ୟଂ ଦାସ୍ୟାମି ତନ୍ ମଯି ସମର୍ପିତମାସ୍ତେ ଯଂ ପ୍ରତି ମମେଚ୍ଛା ଜାଯତେ ତସ୍ମୈ ଦାତୁଂ ଶକ୍ନୋମି,
2a04070088	ତ୍ୱଂ ଚେନ୍ମାଂ ଭଜସେ ତର୍ହି ସର୍ୱ୍ୱମେତତ୍ ତୱୈୱ ଭୱିଷ୍ୟତି|
2a04080115	ତଦା ଯୀଶୁସ୍ତଂ ପ୍ରତ୍ୟୁକ୍ତୱାନ୍ ଦୂରୀ ଭୱ ଶୈତାନ୍ ଲିପିରାସ୍ତେ, ନିଜଂ ପ୍ରଭୁଂ ପରମେଶ୍ୱରଂ ଭଜସ୍ୱ କେୱଲଂ ତମେୱ ସେୱସ୍ୱ ଚ|
2a04090149	ଅଥ ଶୈତାନ୍ ତଂ ଯିରୂଶାଲମଂ ନୀତ୍ୱା ମନ୍ଦିରସ୍ୟ ଚୂଡାଯା ଉପରି ସମୁପୱେଶ୍ୟ ଜଗାଦ ତ୍ୱଂ ଚେଦୀଶ୍ୱରସ୍ୟ ପୁତ୍ରସ୍ତର୍ହି ସ୍ଥାନାଦିତୋ ଲମ୍ଫିତ୍ୱାଧଃ
2a040a00a5	ପତ ଯତୋ ଲିପିରାସ୍ତେ, ଆଜ୍ଞାପଯିଷ୍ୟତି ସ୍ୱୀଯାନ୍ ଦୂତାନ୍ ସ ପରମେଶ୍ୱରଃ|
2a040b00fa	ରକ୍ଷିତୁଂ ସର୍ୱ୍ୱମାର୍ଗେ ତ୍ୱାଂ ତେନ ତ୍ୱଚ୍ଚରଣେ ଯଥା| ନ ଲଗେତ୍ ପ୍ରସ୍ତରାଘାତସ୍ତ୍ୱାଂ ଧରିଷ୍ୟନ୍ତି ତେ ତଥା|
2a040c00cc	ତଦା ଯୀଶୁନା ପ୍ରତ୍ୟୁକ୍ତମ୍ ଇଦମପ୍ୟୁକ୍ତମସ୍ତି ତ୍ୱଂ ସ୍ୱପ୍ରଭୁଂ ପରେଶଂ ମା ପରୀକ୍ଷସ୍ୱ|
2a040d00a9	ପଶ୍ଚାତ୍ ଶୈତାନ୍ ସର୍ୱ୍ୱପରୀକ୍ଷାଂ ସମାପ୍ୟ କ୍ଷଣାତ୍ତଂ ତ୍ୟକ୍ତ୍ୱା ଯଯୌ|
2a040e00e7	ତଦା ଯୀଶୁରାତ୍ମପ୍ରଭାୱାତ୍ ପୁନର୍ଗାଲୀଲ୍ପ୍ରଦେଶଂ ଗତସ୍ତଦା ତତ୍ସୁଖ୍ୟାତିଶ୍ଚତୁର୍ଦିଶଂ ୱ୍ୟାନଶେ|
2a040f0088	ସ ତେଷାଂ ଭଜନଗୃହେଷୁ ଉପଦିଶ୍ୟ ସର୍ୱ୍ୱୈଃ ପ୍ରଶଂସିତୋ ବଭୂୱ|
2a041000f9	ଅଥ ସ ସ୍ୱପାଲନସ୍ଥାନଂ ନାସରତ୍ପୁରମେତ୍ୟ ୱିଶ୍ରାମୱାରେ ସ୍ୱାଚାରାଦ୍ ଭଜନଗେହଂ ପ୍ରୱିଶ୍ୟ ପଠିତୁମୁତ୍ତସ୍ଥୌ|
2a04110165	ତତୋ ଯିଶଯିଯଭୱିଷ୍ୟଦ୍ୱାଦିନଃ ପୁସ୍ତକେ ତସ୍ୟ କରଦତ୍ତେ ସତି ସ ତତ୍ ପୁସ୍ତକଂ ୱିସ୍ତାର୍ୟ୍ୟ ଯତ୍ର ୱକ୍ଷ୍ୟମାଣାନି ୱଚନାନି ସନ୍ତି ତତ୍ ସ୍ଥାନଂ ପ୍ରାପ୍ୟ ପପାଠ|
2a0412024c	ଆତ୍ମା ତୁ ପରମେଶସ୍ୟ ମଦୀଯୋପରି ୱିଦ୍ୟତେ| ଦରିଦ୍ରେଷୁ ସୁସଂୱାଦଂ ୱକ୍ତୁଂ ମାଂ ସୋଭିଷିକ୍ତୱାନ୍| ଭଗ୍ନାନ୍ତଃ କରଣାଲ୍ଲୋକାନ୍ ସୁସ୍ୱସ୍ଥାନ୍ କର୍ତ୍ତୁମେୱ ଚ| ବନ୍ଦୀକୃତେଷୁ ଲୋକେଷୁ ମୁକ୍ତେ ର୍ଘୋଷଯିତୁଂ ୱଚଃ| ନେତ୍ରାଣି ଦାତୁମନ୍ଧେଭ୍ୟସ୍ତ୍ରାତୁଂ ବଦ୍ଧଜନାନପି|
2a041300cd	ପରେଶାନୁଗ୍ରହେ କାଲଂ ପ୍ରଚାରଯିତୁମେୱ ଚ| ସର୍ୱ୍ୱୈତତ୍କରଣାର୍ଥାଯ ମାମେୱ ପ୍ରହିଣୋତି ସଃ||
2a04140165	ତତଃ ପୁସ୍ତକଂ ବଦ୍ୱ୍ୱା ପରିଚାରକସ୍ୟ ହସ୍ତେ ସମର୍ପ୍ୟ ଚାସନେ ସମୁପୱିଷ୍ଟଃ, ତତୋ ଭଜନଗୃହେ ଯାୱନ୍ତୋ ଲୋକା ଆସନ୍ ତେ ସର୍ୱ୍ୱେଽନନ୍ୟଦୃଷ୍ଟ୍ୟା ତଂ ୱିଲୁଲୋକିରେ|
2a0415010b	ଅନନ୍ତରମ୍ ଅଦ୍ୟୈତାନି ସର୍ୱ୍ୱାଣି ଲିଖିତୱଚନାନି ଯୁଷ୍ମାକଂ ମଧ୍ୟେ ସିଦ୍ଧାନି ସ ଇମାଂ କଥାଂ ତେଭ୍ୟଃ କଥଯିତୁମାରେଭେ|
2a04160146	ତତଃ ସର୍ୱ୍ୱେ ତସ୍ମିନ୍ ଅନ୍ୱରଜ୍ୟନ୍ତ, କିଞ୍ଚ ତସ୍ୟ ମୁଖାନ୍ନିର୍ଗତାଭିରନୁଗ୍ରହସ୍ୟ କଥାଭିଶ୍ଚମତ୍କୃତ୍ୟ କଥଯାମାସୁଃ କିମଯଂ ଯୂଷଫଃ ପୁତ୍ରୋ ନ?
2a0417019e	ତଦା ସୋଽୱାଦୀଦ୍ ହେ ଚିକିତ୍ସକ ସ୍ୱମେୱ ସ୍ୱସ୍ଥଂ କୁରୁ କଫର୍ନାହୂମି ଯଦ୍ୟତ୍ କୃତୱାନ୍ ତଦଶ୍ରୌଷ୍ମ ତାଃ ସର୍ୱାଃ କ୍ରିଯା ଅତ୍ର ସ୍ୱଦେଶେ କୁରୁ କଥାମେତାଂ ଯୂଯମେୱାୱଶ୍ୟଂ ମାଂ ୱଦିଷ୍ୟଥ|
2a041800ea	ପୁନଃ ସୋୱାଦୀଦ୍ ଯୁଷ୍ମାନହଂ ଯଥାର୍ଥଂ ୱଦାମି, କୋପି ଭୱିଷ୍ୟଦ୍ୱାଦୀ ସ୍ୱଦେଶେ ସତ୍କାରଂ ନ ପ୍ରାପ୍ନୋତି|
2a041901e9	ଅପରଞ୍ଚ ଯଥାର୍ଥଂ ୱଚ୍ମି, ଏଲିଯସ୍ୟ ଜୀୱନକାଲେ ଯଦା ସାର୍ଦ୍ଧତ୍ରିତଯୱର୍ଷାଣି ଯାୱତ୍ ଜଲଦପ୍ରତିବନ୍ଧାତ୍ ସର୍ୱ୍ୱସ୍ମିନ୍ ଦେଶେ ମହାଦୁର୍ଭିକ୍ଷମ୍ ଅଜନିଷ୍ଟ ତଦାନୀମ୍ ଇସ୍ରାଯେଲୋ ଦେଶସ୍ୟ ମଧ୍ୟେ ବହ୍ୱ୍ୟୋ ୱିଧୱା ଆସନ୍,
2a041a0118	କିନ୍ତୁ ସୀଦୋନ୍ପ୍ରଦେଶୀଯସାରିଫତ୍ପୁରନିୱାସିନୀମ୍ ଏକାଂ ୱିଧୱାଂ ୱିନା କସ୍ୟାଶ୍ଚିଦପି ସମୀପେ ଏଲିଯଃ ପ୍ରେରିତୋ ନାଭୂତ୍|
2a041b0184	ଅପରଞ୍ଚ ଇଲୀଶାଯଭୱିଷ୍ୟଦ୍ୱାଦିୱିଦ୍ୟମାନତାକାଲେ ଇସ୍ରାଯେଲ୍ଦେଶେ ବହୱଃ କୁଷ୍ଠିନ ଆସନ୍ କିନ୍ତୁ ସୁରୀଯଦେଶୀଯଂ ନାମାନ୍କୁଷ୍ଠିନଂ ୱିନା କୋପ୍ୟନ୍ୟଃ ପରିଷ୍କୃତୋ ନାଭୂତ୍|
2a041c0093	ଇମାଂ କଥାଂ ଶ୍ରୁତ୍ୱା ଭଜନଗେହସ୍ଥିତା ଲୋକାଃ ସକ୍ରୋଧମ୍ ଉତ୍ଥାଯ
2a041d011a	ନଗରାତ୍ତଂ ବହିଷ୍କୃତ୍ୟ ଯସ୍ୟ ଶିଖରିଣ ଉପରି ତେଷାଂ ନଗରଂ ସ୍ଥାପିତମାସ୍ତେ ତସ୍ମାନ୍ନିକ୍ଷେପ୍ତୁଂ ତସ୍ୟ ଶିଖରଂ ତଂ ନିନ୍ୟୁଃ
2a041e007b	କିନ୍ତୁ ସ ତେଷାଂ ମଧ୍ୟାଦପସୃତ୍ୟ ସ୍ଥାନାନ୍ତରଂ ଜଗାମ|
2a041f00fa	ତତଃ ପରଂ ଯୀଶୁର୍ଗାଲୀଲ୍ପ୍ରଦେଶୀଯକଫର୍ନାହୂମ୍ନଗର ଉପସ୍ଥାଯ ୱିଶ୍ରାମୱାରେ ଲୋକାନୁପଦେଷ୍ଟୁମ୍ ଆରବ୍ଧୱାନ୍|
2a0420009d	ତଦୁପଦେଶାତ୍ ସର୍ୱ୍ୱେ ଚମଚ୍ଚକ୍ରୁ ର୍ୟତସ୍ତସ୍ୟ କଥା ଗୁରୁତରା ଆସନ୍|
2a042100a8	ତଦାନୀଂ ତଦ୍ଭଜନଗେହସ୍ଥିତୋଽମେଧ୍ୟଭୂତଗ୍ରସ୍ତ ଏକୋ ଜନ ଉଚ୍ଚୈଃ କଥଯାମାସ,
2a04220149	ହେ ନାସରତୀଯଯୀଶୋଽସ୍ମାନ୍ ତ୍ୟଜ, ତ୍ୱଯା ସହାସ୍ମାକଂ କଃ ସମ୍ବନ୍ଧଃ? କିମସ୍ମାନ୍ ୱିନାଶଯିତୁମାଯାସି? ତ୍ୱମୀଶ୍ୱରସ୍ୟ ପୱିତ୍ରୋ ଜନ ଏତଦହଂ ଜାନାମି|
2a04230165	ତଦା ଯୀଶୁସ୍ତଂ ତର୍ଜଯିତ୍ୱାୱଦତ୍ ମୌନୀ ଭୱ ଇତୋ ବହିର୍ଭୱ; ତତଃ ସୋମେଧ୍ୟଭୂତସ୍ତଂ ମଧ୍ୟସ୍ଥାନେ ପାତଯିତ୍ୱା କିଞ୍ଚିଦପ୍ୟହିଂସିତ୍ୱା ତସ୍ମାଦ୍ ବହିର୍ଗତୱାନ୍|
2a04240172	ତତଃ ସର୍ୱ୍ୱେ ଲୋକାଶ୍ଚମତ୍କୃତ୍ୟ ପରସ୍ପରଂ ୱକ୍ତୁମାରେଭିରେ କୋଯଂ ଚମତ୍କାରଃ| ଏଷ ପ୍ରଭାୱେଣ ପରାକ୍ରମେଣ ଚାମେଧ୍ୟଭୂତାନ୍ ଆଜ୍ଞାପଯତି ତେନୈୱ ତେ ବହିର୍ଗଚ୍ଛନ୍ତି|
2a04250097	ଅନନ୍ତରଂ ଚତୁର୍ଦିକ୍ସ୍ଥଦେଶାନ୍ ତସ୍ୟ ସୁଖ୍ୟାତିର୍ୱ୍ୟାପ୍ନୋତ୍|
2a04260177	ତଦନନ୍ତରଂ ସ ଭଜନଗେହାଦ୍ ବହିରାଗତ୍ୟ ଶିମୋନୋ ନିୱେଶନଂ ପ୍ରୱିୱେଶ ତଦା ତସ୍ୟ ଶ୍ୱଶ୍ରୂର୍ଜ୍ୱରେଣାତ୍ୟନ୍ତଂ ପୀଡିତାସୀତ୍ ଶିଷ୍ୟାସ୍ତଦର୍ଥଂ ତସ୍ମିନ୍ ୱିନଯଂ ଚକ୍ରୁଃ|
2a04270121	ତତଃ ସ ତସ୍ୟାଃ ସମୀପେ ସ୍ଥିତ୍ୱା ଜ୍ୱରଂ ତର୍ଜଯାମାସ ତେନୈୱ ତାଂ ଜ୍ୱରୋଽତ୍ୟାକ୍ଷୀତ୍ ତତଃ ସା ତତ୍କ୍ଷଣମ୍ ଉତ୍ଥାଯ ତାନ୍ ସିଷେୱେ|
2a04280180	ଅଥ ସୂର୍ୟ୍ୟାସ୍ତକାଲେ ସ୍ୱେଷାଂ ଯେ ଯେ ଜନା ନାନାରୋଗୈଃ ପୀଡିତା ଆସନ୍ ଲୋକାସ୍ତାନ୍ ଯୀଶୋଃ ସମୀପମ୍ ଆନିନ୍ୟୁଃ, ତଦା ସ ଏକୈକସ୍ୟ ଗାତ୍ରେ କରମର୍ପଯିତ୍ୱା ତାନରୋଗାନ୍ ଚକାର|
2a042901e2	ତତୋ ଭୂତା ବହୁଭ୍ୟୋ ନିର୍ଗତ୍ୟ ଚୀତ୍ଶବ୍ଦଂ କୃତ୍ୱା ଚ ବଭାଷିରେ ତ୍ୱମୀଶ୍ୱରସ୍ୟ ପୁତ୍ରୋଽଭିଷିକ୍ତତ୍ରାତା; କିନ୍ତୁ ସୋଭିଷିକ୍ତତ୍ରାତେତି ତେ ୱିୱିଦୁରେତସ୍ମାତ୍ କାରଣାତ୍ ତାନ୍ ତର୍ଜଯିତ୍ୱା ତଦ୍ୱକ୍ତୁଂ ନିଷିଷେଧ|
2a042a0143	ଅପରଞ୍ଚ ପ୍ରଭାତେ ସତି ସ ୱିଜନସ୍ଥାନଂ ପ୍ରତସ୍ଥେ ପଶ୍ଚାତ୍ ଜନାସ୍ତମନ୍ୱିଚ୍ଛନ୍ତସ୍ତନ୍ନିକଟଂ ଗତ୍ୱା ସ୍ଥାନାନ୍ତରଗମନାର୍ଥଂ ତମନ୍ୱରୁନ୍ଧନ୍|
2a042b013a	କିନ୍ତୁ ସ ତାନ୍ ଜଗାଦ, ଈଶ୍ୱରୀଯରାଜ୍ୟସ୍ୟ ସୁସଂୱାଦଂ ପ୍ରଚାରଯିତୁମ୍ ଅନ୍ୟାନି ପୁରାଣ୍ୟପି ମଯା ଯାତୱ୍ୟାନି ଯତସ୍ତଦର୍ଥମେୱ ପ୍ରେରିତୋହଂ|
2a042c0050	ଅଥ ଗାଲୀଲୋ ଭଜନଗେହେଷୁ ସ ଉପଦିଦେଶ|
2a050100ff	ଅନନ୍ତରଂ ଯୀଶୁରେକଦା ଗିନେଷରଥ୍ଦସ୍ୟ ତୀର ଉତ୍ତିଷ୍ଠତି, ତଦା ଲୋକା ଈଶ୍ୱରୀଯକଥାଂ ଶ୍ରୋତୁଂ ତଦୁପରି ପ୍ରପତିତାଃ|
2a050200f6	ତଦାନୀଂ ସ ହ୍ଦସ୍ୟ ତୀରସମୀପେ ନୌଦ୍ୱଯଂ ଦଦର୍ଶ କିଞ୍ଚ ମତ୍ସ୍ୟୋପଜୀୱିନୋ ନାୱଂ ୱିହାଯ ଜାଲଂ ପ୍ରକ୍ଷାଲଯନ୍ତି|
2a0503015d	ତତସ୍ତଯୋର୍ଦ୍ୱଯୋ ର୍ମଧ୍ୟେ ଶିମୋନୋ ନାୱମାରୁହ୍ୟ ତୀରାତ୍ କିଞ୍ଚିଦ୍ଦୂରଂ ଯାତୁଂ ତସ୍ମିନ୍ ୱିନଯଂ କୃତ୍ୱା ନୌକାଯାମୁପୱିଶ୍ୟ ଲୋକାନ୍ ପ୍ରୋପଦିଷ୍ଟୱାନ୍|
2a050400ff	ପଶ୍ଚାତ୍ ତଂ ପ୍ରସ୍ତାୱଂ ସମାପ୍ୟ ସ ଶିମୋନଂ ୱ୍ୟାଜହାର, ଗଭୀରଂ ଜଲଂ ଗତ୍ୱା ମତ୍ସ୍ୟାନ୍ ଧର୍ତ୍ତୁଂ ଜାଲଂ ନିକ୍ଷିପ|
2a05050147	ତତଃ ଶିମୋନ ବଭାଷେ, ହେ ଗୁରୋ ଯଦ୍ୟପି ୱଯଂ କୃତ୍ସ୍ନାଂ ଯାମିନୀଂ ପରିଶ୍ରମ୍ୟ ମତ୍ସ୍ୟୈକମପି ନ ପ୍ରାପ୍ତାସ୍ତଥାପି ଭୱତୋ ନିଦେଶତୋ ଜାଲଂ କ୍ଷିପାମଃ|
2a0506008d	ଅଥ ଜାଲେ କ୍ଷିପ୍ତେ ବହୁମତ୍ସ୍ୟପତନାଦ୍ ଆନାଯଃ ପ୍ରଚ୍ଛିନ୍ନଃ|
2a05070177	ତସ୍ମାଦ୍ ଉପକର୍ତ୍ତୁମ୍ ଅନ୍ୟନୌସ୍ଥାନ୍ ସଙ୍ଗିନ ଆଯାତୁମ୍ ଇଙ୍ଗିତେନ ସମାହ୍ୱଯନ୍ ତତସ୍ତ ଆଗତ୍ୟ ମତ୍ସ୍ୟୈ ର୍ନୌଦ୍ୱଯଂ ପ୍ରପୂରଯାମାସୁ ର୍ୟୈ ର୍ନୌଦ୍ୱଯଂ ପ୍ରମଗ୍ନମ୍|
2a0508011c	ତଦା ଶିମୋନ୍ପିତରସ୍ତଦ୍ ୱିଲୋକ୍ୟ ଯୀଶୋଶ୍ଚରଣଯୋଃ ପତିତ୍ୱା, ହେ ପ୍ରଭୋହଂ ପାପୀ ନରୋ ମମ ନିକଟାଦ୍ ଭୱାନ୍ ଯାତୁ, ଇତି କଥିତୱାନ୍|
2a0509016b	ଯତୋ ଜାଲେ ପତିତାନାଂ ମତ୍ସ୍ୟାନାଂ ଯୂଥାତ୍ ଶିମୋନ୍ ତତ୍ସଙ୍ଗିନଶ୍ଚ ଚମତ୍କୃତୱନ୍ତଃ; ଶିମୋନଃ ସହକାରିଣୌ ସିୱଦେଃ ପୁତ୍ରୌ ଯାକୂବ୍ ଯୋହନ୍ ଚେମୌ ତାଦୃଶୌ ବଭୂୱତୁଃ|
2a050a00ab	ତଦା ଯୀଶୁଃ ଶିମୋନଂ ଜଗାଦ ମା ଭୈଷୀରଦ୍ୟାରଭ୍ୟ ତ୍ୱଂ ମନୁଷ୍ୟଧରୋ ଭୱିଷ୍ୟସି|
2a050b00ec	ଅନନ୍ତରଂ ସର୍ୱ୍ୱାସୁ ନୌସୁ ତୀରମ୍ ଆନୀତାସୁ ତେ ସର୍ୱ୍ୱାନ୍ ପରିତ୍ୟଜ୍ୟ ତସ୍ୟ ପଶ୍ଚାଦ୍ଗାମିନୋ ବଭୂୱୁଃ|
2a050c01e4	ତତଃ ପରଂ ଯୀଶୌ କସ୍ମିଂଶ୍ଚିତ୍ ପୁରେ ତିଷ୍ଠତି ଜନ ଏକଃ ସର୍ୱ୍ୱାଙ୍ଗକୁଷ୍ଠସ୍ତଂ ୱିଲୋକ୍ୟ ତସ୍ୟ ସମୀପେ ନ୍ୟୁବ୍ଜଃ ପତିତ୍ୱା ସୱିନଯଂ ୱକ୍ତୁମାରେଭେ, ହେ ପ୍ରଭୋ ଯଦି ଭୱାନିଚ୍ଛତି ତର୍ହି ମାଂ ପରିଷ୍କର୍ତ୍ତୁଂ ଶକ୍ନୋତି|
2a050d0134	ତଦାନୀଂ ସ ପାଣିଂ ପ୍ରସାର୍ୟ୍ୟ ତଦଙ୍ଗଂ ସ୍ପୃଶନ୍ ବଭାଷେ ତ୍ୱଂ ପରିଷ୍କ୍ରିଯସ୍ୱେତି ମମେଚ୍ଛାସ୍ତି ତତସ୍ତତ୍କ୍ଷଣଂ ସ କୁଷ୍ଠାତ୍ ମୁକ୍ତଃ|
2a050e01bf	ପଶ୍ଚାତ୍ ସ ତମାଜ୍ଞାପଯାମାସ କଥାମିମାଂ କସ୍ମୈଚିଦ୍ ଅକଥଯିତ୍ୱା ଯାଜକସ୍ୟ ସମୀପଞ୍ଚ ଗତ୍ୱା ସ୍ୱଂ ଦର୍ଶଯ, ଲୋକେଭ୍ୟୋ ନିଜପରିଷ୍କୃତତ୍ୱସ୍ୟ ପ୍ରମାଣଦାନାଯ ମୂସାଜ୍ଞାନୁସାରେଣ ଦ୍ରୱ୍ୟମୁତ୍ମୃଜସ୍ୱ ଚ|
2a050f011b	ତଥାପି ଯୀଶୋଃ ସୁଖ୍ୟାତି ର୍ବହୁ ୱ୍ୟାପ୍ତୁମାରେଭେ କିଞ୍ଚ ତସ୍ୟ କଥାଂ ଶ୍ରୋତୁଂ ସ୍ୱୀଯରୋଗେଭ୍ୟୋ ମୋକ୍ତୁଞ୍ଚ ଲୋକା ଆଜଗ୍ମୁଃ|
2a05100068	ଅଥ ସ ପ୍ରାନ୍ତରଂ ଗତ୍ୱା ପ୍ରାର୍ଥଯାଞ୍ଚକ୍ରେ|
2a0511023a	ଅପରଞ୍ଚ ଏକଦା ଯୀଶୁରୁପଦିଶତି, ଏତର୍ହି ଗାଲୀଲ୍ୟିହୂଦାପ୍ରଦେଶଯୋଃ ସର୍ୱ୍ୱନଗରେଭ୍ୟୋ ଯିରୂଶାଲମଶ୍ଚ କିଯନ୍ତଃ ଫିରୂଶିଲୋକା ୱ୍ୟୱସ୍ଥାପକାଶ୍ଚ ସମାଗତ୍ୟ ତଦନ୍ତିକେ ସମୁପୱିୱିଶୁଃ, ତସ୍ମିନ୍ କାଲେ ଲୋକାନାମାରୋଗ୍ୟକାରଣାତ୍ ପ୍ରଭୋଃ ପ୍ରଭାୱଃ ପ୍ରଚକାଶେ|
2a05120120	ପଶ୍ଚାତ୍ କିଯନ୍ତୋ ଲୋକା ଏକଂ ପକ୍ଷାଘାତିନଂ ଖଟ୍ୱାଯାଂ ନିଧାଯ ଯୀଶୋଃ ସମୀପମାନେତୁଂ ସମ୍ମୁଖେ ସ୍ଥାପଯିତୁଞ୍ଚ ୱ୍ୟାପ୍ରିଯନ୍ତ|
2a05130165	କିନ୍ତୁ ବହୁଜନନିୱହସମ୍ୱାଧାତ୍ ନ ଶକ୍ନୁୱନ୍ତୋ ଗୃହୋପରି ଗତ୍ୱା ଗୃହପୃଷ୍ଠଂ ଖନିତ୍ୱା ତଂ ପକ୍ଷାଘାତିନଂ ସଖଟ୍ୱଂ ଗୃହମଧ୍ୟେ ଯୀଶୋଃ ସମ୍ମୁଖେ ଽୱରୋହଯାମାସୁଃ|
2a051400ee	ତଦା ଯୀଶୁସ୍ତେଷାମ୍ ଈଦୃଶଂ ୱିଶ୍ୱାସଂ ୱିଲୋକ୍ୟ ତଂ ପକ୍ଷାଘାତିନଂ ୱ୍ୟାଜହାର, ହେ ମାନୱ ତୱ ପାପମକ୍ଷମ୍ୟତ|
2a0515015c	ତସ୍ମାଦ୍ ଅଧ୍ୟାପକାଃ ଫିରୂଶିନଶ୍ଚ ଚିତ୍ତୈରିତ୍ଥଂ ପ୍ରଚିନ୍ତିତୱନ୍ତଃ, ଏଷ ଜନ ଈଶ୍ୱରଂ ନିନ୍ଦତି କୋଯଂ? କେୱଲମୀଶ୍ୱରଂ ୱିନା ପାପଂ କ୍ଷନ୍ତୁଂ କଃ ଶକ୍ନୋତି?
2a051600d6	ତଦା ଯୀଶୁସ୍ତେଷାମ୍ ଇତ୍ଥଂ ଚିନ୍ତନଂ ୱିଦିତ୍ୱା ତେଭ୍ୟୋକଥଯଦ୍ ଯୂଯଂ ମନୋଭିଃ କୁତୋ ୱିତର୍କଯଥ?
2a051700b3	ତୱ ପାପକ୍ଷମା ଜାତା ଯଦ୍ୱା ତ୍ୱମୁତ୍ଥାଯ ୱ୍ରଜ ଏତଯୋ ର୍ମଧ୍ୟେ କା କଥା ସୁକଥ୍ୟା?
2a051801c4	କିନ୍ତୁ ପୃଥିୱ୍ୟାଂ ପାପଂ କ୍ଷନ୍ତୁଂ ମାନୱସୁତସ୍ୟ ସାମର୍ଥ୍ୟମସ୍ତୀତି ଯଥା ଯୂଯଂ ଜ୍ଞାତୁଂ ଶକ୍ନୁଥ ତଦର୍ଥଂ (ସ ତଂ ପକ୍ଷାଘାତିନଂ ଜଗାଦ) ଉତ୍ତିଷ୍ଠ ସ୍ୱଶଯ୍ୟାଂ ଗୃହୀତ୍ୱା ଗୃହଂ ଯାହୀତି ତ୍ୱାମାଦିଶାମି|
2a0519010f	ତସ୍ମାତ୍ ସ ତତ୍କ୍ଷଣମ୍ ଉତ୍ଥାଯ ସର୍ୱ୍ୱେଷାଂ ସାକ୍ଷାତ୍ ନିଜଶଯନୀଯଂ ଗୃହୀତ୍ୱା ଈଶ୍ୱରଂ ଧନ୍ୟଂ ୱଦନ୍ ନିଜନିୱେଶନଂ ଯଯୌ|
2a051a0140	ତସ୍ମାତ୍ ସର୍ୱ୍ୱେ ୱିସ୍ମଯ ପ୍ରାପ୍ତା ମନଃସୁ ଭୀତାଶ୍ଚ ୱଯମଦ୍ୟାସମ୍ଭୱକାର୍ୟ୍ୟାଣ୍ୟଦର୍ଶାମ ଇତ୍ୟୁକ୍ତ୍ୱା ପରମେଶ୍ୱରଂ ଧନ୍ୟଂ ପ୍ରୋଦିତାଃ|
2a051b0100	ତତଃ ପରଂ ବହିର୍ଗଚ୍ଛନ୍ କରସଞ୍ଚଯସ୍ଥାନେ ଲେୱିନାମାନଂ କରସଞ୍ଚାଯକଂ ଦୃଷ୍ଟ୍ୱା ଯୀଶୁସ୍ତମଭିଦଧେ ମମ ପଶ୍ଚାଦେହି|
2a051c0097	ତସ୍ମାତ୍ ସ ତତ୍କ୍ଷଣାତ୍ ସର୍ୱ୍ୱଂ ପରିତ୍ୟଜ୍ୟ ତସ୍ୟ ପଶ୍ଚାଦିଯାଯ|
2a051d0120	ଅନନ୍ତରଂ ଲେୱି ର୍ନିଜଗୃହେ ତଦର୍ଥଂ ମହାଭୋଜ୍ୟଂ ଚକାର, ତଦା ତୈଃ ସହାନେକେ କରସଞ୍ଚାଯିନସ୍ତଦନ୍ୟଲୋକାଶ୍ଚ ଭୋକ୍ତୁମୁପୱିୱିଶୁଃ|
2a051e01a7	ତସ୍ମାତ୍ କାରଣାତ୍ ଚଣ୍ଡାଲାନାଂ ପାପିଲୋକାନାଞ୍ଚ ସଙ୍ଗେ ଯୂଯଂ କୁତୋ ଭଂଗ୍ଧ୍ୱେ ପିୱଥ ଚେତି କଥାଂ କଥଯିତ୍ୱା ଫିରୂଶିନୋଽଧ୍ୟାପକାଶ୍ଚ ତସ୍ୟ ଶିଷ୍ୟୈଃ ସହ ୱାଗ୍ୟୁଦ୍ଧଂ କର୍ତ୍ତୁମାରେଭିରେ|
2a051f00f6	ତସ୍ମାଦ୍ ଯୀଶୁସ୍ତାନ୍ ପ୍ରତ୍ୟୱୋଚଦ୍ ଅରୋଗଲୋକାନାଂ ଚିକିତ୍ସକେନ ପ୍ରଯୋଜନଂ ନାସ୍ତି କିନ୍ତୁ ସରୋଗାଣାମେୱ|
2a052000c3	ଅହଂ ଧାର୍ମ୍ମିକାନ୍ ଆହ୍ୱାତୁଂ ନାଗତୋସ୍ମି କିନ୍ତୁ ମନଃ ପରାୱର୍ତ୍ତଯିତୁଂ ପାପିନ ଏୱ|
2a0521013a	ତତସ୍ତେ ପ୍ରୋଚୁଃ, ଯୋହନଃ ଫିରୂଶିନାଞ୍ଚ ଶିଷ୍ୟା ୱାରଂୱାରମ୍ ଉପୱସନ୍ତି ପ୍ରାର୍ଥଯନ୍ତେ ଚ କିନ୍ତୁ ତୱ ଶିଷ୍ୟାଃ କୁତୋ ଭୁଞ୍ଜତେ ପିୱନ୍ତି ଚ?
2a052200b8	ତଦା ସ ତାନାଚଖ୍ୟୌ ୱରେ ସଙ୍ଗେ ତିଷ୍ଠତି ୱରସ୍ୟ ସଖିଗଣଂ କିମୁପୱାସଯିତୁଂ ଶକ୍ନୁଥ?
2a0523009f	କିନ୍ତୁ ଯଦା ତେଷାଂ ନିକଟାଦ୍ ୱରୋ ନେଷ୍ୟତେ ତଦା ତେ ସମୁପୱତ୍ସ୍ୟନ୍ତି|
2a0524018b	ସୋପରମପି ଦୃଷ୍ଟାନ୍ତଂ କଥଯାମ୍ବଭୂୱ ପୁରାତନୱସ୍ତ୍ରେ କୋପି ନୁତନୱସ୍ତ୍ରଂ ନ ସୀୱ୍ୟତି ଯତସ୍ତେନ ସେୱନେନ ଜୀର୍ଣୱସ୍ତ୍ରଂ ଛିଦ୍ୟତେ, ନୂତନପୁରାତନୱସ୍ତ୍ରଯୋ ର୍ମେଲଞ୍ଚ ନ ଭୱତି|
2a0525018a	ପୁରାତନ୍ୟାଂ କୁତ୍ୱାଂ କୋପି ନୁତନଂ ଦ୍ରାକ୍ଷାରସଂ ନ ନିଦଧାତି, ଯତୋ ନୱୀନଦ୍ରାକ୍ଷାରସସ୍ୟ ତେଜସା ପୁରାତନୀ କୁତୂ ର୍ୱିଦୀର୍ୟ୍ୟତେ ତତୋ ଦ୍ରାକ୍ଷାରସଃ ପତତି କୁତୂଶ୍ଚ ନଶ୍ୟତି|
2a052600d1	ତତୋ ହେତୋ ର୍ନୂତନ୍ୟାଂ କୁତ୍ୱାଂ ନୱୀନଦ୍ରାକ୍ଷାରସଃ ନିଧାତୱ୍ୟସ୍ତେନୋଭଯସ୍ୟ ରକ୍ଷା ଭୱତି|
2a052700ff	ଅପରଞ୍ଚ ପୁରାତନଂ ଦ୍ରାକ୍ଷାରସଂ ପୀତ୍ୱା କୋପି ନୂତନଂ ନ ୱାଞ୍ଛତି, ଯତଃ ସ ୱକ୍ତି ନୂତନାତ୍ ପୁରାତନମ୍ ପ୍ରଶସ୍ତମ୍|
2a0601018b	ଅଚରଞ୍ଚ ପର୍ୱ୍ୱଣୋ ଦ୍ୱିତୀଯଦିନାତ୍ ପରଂ ପ୍ରଥମୱିଶ୍ରାମୱାରେ ଶସ୍ୟକ୍ଷେତ୍ରେଣ ଯୀଶୋର୍ଗମନକାଲେ ତସ୍ୟ ଶିଷ୍ୟାଃ କଣିଶଂ ଛିତ୍ତ୍ୱା କରେଷୁ ମର୍ଦ୍ଦଯିତ୍ୱା ଖାଦିତୁମାରେଭିରେ|
2a060200e6	ତସ୍ମାତ୍ କିଯନ୍ତଃ ଫିରୂଶିନସ୍ତାନୱଦନ୍ ୱିଶ୍ରାମୱାରେ ଯତ୍ କର୍ମ୍ମ ନ କର୍ତ୍ତୱ୍ୟଂ ତତ୍ କୁତଃ କୁରୁଥ?
2a06030108	ଯୀଶୁଃ ପ୍ରତ୍ୟୁୱାଚ ଦାଯୂଦ୍ ତସ୍ୟ ସଙ୍ଗିନଶ୍ଚ କ୍ଷୁଧାର୍ତ୍ତାଃ କିଂ ଚକ୍ରୁଃ ସ କଥମ୍ ଈଶ୍ୱରସ୍ୟ ମନ୍ଦିରଂ ପ୍ରୱିଶ୍ୟ
2a0604014d	ଯେ ଦର୍ଶନୀଯାଃ ପୂପା ଯାଜକାନ୍ ୱିନାନ୍ୟସ୍ୟ କସ୍ୟାପ୍ୟଭୋଜନୀଯାସ୍ତାନାନୀଯ ସ୍ୱଯଂ ବୁଭଜେ ସଙ୍ଗିଭ୍ୟୋପି ଦଦୌ ତତ୍ କିଂ ଯୁଷ୍ମାଭିଃ କଦାପି ନାପାଠି?
2a0605009d	ପଶ୍ଚାତ୍ ସ ତାନୱଦତ୍ ମନୁଜସୁତୋ ୱିଶ୍ରାମୱାରସ୍ୟାପି ପ୍ରଭୁ ର୍ଭୱତି|
2a06060124	ଅନନ୍ତରମ୍ ଅନ୍ୟୱିଶ୍ରାମୱାରେ ସ ଭଜନଗେହଂ ପ୍ରୱିଶ୍ୟ ସମୁପଦିଶତି| ତଦା ତତ୍ସ୍ଥାନେ ଶୁଷ୍କଦକ୍ଷିଣକର ଏକଃ ପୁମାନ୍ ଉପତସ୍ଥିୱାନ୍|
2a0607013b	ତସ୍ମାଦ୍ ଅଧ୍ୟାପକାଃ ଫିରୂଶିନଶ୍ଚ ତସ୍ମିନ୍ ଦୋଷମାରୋପଯିତୁଂ ସ ୱିଶ୍ରାମୱାରେ ତସ୍ୟ ସ୍ୱାସ୍ଥ୍ୟଂ କରୋତି ନୱେତି ପ୍ରତୀକ୍ଷିତୁମାରେଭିରେ|
2a060800f6	ତଦା ଯୀଶୁସ୍ତେଷାଂ ଚିନ୍ତାଂ ୱିଦିତ୍ୱା ତଂ ଶୁଷ୍କକରଂ ପୁମାଂସଂ ପ୍ରୋୱାଚ, ତ୍ୱମୁତ୍ଥାଯ ମଧ୍ୟସ୍ଥାନେ ତିଷ୍ଠ|
2a060901a6	ତସ୍ମାତ୍ ତସ୍ମିନ୍ ଉତ୍ଥିତୱତି ଯୀଶୁସ୍ତାନ୍ ୱ୍ୟାଜହାର, ଯୁଷ୍ମାନ୍ ଇମାଂ କଥାଂ ପୃଚ୍ଛାମି, ୱିଶ୍ରାମୱାରେ ହିତମ୍ ଅହିତଂ ୱା, ପ୍ରାଣରକ୍ଷଣଂ ପ୍ରାଣନାଶନଂ ୱା, ଏତେଷାଂ କିଂ କର୍ମ୍ମକରଣୀଯମ୍?
2a060a013e	ପଶ୍ଚାତ୍ ଚତୁର୍ଦିକ୍ଷୁ ସର୍ୱ୍ୱାନ୍ ୱିଲୋକ୍ୟ ତଂ ମାନୱଂ ବଭାଷେ, ନିଜକରଂ ପ୍ରସାରଯ; ତତସ୍ତେନ ତଥା କୃତ ଇତରକରୱତ୍ ତସ୍ୟ ହସ୍ତଃ ସ୍ୱସ୍ଥୋଭୱତ୍|
2a060b00ce	ତସ୍ମାତ୍ ତେ ପ୍ରଚଣ୍ଡକୋପାନ୍ୱିତା ଯୀଶୁଂ କିଂ କରିଷ୍ୟନ୍ତୀତି ପରସ୍ପରଂ ପ୍ରମନ୍ତ୍ରିତାଃ|
2a060c00e0	ତତଃ ପରଂ ସ ପର୍ୱ୍ୱତମାରୁହ୍ୟେଶ୍ୱରମୁଦ୍ଦିଶ୍ୟ ପ୍ରାର୍ଥଯମାନଃ କୃତ୍ସ୍ନାଂ ରାତ୍ରିଂ ଯାପିତୱାନ୍|
2a060d008f	ଅଥ ଦିନେ ସତି ସ ସର୍ୱ୍ୱାନ୍ ଶିଷ୍ୟାନ୍ ଆହୂତୱାନ୍ ତେଷାଂ ମଧ୍ୟେ
2a060e00df	ପିତରନାମ୍ନା ଖ୍ୟାତଃ ଶିମୋନ୍ ତସ୍ୟ ଭ୍ରାତା ଆନ୍ଦ୍ରିଯଶ୍ଚ ଯାକୂବ୍ ଯୋହନ୍ ଚ ଫିଲିପ୍ ବର୍ଥଲମଯଶ୍ଚ
2a060f00a9	ମଥିଃ ଥୋମା ଆଲ୍ଫୀଯସ୍ୟ ପୁତ୍ରୋ ଯାକୂବ୍ ଜ୍ୱଲନ୍ତନାମ୍ନା ଖ୍ୟାତଃ ଶିମୋନ୍
2a06100199	ଚ ଯାକୂବୋ ଭ୍ରାତା ଯିହୂଦାଶ୍ଚ ତଂ ଯଃ ପରକରେଷୁ ସମର୍ପଯିଷ୍ୟତି ସ ଈଷ୍କରୀଯୋତୀଯଯିହୂଦାଶ୍ଚୈତାନ୍ ଦ୍ୱାଦଶ ଜନାନ୍ ମନୋନୀତାନ୍ କୃତ୍ୱା ସ ଜଗ୍ରାହ ତଥା ପ୍ରେରିତ ଇତି ତେଷାଂ ନାମ ଚକାର|
2a06110207	ତତଃ ପରଂ ସ ତୈଃ ସହ ପର୍ୱ୍ୱତାଦୱରୁହ୍ୟ ଉପତ୍ୟକାଯାଂ ତସ୍ଥୌ ତତସ୍ତସ୍ୟ ଶିଷ୍ୟସଙ୍ଘୋ ଯିହୂଦାଦେଶାଦ୍ ଯିରୂଶାଲମଶ୍ଚ ସୋରଃ ସୀଦୋନଶ୍ଚ ଜଲଧେ ରୋଧସୋ ଜନନିହାଶ୍ଚ ଏତ୍ୟ ତସ୍ୟ କଥାଶ୍ରୱଣାର୍ଥଂ ରୋଗମୁକ୍ତ୍ୟର୍ଥଞ୍ଚ ତସ୍ୟ ସମୀପେ ତସ୍ଥୁଃ|
2a06120097	ଅମେଧ୍ୟଭୂତଗ୍ରସ୍ତାଶ୍ଚ ତନ୍ନିକଟମାଗତ୍ୟ ସ୍ୱାସ୍ଥ୍ୟଂ ପ୍ରାପୁଃ|
2a061300f3	ସର୍ୱ୍ୱେଷାଂ ସ୍ୱାସ୍ଥ୍ୟକରଣପ୍ରଭାୱସ୍ୟ ପ୍ରକାଶିତତ୍ୱାତ୍ ସର୍ୱ୍ୱେ ଲୋକା ଏତ୍ୟ ତଂ ସ୍ପ୍ରଷ୍ଟୁଂ ଯେତିରେ|
2a0614010f	ପଶ୍ଚାତ୍ ସ ଶିଷ୍ୟାନ୍ ପ୍ରତି ଦୃଷ୍ଟିଂ କୁତ୍ୱା ଜଗାଦ, ହେ ଦରିଦ୍ରା ଯୂଯଂ ଧନ୍ୟା ଯତ ଈଶ୍ୱରୀଯେ ରାଜ୍ୟେ ୱୋଽଧିକାରୋସ୍ତି|
2a061500ff	ହେ ଅଧୁନା କ୍ଷୁଧିତଲୋକା ଯୂଯଂ ଧନ୍ୟା ଯତୋ ଯୂଯଂ ତର୍ପ୍ସ୍ୟଥ; ହେ ଇହ ରୋଦିନୋ ଜନା ଯୂଯଂ ଧନ୍ୟା ଯତୋ ଯୂଯଂ ହସିଷ୍ୟଥ|
2a06160189	ଯଦା ଲୋକା ମନୁଷ୍ୟସୂନୋ ର୍ନାମହେତୋ ର୍ୟୁଷ୍ମାନ୍ ଋତୀଯିଷ୍ୟନ୍ତେ ପୃଥକ୍ କୃତ୍ୱା ନିନ୍ଦିଷ୍ୟନ୍ତି, ଅଧମାନିୱ ଯୁଷ୍ମାନ୍ ସ୍ୱସମୀପାଦ୍ ଦୂରୀକରିଷ୍ୟନ୍ତି ଚ ତଦା ଯୂଯଂ ଧନ୍ୟାଃ|
2a06170191	ସ୍ୱର୍ଗେ ଯୁଷ୍ମାକଂ ଯଥେଷ୍ଟଂ ଫଲଂ ଭୱିଷ୍ୟତି, ଏତଦର୍ଥଂ ତସ୍ମିନ୍ ଦିନେ ପ୍ରୋଲ୍ଲସତ ଆନନ୍ଦେନ ନୃତ୍ୟତ ଚ, ତେଷାଂ ପୂର୍ୱ୍ୱପୁରୁଷାଶ୍ଚ ଭୱିଷ୍ୟଦ୍ୱାଦିନଃ ପ୍ରତି ତଥୈୱ ୱ୍ୟୱାହରନ୍|
2a061800d3	କିନ୍ତୁ ହା ହା ଧନୱନ୍ତୋ ଯୂଯଂ ସୁଖଂ ପ୍ରାପ୍ନୁତ| ହନ୍ତ ପରିତୃପ୍ତା ଯୂଯଂ କ୍ଷୁଧିତା ଭୱିଷ୍ୟଥ;
2a06190088	ଇହ ହସନ୍ତୋ ଯୂଯଂ ୱତ ଯୁଷ୍ମାଭିଃ ଶୋଚିତୱ୍ୟଂ ରୋଦିତୱ୍ୟଞ୍ଚ|
2a061a0172	ସର୍ୱ୍ୱୈଲାକୈ ର୍ୟୁଷ୍ମାକଂ ସୁଖ୍ୟାତୌ କୃତାଯାଂ ଯୁଷ୍ମାକଂ ଦୁର୍ଗତି ର୍ଭୱିଷ୍ୟତି ଯୁଷ୍ମାକଂ ପୂର୍ୱ୍ୱପୁରୁଷା ମୃଷାଭୱିଷ୍ୟଦ୍ୱାଦିନଃ ପ୍ରତି ତଦ୍ୱତ୍ କୃତୱନ୍ତଃ|
2a061b0108	ହେ ଶ୍ରୋତାରୋ ଯୁଷ୍ମଭ୍ୟମହଂ କଥଯାମି, ଯୂଯଂ ଶତ୍ରୁଷୁ ପ୍ରୀଯଧ୍ୱଂ ଯେ ଚ ଯୁଷ୍ମାନ୍ ଦ୍ୱିଷନ୍ତି ତେଷାମପି ହିତଂ କୁରୁତ|
2a061c00ef	ଯେ ଚ ଯୁଷ୍ମାନ୍ ଶପନ୍ତି ତେଭ୍ୟ ଆଶିଷଂ ଦତ୍ତ ଯେ ଚ ଯୁଷ୍ମାନ୍ ଅୱମନ୍ୟନ୍ତେ ତେଷାଂ ମଙ୍ଗଲଂ ପ୍ରାର୍ଥଯଧ୍ୱଂ|
2a061d01dc	ଯଦି କଶ୍ଚିତ୍ ତୱ କପୋଲେ ଚପେଟାଘାତଂ କରୋତି ତର୍ହି ତଂ ପ୍ରତି କପୋଲମ୍ ଅନ୍ୟଂ ପରାୱର୍ତ୍ତ୍ୟ ସମ୍ମୁଖୀକୁରୁ ପୁନଶ୍ଚ ଯଦି କଶ୍ଚିତ୍ ତୱ ଗାତ୍ରୀଯୱସ୍ତ୍ରଂ ହରତି ତର୍ହି ତଂ ପରିଧେଯୱସ୍ତ୍ରମ୍ ଅପି ଗ୍ରହୀତୁଂ ମା ୱାରଯ|
2a061e00a5	ଯସ୍ତ୍ୱାଂ ଯାଚତେ ତସ୍ମୈ ଦେହି, ଯଶ୍ଚ ତୱ ସମ୍ପତ୍ତିଂ ହରତି ତଂ ମା ଯାଚସ୍ୱ|
2a061f00b7	ପରେଭ୍ୟଃ ସ୍ୱାନ୍ ପ୍ରତି ଯଥାଚରଣମ୍ ଅପେକ୍ଷଧ୍ୱେ ପରାନ୍ ପ୍ରତି ଯୂଯମପି ତଥାଚରତ|
2a06200127	ଯେ ଜନା ଯୁଷ୍ମାସୁ ପ୍ରୀଯନ୍ତେ କେୱଲଂ ତେଷୁ ପ୍ରୀଯମାଣେଷୁ ଯୁଷ୍ମାକଂ କିଂ ଫଲଂ? ପାପିଲୋକା ଅପି ସ୍ୱେଷୁ ପ୍ରୀଯମାଣେଷୁ ପ୍ରୀଯନ୍ତେ|
2a062100d4	ଯଦି ହିତକାରିଣ ଏୱ ହିତଂ କୁରୁଥ ତର୍ହି ଯୁଷ୍ମାକଂ କିଂ ଫଲଂ? ପାପିଲୋକା ଅପି ତଥା କୁର୍ୱ୍ୱନ୍ତି|
2a0622017d	ଯେଭ୍ୟ ଋଣପରିଶୋଧସ୍ୟ ପ୍ରାପ୍ତିପ୍ରତ୍ୟାଶାସ୍ତେ କେୱଲଂ ତେଷୁ ଋଣେ ସମର୍ପିତେ ଯୁଷ୍ମାକଂ କିଂ ଫଲଂ? ପୁନଃ ପ୍ରାପ୍ତ୍ୟାଶଯା ପାପୀଲୋକା ଅପି ପାପିଜନେଷୁ ଋଣମ୍ ଅର୍ପଯନ୍ତି|
2a06230273	ଅତୋ ଯୂଯଂ ରିପୁଷ୍ୱପି ପ୍ରୀଯଧ୍ୱଂ, ପରହିତଂ କୁରୁତ ଚ; ପୁନଃ ପ୍ରାପ୍ତ୍ୟାଶାଂ ତ୍ୟକ୍ତ୍ୱା ଋଣମର୍ପଯତ, ତଥା କୃତେ ଯୁଷ୍ମାକଂ ମହାଫଲଂ ଭୱିଷ୍ୟତି, ଯୂଯଞ୍ଚ ସର୍ୱ୍ୱପ୍ରଧାନସ୍ୟ ସନ୍ତାନା ଇତି ଖ୍ୟାତିଂ ପ୍ରାପ୍ସ୍ୟଥ, ଯତୋ ଯୁଷ୍ମାକଂ ପିତା କୃତଘ୍ନାନାଂ ଦୁର୍ୱ୍ଟତ୍ତାନାଞ୍ଚ ହିତମାଚରତି|
2a06240075	ଅତ ଏୱ ସ ଯଥା ଦଯାଲୁ ର୍ୟୂଯମପି ତାଦୃଶା ଦଯାଲୱୋ ଭୱତ|
2a062501e3	ଅପରଞ୍ଚ ପରାନ୍ ଦୋଷିଣୋ ମା କୁରୁତ ତସ୍ମାଦ୍ ଯୂଯଂ ଦୋଷୀକୃତା ନ ଭୱିଷ୍ୟଥ; ଅଦଣ୍ଡ୍ୟାନ୍ ମା ଦଣ୍ଡଯତ ତସ୍ମାଦ୍ ଯୂଯମପି ଦଣ୍ଡଂ ନ ପ୍ରାପ୍ସ୍ୟଥ; ପରେଷାଂ ଦୋଷାନ୍ କ୍ଷମଧ୍ୱଂ ତସ୍ମାଦ୍ ଯୁଷ୍ମାକମପି ଦୋଷାଃ କ୍ଷମିଷ୍ୟନ୍ତେ|
2a06260238	ଦାନାନିଦତ୍ତ ତସ୍ମାଦ୍ ଯୂଯଂ ଦାନାନି ପ୍ରାପ୍ସ୍ୟଥ, ୱରଞ୍ଚ ଲୋକାଃ ପରିମାଣପାତ୍ରଂ ପ୍ରଦଲଯ୍ୟ ସଞ୍ଚାଲ୍ୟ ପ୍ରୋଞ୍ଚାଲ୍ୟ ପରିପୂର୍ୟ୍ୟ ଯୁଷ୍ମାକଂ କ୍ରୋଡେଷୁ ସମର୍ପଯିଷ୍ୟନ୍ତି; ଯୂଯଂ ଯେନ ପରିମାଣେନ ପରିମାଥ ତେନୈୱ ପରିମାଣେନ ଯୁଷ୍ମତ୍କୃତେ ପରିମାସ୍ୟତେ|
2a06270135	ଅଥ ସ ତେଭ୍ୟୋ ଦୃଷ୍ଟାନ୍ତକଥାମକଥଯତ୍, ଅନ୍ଧୋ ଜନଃ କିମନ୍ଧଂ ପନ୍ଥାନଂ ଦର୍ଶଯିତୁଂ ଶକ୍ନୋତି? ତସ୍ମାଦ୍ ଉଭାୱପି କିଂ ଗର୍ତ୍ତେ ନ ପତିଷ୍ୟତଃ?
2a062800cf	ଗୁରୋଃ ଶିଷ୍ୟୋ ନ ଶ୍ରେଷ୍ଠଃ କିନ୍ତୁ ଶିଷ୍ୟେ ସିଦ୍ଧେ ସତି ସ ଗୁରୁତୁଲ୍ୟୋ ଭୱିତୁଂ ଶକ୍ନୋତି|
2a062900f2	ଅପରଞ୍ଚ ତ୍ୱଂ ସ୍ୱଚକ୍ଷୁଷି ନାସାମ୍ ଅଦୃଷ୍ଟ୍ୱା ତୱ ଭ୍ରାତୁଶ୍ଚକ୍ଷୁଷି ଯତ୍ତୃଣମସ୍ତି ତଦେୱ କୁତଃ ପଶ୍ୟମି?
2a062a0259	ସ୍ୱଚକ୍ଷୁଷି ଯା ନାସା ୱିଦ୍ୟତେ ତାମ୍ ଅଜ୍ଞାତ୍ୱା, ଭ୍ରାତସ୍ତୱ ନେତ୍ରାତ୍ ତୃଣଂ ବହିଃ କରୋମୀତି ୱାକ୍ୟଂ ଭ୍ରାତରଂ କଥଂ ୱକ୍ତୁଂ ଶକ୍ନୋଷି? ହେ କପଟିନ୍ ପୂର୍ୱ୍ୱଂ ସ୍ୱନଯନାତ୍ ନାସାଂ ବହିଃ କୁରୁ ତତୋ ଭ୍ରାତୁଶ୍ଚକ୍ଷୁଷସ୍ତୃଣଂ ବହିଃ କର୍ତ୍ତୁଂ ସୁଦୃଷ୍ଟିଂ ପ୍ରାପ୍ସ୍ୟସି|
2a062b011f	ଅନ୍ୟଞ୍ଚ ଉତ୍ତମସ୍ତରୁଃ କଦାପି ଫଲମନୁତ୍ତମଂ ନ ଫଲତି, ଅନୁତ୍ତମତରୁଶ୍ଚ ଫଲମୁତ୍ତମଂ ନ ଫଲତି କାରଣାଦତଃ ଫଲୈସ୍ତରୱୋ ଜ୍ଞାଯନ୍ତେ|
2a062c00f8	କଣ୍ଟକିପାଦପାତ୍ କୋପି ଉଡୁମ୍ବରଫଲାନି ନ ପାତଯତି ତଥା ଶୃଗାଲକୋଲିୱୃକ୍ଷାଦପି କୋପି ଦ୍ରାକ୍ଷାଫଲଂ ନ ପାତଯତି|
2a062d0252	ତଦ୍ୱତ୍ ସାଧୁଲୋକୋଽନ୍ତଃକରଣରୂପାତ୍ ସୁଭାଣ୍ଡାଗାରାଦ୍ ଉତ୍ତମାନି ଦ୍ରୱ୍ୟାଣି ବହିଃ କରୋତି, ଦୁଷ୍ଟୋ ଲୋକଶ୍ଚାନ୍ତଃକରଣରୂପାତ୍ କୁଭାଣ୍ଡାଗାରାତ୍ କୁତ୍ସିତାନି ଦ୍ରୱ୍ୟାଣି ନିର୍ଗମଯତି ଯତୋଽନ୍ତଃକରଣାନାଂ ପୂର୍ଣଭାୱାନୁରୂପାଣି ୱଚାଂସି ମୁଖାନ୍ନିର୍ଗଚ୍ଛନ୍ତି|
2a062e00a2	ଅପରଞ୍ଚ ମମାଜ୍ଞାନୁରୂପଂ ନାଚରିତ୍ୱା କୁତୋ ମାଂ ପ୍ରଭୋ ପ୍ରଭୋ ଇତି ୱଦଥ?
2a062f0117	ଯଃ କଶ୍ଚିନ୍ ମମ ନିକଟମ୍ ଆଗତ୍ୟ ମମ କଥା ନିଶମ୍ୟ ତଦନୁରୂପଂ କର୍ମ୍ମ କରୋତି ସ କସ୍ୟ ସଦୃଶୋ ଭୱତି ତଦହଂ ଯୁଷ୍ମାନ୍ ଜ୍ଞାପଯାମି|
2a063001fc	ଯୋ ଜନୋ ଗଭୀରଂ ଖନିତ୍ୱା ପାଷାଣସ୍ଥଲେ ଭିତ୍ତିଂ ନିର୍ମ୍ମାଯ ସ୍ୱଗୃହଂ ରଚଯତି ତେନ ସହ ତସ୍ୟୋପମା ଭୱତି; ଯତ ଆପ୍ଲାୱିଜଲମେତ୍ୟ ତସ୍ୟ ମୂଲେ ୱେଗେନ ୱହଦପି ତଦ୍ଗେହଂ ଲାଡଯିତୁଂ ନ ଶକ୍ନୋତି ଯତସ୍ତସ୍ୟ ଭିତ୍ତିଃ ପାଷାଣୋପରି ତିଷ୍ଠତି|
2a063101d2	କିନ୍ତୁ ଯଃ କଶ୍ଚିନ୍ ମମ କଥାଃ ଶ୍ରୁତ୍ୱା ତଦନୁରୂପଂ ନାଚରତି ସ ଭିତ୍ତିଂ ୱିନା ମୃଦୁପରି ଗୃହନିର୍ମ୍ମାତ୍ରା ସମାନୋ ଭୱତି; ଯତ ଆପ୍ଲାୱିଜଲମାଗତ୍ୟ ୱେଗେନ ଯଦା ୱହତି ତଦା ତଦ୍ଗୃହଂ ପତତି ତସ୍ୟ ମହତ୍ ପତନଂ ଜାଯତେ|
2a070100ec	ତତଃ ପରଂ ସ ଲୋକାନାଂ କର୍ଣଗୋଚରେ ତାନ୍ ସର୍ୱ୍ୱାନ୍ ଉପଦେଶାନ୍ ସମାପ୍ୟ ଯଦା କଫର୍ନାହୂମ୍ପୁରଂ ପ୍ରୱିଶତି
2a07020085	ତଦା ଶତସେନାପତେଃ ପ୍ରିଯଦାସ ଏକୋ ମୃତକଲ୍ପଃ ପୀଡିତ ଆସୀତ୍|
2a07030141	ଅତଃ ସେନାପତି ର୍ୟୀଶୋ ର୍ୱାର୍ତ୍ତାଂ ନିଶମ୍ୟ ଦାସସ୍ୟାରୋଗ୍ୟକରଣାଯ ତସ୍ୟାଗମନାର୍ଥଂ ୱିନଯକରଣାଯ ଯିହୂଦୀଯାନ୍ କିଯତଃ ପ୍ରାଚଃ ପ୍ରେଷଯାମାସ|
2a070400f5	ତେ ଯୀଶୋରନ୍ତିକଂ ଗତ୍ୱା ୱିନଯାତିଶଯଂ ୱକ୍ତୁମାରେଭିରେ, ସ ସେନାପତି ର୍ଭୱତୋନୁଗ୍ରହଂ ପ୍ରାପ୍ତୁମ୍ ଅର୍ହତି|
2a070500c4	ଯତଃ ସୋସ୍ମଜ୍ଜାତୀଯେଷୁ ଲୋକେଷୁ ପ୍ରୀଯତେ ତଥାସ୍ମତ୍କୃତେ ଭଜନଗେହଂ ନିର୍ମ୍ମିତୱାନ୍|
2a07060228	ତସ୍ମାଦ୍ ଯୀଶୁସ୍ତୈଃ ସହ ଗତ୍ୱା ନିୱେଶନସ୍ୟ ସମୀପଂ ପ୍ରାପ, ତଦା ସ ଶତସେନାପତି ର୍ୱକ୍ଷ୍ୟମାଣୱାକ୍ୟଂ ତଂ ୱକ୍ତୁଂ ବନ୍ଧୂନ୍ ପ୍ରାହିଣୋତ୍| ହେ ପ୍ରଭୋ ସ୍ୱଯଂ ଶ୍ରମୋ ନ କର୍ତ୍ତୱ୍ୟୋ ଯଦ୍ ଭୱତା ମଦ୍ଗେହମଧ୍ୟେ ପାଦାର୍ପଣଂ କ୍ରିଯେତ ତଦପ୍ୟହଂ ନାର୍ହାମି,
2a07070130	କିଞ୍ଚାହଂ ଭୱତ୍ସମୀପଂ ଯାତୁମପି ନାତ୍ମାନଂ ଯୋଗ୍ୟଂ ବୁଦ୍ଧୱାନ୍, ତତୋ ଭୱାନ୍ ୱାକ୍ୟମାତ୍ରଂ ୱଦତୁ ତେନୈୱ ମମ ଦାସଃ ସ୍ୱସ୍ଥୋ ଭୱିଷ୍ୟତି|
2a070801f4	ଯସ୍ମାଦ୍ ଅହଂ ପରାଧୀନୋପି ମମାଧୀନା ଯାଃ ସେନାଃ ସନ୍ତି ତାସାମ୍ ଏକଜନଂ ପ୍ରତି ଯାହୀତି ମଯା ପ୍ରୋକ୍ତେ ସ ଯାତି; ତଦନ୍ୟଂ ପ୍ରତି ଆଯାହୀତି ପ୍ରୋକ୍ତେ ସ ଆଯାତି; ତଥା ନିଜଦାସଂ ପ୍ରତି ଏତତ୍ କୁର୍ୱ୍ୱିତି ପ୍ରୋକ୍ତେ ସ ତଦେୱ କରୋତି|
2a07090197	ଯୀଶୁରିଦଂ ୱାକ୍ୟଂ ଶ୍ରୁତ୍ୱା ୱିସ୍ମଯଂ ଯଯୌ, ମୁଖଂ ପରାୱର୍ତ୍ୟ ପଶ୍ଚାଦ୍ୱର୍ତ୍ତିନୋ ଲୋକାନ୍ ବଭାଷେ ଚ, ଯୁଷ୍ମାନହଂ ୱଦାମି ଇସ୍ରାଯେଲୋ ୱଂଶମଧ୍ୟେପି ୱିଶ୍ୱାସମୀଦୃଶଂ ନ ପ୍ରାପ୍ନୱଂ|
2a070a0099	ତତସ୍ତେ ପ୍ରେଷିତା ଗୃହଂ ଗତ୍ୱା ତଂ ପୀଡିତଂ ଦାସଂ ସ୍ୱସ୍ଥଂ ଦଦୃଶୁଃ|
2a070b00d8	ପରେଽହନି ସ ନାଯୀନାଖ୍ୟଂ ନଗରଂ ଜଗାମ ତସ୍ୟାନେକେ ଶିଷ୍ୟା ଅନ୍ୟେ ଚ ଲୋକାସ୍ତେନ ସାର୍ଦ୍ଧଂ ଯଯୁଃ|
2a070c01c7	ତେଷୁ ତନ୍ନଗରସ୍ୟ ଦ୍ୱାରସନ୍ନିଧିଂ ପ୍ରାପ୍ତେଷୁ କିଯନ୍ତୋ ଲୋକା ଏକଂ ମୃତମନୁଜଂ ୱହନ୍ତୋ ନଗରସ୍ୟ ବହିର୍ୟାନ୍ତି, ସ ତନ୍ମାତୁରେକପୁତ୍ରସ୍ତନ୍ମାତା ଚ ୱିଧୱା; ତଯା ସାର୍ଦ୍ଧଂ ତନ୍ନଗରୀଯା ବହୱୋ ଲୋକା ଆସନ୍|
2a070d0123	ପ୍ରଭୁସ୍ତାଂ ୱିଲୋକ୍ୟ ସାନୁକମ୍ପଃ କଥଯାମାସ, ମା ରୋଦୀଃ| ସ ସମୀପମିତ୍ୱା ଖଟ୍ୱାଂ ପସ୍ପର୍ଶ ତସ୍ମାଦ୍ ୱାହକାଃ ସ୍ଥଗିତାସ୍ତମ୍ୟୁଃ;
2a070e009c	ତଦା ସ ଉୱାଚ ହେ ଯୁୱମନୁଷ୍ୟ ତ୍ୱମୁତ୍ତିଷ୍ଠ, ତ୍ୱାମହମ୍ ଆଜ୍ଞାପଯାମି|
2a070f00e4	ତସ୍ମାତ୍ ସ ମୃତୋ ଜନସ୍ତତ୍କ୍ଷଣମୁତ୍ଥାଯ କଥାଂ ପ୍ରକଥିତଃ; ତତୋ ଯୀଶୁସ୍ତସ୍ୟ ମାତରି ତଂ ସମର୍ପଯାମାସ|
2a07100185	ତସ୍ମାତ୍ ସର୍ୱ୍ୱେ ଲୋକାଃ ଶଶଙ୍କିରେ; ଏକୋ ମହାଭୱିଷ୍ୟଦ୍ୱାଦୀ ମଧ୍ୟେଽସ୍ମାକମ୍ ସମୁଦୈତ୍, ଈଶ୍ୱରଶ୍ଚ ସ୍ୱଲୋକାନନ୍ୱଗୃହ୍ଲାତ୍ କଥାମିମାଂ କଥଯିତ୍ୱା ଈଶ୍ୱରଂ ଧନ୍ୟଂ ଜଗଦୁଃ|
2a071100d7	ତତଃ ପରଂ ସମସ୍ତଂ ଯିହୂଦାଦେଶଂ ତସ୍ୟ ଚତୁର୍ଦିକ୍ସ୍ଥଦେଶଞ୍ଚ ତସ୍ୟୈତତ୍କୀର୍ତ୍ତି ର୍ୱ୍ୟାନଶେ|
2a07120090	ତତଃ ପରଂ ଯୋହନଃ ଶିଷ୍ୟେଷୁ ତଂ ତଦ୍ୱୃତ୍ତାନ୍ତଂ ଜ୍ଞାପିତୱତ୍ସୁ
2a071301b2	ସ ସ୍ୱଶିଷ୍ୟାଣାଂ ଦ୍ୱୌ ଜନାୱାହୂଯ ଯୀଶୁଂ ପ୍ରତି ୱକ୍ଷ୍ୟମାଣଂ ୱାକ୍ୟଂ ୱକ୍ତୁଂ ପ୍ରେଷଯାମାସ, ଯସ୍ୟାଗମନମ୍ ଅପେକ୍ଷ୍ୟ ତିଷ୍ଠାମୋ ୱଯଂ କିଂ ସ ଏୱ ଜନସ୍ତ୍ୱଂ? କିଂ ୱଯମନ୍ୟମପେକ୍ଷ୍ୟ ସ୍ଥାସ୍ୟାମଃ?
2a071401cc	ପଶ୍ଚାତ୍ତୌ ମାନୱୌ ଗତ୍ୱା କଥଯାମାସତୁଃ, ଯସ୍ୟାଗମନମ୍ ଅପେକ୍ଷ୍ୟ ତିଷ୍ଠାମୋ ୱଯଂ, କିଂ ସଏୱ ଜନସ୍ତ୍ୱଂ? କିଂ ୱଯମନ୍ୟମପେକ୍ଷ୍ୟ ସ୍ଥାସ୍ୟାମଃ? କଥାମିମାଂ ତୁଭ୍ୟଂ କଥଯିତୁଂ ଯୋହନ୍ ମଜ୍ଜକ ଆୱାଂ ପ୍ରେଷିତୱାନ୍|
2a0715015c	ତସ୍ମିନ୍ ଦଣ୍ଡେ ଯୀଶୂରୋଗିଣୋ ମହାୱ୍ୟାଧିମତୋ ଦୁଷ୍ଟଭୂତଗ୍ରସ୍ତାଂଶ୍ଚ ବହୂନ୍ ସ୍ୱସ୍ଥାନ୍ କୃତ୍ୱା, ଅନେକାନ୍ଧେଭ୍ୟଶ୍ଚକ୍ଷୁଂଷି ଦତ୍ତ୍ୱା ପ୍ରତ୍ୟୁୱାଚ,
2a07160248	ଯୁୱାଂ ୱ୍ରଜତମ୍ ଅନ୍ଧା ନେତ୍ରାଣି ଖଞ୍ଜାଶ୍ଚରଣାନି ଚ ପ୍ରାପ୍ନୁୱନ୍ତି, କୁଷ୍ଠିନଃ ପରିଷ୍କ୍ରିଯନ୍ତେ, ବଧିରାଃ ଶ୍ରୱଣାନି ମୃତାଶ୍ଚ ଜୀୱନାନି ପ୍ରାପ୍ନୁୱନ୍ତି, ଦରିଦ୍ରାଣାଂ ସମୀପେଷୁ ସୁସଂୱାଦଃ ପ୍ରଚାର୍ୟ୍ୟତେ, ଯଂ ପ୍ରତି ୱିଘ୍ନସ୍ୱରୂପୋହଂ ନ ଭୱାମି ସ ଧନ୍ୟଃ,
2a07170082	ଏତାନି ଯାନି ପଶ୍ୟଥଃ ଶୃଣୁଥଶ୍ଚ ତାନି ଯୋହନଂ ଜ୍ଞାପଯତମ୍|
2a07180145	ତଯୋ ର୍ଦୂତଯୋ ର୍ଗତଯୋଃ ସତୋ ର୍ୟୋହନି ସ ଲୋକାନ୍ ୱକ୍ତୁମୁପଚକ୍ରମେ, ଯୂଯଂ ମଧ୍ୟେପ୍ରାନ୍ତରଂ କିଂ ଦ୍ରଷ୍ଟୁଂ ନିରଗମତ? କିଂ ୱାଯୁନା କମ୍ପିତଂ ନଡଂ?
2a071901a7	ଯୂଯଂ କିଂ ଦ୍ରଷ୍ଟୁଂ ନିରଗମତ? କିଂ ସୂକ୍ଷ୍ମୱସ୍ତ୍ରପରିଧାଯିନଂ କମପି ନରଂ? କିନ୍ତୁ ଯେ ସୂକ୍ଷ୍ମମୃଦୁୱସ୍ତ୍ରାଣି ପରିଦଧତି ସୂତ୍ତମାନି ଦ୍ରୱ୍ୟାଣି ଭୁଞ୍ଜତେ ଚ ତେ ରାଜଧାନୀଷୁ ତିଷ୍ଠନ୍ତି|
2a071a015d	ତର୍ହି ଯୂଯଂ କିଂ ଦ୍ରଷ୍ଟୁଂ ନିରଗମତ? କିମେକଂ ଭୱିଷ୍ୟଦ୍ୱାଦିନଂ? ତଦେୱ ସତ୍ୟଂ କିନ୍ତୁ ସ ପୁମାନ୍ ଭୱିଷ୍ୟଦ୍ୱାଦିନୋପି ଶ୍ରେଷ୍ଠ ଇତ୍ୟହଂ ଯୁଷ୍ମାନ୍ ୱଦାମି;
2a071b013a	ପଶ୍ୟ ସ୍ୱକୀଯଦୂତନ୍ତୁ ତୱାଗ୍ର ପ୍ରେଷଯାମ୍ୟହଂ| ଗତ୍ୱା ତ୍ୱଦୀଯମାର୍ଗନ୍ତୁ ସ ହି ପରିଷ୍କରିଷ୍ୟତି| ଯଦର୍ଥେ ଲିପିରିଯମ୍ ଆସ୍ତେ ସ ଏୱ ଯୋହନ୍|
2a071c01d2	ଅତୋ ଯୁଷ୍ମାନହଂ ୱଦାମି ସ୍ତ୍ରିଯା ଗର୍ବ୍ଭଜାତାନାଂ ଭୱିଷ୍ୟଦ୍ୱାଦିନାଂ ମଧ୍ୟେ ଯୋହନୋ ମଜ୍ଜକାତ୍ ଶ୍ରେଷ୍ଠଃ କୋପି ନାସ୍ତି, ତତ୍ରାପି ଈଶ୍ୱରସ୍ୟ ରାଜ୍ୟେ ଯଃ ସର୍ୱ୍ୱସ୍ମାତ୍ କ୍ଷୁଦ୍ରଃ ସ ଯୋହନୋପି ଶ୍ରେଷ୍ଠଃ|
2a071d0127	ଅପରଞ୍ଚ ସର୍ୱ୍ୱେ ଲୋକାଃ କରମଞ୍ଚାଯିନଶ୍ଚ ତସ୍ୟ ୱାକ୍ୟାନି ଶ୍ରୁତ୍ୱା ଯୋହନା ମଜ୍ଜନେନ ମଜ୍ଜିତାଃ ପରମେଶ୍ୱରଂ ନିର୍ଦୋଷଂ ମେନିରେ|
2a071e0100	କିନ୍ତୁ ଫିରୂଶିନୋ ୱ୍ୟୱସ୍ଥାପକାଶ୍ଚ ତେନ ନ ମଜ୍ଜିତାଃ ସ୍ୱାନ୍ ପ୍ରତୀଶ୍ୱରସ୍ୟୋପଦେଶଂ ନିଷ୍ଫଲମ୍ ଅକୁର୍ୱ୍ୱନ୍|
2a071f00a0	ଅଥ ପ୍ରଭୁଃ କଥଯାମାସ, ଇଦାନୀନ୍ତନଜନାନ୍ କେନୋପମାମି? ତେ କସ୍ୟ ସଦୃଶାଃ?
2a07200223	ଯେ ବାଲକା ୱିପଣ୍ୟାମ୍ ଉପୱିଶ୍ୟ ପରସ୍ପରମ୍ ଆହୂଯ ୱାକ୍ୟମିଦଂ ୱଦନ୍ତି, ୱଯଂ ଯୁଷ୍ମାକଂ ନିକଟେ ୱଂଶୀରୱାଦିଷ୍ମ, କିନ୍ତୁ ଯୂଯଂ ନାନର୍ତ୍ତିଷ୍ଟ, ୱଯଂ ଯୁଷ୍ମାକଂ ନିକଟ ଅରୋଦିଷ୍ମ, କିନ୍ତୁ ଯୁଯଂ ନ ୱ୍ୟଲପିଷ୍ଟ, ବାଲକୈରେତାଦୃଶୈସ୍ତେଷାମ୍ ଉପମା ଭୱତି|
2a072100f1	ଯତୋ ଯୋହନ୍ ମଜ୍ଜକ ଆଗତ୍ୟ ପୂପଂ ନାଖାଦତ୍ ଦ୍ରାକ୍ଷାରସଞ୍ଚ ନାପିୱତ୍ ତସ୍ମାଦ୍ ଯୂଯଂ ୱଦଥ, ଭୂତଗ୍ରସ୍ତୋଯମ୍|
2a0722011b	ତତଃ ପରଂ ମାନୱସୁତ ଆଗତ୍ୟାଖାଦଦପିୱଞ୍ଚ ତସ୍ମାଦ୍ ଯୂଯଂ ୱଦଥ, ଖାଦକଃ ସୁରାପଶ୍ଚାଣ୍ଡାଲପାପିନାଂ ବନ୍ଧୁରେକୋ ଜନୋ ଦୃଶ୍ୟତାମ୍|
2a07230068	କିନ୍ତୁ ଜ୍ଞାନିନୋ ଜ୍ଞାନଂ ନିର୍ଦୋଷଂ ୱିଦୁଃ|
2a072400dd	ପଶ୍ଚାଦେକଃ ଫିରୂଶୀ ଯୀଶୁଂ ଭୋଜନାଯ ନ୍ୟମନ୍ତ୍ରଯତ୍ ତତଃ ସ ତସ୍ୟ ଗୃହଂ ଗତ୍ୱା ଭୋକ୍ତୁମୁପୱିଷ୍ଟଃ|
2a0725017f	ଏତର୍ହି ତତ୍ଫିରୂଶିନୋ ଗୃହେ ଯୀଶୁ ର୍ଭେକ୍ତୁମ୍ ଉପାୱେକ୍ଷୀତ୍ ତଚ୍ଛ୍ରୁତ୍ୱା ତନ୍ନଗରୱାସିନୀ କାପି ଦୁଷ୍ଟା ନାରୀ ପାଣ୍ଡରପ୍ରସ୍ତରସ୍ୟ ସମ୍ପୁଟକେ ସୁଗନ୍ଧିତୈଲମ୍ ଆନୀଯ
2a0726018c	ତସ୍ୟ ପଶ୍ଚାତ୍ ପାଦଯୋଃ ସନ୍ନିଧୌ ତସ୍ୟୌ ରୁଦତୀ ଚ ନେତ୍ରାମ୍ବୁଭିସ୍ତସ୍ୟ ଚରଣୌ ପ୍ରକ୍ଷାଲ୍ୟ ନିଜକଚୈରମାର୍କ୍ଷୀତ୍, ତତସ୍ତସ୍ୟ ଚରଣୌ ଚୁମ୍ବିତ୍ୱା ତେନ ସୁଗନ୍ଧିତୈଲେନ ମମର୍ଦ|
2a07270195	ତସ୍ମାତ୍ ସ ନିମନ୍ତ୍ରଯିତା ଫିରୂଶୀ ମନସା ଚିନ୍ତଯାମାସ, ଯଦ୍ୟଯଂ ଭୱିଷ୍ୟଦ୍ୱାଦୀ ଭୱେତ୍ ତର୍ହି ଏନଂ ସ୍ପୃଶତି ଯା ସ୍ତ୍ରୀ ସା କା କୀଦୃଶୀ ଚେତି ଜ୍ଞାତୁଂ ଶକ୍ନୁଯାତ୍ ଯତଃ ସା ଦୁଷ୍ଟା|
2a07280107	ତଦା ଯାଶୁସ୍ତଂ ଜଗାଦ, ହେ ଶିମୋନ୍ ତ୍ୱାଂ ପ୍ରତି ମମ କିଞ୍ଚିଦ୍ ୱକ୍ତୱ୍ୟମସ୍ତି; ତସ୍ମାତ୍ ସ ବଭାଷେ, ହେ ଗୁରୋ ତଦ୍ ୱଦତୁ|
2a07290121	ଏକୋତ୍ତମର୍ଣସ୍ୟ ଦ୍ୱାୱଧମର୍ଣାୱାସ୍ତାଂ, ତଯୋରେକଃ ପଞ୍ଚଶତାନି ମୁଦ୍ରାପାଦାନ୍ ଅପରଶ୍ଚ ପଞ୍ଚାଶତ୍ ମୁଦ୍ରାପାଦାନ୍ ଧାରଯାମାସ|
2a072a0133	ତଦନନ୍ତରଂ ତଯୋଃ ଶୋଧ୍ୟାଭାୱାତ୍ ସ ଉତ୍ତମର୍ଣସ୍ତଯୋ ରୃଣେ ଚକ୍ଷମେ; ତସ୍ମାତ୍ ତଯୋର୍ଦ୍ୱଯୋଃ କସ୍ତସ୍ମିନ୍ ପ୍ରେଷ୍ୟତେ ବହୁ? ତଦ୍ ବ୍ରୂହି|
2a072b0117	ଶିମୋନ୍ ପ୍ରତ୍ୟୁୱାଚ, ମଯା ବୁଧ୍ୟତେ ଯସ୍ୟାଧିକମ୍ ଋଣଂ ଚକ୍ଷମେ ସ ଇତି; ତତୋ ଯୀଶୁସ୍ତଂ ୱ୍ୟାଜହାର, ତ୍ୱଂ ଯଥାର୍ଥଂ ୱ୍ୟଚାରଯଃ|
2a072c01d4	ଅଥ ତାଂ ନାରୀଂ ପ୍ରତି ୱ୍ୟାଘୁଠ୍ୟ ଶିମୋନମୱୋଚତ୍, ସ୍ତ୍ରୀମିମାଂ ପଶ୍ୟସି? ତୱ ଗୃହେ ମଯ୍ୟାଗତେ ତ୍ୱଂ ପାଦପ୍ରକ୍ଷାଲନାର୍ଥଂ ଜଲଂ ନାଦାଃ କିନ୍ତୁ ଯୋଷିଦେଷା ନଯନଜଲୈ ର୍ମମ ପାଦୌ ପ୍ରକ୍ଷାଲ୍ୟ କେଶୈରମାର୍କ୍ଷୀତ୍|
2a072d00e2	ତ୍ୱଂ ମାଂ ନାଚୁମ୍ବୀଃ କିନ୍ତୁ ଯୋଷିଦେଷା ସ୍ୱୀଯାଗମନାଦାରଭ୍ୟ ମଦୀଯପାଦୌ ଚୁମ୍ବିତୁଂ ନ ୱ୍ୟରଂସ୍ତ|
2a072e0103	ତ୍ୱଞ୍ଚ ମଦୀଯୋତ୍ତମାଙ୍ଗେ କିଞ୍ଚିଦପି ତୈଲଂ ନାମର୍ଦୀଃ କିନ୍ତୁ ଯୋଷିଦେଷା ମମ ଚରଣୌ ସୁଗନ୍ଧିତୈଲେନାମର୍ଦ୍ଦୀତ୍|
2a072f011c	ଅତସ୍ତ୍ୱାଂ ୱ୍ୟାହରାମି, ଏତସ୍ୟା ବହୁ ପାପମକ୍ଷମ୍ୟତ ତତୋ ବହୁ ପ୍ରୀଯତେ କିନ୍ତୁ ଯସ୍ୟାଲ୍ପପାପଂ କ୍ଷମ୍ୟତେ ସୋଲ୍ପଂ ପ୍ରୀଯତେ|
2a0730006b	ତତଃ ପରଂ ସ ତାଂ ବଭାଷେ, ତ୍ୱଦୀଯଂ ପାପମକ୍ଷମ୍ୟତ|
2a073100e9	ତଦା ତେନ ସାର୍ଦ୍ଧଂ ଯେ ଭୋକ୍ତୁମ୍ ଉପୱିୱିଶୁସ୍ତେ ପରସ୍ପରଂ ୱକ୍ତୁମାରେଭିରେ, ଅଯଂ ପାପଂ କ୍ଷମତେ କ ଏଷଃ?
2a073200c9	କିନ୍ତୁ ସ ତାଂ ନାରୀଂ ଜଗାଦ, ତୱ ୱିଶ୍ୱାସସ୍ତ୍ୱାଂ ପର୍ୟ୍ୟତ୍ରାସ୍ତ ତ୍ୱଂ କ୍ଷେମେଣ ୱ୍ରଜ|
2a08010151	ଅପରଞ୍ଚ ଯୀଶୁ ର୍ଦ୍ୱାଦଶଭିଃ ଶିଷ୍ୟୈଃ ସାର୍ଦ୍ଧଂ ନାନାନଗରେଷୁ ନାନାଗ୍ରାମେଷୁ ଚ ଗଚ୍ଛନ୍ ଇଶ୍ୱରୀଯରାଜତ୍ୱସ୍ୟ ସୁସଂୱାଦଂ ପ୍ରଚାରଯିତୁଂ ପ୍ରାରେଭେ|
2a08020137	ତଦା ଯସ୍ୟାଃ ସପ୍ତ ଭୂତା ନିରଗଚ୍ଛନ୍ ସା ମଗ୍ଦଲୀନୀତି ୱିଖ୍ୟାତା ମରିଯମ୍ ହେରୋଦ୍ରାଜସ୍ୟ ଗୃହାଧିପତେଃ ହୋଷେ ର୍ଭାର୍ୟ୍ୟା ଯୋହନା ଶୂଶାନା
2a0803016c	ପ୍ରଭୃତଯୋ ଯା ବହ୍ୱ୍ୟଃ ସ୍ତ୍ରିଯଃ ଦୁଷ୍ଟଭୂତେଭ୍ୟୋ ରୋଗେଭ୍ୟଶ୍ଚ ମୁକ୍ତାଃ ସତ୍ୟୋ ନିଜୱିଭୂତୀ ର୍ୱ୍ୟଯିତ୍ୱା ତମସେୱନ୍ତ, ତାଃ ସର୍ୱ୍ୱାସ୍ତେନ ସାର୍ଦ୍ଧମ୍ ଆସନ୍|
2a08040161	ଅନନ୍ତରଂ ନାନାନଗରେଭ୍ୟୋ ବହୱୋ ଲୋକା ଆଗତ୍ୟ ତସ୍ୟ ସମୀପେଽମିଲନ୍, ତଦା ସ ତେଭ୍ୟ ଏକାଂ ଦୃଷ୍ଟାନ୍ତକଥାଂ କଥଯାମାସ| ଏକଃ କୃଷୀବଲୋ ବୀଜାନି ୱପ୍ତୁଂ ବହିର୍ଜଗାମ,
2a08050106	ତତୋ ୱପନକାଲେ କତିପଯାନି ବୀଜାନି ମାର୍ଗପାର୍ଶ୍ୱେ ପେତୁଃ, ତତସ୍ତାନି ପଦତଲୈ ର୍ଦଲିତାନି ପକ୍ଷିଭି ର୍ଭକ୍ଷିତାନି ଚ|
2a080600e4	କତିପଯାନି ବୀଜାନି ପାଷାଣସ୍ଥଲେ ପତିତାନି ଯଦ୍ୟପି ତାନ୍ୟଙ୍କୁରିତାନି ତଥାପି ରସାଭାୱାତ୍ ଶୁଶୁଷୁଃ|
2a080700d5	କତିପଯାନି ବୀଜାନି କଣ୍ଟକିୱନମଧ୍ୟେ ପତିତାନି ତତଃ କଣ୍ଟକିୱନାନି ସଂୱୃଦ୍ଧ୍ୟ ତାନି ଜଗ୍ରସୁଃ|
2a080801c0	ତଦନ୍ୟାନି କତିପଯବୀଜାନି ଚ ଭୂମ୍ୟାମୁତ୍ତମାଯାଂ ପେତୁସ୍ତତସ୍ତାନ୍ୟଙ୍କୁରଯିତ୍ୱା ଶତଗୁଣାନି ଫଲାନି ଫେଲୁଃ| ସ ଇମା କଥାଂ କଥଯିତ୍ୱା ପ୍ରୋଚ୍ଚୈଃ ପ୍ରୋୱାଚ, ଯସ୍ୟ ଶ୍ରୋତୁଂ ଶ୍ରୋତ୍ରେ ସ୍ତଃ ସ ଶୃଣୋତୁ|
2a080900a9	ତତଃ ପରଂ ଶିଷ୍ୟାସ୍ତଂ ପପ୍ରଚ୍ଛୁରସ୍ୟ ଦୃଷ୍ଟାନ୍ତସ୍ୟ କିଂ ତାତ୍ପର୍ୟ୍ୟଂ?
2a080a0215	ତତଃ ସ ୱ୍ୟାଜହାର, ଈଶ୍ୱରୀଯରାଜ୍ୟସ୍ୟ ଗୁହ୍ୟାନି ଜ୍ଞାତୁଂ ଯୁଷ୍ମଭ୍ୟମଧିକାରୋ ଦୀଯତେ କିନ୍ତ୍ୱନ୍ୟେ ଯଥା ଦୃଷ୍ଟ୍ୱାପି ନ ପଶ୍ୟନ୍ତି ଶ୍ରୁତ୍ୱାପି ମ ବୁଧ୍ୟନ୍ତେ ଚ ତଦର୍ଥଂ ତେଷାଂ ପୁରସ୍ତାତ୍ ତାଃ ସର୍ୱ୍ୱାଃ କଥା ଦୃଷ୍ଟାନ୍ତେନ କଥ୍ୟନ୍ତେ|
2a080b008b	ଦୃଷ୍ଟାନ୍ତସ୍ୟାସ୍ୟାଭିପ୍ରାଯଃ, ଈଶ୍ୱରୀଯକଥା ବୀଜସ୍ୱରୂପା|
2a080c01a5	ଯେ କଥାମାତ୍ରଂ ଶୃଣ୍ୱନ୍ତି କିନ୍ତୁ ପଶ୍ଚାଦ୍ ୱିଶ୍ୱସ୍ୟ ଯଥା ପରିତ୍ରାଣଂ ନ ପ୍ରାପ୍ନୁୱନ୍ତି ତଦାଶଯେନ ଶୈତାନେତ୍ୟ ହୃଦଯାତୃ ତାଂ କଥାମ୍ ଅପହରତି ତ ଏୱ ମାର୍ଗପାର୍ଶ୍ୱସ୍ଥଭୂମିସ୍ୱରୂପାଃ|
2a080d015f	ଯେ କଥଂ ଶ୍ରୁତ୍ୱା ସାନନ୍ଦଂ ଗୃହ୍ଲନ୍ତି କିନ୍ତ୍ୱବଦ୍ଧମୂଲତ୍ୱାତ୍ ସ୍ୱଲ୍ପକାଲମାତ୍ରଂ ପ୍ରତୀତ୍ୟ ପରୀକ୍ଷାକାଲେ ଭ୍ରଶ୍ୟନ୍ତି ତଏୱ ପାଷାଣଭୂମିସ୍ୱରୂପାଃ|
2a080e013d	ଯେ କଥାଂ ଶ୍ରୁତ୍ୱା ଯାନ୍ତି ୱିଷଯଚିନ୍ତାଯାଂ ଧନଲୋଭେନ ଏହିକସୁଖେ ଚ ମଜ୍ଜନ୍ତ ଉପଯୁକ୍ତଫଲାନି ନ ଫଲନ୍ତି ତ ଏୱୋପ୍ତବୀଜକଣ୍ଟକିଭୂସ୍ୱରୂପାଃ|
2a080f0151	କିନ୍ତୁ ଯେ ଶ୍ରୁତ୍ୱା ସରଲୈଃ ଶୁଦ୍ଧୈଶ୍ଚାନ୍ତଃକରଣୈଃ କଥାଂ ଗୃହ୍ଲନ୍ତି ଧୈର୍ୟ୍ୟମ୍ ଅୱଲମ୍ବ୍ୟ ଫଲାନ୍ୟୁତ୍ପାଦଯନ୍ତି ଚ ତ ଏୱୋତ୍ତମମୃତ୍ସ୍ୱରୂପାଃ|
2a0810018a	ଅପରଞ୍ଚ ପ୍ରଦୀପଂ ପ୍ରଜ୍ୱାଲ୍ୟ କୋପି ପାତ୍ରେଣ ନାଚ୍ଛାଦଯତି ତଥା ଖଟ୍ୱାଧୋପି ନ ସ୍ଥାପଯତି, କିନ୍ତୁ ଦୀପାଧାରୋପର୍ୟ୍ୟେୱ ସ୍ଥାପଯତି, ତସ୍ମାତ୍ ପ୍ରୱେଶକା ଦୀପ୍ତିଂ ପଶ୍ୟନ୍ତି|
2a08110148	ଯନ୍ନ ପ୍ରକାଶଯିଷ୍ୟତେ ତାଦୃଗ୍ ଅପ୍ରକାଶିତଂ ୱସ୍ତୁ କିମପି ନାସ୍ତି ଯଚ୍ଚ ନ ସୁୱ୍ୟକ୍ତଂ ପ୍ରଚାରଯିଷ୍ୟତେ ତାଦୃଗ୍ ଗୃପ୍ତଂ ୱସ୍ତୁ କିମପି ନାସ୍ତି|
2a08120194	ଅତୋ ଯୂଯଂ କେନ ପ୍ରକାରେଣ ଶୃଣୁଥ ତତ୍ର ସାୱଧାନା ଭୱତ, ଯସ୍ୟ ସମୀପେ ବର୍ଦ୍ଧତେ ତସ୍ମୈ ପୁନର୍ଦାସ୍ୟତେ କିନ୍ତୁ ଯସ୍ୟାଶ୍ରଯେ ନ ବର୍ଦ୍ଧତେ ତସ୍ୟ ଯଦ୍ୟଦସ୍ତି ତଦପି ତସ୍ମାତ୍ ନେଷ୍ୟତେ|
2a08130084	ଅପରଞ୍ଚ ଯୀଶୋ ର୍ମାତା ଭ୍ରାତରଶ୍ଚ ତସ୍ୟ ସମୀପଂ ଜିଗମିଷୱଃ
2a081401a0	କିନ୍ତୁ ଜନତାସମ୍ବାଧାତ୍ ତତ୍ସନ୍ନିଧିଂ ପ୍ରାପ୍ତୁଂ ନ ଶେକୁଃ| ତତ୍ପଶ୍ଚାତ୍ ତୱ ମାତା ଭ୍ରାତରଶ୍ଚ ତ୍ୱାଂ ସାକ୍ଷାତ୍ ଚିକୀର୍ଷନ୍ତୋ ବହିସ୍ତିଷ୍ଠନତୀତି ୱାର୍ତ୍ତାଯାଂ ତସ୍ମୈ କଥିତାଯାଂ
2a081500dc	ସ ପ୍ରତ୍ୟୁୱାଚ; ଯେ ଜନା ଈଶ୍ୱରସ୍ୟ କଥାଂ ଶ୍ରୁତ୍ୱା ତଦନୁରୂପମାଚରନ୍ତି ତଏୱ ମମ ମାତା ଭ୍ରାତରଶ୍ଚ|
2a081600fd	ଅନନ୍ତରଂ ଏକଦା ଯୀଶୁଃ ଶିଷ୍ୟୈଃ ସାର୍ଦ୍ଧଂ ନାୱମାରୁହ୍ୟ ଜଗାଦ, ଆଯାତ ୱଯଂ ହ୍ରଦସ୍ୟ ପାରଂ ଯାମଃ, ତତସ୍ତେ ଜଗ୍ମୁଃ|
2a08170050	ତେଷୁ ନୌକାଂ ୱାହଯତ୍ସୁ ସ ନିଦଦ୍ରୌ;
2a08180291	ଅଥାକସ୍ମାତ୍ ପ୍ରବଲଝଞ୍ଭ୍ଶଗମାଦ୍ ହ୍ରଦେ ନୌକାଯାଂ ତରଙ୍ଗୈରାଚ୍ଛନ୍ନାଯାଂ ୱିପତ୍ ତାନ୍ ଜଗ୍ରାସ| ତସ୍ମାଦ୍ ଯୀଶୋରନ୍ତିକଂ ଗତ୍ୱା ହେ ଗୁରୋ ହେ ଗୁରୋ ପ୍ରାଣା ନୋ ଯାନ୍ତୀତି ଗଦିତ୍ୱା ତଂ ଜାଗରଯାମ୍ବଭୂୱୁଃ| ତଦା ସ ଉତ୍ଥାଯ ୱାଯୁଂ ତରଙ୍ଗାଂଶ୍ଚ ତର୍ଜଯାମାସ ତସ୍ମାଦୁଭୌ ନିୱୃତ୍ୟ ସ୍ଥିରୌ ବଭୂୱତୁଃ|
2a08190168	ସ ତାନ୍ ବଭାଷେ ଯୁଷ୍ମାକଂ ୱିଶ୍ୱାସଃ କ? ତସ୍ମାତ୍ତେ ଭୀତା ୱିସ୍ମିତାଶ୍ଚ ପରସ୍ପରଂ ଜଗଦୁଃ, ଅହୋ କୀଦୃଗଯଂ ମନୁଜଃ ପୱନଂ ପାନୀଯଞ୍ଚାଦିଶତି ତଦୁଭଯଂ ତଦାଦେଶଂ ୱହତି|
2a081a00e4	ତତଃ ପରଂ ଗାଲୀଲ୍ପ୍ରଦେଶସ୍ୟ ସମ୍ମୁଖସ୍ଥଗିଦେରୀଯପ୍ରଦେଶେ ନୌକାଯାଂ ଲଗନ୍ତ୍ୟାଂ ତଟେଽୱରୋହମାୱାଦ୍
2a081b0143	ବହୁତିଥକାଲଂ ଭୂତଗ୍ରସ୍ତ ଏକୋ ମାନୁଷଃ ପୁରାଦାଗତ୍ୟ ତଂ ସାକ୍ଷାଚ୍ଚକାର| ସ ମନୁଷୋ ୱାସୋ ନ ପରିଦଧତ୍ ଗୃହେ ଚ ନ ୱସନ୍ କେୱଲଂ ଶ୍ମଶାନମ୍ ଅଧ୍ୟୁୱାସ|
2a081c019e	ସ ଯୀଶୁଂ ଦୃଷ୍ଟ୍ୱୈୱ ଚୀଚ୍ଛବ୍ଦଂ ଚକାର ତସ୍ୟ ସମ୍ମୁଖେ ପତିତ୍ୱା ପ୍ରୋଚ୍ଚୈର୍ଜଗାଦ ଚ, ହେ ସର୍ୱ୍ୱପ୍ରଧାନେଶ୍ୱରସ୍ୟ ପୁତ୍ର, ମଯା ସହ ତୱ କଃ ସମ୍ବନ୍ଧଃ? ତ୍ୱଯି ୱିନଯଂ କରୋମି ମାଂ ମା ଯାତଯ|
2a081d01c7	ଯତଃ ସ ତଂ ମାନୁଷଂ ତ୍ୟକ୍ତ୍ୱା ଯାତୁମ୍ ଅମେଧ୍ୟଭୂତମ୍ ଆଦିଦେଶ; ସ ଭୂତସ୍ତଂ ମାନୁଷମ୍ ଅସକୃଦ୍ ଦଧାର ତସ୍ମାଲ୍ଲୋକାଃ ଶୃଙ୍ଖଲେନ ନିଗଡେନ ଚ ବବନ୍ଧୁଃ; ସ ତଦ୍ ଭଂକ୍ତ୍ୱା ଭୂତୱଶତ୍ୱାତ୍ ମଧ୍ୟେପ୍ରାନ୍ତରଂ ଯଯୌ|
2a081e00e7	ଅନନ୍ତରଂ ଯୀଶୁସ୍ତଂ ପପ୍ରଚ୍ଛ ତୱ କିନ୍ନାମ? ସ ଉୱାଚ, ମମ ନାମ ବାହିନୋ ଯତୋ ବହୱୋ ଭୂତାସ୍ତମାଶିଶ୍ରିଯୁଃ|
2a081f009f	ଅଥ ଭୂତା ୱିନଯେନ ଜଗଦୁଃ, ଗଭୀରଂ ଗର୍ତ୍ତଂ ଗନ୍ତୁଂ ମାଜ୍ଞାପଯାସ୍ମାନ୍|
2a08200148	ତଦା ପର୍ୱ୍ୱତୋପରି ୱରାହୱ୍ରଜଶ୍ଚରତି ତସ୍ମାଦ୍ ଭୂତା ୱିନଯେନ ପ୍ରୋଚୁଃ, ଅମୁଂ ୱରାହୱ୍ରଜମ୍ ଆଶ୍ରଯିତୁମ୍ ଅସ୍ମାନ୍ ଅନୁଜାନୀହି; ତତଃ ସୋନୁଜଜ୍ଞୌ|
2a08210137	ତତଃ ପରଂ ଭୂତାସ୍ତଂ ମାନୁଷଂ ୱିହାଯ ୱରାହୱ୍ରଜମ୍ ଆଶିଶ୍ରିଯୁଃ ୱରାହୱ୍ରଜାଶ୍ଚ ତତ୍କ୍ଷଣାତ୍ କଟକେନ ଧାୱନ୍ତୋ ହ୍ରଦେ ପ୍ରାଣାନ୍ ୱିଜୃହୁଃ|
2a082200ea	ତଦ୍ ଦୃଷ୍ଟ୍ୱା ଶୂକରରକ୍ଷକାଃ ପଲାଯମାନା ନଗରଂ ଗ୍ରାମଞ୍ଚ ଗତ୍ୱା ତତ୍ସର୍ୱ୍ୱୱୃତ୍ତାନ୍ତଂ କଥଯାମାସୁଃ|
2a082301b1	ତତଃ କିଂ ୱୃତ୍ତମ୍ ଏତଦ୍ଦର୍ଶନାର୍ଥଂ ଲୋକା ନିର୍ଗତ୍ୟ ଯୀଶୋଃ ସମୀପଂ ଯଯୁଃ, ତଂ ମାନୁଷଂ ତ୍ୟକ୍ତଭୂତଂ ପରିହିତୱସ୍ତ୍ରଂ ସ୍ୱସ୍ଥମାନୁଷୱଦ୍ ଯୀଶୋଶ୍ଚରଣସନ୍ନିଧୌ ସୂପୱିଶନ୍ତଂ ୱିଲୋକ୍ୟ ବିଭ୍ୟୁଃ|
2a082400ef	ଯେ ଲୋକାସ୍ତସ୍ୟ ଭୂତଗ୍ରସ୍ତସ୍ୟ ସ୍ୱାସ୍ଥ୍ୟକରଣଂ ଦଦୃଶୁସ୍ତେ ତେଭ୍ୟଃ ସର୍ୱ୍ୱୱୃତ୍ତାନ୍ତଂ କଥଯାମାସୁଃ|
2a0825019b	ତଦନନ୍ତରଂ ତସ୍ୟ ଗିଦେରୀଯପ୍ରଦେଶସ୍ୟ ଚତୁର୍ଦିକ୍ସ୍ଥା ବହୱୋ ଜନା ଅତିତ୍ରସ୍ତା ୱିନଯେନ ତଂ ଜଗଦୁଃ, ଭୱାନ୍ ଅସ୍ମାକଂ ନିକଟାଦ୍ ୱ୍ରଜତୁ ତସ୍ମାତ୍ ସ ନାୱମାରୁହ୍ୟ ତତୋ ୱ୍ୟାଘୁଟ୍ୟ ଜଗାମ|
2a08260097	ତଦାନୀଂ ତ୍ୟକ୍ତଭୂତମନୁଜସ୍ତେନ ସହ ସ୍ଥାତୁଂ ପ୍ରାର୍ଥଯାଞ୍ଚକ୍ରେ
2a0827021f	କିନ୍ତୁ ତଦର୍ଥମ୍ ଈଶ୍ୱରଃ କୀଦୃଙ୍ମହାକର୍ମ୍ମ କୃତୱାନ୍ ଇତି ନିୱେଶନଂ ଗତ୍ୱା ୱିଜ୍ଞାପଯ, ଯୀଶୁଃ କଥାମେତାଂ କଥଯିତ୍ୱା ତଂ ୱିସସର୍ଜ| ତତଃ ସ ୱ୍ରଜିତ୍ୱା ଯୀଶୁସ୍ତଦର୍ଥଂ ଯନ୍ମହାକର୍ମ୍ମ ଚକାର ତତ୍ ପୁରସ୍ୟ ସର୍ୱ୍ୱତ୍ର ପ୍ରକାଶଯିତୁଂ ପ୍ରାରେଭେ|
2a082800de	ଅଥ ଯୀଶୌ ପରାୱୃତ୍ୟାଗତେ ଲୋକାସ୍ତଂ ଆଦରେଣ ଜଗୃହୁ ର୍ୟସ୍ମାତ୍ତେ ସର୍ୱ୍ୱେ ତମପେକ୍ଷାଞ୍ଚକ୍ରିରେ|
2a08290121	ତଦନନ୍ତରଂ ଯାଯୀର୍ନାମ୍ନୋ ଭଜନଗେହସ୍ୟୈକୋଧିପ ଆଗତ୍ୟ ଯୀଶୋଶ୍ଚରଣଯୋଃ ପତିତ୍ୱା ସ୍ୱନିୱେଶନାଗମନାର୍ଥଂ ତସ୍ମିନ୍ ୱିନଯଂ ଚକାର,
2a082a0121	ଯତସ୍ତସ୍ୟ ଦ୍ୱାଦଶୱର୍ଷୱଯସ୍କା କନ୍ୟୈକାସୀତ୍ ସା ମୃତକଲ୍ପାଭୱତ୍| ତତସ୍ତସ୍ୟ ଗମନକାଲେ ମାର୍ଗେ ଲୋକାନାଂ ମହାନ୍ ସମାଗମୋ ବଭୂୱ|
2a082b01b8	ଦ୍ୱାଦଶୱର୍ଷାଣି ପ୍ରଦରରୋଗଗ୍ରସ୍ତା ନାନା ୱୈଦ୍ୟୈଶ୍ଚିକିତ୍ସିତା ସର୍ୱ୍ୱସ୍ୱଂ ୱ୍ୟଯିତ୍ୱାପି ସ୍ୱାସ୍ଥ୍ୟଂ ନ ପ୍ରାପ୍ତା ଯା ଯୋଷିତ୍ ସା ଯୀଶୋଃ ପଶ୍ଚାଦାଗତ୍ୟ ତସ୍ୟ ୱସ୍ତ୍ରଗ୍ରନ୍ଥିଂ ପସ୍ପର୍ଶ|
2a082c0077	ତସ୍ମାତ୍ ତତ୍କ୍ଷଣାତ୍ ତସ୍ୟା ରକ୍ତସ୍ରାୱୋ ରୁଦ୍ଧଃ|
2a082d01d3	ତଦାନୀଂ ଯୀଶୁରୱଦତ୍ କେନାହଂ ସ୍ପୃଷ୍ଟଃ? ତତୋଽନେକୈରନଙ୍ଗୀକୃତେ ପିତରସ୍ତସ୍ୟ ସଙ୍ଗିନଶ୍ଚାୱଦନ୍, ହେ ଗୁରୋ ଲୋକା ନିକଟସ୍ଥାଃ ସନ୍ତସ୍ତୱ ଦେହେ ଘର୍ଷଯନ୍ତି, ତଥାପି କେନାହଂ ସ୍ପୃଷ୍ଟଇତି ଭୱାନ୍ କୁତଃ ପୃଚ୍ଛତି?
2a082e00de	ଯୀଶୁଃ କଥଯାମାସ, କେନାପ୍ୟହଂ ସ୍ପୃଷ୍ଟୋ, ଯତୋ ମତ୍ତଃ ଶକ୍ତି ର୍ନିର୍ଗତେତି ମଯା ନିଶ୍ଚିତମଜ୍ଞାଯି|
2a082f01c3	ତଦା ସା ନାରୀ ସ୍ୱଯଂ ନ ଗୁପ୍ତେତି ୱିଦିତ୍ୱା କମ୍ପମାନା ସତୀ ତସ୍ୟ ସମ୍ମୁଖେ ପପାତ; ଯେନ ନିମିତ୍ତେନ ତଂ ପସ୍ପର୍ଶ ସ୍ପର୍ଶମାତ୍ରାଚ୍ଚ ଯେନ ପ୍ରକାରେଣ ସ୍ୱସ୍ଥାଭୱତ୍ ତତ୍ ସର୍ୱ୍ୱଂ ତସ୍ୟ ସାକ୍ଷାଦାଚଖ୍ୟୌ|
2a083000f7	ତତଃ ସ ତାଂ ଜଗାଦ ହେ କନ୍ୟେ ସୁସ୍ଥିରା ଭୱ, ତୱ ୱିଶ୍ୱାସସ୍ତ୍ୱାଂ ସ୍ୱସ୍ଥାମ୍ ଅକାର୍ଷୀତ୍ ତ୍ୱଂ କ୍ଷେମେଣ ଯାହି|
2a08310119	ଯୀଶୋରେତଦ୍ୱାକ୍ୟୱଦନକାଲେ ତସ୍ୟାଧିପତେ ର୍ନିୱେଶନାତ୍ କଶ୍ଚିଲ୍ଲୋକ ଆଗତ୍ୟ ତଂ ବଭାଷେ, ତୱ କନ୍ୟା ମୃତା ଗୁରୁଂ ମା କ୍ଲିଶାନ|
2a083200ec	କିନ୍ତୁ ଯୀଶୁସ୍ତଦାକର୍ଣ୍ୟାଧିପତିଂ ୱ୍ୟାଜହାର, ମା ଭୈଷୀଃ କେୱଲଂ ୱିଶ୍ୱସିହି ତସ୍ମାତ୍ ସା ଜୀୱିଷ୍ୟତି|
2a08330122	ଅଥ ତସ୍ୟ ନିୱେଶନେ ପ୍ରାପ୍ତେ ସ ପିତରଂ ଯୋହନଂ ଯାକୂବଞ୍ଚ କନ୍ୟାଯା ମାତରଂ ପିତରଞ୍ଚ ୱିନା, ଅନ୍ୟଂ କଞ୍ଚନ ପ୍ରୱେଷ୍ଟୁଂ ୱାରଯାମାସ|
2a083400f8	ଅପରଞ୍ଚ ଯେ ରୁଦନ୍ତି ୱିଲପନ୍ତି ଚ ତାନ୍ ସର୍ୱ୍ୱାନ୍ ଜନାନ୍ ଉୱାଚ, ଯୂଯଂ ମା ରୋଦିଷ୍ଟ କନ୍ୟା ନ ମୃତା ନିଦ୍ରାତି|
2a08350082	କିନ୍ତୁ ସା ନିଶ୍ଚିତଂ ମୃତେତି ଜ୍ଞାତ୍ୱା ତେ ତମୁପଜହସୁଃ|
2a083600db	ପଶ୍ଚାତ୍ ସ ସର୍ୱ୍ୱାନ୍ ବହିଃ କୃତ୍ୱା କନ୍ୟାଯାଃ କରୌ ଧୃତ୍ୱାଜୁହୁୱେ, ହେ କନ୍ୟେ ତ୍ୱମୁତ୍ତିଷ୍ଠ,
2a08370119	ତସ୍ମାତ୍ ତସ୍ୟାଃ ପ୍ରାଣେଷୁ ପୁନରାଗତେଷୁ ସା ତତ୍କ୍ଷଣାଦ୍ ଉତ୍ତସ୍ୟୌ| ତଦାନୀଂ ତସ୍ୟୈ କିଞ୍ଚିଦ୍ ଭକ୍ଷ୍ୟଂ ଦାତୁମ୍ ଆଦିଦେଶ|
2a083800ee	ତତସ୍ତସ୍ୟାଃ ପିତରୌ ୱିସ୍ମଯଂ ଗତୌ କିନ୍ତୁ ସ ତାୱାଦିଦେଶ ଘଟନାଯା ଏତସ୍ୟାଃ କଥାଂ କସ୍ମୈଚିଦପି ମା କଥଯତଂ|
2a0901010d	ତତଃ ପରଂ ସ ଦ୍ୱାଦଶଶିଷ୍ୟାନାହୂଯ ଭୂତାନ୍ ତ୍ୟାଜଯିତୁଂ ରୋଗାନ୍ ପ୍ରତିକର୍ତ୍ତୁଞ୍ଚ ତେଭ୍ୟଃ ଶକ୍ତିମାଧିପତ୍ୟଞ୍ଚ ଦଦୌ|
2a09020102	ଅପରଞ୍ଚ ଈଶ୍ୱରୀଯରାଜ୍ୟସ୍ୟ ସୁସଂୱାଦଂ ପ୍ରକାଶଯିତୁମ୍ ରୋଗିଣାମାରୋଗ୍ୟଂ କର୍ତ୍ତୁଞ୍ଚ ପ୍ରେରଣକାଲେ ତାନ୍ ଜଗାଦ|
2a090300e9	ଯାତ୍ରାର୍ଥଂ ଯଷ୍ଟି ର୍ୱସ୍ତ୍ରପୁଟକଂ ଭକ୍ଷ୍ୟଂ ମୁଦ୍ରା ଦ୍ୱିତୀଯୱସ୍ତ୍ରମ୍, ଏଷାଂ କିମପି ମା ଗୃହ୍ଲୀତ|
2a090400ae	ଯୂଯଞ୍ଚ ଯନ୍ନିୱେଶନଂ ପ୍ରୱିଶଥ ନଗରତ୍ୟାଗପର୍ୟ୍ୟନତଂ ତନ୍ନିୱେଶନେ ତିଷ୍ଠତ|
2a09050188	ତତ୍ର ଯଦି କସ୍ୟଚିତ୍ ପୁରସ୍ୟ ଲୋକା ଯୁଷ୍ମାକମାତିଥ୍ୟଂ ନ କୁର୍ୱ୍ୱନ୍ତି ତର୍ହି ତସ୍ମାନ୍ନଗରାଦ୍ ଗମନକାଲେ ତେଷାଂ ୱିରୁଦ୍ଧଂ ସାକ୍ଷ୍ୟାର୍ଥଂ ଯୁଷ୍ମାକଂ ପଦଧୂଲୀଃ ସମ୍ପାତଯତ|
2a09060123	ଅଥ ତେ ପ୍ରସ୍ଥାଯ ସର୍ୱ୍ୱତ୍ର ସୁସଂୱାଦଂ ପ୍ରଚାରଯିତୁଂ ପୀଡିତାନ୍ ସ୍ୱସ୍ଥାନ୍ କର୍ତ୍ତୁଞ୍ଚ ଗ୍ରାମେଷୁ ଭ୍ରମିତୁଂ ପ୍ରାରେଭିରେ|
2a090700cd	ଏତର୍ହି ହେରୋଦ୍ ରାଜା ଯୀଶୋଃ ସର୍ୱ୍ୱକର୍ମ୍ମଣାଂ ୱାର୍ତ୍ତାଂ ଶ୍ରୁତ୍ୱା ଭୃଶମୁଦ୍ୱିୱିଜେ
2a09080169	ଯତଃ କେଚିଦୂଚୁର୍ୟୋହନ୍ ଶ୍ମଶାନାଦୁଦତିଷ୍ଠତ୍| କେଚିଦୂଚୁଃ, ଏଲିଯୋ ଦର୍ଶନଂ ଦତ୍ତୱାନ୍; ଏୱମନ୍ୟଲୋକା ଊଚୁଃ ପୂର୍ୱ୍ୱୀଯଃ କଶ୍ଚିଦ୍ ଭୱିଷ୍ୟଦ୍ୱାଦୀ ସମୁତ୍ଥିତଃ|
2a09090139	କିନ୍ତୁ ହେରୋଦୁୱାଚ ଯୋହନଃ ଶିରୋଽହମଛିନଦମ୍ ଇଦାନୀଂ ଯସ୍ୟେଦୃକ୍କର୍ମ୍ମଣାଂ ୱାର୍ତ୍ତାଂ ପ୍ରାପ୍ନୋମି ସ କଃ? ଅଥ ସ ତଂ ଦ୍ରଷ୍ଟୁମ୍ ଐଚ୍ଛତ୍|
2a090a0180	ଅନନ୍ତରଂ ପ୍ରେରିତାଃ ପ୍ରତ୍ୟାଗତ୍ୟ ଯାନି ଯାନି କର୍ମ୍ମାଣି ଚକ୍ରୁସ୍ତାନି ଯୀଶୱେ କଥଯାମାସୁଃ ତତଃ ସ ତାନ୍ ବୈତ୍ସୈଦାନାମକନଗରସ୍ୟ ୱିଜନଂ ସ୍ଥାନଂ ନୀତ୍ୱା ଗୁପ୍ତଂ ଜଗାମ|
2a090b0196	ପଶ୍ଚାଲ୍ ଲୋକାସ୍ତଦ୍ ୱିଦିତ୍ୱା ତସ୍ୟ ପଶ୍ଚାଦ୍ ଯଯୁଃ; ତତଃ ସ ତାନ୍ ନଯନ୍ ଈଶ୍ୱରୀଯରାଜ୍ୟସ୍ୟ ପ୍ରସଙ୍ଗମୁକ୍ତୱାନ୍, ଯେଷାଂ ଚିକିତ୍ସଯା ପ୍ରଯୋଜନମ୍ ଆସୀତ୍ ତାନ୍ ସ୍ୱସ୍ଥାନ୍ ଚକାର ଚ|
2a090c0206	ଅପରଞ୍ଚ ଦିୱାୱସନ୍ନେ ସତି ଦ୍ୱାଦଶଶିଷ୍ୟା ଯୀଶୋରନ୍ତିକମ୍ ଏତ୍ୟ କଥଯାମାସୁଃ, ୱଯମତ୍ର ପ୍ରାନ୍ତରସ୍ଥାନେ ତିଷ୍ଠାମଃ, ତତୋ ନଗରାଣି ଗ୍ରାମାଣି ଗତ୍ୱା ୱାସସ୍ଥାନାନି ପ୍ରାପ୍ୟ ଭକ୍ଷ୍ୟଦ୍ରୱ୍ୟାଣି କ୍ରେତୁଂ ଜନନିୱହଂ ଭୱାନ୍ ୱିସୃଜତୁ|
2a090d01d8	ତଦା ସ ଉୱାଚ, ଯୂଯମେୱ ତାନ୍ ଭେଜଯଧ୍ୱଂ; ତତସ୍ତେ ପ୍ରୋଚୁରସ୍ମାକଂ ନିକଟେ କେୱଲଂ ପଞ୍ଚ ପୂପା ଦ୍ୱୌ ମତ୍ସ୍ୟୌ ଚ ୱିଦ୍ୟନ୍ତେ, ଅତଏୱ ସ୍ଥାନାନ୍ତରମ୍ ଇତ୍ୱା ନିମିତ୍ତମେତେଷାଂ ଭକ୍ଷ୍ୟଦ୍ରୱ୍ୟେଷୁ ନ କ୍ରୀତେଷୁ ନ ଭୱତି|
2a090e0068	ତତ୍ର ପ୍ରାଯେଣ ପଞ୍ଚସହସ୍ରାଣି ପୁରୁଷା ଆସନ୍|
2a090f0133	ତଦା ସ ଶିଷ୍ୟାନ୍ ଜଗାଦ ପଞ୍ଚାଶତ୍ ପଞ୍ଚାଶଜ୍ଜନୈଃ ପଂକ୍ତୀକୃତ୍ୟ ତାନୁପୱେଶଯତ, ତସ୍ମାତ୍ ତେ ତଦନୁସାରେଣ ସର୍ୱ୍ୱଲୋକାନୁପୱେଶଯାପାସୁଃ|
2a0910018a	ତତଃ ସ ତାନ୍ ପଞ୍ଚ ପୂପାନ୍ ମୀନଦ୍ୱଯଞ୍ଚ ଗୃହୀତ୍ୱା ସ୍ୱର୍ଗଂ ୱିଲୋକ୍ୟେଶ୍ୱରଗୁଣାନ୍ କୀର୍ତ୍ତଯାଞ୍ଚକ୍ରେ ଭଙ୍କ୍ତା ଚ ଲୋକେଭ୍ୟଃ ପରିୱେଷଣାର୍ଥଂ ଶିଷ୍ୟେଷୁ ସମର୍ପଯାମ୍ବଭୂୱ|
2a091100c6	ତତଃ ସର୍ୱ୍ୱେ ଭୁକ୍ତ୍ୱା ତୃପ୍ତିଂ ଗତା ଅୱଶିଷ୍ଟାନାଞ୍ଚ ଦ୍ୱାଦଶ ଡଲ୍ଲକାନ୍ ସଂଜଗୃହୁଃ|
2a091200c3	ଅଥୈକଦା ନିର୍ଜନେ ଶିଷ୍ୟୈଃ ସହ ପ୍ରାର୍ଥନାକାଲେ ତାନ୍ ପପ୍ରଚ୍ଛ, ଲୋକା ମାଂ କଂ ୱଦନ୍ତି?
2a0913018e	ତତସ୍ତେ ପ୍ରାଚୁଃ, ତ୍ୱାଂ ଯୋହନ୍ମଜ୍ଜକଂ ୱଦନ୍ତି; କେଚିତ୍ ତ୍ୱାମ୍ ଏଲିଯଂ ୱଦନ୍ତି, ପୂର୍ୱ୍ୱକାଲିକଃ କଶ୍ଚିଦ୍ ଭୱିଷ୍ୟଦ୍ୱାଦୀ ଶ୍ମଶାନାଦ୍ ଉଦତିଷ୍ଠଦ୍ ଇତ୍ୟପି କେଚିଦ୍ ୱଦନ୍ତି|
2a091400c3	ତଦା ସ ଉୱାଚ, ଯୂଯଂ ମାଂ କଂ ୱଦଥ? ତତଃ ପିତର ଉକ୍ତୱାନ୍ ତ୍ୱମ୍ ଈଶ୍ୱରାଭିଷିକ୍ତଃ ପୁରୁଷଃ|
2a09150087	ତଦା ସ ତାନ୍ ଦୃଢମାଦିଦେଶ, କଥାମେତାଂ କସ୍ମୈଚିଦପି ମା କଥଯତ|
2a09160191	ସ ପୁନରୁୱାଚ, ମନୁଷ୍ୟପୁତ୍ରେଣ ୱହୁଯାତନା ଭୋକ୍ତୱ୍ୟାଃ ପ୍ରାଚୀନଲୋକୈଃ ପ୍ରଧାନଯାଜକୈରଧ୍ୟାପକୈଶ୍ଚ ସୋୱଜ୍ଞାଯ ହନ୍ତୱ୍ୟଃ କିନ୍ତୁ ତୃତୀଯଦିୱସେ ଶ୍ମଶାନାତ୍ ତେନୋତ୍ଥାତୱ୍ୟମ୍|
2a0917014e	ଅପରଂ ସ ସର୍ୱ୍ୱାନୁୱାଚ, କଶ୍ଚିଦ୍ ଯଦି ମମ ପଶ୍ଚାଦ୍ ଗନ୍ତୁଂ ୱାଞ୍ଛତି ତର୍ହି ସ ସ୍ୱଂ ଦାମ୍ୟତୁ, ଦିନେ ଦିନେ କ୍ରୁଶଂ ଗୃହୀତ୍ୱା ଚ ମମ ପଶ୍ଚାଦାଗଚ୍ଛତୁ|
2a09180131	ଯତୋ ଯଃ କଶ୍ଚିତ୍ ସ୍ୱପ୍ରାଣାନ୍ ରିରକ୍ଷିଷତି ସ ତାନ୍ ହାରଯିଷ୍ୟତି, ଯଃ କଶ୍ଚିନ୍ ମଦର୍ଥଂ ପ୍ରାଣାନ୍ ହାରଯିଷ୍ୟତି ସ ତାନ୍ ରକ୍ଷିଷ୍ୟତି|
2a09190108	କଶ୍ଚିଦ୍ ଯଦି ସର୍ୱ୍ୱଂ ଜଗତ୍ ପ୍ରାପ୍ନୋତି କିନ୍ତୁ ସ୍ୱପ୍ରାଣାନ୍ ହାରଯତି ସ୍ୱଯଂ ୱିନଶ୍ୟତି ଚ ତର୍ହି ତସ୍ୟ କୋ ଲାଭଃ?
2a091a01c7	ପୁନ ର୍ୟଃ କଶ୍ଚିନ୍ ମାଂ ମମ ୱାକ୍ୟଂ ୱା ଲଜ୍ଜାସ୍ପଦଂ ଜାନାତି ମନୁଷ୍ୟପୁତ୍ରୋ ଯଦା ସ୍ୱସ୍ୟ ପିତୁଶ୍ଚ ପୱିତ୍ରାଣାଂ ଦୂତାନାଞ୍ଚ ତେଜୋଭିଃ ପରିୱେଷ୍ଟିତ ଆଗମିଷ୍ୟତି ତଦା ସୋପି ତଂ ଲଜ୍ଜାସ୍ପଦଂ ଜ୍ଞାସ୍ୟତି|
2a091b0174	କିନ୍ତୁ ଯୁଷ୍ମାନହଂ ଯଥାର୍ଥଂ ୱଦାମି, ଈଶ୍ୱରୀଯରାଜତ୍ୱଂ ନ ଦୃଷ୍ଟୱା ମୃତ୍ୟୁଂ ନାସ୍ୱାଦିଷ୍ୟନ୍ତେ, ଏତାଦୃଶାଃ କିଯନ୍ତୋ ଲୋକା ଅତ୍ର ସ୍ଥନେଽପି ଦଣ୍ଡାଯମାନାଃ ସନ୍ତି|
2a091c0139	ଏତଦାଖ୍ୟାନକଥନାତ୍ ପରଂ ପ୍ରାଯେଣାଷ୍ଟସୁ ଦିନେଷୁ ଗତେଷୁ ସ ପିତରଂ ଯୋହନଂ ଯାକୂବଞ୍ଚ ଗୃହୀତ୍ୱା ପ୍ରାର୍ଥଯିତୁଂ ପର୍ୱ୍ୱତମେକଂ ସମାରୁରୋହ|
2a091d00df	ଅଥ ତସ୍ୟ ପ୍ରାର୍ଥନକାଲେ ତସ୍ୟ ମୁଖାକୃତିରନ୍ୟରୂପା ଜାତା, ତଦୀଯଂ ୱସ୍ତ୍ରମୁଜ୍ଜ୍ୱଲଶୁକ୍ଲଂ ଜାତଂ|
2a091e006d	ଅପରଞ୍ଚ ମୂସା ଏଲିଯଶ୍ଚୋଭୌ ତେଜସ୍ୱିନୌ ଦୃଷ୍ଟୌ
2a091f00e4	ତୌ ତେନ ଯିରୂଶାଲମ୍ପୁରେ ଯୋ ମୃତ୍ୟୁଃ ସାଧିଷ୍ୟତେ ତଦୀଯାଂ କଥାଂ ତେନ ସାର୍ଦ୍ଧଂ କଥଯିତୁମ୍ ଆରେଭାତେ|
2a09200138	ତଦା ପିତରାଦଯଃ ସ୍ୱସ୍ୟ ସଙ୍ଗିନୋ ନିଦ୍ରଯାକୃଷ୍ଟା ଆସନ୍ କିନ୍ତୁ ଜାଗରିତ୍ୱା ତସ୍ୟ ତେଜସ୍ତେନ ସାର୍ଦ୍ଧମ୍ ଉତ୍ତିଷ୍ଠନ୍ତୌ ଜନୌ ଚ ଦଦୃଶୁଃ|
2a0921021a	ଅଥ ତଯୋରୁଭଯୋ ର୍ଗମନକାଲେ ପିତରୋ ଯୀଶୁଂ ବଭାଷେ, ହେ ଗୁରୋଽସ୍ମାକଂ ସ୍ଥାନେଽସ୍ମିନ୍ ସ୍ଥିତିଃ ଶୁଭା, ତତ ଏକା ତ୍ୱଦର୍ଥା, ଏକା ମୂସାର୍ଥା, ଏକା ଏଲିଯାର୍ଥା, ଇତି ତିସ୍ରଃ କୁଟ୍ୟୋସ୍ମାଭି ର୍ନିର୍ମ୍ମୀଯନ୍ତାଂ, ଇମାଂ କଥାଂ ସ ନ ୱିୱିଚ୍ୟ କଥଯାମାସ|
2a0922010d	ଅପରଞ୍ଚ ତଦ୍ୱାକ୍ୟୱଦନକାଲେ ପଯୋଦ ଏକ ଆଗତ୍ୟ ତେଷାମୁପରି ଛାଯାଂ ଚକାର, ତତସ୍ତନ୍ମଧ୍ୟେ ତଯୋଃ ପ୍ରୱେଶାତ୍ ତେ ଶଶଙ୍କିରେ|
2a092300ef	ତଦା ତସ୍ମାତ୍ ପଯୋଦାଦ୍ ଇଯମାକାଶୀଯା ୱାଣୀ ନିର୍ଜଗାମ, ମମାଯଂ ପ୍ରିଯଃ ପୁତ୍ର ଏତସ୍ୟ କଥାଯାଂ ମନୋ ନିଧତ୍ତ|
2a09240126	ଇତି ଶବ୍ଦେ ଜାତେ ତେ ଯୀଶୁମେକାକିନଂ ଦଦୃଶୁଃ କିନ୍ତୁ ତେ ତଦାନୀଂ ତସ୍ୟ ଦର୍ଶନସ୍ୟ ୱାଚମେକାମପି ନୋକ୍ତ୍ୱା ମନଃସୁ ସ୍ଥାପଯାମାସୁଃ|
2a092500cd	ପରେଽହନି ତେଷୁ ତସ୍ମାଚ୍ଛୈଲାଦ୍ ଅୱରୂଢେଷୁ ତଂ ସାକ୍ଷାତ୍ କର୍ତ୍ତୁଂ ବହୱୋ ଲୋକା ଆଜଗ୍ମୁଃ|
2a09260120	ତେଷାଂ ମଧ୍ୟାଦ୍ ଏକୋ ଜନ ଉଚ୍ଚୈରୁୱାଚ, ହେ ଗୁରୋ ଅହଂ ୱିନଯଂ କରୋମି ମମ ପୁତ୍ରଂ ପ୍ରତି କୃପାଦୃଷ୍ଟିଂ କରୋତୁ, ମମ ସ ଏୱୈକଃ ପୁତ୍ରଃ|
2a0927014b	ଭୂତେନ ଧୃତଃ ସନ୍ ସଂ ପ୍ରସଭଂ ଚୀଚ୍ଛବ୍ଦଂ କରୋତି ତନ୍ମୁଖାତ୍ ଫେଣା ନିର୍ଗଚ୍ଛନ୍ତି ଚ, ଭୂତ ଇତ୍ଥଂ ୱିଦାର୍ୟ୍ୟ କ୍ଲିଷ୍ଟ୍ୱା ପ୍ରାଯଶସ୍ତଂ ନ ତ୍ୟଜତି|
2a092800b6	ତସ୍ମାତ୍ ତଂ ଭୂତଂ ତ୍ୟାଜଯିତୁଂ ତୱ ଶିଷ୍ୟସମୀପେ ନ୍ୟୱେଦଯଂ କିନ୍ତୁ ତେ ନ ଶେକୁଃ|
2a0929015c	ତଦା ଯୀଶୁରୱାଦୀତ୍, ରେ ଆୱିଶ୍ୱାସିନ୍ ୱିପଥଗାମିନ୍ ୱଂଶ କତିକାଲାନ୍ ଯୁଷ୍ମାଭିଃ ସହ ସ୍ଥାସ୍ୟାମ୍ୟହଂ ଯୁଷ୍ମାକମ୍ ଆଚରଣାନି ଚ ସହିଷ୍ୟେ? ତୱ ପୁତ୍ରମିହାନଯ|
2a092a0169	ତତସ୍ତସ୍ମିନ୍ନାଗତମାତ୍ରେ ଭୂତସ୍ତଂ ଭୂମୌ ପାତଯିତ୍ୱା ୱିଦଦାର; ତଦା ଯୀଶୁସ୍ତମମେଧ୍ୟଂ ଭୂତଂ ତର୍ଜଯିତ୍ୱା ବାଲକଂ ସ୍ୱସ୍ଥଂ କୃତ୍ୱା ତସ୍ୟ ପିତରି ସମର୍ପଯାମାସ|
2a092b0185	ଈଶ୍ୱରସ୍ୟ ମହାଶକ୍ତିମ୍ ଇମାଂ ୱିଲୋକ୍ୟ ସର୍ୱ୍ୱେ ଚମଚ୍ଚକ୍ରୁଃ; ଇତ୍ଥଂ ଯୀଶୋଃ ସର୍ୱ୍ୱାଭିଃ କ୍ରିଯାଭିଃ ସର୍ୱ୍ୱୈର୍ଲୋକୈରାଶ୍ଚର୍ୟ୍ୟେ ମନ୍ୟମାନେ ସତି ସ ଶିଷ୍ୟାନ୍ ବଭାଷେ,
2a092c00d2	କଥେଯଂ ଯୁଷ୍ମାକଂ କର୍ଣେଷୁ ପ୍ରୱିଶତୁ, ମନୁଷ୍ୟପୁତ୍ରୋ ମନୁଷ୍ୟାଣାଂ କରେଷୁ ସମର୍ପଯିଷ୍ୟତେ|
2a092d0161	କିନ୍ତୁ ତେ ତାଂ କଥାଂ ନ ବୁବୁଧିରେ, ସ୍ପଷ୍ଟତ୍ୱାଭାୱାତ୍ ତସ୍ୟା ଅଭିପ୍ରାଯସ୍ତେଷାଂ ବୋଧଗମ୍ୟୋ ନ ବଭୂୱ; ତସ୍ୟା ଆଶଯଃ କ ଇତ୍ୟପି ତେ ଭଯାତ୍ ପ୍ରଷ୍ଟୁଂ ନ ଶେକୁଃ|
2a092e00c5	ତଦନନ୍ତରଂ ତେଷାଂ ମଧ୍ୟେ କଃ ଶ୍ରେଷ୍ଠଃ କଥାମେତାଂ ଗୃହୀତ୍ୱା ତେ ମିଥୋ ୱିୱାଦଂ ଚକ୍ରୁଃ|
2a092f00f8	ତତୋ ଯୀଶୁସ୍ତେଷାଂ ମନୋଭିପ୍ରାଯଂ ୱିଦିତ୍ୱା ବାଲକମେକଂ ଗୃହୀତ୍ୱା ସ୍ୱସ୍ୟ ନିକଟେ ସ୍ଥାପଯିତ୍ୱା ତାନ୍ ଜଗାଦ,
2a09300208	ଯୋ ଜନୋ ମମ ନାମ୍ନାସ୍ୟ ବାଲାସ୍ୟାତିଥ୍ୟଂ ୱିଦଧାତି ସ ମମାତିଥ୍ୟଂ ୱିଦଧାତି, ଯଶ୍ଚ ମମାତିଥ୍ୟଂ ୱିଦଧାତି ସ ମମ ପ୍ରେରକସ୍ୟାତିଥ୍ୟଂ ୱିଦଧାତି, ଯୁଷ୍ମାକଂ ମଧ୍ୟେଯଃ ସ୍ୱଂ ସର୍ୱ୍ୱସ୍ମାତ୍ କ୍ଷୁଦ୍ରଂ ଜାନୀତେ ସ ଏୱ ଶ୍ରେଷ୍ଠୋ ଭୱିଷ୍ୟତି|
2a0931019f	ଅପରଞ୍ଚ ଯୋହନ୍ ୱ୍ୟାଜହାର ହେ ପ୍ରଭେ ତୱ ନାମ୍ନା ଭୂତାନ୍ ତ୍ୟାଜଯନ୍ତଂ ମାନୁଷମ୍ ଏକଂ ଦୃଷ୍ଟୱନ୍ତୋ ୱଯଂ, କିନ୍ତ୍ୱସ୍ମାକମ୍ ଅପଶ୍ଚାଦ୍ ଗାମିତ୍ୱାତ୍ ତଂ ନ୍ୟଷେଧାମ୍| ତଦାନୀଂ ଯୀଶୁରୁୱାଚ,
2a093200a9	ତଂ ମା ନିଷେଧତ, ଯତୋ ଯୋ ଜନୋସ୍ମାକଂ ନ ୱିପକ୍ଷଃ ସ ଏୱାସ୍ମାକଂ ସପକ୍ଷୋ ଭୱତି|
2a0933012c	ଅନନ୍ତରଂ ତସ୍ୟାରୋହଣସମଯ ଉପସ୍ଥିତେ ସ ସ୍ଥିରଚେତା ଯିରୂଶାଲମଂ ପ୍ରତି ଯାତ୍ରାଂ କର୍ତ୍ତୁଂ ନିଶ୍ଚିତ୍ୟାଗ୍ରେ ଦୂତାନ୍ ପ୍ରେଷଯାମାସ|
2a093400ea	ତସ୍ମାତ୍ ତେ ଗତ୍ୱା ତସ୍ୟ ପ୍ରଯୋଜନୀଯଦ୍ରୱ୍ୟାଣି ସଂଗ୍ରହୀତୁଂ ଶୋମିରୋଣୀଯାନାଂ ଗ୍ରାମଂ ପ୍ରୱିୱିଶୁଃ|
2a093500b5	କିନ୍ତୁ ସ ଯିରୂଶାଲମଂ ନଗରଂ ଯାତି ତତୋ ହେତୋ ର୍ଲୋକାସ୍ତସ୍ୟାତିଥ୍ୟଂ ନ ଚକ୍ରୁଃ|
2a093601b0	ଅତଏୱ ଯାକୂବ୍ୟୋହନୌ ତସ୍ୟ ଶିଷ୍ୟୌ ତଦ୍ ଦୃଷ୍ଟ୍ୱା ଜଗଦତୁଃ, ହେ ପ୍ରଭୋ ଏଲିଯୋ ଯଥା ଚକାର ତଥା ୱଯମପି କିଂ ଗଗଣାଦ୍ ଆଗନ୍ତୁମ୍ ଏତାନ୍ ଭସ୍ମୀକର୍ତ୍ତୁଞ୍ଚ ୱହ୍ନିମାଜ୍ଞାପଯାମଃ? ଭୱାନ୍ କିମିଚ୍ଛତି?
2a093700e7	କିନ୍ତୁ ସ ମୁଖଂ ପରାୱର୍ତ୍ୟ ତାନ୍ ତର୍ଜଯିତ୍ୱା ଗଦିତୱାନ୍ ଯୁଷ୍ମାକଂ ମନୋଭାୱଃ କଃ, ଇତି ଯୂଯଂ ନ ଜାନୀଥ|
2a0938010a	ମନୁଜସୁତୋ ମନୁଜାନାଂ ପ୍ରାଣାନ୍ ନାଶଯିତୁଂ ନାଗଚ୍ଛତ୍, କିନ୍ତୁ ରକ୍ଷିତୁମ୍ ଆଗଚ୍ଛତ୍| ପଶ୍ଚାଦ୍ ଇତରଗ୍ରାମଂ ତେ ଯଯୁଃ|
2a093900ee	ତଦନନ୍ତରଂ ପଥି ଗମନକାଲେ ଜନ ଏକସ୍ତଂ ବଭାଷେ, ହେ ପ୍ରଭୋ ଭୱାନ୍ ଯତ୍ର ଯାତି ଭୱତା ସହାହମପି ତତ୍ର ଯାସ୍ୟାମି|
2a093a0156	ତଦାନୀଂ ଯୀଶୁସ୍ତମୁୱାଚ, ଗୋମାଯୂନାଂ ଗର୍ତ୍ତା ଆସତେ, ୱିହାଯସୀଯୱିହଗାନାଂ ନୀଡାନି ଚ ସନ୍ତି, କିନ୍ତୁ ମାନୱତନଯସ୍ୟ ଶିରଃ ସ୍ଥାପଯିତୁଂ ସ୍ଥାନଂ ନାସ୍ତି|
2a093b011b	ତତଃ ପରଂ ସ ଇତରଜନଂ ଜଗାଦ, ତ୍ୱଂ ମମ ପଶ୍ଚାଦ୍ ଏହି; ତତଃ ସ ଉୱାଚ, ହେ ପ୍ରଭୋ ପୂର୍ୱ୍ୱଂ ପିତରଂ ଶ୍ମଶାନେ ସ୍ଥାପଯିତୁଂ ମାମାଦିଶତୁ|
2a093c00f9	ତଦା ଯୀଶୁରୁୱାଚ, ମୃତା ମୃତାନ୍ ଶ୍ମଶାନେ ସ୍ଥାପଯନ୍ତୁ କିନ୍ତୁ ତ୍ୱଂ ଗତ୍ୱେଶ୍ୱରୀଯରାଜ୍ୟସ୍ୟ କଥାଂ ପ୍ରଚାରଯ|
2a093d015a	ତତୋନ୍ୟଃ କଥଯାମାସ, ହେ ପ୍ରଭୋ ମଯାପି ଭୱତଃ ପଶ୍ଚାଦ୍ ଗଂସ୍ୟତେ, କିନ୍ତୁ ପୂର୍ୱ୍ୱଂ ମମ ନିୱେଶନସ୍ୟ ପରିଜନାନାମ୍ ଅନୁମତିଂ ଗ୍ରହୀତୁମ୍ ଅହମାଦିଶ୍ୟୈ ଭୱତା|
2a093e0106	ତଦାନୀଂ ଯୀଶୁସ୍ତଂ ପ୍ରୋକ୍ତୱାନ୍, ଯୋ ଜନୋ ଲାଙ୍ଗଲେ କରମର୍ପଯିତ୍ୱା ପଶ୍ଚାତ୍ ପଶ୍ୟତି ସ ଈଶ୍ୱରୀଯରାଜ୍ୟଂ ନାର୍ହତି|
2a0a010187	ତତଃ ପରଂ ପ୍ରଭୁରପରାନ୍ ସପ୍ତତିଶିଷ୍ୟାନ୍ ନିଯୁଜ୍ୟ ସ୍ୱଯଂ ଯାନି ନଗରାଣି ଯାନି ସ୍ଥାନାନି ଚ ଗମିଷ୍ୟତି ତାନି ନଗରାଣି ତାନି ସ୍ଥାନାନି ଚ ପ୍ରତି ଦ୍ୱୌ ଦ୍ୱୌ ଜନୌ ପ୍ରହିତୱାନ୍|
2a0a020185	ତେଭ୍ୟଃ କଥଯାମାସ ଚ ଶସ୍ୟାନି ବହୂନୀତି ସତ୍ୟଂ କିନ୍ତୁ ଛେଦକା ଅଲ୍ପେ; ତସ୍ମାଦ୍ଧେତୋଃ ଶସ୍ୟକ୍ଷେତ୍ରେ ଛେଦକାନ୍ ଅପରାନପି ପ୍ରେଷଯିତୁଂ କ୍ଷେତ୍ରସ୍ୱାମିନଂ ପ୍ରାର୍ଥଯଧ୍ୱଂ|
2a0a0300a6	ଯୂଯଂ ଯାତ, ପଶ୍ୟତ, ୱୃକାଣାଂ ମଧ୍ୟେ ମେଷଶାୱକାନିୱ ଯୁଷ୍ମାନ୍ ପ୍ରହିଣୋମି|
2a0a0400d7	ଯୂଯଂ କ୍ଷୁଦ୍ରଂ ମହଦ୍ ୱା ୱସନସମ୍ପୁଟକଂ ପାଦୁକାଶ୍ଚ ମା ଗୃହ୍ଲୀତ, ମାର୍ଗମଧ୍ୟେ କମପି ମା ନମତ ଚ|
2a0a0500f1	ଅପରଞ୍ଚ ଯୂଯଂ ଯଦ୍ ଯତ୍ ନିୱେଶନଂ ପ୍ରୱିଶଥ ତତ୍ର ନିୱେଶନସ୍ୟାସ୍ୟ ମଙ୍ଗଲଂ ଭୂଯାଦିତି ୱାକ୍ୟଂ ପ୍ରଥମଂ ୱଦତ|
2a0a060147	ତସ୍ମାତ୍ ତସ୍ମିନ୍ ନିୱେଶନେ ଯଦି ମଙ୍ଗଲପାତ୍ରଂ ସ୍ଥାସ୍ୟତି ତର୍ହି ତନ୍ମଙ୍ଗଲଂ ତସ୍ୟ ଭୱିଷ୍ୟତି, ନୋଚେତ୍ ଯୁଷ୍ମାନ୍ ପ୍ରତି ପରାୱର୍ତ୍ତିଷ୍ୟତେ|
2a0a07016a	ଅପରଞ୍ଚ ତେ ଯତ୍କିଞ୍ଚିଦ୍ ଦାସ୍ୟନ୍ତି ତଦେୱ ଭୁକ୍ତ୍ୱା ପୀତ୍ୱା ତସ୍ମିନ୍ନିୱେଶନେ ସ୍ଥାସ୍ୟଥ; ଯତଃ କର୍ମ୍ମକାରୀ ଜନୋ ଭୃତିମ୍ ଅର୍ହତି; ଗୃହାଦ୍ ଗୃହଂ ମା ଯାସ୍ୟଥ|
2a0a080155	ଅନ୍ୟଚ୍ଚ ଯୁଷ୍ମାସୁ କିମପି ନଗରଂ ପ୍ରୱିଷ୍ଟେଷୁ ଲୋକା ଯଦି ଯୁଷ୍ମାକମ୍ ଆତିଥ୍ୟଂ କରିଷ୍ୟନ୍ତି, ତର୍ହି ଯତ୍ ଖାଦ୍ୟମ୍ ଉପସ୍ଥାସ୍ୟନ୍ତି ତଦେୱ ଖାଦିଷ୍ୟଥ|
2a0a090120	ତନ୍ନଗରସ୍ଥାନ୍ ରୋଗିଣଃ ସ୍ୱସ୍ଥାନ୍ କରିଷ୍ୟଥ, ଈଶ୍ୱରୀଯଂ ରାଜ୍ୟଂ ଯୁଷ୍ମାକମ୍ ଅନ୍ତିକମ୍ ଆଗମତ୍ କଥାମେତାଞ୍ଚ ପ୍ରଚାରଯିଷ୍ୟଥ|
2a0a0a015d	କିନ୍ତୁ କିମପି ପୁରଂ ଯୁଷ୍ମାସୁ ପ୍ରୱିଷ୍ଟେଷୁ ଲୋକା ଯଦି ଯୁଷ୍ମାକମ୍ ଆତିଥ୍ୟଂ ନ କରିଷ୍ୟନ୍ତି, ତର୍ହି ତସ୍ୟ ନଗରସ୍ୟ ପନ୍ଥାନଂ ଗତ୍ୱା କଥାମେତାଂ ୱଦିଷ୍ୟଥ,
2a0a0b01a2	ଯୁଷ୍ମାକଂ ନଗରୀଯା ଯା ଧୂଲ୍ୟୋଽସ୍ମାସୁ ସମଲଗନ୍ ତା ଅପି ଯୁଷ୍ମାକଂ ପ୍ରାତିକୂଲ୍ୟେନ ସାକ୍ଷ୍ୟାର୍ଥଂ ସମ୍ପାତଯାମଃ; ତଥାପୀଶ୍ୱରରାଜ୍ୟଂ ଯୁଷ୍ମାକଂ ସମୀପମ୍ ଆଗତମ୍ ଇତି ନିଶ୍ଚିତଂ ଜାନୀତ|
2a0a0c00e2	ଅହଂ ଯୁଷ୍ମଭ୍ୟଂ ଯଥାର୍ଥଂ କଥଯାମି, ୱିଚାରଦିନେ ତସ୍ୟ ନଗରସ୍ୟ ଦଶାତଃ ସିଦୋମୋ ଦଶା ସହ୍ୟା ଭୱିଷ୍ୟତି|
2a0a0d0297	ହା ହା କୋରାସୀନ୍ ନଗର, ହା ହା ବୈତ୍ସୈଦାନଗର ଯୁୱଯୋର୍ମଧ୍ୟେ ଯାଦୃଶାନି ଆଶ୍ଚର୍ୟ୍ୟାଣି କର୍ମ୍ମାଣ୍ୟକ୍ରିଯନ୍ତ, ତାନି କର୍ମ୍ମାଣି ଯଦି ସୋରସୀଦୋନୋ ର୍ନଗରଯୋରକାରିଷ୍ୟନ୍ତ, ତଦା ଇତୋ ବହୁଦିନପୂର୍ୱ୍ୱଂ ତନ୍ନିୱାସିନଃ ଶଣୱସ୍ତ୍ରାଣି ପରିଧାଯ ଗାତ୍ରେଷୁ ଭସ୍ମ ୱିଲିପ୍ୟ ସମୁପୱିଶ୍ୟ ସମଖେତ୍ସ୍ୟନ୍ତ|
2a0a0e00bc	ଅତୋ ୱିଚାରଦିୱସେ ଯୁଷ୍ମାକଂ ଦଶାତଃ ସୋରସୀଦୋନ୍ନିୱାସିନାଂ ଦଶା ସହ୍ୟା ଭୱିଷ୍ୟତି|
2a0a0f00c5	ହେ କଫର୍ନାହୂମ୍, ତ୍ୱଂ ସ୍ୱର୍ଗଂ ଯାୱଦ୍ ଉନ୍ନତା କିନ୍ତୁ ନରକଂ ଯାୱତ୍ ନ୍ୟଗ୍ଭୱିଷ୍ୟସି|
2a0a1001c3	ଯୋ ଜନୋ ଯୁଷ୍ମାକଂ ୱାକ୍ୟଂ ଗୃହ୍ଲାତି ସ ମମୈୱ ୱାକ୍ୟଂ ଗୃହ୍ଲାତି; କିଞ୍ଚ ଯୋ ଜନୋ ଯୁଷ୍ମାକମ୍ ଅୱଜ୍ଞାଂ କରୋତି ସ ମମୈୱାୱଜ୍ଞାଂ କରୋତି; ଯୋ ଜନୋ ମମାୱଜ୍ଞାଂ କରୋତି ଚ ସ ମତ୍ପ୍ରେରକସ୍ୟୈୱାୱଜ୍ଞାଂ କରୋତି|
2a0a110107	ଅଥ ତେ ସପ୍ତତିଶିଷ୍ୟା ଆନନ୍ଦେନ ପ୍ରତ୍ୟାଗତ୍ୟ କଥଯାମାସୁଃ, ହେ ପ୍ରଭୋ ଭୱତୋ ନାମ୍ନା ଭୂତା ଅପ୍ୟସ୍ମାକଂ ୱଶୀଭୱନ୍ତି|
2a0a1200ac	ତଦାନୀଂ ସ ତାନ୍ ଜଗାଦ, ୱିଦ୍ୟୁତମିୱ ସ୍ୱର୍ଗାତ୍ ପତନ୍ତଂ ଶୈତାନମ୍ ଅଦର୍ଶମ୍|
2a0a130163	ପଶ୍ୟତ ସର୍ପାନ୍ ୱୃଶ୍ଚିକାନ୍ ରିପୋଃ ସର୍ୱ୍ୱପରାକ୍ରମାଂଶ୍ଚ ପଦତଲୈ ର୍ଦଲଯିତୁଂ ଯୁଷ୍ମଭ୍ୟଂ ଶକ୍ତିଂ ଦଦାମି ତସ୍ମାଦ୍ ଯୁଷ୍ମାକଂ କାପି ହାନି ର୍ନ ଭୱିଷ୍ୟତି|
2a0a14012f	ଭୂତା ଯୁଷ୍ମାକଂ ୱଶୀଭୱନ୍ତି, ଏତନ୍ନିମିତ୍ତତ୍ ମା ସମୁଲ୍ଲସତ, ସ୍ୱର୍ଗେ ଯୁଷ୍ମାକଂ ନାମାନି ଲିଖିତାନି ସନ୍ତୀତି ନିମିତ୍ତଂ ସମୁଲ୍ଲସତ|
2a0a1502a5	ତଦ୍ଘଟିକାଯାଂ ଯୀଶୁ ର୍ମନସି ଜାତାହ୍ଲାଦଃ କଥଯାମାସ ହେ ସ୍ୱର୍ଗପୃଥିୱ୍ୟୋରେକାଧିପତେ ପିତସ୍ତ୍ୱଂ ଜ୍ଞାନୱତାଂ ୱିଦୁଷାଞ୍ଚ ଲୋକାନାଂ ପୁରସ୍ତାତ୍ ସର୍ୱ୍ୱମେତଦ୍ ଅପ୍ରକାଶ୍ୟ ବାଲକାନାଂ ପୁରସ୍ତାତ୍ ପ୍ରାକାଶଯ ଏତସ୍ମାଦ୍ଧେତୋସ୍ତ୍ୱାଂ ଧନ୍ୟଂ ୱଦାମି, ହେ ପିତରିତ୍ଥଂ ଭୱତୁ ଯଦ୍ ଏତଦେୱ ତୱ ଗୋଚର ଉତ୍ତମମ୍|
2a0a160188	ପିତ୍ରା ସର୍ୱ୍ୱାଣି ମଯି ସମର୍ପିତାନି ପିତରଂ ୱିନା କୋପି ପୁତ୍ରଂ ନ ଜାନାତି କିଞ୍ଚ ପୁତ୍ରଂ ୱିନା ଯସ୍ମୈ ଜନାଯ ପୁତ୍ରସ୍ତଂ ପ୍ରକାଶିତୱାନ୍ ତଞ୍ଚ ୱିନା କୋପି ପିତରଂ ନ ଜାନାତି|
2a0a170115	ତପଃ ପରଂ ସ ଶିଷ୍ୟାନ୍ ପ୍ରତି ପରାୱୃତ୍ୟ ଗୁପ୍ତଂ ଜଗାଦ, ଯୂଯମେତାନି ସର୍ୱ୍ୱାଣି ପଶ୍ୟଥ ତତୋ ଯୁଷ୍ମାକଂ ଚକ୍ଷୂଂଷି ଧନ୍ୟାନି|
2a0a180211	ଯୁଷ୍ମାନହଂ ୱଦାମି, ଯୂଯଂ ଯାନି ସର୍ୱ୍ୱାଣି ପଶ୍ୟଥ ତାନି ବହୱୋ ଭୱିଷ୍ୟଦ୍ୱାଦିନୋ ଭୂପତଯଶ୍ଚ ଦ୍ରଷ୍ଟୁମିଚ୍ଛନ୍ତୋପି ଦ୍ରଷ୍ଟୁଂ ନ ପ୍ରାପ୍ନୁୱନ୍, ଯୁଷ୍ମାଭି ର୍ୟା ଯାଃ କଥାଶ୍ଚ ଶ୍ରୂଯନ୍ତେ ତାଃ ଶ୍ରୋତୁମିଚ୍ଛନ୍ତୋପି ଶ୍ରୋତୁଂ ନାଲଭନ୍ତ|
2a0a19010e	ଅନନ୍ତରମ୍ ଏକୋ ୱ୍ୟୱସ୍ଥାପକ ଉତ୍ଥାଯ ତଂ ପରୀକ୍ଷିତୁଂ ପପ୍ରଚ୍ଛ, ହେ ଉପଦେଶକ ଅନନ୍ତାଯୁଷଃ ପ୍ରାପ୍ତଯେ ମଯା କିଂ କରଣୀଯଂ?
2a0a1a00c5	ଯୀଶୁଃ ପ୍ରତ୍ୟୁୱାଚ, ଅତ୍ରାର୍ଥେ ୱ୍ୟୱସ୍ଥାଯାଂ କିଂ ଲିଖିତମସ୍ତି? ତ୍ୱଂ କୀଦୃକ୍ ପଠସି?
2a0a1b017a	ତତଃ ସୋୱଦତ୍, ତ୍ୱଂ ସର୍ୱ୍ୱାନ୍ତଃକରଣୈଃ ସର୍ୱ୍ୱପ୍ରାଣୈଃ ସର୍ୱ୍ୱଶକ୍ତିଭିଃ ସର୍ୱ୍ୱଚିତ୍ତୈଶ୍ଚ ପ୍ରଭୌ ପରମେଶ୍ୱରେ ପ୍ରେମ କୁରୁ, ସମୀପୱାସିନି ସ୍ୱୱତ୍ ପ୍ରେମ କୁରୁ ଚ|
2a0a1c00b1	ତଦା ସ କଥଯାମାସ, ତ୍ୱଂ ଯଥାର୍ଥଂ ପ୍ରତ୍ୟୱୋଚଃ, ଇତ୍ଥମ୍ ଆଚର ତେନୈୱ ଜୀୱିଷ୍ୟସି|
2a0a1d00f4	କିନ୍ତୁ ସ ଜନଃ ସ୍ୱଂ ନିର୍ଦ୍ଦୋଷଂ ଜ୍ଞାପଯିତୁଂ ଯୀଶୁଂ ପପ୍ରଚ୍ଛ, ମମ ସମୀପୱାସୀ କଃ? ତତୋ ଯୀଶୁଃ ପ୍ରତ୍ୟୁୱାଚ,
2a0a1e0178	ଏକୋ ଜନୋ ଯିରୂଶାଲମ୍ପୁରାଦ୍ ଯିରୀହୋପୁରଂ ଯାତି, ଏତର୍ହି ଦସ୍ୟୂନାଂ କରେଷୁ ପତିତେ ତେ ତସ୍ୟ ୱସ୍ତ୍ରାଦିକଂ ହୃତୱନ୍ତଃ ତମାହତ୍ୟ ମୃତପ୍ରାଯଂ କୃତ୍ୱା ତ୍ୟକ୍ତ୍ୱା ଯଯୁଃ|
2a0a1f00cc	ଅକସ୍ମାଦ୍ ଏକୋ ଯାଜକସ୍ତେନ ମାର୍ଗେଣ ଗଚ୍ଛନ୍ ତଂ ଦୃଷ୍ଟ୍ୱା ମାର୍ଗାନ୍ୟପାର୍ଶ୍ୱେନ ଜଗାମ|
2a0a2000ee	ଇତ୍ଥମ୍ ଏକୋ ଲେୱୀଯସ୍ତତ୍ସ୍ଥାନଂ ପ୍ରାପ୍ୟ ତସ୍ୟାନ୍ତିକଂ ଗତ୍ୱା ତଂ ୱିଲୋକ୍ୟାନ୍ୟେନ ପାର୍ଶ୍ୱେନ ଜଗାମ|
2a0a2100ac	କିନ୍ତ୍ୱେକଃ ଶୋମିରୋଣୀଯୋ ଗଚ୍ଛନ୍ ତତ୍ସ୍ଥାନଂ ପ୍ରାପ୍ୟ ତଂ ଦୃଷ୍ଟ୍ୱାଦଯତ|
2a0a220162	ତସ୍ୟାନ୍ତିକଂ ଗତ୍ୱା ତସ୍ୟ କ୍ଷତେଷୁ ତୈଲଂ ଦ୍ରାକ୍ଷାରସଞ୍ଚ ପ୍ରକ୍ଷିପ୍ୟ କ୍ଷତାନି ବଦ୍ଧ୍ୱା ନିଜୱାହନୋପରି ତମୁପୱେଶ୍ୟ ପ୍ରୱାସୀଯଗୃହମ୍ ଆନୀଯ ତଂ ସିଷେୱେ|
2a0a23018d	ପରସ୍ମିନ୍ ଦିୱସେ ନିଜଗମନକାଲେ ଦ୍ୱୌ ମୁଦ୍ରାପାଦୌ ତଦ୍ଗୃହସ୍ୱାମିନେ ଦତ୍ତ୍ୱାୱଦତ୍ ଜନମେନଂ ସେୱସ୍ୱ ତତ୍ର ଯୋଽଧିକୋ ୱ୍ୟଯୋ ଭୱିଷ୍ୟତି ତମହଂ ପୁନରାଗମନକାଲେ ପରିଶୋତ୍ସ୍ୟାମି|
2a0a2400d5	ଏଷାଂ ତ୍ରଯାଣାଂ ମଧ୍ୟେ ତସ୍ୟ ଦସ୍ୟୁହସ୍ତପତିତସ୍ୟ ଜନସ୍ୟ ସମୀପୱାସୀ କଃ? ତ୍ୱଯା କିଂ ବୁଧ୍ୟତେ?
2a0a2500e3	ତତଃ ସ ୱ୍ୟୱସ୍ଥାପକଃ କଥଯାମାସ ଯସ୍ତସ୍ମିନ୍ ଦଯାଂ ଚକାର| ତଦା ଯୀଶୁଃ କଥଯାମାସ ତ୍ୱମପି ଗତ୍ୱା ତଥାଚର|
2a0a2600ec	ତତଃ ପରଂ ତେ ଗଚ୍ଛନ୍ତ ଏକଂ ଗ୍ରାମଂ ପ୍ରୱିୱିଶୁଃ; ତଦା ମର୍ଥାନାମା ସ୍ତ୍ରୀ ସ୍ୱଗୃହେ ତସ୍ୟାତିଥ୍ୟଂ ଚକାର|
2a0a2700e5	ତସ୍ମାତ୍ ମରିଯମ୍ ନାମଧେଯା ତସ୍ୟା ଭଗିନୀ ଯୀଶୋଃ ପଦସମୀପ ଉୱୱିଶ୍ୟ ତସ୍ୟୋପଦେଶକଥାଂ ଶ୍ରୋତୁମାରେଭେ|
2a0a280256	କିନ୍ତୁ ମର୍ଥା ନାନାପରିଚର୍ୟ୍ୟାଯାଂ ୱ୍ୟଗ୍ରା ବଭୂୱ ତସ୍ମାଦ୍ଧେତୋସ୍ତସ୍ୟ ସମୀପମାଗତ୍ୟ ବଭାଷେ; ହେ ପ୍ରଭୋ ମମ ଭଗିନୀ କେୱଲଂ ମମୋପରି ସର୍ୱ୍ୱକର୍ମ୍ମଣାଂ ଭାରମ୍ ଅର୍ପିତୱତୀ ତତ୍ର ଭୱତା କିଞ୍ଚିଦପି ନ ମନୋ ନିଧୀଯତେ କିମ୍? ମମ ସାହାଯ୍ୟଂ କର୍ତ୍ତୁଂ ଭୱାନ୍ ତାମାଦିଶତୁ|
2a0a2900e2	ତତୋ ଯୀଶୁଃ ପ୍ରତ୍ୟୁୱାଚ ହେ ମର୍ଥେ ହେ ମର୍ଥେ, ତ୍ୱଂ ନାନାକାର୍ୟ୍ୟେଷୁ ଚିନ୍ତିତୱତୀ ୱ୍ୟଗ୍ରା ଚାସି,
2a0a2a0105	କିନ୍ତୁ ପ୍ରଯୋଜନୀଯମ୍ ଏକମାତ୍ରମ୍ ଆସ୍ତେ| ଅପରଞ୍ଚ ଯମୁତ୍ତମଂ ଭାଗଂ କୋପି ହର୍ତ୍ତୁଂ ନ ଶକ୍ନୋତି ସଏୱ ମରିଯମା ୱୃତଃ|
2a0b0101c4	ଅନନ୍ତରଂ ସ କସ୍ମିଂଶ୍ଚିତ୍ ସ୍ଥାନେ ପ୍ରାର୍ଥଯତ ତତ୍ସମାପ୍ତୌ ସତ୍ୟାଂ ତସ୍ୟୈକଃ ଶିଷ୍ୟସ୍ତଂ ଜଗାଦ ହେ ପ୍ରଭୋ ଯୋହନ୍ ଯଥା ସ୍ୱଶିଷ୍ୟାନ୍ ପ୍ରାର୍ଥଯିତୁମ୍ ଉପଦିଷ୍ଟୱାନ୍ ତଥା ଭୱାନପ୍ୟସ୍ମାନ୍ ଉପଦିଶତୁ|
2a0b0201b9	ତସ୍ମାତ୍ ସ କଥଯାମାସ, ପ୍ରାର୍ଥନକାଲେ ଯୂଯମ୍ ଇତ୍ଥଂ କଥଯଧ୍ୱଂ, ହେ ଅସ୍ମାକଂ ସ୍ୱର୍ଗସ୍ଥପିତସ୍ତୱ ନାମ ପୂଜ୍ୟଂ ଭୱତୁ; ତୱ ରାଜତ୍ୱଂ ଭୱତୁ; ସ୍ୱର୍ଗେ ଯଥା ତଥା ପୃଥିୱ୍ୟାମପି ତୱେଚ୍ଛଯା ସର୍ୱ୍ୱଂ ଭୱତୁ|
2a0b030071	ପ୍ରତ୍ୟହମ୍ ଅସ୍ମାକଂ ପ୍ରଯୋଜନୀଯଂ ଭୋଜ୍ୟଂ ଦେହି|
2a0b040136	ଯଥା ୱଯଂ ସର୍ୱ୍ୱାନ୍ ଅପରାଧିନଃ କ୍ଷମାମହେ ତଥା ତ୍ୱମପି ପାପାନ୍ୟସ୍ମାକଂ କ୍ଷମସ୍ୱ| ଅସ୍ମାନ୍ ପରୀକ୍ଷାଂ ମାନଯ କିନ୍ତୁ ପାପାତ୍ମନୋ ରକ୍ଷ|
2a0b050101	ପଶ୍ଚାତ୍ ସୋପରମପି କଥିତୱାନ୍ ଯଦି ଯୁଷ୍ମାକଂ କସ୍ୟଚିଦ୍ ବନ୍ଧୁସ୍ତିଷ୍ଠତି ନିଶୀଥେ ଚ ତସ୍ୟ ସମୀପଂ ସ ଗତ୍ୱା ୱଦତି,
2a0b060152	ହେ ବନ୍ଧୋ ପଥିକ ଏକୋ ବନ୍ଧୁ ର୍ମମ ନିୱେଶନମ୍ ଆଯାତଃ କିନ୍ତୁ ତସ୍ୟାତିଥ୍ୟଂ କର୍ତ୍ତୁଂ ମମାନ୍ତିକେ କିମପି ନାସ୍ତି, ଅତଏୱ ପୂପତ୍ରଯଂ ମହ୍ୟମ୍ ଋଣଂ ଦେହି;
2a0b070160	ତଦା ସ ଯଦି ଗୃହମଧ୍ୟାତ୍ ପ୍ରତିୱଦତି ମାଂ ମା କ୍ଲିଶାନ, ଇଦାନୀଂ ଦ୍ୱାରଂ ରୁଦ୍ଧଂ ଶଯନେ ମଯା ସହ ବାଲକାଶ୍ଚ ତିଷ୍ଠନ୍ତି ତୁଭ୍ୟଂ ଦାତୁମ୍ ଉତ୍ଥାତୁଂ ନ ଶକ୍ନୋମି,
2a0b080184	ତର୍ହି ଯୁଷ୍ମାନହଂ ୱଦାମି, ସ ଯଦି ମିତ୍ରତଯା ତସ୍ମୈ କିମପି ଦାତୁଂ ନୋତ୍ତିଷ୍ଠତି ତଥାପି ୱାରଂ ୱାରଂ ପ୍ରାର୍ଥନାତ ଉତ୍ଥାପିତଃ ସନ୍ ଯସ୍ମିନ୍ ତସ୍ୟ ପ୍ରଯୋଜନଂ ତଦେୱ ଦାସ୍ୟତି|
2a0b090152	ଅତଃ କାରଣାତ୍ କଥଯାମି, ଯାଚଧ୍ୱଂ ତତୋ ଯୁଷ୍ମଭ୍ୟଂ ଦାସ୍ୟତେ, ମୃଗଯଧ୍ୱଂ ତତ ଉଦ୍ଦେଶଂ ପ୍ରାପ୍ସ୍ୟଥ, ଦ୍ୱାରମ୍ ଆହତ ତତୋ ଯୁଷ୍ମଭ୍ୟଂ ଦ୍ୱାରଂ ମୋକ୍ଷ୍ୟତେ|
2a0b0a0101	ଯୋ ଯାଚତେ ସ ପ୍ରାପ୍ନୋତି, ଯୋ ମୃଗଯତେ ସ ଏୱୋଦ୍ଦେଶଂ ପ୍ରାପ୍ନୋତି, ଯୋ ଦ୍ୱାରମ୍ ଆହନ୍ତି ତଦର୍ଥଂ ଦ୍ୱାରଂ ମୋଚ୍ୟତେ|
2a0b0b00c8	ପୁତ୍ରେଣ ପୂପେ ଯାଚିତେ ତସ୍ମୈ ପାଷାଣଂ ଦଦାତି ୱା ମତ୍ସ୍ୟେ ଯାଚିତେ ତସ୍ମୈ ସର୍ପଂ ଦଦାତି
2a0b0c00bf	ୱା ଅଣ୍ଡେ ଯାଚିତେ ତସ୍ମୈ ୱୃଶ୍ଚିକଂ ଦଦାତି ଯୁଷ୍ମାକଂ ମଧ୍ୟେ କ ଏତାଦୃଶଃ ପିତାସ୍ତେ?
2a0b0d0192	ତସ୍ମାଦେୱ ଯୂଯମଭଦ୍ରା ଅପି ଯଦି ସ୍ୱସ୍ୱବାଲକେଭ୍ୟ ଉତ୍ତମାନି ଦ୍ରୱ୍ୟାଣି ଦାତୁଂ ଜାନୀଥ ତର୍ହ୍ୟସ୍ମାକଂ ସ୍ୱର୍ଗସ୍ଥଃ ପିତା ନିଜଯାଚକେଭ୍ୟଃ କିଂ ପୱିତ୍ରମ୍ ଆତ୍ମାନଂ ନ ଦାସ୍ୟତି?
2a0b0e0166	ଅନନ୍ତରଂ ଯୀଶୁନା କସ୍ମାଚ୍ଚିଦ୍ ଏକସ୍ମିନ୍ ମୂକଭୂତେ ତ୍ୟାଜିତେ ସତି ସ ଭୂତତ୍ୟକ୍ତୋ ମାନୁଷୋ ୱାକ୍ୟଂ ୱକ୍ତୁମ୍ ଆରେଭେ; ତତୋ ଲୋକାଃ ସକଲା ଆଶ୍ଚର୍ୟ୍ୟଂ ମେନିରେ|
2a0b0f00c9	କିନ୍ତୁ ତେଷାଂ କେଚିଦୂଚୁ ର୍ଜନୋଯଂ ବାଲସିବୂବା ଅର୍ଥାଦ୍ ଭୂତରାଜେନ ଭୂତାନ୍ ତ୍ୟାଜଯତି|
2a0b1000c9	ତଂ ପରୀକ୍ଷିତୁଂ କେଚିଦ୍ ଆକାଶୀଯମ୍ ଏକଂ ଚିହ୍ନଂ ଦର୍ଶଯିତୁଂ ତଂ ପ୍ରାର୍ଥଯାଞ୍ଚକ୍ରିରେ|
2a0b1101d3	ତଦା ସ ତେଷାଂ ମନଃକଲ୍ପନାଂ ଜ୍ଞାତ୍ୱା କଥଯାମାସ, କସ୍ୟଚିଦ୍ ରାଜ୍ୟସ୍ୟ ଲୋକା ଯଦି ପରସ୍ପରଂ ୱିରୁନ୍ଧନ୍ତି ତର୍ହି ତଦ୍ ରାଜ୍ୟମ୍ ନଶ୍ୟତି; କେଚିଦ୍ ଗୃହସ୍ଥା ଯଦି ପରସ୍ପରଂ ୱିରୁନ୍ଧନ୍ତି ତର୍ହି ତେପି ନଶ୍ୟନ୍ତି|
2a0b120127	ତଥୈୱ ଶୈତାନପି ସ୍ୱଲୋକାନ୍ ଯଦି ୱିରୁଣଦ୍ଧି ତଦା ତସ୍ୟ ରାଜ୍ୟଂ କଥଂ ସ୍ଥାସ୍ୟତି? ବାଲସିବୂବାହଂ ଭୂତାନ୍ ତ୍ୟାଜଯାମି ଯୂଯମିତି ୱଦଥ|
2a0b13014e	ଯଦ୍ୟହଂ ବାଲସିବୂବା ଭୂତାନ୍ ତ୍ୟାଜଯାମି ତର୍ହି ଯୁଷ୍ମାକଂ ସନ୍ତାନାଃ କେନ ତ୍ୟାଜଯନ୍ତି? ତସ୍ମାତ୍ ତଏୱ କଥାଯା ଏତସ୍ୟା ୱିଚାରଯିତାରୋ ଭୱିଷ୍ୟନ୍ତି|
2a0b140123	କିନ୍ତୁ ଯଦ୍ୟହମ୍ ଈଶ୍ୱରସ୍ୟ ପରାକ୍ରମେଣ ଭୂତାନ୍ ତ୍ୟାଜଯାମି ତର୍ହି ଯୁଷ୍ମାକଂ ନିକଟମ୍ ଈଶ୍ୱରସ୍ୟ ରାଜ୍ୟମୱଶ୍ୟମ୍ ଉପତିଷ୍ଠତି|
2a0b150104	ବଲୱାନ୍ ପୁମାନ୍ ସୁସଜ୍ଜମାନୋ ଯତିକାଲଂ ନିଜାଟ୍ଟାଲିକାଂ ରକ୍ଷତି ତତିକାଲଂ ତସ୍ୟ ଦ୍ରୱ୍ୟଂ ନିରୁପଦ୍ରୱଂ ତିଷ୍ଠତି|
2a0b16017b	କିନ୍ତୁ ତସ୍ମାଦ୍ ଅଧିକବଲଃ କଶ୍ଚିଦାଗତ୍ୟ ଯଦି ତଂ ଜଯତି ତର୍ହି ଯେଷୁ ଶସ୍ତ୍ରାସ୍ତ୍ରେଷୁ ତସ୍ୟ ୱିଶ୍ୱାସ ଆସୀତ୍ ତାନି ସର୍ୱ୍ୱାଣି ହୃତ୍ୱା ତସ୍ୟ ଦ୍ରୱ୍ୟାଣି ଗୃହ୍ଲାତି|
2a0b1700b5	ଅତଃ କାରଣାଦ୍ ଯୋ ମମ ସପକ୍ଷୋ ନ ସ ୱିପକ୍ଷଃ, ଯୋ ମଯା ସହ ନ ସଂଗୃହ୍ଲାତି ସ ୱିକିରତି|
2a0b1801ab	ଅପରଞ୍ଚ ଅମେଧ୍ୟଭୂତୋ ମାନୁଷସ୍ୟାନ୍ତର୍ନିର୍ଗତ୍ୟ ଶୁଷ୍କସ୍ଥାନେ ଭ୍ରାନ୍ତ୍ୱା ୱିଶ୍ରାମଂ ମୃଗଯତେ କିନ୍ତୁ ନ ପ୍ରାପ୍ୟ ୱଦତି ମମ ଯସ୍ମାଦ୍ ଗୃହାଦ୍ ଆଗତୋହଂ ପୁନସ୍ତଦ୍ ଗୃହଂ ପରାୱୃତ୍ୟ ଯାମି|
2a0b19007b	ତତୋ ଗତ୍ୱା ତଦ୍ ଗୃହଂ ମାର୍ଜିତଂ ଶୋଭିତଞ୍ଚ ଦୃଷ୍ଟ୍ୱା
2a0b1a019a	ତତ୍କ୍ଷଣମ୍ ଅପଗତ୍ୟ ସ୍ୱସ୍ମାଦପି ଦୁର୍ମ୍ମତୀନ୍ ଅପରାନ୍ ସପ୍ତଭୂତାନ୍ ସହାନଯତି ତେ ଚ ତଦ୍ଗୃହଂ ପୱିଶ୍ୟ ନିୱସନ୍ତି| ତସ୍ମାତ୍ ତସ୍ୟ ମନୁଷ୍ୟସ୍ୟ ପ୍ରଥମଦଶାତଃ ଶେଷଦଶା ଦୁଃଖତରା ଭୱତି|
2a0b1b0159	ଅସ୍ୟାଃ କଥାଯାଃ କଥନକାଲେ ଜନତାମଧ୍ୟସ୍ଥା କାଚିନ୍ନାରୀ ତମୁଚ୍ଚୈଃସ୍ୱରଂ ପ୍ରୋୱାଚ, ଯା ଯୋଷିତ୍ ତ୍ୱାଂ ଗର୍ବ୍ଭେଽଧାରଯତ୍ ସ୍ତନ୍ୟମପାଯଯଚ୍ଚ ସୈୱ ଧନ୍ୟା|
2a0b1c00c7	କିନ୍ତୁ ସୋକଥଯତ୍ ଯେ ପରମେଶ୍ୱରସ୍ୟ କଥାଂ ଶ୍ରୁତ୍ୱା ତଦନୁରୂପମ୍ ଆଚରନ୍ତି ତଏୱ ଧନ୍ୟାଃ|
2a0b1d01f3	ତତଃ ପରଂ ତସ୍ୟାନ୍ତିକେ ବହୁଲୋକାନାଂ ସମାଗମେ ଜାତେ ସ ୱକ୍ତୁମାରେଭେ, ଆଧୁନିକା ଦୁଷ୍ଟଲୋକାଶ୍ଚିହ୍ନଂ ଦ୍ରଷ୍ଟୁମିଚ୍ଛନ୍ତି କିନ୍ତୁ ଯୂନସ୍ଭୱିଷ୍ୟଦ୍ୱାଦିନଶ୍ଚିହ୍ନଂ ୱିନାନ୍ୟତ୍ କିଞ୍ଚିଚ୍ଚିହ୍ନଂ ତାନ୍ ନ ଦର୍ଶଯିଷ୍ୟତେ|
2a0b1e013c	ଯୂନସ୍ ତୁ ଯଥା ନୀନିୱୀଯଲୋକାନାଂ ସମୀପେ ଚିହ୍ନରୂପୋଭୱତ୍ ତଥା ୱିଦ୍ୟମାନଲୋକାନାମ୍ ଏଷାଂ ସମୀପେ ମନୁଷ୍ୟପୁତ୍ରୋପି ଚିହ୍ନରୂପୋ ଭୱିଷ୍ୟତି|
2a0b1f0258	ୱିଚାରସମଯେ ଇଦାନୀନ୍ତନଲୋକାନାଂ ପ୍ରାତିକୂଲ୍ୟେନ ଦକ୍ଷିଣଦେଶୀଯା ରାଜ୍ଞୀ ପ୍ରୋତ୍ଥାଯ ତାନ୍ ଦୋଷିଣଃ କରିଷ୍ୟତି, ଯତଃ ସା ରାଜ୍ଞୀ ସୁଲେମାନ ଉପଦେଶକଥାଂ ଶ୍ରୋତୁଂ ପୃଥିୱ୍ୟାଃ ସୀମାତ ଆଗଚ୍ଛତ୍ କିନ୍ତୁ ପଶ୍ୟତ ସୁଲେମାନୋପି ଗୁରୁତର ଏକୋ ଜନୋଽସ୍ମିନ୍ ସ୍ଥାନେ ୱିଦ୍ୟତେ|
2a0b200256	ଅପରଞ୍ଚ ୱିଚାରସମଯେ ନୀନିୱୀଯଲୋକା ଅପି ୱର୍ତ୍ତମାନକାଲିକାନାଂ ଲୋକାନାଂ ୱୈପରୀତ୍ୟେନ ପ୍ରୋତ୍ଥାଯ ତାନ୍ ଦୋଷିଣଃ କରିଷ୍ୟନ୍ତି, ଯତୋ ହେତୋସ୍ତେ ଯୂନସୋ ୱାକ୍ୟାତ୍ ଚିତ୍ତାନି ପରିୱର୍ତ୍ତଯାମାସୁଃ କିନ୍ତୁ ପଶ୍ୟତ ଯୂନସୋତିଗୁରୁତର ଏକୋ ଜନୋଽସ୍ମିନ୍ ସ୍ଥାନେ ୱିଦ୍ୟତେ|
2a0b21016e	ପ୍ରଦୀପଂ ପ୍ରଜ୍ୱାଲ୍ୟ ଦ୍ରୋଣସ୍ୟାଧଃ କୁତ୍ରାପି ଗୁପ୍ତସ୍ଥାନେ ୱା କୋପି ନ ସ୍ଥାପଯତି କିନ୍ତୁ ଗୃହପ୍ରୱେଶିଭ୍ୟୋ ଦୀପ୍ତିଂ ଦାତଂ ଦୀପାଧାରୋପର୍ୟ୍ୟେୱ ସ୍ଥାପଯତି|
2a0b2201d3	ଦେହସ୍ୟ ପ୍ରଦୀପଶ୍ଚକ୍ଷୁସ୍ତସ୍ମାଦେୱ ଚକ୍ଷୁ ର୍ୟଦି ପ୍ରସନ୍ନଂ ଭୱତି ତର୍ହି ତୱ ସର୍ୱ୍ୱଶରୀରଂ ଦୀପ୍ତିମଦ୍ ଭୱିଷ୍ୟତି କିନ୍ତୁ ଚକ୍ଷୁ ର୍ୟଦି ମଲୀମସଂ ତିଷ୍ଠତି ତର୍ହି ସର୍ୱ୍ୱଶରୀରଂ ସାନ୍ଧକାରଂ ସ୍ଥାସ୍ୟତି|
2a0b2300cd	ଅସ୍ମାତ୍ କାରଣାତ୍ ତୱାନ୍ତଃସ୍ଥଂ ଜ୍ୟୋତି ର୍ୟଥାନ୍ଧକାରମଯଂ ନ ଭୱତି ତଦର୍ଥେ ସାୱଧାନୋ ଭୱ|
2a0b24019f	ଯତଃ ଶରୀରସ୍ୟ କୁତ୍ରାପ୍ୟଂଶେ ସାନ୍ଧକାରେ ନ ଜାତେ ସର୍ୱ୍ୱଂ ଯଦି ଦୀପ୍ତିମତ୍ ତିଷ୍ଠତି ତର୍ହି ତୁଭ୍ୟଂ ଦୀପ୍ତିଦାଯିପ୍ରୋଜ୍ଜ୍ୱଲନ୍ ପ୍ରଦୀପ ଇୱ ତୱ ସୱର୍ୱଶରୀରଂ ଦୀପ୍ତିମଦ୍ ଭୱିଷ୍ୟତି|
2a0b2500e4	ଏତତ୍କଥାଯାଃ କଥନକାଲେ ଫିରୁଶ୍ୟେକୋ ଭେଜନାଯ ତଂ ନିମନ୍ତ୍ରଯାମାସ, ତତଃ ସ ଗତ୍ୱା ଭୋକ୍ତୁମ୍ ଉପୱିୱେଶ|
2a0b2600d2	କିନ୍ତୁ ଭୋଜନାତ୍ ପୂର୍ୱ୍ୱଂ ନାମାଙ୍କ୍ଷୀତ୍ ଏତଦ୍ ଦୃଷ୍ଟ୍ୱା ସ ଫିରୁଶ୍ୟାଶ୍ଚର୍ୟ୍ୟଂ ମେନେ|
2a0b2701aa	ତଦା ପ୍ରଭୁସ୍ତଂ ପ୍ରୋୱାଚ ଯୂଯଂ ଫିରୂଶିଲୋକାଃ ପାନପାତ୍ରାଣାଂ ଭୋଜନପାତ୍ରାଣାଞ୍ଚ ବହିଃ ପରିଷ୍କୁରୁଥ କିନ୍ତୁ ଯୁଷ୍ମାକମନ୍ତ ର୍ଦୌରାତ୍ମ୍ୟୈ ର୍ଦୁଷ୍କ୍ରିଯାଭିଶ୍ଚ ପରିପୂର୍ଣଂ ତିଷ୍ଠତି|
2a0b280092	ହେ ସର୍ୱ୍ୱେ ନିର୍ବୋଧା ଯୋ ବହିଃ ସସର୍ଜ ସ ଏୱ କିମନ୍ତ ର୍ନ ସସର୍ଜ?
2a0b290103	ତତ ଏୱ ଯୁଷ୍ମାଭିରନ୍ତଃକରଣଂ (ଈଶ୍ୱରାଯ) ନିୱେଦ୍ୟତାଂ ତସ୍ମିନ୍ କୃତେ ଯୁଷ୍ମାକଂ ସର୍ୱ୍ୱାଣି ଶୁଚିତାଂ ଯାସ୍ୟନ୍ତି|
2a0b2a01e3	କିନ୍ତୁ ହନ୍ତ ଫିରୂଶିଗଣା ଯୂଯଂ ନ୍ୟାଯମ୍ ଈଶ୍ୱରେ ପ୍ରେମ ଚ ପରିତ୍ୟଜ୍ୟ ପୋଦିନାଯା ଅରୁଦାଦୀନାଂ ସର୍ୱ୍ୱେଷାଂ ଶାକାନାଞ୍ଚ ଦଶମାଂଶାନ୍ ଦତ୍ଥ କିନ୍ତୁ ପ୍ରଥମଂ ପାଲଯିତ୍ୱା ଶେଷସ୍ୟାଲଙ୍ଘନଂ ଯୁଷ୍ମାକମ୍ ଉଚିତମାସୀତ୍|
2a0b2b00be	ହା ହା ଫିରୂଶିନୋ ଯୂଯଂ ଭଜନଗେହେ ପ୍ରୋଚ୍ଚାସନେ ଆପଣେଷୁ ଚ ନମସ୍କାରେଷୁ ପ୍ରୀଯଧ୍ୱେ|
2a0b2c0128	ୱତ କପଟିନୋଽଧ୍ୟାପକାଃ ଫିରୂଶିନଶ୍ଚ ଲୋକାଯତ୍ ଶ୍ମଶାନମ୍ ଅନୁପଲଭ୍ୟ ତଦୁପରି ଗଚ୍ଛନ୍ତି ଯୂଯମ୍ ତାଦୃଗପ୍ରକାଶିତଶ୍ମଶାନୱାଦ୍ ଭୱଥ|
2a0b2d00ee	ତଦାନୀଂ ୱ୍ୟୱସ୍ଥାପକାନାମ୍ ଏକା ଯୀଶୁମୱଦତ୍, ହେ ଉପଦେଶକ ୱାକ୍ୟେନେଦୃଶେନାସ୍ମାସ୍ୱପି ଦୋଷମ୍ ଆରୋପଯସି|
2a0b2e0155	ତତଃ ସ ଉୱାଚ, ହା ହା ୱ୍ୟୱସ୍ଥାପକା ଯୂଯମ୍ ମାନୁଷାଣାମ୍ ଉପରି ଦୁଃସହ୍ୟାନ୍ ଭାରାନ୍ ନ୍ୟସ୍ୟଥ କିନ୍ତୁ ସ୍ୱଯମ୍ ଏକାଙ୍ଗୁଲ୍ୟାପି ତାନ୍ ଭାରାନ୍ ନ ସ୍ପୃଶଥ|
2a0b2f00f2	ହନ୍ତ ଯୁଷ୍ମାକଂ ପୂର୍ୱ୍ୱପୁରୁଷା ଯାନ୍ ଭୱିଷ୍ୟଦ୍ୱାଦିନୋଽୱଧିଷୁସ୍ତେଷାଂ ଶ୍ମଶାନାନି ଯୂଯଂ ନିର୍ମ୍ମାଥ|
2a0b300151	ତେନୈୱ ଯୂଯଂ ସ୍ୱପୂର୍ୱ୍ୱପୁରୁଷାଣାଂ କର୍ମ୍ମାଣି ସଂମନ୍ୟଧ୍ୱେ ତଦେୱ ସପ୍ରମାଣଂ କୁରୁଥ ଚ, ଯତସ୍ତେ ତାନୱଧିଷୁଃ ଯୂଯଂ ତେଷାଂ ଶ୍ମଶାନାନି ନିର୍ମ୍ମାଥ|
2a0b310194	ଅତଏୱ ଈଶ୍ୱରସ୍ୟ ଶାସ୍ତ୍ରେ ପ୍ରୋକ୍ତମସ୍ତି ତେଷାମନ୍ତିକେ ଭୱିଷ୍ୟଦ୍ୱାଦିନଃ ପ୍ରେରିତାଂଶ୍ଚ ପ୍ରେଷଯିଷ୍ୟାମି ତତସ୍ତେ ତେଷାଂ କାଂଶ୍ଚନ ହନିଷ୍ୟନ୍ତି କାଂଶ୍ଚନ ତାଡଶ୍ଷ୍ୟିନ୍ତି|
2a0b320113	ଏତସ୍ମାତ୍ କାରଣାତ୍ ହାବିଲଃ ଶୋଣିତପାତମାରଭ୍ୟ ମନ୍ଦିରଯଜ୍ଞୱେଦ୍ୟୋ ର୍ମଧ୍ୟେ ହତସ୍ୟ ସିଖରିଯସ୍ୟ ରକ୍ତପାତପର୍ୟ୍ୟନ୍ତଂ
2a0b3301ec	ଜଗତଃ ସୃଷ୍ଟିମାରଭ୍ୟ ପୃଥିୱ୍ୟାଂ ଭୱିଷ୍ୟଦ୍ୱାଦିନାଂ ଯତିରକ୍ତପାତା ଜାତାସ୍ତତୀନାମ୍ ଅପରାଧଦଣ୍ଡା ଏଷାଂ ୱର୍ତ୍ତମାନଲୋକାନାଂ ଭୱିଷ୍ୟନ୍ତି, ଯୁଷ୍ମାନହଂ ନିଶ୍ଚିତଂ ୱଦାମି ସର୍ୱ୍ୱେ ଦଣ୍ଡା ୱଂଶସ୍ୟାସ୍ୟ ଭୱିଷ୍ୟନ୍ତି|
2a0b34014a	ହା ହା ୱ୍ୟୱସ୍ଥପକା ଯୂଯଂ ଜ୍ଞାନସ୍ୟ କୁଞ୍ଚିକାଂ ହୃତ୍ୱା ସ୍ୱଯଂ ନ ପ୍ରୱିଷ୍ଟା ଯେ ପ୍ରୱେଷ୍ଟୁଞ୍ଚ ପ୍ରଯାସିନସ୍ତାନପି ପ୍ରୱେଷ୍ଟୁଂ ୱାରିତୱନ୍ତଃ|
2a0b35007c	ଇତ୍ଥଂ କଥାକଥନାଦ୍ ଅଧ୍ୟାପକାଃ ଫିରୂଶିନଶ୍ଚ ସତର୍କାଃ
2a0b360121	ସନ୍ତସ୍ତମପୱଦିତୁଂ ତସ୍ୟ କଥାଯା ଦୋଷଂ ଧର୍ତ୍ତମିଚ୍ଛନ୍ତୋ ନାନାଖ୍ୟାନକଥନାଯ ତଂ ପ୍ରୱର୍ତ୍ତଯିତୁଂ କୋପଯିତୁଞ୍ଚ ପ୍ରାରେଭିରେ|
2a0c0101cb	ତଦାନୀଂ ଲୋକାଃ ସହସ୍ରଂ ସହସ୍ରମ୍ ଆଗତ୍ୟ ସମୁପସ୍ଥିତାସ୍ତତ ଏକୈକୋ ଽନ୍ୟେଷାମୁପରି ପତିତୁମ୍ ଉପଚକ୍ରମେ; ତଦା ଯୀଶୁଃ ଶିଷ୍ୟାନ୍ ବଭାଷେ, ଯୂଯଂ ଫିରୂଶିନାଂ କିଣ୍ୱରୂପକାପଟ୍ୟେ ୱିଶେଷେଣ ସାୱଧାନାସ୍ତିଷ୍ଠତ|
2a0c020115	ଯତୋ ଯନ୍ନ ପ୍ରକାଶଯିଷ୍ୟତେ ତଦାଚ୍ଛନ୍ନଂ ୱସ୍ତୁ କିମପି ନାସ୍ତି; ତଥା ଯନ୍ନ ଜ୍ଞାସ୍ୟତେ ତଦ୍ ଗୁପ୍ତଂ ୱସ୍ତୁ କିମପି ନାସ୍ତି|
2a0c030149	ଅନ୍ଧକାରେ ତିଷ୍ଠନତୋ ଯାଃ କଥା ଅକଥଯତ ତାଃ ସର୍ୱ୍ୱାଃ କଥା ଦୀପ୍ତୌ ଶ୍ରୋଷ୍ୟନ୍ତେ ନିର୍ଜନେ କର୍ଣେ ଚ ଯଦକଥଯତ ଗୃହପୃଷ୍ଠାତ୍ ତତ୍ ପ୍ରଚାରଯିଷ୍ୟତେ|
2a0c040100	ହେ ବନ୍ଧୱୋ ଯୁଷ୍ମାନହଂ ୱଦାମି, ଯେ ଶରୀରସ୍ୟ ନାଶଂ ୱିନା କିମପ୍ୟପରଂ କର୍ତ୍ତୁଂ ନ ଶକ୍ରୁୱନ୍ତି ତେଭ୍ୟୋ ମା ଭୈଷ୍ଟ|
2a0c050165	ତର୍ହି କସ୍ମାଦ୍ ଭେତୱ୍ୟମ୍ ଇତ୍ୟହଂ ୱଦାମି, ଯଃ ଶରୀରଂ ନାଶଯିତ୍ୱା ନରକଂ ନିକ୍ଷେପ୍ତୁଂ ଶକ୍ନୋତି ତସ୍ମାଦେୱ ଭଯଂ କୁରୁତ, ପୁନରପି ୱଦାମି ତସ୍ମାଦେୱ ଭଯଂ କୁରୁତ|
2a0c060108	ପଞ୍ଚ ଚଟକପକ୍ଷିଣଃ କିଂ ଦ୍ୱାଭ୍ୟାଂ ତାମ୍ରଖଣ୍ଡାଭ୍ୟାଂ ନ ୱିକ୍ରୀଯନ୍ତେ? ତଥାପୀଶ୍ୱରସ୍ତେଷାମ୍ ଏକମପି ନ ୱିସ୍ମରତି|
2a0c0700ec	ଯୁଷ୍ମାକଂ ଶିରଃକେଶା ଅପି ଗଣିତାଃ ସନ୍ତି ତସ୍ମାତ୍ ମା ୱିଭୀତ ବହୁଚଟକପକ୍ଷିଭ୍ୟୋପି ଯୂଯଂ ବହୁମୂଲ୍ୟାଃ|
2a0c080140	ଅପରଂ ଯୁଷ୍ମଭ୍ୟଂ କଥଯାମି ଯଃ କଶ୍ଚିନ୍ ମାନୁଷାଣାଂ ସାକ୍ଷାନ୍ ମାଂ ସ୍ୱୀକରୋତି ମନୁଷ୍ୟପୁତ୍ର ଈଶ୍ୱରଦୂତାନାଂ ସାକ୍ଷାତ୍ ତଂ ସ୍ୱୀକରିଷ୍ୟତି|
2a0c090119	କିନ୍ତୁ ଯଃ କଶ୍ଚିନ୍ମାନୁଷାଣାଂ ସାକ୍ଷାନ୍ମାମ୍ ଅସ୍ୱୀକରୋତି ତମ୍ ଈଶ୍ୱରସ୍ୟ ଦୂତାନାଂ ସାକ୍ଷାଦ୍ ଅହମ୍ ଅସ୍ୱୀକରିଷ୍ୟାମି|
2a0c0a01da	ଅନ୍ୟଚ୍ଚ ଯଃ କଶ୍ଚିନ୍ ମନୁଜସୁତସ୍ୟ ନିନ୍ଦାଭାୱେନ କାଞ୍ଚିତ୍ କଥାଂ କଥଯତି ତସ୍ୟ ତତ୍ପାପସ୍ୟ ମୋଚନଂ ଭୱିଷ୍ୟତି କିନ୍ତୁ ଯଦି କଶ୍ଚିତ୍ ପୱିତ୍ରମ୍ ଆତ୍ମାନଂ ନିନ୍ଦତି ତର୍ହି ତସ୍ୟ ତତ୍ପାପସ୍ୟ ମୋଚନଂ ନ ଭୱିଷ୍ୟତି|
2a0c0b017c	ଯଦା ଲୋକା ଯୁଷ୍ମାନ୍ ଭଜନଗେହଂ ୱିଚାରକର୍ତୃରାଜ୍ୟକର୍ତୃଣାଂ ସମ୍ମୁଖଞ୍ଚ ନେଷ୍ୟନ୍ତି ତଦା କେନ ପ୍ରକାରେଣ କିମୁତ୍ତରଂ ୱଦିଷ୍ୟଥ କିଂ କଥଯିଷ୍ୟଥ ଚେତ୍ୟତ୍ର ମା ଚିନ୍ତଯତ;
2a0c0c00e6	ଯତୋ ଯୁଷ୍ମାଭିର୍ୟଦ୍ ଯଦ୍ ୱକ୍ତୱ୍ୟଂ ତତ୍ ତସ୍ମିନ୍ ସମଯଏୱ ପୱିତ୍ର ଆତ୍ମା ଯୁଷ୍ମାନ୍ ଶିକ୍ଷଯିଷ୍ୟତି|
2a0c0d0111	ତତଃ ପରଂ ଜନତାମଧ୍ୟସ୍ଥଃ କଶ୍ଚିଜ୍ଜନସ୍ତଂ ଜଗାଦ ହେ ଗୁରୋ ମଯା ସହ ପୈତୃକଂ ଧନଂ ୱିଭକ୍ତୁଂ ମମ ଭ୍ରାତରମାଜ୍ଞାପଯତୁ ଭୱାନ୍|
2a0c0e00d2	କିନ୍ତୁ ସ ତମୱଦତ୍ ହେ ମନୁଷ୍ୟ ଯୁୱଯୋ ର୍ୱିଚାରଂ ୱିଭାଗଞ୍ଚ କର୍ତ୍ତୁଂ ମାଂ କୋ ନିଯୁକ୍ତୱାନ୍?
2a0c0f0112	ଅନନ୍ତରଂ ସ ଲୋକାନୱଦତ୍ ଲୋଭେ ସାୱଧାନାଃ ସତର୍କାଶ୍ଚ ତିଷ୍ଠତ, ଯତୋ ବହୁସମ୍ପତ୍ତିପ୍ରାପ୍ତ୍ୟା ମନୁଷ୍ୟସ୍ୟାଯୁ ର୍ନ ଭୱତି|
2a0c1000d3	ପଶ୍ଚାଦ୍ ଦୃଷ୍ଟାନ୍ତକଥାମୁତ୍ଥାପ୍ୟ କଥଯାମାସ, ଏକସ୍ୟ ଧନିନୋ ଭୂମୌ ବହୂନି ଶସ୍ୟାନି ଜାତାନି|
2a0c11011e	ତତଃ ସ ମନସା ଚିନ୍ତଯିତ୍ୱା କଥଯାମ୍ବଭୂୱ ମମୈତାନି ସମୁତ୍ପନ୍ନାନି ଦ୍ରୱ୍ୟାଣି ସ୍ଥାପଯିତୁଂ ସ୍ଥାନଂ ନାସ୍ତି କିଂ କରିଷ୍ୟାମି?
2a0c120170	ତତୋୱଦଦ୍ ଇତ୍ଥଂ କରିଷ୍ୟାମି, ମମ ସର୍ୱ୍ୱଭାଣ୍ଡାଗାରାଣି ଭଙ୍କ୍ତ୍ୱା ବୃହଦ୍ଭାଣ୍ଡାଗାରାଣି ନିର୍ମ୍ମାଯ ତନ୍ମଧ୍ୟେ ସର୍ୱ୍ୱଫଲାନି ଦ୍ରୱ୍ୟାଣି ଚ ସ୍ଥାପଯିଷ୍ୟାମି|
2a0c130187	ଅପରଂ ନିଜମନୋ ୱଦିଷ୍ୟାମି, ହେ ମନୋ ବହୁୱତ୍ସରାର୍ଥଂ ନାନାଦ୍ରୱ୍ୟାଣି ସଞ୍ଚିତାନି ସନ୍ତି ୱିଶ୍ରାମଂ କୁରୁ ଭୁକ୍ତ୍ୱା ପୀତ୍ୱା କୌତୁକଞ୍ଚ କୁରୁ| କିନ୍ତ୍ୱୀଶ୍ୱରସ୍ତମ୍ ଅୱଦତ୍,
2a0c14012f	ରେ ନିର୍ବୋଧ ଅଦ୍ୟ ରାତ୍ରୌ ତୱ ପ୍ରାଣାସ୍ତ୍ୱତ୍ତୋ ନେଷ୍ୟନ୍ତେ ତତ ଏତାନି ଯାନି ଦ୍ରୱ୍ୟାଣି ତ୍ୱଯାସାଦିତାନି ତାନି କସ୍ୟ ଭୱିଷ୍ୟନ୍ତି?
2a0c1500ea	ଅତଏୱ ଯଃ କଶ୍ଚିଦ୍ ଈଶ୍ୱରସ୍ୟ ସମୀପେ ଧନସଞ୍ଚଯମକୃତ୍ୱା କେୱଲଂ ସ୍ୱନିକଟେ ସଞ୍ଚଯଂ କରୋତି ସୋପି ତାଦୃଶଃ|
2a0c160159	ଅଥ ସ ଶିଷ୍ୟେଭ୍ୟଃ କଥଯାମାସ, ଯୁଷ୍ମାନହଂ ୱଦାମି, କିଂ ଖାଦିଷ୍ୟାମଃ? କିଂ ପରିଧାସ୍ୟାମଃ? ଇତ୍ୟୁକ୍ତ୍ୱା ଜୀୱନସ୍ୟ ଶରୀରସ୍ୟ ଚାର୍ଥଂ ଚିନ୍ତାଂ ମା କାର୍ଷ୍ଟ|
2a0c17007c	ଭକ୍ଷ୍ୟାଜ୍ଜୀୱନଂ ଭୂଷଣାଚ୍ଛରୀରଞ୍ଚ ଶ୍ରେଷ୍ଠଂ ଭୱତି|
2a0c1801d6	କାକପକ୍ଷିଣାଂ କାର୍ୟ୍ୟଂ ୱିଚାରଯତ, ତେ ନ ୱପନ୍ତି ଶସ୍ୟାନି ଚ ନ ଛିନ୍ଦନ୍ତି, ତେଷାଂ ଭାଣ୍ଡାଗାରାଣି ନ ସନ୍ତି କୋଷାଶ୍ଚ ନ ସନ୍ତି, ତଥାପୀଶ୍ୱରସ୍ତେଭ୍ୟୋ ଭକ୍ଷ୍ୟାଣି ଦଦାତି, ଯୂଯଂ ପକ୍ଷିଭ୍ୟଃ ଶ୍ରେଷ୍ଠତରା ନ କିଂ?
2a0c1900ff	ଅପରଞ୍ଚ ଭାୱଯିତ୍ୱା ନିଜାଯୁଷଃ କ୍ଷଣମାତ୍ରଂ ୱର୍ଦ୍ଧଯିତୁଂ ଶକ୍ନୋତି, ଏତାଦୃଶୋ ଲାକୋ ଯୁଷ୍ମାକଂ ମଧ୍ୟେ କୋସ୍ତି?
2a0c1a00d6	ଅତଏୱ କ୍ଷୁଦ୍ରଂ କାର୍ୟ୍ୟଂ ସାଧଯିତୁମ୍ ଅସମର୍ଥା ଯୂଯମ୍ ଅନ୍ୟସ୍ମିନ୍ କାର୍ୟ୍ୟେ କୁତୋ ଭାୱଯଥ?
2a0c1b020b	ଅନ୍ୟଚ୍ଚ କାମ୍ପିଲପୁଷ୍ପଂ କଥଂ ୱର୍ଦ୍ଧତେ ତଦାପି ୱିଚାରଯତ, ତତ୍ କଞ୍ଚନ ଶ୍ରମଂ ନ କରୋତି ତନ୍ତୂଂଶ୍ଚ ନ ଜନଯତି କିନ୍ତୁ ଯୁଷ୍ମଭ୍ୟଂ ଯଥାର୍ଥଂ କଥଯାମି ସୁଲେମାନ୍ ବହ୍ୱୈଶ୍ୱର୍ୟ୍ୟାନ୍ୱିତୋପି ପୁଷ୍ପସ୍ୟାସ୍ୟ ସଦୃଶୋ ୱିଭୂଷିତୋ ନାସୀତ୍|
2a0c1c0187	ଅଦ୍ୟ କ୍ଷେତ୍ରେ ୱର୍ତ୍ତମାନଂ ଶ୍ୱଶ୍ଚୂଲ୍ଲ୍ୟାଂ କ୍ଷେପ୍ସ୍ୟମାନଂ ଯତ୍ ତୃଣଂ, ତସ୍ମୈ ଯଦୀଶ୍ୱର ଇତ୍ଥଂ ଭୂଷଯତି ତର୍ହି ହେ ଅଲ୍ପପ୍ରତ୍ୟଯିନୋ ଯୁଷ୍ମାନ କିଂ ନ ପରିଧାପଯିଷ୍ୟତି?
2a0c1d00c9	ଅତଏୱ କିଂ ଖାଦିଷ୍ୟାମଃ? କିଂ ପରିଧାସ୍ୟାମଃ? ଏତଦର୍ଥଂ ମା ଚେଷ୍ଟଧ୍ୱଂ ମା ସଂଦିଗ୍ଧ୍ୱଞ୍ଚ|
2a0c1e0119	ଜଗତୋ ଦେୱାର୍ଚ୍ଚକା ଏତାନି ସର୍ୱ୍ୱାଣି ଚେଷ୍ଟନତେ; ଏଷୁ ୱସ୍ତୁଷୁ ଯୁଷ୍ମାକଂ ପ୍ରଯୋଜନମାସ୍ତେ ଇତି ଯୁଷ୍ମାକଂ ପିତା ଜାନାତି|
2a0c1f010c	ଅତଏୱେଶ୍ୱରସ୍ୟ ରାଜ୍ୟାର୍ଥଂ ସଚେଷ୍ଟା ଭୱତ ତଥା କୃତେ ସର୍ୱ୍ୱାଣ୍ୟେତାନି ଦ୍ରୱ୍ୟାଣି ଯୁଷ୍ମଭ୍ୟଂ ପ୍ରଦାଯିଷ୍ୟନ୍ତେ|
2a0c2000e0	ହେ କ୍ଷୁଦ୍ରମେଷୱ୍ରଜ ଯୂଯଂ ମା ଭୈଷ୍ଟ ଯୁଷ୍ମଭ୍ୟଂ ରାଜ୍ୟଂ ଦାତୁଂ ଯୁଷ୍ମାକଂ ପିତୁଃ ସମ୍ମତିରସ୍ତି|
2a0c2101bf	ଅତଏୱ ଯୁଷ୍ମାକଂ ଯା ଯା ସମ୍ପତ୍ତିରସ୍ତି ତାଂ ତାଂ ୱିକ୍ରୀଯ ୱିତରତ, ଯତ୍ ସ୍ଥାନଂ ଚୌରା ନାଗଚ୍ଛନ୍ତି, କୀଟାଶ୍ଚ ନ କ୍ଷାଯଯନ୍ତି ତାଦୃଶେ ସ୍ୱର୍ଗେ ନିଜାର୍ଥମ୍ ଅଜରେ ସମ୍ପୁଟକେ ଽକ୍ଷଯଂ ଧନଂ ସଞ୍ଚିନୁତ ଚ;
2a0c220089	ଯତୋ ଯତ୍ର ଯୁଷ୍ମାକଂ ଧନଂ ୱର୍ତ୍ତତେ ତତ୍ରେୱ ଯୁଷ୍ମାକଂ ମନଃ|
2a0c230086	ଅପରଞ୍ଚ ଯୂଯଂ ପ୍ରଦୀପଂ ଜ୍ୱାଲଯିତ୍ୱା ବଦ୍ଧକଟଯସ୍ତିଷ୍ଠତ;
2a0c240128	ପ୍ରଭୁ ର୍ୱିୱାହାଦାଗତ୍ୟ ଯଦୈୱ ଦ୍ୱାରମାହନ୍ତି ତଦୈୱ ଦ୍ୱାରଂ ମୋଚଯିତୁଂ ଯଥା ଭୃତ୍ୟା ଅପେକ୍ଷ୍ୟ ତିଷ୍ଠନ୍ତି ତଥା ଯୂଯମପି ତିଷ୍ଠତ|
2a0c2501c5	ଯତଃ ପ୍ରଭୁରାଗତ୍ୟ ଯାନ୍ ଦାସାନ୍ ସଚେତନାନ୍ ତିଷ୍ଠତୋ ଦ୍ରକ୍ଷ୍ୟତି ତଏୱ ଧନ୍ୟାଃ; ଅହଂ ଯୁଷ୍ମାନ୍ ଯଥାର୍ଥଂ ୱଦାମି ପ୍ରଭୁସ୍ତାନ୍ ଭୋଜନାର୍ଥମ୍ ଉପୱେଶ୍ୟ ସ୍ୱଯଂ ବଦ୍ଧକଟିଃ ସମୀପମେତ୍ୟ ପରିୱେଷଯିଷ୍ୟତି|
2a0c2600c1	ଯଦି ଦ୍ୱିତୀଯେ ତୃତୀଯେ ୱା ପ୍ରହରେ ସମାଗତ୍ୟ ତଥୈୱ ପଶ୍ୟତି, ତର୍ହି ତଏୱ ଦାସା ଧନ୍ୟାଃ|
2a0c270177	ଅପରଞ୍ଚ କସ୍ମିନ୍ କ୍ଷଣେ ଚୌରା ଆଗମିଷ୍ୟନ୍ତି ଇତି ଯଦି ଗୃହପତି ର୍ଜ୍ଞାତୁଂ ଶକ୍ନୋତି ତଦାୱଶ୍ୟଂ ଜାଗ୍ରନ୍ ନିଜଗୃହେ ସନ୍ଧିଂ କର୍ତ୍ତଯିତୁଂ ୱାରଯତି ଯୂଯମେତଦ୍ ୱିତ୍ତ|
2a0c28011d	ଅତଏୱ ଯୂଯମପି ସଜ୍ଜମାନାସ୍ତିଷ୍ଠତ ଯତୋ ଯସ୍ମିନ୍ କ୍ଷଣେ ତଂ ନାପ୍ରେକ୍ଷଧ୍ୱେ ତସ୍ମିନ୍ନେୱ କ୍ଷଣେ ମନୁଷ୍ୟପୁତ୍ର ଆଗମିଷ୍ୟତି|
2a0c29010d	ତଦା ପିତରଃ ପପ୍ରଚ୍ଛ, ହେ ପ୍ରଭୋ ଭୱାନ୍ କିମସ୍ମାନ୍ ଉଦ୍ଦିଶ୍ୟ କିଂ ସର୍ୱ୍ୱାନ୍ ଉଦ୍ଦିଶ୍ୟ ଦୃଷ୍ଟାନ୍ତକଥାମିମାଂ ୱଦତି?
2a0c2a0172	ତତଃ ପ୍ରଭୁଃ ପ୍ରୋୱାଚ, ପ୍ରଭୁଃ ସମୁଚିତକାଲେ ନିଜପରିୱାରାର୍ଥଂ ଭୋଜ୍ୟପରିୱେଷଣାଯ ଯଂ ତତ୍ପଦେ ନିଯୋକ୍ଷ୍ୟତି ତାଦୃଶୋ ୱିଶ୍ୱାସ୍ୟୋ ବୋଦ୍ଧା କର୍ମ୍ମାଧୀଶଃ କୋସ୍ତି?
2a0c2b00bd	ପ୍ରଭୁରାଗତ୍ୟ ଯମ୍ ଏତାଦୃଶେ କର୍ମ୍ମଣି ପ୍ରୱୃତ୍ତଂ ଦ୍ରକ୍ଷ୍ୟତି ସଏୱ ଦାସୋ ଧନ୍ୟଃ|
2a0c2c00b0	ଅହଂ ଯୁଷ୍ମାନ୍ ଯଥାର୍ଥଂ ୱଦାମି ସ ତଂ ନିଜସର୍ୱ୍ୱସ୍ୱସ୍ୟାଧିପତିଂ କରିଷ୍ୟତି|
2a0c2d0149	କିନ୍ତୁ ପ୍ରଭୁର୍ୱିଲମ୍ବେନାଗମିଷ୍ୟତି, ଇତି ୱିଚିନ୍ତ୍ୟ ସ ଦାସୋ ଯଦି ତଦନ୍ୟଦାସୀଦାସାନ୍ ପ୍ରହର୍ତ୍ତୁମ୍ ଭୋକ୍ତୁଂ ପାତୁଂ ମଦିତୁଞ୍ଚ ପ୍ରାରଭତେ,
2a0c2e01b5	ତର୍ହି ଯଦା ପ୍ରଭୁଂ ନାପେକ୍ଷିଷ୍ୟତେ ଯସ୍ମିନ୍ କ୍ଷଣେ ସୋଽଚେତନଶ୍ଚ ସ୍ଥାସ୍ୟତି ତସ୍ମିନ୍ନେୱ କ୍ଷଣେ ତସ୍ୟ ପ୍ରଭୁରାଗତ୍ୟ ତଂ ପଦଭ୍ରଷ୍ଟଂ କୃତ୍ୱା ୱିଶ୍ୱାସହୀନୈଃ ସହ ତସ୍ୟ ଅଂଶଂ ନିରୂପଯିଷ୍ୟତି|
2a0c2f013b	ଯୋ ଦାସଃ ପ୍ରଭେରାଜ୍ଞାଂ ଜ୍ଞାତ୍ୱାପି ସଜ୍ଜିତୋ ନ ତିଷ୍ଠତି ତଦାଜ୍ଞାନୁସାରେଣ ଚ କାର୍ୟ୍ୟଂ ନ କରୋତି ସୋନେକାନ୍ ପ୍ରହାରାନ୍ ପ୍ରାପ୍ସ୍ୟତି;
2a0c3001fc	କିନ୍ତୁ ଯୋ ଜନୋଽଜ୍ଞାତ୍ୱା ପ୍ରହାରାର୍ହଂ କର୍ମ୍ମ କରୋତି ସୋଲ୍ପପ୍ରହାରାନ୍ ପ୍ରାପ୍ସ୍ୟତି| ଯତୋ ଯସ୍ମୈ ବାହୁଲ୍ୟେନ ଦତ୍ତଂ ତସ୍ମାଦେୱ ବାହୁଲ୍ୟେନ ଗ୍ରହୀଷ୍ୟତେ, ମାନୁଷା ଯସ୍ୟ ନିକଟେ ବହୁ ସମର୍ପଯନ୍ତି ତସ୍ମାଦ୍ ବହୁ ଯାଚନ୍ତେ|
2a0c31010b	ଅହଂ ପୃଥିୱ୍ୟାମ୍ ଅନୈକ୍ୟରୂପଂ ୱହ୍ନି ନିକ୍ଷେପ୍ତୁମ୍ ଆଗତୋସ୍ମି, ସ ଚେଦ୍ ଇଦାନୀମେୱ ପ୍ରଜ୍ୱଲତି ତତ୍ର ମମ କା ଚିନ୍ତା?
2a0c320118	କିନ୍ତୁ ଯେନ ମଜ୍ଜନେନାହଂ ମଗ୍ନୋ ଭୱିଷ୍ୟାମି ଯାୱତ୍କାଲଂ ତସ୍ୟ ସିଦ୍ଧି ର୍ନ ଭୱିଷ୍ୟତି ତାୱଦହଂ କତିକଷ୍ଟଂ ପ୍ରାପ୍ସ୍ୟାମି|
2a0c330134	ମେଲନଂ କର୍ତ୍ତୁଂ ଜଗଦ୍ ଆଗତୋସ୍ମି ଯୂଯଂ କିମିତ୍ଥଂ ବୋଧଧ୍ୱେ? ଯୁଷ୍ମାନ୍ ୱଦାମି ନ ତଥା, କିନ୍ତ୍ୱହଂ ମେଲନାଭାୱଂ କର୍ତ୍ତୁଂମ୍ ଆଗତୋସ୍ମି|
2a0c340197	ଯସ୍ମାଦେତତ୍କାଲମାରଭ୍ୟ ଏକତ୍ରସ୍ଥପରିଜନାନାଂ ମଧ୍ୟେ ପଞ୍ଚଜନାଃ ପୃଥଗ୍ ଭୂତ୍ୱା ତ୍ରଯୋ ଜନା ଦ୍ୱଯୋର୍ଜନଯୋଃ ପ୍ରତିକୂଲା ଦ୍ୱୌ ଜନୌ ଚ ତ୍ରଯାଣାଂ ଜନାନାଂ ପ୍ରତିକୂଲୌ ଭୱିଷ୍ୟନ୍ତି|
2a0c3501d0	ପିତା ପୁତ୍ରସ୍ୟ ୱିପକ୍ଷଃ ପୁତ୍ରଶ୍ଚ ପିତୁ ର୍ୱିପକ୍ଷୋ ଭୱିଷ୍ୟତି ମାତା କନ୍ୟାଯା ୱିପକ୍ଷା କନ୍ୟା ଚ ମାତୁ ର୍ୱିପକ୍ଷା ଭୱିଷ୍ୟତି, ତଥା ଶ୍ୱଶ୍ରୂର୍ବଧ୍ୱା ୱିପକ୍ଷା ବଧୂଶ୍ଚ ଶ୍ୱଶ୍ର୍ୱା ୱିପକ୍ଷା ଭୱିଷ୍ୟତି|
2a0c360119	ସ ଲୋକେଭ୍ୟୋପରମପି କଥଯାମାସ, ପଶ୍ଚିମଦିଶି ମେଘୋଦ୍ଗମଂ ଦୃଷ୍ଟ୍ୱା ଯୂଯଂ ହଠାଦ୍ ୱଦଥ ୱୃଷ୍ଟି ର୍ଭୱିଷ୍ୟତି ତତସ୍ତଥୈୱ ଜାଯତେ|
2a0c3700a7	ଅପରଂ ଦକ୍ଷିଣତୋ ୱାଯୌ ୱାତି ସତି ୱଦଥ ନିଦାଘୋ ଭୱିଷ୍ୟତି ତତଃ ସୋପି ଜାଯତେ|
2a0c38008c	ରେ ରେ କପଟିନ ଆକାଶସ୍ୟ ଭୂମ୍ୟାଶ୍ଚ ଲକ୍ଷଣଂ ବୋଦ୍ଧୁଂ ଶକ୍ନୁଥ,
2a0c3900e3	କିନ୍ତୁ କାଲସ୍ୟାସ୍ୟ ଲକ୍ଷଣଂ କୁତୋ ବୋଦ୍ଧୁଂ ନ ଶକ୍ନୁଥ? ଯୂଯଞ୍ଚ ସ୍ୱଯଂ କୁତୋ ନ ନ୍ୟାଷ୍ୟଂ ୱିଚାରଯଥ?
2a0c3a0237	ଅପରଞ୍ଚ ୱିୱାଦିନା ସାର୍ଦ୍ଧଂ ୱିଚାରଯିତୁଃ ସମୀପଂ ଗଚ୍ଛନ୍ ପଥି ତସ୍ମାଦୁଦ୍ଧାରଂ ପ୍ରାପ୍ତୁଂ ଯତସ୍ୱ ନୋଚେତ୍ ସ ତ୍ୱାଂ ଧୃତ୍ୱା ୱିଚାରଯିତୁଃ ସମୀପଂ ନଯତି| ୱିଚାରଯିତା ଯଦି ତ୍ୱାଂ ପ୍ରହର୍ତ୍ତୁଃ ସମୀପଂ ସମର୍ପଯତି ପ୍ରହର୍ତ୍ତା ତ୍ୱାଂ କାରାଯାଂ ବଧ୍ନାତି
2a0c3b0104	ତର୍ହି ତ୍ୱାମହଂ ୱଦାମି ତ୍ୱଯା ନିଃଶେଷଂ କପର୍ଦକେଷୁ ନ ପରିଶୋଧିତେଷୁ ତ୍ୱଂ ତତୋ ମୁକ୍ତିଂ ପ୍ରାପ୍ତୁଂ ନ ଶକ୍ଷ୍ୟସି|
2a0d010168	ଅପରଞ୍ଚ ପୀଲାତୋ ଯେଷାଂ ଗାଲୀଲୀଯାନାଂ ରକ୍ତାନି ବଲୀନାଂ ରକ୍ତୈଃ ସହାମିଶ୍ରଯତ୍ ତେଷାଂ ଗାଲୀଲୀଯାନାଂ ୱୃତ୍ତାନ୍ତଂ କତିପଯଜନା ଉପସ୍ଥାପ୍ୟ ଯୀଶୱେ କଥଯାମାସୁଃ|
2a0d020154	ତତଃ ସ ପ୍ରତ୍ୟୁୱାଚ ତେଷାଂ ଲୋକାନାମ୍ ଏତାଦୃଶୀ ଦୁର୍ଗତି ର୍ଘଟିତା ତତ୍କାରଣାଦ୍ ଯୂଯଂ କିମନ୍ୟେଭ୍ୟୋ ଗାଲୀଲୀଯେଭ୍ୟୋପ୍ୟଧିକପାପିନସ୍ତାନ୍ ବୋଧଧ୍ୱେ?
2a0d0300c2	ଯୁଷ୍ମାନହଂ ୱଦାମି ତଥା ନ କିନ୍ତୁ ମନଃସୁ ନ ପରାୱର୍ତ୍ତିତେଷୁ ଯୂଯମପି ତଥା ନଂକ୍ଷ୍ୟଥ|
2a0d04015b	ଅପରଞ୍ଚ ଶୀଲୋହନାମ୍ନ ଉଚ୍ଚଗୃହସ୍ୟ ପତନାଦ୍ ଯେଽଷ୍ଟାଦଶଜନା ମୃତାସ୍ତେ ଯିରୂଶାଲମି ନିୱାସିସର୍ୱ୍ୱଲୋକେଭ୍ୟୋଽଧିକାପରାଧିନଃ କିଂ ଯୂଯମିତ୍ୟଂ ବୋଧଧ୍ୱେ?
2a0d0500c2	ଯୁଷ୍ମାନହଂ ୱଦାମି ତଥା ନ କିନ୍ତୁ ମନଃସୁ ନ ପରିୱର୍ତ୍ତିତେଷୁ ଯୂଯମପି ତଥା ନଂକ୍ଷ୍ୟଥ|
2a0d060166	ଅନନ୍ତରଂ ସ ଇମାଂ ଦୃଷ୍ଟାନ୍ତକଥାମକଥଯଦ୍ ଏକୋ ଜନୋ ଦ୍ରାକ୍ଷାକ୍ଷେତ୍ରମଧ୍ୟ ଏକମୁଡୁମ୍ବରୱୃକ୍ଷଂ ରୋପିତୱାନ୍| ପଶ୍ଚାତ୍ ସ ଆଗତ୍ୟ ତସ୍ମିନ୍ ଫଲାନି ଗୱେଷଯାମାସ,
2a0d070214	କିନ୍ତୁ ଫଲାପ୍ରାପ୍ତେଃ କାରଣାଦ୍ ଉଦ୍ୟାନକାରଂ ଭୃତ୍ୟଂ ଜଗାଦ, ପଶ୍ୟ ୱତ୍ସରତ୍ରଯଂ ଯାୱଦାଗତ୍ୟ ଏତସ୍ମିନ୍ନୁଡୁମ୍ବରତରୌ କ୍ଷଲାନ୍ୟନ୍ୱିଚ୍ଛାମି, କିନ୍ତୁ ନୈକମପି ପ୍ରପ୍ନୋମି ତରୁରଯଂ କୁତୋ ୱୃଥା ସ୍ଥାନଂ ୱ୍ୟାପ୍ୟ ତିଷ୍ଠତି? ଏନଂ ଛିନ୍ଧି|
2a0d080136	ତତୋ ଭୃତ୍ୟଃ ପ୍ରତ୍ୟୁୱାଚ, ହେ ପ୍ରଭୋ ପୁନର୍ୱର୍ଷମେକଂ ସ୍ଥାତୁମ୍ ଆଦିଶ; ଏତସ୍ୟ ମୂଲସ୍ୟ ଚତୁର୍ଦିକ୍ଷୁ ଖନିତ୍ୱାହମ୍ ଆଲୱାଲଂ ସ୍ଥାପଯାମି|
2a0d090090	ତତଃ ଫଲିତୁଂ ଶକ୍ନୋତି ଯଦି ନ ଫଲତି ତର୍ହି ପଶ୍ଚାତ୍ ଛେତ୍ସ୍ୟସି|
2a0d0a0063	ଅଥ ୱିଶ୍ରାମୱାରେ ଭଜନଗେହେ ଯୀଶୁରୁପଦିଶତି
2a0d0b0142	ତସ୍ମିତ୍ ସମଯେ ଭୂତଗ୍ରସ୍ତତ୍ୱାତ୍ କୁବ୍ଜୀଭୂଯାଷ୍ଟାଦଶୱର୍ଷାଣି ଯାୱତ୍ କେନାପ୍ୟୁପାଯେନ ଋଜୁ ର୍ଭୱିତୁଂ ନ ଶକ୍ନୋତି ଯା ଦୁର୍ବ୍ବଲା ସ୍ତ୍ରୀ,
2a0d0c00f3	ତାଂ ତତ୍ରୋପସ୍ଥିତାଂ ୱିଲୋକ୍ୟ ଯୀଶୁସ୍ତାମାହୂଯ କଥିତୱାନ୍ ହେ ନାରି ତୱ ଦୌର୍ବ୍ବଲ୍ୟାତ୍ ତ୍ୱଂ ମୁକ୍ତା ଭୱ|
2a0d0d00ea	ତତଃ ପରଂ ତସ୍ୟା ଗାତ୍ରେ ହସ୍ତାର୍ପଣମାତ୍ରାତ୍ ସା ଋଜୁର୍ଭୂତ୍ୱେଶ୍ୱରସ୍ୟ ଧନ୍ୟୱାଦଂ କର୍ତ୍ତୁମାରେଭେ|
2a0d0e0215	କିନ୍ତୁ ୱିଶ୍ରାମୱାରେ ଯୀଶୁନା ତସ୍ୟାଃ ସ୍ୱାସ୍ଥ୍ୟକରଣାଦ୍ ଭଜନଗେହସ୍ୟାଧିପତିଃ ପ୍ରକୁପ୍ୟ ଲୋକାନ୍ ଉୱାଚ, ଷଟ୍ସୁ ଦିନେଷୁ ଲୋକୈଃ କର୍ମ୍ମ କର୍ତ୍ତୱ୍ୟଂ ତସ୍ମାଦ୍ଧେତୋଃ ସ୍ୱାସ୍ଥ୍ୟାର୍ଥଂ ତେଷୁ ଦିନେଷୁ ଆଗଚ୍ଛତ, ୱିଶ୍ରାମୱାରେ ମାଗଚ୍ଛତ|
2a0d0f016a	ତଦା ପଭୁଃ ପ୍ରତ୍ୟୁୱାଚ ରେ କପଟିନୋ ଯୁଷ୍ମାକମ୍ ଏକୈକୋ ଜନୋ ୱିଶ୍ରାମୱାରେ ସ୍ୱୀଯଂ ସ୍ୱୀଯଂ ୱୃଷଭଂ ଗର୍ଦଭଂ ୱା ବନ୍ଧନାନ୍ମୋଚଯିତ୍ୱା ଜଲଂ ପାଯଯିତୁଂ କିଂ ନ ନଯତି?
2a0d10010a	ତର୍ହ୍ୟାଷ୍ଟାଦଶୱତ୍ସରାନ୍ ଯାୱତ୍ ଶୈତାନା ବଦ୍ଧା ଇବ୍ରାହୀମଃ ସନ୍ତତିରିଯଂ ନାରୀ କିଂ ୱିଶ୍ରାମୱାରେ ନ ମୋଚଯିତୱ୍ୟା?
2a0d110129	ଏଷୁ ୱାକ୍ୟେଷୁ କଥିତେଷୁ ତସ୍ୟ ୱିପକ୍ଷାଃ ସଲଜ୍ଜା ଜାତାଃ କିନ୍ତୁ ତେନ କୃତସର୍ୱ୍ୱମହାକର୍ମ୍ମକାରଣାତ୍ ଲୋକନିୱହଃ ସାନନ୍ଦୋଽଭୱତ୍|
2a0d1200a2	ଅନନ୍ତରଂ ସୋୱଦଦ୍ ଈଶ୍ୱରସ୍ୟ ରାଜ୍ୟଂ କସ୍ୟ ସଦୃଶଂ? କେନ ତଦୁପମାସ୍ୟାମି?
2a0d1301cb	ଯତ୍ ସର୍ଷପବୀଜଂ ଗୃହୀତ୍ୱା କଶ୍ଚିଜ୍ଜନ ଉଦ୍ୟାନ ଉପ୍ତୱାନ୍ ତଦ୍ ବୀଜମଙ୍କୁରିତଂ ସତ୍ ମହାୱୃକ୍ଷୋଽଜାଯତ, ତତସ୍ତସ୍ୟ ଶାଖାସୁ ୱିହାଯସୀଯୱିହଗା ଆଗତ୍ୟ ନ୍ୟୂଷୁଃ, ତଦ୍ରାଜ୍ୟଂ ତାଦୃଶେନ ସର୍ଷପବୀଜେନ ତୁଲ୍ୟଂ|
2a0d14015a	ପୁନଃ କଥଯାମାସ, ଈଶ୍ୱରସ୍ୟ ରାଜ୍ୟଂ କସ୍ୟ ସଦୃଶଂ ୱଦିଷ୍ୟାମି? ଯତ୍ କିଣ୍ୱଂ କାଚିତ୍ ସ୍ତ୍ରୀ ଗୃହୀତ୍ୱା ଦ୍ରୋଣତ୍ରଯପରିମିତଗୋଧୂମଚୂର୍ଣେଷୁ ସ୍ଥାପଯାମାସ,
2a0d1500e3	ତତଃ କ୍ରମେଣ ତତ୍ ସର୍ୱ୍ୱଗୋଧୂମଚୂର୍ଣଂ ୱ୍ୟାପ୍ନୋତି, ତସ୍ୟ କିଣ୍ୱସ୍ୟ ତୁଲ୍ୟମ୍ ଈଶ୍ୱରସ୍ୟ ରାଜ୍ୟଂ|
2a0d1600d8	ତତଃ ସ ଯିରୂଶାଲମ୍ନଗରଂ ପ୍ରତି ଯାତ୍ରାଂ କୃତ୍ୱା ନଗରେ ନଗରେ ଗ୍ରାମେ ଗ୍ରାମେ ସମୁପଦିଶନ୍ ଜଗାମ|
2a0d1700c8	ତଦା କଶ୍ଚିଜ୍ଜନସ୍ତଂ ପପ୍ରଚ୍ଛ, ହେ ପ୍ରଭୋ କିଂ କେୱଲମ୍ ଅଲ୍ପେ ଲୋକାଃ ପରିତ୍ରାସ୍ୟନ୍ତେ?
2a0d180151	ତତଃ ସ ଲୋକାନ୍ ଉୱାଚ, ସଂକୀର୍ଣଦ୍ୱାରେଣ ପ୍ରୱେଷ୍ଟୁଂ ଯତଘ୍ୱଂ, ଯତୋହଂ ଯୁଷ୍ମାନ୍ ୱଦାମି, ବହୱଃ ପ୍ରୱେଷ୍ଟୁଂ ଚେଷ୍ଟିଷ୍ୟନ୍ତେ କିନ୍ତୁ ନ ଶକ୍ଷ୍ୟନ୍ତି|
2a0d1901e0	ଗୃହପତିନୋତ୍ଥାଯ ଦ୍ୱାରେ ରୁଦ୍ଧେ ସତି ଯଦି ଯୂଯଂ ବହିଃ ସ୍ଥିତ୍ୱା ଦ୍ୱାରମାହତ୍ୟ ୱଦଥ, ହେ ପ୍ରଭୋ ହେ ପ୍ରଭୋ ଅସ୍ମତ୍କାରଣାଦ୍ ଦ୍ୱାରଂ ମୋଚଯତୁ, ତତଃ ସ ଇତି ପ୍ରତିୱକ୍ଷ୍ୟତି, ଯୂଯଂ କୁତ୍ରତ୍ୟା ଲୋକା ଇତ୍ୟହଂ ନ ଜାନାମି|
2a0d1a0102	ତଦା ଯୂଯଂ ୱଦିଷ୍ୟଥ, ତୱ ସାକ୍ଷାଦ୍ ୱଯଂ ଭେଜନଂ ପାନଞ୍ଚ କୃତୱନ୍ତଃ, ତ୍ୱଞ୍ଚାସ୍ମାକଂ ନଗରସ୍ୟ ପଥି ସମୁପଦିଷ୍ଟୱାନ୍|
2a0d1b0118	କିନ୍ତୁ ସ ୱକ୍ଷ୍ୟତି, ଯୁଷ୍ମାନହଂ ୱଦାମି, ଯୂଯଂ କୁତ୍ରତ୍ୟା ଲୋକା ଇତ୍ୟହଂ ନ ଜାନାମି; ହେ ଦୁରାଚାରିଣୋ ଯୂଯଂ ମତ୍ତୋ ଦୂରୀଭୱତ|
2a0d1c01a4	ତଦା ଇବ୍ରାହୀମଂ ଇସ୍ହାକଂ ଯାକୂବଞ୍ଚ ସର୍ୱ୍ୱଭୱିଷ୍ୟଦ୍ୱାଦିନଶ୍ଚ ଈଶ୍ୱରସ୍ୟ ରାଜ୍ୟଂ ପ୍ରାପ୍ତାନ୍ ସ୍ୱାଂଶ୍ଚ ବହିଷ୍କୃତାନ୍ ଦୃଷ୍ଟ୍ୱା ଯୂଯଂ ରୋଦନଂ ଦନ୍ତୈର୍ଦନ୍ତଘର୍ଷଣଞ୍ଚ କରିଷ୍ୟଥ|
2a0d1d00e2	ଅପରଞ୍ଚ ପୂର୍ୱ୍ୱପଶ୍ଚିମଦକ୍ଷିଣୋତ୍ତରଦିଗ୍ଭ୍ୟୋ ଲୋକା ଆଗତ୍ୟ ଈଶ୍ୱରସ୍ୟ ରାଜ୍ୟେ ନିୱତ୍ସ୍ୟନ୍ତି|
2a0d1e00c7	ପଶ୍ୟତେତ୍ଥଂ ଶେଷୀଯା ଲୋକା ଅଗ୍ରା ଭୱିଷ୍ୟନ୍ତି, ଅଗ୍ରୀଯା ଲୋକାଶ୍ଚ ଶେଷା ଭୱିଷ୍ୟନ୍ତି|
2a0d1f0144	ଅପରଞ୍ଚ ତସ୍ମିନ୍ ଦିନେ କିଯନ୍ତଃ ଫିରୂଶିନ ଆଗତ୍ୟ ଯୀଶୁଂ ପ୍ରୋଚୁଃ, ବହିର୍ଗଚ୍ଛ, ସ୍ଥାନାଦସ୍ମାତ୍ ପ୍ରସ୍ଥାନଂ କୁରୁ, ହେରୋଦ୍ ତ୍ୱାଂ ଜିଘାଂସତି|
2a0d200161	ତତଃ ସ ପ୍ରତ୍ୟୱୋଚତ୍ ପଶ୍ୟତାଦ୍ୟ ଶ୍ୱଶ୍ଚ ଭୂତାନ୍ ୱିହାପ୍ୟ ରୋଗିଣୋଽରୋଗିଣଃ କୃତ୍ୱା ତୃତୀଯେହ୍ନି ସେତ୍ସ୍ୟାମି, କଥାମେତାଂ ଯୂଯମିତ୍ୱା ତଂ ଭୂରିମାଯଂ ୱଦତ|
2a0d21013c	ତତ୍ରାପ୍ୟଦ୍ୟ ଶ୍ୱଃ ପରଶ୍ୱଶ୍ଚ ମଯା ଗମନାଗମନେ କର୍ତ୍ତୱ୍ୟେ, ଯତୋ ହେତୋ ର୍ୟିରୂଶାଲମୋ ବହିଃ କୁତ୍ରାପି କୋପି ଭୱିଷ୍ୟଦ୍ୱାଦୀ ନ ଘାନିଷ୍ୟତେ|
2a0d22022b	ହେ ଯିରୂଶାଲମ୍ ହେ ଯିରୂଶାଲମ୍ ତ୍ୱଂ ଭୱିଷ୍ୟଦ୍ୱାଦିନୋ ହଂସି ତୱାନ୍ତିକେ ପ୍ରେରିତାନ୍ ପ୍ରସ୍ତରୈର୍ମାରଯସି ଚ, ଯଥା କୁକ୍କୁଟୀ ନିଜପକ୍ଷାଧଃ ସ୍ୱଶାୱକାନ୍ ସଂଗୃହ୍ଲାତି, ତଥାହମପି ତୱ ଶିଶୂନ୍ ସଂଗ୍ରହୀତୁଂ କତିୱାରାନ୍ ଐଚ୍ଛଂ କିନ୍ତୁ ତ୍ୱଂ ନୈଚ୍ଛଃ|
2a0d2301ff	ପଶ୍ୟତ ଯୁଷ୍ମାକଂ ୱାସସ୍ଥାନାନି ପ୍ରୋଚ୍ଛିଦ୍ୟମାନାନି ପରିତ୍ୟକ୍ତାନି ଚ ଭୱିଷ୍ୟନ୍ତି; ଯୁଷ୍ମାନହଂ ଯଥାର୍ଥଂ ୱଦାମି, ଯଃ ପ୍ରଭୋ ର୍ନାମ୍ନାଗଚ୍ଛତି ସ ଧନ୍ୟ ଇତି ୱାଚଂ ଯାୱତ୍କାଲଂ ନ ୱଦିଷ୍ୟଥ, ତାୱତ୍କାଲଂ ଯୂଯଂ ମାଂ ନ ଦ୍ରକ୍ଷ୍ୟଥ|
2a0e0100f0	ଅନନ୍ତରଂ ୱିଶ୍ରାମୱାରେ ଯୀଶୌ ପ୍ରଧାନସ୍ୟ ଫିରୂଶିନୋ ଗୃହେ ଭୋକ୍ତୁଂ ଗତୱତି ତେ ତଂ ୱୀକ୍ଷିତୁମ୍ ଆରେଭିରେ|
2a0e020053	ତଦା ଜଲୋଦରୀ ତସ୍ୟ ସମ୍ମୁଖେ ସ୍ଥିତଃ|
2a0e03011e	ତତଃ ସ ୱ୍ୟୱସ୍ଥାପକାନ୍ ଫିରୂଶିନଶ୍ଚ ପପ୍ରଚ୍ଛ, ୱିଶ୍ରାମୱାରେ ସ୍ୱାସ୍ଥ୍ୟଂ କର୍ତ୍ତୱ୍ୟଂ ନ ୱା? ତତସ୍ତେ କିମପି ନ ପ୍ରତ୍ୟୂଚୁଃ|
2a0e040067	ତଦା ସ ତଂ ରୋଗିଣଂ ସ୍ୱସ୍ଥଂ କୃତ୍ୱା ୱିସସର୍ଜ;
2a0e050137	ତାନୁୱାଚ ଚ ଯୁଷ୍ମାକଂ କସ୍ୟଚିଦ୍ ଗର୍ଦ୍ଦଭୋ ୱୃଷଭୋ ୱା ଚେଦ୍ ଗର୍ତ୍ତେ ପତତି ତର୍ହି ୱିଶ୍ରାମୱାରେ ତତ୍କ୍ଷଣଂ ସ କିଂ ତଂ ନୋତ୍ଥାପଯିଷ୍ୟତି?
2a0e06007f	ତତସ୍ତେ କଥାଯା ଏତସ୍ୟାଃ କିମପି ପ୍ରତିୱକ୍ତୁଂ ନ ଶେକୁଃ|
2a0e0700d0	ଅପରଞ୍ଚ ପ୍ରଧାନସ୍ଥାନମନୋନୀତତ୍ୱକରଣଂ ୱିଲୋକ୍ୟ ସ ନିମନ୍ତ୍ରିତାନ୍ ଏତଦୁପଦେଶକଥାଂ ଜଗାଦ,
2a0e08011a	ତ୍ୱଂ ୱିୱାହାଦିଭୋଜ୍ୟେଷୁ ନିମନ୍ତ୍ରିତଃ ସନ୍ ପ୍ରଧାନସ୍ଥାନେ ମୋପାୱେକ୍ଷୀଃ| ତ୍ୱତ୍ତୋ ଗୌରୱାନ୍ୱିତନିମନ୍ତ୍ରିତଜନ ଆଯାତେ
2a0e090171	ନିମନ୍ତ୍ରଯିତାଗତ୍ୟ ମନୁଷ୍ୟାଯୈତସ୍ମୈ ସ୍ଥାନଂ ଦେହୀତି ୱାକ୍ୟଂ ଚେଦ୍ ୱକ୍ଷ୍ୟତି ତର୍ହି ତ୍ୱଂ ସଙ୍କୁଚିତୋ ଭୂତ୍ୱା ସ୍ଥାନ ଇତରସ୍ମିନ୍ ଉପୱେଷ୍ଟୁମ୍ ଉଦ୍ୟଂସ୍ୟସି|
2a0e0a01fe	ଅସ୍ମାତ୍ କାରଣାଦେୱ ତ୍ୱଂ ନିମନ୍ତ୍ରିତୋ ଗତ୍ୱାଽପ୍ରଧାନସ୍ଥାନ ଉପୱିଶ, ତତୋ ନିମନ୍ତ୍ରଯିତାଗତ୍ୟ ୱଦିଷ୍ୟତି, ହେ ବନ୍ଧୋ ପ୍ରୋଚ୍ଚସ୍ଥାନଂ ଗତ୍ୱୋପୱିଶ, ତଥା ସତି ଭୋଜନୋପୱିଷ୍ଟାନାଂ ସକଲାନାଂ ସାକ୍ଷାତ୍ ତ୍ୱଂ ମାନ୍ୟୋ ଭୱିଷ୍ୟସି|
2a0e0b00d9	ଯଃ କଶ୍ଚିତ୍ ସ୍ୱମୁନ୍ନମଯତି ସ ନମଯିଷ୍ୟତେ, କିନ୍ତୁ ଯଃ କଶ୍ଚିତ୍ ସ୍ୱଂ ନମଯତି ସ ଉନ୍ନମଯିଷ୍ୟତେ|
2a0e0c023f	ତଦା ସ ନିମନ୍ତ୍ରଯିତାରଂ ଜନମପି ଜଗାଦ, ମଧ୍ୟାହ୍ନେ ରାତ୍ରୌ ୱା ଭୋଜ୍ୟେ କୃତେ ନିଜବନ୍ଧୁଗଣୋ ୱା ଭ୍ରାତୃଗଣୋ ୱା ଜ୍ଞାତିଗଣୋ ୱା ଧନିଗଣୋ ୱା ସମୀପୱାସିଗଣୋ ୱା ଏତାନ୍ ନ ନିମନ୍ତ୍ରଯ, ତଥା କୃତେ ଚେତ୍ ତେ ତ୍ୱାଂ ନିମନ୍ତ୍ରଯିଷ୍ୟନ୍ତି, ତର୍ହି ପରିଶୋଧୋ ଭୱିଷ୍ୟତି|
2a0e0d00af	କିନ୍ତୁ ଯଦା ଭେଜ୍ୟଂ କରୋଷି ତଦା ଦରିଦ୍ରଶୁଷ୍କକରଖଞ୍ଜାନ୍ଧାନ୍ ନିମନ୍ତ୍ରଯ,
2a0e0e011f	ତତ ଆଶିଷଂ ଲପ୍ସ୍ୟସେ, ତେଷୁ ପରିଶୋଧଂ କର୍ତ୍ତୁମଶକ୍ନୁୱତ୍ସୁ ଶ୍ମଶାନାଦ୍ଧାର୍ମ୍ମିକାନାମୁତ୍ଥାନକାଲେ ତ୍ୱଂ ଫଲାଂ ଲପ୍ସ୍ୟସେ|
2a0e0f0115	ଅନନ୍ତରଂ ତାଂ କଥାଂ ନିଶମ୍ୟ ଭୋଜନୋପୱିଷ୍ଟଃ କଶ୍ଚିତ୍ କଥଯାମାସ, ଯୋ ଜନ ଈଶ୍ୱରସ୍ୟ ରାଜ୍ୟେ ଭୋକ୍ତୁଂ ଲପ୍ସ୍ୟତେ ସଏୱ ଧନ୍ୟଃ|
2a0e1000ad	ତତଃ ସ ଉୱାଚ, କଶ୍ଚିତ୍ ଜନୋ ରାତ୍ରୌ ଭେଜ୍ୟଂ କୃତ୍ୱା ବହୂନ୍ ନିମନ୍ତ୍ରଯାମାସ|
2a0e110136	ତତୋ ଭୋଜନସମଯେ ନିମନ୍ତ୍ରିତଲୋକାନ୍ ଆହ୍ୱାତୁଂ ଦାସଦ୍ୱାରା କଥଯାମାସ, ଖଦ୍ୟଦ୍ରୱ୍ୟାଣି ସର୍ୱ୍ୱାଣି ସମାସାଦିତାନି ସନ୍ତି, ଯୂଯମାଗଚ୍ଛତ|
2a0e1201b1	କିନ୍ତୁ ତେ ସର୍ୱ୍ୱ ଏକୈକଂ ଛଲଂ କୃତ୍ୱା କ୍ଷମାଂ ପ୍ରାର୍ଥଯାଞ୍ଚକ୍ରିରେ| ପ୍ରଥମୋ ଜନଃ କଥଯାମାସ, କ୍ଷେତ୍ରମେକଂ କ୍ରୀତୱାନହଂ ତଦେୱ ଦ୍ରଷ୍ଟୁଂ ମଯା ଗନ୍ତୱ୍ୟମ୍, ଅତଏୱ ମାଂ କ୍ଷନ୍ତୁଂ ତଂ ନିୱେଦଯ|
2a0e1300f8	ଅନ୍ୟୋ ଜନଃ କଥଯାମାସ, ଦଶୱୃଷାନହଂ କ୍ରୀତୱାନ୍ ତାନ୍ ପରୀକ୍ଷିତୁଂ ଯାମି ତସ୍ମାଦେୱ ମାଂ କ୍ଷନ୍ତୁଂ ତଂ ନିୱେଦଯ|
2a0e140099	ଅପରଃ କଥଯାମାସ, ୱ୍ୟୂଢୱାନହଂ ତସ୍ମାତ୍ କାରଣାଦ୍ ଯାତୁଂ ନ ଶକ୍ନୋମି|
2a0e15020f	ପଶ୍ଚାତ୍ ସ ଦାସୋ ଗତ୍ୱା ନିଜପ୍ରଭୋଃ ସାକ୍ଷାତ୍ ସର୍ୱ୍ୱୱୃତ୍ତାନ୍ତଂ ନିୱେଦଯାମାସ, ତତୋସୌ ଗୃହପତିଃ କୁପିତ୍ୱା ସ୍ୱଦାସଂ ୱ୍ୟାଜହାର, ତ୍ୱଂ ସତ୍ୱରଂ ନଗରସ୍ୟ ସନ୍ନିୱେଶାନ୍ ମାର୍ଗାଂଶ୍ଚ ଗତ୍ୱା ଦରିଦ୍ରଶୁଷ୍କକରଖଞ୍ଜାନ୍ଧାନ୍ ଅତ୍ରାନଯ|
2a0e1600b1	ତତୋ ଦାସୋଽୱଦତ୍, ହେ ପ୍ରଭୋ ଭୱତ ଆଜ୍ଞାନୁସାରେଣାକ୍ରିଯତ ତଥାପି ସ୍ଥାନମସ୍ତି|
2a0e170117	ତଦା ପ୍ରଭୁଃ ପୁନ ର୍ଦାସାଯାକଥଯତ୍, ରାଜପଥାନ୍ ୱୃକ୍ଷମୂଲାନି ଚ ଯାତ୍ୱା ମଦୀଯଗୃହପୂରଣାର୍ଥଂ ଲୋକାନାଗନ୍ତୁଂ ପ୍ରୱର୍ତ୍ତଯ|
2a0e1800ff	ଅହଂ ଯୁଷ୍ମଭ୍ୟଂ କଥଯାମି, ପୂର୍ୱ୍ୱନିମନ୍ତ୍ରିତାନମେକୋପି ମମାସ୍ୟ ରାତ୍ରିଭୋଜ୍ୟସ୍ୟାସ୍ୱାଦଂ ନ ପ୍ରାପ୍ସ୍ୟତି|
2a0e1900d4	ଅନନ୍ତରଂ ବହୁଷୁ ଲୋକେଷୁ ଯୀଶୋଃ ପଶ୍ଚାଦ୍ ୱ୍ରଜିତେଷୁ ସତ୍ସୁ ସ ୱ୍ୟାଘୁଟ୍ୟ ତେଭ୍ୟଃ କଥଯାମାସ,
2a0e1a01b0	ଯଃ କଶ୍ଚିନ୍ ମମ ସମୀପମ୍ ଆଗତ୍ୟ ସ୍ୱସ୍ୟ ମାତା ପିତା ପତ୍ନୀ ସନ୍ତାନା ଭ୍ରାତରୋ ଭଗିମ୍ୟୋ ନିଜପ୍ରାଣାଶ୍ଚ, ଏତେଭ୍ୟଃ ସର୍ୱ୍ୱେଭ୍ୟୋ ମଯ୍ୟଧିକଂ ପ୍ରେମ ନ କରୋତି, ସ ମମ ଶିଷ୍ୟୋ ଭୱିତୁଂ ନ ଶକ୍ଷ୍ୟତି|
2a0e1b00db	ଯଃ କଶ୍ଚିତ୍ ସ୍ୱୀଯଂ କ୍ରୁଶଂ ୱହନ୍ ମମ ପଶ୍ଚାନ୍ନ ଗଚ୍ଛତି, ସୋପି ମମ ଶିଷ୍ୟୋ ଭୱିତୁଂ ନ ଶକ୍ଷ୍ୟତି|
2a0e1c0172	ଦୁର୍ଗନିର୍ମ୍ମାଣେ କତିୱ୍ୟଯୋ ଭୱିଷ୍ୟତି, ତଥା ତସ୍ୟ ସମାପ୍ତିକରଣାର୍ଥଂ ସମ୍ପତ୍ତିରସ୍ତି ନ ୱା, ପ୍ରଥମମୁପୱିଶ୍ୟ ଏତନ୍ନ ଗଣଯତି, ଯୁଷ୍ମାକଂ ମଧ୍ୟ ଏତାଦୃଶଃ କୋସ୍ତି?
2a0e1d008c	ନୋଚେଦ୍ ଭିତ୍ତିଂ କୃତ୍ୱା ଶେଷେ ଯଦି ସମାପଯିତୁଂ ନ ଶକ୍ଷ୍ୟତି,
2a0e1e00ef	ତର୍ହି ମାନୁଷୋଯଂ ନିଚେତୁମ୍ ଆରଭତ ସମାପଯିତୁଂ ନାଶକ୍ନୋତ୍, ଇତି ୱ୍ୟାହୃତ୍ୟ ସର୍ୱ୍ୱେ ତମୁପହସିଷ୍ୟନ୍ତି|
2a0e1f0217	ଅପରଞ୍ଚ ଭିନ୍ନଭୂପତିନା ସହ ଯୁଦ୍ଧଂ କର୍ତ୍ତୁମ୍ ଉଦ୍ୟମ୍ୟ ଦଶସହସ୍ରାଣି ସୈନ୍ୟାନି ଗୃହୀତ୍ୱା ୱିଂଶତିସହସ୍ରେଃ ସୈନ୍ୟୈଃ ସହିତସ୍ୟ ସମୀପୱାସିନଃ ସମ୍ମୁଖଂ ଯାତୁଂ ଶକ୍ଷ୍ୟାମି ନ ୱେତି ପ୍ରଥମଂ ଉପୱିଶ୍ୟ ନ ୱିଚାରଯତି ଏତାଦୃଶୋ ଭୂମିପତିଃ କଃ?
2a0e2000ed	ଯଦି ନ ଶକ୍ନୋତି ତର୍ହି ରିପାୱତିଦୂରେ ତିଷ୍ଠତି ସତି ନିଜଦୂତଂ ପ୍ରେଷ୍ୟ ସନ୍ଧିଂ କର୍ତ୍ତୁଂ ପ୍ରାର୍ଥଯେତ|
2a0e210103	ତଦ୍ୱଦ୍ ଯୁଷ୍ମାକଂ ମଧ୍ୟେ ଯଃ କଶ୍ଚିନ୍ ମଦର୍ଥଂ ସର୍ୱ୍ୱସ୍ୱଂ ହାତୁଂ ନ ଶକ୍ନୋତି ସ ମମ ଶିଷ୍ୟୋ ଭୱିତୁଂ ନ ଶକ୍ଷ୍ୟତି|
2a0e220105	ଲୱଣମ୍ ଉତ୍ତମମ୍ ଇତି ସତ୍ୟଂ, କିନ୍ତୁ ଯଦି ଲୱଣସ୍ୟ ଲୱଣତ୍ୱମ୍ ଅପଗଚ୍ଛତି ତର୍ହି ତତ୍ କଥଂ ସ୍ୱାଦୁଯୁକ୍ତଂ ଭୱିଷ୍ୟତି?
2a0e23011f	ତଦ ଭୂମ୍ୟର୍ଥମ୍ ଆଲୱାଲରାଶ୍ୟର୍ଥମପି ଭଦ୍ରଂ ନ ଭୱତି; ଲୋକାସ୍ତଦ୍ ବହିଃ କ୍ଷିପନ୍ତି| ଯସ୍ୟ ଶ୍ରୋତୁଂ ଶ୍ରୋତ୍ରେ ସ୍ତଃ ସ ଶୃଣୋତୁ|
2a0f0100c0	ତଦା କରସଞ୍ଚାଯିନଃ ପାପିନଶ୍ଚ ଲୋକା ଉପଦେଶ୍କଥାଂ ଶ୍ରୋତୁଂ ଯୀଶୋଃ ସମୀପମ୍ ଆଗଚ୍ଛନ୍|
2a0f020113	ତତଃ ଫିରୂଶିନ ଉପାଧ୍ୟାଯାଶ୍ଚ ୱିୱଦମାନାଃ କଥଯାମାସୁଃ ଏଷ ମାନୁଷଃ ପାପିଭିଃ ସହ ପ୍ରଣଯଂ କୃତ୍ୱା ତୈଃ ସାର୍ଦ୍ଧଂ ଭୁଂକ୍ତେ|
2a0f03006c	ତଦା ସ ତେଭ୍ୟ ଇମାଂ ଦୃଷ୍ଟାନ୍ତକଥାଂ କଥିତୱାନ୍,
2a0f0401de	କସ୍ୟଚିତ୍ ଶତମେଷେଷୁ ତିଷ୍ଠତ୍ମୁ ତେଷାମେକଂ ସ ଯଦି ହାରଯତି ତର୍ହି ମଧ୍ୟେପ୍ରାନ୍ତରମ୍ ଏକୋନଶତମେଷାନ୍ ୱିହାଯ ହାରିତମେଷସ୍ୟ ଉଦ୍ଦେଶପ୍ରାପ୍ତିପର୍ୟ୍ୟନତଂ ନ ଗୱେଷଯତି, ଏତାଦୃଶୋ ଲୋକୋ ଯୁଷ୍ମାକଂ ମଧ୍ୟେ କ ଆସ୍ତେ?
2a0f050109	ତସ୍ୟୋଦ୍ଦେଶଂ ପ୍ରାପ୍ୟ ହୃଷ୍ଟମନାସ୍ତଂ ସ୍କନ୍ଧେ ନିଧାଯ ସ୍ୱସ୍ଥାନମ୍ ଆନୀଯ ବନ୍ଧୁବାନ୍ଧୱସମୀପୱାସିନ ଆହୂଯ ୱକ୍ତି,
2a0f060098	ହାରିତଂ ମେଷଂ ପ୍ରାପ୍ତୋହମ୍ ଅତୋ ହେତୋ ର୍ମଯା ସାର୍ଦ୍ଧମ୍ ଆନନ୍ଦତ|
2a0f0701db	ତଦ୍ୱଦହଂ ଯୁଷ୍ମାନ୍ ୱଦାମି, ଯେଷାଂ ମନଃପରାୱର୍ତ୍ତନସ୍ୟ ପ୍ରଯୋଜନଂ ନାସ୍ତି, ତାଦୃଶୈକୋନଶତଧାର୍ମ୍ମିକକାରଣାଦ୍ ଯ ଆନନ୍ଦସ୍ତସ୍ମାଦ୍ ଏକସ୍ୟ ମନଃପରିୱର୍ତ୍ତିନଃ ପାପିନଃ କାରଣାତ୍ ସ୍ୱର୍ଗେ ଽଧିକାନନ୍ଦୋ ଜାଯତେ|
2a0f08017e	ଅପରଞ୍ଚ ଦଶାନାଂ ରୂପ୍ୟଖଣ୍ଡାନାମ୍ ଏକଖଣ୍ଡେ ହାରିତେ ପ୍ରଦୀପଂ ପ୍ରଜ୍ୱାଲ୍ୟ ଗୃହଂ ସମ୍ମାର୍ଜ୍ୟ ତସ୍ୟ ପ୍ରାପ୍ତିଂ ଯାୱଦ୍ ଯତ୍ନେନ ନ ଗୱେଷଯତି, ଏତାଦୃଶୀ ଯୋଷିତ୍ କାସ୍ତେ?
2a0f090126	ପ୍ରାପ୍ତେ ସତି ବନ୍ଧୁବାନ୍ଧୱସମୀପୱାସିନୀରାହୂଯ କଥଯତି, ହାରିତଂ ରୂପ୍ୟଖଣ୍ଡଂ ପ୍ରାପ୍ତାହଂ ତସ୍ମାଦେୱ ମଯା ସାର୍ଦ୍ଧମ୍ ଆନନ୍ଦତ|
2a0f0a0109	ତଦ୍ୱଦହଂ ଯୁଷ୍ମାନ୍ ୱ୍ୟାହରାମି, ଏକେନ ପାପିନା ମନସି ପରିୱର୍ତ୍ତିତେ, ଈଶ୍ୱରସ୍ୟ ଦୂତାନାଂ ମଧ୍ୟେପ୍ୟାନନ୍ଦୋ ଜାଯତେ|
2a0f0b007c	ଅପରଞ୍ଚ ସ କଥଯାମାସ, କସ୍ୟଚିଦ୍ ଦ୍ୱୌ ପୁତ୍ରାୱାସ୍ତାଂ,
2a0f0c0178	ତଯୋଃ କନିଷ୍ଠଃ ପୁତ୍ରଃ ପିତ୍ରେ କଥଯାମାସ, ହେ ପିତସ୍ତୱ ସମ୍ପତ୍ତ୍ୟା ଯମଂଶଂ ପ୍ରାପ୍ସ୍ୟାମ୍ୟହଂ ୱିଭଜ୍ୟ ତଂ ଦେହି, ତତଃ ପିତା ନିଜାଂ ସମ୍ପତ୍ତିଂ ୱିଭଜ୍ୟ ତାଭ୍ୟାଂ ଦଦୌ|
2a0f0d0128	କତିପଯାତ୍ କାଲାତ୍ ପରଂ ସ କନିଷ୍ଠପୁତ୍ରଃ ସମସ୍ତଂ ଧନଂ ସଂଗୃହ୍ୟ ଦୂରଦେଶଂ ଗତ୍ୱା ଦୁଷ୍ଟାଚରଣେନ ସର୍ୱ୍ୱାଂ ସମ୍ପତ୍ତିଂ ନାଶଯାମାସ|
2a0f0e00e7	ତସ୍ୟ ସର୍ୱ୍ୱଧନେ ୱ୍ୟଯଂ ଗତେ ତଦ୍ଦେଶେ ମହାଦୁର୍ଭିକ୍ଷଂ ବଭୂୱ, ତତସ୍ତସ୍ୟ ଦୈନ୍ୟଦଶା ଭୱିତୁମ୍ ଆରେଭେ|
2a0f0f00fe	ତତଃ ପରଂ ସ ଗତ୍ୱା ତଦ୍ଦେଶୀଯଂ ଗୃହସ୍ଥମେକମ୍ ଆଶ୍ରଯତ; ତତଃ ସତଂ ଶୂକରୱ୍ରଜଂ ଚାରଯିତୁଂ ପ୍ରାନ୍ତରଂ ପ୍ରେଷଯାମାସ|
2a0f1000b2	କେନାପି ତସ୍ମୈ ଭକ୍ଷ୍ୟାଦାନାତ୍ ସ ଶୂକରଫଲୱଲ୍କଲେନ ପିଚିଣ୍ଡପୂରଣାଂ ୱୱାଞ୍ଛ|
2a0f110181	ଶେଷେ ସ ମନସି ଚେତନାଂ ପ୍ରାପ୍ୟ କଥଯାମାସ, ହା ମମ ପିତୁଃ ସମୀପେ କତି କତି ୱେତନଭୁଜୋ ଦାସା ଯଥେଷ୍ଟଂ ତତୋଧିକଞ୍ଚ ଭକ୍ଷ୍ୟଂ ପ୍ରାପ୍ନୁୱନ୍ତି କିନ୍ତ୍ୱହଂ କ୍ଷୁଧା ମୁମୂର୍ଷୁଃ|
2a0f1200f1	ଅହମୁତ୍ଥାଯ ପିତୁଃ ସମୀପଂ ଗତ୍ୱା କଥାମେତାଂ ୱଦିଷ୍ୟାମି, ହେ ପିତର୍ ଈଶ୍ୱରସ୍ୟ ତୱ ଚ ୱିରୁଦ୍ଧଂ ପାପମକରୱମ୍
2a0f1300ce	ତୱ ପୁତ୍ରଇତି ୱିଖ୍ୟାତୋ ଭୱିତୁଂ ନ ଯୋଗ୍ୟୋସ୍ମି ଚ, ମାଂ ତୱ ୱୈତନିକଂ ଦାସଂ କୃତ୍ୱା ସ୍ଥାପଯ|
2a0f140146	ପଶ୍ଚାତ୍ ସ ଉତ୍ଥାଯ ପିତୁଃ ସମୀପଂ ଜଗାମ; ତତସ୍ତସ୍ୟ ପିତାତିଦୂରେ ତଂ ନିରୀକ୍ଷ୍ୟ ଦଯାଞ୍ଚକ୍ରେ, ଧାୱିତ୍ୱା ତସ୍ୟ କଣ୍ଠଂ ଗୃହୀତ୍ୱା ତଂ ଚୁଚୁମ୍ବ ଚ|
2a0f150109	ତଦା ପୁତ୍ର ଉୱାଚ, ହେ ପିତର୍ ଈଶ୍ୱରସ୍ୟ ତୱ ଚ ୱିରୁଦ୍ଧଂ ପାପମକରୱଂ, ତୱ ପୁତ୍ରଇତି ୱିଖ୍ୟାତୋ ଭୱିତୁଂ ନ ଯୋଗ୍ୟୋସ୍ମି ଚ|
2a0f160154	କିନ୍ତୁ ତସ୍ୟ ପିତା ନିଜଦାସାନ୍ ଆଦିଦେଶ, ସର୍ୱ୍ୱୋତ୍ତମୱସ୍ତ୍ରାଣ୍ୟାନୀଯ ପରିଧାପଯତୈନଂ ହସ୍ତେ ଚାଙ୍ଗୁରୀଯକମ୍ ଅର୍ପଯତ ପାଦଯୋଶ୍ଚୋପାନହୌ ସମର୍ପଯତ;
2a0f170090	ପୁଷ୍ଟଂ ଗୋୱତ୍ସମ୍ ଆନୀଯ ମାରଯତ ଚ ତଂ ଭୁକ୍ତ୍ୱା ୱଯମ୍ ଆନନ୍ଦାମ|
2a0f1800dc	ଯତୋ ମମ ପୁତ୍ରୋଯମ୍ ଅମ୍ରିଯତ ପୁନରଜୀୱୀଦ୍ ହାରିତଶ୍ଚ ଲବ୍ଧୋଭୂତ୍ ତତସ୍ତ ଆନନ୍ଦିତୁମ୍ ଆରେଭିରେ|
2a0f190129	ତତ୍କାଲେ ତସ୍ୟ ଜ୍ୟେଷ୍ଠଃ ପୁତ୍ରଃ କ୍ଷେତ୍ର ଆସୀତ୍| ଅଥ ସ ନିୱେଶନସ୍ୟ ନିକଟଂ ଆଗଚ୍ଛନ୍ ନୃତ୍ୟାନାଂ ୱାଦ୍ୟାନାଞ୍ଚ ଶବ୍ଦଂ ଶ୍ରୁତ୍ୱା
2a0f1a006d	ଦାସାନାମ୍ ଏକମ୍ ଆହୂଯ ପପ୍ରଚ୍ଛ, କିଂ କାରଣମସ୍ୟ?
2a0f1b00dd	ତତଃ ସୋୱାଦୀତ୍, ତୱ ଭ୍ରାତାଗମତ୍, ତୱ ତାତଶ୍ଚ ତଂ ସୁଶରୀରଂ ପ୍ରାପ୍ୟ ପୁଷ୍ଟଂ ଗୋୱତ୍ସଂ ମାରିତୱାନ୍|
2a0f1c00e5	ତତଃ ସ ପ୍ରକୁପ୍ୟ ନିୱେଶନାନ୍ତଃ ପ୍ରୱେଷ୍ଟୁଂ ନ ସମ୍ମେନେ; ତତସ୍ତସ୍ୟ ପିତା ବହିରାଗତ୍ୟ ତଂ ସାଧଯାମାସ|
2a0f1d01aa	ତତଃ ସ ପିତରଂ ପ୍ରତ୍ୟୁୱାଚ, ପଶ୍ୟ ତୱ କାଞ୍ଚିଦପ୍ୟାଜ୍ଞାଂ ନ ୱିଲଂଘ୍ୟ ବହୂନ୍ ୱତ୍ସରାନ୍ ଅହଂ ତ୍ୱାଂ ସେୱେ ତଥାପି ମିତ୍ରୈଃ ସାର୍ଦ୍ଧମ୍ ଉତ୍ସୱଂ କର୍ତ୍ତୁଂ କଦାପି ଛାଗମେକମପି ମହ୍ୟଂ ନାଦଦାଃ;
2a0f1e0154	କିନ୍ତୁ ତୱ ଯଃ ପୁତ୍ରୋ ୱେଶ୍ୟାଗମନାଦିଭିସ୍ତୱ ସମ୍ପତ୍ତିମ୍ ଅପୱ୍ୟଯିତୱାନ୍ ତସ୍ମିନ୍ନାଗତମାତ୍ରେ ତସ୍ୟୈୱ ନିମିତ୍ତଂ ପୁଷ୍ଟଂ ଗୋୱତ୍ସଂ ମାରିତୱାନ୍|
2a0f1f00ed	ତଦା ତସ୍ୟ ପିତାୱୋଚତ୍, ହେ ପୁତ୍ର ତ୍ୱଂ ସର୍ୱ୍ୱଦା ମଯା ସହାସି ତସ୍ମାନ୍ ମମ ଯଦ୍ୟଦାସ୍ତେ ତତ୍ସର୍ୱ୍ୱଂ ତୱ|
2a0f200146	କିନ୍ତୁ ତୱାଯଂ ଭ୍ରାତା ମୃତଃ ପୁନରଜୀୱୀଦ୍ ହାରିତଶ୍ଚ ଭୂତ୍ୱା ପ୍ରାପ୍ତୋଭୂତ୍, ଏତସ୍ମାତ୍ କାରଣାଦ୍ ଉତ୍ସୱାନନ୍ଦୌ କର୍ତ୍ତୁମ୍ ଉଚିତମସ୍ମାକମ୍|
2a10010142	ଅପରଞ୍ଚ ଯୀଶୁଃ ଶିଷ୍ୟେଭ୍ୟୋନ୍ୟାମେକାଂ କଥାଂ କଥଯାମାସ କସ୍ୟଚିଦ୍ ଧନୱତୋ ମନୁଷ୍ୟସ୍ୟ ଗୃହକାର୍ୟ୍ୟାଧୀଶେ ସମ୍ପତ୍ତେରପୱ୍ୟଯେଽପୱାଦିତେ ସତି
2a10020179	ତସ୍ୟ ପ୍ରଭୁସ୍ତମ୍ ଆହୂଯ ଜଗାଦ, ତ୍ୱଯି ଯାମିମାଂ କଥାଂ ଶୃଣୋମି ସା କୀଦୃଶୀ? ତ୍ୱଂ ଗୃହକାର୍ୟ୍ୟାଧୀଶକର୍ମ୍ମଣୋ ଗଣନାଂ ଦର୍ଶଯ ଗୃହକାର୍ୟ୍ୟାଧୀଶପଦେ ତ୍ୱଂ ନ ସ୍ଥାସ୍ୟସି|
2a100301b7	ତଦା ସ ଗୃହକାର୍ୟ୍ୟାଧୀଶୋ ମନସା ଚିନ୍ତଯାମାସ, ପ୍ରଭୁ ର୍ୟଦି ମାଂ ଗୃହକାର୍ୟ୍ୟାଧୀଶପଦାଦ୍ ଭ୍ରଂଶଯତି ତର୍ହି କିଂ କରିଷ୍ୟେଽହଂ? ମୃଦଂ ଖନିତୁଂ ମମ ଶକ୍ତି ର୍ନାସ୍ତି ଭିକ୍ଷିତୁଞ୍ଚ ଲଜ୍ଜିଷ୍ୟେଽହଂ|
2a10040139	ଅତଏୱ ମଯି ଗୃହକାର୍ୟ୍ୟାଧୀଶପଦାତ୍ ଚ୍ୟୁତେ ସତି ଯଥା ଲୋକା ମହ୍ୟମ୍ ଆଶ୍ରଯଂ ଦାସ୍ୟନ୍ତି ତଦର୍ଥଂ ଯତ୍କର୍ମ୍ମ ମଯା କରଣୀଯଂ ତନ୍ ନିର୍ଣୀଯତେ|
2a100500f1	ପଶ୍ଚାତ୍ ସ ସ୍ୱପ୍ରଭୋରେକୈକମ୍ ଅଧମର୍ଣମ୍ ଆହୂଯ ପ୍ରଥମଂ ପପ୍ରଚ୍ଛ, ତ୍ୱତ୍ତୋ ମେ ପ୍ରଭୁଣା କତି ପ୍ରାପ୍ୟମ୍?
2a1006010f	ତତଃ ସ ଉୱାଚ, ଏକଶତାଢକତୈଲାନି; ତଦା ଗୃହକାର୍ୟ୍ୟାଧୀଶଃ ପ୍ରୋୱାଚ, ତୱ ପତ୍ରମାନୀଯ ଶୀଘ୍ରମୁପୱିଶ୍ୟ ତତ୍ର ପଞ୍ଚାଶତଂ ଲିଖ|
2a1007014d	ପଶ୍ଚାଦନ୍ୟମେକଂ ପପ୍ରଚ୍ଛ, ତ୍ୱତ୍ତୋ ମେ ପ୍ରଭୁଣା କତି ପ୍ରାପ୍ୟମ୍? ତତଃ ସୋୱାଦୀଦ୍ ଏକଶତାଢକଗୋଧୂମାଃ; ତଦା ସ କଥଯାମାସ, ତୱ ପତ୍ରମାନୀଯ ଅଶୀତିଂ ଲିଖ|
2a1008019b	ତେନୈୱ ପ୍ରଭୁସ୍ତମଯଥାର୍ଥକୃତମ୍ ଅଧୀଶଂ ତଦ୍ବୁଦ୍ଧିନୈପୁଣ୍ୟାତ୍ ପ୍ରଶଶଂସ; ଇତ୍ଥଂ ଦୀପ୍ତିରୂପସନ୍ତାନେଭ୍ୟ ଏତତ୍ସଂସାରସ୍ୟ ସନ୍ତାନା ୱର୍ତ୍ତମାନକାଲେଽଧିକବୁଦ୍ଧିମନ୍ତୋ ଭୱନ୍ତି|
2a10090124	ଅତୋ ୱଦାମି ଯୂଯମପ୍ୟଯଥାର୍ଥେନ ଧନେନ ମିତ୍ରାଣି ଲଭଧ୍ୱଂ ତତୋ ଯୁଷ୍ମାସୁ ପଦଭ୍ରଷ୍ଟେଷ୍ୱପି ତାନି ଚିରକାଲମ୍ ଆଶ୍ରଯଂ ଦାସ୍ୟନ୍ତି|
2a100a01c6	ଯଃ କଶ୍ଚିତ୍ କ୍ଷୁଦ୍ରେ କାର୍ୟ୍ୟେ ୱିଶ୍ୱାସ୍ୟୋ ଭୱତି ସ ମହତି କାର୍ୟ୍ୟେପି ୱିଶ୍ୱାସ୍ୟୋ ଭୱତି, କିନ୍ତୁ ଯଃ କଶ୍ଚିତ୍ କ୍ଷୁଦ୍ରେ କାର୍ୟ୍ୟେଽୱିଶ୍ୱାସ୍ୟୋ ଭୱତି ସ ମହତି କାର୍ୟ୍ୟେପ୍ୟୱିଶ୍ୱାସ୍ୟୋ ଭୱତି|
2a100b00fc	ଅତଏୱ ଅଯଥାର୍ଥେନ ଧନେନ ଯଦି ଯୂଯମୱିଶ୍ୱାସ୍ୟା ଜାତାସ୍ତର୍ହି ସତ୍ୟଂ ଧନଂ ଯୁଷ୍ମାକଂ କରେଷୁ କଃ ସମର୍ପଯିଷ୍ୟତି?
2a100c00db	ଯଦି ଚ ପରଧନେନ ଯୂଯମ୍ ଅୱିଶ୍ୱାସ୍ୟା ଭୱଥ ତର୍ହି ଯୁଷ୍ମାକଂ ସ୍ୱକୀଯଧନଂ ଯୁଷ୍ମଭ୍ୟଂ କୋ ଦାସ୍ୟତି?
2a100d01b2	କୋପି ଦାସ ଉଭୌ ପ୍ରଭୂ ସେୱିତୁଂ ନ ଶକ୍ନୋତି, ଯତ ଏକସ୍ମିନ୍ ପ୍ରୀଯମାଣୋଽନ୍ୟସ୍ମିନ୍ନପ୍ରୀଯତେ ଯଦ୍ୱା ଏକଂ ଜନଂ ସମାଦୃତ୍ୟ ତଦନ୍ୟଂ ତୁଚ୍ଛୀକରୋତି ତଦ୍ୱଦ୍ ଯୂଯମପି ଧନେଶ୍ୱରୌ ସେୱିତୁଂ ନ ଶକ୍ନୁଥ|
2a100e0095	ତଦୈତାଃ ସର୍ୱ୍ୱାଃ କଥାଃ ଶ୍ରୁତ୍ୱା ଲୋଭିଫିରୂଶିନସ୍ତମୁପଜହସୁଃ|
2a100f0199	ତତଃ ସ ଉୱାଚ, ଯୂଯଂ ମନୁଷ୍ୟାଣାଂ ନିକଟେ ସ୍ୱାନ୍ ନିର୍ଦୋଷାନ୍ ଦର୍ଶଯଥ କିନ୍ତୁ ଯୁଷ୍ମାକମ୍ ଅନ୍ତଃକରଣାନୀଶ୍ୱରୋ ଜାନାତି, ଯତ୍ ମନୁଷ୍ୟାଣାମ୍ ଅତି ପ୍ରଶଂସ୍ୟଂ ତଦ୍ ଈଶ୍ୱରସ୍ୟ ଘୃଣ୍ୟଂ|
2a101001aa	ଯୋହନ ଆଗମନପର୍ୟ୍ୟନତଂ ଯୁଷ୍ମାକଂ ସମୀପେ ୱ୍ୟୱସ୍ଥାଭୱିଷ୍ୟଦ୍ୱାଦିନାଂ ଲେଖନାନି ଚାସନ୍ ତତଃ ପ୍ରଭୃତି ଈଶ୍ୱରରାଜ୍ୟସ୍ୟ ସୁସଂୱାଦଃ ପ୍ରଚରତି, ଏକୈକୋ ଲୋକସ୍ତନ୍ମଧ୍ୟଂ ଯତ୍ନେନ ପ୍ରୱିଶତି ଚ|
2a101100da	ୱରଂ ନଭସଃ ପୃଥିୱ୍ୟାଶ୍ଚ ଲୋପୋ ଭୱିଷ୍ୟତି ତଥାପି ୱ୍ୟୱସ୍ଥାଯା ଏକବିନ୍ଦୋରପି ଲୋପୋ ନ ଭୱିଷ୍ୟତି|
2a10120151	ଯଃ କଶ୍ଚିତ୍ ସ୍ୱୀଯାଂ ଭାର୍ୟ୍ୟାଂ ୱିହାଯ ସ୍ତ୍ରିଯମନ୍ୟାଂ ୱିୱହତି ସ ପରଦାରାନ୍ ଗଚ୍ଛତି, ଯଶ୍ଚ ତା ତ୍ୟକ୍ତାଂ ନାରୀଂ ୱିୱହତି ସୋପି ପରଦାରାନ ଗଚ୍ଛତି|
2a10130108	ଏକୋ ଧନୀ ମନୁଷ୍ୟଃ ଶୁକ୍ଲାନି ସୂକ୍ଷ୍ମାଣି ୱସ୍ତ୍ରାଣି ପର୍ୟ୍ୟଦଧାତ୍ ପ୍ରତିଦିନଂ ପରିତୋଷରୂପେଣାଭୁଂକ୍ତାପିୱଚ୍ଚ|
2a10140176	ସର୍ୱ୍ୱାଙ୍ଗେ କ୍ଷତଯୁକ୍ତ ଇଲିଯାସରନାମା କଶ୍ଚିଦ୍ ଦରିଦ୍ରସ୍ତସ୍ୟ ଧନୱତୋ ଭୋଜନପାତ୍ରାତ୍ ପତିତମ୍ ଉଚ୍ଛିଷ୍ଟଂ ଭୋକ୍ତୁଂ ୱାଞ୍ଛନ୍ ତସ୍ୟ ଦ୍ୱାରେ ପତିତ୍ୱାତିଷ୍ଠତ୍;
2a1015005c	ଅଥ ଶ୍ୱାନ ଆଗତ୍ୟ ତସ୍ୟ କ୍ଷତାନ୍ୟଲିହନ୍|
2a10160108	କିଯତ୍କାଲାତ୍ପରଂ ସ ଦରିଦ୍ରଃ ପ୍ରାଣାନ୍ ଜହୌ; ତତଃ ସ୍ୱର୍ଗୀଯଦୂତାସ୍ତଂ ନୀତ୍ୱା ଇବ୍ରାହୀମଃ କ୍ରୋଡ ଉପୱେଶଯାମାସୁଃ|
2a101701b7	ପଶ୍ଚାତ୍ ସ ଧନୱାନପି ମମାର, ତଂ ଶ୍ମଶାନେ ସ୍ଥାପଯାମାସୁଶ୍ଚ; କିନ୍ତୁ ପରଲୋକେ ସ ୱେଦନାକୁଲଃ ସନ୍ ଊର୍ଦ୍ଧ୍ୱାଂ ନିରୀକ୍ଷ୍ୟ ବହୁଦୂରାଦ୍ ଇବ୍ରାହୀମଂ ତତ୍କ୍ରୋଡ ଇଲିଯାସରଞ୍ଚ ୱିଲୋକ୍ୟ ରୁୱନ୍ନୁୱାଚ;
2a10180170	ହେ ପିତର୍ ଇବ୍ରାହୀମ୍ ଅନୁଗୃହ୍ୟ ଅଙ୍ଗୁଲ୍ୟଗ୍ରଭାଗଂ ଜଲେ ମଜ୍ଜଯିତ୍ୱା ମମ ଜିହ୍ୱାଂ ଶୀତଲାଂ କର୍ତ୍ତୁମ୍ ଇଲିଯାସରଂ ପ୍ରେରଯ, ଯତୋ ୱହ୍ନିଶିଖାତୋହଂ ୱ୍ୟଥିତୋସ୍ମି|
2a1019017d	ତଦା ଇବ୍ରାହୀମ୍ ବଭାଷେ, ହେ ପୁତ୍ର ତ୍ୱଂ ଜୀୱନ୍ ସମ୍ପଦଂ ପ୍ରାପ୍ତୱାନ୍ ଇଲିଯାସରସ୍ତୁ ୱିପଦଂ ପ୍ରାପ୍ତୱାନ୍ ଏତତ୍ ସ୍ମର, କିନ୍ତୁ ସମ୍ପ୍ରତି ତସ୍ୟ ସୁଖଂ ତୱ ଚ ଦୁଃଖଂ ଭୱତି|
2a101a01aa	ଅପରମପି ଯୁଷ୍ମାକମ୍ ଅସ୍ମାକଞ୍ଚ ସ୍ଥାନଯୋ ର୍ମଧ୍ୟେ ମହଦ୍ୱିଚ୍ଛେଦୋଽସ୍ତି ତତ ଏତତ୍ସ୍ଥାନସ୍ୟ ଲୋକାସ୍ତତ୍ ସ୍ଥାନଂ ଯାତୁଂ ଯଦ୍ୱା ତତ୍ସ୍ଥାନସ୍ୟ ଲୋକା ଏତତ୍ ସ୍ଥାନମାଯାତୁଂ ନ ଶକ୍ନୁୱନ୍ତି|
2a101b00e1	ତଦା ସ ଉକ୍ତୱାନ୍, ହେ ପିତସ୍ତର୍ହି ତ୍ୱାଂ ନିୱେଦଯାମି ମମ ପିତୁ ର୍ଗେହେ ଯେ ମମ ପଞ୍ଚ ଭ୍ରାତରଃ ସନ୍ତି
2a101c00e3	ତେ ଯଥୈତଦ୍ ଯାତନାସ୍ଥାନଂ ନାଯାସ୍ୟନ୍ତି ତଥା ମନ୍ତ୍ରଣାଂ ଦାତୁଂ ତେଷାଂ ସମୀପମ୍ ଇଲିଯାସରଂ ପ୍ରେରଯ|
2a101d00fc	ତତ ଇବ୍ରାହୀମ୍ ଉୱାଚ, ମୂସାଭୱିଷ୍ୟଦ୍ୱାଦିନାଞ୍ଚ ପୁସ୍ତକାନି ତେଷାଂ ନିକଟେ ସନ୍ତି ତେ ତଦ୍ୱଚନାନି ମନ୍ୟନ୍ତାଂ|
2a101e014a	ତଦା ସ ନିୱେଦଯାମାସ, ହେ ପିତର୍ ଇବ୍ରାହୀମ୍ ନ ତଥା, କିନ୍ତୁ ଯଦି ମୃତଲୋକାନାଂ କଶ୍ଚିତ୍ ତେଷାଂ ସମୀପଂ ଯାତି ତର୍ହି ତେ ମନାଂସି ୱ୍ୟାଘୋଟଯିଷ୍ୟନ୍ତି|
2a101f0172	ତତ ଇବ୍ରାହୀମ୍ ଜଗାଦ, ତେ ଯଦି ମୂସାଭୱିଷ୍ୟଦ୍ୱାଦିନାଞ୍ଚ ୱଚନାନି ନ ମନ୍ୟନ୍ତେ ତର୍ହି ମୃତଲୋକାନାଂ କସ୍ମିଂଶ୍ଚିଦ୍ ଉତ୍ଥିତେପି ତେ ତସ୍ୟ ମନ୍ତ୍ରଣାଂ ନ ମଂସ୍ୟନ୍ତେ|
2a11010120	ଇତଃ ପରଂ ଯୀଶୁଃ ଶିଷ୍ୟାନ୍ ଉୱାଚ, ୱିଘ୍ନୈରୱଶ୍ୟମ୍ ଆଗନ୍ତୱ୍ୟଂ କିନ୍ତୁ ୱିଘ୍ନା ଯେନ ଘଟିଷ୍ୟନ୍ତେ ତସ୍ୟ ଦୁର୍ଗତି ର୍ଭୱିଷ୍ୟତି|
2a11020108	ଏତେଷାଂ କ୍ଷୁଦ୍ରପ୍ରାଣିନାମ୍ ଏକସ୍ୟାପି ୱିଘ୍ନଜନନାତ୍ କଣ୍ଠବଦ୍ଧପେଷଣୀକସ୍ୟ ତସ୍ୟ ସାଗରାଗାଧଜଲେ ମଜ୍ଜନଂ ଭଦ୍ରଂ|
2a11030147	ଯୂଯଂ ସ୍ୱେଷୁ ସାୱଧାନାସ୍ତିଷ୍ଠତ; ତୱ ଭ୍ରାତା ଯଦି ତୱ କିଞ୍ଚିଦ୍ ଅପରାଧ୍ୟତି ତର୍ହି ତଂ ତର୍ଜଯ, ତେନ ଯଦି ମନଃ ପରିୱର୍ତ୍ତଯତି ତର୍ହି ତଂ କ୍ଷମସ୍ୱ|
2a11040145	ପୁନରେକଦିନମଧ୍ୟେ ଯଦି ସ ତୱ ସପ୍ତକୃତ୍ୱୋଽପରାଧ୍ୟତି କିନ୍ତୁ ସପ୍ତକୃତ୍ୱ ଆଗତ୍ୟ ମନଃ ପରିୱର୍ତ୍ୟ ମଯାପରାଦ୍ଧମ୍ ଇତି ୱଦତି ତର୍ହି ତଂ କ୍ଷମସ୍ୱ|
2a11050091	ତଦା ପ୍ରେରିତାଃ ପ୍ରଭୁମ୍ ଅୱଦନ୍ ଅସ୍ମାକଂ ୱିଶ୍ୱାସଂ ୱର୍ଦ୍ଧଯ|
2a110601d9	ପ୍ରଭୁରୁୱାଚ, ଯଦି ଯୁଷ୍ମାକଂ ସର୍ଷପୈକପ୍ରମାଣୋ ୱିଶ୍ୱାସୋସ୍ତି ତର୍ହି ତ୍ୱଂ ସମୂଲମୁତ୍ପାଟିତୋ ଭୂତ୍ୱା ସମୁଦ୍ରେ ରୋପିତୋ ଭୱ କଥାଯାମ୍ ଏତସ୍ୟାମ୍ ଏତଦୁଡୁମ୍ବରାଯ କଥିତାଯାଂ ସ ଯୁଷ୍ମାକମାଜ୍ଞାୱହୋ ଭୱିଷ୍ୟତି|
2a1107013c	ଅପରଂ ସ୍ୱଦାସେ ହଲଂ ୱାହଯିତ୍ୱା ୱା ପଶୂନ୍ ଚାରଯିତ୍ୱା କ୍ଷେତ୍ରାଦ୍ ଆଗତେ ସତି ତଂ ୱଦତି, ଏହି ଭୋକ୍ତୁମୁପୱିଶ, ଯୁଷ୍ମାକମ୍ ଏତାଦୃଶଃ କୋସ୍ତି?
2a1108016d	ୱରଞ୍ଚ ପୂର୍ୱ୍ୱଂ ମମ ଖାଦ୍ୟମାସାଦ୍ୟ ଯାୱଦ୍ ଭୁଞ୍ଜେ ପିୱାମି ଚ ତାୱଦ୍ ବଦ୍ଧକଟିଃ ପରିଚର ପଶ୍ଚାତ୍ ତ୍ୱମପି ଭୋକ୍ଷ୍ୟସେ ପାସ୍ୟସି ଚ କଥାମୀଦୃଶୀଂ କିଂ ନ ୱକ୍ଷ୍ୟତି?
2a110900fb	ତେନ ଦାସେନ ପ୍ରଭୋରାଜ୍ଞାନୁରୂପେ କର୍ମ୍ମଣି କୃତେ ପ୍ରଭୁଃ କିଂ ତସ୍ମିନ୍ ବାଧିତୋ ଜାତଃ? ନେତ୍ଥଂ ବୁଧ୍ୟତେ ମଯା|
2a110a0168	ଇତ୍ଥଂ ନିରୂପିତେଷୁ ସର୍ୱ୍ୱକର୍ମ୍ମସୁ କୃତେଷୁ ସତ୍ମୁ ଯୂଯମପୀଦଂ ୱାକ୍ୟଂ ୱଦଥ, ୱଯମ୍ ଅନୁପକାରିଣୋ ଦାସା ଅସ୍ମାଭିର୍ୟଦ୍ୟତ୍କର୍ତ୍ତୱ୍ୟଂ ତନ୍ମାତ୍ରମେୱ କୃତଂ|
2a110b00b4	ସ ଯିରୂଶାଲମି ଯାତ୍ରାଂ କୁର୍ୱ୍ୱନ୍ ଶୋମିରୋଣ୍ଗାଲୀଲ୍ପ୍ରଦେଶମଧ୍ୟେନ ଗଚ୍ଛତି,
2a110c00ba	ଏତର୍ହି କୁତ୍ରଚିଦ୍ ଗ୍ରାମେ ପ୍ରୱେଶମାତ୍ରେ ଦଶକୁଷ୍ଠିନସ୍ତଂ ସାକ୍ଷାତ୍ କୃତ୍ୱା
2a110d00ab	ଦୂରେ ତିଷ୍ଠନତ ଉଚ୍ଚୈ ର୍ୱକ୍ତୁମାରେଭିରେ, ହେ ପ୍ରଭୋ ଯୀଶୋ ଦଯସ୍ୱାସ୍ମାନ୍|
2a110e00fd	ତତଃ ସ ତାନ୍ ଦୃଷ୍ଟ୍ୱା ଜଗାଦ, ଯୂଯଂ ଯାଜକାନାଂ ସମୀପେ ସ୍ୱାନ୍ ଦର୍ଶଯତ, ତତସ୍ତେ ଗଚ୍ଛନ୍ତୋ ରୋଗାତ୍ ପରିଷ୍କୃତାଃ|
2a110f013f	ତଦା ତେଷାମେକଃ ସ୍ୱଂ ସ୍ୱସ୍ଥଂ ଦୃଷ୍ଟ୍ୱା ପ୍ରୋଚ୍ଚୈରୀଶ୍ୱରଂ ଧନ୍ୟଂ ୱଦନ୍ ୱ୍ୟାଘୁଟ୍ୟାଯାତୋ ଯୀଶୋ ର୍ଗୁଣାନନୁୱଦନ୍ ତଚ୍ଚରଣାଧୋଭୂମୌ ପପାତ;
2a11100030	ସ ଚାସୀତ୍ ଶୋମିରୋଣୀ|
2a111100a4	ତଦା ଯୀଶୁରୱଦତ୍, ଦଶଜନାଃ କିଂ ନ ପରିଷ୍କୃତାଃ? ତହ୍ୟନ୍ୟେ ନୱଜନାଃ କୁତ୍ର?
2a111200a2	ଈଶ୍ୱରଂ ଧନ୍ୟଂ ୱଦନ୍ତମ୍ ଏନଂ ୱିଦେଶିନଂ ୱିନା କୋପ୍ୟନ୍ୟୋ ନ ପ୍ରାପ୍ୟତ|
2a111300ac	ତଦା ସ ତମୁୱାଚ, ତ୍ୱମୁତ୍ଥାଯ ଯାହି ୱିଶ୍ୱାସସ୍ତେ ତ୍ୱାଂ ସ୍ୱସ୍ଥଂ କୃତୱାନ୍|
2a1114012e	ଅଥ କଦେଶ୍ୱରସ୍ୟ ରାଜତ୍ୱଂ ଭୱିଷ୍ୟତୀତି ଫିରୂଶିଭିଃ ପୃଷ୍ଟେ ସ ପ୍ରତ୍ୟୁୱାଚ, ଈଶ୍ୱରସ୍ୟ ରାଜତ୍ୱମ୍ ଐଶ୍ୱର୍ୟ୍ୟଦର୍ଶନେନ ନ ଭୱିଷ୍ୟତି|
2a11150129	ଅତ ଏତସ୍ମିନ୍ ପଶ୍ୟ ତସ୍ମିନ୍ ୱା ପଶ୍ୟ, ଇତି ୱାକ୍ୟଂ ଲୋକା ୱକ୍ତୁଂ ନ ଶକ୍ଷ୍ୟନ୍ତି, ଈଶ୍ୱରସ୍ୟ ରାଜତ୍ୱଂ ଯୁଷ୍ମାକମ୍ ଅନ୍ତରେୱାସ୍ତେ|
2a11160131	ତତଃ ସ ଶିଷ୍ୟାନ୍ ଜଗାଦ, ଯଦା ଯୁଷ୍ମାଭି ର୍ମନୁଜସୁତସ୍ୟ ଦିନମେକଂ ଦ୍ରଷ୍ଟୁମ୍ ୱାଞ୍ଛିଷ୍ୟତେ କିନ୍ତୁ ନ ଦର୍ଶିଷ୍ୟତେ, ଈଦୃକ୍କାଲ ଆଯାତି|
2a111700f5	ତଦାତ୍ର ପଶ୍ୟ ୱା ତତ୍ର ପଶ୍ୟେତି ୱାକ୍ୟଂ ଲୋକା ୱକ୍ଷ୍ୟନ୍ତି, କିନ୍ତୁ ତେଷାଂ ପଶ୍ଚାତ୍ ମା ଯାତ, ମାନୁଗଚ୍ଛତ ଚ|
2a11180112	ଯତସ୍ତଡିଦ୍ ଯଥାକାଶୈକଦିଶ୍ୟୁଦିଯ ତଦନ୍ୟାମପି ଦିଶଂ ୱ୍ୟାପ୍ୟ ପ୍ରକାଶତେ ତଦ୍ୱତ୍ ନିଜଦିନେ ମନୁଜସୂନୁଃ ପ୍ରକାଶିଷ୍ୟତେ|
2a111900f3	କିନ୍ତୁ ତତ୍ପୂର୍ୱ୍ୱଂ ତେନାନେକାନି ଦୁଃଖାନି ଭୋକ୍ତୱ୍ୟାନ୍ୟେତଦ୍ୱର୍ତ୍ତମାନଲୋକୈଶ୍ଚ ସୋଽୱଜ୍ଞାତୱ୍ୟଃ|
2a111a00a6	ନୋହସ୍ୟ ୱିଦ୍ୟମାନକାଲେ ଯଥାଭୱତ୍ ମନୁଷ୍ୟସୂନୋଃ କାଲେପି ତଥା ଭୱିଷ୍ୟତି|
2a111b0151	ଯାୱତ୍କାଲଂ ନୋହୋ ମହାପୋତଂ ନାରୋହଦ୍ ଆପ୍ଲାୱିୱାର୍ୟ୍ୟେତ୍ୟ ସର୍ୱ୍ୱଂ ନାନାଶଯଚ୍ଚ ତାୱତ୍କାଲଂ ଯଥା ଲୋକା ଅଭୁଞ୍ଜତାପିୱନ୍ ୱ୍ୟୱହନ୍ ୱ୍ୟୱାହଯଂଶ୍ଚ;
2a111c0106	ଇତ୍ଥଂ ଲୋଟୋ ୱର୍ତ୍ତମାନକାଲେପି ଯଥା ଲୋକା ଭୋଜନପାନକ୍ରଯୱିକ୍ରଯରୋପଣଗୃହନିର୍ମ୍ମାଣକର୍ମ୍ମସୁ ପ୍ରାୱର୍ତ୍ତନ୍ତ,
2a111d00eb	କିନ୍ତୁ ଯଦା ଲୋଟ୍ ସିଦୋମୋ ନିର୍ଜଗାମ ତଦା ନଭସଃ ସଗନ୍ଧକାଗ୍ନିୱୃଷ୍ଟି ର୍ଭୂତ୍ୱା ସର୍ୱ୍ୱଂ ୱ୍ୟନାଶଯତ୍
2a111e006c	ତଦ୍ୱନ୍ ମାନୱପୁତ୍ରପ୍ରକାଶଦିନେପି ଭୱିଷ୍ୟତି|
2a111f0160	ତଦା ଯଦି କଶ୍ଚିଦ୍ ଗୃହୋପରି ତିଷ୍ଠତି ତର୍ହି ସ ଗୃହମଧ୍ୟାତ୍ କିମପି ଦ୍ରୱ୍ୟମାନେତୁମ୍ ଅୱରୁହ୍ୟ ନୈତୁ; ଯଶ୍ଚ କ୍ଷେତ୍ରେ ତିଷ୍ଠତି ସୋପି ୱ୍ୟାଘୁଟ୍ୟ ନାଯାତୁ|
2a11200030	ଲୋଟଃ ପତ୍ନୀଂ ସ୍ମରତ|
2a11210121	ଯଃ ପ୍ରାଣାନ୍ ରକ୍ଷିତୁଂ ଚେଷ୍ଟିଷ୍ୟତେ ସ ପ୍ରାଣାନ୍ ହାରଯିଷ୍ୟତି ଯସ୍ତୁ ପ୍ରାଣାନ୍ ହାରଯିଷ୍ୟତି ସଏୱ ପ୍ରାଣାନ୍ ରକ୍ଷିଷ୍ୟତି|
2a112200da	ଯୁଷ୍ମାନହଂ ୱଚ୍ମି ତସ୍ୟାଂ ରାତ୍ରୌ ଶଯ୍ୟୈକଗତଯୋ ର୍ଲୋକଯୋରେକୋ ଧାରିଷ୍ୟତେ ପରସ୍ତ୍ୟକ୍ଷ୍ୟତେ|
2a112300cf	ସ୍ତ୍ରିଯୌ ଯୁଗପତ୍ ପେଷଣୀଂ ୱ୍ୟାୱର୍ତ୍ତଯିଷ୍ୟତସ୍ତଯୋରେକା ଧାରିଷ୍ୟତେ ପରାତ୍ୟକ୍ଷ୍ୟତେ|
2a112400a7	ପୁରୁଷୌ କ୍ଷେତ୍ରେ ସ୍ଥାସ୍ୟତସ୍ତଯୋରେକୋ ଧାରିଷ୍ୟତେ ପରସ୍ତ୍ୟକ୍ଷ୍ୟତେ|
2a112500ff	ତଦା ତେ ପପ୍ରଚ୍ଛୁଃ, ହେ ପ୍ରଭୋ କୁତ୍ରେତ୍ଥଂ ଭୱିଷ୍ୟତି? ତତଃ ସ ଉୱାଚ, ଯତ୍ର ଶୱସ୍ତିଷ୍ଠତି ତତ୍ର ଗୃଧ୍ରା ମିଲନ୍ତି|
2a120100ed	ଅପରଞ୍ଚ ଲୋକୈରକ୍ଲାନ୍ତୈ ର୍ନିରନ୍ତରଂ ପ୍ରାର୍ଥଯିତୱ୍ୟମ୍ ଇତ୍ୟାଶଯେନ ଯୀଶୁନା ଦୃଷ୍ଟାନ୍ତ ଏକଃ କଥିତଃ|
2a120200da	କୁତ୍ରଚିନ୍ନଗରେ କଶ୍ଚିତ୍ ପ୍ରାଡ୍ୱିୱାକ ଆସୀତ୍ ସ ଈଶ୍ୱରାନ୍ନାବିଭେତ୍ ମାନୁଷାଂଶ୍ଚ ନାମନ୍ୟତ|
2a120300fa	ଅଥ ତତ୍ପୁରୱାସିନୀ କାଚିଦ୍ୱିଧୱା ତତ୍ସମୀପମେତ୍ୟ ୱିୱାଦିନା ସହ ମମ ୱିୱାଦଂ ପରିଷ୍କୁର୍ୱ୍ୱିତି ନିୱେଦଯାମାସ|
2a12040139	ତତଃ ସ ପ୍ରାଡ୍ୱିୱାକଃ କିଯଦ୍ଦିନାନି ନ ତଦଙ୍ଗୀକୃତୱାନ୍ ପଶ୍ଚାଚ୍ଚିତ୍ତେ ଚିନ୍ତଯାମାସ, ଯଦ୍ୟପୀଶ୍ୱରାନ୍ନ ବିଭେମି ମନୁଷ୍ୟାନପି ନ ମନ୍ୟେ
2a1205011b	ତଥାପ୍ୟେଷା ୱିଧୱା ମାଂ କ୍ଲିଶ୍ନାତି ତସ୍ମାଦସ୍ୟା ୱିୱାଦଂ ପରିଷ୍କରିଷ୍ୟାମି ନୋଚେତ୍ ସା ସଦାଗତ୍ୟ ମାଂ ୱ୍ୟଗ୍ରଂ କରିଷ୍ୟତି|
2a120600af	ପଶ୍ଚାତ୍ ପ୍ରଭୁରୱଦଦ୍ ଅସାୱନ୍ୟାଯପ୍ରାଡ୍ୱିୱାକୋ ଯଦାହ ତତ୍ର ମନୋ ନିଧଧ୍ୱଂ|
2a12070124	ଈଶ୍ୱରସ୍ୟ ଯେ ଽଭିରୁଚିତଲୋକା ଦିୱାନିଶଂ ପ୍ରାର୍ଥଯନ୍ତେ ସ ବହୁଦିନାନି ୱିଲମ୍ବ୍ୟାପି ତେଷାଂ ୱିୱାଦାନ୍ କିଂ ନ ପରିଷ୍କରିଷ୍ୟତି?
2a1208013d	ଯୁଷ୍ମାନହଂ ୱଦାମି ତ୍ୱରଯା ପରିଷ୍କରିଷ୍ୟତି, କିନ୍ତୁ ଯଦା ମନୁଷ୍ୟପୁତ୍ର ଆଗମିଷ୍ୟତି ତଦା ପୃଥିୱ୍ୟାଂ କିମୀଦୃଶଂ ୱିଶ୍ୱାସଂ ପ୍ରାପ୍ସ୍ୟତି?
2a12090117	ଯେ ସ୍ୱାନ୍ ଧାର୍ମ୍ମିକାନ୍ ଜ୍ଞାତ୍ୱା ପରାନ୍ ତୁଚ୍ଛୀକୁର୍ୱ୍ୱନ୍ତି ଏତାଦୃଗ୍ଭ୍ୟଃ, କିଯଦ୍ଭ୍ୟ ଇମଂ ଦୃଷ୍ଟାନ୍ତଂ କଥଯାମାସ|
2a120a00a3	ଏକଃ ଫିରୂଶ୍ୟପରଃ କରସଞ୍ଚାଯୀ ଦ୍ୱାୱିମୌ ପ୍ରାର୍ଥଯିତୁଂ ମନ୍ଦିରଂ ଗତୌ|
2a120b018b	ତତୋଽସୌ ଫିରୂଶ୍ୟେକପାର୍ଶ୍ୱେ ତିଷ୍ଠନ୍ ହେ ଈଶ୍ୱର ଅହମନ୍ୟଲୋକୱତ୍ ଲୋଠଯିତାନ୍ୟାଯୀ ପାରଦାରିକଶ୍ଚ ନ ଭୱାମି ଅସ୍ୟ କରସଞ୍ଚାଯିନସ୍ତୁଲ୍ୟଶ୍ଚ ନ, ତସ୍ମାତ୍ତ୍ୱାଂ ଧନ୍ୟଂ ୱଦାମି|
2a120c00fe	ସପ୍ତସୁ ଦିନେଷୁ ଦିନଦ୍ୱଯମୁପୱସାମି ସର୍ୱ୍ୱସମ୍ପତ୍ତେ ର୍ଦଶମାଂଶଂ ଦଦାମି ଚ, ଏତତ୍କଥାଂ କଥଯନ୍ ପ୍ରାର୍ଥଯାମାସ|
2a120d0160	କିନ୍ତୁ ସ କରସଞ୍ଚାଯି ଦୂରେ ତିଷ୍ଠନ୍ ସ୍ୱର୍ଗଂ ଦ୍ରଷ୍ଟୁଂ ନେଚ୍ଛନ୍ ୱକ୍ଷସି କରାଘାତଂ କୁର୍ୱ୍ୱନ୍ ହେ ଈଶ୍ୱର ପାପିଷ୍ଠଂ ମାଂ ଦଯସ୍ୱ, ଇତ୍ଥଂ ପ୍ରାର୍ଥଯାମାସ|
2a120e01cf	ଯୁଷ୍ମାନହଂ ୱଦାମି, ତଯୋର୍ଦ୍ୱଯୋ ର୍ମଧ୍ୟେ କେୱଲଃ କରସଞ୍ଚାଯୀ ପୁଣ୍ୟୱତ୍ତ୍ୱେନ ଗଣିତୋ ନିଜଗୃହଂ ଜଗାମ, ଯତୋ ଯଃ କଶ୍ଚିତ୍ ସ୍ୱମୁନ୍ନମଯତି ସ ନାମଯିଷ୍ୟତେ କିନ୍ତୁ ଯଃ କଶ୍ଚିତ୍ ସ୍ୱଂ ନମଯତି ସ ଉନ୍ନମଯିଷ୍ୟତେ|
2a120f0111	ଅଥ ଶିଶୂନାଂ ଗାତ୍ରସ୍ପର୍ଶାର୍ଥଂ ଲୋକାସ୍ତାନ୍ ତସ୍ୟ ସମୀପମାନିନ୍ୟୁଃ ଶିଷ୍ୟାସ୍ତଦ୍ ଦୃଷ୍ଟ୍ୱାନେତୃନ୍ ତର୍ଜଯାମାସୁଃ,
2a12100139	କିନ୍ତୁ ଯୀଶୁସ୍ତାନାହୂଯ ଜଗାଦ, ମନ୍ନିକଟମ୍ ଆଗନ୍ତୁଂ ଶିଶୂନ୍ ଅନୁଜାନୀଧ୍ୱଂ ତାଂଶ୍ଚ ମା ୱାରଯତ; ଯତ ଈଶ୍ୱରରାଜ୍ୟାଧିକାରିଣ ଏଷାଂ ସଦୃଶାଃ|
2a12110140	ଅହଂ ଯୁଷ୍ମାନ୍ ଯଥାର୍ଥଂ ୱଦାମି, ଯୋ ଜନଃ ଶିଶୋଃ ସଦୃଶୋ ଭୂତ୍ୱା ଈଶ୍ୱରରାଜ୍ୟଂ ନ ଗୃହ୍ଲାତି ସ କେନାପି ପ୍ରକାରେଣ ତତ୍ ପ୍ରୱେଷ୍ଟୁଂ ନ ଶକ୍ନୋତି|
2a121200d8	ଅପରମ୍ ଏକୋଧିପତିସ୍ତଂ ପପ୍ରଚ୍ଛ, ହେ ପରମଗୁରୋ, ଅନନ୍ତାଯୁଷଃ ପ୍ରାପ୍ତଯେ ମଯା କିଂ କର୍ତ୍ତୱ୍ୟଂ?
2a1213009a	ଯୀଶୁରୁୱାଚ, ମାଂ କୁତଃ ପରମଂ ୱଦସି? ଈଶ୍ୱରଂ ୱିନା କୋପି ପରମୋ ନ ଭୱତି|
2a12140142	ପରଦାରାନ୍ ମା ଗଚ୍ଛ, ନରଂ ମା ଜହି, ମା ଚୋରଯ, ମିଥ୍ୟାସାକ୍ଷ୍ୟଂ ମା ଦେହି, ମାତରଂ ପିତରଞ୍ଚ ସଂମନ୍ୟସ୍ୱ, ଏତା ଯା ଆଜ୍ଞାଃ ସନ୍ତି ତାସ୍ତ୍ୱଂ ଜାନାସି|
2a12150071	ତଦା ସ ଉୱାଚ, ବାଲ୍ୟକାଲାତ୍ ସର୍ୱ୍ୱା ଏତା ଆଚରାମି|
2a121601b1	ଇତି କଥାଂ ଶ୍ରୁତ୍ୱା ଯୀଶୁସ୍ତମୱଦତ୍, ତଥାପି ତୱୈକଂ କର୍ମ୍ମ ନ୍ୟୂନମାସ୍ତେ, ନିଜଂ ସର୍ୱ୍ୱସ୍ୱଂ ୱିକ୍ରୀଯ ଦରିଦ୍ରେଭ୍ୟୋ ୱିତର, ତସ୍ମାତ୍ ସ୍ୱର୍ଗେ ଧନଂ ପ୍ରାପ୍ସ୍ୟସି; ତତ ଆଗତ୍ୟ ମମାନୁଗାମୀ ଭୱ|
2a121700ad	କିନ୍ତ୍ୱେତାଂ କଥାଂ ଶ୍ରୁତ୍ୱା ସୋଧିପତିଃ ଶୁଶୋଚ, ଯତସ୍ତସ୍ୟ ବହୁଧନମାସୀତ୍|
2a121800e1	ତଦା ଯୀଶୁସ୍ତମତିଶୋକାନ୍ୱିତଂ ଦୃଷ୍ଟ୍ୱା ଜଗାଦ, ଧନୱତାମ୍ ଈଶ୍ୱରରାଜ୍ୟପ୍ରୱେଶଃ କୀଦୃଗ୍ ଦୁଷ୍କରଃ|
2a121900bb	ଈଶ୍ୱରରାଜ୍ୟେ ଧନିନଃ ପ୍ରୱେଶାତ୍ ସୂଚେଶ୍ଛିଦ୍ରେଣ ମହାଙ୍ଗସ୍ୟ ଗମନାଗମନେ ସୁକରେ|
2a121a008f	ଶ୍ରୋତାରଃ ପପ୍ରଚ୍ଛୁସ୍ତର୍ହି କେନ ପରିତ୍ରାଣଂ ପ୍ରାପ୍ସ୍ୟତେ?
2a121b0080	ସ ଉକ୍ତୱାନ୍, ଯନ୍ ମାନୁଷେଣାଶକ୍ୟଂ ତଦ୍ ଈଶ୍ୱରେଣ ଶକ୍ୟଂ|
2a121c00b5	ତଦା ପିତର ଉୱାଚ, ପଶ୍ୟ ୱଯଂ ସର୍ୱ୍ୱସ୍ୱଂ ପରିତ୍ୟଜ୍ୟ ତୱ ପଶ୍ଚାଦ୍ଗାମିନୋଽଭୱାମ|
2a121d0110	ତତଃ ସ ଉୱାଚ, ଯୁଷ୍ମାନହଂ ଯଥାର୍ଥଂ ୱଦାମି, ଈଶ୍ୱରରାଜ୍ୟାର୍ଥଂ ଗୃହଂ ପିତରୌ ଭ୍ରାତୃଗଣଂ ଜାଯାଂ ସନ୍ତାନାଂଶ୍ଚ ତ୍ୟକ୍ତୱା
2a121e00c2	ଇହ କାଲେ ତତୋଽଧିକଂ ପରକାଲେ ଽନନ୍ତାଯୁଶ୍ଚ ନ ପ୍ରାପ୍ସ୍ୟତି ଲୋକ ଈଦୃଶଃ କୋପି ନାସ୍ତି|
2a121f0183	ଅନନ୍ତରଂ ସ ଦ୍ୱାଦଶଶିଷ୍ୟାନାହୂଯ ବଭାଷେ, ପଶ୍ୟତ ୱଯଂ ଯିରୂଶାଲମ୍ନଗରଂ ଯାମଃ, ତସ୍ମାତ୍ ମନୁଷ୍ୟପୁତ୍ରେ ଭୱିଷ୍ୟଦ୍ୱାଦିଭିରୁକ୍ତଂ ଯଦସ୍ତି ତଦନୁରୂପଂ ତଂ ପ୍ରତି ଘଟିଷ୍ୟତେ;
2a122001aa	ୱସ୍ତୁତସ୍ତୁ ସୋଽନ୍ୟଦେଶୀଯାନାଂ ହସ୍ତେଷୁ ସମର୍ପଯିଷ୍ୟତେ, ତେ ତମୁପହସିଷ୍ୟନ୍ତି, ଅନ୍ୟାଯମାଚରିଷ୍ୟନ୍ତି ତଦ୍ୱପୁଷି ନିଷ୍ଠୀୱଂ ନିକ୍ଷେପ୍ସ୍ୟନ୍ତି, କଶାଭିଃ ପ୍ରହୃତ୍ୟ ତଂ ହନିଷ୍ୟନ୍ତି ଚ,
2a1221006e	କିନ୍ତୁ ତୃତୀଯଦିନେ ସ ଶ୍ମଶାନାଦ୍ ଉତ୍ଥାସ୍ୟତି|
2a1222014c	ଏତସ୍ୟାଃ କଥାଯା ଅଭିପ୍ରାଯଂ କିଞ୍ଚିଦପି ତେ ବୋଦ୍ଧୁଂ ନ ଶେକୁଃ ତେଷାଂ ନିକଟେଽସ୍ପଷ୍ଟତୱାତ୍ ତସ୍ୟୈତାସାଂ କଥାନାମ୍ ଆଶଯଂ ତେ ଜ୍ଞାତୁଂ ନ ଶେକୁଶ୍ଚ|
2a122300f4	ଅଥ ତସ୍ମିନ୍ ଯିରୀହୋଃ ପୁରସ୍ୟାନ୍ତିକଂ ପ୍ରାପ୍ତେ କଶ୍ଚିଦନ୍ଧଃ ପଥଃ ପାର୍ଶ୍ୱ ଉପୱିଶ୍ୟ ଭିକ୍ଷାମ୍ ଅକରୋତ୍
2a1224008a	ସ ଲୋକସମୂହସ୍ୟ ଗମନଶବ୍ଦଂ ଶ୍ରୁତ୍ୱା ତତ୍କାରଣଂ ପୃଷ୍ଟୱାନ୍|
2a12250094	ନାସରତୀଯଯୀଶୁର୍ୟାତୀତି ଲୋକୈରୁକ୍ତେ ସ ଉଚ୍ଚୈର୍ୱକ୍ତୁମାରେଭେ,
2a12260054	ହେ ଦାଯୂଦଃ ସନ୍ତାନ ଯୀଶୋ ମାଂ ଦଯସ୍ୱ|
2a122700fe	ତତୋଗ୍ରଗାମିନସ୍ତଂ ମୌନୀ ତିଷ୍ଠେତି ତର୍ଜଯାମାସୁଃ କିନ୍ତୁ ସ ପୁନାରୁୱନ୍ ଉୱାଚ, ହେ ଦାଯୂଦଃ ସନ୍ତାନ ମାଂ ଦଯସ୍ୱ|
2a12280091	ତଦା ଯୀଶୁଃ ସ୍ଥଗିତୋ ଭୂତ୍ୱା ସ୍ୱାନ୍ତିକେ ତମାନେତୁମ୍ ଆଦିଦେଶ|
2a12290141	ତତଃ ସ ତସ୍ୟାନ୍ତିକମ୍ ଆଗମତ୍, ତଦା ସ ତଂ ପପ୍ରଚ୍ଛ, ତ୍ୱଂ କିମିଚ୍ଛସି? ତ୍ୱଦର୍ଥମହଂ କିଂ କରିଷ୍ୟାମି? ସ ଉକ୍ତୱାନ୍, ହେ ପ୍ରଭୋଽହଂ ଦ୍ରଷ୍ଟୁଂ ଲଭୈ|
2a122a00ba	ତଦା ଯୀଶୁରୁୱାଚ, ଦୃଷ୍ଟିଶକ୍ତିଂ ଗୃହାଣ ତୱ ପ୍ରତ୍ୟଯସ୍ତ୍ୱାଂ ସ୍ୱସ୍ଥଂ କୃତୱାନ୍|
2a122b0163	ତତସ୍ତତ୍କ୍ଷଣାତ୍ ତସ୍ୟ ଚକ୍ଷୁଷୀ ପ୍ରସନ୍ନେ; ତସ୍ମାତ୍ ସ ଈଶ୍ୱରଂ ଧନ୍ୟଂ ୱଦନ୍ ତତ୍ପଶ୍ଚାଦ୍ ଯଯୌ, ତଦାଲୋକ୍ୟ ସର୍ୱ୍ୱେ ଲୋକା ଈଶ୍ୱରଂ ପ୍ରଶଂସିତୁମ୍ ଆରେଭିରେ|
2a1301008f	ଯଦା ଯୀଶୁ ର୍ୟିରୀହୋପୁରଂ ପ୍ରୱିଶ୍ୟ ତନ୍ମଧ୍ୟେନ ଗଚ୍ଛଂସ୍ତଦା
2a13020072	ସକ୍କେଯନାମା କରସଞ୍ଚାଯିନାଂ ପ୍ରଧାନୋ ଧନୱାନେକୋ
2a130300ed	ଯୀଶୁଃ କୀଦୃଗିତି ଦ୍ରଷ୍ଟୁଂ ଚେଷ୍ଟିତୱାନ୍ କିନ୍ତୁ ଖର୍ୱ୍ୱତ୍ୱାଲ୍ଲୋକସଂଘମଧ୍ୟେ ତଦ୍ଦର୍ଶନମପ୍ରାପ୍ୟ
2a130400c0	ଯେନ ପଥା ସ ଯାସ୍ୟତି ତତ୍ପଥେଽଗ୍ରେ ଧାୱିତ୍ୱା ତଂ ଦ୍ରଷ୍ଟୁମ୍ ଉଡୁମ୍ବରତରୁମାରୁରୋହ|
2a1305014a	ପଶ୍ଚାଦ୍ ଯୀଶୁସ୍ତତ୍ସ୍ଥାନମ୍ ଇତ୍ୱା ଊର୍ଦ୍ଧ୍ୱଂ ୱିଲୋକ୍ୟ ତଂ ଦୃଷ୍ଟ୍ୱାୱାଦୀତ୍, ହେ ସକ୍କେଯ ତ୍ୱଂ ଶୀଘ୍ରମୱରୋହ ମଯାଦ୍ୟ ତ୍ୱଦ୍ଗେହେ ୱସ୍ତୱ୍ୟଂ|
2a13060066	ତତଃ ସ ଶୀଘ୍ରମୱରୁହ୍ୟ ସାହ୍ଲାଦଂ ତଂ ଜଗ୍ରାହ|
2a130700d5	ତଦ୍ ଦୃଷ୍ଟ୍ୱା ସର୍ୱ୍ୱେ ୱିୱଦମାନା ୱକ୍ତୁମାରେଭିରେ, ସୋତିଥିତ୍ୱେନ ଦୁଷ୍ଟଲୋକଗୃହଂ ଗଚ୍ଛତି|
2a130801f2	କିନ୍ତୁ ସକ୍କେଯୋ ଦଣ୍ଡାଯମାନୋ ୱକ୍ତୁମାରେଭେ, ହେ ପ୍ରଭୋ ପଶ୍ୟ ମମ ଯା ସମ୍ପତ୍ତିରସ୍ତି ତଦର୍ଦ୍ଧଂ ଦରିଦ୍ରେଭ୍ୟୋ ଦଦେ, ଅପରମ୍ ଅନ୍ୟାଯଂ କୃତ୍ୱା କସ୍ମାଦପି ଯଦି କଦାପି କିଞ୍ଚିତ୍ ମଯା ଗୃହୀତଂ ତର୍ହି ତଚ୍ଚତୁର୍ଗୁଣଂ ଦଦାମି|
2a130900ed	ତଦା ଯୀଶୁସ୍ତମୁକ୍ତୱାନ୍ ଅଯମପି ଇବ୍ରାହୀମଃ ସନ୍ତାନୋଽତଃ କାରଣାଦ୍ ଅଦ୍ୟାସ୍ୟ ଗୃହେ ତ୍ରାଣମୁପସ୍ଥିତଂ|
2a130a0097	ଯଦ୍ ହାରିତଂ ତତ୍ ମୃଗଯିତୁଂ ରକ୍ଷିତୁଞ୍ଚ ମନୁଷ୍ୟପୁତ୍ର ଆଗତୱାନ୍|
2a130b018d	ଅଥ ସ ଯିରୂଶାଲମଃ ସମୀପ ଉପାତିଷ୍ଠଦ୍ ଈଶ୍ୱରରାଜତ୍ୱସ୍ୟାନୁଷ୍ଠାନଂ ତଦୈୱ ଭୱିଷ୍ୟତୀତି ଲୋକୈରନ୍ୱଭୂଯତ, ତସ୍ମାତ୍ ସ ଶ୍ରୋତୃଭ୍ୟଃ ପୁନର୍ଦୃଷ୍ଟାନ୍ତକଥାମ୍ ଉତ୍ଥାପ୍ୟ କଥଯାମାସ|
2a130c00bc	କୋପି ମହାଲ୍ଲୋକୋ ନିଜାର୍ଥଂ ରାଜତ୍ୱପଦଂ ଗୃହୀତ୍ୱା ପୁନରାଗନ୍ତୁଂ ଦୂରଦେଶଂ ଜଗାମ|
2a130d0111	ଯାତ୍ରାକାଲେ ନିଜାନ୍ ଦଶଦାସାନ୍ ଆହୂଯ ଦଶସ୍ୱର୍ଣମୁଦ୍ରା ଦତ୍ତ୍ୱା ମମାଗମନପର୍ୟ୍ୟନ୍ତଂ ୱାଣିଜ୍ୟଂ କୁରୁତେତ୍ୟାଦିଦେଶ|
2a130e0132	କିନ୍ତୁ ତସ୍ୟ ପ୍ରଜାସ୍ତମୱଜ୍ଞାଯ ମନୁଷ୍ୟମେନମ୍ ଅସ୍ମାକମୁପରି ରାଜତ୍ୱଂ ନ କାରଯିୱ୍ୟାମ ଇମାଂ ୱାର୍ତ୍ତାଂ ତନ୍ନିକଟେ ପ୍ରେରଯାମାସୁଃ|
2a130f0156	ଅଥ ସ ରାଜତ୍ୱପଦଂ ପ୍ରାପ୍ୟାଗତୱାନ୍ ଏକୈକୋ ଜନୋ ବାଣିଜ୍ୟେନ କିଂ ଲବ୍ଧୱାନ୍ ଇତି ଜ୍ଞାତୁଂ ଯେଷୁ ଦାସେଷୁ ମୁଦ୍ରା ଅର୍ପଯତ୍ ତାନ୍ ଆହୂଯାନେତୁମ୍ ଆଦିଦେଶ|
2a131000b7	ତଦା ପ୍ରଥମ ଆଗତ୍ୟ କଥିତୱାନ୍, ହେ ପ୍ରଭୋ ତୱ ତଯୈକଯା ମୁଦ୍ରଯା ଦଶମୁଦ୍ରା ଲବ୍ଧାଃ|
2a131100ec	ତତଃ ସ ଉୱାଚ ତ୍ୱମୁତ୍ତମୋ ଦାସଃ ସ୍ୱଲ୍ପେନ ୱିଶ୍ୱାସ୍ୟୋ ଜାତ ଇତଃ କାରଣାତ୍ ତ୍ୱଂ ଦଶନଗରାଣାମ୍ ଅଧିପୋ ଭୱ|
2a131200b2	ଦ୍ୱିତୀଯ ଆଗତ୍ୟ କଥିତୱାନ୍, ହେ ପ୍ରଭୋ ତୱୈକଯା ମୁଦ୍ରଯା ପଞ୍ଚମୁଦ୍ରା ଲବ୍ଧାଃ|
2a13130074	ତତଃ ସ ଉୱାଚ, ତ୍ୱଂ ପଞ୍ଚାନାଂ ନଗରାଣାମଧିପତି ର୍ଭୱ|
2a131400d7	ତତୋନ୍ୟ ଆଗତ୍ୟ କଥଯାମାସ, ହେ ପ୍ରଭୋ ପଶ୍ୟ ତୱ ଯା ମୁଦ୍ରା ଅହଂ ୱସ୍ତ୍ରେ ବଦ୍ଧ୍ୱାସ୍ଥାପଯଂ ସେଯଂ|
2a131500e0	ତ୍ୱଂ କୃପଣୋ ଯନ୍ନାସ୍ଥାପଯସ୍ତଦପି ଗୃହ୍ଲାସି, ଯନ୍ନାୱପସ୍ତଦେୱ ଚ ଛିନତ୍ସି ତତୋହଂ ତ୍ୱତ୍ତୋ ଭୀତଃ|
2a1316018f	ତଦା ସ ଜଗାଦ, ରେ ଦୁଷ୍ଟଦାସ ତୱ ୱାକ୍ୟେନ ତ୍ୱାଂ ଦୋଷିଣଂ କରିଷ୍ୟାମି, ଯଦହଂ ନାସ୍ଥାପଯଂ ତଦେୱ ଗୃହ୍ଲାମି, ଯଦହଂ ନାୱପଞ୍ଚ ତଦେୱ ଛିନଦ୍ମି, ଏତାଦୃଶଃ କୃପଣୋହମିତି ଯଦି ତ୍ୱଂ ଜାନାସି,
2a1317011a	ତର୍ହି ମମ ମୁଦ୍ରା ବଣିଜାଂ ନିକଟେ କୁତୋ ନାସ୍ଥାପଯଃ? ତଯା କୃତେଽହମ୍ ଆଗତ୍ୟ କୁସୀଦେନ ସାର୍ଦ୍ଧଂ ନିଜମୁଦ୍ରା ଅପ୍ରାପ୍ସ୍ୟମ୍|
2a131800f1	ପଶ୍ଚାତ୍ ସ ସମୀପସ୍ଥାନ୍ ଜନାନ୍ ଆଜ୍ଞାପଯତ୍ ଅସ୍ମାତ୍ ମୁଦ୍ରା ଆନୀଯ ଯସ୍ୟ ଦଶମୁଦ୍ରାଃ ସନ୍ତି ତସ୍ମୈ ଦତ୍ତ|
2a13190065	ତେ ପ୍ରୋଚୁଃ ପ୍ରଭୋଽସ୍ୟ ଦଶମୁଦ୍ରାଃ ସନ୍ତି|
2a131a0152	ଯୁଷ୍ମାନହଂ ୱଦାମି ଯସ୍ୟାଶ୍ରଯେ ୱଦ୍ଧତେ ଽଧିକଂ ତସ୍ମୈ ଦାଯିଷ୍ୟତେ, କିନ୍ତୁ ଯସ୍ୟାଶ୍ରଯେ ନ ୱର୍ଦ୍ଧତେ ତସ୍ୟ ଯଦ୍ୟଦସ୍ତି ତଦପି ତସ୍ମାନ୍ ନାଯିଷ୍ୟତେ|
2a131b00ef	କିନ୍ତୁ ମମାଧିପତିତ୍ୱସ୍ୟ ୱଶତ୍ୱେ ସ୍ଥାତୁମ୍ ଅସମ୍ମନ୍ୟମାନା ଯେ ମମ ରିପୱସ୍ତାନାନୀଯ ମମ ସମକ୍ଷଂ ସଂହରତ|
2a131c0090	ଇତ୍ୟୁପଦେଶକଥାଂ କଥଯିତ୍ୱା ସୋଗ୍ରଗଃ ସନ୍ ଯିରୂଶାଲମପୁରଂ ଯଯୌ|
2a131d0107	ତତୋ ବୈତ୍ଫଗୀବୈଥନୀଯାଗ୍ରାମଯୋଃ ସମୀପେ ଜୈତୁନାଦ୍ରେରନ୍ତିକମ୍ ଇତ୍ୱା ଶିଷ୍ୟଦ୍ୱଯମ୍ ଇତ୍ୟୁକ୍ତ୍ୱା ପ୍ରେଷଯାମାସ,
2a131e013f	ଯୁୱାମମୁଂ ସମ୍ମୁଖସ୍ଥଗ୍ରାମଂ ପ୍ରୱିଶ୍ୟୈୱ ଯଂ କୋପି ମାନୁଷଃ କଦାପି ନାରୋହତ୍ ତଂ ଗର୍ଦ୍ଦଭଶାୱକଂ ବଦ୍ଧଂ ଦ୍ରକ୍ଷ୍ୟଥସ୍ତଂ ମୋଚଯିତ୍ୱାନଯତଂ|
2a131f00dc	ତତ୍ର କୁତୋ ମୋଚଯଥଃ? ଇତି ଚେତ୍ କୋପି ୱକ୍ଷ୍ୟତି ତର୍ହି ୱକ୍ଷ୍ୟଥଃ ପ୍ରଭେରତ୍ର ପ୍ରଯୋଜନମ୍ ଆସ୍ତେ|
2a1320008e	ତଦା ତୌ ପ୍ରରିତୌ ଗତ୍ୱା ତତ୍କଥାନୁସାରେଣ ସର୍ୱ୍ୱଂ ପ୍ରାପ୍ତୌ|
2a1321009a	ଗର୍ଦଭଶାୱକମୋଚନକାଲେ ତତ୍ୱାମିନ ଊଚୁଃ, ଗର୍ଦଭଶାୱକଂ କୁତୋ ମୋଚଯଥଃ?
2a13220061	ତାୱୂଚତୁଃ ପ୍ରଭୋରତ୍ର ପ୍ରଯୋଜନମ୍ ଆସ୍ତେ|
2a1323010c	ପଶ୍ଚାତ୍ ତୌ ତଂ ଗର୍ଦଭଶାୱକଂ ଯୀଶୋରନ୍ତିକମାନୀଯ ତତ୍ପୃଷ୍ଠେ ନିଜୱସନାନି ପାତଯିତ୍ୱା ତଦୁପରି ଯୀଶୁମାରୋହଯାମାସତୁଃ|
2a13240097	ଅଥ ଯାତ୍ରାକାଲେ ଲୋକାଃ ପଥି ସ୍ୱୱସ୍ତ୍ରାଣି ପାତଯିତୁମ୍ ଆରେଭିରେ|
2a132500e2	ଅପରଂ ଜୈତୁନାଦ୍ରେରୁପତ୍ୟକାମ୍ ଇତ୍ୱା ଶିଷ୍ୟସଂଘଃ ପୂର୍ୱ୍ୱଦୃଷ୍ଟାନି ମହାକର୍ମ୍ମାଣି ସ୍ମୃତ୍ୱା,
2a1326016b	ଯୋ ରାଜା ପ୍ରଭୋ ର୍ନାମ୍ନାଯାତି ସ ଧନ୍ୟଃ ସ୍ୱର୍ଗେ କୁଶଲଂ ସର୍ୱ୍ୱୋଚ୍ଚେ ଜଯଧ୍ୱନି ର୍ଭୱତୁ, କଥାମେତାଂ କଥଯିତ୍ୱା ସାନନ୍ଦମ୍ ଉଚୈରୀଶ୍ୱରଂ ଧନ୍ୟଂ ୱକ୍ତୁମାରେଭେ|
2a13270105	ତଦା ଲୋକାରଣ୍ୟମଧ୍ୟସ୍ଥାଃ କିଯନ୍ତଃ ଫିରୂଶିନସ୍ତତ୍ ଶ୍ରୁତ୍ୱା ଯୀଶୁଂ ପ୍ରୋଚୁଃ, ହେ ଉପଦେଶକ ସ୍ୱଶିଷ୍ୟାନ୍ ତର୍ଜଯ|
2a132800e1	ସ ଉୱାଚ, ଯୁଷ୍ମାନହଂ ୱଦାମି ଯଦ୍ୟମୀ ନୀରୱାସ୍ତିଷ୍ଠନ୍ତି ତର୍ହି ପାଷାଣା ଉଚୈଃ କଥାଃ କଥଯିଷ୍ୟନ୍ତି|
2a1329008f	ପଶ୍ଚାତ୍ ତତ୍ପୁରାନ୍ତିକମେତ୍ୟ ତଦୱଲୋକ୍ୟ ସାଶ୍ରୁପାତଂ ଜଗାଦ,
2a132a019d	ହା ହା ଚେତ୍ ତ୍ୱମଗ୍ରେଽଜ୍ଞାସ୍ୟଥାଃ, ତୱାସ୍ମିନ୍ନେୱ ଦିନେ ୱା ଯଦି ସ୍ୱମଙ୍ଗଲମ୍ ଉପାଲପ୍ସ୍ୟଥାଃ, ତର୍ହ୍ୟୁତ୍ତମମ୍ ଅଭୱିଷ୍ୟତ୍, କିନ୍ତୁ କ୍ଷଣେସ୍ମିନ୍ ତତ୍ତୱ ଦୃଷ୍ଟେରଗୋଚରମ୍ ଭୱତି|
2a132b0136	ତ୍ୱଂ ସ୍ୱତ୍ରାଣକାଲେ ନ ମନୋ ନ୍ୟଧତ୍ଥା ଇତି ହେତୋ ର୍ୟତ୍କାଲେ ତୱ ରିପୱସ୍ତ୍ୱାଂ ଚତୁର୍ଦିକ୍ଷୁ ପ୍ରାଚୀରେଣ ୱେଷ୍ଟଯିତ୍ୱା ରୋତ୍ସ୍ୟନ୍ତି
2a132c0120	ବାଲକୈଃ ସାର୍ଦ୍ଧଂ ଭୂମିସାତ୍ କରିଷ୍ୟନ୍ତି ଚ ତ୍ୱନ୍ମଧ୍ୟେ ପାଷାଣୈକୋପି ପାଷାଣୋପରି ନ ସ୍ଥାସ୍ୟତି ଚ, କାଲ ଈଦୃଶ ଉପସ୍ଥାସ୍ୟତି|
2a132d00b9	ଅଥ ମଧ୍ୟେମନ୍ଦିରଂ ପ୍ରୱିଶ୍ୟ ତତ୍ରତ୍ୟାନ୍ କ୍ରଯିୱିକ୍ରଯିଣୋ ବହିଷ୍କୁର୍ୱ୍ୱନ୍
2a132e00dc	ଅୱଦତ୍ ମଦ୍ଗୃହଂ ପ୍ରାର୍ଥନାଗୃହମିତି ଲିପିରାସ୍ତେ କିନ୍ତୁ ଯୂଯଂ ତଦେୱ ଚୈରାଣାଂ ଗହ୍ୱରଂ କୁରୁଥ|
2a132f011b	ପଶ୍ଚାତ୍ ସ ପ୍ରତ୍ୟହଂ ମଧ୍ୟେମନ୍ଦିରମ୍ ଉପଦିଦେଶ; ତତଃ ପ୍ରଧାନଯାଜକା ଅଧ୍ୟାପକାଃ ପ୍ରାଚୀନାଶ୍ଚ ତଂ ନାଶଯିତୁଂ ଚିଚେଷ୍ଟିରେ;
2a133000fd	କିନ୍ତୁ ତଦୁପଦେଶେ ସର୍ୱ୍ୱେ ଲୋକା ନିୱିଷ୍ଟଚିତ୍ତାଃ ସ୍ଥିତାସ୍ତସ୍ମାତ୍ ତେ ତତ୍କର୍ତ୍ତୁଂ ନାୱକାଶଂ ପ୍ରାପୁଃ|
2a14010147	ଅଥୈକଦା ଯୀଶୁ ର୍ମନିଦରେ ସୁସଂୱାଦଂ ପ୍ରଚାରଯନ୍ ଲୋକାନୁପଦିଶତି, ଏତର୍ହି ପ୍ରଧାନଯାଜକା ଅଧ୍ୟାପକାଃ ପ୍ରାଞ୍ଚଶ୍ଚ ତନ୍ନିକଟମାଗତ୍ୟ ପପ୍ରଚ୍ଛୁଃ
2a140200bf	କଯାଜ୍ଞଯା ତ୍ୱଂ କର୍ମ୍ମାଣ୍ୟେତାନି କରୋଷି? କୋ ୱା ତ୍ୱାମାଜ୍ଞାପଯତ୍? ତଦସ୍ମାନ୍ ୱଦ|
2a140300ab	ସ ପ୍ରତ୍ୟୁୱାଚ, ତର୍ହି ଯୁଷ୍ମାନପି କଥାମେକାଂ ପୃଚ୍ଛାମି ତସ୍ୟୋତ୍ତରଂ ୱଦତ|
2a14040081	ଯୋହନୋ ମଜ୍ଜନମ୍ ଈଶ୍ୱରସ୍ୟ ମାନୁଷାଣାଂ ୱାଜ୍ଞାତୋ ଜାତଂ?
2a140500e0	ତତସ୍ତେ ମିଥୋ ୱିୱିଚ୍ୟ ଜଗଦୁଃ, ଯଦୀଶ୍ୱରସ୍ୟ ୱଦାମସ୍ତର୍ହି ତଂ କୁତୋ ନ ପ୍ରତ୍ୟୈତ ସ ଇତି ୱକ୍ଷ୍ୟତି|
2a14060140	ଯଦି ମନୁଷ୍ୟସ୍ୟେତି ୱଦାମସ୍ତର୍ହି ସର୍ୱ୍ୱେ ଲୋକା ଅସ୍ମାନ୍ ପାଷାଣୈ ର୍ହନିଷ୍ୟନ୍ତି ଯତୋ ଯୋହନ୍ ଭୱିଷ୍ୟଦ୍ୱାଦୀତି ସର୍ୱ୍ୱେ ଦୃଢଂ ଜାନନ୍ତି|
2a14070099	ଅତଏୱ ତେ ପ୍ରତ୍ୟୂଚୁଃ କସ୍ୟାଜ୍ଞଯା ଜାତମ୍ ଇତି ୱକ୍ତୁଂ ନ ଶକ୍ନୁମଃ|
2a140800d0	ତଦା ଯୀଶୁରୱଦତ୍ ତର୍ହି କଯାଜ୍ଞଯା କର୍ମ୍ମାଣ୍ୟେତାତି କରୋମୀତି ଚ ଯୁଷ୍ମାନ୍ ନ ୱକ୍ଷ୍ୟାମି|
2a1409019f	ଅଥ ଲୋକାନାଂ ସାକ୍ଷାତ୍ ସ ଇମାଂ ଦୃଷ୍ଟାନ୍ତକଥାଂ ୱକ୍ତୁମାରେଭେ, କଶ୍ଚିଦ୍ ଦ୍ରାକ୍ଷାକ୍ଷେତ୍ରଂ କୃତ୍ୱା ତତ୍ କ୍ଷେତ୍ରଂ କୃଷୀୱଲାନାଂ ହସ୍ତେଷୁ ସମର୍ପ୍ୟ ବହୁକାଲାର୍ଥଂ ଦୂରଦେଶଂ ଜଗାମ|
2a140a0124	ଅଥ ଫଲକାଲେ ଫଲାନି ଗ୍ରହୀତୁ କୃଷୀୱଲାନାଂ ସମୀପେ ଦାସଂ ପ୍ରାହିଣୋତ୍ କିନ୍ତୁ କୃଷୀୱଲାସ୍ତଂ ପ୍ରହୃତ୍ୟ ରିକ୍ତହସ୍ତଂ ୱିସସର୍ଜୁଃ|
2a140b00f0	ତତଃ ସୋଧିପତିଃ ପୁନରନ୍ୟଂ ଦାସଂ ପ୍ରେଷଯାମାସ, ତେ ତମପି ପ୍ରହୃତ୍ୟ କୁୱ୍ୟୱହୃତ୍ୟ ରିକ୍ତହସ୍ତଂ ୱିସସୃଜୁଃ|
2a140c00d1	ତତଃ ସ ତୃତୀଯୱାରମ୍ ଅନ୍ୟଂ ପ୍ରାହିଣୋତ୍ ତେ ତମପି କ୍ଷତାଙ୍ଗଂ କୃତ୍ୱା ବହି ର୍ନିଚିକ୍ଷିପୁଃ|
2a140d0133	ତଦା କ୍ଷେତ୍ରପତି ର୍ୱିଚାରଯାମାସ, ମମେଦାନୀଂ କିଂ କର୍ତ୍ତୱ୍ୟଂ? ମମ ପ୍ରିଯେ ପୁତ୍ରେ ପ୍ରହିତେ ତେ ତମୱଶ୍ୟଂ ଦୃଷ୍ଟ୍ୱା ସମାଦରିଷ୍ୟନ୍ତେ|
2a140e0137	କିନ୍ତୁ କୃଷୀୱଲାସ୍ତଂ ନିରୀକ୍ଷ୍ୟ ପରସ୍ପରଂ ୱିୱିଚ୍ୟ ପ୍ରୋଚୁଃ, ଅଯମୁତ୍ତରାଧିକାରୀ ଆଗଚ୍ଛତୈନଂ ହନ୍ମସ୍ତତୋଧିକାରୋସ୍ମାକଂ ଭୱିଷ୍ୟତି|
2a140f00f2	ତତସ୍ତେ ତଂ କ୍ଷେତ୍ରାଦ୍ ବହି ର୍ନିପାତ୍ୟ ଜଘ୍ନୁସ୍ତସ୍ମାତ୍ ସ କ୍ଷେତ୍ରପତିସ୍ତାନ୍ ପ୍ରତି କିଂ କରିଷ୍ୟତି?
2a14100139	ସ ଆଗତ୍ୟ ତାନ୍ କୃଷୀୱଲାନ୍ ହତ୍ୱା ପରେଷାଂ ହସ୍ତେଷୁ ତତ୍କ୍ଷେତ୍ରଂ ସମର୍ପଯିଷ୍ୟତି; ଇତି କଥାଂ ଶ୍ରୁତ୍ୱା ତେ ଽୱଦନ୍ ଏତାଦୃଶୀ ଘଟନା ନ ଭୱତୁ|
2a141101a3	କିନ୍ତୁ ଯୀଶୁସ୍ତାନୱଲୋକ୍ୟ ଜଗାଦ, ତର୍ହି, ସ୍ଥପତଯଃ କରିଷ୍ୟନ୍ତି ଗ୍ରାୱାଣଂ ଯନ୍ତୁ ତୁଚ୍ଛକଂ| ପ୍ରଧାନପ୍ରସ୍ତରଃ କୋଣେ ସ ଏୱ ହି ଭୱିଷ୍ୟତି| ଏତସ୍ୟ ଶାସ୍ତ୍ରୀଯୱଚନସ୍ୟ କିଂ ତାତ୍ପର୍ୟ୍ୟଂ?
2a1412011d	ଅପରଂ ତତ୍ପାଷାଣୋପରି ଯଃ ପତିଷ୍ୟତି ସ ଭଂକ୍ଷ୍ୟତେ କିନ୍ତୁ ଯସ୍ୟୋପରି ସ ପାଷାଣଃ ପତିଷ୍ୟତି ସ ତେନ ଧୂଲିୱଚ୍ ଚୂର୍ଣୀଭୱିଷ୍ୟତି|
2a1413015c	ସୋସ୍ମାକଂ ୱିରୁଦ୍ଧଂ ଦୃଷ୍ଟାନ୍ତମିମଂ କଥିତୱାନ୍ ଇତି ଜ୍ଞାତ୍ୱା ପ୍ରଧାନଯାଜକା ଅଧ୍ୟାପକାଶ୍ଚ ତଦୈୱ ତଂ ଧର୍ତୁଂ ୱୱାଞ୍ଛୁଃ କିନ୍ତୁ ଲୋକେଭ୍ୟୋ ବିଭ୍ୟୁଃ|
2a1414012e	ଅତଏୱ ତଂ ପ୍ରତି ସତର୍କାଃ ସନ୍ତଃ କଥଂ ତଦ୍ୱାକ୍ୟଦୋଷଂ ଧୃତ୍ୱା ତଂ ଦେଶାଧିପସ୍ୟ ସାଧୁୱେଶଧାରିଣଶ୍ଚରାନ୍ ତସ୍ୟ ସମୀପେ ପ୍ରେଷଯାମାସୁଃ|
2a14150143	ତଦା ତେ ତଂ ପପ୍ରଚ୍ଛୁଃ, ହେ ଉପଦେଶକ ଭୱାନ୍ ଯଥାର୍ଥଂ କଥଯନ୍ ଉପଦିଶତି, କମପ୍ୟନପେକ୍ଷ୍ୟ ସତ୍ୟତ୍ୱେନୈଶ୍ୱରଂ ମାର୍ଗମୁପଦିଶତି, ୱଯମେତଜ୍ଜାନୀମଃ|
2a14160056	କୈସରରାଜାଯ କରୋସ୍ମାଭି ର୍ଦେଯୋ ନ ୱା?
2a141700bf	ସ ତେଷାଂ ୱଞ୍ଚନଂ ଜ୍ଞାତ୍ୱାୱଦତ୍ କୁତୋ ମାଂ ପରୀକ୍ଷଧ୍ୱେ? ମାଂ ମୁଦ୍ରାମେକଂ ଦର୍ଶଯତ|
2a14180081	ଇହ ଲିଖିତା ମୂର୍ତିରିଯଂ ନାମ ଚ କସ୍ୟ? ତେଽୱଦନ୍ କୈସରସ୍ୟ|
2a141900d1	ତଦା ସ ଉୱାଚ, ତର୍ହି କୈସରସ୍ୟ ଦ୍ରୱ୍ୟଂ କୈସରାଯ ଦତ୍ତ; ଈଶ୍ୱରସ୍ୟ ତୁ ଦ୍ରୱ୍ୟମୀଶ୍ୱରାଯ ଦତ୍ତ|
2a141a012e	ତସ୍ମାଲ୍ଲୋକାନାଂ ସାକ୍ଷାତ୍ ତତ୍କଥାଯାଃ କମପି ଦୋଷଂ ଧର୍ତୁମପ୍ରାପ୍ୟ ତେ ତସ୍ୟୋତ୍ତରାଦ୍ ଆଶ୍ଚର୍ୟ୍ୟଂ ମନ୍ୟମାନା ମୌନିନସ୍ତସ୍ଥୁଃ|
2a141b00d4	ଅପରଞ୍ଚ ଶ୍ମଶାନାଦୁତ୍ଥାନାନଙ୍ଗୀକାରିଣାଂ ସିଦୂକିନାଂ କିଯନ୍ତୋ ଜନା ଆଗତ୍ୟ ତଂ ପପ୍ରଚ୍ଛୁଃ,
2a141c0177	ହେ ଉପଦେଶକ ଶାସ୍ତ୍ରେ ମୂସା ଅସ୍ମାନ୍ ପ୍ରତୀତି ଲିଲେଖ ଯସ୍ୟ ଭ୍ରାତା ଭାର୍ୟ୍ୟାଯାଂ ସତ୍ୟାଂ ନିଃସନ୍ତାନୋ ମ୍ରିଯତେ ସ ତଜ୍ଜାଯାଂ ୱିୱହ୍ୟ ତଦ୍ୱଂଶମ୍ ଉତ୍ପାଦଯିଷ୍ୟତି|
2a141d00d8	ତଥାଚ କେଚିତ୍ ସପ୍ତ ଭ୍ରାତର ଆସନ୍ ତେଷାଂ ଜ୍ୟେଷ୍ଠୋ ଭ୍ରାତା ୱିୱହ୍ୟ ନିରପତ୍ୟଃ ପ୍ରାଣାନ୍ ଜହୌ|
2a141e00c2	ଅଥ ଦ୍ୱିତୀଯସ୍ତସ୍ୟ ଜାଯାଂ ୱିୱହ୍ୟ ନିରପତ୍ୟଃ ସନ୍ ମମାର| ତୃତୀଯଶ୍ଚ ତାମେୱ ୱ୍ୟୁୱାହ;
2a141f0097	ଇତ୍ଥଂ ସପ୍ତ ଭ୍ରାତରସ୍ତାମେୱ ୱିୱହ୍ୟ ନିରପତ୍ୟାଃ ସନ୍ତୋ ମମ୍ରୁଃ|
2a14200038	ଶେଷେ ସା ସ୍ତ୍ରୀ ଚ ମମାର|
2a1421011f	ଅତଏୱ ଶ୍ମଶାନାଦୁତ୍ଥାନକାଲେ ତେଷାଂ ସପ୍ତଜନାନାଂ କସ୍ୟ ସା ଭାର୍ୟ୍ୟା ଭୱିଷ୍ୟତି? ଯତଃ ସା ତେଷାଂ ସପ୍ତାନାମେୱ ଭାର୍ୟ୍ୟାସୀତ୍|
2a142200b4	ତଦା ଯୀଶୁଃ ପ୍ରତ୍ୟୁୱାଚ, ଏତସ୍ୟ ଜଗତୋ ଲୋକା ୱିୱହନ୍ତି ୱାଗ୍ଦତ୍ତାଶ୍ଚ ଭୱନ୍ତି
2a1423013b	କିନ୍ତୁ ଯେ ତଜ୍ଜଗତ୍ପ୍ରାପ୍ତିଯୋଗ୍ୟତ୍ୱେନ ଗଣିତାଂ ଭୱିଷ୍ୟନ୍ତି ଶ୍ମଶାନାଚ୍ଚୋତ୍ଥାସ୍ୟନ୍ତି ତେ ନ ୱିୱହନ୍ତି ୱାଗ୍ଦତ୍ତାଶ୍ଚ ନ ଭୱନ୍ତି,
2a1424011a	ତେ ପୁନ ର୍ନ ମ୍ରିଯନ୍ତେ କିନ୍ତୁ ଶ୍ମଶାନାଦୁତ୍ଥାପିତାଃ ସନ୍ତ ଈଶ୍ୱରସ୍ୟ ସନ୍ତାନାଃ ସ୍ୱର୍ଗୀଯଦୂତାନାଂ ସଦୃଶାଶ୍ଚ ଭୱନ୍ତି|
2a1425017d	ଅଧିକନ୍ତୁ ମୂସାଃ ସ୍ତମ୍ବୋପାଖ୍ୟାନେ ପରମେଶ୍ୱର ଈବ୍ରାହୀମ ଈଶ୍ୱର ଇସ୍ହାକ ଈଶ୍ୱରୋ ଯାକୂବଶ୍ଚେଶ୍ୱର ଇତ୍ୟୁକ୍ତ୍ୱା ମୃତାନାଂ ଶ୍ମଶାନାଦ୍ ଉତ୍ଥାନସ୍ୟ ପ୍ରମାଣଂ ଲିଲେଖ|
2a142600ed	ଅତଏୱ ଯ ଈଶ୍ୱରଃ ସ ମୃତାନାଂ ପ୍ରଭୁ ର୍ନ କିନ୍ତୁ ଜୀୱତାମେୱ ପ୍ରଭୁଃ, ତନ୍ନିକଟେ ସର୍ୱ୍ୱେ ଜୀୱନ୍ତଃ ସନ୍ତି|
2a142700c1	ଇତି ଶ୍ରୁତ୍ୱା କିଯନ୍ତୋଧ୍ୟାପକା ଊଚୁଃ, ହେ ଉପଦେଶକ ଭୱାନ୍ ଭଦ୍ରଂ ପ୍ରତ୍ୟୁକ୍ତୱାନ୍|
2a14280080	ଇତଃ ପରଂ ତଂ କିମପି ପ୍ରଷ୍ଟଂ ତେଷାଂ ପ୍ରଗଲ୍ଭତା ନାଭୂତ୍|
2a142900c9	ପଶ୍ଚାତ୍ ସ ତାନ୍ ଉୱାଚ, ଯଃ ଖ୍ରୀଷ୍ଟଃ ସ ଦାଯୂଦଃ ସନ୍ତାନ ଏତାଂ କଥାଂ ଲୋକାଃ କଥଂ କଥଯନ୍ତି?
2a142a0133	ଯତଃ ମମ ପ୍ରଭୁମିଦଂ ୱାକ୍ୟମୱଦତ୍ ପରମେଶ୍ୱରଃ| ତୱ ଶତ୍ରୂନହଂ ଯାୱତ୍ ପାଦପୀଠଂ କରୋମି ନ| ତାୱତ୍ କାଲଂ ମଦୀଯେ ତ୍ୱଂ ଦକ୍ଷପାର୍ଶ୍ୱ ଉପାୱିଶ|
2a142b0068	ଇତି କଥାଂ ଦାଯୂଦ୍ ସ୍ୱଯଂ ଗୀତଗ୍ରନ୍ଥେଽୱଦତ୍|
2a142c00a0	ଅତଏୱ ଯଦି ଦାଯୂଦ୍ ତଂ ପ୍ରଭୁଂ ୱଦତି, ତର୍ହି ସ କଥଂ ତସ୍ୟ ସନ୍ତାନୋ ଭୱତି?
2a142d0089	ପଶ୍ଚାଦ୍ ଯୀଶୁଃ ସର୍ୱ୍ୱଜନାନାଂ କର୍ଣଗୋଚରେ ଶିଷ୍ୟାନୁୱାଚ,
2a142e0150	ଯେଽଧ୍ୟାପକା ଦୀର୍ଘପରିଚ୍ଛଦଂ ପରିଧାଯ ଭ୍ରମନ୍ତି, ହଟ୍ଟାପଣଯୋ ର୍ନମସ୍କାରେ ଭଜନଗେହସ୍ୟ ପ୍ରୋଚ୍ଚାସନେ ଭୋଜନଗୃହସ୍ୟ ପ୍ରଧାନସ୍ଥାନେ ଚ ପ୍ରୀଯନ୍ତେ
2a142f0118	ୱିଧୱାନାଂ ସର୍ୱ୍ୱସ୍ୱଂ ଗ୍ରସିତ୍ୱା ଛଲେନ ଦୀର୍ଘକାଲଂ ପ୍ରାର୍ଥଯନ୍ତେ ଚ ତେଷୁ ସାୱଧାନା ଭୱତ, ତେଷାମୁଗ୍ରଦଣ୍ଡୋ ଭୱିଷ୍ୟତି|
2a1501008c	ଅଥ ଧନିଲୋକା ଭାଣ୍ଡାଗାରେ ଧନଂ ନିକ୍ଷିପନ୍ତି ସ ତଦେୱ ପଶ୍ୟତି,
2a1502008e	ଏତର୍ହି କାଚିଦ୍ଦୀନା ୱିଧୱା ପଣଦ୍ୱଯଂ ନିକ୍ଷିପତି ତଦ୍ ଦଦର୍ଶ|
2a150300eb	ତତୋ ଯୀଶୁରୁୱାଚ ଯୁଷ୍ମାନହଂ ଯଥାର୍ଥଂ ୱଦାମି, ଦରିଦ୍ରେଯଂ ୱିଧୱା ସର୍ୱ୍ୱେଭ୍ୟୋଧିକଂ ନ୍ୟକ୍ଷେପ୍ସୀତ୍,
2a15040191	ଯତୋନ୍ୟେ ସ୍ୱପ୍ରାଜ୍ୟଧନେଭ୍ୟ ଈଶ୍ୱରାଯ କିଞ୍ଚିତ୍ ନ୍ୟକ୍ଷେପ୍ସୁଃ, କିନ୍ତୁ ଦରିଦ୍ରେଯଂ ୱିଧୱା ଦିନଯାପନାର୍ଥଂ ସ୍ୱସ୍ୟ ଯତ୍ କିଞ୍ଚିତ୍ ସ୍ଥିତଂ ତତ୍ ସର୍ୱ୍ୱଂ ନ୍ୟକ୍ଷେପ୍ସୀତ୍|
2a150500f6	ଅପରଞ୍ଚ ଉତ୍ତମପ୍ରସ୍ତରୈରୁତ୍ସୃଷ୍ଟୱ୍ୟୈଶ୍ଚ ମନ୍ଦିରଂ ସୁଶୋଭତେତରାଂ କୈଶ୍ଚିଦିତ୍ୟୁକ୍ତେ ସ ପ୍ରତ୍ୟୁୱାଚ
2a1506011e	ଯୂଯଂ ଯଦିଦଂ ନିଚଯନଂ ପଶ୍ୟଥ, ଅସ୍ୟ ପାଷାଣୈକୋପ୍ୟନ୍ୟପାଷାଣୋପରି ନ ସ୍ଥାସ୍ୟତି, ସର୍ୱ୍ୱେ ଭୂସାଦ୍ଭୱିଷ୍ୟନ୍ତି କାଲୋଯମାଯାତି|
2a150700e7	ତଦା ତେ ପପ୍ରଚ୍ଛୁଃ, ହେ ଗୁରୋ ଘଟନେଦୃଶୀ କଦା ଭୱିଷ୍ୟତି? ଘଟନାଯା ଏତସ୍ୟସଶ୍ଚିହ୍ନଂ ୱା କିଂ ଭୱିଷ୍ୟତି?
2a15080193	ତଦା ସ ଜଗାଦ, ସାୱଧାନା ଭୱତ ଯଥା ଯୁଷ୍ମାକଂ ଭ୍ରମଂ କୋପି ନ ଜନଯତି, ଖୀଷ୍ଟୋହମିତ୍ୟୁକ୍ତ୍ୱା ମମ ନାମ୍ରା ବହୱ ଉପସ୍ଥାସ୍ୟନ୍ତି ସ କାଲଃ ପ୍ରାଯେଣୋପସ୍ଥିତଃ, ତେଷାଂ ପଶ୍ଚାନ୍ମା ଗଚ୍ଛତ|
2a1509014f	ଯୁଦ୍ଧସ୍ୟୋପପ୍ଲୱସ୍ୟ ଚ ୱାର୍ତ୍ତାଂ ଶ୍ରୁତ୍ୱା ମା ଶଙ୍କଧ୍ୱଂ, ଯତଃ ପ୍ରଥମମ୍ ଏତା ଘଟନା ଅୱଶ୍ୟଂ ଭୱିଷ୍ୟନ୍ତି କିନ୍ତୁ ନାପାତେ ଯୁଗାନ୍ତୋ ଭୱିଷ୍ୟତି|
2a150a00e6	ଅପରଞ୍ଚ କଥଯାମାସ, ତଦା ଦେଶସ୍ୟ ୱିପକ୍ଷତ୍ୱେନ ଦେଶୋ ରାଜ୍ୟସ୍ୟ ୱିପକ୍ଷତ୍ୱେନ ରାଜ୍ୟମ୍ ଉତ୍ଥାସ୍ୟତି,
2a150b0156	ନାନାସ୍ଥାନେଷୁ ମହାଭୂକମ୍ପୋ ଦୁର୍ଭିକ୍ଷଂ ମାରୀ ଚ ଭୱିଷ୍ୟନ୍ତି, ତଥା ୱ୍ୟୋମମଣ୍ଡଲସ୍ୟ ଭଯଙ୍କରଦର୍ଶନାନ୍ୟଶ୍ଚର୍ୟ୍ୟଲକ୍ଷଣାନି ଚ ପ୍ରକାଶଯିଷ୍ୟନ୍ତେ|
2a150c01d9	କିନ୍ତୁ ସର୍ୱ୍ୱାସାମେତାସାଂ ଘଟନାନାଂ ପୂର୍ୱ୍ୱଂ ଲୋକା ଯୁଷ୍ମାନ୍ ଧୃତ୍ୱା ତାଡଯିଷ୍ୟନ୍ତି, ଭଜନାଲଯେ କାରାଯାଞ୍ଚ ସମର୍ପଯିଷ୍ୟନ୍ତି ମମ ନାମକାରଣାଦ୍ ଯୁଷ୍ମାନ୍ ଭୂପାନାଂ ଶାସକାନାଞ୍ଚ ସମ୍ମୁଖଂ ନେଷ୍ୟନ୍ତି ଚ|
2a150d0080	ସାକ୍ଷ୍ୟାର୍ଥମ୍ ଏତାନି ଯୁଷ୍ମାନ୍ ପ୍ରତି ଘଟିଷ୍ୟନ୍ତେ|
2a150e00b1	ତଦା କିମୁତ୍ତରଂ ୱକ୍ତୱ୍ୟମ୍ ଏତତ୍ ନ ଚିନ୍ତଯିଷ୍ୟାମ ଇତି ମନଃସୁ ନିଶ୍ଚିତନୁତ|
2a150f012f	ୱିପକ୍ଷା ଯସ୍ମାତ୍ କିମପ୍ୟୁତ୍ତରମ୍ ଆପତ୍ତିଞ୍ଚ କର୍ତ୍ତୁଂ ନ ଶକ୍ଷ୍ୟନ୍ତି ତାଦୃଶଂ ୱାକ୍ପଟୁତ୍ୱଂ ଜ୍ଞାନଞ୍ଚ ଯୁଷ୍ମଭ୍ୟଂ ଦାସ୍ୟାମି|
2a1510015e	କିଞ୍ଚ ଯୂଯଂ ପିତ୍ରା ମାତ୍ରା ଭ୍ରାତ୍ରା ବନ୍ଧୁନା ଜ୍ଞାତ୍ୟା କୁଟୁମ୍ବେନ ଚ ପରକରେଷୁ ସମର୍ପଯିଷ୍ୟଧ୍ୱେ; ତତସ୍ତେ ଯୁଷ୍ମାକଂ କଞ୍ଚନ କଞ୍ଚନ ଘାତଯିଷ୍ୟନ୍ତି|
2a1511009d	ମମ ନାମ୍ନଃ କାରଣାତ୍ ସର୍ୱ୍ୱୈ ର୍ମନୁଷ୍ୟୈ ର୍ୟୂଯମ୍ ଋତୀଯିଷ୍ୟଧ୍ୱେ|
2a15120077	କିନ୍ତୁ ଯୁଷ୍ମାକଂ ଶିରଃକେଶୈକୋପି ନ ୱିନଂକ୍ଷ୍ୟତି,
2a15130082	ତସ୍ମାଦେୱ ଧୈର୍ୟ୍ୟମୱଲମ୍ବ୍ୟ ସ୍ୱସ୍ୱପ୍ରାଣାନ୍ ରକ୍ଷତ|
2a151400ec	ଅପରଞ୍ଚ ଯିରୂଶାଲମ୍ପୁରଂ ସୈନ୍ୟୱେଷ୍ଟିତଂ ୱିଲୋକ୍ୟ ତସ୍ୟୋଚ୍ଛିନ୍ନତାଯାଃ ସମଯଃ ସମୀପ ଇତ୍ୟୱଗମିଷ୍ୟଥ|
2a1515015a	ତଦା ଯିହୂଦାଦେଶସ୍ଥା ଲୋକାଃ ପର୍ୱ୍ୱତଂ ପଲାଯନ୍ତାଂ, ଯେ ଚ ନଗରେ ତିଷ୍ଠନ୍ତି ତେ ଦେଶାନ୍ତରଂ ପଲାଯନ୍ତା, ଯେ ଚ ଗ୍ରାମେ ତିଷ୍ଠନ୍ତି ତେ ନଗରଂ ନ ପ୍ରୱିଶନ୍ତୁ,
2a151600e7	ଯତସ୍ତଦା ସମୁଚିତଦଣ୍ଡନାଯ ଧର୍ମ୍ମପୁସ୍ତକେ ଯାନି ସର୍ୱ୍ୱାଣି ଲିଖିତାନି ତାନି ସଫଲାନି ଭୱିଷ୍ୟନ୍ତି|
2a15170155	କିନ୍ତୁ ଯା ଯାସ୍ତଦା ଗର୍ଭୱତ୍ୟଃ ସ୍ତନ୍ୟଦାୱ୍ୟଶ୍ଚ ତାମାଂ ଦୁର୍ଗତି ର୍ଭୱିଷ୍ୟତି, ଯତ ଏତାଲ୍ଲୋକାନ୍ ପ୍ରତି କୋପୋ ଦେଶେ ଚ ୱିଷମଦୁର୍ଗତି ର୍ଘଟିଷ୍ୟତେ|
2a151801c2	ୱସ୍ତୁତସ୍ତୁ ତେ ଖଙ୍ଗଧାରପରିୱ୍ୱଙ୍ଗଂ ଲପ୍ସ୍ୟନ୍ତେ ବଦ୍ଧାଃ ସନ୍ତଃ ସର୍ୱ୍ୱଦେଶେଷୁ ନାଯିଷ୍ୟନ୍ତେ ଚ କିଞ୍ଚାନ୍ୟଦେଶୀଯାନାଂ ସମଯୋପସ୍ଥିତିପର୍ୟ୍ୟନ୍ତଂ ଯିରୂଶାଲମ୍ପୁରଂ ତୈଃ ପଦତଲୈ ର୍ଦଲଯିଷ୍ୟତେ|
2a15190155	ସୂର୍ୟ୍ୟଚନ୍ଦ୍ରନକ୍ଷତ୍ରେଷୁ ଲକ୍ଷଣାଦି ଭୱିଷ୍ୟନ୍ତି, ଭୁୱି ସର୍ୱ୍ୱଦେଶୀଯାନାଂ ଦୁଃଖଂ ଚିନ୍ତା ଚ ସିନ୍ଧୌ ୱୀଚୀନାଂ ତର୍ଜନଂ ଗର୍ଜନଞ୍ଚ ଭୱିଷ୍ୟନ୍ତି|
2a151a0123	ଭୂଭୌ ଭାୱିଘଟନାଂ ଚିନ୍ତଯିତ୍ୱା ମନୁଜା ଭିଯାମୃତକଲ୍ପା ଭୱିଷ୍ୟନ୍ତି, ଯତୋ ୱ୍ୟୋମମଣ୍ଡଲେ ତେଜସ୍ୱିନୋ ଦୋଲାଯମାନା ଭୱିଷ୍ୟନ୍ତି|
2a151b00c2	ତଦା ପରାକ୍ରମେଣା ମହାତେଜସା ଚ ମେଘାରୂଢଂ ମନୁଷ୍ୟପୁତ୍ରମ୍ ଆଯାନ୍ତଂ ଦ୍ରକ୍ଷ୍ୟନ୍ତି|
2a151c0140	କିନ୍ତ୍ୱେତାସାଂ ଘଟନାନାମାରମ୍ଭେ ସତି ଯୂଯଂ ମସ୍ତକାନ୍ୟୁତ୍ତୋଲ୍ୟ ଊର୍ଦଧ୍ୱଂ ଦ୍ରକ୍ଷ୍ୟଥ, ଯତୋ ଯୁଷ୍ମାକଂ ମୁକ୍ତେଃ କାଲଃ ସୱିଧୋ ଭୱିଷ୍ୟତି|
2a151d009a	ତତସ୍ତେନୈତଦୃଷ୍ଟାନ୍ତକଥା କଥିତା, ପଶ୍ୟତ ଉଡୁମ୍ବରାଦିୱୃକ୍ଷାଣାଂ
2a151e00cd	ନୱୀନପତ୍ରାଣି ଜାତାନୀତି ଦୃଷ୍ଟ୍ୱା ନିଦାୱକାଲ ଉପସ୍ଥିତ ଇତି ଯଥା ଯୂଯଂ ଜ୍ଞାତୁଂ ଶକ୍ନୁଥ,
2a151f00e8	ତଥା ସର୍ୱ୍ୱାସାମାସାଂ ଘଟନାନାମ୍ ଆରମ୍ଭେ ଦୃଷ୍ଟେ ସତୀଶ୍ୱରସ୍ୟ ରାଜତ୍ୱଂ ନିକଟମ୍ ଇତ୍ୟପି ଜ୍ଞାସ୍ୟଥ|
2a152000db	ଯୁଷ୍ମାନହଂ ଯଥାର୍ଥଂ ୱଦାମି, ୱିଦ୍ୟମାନଲୋକାନାମେଷାଂ ଗମନାତ୍ ପୂର୍ୱ୍ୱମ୍ ଏତାନି ଘଟିଷ୍ୟନ୍ତେ|
2a1521009c	ନଭୋଭୁୱୋର୍ଲୋପୋ ଭୱିଷ୍ୟତି ମମ ୱାକ୍ ତୁ କଦାପି ଲୁପ୍ତା ନ ଭୱିଷ୍ୟତି|
2a15220197	ଅତଏୱ ୱିଷମାଶନେନ ପାନେନ ଚ ସାଂମାରିକଚିନ୍ତାଭିଶ୍ଚ ଯୁଷ୍ମାକଂ ଚିତ୍ତେଷୁ ମତ୍ତେଷୁ ତଦ୍ଦିନମ୍ ଅକସ୍ମାଦ୍ ଯୁଷ୍ମାନ୍ ପ୍ରତି ଯଥା ନୋପତିଷ୍ଠତି ତଦର୍ଥଂ ସ୍ୱେଷୁ ସାୱଧାନାସ୍ତିଷ୍ଠତ|
2a152300a5	ପୃଥିୱୀସ୍ଥସର୍ୱ୍ୱଲୋକାନ୍ ପ୍ରତି ତଦ୍ଦିନମ୍ ଉନ୍ମାଥ ଇୱ ଉପସ୍ଥାସ୍ୟତି|
2a15240161	ଯଥା ଯୂଯମ୍ ଏତଦ୍ଭାୱିଘଟନା ଉତ୍ତର୍ତ୍ତୁଂ ମନୁଜସୁତସ୍ୟ ସମ୍ମୁଖେ ସଂସ୍ଥାତୁଞ୍ଚ ଯୋଗ୍ୟା ଭୱଥ କାରଣାଦସ୍ମାତ୍ ସାୱଧାନାଃ ସନ୍ତୋ ନିରନ୍ତରଂ ପ୍ରାର୍ଥଯଧ୍ୱଂ|
2a152500a1	ଅପରଞ୍ଚ ସ ଦିୱା ମନ୍ଦିର ଉପଦିଶ୍ୟ ରାଚୈ ଜୈତୁନାଦ୍ରିଂ ଗତ୍ୱାତିଷ୍ଠତ୍|
2a152600ac	ତତଃ ପ୍ରତ୍ୟୂଷେ ଲାକାସ୍ତତ୍କଥାଂ ଶ୍ରୋତୁଂ ମନ୍ଦିରେ ତଦନ୍ତିକମ୍ ଆଗଚ୍ଛନ୍|
2a16010075	ଅପରଞ୍ଚ କିଣ୍ୱଶୂନ୍ୟପୂପୋତ୍ସୱସ୍ୟ କାଲ ଉପସ୍ଥିତେ
2a16020101	ପ୍ରଧାନଯାଜକା ଅଧ୍ୟାଯକାଶ୍ଚ ଯଥା ତଂ ହନ୍ତୁଂ ଶକ୍ନୁୱନ୍ତି ତଥୋପାଯାମ୍ ଅଚେଷ୍ଟନ୍ତ କିନ୍ତୁ ଲୋକେଭ୍ୟୋ ବିଭ୍ୟୁଃ|
2a16030112	ଏତସ୍ତିନ୍ ସମଯେ ଦ୍ୱାଦଶଶିଷ୍ୟେଷୁ ଗଣିତ ଈଷ୍କରିଯୋତୀଯରୂଢିମାନ୍ ଯୋ ଯିହୂଦାସ୍ତସ୍ୟାନ୍ତଃକରଣଂ ଶୈତାନାଶ୍ରିତତ୍ୱାତ୍
2a16040107	ସ ଗତ୍ୱା ଯଥା ଯୀଶୁଂ ତେଷାଂ କରେଷୁ ସମର୍ପଯିତୁଂ ଶକ୍ନୋତି ତଥା ମନ୍ତ୍ରଣାଂ ପ୍ରଧାନଯାଜକୈଃ ସେନାପତିଭିଶ୍ଚ ସହ ଚକାର|
2a1605007c	ତେନ ତେ ତୁଷ୍ଟାସ୍ତସ୍ମୈ ମୁଦ୍ରାଂ ଦାତୁଂ ପଣଂ ଚକ୍ରୁଃ|
2a160600f1	ତତଃ ସୋଙ୍ଗୀକୃତ୍ୟ ଯଥା ଲୋକାନାମଗୋଚରେ ତଂ ପରକରେଷୁ ସମର୍ପଯିତୁଂ ଶକ୍ନୋତି ତଥାୱକାଶଂ ଚେଷ୍ଟିତୁମାରେଭେ|
2a160700fc	ଅଥ କିଣ୍ୱଶୂନ୍ୟପୂପୋତ୍ମୱଦିନେ, ଅର୍ଥାତ୍ ଯସ୍ମିନ୍ ଦିନେ ନିସ୍ତାରୋତ୍ସୱସ୍ୟ ମେଷୋ ହନ୍ତୱ୍ୟସ୍ତସ୍ମିନ୍ ଦିନେ
2a16080100	ଯୀଶୁଃ ପିତରଂ ଯୋହନଞ୍ଚାହୂଯ ଜଗାଦ, ଯୁୱାଂ ଗତ୍ୱାସ୍ମାକଂ ଭୋଜନାର୍ଥଂ ନିସ୍ତାରୋତ୍ସୱସ୍ୟ ଦ୍ରୱ୍ୟାଣ୍ୟାସାଦଯତଂ|
2a16090072	ତଦା ତୌ ପପ୍ରଚ୍ଛତୁଃ କୁଚାସାଦଯାୱୋ ଭୱତଃ କେଚ୍ଛା?
2a160a01b1	ତଦା ସୋୱାଦୀତ୍, ନଗରେ ପ୍ରୱିଷ୍ଟେ କଶ୍ଚିଜ୍ଜଲକୁମ୍ଭମାଦାଯ ଯୁୱାଂ ସାକ୍ଷାତ୍ କରିଷ୍ୟତି ସ ଯନ୍ନିୱେଶନଂ ପ୍ରୱିଶତି ଯୁୱାମପି ତନ୍ନିୱେଶନଂ ତତ୍ପଶ୍ଚାଦିତ୍ୱା ନିୱେଶନପତିମ୍ ଇତି ୱାକ୍ୟଂ ୱଦତଂ,
2a160b0136	ଯତ୍ରାହଂ ନିସ୍ତାରୋତ୍ସୱସ୍ୟ ଭୋଜ୍ୟଂ ଶିଷ୍ୟୈଃ ସାର୍ଦ୍ଧଂ ଭୋକ୍ତୁଂ ଶକ୍ନୋମି ସାତିଥିଶାଲା କୁତ୍ର? କଥାମିମାଂ ପ୍ରଭୁସ୍ତ୍ୱାଂ ପୃଚ୍ଛତି|
2a160c00d6	ତତଃ ସ ଜନୋ ଦ୍ୱିତୀଯପ୍ରକୋଷ୍ଠୀଯମ୍ ଏକଂ ଶସ୍ତଂ କୋଷ୍ଠଂ ଦର୍ଶଯିଷ୍ୟତି ତତ୍ର ଭୋଜ୍ୟମାସାଦଯତଂ|
2a160d00f5	ତତସ୍ତୌ ଗତ୍ୱା ତଦ୍ୱାକ୍ୟାନୁସାରେଣ ସର୍ୱ୍ୱଂ ଦୃଷ୍ଦ୍ୱା ତତ୍ର ନିସ୍ତାରୋତ୍ସୱୀଯଂ ଭୋଜ୍ୟମାସାଦଯାମାସତୁଃ|
2a160e00bf	ଅଥ କାଲ ଉପସ୍ଥିତେ ଯୀଶୁ ର୍ଦ୍ୱାଦଶଭିଃ ପ୍ରେରିତୈଃ ସହ ଭୋକ୍ତୁମୁପୱିଶ୍ୟ କଥିତୱାନ୍
2a160f00f1	ମମ ଦୁଃଖଭୋଗାତ୍ ପୂର୍ୱ୍ୱଂ ଯୁଭାଭିଃ ସହ ନିସ୍ତାରୋତ୍ସୱସ୍ୟୈତସ୍ୟ ଭୋଜ୍ୟଂ ଭୋକ୍ତୁଂ ମଯାତିୱାଞ୍ଛା କୃତା|
2a161000db	ଯୁଷ୍ମାନ୍ ୱଦାମି, ଯାୱତ୍କାଲମ୍ ଈଶ୍ୱରରାଜ୍ୟେ ଭୋଜନଂ ନ କରିଷ୍ୟେ ତାୱତ୍କାଲମ୍ ଇଦଂ ନ ଭୋକ୍ଷ୍ୟେ|
2a16110107	ତଦା ସ ପାନପାତ୍ରମାଦାଯ ଈଶ୍ୱରସ୍ୟ ଗୁଣାନ୍ କୀର୍ତ୍ତଯିତ୍ୱା ତେଭ୍ୟୋ ଦତ୍ୱାୱଦତ୍, ଇଦଂ ଗୃହ୍ଲୀତ ଯୂଯଂ ୱିଭଜ୍ୟ ପିୱତ|
2a161200f5	ଯୁଷ୍ମାନ୍ ୱଦାମି ଯାୱତ୍କାଲମ୍ ଈଶ୍ୱରରାଜତ୍ୱସ୍ୟ ସଂସ୍ଥାପନଂ ନ ଭୱତି ତାୱଦ୍ ଦ୍ରାକ୍ଷାଫଲରସଂ ନ ପାସ୍ୟାମି|
2a16130187	ତତଃ ପୂପଂ ଗୃହୀତ୍ୱା ଈଶ୍ୱରଗୁଣାନ୍ କୀର୍ତ୍ତଯିତ୍ୱା ଭଙ୍କ୍ତା ତେଭ୍ୟୋ ଦତ୍ୱାୱଦତ୍, ଯୁଷ୍ମଦର୍ଥଂ ସମର୍ପିତଂ ଯନ୍ମମ ୱପୁସ୍ତଦିଦଂ, ଏତତ୍ କର୍ମ୍ମ ମମ ସ୍ମରଣାର୍ଥଂ କୁରୁଧ୍ୱଂ|
2a16140127	ଅଥ ଭୋଜନାନ୍ତେ ତାଦୃଶଂ ପାତ୍ରଂ ଗୃହୀତ୍ୱାୱଦତ୍, ଯୁଷ୍ମତ୍କୃତେ ପାତିତଂ ଯନ୍ମମ ରକ୍ତଂ ତେନ ନିର୍ଣୀତନୱନିଯମରୂପଂ ପାନପାତ୍ରମିଦଂ|
2a1615009d	ପଶ୍ୟତ ଯୋ ମାଂ ପରକରେଷୁ ସମର୍ପଯିଷ୍ୟତି ସ ମଯା ସହ ଭୋଜନାସନ ଉପୱିଶତି|
2a1616013f	ଯଥା ନିରୂପିତମାସ୍ତେ ତଦନୁସାରେଣା ମନୁଷ୍ୟପୁତ୍ରସ୍ୟ ଗତି ର୍ଭୱିଷ୍ୟତି କିନ୍ତୁ ଯସ୍ତଂ ପରକରେଷୁ ସମର୍ପଯିଷ୍ୟତି ତସ୍ୟ ସନ୍ତାପୋ ଭୱିଷ୍ୟତି|
2a161700b6	ତଦା ତେଷାଂ କୋ ଜନ ଏତତ୍ କର୍ମ୍ମ କରିଷ୍ୟତି ତତ୍ ତେ ପରସ୍ପରଂ ପ୍ରଷ୍ଟୁମାରେଭିରେ|
2a161800bb	ଅପରଂ ତେଷାଂ କୋ ଜନଃ ଶ୍ରେଷ୍ଠତ୍ୱେନ ଗଣଯିଷ୍ୟତେ, ଅତ୍ରାର୍ଥେ ତେଷାଂ ୱିୱାଦୋଭୱତ୍|
2a1619016c	ଅସ୍ମାତ୍ କାରଣାତ୍ ସୋୱଦତ୍, ଅନ୍ୟଦେଶୀଯାନାଂ ରାଜାନଃ ପ୍ରଜାନାମୁପରି ପ୍ରଭୁତ୍ୱଂ କୁର୍ୱ୍ୱନ୍ତି ଦାରୁଣଶାସନଂ କୃତ୍ୱାପି ତେ ଭୂପତିତ୍ୱେନ ୱିଖ୍ୟାତା ଭୱନ୍ତି ଚ|
2a161a0133	କିନ୍ତୁ ଯୁଷ୍ମାକଂ ତଥା ନ ଭୱିଷ୍ୟତି, ଯୋ ଯୁଷ୍ମାକଂ ଶ୍ରେଷ୍ଠୋ ଭୱିଷ୍ୟତି ସ କନିଷ୍ଠୱଦ୍ ଭୱତୁ, ଯଶ୍ଚ ମୁଖ୍ୟୋ ଭୱିଷ୍ୟତି ସ ସେୱକୱଦ୍ଭୱତୁ|
2a161b0139	ଭୋଜନୋପୱିଷ୍ଟପରିଚାରକଯୋଃ କଃ ଶ୍ରେଷ୍ଠଃ? ଯୋ ଭୋଜନାଯୋପୱିଶତି ସ କିଂ ଶ୍ରେଷ୍ଠୋ ନ ଭୱତି? କିନ୍ତୁ ଯୁଷ୍ମାକଂ ମଧ୍ୟେଽହଂ ପରିଚାରକଇୱାସ୍ମି|
2a161c008e	ଅପରଞ୍ଚ ଯୁଯଂ ମମ ପରୀକ୍ଷାକାଲେ ପ୍ରଥମମାରଭ୍ୟ ମଯା ସହ ସ୍ଥିତା
2a161d00eb	ଏତତ୍କାରଣାତ୍ ପିତ୍ରା ଯଥା ମଦର୍ଥଂ ରାଜ୍ୟମେକଂ ନିରୂପିତଂ ତଥାହମପି ଯୁଷ୍ମଦର୍ଥଂ ରାଜ୍ୟଂ ନିରୂପଯାମି|
2a161e013e	ତସ୍ମାନ୍ ମମ ରାଜ୍ୟେ ଭୋଜନାସନେ ଚ ଭୋଜନପାନେ କରିଷ୍ୟଧ୍ୱେ ସିଂହାସନେଷୂପୱିଶ୍ୟ ଚେସ୍ରାଯେଲୀଯାନାଂ ଦ୍ୱାଦଶୱଂଶାନାଂ ୱିଚାରଂ କରିଷ୍ୟଧ୍ୱେ|
2a161f00de	ଅପରଂ ପ୍ରଭୁରୁୱାଚ, ହେ ଶିମୋନ୍ ପଶ୍ୟ ତିତଉନା ଧାନ୍ୟାନୀୱ ଯୁଷ୍ମାନ୍ ଶୈତାନ୍ ଚାଲଯିତୁମ୍ ଐଚ୍ଛତ୍,
2a16200144	କିନ୍ତୁ ତୱ ୱିଶ୍ୱାସସ୍ୟ ଲୋପୋ ଯଥା ନ ଭୱତି ଏତତ୍ ତ୍ୱଦର୍ଥଂ ପ୍ରାର୍ଥିତଂ ମଯା, ତ୍ୱନ୍ମନସି ପରିୱର୍ତ୍ତିତେ ଚ ଭ୍ରାତୃଣାଂ ମନାଂସି ସ୍ଥିରୀକୁରୁ|
2a162100bc	ତଦା ସୋୱଦତ୍, ହେ ପ୍ରଭୋହଂ ତ୍ୱଯା ସାର୍ଦ୍ଧଂ କାରାଂ ମୃତିଞ୍ଚ ଯାତୁଂ ମଜ୍ଜିତୋସ୍ମି|
2a16220103	ତତଃ ସ ଉୱାଚ, ହେ ପିତର ତ୍ୱାଂ ୱଦାମି, ଅଦ୍ୟ କୁକ୍କୁଟରୱାତ୍ ପୂର୍ୱ୍ୱଂ ତ୍ୱଂ ମତ୍ପରିଚଯଂ ୱାରତ୍ରଯମ୍ ଅପହ୍ୱୋଷ୍ୟସେ|
2a1623016d	ଅପରଂ ସ ପପ୍ରଚ୍ଛ, ଯଦା ମୁଦ୍ରାସମ୍ପୁଟଂ ଖାଦ୍ୟପାତ୍ରଂ ପାଦୁକାଞ୍ଚ ୱିନା ଯୁଷ୍ମାନ୍ ପ୍ରାହିଣୱଂ ତଦା ଯୁଷ୍ମାକଂ କସ୍ୟାପି ନ୍ୟୂନତାସୀତ୍? ତେ ପ୍ରୋଚୁଃ କସ୍ୟାପି ନ|
2a1624017b	ତଦା ସୋୱଦତ୍ କିନ୍ତ୍ୱିଦାନୀଂ ମୁଦ୍ରାସମ୍ପୁଟଂ ଖାଦ୍ୟପାତ୍ରଂ ୱା ଯସ୍ୟାସ୍ତି ତେନ ତଦ୍ଗ୍ରହୀତୱ୍ୟଂ, ଯସ୍ୟ ଚ କୃପାଣୋ ନାସ୍ତି ତେନ ସ୍ୱୱସ୍ତ୍ରଂ ୱିକ୍ରୀଯ ସ କ୍ରେତୱ୍ୟଃ|
2a16250189	ଯତୋ ଯୁଷ୍ମାନହଂ ୱଦାମି, ଅପରାଧିଜନୈଃ ସାର୍ଦ୍ଧଂ ଗଣିତଃ ସ ଭୱିଷ୍ୟତି| ଇଦଂ ଯଚ୍ଛାସ୍ତ୍ରୀଯଂ ୱଚନଂ ଲିଖିତମସ୍ତି ତନ୍ମଯି ଫଲିଷ୍ୟତି ଯତୋ ମମ ସମ୍ବନ୍ଧୀଯଂ ସର୍ୱ୍ୱଂ ସେତ୍ସ୍ୟତି|
2a1626009f	ତଦା ତେ ପ୍ରୋଚୁଃ ପ୍ରଭୋ ପଶ୍ୟ ଇମୌ କୃପାଣୌ| ତତଃ ସୋୱଦଦ୍ ଏତୌ ଯଥେଷ୍ଟୌ|
2a162700ee	ଅଥ ସ ତସ୍ମାଦ୍ୱହି ର୍ଗତ୍ୱା ସ୍ୱାଚାରାନୁସାରେଣ ଜୈତୁନନାମାଦ୍ରିଂ ଜଗାମ ଶିଷ୍ୟାଶ୍ଚ ତତ୍ପଶ୍ଚାଦ୍ ଯଯୁଃ|
2a162800ac	ତତ୍ରୋପସ୍ଥାଯ ସ ତାନୁୱାଚ, ଯଥା ପରୀକ୍ଷାଯାଂ ନ ପତଥ ତଦର୍ଥଂ ପ୍ରାର୍ଥଯଧ୍ୱଂ|
2a162900e2	ପଶ୍ଚାତ୍ ସ ତସ୍ମାଦ୍ ଏକଶରକ୍ଷେପାଦ୍ ବହି ର୍ଗତ୍ୱା ଜାନୁନୀ ପାତଯିତ୍ୱା ଏତତ୍ ପ୍ରାର୍ଥଯାଞ୍ଚକ୍ରେ,
2a162a011c	ହେ ପିତ ର୍ୟଦି ଭୱାନ୍ ସମ୍ମନ୍ୟତେ ତର୍ହି କଂସମେନଂ ମମାନ୍ତିକାଦ୍ ଦୂରଯ କିନ୍ତୁ ମଦିଚ୍ଛାନୁରୂପଂ ନ ତ୍ୱଦିଚ୍ଛାନୁରୂପଂ ଭୱତୁ|
2a162b007f	ତଦା ତସ୍ମୈ ଶକ୍ତିଂ ଦାତୁଂ ସ୍ୱର୍ଗୀଯଦୂତୋ ଦର୍ଶନଂ ଦଦୌ|
2a162c0183	ପଶ୍ଚାତ୍ ସୋତ୍ୟନ୍ତଂ ଯାତନଯା ୱ୍ୟାକୁଲୋ ଭୂତ୍ୱା ପୁନର୍ଦୃଢଂ ପ୍ରାର୍ଥଯାଞ୍ଚକ୍ରେ, ତସ୍ମାଦ୍ ବୃହଚ୍ଛୋଣିତବିନ୍ଦୱ ଇୱ ତସ୍ୟ ସ୍ୱେଦବିନ୍ଦୱଃ ପୃଥିୱ୍ୟାଂ ପତିତୁମାରେଭିରେ|
2a162d00e0	ଅଥ ପ୍ରାର୍ଥନାତ ଉତ୍ଥାଯ ଶିଷ୍ୟାଣାଂ ସମୀପମେତ୍ୟ ତାନ୍ ମନୋଦୁଃଖିନୋ ନିଦ୍ରିତାନ୍ ଦୃଷ୍ଟ୍ୱାୱଦତ୍
2a162e0084	କୁତୋ ନିଦ୍ରାଥ? ପରୀକ୍ଷାଯାମ୍ ଅପତନାର୍ଥଂ ପ୍ରର୍ଥଯଧ୍ୱଂ|
2a162f0156	ଏତତ୍କଥାଯାଃ କଥନକାଲେ ଦ୍ୱାଦଶଶିଷ୍ୟାଣାଂ ମଧ୍ୟେ ଗଣିତୋ ଯିହୂଦାନାମା ଜନତାସହିତସ୍ତେଷାମ୍ ଅଗ୍ରେ ଚଲିତ୍ୱା ଯୀଶୋଶ୍ଚୁମ୍ବନାର୍ଥଂ ତଦନ୍ତିକମ୍ ଆଯଯୌ|
2a163000b8	ତଦା ଯୀଶୁରୁୱାଚ, ହେ ଯିହୂଦା କିଂ ଚୁମ୍ବନେନ ମନୁଷ୍ୟପୁତ୍ରଂ ପରକରେଷୁ ସମର୍ପଯସି?
2a163100d2	ତଦା ଯଦ୍ୟଦ୍ ଘଟିଷ୍ୟତେ ତଦନୁମାଯ ସଙ୍ଗିଭିରୁକ୍ତଂ, ହେ ପ୍ରଭୋ ୱଯଂ କି ଖଙ୍ଗେନ ଘାତଯିଷ୍ୟାମଃ?
2a163200ad	ତତ ଏକଃ କରୱାଲେନାହତ୍ୟ ପ୍ରଧାନଯାଜକସ୍ୟ ଦାସସ୍ୟ ଦକ୍ଷିଣଂ କର୍ଣଂ ଚିଚ୍ଛେଦ|
2a163300cb	ଅଧୂନା ନିୱର୍ତ୍ତସ୍ୱ ଇତ୍ୟୁକ୍ତ୍ୱା ଯୀଶୁସ୍ତସ୍ୟ ଶ୍ରୁତିଂ ସ୍ପୃଷ୍ଟ୍ୱା ସ୍ୱସ୍ୟଂ ଚକାର|
2a1634017f	ପଶ୍ଚାଦ୍ ଯୀଶୁଃ ସମୀପସ୍ଥାନ୍ ପ୍ରଧାନଯାଜକାନ୍ ମନ୍ଦିରସ୍ୟ ସେନାପତୀନ୍ ପ୍ରାଚୀନାଂଶ୍ଚ ଜଗାଦ, ଯୂଯଂ କୃପାଣାନ୍ ଯଷ୍ଟୀଂଶ୍ଚ ଗୃହୀତ୍ୱା ମାଂ କିଂ ଚୋରଂ ଧର୍ତ୍ତୁମାଯାତାଃ?
2a16350159	ଯଦାହଂ ଯୁଷ୍ମାଭିଃ ସହ ପ୍ରତିଦିନଂ ମନ୍ଦିରେଽତିଷ୍ଠଂ ତଦା ମାଂ ଧର୍ତ୍ତଂ ନ ପ୍ରୱୃତ୍ତାଃ, କିନ୍ତ୍ୱିଦାନୀଂ ଯୁଷ୍ମାକଂ ସମଯୋନ୍ଧକାରସ୍ୟ ଚାଧିପତ୍ୟମସ୍ତି|
2a163600c9	ଅଥ ତେ ତଂ ଧୃତ୍ୱା ମହାଯାଜକସ୍ୟ ନିୱେଶନଂ ନିନ୍ୟୁଃ| ତତଃ ପିତରୋ ଦୂରେ ଦୂରେ ପଶ୍ଚାଦିତ୍ୱା
2a16370102	ବୃହତ୍କୋଷ୍ଠସ୍ୟ ମଧ୍ୟେ ଯତ୍ରାଗ୍ନିଂ ଜ୍ୱାଲଯିତ୍ୱା ଲୋକାଃ ସମେତ୍ୟୋପୱିଷ୍ଟାସ୍ତତ୍ର ତୈଃ ସାର୍ଦ୍ଧମ୍ ଉପୱିୱେଶ|
2a16380107	ଅଥ ୱହ୍ନିସନ୍ନିଧୌ ସମୁପୱେଶକାଲେ କାଚିଦ୍ଦାସୀ ମନୋ ନିୱିଶ୍ୟ ତଂ ନିରୀକ୍ଷ୍ୟାୱଦତ୍ ପୁମାନଯଂ ତସ୍ୟ ସଙ୍ଗେଽସ୍ଥାତ୍|
2a16390093	କିନ୍ତୁ ସ ତଦ୍ ଅପହ୍ନୁତ୍ୟାୱାଦୀତ୍ ହେ ନାରି ତମହଂ ନ ପରିଚିନୋମି|
2a163a0110	କ୍ଷଣାନ୍ତରେଽନ୍ୟଜନସ୍ତଂ ଦୃଷ୍ଟ୍ୱାବ୍ରୱୀତ୍ ତ୍ୱମପି ତେଷାଂ ନିକରସ୍ୟୈକଜନୋସି| ପିତରଃ ପ୍ରତ୍ୟୁୱାଚ ହେ ନର ନାହମସ୍ମି|
2a163b010b	ତତଃ ସାର୍ଦ୍ଧଦଣ୍ଡଦ୍ୱଯାତ୍ ପରଂ ପୁନରନ୍ୟୋ ଜନୋ ନିଶ୍ଚିତ୍ୟ ବଭାଷେ, ଏଷ ତସ୍ୟ ସଙ୍ଗୀତି ସତ୍ୟଂ ଯତୋଯଂ ଗାଲୀଲୀଯୋ ଲୋକଃ|
2a163c00f9	ତଦା ପିତର ଉୱାଚ ହେ ନର ତ୍ୱଂ ଯଦ୍ ୱଦମି ତଦହଂ ବୋଦ୍ଧୁଂ ନ ଶକ୍ନୋମି, ଇତି ୱାକ୍ୟେ କଥିତମାତ୍ରେ କୁକ୍କୁଟୋ ରୁରାୱ|
2a163d0158	ତଦା ପ୍ରଭୁଣା ୱ୍ୟାଧୁଟ୍ୟ ପିତରେ ନିରୀକ୍ଷିତେ କୃକୱାକୁରୱାତ୍ ପୂର୍ୱ୍ୱଂ ମାଂ ତ୍ରିରପହ୍ନୋଷ୍ୟସେ ଇତି ପୂର୍ୱ୍ୱୋକ୍ତଂ ତସ୍ୟ ୱାକ୍ୟଂ ପିତରଃ ସ୍ମୃତ୍ୱା
2a163e004e	ବହିର୍ଗତ୍ୱା ମହାଖେଦେନ ଚକ୍ରନ୍ଦ|
2a163f008f	ତଦା ଯୈ ର୍ୟୀଶୁର୍ଧୃତସ୍ତେ ତମୁପହସ୍ୟ ପ୍ରହର୍ତ୍ତୁମାରେଭିରେ|
2a1640011f	ୱସ୍ତ୍ରେଣ ତସ୍ୟ ଦୃଶୌ ବଦ୍ଧ୍ୱା କପୋଲେ ଚପେଟାଘାତଂ କୃତ୍ୱା ପପ୍ରଚ୍ଛୁଃ, କସ୍ତେ କପୋଲେ ଚପେଟାଘାତଂ କୃତୱାନ? ଗଣଯିତ୍ୱା ତଦ୍ ୱଦ|
2a1641008e	ତଦନ୍ୟତ୍ ତଦ୍ୱିରୁଦ୍ଧଂ ବହୁନିନ୍ଦାୱାକ୍ୟଂ ୱକ୍ତୁମାରେଭିରେ|
2a16420152	ଅଥ ପ୍ରଭାତେ ସତି ଲୋକପ୍ରାଞ୍ଚଃ ପ୍ରଧାନଯାଜକା ଅଧ୍ୟାପକାଶ୍ଚ ସଭାଂ କୃତ୍ୱା ମଧ୍ୟେସଭଂ ଯୀଶୁମାନୀଯ ପପ୍ରଚ୍ଛୁଃ, ତ୍ୱମ୍ ଅଭିଷିକତୋସି ନ ୱାସ୍ମାନ୍ ୱଦ|
2a16430092	ସ ପ୍ରତ୍ୟୁୱାଚ, ମଯା ତସ୍ମିନ୍ନୁକ୍ତେଽପି ଯୂଯଂ ନ ୱିଶ୍ୱସିଷ୍ୟଥ|
2a164400d7	କସ୍ମିଂଶ୍ଚିଦ୍ୱାକ୍ୟେ ଯୁଷ୍ମାନ୍ ପୃଷ୍ଟେଽପି ମାଂ ନ ତଦୁତ୍ତରଂ ୱକ୍ଷ୍ୟଥ ନ ମାଂ ତ୍ୟକ୍ଷ୍ୟଥ ଚ|
2a164500da	କିନ୍ତ୍ୱିତଃ ପରଂ ମନୁଜସୁତଃ ସର୍ୱ୍ୱଶକ୍ତିମତ ଈଶ୍ୱରସ୍ୟ ଦକ୍ଷିଣେ ପାର୍ଶ୍ୱେ ସମୁପୱେକ୍ଷ୍ୟତି|
2a164600d5	ତତସ୍ତେ ପପ୍ରଚ୍ଛୁଃ, ର୍ତିହ ତ୍ୱମୀଶ୍ୱରସ୍ୟ ପୁତ୍ରଃ? ସ କଥଯାମାସ, ଯୂଯଂ ଯଥାର୍ଥଂ ୱଦଥ ସ ଏୱାହଂ|
2a16470126	ତଦା ତେ ସର୍ୱ୍ୱେ କଥଯାମାସୁଃ, ର୍ତିହ ସାକ୍ଷ୍ୟେଽନ୍ସସ୍ମିନ୍ ଅସ୍ମାକଂ କିଂ ପ୍ରଯୋଜନଂ? ଅସ୍ୟ ସ୍ୱମୁଖାଦେୱ ସାକ୍ଷ୍ୟଂ ପ୍ରାପ୍ତମ୍|
2a170100d1	ତତଃ ସଭାସ୍ଥାଃ ସର୍ୱ୍ୱଲୋକା ଉତ୍ଥାଯ ତଂ ପୀଲାତସମ୍ମୁଖଂ ନୀତ୍ୱାପ୍ରୋଦ୍ୟ ୱକ୍ତୁମାରେଭିରେ,
2a17020135	ସ୍ୱମଭିଷିକ୍ତଂ ରାଜାନଂ ୱଦନ୍ତଂ କୈମରରାଜାଯ କରଦାନଂ ନିଷେଧନ୍ତଂ ରାଜ୍ୟୱିପର୍ୟ୍ୟଯଂ କୁର୍ତ୍ତୁଂ ପ୍ରୱର୍ତ୍ତମାନମ୍ ଏନ ପ୍ରାପ୍ତା ୱଯଂ|
2a170300e1	ତଦା ପୀଲାତସ୍ତଂ ପୃଷ୍ଟୱାନ୍ ତ୍ୱଂ କିଂ ଯିହୂଦୀଯାନାଂ ରାଜା? ସ ପ୍ରତ୍ୟୁୱାଚ ତ୍ୱଂ ସତ୍ୟମୁକ୍ତୱାନ୍|
2a170400bc	ତଦା ପୀଲାତଃ ପ୍ରଧାନଯାଜକାଦିଲୋକାନ୍ ଜଗାଦ୍, ଅହମେତସ୍ୟ କମପ୍ୟପରାଧଂ ନାପ୍ତୱାନ୍|
2a17050172	ତତସ୍ତେ ପୁନଃ ସାହମିନୋ ଭୂତ୍ୱାୱଦନ୍, ଏଷ ଗାଲୀଲ ଏତତ୍ସ୍ଥାନପର୍ୟ୍ୟନ୍ତେ ସର୍ୱ୍ୱସ୍ମିନ୍ ଯିହୂଦାଦେଶେ ସର୍ୱ୍ୱାଲ୍ଲୋକାନୁପଦିଶ୍ୟ କୁପ୍ରୱୃତ୍ତିଂ ଗ୍ରାହୀତୱାନ୍|
2a170600b8	ତଦା ପୀଲାତୋ ଗାଲୀଲପ୍ରଦେଶସ୍ୟ ନାମ ଶ୍ରୁତ୍ୱା ପପ୍ରଚ୍ଛ, କିମଯଂ ଗାଲୀଲୀଯୋ ଲୋକଃ?
2a170700cb	ତତଃ ସ ଗାଲୀଲ୍ପ୍ରଦେଶୀଯହେରୋଦ୍ରାଜସ୍ୟ ତଦା ସ୍ଥିତେସ୍ତସ୍ୟ ସମୀପେ ଯୀଶୁଂ ପ୍ରେଷଯାମାସ|
2a170801b2	ତଦା ହେରୋଦ୍ ଯୀଶୁଂ ୱିଲୋକ୍ୟ ସନ୍ତୁତୋଷ, ଯତଃ ସ ତସ୍ୟ ବହୁୱୃତ୍ତାନ୍ତଶ୍ରୱଣାତ୍ ତସ୍ୟ କିଞିଚଦାଶ୍ଚର୍ୟ୍ୟକର୍ମ୍ମ ପଶ୍ୟତି ଇତ୍ୟାଶାଂ କୃତ୍ୱା ବହୁକାଲମାରଭ୍ୟ ତଂ ଦ୍ରଷ୍ଟୁଂ ପ୍ରଯାସଂ କୃତୱାନ୍|
2a170900d1	ତସ୍ମାତ୍ ତଂ ବହୁକଥାଃ ପପ୍ରଚ୍ଛ କିନ୍ତୁ ସ ତସ୍ୟ କସ୍ୟାପି ୱାକ୍ୟସ୍ୟ ପ୍ରତ୍ୟୁତ୍ତରଂ ନୋୱାଚ|
2a170a00c7	ଅଥ ପ୍ରଧାନଯାଜକା ଅଧ୍ୟାପକାଶ୍ଚ ପ୍ରୋତ୍ତିଷ୍ଠନ୍ତଃ ସାହସେନ ତମପୱଦିତୁଂ ପ୍ରାରେଭିରେ|
2a170b0102	ହେରୋଦ୍ ତସ୍ୟ ସେନାଗଣଶ୍ଚ ତମୱଜ୍ଞାଯ ଉପହାସତ୍ୱେନ ରାଜୱସ୍ତ୍ରଂ ପରିଧାପ୍ୟ ପୁନଃ ପୀଲାତଂ ପ୍ରତି ତଂ ପ୍ରାହିଣୋତ୍|
2a170c00dc	ପୂର୍ୱ୍ୱଂ ହେରୋଦ୍ପୀଲାତଯୋଃ ପରସ୍ପରଂ ୱୈରଭାୱ ଆସୀତ୍ କିନ୍ତୁ ତଦ୍ଦିନେ ଦ୍ୱଯୋ ର୍ମେଲନଂ ଜାତମ୍|
2a170d00ac	ପଶ୍ଚାତ୍ ପୀଲାତଃ ପ୍ରଧାନଯାଜକାନ୍ ଶାସକାନ୍ ଲୋକାଂଶ୍ଚ ଯୁଗପଦାହୂଯ ବଭାଷେ,
2a170e01ca	ରାଜ୍ୟୱିପର୍ୟ୍ୟଯକାରକୋଯମ୍ ଇତ୍ୟୁକ୍ତ୍ୱା ମନୁଷ୍ୟମେନଂ ମମ ନିକଟମାନୈଷ୍ଟ କିନ୍ତୁ ପଶ୍ୟତ ଯୁଷ୍ମାକଂ ସମକ୍ଷମ୍ ଅସ୍ୟ ୱିଚାରଂ କୃତ୍ୱାପି ପ୍ରୋକ୍ତାପୱାଦାନୁରୂପେଣାସ୍ୟ କୋପ୍ୟପରାଧଃ ସପ୍ରମାଣୋ ନ ଜାତଃ,
2a170f012b	ଯୂଯଞ୍ଚ ହେରୋଦଃ ସନ୍ନିଧୌ ପ୍ରେଷିତା ମଯା ତତ୍ରାସ୍ୟ କୋପ୍ୟପରାଧସ୍ତେନାପି ନ ପ୍ରାପ୍ତଃ| ପଶ୍ୟତାନେନ ୱଧହେତୁକଂ କିମପି ନାପରାଦ୍ଧଂ|
2a17100057	ତସ୍ମାଦେନଂ ତାଡଯିତ୍ୱା ୱିହାସ୍ୟାମି|
2a17110057	ତତ୍ରୋତ୍ସୱେ ତେଷାମେକୋ ମୋଚଯିତୱ୍ୟଃ|
2a171200ba	ଇତି ହେତୋସ୍ତେ ପ୍ରୋଚ୍ଚୈରେକଦା ପ୍ରୋଚୁଃ, ଏନଂ ଦୂରୀକୃତ୍ୟ ବରବ୍ବାନାମାନଂ ମୋଚଯ|
2a1713008e	ସ ବରବ୍ବା ନଗର ଉପପ୍ଲୱୱଧାପରାଧାଭ୍ୟାଂ କାରାଯାଂ ବଦ୍ଧ ଆସୀତ୍|
2a1714008a	କିନ୍ତୁ ପୀଲାତୋ ଯୀଶୁଂ ମୋଚଯିତୁଂ ୱାଞ୍ଛନ୍ ପୁନସ୍ତାନୁୱାଚ|
2a17150097	ତଥାପ୍ୟେନଂ କ୍ରୁଶେ ୱ୍ୟଧ କ୍ରୁଶେ ୱ୍ୟଧେତି ୱଦନ୍ତସ୍ତେ ରୁରୁୱୁଃ|
2a1716011d	ତତଃ ସ ତୃତୀଯୱାରଂ ଜଗାଦ କୁତଃ? ସ କିଂ କର୍ମ୍ମ କୃତୱାନ୍? ନାହମସ୍ୟ କମପି ୱଧାପରାଧଂ ପ୍ରାପ୍ତଃ କେୱଲଂ ତାଡଯିତ୍ୱାମୁଂ ତ୍ୟଜାମି|
2a171700d1	ତଥାପି ତେ ପୁନରେନଂ କ୍ରୁଶେ ୱ୍ୟଧ ଇତ୍ୟୁକ୍ତ୍ୱା ପ୍ରୋଚ୍ଚୈର୍ଦୃଢଂ ପ୍ରାର୍ଥଯାଞ୍ଚକ୍ରିରେ;
2a171800dc	ତତଃ ପ୍ରଧାନଯାଜକାଦୀନାଂ କଲରୱେ ପ୍ରବଲେ ସତି ତେଷାଂ ପ୍ରାର୍ଥନାରୂପଂ କର୍ତ୍ତୁଂ ପୀଲାତ ଆଦିଦେଶ|
2a171900f8	ରାଜଦ୍ରୋହୱଧଯୋରପରାଧେନ କାରାସ୍ଥଂ ଯଂ ଜନଂ ତେ ଯଯାଚିରେ ତଂ ମୋଚଯିତ୍ୱା ଯୀଶୁଂ ତେଷାମିଚ୍ଛାଯାଂ ସମାର୍ପଯତ୍|
2a171a0161	ଅଥ ତେ ଯୀଶୁଂ ଗୃହୀତ୍ୱା ଯାନ୍ତି, ଏତର୍ହି ଗ୍ରାମାଦାଗତଂ ଶିମୋନନାମାନଂ କୁରୀଣୀଯଂ ଜନଂ ଧୃତ୍ୱା ଯୀଶୋଃ ପଶ୍ଚାନ୍ନେତୁଂ ତସ୍ୟ ସ୍କନ୍ଧେ କ୍ରୁଶମର୍ପଯାମାସୁଃ|
2a171b00c2	ତତୋ ଲୋକାରଣ୍ୟମଧ୍ୟେ ବହୁସ୍ତ୍ରିଯୋ ରୁଦତ୍ୟୋ ୱିଲପନ୍ତ୍ୟଶ୍ଚ ଯୀଶୋଃ ପଶ୍ଚାଦ୍ ଯଯୁଃ|
2a171c011b	କିନ୍ତୁ ସ ୱ୍ୟାଘୁଟ୍ୟ ତା ଉୱାଚ, ହେ ଯିରୂଶାଲମୋ ନାର୍ୟ୍ୟୋ ଯୁଯଂ ମଦର୍ଥଂ ନ ରୁଦିତ୍ୱା ସ୍ୱାର୍ଥଂ ସ୍ୱାପତ୍ୟାର୍ଥଞ୍ଚ ରୁଦିତି;
2a171d0111	ପଶ୍ୟତ ଯଃ କଦାପି ଗର୍ଭୱତ୍ୟୋ ନାଭୱନ୍ ସ୍ତନ୍ୟଞ୍ଚ ନାପାଯଯନ୍ ତାଦୃଶୀ ର୍ୱନ୍ଧ୍ୟା ଯଦା ଧନ୍ୟା ୱକ୍ଷ୍ୟନ୍ତି ସ କାଲ ଆଯାତି|
2a171e00db	ତଦା ହେ ଶୈଲା ଅସ୍ମାକମୁପରି ପତତ, ହେ ଉପଶୈଲା ଅସ୍ମାନାଚ୍ଛାଦଯତ କଥାମୀଦୃଶୀଂ ଲୋକା ୱକ୍ଷ୍ୟନ୍ତି|
2a171f00ac	ଯତଃ ସତେଜସି ଶାଖିନି ଚେଦେତଦ୍ ଘଟତେ ତର୍ହି ଶୁଷ୍କଶାଖିନି କିଂ ନ ଘଟିଷ୍ୟତେ?
2a17200082	ତଦା ତେ ହନ୍ତୁଂ ଦ୍ୱାୱପରାଧିନୌ ତେନ ସାର୍ଦ୍ଧଂ ନିନ୍ୟୁଃ|
2a17210134	ଅପରଂ ଶିରଃକପାଲନାମକସ୍ଥାନଂ ପ୍ରାପ୍ୟ ତଂ କ୍ରୁଶେ ୱିୱିଧୁଃ; ତଦ୍ଦ୍ୱଯୋରପରାଧିନୋରେକଂ ତସ୍ୟ ଦକ୍ଷିଣୋ ତଦନ୍ୟଂ ୱାମେ କ୍ରୁଶେ ୱିୱିଧୁଃ|
2a1722016f	ତଦା ଯୀଶୁରକଥଯତ୍, ହେ ପିତରେତାନ୍ କ୍ଷମସ୍ୱ ଯତ ଏତେ ଯତ୍ କର୍ମ୍ମ କୁର୍ୱ୍ୱନ୍ତି ତନ୍ ନ ୱିଦୁଃ; ପଶ୍ଚାତ୍ତେ ଗୁଟିକାପାତଂ କୃତ୍ୱା ତସ୍ୟ ୱସ୍ତ୍ରାଣି ୱିଭଜ୍ୟ ଜଗୃହୁଃ|
2a17230190	ତତ୍ର ଲୋକସଂଘସ୍ତିଷ୍ଠନ୍ ଦଦର୍ଶ; ତେ ତେଷାଂ ଶାସକାଶ୍ଚ ତମୁପହସ୍ୟ ଜଗଦୁଃ, ଏଷ ଇତରାନ୍ ରକ୍ଷିତୱାନ୍ ଯଦୀଶ୍ୱରେଣାଭିରୁଚିତୋ ଽଭିଷିକ୍ତସ୍ତ୍ରାତା ଭୱତି ତର୍ହି ସ୍ୱମଧୁନା ରକ୍ଷତୁ|
2a17240098	ତଦନ୍ୟଃ ସେନାଗଣା ଏତ୍ୟ ତସ୍ମୈ ଅମ୍ଲରସଂ ଦତ୍ୱା ପରିହସ୍ୟ ପ୍ରୋୱାଚ,
2a17250078	ଚେତ୍ତ୍ୱଂ ଯିହୂଦୀଯାନାଂ ରାଜାସି ତର୍ହି ସ୍ୱଂ ରକ୍ଷ|
2a172600f7	ଯିହୂଦୀଯାନାଂ ରାଜେତି ୱାକ୍ୟଂ ଯୂନାନୀଯରୋମୀଯେବ୍ରୀଯାକ୍ଷରୈ ର୍ଲିଖିତଂ ତଚ୍ଛିରସ ଊର୍ଦ୍ଧ୍ୱେଽସ୍ଥାପ୍ୟତ|
2a17270129	ତଦୋଭଯପାର୍ଶ୍ୱଯୋ ର୍ୱିଦ୍ଧୌ ଯାୱପରାଧିନୌ ତଯୋରେକସ୍ତଂ ୱିନିନ୍ଦ୍ୟ ବଭାଷେ, ଚେତ୍ତ୍ୱମ୍ ଅଭିଷିକ୍ତୋସି ତର୍ହି ସ୍ୱମାୱାଞ୍ଚ ରକ୍ଷ|
2a172800ef	କିନ୍ତ୍ୱନ୍ୟସ୍ତଂ ତର୍ଜଯିତ୍ୱାୱଦତ୍, ଈଶ୍ୱରାତ୍ତୱ କିଞ୍ଚିଦପି ଭଯଂ ନାସ୍ତି କିଂ? ତ୍ୱମପି ସମାନଦଣ୍ଡୋସି,
2a172900e3	ଯୋଗ୍ୟପାତ୍ରେ ଆୱାଂ ସ୍ୱସ୍ୱକର୍ମ୍ମଣାଂ ସମୁଚିତଫଲଂ ପ୍ରାପ୍ନୁୱଃ କିନ୍ତ୍ୱନେନ କିମପି ନାପରାଦ୍ଧଂ|
2a172a00a3	ଅଥ ସ ଯୀଶୁଂ ଜଗାଦ ହେ ପ୍ରଭେ ଭୱାନ୍ ସ୍ୱରାଜ୍ୟପ୍ରୱେଶକାଲେ ମାଂ ସ୍ମରତୁ|
2a172b00ff	ତଦା ଯୀଶୁଃ କଥିତୱାନ୍ ତ୍ୱାଂ ଯଥାର୍ଥଂ ୱଦାମି ତ୍ୱମଦ୍ୟୈୱ ମଯା ସାର୍ଦ୍ଧଂ ପରଲୋକସ୍ୟ ସୁଖସ୍ଥାନଂ ପ୍ରାପ୍ସ୍ୟସି|
2a172c0103	ଅପରଞ୍ଚ ଦ୍ୱିତୀଯଯାମାତ୍ ତୃତୀଯଯାମପର୍ୟ୍ୟନ୍ତଂ ରୱେସ୍ତେଜସୋନ୍ତର୍ହିତତ୍ୱାତ୍ ସର୍ୱ୍ୱଦେଶୋଽନ୍ଧକାରେଣାୱୃତୋ
2a172d006f	ମନ୍ଦିରସ୍ୟ ଯୱନିକା ଚ ଛିଦ୍ୟମାନା ଦ୍ୱିଧା ବଭୂୱ|
2a172e00dd	ତତୋ ଯୀଶୁରୁଚ୍ଚୈରୁୱାଚ, ହେ ପିତ ର୍ମମାତ୍ମାନଂ ତୱ କରେ ସମର୍ପଯେ, ଇତ୍ୟୁକ୍ତ୍ୱା ସ ପ୍ରାଣାନ୍ ଜହୌ|
2a172f00f7	ତଦୈତା ଘଟନା ଦୃଷ୍ଟ୍ୱା ଶତସେନାପତିରୀଶ୍ୱରଂ ଧନ୍ୟମୁକ୍ତ୍ୱା କଥିତୱାନ୍ ଅଯଂ ନିତାନ୍ତଂ ସାଧୁମନୁଷ୍ୟ ଆସୀତ୍|
2a173000f4	ଅଥ ଯାୱନ୍ତୋ ଲୋକା ଦ୍ରଷ୍ଟୁମ୍ ଆଗତାସ୍ତେ ତା ଘଟନା ଦୃଷ୍ଟ୍ୱା ୱକ୍ଷଃସୁ କରାଘାତଂ କୃତ୍ୱା ୱ୍ୟାଚୁଟ୍ୟ ଗତାଃ|
2a17310106	ଯୀଶୋ ର୍ଜ୍ଞାତଯୋ ଯା ଯା ଯୋଷିତଶ୍ଚ ଗାଲୀଲସ୍ତେନ ସାର୍ଦ୍ଧମାଯାତାସ୍ତା ଅପି ଦୂରେ ସ୍ଥିତ୍ୱା ତତ୍ ସର୍ୱ୍ୱଂ ଦଦୃଶୁଃ|
2a173200d5	ତଦା ଯିହୂଦୀଯାନାଂ ମନ୍ତ୍ରଣାଂ କ୍ରିଯାଞ୍ଚାସମ୍ମନ୍ୟମାନ ଈଶ୍ୱରସ୍ୟ ରାଜତ୍ୱମ୍ ଅପେକ୍ଷମାଣୋ
2a173300c6	ଯିହୂଦିଦେଶୀଯୋ ଽରିମଥୀଯନଗରୀଯୋ ଯୂଷଫ୍ନାମା ମନ୍ତ୍ରୀ ଭଦ୍ରୋ ଧାର୍ମ୍ମିକଶ୍ଚ ପୁମାନ୍
2a17340065	ପୀଲାତାନ୍ତିକଂ ଗତ୍ୱା ଯୀଶୋ ର୍ଦେହଂ ଯଯାଚେ|
2a17350118	ପଶ୍ଚାଦ୍ ୱପୁରୱରୋହ୍ୟ ୱାସସା ସଂୱେଷ୍ଟ୍ୟ ଯତ୍ର କୋପି ମାନୁଷୋ ନାସ୍ଥାପ୍ୟତ ତସ୍ମିନ୍ ଶୈଲେ ସ୍ୱାତେ ଶ୍ମଶାନେ ତଦସ୍ଥାପଯତ୍|
2a17360073	ତଦ୍ଦିନମାଯୋଜନୀଯଂ ଦିନଂ ୱିଶ୍ରାମୱାରଶ୍ଚ ସମୀପଃ|
2a17370103	ଅପରଂ ଯୀଶୁନା ସାର୍ଦ୍ଧଂ ଗାଲୀଲ ଆଗତା ଯୋଷିତଃ ପଶ୍ଚାଦିତ୍ୱା ଶ୍ମଶାନେ ତତ୍ର ଯଥା ୱପୁଃ ସ୍ଥାପିତଂ ତଚ୍ଚ ଦୃଷ୍ଟ୍ୱା
2a173800cd	ୱ୍ୟାଘୁଟ୍ୟ ସୁଗନ୍ଧିଦ୍ରୱ୍ୟତୈଲାନି କୃତ୍ୱା ୱିଧିୱଦ୍ ୱିଶ୍ରାମୱାରେ ୱିଶ୍ରାମଂ ଚକ୍ରୁଃ|
2a1801014e	ଅଥ ସପ୍ତାହପ୍ରଥମଦିନେଽତିପ୍ରତ୍ୟୂଷେ ତା ଯୋଷିତଃ ସମ୍ପାଦିତଂ ସୁଗନ୍ଧିଦ୍ରୱ୍ୟଂ ଗୃହୀତ୍ୱା ତଦନ୍ୟାଭିଃ କିଯତୀଭିଃ ସ୍ତ୍ରୀଭିଃ ସହ ଶ୍ମଶାନଂ ଯଯୁଃ|
2a1802007e	କିନ୍ତୁ ଶ୍ମଶାନଦ୍ୱାରାତ୍ ପାଷାଣମପସାରିତଂ ଦୃଷ୍ଟ୍ୱା
2a1803005a	ତାଃ ପ୍ରୱିଶ୍ୟ ପ୍ରଭୋ ର୍ଦେହମପ୍ରାପ୍ୟ
2a180400d7	ୱ୍ୟାକୁଲା ଭୱନ୍ତି ଏତର୍ହି ତେଜୋମଯୱସ୍ତ୍ରାନ୍ୱିତୌ ଦ୍ୱୌ ପୁରୁଷୌ ତାସାଂ ସମୀପେ ସମୁପସ୍ଥିତୌ
2a18050103	ତସ୍ମାତ୍ତାଃ ଶଙ୍କାଯୁକ୍ତା ଭୂମାୱଧୋମୁଖ୍ୟସ୍ୟସ୍ଥୁଃ| ତଦା ତୌ ତା ଊଚତୁ ର୍ମୃତାନାଂ ମଧ୍ୟେ ଜୀୱନ୍ତଂ କୁତୋ ମୃଗଯଥ?
2a18060040	ସୋତ୍ର ନାସ୍ତି ସ ଉଦସ୍ଥାତ୍|
2a18070177	ପାପିନାଂ କରେଷୁ ସମର୍ପିତେନ କ୍ରୁଶେ ହତେନ ଚ ମନୁଷ୍ୟପୁତ୍ରେଣ ତୃତୀଯଦିୱସେ ଶ୍ମଶାନାଦୁତ୍ଥାତୱ୍ୟମ୍ ଇତି କଥାଂ ସ ଗଲୀଲି ତିଷ୍ଠନ୍ ଯୁଷ୍ମଭ୍ୟଂ କଥିତୱାନ୍ ତାଂ ସ୍ମରତ|
2a18080055	ତଦା ତସ୍ୟ ସା କଥା ତାସାଂ ମନଃସୁ ଜାତା|
2a180900e3	ଅନନ୍ତରଂ ଶ୍ମଶାନାଦ୍ ଗତ୍ୱା ତା ଏକାଦଶଶିଷ୍ୟାଦିଭ୍ୟଃ ସର୍ୱ୍ୱେଭ୍ୟସ୍ତାଂ ୱାର୍ତ୍ତାଂ କଥଯାମାସୁଃ|
2a180a0137	ମଗ୍ଦଲୀନୀମରିଯମ୍, ଯୋହନା, ଯାକୂବୋ ମାତା ମରିଯମ୍ ତଦନ୍ୟାଃ ସଙ୍ଗିନ୍ୟୋ ଯୋଷିତଶ୍ଚ ପ୍ରେରିତେଭ୍ୟ ଏତାଃ ସର୍ୱ୍ୱା ୱାର୍ତ୍ତାଃ କଥଯାମାସୁଃ
2a180b00b0	କିନ୍ତୁ ତାସାଂ କଥାମ୍ ଅନର୍ଥକାଖ୍ୟାନମାତ୍ରଂ ବୁଦ୍ଧ୍ୱା କୋପି ନ ପ୍ରତ୍ୟୈତ୍|
2a180c01a7	ତଦା ପିତର ଉତ୍ଥାଯ ଶ୍ମଶାନାନ୍ତିକଂ ଦଧାୱ, ତତ୍ର ଚ ପ୍ରହ୍ୱୋ ଭୂତ୍ୱା ପାର୍ଶ୍ୱୈକସ୍ଥାପିତଂ କେୱଲଂ ୱସ୍ତ୍ରଂ ଦଦର୍ଶ; ତସ୍ମାଦାଶ୍ଚର୍ୟ୍ୟଂ ମନ୍ୟମାନୋ ଯଦଘଟତ ତନ୍ମନସି ୱିଚାରଯନ୍ ପ୍ରତସ୍ଥେ|
2a180d00e4	ତସ୍ମିନ୍ନେୱ ଦିନେ ଦ୍ୱୌ ଶିଯ୍ୟୌ ଯିରୂଶାଲମଶ୍ଚତୁଷ୍କ୍ରୋଶାନ୍ତରିତମ୍ ଇମ୍ମାଯୁଗ୍ରାମଂ ଗଚ୍ଛନ୍ତୌ
2a180e0044	ତାସାଂ ଘଟନାନାଂ କଥାମକଥଯତାଂ
2a180f0086	ତଯୋରାଲାପୱିଚାରଯୋଃ କାଲେ ଯୀଶୁରାଗତ୍ୟ ତାଭ୍ୟାଂ ସହ ଜଗାମ
2a1810009f	କିନ୍ତୁ ଯଥା ତୌ ତଂ ନ ପରିଚିନୁତସ୍ତଦର୍ଥଂ ତଯୋ ର୍ଦୃଷ୍ଟିଃ ସଂରୁଦ୍ଧା|
2a18110089	ସ ତୌ ପୃଷ୍ଟୱାନ୍ ଯୁୱାଂ ୱିଷଣ୍ଣୌ କିଂ ୱିଚାରଯନ୍ତୌ ଗଚ୍ଛଥଃ?
2a18120122	ତତସ୍ତଯୋଃ କ୍ଲିଯପାନାମା ପ୍ରତ୍ୟୁୱାଚ ଯିରୂଶାଲମପୁରେଽଧୁନା ଯାନ୍ୟଘଟନ୍ତ ତ୍ୱଂ କେୱଲୱିଦେଶୀ କିଂ ତଦ୍ୱୃତ୍ତାନ୍ତଂ ନ ଜାନାସି?
2a18130174	ସ ପପ୍ରଚ୍ଛ କା ଘଟନାଃ? ତଦା ତୌ ୱକ୍ତୁମାରେଭାତେ ଯୀଶୁନାମା ଯୋ ନାସରତୀଯୋ ଭୱିଷ୍ୟଦ୍ୱାଦୀ ଈଶ୍ୱରସ୍ୟ ମାନୁଷାଣାଞ୍ଚ ସାକ୍ଷାତ୍ ୱାକ୍ୟେ କର୍ମ୍ମଣି ଚ ଶକ୍ତିମାନାସୀତ୍
2a1814010e	ତମ୍ ଅସ୍ମାକଂ ପ୍ରଧାନଯାଜକା ୱିଚାରକାଶ୍ଚ କେନାପି ପ୍ରକାରେଣ କ୍ରୁଶେ ୱିଦ୍ଧ୍ୱା ତସ୍ୟ ପ୍ରାଣାନନାଶଯନ୍ ତଦୀଯା ଘଟନାଃ;
2a1815013c	କିନ୍ତୁ ଯ ଇସ୍ରାଯେଲୀଯଲୋକାନ୍ ଉଦ୍ଧାରଯିଷ୍ୟତି ସ ଏୱାଯମ୍ ଇତ୍ୟାଶାସ୍ମାଭିଃ କୃତା| ତଦ୍ୟଥା ତଥାସ୍ତୁ ତସ୍ୟା ଘଟନାଯା ଅଦ୍ୟ ଦିନତ୍ରଯଂ ଗତଂ|
2a181600d1	ଅଧିକନ୍ତ୍ୱସ୍ମାକଂ ସଙ୍ଗିନୀନାଂ କିଯତ୍ସ୍ତ୍ରୀଣାଂ ମୁଖେଭ୍ୟୋଽସମ୍ଭୱୱାକ୍ୟମିଦଂ ଶ୍ରୁତଂ;
2a1817017a	ତାଃ ପ୍ରତ୍ୟୂଷେ ଶ୍ମଶାନଂ ଗତ୍ୱା ତତ୍ର ତସ୍ୟ ଦେହମ୍ ଅପ୍ରାପ୍ୟ ୱ୍ୟାଘୁଟ୍ୟେତ୍ୱା ପ୍ରୋକ୍ତୱତ୍ୟଃ ସ୍ୱର୍ଗୀସଦୂତୌ ଦୃଷ୍ଟାୱସ୍ମାଭିସ୍ତୌ ଚାୱାଦିଷ୍ଟାଂ ସ ଜୀୱିତୱାନ୍|
2a181800fd	ତତୋସ୍ମାକଂ କୈଶ୍ଚିତ୍ ଶ୍ମଶାନମଗମ୍ୟତ ତେଽପି ସ୍ତ୍ରୀଣାଂ ୱାକ୍ୟାନୁରୂପଂ ଦୃଷ୍ଟୱନ୍ତଃ କିନ୍ତୁ ତଂ ନାପଶ୍ୟନ୍|
2a181900cd	ତଦା ସ ତାୱୁୱାଚ, ହେ ଅବୋଧୌ ହେ ଭୱିଷ୍ୟଦ୍ୱାଦିଭିରୁକ୍ତୱାକ୍ୟଂ ପ୍ରତ୍ୟେତୁଂ ୱିଲମ୍ବମାନୌ;
2a181a00be	ଏତତ୍ସର୍ୱ୍ୱଦୁଃଖଂ ଭୁକ୍ତ୍ୱା ସ୍ୱଭୂତିପ୍ରାପ୍ତିଃ କିଂ ଖ୍ରୀଷ୍ଟସ୍ୟ ନ ନ୍ୟାଯ୍ୟା?
2a181b011c	ତତଃ ସ ମୂସାଗ୍ରନ୍ଥମାରଭ୍ୟ ସର୍ୱ୍ୱଭୱିଷ୍ୟଦ୍ୱାଦିନାଂ ସର୍ୱ୍ୱଶାସ୍ତ୍ରେ ସ୍ୱସ୍ମିନ୍ ଲିଖିତାଖ୍ୟାନାଭିପ୍ରାଯଂ ବୋଧଯାମାସ|
2a181c009b	ଅଥ ଗମ୍ୟଗ୍ରାମାଭ୍ୟର୍ଣଂ ପ୍ରାପ୍ୟ ତେନାଗ୍ରେ ଗମନଲକ୍ଷଣେ ଦର୍ଶିତେ
2a181d010f	ତୌ ସାଧଯିତ୍ୱାୱଦତାଂ ସହାୱାଭ୍ୟାଂ ତିଷ୍ଠ ଦିନେ ଗତେ ସତି ରାତ୍ରିରଭୂତ୍; ତତଃ ସ ତାଭ୍ୟାଂ ସାର୍ଦ୍ଧଂ ସ୍ଥାତୁଂ ଗୃହଂ ଯଯୌ|
2a181e00dc	ପଶ୍ଚାଦ୍ଭୋଜନୋପୱେଶକାଲେ ସ ପୂପଂ ଗୃହୀତ୍ୱା ଈଶ୍ୱରଗୁଣାନ୍ ଜଗାଦ ତଞ୍ଚ ଭଂକ୍ତ୍ୱା ତାଭ୍ୟାଂ ଦଦୌ|
2a181f00d3	ତଦା ତଯୋ ର୍ଦୃଷ୍ଟୌ ପ୍ରସନ୍ନାଯାଂ ତଂ ପ୍ରତ୍ୟଭିଜ୍ଞତୁଃ କିନ୍ତୁ ସ ତଯୋଃ ସାକ୍ଷାଦନ୍ତର୍ଦଧେ|
2a1820012c	ତତସ୍ତୌ ମିଥୋଭିଧାତୁମ୍ ଆରବ୍ଧୱନ୍ତୌ ଗମନକାଲେ ଯଦା କଥାମକଥଯତ୍ ଶାସ୍ତ୍ରାର୍ଥଞ୍ଚବୋଧଯତ୍ ତଦାୱଯୋ ର୍ବୁଦ୍ଧିଃ କିଂ ନ ପ୍ରାଜ୍ୱଲତ୍?
2a18210116	ତୌ ତତ୍କ୍ଷଣାଦୁତ୍ଥାଯ ଯିରୂଶାଲମପୁରଂ ପ୍ରତ୍ୟାଯଯତୁଃ, ତତ୍ସ୍ଥାନେ ଶିଷ୍ୟାଣାମ୍ ଏକାଦଶାନାଂ ସଙ୍ଗିନାଞ୍ଚ ଦର୍ଶନଂ ଜାତଂ|
2a1822009a	ତେ ପ୍ରୋଚୁଃ ପ୍ରଭୁରୁଦତିଷ୍ଠଦ୍ ଇତି ସତ୍ୟଂ ଶିମୋନେ ଦର୍ଶନମଦାଚ୍ଚ|
2a182300e1	ତତଃ ପଥଃ ସର୍ୱ୍ୱଘଟନାଯାଃ ପୂପଭଞ୍ଜନେନ ତତ୍ପରିଚଯସ୍ୟ ଚ ସର୍ୱ୍ୱୱୃତ୍ତାନ୍ତଂ ତୌ ୱକ୍ତୁମାରେଭାତେ|
2a18240107	ଇତ୍ଥଂ ତେ ପରସ୍ପରଂ ୱଦନ୍ତି ତତ୍କାଲେ ଯୀଶୁଃ ସ୍ୱଯଂ ତେଷାଂ ମଧ୍ୟ ପ୍ରୋତ୍ଥଯ ଯୁଷ୍ମାକଂ କଲ୍ୟାଣଂ ଭୂଯାଦ୍ ଇତ୍ୟୁୱାଚ,
2a1825009a	କିନ୍ତୁ ଭୂତଂ ପଶ୍ୟାମ ଇତ୍ୟନୁମାଯ ତେ ସମୁଦ୍ୱିୱିଜିରେ ତ୍ରେଷୁଶ୍ଚ|
2a1826009d	ସ ଉୱାଚ, କୁତୋ ଦୁଃଖିତା ଭୱଥ? ଯୁଷ୍ମାକଂ ମନଃସୁ ସନ୍ଦେହ ଉଦେତି ଚ କୁତଃ?
2a182700fe	ଏଷୋହଂ, ମମ କରୌ ପଶ୍ୟତ ୱରଂ ସ୍ପୃଷ୍ଟ୍ୱା ପଶ୍ୟତ, ମମ ଯାଦୃଶାନି ପଶ୍ୟଥ ତାଦୃଶାନି ଭୂତସ୍ୟ ମାଂସାସ୍ଥୀନି ନ ସନ୍ତି|
2a18280061	ଇତ୍ୟୁକ୍ତ୍ୱା ସ ହସ୍ତପାଦାନ୍ ଦର୍ଶଯାମାସ|
2a18290109	ତେଽସମ୍ଭୱଂ ଜ୍ଞାତ୍ୱା ସାନନ୍ଦା ନ ପ୍ରତ୍ୟଯନ୍| ତତଃ ସ ତାନ୍ ପପ୍ରଚ୍ଛ, ଅତ୍ର ଯୁଷ୍ମାକଂ ସମୀପେ ଖାଦ୍ୟଂ କିଞ୍ଚିଦସ୍ତି?
2a182a005e	ତତସ୍ତେ କିଯଦ୍ଦଗ୍ଧମତ୍ସ୍ୟଂ ମଧୁ ଚ ଦଦୁଃ
2a182b0052	ସ ତଦାଦାଯ ତେଷାଂ ସାକ୍ଷାଦ୍ ବୁଭୁଜେ
2a182c021f	କଥଯାମାସ ଚ ମୂସାୱ୍ୟୱସ୍ଥାଯାଂ ଭୱିଷ୍ୟଦ୍ୱାଦିନାଂ ଗ୍ରନ୍ଥେଷୁ ଗୀତପୁସ୍ତକେ ଚ ମଯି ଯାନି ସର୍ୱ୍ୱାଣି ୱଚନାନି ଲିଖିତାନି ତଦନୁରୂପାଣି ଘଟିଷ୍ୟନ୍ତେ ଯୁଷ୍ମାଭିଃ ସାର୍ଦ୍ଧଂ ସ୍ଥିତ୍ୱାହଂ ଯଦେତଦ୍ୱାକ୍ୟମ୍ ଅୱଦଂ ତଦିଦାନୀଂ ପ୍ରତ୍ୟକ୍ଷମଭୂତ୍|
2a182d006a	ଅଥ ତେଭ୍ୟଃ ଶାସ୍ତ୍ରବୋଧାଧିକାରଂ ଦତ୍ୱାୱଦତ୍,
2a182e00e5	ଖ୍ରୀଷ୍ଟେନେତ୍ଥଂ ମୃତିଯାତନା ଭୋକ୍ତୱ୍ୟା ତୃତୀଯଦିନେ ଚ ଶ୍ମଶାନାଦୁତ୍ଥାତୱ୍ୟଞ୍ଚେତି ଲିପିରସ୍ତି;
2a182f00fb	ତନ୍ନାମ୍ନା ଯିରୂଶାଲମମାରଭ୍ୟ ସର୍ୱ୍ୱଦେଶେ ମନଃପରାୱର୍ତ୍ତନସ୍ୟ ପାପମୋଚନସ୍ୟ ଚ ସୁସଂୱାଦଃ ପ୍ରଚାରଯିତୱ୍ୟଃ,
2a1830004c	ଏଷୁ ସର୍ୱ୍ୱେଷୁ ଯୂଯଂ ସାକ୍ଷିଣଃ|
2a18310177	ଅପରଞ୍ଚ ପଶ୍ୟତ ପିତ୍ରା ଯତ୍ ପ୍ରତିଜ୍ଞାତଂ ତତ୍ ପ୍ରେଷଯିଷ୍ୟାମି, ଅତଏୱ ଯାୱତ୍କାଲଂ ଯୂଯଂ ସ୍ୱର୍ଗୀଯାଂ ଶକ୍ତିଂ ନ ପ୍ରାପ୍ସ୍ୟଥ ତାୱତ୍କାଲଂ ଯିରୂଶାଲମ୍ନଗରେ ତିଷ୍ଠତ|
2a183200b8	ଅଥ ସ ତାନ୍ ବୈଥନୀଯାପର୍ୟ୍ୟନ୍ତଂ ନୀତ୍ୱା ହସ୍ତାୱୁତ୍ତୋଲ୍ୟ ଆଶିଷ ୱକ୍ତୁମାରେଭେ
2a18330095	ଆଶିଷଂ ୱଦନ୍ନେୱ ଚ ତେଭ୍ୟଃ ପୃଥଗ୍ ଭୂତ୍ୱା ସ୍ୱର୍ଗାଯ ନୀତୋଽଭୱତ୍|
2a1834008b	ତଦା ତେ ତଂ ଭଜମାନା ମହାନନ୍ଦେନ ଯିରୂଶାଲମଂ ପ୍ରତ୍ୟାଜଗ୍ମୁଃ|
2a183500de	ତତୋ ନିରନ୍ତରଂ ମନ୍ଦିରେ ତିଷ୍ଠନ୍ତ ଈଶ୍ୱରସ୍ୟ ପ୍ରଶଂସାଂ ଧନ୍ୟୱାଦଞ୍ଚ କର୍ତ୍ତମ୍ ଆରେଭିରେ| ଇତି||
2b0000000f	ଯୋହନଃ
2b010100a5	ଆଦୌ ୱାଦ ଆସୀତ୍ ସ ଚ ୱାଦ ଈଶ୍ୱରେଣ ସାର୍ଧମାସୀତ୍ ସ ୱାଦଃ ସ୍ୱଯମୀଶ୍ୱର ଏୱ|
2b0102003c	ସ ଆଦାୱୀଶ୍ୱରେଣ ସହାସୀତ୍|
2b010300d3	ତେନ ସର୍ୱ୍ୱଂ ୱସ୍ତୁ ସସୃଜେ ସର୍ୱ୍ୱେଷୁ ସୃଷ୍ଟୱସ୍ତୁଷୁ କିମପି ୱସ୍ତୁ ତେନାସୃଷ୍ଟଂ ନାସ୍ତି|
2b0104007b	ସ ଜୀୱନସ୍ୟାକାରଃ, ତଚ୍ଚ ଜୀୱନଂ ମନୁଷ୍ୟାଣାଂ ଜ୍ୟୋତିଃ
2b0105009a	ତଜ୍ଜ୍ୟୋତିରନ୍ଧକାରେ ପ୍ରଚକାଶେ କିନ୍ତ୍ୱନ୍ଧକାରସ୍ତନ୍ନ ଜଗ୍ରାହ|
2b01060075	ଯୋହନ୍ ନାମକ ଏକୋ ମନୁଜ ଈଶ୍ୱରେଣ ପ୍ରେଷଯାଞ୍ଚକ୍ରେ|
2b010700fb	ତଦ୍ୱାରା ଯଥା ସର୍ୱ୍ୱେ ୱିଶ୍ୱସନ୍ତି ତଦର୍ଥଂ ସ ତଜ୍ଜ୍ୟୋତିଷି ପ୍ରମାଣଂ ଦାତୁଂ ସାକ୍ଷିସ୍ୱରୂପୋ ଭୂତ୍ୱାଗମତ୍,
2b010800a4	ସ ସ୍ୱଯଂ ତଜ୍ଜ୍ୟୋତି ର୍ନ କିନ୍ତୁ ତଜ୍ଜ୍ୟୋତିଷି ପ୍ରମାଣଂ ଦାତୁମାଗମତ୍|
2b010900a9	ଜଗତ୍ୟାଗତ୍ୟ ଯଃ ସର୍ୱ୍ୱମନୁଜେଭ୍ୟୋ ଦୀପ୍ତିଂ ଦଦାତି ତଦେୱ ସତ୍ୟଜ୍ୟୋତିଃ|
2b010a00a6	ସ ଯଜ୍ଜଗଦସୃଜତ୍ ତନ୍ମଦ୍ୟ ଏୱ ସ ଆସୀତ୍ କିନ୍ତୁ ଜଗତୋ ଲୋକାସ୍ତଂ ନାଜାନନ୍|
2b010b0084	ନିଜାଧିକାରଂ ସ ଆଗଚ୍ଛତ୍ କିନ୍ତୁ ପ୍ରଜାସ୍ତଂ ନାଗୃହ୍ଲନ୍|
2b010c010a	ତଥାପି ଯେ ଯେ ତମଗୃହ୍ଲନ୍ ଅର୍ଥାତ୍ ତସ୍ୟ ନାମ୍ନି ୱ୍ୟଶ୍ୱସନ୍ ତେଭ୍ୟ ଈଶ୍ୱରସ୍ୟ ପୁତ୍ରା ଭୱିତୁମ୍ ଅଧିକାରମ୍ ଅଦଦାତ୍|
2b010d00d6	ତେଷାଂ ଜନିଃ ଶୋଣିତାନ୍ନ ଶାରୀରିକାଭିଲାଷାନ୍ନ ମାନୱାନାମିଚ୍ଛାତୋ ନ କିନ୍ତ୍ୱୀଶ୍ୱରାଦଭୱତ୍|
2b010e01a3	ସ ୱାଦୋ ମନୁଷ୍ୟରୂପେଣାୱତୀର୍ୟ୍ୟ ସତ୍ୟତାନୁଗ୍ରହାଭ୍ୟାଂ ପରିପୂର୍ଣଃ ସନ୍ ସାର୍ଧମ୍ ଅସ୍ମାଭି ର୍ନ୍ୟୱସତ୍ ତତଃ ପିତୁରଦ୍ୱିତୀଯପୁତ୍ରସ୍ୟ ଯୋଗ୍ୟୋ ଯୋ ମହିମା ତଂ ମହିମାନଂ ତସ୍ୟାପଶ୍ୟାମ|
2b010f019c	ତତୋ ଯୋହନପି ପ୍ରଚାର୍ୟ୍ୟ ସାକ୍ଷ୍ୟମିଦଂ ଦତ୍ତୱାନ୍ ଯୋ ମମ ପଶ୍ଚାଦ୍ ଆଗମିଷ୍ୟତି ସ ମତ୍ତୋ ଗୁରୁତରଃ; ଯତୋ ମତ୍ପୂର୍ୱ୍ୱଂ ସ ୱିଦ୍ୟମାନ ଆସୀତ୍; ଯଦର୍ଥମ୍ ଅହଂ ସାକ୍ଷ୍ୟମିଦମ୍ ଅଦାଂ ସ ଏଷଃ|
2b011000b3	ଅପରଞ୍ଚ ତସ୍ୟ ପୂର୍ଣତାଯା ୱଯଂ ସର୍ୱ୍ୱେ କ୍ରମଶଃ କ୍ରମଶୋନୁଗ୍ରହଂ ପ୍ରାପ୍ତାଃ|
2b011100ee	ମୂସାଦ୍ୱାରା ୱ୍ୟୱସ୍ଥା ଦତ୍ତା କିନ୍ତ୍ୱନୁଗ୍ରହଃ ସତ୍ୟତ୍ୱଞ୍ଚ ଯୀଶୁଖ୍ରୀଷ୍ଟଦ୍ୱାରା ସମୁପାତିଷ୍ଠତାଂ|
2b011200e8	କୋପି ମନୁଜ ଈଶ୍ୱରଂ କଦାପି ନାପଶ୍ୟତ୍ କିନ୍ତୁ ପିତୁଃ କ୍ରୋଡସ୍ଥୋଽଦ୍ୱିତୀଯଃ ପୁତ୍ରସ୍ତଂ ପ୍ରକାଶଯତ୍|
2b01130116	ତ୍ୱଂ କଃ? ଇତି ୱାକ୍ୟଂ ପ୍ରେଷ୍ଟୁଂ ଯଦା ଯିହୂଦୀଯଲୋକା ଯାଜକାନ୍ ଲେୱିଲୋକାଂଶ୍ଚ ଯିରୂଶାଲମୋ ଯୋହନଃ ସମୀପେ ପ୍ରେଷଯାମାସୁଃ,
2b011400ac	ତଦା ସ ସ୍ୱୀକୃତୱାନ୍ ନାପହ୍ନୂତୱାନ୍ ନାହମ୍ ଅଭିଷିକ୍ତ ଇତ୍ୟଙ୍ଗୀକୃତୱାନ୍|
2b01150120	ତଦା ତେଽପୃଚ୍ଛନ୍ ତର୍ହି କୋ ଭୱାନ୍? କିଂ ଏଲିଯଃ? ସୋୱଦତ୍ ନ; ତତସ୍ତେଽପୃଚ୍ଛନ୍ ତର୍ହି ଭୱାନ୍ ସ ଭୱିଷ୍ୟଦ୍ୱାଦୀ? ସୋୱଦତ୍ ନାହଂ ସଃ|
2b011600f1	ତଦା ତେଽପୃଚ୍ଛନ୍ ତର୍ହି ଭୱାନ୍ କଃ? ୱଯଂ ଗତ୍ୱା ପ୍ରେରକାନ୍ ତ୍ୱଯି କିଂ ୱକ୍ଷ୍ୟାମଃ? ସ୍ୱସ୍ମିନ୍ କିଂ ୱଦସି?
2b0117018b	ତଦା ସୋୱଦତ୍| ପରମେଶସ୍ୟ ପନ୍ଥାନଂ ପରିଷ୍କୁରୁତ ସର୍ୱ୍ୱତଃ| ଇତୀଦଂ ପ୍ରାନ୍ତରେ ୱାକ୍ୟଂ ୱଦତଃ କସ୍ୟଚିଦ୍ରୱଃ| କଥାମିମାଂ ଯସ୍ମିନ୍ ଯିଶଯିଯୋ ଭୱିଷ୍ୟଦ୍ୱାଦୀ ଲିଖିତୱାନ୍ ସୋହମ୍|
2b0118004e	ଯେ ପ୍ରେଷିତାସ୍ତେ ଫିରୂଶିଲୋକାଃ|
2b011900fc	ତଦା ତେଽପୃଚ୍ଛନ୍ ଯଦି ନାଭିଷିକ୍ତୋସି ଏଲିଯୋସି ନ ସ ଭୱିଷ୍ୟଦ୍ୱାଦ୍ୟପି ନାସି ଚ, ତର୍ହି ଲୋକାନ୍ ମଜ୍ଜଯସି କୁତଃ?
2b011a0123	ତତୋ ଯୋହନ୍ ପ୍ରତ୍ୟୱୋଚତ୍, ତୋଯେଽହଂ ମଜ୍ଜଯାମୀତି ସତ୍ୟଂ କିନ୍ତୁ ଯଂ ଯୂଯଂ ନ ଜାନୀଥ ତାଦୃଶ ଏକୋ ଜନୋ ଯୁଷ୍ମାକଂ ମଧ୍ୟ ଉପତିଷ୍ଠତି|
2b011b0101	ସ ମତ୍ପଶ୍ଚାଦ୍ ଆଗତୋପି ମତ୍ପୂର୍ୱ୍ୱଂ ୱର୍ତ୍ତମାନ ଆସୀତ୍ ତସ୍ୟ ପାଦୁକାବନ୍ଧନଂ ମୋଚଯିତୁମପି ନାହଂ ଯୋଗ୍ୟୋସ୍ମି|
2b011c00f8	ଯର୍ଦ୍ଦନନଦ୍ୟାଃ ପାରସ୍ଥବୈଥବାରାଯାଂ ଯସ୍ମିନ୍ସ୍ଥାନେ ଯୋହନମଜ୍ଜଯତ୍ ତସ୍ମିନ ସ୍ଥାନେ ସର୍ୱ୍ୱମେତଦ୍ ଅଘଟତ|
2b011d0107	ପରେଽହନି ଯୋହନ୍ ସ୍ୱନିକଟମାଗଚ୍ଛନ୍ତଂ ଯିଶୁଂ ୱିଲୋକ୍ୟ ପ୍ରାୱୋଚତ୍ ଜଗତଃ ପାପମୋଚକମ୍ ଈଶ୍ୱରସ୍ୟ ମେଷଶାୱକଂ ପଶ୍ୟତ|
2b011e0129	ଯୋ ମମ ପଶ୍ଚାଦାଗମିଷ୍ୟତି ସ ମତ୍ତୋ ଗୁରୁତରଃ, ଯତୋ ହେତୋର୍ମତ୍ପୂର୍ୱ୍ୱଂ ସୋଽୱର୍ତ୍ତତ ଯସ୍ମିନ୍ନହଂ କଥାମିମାଂ କଥିତୱାନ୍ ସ ଏୱାଯଂ|
2b011f0131	ଅପରଂ ନାହମେନଂ ପ୍ରତ୍ୟଭିଜ୍ଞାତୱାନ୍ କିନ୍ତୁ ଇସ୍ରାଯେଲ୍ଲୋକା ଏନଂ ଯଥା ପରିଚିନ୍ୱନ୍ତି ତଦଭିପ୍ରାଯେଣାହଂ ଜଲେ ମଜ୍ଜଯିତୁମାଗଚ୍ଛମ୍|
2b01200134	ପୁନଶ୍ଚ ଯୋହନପରମେକଂ ପ୍ରମାଣଂ ଦତ୍ୱା କଥିତୱାନ୍ ୱିହାଯସଃ କପୋତୱଦ୍ ଅୱତରନ୍ତମାତ୍ମାନମ୍ ଅସ୍ୟୋପର୍ୟ୍ୟୱତିଷ୍ଠନ୍ତଂ ଚ ଦୃଷ୍ଟୱାନହମ୍|
2b012101e9	ନାହମେନଂ ପ୍ରତ୍ୟଭିଜ୍ଞାତୱାନ୍ ଇତି ସତ୍ୟଂ କିନ୍ତୁ ଯୋ ଜଲେ ମଜ୍ଜଯିତୁଂ ମାଂ ପ୍ରୈରଯତ୍ ସ ଏୱେମାଂ କଥାମକଥଯତ୍ ଯସ୍ୟୋପର୍ୟ୍ୟାତ୍ମାନମ୍ ଅୱତରନ୍ତମ୍ ଅୱତିଷ୍ଠନ୍ତଞ୍ଚ ଦ୍ରକ୍ଷଯସି ସଏୱ ପୱିତ୍ରେ ଆତ୍ମନି ମଜ୍ଜଯିଷ୍ୟତି|
2b01220090	ଅୱସ୍ତନ୍ନିରୀକ୍ଷ୍ୟାଯମ୍ ଈଶ୍ୱରସ୍ୟ ତନଯ ଇତି ପ୍ରମାଣଂ ଦଦାମି|
2b01230095	ପରେଽହନି ଯୋହନ୍ ଦ୍ୱାଭ୍ୟାଂ ଶିଷ୍ୟାଭ୍ୟାଂ ସାର୍ଦ୍ଧେଂ ତିଷ୍ଠନ୍
2b0124009e	ଯିଶୁଂ ଗଚ୍ଛନ୍ତଂ ୱିଲୋକ୍ୟ ଗଦିତୱାନ୍, ଈଶ୍ୱରସ୍ୟ ମେଷଶାୱକଂ ପଶ୍ୟତଂ|
2b01250089	ଇମାଂ କଥାଂ ଶ୍ରୁତ୍ୱା ଦ୍ୱୌ ଶିଷ୍ୟୌ ଯୀଶୋଃ ପଶ୍ଚାଦ୍ ଈଯତୁଃ|
2b0126016b	ତତୋ ଯୀଶୁଃ ପରାୱୃତ୍ୟ ତୌ ପଶ୍ଚାଦ୍ ଆଗଚ୍ଛନ୍ତୌ ଦୃଷ୍ଟ୍ୱା ପୃଷ୍ଟୱାନ୍ ଯୁୱାଂ କିଂ ଗୱେଶଯଥଃ? ତାୱପୃଚ୍ଛତାଂ ହେ ରବ୍ବି ଅର୍ଥାତ୍ ହେ ଗୁରୋ ଭୱାନ୍ କୁତ୍ର ତିଷ୍ଠତି?
2b012700f7	ତତଃ ସୋୱାଦିତ୍ ଏତ୍ୟ ପଶ୍ୟତଂ| ତତୋ ଦିୱସସ୍ୟ ତୃତୀଯପ୍ରହରସ୍ୟ ଗତତ୍ୱାତ୍ ତୌ ତଦ୍ଦିନଂ ତସ୍ୟ ସଙ୍ଗେଽସ୍ଥାତାଂ|
2b012800ec	ଯୌ ଦ୍ୱୌ ଯୋହନୋ ୱାକ୍ୟଂ ଶ୍ରୁତ୍ୱା ଯିଶୋଃ ପଶ୍ଚାଦ୍ ଆଗମତାଂ ତଯୋଃ ଶିମୋନ୍ପିତରସ୍ୟ ଭ୍ରାତା ଆନ୍ଦ୍ରିଯଃ
2b01290132	ସ ଇତ୍ୱା ପ୍ରଥମଂ ନିଜସୋଦରଂ ଶିମୋନଂ ସାକ୍ଷାତ୍ପ୍ରାପ୍ୟ କଥିତୱାନ୍ ୱଯଂ ଖ୍ରୀଷ୍ଟମ୍ ଅର୍ଥାତ୍ ଅଭିଷିକ୍ତପୁରୁଷଂ ସାକ୍ଷାତ୍କୃତୱନ୍ତଃ|
2b012a0187	ପଶ୍ଚାତ୍ ସ ତଂ ଯିଶୋଃ ସମୀପମ୍ ଆନଯତ୍| ତଦା ଯୀଶୁସ୍ତଂ ଦୃଷ୍ଟ୍ୱାୱଦତ୍ ତ୍ୱଂ ଯୂନସଃ ପୁତ୍ରଃ ଶିମୋନ୍ କିନ୍ତୁ ତ୍ୱନ୍ନାମଧେଯଂ କୈଫାଃ ୱା ପିତରଃ ଅର୍ଥାତ୍ ପ୍ରସ୍ତରୋ ଭୱିଷ୍ୟତି|
2b012b0111	ପରେଽହନି ଯୀଶୌ ଗାଲୀଲଂ ଗନ୍ତୁଂ ନିଶ୍ଚିତଚେତସି ସତି ଫିଲିପନାମାନଂ ଜନଂ ସାକ୍ଷାତ୍ପ୍ରାପ୍ୟାୱୋଚତ୍ ମମ ପଶ୍ଚାଦ୍ ଆଗଚ୍ଛ|
2b012c010c	ବୈତ୍ସୈଦାନାମ୍ନି ଯସ୍ମିନ୍ ଗ୍ରାମେ ପିତରାନ୍ଦ୍ରିଯଯୋର୍ୱାସ ଆସୀତ୍ ତସ୍ମିନ୍ ଗ୍ରାମେ ତସ୍ୟ ଫିଲିପସ୍ୟ ୱସତିରାସୀତ୍|
2b012d01d9	ପଶ୍ଚାତ୍ ଫିଲିପୋ ନିଥନେଲଂ ସାକ୍ଷାତ୍ପ୍ରାପ୍ୟାୱଦତ୍ ମୂସା ୱ୍ୟୱସ୍ଥା ଗ୍ରନ୍ଥେ ଭୱିଷ୍ୟଦ୍ୱାଦିନାଂ ଗ୍ରନ୍ଥେଷୁ ଚ ଯସ୍ୟାଖ୍ୟାନଂ ଲିଖିତମାସ୍ତେ ତଂ ଯୂଷଫଃ ପୁତ୍ରଂ ନାସରତୀଯଂ ଯୀଶୁଂ ସାକ୍ଷାଦ୍ ଅକାର୍ଷ୍ମ ୱଯଂ|
2b012e0104	ତଦା ନିଥନେଲ୍ କଥିତୱାନ୍ ନାସରନ୍ନଗରାତ କିଂ କଶ୍ଚିଦୁତ୍ତମ ଉତ୍ପନ୍ତୁଂ ଶକ୍ନୋତି? ତତଃ ଫିଲିପୋ ଽୱୋଚତ୍ ଏତ୍ୟ ପଶ୍ୟ|
2b012f010c	ଅପରଞ୍ଚ ଯୀଶୁଃ ସ୍ୱସ୍ୟ ସମୀପଂ ତମ୍ ଆଗଚ୍ଛନ୍ତଂ ଦୃଷ୍ଟ୍ୱା ୱ୍ୟାହୃତୱାନ୍, ପଶ୍ୟାଯଂ ନିଷ୍କପଟଃ ସତ୍ୟ ଇସ୍ରାଯେଲ୍ଲୋକଃ|
2b0130016f	ତତଃ ସୋୱଦଦ୍, ଭୱାନ୍ ମାଂ କଥଂ ପ୍ରତ୍ୟଭିଜାନାତି? ଯୀଶୁରୱାଦୀତ୍ ଫିଲିପସ୍ୟ ଆହ୍ୱାନାତ୍ ପୂର୍ୱ୍ୱଂ ଯଦା ତ୍ୱମୁଡୁମ୍ବରସ୍ୟ ତରୋର୍ମୂଲେଽସ୍ଥାସ୍ତଦା ତ୍ୱାମଦର୍ଶମ୍|
2b013100e8	ନିଥନେଲ୍ ଅଚକଥତ୍, ହେ ଗୁରୋ ଭୱାନ୍ ନିତାନ୍ତମ୍ ଈଶ୍ୱରସ୍ୟ ପୁତ୍ରୋସି, ଭୱାନ୍ ଇସ୍ରାଯେଲ୍ୱଂଶସ୍ୟ ରାଜା|
2b01320196	ତତୋ ଯୀଶୁ ର୍ୱ୍ୟାହରତ୍, ତ୍ୱାମୁଡୁମ୍ବରସ୍ୟ ପାଦପସ୍ୟ ମୂଲେ ଦୃଷ୍ଟୱାନାହଂ ମମୈତସ୍ମାଦ୍ୱାକ୍ୟାତ୍ କିଂ ତ୍ୱଂ ୱ୍ୟଶ୍ୱସୀଃ? ଏତସ୍ମାଦପ୍ୟାଶ୍ଚର୍ୟ୍ୟାଣି କାର୍ୟ୍ୟାଣି ଦ୍ରକ୍ଷ୍ୟସି|
2b0133016a	ଅନ୍ୟଚ୍ଚାୱାଦୀଦ୍ ଯୁଷ୍ମାନହଂ ଯଥାର୍ଥଂ ୱଦାମି, ଇତଃ ପରଂ ମୋଚିତେ ମେଘଦ୍ୱାରେ ତସ୍ମାନ୍ମନୁଜସୂନୁନା ଈଶ୍ୱରସ୍ୟ ଦୂତଗଣମ୍ ଅୱରୋହନ୍ତମାରୋହନ୍ତଞ୍ଚ ଦ୍ରକ୍ଷ୍ୟଥ|
2b02010102	ଅନନ୍ତରଂ ତ୍ରୁତୀଯଦିୱସେ ଗାଲୀଲ୍ ପ୍ରଦେଶିଯେ କାନ୍ନାନାମ୍ନି ନଗରେ ୱିୱାହ ଆସୀତ୍ ତତ୍ର ଚ ଯୀଶୋର୍ମାତା ତିଷ୍ଠତ୍|
2b02020090	ତସ୍ମୈ ୱିୱାହାଯ ଯୀଶୁସ୍ତସ୍ୟ ଶିଷ୍ୟାଶ୍ଚ ନିମନ୍ତ୍ରିତା ଆସନ୍|
2b020300dd	ତଦନନ୍ତରଂ ଦ୍ରାକ୍ଷାରସସ୍ୟ ନ୍ୟୂନତ୍ୱାଦ୍ ଯୀଶୋର୍ମାତା ତମୱଦତ୍ ଏତେଷାଂ ଦ୍ରାକ୍ଷାରସୋ ନାସ୍ତି|
2b020400ba	ତଦା ସ ତାମୱୋଚତ୍ ହେ ନାରି ମଯା ସହ ତୱ କିଂ କାର୍ୟ୍ୟଂ? ମମ ସମଯ ଇଦାନୀଂ ନୋପତିଷ୍ଠତି|
2b02050083	ତତସ୍ତସ୍ୟ ମାତା ଦାସାନୱୋଚଦ୍ ଅଯଂ ଯଦ୍ ୱଦତି ତଦେୱ କୁରୁତ|
2b02060117	ତସ୍ମିନ୍ ସ୍ଥାନେ ଯିହୂଦୀଯାନାଂ ଶୁଚିତ୍ୱକରଣୱ୍ୟୱହାରାନୁସାରେଣାଢକୈକଜଲଧରାଣି ପାଷାଣମଯାନି ଷଡ୍ୱୃହତ୍ପାତ୍ରାଣିଆସନ୍|
2b02070123	ତଦା ଯୀଶୁସ୍ତାନ୍ ସର୍ୱ୍ୱକଲଶାନ୍ ଜଲୈଃ ପୂରଯିତୁଂ ତାନାଜ୍ଞାପଯତ୍, ତତସ୍ତେ ସର୍ୱ୍ୱାନ୍ କୁମ୍ଭାନାକର୍ଣଂ ଜଲୈଃ ପର୍ୟ୍ୟପୂରଯନ୍|
2b020800d0	ଅଥ ତେଭ୍ୟଃ କିଞ୍ଚିଦୁତ୍ତାର୍ୟ୍ୟ ଭୋଜ୍ୟାଧିପାତେଃସମୀପଂ ନେତୁଂ ସ ତାନାଦିଶତ୍, ତେ ତଦନଯନ୍|
2b0209016d	ଅପରଞ୍ଚ ତଜ୍ଜଲଂ କଥଂ ଦ୍ରାକ୍ଷାରସୋଽଭୱତ୍ ତଜ୍ଜଲୱାହକାଦାସା ଜ୍ଞାତୁଂ ଶକ୍ତାଃ କିନ୍ତୁ ତଦ୍ଭୋଜ୍ୟାଧିପୋ ଜ୍ଞାତୁଂ ନାଶକ୍ନୋତ୍ ତଦୱଲିହ୍ୟ ୱରଂ ସଂମ୍ବୋଦ୍ୟାୱଦତ,
2b020a0174	ଲୋକାଃ ପ୍ରଥମଂ ଉତ୍ତମଦ୍ରାକ୍ଷାରସଂ ଦଦତି ତଷୁ ଯଥେଷ୍ଟଂ ପିତୱତ୍ସୁ ତସ୍ମା କିଞ୍ଚିଦନୁତ୍ତମଞ୍ଚ ଦଦତି କିନ୍ତୁ ତ୍ୱମିଦାନୀଂ ଯାୱତ୍ ଉତ୍ତମଦ୍ରାକ୍ଷାରସଂ ସ୍ଥାପଯସି|
2b020b0123	ଇତ୍ଥଂ ଯୀଶୁର୍ଗାଲୀଲପ୍ରଦେଶେ ଆଶ୍ଚର୍ୟ୍ୟକାର୍ମ୍ମ ପ୍ରାରମ୍ଭ ନିଜମହିମାନଂ ପ୍ରାକାଶଯତ୍ ତତଃ ଶିଷ୍ୟାସ୍ତସ୍ମିନ୍ ୱ୍ୟଶ୍ୱସନ୍|
2b020c010d	ତତଃ ପରମ୍ ସ ନିଜମାତ୍ରୁଭ୍ରାତ୍ରୁସ୍ଶିଷ୍ୟୈଃ ସାର୍ଦ୍ଧ୍ଂ କଫର୍ନାହୂମମ୍ ଆଗମତ୍ କିନ୍ତୁ ତତ୍ର ବହୂଦିନାନି ଆତିଷ୍ଠତ୍|
2b020d00d4	ତଦନନ୍ତରଂ ଯିହୂଦିଯାନାଂ ନିସ୍ତାରୋତ୍ସୱେ ନିକଟମାଗତେ ଯୀଶୁ ର୍ୟିରୂଶାଲମ୍ ନଗରମ୍ ଆଗଚ୍ଛତ୍|
2b020e00c5	ତତୋ ମନ୍ଦିରସ୍ୟ ମଧ୍ୟେ ଗୋମେଷପାରାୱତୱିକ୍ରଯିଣୋ ୱାଣିଜକ୍ଷ୍ଚୋପୱିଷ୍ଟାନ୍ ୱିଲୋକ୍ୟ
2b020f00da	ରଜ୍ଜୁଭିଃ କଶାଂ ନିର୍ମ୍ମାଯ ସର୍ୱ୍ୱଗୋମେଷାଦିଭିଃ ସାର୍ଦ୍ଧଂ ତାନ୍ ମନ୍ଦିରାଦ୍ ଦୂରୀକୃତୱାନ୍|
2b0210018a	ୱଣିଜାଂ ମୁଦ୍ରାଦି ୱିକୀର୍ୟ୍ୟ ଆସନାନି ନ୍ୟୂବ୍ଜୀକୃତ୍ୟ ପାରାୱତୱିକ୍ରଯିଭ୍ୟୋଽକଥଯଦ୍ ଅସ୍ମାତ୍ ସ୍ଥାନାତ୍ ସର୍ୱାଣ୍ୟେତାନି ନଯତ, ମମ ପିତୁଗୃହଂ ୱାଣିଜ୍ୟଗୃହଂ ମା କାର୍ଷ୍ଟ|
2b021100f2	ତସ୍ମାତ୍ ତନ୍ମନ୍ଦିରାର୍ଥ ଉଦ୍ୟୋଗୋ ଯସ୍ତୁ ସ ଗ୍ରସତୀୱ ମାମ୍| ଇମାଂ ଶାସ୍ତ୍ରୀଯଲିପିଂ ଶିଷ୍ୟାଃସମସ୍ମରନ୍|
2b021200d4	ତତଃ ପରମ୍ ଯିହୂଦୀଯଲୋକା ଯୀଷିମୱଦନ୍ ତୱମିଦୃଶକର୍ମ୍ମକରଣାତ୍ କିଂ ଚିହ୍ନମସ୍ମାନ୍ ଦର୍ଶଯସି?
2b021300f6	ତତୋ ଯୀଶୁସ୍ତାନୱୋଚଦ୍ ଯୁଷ୍ମାଭିରେ ତସ୍ମିନ୍ ମନ୍ଦିରେ ନାଶିତେ ଦିନତ୍ରଯମଧ୍ୟେଽହଂ ତଦ୍ ଉତ୍ଥାପଯିଷ୍ୟାମି|
2b02140148	ତଦା ଯିହୂଦିଯା ୱ୍ୟାହାର୍ଷୁଃ, ଏତସ୍ୟ ମନ୍ଦିରସ ନିର୍ମ୍ମାଣେନ ଷଟ୍ଚତ୍ୱାରିଂଶଦ୍ ୱତ୍ସରା ଗତାଃ, ତ୍ୱଂ କିଂ ଦିନତ୍ରଯମଧ୍ୟେ ତଦ୍ ଉତ୍ଥାପଯିଷ୍ୟସି?
2b0215007a	କିନ୍ତୁ ସ ନିଜଦେହରୂପମନ୍ଦିରେ କଥାମିମାଂ କଥିତୱାନ୍|
2b02160135	ସ ଯଦେତାଦୃଶଂ ଗଦିତୱାନ୍ ତଚ୍ଛିଷ୍ୟାଃ ଶ୍ମଶାନାତ୍ ତଦୀଯୋତ୍ଥାନେ ସତି ସ୍ମୃତ୍ୱା ଧର୍ମ୍ମଗ୍ରନ୍ଥେ ଯୀଶୁନୋକ୍ତକଥାଯାଂ ଚ ୱ୍ୟଶ୍ୱସିଷୁଃ|
2b0217013c	ଅନନ୍ତରଂ ନିସ୍ତାରୋତ୍ସୱସ୍ୟ ଭୋଜ୍ୟସମଯେ ଯିରୂଶାଲମ୍ ନଗରେ ତତ୍କ୍ରୁତାଶ୍ଚର୍ୟ୍ୟକର୍ମ୍ମାଣି ୱିଲୋକ୍ୟ ବହୁଭିସ୍ତସ୍ୟ ନାମନି ୱିଶ୍ୱସିତଂ|
2b02180095	କିନ୍ତୁ ସ ତେଷାଂ କରେଷୁ ସ୍ୱଂ ନ ସମର୍ପଯତ୍, ଯତଃ ସ ସର୍ୱ୍ୱାନୱୈତ୍|
2b021900dd	ସ ମାନୱେଷୁ କସ୍ୟଚିତ୍ ପ୍ରମାଣଂ ନାପେକ୍ଷତ ଯତୋ ମନୁଜାନାଂ ମଧ୍ୟେ ଯଦ୍ୟଦସ୍ତି ତତ୍ତତ୍ ସୋଜାନାତ୍|
2b03010088	ନିକଦିମନାମା ଯିହୂଦୀଯାନାମ୍ ଅଧିପତିଃ ଫିରୂଶୀ କ୍ଷଣଦାଯାଂ
2b03020246	ଯୀଶୌରଭ୍ୟର୍ଣମ୍ ଆୱ୍ରଜ୍ୟ ୱ୍ୟାହାର୍ଷୀତ୍, ହେ ଗୁରୋ ଭୱାନ୍ ଈଶ୍ୱରାଦ୍ ଆଗତ୍ ଏକ ଉପଦେଷ୍ଟା, ଏତଦ୍ ଅସ୍ମାଭିର୍ଜ୍ଞାଯତେ; ଯତୋ ଭୱତା ଯାନ୍ୟାଶ୍ଚର୍ୟ୍ୟକର୍ମ୍ମାଣି କ୍ରିଯନ୍ତେ ପରମେଶ୍ୱରସ୍ୟ ସାହାଯ୍ୟଂ ୱିନା କେନାପି ତତ୍ତତ୍କର୍ମ୍ମାଣି କର୍ତ୍ତୁଂ ନ ଶକ୍ୟନ୍ତେ|
2b03030136	ତଦା ଯୀଶୁରୁତ୍ତରଂ ଦତ୍ତୱାନ୍ ତୱାହଂ ଯଥାର୍ଥତରଂ ୱ୍ୟାହରାମି ପୁନର୍ଜନ୍ମନି ନ ସତି କୋପି ମାନୱ ଈଶ୍ୱରସ୍ୟ ରାଜ୍ୟଂ ଦ୍ରଷ୍ଟୁଂ ନ ଶକ୍ନୋତି|
2b0304011b	ତତୋ ନିକଦୀମଃ ପ୍ରତ୍ୟୱୋଚତ୍ ମନୁଜୋ ୱୃଦ୍ଧୋ ଭୂତ୍ୱା କଥଂ ଜନିଷ୍ୟତେ? ସ କିଂ ପୁନ ର୍ମାତୃର୍ଜଠରଂ ପ୍ରୱିଶ୍ୟ ଜନିତୁଂ ଶକ୍ନୋତି?
2b0305011d	ଯୀଶୁରୱାଦୀଦ୍ ଯଥାର୍ଥତରମ୍ ଅହଂ କଥଯାମି ମନୁଜେ ତୋଯାତ୍ମଭ୍ୟାଂ ପୁନ ର୍ନ ଜାତେ ସ ଈଶ୍ୱରସ୍ୟ ରାଜ୍ୟଂ ପ୍ରୱେଷ୍ଟୁଂ ନ ଶକ୍ନୋତି|
2b03060097	ମାଂସାଦ୍ ଯତ୍ ଜାଯତେ ତନ୍ ମାଂସମେୱ ତଥାତ୍ମନୋ ଯୋ ଜାଯତେ ସ ଆତ୍ମୈୱ|
2b030700ad	ଯୁଷ୍ମାଭିଃ ପୁନ ର୍ଜନିତୱ୍ୟଂ ମମୈତସ୍ୟାଂ କଥାଯାମ୍ ଆଶ୍ଚର୍ୟଂ ମା ମଂସ୍ଥାଃ|
2b030801bf	ସଦାଗତିର୍ୟାଂ ଦିଶମିଚ୍ଛତି ତସ୍ୟାମେୱ ଦିଶି ୱାତି, ତ୍ୱଂ ତସ୍ୟ ସ୍ୱନଂ ଶୁଣୋଷି କିନ୍ତୁ ସ କୁତ ଆଯାତି କୁତ୍ର ଯାତି ୱା କିମପି ନ ଜାନାସି ତଦ୍ୱାଦ୍ ଆତ୍ମନଃ ସକାଶାତ୍ ସର୍ୱ୍ୱେଷାଂ ମନୁଜାନାଂ ଜନ୍ମ ଭୱତି|
2b0309007c	ତଦା ନିକଦୀମଃ ପୃଷ୍ଟୱାନ୍ ଏତତ୍ କଥଂ ଭୱିତୁଂ ଶକ୍ନୋତି?
2b030a00c5	ଯୀଶୁଃ ପ୍ରତ୍ୟକ୍ତୱାନ୍ ତ୍ୱମିସ୍ରାଯେଲୋ ଗୁରୁର୍ଭୂତ୍ୱାପି କିମେତାଂ କଥାଂ ନ ୱେତ୍ସି?
2b030b015e	ତୁଭ୍ୟଂ ଯଥାର୍ଥଂ କଥଯାମି, ୱଯଂ ଯଦ୍ ୱିଦ୍ମସ୍ତଦ୍ ୱଚ୍ମଃ ଯଂଚ୍ଚ ପଶ୍ୟାମସ୍ତସ୍ୟୈୱ ସାକ୍ଷ୍ୟଂ ଦଦ୍ମଃ କିନ୍ତୁ ଯୁଷ୍ମାଭିରସ୍ମାକଂ ସାକ୍ଷିତ୍ୱଂ ନ ଗୃହ୍ୟତେ|
2b030c00fd	ଏତସ୍ୟ ସଂସାରସ୍ୟ କଥାଯାଂ କଥିତାଯାଂ ଯଦି ଯୂଯଂ ନ ୱିଶ୍ୱସିଥ ତର୍ହି ସ୍ୱର୍ଗୀଯାଯାଂ କଥାଯାଂ କଥଂ ୱିଶ୍ୱସିଷ୍ୟଥ?
2b030d00d2	ଯଃ ସ୍ୱର୍ଗେଽସ୍ତି ଯଂ ଚ ସ୍ୱର୍ଗାଦ୍ ଅୱାରୋହତ୍ ତଂ ମାନୱତନଯଂ ୱିନା କୋପି ସ୍ୱର୍ଗଂ ନାରୋହତ୍|
2b030e00e3	ଅପରଞ୍ଚ ମୂସା ଯଥା ପ୍ରାନ୍ତରେ ସର୍ପଂ ପ୍ରୋତ୍ଥାପିତୱାନ୍ ମନୁଷ୍ୟପୁତ୍ରୋଽପି ତଥୈୱୋତ୍ଥାପିତୱ୍ୟଃ;
2b030f00d8	ତସ୍ମାଦ୍ ଯଃ କଶ୍ଚିତ୍ ତସ୍ମିନ୍ ୱିଶ୍ୱସିଷ୍ୟତି ସୋଽୱିନାଶ୍ୟଃ ସନ୍ ଅନନ୍ତାଯୁଃ ପ୍ରାପ୍ସ୍ୟତି|
2b03100157	ଈଶ୍ୱର ଇତ୍ଥଂ ଜଗଦଦଯତ ଯତ୍ ସ୍ୱମଦ୍ୱିତୀଯଂ ତନଯଂ ପ୍ରାଦଦାତ୍ ତତୋ ଯଃ କଶ୍ଚିତ୍ ତସ୍ମିନ୍ ୱିଶ୍ୱସିଷ୍ୟତି ସୋଽୱିନାଶ୍ୟଃ ସନ୍ ଅନନ୍ତାଯୁଃ ପ୍ରାପ୍ସ୍ୟତି|
2b031100d3	ଈଶ୍ୱରୋ ଜଗତୋ ଲୋକାନ୍ ଦଣ୍ଡଯିତୁଂ ସ୍ୱପୁତ୍ରଂ ନ ପ୍ରେଷ୍ୟ ତାନ୍ ପରିତ୍ରାତୁଂ ପ୍ରେଷିତୱାନ୍|
2b031201ce	ଅତଏୱ ଯଃ କଶ୍ଚିତ୍ ତସ୍ମିନ୍ ୱିଶ୍ୱସିତି ସ ଦଣ୍ଡାର୍ହୋ ନ ଭୱତି କିନ୍ତୁ ଯଃ କଶ୍ଚିତ୍ ତସ୍ମିନ୍ ନ ୱିଶ୍ୱସିତି ସ ଇଦାନୀମେୱ ଦଣ୍ଡାର୍ହୋ ଭୱତି, ଯତଃ ସ ଈଶ୍ୱରସ୍ୟାଦ୍ୱିତୀଯପୁତ୍ରସ୍ୟ ନାମନି ପ୍ରତ୍ୟଯଂ ନ କରୋତି|
2b03130157	ଜଗତୋ ମଧ୍ୟେ ଜ୍ୟୋତିଃ ପ୍ରାକାଶତ କିନ୍ତୁ ମନୁଷ୍ୟାଣାଂ କର୍ମ୍ମଣାଂ ଦୃଷ୍ଟତ୍ୱାତ୍ ତେ ଜ୍ୟୋତିଷୋପି ତିମିରେ ପ୍ରୀଯନ୍ତେ ଏତଦେୱ ଦଣ୍ଡସ୍ୟ କାରଣାଂ ଭୱତି|
2b031400d5	ଯଃ କୁକର୍ମ୍ମ କରୋତି ତସ୍ୟାଚାରସ୍ୟ ଦୃଷ୍ଟତ୍ୱାତ୍ ସ ଜ୍ୟୋତିରୄତୀଯିତ୍ୱା ତନ୍ନିକଟଂ ନାଯାତି;
2b03150144	କିନ୍ତୁ ଯଃ ସତ୍କର୍ମ୍ମ କରୋତି ତସ୍ୟ ସର୍ୱ୍ୱାଣି କର୍ମ୍ମାଣୀଶ୍ୱରେଣ କୃତାନୀତି ସଥା ପ୍ରକାଶତେ ତଦଭିପ୍ରାଯେଣ ସ ଜ୍ୟୋତିଷଃ ସନ୍ନିଧିମ୍ ଆଯାତି|
2b031600da	ତତଃ ପରମ୍ ଯୀଶୁଃ ଶିଷ୍ୟୈଃ ସାର୍ଦ୍ଧଂ ଯିହୂଦୀଯଦେଶଂ ଗତ୍ୱା ତତ୍ର ସ୍ଥିତ୍ୱା ମଜ୍ଜଯିତୁମ୍ ଆରଭତ|
2b03170133	ତଦା ଶାଲମ୍ ନଗରସ୍ୟ ସମୀପସ୍ଥାଯିନି ଐନନ୍ ଗ୍ରାମେ ବହୁତରତୋଯସ୍ଥିତେସ୍ତତ୍ର ଯୋହନ୍ ଅମଜ୍ଜଯତ୍ ତଥା ଚ ଲୋକା ଆଗତ୍ୟ ତେନ ମଜ୍ଜିତା ଅଭୱନ୍|
2b03180044	ତଦା ଯୋହନ୍ କାରାଯାଂ ନ ବଦ୍ଧଃ|
2b03190103	ଅପରଞ୍ଚ ଶାଚକର୍ମ୍ମଣି ଯୋହାନଃ ଶିଷ୍ୟୈଃ ସହ ଯିହୂଦୀଯଲୋକାନାଂ ୱିୱାଦେ ଜାତେ, ତେ ଯୋହନଃ ସଂନ୍ନିଧିଂ ଗତ୍ୱାକଥଯନ୍,
2b031a0161	ହେ ଗୁରୋ ଯର୍ଦ୍ଦନନଦ୍ୟାଃ ପାରେ ଭୱତା ସାର୍ଦ୍ଧଂ ଯ ଆସୀତ୍ ଯସ୍ମିଂଶ୍ଚ ଭୱାନ୍ ସାକ୍ଷ୍ୟଂ ପ୍ରଦଦାତ୍ ପଶ୍ୟତୁ ସୋପି ମଜ୍ଜଯତି ସର୍ୱ୍ୱେ ତସ୍ୟ ସମୀପଂ ଯାନ୍ତି ଚ|
2b031b00c9	ତଦା ଯୋହନ୍ ପ୍ରତ୍ୟୱୋଚଦ୍ ଈଶ୍ୱରେଣ ନ ଦତ୍ତେ କୋପି ମନୁଜଃ କିମପି ପ୍ରାପ୍ତୁଂ ନ ଶକ୍ନୋତି|
2b031c011a	ଅହଂ ଅଭିଷିକ୍ତୋ ନ ଭୱାମି କିନ୍ତୁ ତଦଗ୍ରେ ପ୍ରେଷିତୋସ୍ମି ଯାମିମାଂ କଥାଂ କଥିତୱାନାହଂ ତତ୍ର ଯୂଯଂ ସର୍ୱ୍ୱେ ସାକ୍ଷିଣଃ ସ୍ଥ|
2b031d0185	ଯୋ ଜନଃ କନ୍ୟାଂ ଲଭତେ ସ ଏୱ ୱରଃ କିନ୍ତୁ ୱରସ୍ୟ ସନ୍ନିଧୌ ଦଣ୍ଡାଯମାନଂ ତସ୍ୟ ଯନ୍ମିତ୍ରଂ ତେନ ୱରସ୍ୟ ଶବ୍ଦେ ଶ୍ରୁତେଽତୀୱାହ୍ଲାଦ୍ୟତେ ମମାପି ତଦ୍ୱଦ୍ ଆନନ୍ଦସିଦ୍ଧିର୍ଜାତା|
2b031e007b	ତେନ କ୍ରମଶୋ ୱର୍ଦ୍ଧିତୱ୍ୟଂ କିନ୍ତୁ ମଯା ହ୍ସିତୱ୍ୟଂ|
2b031f0177	ଯ ଊର୍ଧ୍ୱାଦାଗଚ୍ଛତ୍ ସ ସର୍ୱ୍ୱେଷାଂ ମୁଖ୍ୟୋ ଯଶ୍ଚ ସଂସାରାଦ୍ ଉଦପଦ୍ୟତ ସ ସାଂସାରିକଃ ସଂସାରୀଯାଂ କଥାଞ୍ଚ କଥଯତି ଯସ୍ତୁ ସ୍ୱର୍ଗାଦାଗଚ୍ଛତ୍ ସ ସର୍ୱ୍ୱେଷାଂ ମୁଖ୍ୟଃ|
2b032000f6	ସ ଯଦପଶ୍ୟଦଶୃଣୋଚ୍ଚ ତସ୍ମିନ୍ନେୱ ସାକ୍ଷ୍ୟଂ ଦଦାତି ତଥାପି ପ୍ରାଯଶଃ କଶ୍ଚିତ୍ ତସ୍ୟ ସାକ୍ଷ୍ୟଂ ନ ଗୃହ୍ଲାତି;
2b032100aa	କିନ୍ତୁ ଯୋ ଗୃହ୍ଲାତି ସ ଈଶ୍ୱରସ୍ୟ ସତ୍ୟୱାଦିତ୍ୱଂ ମୁଦ୍ରାଙ୍ଗିତଂ କରୋତି|
2b032200de	ଈଶ୍ୱରେଣ ଯଃ ପ୍ରେରିତଃ ସଏୱ ଈଶ୍ୱରୀଯକଥାଂ କଥଯତି ଯତ ଈଶ୍ୱର ଆତ୍ମାନଂ ତସ୍ମୈ ଅପରିମିତମ୍ ଅଦଦାତ୍|
2b032300a1	ପିତା ପୁତ୍ରେ ସ୍ନେହଂ କୃତ୍ୱା ତସ୍ୟ ହସ୍ତେ ସର୍ୱ୍ୱାଣି ସମର୍ପିତୱାନ୍|
2b032401c7	ଯଃ କଶ୍ଚିତ୍ ପୁତ୍ରେ ୱିଶ୍ୱସିତି ସ ଏୱାନନ୍ତମ୍ ପରମାଯୁଃ ପ୍ରାପ୍ନୋତି କିନ୍ତୁ ଯଃ କଶ୍ଚିତ୍ ପୁତ୍ରେ ନ ୱିଶ୍ୱସିତି ସ ପରମାଯୁଷୋ ଦର୍ଶନଂ ନ ପ୍ରାପ୍ନୋତି କିନ୍ତ୍ୱୀଶ୍ୱରସ୍ୟ କୋପଭାଜନଂ ଭୂତ୍ୱା ତିଷ୍ଠତି|
2b040100fa	ଯୀଶୁଃ ସ୍ୱଯଂ ନାମଜ୍ଜଯତ୍ କେୱଲଂ ତସ୍ୟ ଶିଷ୍ୟା ଅମଜ୍ଜଯତ୍ କିନ୍ତୁ ଯୋହନୋଽଧିକଶିଷ୍ୟାନ୍ ସ କରୋତି ମଜ୍ଜଯତି ଚ,
2b0402007f	ଫିରୂଶିନ ଇମାଂ ୱାର୍ତ୍ତାମଶୃଣ୍ୱନ୍ ଇତି ପ୍ରଭୁରୱଗତ୍ୟ
2b04030065	ଯିହୂଦୀଯଦେଶଂ ୱିହାଯ ପୁନ ର୍ଗାଲୀଲମ୍ ଆଗତ୍|
2b0404007a	ତତଃ ଶୋମିରୋଣପ୍ରଦେଶସ୍ୟ ମଦ୍ୟେନ ତେନ ଗନ୍ତୱ୍ୟେ ସତି
2b04050157	ଯାକୂବ୍ ନିଜପୁତ୍ରାଯ ଯୂଷଫେ ଯାଂ ଭୂମିମ୍ ଅଦଦାତ୍ ତତ୍ସମୀପସ୍ଥାଯି ଶୋମିରୋଣପ୍ରଦେଶସ୍ୟ ସୁଖାର୍ ନାମ୍ନା ୱିଖ୍ୟାତସ୍ୟ ନଗରସ୍ୟ ସନ୍ନିଧାୱୁପାସ୍ଥାତ୍|
2b04060121	ତତ୍ର ଯାକୂବଃ ପ୍ରହିରାସୀତ୍; ତଦା ଦ୍ୱିତୀଯଯାମୱେଲାଯାଂ ଜାତାଯାଂ ସ ମାର୍ଗେ ଶ୍ରମାପନ୍ନସ୍ତସ୍ୟ ପ୍ରହେଃ ପାର୍ଶ୍ୱେ ଉପାୱିଶତ୍|
2b040700a4	ଏତର୍ହି କାଚିତ୍ ଶୋମିରୋଣୀଯା ଯୋଷିତ୍ ତୋଯୋତ୍ତୋଲନାର୍ଥମ୍ ତତ୍ରାଗମତ୍
2b04080087	ତଦା ଶିଷ୍ୟାଃ ଖାଦ୍ୟଦ୍ରୱ୍ୟାଣି କ୍ରେତୁଂ ନଗରମ୍ ଅଗଚ୍ଛନ୍|
2b04090247	ଯୀଶୁଃ ଶୋମିରୋଣୀଯାଂ ତାଂ ଯୋଷିତମ୍ ୱ୍ୟାହାର୍ଷୀତ୍ ମହ୍ୟଂ କିଞ୍ଚିତ୍ ପାନୀଯଂ ପାତୁଂ ଦେହି| କିନ୍ତୁ ଶୋମିରୋଣୀଯୈଃ ସାକଂ ଯିହୂଦୀଯଲୋକା ନ ୱ୍ୟୱାହରନ୍ ତସ୍ମାଦ୍ଧେତୋଃ ସାକଥଯତ୍ ଶୋମିରୋଣୀଯା ଯୋଷିତଦହଂ ତ୍ୱଂ ଯିହୂଦୀଯୋସି କଥଂ ମତ୍ତଃ ପାନୀଯଂ ପାତୁମ୍ ଇଚ୍ଛସି?
2b040a01a6	ତତୋ ଯୀଶୁରୱଦଦ୍ ଈଶ୍ୱରସ୍ୟ ଯଦ୍ଦାନଂ ତତ୍କୀଦୃକ୍ ପାନୀଯଂ ପାତୁଂ ମହ୍ୟଂ ଦେହି ଯ ଇତ୍ଥଂ ତ୍ୱାଂ ଯାଚତେ ସ ୱା କ ଇତି ଚେଦଜ୍ଞାସ୍ୟଥାସ୍ତର୍ହି ତମଯାଚିଷ୍ୟଥାଃ ସ ଚ ତୁଭ୍ୟମମୃତଂ ତୋଯମଦାସ୍ୟତ୍|
2b040b014c	ତଦା ସା ସୀମନ୍ତିନୀ ଭାଷିତୱତି, ହେ ମହେଚ୍ଛ ପ୍ରହିର୍ଗମ୍ଭୀରୋ ଭୱତୋ ନୀରୋତ୍ତୋଲନପାତ୍ରଂ ନାସ୍ତୀ ଚ ତସ୍ମାତ୍ ତଦମୃତଂ କୀଲାଲଂ କୁତଃ ପ୍ରାପ୍ସ୍ୟସି?
2b040c018a	ଯୋସ୍ମଭ୍ୟମ୍ ଇମମନ୍ଧୂଂ ଦଦୌ, ଯସ୍ୟ ଚ ପରିଜନା ଗୋମେଷାଦଯଶ୍ଚ ସର୍ୱ୍ୱେଽସ୍ୟ ପ୍ରହେଃ ପାନୀଯଂ ପପୁରେତାଦୃଶୋ ଯୋସ୍ମାକଂ ପୂର୍ୱ୍ୱପୁରୁଷୋ ଯାକୂବ୍ ତସ୍ମାଦପି ଭୱାନ୍ ମହାନ୍ କିଂ?
2b040d00a8	ତତୋ ଯୀଶୁରକଥଯଦ୍ ଇଦଂ ପାନୀଯଂ ସଃ ପିୱତି ସ ପୁନସ୍ତୃଷାର୍ତ୍ତୋ ଭୱିଷ୍ୟତି,
2b040e0187	କିନ୍ତୁ ମଯା ଦତ୍ତଂ ପାନୀଯଂ ଯଃ ପିୱତି ସ ପୁନଃ କଦାପି ତୃଷାର୍ତ୍ତୋ ନ ଭୱିଷ୍ୟତି| ମଯା ଦତ୍ତମ୍ ଇଦଂ ତୋଯଂ ତସ୍ୟାନ୍ତଃ ପ୍ରସ୍ରୱଣରୂପଂ ଭୂତ୍ୱା ଅନନ୍ତାଯୁର୍ୟାୱତ୍ ସ୍ରୋଷ୍ୟତି|
2b040f0141	ତଦା ସା ୱନିତାକଥଯତ୍ ହେ ମହେଚ୍ଛ ତର୍ହି ମମ ପୁନଃ ପୀପାସା ଯଥା ନ ଜାଯତେ ତୋଯୋତ୍ତୋଲନାଯ ଯଥାତ୍ରାଗମନଂ ନ ଭୱତି ଚ ତଦର୍ଥଂ ମହ୍ୟଂ ତତ୍ତୋଯଂ ଦେହୀ|
2b04100080	ତତୋ ଯୀଶୂରୱଦଦ୍ୟାହି ତୱ ପତିମାହୂଯ ସ୍ଥାନେଽତ୍ରାଗଚ୍ଛ|
2b041100c4	ସା ୱାମାୱଦତ୍ ମମ ପତିର୍ନାସ୍ତି| ଯୀଶୁରୱଦତ୍ ମମ ପତିର୍ନାସ୍ତୀତି ୱାକ୍ୟଂ ଭଦ୍ରମୱୋଚଃ|
2b041200f8	ଯତସ୍ତୱ ପଞ୍ଚ ପତଯୋଭୱନ୍ ଅଧୁନା ତୁ ତ୍ୱଯା ସାର୍ଦ୍ଧଂ ଯସ୍ତିଷ୍ଠତି ସ ତୱ ଭର୍ତ୍ତା ନ ୱାକ୍ୟମିଦଂ ସତ୍ୟମୱାଦିଃ|
2b041300b3	ତଦା ସା ମହିଲା ଗଦିତୱତି ହେ ମହେଚ୍ଛ ଭୱାନ୍ ଏକୋ ଭୱିଷ୍ୟଦ୍ୱାଦୀତି ବୁଦ୍ଧଂ ମଯା|
2b04140119	ଅସ୍ମାକଂ ପିତୃଲୋକା ଏତସ୍ମିନ୍ ଶିଲୋଚ୍ଚଯେଽଭଜନ୍ତ, କିନ୍ତୁ ଭୱଦ୍ଭିରୁଚ୍ୟତେ ଯିରୂଶାଲମ୍ ନଗରେ ଭଜନଯୋଗ୍ୟଂ ସ୍ଥାନମାସ୍ତେ|
2b04150153	ଯୀଶୁରୱୋଚତ୍ ହେ ଯୋଷିତ୍ ମମ ୱାକ୍ୟେ ୱିଶ୍ୱସିହି ଯଦା ଯୂଯଂ କେୱଲଶୈଲେଽସ୍ମିନ୍ ୱା ଯିରୂଶାଲମ୍ ନଗରେ ପିତୁର୍ଭଜନଂ ନ କରିଷ୍ୟଧ୍ୱେ କାଲ ଏତାଦୃଶ ଆଯାତି|
2b0416010f	ଯୂଯଂ ଯଂ ଭଜଧ୍ୱେ ତଂ ନ ଜାନୀଥ, କିନ୍ତୁ ୱଯଂ ଯଂ ଭଜାମହେ ତଂ ଜାନୀମହେ, ଯତୋ ଯିହୂଦୀଯଲୋକାନାଂ ମଧ୍ୟାତ୍ ପରିତ୍ରାଣଂ ଜାଯତେ|
2b0417016b	କିନ୍ତୁ ଯଦା ସତ୍ୟଭକ୍ତା ଆତ୍ମନା ସତ୍ୟରୂପେଣ ଚ ପିତୁର୍ଭଜନଂ କରିଷ୍ୟନ୍ତେ ସମଯ ଏତାଦୃଶ ଆଯାତି, ୱରମ୍ ଇଦାନୀମପି ୱିଦ୍ୟତେ; ଯତ ଏତାଦୃଶୋ ଭତ୍କାନ୍ ପିତା ଚେଷ୍ଟତେ|
2b041800aa	ଈଶ୍ୱର ଆତ୍ମା; ତତସ୍ତସ୍ୟ ଯେ ଭକ୍ତାସ୍ତୈଃ ସ ଆତ୍ମନା ସତ୍ୟରୂପେଣ ଚ ଭଜନୀଯଃ|
2b0419013a	ତଦା ସା ମହିଲାୱାଦୀତ୍ ଖ୍ରୀଷ୍ଟନାମ୍ନା ୱିଖ୍ୟାତୋଽଭିଷିକ୍ତଃ ପୁରୁଷ ଆଗମିଷ୍ୟତୀତି ଜାନାମି ସ ଚ ସର୍ୱ୍ୱାଃ କଥା ଅସ୍ମାନ୍ ଜ୍ଞାପଯିଷ୍ୟତି|
2b041a00a6	ତତୋ ଯୀଶୁରୱଦତ୍ ତ୍ୱଯା ସାର୍ଦ୍ଧଂ କଥନଂ କରୋମି ଯୋଽହମ୍ ଅହମେୱ ସ ପୁରୁଷଃ|
2b041b01c9	ଏତସ୍ମିନ୍ ସମଯେ ଶିଷ୍ୟା ଆଗତ୍ୟ ତଥା ସ୍ତ୍ରିଯା ସାର୍ଦ୍ଧଂ ତସ୍ୟ କଥୋପକଥନେ ମହାଶ୍ଚର୍ୟ୍ୟମ୍ ଅମନ୍ୟନ୍ତ ତଥାପି ଭୱାନ୍ କିମିଚ୍ଛତି? ଯଦ୍ୱା କିମର୍ଥମ୍ ଏତଯା ସାର୍ଦ୍ଧଂ କଥାଂ କଥଯତି? ଇତି କୋପି ନାପୃଚ୍ଛତ୍|
2b041c00aa	ତତଃ ପରଂ ସା ନାରୀ କଲଶଂ ସ୍ଥାପଯିତ୍ୱା ନଗରମଧ୍ୟଂ ଗତ୍ୱା ଲୋକେଭ୍ୟୋକଥାଯଦ୍
2b041d0110	ଅହଂ ଯଦ୍ୟତ୍ କର୍ମ୍ମାକରୱଂ ତତ୍ସର୍ୱ୍ୱଂ ମହ୍ୟମକଥଯଦ୍ ଏତାଦୃଶଂ ମାନୱମେକମ୍ ଆଗତ୍ୟ ପଶ୍ୟତ ରୁ କିମ୍ ଅଭିଷିକ୍ତୋ ନ ଭୱତି?
2b041e0075	ତତସ୍ତେ ନଗରାଦ୍ ବହିରାଗତ୍ୟ ତାତସ୍ୟ ସମୀପମ୍ ଆଯନ୍|
2b041f00c1	ଏତର୍ହି ଶିଷ୍ୟାଃ ସାଧଯିତ୍ୱା ତଂ ୱ୍ୟାହାର୍ଷୁଃ ହେ ଗୁରୋ ଭୱାନ୍ କିଞ୍ଚିଦ୍ ଭୂକ୍ତାଂ|
2b0420009d	ତତଃ ସୋୱଦଦ୍ ଯୁଷ୍ମାଭିର୍ୟନ୍ନ ଜ୍ଞାଯତେ ତାଦୃଶଂ ଭକ୍ଷ୍ୟଂ ମମାସ୍ତେ|
2b042100da	ତଦା ଶିଷ୍ୟାଃ ପରସ୍ପରଂ ପ୍ରଷ୍ଟୁମ୍ ଆରମ୍ଭନ୍ତ, କିମସ୍ମୈ କୋପି କିମପି ଭକ୍ଷ୍ୟମାନୀଯ ଦତ୍ତୱାନ୍?
2b042200db	ଯୀଶୁରୱୋଚତ୍ ମତ୍ପ୍ରେରକସ୍ୟାଭିମତାନୁରୂପକରଣଂ ତସ୍ୟୈୱ କର୍ମ୍ମସିଦ୍ଧିକାରଣଞ୍ଚ ମମ ଭକ୍ଷ୍ୟଂ|
2b042301ed	ମାସଚତୁଷ୍ଟଯେ ଜାତେ ଶସ୍ୟକର୍ତ୍ତନସମଯୋ ଭୱିଷ୍ୟତୀତି ୱାକ୍ୟଂ ଯୁଷ୍ମାଭିଃ କିଂ ନୋଦ୍ୟତେ? କିନ୍ତ୍ୱହଂ ୱଦାମି, ଶିର ଉତ୍ତୋଲ୍ୟ କ୍ଷେତ୍ରାଣି ପ୍ରତି ନିରୀକ୍ଷ୍ୟ ପଶ୍ୟତ, ଇଦାନୀଂ କର୍ତ୍ତନଯୋଗ୍ୟାନି ଶୁକ୍ଲୱର୍ଣାନ୍ୟଭୱନ୍|
2b04240103	ଯଶ୍ଛିନତ୍ତି ସ ୱେତନଂ ଲଭତେ ଅନନ୍ତାଯୁଃସ୍ୱରୂପଂ ଶସ୍ୟଂ ସ ଗୃହ୍ଲାତି ଚ, ତେନୈୱ ୱପ୍ତା ଛେତ୍ତା ଚ ଯୁଗପଦ୍ ଆନନ୍ଦତଃ|
2b04250084	ଇତ୍ଥଂ ସତି ୱପତ୍ୟେକଶ୍ଛିନତ୍ୟନ୍ୟ ଇତି ୱଚନଂ ସିଦ୍ଧ୍ୟତି|
2b04260157	ଯତ୍ର ଯୂଯଂ ନ ପର୍ୟ୍ୟଶ୍ରାମ୍ୟତ ତାଦୃଶଂ ଶସ୍ୟଂ ଛେତ୍ତୁଂ ଯୁଷ୍ମାନ୍ ପ୍ରୈରଯମ୍ ଅନ୍ୟେ ଜନାଃପର୍ୟ୍ୟଶ୍ରାମ୍ୟନ୍ ଯୂଯଂ ତେଷାଂ ଶ୍ରଗସ୍ୟ ଫଲମ୍ ଅଲଭଧ୍ୱମ୍|
2b04270194	ଯସ୍ମିନ୍ କାଲେ ଯଦ୍ୟତ୍ କର୍ମ୍ମାକାର୍ଷଂ ତତ୍ସର୍ୱ୍ୱଂ ସ ମହ୍ୟମ୍ ଅକଥଯତ୍ ତସ୍ୟା ୱନିତାଯା ଇଦଂ ସାକ୍ଷ୍ୟୱାକ୍ୟଂ ଶ୍ରୁତ୍ୱା ତନ୍ନଗରନିୱାସିନୋ ବହୱଃ ଶୋମିରୋଣୀଯଲୋକା ୱ୍ୟଶ୍ୱସନ୍|
2b04280169	ତଥା ଚ ତସ୍ୟାନ୍ତିକେ ସମୁପସ୍ଥାଯ ସ୍ୱେଷାଂ ସନ୍ନିଧୌ କତିଚିଦ୍ ଦିନାନି ସ୍ଥାତୁଂ ତସ୍ମିନ୍ ୱିନଯମ୍ ଅକୁର୍ୱ୍ୱାନ ତସ୍ମାତ୍ ସ ଦିନଦ୍ୱଯଂ ତତ୍ସ୍ଥାନେ ନ୍ୟୱଷ୍ଟତ୍
2b0429005f	ତତସ୍ତସ୍ୟୋପଦେଶେନ ବହୱୋଽପରେ ୱିଶ୍ୱସ୍ୟ
2b042a013d	ତାଂ ଯୋଷାମୱଦନ୍ କେୱଲଂ ତୱ ୱାକ୍ୟେନ ପ୍ରତୀମ ଇତି ନ, କିନ୍ତୁ ସ ଜଗତୋଽଭିଷିକ୍ତସ୍ତ୍ରାତେତି ତସ୍ୟ କଥାଂ ଶ୍ରୁତ୍ୱା ୱଯଂ ସ୍ୱଯମେୱାଜ୍ଞାସମହି|
2b042b00c7	ସ୍ୱଦେଶେ ଭୱିଷ୍ୟଦ୍ୱକ୍ତୁଃ ସତ୍କାରୋ ନାସ୍ତୀତି ଯଦ୍ୟପି ଯୀଶୁଃ ପ୍ରମାଣଂ ଦତ୍ୱାକଥଯତ୍
2b042c0095	ତଥାପି ଦିୱସଦ୍ୱଯାତ୍ ପରଂ ସ ତସ୍ମାତ୍ ସ୍ଥାନାଦ୍ ଗାଲୀଲଂ ଗତୱାନ୍|
2b042d0141	ଅନନ୍ତରଂ ଯେ ଗାଲୀଲୀ ଲିଯଲୋକା ଉତ୍ସୱେ ଗତା ଉତ୍ସୱସମଯେ ଯିରୂଶଲମ୍ ନଗରେ ତସ୍ୟ ସର୍ୱ୍ୱାଃ କ୍ରିଯା ଅପଶ୍ୟନ୍ ତେ ଗାଲୀଲମ୍ ଆଗତଂ ତମ୍ ଆଗୃହ୍ଲନ୍|
2b042e01af	ତତଃ ପରମ୍ ଯୀଶୁ ର୍ୟସ୍ମିନ୍ କାନ୍ନାନଗରେ ଜଲଂ ଦ୍ରାକ୍ଷାରସମ୍ ଆକରୋତ୍ ତତ୍ ସ୍ଥାନଂ ପୁନରଗାତ୍| ତସ୍ମିନ୍ନେୱ ସମଯେ କସ୍ୟଚିଦ୍ ରାଜସଭାସ୍ତାରସ୍ୟ ପୁତ୍ରଃ କଫର୍ନାହୂମପୁରୀ ରୋଗଗ୍ରସ୍ତ ଆସୀତ୍|
2b042f0194	ସ ଯେହୂଦୀଯଦେଶାଦ୍ ଯୀଶୋ ର୍ଗାଲୀଲାଗମନୱାର୍ତ୍ତାଂ ନିଶମ୍ୟ ତସ୍ୟ ସମୀପଂ ଗତ୍ୱା ପ୍ରାର୍ଥ୍ୟ ୱ୍ୟାହୃତୱାନ୍ ମମ ପୁତ୍ରସ୍ୟ ପ୍ରାଯେଣ କାଲ ଆସନ୍ନଃ ଭୱାନ୍ ଆଗତ୍ୟ ତଂ ସ୍ୱସ୍ଥଂ କରୋତୁ|
2b043000cf	ତଦା ଯୀଶୁରକଥଯଦ୍ ଆଶ୍ଚର୍ୟ୍ୟଂ କର୍ମ୍ମ ଚିତ୍ରଂ ଚିହ୍ନଂ ଚ ନ ଦୃଷ୍ଟା ଯୂଯଂ ନ ପ୍ରତ୍ୟେଷ୍ୟଥ|
2b04310091	ତତଃ ସ ସଭାସଦୱଦତ୍ ହେ ମହେଚ୍ଛ ମମ ପୁତ୍ରେ ନ ମୃତେ ଭୱାନାଗଚ୍ଛତୁ|
2b043200c9	ଯୀଶୁସ୍ତମୱଦଦ୍ ଗଚ୍ଛ ତୱ ପୁତ୍ରୋଽଜୀୱୀତ୍ ତଦା ଯୀଶୁନୋକ୍ତୱାକ୍ୟେ ସ ୱିଶ୍ୱସ୍ୟ ଗତୱାନ୍|
2b043300c0	ଗମନକାଲେ ମାର୍ଗମଧ୍ୟେ ଦାସାସ୍ତଂ ସାକ୍ଷାତ୍ପ୍ରାପ୍ୟାୱଦନ୍ ଭୱତଃ ପୁତ୍ରୋଽଜୀୱୀତ୍|
2b04340147	ତତଃ କଂ କାଲମାରଭ୍ୟ ରୋଗପ୍ରତୀକାରାରମ୍ଭୋ ଜାତା ଇତି ପୃଷ୍ଟେ ତୈରୁକ୍ତଂ ହ୍ୟଃ ସାର୍ଦ୍ଧଦଣ୍ଡଦ୍ୱଯାଧିକଦ୍ୱିତୀଯଯାମେ ତସ୍ୟ ଜ୍ୱରତ୍ୟାଗୋଽଭୱତ୍|
2b043500fa	ତଦା ଯୀଶୁସ୍ତସ୍ମିନ୍ କ୍ଷଣେ ପ୍ରୋକ୍ତୱାନ୍ ତୱ ପୁତ୍ରୋଽଜୀୱୀତ୍ ପିତା ତଦ୍ବୁଦ୍ଧ୍ୱା ସପରିୱାରୋ ୱ୍ୟଶ୍ୱସୀତ୍|
2b043600c3	ଯିହୂଦୀଯଦେଶାଦ୍ ଆଗତ୍ୟ ଗାଲୀଲି ଯୀଶୁରେତଦ୍ ଦ୍ୱିତୀଯମ୍ ଆଶ୍ଚର୍ୟ୍ୟକର୍ମ୍ମାକରୋତ୍|
2b050100a4	ତତଃ ପରଂ ଯିହୂଦୀଯାନାମ୍ ଉତ୍ସୱ ଉପସ୍ଥିତେ ଯୀଶୁ ର୍ୟିରୂଶାଲମଂ ଗତୱାନ୍|
2b05020108	ତସ୍ମିନ୍ନଗରେ ମେଷନାମ୍ନୋ ଦ୍ୱାରସ୍ୟ ସମୀପେ ଇବ୍ରୀଯଭାଷଯା ବୈଥେସ୍ଦା ନାମ୍ନା ପିଷ୍କରିଣୀ ପଞ୍ଚଘଟ୍ଟଯୁକ୍ତାସୀତ୍|
2b05030111	ତସ୍ୟାସ୍ତେଷୁ ଘଟ୍ଟେଷୁ କିଲାଲକମ୍ପନମ୍ ଅପେକ୍ଷ୍ୟ ଅନ୍ଧଖଞ୍ଚଶୁଷ୍କାଙ୍ଗାଦଯୋ ବହୱୋ ରୋଗିଣଃ ପତନ୍ତସ୍ତିଷ୍ଠନ୍ତି ସ୍ମ|
2b05040189	ଯତୋ ୱିଶେଷକାଲେ ତସ୍ୟ ସରସୋ ୱାରି ସ୍ୱର୍ଗୀଯଦୂତ ଏତ୍ୟାକମ୍ପଯତ୍ ତତ୍କୀଲାଲକମ୍ପନାତ୍ ପରଂ ଯଃ କଶ୍ଚିଦ୍ ରୋଗୀ ପ୍ରଥମଂ ପାନୀଯମୱାରୋହତ୍ ସ ଏୱ ତତ୍କ୍ଷଣାଦ୍ ରୋଗମୁକ୍ତୋଽଭୱତ୍|
2b050500c6	ତଦାଷ୍ଟାତ୍ରିଂଶଦ୍ୱର୍ଷାଣି ଯାୱଦ୍ ରୋଗଗ୍ରସ୍ତ ଏକଜନସ୍ତସ୍ମିନ୍ ସ୍ଥାନେ ସ୍ଥିତୱାନ୍|
2b050600eb	ଯୀଶୁସ୍ତଂ ଶଯିତଂ ଦୃଷ୍ଟ୍ୱା ବହୁକାଲିକରୋଗୀତି ଜ୍ଞାତ୍ୱା ୱ୍ୟାହୃତୱାନ୍ ତ୍ୱଂ କିଂ ସ୍ୱସ୍ଥୋ ବୁଭୂଷସି?
2b0507017e	ତତୋ ରୋଗୀ କଥିତୱାନ୍ ହେ ମହେଚ୍ଛ ଯଦା କୀଲାଲଂ କମ୍ପତେ ତଦା ମାଂ ପୁଷ୍କରିଣୀମ୍ ଅୱରୋହଯିତୁଂ ମମ କୋପି ନାସ୍ତି, ତସ୍ମାନ୍ ମମ ଗମନକାଲେ କଶ୍ଚିଦନ୍ୟୋଽଗ୍ରୋ ଗତ୍ୱା ଅୱରୋହତି|
2b0508009b	ତଦା ଯୀଶୁରକଥଯଦ୍ ଉତ୍ତିଷ୍ଠ, ତୱ ଶଯ୍ୟାମୁତ୍ତୋଲ୍ୟ ଗୃହୀତ୍ୱା ଯାହି|
2b050900e1	ସ ତତ୍କ୍ଷଣାତ୍ ସ୍ୱସ୍ଥୋ ଭୂତ୍ୱା ଶଯ୍ୟାମୁତ୍ତୋଲ୍ୟାଦାଯ ଗତୱାନ୍ କିନ୍ତୁ ତଦ୍ଦିନଂ ୱିଶ୍ରାମୱାରଃ|
2b050a00d6	ତସ୍ମାଦ୍ ଯିହୂଦୀଯାଃ ସ୍ୱସ୍ଥଂ ନରଂ ୱ୍ୟାହରନ୍ ଅଦ୍ୟ ୱିଶ୍ରାମୱାରେ ଶଯନୀଯମାଦାଯ ନ ଯାତୱ୍ୟମ୍|
2b050b00e8	ତତଃ ସ ପ୍ରତ୍ୟୱୋଚଦ୍ ଯୋ ମାଂ ସ୍ୱସ୍ଥମ୍ ଅକାର୍ଷୀତ୍ ଶଯନୀଯମ୍ ଉତ୍ତୋଲ୍ୟାଦାଯ ଯାତୁଂ ମାଂ ସ ଏୱାଦିଶତ୍|
2b050c009f	ତଦା ତେଽପୃଚ୍ଛନ୍ ଶଯନୀଯମ୍ ଉତ୍ତୋଲ୍ୟାଦାଯ ଯାତୁଂ ଯ ଆଜ୍ଞାପଯତ୍ ସ କଃ?
2b050d0102	କିନ୍ତୁ ସ କ ଇତି ସ୍ୱସ୍ଥୀଭୂତୋ ନାଜାନାଦ୍ ଯତସ୍ତସ୍ମିନ୍ ସ୍ଥାନେ ଜନତାସତ୍ତ୍ୱାଦ୍ ଯୀଶୁଃ ସ୍ଥାନାନ୍ତରମ୍ ଆଗମତ୍|
2b050e0177	ତତଃ ପରଂ ଯେଶୁ ର୍ମନ୍ଦିରେ ତଂ ନରଂ ସାକ୍ଷାତ୍ପ୍ରାପ୍ୟାକଥଯତ୍ ପଶ୍ୟେଦାନୀମ୍ ଅନାମଯୋ ଜାତୋସି ଯଥାଧିକା ଦୁର୍ଦଶା ନ ଘଟତେ ତଦ୍ଧେତୋଃ ପାପଂ କର୍ମ୍ମ ପୁନର୍ମାକାର୍ଷୀଃ|
2b050f00a2	ତତଃ ସ ଗତ୍ୱା ଯିହୂଦୀଯାନ୍ ଅୱଦଦ୍ ଯୀଶୁ ର୍ମାମ୍ ଅରୋଗିଣମ୍ ଅକାର୍ଷୀତ୍|
2b05100107	ତତୋ ଯୀଶୁ ର୍ୱିଶ୍ରାମୱାରେ କର୍ମ୍ମେଦୃଶଂ କୃତୱାନ୍ ଇତି ହେତୋ ର୍ୟିହୂଦୀଯାସ୍ତଂ ତାଡଯିତ୍ୱା ହନ୍ତୁମ୍ ଅଚେଷ୍ଟନ୍ତ|
2b051100b1	ଯୀଶୁସ୍ତାନାଖ୍ୟତ୍ ମମ ପିତା ଯତ୍ କାର୍ୟ୍ୟଂ କରୋତି ତଦନୁରୂପମ୍ ଅହମପି କରୋତି|
2b05120163	ତତୋ ଯିହୂଦୀଯାସ୍ତଂ ହନ୍ତୁଂ ପୁନରଯତନ୍ତ ଯତୋ ୱିଶ୍ରାମୱାରଂ ନାମନ୍ୟତ ତଦେୱ କେୱଲଂ ନ ଅଧିକନ୍ତୁ ଈଶ୍ୱରଂ ସ୍ୱପିତରଂ ପ୍ରୋଚ୍ୟ ସ୍ୱମପୀଶ୍ୱରତୁଲ୍ୟଂ କୃତୱାନ୍|
2b051301ea	ପଶ୍ଚାଦ୍ ଯୀଶୁରୱଦଦ୍ ଯୁଷ୍ମାନହଂ ଯଥାର୍ଥତରଂ ୱଦାମି ପୁତ୍ରଃ ପିତରଂ ଯଦ୍ୟତ୍ କର୍ମ୍ମ କୁର୍ୱ୍ୱନ୍ତଂ ପଶ୍ୟତି ତଦତିରିକ୍ତଂ ସ୍ୱେଚ୍ଛାତଃ କିମପି କର୍ମ୍ମ କର୍ତ୍ତୁଂ ନ ଶକ୍ନୋତି| ପିତା ଯତ୍ କରୋତି ପୁତ୍ରୋପି ତଦେୱ କରୋତି|
2b051401c1	ପିତା ପୁତ୍ରେ ସ୍ନେହଂ କରୋତି ତସ୍ମାତ୍ ସ୍ୱଯଂ ଯଦ୍ୟତ୍ କର୍ମ୍ମ କରୋତି ତତ୍ସର୍ୱ୍ୱଂ ପୁତ୍ରଂ ଦର୍ଶଯତି; ଯଥା ଚ ଯୁଷ୍ମାକଂ ଆଶ୍ଚର୍ୟ୍ୟଜ୍ଞାନଂ ଜନିଷ୍ୟତେ ତଦର୍ଥମ୍ ଇତୋପି ମହାକର୍ମ୍ମ ତଂ ଦର୍ଶଯିଷ୍ୟତି|
2b0515010c	ୱସ୍ତୁତସ୍ତୁ ପିତା ଯଥା ପ୍ରମିତାନ୍ ଉତ୍ଥାପ୍ୟ ସଜିୱାନ୍ କରୋତି ତଦ୍ୱତ୍ ପୁତ୍ରୋପି ଯଂ ଯଂ ଇଚ୍ଛତି ତଂ ତଂ ସଜୀୱଂ କରୋତି|
2b05160168	ସର୍ୱ୍ୱେ ପିତରଂ ଯଥା ସତ୍କୁର୍ୱ୍ୱନ୍ତି ତଥା ପୁତ୍ରମପି ସତ୍କାରଯିତୁଂ ପିତା ସ୍ୱଯଂ କସ୍ୟାପି ୱିଚାରମକୃତ୍ୱା ସର୍ୱ୍ୱୱିଚାରାଣାଂ ଭାରଂ ପୁତ୍ରେ ସମର୍ପିତୱାନ୍|
2b0517007b	ଯଃ ପୁତ୍ରଂ ସତ୍ କରୋତି ସ ତସ୍ୟ ପ୍ରେରକମପି ସତ୍ କରୋତି|
2b0518019f	ଯୁଷ୍ମାନାହଂ ଯଥାର୍ଥତରଂ ୱଦାମି ଯୋ ଜନୋ ମମ ୱାକ୍ୟଂ ଶ୍ରୁତ୍ୱା ମତ୍ପ୍ରେରକେ ୱିଶ୍ୱସିତି ସୋନନ୍ତାଯୁଃ ପ୍ରାପ୍ନୋତି କଦାପି ଦଣ୍ଡବାଜନଂ ନ ଭୱତି ନିଧନାଦୁତ୍ଥାଯ ପରମାଯୁଃ ପ୍ରାପ୍ନୋତି|
2b05190193	ଅହଂ ଯୁଷ୍ମାନତିଯଥାର୍ଥଂ ୱଦାମି ଯଦା ମୃତା ଈଶ୍ୱରପୁତ୍ରସ୍ୟ ନିନାଦଂ ଶ୍ରୋଷ୍ୟନ୍ତି ଯେ ଚ ଶ୍ରୋଷ୍ୟନ୍ତି ତେ ସଜୀୱା ଭୱିଷ୍ୟନ୍ତି ସମଯ ଏତାଦୃଶ ଆଯାତି ୱରମ୍ ଇଦାନୀମପ୍ୟୁପତିଷ୍ଠତି|
2b051a00ac	ପିତା ଯଥା ସ୍ୱଯଞ୍ଜୀୱୀ ତଥା ପୁତ୍ରାଯ ସ୍ୱଯଞ୍ଜୀୱିତ୍ୱାଧିକାରଂ ଦତ୍ତୱାନ୍|
2b051b00ce	ସ ମନୁଷ୍ୟପୁତ୍ରଃ ଏତସ୍ମାତ୍ କାରଣାତ୍ ପିତା ଦଣ୍ଡକରଣାଧିକାରମପି ତସ୍ମିନ୍ ସମର୍ପିତୱାନ୍|
2b051c016d	ଏତଦର୍ଥେ ଯୂଯମ୍ ଆଶ୍ଚର୍ୟ୍ୟଂ ନ ମନ୍ୟଧ୍ୱଂ ଯତୋ ଯସ୍ମିନ୍ ସମଯେ ତସ୍ୟ ନିନାଦଂ ଶ୍ରୁତ୍ୱା ଶ୍ମଶାନସ୍ଥାଃ ସର୍ୱ୍ୱେ ବହିରାଗମିଷ୍ୟନ୍ତି ସମଯ ଏତାଦୃଶ ଉପସ୍ଥାସ୍ୟତି|
2b051d013a	ତସ୍ମାଦ୍ ଯେ ସତ୍କର୍ମ୍ମାଣି କୃତୱନ୍ତସ୍ତ ଉତ୍ଥାଯ ଆଯୁଃ ପ୍ରାପ୍ସ୍ୟନ୍ତି ଯେ ଚ କୁକର୍ମାଣି କୃତୱନ୍ତସ୍ତ ଉତ୍ଥାଯ ଦଣ୍ଡଂ ପ୍ରାପ୍ସ୍ୟନ୍ତି|
2b051e017b	ଅହଂ ସ୍ୱଯଂ କିମପି କର୍ତ୍ତୁଂ ନ ଶକ୍ନୋମି ଯଥା ଶୁଣୋମି ତଥା ୱିଚାରଯାମି ମମ ୱିଚାରଞ୍ଚ ନ୍ୟାଯ୍ୟଃ ଯତୋହଂ ସ୍ୱୀଯାଭୀଷ୍ଟଂ ନେହିତ୍ୱା ମତ୍ପ୍ରେରଯିତୁଃ ପିତୁରିଷ୍ଟମ୍ ଈହେ|
2b051f00bd	ଯଦି ସ୍ୱସ୍ମିନ୍ ସ୍ୱଯଂ ସାକ୍ଷ୍ୟଂ ଦଦାମି ତର୍ହି ତତ୍ସାକ୍ଷ୍ୟମ୍ ଆଗ୍ରାହ୍ୟଂ ଭୱତି;
2b052000f1	କିନ୍ତୁ ମଦର୍ଥେଽପରୋ ଜନଃ ସାକ୍ଷ୍ୟଂ ଦଦାତି ମଦର୍ଥେ ତସ୍ୟ ଯତ୍ ସାକ୍ଷ୍ୟଂ ତତ୍ ସତ୍ୟମ୍ ଏତଦପ୍ୟହଂ ଜାନାମି|
2b052100bc	ଯୁଷ୍ମାଭି ର୍ୟୋହନଂ ପ୍ରତି ଲୋକେଷୁ ପ୍ରେରିତେଷୁ ସ ସତ୍ୟକଥାଯାଂ ସାକ୍ଷ୍ୟମଦଦାତ୍|
2b052200da	ମାନୁଷାଦହଂ ସାକ୍ଷ୍ୟଂ ନୋପେକ୍ଷେ ତଥାପି ଯୂଯଂ ଯଥା ପରିତ୍ରଯଧ୍ୱେ ତଦର୍ଥମ୍ ଇଦଂ ୱାକ୍ୟଂ ୱଦାମି|
2b052300fb	ଯୋହନ୍ ଦେଦୀପ୍ୟମାନୋ ଦୀପ ଇୱ ତେଜସ୍ୱୀ ସ୍ଥିତୱାନ୍ ଯୂଯମ୍ ଅଲ୍ପକାଲଂ ତସ୍ୟ ଦୀପ୍ତ୍ୟାନନ୍ଦିତୁଂ ସମମନ୍ୟଧ୍ୱଂ|
2b05240191	କିନ୍ତୁ ତତ୍ପ୍ରମାଣାଦପି ମମ ଗୁରୁତରଂ ପ୍ରମାଣଂ ୱିଦ୍ୟତେ ପିତା ମାଂ ପ୍ରେଷ୍ୟ ଯଦ୍ୟତ୍ କର୍ମ୍ମ ସମାପଯିତୁଂ ଶକ୍ତ୍ତିମଦଦାତ୍ ମଯା କୃତଂ ତତ୍ତତ୍ କର୍ମ୍ମ ମଦର୍ଥେ ପ୍ରମାଣଂ ଦଦାତି|
2b05250120	ଯଃ ପିତା ମାଂ ପ୍ରେରିତୱାନ୍ ମୋପି ମଦର୍ଥେ ପ୍ରମାଣଂ ଦଦାତି| ତସ୍ୟ ୱାକ୍ୟଂ ଯୁଷ୍ମାଭିଃ କଦାପି ନ ଶ୍ରୁତଂ ତସ୍ୟ ରୂପଞ୍ଚ ନ ଦୃଷ୍ଟଂ
2b05260105	ତସ୍ୟ ୱାକ୍ୟଞ୍ଚ ଯୁଷ୍ମାକମ୍ ଅନ୍ତଃ କଦାପି ସ୍ଥାନଂ ନାପ୍ନୋତି ଯତଃ ସ ଯଂ ପ୍ରେଷିତୱାନ୍ ଯୂଯଂ ତସ୍ମିନ୍ ନ ୱିଶ୍ୱସିଥ|
2b05270157	ଧର୍ମ୍ମପୁସ୍ତକାନି ଯୂଯମ୍ ଆଲୋଚଯଧ୍ୱଂ ତୈ ର୍ୱାକ୍ୟୈରନନ୍ତାଯୁଃ ପ୍ରାପ୍ସ୍ୟାମ ଇତି ଯୂଯଂ ବୁଧ୍ୟଧ୍ୱେ ତଦ୍ଧର୍ମ୍ମପୁସ୍ତକାନି ମଦର୍ଥେ ପ୍ରମାଣଂ ଦଦତି|
2b05280088	ତଥାପି ଯୂଯଂ ପରମାଯୁଃପ୍ରାପ୍ତଯେ ମମ ସଂନିଧିମ୍ ନ ଜିଗମିଷଥ|
2b0529005c	ଅହଂ ମାନୁଷେଭ୍ୟଃ ସତ୍କାରଂ ନ ଗୃହ୍ଲାମି|
2b052a008e	ଅହଂ ଯୁଷ୍ମାନ୍ ଜାନାମି; ଯୁଷ୍ମାକମନ୍ତର ଈଶ୍ୱରପ୍ରେମ ନାସ୍ତି|
2b052b0126	ଅହଂ ନିଜପିତୁ ର୍ନାମ୍ନାଗତୋସ୍ମି ତଥାପି ମାଂ ନ ଗୃହ୍ଲୀଥ କିନ୍ତୁ କଶ୍ଚିଦ୍ ଯଦି ସ୍ୱନାମ୍ନା ସମାଗମିଷ୍ୟତି ତର୍ହି ତଂ ଗ୍ରହୀଷ୍ୟଥ|
2b052c0110	ଯୂଯମ୍ ଈଶ୍ୱରାତ୍ ସତ୍କାରଂ ନ ଚିଷ୍ଟତ୍ୱା କେୱଲଂ ପରସ୍ପରଂ ସତ୍କାରମ୍ ଚେଦ୍ ଆଦଧ୍ୱ୍ୱେ ତର୍ହି କଥଂ ୱିଶ୍ୱସିତୁଂ ଶକ୍ନୁଥ?
2b052d0126	ପୁତୁଃ ସମୀପେଽହଂ ଯୁଷ୍ମାନ୍ ଅପୱଦିଷ୍ୟାମୀତି ମା ଚିନ୍ତଯତ ଯସ୍ମିନ୍, ଯସ୍ମିନ୍ ଯୁଷ୍ମାକଂ ୱିଶ୍ୱସଃ ସଏୱ ମୂସା ଯୁଷ୍ମାନ୍ ଅପୱଦତି|
2b052e00cf	ଯଦି ଯୂଯଂ ତସ୍ମିନ୍ ୱ୍ୟଶ୍ୱସିଷ୍ୟତ ତର୍ହି ମଯ୍ୟପି ୱ୍ୟଶ୍ୱସିଷ୍ୟତ, ଯତ୍ ସ ମଯି ଲିଖିତୱାନ୍|
2b052f00ad	ତତୋ ଯଦି ତେନ ଲିଖିତୱାନି ନ ପ୍ରତିଥ ତର୍ହି ମମ ୱାକ୍ୟାନି କଥଂ ପ୍ରତ୍ୟେଷ୍ୟଥ?
2b060100bd	ତତଃ ପରଂ ଯୀଶୁ ର୍ଗାଲୀଲ୍ ପ୍ରଦେଶୀଯସ୍ୟ ତିୱିରିଯାନାମ୍ନଃ ସିନ୍ଧୋଃ ପାରଂ ଗତୱାନ୍|
2b0602011c	ତତୋ ୱ୍ୟାଧିମଲ୍ଲୋକସ୍ୱାସ୍ଥ୍ୟକରଣରୂପାଣି ତସ୍ୟାଶ୍ଚର୍ୟ୍ୟାଣି କର୍ମ୍ମାଣି ଦୃଷ୍ଟ୍ୱା ବହୱୋ ଜନାସ୍ତତ୍ପଶ୍ଚାଦ୍ ଅଗଚ୍ଛନ୍|
2b06030078	ତତୋ ଯୀଶୁଃ ପର୍ୱ୍ୱତମାରୁହ୍ୟ ତତ୍ର ଶିଷ୍ୟୈଃ ସାକମ୍|
2b060400a1	ତସ୍ମିନ୍ ସମଯ ନିସ୍ତାରୋତ୍ସୱନାମ୍ନି ଯିହୂଦୀଯାନାମ ଉତ୍ସୱ ଉପସ୍ଥିତେ
2b06050159	ଯୀଶୁ ର୍ନେତ୍ରେ ଉତ୍ତୋଲ୍ୟ ବହୁଲୋକାନ୍ ସ୍ୱସମୀପାଗତାନ୍ ୱିଲୋକ୍ୟ ଫିଲିପଂ ପୃଷ୍ଟୱାନ୍ ଏତେଷାଂ ଭୋଜନାଯ ଭୋଜଦ୍ରୱ୍ୟାଣି ୱଯଂ କୁତ୍ର କ୍ରେତୁଂ ଶକ୍ରୁମଃ?
2b060600cd	ୱାକ୍ୟମିଦଂ ତସ୍ୟ ପରୀକ୍ଷାର୍ଥମ୍ ଅୱାଦୀତ୍ କିନ୍ତୁ ଯତ୍ କରିଷ୍ୟତି ତତ୍ ସ୍ୱଯମ୍ ଅଜାନାତ୍|
2b06070142	ଫିଲିପଃ ପ୍ରତ୍ୟୱୋଚତ୍ ଏତେଷାମ୍ ଏକୈକୋ ଯଦ୍ୟଲ୍ପମ୍ ଅଲ୍ପଂ ପ୍ରାପ୍ନୋତି ତର୍ହି ମୁଦ୍ରାପାଦଦ୍ୱିଶତେନ କ୍ରୀତପୂପା ଅପି ନ୍ୟୂନା ଭୱିଷ୍ୟନ୍ତି|
2b060800aa	ଶିମୋନ୍ ପିତରସ୍ୟ ଭ୍ରାତା ଆନ୍ଦ୍ରିଯାଖ୍ୟଃ ଶିଷ୍ୟାଣାମେକୋ ୱ୍ୟାହୃତୱାନ୍
2b0609013e	ଅତ୍ର କସ୍ୟଚିଦ୍ ବାଲକସ୍ୟ ସମୀପେ ପଞ୍ଚ ଯାୱପୂପାଃ କ୍ଷୁଦ୍ରମତ୍ସ୍ୟଦ୍ୱଯଞ୍ଚ ସନ୍ତି କିନ୍ତୁ ଲୋକାନାଂ ଏତାୱାତାଂ ମଧ୍ୟେ ତୈଃ କିଂ ଭୱିଷ୍ୟତି?
2b060a0132	ପଶ୍ଚାଦ୍ ଯୀଶୁରୱଦତ୍ ଲୋକାନୁପୱେଶଯତ ତତ୍ର ବହୁଯୱସସତ୍ତ୍ୱାତ୍ ପଞ୍ଚସହସ୍ତ୍ରେଭ୍ୟୋ ନ୍ୟୂନା ଅଧିକା ୱା ପୁରୁଷା ଭୂମ୍ୟାମ୍ ଉପାୱିଶନ୍|
2b060b0176	ତତୋ ଯୀଶୁସ୍ତାନ୍ ପୂପାନାଦାଯ ଈଶ୍ୱରସ୍ୟ ଗୁଣାନ୍ କୀର୍ତ୍ତଯିତ୍ୱା ଶିଷ୍ୟେଷୁ ସମାର୍ପଯତ୍ ତତସ୍ତେ ତେଭ୍ୟ ଉପୱିଷ୍ଟଲୋକେଭ୍ୟଃ ପୂପାନ୍ ଯଥେଷ୍ଟମତ୍ସ୍ୟଞ୍ଚ ପ୍ରାଦୁଃ|
2b060c00f5	ତେଷୁ ତୃପ୍ତେଷୁ ସ ତାନୱୋଚଦ୍ ଏତେଷାଂ କିଞ୍ଚିଦପି ଯଥା ନାପଚୀଯତେ ତଥା ସର୍ୱ୍ୱାଣ୍ୟୱଶିଷ୍ଟାନି ସଂଗୃହ୍ଲୀତ|
2b060d0123	ତତଃ ସର୍ୱ୍ୱେଷାଂ ଭୋଜନାତ୍ ପରଂ ତେ ତେଷାଂ ପଞ୍ଚାନାଂ ଯାୱପୂପାନାଂ ଅୱଶିଷ୍ଟାନ୍ୟଖିଲାନି ସଂଗୃହ୍ୟ ଦ୍ୱାଦଶଡଲ୍ଲକାନ୍ ଅପୂରଯନ୍|
2b060e015e	ଅପରଂ ଯୀଶୋରେତାଦୃଶୀମ୍ ଆଶ୍ଚର୍ୟ୍ୟକ୍ରିଯାଂ ଦୃଷ୍ଟ୍ୱା ଲୋକା ମିଥୋ ୱକ୍ତୁମାରେଭିରେ ଜଗତି ଯସ୍ୟାଗମନଂ ଭୱିଷ୍ୟତି ସ ଏୱାଯମ୍ ଅୱଶ୍ୟଂ ଭୱିଷ୍ୟଦ୍ୱକ୍ତ୍ତା|
2b060f0125	ଅତଏୱ ଲୋକା ଆଗତ୍ୟ ତମାକ୍ରମ୍ୟ ରାଜାନଂ କରିଷ୍ୟନ୍ତି ଯୀଶୁସ୍ତେଷାମ୍ ଈଦୃଶଂ ମାନସଂ ୱିଜ୍ଞାଯ ପୁନଶ୍ଚ ପର୍ୱ୍ୱତମ୍ ଏକାକୀ ଗତୱାନ୍|
2b061000e4	ସାଯଂକାଲ ଉପସ୍ଥିତେ ଶିଷ୍ୟା ଜଲଧିତଟଂ ୱ୍ରଜିତ୍ୱା ନାୱମାରୁହ୍ୟ ନଗରଦିଶି ସିନ୍ଧୌ ୱାହଯିତ୍ୱାଗମନ୍|
2b061100b0	ତସ୍ମିନ୍ ସମଯେ ତିମିର ଉପାତିଷ୍ଠତ୍ କିନ୍ତୁ ଯୀଷୁସ୍ତେଷାଂ ସମୀପଂ ନାଗଚ୍ଛତ୍|
2b06120087	ତଦା ପ୍ରବଲପୱନୱହନାତ୍ ସାଗରେ ମହାତରଙ୍ଗୋ ଭୱିତୁମ୍ ଆରେଭେ|
2b0613016d	ତତସ୍ତେ ୱାହଯିତ୍ୱା ଦ୍ୱିତ୍ରାନ୍ କ୍ରୋଶାନ୍ ଗତାଃ ପଶ୍ଚାଦ୍ ଯୀଶୁଂ ଜଲଧେରୁପରି ପଦ୍ଭ୍ୟାଂ ୱ୍ରଜନ୍ତଂ ନୌକାନ୍ତିକମ୍ ଆଗଚ୍ଛନ୍ତଂ ୱିଲୋକ୍ୟ ତ୍ରାସଯୁକ୍ତା ଅଭୱନ୍
2b06140066	କିନ୍ତୁ ସ ତାନୁକ୍ତ୍ତୱାନ୍ ଅଯମହଂ ମା ଭୈଷ୍ଟ|
2b061500d0	ତଦା ତେ ତଂ ସ୍ୱୈରଂ ନାୱି ଗୃହୀତୱନ୍ତଃ ତଦା ତତ୍କ୍ଷଣାଦ୍ ଉଦ୍ଦିଷ୍ଟସ୍ଥାନେ ନୌରୁପାସ୍ଥାତ୍|
2b0616017e	ଯଯା ନାୱା ଶିଷ୍ୟା ଅଗଚ୍ଛନ୍ ତଦନ୍ୟା କାପି ନୌକା ତସ୍ମିନ୍ ସ୍ଥାନେ ନାସୀତ୍ ତତୋ ଯୀଶୁଃ ଶିଷ୍ୟୈଃ ସାକଂ ନାଗମତ୍ କେୱଲାଃ ଶିଷ୍ୟା ଅଗମନ୍ ଏତତ୍ ପାରସ୍ଥା ଲୋକା ଜ୍ଞାତୱନ୍ତଃ|
2b0617015c	କିନ୍ତୁ ତତଃ ପରଂ ପ୍ରଭୁ ର୍ୟତ୍ର ଈଶ୍ୱରସ୍ୟ ଗୁଣାନ୍ ଅନୁକୀର୍ତ୍ତ୍ୟ ଲୋକାନ୍ ପୂପାନ୍ ଅଭୋଜଯତ୍ ତତ୍ସ୍ଥାନସ୍ୟ ସମୀପସ୍ଥତିୱିରିଯାଯା ଅପରାସ୍ତରଣଯ ଆଗମନ୍|
2b0618011b	ଯୀଶୁସ୍ତତ୍ର ନାସ୍ତି ଶିଷ୍ୟା ଅପି ତତ୍ର ନା ସନ୍ତି ଲୋକା ଇତି ୱିଜ୍ଞାଯ ଯୀଶୁଂ ଗୱେଷଯିତୁଂ ତରଣିଭିଃ କଫର୍ନାହୂମ୍ ପୁରଂ ଗତାଃ|
2b061900e8	ତତସ୍ତେ ସରିତ୍ପତେଃ ପାରେ ତଂ ସାକ୍ଷାତ୍ ପ୍ରାପ୍ୟ ପ୍ରାୱୋଚନ୍ ହେ ଗୁରୋ ଭୱାନ୍ ଅତ୍ର ସ୍ଥାନେ କଦାଗମତ୍?
2b061a0170	ତଦା ଯୀଶୁସ୍ତାନ୍ ପ୍ରତ୍ୟୱାଦୀଦ୍ ଯୁଷ୍ମାନହଂ ଯଥାର୍ଥତରଂ ୱଦାମି ଆଶ୍ଚର୍ୟ୍ୟକର୍ମ୍ମଦର୍ଶନାଦ୍ଧେତୋ ର୍ନ କିନ୍ତୁ ପୂପଭୋଜନାତ୍ ତେନ ତୃପ୍ତତ୍ୱାଞ୍ଚ ମାଂ ଗୱେଷଯଥ|
2b061b01b9	କ୍ଷଯଣୀଯଭକ୍ଷ୍ୟାର୍ଥଂ ମା ଶ୍ରାମିଷ୍ଟ କିନ୍ତ୍ୱନ୍ତାଯୁର୍ଭକ୍ଷ୍ୟାର୍ଥଂ ଶ୍ରାମ୍ୟତ, ତସ୍ମାତ୍ ତାଦୃଶଂ ଭକ୍ଷ୍ୟଂ ମନୁଜପୁତ୍ରୋ ଯୁଷ୍ମାଭ୍ୟଂ ଦାସ୍ୟତି; ତସ୍ମିନ୍ ତାତ ଈଶ୍ୱରଃ ପ୍ରମାଣଂ ପ୍ରାଦାତ୍|
2b061c00bc	ତଦା ତେଽପୃଚ୍ଛନ୍ ଈଶ୍ୱରାଭିମତଂ କର୍ମ୍ମ କର୍ତ୍ତୁମ୍ ଅସ୍ମାଭିଃ କିଂ କର୍ତ୍ତୱ୍ୟଂ?
2b061d00c0	ତତୋ ଯୀଶୁରୱଦଦ୍ ଈଶ୍ୱରୋ ଯଂ ପ୍ରୈରଯତ୍ ତସ୍ମିନ୍ ୱିଶ୍ୱସନମ୍ ଈଶ୍ୱରାଭିମତଂ କର୍ମ୍ମ|
2b061e00fc	ତଦା ତେ ୱ୍ୟାହରନ୍ ଭୱତା କିଂ ଲକ୍ଷଣଂ ଦର୍ଶିତଂ ଯଦ୍ଦୃଷ୍ଟ୍ୱା ଭୱତି ୱିଶ୍ୱସିଷ୍ୟାମଃ? ତ୍ୱଯା କିଂ କର୍ମ୍ମ କୃତଂ?
2b061f0149	ଅସ୍ମାକଂ ପୂର୍ୱ୍ୱପୁରୁଷା ମହାପ୍ରାନ୍ତରେ ମାନ୍ନାଂ ଭୋକ୍ତ୍ତୁଂ ପ୍ରାପୁଃ ଯଥା ଲିପିରାସ୍ତେ| ସ୍ୱର୍ଗୀଯାଣି ତୁ ଭକ୍ଷ୍ୟାଣି ପ୍ରଦଦୌ ପରମେଶ୍ୱରଃ|
2b06200177	ତଦା ଯୀଶୁରୱଦଦ୍ ଅହଂ ଯୁଷ୍ମାନତିଯଥାର୍ଥଂ ୱଦାମି ମୂସା ଯୁଷ୍ମାଭ୍ୟଂ ସ୍ୱର୍ଗୀଯଂ ଭକ୍ଷ୍ୟଂ ନାଦାତ୍ କିନ୍ତୁ ମମ ପିତା ଯୁଷ୍ମାଭ୍ୟଂ ସ୍ୱର୍ଗୀଯଂ ପରମଂ ଭକ୍ଷ୍ୟଂ ଦଦାତି|
2b0621009d	ଯଃ ସ୍ୱର୍ଗାଦୱରୁହ୍ୟ ଜଗତେ ଜୀୱନଂ ଦଦାତି ସ ଈଶ୍ୱରଦତ୍ତଭକ୍ଷ୍ୟରୂପଃ|
2b0622009b	ତଦା ତେ ପ୍ରାୱୋଚନ୍ ହେ ପ୍ରଭୋ ଭକ୍ଷ୍ୟମିଦଂ ନିତ୍ୟମସ୍ମଭ୍ୟଂ ଦଦାତୁ|
2b06230187	ଯୀଶୁରୱଦଦ୍ ଅହମେୱ ଜୀୱନରୂପଂ ଭକ୍ଷ୍ୟଂ ଯୋ ଜନୋ ମମ ସନ୍ନିଧିମ୍ ଆଗଚ୍ଛତି ସ ଜାତୁ କ୍ଷୁଧାର୍ତ୍ତୋ ନ ଭୱିଷ୍ୟତି, ତଥା ଯୋ ଜନୋ ମାଂ ପ୍ରତ୍ୟେତି ସ ଜାତୁ ତୃଷାର୍ତ୍ତୋ ନ ଭୱିଷ୍ୟତି|
2b0624008b	ମାଂ ଦୃଷ୍ଟ୍ୱାପି ଯୂଯଂ ନ ୱିଶ୍ୱସିଥ ଯୁଷ୍ମାନହମ୍ ଇତ୍ୟୱୋଚଂ|
2b06250169	ପିତା ମହ୍ୟଂ ଯାୱତୋ ଲୋକାନଦଦାତ୍ ତେ ସର୍ୱ୍ୱ ଏୱ ମମାନ୍ତିକମ୍ ଆଗମିଷ୍ୟନ୍ତି ଯଃ କଶ୍ଚିଚ୍ଚ ମମ ସନ୍ନିଧିମ୍ ଆଯାସ୍ୟତି ତଂ କେନାପି ପ୍ରକାରେଣ ନ ଦୂରୀକରିଷ୍ୟାମି|
2b062600cf	ନିଜାଭିମତଂ ସାଧଯିତୁଂ ନ ହି କିନ୍ତୁ ପ୍ରେରଯିତୁରଭିମତଂ ସାଧଯିତୁଂ ସ୍ୱର୍ଗାଦ୍ ଆଗତୋସ୍ମି|
2b06270137	ସ ଯାନ୍ ଯାନ୍ ଲୋକାନ୍ ମହ୍ୟମଦଦାତ୍ ତେଷାମେକମପି ନ ହାରଯିତ୍ୱା ଶେଷଦିନେ ସର୍ୱ୍ୱାନହମ୍ ଉତ୍ଥାପଯାମି ଇଦଂ ମତ୍ପ୍ରେରଯିତୁଃ ପିତୁରଭିମତଂ|
2b0628012d	ଯଃ କଶ୍ଚିନ୍ ମାନୱସୁତଂ ୱିଲୋକ୍ୟ ୱିଶ୍ୱସିତି ସ ଶେଷଦିନେ ମଯୋତ୍ଥାପିତଃ ସନ୍ ଅନନ୍ତାଯୁଃ ପ୍ରାପ୍ସ୍ୟତି ଇତି ମତ୍ପ୍ରେରକସ୍ୟାଭିମତଂ|
2b0629012e	ତଦା ସ୍ୱର୍ଗାଦ୍ ଯଦ୍ ଭକ୍ଷ୍ୟମ୍ ଅୱାରୋହତ୍ ତଦ୍ ଭକ୍ଷ୍ୟମ୍ ଅହମେୱ ଯିହୂଦୀଯଲୋକାସ୍ତସ୍ୟୈତଦ୍ ୱାକ୍ୟେ ୱିୱଦମାନା ୱକ୍ତ୍ତୁମାରେଭିରେ
2b062a011b	ଯୂଷଫଃ ପୁତ୍ରୋ ଯୀଶୁ ର୍ୟସ୍ୟ ମାତାପିତରୌ ୱଯଂ ଜାନୀମ ଏଷ କିଂ ସଏୱ ନ? ତର୍ହି ସ୍ୱର୍ଗାଦ୍ ଅୱାରୋହମ୍ ଇତି ୱାକ୍ୟଂ କଥଂ ୱକ୍ତ୍ତି?
2b062b007d	ତଦା ଯୀଶୁସ୍ତାନ୍ ପ୍ରତ୍ୟୱଦତ୍ ପରସ୍ପରଂ ମା ୱିୱଦଧ୍ୱଂ
2b062c012d	ମତ୍ପ୍ରେରକେଣ ପିତ୍ରା ନାକୃଷ୍ଟଃ କୋପି ଜନୋ ମମାନ୍ତିକମ୍ ଆଯାତୁଂ ନ ଶକ୍ନୋତି କିନ୍ତ୍ୱାଗତଂ ଜନଂ ଚରମେଽହ୍ନି ପ୍ରୋତ୍ଥାପଯିଷ୍ୟାମି|
2b062d019d	ତେ ସର୍ୱ୍ୱ ଈଶ୍ୱରେଣ ଶିକ୍ଷିତା ଭୱିଷ୍ୟନ୍ତି ଭୱିଷ୍ୟଦ୍ୱାଦିନାଂ ଗ୍ରନ୍ଥେଷୁ ଲିପିରିତ୍ଥମାସ୍ତେ ଅତୋ ଯଃ କଶ୍ଚିତ୍ ପିତୁଃ ସକାଶାତ୍ ଶ୍ରୁତ୍ୱା ଶିକ୍ଷତେ ସ ଏୱ ମମ ସମୀପମ୍ ଆଗମିଷ୍ୟତି|
2b062e00d6	ଯ ଈଶ୍ୱରାଦ୍ ଅଜାଯତ ତଂ ୱିନା କୋପି ମନୁଷ୍ୟୋ ଜନକଂ ନାଦର୍ଶତ୍ କେୱଲଃ ସଏୱ ତାତମ୍ ଅଦ୍ରାକ୍ଷୀତ୍|
2b062f00d1	ଅହଂ ଯୁଷ୍ମାନ୍ ଯଥାର୍ଥତରଂ ୱଦାମି ଯୋ ଜନୋ ମଯି ୱିଶ୍ୱାସଂ କରୋତି ସୋନନ୍ତାଯୁଃ ପ୍ରାପ୍ନୋତି|
2b0630003b	ଅହମେୱ ତଜ୍ଜୀୱନଭକ୍ଷ୍ୟଂ|
2b063100b9	ଯୁଷ୍ମାକଂ ପୂର୍ୱ୍ୱପୁରୁଷା ମହାପ୍ରାନ୍ତରେ ମନ୍ନାଭକ୍ଷ୍ୟଂ ଭୂକ୍ତ୍ତାପି ମୃତାଃ
2b063200d7	କିନ୍ତୁ ଯଦ୍ଭକ୍ଷ୍ୟଂ ସ୍ୱର୍ଗାଦାଗଚ୍ଛତ୍ ତଦ୍ ଯଦି କଶ୍ଚିଦ୍ ଭୁଙ୍କ୍ତ୍ତେ ତର୍ହି ସ ନ ମ୍ରିଯତେ|
2b063301c6	ଯଜ୍ଜୀୱନଭକ୍ଷ୍ୟଂ ସ୍ୱର୍ଗାଦାଗଚ୍ଛତ୍ ସୋହମେୱ ଇଦଂ ଭକ୍ଷ୍ୟଂ ଯୋ ଜନୋ ଭୁଙ୍କ୍ତ୍ତେ ସ ନିତ୍ୟଜୀୱୀ ଭୱିଷ୍ୟତି| ପୁନଶ୍ଚ ଜଗତୋ ଜୀୱନାର୍ଥମହଂ ଯତ୍ ସ୍ୱକୀଯପିଶିତଂ ଦାସ୍ୟାମି ତଦେୱ ମଯା ୱିତରିତଂ ଭକ୍ଷ୍ୟମ୍|
2b0634010e	ତସ୍ମାଦ୍ ଯିହୂଦୀଯାଃ ପରସ୍ପରଂ ୱିୱଦମାନା ୱକ୍ତ୍ତୁମାରେଭିରେ ଏଷ ଭୋଜନାର୍ଥଂ ସ୍ୱୀଯଂ ପଲଲଂ କଥମ୍ ଅସ୍ମଭ୍ୟଂ ଦାସ୍ୟତି?
2b063501a0	ତଦା ଯୀଶୁସ୍ତାନ୍ ଆୱୋଚଦ୍ ଯୁଷ୍ମାନହଂ ଯଥାର୍ଥତରଂ ୱଦାମି ମନୁଷ୍ୟପୁତ୍ରସ୍ୟାମିଷେ ଯୁଷ୍ମାଭି ର୍ନ ଭୁକ୍ତ୍ତେ ତସ୍ୟ ରୁଧିରେ ଚ ନ ପୀତେ ଜୀୱନେନ ସାର୍ଦ୍ଧଂ ଯୁଷ୍ମାକଂ ସମ୍ବନ୍ଧୋ ନାସ୍ତି|
2b06360102	ଯୋ ମମାମିଷଂ ସ୍ୱାଦତି ମମ ସୁଧିରଞ୍ଚ ପିୱତି ସୋନନ୍ତାଯୁଃ ପ୍ରାପ୍ନୋତି ତତଃ ଶେଷେଽହ୍ନି ତମହମ୍ ଉତ୍ଥାପଯିଷ୍ୟାମି|
2b06370093	ଯତୋ ମଦୀଯମାମିଷଂ ପରମଂ ଭକ୍ଷ୍ୟଂ ତଥା ମଦୀଯଂ ଶୋଣିତଂ ପରମଂ ପେଯଂ|
2b063800cd	ଯୋ ଜନୋ ମଦୀଯଂ ପଲଲଂ ସ୍ୱାଦତି ମଦୀଯଂ ରୁଧିରଞ୍ଚ ପିୱତି ସ ମଯି ୱସତି ତସ୍ମିନ୍ନହଞ୍ଚ ୱସାମି|
2b063900e7	ମତ୍ପ୍ରେରଯିତ୍ରା ଜୀୱତା ତାତେନ ଯଥାହଂ ଜୀୱାମି ତଦ୍ୱଦ୍ ଯଃ କଶ୍ଚିନ୍ ମାମତ୍ତି ସୋପି ମଯା ଜୀୱିଷ୍ୟତି|
2b063a0193	ଯଦ୍ଭକ୍ଷ୍ୟଂ ସ୍ୱର୍ଗାଦାଗଚ୍ଛତ୍ ତଦିଦଂ ଯନ୍ମାନ୍ନାଂ ସ୍ୱାଦିତ୍ୱା ଯୁଷ୍ମାକଂ ପିତରୋଽମ୍ରିଯନ୍ତ ତାଦୃଶମ୍ ଇଦଂ ଭକ୍ଷ୍ୟଂ ନ ଭୱତି ଇଦଂ ଭକ୍ଷ୍ୟଂ ଯୋ ଭକ୍ଷତି ସ ନିତ୍ୟଂ ଜୀୱିଷ୍ୟତି|
2b063b00a5	ଯଦା କଫର୍ନାହୂମ୍ ପୁର୍ୟ୍ୟାଂ ଭଜନଗେହେ ଉପାଦିଶତ୍ ତଦା କଥା ଏତା ଅକଥଯତ୍|
2b063c011c	ତଦେତ୍ଥଂ ଶ୍ରୁତ୍ୱା ତସ୍ୟ ଶିଷ୍ୟାଣାମ୍ ଅନେକେ ପରସ୍ପରମ୍ ଅକଥଯନ୍ ଇଦଂ ଗାଢଂ ୱାକ୍ୟଂ ୱାକ୍ୟମୀଦୃଶଂ କଃ ଶ୍ରୋତୁଂ ଶକ୍ରୁଯାତ୍?
2b063d0113	କିନ୍ତୁ ଯୀଶୁଃ ଶିଷ୍ୟାଣାମ୍ ଇତ୍ଥଂ ୱିୱାଦଂ ସ୍ୱଚିତ୍ତେ ୱିଜ୍ଞାଯ କଥିତୱାନ୍ ଇଦଂ ୱାକ୍ୟଂ କିଂ ଯୁଷ୍ମାକଂ ୱିଘ୍ନଂ ଜନଯତି?
2b063e00cf	ଯଦି ମନୁଜସୁତଂ ପୂର୍ୱ୍ୱୱାସସ୍ଥାନମ୍ ଊର୍ଦ୍ୱ୍ୱଂ ଗଚ୍ଛନ୍ତଂ ପଶ୍ୟଥ ତର୍ହି କିଂ ଭୱିଷ୍ୟତି?
2b063f00df	ଆତ୍ମୈୱ ଜୀୱନଦାଯକଃ ୱପୁ ର୍ନିଷ୍ଫଲଂ ଯୁଷ୍ମଭ୍ୟମହଂ ଯାନି ୱଚାଂସି କଥଯାମି ତାନ୍ୟାତ୍ମା ଜୀୱନଞ୍ଚ|
2b06400147	କିନ୍ତୁ ଯୁଷ୍ମାକଂ ମଧ୍ୟେ କେଚନ ଅୱିଶ୍ୱାସିନଃ ସନ୍ତି କେ କେ ନ ୱିଶ୍ୱସନ୍ତି କୋ ୱା ତଂ ପରକରେଷୁ ସମର୍ପଯିଷ୍ୟତି ତାନ୍ ଯୀଶୁରାପ୍ରଥମାଦ୍ ୱେତ୍ତି|
2b06410118	ଅପରମପି କଥିତୱାନ୍ ଅସ୍ମାତ୍ କାରଣାଦ୍ ଅକଥଯଂ ପିତୁଃ ସକାଶାତ୍ ଶକ୍ତ୍ତିମପ୍ରାପ୍ୟ କୋପି ମମାନ୍ତିକମ୍ ଆଗନ୍ତୁଂ ନ ଶକ୍ନୋତି|
2b064200a0	ତତ୍କାଲେଽନେକେ ଶିଷ୍ୟା ୱ୍ୟାଘୁଟ୍ୟ ତେନ ସାର୍ଦ୍ଧଂ ପୁନ ର୍ନାଗଚ୍ଛନ୍|
2b06430097	ତଦା ଯୀଶୁ ର୍ଦ୍ୱାଦଶଶିଷ୍ୟାନ୍ ଉକ୍ତ୍ତୱାନ୍ ଯୂଯମପି କିଂ ଯାସ୍ୟଥ?
2b064400a7	ତତଃ ଶିମୋନ୍ ପିତରଃ ପ୍ରତ୍ୟୱୋଚତ୍ ହେ ପ୍ରଭୋ କସ୍ୟାଭ୍ୟର୍ଣଂ ଗମିଷ୍ୟାମଃ?
2b06450115	ଅନନ୍ତଜୀୱନଦାଯିନ୍ୟୋ ଯାଃ କଥାସ୍ତାସ୍ତୱୈୱ| ଭୱାନ୍ ଅମରେଶ୍ୱରସ୍ୟାଭିଷିକ୍ତ୍ତପୁତ୍ର ଇତି ୱିଶ୍ୱସ୍ୟ ନିଶ୍ଚିତଂ ଜାନୀମଃ|
2b06460138	ତଦା ଯୀଶୁରୱଦତ୍ କିମହଂ ଯୁଷ୍ମାକଂ ଦ୍ୱାଦଶଜନାନ୍ ମନୋନୀତାନ୍ ନ କୃତୱାନ୍? କିନ୍ତୁ ଯୁଷ୍ମାକଂ ମଧ୍ୟେପି କଶ୍ଚିଦେକୋ ୱିଘ୍ନକାରୀ ୱିଦ୍ୟତେ|
2b06470143	ଇମାଂ କଥଂ ସ ଶିମୋନଃ ପୁତ୍ରମ୍ ଈଷ୍କରୀଯୋତୀଯଂ ଯିହୂଦାମ୍ ଉଦ୍ଦିଶ୍ୟ କଥିତୱାନ୍ ଯତୋ ଦ୍ୱାଦଶାନାଂ ମଧ୍ୟେ ଗଣିତଃ ସ ତଂ ପରକରେଷୁ ସମର୍ପଯିଷ୍ୟତି|
2b07010155	ତତଃ ପରଂ ଯିହୂଦୀଯଲୋକାସ୍ତଂ ହନ୍ତୁଂ ସମୈହନ୍ତ ତସ୍ମାଦ୍ ଯୀଶୁ ର୍ୟିହୂଦାପ୍ରଦେଶେ ପର୍ୟ୍ୟଟିତୁଂ ନେଚ୍ଛନ୍ ଗାଲୀଲ୍ ପ୍ରଦେଶେ ପର୍ୟ୍ୟଟିତୁଂ ପ୍ରାରଭତ|
2b070200a1	କିନ୍ତୁ ତସ୍ମିନ୍ ସମଯେ ଯିହୂଦୀଯାନାଂ ଦୂଷ୍ୟୱାସନାମୋତ୍ସୱ ଉପସ୍ଥିତେ
2b07030152	ତସ୍ୟ ଭ୍ରାତରସ୍ତମ୍ ଅୱଦନ୍ ଯାନି କର୍ମ୍ମାଣି ତ୍ୱଯା କ୍ରିଯନ୍ତେ ତାନି ଯଥା ତୱ ଶିଷ୍ୟାଃ ପଶ୍ୟନ୍ତି ତଦର୍ଥଂ ତ୍ୱମିତଃ ସ୍ଥାନାଦ୍ ଯିହୂଦୀଯଦେଶଂ ୱ୍ରଜ|
2b07040119	ଯଃ କଶ୍ଚିତ୍ ସ୍ୱଯଂ ପ୍ରଚିକାଶିଷତି ସ କଦାପି ଗୁପ୍ତଂ କର୍ମ୍ମ ନ କରୋତି ଯଦୀଦୃଶଂ କର୍ମ୍ମ କରୋଷି ତର୍ହି ଜଗତି ନିଜଂ ପରିଚାଯଯ|
2b0705005f	ଯତସ୍ତସ୍ୟ ଭ୍ରାତରୋପି ତଂ ନ ୱିଶ୍ୱସନ୍ତି|
2b070600e4	ତଦା ଯୀଶୁସ୍ତାନ୍ ଅୱୋଚତ୍ ମମ ସମଯ ଇଦାନୀଂ ନୋପତିଷ୍ଠତି କିନ୍ତୁ ଯୁଷ୍ମାକଂ ସମଯଃ ସତତମ୍ ଉପତିଷ୍ଠତି|
2b07070142	ଜଗତୋ ଲୋକା ଯୁଷ୍ମାନ୍ ଋତୀଯିତୁଂ ନ ଶକ୍ରୁୱନ୍ତି କିନ୍ତୁ ମାମେୱ ଋତୀଯନ୍ତେ ଯତସ୍ତେଷାଂ କର୍ମାଣି ଦୁଷ୍ଟାନି ତତ୍ର ସାକ୍ଷ୍ୟମିଦମ୍ ଅହଂ ଦଦାମି|
2b070800fb	ଅତଏୱ ଯୂଯମ୍ ଉତ୍ସୱେଽସ୍ମିନ୍ ଯାତ ନାହମ୍ ଇଦାନୀମ୍ ଅସ୍ମିନ୍ନୁତ୍ସୱେ ଯାମି ଯତୋ ମମ ସମଯ ଇଦାନୀଂ ନ ସମ୍ପୂର୍ଣଃ|
2b0709006e	ଇତି ୱାକ୍ୟମ୍ ଉକ୍ତ୍ତ୍ୱା ସ ଗାଲୀଲି ସ୍ଥିତୱାନ୍
2b070a00bd	କିନ୍ତୁ ତସ୍ୟ ଭ୍ରାତୃଷୁ ତତ୍ର ପ୍ରସ୍ଥିତେଷୁ ସତ୍ସୁ ସୋଽପ୍ରକଟ ଉତ୍ସୱମ୍ ଅଗଚ୍ଛତ୍|
2b070b00b2	ଅନନ୍ତରମ୍ ଉତ୍ସୱମ୍ ଉପସ୍ଥିତା ଯିହୂଦୀଯାସ୍ତଂ ମୃଗଯିତ୍ୱାପୃଚ୍ଛନ୍ ସ କୁତ୍ର?
2b070c016c	ତତୋ ଲୋକାନାଂ ମଧ୍ୟେ ତସ୍ମିନ୍ ନାନାୱିଧା ୱିୱାଦା ଭୱିତୁମ୍ ଆରବ୍ଧୱନ୍ତଃ| କେଚିଦ୍ ଅୱୋଚନ୍ ସ ଉତ୍ତମଃ ପୁରୁଷଃ କେଚିଦ୍ ଅୱୋଚନ୍ ନ ତଥା ୱରଂ ଲୋକାନାଂ ଭ୍ରମଂ ଜନଯତି|
2b070d009b	କିନ୍ତୁ ଯିହୂଦୀଯାନାଂ ଭଯାତ୍ କୋପି ତସ୍ୟ ପକ୍ଷେ ସ୍ପଷ୍ଟଂ ନାକଥଯତ୍|
2b070e00a8	ତତଃ ପରମ୍ ଉତ୍ସୱସ୍ୟ ମଧ୍ୟସମଯେ ଯୀଶୁ ର୍ମନ୍ଦିରଂ ଗତ୍ୱା ସମୁପଦିଶତି ସ୍ମ|
2b070f00f2	ତତୋ ଯିହୂଦୀଯା ଲୋକା ଆଶ୍ଚର୍ୟ୍ୟଂ ଜ୍ଞାତ୍ୱାକଥଯନ୍ ଏଷା ମାନୁଷୋ ନାଧୀତ୍ୟା କଥମ୍ ଏତାଦୃଶୋ ୱିଦ୍ୱାନଭୂତ୍?
2b071000b3	ତଦା ଯୀଶୁଃ ପ୍ରତ୍ୟୱୋଚଦ୍ ଉପଦେଶୋଯଂ ନ ମମ କିନ୍ତୁ ଯୋ ମାଂ ପ୍ରେଷିତୱାନ୍ ତସ୍ୟ|
2b07110101	ଯୋ ଜନୋ ନିଦେଶଂ ତସ୍ୟ ଗ୍ରହୀଷ୍ୟତି ମମୋପଦେଶୋ ମତ୍ତୋ ଭୱତି କିମ୍ ଈଶ୍ୱରାଦ୍ ଭୱତି ସ ଗନସ୍ତଜ୍ଜ୍ଞାତୁଂ ଶକ୍ଷ୍ୟତି|
2b0712012f	ଯୋ ଜନଃ ସ୍ୱତଃ କଥଯତି ସ ସ୍ୱୀଯଂ ଗୌରୱମ୍ ଈହତେ କିନ୍ତୁ ଯଃ ପ୍ରେରଯିତୁ ର୍ଗୌରୱମ୍ ଈହତେ ସ ସତ୍ୟୱାଦୀ ତସ୍ମିନ୍ କୋପ୍ୟଧର୍ମ୍ମୋ ନାସ୍ତି|
2b0713012f	ମୂସା ଯୁଷ୍ମଭ୍ୟଂ ୱ୍ୟୱସ୍ଥାଗ୍ରନ୍ଥଂ କିଂ ନାଦଦାତ୍? କିନ୍ତୁ ଯୁଷ୍ମାକଂ କୋପି ତାଂ ୱ୍ୟୱସ୍ଥାଂ ନ ସମାଚରତି| ମାଂ ହନ୍ତୁଂ କୁତୋ ଯତଧ୍ୱେ?
2b0714008c	ତଦା ଲୋକା ଅୱଦନ୍ ତ୍ୱଂ ଭୂତଗ୍ରସ୍ତସ୍ତ୍ୱାଂ ହନ୍ତୁଂ କୋ ଯତତେ?
2b071500d0	ତତୋ ଯୀଶୁରୱୋଚଦ୍ ଏକଂ କର୍ମ୍ମ ମଯାକାରି ତସ୍ମାଦ୍ ଯୂଯଂ ସର୍ୱ୍ୱ ମହାଶ୍ଚର୍ୟ୍ୟଂ ମନ୍ୟଧ୍ୱେ|
2b07160154	ମୂସା ଯୁଷ୍ମଭ୍ୟଂ ତ୍ୱକ୍ଛେଦୱିଧିଂ ପ୍ରଦଦୌ ସ ମୂସାତୋ ନ ଜାତଃ କିନ୍ତୁ ପିତୃପୁରୁଷେଭ୍ୟୋ ଜାତଃ ତେନ ୱିଶ୍ରାମୱାରେଽପି ମାନୁଷାଣାଂ ତ୍ୱକ୍ଛେଦଂ କୁରୁଥ|
2b071701be	ଅତଏୱ ୱିଶ୍ରାମୱାରେ ମନୁଷ୍ୟାଣାଂ ତ୍ୱକ୍ଛେଦେ କୃତେ ଯଦି ମୂସାୱ୍ୟୱସ୍ଥାମଙ୍ଗନଂ ନ ଭୱତି ତର୍ହି ମଯା ୱିଶ୍ରାମୱାରେ ମାନୁଷଃ ସମ୍ପୂର୍ଣରୂପେଣ ସ୍ୱସ୍ଥୋଽକାରି ତତ୍କାରଣାଦ୍ ଯୂଯଂ କିଂ ମହ୍ୟଂ କୁପ୍ୟଥ?
2b0718007d	ସପକ୍ଷପାତଂ ୱିଚାରମକୃତ୍ୱା ନ୍ୟାଯ୍ୟଂ ୱିଚାରଂ କୁରୁତ|
2b071900cd	ତଦା ଯିରୂଶାଲମ୍ ନିୱାସିନଃ କତିପଯଜନା ଅକଥଯନ୍ ଇମେ ଯଂ ହନ୍ତୁଂ ଚେଷ୍ଟନ୍ତେ ସ ଏୱାଯଂ କିଂ ନ?
2b071a0132	କିନ୍ତୁ ପଶ୍ୟତ ନିର୍ଭଯଃ ସନ୍ କଥାଂ କଥଯତି ତଥାପି କିମପି ଅ ୱଦନ୍ତ୍ୟେତେ ଅଯମେୱାଭିଷିକ୍ତ୍ତୋ ଭୱତୀତି ନିଶ୍ଚିତଂ କିମଧିପତଯୋ ଜାନନ୍ତି?
2b071b0113	ମନୁଜୋଯଂ କସ୍ମାଦାଗମଦ୍ ଇତି ୱଯଂ ଜାନୋମଃ କିନ୍ତ୍ୱଭିଷିକ୍ତ୍ତ ଆଗତେ ସ କସ୍ମାଦାଗତୱାନ୍ ଇତି କୋପି ଜ୍ଞାତୁଂ ନ ଶକ୍ଷ୍ୟତି|
2b071c01eb	ତଦା ଯୀଶୁ ର୍ମଧ୍ୟେମନ୍ଦିରମ୍ ଉପଦିଶନ୍ ଉଚ୍ଚୈଃକାରମ୍ ଉକ୍ତ୍ତୱାନ୍ ଯୂଯଂ କିଂ ମାଂ ଜାନୀଥ? କସ୍ମାଚ୍ଚାଗତୋସ୍ମି ତଦପି କିଂ ଜାନୀଥ? ନାହଂ ସ୍ୱତ ଆଗତୋସ୍ମି କିନ୍ତୁ ଯଃ ସତ୍ୟୱାଦୀ ସଏୱ ମାଂ ପ୍ରେଷିତୱାନ୍ ଯୂଯଂ ତଂ ନ ଜାନୀଥ|
2b071d005c	ତମହଂ ଜାନେ ତେନାହଂ ପ୍ରେରିତ ଅଗତୋସ୍ମି|
2b071e0134	ତସ୍ମାଦ୍ ଯିହୂଦୀଯାସ୍ତଂ ଧର୍ତ୍ତୁମ୍ ଉଦ୍ୟତାସ୍ତଥାପି କୋପି ତସ୍ୟ ଗାତ୍ରେ ହସ୍ତଂ ନାର୍ପଯଦ୍ ଯତୋ ହେତୋସ୍ତଦା ତସ୍ୟ ସମଯୋ ନୋପତିଷ୍ଠତି|
2b071f016f	କିନ୍ତୁ ବହୱୋ ଲୋକାସ୍ତସ୍ମିନ୍ ୱିଶ୍ୱସ୍ୟ କଥିତୱାନ୍ତୋଽଭିଷିକ୍ତ୍ତପୁରୁଷ ଆଗତ୍ୟ ମାନୁଷସ୍ୟାସ୍ୟ କ୍ରିଯାଭ୍ୟଃ କିମ୍ ଅଧିକା ଆଶ୍ଚର୍ୟ୍ୟାଃ କ୍ରିଯାଃ କରିଷ୍ୟତି?
2b0720013b	ତତଃ ପରଂ ଲୋକାସ୍ତସ୍ମିନ୍ ଇତ୍ଥଂ ୱିୱଦନ୍ତେ ଫିରୂଶିନଃ ପ୍ରଧାନଯାଜକାଞ୍ଚେତି ଶ୍ରୁତୱନ୍ତସ୍ତଂ ଧୃତ୍ୱା ନେତୁଂ ପଦାତିଗଣଂ ପ୍ରେଷଯାମାସୁଃ|
2b072100f1	ତତୋ ଯୀଶୁରୱଦଦ୍ ଅହମ୍ ଅଲ୍ପଦିନାନି ଯୁଷ୍ମାଭିଃ ସାର୍ଦ୍ଧଂ ସ୍ଥିତ୍ୱା ମତ୍ପ୍ରେରଯିତୁଃ ସମୀପଂ ଯାସ୍ୟାମି|
2b072200ea	ମାଂ ମୃଗଯିଷ୍ୟଧ୍ୱେ କିନ୍ତୂଦ୍ଦେଶଂ ନ ଲପ୍ସ୍ୟଧ୍ୱେ ରତ୍ର ସ୍ଥାସ୍ୟାମି ତତ୍ର ଯୂଯଂ ଗନ୍ତୁଂ ନ ଶକ୍ଷ୍ୟଥ|
2b072301c8	ତଦା ଯିହୂଦୀଯାଃ ପରସ୍ପରଂ ୱକ୍ତ୍ତୁମାରେଭିରେ ଅସ୍ୟୋଦ୍ଦେଶଂ ନ ପ୍ରାପ୍ସ୍ୟାମ ଏତାଦୃଶଂ କିଂ ସ୍ଥାନଂ ଯାସ୍ୟତି? ଭିନ୍ନଦେଶେ ୱିକୀର୍ଣାନାଂ ଯିହୂଦୀଯାନାଂ ସନ୍ନିଧିମ୍ ଏଷ ଗତ୍ୱା ତାନ୍ ଉପଦେକ୍ଷ୍ୟତି କିଂ?
2b072400c8	ନୋ ଚେତ୍ ମାଂ ଗୱେଷଯିଷ୍ୟଥ କିନ୍ତୂଦ୍ଦେଶଂ ନ ପ୍ରାପ୍ସ୍ୟଥ ଏଷ କୋଦୃଶଂ ୱାକ୍ୟମିଦଂ ୱଦତି?
2b0725019a	ଅନନ୍ତରମ୍ ଉତ୍ସୱସ୍ୟ ଚରମେଽହନି ଅର୍ଥାତ୍ ପ୍ରଧାନଦିନେ ଯୀଶୁରୁତ୍ତିଷ୍ଠନ୍ ଉଚ୍ଚୈଃକାରମ୍ ଆହ୍ୱଯନ୍ ଉଦିତୱାନ୍ ଯଦି କଶ୍ଚିତ୍ ତୃଷାର୍ତ୍ତୋ ଭୱତି ତର୍ହି ମମାନ୍ତିକମ୍ ଆଗତ୍ୟ ପିୱତୁ|
2b07260122	ଯଃ କଶ୍ଚିନ୍ମଯି ୱିଶ୍ୱସିତି ଧର୍ମ୍ମଗ୍ରନ୍ଥସ୍ୟ ୱଚନାନୁସାରେଣ ତସ୍ୟାଭ୍ୟନ୍ତରତୋଽମୃତତୋଯସ୍ୟ ସ୍ରୋତାଂସି ନିର୍ଗମିଷ୍ୟନ୍ତି|
2b0727018d	ଯେ ତସ୍ମିନ୍ ୱିଶ୍ୱସନ୍ତି ତ ଆତ୍ମାନଂ ପ୍ରାପ୍ସ୍ୟନ୍ତୀତ୍ୟର୍ଥେ ସ ଇଦଂ ୱାକ୍ୟଂ ୱ୍ୟାହୃତୱାନ୍ ଏତତ୍କାଲଂ ଯାୱଦ୍ ଯୀଶୁ ର୍ୱିଭୱଂ ନ ପ୍ରାପ୍ତସ୍ତସ୍ମାତ୍ ପୱିତ୍ର ଆତ୍ମା ନାଦୀଯତ|
2b072800b2	ଏତାଂ ୱାଣୀଂ ଶ୍ରୁତ୍ୱା ବହୱୋ ଲୋକା ଅୱଦନ୍ ଅଯମେୱ ନିଶ୍ଚିତଂ ସ ଭୱିଷ୍ୟଦ୍ୱାଦୀ|
2b072900ff	କେଚିଦ୍ ଅକଥଯନ୍ ଏଷଏୱ ସୋଭିଷିକ୍ତ୍ତଃ କିନ୍ତୁ କେଚିଦ୍ ଅୱଦନ୍ ସୋଭିଷିକ୍ତ୍ତଃ କିଂ ଗାଲୀଲ୍ ପ୍ରଦେଶେ ଜନିଷ୍ୟତେ?
2b072a0126	ସୋଭିଷିକ୍ତ୍ତୋ ଦାଯୂଦୋ ୱଂଶେ ଦାଯୂଦୋ ଜନ୍ମସ୍ଥାନେ ବୈତ୍ଲେହମି ପତ୍ତନେ ଜନିଷ୍ୟତେ ଧର୍ମ୍ମଗ୍ରନ୍ଥେ କିମିତ୍ଥଂ ଲିଖିତଂ ନାସ୍ତି?
2b072b006e	ଇତ୍ଥଂ ତସ୍ମିନ୍ ଲୋକାନାଂ ଭିନ୍ନୱାକ୍ୟତା ଜାତା|
2b072c00b6	କତିପଯଲୋକାସ୍ତଂ ଧର୍ତ୍ତୁମ୍ ଐଚ୍ଛନ୍ ତଥାପି ତଦ୍ୱପୁଷି କୋପି ହସ୍ତଂ ନାର୍ପଯତ୍|
2b072d0104	ଅନନ୍ତରଂ ପାଦାତିଗଣେ ପ୍ରଧାନଯାଜକାନାଂ ଫିରୂଶିନାଞ୍ଚ ସମୀପମାଗତୱତି ତେ ତାନ୍ ଅପୃଚ୍ଛନ୍ କୁତୋ ହେତୋସ୍ତଂ ନାନଯତ?
2b072e008d	ତଦା ପଦାତଯଃ ପ୍ରତ୍ୟୱଦନ୍ ସ ମାନୱ ଇୱ କୋପି କଦାପି ନୋପାଦିଶତ୍|
2b072f0077	ତତଃ ଫିରୂଶିନଃ ପ୍ରାୱୋଚନ୍ ଯୂଯମପି କିମଭ୍ରାମିଷ୍ଟ?
2b0730008a	ଅଧିପତୀନାଂ ଫିରୂଶିନାଞ୍ଚ କୋପି କିଂ ତସ୍ମିନ୍ ୱ୍ୟଶ୍ୱସୀତ୍?
2b07310085	ଯେ ଶାସ୍ତ୍ରଂ ନ ଜାନନ୍ତି ତ ଇମେଽଧମଲୋକାଏୱ ଶାପଗ୍ରସ୍ତାଃ|
2b073200c3	ତଦା ନିକଦୀମନାମା ତେଷାମେକୋ ଯଃ କ୍ଷଣଦାଯାଂ ଯୀଶୋଃ ସନ୍ନିଧିମ୍ ଅଗାତ୍ ସ ଉକ୍ତ୍ତୱାନ୍
2b073300e0	ତସ୍ୟ ୱାକ୍ୟେ ନ ଶ୍ରୁତେ କର୍ମ୍ମଣି ଚ ନ ୱିଦିତେ ଽସ୍ମାକଂ ୱ୍ୟୱସ୍ଥା କିଂ କଞ୍ଚନ ମନୁଜଂ ଦୋଷୀକରୋତି?
2b073400f0	ତତସ୍ତେ ୱ୍ୟାହରନ୍ ତ୍ୱମପି କିଂ ଗାଲୀଲୀଯଲୋକଃ? ୱିୱିଚ୍ୟ ପଶ୍ୟ ଗଲୀଲି କୋପି ଭୱିଷ୍ୟଦ୍ୱାଦୀ ନୋତ୍ପଦ୍ୟତେ|
2b073500d5	ତତଃ ପରଂ ସର୍ୱ୍ୱେ ସ୍ୱଂ ସ୍ୱଂ ଗୃହଂ ଗତାଃ କିନ୍ତୁ ଯୀଶୁ ର୍ଜୈତୁନନାମାନଂ ଶିଲୋଚ୍ଚଯଂ ଗତୱାନ୍|
2b08010066	ପ୍ରତ୍ୟୂଷେ ଯୀଶୁଃ ପନର୍ମନ୍ଦିରମ୍ ଆଗଚ୍ଛତ୍
2b080200b9	ତତଃ ସର୍ୱ୍ୱେଷୁ ଲୋକେଷୁ ତସ୍ୟ ସମୀପ ଆଗତେଷୁ ସ ଉପୱିଶ୍ୟ ତାନ୍ ଉପଦେଷ୍ଟୁମ୍ ଆରଭତ|
2b08030121	ତଦା ଅଧ୍ୟାପକାଃ ଫିରୂଶିନଞ୍ଚ ୱ୍ୟଭିଚାରକର୍ମ୍ମଣି ଧୃତଂ ସ୍ତ୍ରିଯମେକାମ୍ ଆନିଯ ସର୍ୱ୍ୱେଷାଂ ମଧ୍ୟେ ସ୍ଥାପଯିତ୍ୱା ୱ୍ୟାହରନ୍
2b080400aa	ହେ ଗୁରୋ ଯୋଷିତମ୍ ଇମାଂ ୱ୍ୟଭିଚାରକର୍ମ୍ମ କୁର୍ୱ୍ୱାଣାଂ ଲୋକା ଧୃତୱନ୍ତଃ|
2b08050111	ଏତାଦୃଶଲୋକାଃ ପାଷାଣାଘାତେନ ହନ୍ତୱ୍ୟା ଇତି ୱିଧିର୍ମୂସାୱ୍ୟୱସ୍ଥାଗ୍ରନ୍ଥେ ଲିଖିତୋସ୍ତି କିନ୍ତୁ ଭୱାନ୍ କିମାଦିଶତି?
2b0806010d	ତେ ତମପୱଦିତୁଂ ପରୀକ୍ଷାଭିପ୍ରାଯେଣ ୱାକ୍ୟମିଦମ୍ ଅପୃଚ୍ଛନ୍ କିନ୍ତୁ ସ ପ୍ରହ୍ୱୀଭୂଯ ଭୂମାୱଙ୍ଗଲ୍ୟା ଲେଖିତୁମ୍ ଆରଭତ|
2b08070114	ତତସ୍ତୈଃ ପୁନଃ ପୁନଃ ପୃଷ୍ଟ ଉତ୍ଥାଯ କଥିତୱାନ୍ ଯୁଷ୍ମାକଂ ମଧ୍ୟେ ଯୋ ଜନୋ ନିରପରାଧୀ ସଏୱ ପ୍ରଥମମ୍ ଏନାଂ ପାଷାଣେନାହନ୍ତୁ|
2b0808007f	ପଶ୍ଚାତ୍ ସ ପୁନଶ୍ଚ ପ୍ରହ୍ୱୀଭୂଯ ଭୂମୌ ଲେଖିତୁମ୍ ଆରଭତ|
2b080901ac	ତାଂ କଥଂ ଶ୍ରୁତ୍ୱା ତେ ସ୍ୱସ୍ୱମନସି ପ୍ରବୋଧଂ ପ୍ରାପ୍ୟ ଜ୍ୟେଷ୍ଠାନୁକ୍ରମଂ ଏକୈକଶଃ ସର୍ୱ୍ୱେ ବହିରଗଚ୍ଛନ୍ ତତୋ ଯୀଶୁରେକାକୀ ତଯକ୍ତ୍ତୋଭୱତ୍ ମଧ୍ୟସ୍ଥାନେ ଦଣ୍ଡାଯମାନା ସା ଯୋଷା ଚ ସ୍ଥିତା|
2b080a013f	ତତ୍ପଶ୍ଚାଦ୍ ଯୀଶୁରୁତ୍ଥାଯ ତାଂ ୱନିତାଂ ୱିନା କମପ୍ୟପରଂ ନ ୱିଲୋକ୍ୟ ପୃଷ୍ଟୱାନ୍ ହେ ୱାମେ ତୱାପୱାଦକାଃ କୁତ୍ର? କୋପି ତ୍ୱାଂ କିଂ ନ ଦଣ୍ଡଯତି?
2b080b00d6	ସାୱଦତ୍ ହେ ମହେଚ୍ଛ କୋପି ନ ତଦା ଯୀଶୁରୱୋଚତ୍ ନାହମପି ଦଣ୍ଡଯାମି ଯାହି ପୁନଃ ପାପଂ ମାକାର୍ଷୀଃ|
2b080c018e	ତତୋ ଯୀଶୁଃ ପୁନରପି ଲୋକେଭ୍ୟ ଇତ୍ଥଂ କଥଯିତୁମ୍ ଆରଭତ ଜଗତୋହଂ ଜ୍ୟୋତିଃସ୍ୱରୂପୋ ଯଃ କଶ୍ଚିନ୍ ମତ୍ପଶ୍ଚାଦ ଗଚ୍ଛତି ସ ତିମିରେ ନ ଭ୍ରମିତ୍ୱା ଜୀୱନରୂପାଂ ଦୀପ୍ତିଂ ପ୍ରାପ୍ସ୍ୟତି|
2b080d00fc	ତତଃ ଫିରୂଶିନୋଽୱାଦିଷୁସ୍ତ୍ୱଂ ସ୍ୱାର୍ଥେ ସ୍ୱଯଂ ସାକ୍ଷ୍ୟଂ ଦଦାସି ତସ୍ମାତ୍ ତୱ ସାକ୍ଷ୍ୟଂ ଗ୍ରାହ୍ୟଂ ନ ଭୱତି|
2b080e0208	ତଦା ଯୀଶୁଃ ପ୍ରତ୍ୟୁଦିତୱାନ୍ ଯଦ୍ୟପି ସ୍ୱାର୍ଥେଽହଂ ସ୍ୱଯଂ ସାକ୍ଷ୍ୟଂ ଦଦାମି ତଥାପି ମତ୍ ସାକ୍ଷ୍ୟଂ ଗ୍ରାହ୍ୟଂ ଯସ୍ମାଦ୍ ଅହଂ କୁତ ଆଗତୋସ୍ମି କ୍ୱ ଯାମି ଚ ତଦହଂ ଜାନାମି କିନ୍ତୁ କୁତ ଆଗତୋସ୍ମି କୁତ୍ର ଗଚ୍ଛାମି ଚ ତଦ୍ ଯୂଯଂ ନ ଜାନୀଥ|
2b080f006f	ଯୂଯଂ ଲୌକିକଂ ୱିଚାରଯଥ ନାହଂ କିମପି ୱିଚାରଯାମି|
2b08100108	କିନ୍ତୁ ଯଦି ୱିଚାରଯାମି ତର୍ହି ମମ ୱିଚାରୋ ଗ୍ରହୀତୱ୍ୟୋ ଯତୋହମ୍ ଏକାକୀ ନାସ୍ମି ପ୍ରେରଯିତା ପିତା ମଯା ସହ ୱିଦ୍ୟତେ|
2b081100d1	ଦ୍ୱଯୋ ର୍ଜନଯୋଃ ସାକ୍ଷ୍ୟଂ ଗ୍ରହଣୀଯଂ ଭୱତୀତି ଯୁଷ୍ମାକଂ ୱ୍ୟୱସ୍ଥାଗ୍ରନ୍ଥେ ଲିଖିତମସ୍ତି|
2b081200f8	ଅହଂ ସ୍ୱାର୍ଥେ ସ୍ୱଯଂ ସାକ୍ଷିତ୍ୱଂ ଦଦାମି ଯଶ୍ଚ ମମ ତାତୋ ମାଂ ପ୍ରେରିତୱାନ୍ ସୋପି ମଦର୍ଥେ ସାକ୍ଷ୍ୟଂ ଦଦାତି|
2b08130163	ତଦା ତେଽପୃଚ୍ଛନ୍ ତୱ ତାତଃ କୁତ୍ର? ତତୋ ଯୀଶୁଃ ପ୍ରତ୍ୟୱାଦୀଦ୍ ଯୂଯଂ ମାଂ ନ ଜାନୀଥ ମତ୍ପିତରଞ୍ଚ ନ ଜାନୀଥ ଯଦି ମାମ୍ ଅକ୍ଷାସ୍ୟତ ତର୍ହି ମମ ତାତମପ୍ୟକ୍ଷାସ୍ୟତ|
2b081400d9	ଯୀଶୁ ର୍ମନ୍ଦିର ଉପଦିଶ୍ୟ ଭଣ୍ଡାଗାରେ କଥା ଏତା ଅକଥଯତ୍ ତଥାପି ତଂ ପ୍ରତି କୋପି କରଂ ନୋଦତୋଲଯତ୍|
2b08150191	ତତଃ ପରଂ ଯୀଶୁଃ ପୁନରୁଦିତୱାନ୍ ଅଧୁନାହଂ ଗଚ୍ଛାମି ଯୂଯଂ ମାଂ ଗୱେଷଯିଷ୍ୟଥ କିନ୍ତୁ ନିଜୈଃ ପାପୈ ର୍ମରିଷ୍ୟଥ ଯତ୍ ସ୍ଥାନମ୍ ଅହଂ ଯାସ୍ୟାମି ତତ୍ ସ୍ଥାନମ୍ ଯୂଯଂ ଯାତୁଂ ନ ଶକ୍ଷ୍ୟଥ|
2b0816015f	ତଦା ଯିହୂଦୀଯାଃ ପ୍ରାୱୋଚନ୍ କିମଯମ୍ ଆତ୍ମଘାତଂ କରିଷ୍ୟତି? ଯତୋ ଯତ୍ ସ୍ଥାନମ୍ ଅହଂ ଯାସ୍ୟାମି ତତ୍ ସ୍ଥାନମ୍ ଯୂଯଂ ଯାତୁଂ ନ ଶକ୍ଷ୍ୟଥ ଇତି ୱାକ୍ୟଂ ବ୍ରୱୀତି|
2b08170154	ତତୋ ଯୀଶୁସ୍ତେଭ୍ୟଃ କଥିତୱାନ୍ ଯୂଯମ୍ ଅଧଃସ୍ଥାନୀଯା ଲୋକା ଅହମ୍ ଊର୍ଦ୍ୱ୍ୱସ୍ଥାନୀଯଃ ଯୂଯମ୍ ଏତଜ୍ଜଗତ୍ସମ୍ବନ୍ଧୀଯା ଅହମ୍ ଏତଜ୍ଜଗତ୍ସମ୍ବନ୍ଧୀଯୋ ନ|
2b08180116	ତସ୍ମାତ୍ କଥିତୱାନ୍ ଯୂଯଂ ନିଜୈଃ ପାପୈ ର୍ମରିଷ୍ୟଥ ଯତୋହଂ ସ ପୁମାନ୍ ଇତି ଯଦି ନ ୱିଶ୍ୱସିଥ ତର୍ହି ନିଜୈଃ ପାପୈ ର୍ମରିଷ୍ୟଥ|
2b0819011f	ତଦା ତେ ଽପୃଚ୍ଛନ୍ କସ୍ତ୍ୱଂ? ତତୋ ଯୀଶୁଃ କଥିତୱାନ୍ ଯୁଷ୍ମାକଂ ସନ୍ନିଧୌ ଯସ୍ୟ ପ୍ରସ୍ତାୱମ୍ ଆ ପ୍ରଥମାତ୍ କରୋମି ସଏୱ ପୁରୁଷୋହଂ|
2b081a014d	ଯୁଷ୍ମାସୁ ମଯା ବହୁୱାକ୍ୟଂ ୱକ୍ତ୍ତୱ୍ୟଂ ୱିଚାରଯିତୱ୍ୟଞ୍ଚ କିନ୍ତୁ ମତ୍ପ୍ରେରଯିତା ସତ୍ୟୱାଦୀ ତସ୍ୟ ସମୀପେ ଯଦହଂ ଶ୍ରୁତୱାନ୍ ତଦେୱ ଜଗତେ କଥଯାମି|
2b081b0098	କିନ୍ତୁ ସ ଜନକେ ୱାକ୍ୟମିଦଂ ପ୍ରୋକ୍ତ୍ତୱାନ୍ ଇତି ତେ ନାବୁଧ୍ୟନ୍ତ|
2b081c01e5	ତତୋ ଯୀଶୁରକଥଯଦ୍ ଯଦା ମନୁଷ୍ୟପୁତ୍ରମ୍ ଊର୍ଦ୍ୱ୍ୱ ଉତ୍ଥାପଯିଷ୍ୟଥ ତଦାହଂ ସ ପୁମାନ୍ କେୱଲଃ ସ୍ୱଯଂ କିମପି କର୍ମ୍ମ ନ କରୋମି କିନ୍ତୁ ତାତୋ ଯଥା ଶିକ୍ଷଯତି ତଦନୁସାରେଣ ୱାକ୍ୟମିଦଂ ୱଦାମୀତି ଚ ଯୂଯଂ ଜ୍ଞାତୁଂ ଶକ୍ଷ୍ୟଥ|
2b081d00fc	ମତ୍ପ୍ରେରଯିତା ପିତା ମାମ୍ ଏକାକିନଂ ନ ତ୍ୟଜତି ସ ମଯା ସାର୍ଦ୍ଧଂ ତିଷ୍ଠତି ଯତୋହଂ ତଦଭିମତଂ କର୍ମ୍ମ ସଦା କରୋମି|
2b081e009f	ତଦା ତସ୍ୟୈତାନି ୱାକ୍ୟାନି ଶ୍ରୁତ୍ୱା ବହୁୱସ୍ତାସ୍ମିନ୍ ୱ୍ୟଶ୍ୱସନ୍|
2b081f0072	ଯେ ଯିହୂଦୀଯା ୱ୍ୟଶ୍ୱସନ୍ ଯୀଶୁସ୍ତେଭ୍ୟୋଽକଥଯତ୍
2b0820012b	ମମ ୱାକ୍ୟେ ଯଦି ଯୂଯମ୍ ଆସ୍ଥାଂ କୁରୁଥ ତର୍ହି ମମ ଶିଷ୍ୟା ଭୂତ୍ୱା ସତ୍ୟତ୍ୱଂ ଜ୍ଞାସ୍ୟଥ ତତଃ ସତ୍ୟତଯା ଯୁଷ୍ମାକଂ ମୋକ୍ଷୋ ଭୱିଷ୍ୟତି|
2b08210152	ତଦା ତେ ପ୍ରତ୍ୟୱାଦିଷୁଃ ୱଯମ୍ ଇବ୍ରାହୀମୋ ୱଂଶଃ କଦାପି କସ୍ୟାପି ଦାସା ନ ଜାତାସ୍ତର୍ହି ଯୁଷ୍ମାକଂ ମୁକ୍ତ୍ତି ର୍ଭୱିଷ୍ୟତୀତି ୱାକ୍ୟଂ କଥଂ ବ୍ରୱୀଷି?
2b082200c9	ତଦା ଯୀଶୁଃ ପ୍ରତ୍ୟୱଦଦ୍ ଯୁଷ୍ମାନହଂ ଯଥାର୍ଥତରଂ ୱଦାମି ଯଃ ପାପଂ କରୋତି ସ ପାପସ୍ୟ ଦାସଃ|
2b082300b1	ଦାସଶ୍ଚ ନିରନ୍ତରଂ ନିୱେଶନେ ନ ତିଷ୍ଠତି କିନ୍ତୁ ପୁତ୍ରୋ ନିରନ୍ତରଂ ତିଷ୍ଠତି|
2b082400b1	ଅତଃ ପୁତ୍ରୋ ଯଦି ଯୁଷ୍ମାନ୍ ମୋଚଯତି ତର୍ହି ନିତାନ୍ତମେୱ ମୁକ୍ତ୍ତା ଭୱିଷ୍ୟଥ|
2b08250158	ଯୁଯମ୍ ଇବ୍ରାହୀମୋ ୱଂଶ ଇତ୍ୟହଂ ଜାନାମି କିନ୍ତୁ ମମ କଥା ଯୁଷ୍ମାକମ୍ ଅନ୍ତଃକରଣେଷୁ ସ୍ଥାନଂ ନ ପ୍ରାପ୍ନୁୱନ୍ତି ତସ୍ମାଦ୍ଧେତୋ ର୍ମାଂ ହନ୍ତୁମ୍ ଈହଧ୍ୱେ|
2b082600eb	ଅହଂ ସ୍ୱପିତୁଃ ସମୀପେ ଯଦପଶ୍ୟଂ ତଦେୱ କଥଯାମି ତଥା ଯୂଯମପି ସ୍ୱପିତୁଃ ସମୀପେ ଯଦପଶ୍ୟତ ତଦେୱ କୁରୁଧ୍ୱେ|
2b0827015b	ତଦା ତେ ପ୍ରତ୍ୟୱୋଚନ୍ ଇବ୍ରାହୀମ୍ ଅସ୍ମାକଂ ପିତା ତତୋ ଯୀଶୁରକଥଯଦ୍ ଯଦି ଯୂଯମ୍ ଇବ୍ରାହୀମଃ ସନ୍ତାନା ଅଭୱିଷ୍ୟତ ତର୍ହି ଇବ୍ରାହୀମ ଆଚାରଣୱଦ୍ ଆଚରିଷ୍ୟତ|
2b08280140	ଈଶ୍ୱରସ୍ୟ ମୁଖାତ୍ ସତ୍ୟଂ ୱାକ୍ୟଂ ଶ୍ରୁତ୍ୱା ଯୁଷ୍ମାନ୍ ଜ୍ଞାପଯାମି ଯୋହଂ ତଂ ମାଂ ହନ୍ତୁଂ ଚେଷ୍ଟଧ୍ୱେ ଇବ୍ରାହୀମ୍ ଏତାଦୃଶଂ କର୍ମ୍ମ ନ ଚକାର|
2b08290103	ଯୂଯଂ ସ୍ୱସ୍ୱପିତୁଃ କର୍ମ୍ମାଣି କୁରୁଥ ତଦା ତୈରୁକ୍ତ୍ତଂ ନ ୱଯଂ ଜାରଜାତା ଅସ୍ମାକମ୍ ଏକଏୱ ପିତାସ୍ତି ସ ଏୱେଶ୍ୱରଃ
2b082a0189	ତତୋ ଯୀଶୁନା କଥିତମ୍ ଈଶ୍ୱରୋ ଯଦି ଯୁଷ୍ମାକଂ ତାତୋଭୱିଷ୍ୟତ୍ ତର୍ହି ଯୂଯଂ ମଯି ପ୍ରେମାକରିଷ୍ୟତ ଯତୋହମ୍ ଈଶ୍ୱରାନ୍ନିର୍ଗତ୍ୟାଗତୋସ୍ମି ସ୍ୱତୋ ନାଗତୋହଂ ସ ମାଂ ପ୍ରାହିଣୋତ୍|
2b082b00b5	ଯୂଯଂ ମମ ୱାକ୍ୟମିଦଂ ନ ବୁଧ୍ୟଧ୍ୱେ କୁତଃ? ଯତୋ ଯୂଯଂ ମମୋପଦେଶଂ ସୋଢୁଂ ନ ଶକ୍ନୁଥ|
2b082c0259	ଯୂଯଂ ଶୈତାନ୍ ପିତୁଃ ସନ୍ତାନା ଏତସ୍ମାଦ୍ ଯୁଷ୍ମାକଂ ପିତୁରଭିଲାଷଂ ପୂରଯଥ ସ ଆ ପ୍ରଥମାତ୍ ନରଘାତୀ ତଦନ୍ତଃ ସତ୍ୟତ୍ୱସ୍ୟ ଲେଶୋପି ନାସ୍ତି କାରଣାଦତଃ ସ ସତ୍ୟତାଯାଂ ନାତିଷ୍ଠତ୍ ସ ଯଦା ମୃଷା କଥଯତି ତଦା ନିଜସ୍ୱଭାୱାନୁସାରେଣୈୱ କଥଯତି ଯତୋ ସ ମୃଷାଭାଷୀ ମୃଷୋତ୍ପାଦକଶ୍ଚ|
2b082d008c	ଅହଂ ତଥ୍ୟୱାକ୍ୟଂ ୱଦାମି କାରଣାଦସ୍ମାଦ୍ ଯୂଯଂ ମାଂ ନ ପ୍ରତୀଥ|
2b082e0106	ମଯି ପାପମସ୍ତୀତି ପ୍ରମାଣଂ ଯୁଷ୍ମାକଂ କୋ ଦାତୁଂ ଶକ୍ନୋତି? ଯଦ୍ୟହଂ ତଥ୍ୟୱାକ୍ୟଂ ୱଦାମି ତର୍ହି କୁତୋ ମାଂ ନ ପ୍ରତିଥ?
2b082f0125	ଯଃ କଶ୍ଚନ ଈଶ୍ୱରୀଯୋ ଲୋକଃ ସ ଈଶ୍ୱରୀଯକଥାଯାଂ ମନୋ ନିଧତ୍ତେ ଯୂଯମ୍ ଈଶ୍ୱରୀଯଲୋକା ନ ଭୱଥ ତନ୍ନିଦାନାତ୍ ତତ୍ର ନ ମନାଂସି ନିଧଦ୍ୱେ|
2b083000f1	ତଦା ଯିହୂଦୀଯାଃ ପ୍ରତ୍ୟୱାଦିଷୁଃ ତ୍ୱମେକଃ ଶୋମିରୋଣୀଯୋ ଭୂତଗ୍ରସ୍ତଶ୍ଚ ୱଯଂ କିମିଦଂ ଭଦ୍ରଂ ନାୱାଦିଷ୍ମ?
2b083100fc	ତତୋ ଯୀଶୁଃ ପ୍ରତ୍ୟୱାଦୀତ୍ ନାହଂ ଭୂତଗ୍ରସ୍ତଃ କିନ୍ତୁ ନିଜତାତଂ ସମ୍ମନ୍ୟେ ତସ୍ମାଦ୍ ଯୂଯଂ ମାମ୍ ଅପମନ୍ୟଧ୍ୱେ|
2b083200b2	ଅହଂ ସ୍ୱସୁଖ୍ୟାତିଂ ନ ଚେଷ୍ଟେ କିନ୍ତୁ ଚେଷ୍ଟିତା ୱିଚାରଯିତା ଚାପର ଏକ ଆସ୍ତେ|
2b083300e7	ଅହଂ ଯୁଷ୍ମଭ୍ୟମ୍ ଅତୀୱ ଯଥାର୍ଥଂ କଥଯାମି ଯୋ ନରୋ ମଦୀଯଂ ୱାଚଂ ମନ୍ୟତେ ସ କଦାଚନ ନିଧନଂ ନ ଦ୍ରକ୍ଷ୍ୟତି|
2b083401c4	ଯିହୂଦୀଯାସ୍ତମୱଦନ୍ ତ୍ୱଂ ଭୂତଗ୍ରସ୍ତ ଇତୀଦାନୀମ୍ ଅୱୈଷ୍ମ| ଇବ୍ରାହୀମ୍ ଭୱିଷ୍ୟଦ୍ୱାଦିନଞ୍ଚ ସର୍ୱ୍ୱେ ମୃତାଃ କିନ୍ତୁ ତ୍ୱଂ ଭାଷସେ ଯୋ ନରୋ ମମ ଭାରତୀଂ ଗୃହ୍ଲାତି ସ ଜାତୁ ନିଧାନାସ୍ୱାଦଂ ନ ଲପ୍ସ୍ୟତେ|
2b08350159	ତର୍ହି ତ୍ୱଂ କିମ୍ ଅସ୍ମାକଂ ପୂର୍ୱ୍ୱପୁରୁଷାଦ୍ ଇବ୍ରାହୀମୋପି ମହାନ୍? ଯସ୍ମାତ୍ ସୋପି ମୃତଃ ଭୱିଷ୍ୟଦ୍ୱାଦିନୋପି ମୃତାଃ ତ୍ୱଂ ସ୍ୱଂ କଂ ପୁମାଂସଂ ମନୁଷେ?
2b0836016d	ଯୀଶୁଃ ପ୍ରତ୍ୟୱୋଚଦ୍ ଯଦ୍ୟହଂ ସ୍ୱଂ ସ୍ୱଯଂ ସମ୍ମନ୍ୟେ ତର୍ହି ମମ ତତ୍ ସମ୍ମନନଂ କିମପି ନ କିନ୍ତୁ ମମ ତାତୋ ଯଂ ଯୂଯଂ ସ୍ୱୀଯମ୍ ଈଶ୍ୱରଂ ଭାଷଧ୍ୱେ ସଏୱ ମାଂ ସମ୍ମନୁତେ|
2b08370180	ଯୂଯଂ ତଂ ନାୱଗଚ୍ଛଥ କିନ୍ତ୍ୱହଂ ତମୱଗଚ୍ଛାମି ତଂ ନାୱଗଚ୍ଛାମୀତି ୱାକ୍ୟଂ ଯଦି ୱଦାମି ତର୍ହି ଯୂଯମିୱ ମୃଷାଭାଷୀ ଭୱାମି କିନ୍ତ୍ୱହଂ ତମୱଗଚ୍ଛାମି ତଦାକ୍ଷାମପି ଗୃହ୍ଲାମି|
2b083800ec	ଯୁଷ୍ମାକଂ ପୂର୍ୱ୍ୱପୁରୁଷ ଇବ୍ରାହୀମ୍ ମମ ସମଯଂ ଦ୍ରଷ୍ଟୁମ୍ ଅତୀୱାୱାଞ୍ଛତ୍ ତନ୍ନିରୀକ୍ଷ୍ୟାନନ୍ଦଚ୍ଚ|
2b083900d4	ତଦା ଯିହୂଦୀଯା ଅପୃଚ୍ଛନ୍ ତୱ ୱଯଃ ପଞ୍ଚାଶଦ୍ୱତ୍ସରା ନ ତ୍ୱଂ କିମ୍ ଇବ୍ରାହୀମମ୍ ଅଦ୍ରାକ୍ଷୀଃ?
2b083a00f9	ଯୀଶୁଃ ପ୍ରତ୍ୟୱାଦୀଦ୍ ଯୁଷ୍ମାନହଂ ଯଥାର୍ଥତରଂ ୱଦାମି ଇବ୍ରାହୀମୋ ଜନ୍ମନଃ ପୂର୍ୱ୍ୱକାଲମାରଭ୍ୟାହଂ ୱିଦ୍ୟେ|
2b083b0134	ତଦା ତେ ପାଷାଣାନ୍ ଉତ୍ତୋଲ୍ୟ ତମାହନ୍ତୁମ୍ ଉଦଯଚ୍ଛନ୍ କିନ୍ତୁ ଯୀଶୁ ର୍ଗୁପ୍ତୋ ମନ୍ତିରାଦ୍ ବହିର୍ଗତ୍ୟ ତେଷାଂ ମଧ୍ୟେନ ପ୍ରସ୍ଥିତୱାନ୍|
2b09010097	ତତଃ ପରଂ ଯୀଶୁର୍ଗଚ୍ଛନ୍ ମାର୍ଗମଧ୍ୟେ ଜନ୍ମାନ୍ଧଂ ନରମ୍ ଅପଶ୍ୟତ୍|
2b090200d6	ତତଃ ଶିଷ୍ୟାସ୍ତମ୍ ଅପୃଚ୍ଛନ୍ ହେ ଗୁରୋ ନରୋଯଂ ସ୍ୱପାପେନ ୱା ସ୍ୱପିତ୍ରାଃ ପାପେନାନ୍ଧୋଽଜାଯତ?
2b09030144	ତତଃ ସ ପ୍ରତ୍ୟୁଦିତୱାନ୍ ଏତସ୍ୟ ୱାସ୍ୟ ପିତ୍ରୋଃ ପାପାଦ୍ ଏତାଦୃଶୋଭୂଦ ଇତି ନହି କିନ୍ତ୍ୱନେନ ଯଥେଶ୍ୱରସ୍ୟ କର୍ମ୍ମ ପ୍ରକାଶ୍ୟତେ ତଦ୍ଧେତୋରେୱ|
2b09040100	ଦିନେ ତିଷ୍ଠତି ମତ୍ପ୍ରେରଯିତୁଃ କର୍ମ୍ମ ମଯା କର୍ତ୍ତୱ୍ୟଂ ଯଦା କିମପି କର୍ମ୍ମ ନ କ୍ରିଯତେ ତାଦୃଶୀ ନିଶାଗଚ୍ଛତି|
2b090500ac	ଅହଂ ଯାୱତ୍କାଲଂ ଜଗତି ତିଷ୍ଠାମି ତାୱତ୍କାଲଂ ଜଗତୋ ଜ୍ୟୋତିଃସ୍ୱରୂପୋସ୍ମି|
2b09060093	ଇତ୍ୟୁକ୍ତ୍ତା ଭୂମୌ ନିଷ୍ଠୀୱଂ ନିକ୍ଷିପ୍ୟ ତେନ ପଙ୍କଂ କୃତୱାନ୍
2b090701df	ପଶ୍ଚାତ୍ ତତ୍ପଙ୍କେନ ତସ୍ୟାନ୍ଧସ୍ୟ ନେତ୍ରେ ପ୍ରଲିପ୍ୟ ତମିତ୍ୟାଦିଶତ୍ ଗତ୍ୱା ଶିଲୋହେ ଽର୍ଥାତ୍ ପ୍ରେରିତନାମ୍ନି ସରସି ସ୍ନାହି| ତତୋନ୍ଧୋ ଗତ୍ୱା ତତ୍ରାସ୍ନାତ୍ ତତଃ ପ୍ରନ୍ନଚକ୍ଷୁ ର୍ଭୂତ୍ୱା ୱ୍ୟାଘୁଟ୍ୟାଗାତ୍|
2b09080160	ଅପରଞ୍ଚ ସମୀପୱାସିନୋ ଲୋକା ଯେ ଚ ତଂ ପୂର୍ୱ୍ୱମନ୍ଧମ୍ ଅପଶ୍ୟନ୍ ତେ ବକ୍ତ୍ତୁମ୍ ଆରଭନ୍ତ ଯୋନ୍ଧଲୋକୋ ୱର୍ତ୍ମନ୍ୟୁପୱିଶ୍ୟାଭିକ୍ଷତ ସ ଏୱାଯଂ ଜନଃ କିଂ ନ ଭୱତି?
2b090900c6	କେଚିଦୱଦନ୍ ସ ଏୱ କେଚିଦୱୋଚନ୍ ତାଦୃଶୋ ଭୱତି କିନ୍ତୁ ସ ସ୍ୱଯମବ୍ରୱୀତ୍ ସ ଏୱାହଂ ଭୱାମି|
2b090a0076	ଅତଏୱ ତେ ଽପୃଚ୍ଛନ୍ ତ୍ୱଂ କଥଂ ଦୃଷ୍ଟିଂ ପାପ୍ତୱାନ୍?
2b090b017d	ତତଃ ସୋୱଦଦ୍ ଯୀଶନାମକ ଏକୋ ଜନୋ ମମ ନଯନେ ପଙ୍କେନ ପ୍ରଲିପ୍ୟ ଇତ୍ୟାଜ୍ଞାପଯତ୍ ଶିଲୋହକାସାରଂ ଗତ୍ୱା ତତ୍ର ସ୍ନାହି| ତତସ୍ତତ୍ର ଗତ୍ୱା ମଯି ସ୍ନାତେ ଦୃଷ୍ଟିମହଂ ଲବ୍ଧୱାନ୍|
2b090c0088	ତଦା ତେ ଽୱଦନ୍ ସ ପୁମାନ୍ କୁତ୍ର? ତେନୋକ୍ତ୍ତଂ ନାହଂ ଜାନାମି|
2b090d0115	ଅପରଂ ତସ୍ମିନ୍ ପୂର୍ୱ୍ୱାନ୍ଧେ ଜନେ ଫିରୂଶିନାଂ ନିକଟମ୍ ଆନୀତେ ସତି ଫିରୂଶିନୋପି ତମପୃଚ୍ଛନ୍ କଥଂ ଦୃଷ୍ଟିଂ ପ୍ରାପ୍ତୋସି?
2b090e00bf	ତତଃ ସ କଥିତୱାନ୍ ସ ପଙ୍କେନ ମମ ନେତ୍ରେ ଽଲିମ୍ପତ୍ ପଶ୍ଚାଦ୍ ସ୍ନାତ୍ୱା ଦୃଷ୍ଟିମଲଭେ|
2b090f010e	କିନ୍ତୁ ଯୀଶୁ ର୍ୱିଶ୍ରାମୱାରେ କର୍ଦ୍ଦମଂ କୃତ୍ୱା ତସ୍ୟ ନଯନେ ପ୍ରସନ୍ନେଽକରୋଦ୍ ଇତିକାରଣାତ୍ କତିପଯଫିରୂଶିନୋଽୱଦନ୍
2b0910016a	ସ ପୁମାନ୍ ଈଶ୍ୱରାନ୍ନ ଯତଃ ସ ୱିଶ୍ରାମୱାରଂ ନ ମନ୍ୟତେ| ତତୋନ୍ୟେ କେଚିତ୍ ପ୍ରତ୍ୟୱଦନ୍ ପାପୀ ପୁମାନ୍ କିମ୍ ଏତାଦୃଶମ୍ ଆଶ୍ଚର୍ୟ୍ୟଂ କର୍ମ୍ମ କର୍ତ୍ତୁଂ ଶକ୍ନୋତି?
2b091101e6	ଇତ୍ଥଂ ତେଷାଂ ପରସ୍ପରଂ ଭିନ୍ନୱାକ୍ୟତ୍ୱମ୍ ଅଭୱତ୍| ପଶ୍ଚାତ୍ ତେ ପୁନରପି ତଂ ପୂର୍ୱ୍ୱାନ୍ଧଂ ମାନୁଷମ୍ ଅପ୍ରାକ୍ଷୁଃ ଯୋ ଜନସ୍ତୱ ଚକ୍ଷୁଷୀ ପ୍ରସନ୍ନେ କୃତୱାନ୍ ତସ୍ମିନ୍ ତ୍ୱଂ କିଂ ୱଦସି? ସ ଉକ୍ତ୍ତୱାନ୍ ସ ଭୱିଶଦ୍ୱାଦୀ|
2b09120118	ସ ଦୃଷ୍ଟିମ୍ ଆପ୍ତୱାନ୍ ଇତି ଯିହୂଦୀଯାସ୍ତସ୍ୟ ଦୃଷ୍ଟିଂ ପ୍ରାପ୍ତସ୍ୟ ଜନସ୍ୟ ପିତ୍ରୋ ର୍ମୁଖାଦ୍ ଅଶ୍ରୁତ୍ୱା ନ ପ୍ରତ୍ୟଯନ୍|
2b091300f9	ଅତଏୱ ତେ ତାୱପୃଚ୍ଛନ୍ ଯୁୱଯୋ ର୍ୟଂ ପୁତ୍ରଂ ଜନ୍ମାନ୍ଧଂ ୱଦଥଃ ସ କିମଯଂ? ତର୍ହୀଦାନୀଂ କଥଂ ଦ୍ରଷ୍ଟୁଂ ଶକ୍ନୋତି?
2b091400cf	ତତସ୍ତସ୍ୟ ପିତରୌ ପ୍ରତ୍ୟୱୋଚତାମ୍ ଅଯମ୍ ଆୱଯୋଃ ପୁତ୍ର ଆ ଜନେରନ୍ଧଶ୍ଚ ତଦପ୍ୟାୱାଂ ଜାନୀୱଃ
2b09150189	କିନ୍ତ୍ୱଧୁନା କଥଂ ଦୃଷ୍ଟିଂ ପ୍ରାପ୍ତୱାନ୍ ତଦାୱାଂ ନ୍ ଜାନୀୱଃ କୋସ୍ୟ ଚକ୍ଷୁଷୀ ପ୍ରସନ୍ନେ କୃତୱାନ୍ ତଦପି ନ ଜାନୀୱ ଏଷ ୱଯଃପ୍ରାପ୍ତ ଏନଂ ପୃଚ୍ଛତ ସ୍ୱକଥାଂ ସ୍ୱଯଂ ୱକ୍ଷ୍ୟତି|
2b091601ac	ଯିହୂଦୀଯାନାଂ ଭଯାତ୍ ତସ୍ୟ ପିତରୌ ୱାକ୍ୟମିଦମ୍ ଅୱଦତାଂ ଯତଃ କୋପି ମନୁଷ୍ୟୋ ଯଦି ଯୀଶୁମ୍ ଅଭିଷିକ୍ତଂ ୱଦତି ତର୍ହି ସ ଭଜନଗୃହାଦ୍ ଦୂରୀକାରିଷ୍ୟତେ ଯିହୂଦୀଯା ଇତି ମନ୍ତ୍ରଣାମ୍ ଅକୁର୍ୱ୍ୱନ୍
2b0917008b	ଅତସ୍ତସ୍ୟ ପିତରୌ ୱ୍ୟାହରତାମ୍ ଏଷ ୱଯଃପ୍ରାପ୍ତ ଏନଂ ପୃଚ୍ଛତ|
2b091800f9	ତଦା ତେ ପୁନଶ୍ଚ ତଂ ପୂର୍ୱ୍ୱାନ୍ଧମ୍ ଆହୂଯ ୱ୍ୟାହରନ୍ ଈଶ୍ୱରସ୍ୟ ଗୁଣାନ୍ ୱଦ ଏଷ ମନୁଷ୍ୟଃ ପାପୀତି ୱଯଂ ଜାନୀମଃ|
2b091900ed	ତଦା ସ ଉକ୍ତ୍ତୱାନ୍ ସ ପାପୀ ନ ୱେତି ନାହଂ ଜାନେ ପୂର୍ୱାମନ୍ଧ ଆସମହମ୍ ଅଧୁନା ପଶ୍ୟାମୀତି ମାତ୍ରଂ ଜାନାମି|
2b091a00b0	ତେ ପୁନରପୃଚ୍ଛନ୍ ସ ତ୍ୱାଂ ପ୍ରତି କିମକରୋତ୍? କଥଂ ନେତ୍ରେ ପ୍ରସନ୍ନେ ଽକରୋତ୍?
2b091b0120	ତତଃ ସୋୱାଦୀଦ୍ ଏକକୃତ୍ୱୋକଥଯଂ ଯୂଯଂ ନ ଶୃଣୁଥ ତର୍ହି କୁତଃ ପୁନଃ ଶ୍ରୋତୁମ୍ ଇଚ୍ଛଥ? ଯୂଯମପି କିଂ ତସ୍ୟ ଶିଷ୍ୟା ଭୱିତୁମ୍ ଇଚ୍ଛଥ?
2b091c00ad	ତଦା ତେ ତଂ ତିରସ୍କୃତ୍ୟ ୱ୍ୟାହରନ୍ ତ୍ୱଂ ତସ୍ୟ ଶିଷ୍ୟୋ ୱଯଂ ମୂସାଃ ଶିଷ୍ୟାଃ|
2b091d00bf	ମୂସାୱକ୍ତ୍ରେଣେଶ୍ୱରୋ ଜଗାଦ ତଜ୍ଜାନୀମଃ କିନ୍ତ୍ୱେଷ କୁତ୍ରତ୍ୟଲୋକ ଇତି ନ ଜାନୀମଃ|
2b091e00f3	ସୋୱଦଦ୍ ଏଷ ମମ ଲୋଚନେ ପ୍ରସନ୍ନେ ଽକରୋତ୍ ତଥାପି କୁତ୍ରତ୍ୟଲୋକ ଇତି ଯୂଯଂ ନ ଜାନୀଥ ଏତଦ୍ ଆଶ୍ଚର୍ୟ୍ୟଂ ଭୱତି|
2b091f0144	ଈଶ୍ୱରଃ ପାପିନାଂ କଥାଂ ନ ଶୃଣୋତି କିନ୍ତୁ ଯୋ ଜନସ୍ତସ୍ମିନ୍ ଭକ୍ତିଂ କୃତ୍ୱା ତଦିଷ୍ଟକ୍ରିଯାଂ କରୋତି ତସ୍ୟୈୱ କଥାଂ ଶୃଣୋତି ଏତଦ୍ ୱଯଂ ଜାନୀମଃ|
2b092000e9	କୋପି ମନୁଷ୍ୟୋ ଜନ୍ମାନ୍ଧାଯ ଚକ୍ଷୁଷୀ ଅଦଦାତ୍ ଜଗଦାରମ୍ଭାଦ୍ ଏତାଦୃଶୀଂ କଥାଂ କୋପି କଦାପି ନାଶୃଣୋତ୍|
2b092100e4	ଅସ୍ମାଦ୍ ଏଷ ମନୁଷ୍ୟୋ ଯଦୀଶ୍ୱରାନ୍ନାଜାଯତ ତର୍ହି କିଞ୍ଚିଦପୀଦୃଶଂ କର୍ମ୍ମ କର୍ତ୍ତୁଂ ନାଶକ୍ନୋତ୍|
2b092200e4	ତେ ୱ୍ୟାହରନ୍ ତ୍ୱଂ ପାପାଦ୍ ଅଜାଯଥାଃ କିମସ୍ମାନ୍ ତ୍ୱଂ ଶିକ୍ଷଯସି? ପଶ୍ଚାତ୍ତେ ତଂ ବହିରକୁର୍ୱ୍ୱନ୍|
2b0923014d	ତଦନନ୍ତରଂ ଯିହୂଦୀଯୈଃ ସ ବହିରକ୍ରିଯତ ଯୀଶୁରିତି ୱାର୍ତ୍ତାଂ ଶ୍ରୁତ୍ୱା ତଂ ସାକ୍ଷାତ୍ ପ୍ରାପ୍ୟ ପୃଷ୍ଟୱାନ୍ ଈଶ୍ୱରସ୍ୟ ପୁତ୍ରେ ତ୍ୱଂ ୱିଶ୍ୱସିଷି?
2b09240097	ତଦା ସ ପ୍ରତ୍ୟୱୋଚତ୍ ହେ ପ୍ରଭୋ ସ କୋ ଯତ୍ ତସ୍ମିନ୍ନହଂ ୱିଶ୍ୱସିମି?
2b092500b2	ତତୋ ଯୀଶୁଃ କଥିତୱାନ୍ ତ୍ୱଂ ତଂ ଦୃଷ୍ଟୱାନ୍ ତ୍ୱଯା ସାକଂ ଯଃ କଥଂ କଥଯତି ସଏୱ ସଃ|
2b0926007f	ତଦା ହେ ପ୍ରଭୋ ୱିଶ୍ୱସିମୀତ୍ୟୁକ୍ତ୍ୱା ସ ତଂ ପ୍ରଣାମତ୍|
2b09270121	ପଶ୍ଚାଦ୍ ଯୀଶୁଃ କଥିତୱାନ୍ ନଯନହୀନା ନଯନାନି ପ୍ରାପ୍ନୁୱନ୍ତି ନଯନୱନ୍ତଶ୍ଚାନ୍ଧା ଭୱନ୍ତୀତ୍ୟଭିପ୍ରାଯେଣ ଜଗଦାହମ୍ ଆଗଚ୍ଛମ୍|
2b092800b3	ଏତତ୍ ଶ୍ରୁତ୍ୱା ନିକଟସ୍ଥାଃ କତିପଯାଃ ଫିରୂଶିନୋ ୱ୍ୟାହରନ୍ ୱଯମପି କିମନ୍ଧାଃ?
2b0929012a	ତଦା ଯୀଶୁରୱାଦୀଦ୍ ଯଦ୍ୟନ୍ଧା ଅଭୱତ ତର୍ହି ପାପାନି ନାତିଷ୍ଠନ୍ କିନ୍ତୁ ପଶ୍ୟାମୀତି ୱାକ୍ୟୱଦନାଦ୍ ଯୁଷ୍ମାକଂ ପାପାନି ତିଷ୍ଠନ୍ତି|
2b0a01011b	ଅହଂ ଯୁଷ୍ମାନତିଯଥାର୍ଥଂ ୱଦାମି, ଯୋ ଜନୋ ଦ୍ୱାରେଣ ନ ପ୍ରୱିଶ୍ୟ କେନାପ୍ୟନ୍ୟେନ ମେଷଗୃହଂ ପ୍ରୱିଶତି ସ ଏୱ ସ୍ତେନୋ ଦସ୍ୟୁଶ୍ଚ|
2b0a02005a	ଯୋ ଦ୍ୱାରେଣ ପ୍ରୱିଶତି ସ ଏୱ ମେଷପାଲକଃ|
2b0a030122	ଦୌୱାରିକସ୍ତସ୍ମୈ ଦ୍ୱାରଂ ମୋଚଯତି ମେଷଗଣଶ୍ଚ ତସ୍ୟ ୱାକ୍ୟଂ ଶୃଣୋତି ସ ନିଜାନ୍ ମେଷାନ୍ ସ୍ୱସ୍ୱନାମ୍ନାହୂଯ ବହିଃ କୃତ୍ୱା ନଯତି|
2b0a04013f	ତଥା ନିଜାନ୍ ମେଷାନ୍ ବହିଃ କୃତ୍ୱା ସ୍ୱଯଂ ତେଷାମ୍ ଅଗ୍ରେ ଗଚ୍ଛତି, ତତୋ ମେଷାସ୍ତସ୍ୟ ଶବ୍ଦଂ ବୁଧ୍ୟନ୍ତେ, ତସ୍ମାତ୍ ତସ୍ୟ ପଶ୍ଚାଦ୍ ୱ୍ରଜନ୍ତି|
2b0a050103	କିନ୍ତୁ ପରସ୍ୟ ଶବ୍ଦଂ ନ ବୁଧ୍ୟନ୍ତେ ତସ୍ମାତ୍ ତସ୍ୟ ପଶ୍ଚାଦ୍ ୱ୍ରଜିଷ୍ୟନ୍ତି ୱରଂ ତସ୍ୟ ସମୀପାତ୍ ପଲାଯିଷ୍ୟନ୍ତେ|
2b0a0600f3	ଯୀଶୁସ୍ତେଭ୍ୟ ଇମାଂ ଦୃଷ୍ଟାନ୍ତକଥାମ୍ ଅକଥଯତ୍ କିନ୍ତୁ ତେନ କଥିତକଥାଯାସ୍ତାତ୍ପର୍ୟ୍ୟଂ ତେ ନାବୁଧ୍ୟନ୍ତ|
2b0a0700d1	ଅତୋ ଯୀଶୁଃ ପୁନରକଥଯତ୍, ଯୁଷ୍ମାନାହଂ ଯଥାର୍ଥତରଂ ୱ୍ୟାହରାମି, ମେଷଗୃହସ୍ୟ ଦ୍ୱାରମ୍ ଅହମେୱ|
2b0a0800cf	ମଯା ନ ପ୍ରୱିଶ୍ୟ ଯ ଆଗଚ୍ଛନ୍ ତେ ସ୍ତେନା ଦସ୍ୟୱଶ୍ଚ କିନ୍ତୁ ମେଷାସ୍ତେଷାଂ କଥା ନାଶୃଣ୍ୱନ୍|
2b0a09013f	ଅହମେୱ ଦ୍ୱାରସ୍ୱରୂପଃ, ମଯା ଯଃ କଶ୍ଚିତ ପ୍ରୱିଶତି ସ ରକ୍ଷାଂ ପ୍ରାପ୍ସ୍ୟତି ତଥା ବହିରନ୍ତଶ୍ଚ ଗମନାଗମନେ କୃତ୍ୱା ଚରଣସ୍ଥାନଂ ପ୍ରାପ୍ସ୍ୟତି|
2b0a0a0147	ଯୋ ଜନସ୍ତେନଃ ସ କେୱଲଂ ସ୍ତୈନ୍ୟବଧୱିନାଶାନ୍ କର୍ତ୍ତୁମେୱ ସମାଯାତି କିନ୍ତ୍ୱହମ୍ ଆଯୁ ର୍ଦାତୁମ୍ ଅର୍ଥାତ୍ ବାହୂଲ୍ୟେନ ତଦେୱ ଦାତୁମ୍ ଆଗଚ୍ଛମ୍|
2b0a0b00bd	ଅହମେୱ ସତ୍ୟମେଷପାଲକୋ ଯସ୍ତୁ ସତ୍ୟୋ ମେଷପାଲକଃ ସ ମେଷାର୍ଥଂ ପ୍ରାଣତ୍ୟାଗଂ କରୋତି;
2b0a0c01b2	କିନ୍ତୁ ଯୋ ଜନୋ ମେଷପାଲକୋ ନ, ଅର୍ଥାଦ୍ ଯସ୍ୟ ମେଷା ନିଜା ନ ଭୱନ୍ତି, ଯ ଏତାଦୃଶୋ ୱୈତନିକଃ ସ ୱୃକମ୍ ଆଗଚ୍ଛନ୍ତଂ ଦୃଷ୍ଟ୍ୱା ମେଜୱ୍ରଜଂ ୱିହାଯ ପଲାଯତେ, ତସ୍ମାଦ୍ ୱୃକସ୍ତଂ ୱ୍ରଜଂ ଧୃତ୍ୱା ୱିକିରତି|
2b0a0d0089	ୱୈତନିକଃ ପଲାଯତେ ଯତଃ ସ ୱେତନାର୍ଥୀ ମେଷାର୍ଥଂ ନ ଚିନ୍ତଯତି|
2b0a0e00ac	ଅହମେୱ ସତ୍ୟୋ ମେଷପାଲକଃ, ପିତା ମାଂ ଯଥା ଜାନାତି, ଅହଞ୍ଚ ଯଥା ପିତରଂ ଜାନାମି,
2b0a0f00dc	ତଥା ନିଜାନ୍ ମେଷାନପି ଜାନାମି, ମେଷାଶ୍ଚ ମାଂ ଜାନାନ୍ତି, ଅହଞ୍ଚ ମେଷାର୍ଥଂ ପ୍ରାଣତ୍ୟାଗଂ କରୋମି|
2b0a100152	ଅପରଞ୍ଚ ଏତଦ୍ ଗୃହୀଯ ମେଷେଭ୍ୟୋ ଭିନ୍ନା ଅପି ମେଷା ମମ ସନ୍ତି ତେ ସକଲା ଆନଯିତୱ୍ୟାଃ; ତେ ମମ ଶବ୍ଦଂ ଶ୍ରୋଷ୍ୟନ୍ତି ତତ ଏକୋ ୱ୍ରଜ ଏକୋ ରକ୍ଷକୋ ଭୱିଷ୍ୟତି|
2b0a1100d1	ପ୍ରାଣାନହଂ ତ୍ୟକ୍ତ୍ୱା ପୁନଃ ପ୍ରାଣାନ୍ ଗ୍ରହୀଷ୍ୟାମି, ତସ୍ମାତ୍ ପିତା ମଯି ସ୍ନେହଂ କରୋତି|
2b0a1201a2	କଶ୍ଚିଜ୍ଜନୋ ମମ ପ୍ରାଣାନ୍ ହନ୍ତୁଂ ନ ଶକ୍ନୋତି କିନ୍ତୁ ସ୍ୱଯଂ ତାନ୍ ସମର୍ପଯାମି ତାନ୍ ସମର୍ପଯିତୁଂ ପୁନର୍ଗ୍ରହୀତୁଞ୍ଚ ମମ ଶକ୍ତିରାସ୍ତେ ଭାରମିମଂ ସ୍ୱପିତୁଃ ସକାଶାତ୍ ପ୍ରାପ୍ତୋହମ୍|
2b0a1300a2	ଅସ୍ମାଦୁପଦେଶାତ୍ ପୁନଶ୍ଚ ଯିହୂଦୀଯାନାଂ ମଧ୍ୟେ ଭିନ୍ନୱାକ୍ୟତା ଜାତା|
2b0a1400aa	ତତୋ ବହୱୋ ୱ୍ୟାହରନ୍ ଏଷ ଭୂତଗ୍ରସ୍ତ ଉନ୍ମତ୍ତଶ୍ଚ, କୁତ ଏତସ୍ୟ କଥାଂ ଶୃଣୁଥ?
2b0a1500f5	କେଚିଦ୍ ଅୱଦନ୍ ଏତସ୍ୟ କଥା ଭୂତଗ୍ରସ୍ତସ୍ୟ କଥାୱନ୍ନ ଭୱନ୍ତି, ଭୂତଃ କିମ୍ ଅନ୍ଧାଯ ଚକ୍ଷୁଷୀ ଦାତୁଂ ଶକ୍ନୋତି?
2b0a16008c	ଶୀତକାଲେ ଯିରୂଶାଲମି ମନ୍ଦିରୋତ୍ସର୍ଗପର୍ୱ୍ୱଣ୍ୟୁପସ୍ଥିତେ
2b0a17006b	ଯୀଶୁଃ ସୁଲେମାନୋ ନିଃସାରେଣ ଗମନାଗମନେ କରୋତି,
2b0a18016d	ଏତସ୍ମିନ୍ ସମଯେ ଯିହୂଦୀଯାସ୍ତଂ ୱେଷ୍ଟଯିତ୍ୱା ୱ୍ୟାହରନ୍ କତି କାଲାନ୍ ଅସ୍ମାକଂ ୱିଚିକିତ୍ସାଂ ସ୍ଥାପଯିଷ୍ୟାମି? ଯଦ୍ୟଭିଷିକ୍ତୋ ଭୱତି ତର୍ହି ତତ୍ ସ୍ପଷ୍ଟଂ ୱଦ|
2b0a190143	ତଦା ଯୀଶୁଃ ପ୍ରତ୍ୟୱଦଦ୍ ଅହମ୍ ଅଚକଥଂ କିନ୍ତୁ ଯୂଯଂ ନ ପ୍ରତୀଥ, ନିଜପିତୁ ର୍ନାମ୍ନା ଯାଂ ଯାଂ କ୍ରିଯାଂ କରୋମି ସା କ୍ରିଯୈୱ ମମ ସାକ୍ଷିସ୍ୱରୂପା|
2b0a1a00b3	କିନ୍ତ୍ୱହଂ ପୂର୍ୱ୍ୱମକଥଯଂ ଯୂଯଂ ମମ ମେଷା ନ ଭୱଥ, କାରଣାଦସ୍ମାନ୍ ନ ୱିଶ୍ୱସିଥ|
2b0a1b00ab	ମମ ମେଷା ମମ ଶବ୍ଦଂ ଶୃଣ୍ୱନ୍ତି ତାନହଂ ଜାନାମି ତେ ଚ ମମ ପଶ୍ଚାଦ୍ ଗଚ୍ଛନ୍ତି|
2b0a1c00f0	ଅହଂ ତେଭ୍ୟୋଽନନ୍ତାଯୁ ର୍ଦଦାମି, ତେ କଦାପି ନ ନଂକ୍ଷ୍ୟନ୍ତି କୋପି ମମ କରାତ୍ ତାନ୍ ହର୍ତ୍ତୁଂ ନ ଶକ୍ଷ୍ୟତି|
2b0a1d0102	ଯୋ ମମ ପିତା ତାନ୍ ମହ୍ୟଂ ଦତ୍ତୱାନ୍ ସ ସର୍ୱ୍ୱସ୍ମାତ୍ ମହାନ୍, କୋପି ମମ ପିତୁଃ କରାତ୍ ତାନ୍ ହର୍ତ୍ତୁଂ ନ ଶକ୍ଷ୍ୟତି|
2b0a1e0043	ଅହଂ ପିତା ଚ ଦ୍ୱଯୋରେକତ୍ୱମ୍|
2b0a1f0085	ତତୋ ଯିହୂଦୀଯାଃ ପୁନରପି ତଂ ହନ୍ତୁଂ ପାଷାଣାନ୍ ଉଦତୋଲଯନ୍|
2b0a200165	ଯୀଶୁଃ କଥିତୱାନ୍ ପିତୁଃ ସକାଶାଦ୍ ବହୂନ୍ୟୁତ୍ତମକର୍ମ୍ମାଣି ଯୁଷ୍ମାକଂ ପ୍ରାକାଶଯଂ ତେଷାଂ କସ୍ୟ କର୍ମ୍ମଣଃ କାରଣାନ୍ ମାଂ ପାଷାଣୈରାହନ୍ତୁମ୍ ଉଦ୍ୟତାଃ ସ୍ଥ?
2b0a210166	ଯିହୂଦୀଯାଃ ପ୍ରତ୍ୟୱଦନ୍ ପ୍ରଶସ୍ତକର୍ମ୍ମହେତୋ ର୍ନ କିନ୍ତୁ ତ୍ୱଂ ମାନୁଷଃ ସ୍ୱମୀଶ୍ୱରମ୍ ଉକ୍ତ୍ୱେଶ୍ୱରଂ ନିନ୍ଦସି କାରଣାଦସ୍ମାତ୍ ତ୍ୱାଂ ପାଷାଣୈର୍ହନ୍ମଃ|
2b0a2200fd	ତଦା ଯୀଶୁଃ ପ୍ରତ୍ୟୁକ୍ତୱାନ୍ ମଯା କଥିତଂ ଯୂଯମ୍ ଈଶ୍ୱରା ଏତଦ୍ୱଚନଂ ଯୁଷ୍ମାକଂ ଶାସ୍ତ୍ରେ ଲିଖିତଂ ନାସ୍ତି କିଂ?
2b0a230121	ତସ୍ମାଦ୍ ଯେଷାମ୍ ଉଦ୍ଦେଶେ ଈଶ୍ୱରସ୍ୟ କଥା କଥିତା ତେ ଯଦୀଶ୍ୱରଗଣା ଉଚ୍ୟନ୍ତେ ଧର୍ମ୍ମଗ୍ରନ୍ଥସ୍ୟାପ୍ୟନ୍ୟଥା ଭୱିତୁଂ ନ ଶକ୍ୟଂ,
2b0a240137	ତର୍ହ୍ୟାହମ୍ ଈଶ୍ୱରସ୍ୟ ପୁତ୍ର ଇତି ୱାକ୍ୟସ୍ୟ କଥନାତ୍ ଯୂଯଂ ପିତ୍ରାଭିଷିକ୍ତଂ ଜଗତି ପ୍ରେରିତଞ୍ଚ ପୁମାଂସଂ କଥମ୍ ଈଶ୍ୱରନିନ୍ଦକଂ ୱାଦଯ?
2b0a25007b	ଯଦ୍ୟହଂ ପିତୁଃ କର୍ମ୍ମ ନ କରୋମି ତର୍ହି ମାଂ ନ ପ୍ରତୀତ;
2b0a26018c	କିନ୍ତୁ ଯଦି କରୋମି ତର୍ହି ମଯି ଯୁଷ୍ମାଭିଃ ପ୍ରତ୍ୟଯେ ନ କୃତେଽପି କାର୍ୟ୍ୟେ ପ୍ରତ୍ୟଯଃ କ୍ରିଯତାଂ, ତତୋ ମଯି ପିତାସ୍ତୀତି ପିତର୍ୟ୍ୟହମ୍ ଅସ୍ମୀତି ଚ କ୍ଷାତ୍ୱା ୱିଶ୍ୱସିଷ୍ୟଥ|
2b0a2700c1	ତଦା ତେ ପୁନରପି ତଂ ଧର୍ତ୍ତୁମ୍ ଅଚେଷ୍ଟନ୍ତ କିନ୍ତୁ ସ ତେଷାଂ କରେଭ୍ୟୋ ନିସ୍ତୀର୍ୟ୍ୟ
2b0a2800c9	ପୁନ ର୍ୟର୍ଦ୍ଦନ୍ ଅଦ୍ୟାସ୍ତଟେ ଯତ୍ର ପୁର୍ୱ୍ୱଂ ଯୋହନ୍ ଅମଜ୍ଜଯତ୍ ତତ୍ରାଗତ୍ୟ ନ୍ୟୱସତ୍|
2b0a290177	ତତୋ ବହୱୋ ଲୋକାସ୍ତତ୍ସମୀପମ୍ ଆଗତ୍ୟ ୱ୍ୟାହରନ୍ ଯୋହନ୍ କିମପ୍ୟାଶ୍ଚର୍ୟ୍ୟଂ କର୍ମ୍ମ ନାକରୋତ୍ କିନ୍ତ୍ୱସ୍ମିନ୍ ମନୁଷ୍ୟେ ଯା ଯଃ କଥା ଅକଥଯତ୍ ତାଃ ସର୍ୱ୍ୱାଃ ସତ୍ୟାଃ;
2b0a2a0062	ତତ୍ର ଚ ବହୱୋ ଲୋକାସ୍ତସ୍ମିନ୍ ୱ୍ୟଶ୍ୱସନ୍|
2b0b010120	ଅନନ୍ତରଂ ମରିଯମ୍ ତସ୍ୟା ଭଗିନୀ ମର୍ଥା ଚ ଯସ୍ମିନ୍ ୱୈଥନୀଯାଗ୍ରାମେ ୱସତସ୍ତସ୍ମିନ୍ ଗ୍ରାମେ ଇଲିଯାସର୍ ନାମା ପୀଡିତ ଏକ ଆସୀତ୍|
2b0b020115	ଯା ମରିଯମ୍ ପ୍ରଭୁଂ ସୁଗନ୍ଧିତେଲୈନ ମର୍ଦ୍ଦଯିତ୍ୱା ସ୍ୱକେଶୈସ୍ତସ୍ୟ ଚରଣୌ ସମମାର୍ଜତ୍ ତସ୍ୟା ଭ୍ରାତା ସ ଇଲିଯାସର୍ ରୋଗୀ|
2b0b030104	ଅପରଞ୍ଚ ହେ ପ୍ରଭୋ ଭୱାନ୍ ଯସ୍ମିନ୍ ପ୍ରୀଯତେ ସ ଏୱ ପୀଡିତୋସ୍ତୀତି କଥାଂ କଥଯିତ୍ୱା ତସ୍ୟ ଭଗିନ୍ୟୌ ପ୍ରେଷିତୱତ୍ୟୌ|
2b0b04014d	ତଦା ଯୀଶୁରିମାଂ ୱାର୍ତ୍ତାଂ ଶ୍ରୁତ୍ୱାକଥଯତ ପୀଡେଯଂ ମରଣାର୍ଥଂ ନ କିନ୍ତ୍ୱୀଶ୍ୱରସ୍ୟ ମହିମାର୍ଥମ୍ ଈଶ୍ୱରପୁତ୍ରସ୍ୟ ମହିମପ୍ରକାଶାର୍ଥଞ୍ଚ ଜାତା|
2b0b050095	ଯୀଶୁ ର୍ୟଦ୍ୟପିମର୍ଥାଯାଂ ତଦ୍ଭଗିନ୍ୟାମ୍ ଇଲିଯାସରି ଚାପ୍ରୀଯତ,
2b0b0600c0	ତଥାପି ଇଲିଯାସରଃ ପୀଡାଯାଃ କଥଂ ଶ୍ରୁତ୍ୱା ଯତ୍ର ଆସୀତ୍ ତତ୍ରୈୱ ଦିନଦ୍ୱଯମତିଷ୍ଠତ୍|
2b0b070092	ତତଃ ପରମ୍ ସ ଶିଷ୍ୟାନକଥଯଦ୍ ୱଯଂ ପୁନ ର୍ୟିହୂଦୀଯପ୍ରଦେଶଂ ଯାମଃ|
2b0b08013d	ତତସ୍ତେ ପ୍ରତ୍ୟୱଦନ୍, ହେ ଗୁରୋ ସ୍ୱଲ୍ପଦିନାନି ଗତାନି ଯିହୂଦୀଯାସ୍ତ୍ୱାଂ ପାଷାଣୈ ର୍ହନ୍ତୁମ୍ ଉଦ୍ୟତାସ୍ତଥାପି କିଂ ପୁନସ୍ତତ୍ର ଯାସ୍ୟସି?
2b0b09013a	ଯୀଶୁଃ ପ୍ରତ୍ୟୱଦତ୍, ଏକସ୍ମିନ୍ ଦିନେ କିଂ ଦ୍ୱାଦଶଘଟିକା ନ ଭୱନ୍ତି? କୋପି ଦିୱା ଗଚ୍ଛନ୍ ନ ସ୍ଖଲତି ଯତଃ ସ ଏତଜ୍ଜଗତୋ ଦୀପ୍ତିଂ ପ୍ରାପ୍ନୋତି|
2b0b0a00a1	କିନ୍ତୁ ରାତ୍ରୌ ଗଚ୍ଛନ୍ ସ୍ଖଲତି ଯତୋ ହେତୋସ୍ତତ୍ର ଦୀପ୍ତି ର୍ନାସ୍ତି|
2b0b0b011a	ଇମାଂ କଥାଂ କଥଯିତ୍ୱା ସ ତାନୱଦଦ୍, ଅସ୍ମାକଂ ବନ୍ଧୁଃ ଇଲିଯାସର୍ ନିଦ୍ରିତୋଭୂଦ୍ ଇଦାନୀଂ ତଂ ନିଦ୍ରାତୋ ଜାଗରଯିତୁଂ ଗଚ୍ଛାମି|
2b0b0c0108	ଯୀଶୁ ର୍ମୃତୌ କଥାମିମାଂ କଥିତୱାନ୍ କିନ୍ତୁ ୱିଶ୍ରାମାର୍ଥଂ ନିଦ୍ରାଯାଂ କଥିତୱାନ୍ ଇତି ଜ୍ଞାତ୍ୱା ଶିଷ୍ୟା ଅକଥଯନ୍,
2b0b0d0061	ହେ ଗୁରୋ ସ ଯଦି ନିଦ୍ରାତି ତର୍ହି ଭଦ୍ରମେୱ|
2b0b0e0086	ତଦା ଯୀଶୁଃ ସ୍ପଷ୍ଟଂ ତାନ୍ ୱ୍ୟାହରତ୍, ଇଲିଯାସର୍ ଅମ୍ରିଯତ;
2b0b0f012d	କିନ୍ତୁ ଯୂଯଂ ଯଥା ପ୍ରତୀଥ ତଦର୍ଥମହଂ ତତ୍ର ନ ସ୍ଥିତୱାନ୍ ଇତ୍ୟସ୍ମାଦ୍ ଯୁଷ୍ମନ୍ନିମିତ୍ତମ୍ ଆହ୍ଲାଦିତୋହଂ, ତଥାପି ତସ୍ୟ ସମୀପେ ଯାମ|
2b0b1000e6	ତଦା ଥୋମା ଯଂ ଦିଦୁମଂ ୱଦନ୍ତି ସ ସଙ୍ଗିନଃ ଶିଷ୍ୟାନ୍ ଅୱଦଦ୍ ୱଯମପି ଗତ୍ୱା ତେନ ସାର୍ଦ୍ଧଂ ମ୍ରିଯାମହୈ|
2b0b1100f6	ଯୀଶୁସ୍ତତ୍ରୋପସ୍ଥାଯ ଇଲିଯାସରଃ ଶ୍ମଶାନେ ସ୍ଥାପନାତ୍ ଚତ୍ୱାରି ଦିନାନି ଗତାନୀତି ୱାର୍ତ୍ତାଂ ଶ୍ରୁତୱାନ୍|
2b0b120088	ୱୈଥନୀଯା ଯିରୂଶାଲମଃ ସମୀପସ୍ଥା କ୍ରୋଶୈକମାତ୍ରାନ୍ତରିତା;
2b0b1300f4	ତସ୍ମାଦ୍ ବହୱୋ ଯିହୂଦୀଯା ମର୍ଥାଂ ମରିଯମଞ୍ଚ ଭ୍ୟାତୃଶୋକାପନ୍ନାଂ ସାନ୍ତ୍ୱଯିତୁଂ ତଯୋଃ ସମୀପମ୍ ଆଗଚ୍ଛନ୍|
2b0b1400e9	ମର୍ଥା ଯୀଶୋରାଗମନୱାର୍ତାଂ ଶ୍ରୁତ୍ୱୈୱ ତଂ ସାକ୍ଷାଦ୍ ଅକରୋତ୍ କିନ୍ତୁ ମରିଯମ୍ ଗେହ ଉପୱିଶ୍ୟ ସ୍ଥିତା|
2b0b1500df	ତଦା ମର୍ଥା ଯୀଶୁମୱାଦତ୍, ହେ ପ୍ରଭୋ ଯଦି ଭୱାନ୍ ଅତ୍ରାସ୍ଥାସ୍ୟତ୍ ତର୍ହି ମମ ଭ୍ରାତା ନାମରିଷ୍ୟତ୍|
2b0b1600c7	କିନ୍ତ୍ୱିଦାନୀମପି ଯଦ୍ ଈଶ୍ୱରେ ପ୍ରାର୍ଥଯିଷ୍ୟତେ ଈଶ୍ୱରସ୍ତଦ୍ ଦାସ୍ୟତୀତି ଜାନେଽହଂ|
2b0b170061	ଯୀଶୁରୱାଦୀତ୍ ତୱ ଭ୍ରାତା ସମୁତ୍ଥାସ୍ୟତି|
2b0b1800a9	ମର୍ଥା ୱ୍ୟାହରତ୍ ଶେଷଦିୱସେ ସ ଉତ୍ଥାନସମଯେ ପ୍ରୋତ୍ଥାସ୍ୟତୀତି ଜାନେଽହଂ|
2b0b1900f2	ତଦା ଯୀଶୁଃ କଥିତୱାନ୍ ଅହମେୱ ଉତ୍ଥାପଯିତା ଜୀୱଯିତା ଚ ଯଃ କଶ୍ଚନ ମଯି ୱିଶ୍ୱସିତି ସ ମୃତ୍ୱାପି ଜୀୱିଷ୍ୟତି;
2b0b1a00cf	ଯଃ କଶ୍ଚନ ଚ ଜୀୱନ୍ ମଯି ୱିଶ୍ୱସିତି ସ କଦାପି ନ ମରିଷ୍ୟତି, ଅସ୍ୟାଂ କଥାଯାଂ କିଂ ୱିଶ୍ୱସିଷି?
2b0b1b00dd	ସାୱଦତ୍ ପ୍ରଭୋ ଯସ୍ୟାୱତରଣାପେକ୍ଷାସ୍ତି ଭୱାନ୍ ସଏୱାଭିଷିକ୍ତ୍ତ ଈଶ୍ୱରପୁତ୍ର ଇତି ୱିଶ୍ୱସିମି|
2b0b1c0106	ଇତି କଥାଂ କଥଯିତ୍ୱା ସା ଗତ୍ୱା ସ୍ୱାଂ ଭଗିନୀଂ ମରିଯମଂ ଗୁପ୍ତମାହୂଯ ୱ୍ୟାହରତ୍ ଗୁରୁରୁପତିଷ୍ଠତି ତ୍ୱାମାହୂଯତି ଚ|
2b0b1d0098	କଥାମିମାଂ ଶ୍ରୁତ୍ୱା ସା ତୂର୍ଣମ୍ ଉତ୍ଥାଯ ତସ୍ୟ ସମୀପମ୍ ଅଗଚ୍ଛତ୍|
2b0b1e00c8	ଯୀଶୁ ର୍ଗ୍ରାମମଧ୍ୟଂ ନ ପ୍ରୱିଶ୍ୟ ଯତ୍ର ମର୍ଥା ତଂ ସାକ୍ଷାଦ୍ ଅକରୋତ୍ ତତ୍ର ସ୍ଥିତୱାନ୍|
2b0b1f01c9	ଯେ ଯିହୂଦୀଯା ମରିଯମା ସାକଂ ଗୃହେ ତିଷ୍ଠନ୍ତସ୍ତାମ୍ ଅସାନ୍ତ୍ୱଯନ ତେ ତାଂ କ୍ଷିପ୍ରମ୍ ଉତ୍ଥାଯ ଗଚ୍ଛନ୍ତିଂ ୱିଲୋକ୍ୟ ୱ୍ୟାହରନ୍, ସ ଶ୍ମଶାନେ ରୋଦିତୁଂ ଯାତି, ଇତ୍ୟୁକ୍ତ୍ୱା ତେ ତସ୍ୟାଃ ପଶ୍ଚାଦ୍ ଅଗଚ୍ଛନ୍|
2b0b20017c	ଯତ୍ର ଯୀଶୁରତିଷ୍ଠତ୍ ତତ୍ର ମରିଯମ୍ ଉପସ୍ଥାଯ ତଂ ଦୃଷ୍ଟ୍ୱା ତସ୍ୟ ଚରଣଯୋଃ ପତିତ୍ୱା ୱ୍ୟାହରତ୍ ହେ ପ୍ରଭୋ ଯଦି ଭୱାନ୍ ଅତ୍ରାସ୍ଥାସ୍ୟତ୍ ତର୍ହି ମମ ଭ୍ରାତା ନାମରିଷ୍ୟତ୍|
2b0b21012d	ଯୀଶୁସ୍ତାଂ ତସ୍ୟାଃ ସଙ୍ଗିନୋ ଯିହୂଦୀଯାଂଶ୍ଚ ରୁଦତୋ ୱିଲୋକ୍ୟ ଶୋକାର୍ତ୍ତଃ ସନ୍ ଦୀର୍ଘଂ ନିଶ୍ୱସ୍ୟ କଥିତୱାନ୍ ତଂ କୁତ୍ରାସ୍ଥାପଯତ?
2b0b22006b	ତେ ୱ୍ୟାହରନ୍, ହେ ପ୍ରଭୋ ଭୱାନ୍ ଆଗତ୍ୟ ପଶ୍ୟତୁ|
2b0b23002f	ଯୀଶୁନା କ୍ରନ୍ଦିତଂ|
2b0b24008f	ଅତଏୱ ଯିହୂଦୀଯା ଅୱଦନ୍, ପଶ୍ୟତାଯଂ ତସ୍ମିନ୍ କିଦୃଗ୍ ଅପ୍ରିଯତ|
2b0b2500e7	ତେଷାଂ କେଚିଦ୍ ଅୱଦନ୍ ଯୋନ୍ଧାଯ ଚକ୍ଷୁଷୀ ଦତ୍ତୱାନ୍ ସ କିମ୍ ଅସ୍ୟ ମୃତ୍ୟୁଂ ନିୱାରଯିତୁଂ ନାଶକ୍ନୋତ୍?
2b0b260120	ତତୋ ଯୀଶୁଃ ପୁନରନ୍ତର୍ଦୀର୍ଘଂ ନିଶ୍ୱସ୍ୟ ଶ୍ମଶାନାନ୍ତିକମ୍ ଅଗଚ୍ଛତ୍| ତତ୍ ଶ୍ମଶାନମ୍ ଏକଂ ଗହ୍ୱରଂ ତନ୍ମୁଖେ ପାଷାଣ ଏକ ଆସୀତ୍|
2b0b270173	ତଦା ଯୀଶୁରୱଦଦ୍ ଏନଂ ପାଷାଣମ୍ ଅପସାରଯତ, ତତଃ ପ୍ରମୀତସ୍ୟ ଭଗିନୀ ମର୍ଥାୱଦତ୍ ପ୍ରଭୋ, ଅଧୁନା ତତ୍ର ଦୁର୍ଗନ୍ଧୋ ଜାତଃ, ଯତୋଦ୍ୟ ଚତ୍ୱାରି ଦିନାନି ଶ୍ମଶାନେ ସ ତିଷ୍ଠତି|
2b0b280102	ତଦା ଯୀଶୁରୱାଦୀତ୍, ଯଦି ୱିଶ୍ୱସିଷି ତର୍ହୀଶ୍ୱରସ୍ୟ ମହିମପ୍ରକାଶଂ ଦ୍ରକ୍ଷ୍ୟସି କଥାମିମାଂ କିଂ ତୁଭ୍ୟଂ ନାକଥଯଂ?
2b0b290155	ତଦା ମୃତସ୍ୟ ଶ୍ମଶାନାତ୍ ପାଷାଣୋଽପସାରିତେ ଯୀଶୁରୂର୍ଦ୍ୱ୍ୱଂ ପଶ୍ୟନ୍ ଅକଥଯତ୍, ହେ ପିତ ର୍ମମ ନେୱେସନମ୍ ଅଶୃଣୋଃ କାରଣାଦସ୍ମାତ୍ ତ୍ୱାଂ ଧନ୍ୟଂ ୱଦାମି|
2b0b2a015e	ତ୍ୱଂ ସତତଂ ଶୃଣୋଷି ତଦପ୍ୟହଂ ଜାନାମି, କିନ୍ତୁ ତ୍ୱଂ ମାଂ ଯତ୍ ପ୍ରୈରଯସ୍ତଦ୍ ଯଥାସ୍ମିନ୍ ସ୍ଥାନେ ସ୍ଥିତା ଲୋକା ୱିଶ୍ୱସନ୍ତି ତଦର୍ଥମ୍ ଇଦଂ ୱାକ୍ୟଂ ୱଦାମି|
2b0b2b00a5	ଇମାଂ କଥାଂ କଥଯିତ୍ୱା ସ ପ୍ରୋଚ୍ଚୈରାହ୍ୱଯତ୍, ହେ ଇଲିଯାସର୍ ବହିରାଗଚ୍ଛ|
2b0b2c0160	ତତଃ ସ ପ୍ରମୀତଃ ଶ୍ମଶାନୱସ୍ତ୍ରୈ ର୍ବଦ୍ଧହସ୍ତପାଦୋ ଗାତ୍ରମାର୍ଜନୱାସସା ବଦ୍ଧମୁଖଶ୍ଚ ବହିରାଗଚ୍ଛତ୍| ଯୀଶୁରୁଦିତୱାନ୍ ବନ୍ଧନାନି ମୋଚଯିତ୍ୱା ତ୍ୟଜତୈନଂ|
2b0b2d00e8	ମରିଯମଃ ସମୀପମ୍ ଆଗତା ଯେ ଯିହୂଦୀଯଲୋକାସ୍ତଦା ଯୀଶୋରେତତ୍ କର୍ମ୍ମାପଶ୍ୟନ୍ ତେଷାଂ ବହୱୋ ୱ୍ୟଶ୍ୱସନ୍,
2b0b2e00d2	କିନ୍ତୁ କେଚିଦନ୍ୟେ ଫିରୂଶିନାଂ ସମୀପଂ ଗତ୍ୱା ଯୀଶୋରେତସ୍ୟ କର୍ମ୍ମଣୋ ୱାର୍ତ୍ତାମ୍ ଅୱଦନ୍|
2b0b2f0132	ତତଃ ପରଂ ପ୍ରଧାନଯାଜକାଃ ଫିରୂଶିନାଶ୍ଚ ସଭାଂ କୃତ୍ୱା ୱ୍ୟାହରନ୍ ୱଯଂ କିଂ କୁର୍ମ୍ମଃ? ଏଷ ମାନୱୋ ବହୂନ୍ୟାଶ୍ଚର୍ୟ୍ୟକର୍ମ୍ମାଣି କରୋତି|
2b0b30019d	ଯଦୀଦୃଶଂ କର୍ମ୍ମ କର୍ତ୍ତୁଂ ନ ୱାରଯାମସ୍ତର୍ହି ସର୍ୱ୍ୱେ ଲୋକାସ୍ତସ୍ମିନ୍ ୱିଶ୍ୱସିଷ୍ୟନ୍ତି ରୋମିଲୋକାଶ୍ଚାଗତ୍ୟାସ୍ମାକମ୍ ଅନଯା ରାଜଧାନ୍ୟା ସାର୍ଦ୍ଧଂ ରାଜ୍ୟମ୍ ଆଛେତ୍ସ୍ୟନ୍ତି|
2b0b3100f7	ତଦା ତେଷାଂ କିଯଫାନାମା ଯସ୍ତସ୍ମିନ୍ ୱତ୍ସରେ ମହାଯାଜକପଦେ ନ୍ୟଯୁଜ୍ୟତ ସ ପ୍ରତ୍ୟୱଦଦ୍ ଯୂଯଂ କିମପି ନ ଜାନୀଥ;
2b0b32011a	ସମଗ୍ରଦେଶସ୍ୟ ୱିନାଶତୋପି ସର୍ୱ୍ୱଲୋକାର୍ଥମ୍ ଏକସ୍ୟ ଜନସ୍ୟ ମରଣମ୍ ଅସ୍ମାକଂ ମଙ୍ଗଲହେତୁକମ୍ ଏତସ୍ୟ ୱିୱେଚନାମପି ନ କୁରୁଥ|
2b0b330067	ଏତାଂ କଥାଂ ସ ନିଜବୁଦ୍ଧ୍ୟା ୱ୍ୟାହରଦ୍ ଇତି ନ,
2b0b340222	କିନ୍ତୁ ଯୀଶୂସ୍ତଦ୍ଦେଶୀଯାନାଂ କାରଣାତ୍ ପ୍ରାଣାନ୍ ତ୍ୟକ୍ଷ୍ୟତି, ଦିଶି ଦିଶି ୱିକୀର୍ଣାନ୍ ଈଶ୍ୱରସ୍ୟ ସନ୍ତାନାନ୍ ସଂଗୃହ୍ୟୈକଜାତିଂ କରିଷ୍ୟତି ଚ, ତସ୍ମିନ୍ ୱତ୍ସରେ କିଯଫା ମହାଯାଜକତ୍ୱପଦେ ନିଯୁକ୍ତଃ ସନ୍ ଇଦଂ ଭୱିଷ୍ୟଦ୍ୱାକ୍ୟଂ କଥିତୱାନ୍|
2b0b3500c9	ତଦ୍ଦିନମାରଭ୍ୟ ତେ କଥଂ ତଂ ହନ୍ତୁଂ ଶକ୍ନୁୱନ୍ତୀତି ମନ୍ତ୍ରଣାଂ କର୍ତ୍ତୁଂ ପ୍ରାରେଭିରେ|
2b0b3601b6	ଅତଏୱ ଯିହୂଦୀଯାନାଂ ମଧ୍ୟେ ଯୀଶୁଃ ସପ୍ରକାଶଂ ଗମନାଗମନେ ଅକୃତ୍ୱା ତସ୍ମାଦ୍ ଗତ୍ୱା ପ୍ରାନ୍ତରସ୍ୟ ସମୀପସ୍ଥାଯିପ୍ରଦେଶସ୍ୟେଫ୍ରାଯିମ୍ ନାମ୍ନି ନଗରେ ଶିଷ୍ୟୈଃ ସାକଂ କାଲଂ ଯାପଯିତୁଂ ପ୍ରାରେଭେ|
2b0b370181	ଅନନ୍ତରଂ ଯିହୂଦୀଯାନାଂ ନିସ୍ତାରୋତ୍ସୱେ ନିକଟୱର୍ତ୍ତିନି ସତି ତଦୁତ୍ସୱାତ୍ ପୂର୍ୱ୍ୱଂ ସ୍ୱାନ୍ ଶୁଚୀନ୍ କର୍ତ୍ତୁଂ ବହୱୋ ଜନା ଗ୍ରାମେଭ୍ୟୋ ଯିରୂଶାଲମ୍ ନଗରମ୍ ଆଗଚ୍ଛନ୍,
2b0b38015b	ଯୀଶୋରନ୍ୱେଷଣଂ କୃତ୍ୱା ମନ୍ଦିରେ ଦଣ୍ଡାଯମାନାଃ ସନ୍ତଃ ପରସ୍ପରଂ ୱ୍ୟାହରନ୍, ଯୁଷ୍ମାକଂ କୀଦୃଶୋ ବୋଧୋ ଜାଯତେ? ସ କିମ୍ ଉତ୍ସୱେଽସ୍ମିନ୍ ଅତ୍ରାଗମିଷ୍ୟତି?
2b0b390151	ସ ଚ କୁତ୍ରାସ୍ତି ଯଦ୍ୟେତତ୍ କଶ୍ଚିଦ୍ ୱେତ୍ତି ତର୍ହି ଦର୍ଶଯତୁ ପ୍ରଧାନଯାଜକାଃ ଫିରୂଶିନଶ୍ଚ ତଂ ଧର୍ତ୍ତୁଂ ପୂର୍ୱ୍ୱମ୍ ଇମାମ୍ ଆଜ୍ଞାଂ ପ୍ରାଚାରଯନ୍|
2b0c01016a	ନିସ୍ତାରୋତ୍ସୱାତ୍ ପୂର୍ୱ୍ୱଂ ଦିନଷଟ୍କେ ସ୍ଥିତେ ଯୀଶୁ ର୍ୟଂ ପ୍ରମୀତମ୍ ଇଲିଯାସରଂ ଶ୍ମଶାନାଦ୍ ଉଦସ୍ଥାପରତ୍ ତସ୍ୟ ନିୱାସସ୍ଥାନଂ ବୈଥନିଯାଗ୍ରାମମ୍ ଆଗଚ୍ଛତ୍|
2b0c020116	ତତ୍ର ତଦର୍ଥଂ ରଜନ୍ୟାଂ ଭୋଜ୍ୟେ କୃତେ ମର୍ଥା ପର୍ୟ୍ୟୱେଷଯଦ୍ ଇଲିଯାସର୍ ଚ ତସ୍ୟ ସଙ୍ଗିଭିଃ ସାର୍ଦ୍ଧଂ ଭୋଜନାସନ ଉପାୱିଶତ୍|
2b0c030196	ତଦା ମରିଯମ୍ ଅର୍ଦ୍ଧସେଟକଂ ବହୁମୂଲ୍ୟଂ ଜଟାମାଂସୀଯଂ ତୈଲମ୍ ଆନୀଯ ଯୀଶୋଶ୍ଚରଣଯୋ ର୍ମର୍ଦ୍ଦଯିତ୍ୱା ନିଜକେଶ ର୍ମାର୍ଷ୍ଟୁମ୍ ଆରଭତ; ତଦା ତୈଲସ୍ୟ ପରିମଲେନ ଗୃହମ୍ ଆମୋଦିତମ୍ ଅଭୱତ୍|
2b0c0400f8	ଯଃ ଶିମୋନଃ ପୁତ୍ର ରିଷ୍କରିଯୋତୀଯୋ ଯିହୂଦାନାମା ଯୀଶୁଂ ପରକରେଷୁ ସମର୍ପଯିଷ୍ୟତି ସ ଶିଷ୍ୟସ୍ତଦା କଥିତୱାନ୍,
2b0c0500c6	ଏତତ୍ତୈଲଂ ତ୍ରିଭିଃ ଶତୈ ର୍ମୁଦ୍ରାପଦୈ ର୍ୱିକ୍ରୀତଂ ସଦ୍ ଦରିଦ୍ରେଭ୍ୟଃ କୁତୋ ନାଦୀଯତ?
2b0c060184	ସ ଦରିଦ୍ରଲୋକାର୍ଥମ୍ ଅଚିନ୍ତଯଦ୍ ଇତି ନ, କିନ୍ତୁ ସ ଚୌର ଏୱଂ ତନ୍ନିକଟେ ମୁଦ୍ରାସମ୍ପୁଟକସ୍ଥିତ୍ୟା ତନ୍ମଧ୍ୟେ ଯଦତିଷ୍ଠତ୍ ତଦପାହରତ୍ ତସ୍ମାତ୍ କାରଣାଦ୍ ଇମାଂ କଥାମକଥଯତ୍|
2b0c0700b1	ତଦା ଯୀଶୁରକଥଯଦ୍ ଏନାଂ ମା ୱାରଯ ସା ମମ ଶ୍ମଶାନସ୍ଥାପନଦିନାର୍ଥଂ ତଦରକ୍ଷଯତ୍|
2b0c0800fb	ଦରିଦ୍ରା ଯୁଷ୍ମାକଂ ସନ୍ନିଧୌ ସର୍ୱ୍ୱଦା ତିଷ୍ଠନ୍ତି କିନ୍ତ୍ୱହଂ ସର୍ୱ୍ୱଦା ଯୁଷ୍ମାକଂ ସନ୍ନିଧୌ ନ ତିଷ୍ଠାମି|
2b0c090151	ତତଃ ପରଂ ଯୀଶୁସ୍ତତ୍ରାସ୍ତୀତି ୱାର୍ତ୍ତାଂ ଶ୍ରୁତ୍ୱା ବହୱୋ ଯିହୂଦୀଯାସ୍ତଂ ଶ୍ମଶାନାଦୁତ୍ଥାପିତମ୍ ଇଲିଯାସରଞ୍ଚ ଦ୍ରଷ୍ଟୁଂ ତତ୍ ସ୍ଥାନମ୍ ଆଗଚ୍ଛନ|
2b0c0a009b	ତଦା ପ୍ରଧାନଯାଜକାସ୍ତମ୍ ଇଲିଯାସରମପି ସଂହର୍ତ୍ତୁମ୍ ଅମନ୍ତ୍ରଯନ୍;
2b0c0b0075	ଯତସ୍ତେନ ବହୱୋ ଯିହୂଦୀଯା ଗତ୍ୱା ଯୀଶୌ ୱ୍ୟଶ୍ୱସନ୍|
2b0c0c00f4	ଅନନ୍ତରଂ ଯୀଶୁ ର୍ୟିରୂଶାଲମ୍ ନଗରମ୍ ଆଗଚ୍ଛତୀତି ୱାର୍ତ୍ତାଂ ଶ୍ରୁତ୍ୱା ପରେଽହନି ଉତ୍ସୱାଗତା ବହୱୋ ଲୋକାଃ
2b0c0d018a	ଖର୍ଜ୍ଜୂରପତ୍ରାଦ୍ୟାନୀଯ ତଂ ସାକ୍ଷାତ୍ କର୍ତ୍ତୁଂ ବହିରାଗତ୍ୟ ଜଯ ଜଯେତି ୱାଚଂ ପ୍ରୋଚ୍ଚୈ ର୍ୱକ୍ତୁମ୍ ଆରଭନ୍ତ, ଇସ୍ରାଯେଲୋ ଯୋ ରାଜା ପରମେଶ୍ୱରସ୍ୟ ନାମ୍ନାଗଚ୍ଛତି ସ ଧନ୍ୟଃ|
2b0c0e00c6	ତଦା "ହେ ସିଯୋନଃ କନ୍ୟେ ମା ଭୈଷୀଃ ପଶ୍ୟାଯଂ ତୱ ରାଜା ଗର୍ଦ୍ଦଭଶାୱକମ୍ ଆରୁହ୍ୟାଗଚ୍ଛତି"
2b0c0f00c6	ଇତି ଶାସ୍ତ୍ରୀଯୱଚନାନୁସାରେଣ ଯୀଶୁରେକଂ ଯୁୱଗର୍ଦ୍ଦଭଂ ପ୍ରାପ୍ୟ ତଦୁପର୍ୟ୍ୟାରୋହତ୍|
2b0c1001be	ଅସ୍ୟାଃ ଘଟନାଯାସ୍ତାତ୍ପର୍ୟ୍ୟଂ ଶିଷ୍ୟାଃ ପ୍ରଥମଂ ନାବୁଧ୍ୟନ୍ତ, କିନ୍ତୁ ଯୀଶୌ ମହିମାନଂ ପ୍ରାପ୍ତେ ସତି ୱାକ୍ୟମିଦଂ ତସ୍ମିନ ଅକଥ୍ୟତ ଲୋକାଶ୍ଚ ତମ୍ପ୍ରତୀତ୍ଥମ୍ ଅକୁର୍ୱ୍ୱନ୍ ଇତି ତେ ସ୍ମୃତୱନ୍ତଃ|
2b0c11015a	ସ ଇଲିଯାସରଂ ଶ୍ମଶାନାଦ୍ ଆଗନ୍ତୁମ୍ ଆହ୍ୱତୱାନ୍ ଶ୍ମଶାନାଞ୍ଚ ଉଦସ୍ଥାପଯଦ୍ ଯେ ଯେ ଲୋକାସ୍ତତ୍କର୍ମ୍ୟ ସାକ୍ଷାଦ୍ ଅପଶ୍ୟନ୍ ତେ ପ୍ରମାଣଂ ଦାତୁମ୍ ଆରଭନ୍ତ|
2b0c1200e5	ସ ଏତାଦୃଶମ୍ ଅଦ୍ଭୁତଂ କର୍ମ୍ମକରୋତ୍ ତସ୍ୟ ଜନଶ୍ରୁତେ ର୍ଲୋକାସ୍ତଂ ସାକ୍ଷାତ୍ କର୍ତ୍ତୁମ୍ ଆଗଚ୍ଛନ୍|
2b0c13018b	ତତଃ ଫିରୂଶିନଃ ପରସ୍ପରଂ ୱକ୍ତୁମ୍ ଆରଭନ୍ତ ଯୁଷ୍ମାକଂ ସର୍ୱ୍ୱାଶ୍ଚେଷ୍ଟା ୱୃଥା ଜାତାଃ, ଇତି କିଂ ଯୂଯଂ ନ ବୁଧ୍ୟଧ୍ୱେ? ପଶ୍ୟତ ସର୍ୱ୍ୱେ ଲୋକାସ୍ତସ୍ୟ ପଶ୍ଚାଦ୍ୱର୍ତ୍ତିନୋଭୱନ୍|
2b0c1400ad	ଭଜନଂ କର୍ତ୍ତୁମ୍ ଉତ୍ସୱାଗତାନାଂ ଲୋକାନାଂ କତିପଯା ଜନା ଅନ୍ୟଦେଶୀଯା ଆସନ୍,
2b0c150108	ତେ ଗାଲୀଲୀଯବୈତ୍ସୈଦାନିୱାସିନଃ ଫିଲିପସ୍ୟ ସମୀପମ୍ ଆଗତ୍ୟ ୱ୍ୟାହରନ୍ ହେ ମହେଚ୍ଛ ୱଯଂ ଯୀଶୁଂ ଦ୍ରଷ୍ଟୁମ୍ ଇଚ୍ଛାମଃ|
2b0c1600e2	ତତଃ ଫିଲିପୋ ଗତ୍ୱା ଆନ୍ଦ୍ରିଯମ୍ ଅୱଦତ୍ ପଶ୍ଚାଦ୍ ଆନ୍ଦ୍ରିଯଫିଲିପୌ ଯୀଶୱେ ୱାର୍ତ୍ତାମ୍ ଅକଥଯତାଂ|
2b0c1700ab	ତଦା ଯୀଶୁଃ ପ୍ରତ୍ୟୁଦିତୱାନ୍ ମାନୱସୁତସ୍ୟ ମହିମପ୍ରାପ୍ତିସମଯ ଉପସ୍ଥିତଃ|
2b0c180160	ଅହଂ ଯୁଷ୍ମାନତିଯଥାର୍ଥଂ ୱଦାମି, ଧାନ୍ୟବୀଜଂ ମୃତ୍ତିକାଯାଂ ପତିତ୍ୱା ଯଦି ନ ମୃଯତେ ତର୍ହ୍ୟେକାକୀ ତିଷ୍ଠତି କିନ୍ତୁ ଯଦି ମୃଯତେ ତର୍ହି ବହୁଗୁଣଂ ଫଲଂ ଫଲତି|
2b0c19017b	ଯୋ ଜନେ ନିଜପ୍ରାଣାନ୍ ପ୍ରିଯାନ୍ ଜାନାତି ସ ତାନ୍ ହାରଯିଷ୍ୟତି କିନ୍ତୁ ଯେ ଜନ ଇହଲୋକେ ନିଜପ୍ରାଣାନ୍ ଅପ୍ରିଯାନ୍ ଜାନାତି ସେନନ୍ତାଯୁଃ ପ୍ରାପ୍ତୁଂ ତାନ୍ ରକ୍ଷିଷ୍ୟତି|
2b0c1a01a3	କଶ୍ଚିଦ୍ ଯଦି ମମ ସେୱକୋ ଭୱିତୁଂ ୱାଞ୍ଛତି ତର୍ହି ସ ମମ ପଶ୍ଚାଦ୍ଗାମୀ ଭୱତୁ, ତସ୍ମାଦ୍ ଅହଂ ଯତ୍ର ତିଷ୍ଠାମି ମମ ସେୱକେପି ତତ୍ର ସ୍ଥାସ୍ୟତି; ଯୋ ଜନୋ ମାଂ ସେୱତେ ମମ ପିତାପି ତଂ ସମ୍ମଂସ୍ୟତେ|
2b0c1b0180	ସାମ୍ପ୍ରତଂ ମମ ପ୍ରାଣା ୱ୍ୟାକୁଲା ଭୱନ୍ତି, ତସ୍ମାଦ୍ ହେ ପିତର ଏତସ୍ମାତ୍ ସମଯାନ୍ ମାଂ ରକ୍ଷ, ଇତ୍ୟହଂ କିଂ ପ୍ରାର୍ଥଯିଷ୍ୟେ? କିନ୍ତ୍ୱହମ୍ ଏତତ୍ସମଯାର୍ଥମ୍ ଅୱତୀର୍ଣୱାନ୍|
2b0c1c015e	ହେ ପିତ: ସ୍ୱନାମ୍ନୋ ମହିମାନଂ ପ୍ରକାଶଯ; ତନୈୱ ସ୍ୱନାମ୍ନୋ ମହିମାନମ୍ ଅହଂ ପ୍ରାକାଶଯଂ ପୁନରପି ପ୍ରକାଶଯିଷ୍ୟାମି, ଏଷା ଗଗଣୀଯା ୱାଣୀ ତସ୍ମିନ୍ ସମଯେଽଜାଯତ|
2b0c1d010d	ତଚ୍ଶ୍ରୁତ୍ୱା ସମୀପସ୍ଥଲୋକାନାଂ କେଚିଦ୍ ଅୱଦନ୍ ମେଘୋଽଗର୍ଜୀତ୍, କେଚିଦ୍ ଅୱଦନ୍ ସ୍ୱର୍ଗୀଯଦୂତୋଽନେନ ସହ କଥାମଚକଥତ୍|
2b0c1e00b0	ତଦା ଯୀଶୁଃ ପ୍ରତ୍ୟୱାଦୀତ୍, ମଦର୍ଥଂ ଶବ୍ଦୋଯଂ ନାଭୂତ୍ ଯୁଷ୍ମଦର୍ଥମେୱାଭୂତ୍|
2b0c1f00bd	ଅଧୁନା ଜଗତୋସ୍ୟ ୱିଚାର: ସମ୍ପତ୍ସ୍ୟତେ, ଅଧୁନାସ୍ୟ ଜଗତ: ପତୀ ରାଜ୍ୟାତ୍ ଚ୍ୟୋଷ୍ୟତି|
2b0c2000f9	ଯଦ୍ୟଈ ପୃଥିୱ୍ୟା ଊର୍ଦ୍ୱ୍ୱେ ପ୍ରୋତ୍ଥାପିତୋସ୍ମି ତର୍ହି ସର୍ୱ୍ୱାନ୍ ମାନୱାନ୍ ସ୍ୱସମୀପମ୍ ଆକର୍ଷିଷ୍ୟାମି|
2b0c21009e	କଥଂ ତସ୍ୟ ମୃତି ର୍ଭୱିଷ୍ୟତି, ଏତଦ୍ ବୋଧଯିତୁଂ ସ ଇମାଂ କଥାମ୍ ଅକଥଯତ୍|
2b0c2201b2	ତଦା ଲୋକା ଅକଥଯନ୍ ସୋଭିଷିକ୍ତଃ ସର୍ୱ୍ୱଦା ତିଷ୍ଠତୀତି ୱ୍ୟୱସ୍ଥାଗ୍ରନ୍ଥେ ଶ୍ରୁତମ୍ ଅସ୍ମାଭିଃ, ତର୍ହି ମନୁଷ୍ୟପୁତ୍ରଃ ପ୍ରୋତ୍ଥାପିତୋ ଭୱିଷ୍ୟତୀତି ୱାକ୍ୟଂ କଥଂ ୱଦସି? ମନୁଷ୍ୟପୁତ୍ରୋଯଂ କଃ?
2b0c23023d	ତଦା ଯୀଶୁରକଥାଯଦ୍ ଯୁଷ୍ମାଭିଃ ସାର୍ଦ୍ଧମ୍ ଅଲ୍ପଦିନାନି ଜ୍ୟୋତିରାସ୍ତେ, ଯଥା ଯୁଷ୍ମାନ୍ ଅନ୍ଧକାରୋ ନାଚ୍ଛାଦଯତି ତଦର୍ଥଂ ଯାୱତ୍କାଲଂ ଯୁଷ୍ମାଭିଃ ସାର୍ଦ୍ଧଂ ଜ୍ୟୋତିସ୍ତିଷ୍ଠତି ତାୱତ୍କାଲଂ ଗଚ୍ଛତ; ଯୋ ଜନୋଽନ୍ଧକାରେ ଗଚ୍ଛତି ସ କୁତ୍ର ଯାତୀତି ନ ଜାନାତି|
2b0c2401a2	ଅତଏୱ ଯାୱତ୍କାଲଂ ଯୁଷ୍ମାକଂ ନିକଟେ ଜ୍ୟୋତିରାସ୍ତେ ତାୱତ୍କାଲଂ ଜ୍ୟୋତୀରୂପସନ୍ତାନା ଭୱିତୁଂ ଜ୍ୟୋତିଷି ୱିଶ୍ୱସିତ; ଇମାଂ କଥାଂ କଥଯିତ୍ୱା ଯୀଶୁଃ ପ୍ରସ୍ଥାଯ ତେଭ୍ୟଃ ସ୍ୱଂ ଗୁପ୍ତୱାନ୍|
2b0c2500f4	ଯଦ୍ୟପି ଯୀଶୁସ୍ତେଷାଂ ସମକ୍ଷମ୍ ଏତାୱଦାଶ୍ଚର୍ୟ୍ୟକର୍ମ୍ମାଣି କୃତୱାନ୍ ତଥାପି ତେ ତସ୍ମିନ୍ ନ ୱ୍ୟଶ୍ୱସନ୍|
2b0c260188	ଅତଏୱ କଃ ପ୍ରତ୍ୟେତି ସୁସଂୱାଦଂ ପରେଶାସ୍ମତ୍ ପ୍ରଚାରିତଂ? ପ୍ରକାଶତେ ପରେଶସ୍ୟ ହସ୍ତଃ କସ୍ୟ ଚ ସନ୍ନିଧୌ? ଯିଶଯିଯଭୱିଷ୍ୟଦ୍ୱାଦିନା ଯଦେତଦ୍ ୱାକ୍ୟମୁକ୍ତଂ ତତ୍ ସଫଲମ୍ ଅଭୱତ୍|
2b0c2700b1	ତେ ପ୍ରତ୍ୟେତୁଂ ନାଶନ୍କୁୱନ୍ ତସ୍ମିନ୍ ଯିଶଯିଯଭୱିଷ୍ୟଦ୍ୱାଦି ପୁନରୱାଦୀଦ୍,
2b0c2801d3	ଯଦା, "ତେ ନଯନୈ ର୍ନ ପଶ୍ୟନ୍ତି ବୁଦ୍ଧିଭିଶ୍ଚ ନ ବୁଧ୍ୟନ୍ତେ ତୈ ର୍ମନଃସୁ ପରିୱର୍ତ୍ତିତେଷୁ ଚ ତାନହଂ ଯଥା ସ୍ୱସ୍ଥାନ୍ ନ କରୋମି ତଥା ସ ତେଷାଂ ଲୋଚନାନ୍ୟନ୍ଧାନି କୃତ୍ୱା ତେଷାମନ୍ତଃକରଣାନି ଗାଢାନି କରିଷ୍ୟତି| "
2b0c2900f5	ଯିଶଯିଯୋ ଯଦା ଯୀଶୋ ର୍ମହିମାନଂ ୱିଲୋକ୍ୟ ତସ୍ମିନ୍ କଥାମକଥଯତ୍ ତଦା ଭୱିଷ୍ୟଦ୍ୱାକ୍ୟମ୍ ଈଦୃଶଂ ପ୍ରକାଶଯତ୍|
2b0c2a0142	ତଥାପ୍ୟଧିପତିନାଂ ବହୱସ୍ତସ୍ମିନ୍ ପ୍ରତ୍ୟାଯନ୍| କିନ୍ତୁ ଫିରୂଶିନସ୍ତାନ୍ ଭଜନଗୃହାଦ୍ ଦୂରୀକୁର୍ୱ୍ୱନ୍ତୀତି ଭଯାତ୍ ତେ ତଂ ନ ସ୍ୱୀକୃତୱନ୍ତଃ|
2b0c2b0096	ଯତ ଈଶ୍ୱରସ୍ୟ ପ୍ରଶଂସାତୋ ମାନୱାନାଂ ପ୍ରଶଂସାଯାଂ ତେଽପ୍ରିଯନ୍ତ|
2b0c2c0112	ତଦା ଯୀଶୁରୁଚ୍ଚୈଃକାରମ୍ ଅକଥଯଦ୍ ଯୋ ଜନୋ ମଯି ୱିଶ୍ୱସିତି ସ କେୱଲେ ମଯି ୱିଶ୍ୱସିତୀତି ନ, ସ ମତ୍ପ୍ରେରକେଽପି ୱିଶ୍ୱସିତି|
2b0c2d006a	ଯୋ ଜନୋ ମାଂ ପଶ୍ୟତି ସ ମତ୍ପ୍ରେରକମପି ପଶ୍ୟତି|
2b0c2e0116	ଯୋ ଜନୋ ମାଂ ପ୍ରତ୍ୟେତି ସ ଯଥାନ୍ଧକାରେ ନ ତିଷ୍ଠତି ତଦର୍ଥମ୍ ଅହଂ ଜ୍ୟୋତିଃସ୍ୱରୂପୋ ଭୂତ୍ୱା ଜଗତ୍ୟସ୍ମିନ୍ ଅୱତୀର୍ଣୱାନ୍|
2b0c2f018f	ମମ କଥାଂ ଶ୍ରୁତ୍ୱା ଯଦି କଶ୍ଚିନ୍ ନ ୱିଶ୍ୱସିତି ତର୍ହି ତମହଂ ଦୋଷିଣଂ ନ କରୋମି, ଯତୋ ହେତୋ ର୍ଜଗତୋ ଜନାନାଂ ଦୋଷାନ୍ ନିଶ୍ଚିତାନ୍ କର୍ତ୍ତୁଂ ନାଗତ୍ୟ ତାନ୍ ପରିଚାତୁମ୍ ଆଗତୋସ୍ମି|
2b0c300167	ଯଃ କଶ୍ଚିନ୍ ମାଂ ନ ଶ୍ରଦ୍ଧାଯ ମମ କଥଂ ନ ଗୃହ୍ଲାତି, ଅନ୍ୟସ୍ତଂ ଦୋଷିଣଂ କରିଷ୍ୟତି ୱସ୍ତୁତସ୍ତୁ ଯାଂ କଥାମହମ୍ ଅଚକଥଂ ସା କଥା ଚରମେଽନ୍ହି ତଂ ଦୋଷିଣଂ କରିଷ୍ୟତି|
2b0c31012b	ଯତୋ ହେତୋରହଂ ସ୍ୱତଃ କିମପି ନ କଥଯାମି, କିଂ କିଂ ମଯା କଥଯିତୱ୍ୟଂ କିଂ ସମୁପଦେଷ୍ଟୱ୍ୟଞ୍ଚ ଇତି ମତ୍ପ୍ରେରଯିତା ପିତା ମାମାଜ୍ଞାପଯତ୍|
2b0c3200fa	ତସ୍ୟ ସାଜ୍ଞା ଅନନ୍ତାଯୁରିତ୍ୟହଂ ଜାନାମି, ଅତଏୱାହଂ ଯତ୍ କଥଯାମି ତତ୍ ପିତା ଯଥାଜ୍ଞାପଯତ୍ ତଥୈୱ କଥଯାମ୍ୟହମ୍|
2b0d010216	ନିସ୍ତାରୋତ୍ସୱସ୍ୟ କିଞ୍ଚିତ୍କାଲାତ୍ ପୂର୍ୱ୍ୱଂ ପୃଥିୱ୍ୟାଃ ପିତୁଃ ସମୀପଗମନସ୍ୟ ସମଯଃ ସନ୍ନିକର୍ଷୋଭୂଦ୍ ଇତି ଜ୍ଞାତ୍ୱା ଯୀଶୁରାପ୍ରଥମାଦ୍ ଯେଷୁ ଜଗତ୍ପ୍ରୱାସିଷ୍ୱାତ୍ମୀଯଲୋକେଷ ପ୍ରେମ କରୋତି ସ୍ମ ତେଷୁ ଶେଷଂ ଯାୱତ୍ ପ୍ରେମ କୃତୱାନ୍|
2b0d020191	ପିତା ତସ୍ୟ ହସ୍ତେ ସର୍ୱ୍ୱଂ ସମର୍ପିତୱାନ୍ ସ୍ୱଯମ୍ ଈଶ୍ୱରସ୍ୟ ସମୀପାଦ୍ ଆଗଚ୍ଛଦ୍ ଈଶ୍ୱରସ୍ୟ ସମୀପଂ ଯାସ୍ୟତି ଚ, ସର୍ୱ୍ୱାଣ୍ୟେତାନି ଜ୍ଞାତ୍ୱା ରଜନ୍ୟାଂ ଭୋଜନେ ସମ୍ପୂର୍ଣେ ସତି,
2b0d030129	ଯଦା ଶୈତାନ୍ ତଂ ପରହସ୍ତେଷୁ ସମର୍ପଯିତୁଂ ଶିମୋନଃ ପୁତ୍ରସ୍ୟ ଈଷ୍କାରିଯୋତିଯସ୍ୟ ଯିହୂଦା ଅନ୍ତଃକରଣେ କୁପ୍ରୱୃତ୍ତିଂ ସମାର୍ପଯତ୍,
2b0d04011c	ତଦା ଯୀଶୁ ର୍ଭୋଜନାସନାଦ୍ ଉତ୍ଥାଯ ଗାତ୍ରୱସ୍ତ୍ରଂ ମୋଚଯିତ୍ୱା ଗାତ୍ରମାର୍ଜନୱସ୍ତ୍ରଂ ଗୃହୀତ୍ୱା ତେନ ସ୍ୱକଟିମ୍ ଅବଧ୍ନାତ୍,
2b0d050125	ପଶ୍ଚାଦ୍ ଏକପାତ୍ରେ ଜଲମ୍ ଅଭିଷିଚ୍ୟ ଶିଷ୍ୟାଣାଂ ପାଦାନ୍ ପ୍ରକ୍ଷାଲ୍ୟ ତେନ କଟିବଦ୍ଧଗାତ୍ରମାର୍ଜନୱାସସା ମାର୍ଷ୍ଟୁଂ ପ୍ରାରଭତ|
2b0d0600de	ତତଃ ଶିମୋନ୍ପିତରସ୍ୟ ସମୀପମାଗତେ ସ ଉକ୍ତୱାନ୍ ହେ ପ୍ରଭୋ ଭୱାନ୍ କିଂ ମମ ପାଦୌ ପ୍ରକ୍ଷାଲଯିଷ୍ୟତି?
2b0d0700cb	ଯୀଶୁରୁଦିତୱାନ୍ ଅହଂ ଯତ୍ କରୋମି ତତ୍ ସମ୍ପ୍ରତି ନ ଜାନାସି କିନ୍ତୁ ପଶ୍ଚାଜ୍ ଜ୍ଞାସ୍ୟସି|
2b0d080143	ତତଃ ପିତରଃ କଥିତୱାନ୍ ଭୱାନ୍ କଦାପି ମମ ପାଦୌ ନ ପ୍ରକ୍ଷାଲଯିଷ୍ୟତି| ଯୀଶୁରକଥଯଦ୍ ଯଦି ତ୍ୱାଂ ନ ପ୍ରକ୍ଷାଲଯେ ତର୍ହି ମଯି ତୱ କୋପ୍ୟଂଶୋ ନାସ୍ତି|
2b0d0900d6	ତଦା ଶିମୋନ୍ପିତରଃ କଥିତୱାନ୍ ହେ ପ୍ରଭୋ ତର୍ହି କେୱଲପାଦୌ ନ, ମମ ହସ୍ତୌ ଶିରଶ୍ଚ ପ୍ରକ୍ଷାଲଯତୁ|
2b0d0a0189	ତତୋ ଯୀଶୁରୱଦଦ୍ ଯୋ ଜନୋ ଧୌତସ୍ତସ୍ୟ ସର୍ୱ୍ୱାଙ୍ଗପରିଷ୍କୃତତ୍ୱାତ୍ ପାଦୌ ୱିନାନ୍ୟାଙ୍ଗସ୍ୟ ପ୍ରକ୍ଷାଲନାପେକ୍ଷା ନାସ୍ତି| ଯୂଯଂ ପରିଷ୍କୃତା ଇତି ସତ୍ୟଂ କିନ୍ତୁ ନ ସର୍ୱ୍ୱେ,
2b0d0b0107	ଯତୋ ଯୋ ଜନସ୍ତଂ ପରକରେଷୁ ସମର୍ପଯିଷ୍ୟତି ତଂ ସ ଜ୍ଞାତୱାନ; ଅତଏୱ ଯୂଯଂ ସର୍ୱ୍ୱେ ନ ପରିଷ୍କୃତା ଇମାଂ କଥାଂ କଥିତୱାନ୍|
2b0d0c0143	ଇତ୍ଥଂ ଯୀଶୁସ୍ତେଷାଂ ପାଦାନ୍ ପ୍ରକ୍ଷାଲ୍ୟ ୱସ୍ତ୍ରଂ ପରିଧାଯାସନେ ସମୁପୱିଶ୍ୟ କଥିତୱାନ୍ ଅହଂ ଯୁଷ୍ମାନ୍ ପ୍ରତି କିଂ କର୍ମ୍ମାକାର୍ଷଂ ଜାନୀଥ?
2b0d0d009e	ଯୂଯଂ ମାଂ ଗୁରୁଂ ପ୍ରଭୁଞ୍ଚ ୱଦଥ ତତ୍ ସତ୍ୟମେୱ ୱଦଥ ଯତୋହଂ ସଏୱ ଭୱାମି|
2b0d0e0123	ଯଦ୍ୟହଂ ପ୍ରଭୁ ର୍ଗୁରୁଶ୍ଚ ସନ୍ ଯୁଷ୍ମାକଂ ପାଦାନ୍ ପ୍ରକ୍ଷାଲିତୱାନ୍ ତର୍ହି ଯୁଷ୍ମାକମପି ପରସ୍ପରଂ ପାଦପ୍ରକ୍ଷାଲନମ୍ ଉଚିତମ୍|
2b0d0f00e0	ଅହଂ ଯୁଷ୍ମାନ୍ ପ୍ରତି ଯଥା ୱ୍ୟୱାହରଂ ଯୁଷ୍ମାନ୍ ତଥା ୱ୍ୟୱହର୍ତ୍ତୁମ୍ ଏକଂ ପନ୍ଥାନଂ ଦର୍ଶିତୱାନ୍|
2b0d1000cf	ଅହଂ ଯୁଷ୍ମାନତିଯଥାର୍ଥଂ ୱଦାମି, ପ୍ରଭୋ ର୍ଦାସୋ ନ ମହାନ୍ ପ୍ରେରକାଚ୍ଚ ପ୍ରେରିତୋ ନ ମହାନ୍|
2b0d1100c8	ଇମାଂ କଥାଂ ୱିଦିତ୍ୱା ଯଦି ତଦନୁସାରତଃ କର୍ମ୍ମାଣି କୁରୁଥ ତର୍ହି ଯୂଯଂ ଧନ୍ୟା ଭୱିଷ୍ୟଥ|
2b0d120241	ସର୍ୱ୍ୱେଷୁ ଯୁଷ୍ମାସୁ କଥାମିମାଂ କଥଯାମି ଇତି ନ, ଯେ ମମ ମନୋନୀତାସ୍ତାନହଂ ଜାନାମି, କିନ୍ତୁ ମମ ଭକ୍ଷ୍ୟାଣି ଯୋ ଭୁଙ୍କ୍ତେ ମତ୍ପ୍ରାଣପ୍ରାତିକୂଲ୍ୟତଃ| ଉତ୍ଥାପଯତି ପାଦସ୍ୟ ମୂଲଂ ସ ଏଷ ମାନୱଃ| ଯଦେତଦ୍ ଧର୍ମ୍ମପୁସ୍ତକସ୍ୟ ୱଚନଂ ତଦନୁସାରେଣାୱଶ୍ୟଂ ଘଟିଷ୍ୟତେ|
2b0d130112	ଅହଂ ସ ଜନ ଇତ୍ୟତ୍ର ଯଥା ଯୁଷ୍ମାକଂ ୱିଶ୍ୱାସୋ ଜାଯତେ ତଦର୍ଥଂ ଏତାଦୃଶଘଟନାତ୍ ପୂର୍ୱ୍ୱମ୍ ଅହମିଦାନୀଂ ଯୁଷ୍ମଭ୍ୟମକଥଯମ୍|
2b0d140136	ଅହଂ ଯୁଷ୍ମାନତୀୱ ଯଥାର୍ଥଂ ୱଦାମି, ମଯା ପ୍ରେରିତଂ ଜନଂ ଯୋ ଗୃହ୍ଲାତି ସ ମାମେୱ ଗୃହ୍ଲାତି ଯଶ୍ଚ ମାଂ ଗୃହ୍ଲାତି ସ ମତ୍ପ୍ରେରକଂ ଗୃହ୍ଲାତି|
2b0d150165	ଏତାଂ କଥାଂ କଥଯିତ୍ୱା ଯୀଶୁ ର୍ଦୁଃଖୀ ସନ୍ ପ୍ରମାଣଂ ଦତ୍ତ୍ୱା କଥିତୱାନ୍ ଅହଂ ଯୁଷ୍ମାନତିଯଥାର୍ଥଂ ୱଦାମି ଯୁଷ୍ମାକମ୍ ଏକୋ ଜନୋ ମାଂ ପରକରେଷୁ ସମର୍ପଯିଷ୍ୟତି|
2b0d160104	ତତଃ ସ କମୁଦ୍ଦିଶ୍ୟ କଥାମେତାଂ କଥିତୱାନ୍ ଇତ୍ୟତ୍ର ସନ୍ଦିଗ୍ଧାଃ ଶିଷ୍ୟାଃ ପରସ୍ପରଂ ମୁଖମାଲୋକଯିତୁଂ ପ୍ରାରଭନ୍ତ|
2b0d1700c3	ତସ୍ମିନ୍ ସମଯେ ଯୀଶୁ ର୍ୟସ୍ମିନ୍ ଅପ୍ରୀଯତ ସ ଶିଷ୍ୟସ୍ତସ୍ୟ ୱକ୍ଷଃସ୍ଥଲମ୍ ଅୱାଲମ୍ବତ|
2b0d1800bf	ଶିମୋନ୍ପିତରସ୍ତଂ ସଙ୍କେତେନାୱଦତ୍, ଅଯଂ କମୁଦ୍ଦିଶ୍ୟ କଥାମେତାମ୍ କଥଯତୀତି ପୃଚ୍ଛ|
2b0d1900a5	ତଦା ସ ଯୀଶୋ ର୍ୱକ୍ଷଃସ୍ଥଲମ୍ ଅୱଲମ୍ବ୍ୟ ପୃଷ୍ଠୱାନ୍, ହେ ପ୍ରଭୋ ସ ଜନଃ କଃ?
2b0d1a018a	ତତୋ ଯୀଶୁଃ ପ୍ରତ୍ୟୱଦଦ୍ ଏକଖଣ୍ଡଂ ପୂପଂ ମଜ୍ଜଯିତ୍ୱା ଯସ୍ମୈ ଦାସ୍ୟାମି ସଏୱ ସଃ; ପଶ୍ଚାତ୍ ପୂପଖଣ୍ଡମେକଂ ମଜ୍ଜଯିତ୍ୱା ଶିମୋନଃ ପୁତ୍ରାଯ ଈଷ୍କରିଯୋତୀଯାଯ ଯିହୂଦୈ ଦତ୍ତୱାନ୍|
2b0d1b00f6	ତସ୍ମିନ୍ ଦତ୍ତେ ସତି ଶୈତାନ୍ ତମାଶ୍ରଯତ୍; ତଦା ଯୀଶୁସ୍ତମ୍ ଅୱଦତ୍ ତ୍ୱଂ ଯତ୍ କରିଷ୍ୟସି ତତ୍ କ୍ଷିପ୍ରଂ କୁରୁ|
2b0d1c00b4	କିନ୍ତୁ ସ ଯେନାଶଯେନ ତାଂ କଥାମକଥାଯତ୍ ତମ୍ ଉପୱିଷ୍ଟଲୋକାନାଂ କୋପି ନାବୁଧ୍ୟତ;
2b0d1d019f	କିନ୍ତୁ ଯିହୂଦାଃ ସମୀପେ ମୁଦ୍ରାସମ୍ପୁଟକସ୍ଥିତେଃ କେଚିଦ୍ ଇତ୍ଥମ୍ ଅବୁଧ୍ୟନ୍ତ ପାର୍ୱ୍ୱଣାସାଦନାର୍ଥଂ କିମପି ଦ୍ରୱ୍ୟଂ କ୍ରେତୁଂ ୱା ଦରିଦ୍ରେଭ୍ୟଃ କିଞ୍ଚିଦ୍ ୱିତରିତୁଂ କଥିତୱାନ୍|
2b0d1e00b4	ତଦା ପୂପଖଣ୍ଡଗ୍ରହଣାତ୍ ପରଂ ସ ତୂର୍ଣଂ ବହିରଗଚ୍ଛତ୍; ରାତ୍ରିଶ୍ଚ ସମୁପସ୍ୟିତା|
2b0d1f00fa	ଯିହୂଦେ ବହିର୍ଗତେ ଯୀଶୁରକଥଯଦ୍ ଇଦାନୀଂ ମାନୱସୁତସ୍ୟ ମହିମା ପ୍ରକାଶତେ ତେନେଶ୍ୱରସ୍ୟାପି ମହିମା ପ୍ରକାଶତେ|
2b0d200116	ଯଦି ତେନେଶ୍ୱରସ୍ୟ ମହିମା ପ୍ରକାଶତେ ତର୍ହୀଶ୍ୱରୋପି ସ୍ୱେନ ତସ୍ୟ ମହିମାନଂ ପ୍ରକାଶଯିଷ୍ୟତି ତୂର୍ଣମେୱ ପ୍ରକାଶଯିଷ୍ୟତି|
2b0d210223	ହେ ୱତ୍ସା ଅହଂ ଯୁଷ୍ମାଭିଃ ସାର୍ଦ୍ଧଂ କିଞ୍ଚିତ୍କାଲମାତ୍ରମ୍ ଆସେ, ତତଃ ପରଂ ମାଂ ମୃଗଯିଷ୍ୟଧ୍ୱେ କିନ୍ତ୍ୱହଂ ଯତ୍ସ୍ଥାନଂ ଯାମି ତତ୍ସ୍ଥାନଂ ଯୂଯଂ ଗନ୍ତୁଂ ନ ଶକ୍ଷ୍ୟଥ, ଯାମିମାଂ କଥାଂ ଯିହୂଦୀଯେଭ୍ୟଃ କଥିତୱାନ୍ ତଥାଧୁନା ଯୁଷ୍ମଭ୍ୟମପି କଥଯାମି|
2b0d220140	ଯୂଯଂ ପରସ୍ପରଂ ପ୍ରୀଯଧ୍ୱମ୍ ଅହଂ ଯୁଷ୍ମାସୁ ଯଥା ପ୍ରୀଯେ ଯୂଯମପି ପରସ୍ପରମ୍ ତଥୈୱ ପ୍ରୀଯଧ୍ୱଂ, ଯୁଷ୍ମାନ୍ ଇମାଂ ନୱୀନାମ୍ ଆଜ୍ଞାମ୍ ଆଦିଶାମି|
2b0d2300fa	ତେନୈୱ ଯଦି ପରସ୍ପରଂ ପ୍ରୀଯଧ୍ୱେ ତର୍ହି ଲକ୍ଷଣେନାନେନ ଯୂଯଂ ମମ ଶିଷ୍ୟା ଇତି ସର୍ୱ୍ୱେ ଜ୍ଞାତୁଂ ଶକ୍ଷ୍ୟନ୍ତି|
2b0d2401ba	ଶିମୋନପିତରଃ ପୃଷ୍ଠୱାନ୍ ହେ ପ୍ରଭୋ ଭୱାନ୍ କୁତ୍ର ଯାସ୍ୟତି? ତତୋ ଯୀଶୁଃ ପ୍ରତ୍ୟୱଦତ୍, ଅହଂ ଯତ୍ସ୍ଥାନଂ ଯାମି ତତ୍ସ୍ଥାନଂ ସାମ୍ପ୍ରତଂ ମମ ପଶ୍ଚାଦ୍ ଗନ୍ତୁଂ ନ ଶକ୍ନୋଷି କିନ୍ତୁ ପଶ୍ଚାଦ୍ ଗମିଷ୍ୟସି|
2b0d25013b	ତଦା ପିତରଃ ପ୍ରତ୍ୟୁଦିତୱାନ୍, ହେ ପ୍ରଭୋ ସାମ୍ପ୍ରତଂ କୁତୋ ହେତୋସ୍ତୱ ପଶ୍ଚାଦ୍ ଗନ୍ତୁଂ ନ ଶକ୍ନୋମି? ତ୍ୱଦର୍ଥଂ ପ୍ରାଣାନ୍ ଦାତୁଂ ଶକ୍ନୋମି|
2b0d26017e	ତତୋ ଯୀଶୁଃ ପ୍ରତ୍ୟୁକ୍ତୱାନ୍ ମନ୍ନିମିତ୍ତଂ କିଂ ପ୍ରାଣାନ୍ ଦାତୁଂ ଶକ୍ନୋଷି? ତ୍ୱାମହଂ ଯଥାର୍ଥଂ ୱଦାମି, କୁକ୍କୁଟରୱଣାତ୍ ପୂର୍ୱ୍ୱଂ ତ୍ୱଂ ତ୍ରି ର୍ମାମ୍ ଅପହ୍ନୋଷ୍ୟସେ|
2b0e010084	ମନୋଦୁଃଖିନୋ ମା ଭୂତ; ଈଶ୍ୱରେ ୱିଶ୍ୱସିତ ମଯି ଚ ୱିଶ୍ୱସିତ|
2b0e02012c	ମମ ପିତୁ ଗୃହେ ବହୂନି ୱାସସ୍ଥାନି ସନ୍ତି ନୋ ଚେତ୍ ପୂର୍ୱ୍ୱଂ ଯୁଷ୍ମାନ୍ ଅଜ୍ଞାପଯିଷ୍ୟଂ ଯୁଷ୍ମଦର୍ଥଂ ସ୍ଥାନଂ ସଜ୍ଜଯିତୁଂ ଗଚ୍ଛାମି|
2b0e030161	ଯଦି ଗତ୍ୱାହଂ ଯୁଷ୍ମନ୍ନିମିତ୍ତଂ ସ୍ଥାନଂ ସଜ୍ଜଯାମି ତର୍ହି ପନରାଗତ୍ୟ ଯୁଷ୍ମାନ୍ ସ୍ୱସମୀପଂ ନେଷ୍ୟାମି, ତତୋ ଯତ୍ରାହଂ ତିଷ୍ଠାମି ତତ୍ର ଯୂଯମପି ସ୍ଥାସ୍ୟଥ|
2b0e0400ae	ଅହଂ ଯତ୍ସ୍ଥାନଂ ବ୍ରଜାମି ତତ୍ସ୍ଥାନଂ ଯୂଯଂ ଜାନୀଥ ତସ୍ୟ ପନ୍ଥାନମପି ଜାନୀଥ|
2b0e0500f3	ତଦା ଥୋମା ଅୱଦତ୍, ହେ ପ୍ରଭୋ ଭୱାନ୍ କୁତ୍ର ଯାତି ତଦ୍ୱଯଂ ନ ଜାନୀମଃ, ତର୍ହି କଥଂ ପନ୍ଥାନଂ ଜ୍ଞାତୁଂ ଶକ୍ନୁମଃ?
2b0e0600d2	ଯୀଶୁରକଥଯଦ୍ ଅହମେୱ ସତ୍ୟଜୀୱନରୂପପଥୋ ମଯା ନ ଗନ୍ତା କୋପି ପିତୁଃ ସମୀପଂ ଗନ୍ତୁଂ ନ ଶକ୍ନୋତି|
2b0e0700d0	ଯଦି ମାମ୍ ଅଜ୍ଞାସ୍ୟତ ତର୍ହି ମମ ପିତରମପ୍ୟଜ୍ଞାସ୍ୟତ କିନ୍ତ୍ୱଧୁନାତସ୍ତଂ ଜାନୀଥ ପଶ୍ୟଥ ଚ|
2b0e0800c2	ତଦା ଫିଲିପଃ କଥିତୱାନ୍, ହେ ପ୍ରଭୋ ପିତରଂ ଦର୍ଶଯ ତସ୍ମାଦସ୍ମାକଂ ଯଥେଷ୍ଟଂ ଭୱିଷ୍ୟତି|
2b0e0901f0	ତତୋ ଯୀଶୁଃ ପ୍ରତ୍ୟାୱାଦୀତ୍, ହେ ଫିଲିପ ଯୁଷ୍ମାଭିଃ ସାର୍ଦ୍ଧମ୍ ଏତାୱଦ୍ଦିନାନି ସ୍ଥିତମପି ମାଂ କିଂ ନ ପ୍ରତ୍ୟଭିଜାନାସି? ଯୋ ଜନୋ ମାମ୍ ଅପଶ୍ୟତ୍ ସ ପିତରମପ୍ୟପଶ୍ୟତ୍ ତର୍ହି ପିତରମ୍ ଅସ୍ମାନ୍ ଦର୍ଶଯେତି କଥାଂ କଥଂ କଥଯସି?
2b0e0a018f	ଅହଂ ପିତରି ତିଷ୍ଠାମି ପିତା ମଯି ତିଷ୍ଠତୀତି କିଂ ତ୍ୱଂ ନ ପ୍ରତ୍ୟଷି? ଅହଂ ଯଦ୍ୱାକ୍ୟଂ ୱଦାମି ତତ୍ ସ୍ୱତୋ ନ ୱଦାମି କିନ୍ତୁ ଯଃ ପିତା ମଯି ୱିରାଜତେ ସ ଏୱ ସର୍ୱ୍ୱକର୍ମ୍ମାଣି କରାତି|
2b0e0b012b	ଅତଏୱ ପିତର୍ୟ୍ୟହଂ ତିଷ୍ଠାମି ପିତା ଚ ମଯି ତିଷ୍ଠତି ମମାସ୍ୟାଂ କଥାଯାଂ ପ୍ରତ୍ୟଯଂ କୁରୁତ, ନୋ ଚେତ୍ କର୍ମ୍ମହେତୋଃ ପ୍ରତ୍ୟଯଂ କୁରୁତ|
2b0e0c0179	ଅହଂ ଯୁଷ୍ମାନତିଯଥାର୍ଥଂ ୱଦାମି, ଯୋ ଜନୋ ମଯି ୱିଶ୍ୱସିତି ସୋହମିୱ କର୍ମ୍ମାଣି କରିଷ୍ୟତି ୱରଂ ତତୋପି ମହାକର୍ମ୍ମାଣି କରିଷ୍ୟତି ଯତୋ ହେତୋରହଂ ପିତୁଃ ସମୀପଂ ଗଚ୍ଛାମି|
2b0e0d0104	ଯଥା ପୁତ୍ରେଣ ପିତୁ ର୍ମହିମା ପ୍ରକାଶତେ ତଦର୍ଥଂ ମମ ନାମ ପ୍ରୋଚ୍ୟ ଯତ୍ ପ୍ରାର୍ଥଯିଷ୍ୟଧ୍ୱେ ତତ୍ ସଫଲଂ କରିଷ୍ୟାମି|
2b0e0e009c	ଯଦି ମମ ନାମ୍ନା ଯତ୍ କିଞ୍ଚିଦ୍ ଯାଚଧ୍ୱେ ତର୍ହି ତଦହଂ ସାଧଯିଷ୍ୟାମି|
2b0e0f006c	ଯଦି ମଯି ପ୍ରୀଯଧ୍ୱେ ତର୍ହି ମମାଜ୍ଞାଃ ସମାଚରତ|
2b0e100183	ତତୋ ମଯା ପିତୁଃ ସମୀପେ ପ୍ରାର୍ଥିତେ ପିତା ନିରନ୍ତରଂ ଯୁଷ୍ମାଭିଃ ସାର୍ଦ୍ଧଂ ସ୍ଥାତୁମ୍ ଇତରମେକଂ ସହାଯମ୍ ଅର୍ଥାତ୍ ସତ୍ୟମଯମ୍ ଆତ୍ମାନଂ ଯୁଷ୍ମାକଂ ନିକଟଂ ପ୍ରେଷଯିଷ୍ୟତି|
2b0e11018c	ଏତଜ୍ଜଗତୋ ଲୋକାସ୍ତଂ ଗ୍ରହୀତୁଂ ନ ଶକ୍ନୁୱନ୍ତି ଯତସ୍ତେ ତଂ ନାପଶ୍ୟନ୍ ନାଜନଂଶ୍ଚ କିନ୍ତୁ ଯୂଯଂ ଜାନୀଥ ଯତୋ ହେତୋଃ ସ ଯୁଷ୍ମାକମନ୍ତ ର୍ନିୱସତି ଯୁଷ୍ମାକଂ ମଧ୍ୟେ ସ୍ଥାସ୍ୟତି ଚ|
2b0e1200c7	ଅହଂ ଯୁଷ୍ମାନ୍ ଅନାଥାନ୍ କୃତ୍ୱା ନ ଯାସ୍ୟାମି ପୁନରପି ଯୁଷ୍ମାକଂ ସମୀପମ୍ ଆଗମିଷ୍ୟାମି|
2b0e130157	କିଯତ୍କାଲରତ୍ ପରମ୍ ଅସ୍ୟ ଜଗତୋ ଲୋକା ମାଂ ପୁନ ର୍ନ ଦ୍ରକ୍ଷ୍ୟନ୍ତି କିନ୍ତୁ ଯୂଯଂ ଦ୍ରକ୍ଷ୍ୟଥ; ଅହଂ ଜୀୱିଷ୍ୟାମି ତସ୍ମାତ୍ କାରଣାଦ୍ ଯୂଯମପି ଜୀୱିଷ୍ୟଥ|
2b0e1400b9	ପିତର୍ୟ୍ୟହମସ୍ମି ମଯି ଚ ଯୂଯଂ ସ୍ଥ, ତଥାହଂ ଯୁଷ୍ମାସ୍ୱସ୍ମି ତଦପି ତଦା ଜ୍ଞାସ୍ୟଥ|
2b0e1501a3	ଯୋ ଜନୋ ମମାଜ୍ଞା ଗୃହୀତ୍ୱା ତା ଆଚରତି ସଏୱ ମଯି ପ୍ରୀଯତେ; ଯୋ ଜନଶ୍ଚ ମଯି ପ୍ରୀଯତେ ସଏୱ ମମ ପିତୁଃ ପ୍ରିଯପାତ୍ରଂ ଭୱିଷ୍ୟତି, ତଥାହମପି ତସ୍ମିନ୍ ପ୍ରୀତ୍ୱା ତସ୍ମୈ ସ୍ୱଂ ପ୍ରକାଶଯିଷ୍ୟାମି|
2b0e16016e	ତଦା ଈଷ୍କରିଯୋତୀଯାଦ୍ ଅନ୍ୟୋ ଯିହୂଦାସ୍ତମୱଦତ୍, ହେ ପ୍ରଭୋ ଭୱାନ୍ ଜଗତୋ ଲୋକାନାଂ ସନ୍ନିଧୌ ପ୍ରକାଶିତୋ ନ ଭୂତ୍ୱାସ୍ମାକଂ ସନ୍ନିଧୌ କୁତଃ ପ୍ରକାଶିତୋ ଭୱିଷ୍ୟତି?
2b0e17017a	ତତୋ ଯୀଶୁଃ ପ୍ରତ୍ୟୁଦିତୱାନ୍, ଯୋ ଜନୋ ମଯି ପ୍ରୀଯତେ ସ ମମାଜ୍ଞା ଅପି ଗୃହ୍ଲାତି, ତେନ ମମ ପିତାପି ତସ୍ମିନ୍ ପ୍ରେଷ୍ୟତେ, ଆୱାଞ୍ଚ ତନ୍ନିକଟମାଗତ୍ୟ ତେନ ସହ ନିୱତ୍ସ୍ୟାୱଃ|
2b0e18015a	ଯୋ ଜନୋ ମଯି ନ ପ୍ରୀଯତେ ସ ମମ କଥା ଅପି ନ ଗୃହ୍ଲାତି ପୁନଶ୍ଚ ଯାମିମାଂ କଥାଂ ଯୂଯଂ ଶୃଣୁଥ ସା କଥା କେୱଲସ୍ୟ ମମ ନ କିନ୍ତୁ ମମ ପ୍ରେରକୋ ଯଃ ପିତା ତସ୍ୟାପି କଥା|
2b0e19009e	ଇଦାନୀଂ ଯୁଷ୍ମାକଂ ନିକଟେ ୱିଦ୍ୟମାନୋହମ୍ ଏତାଃ ସକଲାଃ କଥାଃ କଥଯାମି|
2b0e1a017d	କିନ୍ତ୍ୱିତଃ ପରଂ ପିତ୍ରା ଯଃ ସହାଯୋଽର୍ଥାତ୍ ପୱିତ୍ର ଆତ୍ମା ମମ ନାମ୍ନି ପ୍ରେରଯିଷ୍ୟତି ସ ସର୍ୱ୍ୱଂ ଶିକ୍ଷଯିତ୍ୱା ମଯୋକ୍ତାଃ ସମସ୍ତାଃ କଥା ଯୁଷ୍ମାନ୍ ସ୍ମାରଯିଷ୍ୟତି|
2b0e1b01ad	ଅହଂ ଯୁଷ୍ମାକଂ ନିକଟେ ଶାନ୍ତିଂ ସ୍ଥାପଯିତ୍ୱା ଯାମି, ନିଜାଂ ଶାନ୍ତିଂ ଯୁଷ୍ମଭ୍ୟଂ ଦଦାମି, ଜଗତୋ ଲୋକା ଯଥା ଦଦାତି ତଥାହଂ ନ ଦଦାମି; ଯୁଷ୍ମାକମ୍ ଅନ୍ତଃକରଣାନି ଦୁଃଖିତାନି ଭୀତାନି ଚ ନ ଭୱନ୍ତୁ|
2b0e1c0206	ଅହଂ ଗତ୍ୱା ପୁନରପି ଯୁଷ୍ମାକଂ ସମୀପମ୍ ଆଗମିଷ୍ୟାମି ମଯୋକ୍ତଂ ୱାକ୍ୟମିଦଂ ଯୂଯମ୍ ଅଶ୍ରୌଷ୍ଟ; ଯଦି ମଯ୍ୟପ୍ରେଷ୍ୟଧ୍ୱଂ ତର୍ହ୍ୟହଂ ପିତୁଃ ସମୀପଂ ଗଚ୍ଛାମି ମମାସ୍ୟାଂ କଥାଯାଂ ଯୂଯମ୍ ଅହ୍ଲାଦିଷ୍ୟଧ୍ୱଂ ଯତୋ ମମ ପିତା ମତ୍ତୋପି ମହାନ୍|
2b0e1d0143	ତସ୍ୟା ଘଟନାଯାଃ ସମଯେ ଯଥା ଯୁଷ୍ମାକଂ ଶ୍ରଦ୍ଧା ଜାଯତେ ତଦର୍ଥମ୍ ଅହଂ ତସ୍ୟା ଘଟନାଯାଃ ପୂର୍ୱ୍ୱମ୍ ଇଦାନୀଂ ଯୁଷ୍ମାନ୍ ଏତାଂ ୱାର୍ତ୍ତାଂ ୱଦାମି|
2b0e1e0144	ଇତଃ ପରଂ ଯୁଷ୍ମାଭିଃ ସହ ମମ ବହୱ ଆଲାପା ନ ଭୱିଷ୍ୟନ୍ତି ଯତଃ କାରଣାଦ୍ ଏତସ୍ୟ ଜଗତଃ ପତିରାଗଚ୍ଛତି କିନ୍ତୁ ମଯା ସହ ତସ୍ୟ କୋପି ସମ୍ବନ୍ଧୋ ନାସ୍ତି|
2b0e1f0150	ଅହଂ ପିତରି ପ୍ରେମ କରୋମି ତଥା ପିତୁ ର୍ୱିଧିୱତ୍ କର୍ମ୍ମାଣି କରୋମୀତି ଯେନ ଜଗତୋ ଲୋକା ଜାନନ୍ତି ତଦର୍ଥମ୍ ଉତ୍ତିଷ୍ଠତ ୱଯଂ ସ୍ଥାନାଦସ୍ମାଦ୍ ଗଚ୍ଛାମ|
2b0f0100a7	ଅହଂ ସତ୍ୟଦ୍ରାକ୍ଷାଲତାସ୍ୱରୂପୋ ମମ ପିତା ତୂଦ୍ୟାନପରିଚାରକସ୍ୱରୂପଞ୍ଚ|
2b0f020110	ମମ ଯାସୁ ଶାଖାସୁ ଫଲାନି ନ ଭୱନ୍ତି ତାଃ ସ ଛିନତ୍ତି ତଥା ଫଲୱତ୍ୟଃ ଶାଖା ଯଥାଧିକଫଲାନି ଫଲନ୍ତି ତଦର୍ଥଂ ତାଃ ପରିଷ୍କରୋତି|
2b0f030067	ଇଦାନୀଂ ମଯୋକ୍ତୋପଦେଶେନ ଯୂଯଂ ପରିଷ୍କୃତାଃ|
2b0f0401c6	ଅତଃ କାରଣାତ୍ ମଯି ତିଷ୍ଠତ ତେନାହମପି ଯୁଷ୍ମାସୁ ତିଷ୍ଠାମି, ଯତୋ ହେତୋ ର୍ଦ୍ରାକ୍ଷାଲତାଯାମ୍ ଅସଂଲଗ୍ନା ଶାଖା ଯଥା ଫଲୱତୀ ଭୱିତୁଂ ନ ଶକ୍ନୋତି ତଥା ଯୂଯମପି ମଯ୍ୟତିଷ୍ଠନ୍ତଃ ଫଲୱନ୍ତୋ ଭୱିତୁଂ ନ ଶକ୍ନୁଥ|
2b0f05019a	ଅହଂ ଦ୍ରାକ୍ଷାଲତାସ୍ୱରୂପୋ ଯୂଯଞ୍ଚ ଶାଖାସ୍ୱରୂପୋଃ; ଯୋ ଜନୋ ମଯି ତିଷ୍ଠତି ଯତ୍ର ଚାହଂ ତିଷ୍ଠାମି, ସ ପ୍ରଚୂରଫଲୈଃ ଫଲୱାନ୍ ଭୱତି, କିନ୍ତୁ ମାଂ ୱିନା ଯୂଯଂ କିମପି କର୍ତ୍ତୁଂ ନ ଶକ୍ନୁଥ|
2b0f06010b	ଯଃ କଶ୍ଚିନ୍ ମଯି ନ ତିଷ୍ଠତି ସ ଶୁଷ୍କଶାଖେୱ ବହି ର୍ନିକ୍ଷିପ୍ୟତେ ଲୋକାଶ୍ଚ ତା ଆହୃତ୍ୟ ୱହ୍ନୌ ନିକ୍ଷିପ୍ୟ ଦାହଯନ୍ତି|
2b0f07011f	ଯଦି ଯୂଯଂ ମଯି ତିଷ୍ଠଥ ମମ କଥା ଚ ଯୁଷ୍ମାସୁ ତିଷ୍ଠତି ତର୍ହି ଯଦ୍ ୱାଞ୍ଛିତ୍ୱା ଯାଚିଷ୍ୟଧ୍ୱେ ଯୁଷ୍ମାକଂ ତଦେୱ ସଫଲଂ ଭୱିଷ୍ୟତି|
2b0f08012a	ଯଦି ଯୂଯଂ ପ୍ରଚୂରଫଲୱନ୍ତୋ ଭୱଥ ତର୍ହି ତଦ୍ୱାରା ମମ ପିତୁ ର୍ମହିମା ପ୍ରକାଶିଷ୍ୟତେ ତଥା ଯୂଯଂ ମମ ଶିଷ୍ୟା ଇତି ପରିକ୍ଷାଯିଷ୍ୟଧ୍ୱେ|
2b0f090124	ପିତା ଯଥା ମଯି ପ୍ରୀତୱାନ୍ ଅହମପି ଯୁଷ୍ମାସୁ ତଥା ପ୍ରୀତୱାନ୍ ଅତୋ ହେତୋ ର୍ୟୂଯଂ ନିରନ୍ତରଂ ମମ ପ୍ରେମପାତ୍ରାଣି ଭୂତ୍ୱା ତିଷ୍ଠତ|
2b0f0a013c	ଅହଂ ଯଥା ପିତୁରାଜ୍ଞା ଗୃହୀତ୍ୱା ତସ୍ୟ ପ୍ରେମଭାଜନଂ ତିଷ୍ଠାମି ତଥୈୱ ଯୂଯମପି ଯଦି ମମାଜ୍ଞା ଗୁହ୍ଲୀଥ ତର୍ହି ମମ ପ୍ରେମଭାଜନାନି ସ୍ଥାସ୍ୟଥ|
2b0f0b013d	ଯୁଷ୍ମନ୍ନିମିତ୍ତଂ ମମ ଯ ଆହ୍ଲାଦଃ ସ ଯଥା ଚିରଂ ତିଷ୍ଠତି ଯୁଷ୍ମାକମ୍ ଆନନ୍ଦଶ୍ଚ ଯଥା ପୂର୍ୟ୍ୟତେ ତଦର୍ଥଂ ଯୁଷ୍ମଭ୍ୟମ୍ ଏତାଃ କଥା ଅତ୍ରକଥମ୍|
2b0f0c00b2	ଅହଂ ଯୁଷ୍ମାସୁ ଯଥା ପ୍ରୀଯେ ଯୂଯମପି ପରସ୍ପରଂ ତଥା ପ୍ରୀଯଧ୍ୱମ୍ ଏଷା ମମାଜ୍ଞା|
2b0f0d00e4	ମିତ୍ରାଣାଂ କାରଣାତ୍ ସ୍ୱପ୍ରାଣଦାନପର୍ୟ୍ୟନ୍ତଂ ଯତ୍ ପ୍ରେମ ତସ୍ମାନ୍ ମହାପ୍ରେମ କସ୍ୟାପି ନାସ୍ତି|
2b0f0e00b3	ଅହଂ ଯଦ୍ୟଦ୍ ଆଦିଶାମି ତତ୍ତଦେୱ ଯଦି ଯୂଯମ୍ ଆଚରତ ତର୍ହି ଯୂଯମେୱ ମମ ମିତ୍ରାଣି|
2b0f0f01f4	ଅଦ୍ୟାରଭ୍ୟ ଯୁଷ୍ମାନ୍ ଦାସାନ୍ ନ ୱଦିଷ୍ୟାମି ଯତ୍ ପ୍ରଭୁ ର୍ୟତ୍ କରୋତି ଦାସସ୍ତଦ୍ ନ ଜାନାତି; କିନ୍ତୁ ପିତୁଃ ସମୀପେ ଯଦ୍ୟଦ୍ ଅଶୃଣୱଂ ତତ୍ ସର୍ୱ୍ୱଂ ଯୂଷ୍ମାନ୍ ଅଜ୍ଞାପଯମ୍ ତତ୍କାରଣାଦ୍ ଯୁଷ୍ମାନ୍ ମିତ୍ରାଣି ପ୍ରୋକ୍ତୱାନ୍|
2b0f100252	ଯୂଯଂ ମାଂ ରୋଚିତୱନ୍ତ ଇତି ନ, କିନ୍ତ୍ୱହମେୱ ଯୁଷ୍ମାନ୍ ରୋଚିତୱାନ୍ ଯୂଯଂ ଗତ୍ୱା ଯଥା ଫଲାନ୍ୟୁତ୍ପାଦଯଥ ତାନି ଫଲାନି ଚାକ୍ଷଯାଣି ଭୱନ୍ତି, ତଦର୍ଥଂ ଯୁଷ୍ମାନ୍ ନ୍ୟଜୁନଜଂ ତସ୍ମାନ୍ ମମ ନାମ ପ୍ରୋଚ୍ୟ ପିତରଂ ଯତ୍ କିଞ୍ଚିଦ୍ ଯାଚିଷ୍ୟଧ୍ୱେ ତଦେୱ ସ ଯୁଷ୍ମଭ୍ୟଂ ଦାସ୍ୟତି|
2b0f11007a	ଯୂଯଂ ପରସ୍ପରଂ ପ୍ରୀଯଧ୍ୱମ୍ ଅହମ୍ ଇତ୍ୟାଜ୍ଞାପଯାମି|
2b0f1200cd	ଜଗତୋ ଲୋକୈ ର୍ୟୁଷ୍ମାସୁ ଋତୀଯିତେଷୁ ତେ ପୂର୍ୱ୍ୱଂ ମାମେୱାର୍ତ୍ତୀଯନ୍ତ ଇତି ଯୂଯଂ ଜାନୀଥ|
2b0f1301fe	ଯଦି ଯୂଯଂ ଜଗତୋ ଲୋକା ଅଭୱିଷ୍ୟତ ତର୍ହି ଜଗତୋ ଲୋକା ଯୁଷ୍ମାନ୍ ଆତ୍ମୀଯାନ୍ ବୁଦ୍ଧ୍ୱାପ୍ରେଷ୍ୟନ୍ତ; କିନ୍ତୁ ଯୂଯଂ ଜଗତୋ ଲୋକା ନ ଭୱଥ, ଅହଂ ଯୁଷ୍ମାନ୍ ଅସ୍ମାଜ୍ଜଗତୋଽରୋଚଯମ୍ ଏତସ୍ମାତ୍ କାରଣାଜ୍ଜଗତୋ ଲୋକା ଯୁଷ୍ମାନ୍ ଋତୀଯନ୍ତେ|
2b0f1401c9	ଦାସଃ ପ୍ରଭୋ ର୍ମହାନ୍ ନ ଭୱତି ମମୈତତ୍ ପୂର୍ୱ୍ୱୀଯଂ ୱାକ୍ୟଂ ସ୍ମରତ; ତେ ଯଦି ମାମେୱାତାଡଯନ୍ ତର୍ହି ଯୁଷ୍ମାନପି ତାଡଯିଷ୍ୟନ୍ତି, ଯଦି ମମ ୱାକ୍ୟଂ ଗୃହ୍ଲନ୍ତି ତର୍ହି ଯୁଷ୍ମାକମପି ୱାକ୍ୟଂ ଗ୍ରହୀଷ୍ୟନ୍ତି|
2b0f15010c	କିନ୍ତୁ ତେ ମମ ନାମକାରଣାଦ୍ ଯୁଷ୍ମାନ୍ ପ୍ରତି ତାଦୃଶଂ ୱ୍ୟୱହରିଷ୍ୟନ୍ତି ଯତୋ ଯୋ ମାଂ ପ୍ରେରିତୱାନ୍ ତଂ ତେ ନ ଜାନନ୍ତି|
2b0f160140	ତେଷାଂ ସନ୍ନିଧିମ୍ ଆଗତ୍ୟ ଯଦ୍ୟହଂ ନାକଥଯିଷ୍ୟଂ ତର୍ହି ତେଷାଂ ପାପଂ ନାଭୱିଷ୍ୟତ୍ କିନ୍ତ୍ୱଧୁନା ତେଷାଂ ପାପମାଚ୍ଛାଦଯିତୁମ୍ ଉପାଯୋ ନାସ୍ତି|
2b0f170065	ଯୋ ଜନୋ ମାମ୍ ଋତୀଯତେ ସ ମମ ପିତରମପି ଋତୀଯତେ|
2b0f1801e1	ଯାଦୃଶାନି କର୍ମ୍ମାଣି କେନାପି କଦାପି ନାକ୍ରିଯନ୍ତ ତାଦୃଶାନି କର୍ମ୍ମାଣି ଯଦି ତେଷାଂ ସାକ୍ଷାଦ୍ ଅହଂ ନାକରିଷ୍ୟଂ ତର୍ହି ତେଷାଂ ପାପଂ ନାଭୱିଷ୍ୟତ୍ କିନ୍ତ୍ୱଧୁନା ତେ ଦୃଷ୍ଟ୍ୱାପି ମାଂ ମମ ପିତରଞ୍ଚାର୍ତ୍ତୀଯନ୍ତ|
2b0f1900ea	ତସ୍ମାତ୍ ତେଽକାରଣଂ ମାମ୍ ଋତୀଯନ୍ତେ ଯଦେତଦ୍ ୱଚନଂ ତେଷାଂ ଶାସ୍ତ୍ରେ ଲିଖିତମାସ୍ତେ ତତ୍ ସଫଲମ୍ ଅଭୱତ୍|
2b0f1a0155	କିନ୍ତୁ ପିତୁ ର୍ନିର୍ଗତଂ ଯଂ ସହାଯମର୍ଥାତ୍ ସତ୍ୟମଯମ୍ ଆତ୍ମାନଂ ପିତୁଃ ସମୀପାଦ୍ ଯୁଷ୍ମାକଂ ସମୀପେ ପ୍ରେଷଯିଷ୍ୟାମି ସ ଆଗତ୍ୟ ମଯି ପ୍ରମାଣଂ ଦାସ୍ୟତି|
2b0f1b00c9	ଯୂଯଂ ପ୍ରଥମମାରଭ୍ୟ ମଯା ସାର୍ଦ୍ଧଂ ତିଷ୍ଠଥ ତସ୍ମାଦ୍ଧେତୋ ର୍ୟୂଯମପି ପ୍ରମାଣଂ ଦାସ୍ୟଥ|
2b100100c1	ଯୁଷ୍ମାକଂ ଯଥା ୱାଧା ନ ଜାଯତେ ତଦର୍ଥଂ ଯୁଷ୍ମାନ୍ ଏତାନି ସର୍ୱ୍ୱୱାକ୍ୟାନି ୱ୍ୟାହରଂ|
2b1002017d	ଲୋକା ଯୁଷ୍ମାନ୍ ଭଜନଗୃହେଭ୍ୟୋ ଦୂରୀକରିଷ୍ୟନ୍ତି ତଥା ଯସ୍ମିନ୍ ସମଯେ ଯୁଷ୍ମାନ୍ ହତ୍ୱା ଈଶ୍ୱରସ୍ୟ ତୁଷ୍ଟି ଜନକଂ କର୍ମ୍ମାକୁର୍ମ୍ମ ଇତି ମଂସ୍ୟନ୍ତେ ସ ସମଯ ଆଗଚ୍ଛନ୍ତି|
2b100300b2	ତେ ପିତରଂ ମାଞ୍ଚ ନ ଜାନନ୍ତି, ତସ୍ମାଦ୍ ଯୁଷ୍ମାନ୍ ପ୍ରତୀଦୃଶମ୍ ଆଚରିଷ୍ୟନ୍ତି|
2b100401b5	ଅତୋ ହେତାଃ ସମଯେ ସମୁପସ୍ଥିତେ ଯଥା ମମ କଥା ଯୁଷ୍ମାକଂ ମନଃସୁଃ ସମୁପତିଷ୍ଠତି ତଦର୍ଥଂ ଯୁଷ୍ମାଭ୍ୟମ୍ ଏତାଂ କଥାଂ କଥଯାମି ଯୁଷ୍ମାଭିଃ ସାର୍ଦ୍ଧମ୍ ଅହଂ ତିଷ୍ଠନ୍ ପ୍ରଥମଂ ତାଂ ଯୁଷ୍ମଭ୍ୟଂ ନାକଥଯଂ|
2b10050111	ସାମ୍ପ୍ରତଂ ସ୍ୱସ୍ୟ ପ୍ରେରଯିତୁଃ ସମୀପଂ ଗଚ୍ଛାମି ତଥାପି ତ୍ୱଂ କ୍କ ଗଚ୍ଛସି କଥାମେତାଂ ଯୁଷ୍ମାକଂ କୋପି ମାଂ ନ ପୃଚ୍ଛତି|
2b100600cd	କିନ୍ତୁ ମଯୋକ୍ତାଭିରାଭିଃ କଥାଭି ର୍ୟୂଷ୍ମାକମ୍ ଅନ୍ତଃକରଣାନି ଦୁଃଖେନ ପୂର୍ଣାନ୍ୟଭୱନ୍|
2b100701bd	ତଥାପ୍ୟହଂ ଯଥାର୍ଥଂ କଥଯାମି ମମ ଗମନଂ ଯୁଷ୍ମାକଂ ହିତାର୍ଥମେୱ, ଯତୋ ହେତୋ ର୍ଗମନେ ନ କୃତେ ସହାଯୋ ଯୁଷ୍ମାକଂ ସମୀପଂ ନାଗମିଷ୍ୟତି କିନ୍ତୁ ଯଦି ଗଚ୍ଛାମି ତର୍ହି ଯୁଷ୍ମାକଂ ସମୀପେ ତଂ ପ୍ରେଷଯିଷ୍ୟାମି|
2b100800a1	ତତଃ ସ ଆଗତ୍ୟ ପାପପୁଣ୍ୟଦଣ୍ଡେଷୁ ଜଗତୋ ଲୋକାନାଂ ପ୍ରବୋଧଂ ଜନଯିଷ୍ୟତି|
2b10090094	ତେ ମଯି ନ ୱିଶ୍ୱସନ୍ତି ତସ୍ମାଦ୍ଧେତୋଃ ପାପପ୍ରବୋଧଂ ଜନଯିଷ୍ୟତି|
2b100a00d6	ଯୁଷ୍ମାକମ୍ ଅଦୃଶ୍ୟଃ ସନ୍ନହଂ ପିତୁଃ ସମୀପଂ ଗଚ୍ଛାମି ତସ୍ମାଦ୍ ପୁଣ୍ୟେ ପ୍ରବୋଧଂ ଜନଯିଷ୍ୟତି|
2b100b00c7	ଏତଜ୍ଜଗତୋଽଧିପତି ର୍ଦଣ୍ଡାଜ୍ଞାଂ ପ୍ରାପ୍ନୋତି ତସ୍ମାଦ୍ ଦଣ୍ଡେ ପ୍ରବୋଧଂ ଜନଯିଷ୍ୟତି|
2b100c00be	ଯୁଷ୍ମଭ୍ୟଂ କଥଯିତୁଂ ମମାନେକାଃ କଥା ଆସତେ, ତାଃ କଥା ଇଦାନୀଂ ଯୂଯଂ ସୋଢୁଂ ନ ଶକ୍ନୁଥ;
2b100d01c4	କିନ୍ତୁ ସତ୍ୟମଯ ଆତ୍ମା ଯଦା ସମାଗମିଷ୍ୟତି ତଦା ସର୍ୱ୍ୱଂ ସତ୍ୟଂ ଯୁଷ୍ମାନ୍ ନେଷ୍ୟତି, ସ ସ୍ୱତଃ କିମପି ନ ୱଦିଷ୍ୟତି କିନ୍ତୁ ଯଚ୍ଛ୍ରୋଷ୍ୟତି ତଦେୱ କଥଯିତ୍ୱା ଭାୱିକାର୍ୟ୍ୟଂ ଯୁଷ୍ମାନ୍ ଜ୍ଞାପଯିଷ୍ୟତି|
2b100e00c0	ମମ ମହିମାନଂ ପ୍ରକାଶଯିଷ୍ୟତି ଯତୋ ମଦୀଯାଂ କଥାଂ ଗୃହୀତ୍ୱା ଯୁଷ୍ମାନ୍ ବୋଧଯିଷ୍ୟତି|
2b100f0114	ପିତୁ ର୍ୟଦ୍ୟଦ୍ ଆସ୍ତେ ତତ୍ ସର୍ୱ୍ୱଂ ମମ ତସ୍ମାଦ୍ କାରଣାଦ୍ ଅୱାଦିଷଂ ସ ମଦୀଯାଂ କଥାଂ ଗୃହୀତ୍ୱା ଯୁଷ୍ମାନ୍ ବୋଧଯିଷ୍ୟତି|
2b1010014c	କିଯତ୍କାଲାତ୍ ପରଂ ଯୂଯଂ ମାଂ ଦ୍ରଷ୍ଟୁଂ ନ ଲପ୍ସ୍ୟଧ୍ୱେ କିନ୍ତୁ କିଯତ୍କାଲାତ୍ ପରଂ ପୁନ ର୍ଦ୍ରଷ୍ଟୁଂ ଲପ୍ସ୍ୟଧ୍ୱେ ଯତୋହଂ ପିତୁଃ ସମୀପଂ ଗଚ୍ଛାମି|
2b1011021e	ତତଃ ଶିଷ୍ୟାଣାଂ କିଯନ୍ତୋ ଜନାଃ ପରସ୍ପରଂ ୱଦିତୁମ୍ ଆରଭନ୍ତ, କିଯତ୍କାଲାତ୍ ପରଂ ମାଂ ଦ୍ରଷ୍ଟୁଂ ନ ଲପ୍ସ୍ୟଧ୍ୱେ କିନ୍ତୁ କିଯତ୍କାଲାତ୍ ପରଂ ପୁନ ର୍ଦ୍ରଷ୍ଟୁଂ ଲପ୍ସ୍ୟଧ୍ୱେ ଯତୋହଂ ପିତୁଃ ସମୀପଂ ଗଚ୍ଛାମି, ଇତି ଯଦ୍ ୱାକ୍ୟମ୍ ଅଯଂ ୱଦତି ତତ୍ କିଂ?
2b101200fd	ତତଃ କିଯତ୍କାଲାତ୍ ପରମ୍ ଇତି ତସ୍ୟ ୱାକ୍ୟଂ କିଂ? ତସ୍ୟ ୱାକ୍ୟସ୍ୟାଭିପ୍ରାଯଂ ୱଯଂ ବୋଦ୍ଧୁଂ ନ ଶକ୍ନୁମସ୍ତୈରିତି
2b10130237	ନିଗଦିତେ ଯୀଶୁସ୍ତେଷାଂ ପ୍ରଶ୍ନେଚ୍ଛାଂ ଜ୍ଞାତ୍ୱା ତେଭ୍ୟୋଽକଥଯତ୍ କିଯତ୍କାଲାତ୍ ପରଂ ମାଂ ଦ୍ରଷ୍ଟୁଂ ନ ଲପ୍ସ୍ୟଧ୍ୱେ, କିନ୍ତୁ କିଯତ୍କାଲାତ୍ ପରଂ ପୂନ ର୍ଦ୍ରଷ୍ଟୁଂ ଲପ୍ସ୍ୟଧ୍ୱେ, ଯାମିମାଂ କଥାମକଥଯଂ ତସ୍ୟା ଅଭିପ୍ରାଯଂ କିଂ ଯୂଯଂ ପରସ୍ପରଂ ମୃଗଯଧ୍ୱେ?
2b10140198	ଯୁଷ୍ମାନହମ୍ ଅତିଯଥାର୍ଥଂ ୱଦାମି ଯୂଯଂ କ୍ରନ୍ଦିଷ୍ୟଥ ୱିଲପିଷ୍ୟଥ ଚ, କିନ୍ତୁ ଜଗତୋ ଲୋକା ଆନନ୍ଦିଷ୍ୟନ୍ତି; ଯୂଯଂ ଶୋକାକୁଲା ଭୱିଷ୍ୟଥ କିନ୍ତୁ ଶୋକାତ୍ ପରଂ ଆନନ୍ଦଯୁକ୍ତା ଭୱିଷ୍ୟଥ|
2b101501c5	ପ୍ରସୱକାଲ ଉପସ୍ଥିତେ ନାରୀ ଯଥା ପ୍ରସୱୱେଦନଯା ୱ୍ୟାକୁଲା ଭୱତି କିନ୍ତୁ ପୁତ୍ରେ ଭୂମିଷ୍ଠେ ସତି ମନୁଷ୍ୟୈକୋ ଜନ୍ମନା ନରଲୋକେ ପ୍ରୱିଷ୍ଟ ଇତ୍ୟାନନ୍ଦାତ୍ ତସ୍ୟାସ୍ତତ୍ସର୍ୱ୍ୱଂ ଦୁଃଖଂ ମନସି ନ ତିଷ୍ଠତି,
2b101601cd	ତଥା ଯୂଯମପି ସାମ୍ପ୍ରତଂ ଶୋକାକୁଲା ଭୱଥ କିନ୍ତୁ ପୁନରପି ଯୁଷ୍ମଭ୍ୟଂ ଦର୍ଶନଂ ଦାସ୍ୟାମି ତେନ ଯୁଷ୍ମାକମ୍ ଅନ୍ତଃକରଣାନି ସାନନ୍ଦାନି ଭୱିଷ୍ୟନ୍ତି, ଯୁଷ୍ମାକଂ ତମ୍ ଆନନ୍ଦଞ୍ଚ କୋପି ହର୍ତ୍ତୁଂ ନ ଶକ୍ଷ୍ୟତି|
2b10170153	ତସ୍ମିନ୍ ଦିୱସେ କାମପି କଥାଂ ମାଂ ନ ପ୍ରକ୍ଷ୍ୟଥ| ଯୁଷ୍ମାନହମ୍ ଅତିଯଥାର୍ଥଂ ୱଦାମି, ମମ ନାମ୍ନା ଯତ୍ କିଞ୍ଚିଦ୍ ପିତରଂ ଯାଚିଷ୍ୟଧ୍ୱେ ତଦେୱ ସ ଦାସ୍ୟତି|
2b10180112	ପୂର୍ୱ୍ୱେ ମମ ନାମ୍ନା କିମପି ନାଯାଚଧ୍ୱଂ, ଯାଚଧ୍ୱଂ ତତଃ ପ୍ରାପ୍ସ୍ୟଥ ତସ୍ମାଦ୍ ଯୁଷ୍ମାକଂ ସମ୍ପୂର୍ଣାନନ୍ଦୋ ଜନିଷ୍ୟତେ|
2b10190175	ଉପମାକଥାଭିଃ ସର୍ୱ୍ୱାଣ୍ୟେତାନି ଯୁଷ୍ମାନ୍ ଜ୍ଞାପିତୱାନ୍ କିନ୍ତୁ ଯସ୍ମିନ୍ ସମଯେ ଉପମଯା ନୋକ୍ତ୍ୱା ପିତୁଃ କଥାଂ ସ୍ପଷ୍ଟଂ ଜ୍ଞାପଯିଷ୍ୟାମି ସମଯ ଏତାଦୃଶ ଆଗଚ୍ଛତି|
2b101a00e3	ତଦା ମମ ନାମ୍ନା ପ୍ରାର୍ଥଯିଷ୍ୟଧ୍ୱେ ଽହଂ ଯୁଷ୍ମନ୍ନିମିତ୍ତଂ ପିତରଂ ୱିନେଷ୍ୟେ କଥାମିମାଂ ନ ୱଦାମି;
2b101b014f	ଯତୋ ଯୂଯଂ ମଯି ପ୍ରେମ କୁରୁଥ, ତଥାହମ୍ ଈଶ୍ୱରସ୍ୟ ସମୀପାଦ୍ ଆଗତୱାନ୍ ଇତ୍ୟପି ପ୍ରତୀଥ, ତସ୍ମାଦ୍ କାରଣାତ୍ କାରଣାତ୍ ପିତା ସ୍ୱଯଂ ଯୁଷ୍ମାସୁ ପ୍ରୀଯତେ|
2b101c00c1	ପିତୁଃ ସମୀପାଜ୍ଜଜଦ୍ ଆଗତୋସ୍ମି ଜଗତ୍ ପରିତ୍ୟଜ୍ୟ ଚ ପୁନରପି ପିତୁଃ ସମୀପଂ ଗଚ୍ଛାମି|
2b101d00ad	ତଦା ଶିଷ୍ୟା ଅୱଦନ୍, ହେ ପ୍ରଭୋ ଭୱାନ୍ ଉପମଯା ନୋକ୍ତ୍ୱାଧୁନା ସ୍ପଷ୍ଟଂ ୱଦତି|
2b101e01a7	ଭୱାନ୍ ସର୍ୱ୍ୱଜ୍ଞଃ କେନଚିତ୍ ପୃଷ୍ଟୋ ଭୱିତୁମପି ଭୱତଃ ପ୍ରଯୋଜନଂ ନାସ୍ତୀତ୍ୟଧୁନାସ୍ମାକଂ ସ୍ଥିରଜ୍ଞାନଂ ଜାତଂ ତସ୍ମାଦ୍ ଭୱାନ୍ ଈଶ୍ୱରସ୍ୟ ସମୀପାଦ୍ ଆଗତୱାନ୍ ଇତ୍ୟତ୍ର ୱଯଂ ୱିଶ୍ୱସିମଃ|
2b101f0082	ତତୋ ଯୀଶୁଃ ପ୍ରତ୍ୟୱାଦୀଦ୍ ଇଦାନୀଂ କିଂ ଯୂଯଂ ୱିଶ୍ୱସିଥ?
2b102001e3	ପଶ୍ୟତ ସର୍ୱ୍ୱେ ଯୂଯଂ ୱିକୀର୍ଣାଃ ସନ୍ତୋ ମାମ୍ ଏକାକିନଂ ପୀରତ୍ୟଜ୍ୟ ସ୍ୱଂ ସ୍ୱଂ ସ୍ଥାନଂ ଗମିଷ୍ୟଥ, ଏତାଦୃଶଃ ସମଯ ଆଗଚ୍ଛତି ୱରଂ ପ୍ରାଯେଣୋପସ୍ଥିତୱାନ୍; ତଥାପ୍ୟହଂ ନୈକାକୀ ଭୱାମି ଯତଃ ପିତା ମଯା ସାର୍ଦ୍ଧମ୍ ଆସ୍ତେ|
2b1021017a	ଯଥା ମଯା ଯୁଷ୍ମାକଂ ଶାନ୍ତି ର୍ଜାଯତେ ତଦର୍ଥମ୍ ଏତାଃ କଥା ଯୁଷ୍ମଭ୍ୟମ୍ ଅଚକଥଂ; ଅସ୍ମିନ୍ ଜଗତି ଯୁଷ୍ମାକଂ କ୍ଲେଶୋ ଘଟିଷ୍ୟତେ କିନ୍ତ୍ୱକ୍ଷୋଭା ଭୱତ ଯତୋ ମଯା ଜଗଜ୍ଜିତଂ|
2b110101bc	ତତଃ ପରଂ ଯୀଶୁରେତାଃ କଥାଃ କଥଯିତ୍ୱା ସ୍ୱର୍ଗଂ ୱିଲୋକ୍ୟୈତତ୍ ପ୍ରାର୍ଥଯତ୍, ହେ ପିତଃ ସମଯ ଉପସ୍ଥିତୱାନ୍; ଯଥା ତୱ ପୁତ୍ରସ୍ତୱ ମହିମାନଂ ପ୍ରକାଶଯତି ତଦର୍ଥଂ ତ୍ୱଂ ନିଜପୁତ୍ରସ୍ୟ ମହିମାନଂ ପ୍ରକାଶଯ|
2b1102015c	ତ୍ୱଂ ଯୋଲ୍ଲୋକାନ୍ ତସ୍ୟ ହସ୍ତେ ସମର୍ପିତୱାନ୍ ସ ଯଥା ତେଭ୍ୟୋଽନନ୍ତାଯୁ ର୍ଦଦାତି ତଦର୍ଥଂ ତ୍ୱଂ ପ୍ରାଣିମାତ୍ରାଣାମ୍ ଅଧିପତିତ୍ୱଭାରଂ ତସ୍ମୈ ଦତ୍ତୱାନ୍|
2b11030122	ଯସ୍ତ୍ୱମ୍ ଅଦ୍ୱିତୀଯଃ ସତ୍ୟ ଈଶ୍ୱରସ୍ତ୍ୱଯା ପ୍ରେରିତଶ୍ଚ ଯୀଶୁଃ ଖ୍ରୀଷ୍ଟ ଏତଯୋରୁଭଯୋଃ ପରିଚଯେ ପ୍ରାପ୍ତେଽନନ୍ତାଯୁ ର୍ଭୱତି|
2b110400fb	ତ୍ୱଂ ଯସ୍ୟ କର୍ମ୍ମଣୋ ଭାରଂ ମହ୍ୟଂ ଦତ୍ତୱାନ୍, ତତ୍ ସମ୍ପନ୍ନଂ କୃତ୍ୱା ଜଗତ୍ୟସ୍ମିନ୍ ତୱ ମହିମାନଂ ପ୍ରାକାଶଯଂ|
2b11050110	ଅତଏୱ ହେ ପିତ ର୍ଜଗତ୍ୟୱିଦ୍ୟମାନେ ତ୍ୱଯା ସହ ତିଷ୍ଠତୋ ମମ ଯୋ ମହିମାସୀତ୍ ସମ୍ପ୍ରତି ତୱ ସମୀପେ ମାଂ ତଂ ମହିମାନଂ ପ୍ରାପଯ|
2b1106019b	ଅନ୍ୟଚ୍ଚ ତ୍ୱମ୍ ଏତଜ୍ଜଗତୋ ଯାଲ୍ଲୋକାନ୍ ମହ୍ୟମ୍ ଅଦଦା ଅହଂ ତେଭ୍ୟସ୍ତୱ ନାମ୍ନସ୍ତତ୍ତ୍ୱଜ୍ଞାନମ୍ ଅଦଦାଂ, ତେ ତୱୈୱାସନ୍, ତ୍ୱଂ ତାନ୍ ମହ୍ୟମଦଦାଃ, ତସ୍ମାତ୍ତେ ତୱୋପଦେଶମ୍ ଅଗୃହ୍ଲନ୍|
2b110700bf	ତ୍ୱଂ ମହ୍ୟଂ ଯତ୍ କିଞ୍ଚିଦ୍ ଅଦଦାସ୍ତତ୍ସର୍ୱ୍ୱଂ ତ୍ୱତ୍ତୋ ଜାଯତେ ଇତ୍ୟଧୁନାଜାନନ୍|
2b1108014a	ମହ୍ୟଂ ଯମୁପଦେଶମ୍ ଅଦଦା ଅହମପି ତେଭ୍ୟସ୍ତମୁପଦେଶମ୍ ଅଦଦାଂ ତେପି ତମଗୃହ୍ଲନ୍ ତ୍ୱତ୍ତୋହଂ ନିର୍ଗତ୍ୟ ତ୍ୱଯା ପ୍ରେରିତୋଭୱମ୍ ଅତ୍ର ଚ ୱ୍ୟଶ୍ୱସନ୍|
2b1109017a	ତେଷାମେୱ ନିମିତ୍ତଂ ପ୍ରାର୍ଥଯେଽହଂ ଜଗତୋ ଲୋକନିମିତ୍ତଂ ନ ପ୍ରାର୍ଥଯେ କିନ୍ତୁ ଯାଲ୍ଲୋକାନ୍ ମହ୍ୟମ୍ ଅଦଦାସ୍ତେଷାମେୱ ନିମିତ୍ତଂ ପ୍ରାର୍ଥଯେଽହଂ ଯତସ୍ତେ ତୱୈୱାସତେ|
2b110a0089	ଯେ ମମ ତେ ତୱ ଯେ ଚ ତୱ ତେ ମମ ତଥା ତୈ ର୍ମମ ମହିମା ପ୍ରକାଶ୍ୟତେ|
2b110b0235	ସାମ୍ପ୍ରତମ୍ ଅସ୍ମିନ୍ ଜଗତି ମମାୱସ୍ଥିତେଃ ଶେଷମ୍ ଅଭୱତ୍ ଅହଂ ତୱ ସମୀପଂ ଗଚ୍ଛାମି କିନ୍ତୁ ତେ ଜଗତି ସ୍ଥାସ୍ୟନ୍ତି; ହେ ପୱିତ୍ର ପିତରାୱଯୋ ର୍ୟଥୈକତ୍ୱମାସ୍ତେ ତଥା ତେଷାମପ୍ୟେକତ୍ୱଂ ଭୱତି ତଦର୍ଥଂ ଯାଲ୍ଲୋକାନ୍ ମହ୍ୟମ୍ ଅଦଦାସ୍ତାନ୍ ସ୍ୱନାମ୍ନା ରକ୍ଷ|
2b110c0241	ଯାୱନ୍ତି ଦିନାନି ଜଗତ୍ୟସ୍ମିନ୍ ତୈଃ ସହାହମାସଂ ତାୱନ୍ତି ଦିନାନି ତାନ୍ ତୱ ନାମ୍ନାହଂ ରକ୍ଷିତୱାନ୍; ଯାଲ୍ଲୋକାନ୍ ମହ୍ୟମ୍ ଅଦଦାସ୍ତାନ୍ ସର୍ୱ୍ୱାନ୍ ଅହମରକ୍ଷଂ, ତେଷାଂ ମଧ୍ୟେ କେୱଲଂ ୱିନାଶପାତ୍ରଂ ହାରିତଂ ତେନ ଧର୍ମ୍ମପୁସ୍ତକସ୍ୟ ୱଚନଂ ପ୍ରତ୍ୟକ୍ଷଂ ଭୱତି|
2b110d011a	କିନ୍ତ୍ୱଧୁନା ତୱ ସନ୍ନିଧିଂ ଗଚ୍ଛାମି ମଯା ଯଥା ତେଷାଂ ସମ୍ପୂର୍ଣାନନ୍ଦୋ ଭୱତି ତଦର୍ଥମହଂ ଜଗତି ତିଷ୍ଠନ୍ ଏତାଃ କଥା ଅକଥଯମ୍|
2b110e0130	ତୱୋପଦେଶଂ ତେଭ୍ୟୋଽଦଦାଂ ଜଗତା ସହ ଯଥା ମମ ସମ୍ବନ୍ଧୋ ନାସ୍ତି ତଥା ଜଜତା ସହ ତେଷାମପି ସମ୍ବନ୍ଧାଭାୱାଜ୍ ଜଗତୋ ଲୋକାସ୍ତାନ୍ ଋତୀଯନ୍ତେ|
2b110f00c5	ତ୍ୱଂ ଜଗତସ୍ତାନ୍ ଗୃହାଣେତି ନ ପ୍ରାର୍ଥଯେ କିନ୍ତ୍ୱଶୁଭାଦ୍ ରକ୍ଷେତି ପ୍ରାର୍ଥଯେହମ୍|
2b111000ac	ଅହଂ ଯଥା ଜଗତ୍ସମ୍ବନ୍ଧୀଯୋ ନ ଭୱାମି ତଥା ତେପି ଜଗତ୍ସମ୍ବନ୍ଧୀଯା ନ ଭୱନ୍ତି|
2b1111007f	ତୱ ସତ୍ୟକଥଯା ତାନ୍ ପୱିତ୍ରୀକୁରୁ ତୱ ୱାକ୍ୟମେୱ ସତ୍ୟଂ|
2b1112008c	ତ୍ୱଂ ଯଥା ମାଂ ଜଗତି ପ୍ରୈରଯସ୍ତଥାହମପି ତାନ୍ ଜଗତି ପ୍ରୈରଯଂ|
2b111300c3	ତେଷାଂ ହିତାର୍ଥଂ ଯଥାହଂ ସ୍ୱଂ ପୱିତ୍ରୀକରୋମି ତଥା ସତ୍ୟକଥଯା ତେପି ପୱିତ୍ରୀଭୱନ୍ତୁ|
2b11140138	କେୱଲଂ ଏତେଷାମର୍ଥେ ପ୍ରାର୍ଥଯେଽହମ୍ ଇତି ନ କିନ୍ତ୍ୱେତେଷାମୁପଦେଶେନ ଯେ ଜନା ମଯି ୱିଶ୍ୱସିଷ୍ୟନ୍ତି ତେଷାମପ୍ୟର୍ଥେ ପ୍ରାର୍ଥେଯେଽହମ୍|
2b11150197	ହେ ପିତସ୍ତେଷାଂ ସର୍ୱ୍ୱେଷାମ୍ ଏକତ୍ୱଂ ଭୱତୁ ତୱ ଯଥା ମଯି ମମ ଚ ଯଥା ତ୍ୱଯ୍ୟେକତ୍ୱଂ ତଥା ତେଷାମପ୍ୟାୱଯୋରେକତ୍ୱଂ ଭୱତୁ ତେନ ତ୍ୱଂ ମାଂ ପ୍ରେରିତୱାନ୍ ଇତି ଜଗତୋ ଲୋକାଃ ପ୍ରତିଯନ୍ତୁ|
2b111601e5	ଯଥାୱଯୋରେକତ୍ୱଂ ତଥା ତେଷାମପ୍ୟେକତ୍ୱଂ ଭୱତୁ ତେଷ୍ୱହଂ ମଯି ଚ ତ୍ୱମ୍ ଇତ୍ଥଂ ତେଷାଂ ସମ୍ପୂର୍ଣମେକତ୍ୱଂ ଭୱତୁ, ତ୍ୱଂ ପ୍ରେରିତୱାନ୍ ତ୍ୱଂ ମଯି ଯଥା ପ୍ରୀଯସେ ଚ ତଥା ତେଷ୍ୱପି ପ୍ରୀତୱାନ୍ ଏତଦ୍ୟଥା ଜଗତୋ ଲୋକା ଜାନନ୍ତି
2b111700be	ତଦର୍ଥଂ ତ୍ୱଂ ଯଂ ମହିମାନଂ ମହ୍ୟମ୍ ଅଦଦାସ୍ତଂ ମହିମାନମ୍ ଅହମପି ତେଭ୍ୟୋ ଦତ୍ତୱାନ୍|
2b11180204	ହେ ପିତ ର୍ଜଗତୋ ନିର୍ମ୍ମାଣାତ୍ ପୂର୍ୱ୍ୱଂ ମଯି ସ୍ନେହଂ କୃତ୍ୱା ଯଂ ମହିମାନଂ ଦତ୍ତୱାନ୍ ମମ ତଂ ମହିମାନଂ ଯଥା ତେ ପଶ୍ୟନ୍ତି ତଦର୍ଥଂ ଯାଲ୍ଲୋକାନ୍ ମହ୍ୟଂ ଦତ୍ତୱାନ୍ ଅହଂ ଯତ୍ର ତିଷ୍ଠାମି ତେପି ଯଥା ତତ୍ର ତିଷ୍ଠନ୍ତି ମମୈଷା ୱାଞ୍ଛା|
2b1119010f	ହେ ଯଥାର୍ଥିକ ପିତ ର୍ଜଗତୋ ଲୋକୈସ୍ତ୍ୱଯ୍ୟଜ୍ଞାତେପି ତ୍ୱାମହଂ ଜାନେ ତ୍ୱଂ ମାଂ ପ୍ରେରିତୱାନ୍ ଇତୀମେ ଶିଷ୍ୟା ଜାନନ୍ତି|
2b111a0152	ଯଥାହଂ ତେଷୁ ତିଷ୍ଠାମି ତଥା ମଯି ଯେନ ପ୍ରେମ୍ନା ପ୍ରେମାକରୋସ୍ତତ୍ ତେଷୁ ତିଷ୍ଠତି ତଦର୍ଥଂ ତୱ ନାମାହଂ ତାନ୍ ଜ୍ଞାପିତୱାନ୍ ପୁନରପି ଜ୍ଞାପଯିଷ୍ୟାମି|
2b1201011d	ତାଃ କଥାଃ କଥଯିତ୍ୱା ଯୀଶୁଃ ଶିଷ୍ୟାନାଦାଯ କିଦ୍ରୋନ୍ନାମକଂ ସ୍ରୋତ ଉତ୍ତୀର୍ୟ୍ୟ ଶିଷ୍ୟୈଃ ସହ ତତ୍ରତ୍ୟୋଦ୍ୟାନଂ ପ୍ରାୱିଶତ୍|
2b12020117	କିନ୍ତୁ ୱିଶ୍ୱାସଘାତିଯିହୂଦାସ୍ତତ୍ ସ୍ଥାନଂ ପରିଚୀଯତେ ଯତୋ ଯୀଶୁଃ ଶିଷ୍ୟୈଃ ସାର୍ଦ୍ଧଂ କଦାଚିତ୍ ତତ୍ ସ୍ଥାନମ୍ ଅଗଚ୍ଛତ୍|
2b12030168	ତଦା ସ ଯିହୂଦାଃ ସୈନ୍ୟଗଣଂ ପ୍ରଧାନଯାଜକାନାଂ ଫିରୂଶିନାଞ୍ଚ ପଦାତିଗଣଞ୍ଚ ଗୃହୀତ୍ୱା ପ୍ରଦୀପାନ୍ ଉଲ୍କାନ୍ ଅସ୍ତ୍ରାଣି ଚାଦାଯ ତସ୍ମିନ୍ ସ୍ଥାନ ଉପସ୍ଥିତୱାନ୍|
2b120400cb	ସ୍ୱଂ ପ୍ରତି ଯଦ୍ ଘଟିଷ୍ୟତେ ତଜ୍ ଜ୍ଞାତ୍ୱା ଯୀଶୁରଗ୍ରେସରଃ ସନ୍ ତାନପୃଚ୍ଛତ୍ କଂ ଗୱେଷଯଥ?
2b120500fc	ତେ ପ୍ରତ୍ୟୱଦନ୍, ନାସରତୀଯଂ ଯୀଶୁଂ; ତତୋ ଯୀଶୁରୱାଦୀଦ୍ ଅହମେୱ ସଃ; ତୈଃ ସହ ୱିଶ୍ୱାସଘାତୀ ଯିହୂଦାଶ୍ଚାତିଷ୍ଠତ୍|
2b120600a2	ତଦାହମେୱ ସ ତସ୍ୟୈତାଂ କଥାଂ ଶ୍ରୁତ୍ୱୈୱ ତେ ପଶ୍ଚାଦେତ୍ୟ ଭୂମୌ ପତିତାଃ|
2b120700bf	ତତୋ ଯୀଶୁଃ ପୁନରପି ପୃଷ୍ଠୱାନ୍ କଂ ଗୱେଷଯଥ? ତତସ୍ତେ ପ୍ରତ୍ୟୱଦନ୍ ନାସରତୀଯଂ ଯୀଶୁଂ|
2b120800f5	ତଦା ଯୀଶୁଃ ପ୍ରତ୍ୟୁଦିତୱାନ୍ ଅହମେୱ ସ ଇମାଂ କଥାମଚକଥମ୍; ଯଦି ମାମନ୍ୱିଚ୍ଛଥ ତର୍ହୀମାନ୍ ଗନ୍ତୁଂ ମା ୱାରଯତ|
2b1209010c	ଇତ୍ଥଂ ଭୂତେ ମହ୍ୟଂ ଯାଲ୍ଲୋକାନ୍ ଅଦଦାସ୍ତେଷାମ୍ ଏକମପି ନାହାରଯମ୍ ଇମାଂ ଯାଂ କଥାଂ ସ ସ୍ୱଯମକଥଯତ୍ ସା କଥା ସଫଲା ଜାତା|
2b120a014d	ତଦା ଶିମୋନ୍ପିତରସ୍ୟ ନିକଟେ ଖଙ୍ଗଲ୍ସ୍ଥିତେଃ ସ ତଂ ନିଷ୍କୋଷଂ କୃତ୍ୱା ମହାଯାଜକସ୍ୟ ମାଲ୍ଖନାମାନଂ ଦାସମ୍ ଆହତ୍ୟ ତସ୍ୟ ଦକ୍ଷିଣକର୍ଣଂ ଛିନ୍ନୱାନ୍|
2b120b0106	ତତୋ ଯୀଶୁଃ ପିତରମ୍ ଅୱଦତ୍, ଖଙ୍ଗଂ କୋଷେ ସ୍ଥାପଯ ମମ ପିତା ମହ୍ୟଂ ପାତୁଂ ଯଂ କଂସମ୍ ଅଦଦାତ୍ ତେନାହଂ କିଂ ନ ପାସ୍ୟାମି?
2b120c013a	ତଦା ସୈନ୍ୟଗଣଃ ସେନାପତି ର୍ୟିହୂଦୀଯାନାଂ ପଦାତଯଶ୍ଚ ଯୀଶୁଂ ଘୃତ୍ୱା ବଦ୍ଧ୍ୱା ହାନନ୍ନାମ୍ନଃ କିଯଫାଃ ଶ୍ୱଶୁରସ୍ୟ ସମୀପଂ ପ୍ରଥମମ୍ ଅନଯନ୍|
2b120d007f	ସ କିଯଫାସ୍ତସ୍ମିନ୍ ୱତ୍ସରେ ମହାଯାଜତ୍ୱପଦେ ନିଯୁକ୍ତଃ
2b120e00ea	ସନ୍ ସାଧାରଣଲୋକାନାଂ ମଙ୍ଗଲାର୍ଥମ୍ ଏକଜନସ୍ୟ ମରଣମୁଚିତମ୍ ଇତି ଯିହୂଦୀଯୈଃ ସାର୍ଦ୍ଧମ୍ ଅମନ୍ତ୍ରଯତ୍|
2b120f017e	ତଦା ଶିମୋନ୍ପିତରୋଽନ୍ୟୈକଶିଷ୍ୟଶ୍ଚ ଯୀଶୋଃ ପଶ୍ଚାଦ୍ ଅଗଚ୍ଛତାଂ ତସ୍ୟାନ୍ୟଶିଷ୍ୟସ୍ୟ ମହାଯାଜକେନ ପରିଚିତତ୍ୱାତ୍ ସ ଯୀଶୁନା ସହ ମହାଯାଜକସ୍ୟାଟ୍ଟାଲିକାଂ ପ୍ରାୱିଶତ୍|
2b12100171	କିନ୍ତୁ ପିତରୋ ବହିର୍ଦ୍ୱାରସ୍ୟ ସମୀପେଽତିଷ୍ଠଦ୍ ଅତଏୱ ମହାଯାଜକେନ ପରିଚିତଃ ସ ଶିଷ୍ୟଃ ପୁନର୍ବହିର୍ଗତ୍ୱା ଦୌୱାଯିକାଯୈ କଥଯିତ୍ୱା ପିତରମ୍ ଅଭ୍ୟନ୍ତରମ୍ ଆନଯତ୍|
2b121100e3	ତଦା ସ ଦ୍ୱାରରକ୍ଷିକା ପିତରମ୍ ଅୱଦତ୍ ତ୍ୱଂ କିଂ ନ ତସ୍ୟ ମାନୱସ୍ୟ ଶିଷ୍ୟଃ? ତତଃ ସୋୱଦଦ୍ ଅହଂ ନ ଭୱାମି|
2b12120181	ତତଃ ପରଂ ଯତ୍ସ୍ଥାନେ ଦାସାଃ ପଦାତଯଶ୍ଚ ଶୀତହେତୋରଙ୍ଗାରୈ ର୍ୱହ୍ନିଂ ପ୍ରଜ୍ୱାଲ୍ୟ ତାପଂ ସେୱିତୱନ୍ତସ୍ତତ୍ସ୍ଥାନେ ପିତରସ୍ତିଷ୍ଠନ୍ ତୈଃ ସହ ୱହ୍ନିତାପଂ ସେୱିତୁମ୍ ଆରଭତ|
2b12130074	ତଦା ଶିଷ୍ୟେଷୂପଦେଶେ ଚ ମହାଯାଜକେନ ଯୀଶୁଃ ପୃଷ୍ଟଃ
2b1214018a	ସନ୍ ପ୍ରତ୍ୟୁକ୍ତୱାନ୍ ସର୍ୱ୍ୱଲୋକାନାଂ ସମକ୍ଷଂ କଥାମକଥଯଂ ଗୁପ୍ତଂ କାମପି କଥାଂ ନ କଥଯିତ୍ୱା ଯତ୍ ସ୍ଥାନଂ ଯିହୂଦୀଯାଃ ସତତଂ ଗଚ୍ଛନ୍ତି ତତ୍ର ଭଜନଗେହେ ମନ୍ଦିରେ ଚାଶିକ୍ଷଯଂ|
2b121500e1	ମତ୍ତଃ କୁତଃ ପୃଚ୍ଛସି? ଯେ ଜନା ମଦୁପଦେଶମ୍ ଅଶୃଣ୍ୱନ୍ ତାନେୱ ପୃଚ୍ଛ ଯଦ୍ୟଦ୍ ଅୱଦଂ ତେ ତତ୍ ଜାନିନ୍ତ|
2b121600ff	ତଦେତ୍ଥଂ ପ୍ରତ୍ୟୁଦିତତ୍ୱାତ୍ ନିକଟସ୍ଥପଦାତି ର୍ୟୀଶୁଂ ଚପେଟେନାହତ୍ୟ ୱ୍ୟାହରତ୍ ମହାଯାଜକମ୍ ଏୱଂ ପ୍ରତିୱଦସି?
2b12170159	ତତୋ ଯୀଶୁଃ ପ୍ରତିଗଦିତୱାନ୍ ଯଦ୍ୟଯଥାର୍ଥମ୍ ଅଚକଥଂ ତର୍ହି ତସ୍ୟାଯଥାର୍ଥସ୍ୟ ପ୍ରମାଣଂ ଦେହି, କିନ୍ତୁ ଯଦି ଯଥାର୍ଥଂ ତର୍ହି କୁତୋ ହେତୋ ର୍ମାମ୍ ଅତାଡଯଃ?
2b1218009d	ପୂର୍ୱ୍ୱଂ ହାନନ୍ ସବନ୍ଧନଂ ତଂ କିଯଫାମହାଯାଜକସ୍ୟ ସମୀପଂ ପ୍ରୈଷଯତ୍|
2b12190179	ଶିମୋନ୍ପିତରସ୍ତିଷ୍ଠନ୍ ୱହ୍ନିତାପଂ ସେୱତେ, ଏତସ୍ମିନ୍ ସମଯେ କିଯନ୍ତସ୍ତମ୍ ଅପୃଚ୍ଛନ୍ ତ୍ୱଂ କିମ୍ ଏତସ୍ୟ ଜନସ୍ୟ ଶିଷ୍ୟୋ ନ? ତତଃ ସୋପହ୍ନୁତ୍ୟାବ୍ରୱୀଦ୍ ଅହଂ ନ ଭୱାମି|
2b121a0142	ତଦା ମହାଯାଜକସ୍ୟ ଯସ୍ୟ ଦାସସ୍ୟ ପିତରଃ କର୍ଣମଚ୍ଛିନତ୍ ତସ୍ୟ କୁଟୁମ୍ବଃ ପ୍ରତ୍ୟୁଦିତୱାନ୍ ଉଦ୍ୟାନେ ତେନ ସହ ତିଷ୍ଠନ୍ତଂ ତ୍ୱାଂ କିଂ ନାପଶ୍ୟଂ?
2b121b009d	କିନ୍ତୁ ପିତରଃ ପୁନରପହ୍ନୁତ୍ୟ କଥିତୱାନ୍; ତଦାନୀଂ କୁକ୍କୁଟୋଽରୌତ୍|
2b121c01b6	ତଦନନ୍ତରଂ ପ୍ରତ୍ୟୂଷେ ତେ କିଯଫାଗୃହାଦ୍ ଅଧିପତେ ର୍ଗୃହଂ ଯୀଶୁମ୍ ଅନଯନ୍ କିନ୍ତୁ ଯସ୍ମିନ୍ ଅଶୁଚିତ୍ୱେ ଜାତେ ତୈ ର୍ନିସ୍ତାରୋତ୍ସୱେ ନ ଭୋକ୍ତୱ୍ୟଂ, ତସ୍ୟ ଭଯାଦ୍ ଯିହୂଦୀଯାସ୍ତଦ୍ଗୃହଂ ନାୱିଶନ୍|
2b121d00af	ଅପରଂ ପୀଲାତୋ ବହିରାଗତ୍ୟ ତାନ୍ ପୃଷ୍ଠୱାନ୍ ଏତସ୍ୟ ମନୁଷ୍ୟସ୍ୟ କଂ ଦୋଷଂ ୱଦଥ?
2b121e00c1	ତଦା ତେ ପେତ୍ୟୱଦନ୍ ଦୁଷ୍କର୍ମ୍ମକାରିଣି ନ ସତି ଭୱତଃ ସମୀପେ ନୈନଂ ସମାର୍ପଯିଷ୍ୟାମଃ|
2b121f0194	ତତଃ ପୀଲାତୋଽୱଦଦ୍ ଯୂଯମେନଂ ଗୃହୀତ୍ୱା ସ୍ୱେଷାଂ ୱ୍ୟୱସ୍ଥଯା ୱିଚାରଯତ| ତଦା ଯିହୂଦୀଯାଃ ପ୍ରତ୍ୟୱଦନ୍ କସ୍ୟାପି ମନୁଷ୍ୟସ୍ୟ ପ୍ରାଣଦଣ୍ଡଂ କର୍ତ୍ତୁଂ ନାସ୍ମାକମ୍ ଅଧିକାରୋଽସ୍ତି|
2b1220009a	ଏୱଂ ସତି ଯୀଶୁଃ ସ୍ୱସ୍ୟ ମୃତ୍ୟୌ ଯାଂ କଥାଂ କଥିତୱାନ୍ ସା ସଫଲାଭୱତ୍|
2b122100ed	ତଦନନ୍ତରଂ ପୀଲାତଃ ପୁନରପି ତଦ୍ ରାଜଗୃହଂ ଗତ୍ୱା ଯୀଶୁମାହୂଯ ପୃଷ୍ଟୱାନ୍ ତ୍ୱଂ କିଂ ଯିହୂଦୀଯାନାଂ ରାଜା?
2b122200c8	ଯୀଶୁଃ ପ୍ରତ୍ୟୱଦତ୍ ତ୍ୱମ୍ ଏତାଂ କଥାଂ ସ୍ୱତଃ କଥଯସି କିମନ୍ୟଃ କଶ୍ଚିନ୍ ମଯି କଥିତୱାନ୍?
2b12230119	ପୀଲାତୋଽୱଦଦ୍ ଅହଂ କିଂ ଯିହୂଦୀଯଃ? ତୱ ସ୍ୱଦେଶୀଯା ୱିଶେଷତଃ ପ୍ରଧାନଯାଜକା ମମ ନିକଟେ ତ୍ୱାଂ ସମାର୍ପଯନ, ତ୍ୱଂ କିଂ କୃତୱାନ୍?
2b1224020a	ଯୀଶୁଃ ପ୍ରତ୍ୟୱଦତ୍ ମମ ରାଜ୍ୟମ୍ ଏତଜ୍ଜଗତ୍ସମ୍ବନ୍ଧୀଯଂ ନ ଭୱତି ଯଦି ମମ ରାଜ୍ୟଂ ଜଗତ୍ସମ୍ବନ୍ଧୀଯମ୍ ଅଭୱିଷ୍ୟତ୍ ତର୍ହି ଯିହୂଦୀଯାନାଂ ହସ୍ତେଷୁ ଯଥା ସମର୍ପିତୋ ନାଭୱଂ ତଦର୍ଥଂ ମମ ସେୱକା ଅଯୋତ୍ସ୍ୟନ୍ କିନ୍ତୁ ମମ ରାଜ୍ୟମ୍ ଐହିକଂ ନ|
2b1225022f	ତଦା ପୀଲାତଃ କଥିତୱାନ୍, ତର୍ହି ତ୍ୱଂ ରାଜା ଭୱସି? ଯୀଶୁଃ ପ୍ରତ୍ୟୁକ୍ତୱାନ୍ ତ୍ୱଂ ସତ୍ୟଂ କଥଯସି, ରାଜାହଂ ଭୱାମି; ସତ୍ୟତାଯାଂ ସାକ୍ଷ୍ୟଂ ଦାତୁଂ ଜନିଂ ଗୃହୀତ୍ୱା ଜଗତ୍ୟସ୍ମିନ୍ ଅୱତୀର୍ଣୱାନ୍, ତସ୍ମାତ୍ ସତ୍ୟଧର୍ମ୍ମପକ୍ଷପାତିନୋ ମମ କଥାଂ ଶୃଣ୍ୱନ୍ତି|
2b12260123	ତଦା ସତ୍ୟଂ କିଂ? ଏତାଂ କଥାଂ ପଷ୍ଟ୍ୱା ପୀଲାତଃ ପୁନରପି ବହିର୍ଗତ୍ୱା ଯିହୂଦୀଯାନ୍ ଅଭାଷତ, ଅହଂ ତସ୍ୟ କମପ୍ୟପରାଧଂ ନ ପ୍ରାପ୍ନୋମି|
2b1227019b	ନିସ୍ତାରୋତ୍ସୱସମଯେ ଯୁଷ୍ମାଭିରଭିରୁଚିତ ଏକୋ ଜନୋ ମଯା ମୋଚଯିତୱ୍ୟ ଏଷା ଯୁଷ୍ମାକଂ ରୀତିରସ୍ତି, ଅତଏୱ ଯୁଷ୍ମାକଂ ନିକଟେ ଯିହୂଦୀଯାନାଂ ରାଜାନଂ କିଂ ମୋଚଯାମି, ଯୁଷ୍ମାକମ୍ ଇଚ୍ଛା କା?
2b122800ed	ତଦା ତେ ସର୍ୱ୍ୱେ ରୁୱନ୍ତୋ ୱ୍ୟାହରନ୍ ଏନଂ ମାନୁଷଂ ନହି ବରବ୍ବାଂ ମୋଚଯ| କିନ୍ତୁ ସ ବରବ୍ବା ଦସ୍ୟୁରାସୀତ୍|
2b1301005f	ପୀଲାତୋ ଯୀଶୁମ୍ ଆନୀଯ କଶଯା ପ୍ରାହାରଯତ୍|
2b1302010c	ପଶ୍ଚାତ୍ ସେନାଗଣଃ କଣ୍ଟକନିର୍ମ୍ମିତଂ ମୁକୁଟଂ ତସ୍ୟ ମସ୍ତକେ ସମର୍ପ୍ୟ ୱାର୍ତ୍ତାକୀୱର୍ଣଂ ରାଜପରିଚ୍ଛଦଂ ପରିଧାପ୍ୟ,
2b130300b0	ହେ ଯିହୂଦୀଯାନାଂ ରାଜନ୍ ନମସ୍କାର ଇତ୍ୟୁକ୍ତ୍ୱା ତଂ ଚପେଟେନାହନ୍ତୁମ୍ ଆରଭତ|
2b13040164	ତଦା ପୀଲାତଃ ପୁନରପି ବହିର୍ଗତ୍ୱା ଲୋକାନ୍ ଅୱଦତ୍, ଅସ୍ୟ କମପ୍ୟପରାଧଂ ନ ଲଭେଽହଂ, ପଶ୍ୟତ ତଦ୍ ଯୁଷ୍ମାନ୍ ଜ୍ଞାପଯିତୁଂ ଯୁଷ୍ମାକଂ ସନ୍ନିଧୌ ବହିରେନମ୍ ଆନଯାମି|
2b1305011b	ତତଃ ପରଂ ଯୀଶୁଃ କଣ୍ଟକମୁକୁଟୱାନ୍ ୱାର୍ତ୍ତାକୀୱର୍ଣୱସନୱାଂଶ୍ଚ ବହିରାଗଚ୍ଛତ୍| ତତଃ ପୀଲାତ ଉକ୍ତୱାନ୍ ଏନଂ ମନୁଷ୍ୟଂ ପଶ୍ୟତ|
2b130601f8	ତଦା ପ୍ରଧାନଯାଜକାଃ ପଦାତଯଶ୍ଚ ତଂ ଦୃଷ୍ଟ୍ୱା, ଏନଂ କ୍ରୁଶେ ୱିଧ, ଏନଂ କ୍ରୁଶେ ୱିଧ, ଇତ୍ୟୁକ୍ତ୍ୱା ରୱିତୁଂ ଆରଭନ୍ତ| ତତଃ ପୀଲାତଃ କଥିତୱାନ୍ ଯୂଯଂ ସ୍ୱଯମ୍ ଏନଂ ନୀତ୍ୱା କ୍ରୁଶେ ୱିଧତ, ଅହମ୍ ଏତସ୍ୟ କମପ୍ୟପରାଧଂ ନ ପ୍ରାପ୍ତୱାନ୍|
2b1307012c	ଯିହୂଦୀଯାଃ ପ୍ରତ୍ୟୱଦନ୍ ଅସ୍ମାକଂ ଯା ୱ୍ୟୱସ୍ଥାସ୍ତେ ତଦନୁସାରେଣାସ୍ୟ ପ୍ରାଣହନନମ୍ ଉଚିତଂ ଯତୋଯଂ ସ୍ୱମ୍ ଈଶ୍ୱରସ୍ୟ ପୁତ୍ରମୱଦତ୍|
2b1308006d	ପୀଲାତ ଇମାଂ କଥାଂ ଶ୍ରୁତ୍ୱା ମହାତ୍ରାସଯୁକ୍ତଃ
2b1309011a	ସନ୍ ପୁନରପି ରାଜଗୃହ ଆଗତ୍ୟ ଯୀଶୁଂ ପୃଷ୍ଟୱାନ୍ ତ୍ୱଂ କୁତ୍ରତ୍ୟୋ ଲୋକଃ? କିନ୍ତୁ ଯୀଶସ୍ତସ୍ୟ କିମପି ପ୍ରତ୍ୟୁତ୍ତରଂ ନାୱଦତ୍|
2b130a02a2	୧ ତତଃ ପୀଲାତ୍ କଥିତୱାନ ତ୍ୱଂ କିଂ ମଯା ସାର୍ଦ୍ଧଂ ନ ସଂଲପିଷ୍ୟସି? ତ୍ୱାଂ କ୍ରୁଶେ ୱେଧିତୁଂ ୱା ମୋଚଯିତୁଂ ଶକ୍ତି ର୍ମମାସ୍ତେ ଇତି କିଂ ତ୍ୱଂ ନ ଜାନାସି? ତଦା ଯୀଶୁଃ ପ୍ରତ୍ୟୱଦଦ୍ ଈଶ୍ୱରେଣାଦଂ ମମୋପରି ତୱ କିମପ୍ୟଧିପତିତ୍ୱଂ ନ ୱିଦ୍ୟତେ, ତଥାପି ଯୋ ଜନୋ ମାଂ ତୱ ହସ୍ତେ ସମାର୍ପଯତ୍ ତସ୍ୟ ମହାପାତକଂ ଜାତମ୍|
2b130b0158	ତଦା ଯୀଶୁଃ ପ୍ରତ୍ୟୱଦଦ୍ ଈଶ୍ୱରେଣାଦତ୍ତଂ ମମୋପରି ତୱ କିମପ୍ୟଧିପତିତ୍ୱଂ ନ ୱିଦ୍ୟତେ, ତଥାପି ଯୋ ଜନୋ ମାଂ ତୱ ହସ୍ତେ ସମାର୍ପଯତ୍ ତସ୍ୟ ମହାପାତକଂ ଜାତମ୍|
2b130c01ed	ତଦାରଭ୍ୟ ପୀଲାତସ୍ତଂ ମୋଚଯିତୁଂ ଚେଷ୍ଟିତୱାନ୍ କିନ୍ତୁ ଯିହୂଦୀଯା ରୁୱନ୍ତୋ ୱ୍ୟାହରନ୍ ଯଦୀମଂ ମାନୱଂ ତ୍ୟଜସି ତର୍ହି ତ୍ୱଂ କୈସରସ୍ୟ ମିତ୍ରଂ ନ ଭୱସି, ଯୋ ଜନଃ ସ୍ୱଂ ରାଜାନଂ ୱକ୍ତି ସଏୱ କୈମରସ୍ୟ ୱିରୁଦ୍ଧାଂ କଥାଂ କଥଯତି|
2b130d0216	ଏତାଂ କଥାଂ ଶ୍ରୁତ୍ୱା ପୀଲାତୋ ଯୀଶୁଂ ବହିରାନୀଯ ନିସ୍ତାରୋତ୍ସୱସ୍ୟ ଆସାଦନଦିନସ୍ୟ ଦ୍ୱିତୀଯପ୍ରହରାତ୍ ପୂର୍ୱ୍ୱଂ ପ୍ରସ୍ତରବନ୍ଧନନାମ୍ନି ସ୍ଥାନେ ଽର୍ଥାତ୍ ଇବ୍ରୀଯଭାଷଯା ଯଦ୍ ଗବ୍ବିଥା କଥ୍ୟତେ ତସ୍ମିନ୍ ସ୍ଥାନେ ୱିଚାରାସନ ଉପାୱିଶତ୍|
2b130e0095	ଅନନ୍ତରଂ ପୀଲାତୋ ଯିହୂଦୀଯାନ୍ ଅୱଦତ୍, ଯୁଷ୍ମାକଂ ରାଜାନଂ ପଶ୍ୟତ|
2b130f0227	କିନ୍ତୁ ଏନଂ ଦୂରୀକୁରୁ, ଏନଂ ଦୂରୀକୁରୁ, ଏନଂ କ୍ରୁଶେ ୱିଧ, ଇତି କଥାଂ କଥଯିତ୍ୱା ତେ ରୱିତୁମ୍ ଆରଭନ୍ତ; ତଦା ପୀଲାତଃ କଥିତୱାନ୍ ଯୁଷ୍ମାକଂ ରାଜାନଂ କିଂ କ୍ରୁଶେ ୱେଧିଷ୍ୟାମି? ପ୍ରଧାନଯାଜକା ଉତ୍ତରମ୍ ଅୱଦନ୍ କୈସରଂ ୱିନା କୋପି ରାଜାସ୍ମାକଂ ନାସ୍ତି|
2b131000df	ତତଃ ପୀଲାତୋ ଯୀଶୁଂ କ୍ରୁଶେ ୱେଧିତୁଂ ତେଷାଂ ହସ୍ତେଷୁ ସମାର୍ପଯତ୍, ତତସ୍ତେ ତଂ ଧୃତ୍ୱା ନୀତୱନ୍ତଃ|
2b13110116	ତତଃ ପରଂ ଯୀଶୁଃ କ୍ରୁଶଂ ୱହନ୍ ଶିରଃକପାଲମ୍ ଅର୍ଥାଦ୍ ଯଦ୍ ଇବ୍ରୀଯଭାଷଯା ଗୁଲ୍ଗଲ୍ତାଂ ୱଦନ୍ତି ତସ୍ମିନ୍ ସ୍ଥାନ ଉପସ୍ଥିତଃ|
2b131200a5	ତତସ୍ତେ ମଧ୍ୟସ୍ଥାନେ ତଂ ତସ୍ୟୋଭଯପାର୍ଶ୍ୱେ ଦ୍ୱାୱପରୌ କ୍ରୁଶେଽୱିଧନ୍|
2b13130102	ଅପରମ୍ ଏଷ ଯିହୂଦୀଯାନାଂ ରାଜା ନାସରତୀଯଯୀଶୁଃ, ଇତି ୱିଜ୍ଞାପନଂ ଲିଖିତ୍ୱା ପୀଲାତସ୍ତସ୍ୟ କ୍ରୁଶୋପରି ସମଯୋଜଯତ୍|
2b13140150	ସା ଲିପିଃ ଇବ୍ରୀଯଯୂନାନୀଯରୋମୀଯଭାଷାଭି ର୍ଲିଖିତା; ଯୀଶୋଃ କ୍ରୁଶୱେଧନସ୍ଥାନଂ ନଗରସ୍ୟ ସମୀପଂ, ତସ୍ମାଦ୍ ବହୱୋ ଯିହୂଦୀଯାସ୍ତାଂ ପଠିତୁମ୍ ଆରଭନ୍ତ|
2b1315015a	ଯିହୂଦୀଯାନାଂ ପ୍ରଧାନଯାଜକାଃ ପୀଲାତମିତି ନ୍ୟୱେଦଯନ୍ ଯିହୂଦୀଯାନାଂ ରାଜେତି ୱାକ୍ୟଂ ନ କିନ୍ତୁ ଏଷ ସ୍ୱଂ ଯିହୂଦୀଯାନାଂ ରାଜାନମ୍ ଅୱଦଦ୍ ଇତ୍ଥଂ ଲିଖତୁ|
2b1316008a	ତତଃ ପୀଲାତ ଉତ୍ତରଂ ଦତ୍ତୱାନ୍ ଯଲ୍ଲେଖନୀଯଂ ତଲ୍ଲିଖିତୱାନ୍|
2b131701f7	ଇତ୍ଥଂ ସେନାଗଣୋ ଯୀଶୁଂ କ୍ରୁଶେ ୱିଧିତ୍ୱା ତସ୍ୟ ପରିଧେଯୱସ୍ତ୍ରଂ ଚତୁରୋ ଭାଗାନ୍ କୃତ୍ୱା ଏକୈକସେନା ଏକୈକଭାଗମ୍ ଅଗୃହ୍ଲତ୍ ତସ୍ୟୋତ୍ତରୀଯୱସ୍ତ୍ରଞ୍ଚାଗୃହ୍ଲତ୍| କିନ୍ତୂତ୍ତରୀଯୱସ୍ତ୍ରଂ ସୂଚିସେୱନଂ ୱିନା ସର୍ୱ୍ୱମ୍ ଊତଂ|
2b13180283	ତସ୍ମାତ୍ତେ ୱ୍ୟାହରନ୍ ଏତତ୍ କଃ ପ୍ରାପ୍ସ୍ୟତି? ତନ୍ନ ଖଣ୍ଡଯିତ୍ୱା ତତ୍ର ଗୁଟିକାପାତଂ କରୱାମ| ୱିଭଜନ୍ତେଽଧରୀଯଂ ମେ ୱସନଂ ତେ ପରସ୍ପରଂ| ମମୋତ୍ତରୀଯୱସ୍ତ୍ରାର୍ଥଂ ଗୁଟିକାଂ ପାତଯନ୍ତି ଚ| ଇତି ଯଦ୍ୱାକ୍ୟଂ ଧର୍ମ୍ମପୁସ୍ତକେ ଲିଖିତମାସ୍ତେ ତତ୍ ସେନାଗଣେନେତ୍ଥଂ ୱ୍ୟୱହରଣାତ୍ ସିଦ୍ଧମଭୱତ୍|
2b1319013a	ତଦାନୀଂ ଯୀଶୋ ର୍ମାତା ମାତୁ ର୍ଭଗିନୀ ଚ ଯା କ୍ଲିଯପା ଭାର୍ୟ୍ୟା ମରିଯମ୍ ମଗ୍ଦଲୀନୀ ମରିଯମ୍ ଚ ଏତାସ୍ତସ୍ୟ କ୍ରୁଶସ୍ୟ ସନ୍ନିଧୌ ସମତିଷ୍ଠନ୍|
2b131a0115	ତତୋ ଯୀଶୁଃ ସ୍ୱମାତରଂ ପ୍ରିଯତମଶିଷ୍ୟଞ୍ଚ ସମୀପେ ଦଣ୍ଡାଯମାନୌ ୱିଲୋକ୍ୟ ମାତରମ୍ ଅୱଦତ୍, ହେ ଯୋଷିଦ୍ ଏନଂ ତୱ ପୁତ୍ରଂ ପଶ୍ୟ,
2b131b00d9	ଶିଷ୍ୟନ୍ତ୍ୱୱଦତ୍, ଏନାଂ ତୱ ମାତରଂ ପଶ୍ୟ| ତତଃ ସ ଶିଷ୍ୟସ୍ତଦ୍ଘଟିକାଯାଂ ତାଂ ନିଜଗୃହଂ ନୀତୱାନ୍|
2b131c015a	ଅନନ୍ତରଂ ସର୍ୱ୍ୱଂ କର୍ମ୍ମାଧୁନା ସମ୍ପନ୍ନମଭୂତ୍ ଯୀଶୁରିତି ଜ୍ଞାତ୍ୱା ଧର୍ମ୍ମପୁସ୍ତକସ୍ୟ ୱଚନଂ ଯଥା ସିଦ୍ଧଂ ଭୱତି ତଦର୍ଥମ୍ ଅକଥଯତ୍ ମମ ପିପାସା ଜାତା|
2b131d017b	ତତସ୍ତସ୍ମିନ୍ ସ୍ଥାନେ ଅମ୍ଲରସେନ ପୂର୍ଣପାତ୍ରସ୍ଥିତ୍ୟା ତେ ସ୍ପଞ୍ଜମେକଂ ତଦମ୍ଲରସେନାର୍ଦ୍ରୀକୃତ୍ୟ ଏସୋବ୍ନଲେ ତଦ୍ ଯୋଜଯିତ୍ୱା ତସ୍ୟ ମୁଖସ୍ୟ ସନ୍ନିଧାୱସ୍ଥାପଯନ୍|
2b131e0102	ତଦା ଯୀଶୁରମ୍ଲରସଂ ଗୃହୀତ୍ୱା ସର୍ୱ୍ୱଂ ସିଦ୍ଧମ୍ ଇତି କଥାଂ କଥଯିତ୍ୱା ମସ୍ତକଂ ନମଯନ୍ ପ୍ରାଣାନ୍ ପର୍ୟ୍ୟତ୍ୟଜତ୍|
2b131f022c	ତଦ୍ୱିନମ୍ ଆସାଦନଦିନଂ ତସ୍ମାତ୍ ପରେଽହନି ୱିଶ୍ରାମୱାରେ ଦେହା ଯଥା କ୍ରୁଶୋପରି ନ ତିଷ୍ଠନ୍ତି, ଯତଃ ସ ୱିଶ୍ରାମୱାରୋ ମହାଦିନମାସୀତ୍, ତସ୍ମାଦ୍ ଯିହୂଦୀଯାଃ ପୀଲାତନିକଟଂ ଗତ୍ୱା ତେଷାଂ ପାଦଭଞ୍ଜନସ୍ୟ ସ୍ଥାନାନ୍ତରନଯନସ୍ୟ ଚାନୁମତିଂ ପ୍ରାର୍ଥଯନ୍ତ|
2b132000c4	ଅତଃ ସେନା ଆଗତ୍ୟ ଯୀଶୁନା ସହ କ୍ରୁଶେ ହତଯୋଃ ପ୍ରଥମଦ୍ୱିତୀଯଚୋରଯୋଃ ପାଦାନ୍ ଅଭଞ୍ଜନ୍;
2b132100b0	କିନ୍ତୁ ଯୀଶୋଃ ସନ୍ନିଧିଂ ଗତ୍ୱା ସ ମୃତ ଇତି ଦୃଷ୍ଟ୍ୱା ତସ୍ୟ ପାଦୌ ନାଭଞ୍ଜନ୍|
2b132200f9	ପଶ୍ଚାଦ୍ ଏକୋ ଯୋଦ୍ଧା ଶୂଲାଘାତେନ ତସ୍ୟ କୁକ୍ଷିମ୍ ଅୱିଧତ୍ ତତ୍କ୍ଷଣାତ୍ ତସ୍ମାଦ୍ ରକ୍ତଂ ଜଲଞ୍ଚ ନିରଗଚ୍ଛତ୍|
2b13230148	ଯୋ ଜନୋଽସ୍ୟ ସାକ୍ଷ୍ୟଂ ଦଦାତି ସ ସ୍ୱଯଂ ଦୃଷ୍ଟୱାନ୍ ତସ୍ୟେଦଂ ସାକ୍ଷ୍ୟଂ ସତ୍ୟଂ ତସ୍ୟ କଥା ଯୁଷ୍ମାକଂ ୱିଶ୍ୱାସଂ ଜନଯିତୁଂ ଯୋଗ୍ୟା ତତ୍ ସ ଜାନାତି|
2b13240052	ତସ୍ୟୈକମ୍ ଅସ୍ଧ୍ୟପି ନ ଭଂକ୍ଷ୍ୟତେ,
2b132500e3	ତଦ୍ୱଦ୍ ଅନ୍ୟଶାସ୍ତ୍ରେପି ଲିଖ୍ୟତେ, ଯଥା, "ଦୃଷ୍ଟିପାତଂ କରିଷ୍ୟନ୍ତି ତେଽୱିଧନ୍ ଯନ୍ତୁ ତମ୍ପ୍ରତି| "
2b132601e3	ଅରିମଥୀଯନଗରସ୍ୟ ଯୂଷଫ୍ନାମା ଶିଷ୍ୟ ଏକ ଆସୀତ୍ କିନ୍ତୁ ଯିହୂଦୀଯେଭ୍ୟୋ ଭଯାତ୍ ପ୍ରକାଶିତୋ ନ ଭୱତି; ସ ଯୀଶୋ ର୍ଦେହଂ ନେତୁଂ ପୀଲାତସ୍ୟାନୁମତିଂ ପ୍ରାର୍ଥଯତ, ତତଃ ପୀଲାତେନାନୁମତେ ସତି ସ ଗତ୍ୱା ଯୀଶୋ ର୍ଦେହମ୍ ଅନଯତ୍|
2b1327012d	ଅପରଂ ଯୋ ନିକଦୀମୋ ରାତ୍ରୌ ଯୀଶୋଃ ସମୀପମ୍ ଅଗଚ୍ଛତ୍ ସୋପି ଗନ୍ଧରସେନ ମିଶ୍ରିତଂ ପ୍ରାଯେଣ ପଞ୍ଚାଶତ୍ସେଟକମଗୁରୁଂ ଗୃହୀତ୍ୱାଗଚ୍ଛତ୍|
2b13280117	ତତସ୍ତେ ଯିହୂଦୀଯାନାଂ ଶ୍ମଶାନେ ସ୍ଥାପନରୀତ୍ୟନୁସାରେଣ ତତ୍ସୁଗନ୍ଧିଦ୍ରୱ୍ୟେଣ ସହିତଂ ତସ୍ୟ ଦେହଂ ୱସ୍ତ୍ରେଣାୱେଷ୍ଟଯନ୍|
2b13290152	ଅପରଞ୍ଚ ଯତ୍ର ସ୍ଥାନେ ତଂ କ୍ରୁଶେଽୱିଧନ୍ ତସ୍ୟ ନିକଟସ୍ଥୋଦ୍ୟାନେ ଯତ୍ର କିମପି ମୃତଦେହଂ କଦାପି ନାସ୍ଥାପ୍ୟତ ତାଦୃଶମ୍ ଏକଂ ନୂତନଂ ଶ୍ମଶାନମ୍ ଆସୀତ୍|
2b132a00c4	ଯିହୂଦୀଯାନାମ୍ ଆସାଦନଦିନାଗମନାତ୍ ତେ ତସ୍ମିନ୍ ସମୀପସ୍ଥଶ୍ମଶାନେ ଯୀଶୁମ୍ ଅଶାଯଯନ୍|
2b1401018d	ଅନନ୍ତରଂ ସପ୍ତାହସ୍ୟ ପ୍ରଥମଦିନେ ଽତିପ୍ରତ୍ୟୂଷେ ଽନ୍ଧକାରେ ତିଷ୍ଠତି ମଗ୍ଦଲୀନୀ ମରିଯମ୍ ତସ୍ୟ ଶ୍ମଶାନସ୍ୟ ନିକଟଂ ଗତ୍ୱା ଶ୍ମଶାନସ୍ୟ ମୁଖାତ୍ ପ୍ରସ୍ତରମପସାରିତମ୍ ଅପଶ୍ୟତ୍|
2b14020167	ପଶ୍ଚାଦ୍ ଧାୱିତ୍ୱା ଶିମୋନ୍ପିତରାଯ ଯୀଶୋଃ ପ୍ରିଯତମଶିଷ୍ୟାଯ ଚେଦମ୍ ଅକଥଯତ୍, ଲୋକାଃ ଶ୍ମଶାନାତ୍ ପ୍ରଭୁଂ ନୀତ୍ୱା କୁତ୍ରାସ୍ଥାପଯନ୍ ତଦ୍ ୱକ୍ତୁଂ ନ ଶକ୍ନୋମି|
2b140300bc	ଅତଃ ପିତରଃ ସୋନ୍ୟଶିଷ୍ୟଶ୍ଚ ବର୍ହି ର୍ଭୁତ୍ୱା ଶ୍ମଶାନସ୍ଥାନଂ ଗନ୍ତୁମ୍ ଆରଭେତାଂ|
2b140400e6	ଉଭଯୋର୍ଧାୱତୋଃ ସୋନ୍ୟଶିଷ୍ୟଃ ପିତରଂ ପଶ୍ଚାତ୍ ତ୍ୟକ୍ତ୍ୱା ପୂର୍ୱ୍ୱଂ ଶ୍ମଶାନସ୍ଥାନ ଉପସ୍ଥିତୱାନ୍|
2b140500a9	ତଦା ପ୍ରହ୍ୱୀଭୂଯ ସ୍ଥାପିତୱସ୍ତ୍ରାଣି ଦୃଷ୍ଟୱାନ୍ କିନ୍ତୁ ନ ପ୍ରାୱିଶତ୍|
2b14060079	ଅପରଂ ଶିମୋନ୍ପିତର ଆଗତ୍ୟ ଶ୍ମଶାନସ୍ଥାନଂ ପ୍ରୱିଶ୍ୟ
2b140700cd	ସ୍ଥାପିତୱସ୍ତ୍ରାଣି ମସ୍ତକସ୍ୟ ୱସ୍ତ୍ରଞ୍ଚ ପୃଥକ୍ ସ୍ଥାନାନ୍ତରେ ସ୍ଥାପିତଂ ଦୃଷ୍ଟୱାନ୍|
2b140800e5	ତତଃ ଶ୍ମଶାନସ୍ଥାନଂ ପୂର୍ୱ୍ୱମ୍ ଆଗତୋ ଯୋନ୍ୟଶିଷ୍ୟଃ ସୋପି ପ୍ରୱିଶ୍ୟ ତାଦୃଶଂ ଦୃଷ୍ଟା ୱ୍ୟଶ୍ୱସୀତ୍|
2b140900e9	ଯତଃ ଶ୍ମଶାନାତ୍ ସ ଉତ୍ଥାପଯିତୱ୍ୟ ଏତସ୍ୟ ଧର୍ମ୍ମପୁସ୍ତକୱଚନସ୍ୟ ଭାୱଂ ତେ ତଦା ୱୋଦ୍ଧୁଂ ନାଶନ୍କୁୱନ୍|
2b140a0098	ଅନନ୍ତରଂ ତୌ ଦ୍ୱୌ ଶିଷ୍ୟୌ ସ୍ୱଂ ସ୍ୱଂ ଗୃହଂ ପରାୱୃତ୍ୟାଗଚ୍ଛତାମ୍|
2b140b0102	ତତଃ ପରଂ ମରିଯମ୍ ଶ୍ମଶାନଦ୍ୱାରସ୍ୟ ବହିଃ ସ୍ଥିତ୍ୱା ରୋଦିତୁମ୍ ଆରଭତ ତତୋ ରୁଦତୀ ପ୍ରହ୍ୱୀଭୂଯ ଶ୍ମଶାନଂ ୱିଲୋକ୍ୟ
2b140c00ee	ଯୀଶୋଃ ଶଯନସ୍ଥାନସ୍ୟ ଶିରଃସ୍ଥାନେ ପଦତଲେ ଚ ଦ୍ୱଯୋ ର୍ଦିଶୋ ଦ୍ୱୌ ସ୍ୱର୍ଗୀଯଦୂତାୱୁପୱିଷ୍ଟୌ ସମପଶ୍ୟତ୍|
2b140d00f4	ତୌ ପୃଷ୍ଟୱନ୍ତୌ ହେ ନାରି କୁତୋ ରୋଦିଷି? ସାୱଦତ୍ ଲୋକା ମମ ପ୍ରଭୁଂ ନୀତ୍ୱା କୁତ୍ରାସ୍ଥାପଯନ୍ ଇତି ନ ଜାନାମି|
2b140e00f9	ଇତ୍ୟୁକ୍ତ୍ୱା ମୁଖଂ ପରାୱୃତ୍ୟ ଯୀଶୁଂ ଦଣ୍ଡାଯମାନମ୍ ଅପଶ୍ୟତ୍ କିନ୍ତୁ ସ ଯୀଶୁରିତି ସା ଜ୍ଞାତୁଂ ନାଶକ୍ନୋତ୍|
2b140f0200	ତଦା ଯୀଶୁସ୍ତାମ୍ ଅପୃଚ୍ଛତ୍ ହେ ନାରି କୁତୋ ରୋଦିଷି? କଂ ୱା ମୃଗଯସେ? ତତଃ ସା ତମ୍ ଉଦ୍ୟାନସେୱକଂ ଜ୍ଞାତ୍ୱା ୱ୍ୟାହରତ୍, ହେ ମହେଚ୍ଛ ତ୍ୱଂ ଯଦୀତଃ ସ୍ଥାନାତ୍ ତଂ ନୀତୱାନ୍ ତର୍ହି କୁତ୍ରାସ୍ଥାପଯସ୍ତଦ୍ ୱଦ ତତ୍ସ୍ଥାନାତ୍ ତମ୍ ଆନଯାମି|
2b141000e4	ତଦା ଯୀଶୁସ୍ତାମ୍ ଅୱଦତ୍ ହେ ମରିଯମ୍| ତତଃ ସା ପରାୱୃତ୍ୟ ପ୍ରତ୍ୟୱଦତ୍ ହେ ରବ୍ବୂନୀ ଅର୍ଥାତ୍ ହେ ଗୁରୋ|
2b1411021a	ତଦା ଯୀଶୁରୱଦତ୍ ମାଂ ମା ଧର, ଇଦାନୀଂ ପିତୁଃ ସମୀପେ ଊର୍ଦ୍ଧ୍ୱଗମନଂ ନ କରୋମି କିନ୍ତୁ ଯୋ ମମ ଯୁଷ୍ମାକଞ୍ଚ ପିତା ମମ ଯୁଷ୍ମାକଞ୍ଚେଶ୍ୱରସ୍ତସ୍ୟ ନିକଟ ଊର୍ଦ୍ଧ୍ୱଗମନଂ କର୍ତ୍ତୁମ୍ ଉଦ୍ୟତୋସ୍ମି, ଇମାଂ କଥାଂ ତ୍ୱଂ ଗତ୍ୱା ମମ ଭ୍ରାତୃଗଣଂ ଜ୍ଞାପଯ|
2b14120130	ତତୋ ମଗ୍ଦଲୀନୀମରିଯମ୍ ତତ୍କ୍ଷଣାଦ୍ ଗତ୍ୱା ପ୍ରଭୁସ୍ତସ୍ୟୈ ଦର୍ଶନଂ ଦତ୍ତ୍ୱା କଥା ଏତା ଅକଥଯଦ୍ ଇତି ୱାର୍ତ୍ତାଂ ଶିଷ୍ୟେଭ୍ୟୋଽକଥଯତ୍|
2b141301f9	ତତଃ ପରଂ ସପ୍ତାହସ୍ୟ ପ୍ରଥମଦିନସ୍ୟ ସନ୍ଧ୍ୟାସମଯେ ଶିଷ୍ୟା ଏକତ୍ର ମିଲିତ୍ୱା ଯିହୂଦୀଯେଭ୍ୟୋ ଭିଯା ଦ୍ୱାରରୁଦ୍ଧମ୍ ଅକୁର୍ୱ୍ୱନ୍, ଏତସ୍ମିନ୍ କାଲେ ଯୀଶୁସ୍ତେଷାଂ ମଧ୍ୟସ୍ଥାନେ ତିଷ୍ଠନ୍ ଅକଥଯଦ୍ ଯୁଷ୍ମାକଂ କଲ୍ୟାଣଂ ଭୂଯାତ୍|
2b141400e6	ଇତ୍ୟୁକ୍ତ୍ୱା ନିଜହସ୍ତଂ କୁକ୍ଷିଞ୍ଚ ଦର୍ଶିତୱାନ୍, ତତଃ ଶିଷ୍ୟାଃ ପ୍ରଭୁଂ ଦୃଷ୍ଟ୍ୱା ହୃଷ୍ଟା ଅଭୱନ୍|
2b141500f0	ଯୀଶୁଃ ପୁନରୱଦଦ୍ ଯୁଷ୍ମାକଂ କଲ୍ୟାଣଂ ଭୂଯାତ୍ ପିତା ଯଥା ମାଂ ପ୍ରୈଷଯତ୍ ତଥାହମପି ଯୁଷ୍ମାନ୍ ପ୍ରେଷଯାମି|
2b141600e1	ଇତ୍ୟୁକ୍ତ୍ୱା ସ ତେଷାମୁପରି ଦୀର୍ଘପ୍ରଶ୍ୱାସଂ ଦତ୍ତ୍ୱା କଥିତୱାନ୍ ପୱିତ୍ରମ୍ ଆତ୍ମାନଂ ଗୃହ୍ଲୀତ|
2b141700f1	ଯୂଯଂ ଯେଷାଂ ପାପାନି ମୋଚଯିଷ୍ୟଥ ତେ ମୋଚଯିଷ୍ୟନ୍ତେ ଯେଷାଞ୍ଚ ପାପାତି ନ ମୋଚଯିଷ୍ୟଥ ତେ ନ ମୋଚଯିଷ୍ୟନ୍ତେ|
2b141800c9	ଦ୍ୱାଦଶମଧ୍ୟେ ଗଣିତୋ ଯମଜୋ ଥୋମାନାମା ଶିଷ୍ୟୋ ଯୀଶୋରାଗମନକାଲୈ ତୈଃ ସାର୍ଦ୍ଧଂ ନାସୀତ୍|
2b141901f2	ଅତୋ ୱଯଂ ପ୍ରଭୂମ୍ ଅପଶ୍ୟାମେତି ୱାକ୍ୟେଽନ୍ୟଶିଷ୍ୟୈରୁକ୍ତେ ସୋୱଦତ୍, ତସ୍ୟ ହସ୍ତଯୋ ର୍ଲୌହକୀଲକାନାଂ ଚିହ୍ନଂ ନ ୱିଲୋକ୍ୟ ତଚ୍ଚିହ୍ନମ୍ ଅଙ୍ଗୁଲ୍ୟା ନ ସ୍ପୃଷ୍ଟ୍ୱା ତସ୍ୟ କୁକ୍ଷୌ ହସ୍ତଂ ନାରୋପ୍ୟ ଚାହଂ ନ ୱିଶ୍ୱସିଷ୍ୟାମି|
2b141a01ad	ଅପରମ୍ ଅଷ୍ଟମେଽହ୍ନି ଗତେ ସତି ଥୋମାସହିତଃ ଶିଷ୍ୟଗଣ ଏକତ୍ର ମିଲିତ୍ୱା ଦ୍ୱାରଂ ରୁଦ୍ଧ୍ୱାଭ୍ୟନ୍ତର ଆସୀତ୍, ଏତର୍ହି ଯୀଶୁସ୍ତେଷାଂ ମଧ୍ୟସ୍ଥାନେ ତିଷ୍ଠନ୍ ଅକଥଯତ୍, ଯୁଷ୍ମାକଂ କୁଶଲଂ ଭୂଯାତ୍|
2b141b0122	ପଶ୍ଚାତ୍ ଥାମୈ କଥିତୱାନ୍ ତ୍ୱମ୍ ଅଙ୍ଗୁଲୀମ୍ ଅତ୍ରାର୍ପଯିତ୍ୱା ମମ କରୌ ପଶ୍ୟ କରଂ ପ୍ରସାର୍ୟ୍ୟ ମମ କୁକ୍ଷାୱର୍ପଯ ନାୱିଶ୍ୱସ୍ୟ|
2b141c0063	ତଦା ଥୋମା ଅୱଦତ୍, ହେ ମମ ପ୍ରଭୋ ହେ ମଦୀଶ୍ୱର|
2b141d00d6	ଯୀଶୁରକଥଯତ୍, ହେ ଥୋମା ମାଂ ନିରୀକ୍ଷ୍ୟ ୱିଶ୍ୱସିଷି ଯେ ନ ଦୃଷ୍ଟ୍ୱା ୱିଶ୍ୱସନ୍ତି ତଏୱ ଧନ୍ୟାଃ|
2b141e0107	ଏତଦନ୍ୟାନି ପୁସ୍ତକେଽସ୍ମିନ୍ ଅଲିଖିତାନି ବହୂନ୍ୟାଶ୍ଚର୍ୟ୍ୟକର୍ମ୍ମାଣି ଯୀଶୁଃ ଶିଷ୍ୟାଣାଂ ପୁରସ୍ତାଦ୍ ଅକରୋତ୍|
2b141f016c	କିନ୍ତୁ ଯୀଶୁରୀଶ୍ୱରସ୍ୟାଭିଷିକ୍ତଃ ସୁତ ଏୱେତି ଯଥା ଯୂଯଂ ୱିଶ୍ୱସିଥ ୱିଶ୍ୱସ୍ୟ ଚ ତସ୍ୟ ନାମ୍ନା ପରମାଯୁଃ ପ୍ରାପ୍ନୁଥ ତଦର୍ଥମ୍ ଏତାନି ସର୍ୱ୍ୱାଣ୍ୟଲିଖ୍ୟନ୍ତ|
2b150100f0	ତତଃ ପରଂ ତିବିରିଯାଜଲଧେସ୍ତଟେ ଯୀଶୁଃ ପୁନରପି ଶିଷ୍ୟେଭ୍ୟୋ ଦର୍ଶନଂ ଦତ୍ତୱାନ୍ ଦର୍ଶନସ୍ୟାଖ୍ୟାନମିଦମ୍|
2b15020194	ଶିମୋନ୍ପିତରଃ ଯମଜଥୋମା ଗାଲୀଲୀଯକାନ୍ନାନଗରନିୱାସୀ ନିଥନେଲ୍ ସିୱଦେଃ ପୁତ୍ରାୱନ୍ୟୌ ଦ୍ୱୌ ଶିଷ୍ୟୌ ଚୈତେଷ୍ୱେକତ୍ର ମିଲିତେଷୁ ଶିମୋନ୍ପିତରୋଽକଥଯତ୍ ମତ୍ସ୍ୟାନ୍ ଧର୍ତୁଂ ଯାମି|
2b15030170	ତତସ୍ତେ ୱ୍ୟାହରନ୍ ତର୍ହି ୱଯମପି ତ୍ୱଯା ସାର୍ଦ୍ଧଂ ଯାମଃ ତଦା ତେ ବହିର୍ଗତାଃ ସନ୍ତଃ କ୍ଷିପ୍ରଂ ନାୱମ୍ ଆରୋହନ୍ କିନ୍ତୁ ତସ୍ୟାଂ ରଜନ୍ୟାମ୍ ଏକମପି ନ ପ୍ରାପ୍ନୁୱନ୍|
2b150400d0	ପ୍ରଭାତେ ସତି ଯୀଶୁସ୍ତଟେ ସ୍ଥିତୱାନ୍ କିନ୍ତୁ ସ ଯୀଶୁରିତି ଶିଷ୍ୟା ଜ୍ଞାତୁଂ ନାଶକ୍ନୁୱନ୍|
2b150500e8	ତଦା ଯୀଶୁରପୃଚ୍ଛତ୍, ହେ ୱତ୍ସା ସନ୍ନିଧୌ କିଞ୍ଚିତ୍ ଖାଦ୍ୟଦ୍ରୱ୍ୟମ୍ ଆସ୍ତେ? ତେଽୱଦନ୍ କିମପି ନାସ୍ତି|
2b150601a3	ତଦା ସୋଽୱଦତ୍ ନୌକାଯା ଦକ୍ଷିଣପାର୍ଶ୍ୱେ ଜାଲଂ ନିକ୍ଷିପତ ତତୋ ଲପ୍ସ୍ୟଧ୍ୱେ, ତସ୍ମାତ୍ ତୈ ର୍ନିକ୍ଷିପ୍ତେ ଜାଲେ ମତ୍ସ୍ୟା ଏତାୱନ୍ତୋଽପତନ୍ ଯେନ ତେ ଜାଲମାକୃଷ୍ୟ ନୋତ୍ତୋଲଯିତୁଂ ଶକ୍ତାଃ|
2b150701c3	ତସ୍ମାଦ୍ ଯୀଶୋଃ ପ୍ରିଯତମଶିଷ୍ୟଃ ପିତରାଯାକଥଯତ୍ ଏଷ ପ୍ରଭୁ ର୍ଭୱେତ୍, ଏଷ ପ୍ରଭୁରିତି ୱାଚଂ ଶ୍ରୁତ୍ୱୈୱ ଶିମୋନ୍ ନଗ୍ନତାହେତୋ ର୍ମତ୍ସ୍ୟଧାରିଣ ଉତ୍ତରୀଯୱସ୍ତ୍ରଂ ପରିଧାଯ ହ୍ରଦଂ ପ୍ରତ୍ୟୁଦଲମ୍ଫଯତ୍|
2b15080182	ଅପରେ ଶିଷ୍ୟା ମତ୍ସ୍ୟୈଃ ସାର୍ଦ୍ଧଂ ଜାଲମ୍ ଆକର୍ଷନ୍ତଃ କ୍ଷୁଦ୍ରନୌକାଂ ୱାହଯିତ୍ୱା କୂଲମାନଯନ୍ ତେ କୂଲାଦ୍ ଅତିଦୂରେ ନାସନ୍ ଦ୍ୱିଶତହସ୍ତେଭ୍ୟୋ ଦୂର ଆସନ୍ ଇତ୍ୟନୁମୀଯତେ|
2b150900cc	ତୀରଂ ପ୍ରାପ୍ତୈସ୍ତୈସ୍ତତ୍ର ପ୍ରଜ୍ୱଲିତାଗ୍ନିସ୍ତଦୁପରି ମତ୍ସ୍ୟାଃ ପୂପାଶ୍ଚ ଦୃଷ୍ଟାଃ|
2b150a0095	ତତୋ ଯୀଶୁରକଥଯଦ୍ ଯାନ୍ ମତ୍ସ୍ୟାନ୍ ଅଧରତ ତେଷାଂ କତିପଯାନ୍ ଆନଯତ|
2b150b0192	ଅତଃ ଶିମୋନ୍ପିତରଃ ପରାୱୃତ୍ୟ ଗତ୍ୱା ବୃହଦ୍ଭିସ୍ତ୍ରିପଞ୍ଚାଶଦଧିକଶତମତ୍ସ୍ୟୈଃ ପରିପୂର୍ଣଂ ତଜ୍ଜାଲମ୍ ଆକୃଷ୍ୟୋଦତୋଲଯତ୍ କିନ୍ତ୍ୱେତାୱଦ୍ଭି ର୍ମତ୍ସ୍ୟୈରପି ଜାଲଂ ନାଛିଦ୍ୟତ|
2b150c016f	ଅନନ୍ତରଂ ଯୀଶୁସ୍ତାନ୍ ଅୱାଦୀତ୍ ଯୂଯମାଗତ୍ୟ ଭୁଂଗ୍ଧ୍ୱଂ; ତଦା ସଏୱ ପ୍ରଭୁରିତି ଜ୍ଞାତତ୍ୱାତ୍ ତ୍ୱଂ କଃ? ଇତି ପ୍ରଷ୍ଟୁଂ ଶିଷ୍ୟାଣାଂ କସ୍ୟାପି ପ୍ରଗଲ୍ଭତା ନାଭୱତ୍|
2b150d00af	ତତୋ ଯୀଶୁରାଗତ୍ୟ ପୂପାନ୍ ମତ୍ସ୍ୟାଂଶ୍ଚ ଗୃହୀତ୍ୱା ତେଭ୍ୟଃ ପର୍ୟ୍ୟୱେଷଯତ୍|
2b150e00c7	ଇତ୍ଥଂ ଶ୍ମଶାନାଦୁତ୍ଥାନାତ୍ ପରଂ ଯୀଶୁଃ ଶିଷ୍ୟେଭ୍ୟସ୍ତୃତୀଯୱାରଂ ଦର୍ଶନଂ ଦତ୍ତୱାନ୍|
2b150f0223	ଭୋଜନେ ସମାପ୍ତେ ସତି ଯୀଶୁଃ ଶିମୋନ୍ପିତରଂ ପୃଷ୍ଟୱାନ୍, ହେ ଯୂନସଃ ପୁତ୍ର ଶିମୋନ୍ ତ୍ୱଂ କିମ୍ ଏତେଭ୍ୟୋଧିକଂ ମଯି ପ୍ରୀଯସେ? ତତଃ ସ ଉଦିତୱାନ୍ ସତ୍ୟଂ ପ୍ରଭୋ ତ୍ୱଯି ପ୍ରୀଯେଽହଂ ତଦ୍ ଭୱାନ୍ ଜାନାତି; ତଦା ଯୀଶୁରକଥଯତ୍ ତର୍ହି ମମ ମେଷଶାୱକଗଣଂ ପାଲଯ|
2b151001bc	ତତଃ ସ ଦ୍ୱିତୀଯୱାରଂ ପୃଷ୍ଟୱାନ୍ ହେ ଯୂନସଃ ପୁତ୍ର ଶିମୋନ୍ ତ୍ୱଂ କିଂ ମଯି ପ୍ରୀଯସେ? ତତଃ ସ ଉକ୍ତୱାନ୍ ସତ୍ୟଂ ପ୍ରଭୋ ତ୍ୱଯି ପ୍ରୀଯେଽହଂ ତଦ୍ ଭୱାନ୍ ଜାନାତି; ତଦା ଯୀଶୁରକଥଯତ ତର୍ହି ମମ ମେଷଗଣଂ ପାଲଯ|
2b1511028d	ପଶ୍ଚାତ୍ ସ ତୃତୀଯୱାରଂ ପୃଷ୍ଟୱାନ୍, ହେ ଯୂନସଃ ପୁତ୍ର ଶିମୋନ୍ ତ୍ୱଂ କିଂ ମଯି ପ୍ରୀଯସେ? ଏତଦ୍ୱାକ୍ୟଂ ତୃତୀଯୱାରଂ ପୃଷ୍ଟୱାନ୍ ତସ୍ମାତ୍ ପିତରୋ ଦୁଃଖିତୋ ଭୂତ୍ୱାଽକଥଯତ୍ ହେ ପ୍ରଭୋ ଭୱତଃ କିମପ୍ୟଗୋଚରଂ ନାସ୍ତି ତ୍ୱଯ୍ୟହଂ ପ୍ରୀଯେ ତଦ୍ ଭୱାନ୍ ଜାନାତି; ତତୋ ଯୀଶୁରୱଦତ୍ ତର୍ହି ମମ ମେଷଗଣଂ ପାଲଯ|
2b1512021a	ଅହଂ ତୁଭ୍ୟଂ ଯଥାର୍ଥଂ କଥଯାମି ଯୌୱନକାଲେ ସ୍ୱଯଂ ବଦ୍ଧକଟି ର୍ୟତ୍ରେଚ୍ଛା ତତ୍ର ଯାତୱାନ୍ କିନ୍ତ୍ୱିତଃ ପରଂ ୱୃଦ୍ଧେ ୱଯସି ହସ୍ତଂ ୱିସ୍ତାରଯିଷ୍ୟସି, ଅନ୍ୟଜନସ୍ତ୍ୱାଂ ବଦ୍ଧ୍ୱା ଯତ୍ର ଗନ୍ତୁଂ ତୱେଚ୍ଛା ନ ଭୱତି ତ୍ୱାଂ ଧୃତ୍ୱା ତତ୍ର ନେଷ୍ୟତି|
2b15130162	ଫଲତଃ କୀଦୃଶେନ ମରଣେନ ସ ଈଶ୍ୱରସ୍ୟ ମହିମାନଂ ପ୍ରକାଶଯିଷ୍ୟତି ତଦ୍ ବୋଧଯିତୁଂ ସ ଇତି ୱାକ୍ୟଂ ପ୍ରୋକ୍ତୱାନ୍| ଇତ୍ୟୁକ୍ତେ ସତି ସ ତମୱୋଚତ୍ ମମ ପଶ୍ଚାଦ୍ ଆଗଚ୍ଛ|
2b1514017e	ଯୋ ଜନୋ ରାତ୍ରିକାଲେ ଯୀଶୋ ର୍ୱକ୍ଷୋଽୱଲମ୍ବ୍ୟ, ହେ ପ୍ରଭୋ କୋ ଭୱନ୍ତଂ ପରକରେଷୁ ସମର୍ପଯିଷ୍ୟତୀତି ୱାକ୍ୟଂ ପୃଷ୍ଟୱାନ୍, ତଂ ଯୀଶୋଃ ପ୍ରିଯତମଶିଷ୍ୟଂ ପଶ୍ଚାଦ୍ ଆଗଚ୍ଛନ୍ତଂ
2b151500fb	ପିତରୋ ମୁଖଂ ପରାୱର୍ତ୍ତ୍ୟ ୱିଲୋକ୍ୟ ଯୀଶୁଂ ପୃଷ୍ଟୱାନ୍, ହେ ପ୍ରଭୋ ଏତସ୍ୟ ମାନୱସ୍ୟ କୀଦୃଶୀ ଗତି ର୍ଭୱିଷ୍ୟତି?
2b15160104	ସ ପ୍ରତ୍ୟୱଦତ୍, ମମ ପୁନରାଗମନପର୍ୟ୍ୟନ୍ତଂ ଯଦି ତଂ ସ୍ଥାପଯିତୁମ୍ ଇଚ୍ଛାମି ତତ୍ର ତୱ କିଂ? ତ୍ୱଂ ମମ ପଶ୍ଚାଦ୍ ଆଗଚ୍ଛ|
2b15170203	ତସ୍ମାତ୍ ସ ଶିଷ୍ୟୋ ନ ମରିଷ୍ୟତୀତି ଭ୍ରାତୃଗଣମଧ୍ୟେ କିଂୱଦନ୍ତୀ ଜାତା କିନ୍ତୁ ସ ନ ମରିଷ୍ୟତୀତି ୱାକ୍ୟଂ ଯୀଶୁ ର୍ନାୱଦତ୍ କେୱଲଂ ମମ ପୁନରାଗମନପର୍ୟ୍ୟନ୍ତଂ ଯଦି ତଂ ସ୍ଥାପଯିତୁମ୍ ଇଚ୍ଛାମି ତତ୍ର ତୱ କିଂ? ଇତି ୱାକ୍ୟମ୍ ଉକ୍ତୱାନ୍|
2b1518011f	ଯୋ ଜନ ଏତାନି ସର୍ୱ୍ୱାଣି ଲିଖିତୱାନ୍ ଅତ୍ର ସାକ୍ଷ୍ୟଞ୍ଚ ଦତ୍ତୱାନ୍ ସଏୱ ସ ଶିଷ୍ୟଃ, ତସ୍ୟ ସାକ୍ଷ୍ୟଂ ପ୍ରମାଣମିତି ୱଯଂ ଜାନୀମଃ|
2b151901b4	ଯୀଶୁରେତେଭ୍ୟୋଽପରାଣ୍ୟପି ବହୂନି କର୍ମ୍ମାଣି କୃତୱାନ୍ ତାନି ସର୍ୱ୍ୱାଣି ଯଦ୍ୟେକୈକଂ କୃତ୍ୱା ଲିଖ୍ୟନ୍ତେ ତର୍ହି ଗ୍ରନ୍ଥା ଏତାୱନ୍ତୋ ଭୱନ୍ତି ତେଷାଂ ଧାରଣେ ପୃଥିୱ୍ୟାଂ ସ୍ଥାନଂ ନ ଭୱତି| ଇତି||
2c0000001b	ପ୍ରେରିତାଃ
2c010101cb	ହେ ଥିଯଫିଲ, ଯୀଶୁଃ ସ୍ୱମନୋନୀତାନ୍ ପ୍ରେରିତାନ୍ ପୱିତ୍ରେଣାତ୍ମନା ସମାଦିଶ୍ୟ ଯସ୍ମିନ୍ ଦିନେ ସ୍ୱର୍ଗମାରୋହତ୍ ଯାଂ ଯାଂ କ୍ରିଯାମକରୋତ୍ ଯଦ୍ୟଦ୍ ଉପାଦିଶଚ୍ଚ ତାନି ସର୍ୱ୍ୱାଣି ପୂର୍ୱ୍ୱଂ ମଯା ଲିଖିତାନି|
2c010200c3	ସ ସ୍ୱନିଧନଦୁଃଖଭୋଗାତ୍ ପରମ୍ ଅନେକପ୍ରତ୍ୟଯକ୍ଷପ୍ରମାଣୌଃ ସ୍ୱଂ ସଜୀୱଂ ଦର୍ଶଯିତ୍ୱା
2c010300f5	ଚତ୍ୱାରିଂଶଦ୍ଦିନାନି ଯାୱତ୍ ତେଭ୍ୟଃ ପ୍ରେରିତେଭ୍ୟୋ ଦର୍ଶନଂ ଦତ୍ତ୍ୱେଶ୍ୱରୀଯରାଜ୍ୟସ୍ୟ ୱର୍ଣନମ ଅକରୋତ୍|
2c01040198	ଅନନ୍ତରଂ ତେଷାଂ ସଭାଂ କୃତ୍ୱା ଇତ୍ୟାଜ୍ଞାପଯତ୍, ଯୂଯଂ ଯିରୂଶାଲମୋଽନ୍ୟତ୍ର ଗମନମକୃତ୍ୱା ଯସ୍ତିନ୍ ପିତ୍ରାଙ୍ଗୀକୃତେ ମମ ୱଦନାତ୍ କଥା ଅଶୃଣୁତ ତତ୍ପ୍ରାପ୍ତିମ୍ ଅପେକ୍ଷ୍ୟ ତିଷ୍ଠତ|
2c010500d2	ଯୋହନ୍ ଜଲେ ମଜ୍ଜିତାୱାନ୍ କିନ୍ତ୍ୱଲ୍ପଦିନମଧ୍ୟେ ଯୂଯଂ ପୱିତ୍ର ଆତ୍ମନି ମଜ୍ଜିତା ଭୱିଷ୍ୟଥ|
2c01060144	ପଶ୍ଚାତ୍ ତେ ସର୍ୱ୍ୱେ ମିଲିତ୍ୱା ତମ୍ ଅପୃଚ୍ଛନ୍ ହେ ପ୍ରଭୋ ଭୱାନ୍ କିମିଦାନୀଂ ପୁନରପି ରାଜ୍ୟମ୍ ଇସ୍ରାଯେଲୀଯଲୋକାନାଂ କରେଷୁ ସମର୍ପଯିଷ୍ୟତି?
2c01070116	ତତଃ ସୋୱଦତ୍ ଯାନ୍ ସର୍ୱ୍ୱାନ୍ କାଲାନ୍ ସମଯାଂଶ୍ଚ ପିତା ସ୍ୱୱଶେଽସ୍ଥାପଯତ୍ ତାନ୍ ଜ୍ଞାତୃଂ ଯୁଷ୍ମାକମ୍ ଅଧିକାରୋ ନ ଜାଯତେ|
2c010801df	କିନ୍ତୁ ଯୁଷ୍ମାସୁ ପୱିତ୍ରସ୍ୟାତ୍ମନ ଆୱିର୍ଭାୱେ ସତି ଯୂଯଂ ଶକ୍ତିଂ ପ୍ରାପ୍ୟ ଯିରୂଶାଲମି ସମସ୍ତଯିହୂଦାଶୋମିରୋଣଦେଶଯୋଃ ପୃଥିୱ୍ୟାଃ ସୀମାଂ ଯାୱଦ୍ ଯାୱନ୍ତୋ ଦେଶାସ୍ତେଷୁ ଯର୍ୱ୍ୱେଷୁ ଚ ମଯି ସାକ୍ଷ୍ୟଂ ଦାସ୍ୟଥ|
2c010900f9	ଇତି ୱାକ୍ୟମୁକ୍ତ୍ୱା ସ ତେଷାଂ ସମକ୍ଷଂ ସ୍ୱର୍ଗଂ ନୀତୋଽଭୱତ୍, ତତୋ ମେଘମାରୁହ୍ୟ ତେଷାଂ ଦୃଷ୍ଟେରଗୋଚରୋଽଭୱତ୍|
2c010a01a1	ଯସ୍ମିନ୍ ସମଯେ ତେ ୱିହାଯସଂ ପ୍ରତ୍ୟନନ୍ୟଦୃଷ୍ଟ୍ୟା ତସ୍ୟ ତାଦୃଶମ୍ ଊର୍ଦ୍ୱ୍ୱଗମନମ୍ ଅପଶ୍ୟନ୍ ତସ୍ମିନ୍ନେୱ ସମଯେ ଶୁକ୍ଲୱସ୍ତ୍ରୌ ଦ୍ୱୌ ଜନୌ ତେଷାଂ ସନ୍ନିଧୌ ଦଣ୍ଡାଯମାନୌ କଥିତୱନ୍ତୌ,
2c010b01cd	ହେ ଗାଲୀଲୀଯଲୋକା ଯୂଯଂ କିମର୍ଥଂ ଗଗଣଂ ପ୍ରତି ନିରୀକ୍ଷ୍ୟ ଦଣ୍ଡାଯମାନାସ୍ତିଷ୍ଠଥ? ଯୁଷ୍ମାକଂ ସମୀପାତ୍ ସ୍ୱର୍ଗଂ ନୀତୋ ଯୋ ଯୀଶୁସ୍ତଂ ଯୂଯଂ ଯଥା ସ୍ୱର୍ଗମ୍ ଆରୋହନ୍ତମ୍ ଅଦର୍ଶମ୍ ତଥା ସ ପୁନଶ୍ଚାଗମିଷ୍ୟତି|
2c010c0163	ତତଃ ପରଂ ତେ ଜୈତୁନନାମ୍ନଃ ପର୍ୱ୍ୱତାଦ୍ ୱିଶ୍ରାମୱାରସ୍ୟ ପଥଃ ପରିମାଣମ୍ ଅର୍ଥାତ୍ ପ୍ରାଯେଣାର୍ଦ୍ଧକ୍ରୋଶଂ ଦୁରସ୍ଥଂ ଯିରୂଶାଲମ୍ନଗରଂ ପରାୱୃତ୍ୟାଗଚ୍ଛନ୍|
2c010d0210	ନଗରଂ ପ୍ରୱିଶ୍ୟ ପିତରୋ ଯାକୂବ୍ ଯୋହନ୍ ଆନ୍ଦ୍ରିଯଃ ଫିଲିପଃ ଥୋମା ବର୍ଥଜମଯୋ ମଥିରାଲ୍ଫୀଯପୁତ୍ରୋ ଯାକୂବ୍ ଉଦ୍ୟୋଗା ଶିମୋନ୍ ଯାକୂବୋ ଭ୍ରାତା ଯିହୂଦା ଏତେ ସର୍ୱ୍ୱେ ଯତ୍ର ସ୍ଥାନେ ପ୍ରୱସନ୍ତି ତସ୍ମିନ୍ ଉପରିତନପ୍ରକୋଷ୍ଠେ ପ୍ରାୱିଶନ୍|
2c010e0144	ପଶ୍ଚାଦ୍ ଇମେ କିଯତ୍ୟଃ ସ୍ତ୍ରିଯଶ୍ଚ ଯୀଶୋ ର୍ମାତା ମରିଯମ୍ ତସ୍ୟ ଭ୍ରାତରଶ୍ଚୈତେ ସର୍ୱ୍ୱ ଏକଚିତ୍ତୀଭୂତ ସତତଂ ୱିନଯେନ ୱିନଯେନ ପ୍ରାର୍ଥଯନ୍ତ|
2c010f010f	ତସ୍ମିନ୍ ସମଯେ ତତ୍ର ସ୍ଥାନେ ସାକଲ୍ୟେନ ୱିଂଶତ୍ୟଧିକଶତଂ ଶିଷ୍ୟା ଆସନ୍| ତତଃ ପିତରସ୍ତେଷାଂ ମଧ୍ୟେ ତିଷ୍ଠନ୍ ଉକ୍ତୱାନ୍
2c0110017e	ହେ ଭ୍ରାତୃଗଣ ଯୀଶୁଧାରିଣାଂ ଲୋକାନାଂ ପଥଦର୍ଶକୋ ଯୋ ଯିହୂଦାସ୍ତସ୍ମିନ୍ ଦାଯୂଦା ପୱିତ୍ର ଆତ୍ମା ଯାଂ କଥାଂ କଥଯାମାସ ତସ୍ୟାଃ ପ୍ରତ୍ୟକ୍ଷୀଭୱନସ୍ୟାୱଶ୍ୟକତ୍ୱମ୍ ଆସୀତ୍|
2c01110092	ସ ଜନୋଽସ୍ମାକଂ ମଧ୍ୟୱର୍ତ୍ତୀ ସନ୍ ଅସ୍ୟାଃ ସେୱାଯା ଅଂଶମ୍ ଅଲଭତ|
2c01120192	ତଦନନ୍ତରଂ କୁକର୍ମ୍ମଣା ଲବ୍ଧଂ ଯନ୍ମୂଲ୍ୟଂ ତେନ କ୍ଷେତ୍ରମେକଂ କ୍ରୀତମ୍ ଅପରଂ ତସ୍ମିନ୍ ଅଧୋମୁଖେ ଭୃମୌ ପତିତେ ସତି ତସ୍ୟୋଦରସ୍ୟ ୱିଦୀର୍ଣତ୍ୱାତ୍ ସର୍ୱ୍ୱା ନାଡ୍ୟୋ ନିରଗଚ୍ଛନ୍|
2c01130162	ଏତାଂ କଥାଂ ଯିରୂଶାଲମ୍ନିୱାସିନଃ ସର୍ୱ୍ୱେ ଲୋକା ୱିଦାନ୍ତି; ତେଷାଂ ନିଜଭାଷଯା ତତ୍କ୍ଷେତ୍ରଞ୍ଚ ହକଲ୍ଦାମା, ଅର୍ଥାତ୍ ରକ୍ତକ୍ଷେତ୍ରମିତି ୱିଖ୍ୟାତମାସ୍ତେ|
2c011401b7	ଅନ୍ୟଚ୍ଚ, ନିକେତନଂ ତଦୀଯନ୍ତୁ ଶୁନ୍ୟମେୱ ଭୱିଷ୍ୟତି| ତସ୍ୟ ଦୂଷ୍ୟେ ନିୱାସାର୍ଥଂ କୋପି ସ୍ଥାସ୍ୟତି ନୈୱ ହି| ଅନ୍ୟ ଏୱ ଜନସ୍ତସ୍ୟ ପଦଂ ସଂପ୍ରାପ୍ସ୍ୟତି ଧ୍ରୁୱଂ| ଇତ୍ଥଂ ଗୀତପୁସ୍ତକେ ଲିଖିତମାସ୍ତେ|
2c0115013c	ଅତୋ ଯୋହନୋ ମଜ୍ଜନମ୍ ଆରଭ୍ୟାସ୍ମାକଂ ସମୀପାତ୍ ପ୍ରଭୋ ର୍ୟୀଶୋଃ ସ୍ୱର୍ଗାରୋହଣଦିନଂ ଯାୱତ୍ ସୋସ୍ମାକଂ ମଧ୍ୟେ ଯାୱନ୍ତି ଦିନାନି ଯାପିତୱାନ୍
2c01160143	ତାୱନ୍ତି ଦିନାନି ଯେ ମାନୱା ଅସ୍ମାଭିଃ ସାର୍ଦ୍ଧଂ ତିଷ୍ଠନ୍ତି ତେଷାମ୍ ଏକେନ ଜନେନାସ୍ମାଭିଃ ସାର୍ଦ୍ଧଂ ଯୀଶୋରୁତ୍ଥାନେ ସାକ୍ଷିଣା ଭୱିତୱ୍ୟଂ|
2c01170161	ଅତୋ ଯସ୍ୟ ରୂଢି ର୍ୟୁଷ୍ଟୋ ଯଂ ବର୍ଶବ୍ବେତ୍ୟୁକ୍ତ୍ୱାହୂଯନ୍ତି ସ ଯୂଷଫ୍ ମତଥିଶ୍ଚ ଦ୍ୱାୱେତୌ ପୃଥକ୍ କୃତ୍ୱା ତ ଈଶ୍ୱରସ୍ୟ ସନ୍ନିଧୌ ପ୍ରାର୍ୟ୍ୟ କଥିତୱନ୍ତଃ,
2c011800b6	ହେ ସର୍ୱ୍ୱାନ୍ତର୍ୟ୍ୟାମିନ୍ ପରମେଶ୍ୱର, ଯିହୂଦାଃ ସେୱନପ୍ରେରିତତ୍ୱପଦଚ୍ୟୁତଃ
2c01190105	ସନ୍ ନିଜସ୍ଥାନମ୍ ଅଗଚ୍ଛତ୍, ତତ୍ପଦଂ ଲବ୍ଧୁମ୍ ଏନଯୋ ର୍ଜନଯୋ ର୍ମଧ୍ୟେ ଭୱତା କୋଽଭିରୁଚିତସ୍ତଦସ୍ମାନ୍ ଦର୍ଶ୍ୟତାଂ|
2c011a00fa	ତତୋ ଗୁଟିକାପାଟେ କୃତେ ମତଥିର୍ନିରଚୀଯତ ତସ୍ମାତ୍ ସୋନ୍ୟେଷାମ୍ ଏକାଦଶାନାଂ ପ୍ରରିତାନାଂ ମଧ୍ୟେ ଗଣିତୋଭୱତ୍|
2c0201012e	ଅପରଞ୍ଚ ନିସ୍ତାରୋତ୍ସୱାତ୍ ପରଂ ପଞ୍ଚାଶତ୍ତମେ ଦିନେ ସମୁପସ୍ଥିତେ ସତି ତେ ସର୍ୱ୍ୱେ ଏକାଚିତ୍ତୀଭୂଯ ସ୍ଥାନ ଏକସ୍ମିନ୍ ମିଲିତା ଆସନ୍|
2c02020160	ଏତସ୍ମିନ୍ନେୱ ସମଯେଽକସ୍ମାଦ୍ ଆକାଶାତ୍ ପ୍ରଚଣ୍ଡାତ୍ୟୁଗ୍ରୱାଯୋଃ ଶବ୍ଦୱଦ୍ ଏକଃ ଶବ୍ଦ ଆଗତ୍ୟ ଯସ୍ମିନ୍ ଗୃହେ ତ ଉପାୱିଶନ୍ ତଦ୍ ଗୃହଂ ସମସ୍ତଂ ୱ୍ୟାପ୍ନୋତ୍|
2c02030106	ତତଃ ପରଂ ୱହ୍ନିଶିଖାସ୍ୱରୂପା ଜିହ୍ୱାଃ ପ୍ରତ୍ୟକ୍ଷୀଭୂଯ ୱିଭକ୍ତାଃ ସତ୍ୟଃ ପ୍ରତିଜନୋର୍ଦ୍ଧ୍ୱେ ସ୍ଥଗିତା ଅଭୂୱନ୍|
2c02040125	ତସ୍ମାତ୍ ସର୍ୱ୍ୱେ ପୱିତ୍ରେଣାତ୍ମନା ପରିପୂର୍ଣାଃ ସନ୍ତ ଆତ୍ମା ଯଥା ୱାଚିତୱାନ୍ ତଦନୁସାରେଣାନ୍ୟଦେଶୀଯାନାଂ ଭାଷା ଉକ୍ତୱନ୍ତଃ|
2c020500ee	ତସ୍ମିନ୍ ସମଯେ ପୃଥିୱୀସ୍ଥସର୍ୱ୍ୱଦେଶେଭ୍ୟୋ ଯିହୂଦୀଯମତାୱଲମ୍ବିନୋ ଭକ୍ତଲୋକା ଯିରୂଶାଲମି ପ୍ରାୱସନ୍;
2c0206013f	ତସ୍ୟାଃ କଥାଯାଃ କିଂୱଦନ୍ତ୍ୟା ଜାତତ୍ୱାତ୍ ସର୍ୱ୍ୱେ ଲୋକା ମିଲିତ୍ୱା ନିଜନିଜଭାଷଯା ଶିଷ୍ୟାଣାଂ କଥାକଥନଂ ଶ୍ରୁତ୍ୱା ସମୁଦ୍ୱିଗ୍ନା ଅଭୱନ୍|
2c02070157	ସର୍ୱ୍ୱଏୱ ୱିସ୍ମଯାପନ୍ନା ଆଶ୍ଚର୍ୟ୍ୟାନ୍ୱିତାଶ୍ଚ ସନ୍ତଃ ପରସ୍ପରଂ ଉକ୍ତୱନ୍ତଃ ପଶ୍ୟତ ଯେ କଥାଂ କଥଯନ୍ତି ତେ ସର୍ୱ୍ୱେ ଗାଲୀଲୀଯଲୋକାଃ କିଂ ନ ଭୱନ୍ତି?
2c020800bf	ତର୍ହି ୱଯଂ ପ୍ରତ୍ୟେକଶଃ ସ୍ୱସ୍ୱଜନ୍ମଦେଶୀଯଭାଷାଭିଃ କଥା ଏତେଷାଂ ଶୃଣୁମଃ କିମିଦଂ?
2c020900b5	ପାର୍ଥୀ-ମାଦୀ-ଅରାମ୍ନହରଯିମ୍ଦେଶନିୱାସିମନୋ ଯିହୂଦା-କପ୍ପଦକିଯା-ପନ୍ତ-ଆଶିଯା-
2c020a01a7	ଫ୍ରୁଗିଯା-ପମ୍ଫୁଲିଯା-ମିସରନିୱାସିନଃ କୁରୀଣୀନିକଟୱର୍ତ୍ତିଲୂବୀଯପ୍ରଦେଶନିୱାସିନୋ ରୋମନଗରାଦ୍ ଆଗତା ଯିହୂଦୀଯଲୋକା ଯିହୂଦୀଯମତଗ୍ରାହିଣଃ କ୍ରୀତୀଯା ଅରାବୀଯାଦଯୋ ଲୋକାଶ୍ଚ ଯେ ୱଯମ୍
2c020b00b5	ଅସ୍ମାକଂ ନିଜନିଜଭାଷାଭିରେତେଷାମ୍ ଈଶ୍ୱରୀଯମହାକର୍ମ୍ମୱ୍ୟାଖ୍ୟାନଂ ଶୃଣୁମଃ|
2c020c00da	ଇତ୍ଥଂ ତେ ସର୍ୱ୍ୱଏୱ ୱିସ୍ମଯାପନ୍ନାଃ ସନ୍ଦିଗ୍ଧଚିତ୍ତାଃ ସନ୍ତଃ ପରସ୍ପରମୂଚୁଃ, ଅସ୍ୟ କୋ ଭାୱଃ?
2c020d00aa	ଅପରେ କେଚିତ୍ ପରିହସ୍ୟ କଥିତୱନ୍ତ ଏତେ ନୱୀନଦ୍ରାକ୍ଷାରସେନ ମତ୍ତା ଅଭୱନ୍|
2c020e0188	ତଦା ପିତର ଏକାଦଶଭି ର୍ଜନୈଃ ସାକଂ ତିଷ୍ଠନ୍ ତାଲ୍ଲୋକାନ୍ ଉଚ୍ଚୈଃକାରମ୍ ଅୱଦତ୍, ହେ ଯିହୂଦୀଯା ହେ ଯିରୂଶାଲମ୍ନିୱାସିନଃ ସର୍ୱ୍ୱେ, ଅୱଧାନଂ କୃତ୍ୱା ମଦୀଯୱାକ୍ୟଂ ବୁଧ୍ୟଧ୍ୱଂ|
2c020f00f7	ଇଦାନୀମ୍ ଏକଯାମାଦ୍ ଅଧିକା ୱେଲା ନାସ୍ତି ତସ୍ମାଦ୍ ଯୂଯଂ ଯଦ୍ ଅନୁମାଥ ମାନୱା ଇମେ ମଦ୍ୟପାନେନ ମତ୍ତାସ୍ତନ୍ନ|
2c02100087	କିନ୍ତୁ ଯୋଯେଲ୍ଭୱିଷ୍ୟଦ୍ୱକ୍ତ୍ରୈତଦ୍ୱାକ୍ୟମୁକ୍ତଂ ଯଥା,
2c0211028a	ଈଶ୍ୱରଃ କଥଯାମାସ ଯୁଗାନ୍ତସମଯେ ତ୍ୱହମ୍| ୱର୍ଷିଷ୍ୟାମି ସ୍ୱମାତ୍ମାନଂ ସର୍ୱ୍ୱପ୍ରାଣ୍ୟୁପରି ଧ୍ରୁୱମ୍| ଭାୱିୱାକ୍ୟଂ ୱଦିଷ୍ୟନ୍ତି କନ୍ୟାଃ ପୁତ୍ରାଶ୍ଚ ୱସ୍ତୁତଃ| ପ୍ରତ୍ୟାଦେଶଞ୍ଚ ପ୍ରାପ୍ସ୍ୟନ୍ତି ଯୁଷ୍ମାକଂ ଯୁୱମାନୱାଃ| ତଥା ପ୍ରାଚୀନଲୋକାସ୍ତୁ ସ୍ୱପ୍ନାନ୍ ଦ୍ରକ୍ଷ୍ୟନ୍ତି ନିଶ୍ଚିତଂ|
2c021200df	ୱର୍ଷିଷ୍ୟାମି ତଦାତ୍ମାନଂ ଦାସଦାସୀଜନୋପିରି| ତେନୈୱ ଭାୱିୱାକ୍ୟଂ ତେ ୱଦିଷ୍ୟନ୍ତି ହି ସର୍ୱ୍ୱଶଃ|
2c02130155	ଊର୍ଦ୍ଧ୍ୱସ୍ଥେ ଗଗଣେ ଚୈୱ ନୀଚସ୍ଥେ ପୃଥିୱୀତଲେ| ଶୋଣିତାନି ବୃହଦ୍ଭାନୂନ୍ ଘନଧୂମାଦିକାନି ଚ| ଚିହ୍ନାନି ଦର୍ଶଯିଷ୍ୟାମି ମହାଶ୍ଚର୍ୟ୍ୟକ୍ରିଯାସ୍ତଥା|
2c021400db	ମହାଭଯାନକସ୍ୟୈୱ ତଦ୍ଦିନସ୍ୟ ପରେଶିତୁଃ| ପୁରାଗମାଦ୍ ରୱିଃ କୃଷ୍ଣୋ ରକ୍ତଶ୍ଚନ୍ଦ୍ରୋ ଭୱିଷ୍ୟତଃ|
2c021500d8	କିନ୍ତୁ ଯଃ ପରମେଶସ୍ୟ ନାମ୍ନି ସମ୍ପ୍ରାର୍ଥଯିଷ୍ୟତେ| ସଏୱ ମନୁଜୋ ନୂନଂ ପରିତ୍ରାତୋ ଭୱିଷ୍ୟତି||
2c02160245	ଅତୋ ହେ ଇସ୍ରାଯେଲ୍ୱଂଶୀଯଲୋକାଃ ସର୍ୱ୍ୱେ କଥାଯାମେତସ୍ୟାମ୍ ମନୋ ନିଧଦ୍ଧ୍ୱଂ ନାସରତୀଯୋ ଯୀଶୁରୀଶ୍ୱରସ୍ୟ ମନୋନୀତଃ ପୁମାନ୍ ଏତଦ୍ ଈଶ୍ୱରସ୍ତତ୍କୃତୈରାଶ୍ଚର୍ୟ୍ୟାଦ୍ଭୁତକର୍ମ୍ମଭି ର୍ଲକ୍ଷଣୈଶ୍ଚ ଯୁଷ୍ମାକଂ ସାକ୍ଷାଦେୱ ପ୍ରତିପାଦିତୱାନ୍ ଇତି ଯୂଯଂ ଜାନୀଥ|
2c02170170	ତସ୍ମିନ୍ ଯୀଶୌ ଈଶ୍ୱରସ୍ୟ ପୂର୍ୱ୍ୱନିଶ୍ଚିତମନ୍ତ୍ରଣାନିରୂପଣାନୁସାରେଣ ମୃତ୍ୟୌ ସମର୍ପିତେ ସତି ଯୂଯଂ ତଂ ଧୃତ୍ୱା ଦୁଷ୍ଟଲୋକାନାଂ ହସ୍ତୈଃ କ୍ରୁଶେ ୱିଧିତ୍ୱାହତ|
2c02180109	କିନ୍ତ୍ୱୀଶ୍ୱରସ୍ତଂ ନିଧନସ୍ୟ ବନ୍ଧନାନ୍ମୋଚଯିତ୍ୱା ଉଦସ୍ଥାପଯତ୍ ଯତଃ ସ ମୃତ୍ୟୁନା ବଦ୍ଧସ୍ତିଷ୍ଠତୀତି ନ ସମ୍ଭୱତି|
2c02190146	ଏତସ୍ତିନ୍ ଦାଯୂଦପି କଥିତୱାନ୍ ଯଥା, ସର୍ୱ୍ୱଦା ମମ ସାକ୍ଷାତ୍ତଂ ସ୍ଥାପଯ ପରମେଶ୍ୱରଂ| ସ୍ଥିତେ ମଦ୍ଦକ୍ଷିଣେ ତସ୍ମିନ୍ ସ୍ଖଲିଷ୍ୟାମି ତ୍ୱହଂ ନହି|
2c021a013d	ଆନନ୍ଦିଷ୍ୟତି ତଦ୍ଧେତୋ ର୍ମାମକୀନଂ ମନସ୍ତୁ ୱୈ| ଆହ୍ଲାଦିଷ୍ୟତି ଜିହ୍ୱାପି ମଦୀଯା ତୁ ତଥୈୱ ଚ| ପ୍ରତ୍ୟାଶଯା ଶରୀରନ୍ତୁ ମଦୀଯଂ ୱୈଶଯିଷ୍ୟତେ|
2c021b015b	ପରଲୋକେ ଯତୋ ହେତୋସ୍ତ୍ୱଂ ମାଂ ନୈୱ ହି ତ୍ୟକ୍ଷ୍ୟସି| ସ୍ୱକୀଯଂ ପୁଣ୍ୟୱନ୍ତଂ ତ୍ୱଂ କ୍ଷଯିତୁଂ ନୈୱ ଦାସ୍ୟସି| ଏୱଂ ଜୀୱନମାର୍ଗଂ ତ୍ୱଂ ମାମେୱ ଦର୍ଶଯିଷ୍ୟସି|
2c021c00df	ସ୍ୱସମ୍ମୁଖେ ଯ ଆନନ୍ଦୋ ଦକ୍ଷିଣେ ସ୍ୱସ୍ୟ ଯତ୍ ସୁଖଂ| ଅନନ୍ତଂ ତେନ ମାଂ ପୂର୍ଣଂ କରିଷ୍ୟସି ନ ସଂଶଯଃ||
2c021d01d8	ହେ ଭ୍ରାତରୋଽସ୍ମାକଂ ତସ୍ୟ ପୂର୍ୱ୍ୱପୁରୁଷସ୍ୟ ଦାଯୂଦଃ କଥାଂ ସ୍ପଷ୍ଟଂ କଥଯିତୁଂ ମାମ୍ ଅନୁମନ୍ୟଧ୍ୱଂ, ସ ପ୍ରାଣାନ୍ ତ୍ୟକ୍ତ୍ୱା ଶ୍ମଶାନେ ସ୍ଥାପିତୋଭୱଦ୍ ଅଦ୍ୟାପି ତତ୍ ଶ୍ମଶାନମ୍ ଅସ୍ମାକଂ ସନ୍ନିଧୌ ୱିଦ୍ୟତେ|
2c021e01a8	ଫଲତୋ ଲୌକିକଭାୱେନ ଦାଯୂଦୋ ୱଂଶେ ଖ୍ରୀଷ୍ଟଂ ଜନ୍ମ ଗ୍ରାହଯିତ୍ୱା ତସ୍ୟୈୱ ସିଂହାସନେ ସମୁୱେଷ୍ଟୁଂ ତମୁତ୍ଥାପଯିଷ୍ୟତି ପରମେଶ୍ୱରଃ ଶପଥଂ କୁତ୍ୱା ଦାଯୂଦଃ ସମୀପ ଇମମ୍ ଅଙ୍ଗୀକାରଂ କୃତୱାନ୍,
2c021f019b	ଇତି ଜ୍ଞାତ୍ୱା ଦାଯୂଦ୍ ଭୱିଷ୍ୟଦ୍ୱାଦୀ ସନ୍ ଭୱିଷ୍ୟତ୍କାଲୀଯଜ୍ଞାନେନ ଖ୍ରୀଷ୍ଟୋତ୍ଥାନେ କଥାମିମାଂ କଥଯାମାସ ଯଥା ତସ୍ୟାତ୍ମା ପରଲୋକେ ନ ତ୍ୟକ୍ଷ୍ୟତେ ତସ୍ୟ ଶରୀରଞ୍ଚ ନ କ୍ଷେଷ୍ୟତି;
2c022000ce	ଅତଃ ପରମେଶ୍ୱର ଏନଂ ଯୀଶୁଂ ଶ୍ମଶାନାଦ୍ ଉଦସ୍ଥାପଯତ୍ ତତ୍ର ୱଯଂ ସର୍ୱ୍ୱେ ସାକ୍ଷିଣ ଆସ୍ମହେ|
2c02210143	ସ ଈଶ୍ୱରସ୍ୟ ଦକ୍ଷିଣକରେଣୋନ୍ନତିଂ ପ୍ରାପ୍ୟ ପୱିତ୍ର ଆତ୍ମିନ ପିତା ଯମଙ୍ଗୀକାରଂ କୃତୱାନ୍ ତସ୍ୟ ଫଲଂ ପ୍ରାପ୍ୟ ଯତ୍ ପଶ୍ୟଥ ଶୃଣୁଥ ଚ ତଦୱର୍ଷତ୍|
2c02220108	ଯତୋ ଦାଯୂଦ୍ ସ୍ୱର୍ଗଂ ନାରୁରୋହ କିନ୍ତୁ ସ୍ୱଯମ୍ ଇମାଂ କଥାମ୍ ଅକଥଯଦ୍ ଯଥା, ମମ ପ୍ରଭୁମିଦଂ ୱାକ୍ୟମୱଦତ୍ ପରମେଶ୍ୱରଃ|
2c022300ca	ତୱ ଶତ୍ରୂନହଂ ଯାୱତ୍ ପାଦପୀଠଂ କରୋମି ନ| ତାୱତ୍ କାଲଂ ମଦୀଯେ ତ୍ୱଂ ଦକ୍ଷୱାର୍ଶ୍ୱ ଉପାୱିଶ|
2c02240135	ଅତୋ ଯଂ ଯୀଶୁଂ ଯୂଯଂ କ୍ରୁଶେଽହତ ପରମେଶ୍ୱରସ୍ତଂ ପ୍ରଭୁତ୍ୱାଭିଷିକ୍ତତ୍ୱପଦେ ନ୍ୟଯୁଂକ୍ତେତି ଇସ୍ରାଯେଲୀଯା ଲୋକା ନିଶ୍ଚିତଂ ଜାନନ୍ତୁ|
2c02250151	ଏତାଦୃଶୀଂ କଥାଂ ଶ୍ରୁତ୍ୱା ତେଷାଂ ହୃଦଯାନାଂ ୱିଦୀର୍ଣତ୍ୱାତ୍ ତେ ପିତରାଯ ତଦନ୍ୟପ୍ରେରିତେଭ୍ୟଶ୍ଚ କଥିତୱନ୍ତଃ, ହେ ଭ୍ରାତୃଗଣ ୱଯଂ କିଂ କରିଷ୍ୟାମଃ?
2c022601b3	ତତଃ ପିତରଃ ପ୍ରତ୍ୟୱଦଦ୍ ଯୂଯଂ ସର୍ୱ୍ୱେ ସ୍ୱଂ ସ୍ୱଂ ମନଃ ପରିୱର୍ତ୍ତଯଧ୍ୱଂ ତଥା ପାପମୋଚନାର୍ଥଂ ଯୀଶୁଖ୍ରୀଷ୍ଟସ୍ୟ ନାମ୍ନା ମଜ୍ଜିତାଶ୍ଚ ଭୱତ, ତସ୍ମାଦ୍ ଦାନରୂପଂ ପରିତ୍ରମ୍ ଆତ୍ମାନଂ ଲପ୍ସ୍ୟଥ|
2c022701d0	ଯତୋ ଯୁଷ୍ମାକଂ ଯୁଷ୍ମତ୍ସନ୍ତାନାନାଞ୍ଚ ଦୂରସ୍ଥସର୍ୱ୍ୱଲୋକାନାଞ୍ଚ ନିମିତ୍ତମ୍ ଅର୍ଥାଦ୍ ଅସ୍ମାକଂ ପ୍ରଭୁଃ ପରମେଶ୍ୱରୋ ଯାୱତୋ ଲାକାନ୍ ଆହ୍ୱାସ୍ୟତି ତେଷାଂ ସର୍ୱ୍ୱେଷାଂ ନିମିତ୍ତମ୍ ଅଯମଙ୍ଗୀକାର ଆସ୍ତେ|
2c02280105	ଏତଦନ୍ୟାଭି ର୍ବହୁକଥାଭିଃ ପ୍ରମାଣଂ ଦତ୍ୱାକଥଯତ୍ ଏତେଭ୍ୟୋ ୱିପଥଗାମିଭ୍ୟୋ ୱର୍ତ୍ତମାନଲୋକେଭ୍ୟଃ ସ୍ୱାନ୍ ରକ୍ଷତ|
2c02290146	ତତଃ ପରଂ ଯେ ସାନନ୍ଦାସ୍ତାଂ କଥାମ୍ ଅଗୃହ୍ଲନ୍ ତେ ମଜ୍ଜିତା ଅଭୱନ୍| ତସ୍ମିନ୍ ଦିୱସେ ପ୍ରାଯେଣ ତ୍ରୀଣି ସହସ୍ରାଣି ଲୋକାସ୍ତେଷାଂ ସପକ୍ଷାଃ ସନ୍ତଃ
2c022a00d1	ପ୍ରେରିତାନାମ୍ ଉପଦେଶେ ସଙ୍ଗତୌ ପୂପଭଞ୍ଜନେ ପ୍ରାର୍ଥନାସୁ ଚ ମନଃସଂଯୋଗଂ କୃତ୍ୱାତିଷ୍ଠନ୍|
2c022b00f7	ପ୍ରେରିତୈ ର୍ନାନାପ୍ରକାରଲକ୍ଷଣେଷୁ ମହାଶ୍ଚର୍ୟ୍ୟକର୍ମମସୁ ଚ ଦର୍ଶିତେଷୁ ସର୍ୱ୍ୱଲୋକାନାଂ ଭଯମୁପସ୍ଥିତଂ|
2c022c00fe	ୱିଶ୍ୱାସକାରିଣଃ ସର୍ୱ୍ୱ ଚ ସହ ତିଷ୍ଠନତଃ| ସ୍ୱେଷାଂ ସର୍ୱ୍ୱାଃ ସମ୍ପତ୍ତୀଃ ସାଧାରଣ୍ୟେନ ସ୍ଥାପଯିତ୍ୱାଭୁଞ୍ଜତ|
2c022d0115	ଫଲତୋ ଗୃହାଣି ଦ୍ରୱ୍ୟାଣି ଚ ସର୍ୱ୍ୱାଣି ୱିକ୍ରୀଯ ସର୍ୱ୍ୱେଷାଂ ସ୍ୱସ୍ୱପ୍ରଯୋଜନାନୁସାରେଣ ୱିଭଜ୍ୟ ସର୍ୱ୍ୱେଭ୍ୟୋଽଦଦନ୍|
2c022e01cf	ସର୍ୱ୍ୱ ଏକଚିତ୍ତୀଭୂଯ ଦିନେ ଦିନେ ମନ୍ଦିରେ ସନ୍ତିଷ୍ଠମାନା ଗୃହେ ଗୃହେ ଚ ପୂପାନଭଞ୍ଜନ୍ତ ଈଶ୍ୱରସ୍ୟ ଧନ୍ୟୱାଦଂ କୁର୍ୱ୍ୱନ୍ତୋ ଲୋକୈଃ ସମାଦୃତାଃ ପରମାନନ୍ଦେନ ସରଲାନ୍ତଃକରଣେନ ଭୋଜନଂ ପାନଞ୍ଚକୁର୍ୱ୍ୱନ୍|
2c022f009c	ପରମେଶ୍ୱରୋ ଦିନେ ଦିନେ ପରିତ୍ରାଣଭାଜନୈ ର୍ମଣ୍ଡଲୀମ୍ ଅୱର୍ଦ୍ଧଯତ୍|
2c030100cb	ତୃତୀଯଯାମୱେଲାଯାଂ ସତ୍ୟାଂ ପ୍ରାର୍ଥନାଯାଃ ସମଯେ ପିତରଯୋହନୌ ସମ୍ଭୂଯ ମନ୍ଦିରଂ ଗଚ୍ଛତଃ|
2c030201a8	ତସ୍ମିନ୍ନେୱ ସମଯେ ମନ୍ଦିରପ୍ରୱେଶକାନାଂ ସମୀପେ ଭିକ୍ଷାରଣାର୍ଥଂ ଯଂ ଜନ୍ମଖଞ୍ଜମାନୁଷଂ ଲୋକା ମନ୍ଦିରସ୍ୟ ସୁନ୍ଦରନାମ୍ନି ଦ୍ୱାରେ ପ୍ରତିଦିନମ୍ ଅସ୍ଥାପଯନ୍ ତଂ ୱହନ୍ତସ୍ତଦ୍ୱାରଂ ଆନଯନ୍|
2c030300df	ତଦା ପିତରଯୋହନୌ ମନ୍ତିରଂ ପ୍ରୱେଷ୍ଟୁମ୍ ଉଦ୍ୟତୌ ୱିଲୋକ୍ୟ ସ ଖଞ୍ଜସ୍ତୌ କିଞ୍ଚିଦ୍ ଭିକ୍ଷିତୱାନ୍|
2c030400f8	ତସ୍ମାଦ୍ ଯୋହନା ସହିତଃ ପିତରସ୍ତମ୍ ଅନନ୍ୟଦୃଷ୍ଟ୍ୟା ନିରୀକ୍ଷ୍ୟ ପ୍ରୋକ୍ତୱାନ୍ ଆୱାଂ ପ୍ରତି ଦୃଷ୍ଟିଂ କୁରୁ|
2c03050092	ତତଃ ସ କିଞ୍ଚିତ୍ ପ୍ରାପ୍ତ୍ୟାଶଯା ତୌ ପ୍ରତି ଦୃଷ୍ଟିଂ କୃତୱାନ୍|
2c0306017d	ତଦା ପିତରୋ ଗଦିତୱାନ୍ ମମ ନିକଟେ ସ୍ୱର୍ଣରୂପ୍ୟାଦି କିମପି ନାସ୍ତି କିନ୍ତୁ ଯଦାସ୍ତେ ତଦ୍ ଦଦାମି ନାସରତୀଯସ୍ୟ ଯୀଶୁଖ୍ରୀଷ୍ଟସ୍ୟ ନାମ୍ନା ତ୍ୱମୁତ୍ଥାଯ ଗମନାଗମନେ କୁରୁ|
2c03070164	ତତଃ ପରଂ ସ ତସ୍ୟ ଦକ୍ଷିଣକରଂ ଧୃତ୍ୱା ତମ୍ ଉଦତୋଲଯତ୍; ତେନ ତତ୍କ୍ଷଣାତ୍ ତସ୍ୟ ଜନସ୍ୟ ପାଦଗୁଲ୍ଫଯୋଃ ସବଲତ୍ୱାତ୍ ସ ଉଲ୍ଲମ୍ଫ୍ୟ ପ୍ରୋତ୍ଥାଯ ଗମନାଗମନେ ଽକରୋତ୍|
2c030800ec	ତତୋ ଗମନାଗମନେ କୁର୍ୱ୍ୱନ୍ ଉଲ୍ଲମ୍ଫନ୍ ଈଶ୍ୱରଂ ଧନ୍ୟଂ ୱଦନ୍ ତାଭ୍ୟାଂ ସାର୍ଦ୍ଧଂ ମନ୍ଦିରଂ ପ୍ରାୱିଶତ୍|
2c030900c8	ତତଃ ସର୍ୱ୍ୱେ ଲୋକାସ୍ତଂ ଗମନାଗମନେ କୁର୍ୱ୍ୱନ୍ତମ୍ ଈଶ୍ୱରଂ ଧନ୍ୟଂ ୱଦନ୍ତଞ୍ଚ ୱିଲୋକ୍ୟ
2c030a0141	ମନ୍ଦିରସ୍ୟ ସୁନ୍ଦରେ ଦ୍ୱାରେ ଯ ଉପୱିଶ୍ୟ ଭିକ୍ଷିତୱାନ୍ ସଏୱାଯମ୍ ଇତି ଜ୍ଞାତ୍ୱା ତଂ ପ୍ରତି ତଯା ଘଟନଯା ଚମତ୍କୃତା ୱିସ୍ମଯାପନ୍ନାଶ୍ଚାଭୱନ୍|
2c030b00ec	ଯଃ ଖଞ୍ଜଃ ସ୍ୱସ୍ଥୋଭୱତ୍ ତେନ ପିତରଯୋହନୋଃ କରଯୋର୍ଧ୍ଟତଯୋଃ ସତୋଃ ସର୍ୱ୍ୱେ ଲୋକା ସନ୍ନିଧିମ୍ ଆଗଚ୍ଛନ୍|
2c030c021a	ତଦ୍ ଦୃଷ୍ଟ୍ୱା ପିତରସ୍ତେଭ୍ୟୋଽକଥଯତ୍, ହେ ଇସ୍ରାଯେଲୀଯଲୋକା ଯୂଯଂ କୁତୋ ଽନେନାଶ୍ଚର୍ୟ୍ୟଂ ମନ୍ୟଧ୍ୱେ? ଆୱାଂ ନିଜଶକ୍ତ୍ୟା ଯଦ୍ୱା ନିଜପୁଣ୍ୟେନ ଖଞ୍ଜମନୁଷ୍ୟମେନଂ ଗମିତୱନ୍ତାୱିତି ଚିନ୍ତଯିତ୍ୱା ଆୱାଂ ପ୍ରତି କୁତୋଽନନ୍ୟଦୃଷ୍ଟିଂ କୁରୁଥ?
2c030d0254	ଯଂ ଯୀଶୁଂ ଯୂଯଂ ପରକରେଷୁ ସମାର୍ପଯତ ତତୋ ଯଂ ପୀଲାତୋ ମୋଚଯିତୁମ୍ ଏଚ୍ଛତ୍ ତଥାପି ଯୂଯଂ ତସ୍ୟ ସାକ୍ଷାନ୍ ନାଙ୍ଗୀକୃତୱନ୍ତ ଇବ୍ରାହୀମ ଇସ୍ହାକୋ ଯାକୂବଶ୍ଚେଶ୍ୱରୋଽର୍ଥାଦ୍ ଅସ୍ମାକଂ ପୂର୍ୱ୍ୱପୁରୁଷାଣାମ୍ ଈଶ୍ୱରଃ ସ୍ୱପୁତ୍ରସ୍ୟ ତସ୍ୟ ଯୀଶୋ ର୍ମହିମାନଂ ପ୍ରାକାଶଯତ୍|
2c030e0104	କିନ୍ତୁ ଯୂଯଂ ତଂ ପୱିତ୍ରଂ ଧାର୍ମ୍ମିକଂ ପୁମାଂସଂ ନାଙ୍ଗୀକୃତ୍ୟ ହତ୍ୟାକାରିଣମେକଂ ସ୍ୱେଭ୍ୟୋ ଦାତୁମ୍ ଅଯାଚଧ୍ୱଂ|
2c030f00ff	ପଶ୍ଚାତ୍ ତଂ ଜୀୱନସ୍ୟାଧିପତିମ୍ ଅହତ କିନ୍ତ୍ୱୀଶ୍ୱରଃ ଶ୍ମଶାନାତ୍ ତମ୍ ଉଦସ୍ଥାପଯତ ତତ୍ର ୱଯଂ ସାକ୍ଷିଣ ଆସ୍ମହେ|
2c031001db	ଇମଂ ଯଂ ମାନୁଷଂ ଯୂଯଂ ପଶ୍ୟଥ ପରିଚିନୁଥ ଚ ସ ତସ୍ୟ ନାମ୍ନି ୱିଶ୍ୱାସକରଣାତ୍ ଚଲନଶକ୍ତିଂ ଲବ୍ଧୱାନ୍ ତସ୍ମିନ୍ ତସ୍ୟ ଯୋ ୱିଶ୍ୱାସଃ ସ ତଂ ଯୁଷ୍ମାକଂ ସର୍ୱ୍ୱେଷାଂ ସାକ୍ଷାତ୍ ସମ୍ପୂର୍ଣରୂପେଣ ସ୍ୱସ୍ଥମ୍ ଅକାର୍ଷୀତ୍|
2c031100ff	ହେ ଭ୍ରାତରୋ ଯୂଯଂ ଯୁଷ୍ମାକମ୍ ଅଧିପତଯଶ୍ଚ ଅଜ୍ଞାତ୍ୱା କର୍ମ୍ମାଣ୍ୟେତାନି କୃତୱନ୍ତ ଇଦାନୀଂ ମମୈଷ ବୋଧୋ ଜାଯତେ|
2c0312013a	କିନ୍ତ୍ୱୀଶ୍ୱରଃ ଖ୍ରୀଷ୍ଟସ୍ୟ ଦୁଃଖଭୋଗେ ଭୱିଷ୍ୟଦ୍ୱାଦିନାଂ ମୁଖେଭ୍ୟୋ ଯାଂ ଯାଂ କଥାଂ ପୂର୍ୱ୍ୱମକଥଯତ୍ ତାଃ କଥା ଇତ୍ଥଂ ସିଦ୍ଧା ଅକରୋତ୍|
2c03130136	ଅତଃ ସ୍ୱେଷାଂ ପାପମୋଚନାର୍ଥଂ ଖେଦଂ କୃତ୍ୱା ମନାଂସି ପରିୱର୍ତ୍ତଯଧ୍ୱଂ, ତସ୍ମାଦ୍ ଈଶ୍ୱରାତ୍ ସାନ୍ତ୍ୱନାପ୍ରାପ୍ତେଃ ସମଯ ଉପସ୍ଥାସ୍ୟତି;
2c031400fd	ପୁନଶ୍ଚ ପୂର୍ୱ୍ୱକାଲମ୍ ଆରଭ୍ୟ ପ୍ରଚାରିତୋ ଯୋ ଯୀଶୁଖ୍ରୀଷ୍ଟସ୍ତମ୍ ଈଶ୍ୱରୋ ଯୁଷ୍ମାନ୍ ପ୍ରତି ପ୍ରେଷଯିଷ୍ୟତି|
2c031501a1	କିନ୍ତୁ ଜଗତଃ ସୃଷ୍ଟିମାରଭ୍ୟ ଈଶ୍ୱରୋ ନିଜପୱିତ୍ରଭୱିଷ୍ୟଦ୍ୱାଦିଗଣୋନ ଯଥା କଥିତୱାନ୍ ତଦନୁସାରେଣ ସର୍ୱ୍ୱେଷାଂ କାର୍ୟ୍ୟାଣାଂ ସିଦ୍ଧିପର୍ୟ୍ୟନ୍ତଂ ତେନ ସ୍ୱର୍ଗେ ୱାସଃ କର୍ତ୍ତୱ୍ୟଃ|
2c03160198	ଯୁଷ୍ମାକଂ ପ୍ରଭୁଃ ପରମେଶ୍ୱରୋ ଯୁଷ୍ମାକଂ ଭ୍ରାତୃଗଣମଧ୍ୟାତ୍ ମତ୍ସଦୃଶଂ ଭୱିଷ୍ୟଦ୍ୱକ୍ତାରମ୍ ଉତ୍ପାଦଯିଷ୍ୟତି, ତତଃ ସ ଯତ୍ କିଞ୍ଚିତ୍ କଥଯିଷ୍ୟତି ତତ୍ର ଯୂଯଂ ମନାଂସି ନିଧଦ୍ଧ୍ୱଂ|
2c031701bc	କିନ୍ତୁ ଯଃ କଶ୍ଚିତ୍ ପ୍ରାଣୀ ତସ୍ୟ ଭୱିଷ୍ୟଦ୍ୱାଦିନଃ କଥାଂ ନ ଗ୍ରହୀଷ୍ୟତି ସ ନିଜଲୋକାନାଂ ମଧ୍ୟାଦ୍ ଉଚ୍ଛେତ୍ସ୍ୟତେ," ଇମାଂ କଥାମ୍ ଅସ୍ମାକଂ ପୂର୍ୱ୍ୱପୁରୁଷେଭ୍ୟଃ କେୱଲୋ ମୂସାଃ କଥଯାମାସ ଇତି ନହି,
2c03180112	ଶିମୂଯେଲ୍ଭୱିଷ୍ୟଦ୍ୱାଦିନମ୍ ଆରଭ୍ୟ ଯାୱନ୍ତୋ ଭୱିଷ୍ୟଦ୍ୱାକ୍ୟମ୍ ଅକଥଯନ୍ ତେ ସର୍ୱ୍ୱଏୱ ସମଯସ୍ୟୈତସ୍ୟ କଥାମ୍ ଅକଥଯନ୍|
2c03190268	ଯୂଯମପି ତେଷାଂ ଭୱିଷ୍ୟଦ୍ୱାଦିନାଂ ସନ୍ତାନାଃ, "ତୱ ୱଂଶୋଦ୍ଭୱପୁଂସା ସର୍ୱ୍ୱଦେଶୀଯା ଲୋକା ଆଶିଷଂ ପ୍ରାପ୍ତା ଭୱିଷ୍ୟନ୍ତି", ଇବ୍ରାହୀମେ କଥାମେତାଂ କଥଯିତ୍ୱା ଈଶ୍ୱରୋସ୍ମାକଂ ପୂର୍ୱ୍ୱପୁରୁଷୈଃ ସାର୍ଦ୍ଧଂ ଯଂ ନିଯମଂ ସ୍ଥିରୀକୃତୱାନ୍ ତସ୍ୟ ନିଯମସ୍ୟାଧିକାରିଣୋପି ଯୂଯଂ ଭୱଥ|
2c031a018a	ଅତ ଈଶ୍ୱରୋ ନିଜପୁତ୍ରଂ ଯୀଶୁମ୍ ଉତ୍ଥାପ୍ୟ ଯୁଷ୍ମାକଂ ସର୍ୱ୍ୱେଷାଂ ସ୍ୱସ୍ୱପାପାତ୍ ପରାୱର୍ତ୍ତ୍ୟ ଯୁଷ୍ମଭ୍ୟମ୍ ଆଶିଷଂ ଦାତୁଂ ପ୍ରଥମତସ୍ତଂ ଯୁଷ୍ମାକଂ ନିକଟଂ ପ୍ରେଷିତୱାନ୍|
2c040100f3	ଯସ୍ମିନ୍ ସମଯେ ପିତରଯୋହନୌ ଲୋକାନ୍ ଉପଦିଶତସ୍ତସ୍ମିନ୍ ସମଯେ ଯାଜକା ମନ୍ଦିରସ୍ୟ ସେନାପତଯଃ ସିଦୂକୀଗଣଶ୍ଚ
2c04020130	ତଯୋର୍ ଉପଦେଶକରଣେ ଖ୍ରୀଷ୍ଟସ୍ୟୋତ୍ଥାନମ୍ ଉପଲକ୍ଷ୍ୟ ସର୍ୱ୍ୱେଷାଂ ମୃତାନାମ୍ ଉତ୍ଥାନପ୍ରସ୍ତାୱେ ଚ ୱ୍ୟଗ୍ରାଃ ସନ୍ତସ୍ତାୱୁପାଗମନ୍|
2c040300b7	ତୌ ଧୃତ୍ୱା ଦିନାୱସାନକାରଣାତ୍ ପରଦିନପର୍ୟ୍ୟନନ୍ତଂ ରୁଦ୍ଧ୍ୱା ସ୍ଥାପିତୱନ୍ତଃ|
2c040400d5	ତଥାପି ଯେ ଲୋକାସ୍ତଯୋରୁପଦେଶମ୍ ଅଶୃଣ୍ୱନ୍ ତେଷାଂ ପ୍ରାଯେଣ ପଞ୍ଚସହସ୍ରାଣି ଜନା ୱ୍ୟଶ୍ୱସନ୍|
2c04050098	ପରେଽହନି ଅଧିପତଯଃ ପ୍ରାଚୀନା ଅଧ୍ୟାପକାଶ୍ଚ ହାନନନାମା ମହାଯାଜକଃ
2c040600d8	କିଯଫା ଯୋହନ୍ ସିକନ୍ଦର ଇତ୍ୟାଦଯୋ ମହାଯାଜକସ୍ୟ ଜ୍ଞାତଯଃ ସର୍ୱ୍ୱେ ଯିରୂଶାଲମ୍ନଗରେ ମିଲିତାଃ|
2c04070108	ଅନନ୍ତରଂ ପ୍ରେରିତୌ ମଧ୍ୟେ ସ୍ଥାପଯିତ୍ୱାପୃଚ୍ଛନ୍ ଯୁୱାଂ କଯା ଶକ୍ତଯା ୱା କେନ ନାମ୍ନା କର୍ମ୍ମାଣ୍ୟେତାନି କୁରୁଥଃ?
2c0408010b	ତଦା ପିତରଃ ପୱିତ୍ରେଣାତ୍ମନା ପରିପୂର୍ଣଃ ସନ୍ ପ୍ରତ୍ୟୱାଦୀତ୍, ହେ ଲୋକାନାମ୍ ଅଧିପତିଗଣ ହେ ଇସ୍ରାଯେଲୀଯପ୍ରାଚୀନାଃ,
2c04090123	ଏତସ୍ୟ ଦୁର୍ବ୍ବଲମାନୁଷସ୍ୟ ହିତଂ ଯତ୍ କର୍ମ୍ମାକ୍ରିଯତ, ଅର୍ଥାତ୍, ସ ଯେନ ପ୍ରକାରେଣ ସ୍ୱସ୍ଥୋଭୱତ୍ ତଚ୍ଚେଦ୍ ଅଦ୍ୟାୱାଂ ପୃଚ୍ଛଥ,
2c040a01f3	ତର୍ହି ସର୍ୱ୍ୱ ଇସ୍ରାଯେଲୀଯଲୋକା ଯୂଯଂ ଜାନୀତ ନାସରତୀଯୋ ଯୋ ଯୀଶୁଖ୍ରୀଷ୍ଟଃ କ୍ରୁଶେ ଯୁଷ୍ମାଭିରୱିଧ୍ୟତ ଯଶ୍ଚେଶ୍ୱରେଣ ଶ୍ମଶାନାଦ୍ ଉତ୍ଥାପିତଃ, ତସ୍ୟ ନାମ୍ନା ଜନୋଯଂ ସ୍ୱସ୍ଥଃ ସନ୍ ଯୁଷ୍ମାକଂ ସମ୍ମୁଖେ ପ୍ରୋତ୍ତିଷ୍ଠତି|
2c040b00d9	ନିଚେତୃଭି ର୍ୟୁଷ୍ମାଭିରଯଂ ଯଃ ପ୍ରସ୍ତରୋଽୱଜ୍ଞାତୋଽଭୱତ୍ ସ ପ୍ରଧାନକୋଣସ୍ୟ ପ୍ରସ୍ତରୋଽଭୱତ୍|
2c040c014e	ତଦ୍ଭିନ୍ନାଦପରାତ୍ କସ୍ମାଦପି ପରିତ୍ରାଣଂ ଭୱିତୁଂ ନ ଶକ୍ନୋତି, ଯେନ ତ୍ରାଣଂ ପ୍ରାପ୍ୟେତ ଭୂମଣ୍ଡଲସ୍ୟଲୋକାନାଂ ମଧ୍ୟେ ତାଦୃଶଂ କିମପି ନାମ ନାସ୍ତି|
2c040d0193	ତଦା ପିତରଯୋହନୋରେତାଦୃଶୀମ୍ ଅକ୍ଷେଭତାଂ ଦୃଷ୍ଟ୍ୱା ତାୱୱିଦ୍ୱାଂସୌ ନୀଚଲୋକାୱିତି ବୁଦ୍ଧ୍ୱା ଆଶ୍ଚର୍ୟ୍ୟମ୍ ଅମନ୍ୟନ୍ତ ତୌ ଚ ଯୀଶୋଃ ସଙ୍ଗିନୌ ଜାତାୱିତି ଜ୍ଞାତୁମ୍ ଅଶକ୍ନୁୱନ୍|
2c040e0114	କିନ୍ତୁ ତାଭ୍ୟାଂ ସାର୍ଦ୍ଧଂ ତଂ ସ୍ୱସ୍ଥମାନୁଷଂ ତିଷ୍ଠନ୍ତଂ ଦୃଷ୍ଟ୍ୱା ତେ କାମପ୍ୟପରାମ୍ ଆପତ୍ତିଂ କର୍ତ୍ତଂ ନାଶକ୍ନୁନ୍|
2c040f00e5	ତଦା ତେ ସଭାତଃ ସ୍ଥାନାନ୍ତରଂ ଗନ୍ତୁଂ ତାନ୍ ଆଜ୍ଞାପ୍ୟ ସ୍ୱଯଂ ପରସ୍ପରମ୍ ଇତି ମନ୍ତ୍ରଣାମକୁର୍ୱ୍ୱନ୍
2c041001b6	ତୌ ମାନୱୌ ପ୍ରତି କିଂ କର୍ତ୍ତୱ୍ୟଂ? ତାୱେକଂ ପ୍ରସିଦ୍ଧମ୍ ଆଶ୍ଚର୍ୟ୍ୟଂ କର୍ମ୍ମ କୃତୱନ୍ତୌ ତଦ୍ ଯିରୂଶାଲମ୍ନିୱାସିନାଂ ସର୍ୱ୍ୱେଷାଂ ଲୋକାନାଂ ସମୀପେ ପ୍ରାକାଶତ ତଚ୍ଚ ୱଯମପହ୍ନୋତୁଂ ନ ଶକ୍ନୁମଃ|
2c04110142	କିନ୍ତୁ ଲୋକାନାଂ ମଧ୍ୟମ୍ ଏତଦ୍ ଯଥା ନ ୱ୍ୟାପ୍ନୋତି ତଦର୍ଥଂ ତୌ ଭଯଂ ପ୍ରଦର୍ଶ୍ୟ ତେନ ନାମ୍ନା କମପି ମନୁଷ୍ୟଂ ନୋପଦିଶତମ୍ ଇତି ଦୃଢଂ ନିଷେଧାମଃ|
2c0412010a	ତତସ୍ତେ ପ୍ରେରିତାୱାହୂଯ ଏତଦାଜ୍ଞାପଯନ୍ ଇତଃ ପରଂ ଯୀଶୋ ର୍ନାମ୍ନା କଦାପି କାମପି କଥାଂ ମା କଥଯତଂ କିମପି ନୋପଦିଶଞ୍ଚ|
2c0413017a	ତତଃ ପିତରଯୋହନୌ ପ୍ରତ୍ୟୱଦତାମ୍ ଈଶ୍ୱରସ୍ୟାଜ୍ଞାଗ୍ରହଣଂ ୱା ଯୁଷ୍ମାକମ୍ ଆଜ୍ଞାଗ୍ରହଣମ୍ ଏତଯୋ ର୍ମଧ୍ୟେ ଈଶ୍ୱରସ୍ୟ ଗୋଚରେ କିଂ ୱିହିତଂ? ଯୂଯଂ ତସ୍ୟ ୱିୱେଚନାଂ କୁରୁତ|
2c041400c3	ୱଯଂ ଯଦ୍ ଅପଶ୍ୟାମ ଯଦଶୃଣୁମ ଚ ତନ୍ନ ପ୍ରଚାରଯିଷ୍ୟାମ ଏତତ୍ କଦାପି ଭୱିତୁଂ ନ ଶକ୍ନୋତି|
2c04150175	ଯଦଘଟତ ତଦ୍ ଦୃଷ୍ଟା ସର୍ୱ୍ୱେ ଲୋକା ଈଶ୍ୱରସ୍ୟ ଗୁଣାନ୍ ଅନ୍ୱୱଦନ୍ ତସ୍ମାତ୍ ଲୋକଭଯାତ୍ ତୌ ଦଣ୍ଡଯିତୁଂ କମପ୍ୟୁପାଯଂ ନ ପ୍ରାପ୍ୟ ତେ ପୁନରପି ତର୍ଜଯିତ୍ୱା ତାୱତ୍ୟଜନ୍|
2c0416010a	ଯସ୍ୟ ମାନୁଷସ୍ୟୈତତ୍ ସ୍ୱାସ୍ଥ୍ୟକରଣମ୍ ଆଶ୍ଚର୍ୟ୍ୟଂ କର୍ମ୍ମାକ୍ରିଯତ ତସ୍ୟ ୱଯଶ୍ଚତ୍ୱାରିଂଶଦ୍ୱତ୍ସରା ୱ୍ୟତୀତାଃ|
2c04170143	ତତଃ ପରଂ ତୌ ୱିସୃଷ୍ଟୌ ସନ୍ତୌ ସ୍ୱସଙ୍ଗିନାଂ ସନ୍ନିଧିଂ ଗତ୍ୱା ପ୍ରଧାନଯାଜକୈଃ ପ୍ରାଚୀନଲୋକୈଶ୍ଚ ପ୍ରୋକ୍ତାଃ ସର୍ୱ୍ୱାଃ କଥା ଜ୍ଞାପିତୱନ୍ତୌ|
2c04180190	ତଚ୍ଛ୍ରୁତ୍ୱା ସର୍ୱ୍ୱ ଏକଚିତ୍ତୀଭୂଯ ଈଶ୍ୱରମୁଦ୍ଦିଶ୍ୟ ପ୍ରୋଚ୍ଚୈରେତତ୍ ପ୍ରାର୍ଥଯନ୍ତ, ହେ ପ୍ରଭୋ ଗଗଣପୃଥିୱୀପଯୋଧୀନାଂ ତେଷୁ ଚ ଯଦ୍ୟଦ୍ ଆସ୍ତେ ତେଷାଂ ସ୍ରଷ୍ଟେଶ୍ୱରସ୍ତ୍ୱଂ|
2c04190175	ତ୍ୱଂ ନିଜସେୱକେନ ଦାଯୂଦା ୱାକ୍ୟମିଦମ୍ ଉୱଚିଥ, ମନୁଷ୍ୟା ଅନ୍ୟଦେଶୀଯାଃ କୁର୍ୱ୍ୱନ୍ତି କଲହଂ କୁତଃ| ଲୋକାଃ ସର୍ୱ୍ୱେ କିମର୍ଥଂ ୱା ଚିନ୍ତାଂ କୁର୍ୱ୍ୱନ୍ତି ନିଷ୍ଫଲାଂ|
2c041a00d0	ପରମେଶସ୍ୟ ତେନୈୱାଭିଷିକ୍ତସ୍ୟ ଜନସ୍ୟ ଚ| ୱିରୁଦ୍ଧମଭିତିଷ୍ଠନ୍ତି ପୃଥିୱ୍ୟାଃ ପତଯଃ କୁତଃ||
2c041b01b3	ଫଲତସ୍ତୱ ହସ୍ତେନ ମନ୍ତ୍ରଣଯା ଚ ପୂର୍ୱ୍ୱ ଯଦ୍ୟତ୍ ସ୍ଥିରୀକୃତଂ ତଦ୍ ଯଥା ସିଦ୍ଧଂ ଭୱତି ତଦର୍ଥଂ ତ୍ୱଂ ଯମ୍ ଅଥିଷିକ୍ତୱାନ୍ ସ ଏୱ ପୱିତ୍ରୋ ଯୀଶୁସ୍ତସ୍ୟ ପ୍ରାତିକୂଲ୍ୟେନ ହେରୋଦ୍ ପନ୍ତୀଯପୀଲାତୋ
2c041c00a5	ଽନ୍ୟଦେଶୀଯଲୋକା ଇସ୍ରାଯେଲ୍ଲୋକାଶ୍ଚ ସର୍ୱ୍ୱ ଏତେ ସଭାଯାମ୍ ଅତିଷ୍ଠନ୍|
2c041d0079	ହେ ପରମେଶ୍ୱର ଅଧୁନା ତେଷାଂ ତର୍ଜନଂ ଗର୍ଜନଞ୍ଚ ଶୃଣୁ;
2c041e01ec	ତଥା ସ୍ୱାସ୍ଥ୍ୟକରଣକର୍ମ୍ମଣା ତୱ ବାହୁବଲପ୍ରକାଶପୂର୍ୱ୍ୱକଂ ତୱ ସେୱକାନ୍ ନିର୍ଭଯେନ ତୱ ୱାକ୍ୟଂ ପ୍ରଚାରଯିତୁଂ ତୱ ପୱିତ୍ରପୁତ୍ରସ୍ୟ ଯୀଶୋ ର୍ନାମ୍ନା ଆଶ୍ଚର୍ୟ୍ୟାଣ୍ୟସମ୍ଭୱାନି ଚ କର୍ମ୍ମାଣି କର୍ତ୍ତୁଞ୍ଚାଜ୍ଞାପଯ|
2c041f018b	ଇତ୍ଥଂ ପ୍ରାର୍ଥନଯା ଯତ୍ର ସ୍ଥାନେ ତେ ସଭାଯାମ୍ ଆସନ୍ ତତ୍ ସ୍ଥାନଂ ପ୍ରାକମ୍ପତ; ତତଃ ସର୍ୱ୍ୱେ ପୱିତ୍ରେଣାତ୍ମନା ପରିପୂର୍ଣାଃ ସନ୍ତ ଈଶ୍ୱରସ୍ୟ କଥାମ୍ ଅକ୍ଷୋଭେଣ ପ୍ରାଚାରଯନ୍|
2c04200194	ଅପରଞ୍ଚ ପ୍ରତ୍ୟଯକାରିଲୋକସମୂହା ଏକମନସ ଏକଚିତ୍ତୀଭୂଯ ସ୍ଥିତାଃ| ତେଷାଂ କେପି ନିଜସମ୍ପତ୍ତିଂ ସ୍ୱୀଯାଂ ନାଜାନନ୍ କିନ୍ତୁ ତେଷାଂ ସର୍ୱ୍ୱାଃ ସମ୍ପତ୍ତ୍ୟଃ ସାଧାରଣ୍ୟେନ ସ୍ଥିତାଃ|
2c04210137	ଅନ୍ୟଚ୍ଚ ପ୍ରେରିତା ମହାଶକ୍ତିପ୍ରକାଶପୂର୍ୱ୍ୱକଂ ପ୍ରଭୋ ର୍ୟୀଶୋରୁତ୍ଥାନେ ସାକ୍ଷ୍ୟମ୍ ଅଦଦୁଃ, ତେଷୁ ସର୍ୱ୍ୱେଷୁ ମହାନୁଗ୍ରହୋଽଭୱଚ୍ଚ|
2c04220101	ତେଷାଂ ମଧ୍ୟେ କସ୍ୟାପି ଦ୍ରୱ୍ୟନ୍ୟୂନତା ନାଭୱଦ୍ ଯତସ୍ତେଷାଂ ଗୃହଭୂମ୍ୟାଦ୍ୟା ଯାଃ ସମ୍ପତ୍ତଯ ଆସନ୍ ତା ୱିକ୍ରୀଯ
2c042300f4	ତନ୍ମୂଲ୍ୟମାନୀଯ ପ୍ରେରିତାନାଂ ଚରଣେଷୁ ତୈଃ ସ୍ଥାପିତଂ; ତତଃ ପ୍ରତ୍ୟେକଶଃ ପ୍ରଯୋଜନାନୁସାରେଣ ଦତ୍ତମଭୱତ୍|
2c04240168	ୱିଶେଷତଃ କୁପ୍ରୋପଦ୍ୱୀପୀଯୋ ଯୋସିନାମକୋ ଲେୱିୱଂଶଜାତ ଏକୋ ଜନୋ ଭୂମ୍ୟଧିକାରୀ, ଯଂ ପ୍ରେରିତା ବର୍ଣବ୍ବା ଅର୍ଥାତ୍ ସାନ୍ତ୍ୱନାଦାଯକ ଇତ୍ୟୁକ୍ତ୍ୱା ସମାହୂଯନ୍,
2c042500bc	ସ ଜନୋ ନିଜଭୂମିଂ ୱିକ୍ରୀଯ ତନ୍ମୂଲ୍ୟମାନୀଯ ପ୍ରେରିତାନାଂ ଚରଣେଷୁ ସ୍ଥାପିତୱାନ୍|
2c050100bb	ତଦା ଅନାନିଯନାମକ ଏକୋ ଜନୋ ଯସ୍ୟ ଭାର୍ୟ୍ୟାଯା ନାମ ସଫୀରା ସ ସ୍ୱାଧିକାରଂ ୱିକ୍ରୀଯ
2c05020144	ସ୍ୱଭାର୍ୟ୍ୟାଂ ଜ୍ଞାପଯିତ୍ୱା ତନ୍ମୂଲ୍ୟସ୍ୟୈକାଂଶଂ ସଙ୍ଗୋପ୍ୟ ସ୍ଥାପଯିତ୍ୱା ତଦନ୍ୟାଂଶମାତ୍ରମାନୀଯ ପ୍ରେରିତାନାଂ ଚରଣେଷୁ ସମର୍ପିତୱାନ୍|
2c050301b7	ତସ୍ମାତ୍ ପିତରୋକଥଯତ୍ ହେ ଅନାନିଯ ଭୂମେ ର୍ମୂଲ୍ୟଂ କିଞ୍ଚିତ୍ ସଙ୍ଗୋପ୍ୟ ସ୍ଥାପଯିତୁଂ ପୱିତ୍ରସ୍ୟାତ୍ମନଃ ସନ୍ନିଧୌ ମୃଷାୱାକ୍ୟଂ କଥଯିତୁଞ୍ଚ ଶୈତାନ୍ କୁତସ୍ତୱାନ୍ତଃକରଣେ ପ୍ରୱୃତ୍ତିମଜନଯତ୍?
2c050401d0	ସା ଭୂମି ର୍ୟଦା ତୱ ହସ୍ତଗତା ତଦା କିଂ ତୱ ସ୍ୱୀଯା ନାସୀତ୍? ତର୍ହି ସ୍ୱାନ୍ତଃକରଣେ କୁତ ଏତାଦୃଶୀ କୁକଲ୍ପନା ତ୍ୱଯା କୃତା? ତ୍ୱଂ କେୱଲମନୁଷ୍ୟସ୍ୟ ନିକଟେ ମୃଷାୱାକ୍ୟଂ ନାୱାଦୀଃ କିନ୍ତ୍ୱୀଶ୍ୱରସ୍ୟ ନିକଟେଽପି|
2c05050158	ଏତାଂ କଥାଂ ଶ୍ରୁତ୍ୱୈୱ ସୋଽନାନିଯୋ ଭୂମୌ ପତନ୍ ପ୍ରାଣାନ୍ ଅତ୍ୟଜତ୍, ତଦ୍ୱୃତ୍ତାନ୍ତଂ ଯାୱନ୍ତୋ ଲୋକା ଅଶୃଣ୍ୱନ୍ ତେଷାଂ ସର୍ୱ୍ୱେଷାଂ ମହାଭଯମ୍ ଅଜାଯତ୍|
2c050600b1	ତଦା ଯୁୱଲୋକାସ୍ତଂ ୱସ୍ତ୍ରେଣାଚ୍ଛାଦ୍ୟ ବହି ର୍ନୀତ୍ୱା ଶ୍ମଶାନେଽସ୍ଥାପଯନ୍|
2c050700c9	ତତଃ ପ୍ରହରୈକାନନ୍ତରଂ କିଂ ୱୃତ୍ତଂ ତନ୍ନାୱଗତ୍ୟ ତସ୍ୟ ଭାର୍ୟ୍ୟାପି ତତ୍ର ସମୁପସ୍ଥିତା|
2c05080171	ତତଃ ପିତରସ୍ତାମ୍ ଅପୃଚ୍ଛତ୍, ଯୁୱାଭ୍ୟାମ୍ ଏତାୱନ୍ମୁଦ୍ରାଭ୍ୟୋ ଭୂମି ର୍ୱିକ୍ରୀତା ନ ୱା? ଏତତ୍ୱଂ ୱଦ; ତଦା ସା ପ୍ରତ୍ୟୱାଦୀତ୍ ସତ୍ୟମ୍ ଏତାୱଦ୍ଭ୍ୟୋ ମୁଦ୍ରାଭ୍ୟ ଏୱ|
2c050901cc	ତତଃ ପିତରୋକଥଯତ୍ ଯୁୱାଂ କଥଂ ପରମେଶ୍ୱରସ୍ୟାତ୍ମାନଂ ପରୀକ୍ଷିତୁମ୍ ଏକମନ୍ତ୍ରଣାୱଭୱତାଂ? ପଶ୍ୟ ଯେ ତୱ ପତିଂ ଶ୍ମଶାନେ ସ୍ଥାପିତୱନ୍ତସ୍ତେ ଦ୍ୱାରସ୍ୟ ସମୀପେ ସମୁପତିଷ୍ଠନ୍ତି ତ୍ୱାମପି ବହିର୍ନେଷ୍ୟନ୍ତି|
2c050a01c9	ତତଃ ସାପି ତସ୍ୟ ଚରଣସନ୍ନିଧୌ ପତିତ୍ୱା ପ୍ରାଣାନ୍ ଅତ୍ୟାକ୍ଷୀତ୍| ପଶ୍ଚାତ୍ ତେ ଯୁୱାନୋଽଭ୍ୟନ୍ତରମ୍ ଆଗତ୍ୟ ତାମପି ମୃତାଂ ଦୃଷ୍ଟ୍ୱା ବହି ର୍ନୀତ୍ୱା ତସ୍ୟାଃ ପତ୍ୟୁଃ ପାର୍ଶ୍ୱେ ଶ୍ମଶାନେ ସ୍ଥାପିତୱନ୍ତଃ|
2c050b00d9	ତସ୍ମାତ୍ ମଣ୍ଡଲ୍ୟାଃ ସର୍ୱ୍ୱେ ଲୋକା ଅନ୍ୟଲୋକାଶ୍ଚ ତାଂ ୱାର୍ତ୍ତାଂ ଶ୍ରୁତ୍ୱା ସାଧ୍ୱସଂ ଗତାଃ|
2c050c0199	ତତଃ ପରଂ ପ୍ରେରିତାନାଂ ହସ୍ତୈ ର୍ଲୋକାନାଂ ମଧ୍ୟେ ବହ୍ୱାଶ୍ଚର୍ୟ୍ୟାଣ୍ୟଦ୍ଭୁତାନି କର୍ମ୍ମାଣ୍ୟକ୍ରିଯନ୍ତ; ତଦା ଶିଷ୍ୟାଃ ସର୍ୱ୍ୱ ଏକଚିତ୍ତୀଭୂଯ ସୁଲେମାନୋ ଽଲିନ୍ଦେ ସମ୍ଭୂଯାସନ୍|
2c050d00db	ତେଷାଂ ସଙ୍ଘାନ୍ତର୍ଗୋ ଭୱିତୁଂ କୋପି ପ୍ରଗଲ୍ଭତାଂ ନାଗମତ୍ କିନ୍ତୁ ଲୋକାସ୍ତାନ୍ ସମାଦ୍ରିଯନ୍ତ|
2c050e00a0	ସ୍ତ୍ରିଯଃ ପୁରୁଷାଶ୍ଚ ବହୱୋ ଲୋକା ୱିଶ୍ୱାସ୍ୟ ପ୍ରଭୁଂ ଶରଣମାପନ୍ନାଃ|
2c050f0172	ପିତରସ୍ୟ ଗମନାଗମନାଭ୍ୟାଂ କେନାପି ପ୍ରକାରେଣ ତସ୍ୟ ଛାଯା କସ୍ମିଂଶ୍ଚିଜ୍ଜନେ ଲଗିଷ୍ୟତୀତ୍ୟାଶଯା ଲୋକା ରୋଗିଣଃ ଶିୱିକଯା ଖଟ୍ୱଯା ଚାନୀଯ ପଥି ପଥି ସ୍ଥାପିତୱନ୍ତଃ|
2c05100140	ଚତୁର୍ଦିକ୍ସ୍ଥନଗରେଭ୍ୟୋ ବହୱୋ ଲୋକାଃ ସମ୍ଭୂଯ ରୋଗିଣୋଽପୱିତ୍ରଭୁତଗ୍ରସ୍ତାଂଶ୍ଚ ଯିରୂଶାଲମମ୍ ଆନଯନ୍ ତତଃ ସର୍ୱ୍ୱେ ସ୍ୱସ୍ଥା ଅକ୍ରିଯନ୍ତ|
2c05110094	ଅନନ୍ତରଂ ମହାଯାଜକଃ ସିଦୂକିନାଂ ମତଗ୍ରାହିଣସ୍ତେଷାଂ ସହଚରାଶ୍ଚ
2c051200e9	ମହାକ୍ରୋଧାନ୍ତ୍ୱିତାଃ ସନ୍ତଃ ପ୍ରେରିତାନ୍ ଧୃତ୍ୱା ନୀଚଲୋକାନାଂ କାରାଯାଂ ବଦ୍ଧ୍ୱା ସ୍ଥାପିତୱନ୍ତଃ|
2c051300cf	କିନ୍ତୁ ରାତ୍ରୌ ପରମେଶ୍ୱରସ୍ୟ ଦୂତଃ କାରାଯା ଦ୍ୱାରଂ ମୋଚଯିତ୍ୱା ତାନ୍ ବହିରାନୀଯାକଥଯତ୍,
2c051400f2	ଯୂଯଂ ଗତ୍ୱା ମନ୍ଦିରେ ଦଣ୍ଡାଯମାନାଃ ସନ୍ତୋ ଲୋକାନ୍ ପ୍ରତୀମାଂ ଜୀୱନଦାଯିକାଂ ସର୍ୱ୍ୱାଂ କଥାଂ ପ୍ରଚାରଯତ|
2c0515021b	ଇତି ଶ୍ରୁତ୍ୱା ତେ ପ୍ରତ୍ୟୂଷେ ମନ୍ଦିର ଉପସ୍ଥାଯ ଉପଦିଷ୍ଟୱନ୍ତଃ| ତଦା ସହଚରଗଣେନ ସହିତୋ ମହାଯାଜକ ଆଗତ୍ୟ ମନ୍ତ୍ରିଗଣମ୍ ଇସ୍ରାଯେଲ୍ୱଂଶସ୍ୟ ସର୍ୱ୍ୱାନ୍ ରାଜସଭାସଦଃ ସଭାସ୍ଥାନ୍ କୃତ୍ୱା କାରାଯାସ୍ତାନ୍ ଆପଯିତୁଂ ପଦାତିଗଣଂ ପ୍ରେରିତୱାନ୍|
2c051600c3	ତତସ୍ତେ ଗତ୍ୱା କାରାଯାଂ ତାନ୍ ଅପ୍ରାପ୍ୟ ପ୍ରତ୍ୟାଗତ୍ୟ ଇତି ୱାର୍ତ୍ତାମ୍ ଅୱାଦିଷୁଃ,
2c051701af	ୱଯଂ ତତ୍ର ଗତ୍ୱା ନିର୍ୱ୍ୱିଘ୍ନଂ କାରାଯା ଦ୍ୱାରଂ ରୁଦ୍ଧଂ ରକ୍ଷକାଂଶ୍ଚ ଦ୍ୱାରସ୍ୟ ବହିର୍ଦଣ୍ଡାଯମାନାନ୍ ଅଦର୍ଶାମ ଏୱ କିନ୍ତୁ ଦ୍ୱାରଂ ମୋଚଯିତ୍ୱା ତନ୍ମଧ୍ୟେ କମପି ଦ୍ରଷ୍ଟୁଂ ନ ପ୍ରାପ୍ତାଃ|
2c0518014d	ଏତାଂ କଥାଂ ଶ୍ରୁତ୍ୱା ମହାଯାଜକୋ ମନ୍ଦିରସ୍ୟ ସେନାପତିଃ ପ୍ରଧାନଯାଜକାଶ୍ଚ, ଇତ ପରଂ କିମପରଂ ଭୱିଷ୍ୟତୀତି ଚିନ୍ତଯିତ୍ୱା ସନ୍ଦିଗ୍ଧଚିତ୍ତା ଅଭୱନ୍|
2c05190171	ଏତସ୍ମିନ୍ନେୱ ସମଯେ କଶ୍ଚିତ୍ ଜନ ଆଗତ୍ୟ ୱାର୍ତ୍ତାମେତାମ୍ ଅୱଦତ୍ ପଶ୍ୟତ ଯୂଯଂ ଯାନ୍ ମାନୱାନ୍ କାରାଯାମ୍ ଅସ୍ଥାପଯତ ତେ ମନ୍ଦିରେ ତିଷ୍ଠନ୍ତୋ ଲୋକାନ୍ ଉପଦିଶନ୍ତି|
2c051a0146	ତଦା ମନ୍ଦିରସ୍ୟ ସେନାପତିଃ ପଦାତଯଶ୍ଚ ତତ୍ର ଗତ୍ୱା ଚେଲ୍ଲୋକାଃ ପାଷାଣାନ୍ ନିକ୍ଷିପ୍ୟାସ୍ମାନ୍ ମାରଯନ୍ତୀତି ଭିଯା ୱିନତ୍ୟାଚାରଂ ତାନ୍ ଆନଯନ୍|
2c051b00ae	ତେ ମହାସଭାଯା ମଧ୍ୟେ ତାନ୍ ଅସ୍ଥାପଯନ୍ ତତଃ ପରଂ ମହାଯାଜକସ୍ତାନ୍ ଅପୃଚ୍ଛତ୍,
2c051c01dc	ଅନେନ ନାମ୍ନା ସମୁପଦେଷ୍ଟୁଂ ୱଯଂ କିଂ ଦୃଢଂ ନ ନ୍ୟଷେଧାମ? ତଥାପି ପଶ୍ୟତ ଯୂଯଂ ସ୍ୱେଷାଂ ତେନୋପଦେଶେନେ ଯିରୂଶାଲମଂ ପରିପୂର୍ଣଂ କୃତ୍ୱା ତସ୍ୟ ଜନସ୍ୟ ରକ୍ତପାତଜନିତାପରାଧମ୍ ଅସ୍ମାନ୍ ପ୍ରତ୍ୟାନେତୁଂ ଚେଷ୍ଟଧ୍ୱେ|
2c051d0108	ତତଃ ପିତରୋନ୍ୟପ୍ରେରିତାଶ୍ଚ ପ୍ରତ୍ୟୱଦନ୍ ମାନୁଷସ୍ୟାଜ୍ଞାଗ୍ରହଣାଦ୍ ଈଶ୍ୱରସ୍ୟାଜ୍ଞାଗ୍ରହଣମ୍ ଅସ୍ମାକମୁଚିତମ୍|
2c051e00ae	ଯଂ ଯୀଶୁଂ ଯୂଯଂ କ୍ରୁଶେ ୱେଧିତ୍ୱାହତ ତମ୍ ଅସ୍ମାକଂ ପୈତୃକ ଈଶ୍ୱର ଉତ୍ଥାପ୍ୟ
2c051f0151	ଇସ୍ରାଯେଲ୍ୱଂଶାନାଂ ମନଃପରିୱର୍ତ୍ତନଂ ପାପକ୍ଷମାଞ୍ଚ କର୍ତ୍ତୁଂ ରାଜାନଂ ପରିତ୍ରାତାରଞ୍ଚ କୃତ୍ୱା ସ୍ୱଦକ୍ଷିଣପାର୍ଶ୍ୱେ ତସ୍ୟାନ୍ନତିମ୍ ଅକରୋତ୍|
2c05200131	ଏତସ୍ମିନ୍ ୱଯମପି ସାକ୍ଷିଣ ଆସ୍ମହେ, ତତ୍ କେୱଲଂ ନହି, ଈଶ୍ୱର ଆଜ୍ଞାଗ୍ରାହିଭ୍ୟୋ ଯଂ ପୱିତ୍ରମ୍ ଆତ୍ମନଂ ଦତ୍ତୱାନ୍ ସୋପି ସାକ୍ଷ୍ୟସ୍ତି|
2c052100db	ଏତଦ୍ୱାକ୍ୟେ ଶ୍ରୁତେ ତେଷାଂ ହୃଦଯାନି ୱିଦ୍ଧାନ୍ୟଭୱନ୍ ତତସ୍ତେ ତାନ୍ ହନ୍ତୁଂ ମନ୍ତ୍ରିତୱନ୍ତଃ|
2c052201d4	ଏତସ୍ମିନ୍ନେୱ ସମଯେ ତତ୍ସଭାସ୍ଥାନାଂ ସର୍ୱ୍ୱଲୋକାନାଂ ମଧ୍ୟେ ସୁଖ୍ୟାତୋ ଗମିଲୀଯେଲ୍ନାମକ ଏକୋ ଜନୋ ୱ୍ୟୱସ୍ଥାପକଃ ଫିରୂଶିଲୋକ ଉତ୍ଥାଯ ପ୍ରେରିତାନ୍ କ୍ଷଣାର୍ଥଂ ସ୍ଥାନାନ୍ତରଂ ଗନ୍ତୁମ୍ ଆଦିଶ୍ୟ କଥିତୱାନ୍,
2c0523010b	ହେ ଇସ୍ରାଯେଲ୍ୱଂଶୀଯାଃ ସର୍ୱ୍ୱେ ଯୂଯମ୍ ଏତାନ୍ ମାନୁଷାନ୍ ପ୍ରତି ଯତ୍ କର୍ତ୍ତୁମ୍ ଉଦ୍ୟତାସ୍ତସ୍ମିନ୍ ସାୱଧାନା ଭୱତ|
2c05240235	ଇତଃ ପୂର୍ୱ୍ୱଂ ଥୂଦାନାମୈକୋ ଜନ ଉପସ୍ଥାଯ ସ୍ୱଂ କମପି ମହାପୁରୁଷମ୍ ଅୱଦତ୍, ତତଃ ପ୍ରାଯେଣ ଚତୁଃଶତଲୋକାସ୍ତସ୍ୟ ମତଗ୍ରାହିଣୋଭୱନ୍ ପଶ୍ଚାତ୍ ସ ହତୋଭୱତ୍ ତସ୍ୟାଜ୍ଞାଗ୍ରାହିଣୋ ଯାୱନ୍ତୋ ଲୋକାସ୍ତେ ସର୍ୱ୍ୱେ ୱିର୍କୀର୍ଣାଃ ସନ୍ତୋ ଽକୃତକାର୍ୟ୍ୟା ଅଭୱନ୍|
2c052501dc	ତସ୍ମାଜ୍ଜନାତ୍ ପରଂ ନାମଲେଖନସମଯେ ଗାଲୀଲୀଯଯିହୂଦାନାମୈକୋ ଜନ ଉପସ୍ଥାଯ ବହୂଲ୍ଲୋକାନ୍ ସ୍ୱମତଂ ଗ୍ରାହୀତୱାନ୍ ତତଃ ସୋପି ୱ୍ୟନଶ୍ୟତ୍ ତସ୍ୟାଜ୍ଞାଗ୍ରାହିଣୋ ଯାୱନ୍ତୋ ଲୋକା ଆସନ୍ ତେ ସର୍ୱ୍ୱେ ୱିକୀର୍ଣା ଅଭୱନ୍|
2c05260168	ଅଧୁନା ୱଦାମି, ଯୂଯମ୍ ଏତାନ୍ ମନୁଷ୍ୟାନ୍ ପ୍ରତି କିମପି ନ କୃତ୍ୱା କ୍ଷାନ୍ତା ଭୱତ, ଯତ ଏଷ ସଙ୍କଲ୍ପ ଏତତ୍ କର୍ମ୍ମ ଚ ଯଦି ମନୁଷ୍ୟାଦଭୱତ୍ ତର୍ହି ୱିଫଲଂ ଭୱିଷ୍ୟତି|
2c052700da	ଯଦୀଶ୍ୱରାଦଭୱତ୍ ତର୍ହି ଯୂଯଂ ତସ୍ୟାନ୍ୟଥା କର୍ତ୍ତୁଂ ନ ଶକ୍ଷ୍ୟଥ, ୱରମ୍ ଈଶ୍ୱରରୋଧକା ଭୱିଷ୍ୟଥ|
2c05280126	ତଦା ତସ୍ୟ ମନ୍ତ୍ରଣାଂ ସ୍ୱୀକୃତ୍ୟ ତେ ପ୍ରେରିତାନ୍ ଆହୂଯ ପ୍ରହୃତ୍ୟ ଯୀଶୋ ର୍ନାମ୍ନା କାମପି କଥାଂ କଥଯିତୁଂ ନିଷିଧ୍ୟ ୱ୍ୟସର୍ଜନ୍|
2c05290128	କିନ୍ତୁ ତସ୍ୟ ନାମାର୍ଥଂ ୱଯଂ ଲଜ୍ଜାଭୋଗସ୍ୟ ଯୋଗ୍ୟତ୍ୱେନ ଗଣିତା ଇତ୍ୟତ୍ର ତେ ସାନନ୍ଦାଃ ସନ୍ତଃ ସଭାସ୍ଥାନାଂ ସାକ୍ଷାଦ୍ ଅଗଚ୍ଛନ୍|
2c052a0104	ତତଃ ପରଂ ପ୍ରତିଦିନଂ ମନ୍ଦିରେ ଗୃହେ ଗୃହେ ଚାୱିଶ୍ରାମମ୍ ଉପଦିଶ୍ୟ ଯୀଶୁଖ୍ରୀଷ୍ଟସ୍ୟ ସୁସଂୱାଦଂ ପ୍ରଚାରିତୱନ୍ତଃ|
2c060101a9	ତସ୍ମିନ୍ ସମଯେ ଶିଷ୍ୟାଣାଂ ବାହୁଲ୍ୟାତ୍ ପ୍ରାତ୍ୟହିକଦାନସ୍ୟ ୱିଶ୍ରାଣନୈ ର୍ଭିନ୍ନଦେଶୀଯାନାଂ ୱିଧୱାସ୍ତ୍ରୀଗଣ ଉପେକ୍ଷିତେ ସତି ଇବ୍ରୀଯଲୋକୈଃ ସହାନ୍ୟଦେଶୀଯାନାଂ ୱିୱାଦ ଉପାତିଷ୍ଠତ୍|
2c0602013e	ତଦା ଦ୍ୱାଦଶପ୍ରେରିତାଃ ସର୍ୱ୍ୱାନ୍ ଶିଷ୍ୟାନ୍ ସଂଗୃହ୍ୟାକଥଯନ୍ ଈଶ୍ୱରସ୍ୟ କଥାପ୍ରଚାରଂ ପରିତ୍ୟଜ୍ୟ ଭୋଜନଗୱେଷଣମ୍ ଅସ୍ମାକମ୍ ଉଚିତଂ ନହି|
2c060301ce	ଅତୋ ହେ ଭ୍ରାତୃଗଣ ୱଯମ୍ ଏତତ୍କର୍ମ୍ମଣୋ ଭାରଂ ଯେଭ୍ୟୋ ଦାତୁଂ ଶକ୍ନୁମ ଏତାଦୃଶାନ୍ ସୁଖ୍ୟାତ୍ୟାପନ୍ନାନ୍ ପୱିତ୍ରେଣାତ୍ମନା ଜ୍ଞାନେନ ଚ ପୂର୍ଣାନ୍ ସପ୍ପ୍ରଜନାନ୍ ଯୂଯଂ ସ୍ୱେଷାଂ ମଧ୍ୟେ ମନୋନୀତାନ୍ କୁରୁତ,
2c060400c7	କିନ୍ତୁ ୱଯଂ ପ୍ରାର୍ଥନାଯାଂ କଥାପ୍ରଚାରକର୍ମ୍ମଣି ଚ ନିତ୍ୟପ୍ରୱୃତ୍ତାଃ ସ୍ଥାସ୍ୟାମଃ|
2c06050232	ଏତସ୍ୟାଂ କଥାଯାଂ ସର୍ୱ୍ୱେ ଲୋକାଃ ସନ୍ତୁଷ୍ଟାଃ ସନ୍ତଃ ସ୍ୱେଷାଂ ମଧ୍ୟାତ୍ ସ୍ତିଫାନଃ ଫିଲିପଃ ପ୍ରଖରୋ ନିକାନୋର୍ ତୀମନ୍ ପର୍ମ୍ମିଣା ଯିହୂଦିମତଗ୍ରାହୀ-ଆନ୍ତିଯଖିଯାନଗରୀଯୋ ନିକଲା ଏତାନ୍ ପରମଭକ୍ତାନ୍ ପୱିତ୍ରେଣାତ୍ମନା ପରିପୂର୍ଣାନ୍ ସପ୍ତ ଜନାନ୍
2c060600dd	ପ୍ରେରିତାନାଂ ସମକ୍ଷମ୍ ଆନଯନ୍, ତତସ୍ତେ ପ୍ରାର୍ଥନାଂ କୃତ୍ୱା ତେଷାଂ ଶିରଃସୁ ହସ୍ତାନ୍ ଆର୍ପଯନ୍|
2c06070189	ଅପରଞ୍ଚ ଈଶ୍ୱରସ୍ୟ କଥା ଦେଶଂ ୱ୍ୟାପ୍ନୋତ୍ ୱିଶେଷତୋ ଯିରୂଶାଲମି ନଗରେ ଶିଷ୍ୟାଣାଂ ସଂଖ୍ୟା ପ୍ରଭୂତରୂପେଣାୱର୍ଦ୍ଧତ ଯାଜକାନାଂ ମଧ୍ୟେପି ବହୱଃ ଖ୍ରୀଷ୍ଟମତଗ୍ରାହିଣୋଽଭୱନ୍|
2c06080117	ସ୍ତିଫାନୋ ୱିଶ୍ୱାସେନ ପରାକ୍ରମେଣ ଚ ପରିପୂର୍ଣଃ ସନ୍ ଲୋକାନାଂ ମଧ୍ୟେ ବହୁୱିଧମ୍ ଅଦ୍ଭୁତମ୍ ଆଶ୍ଚର୍ୟ୍ୟଂ କର୍ମ୍ମାକରୋତ୍|
2c0609017c	ତେନ ଲିବର୍ତ୍ତିନୀଯନାମ୍ନା ୱିଖ୍ୟାତସଙ୍ଘସ୍ୟ କତିପଯଜନାଃ କୁରୀଣୀଯସିକନ୍ଦରୀଯ-କିଲିକୀଯାଶୀଯାଦେଶୀଯାଃ କିଯନ୍ତୋ ଜନାଶ୍ଚୋତ୍ଥାଯ ସ୍ତିଫାନେନ ସାର୍ଦ୍ଧଂ ୱ୍ୟୱଦନ୍ତ|
2c060a0114	କିନ୍ତୁ ସ୍ତିଫାନୋ ଜ୍ଞାନେନ ପୱିତ୍ରେଣାତ୍ମନା ଚ ଈଦୃଶୀଂ କଥାଂ କଥିତୱାନ୍ ଯସ୍ୟାସ୍ତେ ଆପତ୍ତିଂ କର୍ତ୍ତୁଂ ନାଶକ୍ନୁୱନ୍|
2c060b0117	ପଶ୍ଚାତ୍ ତୈ ର୍ଲୋଭିତାଃ କତିପଯଜନାଃ କଥାମେନାମ୍ ଅକଥଯନ୍, ୱଯଂ ତସ୍ୟ ମୁଖତୋ ମୂସା ଈଶ୍ୱରସ୍ୟ ଚ ନିନ୍ଦାୱାକ୍ୟମ୍ ଅଶ୍ରୌଷ୍ମ|
2c060c0145	ତେ ଲୋକାନାଂ ଲୋକପ୍ରାଚୀନାନାମ୍ ଅଧ୍ୟାପକାନାଞ୍ଚ ପ୍ରୱୃତ୍ତିଂ ଜନଯିତ୍ୱା ସ୍ତିଫାନସ୍ୟ ସନ୍ନିଧିମ୍ ଆଗତ୍ୟ ତଂ ଧୃତ୍ୱା ମହାସଭାମଧ୍ୟମ୍ ଆନଯନ୍|
2c060d013e	ତଦନନ୍ତରଂ କତିପଯଜନେଷୁ ମିଥ୍ୟାସାକ୍ଷିଷୁ ସମାନୀତେଷୁ ତେଽକଥଯନ୍ ଏଷ ଜନ ଏତତ୍ପୁଣ୍ୟସ୍ଥାନୱ୍ୟୱସ୍ଥଯୋ ର୍ନିନ୍ଦାତଃ କଦାପି ନ ନିୱର୍ତ୍ତତେ|
2c060e0164	ଫଲତୋ ନାସରତୀଯଯୀଶୁଃ ସ୍ଥାନମେତଦ୍ ଉଚ୍ଛିନ୍ନଂ କରିଷ୍ୟତି ମୂସାସମର୍ପିତମ୍ ଅସ୍ମାକଂ ୱ୍ୟୱହରଣମ୍ ଅନ୍ୟରୂପଂ କରିଷ୍ୟତି ତସ୍ୟୈତାଦୃଶୀଂ କଥାଂ ୱଯମ୍ ଅଶୃଣୁମ|
2c060f00ff	ତଦା ମହାସଭାସ୍ଥାଃ ସର୍ୱ୍ୱେ ତଂ ପ୍ରତି ସ୍ଥିରାଂ ଦୃଷ୍ଟିଂ କୃତ୍ୱା ସ୍ୱର୍ଗଦୂତମୁଖସଦୃଶଂ ତସ୍ୟ ମୁଖମ୍ ଅପଶ୍ୟନ୍|
2c0701007b	ତତଃ ପରଂ ମହାଯାଜକଃ ପୃଷ୍ଟୱାନ୍, ଏଷା କଥାଂ କିଂ ସତ୍ୟା?
2c070201f8	ତତଃ ସ ପ୍ରତ୍ୟୱଦତ୍, ହେ ପିତରୋ ହେ ଭ୍ରାତରଃ ସର୍ୱ୍ୱେ ଲାକା ମନାଂସି ନିଧଦ୍ଧ୍ୱଂ| ଅସ୍ମାକଂ ପୂର୍ୱ୍ୱପୁରୁଷ ଇବ୍ରାହୀମ୍ ହାରଣ୍ନଗରେ ୱାସକରଣାତ୍ ପୂର୍ୱ୍ୱଂ ଯଦା ଅରାମ୍-ନହରଯିମଦେଶେ ଆସୀତ୍ ତଦା ତେଜୋମଯ ଈଶ୍ୱରୋ ଦର୍ଶନଂ ଦତ୍ୱା
2c070300d9	ତମୱଦତ୍ ତ୍ୱଂ ସ୍ୱଦେଶଜ୍ଞାତିମିତ୍ରାଣି ପରିତ୍ୟଜ୍ୟ ଯଂ ଦେଶମହଂ ଦର୍ଶଯିଷ୍ୟାମି ତଂ ଦେଶଂ ୱ୍ରଜ|
2c0704011a	ଅତଃ ସ କସ୍ଦୀଯଦେଶଂ ୱିହାଯ ହାରଣ୍ନଗରେ ନ୍ୟୱସତ୍, ତଦନନ୍ତରଂ ତସ୍ୟ ପିତରି ମୃତେ ଯତ୍ର ଦେଶେ ଯୂଯଂ ନିୱସଥ ସ ଏନଂ ଦେଶମାଗଚ୍ଛତ୍|
2c070501fa	କିନ୍ତ୍ୱୀଶ୍ୱରସ୍ତସ୍ମୈ କମପ୍ୟଧିକାରମ୍ ଅର୍ଥାଦ୍ ଏକପଦପରିମିତାଂ ଭୂମିମପି ନାଦଦାତ୍; ତଦା ତସ୍ୟ କୋପି ସନ୍ତାନୋ ନାସୀତ୍ ତଥାପି ସନ୍ତାନୈଃ ସାର୍ଦ୍ଧମ୍ ଏତସ୍ୟ ଦେଶସ୍ୟାଧିକାରୀ ତ୍ୱଂ ଭୱିଷ୍ୟସୀତି ତମ୍ପ୍ରତ୍ୟଙ୍ଗୀକୃତୱାନ୍|
2c070601b8	ଈଶ୍ୱର ଇତ୍ଥମ୍ ଅପରମପି କଥିତୱାନ୍ ତୱ ସନ୍ତାନାଃ ପରଦେଶେ ନିୱତ୍ସ୍ୟନ୍ତି ତତସ୍ତଦ୍ଦେଶୀଯଲୋକାଶ୍ଚତୁଃଶତୱତ୍ସରାନ୍ ଯାୱତ୍ ତାନ୍ ଦାସତ୍ୱେ ସ୍ଥାପଯିତ୍ୱା ତାନ୍ ପ୍ରତି କୁୱ୍ୟୱହାରଂ କରିଷ୍ୟନ୍ତି|
2c070701a6	ଅପରମ୍ ଈଶ୍ୱର ଏନାଂ କଥାମପି କଥିତୱାନ୍, ଯେ ଲୋକାସ୍ତାନ୍ ଦାସତ୍ୱେ ସ୍ଥାପଯିଷ୍ୟନ୍ତି ତାଲ୍ଲୋକାନ୍ ଅହଂ ଦଣ୍ଡଯିଷ୍ୟାମି, ତତଃ ପରଂ ତେ ବହିର୍ଗତାଃ ସନ୍ତୋ ମାମ୍ ଅତ୍ର ସ୍ଥାନେ ସେୱିଷ୍ୟନ୍ତେ|
2c0708021a	ପଶ୍ଚାତ୍ ସ ତସ୍ମୈ ତ୍ୱକ୍ଛେଦସ୍ୟ ନିଯମଂ ଦତ୍ତୱାନ୍, ଅତ ଇସ୍ହାକନାମ୍ନି ଇବ୍ରାହୀମ ଏକପୁତ୍ରେ ଜାତେ, ଅଷ୍ଟମଦିନେ ତସ୍ୟ ତ୍ୱକ୍ଛେଦମ୍ ଅକରୋତ୍| ତସ୍ୟ ଇସ୍ହାକଃ ପୁତ୍ରୋ ଯାକୂବ୍, ତତସ୍ତସ୍ୟ ଯାକୂବୋଽସ୍ମାକଂ ଦ୍ୱାଦଶ ପୂର୍ୱ୍ୱପୁରୁଷା ଅଜାଯନ୍ତ|
2c070900cb	ତେ ପୂର୍ୱ୍ୱପୁରୁଷା ଈର୍ଷ୍ୟଯା ପରିପୂର୍ଣା ମିସରଦେଶଂ ପ୍ରେଷଯିତୁଂ ଯୂଷଫଂ ୱ୍ୟକ୍ରୀଣନ୍|
2c070a021a	କିନ୍ତ୍ୱୀଶ୍ୱରସ୍ତସ୍ୟ ସହାଯୋ ଭୂତ୍ୱା ସର୍ୱ୍ୱସ୍ୟା ଦୁର୍ଗତେ ରକ୍ଷିତ୍ୱା ତସ୍ମୈ ବୁଦ୍ଧିଂ ଦତ୍ତ୍ୱା ମିସରଦେଶସ୍ୟ ରାଜ୍ଞଃ ଫିରୌଣଃ ପ୍ରିଯପାତ୍ରଂ କୃତୱାନ୍ ତତୋ ରାଜା ମିସରଦେଶସ୍ୟ ସ୍ୱୀଯସର୍ୱ୍ୱପରିୱାରସ୍ୟ ଚ ଶାସନପଦଂ ତସ୍ମୈ ଦତ୍ତୱାନ୍|
2c070b011a	ତସ୍ମିନ୍ ସମଯେ ମିସର-କିନାନଦେଶଯୋ ର୍ଦୁର୍ଭିକ୍ଷହେତୋରତିକ୍ଲିଷ୍ଟତ୍ୱାତ୍ ନଃ ପୂର୍ୱ୍ୱପୁରୁଷା ଭକ୍ଷ୍ୟଦ୍ରୱ୍ୟଂ ନାଲଭନ୍ତ|
2c070c0134	କିନ୍ତୁ ମିସରଦେଶେ ଶସ୍ୟାନି ସନ୍ତି, ଯାକୂବ୍ ଇମାଂ ୱାର୍ତ୍ତାଂ ଶ୍ରୁତ୍ୱା ପ୍ରଥମମ୍ ଅସ୍ମାକଂ ପୂର୍ୱ୍ୱପୁରୁଷାନ୍ ମିସରଂ ପ୍ରେଷିତୱାନ୍|
2c070d00ff	ତତୋ ଦ୍ୱିତୀଯୱାରଗମନେ ଯୂଷଫ୍ ସ୍ୱଭ୍ରାତୃଭିଃ ପରିଚିତୋଽଭୱତ୍; ଯୂଷଫୋ ଭ୍ରାତରଃ ଫିରୌଣ୍ ରାଜେନ ପରିଚିତା ଅଭୱନ୍|
2c070e0124	ଅନନ୍ତରଂ ଯୂଷଫ୍ ଭ୍ରାତୃଗଣଂ ପ୍ରେଷ୍ୟ ନିଜପିତରଂ ଯାକୂବଂ ନିଜାନ୍ ପଞ୍ଚାଧିକସପ୍ତତିସଂଖ୍ୟକାନ୍ ଜ୍ଞାତିଜନାଂଶ୍ଚ ସମାହୂତୱାନ୍|
2c070f00f0	ତସ୍ମାଦ୍ ଯାକୂବ୍ ମିସରଦେଶଂ ଗତ୍ୱା ସ୍ୱଯମ୍ ଅସ୍ମାକଂ ପୂର୍ୱ୍ୱପୁରୁଷାଶ୍ଚ ତସ୍ମିନ୍ ସ୍ଥାନେଽମ୍ରିଯନ୍ତ|
2c07100155	ତତସ୍ତେ ଶିଖିମଂ ନୀତା ଯତ୍ ଶ୍ମଶାନମ୍ ଇବ୍ରାହୀମ୍ ମୁଦ୍ରାଦତ୍ୱା ଶିଖିମଃ ପିତୁ ର୍ହମୋରଃ ପୁତ୍ରେଭ୍ୟଃ କ୍ରୀତୱାନ୍ ତତ୍ଶ୍ମଶାନେ ସ୍ଥାପଯାଞ୍ଚକ୍ରିରେ|
2c071101ac	ତତଃ ପରମ୍ ଈଶ୍ୱର ଇବ୍ରାହୀମଃ ସନ୍ନିଧୌ ଶପଥଂ କୃତ୍ୱା ଯାଂ ପ୍ରତିଜ୍ଞାଂ କୃତୱାନ୍ ତସ୍ୟାଃ ପ୍ରତିଜ୍ଞାଯାଃ ଫଲନସମଯେ ନିକଟେ ସତି ଇସ୍ରାଯେଲ୍ଲୋକା ସିମରଦେଶେ ୱର୍ଦ୍ଧମାନା ବହୁସଂଖ୍ୟା ଅଭୱନ୍|
2c07120085	ଶେଷେ ଯୂଷଫଂ ଯୋ ନ ପରିଚିନୋତି ତାଦୃଶ ଏକୋ ନରପତିରୁପସ୍ଥାଯ
2c07130189	ଅସ୍ମାକଂ ଜ୍ଞାତିଭିଃ ସାର୍ଦ୍ଧଂ ଧୂର୍ତ୍ତତାଂ ୱିଧାଯ ପୂର୍ୱ୍ୱପୁରୁଷାନ୍ ପ୍ରତି କୁୱ୍ୟୱହରଣପୂର୍ୱ୍ୱକଂ ତେଷାଂ ୱଂଶନାଶନାଯ ତେଷାଂ ନୱଜାତାନ୍ ଶିଶୂନ୍ ବହି ର୍ନିରକ୍ଷେପଯତ୍|
2c071400f6	ଏତସ୍ମିନ୍ ସମଯେ ମୂସା ଜଜ୍ଞେ, ସ ତୁ ପରମସୁନ୍ଦରୋଽଭୱତ୍ ତଥା ପିତୃଗୃହେ ମାସତ୍ରଯପର୍ୟ୍ୟନ୍ତଂ ପାଲିତୋଽଭୱତ୍|
2c07150117	କିନ୍ତୁ ତସ୍ମିନ୍ ବହିର୍ନିକ୍ଷିପ୍ତେ ସତି ଫିରୌଣରାଜସ୍ୟ କନ୍ୟା ତମ୍ ଉତ୍ତୋଲ୍ୟ ନୀତ୍ୱା ଦତ୍ତକପୁତ୍ରଂ କୃତ୍ୱା ପାଲିତୱତୀ|
2c07160104	ତସ୍ମାତ୍ ସ ମୂସା ମିସରଦେଶୀଯାଯାଃ ସର୍ୱ୍ୱୱିଦ୍ୟାଯାଃ ପାରଦୃଷ୍ୱା ସନ୍ ୱାକ୍ୟେ କ୍ରିଯାଯାଞ୍ଚ ଶକ୍ତିମାନ୍ ଅଭୱତ୍|
2c07170104	ସ ସମ୍ପୂର୍ଣଚତ୍ୱାରିଂଶଦ୍ୱତ୍ସରୱଯସ୍କୋ ଭୂତ୍ୱା ଇସ୍ରାଯେଲୀଯୱଂଶନିଜଭ୍ରାତୃନ୍ ସାକ୍ଷାତ୍ କର୍ତୁଂ ମତିଂ ଚକ୍ରେ|
2c071800da	ତେଷାଂ ଜନମେକଂ ହିଂସିତଂ ଦୃଷ୍ଟ୍ୱା ତସ୍ୟ ସପକ୍ଷଃ ସନ୍ ହିଂସିତଜନମ୍ ଉପକୃତ୍ୟ ମିସରୀଯଜନଂ ଜଘାନ|
2c07190117	ତସ୍ୟ ହସ୍ତେନେଶ୍ୱରସ୍ତାନ୍ ଉଦ୍ଧରିଷ୍ୟତି ତସ୍ୟ ଭ୍ରାତୃଗଣ ଇତି ଜ୍ଞାସ୍ୟତି ସ ଇତ୍ୟନୁମାନଂ ଚକାର, କିନ୍ତୁ ତେ ନ ବୁବୁଧିରେ|
2c071a01c1	ତତ୍ପରେ ଽହନି ତେଷାମ୍ ଉଭଯୋ ର୍ଜନଯୋ ର୍ୱାକ୍କଲହ ଉପସ୍ଥିତେ ସତି ମୂସାଃ ସମୀପଂ ଗତ୍ୱା ତଯୋ ର୍ମେଲନଂ କର୍ତ୍ତୁଂ ମତିଂ କୃତ୍ୱା କଥଯାମାସ, ହେ ମହାଶଯୌ ଯୁୱାଂ ଭ୍ରାତରୌ ପରସ୍ପରମ୍ ଅନ୍ୟାଯଂ କୁତଃ କୁରୁଥଃ?
2c071b0156	ତତଃ ସମୀପୱାସିନଂ ପ୍ରତି ଯୋ ଜନୋଽନ୍ୟାଯଂ ଚକାର ସ ତଂ ଦୂରୀକୃତ୍ୟ କଥଯାମାସ, ଅସ୍ମାକମୁପରି ଶାସ୍ତୃତ୍ୱୱିଚାରଯିତୃତ୍ୱପଦଯୋଃ କସ୍ତ୍ୱାଂ ନିଯୁକ୍ତୱାନ୍?
2c071c007d	ହ୍ୟୋ ଯଥା ମିସରୀଯଂ ହତୱାନ୍ ତଥା କିଂ ମାମପି ହନିଷ୍ୟସି?
2c071d0133	ତଦା ମୂସା ଏତାଦୃଶୀଂ କଥାଂ ଶ୍ରୁତ୍ୱା ପଲାଯନଂ ଚକ୍ରେ, ତତୋ ମିଦିଯନଦେଶଂ ଗତ୍ୱା ପ୍ରୱାସୀ ସନ୍ ତସ୍ଥୌ, ତତସ୍ତତ୍ର ଦ୍ୱୌ ପୁତ୍ରୌ ଜଜ୍ଞାତେ|
2c071e0157	ଅନନ୍ତରଂ ଚତ୍ୱାରିଂଶଦ୍ୱତ୍ସରେଷୁ ଗତେଷୁ ସୀନଯପର୍ୱ୍ୱତସ୍ୟ ପ୍ରାନ୍ତରେ ପ୍ରଜ୍ୱଲିତସ୍ତମ୍ବସ୍ୟ ୱହ୍ନିଶିଖାଯାଂ ପରମେଶ୍ୱରଦୂତସ୍ତସ୍ମୈ ଦର୍ଶନଂ ଦଦୌ|
2c071f00ad	ମୂସାସ୍ତସ୍ମିନ୍ ଦର୍ଶନେ ୱିସ୍ମଯଂ ମତ୍ୱା ୱିଶେଷଂ ଜ୍ଞାତୁଂ ନିକଟଂ ଗଚ୍ଛତି,
2c07200239	ଏତସ୍ମିନ୍ ସମଯେ, ଅହଂ ତୱ ପୂର୍ୱ୍ୱପୁରୁଷାଣାମ୍ ଈଶ୍ୱରୋଽର୍ଥାଦ୍ ଇବ୍ରାହୀମ ଈଶ୍ୱର ଇସ୍ହାକ ଈଶ୍ୱରୋ ଯାକୂବ ଈଶ୍ୱରଶ୍ଚ, ମୂସାମୁଦ୍ଦିଶ୍ୟ ପରମେଶ୍ୱରସ୍ୟୈତାଦୃଶୀ ୱିହାଯସୀଯା ୱାଣୀ ବଭୂୱ, ତତଃ ସ କମ୍ପାନ୍ୱିତଃ ସନ୍ ପୁନ ର୍ନିରୀକ୍ଷିତୁଂ ପ୍ରଗଲ୍ଭୋ ନ ବଭୂୱ|
2c072100b9	ପରମେଶ୍ୱରସ୍ତଂ ଜଗାଦ, ତୱ ପାଦଯୋଃ ପାଦୁକେ ମୋଚଯ ଯତ୍ର ତିଷ୍ଠସି ସା ପୱିତ୍ରଭୂମିଃ|
2c072201d9	ଅହଂ ମିସରଦେଶସ୍ଥାନାଂ ନିଜଲୋକାନାଂ ଦୁର୍ଦ୍ଦଶାଂ ନିତାନ୍ତମ୍ ଅପଶ୍ୟଂ, ତେଷାଂ କାତର୍ୟ୍ୟୋକ୍ତିଞ୍ଚ ଶ୍ରୁତୱାନ୍ ତସ୍ମାତ୍ ତାନ୍ ଉଦ୍ଧର୍ତ୍ତୁମ୍ ଅୱରୁହ୍ୟାଗମମ୍; ଇଦାନୀମ୍ ଆଗଚ୍ଛ ମିସରଦେଶଂ ତ୍ୱାଂ ପ୍ରେଷଯାମି|
2c072301f0	କସ୍ତ୍ୱାଂ ଶାସ୍ତୃତ୍ୱୱିଚାରଯିତୃତ୍ୱପଦଯୋ ର୍ନିଯୁକ୍ତୱାନ୍, ଇତି ୱାକ୍ୟମୁକ୍ତ୍ୱା ତୈ ର୍ୟୋ ମୂସା ଅୱଜ୍ଞାତସ୍ତମେୱ ଈଶ୍ୱରଃ ସ୍ତମ୍ବମଧ୍ୟେ ଦର୍ଶନଦାତ୍ରା ତେନ ଦୂତେନ ଶାସ୍ତାରଂ ମୁକ୍ତିଦାତାରଞ୍ଚ କୃତ୍ୱା ପ୍ରେଷଯାମାସ|
2c072401c0	ସ ଚ ମିସରଦେଶେ ସୂଫ୍ନାମ୍ନି ସମୁଦ୍ରେ ଚ ପଶ୍ଚାତ୍ ଚତ୍ୱାରିଂଶଦ୍ୱତ୍ସରାନ୍ ଯାୱତ୍ ମହାପ୍ରାନ୍ତରେ ନାନାପ୍ରକାରାଣ୍ୟଦ୍ଭୁତାନି କର୍ମ୍ମାଣି ଲକ୍ଷଣାନି ଚ ଦର୍ଶଯିତ୍ୱା ତାନ୍ ବହିଃ କୃତ୍ୱା ସମାନିନାଯ|
2c072501d8	ପ୍ରଭୁଃ ପରମେଶ୍ୱରୋ ଯୁଷ୍ମାକଂ ଭ୍ରାତୃଗଣସ୍ୟ ମଧ୍ୟେ ମାଦୃଶମ୍ ଏକଂ ଭୱିଷ୍ୟଦ୍ୱକ୍ତାରମ୍ ଉତ୍ପାଦଯିଷ୍ୟତି ତସ୍ୟ କଥାଯାଂ ଯୂଯଂ ମନୋ ନିଧାସ୍ୟଥ, ଯୋ ଜନ ଇସ୍ରାଯେଲଃ ସନ୍ତାନେଭ୍ୟ ଏନାଂ କଥାଂ କଥଯାମାସ ସ ଏଷ ମୂସାଃ|
2c072601ab	ମହାପ୍ରାନ୍ତରସ୍ଥମଣ୍ଡଲୀମଧ୍ୟେଽପି ସ ଏୱ ସୀନଯପର୍ୱ୍ୱତୋପରି ତେନ ସାର୍ଦ୍ଧଂ ସଂଲାପିନୋ ଦୂତସ୍ୟ ଚାସ୍ମତ୍ପିତୃଗଣସ୍ୟ ମଧ୍ୟସ୍ଥଃ ସନ୍ ଅସ୍ମଭ୍ୟଂ ଦାତୱ୍ୟନି ଜୀୱନଦାଯକାନି ୱାକ୍ୟାନି ଲେଭେ|
2c07270135	ଅସ୍ମାକଂ ପୂର୍ୱ୍ୱପୁରୁଷାସ୍ତମ୍ ଅମାନ୍ୟଂ କତ୍ୱା ସ୍ୱେଭ୍ୟୋ ଦୂରୀକୃତ୍ୟ ମିସରଦେଶଂ ପରାୱୃତ୍ୟ ଗନ୍ତୁଂ ମନୋଭିରଭିଲଷ୍ୟ ହାରୋଣଂ ଜଗଦୁଃ,
2c07280181	ଅସ୍ମାକମ୍ ଅଗ୍ରେଽଗ୍ରେ ଗନ୍ତୁମ୍ ଅସ୍ମଦର୍ଥଂ ଦେୱଗଣଂ ନିର୍ମ୍ମାହି ଯତୋ ଯୋ ମୂସା ଅସ୍ମାନ୍ ମିସରଦେଶାଦ୍ ବହିଃ କୃତ୍ୱାନୀତୱାନ୍ ତସ୍ୟ କିଂ ଜାତଂ ତଦସ୍ମାଭି ର୍ନ ଜ୍ଞାଯତେ|
2c07290130	ତସ୍ମିନ୍ ସମଯେ ତେ ଗୋୱତ୍ସାକୃତିଂ ପ୍ରତିମାଂ ନିର୍ମ୍ମାଯ ତାମୁଦ୍ଦିଶ୍ୟ ନୈୱେଦ୍ୟମୁତ୍ମୃଜ୍ୟ ସ୍ୱହସ୍ତକୃତୱସ୍ତୁନା ଆନନ୍ଦିତୱନ୍ତଃ|
2c072a0335	ତସ୍ମାଦ୍ ଈଶ୍ୱରସ୍ତେଷାଂ ପ୍ରତି ୱିମୁଖଃ ସନ୍ ଆକାଶସ୍ଥଂ ଜ୍ୟୋତିର୍ଗଣଂ ପୂଜଯିତୁଂ ତେଭ୍ୟୋଽନୁମତିଂ ଦଦୌ, ଯାଦୃଶଂ ଭୱିଷ୍ୟଦ୍ୱାଦିନାଂ ଗ୍ରନ୍ଥେଷୁ ଲିଖିତମାସ୍ତେ, ଯଥା, ଇସ୍ରାଯେଲୀଯୱଂଶା ରେ ଚତ୍ୱାରିଂଶତ୍ସମାନ୍ ପୁରା| ମହତି ପ୍ରାନ୍ତରେ ସଂସ୍ଥା ଯୂଯନ୍ତୁ ଯାନି ଚ| ବଲିହୋମାଦିକର୍ମ୍ମାଣି କୃତୱନ୍ତସ୍ତୁ ତାନି କିଂ| ମାଂ ସମୁଦ୍ଦିଶ୍ୟ ଯୁଷ୍ମାଭିଃ ପ୍ରକୃତାନୀତି ନୈୱ ଚ|
2c072b01ca	କିନ୍ତୁ ୱୋ ମୋଲକାଖ୍ୟସ୍ୟ ଦେୱସ୍ୟ ଦୂଷ୍ୟମେୱ ଚ| ଯୁଷ୍ମାକଂ ରିମ୍ଫନାଖ୍ୟାଯା ଦେୱତାଯାଶ୍ଚ ତାରକା| ଏତଯୋରୁଭଯୋ ର୍ମୂର୍ତୀ ଯୁଷ୍ମାଭିଃ ପରିପୂଜିତେ| ଅତୋ ଯୁଷ୍ମାଂସ୍ତୁ ବାବେଲଃ ପାରଂ ନେଷ୍ୟାମି ନିଶ୍ଚିତଂ|
2c072c01eb	ଅପରଞ୍ଚ ଯନ୍ନିଦର୍ଶନମ୍ ଅପଶ୍ୟସ୍ତଦନୁସାରେଣ ଦୂଷ୍ୟଂ ନିର୍ମ୍ମାହି ଯସ୍ମିନ୍ ଈଶ୍ୱରୋ ମୂସାମ୍ ଏତଦ୍ୱାକ୍ୟଂ ବଭାଷେ ତତ୍ ତସ୍ୟ ନିରୂପିତଂ ସାକ୍ଷ୍ୟସ୍ୱରୂପଂ ଦୂଷ୍ୟମ୍ ଅସ୍ମାକଂ ପୂର୍ୱ୍ୱପୁରୁଷୈଃ ସହ ପ୍ରାନ୍ତରେ ତସ୍ଥୌ|
2c072d01fe	ପଶ୍ଚାତ୍ ଯିହୋଶୂଯେନ ସହିତୈସ୍ତେଷାଂ ୱଂଶଜାତୈରସ୍ମତ୍ପୂର୍ୱ୍ୱପୁରୁଷୈଃ ସ୍ୱେଷାଂ ସମ୍ମୁଖାଦ୍ ଈଶ୍ୱରେଣ ଦୂରୀକୃତାନାମ୍ ଅନ୍ୟଦେଶୀଯାନାଂ ଦେଶାଧିକୃତିକାଲେ ସମାନୀତଂ ତଦ୍ ଦୂଷ୍ୟଂ ଦାଯୂଦୋଧିକାରଂ ଯାୱତ୍ ତତ୍ର ସ୍ଥାନ ଆସୀତ୍|
2c072e00ee	ସ ଦାଯୂଦ୍ ପରମେଶ୍ୱରସ୍ୟାନୁଗ୍ରହଂ ପ୍ରାପ୍ୟ ଯାକୂବ୍ ଈଶ୍ୱରାର୍ଥମ୍ ଏକଂ ଦୂଷ୍ୟଂ ନିର୍ମ୍ମାତୁଂ ୱୱାଞ୍ଛ;
2c072f008a	କିନ୍ତୁ ସୁଲେମାନ୍ ତଦର୍ଥଂ ମନ୍ଦିରମ୍ ଏକଂ ନିର୍ମ୍ମିତୱାନ୍|
2c07300117	ତଥାପି ଯଃ ସର୍ୱ୍ୱୋପରିସ୍ଥଃ ସ କସ୍ମିଂଶ୍ଚିଦ୍ ହସ୍ତକୃତେ ମନ୍ଦିରେ ନିୱସତୀତି ନହି, ଭୱିଷ୍ୟଦ୍ୱାଦୀ କଥାମେତାଂ କଥଯତି, ଯଥା,
2c073101b3	ପରେଶୋ ୱଦତି ସ୍ୱର୍ଗୋ ରାଜସିଂହାସନଂ ମମ| ମଦୀଯଂ ପାଦପୀଠଞ୍ଚ ପୃଥିୱୀ ଭୱତି ଧ୍ରୁୱଂ| ତର୍ହି ଯୂଯଂ କୃତେ ମେ କିଂ ପ୍ରନିର୍ମ୍ମାସ୍ୟଥ ମନ୍ଦିରଂ| ୱିଶ୍ରାମାଯ ମଦୀଯଂ ୱା ସ୍ଥାନଂ କିଂ ୱିଦ୍ୟତେ ତ୍ୱିହ|
2c07320079	ସର୍ୱ୍ୱାଣ୍ୟେତାନି ୱସ୍ତୂନି କିଂ ମେ ହସ୍ତକୃତାନି ନ||
2c0733018d	ହେ ଅନାଜ୍ଞାଗ୍ରାହକା ଅନ୍ତଃକରଣେ ଶ୍ରୱଣେ ଚାପୱିତ୍ରଲୋକାଃ ଯୂଯମ୍ ଅନୱରତଂ ପୱିତ୍ରସ୍ୟାତ୍ମନଃ ପ୍ରାତିକୂଲ୍ୟମ୍ ଆଚରଥ, ଯୁଷ୍ମାକଂ ପୂର୍ୱ୍ୱପୁରୁଷା ଯାଦୃଶା ଯୂଯମପି ତାଦୃଶାଃ|
2c073401c7	ଯୁଷ୍ମାକଂ ପୂର୍ୱ୍ୱପୁରୁଷାଃ କଂ ଭୱିଷ୍ୟଦ୍ୱାଦିନଂ ନାତାଡଯନ୍? ଯେ ତସ୍ୟ ଧାର୍ମ୍ମିକସ୍ୟ ଜନସ୍ୟାଗମନକଥାଂ କଥିତୱନ୍ତସ୍ତାନ୍ ଅଘ୍ନନ୍ ଯୂଯମ୍ ଅଧୂନା ୱିଶ୍ୱାସଘାତିନୋ ଭୂତ୍ୱା ତଂ ଧାର୍ମ୍ମିକଂ ଜନମ୍ ଅହତ|
2c07350090	ଯୂଯଂ ସ୍ୱର୍ଗୀଯଦୂତଗଣେନ ୱ୍ୟୱସ୍ଥାଂ ପ୍ରାପ୍ୟାପି ତାଂ ନାଚରଥ|
2c073600ca	ଇମାଂ କଥାଂ ଶ୍ରୁତ୍ୱା ତେ ମନଃସୁ ବିଦ୍ଧାଃ ସନ୍ତସ୍ତଂ ପ୍ରତି ଦନ୍ତଘର୍ଷଣମ୍ ଅକୁର୍ୱ୍ୱନ୍|
2c07370165	କିନ୍ତୁ ସ୍ତିଫାନଃ ପୱିତ୍ରେଣାତ୍ମନା ପୂର୍ଣୋ ଭୂତ୍ୱା ଗଗଣଂ ପ୍ରତି ସ୍ଥିରଦୃଷ୍ଟିଂ କୃତ୍ୱା ଈଶ୍ୱରସ୍ୟ ଦକ୍ଷିଣେ ଦଣ୍ଡାଯମାନଂ ଯୀଶୁଞ୍ଚ ୱିଲୋକ୍ୟ କଥିତୱାନ୍;
2c073800b7	ପଶ୍ୟ, ମେଘଦ୍ୱାରଂ ମୁକ୍ତମ୍ ଈଶ୍ୱରସ୍ୟ ଦକ୍ଷିଣେ ସ୍ଥିତଂ ମାନୱସୁତଞ୍ଚ ପଶ୍ୟାମି|
2c073900d3	ତଦା ତେ ପ୍ରୋଚ୍ଚୈଃ ଶବ୍ଦଂ କୃତ୍ୱା କର୍ଣେଷ୍ୱଙ୍ଗୁଲୀ ର୍ନିଧାଯ ଏକଚିତ୍ତୀଭୂଯ ତମ୍ ଆକ୍ରମନ୍|
2c073a013b	ପଶ୍ଚାତ୍ ତଂ ନଗରାଦ୍ ବହିଃ କୃତ୍ୱା ପ୍ରସ୍ତରୈରାଘ୍ନନ୍ ସାକ୍ଷିଣୋ ଲାକାଃ ଶୌଲନାମ୍ନୋ ଯୂନଶ୍ଚରଣସନ୍ନିଧୌ ନିଜୱସ୍ତ୍ରାଣି ସ୍ଥାପିତୱନ୍ତଃ|
2c073b0110	ଅନନ୍ତରଂ ହେ ପ୍ରଭୋ ଯୀଶେ ମଦୀଯମାତ୍ମାନଂ ଗୃହାଣ ସ୍ତିଫାନସ୍ୟେତି ପ୍ରାର୍ଥନୱାକ୍ୟୱଦନସମଯେ ତେ ତଂ ପ୍ରସ୍ତରୈରାଘ୍ନନ୍|
2c073c0144	ତସ୍ମାତ୍ ସ ଜାନୁନୀ ପାତଯିତ୍ୱା ପ୍ରୋଚ୍ଚୈଃ ଶବ୍ଦଂ କୃତ୍ୱା, ହେ ପ୍ରଭେ ପାପମେତଦ୍ ଏତେଷୁ ମା ସ୍ଥାପଯ, ଇତ୍ୟୁକ୍ତ୍ୱା ମହାନିଦ୍ରାଂ ପ୍ରାପ୍ନୋତ୍|
2c080101fa	ତସ୍ୟ ହତ୍ୟାକରଣଂ ଶୌଲୋପି ସମମନ୍ୟତ| ତସ୍ମିନ୍ ସମଯେ ଯିରୂଶାଲମ୍ନଗରସ୍ଥାଂ ମଣ୍ଡଲୀଂ ପ୍ରତି ମହାତାଡନାଯାଂ ଜାତାଯାଂ ପ୍ରେରିତଲୋକାନ୍ ହିତ୍ୱା ସର୍ୱ୍ୱେଽପରେ ଯିହୂଦାଶୋମିରୋଣଦେଶଯୋ ର୍ନାନାସ୍ଥାନେ ୱିକୀର୍ଣାଃ ସନ୍ତୋ ଗତାଃ|
2c080200ac	ଅନ୍ୟଚ୍ଚ ଭକ୍ତଲୋକାସ୍ତଂ ସ୍ତିଫାନଂ ଶ୍ମଶାନେ ସ୍ଥାପଯିତ୍ୱା ବହୁ ୱ୍ୟଲପନ୍|
2c08030118	କିନ୍ତୁ ଶୌଲୋ ଗୃହେ ଗୃହେ ଭ୍ରମିତ୍ୱା ସ୍ତ୍ରିଯଃ ପୁରୁଷାଂଶ୍ଚ ଧୃତ୍ୱା କାରାଯାଂ ବଦ୍ଧ୍ୱା ମଣ୍ଡଲ୍ୟା ମହୋତ୍ପାତଂ କୃତୱାନ୍|
2c080400bd	ଅନ୍ୟଚ୍ଚ ଯେ ୱିକୀର୍ଣା ଅଭୱନ୍ ତେ ସର୍ୱ୍ୱତ୍ର ଭ୍ରମିତ୍ୱା ସୁସଂୱାଦଂ ପ୍ରାଚାରଯନ୍|
2c0805009c	ତଦା ଫିଲିପଃ ଶୋମିରୋଣ୍ନଗରଂ ଗତ୍ୱା ଖ୍ରୀଷ୍ଟାଖ୍ୟାନଂ ପ୍ରାଚାରଯତ୍;
2c08060115	ତତୋଽଶୁଚି-ଭୃତଗ୍ରସ୍ତଲୋକେଭ୍ୟୋ ଭୂତାଶ୍ଚୀତ୍କୃତ୍ୟାଗଚ୍ଛନ୍ ତଥା ବହୱଃ ପକ୍ଷାଘାତିନଃ ଖଞ୍ଜା ଲୋକାଶ୍ଚ ସ୍ୱସ୍ଥା ଅଭୱନ୍|
2c08070127	ତସ୍ମାତ୍ ଲାକା ଈଦୃଶଂ ତସ୍ୟାଶ୍ଚର୍ୟ୍ୟଂ କର୍ମ୍ମ ୱିଲୋକ୍ୟ ନିଶମ୍ୟ ଚ ସର୍ୱ୍ୱ ଏକଚିତ୍ତୀଭୂଯ ତେନୋକ୍ତାଖ୍ୟାନେ ମନାଂସି ନ୍ୟଦଧୁଃ|
2c08080050	ତସ୍ମିନ୍ନଗରେ ମହାନନ୍ଦଶ୍ଚାଭୱତ୍|
2c08090168	ତତଃ ପୂର୍ୱ୍ୱଂ ତସ୍ମିନ୍ନଗରେ ଶିମୋନ୍ନାମା କଶ୍ଚିଜ୍ଜନୋ ବହ୍ୱୀ ର୍ମାଯାକ୍ରିଯାଃ କୃତ୍ୱା ସ୍ୱଂ କଞ୍ଚନ ମହାପୁରୁଷଂ ପ୍ରୋଚ୍ୟ ଶୋମିରୋଣୀଯାନାଂ ମୋହଂ ଜନଯାମାସ|
2c080a0122	ତସ୍ମାତ୍ ସ ମାନୁଷ ଈଶ୍ୱରସ୍ୟ ମହାଶକ୍ତିସ୍ୱରୂପ ଇତ୍ୟୁକ୍ତ୍ୱା ବାଲୱୃଦ୍ଧୱନିତାଃ ସର୍ୱ୍ୱେ ଲାକାସ୍ତସ୍ମିନ୍ ମନାଂସି ନ୍ୟଦଧୁଃ|
2c080b00cb	ସ ବହୁକାଲାନ୍ ମାଯାୱିକ୍ରିଯଯା ସର୍ୱ୍ୱାନ୍ ଅତୀୱ ମୋହଯାଞ୍ଚକାର, ତସ୍ମାତ୍ ତେ ତଂ ମେନିରେ|
2c080c016a	କିନ୍ତ୍ୱୀଶ୍ୱରସ୍ୟ ରାଜ୍ୟସ୍ୟ ଯୀଶୁଖ୍ରୀଷ୍ଟସ୍ୟ ନାମ୍ନଶ୍ଚାଖ୍ୟାନପ୍ରଚାରିଣଃ ଫିଲିପସ୍ୟ କଥାଯାଂ ୱିଶ୍ୱସ୍ୟ ତେଷାଂ ସ୍ତ୍ରୀପୁରୁଷୋଭଯଲୋକା ମଜ୍ଜିତା ଅଭୱନ୍|
2c080d0163	ଶେଷେ ସ ଶିମୋନପି ସ୍ୱଯଂ ପ୍ରତ୍ୟୈତ୍ ତତୋ ମଜ୍ଜିତଃ ସନ୍ ଫିଲିପେନ କୃତାମ୍ ଆଶ୍ଚର୍ୟ୍ୟକ୍ରିଯାଂ ଲକ୍ଷଣଞ୍ଚ ୱିଲୋକ୍ୟାସମ୍ଭୱଂ ମନ୍ୟମାନସ୍ତେନ ସହ ସ୍ଥିତୱାନ୍|
2c080e0176	ଇତ୍ଥଂ ଶୋମିରୋଣ୍ଦେଶୀଯଲୋକା ଈଶ୍ୱରସ୍ୟ କଥାମ୍ ଅଗୃହ୍ଲନ୍ ଇତି ୱାର୍ତ୍ତାଂ ଯିରୂଶାଲମ୍ନଗରସ୍ଥପ୍ରେରିତାଃ ପ୍ରାପ୍ୟ ପିତରଂ ଯୋହନଞ୍ଚ ତେଷାଂ ନିକଟେ ପ୍ରେଷିତୱନ୍ତଃ|
2c080f00ef	ତତସ୍ତୌ ତତ୍ ସ୍ଥାନମ୍ ଉପସ୍ଥାଯ ଲୋକା ଯଥା ପୱିତ୍ରମ୍ ଆତ୍ମାନଂ ପ୍ରାପ୍ନୁୱନ୍ତି ତଦର୍ଥଂ ପ୍ରାର୍ଥଯେତାଂ|
2c08100133	ଯତସ୍ତେ ପୁରା କେୱଲପ୍ରଭୁଯୀଶୋ ର୍ନାମ୍ନା ମଜ୍ଜିତମାତ୍ରା ଅଭୱନ୍, ନ ତୁ ତେଷାଂ ମଧ୍ୟେ କମପି ପ୍ରତି ପୱିତ୍ରସ୍ୟାତ୍ମନ ଆୱିର୍ଭାୱୋ ଜାତଃ|
2c081100fa	କିନ୍ତୁ ପ୍ରେରିତାଭ୍ୟାଂ ତେଷାଂ ଗାତ୍ରେଷୁ କରେଷ୍ୱର୍ପିତେଷୁ ସତ୍ସୁ ତେ ପୱିତ୍ରମ୍ ଆତ୍ମାନମ୍ ପ୍ରାପ୍ନୁୱନ୍|
2c0812015b	ଇତ୍ଥଂ ଲୋକାନାଂ ଗାତ୍ରେଷୁ ପ୍ରେରିତଯୋଃ କରାର୍ପଣେନ ତାନ୍ ପୱିତ୍ରମ୍ ଆତ୍ମାନଂ ପ୍ରାପ୍ତାନ୍ ଦୃଷ୍ଟ୍ୱା ସ ଶିମୋନ୍ ତଯୋଃ ସମୀପେ ମୁଦ୍ରା ଆନୀଯ କଥିତୱାନ୍;
2c08130121	ଅହଂ ଯସ୍ୟ ଗାତ୍ରେ ହସ୍ତମ୍ ଅର୍ପଯିଷ୍ୟାମି ତସ୍ୟାପି ଯଥେତ୍ଥଂ ପୱିତ୍ରାତ୍ମପ୍ରାପ୍ତି ର୍ଭୱତି ତାଦୃଶୀଂ ଶକ୍ତିଂ ମହ୍ୟଂ ଦତ୍ତଂ|
2c08140130	କିନ୍ତୁ ପିତରସ୍ତଂ ପ୍ରତ୍ୟୱଦତ୍ ତୱ ମୁଦ୍ରାସ୍ତ୍ୱଯା ୱିନଶ୍ୟନ୍ତୁ ଯତ ଈଶ୍ୱରସ୍ୟ ଦାନଂ ମୁଦ୍ରାଭିଃ କ୍ରୀଯତେ ତ୍ୱମିତ୍ଥଂ ବୁଦ୍ଧୱାନ୍;
2c081500c1	ଈଶ୍ୱରାଯ ତାୱନ୍ତଃକରଣଂ ସରଲଂ ନହି, ତସ୍ମାଦ୍ ଅତ୍ର ତୱାଂଶୋଽଧିକାରଶ୍ଚ କୋପି ନାସ୍ତି|
2c08160140	ଅତ ଏତତ୍ପାପହେତୋଃ ଖେଦାନ୍ୱିତଃ ସନ୍ କେନାପି ପ୍ରକାରେଣ ତୱ ମନସ ଏତସ୍ୟାଃ କୁକଲ୍ପନାଯାଃ କ୍ଷମା ଭୱତି, ଏତଦର୍ଥମ୍ ଈଶ୍ୱରେ ପ୍ରାର୍ଥନାଂ କୁରୁ;
2c0817009b	ଯତସ୍ତ୍ୱଂ ତିକ୍ତପିତ୍ତେ ପାପସ୍ୟ ବନ୍ଧନେ ଚ ଯଦସି ତନ୍ମଯା ବୁଦ୍ଧମ୍|
2c08180121	ତଦା ଶିମୋନ୍ ଅକଥଯତ୍ ତର୍ହି ଯୁୱାଭ୍ୟାମୁଦିତା କଥା ମଯି ଯଥା ନ ଫଲତି ତଦର୍ଥଂ ଯୁୱାଂ ମନ୍ନିମିତ୍ତଂ ପ୍ରଭୌ ପ୍ରାର୍ଥନାଂ କୁରୁତଂ|
2c0819017a	ଅନେନ ପ୍ରକାରେଣ ତୌ ସାକ୍ଷ୍ୟଂ ଦତ୍ତ୍ୱା ପ୍ରଭୋଃ କଥାଂ ପ୍ରଚାରଯନ୍ତୌ ଶୋମିରୋଣୀଯାନାମ୍ ଅନେକଗ୍ରାମେଷୁ ସୁସଂୱାଦଞ୍ଚ ପ୍ରଚାରଯନ୍ତୌ ଯିରୂଶାଲମ୍ନଗରଂ ପରାୱୃତ୍ୟ ଗତୌ|
2c081a0176	ତତଃ ପରମ୍ ଈଶ୍ୱରସ୍ୟ ଦୂତଃ ଫିଲିପମ୍ ଇତ୍ୟାଦିଶତ୍, ତ୍ୱମୁତ୍ଥାଯ ଦକ୍ଷିଣସ୍ୟାଂ ଦିଶି ଯୋ ମାର୍ଗୋ ପ୍ରାନ୍ତରସ୍ୟ ମଧ୍ୟେନ ଯିରୂଶାଲମୋ ଽସାନଗରଂ ଯାତି ତଂ ମାର୍ଗଂ ଗଚ୍ଛ|
2c081b0165	ତତଃ ସ ଉତ୍ଥାଯ ଗତୱାନ୍; ତଦା କନ୍ଦାକୀନାମ୍ନଃ କୂଶ୍ଲୋକାନାଂ ରାଜ୍ଞ୍ୟାଃ ସର୍ୱ୍ୱସମ୍ପତ୍ତେରଧୀଶଃ କୂଶଦେଶୀଯ ଏକଃ ଷଣ୍ଡୋ ଭଜନାର୍ଥଂ ଯିରୂଶାଲମ୍ନଗରମ୍ ଆଗତ୍ୟ
2c081c00ca	ପୁନରପି ରଥମାରୁହ୍ୟ ଯିଶଯିଯନାମ୍ନୋ ଭୱିଷ୍ୟଦ୍ୱାଦିନୋ ଗ୍ରନ୍ଥଂ ପଠନ୍ ପ୍ରତ୍ୟାଗଚ୍ଛତି|
2c081d00ca	ଏତସ୍ମିନ୍ ସମଯେ ଆତ୍ମା ଫିଲିପମ୍ ଅୱଦତ୍, ତ୍ୱମ୍ ରଥସ୍ୟ ସମୀପଂ ଗତ୍ୱା ତେନ ସାର୍ଦ୍ଧଂ ମିଲ|
2c081e014e	ତସ୍ମାତ୍ ସ ଧାୱନ୍ ତସ୍ୟ ସନ୍ନିଧାୱୁପସ୍ଥାଯ ତେନ ପଠ୍ୟମାନଂ ଯିଶଯିଯଥୱିଷ୍ୟଦ୍ୱାଦିନୋ ୱାକ୍ୟଂ ଶ୍ରୁତ୍ୱା ପୃଷ୍ଟୱାନ୍ ଯତ୍ ପଠସି ତତ୍ କିଂ ବୁଧ୍ୟସେ?
2c081f0121	ତତଃ ସ କଥିତୱାନ୍ କେନଚିନ୍ନ ବୋଧିତୋହଂ କଥଂ ବୁଧ୍ୟେଯ? ତତଃ ସ ଫିଲିପଂ ରଥମାରୋଢୁଂ ସ୍ୱେନ ସାର୍ଦ୍ଧମ୍ ଉପୱେଷ୍ଟୁଞ୍ଚ ନ୍ୟୱେଦଯତ୍|
2c0820016f	ସ ଶାସ୍ତ୍ରସ୍ୟେତଦ୍ୱାକ୍ୟଂ ପଠିତୱାନ୍ ଯଥା, ସମାନୀଯତ ଘାତାଯ ସ ଯଥା ମେଷଶାୱକଃ| ଲୋମଚ୍ଛେଦକସାକ୍ଷାଚ୍ଚ ମେଷଶ୍ଚ ନୀରୱୋ ଯଥା| ଆବଧ୍ୟ ୱଦନଂ ସ୍ୱୀଯଂ ତଥା ସ ସମତିଷ୍ଠତ|
2c0821015b	ଅନ୍ୟାଯେନ ୱିଚାରେଣ ସ ଉଚ୍ଛିନ୍ନୋ ଽଭୱତ୍ ତଦା| ତତ୍କାଲୀନମନୁଷ୍ୟାନ୍ କୋ ଜନୋ ୱର୍ଣଯିତୁଂ କ୍ଷମଃ| ଯତୋ ଜୀୱନ୍ନୃଣାଂ ଦେଶାତ୍ ସ ଉଚ୍ଛିନ୍ନୋ ଽଭୱତ୍ ଧ୍ରୁୱଂ|
2c08220130	ଅନନ୍ତରଂ ସ ଫିଲିପମ୍ ଅୱଦତ୍ ନିୱେଦଯାମି, ଭୱିଷ୍ୟଦ୍ୱାଦୀ ଯାମିମାଂ କଥାଂ କଥଯାମାସ ସ କିଂ ସ୍ୱସ୍ମିନ୍ ୱା କସ୍ମିଂଶ୍ଚିଦ୍ ଅନ୍ୟସ୍ମିନ୍?
2c082300b7	ତତଃ ଫିଲିପସ୍ତତ୍ପ୍ରକରଣମ୍ ଆରଭ୍ୟ ଯୀଶୋରୁପାଖ୍ୟାନଂ ତସ୍ୟାଗ୍ରେ ପ୍ରାସ୍ତୌତ୍|
2c08240124	ଇତ୍ଥଂ ମାର୍ଗେଣ ଗଚ୍ଛନ୍ତୌ ଜଲାଶଯସ୍ୟ ସମୀପ ଉପସ୍ଥିତୌ; ତଦା କ୍ଲୀବୋଽୱାଦୀତ୍ ପଶ୍ୟାତ୍ର ସ୍ଥାନେ ଜଲମାସ୍ତେ ମମ ମଜ୍ଜନେ କା ବାଧା?
2c08250173	ତତଃ ଫିଲିପ ଉତ୍ତରଂ ୱ୍ୟାହରତ୍ ସ୍ୱାନ୍ତଃକରଣେନ ସାକଂ ଯଦି ପ୍ରତ୍ୟେଷି ତର୍ହି ବାଧା ନାସ୍ତି| ତତଃ ସ କଥିତୱାନ୍ ଯୀଶୁଖ୍ରୀଷ୍ଟ ଈଶ୍ୱରସ୍ୟ ପୁତ୍ର ଇତ୍ୟହଂ ପ୍ରତ୍ୟେମି|
2c082600fa	ତଦା ରଥଂ ସ୍ଥଗିତଂ କର୍ତ୍ତୁମ୍ ଆଦିଷ୍ଟେ ଫିଲିପକ୍ଲୀବୌ ଦ୍ୱୌ ଜଲମ୍ ଅୱାରୁହତାଂ; ତଦା ଫିଲିପସ୍ତମ୍ ମଜ୍ଜଯାମାସ|
2c0827019f	ତତ୍ପଶ୍ଚାତ୍ ଜଲମଧ୍ୟାଦ୍ ଉତ୍ଥିତଯୋଃ ସତୋଃ ପରମେଶ୍ୱରସ୍ୟାତ୍ମା ଫିଲିପଂ ହୃତ୍ୱା ନୀତୱାନ୍, ତସ୍ମାତ୍ କ୍ଲୀବଃ ପୁନସ୍ତଂ ନ ଦୃଷ୍ଟୱାନ୍ ତଥାପି ହୃଷ୍ଟଚିତ୍ତଃ ସନ୍ ସ୍ୱମାର୍ଗେଣ ଗତୱାନ୍|
2c0828013e	ଫିଲିପଶ୍ଚାସ୍ଦୋଦ୍ନଗରମ୍ ଉପସ୍ଥାଯ ତସ୍ମାତ୍ କୈସରିଯାନଗର ଉପସ୍ଥିତିକାଲପର୍ୟ୍ୟନତଂ ସର୍ୱ୍ୱସ୍ମିନ୍ନଗରେ ସୁସଂୱାଦଂ ପ୍ରଚାରଯନ୍ ଗତୱାନ୍|
2c09010121	ତତ୍କାଲପର୍ୟ୍ୟନତଂ ଶୌଲଃ ପ୍ରଭୋଃ ଶିଷ୍ୟାଣାଂ ପ୍ରାତିକୂଲ୍ୟେନ ତାଡନାବଧଯୋଃ କଥାଂ ନିଃସାରଯନ୍ ମହାଯାଜକସ୍ୟ ସନ୍ନିଧିଂ ଗତ୍ୱା
2c09020196	ସ୍ତ୍ରିଯଂ ପୁରୁଷଞ୍ଚ ତନ୍ମତଗ୍ରାହିଣଂ ଯଂ କଞ୍ଚିତ୍ ପଶ୍ୟତି ତାନ୍ ଧୃତ୍ୱା ବଦ୍ଧ୍ୱା ଯିରୂଶାଲମମ୍ ଆନଯତୀତ୍ୟାଶଯେନ ଦମ୍ମେଷକ୍ନଗରୀଯଂ ଧର୍ମ୍ମସମାଜାନ୍ ପ୍ରତି ପତ୍ରଂ ଯାଚିତୱାନ୍|
2c09030121	ଗଚ୍ଛନ୍ ତୁ ଦମ୍ମେଷକ୍ନଗରନିକଟ ଉପସ୍ଥିତୱାନ୍; ତତୋଽକସ୍ମାଦ୍ ଆକାଶାତ୍ ତସ୍ୟ ଚତୁର୍ଦିକ୍ଷୁ ତେଜସଃ ପ୍ରକାଶନାତ୍ ସ ଭୂମାୱପତତ୍|
2c090400ce	ପଶ୍ଚାତ୍ ହେ ଶୌଲ ହେ ଶୌଲ କୁତୋ ମାଂ ତାଡଯସି? ସ୍ୱଂ ପ୍ରତି ପ୍ରୋକ୍ତମ୍ ଏତଂ ଶବ୍ଦଂ ଶ୍ରୁତ୍ୱା
2c09050127	ସ ପୃଷ୍ଟୱାନ୍, ହେ ପ୍ରଭୋ ଭୱାନ୍ କଃ? ତଦା ପ୍ରଭୁରକଥଯତ୍ ଯଂ ଯୀଶୁଂ ତ୍ୱଂ ତାଡଯସି ସ ଏୱାହଂ; କଣ୍ଟକସ୍ୟ ମୁଖେ ପଦାଘାତକରଣଂ ତୱ କଷ୍ଟମ୍|
2c0906019c	ତଦା କମ୍ପମାନୋ ୱିସ୍ମଯାପନ୍ନଶ୍ଚ ସୋୱଦତ୍ ହେ ପ୍ରଭୋ ମଯା କିଂ କର୍ତ୍ତୱ୍ୟଂ? ଭୱତ ଇଚ୍ଛା କା? ତତଃ ପ୍ରଭୁରାଜ୍ଞାପଯଦ୍ ଉତ୍ଥାଯ ନଗରଂ ଗଚ୍ଛ ତତ୍ର ତ୍ୱଯା ଯତ୍ କର୍ତ୍ତୱ୍ୟଂ ତଦ୍ ୱଦିଷ୍ୟତେ|
2c090700f5	ତସ୍ୟ ସଙ୍ଗିନୋ ଲୋକା ଅପି ତଂ ଶବ୍ଦଂ ଶ୍ରୁତୱନ୍ତଃ କିନ୍ତୁ କମପି ନ ଦୃଷ୍ଟ୍ୱା ସ୍ତବ୍ଧାଃ ସନ୍ତଃ ସ୍ଥିତୱନ୍ତଃ|
2c09080127	ଅନନ୍ତରଂ ଶୌଲୋ ଭୂମିତ ଉତ୍ଥାଯ ଚକ୍ଷୁଷୀ ଉନ୍ମୀଲ୍ୟ କମପି ନ ଦୃଷ୍ଟୱାନ୍| ତଦା ଲୋକାସ୍ତସ୍ୟ ହସ୍ତୌ ଧୃତ୍ୱା ଦମ୍ମେଷକ୍ନଗରମ୍ ଆନଯନ୍|
2c09090096	ତତଃ ସ ଦିନତ୍ରଯଂ ଯାୱଦ୍ ଅନ୍ଧୋ ଭୂତ୍ୱା ନ ଭୁକ୍ତୱାନ୍ ପୀତୱାଂଶ୍ଚ|
2c090a0150	ତଦନନ୍ତରଂ ପ୍ରଭୁସ୍ତଦ୍ଦମ୍ମେଷକ୍ନଗରୱାସିନ ଏକସ୍ମୈ ଶିଷ୍ୟାଯ ଦର୍ଶନଂ ଦତ୍ୱା ଆହୂତୱାନ୍ ହେ ଅନନିଯ| ତତଃ ସ ପ୍ରତ୍ୟୱାଦୀତ୍, ହେ ପ୍ରଭୋ ପଶ୍ୟ ଶୃଣୋମି|
2c090b0135	ତଦା ପ୍ରଭୁସ୍ତମାଜ୍ଞାପଯତ୍ ତ୍ୱମୁତ୍ଥାଯ ସରଲନାମାନଂ ମାର୍ଗଂ ଗତ୍ୱା ଯିହୂଦାନିୱେଶନେ ତାର୍ଷନଗରୀଯଂ ଶୌଲନାମାନଂ ଜନଂ ଗୱେଷଯନ୍ ପୃଚ୍ଛ;
2c090c0153	ପଶ୍ୟ ସ ପ୍ରାର୍ଥଯତେ, ତଥା ଅନନିଯନାମକ ଏକୋ ଜନସ୍ତସ୍ୟ ସମୀପମ୍ ଆଗତ୍ୟ ତସ୍ୟ ଗାତ୍ରେ ହସ୍ତାର୍ପଣଂ କୃତ୍ୱା ଦୃଷ୍ଟିଂ ଦଦାତୀତ୍ଥଂ ସ୍ୱପ୍ନେ ଦୃଷ୍ଟୱାନ୍|
2c090d00eb	ତସ୍ମାଦ୍ ଅନନିଯଃ ପ୍ରତ୍ୟୱଦତ୍ ହେ ପ୍ରଭୋ ଯିରୂଶାଲମି ପୱିତ୍ରଲୋକାନ୍ ପ୍ରତି ସୋଽନେକହିଂସାଂ କୃତୱାନ୍;
2c090e017f	ଅତ୍ର ସ୍ଥାନେ ଚ ଯେ ଲୋକାସ୍ତୱ ନାମ୍ନି ପ୍ରାର୍ଥଯନ୍ତି ତାନପି ବଦ୍ଧୁଂ ସ ପ୍ରଧାନଯାଜକେଭ୍ୟଃ ଶକ୍ତିଂ ପ୍ରାପ୍ତୱାନ୍, ଇମାଂ କଥାମ୍ ଅହମ୍ ଅନେକେଷାଂ ମୁଖେଭ୍ୟଃ ଶ୍ରୁତୱାନ୍|
2c090f0156	କିନ୍ତୁ ପ୍ରଭୁରକଥଯତ୍, ଯାହି ଭିନ୍ନଦେଶୀଯଲୋକାନାଂ ଭୂପତୀନାମ୍ ଇସ୍ରାଯେଲ୍ଲୋକାନାଞ୍ଚ ନିକଟେ ମମ ନାମ ପ୍ରଚାରଯିତୁଂ ସ ଜନୋ ମମ ମନୋନୀତପାତ୍ରମାସ୍ତେ|
2c091000c1	ମମ ନାମନିମିତ୍ତଞ୍ଚ ତେନ କିଯାନ୍ ମହାନ୍ କ୍ଲେଶୋ ଭୋକ୍ତୱ୍ୟ ଏତତ୍ ତଂ ଦର୍ଶଯିଷ୍ୟାମି|
2c09110254	ତତୋ ଽନନିଯୋ ଗତ୍ୱା ଗୃହଂ ପ୍ରୱିଶ୍ୟ ତସ୍ୟ ଗାତ୍ରେ ହସ୍ତାର୍ପ୍ରଣଂ କୃତ୍ୱା କଥିତୱାନ୍, ହେ ଭ୍ରାତଃ ଶୌଲ ତ୍ୱଂ ଯଥା ଦୃଷ୍ଟିଂ ପ୍ରାପ୍ନୋଷି ପୱିତ୍ରେଣାତ୍ମନା ପରିପୂର୍ଣୋ ଭୱସି ଚ, ତଦର୍ଥଂ ତୱାଗମନକାଲେ ଯଃ ପ୍ରଭୁଯୀଶୁସ୍ତୁଭ୍ୟଂ ଦର୍ଶନମ୍ ଅଦଦାତ୍ ସ ମାଂ ପ୍ରେଷିତୱାନ୍|
2c09120195	ଇତ୍ୟୁକ୍ତମାତ୍ରେ ତସ୍ୟ ଚକ୍ଷୁର୍ଭ୍ୟାମ୍ ମୀନଶଲ୍କୱଦ୍ ୱସ୍ତୁନି ନିର୍ଗତେ ତତ୍କ୍ଷଣାତ୍ ସ ପ୍ରସନ୍ନଚକ୍ଷୁ ର୍ଭୂତ୍ୱା ପ୍ରୋତ୍ଥାଯ ମଜ୍ଜିତୋଽଭୱତ୍ ଭୁକ୍ତ୍ୱା ପୀତ୍ୱା ସବଲୋଭୱଚ୍ଚ|
2c091300cb	ତତଃ ପରଂ ଶୌଲଃ ଶିଷ୍ୟୈଃ ସହ କତିପଯଦିୱସାନ୍ ତସ୍ମିନ୍ ଦମ୍ମେଷକନଗରେ ସ୍ଥିତ୍ୱାଽୱିଲମ୍ବଂ
2c091400af	ସର୍ୱ୍ୱଭଜନଭୱନାନି ଗତ୍ୱା ଯୀଶୁରୀଶ୍ୱରସ୍ୟ ପୁତ୍ର ଇମାଂ କଥାଂ ପ୍ରାଚାରଯତ୍|
2c09150220	ତସ୍ମାତ୍ ସର୍ୱ୍ୱେ ଶ୍ରୋତାରଶ୍ଚମତ୍କୃତ୍ୟ କଥିତୱନ୍ତୋ ଯୋ ଯିରୂଶାଲମ୍ନଗର ଏତନ୍ନାମ୍ନା ପ୍ରାର୍ଥଯିତୃଲୋକାନ୍ ୱିନାଶିତୱାନ୍ ଏୱମ୍ ଏତାଦୃଶଲୋକାନ୍ ବଦ୍ଧ୍ୱା ପ୍ରଧାନଯାଜକନିକଟଂ ନଯତୀତ୍ୟାଶଯା ଏତତ୍ସ୍ଥାନମପ୍ୟାଗଚ୍ଛତ୍ ସଏୱ କିମଯଂ ନ ଭୱତି?
2c09160170	କିନ୍ତୁ ଶୌଲଃ କ୍ରମଶ ଉତ୍ସାହୱାନ୍ ଭୂତ୍ୱା ଯୀଶୁରୀଶ୍ୱରେଣାଭିଷିକ୍ତୋ ଜନ ଏତସ୍ମିନ୍ ପ୍ରମାଣଂ ଦତ୍ୱା ଦମ୍ମେଷକ୍-ନିୱାସିଯିହୂଦୀଯଲୋକାନ୍ ନିରୁତ୍ତରାନ୍ ଅକରୋତ୍|
2c091700a5	ଇତ୍ଥଂ ବହୁତିଥେ କାଲେ ଗତେ ଯିହୂଦୀଯଲୋକାସ୍ତଂ ହନ୍ତୁଂ ମନ୍ତ୍ରଯାମାସୁଃ
2c09180147	କିନ୍ତୁ ଶୌଲସ୍ତେଷାମେତସ୍ୟା ମନ୍ତ୍ରଣାଯା ୱାର୍ତ୍ତାଂ ପ୍ରାପ୍ତୱାନ୍| ତେ ତଂ ହନ୍ତୁଂ ତୁ ଦିୱାନିଶଂ ଗୁପ୍ତାଃ ସନ୍ତୋ ନଗରସ୍ୟ ଦ୍ୱାରେଽତିଷ୍ଠନ୍;
2c091900b2	ତସ୍ମାତ୍ ଶିଷ୍ୟାସ୍ତଂ ନୀତ୍ୱା ରାତ୍ରୌ ପିଟକେ ନିଧାଯ ପ୍ରାଚୀରେଣାୱାରୋହଯନ୍|
2c091a0139	ତତଃ ପରଂ ଶୌଲୋ ଯିରୂଶାଲମଂ ଗତ୍ୱା ଶିଷ୍ୟଗଣେନ ସାର୍ଦ୍ଧଂ ସ୍ଥାତୁମ୍ ଐହତ୍, କିନ୍ତୁ ସର୍ୱ୍ୱେ ତସ୍ମାଦବିଭଯୁଃ ସ ଶିଷ୍ୟ ଇତି ଚ ନ ପ୍ରତ୍ୟଯନ୍|
2c091b0248	ଏତସ୍ମାଦ୍ ବର୍ଣବ୍ବାସ୍ତଂ ଗୃହୀତ୍ୱା ପ୍ରେରିତାନାଂ ସମୀପମାନୀଯ ମାର୍ଗମଧ୍ୟେ ପ୍ରଭୁଃ କଥଂ ତସ୍ମୈ ଦର୍ଶନଂ ଦତ୍ତୱାନ୍ ଯାଃ କଥାଶ୍ଚ କଥିତୱାନ୍ ସ ଚ ଯଥାକ୍ଷୋଭଃ ସନ୍ ଦମ୍ମେଷକ୍ନଗରେ ଯୀଶୋ ର୍ନାମ ପ୍ରାଚାରଯତ୍ ଏତାନ୍ ସର୍ୱ୍ୱୱୃତ୍ତାନ୍ତାନ୍ ତାନ୍ ଜ୍ଞାପିତୱାନ୍|
2c091c00ce	ତତଃ ଶୌଲସ୍ତୈଃ ସହ ଯିରୂଶାଲମି କାଲଂ ଯାପଯନ୍ ନିର୍ଭଯଂ ପ୍ରଭୋ ର୍ୟୀଶୋ ର୍ନାମ ପ୍ରାଚାରଯତ୍|
2c091d00da	ତସ୍ମାଦ୍ ଅନ୍ୟଦେଶୀଯଲୋକୈଃ ସାର୍ଦ୍ଧଂ ୱିୱାଦସ୍ୟୋପସ୍ଥିତତ୍ୱାତ୍ ତେ ତଂ ହନ୍ତୁମ୍ ଅଚେଷ୍ଟନ୍ତ|
2c091e00cd	କିନ୍ତୁ ଭ୍ରାତୃଗଣସ୍ତଜ୍ଜ୍ଞାତ୍ୱା ତଂ କୈସରିଯାନଗରଂ ନୀତ୍ୱା ତାର୍ଷନଗରଂ ପ୍ରେଷିତୱାନ୍|
2c091f01df	ଇତ୍ଥଂ ସତି ଯିହୂଦିଯାଗାଲୀଲ୍ଶୋମିରୋଣଦେଶୀଯାଃ ସର୍ୱ୍ୱା ମଣ୍ଡଲ୍ୟୋ ୱିଶ୍ରାମଂ ପ୍ରାପ୍ତାସ୍ତତସ୍ତାସାଂ ନିଷ୍ଠାଭୱତ୍ ପ୍ରଭୋ ର୍ଭିଯା ପୱିତ୍ରସ୍ୟାତ୍ମନଃ ସାନ୍ତ୍ୱନଯା ଚ କାଲଂ କ୍ଷେପଯିତ୍ୱା ବହୁସଂଖ୍ୟା ଅଭୱନ୍|
2c092000ee	ତତଃ ପରଂ ପିତରଃ ସ୍ଥାନେ ସ୍ଥାନେ ଭ୍ରମିତ୍ୱା ଶେଷେ ଲୋଦ୍ନଗରନିୱାସିପୱିତ୍ରଲୋକାନାଂ ସମୀପେ ସ୍ଥିତୱାନ୍|
2c092100fd	ତଦା ତତ୍ର ପକ୍ଷାଘାତୱ୍ୟାଧିନାଷ୍ଟୌ ୱତ୍ସରାନ୍ ଶଯ୍ୟାଗତମ୍ ଐନେଯନାମାନଂ ମନୁଷ୍ୟଂ ସାକ୍ଷତ୍ ପ୍ରାପ୍ୟ ତମୱଦତ୍,
2c0922011e	ହେ ଐନେଯ ଯୀଶୁଖ୍ରୀଷ୍ଟସ୍ତ୍ୱାଂ ସ୍ୱସ୍ଥମ୍ ଅକାର୍ଷୀତ୍, ତ୍ୱମୁତ୍ଥାଯ ସ୍ୱଶଯ୍ୟାଂ ନିକ୍ଷିପ, ଇତ୍ୟୁକ୍ତମାତ୍ରେ ସ ଉଦତିଷ୍ଠତ୍|
2c092300bb	ଏତାଦୃଶଂ ଦୃଷ୍ଟ୍ୱା ଲୋଦ୍ଶାରୋଣନିୱାସିନୋ ଲୋକାଃ ପ୍ରଭୁଂ ପ୍ରତି ପରାୱର୍ତ୍ତନ୍ତ|
2c09240183	ଅପରଞ୍ଚ ଭିକ୍ଷାଦାନାଦିଷୁ ନାନକ୍ରିଯାସୁ ନିତ୍ୟଂ ପ୍ରୱୃତ୍ତା ଯା ଯାଫୋନଗରନିୱାସିନୀ ଟାବିଥାନାମା ଶିଷ୍ୟା ଯାଂ ଦର୍କ୍କାଂ ଅର୍ଥାଦ୍ ହରିଣୀମଯୁକ୍ତ୍ୱା ଆହ୍ୱଯନ୍ ସା ନାରୀ
2c09250119	ତସ୍ମିନ୍ ସମଯେ ରୁଗ୍ନା ସତୀ ପ୍ରାଣାନ୍ ଅତ୍ୟଜତ୍, ତତୋ ଲୋକାସ୍ତାଂ ପ୍ରକ୍ଷାଲ୍ୟୋପରିସ୍ଥପ୍ରକୋଷ୍ଠେ ଶାଯଯିତ୍ୱାସ୍ଥାପଯନ୍|
2c0926019e	ଲୋଦ୍ନଗରଂ ଯାଫୋନଗରସ୍ୟ ସମୀପସ୍ଥଂ ତସ୍ମାତ୍ତତ୍ର ପିତର ଆସ୍ତେ, ଇତି ୱାର୍ତ୍ତାଂ ଶ୍ରୁତ୍ୱା ତୂର୍ଣଂ ତସ୍ୟାଗମନାର୍ଥଂ ତସ୍ମିନ୍ ୱିନଯମୁକ୍ତ୍ୱା ଶିଷ୍ୟଗଣୋ ଦ୍ୱୌ ମନୁଜୌ ପ୍ରେଷିତୱାନ୍|
2c09270271	ତସ୍ମାତ୍ ପିତର ଉତ୍ଥାଯ ତାଭ୍ୟାଂ ସାର୍ଦ୍ଧମ୍ ଆଗଚ୍ଛତ୍, ତତ୍ର ତସ୍ମିନ୍ ଉପସ୍ଥିତ ଉପରିସ୍ଥପ୍ରକୋଷ୍ଠଂ ସମାନୀତେ ଚ ୱିଧୱାଃ ସ୍ୱାଭିଃ ସହ ସ୍ଥିତିକାଲେ ଦର୍କ୍କଯା କୃତାନି ଯାନ୍ୟୁତ୍ତରୀଯାଣି ପରିଧେଯାନି ଚ ତାନି ସର୍ୱ୍ୱାଣି ତଂ ଦର୍ଶଯିତ୍ୱା ରୁଦତ୍ୟଶ୍ଚତସୃଷୁ ଦିକ୍ଷ୍ୱତିଷ୍ଠନ୍|
2c0928023f	କିନ୍ତୁ ପିତରସ୍ତାଃ ସର୍ୱ୍ୱା ବହିଃ କୃତ୍ୱା ଜାନୁନୀ ପାତଯିତ୍ୱା ପ୍ରାର୍ଥିତୱାନ୍; ପଶ୍ଚାତ୍ ଶୱଂ ପ୍ରତି ଦୃଷ୍ଟିଂ କୃତ୍ୱା କଥିତୱାନ୍, ହେ ଟାବୀଥେ ତ୍ୱମୁତ୍ତିଷ୍ଠ, ଇତି ୱାକ୍ୟ ଉକ୍ତେ ସା ସ୍ତ୍ରୀ ଚକ୍ଷୁଷୀ ପ୍ରୋନ୍ମୀଲ୍ୟ ପିତରମ୍ ଅୱଲୋକ୍ୟୋତ୍ଥାଯୋପାୱିଶତ୍|
2c09290108	ତତଃ ପିତରସ୍ତସ୍ୟାଃ କରୌ ଧୃତ୍ୱା ଉତ୍ତୋଲ୍ୟ ପୱିତ୍ରଲୋକାନ୍ ୱିଧୱାଶ୍ଚାହୂଯ ତେଷାଂ ନିକଟେ ସଜୀୱାଂ ତାଂ ସମାର୍ପଯତ୍|
2c092a00b7	ଏଷା କଥା ସମସ୍ତଯାଫୋନଗରଂ ୱ୍ୟାପ୍ତା ତସ୍ମାଦ୍ ଅନେକେ ଲୋକାଃ ପ୍ରଭୌ ୱ୍ୟଶ୍ୱସନ୍|
2c092b00f7	ଅପରଞ୍ଚ ପିତରସ୍ତଦ୍ୟାଫୋନଗରୀଯସ୍ୟ କସ୍ୟଚିତ୍ ଶିମୋନ୍ନାମ୍ନଶ୍ଚର୍ମ୍ମକାରସ୍ୟ ଗୃହେ ବହୁଦିନାନି ନ୍ୟୱସତ୍|
2c0a0100b4	କୈସରିଯାନଗର ଇତାଲିଯାଖ୍ୟସୈନ୍ୟାନ୍ତର୍ଗତଃ କର୍ଣୀଲିଯନାମା ସେନାପତିରାସୀତ୍
2c0a020114	ସ ସପରିୱାରୋ ଭକ୍ତ ଈଶ୍ୱରପରାଯଣଶ୍ଚାସୀତ୍; ଲୋକେଭ୍ୟୋ ବହୂନି ଦାନାଦୀନି ଦତ୍ୱା ନିରନ୍ତରମ୍ ଈଶ୍ୱରେ ପ୍ରାର୍ଥଯାଞ୍ଚକ୍ରେ|
2c0a03010f	ଏକଦା ତୃତୀଯପ୍ରହରୱେଲାଯାଂ ସ ଦୃଷ୍ଟୱାନ୍ ଈଶ୍ୱରସ୍ୟୈକୋ ଦୂତଃ ସପ୍ରକାଶଂ ତତ୍ସମୀପମ୍ ଆଗତ୍ୟ କଥିତୱାନ୍, ହେ କର୍ଣୀଲିଯ|
2c0a04013c	କିନ୍ତୁ ସ ତଂ ଦୃଷ୍ଟ୍ୱା ଭୀତୋଽକଥଯତ୍, ହେ ପ୍ରଭୋ କିଂ? ତଦା ତମୱଦତ୍ ତୱ ପ୍ରାର୍ଥନା ଦାନାଦି ଚ ସାକ୍ଷିସ୍ୱରୂପଂ ଭୂତ୍ୱେଶ୍ୱରସ୍ୟ ଗୋଚରମଭୱତ୍|
2c0a05016e	ଇଦାନୀଂ ଯାଫୋନଗରଂ ପ୍ରତି ଲୋକାନ୍ ପ୍ରେଷ୍ୟ ସମୁଦ୍ରତୀରେ ଶିମୋନ୍ନାମ୍ନଶ୍ଚର୍ମ୍ମକାରସ୍ୟ ଗୃହେ ପ୍ରୱାସକାରୀ ପିତରନାମ୍ନା ୱିଖ୍ୟାତୋ ଯଃ ଶିମୋନ୍ ତମ୍ ଆହ୍ୱାଯଯ;
2c0a060088	ତସ୍ମାତ୍ ତ୍ୱଯା ଯଦ୍ୟତ୍ କର୍ତ୍ତୱ୍ୟଂ ତତ୍ତତ୍ ସ ୱଦିଷ୍ୟତି|
2c0a070154	ଇତ୍ୟୁପଦିଶ୍ୟ ଦୂତେ ପ୍ରସ୍ଥିତେ ସତି କର୍ଣୀଲିଯଃ ସ୍ୱଗୃହସ୍ଥାନାଂ ଦାସାନାଂ ଦ୍ୱୌ ଜନୌ ନିତ୍ୟଂ ସ୍ୱସଙ୍ଗିନାଂ ସୈନ୍ୟାନାମ୍ ଏକାଂ ଭକ୍ତସେନାଞ୍ଚାହୂଯ
2c0a080096	ସକଲମେତଂ ୱୃତ୍ତାନ୍ତଂ ୱିଜ୍ଞାପ୍ୟ ଯାଫୋନଗରଂ ତାନ୍ ପ୍ରାହିଣୋତ୍|
2c0a09014b	ପରସ୍ମିନ୍ ଦିନେ ତେ ଯାତ୍ରାଂ କୃତ୍ୱା ଯଦା ନଗରସ୍ୟ ସମୀପ ଉପାତିଷ୍ଠନ୍, ତଦା ପିତରୋ ଦ୍ୱିତୀଯପ୍ରହରୱେଲାଯାଂ ପ୍ରାର୍ଥଯିତୁଂ ଗୃହପୃଷ୍ଠମ୍ ଆରୋହତ୍|
2c0a0a0124	ଏତସ୍ମିନ୍ ସମଯେ କ୍ଷୁଧାର୍ତ୍ତଃ ସନ୍ କିଞ୍ଚିଦ୍ ଭୋକ୍ତୁମ୍ ଐଚ୍ଛତ୍ କିନ୍ତୁ ତେଷାମ୍ ଅନ୍ନାସାଦନସମଯେ ସ ମୂର୍ଚ୍ଛିତଃ ସନ୍ନପତତ୍|
2c0a0b0136	ତତୋ ମେଘଦ୍ୱାରଂ ମୁକ୍ତଂ ଚତୁର୍ଭିଃ କୋଣୈ ର୍ଲମ୍ବିତଂ ବୃହଦ୍ୱସ୍ତ୍ରମିୱ କିଞ୍ଚନ ଭାଜନମ୍ ଆକାଶାତ୍ ପୃଥିୱୀମ୍ ଅୱାରୋହତୀତି ଦୃଷ୍ଟୱାନ୍|
2c0a0c00c5	ତନ୍ମଧ୍ୟେ ନାନପ୍ରକାରା ଗ୍ରାମ୍ୟୱନ୍ୟପଶୱଃ ଖେଚରୋରୋଗାମିପ୍ରଭୃତଯୋ ଜନ୍ତୱଶ୍ଚାସନ୍|
2c0a0d00b2	ଅନନ୍ତରଂ ହେ ପିତର ଉତ୍ଥାଯ ହତ୍ୱା ଭୁଂକ୍ଷ୍ୱ ତମ୍ପ୍ରତୀଯଂ ଗଗଣୀଯା ୱାଣୀ ଜାତା|
2c0a0e0132	ତଦା ପିତରଃ ପ୍ରତ୍ୟୱଦତ୍, ହେ ପ୍ରଭୋ ଈଦୃଶଂ ମା ଭୱତୁ, ଅହମ୍ ଏତତ୍ କାଲଂ ଯାୱତ୍ ନିଷିଦ୍ଧମ୍ ଅଶୁଚି ୱା ଦ୍ରୱ୍ୟଂ କିଞ୍ଚିଦପି ନ ଭୁକ୍ତୱାନ୍|
2c0a0f00ea	ତତଃ ପୁନରପି ତାଦୃଶୀ ୱିହଯସୀଯା ୱାଣୀ ଜାତା ଯଦ୍ ଈଶ୍ୱରଃ ଶୁଚି କୃତୱାନ୍ ତତ୍ ତ୍ୱଂ ନିଷିଦ୍ଧଂ ନ ଜାନୀହି|
2c0a100092	ଇତ୍ଥଂ ତ୍ରିଃ ସତି ତତ୍ ପାତ୍ରଂ ପୁନରାକୃଷ୍ଟଂ ଆକାଶମ୍ ଅଗଚ୍ଛତ୍|
2c0a110186	ତତଃ ପରଂ ଯଦ୍ ଦର୍ଶନଂ ପ୍ରାପ୍ତୱାନ୍ ତସ୍ୟ କୋ ଭାୱ ଇତ୍ୟତ୍ର ପିତରୋ ମନସା ସନ୍ଦେଗ୍ଧି, ଏତସ୍ମିନ୍ ସମଯେ କର୍ଣୀଲିଯସ୍ୟ ତେ ପ୍ରେଷିତା ମନୁଷ୍ୟା ଦ୍ୱାରସ୍ୟ ସନ୍ନିଧାୱୁପସ୍ଥାଯ,
2c0a120101	ଶିମୋନୋ ଗୃହମନ୍ୱିଚ୍ଛନ୍ତଃ ସମ୍ପୃଛ୍ୟାହୂଯ କଥିତୱନ୍ତଃ ପିତରନାମ୍ନା ୱିଖ୍ୟାତୋ ଯଃ ଶିମୋନ୍ ସ କିମତ୍ର ପ୍ରୱସତି?
2c0a1300ef	ଯଦା ପିତରସ୍ତଦ୍ଦର୍ଶନସ୍ୟ ଭାୱଂ ମନସାନ୍ଦୋଲଯତି ତଦାତ୍ମା ତମୱଦତ୍, ପଶ୍ୟ ତ୍ରଯୋ ଜନାସ୍ତ୍ୱାଂ ମୃଗଯନ୍ତେ|
2c0a1400a5	ତ୍ୱମ୍ ଉତ୍ଥାଯାୱରୁହ୍ୟ ନିଃସନ୍ଦେହଂ ତୈଃ ସହ ଗଚ୍ଛ ମଯୈୱ ତେ ପ୍ରେଷିତାଃ|
2c0a15014d	ତସ୍ମାତ୍ ପିତରୋଽୱରୁହ୍ୟ କର୍ଣୀଲିଯପ୍ରେରିତଲୋକାନାଂ ନିକଟମାଗତ୍ୟ କଥିତୱାନ୍ ପଶ୍ୟତ ଯୂଯଂ ଯଂ ମୃଗଯଧ୍ୱେ ସ ଜନୋହଂ, ଯୂଯଂ କିନ୍ନିମିତ୍ତମ୍ ଆଗତାଃ?
2c0a160211	ତତସ୍ତେ ପ୍ରତ୍ୟୱଦନ୍ କର୍ଣୀଲିଯନାମା ଶୁଦ୍ଧସତ୍ତ୍ୱ ଈଶ୍ୱରପରାଯଣୋ ଯିହୂଦୀଯଦେଶସ୍ଥାନାଂ ସର୍ୱ୍ୱେଷାଂ ସନ୍ନିଧୌ ସୁଖ୍ୟାତ୍ୟାପନ୍ନ ଏକଃ ସେନାପତି ର୍ନିଜଗୃହଂ ତ୍ୱାମାହୂଯ ନେତୁଂ ତ୍ୱତ୍ତଃ କଥା ଶ୍ରୋତୁଞ୍ଚ ପୱିତ୍ରଦୂତେନ ସମାଦିଷ୍ଟଃ|
2c0a170177	ତଦା ପିତରସ୍ତାନଭ୍ୟନ୍ତରଂ ନୀତ୍ୱା ତେଷାମାତିଥ୍ୟଂ କୃତୱାନ୍, ପରେଽହନି ତୈଃ ସାର୍ଦ୍ଧଂ ଯାତ୍ରାମକରୋତ୍, ଯାଫୋନିୱାସିନାଂ ଭ୍ରାତୃଣାଂ କିଯନ୍ତୋ ଜନାଶ୍ଚ ତେନ ସହ ଗତାଃ|
2c0a180108	ପରସ୍ମିନ୍ ଦିୱସେ କୈସରିଯାନଗରମଧ୍ୟପ୍ରୱେଶସମଯେ କର୍ଣୀଲିଯୋ ଜ୍ଞାତିବନ୍ଧୂନ୍ ଆହୂଯାନୀଯ ତାନ୍ ଅପେକ୍ଷ୍ୟ ସ୍ଥିତଃ|
2c0a1900c2	ପିତରେ ଗୃହ ଉପସ୍ଥିତେ କର୍ଣୀଲିଯସ୍ତଂ ସାକ୍ଷାତ୍କୃତ୍ୟ ଚରଣଯୋଃ ପତିତ୍ୱା ପ୍ରାଣମତ୍|
2c0a1a0086	ପିତରସ୍ତମୁତ୍ଥାପ୍ୟ କଥିତୱାନ୍, ଉତ୍ତିଷ୍ଠାହମପି ମାନୁଷଃ|
2c0a1b00f7	ତଦା କର୍ଣୀଲିଯେନ ସାକମ୍ ଆଲପନ୍ ଗୃହଂ ପ୍ରାୱିଶତ୍ ତନ୍ମଧ୍ୟେ ଚ ବହୁଲୋକାନାଂ ସମାଗମଂ ଦୃଷ୍ଟ୍ୱା ତାନ୍ ଅୱଦତ୍,
2c0a1c0205	ଅନ୍ୟଜାତୀଯଲୋକୈଃ ମହାଲପନଂ ୱା ତେଷାଂ ଗୃହମଧ୍ୟେ ପ୍ରୱେଶନଂ ଯିହୂଦୀଯାନାଂ ନିଷିଦ୍ଧମ୍ ଅସ୍ତୀତି ଯୂଯମ୍ ଅୱଗଚ୍ଛଥ; କିନ୍ତୁ କମପି ମାନୁଷମ୍ ଅୱ୍ୟୱହାର୍ୟ୍ୟମ୍ ଅଶୁଚିଂ ୱା ଜ୍ଞାତୁଂ ମମ ନୋଚିତମ୍ ଇତି ପରମେଶ୍ୱରୋ ମାଂ ଜ୍ଞାପିତୱାନ୍|
2c0a1d0142	ଇତି ହେତୋରାହ୍ୱାନଶ୍ରୱଣମାତ୍ରାତ୍ କାଞ୍ଚନାପତ୍ତିମ୍ ଅକୃତ୍ୱା ଯୁଷ୍ମାକଂ ସମୀପମ୍ ଆଗତୋସ୍ମି; ପୃଚ୍ଛାମି ଯୂଯଂ କିନ୍ନିମିତ୍ତଂ ମାମ୍ ଆହୂଯତ?
2c0a1e01f7	ତଦା କର୍ଣୀଲିଯଃ କଥିତୱାନ୍, ଅଦ୍ୟ ଚତ୍ୱାରି ଦିନାନି ଜାତାନି ଏତାୱଦ୍ୱେଲାଂ ଯାୱଦ୍ ଅହମ୍ ଅନାହାର ଆସନ୍ ତତସ୍ତୃତୀଯପ୍ରହରେ ସତି ଗୃହେ ପ୍ରାର୍ଥନସମଯେ ତେଜୋମଯୱସ୍ତ୍ରଭୃଦ୍ ଏକୋ ଜନୋ ମମ ସମକ୍ଷଂ ତିଷ୍ଠନ୍ ଏତାଂ କଥାମ୍ ଅକଥଯତ୍,
2c0a1f0127	ହେ କର୍ଣୀଲିଯ ତ୍ୱଦୀଯା ପ୍ରାର୍ଥନା ଈଶ୍ୱରସ୍ୟ କର୍ଣଗୋଚରୀଭୂତା ତୱ ଦାନାଦି ଚ ସାକ୍ଷିସ୍ୱରୂପଂ ଭୂତ୍ୱା ତସ୍ୟ ଦୃଷ୍ଟିଗୋଚରମଭୱତ୍|
2c0a2001d5	ଅତୋ ଯାଫୋନଗରଂ ପ୍ରତି ଲୋକାନ୍ ପ୍ରହିତ୍ୟ ତତ୍ର ସମୁଦ୍ରତୀରେ ଶିମୋନ୍ନାମ୍ନଃ କସ୍ୟଚିଚ୍ଚର୍ମ୍ମକାରସ୍ୟ ଗୃହେ ପ୍ରୱାସକାରୀ ପିତରନାମ୍ନା ୱିଖ୍ୟାତୋ ଯଃ ଶିମୋନ୍ ତମାହୂଯଯ; ତତଃ ସ ଆଗତ୍ୟ ତ୍ୱାମ୍ ଉପଦେକ୍ଷ୍ୟତି|
2c0a210206	ଇତି କାରଣାତ୍ ତତ୍କ୍ଷଣାତ୍ ତୱ ନିକଟେ ଲୋକାନ୍ ପ୍ରେଷିତୱାନ୍, ତ୍ୱମାଗତୱାନ୍ ଇତି ଭଦ୍ରଂ କୃତୱାନ୍| ଈଶ୍ୱରୋ ଯାନ୍ୟାଖ୍ୟାନାନି କଥଯିତୁମ୍ ଆଦିଶତ୍ ତାନି ଶ୍ରୋତୁଂ ୱଯଂ ସର୍ୱ୍ୱେ ସାମ୍ପ୍ରତମ୍ ଈଶ୍ୱରସ୍ୟ ସାକ୍ଷାଦ୍ ଉପସ୍ଥିତାଃ ସ୍ମଃ|
2c0a2200c1	ତଦା ପିତର ଇମାଂ କଥାଂ କଥଯିତୁମ୍ ଆରବ୍ଧୱାନ୍, ଈଶ୍ୱରୋ ମନୁଷ୍ୟାଣାମ୍ ଅପକ୍ଷପାତୀ ସନ୍
2c0a23012c	ଯସ୍ୟ କସ୍ୟଚିଦ୍ ଦେଶସ୍ୟ ଯୋ ଲୋକାସ୍ତସ୍ମାଦ୍ଭୀତ୍ୱା ସତ୍କର୍ମ୍ମ କରୋତି ସ ତସ୍ୟ ଗ୍ରାହ୍ୟୋ ଭୱତି, ଏତସ୍ୟ ନିଶ୍ଚଯମ୍ ଉପଲବ୍ଧୱାନହମ୍|
2c0a24018b	ସର୍ୱ୍ୱେଷାଂ ପ୍ରଭୁ ର୍ୟୋ ଯୀଶୁଖ୍ରୀଷ୍ଟସ୍ତେନ ଈଶ୍ୱର ଇସ୍ରାଯେଲ୍ୱଂଶାନାଂ ନିକଟେ ସୁସଂୱାଦଂ ପ୍ରେଷ୍ୟ ସମ୍ମେଲନସ୍ୟ ଯଂ ସଂୱାଦଂ ପ୍ରାଚାରଯତ୍ ତଂ ସଂୱାଦଂ ଯୂଯଂ ଶ୍ରୁତୱନ୍ତଃ|
2c0a2500d2	ଯତୋ ଯୋହନା ମଜ୍ଜନେ ପ୍ରଚାରିତେ ସତି ସ ଗାଲୀଲଦେଶମାରଭ୍ୟ ସମସ୍ତଯିହୂଦୀଯଦେଶଂ ୱ୍ୟାପ୍ନୋତ୍;
2c0a2601e3	ଫଲତ ଈଶ୍ୱରେଣ ପୱିତ୍ରେଣାତ୍ମନା ଶକ୍ତ୍ୟା ଚାଭିଷିକ୍ତୋ ନାସରତୀଯଯୀଶୁଃ ସ୍ଥାନେ ସ୍ଥାନେ ଭ୍ରମନ୍ ସୁକ୍ରିଯାଂ କୁର୍ୱ୍ୱନ୍ ଶୈତାନା କ୍ଲିଷ୍ଟାନ୍ ସର୍ୱ୍ୱଲୋକାନ୍ ସ୍ୱସ୍ଥାନ୍ ଅକରୋତ୍, ଯତ ଈଶ୍ୱରସ୍ତସ୍ୟ ସହାଯ ଆସୀତ୍;
2c0a27013e	ୱଯଞ୍ଚ ଯିହୂଦୀଯଦେଶେ ଯିରୂଶାଲମ୍ନଗରେ ଚ ତେନ କୃତାନାଂ ସର୍ୱ୍ୱେଷାଂ କର୍ମ୍ମଣାଂ ସାକ୍ଷିଣୋ ଭୱାମଃ| ଲୋକାସ୍ତଂ କ୍ରୁଶେ ୱିଦ୍ଧ୍ୱା ହତୱନ୍ତଃ,
2c0a28009b	କିନ୍ତୁ ତୃତୀଯଦିୱସେ ଈଶ୍ୱରସ୍ତମୁତ୍ଥାପ୍ୟ ସପ୍ରକାଶମ୍ ଅଦର୍ଶଯତ୍|
2c0a2901bf	ସର୍ୱ୍ୱଲୋକାନାଂ ନିକଟ ଇତି ନ ହି, କିନ୍ତୁ ତସ୍ମିନ୍ ଶ୍ମଶାନାଦୁତ୍ଥିତେ ସତି ତେନ ସାର୍ଦ୍ଧଂ ଭୋଜନଂ ପାନଞ୍ଚ କୃତୱନ୍ତ ଏତାଦୃଶା ଈଶ୍ୱରସ୍ୟ ମନୋନୀତାଃ ସାକ୍ଷିଣୋ ଯେ ୱଯମ୍ ଅସ୍ମାକଂ ନିକଟେ ତମଦର୍ଶଯତ୍|
2c0a2a0172	ଜୀୱିତମୃତୋଭଯଲୋକାନାଂ ୱିଚାରଂ କର୍ତ୍ତୁମ୍ ଈଶ୍ୱରୋ ଯଂ ନିଯୁକ୍ତୱାନ୍ ସ ଏୱ ସ ଜନଃ, ଇମାଂ କଥାଂ ପ୍ରଚାରଯିତୁଂ ତସ୍ମିନ୍ ପ୍ରମାଣଂ ଦାତୁଞ୍ଚ ସୋଽସ୍ମାନ୍ ଆଜ୍ଞାପଯତ୍|
2c0a2b0136	ଯସ୍ତସ୍ମିନ୍ ୱିଶ୍ୱସିତି ସ ତସ୍ୟ ନାମ୍ନା ପାପାନ୍ମୁକ୍ତୋ ଭୱିଷ୍ୟତି ତସ୍ମିନ୍ ସର୍ୱ୍ୱେ ଭୱିଷ୍ୟଦ୍ୱାଦିନୋପି ଏତାଦୃଶଂ ସାକ୍ଷ୍ୟଂ ଦଦତି|
2c0a2c00bf	ପିତରସ୍ୟୈତତ୍କଥାକଥନକାଲେ ସର୍ୱ୍ୱେଷାଂ ଶ୍ରୋତୃଣାମୁପରି ପୱିତ୍ର ଆତ୍ମାୱାରୋହତ୍|
2c0a2d0103	ତତଃ ପିତରେଣ ସାର୍ଦ୍ଧମ୍ ଆଗତାସ୍ତ୍ୱକ୍ଛେଦିନୋ ୱିଶ୍ୱାସିନୋ ଲୋକା ଅନ୍ୟଦେଶୀଯେଭ୍ୟଃ ପୱିତ୍ର ଆତ୍ମନି ଦତ୍ତେ ସତି
2c0a2e00fd	ତେ ନାନାଜାତୀଯଭାଷାଭିଃ କଥାଂ କଥଯନ୍ତ ଈଶ୍ୱରଂ ପ୍ରଶଂସନ୍ତି, ଇତି ଦୃଷ୍ଟ୍ୱା ଶ୍ରୁତ୍ୱା ଚ ୱିସ୍ମଯମ୍ ଆପଦ୍ୟନ୍ତ|
2c0a2f010a	ତଦା ପିତରଃ କଥିତୱାନ୍, ୱଯମିୱ ଯେ ପୱିତ୍ରମ୍ ଆତ୍ମାନଂ ପ୍ରାପ୍ତାସ୍ତେଷାଂ ଜଲମଜ୍ଜନଂ କିଂ କୋପି ନିଷେଦ୍ଧୁଂ ଶକ୍ନୋତି?
2c0a300122	ତତଃ ପ୍ରଭୋ ର୍ନାମ୍ନା ମଜ୍ଜିତା ଭୱତେତି ତାନାଜ୍ଞାପଯତ୍| ଅନନ୍ତରଂ ତେ ସ୍ୱୈଃ ସାର୍ଦ୍ଧଂ କତିପଯଦିନାନି ସ୍ଥାତୁଂ ପ୍ରାର୍ଥଯନ୍ତ|
2c0b010133	ଇତ୍ଥଂ ଭିନ୍ନଦେଶୀଯଲୋକା ଅପୀଶ୍ୱରସ୍ୟ ୱାକ୍ୟମ୍ ଅଗୃହ୍ଲନ୍ ଇମାଂ ୱାର୍ତ୍ତାଂ ଯିହୂଦୀଯଦେଶସ୍ଥପ୍ରେରିତା ଭ୍ରାତୃଗଣଶ୍ଚ ଶ୍ରୁତୱନ୍ତଃ|
2c0b0200c0	ତତଃ ପିତରେ ଯିରୂଶାଲମ୍ନଗରଂ ଗତୱତି ତ୍ୱକ୍ଛେଦିନୋ ଲୋକାସ୍ତେନ ସହ ୱିୱଦମାନା ଅୱଦନ୍,
2c0b0300a0	ତ୍ୱମ୍ ଅତ୍ୱକ୍ଛେଦିଲୋକାନାଂ ଗୃହଂ ଗତ୍ୱା ତୈଃ ସାର୍ଦ୍ଧଂ ଭୁକ୍ତୱାନ୍|
2c0b0400cc	ତତଃ ପିତର ଆଦିତଃ କ୍ରମଶସ୍ତତ୍କାର୍ୟ୍ୟସ୍ୟ ସର୍ୱ୍ୱୱୃତ୍ତାନ୍ତମାଖ୍ୟାତୁମ୍ ଆରବ୍ଧୱାନ୍|
2c0b050186	ଯାଫୋନଗର ଏକଦାହଂ ପ୍ରାର୍ଥଯମାନୋ ମୂର୍ଚ୍ଛିତଃ ସନ୍ ଦର୍ଶନେନ ଚତୁର୍ଷୁ କୋଣେଷୁ ଲମ୍ବନମାନଂ ୱୃହଦ୍ୱସ୍ତ୍ରମିୱ ପାତ୍ରମେକମ୍ ଆକାଶଦୱରୁହ୍ୟ ମନ୍ନିକଟମ୍ ଆଗଚ୍ଛଦ୍ ଅପଶ୍ୟମ୍|
2c0b06013a	ପଶ୍ଚାତ୍ ତଦ୍ ଅନନ୍ୟଦୃଷ୍ଟ୍ୟା ଦୃଷ୍ଟ୍ୱା ୱିୱିଚ୍ୟ ତସ୍ୟ ମଧ୍ୟେ ନାନାପ୍ରକାରାନ୍ ଗ୍ରାମ୍ୟୱନ୍ୟପଶୂନ୍ ଉରୋଗାମିଖେଚରାଂଶ୍ଚ ଦୃଷ୍ଟୱାନ୍;
2c0b0700d0	ହେ ପିତର ତ୍ୱମୁତ୍ଥାଯ ଗତ୍ୱା ଭୁଂକ୍ଷ୍ୱ ମାଂ ସମ୍ବୋଧ୍ୟ କଥଯନ୍ତଂ ଶବ୍ଦମେକଂ ଶ୍ରୁତୱାଂଶ୍ଚ|
2c0b08011b	ତତୋହଂ ପ୍ରତ୍ୟୱଦଂ, ହେ ପ୍ରଭୋ ନେତ୍ଥଂ ଭୱତୁ, ଯତଃ କିଞ୍ଚନ ନିଷିଦ୍ଧମ୍ ଅଶୁଚି ଦ୍ରୱ୍ୟଂ ୱା ମମ ମୁଖମଧ୍ୟଂ କଦାପି ନ ପ୍ରାୱିଶତ୍|
2c0b0900fa	ଅପରମ୍ ଈଶ୍ୱରୋ ଯତ୍ ଶୁଚି କୃତୱାନ୍ ତନ୍ନିଷିଦ୍ଧଂ ନ ଜାନୀହି ଦ୍ୱି ର୍ମାମ୍ପ୍ରତୀଦୃଶୀ ୱିହାଯସୀଯା ୱାଣୀ ଜାତା|
2c0b0a007e	ତ୍ରିରିତ୍ଥଂ ସତି ତତ୍ ସର୍ୱ୍ୱଂ ପୁନରାକାଶମ୍ ଆକୃଷ୍ଟଂ|
2c0b0b0114	ପଶ୍ଚାତ୍ କୈସରିଯାନଗରାତ୍ ତ୍ରଯୋ ଜନା ମନ୍ନିକଟଂ ପ୍ରେଷିତା ଯତ୍ର ନିୱେଶନେ ସ୍ଥିତୋହଂ ତସ୍ମିନ୍ ସମଯେ ତତ୍ରୋପାତିଷ୍ଠନ୍|
2c0b0c0154	ତଦା ନିଃସନ୍ଦେହଂ ତୈଃ ସାର୍ଦ୍ଧଂ ଯାତୁମ୍ ଆତ୍ମା ମାମାଦିଷ୍ଟୱାନ୍; ତତଃ ପରଂ ମଯା ସହୈତେଷୁ ଷଡ୍ଭ୍ରାତୃଷୁ ଗତେଷୁ ୱଯଂ ତସ୍ୟ ମନୁଜସ୍ୟ ଗୃହଂ ପ୍ରାୱିଶାମ|
2c0b0d01c5	ସୋସ୍ମାକଂ ନିକଟେ କଥାମେତାମ୍ ଅକଥଯତ୍ ଏକଦା ଦୂତ ଏକଃ ପ୍ରତ୍ୟକ୍ଷୀଭୂଯ ମମ ଗୃହମଧ୍ୟେ ତିଷ୍ଟନ୍ ମାମିତ୍ୟାଜ୍ଞାପିତୱାନ୍, ଯାଫୋନଗରଂ ପ୍ରତି ଲୋକାନ୍ ପ୍ରହିତ୍ୟ ପିତରନାମ୍ନା ୱିଖ୍ୟାତଂ ଶିମୋନମ୍ ଆହୂଯଯ;
2c0b0e00b9	ତତସ୍ତୱ ତ୍ୱଦୀଯପରିୱାରାଣାଞ୍ଚ ଯେନ ପରିତ୍ରାଣଂ ଭୱିଷ୍ୟତି ତତ୍ ସ ଉପଦେକ୍ଷ୍ୟତି|
2c0b0f012b	ଅହଂ ତାଂ କଥାମୁତ୍ଥାପ୍ୟ କଥିତୱାନ୍ ତେନ ପ୍ରଥମମ୍ ଅସ୍ମାକମ୍ ଉପରି ଯଥା ପୱିତ୍ର ଆତ୍ମାୱରୂଢୱାନ୍ ତଥା ତେଷାମପ୍ୟୁପରି ସମୱରୂଢୱାନ୍|
2c0b100155	ତେନ ଯୋହନ୍ ଜଲେ ମଜ୍ଜିତୱାନ୍ ଇତି ସତ୍ୟଂ କିନ୍ତୁ ଯୂଯଂ ପୱିତ୍ର ଆତ୍ମନି ମଜ୍ଜିତା ଭୱିଷ୍ୟଥ, ଇତି ଯଦ୍ୱାକ୍ୟଂ ପ୍ରଭୁରୁଦିତୱାନ୍ ତତ୍ ତଦା ମଯା ସ୍ମୃତମ୍|
2c0b11018f	ଅତଃ ପ୍ରଭା ଯୀଶୁଖ୍ରୀଷ୍ଟେ ପ୍ରତ୍ୟଯକାରିଣୋ ଯେ ୱଯମ୍ ଅସ୍ମଭ୍ୟମ୍ ଈଶ୍ୱରୋ ଯଦ୍ ଦତ୍ତୱାନ୍ ତତ୍ ତେଭ୍ୟୋ ଲୋକେଭ୍ୟୋପି ଦତ୍ତୱାନ୍ ତତଃ କୋହଂ? କିମହମ୍ ଈଶ୍ୱରଂ ୱାରଯିତୁଂ ଶକ୍ନୋମି?
2c0b1201b0	କଥାମେତାଂ ଶ୍ରୁୱା ତେ କ୍ଷାନ୍ତା ଈଶ୍ୱରସ୍ୟ ଗୁଣାନ୍ ଅନୁକୀର୍ତ୍ତ୍ୟ କଥିତୱନ୍ତଃ, ତର୍ହି ପରମାଯୁଃପ୍ରାପ୍ତିନିମିତ୍ତମ୍ ଈଶ୍ୱରୋନ୍ୟଦେଶୀଯଲୋକେଭ୍ୟୋପି ମନଃପରିୱର୍ତ୍ତନରୂପଂ ଦାନମ୍ ଅଦାତ୍|
2c0b1301aa	ସ୍ତିଫାନଂ ପ୍ରତି ଉପଦ୍ରୱେ ଘଟିତେ ଯେ ୱିକୀର୍ଣା ଅଭୱନ୍ ତୈ ଫୈନୀକୀକୁପ୍ରାନ୍ତିଯଖିଯାସୁ ଭ୍ରମିତ୍ୱା କେୱଲଯିହୂଦୀଯଲୋକାନ୍ ୱିନା କସ୍ୟାପ୍ୟନ୍ୟସ୍ୟ ସମୀପ ଈଶ୍ୱରସ୍ୟ କଥାଂ ନ ପ୍ରାଚାରଯନ୍|
2c0b140148	ଅପରଂ ତେଷାଂ କୁପ୍ରୀଯାଃ କୁରୀନୀଯାଶ୍ଚ କିଯନ୍ତୋ ଜନା ଆନ୍ତିଯଖିଯାନଗରଂ ଗତ୍ୱା ଯୂନାନୀଯଲୋକାନାଂ ସମୀପେପି ପ୍ରଭୋର୍ୟୀଶୋଃ କଥାଂ ପ୍ରାଚାରଯନ୍|
2c0b1500e0	ପ୍ରଭୋଃ କରସ୍ତେଷାଂ ସହାଯ ଆସୀତ୍ ତସ୍ମାଦ୍ ଅନେକେ ଲୋକା ୱିଶ୍ୱସ୍ୟ ପ୍ରଭୁଂ ପ୍ରତି ପରାୱର୍ତ୍ତନ୍ତ|
2c0b160123	ଇତି ୱାର୍ତ୍ତାଯାଂ ଯିରୂଶାଲମସ୍ଥମଣ୍ଡଲୀଯଲୋକାନାଂ କର୍ଣଗୋଚରୀଭୂତାଯାମ୍ ଆନ୍ତିଯଖିଯାନଗରଂ ଗନ୍ତୁ ତେ ବର୍ଣବ୍ବାଂ ପ୍ରୈରଯନ୍|
2c0b1700d5	ତତୋ ବର୍ଣବ୍ବାସ୍ତତ୍ର ଉପସ୍ଥିତଃ ସନ୍ ଈଶ୍ୱରସ୍ୟାନୁଗ୍ରହସ୍ୟ ଫଲଂ ଦୃଷ୍ଟ୍ୱା ସାନନ୍ଦୋ ଜାତଃ,
2c0b180186	ସ ସ୍ୱଯଂ ସାଧୁ ର୍ୱିଶ୍ୱାସେନ ପୱିତ୍ରେଣାତ୍ମନା ଚ ପରିପୂର୍ଣଃ ସନ୍ ଗନୋନିଷ୍ଟଯା ପ୍ରଭାୱାସ୍ଥାଂ କର୍ତ୍ତୁଂ ସର୍ୱ୍ୱାନ୍ ଉପଦିଷ୍ଟୱାନ୍ ତେନ ପ୍ରଭୋଃ ଶିଷ୍ୟା ଅନେକେ ବଭୂୱୁଃ|
2c0b190120	ଶେଷେ ଶୌଲଂ ମୃଗଯିତୁଂ ବର୍ଣବ୍ବାସ୍ତାର୍ଷନଗରଂ ପ୍ରସ୍ଥିତୱାନ୍| ତତ୍ର ତସ୍ୟୋଦ୍ଦେଶଂ ପ୍ରାପ୍ୟ ତମ୍ ଆନ୍ତିଯଖିଯାନଗରମ୍ ଆନଯତ୍;
2c0b1a018a	ତତସ୍ତୌ ମଣ୍ଡଲୀସ୍ଥଲୋକୈଃ ସଭାଂ କୃତ୍ୱା ସଂୱତ୍ସରମେକଂ ଯାୱଦ୍ ବହୁଲୋକାନ୍ ଉପାଦିଶତାଂ; ତସ୍ମିନ୍ ଆନ୍ତିଯଖିଯାନଗରେ ଶିଷ୍ୟାଃ ପ୍ରଥମଂ ଖ୍ରୀଷ୍ଟୀଯନାମ୍ନା ୱିଖ୍ୟାତା ଅଭୱନ୍|
2c0b1b009f	ତତଃ ପରଂ ଭୱିଷ୍ୟଦ୍ୱାଦିଗଣେ ଯିରୂଶାଲମ ଆନ୍ତିଯଖିଯାନଗରମ୍ ଆଗତେ ସତି
2c0b1c017b	ଆଗାବନାମା ତେଷାମେକ ଉତ୍ଥାଯ ଆତ୍ମନଃ ଶିକ୍ଷଯା ସର୍ୱ୍ୱଦେଶେ ଦୁର୍ଭିକ୍ଷଂ ଭୱିଷ୍ୟତୀତି ଜ୍ଞାପିତୱାନ୍; ତତଃ କ୍ଲୌଦିଯକୈସରସ୍ୟାଧିକାରେ ସତି ତତ୍ ପ୍ରତ୍ୟକ୍ଷମ୍ ଅଭୱତ୍|
2c0b1d0132	ତସ୍ମାତ୍ ଶିଷ୍ୟା ଏକୈକଶଃ ସ୍ୱସ୍ୱଶକ୍ତ୍ୟନୁସାରତୋ ଯିହୂଦୀଯଦେଶନିୱାସିନାଂ ଭ୍ରତୃଣାଂ ଦିନଯାପନାର୍ଥଂ ଧନଂ ପ୍ରେଷଯିତୁଂ ନିଶ୍ଚିତ୍ୟ
2c0b1e00ab	ବର୍ଣବ୍ବାଶୌଲଯୋ ର୍ଦ୍ୱାରା ପ୍ରାଚୀନଲୋକାନାଂ ସମୀପଂ ତତ୍ ପ୍ରେଷିତୱନ୍ତଃ|
2c0c0100bf	ତସ୍ମିନ୍ ସମଯେ ହେରୋଦ୍‌ରାଜୋ ମଣ୍ଡଲ୍ୟାଃ କିଯଜ୍ଜନେଭ୍ୟୋ ଦୁଃଖଂ ଦାତୁଂ ପ୍ରାରଭତ୍|
2c0c020081	ୱିଶେଷତୋ ଯୋହନଃ ସୋଦରଂ ଯାକୂବଂ କରୱାଲାଘାତେନ୍ ହତୱାନ୍|
2c0c0300c4	ତସ୍ମାଦ୍ ଯିହୂଦୀଯାଃ ସନ୍ତୁଷ୍ଟା ଅଭୱନ୍ ଇତି ୱିଜ୍ଞାଯ ସ ପିତରମପି ଧର୍ତ୍ତୁଂ ଗତୱାନ୍|
2c0c040283	ତଦା କିଣ୍ୱଶୂନ୍ୟପୂପୋତ୍ସୱସମଯ ଉପାତିଷ୍ଟତ୍; ଅତ ଉତ୍ସୱେ ଗତେ ସତି ଲୋକାନାଂ ସମକ୍ଷଂ ତଂ ବହିରାନେଯ୍ୟାମୀତି ମନସି ସ୍ଥିରୀକୃତ୍ୟ ସ ତଂ ଧାରଯିତ୍ୱା ରକ୍ଷ୍ଣାର୍ଥମ୍ ଯେଷାମ୍ ଏକୈକସଂଘେ ଚତ୍ୱାରୋ ଜନାଃ ସନ୍ତି ତେଷାଂ ଚତୁର୍ଣାଂ ରକ୍ଷକସଂଘାନାଂ ସମୀପେ ତଂ ସମର୍ପ୍ୟ କାରାଯାଂ ସ୍ଥାପିତୱାନ୍|
2c0c0500f0	କିନ୍ତୁଂ ପିତରସ୍ୟ କାରାସ୍ଥିତିକାରଣାତ୍ ମଣ୍ଡଲ୍ୟା ଲୋକା ଅୱିଶ୍ରାମମ୍ ଈଶ୍ୱରସ୍ୟ ସମୀପେ ପ୍ରାର୍ଥଯନ୍ତ|
2c0c0601e7	ଅନନ୍ତରଂ ହେରୋଦି ତଂ ବହିରାନାଯିତୁଂ ଉଦ୍ୟତେ ସତି ତସ୍ୟାଂ ରାତ୍ରୌ ପିତରୋ ରକ୍ଷକଦ୍ୱଯମଧ୍ୟସ୍ଥାନେ ଶୃଙ୍ଖଲଦ୍ୱଯେନ ବଦ୍ଧ୍ୱଃ ସନ୍ ନିଦ୍ରିତ ଆସୀତ୍, ଦୌୱାରିକାଶ୍ଚ କାରାଯାଃ ସମ୍ମୁଖେ ତିଷ୍ଠନତୋ ଦ୍ୱାରମ୍ ଅରକ୍ଷିଷୁଃ|
2c0c0701ef	ଏତସ୍ମିନ୍ ସମଯେ ପରମେଶ୍ୱରସ୍ୟ ଦୂତେ ସମୁପସ୍ଥିତେ କାରା ଦୀପ୍ତିମତୀ ଜାତା; ତତଃ ସ ଦୂତଃ ପିତରସ୍ୟ କୁକ୍ଷାୱାୱାତଂ କୃତ୍ୱା ତଂ ଜାଗରଯିତ୍ୱା ଭାଷିତୱାନ୍ ତୂର୍ଣମୁତ୍ତିଷ୍ଠ; ତତସ୍ତସ୍ୟ ହସ୍ତସ୍ଥଶୃଙ୍ଖଲଦ୍ୱଯଂ ଗଲତ୍ ପତିତଂ|
2c0c080153	ସ ଦୂତସ୍ତମୱଦତ୍, ବଦ୍ଧକଟିଃ ସନ୍ ପାଦଯୋଃ ପାଦୁକେ ଅର୍ପଯ; ତେନ ତଥା କୃତେ ସତି ଦୂତସ୍ତମ୍ ଉକ୍ତୱାନ୍ ଗାତ୍ରୀଯୱସ୍ତ୍ରଂ ଗାତ୍ରେ ନିଧାଯ ମମ ପଶ୍ଚାଦ୍ ଏହି|
2c0c090130	ତତଃ ପିତରସ୍ତସ୍ୟ ପଶ୍ଚାଦ୍ ୱ୍ରଜନ ବହିରଗଚ୍ଛତ୍, କିନ୍ତୁ ଦୂତେନ କର୍ମ୍ମୈତତ୍ କୃତମିତି ସତ୍ୟମଜ୍ଞାତ୍ୱା ସ୍ୱପ୍ନଦର୍ଶନଂ ଜ୍ଞାତୱାନ୍|
2c0c0a0277	ଇତ୍ଥଂ ତୌ ପ୍ରଥମାଂ ଦ୍ୱିତୀଯାଞ୍ଚ କାରାଂ ଲଙ୍ଘିତ୍ୱା ଯେନ ଲୌହନିର୍ମ୍ମିତଦ୍ୱାରେଣ ନଗରଂ ଗମ୍ୟତେ ତତ୍ସମୀପଂ ପ୍ରାପ୍ନୁତାଂ; ତତସ୍ତସ୍ୟ କୱାଟଂ ସ୍ୱଯଂ ମୁକ୍ତମଭୱତ୍ ତତସ୍ତୌ ତତ୍ସ୍ଥାନାଦ୍ ବହି ର୍ଭୂତ୍ୱା ମାର୍ଗୈକସ୍ୟ ସୀମାଂ ଯାୱଦ୍ ଗତୌ; ତତୋଽକସ୍ମାତ୍ ସ ଦୂତଃ ପିତରଂ ତ୍ୟକ୍ତୱାନ୍|
2c0c0b018e	ତଦା ସ ଚେତନାଂ ପ୍ରାପ୍ୟ କଥିତୱାନ୍ ନିଜଦୂତଂ ପ୍ରହିତ୍ୟ ପରମେଶ୍ୱରୋ ହେରୋଦୋ ହସ୍ତାଦ୍ ଯିହୂଦୀଯଲୋକାନାଂ ସର୍ୱ୍ୱାଶାଯାଶ୍ଚ ମାଂ ସମୁଦ୍ଧୃତୱାନ୍ ଇତ୍ୟହଂ ନିଶ୍ଚଯଂ ଜ୍ଞାତୱାନ୍|
2c0c0c011f	ସ ୱିୱିଚ୍ୟ ମାର୍କନାମ୍ରା ୱିଖ୍ୟାତସ୍ୟ ଯୋହନୋ ମାତୁ ର୍ମରିଯମୋ ଯସ୍ମିନ୍ ଗୃହେ ବହୱଃ ସମ୍ଭୂଯ ପ୍ରାର୍ଥଯନ୍ତ ତନ୍ନିୱେଶନଂ ଗତଃ|
2c0c0d0098	ପିତରେଣ ବହିର୍ଦ୍ୱାର ଆହତେ ସତି ରୋଦାନାମା ବାଲିକା ଦ୍ରଷ୍ଟୁଂ ଗତା|
2c0c0e015c	ତତଃ ପିତରସ୍ୟ ସ୍ୱରଂ ଶ୍ରୁୱା ସା ହର୍ଷଯୁକ୍ତା ସତୀ ଦ୍ୱାରଂ ନ ମୋଚଯିତ୍ୱା ପିତରୋ ଦ୍ୱାରେ ତିଷ୍ଠତୀତି ୱାର୍ତ୍ତାଂ ୱକ୍ତୁମ୍ ଅଭ୍ୟନ୍ତରଂ ଧାୱିତ୍ୱା ଗତୱତୀ|
2c0c0f00ce	ତେ ପ୍ରାୱୋଚନ୍ ତ୍ୱମୁନ୍ମତ୍ତା ଜାତାସି କିନ୍ତୁ ସା ମୁହୁର୍ମୁହୁରୁକ୍ତୱତୀ ସତ୍ୟମେୱୈତତ୍|
2c0c100069	ତଦା ତେ କଥିତୱନ୍ତସ୍ତର୍ହି ତସ୍ୟ ଦୂତୋ ଭୱେତ୍|
2c0c1100ed	ପିତରୋ ଦ୍ୱାରମାହତୱାନ୍ ଏତସ୍ମିନ୍ନନ୍ତରେ ଦ୍ୱାରଂ ମୋଚଯିତ୍ୱା ପିତରଂ ଦୃଷ୍ଟ୍ୱା ୱିସ୍ମଯଂ ପ୍ରାପ୍ତାଃ|
2c0c120261	ତତଃ ପିତରୋ ନିଃଶବ୍ଦଂ ସ୍ଥାତୁଂ ତାନ୍ ପ୍ରତି ହସ୍ତେନ ସଙ୍କେତଂ କୃତ୍ୱା ପରମେଶ୍ୱରୋ ଯେନ ପ୍ରକାରେଣ ତଂ କାରାଯା ଉଦ୍ଧୃତ୍ୟାନୀତୱାନ୍ ତସ୍ୟ ୱୃତ୍ତାନ୍ତଂ ତାନଜ୍ଞାପଯତ୍, ଯୂଯଂ ଗତ୍ୱା ଯାକୁବଂ ଭ୍ରାତୃଗଣଞ୍ଚ ୱାର୍ତ୍ତାମେତାଂ ୱଦତେତ୍ୟୁକ୍ତା ସ୍ଥାନାନ୍ତରଂ ପ୍ରସ୍ଥିତୱାନ୍|
2c0c1300ad	ପ୍ରଭାତେ ସତି ପିତରଃ କ୍ୱ ଗତ ଇତ୍ୟତ୍ର ରକ୍ଷକାଣାଂ ମଧ୍ୟେ ମହାନ୍ କଲହୋ ଜାତଃ|
2c0c140115	ହେରୋଦ୍ ବହୁ ମୃଗଯିତ୍ୱା ତସ୍ୟୋଦ୍ଦେଶେ ନ ପ୍ରାପ୍ତେ ସତି ରକ୍ଷକାନ୍ ସଂପୃଚ୍ଛ୍ୟ ତେଷାଂ ପ୍ରାଣାନ୍ ହନ୍ତୁମ୍ ଆଦିଷ୍ଟୱାନ୍|
2c0c1500a8	ପଶ୍ଚାତ୍ ସ ଯିହୂଦୀଯପ୍ରଦେଶାତ୍ କୈସରିଯାନଗରଂ ଗତ୍ୱା ତତ୍ରାୱାତିଷ୍ଠତ୍|
2c0c160269	ସୋରସୀଦୋନଦେଶଯୋ ର୍ଲୋକେଭ୍ୟୋ ହେରୋଦି ଯୁଯୁତ୍ସୌ ସତି ତେ ସର୍ୱ୍ୱ ଏକମନ୍ତ୍ରଣାଃ ସନ୍ତସ୍ତସ୍ୟ ସମୀପ ଉପସ୍ଥାଯ ଲ୍ୱାସ୍ତନାମାନଂ ତସ୍ୟ ୱସ୍ତ୍ରଗୃହାଧୀଶଂ ସହାଯଂ କୃତ୍ୱା ହେରୋଦା ସାର୍ଦ୍ଧଂ ସନ୍ଧିଂ ପ୍ରାର୍ଥଯନ୍ତ ଯତସ୍ତସ୍ୟ ରାଜ୍ଞୋ ଦେଶେନ ତେଷାଂ ଦେଶୀଯାନାଂ ଭରଣମ୍ ଅଭୱତ୍ଂ
2c0c170118	ଅତଃ କୁତ୍ରଚିନ୍ ନିରୁପିତଦିନେ ହେରୋଦ୍ ରାଜକୀଯଂ ପରିଚ୍ଛଦଂ ପରିଧାଯ ସିଂହାସନେ ସମୁପୱିଶ୍ୟ ତାନ୍ ପ୍ରତି କଥାମ୍ ଉକ୍ତୱାନ୍|
2c0c18009e	ତତୋ ଲୋକା ଉଚ୍ଚୈଃକାରଂ ପ୍ରତ୍ୟୱଦନ୍, ଏଷ ମନୁଜରୱୋ ନ ହି, ଈଶ୍ୱରୀଯରୱଃ|
2c0c19037f	ତଦା ହେରୋଦ୍ ଈଶ୍ୱରସ୍ୟ ସମ୍ମାନଂ ନାକରୋତ୍; ତସ୍ମାଦ୍ଧେତୋଃ ପରମେଶ୍ୱରସ୍ୟ ଦୂତୋ ହଠାତ୍ ତଂ ପ୍ରାହରତ୍ ତେନୈୱ ସ କୀଟୈଃ କ୍ଷୀଣଃ ସନ୍ ପ୍ରାଣାନ୍ ଅଜହାତ୍| କିନ୍ତ୍ୱୀଶ୍ୱରସ୍ୟ କଥା ଦେଶଂ ୱ୍ୟାପ୍ୟ ପ୍ରବଲାଭୱତ୍| ତତଃ ପରଂ ବର୍ଣବ୍ବାଶୌଲୌ ଯସ୍ୟ କର୍ମ୍ମଣୋ ଭାରଂ ପ୍ରାପ୍ନୁତାଂ ତାଭ୍ୟାଂ ତସ୍ମିନ୍ ସମ୍ପାଦିତେ ସତି ମାର୍କନାମ୍ନା ୱିଖ୍ୟାତୋ ଯୋ ଯୋହନ୍ ତଂ ସଙ୍ଗିନଂ କୃତ୍ୱା ଯିରୂଶାଲମ୍ନଗରାତ୍ ପ୍ରତ୍ୟାଗତୌ|
2c0d0101f6	ଅପରଞ୍ଚ ବର୍ଣବ୍ବାଃ, ଶିମୋନ୍ ଯଂ ନିଗ୍ରଂ ୱଦନ୍ତି, କୁରୀନୀଯଲୂକିଯୋ ହେରୋଦା ରାଜ୍ଞା ସହ କୃତୱିଦ୍ୟାଭ୍ୟାସୋ ମିନହେମ୍, ଶୌଲଶ୍ଚୈତେ ଯେ କିଯନ୍ତୋ ଜନା ଭୱିଷ୍ୟଦ୍ୱାଦିନ ଉପଦେଷ୍ଟାରଶ୍ଚାନ୍ତିଯଖିଯାନଗରସ୍ଥମଣ୍ଡଲ୍ୟାମ୍ ଆସନ୍,
2c0d020196	ତେ ଯଦୋପୱାସଂ କୃତ୍ୱେଶ୍ୱରମ୍ ଅସେୱନ୍ତ ତସ୍ମିନ୍ ସମଯେ ପୱିତ୍ର ଆତ୍ମା କଥିତୱାନ୍ ଅହଂ ଯସ୍ମିନ୍ କର୍ମ୍ମଣି ବର୍ଣବ୍ବାଶୈଲୌ ନିଯୁକ୍ତୱାନ୍ ତତ୍କର୍ମ୍ମ କର୍ତ୍ତୁଂ ତୌ ପୃଥକ୍ କୁରୁତ|
2c0d0300ed	ତତସ୍ତୈରୁପୱାସପ୍ରାର୍ଥନଯୋଃ କୃତଯୋଃ ସତୋସ୍ତେ ତଯୋ ର୍ଗାତ୍ରଯୋ ର୍ହସ୍ତାର୍ପଣଂ କୃତ୍ୱା ତୌ ୱ୍ୟସୃଜନ୍|
2c0d040110	ତତଃ ପରଂ ତୌ ପୱିତ୍ରେଣାତ୍ମନା ପ୍ରେରିତୌ ସନ୍ତୌ ସିଲୂକିଯାନଗରମ୍ ଉପସ୍ଥାଯ ସମୁଦ୍ରପଥେନ କୁପ୍ରୋପଦ୍ୱୀପମ୍ ଅଗଚ୍ଛତାଂ|
2c0d05011d	ତତଃ ସାଲାମୀନଗରମ୍ ଉପସ୍ଥାଯ ତତ୍ର ଯିହୂଦୀଯାନାଂ ଭଜନଭୱନାନି ଗତ୍ୱେଶ୍ୱରସ୍ୟ କଥାଂ ପ୍ରାଚାରଯତାଂ; ଯୋହନପି ତତ୍ସହଚରୋଽଭୱତ୍|
2c0d060218	ଇତ୍ଥଂ ତେ ତସ୍ୟୋପଦ୍ୱୀପସ୍ୟ ସର୍ୱ୍ୱତ୍ର ଭ୍ରମନ୍ତଃ ପାଫନଗରମ୍ ଉପସ୍ଥିତାଃ; ତତ୍ର ସୁୱିୱେଚକେନ ସର୍ଜିଯପୌଲନାମ୍ନା ତଦ୍ଦେଶାଧିପତିନା ସହ ଭୱିଷ୍ୟଦ୍ୱାଦିନୋ ୱେଶଧାରୀ ବର୍ୟୀଶୁନାମା ଯୋ ମାଯାୱୀ ଯିହୂଦୀ ଆସୀତ୍ ତଂ ସାକ୍ଷାତ୍ ପ୍ରାପ୍ତୱତଃ|
2c0d0700b8	ତଦ୍ଦେଶାଧିପ ଈଶ୍ୱରସ୍ୟ କଥାଂ ଶ୍ରୋତୁଂ ୱାଞ୍ଛନ୍ ପୌଲବର୍ଣବ୍ବୌ ନ୍ୟମନ୍ତ୍ରଯତ୍|
2c0d0800eb	କିନ୍ତ୍ୱିଲୁମା ଯଂ ମାଯାୱିନଂ ୱଦନ୍ତି ସ ଦେଶାଧିପତିଂ ଧର୍ମ୍ମମାର୍ଗାଦ୍ ବହିର୍ଭୂତଂ କର୍ତ୍ତୁମ୍ ଅଯତତ|
2c0d09010c	ତସ୍ମାତ୍ ଶୋଲୋଽର୍ଥାତ୍ ପୌଲଃ ପୱିତ୍ରେଣାତ୍ମନା ପରିପୂର୍ଣଃ ସନ୍ ତଂ ମାଯାୱିନଂ ପ୍ରତ୍ୟନନ୍ୟଦୃଷ୍ଟିଂ କୃତ୍ୱାକଥଯତ୍,
2c0d0a0145	ହେ ନରକିନ୍ ଧର୍ମ୍ମଦ୍ୱେଷିନ୍ କୌଟିଲ୍ୟଦୁଷ୍କର୍ମ୍ମପରିପୂର୍ଣ, ତ୍ୱଂ କିଂ ପ୍ରଭୋଃ ସତ୍ୟପଥସ୍ୟ ୱିପର୍ୟ୍ୟଯକରଣାତ୍ କଦାପି ନ ନିୱର୍ତ୍ତିଷ୍ୟସେ?
2c0d0b0256	ଅଧୁନା ପରମେଶ୍ୱରସ୍ତୱ ସମୁଚିତଂ କରିଷ୍ୟତି ତେନ କତିପଯଦିନାନି ତ୍ୱମ୍ ଅନ୍ଧଃ ସନ୍ ସୂର୍ୟ୍ୟମପି ନ ଦ୍ରକ୍ଷ୍ୟସି| ତତ୍କ୍ଷଣାଦ୍ ରାତ୍ରିୱଦ୍ ଅନ୍ଧକାରସ୍ତସ୍ୟ ଦୃଷ୍ଟିମ୍ ଆଚ୍ଛାଦିତୱାନ୍; ତସ୍ମାତ୍ ତସ୍ୟ ହସ୍ତଂ ଧର୍ତ୍ତୁଂ ସ ଲୋକମନ୍ୱିଚ୍ଛନ୍ ଇତସ୍ତତୋ ଭ୍ରମଣଂ କୃତୱାନ୍|
2c0d0c00c9	ଏନାଂ ଘଟନାଂ ଦୃଷ୍ଟ୍ୱା ସ ଦେଶାଧିପତିଃ ପ୍ରଭୂପଦେଶାଦ୍ ୱିସ୍ମିତ୍ୟ ୱିଶ୍ୱାସଂ କୃତୱାନ୍|
2c0d0d0190	ତଦନନ୍ତରଂ ପୌଲସ୍ତତ୍ସଙ୍ଗିନୌ ଚ ପାଫନଗରାତ୍ ପ୍ରୋତଂ ଚାଲଯିତ୍ୱା ପମ୍ଫୁଲିଯାଦେଶସ୍ୟ ପର୍ଗୀନଗରମ୍ ଅଗଚ୍ଛନ୍ କିନ୍ତୁ ଯୋହନ୍ ତଯୋଃ ସମୀପାଦ୍ ଏତ୍ୟ ଯିରୂଶାଲମଂ ପ୍ରତ୍ୟାଗଚ୍ଛତ୍|
2c0d0e013e	ପଶ୍ଚାତ୍ ତୌ ପର୍ଗୀତୋ ଯାତ୍ରାଂ କୃତ୍ୱା ପିସିଦିଯାଦେଶସ୍ୟ ଆନ୍ତିଯଖିଯାନଗରମ୍ ଉପସ୍ଥାଯ ୱିଶ୍ରାମୱାରେ ଭଜନଭୱନଂ ପ୍ରୱିଶ୍ୟ ସମୁପାୱିଶତାଂ|
2c0d0f01d2	ୱ୍ୟୱସ୍ଥାଭୱିଷ୍ୟଦ୍ୱାକ୍ୟଯୋଃ ପଠିତଯୋଃ ସତୋ ର୍ହେ ଭ୍ରାତରୌ ଲୋକାନ୍ ପ୍ରତି ଯୁୱଯୋଃ କାଚିଦ୍ ଉପଦେଶକଥା ଯଦ୍ୟସ୍ତି ତର୍ହି ତାଂ ୱଦତଂ ତୌ ପ୍ରତି ତସ୍ୟ ଭଜନଭୱନସ୍ୟାଧିପତଯଃ କଥାମ୍ ଏତାଂ କଥଯିତ୍ୱା ପ୍ରୈଷଯନ୍|
2c0d10013a	ଅତଃ ପୌଲ ଉତ୍ତିଷ୍ଠନ୍ ହସ୍ତେନ ସଙ୍କେତଂ କୁର୍ୱ୍ୱନ୍ କଥିତୱାନ୍ ହେ ଇସ୍ରାଯେଲୀଯମନୁଷ୍ୟା ଈଶ୍ୱରପରାଯଣାଃ ସର୍ୱ୍ୱେ ଲୋକା ଯୂଯମ୍ ଅୱଧଦ୍ଧଂ|
2c0d1101e0	ଏତେଷାମିସ୍ରାଯେଲ୍ଲୋକାନାମ୍ ଈଶ୍ୱରୋଽସ୍ମାକଂ ପୂର୍ୱ୍ୱପରୁଷାନ୍ ମନୋନୀତାନ୍ କତ୍ୱା ଗୃହୀତୱାନ୍ ତତୋ ମିସରି ଦେଶେ ପ୍ରୱସନକାଲେ ତେଷାମୁନ୍ନତିଂ କୃତ୍ୱା ତସ୍ମାତ୍ ସ୍ୱୀଯବାହୁବଲେନ ତାନ୍ ବହିଃ କୃତ୍ୱା ସମାନଯତ୍|
2c0d1200a1	ଚତ୍ୱାରିଂଶଦ୍ୱତ୍ସରାନ୍ ଯାୱଚ୍ଚ ମହାପ୍ରାନ୍ତରେ ତେଷାଂ ଭରଣଂ କୃତ୍ୱା
2c0d130125	କିନାନ୍ଦେଶାନ୍ତର୍ୱ୍ୱର୍ତ୍ତୀଣି ସପ୍ତରାଜ୍ୟାନି ନାଶଯିତ୍ୱା ଗୁଟିକାପାତେନ ତେଷୁ ସର୍ୱ୍ୱଦେଶେଷୁ ତେଭ୍ୟୋଽଧିକାରଂ ଦତ୍ତୱାନ୍|
2c0d140122	ପଞ୍ଚାଶଦଧିକଚତୁଃଶତେଷୁ ୱତ୍ସରେଷୁ ଗତେଷୁ ଚ ଶିମୂଯେଲ୍ଭୱିଷ୍ୟଦ୍ୱାଦିପର୍ୟ୍ୟନ୍ତଂ ତେଷାମୁପରି ୱିଚାରଯିତୃନ୍ ନିଯୁକ୍ତୱାନ୍|
2c0d15014f	ତୈଶ୍ଚ ରାଜ୍ଞି ପ୍ରାର୍ଥିତେ, ଈଶ୍ୱରୋ ବିନ୍ୟାମୀନୋ ୱଂଶଜାତସ୍ୟ କୀଶଃ ପୁତ୍ରଂ ଶୌଲଂ ଚତ୍ୱାରିଂଶଦ୍ୱର୍ଷପର୍ୟ୍ୟନ୍ତଂ ତେଷାମୁପରି ରାଜାନଂ କୃତୱାନ୍|
2c0d16023c	ପଶ୍ଚାତ୍ ତଂ ପଦଚ୍ୟୁତଂ କୃତ୍ୱା ଯୋ ମଦିଷ୍ଟକ୍ରିଯାଃ ସର୍ୱ୍ୱାଃ କରିଷ୍ୟତି ତାଦୃଶଂ ମମ ମନୋଭିମତମ୍ ଏକଂ ଜନଂ ଯିଶଯଃ ପୁତ୍ରଂ ଦାଯୂଦଂ ପ୍ରାପ୍ତୱାନ୍ ଇଦଂ ପ୍ରମାଣଂ ଯସ୍ମିନ୍ ଦାଯୂଦି ସ ଦତ୍ତୱାନ୍ ତଂ ଦାଯୂଦଂ ତେଷାମୁପରି ରାଜତ୍ୱଂ କର୍ତ୍ତୁମ୍ ଉତ୍ପାଦିତୱାନ|
2c0d17015c	ତସ୍ୟ ସ୍ୱପ୍ରତିଶ୍ରୁତସ୍ୟ ୱାକ୍ୟସ୍ୟାନୁସାରେଣ ଇସ୍ରାଯେଲ୍ଲୋକାନାଂ ନିମିତ୍ତଂ ତେଷାଂ ମନୁଷ୍ୟାଣାଂ ୱଂଶାଦ୍ ଈଶ୍ୱର ଏକଂ ଯୀଶୁଂ (ତ୍ରାତାରମ୍) ଉଦପାଦଯତ୍|
2c0d180102	ତସ୍ୟ ପ୍ରକାଶନାତ୍ ପୂର୍ୱ୍ୱଂ ଯୋହନ୍ ଇସ୍ରାଯେଲ୍ଲୋକାନାଂ ସନ୍ନିଧୌ ମନଃପରାୱର୍ତ୍ତନରୂପଂ ମଜ୍ଜନଂ ପ୍ରାଚାରଯତ୍|
2c0d190254	ଯସ୍ୟ ଚ କର୍ମ୍ମଣୋ ଭାରଂ ପ୍ରପ୍ତୱାନ୍ ଯୋହନ୍ ତନ୍ ନିଷ୍ପାଦଯନ୍ ଏତାଂ କଥାଂ କଥିତୱାନ୍, ଯୂଯଂ ମାଂ କଂ ଜନଂ ଜାନୀଥ? ଅହମ୍ ଅଭିଷିକ୍ତତ୍ରାତା ନହି, କିନ୍ତୁ ପଶ୍ୟତ ଯସ୍ୟ ପାଦଯୋଃ ପାଦୁକଯୋ ର୍ବନ୍ଧନେ ମୋଚଯିତୁମପି ଯୋଗ୍ୟୋ ନ ଭୱାମି ତାଦୃଶ ଏକୋ ଜନୋ ମମ ପଶ୍ଚାଦ୍ ଉପତିଷ୍ଠତି|
2c0d1a0108	ହେ ଇବ୍ରାହୀମୋ ୱଂଶଜାତା ଭ୍ରାତରୋ ହେ ଈଶ୍ୱରଭୀତାଃ ସର୍ୱ୍ୱଲୋକା ଯୁଷ୍ମାନ୍ ପ୍ରତି ପରିତ୍ରାଣସ୍ୟ କଥୈଷା ପ୍ରେରିତା|
2c0d1b01d8	ଯିରୂଶାଲମ୍ନିୱାସିନସ୍ତେଷାମ୍ ଅଧିପତଯଶ୍ଚ ତସ୍ୟ ଯୀଶୋଃ ପରିଚଯଂ ନ ପ୍ରାପ୍ୟ ପ୍ରତିୱିଶ୍ରାମୱାରଂ ପଠ୍ୟମାନାନାଂ ଭୱିଷ୍ୟଦ୍ୱାଦିକଥାନାମ୍ ଅଭିପ୍ରାଯମ୍ ଅବୁଦ୍ଧ୍ୱା ଚ ତସ୍ୟ ୱଧେନ ତାଃ କଥାଃ ସଫଲା ଅକୁର୍ୱ୍ୱନ୍|
2c0d1c00c6	ପ୍ରାଣହନନସ୍ୟ କମପି ହେତୁମ୍ ଅପ୍ରାପ୍ୟାପି ପୀଲାତସ୍ୟ ନିକଟେ ତସ୍ୟ ୱଧଂ ପ୍ରାର୍ଥଯନ୍ତ|
2c0d1d0109	ତସ୍ମିନ୍ ଯାଃ କଥା ଲିଖିତାଃ ସନ୍ତି ତଦନୁସାରେଣ କର୍ମ୍ମ ସମ୍ପାଦ୍ୟ ତଂ କ୍ରୁଶାଦ୍ ଅୱତାର୍ୟ୍ୟ ଶ୍ମଶାନେ ଶାଯିତୱନ୍ତଃ|
2c0d1e0069	କିନ୍ତ୍ୱୀଶ୍ୱରଃ ଶ୍ମଶାନାତ୍ ତମୁଦସ୍ଥାପଯତ୍,
2c0d1f018c	ପୁନଶ୍ଚ ଗାଲୀଲପ୍ରଦେଶାଦ୍ ଯିରୂଶାଲମନଗରଂ ତେନ ସାର୍ଦ୍ଧଂ ଯେ ଲୋକା ଆଗଚ୍ଛନ୍ ସ ବହୁଦିନାନି ତେଭ୍ୟୋ ଦର୍ଶନଂ ଦତ୍ତୱାନ୍, ଅତସ୍ତ ଇଦାନୀଂ ଲୋକାନ୍ ପ୍ରତି ତସ୍ୟ ସାକ୍ଷିଣଃ ସନ୍ତି|
2c0d20013a	ଅସ୍ମାକଂ ପୂର୍ୱ୍ୱପୁରୁଷାଣାଂ ସମକ୍ଷମ୍ ଈଶ୍ୱରୋ ଯସ୍ମିନ୍ ପ୍ରତିଜ୍ଞାତୱାନ୍ ଯଥା, ତ୍ୱଂ ମେ ପୁତ୍ରୋସି ଚାଦ୍ୟ ତ୍ୱାଂ ସମୁତ୍ଥାପିତୱାନହମ୍|
2c0d21018b	ଇଦଂ ଯଦ୍ୱଚନଂ ଦ୍ୱିତୀଯଗୀତେ ଲିଖିତମାସ୍ତେ ତଦ୍ ଯୀଶୋରୁତ୍ଥାନେନ ତେଷାଂ ସନ୍ତାନା ଯେ ୱଯମ୍ ଅସ୍ମାକଂ ସନ୍ନିଧୌ ତେନ ପ୍ରତ୍ୟକ୍ଷୀ କୃତଂ, ଯୁଷ୍ମାନ୍ ଇମଂ ସୁସଂୱାଦଂ ଜ୍ଞାପଯାମି|
2c0d220189	ପରମେଶ୍ୱରେଣ ଶ୍ମଶାନାଦ୍ ଉତ୍ଥାପିତଂ ତଦୀଯଂ ଶରୀରଂ କଦାପି ନ କ୍ଷେଷ୍ୟତେ, ଏତସ୍ମିନ୍ ସ ସ୍ୱଯଂ କଥିତୱାନ୍ ଯଥା ଦାଯୂଦଂ ପ୍ରତି ପ୍ରତିଜ୍ଞାତୋ ଯୋ ୱରସ୍ତମହଂ ତୁଭ୍ୟଂ ଦାସ୍ୟାମି|
2c0d2300ce	ଏତଦନ୍ୟସ୍ମିନ୍ ଗୀତେଽପି କଥିତୱାନ୍| ସ୍ୱକୀଯଂ ପୁଣ୍ୟୱନ୍ତଂ ତ୍ୱଂ କ୍ଷଯିତୁଂ ନ ଚ ଦାସ୍ୟସି|
2c0d24012b	ଦାଯୂଦା ଈଶ୍ୱରାଭିମତସେୱାଯୈ ନିଜାଯୁଷି ୱ୍ୟଯିତେ ସତି ସ ମହାନିଦ୍ରାଂ ପ୍ରାପ୍ୟ ନିଜୈଃ ପୂର୍ୱ୍ୱପୁରୁଷୈଃ ସହ ମିଲିତଃ ସନ୍ ଅକ୍ଷୀଯତ;
2c0d250084	କିନ୍ତୁ ଯମୀଶ୍ୱରଃ ଶ୍ମଶାନାଦ୍ ଉଦସ୍ଥାପଯତ୍ ସ ନାକ୍ଷୀଯତ|
2c0d2600c6	ଅତୋ ହେ ଭ୍ରାତରଃ, ଅନେନ ଜନେନ ପାପମୋଚନଂ ଭୱତୀତି ଯୁଷ୍ମାନ୍ ପ୍ରତି ପ୍ରଚାରିତମ୍ ଆସ୍ତେ|
2c0d2701b1	ଫଲତୋ ମୂସାୱ୍ୟୱସ୍ଥଯା ଯୂଯଂ ଯେଭ୍ୟୋ ଦୋଷେଭ୍ୟୋ ମୁକ୍ତା ଭୱିତୁଂ ନ ଶକ୍ଷ୍ୟଥ ତେଭ୍ୟଃ ସର୍ୱ୍ୱଦୋଷେଭ୍ୟ ଏତସ୍ମିନ୍ ଜନେ ୱିଶ୍ୱାସିନଃ ସର୍ୱ୍ୱେ ମୁକ୍ତା ଭୱିଷ୍ୟନ୍ତୀତି ଯୁଷ୍ମାଭି ର୍ଜ୍ଞାଯତାଂ|
2c0d280267	ଅପରଞ୍ଚ| ଅୱଜ୍ଞାକାରିଣୋ ଲୋକାଶ୍ଚକ୍ଷୁରୁନ୍ମୀଲ୍ୟ ପଶ୍ୟତ| ତଥୈୱାସମ୍ଭୱଂ ଜ୍ଞାତ୍ୱା ସ୍ୟାତ ଯୂଯଂ ୱିଲଜ୍ଜିତାଃ| ଯତୋ ଯୁଷ୍ମାସୁ ତିଷ୍ଠତ୍ସୁ କରିଷ୍ୟେ କର୍ମ୍ମ ତାଦୃଶଂ| ଯେନୈୱ ତସ୍ୟ ୱୃତ୍ତାନ୍ତେ ଯୁଷ୍ମଭ୍ୟଂ କଥିତେଽପି ହି| ଯୂଯଂ ନ ତନ୍ତୁ ୱୃତ୍ତାନ୍ତଂ ପ୍ରତ୍ୟେଷ୍ୟଥ କଦାଚନ||
2c0d2900f2	ଯେଯଂ କଥା ଭୱିଷ୍ୟଦ୍ୱାଦିନାଂ ଗ୍ରନ୍ଥେଷୁ ଲିଖିତାସ୍ତେ ସାୱଧାନା ଭୱତ ସ କଥା ଯଥା ଯୁଷ୍ମାନ୍ ପ୍ରତି ନ ଘଟତେ|
2c0d2a017f	ଯିହୂଦୀଯଭଜନଭୱନାନ୍ ନିର୍ଗତଯୋସ୍ତଯୋ ର୍ଭିନ୍ନଦେଶୀଯୈ ର୍ୱକ୍ଷ୍ୟମାଣା ପ୍ରାର୍ଥନା କୃତା, ଆଗାମିନି ୱିଶ୍ରାମୱାରେଽପି କଥେଯମ୍ ଅସ୍ମାନ୍ ପ୍ରତି ପ୍ରଚାରିତା ଭୱତ୍ୱିତି|
2c0d2b01dc	ସଭାଯା ଭଙ୍ଗେ ସତି ବହୱୋ ଯିହୂଦୀଯଲୋକା ଯିହୂଦୀଯମତଗ୍ରାହିଣୋ ଭକ୍ତଲୋକାଶ୍ଚ ବର୍ଣବ୍ବାପୌଲଯୋଃ ପଶ୍ଚାଦ୍ ଆଗଚ୍ଛନ୍, ତେନ ତୌ ତୈଃ ସହ ନାନାକଥାଃ କଥଯିତ୍ୱେଶ୍ୱରାନୁଗ୍ରହାଶ୍ରଯେ ସ୍ଥାତୁଂ ତାନ୍ ପ୍ରାୱର୍ତ୍ତଯତାଂ|
2c0d2c00c9	ପରୱିଶ୍ରାମୱାରେ ନଗରସ୍ୟ ପ୍ରାଯେଣ ସର୍ୱ୍ୱେ ଲାକା ଈଶ୍ୱରୀଯାଂ କଥାଂ ଶ୍ରୋତୁଂ ମିଲିତାଃ,
2c0d2d016c	କିନ୍ତୁ ଯିହୂଦୀଯଲୋକା ଜନନିୱହଂ ୱିଲୋକ୍ୟ ଈର୍ଷ୍ୟଯା ପରିପୂର୍ଣାଃ ସନ୍ତୋ ୱିପରୀତକଥାକଥନେନେଶ୍ୱରନିନ୍ଦଯା ଚ ପୌଲେନୋକ୍ତାଂ କଥାଂ ଖଣ୍ଡଯିତୁଂ ଚେଷ୍ଟିତୱନ୍ତଃ|
2c0d2e0242	ତତଃ ପୌଲବର୍ଣବ୍ବାୱକ୍ଷୋଭୌ କଥିତୱନ୍ତୌ ପ୍ରଥମଂ ଯୁଷ୍ମାକଂ ସନ୍ନିଧାୱୀଶ୍ୱରୀଯକଥାଯାଃ ପ୍ରଚାରଣମ୍ ଉଚିତମାସୀତ୍ କିନ୍ତୁଂ ତଦଗ୍ରାହ୍ୟତ୍ୱକରଣେନ ଯୂଯଂ ସ୍ୱାନ୍ ଅନନ୍ତାଯୁଷୋଽଯୋଗ୍ୟାନ୍ ଦର୍ଶଯଥ, ଏତତ୍କାରଣାଦ୍ ୱଯମ୍ ଅନ୍ୟଦେଶୀଯଲୋକାନାଂ ସମୀପଂ ଗଚ୍ଛାମଃ|
2c0d2f0146	ପ୍ରଭୁରସ୍ମାନ୍ ଇତ୍ଥମ୍ ଆଦିଷ୍ଟୱାନ୍ ଯଥା, ଯାୱଚ୍ଚ ଜଗତଃ ସୀମାଂ ଲୋକାନାଂ ତ୍ରାଣକାରଣାତ୍| ମଯାନ୍ୟଦେଶମଧ୍ୟେ ତ୍ୱଂ ସ୍ଥାପିତୋ ଭୂଃ ପ୍ରଦୀପୱତ୍||
2c0d3001a9	ତଦା କଥାମୀଦୃଶୀଂ ଶ୍ରୁତ୍ୱା ଭିନ୍ନଦେଶୀଯା ଆହ୍ଲାଦିତାଃ ସନ୍ତଃ ପ୍ରଭୋଃ କଥାଂ ଧନ୍ୟାଂ ଧନ୍ୟାମ୍ ଅୱଦନ୍, ଯାୱନ୍ତୋ ଲୋକାଶ୍ଚ ପରମାଯୁଃ ପ୍ରାପ୍ତିନିମିତ୍ତଂ ନିରୂପିତା ଆସନ୍ ତେ ୱ୍ୟଶ୍ୱସନ୍|
2c0d31006e	ଇତ୍ଥଂ ପ୍ରଭୋଃ କଥା ସର୍ୱ୍ୱେଦେଶଂ ୱ୍ୟାପ୍ନୋତ୍|
2c0d3201a1	କିନ୍ତୁ ଯିହୂଦୀଯା ନଗରସ୍ୟ ପ୍ରଧାନପୁରୁଷାନ୍ ସମ୍ମାନ୍ୟାଃ କଥିପଯା ଭକ୍ତା ଯୋଷିତଶ୍ଚ କୁପ୍ରୱୃତ୍ତିଂ ଗ୍ରାହଯିତ୍ୱା ପୌଲବର୍ଣବ୍ବୌ ତାଡଯିତ୍ୱା ତସ୍ମାତ୍ ପ୍ରଦେଶାଦ୍ ଦୂରୀକୃତୱନ୍ତଃ|
2c0d3300c2	ଅତଃ କାରଣାତ୍ ତୌ ନିଜପଦଧୂଲୀସ୍ତେଷାଂ ପ୍ରାତିକୂଲ୍ୟେନ ପାତଯିତ୍ୱେକନିଯଂ ନଗରଂ ଗତୌ|
2c0d34008d	ତତଃ ଶିଷ୍ୟଗଣ ଆନନ୍ଦେନ ପୱିତ୍ରେଣାତ୍ମନା ଚ ପରିପୂର୍ଣୋଭୱତ୍|
2c0e010156	ତୌ ଦ୍ୱୌ ଜନୌ ଯୁଗପଦ୍ ଇକନିଯନଗରସ୍ଥଯିହୂଦୀଯାନାଂ ଭଜନଭୱନଂ ଗତ୍ୱା ଯଥା ବହୱୋ ଯିହୂଦୀଯା ଅନ୍ୟଦେଶୀଯଲୋକାଶ୍ଚ ୱ୍ୟଶ୍ୱସନ୍ ତାଦୃଶୀଂ କଥାଂ କଥିତୱନ୍ତୌ|
2c0e020128	କିନ୍ତୁ ୱିଶ୍ୱାସହୀନା ଯିହୂଦୀଯା ଅନ୍ୟଦେଶୀଯଲୋକାନ୍ କୁପ୍ରୱୃତ୍ତିଂ ଗ୍ରାହଯିତ୍ୱା ଭ୍ରାତୃଗଣଂ ପ୍ରତି ତେଷାଂ ୱୈରଂ ଜନିତୱନ୍ତଃ|
2c0e0301b1	ଅତଃ ସ୍ୱାନୁଗ୍ରହକଥାଯାଃ ପ୍ରମାଣଂ ଦତ୍ୱା ତଯୋ ର୍ହସ୍ତୈ ର୍ବହୁଲକ୍ଷଣମ୍ ଅଦ୍ଭୁତକର୍ମ୍ମ ଚ ପ୍ରାକାଶଯଦ୍ ଯଃ ପ୍ରଭୁସ୍ତସ୍ୟ କଥା ଅକ୍ଷୋଭେନ ପ୍ରଚାର୍ୟ୍ୟ ତୌ ତତ୍ର ବହୁଦିନାନି ସମୱାତିଷ୍ଠେତାଂ|
2c0e040156	କିନ୍ତୁ କିଯନ୍ତୋ ଲୋକା ଯିହୂଦୀଯାନାଂ ସପକ୍ଷାଃ କିଯନ୍ତୋ ଲୋକାଃ ପ୍ରେରିତାନାଂ ସପକ୍ଷା ଜାତାଃ, ଅତୋ ନାଗରିକଜନନିୱହମଧ୍ୟେ ଭିନ୍ନୱାକ୍ୟତ୍ୱମ୍ ଅଭୱତ୍|
2c0e0500ef	ଅନ୍ୟଦେଶୀଯା ଯିହୂଦୀଯାସ୍ତେଷାମ୍ ଅଧିପତଯଶ୍ଚ ଦୌରାତ୍ମ୍ୟଂ କୁତ୍ୱା ତୌ ପ୍ରସ୍ତରୈରାହନ୍ତୁମ୍ ଉଦ୍ୟତାଃ|
2c0e0600e5	ତୌ ତଦ୍ୱାର୍ତ୍ତାଂ ପ୍ରାପ୍ୟ ପଲାଯିତ୍ୱା ଲୁକାଯନିଯାଦେଶସ୍ୟାନ୍ତର୍ୱ୍ୱର୍ତ୍ତିଲୁସ୍ତ୍ରାଦର୍ବ୍ବୋ
2c0e070086	ତତ୍ସମୀପସ୍ଥଦେଶଞ୍ଚ ଗତ୍ୱା ତତ୍ର ସୁସଂୱାଦଂ ପ୍ରଚାରଯତାଂ|
2c0e080152	ତତ୍ରୋଭଯପାଦଯୋଶ୍ଚଲନଶକ୍ତିହୀନୋ ଜନ୍ମାରଭ୍ୟ ଖଞ୍ଜଃ କଦାପି ଗମନଂ ନାକରୋତ୍ ଏତାଦୃଶ ଏକୋ ମାନୁଷୋ ଲୁସ୍ତ୍ରାନଗର ଉପୱିଶ୍ୟ ପୌଲସ୍ୟ କଥାଂ ଶ୍ରୁତୱାନ୍|
2c0e090109	ଏତସ୍ମିନ୍ ସମଯେ ପୌଲସ୍ତମ୍ପ୍ରତି ଦୃଷ୍ଟିଂ କୃତ୍ୱା ତସ୍ୟ ସ୍ୱାସ୍ଥ୍ୟେ ୱିଶ୍ୱାସଂ ୱିଦିତ୍ୱା ପ୍ରୋଚ୍ଚୈଃ କଥିତୱାନ୍
2c0e0a00b8	ପଦ୍ଭ୍ୟାମୁତ୍ତିଷ୍ଠନ୍ ଋଜୁ ର୍ଭୱ| ତତଃ ସ ଉଲ୍ଲମ୍ଫଂ କୃତ୍ୱା ଗମନାଗମନେ କୁତୱାନ୍|
2c0e0b015d	ତଦା ଲୋକାଃ ପୌଲସ୍ୟ ତତ୍ କାର୍ୟ୍ୟଂ ୱିଲୋକ୍ୟ ଲୁକାଯନୀଯଭାଷଯା ପ୍ରୋଚ୍ଚୈଃ କଥାମେତାଂ କଥିତୱନ୍ତଃ, ଦେୱା ମନୁଷ୍ୟରୂପଂ ଧୃତ୍ୱାସ୍ମାକଂ ସମୀପମ୍ ଅୱାରୋହନ୍|
2c0e0c00ce	ତେ ବର୍ଣବ୍ବାଂ ଯୂପିତରମ୍ ଅୱଦନ୍ ପୌଲଶ୍ଚ ମୁଖ୍ୟୋ ୱକ୍ତା ତସ୍ମାତ୍ ତଂ ମର୍କୁରିଯମ୍ ଅୱଦନ୍|
2c0e0d0187	ତସ୍ୟ ନଗରସ୍ୟ ସମ୍ମୁଖେ ସ୍ଥାପିତସ୍ୟ ଯୂପିତରୱିଗ୍ରହସ୍ୟ ଯାଜକୋ ୱୃଷାନ୍ ପୁଷ୍ପମାଲାଶ୍ଚ ଦ୍ୱାରସମୀପମ୍ ଆନୀଯ ଲୋକୈଃ ସର୍ଦ୍ଧଂ ତାୱୁଦ୍ଦିଶ୍ୟ ସମୁତ୍ସୃଜ୍ୟ ଦାତୁମ୍ ଉଦ୍ୟତଃ|
2c0e0e0128	ତଦ୍ୱାର୍ତ୍ତାଂ ଶ୍ରୁତ୍ୱା ବର୍ଣବ୍ବାପୌଲୌ ସ୍ୱୀଯୱସ୍ତ୍ରାଣି ଛିତ୍ୱା ଲୋକାନାଂ ମଧ୍ୟଂ ୱେଗେନ ପ୍ରୱିଶ୍ୟ ପ୍ରୋଚ୍ଚୈଃ କଥିତୱନ୍ତୌ,
2c0e0f02da	ହେ ମହେଚ୍ଛାଃ କୁତ ଏତାଦୃଶଂ କର୍ମ୍ମ କୁରୁଥ? ଆୱାମପି ଯୁଷ୍ମାଦୃଶୌ ସୁଖଦୁଃଖଭୋଗିନୌ ମନୁଷ୍ୟୌ, ଯୁଯମ୍ ଏତାଃ ସର୍ୱ୍ୱା ୱୃଥାକଲ୍ପନାଃ ପରିତ୍ୟଜ୍ୟ ଯଥା ଗଗଣୱସୁନ୍ଧରାଜଲନିଧୀନାଂ ତନ୍ମଧ୍ୟସ୍ଥାନାଂ ସର୍ୱ୍ୱେଷାଞ୍ଚ ସ୍ରଷ୍ଟାରମମରମ୍ ଈଶ୍ୱରଂ ପ୍ରତି ପରାୱର୍ତ୍ତଧ୍ୱେ ତଦର୍ଥମ୍ ଆୱାଂ ଯୁଷ୍ମାକଂ ସନ୍ନିଧୌ ସୁସଂୱାଦଂ ପ୍ରଚାରଯାୱଃ|
2c0e1000d0	ସ ଈଶ୍ୱରଃ ପୂର୍ୱ୍ୱକାଲେ ସର୍ୱ୍ୱଦେଶୀଯଲୋକାନ୍ ସ୍ୱସ୍ୱମାର୍ଗେ ଚଲିତୁମନୁମତିଂ ଦତ୍ତୱାନ୍,
2c0e1101bb	ତଥାପି ଆକାଶାତ୍ ତୋଯୱର୍ଷଣେନ ନାନାପ୍ରକାରଶସ୍ୟୋତ୍ପତ୍ୟା ଚ ଯୁଷ୍ମାକଂ ହିତୈଷୀ ସନ୍ ଭକ୍ଷ୍ୟୈରାନନଦେନ ଚ ଯୁଷ୍ମାକମ୍ ଅନ୍ତଃକରଣାନି ତର୍ପଯନ୍ ତାନି ଦାନାନି ନିଜସାକ୍ଷିସ୍ୱରୂପାଣି ସ୍ଥପିତୱାନ୍|
2c0e120116	କିନ୍ତୁ ତାଦୃଶାଯାଂ କଥାଯାଂ କଥିତାଯାମପି ତଯୋଃ ସମୀପ ଉତ୍ସର୍ଜନାତ୍ ଲୋକନିୱହଂ ପ୍ରାଯେଣ ନିୱର୍ତ୍ତଯିତୁଂ ନାଶକ୍ନୁତାମ୍|
2c0e1301b1	ଆନ୍ତିଯଖିଯା-ଇକନିଯନଗରାଭ୍ୟାଂ କତିପଯଯିହୂଦୀଯଲୋକା ଆଗତ୍ୟ ଲୋକାନ୍ ପ୍ରାୱର୍ତ୍ତଯନ୍ତ ତସ୍ମାତ୍ ତୈ ପୌଲଂ ପ୍ରସ୍ତରୈରାଘ୍ନନ୍ ତେନ ସ ମୃତ ଇତି ୱିଜ୍ଞାଯ ନଗରସ୍ୟ ବହିସ୍ତମ୍ ଆକୃଷ୍ୟ ନୀତୱନ୍ତଃ|
2c0e140163	କିନ୍ତୁ ଶିଷ୍ୟଗଣେ ତସ୍ୟ ଚତୁର୍ଦିଶି ତିଷ୍ଠତି ସତି ସ ସ୍ୱଯମ୍ ଉତ୍ଥାଯ ପୁନରପି ନଗରମଧ୍ୟଂ ପ୍ରାୱିଶତ୍ ତତ୍ପରେଽହନି ବର୍ଣବ୍ବାସହିତୋ ଦର୍ବ୍ବୀନଗରଂ ଗତୱାନ୍|
2c0e150114	ତତ୍ର ସୁସଂୱାଦଂ ପ୍ରଚାର୍ୟ୍ୟ ବହୁଲୋକାନ୍ ଶିଷ୍ୟାନ୍ କୃତ୍ୱା ତୌ ଲୁସ୍ତ୍ରାମ୍ ଇକନିଯମ୍ ଆନ୍ତିଯଖିଯାଞ୍ଚ ପରାୱୃତ୍ୟ ଗତୌ|
2c0e160165	ବହୁଦୁଃଖାନି ଭୁକ୍ତ୍ୱାପୀଶ୍ୱରରାଜ୍ୟଂ ପ୍ରୱେଷ୍ଟୱ୍ୟମ୍ ଇତି କାରଣାଦ୍ ଧର୍ମ୍ମମାର୍ଗେ ସ୍ଥାତୁଂ ୱିନଯଂ କୃତ୍ୱା ଶିଷ୍ୟଗଣସ୍ୟ ମନଃସ୍ଥୈର୍ୟ୍ୟମ୍ ଅକୁରୁତାଂ|
2c0e170116	ମଣ୍ଡଲୀନାଂ ପ୍ରାଚୀନୱର୍ଗାନ୍ ନିଯୁଜ୍ୟ ପ୍ରାର୍ଥନୋପୱାସୌ କୃତ୍ୱା ଯତ୍ପ୍ରଭୌ ତେ ୱ୍ୟଶ୍ୱସନ୍ ତସ୍ୟ ହସ୍ତେ ତାନ୍ ସମର୍ପ୍ୟ
2c0e18006c	ପିସିଦିଯାମଧ୍ୟେନ ପାମ୍ଫୁଲିଯାଦେଶଂ ଗତୱନ୍ତୌ|
2c0e1900ca	ପଶ୍ଚାତ୍ ପର୍ଗାନଗରଂ ଗତ୍ୱା ସୁସଂୱାଦଂ ପ୍ରଚାର୍ୟ୍ୟ ଅତ୍ତାଲିଯାନଗରଂ ପ୍ରସ୍ଥିତୱନ୍ତୌ|
2c0e1a0188	ତସ୍ମାତ୍ ସମୁଦ୍ରପଥେନ ଗତ୍ୱା ତାଭ୍ୟାଂ ଯତ୍ କର୍ମ୍ମ ସମ୍ପନ୍ନଂ ତତ୍କର୍ମ୍ମ ସାଧଯିତୁଂ ଯନ୍ନଗରେ ଦଯାଲୋରୀଶ୍ୱରସ୍ୟ ହସ୍ତେ ସମର୍ପିତୌ ଜାତୌ ତଦ୍ ଆନ୍ତିଯଖିଯାନଗରଂ ଗତୱନ୍ତା|
2c0e1b01fe	ତତ୍ରୋପସ୍ଥାଯ ତନ୍ନଗରସ୍ଥମଣ୍ଡଲୀଂ ସଂଗୃହ୍ୟ ସ୍ୱାଭ୍ୟାମ ଈଶ୍ୱରୋ ଯଦ୍ୟତ୍ କର୍ମ୍ମକରୋତ୍ ତଥା ଯେନ ପ୍ରକାରେଣ ଭିନ୍ନଦେଶୀଯଲୋକାନ୍ ପ୍ରତି ୱିଶ୍ୱାସରୂପଦ୍ୱାରମ୍ ଅମୋଚଯଦ୍ ଏତାନ୍ ସର୍ୱ୍ୱୱୃତ୍ତାନ୍ତାନ୍ ତାନ୍ ଜ୍ଞାପିତୱନ୍ତୌ|
2c0e1c008d	ତତସ୍ତୌ ଶିର୍ୟ୍ୟୈଃ ସାର୍ଦ୍ଧଂ ତତ୍ର ବହୁଦିନାନି ନ୍ୟୱସତାମ୍|
2c0f01018c	ଯିହୂଦାଦେଶାତ୍ କିଯନ୍ତୋ ଜନା ଆଗତ୍ୟ ଭ୍ରାତୃଗଣମିତ୍ଥଂ ଶିକ୍ଷିତୱନ୍ତୋ ମୂସାୱ୍ୟୱସ୍ଥଯା ଯଦି ଯୁଷ୍ମାକଂ ତ୍ୱକ୍ଛେଦୋ ନ ଭୱତି ତର୍ହି ଯୂଯଂ ପରିତ୍ରାଣଂ ପ୍ରାପ୍ତୁଂ ନ ଶକ୍ଷ୍ୟଥ|
2c0f02024d	ପୌଲବର୍ଣବ୍ବୌ ତୈଃ ସହ ବହୂନ୍ ୱିଚାରାନ୍ ୱିୱାଦାଂଶ୍ଚ କୃତୱନ୍ତୌ, ତତୋ ମଣ୍ଡଲୀଯନୋକା ଏତସ୍ୟାଃ କଥାଯାସ୍ତତ୍ତ୍ୱଂ ଜ୍ଞାତୁଂ ଯିରୂଶାଲମ୍ନଗରସ୍ଥାନ୍ ପ୍ରେରିତାନ୍ ପ୍ରାଚୀନାଂଶ୍ଚ ପ୍ରତି ପୌଲବର୍ଣବ୍ବାପ୍ରଭୃତୀନ୍ କତିପଯଜନାନ୍ ପ୍ରେଷଯିତୁଂ ନିଶ୍ଚଯଂ କୃତୱନ୍ତଃ|
2c0f03016b	ତେ ମଣ୍ଡଲ୍ୟା ପ୍ରେରିତାଃ ସନ୍ତଃ ଫୈଣୀକୀଶୋମିରୋନ୍ଦେଶାଭ୍ୟାଂ ଗତ୍ୱା ଭିନ୍ନଦେଶୀଯାନାଂ ମନଃପରିୱର୍ତ୍ତନସ୍ୟ ୱାର୍ତ୍ତଯା ଭ୍ରାତୃଣାଂ ପରମାହ୍ଲାଦମ୍ ଅଜନଯନ୍|
2c0f0401ab	ଯିରୂଶାଲମ୍ୟୁପସ୍ଥାଯ ପ୍ରେରିତଗଣେନ ଲୋକପ୍ରାଚୀନଗଣେନ ସମାଜେନ ଚ ସମୁପଗୃହୀତାଃ ସନ୍ତଃ ସ୍ୱୈରୀଶ୍ୱରୋ ଯାନି କର୍ମ୍ମାଣି କୃତୱାନ୍ ତେଷାଂ ସର୍ୱ୍ୱୱୃତ୍ତାନ୍ତାନ୍ ତେଷାଂ ସମକ୍ଷମ୍ ଅକଥଯନ୍|
2c0f05019d	କିନ୍ତୁ ୱିଶ୍ୱାସିନଃ କିଯନ୍ତଃ ଫିରୂଶିମତଗ୍ରାହିଣୋ ଲୋକା ଉତ୍ଥାଯ କଥାମେତାଂ କଥିତୱନ୍ତୋ ଭିନ୍ନଦେଶୀଯାନାଂ ତ୍ୱକ୍ଛେଦଂ କର୍ତ୍ତୁଂ ମୂସାୱ୍ୟୱସ୍ଥାଂ ପାଲଯିତୁଞ୍ଚ ସମାଦେଷ୍ଟୱ୍ୟମ୍|
2c0f0600bf	ତତଃ ପ୍ରେରିତା ଲୋକପ୍ରାଚୀନାଶ୍ଚ ତସ୍ୟ ୱିୱେଚନାଂ କର୍ତ୍ତୁଂ ସଭାଯାଂ ସ୍ଥିତୱନ୍ତଃ|
2c0f0701e8	ବହୁୱିଚାରେଷୁ ଜାତଷୁ ପିତର ଉତ୍ଥାଯ କଥିତୱାନ୍, ହେ ଭ୍ରାତରୋ ଯଥା ଭିନ୍ନଦେଶୀଯଲୋକା ମମ ମୁଖାତ୍ ସୁସଂୱାଦଂ ଶ୍ରୁତ୍ୱା ୱିଶ୍ୱସନ୍ତି ତଦର୍ଥଂ ବହୁଦିନାତ୍ ପୂର୍ୱ୍ୱମ୍ ଈଶ୍ୱରୋସ୍ମାକଂ ମଧ୍ୟେ ମାଂ ୱୃତ୍ୱା ନିଯୁକ୍ତୱାନ୍|
2c0f080148	ଅନ୍ତର୍ୟ୍ୟାମୀଶ୍ୱରୋ ଯଥାସ୍ମଭ୍ୟଂ ତଥା ଭିନ୍ନଦେଶୀଯେଭ୍ୟଃ ପୱିତ୍ରମାତ୍ମାନଂ ପ୍ରଦାଯ ୱିଶ୍ୱାସେନ ତେଷାମ୍ ଅନ୍ତଃକରଣାନି ପୱିତ୍ରାଣି କୃତ୍ୱା
2c0f0900fe	ତେଷାମ୍ ଅସ୍ମାକଞ୍ଚ ମଧ୍ୟେ କିମପି ୱିଶେଷଂ ନ ସ୍ଥାପଯିତ୍ୱା ତାନଧି ସ୍ୱଯଂ ପ୍ରମାଣଂ ଦତ୍ତୱାନ୍ ଇତି ଯୂଯଂ ଜାନୀଥ|
2c0f0a0180	ଅତଏୱାସ୍ମାକଂ ପୂର୍ୱ୍ୱପୁରୁଷା ୱଯଞ୍ଚ ସ୍ୱଯଂ ଯଦ୍ୟୁଗସ୍ୟ ଭାରଂ ସୋଢୁଂ ନ ଶକ୍ତାଃ ସମ୍ପ୍ରତି ତଂ ଶିଷ୍ୟଗଣସ୍ୟ ସ୍କନ୍ଧେଷୁ ନ୍ୟସିତୁଂ କୁତ ଈଶ୍ୱରସ୍ୟ ପରୀକ୍ଷାଂ କରିଷ୍ୟଥ?
2c0f0b00e8	ପ୍ରଭୋ ର୍ୟୀଶୁଖ୍ରୀଷ୍ଟସ୍ୟାନୁଗ୍ରହେଣ ତେ ଯଥା ୱଯମପି ତଥା ପରିତ୍ରାଣଂ ପ୍ରାପ୍ତୁମ୍ ଆଶାଂ କୁର୍ମ୍ମଃ|
2c0f0c01f9	ଅନନ୍ତରଂ ବର୍ଣବ୍ବାପୌଲାଭ୍ୟାମ୍ ଈଶ୍ୱରୋ ଭିନ୍ନଦେଶୀଯାନାଂ ମଧ୍ୟେ ଯଦ୍ୟଦ୍ ଆଶ୍ଚର୍ୟ୍ୟମ୍ ଅଦ୍ଭୁତଞ୍ଚ କର୍ମ୍ମ କୃତୱାନ୍ ତଦ୍ୱୃତ୍ତାନ୍ତଂ ତୌ ସ୍ୱମୁଖାଭ୍ୟାମ୍ ଅୱର୍ଣଯତାଂ ସଭାସ୍ଥାଃ ସର୍ୱ୍ୱେ ନୀରୱାଃ ସନ୍ତଃ ଶ୍ରୁତୱନ୍ତଃ|
2c0f0d0099	ତଯୋଃ କଥାଯାଂ ସମାପ୍ତାଯାଂ ସତ୍ୟାଂ ଯାକୂବ୍ କଥଯିତୁମ୍ ଆରବ୍ଧୱାନ୍
2c0f0e01f4	ହେ ଭ୍ରାତରୋ ମମ କଥାଯାମ୍ ମନୋ ନିଧତ୍ତ| ଈଶ୍ୱରଃ ସ୍ୱନାମାର୍ଥଂ ଭିନ୍ନଦେଶୀଯଲୋକାନାମ୍ ମଧ୍ୟାଦ୍ ଏକଂ ଲୋକସଂଘଂ ଗ୍ରହୀତୁଂ ମତିଂ କୃତ୍ୱା ଯେନ ପ୍ରକାରେଣ ପ୍ରଥମଂ ତାନ୍ ପ୍ରତି କୃପାୱଲେକନଂ କୃତୱାନ୍ ତଂ ଶିମୋନ୍ ୱର୍ଣିତୱାନ୍|
2c0f0f00e7	ଭୱିଷ୍ୟଦ୍ୱାଦିଭିରୁକ୍ତାନି ଯାନି ୱାକ୍ୟାନି ତୈଃ ସାର୍ଦ୍ଧମ୍ ଏତସ୍ୟୈକ୍ୟଂ ଭୱତି ଯଥା ଲିଖିତମାସ୍ତେ|
2c0f1001a8	ସର୍ୱ୍ୱେଷାଂ କର୍ମ୍ମଣାଂ ଯସ୍ତୁ ସାଧକଃ ପରମେଶ୍ୱରଃ| ସ ଏୱେଦଂ ୱଦେଦ୍ୱାକ୍ୟଂ ଶେଷାଃ ସକଲମାନୱାଃ| ଭିନ୍ନଦେଶୀଯଲୋକାଶ୍ଚ ଯାୱନ୍ତୋ ମମ ନାମତଃ| ଭୱନ୍ତି ହି ସୁୱିଖ୍ୟାତାସ୍ତେ ଯଥା ପରମେଶିତୁଃ|
2c0f1101b1	ତତ୍ୱଂ ସମ୍ୟକ୍ ସମୀହନ୍ତେ ତନ୍ନିମିତ୍ତମହଂ କିଲ| ପରାୱୃତ୍ୟ ସମାଗତ୍ୟ ଦାଯୂଦଃ ପତିତଂ ପୁନଃ| ଦୂଷ୍ୟମୁତ୍ଥାପଯିଷ୍ୟାମି ତଦୀଯଂ ସର୍ୱ୍ୱୱସ୍ତୁ ଚ| ପତିତଂ ପୁନରୁଥାପ୍ୟ ସଜ୍ଜଯିଷ୍ୟାମି ସର୍ୱ୍ୱଥା||
2c0f12008a	ଆ ପ୍ରଥମାଦ୍ ଈଶ୍ୱରଃ ସ୍ୱୀଯାନି ସର୍ୱ୍ୱକର୍ମ୍ମାଣି ଜାନାତି|
2c0f13012c	ଅତଏୱ ମମ ନିୱେଦନମିଦଂ ଭିନ୍ନଦେଶୀଯଲୋକାନାଂ ମଧ୍ୟେ ଯେ ଜନା ଈଶ୍ୱରଂ ପ୍ରତି ପରାୱର୍ତ୍ତନ୍ତ ତେଷାମୁପରି ଅନ୍ୟଂ କମପି ଭାରଂ ନ ନ୍ୟସ୍ୟ
2c0f140136	ଦେୱତାପ୍ରସାଦାଶୁଚିଭକ୍ଷ୍ୟଂ ୱ୍ୟଭିଚାରକର୍ମ୍ମ କଣ୍ଠସମ୍ପୀଡନମାରିତପ୍ରାଣିଭକ୍ଷ୍ୟଂ ରକ୍ତଭକ୍ଷ୍ୟଞ୍ଚ ଏତାନି ପରିତ୍ୟକ୍ତୁଂ ଲିଖାମଃ|
2c0f150120	ଯତଃ ପୂର୍ୱ୍ୱକାଲତୋ ମୂସାୱ୍ୟୱସ୍ଥାପ୍ରଚାରିଣୋ ଲୋକା ନଗରେ ନଗରେ ସନ୍ତି ପ୍ରତିୱିଶ୍ରାମୱାରଞ୍ଚ ଭଜନଭୱନେ ତସ୍ୟାଃ ପାଠୋ ଭୱତି|
2c0f160225	ତତଃ ପରଂ ପ୍ରେରିତଗଣୋ ଲୋକପ୍ରାଚୀନଗଣଃ ସର୍ୱ୍ୱା ମଣ୍ଡଲୀ ଚ ସ୍ୱେଷାଂ ମଧ୍ୟେ ବର୍ଶବ୍ବା ନାମ୍ନା ୱିଖ୍ୟାତୋ ମନୋନୀତୌ କୃତ୍ୱା ପୌଲବର୍ଣବ୍ବାଭ୍ୟାଂ ସାର୍ଦ୍ଧମ୍ ଆନ୍ତିଯଖିଯାନଗରଂ ପ୍ରତି ପ୍ରେଷଣମ୍ ଉଚିତଂ ବୁଦ୍ଧ୍ୱା ତାଭ୍ୟାଂ ପତ୍ରଂ ପ୍ରୈଷଯନ୍|
2c0f17016e	ତସ୍ମିନ୍ ପତ୍ରେ ଲିଖିତମିଂଦ, ଆନ୍ତିଯଖିଯା-ସୁରିଯା-କିଲିକିଯାଦେଶସ୍ଥଭିନ୍ନଦେଶୀଯଭ୍ରାତୃଗଣାଯ ପ୍ରେରିତଗଣସ୍ୟ ଲୋକପ୍ରାଚୀନଗଣସ୍ୟ ଭ୍ରାତୃଗଣସ୍ୟ ଚ ନମସ୍କାରଃ|
2c0f180258	ୱିଶେଷତୋଽସ୍ମାକମ୍ ଆଜ୍ଞାମ୍ ଅପ୍ରାପ୍ୟାପି କିଯନ୍ତୋ ଜନା ଅସ୍ମାକଂ ମଧ୍ୟାଦ୍ ଗତ୍ୱା ତ୍ୱକ୍ଛେଦୋ ମୂସାୱ୍ୟୱସ୍ଥା ଚ ପାଲଯିତୱ୍ୟାୱିତି ଯୁଷ୍ମାନ୍ ଶିକ୍ଷଯିତ୍ୱା ଯୁଷ୍ମାକଂ ମନସାମସ୍ଥୈର୍ୟ୍ୟଂ କୃତ୍ୱା ଯୁଷ୍ମାନ୍ ସସନ୍ଦେହାନ୍ ଅକୁର୍ୱ୍ୱନ୍ ଏତାଂ କଥାଂ ୱଯମ୍ ଅଶୃନ୍ମ|
2c0f190132	ତତ୍କାରଣାଦ୍ ୱଯମ୍ ଏକମନ୍ତ୍ରଣାଃ ସନ୍ତଃ ସଭାଯାଂ ସ୍ଥିତ୍ୱା ପ୍ରଭୋ ର୍ୟୀଶୁଖ୍ରୀଷ୍ଟସ୍ୟ ନାମନିମିତ୍ତଂ ମୃତ୍ୟୁମୁଖଗତାଭ୍ୟାମସ୍ମାକଂ
2c0f1a011a	ପ୍ରିଯବର୍ଣବ୍ବାପୌଲାଭ୍ୟାଂ ସାର୍ଦ୍ଧଂ ମନୋନୀତଲୋକାନାଂ କେଷାଞ୍ଚିଦ୍ ଯୁଷ୍ମାକଂ ସନ୍ନିଧୌ ପ୍ରେଷଣମ୍ ଉଚିତଂ ବୁଦ୍ଧୱନ୍ତଃ|
2c0f1b00e6	ଅତୋ ଯିହୂଦାସୀଲୌ ଯୁଷ୍ମାନ୍ ପ୍ରତି ପ୍ରେଷିତୱନ୍ତଃ, ଏତଯୋ ର୍ମୁଖାଭ୍ୟାଂ ସର୍ୱ୍ୱାଂ କଥାଂ ଜ୍ଞାସ୍ୟଥ|
2c0f1c0269	ଦେୱତାପ୍ରସାଦଭକ୍ଷ୍ୟଂ ରକ୍ତଭକ୍ଷ୍ୟଂ ଗଲପୀଡନମାରିତପ୍ରାଣିଭକ୍ଷ୍ୟଂ ୱ୍ୟଭିଚାରକର୍ମ୍ମ ଚେମାନି ସର୍ୱ୍ୱାଣି ଯୁଷ୍ମାଭିସ୍ତ୍ୟାଜ୍ୟାନି; ଏତତ୍ପ୍ରଯୋଜନୀଯାଜ୍ଞାୱ୍ୟତିରେକେନ ଯୁଷ୍ମାକମ୍ ଉପରି ଭାରମନ୍ୟଂ ନ ନ୍ୟସିତୁଂ ପୱିତ୍ରସ୍ୟାତ୍ମନୋଽସ୍ମାକଞ୍ଚ ଉଚିତଜ୍ଞାନମ୍ ଅଭୱତ୍|
2c0f1d00f7	ଅତଏୱ ତେଭ୍ୟଃ ସର୍ୱ୍ୱେଭ୍ୟଃ ସ୍ୱେଷୁ ରକ୍ଷିତେଷୁ ଯୂଯଂ ଭଦ୍ରଂ କର୍ମ୍ମ କରିଷ୍ୟଥ| ଯୁଷ୍ମାକଂ ମଙ୍ଗଲଂ ଭୂଯାତ୍|
2c0f1e00c0	ତେ ୱିସୃଷ୍ଟାଃ ସନ୍ତ ଆନ୍ତିଯଖିଯାନଗର ଉପସ୍ଥାଯ ଲୋକନିୱହଂ ସଂଗୃହ୍ୟ ପତ୍ରମ୍ ଅଦଦନ୍|
2c0f1f009d	ତତସ୍ତେ ତତ୍ପତ୍ରଂ ପଠିତ୍ୱା ସାନ୍ତ୍ୱନାଂ ପ୍ରାପ୍ୟ ସାନନ୍ଦା ଅଭୱନ୍|
2c0f2000e2	ଯିହୂଦାସୀଲୌ ଚ ସ୍ୱଯଂ ପ୍ରଚାରକୌ ଭୂତ୍ୱା ଭ୍ରାତୃଗଣଂ ନାନୋପଦିଶ୍ୟ ତାନ୍ ସୁସ୍ଥିରାନ୍ ଅକୁରୁତାମ୍|
2c0f21015c	ଇତ୍ଥଂ ତୌ ତତ୍ର ତୈଃ ସାକଂ କତିପଯଦିନାନି ଯାପଯିତ୍ୱା ପଶ୍ଚାତ୍ ପ୍ରେରିତାନାଂ ସମୀପେ ପ୍ରତ୍ୟାଗମନାର୍ଥଂ ତେଷାଂ ସନ୍ନିଧେଃ କଲ୍ୟାଣେନ ୱିସୃଷ୍ଟାୱଭୱତାଂ|
2c0f220067	କିନ୍ତୁ ସୀଲସ୍ତତ୍ର ସ୍ଥାତୁଂ ୱାଞ୍ଛିତୱାନ୍|
2c0f230120	ଅପରଂ ପୌଲବର୍ଣବ୍ବୌ ବହୱଃ ଶିଷ୍ୟାଶ୍ଚ ଲୋକାନ୍ ଉପଦିଶ୍ୟ ପ୍ରଭୋଃ ସୁସଂୱାଦଂ ପ୍ରଚାରଯନ୍ତ ଆନ୍ତିଯଖିଯାଯାଂ କାଲଂ ଯାପିତୱନ୍ତଃ|
2c0f2401f1	କତିପଯଦିନେଷୁ ଗତେଷୁ ପୌଲୋ ବର୍ଣବ୍ବାମ୍ ଅୱଦତ୍ ଆଗଚ୍ଛାୱାଂ ଯେଷୁ ନଗରେଷ୍ୱୀଶ୍ୱରସ୍ୟ ସୁସଂୱାଦଂ ପ୍ରଚାରିତୱନ୍ତୌ ତାନି ସର୍ୱ୍ୱନଗରାଣି ପୁନର୍ଗତ୍ୱା ଭ୍ରାତରଃ କୀଦୃଶାଃ ସନ୍ତୀତି ଦ୍ରଷ୍ଟୁଂ ତାନ୍ ସାକ୍ଷାତ୍ କୁର୍ୱ୍ୱଃ|
2c0f2500b9	ତେନ ମାର୍କନାମ୍ନା ୱିଖ୍ୟାତଂ ଯୋହନଂ ସଙ୍ଗିନଂ କର୍ତ୍ତୁଂ ବର୍ଣବ୍ବା ମତିମକରୋତ୍,
2c0f260170	କିନ୍ତୁ ସ ପୂର୍ୱ୍ୱଂ ତାଭ୍ୟାଂ ସହ କାର୍ୟ୍ୟାର୍ଥଂ ନ ଗତ୍ୱା ପାମ୍ଫୂଲିଯାଦେଶେ ତୌ ତ୍ୟକ୍ତୱାନ୍ ତତ୍କାରଣାତ୍ ପୌଲସ୍ତଂ ସଙ୍ଗିନଂ କର୍ତ୍ତୁମ୍ ଅନୁଚିତଂ ଜ୍ଞାତୱାନ୍|
2c0f27013b	ଇତ୍ଥଂ ତଯୋରତିଶଯୱିରୋଧସ୍ୟୋପସ୍ଥିତତ୍ୱାତ୍ ତୌ ପରସ୍ପରଂ ପୃଥଗଭୱତାଂ ତତୋ ବର୍ଣବ୍ବା ମାର୍କଂ ଗୃହୀତ୍ୱା ପୋତେନ କୁପ୍ରୋପଦ୍ୱୀପଂ ଗତୱାନ୍;
2c0f2800d4	କିନ୍ତୁ ପୌଲଃ ସୀଲଂ ମନୋନୀତଂ କୃତ୍ୱା ଭ୍ରାତୃଭିରୀଶ୍ୱରାନୁଗ୍ରହେ ସମର୍ପିତଃ ସନ୍ ପ୍ରସ୍ଥାଯ
2c0f2900a0	ସୁରିଯାକିଲିକିଯାଦେଶାଭ୍ୟାଂ ମଣ୍ଡଲୀଃ ସ୍ଥିରୀକୁର୍ୱ୍ୱନ୍ ଅଗଚ୍ଛତ୍|
2c10010190	ପୌଲୋ ଦର୍ବ୍ବୀଲୁସ୍ତ୍ରାନଗରଯୋରୁପସ୍ଥିତୋଭୱତ୍ ତତ୍ର ତୀମଥିଯନାମା ଶିଷ୍ୟ ଏକ ଆସୀତ୍; ସ ୱିଶ୍ୱାସିନ୍ୟା ଯିହୂଦୀଯାଯା ଯୋଷିତୋ ଗର୍ବ୍ଭଜାତଃ କିନ୍ତୁ ତସ୍ୟ ପିତାନ୍ୟଦେଶୀଯଲୋକଃ|
2c100200bc	ସ ଜନୋ ଲୁସ୍ତ୍ରା-ଇକନିଯନଗରସ୍ଥାନାଂ ଭ୍ରାତୃଣାଂ ସମୀପେପି ସୁଖ୍ୟାତିମାନ୍ ଆସୀତ୍|
2c100301bf	ପୌଲସ୍ତଂ ସ୍ୱସଙ୍ଗିନଂ କର୍ତ୍ତୁଂ ମତିଂ କୃତ୍ୱା ତଂ ଗୃହୀତ୍ୱା ତଦ୍ଦେଶନିୱାସିନାଂ ଯିହୂଦୀଯାନାମ୍ ଅନୁରୋଧାତ୍ ତସ୍ୟ ତ୍ୱକ୍ଛେଦଂ କୃତୱାନ୍ ଯତସ୍ତସ୍ୟ ପିତା ଭିନ୍ନଦେଶୀଯଲୋକ ଇତି ସର୍ୱ୍ୱୈରଜ୍ଞାଯତ|
2c10040180	ତତଃ ପରଂ ତେ ନଗରେ ନଗରେ ଭ୍ରମିତ୍ୱା ଯିରୂଶାଲମସ୍ଥୈଃ ପ୍ରେରିତୈ ର୍ଲୋକପ୍ରାଚୀନୈଶ୍ଚ ନିରୂପିତଂ ଯଦ୍ ୱ୍ୟୱସ୍ଥାପତ୍ରଂ ତଦନୁସାରେଣାଚରିତୁଂ ଲୋକେଭ୍ୟସ୍ତଦ୍ ଦତ୍ତୱନ୍ତଃ|
2c100500ea	ତେନୈୱ ସର୍ୱ୍ୱେ ଧର୍ମ୍ମସମାଜାଃ ଖ୍ରୀଷ୍ଟଧର୍ମ୍ମେ ସୁସ୍ଥିରାଃ ସନ୍ତଃ ପ୍ରତିଦିନଂ ୱର୍ଦ୍ଧିତା ଅଭୱନ୍|
2c1006011f	ତେଷୁ ଫ୍ରୁଗିଯାଗାଲାତିଯାଦେଶମଧ୍ୟେନ ଗତେଷୁ ସତ୍ସୁ ପୱିତ୍ର ଆତ୍ମା ତାନ୍ ଆଶିଯାଦେଶେ କଥାଂ ପ୍ରକାଶଯିତୁଂ ପ୍ରତିଷିଦ୍ଧୱାନ୍|
2c100700d3	ତଥା ମୁସିଯାଦେଶ ଉପସ୍ଥାଯ ବିଥୁନିଯାଂ ଗନ୍ତୁଂ ତୈରୁଦ୍ୟୋଗେ କୃତେ ଆତ୍ମା ତାନ୍ ନାନ୍ୱମନ୍ୟତ|
2c100800a9	ତସ୍ମାତ୍ ତେ ମୁସିଯାଦେଶଂ ପରିତ୍ୟଜ୍ୟ ତ୍ରୋଯାନଗରଂ ଗତ୍ୱା ସମୁପସ୍ଥିତାଃ|
2c10090152	ରାତ୍ରୌ ପୌଲଃ ସ୍ୱପ୍ନେ ଦୃଷ୍ଟୱାନ୍ ଏକୋ ମାକିଦନିଯଲୋକସ୍ତିଷ୍ଠନ୍ ୱିନଯଂ କୃତ୍ୱା ତସ୍ମୈ କଥଯତି, ମାକିଦନିଯାଦେଶମ୍ ଆଗତ୍ୟାସ୍ମାନ୍ ଉପକୁର୍ୱ୍ୱିତି|
2c100a01c3	ତସ୍ୟେତ୍ଥଂ ସ୍ୱପ୍ନଦର୍ଶନାତ୍ ପ୍ରଭୁସ୍ତଦ୍ଦେଶୀଯଲୋକାନ୍ ପ୍ରତି ସୁସଂୱାଦଂ ପ୍ରଚାରଯିତୁମ୍ ଅସ୍ମାନ୍ ଆହୂଯତୀତି ନିଶ୍ଚିତଂ ବୁଦ୍ଧ୍ୱା ୱଯଂ ତୂର୍ଣଂ ମାକିଦନିଯାଦେଶଂ ଗନ୍ତୁମ୍ ଉଦ୍ୟୋଗମ୍ ଅକୁର୍ମ୍ମ|
2c100b0116	ତତଃ ପରଂ ୱଯଂ ତ୍ରୋଯାନଗରାଦ୍ ପ୍ରସ୍ଥାଯ ଋଜୁମାର୍ଗେଣ ସାମଥ୍ରାକିଯୋପଦ୍ୱୀପେନ ଗତ୍ୱା ପରେଽହନି ନିଯାପଲିନଗର ଉପସ୍ଥିତାଃ|
2c100c014e	ତସ୍ମାଦ୍ ଗତ୍ୱା ମାକିଦନିଯାନ୍ତର୍ୱ୍ୱର୍ତ୍ତି ରୋମୀଯୱସତିସ୍ଥାନଂ ଯତ୍ ଫିଲିପୀନାମପ୍ରଧାନନଗରଂ ତତ୍ରୋପସ୍ଥାଯ କତିପଯଦିନାନି ତତ୍ର ସ୍ଥିତୱନ୍ତଃ|
2c100d012b	ୱିଶ୍ରାମୱାରେ ନଗରାଦ୍ ବହି ର୍ଗତ୍ୱା ନଦୀତଟେ ଯତ୍ର ପ୍ରାର୍ଥନାଚାର ଆସୀତ୍ ତତ୍ରୋପୱିଶ୍ୟ ସମାଗତା ନାରୀଃ ପ୍ରତି କଥାଂ ପ୍ରାଚାରଯାମ|
2c100e01dd	ତତଃ ଥୁଯାତୀରାନଗରୀଯା ଧୂଷରାମ୍ବରୱିକ୍ରାଯିଣୀ ଲୁଦିଯାନାମିକା ଯା ଈଶ୍ୱରସେୱିକା ଯୋଷିତ୍ ଶ୍ରୋତ୍ରୀଣାଂ ମଧ୍ୟ ଆସୀତ୍ ତଯା ପୌଲୋକ୍ତୱାକ୍ୟାନି ଯଦ୍ ଗୃହ୍ୟନ୍ତେ ତଦର୍ଥଂ ପ୍ରଭୁସ୍ତସ୍ୟା ମନୋଦ୍ୱାରଂ ମୁକ୍ତୱାନ୍|
2c100f01bb	ଅତଃ ସା ଯୋଷିତ୍ ସପରିୱାରା ମଜ୍ଜିତା ସତୀ ୱିନଯଂ କୃତ୍ୱା କଥିତୱତୀ, ଯୁଷ୍ମାକଂ ୱିଚାରାଦ୍ ଯଦି ପ୍ରଭୌ ୱିଶ୍ୱାସିନୀ ଜାତାହଂ ତର୍ହି ମମ ଗୃହମ୍ ଆଗତ୍ୟ ତିଷ୍ଠତ| ଇତ୍ଥଂ ସା ଯତ୍ନେନାସ୍ମାନ୍ ଅସ୍ଥାପଯତ୍|
2c10100157	ଯସ୍ୟା ଗଣନଯା ତଦଧିପତୀନାଂ ବହୁଧନୋପାର୍ଜନଂ ଜାତଂ ତାଦୃଶୀ ଗଣକଭୂତଗ୍ରସ୍ତା କାଚନ ଦାସୀ ପ୍ରାର୍ଥନାସ୍ଥାନଗମନକାଲ ଆଗତ୍ୟାସ୍ମାନ୍ ସାକ୍ଷାତ୍ କୃତୱତୀ|
2c101101a7	ସାସ୍ମାକଂ ପୌଲସ୍ୟ ଚ ପଶ୍ଚାଦ୍ ଏତ୍ୟ ପ୍ରୋଚ୍ଚୈଃ କଥାମିମାଂ କଥିତୱତୀ, ମନୁଷ୍ୟା ଏତେ ସର୍ୱ୍ୱୋପରିସ୍ଥସ୍ୟେଶ୍ୱରସ୍ୟ ସେୱକାଃ ସନ୍ତୋଽସ୍ମାନ୍ ପ୍ରତି ପରିତ୍ରାଣସ୍ୟ ମାର୍ଗଂ ପ୍ରକାଶଯନ୍ତି|
2c10120200	ସା କନ୍ୟା ବହୁଦିନାନି ତାଦୃଶମ୍ ଅକରୋତ୍ ତସ୍ମାତ୍ ପୌଲୋ ଦୁଃଖିତଃ ସନ୍ ମୁଖଂ ପରାୱର୍ତ୍ୟ ତଂ ଭୂତମୱଦଦ୍, ଅହଂ ଯୀଶୁଖ୍ରୀଷ୍ଟସ୍ୟ ନାମ୍ନା ତ୍ୱାମାଜ୍ଞାପଯାମି ତ୍ୱମସ୍ୟା ବହିର୍ଗଚ୍ଛ; ତେନୈୱ ତତ୍କ୍ଷଣାତ୍ ସ ଭୂତସ୍ତସ୍ୟା ବହିର୍ଗତଃ|
2c10130150	ତତଃ ସ୍ୱେଷାଂ ଲାଭସ୍ୟ ପ୍ରତ୍ୟାଶା ୱିଫଲା ଜାତେତି ୱିଲୋକ୍ୟ ତସ୍ୟାଃ ପ୍ରଭୱଃ ପୌଲଂ ସୀଲଞ୍ଚ ଧୃତ୍ୱାକୃଷ୍ୟ ୱିଚାରସ୍ଥାନେଽଧିପତୀନାଂ ସମୀପମ୍ ଆନଯନ୍|
2c101400f6	ତତଃ ଶାସକାନାଂ ନିକଟଂ ନୀତ୍ୱା ରୋମିଲୋକା ୱଯମ୍ ଅସ୍ମାକଂ ଯଦ୍ ୱ୍ୟୱହରଣଂ ଗ୍ରହୀତୁମ୍ ଆଚରିତୁଞ୍ଚ ନିଷିଦ୍ଧଂ,
2c101500d5	ଇମେ ଯିହୂଦୀଯଲୋକାଃ ସନ୍ତୋପି ତଦେୱ ଶିକ୍ଷଯିତ୍ୱା ନଗରେଽସ୍ମାକମ୍ ଅତୀୱ କଲହଂ କୁର୍ୱ୍ୱନ୍ତି,
2c10160144	ଇତି କଥିତେ ସତି ଲୋକନିୱହସ୍ତଯୋଃ ପ୍ରାତିକୂଲ୍ୟେନୋଦତିଷ୍ଠତ୍ ତଥା ଶାସକାସ୍ତଯୋ ର୍ୱସ୍ତ୍ରାଣି ଛିତ୍ୱା ୱେତ୍ରାଘାତଂ କର୍ତ୍ତୁମ୍ ଆଜ୍ଞାପଯନ୍|
2c101700e1	ଅପରଂ ତେ ତୌ ବହୁ ପ୍ରହାର୍ୟ୍ୟ ତ୍ୱମେତୌ କାରାଂ ନୀତ୍ୱା ସାୱଧାନଂ ରକ୍ଷଯେତି କାରାରକ୍ଷକମ୍ ଆଦିଶନ୍|
2c101800fa	ଇତ୍ଥମ୍ ଆଜ୍ଞାଂ ପ୍ରାପ୍ୟ ସ ତାୱଭ୍ୟନ୍ତରସ୍ଥକାରାଂ ନୀତ୍ୱା ପାଦେଷୁ ପାଦପାଶୀଭି ର୍ବଦ୍ଧ୍ୱା ସ୍ଥାପିତାୱାନ୍|
2c101900fc	ଅଥ ନିଶୀଥସମଯେ ପୌଲସୀଲାୱୀଶ୍ୱରମୁଦ୍ଦିଶ୍ୟ ପ୍ରାଥନାଂ ଗାନଞ୍ଚ କୃତୱନ୍ତୌ, କାରାସ୍ଥିତା ଲୋକାଶ୍ଚ ତଦଶୃଣ୍ୱନ୍
2c101a0191	ତଦାକସ୍ମାତ୍ ମହାନ୍ ଭୂମିକମ୍ପୋଽଭୱତ୍ ତେନ ଭିତ୍ତିମୂଲେନ ସହ କାରା କମ୍ପିତାଭୂତ୍ ତତ୍କ୍ଷଣାତ୍ ସର୍ୱ୍ୱାଣି ଦ୍ୱାରାଣି ମୁକ୍ତାନି ଜାତାନି ସର୍ୱ୍ୱେଷାଂ ବନ୍ଧନାନି ଚ ମୁକ୍ତାନି|
2c101b0197	ଅତଏୱ କାରାରକ୍ଷକୋ ନିଦ୍ରାତୋ ଜାଗରିତ୍ୱା କାରାଯା ଦ୍ୱାରାଣି ମୁକ୍ତାନି ଦୃଷ୍ଟ୍ୱା ବନ୍ଦିଲୋକାଃ ପଲାଯିତା ଇତ୍ୟନୁମାଯ କୋଷାତ୍ ଖଙ୍ଗଂ ବହିଃ କୃତ୍ୱାତ୍ମଘାତଂ କର୍ତ୍ତୁମ୍ ଉଦ୍ୟତଃ|
2c101c010a	କିନ୍ତୁ ପୌଲଃ ପ୍ରୋଚ୍ଚୈସ୍ତମାହୂଯ କଥିତୱାନ୍ ପଶ୍ୟ ୱଯଂ ସର୍ୱ୍ୱେଽତ୍ରାସ୍ମହେ, ତ୍ୱଂ ନିଜପ୍ରାଣହିଂସାଂ ମାକାର୍ଷୀଃ|
2c101d0108	ତଦା ପ୍ରଦୀପମ୍ ଆନେତୁମ୍ ଉକ୍ତ୍ୱା ସ କମ୍ପମାନଃ ସନ୍ ଉଲ୍ଲମ୍ପ୍ୟାଭ୍ୟନ୍ତରମ୍ ଆଗତ୍ୟ ପୌଲସୀଲଯୋଃ ପାଦେଷୁ ପତିତୱାନ୍|
2c101e00de	ପଶ୍ଚାତ୍ ସ ତୌ ବହିରାନୀଯ ପୃଷ୍ଟୱାନ୍ ହେ ମହେଚ୍ଛୌ ପରିତ୍ରାଣଂ ପ୍ରାପ୍ତୁଂ ମଯା କିଂ କର୍ତ୍ତୱ୍ୟଂ?
2c101f0172	ପଶ୍ଚାତ୍ ତୌ ସ୍ୱଗୃହମାନୀଯ ତଯୋଃ ସମ୍ମୁଖେ ଖାଦ୍ୟଦ୍ରୱ୍ୟାଣି ସ୍ଥାପିତୱାନ୍ ତଥା ସ ସ୍ୱଯଂ ତଦୀଯାଃ ସର୍ୱ୍ୱେ ପରିୱାରାଶ୍ଚେଶ୍ୱରେ ୱିଶ୍ୱସନ୍ତଃ ସାନନ୍ଦିତା ଅଭୱନ୍|
2c102000a2	ତସ୍ମୈ ତସ୍ୟ ଗୃହସ୍ଥିତସର୍ୱ୍ୱଲୋକେଭ୍ୟଶ୍ଚ ପ୍ରଭୋଃ କଥାଂ କଥିତୱନ୍ତୌ|
2c10210165	ତଥା ରାତ୍ରେସ୍ତସ୍ମିନ୍ନେୱ ଦଣ୍ଡେ ସ ତୌ ଗୃହୀତ୍ୱା ତଯୋଃ ପ୍ରହାରାଣାଂ କ୍ଷତାନି ପ୍ରକ୍ଷାଲିତୱାନ୍ ତତଃ ସ ସ୍ୱଯଂ ତସ୍ୟ ସର୍ୱ୍ୱେ ପରିଜନାଶ୍ଚ ମଜ୍ଜିତା ଅଭୱନ୍|
2c10220172	ପଶ୍ଚାତ୍ ତୌ ସ୍ୱଗୃହମାନୀଯ ତଯୋଃ ସମ୍ମୁଖେ ଖାଦ୍ୟଦ୍ରୱ୍ୟାଣି ସ୍ଥାପିତୱାନ୍ ତଥା ସ ସ୍ୱଯଂ ତଦୀଯାଃ ସର୍ୱ୍ୱେ ପରିୱାରାଶ୍ଚେଶ୍ୱରେ ୱିଶ୍ୱସନ୍ତଃ ସାନନ୍ଦିତା ଅଭୱନ୍|
2c102300c1	ଦିନ ଉପସ୍ଥିତେ ତୌ ଲୋକୌ ମୋଚଯେତି କଥାଂ କଥଯିତୁଂ ଶାସକାଃ ପଦାତିଗଣଂ ପ୍ରେଷିତୱନ୍ତଃ|
2c10240167	ତତଃ କାରାରକ୍ଷକଃ ପୌଲାଯ ତାଂ ୱାର୍ତ୍ତାଂ କଥିତୱାନ୍ ଯୁୱାଂ ତ୍ୟାଜଯିତୁଂ ଶାସକା ଲୋକାନ ପ୍ରେଷିତୱନ୍ତ ଇଦାନୀଂ ଯୁୱାଂ ବହି ର୍ଭୂତ୍ୱା କୁଶଲେନ ପ୍ରତିଷ୍ଠେତାଂ|
2c10250237	କିନ୍ତୁ ପୌଲସ୍ତାନ୍ ଅୱଦତ୍ ରୋମିଲୋକଯୋରାୱଯୋଃ କମପି ଦୋଷମ୍ ନ ନିଶ୍ଚିତ୍ୟ ସର୍ୱ୍ୱେଷାଂ ସମକ୍ଷମ୍ ଆୱାଂ କଶଯା ତାଡଯିତ୍ୱା କାରାଯାଂ ବଦ୍ଧୱନ୍ତ ଇଦାନୀଂ କିମାୱାଂ ଗୁପ୍ତଂ ୱିସ୍ତ୍ରକ୍ଷ୍ୟନ୍ତି? ତନ୍ନ ଭୱିଷ୍ୟତି, ସ୍ୱଯମାଗତ୍ୟାୱାଂ ବହିଃ କୃତ୍ୱା ନଯନ୍ତୁ|
2c102600eb	ତଦା ପଦାତିଭିଃ ଶାସକେଭ୍ୟ ଏତଦ୍ୱାର୍ତ୍ତାଯାଂ କଥିତାଯାଂ ତୌ ରୋମିଲୋକାୱିତି କଥାଂ ଶ୍ରୁତ୍ୱା ତେ ଭୀତାଃ
2c10270103	ସନ୍ତସ୍ତଯୋଃ ସନ୍ନିଧିମାଗତ୍ୟ ୱିନଯମ୍ ଅକୁର୍ୱ୍ୱନ୍ ଅପରଂ ବହିଃ କୃତ୍ୱା ନଗରାତ୍ ପ୍ରସ୍ଥାତୁଂ ପ୍ରାର୍ଥିତୱନ୍ତଃ|
2c1028014c	ତତସ୍ତୌ କାରାଯା ନିର୍ଗତ୍ୟ ଲୁଦିଯାଯା ଗୃହଂ ଗତୱନ୍ତୌ ତତ୍ର ଭ୍ରାତୃଗଣଂ ସାକ୍ଷାତ୍କୃତ୍ୟ ତାନ୍ ସାନ୍ତ୍ୱଯିତ୍ୱା ତସ୍ମାତ୍ ସ୍ଥାନାତ୍ ପ୍ରସ୍ଥିତୌ|
2c11010124	ପୌଲସୀଲୌ ଆମ୍ଫିପଲ୍ୟାପଲ୍ଲୋନିଯାନଗରାଭ୍ୟାଂ ଗତ୍ୱା ଯତ୍ର ଯିହୂଦୀଯାନାଂ ଭଜନଭୱନମେକମ୍ ଆସ୍ତେ ତତ୍ର ଥିଷଲନୀକୀନଗର ଉପସ୍ଥିତୌ|
2c11020129	ତଦା ପୌଲଃ ସ୍ୱାଚାରାନୁସାରେଣ ତେଷାଂ ସମୀପଂ ଗତ୍ୱା ୱିଶ୍ରାମୱାରତ୍ରଯେ ତୈଃ ସାର୍ଦ୍ଧଂ ଧର୍ମ୍ମପୁସ୍ତକୀଯକଥାଯା ୱିଚାରଂ କୃତୱାନ୍|
2c110301e3	ଫଲତଃ ଖ୍ରୀଷ୍ଟେନ ଦୁଃଖଭୋଗଃ କର୍ତ୍ତୱ୍ୟଃ ଶ୍ମଶାନଦୁତ୍ଥାନଞ୍ଚ କର୍ତ୍ତୱ୍ୟଂ ଯୁଷ୍ମାକଂ ସନ୍ନିଧୌ ଯସ୍ୟ ଯୀଶୋଃ ପ୍ରସ୍ତାୱଂ କରୋମି ସ ଈଶ୍ୱରେଣାଭିଷିକ୍ତଃ ସ ଏତାଃ କଥାଃ ପ୍ରକାଶ୍ୟ ପ୍ରମାଣଂ ଦତ୍ୱା ସ୍ଥିରୀକୃତୱାନ୍|
2c11040132	ତସ୍ମାତ୍ ତେଷାଂ କତିପଯଜନା ଅନ୍ୟଦେଶୀଯା ବହୱୋ ଭକ୍ତଲୋକା ବହ୍ୟଃ ପ୍ରଧାନନାର୍ୟ୍ୟଶ୍ଚ ୱିଶ୍ୱସ୍ୟ ପୌଲସୀଲଯୋଃ ପଶ୍ଚାଦ୍ଗାମିନୋ ଜାତାଃ|
2c11050236	କିନ୍ତୁ ୱିଶ୍ୱାସହୀନା ଯିହୂଦୀଯଲୋକା ଈର୍ଷ୍ୟଯା ପରିପୂର୍ଣାଃ ସନ୍ତୋ ହଟଟ୍ସ୍ୟ କତିନଯଲମ୍ପଟଲୋକାନ୍ ସଙ୍ଗିନଃ କୃତ୍ୱା ଜନତଯା ନଗରମଧ୍ୟେ ମହାକଲହଂ କୃତ୍ୱା ଯାସୋନୋ ଗୃହମ୍ ଆକ୍ରମ୍ୟ ପ୍ରେରିତାନ୍ ଧୃତ୍ୱା ଲୋକନିୱହସ୍ୟ ସମୀପମ୍ ଆନେତୁଂ ଚେଷ୍ଟିତୱନ୍ତଃ|
2c110601b7	ତେଷାମୁଦ୍ଦେଶମ୍ ଅପ୍ରାପ୍ୟ ଚ ଯାସୋନଂ କତିପଯାନ୍ ଭ୍ରାତୃଂଶ୍ଚ ଧୃତ୍ୱା ନଗରାଧିପତୀନାଂ ନିକଟମାନୀଯ ପ୍ରୋଚ୍ଚୈଃ କଥିତୱନ୍ତୋ ଯେ ମନୁଷ୍ୟା ଜଗଦୁଦ୍ୱାଟିତୱନ୍ତସ୍ତେ ଽତ୍ରାପ୍ୟୁପସ୍ଥିତାଃ ସନ୍ତି,
2c11070137	ଏଷ ଯାସୋନ୍ ଆତିଥ୍ୟଂ କୃତ୍ୱା ତାନ୍ ଗୃହୀତୱାନ୍| ଯୀଶୁନାମକ ଏକୋ ରାଜସ୍ତୀତି କଥଯନ୍ତସ୍ତେ କୈସରସ୍ୟାଜ୍ଞାୱିରୁଦ୍ଧଂ କର୍ମ୍ମ କୁର୍ୱ୍ୱତି|
2c110800b2	ତେଷାଂ କଥାମିମାଂ ଶ୍ରୁତ୍ୱା ଲୋକନିୱହୋ ନଗରାଧିପତଯଶ୍ଚ ସମୁଦ୍ୱିଗ୍ନା ଅଭୱନ୍|
2c110900a8	ତଦା ଯାସୋନସ୍ତଦନ୍ୟେଷାଞ୍ଚ ଧନଦଣ୍ଡଂ ଗୃହୀତ୍ୱା ତାନ୍ ପରିତ୍ୟକ୍ତୱନ୍ତଃ|
2c110a0124	ତତଃ ପରଂ ଭ୍ରାତୃଗଣୋ ରଜନ୍ୟାଂ ପୌଲସୀଲୌ ଶୀଘ୍ରଂ ବିରଯାନଗରଂ ପ୍ରେଷିତୱାନ୍ ତୌ ତତ୍ରୋପସ୍ଥାଯ ଯିହୂଦୀଯାନାଂ ଭଜନଭୱନଂ ଗତୱନ୍ତୌ|
2c110b0180	ତତ୍ରସ୍ଥା ଲୋକାଃ ଥିଷଲନୀକୀସ୍ଥଲୋକେଭ୍ୟୋ ମହାତ୍ମାନ ଆସନ୍ ଯତ ଇତ୍ଥଂ ଭୱତି ନ ୱେତି ଜ୍ଞାତୁଂ ଦିନେ ଦିନେ ଧର୍ମ୍ମଗ୍ରନ୍ଥସ୍ୟାଲୋଚନାଂ କୃତ୍ୱା ସ୍ୱୈରଂ କଥାମ୍ ଅଗୃହ୍ଲନ୍|
2c110c00da	ତସ୍ମାଦ୍ ଅନେକେ ଯିହୂଦୀଯା ଅନ୍ୟଦେଶୀଯାନାଂ ମାନ୍ୟା ସ୍ତ୍ରିଯଃ ପୁରୁଷାଶ୍ଚାନେକେ ୱ୍ୟଶ୍ୱସନ୍|
2c110d0169	କିନ୍ତୁ ବିରଯାନଗରେ ପୌଲେନେଶ୍ୱରୀଯା କଥା ପ୍ରଚାର୍ୟ୍ୟତ ଇତି ଥିଷଲନୀକୀସ୍ଥା ଯିହୂଦୀଯା ଜ୍ଞାତ୍ୱା ତତ୍ସ୍ଥାନମପ୍ୟାଗତ୍ୟ ଲୋକାନାଂ କୁପ୍ରୱୃତ୍ତିମ୍ ଅଜନଯନ୍|
2c110e0149	ଅତଏୱ ତସ୍ମାତ୍ ସ୍ଥାନାତ୍ ସମୁଦ୍ରେଣ ଯାନ୍ତୀତି ଦର୍ଶଯିତ୍ୱା ଭ୍ରାତରଃ କ୍ଷିପ୍ରଂ ପୌଲଂ ପ୍ରାହିଣ୍ୱନ୍ କିନ୍ତୁ ସୀଲତୀମଥିଯୌ ତତ୍ର ସ୍ଥିତୱନ୍ତୌ|
2c110f0195	ତତଃ ପରଂ ପୌଲସ୍ୟ ମାର୍ଗଦର୍ଶକାସ୍ତମ୍ ଆଥୀନୀନଗର ଉପସ୍ଥାପଯନ୍ ପଶ୍ଚାଦ୍ ଯୁୱାଂ ତୂର୍ଣମ୍ ଏତତ୍ ସ୍ଥାନଂ ଆଗମିଷ୍ୟଥଃ ସୀଲତୀମଥିଯୌ ପ୍ରତୀମାମ୍ ଆଜ୍ଞାଂ ପ୍ରାପ୍ୟ ତେ ପ୍ରତ୍ୟାଗତାଃ|
2c111000fa	ପୌଲ ଆଥୀନୀନଗରେ ତାୱପେକ୍ଷ୍ୟ ତିଷ୍ଠନ୍ ତନ୍ନଗରଂ ପ୍ରତିମାଭିଃ ପରିପୂର୍ଣଂ ଦୃଷ୍ଟ୍ୱା ସନ୍ତପ୍ତହୃଦଯୋ ଽଭୱତ୍|
2c111100fb	ତତଃ ସ ଭଜନଭୱନେ ଯାନ୍ ଯିହୂଦୀଯାନ୍ ଭକ୍ତଲୋକାଂଶ୍ଚ ହଟ୍ଟେ ଚ ଯାନ୍ ଅପଶ୍ୟତ୍ ତୈଃ ସହ ପ୍ରତିଦିନଂ ୱିଚାରିତୱାନ୍|
2c1112027b	କିନ୍ତ୍ୱିପିକୂରୀଯମତଗ୍ରହିଣଃ ସ୍ତୋଯିକୀଯମତଗ୍ରାହିଣଶ୍ଚ କିଯନ୍ତୋ ଜନାସ୍ତେନ ସାର୍ଦ୍ଧଂ ୱ୍ୟୱଦନ୍ତ| ତତ୍ର କେଚିଦ୍ ଅକଥଯନ୍ ଏଷ ୱାଚାଲଃ କିଂ ୱକ୍ତୁମ୍ ଇଚ୍ଛତି? ଅପରେ କେଚିଦ୍ ଏଷ ଜନଃ କେଷାଞ୍ଚିଦ୍ ୱିଦେଶୀଯଦେୱାନାଂ ପ୍ରଚାରକ ଇତ୍ୟନୁମୀଯତେ ଯତଃ ସ ଯୀଶୁମ୍ ଉତ୍ଥିତିଞ୍ଚ ପ୍ରଚାରଯତ୍|
2c11130124	ତେ ତମ୍ ଅରେଯପାଗନାମ ୱିଚାରସ୍ଥାନମ୍ ଆନୀଯ ପ୍ରାୱୋଚନ୍ ଇଦଂ ଯନ୍ନୱୀନଂ ମତଂ ତ୍ୱଂ ପ୍ରାଚୀକଶ ଇଦଂ କୀଦୃଶଂ ଏତଦ୍ ଅସ୍ମାନ୍ ଶ୍ରାୱଯ;
2c111400f2	ଯାମିମାମ୍ ଅସମ୍ଭୱକଥାମ୍ ଅସ୍ମାକଂ କର୍ଣଗୋଚରୀକୃତୱାନ୍ ଅସ୍ୟା ଭାୱାର୍ଥଃ କ ଇତି ୱଯଂ ଜ୍ଞାତୁମ୍ ଇଚ୍ଛାମଃ|
2c1115010b	ତଦାଥୀନୀନିୱାସିନସ୍ତନ୍ନଗରପ୍ରୱାସିନଶ୍ଚ କେୱଲଂ କସ୍ୟାଶ୍ଚନ ନୱୀନକଥାଯାଃ ଶ୍ରୱଣେନ ପ୍ରଚାରଣେନ ଚ କାଲମ୍ ଅଯାପଯନ୍|
2c11160157	ପୌଲୋଽରେଯପାଗସ୍ୟ ମଧ୍ୟେ ତିଷ୍ଠନ୍ ଏତାଂ କଥାଂ ପ୍ରଚାରିତୱାନ୍, ହେ ଆଥୀନୀଯଲୋକା ଯୂଯଂ ସର୍ୱ୍ୱଥା ଦେୱପୂଜାଯାମ୍ ଆସକ୍ତା ଇତ୍ୟହ ପ୍ରତ୍ୟକ୍ଷଂ ପଶ୍ୟାମି|
2c111701d0	ଯତଃ ପର୍ୟ୍ୟଟନକାଲେ ଯୁଷ୍ମାକଂ ପୂଜନୀଯାନି ପଶ୍ୟନ୍ ‘ଅୱିଜ୍ଞାତେଶ୍ୱରାଯ’ ଏତଲ୍ଲିପିଯୁକ୍ତାଂ ଯଜ୍ଞୱେଦୀମେକାଂ ଦୃଷ୍ଟୱାନ୍; ଅତୋ ନ ୱିଦିତ୍ୱା ଯଂ ପୂଜଯଧ୍ୱେ ତସ୍ୟୈୱ ତତ୍ୱଂ ଯୁଷ୍ମାନ୍ ପ୍ରତି ପ୍ରଚାରଯାମି|
2c11180138	ଜଗତୋ ଜଗତ୍ସ୍ଥାନାଂ ସର୍ୱ୍ୱୱସ୍ତୂନାଞ୍ଚ ସ୍ରଷ୍ଟା ଯ ଈଶ୍ୱରଃ ସ ସ୍ୱର୍ଗପୃଥିୱ୍ୟୋରେକାଧିପତିଃ ସନ୍ କରନିର୍ମ୍ମିତମନ୍ଦିରେଷୁ ନ ନିୱସତି;
2c1119016b	ସ ଏୱ ସର୍ୱ୍ୱେଭ୍ୟୋ ଜୀୱନଂ ପ୍ରାଣାନ୍ ସର୍ୱ୍ୱସାମଗ୍ରୀଶ୍ଚ ପ୍ରଦଦାତି; ଅତଏୱ ସ କସ୍ୟାଶ୍ଚିତ୍ ସାମଗ୍ୟ୍ରା ଅଭାୱହେତୋ ର୍ମନୁଷ୍ୟାଣାଂ ହସ୍ତୈଃ ସେୱିତୋ ଭୱତୀତି ନ|
2c111a0147	ସ ଭୂମଣ୍ଡଲେ ନିୱାସାର୍ଥମ୍ ଏକସ୍ମାତ୍ ଶୋଣିତାତ୍ ସର୍ୱ୍ୱାନ୍ ମନୁଷ୍ୟାନ୍ ସୃଷ୍ଟ୍ୱା ତେଷାଂ ପୂର୍ୱ୍ୱନିରୂପିତସମଯଂ ୱସତିସୀମାଞ୍ଚ ନିରଚିନୋତ୍;
2c111b00f2	ତସ୍ମାତ୍ ଲୋକୈଃ କେନାପି ପ୍ରକାରେଣ ମୃଗଯିତ୍ୱା ପରମେଶ୍ୱରସ୍ୟ ତତ୍ୱଂ ପ୍ରାପ୍ତୁଂ ତସ୍ୟ ଗୱେଷଣଂ କରଣୀଯମ୍|
2c111c01d0	କିନ୍ତୁ ସୋଽସ୍ମାକଂ କସ୍ମାଚ୍ଚିଦପି ଦୂରେ ତିଷ୍ଠତୀତି ନହି, ୱଯଂ ତେନ ନିଶ୍ୱସନପ୍ରଶ୍ୱସନଗମନାଗମନପ୍ରାଣଧାରଣାନି କୁର୍ମ୍ମଃ, ପୁନଶ୍ଚ ଯୁଷ୍ମାକମେୱ କତିପଯାଃ କୱଯଃ କଥଯନ୍ତି ‘ତସ୍ୟ ୱଂଶା ୱଯଂ ସ୍ମୋ ହି’ ଇତି|
2c111d0174	ଅତଏୱ ଯଦି ୱଯମ୍ ଈଶ୍ୱରସ୍ୟ ୱଂଶା ଭୱାମସ୍ତର୍ହି ମନୁଷ୍ୟୈ ର୍ୱିଦ୍ୟଯା କୌଶଲେନ ଚ ତକ୍ଷିତଂ ସ୍ୱର୍ଣଂ ରୂପ୍ୟଂ ଦୃଷଦ୍ ୱୈତେଷାମୀଶ୍ୱରତ୍ୱମ୍ ଅସ୍ମାଭି ର୍ନ ଜ୍ଞାତୱ୍ୟଂ|
2c111e0156	ତେଷାଂ ପୂର୍ୱ୍ୱୀଯଲୋକାନାମ୍ ଅଜ୍ଞାନତାଂ ପ୍ରତୀଶ୍ୱରୋ ଯଦ୍ୟପି ନାୱାଧତ୍ତ ତଥାପୀଦାନୀଂ ସର୍ୱ୍ୱତ୍ର ସର୍ୱ୍ୱାନ୍ ମନଃ ପରିୱର୍ତ୍ତଯିତୁମ୍ ଆଜ୍ଞାପଯତି,
2c111f01a4	ଯତଃ ସ୍ୱନିଯୁକ୍ତେନ ପୁରୁଷେଣ ଯଦା ସ ପୃଥିୱୀସ୍ଥାନାଂ ସର୍ୱ୍ୱଲୋକାନାଂ ୱିଚାରଂ କରିଷ୍ୟତି ତଦ୍ଦିନଂ ନ୍ୟରୂପଯତ୍; ତସ୍ୟ ଶ୍ମଶାନୋତ୍ଥାପନେନ ତସ୍ମିନ୍ ସର୍ୱ୍ୱେଭ୍ୟଃ ପ୍ରମାଣଂ ପ୍ରାଦାତ୍|
2c11200110	ତଦା ଶ୍ମଶାନାଦ୍ ଉତ୍ଥାନସ୍ୟ କଥାଂ ଶ୍ରୁତ୍ୱା କେଚିଦ୍ ଉପାହମନ୍, କେଚିଦୱଦନ୍ ଏନାଂ କଥାଂ ପୁନରପି ତ୍ୱତ୍ତଃ ଶ୍ରୋଷ୍ୟାମଃ|
2c11210064	ତତଃ ପୌଲସ୍ତେଷାଂ ସମୀପାତ୍ ପ୍ରସ୍ଥିତୱାନ୍|
2c11220156	ତଥାପି କେଚିଲ୍ଲୋକାସ୍ତେନ ସାର୍ଦ୍ଧଂ ମିଲିତ୍ୱା ୱ୍ୟଶ୍ୱସନ୍ ତେଷାଂ ମଧ୍ୟେ ଽରେଯପାଗୀଯଦିଯନୁସିଯୋ ଦାମାରୀନାମା କାଚିନ୍ନାରୀ କିଯନ୍ତୋ ନରାଶ୍ଚାସନ୍|
2c120100b3	ତଦ୍ଘଟନାତଃ ପରଂ ପୌଲ ଆଥୀନୀନଗରାଦ୍ ଯାତ୍ରାଂ କୃତ୍ୱା କରିନ୍ଥନଗରମ୍ ଆଗଚ୍ଛତ୍|
2c12020297	ତସ୍ମିନ୍ ସମଯେ କ୍ଲୌଦିଯଃ ସର୍ୱ୍ୱାନ୍ ଯିହୂଦୀଯାନ୍ ରୋମାନଗରଂ ୱିହାଯ ଗନ୍ତୁମ୍ ଆଜ୍ଞାପଯତ୍, ତସ୍ମାତ୍ ପ୍ରିସ୍କିଲ୍ଲାନାମ୍ନା ଜାଯଯା ସାର୍ଦ୍ଧମ୍ ଇତାଲିଯାଦେଶାତ୍ କିଞ୍ଚିତ୍ପୂର୍ୱ୍ୱମ୍ ଆଗମତ୍ ଯଃ ପନ୍ତଦେଶେ ଜାତ ଆକ୍କିଲନାମା ଯିହୂଦୀଯଲୋକଃ ପୌଲସ୍ତଂ ସାକ୍ଷାତ୍ ପ୍ରାପ୍ୟ ତଯୋଃ ସମୀପମିତୱାନ୍|
2c12030108	ତୌ ଦୂଷ୍ୟନିର୍ମ୍ମାଣଜୀୱିନୌ, ତସ୍ମାତ୍ ପରସ୍ପରମ୍ ଏକୱୃତ୍ତିକତ୍ୱାତ୍ ସ ତାଭ୍ୟାଂ ସହ ଉଷିତ୍ୱା ତତ୍ କର୍ମ୍ମାକରୋତ୍|
2c12040115	ପୌଲଃ ପ୍ରତିୱିଶ୍ରାମୱାରଂ ଭଜନଭୱନଂ ଗତ୍ୱା ୱିଚାରଂ କୃତ୍ୱା ଯିହୂଦୀଯାନ୍ ଅନ୍ୟଦେଶୀଯାଂଶ୍ଚ ପ୍ରୱୃତ୍ତିଂ ଗ୍ରାହିତୱାନ୍|
2c12050169	ସୀଲତୀମଥିଯଯୋ ର୍ମାକିଦନିଯାଦେଶାତ୍ ସମେତଯୋଃ ସତୋଃ ପୌଲ ଉତ୍ତପ୍ତମନା ଭୂତ୍ୱା ଯୀଶୁରୀଶ୍ୱରେଣାଭିଷିକ୍ତୋ ଭୱତୀତି ପ୍ରମାଣଂ ଯିହୂଦୀଯାନାଂ ସମୀପେ ପ୍ରାଦାତ୍|
2c12060218	କିନ୍ତୁ ତେ ଽତୀୱ ୱିରୋଧଂ ୱିଧାଯ ପାଷଣ୍ଡୀଯକଥାଂ କଥିତୱନ୍ତସ୍ତତଃ ପୌଲୋ ୱସ୍ତ୍ରଂ ଧୁନ୍ୱନ୍ ଏତାଂ କଥାଂ କଥିତୱାନ୍, ଯୁଷ୍ମାକଂ ଶୋଣିତପାତାପରାଧୋ ଯୁଷ୍ମାନ୍ ପ୍ରତ୍ୟେୱ ଭୱତୁ, ତେନାହଂ ନିରପରାଧୋ ଽଦ୍ୟାରଭ୍ୟ ଭିନ୍ନଦେଶୀଯାନାଂ ସମୀପଂ ଯାମି|
2c12070102	ସ ତସ୍ମାତ୍ ପ୍ରସ୍ଥାଯ ଭଜନଭୱନସମୀପସ୍ଥସ୍ୟ ଯୁସ୍ତନାମ୍ନ ଈଶ୍ୱରଭକ୍ତସ୍ୟ ଭିନ୍ନଦେଶୀଯସ୍ୟ ନିୱେଶନଂ ପ୍ରାୱିଶତ୍|
2c12080140	ତତଃ କ୍ରୀଷ୍ପନାମା ଭଜନଭୱନାଧିପତିଃ ସପରିୱାରଃ ପ୍ରଭୌ ୱ୍ୟଶ୍ୱସୀତ୍, କରିନ୍ଥନଗରୀଯା ବହୱୋ ଲୋକାଶ୍ଚ ସମାକର୍ଣ୍ୟ ୱିଶ୍ୱସ୍ୟ ମଜ୍ଜିତା ଅଭୱନ୍|
2c120900d1	କ୍ଷଣଦାଯାଂ ପ୍ରଭୁଃ ପୌଲଂ ଦର୍ଶନଂ ଦତ୍ୱା ଭାଷିତୱାନ୍, ମା ଭୈଷୀଃ, ମା ନିରସୀଃ କଥାଂ ପ୍ରଚାରଯ|
2c120a0108	ଅହଂ ତ୍ୱଯା ସାର୍ଦ୍ଧମ୍ ଆସ ହିଂସାର୍ଥଂ କୋପି ତ୍ୱାଂ ସ୍ପ୍ରଷ୍ଟୁଂ ନ ଶକ୍ଷ୍ୟତି ନଗରେଽସ୍ମିନ୍ ମଦୀଯା ଲୋକା ବହୱ ଆସତେ|
2c120b00eb	ତସ୍ମାତ୍ ପୌଲସ୍ତନ୍ନଗରେ ପ୍ରାଯେଣ ସାର୍ଦ୍ଧୱତ୍ସରପର୍ୟ୍ୟନ୍ତଂ ସଂସ୍ଥାଯେଶ୍ୱରସ୍ୟ କଥାମ୍ ଉପାଦିଶତ୍|
2c120c013c	ଗାଲ୍ଲିଯନାମା କଶ୍ଚିଦ୍ ଆଖାଯାଦେଶସ୍ୟ ପ୍ରାଡ୍ୱିୱାକଃ ସମଭୱତ୍, ତତୋ ଯିହୂଦୀଯା ଏକୱାକ୍ୟାଃ ସନ୍ତଃ ପୌଲମ୍ ଆକ୍ରମ୍ୟ ୱିଚାରସ୍ଥାନଂ ନୀତ୍ୱା
2c120d0100	ମାନୁଷ ଏଷ ୱ୍ୟୱସ୍ଥାଯ ୱିରୁଦ୍ଧମ୍ ଈଶ୍ୱରଭଜନଂ କର୍ତ୍ତୁଂ ଲୋକାନ୍ କୁପ୍ରୱୃତ୍ତିଂ ଗ୍ରାହଯତୀତି ନିୱେଦିତୱନ୍ତଃ|
2c120e01cd	ତତଃ ପୌଲେ ପ୍ରତ୍ୟୁତ୍ତରଂ ଦାତୁମ୍ ଉଦ୍ୟତେ ସତି ଗାଲ୍ଲିଯା ଯିହୂଦୀଯାନ୍ ୱ୍ୟାହରତ୍, ଯଦି କସ୍ୟଚିଦ୍ ଅନ୍ୟାଯସ୍ୟ ୱାତିଶଯଦୁଷ୍ଟତାଚରଣସ୍ୟ ୱିଚାରୋଽଭୱିଷ୍ୟତ୍ ତର୍ହି ଯୁଷ୍ମାକଂ କଥା ମଯା ସହନୀଯାଭୱିଷ୍ୟତ୍|
2c120f0150	କିନ୍ତୁ ଯଦି କେୱଲଂ କଥାଯା ୱା ନାମ୍ନୋ ୱା ଯୁଷ୍ମାକଂ ୱ୍ୟୱସ୍ଥାଯା ୱିୱାଦୋ ଭୱତି ତର୍ହି ତସ୍ୟ ୱିଚାରମହଂ ନ କରିଷ୍ୟାମି, ଯୂଯଂ ତସ୍ୟ ମୀମାଂସାଂ କୁରୁତ|
2c12100065	ତତଃ ସ ତାନ୍ ୱିଚାରସ୍ଥାନାଦ୍ ଦୂରୀକୃତୱାନ୍|
2c12110190	ତଦା ଭିନ୍ନଦେଶୀଯାଃ ସୋସ୍ଥିନିନାମାନଂ ଭଜନଭୱନସ୍ୟ ପ୍ରଧାନାଧିପତିଂ ଧୃତ୍ୱା ୱିଚାରସ୍ଥାନସ୍ୟ ସମ୍ମୁଖେ ପ୍ରାହରନ୍ ତଥାପି ଗାଲ୍ଲିଯା ତେଷୁ ସର୍ୱ୍ୱକର୍ମ୍ମସୁ ନ ମନୋ ନ୍ୟଦଧାତ୍|
2c121201e2	ପୌଲସ୍ତତ୍ର ପୁନର୍ବହୁଦିନାନି ନ୍ୟୱସତ୍, ତତୋ ଭ୍ରାତୃଗଣାଦ୍ ୱିସର୍ଜନଂ ପ୍ରାପ୍ୟ କିଞ୍ଚନୱ୍ରତନିମିତ୍ତଂ କିଂକ୍ରିଯାନଗରେ ଶିରୋ ମୁଣ୍ଡଯିତ୍ୱା ପ୍ରିସ୍କିଲ୍ଲାକ୍କିଲାଭ୍ୟାଂ ସହିତୋ ଜଲପଥେନ ସୁରିଯାଦେଶଂ ଗତୱାନ୍|
2c121300e4	ତତ ଇଫିଷନଗର ଉପସ୍ଥାଯ ତତ୍ର ତୌ ୱିସୃଜ୍ୟ ସ୍ୱଯଂ ଭଜନଭ୍ୱନଂ ପ୍ରୱିଶ୍ୟ ଯିହୂଦୀଯୈଃ ସହ ୱିଚାରିତୱାନ୍|
2c121400ee	ତେ ସ୍ୱୈଃ ସାର୍ଦ୍ଧଂ ପୁନଃ କତିପଯଦିନାନି ସ୍ଥାତୁଂ ତଂ ୱ୍ୟନଯନ୍, ସ ତଦନୁରରୀକୃତ୍ୟ କଥାମେତାଂ କଥିତୱାନ୍,
2c121501c5	ଯିରୂଶାଲମି ଆଗାମ୍ୟୁତ୍ସୱପାଲନାର୍ଥଂ ମଯା ଗମନୀଯଂ; ପଶ୍ଚାଦ୍ ଈଶ୍ୱରେଚ୍ଛାଯାଂ ଜାତାଯାଂ ଯୁଷ୍ମାକଂ ସମୀପଂ ପ୍ରତ୍ୟାଗମିଷ୍ୟାମି| ତତଃ ପରଂ ସ ତୈ ର୍ୱିସୃଷ୍ଟଃ ସନ୍ ଜଲପଥେନ ଇଫିଷନଗରାତ୍ ପ୍ରସ୍ଥିତୱାନ୍|
2c121600f8	ତତଃ କୈସରିଯାମ୍ ଉପସ୍ଥିତଃ ସନ୍ ନଗରଂ ଗତ୍ୱା ସମାଜଂ ନମସ୍କୃତ୍ୟ ତସ୍ମାଦ୍ ଆନ୍ତିଯଖିଯାନଗରଂ ପ୍ରସ୍ଥିତୱାନ୍|
2c12170179	ତତ୍ର କିଯତ୍କାଲଂ ଯାପଯିତ୍ୱା ତସ୍ମାତ୍ ପ୍ରସ୍ଥାଯ ସର୍ୱ୍ୱେଷାଂ ଶିଷ୍ୟାଣାଂ ମନାଂସି ସୁସ୍ଥିରାଣି କୃତ୍ୱା କ୍ରମଶୋ ଗଲାତିଯାଫ୍ରୁଗିଯାଦେଶଯୋ ର୍ଭ୍ରମିତ୍ୱା ଗତୱାନ୍|
2c12180111	ତସ୍ମିନ୍ନେୱ ସମଯେ ସିକନ୍ଦରିଯାନଗରେ ଜାତ ଆପଲ୍ଲୋନାମା ଶାସ୍ତ୍ରୱିତ୍ ସୁୱକ୍ତା ଯିହୂଦୀଯ ଏକୋ ଜନ ଇଫିଷନଗରମ୍ ଆଗତୱାନ୍|
2c1219011e	ସ ଶିକ୍ଷିତପ୍ରଭୁମାର୍ଗୋ ମନସୋଦ୍ୟୋଗୀ ଚ ସନ୍ ଯୋହନୋ ମଜ୍ଜନମାତ୍ରଂ ଜ୍ଞାତ୍ୱା ଯଥାର୍ଥତଯା ପ୍ରଭୋଃ କଥାଂ କଥଯନ୍ ସମୁପାଦିଶତ୍|
2c121a0198	ଏଷ ଜନୋ ନିର୍ଭଯତ୍ୱେନ ଭଜନଭୱନେ କଥଯିତୁମ୍ ଆରବ୍ଧୱାନ୍, ତତଃ ପ୍ରିସ୍କିଲ୍ଲାକ୍କିଲୌ ତସ୍ୟୋପଦେଶକଥାଂ ନିଶମ୍ୟ ତଂ ସ୍ୱଯୋଃ ସମୀପମ୍ ଆନୀଯ ଶୁଦ୍ଧରୂପେଣେଶ୍ୱରସ୍ୟ କଥାମ୍ ଅବୋଧଯତାମ୍|
2c121b0206	ପଶ୍ଚାତ୍ ସ ଆଖାଯାଦେଶଂ ଗନ୍ତୁଂ ମତିଂ କୃତୱାନ୍, ତଦା ତତ୍ରତ୍ୟଃ ଶିଷ୍ୟଗଣୋ ଯଥା ତଂ ଗୃହ୍ଲାତି ତଦର୍ଥଂ ଭ୍ରାତୃଗଣେନ ସମାଶ୍ୱସ୍ୟ ପତ୍ରେ ଲିଖିତେ ସତି, ଆପଲ୍ଲାସ୍ତତ୍ରୋପସ୍ଥିତଃ ସନ୍ ଅନୁଗ୍ରହେଣ ପ୍ରତ୍ୟଯିନାଂ ବହୂପକାରାନ୍ ଅକରୋତ୍,
2c121c0136	ଫଲତୋ ଯୀଶୁରଭିଷିକ୍ତସ୍ତ୍ରାତେତି ଶାସ୍ତ୍ରପ୍ରମାଣଂ ଦତ୍ୱା ପ୍ରକାଶରୂପେଣ ପ୍ରତିପନ୍ନଂ କୃତ୍ୱା ଯିହୂଦୀଯାନ୍ ନିରୁତ୍ତରାନ୍ କୃତୱାନ୍|
2c1301015e	କରିନ୍ଥନଗର ଆପଲ୍ଲସଃ ସ୍ଥିତିକାଲେ ପୌଲ ଉତ୍ତରପ୍ରଦେଶୈରାଗଚ୍ଛନ୍ ଇଫିଷନଗରମ୍ ଉପସ୍ଥିତୱାନ୍| ତତ୍ର କତିପଯଶିଷ୍ୟାନ୍ ସାକ୍ଷତ୍ ପ୍ରାପ୍ୟ ତାନ୍ ଅପୃଚ୍ଛତ୍,
2c13020120	ଯୂଯଂ ୱିଶ୍ୱସ୍ୟ ପୱିତ୍ରମାତ୍ମାନଂ ପ୍ରାପ୍ତା ନ ୱା? ତତସ୍ତେ ପ୍ରତ୍ୟୱଦନ୍ ପୱିତ୍ର ଆତ୍ମା ଦୀଯତେ ଇତ୍ୟସ୍ମାଭିଃ ଶ୍ରୁତମପି ନହି|
2c130300aa	ତଦା ସାଽୱଦତ୍ ତର୍ହି ଯୂଯଂ କେନ ମଜ୍ଜିତା ଅଭୱତ? ତେଽକଥଯନ୍ ଯୋହନୋ ମଜ୍ଜନେନ|
2c1304018e	ତଦା ପୌଲ ଉକ୍ତୱାନ୍ ଇତଃ ପରଂ ଯ ଉପସ୍ଥାସ୍ୟତି ତସ୍ମିନ୍ ଅର୍ଥତ ଯୀଶୁଖ୍ରୀଷ୍ଟେ ୱିଶ୍ୱସିତୱ୍ୟମିତ୍ୟୁକ୍ତ୍ୱା ଯୋହନ୍ ମନଃପରିୱର୍ତ୍ତନସୂଚକେନ ମଜ୍ଜନେନ ଜଲେ ଲୋକାନ୍ ଅମଜ୍ଜଯତ୍|
2c130500bd	ତାଦୃଶୀଂ କଥାଂ ଶ୍ରୁତ୍ୱା ତେ ପ୍ରଭୋ ର୍ୟୀଶୁଖ୍ରୀଷ୍ଟସ୍ୟ ନାମ୍ନା ମଜ୍ଜିତା ଅଭୱନ୍|
2c1306014a	ତତଃ ପୌଲେନ ତେଷାଂ ଗାତ୍ରେଷୁ କରେଽର୍ପିତେ ତେଷାମୁପରି ପୱିତ୍ର ଆତ୍ମାୱରୂଢୱାନ୍, ତସ୍ମାତ୍ ତେ ନାନାଦେଶୀଯା ଭାଷା ଭୱିଷ୍ୟତ୍କଥାଶ୍ଚ କଥିତୱନ୍ତଃ|
2c13070046	ତେ ପ୍ରାଯେଣ ଦ୍ୱାଦଶଜନା ଆସନ୍|
2c1308011b	ପୌଲୋ ଭଜନଭୱନଂ ଗତ୍ୱା ପ୍ରାଯେଣ ମାସତ୍ରଯମ୍ ଈଶ୍ୱରସ୍ୟ ରାଜ୍ୟସ୍ୟ ୱିଚାରଂ କୃତ୍ୱା ଲୋକାନ୍ ପ୍ରୱର୍ତ୍ୟ ସାହସେନ କଥାମକଥଯତ୍|
2c1309026c	କିନ୍ତୁ କଠିନାନ୍ତଃକରଣତ୍ୱାତ୍ କିଯନ୍ତୋ ଜନା ନ ୱିଶ୍ୱସ୍ୟ ସର୍ୱ୍ୱେଷାଂ ସମକ୍ଷମ୍ ଏତତ୍ପଥସ୍ୟ ନିନ୍ଦାଂ କର୍ତ୍ତୁଂ ପ୍ରୱୃତ୍ତାଃ, ଅତଃ ପୌଲସ୍ତେଷାଂ ସମୀପାତ୍ ପ୍ରସ୍ଥାଯ ଶିଷ୍ୟଗଣଂ ପୃଥକ୍କୃତ୍ୱା ପ୍ରତ୍ୟହଂ ତୁରାନ୍ନନାମ୍ନଃ କସ୍ୟଚିତ୍ ଜନସ୍ୟ ପାଠଶାଲାଯାଂ ୱିଚାରଂ କୃତୱାନ୍|
2c130a012f	ଇତ୍ଥଂ ୱତ୍ସରଦ୍ୱଯଂ ଗତଂ ତସ୍ମାଦ୍ ଆଶିଯାଦେଶନିୱାସିନଃ ସର୍ୱ୍ୱେ ଯିହୂଦୀଯା ଅନ୍ୟଦେଶୀଯଲୋକାଶ୍ଚ ପ୍ରଭୋ ର୍ୟୀଶୋଃ କଥାମ୍ ଅଶ୍ରୌଷନ୍|
2c130b008c	ପୌଲେନ ଚ ଈଶ୍ୱର ଏତାଦୃଶାନ୍ୟଦ୍ଭୁତାନି କର୍ମ୍ମାଣି କୃତୱାନ୍
2c130c015a	ଯତ୍ ପରିଧେଯେ ଗାତ୍ରମାର୍ଜନୱସ୍ତ୍ରେ ୱା ତସ୍ୟ ଦେହାତ୍ ପୀଡିତଲୋକାନାମ୍ ସମୀପମ୍ ଆନୀତେ ତେ ନିରାମଯା ଜାତା ଅପୱିତ୍ରା ଭୂତାଶ୍ଚ ତେଭ୍ୟୋ ବହିର୍ଗତୱନ୍ତଃ|
2c130d01ee	ତଦା ଦେଶାଟନକାରିଣଃ କିଯନ୍ତୋ ଯିହୂଦୀଯା ଭୂତାପସାରିଣୋ ଭୂତଗ୍ରସ୍ତନୋକାନାଂ ସନ୍ନିଧୌ ପ୍ରଭେ ର୍ୟୀଶୋ ର୍ନାମ ଜପ୍ତ୍ୱା ୱାକ୍ୟମିଦମ୍ ଅୱଦନ୍, ଯସ୍ୟ କଥାଂ ପୌଲଃ ପ୍ରଚାରଯତି ତସ୍ୟ ଯୀଶୋ ର୍ନାମ୍ନା ଯୁଷ୍ମାନ୍ ଆଜ୍ଞାପଯାମଃ|
2c130e00ba	ସ୍କିୱନାମ୍ନୋ ଯିହୂଦୀଯାନାଂ ପ୍ରଧାନଯାଜକସ୍ୟ ସପ୍ତଭିଃ ପୁତ୍ତୈସ୍ତଥା କୃତେ ସତି
2c130f00e1	କଶ୍ଚିଦ୍ ଅପୱିତ୍ରୋ ଭୂତଃ ପ୍ରତ୍ୟୁଦିତୱାନ୍, ଯୀଶୁଂ ଜାନାମି ପୌଲଞ୍ଚ ପରିଚିନୋମି କିନ୍ତୁ କେ ଯୂଯଂ?
2c1310019a	ଇତ୍ୟୁକ୍ତ୍ୱା ସୋପୱିତ୍ରଭୂତଗ୍ରସ୍ତୋ ମନୁଷ୍ୟୋ ଲମ୍ଫଂ କୃତ୍ୱା ତେଷାମୁପରି ପତିତ୍ୱା ବଲେନ ତାନ୍ ଜିତୱାନ୍, ତସ୍ମାତ୍ତେ ନଗ୍ନାଃ କ୍ଷତାଙ୍ଗାଶ୍ଚ ସନ୍ତସ୍ତସ୍ମାଦ୍ ଗେହାତ୍ ପଲାଯନ୍ତ|
2c1311018f	ସା ୱାଗ୍ ଇଫିଷନଗରନିୱାସିନସଂ ସର୍ୱ୍ୱେଷାଂ ଯିହୂଦୀଯାନାଂ ଭିନ୍ନଦେଶୀଯାନାଂ ଲୋକାନାଞ୍ଚ ଶ୍ରୱୋଗୋଚରୀଭୂତା; ତତଃ ସର୍ୱ୍ୱେ ଭଯଂ ଗତାଃ ପ୍ରଭୋ ର୍ୟୀଶୋ ର୍ନାମ୍ନୋ ଯଶୋ ଽୱର୍ଦ୍ଧତ|
2c131200f3	ଯେଷାମନେକେଷାଂ ଲୋକାନାଂ ପ୍ରତୀତିରଜାଯତ ତ ଆଗତ୍ୟ ସ୍ୱୈଃ କୃତାଃ କ୍ରିଯାଃ ପ୍ରକାଶରୂପେଣାଙ୍ଗୀକୃତୱନ୍ତଃ|
2c131301a0	ବହୱୋ ମାଯାକର୍ମ୍ମକାରିଣଃ ସ୍ୱସ୍ୱଗ୍ରନ୍ଥାନ୍ ଆନୀଯ ରାଶୀକୃତ୍ୟ ସର୍ୱ୍ୱେଷାଂ ସମକ୍ଷମ୍ ଅଦାହଯନ୍, ତତୋ ଗଣନାଂ କୃତ୍ୱାବୁଧ୍ୟନ୍ତ ପଞ୍ଚାଯୁତରୂପ୍ୟମୁଦ୍ରାମୂଲ୍ୟପୁସ୍ତକାନି ଦଗ୍ଧାନି|
2c13140082	ଇତ୍ଥଂ ପ୍ରଭୋଃ କଥା ସର୍ୱ୍ୱଦେଶଂ ୱ୍ୟାପ୍ୟ ପ୍ରବଲା ଜାତା|
2c131501d1	ସର୍ୱ୍ୱେଷ୍ୱେତେଷୁ କର୍ମ୍ମସୁ ସମ୍ପନ୍ନେଷୁ ସତ୍ସୁ ପୌଲୋ ମାକିଦନିଯାଖାଯାଦେଶାଭ୍ୟାଂ ଯିରୂଶାଲମଂ ଗନ୍ତୁଂ ମତିଂ କୃତ୍ୱା କଥିତୱାନ୍ ତତ୍ସ୍ଥାନଂ ଯାତ୍ରାଯାଂ କୃତାଯାଂ ସତ୍ୟାଂ ମଯା ରୋମାନଗରଂ ଦ୍ରଷ୍ଟୱ୍ୟଂ|
2c1316012b	ସ୍ୱାନୁଗତଲୋକାନାଂ ତୀମଥିଯେରାସ୍ତୌ ଦ୍ୱୌ ଜନୌ ମାକିଦନିଯାଦେଶଂ ପ୍ରତି ପ୍ରହିତ୍ୟ ସ୍ୱଯମ୍ ଆଶିଯାଦେଶେ କତିପଯଦିନାନି ସ୍ଥିତୱାନ୍|
2c1317006f	କିନ୍ତୁ ତସ୍ମିନ୍ ସମଯେ ମତେଽସ୍ମିନ୍ କଲହୋ ଜାତଃ|
2c1318014e	ତତ୍କାରଣମିଦଂ, ଅର୍ତ୍ତିମୀଦେୱ୍ୟା ରୂପ୍ୟମନ୍ଦିରନିର୍ମ୍ମାଣେନ ସର୍ୱ୍ୱେଷାଂ ଶିଲ୍ପିନାଂ ଯଥେଷ୍ଟଲାଭମ୍ ଅଜନଯତ୍ ଯୋ ଦୀମୀତ୍ରିଯନାମା ନାଡୀନ୍ଧମଃ
2c13190157	ସ ତାନ୍ ତତ୍କର୍ମ୍ମଜୀୱିନଃ ସର୍ୱ୍ୱଲୋକାଂଶ୍ଚ ସମାହୂଯ ଭାଷିତୱାନ୍ ହେ ମହେଚ୍ଛା ଏତେନ ମନ୍ଦିରନିର୍ମ୍ମାଣେନାସ୍ମାକଂ ଜୀୱିକା ଭୱତି, ଏତଦ୍ ଯୂଯଂ ୱିତ୍ଥ;
2c131a0258	କିନ୍ତୁ ହସ୍ତନିର୍ମ୍ମିତେଶ୍ୱରା ଈଶ୍ୱରା ନହି ପୌଲନାମ୍ନା କେନଚିଜ୍ଜନେନ କଥାମିମାଂ ୱ୍ୟାହୃତ୍ୟ କେୱଲେଫିଷନଗରେ ନହି ପ୍ରାଯେଣ ସର୍ୱ୍ୱସ୍ମିନ୍ ଆଶିଯାଦେଶେ ପ୍ରୱୃତ୍ତିଂ ଗ୍ରାହଯିତ୍ୱା ବହୁଲୋକାନାଂ ଶେମୁଷୀ ପରାୱର୍ତ୍ତିତା, ଏତଦ୍ ଯୁଷ୍ମାଭି ର୍ଦୃଶ୍ୟତେ ଶ୍ରୂଯତେ ଚ|
2c131b021b	ତେନାସ୍ମାକଂ ୱାଣିଜ୍ୟସ୍ୟ ସର୍ୱ୍ୱଥା ହାନେଃ ସମ୍ଭୱନଂ କେୱଲମିତି ନହି, ଆଶିଯାଦେଶସ୍ଥୈ ର୍ୱା ସର୍ୱ୍ୱଜଗତ୍ସ୍ଥୈ ର୍ଲୋକୈଃ ପୂଜ୍ୟା ଯାର୍ତିମୀ ମହାଦେୱୀ ତସ୍ୟା ମନ୍ଦିରସ୍ୟାୱଜ୍ଞାନସ୍ୟ ତସ୍ୟା ଐଶ୍ୱର୍ୟ୍ୟସ୍ୟ ନାଶସ୍ୟ ଚ ସମ୍ଭାୱନା ୱିଦ୍ୟତେ|
2c131c0121	ଏତାଦୃଶୀଂ କଥାଂ ଶ୍ରୁତ୍ୱା ତେ ମହାକ୍ରୋଧାନ୍ୱିତାଃ ସନ୍ତ ଉଚ୍ଚୈଃକାରଂ କଥିତୱନ୍ତ ଇଫିଷୀଯାନାମ୍ ଅର୍ତ୍ତିମୀ ଦେୱୀ ମହତୀ ଭୱତି|
2c131d016f	ତତଃ ସର୍ୱ୍ୱନଗରଂ କଲହେନ ପରିପୂର୍ଣମଭୱତ୍, ତତଃ ପରଂ ତେ ମାକିଦନୀଯଗାଯାରିସ୍ତାର୍ଖନାମାନୌ ପୌଲସ୍ୟ ଦ୍ୱୌ ସହଚରୌ ଧୃତ୍ୱୈକଚିତ୍ତା ରଙ୍ଗଭୂମିଂ ଜୱେନ ଧାୱିତୱନ୍ତଃ|
2c131e00c6	ତତଃ ପୌଲୋ ଲୋକାନାଂ ସନ୍ନିଧିଂ ଯାତୁମ୍ ଉଦ୍ୟତୱାନ୍ କିନ୍ତୁ ଶିଷ୍ୟଗଣସ୍ତଂ ୱାରିତୱାନ୍|
2c131f0129	ପୌଲସ୍ୟତ୍ମୀଯା ଆଶିଯାଦେଶସ୍ଥାଃ କତିପଯାଃ ପ୍ରଧାନଲୋକାସ୍ତସ୍ୟ ସମୀପଂ ନରମେକଂ ପ୍ରେଷ୍ୟ ତ୍ୱଂ ରଙ୍ଗଭୂମିଂ ମାଗା ଇତି ନ୍ୟୱେଦଯନ୍|
2c1320011f	ତତୋ ନାନାଲୋକାନାଂ ନାନାକଥାକଥନାତ୍ ସଭା ୱ୍ୟାକୁଲା ଜାତା କିଂ କାରଣାଦ୍ ଏତାୱତୀ ଜନତାଭୱତ୍ ଏତଦ୍ ଅଧିକୈ ର୍ଲୋକୈ ର୍ନାଜ୍ଞାଯି|
2c13210119	ତତଃ ପରଂ ଜନତାମଧ୍ୟାଦ୍ ଯିହୂଦୀଯୈର୍ବହିଷ୍କୃତଃ ସିକନ୍ଦରୋ ହସ୍ତେନ ସଙ୍କେତଂ କୃତ୍ୱା ଲୋକେଭ୍ୟ ଉତ୍ତରଂ ଦାତୁମୁଦ୍ୟତୱାନ୍,
2c1322016b	କିନ୍ତୁ ସ ଯିହୂଦୀଯଲୋକ ଇତି ନିଶ୍ଚିତେ ସତି ଇଫିଷୀଯାନାମ୍ ଅର୍ତ୍ତିମୀ ଦେୱୀ ମହତୀତି ୱାକ୍ୟଂ ପ୍ରାଯେଣ ପଞ୍ଚ ଦଣ୍ଡାନ୍ ଯାୱଦ୍ ଏକସ୍ୱରେଣ ଲୋକନିୱହୈଃ ପ୍ରୋକ୍ତଂ|
2c13230219	ତତୋ ନଗରାଧିପତିସ୍ତାନ୍ ସ୍ଥିରାନ୍ କୃତ୍ୱା କଥିତୱାନ୍ ହେ ଇଫିଷାଯାଃ ସର୍ୱ୍ୱେ ଲୋକା ଆକର୍ଣଯତ, ଅର୍ତିମୀମହାଦେୱ୍ୟା ମହାଦେୱାତ୍ ପତିତାଯାସ୍ତତ୍ପ୍ରତିମାଯାଶ୍ଚ ପୂଜନମ ଇଫିଷନଗରସ୍ଥାଃ ସର୍ୱ୍ୱେ ଲୋକାଃ କୁର୍ୱ୍ୱନ୍ତି, ଏତତ୍ କେ ନ ଜାନନ୍ତି?
2c1324016d	ତସ୍ମାଦ୍ ଏତତ୍ପ୍ରତିକୂଲଂ କେପି କଥଯିତୁଂ ନ ଶକ୍ନୁୱନ୍ତି, ଇତି ଜ୍ଞାତ୍ୱା ଯୁଷ୍ମାଭିଃ ସୁସ୍ଥିରତ୍ୱେନ ସ୍ଥାତୱ୍ୟମ୍ ଅୱିୱିଚ୍ୟ କିମପି କର୍ମ୍ମ ନ କର୍ତ୍ତୱ୍ୟଞ୍ଚ|
2c13250105	ଯାନ୍ ଏତାନ୍ ମନୁଷ୍ୟାନ୍ ଯୂଯମତ୍ର ସମାନଯତ ତେ ମନ୍ଦିରଦ୍ରୱ୍ୟାପହାରକା ଯୁଷ୍ମାକଂ ଦେୱ୍ୟା ନିନ୍ଦକାଶ୍ଚ ନ ଭୱନ୍ତି|
2c132601b8	ଯଦି କଞ୍ଚନ ପ୍ରତି ଦୀମୀତ୍ରିଯସ୍ୟ ତସ୍ୟ ସହାଯାନାଞ୍ଚ କାଚିଦ୍ ଆପତ୍ତି ର୍ୱିଦ୍ୟତେ ତର୍ହି ପ୍ରତିନିଧିଲୋକା ୱିଚାରସ୍ଥାନଞ୍ଚ ସନ୍ତି, ତେ ତତ୍ ସ୍ଥାନଂ ଗତ୍ୱା ଉତ୍ତରପ୍ରତ୍ୟୁତ୍ତରେ କୁର୍ୱ୍ୱନ୍ତୁ|
2c132700fc	କିନ୍ତୁ ଯୁଷ୍ମାକଂ କାଚିଦପରା କଥା ଯଦି ତିଷ୍ଠତି ତର୍ହି ନିଯମିତାଯାଂ ସଭାଯାଂ ତସ୍ୟା ନିଷ୍ପତ୍ତି ର୍ଭୱିଷ୍ୟତି|
2c132801a9	କିନ୍ତ୍ୱେତସ୍ୟ ୱିରୋଧସ୍ୟୋତ୍ତରଂ ଯେନ ଦାତୁଂ ଶକ୍ନୁମ୍ ଏତାଦୃଶସ୍ୟ କସ୍ୟଚିତ୍ କାରଣସ୍ୟାଭାୱାଦ୍ ଅଦ୍ୟତନଘଟନାହେତୋ ରାଜଦ୍ରୋହିଣାମିୱାସ୍ମାକମ୍ ଅଭିଯୋଗୋ ଭୱିଷ୍ୟତୀତି ଶଙ୍କା ୱିଦ୍ୟତେ|
2c1329006e	ଇତି କଥଯିତ୍ୱା ସ ସଭାସ୍ଥଲୋକାନ୍ ୱିସୃଷ୍ଟୱାନ୍|
2c140100f2	ଇତ୍ଥଂ କଲହେ ନିୱୃତ୍ତେ ସତି ପୌଲଃ ଶିଷ୍ୟଗଣମ୍ ଆହୂଯ ୱିସର୍ଜନଂ ପ୍ରାପ୍ୟ ମାକିଦନିଯାଦେଶଂ ପ୍ରସ୍ଥିତୱାନ୍|
2c140200d1	ତେନ ସ୍ଥାନେନ ଗଚ୍ଛନ୍ ତଦ୍ଦେଶୀଯାନ୍ ଶିଷ୍ୟାନ୍ ବହୂପଦିଶ୍ୟ ଯୂନାନୀଯଦେଶମ୍ ଉପସ୍ଥିତୱାନ୍|
2c140301bb	ତତ୍ର ମାସତ୍ରଯଂ ସ୍ଥିତ୍ୱା ତସ୍ମାତ୍ ସୁରିଯାଦେଶଂ ଯାତୁମ୍ ଉଦ୍ୟତଃ, କିନ୍ତୁ ଯିହୂଦୀଯାସ୍ତଂ ହନ୍ତୁଂ ଗୁପ୍ତା ଅତିଷ୍ଠନ୍ ତସ୍ମାତ୍ ସ ପୁନରପି ମାକିଦନିଯାମାର୍ଗେଣ ପ୍ରତ୍ୟାଗନ୍ତୁଂ ମତିଂ କୃତୱାନ୍|
2c14040178	ବିରଯାନଗରୀଯସୋପାତ୍ରଃ ଥିଷଲନୀକୀଯାରିସ୍ତାର୍ଖସିକୁନ୍ଦୌ ଦର୍ବ୍ବୋନଗରୀଯଗାଯତୀମଥିଯୌ ଆଶିଯାଦେଶୀଯତୁଖିକତ୍ରଫିମୌ ଚ ତେନ ସାର୍ଦ୍ଧଂ ଆଶିଯାଦେଶଂ ଯାୱଦ୍ ଗତୱନ୍ତଃ|
2c140500b6	ଏତେ ସର୍ୱ୍ୱେ ଽଗ୍ରସରାଃ ସନ୍ତୋ ଽସ୍ମାନ୍ ଅପେକ୍ଷ୍ୟ ତ୍ରୋଯାନଗରେ ସ୍ଥିତୱନ୍ତଃ|
2c1406015d	କିଣ୍ୱଶୂନ୍ୟପୂପୋତ୍ସୱଦିନେ ଚ ଗତେ ସତି ୱଯଂ ଫିଲିପୀନଗରାତ୍ ତୋଯପଥେନ ଗତ୍ୱା ପଞ୍ଚଭି ର୍ଦିନୈସ୍ତ୍ରୋଯାନଗରମ୍ ଉପସ୍ଥାଯ ତତ୍ର ସପ୍ତଦିନାନ୍ୟୱାତିଷ୍ଠାମ|
2c140701c1	ସପ୍ତାହସ୍ୟ ପ୍ରଥମଦିନେ ପୂପାନ୍ ଭଂକ୍ତୁ ଶିଷ୍ୟେଷୁ ମିଲିତେଷୁ ପୌଲଃ ପରଦିନେ ତସ୍ମାତ୍ ପ୍ରସ୍ଥାତୁମ୍ ଉଦ୍ୟତଃ ସନ୍ ତଦହ୍ନି ପ୍ରାଯେଣ କ୍ଷପାଯା ଯାମଦ୍ୱଯଂ ଯାୱତ୍ ଶିଷ୍ୟେଭ୍ୟୋ ଧର୍ମ୍ମକଥାମ୍ ଅକଥଯତ୍|
2c140800c6	ଉପରିସ୍ଥେ ଯସ୍ମିନ୍ ପ୍ରକୋଷ୍ଠେ ସଭାଂ କୃତ୍ୱାସନ୍ ତତ୍ର ବହୱଃ ପ୍ରଦୀପାଃ ପ୍ରାଜ୍ୱଲନ୍|
2c1409020c	ଉତୁଖନାମା କଶ୍ଚନ ଯୁୱା ଚ ୱାତାଯନ ଉପୱିଶନ୍ ଘୋରତରନିଦ୍ରାଗ୍ରସ୍ତୋ ଽଭୂତ୍ ତଦା ପୌଲେନ ବହୁକ୍ଷଣଂ କଥାଯାଂ ପ୍ରଚାରିତାଯାଂ ନିଦ୍ରାମଗ୍ନଃ ସ ତସ୍ମାଦ୍ ଉପରିସ୍ଥତୃତୀଯପ୍ରକୋଷ୍ଠାଦ୍ ଅପତତ୍, ତତୋ ଲୋକାସ୍ତଂ ମୃତକଲ୍ପଂ ଧୃତ୍ୱୋଦତୋଲଯନ୍|
2c140a011c	ତତଃ ପୌଲୋଽୱରୁହ୍ୟ ତସ୍ୟ ଗାତ୍ରେ ପତିତ୍ୱା ତଂ କ୍ରୋଡେ ନିଧାଯ କଥିତୱାନ୍, ଯୂଯଂ ୱ୍ୟାକୁଲା ମା ଭୂତ ନାଯଂ ପ୍ରାଣୈ ର୍ୱିଯୁକ୍ତଃ|
2c140b00ec	ପଶ୍ଚାତ୍ ସ ପୁନଶ୍ଚୋପରି ଗତ୍ୱା ପୂପାନ୍ ଭଂକ୍ତ୍ୱା ପ୍ରଭାତଂ ଯାୱତ୍ କଥୋପକଥନେ କୃତ୍ୱା ପ୍ରସ୍ଥିତୱାନ୍|
2c140c0099	ତେ ଚ ତଂ ଜୀୱନ୍ତଂ ଯୁୱାନଂ ଗୃହୀତ୍ୱା ଗତ୍ୱା ପରମାପ୍ୟାଯିତା ଜାତାଃ|
2c140d0173	ଅନନ୍ତରଂ ୱଯଂ ପୋତେନାଗ୍ରସରା ଭୂତ୍ୱାସ୍ମନଗରମ୍ ଉତ୍ତୀର୍ୟ୍ୟ ପୌଲଂ ଗ୍ରହୀତୁଂ ମତିମ୍ ଅକୁର୍ମ୍ମ ଯତଃ ସ ତତ୍ର ପଦ୍ଭ୍ୟାଂ ୱ୍ରଜିତୁଂ ମତିଂ କୃତ୍ୱେତି ନିରୂପିତୱାନ୍|
2c140e0104	ତସ୍ମାତ୍ ତତ୍ରାସ୍ମାଭିଃ ସାର୍ଦ୍ଧଂ ତସ୍ମିନ୍ ମିଲିତେ ସତି ୱଯଂ ତଂ ନୀତ୍ୱା ମିତୁଲୀନ୍ୟୁପଦ୍ୱୀପଂ ପ୍ରାପ୍ତୱନ୍ତଃ|
2c140f01e3	ତସ୍ମାତ୍ ପୋତଂ ମୋଚଯିତ୍ୱା ପରେଽହନି ଖୀଯୋପଦ୍ୱୀପସ୍ୟ ସମ୍ମୁଖଂ ଲବ୍ଧୱନ୍ତସ୍ତସ୍ମାଦ୍ ଏକେନାହ୍ନା ସାମୋପଦ୍ୱୀପଂ ଗତ୍ୱା ପୋତଂ ଲାଗଯିତ୍ୱା ତ୍ରୋଗୁଲ୍ଲିଯେ ସ୍ଥିତ୍ୱା ପରସ୍ମିନ୍ ଦିୱସେ ମିଲୀତନଗରମ୍ ଉପାତିଷ୍ଠାମ|
2c14100206	ଯତଃ ପୌଲ ଆଶିଯାଦେଶେ କାଲଂ ଯାପଯିତୁମ୍ ନାଭିଲଷନ୍ ଇଫିଷନଗରଂ ତ୍ୟକ୍ତ୍ୱା ଯାତୁଂ ମନ୍ତ୍ରଣାଂ ସ୍ଥିରୀକୃତୱାନ୍; ଯସ୍ମାଦ୍ ଯଦି ସାଧ୍ୟଂ ଭୱତି ତର୍ହି ନିସ୍ତାରୋତ୍ସୱସ୍ୟ ପଞ୍ଚାଶତ୍ତମଦିନେ ସ ଯିରୂଶାଲମ୍ୟୁପସ୍ଥାତୁଂ ମତିଂ କୃତୱାନ୍|
2c141100c6	ପୌଲୋ ମିଲୀତାଦ୍ ଇଫିଷଂ ପ୍ରତି ଲୋକଂ ପ୍ରହିତ୍ୟ ସମାଜସ୍ୟ ପ୍ରାଚୀନାନ୍ ଆହୂଯାନୀତୱାନ୍|
2c141201bb	ତେଷୁ ତସ୍ୟ ସମୀପମ୍ ଉପସ୍ଥିତେଷୁ ସ ତେଭ୍ୟ ଇମାଂ କଥାଂ କଥିତୱାନ୍, ଅହମ୍ ଆଶିଯାଦେଶେ ପ୍ରଥମାଗମନମ୍ ଆରଭ୍ୟାଦ୍ୟ ଯାୱଦ୍ ଯୁଷ୍ମାକଂ ସନ୍ନିଧୌ ସ୍ଥିତ୍ୱା ସର୍ୱ୍ୱସମଯେ ଯଥାଚରିତୱାନ୍ ତଦ୍ ଯୂଯଂ ଜାନୀଥ;
2c14130114	ଫଲତଃ ସର୍ୱ୍ୱଥା ନମ୍ରମନାଃ ସନ୍ ବହୁଶ୍ରୁପାତେନ ଯିହୁଦୀଯାନାମ୍ କୁମନ୍ତ୍ରଣାଜାତନାନାପରୀକ୍ଷାଭିଃ ପ୍ରଭୋଃ ସେୱାମକରୱଂ|
2c1414016b	କାମପି ହିତକଥାଂ ନ ଗୋପାଯିତୱାନ୍ ତାଂ ପ୍ରଚାର୍ୟ୍ୟ ସପ୍ରକାଶଂ ଗୃହେ ଗୃହେ ସମୁପଦିଶ୍ୟେଶ୍ୱରଂ ପ୍ରତି ମନଃ ପରାୱର୍ତ୍ତନୀଯଂ ପ୍ରଭୌ ଯୀଶୁଖ୍ରୀଷ୍ଟେ ୱିଶ୍ୱସନୀଯଂ
2c141500a8	ଯିହୂଦୀଯାନାମ୍ ଅନ୍ୟଦେଶୀଯଲୋକାନାଞ୍ଚ ସମୀପ ଏତାଦୃଶଂ ସାକ୍ଷ୍ୟଂ ଦଦାମି|
2c1416012f	ପଶ୍ୟତ ସାମ୍ପ୍ରତମ୍ ଆତ୍ମନାକୃଷ୍ଟଃ ସନ୍ ଯିରୂଶାଲମ୍ନଗରେ ଯାତ୍ରାଂ କରୋମି, ତତ୍ର ମାମ୍ପ୍ରତି ଯଦ୍ୟଦ୍ ଘଟିଷ୍ୟତେ ତାନ୍ୟହଂ ନ ଜାନାମି;
2c141700cf	କିନ୍ତୁ ମଯା ବନ୍ଧନଂ କ୍ଲେଶଶ୍ଚ ଭୋକ୍ତୱ୍ୟ ଇତି ପୱିତ୍ର ଆତ୍ମା ନଗରେ ନଗରେ ପ୍ରମାଣଂ ଦଦାତି|
2c14180245	ତଥାପି ତଂ କ୍ଲେଶମହଂ ତୃଣାଯ ନ ମନ୍ୟେ; ଈଶ୍ୱରସ୍ୟାନୁଗ୍ରହୱିଷଯକସ୍ୟ ସୁସଂୱାଦସ୍ୟ ପ୍ରମାଣଂ ଦାତୁଂ, ପ୍ରଭୋ ର୍ୟୀଶୋଃ ସକାଶାଦ ଯସ୍ୟାଃ ସେୱାଯାଃ ଭାରଂ ପ୍ରାପ୍ନୱଂ ତାଂ ସେୱାଂ ସାଧଯିତୁଂ ସାନନ୍ଦଂ ସ୍ୱମାର୍ଗଂ ସମାପଯିତୁଞ୍ଚ ନିଜପ୍ରାଣାନପି ପ୍ରିଯାନ୍ ନ ମନ୍ୟେ|
2c1419018a	ଅଧୁନା ପଶ୍ୟତ ଯେଷାଂ ସମୀପେଽହମ୍ ଈଶ୍ୱରୀଯରାଜ୍ୟସ୍ୟ ସୁସଂୱାଦଂ ପ୍ରଚାର୍ୟ୍ୟ ଭ୍ରମଣଂ କୃତୱାନ୍ ଏତାଦୃଶା ଯୂଯଂ ମମ ୱଦନଂ ପୁନ ର୍ଦ୍ରଷ୍ଟୁଂ ନ ପ୍ରାପ୍ସ୍ୟଥ ଏତଦପ୍ୟହଂ ଜାନାମି|
2c141a00bc	ଯୁଷ୍ମଭ୍ୟମ୍ ଅହମ୍ ଈଶ୍ୱରସ୍ୟ ସର୍ୱ୍ୱାନ୍ ଆଦେଶାନ୍ ପ୍ରକାଶଯିତୁଂ ନ ନ୍ୟୱର୍ତ୍ତେ|
2c141b00eb	ଅହଂ ସର୍ୱ୍ୱେଷାଂ ଲୋକାନାଂ ରକ୍ତପାତଦୋଷାଦ୍ ଯନ୍ନିର୍ଦୋଷ ଆସେ ତସ୍ୟାଦ୍ୟ ଯୁଷ୍ମାନ୍ ସାକ୍ଷିଣଃ କରୋମି|
2c141c0197	ଯୂଯଂ ସ୍ୱେଷୁ ତଥା ଯସ୍ୟ ୱ୍ରଜସ୍ୟାଧ୍ୟକ୍ଷନ୍ ଆତ୍ମା ଯୁଷ୍ମାନ୍ ୱିଧାଯ ନ୍ୟଯୁଙ୍କ୍ତ ତତ୍ସର୍ୱ୍ୱସ୍ମିନ୍ ସାୱଧାନା ଭୱତ, ଯ ସମାଜଞ୍ଚ ପ୍ରଭୁ ର୍ନିଜରକ୍ତମୂଲ୍ୟେନ କ୍ରୀତୱାନ ତମ୍ ଅୱତ,
2c141d00f7	ଯତୋ ମଯା ଗମନେ କୃତଏୱ ଦୁର୍ଜଯା ୱୃକା ଯୁଷ୍ମାକଂ ମଧ୍ୟଂ ପ୍ରୱିଶ୍ୟ ୱ୍ରଜଂ ପ୍ରତି ନିର୍ଦଯତାମ୍ ଆଚରିଷ୍ୟନ୍ତି,
2c141e00f0	ଯୁଷ୍ମାକମେୱ ମଧ୍ୟାଦପି ଲୋକା ଉତ୍ଥାଯ ଶିଷ୍ୟଗଣମ୍ ଅପହନ୍ତୁଂ ୱିପରୀତମ୍ ଉପଦେକ୍ଷ୍ୟନ୍ତୀତ୍ୟହଂ ଜାନାମି|
2c141f015f	ଇତି ହେତୋ ର୍ୟୂଯଂ ସଚୈତନ୍ୟାଃ ସନ୍ତସ୍ତିଷ୍ଟତ, ଅହଞ୍ଚ ସାଶ୍ରୁପାତଃ ସନ୍ ୱତ୍ସରତ୍ରଯଂ ଯାୱଦ୍ ଦିୱାନିଶଂ ପ୍ରତିଜନଂ ବୋଧଯିତୁଂ ନ ନ୍ୟୱର୍ତ୍ତେ ତଦପି ସ୍ମରତ|
2c142001a9	ଇଦାନୀଂ ହେ ଭ୍ରାତରୋ ଯୁଷ୍ମାକଂ ନିଷ୍ଠାଂ ଜନଯିତୁଂ ପୱିତ୍ରୀକୃତଲୋକାନାଂ ମଧ୍ୟେଽଧିକାରଞ୍ଚ ଦାତୁଂ ସମର୍ଥୋ ଯ ଈଶ୍ୱରସ୍ତସ୍ୟାନୁଗ୍ରହସ୍ୟ ଯୋ ୱାଦଶ୍ଚ ତଯୋରୁଭଯୋ ର୍ୟୁଷ୍ମାନ୍ ସମାର୍ପଯମ୍|
2c14210094	କସ୍ୟାପି ସ୍ୱର୍ଣଂ ରୂପ୍ୟଂ ୱସ୍ତ୍ରଂ ୱା ପ୍ରତି ମଯା ଲୋଭୋ ନ କୃତଃ|
2c142200ea	କିନ୍ତୁ ମମ ମତ୍ସହଚରଲୋକାନାଞ୍ଚାୱଶ୍ୟକୱ୍ୟଯାଯ ମଦୀଯମିଦଂ କରଦ୍ୱଯମ୍ ଅଶ୍ରାମ୍ୟଦ୍ ଏତଦ୍ ଯୂଯଂ ଜାନୀଥ|
2c142301ed	ଅନେନ ପ୍ରକାରେଣ ଗ୍ରହଣଦ୍ ଦାନଂ ଭଦ୍ରମିତି ଯଦ୍ୱାକ୍ୟଂ ପ୍ରଭୁ ର୍ୟୀଶୁଃ କଥିତୱାନ୍ ତତ୍ ସ୍ମର୍ତ୍ତୁଂ ଦରିଦ୍ରଲୋକାନାମୁପକାରାର୍ଥଂ ଶ୍ରମଂ କର୍ତ୍ତୁଞ୍ଚ ଯୁଷ୍ମାକମ୍ ଉଚିତମ୍ ଏତତ୍ସର୍ୱ୍ୱଂ ଯୁଷ୍ମାନହମ୍ ଉପଦିଷ୍ଟୱାନ୍|
2c1424009c	ଏତାଂ କଥାଂ କଥଯିତ୍ୱା ସ ଜାନୁନୀ ପାତଯିତ୍ୱା ସର୍ୱୈଃ ସହ ପ୍ରାର୍ଥଯତ|
2c14250035	ତେନ ତେ କ୍ରନ୍ଦ୍ରନ୍ତଃ
2c14260173	ପୁନ ର୍ମମ ମୁଖଂ ନ ଦ୍ରକ୍ଷ୍ୟଥ ୱିଶେଷତ ଏଷା ଯା କଥା ତେନାକଥି ତତ୍କାରଣାତ୍ ଶୋକଂ ୱିଲାପଞ୍ଚ କୃତ୍ୱା କଣ୍ଠଂ ଧୃତ୍ୱା ଚୁମ୍ବିତୱନ୍ତଃ| ପଶ୍ଚାତ୍ ତେ ତଂ ପୋତଂ ନୀତୱନ୍ତଃ|
2c1501017e	ତୈ ର୍ୱିସୃଷ୍ଟାଃ ସନ୍ତୋ ୱଯଂ ପୋତଂ ବାହଯିତ୍ୱା ଋଜୁମାର୍ଗେଣ କୋଷମ୍ ଉପଦ୍ୱୀପମ୍ ଆଗତ୍ୟ ପରେଽହନି ରୋଦିଯୋପଦ୍ୱୀପମ୍ ଆଗଚ୍ଛାମ ତତସ୍ତସ୍ମାତ୍ ପାତାରାଯାମ୍ ଉପାତିଷ୍ଠାମ|
2c1502009f	ତତ୍ର ଫୈନୀକିଯାଦେଶଗାମିନମ୍ ପୋତମେକଂ ପ୍ରାପ୍ୟ ତମାରୁହ୍ୟ ଗତୱନ୍ତଃ|
2c15030133	କୁପ୍ରୋପଦ୍ୱୀପଂ ଦୃଷ୍ଟ୍ୱା ତଂ ସୱ୍ୟଦିଶି ସ୍ଥାପଯିତ୍ୱା ସୁରିଯାଦେଶଂ ଗତ୍ୱା ପୋତସ୍ଥଦ୍ରୱ୍ୟାଣ୍ୟୱରୋହଯିତୁଂ ସୋରନଗରେ ଲାଗିତୱନ୍ତଃ|
2c1504015c	ତତ୍ର ଶିଷ୍ୟଗଣସ୍ୟ ସାକ୍ଷାତ୍କରଣାଯ ୱଯଂ ତତ୍ର ସପ୍ତଦିନାନି ସ୍ଥିତୱନ୍ତଃ ପଶ୍ଚାତ୍ତେ ପୱିତ୍ରେଣାତ୍ମନା ପୌଲଂ ୱ୍ୟାହରନ୍ ତ୍ୱଂ ଯିରୂଶାଲମ୍ନଗରଂ ମା ଗମଃ|
2c15050209	ତତସ୍ତେଷୁ ସପ୍ତସୁ ଦିନେଷୁ ଯାପିତେଷୁ ସତ୍ସୁ ୱଯଂ ତସ୍ମାତ୍ ସ୍ଥାନାତ୍ ନିଜୱର୍ତ୍ମନା ଗତୱନ୍ତଃ, ତସ୍ମାତ୍ ତେ ସବାଲୱୃଦ୍ଧୱନିତା ଅସ୍ମାଭିଃ ସହ ନଗରସ୍ୟ ପରିସରପର୍ୟ୍ୟନ୍ତମ୍ ଆଗତାଃ ପଶ୍ଚାଦ୍ୱଯଂ ଜଲଧିତଟେ ଜାନୁପାତଂ ପ୍ରାର୍ଥଯାମହି|
2c150600ca	ତତଃ ପରସ୍ପରଂ ୱିସୃଷ୍ଟାଃ ସନ୍ତୋ ୱଯଂ ପୋତଂ ଗତାସ୍ତେ ତୁ ସ୍ୱସ୍ୱଗୃହଂ ପ୍ରତ୍ୟାଗତୱନ୍ତଃ|
2c1507019b	ୱଯଂ ସୋରନଗରାତ୍ ନାୱା ପ୍ରସ୍ଥାଯ ତଲିମାଯିନଗରମ୍ ଉପାତିଷ୍ଠାମ ତତ୍ରାସ୍ମାକଂ ସମୁଦ୍ରୀଯମାର୍ଗସ୍ୟାନ୍ତୋଽଭୱତ୍ ତତ୍ର ଭ୍ରାତୃଗଣଂ ନମସ୍କୃତ୍ୟ ଦିନମେକଂ ତୈଃ ସାର୍ଦ୍ଧମ୍ ଉଷତୱନ୍ତଃ|
2c1508017c	ପରେ ଽହନି ପୌଲସ୍ତସ୍ୟ ସଙ୍ଗିନୋ ୱଯଞ୍ଚ ପ୍ରତିଷ୍ଠମାନାଃ କୈସରିଯାନଗରମ୍ ଆଗତ୍ୟ ସୁସଂୱାଦପ୍ରଚାରକାନାଂ ସପ୍ତଜନାନାଂ ଫିଲିପନାମ୍ନ ଏକସ୍ୟ ଗୃହଂ ପ୍ରୱିଶ୍ୟାୱତିଷ୍ଠାମ|
2c15090080	ତସ୍ୟ ଚତସ୍ରୋ ଦୁହିତରୋଽନୂଢା ଭୱିଷ୍ୟଦ୍ୱାଦିନ୍ୟ ଆସନ୍|
2c150a00fa	ତତ୍ରାସ୍ମାସୁ ବହୁଦିନାନି ପ୍ରୋଷିତେଷୁ ଯିହୂଦୀଯଦେଶାଦ୍ ଆଗତ୍ୟାଗାବନାମା ଭୱିଷ୍ୟଦ୍ୱାଦୀ ସମୁପସ୍ଥିତୱାନ୍|
2c150b022f	ସୋସ୍ମାକଂ ସମୀପମେତ୍ୟ ପୌଲସ୍ୟ କଟିବନ୍ଧନଂ ଗୃହୀତ୍ୱା ନିଜହସ୍ତାପାଦାନ୍ ବଦ୍ଧ୍ୱା ଭାଷିତୱାନ୍ ଯସ୍ୟେଦଂ କଟିବନ୍ଧନଂ ତଂ ଯିହୂଦୀଯଲୋକା ଯିରୂଶାଲମନଗର ଇତ୍ଥଂ ବଦ୍ଧ୍ୱା ଭିନ୍ନଦେଶୀଯାନାଂ କରେଷୁ ସମର୍ପଯିଷ୍ୟନ୍ତୀତି ୱାକ୍ୟଂ ପୱିତ୍ର ଆତ୍ମା କଥଯତି|
2c150c00e3	ଏତାଦୃଶୀଂ କଥାଂ ଶ୍ରୁତ୍ୱା ୱଯଂ ତନ୍ନଗରୱାସିନୋ ଭ୍ରାତରଶ୍ଚ ଯିରୂଶାଲମଂ ନ ଯାତୁଂ ପୌଲଂ ୱ୍ୟନଯାମହି;
2c150d01dc	କିନ୍ତୁ ସ ପ୍ରତ୍ୟାୱାଦୀତ୍, ଯୂଯଂ କିଂ କୁରୁଥ? କିଂ କ୍ରନ୍ଦନେନ ମମାନ୍ତଃକରଣଂ ୱିଦୀର୍ଣଂ କରିଷ୍ୟଥ? ପ୍ରଭୋ ର୍ୟୀଶୋ ର୍ନାମ୍ନୋ ନିମିତ୍ତଂ ଯିରୂଶାଲମି ବଦ୍ଧୋ ଭୱିତୁଂ କେୱଲ ତନ୍ନ ପ୍ରାଣାନ୍ ଦାତୁମପି ସସଜ୍ଜୋସ୍ମି|
2c150e00e7	ତେନାସ୍ମାକଂ କଥାଯାମ୍ ଅଗୃହୀତାଯାମ୍ ଈଶ୍ୱରସ୍ୟ ଯଥେଚ୍ଛା ତଥୈୱ ଭୱତ୍ୱିତ୍ୟୁକ୍ତ୍ୱା ୱଯଂ ନିରସ୍ୟାମ|
2c150f00b8	ପରେଽହନି ପାଥେଯଦ୍ରୱ୍ୟାଣି ଗୃହୀତ୍ୱା ଯିରୂଶାଲମଂ ପ୍ରତି ଯାତ୍ରାମ୍ ଅକୁର୍ମ୍ମ|
2c151001c8	ତତଃ କୈସରିଯାନଗରନିୱାସିନଃ କତିପଯାଃ ଶିଷ୍ୟା ଅସ୍ମାଭିଃ ସାର୍ଦ୍ଧମ୍ ଇତ୍ୱା କୃପ୍ରୀଯେନ ମ୍ନାସନ୍ନାମ୍ନା ଯେନ ପ୍ରାଚୀନଶିଷ୍ୟେନ ସାର୍ଦ୍ଧମ୍ ଅସ୍ମାଭି ର୍ୱସ୍ତୱ୍ୟଂ ତସ୍ୟ ସମୀପମ୍ ଅସ୍ମାନ୍ ନୀତୱନ୍ତଃ|
2c151100ce	ଅସ୍ମାସୁ ଯିରୂଶାଲମ୍ୟୁପସ୍ଥିତେଷୁ ତତ୍ରସ୍ଥଭ୍ରାତୃଗଣୋଽସ୍ମାନ୍ ଆହ୍ଲାଦେନ ଗୃହୀତୱାନ୍|
2c15120108	ପରସ୍ମିନ୍ ଦିୱସେ ପୌଲେଽସ୍ମାଭିଃ ସହ ଯାକୂବୋ ଗୃହଂ ପ୍ରୱିଷ୍ଟେ ଲୋକପ୍ରାଚୀନାଃ ସର୍ୱ୍ୱେ ତତ୍ର ପରିଷଦି ସଂସ୍ଥିତାଃ|
2c15130149	ଅନନ୍ତରଂ ସ ତାନ୍ ନତ୍ୱା ସ୍ୱୀଯପ୍ରଚାରଣେନ ଭିନ୍ନଦେଶୀଯାନ୍ ପ୍ରତୀଶ୍ୱରୋ ଯାନି କର୍ମ୍ମାଣି ସାଧିତୱାନ୍ ତଦୀଯାଂ କଥାମ୍ ଅନୁକ୍ରମାତ୍ କଥିତୱାନ୍|
2c151401e0	ଇତି ଶ୍ରୁତ୍ୱା ତେ ପ୍ରଭୁଂ ଧନ୍ୟଂ ପ୍ରୋଚ୍ୟ ୱାକ୍ୟମିଦମ୍ ଅଭାଷନ୍ତ, ହେ ଭ୍ରାତ ର୍ୟିହୂଦୀଯାନାଂ ମଧ୍ୟେ ବହୁସହସ୍ରାଣି ଲୋକା ୱିଶ୍ୱାସିନ ଆସତେ କିନ୍ତୁ ତେ ସର୍ୱ୍ୱେ ୱ୍ୟୱସ୍ଥାମତାଚାରିଣ ଏତତ୍ ପ୍ରତ୍ୟକ୍ଷଂ ପଶ୍ୟସି|
2c1515015e	ଶିଶୂନାଂ ତ୍ୱକ୍ଛେଦନାଦ୍ୟାଚରଣଂ ପ୍ରତିଷିଧ୍ୟ ତ୍ୱଂ ଭିନ୍ନଦେଶନିୱାସିନୋ ଯିହୂଦୀଯଲୋକାନ୍ ମୂସାୱାକ୍ୟମ୍ ଅଶ୍ରଦ୍ଧାତୁମ୍ ଉପଦିଶସୀତି ତୈଃ ଶ୍ରୁତମସ୍ତି|
2c15160185	ତ୍ୱମତ୍ରାଗତୋସୀତି ୱାର୍ତ୍ତାଂ ସମାକର୍ଣ୍ୟ ଜନନିୱହୋ ମିଲିତ୍ୱାୱଶ୍ୟମେୱାଗମିଷ୍ୟତି; ଅତଏୱ କିଂ କରଣୀଯମ୍? ଅତ୍ର ୱଯଂ ମନ୍ତ୍ରଯିତ୍ୱା ସମୁପାଯଂ ତ୍ୱାଂ ୱଦାମସ୍ତଂ ତ୍ୱମାଚର|
2c1517009f	ୱ୍ରତଂ କର୍ତ୍ତୁଂ କୃତସଙ୍କଲ୍ପା ଯେଽସ୍ମାଂକ ଚତ୍ୱାରୋ ମାନୱାଃ ସନ୍ତି
2c1518021d	ତାନ୍ ଗୃହୀତ୍ୱା ତୈଃ ସହିତଃ ସ୍ୱଂ ଶୁଚିଂ କୁରୁ ତଥା ତେଷାଂ ଶିରୋମୁଣ୍ଡନେ ଯୋ ୱ୍ୟଯୋ ଭୱତି ତଂ ତ୍ୱଂ ଦେହି| ତଥା କୃତେ ତ୍ୱଦୀଯାଚାରେ ଯା ଜନଶ୍ରୁତି ର୍ଜାଯତେ ସାଲୀକା କିନ୍ତୁ ତ୍ୱଂ ୱିଧିଂ ପାଲଯନ୍ ୱ୍ୟୱସ୍ଥାନୁସାରେଣେୱାଚରସୀତି ତେ ଭୋତ୍ସନ୍ତେ|
2c1519020b	ଭିନ୍ନଦେଶୀଯାନାଂ ୱିଶ୍ୱାସିଲୋକାନାଂ ନିକଟେ ୱଯଂ ପତ୍ରଂ ଲିଖିତ୍ୱେତ୍ଥଂ ସ୍ଥିରୀକୃତୱନ୍ତଃ, ଦେୱପ୍ରସାଦଭୋଜନଂ ରକ୍ତଂ ଗଲପୀଡନମାରିତପ୍ରାଣିଭୋଜନଂ ୱ୍ୟଭିଚାରଶ୍ଚୈତେଭ୍ୟଃ ସ୍ୱରକ୍ଷଣୱ୍ୟତିରେକେଣ ତେଷାମନ୍ୟୱିଧିପାଲନଂ କରଣୀଯଂ ନ|
2c151a01cf	ତତଃ ପୌଲସ୍ତାନ୍ ମାନୁଷାନାଦାଯ ପରସ୍ମିନ୍ ଦିୱସେ ତୈଃ ସହ ଶୁଚି ର୍ଭୂତ୍ୱା ମନ୍ଦିରଂ ଗତ୍ୱା ଶୌଚକର୍ମ୍ମଣୋ ଦିନେଷୁ ସମ୍ପୂର୍ଣେଷୁ ତେଷାମ୍ ଏକୈକାର୍ଥଂ ନୈୱେଦ୍ୟାଦ୍ୟୁତ୍ସର୍ଗୋ ଭୱିଷ୍ୟତୀତି ଜ୍ଞାପିତୱାନ୍|
2c151b016f	ତେଷୁ ସପ୍ତସୁ ଦିନେଷୁ ସମାପ୍ତକଲ୍ପେଷୁ ଆଶିଯାଦେଶନିୱାସିନୋ ଯିହୂଦୀଯାସ୍ତଂ ମଧ୍ୟେମନ୍ଦିରଂ ୱିଲୋକ୍ୟ ଜନନିୱହସ୍ୟ ମନଃସୁ କୁପ୍ରୱୃତ୍ତିଂ ଜନଯିତ୍ୱା ତଂ ଧୃତ୍ୱା
2c151c0285	ପ୍ରୋଚ୍ଚୈଃ ପ୍ରାୱୋଚନ୍, ହେ ଇସ୍ରାଯେଲ୍ଲୋକାଃ ସର୍ୱ୍ୱେ ସାହାଯ୍ୟଂ କୁରୁତ| ଯୋ ମନୁଜ ଏତେଷାଂ ଲୋକାନାଂ ମୂସାୱ୍ୟୱସ୍ଥାଯା ଏତସ୍ୟ ସ୍ଥାନସ୍ୟାପି ୱିପରୀତଂ ସର୍ୱ୍ୱତ୍ର ସର୍ୱ୍ୱାନ୍ ଶିକ୍ଷଯତି ସ ଏଷଃ; ୱିଶେଷତଃ ସ ଭିନ୍ନଦେଶୀଯଲୋକାନ୍ ମନ୍ଦିରମ୍ ଆନୀଯ ପୱିତ୍ରସ୍ଥାନମେତଦ୍ ଅପୱିତ୍ରମକରୋତ୍|
2c151d0136	ପୂର୍ୱ୍ୱଂ ତେ ମଧ୍ୟେନଗରମ୍ ଇଫିଷନଗରୀଯଂ ତ୍ରଫିମଂ ପୌଲେନ ସହିତଂ ଦୃଷ୍ଟୱନ୍ତ ଏତସ୍ମାତ୍ ପୌଲସ୍ତଂ ମନ୍ଦିରମଧ୍ୟମ୍ ଆନଯଦ୍ ଇତ୍ୟନ୍ୱମିମତ|
2c151e017e	ଅତଏୱ ସର୍ୱ୍ୱସ୍ମିନ୍ ନଗରେ କଲହୋତ୍ପନ୍ନତ୍ୱାତ୍ ଧାୱନ୍ତୋ ଲୋକା ଆଗତ୍ୟ ପୌଲଂ ଧୃତ୍ୱା ମନ୍ଦିରସ୍ୟ ବହିରାକୃଷ୍ୟାନଯନ୍ ତତ୍କ୍ଷଣାଦ୍ ଦ୍ୱାରାଣି ସର୍ୱ୍ୱାଣି ଚ ରୁଦ୍ଧାନି|
2c151f01c7	ତେଷୁ ତଂ ହନ୍ତୁମୁଦ୍ୟତେଷୁ ଯିରୂଶାଲମ୍ନଗରେ ମହାନୁପଦ୍ରୱୋ ଜାତ ଇତି ୱାର୍ତ୍ତାଯାଂ ସହସ୍ରସେନାପତେଃ କର୍ଣଗୋଚରୀଭୂତାଯାଂ ସତ୍ୟାଂ ସ ତତ୍କ୍ଷଣାତ୍ ସୈନ୍ୟାନି ସେନାପତିଗଣଞ୍ଚ ଗୃହୀତ୍ୱା ଜୱେନାଗତୱାନ୍|
2c152000de	ତତୋ ଲୋକାଃ ସେନାଗଣେନ ସହ ସହସ୍ରସେନାପତିମ୍ ଆଗଚ୍ଛନ୍ତଂ ଦୃଷ୍ଟ୍ୱା ପୌଲତାଡନାତୋ ନ୍ୟୱର୍ତ୍ତନ୍ତ|
2c15210137	ସ ସହସ୍ରସେନାପତିଃ ସନ୍ନିଧାୱାଗମ୍ୟ ପୌଲଂ ଧୃତ୍ୱା ଶୃଙ୍ଖଲଦ୍ୱଯେନ ବଦ୍ଧମ୍ ଆଦିଶ୍ୟ ତାନ୍ ପୃଷ୍ଟୱାନ୍ ଏଷ କଃ? କିଂ କର୍ମ୍ମ ଚାଯଂ କୃତୱାନ୍?
2c15220175	ତତୋ ଜନସମୂହସ୍ୟ କଶ୍ଚିଦ୍ ଏକପ୍ରକାରଂ କଶ୍ଚିଦ୍ ଅନ୍ୟପ୍ରକାରଂ ୱାକ୍ୟମ୍ ଅରୌତ୍ ସ ତତ୍ର ସତ୍ୟଂ ଜ୍ଞାତୁମ୍ କଲହକାରଣାଦ୍ ଅଶକ୍ତଃ ସନ୍ ତଂ ଦୁର୍ଗଂ ନେତୁମ୍ ଆଜ୍ଞାପଯତ୍|
2c152300da	ତେଷୁ ସୋପାନସ୍ୟୋପରି ପ୍ରାପ୍ତେଷୁ ଲୋକାନାଂ ସାହସକାରଣାତ୍ ସେନାଗଣଃ ପୌଲମୁତ୍ତୋଲ୍ୟ ନୀତୱାନ୍|
2c152400c9	ତତଃ ସର୍ୱ୍ୱେ ଲୋକାଃ ପଶ୍ଚାଦ୍ଗାମିନଃ ସନ୍ତ ଏନଂ ଦୁରୀକୁରୁତେତି ୱାକ୍ୟମ୍ ଉଚ୍ଚୈରୱଦନ୍|
2c1525017d	ପୌଲସ୍ୟ ଦୁର୍ଗାନଯନସମଯେ ସ ତସ୍ମୈ ସହସ୍ରସେନାପତଯେ କଥିତୱାନ୍, ଭୱତଃ ପୁରସ୍ତାତ୍ କଥାଂ କଥଯିତୁଂ କିମ୍ ଅନୁମନ୍ୟତେ? ସ ତମପୃଚ୍ଛତ୍ ତ୍ୱଂ କିଂ ଯୂନାନୀଯାଂ ଭାଷାଂ ଜାନାସି?
2c1526012c	ଯୋ ମିସରୀଯୋ ଜନଃ ପୂର୍ୱ୍ୱଂ ୱିରୋଧଂ କୃତ୍ୱା ଚତ୍ୱାରି ସହସ୍ରାଣି ଘାତକାନ୍ ସଙ୍ଗିନଃ କୃତ୍ୱା ୱିପିନଂ ଗତୱାନ୍ ତ୍ୱଂ କିଂ ସଏୱ ନ ଭୱସି?
2c15270177	ତଦା ପୌଲୋଽକଥଯତ୍ ଅହଂ କିଲିକିଯାଦେଶସ୍ୟ ତାର୍ଷନଗରୀଯୋ ଯିହୂଦୀଯୋ, ନାହଂ ସାମାନ୍ୟନଗରୀଯୋ ମାନୱଃ; ଅତଏୱ ୱିନଯେଽହଂ ଲାକାନାଂ ସମକ୍ଷଂ କଥାଂ କଥଯିତୁଂ ମାମନୁଜାନୀଷ୍ୱ|
2c15280155	ତେନାନୁଜ୍ଞାତଃ ପୌଲଃ ସୋପାନୋପରି ତିଷ୍ଠନ୍ ହସ୍ତେନେଙ୍ଗିତଂ କୃତୱାନ୍, ତସ୍ମାତ୍ ସର୍ୱ୍ୱେ ସୁସ୍ଥିରା ଅଭୱନ୍| ତଦା ପୌଲ ଇବ୍ରୀଯଭାଷଯା କଥଯିତୁମ୍ ଆରଭତ,
2c1601008a	ହେ ପିତୃଗଣା ହେ ଭ୍ରାତୃଗଣାଃ, ଇଦାନୀଂ ମମ ନିୱେଦନେ ସମୱଧତ୍ତ|
2c160200dd	ତଦା ସ ଇବ୍ରୀଯଭାଷଯା କଥାଂ କଥଯତୀତି ଶ୍ରୁତ୍ୱା ସର୍ୱ୍ୱେ ଲୋକା ଅତୀୱ ନିଃଶବ୍ଦା ସନ୍ତୋଽତିଷ୍ଠନ୍|
2c160302db	ପଶ୍ଚାତ୍ ସୋଽକଥଯଦ୍ ଅହଂ ଯିହୂଦୀଯ ଇତି ନିଶ୍ଚଯଃ କିଲିକିଯାଦେଶସ୍ୟ ତାର୍ଷନଗରଂ ମମ ଜନ୍ମଭୂମିଃ, ଏତନ୍ନଗରୀଯସ୍ୟ ଗମିଲୀଯେଲନାମ୍ନୋଽଧ୍ୟାପକସ୍ୟ ଶିଷ୍ୟୋ ଭୂତ୍ୱା ପୂର୍ୱ୍ୱପୁରୁଷାଣାଂ ୱିଧିୱ୍ୟୱସ୍ଥାନୁସାରେଣ ସମ୍ପୂର୍ଣରୂପେଣ ଶିକ୍ଷିତୋଽଭୱମ୍ ଇଦାନୀନ୍ତନା ଯୂଯଂ ଯାଦୃଶା ଭୱଥ ତାଦୃଶୋଽହମପୀଶ୍ୱରସେୱାଯାମ୍ ଉଦ୍ୟୋଗୀ ଜାତଃ|
2c1604011d	ମତମେତଦ୍ ଦ୍ୱିଷ୍ଟ୍ୱା ତଦ୍ଗ୍ରାହିନାରୀପୁରୁଷାନ୍ କାରାଯାଂ ବଦ୍ଧ୍ୱା ତେଷାଂ ପ୍ରାଣନାଶପର୍ୟ୍ୟନ୍ତାଂ ୱିପକ୍ଷତାମ୍ ଅକରୱମ୍|
2c16050269	ମହାଯାଜକଃ ସଭାସଦଃ ପ୍ରାଚୀନଲୋକାଶ୍ଚ ମମୈତସ୍ୟାଃ କଥାଯାଃ ପ୍ରମାଣଂ ଦାତୁଂ ଶକ୍ନୁୱନ୍ତି, ଯସ୍ମାତ୍ ତେଷାଂ ସମୀପାଦ୍ ଦମ୍ମେଷକନଗରନିୱାସିଭ୍ରାତୃଗଣାର୍ଥମ୍ ଆଜ୍ଞାପତ୍ରାଣି ଗୃହୀତ୍ୱା ଯେ ତତ୍ର ସ୍ଥିତାସ୍ତାନ୍ ଦଣ୍ଡଯିତୁଂ ଯିରୂଶାଲମମ୍ ଆନଯନାର୍ଥଂ ଦମ୍ମେଷକନଗରଂ ଗତୋସ୍ମି|
2c1606017d	କିନ୍ତୁ ଗଚ୍ଛନ୍ ତନ୍ନଗରସ୍ୟ ସମୀପଂ ପ୍ରାପ୍ତୱାନ୍ ତଦା ଦ୍ୱିତୀଯପ୍ରହରୱେଲାଯାଂ ସତ୍ୟାମ୍ ଅକସ୍ମାଦ୍ ଗଗଣାନ୍ନିର୍ଗତ୍ୟ ମହତୀ ଦୀପ୍ତି ର୍ମମ ଚତୁର୍ଦିଶି ପ୍ରକାଶିତୱତୀ|
2c160700ff	ତତୋ ମଯି ଭୂମୌ ପତିତେ ସତି, ହେ ଶୌଲ ହେ ଶୌଲ କୁତୋ ମାଂ ତାଡଯସି? ମାମ୍ପ୍ରତି ଭାଷିତ ଏତାଦୃଶ ଏକୋ ରୱୋପି ମଯା ଶ୍ରୁତଃ|
2c160800dc	ତଦାହଂ ପ୍ରତ୍ୟୱଦଂ, ହେ ପ୍ରଭେ କୋ ଭୱାନ୍? ତତଃ ସୋଽୱାଦୀତ୍ ଯଂ ତ୍ୱଂ ତାଡଯସି ସ ନାସରତୀଯୋ ଯୀଶୁରହଂ|
2c16090115	ମମ ସଙ୍ଗିନୋ ଲୋକାସ୍ତାଂ ଦୀପ୍ତିଂ ଦୃଷ୍ଟ୍ୱା ଭିଯଂ ପ୍ରାପ୍ତାଃ, କିନ୍ତୁ ମାମ୍ପ୍ରତ୍ୟୁଦିତଂ ତଦ୍ୱାକ୍ୟଂ ତେ ନାବୁଧ୍ୟନ୍ତ|
2c160a01a1	ତତଃ ପରଂ ପୃଷ୍ଟୱାନହଂ, ହେ ପ୍ରଭୋ ମଯା କିଂ କର୍ତ୍ତୱ୍ୟଂ? ତତଃ ପ୍ରଭୁରକଥଯତ୍, ଉତ୍ଥାଯ ଦମ୍ମେଷକନଗରଂ ଯାହି ତ୍ୱଯା ଯଦ୍ୟତ୍ କର୍ତ୍ତୱ୍ୟଂ ନିରୂପିତମାସ୍ତେ ତତ୍ ତତ୍ର ତ୍ୱଂ ଜ୍ଞାପଯିଷ୍ୟସେ|
2c160b010e	ଅନନ୍ତରଂ ତସ୍ୟାଃ ଖରତରଦୀପ୍ତେଃ କାରଣାତ୍ କିମପି ନ ଦୃଷ୍ଟ୍ୱା ସଙ୍ଗିଗଣେନ ଧୃତହସ୍ତଃ ସନ୍ ଦମ୍ମେଷକନଗରଂ ୱ୍ରଜିତୱାନ୍|
2c160c00fb	ତନ୍ନଗରନିୱାସିନାଂ ସର୍ୱ୍ୱେଷାଂ ଯିହୂଦୀଯାନାଂ ମାନ୍ୟୋ ୱ୍ୟୱସ୍ଥାନୁସାରେଣ ଭକ୍ତଶ୍ଚ ହନାନୀଯନାମା ମାନୱ ଏକୋ
2c160d0109	ମମ ସନ୍ନିଧିମ୍ ଏତ୍ୟ ତିଷ୍ଠନ୍ ଅକଥଯତ୍, ହେ ଭ୍ରାତଃ ଶୌଲ ସୁଦୃଷ୍ଟି ର୍ଭୱ ତସ୍ମିନ୍ ଦଣ୍ଡେଽହଂ ସମ୍ୟକ୍ ତଂ ଦୃଷ୍ଟୱାନ୍|
2c160e0211	ତତଃ ସ ମହ୍ୟଂ କଥିତୱାନ୍ ଯଥା ତ୍ୱମ୍ ଈଶ୍ୱରସ୍ୟାଭିପ୍ରାଯଂ ୱେତ୍ସି ତସ୍ୟ ଶୁଦ୍ଧସତ୍ତ୍ୱଜନସ୍ୟ ଦର୍ଶନଂ ପ୍ରାପ୍ୟ ତସ୍ୟ ଶ୍ରୀମୁଖସ୍ୟ ୱାକ୍ୟଂ ଶୃଣୋଷି ତନ୍ନିମିତ୍ତମ୍ ଅସ୍ମାକଂ ପୂର୍ୱ୍ୱପୁରୁଷାଣାମ୍ ଈଶ୍ୱରସ୍ତ୍ୱାଂ ମନୋନୀତଂ କୃତୱାନଂ|
2c160f00e8	ଯତୋ ଯଦ୍ୟଦ୍ ଅଦ୍ରାକ୍ଷୀରଶ୍ରୌଷୀଶ୍ଚ ସର୍ୱ୍ୱେଷାଂ ମାନୱାନାଂ ସମୀପେ ତ୍ୱଂ ତେଷାଂ ସାକ୍ଷୀ ଭୱିଷ୍ୟସି|
2c161000eb	ଅତଏୱ କୁତୋ ୱିଲମ୍ବସେ? ପ୍ରଭୋ ର୍ନାମ୍ନା ପ୍ରାର୍ଥ୍ୟ ନିଜପାପପ୍ରକ୍ଷାଲନାର୍ଥଂ ମଜ୍ଜନାଯ ସମୁତ୍ତିଷ୍ଠ|
2c16110138	ତତଃ ପରଂ ଯିରୂଶାଲମ୍ନଗରଂ ପ୍ରତ୍ୟାଗତ୍ୟ ମନ୍ଦିରେଽହମ୍ ଏକଦା ପ୍ରାର୍ଥଯେ, ତସ୍ମିନ୍ ସମଯେଽହମ୍ ଅଭିଭୂତଃ ସନ୍ ପ୍ରଭୂଂ ସାକ୍ଷାତ୍ ପଶ୍ୟନ୍,
2c1612013b	ତ୍ୱଂ ତ୍ୱରଯା ଯିରୂଶାଲମଃ ପ୍ରତିଷ୍ଠସ୍ୱ ଯତୋ ଲୋକାମଯି ତୱ ସାକ୍ଷ୍ୟଂ ନ ଗ୍ରହୀଷ୍ୟନ୍ତି, ମାମ୍ପ୍ରତ୍ୟୁଦିତଂ ତସ୍ୟେଦଂ ୱାକ୍ୟମ୍ ଅଶ୍ରୌଷମ୍|
2c161300eb	ତତୋହଂ ପ୍ରତ୍ୟୱାଦିଷମ୍ ହେ ପ୍ରଭୋ ପ୍ରତିଭଜନଭୱନଂ ତ୍ୱଯି ୱିଶ୍ୱାସିନୋ ଲୋକାନ୍ ବଦ୍ଧ୍ୱା ପ୍ରହୃତୱାନ୍,
2c1614014f	ତଥା ତୱ ସାକ୍ଷିଣଃ ସ୍ତିଫାନସ୍ୟ ରକ୍ତପାତନସମଯେ ତସ୍ୟ ୱିନାଶଂ ସମ୍ମନ୍ୟ ସନ୍ନିଧୌ ତିଷ୍ଠନ୍ ହନ୍ତୃଲୋକାନାଂ ୱାସାଂସି ରକ୍ଷିତୱାନ୍, ଏତତ୍ ତେ ୱିଦୁଃ|
2c161500c4	ତତଃ ସୋଽକଥଯତ୍ ପ୍ରତିଷ୍ଠସ୍ୱ ତ୍ୱାଂ ଦୂରସ୍ଥଭିନ୍ନଦେଶୀଯାନାଂ ସମୀପଂ ପ୍ରେଷଯିଷ୍ୟେ|
2c1616013e	ତଦା ଲୋକା ଏତାୱତ୍ପର୍ୟ୍ୟନ୍ତାଂ ତଦୀଯାଂ କଥାଂ ଶ୍ରୁତ୍ୱା ପ୍ରୋଚ୍ଚୈରକଥଯନ୍, ଏନଂ ଭୂମଣ୍ଡଲାଦ୍ ଦୂରୀକୁରୁତ, ଏତାଦୃଶଜନସ୍ୟ ଜୀୱନଂ ନୋଚିତମ୍|
2c161700a8	ଇତ୍ୟୁଚ୍ଚୈଃ କଥଯିତ୍ୱା ୱସନାନି ପରିତ୍ୟଜ୍ୟ ଗଗଣଂ ପ୍ରତି ଧୂଲୀରକ୍ଷିପନ୍
2c161801fd	ତତଃ ସହସ୍ରସେନାପତିଃ ପୌଲଂ ଦୁର୍ଗାଭ୍ୟନ୍ତର ନେତୁଂ ସମାଦିଶତ୍| ଏତସ୍ୟ ପ୍ରତିକୂଲାଃ ସନ୍ତୋ ଲୋକାଃ କିନ୍ନିମିତ୍ତମ୍ ଏତାୱଦୁଚ୍ଚୈଃସ୍ୱରମ୍ ଅକୁର୍ୱ୍ୱନ୍, ଏତଦ୍ ୱେତ୍ତୁଂ ତଂ କଶଯା ପ୍ରହୃତ୍ୟ ତସ୍ୟ ପରୀକ୍ଷାଂ କର୍ତ୍ତୁମାଦିଶତ୍|
2c16190209	ପଦାତଯଶ୍ଚର୍ମ୍ମନିର୍ମ୍ମିତରଜ୍ଜୁଭିସ୍ତସ୍ୟ ବନ୍ଧନଂ କର୍ତ୍ତୁମୁଦ୍ୟତାସ୍ତାସ୍ତଦାନୀଂ ପୌଲଃ ସମ୍ମୁଖସ୍ଥିତଂ ଶତସେନାପତିମ୍ ଉକ୍ତୱାନ୍ ଦଣ୍ଡାଜ୍ଞାଯାମ୍ ଅପ୍ରାପ୍ତାଯାଂ କିଂ ରୋମିଲୋକଂ ପ୍ରହର୍ତ୍ତୁଂ ଯୁଷ୍ମାକମ୍ ଅଧିକାରୋସ୍ତି?
2c161a012d	ଏନାଂ କଥାଂ ଶ୍ରୁତ୍ୱା ସ ସହସ୍ରସେନାପତେଃ ସନ୍ନିଧିଂ ଗତ୍ୱା ତାଂ ୱାର୍ତ୍ତାମୱଦତ୍ ସ ରୋମିଲୋକ ଏତସ୍ମାତ୍ ସାୱଧାନଃ ସନ୍ କର୍ମ୍ମ କୁରୁ|
2c161b00fb	ତସ୍ମାତ୍ ସହସ୍ରସେନାପତି ର୍ଗତ୍ୱା ତମପ୍ରାକ୍ଷୀତ୍ ତ୍ୱଂ କିଂ ରୋମିଲୋକଃ? ଇତି ମାଂ ବ୍ରୂହି| ସୋଽକଥଯତ୍ ସତ୍ୟମ୍|
2c161c0151	ତତଃ ସହସ୍ରସେନାପତିଃ କଥିତୱାନ୍ ବହୁଦ୍ରୱିଣଂ ଦତ୍ତ୍ୱାହଂ ତତ୍ ପୌରସଖ୍ୟଂ ପ୍ରାପ୍ତୱାନ୍; କିନ୍ତୁ ପୌଲଃ କଥିତୱାନ୍ ଅହଂ ଜନୁନା ତତ୍ ପ୍ରାପ୍ତୋଽସ୍ମି|
2c161d01c4	ଇତ୍ଥଂ ସତି ଯେ ପ୍ରହାରେଣ ତଂ ପରୀକ୍ଷିତୁଂ ସମୁଦ୍ୟତା ଆସନ୍ ତେ ତସ୍ୟ ସମୀପାତ୍ ପ୍ରାତିଷ୍ଠନ୍ତ; ସହସ୍ରସେନାପତିସ୍ତଂ ରୋମିଲୋକଂ ୱିଜ୍ଞାଯ ସ୍ୱଯଂ ଯତ୍ ତସ୍ୟ ବନ୍ଧନମ୍ ଅକାର୍ଷୀତ୍ ତତ୍କାରଣାଦ୍ ଅବିଭେତ୍|
2c161e0241	ଯିହୂଦୀଯଲୋକାଃ ପୌଲଂ କୁତୋଽପୱଦନ୍ତେ ତସ୍ୟ ୱୃତ୍ତାନ୍ତଂ ଜ୍ଞାତୁଂ ୱାଞ୍ଛନ୍ ସହସ୍ରସେନାପତିଃ ପରେଽହନି ପୌଲଂ ବନ୍ଧନାତ୍ ମୋଚଯିତ୍ୱା ପ୍ରଧାନଯାଜକାନ୍ ମହାସଭାଯାଃ ସର୍ୱ୍ୱଲୋକାଶ୍ଚ ସମୁପସ୍ଥାତୁମ୍ ଆଦିଶ୍ୟ ତେଷାଂ ସନ୍ନିଧୌ ପୌଲମ୍ ଅୱରୋହ୍ୟ ସ୍ଥାପିତୱାନ୍|
2c17010155	ସଭାସଦ୍ଲୋକାନ୍ ପ୍ରତି ପୌଲୋଽନନ୍ୟଦୃଷ୍ଟ୍ୟା ପଶ୍ୟନ୍ ଅକଥଯତ୍, ହେ ଭ୍ରାତୃଗଣା ଅଦ୍ୟ ଯାୱତ୍ ସରଲେନ ସର୍ୱ୍ୱାନ୍ତଃକରଣେନେଶ୍ୱରସ୍ୟ ସାକ୍ଷାଦ୍ ଆଚରାମି|
2c170200cd	ଅନେନ ହନାନୀଯନାମା ମହାଯାଜକସ୍ତଂ କପୋଲେ ଚପେଟେନାହନ୍ତୁଂ ସମୀପସ୍ଥଲୋକାନ୍ ଆଦିଷ୍ଟୱାନ୍|
2c170301ba	ତଦା ପୌଲସ୍ତମୱଦତ୍, ହେ ବହିଷ୍ପରିଷ୍କୃତ, ଈଶ୍ୱରସ୍ତ୍ୱାଂ ପ୍ରହର୍ତ୍ତୁମ୍ ଉଦ୍ୟତୋସ୍ତି, ଯତୋ ୱ୍ୟୱସ୍ଥାନୁସାରେଣ ୱିଚାରଯିତୁମ୍ ଉପୱିଶ୍ୟ ୱ୍ୟୱସ୍ଥାଂ ଲଙ୍ଘିତ୍ୱା ମାଂ ପ୍ରହର୍ତ୍ତୁମ୍ ଆଜ୍ଞାପଯସି|
2c170400a6	ତତୋ ନିକଟସ୍ଥା ଲୋକା ଅକଥଯନ୍, ତ୍ୱଂ କିମ୍ ଈଶ୍ୱରସ୍ୟ ମହାଯାଜକଂ ନିନ୍ଦସି?
2c17050174	ତତଃ ପୌଲଃ ପ୍ରତିଭାଷିତୱାନ୍ ହେ ଭ୍ରାତୃଗଣ ମହାଯାଜକ ଏଷ ଇତି ନ ବୁଦ୍ଧଂ ମଯା ତଦନ୍ୟଚ୍ଚ ସ୍ୱଲୋକାନାମ୍ ଅଧିପତିଂ ପ୍ରତି ଦୁର୍ୱ୍ୱାକ୍ୟଂ ମା କଥଯ, ଏତାଦୃଶୀ ଲିପିରସ୍ତି|
2c17060235	ଅନନ୍ତରଂ ପୌଲସ୍ତେଷାମ୍ ଅର୍ଦ୍ଧଂ ସିଦୂକିଲୋକା ଅର୍ଦ୍ଧଂ ଫିରୂଶିଲୋକା ଇତି ଦୃଷ୍ଟ୍ୱା ପ୍ରୋଚ୍ଚୈଃ ସଭାସ୍ଥଲୋକାନ୍ ଅୱଦତ୍ ହେ ଭ୍ରାତୃଗଣ ଅହଂ ଫିରୂଶିମତାୱଲମ୍ବୀ ଫିରୂଶିନଃ ସତ୍ନାନଶ୍ଚ, ମୃତଲୋକାନାମ୍ ଉତ୍ଥାନେ ପ୍ରତ୍ୟାଶାକରଣାଦ୍ ଅହମପୱାଦିତୋସ୍ମି|
2c170700f2	ଇତି କଥାଯାଂ କଥିତାଯାଂ ଫିରୂଶିସିଦୂକିନୋଃ ପରସ୍ପରଂ ଭିନ୍ନୱାକ୍ୟତ୍ୱାତ୍ ସଭାଯା ମଧ୍ୟେ ଦ୍ୱୌ ସଂଘୌ ଜାତୌ|
2c17080156	ଯତଃ ସିଦୂକିଲୋକା ଉତ୍ଥାନଂ ସ୍ୱର୍ଗୀଯଦୂତା ଆତ୍ମାନଶ୍ଚ ସର୍ୱ୍ୱେଷାମ୍ ଏତେଷାଂ କମପି ନ ମନ୍ୟନ୍ତେ, କିନ୍ତୁ ଫିରୂଶିନଃ ସର୍ୱ୍ୱମ୍ ଅଙ୍ଗୀକୁର୍ୱ୍ୱନ୍ତି|
2c17090288	ତତଃ ପରସ୍ପରମ୍ ଅତିଶଯକୋଲାହଲେ ସମୁପସ୍ଥିତେ ଫିରୂଶିନାଂ ପକ୍ଷୀଯାଃ ସଭାସ୍ଥା ଅଧ୍ୟାପକାଃ ପ୍ରତିପକ୍ଷା ଉତ୍ତିଷ୍ଠନ୍ତୋ ଽକଥଯନ୍, ଏତସ୍ୟ ମାନୱସ୍ୟ କମପି ଦୋଷଂ ନ ପଶ୍ୟାମଃ; ଯଦି କଶ୍ଚିଦ୍ ଆତ୍ମା ୱା କଶ୍ଚିଦ୍ ଦୂତ ଏନଂ ପ୍ରତ୍ୟାଦିଶତ୍ ତର୍ହି ୱଯମ୍ ଈଶ୍ୱରସ୍ୟ ପ୍ରାତିକୂଲ୍ୟେନ ନ ଯୋତ୍ସ୍ୟାମଃ|
2c170a01b4	ତସ୍ମାଦ୍ ଅତୀୱ ଭିନ୍ନୱାକ୍ୟତ୍ୱେ ସତି ତେ ପୌଲଂ ଖଣ୍ଡଂ ଖଣ୍ଡଂ କରିଷ୍ୟନ୍ତୀତ୍ୟାଶଙ୍କଯା ସହସ୍ରସେନାପତିଃ ସେନାଗଣଂ ତତ୍ସ୍ଥାନଂ ଯାତୁଂ ସଭାତୋ ବଲାତ୍ ପୌଲଂ ଧୃତ୍ୱା ଦୁର୍ଗଂ ନେତଞ୍ଚାଜ୍ଞାପଯତ୍|
2c170b0162	ରାତ୍ରୋ ପ୍ରଭୁସ୍ତସ୍ୟ ସମୀପେ ତିଷ୍ଠନ୍ କଥିତୱାନ୍ ହେ ପୌଲ ନିର୍ଭଯୋ ଭୱ ଯଥା ଯିରୂଶାଲମ୍ନଗରେ ମଯି ସାକ୍ଷ୍ୟଂ ଦତ୍ତୱାନ୍ ତଥା ରୋମାନଗରେପି ତ୍ୱଯା ଦାତୱ୍ୟମ୍|
2c170c0136	ଦିନେ ସମୁପସ୍ଥିତେ ସତି କିଯନ୍ତୋ ଯିହୂଦୀଯଲୋକା ଏକମନ୍ତ୍ରଣାଃ ସନ୍ତଃ ପୌଲଂ ନ ହତ୍ୱା ଭୋଜନପାନେ କରିଷ୍ୟାମ ଇତି ଶପଥେନ ସ୍ୱାନ୍ ଅବଧ୍ନନ୍|
2c170d0089	ଚତ୍ୱାରିଂଶଜ୍ଜନେଭ୍ୟୋଽଧିକା ଲୋକା ଇତି ପଣମ୍ ଅକୁର୍ୱ୍ୱନ୍|
2c170e013e	ତେ ମହାଯାଜକାନାଂ ପ୍ରାଚୀନଲୋକାନାଞ୍ଚ ସମୀପଂ ଗତ୍ୱା କଥଯନ୍, ୱଯଂ ପୌଲଂ ନ ହତ୍ୱା କିମପି ନ ଭୋକ୍ଷ୍ୟାମହେ ଦୃଢେନାନେନ ଶପଥେନ ବଦ୍ଧ୍ୱା ଅଭୱାମ|
2c170f023a	ଅତଏୱ ସାମ୍ପ୍ରତଂ ସଭାସଦ୍ଲୋକୈଃ ସହ ୱଯଂ ତସ୍ମିନ୍ କଞ୍ଚିଦ୍ ୱିଶେଷୱିଚାରଂ କରିଷ୍ୟାମସ୍ତଦର୍ଥଂ ଭୱାନ୍ ଶ୍ୱୋ ଽସ୍ମାକଂ ସମୀପଂ ତମ୍ ଆନଯତ୍ୱିତି ସହସ୍ରସେନାପତଯେ ନିୱେଦନଂ କୁରୁତ ତେନ ଯୁଷ୍ମାକଂ ସମୀପଂ ଉପସ୍ଥିତେଃ ପୂର୍ୱ୍ୱଂ ୱଯଂ ତଂ ହନ୍ତୁ ସଜ୍ଜିଷ୍ୟାମ|
2c171000f5	ତଦା ପୌଲସ୍ୟ ଭାଗିନେଯସ୍ତେଷାମିତି ମନ୍ତ୍ରଣାଂ ୱିଜ୍ଞାଯ ଦୁର୍ଗଂ ଗତ୍ୱା ତାଂ ୱାର୍ତ୍ତାଂ ପୌଲମ୍ ଉକ୍ତୱାନ୍|
2c17110182	ତସ୍ମାତ୍ ପୌଲ ଏକଂ ଶତସେନାପତିମ୍ ଆହୂଯ ୱାକ୍ୟମିଦମ୍ ଭାଷିତୱାନ୍ ସହସ୍ରସେନାପତେଃ ସମୀପେଽସ୍ୟ ଯୁୱମନୁଷ୍ୟସ୍ୟ କିଞ୍ଚିନ୍ନିୱେଦନମ୍ ଆସ୍ତେ, ତସ୍ମାତ୍ ତତ୍ସୱିଧମ୍ ଏନଂ ନଯ|
2c1712019e	ତତଃ ସ ତମାଦାଯ ସହସ୍ରସେନାପତେଃ ସମୀପମ୍ ଉପସ୍ଥାଯ କଥିତୱାନ୍, ଭୱତଃ ସମୀପେଽସ୍ୟ କିମପି ନିୱେଦନମାସ୍ତେ ତସ୍ମାତ୍ ବନ୍ଦିଃ ପୌଲୋ ମାମାହୂଯ ଭୱତଃ ସମୀପମ୍ ଏନମ୍ ଆନେତୁଂ ପ୍ରାର୍ଥିତୱାନ୍|
2c171300f4	ତଦା ସହସ୍ରସେନାପତିସ୍ତସ୍ୟ ହସ୍ତଂ ଧୃତ୍ୱା ନିର୍ଜନସ୍ଥାନଂ ନୀତ୍ୱା ପୃଷ୍ଠୱାନ୍ ତୱ କିଂ ନିୱେଦନଂ? ତତ୍ କଥଯ|
2c1714011e	ତତଃ ସୋକଥଯତ୍, ଯିହୂଦୀଯଲାକାଃ ପୌଲେ କମପି ୱିଶେଷୱିଚାରଂ ଛଲଂ କୃତ୍ୱା ତଂ ସଭାଂ ନେତୁଂ ଭୱତଃ ସମୀପେ ନିୱେଦଯିତୁଂ ଅମନ୍ତ୍ରଯନ୍|
2c17150256	କିନ୍ତୁ ମୱତା ତନ୍ନ ସ୍ୱୀକର୍ତ୍ତୱ୍ୟଂ ଯତସ୍ତେଷାଂ ମଧ୍ୟେୱର୍ତ୍ତିନଶ୍ଚତ୍ୱାରିଂଶଜ୍ଜନେଭ୍ୟୋ ଽଧିକଲୋକା ଏକମନ୍ତ୍ରଣା ଭୂତ୍ୱା ପୌଲଂ ନ ହତ୍ୱା ଭୋଜନଂ ପାନଞ୍ଚ ନ କରିଷ୍ୟାମ ଇତି ଶପଥେନ ବଦ୍ଧାଃ ସନ୍ତୋ ଘାତକା ଇୱ ସଜ୍ଜିତା ଇଦାନୀଂ କେୱଲଂ ଭୱତୋ ଽନୁମତିମ୍ ଅପେକ୍ଷନ୍ତେ|
2c17160113	ଯାମିମାଂ କଥାଂ ତ୍ୱଂ ନିୱେଦିତୱାନ୍ ତାଂ କସ୍ମୈଚିଦପି ମା କଥଯେତ୍ୟୁକ୍ତ୍ୱା ସହସ୍ରସେନାପତିସ୍ତଂ ଯୁୱାନଂ ୱିସୃଷ୍ଟୱାନ୍|
2c17170256	ଅନନ୍ତରଂ ସହସ୍ରସେନାପତି ର୍ଦ୍ୱୌ ଶତସେନାପତୀ ଆହୂଯେଦମ୍ ଆଦିଶତ୍, ଯୁୱାଂ ରାତ୍ରୌ ପ୍ରହରୈକାୱଶିଷ୍ଟାଯାଂ ସତ୍ୟାଂ କୈସରିଯାନଗରଂ ଯାତୁଂ ପଦାତିସୈନ୍ୟାନାଂ ଦ୍ୱେ ଶତେ ଘୋଟକାରୋହିସୈନ୍ୟାନାଂ ସପ୍ତତିଂ ଶକ୍ତିଧାରିସୈନ୍ୟାନାଂ ଦ୍ୱେ ଶତେ ଚ ଜନାନ୍ ସଜ୍ଜିତାନ୍ କୁରୁତଂ|
2c171800dd	ପୌଲମ୍ ଆରୋହଯିତୁଂ ଫୀଲିକ୍ଷାଧିପତେଃ ସମୀପଂ ନିର୍ୱ୍ୱିଘ୍ନଂ ନେତୁଞ୍ଚ ୱାହନାନି ସମୁପସ୍ଥାପଯତଂ|
2c1719007b	ଅପରଂ ସ ପତ୍ରଂ ଲିଖିତ୍ୱା ଦତ୍ତୱାନ୍ ତଲ୍ଲିଖିତମେତତ୍,
2c171a00a2	ମହାମହିମଶ୍ରୀଯୁକ୍ତଫୀଲିକ୍ଷାଧିପତଯେ କ୍ଲୌଦିଯଲୁଷିଯସ୍ୟ ନମସ୍କାରଃ|
2c171b0186	ଯିହୂଦୀଯଲୋକାଃ ପୂର୍ୱ୍ୱମ୍ ଏନଂ ମାନୱଂ ଧୃତ୍ୱା ସ୍ୱହସ୍ତୈ ର୍ହନ୍ତୁମ୍ ଉଦ୍ୟତା ଏତସ୍ମିନ୍ନନ୍ତରେ ସସୈନ୍ୟୋହଂ ତତ୍ରୋପସ୍ଥାଯ ଏଷ ଜନୋ ରୋମୀଯ ଇତି ୱିଜ୍ଞାଯ ତଂ ରକ୍ଷିତୱାନ୍|
2c171c00a6	କିନ୍ନିମିତ୍ତଂ ତେ ତମପୱଦନ୍ତେ ତଜ୍ଜ୍ଞାତୁଂ ତେଷା ସଭାଂ ତମାନାଯିତୱାନ୍|
2c171d017c	ତତସ୍ତେଷାଂ ୱ୍ୟୱସ୍ଥାଯା ୱିରୁଦ୍ଧଯା କଯାଚନ କଥଯା ସୋଽପୱାଦିତୋଽଭୱତ୍, କିନ୍ତୁ ସ ଶୃଙ୍ଖଲବନ୍ଧନାର୍ହୋ ୱା ପ୍ରାଣନାଶାର୍ହୋ ଭୱତୀଦୃଶଃ କୋପ୍ୟପରାଧୋ ମଯାସ୍ୟ ନ ଦୃଷ୍ଟଃ|
2c171e01f0	ତଥାପି ମନୁଷ୍ୟସ୍ୟାସ୍ୟ ୱଧାର୍ଥଂ ଯିହୂଦୀଯା ଘାତକାଇୱ ସଜ୍ଜିତା ଏତାଂ ୱାର୍ତ୍ତାଂ ଶ୍ରୁତ୍ୱା ତତ୍କ୍ଷଣାତ୍ ତୱ ସମୀପମେନଂ ପ୍ରେଷିତୱାନ୍ ଅସ୍ୟାପୱାଦକାଂଶ୍ଚ ତୱ ସମୀପଂ ଗତ୍ୱାପୱଦିତୁମ୍ ଆଜ୍ଞାପଯମ୍| ଭୱତଃ କୁଶଲଂ ଭୂଯାତ୍|
2c171f00ce	ସୈନ୍ୟଗଣ ଆଜ୍ଞାନୁସାରେଣ ପୌଲଂ ଗୃହୀତ୍ୱା ତସ୍ୟାଂ ରଜନ୍ୟାମ୍ ଆନ୍ତିପାତ୍ରିନଗରମ୍ ଆନଯତ୍|
2c172000c9	ପରେଽହନି ତେନ ସହ ଯାତୁଂ ଘୋଟକାରୂଢସୈନ୍ୟଗଣଂ ସ୍ଥାପଯିତ୍ୱା ପରାୱୃତ୍ୟ ଦୁର୍ଗଂ ଗତୱାନ୍|
2c1721012a	ତତଃ ପରେ ଘୋଟକାରୋହିସୈନ୍ୟଗଣଃ କୈସରିଯାନଗରମ୍ ଉପସ୍ଥାଯ ତତ୍ପତ୍ରମ୍ ଅଧିପତେଃ କରେ ସମର୍ପ୍ୟ ତସ୍ୟ ସମୀପେ ପୌଲମ୍ ଉପସ୍ଥାପିତୱାନ୍|
2c17220125	ତଦାଧିପତିସ୍ତତ୍ପତ୍ରଂ ପଠିତ୍ୱା ପୃଷ୍ଠୱାନ୍ ଏଷ କିମ୍ପ୍ରଦେଶୀଯୋ ଜନଃ? ସ କିଲିକିଯାପ୍ରଦେଶୀଯ ଏକୋ ଜନ ଇତି ଜ୍ଞାତ୍ୱା କଥିତୱାନ୍,
2c172300d0	ତୱାପୱାଦକଗଣ ଆଗତେ ତୱ କଥାଂ ଶ୍ରୋଷ୍ୟାମି| ହେରୋଦ୍ରାଜଗୃହେ ତଂ ସ୍ଥାପଯିତୁମ୍ ଆଦିଷ୍ଟୱାନ୍|
2c180101d6	ପଞ୍ଚଭ୍ୟୋ ଦିନେଭ୍ୟଃ ପରଂ ହନାନୀଯନାମା ମହାଯାଜକୋଽଧିପତେଃ ସମକ୍ଷଂ ପୌଲସ୍ୟ ପ୍ରାତିକୂଲ୍ୟେନ ନିୱେଦଯିତୁଂ ତର୍ତୁଲ୍ଲନାମାନଂ କଞ୍ଚନ ୱକ୍ତାରଂ ପ୍ରାଚୀନଜନାଂଶ୍ଚ ସଙ୍ଗିନଃ କୃତ୍ୱା କୈସରିଯାନଗରମ୍ ଆଗଚ୍ଛତ୍|
2c180201df	ତତଃ ପୌଲେ ସମାନୀତେ ସତି ତର୍ତୁଲ୍ଲସ୍ତସ୍ୟାପୱାଦକଥାଂ କଥଯିତୁମ୍ ଆରଭତ ହେ ମହାମହିମଫୀଲିକ୍ଷ ଭୱତୋ ୱଯମ୍ ଅତିନିର୍ୱ୍ୱିଘ୍ନଂ କାଲଂ ଯାପଯାମୋ ଭୱତଃ ପରିଣାମଦର୍ଶିତଯା ଏତଦ୍ଦେଶୀଯାନାଂ ବହୂନି ମଙ୍ଗଲାନି ଘଟିତାନି,
2c180300ba	ଇତି ହେତୋ ର୍ୱଯମତିକୃତଜ୍ଞାଃ ସନ୍ତଃ ସର୍ୱ୍ୱତ୍ର ସର୍ୱ୍ୱଦା ଭୱତୋ ଗୁଣାନ୍ ଗାଯମଃ|
2c180400fd	କିନ୍ତୁ ବହୁଭିଃ କଥାଭି ର୍ଭୱନ୍ତଂ ଯେନ ନ ୱିରଞ୍ଜଯାମି ତସ୍ମାଦ୍ ୱିନଯେ ଭୱାନ୍ ବନୁକମ୍ପ୍ୟ ମଦଲ୍ପକଥାଂ ଶୃଣୋତୁ|
2c18050191	ଏଷ ମହାମାରୀସ୍ୱରୂପୋ ନାସରତୀଯମତଗ୍ରାହିସଂଘାତସ୍ୟ ମୁଖ୍ୟୋ ଭୂତ୍ୱା ସର୍ୱ୍ୱଦେଶେଷୁ ସର୍ୱ୍ୱେଷାଂ ଯିହୂଦୀଯାନାଂ ରାଜଦ୍ରୋହାଚରଣପ୍ରୱୃତ୍ତିଂ ଜନଯତୀତ୍ୟସ୍ମାଭି ର୍ନିଶ୍ଚିତଂ|
2c18060137	ସ ମନ୍ଦିରମପି ଅଶୁଚି କର୍ତ୍ତୁଂ ଚେଷ୍ଟିତୱାନ୍; ଇତି କାରଣାଦ୍ ୱଯମ୍ ଏନଂ ଧୃତ୍ୱା ସ୍ୱୱ୍ୟୱସ୍ଥାନୁସାରେଣ ୱିଚାରଯିତୁଂ ପ୍ରାୱର୍ତ୍ତାମହି;
2c180700b8	କିନ୍ତୁ ଲୁଷିଯଃ ସହସ୍ରସେନାପତିରାଗତ୍ୟ ବଲାଦ୍ ଅସ୍ମାକଂ କରେଭ୍ୟ ଏନଂ ଗୃହୀତ୍ୱା
2c18080188	ଏତସ୍ୟାପୱାଦକାନ୍ ଭୱତଃ ସମୀପମ୍ ଆଗନ୍ତୁମ୍ ଆଜ୍ଞାପଯତ୍| ୱଯଂ ଯସ୍ମିନ୍ ତମପୱାଦାମୋ ଭୱତା ପଦପୱାଦକଥାଯାଂ ୱିଚାରିତାଯାଂ ସତ୍ୟାଂ ସର୍ୱ୍ୱଂ ୱୃତ୍ତାନ୍ତଂ ୱେଦିତୁଂ ଶକ୍ଷ୍ୟତେ|
2c1809008f	ତତୋ ଯିହୂଦୀଯା ଅପି ସ୍ୱୀକୃତ୍ୟ କଥିତୱନ୍ତ ଏଷା କଥା ପ୍ରମାଣମ୍|
2c180a0196	ଅଧିପତୌ କଥାଂ କଥଯିତୁଂ ପୌଲଂ ପ୍ରତୀଙ୍ଗିତଂ କୃତୱତି ସ କଥିତୱାନ୍ ଭୱାନ୍ ବହୂନ୍ ୱତ୍ସରାନ୍ ଯାୱଦ୍ ଏତଦ୍ଦେଶସ୍ୟ ଶାସନଂ କରୋତୀତି ୱିଜ୍ଞାଯ ପ୍ରତ୍ୟୁତ୍ତରଂ ଦାତୁମ୍ ଅକ୍ଷୋଭୋଽଭୱମ୍|
2c180b0115	ଅଦ୍ୟ କେୱଲଂ ଦ୍ୱାଦଶ ଦିନାନି ଯାତାନି, ଅହମ୍ ଆରାଧନାଂ କର୍ତ୍ତୁଂ ଯିରୂଶାଲମନଗରଂ ଗତୱାନ୍ ଏଷା କଥା ଭୱତା ଜ୍ଞାତୁଂ ଶକ୍ୟତେ;
2c180c015a	କିନ୍ତ୍ୱିଭେ ମାଂ ମଧ୍ୟେମନ୍ଦିରଂ କେନାପି ସହ ୱିତଣ୍ଡାଂ କୁର୍ୱ୍ୱନ୍ତଂ କୁତ୍ରାପି ଭଜନଭୱନେ ନଗରେ ୱା ଲୋକାନ୍ କୁପ୍ରୱୃତ୍ତିଂ ଜନଯନ୍ତୁଂ ନ ଦୃଷ୍ଟୱନ୍ତଃ|
2c180d00cb	ଇଦାନୀଂ ଯସ୍ମିନ୍ ଯସ୍ମିନ୍ ମାମ୍ ଅପୱଦନ୍ତେ ତସ୍ୟ କିମପି ପ୍ରମାଣଂ ଦାତୁଂ ନ ଶକ୍ନୁୱନ୍ତି|
2c180e0232	କିନ୍ତୁ ଭୱିଷ୍ୟଦ୍ୱାକ୍ୟଗ୍ରନ୍ଥେ ୱ୍ୟୱସ୍ଥାଗ୍ରନ୍ଥେ ଚ ଯା ଯା କଥା ଲିଖିତାସ୍ତେ ତାସୁ ସର୍ୱ୍ୱାସୁ ୱିଶ୍ୱସ୍ୟ ଯନ୍ମତମ୍ ଇମେ ୱିଧର୍ମ୍ମଂ ଜାନନ୍ତି ତନ୍ମତାନୁସାରେଣାହଂ ନିଜପିତୃପୁରୁଷାଣାମ୍ ଈଶ୍ୱରମ୍ ଆରାଧଯାମୀତ୍ୟହଂ ଭୱତଃ ସମକ୍ଷମ୍ ଅଙ୍ଗୀକରୋମି|
2c180f0170	ଧାର୍ମ୍ମିକାଣାମ୍ ଅଧାର୍ମ୍ମିକାଣାଞ୍ଚ ପ୍ରମୀତଲୋକାନାମେୱୋତ୍ଥାନଂ ଭୱିଷ୍ୟତୀତି କଥାମିମେ ସ୍ୱୀକୁର୍ୱ୍ୱନ୍ତି ତଥାହମପି ତସ୍ମିନ୍ ଈଶ୍ୱରେ ପ୍ରତ୍ୟାଶାଂ କରୋମି;
2c181000c4	ଈଶ୍ୱରସ୍ୟ ମାନୱାନାଞ୍ଚ ସମୀପେ ଯଥା ନିର୍ଦୋଷୋ ଭୱାମି ତଦର୍ଥଂ ସତତଂ ଯତ୍ନୱାନ୍ ଅସ୍ମି|
2c18110113	ବହୁଷୁ ୱତ୍ସରେଷୁ ଗତେଷୁ ସ୍ୱଦେଶୀଯଲୋକାନାଂ ନିମିତ୍ତଂ ଦାନୀଯଦ୍ରୱ୍ୟାଣି ନୈୱେଦ୍ୟାନି ଚ ସମାଦାଯ ପୁନରାଗମନଂ କୃତୱାନ୍|
2c1812014a	ତତୋହଂ ଶୁଚି ର୍ଭୂତ୍ୱା ଲୋକାନାଂ ସମାଗମଂ କଲହଂ ୱା ନ କାରିତୱାନ୍ ତଥାପ୍ୟାଶିଯାଦେଶୀଯାଃ କିଯନ୍ତୋ ଯିହୁଦୀଯଲୋକା ମଧ୍ୟେମନ୍ଦିରଂ ମାଂ ଧୃତୱନ୍ତଃ|
2c181300e2	ମମୋପରି ଯଦି କାଚିଦପୱାଦକଥାସ୍ତି ତର୍ହି ଭୱତଃ ସମୀପମ୍ ଉପସ୍ଥାଯ ତେଷାମେୱ ସାକ୍ଷ୍ୟଦାନମ୍ ଉଚିତମ୍|
2c1814013b	ନୋଚେତ୍ ପୂର୍ୱ୍ୱେ ମହାସଭାସ୍ଥାନାଂ ଲୋକାନାଂ ସନ୍ନିଧୌ ମମ ଦଣ୍ଡାଯମାନତ୍ୱସମଯେ, ଅହମଦ୍ୟ ମୃତାନାମୁତ୍ଥାନେ ଯୁଷ୍ମାଭି ର୍ୱିଚାରିତୋସ୍ମି,
2c18150149	ତେଷାଂ ମଧ୍ୟେ ତିଷ୍ଠନ୍ନହଂ ଯାମିମାଂ କଥାମୁଚ୍ଚୈଃ ସ୍ୱରେଣ କଥିତୱାନ୍ ତଦନ୍ୟୋ ମମ କୋପି ଦୋଷୋଽଲଭ୍ୟତ ନ ୱେତି ୱରମ୍ ଏତେ ସମୁପସ୍ଥିତଲୋକା ୱଦନ୍ତୁ|
2c181601ca	ତଦା ଫୀଲିକ୍ଷ ଏତାଂ କଥାଂ ଶ୍ରୁତ୍ୱା ତନ୍ମତସ୍ୟ ୱିଶେଷୱୃତ୍ତାନ୍ତଂ ୱିଜ୍ଞାତୁଂ ୱିଚାରଂ ସ୍ଥଗିତଂ କୃତ୍ୱା କଥିତୱାନ୍ ଲୁଷିଯେ ସହସ୍ରସେନାପତୌ ସମାଯାତେ ସତି ଯୁଷ୍ମାକଂ ୱିଚାରମ୍ ଅହଂ ନିଷ୍ପାଦଯିଷ୍ୟାମି|
2c1817014c	ଅନନ୍ତରଂ ବନ୍ଧନଂ ୱିନା ପୌଲଂ ରକ୍ଷିତୁଂ ତସ୍ୟ ସେୱନାଯ ସାକ୍ଷାତ୍କରଣାଯ ୱା ତଦୀଯାତ୍ମୀଯବନ୍ଧୁଜନାନ୍ ନ ୱାରଯିତୁଞ୍ଚ ଶମସେନାପତିମ୍ ଆଦିଷ୍ଟୱାନ୍|
2c1818018a	ଅଲ୍ପଦିନାତ୍ ପରଂ ଫୀଲିକ୍ଷୋଽଧିପତି ର୍ଦ୍ରୁଷିଲ୍ଲାନାମ୍ନା ଯିହୂଦୀଯଯା ସ୍ୱଭାର୍ୟ୍ୟଯା ସହାଗତ୍ୟ ପୌଲମାହୂଯ ତସ୍ୟ ମୁଖାତ୍ ଖ୍ରୀଷ୍ଟଧର୍ମ୍ମସ୍ୟ ୱୃତ୍ତାନ୍ତମ୍ ଅଶ୍ରୌଷୀତ୍|
2c1819018e	ପୌଲେନ ନ୍ୟାଯସ୍ୟ ପରିମିତଭୋଗସ୍ୟ ଚରମୱିଚାରସ୍ୟ ଚ କଥାଯାଂ କଥିତାଯାଂ ସତ୍ୟାଂ ଫୀଲିକ୍ଷଃ କମ୍ପମାନଃ ସନ୍ ୱ୍ୟାହରଦ୍ ଇଦାନୀଂ ଯାହି, ଅହମ୍ ଅୱକାଶଂ ପ୍ରାପ୍ୟ ତ୍ୱାମ୍ ଆହୂସ୍ୟାମି|
2c181a0134	ମୁକ୍ତିପ୍ରପ୍ତ୍ୟର୍ଥଂ ପୌଲେନ ମହ୍ୟଂ ମୁଦ୍ରାଦାସ୍ୟନ୍ତେ ଇତି ପତ୍ୟାଶାଂ କୃତ୍ୱା ସ ପୁନଃ ପୁନସ୍ତମାହୂଯ ତେନ ସାକଂ କଥୋପକଥନଂ କୃତୱାନ୍|
2c181b0172	କିନ୍ତୁ ୱତ୍ସରଦ୍ୱଯାତ୍ ପରଂ ପର୍କିଯଫୀଷ୍ଟ ଫାଲିକ୍ଷସ୍ୟ ପଦଂ ପ୍ରାପ୍ତେ ସତି ଫୀଲିକ୍ଷୋ ଯିହୂଦୀଯାନ୍ ସନ୍ତୁଷ୍ଟାନ୍ ଚିକୀର୍ଷନ୍ ପୌଲଂ ବଦ୍ଧଂ ସଂସ୍ଥାପ୍ୟ ଗତୱାନ୍|
2c190100d8	ଅନନ୍ତରଂ ଫୀଷ୍ଟୋ ନିଜରାଜ୍ୟମ୍ ଆଗତ୍ୟ ଦିନତ୍ରଯାତ୍ ପରଂ କୈସରିଯାତୋ ଯିରୂଶାଲମ୍ନଗରମ୍ ଆଗମତ୍|
2c190200b6	ତଦା ମହାଯାଜକୋ ଯିହୂଦୀଯାନାଂ ପ୍ରଧାନଲୋକାଶ୍ଚ ତସ୍ୟ ସମକ୍ଷଂ ପୌଲମ୍ ଅପାୱଦନ୍ତ|
2c190300df	ଭୱାନ୍ ତଂ ଯିରୂଶାଲମମ୍ ଆନେତୁମ୍ ଆଜ୍ଞାପଯତ୍ୱିତି ୱିନୀଯ ତେ ତସ୍ମାଦ୍ ଅନୁଗ୍ରହଂ ୱାଞ୍ଛିତୱନ୍ତଃ|
2c19040179	ଯତଃ ପଥିମଧ୍ୟେ ଗୋପନେନ ପୌଲଂ ହନ୍ତୁଂ ତୈ ର୍ଘାତକା ନିଯୁକ୍ତାଃ| ଫୀଷ୍ଟ ଉତ୍ତରଂ ଦତ୍ତୱାନ୍ ପୌଲଃ କୈସରିଯାଯାଂ ସ୍ଥାସ୍ୟତି ପୁନରଲ୍ପଦିନାତ୍ ପରମ୍ ଅହଂ ତତ୍ର ଯାସ୍ୟାମି|
2c19050154	ତତସ୍ତସ୍ୟ ମାନୁଷସ୍ୟ ଯଦି କଶ୍ଚିଦ୍ ଅପରାଧସ୍ତିଷ୍ଠତି ତର୍ହି ଯୁଷ୍ମାକଂ ଯେ ଶକ୍ନୁୱନ୍ତି ତେ ମଯା ସହ ତତ୍ର ଗତ୍ୱା ତମପୱଦନ୍ତୁ ସ ଏତାଂ କଥାଂ କଥିତୱାନ୍|
2c19060141	ଦଶଦିୱସେଭ୍ୟୋଽଧିକଂ ୱିଲମ୍ବ୍ୟ ଫୀଷ୍ଟସ୍ତସ୍ମାତ୍ କୈସରିଯାନଗରଂ ଗତ୍ୱା ପରସ୍ମିନ୍ ଦିୱସେ ୱିଚାରାସନ ଉପଦିଶ୍ୟ ପୌଲମ୍ ଆନେତୁମ୍ ଆଜ୍ଞାପଯତ୍|
2c190701cd	ପୌଲେ ସମୁପସ୍ଥିତେ ସତି ଯିରୂଶାଲମ୍ନଗରାଦ୍ ଆଗତା ଯିହୂଦୀଯଲୋକାସ୍ତଂ ଚତୁର୍ଦିଶି ସଂୱେଷ୍ଟ୍ୟ ତସ୍ୟ ୱିରୁଦ୍ଧଂ ବହୂନ୍ ମହାଦୋଷାନ୍ ଉତ୍ଥାପିତୱନ୍ତଃ କିନ୍ତୁ ତେଷାଂ କିମପି ପ୍ରମାଣଂ ଦାତୁଂ ନ ଶକ୍ନୁୱନ୍ତଃ|
2c19080148	ତତଃ ପୌଲଃ ସ୍ୱସ୍ମିନ୍ ଉତ୍ତରମିଦମ୍ ଉଦିତୱାନ୍, ଯିହୂଦୀଯାନାଂ ୱ୍ୟୱସ୍ଥାଯା ମନ୍ଦିରସ୍ୟ କୈସରସ୍ୟ ୱା ପ୍ରତିକୂଲଂ କିମପି କର୍ମ୍ମ ନାହଂ କୃତୱାନ୍|
2c19090176	କିନ୍ତୁ ଫୀଷ୍ଟୋ ଯିହୂଦୀଯାନ୍ ସନ୍ତୁଷ୍ଟାନ୍ କର୍ତ୍ତୁମ୍ ଅଭିଲଷନ୍ ପୌଲମ୍ ଅଭାଷତ ତ୍ୱଂ କିଂ ଯିରୂଶାଲମଂ ଗତ୍ୱାସ୍ମିନ୍ ଅଭିଯୋଗେ ମମ ସାକ୍ଷାଦ୍ ୱିଚାରିତୋ ଭୱିଷ୍ୟସି?
2c190a01ba	ତତଃ ପୌଲ ଉତ୍ତରଂ ପ୍ରୋକ୍ତୱାନ୍, ଯତ୍ର ମମ ୱିଚାରୋ ଭୱିତୁଂ ଯୋଗ୍ୟଃ କୈସରସ୍ୟ ତତ୍ର ୱିଚାରାସନ ଏୱ ସମୁପସ୍ଥିତୋସ୍ମି; ଅହଂ ଯିହୂଦୀଯାନାଂ କାମପି ହାନିଂ ନାକାର୍ଷମ୍ ଇତି ଭୱାନ୍ ଯଥାର୍ଥତୋ ୱିଜାନାତି|
2c190b0295	କଞ୍ଚିଦପରାଧଂ କିଞ୍ଚନ ୱଧାର୍ହଂ କର୍ମ୍ମ ୱା ଯଦ୍ୟହମ୍ ଅକରିଷ୍ୟଂ ତର୍ହି ପ୍ରାଣହନନଦଣ୍ଡମପି ଭୋକ୍ତୁମ୍ ଉଦ୍ୟତୋଽଭୱିଷ୍ୟଂ, କିନ୍ତୁ ତେ ମମ ସମପୱାଦଂ କୁର୍ୱ୍ୱନ୍ତି ସ ଯଦି କଲ୍ପିତମାତ୍ରୋ ଭୱତି ତର୍ହି ତେଷାଂ କରେଷୁ ମାଂ ସମର୍ପଯିତୁଂ କସ୍ୟାପ୍ୟଧିକାରୋ ନାସ୍ତି, କୈସରସ୍ୟ ନିକଟେ ମମ ୱିଚାରୋ ଭୱତୁ|
2c190c0141	ତଦା ଫୀଷ୍ଟୋ ମନ୍ତ୍ରିଭିଃ ସାର୍ଦ୍ଧଂ ସଂମନ୍ତ୍ର୍ୟ ପୌଲାଯ କଥିତୱାନ୍, କୈସରସ୍ୟ ନିକଟେ କିଂ ତୱ ୱିଚାରୋ ଭୱିଷ୍ୟତି? କୈସରସ୍ୟ ସମୀପଂ ଗମିଷ୍ୟସି|
2c190d00f7	କିଯଦ୍ଦିନେଭ୍ୟଃ ପରମ୍ ଆଗ୍ରିପ୍ପରାଜା ବର୍ଣୀକୀ ଚ ଫୀଷ୍ଟଂ ସାକ୍ଷାତ୍ କର୍ତ୍ତୁଂ କୈସରିଯାନଗରମ୍ ଆଗତୱନ୍ତୌ|
2c190e0179	ତଦା ତୌ ବହୁଦିନାନି ତତ୍ର ସ୍ଥିତୌ ତତଃ ଫୀଷ୍ଟସ୍ତଂ ରାଜାନଂ ପୌଲସ୍ୟ କଥାଂ ୱିଜ୍ଞାପ୍ୟ କଥଯିତୁମ୍ ଆରଭତ ପୌଲନାମାନମ୍ ଏକଂ ବନ୍ଦି ଫୀଲିକ୍ଷୋ ବଦ୍ଧଂ ସଂସ୍ଥାପ୍ୟ ଗତୱାନ୍|
2c190f011f	ଯିରୂଶାଲମି ମମ ସ୍ଥିତିକାଲେ ମହାଯାଜକୋ ଯିହୂଦୀଯାନାଂ ପ୍ରାଚୀନଲୋକାଶ୍ଚ ତମ୍ ଅପୋଦ୍ୟ ତମ୍ପ୍ରତି ଦଣ୍ଡାଜ୍ଞାଂ ପ୍ରାର୍ଥଯନ୍ତ|
2c19100241	ତତୋହମ୍ ଇତ୍ୟୁତ୍ତରମ୍ ଅୱଦଂ ଯାୱଦ୍ ଅପୋଦିତୋ ଜନଃ ସ୍ୱାପୱାଦକାନ୍ ସାକ୍ଷାତ୍ କୃତ୍ୱା ସ୍ୱସ୍ମିନ୍ ଯୋଽପରାଧ ଆରୋପିତସ୍ତସ୍ୟ ପ୍ରତ୍ୟୁତ୍ତରଂ ଦାତୁଂ ସୁଯୋଗଂ ନ ପ୍ରାପ୍ନୋତି, ତାୱତ୍କାଲଂ କସ୍ୟାପି ମାନୁଷସ୍ୟ ପ୍ରାଣନାଶାଜ୍ଞାପନଂ ରୋମିଲୋକାନାଂ ରୀତି ର୍ନହି|
2c19110103	ତତସ୍ତେଷ୍ୱତ୍ରାଗତେଷୁ ପରସ୍ମିନ୍ ଦିୱସେଽହମ୍ ଅୱିଲମ୍ବଂ ୱିଚାରାସନ ଉପୱିଶ୍ୟ ତଂ ମାନୁଷମ୍ ଆନେତୁମ୍ ଆଜ୍ଞାପଯମ୍|
2c191200ea	ତଦନନ୍ତରଂ ତସ୍ୟାପୱାଦକା ଉପସ୍ଥାଯ ଯାଦୃଶମ୍ ଅହଂ ଚିନ୍ତିତୱାନ୍ ତାଦୃଶଂ କଞ୍ଚନ ମହାପୱାଦଂ ନୋତ୍ଥାପ୍ୟ
2c191300e6	ସ୍ୱେଷାଂ ମତେ ତଥା ପୌଲୋ ଯଂ ସଜୀୱଂ ୱଦତି ତସ୍ମିନ୍ ଯୀଶୁନାମନି ମୃତଜନେ ଚ ତସ୍ୟ ୱିରୁଦ୍ଧଂ କଥିତୱନ୍ତଃ|
2c19140100	ତତୋହଂ ତାଦୃଗ୍ୱିଚାରେ ସଂଶଯାନଃ ସନ୍ କଥିତୱାନ୍ ତ୍ୱଂ ଯିରୂଶାଲମଂ ଗତ୍ୱା କିଂ ତତ୍ର ୱିଚାରିତୋ ଭୱିତୁମ୍ ଇଚ୍ଛସି?
2c19150191	ତଦା ପୌଲୋ ମହାରାଜସ୍ୟ ନିକଟେ ୱିଚାରିତୋ ଭୱିତୁଂ ପ୍ରାର୍ଥଯତ, ତସ୍ମାଦ୍ ଯାୱତ୍କାଲଂ ତଂ କୈସରସ୍ୟ ସମୀପଂ ପ୍ରେଷଯିତୁଂ ନ ଶକ୍ନୋମି ତାୱତ୍କାଲଂ ତମତ୍ର ସ୍ଥାପଯିତୁମ୍ ଆଦିଷ୍ଟୱାନ୍|
2c19160157	ତତ ଆଗ୍ରିପ୍ପଃ ଫୀଷ୍ଟମ୍ ଉକ୍ତୱାନ୍, ଅହମପି ତସ୍ୟ ମାନୁଷସ୍ୟ କଥାଂ ଶ୍ରୋତୁମ୍ ଅଭିଲଷାମି| ତଦା ଫୀଷ୍ଟୋ ୱ୍ୟାହରତ୍ ଶ୍ୱସ୍ତଦୀଯାଂ କଥାଂ ତ୍ୱଂ ଶ୍ରୋଷ୍ୟସି|
2c191701c4	ପରସ୍ମିନ୍ ଦିୱସେ ଆଗ୍ରିପ୍ପୋ ବର୍ଣୀକୀ ଚ ମହାସମାଗମଂ କୃତ୍ୱା ପ୍ରଧାନୱାହିନୀପତିଭି ର୍ନଗରସ୍ଥପ୍ରଧାନଲୋକୈଶ୍ଚ ସହ ମିଲିତ୍ୱା ରାଜଗୃହମାଗତ୍ୟ ସମୁପସ୍ଥିତୌ ତଦା ଫୀଷ୍ଟସ୍ୟାଜ୍ଞଯା ପୌଲ ଆନୀତୋଽଭୱତ୍|
2c19180244	ତଦା ଫୀଷ୍ଟଃ କଥିତୱାନ୍ ହେ ରାଜନ୍ ଆଗ୍ରିପ୍ପ ହେ ଉପସ୍ଥିତାଃ ସର୍ୱ୍ୱେ ଲୋକା ଯିରୂଶାଲମ୍ନଗରେ ଯିହୂଦୀଯଲୋକସମୂହୋ ଯସ୍ମିନ୍ ମାନୁଷେ ମମ ସମୀପେ ନିୱେଦନଂ କୃତ୍ୱା ପ୍ରୋଚ୍ଚୈଃ କଥାମିମାଂ କଥିତୱାନ୍ ପୁନରଲ୍ପକାଲମପି ତସ୍ୟ ଜୀୱନଂ ନୋଚିତଂ ତମେତଂ ମାନୁଷଂ ପଶ୍ୟତ|
2c191901a7	କିନ୍ତ୍ୱେଷ ଜନଃ ପ୍ରାଣନାଶର୍ହଂ କିମପି କର୍ମ୍ମ ନ କୃତୱାନ୍ ଇତ୍ୟଜାନାଂ ତଥାପି ସ ମହାରାଜସ୍ୟ ସନ୍ନିଧୌ ୱିଚାରିତୋ ଭୱିତୁଂ ପ୍ରାର୍ଥଯତ ତସ୍ମାତ୍ ତସ୍ୟ ସମୀପଂ ତଂ ପ୍ରେଷଯିତୁଂ ମତିମକରୱମ୍|
2c191a024b	କିନ୍ତୁ ଶ୍ରୀଯୁକ୍ତସ୍ୟ ସମୀପମ୍ ଏତସ୍ମିନ୍ କିଂ ଲେଖନୀଯମ୍ ଇତ୍ୟସ୍ୟ କସ୍ୟଚିନ୍ ନିର୍ଣଯସ୍ୟ ନ ଜାତତ୍ୱାଦ୍ ଏତସ୍ୟ ୱିଚାରେ ସତି ଯଥାହଂ ଲେଖିତୁଂ କିଞ୍ଚନ ନିଶ୍ଚିତଂ ପ୍ରାପ୍ନୋମି ତଦର୍ଥଂ ଯୁଷ୍ମାକଂ ସମକ୍ଷଂ ୱିଶେଷତୋ ହେ ଆଗ୍ରିପ୍ପରାଜ ଭୱତଃ ସମକ୍ଷମ୍ ଏତମ୍ ଆନଯେ|
2c191b00be	ଯତୋ ବନ୍ଦିପ୍ରେଷଣସମଯେ ତସ୍ୟାଭିଯୋଗସ୍ୟ କିଞ୍ଚିଦଲେଖନମ୍ ଅହମ୍ ଅଯୁକ୍ତଂ ଜାନାମି|
2c1a010151	ତତ ଆଗ୍ରିପ୍ପଃ ପୌଲମ୍ ଅୱାଦୀତ୍, ନିଜାଂ କଥାଂ କଥଯିତୁଂ ତୁଭ୍ୟମ୍ ଅନୁମତି ର୍ଦୀଯତେ| ତସ୍ମାତ୍ ପୌଲଃ କରଂ ପ୍ରସାର୍ୟ୍ୟ ସ୍ୱସ୍ମିନ୍ ଉତ୍ତରମ୍ ଅୱାଦୀତ୍|
2c1a02016f	ହେ ଆଗ୍ରିପ୍ପରାଜ ଯତ୍କାରଣାଦହଂ ଯିହୂଦୀଯୈରପୱାଦିତୋ ଽଭୱଂ ତସ୍ୟ ୱୃତ୍ତାନ୍ତମ୍ ଅଦ୍ୟ ଭୱତଃ ସାକ୍ଷାନ୍ ନିୱେଦଯିତୁମନୁମତୋହମ୍ ଇଦଂ ସ୍ୱୀଯଂ ପରମଂ ଭାଗ୍ୟଂ ମନ୍ୟେ;
2c1a030162	ଯତୋ ଯିହୂଦୀଯଲୋକାନାଂ ମଧ୍ୟେ ଯା ଯା ରୀତିଃ ସୂକ୍ଷ୍ମୱିଚାରାଶ୍ଚ ସନ୍ତି ତେଷୁ ଭୱାନ୍ ୱିଜ୍ଞତମଃ; ଅତଏୱ ପ୍ରାର୍ଥଯେ ଧୈର୍ୟ୍ୟମୱଲମ୍ବ୍ୟ ମମ ନିୱେଦନଂ ଶୃଣୋତୁ|
2c1a040139	ଅହଂ ଯିରୂଶାଲମ୍ନଗରେ ସ୍ୱଦେଶୀଯଲୋକାନାଂ ମଧ୍ୟେ ତିଷ୍ଠନ୍ ଆ ଯୌୱନକାଲାଦ୍ ଯଦ୍ରୂପମ୍ ଆଚରିତୱାନ୍ ତଦ୍ ଯିହୂଦୀଯଲୋକାଃ ସର୍ୱ୍ୱେ ୱିଦନ୍ତି|
2c1a0501be	ଅସ୍ମାକଂ ସର୍ୱ୍ୱେଭ୍ୟଃ ଶୁଦ୍ଧତମଂ ଯତ୍ ଫିରୂଶୀଯମତଂ ତଦୱଲମ୍ବୀ ଭୂତ୍ୱାହଂ କାଲଂ ଯାପିତୱାନ୍ ଯେ ଜନା ଆ ବାଲ୍ୟକାଲାନ୍ ମାଂ ଜାନାନ୍ତି ତେ ଏତାଦୃଶଂ ସାକ୍ଷ୍ୟଂ ଯଦି ଦଦାତି ତର୍ହି ଦାତୁଂ ଶକ୍ନୁୱନ୍ତି|
2c1a060175	କିନ୍ତୁ ହେ ଆଗ୍ରିପ୍ପରାଜ ଈଶ୍ୱରୋଽସ୍ମାକଂ ପୂର୍ୱ୍ୱପୁରୁଷାଣାଂ ନିକଟେ ଯଦ୍ ଅଙ୍ଗୀକୃତୱାନ୍ ତସ୍ୟ ପ୍ରତ୍ୟାଶାହେତୋରହମ୍ ଇଦାନୀଂ ୱିଚାରସ୍ଥାନେ ଦଣ୍ଡାଯମାନୋସ୍ମି|
2c1a0701cc	ତସ୍ୟାଙ୍ଗୀକାରସ୍ୟ ଫଲଂ ପ୍ରାପ୍ତୁମ୍ ଅସ୍ମାକଂ ଦ୍ୱାଦଶୱଂଶା ଦିୱାନିଶଂ ମହାଯତ୍ନାଦ୍ ଈଶ୍ୱରସେୱନଂ କୃତ୍ୱା ଯାଂ ପ୍ରତ୍ୟାଶାଂ କୁର୍ୱ୍ୱନ୍ତି ତସ୍ୟାଃ ପ୍ରତ୍ୟାଶାଯା ହେତୋରହଂ ଯିହୂଦୀଯୈରପୱାଦିତୋଽଭୱମ୍|
2c1a0800c2	ଈଶ୍ୱରୋ ମୃତାନ୍ ଉତ୍ଥାପଯିଷ୍ୟତୀତି ୱାକ୍ୟଂ ଯୁଷ୍ମାକଂ ନିକଟେଽସମ୍ଭୱଂ କୁତୋ ଭୱେତ୍?
2c1a0900fb	ନାସରତୀଯଯୀଶୋ ର୍ନାମ୍ନୋ ୱିରୁଦ୍ଧଂ ନାନାପ୍ରକାରପ୍ରତିକୂଲାଚରଣମ୍ ଉଚିତମ୍ ଇତ୍ୟହଂ ମନସି ଯଥାର୍ଥଂ ୱିଜ୍ଞାଯ
2c1a0a01c8	ଯିରୂଶାଲମନଗରେ ତଦକରୱଂ ଫଲତଃ ପ୍ରଧାନଯାଜକସ୍ୟ ନିକଟାତ୍ କ୍ଷମତାଂ ପ୍ରାପ୍ୟ ବହୂନ୍ ପୱିତ୍ରଲୋକାନ୍ କାରାଯାଂ ବଦ୍ଧୱାନ୍ ୱିଶେଷତସ୍ତେଷାଂ ହନନସମଯେ ତେଷାଂ ୱିରୁଦ୍ଧାଂ ନିଜାଂ ସମ୍ମତିଂ ପ୍ରକାଶିତୱାନ୍|
2c1a0b01a9	ୱାରଂ ୱାରଂ ଭଜନଭୱନେଷୁ ତେଭ୍ୟୋ ଦଣ୍ଡଂ ପ୍ରଦତ୍ତୱାନ୍ ବଲାତ୍ ତଂ ଧର୍ମ୍ମଂ ନିନ୍ଦଯିତୱାଂଶ୍ଚ ପୁନଶ୍ଚ ତାନ୍ ପ୍ରତି ମହାକ୍ରୋଧାଦ୍ ଉନ୍ମତ୍ତଃ ସନ୍ ୱିଦେଶୀଯନଗରାଣି ଯାୱତ୍ ତାନ୍ ତାଡିତୱାନ୍|
2c1a0c00d7	ଇତ୍ଥଂ ପ୍ରଧାନଯାଜକସ୍ୟ ସମୀପାତ୍ ଶକ୍ତିମ୍ ଆଜ୍ଞାପତ୍ରଞ୍ଚ ଲବ୍ଧ୍ୱା ଦମ୍ମେଷକ୍ନଗରଂ ଗତୱାନ୍|
2c1a0d017b	ତଦାହଂ ହେ ରାଜନ୍ ମାର୍ଗମଧ୍ୟେ ମଧ୍ୟାହ୍ନକାଲେ ମମ ମଦୀଯସଙ୍ଗିନାଂ ଲୋକାନାଞ୍ଚ ଚତସୃଷୁ ଦିକ୍ଷୁ ଗଗଣାତ୍ ପ୍ରକାଶମାନାଂ ଭାସ୍କରତୋପି ତେଜସ୍ୱତୀଂ ଦୀପ୍ତିଂ ଦୃଷ୍ଟୱାନ୍|
2c1a0e01a9	ତସ୍ମାଦ୍ ଅସ୍ମାସୁ ସର୍ୱ୍ୱେଷୁ ଭୂମୌ ପତିତେଷୁ ସତ୍ସୁ ହେ ଶୌଲ ହୈ ଶୌଲ କୁତୋ ମାଂ ତାଡଯସି? କଣ୍ଟକାନାଂ ମୁଖେ ପାଦାହନନଂ ତୱ ଦୁଃସାଧ୍ୟମ୍ ଇବ୍ରୀଯଭାଷଯା ଗଦିତ ଏତାଦୃଶ ଏକଃ ଶବ୍ଦୋ ମଯା ଶ୍ରୁତଃ|
2c1a0f00c6	ତଦାହଂ ପୃଷ୍ଟୱାନ୍ ହେ ପ୍ରଭୋ କୋ ଭୱାନ୍? ତତଃ ସ କଥିତୱାନ୍ ଯଂ ଯୀଶୁଂ ତ୍ୱଂ ତାଡଯସି ସୋହଂ,
2c1a1001a3	କିନ୍ତୁ ସମୁତ୍ତିଷ୍ଠ ତ୍ୱଂ ଯଦ୍ ଦୃଷ୍ଟୱାନ୍ ଇତଃ ପୁନଞ୍ଚ ଯଦ୍ୟତ୍ ତ୍ୱାଂ ଦର୍ଶଯିଷ୍ୟାମି ତେଷାଂ ସର୍ୱ୍ୱେଷାଂ କାର୍ୟ୍ୟାଣାଂ ତ୍ୱାଂ ସାକ୍ଷିଣଂ ମମ ସେୱକଞ୍ଚ କର୍ତ୍ତୁମ୍ ଦର୍ଶନମ୍ ଅଦାମ୍|
2c1a1100f0	ୱିଶେଷତୋ ଯିହୂଦୀଯଲୋକେଭ୍ୟୋ ଭିନ୍ନଜାତୀଯେଭ୍ୟଶ୍ଚ ତ୍ୱାଂ ମନୋନୀତଂ କୃତ୍ୱା ତେଷାଂ ଯଥା ପାପମୋଚନଂ ଭୱତି
2c1a120259	ଯଥା ତେ ମଯି ୱିଶ୍ୱସ୍ୟ ପୱିତ୍ରୀକୃତାନାଂ ମଧ୍ୟେ ଭାଗଂ ପ୍ରାପ୍ନୁୱନ୍ତି ତଦଭିପ୍ରାଯେଣ ତେଷାଂ ଜ୍ଞାନଚକ୍ଷୂଂଷି ପ୍ରସନ୍ନାନି କର୍ତ୍ତୁଂ ତଥାନ୍ଧକାରାଦ୍ ଦୀପ୍ତିଂ ପ୍ରତି ଶୈତାନାଧିକାରାଚ୍ଚ ଈଶ୍ୱରଂ ପ୍ରତି ମତୀଃ ପରାୱର୍ତ୍ତଯିତୁଂ ତେଷାଂ ସମୀପଂ ତ୍ୱାଂ ପ୍ରେଷ୍ୟାମି|
2c1a1300b3	ହେ ଆଗ୍ରିପ୍ପରାଜ ଏତାଦୃଶଂ ସ୍ୱର୍ଗୀଯପ୍ରତ୍ୟାଦେଶଂ ଅଗ୍ରାହ୍ୟମ୍ ଅକୃତ୍ୱାହଂ
2c1a14023a	ପ୍ରଥମତୋ ଦମ୍ମେଷକ୍ନଗରେ ତତୋ ଯିରୂଶାଲମି ସର୍ୱ୍ୱସ୍ମିନ୍ ଯିହୂଦୀଯଦେଶେ ଅନ୍ୟେଷୁ ଦେଶେଷୁ ଚ ଯେନ ଲୋକା ମତିଂ ପରାୱର୍ତ୍ତ୍ୟ ଈଶ୍ୱରଂ ପ୍ରତି ପରାୱର୍ତ୍ତଯନ୍ତେ, ମନଃପରାୱର୍ତ୍ତନଯୋଗ୍ୟାନି କର୍ମ୍ମାଣି ଚ କୁର୍ୱ୍ୱନ୍ତି ତାଦୃଶମ୍ ଉପଦେଶଂ ପ୍ରଚାରିତୱାନ୍|
2c1a1500a9	ଏତତ୍କାରଣାଦ୍ ଯିହୂଦୀଯା ମଧ୍ୟେମନ୍ଦିରଂ ମାଂ ଧୃତ୍ୱା ହନ୍ତୁମ୍ ଉଦ୍ୟତାଃ|
2c1a16015c	ତଥାପି ଖ୍ରୀଷ୍ଟୋ ଦୁଃଖଂ ଭୁକ୍ତ୍ୱା ସର୍ୱ୍ୱେଷାଂ ପୂର୍ୱ୍ୱଂ ଶ୍ମଶାନାଦ୍ ଉତ୍ଥାଯ ନିଜଦେଶୀଯାନାଂ ଭିନ୍ନଦେଶୀଯାନାଞ୍ଚ ସମୀପେ ଦୀପ୍ତିଂ ପ୍ରକାଶଯିଷ୍ୟତି
2c1a170207	ଭୱିଷ୍ୟଦ୍ୱାଦିଗଣୋ ମୂସାଶ୍ଚ ଭାୱିକାର୍ୟ୍ୟସ୍ୟ ଯଦିଦଂ ପ୍ରମାଣମ୍ ଅଦଦୁରେତଦ୍ ୱିନାନ୍ୟାଂ କଥାଂ ନ କଥଯିତ୍ୱା ଈଶ୍ୱରାଦ୍ ଅନୁଗ୍ରହଂ ଲବ୍ଧ୍ୱା ମହତାଂ କ୍ଷୁଦ୍ରାଣାଞ୍ଚ ସର୍ୱ୍ୱେଷାଂ ସମୀପେ ପ୍ରମାଣଂ ଦତ୍ତ୍ୱାଦ୍ୟ ଯାୱତ୍ ତିଷ୍ଠାମି|
2c1a180129	ତସ୍ୟମାଂ କଥାଂ ନିଶମ୍ୟ ଫୀଷ୍ଟ ଉଚ୍ଚୈଃ ସ୍ୱରେଣ କଥିତୱାନ୍ ହେ ପୌଲ ତ୍ୱମ୍ ଉନ୍ମତ୍ତୋସି ବହୁୱିଦ୍ୟାଭ୍ୟାସେନ ତ୍ୱଂ ହତଜ୍ଞାନୋ ଜାତଃ|
2c1a1900e7	ସ ଉକ୍ତୱାନ୍ ହେ ମହାମହିମ ଫୀଷ୍ଟ ନାହମ୍ ଉନ୍ମତ୍ତଃ କିନ୍ତୁ ସତ୍ୟଂ ୱିୱେଚନୀଯଞ୍ଚ ୱାକ୍ୟଂ ପ୍ରସ୍ତୌମି|
2c1a1a016f	ଯସ୍ୟ ସାକ୍ଷାଦ୍ ଅକ୍ଷୋଭଃ ସନ୍ କଥାଂ କଥଯାମି ସ ରାଜା ତଦ୍ୱୃତ୍ତାନ୍ତଂ ଜାନାତି ତସ୍ୟ ସମୀପେ କିମପି ଗୁପ୍ତଂ ନେତି ମଯା ନିଶ୍ଚିତଂ ବୁଧ୍ୟତେ ଯତସ୍ତଦ୍ ୱିଜନେ ନ କୃତଂ|
2c1a1b0105	ହେ ଆଗ୍ରିପ୍ପରାଜ ଭୱାନ୍ କିଂ ଭୱିଷ୍ୟଦ୍ୱାଦିଗଣୋକ୍ତାନି ୱାକ୍ୟାନି ପ୍ରତ୍ୟେତି? ଭୱାନ୍ ପ୍ରତ୍ୟେତି ତଦହଂ ଜାନାମି|
2c1a1c00ec	ତତ ଆଗ୍ରିପ୍ପଃ ପୌଲମ୍ ଅଭିହିତୱାନ୍ ତ୍ୱଂ ପ୍ରୱୃତ୍ତିଂ ଜନଯିତ୍ୱା ପ୍ରାଯେଣ ମାମପି ଖ୍ରୀଷ୍ଟୀଯଂ କରୋଷି|
2c1a1d01ca	ତତଃ ସୋଽୱାଦୀତ୍ ଭୱାନ୍ ଯେ ଯେ ଲୋକାଶ୍ଚ ମମ କଥାମ୍ ଅଦ୍ୟ ଶୃଣ୍ୱନ୍ତି ପ୍ରାଯେଣ ଇତି ନହି କିନ୍ତ୍ୱେତତ୍ ଶୃଙ୍ଖଲବନ୍ଧନଂ ୱିନା ସର୍ୱ୍ୱଥା ତେ ସର୍ୱ୍ୱେ ମାଦୃଶା ଭୱନ୍ତ୍ୱିତୀଶ୍ୱସ୍ୟ ସମୀପେ ପ୍ରାର୍ଥଯେଽହମ୍|
2c1a1e00dc	ଏତସ୍ୟାଂ କଥାଯାଂ କଥିତାଯାଂ ସ ରାଜା ସୋଽଧିପତି ର୍ବର୍ଣୀକୀ ସଭାସ୍ଥା ଲୋକାଶ୍ଚ ତସ୍ମାଦ୍ ଉତ୍ଥାଯ
2c1a1f00ed	ଗୋପନେ ପରସ୍ପରଂ ୱିୱିଚ୍ୟ କଥିତୱନ୍ତ ଏଷ ଜନୋ ବନ୍ଧନାର୍ହଂ ପ୍ରାଣହନନାର୍ହଂ ୱା କିମପି କର୍ମ୍ମ ନାକରୋତ୍|
2c1a200146	ତତ ଆଗ୍ରିପ୍ପଃ ଫୀଷ୍ଟମ୍ ଅୱଦତ୍, ଯଦ୍ୟେଷ ମାନୁଷଃ କୈସରସ୍ୟ ନିକଟେ ୱିଚାରିତୋ ଭୱିତୁଂ ନ ପ୍ରାର୍ଥଯିଷ୍ୟତ୍ ତର୍ହି ମୁକ୍ତୋ ଭୱିତୁମ୍ ଅଶକ୍ଷ୍ୟତ୍|
2c1b0101b4	ଜଲପଥେନାସ୍ମାକମ୍ ଇତୋଲିଯାଦେଶଂ ପ୍ରତି ଯାତ୍ରାଯାଂ ନିଶ୍ଚିତାଯାଂ ସତ୍ୟାଂ ତେ ଯୂଲିଯନାମ୍ନୋ ମହାରାଜସ୍ୟ ସଂଘାତାନ୍ତର୍ଗତସ୍ୟ ସେନାପତେଃ ସମୀପେ ପୌଲଂ ତଦନ୍ୟାନ୍ କତିନଯଜନାଂଶ୍ଚ ସମାର୍ପଯନ୍|
2c1b02020b	ୱଯମ୍ ଆଦ୍ରାମୁତ୍ତୀଯଂ ପୋତମେକମ୍ ଆରୁହ୍ୟ ଆଶିଯାଦେଶସ୍ୟ ତଟସମୀପେନ ଯାତୁଂ ମତିଂ କୃତ୍ୱା ଲଙ୍ଗରମ୍ ଉତ୍ଥାପ୍ୟ ପୋତମ୍ ଅମୋଚଯାମ; ମାକିଦନିଯାଦେଶସ୍ଥଥିଷଲନୀକୀନିୱାସ୍ୟାରିସ୍ତାର୍ଖନାମା କଶ୍ଚିଦ୍ ଜନୋଽସ୍ମାଭିଃ ସାର୍ଦ୍ଧମ୍ ଆସୀତ୍|
2c1b03018e	ପରସ୍ମିନ୍ ଦିୱସେ ଽସ୍ମାଭିଃ ସୀଦୋନ୍ନଗରେ ପୋତେ ଲାଗିତେ ତତ୍ର ଯୂଲିଯଃ ସେନାପତିଃ ପୌଲଂ ପ୍ରତି ସୌଜନ୍ୟଂ ପ୍ରଦର୍ଥ୍ୟ ସାନ୍ତ୍ୱନାର୍ଥଂ ବନ୍ଧୁବାନ୍ଧୱାନ୍ ଉପଯାତୁମ୍ ଅନୁଜଜ୍ଞୌ|
2c1b0400e5	ତସ୍ମାତ୍ ପୋତେ ମୋଚିତେ ସତି ସମ୍ମୁଖୱାଯୋଃ ସମ୍ଭୱାଦ୍ ୱଯଂ କୁପ୍ରୋପଦ୍ୱୀପସ୍ୟ ତୀରସମୀପେନ ଗତୱନ୍ତଃ|
2c1b0500fb	କିଲିକିଯାଯାଃ ପାମ୍ଫୂଲିଯାଯାଶ୍ଚ ସମୁଦ୍ରସ୍ୟ ପାରଂ ଗତ୍ୱା ଲୂକିଯାଦେଶାନ୍ତର୍ଗତଂ ମୁରାନଗରମ୍ ଉପାତିଷ୍ଠାମ|
2c1b06012c	ତତ୍ସ୍ଥାନାଦ୍ ଇତାଲିଯାଦେଶଂ ଗଚ୍ଛତି ଯଃ ସିକନ୍ଦରିଯାନଗରସ୍ୟ ପୋତସ୍ତଂ ତତ୍ର ପ୍ରାପ୍ୟ ଶତସେନାପତିସ୍ତଂ ପୋତମ୍ ଅସ୍ମାନ୍ ଆରୋହଯତ୍|
2c1b0701ad	ତତଃ ପରଂ ବହୂନି ଦିନାନି ଶନୈଃ ଶନୈଃ ର୍ଗତ୍ୱା କ୍ନୀଦପାର୍ଶ୍ୱୋପସ୍ଥ୍ତିଃ ପୂର୍ୱ୍ୱଂ ପ୍ରତିକୂଲେନ ପୱନେନ ୱଯଂ ସଲ୍ମୋନ୍ୟାଃ ସମ୍ମୁଖମ୍ ଉପସ୍ଥାଯ କ୍ରୀତ୍ୟୁପଦ୍ୱୀପସ୍ୟ ତୀରସମୀପେନ ଗତୱନ୍ତଃ|
2c1b0800b7	କଷ୍ଟେନ ତମୁତ୍ତୀର୍ୟ୍ୟ ଲାସେଯାନଗରସ୍ୟାଧଃ ସୁନ୍ଦରନାମକଂ ଖାତମ୍ ଉପାତିଷ୍ଠାମ|
2c1b09010c	ଇତ୍ଥଂ ବହୁତିଥଃ କାଲୋ ଯାପିତ ଉପୱାସଦିନଞ୍ଚାତୀତଂ, ତତ୍କାରଣାତ୍ ନୌୱର୍ତ୍ମନି ଭଯଙ୍କରେ ସତି ପୌଲୋ ୱିନଯେନ କଥିତୱାନ୍,
2c1b0a018c	ହେ ମହେଚ୍ଛା ଅହଂ ନିଶ୍ଚଯଂ ଜାନାମି ଯାତ୍ରାଯାମସ୍ୟାମ୍ ଅସ୍ମାକଂ କ୍ଲେଶା ବହୂନାମପଚଯାଶ୍ଚ ଭୱିଷ୍ୟନ୍ତି, ତେ କେୱଲଂ ପୋତସାମଗ୍ର୍ୟୋରିତି ନହି, କିନ୍ତ୍ୱସ୍ମାକଂ ପ୍ରାଣାନାମପି|
2c1b0b00c4	ତଦା ଶତସେନାପତିଃ ପୌଲୋକ୍ତୱାକ୍ୟତୋପି କର୍ଣଧାରସ୍ୟ ପୋତୱଣିଜଶ୍ଚ ୱାକ୍ୟଂ ବହୁମଂସ୍ତ|
2c1b0c01c2	ତତ୍ ଖାତଂ ଶୀତକାଲେ ୱାସାର୍ହସ୍ଥାନଂ ନ ତସ୍ମାଦ୍ ଅୱାଚୀପ୍ରତୀଚୋର୍ଦିଶୋଃ କ୍ରୀତ୍ୟାଃ ଫୈନୀକିଯଖାତଂ ଯାତୁଂ ଯଦି ଶକ୍ନୁୱନ୍ତସ୍ତର୍ହି ତତ୍ର ଶୀତକାଲଂ ଯାପଯିତୁଂ ପ୍ରାଯେଣ ସର୍ୱ୍ୱେ ମନ୍ତ୍ରଯାମାସୁଃ|
2c1b0d0187	ତତଃ ପରଂ ଦକ୍ଷିଣୱାଯୁ ର୍ମନ୍ଦଂ ୱହତୀତି ୱିଲୋକ୍ୟ ନିଜାଭିପ୍ରାଯସ୍ୟ ସିଦ୍ଧେଃ ସୁଯୋଗୋ ଭୱତୀତି ବୁଦ୍ଧ୍ୱା ପୋତଂ ମୋଚଯିତ୍ୱା କ୍ରୀତ୍ୟୁପଦ୍ୱୀପସ୍ୟ ତୀରସମୀପେନ ଚଲିତୱନ୍ତଃ|
2c1b0e00e2	କିନ୍ତ୍ୱଲ୍ପକ୍ଷଣାତ୍ ପରମେୱ ଉରକ୍ଲୁଦୋନ୍ନାମା ପ୍ରତିକୂଲଃ ପ୍ରଚଣ୍ଡୋ ୱାଯୁ ର୍ୱହନ୍ ପୋତେଽଲଗୀତ୍
2c1b0f00a9	ତସ୍ୟାଭିମୁଖଂ ଗନ୍ତୁମ୍ ପୋତସ୍ୟାଶକ୍ତତ୍ୱାଦ୍ ୱଯଂ ୱାଯୁନା ସ୍ୱଯଂ ନୀତାଃ|
2c1b1000f7	ଅନନ୍ତରଂ କ୍ଲୌଦୀନାମ୍ନ ଉପଦ୍ୱୀପସ୍ୟ କୂଲସମୀପେନ ପୋତଂ ଗମଯିତ୍ୱା ବହୁନା କଷ୍ଟେନ କ୍ଷୁଦ୍ରନାୱମ୍ ଅରକ୍ଷାମ|
2c1b11014e	ତେ ତାମାରୁହ୍ୟ ରଜ୍ଜ୍ଚା ପୋତସ୍ୟାଧୋଭାଗମ୍ ଅବଧ୍ନନ୍ ତଦନନ୍ତରଂ ଚେତ୍ ପୋତୋ ସୈକତେ ଲଗତୀତି ଭଯାଦ୍ ୱାତୱସନାନ୍ୟମୋଚଯନ୍ ତତଃ ପୋତୋ ୱାଯୁନା ଚାଲିତଃ|
2c1b12013c	କିନ୍ତୁ କ୍ରମଶୋ ୱାଯୋଃ ପ୍ରବଲତ୍ୱାତ୍ ପୋତୋ ଦୋଲାଯମାନୋଽଭୱତ୍ ପରସ୍ମିନ୍ ଦିୱସେ ପୋତସ୍ଥାନି କତିପଯାନି ଦ୍ରୱ୍ୟାଣି ତୋଯେ ନିକ୍ଷିପ୍ତାନି|
2c1b1300a4	ତୃତୀଯଦିୱସେ ୱଯଂ ସ୍ୱହସ୍ତୈଃ ପୋତସଜ୍ଜନଦ୍ରୱ୍ୟାଣି ନିକ୍ଷିପ୍ତୱନ୍ତଃ|
2c1b140151	ତତୋ ବହୁଦିନାନି ଯାୱତ୍ ସୂର୍ୟ୍ୟନକ୍ଷତ୍ରାଦୀନି ସମାଚ୍ଛନ୍ନାନି ତତୋ ଽତୀୱ ୱାତ୍ୟାଗମାଦ୍ ଅସ୍ମାକଂ ପ୍ରାଣରକ୍ଷାଯାଃ କାପି ପ୍ରତ୍ୟାଶା ନାତିଷ୍ଠତ୍|
2c1b150272	ବହୁଦିନେଷୁ ଲୋକୈରନାହାରେଣ ଯାପିତେଷୁ ସର୍ୱ୍ୱେଷାଂ ସାକ୍ଷତ୍ ପୌଲସ୍ତିଷ୍ଠନ୍ ଅକଥଯତ୍, ହେ ମହେଚ୍ଛାଃ କ୍ରୀତ୍ୟୁପଦ୍ୱୀପାତ୍ ପୋତଂ ନ ମୋଚଯିତୁମ୍ ଅହଂ ପୂର୍ୱ୍ୱଂ ଯଦ୍ ଅୱଦଂ ତଦ୍ଗ୍ରହଣଂ ଯୁଷ୍ମାକମ୍ ଉଚିତମ୍ ଆସୀତ୍ ତଥା କୃତେ ଯୁଷ୍ମାକମ୍ ଏଷା ୱିପଦ୍ ଏଷୋଽପଚଯଶ୍ଚ ନାଘଟିଷ୍ୟେତାମ୍|
2c1b160176	କିନ୍ତୁ ସାମ୍ପ୍ରତଂ ଯୁଷ୍ମାନ୍ ୱିନୀଯ ବ୍ରୱୀମ୍ୟହଂ, ଯୂଯଂ ନ କ୍ଷୁଭ୍ୟତ ଯୁଷ୍ମାକମ୍ ଏକସ୍ୟାପି ପ୍ରାଣିନୋ ହାନି ର୍ନ ଭୱିଷ୍ୟତି, କେୱଲସ୍ୟ ପୋତସ୍ୟ ହାନି ର୍ଭୱିଷ୍ୟତି|
2c1b170103	ଯତୋ ଯସ୍ୟେଶ୍ୱରସ୍ୟ ଲୋକୋଽହଂ ଯଞ୍ଚାହଂ ପରିଚରାମି ତଦୀଯ ଏକୋ ଦୂତୋ ହ୍ୟୋ ରାତ୍ରୌ ମମାନ୍ତିକେ ତିଷ୍ଠନ୍ କଥିତୱାନ୍,
2c1b180103	ହେ ପୌଲ ମା ଭୈଷୀଃ କୈସରସ୍ୟ ସମ୍ମୁଖେ ତ୍ୱଯୋପସ୍ଥାତୱ୍ୟଂ; ତୱୈତାନ୍ ସଙ୍ଗିନୋ ଲୋକାନ୍ ଈଶ୍ୱରସ୍ତୁଭ୍ୟଂ ଦତ୍ତୱାନ୍|
2c1b190111	ଅତଏୱ ହେ ମହେଚ୍ଛା ଯୂଯଂ ସ୍ଥିରମନସୋ ଭୱତ ମହ୍ୟଂ ଯା କଥାକଥି ସାୱଶ୍ୟଂ ଘଟିଷ୍ୟତେ ମମୈତାଦୃଶୀ ୱିଶ୍ୱାସ ଈଶ୍ୱରେ ୱିଦ୍ୟତେ,
2c1b1a008c	କିନ୍ତୁ କସ୍ୟଚିଦ୍ ଉପଦ୍ୱୀପସ୍ୟୋପରି ପତିତୱ୍ୟମ୍ ଅସ୍ମାଭିଃ|
2c1b1b01c0	ତତଃ ପରମ୍ ଆଦ୍ରିଯାସମୁଦ୍ରେ ପୋତସ୍ତଥୈୱ ଦୋଲାଯମାନଃ ସନ୍ ଇତସ୍ତତୋ ଗଚ୍ଛନ୍ ଚତୁର୍ଦଶଦିୱସସ୍ୟ ରାତ୍ରେ ର୍ଦ୍ୱିତୀଯପ୍ରହରସମଯେ କସ୍ୟଚିତ୍ ସ୍ଥଲସ୍ୟ ସମୀପମୁପତିଷ୍ଠତୀତି ପୋତୀଯଲୋକା ଅନ୍ୱମନ୍ୟନ୍ତ|
2c1b1c016f	ତତସ୍ତେ ଜଲଂ ପରିମାଯ ତତ୍ର ୱିଂଶତି ର୍ୱ୍ୟାମା ଜଲାନୀତି ଜ୍ଞାତୱନ୍ତଃ| କିଞ୍ଚିଦ୍ଦୂରଂ ଗତ୍ୱା ପୁନରପି ଜଲଂ ପରିମିତୱନ୍ତଃ| ତତ୍ର ପଞ୍ଚଦଶ ୱ୍ୟାମା ଜଲାନି ଦୃଷ୍ଟ୍ୱା
2c1b1d0129	ଚେତ୍ ପାଷାଣେ ଲଗତୀତି ଭଯାତ୍ ପୋତସ୍ୟ ପଶ୍ଚାଦ୍ଭାଗତଶ୍ଚତୁରୋ ଲଙ୍ଗରାନ୍ ନିକ୍ଷିପ୍ୟ ଦିୱାକରମ୍ ଅପେକ୍ଷ୍ୟ ସର୍ୱ୍ୱେ ସ୍ଥିତୱନ୍ତଃ|
2c1b1e0119	କିନ୍ତୁ ପୋତୀଯଲୋକାଃ ପୋତାଗ୍ରଭାଗେ ଲଙ୍ଗରନିକ୍ଷେପଂ ଛଲଂ କୃତ୍ୱା ଜଲଧୌ କ୍ଷୁଦ୍ରନାୱମ୍ ଅୱରୋହ୍ୟ ପଲାଯିତୁମ୍ ଅଚେଷ୍ଟନ୍ତ|
2c1b1f0107	ତତଃ ପୌଲଃ ସେନାପତଯେ ସୈନ୍ୟଗଣାଯ ଚ କଥିତୱାନ୍, ଏତେ ଯଦି ପୋତମଧ୍ୟେ ନ ତିଷ୍ଠନ୍ତି ତର୍ହି ଯୁଷ୍ମାକଂ ରକ୍ଷଣଂ ନ ଶକ୍ୟଂ|
2c1b200089	ତଦା ସେନାଗଣୋ ରଜ୍ଜୂନ୍ ଛିତ୍ୱା ନାୱଂ ଜଲେ ପତିତୁମ୍ ଅଦଦାତ୍|
2c1b210186	ପ୍ରଭାତସମଯେ ପୌଲଃ ସର୍ୱ୍ୱାନ୍ ଜନାନ୍ ଭୋଜନାର୍ଥଂ ପ୍ରାର୍ଥ୍ୟ ୱ୍ୟାହରତ୍, ଅଦ୍ୟ ଚତୁର୍ଦଶଦିନାନି ଯାୱଦ୍ ଯୂଯମ୍ ଅପେକ୍ଷମାନା ଅନାହାରାଃ କାଲମ୍ ଅଯାପଯତ କିମପି ନାଭୁଂଗ୍ଧଂ|
2c1b22012c	ଅତୋ ୱିନଯେଽହଂ ଭକ୍ଷ୍ୟଂ ଭୁଜ୍ୟତାଂ ତତୋ ଯୁଷ୍ମାକଂ ମଙ୍ଗଲଂ ଭୱିଷ୍ୟତି, ଯୁଷ୍ମାକଂ କସ୍ୟଚିଜ୍ଜନସ୍ୟ ଶିରସଃ କେଶୈକୋପି ନ ନଂକ୍ଷ୍ୟତି|
2c1b2300e5	ଇତି ୱ୍ୟାହୃତ୍ୟ ପୌଲଂ ପୂପଂ ଗୃହୀତ୍ୱେଶ୍ୱରଂ ଧନ୍ୟଂ ଭାଷମାଣସ୍ତଂ ଭଂକ୍ତ୍ୱା ଭୋକ୍ତୁମ୍ ଆରବ୍ଧୱାନ୍|
2c1b24009d	ଅନନ୍ତରଂ ସର୍ୱ୍ୱେ ଚ ସୁସ୍ଥିରାଃ ସନ୍ତଃ ଖାଦ୍ୟାନି ପର୍ପ୍ୟଗୃହ୍ଲନ୍|
2c1b250076	ଅସ୍ମାକଂ ପୋତେ ଷଟ୍ସପ୍ତତ୍ୟଧିକଶତଦ୍ୱଯଲୋକା ଆସନ୍|
2c1b2600ff	ସର୍ୱ୍ୱେଷୁ ଲୋକେଷୁ ଯଥେଷ୍ଟଂ ଭୁକ୍ତୱତ୍ସୁ ପୋତସ୍ଥନ୍ ଗୋଧୂମାନ୍ ଜଲଧୌ ନିକ୍ଷିପ୍ୟ ତୈଃ ପୋତସ୍ୟ ଭାରୋ ଲଘୂକୃତଃ|
2c1b2701e6	ଦିନେ ଜାତେଽପି ସ କୋ ଦେଶ ଇତି ତଦା ନ ପର୍ୟ୍ୟଚୀଯତ; କିନ୍ତୁ ତତ୍ର ସମତଟମ୍ ଏକଂ ଖାତଂ ଦୃଷ୍ଟ୍ୱା ଯଦି ଶକ୍ନୁମସ୍ତର୍ହି ୱଯଂ ତସ୍ୟାଭ୍ୟନ୍ତରଂ ପୋତଂ ଗମଯାମ ଇତି ମତିଂ କୃତ୍ୱା ତେ ଲଙ୍ଗରାନ୍ ଛିତ୍ତ୍ୱା ଜଲଧୌ ତ୍ୟକ୍ତୱନ୍ତଃ|
2c1b2800bc	ତଥା କର୍ଣବନ୍ଧନଂ ମୋଚଯିତ୍ୱା ପ୍ରଧାନଂ ୱାତୱସନମ୍ ଉତ୍ତୋଲ୍ୟ ତୀରସମୀପଂ ଗତୱନ୍ତଃ|
2c1b29014f	କିନ୍ତୁ ଦ୍ୱଯୋଃ ସମୁଦ୍ରଯୋଃ ସଙ୍ଗମସ୍ଥାନେ ସୈକତୋପରି ପୋତେ ନିକ୍ଷିପ୍ତେ ଽଗ୍ରଭାଗେ ବାଧିତେ ପଶ୍ଚାଦ୍ଭାଗେ ପ୍ରବଲତରଙ୍ଗୋଽଲଗତ୍ ତେନ ପୋତୋ ଭଗ୍ନଃ|
2c1b2a00f8	ତସ୍ମାଦ୍ ବନ୍ଦଯଶ୍ଚେଦ୍ ବାହୁଭିସ୍ତରନ୍ତଃ ପଲାଯନ୍ତେ ଇତ୍ୟାଶଙ୍କଯା ସେନାଗଣସ୍ତାନ୍ ହନ୍ତୁମ୍ ଅମନ୍ତ୍ରଯତ୍;
2c1b2b01ec	କିନ୍ତୁ ଶତସେନାପତିଃ ପୌଲଂ ରକ୍ଷିତୁଂ ପ୍ରଯତ୍ନଂ କୃତ୍ୱା ତାନ୍ ତଚ୍ଚେଷ୍ଟାଯା ନିୱର୍ତ୍ୟ ଇତ୍ୟାଦିଷ୍ଟୱାନ୍, ଯେ ବାହୁତରଣଂ ଜାନନ୍ତି ତେଽଗ୍ରେ ପ୍ରୋଲ୍ଲମ୍ପ୍ୟ ସମୁଦ୍ରେ ପତିତ୍ୱା ବାହୁଭିସ୍ତୀର୍ତ୍ତ୍ୱା କୂଲଂ ଯାନ୍ତୁ|
2c1b2c0154	ଅପରମ୍ ଅୱଶିଷ୍ଟା ଜନାଃ କାଷ୍ଠଂ ପୋତୀଯଂ ଦ୍ରୱ୍ୟଂ ୱା ଯେନ ଯତ୍ ପ୍ରାପ୍ୟତେ ତଦୱଲମ୍ବ୍ୟ ଯାନ୍ତୁ; ଇତ୍ଥଂ ସର୍ୱ୍ୱେ ଭୂମିଂ ପ୍ରାପ୍ୟ ପ୍ରାଣୈ ର୍ଜୀୱିତାଃ|
2c1c0100db	ଇତ୍ଥଂ ସର୍ୱ୍ୱେଷୁ ରକ୍ଷାଂ ପ୍ରାପ୍ତେଷୁ ତତ୍ରତ୍ୟୋପଦ୍ୱୀପସ୍ୟ ନାମ ମିଲୀତେତି ତେ ଜ୍ଞାତୱନ୍ତଃ|
2c1c020133	ଅସଭ୍ୟଲୋକା ଯଥେଷ୍ଟମ୍ ଅନୁକମ୍ପାଂ କୃତ୍ୱା ୱର୍ତ୍ତମାନୱୃଷ୍ଟେଃ ଶୀତାଚ୍ଚ ୱହ୍ନିଂ ପ୍ରଜ୍ଜ୍ୱାଲ୍ୟାସ୍ମାକମ୍ ଆତିଥ୍ୟମ୍ ଅକୁର୍ୱ୍ୱନ୍|
2c1c030153	କିନ୍ତୁ ପୌଲ ଇନ୍ଧନାନି ସଂଗୃହ୍ୟ ଯଦା ତସ୍ମିନ୍ ଅଗ୍ରୌ ନିରକ୍ଷିପତ୍, ତଦା ୱହ୍ନେଃ ପ୍ରତାପାତ୍ ଏକଃ କୃଷ୍ଣସର୍ପୋ ନିର୍ଗତ୍ୟ ତସ୍ୟ ହସ୍ତେ ଦ୍ରଷ୍ଟୱାନ୍|
2c1c0401d0	ତେଽସଭ୍ୟଲୋକାସ୍ତସ୍ୟ ହସ୍ତେ ସର୍ପମ୍ ଅୱଲମ୍ବମାନଂ ଦୃଷ୍ଟ୍ୱା ପରସ୍ପରମ୍ ଉକ୍ତୱନ୍ତ ଏଷ ଜନୋଽୱଶ୍ୟଂ ନରହା ଭୱିଷ୍ୟତି, ଯତୋ ଯଦ୍ୟପି ଜଲଧେ ରକ୍ଷାଂ ପ୍ରାପ୍ତୱାନ୍ ତଥାପି ପ୍ରତିଫଲଦାଯକ ଏନଂ ଜୀୱିତୁଂ ନ ଦଦାତି|
2c1c0500d4	କିନ୍ତୁ ସ ହସ୍ତଂ ୱିଧୁନ୍ୱନ୍ ତଂ ସର୍ପମ୍ ଅଗ୍ନିମଧ୍ୟେ ନିକ୍ଷିପ୍ୟ କାମପି ପୀଡାଂ ନାପ୍ତୱାନ୍|
2c1c060269	ତତୋ ୱିଷଜ୍ୱାଲଯା ଏତସ୍ୟ ଶରୀରଂ ସ୍ଫୀତଂ ଭୱିଷ୍ୟତି ଯଦ୍ୱା ହଠାଦଯଂ ପ୍ରାଣାନ୍ ତ୍ୟକ୍ଷ୍ୟତୀତି ନିଶ୍ଚିତ୍ୟ ଲୋକା ବହୁକ୍ଷଣାନି ଯାୱତ୍ ତଦ୍ ଦ୍ରଷ୍ଟୁଂ ସ୍ଥିତୱନ୍ତଃ କିନ୍ତୁ ତସ୍ୟ କସ୍ୟାଶ୍ଚିଦ୍ ୱିପଦୋଽଘଟନାତ୍ ତେ ତଦ୍ୱିପରୀତଂ ୱିଜ୍ଞାଯ ଭାଷିତୱନ୍ତ ଏଷ କଶ୍ଚିଦ୍ ଦେୱୋ ଭୱେତ୍|
2c1c0701b5	ପୁବ୍ଲିଯନାମା ଜନ ଏକସ୍ତସ୍ୟୋପଦ୍ୱୀପସ୍ୟାଧିପତିରାସୀତ୍ ତତ୍ର ତସ୍ୟ ଭୂମ୍ୟାଦି ଚ ସ୍ଥିତଂ| ସ ଜନୋଽସ୍ମାନ୍ ନିଜଗୃହଂ ନୀତ୍ୱା ସୌଜନ୍ୟଂ ପ୍ରକାଶ୍ୟ ଦିନତ୍ରଯଂ ଯାୱଦ୍ ଅସ୍ମାକଂ ଆତିଥ୍ୟମ୍ ଅକରୋତ୍|
2c1c0801ac	ତଦା ତସ୍ୟ ପୁବ୍ଲିଯସ୍ୟ ପିତା ଜ୍ୱରାତିସାରେଣ ପୀଡ୍ୟମାନଃ ସନ୍ ଶଯ୍ୟାଯାମ୍ ଆସୀତ୍; ତତଃ ପୌଲସ୍ତସ୍ୟ ସମୀପଂ ଗତ୍ୱା ପ୍ରାର୍ଥନାଂ କୃତ୍ୱା ତସ୍ୟ ଗାତ୍ରେ ହସ୍ତଂ ସମର୍ପ୍ୟ ତଂ ସ୍ୱସ୍ଥଂ କୃତୱାନ୍|
2c1c0900a7	ଇତ୍ଥଂ ଭୂତେ ତଦ୍ୱୀପନିୱାସିନ ଇତରେପି ରୋଗିଲୋକା ଆଗତ୍ୟ ନିରାମଯା ଅଭୱନ୍|
2c1c0a0112	ତସ୍ମାତ୍ତେଽସ୍ମାକମ୍ ଅତୀୱ ସତ୍କାରଂ କୃତୱନ୍ତଃ, ୱିଶେଷତଃ ପ୍ରସ୍ଥାନସମଯେ ପ୍ରଯୋଜନୀଯାନି ନାନଦ୍ରୱ୍ୟାଣି ଦତ୍ତୱନ୍ତଃ|
2c1c0b01c1	ଇତ୍ଥଂ ତତ୍ର ତ୍ରିଷୁ ମାସେଷୁ ଗତେଷୁ ଯସ୍ୟ ଚିହ୍ନଂ ଦିଯସ୍କୂରୀ ତାଦୃଶ ଏକଃ ସିକନ୍ଦରୀଯନଗରସ୍ୟ ପୋତଃ ଶୀତକାଲଂ ଯାପଯନ୍ ତସ୍ମିନ୍ ଉପଦ୍ୱୀପେ ଽତିଷ୍ଠତ୍ ତମେୱ ପୋତଂ ୱଯମ୍ ଆରୁହ୍ୟ ଯାତ୍ରାମ୍ ଅକୁର୍ମ୍ମ|
2c1c0c00ad	ତତଃ ପ୍ରଥମତଃ ସୁରାକୂସନଗରମ୍ ଉପସ୍ଥାଯ ତତ୍ର ତ୍ରୀଣି ଦିନାନି ସ୍ଥିତୱନ୍ତଃ|
2c1c0d013f	ତସ୍ମାଦ୍ ଆୱୃତ୍ୟ ରୀଗିଯନଗରମ୍ ଉପସ୍ଥିତାଃ ଦିନୈକସ୍ମାତ୍ ପରଂ ଦକ୍ଷିଣୱଯୌ ସାନୁକୂଲ୍ୟେ ସତି ପରସ୍ମିନ୍ ଦିୱସେ ପତିଯଲୀନଗରମ୍ ଉପାତିଷ୍ଠାମ|
2c1c0e016d	ତତୋଽସ୍ମାସୁ ତତ୍ରତ୍ୟଂ ଭ୍ରାତୃଗଣଂ ପ୍ରାପ୍ତେଷୁ ତେ ସ୍ୱୈଃ ସାର୍ଦ୍ଧମ୍ ଅସ୍ମାନ୍ ସପ୍ତ ଦିନାନି ସ୍ଥାପଯିତୁମ୍ ଅଯତନ୍ତ, ଇତ୍ଥଂ ୱଯଂ ରୋମାନଗରମ୍ ପ୍ରତ୍ୟଗଚ୍ଛାମ|
2c1c0f0217	ତସ୍ମାତ୍ ତତ୍ରତ୍ୟାଃ ଭ୍ରାତରୋଽସ୍ମାକମ୍ ଆଗମନୱାର୍ତ୍ତାଂ ଶ୍ରୁତ୍ୱା ଆପ୍ପିଯଫରଂ ତ୍ରିଷ୍ଟାୱର୍ଣୀଞ୍ଚ ଯାୱଦ୍ ଅଗ୍ରେସରାଃ ସନ୍ତୋସ୍ମାନ୍ ସାକ୍ଷାତ୍ କର୍ତ୍ତୁମ୍ ଆଗମନ୍; ତେଷାଂ ଦର୍ଶନାତ୍ ପୌଲ ଈଶ୍ୱରଂ ଧନ୍ୟଂ ୱଦନ୍ ଆଶ୍ୱାସମ୍ ଆପ୍ତୱାନ୍|
2c1c100194	ଅସ୍ମାସୁ ରୋମାନଗରଂ ଗତେଷୁ ଶତସେନାପତିଃ ସର୍ୱ୍ୱାନ୍ ବନ୍ଦୀନ୍ ପ୍ରଧାନସେନାପତେଃ ସମୀପେ ସମାର୍ପଯତ୍ କିନ୍ତୁ ପୌଲାଯ ସ୍ୱରକ୍ଷକପଦାତିନା ସହ ପୃଥଗ୍ ୱସ୍ତୁମ୍ ଅନୁମତିଂ ଦତ୍ତୱାନ୍|
2c1c1102b7	ଦିନତ୍ରଯାତ୍ ପରଂ ପୌଲସ୍ତଦ୍ଦେଶସ୍ଥାନ୍ ପ୍ରଧାନଯିହୂଦିନ ଆହୂତୱାନ୍ ତତସ୍ତେଷୁ ସମୁପସ୍ଥିତେଷୁ ସ କଥିତୱାନ୍, ହେ ଭ୍ରାତୃଗଣ ନିଜଲୋକାନାଂ ପୂର୍ୱ୍ୱପୁରୁଷାଣାଂ ୱା ରୀତେ ର୍ୱିପରୀତଂ କିଞ୍ଚନ କର୍ମ୍ମାହଂ ନାକରୱଂ ତଥାପି ଯିରୂଶାଲମନିୱାସିନୋ ଲୋକା ମାଂ ବନ୍ଦିଂ କୃତ୍ୱା ରୋମିଲୋକାନାଂ ହସ୍ତେଷୁ ସମର୍ପିତୱନ୍ତଃ|
2c1c1200d7	ରୋମିଲୋକା ୱିଚାର୍ୟ୍ୟ ମମ ପ୍ରାଣହନନାର୍ହଂ କିମପି କାରଣଂ ନ ପ୍ରାପ୍ୟ ମାଂ ମୋଚଯିତୁମ୍ ଐଚ୍ଛନ୍;
2c1c13017b	କିନ୍ତୁ ଯିହୂଦିଲୋକାନାମ୍ ଆପତ୍ତ୍ୟା ମଯା କୈସରରାଜସ୍ୟ ସମୀପେ ୱିଚାରସ୍ୟ ପ୍ରାର୍ଥନା କର୍ତ୍ତୱ୍ୟା ଜାତା ନୋଚେତ୍ ନିଜଦେଶୀଯଲୋକାନ୍ ପ୍ରତି ମମ କୋପ୍ୟଭିଯୋଗୋ ନାସ୍ତି|
2c1c140139	ଏତତ୍କାରଣାଦ୍ ଅହଂ ଯୁଷ୍ମାନ୍ ଦ୍ରଷ୍ଟୁଂ ସଂଲପିତୁଞ୍ଚାହୂଯମ୍ ଇସ୍ରାଯେଲ୍ୱଶୀଯାନାଂ ପ୍ରତ୍ୟାଶାହେତୋହମ୍ ଏତେନ ଶୁଙ୍ଖଲେନ ବଦ୍ଧୋଽଭୱମ୍|
2c1c150187	ତଦା ତେ ତମ୍ ଅୱାଦିଷୁଃ, ଯିହୂଦୀଯଦେଶାଦ୍ ୱଯଂ ତ୍ୱାମଧି କିମପି ପତ୍ରଂ ନ ପ୍ରାପ୍ତା ଯେ ଭ୍ରାତରଃ ସମାଯାତାସ୍ତେଷାଂ କୋପି ତୱ କାମପି ୱାର୍ତ୍ତାଂ ନାୱଦତ୍ ଅଭଦ୍ରମପି ନାକଥଯଚ୍ଚ|
2c1c160155	ତୱ ମତଂ କିମିତି ୱଯଂ ତ୍ୱତ୍ତଃ ଶ୍ରୋତୁମିଚ୍ଛାମଃ| ଯଦ୍ ଇଦଂ ନୱୀନଂ ମତମୁତ୍ଥିତଂ ତତ୍ ସର୍ୱ୍ୱତ୍ର ସର୍ୱ୍ୱେଷାଂ ନିକଟେ ନିନ୍ଦିତଂ ଜାତମ ଇତି ୱଯଂ ଜାନୀମଃ|
2c1c1702fc	ତୈସ୍ତଦର୍ଥମ୍ ଏକସ୍ମିନ୍ ଦିନେ ନିରୂପିତେ ତସ୍ମିନ୍ ଦିନେ ବହୱ ଏକତ୍ର ମିଲିତ୍ୱା ପୌଲସ୍ୟ ୱାସଗୃହମ୍ ଆଗଚ୍ଛନ୍ ତସ୍ମାତ୍ ପୌଲ ଆ ପ୍ରାତଃକାଲାତ୍ ସନ୍ଧ୍ୟାକାଲଂ ଯାୱନ୍ ମୂସାୱ୍ୟୱସ୍ଥାଗ୍ରନ୍ଥାଦ୍ ଭୱିଷ୍ୟଦ୍ୱାଦିନାଂ ଗ୍ରନ୍ଥେଭ୍ୟଶ୍ଚ ଯୀଶୋଃ କଥାମ୍ ଉତ୍ଥାପ୍ୟ ଈଶ୍ୱରସ୍ୟ ରାଜ୍ୟେ ପ୍ରମାଣଂ ଦତ୍ୱା ତେଷାଂ ପ୍ରୱୃତ୍ତିଂ ଜନଯିତୁଂ ଚେଷ୍ଟିତୱାନ୍|
2c1c18008e	କେଚିତ୍ତୁ ତସ୍ୟ କଥାଂ ପ୍ରତ୍ୟାଯନ୍ କେଚିତ୍ତୁ ନ ପ୍ରତ୍ୟାଯନ୍;
2c1c1901fc	ଏତତ୍କାରଣାତ୍ ତେଷାଂ ପରସ୍ପରମ୍ ଅନୈକ୍ୟାତ୍ ସର୍ୱ୍ୱେ ଚଲିତୱନ୍ତଃ; ତଥାପି ପୌଲ ଏତାଂ କଥାମେକାଂ କଥିତୱାନ୍ ପୱିତ୍ର ଆତ୍ମା ଯିଶଯିଯସ୍ୟ ଭୱିଷ୍ୟଦ୍ୱକ୍ତୁ ର୍ୱଦନାଦ୍ ଅସ୍ମାକଂ ପିତୃପୁରୁଷେଭ୍ୟ ଏତାଂ କଥାଂ ଭଦ୍ରଂ କଥଯାମାସ, ଯଥା,
2c1c1a0173	"ଉପଗତ୍ୟ ଜନାନେତାନ୍ ତ୍ୱଂ ଭାଷସ୍ୱ ୱଚସ୍ତ୍ୱିଦଂ| କର୍ଣୈଃ ଶ୍ରୋଷ୍ୟଥ ଯୂଯଂ ହି କିନ୍ତୁ ଯୂଯଂ ନ ଭୋତ୍ସ୍ୟଥ| ନେତ୍ରୈ ର୍ଦ୍ରକ୍ଷ୍ୟଥ ଯୂଯଞ୍ଚ ଜ୍ଞାତୁଂ ଯୂଯଂ ନ ଶକ୍ଷ୍ୟଥ|
2c1c1b02c1	ତେ ମାନୁଷା ଯଥା ନେତ୍ରୈଃ ପରିପଶ୍ୟନ୍ତି ନୈୱ ହି| କର୍ଣୈଃ ର୍ୟଥା ନ ଶୃଣ୍ୱନ୍ତି ବୁଧ୍ୟନ୍ତେ ନ ଚ ମାନସୈଃ| ୱ୍ୟାୱର୍ତ୍ତଯତ୍ସୁ ଚିତ୍ତାନି କାଲେ କୁତ୍ରାପି ତେଷୁ ୱୈ| ମତ୍ତସ୍ତେ ମନୁଜାଃ ସ୍ୱସ୍ଥା ଯଥା ନୈୱ ଭୱନ୍ତି ଚ| ତଥା ତେଷାଂ ମନୁଷ୍ୟାଣାଂ ସନ୍ତି ସ୍ଥୂଲା ହି ବୁଦ୍ଧଯଃ| ବଧିରୀଭୂତକର୍ଣାଶ୍ଚ ଜାତାଶ୍ଚ ମୁଦ୍ରିତା ଦୃଶଃ||
2c1c1c011c	ଅତ ଈଶ୍ୱରାଦ୍ ଯତ୍ ପରିତ୍ରାଣଂ ତସ୍ୟ ୱାର୍ତ୍ତା ଭିନ୍ନଦେଶୀଯାନାଂ ସମୀପଂ ପ୍ରେଷିତା ତଏୱ ତାଂ ଗ୍ରହୀଷ୍ୟନ୍ତୀତି ଯୂଯଂ ଜାନୀତ|
2c1c1d00e1	ଏତାଦୃଶ୍ୟାଂ କଥାଯାଂ କଥିତାଯାଂ ସତ୍ୟାଂ ଯିହୂଦିନଃ ପରସ୍ପରଂ ବହୁୱିଚାରଂ କୁର୍ୱ୍ୱନ୍ତୋ ଗତୱନ୍ତଃ|
2c1c1e014a	ଇତ୍ଥଂ ପୌଲଃ ସମ୍ପୂର୍ଣଂ ୱତ୍ସରଦ୍ୱଯଂ ଯାୱଦ୍ ଭାଟକୀଯେ ୱାସଗୃହେ ୱସନ୍ ଯେ ଲୋକାସ୍ତସ୍ୟ ସନ୍ନିଧିମ୍ ଆଗଚ୍ଛନ୍ତି ତାନ୍ ସର୍ୱ୍ୱାନେୱ ପରିଗୃହ୍ଲନ୍,
2c1c1f0118	ନିର୍ୱିଘ୍ନମ୍ ଅତିଶଯନିଃକ୍ଷୋଭମ୍ ଈଶ୍ୱରୀଯରାଜତ୍ୱସ୍ୟ କଥାଂ ପ୍ରଚାରଯନ୍ ପ୍ରଭୌ ଯୀଶୌ ଖ୍ରୀଷ୍ଟେ କଥାଃ ସମୁପାଦିଶତ୍| ଇତି||
2d00000012	ରୋମିଣଃ
2d010101c7	ଈଶ୍ୱରୋ ନିଜପୁତ୍ରମଧି ଯଂ ସୁସଂୱାଦଂ ଭୱିଷ୍ୟଦ୍ୱାଦିଭି ର୍ଧର୍ମ୍ମଗ୍ରନ୍ଥେ ପ୍ରତିଶ୍ରୁତୱାନ୍ ତଂ ସୁସଂୱାଦଂ ପ୍ରଚାରଯିତୁଂ ପୃଥକ୍କୃତ ଆହୂତଃ ପ୍ରେରିତଶ୍ଚ ପ୍ରଭୋ ର୍ୟୀଶୁଖ୍ରୀଷ୍ଟସ୍ୟ ସେୱକୋ ଯଃ ପୌଲଃ
2d010200c5	ସ ରୋମାନଗରସ୍ଥାନ୍ ଈଶ୍ୱରପ୍ରିଯାନ୍ ଆହୂତାଂଶ୍ଚ ପୱିତ୍ରଲୋକାନ୍ ପ୍ରତି ପତ୍ରଂ ଲିଖତି|
2d010300b8	ଅସ୍ମାକଂ ସ ପ୍ରଭୁ ର୍ୟୀଶୁଃ ଖ୍ରୀଷ୍ଟଃ ଶାରୀରିକସମ୍ବନ୍ଧେନ ଦାଯୂଦୋ ୱଂଶୋଦ୍ଭୱଃ
2d010400ff	ପୱିତ୍ରସ୍ୟାତ୍ମନଃ ସମ୍ବନ୍ଧେନ ଚେଶ୍ୱରସ୍ୟ ପ୍ରଭାୱୱାନ୍ ପୁତ୍ର ଇତି ଶ୍ମଶାନାତ୍ ତସ୍ୟୋତ୍ଥାନେନ ପ୍ରତିପନ୍ନଂ|
2d01050137	ଅପରଂ ଯେଷାଂ ମଧ୍ୟେ ଯୀଶୁନା ଖ୍ରୀଷ୍ଟେନ ଯୂଯମପ୍ୟାହୂତାସ୍ତେ ଽନ୍ୟଦେଶୀଯଲୋକାସ୍ତସ୍ୟ ନାମ୍ନି ୱିଶ୍ୱସ୍ୟ ନିଦେଶଗ୍ରାହିଣୋ ଯଥା ଭୱନ୍ତି
2d010600a5	ତଦଭିପ୍ରାଯେଣ ୱଯଂ ତସ୍ମାଦ୍ ଅନୁଗ୍ରହଂ ପ୍ରେରିତତ୍ୱପଦଞ୍ଚ ପ୍ରାପ୍ତାଃ|
2d010700f3	ତାତେନାସ୍ମାକମ୍ ଈଶ୍ୱରେଣ ପ୍ରଭୁଣା ଯୀଶୁଖ୍ରୀଷ୍ଟେନ ଚ ଯୁଷ୍ମଭ୍ୟମ୍ ଅନୁଗ୍ରହଃ ଶାନ୍ତିଶ୍ଚ ପ୍ରଦୀଯେତାଂ|
2d01080193	ପ୍ରଥମତଃ ସର୍ୱ୍ୱସ୍ମିନ୍ ଜଗତି ଯୁଷ୍ମାକଂ ୱିଶ୍ୱାସସ୍ୟ ପ୍ରକାଶିତତ୍ୱାଦ୍ ଅହଂ ଯୁଷ୍ମାକଂ ସର୍ୱ୍ୱେଷାଂ ନିମିତ୍ତଂ ଯୀଶୁଖ୍ରୀଷ୍ଟସ୍ୟ ନାମ ଗୃହ୍ଲନ୍ ଈଶ୍ୱରସ୍ୟ ଧନ୍ୟୱାଦଂ କରୋମି|
2d010901e9	ଅପରମ୍ ଈଶ୍ୱରସ୍ୟ ପ୍ରସାଦାଦ୍ ବହୁକାଲାତ୍ ପରଂ ସାମ୍ପ୍ରତଂ ଯୁଷ୍ମାକଂ ସମୀପଂ ଯାତୁଂ କଥମପି ଯତ୍ ସୁଯୋଗଂ ପ୍ରାପ୍ନୋମି, ଏତଦର୍ଥଂ ନିରନ୍ତରଂ ନାମାନ୍ୟୁଚ୍ଚାରଯନ୍ ନିଜାସୁ ସର୍ୱ୍ୱପ୍ରାର୍ଥନାସୁ ସର୍ୱ୍ୱଦା ନିୱେଦଯାମି,
2d010a00e2	ଏତସ୍ମିନ୍ ଯମହଂ ତତ୍ପୁତ୍ରୀଯସୁସଂୱାଦପ୍ରଚାରଣେନ ମନସା ପରିଚରାମି ସ ଈଶ୍ୱରୋ ମମ ସାକ୍ଷୀ ୱିଦ୍ୟତେ|
2d010b00bf	ଯତୋ ଯୁଷ୍ମାକଂ ମମ ଚ ୱିଶ୍ୱାସେନ ୱଯମ୍ ଉଭଯେ ଯଥା ଶାନ୍ତିଯୁକ୍ତା ଭୱାମ ଇତି କାରଣାଦ୍
2d010c011d	ଯୁଷ୍ମାକଂ ସ୍ଥୈର୍ୟ୍ୟକରଣାର୍ଥଂ ଯୁଷ୍ମଭ୍ୟଂ କିଞ୍ଚିତ୍ପରମାର୍ଥଦାନଦାନାଯ ଯୁଷ୍ମାନ୍ ସାକ୍ଷାତ୍ କର୍ତ୍ତୁଂ ମଦୀଯା ୱାଞ୍ଛା|
2d010d027f	ହେ ଭ୍ରାତୃଗଣ ଭିନ୍ନଦେଶୀଯଲୋକାନାଂ ମଧ୍ୟେ ଯଦ୍ୱତ୍ ତଦ୍ୱଦ୍ ଯୁଷ୍ମାକଂ ମଧ୍ୟେପି ଯଥା ଫଲଂ ଭୁଞ୍ଜେ ତଦଭିପ୍ରାଯେଣ ମୁହୁର୍ମୁହୁ ର୍ୟୁଷ୍ମାକଂ ସମୀପଂ ଗନ୍ତୁମ୍ ଉଦ୍ୟତୋଽହଂ କିନ୍ତୁ ଯାୱଦ୍ ଅଦ୍ୟ ତସ୍ମିନ୍ ଗମନେ ମମ ୱିଘ୍ନୋ ଜାତ ଇତି ଯୂଯଂ ଯଦ୍ ଅଜ୍ଞାତାସ୍ତିଷ୍ଠଥ ତଦହମ୍ ଉଚିତଂ ନ ବୁଧ୍ୟେ|
2d010e00a2	ଅହଂ ସଭ୍ୟାସଭ୍ୟାନାଂ ୱିଦ୍ୱଦୱିଦ୍ୱତାଞ୍ଚ ସର୍ୱ୍ୱେଷାମ୍ ଋଣୀ ୱିଦ୍ୟେ|
2d010f00ea	ଅତଏୱ ରୋମାନିୱାସିନାଂ ଯୁଷ୍ମାକଂ ସମୀପେଽପି ଯଥାଶକ୍ତି ସୁସଂୱାଦଂ ପ୍ରଚାରଯିତୁମ୍ ଅହମ୍ ଉଦ୍ୟତୋସ୍ମି|
2d011001d6	ଯତଃ ଖ୍ରୀଷ୍ଟସ୍ୟ ସୁସଂୱାଦୋ ମମ ଲଜ୍ଜାସ୍ପଦଂ ନହି ସ ଈଶ୍ୱରସ୍ୟ ଶକ୍ତିସ୍ୱରୂପଃ ସନ୍ ଆ ଯିହୂଦୀଯେଭ୍ୟୋ ଽନ୍ୟଜାତୀଯାନ୍ ଯାୱତ୍ ସର୍ୱ୍ୱଜାତୀଯାନାଂ ମଧ୍ୟେ ଯଃ କଶ୍ଚିଦ୍ ତତ୍ର ୱିଶ୍ୱସିତି ତସ୍ୟୈୱ ତ୍ରାଣଂ ଜନଯତି|
2d0111016d	ଯତଃ ପ୍ରତ୍ୟଯସ୍ୟ ସମପରିମାଣମ୍ ଈଶ୍ୱରଦତ୍ତଂ ପୁଣ୍ୟଂ ତତ୍ସୁସଂୱାଦେ ପ୍ରକାଶତେ| ତଦଧି ଧର୍ମ୍ମପୁସ୍ତକେପି ଲିଖିତମିଦଂ "ପୁଣ୍ୟୱାନ୍ ଜନୋ ୱିଶ୍ୱାସେନ ଜୀୱିଷ୍ୟତି"|
2d0112015c	ଅତଏୱ ଯେ ମାନୱାଃ ପାପକର୍ମ୍ମଣା ସତ୍ୟତାଂ ରୁନ୍ଧନ୍ତି ତେଷାଂ ସର୍ୱ୍ୱସ୍ୟ ଦୁରାଚରଣସ୍ୟାଧର୍ମ୍ମସ୍ୟ ଚ ୱିରୁଦ୍ଧଂ ସ୍ୱର୍ଗାଦ୍ ଈଶ୍ୱରସ୍ୟ କୋପଃ ପ୍ରକାଶତେ|
2d011300fb	ଯତ ଈଶ୍ୱରମଧି ଯଦ୍ୟଦ୍ ଜ୍ଞେଯଂ ତଦ୍ ଈଶ୍ୱରଃ ସ୍ୱଯଂ ତାନ୍ ପ୍ରତି ପ୍ରକାଶିତୱାନ୍ ତସ୍ମାତ୍ ତେଷାମ୍ ଅଗୋଚରଂ ନହି|
2d01140185	ଫଲତସ୍ତସ୍ୟାନନ୍ତଶକ୍ତୀଶ୍ୱରତ୍ୱାଦୀନ୍ୟଦୃଶ୍ୟାନ୍ୟପି ସୃଷ୍ଟିକାଲମ୍ ଆରଭ୍ୟ କର୍ମ୍ମସୁ ପ୍ରକାଶମାନାନି ଦୃଶ୍ୟନ୍ତେ ତସ୍ମାତ୍ ତେଷାଂ ଦୋଷପ୍ରକ୍ଷାଲନସ୍ୟ ପନ୍ଥା ନାସ୍ତି|
2d011501bc	ଅପରମ୍ ଈଶ୍ୱରଂ ଜ୍ଞାତ୍ୱାପି ତେ ତମ୍ ଈଶ୍ୱରଜ୍ଞାନେନ ନାଦ୍ରିଯନ୍ତ କୃତଜ୍ଞା ୱା ନ ଜାତାଃ; ତସ୍ମାତ୍ ତେଷାଂ ସର୍ୱ୍ୱେ ତର୍କା ୱିଫଲୀଭୂତାଃ, ଅପରଞ୍ଚ ତେଷାଂ ୱିୱେକଶୂନ୍ୟାନି ମନାଂସି ତିମିରେ ମଗ୍ନାନି|
2d01160077	ତେ ସ୍ୱାନ୍ ଜ୍ଞାନିନୋ ଜ୍ଞାତ୍ୱା ଜ୍ଞାନହୀନା ଅଭୱନ୍
2d0117011e	ଅନଶ୍ୱରସ୍ୟେଶ୍ୱରସ୍ୟ ଗୌରୱଂ ୱିହାଯ ନଶ୍ୱରମନୁଷ୍ୟପଶୁପକ୍ଷ୍ୟୁରୋଗାମିପ୍ରଭୃତେରାକୃତିୱିଶିଷ୍ଟପ୍ରତିମାସ୍ତୈରାଶ୍ରିତାଃ|
2d01180161	ଇତ୍ଥଂ ତ ଈଶ୍ୱରସ୍ୟ ସତ୍ୟତାଂ ୱିହାଯ ମୃଷାମତମ୍ ଆଶ୍ରିତୱନ୍ତଃ ସଚ୍ଚିଦାନନ୍ଦଂ ସୃଷ୍ଟିକର୍ତ୍ତାରଂ ତ୍ୟକ୍ତ୍ୱା ସୃଷ୍ଟୱସ୍ତୁନଃ ପୂଜାଂ ସେୱାଞ୍ଚ କୃତୱନ୍ତଃ;
2d0119014a	ଇତି ହେତୋରୀଶ୍ୱରସ୍ତାନ୍ କୁକ୍ରିଯାଯାଂ ସମର୍ପ୍ୟ ନିଜନିଜକୁଚିନ୍ତାଭିଲାଷାଭ୍ୟାଂ ସ୍ୱଂ ସ୍ୱଂ ଶରୀରଂ ପରସ୍ପରମ୍ ଅପମାନିତଂ କର୍ତ୍ତୁମ୍ ଅଦଦାତ୍|
2d011a010c	ଈଶ୍ୱରେଣ ତେଷୁ କ୍ୱଭିଲାଷେ ସମର୍ପିତେଷୁ ତେଷାଂ ଯୋଷିତଃ ସ୍ୱାଭାୱିକାଚରଣମ୍ ଅପହାଯ ୱିପରୀତକୃତ୍ୟେ ପ୍ରାୱର୍ତ୍ତନ୍ତ;
2d011b019b	ତଥା ପୁରୁଷା ଅପି ସ୍ୱାଭାୱିକଯୋଷିତ୍ସଙ୍ଗମଂ ୱିହାଯ ପରସ୍ପରଂ କାମକୃଶାନୁନା ଦଗ୍ଧାଃ ସନ୍ତଃ ପୁମାଂସଃ ପୁଂଭିଃ ସାକଂ କୁକୃତ୍ୟେ ସମାସଜ୍ୟ ନିଜନିଜଭ୍ରାନ୍ତେଃ ସମୁଚିତଂ ଫଲମ୍ ଅଲଭନ୍ତ|
2d011c0152	ତେ ସ୍ୱେଷାଂ ମନଃସ୍ୱୀଶ୍ୱରାଯ ସ୍ଥାନଂ ଦାତୁମ୍ ଅନିଚ୍ଛୁକାସ୍ତତୋ ହେତୋରୀଶ୍ୱରସ୍ତାନ୍ ପ୍ରତି ଦୁଷ୍ଟମନସ୍କତ୍ୱମ୍ ଅୱିହିତକ୍ରିଯତ୍ୱଞ୍ଚ ଦତ୍ତୱାନ୍|
2d011d016d	ଅତଏୱ ତେ ସର୍ୱ୍ୱେ ଽନ୍ୟାଯୋ ୱ୍ୟଭିଚାରୋ ଦୁଷ୍ଟତ୍ୱଂ ଲୋଭୋ ଜିଘାଂସା ଈର୍ଷ୍ୟା ୱଧୋ ୱିୱାଦଶ୍ଚାତୁରୀ କୁମତିରିତ୍ୟାଦିଭି ର୍ଦୁଷ୍କର୍ମ୍ମଭିଃ ପରିପୂର୍ଣାଃ ସନ୍ତଃ
2d011e0112	କର୍ଣେଜପା ଅପୱାଦିନ ଈଶ୍ୱରଦ୍ୱେଷକା ହିଂସକା ଅହଙ୍କାରିଣ ଆତ୍ମଶ୍ଲାଘିନଃ କୁକର୍ମ୍ମୋତ୍ପାଦକାଃ ପିତ୍ରୋରାଜ୍ଞାଲଙ୍ଘକା
2d011f00ab	ଅୱିଚାରକା ନିଯମଲଙ୍ଘିନଃ ସ୍ନେହରହିତା ଅତିଦ୍ୱେଷିଣୋ ନିର୍ଦଯାଶ୍ଚ ଜାତାଃ|
2d012001e0	ଯେ ଜନା ଏତାଦୃଶଂ କର୍ମ୍ମ କୁର୍ୱ୍ୱନ୍ତି ତଏୱ ମୃତିଯୋଗ୍ୟା ଈଶ୍ୱରସ୍ୟ ୱିଚାରମୀଦୃଶଂ ଜ୍ଞାତ୍ୱାପି ତ ଏତାଦୃଶଂ କର୍ମ୍ମ ସ୍ୱଯଂ କୁର୍ୱ୍ୱନ୍ତି କେୱଲମିତି ନହି କିନ୍ତୁ ତାଦୃଶକର୍ମ୍ମକାରିଷୁ ଲୋକେଷ୍ୱପି ପ୍ରୀଯନ୍ତେ|
2d020101b0	ହେ ପରଦୂଷକ ମନୁଷ୍ୟ ଯଃ କଶ୍ଚନ ତ୍ୱଂ ଭୱସି ତୱୋତ୍ତରଦାନାଯ ପନ୍ଥା ନାସ୍ତି ଯତୋ ଯସ୍ମାତ୍ କର୍ମ୍ମଣଃ ପରସ୍ତ୍ୱଯା ଦୂଷ୍ୟତେ ତସ୍ମାତ୍ ତ୍ୱମପି ଦୂଷ୍ୟସେ, ଯତସ୍ତଂ ଦୂଷଯନ୍ନପି ତ୍ୱଂ ତଦ୍ୱଦ୍ ଆଚରସି|
2d020200cd	କିନ୍ତ୍ୱେତାଦୃଗାଚାରିଭ୍ୟୋ ଯଂ ଦଣ୍ଡମ୍ ଈଶ୍ୱରୋ ନିଶ୍ଚିନୋତି ସ ଯଥାର୍ଥ ଇତି ୱଯଂ ଜାନୀମଃ|
2d0203013f	ଅତଏୱ ହେ ମାନୁଷ ତ୍ୱଂ ଯାଦୃଗାଚାରିଣୋ ଦୂଷଯସି ସ୍ୱଯଂ ଯଦି ତାଦୃଗାଚରସି ତର୍ହି ତ୍ୱମ୍ ଈଶ୍ୱରଦଣ୍ଡାତ୍ ପଲାଯିତୁଂ ଶକ୍ଷ୍ୟସୀତି କିଂ ବୁଧ୍ୟସେ?
2d02040163	ଅପରଂ ତୱ ମନସଃ ପରିୱର୍ତ୍ତନଂ କର୍ତ୍ତୁମ୍ ଇଶ୍ୱରସ୍ୟାନୁଗ୍ରହୋ ଭୱତି ତନ୍ନ ବୁଦ୍ଧ୍ୱା ତ୍ୱଂ କିଂ ତଦୀଯାନୁଗ୍ରହକ୍ଷମାଚିରସହିଷ୍ଣୁତ୍ୱନିଧିଂ ତୁଚ୍ଛୀକରୋଷି?
2d02050160	ତଥା ସ୍ୱାନ୍ତଃକରଣସ୍ୟ କଠୋରତ୍ୱାତ୍ ଖେଦରାହିତ୍ୟାଚ୍ଚେଶ୍ୱରସ୍ୟ ନ୍ୟାଯ୍ୟୱିଚାରପ୍ରକାଶନସ୍ୟ କ୍ରୋଧସ୍ୟ ଚ ଦିନଂ ଯାୱତ୍ କିଂ ସ୍ୱାର୍ଥଂ କୋପଂ ସଞ୍ଚିନୋଷି?
2d02060099	କିନ୍ତୁ ସ ଏକୈକମନୁଜାଯ ତତ୍କର୍ମ୍ମାନୁସାରେଣ ପ୍ରତିଫଲଂ ଦାସ୍ୟତି;
2d0207014a	ୱସ୍ତୁତସ୍ତୁ ଯେ ଜନା ଧୈର୍ୟ୍ୟଂ ଧୃତ୍ୱା ସତ୍କର୍ମ୍ମ କୁର୍ୱ୍ୱନ୍ତୋ ମହିମା ସତ୍କାରୋଽମରତ୍ୱଞ୍ଚୈତାନି ମୃଗଯନ୍ତେ ତେଭ୍ୟୋଽନନ୍ତାଯୁ ର୍ଦାସ୍ୟତି|
2d02080123	ଅପରଂ ଯେ ଜନାଃ ସତ୍ୟଧର୍ମ୍ମମ୍ ଅଗୃହୀତ୍ୱା ୱିପରୀତଧର୍ମ୍ମମ୍ ଗୃହ୍ଲନ୍ତି ତାଦୃଶା ୱିରୋଧିଜନାଃ କୋପଂ କ୍ରୋଧଞ୍ଚ ଭୋକ୍ଷ୍ୟନ୍ତେ|
2d02090129	ଆ ଯିହୂଦିନୋଽନ୍ୟଦେଶିନଃ ପର୍ୟ୍ୟନ୍ତଂ ଯାୱନ୍ତଃ କୁକର୍ମ୍ମକାରିଣଃ ପ୍ରାଣିନଃ ସନ୍ତି ତେ ସର୍ୱ୍ୱେ ଦୁଃଖଂ ଯାତନାଞ୍ଚ ଗମିଷ୍ୟନ୍ତି;
2d020a014c	କିନ୍ତୁ ଆ ଯିହୂଦିନୋ ଭିନ୍ନଦେଶିପର୍ୟ୍ୟନ୍ତା ଯାୱନ୍ତଃ ସତ୍କର୍ମ୍ମକାରିଣୋ ଲୋକାଃ ସନ୍ତି ତାନ୍ ପ୍ରତି ମହିମା ସତ୍କାରଃ ଶାନ୍ତିଶ୍ଚ ଭୱିଷ୍ୟନ୍ତି|
2d020b0058	ଈଶ୍ୱରସ୍ୟ ୱିଚାରେ ପକ୍ଷପାତୋ ନାସ୍ତି|
2d020c0208	ଅଲବ୍ଧୱ୍ୟୱସ୍ଥାଶାସ୍ତ୍ରୈ ର୍ୟୈଃ ପାପାନି କୃତାନି ୱ୍ୟୱସ୍ଥାଶାସ୍ତ୍ରାଲବ୍ଧତ୍ୱାନୁରୂପସ୍ତେଷାଂ ୱିନାଶୋ ଭୱିଷ୍ୟତି; କିନ୍ତୁ ଲବ୍ଧୱ୍ୟୱସ୍ଥାଶାସ୍ତ୍ରା ଯେ ପାପାନ୍ୟକୁର୍ୱ୍ୱନ୍ ୱ୍ୟୱସ୍ଥାନୁସାରାଦେୱ ତେଷାଂ ୱିଚାରୋ ଭୱିଷ୍ୟତି|
2d020d0116	ୱ୍ୟୱସ୍ଥାଶ୍ରୋତାର ଈଶ୍ୱରସ୍ୟ ସମୀପେ ନିଷ୍ପାପା ଭୱିଷ୍ୟନ୍ତୀତି ନହି କିନ୍ତୁ ୱ୍ୟୱସ୍ଥାଚାରିଣ ଏୱ ସପୁଣ୍ୟା ଭୱିଷ୍ୟନ୍ତି|
2d020e01d1	ଯତୋ ଽଲବ୍ଧୱ୍ୟୱସ୍ଥାଶାସ୍ତ୍ରା ଭିନ୍ନଦେଶୀଯଲୋକା ଯଦି ସ୍ୱଭାୱତୋ ୱ୍ୟୱସ୍ଥାନୁରୂପାନ୍ ଆଚାରାନ୍ କୁର୍ୱ୍ୱନ୍ତି ତର୍ହ୍ୟଲବ୍ଧଶାସ୍ତ୍ରାଃ ସନ୍ତୋଽପି ତେ ସ୍ୱେଷାଂ ୱ୍ୟୱସ୍ଥାଶାସ୍ତ୍ରମିୱ ସ୍ୱଯମେୱ ଭୱନ୍ତି|
2d020f019d	ତେଷାଂ ମନସି ସାକ୍ଷିସ୍ୱରୂପେ ସତି ତେଷାଂ ୱିତର୍କେଷୁ ଚ କଦା ତାନ୍ ଦୋଷିଣଃ କଦା ୱା ନିର୍ଦୋଷାନ୍ କୃତୱତ୍ସୁ ତେ ସ୍ୱାନ୍ତର୍ଲିଖିତସ୍ୟ ୱ୍ୟୱସ୍ଥାଶାସ୍ତ୍ରସ୍ୟ ପ୍ରମାଣଂ ସ୍ୱଯମେୱ ଦଦତି|
2d021001cc	ଯସ୍ମିନ୍ ଦିନେ ମଯା ପ୍ରକାଶିତସ୍ୟ ସୁସଂୱାଦସ୍ୟାନୁସାରାଦ୍ ଈଶ୍ୱରୋ ଯୀଶୁଖ୍ରୀଷ୍ଟେନ ମାନୁଷାଣାମ୍ ଅନ୍ତଃକରଣାନାଂ ଗୂଢାଭିପ୍ରାଯାନ୍ ଧୃତ୍ୱା ୱିଚାରଯିଷ୍ୟତି ତସ୍ମିନ୍ ୱିଚାରଦିନେ ତତ୍ ପ୍ରକାଶିଷ୍ୟତେ|
2d021100a7	ପଶ୍ୟ ତ୍ୱଂ ସ୍ୱଯଂ ଯିହୂଦୀତି ୱିଖ୍ୟାତୋ ୱ୍ୟୱସ୍ଥୋପରି ୱିଶ୍ୱାସଂ କରୋଷି,
2d0212012f	ଈଶ୍ୱରମୁଦ୍ଦିଶ୍ୟ ସ୍ୱଂ ଶ୍ଲାଘସେ, ତଥା ୱ୍ୟୱସ୍ଥଯା ଶିକ୍ଷିତୋ ଭୂତ୍ୱା ତସ୍ୟାଭିମତଂ ଜାନାସି, ସର୍ୱ୍ୱାସାଂ କଥାନାଂ ସାରଂ ୱିୱିଂକ୍ଷେ,
2d021300fc	ଅପରଂ ଜ୍ଞାନସ୍ୟ ସତ୍ୟତାଯାଶ୍ଚାକରସ୍ୱରୂପଂ ଶାସ୍ତ୍ରଂ ମମ ସମୀପେ ୱିଦ୍ୟତ ଅତୋ ଽନ୍ଧଲୋକାନାଂ ମାର୍ଗଦର୍ଶଯିତା
2d0214010c	ତିମିରସ୍ଥିତଲୋକାନାଂ ମଧ୍ୟେ ଦୀପ୍ତିସ୍ୱରୂପୋଽଜ୍ଞାନଲୋକେଭ୍ୟୋ ଜ୍ଞାନଦାତା ଶିଶୂନାଂ ଶିକ୍ଷଯିତାହମେୱେତି ମନ୍ୟସେ|
2d02150122	ପରାନ୍ ଶିକ୍ଷଯନ୍ ସ୍ୱଯଂ ସ୍ୱଂ କିଂ ନ ଶିକ୍ଷଯସି? ୱସ୍ତୁତଶ୍ଚୌର୍ୟ୍ୟନିଷେଧୱ୍ୟୱସ୍ଥାଂ ପ୍ରଚାରଯନ୍ ତ୍ୱଂ କିଂ ସ୍ୱଯମେୱ ଚୋରଯସି?
2d02160134	ତଥା ପରଦାରଗମନଂ ପ୍ରତିଷେଧନ୍ ସ୍ୱଯଂ କିଂ ପରଦାରାନ୍ ଗଚ୍ଛସି? ତଥା ତ୍ୱଂ ସ୍ୱଯଂ ପ୍ରତିମାଦ୍ୱେଷୀ ସନ୍ କିଂ ମନ୍ଦିରସ୍ୟ ଦ୍ରୱ୍ୟାଣି ହରସି?
2d021700c7	ଯସ୍ତ୍ୱଂ ୱ୍ୟୱସ୍ଥାଂ ଶ୍ଲାଘସେ ସ ତ୍ୱଂ କିଂ ୱ୍ୟୱସ୍ଥାମ୍ ଅୱମତ୍ୟ ନେଶ୍ୱରଂ ସମ୍ମନ୍ୟସେ?
2d021800e3	ଶାସ୍ତ୍ରେ ଯଥା ଲିଖତି "ଭିନ୍ନଦେଶିନାଂ ସମୀପେ ଯୁଷ୍ମାକଂ ଦୋଷାଦ୍ ଈଶ୍ୱରସ୍ୟ ନାମ୍ନୋ ନିନ୍ଦା ଭୱତି| "
2d02190139	ଯଦି ୱ୍ୟୱସ୍ଥାଂ ପାଲଯସି ତର୍ହି ତୱ ତ୍ୱକ୍ଛେଦକ୍ରିଯା ସଫଲା ଭୱତି; ଯତି ୱ୍ୟୱସ୍ଥାଂ ଲଙ୍ଘସେ ତର୍ହି ତୱ ତ୍ୱକ୍ଛେଦୋଽତ୍ୱକ୍ଛେଦୋ ଭୱିଷ୍ୟତି|
2d021a0121	ଯତୋ ୱ୍ୟୱସ୍ଥାଶାସ୍ତ୍ରାଦିଷ୍ଟଧର୍ମ୍ମକର୍ମ୍ମାଚାରୀ ପୁମାନ୍ ଅତ୍ୱକ୍ଛେଦୀ ସନ୍ନପି କିଂ ତ୍ୱକ୍ଛେଦିନାଂ ମଧ୍ୟେ ନ ଗଣଯିଷ୍ୟତେ?
2d021b0182	କିନ୍ତୁ ଲବ୍ଧଶାସ୍ତ୍ରଶ୍ଛିନ୍ନତ୍ୱକ୍ ଚ ତ୍ୱଂ ଯଦି ୱ୍ୟୱସ୍ଥାଲଙ୍ଘନଂ କରୋଷି ତର୍ହି ୱ୍ୟୱସ୍ଥାପାଲକାଃ ସ୍ୱାଭାୱିକାଚ୍ଛିନ୍ନତ୍ୱଚୋ ଲୋକାସ୍ତ୍ୱାଂ କିଂ ନ ଦୂଷଯିଷ୍ୟନ୍ତି?
2d021c00cf	ତସ୍ମାଦ୍ ଯୋ ବାହ୍ୟେ ଯିହୂଦୀ ସ ଯିହୂଦୀ ନହି ତଥାଙ୍ଗସ୍ୟ ଯସ୍ତ୍ୱକ୍ଛେଦଃ ସ ତ୍ୱକ୍ଛେଦୋ ନହି;
2d021d01bb	କିନ୍ତୁ ଯୋ ଜନ ଆନ୍ତରିକୋ ଯିହୂଦୀ ସ ଏୱ ଯିହୂଦୀ ଅପରଞ୍ଚ କେୱଲଲିଖିତଯା ୱ୍ୟୱସ୍ଥଯା ନ କିନ୍ତୁ ମାନସିକୋ ଯସ୍ତ୍ୱକ୍ଛେଦୋ ଯସ୍ୟ ଚ ପ୍ରଶଂସା ମନୁଷ୍ୟେଭ୍ୟୋ ନ ଭୂତ୍ୱା ଈଶ୍ୱରାଦ୍ ଭୱତି ସ ଏୱ ତ୍ୱକ୍ଛେଦଃ|
2d030100a0	ଅପରଞ୍ଚ ଯିହୂଦିନଃ କିଂ ଶ୍ରେଷ୍ଠତ୍ୱଂ? ତଥା ତ୍ୱକ୍ଛେଦସ୍ୟ ୱା କିଂ ଫଲଂ?
2d030200b1	ସର୍ୱ୍ୱଥା ବହୂନି ଫଲାନି ସନ୍ତି, ୱିଶେଷତ ଈଶ୍ୱରସ୍ୟ ଶାସ୍ତ୍ରଂ ତେଭ୍ୟୋଽଦୀଯତ|
2d030300f6	କୈଶ୍ଚିଦ୍ ଅୱିଶ୍ୱସନେ କୃତେ ତେଷାମ୍ ଅୱିଶ୍ୱସନାତ୍ କିମ୍ ଈଶ୍ୱରସ୍ୟ ୱିଶ୍ୱାସ୍ୟତାଯା ହାନିରୁତ୍ପତ୍ସ୍ୟତେ?
2d03040200	କେନାପି ପ୍ରକାରେଣ ନହି| ଯଦ୍ୟପି ସର୍ୱ୍ୱେ ମନୁଷ୍ୟା ମିଥ୍ୟାୱାଦିନସ୍ତଥାପୀଶ୍ୱରଃ ସତ୍ୟୱାଦୀ| ଶାସ୍ତ୍ରେ ଯଥା ଲିଖିତମାସ୍ତେ, ଅତସ୍ତ୍ୱନ୍ତୁ ସ୍ୱୱାକ୍ୟେନ ନିର୍ଦ୍ଦୋଷୋ ହି ଭୱିଷ୍ୟସି| ୱିଚାରେ ଚୈୱ ନିଷ୍ପାପୋ ଭୱିଷ୍ୟସି ନ ସଂଶଯଃ|
2d03050199	ଅସ୍ମାକମ୍ ଅନ୍ୟାଯେନ ଯଦୀଶ୍ୱରସ୍ୟ ନ୍ୟାଯଃ ପ୍ରକାଶତେ ତର୍ହି କିଂ ୱଦିଷ୍ୟାମଃ? ଅହଂ ମାନୁଷାଣାଂ କଥାମିୱ କଥାଂ କଥଯାମି, ଈଶ୍ୱରଃ ସମୁଚିତଂ ଦଣ୍ଡଂ ଦତ୍ତ୍ୱା କିମ୍ ଅନ୍ୟାଯୀ ଭୱିଷ୍ୟତି?
2d03060091	ଇତ୍ଥଂ ନ ଭୱତୁ, ତଥା ସତୀଶ୍ୱରଃ କଥଂ ଜଗତୋ ୱିଚାରଯିତା ଭୱିଷ୍ୟତି?
2d03070129	ମମ ମିଥ୍ୟାୱାକ୍ୟୱଦନାଦ୍ ଯଦୀଶ୍ୱରସ୍ୟ ସତ୍ୟତ୍ୱେନ ତସ୍ୟ ମହିମା ୱର୍ଦ୍ଧତେ ତର୍ହି କସ୍ମାଦହଂ ୱିଚାରେଽପରାଧିତ୍ୱେନ ଗଣ୍ୟୋ ଭୱାମି?
2d03080214	ମଙ୍ଗଲାର୍ଥଂ ପାପମପି କରଣୀଯମିତି ୱାକ୍ୟଂ ତ୍ୱଯା କୁତୋ ନୋଚ୍ୟତେ? କିନ୍ତୁ ଯୈରୁଚ୍ୟତେ ତେ ନିତାନ୍ତଂ ଦଣ୍ଡସ୍ୟ ପାତ୍ରାଣି ଭୱନ୍ତି; ତଥାପି ତଦ୍ୱାକ୍ୟମ୍ ଅସ୍ମାଭିରପ୍ୟୁଚ୍ୟତ ଇତ୍ୟସ୍ମାକଂ ଗ୍ଲାନିଂ କୁର୍ୱ୍ୱନ୍ତଃ କିଯନ୍ତୋ ଲୋକା ୱଦନ୍ତି|
2d03090158	ଅନ୍ୟଲୋକେଭ୍ୟୋ ୱଯଂ କିଂ ଶ୍ରେଷ୍ଠାଃ? କଦାଚନ ନହି ଯତୋ ଯିହୂଦିନୋ ଽନ୍ୟଦେଶିନଶ୍ଚ ସର୍ୱ୍ୱଏୱ ପାପସ୍ୟାଯତ୍ତା ଇତ୍ୟସ୍ୟ ପ୍ରମାଣଂ ୱଯଂ ପୂର୍ୱ୍ୱମ୍ ଅଦଦାମ|
2d030a0066	ଲିପି ର୍ୟଥାସ୍ତେ, ନୈକୋପି ଧାର୍ମ୍ମିକୋ ଜନଃ|
2d030b0072	ତଥା ଜ୍ଞାନୀଶ୍ୱରଜ୍ଞାନୀ ମାନୱଃ କୋପି ନାସ୍ତି ହି|
2d030c00ea	ୱିମାର୍ଗଗାମିନଃ ସର୍ୱ୍ୱେ ସର୍ୱ୍ୱେ ଦୁଷ୍କର୍ମ୍ମକାରିଣଃ| ଏକୋ ଜନୋପି ନୋ ତେଷାଂ ସାଧୁକର୍ମ୍ମ କରୋତି ଚ|
2d030d016e	ତଥା ତେଷାନ୍ତୁ ୱୈ କଣ୍ଠା ଅନାୱୃତଶ୍ମଶାନୱତ୍| ସ୍ତୁତିୱାଦଂ ପ୍ରକୁର୍ୱ୍ୱନ୍ତି ଜିହ୍ୱାଭିସ୍ତେ ତୁ କେୱଲଂ| ତେଷାମୋଷ୍ଠସ୍ୟ ନିମ୍ନେ ତୁ ୱିଷଂ ତିଷ୍ଠତି ସର୍ପ୍ପୱତ୍|
2d030e0064	ମୁଖଂ ତେଷାଂ ହି ଶାପେନ କପଟେନ ଚ ପୂର୍ୟ୍ୟତେ|
2d030f0069	ରକ୍ତପାତାଯ ତେଷାଂ ତୁ ପଦାନି କ୍ଷିପ୍ରଗାନି ଚ|
2d0310006f	ପଥି ତେଷାଂ ମନୁଷ୍ୟାଣାଂ ନାଶଃ କ୍ଲେଶଶ୍ଚ କେୱଲଃ|
2d03110063	ତେ ଜନା ନହି ଜାନନ୍ତି ପନ୍ଥାନଂ ସୁଖଦାଯିନଂ|
2d03120067	ପରମେଶାଦ୍ ଭଯଂ ଯତ୍ତତ୍ ତଚ୍ଚକ୍ଷୁଷୋରଗୋଚରଂ|
2d03130180	ୱ୍ୟୱସ୍ଥାଯାଂ ଯଦ୍ୟଲ୍ଲିଖତି ତଦ୍ ୱ୍ୟୱସ୍ଥାଧୀନାନ୍ ଲୋକାନ୍ ଉଦ୍ଦିଶ୍ୟ ଲିଖତୀତି ୱଯଂ ଜାନୀମଃ| ତତୋ ମନୁଷ୍ୟମାତ୍ରୋ ନିରୁତ୍ତରଃ ସନ୍ ଈଶ୍ୱରସ୍ୟ ସାକ୍ଷାଦ୍ ଅପରାଧୀ ଭୱତି|
2d03140164	ଅତଏୱ ୱ୍ୟୱସ୍ଥାନୁରୂପୈଃ କର୍ମ୍ମଭିଃ କଶ୍ଚିଦପି ପ୍ରାଣୀଶ୍ୱରସ୍ୟ ସାକ୍ଷାତ୍ ସପୁଣ୍ୟୀକୃତୋ ଭୱିତୁଂ ନ ଶକ୍ଷ୍ୟତି ଯତୋ ୱ୍ୟୱସ୍ଥଯା ପାପଜ୍ଞାନମାତ୍ରଂ ଜାଯତେ|
2d0315014e	କିନ୍ତୁ ୱ୍ୟୱସ୍ଥାଯାଃ ପୃଥଗ୍ ଈଶ୍ୱରେଣ ଦେଯଂ ଯତ୍ ପୁଣ୍ୟଂ ତଦ୍ ୱ୍ୟୱସ୍ଥାଯା ଭୱିଷ୍ୟଦ୍ୱାଦିଗଣସ୍ୟ ଚ ୱଚନୈଃ ପ୍ରମାଣୀକୃତଂ ସଦ୍ ଇଦାନୀଂ ପ୍ରକାଶତେ|
2d0316012d	ଯୀଶୁଖ୍ରୀଷ୍ଟେ ୱିଶ୍ୱାସକରଣାଦ୍ ଈଶ୍ୱରେଣ ଦତ୍ତଂ ତତ୍ ପୁଣ୍ୟଂ ସକଲେଷୁ ପ୍ରକାଶିତଂ ସତ୍ ସର୍ୱ୍ୱାନ୍ ୱିଶ୍ୱାସିନଃ ପ୍ରତି ୱର୍ତ୍ତତେ|
2d031700c1	ତେଷାଂ କୋପି ପ୍ରଭେଦୋ ନାସ୍ତି, ଯତଃ ସର୍ୱ୍ୱଏୱ ପାପିନ ଈଶ୍ୱରୀଯତେଜୋହୀନାଶ୍ଚ ଜାତାଃ|
2d031800d4	ତ ଈଶ୍ୱରସ୍ୟାନୁଗ୍ରହାଦ୍ ମୂଲ୍ୟଂ ୱିନା ଖ୍ରୀଷ୍ଟକୃତେନ ପରିତ୍ରାଣେନ ସପୁଣ୍ୟୀକୃତା ଭୱନ୍ତି|
2d031901d8	ଯସ୍ମାତ୍ ସ୍ୱଶୋଣିତେନ ୱିଶ୍ୱାସାତ୍ ପାପନାଶକୋ ବଲୀ ଭୱିତୁଂ ସ ଏୱ ପୂର୍ୱ୍ୱମ୍ ଈଶ୍ୱରେଣ ନିଶ୍ଚିତଃ, ଇତ୍ଥମ୍ ଈଶ୍ୱରୀଯସହିଷ୍ଣୁତ୍ୱାତ୍ ପୁରାକୃତପାପାନାଂ ମାର୍ଜ୍ଜନକରଣେ ସ୍ୱୀଯଯାଥାର୍ଥ୍ୟଂ ତେନ ପ୍ରକାଶ୍ୟତେ,
2d031a0134	ୱର୍ତ୍ତମାନକାଲୀଯମପି ସ୍ୱଯାଥାର୍ଥ୍ୟଂ ତେନ ପ୍ରକାଶ୍ୟତେ, ଅପରଂ ଯୀଶୌ ୱିଶ୍ୱାସିନଂ ସପୁଣ୍ୟୀକୁର୍ୱ୍ୱନ୍ନପି ସ ଯାଥାର୍ଥିକସ୍ତିଷ୍ଠତି|
2d031b015d	ତର୍ହି କୁତ୍ରାତ୍ମଶ୍ଲାଘା? ସା ଦୂରୀକୃତା; କଯା ୱ୍ୟୱସ୍ଥଯା? କିଂ କ୍ରିଯାରୂପୱ୍ୟୱସ୍ଥଯା? ଇତ୍ଥଂ ନହି କିନ୍ତୁ ତତ୍ କେୱଲୱିଶ୍ୱାସରୂପଯା ୱ୍ୟୱସ୍ଥଯୈୱ ଭୱତି|
2d031c012f	ଅତଏୱ ୱ୍ୟୱସ୍ଥାନୁରୂପାଃ କ୍ରିଯା ୱିନା କେୱଲେନ ୱିଶ୍ୱାସେନ ମାନୱଃ ସପୁଣ୍ୟୀକୃତୋ ଭୱିତୁଂ ଶକ୍ନୋତୀତ୍ୟସ୍ୟ ରାଦ୍ଧାନ୍ତଂ ଦର୍ଶଯାମଃ|
2d031d00df	ସ କିଂ କେୱଲଯିହୂଦିନାମ୍ ଈଶ୍ୱରୋ ଭୱତି? ଭିନ୍ନଦେଶିନାମ୍ ଈଶ୍ୱରୋ ନ ଭୱତି? ଭିନ୍ନଦେଶିନାମପି ଭୱତି;
2d031e00e5	ଯସ୍ମାଦ୍ ଏକ ଈଶ୍ୱରୋ ୱିଶ୍ୱାସାତ୍ ତ୍ୱକ୍ଛେଦିନୋ ୱିଶ୍ୱାସେନାତ୍ୱକ୍ଛେଦିନଶ୍ଚ ସପୁଣ୍ୟୀକରିଷ୍ୟତି|
2d031f00e0	ତର୍ହି ୱିଶ୍ୱାସେନ ୱଯଂ କିଂ ୱ୍ୟୱସ୍ଥାଂ ଲୁମ୍ପାମ? ଇତ୍ଥଂ ନ ଭୱତୁ ୱଯଂ ୱ୍ୟୱସ୍ଥାଂ ସଂସ୍ଥାପଯାମ ଏୱ|
2d040100d5	ଅସ୍ମାକଂ ପୂର୍ୱ୍ୱପୁରୁଷ ଇବ୍ରାହୀମ୍ କାଯିକକ୍ରିଯଯା କିଂ ଲବ୍ଧୱାନ୍ ଏତଦଧି କିଂ ୱଦିଷ୍ୟାମଃ?
2d04020132	ସ ଯଦି ନିଜକ୍ରିଯାଭ୍ୟଃ ସପୁଣ୍ୟୋ ଭୱେତ୍ ତର୍ହି ତସ୍ୟାତ୍ମଶ୍ଲାଘାଂ କର୍ତ୍ତୁଂ ପନ୍ଥା ଭୱେଦିତି ସତ୍ୟଂ, କିନ୍ତ୍ୱୀଶ୍ୱରସ୍ୟ ସମୀପେ ନହି|
2d040300ed	ଶାସ୍ତ୍ରେ କିଂ ଲିଖତି? ଇବ୍ରାହୀମ୍ ଈଶ୍ୱରେ ୱିଶ୍ୱସନାତ୍ ସ ୱିଶ୍ୱାସସ୍ତସ୍ମୈ ପୁଣ୍ୟାର୍ଥଂ ଗଣିତୋ ବଭୂୱ|
2d040400d0	କର୍ମ୍ମକାରିଣୋ ଯଦ୍ ୱେତନଂ ତଦ୍ ଅନୁଗ୍ରହସ୍ୟ ଫଲଂ ନହି କିନ୍ତୁ ତେନୋପାର୍ଜିତଂ ମନ୍ତୱ୍ୟମ୍|
2d0405011c	କିନ୍ତୁ ଯଃ ପାପିନଂ ସପୁଣ୍ୟୀକରୋତି ତସ୍ମିନ୍ ୱିଶ୍ୱାସିନଃ କର୍ମ୍ମହୀନସ୍ୟ ଜନସ୍ୟ ଯୋ ୱିଶ୍ୱାସଃ ସ ପୁଣ୍ୟାର୍ଥଂ ଗଣ୍ୟୋ ଭୱତି|
2d040600ce	ଅପରଂ ଯଂ କ୍ରିଯାହୀନମ୍ ଈଶ୍ୱରଃ ସପୁଣ୍ୟୀକରୋତି ତସ୍ୟ ଧନ୍ୟୱାଦଂ ଦାଯୂଦ୍ ୱର୍ଣଯାମାସ, ଯଥା,
2d04070077	ସ ଧନ୍ୟୋଽଘାନି ମୃଷ୍ଟାନି ଯସ୍ୟାଗାଂସ୍ୟାୱୃତାନି ଚ|
2d0408005c	ସ ଚ ଧନ୍ୟଃ ପରେଶେନ ପାପଂ ଯସ୍ୟ ନ ଗଣ୍ୟତେ|
2d0409011d	ଏଷ ଧନ୍ୟୱାଦସ୍ତ୍ୱକ୍ଛେଦିନମ୍ ଅତ୍ୱକ୍ଛେଦିନଂ ୱା କଂ ପ୍ରତି ଭୱତି? ଇବ୍ରାହୀମୋ ୱିଶ୍ୱାସଃ ପୁଣ୍ୟାର୍ଥଂ ଗଣିତ ଇତି ୱଯଂ ୱଦାମଃ|
2d040a01a8	ସ ୱିଶ୍ୱାସସ୍ତସ୍ୟ ତ୍ୱକ୍ଛେଦିତ୍ୱାୱସ୍ଥାଯାଂ କିମ୍ ଅତ୍ୱକ୍ଛେଦିତ୍ୱାୱସ୍ଥାଯାଂ କସ୍ମିନ୍ ସମଯେ ପୁଣ୍ୟମିୱ ଗଣିତଃ? ତ୍ୱକ୍ଛେଦିତ୍ୱାୱସ୍ଥାଯାଂ ନହି କିନ୍ତ୍ୱତ୍ୱକ୍ଛେଦିତ୍ୱାୱସ୍ଥାଯାଂ|
2d040b0109	ଅପରଞ୍ଚ ସ ଯତ୍ ସର୍ୱ୍ୱେଷାମ୍ ଅତ୍ୱକ୍ଛେଦିନାଂ ୱିଶ୍ୱାସିନାମ୍ ଆଦିପୁରୁଷୋ ଭୱେତ୍, ତେ ଚ ପୁଣ୍ୟୱତ୍ତ୍ୱେନ ଗଣ୍ୟେରନ୍;
2d040c0302	ଯେ ଚ ଲୋକାଃ କେୱଲଂ ଛିନ୍ନତ୍ୱଚୋ ନ ସନ୍ତୋ ଽସ୍ମତ୍ପୂର୍ୱ୍ୱପୁରୁଷ ଇବ୍ରାହୀମ୍ ଅଛିନ୍ନତ୍ୱକ୍ ସନ୍ ଯେନ ୱିଶ୍ୱାସମାର୍ଗେଣ ଗତୱାନ୍ ତେନୈୱ ତସ୍ୟ ପାଦଚିହ୍ନେନ ଗଚ୍ଛନ୍ତି ତେଷାଂ ତ୍ୱକ୍ଛେଦିନାମପ୍ୟାଦିପୁରୁଷୋ ଭୱେତ୍ ତଦର୍ଥମ୍ ଅତ୍ୱକ୍ଛେଦିନୋ ମାନୱସ୍ୟ ୱିଶ୍ୱାସାତ୍ ପୁଣ୍ୟମ୍ ଉତ୍ପଦ୍ୟତ ଇତି ପ୍ରମାଣସ୍ୱରୂପଂ ତ୍ୱକ୍ଛେଦଚିହ୍ନଂ ସ ପ୍ରାପ୍ନୋତ୍|
2d040d017b	ଇବ୍ରାହୀମ୍ ଜଗତୋଽଧିକାରୀ ଭୱିଷ୍ୟତି ଯୈଷା ପ୍ରତିଜ୍ଞା ତଂ ତସ୍ୟ ୱଂଶଞ୍ଚ ପ୍ରତି ପୂର୍ୱ୍ୱମ୍ ଅକ୍ରିଯତ ସା ୱ୍ୟୱସ୍ଥାମୂଲିକା ନହି କିନ୍ତୁ ୱିଶ୍ୱାସଜନ୍ୟପୁଣ୍ୟମୂଲିକା|
2d040e00fb	ଯତୋ ୱ୍ୟୱସ୍ଥାୱଲମ୍ବିନୋ ଯଦ୍ୟଧିକାରିଣୋ ଭୱନ୍ତି ତର୍ହି ୱିଶ୍ୱାସୋ ୱିଫଲୋ ଜାଯତେ ସା ପ୍ରତିଜ୍ଞାପି ଲୁପ୍ତୈୱ|
2d040f00e2	ଅଧିକନ୍ତୁ ୱ୍ୟୱସ୍ଥା କୋପଂ ଜନଯତି ଯତୋ ଽୱିଦ୍ୟମାନାଯାଂ ୱ୍ୟୱସ୍ଥାଯାମ୍ ଆଜ୍ଞାଲଙ୍ଘନଂ ନ ସମ୍ଭୱତି|
2d0410027d	ଅତଏୱ ସା ପ୍ରତିଜ୍ଞା ଯଦ୍ ଅନୁଗ୍ରହସ୍ୟ ଫଲଂ ଭୱେତ୍ ତଦର୍ଥଂ ୱିଶ୍ୱାସମୂଲିକା ଯତସ୍ତଥାତ୍ୱେ ତଦ୍ୱଂଶସମୁଦାଯଂ ପ୍ରତି ଅର୍ଥତୋ ଯେ ୱ୍ୟୱସ୍ଥଯା ତଦ୍ୱଂଶସମ୍ଭୱାଃ କେୱଲଂ ତାନ୍ ପ୍ରତି ନହି କିନ୍ତୁ ଯ ଇବ୍ରାହୀମୀଯୱିଶ୍ୱାସେନ ତତ୍ସମ୍ଭୱାସ୍ତାନପି ପ୍ରତି ସା ପ୍ରତିଜ୍ଞା ସ୍ଥାସ୍ନୁର୍ଭୱତି|
2d04110257	ଯୋ ନିର୍ଜୀୱାନ୍ ସଜୀୱାନ୍ ଅୱିଦ୍ୟମାନାନି ୱସ୍ତୂନି ଚ ୱିଦ୍ୟମାନାନି କରୋତି ଇବ୍ରାହୀମୋ ୱିଶ୍ୱାସଭୂମେସ୍ତସ୍ୟେଶ୍ୱରସ୍ୟ ସାକ୍ଷାତ୍ ସୋଽସ୍ମାକଂ ସର୍ୱ୍ୱେଷାମ୍ ଆଦିପୁରୁଷ ଆସ୍ତେ, ଯଥା ଲିଖିତଂ ୱିଦ୍ୟତେ, ଅହଂ ତ୍ୱାଂ ବହୁଜାତୀନାମ୍ ଆଦିପୁରୁଷଂ କୃତ୍ୱା ନିଯୁକ୍ତୱାନ୍|
2d041201c9	ତ୍ୱଦୀଯସ୍ତାଦୃଶୋ ୱଂଶୋ ଜନିଷ୍ୟତେ ଯଦିଦଂ ୱାକ୍ୟଂ ପ୍ରତିଶ୍ରୁତଂ ତଦନୁସାରାଦ୍ ଇବ୍ରାହୀମ୍ ବହୁଦେଶୀଯଲୋକାନାମ୍ ଆଦିପୁରୁଷୋ ଯଦ୍ ଭୱତି ତଦର୍ଥଂ ସୋଽନପେକ୍ଷିତୱ୍ୟମପ୍ୟପେକ୍ଷମାଣୋ ୱିଶ୍ୱାସଂ କୃତୱାନ୍|
2d04130148	ଅପରଞ୍ଚ କ୍ଷୀଣୱିଶ୍ୱାସୋ ନ ଭୂତ୍ୱା ଶତୱତ୍ସରୱଯସ୍କତ୍ୱାତ୍ ସ୍ୱଶରୀରସ୍ୟ ଜରାଂ ସାରାନାମ୍ନଃ ସ୍ୱଭାର୍ୟ୍ୟାଯା ରଜୋନିୱୃତ୍ତିଞ୍ଚ ତୃଣାଯ ନ ମେନେ|
2d041400a1	ଅପରମ୍ ଅୱିଶ୍ୱାସାଦ୍ ଈଶ୍ୱରସ୍ୟ ପ୍ରତିଜ୍ଞାୱଚନେ କମପି ସଂଶଯଂ ନ ଚକାର;
2d04150149	କିନ୍ତ୍ୱୀଶ୍ୱରେଣ ଯତ୍ ପ୍ରତିଶ୍ରୁତଂ ତତ୍ ସାଧଯିତୁଂ ଶକ୍ୟତ ଇତି ନିଶ୍ଚିତଂ ୱିଜ୍ଞାଯ ଦୃଢୱିଶ୍ୱାସଃ ସନ୍ ଈଶ୍ୱରସ୍ୟ ମହିମାନଂ ପ୍ରକାଶଯାଞ୍ଚକାର|
2d0416008f	ଇତି ହେତୋସ୍ତସ୍ୟ ସ ୱିଶ୍ୱାସସ୍ତଦୀଯପୁଣ୍ୟମିୱ ଗଣଯାଞ୍ଚକ୍ରେ|
2d041700c4	ପୁଣ୍ୟମିୱାଗଣ୍ୟତ ତତ୍ କେୱଲସ୍ୟ ତସ୍ୟ ନିମିତ୍ତଂ ଲିଖିତଂ ନହି, ଅସ୍ମାକଂ ନିମିତ୍ତମପି,
2d04180156	ଯତୋଽସ୍ମାକଂ ପାପନାଶାର୍ଥଂ ସମର୍ପିତୋଽସ୍ମାକଂ ପୁଣ୍ୟପ୍ରାପ୍ତ୍ୟର୍ଥଞ୍ଚୋତ୍ଥାପିତୋଽଭୱତ୍ ଯୋଽସ୍ମାକଂ ପ୍ରଭୁ ର୍ୟୀଶୁସ୍ତସ୍ୟୋତ୍ଥାପଯିତରୀଶ୍ୱରେ
2d041900b5	ଯଦି ୱଯଂ ୱିଶ୍ୱସାମସ୍ତର୍ହ୍ୟସ୍ମାକମପି ସଏୱ ୱିଶ୍ୱାସଃ ପୁଣ୍ୟମିୱ ଗଣଯିଷ୍ୟତେ|
2d050100f6	ୱିଶ୍ୱାସେନ ସପୁଣ୍ୟୀକୃତା ୱଯମ୍ ଈଶ୍ୱରେଣ ସାର୍ଦ୍ଧଂ ପ୍ରଭୁଣାସ୍ମାକଂ ଯୀଶୁଖ୍ରୀଷ୍ଟେନ ମେଲନଂ ପ୍ରାପ୍ତାଃ|
2d05020157	ଅପରଂ ୱଯଂ ଯସ୍ମିନ୍ ଅନୁଗ୍ରହାଶ୍ରଯେ ତିଷ୍ଠାମସ୍ତନ୍ମଧ୍ୟଂ ୱିଶ୍ୱାସମାର୍ଗେଣ ତେନୈୱାନୀତା ୱଯମ୍ ଈଶ୍ୱରୀଯୱିଭୱପ୍ରାପ୍ତିପ୍ରତ୍ୟାଶଯା ସମାନନ୍ଦାମଃ|
2d050300e7	ତତ୍ କେୱଲଂ ନହି କିନ୍ତୁ କ୍ଲେଶଭୋଗେଽପ୍ୟାନନ୍ଦାମୋ ଯତଃ କ୍ଲେଶାଦ୍ ଧୈର୍ୟ୍ୟଂ ଜାଯତ ଇତି ୱଯଂ ଜାନୀମଃ,
2d050400af	ଧୈର୍ୟ୍ୟାଚ୍ଚ ପରୀକ୍ଷିତତ୍ୱଂ ଜାଯତେ, ପରୀକ୍ଷିତତ୍ୱାତ୍ ପ୍ରତ୍ୟାଶା ଜାଯତେ,
2d0505014d	ପ୍ରତ୍ୟାଶାତୋ ୱ୍ରୀଡିତତ୍ୱଂ ନ ଜାଯତେ, ଯସ୍ମାଦ୍ ଅସ୍ମଭ୍ୟଂ ଦତ୍ତେନ ପୱିତ୍ରେଣାତ୍ମନାସ୍ମାକମ୍ ଅନ୍ତଃକରଣାନୀଶ୍ୱରସ୍ୟ ପ୍ରେମୱାରିଣା ସିକ୍ତାନି|
2d050600f5	ଅସ୍ମାସୁ ନିରୁପାଯେଷୁ ସତ୍ସୁ ଖ୍ରୀଷ୍ଟ ଉପଯୁକ୍ତେ ସମଯେ ପାପିନାଂ ନିମିତ୍ତଂ ସ୍ୱୀଯାନ୍ ପ୍ରଣାନ୍ ଅତ୍ୟଜତ୍|
2d0507014d	ହିତକାରିଣୋ ଜନସ୍ୟ କୃତେ କୋପି ପ୍ରଣାନ୍ ତ୍ୟକ୍ତୁଂ ସାହସଂ କର୍ତ୍ତୁଂ ଶକ୍ନୋତି, କିନ୍ତୁ ଧାର୍ମ୍ମିକସ୍ୟ କୃତେ ପ୍ରାଯେଣ କୋପି ପ୍ରାଣାନ୍ ନ ତ୍ୟଜତି|
2d05080164	କିନ୍ତ୍ୱସ୍ମାସୁ ପାପିଷୁ ସତ୍ସ୍ୱପି ନିମିତ୍ତମସ୍ମାକଂ ଖ୍ରୀଷ୍ଟଃ ସ୍ୱପ୍ରାଣାନ୍ ତ୍ୟକ୍ତୱାନ୍, ତତ ଈଶ୍ୱରୋସ୍ମାନ୍ ପ୍ରତି ନିଜଂ ପରମପ୍ରେମାଣଂ ଦର୍ଶିତୱାନ୍|
2d050900c3	ଅତଏୱ ତସ୍ୟ ରକ୍ତପାତେନ ସପୁଣ୍ୟୀକୃତା ୱଯଂ ନିତାନ୍ତଂ ତେନ କୋପାଦ୍ ଉଦ୍ଧାରିଷ୍ୟାମହେ|
2d050a018e	ଫଲତୋ ୱଯଂ ଯଦା ରିପୱ ଆସ୍ମ ତଦେଶ୍ୱରସ୍ୟ ପୁତ୍ରସ୍ୟ ମରଣେନ ତେନ ସାର୍ଦ୍ଧଂ ଯଦ୍ୟସ୍ମାକଂ ମେଲନଂ ଜାତଂ ତର୍ହି ମେଲନପ୍ରାପ୍ତାଃ ସନ୍ତୋଽୱଶ୍ୟଂ ତସ୍ୟ ଜୀୱନେନ ରକ୍ଷାଂ ଲପ୍ସ୍ୟାମହେ|
2d050b011e	ତତ୍ କେୱଲଂ ନହି କିନ୍ତୁ ଯେନ ମେଲନମ୍ ଅଲଭାମହି ତେନାସ୍ମାକଂ ପ୍ରଭୁଣା ଯୀଶୁଖ୍ରୀଷ୍ଟେନ ସାମ୍ପ୍ରତମ୍ ଈଶ୍ୱରେ ସମାନନ୍ଦାମଶ୍ଚ|
2d050c013c	ତଥା ସତି, ଏକେନ ମାନୁଷେଣ ପାପଂ ପାପେନ ଚ ମରଣଂ ଜଗତୀଂ ପ୍ରାୱିଶତ୍ ଅପରଂ ସର୍ୱ୍ୱେଷାଂ ପାପିତ୍ୱାତ୍ ସର୍ୱ୍ୱେ ମାନୁଷା ମୃତେ ର୍ନିଘ୍ନା ଅଭୱତ୍|
2d050d0118	ଯତୋ ୱ୍ୟୱସ୍ଥାଦାନସମଯଂ ଯାୱତ୍ ଜଗତି ପାପମ୍ ଆସୀତ୍ କିନ୍ତୁ ଯତ୍ର ୱ୍ୟୱସ୍ଥା ନ ୱିଦ୍ୟତେ ତତ୍ର ପାପସ୍ୟାପି ଗଣନା ନ ୱିଦ୍ୟତେ|
2d050e018b	ତଥାପ୍ୟାଦମା ଯାଦୃଶଂ ପାପଂ କୃତଂ ତାଦୃଶଂ ପାପଂ ଯୈ ର୍ନାକାରି ଆଦମମ୍ ଆରଭ୍ୟ ମୂସାଂ ଯାୱତ୍ ତେଷାମପ୍ୟୁପରି ମୃତ୍ୟୂ ରାଜତ୍ୱମ୍ ଅକରୋତ୍ ସ ଆଦମ୍ ଭାୱ୍ୟାଦମୋ ନିଦର୍ଶନମେୱାସ୍ତେ|
2d050f0245	କିନ୍ତୁ ପାପକର୍ମ୍ମଣୋ ଯାଦୃଶୋ ଭାୱସ୍ତାଦୃଗ୍ ଦାନକର୍ମ୍ମଣୋ ଭାୱୋ ନ ଭୱତି ଯତ ଏକସ୍ୟ ଜନସ୍ୟାପରାଧେନ ଯଦି ବହୂନାଂ ମରଣମ୍ ଅଘଟତ ତଥାପୀଶ୍ୱରାନୁଗ୍ରହସ୍ତଦନୁଗ୍ରହମୂଲକଂ ଦାନଞ୍ଚୈକେନ ଜନେନାର୍ଥାଦ୍ ଯୀଶୁନା ଖ୍ରୀଷ୍ଟେନ ବହୁଷୁ ବାହୁଲ୍ୟାତିବାହୁଲ୍ୟେନ ଫଲତି|
2d051001ba	ଅପରମ୍ ଏକସ୍ୟ ଜନସ୍ୟ ପାପକର୍ମ୍ମ ଯାଦୃକ୍ ଫଲଯୁକ୍ତଂ ଦାନକର୍ମ୍ମ ତାଦୃକ୍ ନ ଭୱତି ଯତୋ ୱିଚାରକର୍ମ୍ମୈକଂ ପାପମ୍ ଆରଭ୍ୟ ଦଣ୍ଡଜନକଂ ବଭୂୱ, କିନ୍ତୁ ଦାନକର୍ମ୍ମ ବହୁପାପାନ୍ୟାରଭ୍ୟ ପୁଣ୍ୟଜନକଂ ବଭୂୱ|
2d051101fd	ଯତ ଏକସ୍ୟ ଜନସ୍ୟ ପାପକର୍ମ୍ମତସ୍ତେନୈକେନ ଯଦି ମରଣସ୍ୟ ରାଜତ୍ୱଂ ଜାତଂ ତର୍ହି ଯେ ଜନା ଅନୁଗ୍ରହସ୍ୟ ବାହୁଲ୍ୟଂ ପୁଣ୍ୟଦାନଞ୍ଚ ପ୍ରାପ୍ନୁୱନ୍ତି ତ ଏକେନ ଜନେନ, ଅର୍ଥାତ୍ ଯୀଶୁଖ୍ରୀଷ୍ଟେନ, ଜୀୱନେ ରାଜତ୍ୱମ୍ ଅୱଶ୍ୟଂ କରିଷ୍ୟନ୍ତି|
2d05120148	ଏକୋଽପରାଧୋ ଯଦ୍ୱତ୍ ସର୍ୱ୍ୱମାନୱାନାଂ ଦଣ୍ଡଗାମୀ ମାର୍ଗୋ ଽଭୱତ୍ ତଦ୍ୱଦ୍ ଏକଂ ପୁଣ୍ୟଦାନଂ ସର୍ୱ୍ୱମାନୱାନାଂ ଜୀୱନଯୁକ୍ତପୁଣ୍ୟଗାମୀ ମାର୍ଗ ଏୱ|
2d0513011f	ଅପରମ୍ ଏକସ୍ୟ ଜନସ୍ୟାଜ୍ଞାଲଙ୍ଘନାଦ୍ ଯଥା ବହୱୋ ଽପରାଧିନୋ ଜାତାସ୍ତଦ୍ୱଦ୍ ଏକସ୍ୟାଜ୍ଞାଚରଣାଦ୍ ବହୱଃ ସପୁଣ୍ୟୀକୃତା ଭୱନ୍ତି|
2d05140143	ଅଧିକନ୍ତୁ ୱ୍ୟୱସ୍ଥାଗମନାଦ୍ ଅପରାଧସ୍ୟ ବାହୁଲ୍ୟଂ ଜାତଂ କିନ୍ତୁ ଯତ୍ର ପାପସ୍ୟ ବାହୁଲ୍ୟଂ ତତ୍ରୈୱ ତସ୍ମାଦ୍ ଅନୁଗ୍ରହସ୍ୟ ବାହୁଲ୍ୟମ୍ ଅଭୱତ୍|
2d05150158	ତେନ ମୃତ୍ୟୁନା ଯଦ୍ୱତ୍ ପାପସ୍ୟ ରାଜତ୍ୱମ୍ ଅଭୱତ୍ ତଦ୍ୱଦ୍ ଅସ୍ମାକଂ ପ୍ରଭୁଯୀଶୁଖ୍ରୀଷ୍ଟଦ୍ୱାରାନନ୍ତଜୀୱନଦାଯିପୁଣ୍ୟେନାନୁଗ୍ରହସ୍ୟ ରାଜତ୍ୱଂ ଭୱତି|
2d060100fc	ପ୍ରଭୂତରୂପେଣ ଯଦ୍ ଅନୁଗ୍ରହଃ ପ୍ରକାଶତେ ତଦର୍ଥଂ ପାପେ ତିଷ୍ଠାମ ଇତି ୱାକ୍ୟଂ କିଂ ୱଯଂ ୱଦିଷ୍ୟାମଃ? ତନ୍ନ ଭୱତୁ|
2d06020085	ପାପଂ ପ୍ରତି ମୃତା ୱଯଂ ପୁନସ୍ତସ୍ମିନ୍ କଥମ୍ ଜୀୱିଷ୍ୟାମଃ?
2d060300f7	ୱଯଂ ଯାୱନ୍ତୋ ଲୋକା ଯୀଶୁଖ୍ରୀଷ୍ଟେ ମଜ୍ଜିତା ଅଭୱାମ ତାୱନ୍ତ ଏୱ ତସ୍ୟ ମରଣେ ମଜ୍ଜିତା ଇତି କିଂ ଯୂଯଂ ନ ଜାନୀଥ?
2d0604018e	ତତୋ ଯଥା ପିତୁଃ ପରାକ୍ରମେଣ ଶ୍ମଶାନାତ୍ ଖ୍ରୀଷ୍ଟ ଉତ୍ଥାପିତସ୍ତଥା ୱଯମପି ଯତ୍ ନୂତନଜୀୱିନ ଇୱାଚରାମସ୍ତଦର୍ଥଂ ମଜ୍ଜନେନ ତେନ ସାର୍ଦ୍ଧଂ ମୃତ୍ୟୁରୂପେ ଶ୍ମଶାନେ ସଂସ୍ଥାପିତାଃ|
2d060500f4	ଅପରଂ ୱଯଂ ଯଦି ତେନ ସଂଯୁକ୍ତାଃ ସନ୍ତଃ ସ ଇୱ ମରଣଭାଗିନୋ ଜାତାସ୍ତର୍ହି ସ ଇୱୋତ୍ଥାନଭାଗିନୋଽପି ଭୱିଷ୍ୟାମଃ|
2d06060172	ୱଯଂ ଯତ୍ ପାପସ୍ୟ ଦାସାଃ ପୁନ ର୍ନ ଭୱାମସ୍ତଦର୍ଥମ୍ ଅସ୍ମାକଂ ପାପରୂପଶରୀରସ୍ୟ ୱିନାଶାର୍ଥମ୍ ଅସ୍ମାକଂ ପୁରାତନପୁରୁଷସ୍ତେନ ସାକଂ କ୍ରୁଶେଽହନ୍ୟତେତି ୱଯଂ ଜାନୀମଃ|
2d0607003f	ଯୋ ହତଃ ସ ପାପାତ୍ ମୁକ୍ତ ଏୱ|
2d06080128	ଅତଏୱ ଯଦି ୱଯଂ ଖ୍ରୀଷ୍ଟେନ ସାର୍ଦ୍ଧମ୍ ଅହନ୍ୟାମହି ତର୍ହି ପୁନରପି ତେନ ସହିତା ଜୀୱିଷ୍ୟାମ ଇତ୍ୟତ୍ରାସ୍ମାକଂ ୱିଶ୍ୱାସୋ ୱିଦ୍ୟତେ|
2d0609010e	ଯତଃ ଶ୍ମଶାନାଦ୍ ଉତ୍ଥାପିତଃ ଖ୍ରୀଷ୍ଟୋ ପୁନ ର୍ନ ମ୍ରିଯତ ଇତି ୱଯଂ ଜାନୀମଃ| ତସ୍ମିନ୍ କୋପ୍ୟଧିକାରୋ ମୃତ୍ୟୋ ର୍ନାସ୍ତି|
2d060a00f1	ଅପରଞ୍ଚ ସ ଯଦ୍ ଅମ୍ରିଯତ ତେନୈକଦା ପାପମ୍ ଉଦ୍ଦିଶ୍ୟାମ୍ରିଯତ, ଯଚ୍ଚ ଜୀୱତି ତେନେଶ୍ୱରମ୍ ଉଦ୍ଦିଶ୍ୟ ଜୀୱତି;
2d060b011d	ତଦ୍ୱଦ୍ ଯୂଯମପି ସ୍ୱାନ୍ ପାପମ୍ ଉଦ୍ଦିଶ୍ୟ ମୃତାନ୍ ଅସ୍ମାକଂ ପ୍ରଭୁଣା ଯୀଶୁଖ୍ରୀଷ୍ଟେନେଶ୍ୱରମ୍ ଉଦ୍ଦିଶ୍ୟ ଜୀୱନ୍ତୋ ଜାନୀତ|
2d060c00d8	ଅପରଞ୍ଚ କୁତ୍ସିତାଭିଲାଷାନ୍ ପୂରଯିତୁଂ ଯୁଷ୍ମାକଂ ମର୍ତ୍ୟଦେହେଷୁ ପାପମ୍ ଆଧିପତ୍ୟଂ ନ କରୋତୁ|
2d060d01f5	ଅପରଂ ସ୍ୱଂ ସ୍ୱମ୍ ଅଙ୍ଗମ୍ ଅଧର୍ମ୍ମସ୍ୟାସ୍ତ୍ରଂ କୃତ୍ୱା ପାପସେୱାଯାଂ ନ ସମର୍ପଯତ, କିନ୍ତୁ ଶ୍ମଶାନାଦ୍ ଉତ୍ଥିତାନିୱ ସ୍ୱାନ୍ ଈଶ୍ୱରେ ସମର୍ପଯତ ସ୍ୱାନ୍ୟଙ୍ଗାନି ଚ ଧର୍ମ୍ମାସ୍ତ୍ରସ୍ୱରୂପାଣୀଶ୍ୱରମ୍ ଉଦ୍ଦିଶ୍ୟ ସମର୍ପଯତ|
2d060e011f	ଯୁଷ୍ମାକମ୍ ଉପରି ପାପସ୍ୟାଧିପତ୍ୟଂ ପୁନ ର୍ନ ଭୱିଷ୍ୟତି, ଯସ୍ମାଦ୍ ଯୂଯଂ ୱ୍ୟୱସ୍ଥାଯା ଅନାଯତ୍ତା ଅନୁଗ୍ରହସ୍ୟ ଚାଯତ୍ତା ଅଭୱତ|
2d060f0109	କିନ୍ତୁ ୱଯଂ ୱ୍ୟୱସ୍ଥାଯା ଅନାଯତ୍ତା ଅନୁଗ୍ରହସ୍ୟ ଚାଯତ୍ତା ଅଭୱାମ, ଇତି କାରଣାତ୍ କିଂ ପାପଂ କରିଷ୍ୟାମଃ? ତନ୍ନ ଭୱତୁ|
2d06100188	ଯତୋ ମୃତିଜନକଂ ପାପଂ ପୁଣ୍ୟଜନକଂ ନିଦେଶାଚରଣଞ୍ଚୈତଯୋର୍ଦ୍ୱଯୋ ର୍ୟସ୍ମିନ୍ ଆଜ୍ଞାପାଲନାର୍ଥଂ ଭୃତ୍ୟାନିୱ ସ୍ୱାନ୍ ସମର୍ପଯଥ, ତସ୍ୟୈୱ ଭୃତ୍ୟା ଭୱଥ, ଏତତ୍ କିଂ ଯୂଯଂ ନ ଜାନୀଥ?
2d061101c6	ଅପରଞ୍ଚ ପୂର୍ୱ୍ୱଂ ଯୂଯଂ ପାପସ୍ୟ ଭୃତ୍ୟା ଆସ୍ତେତି ସତ୍ୟଂ କିନ୍ତୁ ଯସ୍ୟାଂ ଶିକ୍ଷାରୂପାଯାଂ ମୂଷାଯାଂ ନିକ୍ଷିପ୍ତା ଅଭୱତ ତସ୍ୟା ଆକୃତିଂ ମନୋଭି ର୍ଲବ୍ଧୱନ୍ତ ଇତି କାରଣାଦ୍ ଈଶ୍ୱରସ୍ୟ ଧନ୍ୟୱାଦୋ ଭୱତୁ|
2d0612009e	ଇତ୍ଥଂ ଯୂଯଂ ପାପସେୱାତୋ ମୁକ୍ତାଃ ସନ୍ତୋ ଧର୍ମ୍ମସ୍ୟ ଭୃତ୍ୟା ଜାତାଃ|
2d0613026d	ଯୁଷ୍ମାକଂ ଶାରୀରିକ୍ୟା ଦୁର୍ବ୍ବଲତାଯା ହେତୋ ର୍ମାନୱୱଦ୍ ଅହମ୍ ଏତଦ୍ ବ୍ରୱୀମି; ପୁନଃ ପୁନରଧର୍ମ୍ମକରଣାର୍ଥଂ ଯଦ୍ୱତ୍ ପୂର୍ୱ୍ୱଂ ପାପାମେଧ୍ୟଯୋ ର୍ଭୃତ୍ୟତ୍ୱେ ନିଜାଙ୍ଗାନି ସମାର୍ପଯତ ତଦ୍ୱଦ୍ ଇଦାନୀଂ ସାଧୁକର୍ମ୍ମକରଣାର୍ଥଂ ଧର୍ମ୍ମସ୍ୟ ଭୃତ୍ୟତ୍ୱେ ନିଜାଙ୍ଗାନି ସମର୍ପଯତ|
2d06140093	ଯଦା ଯୂଯଂ ପାପସ୍ୟ ଭୃତ୍ୟା ଆସ୍ତ ତଦା ଧର୍ମ୍ମସ୍ୟ ନାଯତ୍ତା ଆସ୍ତ|
2d06150144	ତର୍ହି ଯାନି କର୍ମ୍ମାଣି ଯୂଯମ୍ ଇଦାନୀଂ ଲଜ୍ଜାଜନକାନି ବୁଧ୍ୟଧ୍ୱେ ପୂର୍ୱ୍ୱଂ ତୈ ର୍ୟୁଷ୍ମାକଂ କୋ ଲାଭ ଆସୀତ୍? ତେଷାଂ କର୍ମ୍ମଣାଂ ଫଲଂ ମରଣମେୱ|
2d06160168	କିନ୍ତୁ ସାମ୍ପ୍ରତଂ ଯୂଯଂ ପାପସେୱାତୋ ମୁକ୍ତାଃ ସନ୍ତ ଈଶ୍ୱରସ୍ୟ ଭୃତ୍ୟାଽଭୱତ ତସ୍ମାଦ୍ ଯୁଷ୍ମାକଂ ପୱିତ୍ରତ୍ୱରୂପଂ ଲଭ୍ୟମ୍ ଅନନ୍ତଜୀୱନରୂପଞ୍ଚ ଫଲମ୍ ଆସ୍ତେ|
2d06170112	ଯତଃ ପାପସ୍ୟ ୱେତନଂ ମରଣଂ କିନ୍ତ୍ୱସ୍ମାକଂ ପ୍ରଭୁଣା ଯୀଶୁଖ୍ରୀଷ୍ଟେନାନନ୍ତଜୀୱନମ୍ ଈଶ୍ୱରଦତ୍ତଂ ପାରିତୋଷିକମ୍ ଆସ୍ତେ|
2d07010136	ହେ ଭ୍ରାତୃଗଣ ୱ୍ୟୱସ୍ଥାୱିଦଃ ପ୍ରତି ମମେଦଂ ନିୱେଦନଂ| ୱିଧିଃ କେୱଲଂ ଯାୱଜ୍ଜୀୱଂ ମାନୱୋପର୍ୟ୍ୟଧିପତିତ୍ୱଂ କରୋତୀତି ଯୂଯଂ କିଂ ନ ଜାନୀଥ?
2d07020188	ଯାୱତ୍କାଲଂ ପତି ର୍ଜୀୱତି ତାୱତ୍କାଲମ୍ ଊଢା ଭାର୍ୟ୍ୟା ୱ୍ୟୱସ୍ଥଯା ତସ୍ମିନ୍ ବଦ୍ଧା ତିଷ୍ଠତି କିନ୍ତୁ ଯଦି ପତି ର୍ମ୍ରିଯତେ ତର୍ହି ସା ନାରୀ ପତ୍ୟୁ ର୍ୱ୍ୟୱସ୍ଥାତୋ ମୁଚ୍ୟତେ|
2d070301fd	ଏତତ୍କାରଣାତ୍ ପତ୍ୟୁର୍ଜୀୱନକାଲେ ନାରୀ ଯଦ୍ୟନ୍ୟଂ ପୁରୁଷଂ ୱିୱହତି ତର୍ହି ସା ୱ୍ୟଭିଚାରିଣୀ ଭୱତି କିନ୍ତୁ ଯଦି ସ ପତି ର୍ମ୍ରିଯତେ ତର୍ହି ସା ତସ୍ୟା ୱ୍ୟୱସ୍ଥାଯା ମୁକ୍ତା ସତୀ ପୁରୁଷାନ୍ତରେଣ ୱ୍ୟୂଢାପି ୱ୍ୟଭିଚାରିଣୀ ନ ଭୱତି|
2d070401cb	ହେ ମମ ଭ୍ରାତୃଗଣ, ଈଶ୍ୱରନିମିତ୍ତଂ ଯଦସ୍ମାକଂ ଫଲଂ ଜାଯତେ ତଦର୍ଥଂ ଶ୍ମଶାନାଦ୍ ଉତ୍ଥାପିତେନ ପୁରୁଷେଣ ସହ ଯୁଷ୍ମାକଂ ୱିୱାହୋ ଯଦ୍ ଭୱେତ୍ ତଦର୍ଥଂ ଖ୍ରୀଷ୍ଟସ୍ୟ ଶରୀରେଣ ଯୂଯଂ ୱ୍ୟୱସ୍ଥାଂ ପ୍ରତି ମୃତୱନ୍ତଃ|
2d0705013a	ଯତୋଽସ୍ମାକଂ ଶାରୀରିକାଚରଣସମଯେ ମରଣନିମିତ୍ତଂ ଫଲମ୍ ଉତ୍ପାଦଯିତୁଂ ୱ୍ୟୱସ୍ଥଯା ଦୂଷିତଃ ପାପାଭିଲାଷୋଽସ୍ମାକମ୍ ଅଙ୍ଗେଷୁ ଜୀୱନ୍ ଆସୀତ୍|
2d07060201	କିନ୍ତୁ ତଦା ଯସ୍ୟା ୱ୍ୟୱସ୍ଥାଯା ୱଶେ ଆସ୍ମହି ସାମ୍ପ୍ରତଂ ତାଂ ପ୍ରତି ମୃତତ୍ୱାଦ୍ ୱଯଂ ତସ୍ୟା ଅଧୀନତ୍ୱାତ୍ ମୁକ୍ତା ଇତି ହେତୋରୀଶ୍ୱରୋଽସ୍ମାଭିଃ ପୁରାତନଲିଖିତାନୁସାରାତ୍ ନ ସେୱିତୱ୍ୟଃ କିନ୍ତୁ ନୱୀନସ୍ୱଭାୱେନୈୱ ସେୱିତୱ୍ୟଃ
2d0707023f	ତର୍ହି ୱଯଂ କିଂ ବ୍ରୂମଃ? ୱ୍ୟୱସ୍ଥା କିଂ ପାପଜନିକା ଭୱତି? ନେତ୍ଥଂ ଭୱତୁ| ୱ୍ୟୱସ୍ଥାମ୍ ଅୱିଦ୍ୟମାନାଯାଂ ପାପଂ କିମ୍ ଇତ୍ୟହଂ ନାୱେଦଂ; କିଞ୍ଚ ଲୋଭଂ ମା କାର୍ଷୀରିତି ଚେଦ୍ ୱ୍ୟୱସ୍ଥାଗ୍ରନ୍ଥେ ଲିଖିତଂ ନାଭୱିଷ୍ୟତ୍ ତର୍ହି ଲୋଭଃ କିମ୍ଭୂତସ୍ତଦହଂ ନାଜ୍ଞାସ୍ୟଂ|
2d0708015f	କିନ୍ତୁ ୱ୍ୟୱସ୍ଥଯା ପାପଂ ଛିଦ୍ରଂ ପ୍ରାପ୍ୟାସ୍ମାକମ୍ ଅନ୍ତଃ ସର୍ୱ୍ୱୱିଧଂ କୁତ୍ସିତାଭିଲାଷମ୍ ଅଜନଯତ୍; ଯତୋ ୱ୍ୟୱସ୍ଥାଯାମ୍ ଅୱିଦ୍ୟମାନାଯାଂ ପାପଂ ମୃତଂ|
2d07090137	ଅପରଂ ପୂର୍ୱ୍ୱଂ ୱ୍ୟୱସ୍ଥାଯାମ୍ ଅୱିଦ୍ୟମାନାଯାମ୍ ଅହମ୍ ଅଜୀୱଂ ତତଃ ପରମ୍ ଆଜ୍ଞାଯାମ୍ ଉପସ୍ଥିତାଯାମ୍ ପାପମ୍ ଅଜୀୱତ୍ ତଦାହମ୍ ଅମ୍ରିଯେ|
2d070a008e	ଇତ୍ଥଂ ସତି ଜୀୱନନିମିତ୍ତା ଯାଜ୍ଞା ସା ମମ ମୃତ୍ୟୁଜନିକାଭୱତ୍|
2d070b00bb	ଯତଃ ପାପଂ ଛିଦ୍ରଂ ପ୍ରାପ୍ୟ ୱ୍ୟୱସ୍ଥିତାଦେଶେନ ମାଂ ୱଞ୍ଚଯିତ୍ୱା ତେନ ମାମ୍ ଅହନ୍|
2d070c00a9	ଅତଏୱ ୱ୍ୟୱସ୍ଥା ପୱିତ୍ରା, ଆଦେଶଶ୍ଚ ପୱିତ୍ରୋ ନ୍ୟାଯ୍ୟୋ ହିତକାରୀ ଚ ଭୱତି|
2d070d01cd	ତର୍ହି ଯତ୍ ସ୍ୱଯଂ ହିତକୃତ୍ ତତ୍ କିଂ ମମ ମୃତ୍ୟୁଜନକମ୍ ଅଭୱତ୍? ନେତ୍ଥଂ ଭୱତୁ; କିନ୍ତୁ ପାପଂ ଯତ୍ ପାତକମିୱ ପ୍ରକାଶତେ ତଥା ନିଦେଶେନ ପାପଂ ଯଦତୀୱ ପାତକମିୱ ପ୍ରକାଶତେ ତଦର୍ଥଂ ହିତୋପାଯେନ ମମ ମରଣମ୍ ଅଜନଯତ୍|
2d070e00e0	ୱ୍ୟୱସ୍ଥାତ୍ମବୋଧିକେତି ୱଯଂ ଜାନୀମଃ କିନ୍ତ୍ୱହଂ ଶାରୀରତାଚାରୀ ପାପସ୍ୟ କ୍ରୀତକିଙ୍କରୋ ୱିଦ୍ୟେ|
2d070f010d	ଯତୋ ଯତ୍ କର୍ମ୍ମ କରୋମି ତତ୍ ମମ ମନୋଽଭିମତଂ ନହି; ଅପରଂ ଯନ୍ ମମ ମନୋଽଭିମତଂ ତନ୍ନ କରୋମି କିନ୍ତୁ ଯଦ୍ ଋତୀଯେ ତତ୍ କରୋମି|
2d071000c1	ତଥାତ୍ୱେ ଯନ୍ ମମାନଭିମତଂ ତଦ୍ ଯଦି କରୋମି ତର୍ହି ୱ୍ୟୱସ୍ଥା ସୂତ୍ତମେତି ସ୍ୱୀକରୋମି|
2d071100d6	ଅତଏୱ ସମ୍ପ୍ରତି ତତ୍ କର୍ମ୍ମ ମଯା କ୍ରିଯତ ଇତି ନହି କିନ୍ତୁ ମମ ଶରୀରସ୍ଥେନ ପାପେନୈୱ କ୍ରିଯତେ|
2d07120159	ଯତୋ ମଯି, ଅର୍ଥତୋ ମମ ଶରୀରେ, କିମପ୍ୟୁତ୍ତମଂ ନ ୱସତି, ଏତଦ୍ ଅହଂ ଜାନାମି; ମମେଚ୍ଛୁକତାଯାଂ ତିଷ୍ଠନ୍ତ୍ୟାମପ୍ୟହମ୍ ଉତ୍ତମକର୍ମ୍ମସାଧନେ ସମର୍ଥୋ ନ ଭୱାମି|
2d07130142	ଯତୋ ଯାମୁତ୍ତମାଂ କ୍ରିଯାଂ କର୍ତ୍ତୁମହଂ ୱାଞ୍ଛାମି ତାଂ ନ କରୋମି କିନ୍ତୁ ଯତ୍ କୁତ୍ସିତଂ କର୍ମ୍ମ କର୍ତ୍ତୁମ୍ ଅନିଚ୍ଛୁକୋଽସ୍ମି ତଦେୱ କରୋମି|
2d07140136	ଅତଏୱ ଯଦ୍ୟତ୍ କର୍ମ୍ମ କର୍ତ୍ତୁଂ ମମେଚ୍ଛା ନ ଭୱତି ତଦ୍ ଯଦି କରୋମି ତର୍ହି ତତ୍ ମଯା ନ କ୍ରିଯତେ, ମମାନ୍ତର୍ୱର୍ତ୍ତିନା ପାପେନୈୱ କ୍ରିଯତେ|
2d071500f6	ଭଦ୍ରଂ କର୍ତ୍ତୁମ୍ ଇଚ୍ଛୁକଂ ମାଂ ଯୋ ଽଭଦ୍ରଂ କର୍ତ୍ତୁଂ ପ୍ରୱର୍ତ୍ତଯତି ତାଦୃଶଂ ସ୍ୱଭାୱମେକଂ ମଯି ପଶ୍ୟାମି|
2d0716008b	ଅହମ୍ ଆନ୍ତରିକପୁରୁଷେଣେଶ୍ୱରୱ୍ୟୱସ୍ଥାଯାଂ ସନ୍ତୁଷ୍ଟ ଆସେ;
2d07170166	କିନ୍ତୁ ତଦ୍ୱିପରୀତଂ ଯୁଧ୍ୟନ୍ତଂ ତଦନ୍ୟମେକଂ ସ୍ୱଭାୱଂ ମଦୀଯାଙ୍ଗସ୍ଥିତଂ ପ୍ରପଶ୍ୟାମି, ସ ମଦୀଯାଙ୍ଗସ୍ଥିତପାପସ୍ୱଭାୱସ୍ୟାଯତ୍ତଂ ମାଂ କର୍ତ୍ତୁଂ ଚେଷ୍ଟତେ|
2d071800d6	ହା ହା ଯୋଽହଂ ଦୁର୍ଭାଗ୍ୟୋ ମନୁଜସ୍ତଂ ମାମ୍ ଏତସ୍ମାନ୍ ମୃତାଚ୍ଛରୀରାତ୍ କୋ ନିସ୍ତାରଯିଷ୍ୟତି?
2d07190160	ଅସ୍ମାକଂ ପ୍ରଭୁଣା ଯୀଶୁଖ୍ରୀଷ୍ଟେନ ନିସ୍ତାରଯିତାରମ୍ ଈଶ୍ୱରଂ ଧନ୍ୟଂ ୱଦାମି| ଅତଏୱ ଶରୀରେଣ ପାପୱ୍ୟୱସ୍ଥାଯା ମନସା ତୁ ଈଶ୍ୱରୱ୍ୟୱସ୍ଥାଯାଃ ସେୱନଂ କରୋମି|
2d080100fc	ଯେ ଜନାଃ ଖ୍ରୀଷ୍ଟଂ ଯୀଶୁମ୍ ଆଶ୍ରିତ୍ୟ ଶାରୀରିକଂ ନାଚରନ୍ତ ଆତ୍ମିକମାଚରନ୍ତି ତେଽଧୁନା ଦଣ୍ଡାର୍ହା ନ ଭୱନ୍ତି|
2d080200cf	ଜୀୱନଦାଯକସ୍ୟାତ୍ମନୋ ୱ୍ୟୱସ୍ଥା ଖ୍ରୀଷ୍ଟଯୀଶୁନା ପାପମରଣଯୋ ର୍ୱ୍ୟୱସ୍ଥାତୋ ମାମମୋଚଯତ୍|
2d080301d9	ଯସ୍ମାଚ୍ଛାରୀରସ୍ୟ ଦୁର୍ବ୍ବଲତ୍ୱାଦ୍ ୱ୍ୟୱସ୍ଥଯା ଯତ୍ କର୍ମ୍ମାସାଧ୍ୟମ୍ ଈଶ୍ୱରୋ ନିଜପୁତ୍ରଂ ପାପିଶରୀରରୂପଂ ପାପନାଶକବଲିରୂପଞ୍ଚ ପ୍ରେଷ୍ୟ ତସ୍ୟ ଶରୀରେ ପାପସ୍ୟ ଦଣ୍ଡଂ କୁର୍ୱ୍ୱନ୍ ତତ୍କର୍ମ୍ମ ସାଧିତୱାନ୍|
2d08040143	ତତଃ ଶାରୀରିକଂ ନାଚରିତ୍ୱାସ୍ମାଭିରାତ୍ମିକମ୍ ଆଚରଦ୍ଭିର୍ୱ୍ୟୱସ୍ଥାଗ୍ରନ୍ଥେ ନିର୍ଦ୍ଦିଷ୍ଟାନି ପୁଣ୍ୟକର୍ମ୍ମାଣି ସର୍ୱ୍ୱାଣି ସାଧ୍ୟନ୍ତେ|
2d08050106	ଯେ ଶାରୀରିକାଚାରିଣସ୍ତେ ଶାରୀରିକାନ୍ ୱିଷଯାନ୍ ଭାୱଯନ୍ତି ଯେ ଚାତ୍ମିକାଚାରିଣସ୍ତେ ଆତ୍ମନୋ ୱିଷଯାନ୍ ଭାୱଯନ୍ତି|
2d080600b2	ଶାରୀରିକଭାୱସ୍ୟ ଫଲଂ ମୃତ୍ୟୁଃ କିଞ୍ଚାତ୍ମିକଭାୱସ୍ୟ ଫଲେ ଜୀୱନଂ ଶାନ୍ତିଶ୍ଚ|
2d08070111	ଯତଃ ଶାରୀରିକଭାୱ ଈଶ୍ୱରସ୍ୟ ୱିରୁଦ୍ଧଃ ଶତ୍ରୁତାଭାୱ ଏୱ ସ ଈଶ୍ୱରସ୍ୟ ୱ୍ୟୱସ୍ଥାଯା ଅଧୀନୋ ନ ଭୱତି ଭୱିତୁଞ୍ଚ ନ ଶକ୍ନୋତି|
2d08080087	ଏତସ୍ମାତ୍ ଶାରୀରିକାଚାରିଷୁ ତୋଷ୍ଟୁମ୍ ଈଶ୍ୱରେଣ ନ ଶକ୍ୟଂ|
2d0809019b	କିନ୍ତ୍ୱୀଶ୍ୱରସ୍ୟାତ୍ମା ଯଦି ଯୁଷ୍ମାକଂ ମଧ୍ୟେ ୱସତି ତର୍ହି ଯୂଯଂ ଶାରୀରିକାଚାରିଣୋ ନ ସନ୍ତ ଆତ୍ମିକାଚାରିଣୋ ଭୱଥଃ| ଯସ୍ମିନ୍ ତୁ ଖ୍ରୀଷ୍ଟସ୍ୟାତ୍ମା ନ ୱିଦ୍ୟତେ ସ ତତ୍ସମ୍ଭୱୋ ନହି|
2d080a010e	ଯଦି ଖ୍ରୀଷ୍ଟୋ ଯୁଷ୍ମାନ୍ ଅଧିତିଷ୍ଠତି ତର୍ହି ପାପମ୍ ଉଦ୍ଦିଶ୍ୟ ଶରୀରଂ ମୃତଂ କିନ୍ତୁ ପୁଣ୍ୟମୁଦ୍ଦିଶ୍ୟାତ୍ମା ଜୀୱତି|
2d080b01d6	ମୃତଗଣାଦ୍ ଯୀଶୁ ର୍ୟେନୋତ୍ଥାପିତସ୍ତସ୍ୟାତ୍ମା ଯଦି ଯୁଷ୍ମନ୍ମଧ୍ୟେ ୱସତି ତର୍ହି ମୃତଗଣାତ୍ ଖ୍ରୀଷ୍ଟସ୍ୟ ସ ଉତ୍ଥାପଯିତା ଯୁଷ୍ମନ୍ମଧ୍ୟୱାସିନା ସ୍ୱକୀଯାତ୍ମନା ଯୁଷ୍ମାକଂ ମୃତଦେହାନପି ପୁନ ର୍ଜୀୱଯିଷ୍ୟତି|
2d080c00d2	ହେ ଭ୍ରାତୃଗଣ ଶରୀରସ୍ୟ ୱଯମଧମର୍ଣା ନ ଭୱାମୋଽତଃ ଶାରୀରିକାଚାରୋଽସ୍ମାଭି ର୍ନ କର୍ତ୍ତୱ୍ୟଃ|
2d080d0136	ଯଦି ଯୂଯଂ ଶରୀରିକାଚାରିଣୋ ଭୱେତ ତର୍ହି ଯୁଷ୍ମାଭି ର୍ମର୍ତ୍ତୱ୍ୟମେୱ କିନ୍ତ୍ୱାତ୍ମନା ଯଦି ଶରୀରକର୍ମ୍ମାଣି ଘାତଯେତ ତର୍ହି ଜୀୱିଷ୍ୟଥ|
2d080e00cf	ଯତୋ ଯାୱନ୍ତୋ ଲୋକା ଈଶ୍ୱରସ୍ୟାତ୍ମନାକୃଷ୍ୟନ୍ତେ ତେ ସର୍ୱ୍ୱ ଈଶ୍ୱରସ୍ୟ ସନ୍ତାନା ଭୱନ୍ତି|
2d080f0166	ଯୂଯଂ ପୁନରପି ଭଯଜନକଂ ଦାସ୍ୟଭାୱଂ ନ ପ୍ରାପ୍ତାଃ କିନ୍ତୁ ଯେନ ଭାୱେନେଶ୍ୱରଂ ପିତଃ ପିତରିତି ପ୍ରୋଚ୍ୟ ସମ୍ବୋଧଯଥ ତାଦୃଶଂ ଦତ୍ତକପୁତ୍ରତ୍ୱଭାୱମ୍ ପ୍ରାପ୍ନୁତ|
2d0810010f	ଅପରଞ୍ଚ ୱଯମ୍ ଈଶ୍ୱରସ୍ୟ ସନ୍ତାନା ଏତସ୍ମିନ୍ ପୱିତ୍ର ଆତ୍ମା ସ୍ୱଯମ୍ ଅସ୍ମାକମ୍ ଆତ୍ମାଭିଃ ସାର୍ଦ୍ଧଂ ପ୍ରମାଣଂ ଦଦାତି|
2d081101f6	ଅତଏୱ ୱଯଂ ଯଦି ସନ୍ତାନାସ୍ତର୍ହ୍ୟଧିକାରିଣଃ, ଅର୍ଥାଦ୍ ଈଶ୍ୱରସ୍ୟ ସ୍ୱତ୍ତ୍ୱାଧିକାରିଣଃ ଖ୍ରୀଷ୍ଟେନ ସହାଧିକାରିଣଶ୍ଚ ଭୱାମଃ; ଅପରଂ ତେନ ସାର୍ଦ୍ଧଂ ଯଦି ଦୁଃଖଭାଗିନୋ ଭୱାମସ୍ତର୍ହି ତସ୍ୟ ୱିଭୱସ୍ୟାପି ଭାଗିନୋ ଭୱିଷ୍ୟାମଃ|
2d081200f1	କିନ୍ତ୍ୱସ୍ମାସୁ ଯୋ ଭାୱୀୱିଭୱଃ ପ୍ରକାଶିଷ୍ୟତେ ତସ୍ୟ ସମୀପେ ୱର୍ତ୍ତମାନକାଲୀନଂ ଦୁଃଖମହଂ ତୃଣାଯ ମନ୍ୟେ|
2d081300da	ଯତଃ ପ୍ରାଣିଗଣ ଈଶ୍ୱରସ୍ୟ ସନ୍ତାନାନାଂ ୱିଭୱପ୍ରାପ୍ତିମ୍ ଆକାଙ୍କ୍ଷନ୍ ନିତାନ୍ତମ୍ ଅପେକ୍ଷତେ|
2d08140086	ଅପରଞ୍ଚ ପ୍ରାଣିଗଣଃ ସ୍ୱୈରମ୍ ଅଲୀକତାଯା ୱଶୀକୃତୋ ନାଭୱତ୍
2d0815015b	କିନ୍ତୁ ପ୍ରାଣିଗଣୋଽପି ନଶ୍ୱରତାଧୀନତ୍ୱାତ୍ ମୁକ୍ତଃ ସନ୍ ଈଶ୍ୱରସ୍ୟ ସନ୍ତାନାନାଂ ପରମମୁକ୍ତିଂ ପ୍ରାପ୍ସ୍ୟତୀତ୍ୟଭିପ୍ରାଯେଣ ୱଶୀକର୍ତ୍ରା ୱଶୀଚକ୍ରେ|
2d08160105	ଅପରଞ୍ଚ ପ୍ରସୂଯମାନାୱଦ୍ ୱ୍ୟଥିତଃ ସନ୍ ଇଦାନୀଂ ଯାୱତ୍ କୃତ୍ସ୍ନଃ ପ୍ରାଣିଗଣ ଆର୍ତ୍ତସ୍ୱରଂ କରୋତୀତି ୱଯଂ ଜାନୀମଃ|
2d081701c3	କେୱଲଃ ସ ଇତି ନହି କିନ୍ତୁ ପ୍ରଥମଜାତଫଲସ୍ୱରୂପମ୍ ଆତ୍ମାନଂ ପ୍ରାପ୍ତା ୱଯମପି ଦତ୍ତକପୁତ୍ରତ୍ୱପଦପ୍ରାପ୍ତିମ୍ ଅର୍ଥାତ୍ ଶରୀରସ୍ୟ ମୁକ୍ତିଂ ପ୍ରତୀକ୍ଷମାଣାସ୍ତଦ୍ୱଦ୍ ଅନ୍ତରାର୍ତ୍ତରାୱଂ କୁର୍ମ୍ମଃ|
2d0818017f	ୱଯଂ ପ୍ରତ୍ୟାଶଯା ତ୍ରାଣମ୍ ଅଲଭାମହି କିନ୍ତୁ ପ୍ରତ୍ୟକ୍ଷୱସ୍ତୁନୋ ଯା ପ୍ରତ୍ୟାଶା ସା ପ୍ରତ୍ୟାଶା ନହି, ଯତୋ ମନୁଷ୍ୟୋ ଯତ୍ ସମୀକ୍ଷତେ ତସ୍ୟ ପ୍ରତ୍ୟାଶାଂ କୁତଃ କରିଷ୍ୟତି?
2d081900f8	ଯଦ୍ ଅପ୍ରତ୍ୟକ୍ଷଂ ତସ୍ୟ ପ୍ରତ୍ୟାଶାଂ ଯଦି ୱଯଂ କୁର୍ୱ୍ୱୀମହି ତର୍ହି ଧୈର୍ୟ୍ୟମ୍ ଅୱଲମ୍ବ୍ୟ ପ୍ରତୀକ୍ଷାମହେ|
2d081a01ce	ତତ ଆତ୍ମାପି ସ୍ୱଯମ୍ ଅସ୍ମାକଂ ଦୁର୍ବ୍ବଲତାଯାଃ ସହାଯତ୍ୱଂ କରୋତି; ଯତଃ କିଂ ପ୍ରାର୍ଥିତୱ୍ୟଂ ତଦ୍ ବୋଦ୍ଧୁଂ ୱଯଂ ନ ଶକ୍ନୁମଃ, କିନ୍ତ୍ୱସ୍ପଷ୍ଟୈରାର୍ତ୍ତରାୱୈରାତ୍ମା ସ୍ୱଯମ୍ ଅସ୍ମନ୍ନିମିତ୍ତଂ ନିୱେଦଯତି|
2d081b0108	ଅପରମ୍ ଈଶ୍ୱରାଭିମତରୂପେଣ ପୱିତ୍ରଲୋକାନାଂ କୃତେ ନିୱେଦଯତି ଯ ଆତ୍ମା ତସ୍ୟାଭିପ୍ରାଯୋଽନ୍ତର୍ୟ୍ୟାମିନା ଜ୍ଞାଯତେ|
2d081c0147	ଅପରମ୍ ଈଶ୍ୱରୀଯନିରୂପଣାନୁସାରେଣାହୂତାଃ ସନ୍ତୋ ଯେ ତସ୍ମିନ୍ ପ୍ରୀଯନ୍ତେ ସର୍ୱ୍ୱାଣି ମିଲିତ୍ୱା ତେଷାଂ ମଙ୍ଗଲଂ ସାଧଯନ୍ତି, ଏତଦ୍ ୱଯଂ ଜାନୀମଃ|
2d081d01a2	ଯତ ଈଶ୍ୱରୋ ବହୁଭ୍ରାତୃଣାଂ ମଧ୍ୟେ ସ୍ୱପୁତ୍ରଂ ଜ୍ୟେଷ୍ଠଂ କର୍ତ୍ତୁମ୍ ଇଚ୍ଛନ୍ ଯାନ୍ ପୂର୍ୱ୍ୱଂ ଲକ୍ଷ୍ୟୀକୃତୱାନ୍ ତାନ୍ ତସ୍ୟ ପ୍ରତିମୂର୍ତ୍ୟାଃ ସାଦୃଶ୍ୟପ୍ରାପ୍ତ୍ୟର୍ଥଂ ନ୍ୟଯୁଂକ୍ତ|
2d081e011b	ଅପରଞ୍ଚ ତେନ ଯେ ନିଯୁକ୍ତାସ୍ତ ଆହୂତା ଅପି ଯେ ଚ ତେନାହୂତାସ୍ତେ ସପୁଣ୍ୟୀକୃତାଃ, ଯେ ଚ ତେନ ସପୁଣ୍ୟୀକୃତାସ୍ତେ ୱିଭୱଯୁକ୍ତାଃ|
2d081f00d2	ଇତ୍ୟତ୍ର ୱଯଂ କିଂ ବ୍ରୂମଃ? ଈଶ୍ୱରୋ ଯଦ୍ୟସ୍ମାକଂ ସପକ୍ଷୋ ଭୱତି ତର୍ହି କୋ ୱିପକ୍ଷୋଽସ୍ମାକଂ?
2d08200136	ଆତ୍ମପୁତ୍ରଂ ନ ରକ୍ଷିତ୍ୱା ଯୋଽସ୍ମାକଂ ସର୍ୱ୍ୱେଷାଂ କୃତେ ତଂ ପ୍ରଦତ୍ତୱାନ୍ ସ କିଂ ତେନ ସହାସ୍ମଭ୍ୟମ୍ ଅନ୍ୟାନି ସର୍ୱ୍ୱାଣି ନ ଦାସ୍ୟତି?
2d082100d8	ଈଶ୍ୱରସ୍ୟାଭିରୁଚିତେଷୁ କେନ ଦୋଷ ଆରୋପଯିଷ୍ୟତେ? ଯ ଈଶ୍ୱରସ୍ତାନ୍ ପୁଣ୍ୟୱତ ଇୱ ଗଣଯତି କିଂ ତେନ?
2d08220263	ଅପରଂ ତେଭ୍ୟୋ ଦଣ୍ଡଦାନାଜ୍ଞା ୱା କେନ କରିଷ୍ୟତେ? ଯୋଽସ୍ମନ୍ନିମିତ୍ତଂ ପ୍ରାଣାନ୍ ତ୍ୟକ୍ତୱାନ୍ କେୱଲଂ ତନ୍ନ କିନ୍ତୁ ମୃତଗଣମଧ୍ୟାଦ୍ ଉତ୍ଥିତୱାନ୍, ଅପି ଚେଶ୍ୱରସ୍ୟ ଦକ୍ଷିଣେ ପାର୍ଶ୍ୱେ ତିଷ୍ଠନ୍ ଅଦ୍ୟାପ୍ୟସ୍ମାକଂ ନିମିତ୍ତଂ ପ୍ରାର୍ଥତ ଏୱମ୍ଭୂତୋ ଯଃ ଖ୍ରୀଷ୍ଟଃ କିଂ ତେନ?
2d082301a9	ଅସ୍ମାଭିଃ ସହ ଖ୍ରୀଷ୍ଟସ୍ୟ ପ୍ରେମୱିଚ୍ଛେଦଂ ଜନଯିତୁଂ କଃ ଶକ୍ନୋତି? କ୍ଲେଶୋ ୱ୍ୟସନଂ ୱା ତାଡନା ୱା ଦୁର୍ଭିକ୍ଷଂ ୱା ୱସ୍ତ୍ରହୀନତ୍ୱଂ ୱା ପ୍ରାଣସଂଶଯୋ ୱା ଖଙ୍ଗୋ ୱା କିମେତାନି ଶକ୍ନୁୱନ୍ତି?
2d08240121	କିନ୍ତୁ ଲିଖିତମ୍ ଆସ୍ତେ, ଯଥା, ୱଯଂ ତୱ ନିମିତ୍ତଂ ସ୍ମୋ ମୃତ୍ୟୁୱକ୍ତ୍ରେଽଖିଲଂ ଦିନଂ| ବଲିର୍ଦେଯୋ ଯଥା ମେଷୋ ୱଯଂ ଗଣ୍ୟାମହେ ତଥା|
2d082500a4	ଅପରଂ ଯୋଽସ୍ମାସୁ ପ୍ରୀଯତେ ତେନୈତାସୁ ୱିପତ୍ସୁ ୱଯଂ ସମ୍ୟଗ୍ ୱିଜଯାମହେ|
2d08260237	ଯତୋଽସ୍ମାକଂ ପ୍ରଭୁନା ଯୀଶୁଖ୍ରୀଷ୍ଟେନେଶ୍ୱରସ୍ୟ ଯତ୍ ପ୍ରେମ ତସ୍ମାଦ୍ ଅସ୍ମାକଂ ୱିଚ୍ଛେଦଂ ଜନଯିତୁଂ ମୃତ୍ୟୁ ର୍ଜୀୱନଂ ୱା ଦିୱ୍ୟଦୂତା ୱା ବଲୱନ୍ତୋ ମୁଖ୍ୟଦୂତା ୱା ୱର୍ତ୍ତମାନୋ ୱା ଭୱିଷ୍ୟନ୍ କାଲୋ ୱା ଉଚ୍ଚପଦଂ ୱା ନୀଚପଦଂ ୱାପରଂ କିମପି ସୃଷ୍ଟୱସ୍ତୁ
2d08270093	ୱୈତେଷାଂ କେନାପି ନ ଶକ୍ୟମିତ୍ୟସ୍ମିନ୍ ଦୃଢୱିଶ୍ୱାସୋ ମମାସ୍ତେ|
2d09010159	ଅହଂ କାଞ୍ଚିଦ୍ କଲ୍ପିତାଂ କଥାଂ ନ କଥଯାମି, ଖ୍ରୀଷ୍ଟସ୍ୟ ସାକ୍ଷାତ୍ ସତ୍ୟମେୱ ବ୍ରୱୀମି ପୱିତ୍ରସ୍ୟାତ୍ମନଃ ସାକ୍ଷାନ୍ ମଦୀଯଂ ମନ ଏତତ୍ ସାକ୍ଷ୍ୟଂ ଦଦାତି|
2d0902005c	ମମାନ୍ତରତିଶଯଦୁଃଖଂ ନିରନ୍ତରଂ ଖେଦଶ୍ଚ
2d090300ef	ତସ୍ମାଦ୍ ଅହଂ ସ୍ୱଜାତୀଯଭ୍ରାତୃଣାଂ ନିମିତ୍ତାତ୍ ସ୍ୱଯଂ ଖ୍ରୀଷ୍ଟାଚ୍ଛାପାକ୍ରାନ୍ତୋ ଭୱିତୁମ୍ ଐଚ୍ଛମ୍|
2d0904018a	ଯତସ୍ତ ଇସ୍ରାଯେଲସ୍ୟ ୱଂଶା ଅପି ଚ ଦତ୍ତକପୁତ୍ରତ୍ୱଂ ତେଜୋ ନିଯମୋ ୱ୍ୟୱସ୍ଥାଦାନଂ ମନ୍ଦିରେ ଭଜନଂ ପ୍ରତିଜ୍ଞାଃ ପିତୃପୁରୁଷଗଣଶ୍ଚୈତେଷୁ ସର୍ୱ୍ୱେଷୁ ତେଷାମ୍ ଅଧିକାରୋଽସ୍ତି|
2d0905013d	ତତ୍ କେୱଲଂ ନହି କିନ୍ତୁ ସର୍ୱ୍ୱାଧ୍ୟକ୍ଷଃ ସର୍ୱ୍ୱଦା ସଚ୍ଚିଦାନନ୍ଦ ଈଶ୍ୱରୋ ଯଃ ଖ୍ରୀଷ୍ଟଃ ସୋଽପି ଶାରୀରିକସମ୍ବନ୍ଧେନ ତେଷାଂ ୱଂଶସମ୍ଭୱଃ|
2d0906012a	ଈଶ୍ୱରସ୍ୟ ୱାକ୍ୟଂ ୱିଫଲଂ ଜାତମ୍ ଇତି ନହି ଯତ୍କାରଣାଦ୍ ଇସ୍ରାଯେଲୋ ୱଂଶେ ଯେ ଜାତାସ୍ତେ ସର୍ୱ୍ୱେ ୱସ୍ତୁତ ଇସ୍ରାଯେଲୀଯା ନ ଭୱନ୍ତି|
2d09070128	ଅପରମ୍ ଇବ୍ରାହୀମୋ ୱଂଶେ ଜାତା ଅପି ସର୍ୱ୍ୱେ ତସ୍ୟୈୱ ସନ୍ତାନା ନ ଭୱନ୍ତି କିନ୍ତୁ ଇସ୍ହାକୋ ନାମ୍ନା ତୱ ୱଂଶୋ ୱିଖ୍ୟାତୋ ଭୱିଷ୍ୟତି|
2d09080174	ଅର୍ଥାତ୍ ଶାରୀରିକସଂସର୍ଗାତ୍ ଜାତାଃ ସନ୍ତାନା ଯାୱନ୍ତସ୍ତାୱନ୍ତ ଏୱେଶ୍ୱରସ୍ୟ ସନ୍ତାନା ନ ଭୱନ୍ତି କିନ୍ତୁ ପ୍ରତିଶ୍ରୱଣାଦ୍ ଯେ ଜାଯନ୍ତେ ତଏୱେଶ୍ୱରୱଂଶୋ ଗଣ୍ୟତେ|
2d09090120	ଯତସ୍ତତ୍ପ୍ରତିଶ୍ରୁତେ ର୍ୱାକ୍ୟମେତତ୍, ଏତାଦୃଶେ ସମଯେ ଽହଂ ପୁନରାଗମିଷ୍ୟାମି ତତ୍ପୂର୍ୱ୍ୱଂ ସାରାଯାଃ ପୁତ୍ର ଏକୋ ଜନିଷ୍ୟତେ|
2d090a0122	ଅପରମପି ୱଦାମି ସ୍ୱମନୋଽଭିଲାଷତ ଈଶ୍ୱରେଣ ଯନ୍ନିରୂପିତଂ ତତ୍ କର୍ମ୍ମତୋ ନହି କିନ୍ତ୍ୱାହ୍ୱଯିତୁ ର୍ଜାତମେତଦ୍ ଯଥା ସିଦ୍ଧ୍ୟତି
2d090b01d4	ତଦର୍ଥଂ ରିବ୍କାନାମିକଯା ଯୋଷିତା ଜନୈକସ୍ମାଦ୍ ଅର୍ଥାଦ୍ ଅସ୍ମାକମ୍ ଇସ୍ହାକଃ ପୂର୍ୱ୍ୱପୁରୁଷାଦ୍ ଗର୍ଭେ ଧୃତେ ତସ୍ୟାଃ ସନ୍ତାନଯୋଃ ପ୍ରସୱାତ୍ ପୂର୍ୱ୍ୱଂ କିଞ୍ଚ ତଯୋଃ ଶୁଭାଶୁଭକର୍ମ୍ମଣଃ କରଣାତ୍ ପୂର୍ୱ୍ୱଂ
2d090c0092	ତାଂ ପ୍ରତୀଦଂ ୱାକ୍ୟମ୍ ଉକ୍ତଂ, ଜ୍ୟେଷ୍ଠଃ କନିଷ୍ଠଂ ସେୱିଷ୍ୟତେ,
2d090d00a9	ଯଥା ଲିଖିତମ୍ ଆସ୍ତେ, ତଥାପ୍ୟେଷାୱି ନ ପ୍ରୀତ୍ୱା ଯାକୂବି ପ୍ରୀତୱାନ୍ ଅହଂ|
2d090e0093	ତର୍ହି ୱଯଂ କିଂ ବ୍ରୂମଃ? ଈଶ୍ୱରଃ କିମ୍ ଅନ୍ୟାଯକାରୀ? ତଥା ନ ଭୱତୁ|
2d090f0119	ଯତଃ ସ ସ୍ୱଯଂ ମୂସାମ୍ ଅୱଦତ୍; ଅହଂ ଯସ୍ମିନ୍ ଅନୁଗ୍ରହଂ ଚିକୀର୍ଷାମି ତମେୱାନୁଗୃହ୍ଲାମି, ଯଞ୍ଚ ଦଯିତୁମ୍ ଇଚ୍ଛାମି ତମେୱ ଦଯେ|
2d091000bc	ଅତଏୱେଚ୍ଛତା ଯତମାନେନ ୱା ମାନୱେନ ତନ୍ନ ସାଧ୍ୟତେ ଦଯାକାରିଣେଶ୍ୱରେଣୈୱ ସାଧ୍ୟତେ|
2d09110142	ଫିରୌଣି ଶାସ୍ତ୍ରେ ଲିଖତି, ଅହଂ ତ୍ୱଦ୍ଦ୍ୱାରା ମତ୍ପରାକ୍ରମଂ ଦର୍ଶଯିତୁଂ ସର୍ୱ୍ୱପୃଥିୱ୍ୟାଂ ନିଜନାମ ପ୍ରକାଶଯିତୁଞ୍ଚ ତ୍ୱାଂ ସ୍ଥାପିତୱାନ୍|
2d091200e7	ଅତଃ ସ ଯମ୍ ଅନୁଗ୍ରହୀତୁମ୍ ଇଚ୍ଛତି ତମେୱାନୁଗୃହ୍ଲାତି, ଯଞ୍ଚ ନିଗ୍ରହୀତୁମ୍ ଇଚ୍ଛତି ତଂ ନିଗୃହ୍ଲାତି|
2d09130104	ଯଦି ୱଦସି ତର୍ହି ସ ଦୋଷଂ କୁତୋ ଗୃହ୍ଲାତି? ତଦୀଯେଚ୍ଛାଯାଃ ପ୍ରତିବନ୍ଧକତ୍ୱଂ କର୍ତ୍ତଂ କସ୍ୟ ସାମର୍ଥ୍ୟଂ ୱିଦ୍ୟତେ?
2d09140126	ହେ ଈଶ୍ୱରସ୍ୟ ପ୍ରତିପକ୍ଷ ମର୍ତ୍ୟ ତ୍ୱଂ କଃ? ଏତାଦୃଶଂ ମାଂ କୁତଃ ସୃଷ୍ଟୱାନ୍? ଇତି କଥାଂ ସୃଷ୍ଟୱସ୍ତୁ ସ୍ରଷ୍ଟ୍ରେ କିଂ କଥଯିଷ୍ୟତି?
2d09150100	ଏକସ୍ମାନ୍ ମୃତ୍ପିଣ୍ଡାଦ୍ ଉତ୍କୃଷ୍ଟାପକୃଷ୍ଟୌ ଦ୍ୱିୱିଧୌ କଲଶୌ କର୍ତ୍ତୁଂ କିଂ କୁଲାଲସ୍ୟ ସାମର୍ଥ୍ୟଂ ନାସ୍ତି?
2d09160163	ଈଶ୍ୱରଃ କୋପଂ ପ୍ରକାଶଯିତୁଂ ନିଜଶକ୍ତିଂ ଜ୍ଞାପଯିତୁଞ୍ଚେଚ୍ଛନ୍ ଯଦି ୱିନାଶସ୍ୟ ଯୋଗ୍ୟାନି କ୍ରୋଧଭାଜନାନି ପ୍ରତି ବହୁକାଲଂ ଦୀର୍ଘସହିଷ୍ଣୁତାମ୍ ଆଶ୍ରଯତି;
2d09170188	ଅପରଞ୍ଚ ୱିଭୱପ୍ରାପ୍ତ୍ୟର୍ଥଂ ପୂର୍ୱ୍ୱଂ ନିଯୁକ୍ତାନ୍ୟନୁଗ୍ରହପାତ୍ରାଣି ପ୍ରତି ନିଜୱିଭୱସ୍ୟ ବାହୁଲ୍ୟଂ ପ୍ରକାଶଯିତୁଂ କେୱଲଯିହୂଦିନାଂ ନହି ଭିନ୍ନଦେଶିନାମପି ମଧ୍ୟାଦ୍
2d0918005c	ଅସ୍ମାନିୱ ତାନ୍ୟାହ୍ୱଯତି ତତ୍ର ତୱ କିଂ?
2d09190149	ହୋଶେଯଗ୍ରନ୍ଥେ ଯଥା ଲିଖିତମ୍ ଆସ୍ତେ, ଯୋ ଲୋକୋ ମମ ନାସୀତ୍ ତଂ ୱଦିଷ୍ୟାମି ମଦୀଯକଂ| ଯା ଜାତି ର୍ମେଽପ୍ରିଯା ଚାସୀତ୍ ତାଂ ୱଦିଷ୍ୟାମ୍ୟହଂ ପ୍ରିଯାଂ|
2d091a00d2	ଯୂଯଂ ମଦୀଯଲୋକା ନ ଯତ୍ରେତି ୱାକ୍ୟମୌଚ୍ୟତ| ଅମରେଶସ୍ୟ ସନ୍ତାନା ଇତି ଖ୍ୟାସ୍ୟନ୍ତି ତତ୍ର ତେ|
2d091b01d3	ଇସ୍ରାଯେଲୀଯଲୋକେଷୁ ଯିଶାଯିଯୋଽପି ୱାଚମେତାଂ ପ୍ରାଚାରଯତ୍, ଇସ୍ରାଯେଲୀଯୱଂଶାନାଂ ଯା ସଂଖ୍ୟା ସା ତୁ ନିଶ୍ଚିତଂ| ସମୁଦ୍ରସିକତାସଂଖ୍ୟାସମାନା ଯଦି ଜାଯତେ| ତଥାପି କେୱଲଂ ଲୋକୈରଲ୍ପୈସ୍ତ୍ରାଣଂ ୱ୍ରଜିଷ୍ୟତେ|
2d091c00de	ଯତୋ ନ୍ୟାଯେନ ସ୍ୱଂ କର୍ମ୍ମ ପରେଶଃ ସାଧଯିଷ୍ୟତି| ଦେଶେ ସଏୱ ସଂକ୍ଷେପାନ୍ନିଜଂ କର୍ମ୍ମ କରିଷ୍ୟତି|
2d091d0188	ଯିଶାଯିଯୋଽପରମପି କଥଯାମାସ, ସୈନ୍ୟାଧ୍ୟକ୍ଷପରେଶେନ ଚେତ୍ କିଞ୍ଚିନ୍ନୋଦଶିଷ୍ୟତ| ତଦା ୱଯଂ ସିଦୋମେୱାଭୱିଷ୍ୟାମ ୱିନିଶ୍ଚିତଂ| ଯଦ୍ୱା ୱଯମ୍ ଅମୋରାଯା ଅଗମିଷ୍ୟାମ ତୁଲ୍ୟତାଂ|
2d091e00f1	ତର୍ହି ୱଯଂ କିଂ ୱକ୍ଷ୍ୟାମଃ? ଇତରଦେଶୀଯା ଲୋକା ଅପି ପୁଣ୍ୟାର୍ଥମ୍ ଅଯତମାନା ୱିଶ୍ୱାସେନ ପୁଣ୍ୟମ୍ ଅଲଭନ୍ତ;
2d091f00bf	କିନ୍ତ୍ୱିସ୍ରାଯେଲ୍ଲୋକା ୱ୍ୟୱସ୍ଥାପାଲନେନ ପୁଣ୍ୟାର୍ଥଂ ଯତମାନାସ୍ତନ୍ ନାଲଭନ୍ତ|
2d0920013c	ତସ୍ୟ କିଂ କାରଣଂ? ତେ ୱିଶ୍ୱାସେନ ନହି କିନ୍ତୁ ୱ୍ୟୱସ୍ଥାଯାଃ କ୍ରିଯଯା ଚେଷ୍ଟିତ୍ୱା ତସ୍ମିନ୍ ସ୍ଖଲନଜନକେ ପାଷାଣେ ପାଦସ୍ଖଲନଂ ପ୍ରାପ୍ତାଃ|
2d0921017c	ଲିଖିତଂ ଯାଦୃଶମ୍ ଆସ୍ତେ, ପଶ୍ୟ ପାଦସ୍ଖଲାର୍ଥଂ ହି ସୀଯୋନି ପ୍ରସ୍ତରନ୍ତଥା| ବାଧାକାରଞ୍ଚ ପାଷାଣଂ ପରିସ୍ଥାପିତୱାନହମ୍| ୱିଶ୍ୱସିଷ୍ୟତି ଯସ୍ତତ୍ର ସ ଜନୋ ନ ତ୍ରପିଷ୍ୟତେ|
2d0a010104	ହେ ଭ୍ରାତର ଇସ୍ରାଯେଲୀଯଲୋକା ଯତ୍ ପରିତ୍ରାଣଂ ପ୍ରାପ୍ନୁୱନ୍ତି ତଦହଂ ମନସାଭିଲଷନ୍ ଈଶ୍ୱରସ୍ୟ ସମୀପେ ପ୍ରାର୍ଥଯେ|
2d0a0200ef	ଯତ ଈଶ୍ୱରେ ତେଷାଂ ଚେଷ୍ଟା ୱିଦ୍ୟତ ଇତ୍ୟତ୍ରାହଂ ସାକ୍ଷ୍ୟସ୍ମି; କିନ୍ତୁ ତେଷାଂ ସା ଚେଷ୍ଟା ସଜ୍ଞାନା ନହି,
2d0a03014d	ଯତସ୍ତ ଈଶ୍ୱରଦତ୍ତଂ ପୁଣ୍ୟମ୍ ଅୱିଜ୍ଞାଯ ସ୍ୱକୃତପୁଣ୍ୟଂ ସ୍ଥାପଯିତୁମ୍ ଚେଷ୍ଟମାନା ଈଶ୍ୱରଦତ୍ତସ୍ୟ ପୁଣ୍ୟସ୍ୟ ନିଘ୍ନତ୍ୱଂ ନ ସ୍ୱୀକୁର୍ୱ୍ୱନ୍ତି|
2d0a0400b5	ଖ୍ରୀଷ୍ଟ ଏକୈକୱିଶ୍ୱାସିଜନାଯ ପୁଣ୍ୟଂ ଦାତୁଂ ୱ୍ୟୱସ୍ଥାଯାଃ ଫଲସ୍ୱରୂପୋ ଭୱତି|
2d0a0500ff	ୱ୍ୟୱସ୍ଥାପାଲନେନ ଯତ୍ ପୁଣ୍ୟଂ ତତ୍ ମୂସା ୱର୍ଣଯାମାସ, ଯଥା, ଯୋ ଜନସ୍ତାଂ ପାଲଯିଷ୍ୟତି ସ ତଦ୍ଦ୍ୱାରା ଜୀୱିଷ୍ୟତି|
2d0a060101	କିନ୍ତୁ ପ୍ରତ୍ୟଯେନ ଯତ୍ ପୁଣ୍ୟଂ ତଦ୍ ଏତାଦୃଶଂ ୱାକ୍ୟଂ ୱଦତି, କଃ ସ୍ୱର୍ଗମ୍ ଆରୁହ୍ୟ ଖ୍ରୀଷ୍ଟମ୍ ଅୱରୋହଯିଷ୍ୟତି?
2d0a0700e7	କୋ ୱା ପ୍ରେତଲୋକମ୍ ଅୱରୁହ୍ୟ ଖ୍ରୀଷ୍ଟଂ ମୃତଗଣମଧ୍ୟାଦ୍ ଆନେଷ୍ୟତୀତି ୱାକ୍ ମନସି ତ୍ୱଯା ନ ଗଦିତୱ୍ୟା|
2d0a08015b	ତର୍ହି କିଂ ବ୍ରୱୀତି? ତଦ୍ ୱାକ୍ୟଂ ତୱ ସମୀପସ୍ଥମ୍ ଅର୍ଥାତ୍ ତୱ ୱଦନେ ମନସି ଚାସ୍ତେ, ତଚ୍ଚ ୱାକ୍ୟମ୍ ଅସ୍ମାଭିଃ ପ୍ରଚାର୍ୟ୍ୟମାଣଂ ୱିଶ୍ୱାସସ୍ୟ ୱାକ୍ୟମେୱ|
2d0a090160	ୱସ୍ତୁତଃ ପ୍ରଭୁଂ ଯୀଶୁଂ ଯଦି ୱଦନେନ ସ୍ୱୀକରୋଷି, ତଥେଶ୍ୱରସ୍ତଂ ଶ୍ମଶାନାଦ୍ ଉଦସ୍ଥାପଯଦ୍ ଇତି ଯଦ୍ୟନ୍ତଃକରଣେନ ୱିଶ୍ୱସିଷି ତର୍ହି ପରିତ୍ରାଣଂ ଲପ୍ସ୍ୟସେ|
2d0a0a00fd	ଯସ୍ମାତ୍ ପୁଣ୍ୟପ୍ରାପ୍ତ୍ୟର୍ଥମ୍ ଅନ୍ତଃକରଣେନ ୱିଶ୍ୱସିତୱ୍ୟଂ ପରିତ୍ରାଣାର୍ଥଞ୍ଚ ୱଦନେନ ସ୍ୱୀକର୍ତ୍ତୱ୍ୟଂ|
2d0a0b00a8	ଶାସ୍ତ୍ରେ ଯାଦୃଶଂ ଲିଖତି ୱିଶ୍ୱସିଷ୍ୟତି ଯସ୍ତତ୍ର ସ ଜନୋ ନ ତ୍ରପିଷ୍ୟତେ|
2d0a0c015f	ଇତ୍ୟତ୍ର ଯିହୂଦିନି ତଦନ୍ୟଲୋକେ ଚ କୋପି ୱିଶେଷୋ ନାସ୍ତି ଯସ୍ମାଦ୍ ଯଃ ସର୍ୱ୍ୱେଷାମ୍ ଅଦ୍ୱିତୀଯଃ ପ୍ରଭୁଃ ସ ନିଜଯାଚକାନ ସର୍ୱ୍ୱାନ୍ ପ୍ରତି ୱଦାନ୍ୟୋ ଭୱତି|
2d0a0d00e4	ଯତଃ, ଯଃ କଶ୍ଚିତ୍ ପରମେଶସ୍ୟ ନାମ୍ନା ହି ପ୍ରାର୍ଥଯିଷ୍ୟତେ| ସ ଏୱ ମନୁଜୋ ନୂନଂ ପରିତ୍ରାତୋ ଭୱିଷ୍ୟତି|
2d0a0e01df	ଯଂ ଯେ ଜନା ନ ପ୍ରତ୍ୟାଯନ୍ ତେ ତମୁଦ୍ଦିଶ୍ୟ କଥଂ ପ୍ରାର୍ଥଯିଷ୍ୟନ୍ତେ? ଯେ ୱା ଯସ୍ୟାଖ୍ୟାନଂ କଦାପି ନ ଶ୍ରୁତୱନ୍ତସ୍ତେ ତଂ କଥଂ ପ୍ରତ୍ୟେଷ୍ୟନ୍ତି? ଅପରଂ ଯଦି ପ୍ରଚାରଯିତାରୋ ନ ତିଷ୍ଠନ୍ତି ତଦା କଥଂ ତେ ଶ୍ରୋଷ୍ୟନ୍ତି?
2d0a0f0212	ଯଦି ୱା ପ୍ରେରିତା ନ ଭୱନ୍ତି ତଦା କଥଂ ପ୍ରଚାରଯିଷ୍ୟନ୍ତି? ଯାଦୃଶଂ ଲିଖିତମ୍ ଆସ୍ତେ, ଯଥା, ମାଙ୍ଗଲିକଂ ସୁସଂୱାଦଂ ଦଦତ୍ୟାନୀଯ ଯେ ନରାଃ| ପ୍ରଚାରଯନ୍ତି ଶାନ୍ତେଶ୍ଚ ସୁସଂୱାଦଂ ଜନାସ୍ତୁ ଯେ| ତେଷାଂ ଚରଣପଦ୍ମାନି କୀଦୃକ୍ ଶୋଭାନ୍ୱିତାନି ହି|
2d0a10012a	କିନ୍ତୁ ତେ ସର୍ୱ୍ୱେ ତଂ ସୁସଂୱାଦଂ ନ ଗୃହୀତୱନ୍ତଃ| ଯିଶାଯିଯୋ ଯଥା ଲିଖିତୱାନ୍| ଅସ୍ମତ୍ପ୍ରଚାରିତେ ୱାକ୍ୟେ ୱିଶ୍ୱାସମକରୋଦ୍ଧି କଃ|
2d0a11009c	ଅତଏୱ ଶ୍ରୱଣାଦ୍ ୱିଶ୍ୱାସ ଐଶ୍ୱରୱାକ୍ୟପ୍ରଚାରାତ୍ ଶ୍ରୱଣଞ୍ଚ ଭୱତି|
2d0a120125	ତର୍ହ୍ୟହଂ ବ୍ରୱୀମି ତୈଃ କିଂ ନାଶ୍ରାୱି? ଅୱଶ୍ୟମ୍ ଅଶ୍ରାୱି, ଯସ୍ମାତ୍ ତେଷାଂ ଶବ୍ଦୋ ମହୀଂ ୱ୍ୟାପ୍ନୋଦ୍ ୱାକ୍ୟଞ୍ଚ ନିଖିଲଂ ଜଗତ୍|
2d0a1301e3	ଅପରମପି ୱଦାମି, ଇସ୍ରାଯେଲୀଯଲୋକାଃ କିମ୍ ଏତାଂ କଥାଂ ନ ବୁଧ୍ୟନ୍ତେ? ପ୍ରଥମତୋ ମୂସା ଇଦଂ ୱାକ୍ୟଂ ପ୍ରୋୱାଚ, ଅହମୁତ୍ତାପଯିଷ୍ୟେ ତାନ୍ ଅଗଣ୍ୟମାନୱୈରପି| କ୍ଲେକ୍ଷ୍ୟାମି ଜାତିମ୍ ଏତାଞ୍ଚ ପ୍ରୋନ୍ମତ୍ତଭିନ୍ନଜାତିଭିଃ|
2d0a140177	ଅପରଞ୍ଚ ଯିଶାଯିଯୋଽତିଶଯାକ୍ଷୋଭେଣ କଥଯାମାସ, ଯଥା, ଅଧି ମାଂ ଯୈସ୍ତୁ ନାଚେଷ୍ଟି ସମ୍ପ୍ରାପ୍ତସ୍ତୈ ର୍ଜନୈରହଂ| ଅଧି ମାଂ ଯୈ ର୍ନ ସମ୍ପୃଷ୍ଟଂ ୱିଜ୍ଞାତସ୍ତୈ ର୍ଜନୈରହଂ||
2d0a15017e	କିନ୍ତ୍ୱିସ୍ରାଯେଲୀଯଲୋକାନ୍ ଅଧି କଥଯାଞ୍ଚକାର, ଯୈରାଜ୍ଞାଲଙ୍ଘିଭି ର୍ଲୋକୈ ର୍ୱିରୁଦ୍ଧଂ ୱାକ୍ୟମୁଚ୍ୟତେ| ତାନ୍ ପ୍ରତ୍ୟେୱ ଦିନଂ କୃତ୍ସ୍ନଂ ହସ୍ତୌ ୱିସ୍ତାରଯାମ୍ୟହଂ||
2d0b010168	ଈଶ୍ୱରେଣ ସ୍ୱୀକୀଯଲୋକା ଅପସାରିତା ଅହଂ କିମ୍ ଈଦୃଶଂ ୱାକ୍ୟଂ ବ୍ରୱୀମି? ତନ୍ନ ଭୱତୁ ଯତୋଽହମପି ବିନ୍ୟାମୀନଗୋତ୍ରୀଯ ଇବ୍ରାହୀମୱଂଶୀଯ ଇସ୍ରାଯେଲୀଯଲୋକୋଽସ୍ମି|
2d0b020160	ଈଶ୍ୱରେଣ ପୂର୍ୱ୍ୱଂ ଯେ ପ୍ରଦୃଷ୍ଟାସ୍ତେ ସ୍ୱକୀଯଲୋକା ଅପସାରିତା ଇତି ନହି| ଅପରମ୍ ଏଲିଯୋପାଖ୍ୟାନେ ଶାସ୍ତ୍ରେ ଯଲ୍ଲିଖିତମ୍ ଆସ୍ତେ ତଦ୍ ଯୂଯଂ କିଂ ନ ଜାନୀଥ?
2d0b03024f	ହେ ପରମେଶ୍ୱର ଲୋକାସ୍ତ୍ୱଦୀଯାଃ ସର୍ୱ୍ୱା ଯଜ୍ଞୱେଦୀରଭଞ୍ଜନ୍ ତଥା ତୱ ଭୱିଷ୍ୟଦ୍ୱାଦିନଃ ସର୍ୱ୍ୱାନ୍ ଅଘ୍ନନ୍ କେୱଲ ଏକୋଽହମ୍ ଅୱଶିଷ୍ଟ ଆସେ ତେ ମମାପି ପ୍ରାଣାନ୍ ନାଶଯିତୁଂ ଚେଷ୍ଟନତେ, ଏତାଂ କଥାମ୍ ଇସ୍ରାଯେଲୀଯଲୋକାନାଂ ୱିରୁଦ୍ଧମ୍ ଏଲିଯ ଈଶ୍ୱରାଯ ନିୱେଦଯାମାସ|
2d0b040156	ତତସ୍ତଂ ପ୍ରତୀଶ୍ୱରସ୍ୟୋତ୍ତରଂ କିଂ ଜାତଂ? ବାଲ୍ନାମ୍ନୋ ଦେୱସ୍ୟ ସାକ୍ଷାତ୍ ଯୈ ର୍ଜାନୂନି ନ ପାତିତାନି ତାଦୃଶାଃ ସପ୍ତ ସହସ୍ରାଣି ଲୋକା ଅୱଶେଷିତା ମଯା|
2d0b0500fb	ତଦ୍ୱଦ୍ ଏତସ୍ମିନ୍ ୱର୍ତ୍ତମାନକାଲେଽପି ଅନୁଗ୍ରହେଣାଭିରୁଚିତାସ୍ତେଷାମ୍ ଅୱଶିଷ୍ଟାଃ କତିପଯା ଲୋକାଃ ସନ୍ତି|
2d0b06018b	ଅତଏୱ ତଦ୍ ଯଦ୍ୟନୁଗ୍ରହେଣ ଭୱତି ତର୍ହି କ୍ରିଯଯା ନ ଭୱତି ନୋ ଚେଦ୍ ଅନୁଗ୍ରହୋଽନନୁଗ୍ରହ ଏୱ, ଯଦି ୱା କ୍ରିଯଯା ଭୱତି ତର୍ହ୍ୟନୁଗ୍ରହେଣ ନ ଭୱତି ନୋ ଚେତ୍ କ୍ରିଯା କ୍ରିଯୈୱ ନ ଭୱତି|
2d0b070130	ତର୍ହି କିଂ? ଇସ୍ରାଯେଲୀଯଲୋକା ଯଦ୍ ଅମୃଗଯନ୍ତ ତନ୍ନ ପ୍ରାପୁଃ| କିନ୍ତ୍ୱଭିରୁଚିତଲୋକାସ୍ତତ୍ ପ୍ରାପୁସ୍ତଦନ୍ୟେ ସର୍ୱ୍ୱ ଅନ୍ଧୀଭୂତାଃ|
2d0b080109	ଯଥା ଲିଖିତମ୍ ଆସ୍ତେ, ଘୋରନିଦ୍ରାଲୁତାଭାୱଂ ଦୃଷ୍ଟିହୀନେ ଚ ଲୋଚନେ| କର୍ଣୌ ଶ୍ରୁତିୱିହୀନୌ ଚ ପ୍ରଦଦୌ ତେଭ୍ୟ ଈଶ୍ୱରଃ||
2d0b09013e	ଏତେସ୍ମିନ୍ ଦାଯୂଦପି ଲିଖିତୱାନ୍ ଯଥା, ଅତୋ ଭୁକ୍ତ୍ୟାସନଂ ତେଷାମ୍ ଉନ୍ମାଥୱଦ୍ ଭୱିଷ୍ୟତି| ୱା ୱଂଶଯନ୍ତ୍ରୱଦ୍ ବାଧା ଦଣ୍ଡୱଦ୍ ୱା ଭୱିଷ୍ୟତି||
2d0b0a00ee	ଭୱିଷ୍ୟନ୍ତି ତଥାନ୍ଧାସ୍ତେ ନେତ୍ରୈଃ ପଶ୍ୟନ୍ତି ନୋ ଯଥା| ୱେପଥୁଃ କଟିଦେଶସ୍ୟ ତେଷାଂ ନିତ୍ୟଂ ଭୱିଷ୍ୟତି||
2d0b0b0166	ପତନାର୍ଥଂ ତେ ସ୍ଖଲିତୱନ୍ତ ଇତି ୱାଚଂ କିମହଂ ୱଦାମି? ତନ୍ନ ଭୱତୁ କିନ୍ତୁ ତାନ୍ ଉଦ୍ୟୋଗିନଃ କର୍ତ୍ତୁଂ ତେଷାଂ ପତନାଦ୍ ଇତରଦେଶୀଯଲୋକୈଃ ପରିତ୍ରାଣଂ ପ୍ରାପ୍ତଂ|
2d0b0c0165	ତେଷାଂ ପତନଂ ଯଦି ଜଗତୋ ଲୋକାନାଂ ଲାଭଜନକମ୍ ଅଭୱତ୍ ତେଷାଂ ହ୍ରାସୋଽପି ଯଦି ଭିନ୍ନଦେଶିନାଂ ଲାଭଜନକୋଽଭୱତ୍ ତର୍ହି ତେଷାଂ ୱୃଦ୍ଧିଃ କତି ଲାଭଜନିକା ଭୱିଷ୍ୟତି?
2d0b0d016c	ଅତୋ ହେ ଅନ୍ୟଦେଶିନୋ ଯୁଷ୍ମାନ୍ ସମ୍ବୋଧ୍ୟ କଥଯାମି ନିଜାନାଂ ଜ୍ଞାତିବନ୍ଧୂନାଂ ମନଃସୂଦ୍ୟୋଗଂ ଜନଯନ୍ ତେଷାଂ ମଧ୍ୟେ କିଯତାଂ ଲୋକାନାଂ ଯଥା ପରିତ୍ରାଣଂ ସାଧଯାମି
2d0b0e00d2	ତନ୍ନିମିତ୍ତମ୍ ଅନ୍ୟଦେଶିନାଂ ନିକଟେ ପ୍ରେରିତଃ ସନ୍ ଅହଂ ସ୍ୱପଦସ୍ୟ ମହିମାନଂ ପ୍ରକାଶଯାମି|
2d0b0f0146	ତେଷାଂ ନିଗ୍ରହେଣ ଯଦୀଶ୍ୱରେଣ ସହ ଜଗତୋ ଜନାନାଂ ମେଲନଂ ଜାତଂ ତର୍ହି ତେଷାମ୍ ଅନୁଗୃହୀତତ୍ୱଂ ମୃତଦେହେ ଯଥା ଜୀୱନଲାଭସ୍ତଦ୍ୱତ୍ କିଂ ନ ଭୱିଷ୍ୟତି?
2d0b10015d	ଅପରଂ ପ୍ରଥମଜାତଂ ଫଲଂ ଯଦି ପୱିତ୍ରଂ ଭୱତି ତର୍ହି ସର୍ୱ୍ୱମେୱ ଫଲଂ ପୱିତ୍ରଂ ଭୱିଷ୍ୟତି; ତଥା ମୂଲଂ ଯଦି ପୱିତ୍ରଂ ଭୱତି ତର୍ହି ଶାଖା ଅପି ତଥୈୱ ଭୱିଷ୍ୟନ୍ତି|
2d0b110151	କିଯତୀନାଂ ଶାଖାନାଂ ଛେଦନେ କୃତେ ତ୍ୱଂ ୱନ୍ୟଜିତୱୃକ୍ଷସ୍ୟ ଶାଖା ଭୂତ୍ୱା ଯଦି ତଚ୍ଛାଖାନାଂ ସ୍ଥାନେ ରୋପିତା ସତି ଜିତୱୃକ୍ଷୀଯମୂଲସ୍ୟ ରସଂ ଭୁଂକ୍ଷେ,
2d0b12014b	ତର୍ହି ତାସାଂ ଭିନ୍ନଶାଖାନାଂ ୱିରୁଦ୍ଧଂ ମାଂ ଗର୍ୱ୍ୱୀଃ; ଯଦି ଗର୍ୱ୍ୱସି ତର୍ହି ତ୍ୱଂ ମୂଲଂ ଯନ୍ନ ଧାରଯସି କିନ୍ତୁ ମୂଲଂ ତ୍ୱାଂ ଧାରଯତୀତି ସଂସ୍ମର|
2d0b13008a	ଅପରଞ୍ଚ ଯଦି ୱଦସି ମାଂ ରୋପଯିତୁଂ ତାଃ ଶାଖା ୱିଭନ୍ନା ଅଭୱନ୍;
2d0b140140	ଭଦ୍ରମ୍, ଅପ୍ରତ୍ୟଯକାରଣାତ୍ ତେ ୱିଭିନ୍ନା ଜାତାସ୍ତଥା ୱିଶ୍ୱାସକାରଣାତ୍ ତ୍ୱଂ ରୋପିତୋ ଜାତସ୍ତସ୍ମାଦ୍ ଅହଙ୍କାରମ୍ ଅକୃତ୍ୱା ସସାଧ୍ୱସୋ ଭୱ|
2d0b1500d7	ଯତ ଈଶ୍ୱରୋ ଯଦି ସ୍ୱାଭାୱିକୀଃ ଶାଖା ନ ରକ୍ଷତି ତର୍ହି ସାୱଧାନୋ ଭୱ ଚେତ୍ ତ୍ୱାମପି ନ ସ୍ଥାପଯତି|
2d0b160249	ଇତ୍ୟତ୍ରେଶ୍ୱରସ୍ୟ ଯାଦୃଶୀ କୃପା ତାଦୃଶଂ ଭଯାନକତ୍ୱମପି ତ୍ୱଯା ଦୃଶ୍ୟତାଂ; ଯେ ପତିତାସ୍ତାନ୍ ପ୍ରତି ତସ୍ୟ ଭଯାନକତ୍ୱଂ ଦୃଶ୍ୟତାଂ, ତ୍ୱଞ୍ଚ ଯଦି ତତ୍କୃପାଶ୍ରିତସ୍ତିଷ୍ଠସି ତର୍ହି ତ୍ୱାଂ ପ୍ରତି କୃପା ଦ୍ରକ୍ଷ୍ୟତେ; ନୋ ଚେତ୍ ତ୍ୱମପି ତଦ୍ୱତ୍ ଛିନ୍ନୋ ଭୱିଷ୍ୟସି|
2d0b170134	ଅପରଞ୍ଚ ତେ ଯଦ୍ୟପ୍ରତ୍ୟଯେ ନ ତିଷ୍ଠନ୍ତି ତର୍ହି ପୁନରପି ରୋପଯିଷ୍ୟନ୍ତେ ଯସ୍ମାତ୍ ତାନ୍ ପୁନରପି ରୋପଯିତୁମ୍ ଇଶ୍ୱରସ୍ୟ ଶକ୍ତିରାସ୍ତେ|
2d0b1801cc	ୱନ୍ୟଜିତୱୃକ୍ଷସ୍ୟ ଶାଖା ସନ୍ ତ୍ୱଂ ଯଦି ତତଶ୍ଛିନ୍ନୋ ରୀତିୱ୍ୟତ୍ୟଯେନୋତ୍ତମଜିତୱୃକ୍ଷେ ରୋପିତୋଽଭୱସ୍ତର୍ହି ତସ୍ୟ ୱୃକ୍ଷସ୍ୟ ସ୍ୱୀଯା ଯାଃ ଶାଖାସ୍ତାଃ କିଂ ପୁନଃ ସ୍ୱୱୃକ୍ଷେ ସଂଲଗିତୁଂ ନ ଶକ୍ନୁୱନ୍ତି?
2d0b19028c	ହେ ଭ୍ରାତରୋ ଯୁଷ୍ମାକମ୍ ଆତ୍ମାଭିମାନୋ ଯନ୍ନ ଜାଯତେ ତଦର୍ଥଂ ମମେଦୃଶୀ ୱାଞ୍ଛା ଭୱତି ଯୂଯଂ ଏତନ୍ନିଗୂଢତତ୍ତ୍ୱମ୍ ଅଜାନନ୍ତୋ ଯନ୍ନ ତିଷ୍ଠଥ; ୱସ୍ତୁତୋ ଯାୱତ୍କାଲଂ ସମ୍ପୂର୍ଣରୂପେଣ ଭିନ୍ନଦେଶିନାଂ ସଂଗ୍ରହୋ ନ ଭୱିଷ୍ୟତି ତାୱତ୍କାଲମ୍ ଅଂଶତ୍ୱେନ ଇସ୍ରାଯେଲୀଯଲୋକାନାମ୍ ଅନ୍ଧତା ସ୍ଥାସ୍ୟତି;
2d0b1a0178	ପଶ୍ଚାତ୍ ତେ ସର୍ୱ୍ୱେ ପରିତ୍ରାସ୍ୟନ୍ତେ; ଏତାଦୃଶଂ ଲିଖିତମପ୍ୟାସ୍ତେ, ଆଗମିଷ୍ୟତି ସୀଯୋନାଦ୍ ଏକୋ ଯସ୍ତ୍ରାଣଦାଯକଃ| ଅଧର୍ମ୍ମଂ ଯାକୁବୋ ୱଂଶାତ୍ ସ ତୁ ଦୂରୀକରିଷ୍ୟତି|
2d0b1b00d5	ତଥା ଦୂରୀକରିଷ୍ୟାମି ତେଷାଂ ପାପାନ୍ୟହଂ ଯଦା| ତଦା ତୈରେୱ ସାର୍ଦ୍ଧଂ ମେ ନିଯମୋଽଯଂ ଭୱିଷ୍ୟତି|
2d0b1c0113	ସୁସଂୱାଦାତ୍ ତେ ଯୁଷ୍ମାକଂ ୱିପକ୍ଷା ଅଭୱନ୍ କିନ୍ତ୍ୱଭିରୁଚିତତ୍ୱାତ୍ ତେ ପିତୃଲୋକାନାଂ କୃତେ ପ୍ରିଯପାତ୍ରାଣି ଭୱନ୍ତି|
2d0b1d0085	ଯତ ଈଶ୍ୱରସ୍ୟ ଦାନାଦ୍ ଆହ୍ୱାନାଞ୍ଚ ପଶ୍ଚାତ୍ତାପୋ ନ ଭୱତି|
2d0b1e0152	ଅତଏୱ ପୂର୍ୱ୍ୱମ୍ ଈଶ୍ୱରେଽୱିଶ୍ୱାସିନଃ ସନ୍ତୋଽପି ଯୂଯଂ ଯଦ୍ୱତ୍ ସମ୍ପ୍ରତି ତେଷାମ୍ ଅୱିଶ୍ୱାସକାରଣାଦ୍ ଈଶ୍ୱରସ୍ୟ କୃପାପାତ୍ରାଣି ଜାତାସ୍ତଦ୍ୱଦ୍
2d0b1f00e1	ଇଦାନୀଂ ତେଽୱିଶ୍ୱାସିନଃ ସନ୍ତି କିନ୍ତୁ ଯୁଷ୍ମାଭି ର୍ଲବ୍ଧକୃପାକାରଣାତ୍ ତୈରପି କୃପା ଲପ୍ସ୍ୟତେ|
2d0b2000c8	ଈଶ୍ୱରଃ ସର୍ୱ୍ୱାନ୍ ପ୍ରତି କୃପାଂ ପ୍ରକାଶଯିତୁଂ ସର୍ୱ୍ୱାନ୍ ଅୱିଶ୍ୱାସିତ୍ୱେନ ଗଣଯତି|
2d0b210176	ଅହୋ ଈଶ୍ୱରସ୍ୟ ଜ୍ଞାନବୁଦ୍ଧିରୂପଯୋ ର୍ଧନଯୋଃ କୀଦୃକ୍ ପ୍ରାଚୁର୍ୟ୍ୟଂ| ତସ୍ୟ ରାଜଶାସନସ୍ୟ ତତ୍ତ୍ୱଂ କୀଦୃଗ୍ ଅପ୍ରାପ୍ୟଂ| ତସ୍ୟ ମାର୍ଗାଶ୍ଚ କୀଦୃଗ୍ ଅନୁପଲକ୍ଷ୍ୟାଃ|
2d0b22009f	ପରମେଶ୍ୱରସ୍ୟ ସଙ୍କଲ୍ପଂ କୋ ଜ୍ଞାତୱାନ୍? ତସ୍ୟ ମନ୍ତ୍ରୀ ୱା କୋଽଭୱତ୍?
2d0b230097	କୋ ୱା ତସ୍ୟୋପକାରୀ ଭୃତ୍ୱା ତତ୍କୃତେ ତେନ ପ୍ରତ୍ୟୁପକର୍ତ୍ତୱ୍ୟଃ?
2d0b2400e2	ଯତୋ ୱସ୍ତୁମାତ୍ରମେୱ ତସ୍ମାତ୍ ତେନ ତସ୍ମୈ ଚାଭୱତ୍ ତଦୀଯୋ ମହିମା ସର୍ୱ୍ୱଦା ପ୍ରକାଶିତୋ ଭୱତୁ| ଇତି|
2d0c010183	ହେ ଭ୍ରାତର ଈଶ୍ୱରସ୍ୟ କୃପଯାହଂ ଯୁଷ୍ମାନ୍ ୱିନଯେ ଯୂଯଂ ସ୍ୱଂ ସ୍ୱଂ ଶରୀରଂ ସଜୀୱଂ ପୱିତ୍ରଂ ଗ୍ରାହ୍ୟଂ ବଲିମ୍ ଈଶ୍ୱରମୁଦ୍ଦିଶ୍ୟ ସମୁତ୍ସୃଜତ, ଏଷା ସେୱା ଯୁଷ୍ମାକଂ ଯୋଗ୍ୟା|
2d0c0201b4	ଅପରଂ ଯୂଯଂ ସାଂସାରିକା ଇୱ ମାଚରତ, କିନ୍ତୁ ସ୍ୱଂ ସ୍ୱଂ ସ୍ୱଭାୱଂ ପରାୱର୍ତ୍ୟ ନୂତନାଚାରିଣୋ ଭୱତ, ତତ ଈଶ୍ୱରସ୍ୟ ନିଦେଶଃ କୀଦୃଗ୍ ଉତ୍ତମୋ ଗ୍ରହଣୀଯଃ ସମ୍ପୂର୍ଣଶ୍ଚେତି ଯୁଷ୍ମାଭିରନୁଭାୱିଷ୍ୟତେ|
2d0c030218	କଶ୍ଚିଦପି ଜନୋ ଯୋଗ୍ୟତ୍ୱାଦଧିକଂ ସ୍ୱଂ ନ ମନ୍ୟତାଂ କିନ୍ତୁ ଈଶ୍ୱରୋ ଯସ୍ମୈ ପ୍ରତ୍ୟଯସ୍ୟ ଯତ୍ପରିମାଣମ୍ ଅଦଦାତ୍ ସ ତଦନୁସାରତୋ ଯୋଗ୍ୟରୂପଂ ସ୍ୱଂ ମନୁତାମ୍, ଈଶ୍ୱରାଦ୍ ଅନୁଗ୍ରହଂ ପ୍ରାପ୍ତଃ ସନ୍ ଯୁଷ୍ମାକମ୍ ଏକୈକଂ ଜନମ୍ ଇତ୍ୟାଜ୍ଞାପଯାମି|
2d0c040107	ଯତୋ ଯଦ୍ୱଦସ୍ମାକମ୍ ଏକସ୍ମିନ୍ ଶରୀରେ ବହୂନ୍ୟଙ୍ଗାନି ସନ୍ତି କିନ୍ତୁ ସର୍ୱ୍ୱେଷାମଙ୍ଗାନାଂ କାର୍ୟ୍ୟଂ ସମାନଂ ନହି;
2d0c0500f3	ତଦ୍ୱଦସ୍ମାକଂ ବହୁତ୍ୱେଽପି ସର୍ୱ୍ୱେ ୱଯଂ ଖ୍ରୀଷ୍ଟେ ଏକଶରୀରାଃ ପରସ୍ପରମ୍ ଅଙ୍ଗପ୍ରତ୍ୟଙ୍ଗତ୍ୱେନ ଭୱାମଃ|
2d0c060180	ଅସ୍ମାଦ୍ ଈଶ୍ୱରାନୁଗ୍ରହେଣ ୱିଶେଷଂ ୱିଶେଷଂ ଦାନମ୍ ଅସ୍ମାସୁ ପ୍ରାପ୍ତେଷୁ ସତ୍ସୁ କୋପି ଯଦି ଭୱିଷ୍ୟଦ୍ୱାକ୍ୟଂ ୱଦତି ତର୍ହି ପ୍ରତ୍ୟଯସ୍ୟ ପରିମାଣାନୁସାରତଃ ସ ତଦ୍ ୱଦତୁ;
2d0c07011f	ଯଦ୍ୱା ଯଦି କଶ୍ଚିତ୍ ସେୱନକାରୀ ଭୱତି ତର୍ହି ସ ତତ୍ସେୱନଂ କରୋତୁ; ଅଥୱା ଯଦି କଶ୍ଚିଦ୍ ଅଧ୍ୟାପଯିତା ଭୱତି ତର୍ହି ସୋଽଧ୍ୟାପଯତୁ;
2d0c08014c	ତଥା ଯ ଉପଦେଷ୍ଟା ଭୱତି ସ ଉପଦିଶତୁ ଯଶ୍ଚ ଦାତା ସ ସରଲତଯା ଦଦାତୁ ଯସ୍ତ୍ୱଧିପତିଃ ସ ଯତ୍ନେନାଧିପତିତ୍ୱଂ କରୋତୁ ଯଶ୍ଚ ଦଯାଲୁଃ ସ ହୃଷ୍ଟମନସା ଦଯତାମ୍|
2d0c090109	ଅପରଞ୍ଚ ଯୁଷ୍ମାକଂ ପ୍ରେମ କାପଟ୍ୟୱର୍ଜିତଂ ଭୱତୁ ଯଦ୍ ଅଭଦ୍ରଂ ତଦ୍ ଋତୀଯଧ୍ୱଂ ଯଚ୍ଚ ଭଦ୍ରଂ ତସ୍ମିନ୍ ଅନୁରଜ୍ୟଧ୍ୱମ୍|
2d0c0a00dd	ଅପରଂ ଭ୍ରାତୃତ୍ୱପ୍ରେମ୍ନା ପରସ୍ପରଂ ପ୍ରୀଯଧ୍ୱଂ ସମାଦରାଦ୍ ଏକୋଽପରଜନଂ ଶ୍ରେଷ୍ଠଂ ଜାନୀଧ୍ୱମ୍|
2d0c0b00a8	ତଥା କାର୍ୟ୍ୟେ ନିରାଲସ୍ୟା ମନସି ଚ ସୋଦ୍ୟୋଗାଃ ସନ୍ତଃ ପ୍ରଭୁଂ ସେୱଧ୍ୱମ୍|
2d0c0c00f8	ଅପରଂ ପ୍ରତ୍ୟାଶାଯାମ୍ ଆନନ୍ଦିତା ଦୁଃଖସମଯେ ଚ ଧୈର୍ୟ୍ୟଯୁକ୍ତା ଭୱତ; ପ୍ରାର୍ଥନାଯାଂ ସତତଂ ପ୍ରୱର୍ତ୍ତଧ୍ୱଂ|
2d0c0d00a7	ପୱିତ୍ରାଣାଂ ଦୀନତାଂ ଦୂରୀକୁରୁଧ୍ୱମ୍ ଅତିଥିସେୱାଯାମ୍ ଅନୁରଜ୍ୟଧ୍ୱମ୍|
2d0c0e00bb	ଯେ ଜନା ଯୁଷ୍ମାନ୍ ତାଡଯନ୍ତି ତାନ୍ ଆଶିଷଂ ୱଦତ ଶାପମ୍ ଅଦତ୍ତ୍ୱା ଦଦ୍ଧ୍ୱମାଶିଷମ୍|
2d0c0f00a8	ଯେ ଜନା ଆନନ୍ଦନ୍ତି ତୈଃ ସାର୍ଦ୍ଧମ୍ ଆନନ୍ଦତ ଯେ ଚ ରୁଦନ୍ତି ତୈଃ ସହ ରୁଦିତ|
2d0c100160	ଅପରଞ୍ଚ ଯୁଷ୍ମାକଂ ମନସାଂ ପରସ୍ପରମ୍ ଏକୋଭାୱୋ ଭୱତୁ; ଅପରମ୍ ଉଚ୍ଚପଦମ୍ ଅନାକାଙ୍କ୍ଷ୍ୟ ନୀଚଲୋକୈଃ ସହାପି ମାର୍ଦୱମ୍ ଆଚରତ; ସ୍ୱାନ୍ ଜ୍ଞାନିନୋ ନ ମନ୍ୟଧ୍ୱଂ|
2d0c1100f3	ପରସ୍ମାଦ୍ ଅପକାରଂ ପ୍ରାପ୍ୟାପି ପରଂ ନାପକୁରୁତ| ସର୍ୱ୍ୱେଷାଂ ଦୃଷ୍ଟିତୋ ଯତ୍ କର୍ମ୍ମୋତ୍ତମଂ ତଦେୱ କୁରୁତ|
2d0c1200c7	ଯଦି ଭୱିତୁଂ ଶକ୍ୟତେ ତର୍ହି ଯଥାଶକ୍ତି ସର୍ୱ୍ୱଲୋକୈଃ ସହ ନିର୍ୱ୍ୱିରୋଧେନ କାଲଂ ଯାପଯତ|
2d0c1301d7	ହେ ପ୍ରିଯବନ୍ଧୱଃ, କସ୍ମୈଚିଦ୍ ଅପକାରସ୍ୟ ସମୁଚିତଂ ଦଣ୍ଡଂ ସ୍ୱଯଂ ନ ଦଦ୍ଧ୍ୱଂ, କିନ୍ତ୍ୱୀଶ୍ୱରୀଯକ୍ରୋଧାଯ ସ୍ଥାନଂ ଦତ୍ତ ଯତୋ ଲିଖିତମାସ୍ତେ ପରମେଶ୍ୱରଃ କଥଯତି, ଦାନଂ ଫଲସ୍ୟ ମତ୍କର୍ମ୍ମ ସୂଚିତଂ ପ୍ରଦଦାମ୍ୟହଂ|
2d0c14018b	ଇତିକାରଣାଦ୍ ରିପୁ ର୍ୟଦି କ୍ଷୁଧାର୍ତ୍ତସ୍ତେ ତର୍ହି ତଂ ତ୍ୱଂ ପ୍ରଭୋଜଯ| ତଥା ଯଦି ତୃଷାର୍ତ୍ତଃ ସ୍ୟାତ୍ ତର୍ହି ତଂ ପରିପାଯଯ| ତେନ ତ୍ୱଂ ମସ୍ତକେ ତସ୍ୟ ଜ୍ୱଲଦଗ୍ନିଂ ନିଧାସ୍ୟସି|
2d0c150097	କୁକ୍ରିଯଯା ପରାଜିତା ନ ସନ୍ତ ଉତ୍ତମକ୍ରିଯଯା କୁକ୍ରିଯାଂ ପରାଜଯତ|
2d0d010159	ଯୁଷ୍ମାକମ୍ ଏକୈକଜନଃ ଶାସନପଦସ୍ୟ ନିଘ୍ନୋ ଭୱତୁ ଯତୋ ଯାନି ଶାସନପଦାନି ସନ୍ତି ତାନି ସର୍ୱ୍ୱାଣୀଶ୍ୱରେଣ ସ୍ଥାପିତାନି; ଈଶ୍ୱରଂ ୱିନା ପଦସ୍ଥାପନଂ ନ ଭୱତି|
2d0d02018d	ଇତି ହେତୋଃ ଶାସନପଦସ୍ୟ ଯତ୍ ପ୍ରାତିକୂଲ୍ୟଂ ତଦ୍ ଈଶ୍ୱରୀଯନିରୂପଣସ୍ୟ ପ୍ରାତିକୂଲ୍ୟମେୱ; ଅପରଂ ଯେ ପ୍ରାତିକୂଲ୍ୟମ୍ ଆଚରନ୍ତି ତେ ସ୍ୱେଷାଂ ସମୁଚିତଂ ଦଣ୍ଡଂ ସ୍ୱଯମେୱ ଘଟଯନ୍ତେ|
2d0d03017a	ଶାସ୍ତା ସଦାଚାରିଣାଂ ଭଯପ୍ରଦୋ ନହି ଦୁରାଚାରିଣାମେୱ ଭଯପ୍ରଦୋ ଭୱତି; ତ୍ୱଂ କିଂ ତସ୍ମାନ୍ ନିର୍ଭଯୋ ଭୱିତୁମ୍ ଇଚ୍ଛସି? ତର୍ହି ସତ୍କର୍ମ୍ମାଚର, ତସ୍ମାଦ୍ ଯଶୋ ଲପ୍ସ୍ୟସେ,
2d0d0401d9	ଯତସ୍ତୱ ସଦାଚରଣାଯ ସ ଈଶ୍ୱରସ୍ୟ ଭୃତ୍ୟୋଽସ୍ତି| କିନ୍ତୁ ଯଦି କୁକର୍ମ୍ମାଚରସି ତର୍ହି ତ୍ୱଂ ଶଙ୍କସ୍ୱ ଯତଃ ସ ନିରର୍ଥକଂ ଖଙ୍ଗଂ ନ ଧାରଯତି; କୁକର୍ମ୍ମାଚାରିଣଂ ସମୁଚିତଂ ଦଣ୍ଡଯିତୁମ୍ ସ ଈଶ୍ୱରସ୍ୟ ଦଣ୍ଡଦଭୃତ୍ୟ ଏୱ|
2d0d0500af	ଅତଏୱ କେୱଲଦଣ୍ଡଭଯାନ୍ନହି କିନ୍ତୁ ସଦସଦ୍ବୋଧାଦପି ତସ୍ୟ ୱଶ୍ୟେନ ଭୱିତୱ୍ୟଂ|
2d0d06016b	ଏତସ୍ମାଦ୍ ଯୁଷ୍ମାକଂ ରାଜକରଦାନମପ୍ୟୁଚିତଂ ଯସ୍ମାଦ୍ ଯେ କରଂ ଗୃହ୍ଲନ୍ତି ତ ଈଶ୍ୱରସ୍ୟ କିଙ୍କରା ଭୂତ୍ୱା ସତତମ୍ ଏତସ୍ମିନ୍ କର୍ମ୍ମଣି ନିୱିଷ୍ଟାସ୍ତିଷ୍ଠନ୍ତି|
2d0d0701c2	ଅସ୍ମାତ୍ କରଗ୍ରାହିଣେ କରଂ ଦତ୍ତ, ତଥା ଶୁଲ୍କଗ୍ରାହିଣେ ଶୁଲ୍କଂ ଦତ୍ତ, ଅପରଂ ଯସ୍ମାଦ୍ ଭେତୱ୍ୟଂ ତସ୍ମାଦ୍ ବିଭୀତ, ଯଶ୍ଚ ସମାଦରଣୀଯସ୍ତଂ ସମାଦ୍ରିଯଧ୍ୱମ୍; ଇତ୍ଥଂ ଯସ୍ୟ ଯତ୍ ପ୍ରାପ୍ୟଂ ତତ୍ ତସ୍ମୈ ଦତ୍ତ|
2d0d08011e	ଯୁଷ୍ମାକଂ ପରସ୍ପରଂ ପ୍ରେମ ୱିନା ଽନ୍ୟତ୍ କିମପି ଦେଯମ୍ ଋଣଂ ନ ଭୱତୁ, ଯତୋ ଯଃ ପରସ୍ମିନ୍ ପ୍ରେମ କରୋତି ତେନ ୱ୍ୟୱସ୍ଥା ସିଧ୍ୟତି|
2d0d090255	ୱସ୍ତୁତଃ ପରଦାରାନ୍ ମା ଗଚ୍ଛ, ନରହତ୍ୟାଂ ମା କାର୍ଷୀଃ, ଚୈର୍ୟ୍ୟଂ ମା କାର୍ଷୀଃ, ମିଥ୍ୟାସାକ୍ଷ୍ୟଂ ମା ଦେହି, ଲୋଭଂ ମା କାର୍ଷୀଃ, ଏତାଃ ସର୍ୱ୍ୱା ଆଜ୍ଞା ଏତାଭ୍ୟୋ ଭିନ୍ନା ଯା କାଚିଦ୍ ଆଜ୍ଞାସ୍ତି ସାପି ସ୍ୱସମୀପୱାସିନି ସ୍ୱୱତ୍ ପ୍ରେମ କୁର୍ୱ୍ୱିତ୍ୟନେନ ୱଚନେନ ୱେଦିତା|
2d0d0a00d0	ଯତଃ ପ୍ରେମ ସମୀପୱାସିନୋଽଶୁଭଂ ନ ଜନଯତି ତସ୍ମାତ୍ ପ୍ରେମ୍ନା ସର୍ୱ୍ୱା ୱ୍ୟୱସ୍ଥା ପାଲ୍ୟତେ|
2d0d0b0198	ପ୍ରତ୍ୟଯୀଭୱନକାଲେଽସ୍ମାକଂ ପରିତ୍ରାଣସ୍ୟ ସାମୀପ୍ୟାଦ୍ ଇଦାନୀଂ ତସ୍ୟ ସାମୀପ୍ୟମ୍ ଅୱ୍ୟୱହିତଂ; ଅତଃ ସମଯଂ ୱିୱିଚ୍ୟାସ୍ମାଭିଃ ସାମ୍ପ୍ରତମ୍ ଅୱଶ୍ୟମେୱ ନିଦ୍ରାତୋ ଜାଗର୍ତ୍ତୱ୍ୟଂ|
2d0d0c0139	ବହୁତରା ଯାମିନୀ ଗତା ପ୍ରଭାତଂ ସନ୍ନିଧିଂ ପ୍ରାପ୍ତଂ ତସ୍ମାତ୍ ତାମସୀଯାଃ କ୍ରିଯାଃ ପରିତ୍ୟଜ୍ୟାସ୍ମାଭି ର୍ୱାସରୀଯା ସଜ୍ଜା ପରିଧାତୱ୍ୟା|
2d0d0d014b	ଅତୋ ହେତୋ ର୍ୱଯଂ ଦିୱା ୱିହିତଂ ସଦାଚରଣମ୍ ଆଚରିଷ୍ୟାମଃ| ରଙ୍ଗରସୋ ମତ୍ତତ୍ୱଂ ଲମ୍ପଟତ୍ୱଂ କାମୁକତ୍ୱଂ ୱିୱାଦ ଈର୍ଷ୍ୟା ଚୈତାନି ପରିତ୍ୟକ୍ଷ୍ୟାମଃ|
2d0d0e00e5	ଯୂଯଂ ପ୍ରଭୁଯୀଶୁଖ୍ରୀଷ୍ଟରୂପଂ ପରିଚ୍ଛଦଂ ପରିଧଦ୍ଧ୍ୱଂ ସୁଖାଭିଲାଷପୂରଣାଯ ଶାରୀରିକାଚରଣଂ ମାଚରତ|
2d0e0100cb	ଯୋ ଜନୋଽଦୃଢୱିଶ୍ୱାସସ୍ତଂ ଯୁଷ୍ମାକଂ ସଙ୍ଗିନଂ କୁରୁତ କିନ୍ତୁ ସନ୍ଦେହୱିଚାରାର୍ଥଂ ନହି|
2d0e020169	ଯତୋ ନିଷିଦ୍ଧଂ କିମପି ଖାଦ୍ୟଦ୍ରୱ୍ୟଂ ନାସ୍ତି, କସ୍ୟଚିଜ୍ଜନସ୍ୟ ପ୍ରତ୍ୟଯ ଏତାଦୃଶୋ ୱିଦ୍ୟତେ କିନ୍ତ୍ୱଦୃଢୱିଶ୍ୱାସଃ କଶ୍ଚିଦପରୋ ଜନଃ କେୱଲଂ ଶାକଂ ଭୁଙ୍କ୍ତଂ|
2d0e0301cf	ତର୍ହି ଯୋ ଜନଃ ସାଧାରଣଂ ଦ୍ରୱ୍ୟଂ ଭୁଙ୍କ୍ତେ ସ ୱିଶେଷଦ୍ରୱ୍ୟଭୋକ୍ତାରଂ ନାୱଜାନୀଯାତ୍ ତଥା ୱିଶେଷଦ୍ରୱ୍ୟଭୋକ୍ତାପି ସାଧାରଣଦ୍ରୱ୍ୟଭୋକ୍ତାରଂ ଦୋଷିଣଂ ନ କୁର୍ୟ୍ୟାତ୍, ଯସ୍ମାଦ୍ ଈଶ୍ୱରସ୍ତମ୍ ଅଗୃହ୍ଲାତ୍|
2d0e040172	ହେ ପରଦାସସ୍ୟ ଦୂଷଯିତସ୍ତ୍ୱଂ କଃ? ନିଜପ୍ରଭୋଃ ସମୀପେ ତେନ ପଦସ୍ଥେନ ପଦଚ୍ୟୁତେନ ୱା ଭୱିତୱ୍ୟଂ ସ ଚ ପଦସ୍ଥ ଏୱ ଭୱିଷ୍ୟତି ଯତ ଈଶ୍ୱରସ୍ତଂ ପଦସ୍ଥଂ କର୍ତ୍ତୁଂ ଶକ୍ନୋତି|
2d0e050158	ଅପରଞ୍ଚ କଶ୍ଚିଜ୍ଜନୋ ଦିନାଦ୍ ଦିନଂ ୱିଶେଷଂ ମନ୍ୟତେ କଶ୍ଚିତ୍ତୁ ସର୍ୱ୍ୱାଣି ଦିନାନି ସମାନାନି ମନ୍ୟତେ, ଏକୈକୋ ଜନଃ ସ୍ୱୀଯମନସି ୱିୱିଚ୍ୟ ନିଶ୍ଚିନୋତୁ|
2d0e06030f	ଯୋ ଜନଃ କିଞ୍ଚନ ଦିନଂ ୱିଶେଷଂ ମନ୍ୟତେ ସ ପ୍ରଭୁଭକ୍ତ୍ୟା ତନ୍ ମନ୍ୟତେ, ଯଶ୍ଚ ଜନଃ କିମପି ଦିନଂ ୱିଶେଷଂ ନ ମନ୍ୟତେ ସୋଽପି ପ୍ରଭୁଭକ୍ତ୍ୟା ତନ୍ନ ମନ୍ୟତେ; ଅପରଞ୍ଚ ଯଃ ସର୍ୱ୍ୱାଣି ଭକ୍ଷ୍ୟଦ୍ରୱ୍ୟାଣି ଭୁଙ୍କ୍ତେ ସ ପ୍ରଭୁଭକ୍ତଯା ତାନି ଭୁଙ୍କ୍ତେ ଯତଃ ସ ଈଶ୍ୱରଂ ଧନ୍ୟଂ ୱକ୍ତି, ଯଶ୍ଚ ନ ଭୁଙ୍କ୍ତେ ସୋଽପି ପ୍ରଭୁଭକ୍ତ୍ୟୈୱ ନ ଭୁଞ୍ଜାନ ଈଶ୍ୱରଂ ଧନ୍ୟଂ ବ୍ରୂତେ|
2d0e0700d6	ଅପରମ୍ ଅସ୍ମାକଂ କଶ୍ଚିତ୍ ନିଜନିମିତ୍ତଂ ପ୍ରାଣାନ୍ ଧାରଯତି ନିଜନିମିତ୍ତଂ ମ୍ରିଯତେ ୱା ତନ୍ନ;
2d0e0801a4	କିନ୍ତୁ ଯଦି ୱଯଂ ପ୍ରାଣାନ୍ ଧାରଯାମସ୍ତର୍ହି ପ୍ରଭୁନିମିତ୍ତଂ ଧାରଯାମଃ, ଯଦି ଚ ପ୍ରାଣାନ୍ ତ୍ୟଜାମସ୍ତର୍ହ୍ୟପି ପ୍ରଭୁନିମିତ୍ତଂ ତ୍ୟଜାମଃ, ଅତଏୱ ଜୀୱନେ ମରଣେ ୱା ୱଯଂ ପ୍ରଭୋରେୱାସ୍ମହେ|
2d0e09010e	ଯତୋ ଜୀୱନ୍ତୋ ମୃତାଶ୍ଚେତ୍ୟୁଭଯେଷାଂ ଲୋକାନାଂ ପ୍ରଭୁତ୍ୱପ୍ରାପ୍ତ୍ୟର୍ଥଂ ଖ୍ରୀଷ୍ଟୋ ମୃତ ଉତ୍ଥିତଃ ପୁନର୍ଜୀୱିତଶ୍ଚ|
2d0e0a0186	କିନ୍ତୁ ତ୍ୱଂ ନିଜଂ ଭ୍ରାତରଂ କୁତୋ ଦୂଷଯସି? ତଥା ତ୍ୱଂ ନିଜଂ ଭ୍ରାତରଂ କୁତସ୍ତୁଚ୍ଛଂ ଜାନାସି? ଖ୍ରୀଷ୍ଟସ୍ୟ ୱିଚାରସିଂହାସନସ୍ୟ ସମ୍ମୁଖେ ସର୍ୱ୍ୱୈରସ୍ମାଭିରୁପସ୍ଥାତୱ୍ୟଂ;
2d0e0b018c	ଯାଦୃଶଂ ଲିଖିତମ୍ ଆସ୍ତେ, ପରେଶଃ ଶପଥଂ କୁର୍ୱ୍ୱନ୍ ୱାକ୍ୟମେତତ୍ ପୁରାୱଦତ୍| ସର୍ୱ୍ୱୋ ଜନଃ ସମୀପେ ମେ ଜାନୁପାତଂ କରିଷ୍ୟତି| ଜିହ୍ୱୈକୈକା ତଥେଶସ୍ୟ ନିଘ୍ନତ୍ୱଂ ସ୍ୱୀକରିଷ୍ୟତି|
2d0e0c0090	ଅତଏୱ ଈଶ୍ୱରସମୀପେଽସ୍ମାକମ୍ ଏକୈକଜନେନ ନିଜା କଥା କଥଯିତୱ୍ୟା|
2d0e0d0126	ଇତ୍ଥଂ ସତି ୱଯମ୍ ଅଦ୍ୟାରଭ୍ୟ ପରସ୍ପରଂ ନ ଦୂଷଯନ୍ତଃ ସ୍ୱଭ୍ରାତୁ ର୍ୱିଘ୍ନୋ ୱ୍ୟାଘାତୋ ୱା ଯନ୍ନ ଜାଯେତ ତାଦୃଶୀମୀହାଂ କୁର୍ମ୍ମହେ|
2d0e0e01b0	କିମପି ୱସ୍ତୁ ସ୍ୱଭାୱତୋ ନାଶୁଚି ଭୱତୀତ୍ୟହଂ ଜାନେ ତଥା ପ୍ରଭୁନା ଯୀଶୁଖ୍ରୀଷ୍ଟେନାପି ନିଶ୍ଚିତଂ ଜାନେ, କିନ୍ତୁ ଯୋ ଜନୋ ଯଦ୍ ଦ୍ରୱ୍ୟମ୍ ଅପୱିତ୍ରଂ ଜାନୀତେ ତସ୍ୟ କୃତେ ତଦ୍ ଅପୱିତ୍ରମ୍ ଆସ୍ତେ|
2d0e0f01c9	ଅତଏୱ ତୱ ଭକ୍ଷ୍ୟଦ୍ରୱ୍ୟେଣ ତୱ ଭ୍ରାତା ଶୋକାନ୍ୱିତୋ ଭୱତି ତର୍ହି ତ୍ୱଂ ଭ୍ରାତରଂ ପ୍ରତି ପ୍ରେମ୍ନା ନାଚରସି| ଖ୍ରୀଷ୍ଟୋ ଯସ୍ୟ କୃତେ ସ୍ୱପ୍ରାଣାନ୍ ୱ୍ୟଯିତୱାନ୍ ତ୍ୱଂ ନିଜେନ ଭକ୍ଷ୍ୟଦ୍ରୱ୍ୟେଣ ତଂ ନ ନାଶଯ|
2d0e100079	ଅପରଂ ଯୁଷ୍ମାକମ୍ ଉତ୍ତମଂ କର୍ମ୍ମ ନିନ୍ଦିତଂ ନ ଭୱତୁ|
2d0e1100f8	ଭକ୍ଷ୍ୟଂ ପେଯଞ୍ଚେଶ୍ୱରରାଜ୍ୟସ୍ୟ ସାରୋ ନହି, କିନ୍ତୁ ପୁଣ୍ୟଂ ଶାନ୍ତିଶ୍ଚ ପୱିତ୍ରେଣାତ୍ମନା ଜାତ ଆନନ୍ଦଶ୍ଚ|
2d0e1200c2	ଏତୈ ର୍ୟୋ ଜନଃ ଖ୍ରୀଷ୍ଟଂ ସେୱତେ, ସ ଏୱେଶ୍ୱରସ୍ୟ ତୁଷ୍ଟିକରୋ ମନୁଷ୍ୟୈଶ୍ଚ ସୁଖ୍ୟାତଃ|
2d0e1300dc	ଅତଏୱ ଯେନାସ୍ମାକଂ ସର୍ୱ୍ୱେଷାଂ ପରସ୍ପରମ୍ ଐକ୍ୟଂ ନିଷ୍ଠା ଚ ଜାଯତେ ତଦେୱାସ୍ମାଭି ର୍ୟତିତୱ୍ୟଂ|
2d0e14016c	ଭକ୍ଷ୍ୟାର୍ଥମ୍ ଈଶ୍ୱରସ୍ୟ କର୍ମ୍ମଣୋ ହାନିଂ ମା ଜନଯତ; ସର୍ୱ୍ୱଂ ୱସ୍ତୁ ପୱିତ୍ରମିତି ସତ୍ୟଂ ତଥାପି ଯୋ ଜନୋ ଯଦ୍ ଭୁକ୍ତ୍ୱା ୱିଘ୍ନଂ ଲଭତେ ତଦର୍ଥଂ ତଦ୍ ଭଦ୍ରଂ ନହି|
2d0e150156	ତୱ ମାଂସଭକ୍ଷଣସୁରାପାନାଦିଭିଃ କ୍ରିଯାଭି ର୍ୟଦି ତୱ ଭ୍ରାତୁଃ ପାଦସ୍ଖଲନଂ ୱିଘ୍ନୋ ୱା ଚାଞ୍ଚଲ୍ୟଂ ୱା ଜାଯତେ ତର୍ହି ତଦ୍ଭୋଜନପାନଯୋସ୍ତ୍ୟାଗୋ ଭଦ୍ରଃ|
2d0e16011e	ଯଦି ତୱ ପ୍ରତ୍ୟଯସ୍ତିଷ୍ଠତି ତର୍ହୀଶ୍ୱରସ୍ୟ ଗୋଚରେ ସ୍ୱାନ୍ତରେ ତଂ ଗୋପଯ; ଯୋ ଜନଃ ସ୍ୱମତେନ ସ୍ୱଂ ଦୋଷିଣଂ ନ କରୋତି ସ ଏୱ ଧନ୍ୟଃ|
2d0e170162	କିନ୍ତୁ ଯଃ କଶ୍ଚିତ୍ ସଂଶଯ୍ୟ ଭୁଙ୍କ୍ତେଽର୍ଥାତ୍ ନ ପ୍ରତୀତ୍ୟ ଭୁଙ୍କ୍ତେ, ସ ଏୱାୱଶ୍ୟଂ ଦଣ୍ଡାର୍ହୋ ଭୱିଷ୍ୟତି, ଯତୋ ଯତ୍ ପ୍ରତ୍ୟଯଜଂ ନହି ତଦେୱ ପାପମଯଂ ଭୱତି|
2d0f0100e4	ବଲୱଦ୍ଭିରସ୍ମାଭି ର୍ଦୁର୍ବ୍ବଲାନାଂ ଦୌର୍ବ୍ବଲ୍ୟଂ ସୋଢୱ୍ୟଂ ନ ଚ ସ୍ୱେଷାମ୍ ଇଷ୍ଟାଚାର ଆଚରିତୱ୍ୟଃ|
2d0f0200da	ଅସ୍ମାକମ୍ ଏକୈକୋ ଜନଃ ସ୍ୱସମୀପୱାସିନୋ ହିତାର୍ଥଂ ନିଷ୍ଠାର୍ଥଞ୍ଚ ତସ୍ୟୈୱେଷ୍ଟାଚାରମ୍ ଆଚରତୁ|
2d0f030129	ଯତଃ ଖ୍ରୀଷ୍ଟୋଽପି ନିଜେଷ୍ଟାଚାରଂ ନାଚରିତୱାନ୍, ଯଥା ଲିଖିତମ୍ ଆସ୍ତେ, ତ୍ୱନ୍ନିନ୍ଦକଗଣସ୍ୟୈୱ ନିନ୍ଦାଭି ର୍ନିନ୍ଦିତୋଽସ୍ମ୍ୟହଂ|
2d0f04019d	ଅପରଞ୍ଚ ୱଯଂ ଯତ୍ ସହିଷ୍ଣୁତାସାନ୍ତ୍ୱନଯୋ ର୍ଜନକେନ ଶାସ୍ତ୍ରେଣ ପ୍ରତ୍ୟାଶାଂ ଲଭେମହି ତନ୍ନିମିତ୍ତଂ ପୂର୍ୱ୍ୱକାଲେ ଲିଖିତାନି ସର୍ୱ୍ୱୱଚନାନ୍ୟସ୍ମାକମ୍ ଉପଦେଶାର୍ଥମେୱ ଲିଲିଖିରେ|
2d0f050154	ସହିଷ୍ଣୁତାସାନ୍ତ୍ୱନଯୋରାକରୋ ଯ ଈଶ୍ୱରଃ ସ ଏୱଂ କରୋତୁ ଯତ୍ ପ୍ରଭୁ ର୍ୟୀଶୁଖ୍ରୀଷ୍ଟ ଇୱ ଯୁଷ୍ମାକମ୍ ଏକଜନୋଽନ୍ୟଜନେନ ସାର୍ଦ୍ଧଂ ମନସ ଐକ୍ୟମ୍ ଆଚରେତ୍;
2d0f060113	ଯୂଯଞ୍ଚ ସର୍ୱ୍ୱ ଏକଚିତ୍ତା ଭୂତ୍ୱା ମୁଖୈକେନେୱାସ୍ମତ୍ପ୍ରଭୁଯୀଶୁଖ୍ରୀଷ୍ଟସ୍ୟ ପିତୁରୀଶ୍ୱରସ୍ୟ ଗୁଣାନ୍ କୀର୍ତ୍ତଯେତ|
2d0f070144	ଅପରମ୍ ଈଶ୍ୱରସ୍ୟ ମହିମ୍ନଃ ପ୍ରକାଶାର୍ଥଂ ଖ୍ରୀଷ୍ଟୋ ଯଥା ଯୁଷ୍ମାନ୍ ପ୍ରତ୍ୟଗୃହ୍ଲାତ୍ ତଥା ଯୁଷ୍ମାକମପ୍ୟେକୋ ଜନୋଽନ୍ୟଜନଂ ପ୍ରତିଗୃହ୍ଲାତୁ|
2d0f080120	ଯଥା ଲିଖିତମ୍ ଆସ୍ତେ, ଅତୋଽହଂ ସମ୍ମୁଖେ ତିଷ୍ଠନ୍ ଭିନ୍ନଦେଶନିୱାସିନାଂ| ସ୍ତୁୱଂସ୍ତ୍ୱାଂ ପରିଗାସ୍ୟାମି ତୱ ନାମ୍ନି ପରେଶ୍ୱର||
2d0f090283	ତସ୍ୟ ଦଯାଲୁତ୍ୱାଚ୍ଚ ଭିନ୍ନଜାତୀଯା ଯଦ୍ ଈଶ୍ୱରସ୍ୟ ଗୁଣାନ୍ କୀର୍ତ୍ତଯେଯୁସ୍ତଦର୍ଥଂ ଯୀଶୁଃ ଖ୍ରୀଷ୍ଟସ୍ତ୍ୱକ୍ଛେଦନିଯମସ୍ୟ ନିଘ୍ନୋଽଭୱଦ୍ ଇତ୍ୟହଂ ୱଦାମି| ଯଥା ଲିଖିତମ୍ ଆସ୍ତେ, ଅତୋଽହଂ ସମ୍ମୁଖେ ତିଷ୍ଠନ୍ ଭିନ୍ନଦେଶନିୱାସିନାଂ| ସ୍ତୁୱଂସ୍ତ୍ୱାଂ ପରିଗାସ୍ୟାମି ତୱ ନାମ୍ନି ପରେଶ୍ୱର||
2d0f0a009a	ଅପରମପି ଲିଖିତମ୍ ଆସ୍ତେ, ହେ ଅନ୍ୟଜାତଯୋ ଯୂଯଂ ସମଂ ନନ୍ଦତ ତଜ୍ଜନୈଃ|
2d0f0b0113	ପୁନଶ୍ଚ ଲିଖିତମ୍ ଆସ୍ତେ, ହେ ସର୍ୱ୍ୱଦେଶିନୋ ଯୂଯଂ ଧନ୍ୟଂ ବ୍ରୂତ ପରେଶ୍ୱରଂ| ହେ ତଦୀଯନରା ଯୂଯଂ କୁରୁଧ୍ୱଂ ତତ୍ପ୍ରଶଂସନଂ||
2d0f0c018b	ଅପର ଯୀଶାଯିଯୋଽପି ଲିଲେଖ, ଯୀଶଯସ୍ୟ ତୁ ଯତ୍ ମୂଲଂ ତତ୍ ପ୍ରକାଶିଷ୍ୟତେ ତଦା| ସର୍ୱ୍ୱଜାତୀଯନୃଣାଞ୍ଚ ଶାସକଃ ସମୁଦେଷ୍ୟତି| ତତ୍ରାନ୍ୟଦେଶିଲୋକୈଶ୍ଚ ପ୍ରତ୍ୟାଶା ପ୍ରକରିଷ୍ୟତେ||
2d0f0d01bd	ଅତଏୱ ଯୂଯଂ ପୱିତ୍ରସ୍ୟାତ୍ମନଃ ପ୍ରଭାୱାଦ୍ ଯତ୍ ସମ୍ପୂର୍ଣାଂ ପ୍ରତ୍ୟାଶାଂ ଲପ୍ସ୍ୟଧ୍ୱେ ତଦର୍ଥଂ ତତ୍ପ୍ରତ୍ୟାଶାଜନକ ଈଶ୍ୱରଃ ପ୍ରତ୍ୟଯେନ ଯୁଷ୍ମାନ୍ ଶାନ୍ତ୍ୟାନନ୍ଦାଭ୍ୟାଂ ସମ୍ପୂର୍ଣାନ୍ କରୋତୁ|
2d0f0e0131	ହେ ଭ୍ରାତରୋ ଯୂଯଂ ସଦ୍ଭାୱଯୁକ୍ତାଃ ସର୍ୱ୍ୱପ୍ରକାରେଣ ଜ୍ଞାନେନ ଚ ସମ୍ପୂର୍ଣାଃ ପରସ୍ପରୋପଦେଶେ ଚ ତତ୍ପରା ଇତ୍ୟହଂ ନିଶ୍ଚିତଂ ଜାନାମି,
2d0f0f00b6	ତଥାପ୍ୟହଂ ଯତ୍ ପ୍ରଗଲ୍ଭତରୋ ଭୱନ୍ ଯୁଷ୍ମାନ୍ ପ୍ରବୋଧଯାମି ତସ୍ୟୈକଂ କାରଣମିଦଂ|
2d0f100212	ଭିନ୍ନଜାତୀଯାଃ ପୱିତ୍ରେଣାତ୍ମନା ପାୱିତନୈୱେଦ୍ୟରୂପା ଭୂତ୍ୱା ଯଦ୍ ଗ୍ରାହ୍ୟା ଭୱେଯୁସ୍ତନ୍ନିମିତ୍ତମହମ୍ ଈଶ୍ୱରସ୍ୟ ସୁସଂୱାଦଂ ପ୍ରଚାରଯିତୁଂ ଭିନ୍ନଜାତୀଯାନାଂ ମଧ୍ୟେ ଯୀଶୁଖ୍ରୀଷ୍ଟସ୍ୟ ସେୱକତ୍ୱଂ ଦାନଂ ଈଶ୍ୱରାତ୍ ଲବ୍ଧୱାନସ୍ମି|
2d0f11009a	ଈଶ୍ୱରଂ ପ୍ରତି ଯୀଶୁଖ୍ରୀଷ୍ଟେନ ମମ ଶ୍ଲାଘାକରଣସ୍ୟ କାରଣମ୍ ଆସ୍ତେ|
2d0f1201a2	ଭିନ୍ନଦେଶିନ ଆଜ୍ଞାଗ୍ରାହିଣଃ କର୍ତ୍ତୁଂ ଖ୍ରୀଷ୍ଟୋ ୱାକ୍ୟେନ କ୍ରିଯଯା ଚ, ଆଶ୍ଚର୍ୟ୍ୟଲକ୍ଷଣୈଶ୍ଚିତ୍ରକ୍ରିଯାଭିଃ ପୱିତ୍ରସ୍ୟାତ୍ମନଃ ପ୍ରଭାୱେନ ଚ ଯାନି କର୍ମ୍ମାଣି ମଯା ସାଧିତୱାନ୍,
2d0f1301a3	କେୱଲଂ ତାନ୍ୟେୱ ୱିନାନ୍ୟସ୍ୟ କସ୍ୟଚିତ୍ କର୍ମ୍ମଣୋ ୱର୍ଣନାଂ କର୍ତ୍ତୁଂ ପ୍ରଗଲ୍ଭୋ ନ ଭୱାମି| ତସ୍ମାତ୍ ଆ ଯିରୂଶାଲମ ଇଲ୍ଲୂରିକଂ ଯାୱତ୍ ସର୍ୱ୍ୱତ୍ର ଖ୍ରୀଷ୍ଟସ୍ୟ ସୁସଂୱାଦଂ ପ୍ରାଚାରଯଂ|
2d0f140195	ଅନ୍ୟେନ ନିଚିତାଯାଂ ଭିତ୍ତାୱହଂ ଯନ୍ନ ନିଚିନୋମି ତନ୍ନିମିତ୍ତଂ ଯତ୍ର ଯତ୍ର ସ୍ଥାନେ ଖ୍ରୀଷ୍ଟସ୍ୟ ନାମ କଦାପି କେନାପି ନ ଜ୍ଞାପିତଂ ତତ୍ର ତତ୍ର ସୁସଂୱାଦଂ ପ୍ରଚାରଯିତୁମ୍ ଅହଂ ଯତେ|
2d0f15015a	ଯାଦୃଶଂ ଲିଖିତମ୍ ଆସ୍ତେ, ଯୈ ର୍ୱାର୍ତ୍ତା ତସ୍ୟ ନ ପ୍ରାପ୍ତା ଦର୍ଶନଂ ତୈସ୍ତୁ ଲପ୍ସ୍ୟତେ| ଯୈଶ୍ଚ ନୈୱ ଶ୍ରୁତଂ କିଞ୍ଚିତ୍ ବୋଦ୍ଧୁଂ ଶକ୍ଷ୍ୟନ୍ତି ତେ ଜନାଃ||
2d0f16009e	ତସ୍ମାଦ୍ ଯୁଷ୍ମତ୍ସମୀପଗମନାଦ୍ ଅହଂ ମୁହୁର୍ମୁହୁ ର୍ନିୱାରିତୋଽଭୱଂ|
2d0f170172	କିନ୍ତ୍ୱିଦାନୀମ୍ ଅତ୍ର ପ୍ରଦେଶେଷୁ ମଯା ନ ଗତଂ ସ୍ଥାନଂ କିମପି ନାୱଶିଷ୍ୟତେ ଯୁଷ୍ମତ୍ସମୀପଂ ଗନ୍ତୁଂ ବହୁୱତ୍ସରାନାରଭ୍ୟ ମାମକୀନାକାଙ୍କ୍ଷା ଚ ୱିଦ୍ୟତ ଇତି ହେତୋଃ
2d0f1801e4	ସ୍ପାନିଯାଦେଶଗମନକାଲେଽହଂ ଯୁଷ୍ମନ୍ମଧ୍ୟେନ ଗଚ୍ଛନ୍ ଯୁଷ୍ମାନ୍ ଆଲୋକିଷ୍ୟେ, ତତଃ ପରଂ ଯୁଷ୍ମତ୍ସମ୍ଭାଷଣେନ ତୃପ୍ତିଂ ପରିଲଭ୍ୟ ତଦ୍ଦେଶଗମନାର୍ଥଂ ଯୁଷ୍ମାଭି ର୍ୱିସର୍ଜଯିଷ୍ୟେ, ଈଦୃଶୀ ମଦୀଯା ପ୍ରତ୍ୟାଶା ୱିଦ୍ୟତେ|
2d0f1900a8	କିନ୍ତୁ ସାମ୍ପ୍ରତଂ ପୱିତ୍ରଲୋକାନାଂ ସେୱନାଯ ଯିରୂଶାଲମ୍ନଗରଂ ୱ୍ରଜାମି|
2d0f1a014c	ଯତୋ ଯିରୂଶାଲମସ୍ଥପୱିତ୍ରଲୋକାନାଂ ମଧ୍ୟେ ଯେ ଦରିଦ୍ରା ଅର୍ଥୱିଶ୍ରାଣନେନ ତାନୁପକର୍ତ୍ତୁଂ ମାକିଦନିଯାଦେଶୀଯା ଆଖାଯାଦେଶୀଯାଶ୍ଚ ଲୋକା ଐଚ୍ଛନ୍|
2d0f1b016c	ଏଷା ତେଷାଂ ସଦିଚ୍ଛା ଯତସ୍ତେ ତେଷାମ୍ ଋଣିନଃ ସନ୍ତି ଯତୋ ହେତୋ ର୍ଭିନ୍ନଜାତୀଯା ଯେଷାଂ ପରମାର୍ଥସ୍ୟାଂଶିନୋ ଜାତା ଐହିକୱିଷଯେ ତେଷାମୁପକାରସ୍ତୈଃ କର୍ତ୍ତୱ୍ୟଃ|
2d0f1c00ff	ଅତୋ ମଯା ତତ୍ କର୍ମ୍ମ ସାଧଯିତ୍ୱା ତସ୍ମିନ୍ ଫଲେ ତେଭ୍ୟଃ ସମର୍ପିତେ ଯୁଷ୍ମନ୍ମଧ୍ୟେନ ସ୍ପାନିଯାଦେଶୋ ଗମିଷ୍ୟତେ|
2d0f1d0117	ଯୁଷ୍ମତ୍ସମୀପେ ମମାଗମନସମଯେ ଖ୍ରୀଷ୍ଟସ୍ୟ ସୁସଂୱାଦସ୍ୟ ପୂର୍ଣୱରେଣ ସମ୍ବଲିତଃ ସନ୍ ଅହମ୍ ଆଗମିଷ୍ୟାମି ଇତି ମଯା ଜ୍ଞାଯତେ|
2d0f1e00da	ହେ ଭ୍ରାତୃଗଣ ପ୍ରଭୋ ର୍ୟୀଶୁଖ୍ରୀଷ୍ଟସ୍ୟ ନାମ୍ନା ପୱିତ୍ରସ୍ୟାତ୍ମାନଃ ପ୍ରେମ୍ନା ଚ ୱିନଯେଽହଂ
2d0f1f015c	ଯିହୂଦାଦେଶସ୍ଥାନାମ୍ ଅୱିଶ୍ୱାସିଲୋକାନାଂ କରେଭ୍ୟୋ ଯଦହଂ ରକ୍ଷାଂ ଲଭେଯ ମଦୀଯୈତେନ ସେୱନକର୍ମ୍ମଣା ଚ ଯଦ୍ ଯିରୂଶାଲମସ୍ଥାଃ ପୱିତ୍ରଲୋକାସ୍ତୁଷ୍ୟେଯୁଃ,
2d0f20018a	ତଦର୍ଥଂ ଯୂଯଂ ମତ୍କୃତ ଈଶ୍ୱରାଯ ପ୍ରାର୍ଥଯମାଣା ଯତଧ୍ୱଂ ତେନାହମ୍ ଈଶ୍ୱରେଚ୍ଛଯା ସାନନ୍ଦଂ ଯୁଷ୍ମତ୍ସମୀପଂ ଗତ୍ୱା ଯୁଷ୍ମାଭିଃ ସହିତଃ ପ୍ରାଣାନ୍ ଆପ୍ୟାଯିତୁଂ ପାରଯିଷ୍ୟାମି|
2d0f210098	ଶାନ୍ତିଦାଯକ ଈଶ୍ୱରୋ ଯୁଷ୍ମାକଂ ସର୍ୱ୍ୱେଷାଂ ସଙ୍ଗୀ ଭୂଯାତ୍| ଇତି|
2d10010126	କିଂକ୍ରୀଯାନଗରୀଯଧର୍ମ୍ମସମାଜସ୍ୟ ପରିଚାରିକା ଯା ଫୈବୀନାମିକାସ୍ମାକଂ ଧର୍ମ୍ମଭଗିନୀ ତସ୍ୟାଃ କୃତେଽହଂ ଯୁଷ୍ମାନ୍ ନିୱେଦଯାମି,
2d100201af	ଯୂଯଂ ତାଂ ପ୍ରଭୁମାଶ୍ରିତାଂ ୱିଜ୍ଞାଯ ତସ୍ୟା ଆତିଥ୍ୟଂ ପୱିତ୍ରଲୋକାର୍ହଂ କୁରୁଧ୍ୱଂ, ଯୁଷ୍ମତ୍ତସ୍ତସ୍ୟା ଯ ଉପକାରୋ ଭୱିତୁଂ ଶକ୍ନୋତି ତଂ କୁରୁଧ୍ୱଂ, ଯସ୍ମାତ୍ ତଯା ବହୂନାଂ ମମ ଚୋପକାରଃ କୃତଃ|
2d1003017b	ଅପରଞ୍ଚ ଖ୍ରୀଷ୍ଟସ୍ୟ ଯୀଶୋଃ କର୍ମ୍ମଣି ମମ ସହକାରିଣୌ ମମ ପ୍ରାଣରକ୍ଷାର୍ଥଞ୍ଚ ସ୍ୱପ୍ରାଣାନ୍ ପଣୀକୃତୱନ୍ତୌ ଯୌ ପ୍ରିଷ୍କିଲ୍ଲାକ୍କିଲୌ ତୌ ମମ ନମସ୍କାରଂ ଜ୍ଞାପଯଧ୍ୱଂ|
2d100400f2	ତାଭ୍ୟାମ୍ ଉପକାରାପ୍ତିଃ କେୱଲଂ ମଯା ସ୍ୱୀକର୍ତ୍ତୱ୍ୟେତି ନହି ଭିନ୍ନଦେଶୀଯୈଃ ସର୍ୱ୍ୱଧର୍ମ୍ମସମାଜୈରପି|
2d100501e6	ଅପରଞ୍ଚ ତଯୋ ର୍ଗୃହେ ସ୍ଥିତାନ୍ ଧର୍ମ୍ମସମାଜଲୋକାନ୍ ମମ ନମସ୍କାରଂ ଜ୍ଞାପଯଧ୍ୱଂ| ତଦ୍ୱତ୍ ଆଶିଯାଦେଶେ ଖ୍ରୀଷ୍ଟସ୍ୟ ପକ୍ଷେ ପ୍ରଥମଜାତଫଲସ୍ୱରୂପୋ ଯ ଇପେନିତନାମା ମମ ପ୍ରିଯବନ୍ଧୁସ୍ତମପି ମମ ନମସ୍କାରଂ ଜ୍ଞାପଯଧ୍ୱଂ|
2d100600b0	ଅପରଂ ବହୁଶ୍ରମେଣାସ୍ମାନ୍ ଅସେୱତ ଯା ମରିଯମ୍ ତାମପି ନମସ୍କାରଂ ଜ୍ଞାପଯଧ୍ୱଂ|
2d10070158	ଅପରଞ୍ଚ ପ୍ରେରିତେଷୁ ଖ୍ୟାତକୀର୍ତ୍ତୀ ମଦଗ୍ରେ ଖ୍ରୀଷ୍ଟାଶ୍ରିତୌ ମମ ସ୍ୱଜାତୀଯୌ ସହବନ୍ଦିନୌ ଚ ଯାୱାନ୍ଦ୍ରନୀକଯୂନିଯୌ ତୌ ମମ ନମସ୍କାରଂ ଜ୍ଞାପଯଧ୍ୱଂ|
2d100800a0	ତଥା ପ୍ରଭୌ ମତ୍ପ୍ରିଯତମମ୍ ଆମ୍ପ୍ଲିଯମପି ମମ ନମସ୍କାରଂ ଜ୍ଞାପଯଧ୍ୱଂ|
2d100900f2	ଅପରଂ ଖ୍ରୀଷ୍ଟସେୱାଯାଂ ମମ ସହକାରିଣମ୍ ଊର୍ବ୍ବାଣଂ ମମ ପ୍ରିଯତମଂ ସ୍ତାଖୁଞ୍ଚ ମମ ନମସ୍କାରଂ ଜ୍ଞାପଯଧ୍ୱଂ|
2d100a010f	ଅପରଂ ଖ୍ରୀଷ୍ଟେନ ପରୀକ୍ଷିତମ୍ ଆପିଲ୍ଲିଂ ମମ ନମସ୍କାରଂ ୱଦତ, ଆରିଷ୍ଟବୂଲସ୍ୟ ପରିଜନାଂଶ୍ଚ ମମ ନମସ୍କାରଂ ଜ୍ଞାପଯଧ୍ୱଂ|
2d100b0137	ଅପରଂ ମମ ଜ୍ଞାତିଂ ହେରୋଦିଯୋନଂ ମମ ନମସ୍କାରଂ ୱଦତ, ତଥା ନାର୍କିସସ୍ୟ ପରିୱାରାଣାଂ ମଧ୍ୟେ ଯେ ପ୍ରଭୁମାଶ୍ରିତାସ୍ତାନ୍ ମମ ନମସ୍କାରଂ ୱଦତ|
2d100c01a8	ଅପରଂ ପ୍ରଭୋଃ ସେୱାଯାଂ ପରିଶ୍ରମକାରିଣ୍ୟୌ ତ୍ରୁଫେନାତ୍ରୁଫୋଷେ ମମ ନମସ୍କାରଂ ୱଦତ, ତଥା ପ୍ରଭୋଃ ସେୱାଯାମ୍ ଅତ୍ୟନ୍ତଂ ପରିଶ୍ରମକାରିଣୀ ଯା ପ୍ରିଯା ପର୍ଷିସ୍ତାଂ ନମସ୍କାରଂ ଜ୍ଞାପଯଧ୍ୱଂ|
2d100d00bf	ଅପରଂ ପ୍ରଭୋରଭିରୁଚିତଂ ରୂଫଂ ମମ ଧର୍ମ୍ମମାତା ଯା ତସ୍ୟ ମାତା ତାମପି ନମସ୍କାରଂ ୱଦତ|
2d100e0106	ଅପରମ୍ ଅସୁଂକୃତଂ ଫ୍ଲିଗୋନଂ ହର୍ମ୍ମଂ ପାତ୍ରବଂ ହର୍ମ୍ମିମ୍ ଏତେଷାଂ ସଙ୍ଗିଭ୍ରାତୃଗଣଞ୍ଚ ନମସ୍କାରଂ ଜ୍ଞାପଯଧ୍ୱଂ|
2d100f013d	ଅପରଂ ଫିଲଲଗୋ ଯୂଲିଯା ନୀରିଯସ୍ତସ୍ୟ ଭଗିନ୍ୟଲୁମ୍ପା ଚୈତାନ୍ ଏତୈଃ ସାର୍ଦ୍ଧଂ ଯାୱନ୍ତଃ ପୱିତ୍ରଲୋକା ଆସତେ ତାନପି ନମସ୍କାରଂ ଜ୍ଞାପଯଧ୍ୱଂ|
2d101000f3	ଯୂଯଂ ପରସ୍ପରଂ ପୱିତ୍ରଚୁମ୍ବନେନ ନମସ୍କୁରୁଧ୍ୱଂ| ଖ୍ରୀଷ୍ଟସ୍ୟ ଧର୍ମ୍ମସମାଜଗଣୋ ଯୁଷ୍ମାନ୍ ନମସ୍କୁରୁତେ|
2d10110188	ହେ ଭ୍ରାତରୋ ଯୁଷ୍ମାନ୍ ୱିନଯେଽହଂ ଯୁଷ୍ମାଭି ର୍ୟା ଶିକ୍ଷା ଲବ୍ଧା ତାମ୍ ଅତିକ୍ରମ୍ୟ ଯେ ୱିଚ୍ଛେଦାନ୍ ୱିଘ୍ନାଂଶ୍ଚ କୁର୍ୱ୍ୱନ୍ତି ତାନ୍ ନିଶ୍ଚିନୁତ ତେଷାଂ ସଙ୍ଗଂ ୱର୍ଜଯତ ଚ|
2d1012018c	ଯତସ୍ତାଦୃଶା ଲୋକା ଅସ୍ମାକଂ ପ୍ରଭୋ ର୍ୟୀଶୁଖ୍ରୀଷ୍ଟସ୍ୟ ଦାସା ଇତି ନହି କିନ୍ତୁ ସ୍ୱୋଦରସ୍ୟୈୱ ଦାସାଃ; ଅପରଂ ପ୍ରଣଯୱଚନୈ ର୍ମଧୁରୱାକ୍ୟୈଶ୍ଚ ସରଲଲୋକାନାଂ ମନାଂସି ମୋହଯନ୍ତି|
2d101301a6	ଯୁଷ୍ମାକମ୍ ଆଜ୍ଞାଗ୍ରାହିତ୍ୱଂ ସର୍ୱ୍ୱତ୍ର ସର୍ୱ୍ୱୈ ର୍ଜ୍ଞାତଂ ତତୋଽହଂ ଯୁଷ୍ମାସୁ ସାନନ୍ଦୋଽଭୱଂ ତଥାପି ଯୂଯଂ ଯତ୍ ସତ୍ଜ୍ଞାନେନ ଜ୍ଞାନିନଃ କୁଜ୍ଞାନେ ଚାତତ୍ପରା ଭୱେତେତି ମମାଭିଲାଷଃ|
2d1014017d	ଅଧିକନ୍ତୁ ଶାନ୍ତିଦାଯକ ଈଶ୍ୱରଃ ଶୈତାନମ୍ ଅୱିଲମ୍ବଂ ଯୁଷ୍ମାକଂ ପଦାନାମ୍ ଅଧୋ ମର୍ଦ୍ଦିଷ୍ୟତି| ଅସ୍ମାକଂ ପ୍ରଭୁ ର୍ୟୀଶୁଖ୍ରୀଷ୍ଟୋ ଯୁଷ୍ମାସୁ ପ୍ରସାଦଂ କ୍ରିଯାତ୍| ଇତି|
2d101500e8	ମମ ସହକାରୀ ତୀମଥିଯୋ ମମ ଜ୍ଞାତଯୋ ଲୂକିଯୋ ଯାସୋନ୍ ସୋସିପାତ୍ରଶ୍ଚେମେ ଯୁଷ୍ମାନ୍ ନମସ୍କୁର୍ୱ୍ୱନ୍ତେ|
2d101600c9	ଅପରମ୍ ଏତତ୍ପତ୍ରଲେଖକସ୍ତର୍ତ୍ତିଯନାମାହମପି ପ୍ରଭୋ ର୍ନାମ୍ନା ଯୁଷ୍ମାନ୍ ନମସ୍କରୋମି|
2d101701a3	ତଥା କୃତ୍ସ୍ନଧର୍ମ୍ମସମାଜସ୍ୟ ମମ ଚାତିଥ୍ୟକାରୀ ଗାଯୋ ଯୁଷ୍ମାନ୍ ନମସ୍କରୋତି| ଅପରମ୍ ଏତନ୍ନଗରସ୍ୟ ଧନରକ୍ଷକ ଇରାସ୍ତଃ କ୍କାର୍ତ୍ତନାମକଶ୍ଚୈକୋ ଭ୍ରାତା ତାୱପି ଯୁଷ୍ମାନ୍ ନମସ୍କୁରୁତଃ|
2d101800c0	ଅସ୍ମାକଂ ପ୍ରଭୁ ର୍ୟୀଶୁଖ୍ରୀଷ୍ଟା ଯୁଷ୍ମାସୁ ସର୍ୱ୍ୱେଷୁ ପ୍ରସାଦଂ କ୍ରିଯାତ୍| ଇତି|
2d101901f0	ପୂର୍ୱ୍ୱକାଲିକଯୁଗେଷୁ ପ୍ରଚ୍ଛନ୍ନା ଯା ମନ୍ତ୍ରଣାଧୁନା ପ୍ରକାଶିତା ଭୂତ୍ୱା ଭୱିଷ୍ୟଦ୍ୱାଦିଲିଖିତଗ୍ରନ୍ଥଗଣସ୍ୟ ପ୍ରମାଣାଦ୍ ୱିଶ୍ୱାସେନ ଗ୍ରହଣାର୍ଥଂ ସଦାତନସ୍ୟେଶ୍ୱରସ୍ୟାଜ୍ଞଯା ସର୍ୱ୍ୱଦେଶୀଯଲୋକାନ୍ ଜ୍ଞାପ୍ୟତେ,
2d101a018d	ତସ୍ୟା ମନ୍ତ୍ରଣାଯା ଜ୍ଞାନଂ ଲବ୍ଧ୍ୱା ମଯା ଯଃ ସୁସଂୱାଦୋ ଯୀଶୁଖ୍ରୀଷ୍ଟମଧି ପ୍ରଚାର୍ୟ୍ୟତେ, ତଦନୁସାରାଦ୍ ଯୁଷ୍ମାନ୍ ଧର୍ମ୍ମେ ସୁସ୍ଥିରାନ୍ କର୍ତ୍ତୁଂ ସମର୍ଥୋ ଯୋଽଦ୍ୱିତୀଯଃ
2d101b00b0	ସର୍ୱ୍ୱଜ୍ଞ ଈଶ୍ୱରସ୍ତସ୍ୟ ଧନ୍ୟୱାଦୋ ଯୀଶୁଖ୍ରୀଷ୍ଟେନ ସନ୍ତତଂ ଭୂଯାତ୍| ଇତି|
2e0000001f	୧ କରିନ୍ଥିନଃ
2e01010230	ଯାୱନ୍ତଃ ପୱିତ୍ରା ଲୋକାଃ ସ୍ୱେଷାମ୍ ଅସ୍ମାକଞ୍ଚ ୱସତିସ୍ଥାନେଷ୍ୱସ୍ମାକଂ ପ୍ରଭୋ ର୍ୟୀଶୋଃ ଖ୍ରୀଷ୍ଟସ୍ୟ ନାମ୍ନା ପ୍ରାର୍ଥଯନ୍ତେ ତୈଃ ସହାହୂତାନାଂ ଖ୍ରୀଷ୍ଟେନ ଯୀଶୁନା ପୱିତ୍ରୀକୃତାନାଂ ଲୋକାନାଂ ଯ ଈଶ୍ୱରୀଯଧର୍ମ୍ମସମାଜଃ କରିନ୍ଥନଗରେ ୱିଦ୍ୟତେ
2e010200f7	ତଂ ପ୍ରତୀଶ୍ୱରସ୍ୟେଚ୍ଛଯାହୂତୋ ଯୀଶୁଖ୍ରୀଷ୍ଟସ୍ୟ ପ୍ରେରିତଃ ପୌଲଃ ସୋସ୍ଥିନିନାମା ଭ୍ରାତା ଚ ପତ୍ରଂ ଲିଖତି|
2e010300de	ଅସ୍ମାକଂ ପିତ୍ରେଶ୍ୱରେଣ ପ୍ରଭୁନା ଯୀଶୁଖ୍ରୀଷ୍ଟେନ ଚ ପ୍ରସାଦଃ ଶାନ୍ତିଶ୍ଚ ଯୁଷ୍ମଭ୍ୟଂ ଦୀଯତାଂ|
2e0104013f	ଈଶ୍ୱରୋ ଯୀଶୁଖ୍ରୀଷ୍ଟେନ ଯୁଷ୍ମାନ୍ ପ୍ରତି ପ୍ରସାଦଂ ପ୍ରକାଶିତୱାନ୍, ତସ୍ମାଦହଂ ଯୁଷ୍ମନ୍ନିମିତ୍ତଂ ସର୍ୱ୍ୱଦା ମଦୀଯେଶ୍ୱରଂ ଧନ୍ୟଂ ୱଦାମି|
2e010500c4	ଖ୍ରୀଷ୍ଟସମ୍ବନ୍ଧୀଯଂ ସାକ୍ଷ୍ୟଂ ଯୁଷ୍ମାକଂ ମଧ୍ୟେ ଯେନ ପ୍ରକାରେଣ ସପ୍ରମାଣମ୍ ଅଭୱତ୍
2e010600c3	ତେନ ଯୂଯଂ ଖ୍ରୀଷ୍ଟାତ୍ ସର୍ୱ୍ୱୱିଧୱକ୍ତୃତାଜ୍ଞାନାଦୀନି ସର୍ୱ୍ୱଧନାନି ଲବ୍ଧୱନ୍ତଃ|
2e01070105	ତତୋଽସ୍ମତ୍ପ୍ରଭୋ ର୍ୟୀଶୁଖ୍ରୀଷ୍ଟସ୍ୟ ପୁନରାଗମନଂ ପ୍ରତୀକ୍ଷମାଣାନାଂ ଯୁଷ୍ମାକଂ କସ୍ୟାପି ୱରସ୍ୟାଭାୱୋ ନ ଭୱତି|
2e01080140	ଅପରମ୍ ଅସ୍ମାକଂ ପ୍ରଭୋ ର୍ୟୀଶୁଖ୍ରୀଷ୍ଟସ୍ୟ ଦିୱସେ ଯୂଯଂ ଯନ୍ନିର୍ଦ୍ଦୋଷା ଭୱେତ ତଦର୍ଥଂ ସଏୱ ଯାୱଦନ୍ତଂ ଯୁଷ୍ମାନ୍ ସୁସ୍ଥିରାନ୍ କରିଷ୍ୟତି|
2e0109010b	ଯ ଈଶ୍ୱରଃ ସ୍ୱପୁତ୍ରସ୍ୟାସ୍ମତ୍ପ୍ରଭୋ ର୍ୟୀଶୁଖ୍ରୀଷ୍ଟସ୍ୟାଂଶିନଃ କର୍ତ୍ତୁଂ ଯୁଷ୍ମାନ୍ ଆହୂତୱାନ୍ ସ ୱିଶ୍ୱସନୀଯଃ|
2e010a020f	ହେ ଭ୍ରାତରଃ, ଅସ୍ମାକଂ ପ୍ରଭୁଯୀଶୁଖ୍ରୀଷ୍ଟସ୍ୟ ନାମ୍ନା ଯୁଷ୍ମାନ୍ ୱିନଯେଽହଂ ସର୍ୱ୍ୱୈ ର୍ୟୁଷ୍ମାଭିରେକରୂପାଣି ୱାକ୍ୟାନି କଥ୍ୟନ୍ତାଂ ଯୁଷ୍ମନ୍ମଧ୍ୟେ ଭିନ୍ନସଙ୍ଘାତା ନ ଭୱନ୍ତୁ ମନୋୱିଚାରଯୋରୈକ୍ୟେନ ଯୁଷ୍ମାକଂ ସିଦ୍ଧତ୍ୱଂ ଭୱତୁ|
2e010b00e3	ହେ ମମ ଭ୍ରାତରୋ ଯୁଷ୍ମନ୍ମଧ୍ୟେ ୱିୱାଦା ଜାତା ଇତି ୱାର୍ତ୍ତାମହଂ କ୍ଲୋଯ୍ୟାଃ ପରିଜନୈ ର୍ଜ୍ଞାପିତଃ|
2e010c0155	ମମାଭିପ୍ରେତମିଦଂ ଯୁଷ୍ମାକଂ କଶ୍ଚିତ୍ କଶ୍ଚିଦ୍ ୱଦତି ପୌଲସ୍ୟ ଶିଷ୍ୟୋଽହମ୍ ଆପଲ୍ଲୋଃ ଶିଷ୍ୟୋଽହଂ କୈଫାଃ ଶିଷ୍ୟୋଽହଂ ଖ୍ରୀଷ୍ଟସ୍ୟ ଶିଷ୍ୟୋଽହମିତି ଚ|
2e010d00fe	ଖ୍ରୀଷ୍ଟସ୍ୟ କିଂ ୱିଭେଦଃ କୃତଃ? ପୌଲଃ କିଂ ଯୁଷ୍ମତ୍କୃତେ କ୍ରୁଶେ ହତଃ? ପୌଲସ୍ୟ ନାମ୍ନା ୱା ଯୂଯଂ କିଂ ମଜ୍ଜିତାଃ?
2e010e00ee	କ୍ରିଷ୍ପଗାଯୌ ୱିନା ଯୁଷ୍ମାକଂ ମଧ୍ୟେଽନ୍ୟଃ କୋଽପି ମଯା ନ ମଜ୍ଜିତ ଇତି ହେତୋରହମ୍ ଈଶ୍ୱରଂ ଧନ୍ୟଂ ୱଦାମି|
2e010f009e	ଏତେନ ମମ ନାମ୍ନା ମାନୱା ମଯା ମଜ୍ଜିତା ଇତି ୱକ୍ତୁଂ କେନାପି ନ ଶକ୍ୟତେ|
2e011000dc	ଅପରଂ ସ୍ତିଫାନସ୍ୟ ପରିଜନା ମଯା ମଜ୍ଜିତାସ୍ତଦନ୍ୟଃ କଶ୍ଚିଦ୍ ଯନ୍ମଯା ମଜ୍ଜିତସ୍ତଦହଂ ନ ୱେଦ୍ମି|
2e011101c5	ଖ୍ରୀଷ୍ଟେନାହଂ ମଜ୍ଜନାର୍ଥଂ ନ ପ୍ରେରିତଃ କିନ୍ତୁ ସୁସଂୱାଦସ୍ୟ ପ୍ରଚାରାର୍ଥମେୱ; ସୋଽପି ୱାକ୍ପଟୁତଯା ମଯା ନ ପ୍ରଚାରିତୱ୍ୟଃ, ଯତସ୍ତଥା ପ୍ରଚାରିତେ ଖ୍ରୀଷ୍ଟସ୍ୟ କ୍ରୁଶେ ମୃତ୍ୟୁଃ ଫଲହୀନୋ ଭୱିଷ୍ୟତି|
2e01120159	ଯତୋ ହେତୋ ର୍ୟେ ୱିନଶ୍ୟନ୍ତି ତେ ତାଂ କ୍ରୁଶସ୍ୟ ୱାର୍ତ୍ତାଂ ପ୍ରଲାପମିୱ ମନ୍ୟନ୍ତେ କିଞ୍ଚ ପରିତ୍ରାଣଂ ଲଭମାନେଷ୍ୱସ୍ମାସୁ ସା ଈଶ୍ୱରୀଯଶକ୍ତିସ୍ୱରୂପା|
2e01130132	ତସ୍ମାଦିତ୍ଥଂ ଲିଖିତମାସ୍ତେ, ଜ୍ଞାନୱତାନ୍ତୁ ଯତ୍ ଜ୍ଞାନଂ ତନ୍ମଯା ନାଶଯିଷ୍ୟତେ| ୱିଲୋପଯିଷ୍ୟତେ ତଦ୍ୱଦ୍ ବୁଦ୍ଧି ର୍ବଦ୍ଧିମତାଂ ମଯା||
2e01140116	ଜ୍ଞାନୀ କୁତ୍ର? ଶାସ୍ତ୍ରୀ ୱା କୁତ୍ର? ଇହଲୋକସ୍ୟ ୱିଚାରତତ୍ପରୋ ୱା କୁତ୍ର? ଇହଲୋକସ୍ୟ ଜ୍ଞାନଂ କିମୀଶ୍ୱରେଣ ମୋହୀକୃତଂ ନହି?
2e011501a0	ଈଶ୍ୱରସ୍ୟ ଜ୍ଞାନାଦ୍ ଇହଲୋକସ୍ୟ ମାନୱାଃ ସ୍ୱଜ୍ଞାନେନେଶ୍ୱରସ୍ୟ ତତ୍ତ୍ୱବୋଧଂ ନ ପ୍ରାପ୍ତୱନ୍ତସ୍ତସ୍ମାଦ୍ ଈଶ୍ୱରଃ ପ୍ରଚାରରୂପିଣା ପ୍ରଲାପେନ ୱିଶ୍ୱାସିନଃ ପରିତ୍ରାତୁଂ ରୋଚିତୱାନ୍|
2e011600c3	ଯିହୂଦୀଯଲୋକା ଲକ୍ଷଣାନି ଦିଦୃକ୍ଷନ୍ତି ଭିନ୍ନଦେଶୀଯଲୋକାସ୍ତୁ ୱିଦ୍ୟାଂ ମୃଗଯନ୍ତେ,
2e01170117	ୱଯଞ୍ଚ କ୍ରୁଶେ ହତଂ ଖ୍ରୀଷ୍ଟଂ ପ୍ରଚାରଯାମଃ| ତସ୍ୟ ପ୍ରଚାରୋ ଯିହୂଦୀଯୈ ର୍ୱିଘ୍ନ ଇୱ ଭିନ୍ନଦେଶୀଯୈଶ୍ଚ ପ୍ରଲାପ ଇୱ ମନ୍ୟତେ,
2e01180131	କିନ୍ତୁ ଯିହୂଦୀଯାନାଂ ଭିନ୍ନଦେଶୀଯାନାଞ୍ଚ ମଧ୍ୟେ ଯେ ଆହୂତାସ୍ତେଷୁ ସ ଖ୍ରୀଷ୍ଟ ଈଶ୍ୱରୀଯଶକ୍ତିରିୱେଶ୍ୱରୀଯଜ୍ଞାନମିୱ ଚ ପ୍ରକାଶତେ|
2e0119012f	ଯତ ଈଶ୍ୱରେ ଯଃ ପ୍ରଲାପ ଆରୋପ୍ୟତେ ସ ମାନୱାତିରିକ୍ତଂ ଜ୍ଞାନମେୱ ଯଚ୍ଚ ଦୌର୍ବ୍ବଲ୍ୟମ୍ ଈଶ୍ୱର ଆରୋପ୍ୟତେ ତତ୍ ମାନୱାତିରିକ୍ତଂ ବଲମେୱ|
2e011a0150	ହେ ଭ୍ରାତରଃ, ଆହୂତଯୁଷ୍ମଦ୍ଗଣୋ ଯଷ୍ମାଭିରାଲୋକ୍ୟତାଂ ତନ୍ମଧ୍ୟେ ସାଂସାରିକଜ୍ଞାନେନ ଜ୍ଞାନୱନ୍ତଃ ପରାକ୍ରମିଣୋ ୱା କୁଲୀନା ୱା ବହୱୋ ନ ୱିଦ୍ୟନ୍ତେ|
2e011b0113	ଯତ ଈଶ୍ୱରୋ ଜ୍ଞାନୱତସ୍ତ୍ରପଯିତୁଂ ମୂର୍ଖଲୋକାନ୍ ରୋଚିତୱାନ୍ ବଲାନି ଚ ତ୍ରପଯିତୁମ୍ ଈଶ୍ୱରୋ ଦୁର୍ବ୍ବଲାନ୍ ରୋଚିତୱାନ୍|
2e011c012b	ତଥା ୱର୍ତ୍ତମାନଲୋକାନ୍ ସଂସ୍ଥିତିଭ୍ରଷ୍ଟାନ୍ କର୍ତ୍ତୁମ୍ ଈଶ୍ୱରୋ ଜଗତୋଽପକୃଷ୍ଟାନ୍ ହେଯାନ୍ ଅୱର୍ତ୍ତମାନାଂଶ୍ଚାଭିରୋଚିତୱାନ୍|
2e011d0090	ତତ ଈଶ୍ୱରସ୍ୟ ସାକ୍ଷାତ୍ କେନାପ୍ୟାତ୍ମଶ୍ଲାଘା ନ କର୍ତ୍ତୱ୍ୟା|
2e011e0134	ଯୂଯଞ୍ଚ ତସ୍ମାତ୍ ଖ୍ରୀଷ୍ଟେ ଯୀଶୌ ସଂସ୍ଥିତିଂ ପ୍ରାପ୍ତୱନ୍ତଃ ସ ଈଶ୍ୱରାଦ୍ ଯୁଷ୍ମାକଂ ଜ୍ଞାନଂ ପୁଣ୍ୟଂ ପୱିତ୍ରତ୍ୱଂ ମୁକ୍ତିଶ୍ଚ ଜାତା|
2e011f00dc	ଅତଏୱ ଯଦ୍ୱଦ୍ ଲିଖିତମାସ୍ତେ ତଦ୍ୱତ୍, ଯଃ କଶ୍ଚିତ୍ ଶ୍ଲାଘମାନଃ ସ୍ୟାତ୍ ଶ୍ଲାଘତାଂ ପ୍ରଭୁନା ସ ହି|
2e0201012b	ହେ ଭ୍ରାତରୋ ଯୁଷ୍ମତ୍ସମୀପେ ମମାଗମନକାଲେଽହଂ ୱକ୍ତୃତାଯା ୱିଦ୍ୟାଯା ୱା ନୈପୁଣ୍ୟେନେଶ୍ୱରସ୍ୟ ସାକ୍ଷ୍ୟଂ ପ୍ରଚାରିତୱାନ୍ ତନ୍ନହି;
2e0202010e	ଯତୋ ଯୀଶୁଖ୍ରୀଷ୍ଟଂ ତସ୍ୟ କ୍ରୁଶେ ହତତ୍ୱଞ୍ଚ ୱିନା ନାନ୍ୟତ୍ କିମପି ଯୁଷ୍ମନ୍ମଧ୍ୟେ ଜ୍ଞାପଯିତୁଂ ୱିହିତଂ ବୁଦ୍ଧୱାନ୍|
2e020300a6	ଅପରଞ୍ଚାତୀୱ ଦୌର୍ବ୍ବଲ୍ୟଭୀତିକମ୍ପଯୁକ୍ତୋ ଯୁଷ୍ମାଭିଃ ସାର୍ଦ୍ଧମାସଂ|
2e020400ec	ଅପରଂ ଯୁଷ୍ମାକଂ ୱିଶ୍ୱାସୋ ଯତ୍ ମାନୁଷିକଜ୍ଞାନସ୍ୟ ଫଲଂ ନ ଭୱେତ୍ କିନ୍ତ୍ୱୀଶ୍ୱରୀଯଶକ୍ତେଃ ଫଲଂ ଭୱେତ୍,
2e0205014b	ତଦର୍ଥଂ ମମ ୱକ୍ତୃତା ମଦୀଯପ୍ରଚାରଶ୍ଚ ମାନୁଷିକଜ୍ଞାନସ୍ୟ ମଧୁରୱାକ୍ୟସମ୍ବଲିତୌ ନାସ୍ତାଂ କିନ୍ତ୍ୱାତ୍ମନଃ ଶକ୍ତେଶ୍ଚ ପ୍ରମାଣଯୁକ୍ତାୱାସ୍ତାଂ|
2e02060144	ୱଯଂ ଜ୍ଞାନଂ ଭାଷାମହେ ତଚ୍ଚ ସିଦ୍ଧଲୋକୈ ର୍ଜ୍ଞାନମିୱ ମନ୍ୟତେ, ତଦିହଲୋକସ୍ୟ ଜ୍ଞାନଂ ନହି, ଇହଲୋକସ୍ୟ ନଶ୍ୱରାଣାମ୍ ଅଧିପତୀନାଂ ୱା ଜ୍ଞାନଂ ନହି;
2e0207016c	କିନ୍ତୁ କାଲାୱସ୍ଥାଯାଃ ପୂର୍ୱ୍ୱସ୍ମାଦ୍ ଯତ୍ ଜ୍ଞାନମ୍ ଅସ୍ମାକଂ ୱିଭୱାର୍ଥମ୍ ଈଶ୍ୱରେଣ ନିଶ୍ଚିତ୍ୟ ପ୍ରଚ୍ଛନ୍ନଂ ତନ୍ନିଗୂଢମ୍ ଈଶ୍ୱରୀଯଜ୍ଞାନଂ ପ୍ରଭାଷାମହେ|
2e0208010a	ଇହଲୋକସ୍ୟାଧିପତୀନାଂ କେନାପି ତତ୍ ଜ୍ଞାନଂ ନ ଲବ୍ଧଂ, ଲବ୍ଧେ ସତି ତେ ପ୍ରଭାୱୱିଶିଷ୍ଟଂ ପ୍ରଭୁଂ କ୍ରୁଶେ ନାହନିଷ୍ୟନ୍|
2e02090190	ତଦ୍ୱଲ୍ଲିଖିତମାସ୍ତେ, ନେତ୍ରେଣ କ୍କାପି ନୋ ଦୃଷ୍ଟଂ କର୍ଣେନାପି ଚ ନ ଶ୍ରୁତଂ| ମନୋମଧ୍ୟେ ତୁ କସ୍ୟାପି ନ ପ୍ରୱିଷ୍ଟଂ କଦାପି ଯତ୍| ଈଶ୍ୱରେ ପ୍ରୀଯମାଣାନାଂ କୃତେ ତତ୍ ତେନ ସଞ୍ଚିତଂ|
2e020a014b	ଅପରମୀଶ୍ୱରଃ ସ୍ୱାତ୍ମନା ତଦସ୍ମାକଂ ସାକ୍ଷାତ୍ ପ୍ରାକାଶଯତ୍; ଯତ ଆତ୍ମା ସର୍ୱ୍ୱମେୱାନୁସନ୍ଧତ୍ତେ ତେନ ଚେଶ୍ୱରସ୍ୟ ମର୍ମ୍ମତତ୍ତ୍ୱମପି ବୁଧ୍ୟତେ|
2e020b0162	ମନୁଜସ୍ୟାନ୍ତଃସ୍ଥମାତ୍ମାନଂ ୱିନା କେନ ମନୁଜେନ ତସ୍ୟ ମନୁଜସ୍ୟ ତତ୍ତ୍ୱଂ ବୁଧ୍ୟତେ? ତଦ୍ୱଦୀଶ୍ୱରସ୍ୟାତ୍ମାନଂ ୱିନା କେନାପୀଶ୍ୱରସ୍ୟ ତତ୍ତ୍ୱଂ ନ ବୁଧ୍ୟତେ|
2e020c01cc	ୱଯଞ୍ଚେହଲୋକସ୍ୟାତ୍ମାନଂ ଲବ୍ଧୱନ୍ତସ୍ତନ୍ନହି କିନ୍ତ୍ୱୀଶ୍ୱରସ୍ୟୈୱାତ୍ମାନଂ ଲବ୍ଧୱନ୍ତଃ, ତତୋ ହେତୋରୀଶ୍ୱରେଣ ସ୍ୱପ୍ରସାଦାଦ୍ ଅସ୍ମଭ୍ୟଂ ଯଦ୍ ଯଦ୍ ଦତ୍ତଂ ତତ୍ସର୍ୱ୍ୱମ୍ ଅସ୍ମାଭି ର୍ଜ୍ଞାତୁଂ ଶକ୍ୟତେ|
2e020d019a	ତଚ୍ଚାସ୍ମାଭି ର୍ମାନୁଷିକଜ୍ଞାନସ୍ୟ ୱାକ୍ୟାନି ଶିକ୍ଷିତ୍ୱା କଥ୍ୟତ ଇତି ନହି କିନ୍ତ୍ୱାତ୍ମତୋ ୱାକ୍ୟାନି ଶିକ୍ଷିତ୍ୱାତ୍ମିକୈ ର୍ୱାକ୍ୟୈରାତ୍ମିକଂ ଭାୱଂ ପ୍ରକାଶଯଦ୍ଭିଃ କଥ୍ୟତେ|
2e020e015f	ପ୍ରାଣୀ ମନୁଷ୍ୟ ଈଶ୍ୱରୀଯାତ୍ମନଃ ଶିକ୍ଷାଂ ନ ଗୃହ୍ଲାତି ଯତ ଆତ୍ମିକୱିଚାରେଣ ସା ୱିଚାର୍ୟ୍ୟେତି ହେତୋଃ ସ ତାଂ ପ୍ରଲାପମିୱ ମନ୍ୟତେ ବୋଦ୍ଧୁଞ୍ଚ ନ ଶକ୍ନୋତି|
2e020f00b7	ଆତ୍ମିକୋ ମାନୱଃ ସର୍ୱ୍ୱାଣି ୱିଚାରଯତି କିନ୍ତୁ ସ୍ୱଯଂ କେନାପି ନ ୱିଚାର୍ୟ୍ୟତେ|
2e021000ea	ଯତ ଈଶ୍ୱରସ୍ୟ ମନୋ ଜ୍ଞାତ୍ୱା ତମୁପଦେଷ୍ଟୁଂ କଃ ଶକ୍ନୋତି? କିନ୍ତୁ ଖ୍ରୀଷ୍ଟସ୍ୟ ମନୋଽସ୍ମାଭି ର୍ଲବ୍ଧଂ|
2e03010181	ହେ ଭ୍ରାତରଃ, ଅହମାତ୍ମିକୈରିୱ ଯୁଷ୍ମାଭିଃ ସମଂ ସମ୍ଭାଷିତୁଂ ନାଶକ୍ନୱଂ କିନ୍ତୁ ଶାରୀରିକାଚାରିଭିଃ ଖ୍ରୀଷ୍ଟଧର୍ମ୍ମେ ଶିଶୁତୁଲ୍ୟୈଶ୍ଚ ଜନୈରିୱ ଯୁଷ୍ମାଭିଃ ସହ ସମଭାଷେ|
2e03020179	ଯୁଷ୍ମାନ୍ କଠିନଭକ୍ଷ୍ୟଂ ନ ଭୋଜଯନ୍ ଦୁଗ୍ଧମ୍ ଅପାଯଯଂ ଯତୋ ଯୂଯଂ ଭକ୍ଷ୍ୟଂ ଗ୍ରହୀତୁଂ ତଦା ନାଶକ୍ନୁତ ଇଦାନୀମପି ନ ଶକ୍ନୁଥ, ଯତୋ ହେତୋରଧୁନାପି ଶାରୀରିକାଚାରିଣ ଆଧ୍ୱେ|
2e03030101	ଯୁଷ୍ମନ୍ମଧ୍ୟେ ମାତ୍ସର୍ୟ୍ୟୱିୱାଦଭେଦା ଭୱନ୍ତି ତତଃ କିଂ ଶାରୀରିକାଚାରିଣୋ ନାଧ୍ୱେ ମାନୁଷିକମାର୍ଗେଣ ଚ ନ ଚରଥ?
2e03040126	ପୌଲସ୍ୟାହମିତ୍ୟାପଲ୍ଲୋରହମିତି ୱା ଯଦ୍ୱାକ୍ୟଂ ଯୁଷ୍ମାକଂ କୈଶ୍ଚିତ୍ କୈଶ୍ଚିତ୍ କଥ୍ୟତେ ତସ୍ମାଦ୍ ଯୂଯଂ ଶାରୀରିକାଚାରିଣ ନ ଭୱଥ?
2e03050148	ପୌଲଃ କଃ? ଆପଲ୍ଲୋ ର୍ୱା କଃ? ତୌ ପରିଚାରକମାତ୍ରୌ ତଯୋରେକୈକସ୍ମୈ ଚ ପ୍ରଭୁ ର୍ୟାଦୃକ୍ ଫଲମଦଦାତ୍ ତଦ୍ୱତ୍ ତଯୋର୍ଦ୍ୱାରା ଯୂଯଂ ୱିଶ୍ୱାସିନୋ ଜାତାଃ|
2e0306009b	ଅହଂ ରୋପିତୱାନ୍ ଆପଲ୍ଲୋଶ୍ଚ ନିଷିକ୍ତୱାନ୍ ଈଶ୍ୱରଶ୍ଚାୱର୍ଦ୍ଧଯତ୍|
2e03070086	ଅତୋ ରୋପଯିତୃସେକ୍ତାରାୱସାରୌ ୱର୍ଦ୍ଧଯିତେଶ୍ୱର ଏୱ ସାରଃ|
2e030800b8	ରୋପଯିତୃସେକ୍ତାରୌ ଚ ସମୌ ତଯୋରେକୈକଶ୍ଚ ସ୍ୱଶ୍ରମଯୋଗ୍ୟଂ ସ୍ୱୱେତନଂ ଲପ୍ସ୍ୟତେ|
2e030900ea	ଆୱାମୀଶ୍ୱରେଣ ସହ କର୍ମ୍ମକାରିଣୌ, ଈଶ୍ୱରସ୍ୟ ଯତ୍ କ୍ଷେତ୍ରମ୍ ଈଶ୍ୱରସ୍ୟ ଯା ନିର୍ମ୍ମିତିଃ ସା ଯୂଯମେୱ|
2e030a01a2	ଈଶ୍ୱରସ୍ୟ ପ୍ରସାଦାତ୍ ମଯା ଯତ୍ ପଦଂ ଲବ୍ଧଂ ତସ୍ମାତ୍ ଜ୍ଞାନିନା ଗୃହକାରିଣେୱ ମଯା ଭିତ୍ତିମୂଲଂ ସ୍ଥାପିତଂ ତଦୁପରି ଚାନ୍ୟେନ ନିଚୀଯତେ| କିନ୍ତୁ ଯେନ ଯନ୍ନିଚୀଯତେ ତତ୍ ତେନ ୱିୱିଚ୍ୟତାଂ|
2e030b0108	ଯତୋ ଯୀଶୁଖ୍ରୀଷ୍ଟରୂପଂ ଯଦ୍ ଭିତ୍ତିମୂଲଂ ସ୍ଥାପିତଂ ତଦନ୍ୟତ୍ କିମପି ଭିତ୍ତିମୂଲଂ ସ୍ଥାପଯିତୁଂ କେନାପି ନ ଶକ୍ୟତେ|
2e030c00ce	ଏତଦ୍ଭିତ୍ତିମୂଲସ୍ୟୋପରି ଯଦି କେଚିତ୍ ସ୍ୱର୍ଣରୂପ୍ୟମଣିକାଷ୍ଠତୃଣନଲାନ୍ ନିଚିନ୍ୱନ୍ତି,
2e030d01b1	ତର୍ହ୍ୟେକୈକସ୍ୟ କର୍ମ୍ମ ପ୍ରକାଶିଷ୍ୟତେ ଯତଃ ସ ଦିୱସସ୍ତତ୍ ପ୍ରକାଶଯିଷ୍ୟତି| ଯତୋ ହତୋସ୍ତନ ଦିୱସେନ ୱହ୍ନିମଯେନୋଦେତୱ୍ୟଂ ତତ ଏକୈକସ୍ୟ କର୍ମ୍ମ କୀଦୃଶମେତସ୍ୟ ପରୀକ୍ଷା ବହ୍ନିନା ଭୱିଷ୍ୟତି|
2e030e009b	ଯସ୍ୟ ନିଚଯନରୂପଂ କର୍ମ୍ମ ସ୍ଥାସ୍ନୁ ଭୱିଷ୍ୟତି ସ ୱେତନଂ ଲପ୍ସ୍ୟତେ|
2e030f0114	ଯସ୍ୟ ଚ କର୍ମ୍ମ ଧକ୍ଷ୍ୟତେ ତସ୍ୟ କ୍ଷତି ର୍ଭୱିଷ୍ୟତି କିନ୍ତୁ ୱହ୍ନେ ର୍ନିର୍ଗତଜନ ଇୱ ସ ସ୍ୱଯଂ ପରିତ୍ରାଣଂ ପ୍ରାପ୍ସ୍ୟତି|
2e031000c6	ଯୂଯମ୍ ଈଶ୍ୱରସ୍ୟ ମନ୍ଦିରଂ ଯୁଷ୍ମନ୍ମଧ୍ୟେ ଚେଶ୍ୱରସ୍ୟାତ୍ମା ନିୱସତୀତି କିଂ ନ ଜାନୀଥ?
2e03110134	ଈଶ୍ୱରସ୍ୟ ମନ୍ଦିରଂ ଯେନ ୱିନାଶ୍ୟତେ ସୋଽପୀଶ୍ୱରେଣ ୱିନାଶଯିଷ୍ୟତେ ଯତ ଈଶ୍ୱରସ୍ୟ ମନ୍ଦିରଂ ପୱିତ୍ରମେୱ ଯୂଯଂ ତୁ ତନ୍ମନ୍ଦିରମ୍ ଆଧ୍ୱେ|
2e03120145	କୋପି ସ୍ୱଂ ନ ୱଞ୍ଚଯତାଂ| ଯୁଷ୍ମାକଂ କଶ୍ଚନ ଚେଦିହଲୋକସ୍ୟ ଜ୍ଞାନେନ ଜ୍ଞାନୱାନହମିତି ବୁଧ୍ୟତେ ତର୍ହି ସ ଯତ୍ ଜ୍ଞାନୀ ଭୱେତ୍ ତଦର୍ଥଂ ମୂଢୋ ଭୱତୁ|
2e0313015c	ଯସ୍ମାଦିହଲୋକସ୍ୟ ଜ୍ଞାନମ୍ ଈଶ୍ୱରସ୍ୟ ସାକ୍ଷାତ୍ ମୂଢତ୍ୱମେୱ| ଏତସ୍ମିନ୍ ଲିଖିତମପ୍ୟାସ୍ତେ, ତୀକ୍ଷ୍ଣା ଯା ଜ୍ଞାନିନାଂ ବୁଦ୍ଧିସ୍ତଯା ତାନ୍ ଧରତୀଶ୍ୱରଃ|
2e03140085	ପୁନଶ୍ଚ| ଜ୍ଞାନିନାଂ କଲ୍ପନା ୱେତ୍ତି ପରମେଶୋ ନିରର୍ଥକାଃ|
2e031500a7	ଅତଏୱ କୋଽପି ମନୁଜୈରାତ୍ମାନଂ ନ ଶ୍ଲାଘତାଂ ଯତଃ ସର୍ୱ୍ୱାଣି ଯୁଷ୍ମାକମେୱ,
2e03160107	ପୌଲ ୱା ଆପଲ୍ଲୋ ର୍ୱା କୈଫା ୱା ଜଗଦ୍ ୱା ଜୀୱନଂ ୱା ମରଣଂ ୱା ୱର୍ତ୍ତମାନଂ ୱା ଭୱିଷ୍ୟଦ୍ୱା ସର୍ୱ୍ୱାଣ୍ୟେୱ ଯୁଷ୍ମାକଂ,
2e0317006a	ଯୂଯଞ୍ଚ ଖ୍ରୀଷ୍ଟସ୍ୟ, ଖ୍ରୀଷ୍ଟଶ୍ଚେଶ୍ୱରସ୍ୟ|
2e040100e8	ଲୋକା ଅସ୍ମାନ୍ ଖ୍ରୀଷ୍ଟସ୍ୟ ପରିଚାରକାନ୍ ଈଶ୍ୱରସ୍ୟ ନିଗୂଠୱାକ୍ୟଧନସ୍ୟାଧ୍ୟକ୍ଷାଂଶ୍ଚ ମନ୍ୟନ୍ତାଂ|
2e040200a5	କିଞ୍ଚ ଧନାଧ୍ୟକ୍ଷେଣ ୱିଶ୍ୱସନୀଯେନ ଭୱିତୱ୍ୟମେତଦେୱ ଲୋକୈ ର୍ୟାଚ୍ୟତେ|
2e04030128	ଅତୋ ୱିଚାରଯଦ୍ଭି ର୍ୟୁଷ୍ମାଭିରନ୍ୟୈଃ କୈଶ୍ଚିନ୍ ମନୁଜୈ ର୍ୱା ମମ ପରୀକ୍ଷଣଂ ମଯାତୀୱ ଲଘୁ ମନ୍ୟତେ ଽହମପ୍ୟାତ୍ମାନଂ ନ ୱିଚାରଯାମି|
2e0404010e	ମଯା କିମପ୍ୟପରାଦ୍ଧମିତ୍ୟହଂ ନ ୱେଦ୍ମି କିନ୍ତ୍ୱେତେନ ମମ ନିରପରାଧତ୍ୱଂ ନ ନିଶ୍ଚୀଯତେ ପ୍ରଭୁରେୱ ମମ ୱିଚାରଯିତାସ୍ତି|
2e0405025f	ଅତ ଉପଯୁକ୍ତସମଯାତ୍ ପୂର୍ୱ୍ୱମ୍ ଅର୍ଥତଃ ପ୍ରଭୋରାଗମନାତ୍ ପୂର୍ୱ୍ୱଂ ଯୁଷ୍ମାଭି ର୍ୱିଚାରୋ ନ କ୍ରିଯତାଂ| ପ୍ରଭୁରାଗତ୍ୟ ତିମିରେଣ ପ୍ରଚ୍ଛନ୍ନାନି ସର୍ୱ୍ୱାଣି ଦୀପଯିଷ୍ୟତି ମନସାଂ ମନ୍ତ୍ରଣାଶ୍ଚ ପ୍ରକାଶଯିଷ୍ୟତି ତସ୍ମିନ୍ ସମଯ ଈଶ୍ୱରାଦ୍ ଏକୈକସ୍ୟ ପ୍ରଶଂସା ଭୱିଷ୍ୟତି|
2e0406027a	ହେ ଭ୍ରାତରଃ ସର୍ୱ୍ୱାଣ୍ୟେତାନି ମଯାତ୍ମାନମ୍ ଆପଲ୍ଲୱଞ୍ଚୋଦ୍ଦିଶ୍ୟ କଥିତାନି ତସ୍ୟୈତତ୍ କାରଣଂ ଯୁଯଂ ଯଥା ଶାସ୍ତ୍ରୀଯୱିଧିମତିକ୍ରମ୍ୟ ମାନୱମ୍ ଅତୀୱ ନାଦରିଷ୍ୟଧ୍ବ ଈତ୍ଥଞ୍ଚୈକେନ ୱୈପରୀତ୍ୟାଦ୍ ଅପରେଣ ନ ଶ୍ଲାଘିଷ୍ୟଧ୍ବ ଏତାଦୃଶୀଂ ଶିକ୍ଷାମାୱଯୋର୍ଦୃଷ୍ଟାନ୍ତାତ୍ ଲପ୍ସ୍ୟଧ୍ୱେ|
2e0407010c	ଅପରାତ୍ କସ୍ତ୍ୱାଂ ୱିଶେଷଯତି? ତୁଭ୍ୟଂ ଯନ୍ନ ଦତ୍ତ ତାଦୃଶଂ କିଂ ଧାରଯସି? ଅଦତ୍ତେନେୱ ଦତ୍ତେନ ୱସ୍ତୁନା କୁତଃ ଶ୍ଲାଘସେ?
2e040801c0	ଇଦାନୀମେୱ ଯୂଯଂ କିଂ ତୃପ୍ତା ଲବ୍ଧଧନା ୱା? ଅସ୍ମାସ୍ୱୱିଦ୍ୟମାନେଷୁ ଯୂଯଂ କିଂ ରାଜତ୍ୱପଦଂ ପ୍ରାପ୍ତାଃ? ଯୁଷ୍ମାକଂ ରାଜତ୍ୱଂ ମଯାଭିଲଷିତଂ ଯତସ୍ତେନ ଯୁଷ୍ମାଭିଃ ସହ ୱଯମପି ରାଜ୍ୟାଂଶିନୋ ଭୱିଷ୍ୟାମଃ|
2e04090164	ପ୍ରେରିତା ୱଯଂ ଶେଷା ହନ୍ତୱ୍ୟାଶ୍ଚେୱେଶ୍ୱରେଣ ନିଦର୍ଶିତାଃ| ଯତୋ ୱଯଂ ସର୍ୱ୍ୱଲୋକାନାମ୍ ଅର୍ଥତଃ ସ୍ୱର୍ଗୀଯଦୂତାନାଂ ମାନୱାନାଞ୍ଚ କୌତୁକାସ୍ପଦାନି ଜାତାଃ|
2e040a013a	ଖ୍ରୀଷ୍ଟସ୍ୟ କୃତେ ୱଯଂ ମୂଢାଃ କିନ୍ତୁ ଯୂଯଂ ଖ୍ରୀଷ୍ଟେନ ଜ୍ଞାନିନଃ, ୱଯଂ ଦୁର୍ବ୍ବଲା ଯୂଯଞ୍ଚ ସବଲାଃ, ଯୂଯଂ ସମ୍ମାନିତା ୱଯଞ୍ଚାପମାନିତାଃ|
2e040b00d9	ୱଯମଦ୍ୟାପି କ୍ଷୁଧାର୍ତ୍ତାସ୍ତୃଷ୍ଣାର୍ତ୍ତା ୱସ୍ତ୍ରହୀନାସ୍ତାଡିତା ଆଶ୍ରମରହିତାଶ୍ଚ ସନ୍ତଃ
2e040c014b	କର୍ମ୍ମଣି ସ୍ୱକରାନ୍ ୱ୍ୟାପାରଯନ୍ତଶ୍ଚ ଦୁଃଖୈଃ କାଲଂ ଯାପଯାମଃ| ଗର୍ହିତୈରସ୍ମାଭିରାଶୀଃ କଥ୍ୟତେ ଦୂରୀକୃତୈଃ ସହ୍ୟତେ ନିନ୍ଦିତୈଃ ପ୍ରସାଦ୍ୟତେ|
2e040d00a6	ୱଯମଦ୍ୟାପି ଜଗତଃ ସମ୍ମାର୍ଜନୀଯୋଗ୍ୟା ଅୱକରା ଇୱ ସର୍ୱ୍ୱୈ ର୍ମନ୍ୟାମହେ|
2e040e00e3	ଯୁଷ୍ମାନ୍ ତ୍ରପଯିତୁମହମେତାନି ଲିଖାମୀତି ନହି କିନ୍ତୁ ପ୍ରିଯାତ୍ମଜାନିୱ ଯୁଷ୍ମାନ୍ ପ୍ରବୋଧଯାମି|
2e040f0170	ଯତଃ ଖ୍ରୀଷ୍ଟଧର୍ମ୍ମେ ଯଦ୍ୟପି ଯୁଷ୍ମାକଂ ଦଶସହସ୍ରାଣି ୱିନେତାରୋ ଭୱନ୍ତି ତଥାପି ବହୱୋ ଜନକା ନ ଭୱନ୍ତି ଯତୋଽହମେୱ ସୁସଂୱାଦେନ ଯୀଶୁଖ୍ରୀଷ୍ଟେ ଯୁଷ୍ମାନ୍ ଅଜନଯଂ|
2e04100072	ଅତୋ ଯୁଷ୍ମାନ୍ ୱିନଯେଽହଂ ଯୂଯଂ ମଦନୁଗାମିନୋ ଭୱତ|
2e04110234	ଇତ୍ୟର୍ଥଂ ସର୍ୱ୍ୱେଷୁ ଧର୍ମ୍ମସମାଜେଷୁ ସର୍ୱ୍ୱତ୍ର ଖ୍ରୀଷ୍ଟଧର୍ମ୍ମଯୋଗ୍ୟା ଯେ ୱିଧଯୋ ମଯୋପଦିଶ୍ୟନ୍ତେ ତାନ୍ ଯୋ ଯୁଷ୍ମାନ୍ ସ୍ମାରଯିଷ୍ୟତ୍ୟେୱମ୍ଭୂତଂ ପ୍ରଭୋଃ କୃତେ ପ୍ରିଯଂ ୱିଶ୍ୱାସିନଞ୍ଚ ମଦୀଯତନଯଂ ତୀମଥିଯଂ ଯୁଷ୍ମାକଂ ସମୀପଂ ପ୍ରେଷିତୱାନହଂ|
2e041200d6	ଅପରମହଂ ଯୁଷ୍ମାକଂ ସମୀପଂ ନ ଗମିଷ୍ୟାମୀତି ବୁଦ୍ଧ୍ୱା ଯୁଷ୍ମାକଂ କିଯନ୍ତୋ ଲୋକା ଗର୍ୱ୍ୱନ୍ତି|
2e0413017f	କିନ୍ତୁ ଯଦି ପ୍ରଭେରିଚ୍ଛା ଭୱତି ତର୍ହ୍ୟହମୱିଲମ୍ବଂ ଯୁଷ୍ମତ୍ସମୀପମୁପସ୍ଥାଯ ତେଷାଂ ଦର୍ପଧ୍ମାତାନାଂ ଲୋକାନାଂ ୱାଚଂ ଜ୍ଞାସ୍ୟାମୀତି ନହି ସାମର୍ଥ୍ୟମେୱ ଜ୍ଞାସ୍ୟାମି|
2e041400a8	ଯସ୍ମାଦୀଶ୍ୱରସ୍ୟ ରାଜତ୍ୱଂ ୱାଗ୍ୟୁକ୍ତଂ ନହି କିନ୍ତୁ ସାମର୍ଥ୍ୟଯୁକ୍ତଂ|
2e041500f2	ଯୁଷ୍ମାକଂ କା ୱାଞ୍ଛା? ଯୁଷ୍ମତ୍ସମୀପେ ମଯା କିଂ ଦଣ୍ଡପାଣିନା ଗନ୍ତୱ୍ୟମୁତ ପ୍ରେମନମ୍ରତାତ୍ମଯୁକ୍ତେନ ୱା?
2e050101dc	ଅପରଂ ଯୁଷ୍ମାକଂ ମଧ୍ୟେ ୱ୍ୟଭିଚାରୋ ୱିଦ୍ୟତେ ସ ଚ ୱ୍ୟଭିଚାରସ୍ତାଦୃଶୋ ଯଦ୍ ଦେୱପୂଜକାନାଂ ମଧ୍ୟେଽପି ତତ୍ତୁଲ୍ୟୋ ନ ୱିଦ୍ୟତେ ଫଲତୋ ଯୁଷ୍ମାକମେକୋ ଜନୋ ୱିମାତୃଗମନଂ କୃରୁତ ଇତି ୱାର୍ତ୍ତା ସର୍ୱ୍ୱତ୍ର ୱ୍ୟାପ୍ତା|
2e05020143	ତଥାଚ ଯୂଯଂ ଦର୍ପଧ୍ମାତା ଆଧ୍ବେ, ତତ୍ କର୍ମ୍ମ ଯେନ କୃତଂ ସ ଯଥା ଯୁଷ୍ମନ୍ମଧ୍ୟାଦ୍ ଦୂରୀକ୍ରିଯତେ ତଥା ଶୋକୋ ଯୁଷ୍ମାଭି ର୍ନ କ୍ରିଯତେ କିମ୍ ଏତତ୍?
2e05030122	ଅୱିଦ୍ୟମାନେ ମଦୀଯଶରୀରେ ମମାତ୍ମା ଯୁଷ୍ମନ୍ମଧ୍ୟେ ୱିଦ୍ୟତେ ଅତୋଽହଂ ୱିଦ୍ୟମାନ ଇୱ ତତ୍କର୍ମ୍ମକାରିଣୋ ୱିଚାରଂ ନିଶ୍ଚିତୱାନ୍,
2e05040142	ଅସ୍ମତ୍ପ୍ରଭୋ ର୍ୟୀଶୁଖ୍ରୀଷ୍ଟସ୍ୟ ନାମ୍ନା ଯୁଷ୍ମାକଂ ମଦୀଯାତ୍ମନଶ୍ଚ ମିଲନେ ଜାତେ ଽସ୍ମତ୍ପ୍ରଭୋ ର୍ୟୀଶୁଖ୍ରୀଷ୍ଟସ୍ୟ ଶକ୍ତେଃ ସାହାଯ୍ୟେନ
2e05050145	ସ ନରଃ ଶରୀରନାଶାର୍ଥମସ୍ମାଭିଃ ଶଯତାନୋ ହସ୍ତେ ସମର୍ପଯିତୱ୍ୟସ୍ତତୋଽସ୍ମାକଂ ପ୍ରଭୋ ର୍ୟୀଶୋ ର୍ଦିୱସେ ତସ୍ୟାତ୍ମା ରକ୍ଷାଂ ଗନ୍ତୁଂ ଶକ୍ଷ୍ୟତି|
2e050600fb	ଯୁଷ୍ମାକଂ ଦର୍ପୋ ନ ଭଦ୍ରାଯ ଯୂଯଂ କିମେତନ୍ନ ଜାନୀଥ, ଯଥା, ୱିକାରଃ କୃତ୍ସ୍ନଶକ୍ତୂନାଂ ସ୍ୱଲ୍ପକିଣ୍ୱେନ ଜାଯତେ|
2e050701ec	ଯୂଯଂ ଯତ୍ ନୱୀନଶକ୍ତୁସ୍ୱରୂପା ଭୱେତ ତଦର୍ଥଂ ପୁରାତନଂ କିଣ୍ୱମ୍ ଅୱମାର୍ଜ୍ଜତ ଯତୋ ଯୁଷ୍ମାଭିଃ କିଣ୍ୱଶୂନ୍ୟୈ ର୍ଭୱିତୱ୍ୟଂ| ଅପରମ୍ ଅସ୍ମାକଂ ନିସ୍ତାରୋତ୍ସୱୀଯମେଷଶାୱକୋ ଯଃ ଖ୍ରୀଷ୍ଟଃ ସୋଽସ୍ମଦର୍ଥଂ ବଲୀକୃତୋ ଽଭୱତ୍|
2e0508015f	ଅତଃ ପୁରାତନକିଣ୍ୱେନାର୍ଥତୋ ଦୁଷ୍ଟତାଜିଘାଂସାରୂପେଣ କିଣ୍ୱେନ ତନ୍ନହି କିନ୍ତୁ ସାରଲ୍ୟସତ୍ୟତ୍ୱରୂପଯା କିଣ୍ୱଶୂନ୍ୟତଯାସ୍ମାଭିରୁତ୍ସୱଃ କର୍ତ୍ତୱ୍ୟଃ|
2e050900ad	ୱ୍ୟାଭିଚାରିଣାଂ ସଂସର୍ଗୋ ଯୁଷ୍ମାଭି ର୍ୱିହାତୱ୍ୟ ଇତି ମଯା ପତ୍ରେ ଲିଖିତଂ|
2e050a01a9	କିନ୍ତ୍ୱୈହିକଲୋକାନାଂ ମଧ୍ୟେ ଯେ ୱ୍ୟଭିଚାରିଣୋ ଲୋଭିନ ଉପଦ୍ରାୱିଣୋ ଦେୱପୂଜକା ୱା ତେଷାଂ ସଂସର୍ଗଃ ସର୍ୱ୍ୱଥା ୱିହାତୱ୍ୟ ଇତି ନହି, ୱିହାତୱ୍ୟେ ସତି ଯୁଷ୍ମାଭି ର୍ଜଗତୋ ନିର୍ଗନ୍ତୱ୍ୟମେୱ|
2e050b01e9	କିନ୍ତୁ ଭ୍ରାତୃତ୍ୱେନ ୱିଖ୍ୟାତଃ କଶ୍ଚିଜ୍ଜନୋ ଯଦି ୱ୍ୟଭିଚାରୀ ଲୋଭୀ ଦେୱପୂଜକୋ ନିନ୍ଦକୋ ମଦ୍ୟପ ଉପଦ୍ରାୱୀ ୱା ଭୱେତ୍ ତର୍ହି ତାଦୃଶେନ ମାନୱେନ ସହ ଭୋଜନପାନେଽପି ଯୁଷ୍ମାଭି ର୍ନ କର୍ତ୍ତୱ୍ୟେ ଇତ୍ୟଧୁନା ମଯା ଲିଖିତଂ|
2e050c0134	ସମାଜବହିଃସ୍ଥିତାନାଂ ଲୋକାନାଂ ୱିଚାରକରଣେ ମମ କୋଽଧିକାରଃ? କିନ୍ତୁ ତଦନ୍ତର୍ଗତାନାଂ ୱିଚାରଣଂ ଯୁଷ୍ମାଭିଃ କିଂ ନ କର୍ତ୍ତୱ୍ୟଂ ଭୱେତ୍?
2e050d00ed	ବହିଃସ୍ଥାନାଂ ତୁ ୱିଚାର ଈଶ୍ୱରେଣ କାରିଷ୍ୟତେ| ଅତୋ ଯୁଷ୍ମାଭିଃ ସ ପାତକୀ ସ୍ୱମଧ୍ୟାଦ୍ ବହିଷ୍କ୍ରିଯତାଂ|
2e06010138	ଯୁଷ୍ମାକମେକସ୍ୟ ଜନସ୍ୟାପରେଣ ସହ ୱିୱାଦେ ଜାତେ ସ ପୱିତ୍ରଲୋକୈ ର୍ୱିଚାରମକାରଯନ୍ କିମ୍ ଅଧାର୍ମ୍ମିକଲୋକୈ ର୍ୱିଚାରଯିତୁଂ ପ୍ରୋତ୍ସହତେ?
2e06020175	ଜଗତୋଽପି ୱିଚାରଣଂ ପୱିତ୍ରଲୋକୈଃ କାରିଷ୍ୟତ ଏତଦ୍ ଯୂଯଂ କିଂ ନ ଜାନୀଥ? ଅତୋ ଜଗଦ୍ ଯଦି ଯୁଷ୍ମାଭି ର୍ୱିଚାରଯିତୱ୍ୟଂ ତର୍ହି କ୍ଷୁଦ୍ରତମୱିଚାରେଷୁ ଯୂଯଂ କିମସମର୍ଥାଃ?
2e0603010e	ଦୂତା ଅପ୍ୟସ୍ମାଭି ର୍ୱିଚାରଯିଷ୍ୟନ୍ତ ଇତି କିଂ ନ ଜାନୀଥ? ଅତ ଐହିକୱିଷଯାଃ କିମ୍ ଅସ୍ମାଭି ର୍ନ ୱିଚାରଯିତୱ୍ୟା ଭୱେଯୁଃ?
2e060400eb	ଐହିକୱିଷଯସ୍ୟ ୱିଚାରେ ଯୁଷ୍ମାଭିଃ କର୍ତ୍ତୱ୍ୟେ ଯେ ଲୋକାଃ ସମିତୌ କ୍ଷୁଦ୍ରତମାସ୍ତ ଏୱ ନିଯୁଜ୍ୟନ୍ତାଂ|
2e06050159	ଅହଂ ଯୁଷ୍ମାନ୍ ତ୍ରପଯିତୁମିଚ୍ଛନ୍ ୱଦାମି ଯୃଷ୍ମନ୍ମଧ୍ୟେ କିମେକୋଽପି ମନୁଷ୍ୟସ୍ତାଦୃଗ୍ ବୁଦ୍ଧିମାନ୍ନହି ଯୋ ଭ୍ରାତୃୱିୱାଦୱିଚାରଣେ ସମର୍ଥଃ ସ୍ୟାତ୍?
2e0606014f	କିଞ୍ଚୈକୋ ଭ୍ରାତା ଭ୍ରାତ୍ରାନ୍ୟେନ କିମୱିଶ୍ୱାସିନାଂ ୱିଚାରକାଣାଂ ସାକ୍ଷାଦ୍ ୱିୱଦତେ? ଯଷ୍ମନ୍ମଧ୍ୟେ ୱିୱାଦା ୱିଦ୍ୟନ୍ତ ଏତଦପି ଯୁଷ୍ମାକଂ ଦୋଷଃ|
2e0607008b	ଯୂଯଂ କୁତୋଽନ୍ୟାଯସହନଂ କ୍ଷତିସହନଂ ୱା ଶ୍ରେଯୋ ନ ମନ୍ୟଧ୍ୱେ?
2e060800a6	କିନ୍ତୁ ଯୂଯମପି ଭ୍ରାତୃନେୱ ପ୍ରତ୍ୟନ୍ୟାଯଂ କ୍ଷତିଞ୍ଚ କୁରୁଥ କିମେତତ୍?
2e060901ca	ଈଶ୍ୱରସ୍ୟ ରାଜ୍ୟେଽନ୍ୟାଯକାରିଣାଂ ଲୋକାନାମଧିକାରୋ ନାସ୍ତ୍ୟେତଦ୍ ଯୂଯଂ କିଂ ନ ଜାନୀଥ? ମା ୱଞ୍ଚ୍ୟଧ୍ୱଂ, ଯେ ୱ୍ୟଭିଚାରିଣୋ ଦେୱାର୍ଚ୍ଚିନଃ ପାରଦାରିକାଃ ସ୍ତ୍ରୀୱଦାଚାରିଣଃ ପୁଂମୈଥୁନକାରିଣସ୍ତସ୍କରା
2e060a00c4	ଲୋଭିନୋ ମଦ୍ୟପା ନିନ୍ଦକା ଉପଦ୍ରାୱିଣୋ ୱା ତ ଈଶ୍ୱରସ୍ୟ ରାଜ୍ୟଭାଗିନୋ ନ ଭୱିଷ୍ୟନ୍ତି|
2e060b013e	ଯୂଯଞ୍ଚୈୱଂୱିଧା ଲୋକା ଆସ୍ତ କିନ୍ତୁ ପ୍ରଭୋ ର୍ୟୀଶୋ ର୍ନାମ୍ନାସ୍ମଦୀଶ୍ୱରସ୍ୟାତ୍ମନା ଚ ଯୂଯଂ ପ୍ରକ୍ଷାଲିତାଃ ପାୱିତାଃ ସପୁଣ୍ୟୀକୃତାଶ୍ଚ|
2e060c0176	ମଦର୍ଥଂ ସର୍ୱ୍ୱଂ ଦ୍ରୱ୍ୟମ୍ ଅପ୍ରତିଷିଦ୍ଧଂ କିନ୍ତୁ ନ ସର୍ୱ୍ୱଂ ହିତଜନକଂ| ମଦର୍ଥଂ ସର୍ୱ୍ୱମପ୍ରତିଷିଦ୍ଧଂ ତଥାପ୍ୟହଂ କସ୍ୟାପି ଦ୍ରୱ୍ୟସ୍ୟ ୱଶୀକୃତୋ ନ ଭୱିଷ୍ୟାମି|
2e060d0158	ଉଦରାଯ ଭକ୍ଷ୍ୟାଣି ଭକ୍ଷ୍ୟେଭ୍ୟଶ୍ଚୋଦରଂ, କିନ୍ତୁ ଭକ୍ଷ୍ୟୋଦରେ ଈଶ୍ୱରେଣ ନାଶଯିଷ୍ୟେତେ; ଅପରଂ ଦେହୋ ନ ୱ୍ୟଭିଚାରାଯ କିନ୍ତୁ ପ୍ରଭୱେ ପ୍ରଭୁଶ୍ଚ ଦେହାଯ|
2e060e00b8	ଯଶ୍ଚେଶ୍ୱରଃ ପ୍ରଭୁମୁତ୍ଥାପିତୱାନ୍ ସ ସ୍ୱଶକ୍ତ୍ୟାସ୍ମାନପ୍ୟୁତ୍ଥାପଯିଷ୍ୟତି|
2e060f0199	ଯୁଷ୍ମାକଂ ଯାନି ଶରୀରାଣି ତାନି ଖ୍ରୀଷ୍ଟସ୍ୟାଙ୍ଗାନୀତି କିଂ ଯୂଯଂ ନ ଜାନୀଥ? ଅତଃ ଖ୍ରୀଷ୍ଟସ୍ୟ ଯାନ୍ୟଙ୍ଗାନି ତାନି ମଯାପହୃତ୍ୟ ୱେଶ୍ୟାଯା ଅଙ୍ଗାନି କିଂ କାରିଷ୍ୟନ୍ତେ? ତନ୍ନ ଭୱତୁ|
2e06100144	ଯଃ କଶ୍ଚିଦ୍ ୱେଶ୍ୟାଯାମ୍ ଆସଜ୍ୟତେ ସ ତଯା ସହୈକଦେହୋ ଭୱତି କିଂ ଯୂଯମେତନ୍ନ ଜାନୀଥ? ଯତୋ ଲିଖିତମାସ୍ତେ, ଯଥା, ତୌ ଦ୍ୱୌ ଜନାୱେକାଙ୍ଗୌ ଭୱିଷ୍ୟତଃ|
2e06110140	ମାନୱା ଯାନ୍ୟନ୍ୟାନି କଲୁଷାଣି କୁର୍ୱ୍ୱତେ ତାନି ୱପୁ ର୍ନ ସମାୱିଶନ୍ତି କିନ୍ତୁ ୱ୍ୟଭିଚାରିଣା ସ୍ୱୱିଗ୍ରହସ୍ୟ ୱିରୁଦ୍ଧଂ କଲ୍ମଷଂ କ୍ରିଯତେ|
2e06120140	ମାନୱା ଯାନ୍ୟନ୍ୟାନି କଲୁଷାଣି କୁର୍ୱ୍ୱତେ ତାନି ୱପୁ ର୍ନ ସମାୱିଶନ୍ତି କିନ୍ତୁ ୱ୍ୟଭିଚାରିଣା ସ୍ୱୱିଗ୍ରହସ୍ୟ ୱିରୁଦ୍ଧଂ କଲ୍ମଷଂ କ୍ରିଯତେ|
2e06130198	ଯୁଷ୍ମାକଂ ଯାନି ୱପୂଂସି ତାନି ଯୁଷ୍ମଦନ୍ତଃସ୍ଥିତସ୍ୟେଶ୍ୱରାଲ୍ଲବ୍ଧସ୍ୟ ପୱିତ୍ରସ୍ୟାତ୍ମନୋ ମନ୍ଦିରାଣି ଯୂଯଞ୍ଚ ସ୍ୱେଷାଂ ସ୍ୱାମିନୋ ନାଧ୍ୱେ କିମେତଦ୍ ଯୁଷ୍ମାଭି ର୍ନ ଜ୍ଞାଯତେ?
2e061400f1	ଯୂଯଂ ମୂଲ୍ୟେନ କ୍ରୀତା ଅତୋ ୱପୁର୍ମନୋଭ୍ୟାମ୍ ଈଶ୍ୱରୋ ଯୁଷ୍ମାଭିଃ ପୂଜ୍ୟତାଂ ଯତ ଈଶ୍ୱର ଏୱ ତଯୋଃ ସ୍ୱାମୀ|
2e070100ec	ଅପରଞ୍ଚ ଯୁଷ୍ମାଭି ର୍ମାଂ ପ୍ରତି ଯତ୍ ପତ୍ରମଲେଖି ତସ୍ୟୋତ୍ତରମେତତ୍, ଯୋଷିତୋଽସ୍ପର୍ଶନଂ ମନୁଜସ୍ୟ ୱରଂ;
2e07020117	କିନ୍ତୁ ୱ୍ୟଭିଚାରଭଯାଦ୍ ଏକୈକସ୍ୟ ପୁଂସଃ ସ୍ୱକୀଯଭାର୍ୟ୍ୟା ଭୱତୁ ତଦ୍ୱଦ୍ ଏକୈକସ୍ୟା ଯୋଷିତୋ ଽପି ସ୍ୱକୀଯଭର୍ତ୍ତା ଭୱତୁ|
2e0703011c	ଭାର୍ୟ୍ୟାଯୈ ଭର୍ତ୍ରା ଯଦ୍ୟଦ୍ ୱିତରଣୀଯଂ ତଦ୍ ୱିତୀର୍ୟ୍ୟତାଂ ତଦ୍ୱଦ୍ ଭର୍ତ୍ରେଽପି ଭାର୍ୟ୍ୟଯା ୱିତରଣୀଯଂ ୱିତୀର୍ୟ୍ୟତାଂ|
2e07040118	ଭାର୍ୟ୍ୟାଯାଃ ସ୍ୱଦେହେ ସ୍ୱତ୍ୱଂ ନାସ୍ତି ଭର୍ତ୍ତୁରେୱ, ତଦ୍ୱଦ୍ ଭର୍ତ୍ତୁରପି ସ୍ୱଦେହେ ସ୍ୱତ୍ୱଂ ନାସ୍ତି ଭାର୍ୟ୍ୟାଯା ଏୱ|
2e0705025c	ଉପୋଷଣପ୍ରାର୍ଥନଯୋଃ ସେୱନାର୍ଥମ୍ ଏକମନ୍ତ୍ରଣାନାଂ ଯୁଷ୍ମାକଂ କିଯତ୍କାଲଂ ଯାୱଦ୍ ଯା ପୃଥକ୍ସ୍ଥିତି ର୍ଭୱତି ତଦନ୍ୟୋ ୱିଚ୍ଛେଦୋ ଯୁଷ୍ମନ୍ମଧ୍ୟେ ନ ଭୱତୁ, ତତଃ ପରମ୍ ଇନ୍ଦ୍ରିଯାଣାମ୍ ଅଧୈର୍ୟ୍ୟାତ୍ ଶଯତାନ୍ ଯଦ୍ ଯୁଷ୍ମାନ୍ ପରୀକ୍ଷାଂ ନ ନଯେତ୍ ତଦର୍ଥଂ ପୁନରେକତ୍ର ମିଲତ|
2e07060079	ଏତଦ୍ ଆଦେଶତୋ ନହି କିନ୍ତ୍ୱନୁଜ୍ଞାତ ଏୱ ମଯା କଥ୍ୟତେ,
2e0707015b	ଯତୋ ମମାୱସ୍ଥେୱ ସର୍ୱ୍ୱମାନୱାନାମୱସ୍ଥା ଭୱତ୍ୱିତି ମମ ୱାଞ୍ଛା କିନ୍ତ୍ୱୀଶ୍ୱରାଦ୍ ଏକେନୈକୋ ୱରୋଽନ୍ୟେନ ଚାନ୍ୟୋ ୱର ଇତ୍ଥମେକୈକେନ ସ୍ୱକୀଯୱରୋ ଲବ୍ଧଃ|
2e070800ce	ଅପରମ୍ ଅକୃତୱିୱାହାନ୍ ୱିଧୱାଶ୍ଚ ପ୍ରତି ମମୈତନ୍ନିୱେଦନଂ ମମେୱ ତେଷାମୱସ୍ଥିତି ର୍ଭଦ୍ରା;
2e07090109	କିଞ୍ଚ ଯଦି ତୈରିନ୍ଦ୍ରିଯାଣି ନିଯନ୍ତୁଂ ନ ଶକ୍ୟନ୍ତେ ତର୍ହି ୱିୱାହଃ କ୍ରିଯତାଂ ଯତଃ କାମଦହନାଦ୍ ୱ୍ୟୂଢତ୍ୱଂ ଭଦ୍ରଂ|
2e070a0091	ଯେ ଚ କୃତୱିୱାହାସ୍ତେ ମଯା ନହି ପ୍ରଭୁନୈୱୈତଦ୍ ଆଜ୍ଞାପ୍ୟନ୍ତେ|
2e070b016a	ଭାର୍ୟ୍ୟା ଭର୍ତ୍ତୃତଃ ପୃଥକ୍ ନ ଭୱତୁ| ଯଦି ୱା ପୃଥଗ୍ଭୂତା ସ୍ୟାତ୍ ତର୍ହି ନିର୍ୱିୱାହା ତିଷ୍ଠତୁ ସ୍ୱୀଯପତିନା ୱା ସନ୍ଦଧାତୁ ଭର୍ତ୍ତାପି ଭାର୍ୟ୍ୟାଂ ନ ତ୍ୟଜତୁ|
2e070c018d	ଇତରାନ୍ ଜନାନ୍ ପ୍ରତି ପ୍ରଭୁ ର୍ନ ବ୍ରୱୀତି କିନ୍ତ୍ୱହଂ ବ୍ରୱୀମି; କସ୍ୟଚିଦ୍ ଭ୍ରାତୁର୍ୟୋଷିଦ୍ ଅୱିଶ୍ୱାସିନୀ ସତ୍ୟପି ଯଦି ତେନ ସହୱାସେ ତୁଷ୍ୟତି ତର୍ହି ସା ତେନ ନ ତ୍ୟଜ୍ୟତାଂ|
2e070d00fb	ତଦ୍ୱତ୍ କସ୍ୟାଶ୍ଚିଦ୍ ଯୋଷିତଃ ପତିରୱିଶ୍ୱାସୀ ସନ୍ନପି ଯଦି ତଯା ସହୱାସେ ତୁଷ୍ୟତି ତର୍ହି ସ ତଯା ନ ତ୍ୟଜ୍ୟତାଂ|
2e070e01c6	ଯତୋଽୱିଶ୍ୱାସୀ ଭର୍ତ୍ତା ଭାର୍ୟ୍ୟଯା ପୱିତ୍ରୀଭୂତଃ, ତଦ୍ୱଦୱିଶ୍ୱାସିନୀ ଭାର୍ୟ୍ୟା ଭର୍ତ୍ରା ପୱିତ୍ରୀଭୂତା; ନୋଚେଦ୍ ଯୁଷ୍ମାକମପତ୍ୟାନ୍ୟଶୁଚୀନ୍ୟଭୱିଷ୍ୟନ୍ କିନ୍ତ୍ୱଧୁନା ତାନି ପୱିତ୍ରାଣି ସନ୍ତି|
2e070f0134	ଅୱିଶ୍ୱାସୀ ଜନୋ ଯଦି ୱା ପୃଥଗ୍ ଭୱତି ତର୍ହି ପୃଥଗ୍ ଭୱତୁ; ଏତେନ ଭ୍ରାତା ଭଗିନୀ ୱା ନ ନିବଧ୍ୟତେ ତଥାପି ୱଯମୀଶ୍ୱରେଣ ଶାନ୍ତଯେ ସମାହୂତାଃ|
2e07100178	ହେ ନାରି ତୱ ଭର୍ତ୍ତୁଃ ପରିତ୍ରାଣଂ ତ୍ୱତ୍ତୋ ଭୱିଷ୍ୟତି ନ ୱେତି ତ୍ୱଯା କିଂ ଜ୍ଞାଯତେ? ହେ ନର ତୱ ଜାଯାଯାଃ ପରିତ୍ରାଣଂ ତ୍ୱତ୍ତେ ଭୱିଷ୍ୟତି ନ ୱେତି ତ୍ୱଯା କିଂ ଜ୍ଞାଯତେ?
2e07110149	ଏକୈକୋ ଜନଃ ପରମେଶ୍ୱରାଲ୍ଲବ୍ଧଂ ଯଦ୍ ଭଜତେ ଯସ୍ୟାଞ୍ଚାୱସ୍ଥାଯାମ୍ ଈଶ୍ୱରେଣାହ୍ୱାଯି ତଦନୁସାରେଣୈୱାଚରତୁ ତଦହଂ ସର୍ୱ୍ୱସମାଜସ୍ଥାନ୍ ଆଦିଶାମି|
2e07120114	ଛିନ୍ନତ୍ୱଗ୍ ଭୃତ୍ୱା ଯ ଆହୂତଃ ସ ପ୍ରକୃଷ୍ଟତ୍ୱକ୍ ନ ଭୱତୁ, ତଦ୍ୱଦ୍ ଅଛିନ୍ନତ୍ୱଗ୍ ଭୂତ୍ୱା ଯ ଆହୂତଃ ସ ଛିନ୍ନତ୍ୱକ୍ ନ ଭୱତୁ|
2e071300da	ତ୍ୱକ୍ଛେଦଃ ସାରୋ ନହି ତଦ୍ୱଦତ୍ୱକ୍ଛେଦୋଽପି ସାରୋ ନହି କିନ୍ତ୍ୱୀଶ୍ୱରସ୍ୟାଜ୍ଞାନାଂ ପାଲନମେୱ|
2e0714008c	ଯୋ ଜନୋ ଯସ୍ୟାମୱସ୍ଥାଯାମାହ୍ୱାଯି ସ ତସ୍ୟାମେୱାୱତିଷ୍ଠତାଂ|
2e071500f9	ଦାସଃ ସନ୍ ତ୍ୱଂ କିମାହୂତୋଽସି? ତନ୍ମା ଚିନ୍ତଯ, ତଥାଚ ଯଦି ସ୍ୱତନ୍ତ୍ରୋ ଭୱିତୁଂ ଶକ୍ନୁଯାସ୍ତର୍ହି ତଦେୱ ୱୃଣୁ|
2e07160102	ଯତଃ ପ୍ରଭୁନାହୂତୋ ଯୋ ଦାସଃ ସ ପ୍ରଭୋ ର୍ମୋଚିତଜନଃ| ତଦ୍ୱଦ୍ ତେନାହୂତଃ ସ୍ୱତନ୍ତ୍ରୋ ଜନୋଽପି ଖ୍ରୀଷ୍ଟସ୍ୟ ଦାସ ଏୱ|
2e0717008a	ଯୂଯଂ ମୂଲ୍ୟେନ କ୍ରୀତା ଅତୋ ହେତୋ ର୍ମାନୱାନାଂ ଦାସା ମା ଭୱତ|
2e071800cc	ହେ ଭ୍ରାତରୋ ଯସ୍ୟାମୱସ୍ଥାଯାଂ ଯସ୍ୟାହ୍ୱାନମଭୱତ୍ ତଯା ସ ଈଶ୍ୱରସ୍ୟ ସାକ୍ଷାତ୍ ତିଷ୍ଠତୁ|
2e0719015f	ଅପରମ୍ ଅକୃତୱିୱାହାନ୍ ଜନାନ୍ ପ୍ରତି ପ୍ରଭୋଃ କୋଽପ୍ୟାଦେଶୋ ମଯା ନ ଲବ୍ଧଃ କିନ୍ତୁ ପ୍ରଭୋରନୁକମ୍ପଯା ୱିଶ୍ୱାସ୍ୟୋ ଭୂତୋଽହଂ ଯଦ୍ ଭଦ୍ରଂ ମନ୍ୟେ ତଦ୍ ୱଦାମି|
2e071a00b4	ୱର୍ତ୍ତମାନାତ୍ କ୍ଲେଶସମଯାତ୍ ମନୁଷ୍ୟସ୍ୟାନୂଢତ୍ୱଂ ଭଦ୍ରମିତି ମଯା ବୁଧ୍ୟତେ|
2e071b0115	ତ୍ୱଂ କିଂ ଯୋଷିତି ନିବଦ୍ଧୋଽସି ତର୍ହି ମୋଚନଂ ପ୍ରାପ୍ତୁଂ ମା ଯତସ୍ୱ| କିଂ ୱା ଯୋଷିତୋ ମୁକ୍ତୋଽସି? ତର୍ହି ଜାଯାଂ ମା ଗୱେଷଯ|
2e071c01dc	ୱିୱାହଂ କୁର୍ୱ୍ୱତା ତ୍ୱଯା କିମପି ନାପାରାଧ୍ୟତେ ତଦ୍ୱଦ୍ ୱ୍ୟୂହ୍ୟମାନଯା ଯୁୱତ୍ୟାପି କିମପି ନାପରାଧ୍ୟତେ ତଥାଚ ତାଦୃଶୌ ଦ୍ୱୌ ଜନୌ ଶାରୀରିକଂ କ୍ଲେଶଂ ଲପ୍ସ୍ୟେତେ କିନ୍ତୁ ଯୁଷ୍ମାନ୍ ପ୍ରତି ମମ କରୁଣା ୱିଦ୍ୟତେ|
2e071d0092	ହେ ଭ୍ରାତରୋଽହମିଦଂ ବ୍ରୱୀମି, ଇତଃ ପରଂ ସମଯୋଽତୀୱ ସଂକ୍ଷିପ୍ତଃ,
2e071e011f	ଅତଃ କୃତଦାରୈରକୃତଦାରୈରିୱ ରୁଦଦ୍ଭିଶ୍ଚାରୁଦଦ୍ଭିରିୱ ସାନନ୍ଦୈଶ୍ଚ ନିରାନନ୍ଦୈରିୱ କ୍ରେତୃଭିଶ୍ଚାଭାଗିଭିରିୱାଚରିତୱ୍ୟଂ
2e071f00a9	ଯେ ଚ ସଂସାରେ ଚରନ୍ତି ତୈ ର୍ନାତିଚରିତୱ୍ୟଂ ଯତ ଇହଲେକସ୍ୟ କୌତୁକୋ ୱିଚଲତି|
2e07200114	କିନ୍ତୁ ଯୂଯଂ ଯନ୍ନିଶ୍ଚିନ୍ତା ଭୱେତେତି ମମ ୱାଞ୍ଛା| ଅକୃତୱିୱାହୋ ଜନୋ ଯଥା ପ୍ରଭୁଂ ପରିତୋଷଯେତ୍ ତଥା ପ୍ରଭୁଂ ଚିନ୍ତଯତି,
2e072100b4	କିନ୍ତୁ କୃତୱିୱାହୋ ଜନୋ ଯଥା ଭାର୍ୟ୍ୟାଂ ପରିତୋଷଯେତ୍ ତଥା ସଂସାରଂ ଚିନ୍ତଯତି|
2e07220188	ତଦ୍ୱଦ୍ ଊଢଯୋଷିତୋ ଽନୂଢା ୱିଶିଷ୍ୟତେ| ଯାନୂଢା ସା ଯଥା କାଯମନସୋଃ ପୱିତ୍ରା ଭୱେତ୍ ତଥା ପ୍ରଭୁଂ ଚିନ୍ତଯତି ଯା ଚୋଢା ସା ଯଥା ଭର୍ତ୍ତାରଂ ପରିତୋଷଯେତ୍ ତଥା ସଂସାରଂ ଚିନ୍ତଯତି|
2e072301c2	ଅହଂ ଯଦ୍ ଯୁଷ୍ମାନ୍ ମୃଗବନ୍ଧିନ୍ୟା ପରିକ୍ଷିପେଯଂ ତଦର୍ଥଂ ନହି କିନ୍ତୁ ଯୂଯଂ ଯଦନିନ୍ଦିତା ଭୂତ୍ୱା ପ୍ରଭୋଃ ସେୱନେଽବାଧମ୍ ଆସକ୍ତା ଭୱେତ ତଦର୍ଥମେତାନି ସର୍ୱ୍ୱାଣି ଯୁଷ୍ମାକଂ ହିତାଯ ମଯା କଥ୍ୟନ୍ତେ|
2e072401b0	କସ୍ୟଚିତ୍ କନ୍ୟାଯାଂ ଯୌୱନପ୍ରାପ୍ତାଯାଂ ଯଦି ସ ତସ୍ୟା ଅନୂଢତ୍ୱଂ ନିନ୍ଦନୀଯଂ ୱିୱାହଶ୍ଚ ସାଧଯିତୱ୍ୟ ଇତି ମନ୍ୟତେ ତର୍ହି ଯଥାଭିଲାଷଂ କରୋତୁ, ଏତେନ କିମପି ନାପରାତ୍ସ୍ୟତି ୱିୱାହଃ କ୍ରିଯତାଂ|
2e072501ad	କିନ୍ତୁ ଦୁଃଖେନାକ୍ଲିଷ୍ଟଃ କଶ୍ଚିତ୍ ପିତା ଯଦି ସ୍ଥିରମନୋଗତଃ ସ୍ୱମନୋଽଭିଲାଷସାଧନେ ସମର୍ଥଶ୍ଚ ସ୍ୟାତ୍ ମମ କନ୍ୟା ମଯା ରକ୍ଷିତୱ୍ୟେତି ମନସି ନିଶ୍ଚିନୋତି ଚ ତର୍ହି ସ ଭଦ୍ରଂ କର୍ମ୍ମ କରୋତି|
2e072600dc	ଅତୋ ଯୋ ୱିୱାହଂ କରୋତି ସ ଭଦ୍ରଂ କର୍ମ୍ମ କରୋତି ଯଶ୍ଚ ୱିୱାହଂ ନ କରୋତି ସ ଭଦ୍ରତରଂ କର୍ମ୍ମ କରୋତି|
2e072701fd	ଯାୱତ୍କାଲଂ ପତି ର୍ଜୀୱତି ତାୱଦ୍ ଭାର୍ୟ୍ୟା ୱ୍ୟୱସ୍ଥଯା ନିବଦ୍ଧା ତିଷ୍ଠତି କିନ୍ତୁ ପତ୍ୟୌ ମହାନିଦ୍ରାଂ ଗତେ ସା ମୁକ୍ତୀଭୂଯ ଯମଭିଲଷତି ତେନ ସହ ତସ୍ୟା ୱିୱାହୋ ଭୱିତୁଂ ଶକ୍ନୋତି, କିନ୍ତ୍ୱେତତ୍ କେୱଲଂ ପ୍ରଭୁଭକ୍ତାନାଂ ମଧ୍ୟେ|
2e07280151	ତଥାଚ ସା ଯଦି ନିଷ୍ପତିକା ତିଷ୍ଠତି ତର୍ହି ତସ୍ୟାଃ କ୍ଷେମଂ ଭୱିଷ୍ୟତୀତି ମମ ଭାୱଃ| ଅପରମ୍ ଈଶ୍ୱରସ୍ୟାତ୍ମା ମମାପ୍ୟନ୍ତ ର୍ୱିଦ୍ୟତ ଇତି ମଯା ବୁଧ୍ୟତେ|
2e08010135	ଦେୱପ୍ରସାଦେ ସର୍ୱ୍ୱେଷାମ୍ ଅସ୍ମାକଂ ଜ୍ଞାନମାସ୍ତେ ତଦ୍ୱଯଂ ୱିଦ୍ମଃ| ତଥାପି ଜ୍ଞାନଂ ଗର୍ୱ୍ୱଂ ଜନଯତି କିନ୍ତୁ ପ୍ରେମତୋ ନିଷ୍ଠା ଜାଯତେ|
2e08020125	ଅତଃ କଶ୍ଚନ ଯଦି ମନ୍ୟତେ ମମ ଜ୍ଞାନମାସ୍ତ ଇତି ତର୍ହି ତେନ ଯାଦୃଶଂ ଜ୍ଞାନଂ ଚେଷ୍ଟିତୱ୍ୟଂ ତାଦୃଶଂ କିମପି ଜ୍ଞାନମଦ୍ୟାପି ନ ଲବ୍ଧଂ|
2e08030079	କିନ୍ତୁ ଯ ଈଶ୍ୱରେ ପ୍ରୀଯତେ ସ ଈଶ୍ୱରେଣାପି ଜ୍ଞାଯତେ|
2e08040115	ଦେୱତାବଲିପ୍ରସାଦଭକ୍ଷଣେ ୱଯମିଦଂ ୱିଦ୍ମୋ ଯତ୍ ଜଗନ୍ମଧ୍ୟେ କୋଽପି ଦେୱୋ ନ ୱିଦ୍ୟତେ, ଏକଶ୍ଚେଶ୍ୱରୋ ଦ୍ୱିତୀଯୋ ନାସ୍ତୀତି|
2e0805011b	ସ୍ୱର୍ଗେ ପୃଥିୱ୍ୟାଂ ୱା ଯଦ୍ୟପି କେଷୁଚିଦ୍ ଈଶ୍ୱର ଇତି ନାମାରୋପ୍ୟତେ ତାଦୃଶାଶ୍ଚ ବହୱ ଈଶ୍ୱରା ବହୱଶ୍ଚ ପ୍ରଭୱୋ ୱିଦ୍ୟନ୍ତେ
2e080601dc	ତଥାପ୍ୟସ୍ମାକମଦ୍ୱିତୀଯ ଈଶ୍ୱରଃ ସ ପିତା ଯସ୍ମାତ୍ ସର୍ୱ୍ୱେଷାଂ ଯଦର୍ଥଞ୍ଚାସ୍ମାକଂ ସୃଷ୍ଟି ର୍ଜାତା, ଅସ୍ମାକଞ୍ଚାଦ୍ୱିତୀଯଃ ପ୍ରଭୁଃ ସ ଯୀଶୁଃ ଖ୍ରୀଷ୍ଟୋ ଯେନ ସର୍ୱ୍ୱୱସ୍ତୂନାଂ ଯେନାସ୍ମାକମପି ସୃଷ୍ଟିଃ କୃତା|
2e08070195	ଅଧିକନ୍ତୁ ଜ୍ଞାନଂ ସର୍ୱ୍ୱେଷାଂ ନାସ୍ତି ଯତଃ କେଚିଦଦ୍ୟାପି ଦେୱତାଂ ସମ୍ମନ୍ୟ ଦେୱପ୍ରସାଦମିୱ ତଦ୍ ଭକ୍ଷ୍ୟଂ ଭୁଞ୍ଜତେ ତେନ ଦୁର୍ବ୍ବଲତଯା ତେଷାଂ ସ୍ୱାନ୍ତାନି ମଲୀମସାନି ଭୱନ୍ତି|
2e08080166	କିନ୍ତୁ ଭକ୍ଷ୍ୟଦ୍ରୱ୍ୟାଦ୍ ୱଯମ୍ ଈଶ୍ୱରେଣ ଗ୍ରାହ୍ୟା ଭୱାମସ୍ତନ୍ନହି ଯତୋ ଭୁଙ୍କ୍ତ୍ୱା ୱଯମୁତ୍କୃଷ୍ଟା ନ ଭୱାମସ୍ତଦ୍ୱଦଭୁଙ୍କ୍ତ୍ୱାପ୍ୟପକୃଷ୍ଟା ନ ଭୱାମଃ|
2e080900e4	ଅତୋ ଯୁଷ୍ମାକଂ ଯା କ୍ଷମତା ସା ଦୁର୍ବ୍ବଲାନାମ୍ ଉନ୍ମାଥସ୍ୱରୂପା ଯନ୍ନ ଭୱେତ୍ ତଦର୍ଥଂ ସାୱଧାନା ଭୱତ|
2e080a014e	ଯତୋ ଜ୍ଞାନୱିଶିଷ୍ଟସ୍ତ୍ୱଂ ଯଦି ଦେୱାଲଯେ ଉପୱିଷ୍ଟଃ କେନାପି ଦୃଶ୍ୟସେ ତର୍ହି ତସ୍ୟ ଦୁର୍ବ୍ବଲସ୍ୟ ମନସି କିଂ ପ୍ରସାଦଭକ୍ଷଣ ଉତ୍ସାହୋ ନ ଜନିଷ୍ୟତେ?
2e080b00de	ତଥା ସତି ଯସ୍ୟ କୃତେ ଖ୍ରୀଷ୍ଟୋ ମମାର ତୱ ସ ଦୁର୍ବ୍ବଲୋ ଭ୍ରାତା ତୱ ଜ୍ଞାନାତ୍ କିଂ ନ ୱିନଂକ୍ଷ୍ୟତି?
2e080c0176	ଇତ୍ୟନେନ ପ୍ରକାରେଣ ଭ୍ରାତୃଣାଂ ୱିରୁଦ୍ଧମ୍ ଅପରାଧ୍ୟଦ୍ଭିସ୍ତେଷାଂ ଦୁର୍ବ୍ବଲାନି ମନାଂସି ୱ୍ୟାଘାତଯଦ୍ଭିଶ୍ଚ ଯୁଷ୍ମାଭିଃ ଖ୍ରୀଷ୍ଟସ୍ୟ ୱୈପରୀତ୍ୟେନାପରାଧ୍ୟତେ|
2e080d016c	ଅତୋ ହେତୋଃ ପିଶିତାଶନଂ ଯଦି ମମ ଭ୍ରାତୁ ର୍ୱିଘ୍ନସ୍ୱରୂପଂ ଭୱେତ୍ ତର୍ହ୍ୟହଂ ଯତ୍ ସ୍ୱଭ୍ରାତୁ ର୍ୱିଘ୍ନଜନକୋ ନ ଭୱେଯଂ ତଦର୍ଥଂ ଯାୱଜ୍ଜୀୱନଂ ପିଶିତଂ ନ ଭୋକ୍ଷ୍ୟେ|
2e09010186	ଅହଂ କିମ୍ ଏକଃ ପ୍ରେରିତୋ ନାସ୍ମି? କିମହଂ ସ୍ୱତନ୍ତ୍ରୋ ନାସ୍ମି? ଅସ୍ମାକଂ ପ୍ରଭୁ ର୍ୟୀଶୁଃ ଖ୍ରୀଷ୍ଟଃ କିଂ ମଯା ନାଦର୍ଶି? ଯୂଯମପି କିଂ ପ୍ରଭୁନା ମଦୀଯଶ୍ରମଫଲସ୍ୱରୂପା ନ ଭୱଥ?
2e0902016e	ଅନ୍ୟଲୋକାନାଂ କୃତେ ଯଦ୍ୟପ୍ୟହଂ ପ୍ରେରିତୋ ନ ଭୱେଯଂ ତଥାଚ ଯୁଷ୍ମତ୍କୃତେ ପ୍ରେରିତୋଽସ୍ମି ଯତଃ ପ୍ରଭୁନା ମମ ପ୍ରେରିତତ୍ୱପଦସ୍ୟ ମୁଦ୍ରାସ୍ୱରୂପା ଯୂଯମେୱାଧ୍ୱେ|
2e0903009b	ଯେ ଲୋକା ମଯି ଦୋଷମାରୋପଯନ୍ତି ତାନ୍ ପ୍ରତି ମମ ପ୍ରତ୍ୟୁତ୍ତରମେତତ୍|
2e09040061	ଭୋଜନପାନଯୋଃ କିମସ୍ମାକଂ କ୍ଷମତା ନାସ୍ତି?
2e09050174	ଅନ୍ୟେ ପ୍ରେରିତାଃ ପ୍ରଭୋ ର୍ଭ୍ରାତରୌ କୈଫାଶ୍ଚ ଯତ୍ କୁର୍ୱ୍ୱନ୍ତି ତଦ୍ୱତ୍ କାଞ୍ଚିତ୍ ଧର୍ମ୍ମଭଗିନୀଂ ୱ୍ୟୂହ୍ୟ ତଯା ସାର୍ଦ୍ଧଂ ପର୍ୟ୍ୟଟିତୁଂ ୱଯଂ କିଂ ନ ଶକ୍ନୁମଃ?
2e090600ab	ସାଂସାରିକଶ୍ରମସ୍ୟ ପରିତ୍ୟାଗାତ୍ କିଂ କେୱଲମହଂ ବର୍ଣବ୍ବାଶ୍ଚ ନିୱାରିତୌ?
2e0907013d	ନିଜଧନୱ୍ୟଯେନ କଃ ସଂଗ୍ରାମଂ କରୋତି? କୋ ୱା ଦ୍ରାକ୍ଷାକ୍ଷେତ୍ରଂ କୃତ୍ୱା ତତ୍ଫଲାନି ନ ଭୁଙ୍କ୍ତେ? କୋ ୱା ପଶୁୱ୍ରଜଂ ପାଲଯନ୍ ତତ୍ପଯୋ ନ ପିୱତି?
2e090800c5	କିମହଂ କେୱଲାଂ ମାନୁଷିକାଂ ୱାଚଂ ୱଦାମି? ୱ୍ୟୱସ୍ଥାଯାଂ କିମେତାଦୃଶଂ ୱଚନଂ ନ ୱିଦ୍ୟତେ?
2e0909014b	ମୂସାୱ୍ୟୱସ୍ଥାଗ୍ରନ୍ଥେ ଲିଖିତମାସ୍ତେ, ତ୍ୱଂ ଶସ୍ୟମର୍ଦ୍ଦକୱୃଷସ୍ୟାସ୍ୟଂ ନ ଭଂତ୍ସ୍ୟସୀତି| ଈଶ୍ୱରେଣ ବଲୀୱର୍ଦ୍ଦାନାମେୱ ଚିନ୍ତା କିଂ କ୍ରିଯତେ?
2e090a01f5	କିଂ ୱା ସର୍ୱ୍ୱଥାସ୍ମାକଂ କୃତେ ତଦ୍ୱଚନଂ ତେନୋକ୍ତଂ? ଅସ୍ମାକମେୱ କୃତେ ତଲ୍ଲିଖିତଂ| ଯଃ କ୍ଷେତ୍ରଂ କର୍ଷତି ତେନ ପ୍ରତ୍ୟାଶାଯୁକ୍ତେନ କର୍ଷ୍ଟୱ୍ୟଂ, ଯଶ୍ଚ ଶସ୍ୟାନି ମର୍ଦ୍ଦଯତି ତେନ ଲାଭପ୍ରତ୍ୟାଶାଯୁକ୍ତେନ ମର୍ଦ୍ଦିତୱ୍ୟଂ|
2e090b013c	ଯୁଷ୍ମତ୍କୃତେଽସ୍ମାଭିଃ ପାରତ୍ରିକାଣି ବୀଜାନି ରୋପିତାନି, ଅତୋ ଯୁଷ୍ମାକମୈହିକଫଲାନାଂ ୱଯମ୍ ଅଂଶିନୋ ଭୱିଷ୍ୟାମଃ କିମେତତ୍ ମହତ୍ କର୍ମ୍ମ?
2e090c026d	ଯୁଷ୍ମାସୁ ଯୋଽଧିକାରସ୍ତସ୍ୟ ଭାଗିନୋ ଯଦ୍ୟନ୍ୟେ ଭୱେଯୁସ୍ତର୍ହ୍ୟସ୍ମାଭିସ୍ତତୋଽଧିକଂ କିଂ ତସ୍ୟ ଭାଗିଭି ର୍ନ ଭୱିତୱ୍ୟଂ? ଅଧିକନ୍ତୁ ୱଯଂ ତେନାଧିକାରେଣ ନ ୱ୍ୟୱହୃତୱନ୍ତଃ କିନ୍ତୁ ଖ୍ରୀଷ୍ଟୀଯସୁସଂୱାଦସ୍ୟ କୋଽପି ୱ୍ୟାଘାତୋଽସ୍ମାଭିର୍ୟନ୍ନ ଜାଯେତ ତଦର୍ଥଂ ସର୍ୱ୍ୱଂ ସହାମହେ|
2e090d01d9	ଅପରଂ ଯେ ପୱିତ୍ରୱସ୍ତୂନାଂ ପରିଚର୍ୟ୍ୟାଂ କୁର୍ୱ୍ୱନ୍ତି ତେ ପୱିତ୍ରୱସ୍ତୁତୋ ଭକ୍ଷ୍ୟାଣି ଲଭନ୍ତେ, ଯେ ଚ ୱେଦ୍ୟାଃ ପରିଚର୍ୟ୍ୟାଂ କୁର୍ୱ୍ୱନ୍ତି ତେ ୱେଦିସ୍ଥୱସ୍ତୂନାମ୍ ଅଂଶିନୋ ଭୱନ୍ତ୍ୟେତଦ୍ ଯୂଯଂ କିଂ ନ ୱିଦ?
2e090e00bf	ତଦ୍ୱଦ୍ ଯେ ସୁସଂୱାଦଂ ଘୋଷଯନ୍ତି ତୈଃ ସୁସଂୱାଦେନ ଜୀୱିତୱ୍ୟମିତି ପ୍ରଭୁନାଦିଷ୍ଟଂ|
2e090f019e	ଅହମେତେଷାଂ ସର୍ୱ୍ୱେଷାଂ କିମପି ନାଶ୍ରିତୱାନ୍ ମାଂ ପ୍ରତି ତଦନୁସାରାତ୍ ଆଚରିତୱ୍ୟମିତ୍ୟାଶଯେନାପି ପତ୍ରମିଦଂ ମଯା ନ ଲିଖ୍ୟତେ ଯତଃ କେନାପି ଜନେନ ମମ ଯଶସୋ ମୁଧାକରଣାତ୍ ମମ ମରଣଂ ୱରଂ|
2e091000fe	ସୁସଂୱାଦଘେଷଣାତ୍ ମମ ଯଶୋ ନ ଜାଯତେ ଯତସ୍ତଦ୍ଘୋଷଣଂ ମମାୱଶ୍ୟକଂ ଯଦ୍ୟହଂ ସୁସଂୱାଦଂ ନ ଘୋଷଯେଯଂ ତର୍ହି ମାଂ ଧିକ୍|
2e09110100	ଇଚ୍ଛୁକେନ ତତ୍ କୁର୍ୱ୍ୱତା ମଯା ଫଲଂ ଲପ୍ସ୍ୟତେ କିନ୍ତ୍ୱନିଚ୍ଛୁକେଽପି ମଯି ତତ୍କର୍ମ୍ମଣୋ ଭାରୋଽର୍ପିତୋଽସ୍ତି|
2e0912018e	ଏତେନ ମଯା ଲଭ୍ୟଂ ଫଲଂ କିଂ? ସୁସଂୱାଦେନ ମମ ଯୋଽଧିକାର ଆସ୍ତେ ତଂ ଯଦଭଦ୍ରଭାୱେନ ନାଚରେଯଂ ତଦର୍ଥଂ ସୁସଂୱାଦଘୋଷଣସମଯେ ତସ୍ୟ ଖ୍ରୀଷ୍ଟୀଯସୁସଂୱାଦସ୍ୟ ନିର୍ୱ୍ୟଯୀକରଣମେୱ ମମ ଫଲଂ|
2e091300fc	ସର୍ୱ୍ୱେଷାମ୍ ଅନାଯତ୍ତୋଽହଂ ଯଦ୍ ଭୂରିଶୋ ଲୋକାନ୍ ପ୍ରତିପଦ୍ୟେ ତଦର୍ଥଂ ସର୍ୱ୍ୱେଷାଂ ଦାସତ୍ୱମଙ୍ଗୀକୃତୱାନ୍|
2e091401f7	ଯିହୂଦୀଯାନ୍ ଯତ୍ ପ୍ରତିପଦ୍ୟେ ତଦର୍ଥଂ ଯିହୂଦୀଯାନାଂ କୃତେ ଯିହୂଦୀଯଇୱାଭୱଂ| ଯେ ଚ ୱ୍ୟୱସ୍ଥାଯତ୍ତାସ୍ତାନ୍ ଯତ୍ ପ୍ରତିପଦ୍ୟେ ତଦର୍ଥଂ ୱ୍ୟୱସ୍ଥାନାଯତ୍ତୋ ଯୋଽହଂ ସୋଽହଂ ୱ୍ୟୱସ୍ଥାଯତ୍ତାନାଂ କୃତେ ୱ୍ୟୱସ୍ଥାଯତ୍ତଇୱାଭୱଂ|
2e091501cd	ଯେ ଚାଲବ୍ଧୱ୍ୟୱସ୍ଥାସ୍ତାନ୍ ଯତ୍ ପ୍ରତିପଦ୍ୟେ ତଦର୍ଥମ୍ ଈଶ୍ୱରସ୍ୟ ସାକ୍ଷାଦ୍ ଅଲବ୍ଧୱ୍ୟୱସ୍ଥୋ ନ ଭୂତ୍ୱା ଖ୍ରୀଷ୍ଟେନ ଲବ୍ଧୱ୍ୟୱସ୍ଥୋ ଯୋଽହଂ ସୋଽହମ୍ ଅଲବ୍ଧୱ୍ୟୱସ୍ଥାନାଂ କୃତେଽଲବ୍ଧୱ୍ୟୱସ୍ଥ ଇୱାଭୱଂ|
2e091601f1	ଦୁର୍ବ୍ବଲାନ୍ ଯତ୍ ପ୍ରତିପଦ୍ୟେ ତଦର୍ଥମହଂ ଦୁର୍ବ୍ବଲାନାଂ କୃତେ ଦୁର୍ବ୍ବଲଇୱାଭୱଂ| ଇତ୍ଥଂ କେନାପି ପ୍ରକାରେଣ କତିପଯା ଲୋକା ଯନ୍ମଯା ପରିତ୍ରାଣଂ ପ୍ରାପ୍ନୁଯୁସ୍ତଦର୍ଥଂ ଯୋ ଯାଦୃଶ ଆସୀତ୍ ତସ୍ୟ କୃତେ ଽହଂ ତାଦୃଶଇୱାଭୱଂ|
2e091700d0	ଇଦୃଶ ଆଚାରଃ ସୁସଂୱାଦାର୍ଥଂ ମଯା କ୍ରିଯତେ ଯତୋଽହଂ ତସ୍ୟ ଫଲାନାଂ ସହଭାଗୀ ଭୱିତୁମିଚ୍ଛାମି|
2e0918016e	ପଣ୍ୟଲାଭାର୍ଥଂ ଯେ ଧାୱନ୍ତି ଧାୱତାଂ ତେଷାଂ ସର୍ୱ୍ୱେଷାଂ କେୱଲ ଏକଃ ପଣ୍ୟଂ ଲଭତେ ଯୁଷ୍ମାଭିଃ କିମେତନ୍ନ ଜ୍ଞାଯତେ? ଅତୋ ଯୂଯଂ ଯଥା ପଣ୍ୟଂ ଲପ୍ସ୍ୟଧ୍ୱେ ତଥୈୱ ଧାୱତ|
2e09190116	ମଲ୍ଲା ଅପି ସର୍ୱ୍ୱଭୋଗେ ପରିମିତଭୋଗିନୋ ଭୱନ୍ତି ତେ ତୁ ମ୍ଲାନାଂ ସ୍ରଜଂ ଲିପ୍ସନ୍ତେ କିନ୍ତୁ ୱଯମ୍ ଅମ୍ଲାନାଂ ଲିପ୍ସାମହେ|
2e091a014b	ତସ୍ମାଦ୍ ଅହମପି ଧାୱାମି କିନ୍ତୁ ଲକ୍ଷ୍ୟମନୁଦ୍ଦିଶ୍ୟ ଧାୱାମି ତନ୍ନହି| ଅହଂ ମଲ୍ଲଇୱ ଯୁଧ୍ୟାମି ଚ କିନ୍ତୁ ଛାଯାମାଘାତଯନ୍ନିୱ ଯୁଧ୍ୟାମି ତନ୍ନହି|
2e091b0100	ଇତରାନ୍ ପ୍ରତି ସୁସଂୱାଦଂ ଘୋଷଯିତ୍ୱାହଂ ଯତ୍ ସ୍ୱଯମଗ୍ରାହ୍ୟୋ ନ ଭୱାମି ତଦର୍ଥଂ ଦେହମ୍ ଆହନ୍ମି ୱଶୀକୁର୍ୱ୍ୱେ ଚ|
2e0a01015f	ହେ ଭ୍ରାତରଃ, ଅସ୍ମତ୍ପିତୃପୁରୁଷାନଧି ଯୂଯଂ ଯଦଜ୍ଞାତା ନ ତିଷ୍ଠତେତି ମମ ୱାଞ୍ଛା, ତେ ସର୍ୱ୍ୱେ ମେଘାଧଃସ୍ଥିତା ବଭୂୱୁଃ ସର୍ୱ୍ୱେ ସମୁଦ୍ରମଧ୍ୟେନ ୱୱ୍ରଜୁଃ,
2e0a02008e	ସର୍ୱ୍ୱେ ମୂସାମୁଦ୍ଦିଶ୍ୟ ମେଘସମୁଦ୍ରଯୋ ର୍ମଜ୍ଜିତା ବଭୂୱୁଃ
2e0a0300a4	ସର୍ୱ୍ୱ ଏକମ୍ ଆତ୍ମିକଂ ଭକ୍ଷ୍ୟଂ ବୁଭୁଜିର ଏକମ୍ ଆତ୍ମିକଂ ପେଯଂ ପପୁଶ୍ଚ
2e0a0400ad	ଯତସ୍ତେଽନୁଚରତ ଆତ୍ମିକାଦ୍ ଅଚଲାତ୍ ଲବ୍ଧଂ ତୋଯଂ ପପୁଃ ସୋଽଚଲଃ ଖ୍ରୀଷ୍ଟଏୱ|
2e0a0500ee	ତଥା ସତ୍ୟପି ତେଷାଂ ମଧ୍ୟେଽଧିକେଷୁ ଲୋକେଷ୍ୱୀଶ୍ୱରୋ ନ ସନ୍ତୁତୋଷେତି ହେତୋସ୍ତେ ପ୍ରନ୍ତରେ ନିପାତିତାଃ|
2e0a06014b	ଏତସ୍ମିନ୍ ତେ ଽସ୍ମାକଂ ନିଦର୍ଶନସ୍ୱରୂପା ବଭୂୱୁଃ; ଅତସ୍ତେ ଯଥା କୁତ୍ସିତାଭିଲାଷିଣୋ ବଭୂୱୁରସ୍ମାଭିସ୍ତଥା କୁତ୍ସିତାଭିଲାଷିଭି ର୍ନ ଭୱିତୱ୍ୟଂ|
2e0a07018d	ଲିଖିତମାସ୍ତେ, ଲୋକା ଭୋକ୍ତୁଂ ପାତୁଞ୍ଚୋପୱିୱିଶୁସ୍ତତଃ କ୍ରୀଡିତୁମୁତ୍ଥିତା ଇତଯନେନ ପ୍ରକାରେଣ ତେଷାଂ କୈଶ୍ଚିଦ୍ ଯଦ୍ୱଦ୍ ଦେୱପୂଜା କୃତା ଯୁଷ୍ମାଭିସ୍ତଦ୍ୱତ୍ ନ କ୍ରିଯତାଂ|
2e0a08017a	ଅପରଂ ତେଷାଂ କୈଶ୍ଚିଦ୍ ଯଦ୍ୱଦ୍ ୱ୍ୟଭିଚାରଃ କୃତସ୍ତେନ ଚୈକସ୍ମିନ୍ ଦିନେ ତ୍ରଯୋୱିଂଶତିସହସ୍ରାଣି ଲୋକା ନିପାତିତାସ୍ତଦ୍ୱଦ୍ ଅସ୍ମାଭି ର୍ୱ୍ୟଭିଚାରୋ ନ କର୍ତ୍ତୱ୍ୟଃ|
2e0a090132	ତେଷାଂ କେଚିଦ୍ ଯଦ୍ୱତ୍ ଖ୍ରୀଷ୍ଟଂ ପରୀକ୍ଷିତୱନ୍ତସ୍ତସ୍ମାଦ୍ ଭୁଜଙ୍ଗୈ ର୍ନଷ୍ଟାଶ୍ଚ ତଦ୍ୱଦ୍ ଅସ୍ମାଭିଃ ଖ୍ରୀଷ୍ଟୋ ନ ପରୀକ୍ଷିତୱ୍ୟଃ|
2e0a0a011f	ତେଷାଂ କେଚିଦ୍ ଯଥା ୱାକ୍କଲହଂ କୃତୱନ୍ତସ୍ତତ୍କାରଣାତ୍ ହନ୍ତ୍ରା ୱିନାଶିତାଶ୍ଚ ଯୁଷ୍ମାଭିସ୍ତଦ୍ୱଦ୍ ୱାକ୍କଲହୋ ନ କ୍ରିଯତାଂ|
2e0a0b0143	ତାନ୍ ପ୍ରତି ଯାନ୍ୟେତାନି ଜଘଟିରେ ତାନ୍ୟସ୍ମାକଂ ନିଦର୍ଶନାନି ଜଗତଃ ଶେଷଯୁଗେ ୱର୍ତ୍ତମାନାନାମ୍ ଅସ୍ମାକଂ ଶିକ୍ଷାର୍ଥଂ ଲିଖିତାନି ଚ ବଭୂୱୁଃ|
2e0a0c00a3	ଅତଏୱ ଯଃ କଶ୍ଚିଦ୍ ସୁସ୍ଥିରଂମନ୍ୟଃ ସ ଯନ୍ନ ପତେତ୍ ତତ୍ର ସାୱଧାନୋ ଭୱତୁ|
2e0a0d0248	ମାନୁଷିକପରୀକ୍ଷାତିରିକ୍ତା କାପି ପରୀକ୍ଷା ଯୁଷ୍ମାନ୍ ନାକ୍ରାମତ୍, ଈଶ୍ୱରଶ୍ଚ ୱିଶ୍ୱାସ୍ୟଃ ସୋଽତିଶକ୍ତ୍ୟାଂ ପରୀକ୍ଷାଯାଂ ପତନାତ୍ ଯୁଷ୍ମାନ୍ ରକ୍ଷିଷ୍ୟତି, ପରୀକ୍ଷା ଚ ଯଦ୍ ଯୁଷ୍ମାଭିଃ ସୋଢୁଂ ଶକ୍ୟତେ ତଦର୍ଥଂ ତଯା ସହ ନିସ୍ତାରସ୍ୟ ପନ୍ଥାନଂ ନିରୂପଯିଷ୍ୟତି|
2e0a0e0069	ହେ ପ୍ରିଯଭ୍ରାତରଃ, ଦେୱପୂଜାତୋ ଦୂରମ୍ ଅପସରତ|
2e0a0f00d1	ଅହଂ ଯୁଷ୍ମାନ୍ ୱିଜ୍ଞାନ୍ ମତ୍ୱା ପ୍ରଭାଷେ ମଯା ଯତ୍ କଥ୍ୟତେ ତଦ୍ ଯୁଷ୍ମାଭି ର୍ୱିୱିଚ୍ୟତାଂ|
2e0a100198	ଯଦ୍ ଧନ୍ୟୱାଦପାତ୍ରମ୍ ଅସ୍ମାଭି ର୍ଧନ୍ୟଂ ଗଦ୍ୟତେ ତତ୍ କିଂ ଖ୍ରୀଷ୍ଟସ୍ୟ ଶୋଣିତସ୍ୟ ସହଭାଗିତ୍ୱଂ ନହି? ଯଶ୍ଚ ପୂପୋଽସ୍ମାଭି ର୍ଭଜ୍ୟତେ ସ କିଂ ଖ୍ରୀଷ୍ଟସ୍ୟ ୱପୁଷଃ ସହଭାଗିତ୍ୱଂ ନହି?
2e0a1100f2	ୱଯଂ ବହୱଃ ସନ୍ତୋଽପ୍ୟେକପୂପସ୍ୱରୂପା ଏକୱପୁଃସ୍ୱରୂପାଶ୍ଚ ଭୱାମଃ, ଯତୋ ୱଯଂ ସର୍ୱ୍ୱ ଏକପୂପସ୍ୟ ସହଭାଗିନଃ|
2e0a120120	ଯୂଯଂ ଶାରୀରିକମ୍ ଇସ୍ରାଯେଲୀଯୱଂଶଂ ନିରୀକ୍ଷଧ୍ୱଂ| ଯେ ବଲୀନାଂ ମାଂସାନି ଭୁଞ୍ଜତେ ତେ କିଂ ଯଜ୍ଞୱେଦ୍ୟାଃ ସହଭାଗିନୋ ନ ଭୱନ୍ତି?
2e0a1300d3	ଇତ୍ୟନେନ ମଯା କିଂ କଥ୍ୟତେ? ଦେୱତା ୱାସ୍ତୱିକୀ ଦେୱତାଯୈ ବଲିଦାନଂ ୱା ୱାସ୍ତୱିକଂ କିଂ ଭୱେତ୍?
2e0a14016b	ତନ୍ନହି କିନ୍ତୁ ଭିନ୍ନଜାତିଭି ର୍ୟେ ବଲଯୋ ଦୀଯନ୍ତେ ତ ଈଶ୍ୱରାଯ ତନ୍ନହି ଭୂତେଭ୍ୟଏୱ ଦୀଯନ୍ତେ ତସ୍ମାଦ୍ ଯୂଯଂ ଯଦ୍ ଭୂତାନାଂ ସହଭାଗିନୋ ଭୱଥେତ୍ୟହଂ ନାଭିଲଷାମି|
2e0a15013f	ପ୍ରଭୋଃ କଂସେନ ଭୂତାନାମପି କଂସେନ ପାନଂ ଯୁଷ୍ମାଭିରସାଧ୍ୟଂ; ଯୂଯଂ ପ୍ରଭୋ ର୍ଭୋଜ୍ୟସ୍ୟ ଭୂତାନାମପି ଭୋଜ୍ୟସ୍ୟ ସହଭାଗିନୋ ଭୱିତୁଂ ନ ଶକ୍ନୁଥ|
2e0a160099	ୱଯଂ କିଂ ପ୍ରଭୁଂ ସ୍ପର୍ଦ୍ଧିଷ୍ୟାମହେ? ୱଯଂ କିଂ ତସ୍ମାଦ୍ ବଲୱନ୍ତଃ?
2e0a170134	ମାଂ ପ୍ରତି ସର୍ୱ୍ୱଂ କର୍ମ୍ମାପ୍ରତିଷିଦ୍ଧଂ କିନ୍ତୁ ନ ସର୍ୱ୍ୱଂ ହିତଜନକଂ ସର୍ୱ୍ୱମ୍ ଅପ୍ରତିଷିଦ୍ଧଂ କିନ୍ତୁ ନ ସର୍ୱ୍ୱଂ ନିଷ୍ଠାଜନକଂ|
2e0a1800b5	ଆତ୍ମହିତଃ କେନାପି ନ ଚେଷ୍ଟିତୱ୍ୟଃ କିନ୍ତୁ ସର୍ୱ୍ୱୈଃ ପରହିତଶ୍ଚେଷ୍ଟିତୱ୍ୟଃ|
2e0a1900c0	ଆପଣେ ଯତ୍ କ୍ରଯ୍ୟଂ ତଦ୍ ଯୁଷ୍ମାଭିଃ ସଂୱେଦସ୍ୟାର୍ଥଂ କିମପି ନ ପୃଷ୍ଟ୍ୱା ଭୁଜ୍ୟତାଂ
2e0a1a007d	ଯତଃ ପୃଥିୱୀ ତନ୍ମଧ୍ୟସ୍ଥଞ୍ଚ ସର୍ୱ୍ୱଂ ପରମେଶ୍ୱରସ୍ୟ|
2e0a1b0197	ଅପରମ୍ ଅୱିଶ୍ୱାସିଲୋକାନାଂ କେନଚିତ୍ ନିମନ୍ତ୍ରିତା ଯୂଯଂ ଯଦି ତତ୍ର ଜିଗମିଷଥ ତର୍ହି ତେନ ଯଦ୍ ଯଦ୍ ଉପସ୍ଥାପ୍ୟତେ ତଦ୍ ଯୁଷ୍ମାଭିଃ ସଂୱେଦସ୍ୟାର୍ଥଂ କିମପି ନ ପୃଷ୍ଟ୍ୱା ଭୁଜ୍ୟତାଂ|
2e0a1c0200	କିନ୍ତୁ ତତ୍ର ଯଦି କଶ୍ଚିଦ୍ ଯୁଷ୍ମାନ୍ ୱଦେତ୍ ଭକ୍ଷ୍ୟମେତଦ୍ ଦେୱତାଯାଃ ପ୍ରସାଦ ଇତି ତର୍ହି ତସ୍ୟ ଜ୍ଞାପଯିତୁରନୁରୋଧାତ୍ ସଂୱେଦସ୍ୟାର୍ଥଞ୍ଚ ତଦ୍ ଯୁଷ୍ମାଭି ର୍ନ ଭୋକ୍ତୱ୍ୟଂ| ପୃଥିୱୀ ତନ୍ମଧ୍ୟସ୍ଥଞ୍ଚ ସର୍ୱ୍ୱଂ ପରମେଶ୍ୱରସ୍ୟ,
2e0a1d00a7	ସତ୍ୟମେତତ୍, କିନ୍ତୁ ମଯା ଯଃ ସଂୱେଦୋ ନିର୍ଦ୍ଦିଶ୍ୟତେ ସ ତୱ ନହି ପରସ୍ୟୈୱ|
2e0a1e00d6	ଅନୁଗ୍ରହପାତ୍ରେଣ ମଯା ଧନ୍ୟୱାଦଂ କୃତ୍ୱା ଯଦ୍ ଭୁଜ୍ୟତେ ତତ୍କାରଣାଦ୍ ଅହଂ କୁତୋ ନିନ୍ଦିଷ୍ୟେ?
2e0a1f012b	ତସ୍ମାଦ୍ ଭୋଜନଂ ପାନମ୍ ଅନ୍ୟଦ୍ୱା କର୍ମ୍ମ କୁର୍ୱ୍ୱଦ୍ଭି ର୍ୟୁଷ୍ମାଭିଃ ସର୍ୱ୍ୱମେୱେଶ୍ୱରସ୍ୟ ମହିମ୍ନଃ ପ୍ରକାଶାର୍ଥଂ କ୍ରିଯତାଂ|
2e0a2000e4	ଯିହୂଦୀଯାନାଂ ଭିନ୍ନଜାତୀଯାନାମ୍ ଈଶ୍ୱରସ୍ୟ ସମାଜସ୍ୟ ୱା ୱିଘ୍ନଜନକୈ ର୍ୟୁଷ୍ମାଭି ର୍ନ ଭୱିତୱ୍ୟଂ|
2e0a2101dc	ଅହମପ୍ୟାତ୍ମହିତମ୍ ଅଚେଷ୍ଟମାନୋ ବହୂନାଂ ପରିତ୍ରାଣାର୍ଥଂ ତେଷାଂ ହିତଂ ଚେଷ୍ଟମାନଃ ସର୍ୱ୍ୱୱିଷଯେ ସର୍ୱ୍ୱେଷାଂ ତୁଷ୍ଟିକରୋ ଭୱାମୀତ୍ୟନେନାହଂ ଯଦ୍ୱତ୍ ଖ୍ରୀଷ୍ଟସ୍ୟାନୁଗାମୀ ତଦ୍ୱଦ୍ ଯୂଯଂ ମମାନୁଗାମିନୋ ଭୱତ|
2e0b010134	ହେ ଭ୍ରାତରଃ, ଯୂଯଂ ସର୍ୱ୍ୱସ୍ମିନ୍ କାର୍ୟ୍ୟେ ମାଂ ସ୍ମରଥ ମଯା ଚ ଯାଦୃଗୁପଦିଷ୍ଟାସ୍ତାଦୃଗାଚରଥୈତତ୍କାରଣାତ୍ ମଯା ପ୍ରଶଂସନୀଯା ଆଧ୍ବେ|
2e0b020070	ତଥାପି ମମୈଷା ୱାଞ୍ଛା ଯଦ୍ ଯୂଯମିଦମ୍ ଅୱଗତା ଭୱଥ,
2e0b030139	ଏକୈକସ୍ୟ ପୁରୁଷସ୍ୟୋତ୍ତମାଙ୍ଗସ୍ୱରୂପଃ ଖ୍ରୀଷ୍ଟଃ, ଯୋଷିତଶ୍ଚୋତ୍ତମାଙ୍ଗସ୍ୱରୂପଃ ପୁମାନ୍, ଖ୍ରୀଷ୍ଟସ୍ୟ ଚୋତ୍ତମାଙ୍ଗସ୍ୱରୂପ ଈଶ୍ୱରଃ|
2e0b040126	ଅପରମ୍ ଆଚ୍ଛାଦିତୋତ୍ତମାଙ୍ଗେନ ଯେନ ପୁଂସା ପ୍ରାର୍ଥନା କ୍ରିଯତ ଈଶ୍ୱରୀଯୱାଣୀ କଥ୍ୟତେ ୱା ତେନ ସ୍ୱୀଯୋତ୍ତମାଙ୍ଗମ୍ ଅୱଜ୍ଞାଯତେ|
2e0b05016b	ଅନାଚ୍ଛାଦିତୋତ୍ତମାଙ୍ଗଯା ଯଯା ଯୋଷିତା ଚ ପ୍ରାର୍ଥନା କ୍ରିଯତ ଈଶ୍ୱରୀଯୱାଣୀ କଥ୍ୟତେ ୱା ତଯାପି ସ୍ୱୀଯୋତ୍ତମାଙ୍ଗମ୍ ଅୱଜ୍ଞାଯତେ ଯତଃ ସା ମୁଣ୍ଡିତଶିରଃସଦୃଶା|
2e0b060180	ଅନାଚ୍ଛାଦିତମସ୍ତକା ଯା ଯୋଷିତ୍ ତସ୍ୟାଃ ଶିରଃ ମୁଣ୍ଡନୀଯମେୱ କିନ୍ତୁ ଯୋଷିତଃ କେଶଚ୍ଛେଦନଂ ଶିରୋମୁଣ୍ଡନଂ ୱା ଯଦି ଲଜ୍ଜାଜନକଂ ଭୱେତ୍ ତର୍ହି ତଯା ସ୍ୱଶିର ଆଚ୍ଛାଦ୍ୟତାଂ|
2e0b070150	ପୁମାନ୍ ଈଶ୍ୱରସ୍ୟ ପ୍ରତିମୂର୍ତ୍ତିଃ ପ୍ରତିତେଜଃସ୍ୱରୂପଶ୍ଚ ତସ୍ମାତ୍ ତେନ ଶିରୋ ନାଚ୍ଛାଦନୀଯଂ କିନ୍ତୁ ସୀମନ୍ତିନୀ ପୁଂସଃ ପ୍ରତିବିମ୍ବସ୍ୱରୂପା|
2e0b08008f	ଯତୋ ଯୋଷାତଃ ପୁମାନ୍ ନୋଦପାଦି କିନ୍ତୁ ପୁଂସୋ ଯୋଷିଦ୍ ଉଦପାଦି|
2e0b0900dc	ଅଧିକନ୍ତୁ ଯୋଷିତଃ କୃତେ ପୁଂସଃ ସୃଷ୍ଟି ର୍ନ ବଭୂୱ କିନ୍ତୁ ପୁଂସଃ କୃତେ ଯୋଷିତଃ ସୃଷ୍ଟି ର୍ବଭୂୱ|
2e0b0a00bf	ଇତି ହେତୋ ର୍ଦୂତାନାମ୍ ଆଦରାଦ୍ ଯୋଷିତା ଶିରସ୍ୟଧୀନତାସୂଚକମ୍ ଆୱରଣଂ ଧର୍ତ୍ତୱ୍ୟଂ|
2e0b0b00cf	ତଥାପି ପ୍ରଭୋ ର୍ୱିଧିନା ପୁମାଂସଂ ୱିନା ଯୋଷିନ୍ନ ଜାଯତେ ଯୋଷିତଞ୍ଚ ୱିନା ପୁମାନ୍ ନ ଜାଯତେ|
2e0b0c00f1	ଯତୋ ଯଥା ପୁଂସୋ ଯୋଷିଦ୍ ଉଦପାଦି ତଥା ଯୋଷିତଃ ପୁମାନ୍ ଜାଯତେ, ସର୍ୱ୍ୱୱସ୍ତୂନି ଚେଶ୍ୱରାଦ୍ ଉତ୍ପଦ୍ୟନ୍ତେ|
2e0b0d00c9	ଯୁଷ୍ମାଭିରେୱୈତଦ୍ ୱିୱିଚ୍ୟତାଂ, ଅନାୱୃତଯା ଯୋଷିତା ପ୍ରାର୍ଥନଂ କିଂ ସୁଦୃଶ୍ୟଂ ଭୱେତ୍?
2e0b0e00db	ପୁରୁଷସ୍ୟ ଦୀର୍ଘକେଶତ୍ୱଂ ତସ୍ୟ ଲଜ୍ଜାଜନକଂ, କିନ୍ତୁ ଯୋଷିତୋ ଦୀର୍ଘକେଶତ୍ୱଂ ତସ୍ୟା ଗୌରୱଜନକଂ
2e0b0f00b9	ଯତ ଆଚ୍ଛାଦନାଯ ତସ୍ୟୈ କେଶା ଦତ୍ତା ଇତି କିଂ ଯୁଷ୍ମାଭିଃ ସ୍ୱଭାୱତୋ ନ ଶିକ୍ଷ୍ୟତେ?
2e0b1000fb	ଅତ୍ର ଯଦି କଶ୍ଚିଦ୍ ୱିୱଦିତୁମ୍ ଇଚ୍ଛେତ୍ ତର୍ହ୍ୟସ୍ମାକମ୍ ଈଶ୍ୱରୀଯସମିତୀନାଞ୍ଚ ତାଦୃଶୀ ରୀତି ର୍ନ ୱିଦ୍ୟତେ|
2e0b1100fd	ଯୁଷ୍ମାଭି ର୍ନ ଭଦ୍ରାଯ କିନ୍ତୁ କୁତ୍ସିତାଯ ସମାଗମ୍ୟତେ ତସ୍ମାଦ୍ ଏତାନି ଭାଷମାଣେନ ମଯା ଯୂଯଂ ନ ପ୍ରଶଂସନୀଯାଃ|
2e0b120123	ପ୍ରଥମତଃ ସମିତୌ ସମାଗତାନାଂ ଯୁଷ୍ମାକଂ ମଧ୍ୟେ ଭେଦାଃ ସନ୍ତୀତି ୱାର୍ତ୍ତା ମଯା ଶ୍ରୂଯତେ ତନ୍ମଧ୍ୟେ କିଞ୍ଚିତ୍ ସତ୍ୟଂ ମନ୍ୟତେ ଚ|
2e0b1300e5	ଯତୋ ହେତୋ ର୍ୟୁଷ୍ମନ୍ମଧ୍ୟେ ଯେ ପରୀକ୍ଷିତାସ୍ତେ ଯତ୍ ପ୍ରକାଶ୍ୟନ୍ତେ ତଦର୍ଥଂ ଭେଦୈ ର୍ଭୱିତୱ୍ୟମେୱ|
2e0b140095	ଏକତ୍ର ସମାଗତୈ ର୍ୟୁଷ୍ମାଭିଃ ପ୍ରଭାୱଂ ଭେଜ୍ୟଂ ଭୁଜ୍ୟତ ଇତି ନହି;
2e0b150147	ଯତୋ ଭୋଜନକାଲେ ଯୁଷ୍ମାକମେକୈକେନ ସ୍ୱକୀଯଂ ଭକ୍ଷ୍ୟଂ ତୂର୍ଣଂ ଗ୍ରସ୍ୟତେ ତସ୍ମାଦ୍ ଏକୋ ଜନୋ ବୁଭୁକ୍ଷିତସ୍ତିଷ୍ଠତି, ଅନ୍ୟଶ୍ଚ ପରିତୃପ୍ତୋ ଭୱତି|
2e0b160208	ଭୋଜନପାନାର୍ଥଂ ଯୁଷ୍ମାକଂ କିଂ ୱେଶ୍ମାନି ନ ସନ୍ତି? ଯୁଷ୍ମାଭି ର୍ୱା କିମ୍ ଈଶ୍ୱରସ୍ୟ ସମିତିଂ ତୁଚ୍ଛୀକୃତ୍ୟ ଦୀନା ଲୋକା ଅୱଜ୍ଞାଯନ୍ତେ? ଇତ୍ୟନେନ ମଯା କିଂ ୱକ୍ତୱ୍ୟଂ? ଯୂଯଂ କିଂ ମଯା ପ୍ରଶଂସନୀଯାଃ? ଏତସ୍ମିନ୍ ଯୂଯଂ ନ ପ୍ରଶଂସନୀଯାଃ|
2e0b17008d	ପ୍ରଭୁତୋ ଯ ଉପଦେଶୋ ମଯା ଲବ୍ଧୋ ଯୁଷ୍ମାସୁ ସମର୍ପିତଶ୍ଚ ସ ଏଷଃ|
2e0b18020e	ପରକରସମର୍ପଣକ୍ଷପାଯାଂ ପ୍ରଭୁ ର୍ୟୀଶୁଃ ପୂପମାଦାଯେଶ୍ୱରଂ ଧନ୍ୟଂ ୱ୍ୟାହୃତ୍ୟ ତଂ ଭଙ୍କ୍ତ୍ୱା ଭାଷିତୱାନ୍ ଯୁଷ୍ମାଭିରେତଦ୍ ଗୃହ୍ୟତାଂ ଭୁଜ୍ୟତାଞ୍ଚ ତଦ୍ ଯୁଷ୍ମତ୍କୃତେ ଭଗ୍ନଂ ମମ ଶରୀରଂ; ମମ ସ୍ମରଣାର୍ଥଂ ଯୁଷ୍ମାଭିରେତତ୍ କ୍ରିଯତାଂ|
2e0b19017c	ପୁନଶ୍ଚ ଭେଜନାତ୍ ପରଂ ତଥୈୱ କଂସମ୍ ଆଦାଯ ତେନୋକ୍ତଂ କଂସୋଽଯଂ ମମ ଶୋଣିତେନ ସ୍ଥାପିତୋ ନୂତନନିଯମଃ; ଯତିୱାରଂ ଯୁଷ୍ମାଭିରେତତ୍ ପୀଯତେ ତତିୱାରଂ ମମ ସ୍ମରଣାର୍ଥଂ ପୀଯତାଂ|
2e0b1a0118	ଯତିୱାରଂ ଯୁଷ୍ମାଭିରେଷ ପୂପୋ ଭୁଜ୍ୟତେ ଭାଜନେନାନେନ ପୀଯତେ ଚ ତତିୱାରଂ ପ୍ରଭୋରାଗମନଂ ଯାୱତ୍ ତସ୍ୟ ମୃତ୍ୟୁଃ ପ୍ରକାଶ୍ୟତେ|
2e0b1b0142	ଅପରଞ୍ଚ ଯଃ କଶ୍ଚିଦ୍ ଅଯୋଗ୍ୟତ୍ୱେନ ପ୍ରଭୋରିମଂ ପୂପମ୍ ଅଶ୍ନାତି ତସ୍ୟାନେନ ଭାଜନେନ ପିୱତି ଚ ସ ପ୍ରଭୋଃ କାଯରୁଧିରଯୋ ର୍ଦଣ୍ଡଦାଯୀ ଭୱିଷ୍ୟତି|
2e0b1c00d7	ତସ୍ମାତ୍ ମାନୱେନାଗ୍ର ଆତ୍ମାନ ପରୀକ୍ଷ୍ୟ ପଶ୍ଚାଦ୍ ଏଷ ପୂପୋ ଭୁଜ୍ୟତାଂ କଂସେନାନେନ ଚ ପୀଯତାଂ|
2e0b1d00ee	ଯେନ ଚାନର୍ହତ୍ୱେନ ଭୁଜ୍ୟତେ ପୀଯତେ ଚ ପ୍ରଭୋଃ କାଯମ୍ ଅୱିମୃଶତା ତେନ ଦଣ୍ଡପ୍ରାପ୍ତଯେ ଭୁଜ୍ୟତେ ପୀଯତେ ଚ|
2e0b1e00df	ଏତତ୍କାରଣାଦ୍ ଯୁଷ୍ମାକଂ ଭୂରିଶୋ ଲୋକା ଦୁର୍ବ୍ବଲା ରୋଗିଣଶ୍ଚ ସନ୍ତି ବହୱଶ୍ଚ ମହାନିଦ୍ରାଂ ଗତାଃ|
2e0b1f009e	ଅସ୍ମାଭି ର୍ୟଦ୍ୟାତ୍ମୱିଚାରୋଽକାରିଷ୍ୟତ ତର୍ହି ଦଣ୍ଡୋ ନାଲପ୍ସ୍ୟତ;
2e0b200110	କିନ୍ତୁ ଯଦାସ୍ମାକଂ ୱିଚାରୋ ଭୱତି ତଦା ୱଯଂ ଜଗତୋ ଜନୈଃ ସମଂ ଯଦ୍ ଦଣ୍ଡଂ ନ ଲଭାମହେ ତଦର୍ଥଂ ପ୍ରଭୁନା ଶାସ୍ତିଂ ଭୁଂଜ୍ମହେ|
2e0b2100b3	ହେ ମମ ଭ୍ରାତରଃ, ଭୋଜନାର୍ଥଂ ମିଲିତାନାଂ ଯୁଷ୍ମାକମ୍ ଏକେନେତରୋଽନୁଗୃହ୍ୟତାଂ|
2e0b22017f	ଯଶ୍ଚ ବୁଭୁକ୍ଷିତଃ ସ ସ୍ୱଗୃହେ ଭୁଙ୍କ୍ତାଂ| ଦଣ୍ଡପ୍ରାପ୍ତଯେ ଯୁଷ୍ମାଭି ର୍ନ ସମାଗମ୍ୟତାଂ| ଏତଦ୍ଭିନ୍ନଂ ଯଦ୍ ଆଦେଷ୍ଟୱ୍ୟଂ ତଦ୍ ଯୁଷ୍ମତ୍ସମୀପାଗମନକାଲେ ମଯାଦେକ୍ଷ୍ୟତେ|
2e0c0100b8	ହେ ଭ୍ରାତରଃ, ଯୂଯଂ ଯଦ୍ ଆତ୍ମିକାନ୍ ଦାଯାନ୍ ଅନୱଗତାସ୍ତିଷ୍ଠଥ ତଦହଂ ନାଭିଲଷାମି|
2e0c0200fd	ପୂର୍ୱ୍ୱଂ ଭିନ୍ନଜାତୀଯା ଯୂଯଂ ଯଦ୍ୱଦ୍ ୱିନୀତାସ୍ତଦ୍ୱଦ୍ ଅୱାକ୍ପ୍ରତିମାନାମ୍ ଅନୁଗାମିନ ଆଧ୍ବମ୍ ଇତି ଜାନୀଥ|
2e0c0301d4	ଇତି ହେତୋରହଂ ଯୁଷ୍ମଭ୍ୟଂ ନିୱେଦଯାମି, ଈଶ୍ୱରସ୍ୟାତ୍ମନା ଭାଷମାଣଃ କୋଽପି ଯୀଶୁଂ ଶପ୍ତ ଇତି ନ ୱ୍ୟାହରତି, ପୁନଶ୍ଚ ପୱିତ୍ରେଣାତ୍ମନା ୱିନୀତଂ ୱିନାନ୍ୟଃ କୋଽପି ଯୀଶୁଂ ପ୍ରଭୁରିତି ୱ୍ୟାହର୍ତ୍ତୁଂ ନ ଶକ୍ନୋତି|
2e0c040051	ଦାଯା ବହୁୱିଧାଃ କିନ୍ତ୍ୱେକ ଆତ୍ମା
2e0c050073	ପରିଚର୍ୟ୍ୟାଶ୍ଚ ବହୁୱିଧାଃ କିନ୍ତ୍ୱେକଃ ପ୍ରଭୁଃ|
2e0c06009a	ସାଧନାନି ବହୁୱିଧାନି କିନ୍ତୁ ସର୍ୱ୍ୱେଷୁ ସର୍ୱ୍ୱସାଧକ ଈଶ୍ୱର ଏକଃ|
2e0c07007a	ଏକୈକସ୍ମୈ ତସ୍ୟାତ୍ମନୋ ଦର୍ଶନଂ ପରହିତାର୍ଥଂ ଦୀଯତେ|
2e0c0800d7	ଏକସ୍ମୈ ତେନାତ୍ମନା ଜ୍ଞାନୱାକ୍ୟଂ ଦୀଯତେ, ଅନ୍ୟସ୍ମୈ ତେନୈୱାତ୍ମନାଦିଷ୍ଟଂ ୱିଦ୍ୟାୱାକ୍ୟମ୍,
2e0c0900c7	ଅନ୍ୟସ୍ମୈ ତେନୈୱାତ୍ମନା ୱିଶ୍ୱାସଃ, ଅନ୍ୟସ୍ମୈ ତେନୈୱାତ୍ମନା ସ୍ୱାସ୍ଥ୍ୟଦାନଶକ୍ତିଃ,
2e0c0a01c0	ଅନ୍ୟସ୍ମୈ ଦୁଃସାଧ୍ୟସାଧନଶକ୍ତିରନ୍ୟସ୍ମୈ ଚେଶ୍ୱରୀଯାଦେଶଃ, ଅନ୍ୟସ୍ମୈ ଚାତିମାନୁଷିକସ୍ୟାଦେଶସ୍ୟ ୱିଚାରସାମର୍ଥ୍ୟମ୍, ଅନ୍ୟସ୍ମୈ ପରଭାଷାଭାଷଣଶକ୍ତିରନ୍ୟସ୍ମୈ ଚ ଭାଷାର୍ଥଭାଷଣସାମର୍ୟଂ ଦୀଯତେ|
2e0c0b00f6	ଏକେନାଦ୍ୱିତୀଯେନାତ୍ମନା ଯଥାଭିଲାଷମ୍ ଏକୈକସ୍ମୈ ଜନାଯୈକୈକଂ ଦାନଂ ୱିତରତା ତାନି ସର୍ୱ୍ୱାଣି ସାଧ୍ୟନ୍ତେ|
2e0c0c0135	ଦେହ ଏକଃ ସନ୍ନପି ଯଦ୍ୱଦ୍ ବହ୍ୱଙ୍ଗଯୁକ୍ତୋ ଭୱତି, ତସ୍ୟୈକସ୍ୟ ୱପୁଷୋ ଽଙ୍ଗାନାଂ ବହୁତ୍ୱେନ ଯଦ୍ୱଦ୍ ଏକଂ ୱପୁ ର୍ଭୱତି, ତଦ୍ୱତ୍ ଖ୍ରୀଷ୍ଟଃ|
2e0c0d0135	ଯତୋ ହେତୋ ର୍ୟିହୂଦିଭିନ୍ନଜାତୀଯଦାସସ୍ୱତନ୍ତ୍ରା ୱଯଂ ସର୍ୱ୍ୱେ ମଜ୍ଜନେନୈକେନାତ୍ମନୈକଦେହୀକୃତାଃ ସର୍ୱ୍ୱେ ଚୈକାତ୍ମଭୁକ୍ତା ଅଭୱାମ|
2e0c0e0066	ଏକେନାଙ୍ଗେନ ୱପୁ ର୍ନ ଭୱତି କିନ୍ତୁ ବହୁଭିଃ|
2e0c0f0108	ତତ୍ର ଚରଣଂ ଯଦି ୱଦେତ୍ ନାହଂ ହସ୍ତସ୍ତସ୍ମାତ୍ ଶରୀରସ୍ୟ ଭାଗୋ ନାସ୍ମୀତି ତର୍ହ୍ୟନେନ ଶରୀରାତ୍ ତସ୍ୟ ୱିଯୋଗୋ ନ ଭୱତି|
2e0c100108	ଶ୍ରୋତ୍ରଂ ୱା ଯଦି ୱଦେତ୍ ନାହଂ ନଯନଂ ତସ୍ମାତ୍ ଶରୀରସ୍ୟାଂଶୋ ନାସ୍ମୀତି ତର୍ହ୍ୟନେନ ଶରୀରାତ୍ ତସ୍ୟ ୱିଯୋଗୋ ନ ଭୱତି|
2e0c1101a9	କୃତ୍ସ୍ନଂ ଶରୀରଂ ଯଦି ଦର୍ଶନେନ୍ଦ୍ରିଯଂ ଭୱେତ୍ ତର୍ହି ଶ୍ରୱଣେନ୍ଦ୍ରିଯଂ କୁତ୍ର ସ୍ଥାସ୍ୟତି? ତତ୍ କୃତ୍ସ୍ନଂ ଯଦି ୱା ଶ୍ରୱଣେନ୍ଦ୍ରିଯଂ ଭୱେତ୍ ତର୍ହି ଘ୍ରଣେନ୍ଦ୍ରିଯଂ କୁତ୍ର ସ୍ଥାସ୍ୟତି?
2e0c1200dc	କିନ୍ତ୍ୱିଦାନୀମ୍ ଈଶ୍ୱରେଣ ଯଥାଭିଲଷିତଂ ତଥୈୱାଙ୍ଗପ୍ରତ୍ୟଙ୍ଗାନାମ୍ ଏକୈକଂ ଶରୀରେ ସ୍ଥାପିତଂ|
2e0c1300aa	ତତ୍ କୃତ୍ସ୍ନଂ ଯଦ୍ୟେକାଙ୍ଗରୂପି ଭୱେତ୍ ତର୍ହି ଶରୀରେ କୁତ୍ର ସ୍ଥାସ୍ୟତି?
2e0c140075	ତସ୍ମାଦ୍ ଅଙ୍ଗାନି ବହୂନି ସନ୍ତି ଶରୀରଂ ତ୍ୱେକମେୱ|
2e0c150163	ଅତଏୱ ତ୍ୱଯା ମମ ପ୍ରଯୋଜନଂ ନାସ୍ତୀତି ୱାଚଂ ପାଣିଂ ୱଦିତୁଂ ନଯନଂ ନ ଶକ୍ନୋତି, ତଥା ଯୁୱାଭ୍ୟାଂ ମମ ପ୍ରଯୋଜନଂ ନାସ୍ତୀତି ମୂର୍ଦ୍ଧା ଚରଣୌ ୱଦିତୁଂ ନ ଶକ୍ନୋତିଃ;
2e0c1600fe	ୱସ୍ତୁତସ୍ତୁ ୱିଗ୍ରହସ୍ୟ ଯାନ୍ୟଙ୍ଗାନ୍ୟସ୍ମାଭି ର୍ଦୁର୍ବ୍ବଲାନି ବୁଧ୍ୟନ୍ତେ ତାନ୍ୟେୱ ସପ୍ରଯୋଜନାନି ସନ୍ତି|
2e0c170129	ଯାନି ଚ ଶରୀରମଧ୍ୟେଽୱମନ୍ୟାନି ବୁଧ୍ୟତେ ତାନ୍ୟସ୍ମାଭିରଧିକଂ ଶୋଭ୍ୟନ୍ତେ| ଯାନି ଚ କୁଦୃଶ୍ୟାନି ତାନି ସୁଦୃଶ୍ୟତରାଣି କ୍ରିଯନ୍ତେ
2e0c180097	କିନ୍ତୁ ଯାନି ସ୍ୱଯଂ ସୁଦୃଶ୍ୟାନି ତେଷାଂ ଶୋଭନମ୍ ନିଷ୍ପ୍ରଯୋଜନଂ|
2e0c190192	ଶରୀରମଧ୍ୟେ ଯଦ୍ ଭେଦୋ ନ ଭୱେତ୍ କିନ୍ତୁ ସର୍ୱ୍ୱାଣ୍ୟଙ୍ଗାନି ଯଦ୍ ଐକ୍ୟଭାୱେନ ସର୍ୱ୍ୱେଷାଂ ହିତଂ ଚିନ୍ତଯନ୍ତି ତଦର୍ଥମ୍ ଈଶ୍ୱରେଣାପ୍ରଧାନମ୍ ଆଦରଣୀଯଂ କୃତ୍ୱା ଶରୀରଂ ୱିରଚିତଂ|
2e0c1a0149	ତସ୍ମାଦ୍ ଏକସ୍ୟାଙ୍ଗସ୍ୟ ପୀଡାଯାଂ ଜାତାଯାଂ ସର୍ୱ୍ୱାଣ୍ୟଙ୍ଗାନି ତେନ ସହ ପୀଡ୍ୟନ୍ତେ, ଏକସ୍ୟ ସମାଦରେ ଜାତେ ଚ ସର୍ୱ୍ୱାଣି ତେନ ସହ ସଂହୃଷ୍ୟନ୍ତି|
2e0c1b00a4	ଯୂଯଞ୍ଚ ଖ୍ରୀଷ୍ଟସ୍ୟ ଶରୀରଂ, ଯୁଷ୍ମାକମ୍ ଏକୈକଶ୍ଚ ତସ୍ୟୈକୈକମ୍ ଅଙ୍ଗଂ|
2e0c1c027a	କେଚିତ୍ କେଚିତ୍ ସମିତାୱୀଶ୍ୱରେଣ ପ୍ରଥମତଃ ପ୍ରେରିତା ଦ୍ୱିତୀଯତ ଈଶ୍ୱରୀଯାଦେଶୱକ୍ତାରସ୍ତୃତୀଯତ ଉପଦେଷ୍ଟାରୋ ନିଯୁକ୍ତାଃ, ତତଃ ପରଂ କେଭ୍ୟୋଽପି ଚିତ୍ରକାର୍ୟ୍ୟସାଧନସାମର୍ଥ୍ୟମ୍ ଅନାମଯକରଣଶକ୍ତିରୁପକୃତୌ ଲୋକଶାସନେ ୱା ନୈପୁଣ୍ୟଂ ନାନାଭାଷାଭାଷଣସାମର୍ଥ୍ୟଂ ୱା ତେନ ୱ୍ୟତାରି|
2e0c1d0132	ସର୍ୱ୍ୱେ କିଂ ପ୍ରେରିତାଃ? ସର୍ୱ୍ୱେ କିମ୍ ଈଶ୍ୱରୀଯାଦେଶୱକ୍ତାରଃ? ସର୍ୱ୍ୱେ କିମ୍ ଉପଦେଷ୍ଟାରଃ? ସର୍ୱ୍ୱେ କିଂ ଚିତ୍ରକାର୍ୟ୍ୟସାଧକାଃ?
2e0c1e0105	ସର୍ୱ୍ୱେ କିମ୍ ଅନାମଯକରଣଶକ୍ତିଯୁକ୍ତାଃ? ସର୍ୱ୍ୱେ କିଂ ପରଭାଷାୱାଦିନଃ? ସର୍ୱ୍ୱେ ୱା କିଂ ପରଭାଷାର୍ଥପ୍ରକାଶକାଃ?
2e0c1f00d9	ଯୂଯଂ ଶ୍ରେଷ୍ଠଦାଯାନ୍ ଲବ୍ଧୁଂ ଯତଧ୍ୱଂ| ଅନେନ ଯୂଯଂ ମଯା ସର୍ୱ୍ୱୋତ୍ତମମାର୍ଗଂ ଦର୍ଶଯିତୱ୍ୟାଃ|
2e0d010127	ମର୍ତ୍ୟସ୍ୱର୍ଗୀଯାଣାଂ ଭାଷା ଭାଷମାଣୋଽହଂ ଯଦି ପ୍ରେମହୀନୋ ଭୱେଯଂ ତର୍ହି ୱାଦକତାଲସ୍ୱରୂପୋ ନିନାଦକାରିଭେରୀସ୍ୱରୂପଶ୍ଚ ଭୱାମି|
2e0d020212	ଅପରଞ୍ଚ ଯଦ୍ୟହମ୍ ଈଶ୍ୱରୀଯାଦେଶାଢ୍ୟଃ ସ୍ୟାଂ ସର୍ୱ୍ୱାଣି ଗୁପ୍ତୱାକ୍ୟାନି ସର୍ୱ୍ୱୱିଦ୍ୟାଞ୍ଚ ଜାନୀଯାଂ ପୂର୍ଣୱିଶ୍ୱାସଃ ସନ୍ ଶୈଲାନ୍ ସ୍ଥାନାନ୍ତରୀକର୍ତ୍ତୁଂ ଶକ୍ନୁଯାଞ୍ଚ କିନ୍ତୁ ଯଦି ପ୍ରେମହୀନୋ ଭୱେଯଂ ତର୍ହ୍ୟଗଣନୀଯ ଏୱ ଭୱାମି|
2e0d030170	ଅପରଂ ଯଦ୍ୟହମ୍ ଅନ୍ନଦାନେନ ସର୍ୱ୍ୱସ୍ୱଂ ତ୍ୟଜେଯଂ ଦାହନାଯ ସ୍ୱଶରୀରଂ ସମର୍ପଯେଯଞ୍ଚ କିନ୍ତୁ ଯଦି ପ୍ରେମହୀନୋ ଭୱେଯଂ ତର୍ହି ତତ୍ସର୍ୱ୍ୱଂ ମଦର୍ଥଂ ନିଷ୍ଫଲଂ ଭୱତି|
2e0d0400ae	ପ୍ରେମ ଚିରସହିଷ୍ଣୁ ହିତୈଷି ଚ, ପ୍ରେମ ନିର୍ଦ୍ୱେଷମ୍ ଅଶଠଂ ନିର୍ଗର୍ୱ୍ୱଞ୍ଚ|
2e0d0500e3	ଅପରଂ ତତ୍ କୁତ୍ସିତଂ ନାଚରତି, ଆତ୍ମଚେଷ୍ଟାଂ ନ କୁରୁତେ ସହସା ନ କ୍ରୁଧ୍ୟତି ପରାନିଷ୍ଟଂ ନ ଚିନ୍ତଯତି,
2e0d060066	ଅଧର୍ମ୍ମେ ନ ତୁଷ୍ୟତି ସତ୍ୟ ଏୱ ସନ୍ତୁଷ୍ୟତି|
2e0d0700e6	ତତ୍ ସର୍ୱ୍ୱଂ ତିତିକ୍ଷତେ ସର୍ୱ୍ୱତ୍ର ୱିଶ୍ୱସିତି ସର୍ୱ୍ୱତ୍ର ଭଦ୍ରଂ ପ୍ରତୀକ୍ଷତେ ସର୍ୱ୍ୱଂ ସହତେ ଚ|
2e0d080127	ପ୍ରେମ୍ନୋ ଲୋପଃ କଦାପି ନ ଭୱିଷ୍ୟତି, ଈଶ୍ୱରୀଯାଦେଶକଥନଂ ଲୋପ୍ସ୍ୟତେ ପରଭାଷାଭାଷଣଂ ନିୱର୍ତ୍ତିଷ୍ୟତେ ଜ୍ଞାନମପି ଲୋପଂ ଯାସ୍ୟତି|
2e0d0900a7	ଯତୋଽସ୍ମାକଂ ଜ୍ଞାନଂ ଖଣ୍ଡମାତ୍ରମ୍ ଈଶ୍ୱରୀଯାଦେଶକଥନମପି ଖଣ୍ଡମାତ୍ରଂ|
2e0d0a00ac	କିନ୍ତ୍ୱସ୍ମାସୁ ସିଦ୍ଧତାଂ ଗତେଷୁ ତାନି ଖଣ୍ଡମାତ୍ରାଣି ଲୋପଂ ଯାସ୍ୟନ୍ତେ|
2e0d0b010a	ବାଲ୍ୟକାଲେଽହଂ ବାଲ ଇୱାଭାଷେ ବାଲ ଇୱାଚିନ୍ତଯଞ୍ଚ କିନ୍ତୁ ଯୌୱନେ ଜାତେ ତତ୍ସର୍ୱ୍ୱଂ ବାଲ୍ୟାଚରଣଂ ପରିତ୍ୟକ୍ତୱାନ୍|
2e0d0c01b7	ଇଦାନୀମ୍ ଅଭ୍ରମଧ୍ୟେନାସ୍ପଷ୍ଟଂ ଦର୍ଶନମ୍ ଅସ୍ମାଭି ର୍ଲଭ୍ୟତେ କିନ୍ତୁ ତଦା ସାକ୍ଷାତ୍ ଦର୍ଶନଂ ଲପ୍ସ୍ୟତେ| ଅଧୁନା ମମ ଜ୍ଞାନମ୍ ଅଲ୍ପିଷ୍ଠଂ କିନ୍ତୁ ତଦାହଂ ଯଥାୱଗମ୍ୟସ୍ତଥୈୱାୱଗତୋ ଭୱିଷ୍ୟାମି|
2e0d0d00ea	ଇଦାନୀଂ ପ୍ରତ୍ୟଯଃ ପ୍ରତ୍ୟାଶା ପ୍ରେମ ଚ ତ୍ରୀଣ୍ୟେତାନି ତିଷ୍ଠନ୍ତି ତେଷାଂ ମଧ୍ୟେ ଚ ପ୍ରେମ ଶ୍ରେଷ୍ଠଂ|
2e0e01010e	ଯୂଯଂ ପ୍ରେମାଚରଣେ ପ୍ରଯତଧ୍ୱମ୍ ଆତ୍ମିକାନ୍ ଦାଯାନପି ୱିଶେଷତ ଈଶ୍ୱରୀଯାଦେଶକଥନସାମର୍ଥ୍ୟଂ ପ୍ରାପ୍ତୁଂ ଚେଷ୍ଟଧ୍ୱଂ|
2e0e020138	ଯୋ ଜନଃ ପରଭାଷାଂ ଭାଷତେ ସ ମାନୁଷାନ୍ ନ ସମ୍ଭାଷତେ କିନ୍ତ୍ୱୀଶ୍ୱରମେୱ ଯତଃ କେନାପି କିମପି ନ ବୁଧ୍ୟତେ ସ ଚାତ୍ମନା ନିଗୂଢୱାକ୍ୟାନି କଥଯତି;
2e0e0300db	କିନ୍ତୁ ଯୋ ଜନ ଈଶ୍ୱରୀଯାଦେଶଂ କଥଯତି ସ ପରେଷାଂ ନିଷ୍ଠାଯୈ ହିତୋପଦେଶାଯ ସାନ୍ତ୍ୱନାଯୈ ଚ ଭାଷତେ|
2e0e0400dd	ପରଭାଷାୱାଦ୍ୟାତ୍ମନ ଏୱ ନିଷ୍ଠାଂ ଜନଯତି କିନ୍ତ୍ୱୀଶ୍ୱରୀଯାଦେଶୱାଦୀ ସମିତେ ର୍ନିଷ୍ଠାଂ ଜନଯତି|
2e0e0501ff	ଯୁଷ୍ମାକଂ ସର୍ୱ୍ୱେଷାଂ ପରଭାଷାଭାଷଣମ୍ ଇଚ୍ଛାମ୍ୟହଂ କିନ୍ତ୍ୱୀଶ୍ୱରୀଯାଦେଶକଥନମ୍ ଅଧିକମପୀଚ୍ଛାମି| ଯତଃ ସମିତେ ର୍ନିଷ୍ଠାଯୈ ଯେନ ସ୍ୱୱାକ୍ୟାନାମ୍ ଅର୍ଥୋ ନ କ୍ରିଯତେ ତସ୍ମାତ୍ ପରଭାଷାୱାଦିତ ଈଶ୍ୱରୀଯାଦେଶୱାଦୀ ଶ୍ରେଯାନ୍|
2e0e0601d2	ହେ ଭ୍ରାତରଃ, ଇଦାନୀଂ ମଯା ଯଦି ଯୁଷ୍ମତ୍ସମୀପଂ ଗମ୍ୟତେ ତର୍ହୀଶ୍ୱରୀଯଦର୍ଶନସ୍ୟ ଜ୍ଞାନସ୍ୟ ୱେଶ୍ୱରୀଯାଦେଶସ୍ୟ ୱା ଶିକ୍ଷାଯା ୱା ୱାକ୍ୟାନି ନ ଭାଷିତ୍ୱା ପରଭାଷାଂ ଭାଷମାଣେନ ମଯା ଯୂଯଂ କିମୁପକାରିଷ୍ୟଧ୍ୱେ?
2e0e07017c	ଅପରଂ ୱଂଶୀୱଲ୍ଲକ୍ୟାଦିଷୁ ନିଷ୍ପ୍ରାଣିଷୁ ୱାଦ୍ୟଯନ୍ତ୍ରେଷୁ ୱାଦିତେଷୁ ଯଦି କ୍କଣା ନ ୱିଶିଷ୍ୟନ୍ତେ ତର୍ହି କିଂ ୱାଦ୍ୟଂ କିଂ ୱା ଗାନଂ ଭୱତି ତତ୍ କେନ ବୋଦ୍ଧୁଂ ଶକ୍ୟତେ?
2e0e0800c0	ଅପରଂ ରଣତୂର୍ୟ୍ୟା ନିସ୍ୱଣୋ ଯଦ୍ୟୱ୍ୟକ୍ତୋ ଭୱେତ୍ ତର୍ହି ଯୁଦ୍ଧାଯ କଃ ସଜ୍ଜିଷ୍ୟତେ?
2e0e09014f	ତଦ୍ୱତ୍ ଜିହ୍ୱାଭି ର୍ୟଦି ସୁଗମ୍ୟା ୱାକ୍ ଯୁଷ୍ମାଭି ର୍ନ ଗଦ୍ୟେତ ତର୍ହି ଯଦ୍ ଗଦ୍ୟତେ ତତ୍ କେନ ଭୋତ୍ସ୍ୟତେ? ୱସ୍ତୁତୋ ଯୂଯଂ ଦିଗାଲାପିନ ଇୱ ଭୱିଷ୍ୟଥ|
2e0e0a00a1	ଜଗତି କତିପ୍ରକାରା ଉକ୍ତଯୋ ୱିଦ୍ୟନ୍ତେ? ତାସାମେକାପି ନିରର୍ଥିକା ନହି;
2e0e0b010e	କିନ୍ତୂକ୍ତେରର୍ଥୋ ଯଦି ମଯା ନ ବୁଧ୍ୟତେ ତର୍ହ୍ୟହଂ ୱକ୍ତ୍ରା ମ୍ଲେଚ୍ଛ ଇୱ ମଂସ୍ୟେ ୱକ୍ତାପି ମଯା ମ୍ଲେଚ୍ଛ ଇୱ ମଂସ୍ୟତେ|
2e0e0c00d7	ତସ୍ମାଦ୍ ଆତ୍ମିକଦାଯଲିପ୍ସୱୋ ଯୂଯଂ ସମିତେ ର୍ନିଷ୍ଠାର୍ଥଂ ପ୍ରାପ୍ତବହୁୱରା ଭୱିତୁଂ ଯତଧ୍ୱଂ,
2e0e0d0091	ଅତଏୱ ପରଭାଷାୱାଦୀ ଯଦ୍ ଅର୍ଥକରୋଽପି ଭୱେତ୍ ତତ୍ ପ୍ରାର୍ଥଯତାଂ|
2e0e0e010d	ଯଦ୍ୟହଂ ପରଭାଷଯା ପ୍ରର୍ଥନାଂ କୁର୍ୟ୍ୟାଂ ତର୍ହି ମଦୀଯ ଆତ୍ମା ପ୍ରାର୍ଥଯତେ, କିନ୍ତୁ ମମ ବୁଦ୍ଧି ର୍ନିଷ୍ଫଲା ତିଷ୍ଠତି|
2e0e0f0135	ଇତ୍ୟନେନ କିଂ କରଣୀଯଂ? ଅହମ୍ ଆତ୍ମନା ପ୍ରାର୍ଥଯିଷ୍ୟେ ବୁଦ୍ଧ୍ୟାପି ପ୍ରାର୍ଥଯିଷ୍ୟେ; ଅପରଂ ଆତ୍ମନା ଗାସ୍ୟାମି ବୁଦ୍ଧ୍ୟାପି ଗାସ୍ୟାମି|
2e0e100186	ତ୍ୱଂ ଯଦାତ୍ମନା ଧନ୍ୟୱାଦଂ କରୋଷି ତଦା ଯଦ୍ ୱଦସି ତଦ୍ ଯଦି ଶିଷ୍ୟେନେୱୋପସ୍ଥିତେନ ଜନେନ ନ ବୁଦ୍ଧ୍ୟତେ ତର୍ହି ତୱ ଧନ୍ୟୱାଦସ୍ୟାନ୍ତେ ତଥାସ୍ତ୍ୱିତି ତେନ ୱକ୍ତଂ କଥଂ ଶକ୍ୟତେ?
2e0e1100b7	ତ୍ୱଂ ସମ୍ୟଗ୍ ଈଶ୍ୱରଂ ଧନ୍ୟଂ ୱଦସୀତି ସତ୍ୟଂ ତଥାପି ତତ୍ର ପରସ୍ୟ ନିଷ୍ଠା ନ ଭୱତି|
2e0e1200d7	ଯୁଷ୍ମାକଂ ସର୍ୱ୍ୱେଭ୍ୟୋଽହଂ ପରଭାଷାଭାଷଣେ ସମର୍ଥୋଽସ୍ମୀତି କାରଣାଦ୍ ଈଶ୍ୱରଂ ଧନ୍ୟଂ ୱଦାମି;
2e0e1300e5	ତଥାପି ସମିତୌ ପରୋପଦେଶାର୍ଥଂ ମଯା କଥିତାନି ପଞ୍ଚ ୱାକ୍ୟାନି ୱରଂ ନ ଚ ଲକ୍ଷଂ ପରଭାଷୀଯାନି ୱାକ୍ୟାନି|
2e0e1400f3	ହେ ଭ୍ରାତରଃ, ଯୂଯଂ ବୁଦ୍ଧ୍ୟା ବାଲକାଇୱ ମା ଭୂତ ପରନ୍ତୁ ଦୁଷ୍ଟତଯା ଶିଶୱଇୱ ଭୂତ୍ୱା ବୁଦ୍ଧ୍ୟା ସିଦ୍ଧା ଭୱତ|
2e0e15019e	ଶାସ୍ତ୍ର ଇଦଂ ଲିଖିତମାସ୍ତେ, ଯଥା, ଇତ୍ୟୱୋଚତ୍ ପରେଶୋଽହମ୍ ଆଭାଷିଷ୍ୟ ଇମାନ୍ ଜନାନ୍| ଭାଷାଭିଃ ପରକୀଯାଭି ର୍ୱକ୍ତ୍ରୈଶ୍ଚ ପରଦେଶିଭିଃ| ତଥା ମଯା କୃତେଽପୀମେ ନ ଗ୍ରହୀଷ୍ୟନ୍ତି ମଦ୍ୱଚଃ||
2e0e160186	ଅତଏୱ ତତ୍ ପରଭାଷାଭାଷଣଂ ଅୱିଶ୍ଚାସିନଃ ପ୍ରତି ଚିହ୍ନରୂପଂ ଭୱତି ନ ଚ ୱିଶ୍ୱାସିନଃ ପ୍ରତି; କିନ୍ତ୍ୱୀଶ୍ୱରୀଯାଦେଶକଥନଂ ନାୱିଶ୍ୱାସିନଃ ପ୍ରତି ତଦ୍ ୱିଶ୍ୱାସିନଃ ପ୍ରତ୍ୟେୱ|
2e0e1701bd	ସମିତିଭୁକ୍ତେଷୁ ସର୍ୱ୍ୱେଷୁ ଏକସ୍ମିନ୍ ସ୍ଥାନେ ମିଲିତ୍ୱା ପରଭାଷାଂ ଭାଷମାଣେଷୁ ଯଦି ଜ୍ଞାନାକାଙ୍କ୍ଷିଣୋଽୱିଶ୍ୱାସିନୋ ୱା ତତ୍ରାଗଚ୍ଛେଯୁସ୍ତର୍ହି ଯୁଷ୍ମାନ୍ ଉନ୍ମତ୍ତାନ୍ କିଂ ନ ୱଦିଷ୍ୟନ୍ତି?
2e0e180189	କିନ୍ତୁ ସର୍ୱ୍ୱେଷ୍ୱୀଶ୍ୱରୀଯାଦେଶଂ ପ୍ରକାଶଯତ୍ସୁ ଯଦ୍ୟୱିଶ୍ୱାସୀ ଜ୍ଞାନାକାଙ୍କ୍ଷୀ ୱା କଶ୍ଚିତ୍ ତତ୍ରାଗଚ୍ଛତି ତର୍ହି ସର୍ୱ୍ୱୈରେୱ ତସ୍ୟ ପାପଜ୍ଞାନଂ ପରୀକ୍ଷା ଚ ଜାଯତେ,
2e0e190172	ତତସ୍ତସ୍ୟାନ୍ତଃକରଣସ୍ୟ ଗୁପ୍ତକଲ୍ପନାସୁ ୱ୍ୟକ୍ତୀଭୂତାସୁ ସୋଽଧୋମୁଖଃ ପତନ୍ ଈଶ୍ୱରମାରାଧ୍ୟ ଯୁଷ୍ମନ୍ମଧ୍ୟ ଈଶ୍ୱରୋ ୱିଦ୍ୟତେ ଇତି ସତ୍ୟଂ କଥାମେତାଂ କଥଯିଷ୍ୟତି|
2e0e1a01e1	ହେ ଭ୍ରାତରଃ, ସମ୍ମିଲିତାନାଂ ଯୁଷ୍ମାକମ୍ ଏକେନ ଗୀତମ୍ ଅନ୍ୟେନୋପଦେଶୋଽନ୍ୟେନ ପରଭାଷାନ୍ୟେନ ଐଶ୍ୱରିକଦର୍ଶନମ୍ ଅନ୍ୟେନାର୍ଥବୋଧକଂ ୱାକ୍ୟଂ ଲଭ୍ୟତେ କିମେତତ୍? ସର୍ୱ୍ୱମେୱ ପରନିଷ୍ଠାର୍ଥଂ ଯୁଷ୍ମାଭିଃ କ୍ରିଯତାଂ|
2e0e1b01b9	ଯଦି କଶ୍ଚିଦ୍ ଭାଷାନ୍ତରଂ ୱିୱକ୍ଷତି ତର୍ହ୍ୟେକସ୍ମିନ୍ ଦିନେ ଦ୍ୱିଜନେନ ତ୍ରିଜନେନ ୱା ପରଭାଷା କଥ୍ୟତାଂ ତଦଧିକୈର୍ନ କଥ୍ୟତାଂ ତୈରପି ପର୍ୟ୍ୟାଯାନୁସାରାତ୍ କଥ୍ୟତାଂ, ଏକେନ ଚ ତଦର୍ଥୋ ବୋଧ୍ୟତାଂ|
2e0e1c0103	କିନ୍ତ୍ୱର୍ଥାଭିଧାଯକଃ କୋଽପି ଯଦି ନ ୱିଦ୍ୟତେ ତର୍ହି ସ ସମିତୌ ୱାଚଂଯମଃ ସ୍ଥିତ୍ୱେଶ୍ୱରାଯାତ୍ମନେ ଚ କଥାଂ କଥଯତୁ|
2e0e1d00e0	ଅପରଂ ଦ୍ୱୌ ତ୍ରଯୋ ୱେଶ୍ୱରୀଯାଦେଶୱକ୍ତାରଃ ସ୍ୱଂ ସ୍ୱମାଦେଶଂ କଥଯନ୍ତୁ ତଦନ୍ୟେ ଚ ତଂ ୱିଚାରଯନ୍ତୁ|
2e0e1e00da	କିନ୍ତୁ ତତ୍ରାପରେଣ କେନଚିତ୍ ଜନେନେଶ୍ୱରୀଯାଦେଶେ ଲବ୍ଧେ ପ୍ରଥମେନ କଥନାତ୍ ନିୱର୍ତ୍ତିତୱ୍ୟଂ|
2e0e1f0110	ସର୍ୱ୍ୱେ ଯତ୍ ଶିକ୍ଷାଂ ସାନ୍ତ୍ୱନାଞ୍ଚ ଲଭନ୍ତେ ତଦର୍ଥଂ ଯୂଯଂ ସର୍ୱ୍ୱେ ପର୍ୟ୍ୟାଯେଣେଶ୍ୱରୀଯାଦେଶଂ କଥଯିତୁଂ ଶକ୍ନୁଥ|
2e0e200089	ଈଶ୍ୱରୀଯାଦେଶୱକ୍ତୃଣାଂ ମନାଂସି ତେଷାମ୍ ଅଧୀନାନି ଭୱନ୍ତି|
2e0e2100d8	ଯତ ଈଶ୍ୱରଃ କୁଶାସନଜନକୋ ନହି ସୁଶାସନଜନକ ଏୱେତି ପୱିତ୍ରଲୋକାନାଂ ସର୍ୱ୍ୱସମିତିଷୁ ପ୍ରକାଶତେ|
2e0e22017e	ଅପରଞ୍ଚ ଯୁଷ୍ମାକଂ ୱନିତାଃ ସମିତିଷୁ ତୂଷ୍ଣୀମ୍ଭୂତାସ୍ତିଷ୍ଠନ୍ତୁ ଯତଃ ଶାସ୍ତ୍ରଲିଖିତେନ ୱିଧିନା ତାଃ କଥାପ୍ରଚାରଣାତ୍ ନିୱାରିତାସ୍ତାଭି ର୍ନିଘ୍ରାଭି ର୍ଭୱିତୱ୍ୟଂ|
2e0e23010f	ଅତସ୍ତା ଯଦି କିମପି ଜିଜ୍ଞାସନ୍ତେ ତର୍ହି ଗେହେଷୁ ପତୀନ୍ ପୃଚ୍ଛନ୍ତୁ ଯତଃ ସମିତିମଧ୍ୟେ ଯୋଷିତାଂ କଥାକଥନଂ ନିନ୍ଦନୀଯଂ|
2e0e2400b1	ଐଶ୍ୱରଂ ୱଚଃ କିଂ ଯୁଷ୍ମତ୍ତୋ ନିରଗମତ? କେୱଲଂ ଯୁଷ୍ମାନ୍ ୱା ତତ୍ କିମ୍ ଉପାଗତଂ?
2e0e250173	ଯଃ କଶ୍ଚିଦ୍ ଆତ୍ମାନମ୍ ଈଶ୍ୱରୀଯାଦେଶୱକ୍ତାରମ୍ ଆତ୍ମନାୱିଷ୍ଟଂ ୱା ମନ୍ୟତେ ସ ଯୁଷ୍ମାନ୍ ପ୍ରତି ମଯା ଯଦ୍ ଯତ୍ ଲିଖ୍ୟତେ ତତ୍ପ୍ରଭୁନାଜ୍ଞାପିତମ୍ ଈତ୍ୟୁରରୀ କରୋତୁ|
2e0e26007d	କିନ୍ତୁ ଯଃ କଶ୍ଚିତ୍ ଅଜ୍ଞୋ ଭୱତି ସୋଽଜ୍ଞ ଏୱ ତିଷ୍ଠତୁ|
2e0e270117	ଅତଏୱ ହେ ଭ୍ରାତରଃ, ଯୂଯମ୍ ଈଶ୍ୱରୀଯାଦେଶକଥନସାମର୍ଥ୍ୟଂ ଲବ୍ଧୁଂ ଯତଧ୍ୱଂ ପରଭାଷାଭାଷଣମପି ଯୁଷ୍ମାଭି ର୍ନ ନିୱାର୍ୟ୍ୟତାଂ|
2e0e280098	ସର୍ୱ୍ୱକର୍ମ୍ମାଣି ଚ ୱିଧ୍ୟନୁସାରତଃ ସୁପରିପାଟ୍ୟା କ୍ରିଯନ୍ତାଂ|
2e0f010136	ହେ ଭ୍ରାତରଃ, ଯଃ ସୁସଂୱାଦୋ ମଯା ଯୁଷ୍ମତ୍ସମୀପେ ନିୱେଦିତୋ ଯୂଯଞ୍ଚ ଯଂ ଗୃହୀତୱନ୍ତ ଆଶ୍ରିତୱନ୍ତଶ୍ଚ ତଂ ପୁନ ର୍ୟୁଷ୍ମାନ୍ ୱିଜ୍ଞାପଯାମି|
2e0f02013f	ଯୁଷ୍ମାକଂ ୱିଶ୍ୱାସୋ ଯଦି ୱିତଥୋ ନ ଭୱେତ୍ ତର୍ହି ସୁସଂୱାଦଯୁକ୍ତାନି ମମ ୱାକ୍ୟାନି ସ୍ମରତାଂ ଯୁଷ୍ମାକଂ ତେନ ସୁସଂୱାଦେନ ପରିତ୍ରାଣଂ ଜାଯତେ|
2e0f030193	ଯତୋଽହଂ ଯଦ୍ ଯତ୍ ଜ୍ଞାପିତସ୍ତଦନୁସାରାତ୍ ଯୁଷ୍ମାସୁ ମୁଖ୍ୟାଂ ଯାଂ ଶିକ୍ଷାଂ ସମାର୍ପଯଂ ସେଯଂ, ଶାସ୍ତ୍ରାନୁସାରାତ୍ ଖ୍ରୀଷ୍ଟୋଽସ୍ମାକଂ ପାପମୋଚନାର୍ଥଂ ପ୍ରାଣାନ୍ ତ୍ୟକ୍ତୱାନ୍,
2e0f0400aa	ଶ୍ମଶାନେ ସ୍ଥାପିତଶ୍ଚ ତୃତୀଯଦିନେ ଶାସ୍ତ୍ରାନୁସାରାତ୍ ପୁନରୁତ୍ଥାପିତଃ|
2e0f050095	ସ ଚାଗ୍ରେ କୈଫୈ ତତଃ ପରଂ ଦ୍ୱାଦଶଶିଷ୍ୟେଭ୍ୟୋ ଦର୍ଶନଂ ଦତ୍ତୱାନ୍|
2e0f06014e	ତତଃ ପରଂ ପଞ୍ଚଶତାଧିକସଂଖ୍ୟକେଭ୍ୟୋ ଭ୍ରାତୃଭ୍ୟୋ ଯୁଗପଦ୍ ଦର୍ଶନଂ ଦତ୍ତୱାନ୍ ତେଷାଂ କେଚିତ୍ ମହାନିଦ୍ରାଂ ଗତା ବହୁତରାଶ୍ଚାଦ୍ୟାପି ୱର୍ତ୍ତନ୍ତେ|
2e0f0700c1	ତଦନନ୍ତରଂ ଯାକୂବାଯ ତତ୍ପଶ୍ଚାତ୍ ସର୍ୱ୍ୱେଭ୍ୟଃ ପ୍ରେରିତେଭ୍ୟୋ ଦର୍ଶନଂ ଦତ୍ତୱାନ୍|
2e0f0800af	ସର୍ୱ୍ୱଶେଷେଽକାଲଜାତତୁଲ୍ୟୋ ଯୋଽହଂ, ସୋଽହମପି ତସ୍ୟ ଦର୍ଶନଂ ପ୍ରାପ୍ତୱାନ୍|
2e0f090146	ଈଶ୍ୱରସ୍ୟ ସମିତିଂ ପ୍ରତି ଦୌରାତ୍ମ୍ୟାଚରଣାଦ୍ ଅହଂ ପ୍ରେରିତନାମ ଧର୍ତ୍ତୁମ୍ ଅଯୋଗ୍ୟସ୍ତସ୍ମାତ୍ ପ୍ରେରିତାନାଂ ମଧ୍ୟେ କ୍ଷୁଦ୍ରତମଶ୍ଚାସ୍ମି|
2e0f0a01ff	ଯାଦୃଶୋଽସ୍ମି ତାଦୃଶ ଈଶ୍ୱରସ୍ୟାନୁଗ୍ରହେଣୈୱାସ୍ମି; ଅପରଂ ମାଂ ପ୍ରତି ତସ୍ୟାନୁଗ୍ରହୋ ନିଷ୍ଫଲୋ ନାଭୱତ୍, ଅନ୍ୟେଭ୍ୟଃ ସର୍ୱ୍ୱେଭ୍ୟୋ ମଯାଧିକଃ ଶ୍ରମଃ କୃତଃ, କିନ୍ତୁ ସ ମଯା କୃତସ୍ତନ୍ନହି ମତ୍ସହକାରିଣେଶ୍ୱରସ୍ୟାନୁଗ୍ରହେଣୈୱ|
2e0f0b0104	ଅତଏୱ ମଯା ଭୱେତ୍ ତୈ ର୍ୱା ଭୱେତ୍ ଅସ୍ମାଭିସ୍ତାଦୃଶୀ ୱାର୍ତ୍ତା ଘୋଷ୍ୟତେ ସୈୱ ଚ ଯୁଷ୍ମାଭି ର୍ୱିଶ୍ୱାସେନ ଗୃହୀତା|
2e0f0c0177	ମୃତ୍ୟୁଦଶାତଃ ଖ୍ରୀଷ୍ଟ ଉତ୍ଥାପିତ ଇତି ୱାର୍ତ୍ତା ଯଦି ତମଧି ଘୋଷ୍ୟତେ ତର୍ହି ମୃତଲୋକାନାମ୍ ଉତ୍ଥିତି ର୍ନାସ୍ତୀତି ୱାଗ୍ ଯୁଷ୍ମାକଂ ମଧ୍ୟେ କୈଶ୍ଚିତ୍ କୁତଃ କଥ୍ୟତେ?
2e0f0d00a3	ମୃତାନାମ୍ ଉତ୍ଥିତି ର୍ୟଦି ନ ଭୱେତ୍ ତର୍ହି ଖ୍ରୀଷ୍ଟୋଽପି ନୋତ୍ଥାପିତଃ
2e0f0e00ed	ଖ୍ରୀଷ୍ଟଶ୍ଚ ଯଦ୍ୟନୁତ୍ଥାପିତଃ ସ୍ୟାତ୍ ତର୍ହ୍ୟସ୍ମାକଂ ଘୋଷଣଂ ୱିତଥଂ ଯୁଷ୍ମାକଂ ୱିଶ୍ୱାସୋଽପି ୱିତଥଃ|
2e0f0f01af	ୱଯଞ୍ଚେଶ୍ୱରସ୍ୟ ମୃଷାସାକ୍ଷିଣୋ ଭୱାମଃ, ଯତଃ ଖ୍ରୀଷ୍ଟ ସ୍ତେନୋତ୍ଥାପିତଃ ଇତି ସାକ୍ଷ୍ୟମ୍ ଅସ୍ମାଭିରୀଶ୍ୱରମଧି ଦତ୍ତଂ କିନ୍ତୁ ମୃତାନାମୁତ୍ଥିତି ର୍ୟଦି ନ ଭୱେତ୍ ତର୍ହି ସ ତେନ ନୋତ୍ଥାପିତଃ|
2e0f1000c0	ଯତୋ ମୃତାନାମୁତ୍ଥିତି ର୍ୟତି ନ ଭୱେତ୍ ତର୍ହି ଖ୍ରୀଷ୍ଟୋଽପ୍ୟୁତ୍ଥାପିତତ୍ୱଂ ନ ଗତଃ|
2e0f11011a	ଖ୍ରୀଷ୍ଟସ୍ୟ ଯଦ୍ୟନୁତ୍ଥାପିତଃ ସ୍ୟାତ୍ ତର୍ହି ଯୁଷ୍ମାକଂ ୱିଶ୍ୱାସୋ ୱିତଥଃ, ଯୂଯମ୍ ଅଦ୍ୟାପି ସ୍ୱପାପେଷୁ ମଗ୍ନାସ୍ତିଷ୍ଠଥ|
2e0f1200a7	ଅପରଂ ଖ୍ରୀଷ୍ଟାଶ୍ରିତା ଯେ ମାନୱା ମହାନିଦ୍ରାଂ ଗତାସ୍ତେଽପି ନାଶଂ ଗତାଃ|
2e0f13010f	ଖ୍ରୀଷ୍ଟୋ ଯଦି କେୱଲମିହଲୋକେ ଽସ୍ମାକଂ ପ୍ରତ୍ୟାଶାଭୂମିଃ ସ୍ୟାତ୍ ତର୍ହି ସର୍ୱ୍ୱମର୍ତ୍ୟେଭ୍ୟୋ ୱଯମେୱ ଦୁର୍ଭାଗ୍ୟାଃ|
2e0f1400e3	ଇଦାନୀଂ ଖ୍ରୀଷ୍ଟୋ ମୃତ୍ୟୁଦଶାତ ଉତ୍ଥାପିତୋ ମହାନିଦ୍ରାଗତାନାଂ ମଧ୍ୟେ ପ୍ରଥମଫଲସ୍ୱରୂପୋ ଜାତଶ୍ଚ|
2e0f150114	ଯତୋ ଯଦ୍ୱତ୍ ମାନୁଷଦ୍ୱାରା ମୃତ୍ୟୁଃ ପ୍ରାଦୁର୍ଭୂତସ୍ତଦ୍ୱତ୍ ମାନୁଷଦ୍ୱାରା ମୃତାନାଂ ପୁନରୁତ୍ଥିତିରପି ପ୍ରଦୁର୍ଭୂତା|
2e0f1600b9	ଆଦମା ଯଥା ସର୍ୱ୍ୱେ ମରଣାଧୀନା ଜାତାସ୍ତଥା ଖ୍ରୀଷ୍ଟେନ ସର୍ୱ୍ୱେ ଜୀୱଯିଷ୍ୟନ୍ତେ|
2e0f170163	କିନ୍ତ୍ୱେକୈକେନ ଜନେନ ନିଜେ ନିଜେ ପର୍ୟ୍ୟାଯ ଉତ୍ଥାତୱ୍ୟଂ ପ୍ରଥମତଃ ପ୍ରଥମଜାତଫଲସ୍ୱରୂପେନ ଖ୍ରୀଷ୍ଟେନ, ଦ୍ୱିତୀଯତସ୍ତସ୍ୟାଗମନସମଯେ ଖ୍ରୀଷ୍ଟସ୍ୟ ଲୋକୈଃ|
2e0f18013a	ତତଃ ପରମ୍ ଅନ୍ତୋ ଭୱିଷ୍ୟତି ତଦାନୀଂ ସ ସର୍ୱ୍ୱଂ ଶାସନମ୍ ଅଧିପତିତ୍ୱଂ ପରାକ୍ରମଞ୍ଚ ଲୁପ୍ତ୍ୱା ସ୍ୱପିତରୀଶ୍ୱରେ ରାଜତ୍ୱଂ ସମର୍ପଯିଷ୍ୟତି|
2e0f19010f	ଯତଃ ଖ୍ରୀଷ୍ଟସ୍ୟ ରିପୱଃ ସର୍ୱ୍ୱେ ଯାୱତ୍ ତେନ ସ୍ୱପାଦଯୋରଧୋ ନ ନିପାତଯିଷ୍ୟନ୍ତେ ତାୱତ୍ ତେନୈୱ ରାଜତ୍ୱଂ କର୍ତ୍ତୱ୍ୟଂ|
2e0f1a0066	ତେନ ୱିଜେତୱ୍ୟୋ ଯଃ ଶେଷରିପୁଃ ସ ମୃତ୍ୟୁରେୱ|
2e0f1b01b5	ଲିଖିତମାସ୍ତେ ସର୍ୱ୍ୱାଣି ତସ୍ୟ ପାଦଯୋ ର୍ୱଶୀକୃତାନି| କିନ୍ତୁ ସର୍ୱ୍ୱାଣ୍ୟେୱ ତସ୍ୟ ୱଶୀକୃତାନୀତ୍ୟୁକ୍ତେ ସତି ସର୍ୱ୍ୱାଣି ଯେନ ତସ୍ୟ ୱଶୀକୃତାନି ସ ସ୍ୱଯଂ ତସ୍ୟ ୱଶୀଭୂତୋ ନ ଜାତ ଇତି ୱ୍ୟକ୍ତଂ|
2e0f1c0171	ସର୍ୱ୍ୱେଷୁ ତସ୍ୟ ୱଶୀଭୂତେଷୁ ସର୍ୱ୍ୱାଣି ଯେନ ପୁତ୍ରସ୍ୟ ୱଶୀକୃତାନି ସ୍ୱଯଂ ପୁତ୍ରୋଽପି ତସ୍ୟ ୱଶୀଭୂତୋ ଭୱିଷ୍ୟତି ତତ ଈଶ୍ୱରଃ ସର୍ୱ୍ୱେଷୁ ସର୍ୱ୍ୱ ଏୱ ଭୱିଷ୍ୟତି|
2e0f1d01ad	ଅପରଂ ପରେତଲୋକାନାଂ ୱିନିମଯେନ ଯେ ମଜ୍ଜ୍ୟନ୍ତେ ତୈଃ କିଂ ଲପ୍ସ୍ୟତେ? ଯେଷାଂ ପରେତଲୋକାନାମ୍ ଉତ୍ଥିତିଃ କେନାପି ପ୍ରକାରେଣ ନ ଭୱିଷ୍ୟତି ତେଷାଂ ୱିନିମଯେନ କୁତୋ ମଜ୍ଜନମପି ତୈରଙ୍ଗୀକ୍ରିଯତେ?
2e0f1e0089	ୱଯମପି କୁତଃ ପ୍ରତିଦଣ୍ଡଂ ପ୍ରାଣଭୀତିମ୍ ଅଙ୍ଗୀକୁର୍ମ୍ମହେ?
2e0f1f012e	ଅସ୍ମତ୍ପ୍ରଭୁନା ଯୀଶୁଖ୍ରୀଷ୍ଟେନ ଯୁଷ୍ମତ୍ତୋ ମମ ଯା ଶ୍ଲାଘାସ୍ତେ ତସ୍ୟାଃ ଶପଥଂ କୃତ୍ୱା କଥଯାମି ଦିନେ ଦିନେଽହଂ ମୃତ୍ୟୁଂ ଗଚ୍ଛାମି|
2e0f2001c7	ଇଫିଷନଗରେ ୱନ୍ୟପଶୁଭିଃ ସାର୍ଦ୍ଧଂ ଯଦି ଲୌକିକଭାୱାତ୍ ମଯା ଯୁଦ୍ଧଂ କୃତଂ ତର୍ହି ତେନ ମମ କୋ ଲାଭଃ? ମୃତାନାମ୍ ଉତ୍ଥିତି ର୍ୟଦି ନ ଭୱେତ୍ ତର୍ହି, କୁର୍ମ୍ମୋ ଭୋଜନପାନେଽଦ୍ୟ ଶ୍ୱସ୍ତୁ ମୃତ୍ୟୁ ର୍ଭୱିଷ୍ୟତି|
2e0f2100ba	ଇତ୍ୟନେନ ଧର୍ମ୍ମାତ୍ ମା ଭ୍ରଂଶଧ୍ୱଂ| କୁସଂସର୍ଗେଣ ଲୋକାନାଂ ସଦାଚାରୋ ୱିନଶ୍ୟତି|
2e0f220165	ଯୂଯଂ ଯଥୋଚିତଂ ସଚୈତନ୍ୟାସ୍ତିଷ୍ଠତ, ପାପଂ ମା କୁରୁଧ୍ୱଂ, ଯତୋ ଯୁଷ୍ମାକଂ ମଧ୍ୟ ଈଶ୍ୱରୀଯଜ୍ଞାନହୀନାଃ କେଽପି ୱିଦ୍ୟନ୍ତେ ଯୁଷ୍ମାକଂ ତ୍ରପାଯୈ ମଯେଦଂ ଗଦ୍ୟତେ|
2e0f23010c	ଅପରଂ ମୃତଲୋକାଃ କଥମ୍ ଉତ୍ଥାସ୍ୟନ୍ତି? କୀଦୃଶଂ ୱା ଶରୀରଂ ଲବ୍ଧ୍ୱା ପୁନରେଷ୍ୟନ୍ତୀତି ୱାକ୍ୟଂ କଶ୍ଚିତ୍ ପ୍ରକ୍ଷ୍ୟତି|
2e0f2400b2	ହେ ଅଜ୍ଞ ତ୍ୱଯା ଯଦ୍ ବୀଜମ୍ ଉପ୍ୟତେ ତଦ୍ ଯଦି ନ ମ୍ରିଯେତ ତର୍ହି ନ ଜୀୱଯିଷ୍ୟତେ|
2e0f25012a	ଯଯା ମୂର୍ତ୍ତ୍ୟା ନିର୍ଗନ୍ତୱ୍ୟଂ ସା ତ୍ୱଯା ନୋପ୍ୟତେ କିନ୍ତୁ ଶୁଷ୍କଂ ବୀଜମେୱ; ତଚ୍ଚ ଗୋଧୂମାଦୀନାଂ କିମପି ବୀଜଂ ଭୱିତୁଂ ଶକ୍ନୋତି|
2e0f2600ed	ଈଶ୍ୱରେଣେୱ ଯଥାଭିଲାଷଂ ତସ୍ମୈ ମୂର୍ତ୍ତି ର୍ଦୀଯତେ, ଏକୈକସ୍ମୈ ବୀଜାଯ ସ୍ୱା ସ୍ୱା ମୂର୍ତ୍ତିରେୱ ଦୀଯତେ|
2e0f2700f0	ସର୍ୱ୍ୱାଣି ପଲଲାନି ନୈକୱିଧାନି ସନ୍ତି, ମନୁଷ୍ୟପଶୁପକ୍ଷିମତ୍ସ୍ୟାଦୀନାଂ ଭିନ୍ନରୂପାଣି ପଲଲାନି ସନ୍ତି|
2e0f280157	ଅପରଂ ସ୍ୱର୍ଗୀଯା ମୂର୍ତ୍ତଯଃ ପାର୍ଥିୱା ମୂର୍ତ୍ତଯଶ୍ଚ ୱିଦ୍ୟନ୍ତେ କିନ୍ତୁ ସ୍ୱର୍ଗୀଯାନାମ୍ ଏକରୂପଂ ତେଜଃ ପାର୍ଥିୱାନାଞ୍ଚ ତଦନ୍ୟରୂପଂ ତେଜୋଽସ୍ତି|
2e0f290135	ସୂର୍ୟ୍ୟସ୍ୟ ତେଜ ଏକୱିଧଂ ଚନ୍ଦ୍ରସ୍ୟ ତେଜସ୍ତଦନ୍ୟୱିଧଂ ତାରାଣାଞ୍ଚ ତେଜୋଽନ୍ୟୱିଧଂ, ତାରାଣାଂ ମଧ୍ୟେଽପି ତେଜସସ୍ତାରତମ୍ୟଂ ୱିଦ୍ୟତେ|
2e0f2a0119	ତତ୍ର ଲିଖିତମାସ୍ତେ ଯଥା, ‘ଆଦିପୁରୁଷ ଆଦମ୍ ଜୀୱତ୍ପ୍ରାଣୀ ବଭୂୱ,’ କିନ୍ତ୍ୱନ୍ତିମ ଆଦମ୍ (ଖ୍ରୀଷ୍ଟୋ) ଜୀୱନଦାଯକ ଆତ୍ମା ବଭୂୱ|
2e0f2b012b	ଯଦ୍ ଉପ୍ୟତେ ତତ୍ ତୁଚ୍ଛଂ ଯଚ୍ଚୋତ୍ଥାସ୍ୟତି ତଦ୍ ଗୌରୱାନ୍ୱିତଂ; ଯଦ୍ ଉପ୍ୟତେ ତନ୍ନିର୍ବ୍ବଲଂ ଯଚ୍ଚୋତ୍ଥାସ୍ୟତି ତତ୍ ଶକ୍ତିଯୁକ୍ତଂ|
2e0f2c0180	ଯତ୍ ଶରୀରମ୍ ଉପ୍ୟତେ ତତ୍ ପ୍ରାଣାନାଂ ସଦ୍ମ, ଯଚ୍ଚ ଶରୀରମ୍ ଉତ୍ଥାସ୍ୟତି ତଦ୍ ଆତ୍ମନଃ ସଦ୍ମ| ପ୍ରାଣସଦ୍ମସ୍ୱରୂପଂ ଶରୀରଂ ୱିଦ୍ୟତେ, ଆତ୍ମସଦ୍ମସ୍ୱରୂପମପି ଶରୀରଂ ୱିଦ୍ୟତେ|
2e0f2d0113	ତତ୍ର ଲିଖିତମାସ୍ତେ ଯଥା, ଆଦିପୁରୁଷ ଆଦମ୍ ଜୀୱତ୍ପ୍ରାଣୀ ବଭୂୱ, କିନ୍ତ୍ୱନ୍ତିମ ଆଦମ୍ (ଖ୍ରୀଷ୍ଟୋ) ଜୀୱନଦାଯକ ଆତ୍ମା ବଭୂୱ|
2e0f2e009d	ଆତ୍ମସଦ୍ମ ନ ପ୍ରଥମଂ କିନ୍ତୁ ପ୍ରାଣସଦ୍ମୈୱ ତତ୍ପଶ୍ଚାଦ୍ ଆତ୍ମସଦ୍ମ|
2e0f2f00d9	ଆଦ୍ୟଃ ପୁରୁଷେ ମୃଦ ଉତ୍ପନ୍ନତ୍ୱାତ୍ ମୃଣ୍ମଯୋ ଦ୍ୱିତୀଯଶ୍ଚ ପୁରୁଷଃ ସ୍ୱର୍ଗାଦ୍ ଆଗତଃ ପ୍ରଭୁଃ|
2e0f30012a	ମୃଣ୍ମଯୋ ଯାଦୃଶ ଆସୀତ୍ ମୃଣ୍ମଯାଃ ସର୍ୱ୍ୱେ ତାଦୃଶା ଭୱନ୍ତି ସ୍ୱର୍ଗୀଯଶ୍ଚ ଯାଦୃଶୋଽସ୍ତି ସ୍ୱର୍ଗୀଯାଃ ସର୍ୱ୍ୱେ ତାଦୃଶା ଭୱନ୍ତି|
2e0f3100d2	ମୃଣ୍ମଯସ୍ୟ ରୂପଂ ଯଦ୍ୱଦ୍ ଅସ୍ମାଭି ର୍ଧାରିତଂ ତଦ୍ୱତ୍ ସ୍ୱର୍ଗୀଯସ୍ୟ ରୂପମପି ଧାରଯିଷ୍ୟତେ|
2e0f32015a	ହେ ଭ୍ରାତରଃ, ଯୁଷ୍ମାନ୍ ପ୍ରତି ୱ୍ୟାହରାମି, ଈଶ୍ୱରସ୍ୟ ରାଜ୍ୟେ ରକ୍ତମାଂସଯୋରଧିକାରୋ ଭୱିତୁଂ ନ ଶକ୍ନୋତି, ଅକ୍ଷଯତ୍ୱେ ଚ କ୍ଷଯସ୍ୟାଧିକାରୋ ନ ଭୱିଷ୍ୟତି|
2e0f330074	ପଶ୍ୟତାହଂ ଯୁଷ୍ମଭ୍ୟଂ ନିଗୂଢାଂ କଥାଂ ନିୱେଦଯାମି|
2e0f340250	ସର୍ୱ୍ୱୈରସ୍ମାଭି ର୍ମହାନିଦ୍ରା ନ ଗମିଷ୍ୟତେ କିନ୍ତ୍ୱନ୍ତିମଦିନେ ତୂର୍ୟ୍ୟାଂ ୱାଦିତାଯାମ୍ ଏକସ୍ମିନ୍ ୱିପଲେ ନିମିଷୈକମଧ୍ୟେ ସର୍ୱ୍ୱୈ ରୂପାନ୍ତରଂ ଗମିଷ୍ୟତେ, ଯତସ୍ତୂରୀ ୱାଦିଷ୍ୟତେ, ମୃତଲୋକାଶ୍ଚାକ୍ଷଯୀଭୂତା ଉତ୍ଥାସ୍ୟନ୍ତି ୱଯଞ୍ଚ ରୂପାନ୍ତରଂ ଗମିଷ୍ୟାମଃ|
2e0f3500f0	ଯତଃ କ୍ଷଯଣୀଯେନୈତେନ ଶରୀରେଣାକ୍ଷଯତ୍ୱଂ ପରିହିତୱ୍ୟଂ, ମରଣାଧୀନେନୈତେନ ଦେହେନ ଚାମରତ୍ୱଂ ପରିହିତୱ୍ୟଂ|
2e0f36016e	ଏତସ୍ମିନ୍ କ୍ଷଯଣୀଯେ ଶରୀରେ ଽକ୍ଷଯତ୍ୱଂ ଗତେ, ଏତସ୍ମନ୍ ମରଣାଧୀନେ ଦେହେ ଚାମରତ୍ୱଂ ଗତେ ଶାସ୍ତ୍ରେ ଲିଖିତଂ ୱଚନମିଦଂ ସେତ୍ସ୍ୟତି, ଯଥା, ଜଯେନ ଗ୍ରସ୍ୟତେ ମୃତ୍ୟୁଃ|
2e0f370069	ମୃତ୍ୟୋ ତେ କଣ୍ଟକଂ କୁତ୍ର ପରଲୋକ ଜଯଃ କ୍କ ତେ||
2e0f380076	ମୃତ୍ୟୋଃ କଣ୍ଟକଂ ପାପମେୱ ପାପସ୍ୟ ଚ ବଲଂ ୱ୍ୟୱସ୍ଥା|
2e0f3900e7	ଈଶ୍ୱରଶ୍ଚ ଧନ୍ୟୋ ଭୱତୁ ଯତଃ ସୋଽସ୍ମାକଂ ପ୍ରଭୁନା ଯୀଶୁଖ୍ରୀଷ୍ଟେନାସ୍ମାନ୍ ଜଯଯୁକ୍ତାନ୍ ୱିଧାପଯତି|
2e0f3a018d	ଅତୋ ହେ ମମ ପ୍ରିଯଭ୍ରାତରଃ; ଯୂଯଂ ସୁସ୍ଥିରା ନିଶ୍ଚଲାଶ୍ଚ ଭୱତ ପ୍ରଭୋଃ ସେୱାଯାଂ ଯୁଷ୍ମାକଂ ପରିଶ୍ରମୋ ନିଷ୍ଫଲୋ ନ ଭୱିଷ୍ୟତୀତି ଜ୍ଞାତ୍ୱା ପ୍ରଭୋଃ କାର୍ୟ୍ୟେ ସଦା ତତ୍ପରା ଭୱତ|
2e10010118	ପୱିତ୍ରଲୋକାନାଂ କୃତେ ଯୋଽର୍ଥସଂଗ୍ରହସ୍ତମଧି ଗାଲାତୀଯଦେଶସ୍ୟ ସମାଜା ମଯା ଯଦ୍ ଆଦିଷ୍ଟାସ୍ତଦ୍ ଯୁଷ୍ମାଭିରପି କ୍ରିଯତାଂ|
2e10020198	ମମାଗମନକାଲେ ଯଦ୍ ଅର୍ଥସଂଗ୍ରହୋ ନ ଭୱେତ୍ ତନ୍ନିମିତ୍ତଂ ଯୁଷ୍ମାକମେକୈକେନ ସ୍ୱସମ୍ପଦାନୁସାରାତ୍ ସଞ୍ଚଯଂ କୃତ୍ୱା ସପ୍ତାହସ୍ୟ ପ୍ରଥମଦିୱସେ ସ୍ୱସମୀପେ କିଞ୍ଚିତ୍ ନିକ୍ଷିପ୍ୟତାଂ|
2e1003016f	ତତୋ ମମାଗମନସମଯେ ଯୂଯଂ ଯାନେୱ ୱିଶ୍ୱାସ୍ୟା ଇତି ୱେଦିଷ୍ୟଥ ତେଭ୍ୟୋଽହଂ ପତ୍ରାଣି ଦତ୍ତ୍ୱା ଯୁଷ୍ମାକଂ ତଦ୍ଦାନସ୍ୟ ଯିରୂଶାଲମଂ ନଯନାର୍ଥଂ ତାନ୍ ପ୍ରେଷଯିଷ୍ୟାମି|
2e100400ae	କିନ୍ତୁ ଯଦି ତତ୍ର ମମାପି ଗମନମ୍ ଉଚିତଂ ଭୱେତ୍ ତର୍ହି ତେ ମଯା ସହ ଯାସ୍ୟନ୍ତି|
2e100500d3	ସାମ୍ପ୍ରତଂ ମାକିଦନିଯାଦେଶମହଂ ପର୍ୟ୍ୟଟାମି ତଂ ପର୍ୟ୍ୟଟ୍ୟ ଯୁଷ୍ମତ୍ସମୀପମ୍ ଆଗମିଷ୍ୟାମି|
2e10060172	ଅନନ୍ତରଂ କିଂ ଜାନାମି ଯୁଷ୍ମତ୍ସନ୍ନିଧିମ୍ ଅୱସ୍ଥାସ୍ୟେ ଶୀତକାଲମପି ଯାପଯିଷ୍ୟାମି ଚ ପଶ୍ଚାତ୍ ମମ ଯତ୍ ସ୍ଥାନଂ ଗନ୍ତୱ୍ୟଂ ତତ୍ରୈୱ ଯୁଷ୍ମାଭିରହଂ ପ୍ରେରଯିତୱ୍ୟଃ|
2e1007018f	ଯତୋଽହଂ ଯାତ୍ରାକାଲେ କ୍ଷଣମାତ୍ରଂ ଯୁଷ୍ମାନ୍ ଦ୍ରଷ୍ଟୁଂ ନେଚ୍ଛାମି କିନ୍ତୁ ପ୍ରଭୁ ର୍ୟଦ୍ୟନୁଜାନୀଯାତ୍ ତର୍ହି କିଞ୍ଚିଦ୍ ଦୀର୍ଘକାଲଂ ଯୁଷ୍ମତ୍ସମୀପେ ପ୍ରୱସ୍ତୁମ୍ ଇଚ୍ଛାମି|
2e100800ca	ତଥାପି ନିସ୍ତାରୋତ୍ସୱାତ୍ ପରଂ ପଞ୍ଚାଶତ୍ତମଦିନଂ ଯାୱଦ୍ ଇଫିଷପୁର୍ୟ୍ୟାଂ ସ୍ଥାସ୍ୟାମି|
2e100900ef	ଯସ୍ମାଦ୍ ଅତ୍ର କାର୍ୟ୍ୟସାଧନାର୍ଥଂ ମମାନ୍ତିକେ ବୃହଦ୍ ଦ୍ୱାରଂ ମୁକ୍ତଂ ବହୱୋ ୱିପକ୍ଷା ଅପି ୱିଦ୍ୟନ୍ତେ|
2e100a01b1	ତିମଥି ର୍ୟଦି ଯୁଷ୍ମାକଂ ସମୀପମ୍ ଆଗଚ୍ଛେତ୍ ତର୍ହି ଯେନ ନିର୍ଭଯଂ ଯୁଷ୍ମନ୍ମଧ୍ୟେ ୱର୍ତ୍ତେତ ତତ୍ର ଯୁଷ୍ମାଭି ର୍ମନୋ ନିଧୀଯତାଂ ଯସ୍ମାଦ୍ ଅହଂ ଯାଦୃକ୍ ସୋଽପି ତାଦୃକ୍ ପ୍ରଭୋଃ କର୍ମ୍ମଣେ ଯତତେ|
2e100b017c	କୋଽପି ତଂ ପ୍ରତ୍ୟନାଦରଂ ନ କରୋତୁ କିନ୍ତୁ ସ ମମାନ୍ତିକଂ ଯଦ୍ ଆଗନ୍ତୁଂ ଶକ୍ନୁଯାତ୍ ତଦର୍ଥଂ ଯୁଷ୍ମାଭିଃ ସକୁଶଲଂ ପ୍ରେଷ୍ୟତାଂ| ଭ୍ରାତୃଭିଃ ସାର୍ଦ୍ଧମହଂ ତଂ ପ୍ରତୀକ୍ଷେ|
2e100c01f4	ଆପଲ୍ଲୁଂ ଭ୍ରାତରମଧ୍ୟହଂ ନିୱେଦଯାମି ଭ୍ରାତୃଭିଃ ସାକଂ ସୋଽପି ଯଦ୍ ଯୁଷ୍ମାକଂ ସମୀପଂ ୱ୍ରଜେତ୍ ତଦର୍ଥଂ ମଯା ସ ପୁନଃ ପୁନର୍ୟାଚିତଃ କିନ୍ତ୍ୱିଦାନୀଂ ଗମନଂ ସର୍ୱ୍ୱଥା ତସ୍ମୈ ନାରୋଚତ, ଇତଃପରଂ ସୁସମଯଂ ପ୍ରାପ୍ୟ ସ ଗମିଷ୍ୟତି|
2e100d00a5	ଯୂଯଂ ଜାଗୃତ ୱିଶ୍ୱାସେ ସୁସ୍ଥିରା ଭୱତ ପୌରୁଷଂ ପ୍ରକାଶଯତ ବଲୱନ୍ତୋ ଭୱତ|
2e100e0098	ଯୁଷ୍ମାଭିଃ ସର୍ୱ୍ୱାଣି କର୍ମ୍ମାଣି ପ୍ରେମ୍ନା ନିଷ୍ପାଦ୍ୟନ୍ତାଂ|
2e100f01b3	ହେ ଭ୍ରାତରଃ, ଅହଂ ଯୁଷ୍ମାନ୍ ଇଦମ୍ ଅଭିଯାଚେ ସ୍ତିଫାନସ୍ୟ ପରିଜନା ଆଖାଯାଦେଶସ୍ୟ ପ୍ରଥମଜାତଫଲସ୍ୱରୂପାଃ, ପୱିତ୍ରଲୋକାନାଂ ପରିଚର୍ୟ୍ୟାଯୈ ଚ ତ ଆତ୍ମନୋ ନ୍ୟୱେଦଯନ୍ ଇତି ଯୁଷ୍ମାଭି ର୍ଜ୍ଞାଯତେ|
2e101000d1	ଅତୋ ଯୂଯମପି ତାଦୃଶଲୋକାନାମ୍ ଅସ୍ମତ୍ସହାଯାନାଂ ଶ୍ରମକାରିଣାଞ୍ଚ ସର୍ୱ୍ୱେଷାଂ ୱଶ୍ୟା ଭୱତ|
2e10110124	ସ୍ତିଫାନଃ ଫର୍ତ୍ତୂନାତ ଆଖାଯିକଶ୍ଚ ଯଦ୍ ଅତ୍ରାଗମନ୍ ତେନାହମ୍ ଆନନ୍ଦାମି ଯତୋ ଯୁଷ୍ମାଭିର୍ୟତ୍ ନ୍ୟୂନିତଂ ତତ୍ ତୈଃ ସମ୍ପୂରିତଂ|
2e101200e0	ତୈ ର୍ୟୁଷ୍ମାକଂ ମମ ଚ ମନାଂସ୍ୟାପ୍ୟାଯିତାନି| ତସ୍ମାତ୍ ତାଦୃଶା ଲୋକା ଯୁଷ୍ମାଭିଃ ସମ୍ମନ୍ତୱ୍ୟାଃ|
2e1013012f	ଯୁଷ୍ମଭ୍ୟମ୍ ଆଶିଯାଦେଶସ୍ଥସମାଜାନାଂ ନମସ୍କୃତିମ୍ ଆକ୍କିଲପ୍ରିସ୍କିଲ୍ଲଯୋସ୍ତନ୍ମଣ୍ଡପସ୍ଥସମିତେଶ୍ଚ ବହୁନମସ୍କୃତିଂ ପ୍ରଜାନୀତ|
2e101400c3	ସର୍ୱ୍ୱେ ଭ୍ରାତରୋ ଯୁଷ୍ମାନ୍ ନମସ୍କୁର୍ୱ୍ୱନ୍ତେ| ଯୂଯଂ ପୱିତ୍ରଚୁମ୍ବନେନ ମିଥୋ ନମତ|
2e1015007d	ପୌଲୋଽହଂ ସ୍ୱକରଲିଖିତଂ ନମସ୍କୃତିଂ ଯୁଷ୍ମାନ୍ ୱେଦଯେ|
2e101600c4	ଯଦି କଶ୍ଚିଦ୍ ଯୀଶୁଖ୍ରୀଷ୍ଟେ ନ ପ୍ରୀଯତେ ତର୍ହି ସ ଶାପଗ୍ରସ୍ତୋ ଭୱେତ୍ ପ୍ରଭୁରାଯାତି|
2e101700ab	ଅସ୍ମାକଂ ପ୍ରଭୋ ର୍ୟୀଶୁଖ୍ରୀଷ୍ଟସ୍ୟାନୁଗ୍ରହୋ ଯୁଷ୍ମାନ୍ ପ୍ରତି ଭୂଯାତ୍|
2e101800aa	ଖ୍ରୀଷ୍ଟଂ ଯୀଶୁମ୍ ଆଶ୍ରିତାନ୍ ଯୁଷ୍ମାନ୍ ପ୍ରତି ମମ ପ୍ରେମ ତିଷ୍ଠତୁ| ଇତି||
2f0000001f	୨ କରିନ୍ଥିନଃ
2f010101ba	ଈଶ୍ୱରସ୍ୟେଚ୍ଛଯା ଯୀଶୁଖ୍ରୀଷ୍ଟସ୍ୟ ପ୍ରେରିତଃ ପୌଲସ୍ତିମଥିର୍ଭ୍ରାତା ଚ ଦ୍ୱାୱେତୌ କରିନ୍ଥନଗରସ୍ଥାଯୈ ଈଶ୍ୱରୀଯସମିତଯ ଆଖାଯାଦେଶସ୍ଥେଭ୍ୟଃ ସର୍ୱ୍ୱେଭ୍ୟଃ ପୱିତ୍ରଲୋକେଭ୍ୟଶ୍ଚ ପତ୍ରଂ ଲିଖତଃ|
2f010200ee	ଅସ୍ମାକଂ ତାତସ୍ୟେଶ୍ୱରସ୍ୟ ପ୍ରଭୋର୍ୟୀଶୁଖ୍ରୀଷ୍ଟସ୍ୟ ଚାନୁଗ୍ରହଃ ଶାନ୍ତିଶ୍ଚ ଯୁଷ୍ମାସୁ ୱର୍ତ୍ତତାଂ|
2f01030108	କୃପାଲୁଃ ପିତା ସର୍ୱ୍ୱସାନ୍ତ୍ୱନାକାରୀଶ୍ୱରଶ୍ଚ ଯୋଽସ୍ମତ୍ପ୍ରଭୋର୍ୟୀଶୁଖ୍ରୀଷ୍ଟସ୍ୟ ତାତ ଈଶ୍ୱରଃ ସ ଧନ୍ୟୋ ଭୱତୁ|
2f010401b4	ଯତୋ ୱଯମ୍ ଈଶ୍ୱରାତ୍ ସାନ୍ତ୍ୱନାଂ ପ୍ରାପ୍ୟ ତଯା ସାନ୍ତ୍ୱନଯା ଯତ୍ ସର୍ୱ୍ୱୱିଧକ୍ଲିଷ୍ଟାନ୍ ଲୋକାନ୍ ସାନ୍ତ୍ୱଯିତୁଂ ଶକ୍ନୁଯାମ ତଦର୍ଥଂ ସୋଽସ୍ମାକଂ ସର୍ୱ୍ୱକ୍ଲେଶସମଯେଽସ୍ମାନ୍ ସାନ୍ତ୍ୱଯତି|
2f01050123	ଯତଃ ଖ୍ରୀଷ୍ଟସ୍ୟ କ୍ଲେଶା ଯଦ୍ୱଦ୍ ବାହୁଲ୍ୟେନାସ୍ମାସୁ ୱର୍ତ୍ତନ୍ତେ ତଦ୍ୱଦ୍ ୱଯଂ ଖ୍ରୀଷ୍ଟେନ ବହୁସାନ୍ତ୍ୱନାଢ୍ୟା ଅପି ଭୱାମଃ|
2f0106022a	ୱଯଂ ଯଦି କ୍ଲିଶ୍ୟାମହେ ତର୍ହି ଯୁଷ୍ମାକଂ ସାନ୍ତ୍ୱନାପରିତ୍ରାଣଯୋଃ କୃତେ କ୍ଲିଶ୍ୟାମହେ ଯତୋଽସ୍ମାଭି ର୍ୟାଦୃଶାନି ଦୁଃଖାନି ସହ୍ୟନ୍ତେ ଯୁଷ୍ମାକଂ ତାଦୃଶଦୁଃଖାନାଂ ସହନେନ ତୌ ସାଧଯିଷ୍ୟେତେ ଇତ୍ୟସ୍ମିନ୍ ଯୁଷ୍ମାନଧି ମମ ଦୃଢା ପ୍ରତ୍ୟାଶା ଭୱତି|
2f010701d4	ଯଦି ୱା ୱଯଂ ସାନ୍ତ୍ୱନାଂ ଲଭାମହେ ତର୍ହି ଯୁଷ୍ମାକଂ ସାନ୍ତ୍ୱନାପରିତ୍ରାଣଯୋଃ କୃତେ ତାମପି ଲଭାମହେ| ଯତୋ ଯୂଯଂ ଯାଦୃଗ୍ ଦୁଃଖାନାଂ ଭାଗିନୋଽଭୱତ ତାଦୃକ୍ ସାନ୍ତ୍ୱନାଯା ଅପି ଭାଗିନୋ ଭୱିଷ୍ୟଥେତି ୱଯଂ ଜାନୀମଃ|
2f010801d2	ହେ ଭ୍ରାତରଃ, ଆଶିଯାଦେଶେ ଯଃ କ୍ଲେଶୋଽସ୍ମାନ୍ ଆକ୍ରାମ୍ୟତ୍ ତଂ ଯୂଯଂ ଯଦ୍ ଅନୱଗତାସ୍ତିଷ୍ଠତ ତନ୍ମଯା ଭଦ୍ରଂ ନ ମନ୍ୟତେ| ତେନାତିଶକ୍ତିକ୍ଲେଶେନ ୱଯମତୀୱ ପୀଡିତାସ୍ତସ୍ମାତ୍ ଜୀୱନରକ୍ଷଣେ ନିରୁପାଯା ଜାତାଶ୍ଚ,
2f01090175	ଅତୋ ୱଯଂ ସ୍ୱେଷୁ ନ ୱିଶ୍ୱସ୍ୟ ମୃତଲୋକାନାମ୍ ଉତ୍ଥାପଯିତରୀଶ୍ୱରେ ଯଦ୍ ୱିଶ୍ୱାସଂ କୁର୍ମ୍ମସ୍ତଦର୍ଥମ୍ ଅସ୍ମାଭିଃ ପ୍ରାଣଦଣ୍ଡୋ ଭୋକ୍ତୱ୍ୟ ଇତି ସ୍ୱମନସି ନିଶ୍ଚିତଂ|
2f010a0158	ଏତାଦୃଶଭଯଙ୍କରାତ୍ ମୃତ୍ୟୋ ର୍ୟୋ ଽସ୍ମାନ୍ ଅତ୍ରାଯତେଦାନୀମପି ତ୍ରାଯତେ ସ ଇତଃ ପରମପ୍ୟସ୍ମାନ୍ ତ୍ରାସ୍ୟତେ ଽସ୍ମାକମ୍ ଏତାଦୃଶୀ ପ୍ରତ୍ୟାଶା ୱିଦ୍ୟତେ|
2f010b01b7	ଏତଦର୍ଥମସ୍ମତ୍କୃତେ ପ୍ରାର୍ଥନଯା ୱଯଂ ଯୁଷ୍ମାଭିରୁପକର୍ତ୍ତୱ୍ୟାସ୍ତଥା କୃତେ ବହୁଭି ର୍ୟାଚିତୋ ଯୋଽନୁଗ୍ରହୋଽସ୍ମାସୁ ୱର୍ତ୍ତିଷ୍ୟତେ ତତ୍କୃତେ ବହୁଭିରୀଶ୍ୱରସ୍ୟ ଧନ୍ୟୱାଦୋଽପି କାରିଷ୍ୟତେ|
2f010c01f1	ଅପରଞ୍ଚ ସଂସାରମଧ୍ୟେ ୱିଶେଷତୋ ଯୁଷ୍ମନ୍ମଧ୍ୟେ ୱଯଂ ସାଂସାରିକ୍ୟା ଧିଯା ନହି କିନ୍ତ୍ୱୀଶ୍ୱରସ୍ୟାନୁଗ୍ରହେଣାକୁଟିଲତାମ୍ ଈଶ୍ୱରୀଯସାରଲ୍ୟଞ୍ଚାଚରିତୱନ୍ତୋଽତ୍ରାସ୍ମାକଂ ମନୋ ଯତ୍ ପ୍ରମାଣଂ ଦଦାତି ତେନ ୱଯଂ ଶ୍ଲାଘାମହେ|
2f010d016e	ଯୁଷ୍ମାଭି ର୍ୟଦ୍ ଯତ୍ ପଠ୍ୟତେ ଗୃହ୍ୟତେ ଚ ତଦନ୍ୟତ୍ କିମପି ଯୁଷ୍ମଭ୍ୟମ୍ ଅସ୍ମାଭି ର୍ନ ଲିଖ୍ୟତେ ତଚ୍ଚାନ୍ତଂ ଯାୱଦ୍ ଯୁଷ୍ମାଭି ର୍ଗ୍ରହୀଷ୍ୟତ ଇତ୍ୟସ୍ମାକମ୍ ଆଶା|
2f010e019a	ଯୂଯମିତଃ ପୂର୍ୱ୍ୱମପ୍ୟସ୍ମାନ୍ ଅଂଶତୋ ଗୃହୀତୱନ୍ତଃ, ଯତଃ ପ୍ରଭୋ ର୍ୟୀଶୁଖ୍ରୀଷ୍ଟସ୍ୟ ଦିନେ ଯଦ୍ୱଦ୍ ଯୁଷ୍ମାସ୍ୱସ୍ମାକଂ ଶ୍ଲାଘା ତଦ୍ୱଦ୍ ଅସ୍ମାସୁ ଯୁଷ୍ମାକମପି ଶ୍ଲାଘା ଭୱିଷ୍ୟତି|
2f010f00f8	ଅପରଂ ଯୂଯଂ ଯଦ୍ ଦ୍ୱିତୀଯଂ ୱରଂ ଲଭଧ୍ୱେ ତଦର୍ଥମିତଃ ପୂର୍ୱ୍ୱଂ ତଯା ପ୍ରତ୍ୟାଶଯା ଯୁଷ୍ମତ୍ସମୀପଂ ଗମିଷ୍ୟାମି
2f01100184	ଯୁଷ୍ମଦ୍ଦେଶେନ ମାକିଦନିଯାଦେଶଂ ୱ୍ରଜିତ୍ୱା ପୁନସ୍ତସ୍ମାତ୍ ମାକିଦନିଯାଦେଶାତ୍ ଯୁଷ୍ମତ୍ସମୀପମ୍ ଏତ୍ୟ ଯୁଷ୍ମାଭି ର୍ୟିହୂଦାଦେଶଂ ପ୍ରେଷଯିଷ୍ୟେ ଚେତି ମମ ୱାଞ୍ଛାସୀତ୍|
2f0111015a	ଏତାଦୃଶୀ ମନ୍ତ୍ରଣା ମଯା କିଂ ଚାଞ୍ଚଲ୍ୟେନ କୃତା? ଯଦ୍ ଯଦ୍ ଅହଂ ମନ୍ତ୍ରଯେ ତତ୍ କିଂ ୱିଷଯିଲୋକଇୱ ମନ୍ତ୍ରଯାଣ ଆଦୌ ସ୍ୱୀକୃତ୍ୟ ପଶ୍ଚାଦ୍ ଅସ୍ୱୀକୁର୍ୱ୍ୱେ?
2f0112012e	ଯୁଷ୍ମାନ୍ ପ୍ରତି ମଯା କଥିତାନି ୱାକ୍ୟାନ୍ୟଗ୍ରେ ସ୍ୱୀକୃତାନି ଶେଷେଽସ୍ୱୀକୃତାନି ନାଭୱନ୍ ଏତେନେଶ୍ୱରସ୍ୟ ୱିଶ୍ୱସ୍ତତା ପ୍ରକାଶତେ|
2f01130186	ମଯା ସିଲ୍ୱାନେନ ତିମଥିନା ଚେଶ୍ୱରସ୍ୟ ପୁତ୍ରୋ ଯୋ ଯୀଶୁଖ୍ରୀଷ୍ଟୋ ଯୁଷ୍ମନ୍ମଧ୍ୟେ ଘୋଷିତଃ ସ ତେନ ସ୍ୱୀକୃତଃ ପୁନରସ୍ୱୀକୃତଶ୍ଚ ତନ୍ନହି କିନ୍ତୁ ସ ତସ୍ୟ ସ୍ୱୀକାରସ୍ୱରୂପଏୱ|
2f0114013d	ଈଶ୍ୱରସ୍ୟ ମହିମା ଯଦ୍ ଅସ୍ମାଭିଃ ପ୍ରକାଶେତ ତଦର୍ଥମ୍ ଈଶ୍ୱରେଣ ଯଦ୍ ଯତ୍ ପ୍ରତିଜ୍ଞାତଂ ତତ୍ସର୍ୱ୍ୱଂ ଖ୍ରୀଷ୍ଟେନ ସ୍ୱୀକୃତଂ ସତ୍ୟୀଭୂତଞ୍ଚ|
2f011500b7	ଯୁଷ୍ମାନ୍ ଅସ୍ମାଂଶ୍ଚାଭିଷିଚ୍ୟ ଯଃ ଖ୍ରୀଷ୍ଟେ ସ୍ଥାସ୍ନୂନ୍ କରୋତି ସ ଈଶ୍ୱର ଏୱ|
2f01160118	ସ ଚାସ୍ମାନ୍ ମୁଦ୍ରାଙ୍କିତାନ୍ ଅକାର୍ଷୀତ୍ ସତ୍ୟାଙ୍କାରସ୍ୟ ପଣଖରୂପମ୍ ଆତ୍ମାନଂ ଅସ୍ମାକମ୍ ଅନ୍ତଃକରଣେଷୁ ନିରକ୍ଷିପଚ୍ଚ|
2f0117018a	ଅପରଂ ଯୁଷ୍ମାସୁ କରୁଣାଂ କୁର୍ୱ୍ୱନ୍ ଅହମ୍ ଏତାୱତ୍କାଲଂ ଯାୱତ୍ କରିନ୍ଥନଗରଂ ନ ଗତୱାନ୍ ଇତି ସତ୍ୟମେତସ୍ମିନ୍ ଈଶ୍ୱରଂ ସାକ୍ଷିଣଂ କୃତ୍ୱା ମଯା ସ୍ୱପ୍ରାଣାନାଂ ଶପଥଃ କ୍ରିଯତେ|
2f01180149	ୱଯଂ ଯୁଷ୍ମାକଂ ୱିଶ୍ୱାସସ୍ୟ ନିଯନ୍ତାରୋ ନ ଭୱାମଃ କିନ୍ତୁ ଯୁଷ୍ମାକମ୍ ଆନନ୍ଦସ୍ୟ ସହାଯା ଭୱାମଃ, ଯସ୍ମାଦ୍ ୱିଶ୍ୱାସେ ଯୁଷ୍ମାକଂ ସ୍ଥିତି ର୍ଭୱତି|
2f020100b0	ଅପରଞ୍ଚାହଂ ପୁନଃ ଶୋକାଯ ଯୁଷ୍ମତ୍ସନ୍ନିଧିଂ ନ ଗମିଷ୍ୟାମୀତି ମନସି ନିରଚୈଷଂ|
2f02020115	ଯସ୍ମାଦ୍ ଅହଂ ଯଦି ଯୁଷ୍ମାନ୍ ଶୋକଯୁକ୍ତାନ୍ କରୋମି ତର୍ହି ମଯା ଯଃ ଶୋକଯୁକ୍ତୀକୃତସ୍ତଂ ୱିନା କେନାପରେଣାହଂ ହର୍ଷଯିଷ୍ୟେ?
2f020301cc	ମମ ଯୋ ହର୍ଷଃ ସ ଯୁଷ୍ମାକଂ ସର୍ୱ୍ୱେଷାଂ ହର୍ଷ ଏୱେତି ନିଶ୍ଚିତଂ ମଯାବୋଧି; ଅତଏୱ ଯୈରହଂ ହର୍ଷଯିତୱ୍ୟସ୍ତୈ ର୍ମଦୁପସ୍ଥିତିସମଯେ ଯନ୍ମମ ଶୋକୋ ନ ଜାଯେତ ତଦର୍ଥମେୱ ଯୁଷ୍ମଭ୍ୟମ୍ ଏତାଦୃଶଂ ପତ୍ରଂ ମଯା ଲିଖିତଂ|
2f020401a6	ୱସ୍ତୁତସ୍ତୁ ବହୁକ୍ଲେଶସ୍ୟ ମନଃପୀଡାଯାଶ୍ଚ ସମଯେଽହଂ ବହ୍ୱଶ୍ରୁପାତେନ ପତ୍ରମେକଂ ଲିଖିତୱାନ୍ ଯୁଷ୍ମାକଂ ଶୋକାର୍ଥଂ ତନ୍ନହି କିନ୍ତୁ ଯୁଷ୍ମାସୁ ମଦୀଯପ୍ରେମବାହୁଲ୍ୟସ୍ୟ ଜ୍ଞାପନାର୍ଥଂ|
2f0205016a	ଯେନାହଂ ଶୋକଯୁକ୍ତୀକୃତସ୍ତେନ କେୱଲମହଂ ଶୋକଯୁକ୍ତୀକୃତସ୍ତନ୍ନହି କିନ୍ତ୍ୱଂଶତୋ ଯୂଯଂ ସର୍ୱ୍ୱେଽପି ଯତୋଽହମତ୍ର କସ୍ମିଂଶ୍ଚିଦ୍ ଦୋଷମାରୋପଯିତୁଂ ନେଚ୍ଛାମି|
2f02060092	ବହୂନାଂ ଯତ୍ ତର୍ଜ୍ଜନଂ ତେନ ଜନେନାଲମ୍ଭି ତତ୍ ତଦର୍ଥଂ ପ୍ରଚୁରଂ|
2f020700d3	ଅତଃ ସ ଦୁଃଖସାଗରେ ଯନ୍ନ ନିମଜ୍ଜତି ତଦର୍ଥଂ ଯୁଷ୍ମାଭିଃ ସ କ୍ଷନ୍ତୱ୍ୟଃ ସାନ୍ତ୍ୱଯିତୱ୍ୟଶ୍ଚ|
2f02080093	ଇତି ହେତୋଃ ପ୍ରର୍ଥଯେଽହଂ ଯୁଷ୍ମାଭିସ୍ତସ୍ମିନ୍ ଦଯା କ୍ରିଯତାଂ|
2f020900e6	ଯୂଯଂ ସର୍ୱ୍ୱକର୍ମ୍ମଣି ମମାଦେଶଂ ଗୃହ୍ଲୀଥ ନ ୱେତି ପରୀକ୍ଷିତୁମ୍ ଅହଂ ଯୁଷ୍ମାନ୍ ପ୍ରତି ଲିଖିତୱାନ୍|
2f020a0155	ଯସ୍ୟ ଯୋ ଦୋଷୋ ଯୁଷ୍ମାଭିଃ କ୍ଷମ୍ୟତେ ତସ୍ୟ ସ ଦୋଷୋ ମଯାପି କ୍ଷମ୍ୟତେ ଯଶ୍ଚ ଦୋଷୋ ମଯା କ୍ଷମ୍ୟତେ ସ ଯୁଷ୍ମାକଂ କୃତେ ଖ୍ରୀଷ୍ଟସ୍ୟ ସାକ୍ଷାତ୍ କ୍ଷମ୍ୟତେ|
2f020b0107	ଶଯତାନଃ କଲ୍ପନାସ୍ମାଭିରଜ୍ଞାତା ନହି, ଅତୋ ୱଯଂ ଯତ୍ ତେନ ନ ୱଞ୍ଚ୍ୟାମହେ ତଦର୍ଥମ୍ ଅସ୍ମାଭିଃ ସାୱଧାନୈ ର୍ଭୱିତୱ୍ୟଂ|
2f020c0100	ଅପରଞ୍ଚ ଖ୍ରୀଷ୍ଟସ୍ୟ ସୁସଂୱାଦଘୋଷଣାର୍ଥଂ ମଯି ତ୍ରୋଯାନଗରମାଗତେ ପ୍ରଭୋଃ କର୍ମ୍ମଣେ ଚ ମଦର୍ଥଂ ଦ୍ୱାରେ ମୁକ୍ତେ
2f020d019a	ସତ୍ୟପି ସ୍ୱଭ୍ରାତୁସ୍ତୀତସ୍ୟାୱିଦ୍ୟମାନତ୍ୱାତ୍ ମଦୀଯାତ୍ମନଃ କାପି ଶାନ୍ତି ର୍ନ ବଭୂୱ, ତସ୍ମାଦ୍ ଅହଂ ତାନ୍ ୱିସର୍ଜ୍ଜନଂ ଯାଚିତ୍ୱା ମାକିଦନିଯାଦେଶଂ ଗନ୍ତୁଂ ପ୍ରସ୍ଥାନମ୍ ଅକରୱଂ|
2f020e0120	ଯ ଈଶ୍ୱରଃ ସର୍ୱ୍ୱଦା ଖ୍ରୀଷ୍ଟେନାସ୍ମାନ୍ ଜଯିନଃ କରୋତି ସର୍ୱ୍ୱତ୍ର ଚାସ୍ମାଭିସ୍ତଦୀଯଜ୍ଞାନସ୍ୟ ଗନ୍ଧଂ ପ୍ରକାଶଯତି ସ ଧନ୍ୟଃ|
2f020f0117	ଯସ୍ମାଦ୍ ଯେ ତ୍ରାଣଂ ଲପ୍ସ୍ୟନ୍ତେ ଯେ ଚ ୱିନାଶଂ ଗମିଷ୍ୟନ୍ତି ତାନ୍ ପ୍ରତି ୱଯମ୍ ଈଶ୍ୱରେଣ ଖ୍ରୀଷ୍ଟସ୍ୟ ସୌଗନ୍ଧ୍ୟଂ ଭୱାମଃ|
2f02100126	ୱଯମ୍ ଏକେଷାଂ ମୃତ୍ୟୱେ ମୃତ୍ୟୁଗନ୍ଧା ଅପରେଷାଞ୍ଚ ଜୀୱନାଯ ଜୀୱନଗନ୍ଧା ଭୱାମଃ, କିନ୍ତ୍ୱେତାଦୃଶକର୍ମ୍ମସାଧନେ କଃ ସମର୍ଥୋଽସ୍ତି?
2f021101aa	ଅନ୍ୟେ ବହୱୋ ଲୋକା ଯଦ୍ୱଦ୍ ଈଶ୍ୱରସ୍ୟ ୱାକ୍ୟଂ ମୃଷାଶିକ୍ଷଯା ମିଶ୍ରଯନ୍ତି ୱଯଂ ତଦ୍ୱତ୍ ତନ୍ନ ମିଶ୍ରଯନ୍ତଃ ସରଲଭାୱେନେଶ୍ୱରସ୍ୟ ସାକ୍ଷାଦ୍ ଈଶ୍ୱରସ୍ୟାଦେଶାତ୍ ଖ୍ରୀଷ୍ଟେନ କଥାଂ ଭାଷାମହେ|
2f03010160	ୱଯଂ କିମ୍ ଆତ୍ମପ୍ରଶଂସନଂ ପୁନରାରଭାମହେ? ଯୁଷ୍ମାନ୍ ପ୍ରତି ଯୁଷ୍ମତ୍ତୋ ୱା ପରେଷାଂ କେଷାଞ୍ଚିଦ୍ ଇୱାସ୍ମାକମପି କିଂ ପ୍ରଶଂସାପତ୍ରେଷୁ ପ୍ରଯୋଜନମ୍ ଆସ୍ତେ?
2f030200fe	ଯୂଯମେୱାସ୍ମାକଂ ପ୍ରଶଂସାପତ୍ରଂ ତଚ୍ଚାସ୍ମାକମ୍ ଅନ୍ତଃକରଣେଷୁ ଲିଖିତଂ ସର୍ୱ୍ୱମାନୱୈଶ୍ଚ ଜ୍ଞେଯଂ ପଠନୀଯଞ୍ଚ|
2f030301c3	ଯତୋ ଽସ୍ମାଭିଃ ସେୱିତଂ ଖ୍ରୀଷ୍ଟସ୍ୟ ପତ୍ରଂ ଯୂଯପେୱ, ତଚ୍ଚ ନ ମସ୍ୟା କିନ୍ତ୍ୱମରସ୍ୟେଶ୍ୱରସ୍ୟାତ୍ମନା ଲିଖିତଂ ପାଷାଣପତ୍ରେଷୁ ତନ୍ନହି କିନ୍ତୁ କ୍ରୱ୍ୟମଯେଷୁ ହୃତ୍ପତ୍ରେଷୁ ଲିଖିତମିତି ସୁସ୍ପଷ୍ଟଂ|
2f0304009e	ଖ୍ରୀଷ୍ଟେନେଶ୍ୱରଂ ପ୍ରତ୍ୟସ୍ମାକମ୍ ଈଦୃଶୋ ଦୃଢୱିଶ୍ୱାସୋ ୱିଦ୍ୟତେ;
2f030500df	ୱଯଂ ନିଜଗୁଣେନ କିମପି କଲ୍ପଯିତୁଂ ସମର୍ଥା ଇତି ନହି କିନ୍ତ୍ୱୀଶ୍ୱରାଦସ୍ମାକଂ ସାମର୍ଥ୍ୟଂ ଜାଯତେ|
2f03060182	ତେନ ୱଯଂ ନୂତନନିଯମସ୍ୟାର୍ଥତୋ ଽକ୍ଷରସଂସ୍ଥାନସ୍ୟ ତନ୍ନହି କିନ୍ତ୍ୱାତ୍ମନ ଏୱ ସେୱନସାମର୍ଥ୍ୟଂ ପ୍ରାପ୍ତାଃ| ଅକ୍ଷରସଂସ୍ଥାନଂ ମୃତ୍ୟୁଜନକଂ କିନ୍ତ୍ୱାତ୍ମା ଜୀୱନଦାଯକଃ|
2f030701a5	ଅକ୍ଷରୈ ର୍ୱିଲିଖିତପାଷାଣରୂପିଣୀ ଯା ମୃତ୍ୟୋଃ ସେୱା ସା ଯଦୀଦୃକ୍ ତେଜସ୍ୱିନୀ ଜାତା ଯତ୍ତସ୍ୟାଚିରସ୍ଥାଯିନସ୍ତେଜସଃ କାରଣାତ୍ ମୂସସୋ ମୁଖମ୍ ଇସ୍ରାଯେଲୀଯଲୋକୈଃ ସଂଦ୍ରଷ୍ଟୁଂ ନାଶକ୍ୟତ,
2f03080088	ତର୍ହ୍ୟାତ୍ମନଃ ସେୱା କିଂ ତତୋଽପି ବହୁତେଜସ୍ୱିନୀ ନ ଭୱେତ୍?
2f030900f8	ଦଣ୍ଡଜନିକା ସେୱା ଯଦି ତେଜୋଯୁକ୍ତା ଭୱେତ୍ ତର୍ହି ପୁଣ୍ୟଜନିକା ସେୱା ତତୋଽଧିକଂ ବହୁତେଜୋଯୁକ୍ତା ଭୱିଷ୍ୟତି|
2f030a00da	ଉଭଯୋସ୍ତୁଲନାଯାଂ କୃତାଯାମ୍ ଏକସ୍ୟାସ୍ତେଜୋ ଦ୍ୱିତୀଯାଯାଃ ପ୍ରଖରତରେଣ ତେଜସା ହୀନତେଜୋ ଭୱତି|
2f030b0106	ଯସ୍ମାଦ୍ ଯତ୍ ଲୋପନୀଯଂ ତଦ୍ ଯଦି ତେଜୋଯୁକ୍ତଂ ଭୱେତ୍ ତର୍ହି ଯତ୍ ଚିରସ୍ଥାଯି ତଦ୍ ବହୁତରତେଜୋଯୁକ୍ତମେୱ ଭୱିଷ୍ୟତି|
2f030c00a0	ଈଦୃଶୀଂ ପ୍ରତ୍ୟାଶାଂ ଲବ୍ଧ୍ୱା ୱଯଂ ମହତୀଂ ପ୍ରଗଲ୍ଭତାଂ ପ୍ରକାଶଯାମଃ|
2f030d0155	ଇସ୍ରାଯେଲୀଯଲୋକା ଯତ୍ ତସ୍ୟ ଲୋପନୀଯସ୍ୟ ତେଜସଃ ଶେଷଂ ନ ୱିଲୋକଯେଯୁସ୍ତଦର୍ଥଂ ମୂସା ଯାଦୃଗ୍ ଆୱରଣେନ ସ୍ୱମୁଖମ୍ ଆଚ୍ଛାଦଯତ୍ ୱଯଂ ତାଦୃକ୍ ନ କୁର୍ମ୍ମଃ|
2f030e010b	ତେଷାଂ ମନାଂସି କଠିନୀଭୂତାନି ଯତସ୍ତେଷାଂ ପଠନସମଯେ ସ ପୁରାତନୋ ନିଯମସ୍ତେନାୱରଣେନାଦ୍ୟାପି ପ୍ରଚ୍ଛନ୍ନସ୍ତିଷ୍ଠତି|
2f030f013b	ତଚ୍ଚ ନ ଦୂରୀଭୱତି ଯତଃ ଖ୍ରୀଷ୍ଟେନୈୱ ତତ୍ ଲୁପ୍ୟତେ| ମୂସସଃ ଶାସ୍ତ୍ରସ୍ୟ ପାଠସମଯେଽଦ୍ୟାପି ତେଷାଂ ମନାଂସି ତେନାୱରଣେନ ପ୍ରଚ୍ଛାଦ୍ୟନ୍ତେ|
2f031000a1	କିନ୍ତୁ ପ୍ରଭୁଂ ପ୍ରତି ମନସି ପରାୱୃତ୍ତେ ତଦ୍ ଆୱରଣଂ ଦୂରୀକାରିଷ୍ୟତେ|
2f03110095	ଯଃ ପ୍ରଭୁଃ ସ ଏୱ ସ ଆତ୍ମା ଯତ୍ର ଚ ପ୍ରଭୋରାତ୍ମା ତତ୍ରୈୱ ମୁକ୍ତିଃ|
2f031201b6	ୱଯଞ୍ଚ ସର୍ୱ୍ୱେଽନାଚ୍ଛାଦିତେନାସ୍ୟେନ ପ୍ରଭୋସ୍ତେଜସଃ ପ୍ରତିବିମ୍ବଂ ଗୃହ୍ଲନ୍ତ ଆତ୍ମସ୍ୱରୂପେଣ ପ୍ରଭୁନା ରୂପାନ୍ତରୀକୃତା ୱର୍ଦ୍ଧମାନତେଜୋଯୁକ୍ତାଂ ତାମେୱ ପ୍ରତିମୂର୍ତ୍ତିଂ ପ୍ରାପ୍ନୁମଃ|
2f040100ca	ଅପରଞ୍ଚ ୱଯଂ କରୁଣାଭାଜୋ ଭୂତ୍ୱା ଯଦ୍ ଏତତ୍ ପରିଚାରକପଦମ୍ ଅଲଭାମହି ନାତ୍ର କ୍ଲାମ୍ୟାମଃ,
2f04020240	କିନ୍ତୁ ତ୍ରପାଯୁକ୍ତାନି ପ୍ରଚ୍ଛନ୍ନକର୍ମ୍ମାଣି ୱିହାଯ କୁଟିଲତାଚରଣମକୁର୍ୱ୍ୱନ୍ତ ଈଶ୍ୱରୀଯୱାକ୍ୟଂ ମିଥ୍ୟାୱାକ୍ୟୈରମିଶ୍ରଯନ୍ତଃ ସତ୍ୟଧର୍ମ୍ମସ୍ୟ ପ୍ରକାଶନେନେଶ୍ୱରସ୍ୟ ସାକ୍ଷାତ୍ ସର୍ୱ୍ୱମାନୱାନାଂ ସଂୱେଦଗୋଚରେ ସ୍ୱାନ୍ ପ୍ରଶଂସନୀଯାନ୍ ଦର୍ଶଯାମଃ|
2f04030116	ଅସ୍ମାଭି ର୍ଘୋଷିତଃ ସୁସଂୱାଦୋ ଯଦି ପ୍ରଚ୍ଛନ୍ନଃ; ସ୍ୟାତ୍ ତର୍ହି ଯେ ୱିନଂକ୍ଷ୍ୟନ୍ତି ତେଷାମେୱ ଦୃଷ୍ଟିତଃ ସ ପ୍ରଚ୍ଛନ୍ନଃ;
2f040401d1	ଯତ ଈଶ୍ୱରସ୍ୟ ପ୍ରତିମୂର୍ତ୍ତି ର୍ୟଃ ଖ୍ରୀଷ୍ଟସ୍ତସ୍ୟ ତେଜସଃ ସୁସଂୱାଦସ୍ୟ ପ୍ରଭା ଯତ୍ ତାନ୍ ନ ଦୀପଯେତ୍ ତଦର୍ଥମ୍ ଇହ ଲୋକସ୍ୟ ଦେୱୋଽୱିଶ୍ୱାସିନାଂ ଜ୍ଞାନନଯନମ୍ ଅନ୍ଧୀକୃତୱାନ୍ ଏତସ୍ୟୋଦାହରଣଂ ତେ ଭୱନ୍ତି|
2f0405011f	ୱଯଂ ସ୍ୱାନ୍ ଘୋଷଯାମ ଇତି ନହି କିନ୍ତୁ ଖ୍ରୀଷ୍ଟଂ ଯୀଶୁଂ ପ୍ରଭୁମେୱାସ୍ମାଂଶ୍ଚ ଯୀଶୋଃ କୃତେ ଯୁଷ୍ମାକଂ ପରିଚାରକାନ୍ ଘୋଷଯାମଃ|
2f04060169	ଯ ଈଶ୍ୱରୋ ମଧ୍ୟେତିମିରଂ ପ୍ରଭାଂ ଦୀପନାଯାଦିଶତ୍ ସ ଯୀଶୁଖ୍ରୀଷ୍ଟସ୍ୟାସ୍ୟ ଈଶ୍ୱରୀଯତେଜସୋ ଜ୍ଞାନପ୍ରଭାଯା ଉଦଯାର୍ଥମ୍ ଅସ୍ମାକମ୍ ଅନ୍ତଃକରଣେଷୁ ଦୀପିତୱାନ୍|
2f04070139	ଅପରଂ ତଦ୍ ଧନମ୍ ଅସ୍ମାଭି ର୍ମୃଣ୍ମଯେଷୁ ଭାଜନେଷୁ ଧାର୍ୟ୍ୟତେ ଯତଃ ସାଦ୍ଭୁତା ଶକ୍ତି ର୍ନାସ୍ମାକଂ କିନ୍ତ୍ୱୀଶ୍ୱରସ୍ୟୈୱେତି ଜ୍ଞାତୱ୍ୟଂ|
2f040800d6	ୱଯଂ ପଦେ ପଦେ ପୀଡ୍ୟାମହେ କିନ୍ତୁ ନାୱସୀଦାମଃ, ୱଯଂ ୱ୍ୟାକୁଲାଃ ସନ୍ତୋଽପି ନିରୁପାଯା ନ ଭୱାମଃ;
2f040900a6	ୱଯଂ ପ୍ରଦ୍ରାୱ୍ୟମାନା ଅପି ନ କ୍ଲାମ୍ୟାମଃ, ନିପାତିତା ଅପି ନ ୱିନଶ୍ୟାମଃ|
2f040a00ed	ଅସ୍ମାକଂ ଶରୀରେ ଖ୍ରୀଷ୍ଟସ୍ୟ ଜୀୱନଂ ଯତ୍ ପ୍ରକାଶେତ ତଦର୍ଥଂ ତସ୍ମିନ୍ ଶରୀରେ ଯୀଶୋ ର୍ମରଣମପି ଧାରଯାମଃ|
2f040b0119	ଯୀଶୋ ର୍ଜୀୱନଂ ଯଦ୍ ଅସ୍ମାକଂ ମର୍ତ୍ତ୍ୟଦେହେ ପ୍ରକାଶେତ ତଦର୍ଥଂ ଜୀୱନ୍ତୋ ୱଯଂ ଯୀଶୋଃ କୃତେ ନିତ୍ୟଂ ମୃତ୍ୟୌ ସମର୍ପ୍ୟାମହେ|
2f040c0083	ଇତ୍ଥଂ ୱଯଂ ମୃତ୍ୟାକ୍ରାନ୍ତା ଯୂଯଞ୍ଚ ଜୀୱନାକ୍ରାନ୍ତାଃ|
2f040d0189	ୱିଶ୍ୱାସକାରଣାଦେୱ ସମଭାଷି ମଯା ୱଚଃ| ଇତି ଯଥା ଶାସ୍ତ୍ରେ ଲିଖିତଂ ତଥୈୱାସ୍ମାଭିରପି ୱିଶ୍ୱାସଜନକମ୍ ଆତ୍ମାନଂ ପ୍ରାପ୍ୟ ୱିଶ୍ୱାସଃ କ୍ରିଯତେ ତସ୍ମାଚ୍ଚ ୱଚାଂସି ଭାଷ୍ୟନ୍ତେ|
2f040e014c	ପ୍ରଭୁ ର୍ୟୀଶୁ ର୍ୟେନୋତ୍ଥାପିତଃ ସ ଯୀଶୁନାସ୍ମାନପ୍ୟୁତ୍ଥାପଯିଷ୍ୟତି ଯୁଷ୍ମାଭିଃ ସାର୍ଦ୍ଧଂ ସ୍ୱସମୀପ ଉପସ୍ଥାପଯିଷ୍ୟତି ଚ, ୱଯମ୍ ଏତତ୍ ଜାନୀମଃ|
2f040f0169	ଅତଏୱ ଯୁଷ୍ମାକଂ ହିତାଯ ସର୍ୱ୍ୱମେୱ ଭୱତି ତସ୍ମାଦ୍ ବହୂନାଂ ପ୍ରଚୁରାନୁଗ୍ରହପ୍ରାପ୍ତେ ର୍ବହୁଲୋକାନାଂ ଧନ୍ୟୱାଦେନେଶ୍ୱରସ୍ୟ ମହିମା ସମ୍ୟକ୍ ପ୍ରକାଶିଷ୍ୟତେ|
2f04100119	ତତୋ ହେତୋ ର୍ୱଯଂ ନ କ୍ଲାମ୍ୟାମଃ କିନ୍ତୁ ବାହ୍ୟପୁରୁଷୋ ଯଦ୍ୟପି କ୍ଷୀଯତେ ତଥାପ୍ୟାନ୍ତରିକଃ ପୁରୁଷୋ ଦିନେ ଦିନେ ନୂତନାଯତେ|
2f0411010b	କ୍ଷଣମାତ୍ରସ୍ଥାଯି ଯଦେତତ୍ ଲଘିଷ୍ଠଂ ଦୁଃଖଂ ତଦ୍ ଅତିବାହୁଲ୍ୟେନାସ୍ମାକମ୍ ଅନନ୍ତକାଲସ୍ଥାଯି ଗରିଷ୍ଠସୁଖଂ ସାଧଯତି,
2f04120193	ଯତୋ ୱଯଂ ପ୍ରତ୍ୟକ୍ଷାନ୍ ୱିଷଯାନ୍ ଅନୁଦ୍ଦିଶ୍ୟାପ୍ରତ୍ୟକ୍ଷାନ୍ ଉଦ୍ଦିଶାମଃ| ଯତୋ ହେତୋଃ ପ୍ରତ୍ୟକ୍ଷୱିଷଯାଃ କ୍ଷଣମାତ୍ରସ୍ଥାଯିନଃ କିନ୍ତ୍ୱପ୍ରତ୍ୟକ୍ଷା ଅନନ୍ତକାଲସ୍ଥାଯିନଃ|
2f050101a4	ଅପରମ୍ ଅସ୍ମାକମ୍ ଏତସ୍ମିନ୍ ପାର୍ଥିୱେ ଦୂଷ୍ୟରୂପେ ୱେଶ୍ମନି ଜୀର୍ଣେ ସତୀଶ୍ୱରେଣ ନିର୍ମ୍ମିତମ୍ ଅକରକୃତମ୍ ଅସ୍ମାକମ୍ ଅନନ୍ତକାଲସ୍ଥାଯି ୱେଶ୍ମୈକଂ ସ୍ୱର୍ଗେ ୱିଦ୍ୟତ ଇତି ୱଯଂ ଜାନୀମଃ|
2f05020104	ଯତୋ ହେତୋରେତସ୍ମିନ୍ ୱେଶ୍ମନି ତିଷ୍ଠନ୍ତୋ ୱଯଂ ତଂ ସ୍ୱର୍ଗୀଯଂ ୱାସଂ ପରିଧାତୁମ୍ ଆକାଙ୍କ୍ଷ୍ୟମାଣା ନିଃଶ୍ୱସାମଃ|
2f0503009b	ତଥାପୀଦାନୀମପି ୱଯଂ ତେନ ନ ନଗ୍ନାଃ କିନ୍ତୁ ପରିହିତୱସନା ମନ୍ୟାମହେ|
2f050401d7	ଏତସ୍ମିନ୍ ଦୂଷ୍ୟେ ତିଷ୍ଠନତୋ ୱଯଂ କ୍ଲିଶ୍ୟମାନା ନିଃଶ୍ୱସାମଃ, ଯତୋ ୱଯଂ ୱାସଂ ତ୍ୟକ୍ତୁମ୍ ଇଚ୍ଛାମସ୍ତନ୍ନହି କିନ୍ତୁ ତଂ ଦ୍ୱିତୀଯଂ ୱାସଂ ପରିଧାତୁମ୍ ଇଚ୍ଛାମଃ, ଯତସ୍ତଥା କୃତେ ଜୀୱନେନ ମର୍ତ୍ୟଂ ଗ୍ରସିଷ୍ୟତେ|
2f050500ee	ଏତଦର୍ଥଂ ୱଯଂ ଯେନ ସୃଷ୍ଟାଃ ସ ଈଶ୍ୱର ଏୱ ସ ଚାସ୍ମଭ୍ୟଂ ସତ୍ୟଙ୍କାରସ୍ୟ ପଣସ୍ୱରୂପମ୍ ଆତ୍ମାନଂ ଦତ୍ତୱାନ୍|
2f05060123	ଅତଏୱ ୱଯଂ ସର୍ୱ୍ୱଦୋତ୍ସୁକା ଭୱାମଃ କିଞ୍ଚ ଶରୀରେ ଯାୱଦ୍ ଅସ୍ମାଭି ର୍ନ୍ୟୁଷ୍ୟତେ ତାୱତ୍ ପ୍ରଭୁତୋ ଦୂରେ ପ୍ରୋଷ୍ୟତ ଇତି ଜାନୀମଃ,
2f05070088	ଯତୋ ୱଯଂ ଦୃଷ୍ଟିମାର୍ଗେ ନ ଚରାମଃ କିନ୍ତୁ ୱିଶ୍ୱାସମାର୍ଗେ|
2f050800ea	ଅପରଞ୍ଚ ଶରୀରାଦ୍ ଦୂରେ ପ୍ରୱସ୍ତୁଂ ପ୍ରଭୋଃ ସନ୍ନିଧୌ ନିୱସ୍ତୁଞ୍ଚାକାଙ୍କ୍ଷ୍ୟମାଣା ଉତ୍ସୁକା ଭୱାମଃ|
2f050900f6	ତସ୍ମାଦେୱ କାରଣାଦ୍ ୱଯଂ ତସ୍ୟ ସନ୍ନିଧୌ ନିୱସନ୍ତସ୍ତସ୍ମାଦ୍ ଦୂରେ ପ୍ରୱସନ୍ତୋ ୱା ତସ୍ମୈ ରୋଚିତୁଂ ଯତାମହେ|
2f050a0154	ଯସ୍ମାତ୍ ଶରୀରାୱସ୍ଥାଯାମ୍ ଏକୈକେନ କୃତାନାଂ କର୍ମ୍ମଣାଂ ଶୁଭାଶୁଭଫଲପ୍ରାପ୍ତଯେ ସର୍ୱ୍ୱୈସ୍ମାଭିଃ ଖ୍ରୀଷ୍ଟସ୍ୟ ୱିଚାରାସନସମ୍ମୁଖ ଉପସ୍ଥାତୱ୍ୟଂ|
2f050b017c	ଅତଏୱ ପ୍ରଭୋ ର୍ଭଯାନକତ୍ୱଂ ୱିଜ୍ଞାଯ ୱଯଂ ମନୁଜାନ୍ ଅନୁନଯାମଃ କିଞ୍ଚେଶ୍ୱରସ୍ୟ ଗୋଚରେ ସପ୍ରକାଶା ଭୱାମଃ, ଯୁଷ୍ମାକଂ ସଂୱେଦଗୋଚରେଽପି ସପ୍ରକାଶା ଭୱାମ ଇତ୍ୟାଶଂସାମହେ|
2f050c01e7	ଅନେନ ୱଯଂ ଯୁଷ୍ମାକଂ ସନ୍ନିଧୌ ପୁନଃ ସ୍ୱାନ୍ ପ୍ରଶଂସାମ ଇତି ନହି କିନ୍ତୁ ଯେ ମନୋ ୱିନା ମୁଖୈଃ ଶ୍ଲାଘନ୍ତେ ତେଭ୍ୟଃ ପ୍ରତ୍ୟୁତ୍ତରଦାନାଯ ଯୂଯଂ ଯଥାସ୍ମାଭିଃ ଶ୍ଲାଘିତୁଂ ଶକ୍ନୁଥ ତାଦୃଶମ୍ ଉପାଯଂ ଯୁଷ୍ମଭ୍ୟଂ ୱିତରାମଃ|
2f050d00ed	ଯଦି ୱଯଂ ହତଜ୍ଞାନା ଭୱାମସ୍ତର୍ହି ତଦ୍ ଈଶ୍ୱରାର୍ଥକଂ ଯଦି ଚ ସଜ୍ଞାନା ଭୱାମସ୍ତର୍ହି ତଦ୍ ଯୁଷ୍ମଦର୍ଥକଂ|
2f050e0156	ୱଯଂ ଖ୍ରୀଷ୍ଟସ୍ୟ ପ୍ରେମ୍ନା ସମାକୃଷ୍ୟାମହେ ଯତଃ ସର୍ୱ୍ୱେଷାଂ ୱିନିମଯେନ ଯଦ୍ୟେକୋ ଜନୋଽମ୍ରିଯତ ତର୍ହି ତେ ସର୍ୱ୍ୱେ ମୃତା ଇତ୍ୟାସ୍ମାଭି ର୍ବୁଧ୍ୟତେ|
2f050f018e	ଅପରଞ୍ଚ ଯେ ଜୀୱନ୍ତି ତେ ଯତ୍ ସ୍ୱାର୍ଥଂ ନ ଜୀୱନ୍ତି କିନ୍ତୁ ତେଷାଂ କୃତେ ଯୋ ଜନୋ ମୃତଃ ପୁନରୁତ୍ଥାପିତଶ୍ଚ ତମୁଦ୍ଦିଶ୍ୟ ଯତ୍ ଜୀୱନ୍ତି ତଦର୍ଥମେୱ ସ ସର୍ୱ୍ୱେଷାଂ କୃତେ ମୃତୱାନ୍|
2f0510019a	ଅତୋ ହେତୋରିତଃ ପରଂ କୋଽପ୍ୟସ୍ମାଭି ର୍ଜାତିତୋ ନ ପ୍ରତିଜ୍ଞାତୱ୍ୟଃ| ଯଦ୍ୟପି ପୂର୍ୱ୍ୱଂ ଖ୍ରୀଷ୍ଟୋ ଜାତିତୋଽସ୍ମାଭିଃ ପ୍ରତିଜ୍ଞାତସ୍ତଥାପୀଦାନୀଂ ଜାତିତଃ ପୁନ ର୍ନ ପ୍ରତିଜ୍ଞାଯତେ|
2f051100ff	କେନଚିତ୍ ଖ୍ରୀଷ୍ଟ ଆଶ୍ରିତେ ନୂତନା ସୃଷ୍ଟି ର୍ଭୱତି ପୁରାତନାନି ଲୁପ୍ୟନ୍ତେ ପଶ୍ୟ ନିଖିଲାନି ନୱୀନାନି ଭୱନ୍ତି|
2f05120182	ସର୍ୱ୍ୱଞ୍ଚୈତଦ୍ ଈଶ୍ୱରସ୍ୟ କର୍ମ୍ମ ଯତୋ ଯୀଶୁଖ୍ରୀଷ୍ଟେନ ସ ଏୱାସ୍ମାନ୍ ସ୍ୱେନ ସାର୍ଦ୍ଧଂ ସଂହିତୱାନ୍ ସନ୍ଧାନସମ୍ବନ୍ଧୀଯାଂ ପରିଚର୍ୟ୍ୟାମ୍ ଅସ୍ମାସୁ ସମର୍ପିତୱାଂଶ୍ଚ|
2f0513017d	ଯତଃ ଈଶ୍ୱରଃ ଖ୍ରୀଷ୍ଟମ୍ ଅଧିଷ୍ଠାଯ ଜଗତୋ ଜନାନାମ୍ ଆଗାଂସି ତେଷାମ୍ ଋଣମିୱ ନ ଗଣଯନ୍ ସ୍ୱେନ ସାର୍ଦ୍ଧଂ ତାନ୍ ସଂହିତୱାନ୍ ସନ୍ଧିୱାର୍ତ୍ତାମ୍ ଅସ୍ମାସୁ ସମର୍ପିତୱାଂଶ୍ଚ|
2f051401c0	ଅତୋ ୱଯଂ ଖ୍ରୀଷ୍ଟସ୍ୟ ୱିନିମଯେନ ଦୌତ୍ୟଂ କର୍ମ୍ମ ସମ୍ପାଦଯାମହେ, ଈଶ୍ୱରଶ୍ଚାସ୍ମାଭି ର୍ୟୁଷ୍ମାନ୍ ଯାଯାଚ୍ୟତେ ତତଃ ଖ୍ରୀଷ୍ଟସ୍ୟ ୱିନିମଯେନ ୱଯଂ ଯୁଷ୍ମାନ୍ ପ୍ରାର୍ଥଯାମହେ ଯୂଯମୀଶ୍ୱରେଣ ସନ୍ଧତ୍ତ|
2f05150122	ଯତୋ ୱଯଂ ତେନ ଯଦ୍ ଈଶ୍ୱରୀଯପୁଣ୍ୟଂ ଭୱାମସ୍ତଦର୍ଥଂ ପାପେନ ସହ ଯସ୍ୟ ଜ୍ଞାତେଯଂ ନାସୀତ୍ ସ ଏୱ ତେନାସ୍ମାକଂ ୱିନିମଯେନ ପାପଃ କୃତଃ|
2f060100e0	ତସ୍ୟ ସହାଯା ୱଯଂ ଯୁଷ୍ମାନ୍ ପ୍ରାର୍ଥଯାମହେ, ଈଶ୍ୱରସ୍ୟାନୁଗ୍ରହୋ ଯୁଷ୍ମାଭି ର୍ୱୃଥା ନ ଗୃହ୍ୟତାଂ|
2f0602016b	ତେନୋକ୍ତମେତତ୍, ସଂଶ୍ରୋଷ୍ୟାମି ଶୁଭେ କାଲେ ତ୍ୱଦୀଯାଂ ପ୍ରାର୍ଥନାମ୍ ଅହଂ| ଉପକାରଂ କରିଷ୍ୟାମି ପରିତ୍ରାଣଦିନେ ତୱ| ପଶ୍ୟତାଯଂ ଶୁଭକାଲଃ ପଶ୍ୟତେଦଂ ତ୍ରାଣଦିନଂ|
2f060300cd	ଅସ୍ମାକଂ ପରିଚର୍ୟ୍ୟା ଯନ୍ନିଷ୍କଲଙ୍କା ଭୱେତ୍ ତଦର୍ଥଂ ୱଯଂ କୁତ୍ରାପି ୱିଘ୍ନଂ ନ ଜନଯାମଃ,
2f0604010c	କିନ୍ତୁ ପ୍ରଚୁରସହିଷ୍ଣୁତା କ୍ଲେଶୋ ଦୈନ୍ୟଂ ୱିପତ୍ ତାଡନା କାରାବନ୍ଧନଂ ନିୱାସହୀନତ୍ୱଂ ପରିଶ୍ରମୋ ଜାଗରଣମ୍ ଉପୱସନଂ
2f0605006c	ନିର୍ମ୍ମଲତ୍ୱଂ ଜ୍ଞାନଂ ମୃଦୁଶୀଲତା ହିତୈଷିତା
2f06060089	ପୱିତ୍ର ଆତ୍ମା ନିଷ୍କପଟଂ ପ୍ରେମ ସତ୍ୟାଲାପ ଈଶ୍ୱରୀଯଶକ୍ତି
2f06070080	ର୍ଦକ୍ଷିଣୱାମାଭ୍ୟାଂ କରାଭ୍ୟାଂ ଧର୍ମ୍ମାସ୍ତ୍ରଧାରଣଂ
2f06080125	ମାନାପମାନଯୋରଖ୍ୟାତିସୁଖ୍ୟାତ୍ୟୋ ର୍ଭାଗିତ୍ୱମ୍ ଏତୈଃ ସର୍ୱ୍ୱୈରୀଶ୍ୱରସ୍ୟ ପ୍ରଶଂସ୍ୟାନ୍ ପରିଚାରକାନ୍ ସ୍ୱାନ୍ ପ୍ରକାଶଯାମଃ|
2f06090126	ଭ୍ରମକସମା ୱଯଂ ସତ୍ୟୱାଦିନୋ ଭୱାମଃ, ଅପରିଚିତସମା ୱଯଂ ସୁପରିଚିତା ଭୱାମଃ, ମୃତକଲ୍ପା ୱଯଂ ଜୀୱାମଃ, ଦଣ୍ଡ୍ୟମାନା ୱଯଂ ନ ହନ୍ୟାମହେ,
2f060a0101	ଶୋକଯୁକ୍ତାଶ୍ଚ ୱଯଂ ସଦାନନ୍ଦାମଃ, ଦରିଦ୍ରା ୱଯଂ ବହୂନ୍ ଧନିନଃ କୁର୍ମ୍ମଃ, ଅକିଞ୍ଚନାଶ୍ଚ ୱଯଂ ସର୍ୱ୍ୱଂ ଧାରଯାମଃ|
2f060b00b7	ହେ କରିନ୍ଥିନଃ, ଯୁଷ୍ମାକଂ ପ୍ରତି ମମାସ୍ୟଂ ମୁକ୍ତଂ ମମାନ୍ତଃକରଣାଞ୍ଚ ୱିକସିତଂ|
2f060c009a	ଯୂଯଂ ମମାନ୍ତରେ ନ ସଙ୍କୋଚିତାଃ କିଞ୍ଚ ଯୂଯମେୱ ସଙ୍କୋଚିତଚିତ୍ତାଃ|
2f060d010f	କିନ୍ତୁ ମହ୍ୟଂ ନ୍ୟାଯ୍ୟଫଲଦାନାର୍ଥଂ ଯୁଷ୍ମାଭିରପି ୱିକସିତୈ ର୍ଭୱିତୱ୍ୟମ୍ ଇତ୍ୟହଂ ନିଜବାଲକାନିୱ ଯୁଷ୍ମାନ୍ ୱଦାମି|
2f060e0176	ଅପରମ୍ ଅପ୍ରତ୍ୟଯିଭିଃ ସାର୍ଦ୍ଧଂ ଯୂଯମ୍ ଏକଯୁଗେ ବଦ୍ଧା ମା ଭୂତ, ଯସ୍ମାଦ୍ ଧର୍ମ୍ମାଧର୍ମ୍ମଯୋଃ କଃ ସମ୍ବନ୍ଧୋଽସ୍ତି? ତିମିରେଣ ସର୍ଦ୍ଧଂ ପ୍ରଭାଯା ୱା କା ତୁଲନାସ୍ତି?
2f060f00f3	ବିଲୀଯାଲଦେୱେନ ସାକଂ ଖ୍ରୀଷ୍ଟସ୍ୟ ୱା କା ସନ୍ଧିଃ? ଅୱିଶ୍ୱାସିନା ସାର୍ଦ୍ଧଂ ୱା ୱିଶ୍ୱାସିଲୋକସ୍ୟାଂଶଃ କଃ?
2f06100248	ଈଶ୍ୱରସ୍ୟ ମନ୍ଦିରେଣ ସହ ୱା ଦେୱପ୍ରତିମାନାଂ କା ତୁଲନା? ଅମରସ୍ୟେଶ୍ୱରସ୍ୟ ମନ୍ଦିରଂ ଯୂଯମେୱ| ଈଶ୍ୱରେଣ ତଦୁକ୍ତଂ ଯଥା, ତେଷାଂ ମଧ୍ୟେଽହଂ ସ୍ୱାୱାସଂ ନିଧାସ୍ୟାମି ତେଷାଂ ମଧ୍ୟେ ଚ ଯାତାଯାତଂ କୁର୍ୱ୍ୱନ୍ ତେଷାମ୍ ଈଶ୍ୱରୋ ଭୱିଷ୍ୟାମି ତେ ଚ ମଲ୍ଲୋକା ଭୱିଷ୍ୟନ୍ତି|
2f06110138	ଅତୋ ହେତୋଃ ପରମେଶ୍ୱରଃ କଥଯତି ଯୂଯଂ ତେଷାଂ ମଧ୍ୟାଦ୍ ବହିର୍ଭୂଯ ପୃଥଗ୍ ଭୱତ, କିମପ୍ୟମେଧ୍ୟଂ ନ ସ୍ପୃଶତ; ତେନାହଂ ଯୁଷ୍ମାନ୍ ଗ୍ରହୀଷ୍ୟାମି,
2f061200fb	ଯୁଷ୍ମାକଂ ପିତା ଭୱିଷ୍ୟାମି ଚ, ଯୂଯଞ୍ଚ ମମ କନ୍ୟାପୁତ୍ରା ଭୱିଷ୍ୟଥେତି ସର୍ୱ୍ୱଶକ୍ତିମତା ପରମେଶ୍ୱରେଣୋକ୍ତଂ|
2f07010169	ଅତଏୱ ହେ ପ୍ରିଯତମାଃ, ଏତାଦୃଶୀଃ ପ୍ରତିଜ୍ଞାଃ ପ୍ରାପ୍ତୈରସ୍ମାଭିଃ ଶରୀରାତ୍ମନୋଃ ସର୍ୱ୍ୱମାଲିନ୍ୟମ୍ ଅପମୃଜ୍ୟେଶ୍ୱରସ୍ୟ ଭକ୍ତ୍ୟା ପୱିତ୍ରାଚାରଃ ସାଧ୍ୟତାଂ|
2f070200bc	ଯୂଯମ୍ ଅସ୍ମାନ୍ ଗୃହ୍ଲୀତ| ଅସ୍ମାଭିଃ କସ୍ୟାପ୍ୟନ୍ୟାଯୋ ନ କୃତଃ କୋଽପି ନ ୱଞ୍ଚିତଃ|
2f0703016e	ଯୁଷ୍ମାନ୍ ଦୋଷିଣଃ କର୍ତ୍ତମହଂ ୱାକ୍ୟମେତଦ୍ ୱଦାମୀତି ନହି ଯୁଷ୍ମାଭିଃ ସହ ଜୀୱନାଯ ମରଣାଯ ୱା ୱଯଂ ଯୁଷ୍ମାନ୍ ସ୍ୱାନ୍ତଃକରଣୈ ର୍ଧାରଯାମ ଇତି ପୂର୍ୱ୍ୱଂ ମଯୋକ୍ତଂ|
2f07040167	ଯୁଷ୍ମାନ୍ ପ୍ରତି ମମ ମହେତ୍ସାହୋ ଜାଯତେ ଯୁଷ୍ମାନ୍ ଅଧ୍ୟହଂ ବହୁ ଶ୍ଲାଘେ ଚ ତେନ ସର୍ୱ୍ୱକ୍ଲେଶସମଯେଽହଂ ସାନ୍ତ୍ୱନଯା ପୂର୍ଣୋ ହର୍ଷେଣ ପ୍ରଫୁଲ୍ଲିତଶ୍ଚ ଭୱାମି|
2f07050167	ଅସ୍ମାସୁ ମାକିଦନିଯାଦେଶମ୍ ଆଗତେଷ୍ୱସ୍ମାକଂ ଶରୀରସ୍ୟ କାଚିଦପି ଶାନ୍ତି ର୍ନାଭୱତ୍ କିନ୍ତୁ ସର୍ୱ୍ୱତୋ ବହି ର୍ୱିରୋଧେନାନ୍ତଶ୍ଚ ଭୀତ୍ୟା ୱଯମ୍ ଅପୀଡ୍ୟାମହି|
2f070600c5	କିନ୍ତୁ ନମ୍ରାଣାଂ ସାନ୍ତ୍ୱଯିତା ଯ ଈଶ୍ୱରଃ ସ ତୀତସ୍ୟାଗମନେନାସ୍ମାନ୍ ଅସାନ୍ତ୍ୱଯତ୍|
2f070701a0	କେୱଲଂ ତସ୍ୟାଗମନେନ ତନ୍ନହି କିନ୍ତୁ ଯୁଷ୍ମତ୍ତୋ ଜାତଯା ତସ୍ୟ ସାନ୍ତ୍ୱନଯାପି, ଯତୋଽସ୍ମାସୁ ଯୁଷ୍ମାକଂ ହାର୍ଦ୍ଦୱିଲାପାସକ୍ତତ୍ୱେଷ୍ୱସ୍ମାକଂ ସମୀପେ ୱର୍ଣିତେଷୁ ମମ ମହାନନ୍ଦୋ ଜାତଃ|
2f07080183	ଅହଂ ପତ୍ରେଣ ଯୁଷ୍ମାନ୍ ଶୋକଯୁକ୍ତାନ୍ କୃତୱାନ୍ ଇତ୍ୟସ୍ମାଦ୍ ଅନ୍ୱତପ୍ୟେ କିନ୍ତ୍ୱଧୁନା ନାନୁତପ୍ୟେ| ତେନ ପତ୍ରେଣ ଯୂଯଂ କ୍ଷଣମାତ୍ରଂ ଶୋକଯୁକ୍ତୀଭୂତା ଇତି ମଯା ଦୃଶ୍ୟତେ|
2f070901fc	ଇତ୍ୟସ୍ମିନ୍ ଯୁଷ୍ମାକଂ ଶୋକେନାହଂ ହୃଷ୍ୟାମି ତନ୍ନହି କିନ୍ତୁ ମନଃପରିୱର୍ତ୍ତନାଯ ଯୁଷ୍ମାକଂ ଶୋକୋଽଭୱଦ୍ ଇତ୍ୟନେନ ହୃଷ୍ୟାମି ଯତୋଽସ୍ମତ୍ତୋ ଯୁଷ୍ମାକଂ କାପି ହାନି ର୍ୟନ୍ନ ଭୱେତ୍ ତଦର୍ଥଂ ଯୁଷ୍ମାକମ୍ ଈଶ୍ୱରୀଯଃ ଶୋକୋ ଜାତଃ|
2f070a010e	ସ ଈଶ୍ୱରୀଯଃ ଶୋକଃ ପରିତ୍ରାଣଜନକଂ ନିରନୁତାପଂ ମନଃପରିୱର୍ତ୍ତନଂ ସାଧଯତି କିନ୍ତୁ ସାଂସାରିକଃ ଶୋକୋ ମୃତ୍ୟୁଂ ସାଧଯତି|
2f070b0239	ପଶ୍ୟତ ତେନେଶ୍ୱରୀଯେଣ ଶୋକେନ ଯୁଷ୍ମାକଂ କିଂ ନ ସାଧିତଂ? ଯତ୍ନୋ ଦୋଷପ୍ରକ୍ଷାଲନମ୍ ଅସନ୍ତୁଷ୍ଟତ୍ୱଂ ହାର୍ଦ୍ଦମ୍ ଆସକ୍ତତ୍ୱଂ ଫଲଦାନଞ୍ଚୈତାନି ସର୍ୱ୍ୱାଣି| ତସ୍ମିନ୍ କର୍ମ୍ମଣି ଯୂଯଂ ନିର୍ମ୍ମଲା ଇତି ପ୍ରମାଣଂ ସର୍ୱ୍ୱେଣ ପ୍ରକାରେଣ ଯୁଷ୍ମାଭି ର୍ଦତ୍ତଂ|
2f070c01b2	ଯେନାପରାଦ୍ଧଂ ତସ୍ୟ କୃତେ କିଂୱା ଯସ୍ୟାପରାଦ୍ଧଂ ତସ୍ୟ କୃତେ ମଯା ପତ୍ରମ୍ ଅଲେଖି ତନ୍ନହି କିନ୍ତୁ ଯୁଷ୍ମାନଧ୍ୟସ୍ମାକଂ ଯତ୍ନୋ ଯଦ୍ ଈଶ୍ୱରସ୍ୟ ସାକ୍ଷାଦ୍ ଯୁଷ୍ମତ୍ସମୀପେ ପ୍ରକାଶେତ ତଦର୍ଥମେୱ|
2f070d0194	ଉକ୍ତକାରଣାଦ୍ ୱଯଂ ସାନ୍ତ୍ୱନାଂ ପ୍ରାପ୍ତାଃ; ତାଞ୍ଚ ସାନ୍ତ୍ୱନାଂ ୱିନାୱରୋ ମହାହ୍ଲାଦସ୍ତୀତସ୍ୟାହ୍ଲାଦାଦସ୍ମାଭି ର୍ଲବ୍ଧଃ, ଯତସ୍ତସ୍ୟାତ୍ମା ସର୍ୱ୍ୱୈ ର୍ୟୁଷ୍ମାଭିସ୍ତୃପ୍ତଃ|
2f070e01bf	ପୂର୍ୱ୍ୱଂ ତସ୍ୟ ସମୀପେଽହଂ ଯୁଷ୍ମାଭିର୍ୟଦ୍ ଅଶ୍ଲାଘେ ତେନ ନାଲଜ୍ଜେ କିନ୍ତୁ ୱଯଂ ଯଦ୍ୱଦ୍ ଯୁଷ୍ମାନ୍ ପ୍ରତି ସତ୍ୟଭାୱେନ ସକଲମ୍ ଅଭାଷାମହି ତଦ୍ୱତ୍ ତୀତସ୍ୟ ସମୀପେଽସ୍ମାକଂ ଶ୍ଲାଘନମପି ସତ୍ୟଂ ଜାତଂ|
2f070f0136	ଯୂଯଂ କୀଦୃକ୍ ତସ୍ୟାଜ୍ଞା ଅପାଲଯତ ଭଯକମ୍ପାଭ୍ୟାଂ ତଂ ଗୃହୀତୱନ୍ତଶ୍ଚୈତସ୍ୟ ସ୍ମରଣାଦ୍ ଯୁଷ୍ମାସୁ ତସ୍ୟ ସ୍ନେହୋ ବାହୁଲ୍ୟେନ ୱର୍ତ୍ତତେ|
2f07100093	ଯୁଷ୍ମାସ୍ୱହଂ ସର୍ୱ୍ୱମାଶଂସେ, ଇତ୍ୟସ୍ମିନ୍ ମମାହ୍ଲାଦୋ ଜାଯତେ|
2f08010100	ହେ ଭ୍ରାତରଃ, ମାକିଦନିଯାଦେଶସ୍ଥାସୁ ସମିତିଷୁ ପ୍ରକାଶିତୋ ଯ ଈଶ୍ୱରସ୍ୟାନୁଗ୍ରହସ୍ତମହଂ ଯୁଷ୍ମାନ୍ ଜ୍ଞାପଯାମି|
2f080200ef	ୱସ୍ତୁତୋ ବହୁକ୍ଲେଶପରୀକ୍ଷାସମଯେ ତେଷାଂ ମହାନନ୍ଦୋଽତୀୱଦୀନତା ଚ ୱଦାନ୍ୟତାଯାଃ ପ୍ରଚୁରଫଲମ୍ ଅଫଲଯତାଂ|
2f080300d9	ତେ ସ୍ୱେଚ୍ଛଯା ଯଥାଶକ୍ତି କିଞ୍ଚାତିଶକ୍ତି ଦାନ ଉଦ୍ୟୁକ୍ତା ଅଭୱନ୍ ଇତି ମଯା ପ୍ରମାଣୀକ୍ରିଯତେ|
2f08040123	ୱଯଞ୍ଚ ଯତ୍ ପୱିତ୍ରଲୋକେଭ୍ୟସ୍ତେଷାଂ ଦାନମ୍ ଉପକାରାର୍ଥକମ୍ ଅଂଶନଞ୍ଚ ଗୃହ୍ଲାମସ୍ତଦ୍ ବହୁନୁନଯେନାସ୍ମାନ୍ ପ୍ରାର୍ଥିତୱନ୍ତଃ|
2f08050129	ୱଯଂ ଯାଦୃକ୍ ପ୍ରତ୍ୟୈ଼କ୍ଷାମହି ତାଦୃଗ୍ ଅକୃତ୍ୱା ତେଽଗ୍ରେ ପ୍ରଭୱେ ତତଃ ପରମ୍ ଈଶ୍ୱରସ୍ୟେଚ୍ଛଯାସ୍ମଭ୍ୟମପି ସ୍ୱାନ୍ ନ୍ୟୱେଦଯନ୍|
2f0806012b	ଅତୋ ହେତୋସ୍ତ୍ୱଂ ଯଥାରବ୍ଧୱାନ୍ ତଥୈୱ କରିନ୍ଥିନାଂ ମଧ୍ୟେଽପି ତଦ୍ ଦାନଗ୍ରହଣଂ ସାଧଯେତି ଯୁଷ୍ମାନ୍ ଅଧି ୱଯଂ ତୀତଂ ପ୍ରାର୍ଥଯାମହି|
2f08070155	ଅତୋ ୱିଶ୍ୱାସୋ ୱାକ୍ପଟୁତା ଜ୍ଞାନଂ ସର୍ୱ୍ୱୋତ୍ସାହୋ ଽସ୍ମାସୁ ପ୍ରେମ ଚୈତୈ ର୍ଗୁଣୈ ର୍ୟୂଯଂ ଯଥାପରାନ୍ ଅତିଶେଧ୍ୱେ ତଥୈୱୈତେନ ଗୁଣେନାପ୍ୟତିଶେଧ୍ୱଂ|
2f0808014b	ଏତଦ୍ ଅହମ୍ ଆଜ୍ଞଯା କଥଯାମୀତି ନହି କିନ୍ତ୍ୱନ୍ୟେଷାମ୍ ଉତ୍ସାହକାରଣାଦ୍ ଯୁଷ୍ମାକମପି ପ୍ରେମ୍ନଃ ସାରଲ୍ୟଂ ପରୀକ୍ଷିତୁମିଚ୍ଛତା ମଯୈତତ୍ କଥ୍ୟତେ|
2f08090174	ଯୂଯଞ୍ଚାସ୍ମତ୍ପ୍ରଭୋ ର୍ୟୀଶୁଖ୍ରୀଷ୍ଟସ୍ୟାନୁଗ୍ରହଂ ଜାନୀଥ ଯତସ୍ତସ୍ୟ ନିର୍ଧନତ୍ୱେନ ଯୂଯଂ ଯଦ୍ ଧନିନୋ ଭୱଥ ତଦର୍ଥଂ ସ ଧନୀ ସନ୍ନପି ଯୁଷ୍ମତ୍କୃତେ ନିର୍ଧନୋଽଭୱତ୍|
2f080a01f9	ଏତସ୍ମିନ୍ ଅହଂ ଯୁଷ୍ମାନ୍ ସ୍ୱୱିଚାରଂ ଜ୍ଞାପଯାମି| ଗତଂ ସଂୱତ୍ସରମ୍ ଆରଭ୍ୟ ଯୂଯଂ କେୱଲଂ କର୍ମ୍ମ କର୍ତ୍ତଂ ତନ୍ନହି କିନ୍ତ୍ୱିଚ୍ଛୁକତାଂ ପ୍ରକାଶଯିତୁମପ୍ୟୁପାକ୍ରାଭ୍ୟଧ୍ୱଂ ତତୋ ହେତୋ ର୍ୟୁଷ୍ମତ୍କୃତେ ମମ ମନ୍ତ୍ରଣା ଭଦ୍ରା|
2f080b016a	ଅତୋ ଽଧୁନା ତତ୍କର୍ମ୍ମସାଧନଂ ଯୁଷ୍ମାଭିଃ କ୍ରିଯତାଂ ତେନ ଯଦ୍ୱଦ୍ ଇଚ୍ଛୁକତାଯାମ୍ ଉତ୍ସାହସ୍ତଦ୍ୱଦ୍ ଏକୈକସ୍ୟ ସମ୍ପଦନୁସାରେଣ କର୍ମ୍ମସାଧନମ୍ ଅପି ଜନିଷ୍ୟତେ|
2f080c0116	ଯସ୍ମିନ୍ ଇଚ୍ଛୁକତା ୱିଦ୍ୟତେ ତେନ ଯନ୍ନ ଧାର୍ୟ୍ୟତେ ତସ୍ମାତ୍ ସୋଽନୁଗୃହ୍ୟତ ଇତି ନହି କିନ୍ତୁ ଯଦ୍ ଧାର୍ୟ୍ୟତେ ତସ୍ମାଦେୱ|
2f080d00ba	ଯତ ଇତରେଷାଂ ୱିରାମେଣ ଯୁଷ୍ମାକଞ୍ଚ କ୍ଲେଶେନ ଭୱିତୱ୍ୟଂ ତନ୍ନହି କିନ୍ତୁ ସମତଯୈୱ|
2f080e0170	ୱର୍ତ୍ତମାନସମଯେ ଯୁଷ୍ମାକଂ ଧନାଧିକ୍ୟେନ ତେଷାଂ ଧନନ୍ୟୂନତା ପୂରଯିତୱ୍ୟା ତସ୍ମାତ୍ ତେଷାମପ୍ୟାଧିକ୍ୟେନ ଯୁଷ୍ମାକଂ ନ୍ୟୂନତା ପୂରଯିଷ୍ୟତେ ତେନ ସମତା ଜନିଷ୍ୟତେ|
2f080f0126	ତଦେୱ ଶାସ୍ତ୍ରେଽପି ଲିଖିତମ୍ ଆସ୍ତେ ଯଥା, ଯେନାଧିକଂ ସଂଗୃହୀତଂ ତସ୍ୟାଧିକଂ ନାଭୱତ୍ ଯେନ ଚାଲ୍ପଂ ସଂଗୃହୀତଂ ତସ୍ୟାଲ୍ପଂ ନାଭୱତ୍|
2f081000ba	ଯୁଷ୍ମାକଂ ହିତାଯ ତୀତସ୍ୟ ମନସି ଯ ଈଶ୍ୱର ଇମମ୍ ଉଦ୍ୟୋଗଂ ଜନିତୱାନ୍ ସ ଧନ୍ୟୋ ଭୱତୁ|
2f081100fa	ତୀତୋଽସ୍ମାକଂ ପ୍ରାର୍ଥନାଂ ଗୃହୀତୱାନ୍ କିଞ୍ଚ ସ୍ୱଯମ୍ ଉଦ୍ୟୁକ୍ତଃ ସନ୍ ସ୍ୱେଚ୍ଛଯା ଯୁଷ୍ମତ୍ସମୀପଂ ଗତୱାନ୍|
2f081200ff	ତେନ ସହ ଯୋଽପର ଏକୋ ଭ୍ରାତାସ୍ମାଭିଃ ପ୍ରେଷିତଃ ସୁସଂୱାଦାତ୍ ତସ୍ୟ ସୁଖ୍ୟାତ୍ୟା ସର୍ୱ୍ୱାଃ ସମିତଯୋ ୱ୍ୟାପ୍ତାଃ|
2f08130101	ପ୍ରଭୋ ର୍ଗୌରୱାଯ ଯୁଷ୍ମାକମ୍ ଇଚ୍ଛୁକତାଯୈ ଚ ସ ସମିତିଭିରେତସ୍ୟୈ ଦାନସେୱାଯୈ ଅସ୍ମାକଂ ସଙ୍ଗିତ୍ୱେ ନ୍ୟଯୋଜ୍ୟତ|
2f081400e4	ଯତୋ ଯା ମହୋପାଯନସେୱାସ୍ମାଭି ର୍ୱିଧୀଯତେ ତାମଧି ୱଯଂ ଯତ୍ କେନାପି ନ ନିନ୍ଦ୍ୟାମହେ ତଦର୍ଥଂ ଯତାମହେ|
2f081500ef	ଯତଃ କେୱଲଂ ପ୍ରଭୋଃ ସାକ୍ଷାତ୍ ତନ୍ନହି କିନ୍ତୁ ମାନୱାନାମପି ସାକ୍ଷାତ୍ ସଦାଚାରଂ କର୍ତ୍ତୁମ୍ ଆଲୋଚାମହେ|
2f081601c5	ତାଭ୍ୟାଂ ସହାପର ଏକୋ ଯୋ ଭ୍ରାତାସ୍ମାଭିଃ ପ୍ରେଷିତଃ ସୋଽସ୍ମାଭି ର୍ବହୁୱିଷଯେଷୁ ବହୱାରାନ୍ ପରୀକ୍ଷିତ ଉଦ୍ୟୋଗୀୱ ପ୍ରକାଶିତଶ୍ଚ କିନ୍ତ୍ୱଧୁନା ଯୁଷ୍ମାସୁ ଦୃଢୱିଶ୍ୱାସାତ୍ ତସ୍ୟୋତ୍ସାହୋ ବହୁ ୱୱୃଧେ|
2f081701f5	ଯଦି କଶ୍ଚିତ୍ ତୀତସ୍ୟ ତତ୍ତ୍ୱଂ ଜିଜ୍ଞାସତେ ତର୍ହି ସ ମମ ସହଭାଗୀ ଯୁଷ୍ମନ୍ମଧ୍ୟେ ସହକାରୀ ଚ, ଅପରଯୋ ର୍ଭ୍ରାତ୍ରୋସ୍ତତ୍ତ୍ୱଂ ୱା ଯଦି ଜିଜ୍ଞାସତେ ତର୍ହି ତୌ ସମିତୀନାଂ ଦୂତୌ ଖ୍ରୀଷ୍ଟସ୍ୟ ପ୍ରତିବିମ୍ବୌ ଚେତି ତେନ ଜ୍ଞାଯତାଂ|
2f0818012b	ଅତୋ ହେତୋଃ ସମିତୀନାଂ ସମକ୍ଷଂ ଯୁଷ୍ମତ୍ପ୍ରେମ୍ନୋଽସ୍ମାକଂ ଶ୍ଲାଘାଯାଶ୍ଚ ପ୍ରାମାଣ୍ୟଂ ତାନ୍ ପ୍ରତି ଯୁଷ୍ମାଭିଃ ପ୍ରକାଶଯିତୱ୍ୟଂ|
2f090100c4	ପୱିତ୍ରଲୋକାନାମ୍ ଉପକାରାର୍ଥକସେୱାମଧି ଯୁଷ୍ମାନ୍ ପ୍ରତି ମମ ଲିଖନଂ ନିଷ୍ପ୍ରଯୋଜନଂ|
2f0902022d	ଯତ ଆଖାଯାଦେଶସ୍ଥା ଲୋକା ଗତୱର୍ଷମ୍ ଆରଭ୍ୟ ତତ୍କାର୍ୟ୍ୟ ଉଦ୍ୟତାଃ ସନ୍ତୀତି ୱାକ୍ୟେନାହଂ ମାକିଦନୀଯଲୋକାନାଂ ସମୀପେ ଯୁଷ୍ମାକଂ ଯାମ୍ ଇଚ୍ଛୁକତାମଧି ଶ୍ଲାଘେ ତାମ୍ ଅୱଗତୋଽସ୍ମି ଯୁଷ୍ମାକଂ ତସ୍ମାଦ୍ ଉତ୍ସାହାଚ୍ଚାପରେଷାଂ ବହୂନାମ୍ ଉଦ୍ୟୋଗୋ ଜାତଃ|
2f0903017d	କିଞ୍ଚୈତସ୍ମିନ୍ ଯୁଷ୍ମାନ୍ ଅଧ୍ୟସ୍ମାକଂ ଶ୍ଲାଘା ଯଦ୍ ଅତଥ୍ୟା ନ ଭୱେତ୍ ଯୂଯଞ୍ଚ ମମ ୱାକ୍ୟାନୁସାରାଦ୍ ଯଦ୍ ଉଦ୍ୟତାସ୍ତିଷ୍ଠେତ ତଦର୍ଥମେୱ ତେ ଭ୍ରାତରୋ ମଯା ପ୍ରେଷିତାଃ|
2f09040207	ଯସ୍ମାତ୍ ମଯା ସାର୍ଦ୍ଧଂ କୈଶ୍ଚିତ୍ ମାକିଦନୀଯଭ୍ରାତୃଭିରାଗତ୍ୟ ଯୂଯମନୁଦ୍ୟତା ଇତି ଯଦି ଦୃଶ୍ୟତେ ତର୍ହି ତସ୍ମାଦ୍ ଦୃଢୱିଶ୍ୱାସାଦ୍ ଯୁଷ୍ମାକଂ ଲଜ୍ଜା ଜନିଷ୍ୟତ ଇତ୍ୟସ୍ମାଭି ର୍ନ ୱକ୍ତୱ୍ୟଂ କିନ୍ତ୍ୱସ୍ମାକମେୱ ଲଜ୍ଜା ଜନିଷ୍ୟତେ|
2f09050204	ଅତଃ ପ୍ରାକ୍ ପ୍ରତିଜ୍ଞାତଂ ଯୁଷ୍ମାକଂ ଦାନଂ ଯତ୍ ସଞ୍ଚିତଂ ଭୱେତ୍ ତଚ୍ଚ ଯଦ୍ ଗ୍ରାହକତାଯାଃ ଫଲମ୍ ଅଭୂତ୍ୱା ଦାନଶୀଲତାଯା ଏୱ ଫଲଂ ଭୱେତ୍ ତଦର୍ଥଂ ମମାଗ୍ରେ ଗମନାଯ ତତ୍ସଞ୍ଚଯନାଯ ଚ ତାନ୍ ଭ୍ରାତୃନ୍ ଆଦେଷ୍ଟୁମହଂ ପ୍ରଯୋଜନମ୍ ଅମନ୍ୟେ|
2f090601a2	ଅପରମପି ୱ୍ୟାହରାମି କେନଚିତ୍ କ୍ଷୁଦ୍ରଭାୱେନ ବୀଜେଷୂପ୍ତେଷୁ ସ୍ୱଲ୍ପାନି ଶସ୍ୟାନି କର୍ତ୍ତିଷ୍ୟନ୍ତେ, କିଞ୍ଚ କେନଚିଦ୍ ବହୁଦଭୱେନ ବୀଜେଷୂପ୍ତେଷୁ ବହୂନି ଶସ୍ୟାନି କର୍ତ୍ତିଷ୍ୟନ୍ତେ|
2f09070122	ଏକୈକେନ ସ୍ୱମନସି ଯଥା ନିଶ୍ଚୀଯତେ ତଥୈୱ ଦୀଯତାଂ କେନାପି କାତରେଣ ଭୀତେନ ୱା ନ ଦୀଯତାଂ ଯତ ଈଶ୍ୱରୋ ହୃଷ୍ଟମାନସେ ଦାତରି ପ୍ରୀଯତେ|
2f090801a7	ଅପରମ୍ ଈଶ୍ୱରୋ ଯୁଷ୍ମାନ୍ ପ୍ରତି ସର୍ୱ୍ୱୱିଧଂ ବହୁପ୍ରଦଂ ପ୍ରସାଦଂ ପ୍ରକାଶଯିତୁମ୍ ଅର୍ହତି ତେନ ଯୂଯଂ ସର୍ୱ୍ୱୱିଷଯେ ଯଥେଷ୍ଟଂ ପ୍ରାପ୍ୟ ସର୍ୱ୍ୱେଣ ସତ୍କର୍ମ୍ମଣା ବହୁଫଲୱନ୍ତୋ ଭୱିଷ୍ୟଥ|
2f090900f0	ଏତସ୍ମିନ୍ ଲିଖିତମାସ୍ତେ, ଯଥା, ୱ୍ୟଯତେ ସ ଜନୋ ରାଯଂ ଦୁର୍ଗତେଭ୍ୟୋ ଦଦାତି ଚ| ନିତ୍ୟସ୍ଥାଯୀ ଚ ତଦ୍ଧର୍ମ୍ମଃ
2f090a0163	ବୀଜଂ ଭେଜନୀଯମ୍ ଅନ୍ନଞ୍ଚ ୱପ୍ତ୍ରେ ଯେନ ୱିଶ୍ରାଣ୍ୟତେ ସ ଯୁଷ୍ମଭ୍ୟମ୍ ଅପି ବୀଜଂ ୱିଶ୍ରାଣ୍ୟ ବହୁଲୀକରିଷ୍ୟତି ଯୁଷ୍ମାକଂ ଧର୍ମ୍ମଫଲାନି ୱର୍ଦ୍ଧଯିଷ୍ୟତି ଚ|
2f090b013c	ତେନ ସର୍ୱ୍ୱୱିଷଯେ ସଧନୀଭୂତୈ ର୍ୟୁଷ୍ମାଭିଃ ସର୍ୱ୍ୱୱିଷଯେ ଦାନଶୀଲତାଯାଂ ପ୍ରକାଶିତାଯାମ୍ ଅସ୍ମାଭିରୀଶ୍ୱରସ୍ୟ ଧନ୍ୟୱାଦଃ ସାଧଯିଷ୍ୟତେ|
2f090c014c	ଏତଯୋପକାରସେୱଯା ପୱିତ୍ରଲୋକାନାମ୍ ଅର୍ଥାଭାୱସ୍ୟ ପ୍ରତୀକାରୋ ଜାଯତ ଇତି କେୱଲଂ ନହି କିନ୍ତ୍ୱୀଶ୍ଚରସ୍ୟ ଧନ୍ୟୱାଦୋଽପି ବାହୁଲ୍ୟେନୋତ୍ପାଦ୍ୟତେ|
2f090d0224	ଯତ ଏତସ୍ମାଦ୍ ଉପକାରକରଣାଦ୍ ଯୁଷ୍ମାକଂ ପରୀକ୍ଷିତତ୍ୱଂ ବୁଦ୍ଧ୍ୱା ବହୁଭିଃ ଖ୍ରୀଷ୍ଟସୁସଂୱାଦାଙ୍ଗୀକରଣେ ଯୁଷ୍ମାକମ୍ ଆଜ୍ଞାଗ୍ରାହିତ୍ୱାତ୍ ତଦ୍ଭାଗିତ୍ୱେ ଚ ତାନ୍ ଅପରାଂଶ୍ଚ ପ୍ରତି ଯୁଷ୍ମାକଂ ଦାତୃତ୍ୱାଦ୍ ଈଶ୍ୱରସ୍ୟ ଧନ୍ୟୱାଦଃ କାରିଷ୍ୟତେ,
2f090e0109	ଯୁଷ୍ମଦର୍ଥଂ ପ୍ରାର୍ଥନାଂ କୃତ୍ୱା ଚ ଯୁଷ୍ମାସ୍ୱୀଶ୍ୱରସ୍ୟ ଗରିଷ୍ଠାନୁଗ୍ରହାଦ୍ ଯୁଷ୍ମାସୁ ତୈଃ ପ୍ରେମ କାରିଷ୍ୟତେ|
2f090f0086	ଅପରମ୍ ଈଶ୍ୱରସ୍ୟାନିର୍ୱ୍ୱଚନୀଯଦାନାତ୍ ସ ଧନ୍ୟୋ ଭୂଯାତ୍|
2f0a01012c	ଯୁଷ୍ମତ୍ପ୍ରତ୍ୟକ୍ଷେ ନମ୍ରଃ କିନ୍ତୁ ପରୋକ୍ଷେ ପ୍ରଗଲ୍ଭଃ ପୌଲୋଽହଂ ଖ୍ରୀଷ୍ଟସ୍ୟ କ୍ଷାନ୍ତ୍ୟା ୱିନୀତ୍ୟା ଚ ଯୁଷ୍ମାନ୍ ପ୍ରାର୍ଥଯେ|
2f0a02017d	ମମ ପ୍ରାର୍ଥନୀଯମିଦଂ ୱଯଂ ଯୈଃ ଶାରୀରିକାଚାରିଣୋ ମନ୍ୟାମହେ ତାନ୍ ପ୍ରତି ଯାଂ ପ୍ରଗଲ୍ଭତାଂ ପ୍ରକାଶଯିତୁଂ ନିଶ୍ଚିନୋମି ସା ପ୍ରଗଲ୍ଭତା ସମାଗତେନ ମଯାଚରିତୱ୍ୟା ନ ଭୱତୁ|
2f0a030089	ଯତଃ ଶରୀରେ ଚରନ୍ତୋଽପି ୱଯଂ ଶାରୀରିକଂ ଯୁଦ୍ଧଂ ନ କୁର୍ମ୍ମଃ|
2f0a0400e4	ଅସ୍ମାକଂ ଯୁଦ୍ଧାସ୍ତ୍ରାଣି ଚ ନ ଶାରୀରିକାନି କିନ୍ତ୍ୱୀଶ୍ୱରେଣ ଦୁର୍ଗଭଞ୍ଜନାଯ ପ୍ରବଲାନି ଭୱନ୍ତି,
2f0a0501bd	ତୈଶ୍ଚ ୱଯଂ ୱିତର୍କାନ୍ ଈଶ୍ୱରୀଯତତ୍ତ୍ୱଜ୍ଞାନସ୍ୟ ପ୍ରତିବନ୍ଧିକାଂ ସର୍ୱ୍ୱାଂ ଚିତ୍ତସମୁନ୍ନତିଞ୍ଚ ନିପାତଯାମଃ ସର୍ୱ୍ୱସଙ୍କଲ୍ପଞ୍ଚ ବନ୍ଦିନଂ କୃତ୍ୱା ଖ୍ରୀଷ୍ଟସ୍ୟାଜ୍ଞାଗ୍ରାହିଣଂ କୁର୍ମ୍ମଃ,
2f0a06010c	ଯୁଷ୍ମାକମ୍ ଆଜ୍ଞାଗ୍ରାହିତ୍ୱେ ସିଦ୍ଧେ ସତି ସର୍ୱ୍ୱସ୍ୟାଜ୍ଞାଲଙ୍ଘନସ୍ୟ ପ୍ରତୀକାରଂ କର୍ତ୍ତୁମ୍ ଉଦ୍ୟତା ଆସ୍ମହେ ଚ|
2f0a0701c1	ଯଦ୍ ଦୃଷ୍ଟିଗୋଚରଂ ତଦ୍ ଯୁଷ୍ମାଭି ର୍ଦୃଶ୍ୟତାଂ| ଅହଂ ଖ୍ରୀଷ୍ଟସ୍ୟ ଲୋକ ଇତି ସ୍ୱମନସି ଯେନ ୱିଜ୍ଞାଯତେ ସ ଯଥା ଖ୍ରୀଷ୍ଟସ୍ୟ ଭୱତି ୱଯମ୍ ଅପି ତଥା ଖ୍ରୀଷ୍ଟସ୍ୟ ଭୱାମ ଇତି ପୁନର୍ୱିୱିଚ୍ୟ ତେନ ବୁଧ୍ୟତାଂ|
2f0a080167	ଯୁଷ୍ମାକଂ ନିପାତାଯ ତନ୍ନହି କିନ୍ତୁ ନିଷ୍ଠାଯୈ ପ୍ରଭୁନା ଦତ୍ତଂ ଯଦସ୍ମାକଂ ସାମର୍ଥ୍ୟଂ ତେନ ଯଦ୍ୟପି କିଞ୍ଚିଦ୍ ଅଧିକଂ ଶ୍ଲାଘେ ତଥାପି ତସ୍ମାନ୍ନ ତ୍ରପିଷ୍ୟେ|
2f0a090096	ଅହଂ ପତ୍ରୈ ର୍ୟୁଷ୍ମାନ୍ ତ୍ରାସଯାମି ଯୁଷ୍ମାଭିରେତନ୍ନ ମନ୍ୟତାଂ|
2f0a0a0141	ତସ୍ୟ ପତ୍ରାଣି ଗୁରୁତରାଣି ପ୍ରବଲାନି ଚ ଭୱନ୍ତି କିନ୍ତୁ ତସ୍ୟ ଶାରୀରସାକ୍ଷାତ୍କାରୋ ଦୁର୍ବ୍ବଲ ଆଲାପଶ୍ଚ ତୁଚ୍ଛନୀଯ ଇତି କୈଶ୍ଚିଦ୍ ଉଚ୍ୟତେ|
2f0a0b0185	କିନ୍ତୁ ପରୋକ୍ଷେ ପତ୍ରୈ ର୍ଭାଷମାଣା ୱଯଂ ଯାଦୃଶାଃ ପ୍ରକାଶାମହେ ପ୍ରତ୍ୟକ୍ଷେ କର୍ମ୍ମ କୁର୍ୱ୍ୱନ୍ତୋଽପି ତାଦୃଶା ଏୱ ପ୍ରକାଶିଷ୍ୟାମହେ ତତ୍ ତାଦୃଶେନ ୱାଚାଲେନ ଜ୍ଞାଯତାଂ|
2f0a0c01e0	ସ୍ୱପ୍ରଶଂସକାନାଂ କେଷାଞ୍ଚିନ୍ମଧ୍ୟେ ସ୍ୱାନ୍ ଗଣଯିତୁଂ ତୈଃ ସ୍ୱାନ୍ ଉପମାତୁଂ ୱା ୱଯଂ ପ୍ରଗଲ୍ଭା ନ ଭୱାମଃ, ଯତସ୍ତେ ସ୍ୱପରିମାଣେନ ସ୍ୱାନ୍ ପରିମିମତେ ସ୍ୱୈଶ୍ଚ ସ୍ୱାନ୍ ଉପମିଭତେ ତସ୍ମାତ୍ ନିର୍ବ୍ବୋଧା ଭୱନ୍ତି ଚ|
2f0a0d015a	ୱଯମ୍ ଅପରିମିତେନ ନ ଶ୍ଲାଘିଷ୍ୟାମହେ କିନ୍ତ୍ୱୀଶ୍ୱରେଣ ସ୍ୱରଜ୍ଜ୍ୱା ଯୁଷ୍ମଦ୍ଦେଶଗାମି ଯତ୍ ପରିମାଣମ୍ ଅସ୍ମଦର୍ଥଂ ନିରୂପିତଂ ତେନୈୱ ଶ୍ଲାଘିଷ୍ୟାମହେ|
2f0a0e0184	ଯୁଷ୍ମାକଂ ଦେଶୋଽସ୍ମାଭିରଗନ୍ତୱ୍ୟସ୍ତସ୍ମାଦ୍ ୱଯଂ ସ୍ୱସୀମାମ୍ ଉଲ୍ଲଙ୍ଘାମହେ ତନ୍ନହି ଯତଃ ଖ୍ରୀଷ୍ଟସ୍ୟ ସୁସଂୱାଦେନାପରେଷାଂ ପ୍ରାଗ୍ ୱଯମେୱ ଯୁଷ୍ମାନ୍ ପ୍ରାପ୍ତୱନ୍ତଃ|
2f0a0f0196	ୱଯଂ ସ୍ୱସୀମାମ୍ ଉଲ୍ଲଙ୍ଘ୍ୟ ପରକ୍ଷେତ୍ରେଣ ଶ୍ଲାଘାମହେ ତନ୍ନହି, କିଞ୍ଚ ଯୁଷ୍ମାକଂ ୱିଶ୍ୱାସେ ୱୃଦ୍ଧିଂ ଗତେ ଯୁଷ୍ମଦ୍ଦେଶେଽସ୍ମାକଂ ସୀମା ଯୁଷ୍ମାଭିର୍ଦୀର୍ଘଂ ୱିସ୍ତାରଯିଷ୍ୟତେ,
2f0a100148	ତେନ ୱଯଂ ଯୁଷ୍ମାକଂ ପଶ୍ଚିମଦିକ୍ସ୍ଥେଷୁ ସ୍ଥାନେଷୁ ସୁସଂୱାଦଂ ଘୋଷଯିଷ୍ୟାମଃ, ଇତ୍ଥଂ ପରସୀମାଯାଂ ପରେଣ ଯତ୍ ପରିଷ୍କୃତଂ ତେନ ନ ଶ୍ଲାଘିଷ୍ୟାମହେ|
2f0a110086	ଯଃ କଶ୍ଚିତ୍ ଶ୍ଲାଘମାନଃ ସ୍ୟାତ୍ ଶ୍ଲାଘତାଂ ପ୍ରଭୁନା ସ ହି|
2f0a1200d6	ସ୍ୱେନ ଯଃ ପ୍ରଶଂସ୍ୟତେ ସ ପରୀକ୍ଷିତୋ ନହି କିନ୍ତୁ ପ୍ରଭୁନା ଯଃ ପ୍ରଶଂସ୍ୟତେ ସ ଏୱ ପରୀକ୍ଷିତଃ|
2f0b0100b6	ଯୂଯଂ ମମାଜ୍ଞାନତାଂ କ୍ଷଣଂ ଯାୱତ୍ ସୋଢୁମ୍ ଅର୍ହଥ, ଅତଃ ସା ଯୁଷ୍ମାଭିଃ ସହ୍ୟତାଂ|
2f0b02016c	ଈଶ୍ୱରେ ମମାସକ୍ତତ୍ୱାଦ୍ ଅହଂ ଯୁଷ୍ମାନଧି ତପେ ଯସ୍ମାତ୍ ସତୀଂ କନ୍ୟାମିୱ ଯୁଷ୍ମାନ୍ ଏକସ୍ମିନ୍ ୱରେଽର୍ଥତଃ ଖ୍ରୀଷ୍ଟେ ସମର୍ପଯିତୁମ୍ ଅହଂ ୱାଗ୍ଦାନମ୍ ଅକାର୍ଷଂ|
2f0b03013d	କିନ୍ତୁ ସର୍ପେଣ ସ୍ୱଖଲତଯା ଯଦ୍ୱଦ୍ ହୱା ୱଞ୍ଚଯାଞ୍ଚକେ ତଦ୍ୱତ୍ ଖ୍ରୀଷ୍ଟଂ ପ୍ରତି ସତୀତ୍ୱାଦ୍ ଯୁଷ୍ମାକଂ ଭ୍ରଂଶଃ ସମ୍ଭୱିଷ୍ୟତୀତି ବିଭେମି|
2f0b0401f3	ଅସ୍ମାଭିରନାଖ୍ୟାପିତୋଽପରଃ କଶ୍ଚିଦ୍ ଯୀଶୁ ର୍ୟଦି କେନଚିଦ୍ ଆଗନ୍ତୁକେନାଖ୍ୟାପ୍ୟତେ ଯୁଷ୍ମାଭିଃ ପ୍ରାଗଲବ୍ଧ ଆତ୍ମା ୱା ଯଦି ଲଭ୍ୟତେ ପ୍ରାଗଗୃହୀତଃ ସୁସଂୱାଦୋ ୱା ଯଦି ଗୃହ୍ୟତେ ତର୍ହି ମନ୍ୟେ ଯୂଯଂ ସମ୍ୟକ୍ ସହିଷ୍ୟଧ୍ୱେ|
2f0b0500ce	କିନ୍ତୁ ମୁଖ୍ୟେଭ୍ୟଃ ପ୍ରେରିତେଭ୍ୟୋଽହଂ କେନଚିତ୍ ପ୍ରକାରେଣ ନ୍ୟୂନୋ ନାସ୍ମୀତି ବୁଧ୍ୟେ|
2f0b060123	ମମ ୱାକ୍ପଟୁତାଯା ନ୍ୟୂନତ୍ୱେ ସତ୍ୟପି ଜ୍ଞାନସ୍ୟ ନ୍ୟୂନତ୍ୱଂ ନାସ୍ତି କିନ୍ତୁ ସର୍ୱ୍ୱୱିଷଯେ ୱଯଂ ଯୁଷ୍ମଦ୍ଗୋଚରେ ପ୍ରକାଶାମହେ|
2f0b070146	ଯୁଷ୍ମାକମ୍ ଉନ୍ନତ୍ୟୈ ମଯା ନମ୍ରତାଂ ସ୍ୱୀକୃତ୍ୟେଶ୍ୱରସ୍ୟ ସୁସଂୱାଦୋ ୱିନା ୱେତନଂ ଯୁଷ୍ମାକଂ ମଧ୍ୟେ ଯଦ୍ ଅଘୋଷ୍ୟତ ତେନ ମଯା କିଂ ପାପମ୍ ଅକାରି?
2f0b0800a5	ଯୁଷ୍ମାକଂ ସେୱନାଯାହମ୍ ଅନ୍ୟସମିତିଭ୍ୟୋ ଭୃତି ଗୃହ୍ଲନ୍ ଧନମପହୃତୱାନ୍,
2f0b090255	ଯଦା ଚ ଯୁଷ୍ମନ୍ମଧ୍ୟେଽୱଽର୍ତ୍ତେ ତଦା ମମାର୍ଥାଭାୱେ ଜାତେ ଯୁଷ୍ମାକଂ କୋଽପି ମଯା ନ ପୀଡିତଃ; ଯତୋ ମମ ସୋଽର୍ଥାଭାୱୋ ମାକିଦନିଯାଦେଶାଦ୍ ଆଗତୈ ଭ୍ରାତୃଭି ନ୍ୟୱାର୍ୟ୍ୟତ, ଇତ୍ଥମହଂ କ୍କାପି ୱିଷଯେ ଯଥା ଯୁଷ୍ମାସୁ ଭାରୋ ନ ଭୱାମି ତଥା ମଯାତ୍ମରକ୍ଷା କୃତା କର୍ତ୍ତୱ୍ୟା ଚ|
2f0b0a00ed	ଖ୍ରୀଷ୍ଟସ୍ୟ ସତ୍ୟତା ଯଦି ମଯି ତିଷ୍ଠତି ତର୍ହି ମମୈଷା ଶ୍ଲାଘା ନିଖିଲାଖାଯାଦେଶେ କେନାପି ନ ରୋତ୍ସ୍ୟତେ|
2f0b0b00d1	ଏତସ୍ୟ କାରଣଂ କିଂ? ଯୁଷ୍ମାସୁ ମମ ପ୍ରେମ ନାସ୍ତ୍ୟେତତ୍ କିଂ ତତ୍କାରଣଂ? ତଦ୍ ଈଶ୍ୱରୋ ୱେତ୍ତି|
2f0b0c018d	ଯେ ଛିଦ୍ରମନ୍ୱିଷ୍ୟନ୍ତି ତେ ଯତ୍ କିମପି ଛିଦ୍ରଂ ନ ଲଭନ୍ତେ ତଦର୍ଥମେୱ ତତ୍ କର୍ମ୍ମ ମଯା କ୍ରିଯତେ କାରିଷ୍ୟତେ ଚ ତସ୍ମାତ୍ ତେ ଯେନ ଶ୍ଲାଘନ୍ତେ ତେନାସ୍ମାକଂ ସମାନା ଭୱିଷ୍ୟନ୍ତି|
2f0b0d00e7	ତାଦୃଶା ଭାକ୍ତପ୍ରେରିତାଃ ପ୍ରୱଞ୍ଚକାଃ କାରୱୋ ଭୂତ୍ୱା ଖ୍ରୀଷ୍ଟସ୍ୟ ପ୍ରେରିତାନାଂ ୱେଶଂ ଧାରଯନ୍ତି|
2f0b0e00ae	ତଚ୍ଚାଶ୍ଚର୍ୟ୍ୟଂ ନହି; ଯତଃ ସ୍ୱଯଂ ଶଯତାନପି ତେଜସ୍ୱିଦୂତସ୍ୟ ୱେଶଂ ଧାରଯତି,
2f0b0f0165	ତତସ୍ତସ୍ୟ ପରିଚାରକା ଅପି ଧର୍ମ୍ମପରିଚାରକାଣାଂ ୱେଶଂ ଧାରଯନ୍ତୀତ୍ୟଦ୍ଭୁତଂ ନହି; କିନ୍ତୁ ତେଷାଂ କର୍ମ୍ମାଣି ଯାଦୃଶାନି ଫଲାନ୍ୟପି ତାଦୃଶାନି ଭୱିଷ୍ୟନ୍ତି|
2f0b10019a	ଅହଂ ପୁନ ର୍ୱଦାମି କୋଽପି ମାଂ ନିର୍ବ୍ବୋଧଂ ନ ମନ୍ୟତାଂ କିଞ୍ଚ ଯଦ୍ୟପି ନିର୍ବ୍ବୋଧୋ ଭୱେଯଂ ତଥାପି ଯୂଯଂ ନିର୍ବ୍ବୋଧମିୱ ମାମନୁଗୃହ୍ୟ କ୍ଷଣୈକଂ ଯାୱତ୍ ମମାତ୍ମଶ୍ଲାଘାମ୍ ଅନୁଜାନୀତ|
2f0b110111	ଏତସ୍ୟାଃ ଶ୍ଲାଘାଯା ନିମିତ୍ତଂ ମଯା ଯତ୍ କଥିତୱ୍ୟଂ ତତ୍ ପ୍ରଭୁନାଦିଷ୍ଟେନେୱ କଥ୍ୟତେ ତନ୍ନହି କିନ୍ତୁ ନିର୍ବ୍ବୋଧେନେୱ|
2f0b1200a6	ଅପରେ ବହୱଃ ଶାରୀରିକଶ୍ଲାଘାଂ କୁର୍ୱ୍ୱତେ ତସ୍ମାଦ୍ ଅହମପି ଶ୍ଲାଘିଷ୍ୟେ|
2f0b13008d	ବୁଦ୍ଧିମନ୍ତୋ ଯୂଯଂ ସୁଖେନ ନିର୍ବ୍ବୋଧାନାମ୍ ଆଚାରଂ ସହଧ୍ୱେ|
2f0b1401b2	କୋଽପି ଯଦି ଯୁଷ୍ମାନ୍ ଦାସାନ୍ କରୋତି ଯଦି ୱା ଯୁଷ୍ମାକଂ ସର୍ୱ୍ୱସ୍ୱଂ ଗ୍ରସତି ଯଦି ୱା ଯୁଷ୍ମାନ୍ ହରତି ଯଦି ୱାତ୍ମାଭିମାନୀ ଭୱତି ଯଦି ୱା ଯୁଷ୍ମାକଂ କପୋଲମ୍ ଆହନ୍ତି ତର୍ହି ତଦପି ଯୂଯଂ ସହଧ୍ୱେ|
2f0b15018d	ଦୌର୍ବ୍ବଲ୍ୟାଦ୍ ଯୁଷ୍ମାଭିରୱମାନିତା ଇୱ ୱଯଂ ଭାଷାମହେ, କିନ୍ତ୍ୱପରସ୍ୟ କସ୍ୟଚିଦ୍ ଯେନ ପ୍ରଗଲ୍ଭତା ଜାଯତେ ତେନ ମମାପି ପ୍ରଗଲ୍ଭତା ଜାଯତ ଇତି ନିର୍ବ୍ବୋଧେନେୱ ମଯା ୱକ୍ତୱ୍ୟଂ|
2f0b160130	ତେ କିମ୍ ଇବ୍ରିଲୋକାଃ? ଅହମପୀବ୍ରୀ| ତେ କିମ୍ ଇସ୍ରାଯେଲୀଯାଃ? ଅହମପୀସ୍ରାଯେଲୀଯଃ| ତେ କିମ୍ ଇବ୍ରାହୀମୋ ୱଂଶାଃ? ଅହମପୀବ୍ରାହୀମୋ ୱଂଶଃ|
2f0b1701d4	ତେ କିଂ ଖ୍ରୀଷ୍ଟସ୍ୟ ପରିଚାରକାଃ? ଅହଂ ତେଭ୍ୟୋଽପି ତସ୍ୟ ମହାପରିଚାରକଃ; କିନ୍ତୁ ନିର୍ବ୍ବୋଧ ଇୱ ଭାଷେ, ତେଭ୍ୟୋଽପ୍ୟହଂ ବହୁପରିଶ୍ରମେ ବହୁପ୍ରହାରେ ବହୁୱାରଂ କାରାଯାଂ ବହୁୱାରଂ ପ୍ରାଣନାଶସଂଶଯେ ଚ ପତିତୱାନ୍|
2f0b180123	ଯିହୂଦୀଯୈରହଂ ପଞ୍ଚକୃତ୍ୱ ଊନଚତ୍ୱାରିଂଶତ୍ପ୍ରହାରୈରାହତସ୍ତ୍ରିର୍ୱେତ୍ରାଘାତମ୍ ଏକକୃତ୍ୱଃ ପ୍ରସ୍ତରାଘାତଞ୍ଚ ପ୍ରପ୍ତୱାନ୍|
2f0b1900d3	ୱାରତ୍ରଯଂ ପୋତଭଞ୍ଜନେନ କ୍ଲିଷ୍ଟୋଽହମ୍ ଅଗାଧସଲିଲେ ଦିନମେକଂ ରାତ୍ରିମେକାଞ୍ଚ ଯାପିତୱାନ୍|
2f0b1a01df	ବହୁୱାରଂ ଯାତ୍ରାଭି ର୍ନଦୀନାଂ ସଙ୍କଟୈ ର୍ଦସ୍ୟୂନାଂ ସଙ୍କଟୈଃ ସ୍ୱଜାତୀଯାନାଂ ସଙ୍କଟୈ ର୍ଭିନ୍ନଜାତୀଯାନାଂ ସଙ୍କଟୈ ର୍ନଗରସ୍ୟ ସଙ୍କଟୈ ର୍ମରୁଭୂମେଃ ସଙ୍କଟୈ ସାଗରସ୍ୟ ସଙ୍କଟୈ ର୍ଭାକ୍ତଭ୍ରାତୃଣାଂ ସଙ୍କଟୈଶ୍ଚ
2f0b1b0130	ପରିଶ୍ରମକ୍ଲେଶାଭ୍ୟାଂ ୱାରଂ ୱାରଂ ଜାଗରଣେନ କ୍ଷୁଧାତୃଷ୍ଣାଭ୍ୟାଂ ବହୁୱାରଂ ନିରାହାରେଣ ଶୀତନଗ୍ନତାଭ୍ୟାଞ୍ଚାହଂ କାଲଂ ଯାପିତୱାନ୍|
2f0b1c0106	ତାଦୃଶଂ ନୈମିତ୍ତିକଂ ଦୁଃଖଂ ୱିନାହଂ ପ୍ରତିଦିନମ୍ ଆକୁଲୋ ଭୱାମି ସର୍ୱ୍ୱାସାଂ ସମିତୀନାଂ ଚିନ୍ତା ଚ ମଯି ୱର୍ତ୍ତତେ|
2f0b1d0097	ଯେନାହଂ ନ ଦୁର୍ବ୍ବଲୀଭୱାମି ତାଦୃଶଂ ଦୌର୍ବ୍ବଲ୍ୟଂ କଃ ପାପ୍ନୋତି?
2f0b1e0096	ଯଦି ମଯା ଶ୍ଲାଘିତୱ୍ୟଂ ତର୍ହି ସ୍ୱଦୁର୍ବ୍ବଲତାମଧି ଶ୍ଲାଘିଷ୍ୟେ|
2f0b1f00ff	ମଯା ମୃଷାୱାକ୍ୟଂ ନ କଥ୍ୟତ ଇତି ନିତ୍ୟଂ ପ୍ରଶଂସନୀଯୋଽସ୍ମାକଂ ପ୍ରଭୋ ର୍ୟୀଶୁଖ୍ରୀଷ୍ଟସ୍ୟ ତାତ ଈଶ୍ୱରୋ ଜାନାତି|
2f0b200113	ଦମ୍ମେଷକନଗରେଽରିତାରାଜସ୍ୟ କାର୍ୟ୍ୟାଧ୍ୟକ୍ଷୋ ମାଂ ଧର୍ତ୍ତୁମ୍ ଇଚ୍ଛନ୍ ଯଦା ସୈନ୍ୟୈସ୍ତଦ୍ ଦମ୍ମେଷକନଗରମ୍ ଅରକ୍ଷଯତ୍
2f0b2100c7	ତଦାହଂ ଲୋକୈଃ ପିଟକମଧ୍ୟେ ପ୍ରାଚୀରଗୱାକ୍ଷେଣାୱରୋହିତସ୍ତସ୍ୟ କରାତ୍ ତ୍ରାଣଂ ପ୍ରାପଂ|
2f0c0100ec	ଆତ୍ମଶ୍ଲାଘା ମମାନୁପଯୁକ୍ତା କିନ୍ତ୍ୱହଂ ପ୍ରଭୋ ର୍ଦର୍ଶନାଦେଶାନାମ୍ ଆଖ୍ୟାନଂ କଥଯିତୁଂ ପ୍ରୱର୍ତ୍ତେ|
2f0c020187	ଇତଶ୍ଚତୁର୍ଦଶୱତ୍ସରେଭ୍ୟଃ ପୂର୍ୱ୍ୱଂ ମଯା ପରିଚିତ ଏକୋ ଜନସ୍ତୃତୀଯଂ ସ୍ୱର୍ଗମନୀଯତ, ସ ସଶରୀରେଣ ନିଃଶରୀରେଣ ୱା ତତ୍ ସ୍ଥାନମନୀଯତ ତଦହଂ ନ ଜାନାମି କିନ୍ତ୍ୱୀଶ୍ୱରୋ ଜାନାତି|
2f0c0300c7	ସ ମାନୱଃ ସ୍ୱର୍ଗଂ ନୀତଃ ସନ୍ ଅକଥ୍ୟାନି ମର୍ତ୍ତ୍ୟୱାଗତୀତାନି ଚ ୱାକ୍ୟାନି ଶ୍ରୁତୱାନ୍|
2f0c0400d2	କିନ୍ତୁ ତଦାନୀଂ ସ ସଶରୀରୋ ନିଃଶରୀରୋ ୱାସୀତ୍ ତନ୍ମଯା ନ ଜ୍ଞାଯତେ ତଦ୍ ଈଶ୍ୱରେଣୈୱ ଜ୍ଞାଯତେ|
2f0c050100	ତମଧ୍ୟହଂ ଶ୍ଲାଘିଷ୍ୟେ ମାମଧି ନାନ୍ୟେନ କେନଚିଦ୍ ୱିଷଯେଣ ଶ୍ଲାଘିଷ୍ୟେ କେୱଲଂ ସ୍ୱଦୌର୍ବ୍ବଲ୍ୟେନ ଶ୍ଲାଘିଷ୍ୟେ|
2f0c06025b	ଯଦ୍ୟହମ୍ ଆତ୍ମଶ୍ଲାଘାଂ କର୍ତ୍ତୁମ୍ ଇଚ୍ଛେଯଂ ତଥାପି ନିର୍ବ୍ବୋଧ ଇୱ ନ ଭୱିଷ୍ୟାମି ଯତଃ ସତ୍ୟମେୱ କଥଯିଷ୍ୟାମି, କିନ୍ତୁ ଲୋକା ମାଂ ଯାଦୃଶଂ ପଶ୍ୟନ୍ତି ମମ ୱାକ୍ୟଂ ଶ୍ରୁତ୍ୱା ୱା ଯାଦୃଶଂ ମାଂ ମନ୍ୟତେ ତସ୍ମାତ୍ ଶ୍ରେଷ୍ଠଂ ମାଂ ଯନ୍ନ ଗଣଯନ୍ତି ତଦର୍ଥମହଂ ତତୋ ୱିରଂସ୍ୟାମି|
2f0c07019b	ଅପରମ୍ ଉତ୍କୃଷ୍ଟଦର୍ଶନପ୍ରାପ୍ତିତୋ ଯଦହମ୍ ଆତ୍ମାଭିମାନୀ ନ ଭୱାମି ତଦର୍ଥଂ ଶରୀରୱେଧକମ୍ ଏକଂ ଶୂଲଂ ମହ୍ୟମ୍ ଅଦାଯି ତତ୍ ମଦୀଯାତ୍ମାଭିମାନନିୱାରଣାର୍ଥଂ ମମ ତାଡଯିତା ଶଯତାନୋ ଦୂତଃ|
2f0c0800d6	ମତ୍ତସ୍ତସ୍ୟ ପ୍ରସ୍ଥାନଂ ଯାଚିତୁମହଂ ତ୍ରିସ୍ତମଧି ପ୍ରଭୁମୁଦ୍ଦିଶ୍ୟ ପ୍ରାର୍ଥନାଂ କୃତୱାନ୍|
2f0c0901d3	ତତଃ ସ ମାମୁକ୍ତୱାନ୍ ମମାନୁଗ୍ରହସ୍ତୱ ସର୍ୱ୍ୱସାଧକଃ, ଯତୋ ଦୌର୍ବ୍ବଲ୍ୟାତ୍ ମମ ଶକ୍ତିଃ ପୂର୍ଣତାଂ ଗଚ୍ଛତୀତି| ଅତଃ ଖ୍ରୀଷ୍ଟସ୍ୟ ଶକ୍ତି ର୍ୟନ୍ମାମ୍ ଆଶ୍ରଯତି ତଦର୍ଥଂ ସ୍ୱଦୌର୍ବ୍ବଲ୍ୟେନ ମମ ଶ୍ଲାଘନଂ ସୁଖଦଂ|
2f0c0a014b	ତସ୍ମାତ୍ ଖ୍ରୀଷ୍ଟହେତୋ ର୍ଦୌର୍ବ୍ବଲ୍ୟନିନ୍ଦାଦରିଦ୍ରତାୱିପକ୍ଷତାକଷ୍ଟାଦିଷୁ ସନ୍ତୁଷ୍ୟାମ୍ୟହଂ| ଯଦାହଂ ଦୁର୍ବ୍ବଲୋଽସ୍ମି ତଦୈୱ ସବଲୋ ଭୱାମି|
2f0c0b020f	ଏତେନାତ୍ମଶ୍ଲାଘନେନାହଂ ନିର୍ବ୍ବୋଧ ଇୱାଭୱଂ କିନ୍ତୁ ଯୂଯଂ ତସ୍ୟ କାରଣଂ ଯତୋ ମମ ପ୍ରଶଂସା ଯୁଷ୍ମାଭିରେୱ କର୍ତ୍ତୱ୍ୟାସୀତ୍| ଯଦ୍ୟପ୍ୟମ୍ ଅଗଣ୍ୟୋ ଭୱେଯଂ ତଥାପି ମୁଖ୍ୟତମେଭ୍ୟଃ ପ୍ରେରିତେଭ୍ୟଃ କେନାପି ପ୍ରକାରେଣ ନାହଂ ନ୍ୟୂନୋଽସ୍ମି|
2f0c0c0107	ସର୍ୱ୍ୱଥାଦ୍ଭୁତକ୍ରିଯାଶକ୍ତିଲକ୍ଷଣୈଃ ପ୍ରେରିତସ୍ୟ ଚିହ୍ନାନି ଯୁଷ୍ମାକଂ ମଧ୍ୟେ ସଧୈର୍ୟ୍ୟଂ ମଯା ପ୍ରକାଶିତାନି|
2f0c0d0166	ମମ ପାଲନାର୍ଥଂ ଯୂଯଂ ମଯା ଭାରାକ୍ରାନ୍ତା ନାଭୱତୈତଦ୍ ଏକଂ ନ୍ୟୂନତ୍ୱଂ ୱିନାପରାଭ୍ୟଃ ସମିତିଭ୍ୟୋ ଯୁଷ୍ମାକଂ କିଂ ନ୍ୟୂନତ୍ୱଂ ଜାତଂ? ଅନେନ ମମ ଦୋଷଂ କ୍ଷମଧ୍ୱଂ|
2f0c0e0292	ପଶ୍ୟତ ତୃତୀଯୱାରଂ ଯୁଷ୍ମତ୍ସମୀପଂ ଗନ୍ତୁମୁଦ୍ୟତୋଽସ୍ମି ତତ୍ରାପ୍ୟହଂ ଯୁଷ୍ମାନ୍ ଭାରାକ୍ରାନ୍ତାନ୍ ନ କରିଷ୍ୟାମି| ଯୁଷ୍ମାକଂ ସମ୍ପତ୍ତିମହଂ ନ ମୃଗଯେ କିନ୍ତୁ ଯୁଷ୍ମାନେୱ, ଯତଃ ପିତ୍ରୋଃ କୃତେ ସନ୍ତାନାନାଂ ଧନସଞ୍ଚଯୋଽନୁପଯୁକ୍ତଃ କିନ୍ତୁ ସନ୍ତାନାନାଂ କୃତେ ପିତ୍ରୋ ର୍ଧନସଞ୍ଚଯ ଉପଯୁକ୍ତଃ|
2f0c0f0178	ଅପରଞ୍ଚ ଯୁଷ୍ମାସୁ ବହୁ ପ୍ରୀଯମାଣୋଽପ୍ୟହଂ ଯଦି ଯୁଷ୍ମତ୍ତୋଽଲ୍ପଂ ପ୍ରମ ଲଭେ ତଥାପି ଯୁଷ୍ମାକଂ ପ୍ରାଣରକ୍ଷାର୍ଥଂ ସାନନ୍ଦଂ ବହୁ ୱ୍ୟଯଂ ସର୍ୱ୍ୱୱ୍ୟଯଞ୍ଚ କରିଷ୍ୟାମି|
2f0c100141	ଯୂଯଂ ମଯା କିଞ୍ଚିଦପି ନ ଭାରାକ୍ରାନ୍ତା ଇତି ସତ୍ୟଂ, କିନ୍ତ୍ୱହଂ ଧୂର୍ତ୍ତଃ ସନ୍ ଛଲେନ ଯୁଷ୍ମାନ୍ ୱଞ୍ଚିତୱାନ୍ ଏତତ୍ କିଂ କେନଚିଦ୍ ୱକ୍ତୱ୍ୟଂ?
2f0c1100c3	ଯୁଷ୍ମତ୍ସମୀପଂ ମଯା ଯେ ଲୋକାଃ ପ୍ରହିତାସ୍ତେଷାମେକେନ କିଂ ମମ କୋଽପ୍ୟର୍ଥଲାଭୋ ଜାତଃ?
2f0c120173	ଅହଂ ତୀତଂ ୱିନୀଯ ତେନ ସାର୍ଦ୍ଧଂ ଭ୍ରାତରମେକଂ ପ୍ରେଷିତୱାନ୍ ଯୁଷ୍ମତ୍ତସ୍ତୀତେନ କିମ୍ ଅର୍ଥୋ ଲବ୍ଧଃ? ଏକସ୍ମିନ୍ ଭାୱ ଏକସ୍ୟ ପଦଚିହ୍ନେଷୁ ଚାୱାଂ କିଂ ନ ଚରିତୱନ୍ତୌ?
2f0c13019a	ଯୁଷ୍ମାକଂ ସମୀପେ ୱଯଂ ପୁନ ର୍ଦୋଷକ୍ଷାଲନକଥାଂ କଥଯାମ ଇତି କିଂ ବୁଧ୍ୟଧ୍ୱେ? ହେ ପ୍ରିଯତମାଃ, ଯୁଷ୍ମାକଂ ନିଷ୍ଠାର୍ଥଂ ୱଯମୀଶ୍ୱରସ୍ୟ ସମକ୍ଷଂ ଖ୍ରୀଷ୍ଟେନ ସର୍ୱ୍ୱାଣ୍ୟେତାନି କଥଯାମଃ|
2f0c14025d	ଅହଂ ଯଦାଗମିଷ୍ୟାମି, ତଦା ଯୁଷ୍ମାନ୍ ଯାଦୃଶାନ୍ ଦ୍ରଷ୍ଟୁଂ ନେଚ୍ଛାମି ତାଦୃଶାନ୍ ଦ୍ରକ୍ଷ୍ୟାମି, ଯୂଯମପି ମାଂ ଯାଦୃଶଂ ଦ୍ରଷ୍ଟୁଂ ନେଚ୍ଛଥ ତାଦୃଶଂ ଦ୍ରକ୍ଷ୍ୟଥ, ଯୁଷ୍ମନ୍ମଧ୍ୟେ ୱିୱାଦ ଈର୍ଷ୍ୟା କ୍ରୋଧୋ ୱିପକ୍ଷତା ପରାପୱାଦଃ କର୍ଣେଜପନଂ ଦର୍ପଃ କଲହଶ୍ଚୈତେ ଭୱିଷ୍ୟନ୍ତି;
2f0c1501e8	ତେନାହଂ ଯୁଷ୍ମତ୍ସମୀପଂ ପୁନରାଗତ୍ୟ ମଦୀଯେଶ୍ୱରେଣ ନମଯିଷ୍ୟେ, ପୂର୍ୱ୍ୱଂ କୃତପାପାନ୍ ଲୋକାନ୍ ସ୍ୱୀଯାଶୁଚିତାୱେଶ୍ୟାଗମନଲମ୍ପଟତାଚରଣାଦ୍ ଅନୁତାପମ୍ ଅକୃତୱନ୍ତୋ ଦୃଷ୍ଟ୍ୱା ଚ ତାନଧି ମମ ଶୋକୋ ଜନିଷ୍ୟତ ଇତି ବିଭେମି|
2f0d01011d	ଏତତ୍ତୃତୀଯୱାରମ୍ ଅହଂ ଯୁଷ୍ମତ୍ସମୀପଂ ଗଚ୍ଛାମି ତେନ ସର୍ୱ୍ୱା କଥା ଦ୍ୱଯୋସ୍ତ୍ରଯାଣାଂ ୱା ସାକ୍ଷିଣାଂ ମୁଖେନ ନିଶ୍ଚେଷ୍ୟତେ|
2f0d0201b7	ପୂର୍ୱ୍ୱଂ ଯେ କୃତପାପାସ୍ତେଭ୍ୟୋଽନ୍ୟେଭ୍ୟଶ୍ଚ ସର୍ୱ୍ୱେଭ୍ୟୋ ମଯା ପୂର୍ୱ୍ୱଂ କଥିତଂ, ପୁନରପି ୱିଦ୍ୟମାନେନେୱେଦାନୀମ୍ ଅୱିଦ୍ୟମାନେନ ମଯା କଥ୍ୟତେ, ଯଦା ପୁନରାଗମିଷ୍ୟାମି ତଦାହଂ ନ କ୍ଷମିଷ୍ୟେ|
2f0d03010d	ଖ୍ରୀଷ୍ଟୋ ମଯା କଥାଂ କଥଯତ୍ୟେତସ୍ୟ ପ୍ରମାଣଂ ଯୂଯଂ ମୃଗଯଧ୍ୱେ, ସ ତୁ ଯୁଷ୍ମାନ୍ ପ୍ରତି ଦୁର୍ବ୍ବଲୋ ନହି କିନ୍ତୁ ସବଲ ଏୱ|
2f0d0401a6	ଯଦ୍ୟପି ସ ଦୁର୍ବ୍ବଲତଯା କ୍ରୁଶ ଆରୋପ୍ୟତ ତଥାପୀଶ୍ୱରୀଯଶକ୍ତଯା ଜୀୱତି; ୱଯମପି ତସ୍ମିନ୍ ଦୁର୍ବ୍ବଲା ଭୱାମଃ, ତଥାପି ଯୁଷ୍ମାନ୍ ପ୍ରତି ପ୍ରକାଶିତଯେଶ୍ୱରୀଯଶକ୍ତ୍ୟା ତେନ ସହ ଜୀୱିଷ୍ୟାମଃ|
2f0d050208	ଅତୋ ଯୂଯଂ ୱିଶ୍ୱାସଯୁକ୍ତା ଆଧ୍ୱେ ନ ୱେତି ଜ୍ଞାତୁମାତ୍ମପରୀକ୍ଷାଂ କୁରୁଧ୍ୱଂ ସ୍ୱାନେୱାନୁସନ୍ଧତ୍ତ| ଯୀଶୁଃ ଖ୍ରୀଷ୍ଟୋ ଯୁଷ୍ମନ୍ମଧ୍ୟେ ୱିଦ୍ୟତେ ସ୍ୱାନଧି ତତ୍ କିଂ ନ ପ୍ରତିଜାନୀଥ? ତସ୍ମିନ୍ ଅୱିଦ୍ୟମାନେ ଯୂଯଂ ନିଷ୍ପ୍ରମାଣା ଭୱଥ|
2f0d0600d5	କିନ୍ତୁ ୱଯଂ ନିଷ୍ପ୍ରମାଣା ନ ଭୱାମ ଇତି ଯୁଷ୍ମାଭି ର୍ଭୋତ୍ସ୍ୟତେ ତତ୍ର ମମ ପ୍ରତ୍ୟାଶା ଜାଯତେ|
2f0d070219	ଯୂଯଂ କିମପି କୁତ୍ସିତଂ କର୍ମ୍ମ ଯନ୍ନ କୁରୁଥ ତଦହମ୍ ଈଶ୍ୱରମୁଦ୍ଦିଶ୍ୟ ପ୍ରାର୍ଥଯେ| ୱଯଂ ଯତ୍ ପ୍ରାମାଣିକା ଇୱ ପ୍ରକାଶାମହେ ତଦର୍ଥଂ ତତ୍ ପ୍ରାର୍ଥଯାମହ ଇତି ନହି, କିନ୍ତୁ ଯୂଯଂ ଯତ୍ ସଦାଚାରଂ କୁରୁଥ ୱଯଞ୍ଚ ନିଷ୍ପ୍ରମାଣା ଇୱ ଭୱାମସ୍ତଦର୍ଥଂ|
2f0d0800e3	ଯତଃ ସତ୍ୟତାଯା ୱିପକ୍ଷତାଂ କର୍ତ୍ତୁଂ ୱଯଂ ନ ସମର୍ଥାଃ କିନ୍ତୁ ସତ୍ୟତାଯାଃ ସାହାଯ୍ୟଂ କର୍ତ୍ତୁମେୱ|
2f0d090104	ୱଯଂ ଯଦା ଦୁର୍ବ୍ବଲା ଭୱାମସ୍ତଦା ଯୁଷ୍ମାନ୍ ସବଲାନ୍ ଦୃଷ୍ଟ୍ୱାନନ୍ଦାମୋ ଯୁଷ୍ମାକଂ ସିଦ୍ଧତ୍ୱଂ ପ୍ରାର୍ଥଯାମହେ ଚ|
2f0d0a0204	ଅତୋ ହେତୋଃ ପ୍ରଭୁ ର୍ୟୁଷ୍ମାକଂ ୱିନାଶାଯ ନହି କିନ୍ତୁ ନିଷ୍ଠାଯୈ ଯତ୍ ସାମର୍ଥ୍ୟମ୍ ଅସ୍ମଭ୍ୟଂ ଦତ୍ତୱାନ୍ ତେନ ଯଦ୍ ଉପସ୍ଥିତିକାଲେ କାଠିନ୍ୟଂ ମଯାଚରିତୱ୍ୟଂ ନ ଭୱେତ୍ ତଦର୍ଥମ୍ ଅନୁପସ୍ଥିତେନ ମଯା ସର୍ୱ୍ୱାଣ୍ୟେତାନି ଲିଖ୍ୟନ୍ତେ|
2f0d0b0178	ହେ ଭ୍ରାତରଃ, ଶେଷେ ୱଦାମି ଯୂଯମ୍ ଆନନ୍ଦତ ସିଦ୍ଧା ଭୱତ ପରସ୍ପରଂ ପ୍ରବୋଧଯତ, ଏକମନସୋ ଭୱତ ପ୍ରଣଯଭାୱମ୍ ଆଚରତ| ପ୍ରେମଶାନ୍ତ୍ୟୋରାକର ଈଶ୍ୱରୋ ଯୁଷ୍ମାକଂ ସହାଯୋ ଭୂଯାତ୍|
2f0d0c0073	ଯୂଯଂ ପୱିତ୍ରଚୁମ୍ବନେନ ପରସ୍ପରଂ ନମସ୍କୁରୁଧ୍ୱଂ|
2f0d0d0064	ପୱିତ୍ରଲୋକାଃ ସର୍ୱ୍ୱେ ଯୁଷ୍ମାନ୍ ନମନ୍ତି|
2f0d0e013b	ପ୍ରଭୋ ର୍ୟୀଶୁଖ୍ରୀଷ୍ଟସ୍ୟାନୁଗ୍ରହ ଈଶ୍ୱରସ୍ୟ ପ୍ରେମ ପୱିତ୍ରସ୍ୟାତ୍ମନୋ ଭାଗିତ୍ୱଞ୍ଚ ସର୍ୱ୍ୱାନ୍ ଯୁଷ୍ମାନ୍ ପ୍ରତି ଭୂଯାତ୍| ତଥାସ୍ତୁ|
3000000018	ଗାଲାତିନଃ
3001010154	ମନୁଷ୍ୟେଭ୍ୟୋ ନହି ମନୁଷ୍ୟୈରପି ନହି କିନ୍ତୁ ଯୀଶୁଖ୍ରୀଷ୍ଟେନ ମୃତଗଣମଧ୍ୟାତ୍ ତସ୍ୟୋତ୍ଥାପଯିତ୍ରା ପିତ୍ରେଶ୍ୱରେଣ ଚ ପ୍ରେରିତୋ ଯୋଽହଂ ପୌଲଃ ସୋଽହଂ
30010200c5	ମତ୍ସହୱର୍ତ୍ତିନୋ ଭ୍ରାତରଶ୍ଚ ୱଯଂ ଗାଲାତୀଯଦେଶସ୍ଥାଃ ସମିତୀଃ ପ୍ରତି ପତ୍ରଂ ଲିଖାମଃ|
30010300ea	ପିତ୍ରେଶ୍ୱରେଣାସ୍ମାଂକ ପ୍ରଭୁନା ଯୀଶୁନା ଖ୍ରୀଷ୍ଟେନ ଚ ଯୁଷ୍ମଭ୍ୟମ୍ ଅନୁଗ୍ରହଃ ଶାନ୍ତିଶ୍ଚ ଦୀଯତାଂ|
30010400f3	ଅସ୍ମାକଂ ତାତେଶ୍ୱରେସ୍ୟେଚ୍ଛାନୁସାରେଣ ୱର୍ତ୍ତମାନାତ୍ କୁତ୍ସିତସଂସାରାଦ୍ ଅସ୍ମାନ୍ ନିସ୍ତାରଯିତୁଂ ଯୋ
30010500cc	ଯୀଶୁରସ୍ମାକଂ ପାପହେତୋରାତ୍ମୋତ୍ସର୍ଗଂ କୃତୱାନ୍ ସ ସର୍ୱ୍ୱଦା ଧନ୍ୟୋ ଭୂଯାତ୍| ତଥାସ୍ତୁ|
3001060157	ଖ୍ରୀଷ୍ଟସ୍ୟାନୁଗ୍ରହେଣ ଯୋ ଯୁଷ୍ମାନ୍ ଆହୂତୱାନ୍ ତସ୍ମାନ୍ନିୱୃତ୍ୟ ଯୂଯମ୍ ଅତିତୂର୍ଣମ୍ ଅନ୍ୟଂ ସୁସଂୱାଦମ୍ ଅନ୍ୱୱର୍ତ୍ତତ ତତ୍ରାହଂ ୱିସ୍ମଯଂ ମନ୍ୟେ|
3001070163	ସୋଽନ୍ୟସୁସଂୱାଦଃ ସୁସଂୱାଦୋ ନହି କିନ୍ତୁ କେଚିତ୍ ମାନୱା ଯୁଷ୍ମାନ୍ ଚଞ୍ଚଲୀକୁର୍ୱ୍ୱନ୍ତି ଖ୍ରୀଷ୍ଟୀଯସୁସଂୱାଦସ୍ୟ ୱିପର୍ୟ୍ୟଯଂ କର୍ତ୍ତୁଂ ଚେଷ୍ଟନ୍ତେ ଚ|
300108017f	ଯୁଷ୍ମାକଂ ସନ୍ନିଧୌ ଯଃ ସୁସଂୱାଦୋଽସ୍ମାଭି ର୍ଘୋଷିତସ୍ତସ୍ମାଦ୍ ଅନ୍ୟଃ ସୁସଂୱାଦୋଽସ୍ମାକଂ ସ୍ୱର୍ଗୀଯଦୂତାନାଂ ୱା ମଧ୍ୟେ କେନଚିଦ୍ ଯଦି ଘୋଷ୍ୟତେ ତର୍ହି ସ ଶପ୍ତୋ ଭୱତୁ|
3001090184	ପୂର୍ୱ୍ୱଂ ଯଦ୍ୱଦ୍ ଅକଥଯାମ, ଇଦାନୀମହଂ ପୁନସ୍ତଦ୍ୱତ୍ କଥଯାମି ଯୂଯଂ ଯଂ ସୁସଂୱାଦଂ ଗୃହୀତୱନ୍ତସ୍ତସ୍ମାଦ୍ ଅନ୍ୟୋ ଯେନ କେନଚିଦ୍ ଯୁଷ୍ମତ୍ସନ୍ନିଧୌ ଘୋଷ୍ୟତେ ସ ଶପ୍ତୋ ଭୱତୁ|
30010a019a	ସାମ୍ପ୍ରତଂ କମହମ୍ ଅନୁନଯାମି? ଈଶ୍ୱରଂ କିଂୱା ମାନୱାନ୍? ଅହଂ କିଂ ମାନୁଷେଭ୍ୟୋ ରୋଚିତୁଂ ଯତେ? ଯଦ୍ୟହମ୍ ଇଦାନୀମପି ମାନୁଷେଭ୍ୟୋ ରୁରୁଚିଷେଯ ତର୍ହି ଖ୍ରୀଷ୍ଟସ୍ୟ ପରିଚାରକୋ ନ ଭୱାମି|
30010b00cf	ହେ ଭ୍ରାତରଃ, ମଯା ଯଃ ସୁସଂୱାଦୋ ଘୋଷିତଃ ସ ମାନୁଷାନ୍ନ ଲବ୍ଧସ୍ତଦହଂ ଯୁଷ୍ମାନ୍ ଜ୍ଞାପଯାମି|
30010c00fd	ଅହଂ କସ୍ମାଚ୍ଚିତ୍ ମନୁଷ୍ୟାତ୍ ତଂ ନ ଗୃହୀତୱାନ୍ ନ ୱା ଶିକ୍ଷିତୱାନ୍ କେୱଲଂ ଯୀଶୋଃ ଖ୍ରୀଷ୍ଟସ୍ୟ ପ୍ରକାଶନାଦେୱ|
30010d018c	ପୁରା ଯିହୂଦିମତାଚାରୀ ଯଦାହମ୍ ଆସଂ ତଦା ଯାଦୃଶମ୍ ଆଚରଣମ୍ ଅକରୱମ୍ ଈଶ୍ୱରସ୍ୟ ସମିତିଂ ପ୍ରତ୍ୟତୀୱୋପଦ୍ରୱଂ କୁର୍ୱ୍ୱନ୍ ଯାଦୃକ୍ ତାଂ ୱ୍ୟନାଶଯଂ ତଦୱଶ୍ୟଂ ଶ୍ରୁତଂ ଯୁଷ୍ମାଭିଃ|
30010e015e	ଅପରଞ୍ଚ ପୂର୍ୱ୍ୱପୁରୁଷପରମ୍ପରାଗତେଷୁ ୱାକ୍ୟେଷ୍ୱନ୍ୟାପେକ୍ଷାତୀୱାସକ୍ତଃ ସନ୍ ଅହଂ ଯିହୂଦିଧର୍ମ୍ମତେ ମମ ସମୱଯସ୍କାନ୍ ବହୂନ୍ ସ୍ୱଜାତୀଯାନ୍ ଅତ୍ୟଶଯି|
30010f00bb	କିଞ୍ଚ ଯ ଈଶ୍ୱରୋ ମାତୃଗର୍ଭସ୍ଥଂ ମାଂ ପୃଥକ୍ କୃତ୍ୱା ସ୍ୱୀଯାନୁଗ୍ରହେଣାହୂତୱାନ୍
3001100149	ସ ଯଦା ମଯି ସ୍ୱପୁତ୍ରଂ ପ୍ରକାଶିତୁଂ ଭିନ୍ନଦେଶୀଯାନାଂ ସମୀପେ ଭଯା ତଂ ଘୋଷଯିତୁଞ୍ଚାଭ୍ୟଲଷତ୍ ତଦାହଂ କ୍ରୱ୍ୟଶୋଣିତାଭ୍ୟାଂ ସହ ନ ମନ୍ତ୍ରଯିତ୍ୱା
3001110146	ପୂର୍ୱ୍ୱନିଯୁକ୍ତାନାଂ ପ୍ରେରିତାନାଂ ସମୀପଂ ଯିରୂଶାଲମଂ ନ ଗତ୍ୱାରୱଦେଶଂ ଗତୱାନ୍ ପଶ୍ଚାତ୍ ତତ୍ସ୍ଥାନାଦ୍ ଦମ୍ମେଷକନଗରଂ ପରାୱୃତ୍ୟାଗତୱାନ୍|
300112010b	ତତଃ ପରଂ ୱର୍ଷତ୍ରଯେ ୱ୍ୟତୀତେଽହଂ ପିତରଂ ସମ୍ଭାଷିତୁଂ ଯିରୂଶାଲମଂ ଗତ୍ୱା ପଞ୍ଚଦଶଦିନାନି ତେନ ସାର୍ଦ୍ଧମ୍ ଅତିଷ୍ଠଂ|
30011300c0	କିନ୍ତୁ ତଂ ପ୍ରଭୋ ର୍ଭ୍ରାତରଂ ଯାକୂବଞ୍ଚ ୱିନା ପ୍ରେରିତାନାଂ ନାନ୍ୟଂ କମପ୍ୟପଶ୍ୟଂ|
30011400c4	ଯାନ୍ୟେତାନି ୱାକ୍ୟାନି ମଯା ଲିଖ୍ୟନ୍ତେ ତାନ୍ୟନୃତାନି ନ ସନ୍ତି ତଦ୍ ଈଶ୍ୱରୋ ଜାନାତି|
3001150079	ତତଃ ପରମ୍ ଅହଂ ସୁରିଯାଂ କିଲିକିଯାଞ୍ଚ ଦେଶୌ ଗତୱାନ୍|
3001160128	ତଦାନୀଂ ଯିହୂଦାଦେଶସ୍ଥାନାଂ ଖ୍ରୀଷ୍ଟସ୍ୟ ସମିତୀନାଂ ଲୋକାଃ ସାକ୍ଷାତ୍ ମମ ପରିଚଯମପ୍ରାପ୍ୟ କେୱଲଂ ଜନଶ୍ରୁତିମିମାଂ ଲବ୍ଧୱନ୍ତଃ,
30011700f8	ଯୋ ଜନଃ ପୂର୍ୱ୍ୱମ୍ ଅସ୍ମାନ୍ ପ୍ରତ୍ୟୁପଦ୍ରୱମକରୋତ୍ ସ ତଦା ଯଂ ଧର୍ମ୍ମମନାଶଯତ୍ ତମେୱେଦାନୀଂ ପ୍ରଚାରଯତୀତି|
3001180058	ତସ୍ମାତ୍ ତେ ମାମଧୀଶ୍ୱରଂ ଧନ୍ୟମୱଦନ୍|
300201011e	ଅନନ୍ତରଂ ଚତୁର୍ଦଶସୁ ୱତ୍ସରେଷୁ ଗତେଷ୍ୱହଂ ବର୍ଣବ୍ବା ସହ ଯିରୂଶାଲମନଗରଂ ପୁନରଗଚ୍ଛଂ, ତଦାନୋଂ ତୀତମପି ସ୍ୱସଙ୍ଗିନମ୍ ଅକରୱଂ|
3002020244	ତତ୍କାଲେଽହମ୍ ଈଶ୍ୱରଦର୍ଶନାଦ୍ ଯାତ୍ରାମ୍ ଅକରୱଂ ମଯା ଯଃ ପରିଶ୍ରମୋଽକାରି କାରିଷ୍ୟତେ ୱା ସ ଯନ୍ନିଷ୍ଫଲୋ ନ ଭୱେତ୍ ତଦର୍ଥଂ ଭିନ୍ନଜାତୀଯାନାଂ ମଧ୍ୟେ ମଯା ଘୋଷ୍ୟମାଣଃ ସୁସଂୱାଦସ୍ତତ୍ରତ୍ୟେଭ୍ୟୋ ଲୋକେଭ୍ୟୋ ୱିଶେଷତୋ ମାନ୍ୟେଭ୍ୟୋ ନରେଭ୍ୟୋ ମଯା ନ୍ୟୱେଦ୍ୟତ|
30020300d4	ତତୋ ମମ ସହଚରସ୍ତୀତୋ ଯଦ୍ୟପି ଯୂନାନୀଯ ଆସୀତ୍ ତଥାପି ତସ୍ୟ ତ୍ୱକ୍ଛେଦୋଽପ୍ୟାୱଶ୍ୟକୋ ନ ବଭୂୱ|
3002040196	ଯତଶ୍ଛଲେନାଗତା ଅସ୍ମାନ୍ ଦାସାନ୍ କର୍ତ୍ତୁମ୍ ଇଚ୍ଛୱଃ କତିପଯା ଭାକ୍ତଭ୍ରାତରଃ ଖ୍ରୀଷ୍ଟେନ ଯୀଶୁନାସ୍ମଭ୍ୟଂ ଦତ୍ତଂ ସ୍ୱାତନ୍ତ୍ର୍ୟମ୍ ଅନୁସନ୍ଧାତୁଂ ଚାରା ଇୱ ସମାଜଂ ପ୍ରାୱିଶନ୍|
300205012f	ଅତଃ ପ୍ରକୃତେ ସୁସଂୱାଦେ ଯୁଷ୍ମାକମ୍ ଅଧିକାରୋ ଯତ୍ ତିଷ୍ଠେତ୍ ତଦର୍ଥଂ ୱଯଂ ଦଣ୍ଡୈକମପି ଯାୱଦ୍ ଆଜ୍ଞାଗ୍ରହଣେନ ତେଷାଂ ୱଶ୍ୟା ନାଭୱାମ|
3002060183	ପରନ୍ତୁ ଯେ ଲୋକା ମାନ୍ୟାସ୍ତେ ଯେ କେଚିଦ୍ ଭୱେଯୁସ୍ତାନହଂ ନ ଗଣଯାମି ଯତ ଈଶ୍ୱରଃ କସ୍ୟାପି ମାନୱସ୍ୟ ପକ୍ଷପାତଂ ନ କରୋତି, ଯେ ଚ ମାନ୍ୟାସ୍ତେ ମାଂ କିମପି ନୱୀନଂ ନାଜ୍ଞାପଯନ୍|
300207018d	କିନ୍ତୁ ଛିନ୍ନତ୍ୱଚାଂ ମଧ୍ୟେ ସୁସଂୱାଦପ୍ରଚାରଣସ୍ୟ ଭାରଃ ପିତରି ଯଥା ସମର୍ପିତସ୍ତଥୈୱାଚ୍ଛିନ୍ନତ୍ୱଚାଂ ମଧ୍ୟେ ସୁସଂୱାଦପ୍ରଚାରଣସ୍ୟ ଭାରୋ ମଯି ସମର୍ପିତ ଇତି ତୈ ର୍ବୁବୁଧେ|
3002080189	ଯତଶ୍ଛିନ୍ନତ୍ୱଚାଂ ମଧ୍ୟେ ପ୍ରେରିତତ୍ୱକର୍ମ୍ମଣେ ଯସ୍ୟ ଯା ଶକ୍ତିଃ ପିତରମାଶ୍ରିତୱତୀ ତସ୍ୟୈୱ ସା ଶକ୍ତି ର୍ଭିନ୍ନଜାତୀଯାନାଂ ମଧ୍ୟେ ତସ୍ମୈ କର୍ମ୍ମଣେ ମାମପ୍ୟାଶ୍ରିତୱତୀ|
3002090235	ଅତୋ ମହ୍ୟଂ ଦତ୍ତମ୍ ଅନୁଗ୍ରହଂ ପ୍ରତିଜ୍ଞାଯ ସ୍ତମ୍ଭା ଇୱ ଗଣିତା ଯେ ଯାକୂବ୍ କୈଫା ଯୋହନ୍ ଚୈତେ ସହାଯତାସୂଚକଂ ଦକ୍ଷିଣହସ୍ତଗ୍ରହଂଣ ୱିଧାଯ ମାଂ ବର୍ଣବ୍ବାଞ୍ଚ ଜଗଦୁଃ, ଯୁୱାଂ ଭିନ୍ନଜାତୀଯାନାଂ ସନ୍ନିଧିଂ ଗଚ୍ଛତଂ ୱଯଂ ଛିନ୍ନତ୍ୱଚା ସନ୍ନିଧିଂ ଗଚ୍ଛାମଃ,
30020a00b9	କେୱଲଂ ଦରିଦ୍ରା ଯୁୱାଭ୍ୟାଂ ସ୍ମରଣୀଯା ଇତି| ଅତସ୍ତଦେୱ କର୍ତ୍ତୁମ୍ ଅହଂ ଯତେ ସ୍ମ|
30020b00c3	ଅପରମ୍ ଆନ୍ତିଯଖିଯାନଗରଂ ପିତର ଆଗତେଽହଂ ତସ୍ୟ ଦୋଷିତ୍ୱାତ୍ ସମକ୍ଷଂ ତମ୍ ଅଭର୍ତ୍ସଯଂ|
30020c017f	ଯତଃ ସ ପୂର୍ୱ୍ୱମ୍ ଅନ୍ୟଜାତୀଯୈଃ ସାର୍ଦ୍ଧମ୍ ଆହାରମକରୋତ୍ ତତଃ ପରଂ ଯାକୂବଃ ସମୀପାତ୍ କତିପଯଜନେଷ୍ୱାଗତେଷୁ ସ ଛିନ୍ନତ୍ୱଙ୍ମନୁଷ୍ୟେଭ୍ୟୋ ଭଯେନ ନିୱୃତ୍ୟ ପୃଥଗ୍ ଅଭୱତ୍|
30020d0120	ତତୋଽପରେ ସର୍ୱ୍ୱେ ଯିହୂଦିନୋଽପି ତେନ ସାର୍ଦ୍ଧଂ କପଟାଚାରମ୍ ଅକୁର୍ୱ୍ୱନ୍ ବର୍ଣବ୍ବା ଅପି ତେଷାଂ କାପଟ୍ୟେନ ୱିପଥଗାମ୍ୟଭୱତ୍|
30020e0224	ତତସ୍ତେ ପ୍ରକୃତସୁସଂୱାଦରୂପେ ସରଲପଥେ ନ ଚରନ୍ତୀତି ଦୃଷ୍ଟ୍ୱାହଂ ସର୍ୱ୍ୱେଷାଂ ସାକ୍ଷାତ୍ ପିତରମ୍ ଉକ୍ତୱାନ୍ ତ୍ୱଂ ଯିହୂଦୀ ସନ୍ ଯଦି ଯିହୂଦିମତଂ ୱିହାଯ ଭିନ୍ନଜାତୀଯ ଇୱାଚରସି ତର୍ହି ଯିହୂଦିମତାଚରଣାଯ ଭିନ୍ନଜାତୀଯାନ୍ କୁତଃ ପ୍ରୱର୍ତ୍ତଯସି?
30020f0091	ଆୱାଂ ଜନ୍ମନା ଯିହୂଦିନୌ ଭୱାୱୋ ଭିନ୍ନଜାତୀଯୌ ପାପିନୌ ନ ଭୱାୱଃ
30021002b9	କିନ୍ତୁ ୱ୍ୟୱସ୍ଥାପାଲନେନ ମନୁଷ୍ୟଃ ସପୁଣ୍ୟୋ ନ ଭୱତି କେୱଲଂ ଯୀଶୌ ଖ୍ରୀଷ୍ଟେ ଯୋ ୱିଶ୍ୱାସସ୍ତେନୈୱ ସପୁଣ୍ୟୋ ଭୱତୀତି ବୁଦ୍ଧ୍ୱାୱାମପି ୱ୍ୟୱସ୍ଥାପାଲନଂ ୱିନା କେୱଲଂ ଖ୍ରୀଷ୍ଟେ ୱିଶ୍ୱାସେନ ପୁଣ୍ୟପ୍ରାପ୍ତଯେ ଖ୍ରୀଷ୍ଟେ ଯୀଶୌ ୱ୍ୟଶ୍ୱସିୱ ଯତୋ ୱ୍ୟୱସ୍ଥାପାଲନେନ କୋଽପି ମାନୱଃ ପୁଣ୍ୟଂ ପ୍ରାପ୍ତୁଂ ନ ଶକ୍ନୋତି|
3002110146	ପରନ୍ତୁ ଯୀଶୁନା ପୁଣ୍ୟପ୍ରାପ୍ତଯେ ଯତମାନାୱପ୍ୟାୱାଂ ଯଦି ପାପିନୌ ଭୱାୱସ୍ତର୍ହି କିଂ ୱକ୍ତୱ୍ୟଂ? ଖ୍ରୀଷ୍ଟଃ ପାପସ୍ୟ ପରିଚାରକ ଇତି? ତନ୍ନ ଭୱତୁ|
30021200c7	ମଯା ଯଦ୍ ଭଗ୍ନଂ ତଦ୍ ଯଦି ମଯା ପୁନର୍ନିର୍ମ୍ମୀଯତେ ତର୍ହି ମଯୈୱାତ୍ମଦୋଷଃ ପ୍ରକାଶ୍ୟତେ|
30021300a1	ଅହଂ ଯଦ୍ ଈଶ୍ୱରାଯ ଜୀୱାମି ତଦର୍ଥଂ ୱ୍ୟୱସ୍ଥଯା ୱ୍ୟୱସ୍ଥାଯୈ ଅମ୍ରିଯେ|
3002140256	ଖ୍ରୀଷ୍ଟେନ ସାର୍ଦ୍ଧଂ କ୍ରୁଶେ ହତୋଽସ୍ମି ତଥାପି ଜୀୱାମି କିନ୍ତ୍ୱହଂ ଜୀୱାମୀତି ନହି ଖ୍ରୀଷ୍ଟ ଏୱ ମଦନ୍ତ ର୍ଜୀୱତି| ସାମ୍ପ୍ରତଂ ସଶରୀରେଣ ମଯା ଯଜ୍ଜୀୱିତଂ ଧାର୍ୟ୍ୟତେ ତତ୍ ମମ ଦଯାକାରିଣି ମଦର୍ଥଂ ସ୍ୱୀଯପ୍ରାଣତ୍ୟାଗିନି ଚେଶ୍ୱରପୁତ୍ରେ ୱିଶ୍ୱସତା ମଯା ଧାର୍ୟ୍ୟତେ|
3002150106	ଅହମୀଶ୍ୱରସ୍ୟାନୁଗ୍ରହଂ ନାୱଜାନାମି ଯସ୍ମାଦ୍ ୱ୍ୟୱସ୍ଥଯା ଯଦି ପୁଣ୍ୟଂ ଭୱତି ତର୍ହି ଖ୍ରୀଷ୍ଟୋ ନିରର୍ଥକମମ୍ରିଯତ|
3003010198	ହେ ନିର୍ବ୍ବୋଧା ଗାଲାତିଲୋକାଃ, ଯୁଷ୍ମାକଂ ମଧ୍ୟେ କ୍ରୁଶେ ହତ ଇୱ ଯୀଶୁଃ ଖ୍ରୀଷ୍ଟୋ ଯୁଷ୍ମାକଂ ସମକ୍ଷଂ ପ୍ରକାଶିତ ଆସୀତ୍ ଅତୋ ଯୂଯଂ ଯଥା ସତ୍ୟଂ ୱାକ୍ୟଂ ନ ଗୃହ୍ଲୀଥ ତଥା କେନାମୁହ୍ୟତ?
300302011e	ଅହଂ ଯୁଷ୍ମତ୍ତଃ କଥାମେକାଂ ଜିଜ୍ଞାସେ ଯୂଯମ୍ ଆତ୍ମାନଂ କେନାଲଭଧ୍ୱଂ? ୱ୍ୟୱସ୍ଥାପାଲନେନ କିଂ ୱା ୱିଶ୍ୱାସୱାକ୍ୟସ୍ୟ ଶ୍ରୱଣେନ?
30030300c2	ଯୂଯଂ କିମ୍ ଈଦୃଗ୍ ଅବୋଧା ଯଦ୍ ଆତ୍ମନା କର୍ମ୍ମାରଭ୍ୟ ଶରୀରେଣ ତତ୍ ସାଧଯିତୁଂ ଯତଧ୍ୱେ?
30030400db	ତର୍ହି ଯୁଷ୍ମାକଂ ଗୁରୁତରୋ ଦୁଃଖଭୋଗଃ କିଂ ନିଷ୍ଫଲୋ ଭୱିଷ୍ୟତି? କୁଫଲଯୁକ୍ତୋ ୱା କିଂ ଭୱିଷ୍ୟତି?
300305017c	ଯୋ ଯୁଷ୍ମଭ୍ୟମ୍ ଆତ୍ମାନଂ ଦତ୍ତୱାନ୍ ଯୁଷ୍ମନ୍ମଧ୍ୟ ଆଶ୍ଚର୍ୟ୍ୟାଣି କର୍ମ୍ମାଣି ଚ ସାଧିତୱାନ୍ ସ କିଂ ୱ୍ୟୱସ୍ଥାପାଲନେନ ୱିଶ୍ୱାସୱାକ୍ୟସ୍ୟ ଶ୍ରୱଣେନ ୱା ତତ୍ କୃତୱାନ୍?
30030600dd	ଲିଖିତମାସ୍ତେ, ଇବ୍ରାହୀମ ଈଶ୍ୱରେ ୱ୍ୟଶ୍ୱସୀତ୍ ସ ଚ ୱିଶ୍ୱାସସ୍ତସ୍ମୈ ପୁଣ୍ୟାର୍ଥଂ ଗଣିତୋ ବଭୂୱ,
30030700bf	ଅତୋ ଯେ ୱିଶ୍ୱାସାଶ୍ରିତାସ୍ତ ଏୱେବ୍ରାହୀମଃ ସନ୍ତାନା ଇତି ଯୁଷ୍ମାଭି ର୍ଜ୍ଞାଯତାଂ|
30030801e0	ଈଶ୍ୱରୋ ଭିନ୍ନଜାତୀଯାନ୍ ୱିଶ୍ୱାସେନ ସପୁଣ୍ୟୀକରିଷ୍ୟତୀତି ପୂର୍ୱ୍ୱଂ ଜ୍ଞାତ୍ୱା ଶାସ୍ତ୍ରଦାତା ପୂର୍ୱ୍ୱମ୍ ଇବ୍ରାହୀମଂ ସୁସଂୱାଦଂ ଶ୍ରାୱଯନ ଜଗାଦ, ତ୍ୱତ୍ତୋ ଭିନ୍ନଜାତୀଯାଃ ସର୍ୱ୍ୱ ଆଶିଷଂ ପ୍ରାପ୍ସ୍ୟନ୍ତୀତି|
30030900be	ଅତୋ ଯେ ୱିଶ୍ୱାସାଶ୍ରିତାସ୍ତେ ୱିଶ୍ୱାସିନେବ୍ରାହୀମା ସାର୍ଦ୍ଧମ୍ ଆଶିଷଂ ଲଭନ୍ତେ|
30030a01dd	ଯାୱନ୍ତୋ ଲୋକା ୱ୍ୟୱସ୍ଥାଯାଃ କର୍ମ୍ମଣ୍ୟାଶ୍ରଯନ୍ତି ତେ ସର୍ୱ୍ୱେ ଶାପାଧୀନା ଭୱନ୍ତି ଯତୋ ଲିଖିତମାସ୍ତେ, ଯଥା, "ଯଃ କଶ୍ଚିଦ୍ ଏତସ୍ୟ ୱ୍ୟୱସ୍ଥାଗ୍ରନ୍ଥସ୍ୟ ସର୍ୱ୍ୱୱାକ୍ୟାନି ନିଶ୍ଚିଦ୍ରଂ ନ ପାଲଯତି ସ ଶପ୍ତ ଇତି| "
30030b0141	ଈଶ୍ୱରସ୍ୟ ସାକ୍ଷାତ୍ କୋଽପି ୱ୍ୟୱସ୍ଥଯା ସପୁଣ୍ୟୋ ନ ଭୱତି ତଦ ୱ୍ୟକ୍ତଂ ଯତଃ "ପୁଣ୍ୟୱାନ୍ ମାନୱୋ ୱିଶ୍ୱାସେନ ଜୀୱିଷ୍ୟତୀତି" ଶାସ୍ତ୍ରୀଯଂ ୱଚଃ|
30030c0114	ୱ୍ୟୱସ୍ଥା ତୁ ୱିଶ୍ୱାସସମ୍ବନ୍ଧିନୀ ନ ଭୱତି କିନ୍ତ୍ୱେତାନି ଯଃ ପାଲଯିଷ୍ୟତି ସ ଏୱ ତୈ ର୍ଜୀୱିଷ୍ୟତୀତିନିଯମସମ୍ବନ୍ଧିନୀ|
30030d01bb	ଖ୍ରୀଷ୍ଟୋଽସ୍ମାନ୍ ପରିକ୍ରୀଯ ୱ୍ୟୱସ୍ଥାଯାଃ ଶାପାତ୍ ମୋଚିତୱାନ୍ ଯତୋଽସ୍ମାକଂ ୱିନିମଯେନ ସ ସ୍ୱଯଂ ଶାପାସ୍ପଦମଭୱତ୍ ତଦଧି ଲିଖିତମାସ୍ତେ, ଯଥା, "ଯଃ କଶ୍ଚିତ୍ ତରାୱୁଲ୍ଲମ୍ବ୍ୟତେ ସୋଽଭିଶପ୍ତ ଇତି| "
30030e0148	ତସ୍ମାଦ୍ ଖ୍ରୀଷ୍ଟେନ ଯୀଶୁନେୱ୍ରାହୀମ ଆଶୀ ର୍ଭିନ୍ନଜାତୀଯଲୋକେଷୁ ୱର୍ତ୍ତତେ ତେନ ୱଯଂ ପ୍ରତିଜ୍ଞାତମ୍ ଆତ୍ମାନଂ ୱିଶ୍ୱାସେନ ଲବ୍ଧୁଂ ଶକ୍ନୁମଃ|
30030f0146	ହେ ଭ୍ରାତୃଗଣ ମାନୁଷାଣାଂ ରୀତ୍ୟନୁସାରେଣାହଂ କଥଯାମି କେନଚିତ୍ ମାନୱେନ ଯୋ ନିଯମୋ ନିରଚାଯି ତସ୍ୟ ୱିକୃତି ର୍ୱୃଦ୍ଧି ର୍ୱା କେନାପି ନ କ୍ରିଯତେ|
30031001a5	ପରନ୍ତ୍ୱିବ୍ରାହୀମେ ତସ୍ୟ ସନ୍ତାନାଯ ଚ ପ୍ରତିଜ୍ଞାଃ ପ୍ରତି ଶୁଶ୍ରୁୱିରେ ତତ୍ର ସନ୍ତାନଶବ୍ଦଂ ବହୁୱଚନାନ୍ତମ୍ ଅଭୂତ୍ୱା ତୱ ସନ୍ତାନାଯେତ୍ୟେକୱଚନାନ୍ତଂ ବଭୂୱ ସ ଚ ସନ୍ତାନଃ ଖ୍ରୀଷ୍ଟ ଏୱ|
30031101cc	ଅତଏୱାହଂ ୱଦାମି, ଈଶ୍ୱରେଣ ଯୋ ନିଯମଃ ପୁରା ଖ୍ରୀଷ୍ଟମଧି ନିରଚାଯି ତତଃ ପରଂ ତ୍ରିଂଶଦଧିକଚତୁଃଶତୱତ୍ସରେଷୁ ଗତେଷୁ ସ୍ଥାପିତା ୱ୍ୟୱସ୍ଥା ତଂ ନିଯମଂ ନିରର୍ଥକୀକୃତ୍ୟ ତଦୀଯପ୍ରତିଜ୍ଞା ଲୋପ୍ତୁଂ ନ ଶକ୍ନୋତି|
3003120149	ଯସ୍ମାତ୍ ସମ୍ପଦଧିକାରୋ ଯଦି ୱ୍ୟୱସ୍ଥଯା ଭୱତି ତର୍ହି ପ୍ରତିଜ୍ଞଯା ନ ଭୱତି କିନ୍ତ୍ୱୀଶ୍ୱରଃ ପ୍ରତିଜ୍ଞଯା ତଦଧିକାରିତ୍ୱମ୍ ଇବ୍ରାହୀମେ ଽଦଦାତ୍|
30031301bf	ତର୍ହି ୱ୍ୟୱସ୍ଥା କିମ୍ଭୂତା? ପ୍ରତିଜ୍ଞା ଯସ୍ମୈ ପ୍ରତିଶ୍ରୁତା ତସ୍ୟ ସନ୍ତାନସ୍ୟାଗମନଂ ଯାୱଦ୍ ୱ୍ୟଭିଚାରନିୱାରଣାର୍ଥଂ ୱ୍ୟୱସ୍ଥାପି ଦତ୍ତା, ସା ଚ ଦୂତୈରାଜ୍ଞାପିତା ମଧ୍ୟସ୍ଥସ୍ୟ କରେ ସମର୍ପିତା ଚ|
3003140075	ନୈକସ୍ୟ ମଧ୍ୟସ୍ଥୋ ୱିଦ୍ୟତେ କିନ୍ତ୍ୱୀଶ୍ୱର ଏକ ଏୱ|
3003150192	ତର୍ହି ୱ୍ୟୱସ୍ଥା କିମ୍ ଈଶ୍ୱରସ୍ୟ ପ୍ରତିଜ୍ଞାନାଂ ୱିରୁଦ୍ଧା? ତନ୍ନ ଭୱତୁ| ଯସ୍ମାଦ୍ ଯଦି ସା ୱ୍ୟୱସ୍ଥା ଜୀୱନଦାନେସମର୍ଥାଭୱିଷ୍ୟତ୍ ତର୍ହି ୱ୍ୟୱସ୍ଥଯୈୱ ପୁଣ୍ୟଲାଭୋଽଭୱିଷ୍ୟତ୍|
300316017f	କିନ୍ତୁ ଯୀଶୁଖ୍ରୀଷ୍ଟେ ଯୋ ୱିଶ୍ୱାସସ୍ତତ୍ସମ୍ବନ୍ଧିଯାଃ ପ୍ରତିଜ୍ଞାଯାଃ ଫଲଂ ଯଦ୍ ୱିଶ୍ୱାସିଲୋକେଭ୍ୟୋ ଦୀଯତେ ତଦର୍ଥଂ ଶାସ୍ତ୍ରଦାତା ସର୍ୱ୍ୱାନ୍ ପାପାଧୀନାନ୍ ଗଣଯତି|
30031700ff	ଅତଏୱ ୱିଶ୍ୱାସସ୍ୟାନାଗତସମଯେ ୱଯଂ ୱ୍ୟୱସ୍ଥାଧୀନାଃ ସନ୍ତୋ ୱିଶ୍ୱାସସ୍ୟୋଦଯଂ ଯାୱଦ୍ ରୁଦ୍ଧା ଇୱାରକ୍ଷ୍ୟାମହେ|
300318012f	ଇତ୍ଥଂ ୱଯଂ ଯଦ୍ ୱିଶ୍ୱାସେନ ସପୁଣ୍ୟୀଭୱାମସ୍ତଦର୍ଥଂ ଖ୍ରୀଷ୍ଟସ୍ୟ ସମୀପମ୍ ଅସ୍ମାନ୍ ନେତୁଂ ୱ୍ୟୱସ୍ଥାଗ୍ରଥୋଽସ୍ମାକଂ ୱିନେତା ବଭୂୱ|
3003190090	କିନ୍ତ୍ୱଧୁନାଗତେ ୱିଶ୍ୱାସେ ୱଯଂ ତସ୍ୟ ୱିନେତୁରନଧୀନା ଅଭୱାମ|
30031a00aa	ଖ୍ରୀଷ୍ଟେ ଯୀଶୌ ୱିଶ୍ୱସନାତ୍ ସର୍ୱ୍ୱେ ଯୂଯମ୍ ଈଶ୍ୱରସ୍ୟ ସନ୍ତାନା ଜାତାଃ|
30031b00c0	ଯୂଯଂ ଯାୱନ୍ତୋ ଲୋକାଃ ଖ୍ରୀଷ୍ଟେ ମଜ୍ଜିତା ଅଭୱତ ସର୍ୱ୍ୱେ ଖ୍ରୀଷ୍ଟଂ ପରିହିତୱନ୍ତଃ|
30031c014c	ଅତୋ ଯୁଷ୍ମନ୍ମଧ୍ୟେ ଯିହୂଦିଯୂନାନିନୋ ର୍ଦାସସ୍ୱତନ୍ତ୍ରଯୋ ର୍ୟୋଷାପୁରୁଷଯୋଶ୍ଚ କୋଽପି ୱିଶେଷୋ ନାସ୍ତି; ସର୍ୱ୍ୱେ ଯୂଯଂ ଖ୍ରୀଷ୍ଟେ ଯୀଶାୱେକ ଏୱ|
30031d0107	କିଞ୍ଚ ଯୂଯଂ ଯଦି ଖ୍ରୀଷ୍ଟସ୍ୟ ଭୱଥ ତର୍ହି ସୁତରାମ୍ ଇବ୍ରାହୀମଃ ସନ୍ତାନାଃ ପ୍ରତିଜ୍ଞଯା ସମ୍ପଦଧିକାରିଣଶ୍ଚାଧ୍ୱେ|
300401012a	ଅହଂ ୱଦାମି ସମ୍ପଦଧିକାରୀ ଯାୱଦ୍ ବାଲସ୍ତିଷ୍ଠତି ତାୱତ୍ ସର୍ୱ୍ୱସ୍ୱସ୍ୟାଧିପତିଃ ସନ୍ନପି ସ ଦାସାତ୍ କେନାପି ୱିଷଯେଣ ନ ୱିଶିଷ୍ୟତେ
30040200ce	କିନ୍ତୁ ପିତ୍ରା ନିରୂପିତଂ ସମଯଂ ଯାୱତ୍ ପାଲକାନାଂ ଧନାଧ୍ୟକ୍ଷାଣାଞ୍ଚ ନିଘ୍ନସ୍ତିଷ୍ଠତି|
30040300b0	ତଦ୍ୱଦ୍ ୱଯମପି ବାଲ୍ୟକାଲେ ଦାସା ଇୱ ସଂସାରସ୍ୟାକ୍ଷରମାଲାଯା ଅଧୀନା ଆସ୍ମହେ|
30040400a1	ଅନନ୍ତରଂ ସମଯେ ସମ୍ପୂର୍ଣତାଂ ଗତୱତି ୱ୍ୟୱସ୍ଥାଧୀନାନାଂ ମୋଚନାର୍ଥମ୍
3004050113	ଅସ୍ମାକଂ ପୁତ୍ରତ୍ୱପ୍ରାପ୍ତ୍ୟର୍ଥଞ୍ଚେଶ୍ୱରଃ ସ୍ତ୍ରିଯା ଜାତଂ ୱ୍ୟୱସ୍ଥାଯା ଅଧିନୀଭୂତଞ୍ଚ ସ୍ୱପୁତ୍ରଂ ପ୍ରେଷିତୱାନ୍|
300406015e	ଯୂଯଂ ସନ୍ତାନା ଅଭୱତ ତତ୍କାରଣାଦ୍ ଈଶ୍ୱରଃ ସ୍ୱପୁତ୍ରସ୍ୟାତ୍ମାନାଂ ଯୁଷ୍ମାକମ୍ ଅନ୍ତଃକରଣାନି ପ୍ରହିତୱାନ୍ ସ ଚାତ୍ମା ପିତଃ ପିତରିତ୍ୟାହ୍ୱାନଂ କାରଯତି|
300407011f	ଅତ ଇଦାନୀଂ ଯୂଯଂ ନ ଦାସାଃ କିନ୍ତୁଃ ସନ୍ତାନା ଏୱ ତସ୍ମାତ୍ ସନ୍ତାନତ୍ୱାଚ୍ଚ ଖ୍ରୀଷ୍ଟେନେଶ୍ୱରୀଯସମ୍ପଦଧିକାରିଣୋଽପ୍ୟାଧ୍ୱେ|
30040800e4	ଅପରଞ୍ଚ ପୂର୍ୱ୍ୱଂ ଯୂଯମ୍ ଈଶ୍ୱରଂ ନ ଜ୍ଞାତ୍ୱା ଯେ ସ୍ୱଭାୱତୋଽନୀଶ୍ୱରାସ୍ତେଷାଂ ଦାସତ୍ୱେଽତିଷ୍ଠତ|
30040901a7	ଇଦାନୀମ୍ ଈଶ୍ୱରଂ ଜ୍ଞାତ୍ୱା ଯଦି ୱେଶ୍ୱରେଣ ଜ୍ଞାତା ଯୂଯଂ କଥଂ ପୁନସ୍ତାନି ୱିଫଲାନି ତୁଚ୍ଛାନି ଚାକ୍ଷରାଣି ପ୍ରତି ପରାୱର୍ତ୍ତିତୁଂ ଶକ୍ନୁଥ? ଯୂଯଂ କିଂ ପୁନସ୍ତେଷାଂ ଦାସା ଭୱିତୁମିଚ୍ଛଥ?
30040a0090	ଯୂଯଂ ଦିୱସାନ୍ ମାସାନ୍ ତିଥୀନ୍ ସଂୱତ୍ସରାଂଶ୍ଚ ସମ୍ମନ୍ୟଧ୍ୱେ|
30040b00b8	ଯୁଷ୍ମଦର୍ଥଂ ମଯା ଯଃ ପରିଶ୍ରମୋଽକାରି ସ ୱିଫଲୋ ଜାତ ଇତି ଯୁଷ୍ମାନଧ୍ୟହଂ ବିଭେମି|
30040c013e	ହେ ଭ୍ରାତରଃ, ଅହଂ ଯାଦୃଶୋଽସ୍ମି ଯୂଯମପି ତାଦୃଶା ଭୱତେତି ପ୍ରାର୍ଥଯେ ଯତୋଽହମପି ଯୁଷ୍ମତ୍ତୁଲ୍ୟୋଽଭୱଂ ଯୁଷ୍ମାଭି ର୍ମମ କିମପି ନାପରାଦ୍ଧଂ|
30040d00d1	ପୂର୍ୱ୍ୱମହଂ କଲେୱରସ୍ୟ ଦୌର୍ବ୍ବଲ୍ୟେନ ଯୁଷ୍ମାନ୍ ସୁସଂୱାଦମ୍ ଅଜ୍ଞାପଯମିତି ଯୂଯଂ ଜାନୀଥ|
30040e018b	ତଦାନୀଂ ମମ ପରୀକ୍ଷକଂ ଶାରୀରକ୍ଲେଶଂ ଦୃଷ୍ଟ୍ୱା ଯୂଯଂ ମାମ୍ ଅୱଜ୍ଞାଯ ଋତୀଯିତୱନ୍ତସ୍ତନ୍ନହି କିନ୍ତ୍ୱୀଶ୍ୱରସ୍ୟ ଦୂତମିୱ ସାକ୍ଷାତ୍ ଖ୍ରୀଷ୍ଟ ଯୀଶୁମିୱ ୱା ମାଂ ଗୃହୀତୱନ୍ତଃ|
30040f0195	ଅତସ୍ତଦାନୀଂ ଯୁଷ୍ମାକଂ ଯା ଧନ୍ୟତାଭୱତ୍ ସା କ୍କ ଗତା? ତଦାନୀଂ ଯୂଯଂ ଯଦି ସ୍ୱେଷାଂ ନଯନାନ୍ୟୁତ୍ପାଟ୍ୟ ମହ୍ୟଂ ଦାତୁମ୍ ଅଶକ୍ଷ୍ୟତ ତର୍ହି ତଦପ୍ୟକରିଷ୍ୟତେତି ପ୍ରମାଣମ୍ ଅହଂ ଦଦାମି|
300410009f	ସାମ୍ପ୍ରତମହଂ ସତ୍ୟୱାଦିତ୍ୱାତ୍ କିଂ ଯୁଷ୍ମାକଂ ରିପୁ ର୍ଜାତୋଽସ୍ମି?
300411016b	ତେ ଯୁଷ୍ମତ୍କୃତେ ସ୍ପର୍ଦ୍ଧନ୍ତେ କିନ୍ତୁ ସା ସ୍ପର୍ଦ୍ଧା କୁତ୍ସିତା ଯତୋ ଯୂଯଂ ତାନଧି ଯତ୍ ସ୍ପର୍ଦ୍ଧଧ୍ୱଂ ତଦର୍ଥଂ ତେ ଯୁଷ୍ମାନ୍ ପୃଥକ୍ କର୍ତ୍ତୁମ୍ ଇଚ୍ଛନ୍ତି|
30041200e8	କେୱଲଂ ଯୁଷ୍ମତ୍ସମୀପେ ମମୋପସ୍ଥିତିସମଯେ ତନ୍ନହି, କିନ୍ତୁ ସର୍ୱ୍ୱଦୈୱ ଭଦ୍ରମଧି ସ୍ପର୍ଦ୍ଧନଂ ଭଦ୍ରଂ|
300413012e	ହେ ମମ ବାଲକାଃ, ଯୁଷ୍ମଦନ୍ତ ର୍ୟାୱତ୍ ଖ୍ରୀଷ୍ଟୋ ମୂର୍ତିମାନ୍ ନ ଭୱତି ତାୱଦ୍ ଯୁଷ୍ମତ୍କାରଣାତ୍ ପୁନଃ ପ୍ରସୱୱେଦନେୱ ମମ ୱେଦନା ଜାଯତେ|
3004140116	ଅହମିଦାନୀଂ ଯୁଷ୍ମାକଂ ସନ୍ନିଧିଂ ଗତ୍ୱା ସ୍ୱରାନ୍ତରେଣ ଯୁଷ୍ମାନ୍ ସମ୍ଭାଷିତୁଂ କାମଯେ ଯତୋ ଯୁଷ୍ମାନଧି ୱ୍ୟାକୁଲୋଽସ୍ମି|
30041500aa	ହେ ୱ୍ୟୱସ୍ଥାଧୀନତାକାଙ୍କ୍ଷିଣଃ ଯୂଯଂ କିଂ ୱ୍ୟୱସ୍ଥାଯା ୱଚନଂ ନ ଗୃହ୍ଲୀଥ?
3004160100	ତନ୍ମାଂ ୱଦତ| ଲିଖିତମାସ୍ତେ, ଇବ୍ରାହୀମୋ ଦ୍ୱୌ ପୁତ୍ରାୱାସାତେ ତଯୋରେକୋ ଦାସ୍ୟାଂ ଦ୍ୱିତୀଯଶ୍ଚ ପତ୍ନ୍ୟାଂ ଜାତଃ|
30041700dc	ତଯୋ ର୍ୟୋ ଦାସ୍ୟାଂ ଜାତଃ ସ ଶାରୀରିକନିଯମେନ ଜଜ୍ଞେ ଯଶ୍ଚ ପତ୍ନ୍ୟାଂ ଜାତଃ ସ ପ୍ରତିଜ୍ଞଯା ଜଜ୍ଞେ|
300418013d	ଇଦମାଖ୍ୟାନଂ ଦୃଷ୍ଟନ୍ତସ୍ୱରୂପଂ| ତେ ଦ୍ୱେ ଯୋଷିତାୱୀଶ୍ୱରୀଯସନ୍ଧୀ ତଯୋରେକା ସୀନଯପର୍ୱ୍ୱତାଦ୍ ଉତ୍ପନ୍ନା ଦାସଜନଯିତ୍ରୀ ଚ ସା ତୁ ହାଜିରା|
3004190166	ଯସ୍ମାଦ୍ ହାଜିରାଶବ୍ଦେନାରୱଦେଶସ୍ଥସୀନଯପର୍ୱ୍ୱତୋ ବୋଧ୍ୟତେ, ସା ଚ ୱର୍ତ୍ତମାନାଯା ଯିରୂଶାଲମ୍ପୁର୍ୟ୍ୟାଃ ସଦୃଶୀ| ଯତଃ ସ୍ୱବାଲୈଃ ସହିତା ସା ଦାସତ୍ୱ ଆସ୍ତେ|
30041a00bf	କିନ୍ତୁ ସ୍ୱର୍ଗୀଯା ଯିରୂଶାଲମ୍ପୁରୀ ପତ୍ନୀ ସର୍ୱ୍ୱେଷାମ୍ ଅସ୍ମାକଂ ମାତା ଚାସ୍ତେ|
30041b01df	ଯାଦୃଶଂ ଲିଖିତମ୍ ଆସ୍ତେ, "ୱନ୍ଧ୍ୟେ ସନ୍ତାନହୀନେ ତ୍ୱଂ ସ୍ୱରଂ ଜଯଜଯଂ କୁରୁ| ଅପ୍ରସୂତେ ତ୍ୱଯୋଲ୍ଲାସୋ ଜଯାଶବ୍ଦଶ୍ଚ ଗୀଯତାଂ| ଯତ ଏୱ ସନାଥାଯା ଯୋଷିତଃ ସନ୍ତତେ ର୍ଗଣାତ୍| ଅନାଥା ଯା ଭୱେନ୍ନାରୀ ତଦପତ୍ୟାନି ଭୂରିଶଃ|| "
30041c0090	ହେ ଭ୍ରାତୃଗଣ, ଇମ୍ହାକ୍ ଇୱ ୱଯଂ ପ୍ରତିଜ୍ଞଯା ଜାତାଃ ସନ୍ତାନାଃ|
30041d0101	କିନ୍ତୁ ତଦାନୀଂ ଶାରୀରିକନିଯମେନ ଜାତଃ ପୁତ୍ରୋ ଯଦ୍ୱଦ୍ ଆତ୍ମିକନିଯମେନ ଜାତଂ ପୁତ୍ରମ୍ ଉପାଦ୍ରୱତ୍ ତଥାଧୁନାପି|
30041e015b	କିନ୍ତୁ ଶାସ୍ତ୍ରେ କିଂ ଲିଖିତଂ? "ତ୍ୱମ୍ ଇମାଂ ଦାସୀଂ ତସ୍ୟାଃ ପୁତ୍ରଞ୍ଚାପସାରଯ ଯତ ଏଷ ଦାସୀପୁତ୍ରଃ ପତ୍ନୀପୁତ୍ରେଣ ସମଂ ନୋତ୍ତରାଧିକାରୀ ଭୱିଯ୍ୟତୀତି| "
30041f00ba	ଅତଏୱ ହେ ଭ୍ରାତରଃ, ୱଯଂ ଦାସ୍ୟାଃ ସନ୍ତାନା ନ ଭୂତ୍ୱା ପାତ୍ନ୍ୟାଃ ସନ୍ତାନା ଭୱାମଃ|
3005010116	ଖ୍ରୀଷ୍ଟୋଽସ୍ମଭ୍ୟଂ ଯତ୍ ସ୍ୱାତନ୍ତ୍ର୍ୟଂ ଦତ୍ତୱାନ୍ ଯୂଯଂ ତତ୍ର ସ୍ଥିରାସ୍ତିଷ୍ଠତ ଦାସତ୍ୱଯୁଗେନ ପୁନ ର୍ନ ନିବଧ୍ୟଧ୍ୱଂ|
30050200e9	ପଶ୍ୟତାହଂ ପୌଲୋ ଯୁଷ୍ମାନ୍ ୱଦାମି ଯଦି ଛିନ୍ନତ୍ୱଚୋ ଭୱଥ ତର୍ହି ଖ୍ରୀଷ୍ଟେନ କିମପି ନୋପକାରିଷ୍ୟଧ୍ୱେ|
30050300f9	ଅପରଂ ଯଃ କଶ୍ଚିତ୍ ଛିନ୍ନତ୍ୱଗ୍ ଭୱତି ସ କୃତ୍ସ୍ନୱ୍ୟୱସ୍ଥାଯାଃ ପାଲନମ୍ ଈଶ୍ୱରାଯ ଧାରଯତୀତି ପ୍ରମାଣଂ ଦଦାମି|
3005040126	ଯୁଷ୍ମାକଂ ଯାୱନ୍ତୋ ଲୋକା ୱ୍ୟୱସ୍ଥଯା ସପୁଣ୍ୟୀଭୱିତୁଂ ଚେଷ୍ଟନ୍ତେ ତେ ସର୍ୱ୍ୱେ ଖ୍ରୀଷ୍ଟାଦ୍ ଭ୍ରଷ୍ଟା ଅନୁଗ୍ରହାତ୍ ପତିତାଶ୍ଚ|
30050500a2	ଯତୋ ୱଯମ୍ ଆତ୍ମନା ୱିଶ୍ୱାସାତ୍ ପୁଣ୍ୟଲାଭାଶାସିଦ୍ଧଂ ପ୍ରତୀକ୍ଷାମହେ|
3005060105	ଖ୍ରୀଷ୍ଟେ ଯୀଶୌ ତ୍ୱକ୍ଛେଦାତ୍ୱକ୍ଛେଦଯୋଃ କିମପି ଗୁଣଂ ନାସ୍ତି କିନ୍ତୁ ପ୍ରେମ୍ନା ସଫଲୋ ୱିଶ୍ୱାସ ଏୱ ଗୁଣଯୁକ୍ତଃ|
30050700d7	ପୂର୍ୱ୍ୱଂ ଯୂଯଂ ସୁନ୍ଦରମ୍ ଅଧାୱତ କିନ୍ତ୍ୱିଦାନୀଂ କେନ ବାଧାଂ ପ୍ରାପ୍ୟ ସତ୍ୟତାଂ ନ ଗୃହ୍ଲୀଥ?
300508008d	ଯୁଷ୍ମାକଂ ସା ମତି ର୍ୟୁଷ୍ମଦାହ୍ୱାନକାରିଣ ଈଶ୍ୱରାନ୍ନ ଜାତା|
3005090079	ୱିକାରଃ କୃତ୍ସ୍ନଶକ୍ତୂନାଂ ସ୍ୱଲ୍ପକିଣ୍ୱେନ ଜସଯତେ|
30050a016f	ଯୁଷ୍ମାକଂ ମତି ର୍ୱିକାରଂ ନ ଗମିଷ୍ୟତୀତ୍ୟହଂ ଯୁଷ୍ମାନଧି ପ୍ରଭୁନାଶଂସେ; କିନ୍ତୁ ଯୋ ଯୁଷ୍ମାନ୍ ୱିଚାରଲଯତି ସ ଯଃ କଶ୍ଚିଦ୍ ଭୱେତ୍ ସମୁଚିତଂ ଦଣ୍ଡଂ ପ୍ରାପ୍ସ୍ୟତି|
30050b0150	ପରନ୍ତୁ ହେ ଭ୍ରାତରଃ, ଯଦ୍ୟହମ୍ ଇଦାନୀମ୍ ଅପି ତ୍ୱକ୍ଛେଦଂ ପ୍ରଚାରଯେଯଂ ତର୍ହି କୁତ ଉପଦ୍ରୱଂ ଭୁଞ୍ଜିଯ? ତତ୍କୃତେ କ୍ରୁଶଂ ନିର୍ବ୍ବାଧମ୍ ଅଭୱିଷ୍ୟତ୍|
30050c00a4	ଯେ ଜନା ଯୁଷ୍ମାକଂ ଚାଞ୍ଚଲ୍ୟଂ ଜନଯନ୍ତି ତେଷାଂ ଛେଦନମେୱ ମଯାଭିଲଷ୍ୟତେ|
30050d01a8	ହେ ଭ୍ରାତରଃ, ଯୂଯଂ ସ୍ୱାତନ୍ତ୍ର୍ୟାର୍ଥମ୍ ଆହୂତା ଆଧ୍ୱେ କିନ୍ତୁ ତତ୍ସ୍ୱାତନ୍ତ୍ର୍ୟଦ୍ୱାରେଣ ଶାରୀରିକଭାୱୋ ଯୁଷ୍ମାନ୍ ନ ପ୍ରୱିଶତୁ| ଯୂଯଂ ପ୍ରେମ୍ନା ପରସ୍ପରଂ ପରିଚର୍ୟ୍ୟାଂ କୁରୁଧ୍ୱଂ|
30050e0100	ଯସ୍ମାତ୍ ତ୍ୱଂ ସମୀପୱାସିନି ସ୍ୱୱତ୍ ପ୍ରେମ କୁର୍ୟ୍ୟା ଇତ୍ୟେକାଜ୍ଞା କୃତ୍ସ୍ନାଯା ୱ୍ୟୱସ୍ଥାଯାଃ ସାରସଂଗ୍ରହଃ|
30050f014e	କିନ୍ତୁ ଯୂଯଂ ଯଦି ପରସ୍ପରଂ ଦଂଦଶ୍ୟଧ୍ୱେ ଽଶାଶ୍ୟଧ୍ୱେ ଚ ତର୍ହି ଯୁଷ୍ମାକମ୍ ଏକୋଽନ୍ୟେନ ଯନ୍ନ ଗ୍ରସ୍ୟତେ ତତ୍ର ଯୁଷ୍ମାଭିଃ ସାୱଧାନୈ ର୍ଭୱିତୱ୍ୟଂ|
30051000a4	ଅହଂ ବ୍ରୱୀମି ଯୂଯମ୍ ଆତ୍ମିକାଚାରଂ କୁରୁତ ଶାରୀରିକାଭିଲାଷଂ ମା ପୂରଯତ|
3005110190	ଯତଃ ଶାରୀରିକାଭିଲାଷ ଆତ୍ମନୋ ୱିପରୀତଃ, ଆତ୍ମିକାଭିଲାଷଶ୍ଚ ଶରୀରସ୍ୟ ୱିପରୀତଃ, ଅନଯୋରୁଭଯୋଃ ପରସ୍ପରଂ ୱିରୋଧୋ ୱିଦ୍ୟତେ ତେନ ଯୁଷ୍ମାଭି ର୍ୟଦ୍ ଅଭିଲଷ୍ୟତେ ତନ୍ନ କର୍ତ୍ତୱ୍ୟଂ|
3005120095	ଯୂଯଂ ଯଦ୍ୟାତ୍ମନା ୱିନୀଯଧ୍ୱେ ତର୍ହି ୱ୍ୟୱସ୍ଥାଯା ଅଧୀନା ନ ଭୱଥ|
300513009e	ଅପରଂ ପରଦାରଗମନଂ ୱେଶ୍ୟାଗମନମ୍ ଅଶୁଚିତା କାମୁକତା ପ୍ରତିମାପୂଜନମ୍
30051400a6	ଇନ୍ଦ୍ରଜାଲଂ ଶତ୍ରୁତ୍ୱଂ ୱିୱାଦୋଽନ୍ତର୍ଜ୍ୱଲନଂ କ୍ରୋଧଃ କଲହୋଽନୈକ୍ୟଂ
300515025a	ପାର୍ଥକ୍ୟମ୍ ଈର୍ଷ୍ୟା ୱଧୋ ମତ୍ତତ୍ୱଂ ଲମ୍ପଟତ୍ୱମିତ୍ୟାଦୀନି ସ୍ପଷ୍ଟତ୍ୱେନ ଶାରୀରିକଭାୱସ୍ୟ କର୍ମ୍ମାଣି ସନ୍ତି| ପୂର୍ୱ୍ୱଂ ଯଦ୍ୱତ୍ ମଯା କଥିତଂ ତଦ୍ୱତ୍ ପୁନରପି କଥ୍ୟତେ ଯେ ଜନା ଏତାଦୃଶାନି କର୍ମ୍ମାଣ୍ୟାଚରନ୍ତି ତୈରୀଶ୍ୱରସ୍ୟ ରାଜ୍ୟେଽଧିକାରଃ କଦାଚ ନ ଲପ୍ସ୍ୟତେ|
30051600db	କିଞ୍ଚ ପ୍ରେମାନନ୍ଦଃ ଶାନ୍ତିଶ୍ଚିରସହିଷ୍ଣୁତା ହିତୈଷିତା ଭଦ୍ରତ୍ୱଂ ୱିଶ୍ୱାସ୍ୟତା ତିତିକ୍ଷା
30051700d4	ପରିମିତଭୋଜିତ୍ୱମିତ୍ୟାଦୀନ୍ୟାତ୍ମନଃ ଫଲାନି ସନ୍ତି ତେଷାଂ ୱିରୁଦ୍ଧା କାପି ୱ୍ୟୱସ୍ଥା ନହି|
30051800d8	ଯେ ତୁ ଖ୍ରୀଷ୍ଟସ୍ୟ ଲୋକାସ୍ତେ ରିପୁଭିରଭିଲାଷୈଶ୍ଚ ସହିତଂ ଶାରୀରିକଭାୱଂ କ୍ରୁଶେ ନିହତୱନ୍ତଃ|
30051900aa	ଯଦି ୱଯମ୍ ଆତ୍ମନା ଜୀୱାମସ୍ତର୍ହ୍ୟାତ୍ମିକାଚାରୋଽସ୍ମାଭିଃ କର୍ତ୍ତୱ୍ୟଃ,
30051a00a8	ଦର୍ପଃ ପରସ୍ପରଂ ନିର୍ଭର୍ତ୍ସନଂ ଦ୍ୱେଷଶ୍ଚାସ୍ମାଭି ର୍ନ କର୍ତ୍ତୱ୍ୟାନି|
30060101e7	ହେ ଭ୍ରାତରଃ, ଯୁଷ୍ମାକଂ କଶ୍ଚିଦ୍ ଯଦି କସ୍ମିଂଶ୍ଚିତ୍ ପାପେ ପତତି ତର୍ହ୍ୟାତ୍ମିକଭାୱଯୁକ୍ତୈ ର୍ୟୁଷ୍ମାଭିସ୍ତିତିକ୍ଷାଭାୱଂ ୱିଧାଯ ସ ପୁନରୁତ୍ଥାପ୍ୟତାଂ ଯୂଯମପି ଯଥା ତାଦୃକ୍ପରୀକ୍ଷାଯାଂ ନ ପତଥ ତଥା ସାୱଧାନା ଭୱତ|
30060200c4	ଯୁଷ୍ମାକମ୍ ଏକୈକୋ ଜନଃ ପରସ୍ୟ ଭାରଂ ୱହତ୍ୱନେନ ପ୍ରକାରେଣ ଖ୍ରୀଷ୍ଟସ୍ୟ ୱିଧିଂ ପାଲଯତ|
30060300be	ଯଦି କଶ୍ଚନ କ୍ଷୁଦ୍ରଃ ସନ୍ ସ୍ୱଂ ମହାନ୍ତଂ ମନ୍ୟତେ ତର୍ହି ତସ୍ୟାତ୍ମୱଞ୍ଚନା ଜାଯତେ|
3006040122	ଅତ ଏକୈକେନ ଜନେନ ସ୍ୱକୀଯକର୍ମ୍ମଣଃ ପରୀକ୍ଷା କ୍ରିଯତାଂ ତେନ ପରଂ ନାଲୋକ୍ୟ କେୱଲମ୍ ଆତ୍ମାଲୋକନାତ୍ ତସ୍ୟ ଶ୍ଲଘା ସମ୍ଭୱିଷ୍ୟତି|
300605005d	ଯତ ଏକୈକୋ ଜନଃ ସ୍ୱକୀଯଂ ଭାରଂ ୱକ୍ଷ୍ୟତି|
30060600c9	ଯୋ ଜନୋ ଧର୍ମ୍ମୋପଦେଶଂ ଲଭତେ ସ ଉପଦେଷ୍ଟାରଂ ସ୍ୱୀଯସର୍ୱ୍ୱସମ୍ପତ୍ତେ ର୍ଭାଗିନଂ କରୋତୁ|
300607010c	ଯୁଷ୍ମାକଂ ଭ୍ରାନ୍ତି ର୍ନ ଭୱତୁ, ଈଶ୍ୱରୋ ନୋପହସିତୱ୍ୟଃ, ଯେନ ଯଦ୍ ବୀଜମ୍ ଉପ୍ୟତେ ତେନ ତଜ୍ଜାତଂ ଶସ୍ୟଂ କର୍ତ୍ତିଷ୍ୟତେ|
3006080188	ସ୍ୱଶରୀରାର୍ଥଂ ଯେନ ବୀଜମ୍ ଉପ୍ୟତେ ତେନ ଶରୀରାଦ୍ ୱିନାଶରୂପଂ ଶସ୍ୟଂ ଲପ୍ସ୍ୟତେ କିନ୍ତ୍ୱାତ୍ମନଃ କୃତେ ଯେନ ବୀଜମ୍ ଉପ୍ୟତେ ତେନାତ୍ମତୋଽନନ୍ତଜୀୱିତରୂପଂ ଶସ୍ୟଂ ଲପ୍ସ୍ୟତେ|
300609012f	ସତ୍କର୍ମ୍ମକରଣେଽସ୍ମାଭିରଶ୍ରାନ୍ତୈ ର୍ଭୱିତୱ୍ୟଂ ଯତୋଽକ୍ଲାନ୍ତୌସ୍ତିଷ୍ଠଦ୍ଭିରସ୍ମାଭିରୁପଯୁକ୍ତସମଯେ ତତ୍ ଫଲାନି ଲପ୍ସ୍ୟନ୍ତେ|
30060a012b	ଅତୋ ଯାୱତ୍ ସମଯସ୍ତିଷ୍ଠତି ତାୱତ୍ ସର୍ୱ୍ୱାନ୍ ପ୍ରତି ୱିଶେଷତୋ ୱିଶ୍ୱାସୱେଶ୍ମୱାସିନଃ ପ୍ରତ୍ୟସ୍ମାଭି ର୍ହିତାଚାରଃ କର୍ତ୍ତୱ୍ୟଃ|
30060b00fa	ହେ ଭ୍ରାତରଃ, ଅହଂ ସ୍ୱହସ୍ତେନ ଯୁଷ୍ମାନ୍ ପ୍ରତି କିଯଦ୍ୱୃହତ୍ ପତ୍ରଂ ଲିଖିତୱାନ୍ ତଦ୍ ଯୁଷ୍ମାଭି ର୍ଦୃଶ୍ୟତାଂ|
30060c0194	ଯେ ଶାରୀରିକୱିଷଯେ ସୁଦୃଶ୍ୟା ଭୱିତୁମିଚ୍ଛନ୍ତି ତେ ଯତ୍ ଖ୍ରୀଷ୍ଟସ୍ୟ କ୍ରୁଶସ୍ୟ କାରଣାଦୁପଦ୍ରୱସ୍ୟ ଭାଗିନୋ ନ ଭୱନ୍ତି କେୱଲଂ ତଦର୍ଥଂ ତ୍ୱକ୍ଛେଦେ ଯୁଷ୍ମାନ୍ ପ୍ରୱର୍ତ୍ତଯନ୍ତି|
30060d0134	ତେ ତ୍ୱକ୍ଛେଦଗ୍ରାହିଣୋଽପି ୱ୍ୟୱସ୍ଥାଂ ନ ପାଲଯନ୍ତି କିନ୍ତୁ ଯୁଷ୍ମଚ୍ଛରୀରାତ୍ ଶ୍ଲାଘାଲାଭାର୍ଥଂ ଯୁଷ୍ମାକଂ ତ୍ୱକ୍ଛେଦମ୍ ଇଚ୍ଛନ୍ତି|
30060e015d	କିନ୍ତୁ ଯେନାହଂ ସଂସାରାଯ ହତଃ ସଂସାରୋଽପି ମହ୍ୟଂ ହତସ୍ତଦସ୍ମତ୍ପ୍ରଭୋ ର୍ୟୀଶୁଖ୍ରୀଷ୍ଟସ୍ୟ କ୍ରୁଶଂ ୱିନାନ୍ୟତ୍ର କୁତ୍ରାପି ମମ ଶ୍ଲାଘନଂ କଦାପି ନ ଭୱତୁ|
30060f00ee	ଖ୍ରୀଷ୍ଟେ ଯୀଶୌ ତ୍ୱକ୍ଛେଦାତ୍ୱକ୍ଛେଦଯୋଃ କିମପି ଗୁଣଂ ନାସ୍ତି କିନ୍ତୁ ନୱୀନା ସୃଷ୍ଟିରେୱ ଗୁଣଯୁକ୍ତା|
3006100129	ଅପରଂ ଯାୱନ୍ତୋ ଲୋକା ଏତସ୍ମିନ୍ ମାର୍ଗେ ଚରନ୍ତି ତେଷାମ୍ ଈଶ୍ୱରୀଯସ୍ୟ କୃତ୍ସ୍ନସ୍ୟେସ୍ରାଯେଲଶ୍ଚ ଶାନ୍ତି ର୍ଦଯାଲାଭଶ୍ଚ ଭୂଯାତ୍|
30061100f7	ଇତଃ ପରଂ କୋଽପି ମାଂ ନ କ୍ଲିଶ୍ନାତୁ ଯସ୍ମାଦ୍ ଅହଂ ସ୍ୱଗାତ୍ରେ ପ୍ରଭୋ ର୍ୟୀଶୁଖ୍ରୀଷ୍ଟସ୍ୟ ଚିହ୍ନାନି ଧାରଯେ|
30061200e9	ହେ ଭ୍ରାତରଃ ଅସ୍ମାକଂ ପ୍ରଭୋ ର୍ୟୀଶୁଖ୍ରୀଷ୍ଟସ୍ୟ ପ୍ରସାଦୋ ଯୁଷ୍ମାକମ୍ ଆତ୍ମନି ସ୍ଥେଯାତ୍| ତଥାସ୍ତୁ|
3100000015	ଇଫିଷିଣଃ
3101010141	ଈଶ୍ୱରସ୍ୟେଚ୍ଛଯା ଯୀଶୁଖ୍ରୀଷ୍ଟସ୍ୟ ପ୍ରେରିତଃ ପୌଲ ଇଫିଷନଗରସ୍ଥାନ୍ ପୱିତ୍ରାନ୍ ଖ୍ରୀଷ୍ଟଯୀଶୌ ୱିଶ୍ୱାସିନୋ ଲୋକାନ୍ ପ୍ରତି ପତ୍ରଂ ଲିଖତି|
31010200ef	ଅସ୍ମାକଂ ତାତସ୍ୟେଶ୍ୱରସ୍ୟ ପ୍ରଭୋ ର୍ୟୀଶୁଖ୍ରୀଷ୍ଟସ୍ୟ ଚାନୁଗ୍ରହଃ ଶାନ୍ତିଶ୍ଚ ଯୁଷ୍ମାସୁ ୱର୍ତ୍ତତାଂ|
310103014e	ଅସ୍ମାକଂ ପ୍ରଭୋ ର୍ୟୀଶୋଃ ଖ୍ରୀଷ୍ଟସ୍ୟ ତାତ ଈଶ୍ୱରୋ ଧନ୍ୟୋ ଭୱତୁ; ଯତଃ ସ ଖ୍ରୀଷ୍ଟେନାସ୍ମଭ୍ୟଂ ସର୍ୱ୍ୱମ୍ ଆଧ୍ୟାତ୍ମିକଂ ସ୍ୱର୍ଗୀଯୱରଂ ଦତ୍ତୱାନ୍|
310104016e	ୱଯଂ ଯତ୍ ତସ୍ୟ ସମକ୍ଷଂ ପ୍ରେମ୍ନା ପୱିତ୍ରା ନିଷ୍କଲଙ୍କାଶ୍ଚ ଭୱାମସ୍ତଦର୍ଥଂ ସ ଜଗତଃ ସୃଷ୍ଟେ ପୂର୍ୱ୍ୱଂ ତେନାସ୍ମାନ୍ ଅଭିରୋଚିତୱାନ୍, ନିଜାଭିଲଷିତାନୁରୋଧାଚ୍ଚ
310105013f	ଯୀଶୁନା ଖ୍ରୀଷ୍ଟେନ ସ୍ୱସ୍ୟ ନିମିତ୍ତଂ ପୁତ୍ରତ୍ୱପଦେଽସ୍ମାନ୍ ସ୍ୱକୀଯାନୁଗ୍ରହସ୍ୟ ମହତ୍ତ୍ୱସ୍ୟ ପ୍ରଶଂସାର୍ଥଂ ପୂର୍ୱ୍ୱଂ ନିଯୁକ୍ତୱାନ୍|
31010600af	ତସ୍ମାଦ୍ ଅନୁଗ୍ରହାତ୍ ସ ଯେନ ପ୍ରିଯତମେନ ପୁତ୍ରେଣାସ୍ମାନ୍ ଅନୁଗୃହୀତୱାନ୍,
3101070091	ୱଯଂ ତସ୍ୟ ଶୋଣିତେନ ମୁକ୍ତିମ୍ ଅର୍ଥତଃ ପାପକ୍ଷମାଂ ଲବ୍ଧୱନ୍ତଃ|
310108010e	ତସ୍ୟ ଯ ଈଦୃଶୋଽନୁଗ୍ରହନିଧିସ୍ତସ୍ମାତ୍ ସୋଽସ୍ମଭ୍ୟଂ ସର୍ୱ୍ୱୱିଧଂ ଜ୍ଞାନଂ ବୁଦ୍ଧିଞ୍ଚ ବାହୁଲ୍ୟରୂପେଣ ୱିତରିତୱାନ୍|
31010900d9	ସ୍ୱର୍ଗପୃଥିୱ୍ୟୋ ର୍ୟଦ୍ୟଦ୍ ୱିଦ୍ୟତେ ତତ୍ସର୍ୱ୍ୱଂ ସ ଖ୍ରୀଷ୍ଟେ ସଂଗ୍ରହୀଷ୍ୟତୀତି ହିତୈଷିଣା
31010a0137	ତେନ କୃତୋ ଯୋ ମନୋରଥଃ ସମ୍ପୂର୍ଣତାଂ ଗତୱତ୍ସୁ ସମଯେଷୁ ସାଧଯିତୱ୍ୟସ୍ତମଧି ସ ସ୍ୱକୀଯାଭିଲାଷସ୍ୟ ନିଗୂଢଂ ଭାୱମ୍ ଅସ୍ମାନ୍ ଜ୍ଞାପିତୱାନ୍|
31010b00d1	ପୂର୍ୱ୍ୱଂ ଖ୍ରୀଷ୍ଟେ ୱିଶ୍ୱାସିନୋ ଯେ ୱଯମ୍ ଅସ୍ମତ୍ତୋ ଯତ୍ ତସ୍ୟ ମହିମ୍ନଃ ପ୍ରଶଂସା ଜାଯତେ,
31010c014f	ତଦର୍ଥଂ ଯଃ ସ୍ୱକୀଯେଚ୍ଛାଯାଃ ମନ୍ତ୍ରଣାତଃ ସର୍ୱ୍ୱାଣି ସାଧଯତି ତସ୍ୟ ମନୋରଥାଦ୍ ୱଯଂ ଖ୍ରୀଷ୍ଟେନ ପୂର୍ୱ୍ୱଂ ନିରୂପିତାଃ ସନ୍ତୋଽଧିକାରିଣୋ ଜାତାଃ|
31010d0196	ଯୂଯମପି ସତ୍ୟଂ ୱାକ୍ୟମ୍ ଅର୍ଥତୋ ଯୁଷ୍ମତ୍ପରିତ୍ରାଣସ୍ୟ ସୁସଂୱାଦଂ ନିଶମ୍ୟ ତସ୍ମିନ୍ନେୱ ଖ୍ରୀଷ୍ଟେ ୱିଶ୍ୱସିତୱନ୍ତଃ ପ୍ରତିଜ୍ଞାତେନ ପୱିତ୍ରେଣାତ୍ମନା ମୁଦ୍ରଯେୱାଙ୍କିତାଶ୍ଚ|
31010e0178	ଯତସ୍ତସ୍ୟ ମହିମ୍ନଃ ପ୍ରକାଶାଯ ତେନ କ୍ରୀତାନାଂ ଲୋକାନାଂ ମୁକ୍ତି ର୍ୟାୱନ୍ନ ଭୱିଷ୍ୟତି ତାୱତ୍ ସ ଆତ୍ମାସ୍ମାକମ୍ ଅଧିକାରିତ୍ୱସ୍ୟ ସତ୍ୟଙ୍କାରସ୍ୟ ପଣସ୍ୱରୂପୋ ଭୱତି|
31010f00fa	ପ୍ରଭୌ ଯୀଶୌ ଯୁଷ୍ମାକଂ ୱିଶ୍ୱାସଃ ସର୍ୱ୍ୱେଷୁ ପୱିତ୍ରଲୋକେଷୁ ପ୍ରେମ ଚାସ୍ତ ଇତି ୱାର୍ତ୍ତାଂ ଶ୍ରୁତ୍ୱାହମପି
31011000e6	ଯୁଷ୍ମାନଧି ନିରନ୍ତରମ୍ ଈଶ୍ୱରଂ ଧନ୍ୟଂ ୱଦନ୍ ପ୍ରାର୍ଥନାସମଯେ ଚ ଯୁଷ୍ମାନ୍ ସ୍ମରନ୍ ୱରମିମଂ ଯାଚାମି|
3101110178	ଅସ୍ମାକଂ ପ୍ରଭୋ ର୍ୟୀଶୁଖ୍ରୀଷ୍ଟସ୍ୟ ତାତୋ ଯଃ ପ୍ରଭାୱାକର ଈଶ୍ୱରଃ ସ ସ୍ୱକୀଯତତ୍ତ୍ୱଜ୍ଞାନାଯ ଯୁଷ୍ମଭ୍ୟଂ ଜ୍ଞାନଜନକମ୍ ପ୍ରକାଶିତୱାକ୍ୟବୋଧକଞ୍ଚାତ୍ମାନଂ ଦେଯାତ୍|
31011201f1	ଯୁଷ୍ମାକଂ ଜ୍ଞାନଚକ୍ଷୂଂଷି ଚ ଦୀପ୍ତିଯୁକ୍ତାନି କୃତ୍ୱା ତସ୍ୟାହ୍ୱାନଂ କୀଦୃଶ୍ୟା ପ୍ରତ୍ୟାଶଯା ସମ୍ବଲିତଂ ପୱିତ୍ରଲୋକାନାଂ ମଧ୍ୟେ ତେନ ଦତ୍ତୋଽଧିକାରଃ କୀଦୃଶଃ ପ୍ରଭାୱନିଧି ର୍ୱିଶ୍ୱାସିଷୁ ଚାସ୍ମାସୁ ପ୍ରକାଶମାନସ୍ୟ
31011300bf	ତଦୀଯମହାପରାକ୍ରମସ୍ୟ ମହତ୍ୱଂ କୀଦୃଗ୍ ଅନୁପମଂ ତତ୍ ସର୍ୱ୍ୱଂ ଯୁଷ୍ମାନ୍ ଜ୍ଞାପଯତୁ|
31011400d6	ଯତଃ ସ ଯସ୍ୟାଃ ଶକ୍ତେଃ ପ୍ରବଲତାଂ ଖ୍ରୀଷ୍ଟେ ପ୍ରକାଶଯନ୍ ମୃତଗଣମଧ୍ୟାତ୍ ତମ୍ ଉତ୍ଥାପିତୱାନ୍,
31011501b8	ଅଧିପତିତ୍ୱପଦଂ ଶାସନପଦଂ ପରାକ୍ରମୋ ରାଜତ୍ୱଞ୍ଚେତିନାମାନି ଯାୱନ୍ତି ପଦାନୀହ ଲୋକେ ପରଲୋକେ ଚ ୱିଦ୍ୟନ୍ତେ ତେଷାଂ ସର୍ୱ୍ୱେଷାମ୍ ଊର୍ଦ୍ଧ୍ୱେ ସ୍ୱର୍ଗେ ନିଜଦକ୍ଷିଣପାର୍ଶ୍ୱେ ତମ୍ ଉପୱେଶିତୱାନ୍,
3101160156	ସର୍ୱ୍ୱାଣି ତସ୍ୟ ଚରଣଯୋରଧୋ ନିହିତୱାନ୍ ଯା ସମିତିସ୍ତସ୍ୟ ଶରୀରଂ ସର୍ୱ୍ୱତ୍ର ସର୍ୱ୍ୱେଷାଂ ପୂରଯିତୁଃ ପୂରକଞ୍ଚ ଭୱତି ତଂ ତସ୍ୟା ମୂର୍ଦ୍ଧାନଂ କୃତ୍ୱା
31011700cd	ସର୍ୱ୍ୱେଷାମ୍ ଉପର୍ୟ୍ୟୁପରି ନିଯୁକ୍ତୱାଂଶ୍ଚ ସୈୱ ଶକ୍ତିରସ୍ମାସ୍ୱପି ତେନ ପ୍ରକାଶ୍ୟତେ|
3102010109	ପୁରା ଯୂଯମ୍ ଅପରାଧୈଃ ପାପୈଶ୍ଚ ମୃତାଃ ସନ୍ତସ୍ତାନ୍ୟାଚରନ୍ତ ଇହଲୋକସ୍ୟ ସଂସାରାନୁସାରେଣାକାଶରାଜ୍ୟସ୍ୟାଧିପତିମ୍
31020200c0	ଅର୍ଥତଃ ସାମ୍ପ୍ରତମ୍ ଆଜ୍ଞାଲଙ୍ଘିୱଂଶେଷୁ କର୍ମ୍ମକାରିଣମ୍ ଆତ୍ମାନମ୍ ଅନ୍ୱୱ୍ରଜତ|
3102030186	ତେଷାଂ ମଧ୍ୟେ ସର୍ୱ୍ୱେ ୱଯମପି ପୂର୍ୱ୍ୱଂ ଶରୀରସ୍ୟ ମନସ୍କାମନାଯାଞ୍ଚେହାଂ ସାଧଯନ୍ତଃ ସ୍ୱଶରୀରସ୍ୟାଭିଲାଷାନ୍ ଆଚରାମ ସର୍ୱ୍ୱେଽନ୍ୟ ଇୱ ଚ ସ୍ୱଭାୱତଃ କ୍ରୋଧଭଜନାନ୍ୟଭୱାମ|
310204009a	କିନ୍ତୁ କରୁଣାନିଧିରୀଶ୍ୱରୋ ଯେନ ମହାପ୍ରେମ୍ନାସ୍ମାନ୍ ଦଯିତୱାନ୍
310205013e	ତସ୍ୟ ସ୍ୱପ୍ରେମ୍ନୋ ବାହୁଲ୍ୟାଦ୍ ଅପରାଧୈ ର୍ମୃତାନପ୍ୟସ୍ମାନ୍ ଖ୍ରୀଷ୍ଟେନ ସହ ଜୀୱିତୱାନ୍ ଯତୋଽନୁଗ୍ରହାଦ୍ ଯୂଯଂ ପରିତ୍ରାଣଂ ପ୍ରାପ୍ତାଃ|
31020600cf	ସ ଚ ଖ୍ରୀଷ୍ଟେନ ଯୀଶୁନାସ୍ମାନ୍ ତେନ ସାର୍ଦ୍ଧମ୍ ଉତ୍ଥାପିତୱାନ୍ ସ୍ୱର୍ଗ ଉପୱେଶିତୱାଂଶ୍ଚ|
3102070134	ଇତ୍ଥଂ ସ ଖ୍ରୀଷ୍ଟେନ ଯୀଶୁନାସ୍ମାନ୍ ପ୍ରତି ସ୍ୱହିତୈଷିତଯା ଭାୱିଯୁଗେଷୁ ସ୍ୱକୀଯାନୁଗ୍ରହସ୍ୟାନୁପମଂ ନିଧିଂ ପ୍ରକାଶଯିତୁମ୍ ଇଚ୍ଛତି|
3102080101	ଯୂଯମ୍ ଅନୁଗ୍ରହାଦ୍ ୱିଶ୍ୱାସେନ ପରିତ୍ରାଣଂ ପ୍ରାପ୍ତାଃ, ତଚ୍ଚ ଯୁଷ୍ମନ୍ମୂଲକଂ ନହି କିନ୍ତ୍ୱୀଶ୍ୱରସ୍ୟୈୱ ଦାନଂ,
310209008b	ତତ୍ କର୍ମ୍ମଣାଂ ଫଲମ୍ ଅପି ନହି, ଅତଃ କେନାପି ନ ଶ୍ଲାଘିତୱ୍ୟଂ|
31020a0112	ଯତୋ ୱଯଂ ତସ୍ୟ କାର୍ୟ୍ୟଂ ପ୍ରାଗ୍ ଈଶ୍ୱରେଣ ନିରୂପିତାଭିଃ ସତ୍କ୍ରିଯାଭିଃ କାଲଯାପନାଯ ଖ୍ରୀଷ୍ଟେ ଯୀଶୌ ତେନ ମୃଷ୍ଟାଶ୍ଚ|
31020b0169	ପୁରା ଜନ୍ମନା ଭିନ୍ନଜାତୀଯା ହସ୍ତକୃତଂ ତ୍ୱକ୍ଛେଦଂ ପ୍ରାପ୍ତୈ ର୍ଲୋକୈଶ୍ଚାଚ୍ଛିନ୍ନତ୍ୱଚ ଇତିନାମ୍ନା ଖ୍ୟାତା ଯେ ଯୂଯଂ ତୈ ର୍ୟୁଷ୍ମାଭିରିଦଂ ସ୍ମର୍ତ୍ତୱ୍ୟଂ
31020c01ac	ଯତ୍ ତସ୍ମିନ୍ ସମଯେ ଯୂଯଂ ଖ୍ରୀଷ୍ଟାଦ୍ ଭିନ୍ନା ଇସ୍ରାଯେଲଲୋକାନାଂ ସହୱାସାଦ୍ ଦୂରସ୍ଥାଃ ପ୍ରତିଜ୍ଞାସମ୍ବଲିତନିଯମାନାଂ ବହିଃ ସ୍ଥିତାଃ ସନ୍ତୋ ନିରାଶା ନିରୀଶ୍ୱରାଶ୍ଚ ଜଗତ୍ୟାଧ୍ୱମ୍ ଇତି|
31020d011b	କିନ୍ତ୍ୱଧୁନା ଖ୍ରୀଷ୍ଟେ ଯୀଶାୱାଶ୍ରଯଂ ପ୍ରାପ୍ୟ ପୁରା ଦୂରୱର୍ତ୍ତିନୋ ଯୂଯଂ ଖ୍ରୀଷ୍ଟସ୍ୟ ଶୋଣିତେନ ନିକଟୱର୍ତ୍ତିନୋଽଭୱତ|
31020e019e	ଯତଃ ସ ଏୱାସ୍ମାକଂ ସନ୍ଧିଃ ସ ଦ୍ୱଯମ୍ ଏକୀକୃତୱାନ୍ ଶତ୍ରୁତାରୂପିଣୀଂ ମଧ୍ୟୱର୍ତ୍ତିନୀଂ ପ୍ରଭେଦକଭିତ୍ତିଂ ଭଗ୍ନୱାନ୍ ଦଣ୍ଡାଜ୍ଞାଯୁକ୍ତଂ ୱିଧିଶାସ୍ତ୍ରଂ ସ୍ୱଶରୀରେଣ ଲୁପ୍ତୱାଂଶ୍ଚ|
31020f00a3	ଯତଃ ସ ସନ୍ଧିଂ ୱିଧାଯ ତୌ ଦ୍ୱୌ ସ୍ୱସ୍ମିନ୍ ଏକଂ ନୁତନଂ ମାନୱଂ କର୍ତ୍ତୁଂ
310210010c	ସ୍ୱକୀଯକ୍ରୁଶେ ଶତ୍ରୁତାଂ ନିହତ୍ୟ ତେନୈୱୈକସ୍ମିନ୍ ଶରୀରେ ତଯୋ ର୍ଦ୍ୱଯୋରୀଶ୍ୱରେଣ ସନ୍ଧିଂ କାରଯିତୁଂ ନିଶ୍ଚତୱାନ୍|
31021100fc	ସ ଚାଗତ୍ୟ ଦୂରୱର୍ତ୍ତିନୋ ଯୁଷ୍ମାନ୍ ନିକଟୱର୍ତ୍ତିନୋ ଽସ୍ମାଂଶ୍ଚ ସନ୍ଧେ ର୍ମଙ୍ଗଲୱାର୍ତ୍ତାଂ ଜ୍ଞାପିତୱାନ୍|
31021200de	ଯତସ୍ତସ୍ମାଦ୍ ଉଭଯପକ୍ଷୀଯା ୱଯମ୍ ଏକେନାତ୍ମନା ପିତୁଃ ସମୀପଂ ଗମନାଯ ସାମର୍ଥ୍ୟଂ ପ୍ରାପ୍ତୱନ୍ତଃ|
3102130110	ଅତ ଇଦାନୀଂ ଯୂଯମ୍ ଅସମ୍ପର୍କୀଯା ୱିଦେଶିନଶ୍ଚ ନ ତିଷ୍ଠନତଃ ପୱିତ୍ରଲୋକୈଃ ସହୱାସିନ ଈଶ୍ୱରସ୍ୟ ୱେଶ୍ମୱାସିନଶ୍ଚାଧ୍ୱେ|
310214017e	ଅପରଂ ପ୍ରେରିତା ଭୱିଷ୍ୟଦ୍ୱାଦିନଶ୍ଚ ଯତ୍ର ଭିତ୍ତିମୂଲସ୍ୱରୂପାସ୍ତତ୍ର ଯୂଯଂ ତସ୍ମିନ୍ ମୂଲେ ନିଚୀଯଧ୍ୱେ ତତ୍ର ଚ ସ୍ୱଯଂ ଯୀଶୁଃ ଖ୍ରୀଷ୍ଟଃ ପ୍ରଧାନଃ କୋଣସ୍ଥପ୍ରସ୍ତରଃ|
31021500d5	ତେନ କୃତ୍ସ୍ନା ନିର୍ମ୍ମିତିଃ ସଂଗ୍ରଥ୍ୟମାନା ପ୍ରଭୋଃ ପୱିତ୍ରଂ ମନ୍ଦିରଂ ଭୱିତୁଂ ୱର୍ଦ୍ଧତେ|
3102160093	ଯୂଯମପି ତତ୍ର ସଂଗ୍ରଥ୍ୟମାନା ଆତ୍ମନେଶ୍ୱରସ୍ୟ ୱାସସ୍ଥାନଂ ଭୱଥ|
31030100ef	ଅତୋ ହେତୋ ର୍ଭିନ୍ନଜାତୀଯାନାଂ ଯୁଷ୍ମାକଂ ନିମିତ୍ତଂ ଯୀଶୁଖ୍ରୀଷ୍ଟସ୍ୟ ବନ୍ଦୀ ଯଃ ସୋଽହଂ ପୌଲୋ ବ୍ରୱୀମି|
31030200e1	ଯୁଷ୍ମଦର୍ଥମ୍ ଈଶ୍ୱରେଣ ମହ୍ୟଂ ଦତ୍ତସ୍ୟ ୱରସ୍ୟ ନିଯମଃ କୀଦୃଶସ୍ତଦ୍ ଯୁଷ୍ମାଭିରଶ୍ରାୱୀତି ମନ୍ୟେ|
310303010a	ଅର୍ଥତଃ ପୂର୍ୱ୍ୱଂ ମଯା ସଂକ୍ଷେପେଣ ଯଥା ଲିଖିତଂ ତଥାହଂ ପ୍ରକାଶିତୱାକ୍ୟେନେଶ୍ୱରସ୍ୟ ନିଗୂଢଂ ଭାୱଂ ଜ୍ଞାପିତୋଽଭୱଂ|
31030400ef	ଅତୋ ଯୁଷ୍ମାଭିସ୍ତତ୍ ପଠିତ୍ୱା ଖ୍ରୀଷ୍ଟମଧି ତସ୍ମିନ୍ନିଗୂଢେ ଭାୱେ ମମ ଜ୍ଞାନଂ କୀଦୃଶଂ ତଦ୍ ଭୋତ୍ସ୍ୟତେ|
310305017d	ପୂର୍ୱ୍ୱଯୁଗେଷୁ ମାନୱସନ୍ତାନାସ୍ତଂ ଜ୍ଞାପିତା ନାସନ୍ କିନ୍ତ୍ୱଧୁନା ସ ଭାୱସ୍ତସ୍ୟ ପୱିତ୍ରାନ୍ ପ୍ରେରିତାନ୍ ଭୱିଷ୍ୟଦ୍ୱାଦିନଶ୍ଚ ପ୍ରତ୍ୟାତ୍ମନା ପ୍ରକାଶିତୋଽଭୱତ୍;
3103060118	ଅର୍ଥତ ଈଶ୍ୱରସ୍ୟ ଶକ୍ତେଃ ପ୍ରକାଶାତ୍ ତସ୍ୟାନୁଗ୍ରହେଣ ଯୋ ୱରୋ ମହ୍ୟମ୍ ଅଦାଯି ତେନାହଂ ଯସ୍ୟ ସୁସଂୱାଦସ୍ୟ ପରିଚାରକୋଽଭୱଂ,
310307012b	ତଦ୍ୱାରା ଖ୍ରୀଷ୍ଟେନ ଭିନ୍ନଜାତୀଯା ଅନ୍ୟୈଃ ସାର୍ଦ୍ଧମ୍ ଏକାଧିକାରା ଏକଶରୀରା ଏକସ୍ୟାଃ ପ୍ରତିଜ୍ଞାଯା ଅଂଶିନଶ୍ଚ ଭୱିଷ୍ୟନ୍ତୀତି|
3103080182	ସର୍ୱ୍ୱେଷାଂ ପୱିତ୍ରଲୋକାନାଂ କ୍ଷୁଦ୍ରତମାଯ ମହ୍ୟଂ ୱରୋଽଯମ୍ ଅଦାଯି ଯଦ୍ ଭିନ୍ନଜାତୀଯାନାଂ ମଧ୍ୟେ ବୋଧାଗଯସ୍ୟ ଗୁଣନିଧେଃ ଖ୍ରୀଷ୍ଟସ୍ୟ ମଙ୍ଗଲୱାର୍ତ୍ତାଂ ପ୍ରଚାରଯାମି,
31030900f4	କାଲାୱସ୍ଥାତଃ ପୂର୍ୱ୍ୱସ୍ମାଚ୍ଚ ଯୋ ନିଗୂଢଭାୱ ଈଶ୍ୱରେ ଗୁପ୍ତ ଆସୀତ୍ ତଦୀଯନିଯମଂ ସର୍ୱ୍ୱାନ୍ ଜ୍ଞାପଯାମି|
31030a01ad	ଯତ ଈଶ୍ୱରସ୍ୟ ନାନାରୂପଂ ଜ୍ଞାନଂ ଯତ୍ ସାମ୍ପ୍ରତଂ ସମିତ୍ୟା ସ୍ୱର୍ଗେ ପ୍ରାଧାନ୍ୟପରାକ୍ରମଯୁକ୍ତାନାଂ ଦୂତାନାଂ ନିକଟେ ପ୍ରକାଶ୍ୟତେ ତଦର୍ଥଂ ସ ଯୀଶୁନା ଖ୍ରୀଷ୍ଟେନ ସର୍ୱ୍ୱାଣି ସୃଷ୍ଟୱାନ୍|
31030b00ce	ଯତୋ ୱଯଂ ଯସ୍ମିନ୍ ୱିଶ୍ୱସ୍ୟ ଦୃଢଭକ୍ତ୍ୟା ନିର୍ଭଯତାମ୍ ଈଶ୍ୱରସ୍ୟ ସମାଗମେ ସାମର୍ଥ୍ୟଞ୍ଚ
31030c00f4	ପ୍ରାପ୍ତୱନ୍ତସ୍ତମସ୍ମାକଂ ପ୍ରଭୁଂ ଯୀଶୁଂ ଖ୍ରୀଷ୍ଟମଧି ସ କାଲାୱସ୍ଥାଯାଃ ପୂର୍ୱ୍ୱଂ ତଂ ମନୋରଥଂ କୃତୱାନ୍|
31030d0100	ଅତୋଽହଂ ଯୁଷ୍ମନ୍ନିମିତ୍ତଂ ଦୁଃଖଭୋଗେନ କ୍ଲାନ୍ତିଂ ଯନ୍ନ ଗଚ୍ଛାମୀତି ପ୍ରାର୍ଥଯେ ଯତସ୍ତଦେୱ ଯୁଷ୍ମାକଂ ଗୌରୱଂ|
31030e00c5	ଅତୋ ହେତୋଃ ସ୍ୱର୍ଗପୃଥିୱ୍ୟୋଃ ସ୍ଥିତଃ କୃତ୍ସ୍ନୋ ୱଂଶୋ ଯସ୍ୟ ନାମ୍ନା ୱିଖ୍ୟାତସ୍ତମ୍
31030f0114	ଅସ୍ମତ୍ପ୍ରଭୋ ର୍ୟୀଶୁଖ୍ରୀଷ୍ଟସ୍ୟ ପିତରମୁଦ୍ଦିଶ୍ୟାହଂ ଜାନୁନୀ ପାତଯିତ୍ୱା ତସ୍ୟ ପ୍ରଭାୱନିଧିତୋ ୱରମିମଂ ପ୍ରାର୍ଥଯେ|
31031000ae	ତସ୍ୟାତ୍ମନା ଯୁଷ୍ମାକମ୍ ଆନ୍ତରିକପୁରୁଷସ୍ୟ ଶକ୍ତେ ର୍ୱୃଦ୍ଧିଃ କ୍ରିଯତାଂ|
3103110107	ଖ୍ରୀଷ୍ଟସ୍ତୁ ୱିଶ୍ୱାସେନ ଯୁଷ୍ମାକଂ ହୃଦଯେଷୁ ନିୱସତୁ| ପ୍ରେମଣି ଯୁଷ୍ମାକଂ ବଦ୍ଧମୂଲତ୍ୱଂ ସୁସ୍ଥିରତ୍ୱଞ୍ଚ ଭୱତୁ|
310312013b	ଇତ୍ଥଂ ପ୍ରସ୍ଥତାଯା ଦୀର୍ଘତାଯା ଗଭୀରତାଯା ଉଚ୍ଚତାଯାଶ୍ଚ ବୋଧାଯ ସର୍ୱ୍ୱୈଃ ପୱିତ୍ରଲୋକୈଃ ପ୍ରାପ୍ୟଂ ସାମର୍ଥ୍ୟଂ ଯୁଷ୍ମାଭି ର୍ଲଭ୍ୟତାଂ,
310313011b	ଜ୍ଞାନାତିରିକ୍ତଂ ଖ୍ରୀଷ୍ଟସ୍ୟ ପ୍ରେମ ଜ୍ଞାଯତାମ୍ ଈଶ୍ୱରସ୍ୟ ସମ୍ପୂର୍ଣୱୃଦ୍ଧିପର୍ୟ୍ୟନ୍ତଂ ଯୁଷ୍ମାକଂ ୱୃଦ୍ଧି ର୍ଭୱତୁ ଚ|
3103140154	ଅସ୍ମାକମ୍ ଅନ୍ତରେ ଯା ଶକ୍ତିଃ ପ୍ରକାଶତେ ତଯା ସର୍ୱ୍ୱାତିରିକ୍ତଂ କର୍ମ୍ମ କୁର୍ୱ୍ୱନ୍ ଅସ୍ମାକଂ ପ୍ରାର୍ଥନାଂ କଲ୍ପନାଞ୍ଚାତିକ୍ରମିତୁଂ ଯଃ ଶକ୍ନୋତି
31031500bb	ଖ୍ରୀଷ୍ଟଯୀଶୁନା ସମିତେ ର୍ମଧ୍ୟେ ସର୍ୱ୍ୱେଷୁ ଯୁଗେଷୁ ତସ୍ୟ ଧନ୍ୟୱାଦୋ ଭୱତୁ| ଇତି|
31040100e2	ଅତୋ ବନ୍ଦିରହଂ ପ୍ରଭୋ ର୍ନାମ୍ନା ଯୁଷ୍ମାନ୍ ୱିନଯେ ଯୂଯଂ ଯେନାହ୍ୱାନେନାହୂତାସ୍ତଦୁପଯୁକ୍ତରୂପେଣ
31040200be	ସର୍ୱ୍ୱଥା ନମ୍ରତାଂ ମୃଦୁତାଂ ତିତିକ୍ଷାଂ ପରସ୍ପରଂ ପ୍ରମ୍ନା ସହିଷ୍ଣୁତାଞ୍ଚାଚରତ|
3104030074	ପ୍ରଣଯବନ୍ଧନେନ ଚାତ୍ମନ ଏକ୍ୟଂ ରକ୍ଷିତୁଂ ଯତଧ୍ୱଂ|
31040400da	ଯୂଯମ୍ ଏକଶରୀରା ଏକାତ୍ମାନଶ୍ଚ ତଦ୍ୱଦ୍ ଆହ୍ୱାନେନ ଯୂଯମ୍ ଏକପ୍ରତ୍ୟାଶାପ୍ରାପ୍ତଯେ ସମାହୂତାଃ|
31040500a1	ଯୁଷ୍ମାକମ୍ ଏକଃ ପ୍ରଭୁରେକୋ ୱିଶ୍ୱାସ ଏକଂ ମଜ୍ଜନଂ, ସର୍ୱ୍ୱେଷାଂ ତାତଃ
31040600d4	ସର୍ୱ୍ୱୋପରିସ୍ଥଃ ସର୍ୱ୍ୱୱ୍ୟାପୀ ସର୍ୱ୍ୱେଷାଂ ଯୁଷ୍ମାକଂ ମଧ୍ୟୱର୍ତ୍ତୀ ଚୈକ ଈଶ୍ୱର ଆସ୍ତେ|
31040700c7	କିନ୍ତୁ ଖ୍ରୀଷ୍ଟସ୍ୟ ଦାନପରିମାଣାନୁସାରାଦ୍ ଅସ୍ମାକମ୍ ଏକୈକସ୍ମୈ ୱିଶେଷୋ ୱରୋଽଦାଯି|
310408013b	ଯଥା ଲିଖିତମ୍ ଆସ୍ତେ, "ଊର୍ଦ୍ଧ୍ୱମ୍ ଆରୁହ୍ୟ ଜେତୃନ୍ ସ ୱିଜିତ୍ୟ ବନ୍ଦିନୋଽକରୋତ୍| ତତଃ ସ ମନୁଜେଭ୍ୟୋଽପି ସ୍ୱୀଯାନ୍ ୱ୍ୟଶ୍ରାଣଯଦ୍ ୱରାନ୍|| "
310409010a	ଊର୍ଦ୍ଧ୍ୱମ୍ ଆରୁହ୍ୟେତିୱାକ୍ୟସ୍ୟାଯମର୍ଥଃ ସ ପୂର୍ୱ୍ୱଂ ପୃଥିୱୀରୂପଂ ସର୍ୱ୍ୱାଧଃସ୍ଥିତଂ ସ୍ଥାନମ୍ ଅୱତୀର୍ଣୱାନ୍;
31040a00f3	ଯଶ୍ଚାୱତୀର୍ଣୱାନ୍ ସ ଏୱ ସ୍ୱର୍ଗାଣାମ୍ ଉପର୍ୟ୍ୟୁପର୍ୟ୍ୟାରୂଢୱାନ୍ ଯତଃ ସର୍ୱ୍ୱାଣି ତେନ ପୂରଯିତୱ୍ୟାନି|
31040b0135	ସ ଏୱ ଚ କାଂଶ୍ଚନ ପ୍ରେରିତାନ୍ ଅପରାନ୍ ଭୱିଷ୍ୟଦ୍ୱାଦିନୋଽପରାନ୍ ସୁସଂୱାଦପ୍ରଚାରକାନ୍ ଅପରାନ୍ ପାଲକାନ୍ ଉପଦେଶକାଂଶ୍ଚ ନିଯୁକ୍ତୱାନ୍|
31040c01ba	ଯାୱଦ୍ ୱଯଂ ସର୍ୱ୍ୱେ ୱିଶ୍ୱାସସ୍ୟେଶ୍ୱରପୁତ୍ରୱିଷଯକସ୍ୟ ତତ୍ତ୍ୱଜ୍ଞାନସ୍ୟ ଚୈକ୍ୟଂ ସମ୍ପୂର୍ଣଂ ପୁରୁଷର୍ଥଞ୍ଚାର୍ଥତଃ ଖ୍ରୀଷ୍ଟସ୍ୟ ସମ୍ପୂର୍ଣପରିମାଣସ୍ୟ ସମଂ ପରିମାଣଂ ନ ପ୍ରାପ୍ନୁମସ୍ତାୱତ୍
31040d012a	ସ ପରିଚର୍ୟ୍ୟାକର୍ମ୍ମସାଧନାଯ ଖ୍ରୀଷ୍ଟସ୍ୟ ଶରୀରସ୍ୟ ନିଷ୍ଠାଯୈ ଚ ପୱିତ୍ରଲୋକାନାଂ ସିଦ୍ଧତାଯାସ୍ତାଦୃଶମ୍ ଉପାଯଂ ନିଶ୍ଚିତୱାନ୍|
31040e017e	ଅତଏୱ ମାନୁଷାଣାଂ ଚାତୁରୀତୋ ଭ୍ରମକଧୂର୍ତ୍ତତାଯାଶ୍ଛଲାଚ୍ଚ ଜାତେନ ସର୍ୱ୍ୱେଣ ଶିକ୍ଷାୱାଯୁନା ୱଯଂ ଯଦ୍ ବାଲକା ଇୱ ଦୋଲାଯମାନା ନ ଭ୍ରାମ୍ୟାମ ଇତ୍ୟସ୍ମାଭି ର୍ୟତିତୱ୍ୟଂ,
31040f00f5	ପ୍ରେମ୍ନା ସତ୍ୟତାମ୍ ଆଚରଦ୍ଭିଃ ସର୍ୱ୍ୱୱିଷଯେ ଖ୍ରୀଷ୍ଟମ୍ ଉଦ୍ଦିଶ୍ୟ ୱର୍ଦ୍ଧିତୱ୍ୟଞ୍ଚ, ଯତଃ ସ ମୂର୍ଦ୍ଧା,
3104100205	ତସ୍ମାଚ୍ଚୈକୈକସ୍ୟାଙ୍ଗସ୍ୟ ସ୍ୱସ୍ୱପରିମାଣାନୁସାରେଣ ସାହାଯ୍ୟକରଣାଦ୍ ଉପକାରକୈଃ ସର୍ୱ୍ୱୈଃ ସନ୍ଧିଭିଃ କୃତ୍ସ୍ନସ୍ୟ ଶରୀରସ୍ୟ ସଂଯୋଗେ ସମ୍ମିଲନେ ଚ ଜାତେ ପ୍ରେମ୍ନା ନିଷ୍ଠାଂ ଲଭମାନଂ କୃତ୍ସ୍ନଂ ଶରୀରଂ ୱୃଦ୍ଧିଂ ପ୍ରାପ୍ନୋତି|
31041100d8	ଯୁଷ୍ମାନ୍ ଅହଂ ପ୍ରଭୁନେଦଂ ବ୍ରୱୀମ୍ୟାଦିଶାମି ଚ, ଅନ୍ୟେ ଭିନ୍ନଜାତୀଯା ଇୱ ଯୂଯଂ ପୂନ ର୍ମାଚରତ|
3104120146	ଯତସ୍ତେ ସ୍ୱମନୋମାଯାମ୍ ଆଚରନ୍ତ୍ୟାନ୍ତରିକାଜ୍ଞାନାତ୍ ମାନସିକକାଠିନ୍ୟାଚ୍ଚ ତିମିରାୱୃତବୁଦ୍ଧଯ ଈଶ୍ୱରୀଯଜୀୱନସ୍ୟ ବଗୀର୍ଭୂତାଶ୍ଚ ଭୱନ୍ତି,
31041300f6	ସ୍ୱାନ୍ ଚୈତନ୍ୟଶୂନ୍ୟାନ୍ କୃତ୍ୱା ଚ ଲୋଭେନ ସର୍ୱ୍ୱୱିଧାଶୌଚାଚରଣାଯ ଲମ୍ପଟତାଯାଂ ସ୍ୱାନ୍ ସମର୍ପିତୱନ୍ତଃ|
3104140072	କିନ୍ତୁ ଯୂଯଂ ଖ୍ରୀଷ୍ଟଂ ନ ତାଦୃଶଂ ପରିଚିତୱନ୍ତଃ,
310415010c	ଯତୋ ଯୂଯଂ ତଂ ଶ୍ରୁତୱନ୍ତୋ ଯା ସତ୍ୟା ଶିକ୍ଷା ଯୀଶୁତୋ ଲଭ୍ୟା ତଦନୁସାରାତ୍ ତଦୀଯୋପଦେଶଂ ପ୍ରାପ୍ତୱନ୍ତଶ୍ଚେତି ମନ୍ୟେ|
3104160146	ତସ୍ମାତ୍ ପୂର୍ୱ୍ୱକାଲିକାଚାରକାରୀ ଯଃ ପୁରାତନପୁରୁଷୋ ମାଯାଭିଲାଷୈ ର୍ନଶ୍ୟତି ତଂ ତ୍ୟକ୍ତ୍ୱା ଯୁଷ୍ମାଭି ର୍ମାନସିକଭାୱୋ ନୂତନୀକର୍ତ୍ତୱ୍ୟଃ,
310417007f	ଯୋ ନୱପୁରୁଷ ଈଶ୍ୱରାନୁରୂପେଣ ପୁଣ୍ୟେନ ସତ୍ୟତାସହିତେନ
3104180072	ଧାର୍ମ୍ମିକତ୍ୱେନ ଚ ସୃଷ୍ଟଃ ସ ଏୱ ପରିଧାତୱ୍ୟଶ୍ଚ|
3104190125	ଅତୋ ଯୂଯଂ ସର୍ୱ୍ୱେ ମିଥ୍ୟାକଥନଂ ପରିତ୍ୟଜ୍ୟ ସମୀପୱାସିଭିଃ ସହ ସତ୍ୟାଲାପଂ କୁରୁତ ଯତୋ ୱଯଂ ପରସ୍ପରମ୍ ଅଙ୍ଗପ୍ରତ୍ୟଙ୍ଗା ଭୱାମଃ|
31041a00d8	ଅପରଂ କ୍ରୋଧେ ଜାତେ ପାପଂ ମା କୁରୁଧ୍ୱମ୍, ଅଶାନ୍ତେ ଯୁଷ୍ମାକଂ ରୋଷେସୂର୍ୟ୍ୟୋଽସ୍ତଂ ନ ଗଚ୍ଛତୁ|
31041b0047	ଅପରଂ ଶଯତାନେ ସ୍ଥାନଂ ମା ଦତ୍ତ|
31041c012e	ଚୋରଃ ପୁନଶ୍ଚୈର୍ୟ୍ୟଂ ନ କରୋତୁ କିନ୍ତୁ ଦୀନାଯ ଦାନେ ସାମର୍ଥ୍ୟଂ ଯଜ୍ଜାଯତେ ତଦର୍ଥଂ ସ୍ୱକରାଭ୍ୟାଂ ସଦ୍ୱୃତ୍ତ୍ୟା ପରିଶ୍ରମଂ କରୋତୁ|
31041d016e	ଅପରଂ ଯୁଷ୍ମାକଂ ୱଦନେଭ୍ୟଃ କୋଽପି କଦାଲାପୋ ନ ନିର୍ଗଚ୍ଛତୁ, କିନ୍ତୁ ଯେନ ଶ୍ରୋତୁରୁପକାରୋ ଜାଯତେ ତାଦୃଶଃ ପ୍ରଯୋଜନୀଯନିଷ୍ଠାଯୈ ଫଲଦାଯକ ଆଲାପୋ ଯୁଷ୍ମାକଂ ଭୱତୁ|
31041e011d	ଅପରଞ୍ଚ ଯୂଯଂ ମୁକ୍ତିଦିନପର୍ୟ୍ୟନ୍ତମ୍ ଈଶ୍ୱରସ୍ୟ ଯେନ ପୱିତ୍ରେଣାତ୍ମନା ମୁଦ୍ରଯାଙ୍କିତା ଅଭୱତ ତଂ ଶୋକାନ୍ୱିତଂ ମା କୁରୁତ|
31041f00f4	ଅପରଂ କଟୁୱାକ୍ୟଂ ରୋଷଃ କୋଷଃ କଲହୋ ନିନ୍ଦା ସର୍ୱ୍ୱୱିଧଦ୍ୱେଷଶ୍ଚୈତାନି ଯୁଷ୍ମାକଂ ମଧ୍ୟାଦ୍ ଦୂରୀଭୱନ୍ତୁ|
310420016a	ଯୂଯଂ ପରସ୍ପରଂ ହିତୈଷିଣଃ କୋମଲାନ୍ତଃକରଣାଶ୍ଚ ଭୱତ| ଅପରମ୍ ଈଶ୍ୱରଃ ଖ୍ରୀଷ୍ଟେନ ଯଦ୍ୱଦ୍ ଯୁଷ୍ମାକଂ ଦୋଷାନ୍ କ୍ଷମିତୱାନ୍ ତଦ୍ୱଦ୍ ଯୂଯମପି ପରସ୍ପରଂ କ୍ଷମଧ୍ୱଂ|
310501007a	ଅତୋ ଯୂଯଂ ପ୍ରିଯବାଲକା ଇୱେଶ୍ୱରସ୍ୟାନୁକାରିଣୋ ଭୱତ,
3105020195	ଖ୍ରୀଷ୍ଟ ଇୱ ପ୍ରେମାଚାରଂ କୁରୁତ ଚ, ଯତଃ ସୋଽସ୍ମାସୁ ପ୍ରେମ କୃତୱାନ୍ ଅସ୍ମାକଂ ୱିନିମଯେନ ଚାତ୍ମନିୱେଦନଂ କୃତ୍ୱା ଗ୍ରାହ୍ୟସୁଗନ୍ଧାର୍ଥକମ୍ ଉପହାରଂ ବଲିଞ୍ଚେଶ୍ୱରାଚ ଦତ୍ତୱାନ୍|
3105030139	କିନ୍ତୁ ୱେଶ୍ୟାଗମନଂ ସର୍ୱ୍ୱୱିଧାଶୌଚକ୍ରିଯା ଲୋଭଶ୍ଚୈତେଷାମ୍ ଉଚ୍ଚାରଣମପି ଯୁଷ୍ମାକଂ ମଧ୍ୟେ ନ ଭୱତୁ, ଏତଦେୱ ପୱିତ୍ରଲୋକାନାମ୍ ଉଚିତଂ|
3105040107	ଅପରଂ କୁତ୍ସିତାଲାପଃ ପ୍ରଲାପଃ ଶ୍ଲେଷୋକ୍ତିଶ୍ଚ ନ ଭୱତୁ ଯତ ଏତାନ୍ୟନୁଚିତାନି କିନ୍ତ୍ୱୀଶ୍ୱରସ୍ୟ ଧନ୍ୟୱାଦୋ ଭୱତୁ|
310505019a	ୱେଶ୍ୟାଗାମ୍ୟଶୌଚାଚାରୀ ଦେୱପୂଜକ ଇୱ ଗଣ୍ୟୋ ଲୋଭୀ ଚୈତେଷାଂ କୋଷି ଖ୍ରୀଷ୍ଟସ୍ୟ ରାଜ୍ୟେଽର୍ଥତ ଈଶ୍ୱରସ୍ୟ ରାଜ୍ୟେ କମପ୍ୟଧିକାରଂ ନ ପ୍ରାପ୍ସ୍ୟତୀତି ଯୁଷ୍ମାଭିଃ ସମ୍ୟକ୍ ଜ୍ଞାଯତାଂ|
3105060120	ଅନର୍ଥକୱାକ୍ୟେନ କୋଽପି ଯୁଷ୍ମାନ୍ ନ ୱଞ୍ଚଯତୁ ଯତସ୍ତାଦୃଗାଚାରହେତୋରନାଜ୍ଞାଗ୍ରାହିଷୁ ଲୋକେଷ୍ୱୀଶ୍ୱରସ୍ୟ କୋପୋ ୱର୍ତ୍ତତେ|
3105070054	ତସ୍ମାଦ୍ ଯୂଯଂ ତୈଃ ସହଭାଗିନୋ ନ ଭୱତ|
3105080130	ପୂର୍ୱ୍ୱଂ ଯୂଯମ୍ ଅନ୍ଧକାରସ୍ୱରୂପା ଆଧ୍ୱଂ କିନ୍ତ୍ୱିଦାନୀଂ ପ୍ରଭୁନା ଦୀପ୍ତିସ୍ୱରୂପା ଭୱଥ ତସ୍ମାଦ୍ ଦୀପ୍ତେଃ ସନ୍ତାନା ଇୱ ସମାଚରତ|
31050900c3	ଦୀପ୍ତେ ର୍ୟତ୍ ଫଲଂ ତତ୍ ସର୍ୱ୍ୱୱିଧହିତୈଷିତାଯାଂ ଧର୍ମ୍ମେ ସତ୍ୟାଲାପେ ଚ ପ୍ରକାଶତେ|
31050a0056	ପ୍ରଭୱେ ଯଦ୍ ରୋଚତେ ତତ୍ ପରୀକ୍ଷଧ୍ୱଂ|
31050b00bd	ଯୂଯଂ ତିମିରସ୍ୟ ୱିଫଲକର୍ମ୍ମଣାମ୍ ଅଂଶିନୋ ନ ଭୂତ୍ୱା ତେଷାଂ ଦୋଷିତ୍ୱଂ ପ୍ରକାଶଯତ|
31050c009f	ଯତସ୍ତେ ଲୋକା ରହମି ଯଦ୍ ଯଦ୍ ଆଚରନ୍ତି ତଦୁଚ୍ଚାରଣମ୍ ଅପି ଲଜ୍ଜାଜନକଂ|
31050d00e5	ଯତୋ ଦୀପ୍ତ୍ୟା ଯଦ୍ ଯତ୍ ପ୍ରକାଶ୍ୟତେ ତତ୍ ତଯା ଚକାସ୍ୟତେ ଯଚ୍ଚ ଚକାସ୍ତି ତଦ୍ ଦୀପ୍ତିସ୍ୱରୂପଂ ଭୱତି|
31050e0160	ଏତତ୍କାରଣାଦ୍ ଉକ୍ତମ୍ ଆସ୍ତେ, "ହେ ନିଦ୍ରିତ ପ୍ରବୁଧ୍ୟସ୍ୱ ମୃତେଭ୍ୟଶ୍ଚୋତ୍ଥିତିଂ କୁରୁ| ତତ୍କୃତେ ସୂର୍ୟ୍ୟୱତ୍ ଖ୍ରୀଷ୍ଟଃ ସ୍ୱଯଂ ତ୍ୱାଂ ଦ୍ୟୋତଯିଷ୍ୟତି| "
31050f00ab	ଅତଃ ସାୱଧାନା ଭୱତ, ଅଜ୍ଞାନା ଇୱ ମାଚରତ କିନ୍ତୁ ଜ୍ଞାନିନ ଇୱ ସତର୍କମ୍ ଆଚରତ|
310510006c	ସମଯଂ ବହୁମୂଲ୍ୟଂ ଗଣଯଧ୍ୱଂ ଯତଃ କାଲା ଅଭଦ୍ରାଃ|
31051100a6	ତସ୍ମାଦ୍ ଯୂଯମ୍ ଅଜ୍ଞାନା ନ ଭୱତ କିନ୍ତୁ ପ୍ରଭୋରଭିମତଂ କିଂ ତଦୱଗତା ଭୱତ|
31051200b2	ସର୍ୱ୍ୱନାଶଜନକେନ ସୁରାପାନେନ ମତ୍ତା ମା ଭୱତ କିନ୍ତ୍ୱାତ୍ମନା ପୂର୍ୟ୍ୟଧ୍ୱଂ|
3105130118	ଅପରଂ ଗୀତୈ ର୍ଗାନୈଃ ପାରମାର୍ଥିକକୀର୍ତ୍ତନୈଶ୍ଚ ପରସ୍ପରମ୍ ଆଲପନ୍ତୋ ମନସା ସାର୍ଦ୍ଧଂ ପ୍ରଭୁମ୍ ଉଦ୍ଦିଶ୍ୟ ଗାଯତ ୱାଦଯତ ଚ|
31051400db	ସର୍ୱ୍ୱଦା ସର୍ୱ୍ୱୱିଷଯେଽସ୍ମତ୍ପ୍ରଭୋ ଯୀଶୋଃ ଖ୍ରୀଷ୍ଟସ୍ୟ ନାମ୍ନା ତାତମ୍ ଈଶ୍ୱରଂ ଧନ୍ୟଂ ୱଦତ|
310515008b	ଯୂଯମ୍ ଈଶ୍ୱରାଦ୍ ଭୀତାଃ ସନ୍ତ ଅନ୍ୟେଽପରେଷାଂ ୱଶୀଭୂତା ଭୱତ|
310516009c	ହେ ଯୋଷିତଃ, ଯୂଯଂ ଯଥା ପ୍ରଭୋସ୍ତଥା ସ୍ୱସ୍ୱସ୍ୱାମିନୋ ୱଶଙ୍ଗତା ଭୱତ|
31051700f1	ଯତଃ ଖ୍ରୀଷ୍ଟୋ ଯଦ୍ୱତ୍ ସମିତେ ର୍ମୂର୍ଦ୍ଧା ଶରୀରସ୍ୟ ତ୍ରାତା ଚ ଭୱତି ତଦ୍ୱତ୍ ସ୍ୱାମୀ ଯୋଷିତୋ ମୂର୍ଦ୍ଧା|
3105180100	ଅତଃ ସମିତି ର୍ୟଦ୍ୱତ୍ ଖ୍ରୀଷ୍ଟସ୍ୟ ୱଶୀଭୂତା ତଦ୍ୱଦ୍ ଯୋଷିଦ୍ଭିରପି ସ୍ୱସ୍ୱସ୍ୱାମିନୋ ୱଶତା ସ୍ୱୀକର୍ତ୍ତୱ୍ୟା|
31051900a2	ଅପରଞ୍ଚ ହେ ପୁରୁଷାଃ, ଯୂଯଂ ଖ୍ରୀଷ୍ଟ ଇୱ ସ୍ୱସ୍ୱଯୋଷିତ୍ସୁ ପ୍ରୀଯଧ୍ୱଂ|
31051a0138	ସ ଖ୍ରୀଷ୍ଟୋଽପି ସମିତୌ ପ୍ରୀତୱାନ୍ ତସ୍ୟାଃ କୃତେ ଚ ସ୍ୱପ୍ରାଣାନ୍ ତ୍ୟକ୍ତୱାନ୍ ଯତଃ ସ ୱାକ୍ୟେ ଜଲମଜ୍ଜନେନ ତାଂ ପରିଷ୍କୃତ୍ୟ ପାୱଯିତୁମ୍
31051b0133	ଅପରଂ ତିଲକୱଲ୍ୟାଦିୱିହୀନାଂ ପୱିତ୍ରାଂ ନିଷ୍କଲଙ୍କାଞ୍ଚ ତାଂ ସମିତିଂ ତେଜସ୍ୱିନୀଂ କୃତ୍ୱା ସ୍ୱହସ୍ତେ ସମର୍ପଯିତୁଞ୍ଚାଭିଲଷିତୱାନ୍|
31051c011a	ତସ୍ମାତ୍ ସ୍ୱତନୁୱତ୍ ସ୍ୱଯୋଷିତି ପ୍ରେମକରଣଂ ପୁରୁଷସ୍ୟୋଚିତଂ, ଯେନ ସ୍ୱଯୋଷିତି ପ୍ରେମ କ୍ରିଯତେ ତେନାତ୍ମପ୍ରେମ କ୍ରିଯତେ|
31051d0138	କୋଽପି କଦାପି ନ ସ୍ୱକୀଯାଂ ତନୁମ୍ ଋତୀଯିତୱାନ୍ କିନ୍ତୁ ସର୍ୱ୍ୱେ ତାଂ ୱିଭ୍ରତି ପୁଷ୍ଣନ୍ତି ଚ| ଖ୍ରୀଷ୍ଟୋଽପି ସମିତିଂ ପ୍ରତି ତଦେୱ କରୋତି,
31051e0082	ଯତୋ ୱଯଂ ତସ୍ୟ ଶରୀରସ୍ୟାଙ୍ଗାନି ମାଂସାସ୍ଥୀନି ଚ ଭୱାମଃ|
31051f0103	ଏତଦର୍ଥଂ ମାନୱଃ ସ୍ୱମାତାପିତରୋ ପରିତ୍ୟଜ୍ୟ ସ୍ୱଭାର୍ୟ୍ୟାଯାମ୍ ଆସଂକ୍ଷ୍ୟତି ତୌ ଦ୍ୱୌ ଜନାୱେକାଙ୍ଗୌ ଭୱିଷ୍ୟତଃ|
310520009e	ଏତନ୍ନିଗୂଢୱାକ୍ୟଂ ଗୁରୁତରଂ ମଯା ଚ ଖ୍ରୀଷ୍ଟସମିତୀ ଅଧି ତଦ୍ ଉଚ୍ୟତେ|
31052100f5	ଅତଏୱ ଯୁଷ୍ମାକମ୍ ଏକୈକୋ ଜନ ଆତ୍ମୱତ୍ ସ୍ୱଯୋଷିତି ପ୍ରୀଯତାଂ ଭାର୍ୟ୍ୟାପି ସ୍ୱାମିନଂ ସମାଦର୍ତ୍ତୁଂ ଯତତାଂ|
31060100cd	ହେ ବାଲକାଃ, ଯୂଯଂ ପ୍ରଭୁମ୍ ଉଦ୍ଦିଶ୍ୟ ପିତ୍ରୋରାଜ୍ଞାଗ୍ରାହିଣୋ ଭୱତ ଯତସ୍ତତ୍ ନ୍ୟାଯ୍ୟଂ|
31060200cf	ତ୍ୱଂ ନିଜପିତରଂ ମାତରଞ୍ଚ ସମ୍ମନ୍ୟସ୍ୱେତି ଯୋ ୱିଧିଃ ସ ପ୍ରତିଜ୍ଞାଯୁକ୍ତଃ ପ୍ରଥମୋ ୱିଧିଃ
31060300a1	ଫଲତସ୍ତସ୍ମାତ୍ ତୱ କଲ୍ୟାଣଂ ଦେଶେ ଚ ଦୀର୍ଘକାଲମ୍ ଆଯୁ ର୍ଭୱିଷ୍ୟତୀତି|
31060400e2	ଅପରଂ ହେ ପିତରଃ, ଯୂଯଂ ସ୍ୱବାଲକାନ୍ ମା ରୋଷଯତ କିନ୍ତୁ ପ୍ରଭୋ ର୍ୱିନୀତ୍ୟାଦେଶାଭ୍ୟାଂ ତାନ୍ ୱିନଯତ|
3106050129	ହେ ଦାସାଃ, ଯୂଯଂ ଖ୍ରୀଷ୍ଟମ୍ ଉଦ୍ଦିଶ୍ୟ ସଭଯାଃ କମ୍ପାନ୍ୱିତାଶ୍ଚ ଭୂତ୍ୱା ସରଲାନ୍ତଃକରଣୈରୈହିକପ୍ରଭୂନାମ୍ ଆଜ୍ଞାଗ୍ରାହିଣୋ ଭୱତ|
310606013d	ଦୃଷ୍ଟିଗୋଚରୀଯପରିଚର୍ୟ୍ୟଯା ମାନୁଷେଭ୍ୟୋ ରୋଚିତୁଂ ମା ଯତଧ୍ୱଂ କିନ୍ତୁ ଖ୍ରୀଷ୍ଟସ୍ୟ ଦାସା ଇୱ ନିୱିଷ୍ଟମନୋଭିରୀଶ୍ଚରସ୍ୟେଚ୍ଛାଂ ସାଧଯତ|
31060700ba	ମାନୱାନ୍ ଅନୁଦ୍ଦିଶ୍ୟ ପ୍ରଭୁମେୱୋଦ୍ଦିଶ୍ୟ ସଦ୍ଭାୱେନ ଦାସ୍ୟକର୍ମ୍ମ କୁରୁଧ୍ୱଂ|
31060800d6	ଦାସମୁକ୍ତଯୋ ର୍ୟେନ ଯତ୍ ସତ୍କର୍ମ୍ମ କ୍ରିଯତେ ତେନ ତସ୍ୟ ଫଲଂ ପ୍ରଭୁତୋ ଲପ୍ସ୍ୟତ ଇତି ଜାନୀତ ଚ|
31060901b3	ଅପରଂ ହେ ପ୍ରଭୱଃ, ଯୁଷ୍ମାଭି ର୍ଭର୍ତ୍ସନଂ ୱିହାଯ ତାନ୍ ପ୍ରତି ନ୍ୟାଯ୍ୟାଚରଣଂ କ୍ରିଯତାଂ ଯଶ୍ଚ କସ୍ୟାପି ପକ୍ଷପାତଂ ନ କରୋତି ଯୁଷ୍ମାକମପି ତାଦୃଶ ଏକଃ ପ୍ରଭୁଃ ସ୍ୱର୍ଗେ ୱିଦ୍ୟତ ଇତି ଜ୍ଞାଯତାଂ|
31060a00c2	ଅଧିକନ୍ତୁ ହେ ଭ୍ରାତରଃ, ଯୂଯଂ ପ୍ରଭୁନା ତସ୍ୟ ୱିକ୍ରମଯୁକ୍ତଶକ୍ତ୍ୟା ଚ ବଲୱନ୍ତୋ ଭୱତ|
31060b00d1	ଯୂଯଂ ଯତ୍ ଶଯତାନଶ୍ଛଲାନି ନିୱାରଯିତୁଂ ଶକ୍ନୁଥ ତଦର୍ଥମ୍ ଈଶ୍ୱରୀଯସୁସଜ୍ଜାଂ ପରିଧଦ୍ଧ୍ୱଂ|
31060c01c6	ଯତଃ କେୱଲଂ ରକ୍ତମାଂସାଭ୍ୟାମ୍ ଇତି ନହି କିନ୍ତୁ କର୍ତୃତ୍ୱପରାକ୍ରମଯୁକ୍ତୈସ୍ତିମିରରାଜ୍ୟସ୍ୟେହଲୋକସ୍ୟାଧିପତିଭିଃ ସ୍ୱର୍ଗୋଦ୍ଭୱୈ ର୍ଦୁଷ୍ଟାତ୍ମଭିରେୱ ସାର୍ଦ୍ଧମ୍ ଅସ୍ମାଭି ର୍ୟୁଦ୍ଧଂ କ୍ରିଯତେ|
31060d0137	ଅତୋ ହେତୋ ର୍ୟୂଯଂ ଯଯା ସଂକୁଲେ ଦିନେଽୱସ୍ଥାତୁଂ ସର୍ୱ୍ୱାଣି ପରାଜିତ୍ୟ ଦୃଢାଃ ସ୍ଥାତୁଞ୍ଚ ଶକ୍ଷ୍ୟଥ ତାମ୍ ଈଶ୍ୱରୀଯସୁସଜ୍ଜାଂ ଗୃହ୍ଲୀତ|
31060e00cb	ୱସ୍ତୁତସ୍ତୁ ସତ୍ୟତ୍ୱେନ ଶୃଙ୍ଖଲେନ କଟିଂ ବଦ୍ଧ୍ୱା ପୁଣ୍ୟେନ ୱର୍ମ୍ମଣା ୱକ୍ଷ ଆଚ୍ଛାଦ୍ୟ
31060f00b3	ଶାନ୍ତେଃ ସୁୱାର୍ତ୍ତଯା ଜାତମ୍ ଉତ୍ସାହଂ ପାଦୁକାଯୁଗଲଂ ପଦେ ସମର୍ପ୍ୟ ତିଷ୍ଠତ|
3106100122	ଯେନ ଚ ଦୁଷ୍ଟାତ୍ମନୋଽଗ୍ନିବାଣାନ୍ ସର୍ୱ୍ୱାନ୍ ନିର୍ୱ୍ୱାପଯିତୁଂ ଶକ୍ଷ୍ୟଥ ତାଦୃଶଂ ସର୍ୱ୍ୱାଚ୍ଛାଦକଂ ଫଲକଂ ୱିଶ୍ୱାସଂ ଧାରଯତ|
310611009f	ଶିରସ୍ତ୍ରଂ ପରିତ୍ରାଣମ୍ ଆତ୍ମନଃ ଖଙ୍ଗଞ୍ଚେଶ୍ୱରସ୍ୟ ୱାକ୍ୟଂ ଧାରଯତ|
31061201aa	ସର୍ୱ୍ୱସମଯେ ସର୍ୱ୍ୱଯାଚନେନ ସର୍ୱ୍ୱପ୍ରାର୍ଥନେନ ଚାତ୍ମନା ପ୍ରାର୍ଥନାଂ କୁରୁଧ୍ୱଂ ତଦର୍ଥଂ ଦୃଢାକାଙ୍କ୍ଷଯା ଜାଗ୍ରତଃ ସର୍ୱ୍ୱେଷାଂ ପୱିତ୍ରଲୋକାନାଂ କୃତେ ସଦା ପ୍ରାର୍ଥନାଂ କୁରୁଧ୍ୱଂ|
3106130111	ଅହଞ୍ଚ ଯସ୍ୟ ସୁସଂୱାଦସ୍ୟ ଶୃଙ୍ଖଲବଦ୍ଧଃ ପ୍ରଚାରକଦୂତୋଽସ୍ମି ତମ୍ ଉପଯୁକ୍ତେନୋତ୍ସାହେନ ପ୍ରଚାରଯିତୁଂ ଯଥା ଶକ୍ନୁଯାଂ
3106140150	ତଥା ନିର୍ଭଯେନ ସ୍ୱରେଣୋତ୍ସାହେନ ଚ ସୁସଂୱାଦସ୍ୟ ନିଗୂଢୱାକ୍ୟପ୍ରଚାରାଯ ୱକ୍ତୃତା ଯତ୍ ମହ୍ୟଂ ଦୀଯତେ ତଦର୍ଥଂ ମମାପି କୃତେ ପ୍ରାର୍ଥନାଂ କୁରୁଧ୍ୱଂ|
31061501a6	ଅପରଂ ମମ ଯାୱସ୍ଥାସ୍ତି ଯଚ୍ଚ ମଯା କ୍ରିଯତେ ତତ୍ ସର୍ୱ୍ୱଂ ଯଦ୍ ଯୁଷ୍ମାଭି ର୍ଜ୍ଞାଯତେ ତଦର୍ଥଂ ପ୍ରଭୁନା ପ୍ରିଯଭ୍ରାତା ୱିଶ୍ୱାସ୍ୟଃ ପରିଚାରକଶ୍ଚ ତୁଖିକୋ ଯୁଷ୍ମାନ୍ ତତ୍ ଜ୍ଞାପଯିଷ୍ୟତି|
310616013c	ଯୂଯଂ ଯଦ୍ ଅସ୍ମାକମ୍ ଅୱସ୍ଥାଂ ଜାନୀଥ ଯୁଷ୍ମାକଂ ମନାଂସି ଚ ଯତ୍ ସାନ୍ତ୍ୱନାଂ ଲଭନ୍ତେ ତଦର୍ଥମେୱାହଂ ଯୁଷ୍ମାକଂ ସନ୍ନିଧିଂ ତଂ ପ୍ରେଷିତୱାନ|
3106170107	ଅପରମ୍ ଈଶ୍ୱରଃ ପ୍ରଭୁ ର୍ୟୀଶୁଖ୍ରୀଷ୍ଟଶ୍ଚ ସର୍ୱ୍ୱେଭ୍ୟୋ ଭ୍ରାତୃଭ୍ୟଃ ଶାନ୍ତିଂ ୱିଶ୍ୱାସସହିତଂ ପ୍ରେମ ଚ ଦେଯାତ୍|
31061800f0	ଯେ କେଚିତ୍ ପ୍ରଭୌ ଯୀଶୁଖ୍ରୀଷ୍ଟେଽକ୍ଷଯଂ ପ୍ରେମ କୁର୍ୱ୍ୱନ୍ତି ତାନ୍ ପ୍ରତି ପ୍ରସାଦୋ ଭୂଯାତ୍| ତଥାସ୍ତୁ|
3200000018	ଫିଲିପିନଃ
320101017a	ପୌଲତୀମଥିନାମାନୌ ଯୀଶୁଖ୍ରୀଷ୍ଟସ୍ୟ ଦାସୌ ଫିଲିପିନଗରସ୍ଥାନ୍ ଖ୍ରୀଷ୍ଟଯୀଶୋଃ ସର୍ୱ୍ୱାନ୍ ପୱିତ୍ରଲୋକାନ୍ ସମିତେରଧ୍ୟକ୍ଷାନ୍ ପରିଚାରକାଂଶ୍ଚ ପ୍ରତି ପତ୍ରଂ ଲିଖତଃ|
32010200f1	ଅସ୍ମାକଂ ତାତ ଈଶ୍ୱରଃ ପ୍ରଭୁ ର୍ୟୀଶୁଖ୍ରୀଷ୍ଟଶ୍ଚ ଯୁଷ୍ମଭ୍ୟଂ ପ୍ରସାଦସ୍ୟ ଶାନ୍ତେଶ୍ଚ ଭୋଗଂ ଦେଯାସ୍ତାଂ|
32010300f5	ଅହଂ ନିରନ୍ତରଂ ନିଜସର୍ୱ୍ୱପ୍ରାର୍ଥନାସୁ ଯୁଷ୍ମାକଂ ସର୍ୱ୍ୱେଷାଂ କୃତେ ସାନନ୍ଦଂ ପ୍ରାର୍ଥନାଂ କୁର୍ୱ୍ୱନ୍
32010400a2	ଯତି ୱାରାନ୍ ଯୁଷ୍ମାକଂ ସ୍ମରାମି ତତି ୱାରାନ୍ ଆ ପ୍ରଥମାଦ୍ ଅଦ୍ୟ ଯାୱଦ୍
320105008c	ଯୁଷ୍ମାକଂ ସୁସଂୱାଦଭାଗିତ୍ୱକାରଣାଦ୍ ଈଶ୍ୱରଂ ଧନ୍ୟଂ ୱଦାମି|
3201060158	ଯୁଷ୍ମନ୍ମଧ୍ୟେ ଯେନୋତ୍ତମଂ କର୍ମ୍ମ କର୍ତ୍ତୁମ୍ ଆରମ୍ଭି ତେନୈୱ ଯୀଶୁଖ୍ରୀଷ୍ଟସ୍ୟ ଦିନଂ ଯାୱତ୍ ତତ୍ ସାଧଯିଷ୍ୟତ ଇତ୍ୟସ୍ମିନ୍ ଦୃଢୱିଶ୍ୱାସୋ ମମାସ୍ତେ|
32010701ff	ଯୁଷ୍ମାନ୍ ସର୍ୱ୍ୱାନ୍ ଅଧି ମମ ତାଦୃଶୋ ଭାୱୋ ଯଥାର୍ଥୋ ଯତୋଽହଂ କାରାୱସ୍ଥାଯାଂ ପ୍ରତ୍ୟୁତ୍ତରକରଣେ ସୁସଂୱାଦସ୍ୟ ପ୍ରାମାଣ୍ୟକରଣେ ଚ ଯୁଷ୍ମାନ୍ ସର୍ୱ୍ୱାନ୍ ମଯା ସାର୍ଦ୍ଧମ୍ ଏକାନୁଗ୍ରହସ୍ୟ ଭାଗିନୋ ମତ୍ୱା ସ୍ୱହୃଦଯେ ଧାରଯାମି|
3201080105	ଅପରମ୍ ଅହଂ ଖ୍ରୀଷ୍ଟଯୀଶୋଃ ସ୍ନେହୱତ୍ ସ୍ନେହେନ ଯୁଷ୍ମାନ୍ କୀଦୃଶଂ କାଙ୍କ୍ଷାମି ତଦଧୀଶ୍ୱରୋ ମମ ସାକ୍ଷୀ ୱିଦ୍ୟତେ|
32010900ab	ମଯା ଯତ୍ ପ୍ରାର୍ଥ୍ୟତେ ତଦ୍ ଇଦଂ ଯୁଷ୍ମାକଂ ପ୍ରେମ ନିତ୍ୟଂ ୱୃଦ୍ଧିଂ ଗତ୍ୱା
32010a00c0	ଜ୍ଞାନସ୍ୟ ୱିଶିଷ୍ଟାନାଂ ପରୀକ୍ଷିକାଯାଶ୍ଚ ସର୍ୱ୍ୱୱିଧବୁଦ୍ଧେ ର୍ବାହୁଲ୍ୟଂ ଫଲତୁ,
32010b0196	ଖ୍ରୀଷ୍ଟସ୍ୟ ଦିନଂ ଯାୱଦ୍ ଯୁଷ୍ମାକଂ ସାରଲ୍ୟଂ ନିର୍ୱିଘ୍ନତ୍ୱଞ୍ଚ ଭୱତୁ, ଈଶ୍ୱରସ୍ୟ ଗୌରୱାଯ ପ୍ରଶଂସାଯୈ ଚ ଯୀଶୁନା ଖ୍ରୀଷ୍ଟେନ ପୁଣ୍ୟଫଲାନାଂ ପୂର୍ଣତା ଯୁଷ୍ମଭ୍ୟଂ ଦୀଯତାମ୍ ଇତି|
32010c0145	ହେ ଭ୍ରାତରଃ, ମାଂ ପ୍ରତି ଯଦ୍ ଯଦ୍ ଘଟିତଂ ତେନ ସୁସଂୱାଦପ୍ରଚାରସ୍ୟ ବାଧା ନହି କିନ୍ତୁ ୱୃଦ୍ଧିରେୱ ଜାତା ତଦ୍ ଯୁଷ୍ମାନ୍ ଜ୍ଞାପଯିତୁଂ କାମଯେଽହଂ|
32010d011a	ଅପରମ୍ ଅହଂ ଖ୍ରୀଷ୍ଟସ୍ୟ କୃତେ ବଦ୍ଧୋଽସ୍ମୀତି ରାଜପୁର୍ୟ୍ୟାମ୍ ଅନ୍ୟସ୍ଥାନେଷୁ ଚ ସର୍ୱ୍ୱେଷାଂ ନିକଟେ ସୁସ୍ପଷ୍ଟମ୍ ଅଭୱତ୍,
32010e012b	ପ୍ରଭୁସମ୍ବନ୍ଧୀଯା ଅନେକେ ଭ୍ରାତରଶ୍ଚ ମମ ବନ୍ଧନାଦ୍ ଆଶ୍ୱାସଂ ପ୍ରାପ୍ୟ ୱର୍ଦ୍ଧମାନେନୋତ୍ସାହେନ ନିଃକ୍ଷୋଭଂ କଥାଂ ପ୍ରଚାରଯନ୍ତି|
32010f00b8	କେଚିଦ୍ ଦ୍ୱେଷାଦ୍ ୱିରୋଧାଚ୍ଚାପରେ କେଚିଚ୍ଚ ସଦ୍ଭାୱାତ୍ ଖ୍ରୀଷ୍ଟଂ ଘୋଷଯନ୍ତି;
3201100133	ଯେ ୱିରୋଧାତ୍ ଖ୍ରୀଷ୍ଟଂ ଘୋଷଯନ୍ତି ତେ ପୱିତ୍ରଭାୱାତ୍ ତନ୍ନ କୁର୍ୱ୍ୱନ୍ତୋ ମମ ବନ୍ଧନାନି ବହୁତରକ୍ଲୋଶଦାଯୀନି କର୍ତ୍ତୁମ୍ ଇଚ୍ଛନ୍ତି|
3201110107	ଯେ ଚ ପ୍ରେମ୍ନା ଘୋଷଯନ୍ତି ତେ ସୁସଂୱାଦସ୍ୟ ପ୍ରାମାଣ୍ୟକରଣେଽହଂ ନିଯୁକ୍ତୋଽସ୍ମୀତି ଜ୍ଞାତ୍ୱା ତତ୍ କୁର୍ୱ୍ୱନ୍ତି|
320112014c	କିଂ ବହୁନା? କାପଟ୍ୟାତ୍ ସରଲଭାୱାଦ୍ ୱା ଭୱେତ୍, ଯେନ କେନଚିତ୍ ପ୍ରକାରେଣ ଖ୍ରୀଷ୍ଟସ୍ୟ ଘୋଷଣା ଭୱତୀତ୍ୟସ୍ମିନ୍ ଅହମ୍ ଆନନ୍ଦାମ୍ୟାନନ୍ଦିଷ୍ୟାମି ଚ|
32011300f7	ଯୁଷ୍ମାକଂ ପ୍ରାର୍ଥନଯା ଯୀଶୁଖ୍ରୀଷ୍ଟସ୍ୟାତ୍ମନଶ୍ଚୋପକାରେଣ ତତ୍ ମନ୍ନିସ୍ତାରଜନକଂ ଭୱିଷ୍ୟତୀତି ଜାନାମି|
3201140241	ତତ୍ର ଚ ମମାକାଙ୍କ୍ଷା ପ୍ରତ୍ୟାଶା ଚ ସିଦ୍ଧିଂ ଗମିଷ୍ୟତି ଫଲତୋଽହଂ କେନାପି ପ୍ରକାରେଣ ନ ଲଜ୍ଜିଷ୍ୟେ କିନ୍ତୁ ଗତେ ସର୍ୱ୍ୱସ୍ମିନ୍ କାଲେ ଯଦ୍ୱତ୍ ତଦ୍ୱଦ୍ ଇଦାନୀମପି ସମ୍ପୂର୍ଣୋତ୍ସାହଦ୍ୱାରା ମମ ଶରୀରେଣ ଖ୍ରୀଷ୍ଟସ୍ୟ ମହିମା ଜୀୱନେ ମରଣେ ୱା ପ୍ରକାଶିଷ୍ୟତେ|
3201150060	ଯତୋ ମମ ଜୀୱନଂ ଖ୍ରୀଷ୍ଟାଯ ମରଣଞ୍ଚ ଲାଭାଯ|
3201160108	କିନ୍ତୁ ଯଦି ଶରୀରେ ମଯା ଜୀୱିତୱ୍ୟଂ ତର୍ହି ତତ୍ କର୍ମ୍ମଫଲଂ ଫଲିଷ୍ୟତି ତସ୍ମାତ୍ କିଂ ୱରିତୱ୍ୟଂ ତନ୍ମଯା ନ ଜ୍ଞାଯତେ|
3201170108	ଦ୍ୱାଭ୍ୟାମ୍ ଅହଂ ସମ୍ପୀଡ୍ୟେ, ଦେହୱାସତ୍ୟଜନାଯ ଖ୍ରୀଷ୍ଟେନ ସହୱାସାଯ ଚ ମମାଭିଲାଷୋ ଭୱତି ଯତସ୍ତତ୍ ସର୍ୱ୍ୱୋତ୍ତମଂ|
3201180086	କିନ୍ତୁ ଦେହେ ମମାୱସ୍ଥିତ୍ୟା ଯୁଷ୍ମାକମ୍ ଅଧିକପ୍ରଯୋଜନଂ|
3201190170	ଅହମ୍ ଅୱସ୍ଥାସ୍ୟେ ଯୁଷ୍ମାଭିଃ ସର୍ୱ୍ୱୈଃ ସାର୍ଦ୍ଧମ୍ ଅୱସ୍ଥିତିଂ କରିଷ୍ୟେ ଚ ତଯା ଚ ୱିଶ୍ୱାସେ ଯୁଷ୍ମାକଂ ୱୃଦ୍ଧ୍ୟାନନ୍ଦୌ ଜନିଷ୍ୟେତେ ତଦହଂ ନିଶ୍ଚିତଂ ଜାନାମି|
32011a0117	ତେନ ଚ ମତ୍ତୋଽର୍ଥତୋ ଯୁଷ୍ମତ୍ସମୀପେ ମମ ପୁନରୁପସ୍ଥିତତ୍ୱାତ୍ ଯୂଯଂ ଖ୍ରୀଷ୍ଟେନ ଯୀଶୁନା ବହୁତରମ୍ ଆହ୍ଲାଦଂ ଲପ୍ସ୍ୟଧ୍ୱେ|
32011b0330	ଯୂଯଂ ସାୱଧାନା ଭୂତ୍ୱା ଖ୍ରୀଷ୍ଟସ୍ୟ ସୁସଂୱାଦସ୍ୟୋପଯୁକ୍ତମ୍ ଆଚାରଂ କୁରୁଧ୍ୱଂ ଯତୋଽହଂ ଯୁଷ୍ମାନ୍ ଉପାଗତ୍ୟ ସାକ୍ଷାତ୍ କୁର୍ୱ୍ୱନ୍ କିଂ ୱା ଦୂରେ ତିଷ୍ଠନ୍ ଯୁଷ୍ମାକଂ ଯାଂ ୱାର୍ତ୍ତାଂ ଶ୍ରୋତୁମ୍ ଇଚ୍ଛାମି ସେଯଂ ଯୂଯମ୍ ଏକାତ୍ମାନସ୍ତିଷ୍ଠଥ, ଏକମନସା ସୁସଂୱାଦସମ୍ବନ୍ଧୀଯୱିଶ୍ୱାସସ୍ୟ ପକ୍ଷେ ଯତଧ୍ୱେ, ୱିପକ୍ଷୈଶ୍ଚ କେନାପି ପ୍ରକାରେଣ ନ ୱ୍ୟାକୁଲୀକ୍ରିଯଧ୍ୱ ଇତି|
32011c00d1	ତତ୍ ତେଷାଂ ୱିନାଶସ୍ୟ ଲକ୍ଷଣଂ ଯୁଷ୍ମାକଞ୍ଚେଶ୍ୱରଦତ୍ତଂ ପରିତ୍ରାଣସ୍ୟ ଲକ୍ଷଣଂ ଭୱିଷ୍ୟତି|
32011d0179	ଯତୋ ଯେନ ଯୁଷ୍ମାଭିଃ ଖ୍ରୀଷ୍ଟେ କେୱଲୱିଶ୍ୱାସଃ କ୍ରିଯତେ ତନ୍ନହି କିନ୍ତୁ ତସ୍ୟ କୃତେ କ୍ଲେଶୋଽପି ସହ୍ୟତେ ତାଦୃଶୋ ୱରଃ ଖ୍ରୀଷ୍ଟସ୍ୟାନୁରୋଧାଦ୍ ଯୁଷ୍ମାଭିଃ ପ୍ରାପି,
32011e00fd	ତସ୍ମାତ୍ ମମ ଯାଦୃଶଂ ଯୁଦ୍ଧଂ ଯୁଷ୍ମାଭିରଦର୍ଶି ସାମ୍ପ୍ରତଂ ଶ୍ରୂଯତେ ଚ ତାଦୃଶଂ ଯୁଦ୍ଧଂ ଯୁଷ୍ମାକମ୍ ଅପି ଭୱତି|
3202010180	ଖ୍ରୀଷ୍ଟାଦ୍ ଯଦି କିମପି ସାନ୍ତ୍ୱନଂ କଶ୍ଚିତ୍ ପ୍ରେମଜାତୋ ହର୍ଷଃ କିଞ୍ଚିଦ୍ ଆତ୍ମନଃ ସମଭାଗିତ୍ୱଂ କାଚିଦ୍ ଅନୁକମ୍ପା କୃପା ୱା ଜାଯତେ ତର୍ହି ଯୂଯଂ ମମାହ୍ଲାଦଂ ପୂରଯନ୍ତ
320202006b	ଏକଭାୱା ଏକପ୍ରେମାଣ ଏକମନସ ଏକଚେଷ୍ଟାଶ୍ଚ ଭୱତ|
32020300e9	ୱିରୋଧାଦ୍ ଦର୍ପାଦ୍ ୱା କିମପି ମା କୁରୁତ କିନ୍ତୁ ନମ୍ରତଯା ସ୍ୱେଭ୍ୟୋଽପରାନ୍ ୱିଶିଷ୍ଟାନ୍ ମନ୍ୟଧ୍ୱଂ|
320204008d	କେୱଲମ୍ ଆତ୍ମହିତାଯ ନ ଚେଷ୍ଟମାନାଃ ପରହିତାଯାପି ଚେଷ୍ଟଧ୍ୱଂ|
32020500a1	ଖ୍ରୀଷ୍ଟସ୍ୟ ଯୀଶୋ ର୍ୟାଦୃଶଃ ସ୍ୱଭାୱୋ ଯୁଷ୍ମାକମ୍ ଅପି ତାଦୃଶୋ ଭୱତୁ|
32020600a6	ସ ଈଶ୍ୱରରୂପୀ ସନ୍ ସ୍ୱକୀଯାମ୍ ଈଶ୍ୱରତୁଲ୍ୟତାଂ ଶ୍ଲାଘାସ୍ପଦଂ ନାମନ୍ୟତ,
3202070093	କିନ୍ତୁ ସ୍ୱଂ ଶୂନ୍ୟଂ କୃତ୍ୱା ଦାସରୂପୀ ବଭୂୱ ନରାକୃତିଂ ଲେଭେ ଚ|
3202080114	ଇତ୍ଥଂ ନରମୂର୍ତ୍ତିମ୍ ଆଶ୍ରିତ୍ୟ ନମ୍ରତାଂ ସ୍ୱୀକୃତ୍ୟ ମୃତ୍ୟୋରର୍ଥତଃ କ୍ରୁଶୀଯମୃତ୍ୟୋରେୱ ଭୋଗାଯାଜ୍ଞାଗ୍ରାହୀ ବଭୂୱ|
3202090100	ତତ୍କାରଣାଦ୍ ଈଶ୍ୱରୋଽପି ତଂ ସର୍ୱ୍ୱୋନ୍ନତଂ ଚକାର ଯଚ୍ଚ ନାମ ସର୍ୱ୍ୱେଷାଂ ନାମ୍ନାଂ ଶ୍ରେଷ୍ଠଂ ତଦେୱ ତସ୍ମୈ ଦଦୌ,
32020a00d8	ତତସ୍ତସ୍ମୈ ଯୀଶୁନାମ୍ନେ ସ୍ୱର୍ଗମର୍ତ୍ୟପାତାଲସ୍ଥିତୈଃ ସର୍ୱ୍ୱୈ ର୍ଜାନୁପାତଃ କର୍ତ୍ତୱ୍ୟଃ,
32020b00cd	ତାତସ୍ଥେଶ୍ୱରସ୍ୟ ମହିମ୍ନେ ଚ ଯୀଶୁଖ୍ରୀଷ୍ଟଃ ପ୍ରଭୁରିତି ଜିହ୍ୱାଭିଃ ସ୍ୱୀକର୍ତ୍ତୱ୍ୟଂ|
32020c0206	ଅତୋ ହେ ପ୍ରିଯତମାଃ, ଯୁଷ୍ମାଭି ର୍ୟଦ୍ୱତ୍ ସର୍ୱ୍ୱଦା କ୍ରିଯତେ ତଦ୍ୱତ୍ କେୱଲେ ମମୋପସ୍ଥିତିକାଲେ ତନ୍ନହି କିନ୍ତ୍ୱିଦାନୀମ୍ ଅନୁପସ୍ଥିତେଽପି ମଯି ବହୁତରଯତ୍ନେନାଜ୍ଞାଂ ଗୃହୀତ୍ୱା ଭଯକମ୍ପାଭ୍ୟାଂ ସ୍ୱସ୍ୱପରିତ୍ରାଣଂ ସାଧ୍ୟତାଂ|
32020d00d4	ଯତ ଈଶ୍ୱର ଏୱ ସ୍ୱକୀଯାନୁରୋଧାଦ୍ ଯୁଷ୍ମନ୍ମଧ୍ୟେ ମନସ୍କାମନାଂ କର୍ମ୍ମସିଦ୍ଧିଞ୍ଚ ୱିଦଧାତି|
32020e00a3	ଯୂଯଂ କଲହୱିୱାଦର୍ୱିଜତମ୍ ଆଚାରଂ କୁର୍ୱ୍ୱନ୍ତୋଽନିନ୍ଦନୀଯା ଅକୁଟିଲା
32020f00e6	ଈଶ୍ୱରସ୍ୟ ନିଷ୍କଲଙ୍କାଶ୍ଚ ସନ୍ତାନାଇୱ ୱକ୍ରଭାୱାନାଂ କୁଟିଲାଚାରିଣାଞ୍ଚ ଲୋକାନାଂ ମଧ୍ୟେ ତିଷ୍ଠତ,
32021001cc	ଯତସ୍ତେଷାଂ ମଧ୍ୟେ ଯୂଯଂ ଜୀୱନୱାକ୍ୟଂ ଧାରଯନ୍ତୋ ଜଗତୋ ଦୀପକା ଇୱ ଦୀପ୍ୟଧ୍ୱେ| ଯୁଷ୍ମାଭିସ୍ତଥା କୃତେ ମମ ଯତ୍ନଃ ପରିଶ୍ରମୋ ୱା ନ ନିଷ୍ଫଲୋ ଜାତ ଇତ୍ୟହଂ ଖ୍ରୀଷ୍ଟସ୍ୟ ଦିନେ ଶ୍ଲାଘାଂ କର୍ତ୍ତୁଂ ଶକ୍ଷ୍ୟାମି|
3202110168	ଯୁଷ୍ମାକଂ ୱିଶ୍ୱାସାର୍ଥକାଯ ବଲିଦାନାଯ ସେୱନାଯ ଚ ଯଦ୍ୟପ୍ୟହଂ ନିୱେଦିତୱ୍ୟୋ ଭୱେଯଂ ତଥାପି ତେନାନନ୍ଦାମି ସର୍ୱ୍ୱେଷାଂ ଯୁଷ୍ମାକମ୍ ଆନନ୍ଦସ୍ୟାଂଶୀ ଭୱାମି ଚ|
3202120080	ତଦ୍ୱଦ୍ ଯୂଯମପ୍ୟାନନ୍ଦତ ମଦୀଯାନନ୍ଦସ୍ୟାଂଶିନୋ ଭୱତ ଚ|
3202130179	ଯୁଷ୍ମାକମ୍ ଅୱସ୍ଥାମ୍ ଅୱଗତ୍ୟାହମପି ଯତ୍ ସାନ୍ତ୍ୱନାଂ ପ୍ରାପ୍ନୁଯାଂ ତଦର୍ଥଂ ତୀମଥିଯଂ ତ୍ୱରଯା ଯୁଷ୍ମତ୍ସମୀପଂ ପ୍ରେଷଯିଷ୍ୟାମୀତି ପ୍ରଭୌ ପ୍ରତ୍ୟାଶାଂ କୁର୍ୱ୍ୱେ|
32021400e6	ଯଃ ସତ୍ୟରୂପେଣ ଯୁଷ୍ମାକଂ ହିତଂ ଚିନ୍ତଯତି ତାଦୃଶ ଏକଭାୱସ୍ତସ୍ମାଦନ୍ୟଃ କୋଽପି ମମ ସନ୍ନିଧୌ ନାସ୍ତି|
32021500d2	ଯତୋଽପରେ ସର୍ୱ୍ୱେ ଯୀଶୋଃ ଖ୍ରୀଷ୍ଟସ୍ୟ ୱିଷଯାନ୍ ନ ଚିନ୍ତଯନ୍ତ ଆତ୍ମୱିଷଯାନ୍ ଚିନ୍ତଯନ୍ତି|
3202160159	କିନ୍ତୁ ତସ୍ୟ ପରୀକ୍ଷିତତ୍ୱଂ ଯୁଷ୍ମାଭି ର୍ଜ୍ଞାଯତେ ଯତଃ ପୁତ୍ରୋ ଯାଦୃକ୍ ପିତୁଃ ସହକାରୀ ଭୱତି ତଥୈୱ ସୁସଂୱାଦସ୍ୟ ପରିଚର୍ୟ୍ୟାଯାଂ ସ ମମ ସହକାରୀ ଜାତଃ|
32021700c8	ଅତଏୱ ମମ ଭାୱିଦଶାଂ ଜ୍ଞାତ୍ୱା ତତ୍କ୍ଷଣାତ୍ ତମେୱ ପ୍ରେଷଯିତୁଂ ପ୍ରତ୍ୟାଶାଂ କୁର୍ୱ୍ୱେ
32021800bb	ସ୍ୱଯମ୍ ଅହମପି ତୂର୍ଣଂ ଯୁଷ୍ମତ୍ସମୀପଂ ଗମିଷ୍ୟାମୀତ୍ୟାଶାଂ ପ୍ରଭୁନା କୁର୍ୱ୍ୱେ|
320219018e	ଅପରଂ ଯ ଇପାଫ୍ରଦୀତୋ ମମ ଭ୍ରାତା କର୍ମ୍ମଯୁଦ୍ଧାଭ୍ୟାଂ ମମ ସହାଯଶ୍ଚ ଯୁଷ୍ମାକଂ ଦୂତୋ ମଦୀଯୋପକାରାଯ ପ୍ରତିନିଧିଶ୍ଚାସ୍ତି ଯୁଷ୍ମତ୍ସମୀପେ ତସ୍ୟ ପ୍ରେଷଣମ୍ ଆୱଶ୍ୟକମ୍ ଅମନ୍ୟେ|
32021a010c	ଯତଃ ସ ଯୁଷ୍ମାନ୍ ସର୍ୱ୍ୱାନ୍ ଅକାଙ୍କ୍ଷତ ଯୁଷ୍ମାଭିସ୍ତସ୍ୟ ରୋଗସ୍ୟ ୱାର୍ତ୍ତାଶ୍ରାୱୀତି ବୁଦ୍ଧ୍ୱା ପର୍ୟ୍ୟଶୋଚଚ୍ଚ|
32021b0170	ସ ପୀଡଯା ମୃତକଲ୍ପୋଽଭୱଦିତି ସତ୍ୟଂ କିନ୍ତ୍ୱୀଶ୍ୱରସ୍ତଂ ଦଯିତୱାନ୍ ମମ ଚ ଦୁଃଖାତ୍ ପରଂ ପୁନର୍ଦୁଃଖଂ ଯନ୍ନ ଭୱେତ୍ ତଦର୍ଥଂ କେୱଲଂ ତଂ ନ ଦଯିତ୍ୱା ମାମପି ଦଯିତୱାନ୍|
32021c010c	ଅତଏୱ ଯୂଯଂ ତଂ ୱିଲୋକ୍ୟ ଯତ୍ ପୁନରାନନ୍ଦେତ ମମାପି ଦୁଃଖସ୍ୟ ହ୍ରାସୋ ଯଦ୍ ଭୱେତ୍ ତଦର୍ଥମ୍ ଅହଂ ତ୍ୱରଯା ତମ୍ ଅପ୍ରେଷଯଂ|
32021d00ee	ଅତୋ ଯୂଯଂ ପ୍ରଭୋଃ କୃତେ ସମ୍ପୂର୍ଣେନାନନ୍ଦେନ ତଂ ଗୃହ୍ଲୀତ ତାଦୃଶାନ୍ ଲୋକାଂଶ୍ଚାଦରଣୀଯାନ୍ ମନ୍ୟଧ୍ୱଂ|
32021e010e	ଯତୋ ମମ ସେୱନେ ଯୁଷ୍ମାକଂ ତ୍ରୁଟିଂ ପୂରଯିତୁଂ ସ ପ୍ରାଣାନ୍ ପଣୀକୃତ୍ୟ ଖ୍ରୀଷ୍ଟସ୍ୟ କାର୍ୟ୍ୟାର୍ଥଂ ମୃତପ୍ରାଯେଽଭୱତ୍|
3203010126	ହେ ଭ୍ରାତରଃ, ଶେଷେ ୱଦାମି ଯୂଯଂ ପ୍ରଭାୱାନନ୍ଦତ| ପୁନଃ ପୁନରେକସ୍ୟ ୱଚୋ ଲେଖନଂ ମମ କ୍ଲେଶଦଂ ନହି ଯୁଷ୍ମଦର୍ଥଞ୍ଚ ଭ୍ରମନାଶକଂ ଭୱତି|
3203020110	ଯୂଯଂ କୁକ୍କୁରେଭ୍ୟଃ ସାୱଧାନା ଭୱତ ଦୁଷ୍କର୍ମ୍ମକାରିଭ୍ୟଃ ସାୱଧାନା ଭୱତ ଛିନ୍ନମୂଲେଭ୍ୟୋ ଲୋକେଭ୍ୟଶ୍ଚ ସାୱଧାନା ଭୱତ|
3203030132	ୱଯମେୱ ଛିନ୍ନତ୍ୱଚୋ ଲୋକା ଯତୋ ୱଯମ୍ ଆତ୍ମନେଶ୍ୱରଂ ସେୱାମହେ ଖ୍ରୀଷ୍ଟେନ ଯୀଶୁନା ଶ୍ଲାଘାମହେ ଶରୀରେଣ ଚ ପ୍ରଗଲ୍ଭତାଂ ନ କୁର୍ୱ୍ୱାମହେ|
3203040179	କିନ୍ତୁ ଶରୀରେ ମମ ପ୍ରଗଲ୍ଭତାଯାଃ କାରଣଂ ୱିଦ୍ୟତେ, କଶ୍ଚିଦ୍ ଯଦି ଶରୀରେଣ ପ୍ରଗଲ୍ଭତାଂ ଚିକୀର୍ଷତି ତର୍ହି ତସ୍ମାଦ୍ ଅପି ମମ ପ୍ରଗଲ୍ଭତାଯା ଗୁରୁତରଂ କାରଣଂ ୱିଦ୍ୟତେ|
3203050131	ଯତୋଽହମ୍ ଅଷ୍ଟମଦିୱସେ ତ୍ୱକ୍ଛେଦପ୍ରାପ୍ତ ଇସ୍ରାଯେଲ୍ୱଂଶୀଯୋ ବିନ୍ୟାମୀନଗୋଷ୍ଠୀଯ ଇବ୍ରିକୁଲଜାତ ଇବ୍ରିଯୋ ୱ୍ୟୱସ୍ଥାଚରଣେ ଫିରୂଶୀ
32030600cf	ଧର୍ମ୍ମୋତ୍ସାହକାରଣାତ୍ ସମିତେରୁପଦ୍ରୱକାରୀ ୱ୍ୟୱସ୍ଥାତୋ ଲଭ୍ୟେ ପୁଣ୍ୟେ ଚାନିନ୍ଦନୀଯଃ|
32030700e0	କିନ୍ତୁ ମମ ଯଦ୍ୟତ୍ ଲଭ୍ୟମ୍ ଆସୀତ୍ ତତ୍ ସର୍ୱ୍ୱମ୍ ଅହଂ ଖ୍ରୀଷ୍ଟସ୍ୟାନୁରୋଧାତ୍ କ୍ଷତିମ୍ ଅମନ୍ୟେ|
3203080112	କିଞ୍ଚାଧୁନାପ୍ୟହଂ ମତ୍ପ୍ରଭୋଃ ଖ୍ରୀଷ୍ଟସ୍ୟ ଯୀଶୋ ର୍ଜ୍ଞାନସ୍ୟୋତ୍କୃଷ୍ଟତାଂ ବୁଦ୍ଧ୍ୱା ତତ୍ ସର୍ୱ୍ୱଂ କ୍ଷତିଂ ମନ୍ୟେ|
32030902c4	ଯତୋ ହେତୋରହଂ ଯତ୍ ଖ୍ରୀଷ୍ଟଂ ଲଭେଯ ୱ୍ୟୱସ୍ଥାତୋ ଜାତଂ ସ୍ୱକୀଯପୁଣ୍ୟଞ୍ଚ ନ ଧାରଯନ୍ କିନ୍ତୁ ଖ୍ରୀଷ୍ଟେ ୱିଶ୍ୱସନାତ୍ ଲଭ୍ୟଂ ଯତ୍ ପୁଣ୍ୟମ୍ ଈଶ୍ୱରେଣ ୱିଶ୍ୱାସଂ ଦୃଷ୍ଟ୍ୱା ଦୀଯତେ ତଦେୱ ଧାରଯନ୍ ଯତ୍ ଖ୍ରୀଷ୍ଟେ ୱିଦ୍ୟେଯ ତଦର୍ଥଂ ତସ୍ୟାନୁରୋଧାତ୍ ସର୍ୱ୍ୱେଷାଂ କ୍ଷତିଂ ସ୍ୱୀକୃତ୍ୟ ତାନି ସର୍ୱ୍ୱାଣ୍ୟୱକରାନିୱ ମନ୍ୟେ|
32030a012c	ଯତୋ ହେତୋରହଂ ଖ୍ରୀଷ୍ଟଂ ତସ୍ୟ ପୁନରୁତ୍ଥିତେ ର୍ଗୁଣଂ ତସ୍ୟ ଦୁଃଖାନାଂ ଭାଗିତ୍ୱଞ୍ଚ ଜ୍ଞାତ୍ୱା ତସ୍ୟ ମୃତ୍ୟୋରାକୃତିଞ୍ଚ ଗୃହୀତ୍ୱା
32030b009a	ଯେନ କେନଚିତ୍ ପ୍ରକାରେଣ ମୃତାନାଂ ପୁନରୁତ୍ଥିତିଂ ପ୍ରାପ୍ତୁଂ ଯତେ|
32030c0129	ମଯା ତତ୍ ସର୍ୱ୍ୱମ୍ ଅଧୁନା ପ୍ରାପି ସିଦ୍ଧତା ୱାଲମ୍ଭି ତନ୍ନହି କିନ୍ତୁ ଯଦର୍ଥମ୍ ଅହଂ ଖ୍ରୀଷ୍ଟେନ ଧାରିତସ୍ତଦ୍ ଧାରଯିତୁଂ ଧାୱାମି|
32030d0160	ହେ ଭ୍ରାତରଃ, ମଯା ତଦ୍ ଧାରିତମ୍ ଇତି ନ ମନ୍ୟତେ କିନ୍ତ୍ୱେତଦୈକମାତ୍ରଂ ୱଦାମି ଯାନି ପଶ୍ଚାତ୍ ସ୍ଥିତାନି ତାନି ୱିସ୍ମୃତ୍ୟାହମ୍ ଅଗ୍ରସ୍ଥିତାନ୍ୟୁଦ୍ଦିଶ୍ୟ
32030e011c	ପୂର୍ଣଯତ୍ନେନ ଲକ୍ଷ୍ୟଂ ପ୍ରତି ଧାୱନ୍ ଖ୍ରୀଷ୍ଟଯୀଶୁନୋର୍ଦ୍ଧ୍ୱାତ୍ ମାମ୍ ଆହ୍ୱଯତ ଈଶ୍ୱରାତ୍ ଜେତୃପଣଂ ପ୍ରାପ୍ତୁଂ ଚେଷ୍ଟେ|
32030f018e	ଅସ୍ମାକଂ ମଧ୍ୟେ ଯେ ସିଦ୍ଧାସ୍ତୈଃ ସର୍ୱ୍ୱୈସ୍ତଦେୱ ଭାୱ୍ୟତାଂ, ଯଦି ଚ କଞ୍ଚନ ୱିଷଯମ୍ ଅଧି ଯୁଷ୍ମାକମ୍ ଅପରୋ ଭାୱୋ ଭୱତି ତର୍ହୀଶ୍ୱରସ୍ତମପି ଯୁଷ୍ମାକଂ ପ୍ରତି ପ୍ରକାଶଯିଷ୍ୟତି|
32031000e0	କିନ୍ତୁ ୱଯଂ ଯଦ୍ୟଦ୍ ଅୱଗତା ଆସ୍ମସ୍ତତ୍ରାସ୍ମାଭିରେକୋ ୱିଧିରାଚରିତୱ୍ୟ ଏକଭାୱୈ ର୍ଭୱିତୱ୍ୟଞ୍ଚ|
320311011d	ହେ ଭ୍ରାତରଃ, ଯୂଯଂ ମମାନୁଗାମିନୋ ଭୱତ ୱଯଞ୍ଚ ଯାଦୃଗାଚରଣସ୍ୟ ନିଦର୍ଶନସ୍ୱରୂପା ଭୱାମସ୍ତାଦୃଗାଚାରିଣୋ ଲୋକାନ୍ ଆଲୋକଯଧ୍ୱଂ|
3203120120	ଯତୋଽନେକେ ୱିପଥେ ଚରନ୍ତି ତେ ଚ ଖ୍ରୀଷ୍ଟସ୍ୟ କ୍ରୁଶସ୍ୟ ଶତ୍ରୱ ଇତି ପୁରା ମଯା ପୁନଃ ପୁନଃ କଥିତମ୍ ଅଧୁନାପି ରୁଦତା ମଯା କଥ୍ୟତେ|
32031300c7	ତେଷାଂ ଶେଷଦଶା ସର୍ୱ୍ୱନାଶ ଉଦରଶ୍ଚେଶ୍ୱରୋ ଲଜ୍ଜା ଚ ଶ୍ଲାଘା ପୃଥିୱ୍ୟାଞ୍ଚ ଲଗ୍ନଂ ମନଃ|
320314011e	କିନ୍ତ୍ୱସ୍ମାକଂ ଜନପଦଃ ସ୍ୱର୍ଗେ ୱିଦ୍ୟତେ ତସ୍ମାଚ୍ଚାଗମିଷ୍ୟନ୍ତଂ ତ୍ରାତାରଂ ପ୍ରଭୁଂ ଯୀଶୁଖ୍ରୀଷ୍ଟଂ ୱଯଂ ପ୍ରତୀକ୍ଷାମହେ|
3203150165	ସ ଚ ଯଯା ଶକ୍ତ୍ୟା ସର୍ୱ୍ୱାଣ୍ୟେୱ ସ୍ୱସ୍ୟ ୱଶୀକର୍ତ୍ତୁଂ ପାରଯତି ତଯାସ୍ମାକମ୍ ଅଧମଂ ଶରୀରଂ ରୂପାନ୍ତରୀକୃତ୍ୟ ସ୍ୱକୀଯତେଜୋମଯଶରୀରସ୍ୟ ସମାକାରଂ କରିଷ୍ୟତି|
320401011f	ହେ ମଦୀଯାନନ୍ଦମୁକୁଟସ୍ୱରୂପାଃ ପ୍ରିଯତମା ଅଭୀଷ୍ଟତମା ଭ୍ରାତରଃ, ହେ ମମ ସ୍ନେହପାତ୍ରାଃ, ଯୂଯମ୍ ଇତ୍ଥଂ ପଭୌ ସ୍ଥିରାସ୍ତିଷ୍ଠତ|
32040200b0	ହେ ଇୱଦିଯେ ହେ ସୁନ୍ତୁଖି ଯୁୱାଂ ପ୍ରଭୌ ଏକଭାୱେ ଭୱତମ୍ ଏତଦ୍ ଅହଂ ପ୍ରାର୍ଥଯେ|
320403025f	ହେ ମମ ସତ୍ୟ ସହକାରିନ୍ ତ୍ୱାମପି ୱିନୀଯ ୱଦାମି ଏତଯୋରୁପକାରସ୍ତ୍ୱଯା କ୍ରିଯତାଂ ଯତସ୍ତେ କ୍ଲୀମିନାଦିଭିଃ ସହକାରିଭିଃ ସାର୍ଦ୍ଧଂ ସୁସଂୱାଦପ୍ରଚାରଣାଯ ମମ ସାହାଯ୍ୟାର୍ଥଂ ପରିଶ୍ରମମ୍ ଅକୁର୍ୱ୍ୱତାଂ ତେଷାଂ ସର୍ୱ୍ୱେଷାଂ ନାମାନି ଚ ଜୀୱନପୁସ୍ତକେ ଲିଖିତାନି ୱିଦ୍ୟନ୍ତେ|
3204040089	ଯୂଯଂ ପ୍ରଭୌ ସର୍ୱ୍ୱଦାନନ୍ଦତ| ପୁନ ର୍ୱଦାମି ଯୂଯମ୍ ଆନନ୍ଦତ|
32040500b6	ଯୁଷ୍ମାକଂ ୱିନୀତତ୍ୱଂ ସର୍ୱ୍ୱମାନୱୈ ର୍ଜ୍ଞାଯତାଂ, ପ୍ରଭୁଃ ସନ୍ନିଧୌ ୱିଦ୍ୟତେ|
320406013a	ଯୂଯଂ କିମପି ନ ଚିନ୍ତଯତ କିନ୍ତୁ ଧନ୍ୟୱାଦଯୁକ୍ତାଭ୍ୟାଂ ପ୍ରାର୍ଥନାଯାଞ୍ଚାଭ୍ୟାଂ ସର୍ୱ୍ୱୱିଷଯେ ସ୍ୱପ୍ରାର୍ଥନୀଯମ୍ ଈଶ୍ୱରାଯ ନିୱେଦଯତ|
3204070127	ତଥା କୃତ ଈଶ୍ୱରୀଯା ଯା ଶାନ୍ତିଃ ସର୍ୱ୍ୱାଂ ବୁଦ୍ଧିମ୍ ଅତିଶେତେ ସା ଯୁଷ୍ମାକଂ ଚିତ୍ତାନି ମନାଂସି ଚ ଖ୍ରୀଷ୍ଟେ ଯୀଶୌ ରକ୍ଷିଷ୍ୟତି|
32040801aa	ହେ ଭ୍ରାତରଃ, ଶେଷେ ୱଦାମି ଯଦ୍ୟତ୍ ସତ୍ୟମ୍ ଆଦରଣୀଯଂ ନ୍ୟାଯ୍ୟଂ ସାଧୁ ପ୍ରିଯଂ ସୁଖ୍ୟାତମ୍ ଅନ୍ୟେଣ ଯେନ କେନଚିତ୍ ପ୍ରକାରେଣ ୱା ଗୁଣଯୁକ୍ତଂ ପ୍ରଶଂସନୀଯଂ ୱା ଭୱତି ତତ୍ରୈୱ ମନାଂସି ନିଧଧ୍ୱଂ|
320409015c	ଯୂଯଂ ମାଂ ଦୃଷ୍ଟ୍ୱା ଶ୍ରୁତ୍ୱା ଚ ଯଦ୍ୟତ୍ ଶିକ୍ଷିତୱନ୍ତୋ ଗୃହୀତୱନ୍ତଶ୍ଚ ତଦେୱାଚରତ ତସ୍ମାତ୍ ଶାନ୍ତିଦାଯକ ଈଶ୍ୱରୋ ଯୁଷ୍ମାଭିଃ ସାର୍ଦ୍ଧଂ ସ୍ଥାସ୍ୟତି|
32040a016d	ମମୋପକାରାଯ ଯୁଷ୍ମାକଂ ଯା ଚିନ୍ତା ପୂର୍ୱ୍ୱମ୍ ଆସୀତ୍ କିନ୍ତୁ କର୍ମ୍ମଦ୍ୱାରଂ ନ ପ୍ରାପ୍ନୋତ୍ ଇଦାନୀଂ ସା ପୁନରଫଲତ୍ ଇତ୍ୟସ୍ମିନ୍ ପ୍ରଭୌ ମମ ପରମାହ୍ଲାଦୋଽଜାଯତ|
32040b0102	ଅହଂ ଯଦ୍ ଦୈନ୍ୟକାରଣାଦ୍ ଇଦଂ ୱଦାମି ତନ୍ନହି ଯତୋ ମମ ଯା କାଚିଦ୍ ଅୱସ୍ଥା ଭୱେତ୍ ତସ୍ୟାଂ ସନ୍ତୋଷ୍ଟୁମ୍ ଅଶିକ୍ଷଯଂ|
32040c0173	ଦରିଦ୍ରତାଂ ଭୋକ୍ତୁଂ ଶକ୍ନୋମି ଧନାଢ୍ୟତାମ୍ ଅପି ଭୋକ୍ତୁଂ ଶକ୍ନୋମି ସର୍ୱ୍ୱଥା ସର୍ୱ୍ୱୱିଷଯେଷୁ ୱିନୀତୋଽହଂ ପ୍ରଚୁରତାଂ କ୍ଷୁଧାଞ୍ଚ ଧନଂ ଦୈନ୍ୟଞ୍ଚାୱଗତୋଽସ୍ମି|
32040d0088	ମମ ଶକ୍ତିଦାଯକେନ ଖ୍ରୀଷ୍ଟେନ ସର୍ୱ୍ୱମେୱ ମଯା ଶକ୍ୟଂ ଭୱତି|
32040e00a8	କିନ୍ତୁ ଯୁଷ୍ମାଭି ର୍ଦୈନ୍ୟନିୱାରଣାଯ ମାମ୍ ଉପକୃତ୍ୟ ସତ୍କର୍ମ୍ମାକାରି|
32040f01cc	ହେ ଫିଲିପୀଯଲୋକାଃ, ସୁସଂୱାଦସ୍ୟୋଦଯକାଲେ ଯଦାହଂ ମାକିଦନିଯାଦେଶାତ୍ ପ୍ରତିଷ୍ଠେ ତଦା କେୱଲାନ୍ ଯୁଷ୍ମାନ୍ ୱିନାପରଯା କଯାପି ସମିତ୍ୟା ସହ ଦାନାଦାନଯୋ ର୍ମମ କୋଽପି ସମ୍ବନ୍ଧୋ ନାସୀଦ୍ ଇତି ଯୂଯମପି ଜାନୀଥ|
32041000d3	ଯତୋ ଯୁଷ୍ମାଭି ର୍ମମ ପ୍ରଯୋଜନାଯ ଥିଷଲନୀକୀନଗରମପି ମାଂ ପ୍ରତି ପୁନଃ ପୁନର୍ଦାନଂ ପ୍ରେଷିତଂ|
32041100ac	ଅହଂ ଯଦ୍ ଦାନଂ ମୃଗଯେ ତନ୍ନହି କିନ୍ତୁ ଯୁଷ୍ମାକଂ ଲାଭୱର୍ଦ୍ଧକଂ ଫଲଂ ମୃଗଯେ|
32041201be	କିନ୍ତୁ ମମ କସ୍ୟାପ୍ୟଭାୱୋ ନାସ୍ତି ସର୍ୱ୍ୱଂ ପ୍ରଚୁରମ୍ ଆସ୍ତେ ଯତ ଈଶ୍ୱରସ୍ୟ ଗ୍ରାହ୍ୟଂ ତୁଷ୍ଟିଜନକଂ ସୁଗନ୍ଧିନୈୱେଦ୍ୟସ୍ୱରୂପଂ ଯୁଷ୍ମାକଂ ଦାନଂ ଇପାଫ୍ରଦିତାଦ୍ ଗୃହୀତ୍ୱାହଂ ପରିତୃପ୍ତୋଽସ୍ମି|
320413010e	ମମେଶ୍ୱରୋଽପି ଖ୍ରୀଷ୍ଟେନ ଯୀଶୁନା ସ୍ୱକୀଯୱିଭୱନିଧିତଃ ପ୍ରଯୋଜନୀଯଂ ସର୍ୱ୍ୱୱିଷଯଂ ପୂର୍ଣରୂପଂ ଯୁଷ୍ମଭ୍ୟଂ ଦେଯାତ୍|
32041400a0	ଅସ୍ମାକଂ ପିତୁରୀଶ୍ୱରସ୍ୟ ଧନ୍ୟୱାଦୋଽନନ୍ତକାଲଂ ଯାୱଦ୍ ଭୱତୁ| ଆମେନ୍|
32041500ed	ଯୂଯଂ ଯୀଶୁଖ୍ରୀଷ୍ଟସ୍ୟୈକୈକଂ ପୱିତ୍ରଜନଂ ନମସ୍କୁରୁତ| ମମ ସଙ୍ଗିଭ୍ରାତରୋ ଯୂଷ୍ମାନ୍ ନମସ୍କୁର୍ୱ୍ୱତେ|
32041600b5	ସର୍ୱ୍ୱେ ପୱିତ୍ରଲୋକା ୱିଶେଷତଃ କୈସରସ୍ୟ ପରିଜନା ଯୁଷ୍ମାନ୍ ନମସ୍କୁର୍ୱ୍ୱତେ|
32041700d6	ଅସ୍ମାକଂ ପ୍ରଭୋ ର୍ୟୀଶୁଖ୍ରୀଷ୍ଟସ୍ୟ ପ୍ରସାଦଃ ସର୍ୱ୍ୱାନ୍ ଯୁଷ୍ମାନ୍ ପ୍ରତି ଭୂଯାତ୍| ଆମେନ୍|
3300000012	କଲସିନଃ
3301010181	ଈଶ୍ୱରସ୍ୟେଚ୍ଛଯା ଯୀଶୁଖ୍ରୀଷ୍ଟସ୍ୟ ପ୍ରେରିତଃ ପୌଲସ୍ତୀମଥିଯୋ ଭ୍ରାତା ଚ କଲସୀନଗରସ୍ଥାନ୍ ପୱିତ୍ରାନ୍ ୱିଶ୍ୱସ୍ତାନ୍ ଖ୍ରୀଷ୍ଟାଶ୍ରିତଭ୍ରାତୃନ୍ ପ୍ରତି ପତ୍ରଂ ଲିଖତଃ|
33010200f1	ଅସ୍ମାକଂ ତାତ ଈଶ୍ୱରଃ ପ୍ରଭୁ ର୍ୟୀଶୁଖ୍ରୀଷ୍ଟଶ୍ଚ ଯୁଷ୍ମାନ୍ ପ୍ରତି ପ୍ରସାଦଂ ଶାନ୍ତିଞ୍ଚ କ୍ରିଯାସ୍ତାଂ|
3301030102	ଖ୍ରୀଷ୍ଟେ ଯୀଶୌ ଯୁଷ୍ମାକଂ ୱିଶ୍ୱାସସ୍ୟ ସର୍ୱ୍ୱାନ୍ ପୱିତ୍ରଲୋକାନ୍ ପ୍ରତି ପ୍ରେମ୍ନଶ୍ଚ ୱାର୍ତ୍ତାଂ ଶ୍ରୁତ୍ୱା
3301040187	ୱଯଂ ସଦା ଯୁଷ୍ମଦର୍ଥଂ ପ୍ରାର୍ଥନାଂ କୁର୍ୱ୍ୱନ୍ତଃ ସ୍ୱର୍ଗେ ନିହିତାଯା ଯୁଷ୍ମାକଂ ଭାୱିସମ୍ପଦଃ କାରଣାତ୍ ସ୍ୱକୀଯପ୍ରଭୋ ର୍ୟୀଶୁଖ୍ରୀଷ୍ଟସ୍ୟ ତାତମ୍ ଈଶ୍ୱରଂ ଧନ୍ୟଂ ୱଦାମଃ|
33010500ca	ଯୂଯଂ ତସ୍ୟା ଭାୱିସମ୍ପଦୋ ୱାର୍ତ୍ତାଂ ଯଯା ସୁସଂୱାଦରୂପିଣ୍ୟା ସତ୍ୟୱାଣ୍ୟା ଜ୍ଞାପିତାଃ
33010601fc	ସା ଯଦ୍ୱତ୍ କୃସ୍ନଂ ଜଗଦ୍ ଅଭିଗଚ୍ଛତି ତଦ୍ୱଦ୍ ଯୁଷ୍ମାନ୍ ଅପ୍ୟଭ୍ୟଗମତ୍, ଯୂଯଞ୍ଚ ଯଦ୍ ଦିନମ୍ ଆରଭ୍ୟେଶ୍ୱରସ୍ୟାନୁଗ୍ରହସ୍ୟ ୱାର୍ତ୍ତାଂ ଶ୍ରୁତ୍ୱା ସତ୍ୟରୂପେଣ ଜ୍ଞାତୱନ୍ତସ୍ତଦାରଭ୍ୟ ଯୁଷ୍ମାକଂ ମଧ୍ୟେଽପି ଫଲତି ୱର୍ଦ୍ଧତେ ଚ|
33010700ee	ଅସ୍ମାକଂ ପ୍ରିଯଃ ସହଦାସୋ ଯୁଷ୍ମାକଂ କୃତେ ଚ ଖ୍ରୀଷ୍ଟସ୍ୟ ୱିଶ୍ୱସ୍ତପରିଚାରକୋ ଯ ଇପଫ୍ରାସ୍ତଦ୍ ୱାକ୍ୟଂ
33010800c6	ଯୁଷ୍ମାନ୍ ଆଦିଷ୍ଟୱାନ୍ ସ ଏୱାସ୍ମାନ୍ ଆତ୍ମନା ଜନିତଂ ଯୁଷ୍ମାକଂ ପ୍ରେମ ଜ୍ଞାପିତୱାନ୍|
3301090202	ୱଯଂ ଯଦ୍ ଦିନମ୍ ଆରଭ୍ୟ ତାଂ ୱାର୍ତ୍ତାଂ ଶ୍ରୁତୱନ୍ତସ୍ତଦାରଭ୍ୟ ନିରନ୍ତରଂ ଯୁଷ୍ମାକଂ କୃତେ ପ୍ରାର୍ଥନାଂ କୁର୍ମ୍ମଃ ଫଲତୋ ଯୂଯଂ ଯତ୍ ପୂର୍ଣାଭ୍ୟାମ୍ ଆତ୍ମିକଜ୍ଞାନୱୁଦ୍ଧିଭ୍ୟାମ୍ ଈଶ୍ୱରସ୍ୟାଭିତମଂ ସମ୍ପୂର୍ଣରୂପେଣାୱଗଚ୍ଛେତ,
33010a0136	ପ୍ରଭୋ ର୍ୟୋଗ୍ୟଂ ସର୍ୱ୍ୱଥା ସନ୍ତୋଷଜନକଞ୍ଚାଚାରଂ କୁର୍ୟ୍ୟାତାର୍ଥତ ଈଶ୍ୱରଜ୍ଞାନେ ୱର୍ଦ୍ଧମାନାଃ ସର୍ୱ୍ୱସତ୍କର୍ମ୍ମରୂପଂ ଫଲଂ ଫଲେତ,
33010b0158	ଯଥା ଚେଶ୍ୱରସ୍ୟ ମହିମଯୁକ୍ତଯା ଶକ୍ତ୍ୟା ସାନନ୍ଦେନ ପୂର୍ଣାଂ ସହିଷ୍ଣୁତାଂ ତିତିକ୍ଷାଞ୍ଚାଚରିତୁଂ ଶକ୍ଷ୍ୟଥ ତାଦୃଶେନ ପୂର୍ଣବଲେନ ଯଦ୍ ବଲୱନ୍ତୋ ଭୱେତ,
33010c013d	ଯଶ୍ଚ ପିତା ତେଜୋୱାସିନାଂ ପୱିତ୍ରଲୋକାନାମ୍ ଅଧିକାରସ୍ୟାଂଶିତ୍ୱାଯାସ୍ମାନ୍ ଯୋଗ୍ୟାନ୍ କୃତୱାନ୍ ତଂ ଯଦ୍ ଧନ୍ୟଂ ୱଦେତ ୱରମ୍ ଏନଂ ଯାଚାମହେ|
33010d00f9	ଯତଃ ସୋଽସ୍ମାନ୍ ତିମିରସ୍ୟ କର୍ତ୍ତୃତ୍ୱାଦ୍ ଉଦ୍ଧୃତ୍ୟ ସ୍ୱକୀଯସ୍ୟ ପ୍ରିଯପୁତ୍ରସ୍ୟ ରାଜ୍ୟେ ସ୍ଥାପିତୱାନ୍|
33010e00a9	ତସ୍ମାତ୍ ପୁତ୍ରାଦ୍ ୱଯଂ ପରିତ୍ରାଣମ୍ ଅର୍ଥତଃ ପାପମୋଚନଂ ପ୍ରାପ୍ତୱନ୍ତଃ|
33010f00ba	ସ ଚାଦୃଶ୍ୟସ୍ୟେଶ୍ୱରସ୍ୟ ପ୍ରତିମୂର୍ତିଃ କୃତ୍ସ୍ନାଯାଃ ସୃଷ୍ଟେରାଦିକର୍ତ୍ତା ଚ|
3301100166	ଯତଃ ସର୍ୱ୍ୱମେୱ ତେନ ସସୃଜେ ସିଂହାସନରାଜତ୍ୱପରାକ୍ରମାଦୀନି ସ୍ୱର୍ଗମର୍ତ୍ତ୍ୟସ୍ଥିତାନି ଦୃଶ୍ୟାଦୃଶ୍ୟାନି ୱସ୍ତୂନି ସର୍ୱ୍ୱାଣି ତେନୈୱ ତସ୍ମୈ ଚ ସସୃଜିରେ|
330111007a	ସ ସର୍ୱ୍ୱେଷାମ୍ ଆଦିଃ ସର୍ୱ୍ୱେଷାଂ ସ୍ଥିତିକାରକଶ୍ଚ|
3301120149	ସ ଏୱ ସମିତିରୂପାଯାସ୍ତନୋ ର୍ମୂର୍ଦ୍ଧା କିଞ୍ଚ ସର୍ୱ୍ୱୱିଷଯେ ସ ଯଦ୍ ଅଗ୍ରିଯୋ ଭୱେତ୍ ତଦର୍ଥଂ ସ ଏୱ ମୃତାନାଂ ମଧ୍ୟାତ୍ ପ୍ରଥମତ ଉତ୍ଥିତୋଽଗ୍ରଶ୍ଚ|
330113007c	ଯତ ଈଶ୍ୱରସ୍ୟ କୃତ୍ସ୍ନଂ ପୂର୍ଣତ୍ୱଂ ତମେୱାୱାସଯିତୁଂ
3301140144	କ୍ରୁଶେ ପାତିତେନ ତସ୍ୟ ରକ୍ତେନ ସନ୍ଧିଂ ୱିଧାଯ ତେନୈୱ ସ୍ୱର୍ଗମର୍ତ୍ତ୍ୟସ୍ଥିତାନି ସର୍ୱ୍ୱାଣି ସ୍ୱେନ ସହ ସନ୍ଧାପଯିତୁଞ୍ଚେଶ୍ୱରେଣାଭିଲେଷେ|
3301150177	ପୂର୍ୱ୍ୱଂ ଦୂରସ୍ଥା ଦୁଷ୍କ୍ରିଯାରତମନସ୍କତ୍ୱାତ୍ ତସ୍ୟ ରିପୱଶ୍ଚାସ୍ତ ଯେ ଯୂଯଂ ତାନ୍ ଯୁଷ୍ମାନ୍ ଅପି ସ ଇଦାନୀଂ ତସ୍ୟ ମାଂସଲଶରୀରେ ମରଣେନ ସ୍ୱେନ ସହ ସନ୍ଧାପିତୱାନ୍|
33011600e7	ଯତଃ ସ ସ୍ୱସମ୍ମୁଖେ ପୱିତ୍ରାନ୍ ନିଷ୍କଲଙ୍କାନ୍ ଅନିନ୍ଦନୀଯାଂଶ୍ଚ ଯୁଷ୍ମାନ୍ ସ୍ଥାପଯିତୁମ୍ ଇଚ୍ଛତି|
330117021c	କିନ୍ତ୍ୱେତଦର୍ଥଂ ଯୁଷ୍ମାଭି ର୍ବଦ୍ଧମୂଲୈଃ ସୁସ୍ଥିରୈଶ୍ଚ ଭୱିତୱ୍ୟମ୍, ଆକାଶମଣ୍ଡଲସ୍ୟାଧଃସ୍ଥିତାନାଂ ସର୍ୱ୍ୱଲୋକାନାଂ ମଧ୍ୟେ ଚ ଘୁଷ୍ୟମାଣୋ ଯଃ ସୁସଂୱାଦୋ ଯୁଷ୍ମାଭିରଶ୍ରାୱି ତଜ୍ଜାତାଯାଂ ପ୍ରତ୍ୟାଶାଯାଂ ଯୁଷ୍ମାଭିରଚଲୈ ର୍ଭୱିତୱ୍ୟଂ|
33011801cb	ତସ୍ୟ ସୁସଂୱାଦସ୍ୟୈକଃ ପରିଚାରକୋ ଯୋଽହଂ ପୌଲଃ ସୋଽହମ୍ ଇଦାନୀମ୍ ଆନନ୍ଦେନ ଯୁଷ୍ମଦର୍ଥଂ ଦୁଃଖାନି ସହେ ଖ୍ରୀଷ୍ଟସ୍ୟ କ୍ଲେଶଭୋଗସ୍ୟ ଯୋଂଶୋଽପୂର୍ଣସ୍ତମେୱ ତସ୍ୟ ତନୋଃ ସମିତେଃ କୃତେ ସ୍ୱଶରୀରେ ପୂରଯାମି ଚ|
330119013f	ଯତ ଈଶ୍ୱରସ୍ୟ ମନ୍ତ୍ରଣଯା ଯୁଷ୍ମଦର୍ଥମ୍ ଈଶ୍ୱରୀଯୱାକ୍ୟସ୍ୟ ପ୍ରଚାରସ୍ୟ ଭାରୋ ମଯି ସମପିତସ୍ତସ୍ମାଦ୍ ଅହଂ ତସ୍ୟାଃ ସମିତେଃ ପରିଚାରକୋଽଭୱଂ|
33011a015a	ତତ୍ ନିଗୂଢଂ ୱାକ୍ୟଂ ପୂର୍ୱ୍ୱଯୁଗେଷୁ ପୂର୍ୱ୍ୱପୁରୁଷେଭ୍ୟଃ ପ୍ରଚ୍ଛନ୍ନମ୍ ଆସୀତ୍ କିନ୍ତ୍ୱିଦାନୀଂ ତସ୍ୟ ପୱିତ୍ରଲୋକାନାଂ ସନ୍ନିଧୌ ତେନ ପ୍ରାକାଶ୍ୟତ|
33011b01c7	ଯତୋ ଭିନ୍ନଜାତୀଯାନାଂ ମଧ୍ୟେ ତତ୍ ନିଗୂଢୱାକ୍ୟଂ କୀଦୃଗ୍ଗୌରୱନିଧିସମ୍ବଲିତଂ ତତ୍ ପୱିତ୍ରଲୋକାନ୍ ଜ୍ଞାପଯିତୁମ୍ ଈଶ୍ୱରୋଽଭ୍ୟଲଷତ୍| ଯୁଷ୍ମନ୍ମଧ୍ୟୱର୍ତ୍ତୀ ଖ୍ରୀଷ୍ଟ ଏୱ ସ ନିଧି ର୍ଗୈରୱାଶାଭୂମିଶ୍ଚ|
33011c0173	ତସ୍ମାଦ୍ ୱଯଂ ତମେୱ ଘୋଷଯନ୍ତୋ ଯଦ୍ ଏକୈକଂ ମାନୱଂ ସିଦ୍ଧୀଭୂତଂ ଖ୍ରୀଷ୍ଟେ ସ୍ଥାପଯେମ ତଦର୍ଥମେକୈକଂ ମାନୱଂ ପ୍ରବୋଧଯାମଃ ପୂର୍ଣଜ୍ଞାନେନ ଚୈକୈକଂ ମାନୱଂ ଉପଦିଶାମଃ|
33011d00ce	ଏତଦର୍ଥଂ ତସ୍ୟ ଯା ଶକ୍ତିଃ ପ୍ରବଲରୂପେଣ ମମ ମଧ୍ୟେ ପ୍ରକାଶତେ ତଯାହଂ ଯତମାନଃ ଶ୍ରାଭ୍ୟାମି|
330201019b	ଯୁଷ୍ମାକଂ ଲାଯଦିକେଯାସ୍ଥଭ୍ରାତୃଣାଞ୍ଚ କୃତେ ଯାୱନ୍ତୋ ଭ୍ରାତରଶ୍ଚ ମମ ଶାରୀରିକମୁଖଂ ନ ଦୃଷ୍ଟୱନ୍ତସ୍ତେଷାଂ କୃତେ ମମ କିଯାନ୍ ଯତ୍ନୋ ଭୱତି ତଦ୍ ଯୁଷ୍ମାନ୍ ଜ୍ଞାପଯିତୁମ୍ ଇଚ୍ଛାମି|
33020201b0	ଫଲତଃ ପୂର୍ଣବୁଦ୍ଧିରୂପଧନଭୋଗାଯ ପ୍ରେମ୍ନା ସଂଯୁକ୍ତାନାଂ ତେଷାଂ ମନାଂସି ଯତ୍ ପିତୁରୀଶ୍ୱରସ୍ୟ ଖ୍ରୀଷ୍ଟସ୍ୟ ଚ ନିଗୂଢୱାକ୍ୟସ୍ୟ ଜ୍ଞାନାର୍ଥଂ ସାନ୍ତ୍ୱନାଂ ପ୍ରାପ୍ନୁଯୁରିତ୍ୟର୍ଥମହଂ ଯତେ|
330203009a	ଯତୋ ୱିଦ୍ୟାଜ୍ଞାନଯୋଃ ସର୍ୱ୍ୱେ ନିଧଯଃ ଖ୍ରୀଷ୍ଟେ ଗୁପ୍ତାଃ ସନ୍ତି|
33020400ba	କୋଽପି ଯୁଷ୍ମାନ୍ ୱିନଯୱାକ୍ୟେନ ଯନ୍ନ ୱଞ୍ଚଯେତ୍ ତଦର୍ଥମ୍ ଏତାନି ମଯା କଥ୍ୟନ୍ତେ|
330205015f	ଯୁଷ୍ମତ୍ସନ୍ନିଧୌ ମମ ଶରୀରେଽୱର୍ତ୍ତମାନେଽପି ମମାତ୍ମା ୱର୍ତ୍ତତେ ତେନ ଯୁଷ୍ମାକଂ ସୁରୀତିଂ ଖ୍ରୀଷ୍ଟୱିଶ୍ୱାସେ ସ୍ଥିରତ୍ୱଞ୍ଚ ଦୃଷ୍ଟ୍ୱାହମ୍ ଆନନ୍ଦାମି|
33020600b3	ଅତୋ ଯୂଯଂ ପ୍ରଭୁଂ ଯୀଶୁଖ୍ରୀଷ୍ଟଂ ଯାଦୃଗ୍ ଗୃହୀତୱନ୍ତସ୍ତାଦୃକ୍ ତମ୍ ଅନୁଚରତ|
330207015d	ତସ୍ମିନ୍ ବଦ୍ଧମୂଲାଃ ସ୍ଥାପିତାଶ୍ଚ ଭୱତ ଯା ଚ ଶିକ୍ଷା ଯୁଷ୍ମାଭି ର୍ଲବ୍ଧା ତଦନୁସାରାଦ୍ ୱିଶ୍ୱାସେ ସୁସ୍ଥିରାଃ ସନ୍ତସ୍ତେନୈୱ ନିତ୍ୟଂ ଧନ୍ୟୱାଦଂ କୁରୁତ|
3302080188	ସାୱଧାନା ଭୱତ ମାନୁଷିକଶିକ୍ଷାତ ଇହଲୋକସ୍ୟ ୱର୍ଣମାଲାତଶ୍ଚୋତ୍ପନ୍ନା ଖ୍ରୀଷ୍ଟସ୍ୟ ୱିପକ୍ଷା ଯା ଦର୍ଶନୱିଦ୍ୟା ମିଥ୍ୟାପ୍ରତାରଣା ଚ ତଯା କୋଽପି ଯୁଷ୍ମାକଂ କ୍ଷତିଂ ନ ଜନଯତୁ|
3302090097	ଯତ ଈଶ୍ୱରସ୍ୟ କୃତ୍ସ୍ନା ପୂର୍ଣତା ମୂର୍ତ୍ତିମତୀ ଖ୍ରୀଷ୍ଟେ ୱସତି|
33020a00cf	ଯୂଯଞ୍ଚ ତେନ ପୂର୍ଣା ଭୱଥ ଯତଃ ସ ସର୍ୱ୍ୱେଷାଂ ରାଜତ୍ୱକର୍ତ୍ତୃତ୍ୱପଦାନାଂ ମୂର୍ଦ୍ଧାସ୍ତି,
33020b0134	ତେନ ଚ ଯୂଯମ୍ ଅହସ୍ତକୃତତ୍ୱକ୍ଛେଦେନାର୍ଥତୋ ଯେନ ଶାରୀରପାପାନାଂ ୱିଗ୍ରସତ୍ୟଜ୍ୟତେ ତେନ ଖ୍ରୀଷ୍ଟସ୍ୟ ତ୍ୱକ୍ଛେଦେନ ଛିନ୍ନତ୍ୱଚୋ ଜାତା
33020c01c4	ମଜ୍ଜନେ ଚ ତେନ ସାର୍ଦ୍ଧଂ ଶ୍ମଶାନଂ ପ୍ରାପ୍ତାଃ ପୁନ ର୍ମୃତାନାଂ ମଧ୍ୟାତ୍ ତସ୍ୟୋତ୍ଥାପଯିତୁରୀଶ୍ୱରସ୍ୟ ଶକ୍ତେଃ ଫଲଂ ଯୋ ୱିଶ୍ୱାସସ୍ତଦ୍ୱାରା ତସ୍ମିନ୍ନେୱ ମଜ୍ଜନେ ତେନ ସାର୍ଦ୍ଧମ୍ ଉତ୍ଥାପିତା ଅଭୱତ|
33020d014a	ସ ଚ ଯୁଷ୍ମାନ୍ ଅପରାଧୈଃ ଶାରୀରିକାତ୍ୱକ୍ଛେଦେନ ଚ ମୃତାନ୍ ଦୃଷ୍ଟ୍ୱା ତେନ ସାର୍ଦ୍ଧଂ ଜୀୱିତୱାନ୍ ଯୁଷ୍ମାକଂ ସର୍ୱ୍ୱାନ୍ ଅପରାଧାନ୍ କ୍ଷମିତୱାନ୍,
33020e0135	ଯଚ୍ଚ ଦଣ୍ଡାଜ୍ଞାରୂପଂ ଋଣପତ୍ରମ୍ ଅସ୍ମାକଂ ୱିରୁଦ୍ଧମ୍ ଆସୀତ୍ ତତ୍ ପ୍ରମାର୍ଜ୍ଜିତୱାନ୍ ଶଲାକାଭିଃ କ୍ରୁଶେ ବଦ୍ଧ୍ୱା ଦୂରୀକୃତୱାଂଶ୍ଚ|
33020f0143	କିଞ୍ଚ ତେନ ରାଜତ୍ୱକର୍ତ୍ତୃତ୍ୱପଦାନି ନିସ୍ତେଜାଂସି କୃତ୍ୱା ପରାଜିତାନ୍ ରିପୂନିୱ ପ୍ରଗଲ୍ଭତଯା ସର୍ୱ୍ୱେଷାଂ ଦୃଷ୍ଟିଗୋଚରେ ହ୍ରେପିତୱାନ୍|
3302100148	ଅତୋ ହେତୋଃ ଖାଦ୍ୟାଖାଦ୍ୟେ ପେଯାପେଯେ ଉତ୍ସୱଃ ପ୍ରତିପଦ୍ ୱିଶ୍ରାମୱାରଶ୍ଚୈତେଷୁ ସର୍ୱ୍ୱେଷୁ ଯୁଷ୍ମାକଂ ନ୍ୟାଯାଧିପତିରୂପଂ କମପି ମା ଗୃହ୍ଲୀତ|
3302110097	ଯତ ଏତାନି ଛାଯାସ୍ୱରୂପାଣି କିନ୍ତୁ ସତ୍ୟା ମୂର୍ତ୍ତିଃ ଖ୍ରୀଷ୍ଟଃ|
3302120170	ଅପରଞ୍ଚ ନମ୍ରତା ସ୍ୱର୍ଗଦୂତାନାଂ ସେୱା ଚୈତାଦୃଶମ୍ ଇଷ୍ଟକର୍ମ୍ମାଚରନ୍ ଯଃ କଶ୍ଚିତ୍ ପରୋକ୍ଷୱିଷଯାନ୍ ପ୍ରୱିଶତି ସ୍ୱକୀଯଶାରୀରିକଭାୱେନ ଚ ମୁଧା ଗର୍ୱ୍ୱିତଃ ସନ୍
33021301b3	ସନ୍ଧିଭିଃ ଶିରାଭିଶ୍ଚୋପକୃତଂ ସଂଯୁକ୍ତଞ୍ଚ କୃତ୍ସ୍ନଂ ଶରୀରଂ ଯସ୍ମାତ୍ ମୂର୍ଦ୍ଧତ ଈଶ୍ୱରୀଯୱୃଦ୍ଧିଂ ପ୍ରାପ୍ନୋତି ତଂ ମୂର୍ଦ୍ଧାନଂ ନ ଧାରଯତି ତେନ ମାନୱେନ ଯୁଷ୍ମତ୍ତଃ ଫଲାପହରଣଂ ନାନୁଜାନୀତ|
330214010f	ଯଦି ଯୂଯଂ ଖ୍ରୀଷ୍ଟେନ ସାର୍ଦ୍ଧଂ ସଂସାରସ୍ୟ ୱର୍ଣମାଲାଯୈ ମୃତା ଅଭୱତ ତର୍ହି ଯୈ ର୍ଦ୍ରୱ୍ୟୈ ର୍ଭୋଗେନ କ୍ଷଯଂ ଗନ୍ତୱ୍ୟଂ
33021500c9	ତାନି ମା ସ୍ପୃଶ ମା ଭୁଂକ୍ଷ୍ୱ ମା ଗୃହାଣେତି ମାନୱୈରାଦିଷ୍ଟାନ୍ ଶିକ୍ଷିତାଂଶ୍ଚ ୱିଧୀନ୍
3302160067	ଆଚରନ୍ତୋ ଯୂଯଂ କୁତଃ ସଂସାରେ ଜୀୱନ୍ତ ଇୱ ଭୱଥ?
3302170144	ତେ ୱିଧଯଃ ସ୍ୱେଚ୍ଛାଭକ୍ତ୍ୟା ନମ୍ରତଯା ଶରୀରକ୍ଲେଶନେନ ଚ ଜ୍ଞାନୱିଧିୱତ୍ ପ୍ରକାଶନ୍ତେ ତଥାପି ତେଽଗଣ୍ୟାଃ ଶାରୀରିକଭାୱୱର୍ଦ୍ଧକାଶ୍ଚ ସନ୍ତି|
33030101a0	ଯଦି ଯୂଯଂ ଖ୍ରୀଷ୍ଟେନ ସାର୍ଦ୍ଧମ୍ ଉତ୍ଥାପିତା ଅଭୱତ ତର୍ହି ଯସ୍ମିନ୍ ସ୍ଥାନେ ଖ୍ରୀଷ୍ଟ ଈଶ୍ୱରସ୍ୟ ଦକ୍ଷିଣପାର୍ଶ୍ୱେ ଉପୱିଷ୍ଟ ଆସ୍ତେ ତସ୍ୟୋର୍ଦ୍ଧ୍ୱସ୍ଥାନସ୍ୟ ୱିଷଯାନ୍ ଚେଷ୍ଟଧ୍ୱଂ|
330302008c	ପାର୍ଥିୱୱିଷଯେଷୁ ନ ଯତମାନା ଊର୍ଦ୍ଧ୍ୱସ୍ଥୱିଷଯେଷୁ ଯତଧ୍ୱଂ|
33030300d3	ଯତୋ ଯୂଯଂ ମୃତୱନ୍ତୋ ଯୁଷ୍ମାକଂ ଜୀୱିତଞ୍ଚ ଖ୍ରୀଷ୍ଟେନ ସାର୍ଦ୍ଧମ୍ ଈଶ୍ୱରେ ଗୁପ୍ତମ୍ ଅସ୍ତି|
33030400fe	ଅସ୍ମାକଂ ଜୀୱନସ୍ୱରୂପଃ ଖ୍ରୀଷ୍ଟୋ ଯଦା ପ୍ରକାଶିଷ୍ୟତେ ତଦା ତେନ ସାର୍ଦ୍ଧଂ ଯୂଯମପି ୱିଭୱେନ ପ୍ରକାଶିଷ୍ୟଧ୍ୱେ|
3303050151	ଅତୋ ୱେଶ୍ୟାଗମନମ୍ ଅଶୁଚିକ୍ରିଯା ରାଗଃ କୁତ୍ସିତାଭିଲାଷୋ ଦେୱପୂଜାତୁଲ୍ୟୋ ଲୋଭଶ୍ଚୈତାନି ର୍ପାଥୱପୁରୁଷସ୍ୟାଙ୍ଗାନି ଯୁଷ୍ମାଭି ର୍ନିହନ୍ୟନ୍ତାଂ|
33030600c2	ଯତ ଏତେଭ୍ୟଃ କର୍ମ୍ମଭ୍ୟ ଆଜ୍ଞାଲଙ୍ଘିନୋ ଲୋକାନ୍ ପ୍ରତୀଶ୍ୱରସ୍ୟ କ୍ରୋଧୋ ୱର୍ତ୍ତତେ|
3303070094	ପୂର୍ୱ୍ୱଂ ଯଦା ଯୂଯଂ ତାନ୍ୟୁପାଜୀୱତ ତଦା ଯୂଯମପି ତାନ୍ୟେୱାଚରତ;
3303080104	କିନ୍ତ୍ୱିଦାନୀଂ କ୍ରୋଧୋ ରୋଷୋ ଜିହିଂସିଷା ଦୁର୍ମୁଖତା ୱଦନନିର୍ଗତକଦାଲପଶ୍ଚୈତାନି ସର୍ୱ୍ୱାଣି ଦୂରୀକୁରୁଧ୍ୱଂ|
33030900d2	ଯୂଯଂ ପରସ୍ପରଂ ମୃଷାକଥାଂ ନ ୱଦତ ଯତୋ ଯୂଯଂ ସ୍ୱକର୍ମ୍ମସହିତଂ ପୁରାତନପୁରୁଷଂ ତ୍ୟକ୍ତୱନ୍ତଃ
33030a00d5	ସ୍ୱସ୍ରଷ୍ଟୁଃ ପ୍ରତିମୂର୍ତ୍ୟା ତତ୍ତ୍ୱଜ୍ଞାନାଯ ନୂତନୀକୃତଂ ନୱୀନପୁରୁଷଂ ପରିହିତୱନ୍ତଶ୍ଚ|
33030b0196	ତେନ ଚ ଯିହୂଦିଭିନ୍ନଜାତୀଯଯୋଶ୍ଛିନ୍ନତ୍ୱଗଚ୍ଛିନ୍ନତ୍ୱଚୋ ର୍ମ୍ଲେଚ୍ଛସ୍କୁଥୀଯଯୋ ର୍ଦାସମୁକ୍ତଯୋଶ୍ଚ କୋଽପି ୱିଶେଷୋ ନାସ୍ତି କିନ୍ତୁ ସର୍ୱ୍ୱେଷୁ ସର୍ୱ୍ୱଃ ଖ୍ରୀଷ୍ଟ ଏୱାସ୍ତେ|
33030c0177	ଅତଏୱ ଯୂଯମ୍ ଈଶ୍ୱରସ୍ୟ ମନୋଭିଲଷିତାଃ ପୱିତ୍ରାଃ ପ୍ରିଯାଶ୍ଚ ଲୋକା ଇୱ ସ୍ନେହଯୁକ୍ତାମ୍ ଅନୁକମ୍ପାଂ ହିତୈଷିତାଂ ନମ୍ରତାଂ ତିତିକ୍ଷାଂ ସହିଷ୍ଣୁତାଞ୍ଚ ପରିଧଦ୍ଧ୍ୱଂ|
33030d0180	ଯୂଯମ୍ ଏକୈକସ୍ୟାଚରଣଂ ସହଧ୍ୱଂ ଯେନ ଚ ଯସ୍ୟ କିମପ୍ୟପରାଧ୍ୟତେ ତସ୍ୟ ତଂ ଦୋଷଂ ସ କ୍ଷମତାଂ, ଖ୍ରୀଷ୍ଟୋ ଯୁଷ୍ମାକଂ ଦୋଷାନ୍ ଯଦ୍ୱଦ୍ କ୍ଷମିତୱାନ୍ ଯୂଯମପି ତଦ୍ୱତ୍ କୁରୁଧ୍ୱଂ|
33030e0077	ୱିଶେଷତଃ ସିଦ୍ଧିଜନକେନ ପ୍ରେମବନ୍ଧନେନ ବଦ୍ଧା ଭୱତ|
33030f013d	ଯସ୍ୟାଃ ପ୍ରାପ୍ତଯେ ଯୂଯମ୍ ଏକସ୍ମିନ୍ ଶରୀରେ ସମାହୂତା ଅଭୱତ ସେଶ୍ୱରୀଯା ଶାନ୍ତି ର୍ୟୁଷ୍ମାକଂ ମନାଂସ୍ୟଧିତିଷ୍ଠତୁ ଯୂଯଞ୍ଚ କୃତଜ୍ଞା ଭୱତ|
3303100214	ଖ୍ରୀଷ୍ଟସ୍ୟ ୱାକ୍ୟଂ ସର୍ୱ୍ୱୱିଧଜ୍ଞାନାଯ ସମ୍ପୂର୍ଣରୂପେଣ ଯୁଷ୍ମଦନ୍ତରେ ନିୱମତୁ, ଯୂଯଞ୍ଚ ଗୀତୈ ର୍ଗାନୈଃ ପାରମାର୍ଥିକସଙ୍କୀର୍ତ୍ତନୈଶ୍ଚ ପରସ୍ପରମ୍ ଆଦିଶତ ପ୍ରବୋଧଯତ ଚ, ଅନୁଗୃହୀତତ୍ୱାତ୍ ପ୍ରଭୁମ୍ ଉଦ୍ଦିଶ୍ୟ ସ୍ୱମନୋଭି ର୍ଗାଯତ ଚ|
330311010b	ୱାଚା କର୍ମ୍ମଣା ୱା ଯଦ୍ ଯତ୍ କୁରୁତ ତତ୍ ସର୍ୱ୍ୱଂ ପ୍ରଭୋ ର୍ୟୀଶୋ ର୍ନାମ୍ନା କୁରୁତ ତେନ ପିତରମ୍ ଈଶ୍ୱରଂ ଧନ୍ୟଂ ୱଦତ ଚ|
330312009a	ହେ ଯୋଷିତଃ, ଯୂଯଂ ସ୍ୱାମିନାଂ ୱଶ୍ୟା ଭୱତ ଯତସ୍ତଦେୱ ପ୍ରଭୱେ ରୋଚତେ|
33031300bf	ହେ ସ୍ୱାମିନଃ, ଯୂଯଂ ଭାର୍ୟ୍ୟାସୁ ପ୍ରୀଯଧ୍ୱଂ ତାଃ ପ୍ରତି ପରୁଷାଲାପଂ ମା କୁରୁଧ୍ୱଂ|
33031400d9	ହେ ବାଲାଃ, ଯୂଯଂ ସର୍ୱ୍ୱୱିଷଯେ ପିତ୍ରୋରାଜ୍ଞାଗ୍ରାହିଣୋ ଭୱତ ଯତସ୍ତଦେୱ ପ୍ରଭୋଃ ସନ୍ତୋଷଜନକଂ|
33031500c1	ହେ ପିତରଃ, ଯୁଷ୍ମାକଂ ସନ୍ତାନା ଯତ୍ କାତରା ନ ଭୱେଯୁସ୍ତଦର୍ଥଂ ତାନ୍ ପ୍ରତି ମା ରୋଷଯତ|
33031601b4	ହେ ଦାସାଃ, ଯୂଯଂ ସର୍ୱ୍ୱୱିଷଯ ଐହିକପ୍ରଭୂନାମ୍ ଆଜ୍ଞାଗ୍ରାହିଣୋ ଭୱତ ଦୃଷ୍ଟିଗୋଚରୀଯସେୱଯା ମାନୱେଭ୍ୟୋ ରୋଚିତୁଂ ମା ଯତଧ୍ୱଂ କିନ୍ତୁ ସରଲାନ୍ତଃକରଣୈଃ ପ୍ରଭୋ ର୍ଭାତ୍ୟା କାର୍ୟ୍ୟଂ କୁରୁଧ୍ୱଂ|
33031700cb	ଯଚ୍ଚ କୁରୁଧ୍ୱେ ତତ୍ ମାନୁଷମନୁଦ୍ଦିଶ୍ୟ ପ୍ରଭୁମ୍ ଉଦ୍ଦିଶ୍ୟ ପ୍ରଫୁଲ୍ଲମନସା କୁରୁଧ୍ୱଂ,
3303180114	ଯତୋ ୱଯଂ ପ୍ରଭୁତଃ ସ୍ୱର୍ଗାଧିକାରରୂପଂ ଫଲଂ ଲପ୍ସ୍ୟାମହ ଇତି ଯୂଯଂ ଜାନୀଥ ଯସ୍ମାଦ୍ ଯୂଯଂ ପ୍ରଭୋଃ ଖ୍ରୀଷ୍ଟସ୍ୟ ଦାସା ଭୱଥ|
330319011a	କିନ୍ତୁ ଯଃ କଶ୍ଚିଦ୍ ଅନୁଚିତଂ କର୍ମ୍ମ କରୋତି ସ ତସ୍ୟାନୁଚିତକର୍ମ୍ମଣଃ ଫଲଂ ଲପ୍ସ୍ୟତେ ତତ୍ର କୋଽପି ପକ୍ଷପାତୋ ନ ଭୱିଷ୍ୟତି|
3304010141	ଅପରଞ୍ଚ ହେ ଅଧିପତଯଃ, ଯୂଯଂ ଦାସାନ୍ ପ୍ରତି ନ୍ୟାଯ୍ୟଂ ଯଥାର୍ଥଞ୍ଚାଚରଣଂ କୁରୁଧ୍ୱଂ ଯୁଷ୍ମାକମପ୍ୟେକୋଽଧିପତିଃ ସ୍ୱର୍ଗେ ୱିଦ୍ୟତ ଇତି ଜାନୀତ|
33040200ef	ଯୂଯଂ ପ୍ରାର୍ଥନାଯାଂ ନିତ୍ୟଂ ପ୍ରୱର୍ତ୍ତଧ୍ୱଂ ଧନ୍ୟୱାଦଂ କୁର୍ୱ୍ୱନ୍ତସ୍ତତ୍ର ପ୍ରବୁଦ୍ଧାସ୍ତିଷ୍ଠତ ଚ|
330403007d	ପ୍ରାର୍ଥନାକାଲେ ମମାପି କୃତେ ପ୍ରାର୍ଥନାଂ କୁରୁଧ୍ୱଂ,
33040401bf	ଫଲତଃ ଖ୍ରୀଷ୍ଟସ୍ୟ ଯନ୍ନିଗୂଢୱାକ୍ୟକାରଣାଦ୍ ଅହଂ ବଦ୍ଧୋଽଭୱଂ ତତ୍ପ୍ରକାଶାଯେଶ୍ୱରୋ ଯତ୍ ମଦର୍ଥଂ ୱାଗ୍ଦ୍ୱାରଂ କୁର୍ୟ୍ୟାତ୍, ଅହଞ୍ଚ ଯଥୋଚିତଂ ତତ୍ ପ୍ରକାଶଯିତୁଂ ଶକ୍ନୁଯାମ୍ ଏତତ୍ ପ୍ରାର୍ଥଯଧ୍ୱଂ|
33040500c9	ଯୂଯଂ ସମଯଂ ବହୁମୂଲ୍ୟଂ ଜ୍ଞାତ୍ୱା ବହିଃସ୍ଥାନ୍ ଲୋକାନ୍ ପ୍ରତି ଜ୍ଞାନାଚାରଂ କୁରୁଧ୍ୱଂ|
3304060122	ଯୁଷ୍ମାକମ୍ ଆଲାପଃ ସର୍ୱ୍ୱଦାନୁଗ୍ରହସୂଚକୋ ଲୱଣେନ ସୁସ୍ୱାଦୁଶ୍ଚ ଭୱତୁ ଯସ୍ମୈ ଯଦୁତ୍ତରଂ ଦାତୱ୍ୟଂ ତଦ୍ ଯୁଷ୍ମାଭିରୱଗମ୍ୟତାଂ|
3304070116	ମମ ଯା ଦଶାକ୍ତି ତାଂ ତୁଖିକନାମା ପ୍ରଭୌ ପ୍ରିଯୋ ମମ ଭ୍ରାତା ୱିଶ୍ୱସନୀଯଃ ପରିଚାରକଃ ସହଦାସଶ୍ଚ ଯୁଷ୍ମାନ୍ ଜ୍ଞାପଯିଷ୍ୟତି|
33040800bf	ସ ଯଦ୍ ଯୁଷ୍ମାକଂ ଦଶାଂ ଜାନୀଯାତ୍ ଯୁଷ୍ମାକଂ ମନାଂସି ସାନ୍ତ୍ୱଯେଚ୍ଚ ତଦର୍ଥମେୱାହଂ
3304090159	ତମ୍ ଓନୀଷିମନାମାନଞ୍ଚ ଯୁଷ୍ମଦ୍ଦେଶୀଯଂ ୱିଶ୍ୱସ୍ତଂ ପ୍ରିଯଞ୍ଚ ଭ୍ରାତରଂ ପ୍ରେଷିତୱାନ୍ ତୌ ଯୁଷ୍ମାନ୍ ଅତ୍ରତ୍ୟାଂ ସର୍ୱ୍ୱୱାର୍ତ୍ତାଂ ଜ୍ଞାପଯିଷ୍ୟତଃ|
33040a028c	ଆରିଷ୍ଟାର୍ଖନାମା ମମ ସହବନ୍ଦୀ ବର୍ଣବ୍ବା ଭାଗିନେଯୋ ମାର୍କୋ ଯୁଷ୍ଟନାମ୍ନା ୱିଖ୍ୟାତୋ ଯୀଶୁଶ୍ଚୈତେ ଛିନ୍ନତ୍ୱଚୋ ଭ୍ରାତରୋ ଯୁଷ୍ମାନ୍ ନମସ୍କାରଂ ଜ୍ଞାପଯନ୍ତି, ତେଷାଂ ମଧ୍ୟେ ମାର୍କମଧି ଯୂଯଂ ପୂର୍ୱ୍ୱମ୍ ଆଜ୍ଞାପିତାଃ ସ ଯଦି ଯୁଷ୍ମତ୍ସମୀପମ୍ ଉପତିଷ୍ଠେତ୍ ତର୍ହି ଯୁଷ୍ମାଭି ର୍ଗୃହ୍ୟତାଂ|
33040b0092	କେୱଲମେତ ଈଶ୍ୱରରାଜ୍ୟେ ମମ ସାନ୍ତ୍ୱନାଜନକାଃ ସହକାରିଣୋଽଭୱନ୍|
33040c01f1	ଖ୍ରୀଷ୍ଟସ୍ୟ ଦାସୋ ଯୋ ଯୁଷ୍ମଦ୍ଦେଶୀଯ ଇପଫ୍ରାଃ ସ ଯୁଷ୍ମାନ୍ ନମସ୍କାରଂ ଜ୍ଞାପଯତି ଯୂଯଞ୍ଚେଶ୍ୱରସ୍ୟ ସର୍ୱ୍ୱସ୍ମିନ୍ ମନୋଽଭିଲାଷେ ଯତ୍ ସିଦ୍ଧାଃ ପୂର୍ଣାଶ୍ଚ ଭୱେତ ତଦର୍ଥଂ ସ ନିତ୍ୟଂ ପ୍ରାର୍ଥନଯା ଯୁଷ୍ମାକଂ କୃତେ ଯତତେ|
33040d0135	ଯୁଷ୍ମାକଂ ଲାଯଦିକେଯାସ୍ଥିତାନାଂ ହିଯରାପଲିସ୍ଥିତାନାଞ୍ଚ ଭ୍ରାତୃଣାଂ ହିତାଯ ସୋଽତୀୱ ଚେଷ୍ଟତ ଇତ୍ୟସ୍ମିନ୍ ଅହଂ ତସ୍ୟ ସାକ୍ଷୀ ଭୱାମି|
33040e00a4	ଲୂକନାମା ପ୍ରିଯଶ୍ଚିକିତ୍ସକୋ ଦୀମାଶ୍ଚ ଯୁଷ୍ମଭ୍ୟଂ ନମସ୍କୁର୍ୱ୍ୱାତେ|
33040f00e1	ଯୂଯଂ ଲାଯଦିକେଯାସ୍ଥାନ୍ ଭ୍ରାତୃନ୍ ନୁମ୍ଫାଂ ତଦ୍ଗୃହସ୍ଥିତାଂ ସମିତିଞ୍ଚ ମମ ନମସ୍କାରଂ ଜ୍ଞାପଯତ|
33041001b3	ଅପରଂ ଯୁଷ୍ମତ୍ସନ୍ନିଧୌ ପତ୍ରସ୍ୟାସ୍ୟ ପାଠେ କୃତେ ଲାଯଦିକେଯାସ୍ଥସମିତାୱପି ତସ୍ୟ ପାଠୋ ଯଥା ଭୱେତ୍ ଲାଯଦିକେଯାଞ୍ଚ ଯତ୍ ପତ୍ରଂ ମଯା ପ୍ରହିତଂ ତଦ୍ ଯଥା ଯୁଷ୍ମାଭିରପି ପଠ୍ୟେତ ତଥା ଚେଷ୍ଟଧ୍ୱଂ|
33041100d9	ଅପରମ୍ ଆର୍ଖିପ୍ପଂ ୱଦତ ପ୍ରଭୋ ର୍ୟତ୍ ପରିଚର୍ୟ୍ୟାପଦଂ ତ୍ୱଯାପ୍ରାପି ତତ୍ସାଧନାଯ ସାୱଧାନୋ ଭୱ|
330412012a	ଅହଂ ପୌଲଃ ସ୍ୱହସ୍ତାକ୍ଷରେଣ ଯୁଷ୍ମାନ୍ ନମସ୍କାରଂ ଜ୍ଞାପଯାମି ଯୂଯଂ ମମ ବନ୍ଧନଂ ସ୍ମରତ| ଯୁଷ୍ମାନ୍ ପ୍ରତ୍ୟନୁଗ୍ରହୋ ଭୂଯାତ୍| ଆମେନ|
3400000022	୧ ଥିଷଲନୀକିନଃ
3401010234	ପୌଲଃ ସିଲ୍ୱାନସ୍ତୀମଥିଯଶ୍ଚ ପିତୁରୀଶ୍ୱରସ୍ୟ ପ୍ରଭୋ ର୍ୟୀଶୁଖ୍ରୀଷ୍ଟସ୍ୟ ଚାଶ୍ରଯଂ ପ୍ରାପ୍ତା ଥିଷଲନୀକୀଯସମିତିଂ ପ୍ରତି ପତ୍ରଂ ଲିଖନ୍ତି| ଅସ୍ମାକଂ ତାତ ଈଶ୍ୱରଃ ପ୍ରଭୁ ର୍ୟୀଶୁଖ୍ରୀଷ୍ଟଶ୍ଚ ଯୁଷ୍ମାନ୍ ପ୍ରତ୍ୟନୁଗ୍ରହଂ ଶାନ୍ତିଞ୍ଚ କ୍ରିଯାସ୍ତାଂ|
34010200eb	ୱଯଂ ସର୍ୱ୍ୱେଷାଂ ଯୁଷ୍ମାକଂ କୃତେ ଈଶ୍ୱରଂ ଧନ୍ୟଂ ୱଦାମଃ ପ୍ରାର୍ଥନାସମଯେ ଯୁଷ୍ମାକଂ ନାମୋଚ୍ଚାରଯାମଃ,
3401030172	ଅସ୍ମାକଂ ତାତସ୍ୟେଶ୍ୱରସ୍ୟ ସାକ୍ଷାତ୍ ପ୍ରଭୌ ଯୀଶୁଖ୍ରୀଷ୍ଟେ ଯୁଷ୍ମାକଂ ୱିଶ୍ୱାସେନ ଯତ୍ କାର୍ୟ୍ୟଂ ପ୍ରେମ୍ନା ଯଃ ପରିଶ୍ରମଃ ପ୍ରତ୍ୟାଶଯା ଚ ଯା ତିତିକ୍ଷା ଜାଯତେ
34010400f2	ତତ୍ ସର୍ୱ୍ୱଂ ନିରନ୍ତରଂ ସ୍ମରାମଶ୍ଚ| ହେ ପିଯଭ୍ରାତରଃ, ଯୂଯମ୍ ଈଶ୍ୱରେଣାଭିରୁଚିତା ଲୋକା ଇତି ୱଯଂ ଜାନୀମଃ|
34010501e7	ଯତୋଽସ୍ମାକଂ ସୁସଂୱାଦଃ କେୱଲଶବ୍ଦେନ ଯୁଷ୍ମାନ୍ ନ ପ୍ରୱିଶ୍ୟ ଶକ୍ତ୍ୟା ପୱିତ୍ରେଣାତ୍ମନା ମହୋତ୍ସାହେନ ଚ ଯୁଷ୍ମାନ୍ ପ୍ରାୱିଶତ୍| ୱଯନ୍ତୁ ଯୁଷ୍ମାକଂ କୃତେ ଯୁଷ୍ମନ୍ମଧ୍ୟେ କୀଦୃଶା ଅଭୱାମ ତଦ୍ ଯୁଷ୍ମାଭି ର୍ଜ୍ଞାଯତେ|
3401060110	ଯୂଯମପି ବହୁକ୍ଲେଶଭୋଗେନ ପୱିତ୍ରେଣାତ୍ମନା ଦତ୍ତେନାନନ୍ଦେନ ଚ ୱାକ୍ୟଂ ଗୃହୀତ୍ୱାସ୍ମାକଂ ପ୍ରଭୋଶ୍ଚାନୁଗାମିନୋଽଭୱତ|
3401070113	ତେନ ମାକିଦନିଯାଖାଯାଦେଶଯୋ ର୍ୟାୱନ୍ତୋ ୱିଶ୍ୱାସିନୋ ଲୋକାଃ ସନ୍ତି ଯୂଯଂ ତେଷାଂ ସର୍ୱ୍ୱେଷାଂ ନିଦର୍ଶନସ୍ୱରୂପା ଜାତାଃ|
340108021e	ଯତୋ ଯୁଷ୍ମତ୍ତଃ ପ୍ରତିନାଦିତଯା ପ୍ରଭୋ ର୍ୱାଣ୍ୟା ମାକିଦନିଯାଖାଯାଦେଶୌ ୱ୍ୟାପ୍ତୌ କେୱଲମେତନ୍ନହି କିନ୍ତ୍ୱୀଶ୍ୱରେ ଯୁଷ୍ମାକଂ ଯୋ ୱିଶ୍ୱାସସ୍ତସ୍ୟ ୱାର୍ତ୍ତା ସର୍ୱ୍ୱତ୍ରାଶ୍ରାୱି, ତସ୍ମାତ୍ ତତ୍ର ୱାକ୍ୟକଥନମ୍ ଅସ୍ମାକଂ ନିଷ୍ପ୍ରଯୋଜନଂ|
340109014b	ଯତୋ ଯୁଷ୍ମନ୍ମଧ୍ୟେ ୱଯଂ କୀଦୃଶଂ ପ୍ରୱେଶଂ ପ୍ରାପ୍ତା ଯୂଯଞ୍ଚ କଥଂ ପ୍ରତିମା ୱିହାଯେଶ୍ୱରଂ ପ୍ରତ୍ୟାୱର୍ତ୍ତଧ୍ୱମ୍ ଅମରଂ ସତ୍ୟମୀଶ୍ୱରଂ ସେୱିତୁଂ
34010a01e0	ମୃତଗଣମଧ୍ୟାଚ୍ଚ ତେନୋତ୍ଥାପିତସ୍ୟ ପୁତ୍ରସ୍ୟାର୍ଥତ ଆଗାମିକ୍ରୋଧାଦ୍ ଅସ୍ମାକଂ ନିସ୍ତାରଯିତୁ ର୍ୟୀଶୋଃ ସ୍ୱର୍ଗାଦ୍ ଆଗମନଂ ପ୍ରତୀକ୍ଷିତୁମ୍ ଆରଭଧ୍ୱମ୍ ଏତତ୍ ସର୍ୱ୍ୱଂ ତେ ଲୋକାଃ ସ୍ୱଯମ୍ ଅସ୍ମାନ୍ ଜ୍ଞାପଯନ୍ତି|
34020100ca	ହେ ଭ୍ରାତରଃ, ଯୁଷ୍ମନ୍ମଧ୍ୟେ ଽସ୍ମାକଂ ପ୍ରୱେଶୋ ନିଷ୍ଫଲୋ ନ ଜାତ ଇତି ଯୂଯଂ ସ୍ୱଯଂ ଜାନୀଥ|
34020201b0	ଅପରଂ ଯୁଷ୍ମାଭି ର୍ୟଥାଶ୍ରାୱି ତଥା ପୂର୍ୱ୍ୱଂ ଫିଲିପୀନଗରେ କ୍ଲିଷ୍ଟା ନିନ୍ଦିତାଶ୍ଚ ସନ୍ତୋଽପି ୱଯମ୍ ଈଶ୍ୱରାଦ୍ ଉତ୍ସାହଂ ଲବ୍ଧ୍ୱା ବହୁଯତ୍ନେନ ଯୁଷ୍ମାନ୍ ଈଶ୍ୱରସ୍ୟ ସୁସଂୱାଦମ୍ ଅବୋଧଯାମ|
34020300ce	ଯତୋଽସ୍ମାକମ୍ ଆଦେଶୋ ଭ୍ରାନ୍ତେରଶୁଚିଭାୱାଦ୍ ୱୋତ୍ପନ୍ନଃ ପ୍ରୱଞ୍ଚନାଯୁକ୍ତୋ ୱା ନ ଭୱତି|
3402040203	କିନ୍ତ୍ୱୀଶ୍ୱରେଣାସ୍ମାନ୍ ପରୀକ୍ଷ୍ୟ ୱିଶ୍ୱସନୀଯାନ୍ ମତ୍ତ୍ୱା ଚ ଯଦ୍ୱତ୍ ସୁସଂୱାଦୋଽସ୍ମାସୁ ସମାର୍ପ୍ୟତ ତଦ୍ୱଦ୍ ୱଯଂ ମାନୱେଭ୍ୟୋ ନ ରୁରୋଚିଷମାଣାଃ କିନ୍ତ୍ୱସ୍ମଦନ୍ତଃକରଣାନାଂ ପରୀକ୍ଷକାଯେଶ୍ୱରାଯ ରୁରୋଚିଷମାଣା ଭାଷାମହେ|
340205012d	ୱଯଂ କଦାପି ସ୍ତୁତିୱାଦିନୋ ନାଭୱାମେତି ଯୂଯଂ ଜାନୀଥ କଦାପି ଛଲୱସ୍ତ୍ରେଣ ଲୋଭଂ ନାଚ୍ଛାଦଯାମେତ୍ୟସ୍ମିନ୍ ଈଶ୍ୱରଃ ସାକ୍ଷୀ ୱିଦ୍ୟତେ|
34020601ba	ୱଯଂ ଖ୍ରୀଷ୍ଟସ୍ୟ ପ୍ରେରିତା ଇୱ ଗୌରୱାନ୍ୱିତା ଭୱିତୁମ୍ ଅଶକ୍ଷ୍ୟାମ କିନ୍ତୁ ଯୁଷ୍ମତ୍ତଃ ପରସ୍ମାଦ୍ ୱା କସ୍ମାଦପି ମାନୱାଦ୍ ଗୌରୱଂ ନ ଲିପ୍ସମାନା ଯୁଷ୍ମନ୍ମଧ୍ୟେ ମୃଦୁଭାୱା ଭୂତ୍ୱାୱର୍ତ୍ତାମହି|
34020700b5	ଯଥା କାଚିନ୍ମାତା ସ୍ୱକୀଯଶିଶୂନ୍ ପାଲଯତି ତଥା ୱଯମପି ଯୁଷ୍ମାନ୍ କାଙ୍କ୍ଷମାଣା
3402080159	ଯୁଷ୍ମଭ୍ୟଂ କେୱଲମ୍ ଈଶ୍ୱରସ୍ୟ ସୁସଂୱାଦଂ ତନ୍ନହି କିନ୍ତୁ ସ୍ୱକୀଯପ୍ରାଣାନ୍ ଅପି ଦାତୁଂ ମନୋଭିରଭ୍ୟଲଷାମ, ଯତୋ ଯୂଯମ୍ ଅସ୍ମାକଂ ସ୍ନେହପାତ୍ରାଣ୍ୟଭୱତ|
34020901c5	ହେ ଭ୍ରାତରଃ, ଅସ୍ମାକଂ ଶ୍ରମଃ କ୍ଲେଶଶ୍ଚ ଯୁଷ୍ମାଭିଃ ସ୍ମର୍ୟ୍ୟତେ ଯୁଷ୍ମାକଂ କୋଽପି ଯଦ୍ ଭାରଗ୍ରସ୍ତୋ ନ ଭୱେତ୍ ତଦର୍ଥଂ ୱଯଂ ଦିୱାନିଶଂ ପରିଶ୍ରାମ୍ୟନ୍ତୋ ଯୁଷ୍ମନ୍ମଧ୍ୟ ଈଶ୍ୱରସ୍ୟ ସୁସଂୱାଦମଘୋଷଯାମ|
34020a015b	ଅପରଞ୍ଚ ୱିଶ୍ୱାସିନୋ ଯୁଷ୍ମାନ୍ ପ୍ରତି ୱଯଂ କୀଦୃକ୍ ପୱିତ୍ରତ୍ୱଯଥାର୍ଥତ୍ୱନିର୍ଦୋଷତ୍ୱାଚାରିଣୋଽଭୱାମେତ୍ୟସ୍ମିନ୍ ଈଶ୍ୱରୋ ଯୂଯଞ୍ଚ ସାକ୍ଷିଣ ଆଧ୍ୱେ|
34020b00fe	ଅପରଞ୍ଚ ଯଦ୍ୱତ୍ ପିତା ସ୍ୱବାଲକାନ୍ ତଦ୍ୱଦ୍ ୱଯଂ ଯୁଷ୍ମାକମ୍ ଏକୈକଂ ଜନମ୍ ଉପଦିଷ୍ଟୱନ୍ତଃ ସାନ୍ତ୍ୱିତୱନ୍ତଶ୍ଚ,
34020c0129	ଯ ଈଶ୍ୱରଃ ସ୍ୱୀଯରାଜ୍ୟାଯ ୱିଭୱାଯ ଚ ଯୁଷ୍ମାନ୍ ଆହୂତୱାନ୍ ତଦୁପଯୁକ୍ତାଚରଣାଯ ଯୁଷ୍ମାନ୍ ପ୍ରୱର୍ତ୍ତିତୱନ୍ତଶ୍ଚେତି ଯୂଯଂ ଜାନୀଥ|
34020d02eb	ଯସ୍ମିନ୍ ସମଯେ ଯୂଯମ୍ ଅସ୍ମାକଂ ମୁଖାଦ୍ ଈଶ୍ୱରେଣ ପ୍ରତିଶ୍ରୁତଂ ୱାକ୍ୟମ୍ ଅଲଭଧ୍ୱଂ ତସ୍ମିନ୍ ସମଯେ ତତ୍ ମାନୁଷାଣାଂ ୱାକ୍ୟଂ ନ ମତ୍ତ୍ୱେଶ୍ୱରସ୍ୟ ୱାକ୍ୟଂ ମତ୍ତ୍ୱା ଗୃହୀତୱନ୍ତ ଇତି କାରଣାଦ୍ ୱଯଂ ନିରନ୍ତରମ୍ ଈଶ୍ୱରଂ ଧନ୍ୟଂ ୱଦାମଃ, ଯତସ୍ତଦ୍ ଈଶ୍ୱରସ୍ୟ ୱାକ୍ୟମ୍ ଇତି ସତ୍ୟଂ ୱିଶ୍ୱାସିନାଂ ଯୁଷ୍ମାକଂ ମଧ୍ୟେ ତସ୍ୟ ଗୁଣଃ ପ୍ରକାଶତେ ଚ|
34020e01f5	ହେ ଭ୍ରାତରଃ, ଖ୍ରୀଷ୍ଟାଶ୍ରିତୱତ୍ୟ ଈଶ୍ୱରସ୍ୟ ଯାଃ ସମିତ୍ୟୋ ଯିହୂଦାଦେଶେ ସନ୍ତି ଯୂଯଂ ତାସାମ୍ ଅନୁକାରିଣୋଽଭୱତ, ତଦ୍ଭୁକ୍ତା ଲୋକାଶ୍ଚ ଯଦ୍ୱଦ୍ ଯିହୂଦିଲୋକେଭ୍ୟସ୍ତଦ୍ୱଦ୍ ଯୂଯମପି ସ୍ୱଜାତୀଯଲୋକେଭ୍ୟୋ ଦୁଃଖମ୍ ଅଲଭଧ୍ୱଂ|
34020f0168	ତେ ଯିହୂଦୀଯାଃ ପ୍ରଭୁଂ ଯୀଶୁଂ ଭୱିଷ୍ୟଦ୍ୱାଦିନଶ୍ଚ ହତୱନ୍ତୋ ଽସ୍ମାନ୍ ଦୂରୀକୃତୱନ୍ତଶ୍ଚ, ତ ଈଶ୍ୱରାଯ ନ ରୋଚନ୍ତେ ସର୍ୱ୍ୱେଷାଂ ମାନୱାନାଂ ୱିପକ୍ଷା ଭୱନ୍ତି ଚ;
34021001f6	ଅପରଂ ଭିନ୍ନଜାତୀଯଲୋକାନାଂ ପରିତ୍ରାଣାର୍ଥଂ ତେଷାଂ ମଧ୍ୟେ ସୁସଂୱାଦଘୋଷଣାଦ୍ ଅସ୍ମାନ୍ ପ୍ରତିଷେଧନ୍ତି ଚେତ୍ଥଂ ସ୍ୱୀଯପାପାନାଂ ପରିମାଣମ୍ ଉତ୍ତରୋତ୍ତରଂ ପୂରଯନ୍ତି, କିନ୍ତୁ ତେଷାମ୍ ଅନ୍ତକାରୀ କ୍ରୋଧସ୍ତାନ୍ ଉପକ୍ରମତେ|
340211016e	ହେ ଭ୍ରାତରଃ ମନସା ନହି କିନ୍ତୁ ୱଦନେନ କିଯତ୍କାଲଂ ଯୁଷ୍ମତ୍ତୋ ଽସ୍ମାକଂ ୱିଚ୍ଛେଦେ ଜାତେ ୱଯଂ ଯୁଷ୍ମାକଂ ମୁଖାନି ଦ୍ରଷ୍ଟୁମ୍ ଅତ୍ୟାକାଙ୍କ୍ଷଯା ବହୁ ଯତିତୱନ୍ତଃ|
3402120127	ଦ୍ୱିରେକକୃତ୍ୱୋ ୱା ଯୁଷ୍ମତ୍ସମୀପଗମନାଯାସ୍ମାକଂ ୱିଶେଷତଃ ପୌଲସ୍ୟ ମମାଭିଲାଷୋଽଭୱତ୍ କିନ୍ତୁ ଶଯତାନୋ ଽସ୍ମାନ୍ ନିୱାରିତୱାନ୍|
340213016a	ଯତୋଽସ୍ମାକଂ କା ପ୍ରତ୍ୟାଶା କୋ ୱାନନ୍ଦଃ କିଂ ୱା ଶ୍ଲାଘ୍ୟକିରୀଟଂ? ଅସ୍ମାକଂ ପ୍ରଭୋ ର୍ୟୀଶୁଖ୍ରୀଷ୍ଟସ୍ୟାଗମନକାଲେ ତତ୍ସମ୍ମୁଖସ୍ଥା ଯୂଯଂ କିଂ ତନ୍ନ ଭୱିଷ୍ୟଥ?
3402140067	ଯୂଯମ୍ ଏୱାସ୍ମାକଂ ଗୌରୱାନନ୍ଦସ୍ୱରୂପା ଭୱଥ|
34030100dc	ଅତୋଽହଂ ଯଦା ସନ୍ଦେହଂ ପୁନଃ ସୋଢୁଂ ନାଶକ୍ନୁୱଂ ତଦାନୀମ୍ ଆଥୀନୀନଗର ଏକାକୀ ସ୍ଥାତୁଂ ନିଶ୍ଚିତ୍ୟ
34030200fe	ସ୍ୱଭ୍ରାତରଂ ଖ୍ରୀଷ୍ଟସ୍ୟ ସୁସଂୱାଦେ ସହକାରିଣଞ୍ଚେଶ୍ୱରସ୍ୟ ପରିଚାରକଂ ତୀମଥିଯଂ ଯୁଷ୍ମତ୍ସମୀପମ୍ ଅପ୍ରେଷଯଂ|
340303015f	ୱର୍ତ୍ତମାନୈଃ କ୍ଲେଶୈଃ କସ୍ୟାପି ଚାଞ୍ଚଲ୍ୟଂ ଯଥା ନ ଜାଯତେ ତଥା ତେ ତ୍ୱଯା ସ୍ଥିରୀକ୍ରିଯନ୍ତାଂ ସ୍ୱକୀଯଧର୍ମ୍ମମଧି ସମାଶ୍ୱାସ୍ୟନ୍ତାଞ୍ଚେତି ତମ୍ ଆଦିଶଂ|
34030401c1	ୱଯମେତାଦୃଶେ କ୍ଲେଶେ ନିଯୁକ୍ତା ଆସ୍ମହ ଇତି ଯୂଯଂ ସ୍ୱଯଂ ଜାନୀଥ, ଯତୋଽସ୍ମାକଂ ଦୁର୍ଗତି ର୍ଭୱିଷ୍ୟତୀତି ୱଯଂ ଯୁଷ୍ମାକଂ ସମୀପେ ସ୍ଥିତିକାଲେଽପି ଯୁଷ୍ମାନ୍ ଅବୋଧଯାମ, ତାଦୃଶମେୱ ଚାଭୱତ୍ ତଦପି ଜାନୀଥ|
34030501a0	ତସ୍ମାତ୍ ପରୀକ୍ଷକେଣ ଯୁଷ୍ମାସୁ ପରୀକ୍ଷିତେଷ୍ୱସ୍ମାକଂ ପରିଶ୍ରମୋ ୱିଫଲୋ ଭୱିଷ୍ୟତୀତି ଭଯଂ ସୋଢୁଂ ଯଦାହଂ ନାଶକ୍ନୁୱଂ ତଦା ଯୁଷ୍ମାକଂ ୱିଶ୍ୱାସସ୍ୟ ତତ୍ତ୍ୱାୱଧାରଣାଯ ତମ୍ ଅପ୍ରେଷଯଂ|
340306026b	କିନ୍ତ୍ୱଧୁନା ତୀମଥିଯୋ ଯୁଷ୍ମତ୍ସମୀପାଦ୍ ଅସ୍ମତ୍ସନ୍ନିଧିମ୍ ଆଗତ୍ୟ ଯୁଷ୍ମାକଂ ୱିଶ୍ୱାସପ୍ରେମଣୀ ଅଧ୍ୟସ୍ମାନ୍ ସୁୱାର୍ତ୍ତାଂ ଜ୍ଞାପିତୱାନ୍ ୱଯଞ୍ଚ ଯଥା ଯୁଷ୍ମାନ୍ ସ୍ମରାମସ୍ତଥା ଯୂଯମପ୍ୟସ୍ମାନ୍ ସର୍ୱ୍ୱଦା ପ୍ରଣଯେନ ସ୍ମରଥ ଦ୍ରଷ୍ଟୁମ୍ ଆକାଙ୍କ୍ଷଧ୍ୱେ ଚେତି କଥିତୱାନ୍|
340307014b	ହେ ଭ୍ରାତରଃ, ୱାର୍ତ୍ତାମିମାଂ ପ୍ରାପ୍ୟ ଯୁଷ୍ମାନଧି ୱିଶେଷତୋ ଯୁଷ୍ମାକଂ କ୍ଲେଶଦୁଃଖାନ୍ୟଧି ଯୁଷ୍ମାକଂ ୱିଶ୍ୱାସାଦ୍ ଅସ୍ମାକଂ ସାନ୍ତ୍ୱନାଜାଯତ;
3403080095	ଯତୋ ଯୂଯଂ ଯଦି ପ୍ରଭାୱୱତିଷ୍ଠଥ ତର୍ହ୍ୟନେନ ୱଯମ୍ ଅଧୁନା ଜୀୱାମଃ|
340309018d	ୱଯଞ୍ଚାସ୍ମଦୀଯେଶ୍ୱରସ୍ୟ ସାକ୍ଷାଦ୍ ଯୁଷ୍ମତ୍ତୋ ଜାତେନ ଯେନାନନ୍ଦେନ ପ୍ରଫୁଲ୍ଲା ଭୱାମସ୍ତସ୍ୟ କୃତ୍ସ୍ନସ୍ୟାନନ୍ଦସ୍ୟ ଯୋଗ୍ୟରୂପେଣେଶ୍ୱରଂ ଧନ୍ୟଂ ୱଦିତୁଂ କଥଂ ଶକ୍ଷ୍ୟାମଃ?
34030a0175	ୱଯଂ ଯେନ ଯୁଷ୍ମାକଂ ୱଦନାନି ଦ୍ରଷ୍ଟୁଂ ଯୁଷ୍ମାକଂ ୱିଶ୍ୱାସେ ଯଦ୍ ଅସିଦ୍ଧଂ ୱିଦ୍ୟତେ ତତ୍ ସିଦ୍ଧୀକର୍ତ୍ତୁଞ୍ଚ ଶକ୍ଷ୍ୟାମସ୍ତାଦୃଶଂ ୱରଂ ଦିୱାନିଶଂ ପ୍ରାର୍ଥଯାମହେ|
34030b00fc	ଅସ୍ମାକଂ ତାତେନେଶ୍ୱରେଣ ପ୍ରଭୁନା ଯୀଶୁଖ୍ରୀଷ୍ଟେନ ଚ ଯୁଷ୍ମତ୍ସମୀପଗମନାଯାସ୍ମାକଂ ପନ୍ଥା ସୁଗମଃ କ୍ରିଯତାଂ|
34030c012d	ପରସ୍ପରଂ ସର୍ୱ୍ୱାଂଶ୍ଚ ପ୍ରତି ଯୁଷ୍ମାକଂ ପ୍ରେମ ଯୁଷ୍ମାନ୍ ପ୍ରତି ଚାସ୍ମାକଂ ପ୍ରେମ ପ୍ରଭୁନା ୱର୍ଦ୍ଧ୍ୟତାଂ ବହୁଫଲଂ କ୍ରିଯତାଞ୍ଚ|
34030d020f	ଅପରମସ୍ମାକଂ ପ୍ରଭୁ ର୍ୟୀଶୁଖ୍ରୀଷ୍ଟଃ ସ୍ୱକୀଯୈଃ ସର୍ୱ୍ୱୈଃ ପୱିତ୍ରଲୋକୈଃ ସାର୍ଦ୍ଧଂ ଯଦାଗମିଷ୍ୟତି ତଦା ଯୂଯଂ ଯଥାସ୍ମାକଂ ତାତସ୍ୟେଶ୍ୱରସ୍ୟ ସମ୍ମୁଖେ ପୱିତ୍ରତଯା ନିର୍ଦୋଷା ଭୱିଷ୍ୟଥ ତଥା ଯୁଷ୍ମାକଂ ମନାଂସି ସ୍ଥିରୀକ୍ରିଯନ୍ତାଂ|
34040101c7	ହେ ଭ୍ରାତରଃ, ଯୁଷ୍ମାଭିଃ କୀଦୃଗ୍ ଆଚରିତୱ୍ୟଂ ଈଶ୍ୱରାଯ ରୋଚିତୱ୍ୟଞ୍ଚ ତଦଧ୍ୟସ୍ମତ୍ତୋ ଯା ଶିକ୍ଷା ଲବ୍ଧା ତଦନୁସାରାତ୍ ପୁନରତିଶଯଂ ଯତ୍ନଃ କ୍ରିଯତାମିତି ୱଯଂ ପ୍ରଭୁଯୀଶୁନା ଯୁଷ୍ମାନ୍ ୱିନୀଯାଦିଶାମଃ|
34040200c2	ଯତୋ ୱଯଂ ପ୍ରଭୁଯୀଶୁନା କୀଦୃଶୀରାଜ୍ଞା ଯୁଷ୍ମାସୁ ସମର୍ପିତୱନ୍ତସ୍ତଦ୍ ଯୂଯଂ ଜାନୀଥ|
34040300d7	ଈଶ୍ୱରସ୍ୟାଯମ୍ ଅଭିଲାଷୋ ଯଦ୍ ଯୁଷ୍ମାକଂ ପୱିତ୍ରତା ଭୱେତ୍, ଯୂଯଂ ୱ୍ୟଭିଚାରାଦ୍ ଦୂରେ ତିଷ୍ଠତ|
34040400ad	ଯୁଷ୍ମାକମ୍ ଏକୈକୋ ଜନଃ ସ୍ୱକୀଯଂ ପ୍ରାଣାଧାରଂ ପୱିତ୍ରଂ ମାନ୍ୟଞ୍ଚ ରକ୍ଷତୁ,
34040500c4	ଯେ ଚ ଭିନ୍ନଜାତୀଯା ଲୋକା ଈଶ୍ୱରଂ ନ ଜାନନ୍ତି ତ ଇୱ ତତ୍ କାମାଭିଲାଷସ୍ୟାଧୀନଂ ନ କରୋତୁ|
34040601a9	ଏତସ୍ମିନ୍ ୱିଷଯେ କୋଽପ୍ୟତ୍ୟାଚାରୀ ଭୂତ୍ୱା ସ୍ୱଭ୍ରାତରଂ ନ ୱଞ୍ଚଯତୁ ଯତୋଽସ୍ମାଭିଃ ପୂର୍ୱ୍ୱଂ ଯଥୋକ୍ତଂ ପ୍ରମାଣୀକୃତଞ୍ଚ ତଥୈୱ ପ୍ରଭୁରେତାଦୃଶାନାଂ କର୍ମ୍ମଣାଂ ସମୁଚିତଂ ଫଲଂ ଦାସ୍ୟତି|
34040700c9	ଯସ୍ମାଦ୍ ଈଶ୍ୱରୋଽସ୍ମାନ୍ ଅଶୁଚିତାଯୈ ନାହୂତୱାନ୍ କିନ୍ତୁ ପୱିତ୍ରତ୍ୱାଯୈୱାହୂତୱାନ୍|
3404080163	ଅତୋ ହେତୋ ର୍ୟଃ କଶ୍ଚିଦ୍ ୱାକ୍ୟମେତନ୍ନ ଗୃହ୍ଲାତି ସ ମନୁଷ୍ୟମ୍ ଅୱଜାନାତୀତି ନହି ଯେନ ସ୍ୱକୀଯାତ୍ମା ଯୁଷ୍ମଦନ୍ତରେ ସମର୍ପିତସ୍ତମ୍ ଈଶ୍ୱରମ୍ ଏୱାୱଜାନାତି|
3404090130	ଭ୍ରାତୃଷୁ ପ୍ରେମକରଣମଧି ଯୁଷ୍ମାନ୍ ପ୍ରତି ମମ ଲିଖନଂ ନିଷ୍ପ୍ରଯୋଜନଂ ଯତୋ ଯୂଯଂ ପରସ୍ପରଂ ପ୍ରେମକରଣାଯେଶ୍ୱରଶିକ୍ଷିତା ଲୋକା ଆଧ୍ୱେ|
34040a01d4	କୃତ୍ସ୍ନେ ମାକିଦନିଯାଦେଶେ ଚ ଯାୱନ୍ତୋ ଭ୍ରାତରଃ ସନ୍ତି ତାନ୍ ସର୍ୱ୍ୱାନ୍ ପ୍ରତି ଯୁଷ୍ମାଭିସ୍ତତ୍ ପ୍ରେମ ପ୍ରକାଶ୍ୟତେ ତଥାପି ହେ ଭ୍ରାତରଃ, ୱଯଂ ଯୁଷ୍ମାନ୍ ୱିନଯାମହେ ଯୂଯଂ ପୁନ ର୍ବହୁତରଂ ପ୍ରେମ ପ୍ରକାଶଯତ|
34040b0140	ଅପରଂ ଯେ ବହିଃସ୍ଥିତାସ୍ତେଷାଂ ଦୃଷ୍ଟିଗୋଚରେ ଯୁଷ୍ମାକମ୍ ଆଚରଣଂ ଯତ୍ ମନୋରମ୍ୟଂ ଭୱେତ୍ କସ୍ୟାପି ୱସ୍ତୁନଶ୍ଚାଭାୱୋ ଯୁଷ୍ମାକଂ ଯନ୍ନ ଭୱେତ୍,
34040c0198	ଏତଦର୍ଥଂ ଯୂଯମ୍ ଅସ୍ମତ୍ତୋ ଯାଦୃଶମ୍ ଆଦେଶଂ ପ୍ରାପ୍ତୱନ୍ତସ୍ତାଦୃଶଂ ନିର୍ୱିରୋଧାଚାରଂ କର୍ତ୍ତୁଂ ସ୍ୱସ୍ୱକର୍ମ୍ମଣି ମନାଂମି ନିଧାତୁଂ ନିଜକରୈଶ୍ଚ କାର୍ୟ୍ୟଂ ସାଧଯିତୁଂ ଯତଧ୍ୱଂ|
34040d0139	ହେ ଭ୍ରାତରଃ ନିରାଶା ଅନ୍ୟେ ଲୋକା ଇୱ ଯୂଯଂ ଯନ୍ନ ଶୋଚେଧ୍ୱଂ ତଦର୍ଥଂ ମହାନିଦ୍ରାଗତାନ୍ ଲୋକାନଧି ଯୁଷ୍ମାକମ୍ ଅଜ୍ଞାନତା ମଯା ନାଭିଲଷ୍ୟତେ|
34040e017e	ଯୀଶୁ ର୍ମୃତୱାନ୍ ପୁନରୁଥିତୱାଂଶ୍ଚେତି ଯଦି ୱଯଂ ୱିଶ୍ୱାସମସ୍ତର୍ହି ଯୀଶୁମ୍ ଆଶ୍ରିତାନ୍ ମହାନିଦ୍ରାପ୍ରାପ୍ତାନ୍ ଲୋକାନପୀଶ୍ୱରୋଽୱଶ୍ୟଂ ତେନ ସାର୍ଦ୍ଧମ୍ ଆନେଷ୍ୟତି|
34040f01a2	ଯତୋଽହଂ ପ୍ରଭୋ ର୍ୱାକ୍ୟେନ ଯୁଷ୍ମାନ୍ ଇଦଂ ଜ୍ଞାପଯାମି; ଅସ୍ମାକଂ ମଧ୍ୟେ ଯେ ଜନାଃ ପ୍ରଭୋରାଗମନଂ ଯାୱତ୍ ଜୀୱନ୍ତୋଽୱଶେକ୍ଷ୍ୟନ୍ତେ ତେ ମହାନିଦ୍ରିତାନାମ୍ ଅଗ୍ରଗାମିନୋନ ନ ଭୱିଷ୍ୟନ୍ତି;
34041001a9	ଯତଃ ପ୍ରଭୁଃ ସିଂହନାଦେନ ପ୍ରଧାନସ୍ୱର୍ଗଦୂତସ୍ୟୋଚ୍ଚୈଃ ଶବ୍ଦେନେଶ୍ୱରୀଯତୂରୀୱାଦ୍ୟେନ ଚ ସ୍ୱଯଂ ସ୍ୱର୍ଗାଦ୍ ଅୱରୋକ୍ଷ୍ୟତି ତେନ ଖ୍ରୀଷ୍ଟାଶ୍ରିତା ମୃତଲୋକାଃ ପ୍ରଥମମ୍ ଉତ୍ଥାସ୍ୟାନ୍ତି|
34041101b8	ଅପରମ୍ ଅସ୍ମାକଂ ମଧ୍ୟେ ଯେ ଜୀୱନ୍ତୋଽୱଶେକ୍ଷ୍ୟନ୍ତେ ତ ଆକାଶେ ପ୍ରଭୋଃ ସାକ୍ଷାତ୍କରଣାର୍ଥଂ ତୈଃ ସାର୍ଦ୍ଧଂ ମେଘୱାହନେନ ହରିଷ୍ୟନ୍ତେ; ଇତ୍ଥଞ୍ଚ ୱଯଂ ସର୍ୱ୍ୱଦା ପ୍ରଭୁନା ସାର୍ଦ୍ଧଂ ସ୍ଥାସ୍ୟାମଃ|
3404120072	ଅତୋ ଯୂଯମ୍ ଏତାଭିଃ କଥାଭିଃ ପରସ୍ପରଂ ସାନ୍ତ୍ୱଯତ|
34050100b8	ହେ ଭ୍ରାତରଃ, କାଲାନ୍ ସମଯାଂଶ୍ଚାଧି ଯୁଷ୍ମାନ୍ ପ୍ରତି ମମ ଲିଖନଂ ନିଷ୍ପ୍ରଯୋଜନଂ,
34050200ec	ଯତୋ ରାତ୍ରୌ ଯାଦୃକ୍ ତସ୍କରସ୍ତାଦୃକ୍ ପ୍ରଭୋ ର୍ଦିନମ୍ ଉପସ୍ଥାସ୍ୟତୀତି ଯୂଯଂ ସ୍ୱଯମେୱ ସମ୍ୟଗ୍ ଜାନୀଥ|
34050301c9	ଶାନ୍ତି ର୍ନିର୍ୱ୍ୱିନ୍ଘତ୍ୱଞ୍ଚ ୱିଦ୍ୟତ ଇତି ଯଦା ମାନୱା ୱଦିଷ୍ୟନ୍ତି ତଦା ପ୍ରସୱୱେଦନା ଯଦ୍ୱଦ୍ ଗର୍ବ୍ଭିନୀମ୍ ଉପତିଷ୍ଠତି ତଦ୍ୱଦ୍ ଅକସ୍ମାଦ୍ ୱିନାଶସ୍ତାନ୍ ଉପସ୍ଥାସ୍ୟତି ତୈରୁଦ୍ଧାରୋ ନ ଲପ୍ସ୍ୟତେ|
34050400fc	କିନ୍ତୁ ହେ ଭ୍ରାତରଃ, ଯୂଯମ୍ ଅନ୍ଧକାରେଣାୱୃତା ନ ଭୱଥ ତସ୍ମାତ୍ ତଦ୍ଦିନଂ ତସ୍କର ଇୱ ଯୁଷ୍ମାନ୍ ନ ପ୍ରାପ୍ସ୍ୟତି|
34050500ea	ସର୍ୱ୍ୱେ ଯୂଯଂ ଦୀପ୍ତେଃ ସନ୍ତାନା ଦିୱାଯାଶ୍ଚ ସନ୍ତାନା ଭୱଥ ୱଯଂ ନିଶାୱଂଶାସ୍ତିମିରୱଂଶା ୱା ନ ଭୱାମଃ|
3405060103	ଅତୋ ଽପରେ ଯଥା ନିଦ୍ରାଗତାଃ ସନ୍ତି ତଦ୍ୱଦ୍ ଅସ୍ମାଭି ର୍ନ ଭୱିତୱ୍ୟଂ କିନ୍ତୁ ଜାଗରିତୱ୍ୟଂ ସଚେତନୈଶ୍ଚ ଭୱିତୱ୍ୟଂ|
34050700dc	ଯେ ନିଦ୍ରାନ୍ତି ତେ ନିଶାଯାମେୱ ନିଦ୍ରାନ୍ତି ତେ ଚ ମତ୍ତା ଭୱନ୍ତି ତେ ରଜନ୍ୟାମେୱ ମତ୍ତା ଭୱନ୍ତି|
340508016b	କିନ୍ତୁ ୱଯଂ ଦିୱସସ୍ୟ ୱଂଶା ଭୱାମଃ; ଅତୋ ଽସ୍ମାଭି ର୍ୱକ୍ଷସି ପ୍ରତ୍ୟଯପ୍ରେମରୂପଂ କୱଚଂ ଶିରସି ଚ ପରିତ୍ରାଣାଶାରୂପଂ ଶିରସ୍ତ୍ରଂ ପରିଧାଯ ସଚେତନୈ ର୍ଭୱିତୱ୍ୟଂ|
3405090108	ଯତ ଈଶ୍ୱରୋଽସ୍ମାନ୍ କ୍ରୋଧେ ନ ନିଯୁଜ୍ୟାସ୍ମାକଂ ପ୍ରଭୁନା ଯୀଶୁଖ୍ରୀଷ୍ଟେନ ପରିତ୍ରାଣସ୍ୟାଧିକାରେ ନିଯୁକ୍ତୱାନ୍,
34050a00fd	ଜାଗ୍ରତୋ ନିଦ୍ରାଗତା ୱା ୱଯଂ ଯତ୍ ତେନ ପ୍ରଭୁନା ସହ ଜୀୱାମସ୍ତଦର୍ଥଂ ସୋଽସ୍ମାକଂ କୃତେ ପ୍ରାଣାନ୍ ତ୍ୟକ୍ତୱାନ୍|
34050b00b9	ଅତଏୱ ଯୂଯଂ ଯଦ୍ୱତ୍ କୁରୁଥ ତଦ୍ୱତ୍ ପରସ୍ପରଂ ସାନ୍ତ୍ୱଯତ ସୁସ୍ଥିରୀକୁରୁଧ୍ୱଞ୍ଚ|
34050c015b	ହେ ଭ୍ରାତରଃ, ଯୁଷ୍ମାକଂ ମଧ୍ୟେ ଯେ ଜନାଃ ପରିଶ୍ରମଂ କୁର୍ୱ୍ୱନ୍ତି ପ୍ରଭୋ ର୍ନାମ୍ନା ଯୁଷ୍ମାନ୍ ଅଧିତିଷ୍ଠନ୍ତ୍ୟୁପଦିଶନ୍ତି ଚ ତାନ୍ ଯୂଯଂ ସମ୍ମନ୍ୟଧ୍ୱଂ|
34050d00fc	ସ୍ୱକର୍ମ୍ମହେତୁନା ଚ ପ୍ରେମ୍ନା ତାନ୍ ଅତୀୱାଦୃଯଧ୍ୱମିତି ମମ ପ୍ରାର୍ଥନା, ଯୂଯଂ ପରସ୍ପରଂ ନିର୍ୱ୍ୱିରୋଧା ଭୱତ|
34050e0189	ହେ ଭ୍ରାତରଃ, ଯୁଷ୍ମାନ୍ ୱିନଯାମହେ ଯୂଯମ୍ ଅୱିହିତାଚାରିଣୋ ଲୋକାନ୍ ଭର୍ତ୍ସଯଧ୍ୱଂ, କ୍ଷୁଦ୍ରମନସଃ ସାନ୍ତ୍ୱଯତ, ଦୁର୍ବ୍ବଲାନ୍ ଉପକୁରୁତ, ସର୍ୱ୍ୱାନ୍ ପ୍ରତି ସହିଷ୍ଣୱୋ ଭୱତ ଚ|
34050f017f	ଅପରଂ କମପି ପ୍ରତ୍ୟନିଷ୍ଟସ୍ୟ ଫଲମ୍ ଅନିଷ୍ଟଂ କେନାପି ଯନ୍ନ କ୍ରିଯେତ ତଦର୍ଥଂ ସାୱଧାନା ଭୱତ, କିନ୍ତୁ ପରସ୍ପରଂ ସର୍ୱ୍ୱାନ୍ ମାନୱାଂଶ୍ଚ ପ୍ରତି ନିତ୍ୟଂ ହିତାଚାରିଣୋ ଭୱତ|
3405100028	ସର୍ୱ୍ୱଦାନନ୍ଦତ|
3405110051	ନିରନ୍ତରଂ ପ୍ରାର୍ଥନାଂ କୁରୁଧ୍ୱଂ|
340512010c	ସର୍ୱ୍ୱୱିଷଯେ କୃତଜ୍ଞତାଂ ସ୍ୱୀକୁରୁଧ୍ୱଂ ଯତ ଏତଦେୱ ଖ୍ରୀଷ୍ଟଯୀଶୁନା ଯୁଷ୍ମାନ୍ ପ୍ରତି ପ୍ରକାଶିତମ୍ ଈଶ୍ୱରାଭିମତଂ|
3405130055	ପୱିତ୍ରମ୍ ଆତ୍ମାନଂ ନ ନିର୍ୱ୍ୱାପଯତ|
340514003e	ଈଶ୍ୱରୀଯାଦେଶଂ ନାୱଜାନୀତ|
340515006c	ସର୍ୱ୍ୱାଣି ପରୀକ୍ଷ୍ୟ ଯଦ୍ ଭଦ୍ରଂ ତଦେୱ ଧାରଯତ|
3405160073	ଯତ୍ କିମପି ପାପରୂପଂ ଭୱତି ତସ୍ମାଦ୍ ଦୂରଂ ତିଷ୍ଠତ|
34051701fa	ଶାନ୍ତିଦାଯକ ଈଶ୍ୱରଃ ସ୍ୱଯଂ ଯୁଷ୍ମାନ୍ ସମ୍ପୂର୍ଣତ୍ୱେନ ପୱିତ୍ରାନ୍ କରୋତୁ, ଅପରମ୍ ଅସ୍ମତ୍ପ୍ରଭୋ ର୍ୟୀଶୁଖ୍ରୀଷ୍ଟସ୍ୟାଗମନଂ ଯାୱଦ୍ ଯୁଷ୍ମାକମ୍ ଆତ୍ମାନଃ ପ୍ରାଣାଃ ଶରୀରାଣି ଚ ନିଖିଲାନି ନିର୍ଦ୍ଦୋଷତ୍ୱେନ ରକ୍ଷ୍ୟନ୍ତାଂ|
340518008f	ଯୋ ଯୁଷ୍ମାନ୍ ଆହ୍ୱଯତି ସ ୱିଶ୍ୱସନୀଯୋଽତଃ ସ ତତ୍ ସାଧଯିଷ୍ୟତି|
3405190079	ହେ ଭ୍ରାତରଃ, ଅସ୍ମାକଂ କୃତେ ପ୍ରାର୍ଥନାଂ କୁରୁଧ୍ୱଂ|
34051a0092	ପୱିତ୍ରଚୁମ୍ବନେନ ସର୍ୱ୍ୱାନ୍ ଭ୍ରାତୃନ୍ ପ୍ରତି ସତ୍କୁରୁଧ୍ୱଂ|
34051b0125	ପତ୍ରମିଦଂ ସର୍ୱ୍ୱେଷାଂ ପୱିତ୍ରାଣାଂ ଭ୍ରାତୃଣାଂ ଶ୍ରୁତିଗୋଚରେ ଯୁଷ୍ମାଭିଃ ପଠ୍ୟତାମିତି ପ୍ରଭୋ ର୍ନାମ୍ନା ଯୁଷ୍ମାନ୍ ଶପଯାମି|
34051c00ac	ଅସ୍ମାକଂ ପ୍ରଭୋ ର୍ୟୀଶୁଖ୍ରୀଷ୍ଟସ୍ୟାନୁଗ୍ରତେ ଯୁଷ୍ମାସୁ ଭୂଯାତ୍| ଆମେନ୍|
3500000022	୨ ଥିଷଲନୀକିନଃ
3501010162	ପୌଲଃ ସିଲ୍ୱାନସ୍ତୀମଥିଯଶ୍ଚେତିନାମାନୋ ୱଯମ୍ ଅସ୍ମଦୀଯତାତମ୍ ଈଶ୍ୱରଂ ପ୍ରଭୁଂ ଯୀଶୁଖ୍ରୀଷ୍ଟଞ୍ଚାଶ୍ରିତାଂ ଥିଷଲନୀକିନାଂ ସମିତିଂ ପ୍ରତି ପତ୍ରଂ ଲିଖାମଃ|
35010200e3	ଅସ୍ମାକଂ ତାତ ଈଶ୍ୱରଃ ପ୍ରଭୁ ର୍ୟୀଶୁଖ୍ରୀଷ୍ଟଶ୍ଚ ଯୁଷ୍ମାସ୍ୱନୁଗ୍ରହଂ ଶାନ୍ତିଞ୍ଚ କ୍ରିଯାସ୍ତାଂ|
35010301d1	ହେ ଭ୍ରାତରଃ, ଯୁଷ୍ମାକଂ କୃତେ ସର୍ୱ୍ୱଦା ଯଥାଯୋଗ୍ୟମ୍ ଈଶ୍ୱରସ୍ୟ ଧନ୍ୟୱାଦୋ ଽସ୍ମାଭିଃ କର୍ତ୍ତୱ୍ୟଃ, ଯତୋ ହେତୋ ର୍ୟୁଷ୍ମାକଂ ୱିଶ୍ୱାସ ଉତ୍ତରୋତ୍ତରଂ ୱର୍ଦ୍ଧତେ ପରସ୍ପରମ୍ ଏକୈକସ୍ୟ ପ୍ରେମ ଚ ବହୁଫଲଂ ଭୱତି|
350104018d	ତସ୍ମାଦ୍ ଯୁଷ୍ମାଭି ର୍ୟାୱନ୍ତ ଉପଦ୍ରୱକ୍ଲେଶାଃ ସହ୍ୟନ୍ତେ ତେଷୁ ଯଦ୍ ଧେର୍ୟ୍ୟଂ ଯଶ୍ଚ ୱିଶ୍ୱାସଃ ପ୍ରକାଶ୍ୟତେ ତତ୍କାରଣାଦ୍ ୱଯମ୍ ଈଶ୍ୱରୀଯସମିତିଷୁ ଯୁଷ୍ମାଭିଃ ଶ୍ଲାଘାମହେ|
350105011b	ତଚ୍ଚେଶ୍ୱରସ୍ୟ ନ୍ୟାଯୱିଚାରସ୍ୟ ପ୍ରମାଣଂ ଭୱତି ଯତୋ ଯୂଯଂ ଯସ୍ୟ କୃତେ ଦୁଃଖଂ ସହଧ୍ୱଂ ତସ୍ୟେଶ୍ୱରୀଯରାଜ୍ୟସ୍ୟ ଯୋଗ୍ୟା ଭୱଥ|
3501060159	ଯତଃ ସ୍ୱକୀଯସ୍ୱର୍ଗଦୂତାନାଂ ବଲୈଃ ସହିତସ୍ୟ ପ୍ରଭୋ ର୍ୟୀଶୋଃ ସ୍ୱର୍ଗାଦ୍ ଆଗମନକାଲେ ଯୁଷ୍ମାକଂ କ୍ଲେଶକେଭ୍ୟଃ କ୍ଲେଶେନ ଫଲଦାନଂ ସାର୍ଦ୍ଧମସ୍ମାଭିଶ୍ଚ
35010700b7	କ୍ଲିଶ୍ୟମାନେଭ୍ୟୋ ଯୁଷ୍ମଭ୍ୟଂ ଶାନ୍ତିଦାନମ୍ ଈଶ୍ୱରେଣ ନ୍ୟାଯ୍ୟଂ ଭୋତ୍ସ୍ୟତେ;
350108017d	ତଦାନୀମ୍ ଈଶ୍ୱରାନଭିଜ୍ଞେଭ୍ୟୋ ଽସ୍ମତ୍ପ୍ରଭୋ ର୍ୟୀଶୁଖ୍ରୀଷ୍ଟସ୍ୟ ସୁସଂୱାଦାଗ୍ରାହକେଭ୍ୟଶ୍ଚ ଲୋକେଭ୍ୟୋ ଜାଜ୍ୱଲ୍ୟମାନେନ ୱହ୍ନିନା ସମୁଚିତଂ ଫଲଂ ଯୀଶୁନା ଦାସ୍ୟତେ;
35010900cb	ତେ ଚ ପ୍ରଭୋ ର୍ୱଦନାତ୍ ପରାକ୍ରମଯୁକ୍ତୱିଭୱାଚ୍ଚ ସଦାତନୱିନାଶରୂପଂ ଦଣ୍ଡଂ ଲପ୍ସ୍ୟନ୍ତେ,
35010a01ca	କିନ୍ତୁ ତସ୍ମିନ୍ ଦିନେ ସ୍ୱକୀଯପୱିତ୍ରଲୋକେଷୁ ୱିରାଜିତୁଂ ଯୁଷ୍ମାନ୍ ଅପରାଂଶ୍ଚ ସର୍ୱ୍ୱାନ୍ ୱିଶ୍ୱାସିଲୋକାନ୍ ୱିସ୍ମାପଯିତୁଞ୍ଚ ସ ଆଗମିଷ୍ୟତି ଯତୋ ଽସ୍ମାକଂ ପ୍ରମାଣେ ଯୁଷ୍ମାଭି ର୍ୱିଶ୍ୱାସୋଽକାରି|
35010b01c9	ଅତୋଽସ୍ମାକମ୍ ଈଶ୍ୱରୋ ଯୁଷ୍ମାନ୍ ତସ୍ୟାହ୍ୱାନସ୍ୟ ଯୋଗ୍ୟାନ୍ କରୋତୁ ସୌଜନ୍ୟସ୍ୟ ଶୁଭଫଲଂ ୱିଶ୍ୱାସସ୍ୟ ଗୁଣଞ୍ଚ ପରାକ୍ରମେଣ ସାଧଯତ୍ୱିତି ପ୍ରାର୍ଥନାସ୍ମାଭିଃ ସର୍ୱ୍ୱଦା ଯୁଷ୍ମନ୍ନିମିତ୍ତଂ କ୍ରିଯତେ,
35010c01ad	ଯତସ୍ତଥା ସତ୍ୟସ୍ମାକମ୍ ଈଶ୍ୱରସ୍ୟ ପ୍ରଭୋ ର୍ୟୀଶୁଖ୍ରୀଷ୍ଟସ୍ୟ ଚାନୁଗ୍ରହାଦ୍ ଅସ୍ମତ୍ପ୍ରଭୋ ର୍ୟୀଶୁଖ୍ରୀଷ୍ଟସ୍ୟ ନାମ୍ନୋ ଗୌରୱଂ ଯୁଷ୍ମାସୁ ଯୁଷ୍ମାକମପି ଗୌରୱଂ ତସ୍ମିନ୍ ପ୍ରକାଶିଷ୍ୟତେ|
3502010134	ହେ ଭ୍ରାତରଃ, ଅସ୍ମାକଂ ପ୍ରଭୋ ର୍ୟୀଶୁଖ୍ରୀଷ୍ଟସ୍ୟାଗମନଂ ତସ୍ୟ ସମୀପେ ଽସ୍ମାକଂ ସଂସ୍ଥିତିଞ୍ଚାଧି ୱଯଂ ଯୁଷ୍ମାନ୍ ଇଦଂ ପ୍ରାର୍ଥଯାମହେ,
350202019c	ପ୍ରଭେସ୍ତଦ୍ ଦିନଂ ପ୍ରାଯେଣୋପସ୍ଥିତମ୍ ଇତି ଯଦି କଶ୍ଚିଦ୍ ଆତ୍ମନା ୱାଚା ୱା ପତ୍ରେଣ ୱାସ୍ମାକମ୍ ଆଦେଶଂ କଲ୍ପଯନ୍ ଯୁଷ୍ମାନ୍ ଗଦତି ତର୍ହି ଯୂଯଂ ତେନ ଚଞ୍ଚଲମନସ ଉଦ୍ୱିଗ୍ନାଶ୍ଚ ନ ଭୱତ|
3502030100	କେନାପି ପ୍ରକାରେଣ କୋଽପି ଯୁଷ୍ମାନ୍ ନ ୱଞ୍ଚଯତୁ ଯତସ୍ତସ୍ମାଦ୍ ଦିନାତ୍ ପୂର୍ୱ୍ୱଂ ଧର୍ମ୍ମଲୋପେନୋପସ୍ୟାତୱ୍ୟଂ,
35020401e0	ଯଶ୍ଚ ଜନୋ ୱିପକ୍ଷତାଂ କୁର୍ୱ୍ୱନ୍ ସର୍ୱ୍ୱସ୍ମାଦ୍ ଦେୱାତ୍ ପୂଜନୀଯୱସ୍ତୁଶ୍ଚୋନ୍ନଂସ୍ୟତେ ସ୍ୱମ୍ ଈଶ୍ୱରମିୱ ଦର୍ଶଯନ୍ ଈଶ୍ୱରୱଦ୍ ଈଶ୍ୱରସ୍ୟ ମନ୍ଦିର ଉପୱେକ୍ଷ୍ୟତି ଚ ତେନ ୱିନାଶପାତ୍ରେଣ ପାପପୁରୁଷେଣୋଦେତୱ୍ୟଂ|
35020500b2	ଯଦାହଂ ଯୁଷ୍ମାକଂ ସନ୍ନିଧାୱାସଂ ତଦାନୀମ୍ ଏତଦ୍ ଅକଥଯମିତି ଯୂଯଂ କିଂ ନ ସ୍ମରଥ?
35020600bf	ସାମ୍ପ୍ରତଂ ସ ଯେନ ନିୱାର୍ୟ୍ୟତେ ତଦ୍ ଯୂଯଂ ଜାନୀଥ, କିନ୍ତୁ ସ୍ୱସମଯେ ତେନୋଦେତୱ୍ୟଂ|
35020700e9	ୱିଧର୍ମ୍ମସ୍ୟ ନିଗୂଢୋ ଗୁଣ ଇଦାନୀମପି ଫଲତି କିନ୍ତୁ ଯସ୍ତଂ ନିୱାରଯତି ସୋଽଦ୍ୟାପି ଦୂରୀକୃତୋ ନାଭୱତ୍|
3502080157	ତସ୍ମିନ୍ ଦୂରୀକୃତେ ସ ୱିଧର୍ମ୍ମ୍ୟୁଦେଷ୍ୟତି କିନ୍ତୁ ପ୍ରଭୁ ର୍ୟୀଶୁଃ ସ୍ୱମୁଖପୱନେନ ତଂ ୱିଧ୍ୱଂସଯିଷ୍ୟତି ନିଜୋପସ୍ଥିତେସ୍ତେଜସା ୱିନାଶଯିଷ୍ୟତି ଚ|
35020901be	ଶଯତାନସ୍ୟ ଶକ୍ତିପ୍ରକାଶନାଦ୍ ୱିନାଶ୍ୟମାନାନାଂ ମଧ୍ୟେ ସର୍ୱ୍ୱୱିଧାଃ ପରାକ୍ରମା ଭ୍ରମିକା ଆଶ୍ଚର୍ୟ୍ୟକ୍ରିଯା ଲକ୍ଷଣାନ୍ୟଧର୍ମ୍ମଜାତା ସର୍ୱ୍ୱୱିଧପ୍ରତାରଣା ଚ ତସ୍ୟୋପସ୍ଥିତେଃ ଫଲଂ ଭୱିଷ୍ୟତି;
35020a00e4	ଯତୋ ହେତୋସ୍ତେ ପରିତ୍ରାଣପ୍ରାପ୍ତଯେ ସତ୍ୟଧର୍ମ୍ମସ୍ୟାନୁରାଗଂ ନ ଗୃହୀତୱନ୍ତସ୍ତସ୍ମାତ୍ କାରଣାଦ୍
35020b00da	ଈଶ୍ୱରେଣ ତାନ୍ ପ୍ରତି ଭ୍ରାନ୍ତିକରମାଯାଯାଂ ପ୍ରେଷିତାଯାଂ ତେ ମୃଷାୱାକ୍ୟେ ୱିଶ୍ୱସିଷ୍ୟନ୍ତି|
35020c010a	ଯତୋ ଯାୱନ୍ତୋ ମାନୱାଃ ସତ୍ୟଧର୍ମ୍ମେ ନ ୱିଶ୍ୱସ୍ୟାଧର୍ମ୍ମେଣ ତୁଷ୍ୟନ୍ତି ତୈଃ ସର୍ୱ୍ୱୈ ର୍ଦଣ୍ଡଭାଜନୈ ର୍ଭୱିତୱ୍ୟଂ|
35020d01de	ହେ ପ୍ରଭୋଃ ପ୍ରିଯା ଭ୍ରାତରଃ, ଯୁଷ୍ମାକଂ କୃତ ଈଶ୍ୱରସ୍ୟ ଧନ୍ୟୱାଦୋଽସ୍ମାଭିଃ ସର୍ୱ୍ୱଦା କର୍ତ୍ତୱ୍ୟୋ ଯତ ଈଶ୍ୱର ଆ ପ୍ରଥମାଦ୍ ଆତ୍ମନଃ ପାୱନେନ ସତ୍ୟଧର୍ମ୍ମେ ୱିଶ୍ୱାସେନ ଚ ପରିତ୍ରାଣାର୍ଥଂ ଯୁଷ୍ମାନ୍ ୱରୀତୱାନ୍
35020e0126	ତଦର୍ଥଞ୍ଚାସ୍ମାଭି ର୍ଘୋଷିତେନ ସୁସଂୱାଦେନ ଯୁଷ୍ମାନ୍ ଆହୂଯାସ୍ମାକଂ ପ୍ରଭୋ ର୍ୟୀଶୁଖ୍ରୀଷ୍ଟସ୍ୟ ତେଜସୋଽଧିକାରିଣଃ କରିଷ୍ୟତି|
35020f0132	ଅତୋ ହେ ଭ୍ରାତରଃ ଯୂଯମ୍ ଅସ୍ମାକଂ ୱାକ୍ୟୈଃ ପତ୍ରୈଶ୍ଚ ଯାଂ ଶିକ୍ଷାଂ ଲବ୍ଧୱନ୍ତସ୍ତାଂ କୃତ୍ସ୍ନାଂ ଶିକ୍ଷାଂ ଧାରଯନ୍ତଃ ସୁସ୍ଥିରା ଭୱତ|
350210018f	ଅସ୍ମାକଂ ପ୍ରଭୁ ର୍ୟୀଶୁଖ୍ରୀଷ୍ଟସ୍ତାତ ଈଶ୍ୱରଶ୍ଚାର୍ଥତୋ ଯୋ ଯୁଷ୍ମାସୁ ପ୍ରେମ କୃତୱାନ୍ ନିତ୍ୟାଞ୍ଚ ସାନ୍ତ୍ୱନାମ୍ ଅନୁଗ୍ରହେଣୋତ୍ତମପ୍ରତ୍ୟାଶାଞ୍ଚ ଯୁଷ୍ମଭ୍ୟଂ ଦତ୍ତୱାନ୍
3502110104	ସ ସ୍ୱଯଂ ଯୁଷ୍ମାକମ୍ ଅନ୍ତଃକରଣାନି ସାନ୍ତ୍ୱଯତୁ ସର୍ୱ୍ୱସ୍ମିନ୍ ସଦ୍ୱାକ୍ୟେ ସତ୍କର୍ମ୍ମଣି ଚ ସୁସ୍ଥିରୀକରୋତୁ ଚ|
3503010166	ହେ ଭ୍ରାତରଃ, ଶେଷେ ୱଦାମି, ଯୂଯମ୍ ଅସ୍ମଭ୍ୟମିଦଂ ପ୍ରାର୍ଥଯଧ୍ୱଂ ଯତ୍ ପ୍ରଭୋ ର୍ୱାକ୍ୟଂ ଯୁଷ୍ମାକଂ ମଧ୍ୟେ ଯଥା ତଥୈୱାନ୍ୟତ୍ରାପି ପ୍ରଚରେତ୍ ମାନ୍ୟଞ୍ଚ ଭୱେତ୍;
3503020105	ଯଚ୍ଚ ୱଯମ୍ ଅୱିୱେଚକେଭ୍ୟୋ ଦୁଷ୍ଟେଭ୍ୟଶ୍ଚ ଲୋକେଭ୍ୟୋ ରକ୍ଷାଂ ପ୍ରାପ୍ନୁଯାମ ଯତଃ ସର୍ୱ୍ୱେଷାଂ ୱିଶ୍ୱାସୋ ନ ଭୱତି|
35030300e6	କିନ୍ତୁ ପ୍ରଭୁ ର୍ୱିଶ୍ୱାସ୍ୟଃ ସ ଏୱ ଯୁଷ୍ମାନ୍ ସ୍ଥିରୀକରିଷ୍ୟତି ଦୁଷ୍ଟସ୍ୟ କରାଦ୍ ଉଦ୍ଧରିଷ୍ୟତି ଚ|
35030400ff	ଯୂଯମ୍ ଅସ୍ମାଭି ର୍ୟଦ୍ ଆଦିଶ୍ୟଧ୍ୱେ ତତ୍ କୁରୁଥ କରିଷ୍ୟଥ ଚେତି ୱିଶ୍ୱାସୋ ଯୁଷ୍ମାନଧି ପ୍ରଭୁନାସ୍ମାକଂ ଜାଯତେ|
35030500f0	ଈଶ୍ୱରସ୍ୟ ପ୍ରେମ୍ନି ଖ୍ରୀଷ୍ଟସ୍ୟ ସହିଷ୍ଣୁତାଯାଞ୍ଚ ପ୍ରଭୁଃ ସ୍ୱଯଂ ଯୁଷ୍ମାକମ୍ ଅନ୍ତଃକରଣାନି ୱିନଯତୁ|
35030601f4	ହେ ଭ୍ରାତରଃ, ଅସ୍ମତ୍ପ୍ରଭୋ ର୍ୟୀଶୁଖ୍ରୀଷ୍ଟସ୍ୟ ନାମ୍ନା ୱଯଂ ଯୁଷ୍ମାନ୍ ଇଦମ୍ ଆଦିଶାମଃ, ଅସ୍ମତ୍ତୋ ଯୁଷ୍ମାଭି ର୍ୟା ଶିକ୍ଷଲମ୍ଭି ତାଂ ୱିହାଯ କଶ୍ଚିଦ୍ ଭ୍ରାତା ଯଦ୍ୟୱିହିତାଚାରଂ କରୋତି ତର୍ହି ଯୂଯଂ ତସ୍ମାତ୍ ପୃଥଗ୍ ଭୱତ|
3503070113	ଯତୋ ୱଯଂ ଯୁଷ୍ମାଭିଃ କଥମ୍ ଅନୁକର୍ତ୍ତୱ୍ୟାସ୍ତଦ୍ ଯୂଯଂ ସ୍ୱଯଂ ଜାନୀଥ| ଯୁଷ୍ମାକଂ ମଧ୍ୟେ ୱଯମ୍ ଅୱିହିତାଚାରିଣୋ ନାଭୱାମ,
350308016d	ୱିନାମୂଲ୍ୟଂ କସ୍ୟାପ୍ୟନ୍ନଂ ନାଭୁଂଜ୍ମହି କିନ୍ତୁ କୋଽପି ଯଦ୍ ଅସ୍ମାଭି ର୍ଭାରଗ୍ରସ୍ତୋ ନ ଭୱେତ୍ ତଦର୍ଥଂ ଶ୍ରମେଣ କ୍ଲେଶେନ ଚ ଦିୱାନିଶଂ କାର୍ୟ୍ୟମ୍ ଅକୁର୍ମ୍ମ|
350309013d	ଅତ୍ରାସ୍ମାକମ୍ ଅଧିକାରୋ ନାସ୍ତୀତ୍ଥଂ ନହି କିନ୍ତ୍ୱସ୍ମାକମ୍ ଅନୁକରଣାଯ ଯୁଷ୍ମାନ୍ ଦୃଷ୍ଟାନ୍ତଂ ଦର୍ଶଯିତୁମ୍ ଇଚ୍ଛନ୍ତସ୍ତଦ୍ ଅକୁର୍ମ୍ମ|
35030a0115	ଯତୋ ଯେନ କାର୍ୟ୍ୟଂ ନ କ୍ରିଯତେ ତେନାହାରୋଽପି ନ କ୍ରିଯତାମିତି ୱଯଂ ଯୁଷ୍ମତ୍ସମୀପ ଉପସ୍ଥିତିକାଲେଽପି ଯୁଷ୍ମାନ୍ ଆଦିଶାମ|
35030b012c	ଯୁଷ୍ମନ୍ମଧ୍ୟେ ଽୱିହିତାଚାରିଣଃ କେଽପି ଜନା ୱିଦ୍ୟନ୍ତେ ତେ ଚ କାର୍ୟ୍ୟମ୍ ଅକୁର୍ୱ୍ୱନ୍ତ ଆଲସ୍ୟମ୍ ଆଚରନ୍ତୀତ୍ୟସ୍ମାଭିଃ ଶ୍ରୂଯତେ|
35030c017e	ତାଦୃଶାନ୍ ଲୋକାନ୍ ଅସ୍ମତପ୍ରଭୋ ର୍ୟୀଶୁଖ୍ରୀଷ୍ଟସ୍ୟ ନାମ୍ନା ୱଯମ୍ ଇଦମ୍ ଆଦିଶାମ ଆଜ୍ଞାପଯାମଶ୍ଚ, ତେ ଶାନ୍ତଭାୱେନ କାର୍ୟ୍ୟଂ କୁର୍ୱ୍ୱନ୍ତଃ ସ୍ୱକୀଯମନ୍ନଂ ଭୁଞ୍ଜତାଂ|
35030d006b	ଅପରଂ ହେ ଭ୍ରାତରଃ, ଯୂଯଂ ସଦାଚରଣେ ନ କ୍ଲାମ୍ୟତ|
35030e014c	ଯଦି ଚ କଶ୍ଚିଦେତତ୍ପତ୍ରେ ଲିଖିତାମ୍ ଅସ୍ମାକମ୍ ଆଜ୍ଞାଂ ନ ଗୃହ୍ଲାତି ତର୍ହି ଯୂଯଂ ତଂ ମାନୁଷଂ ଲକ୍ଷଯତ ତସ୍ୟ ସଂସର୍ଗଂ ତ୍ୟଜତ ଚ ତେନ ସ ତ୍ରପିଷ୍ୟତେ|
35030f0076	କିନ୍ତୁ ତଂ ନ ଶତ୍ରୁଂ ମନ୍ୟମାନା ଭ୍ରାତରମିୱ ଚେତଯତ|
350310011e	ଶାନ୍ତିଦାତା ପ୍ରଭୁଃ ସର୍ୱ୍ୱତ୍ର ସର୍ୱ୍ୱଥା ଯୁଷ୍ମଭ୍ୟଂ ଶାନ୍ତିଂ ଦେଯାତ୍| ପ୍ରଭୁ ର୍ୟୁଷ୍ମାକଂ ସର୍ୱ୍ୱେଷାଂ ସଙ୍ଗୀ ଭୂଯାତ୍|
350311010f	ନମସ୍କାର ଏଷ ପୌଲସ୍ୟ ମମ କରେଣ ଲିଖିତୋଽଭୂତ୍ ସର୍ୱ୍ୱସ୍ମିନ୍ ପତ୍ର ଏତନ୍ମମ ଚିହ୍ନମ୍ ଏତାଦୃଶୈରକ୍ଷରୈ ର୍ମଯା ଲିଖ୍ୟତେ|
35031200c8	ଅସ୍ମାକଂ ପ୍ରଭୋ ର୍ୟୀଶୁଖ୍ରୀଷ୍ଟସ୍ୟାନୁଗ୍ରହଃ ସର୍ୱ୍ୱେଷୁ ଯୁଷ୍ମାସୁ ଭୂଯାତ୍| ଆମେନ୍|
3600000019	୧ ତୀମଥିଯଃ
36010101e1	ଅସ୍ମାକଂ ତ୍ରାଣକର୍ତ୍ତୁରୀଶ୍ୱରସ୍ୟାସ୍ମାକଂ ପ୍ରତ୍ୟାଶାଭୂମେଃ ପ୍ରଭୋ ର୍ୟୀଶୁଖ୍ରୀଷ୍ଟସ୍ୟ ଚାଜ୍ଞାନୁସାରତୋ ଯୀଶୁଖ୍ରୀଷ୍ଟସ୍ୟ ପ୍ରେରିତଃ ପୌଲଃ ସ୍ୱକୀଯଂ ସତ୍ୟଂ ଧର୍ମ୍ମପୁତ୍ରଂ ତୀମଥିଯଂ ପ୍ରତି ପତ୍ରଂ ଲିଖତି|
3601020103	ଅସ୍ମାକଂ ତାତ ଈଶ୍ୱରୋଽସ୍ମାକଂ ପ୍ରଭୁ ର୍ୟୀଶୁଖ୍ରୀଷ୍ଟଶ୍ଚ ତ୍ୱଯି ଅନୁଗ୍ରହଂ ଦଯାଂ ଶାନ୍ତିଞ୍ଚ କୁର୍ୟ୍ୟାସ୍ତାଂ|
360103016c	ମାକିଦନିଯାଦେଶେ ମମ ଗମନକାଲେ ତ୍ୱମ୍ ଇଫିଷନଗରେ ତିଷ୍ଠନ୍ ଇତରଶିକ୍ଷା ନ ଗ୍ରହୀତୱ୍ୟା, ଅନନ୍ତେଷୂପାଖ୍ୟାନେଷୁ ୱଂଶାୱଲିଷୁ ଚ ଯୁଷ୍ମାଭି ର୍ମନୋ ନ ନିୱେଶିତୱ୍ୟମ୍
3601040156	ଇତି କାଂଶ୍ଚିତ୍ ଲୋକାନ୍ ଯଦ୍ ଉପଦିଶେରେତତ୍ ମଯାଦିଷ୍ଟୋଽଭୱଃ, ଯତଃ ସର୍ୱ୍ୱୈରେତୈ ର୍ୱିଶ୍ୱାସଯୁକ୍ତେଶ୍ୱରୀଯନିଷ୍ଠା ନ ଜାଯତେ କିନ୍ତୁ ୱିୱାଦୋ ଜାଯତେ|
36010500f3	ଉପଦେଶସ୍ୟ ତ୍ୱଭିପ୍ରେତଂ ଫଲଂ ନିର୍ମ୍ମଲାନ୍ତଃକରଣେନ ସତ୍ସଂୱେଦେନ ନିଷ୍କପଟୱିଶ୍ୱାସେନ ଚ ଯୁକ୍ତଂ ପ୍ରେମ|
36010600d6	କେଚିତ୍ ଜନାଶ୍ଚ ସର୍ୱ୍ୱାଣ୍ୟେତାନି ୱିହାଯ ନିରର୍ଥକକଥାନାମ୍ ଅନୁଗମନେନ ୱିପଥଗାମିନୋଽଭୱନ୍,
36010700e1	ଯଦ୍ ଭାଷନ୍ତେ ଯଚ୍ଚ ନିଶ୍ଚିନ୍ୱନ୍ତି ତନ୍ନ ବୁଧ୍ୟମାନା ୱ୍ୟୱସ୍ଥୋପଦେଷ୍ଟାରୋ ଭୱିତୁମ୍ ଇଚ୍ଛନ୍ତି|
36010800b4	ସା ୱ୍ୟୱସ୍ଥା ଯଦି ଯୋଗ୍ୟରୂପେଣ ଗୃହ୍ୟତେ ତର୍ହ୍ୟୁତ୍ତମା ଭୱତୀତି ୱଯଂ ଜାନୀମଃ|
360109016b	ଅପରଂ ସା ୱ୍ୟୱସ୍ଥା ଧାର୍ମ୍ମିକସ୍ୟ ୱିରୁଦ୍ଧା ନ ଭୱତି କିନ୍ତ୍ୱଧାର୍ମ୍ମିକୋ ଽୱାଧ୍ୟୋ ଦୁଷ୍ଟଃ ପାପିଷ୍ଠୋ ଽପୱିତ୍ରୋ ଽଶୁଚିଃ ପିତୃହନ୍ତା ମାତୃହନ୍ତା ନରହନ୍ତା
36010a00fb	ୱେଶ୍ୟାଗାମୀ ପୁଂମୈଥୁନୀ ମନୁଷ୍ୟୱିକ୍ରେତା ମିଥ୍ୟାୱାଦୀ ମିଥ୍ୟାଶପଥକାରୀ ଚ ସର୍ୱ୍ୱେଷାମେତେଷାଂ ୱିରୁଦ୍ଧା,
36010b01ae	ତଥା ସଚ୍ଚିଦାନନ୍ଦେଶ୍ୱରସ୍ୟ ଯୋ ୱିଭୱଯୁକ୍ତଃ ସୁସଂୱାଦୋ ମଯି ସମର୍ପିତସ୍ତଦନୁଯାଯିହିତୋପଦେଶସ୍ୟ ୱିପରୀତଂ ଯତ୍ କିଞ୍ଚିଦ୍ ଭୱତି ତଦ୍ୱିରୁଦ୍ଧା ସା ୱ୍ୟୱସ୍ଥେତି ତଦ୍ଗ୍ରାହିଣା ଜ୍ଞାତୱ୍ୟଂ|
36010c00af	ମହ୍ୟଂ ଶକ୍ତିଦାତା ଯୋଽସ୍ମାକଂ ପ୍ରଭୁଃ ଖ୍ରୀଷ୍ଟଯୀଶୁସ୍ତମହଂ ଧନ୍ୟଂ ୱଦାମି|
36010d01b5	ଯତଃ ପୁରା ନିନ୍ଦକ ଉପଦ୍ରାୱୀ ହିଂସକଶ୍ଚ ଭୂତ୍ୱାପ୍ୟହଂ ତେନ ୱିଶ୍ୱାସ୍ୟୋ ଽମନ୍ୟେ ପରିଚାରକତ୍ୱେ ନ୍ୟଯୁଜ୍ୟେ ଚ| ତଦ୍ ଅୱିଶ୍ୱାସାଚରଣମ୍ ଅଜ୍ଞାନେନ ମଯା କୃତମିତି ହେତୋରହଂ ତେନାନୁକମ୍ପିତୋଽଭୱଂ|
36010e00df	ଅପରଂ ଖ୍ରୀଷ୍ଟେ ଯୀଶୌ ୱିଶ୍ୱାସପ୍ରେମଭ୍ୟାଂ ସହିତୋଽସ୍ମତ୍ପ୍ରଭୋରନୁଗ୍ରହୋ ଽତୀୱ ପ୍ରଚୁରୋଽଭତ୍|
36010f0100	ପାପିନଃ ପରିତ୍ରାତୁଂ ଖ୍ରୀଷ୍ଟୋ ଯୀଶୁ ର୍ଜଗତି ସମୱତୀର୍ଣୋଽଭୱତ୍, ଏଷା କଥା ୱିଶ୍ୱାସନୀଯା ସର୍ୱ୍ୱୈ ଗ୍ରହଣୀଯା ଚ|
3601100262	ତେଷାଂ ପାପିନାଂ ମଧ୍ୟେଽହଂ ପ୍ରଥମ ଆସଂ କିନ୍ତୁ ଯେ ମାନୱା ଅନନ୍ତଜୀୱନପ୍ରାପ୍ତ୍ୟର୍ଥଂ ତସ୍ମିନ୍ ୱିଶ୍ୱସିଷ୍ୟନ୍ତି ତେଷାଂ ଦୃଷ୍ଟାନ୍ତେ ମଯି ପ୍ରଥମେ ଯୀଶୁନା ଖ୍ରୀଷ୍ଟେନ ସ୍ୱକୀଯା କୃତ୍ସ୍ନା ଚିରସହିଷ୍ଣୁତା ଯତ୍ ପ୍ରକାଶ୍ୟତେ ତଦର୍ଥମେୱାହମ୍ ଅନୁକମ୍ପାଂ ପ୍ରାପ୍ତୱାନ୍|
3601110117	ଅନାଦିରକ୍ଷଯୋଽଦୃଶ୍ୟୋ ରାଜା ଯୋଽଦ୍ୱିତୀଯଃ ସର୍ୱ୍ୱଜ୍ଞ ଈଶ୍ୱରସ୍ତସ୍ୟ ଗୌରୱଂ ମହିମା ଚାନନ୍ତକାଲଂ ଯାୱଦ୍ ଭୂଯାତ୍| ଆମେନ୍|
36011201a7	ହେ ପୁତ୍ର ତୀମଥିଯ ତ୍ୱଯି ଯାନି ଭୱିଷ୍ୟଦ୍ୱାକ୍ୟାନି ପୁରା କଥିତାନି ତଦନୁସାରାଦ୍ ଅହମ୍ ଏନମାଦେଶଂ ତ୍ୱଯି ସମର୍ପଯାମି, ତସ୍ୟାଭିପ୍ରାଯୋଽଯଂ ଯତ୍ତ୍ୱଂ ତୈ ର୍ୱାକ୍ୟୈରୁତ୍ତମଯୁଦ୍ଧଂ କରୋଷି
36011300df	ୱିଶ୍ୱାସଂ ସତ୍ସଂୱେଦଞ୍ଚ ଧାରଯସି ଚ| ଅନଯୋଃ ପରିତ୍ୟାଗାତ୍ କେଷାଞ୍ଚିଦ୍ ୱିଶ୍ୱାସତରୀ ଭଗ୍ନାଭୱତ୍|
3601140135	ହୁମିନାଯସିକନ୍ଦରୌ ତେଷାଂ ଯୌ ଦ୍ୱୌ ଜନୌ, ତୌ ଯଦ୍ ଧର୍ମ୍ମନିନ୍ଦାଂ ପୁନ ର୍ନ କର୍ତ୍ତୁଂ ଶିକ୍ଷେତେ ତଦର୍ଥଂ ମଯା ଶଯତାନସ୍ୟ କରେ ସମର୍ପିତୌ|
36020100a8	ମମ ପ୍ରଥମ ଆଦେଶୋଽଯଂ, ପ୍ରାର୍ଥନାୱିନଯନିୱେଦନଧନ୍ୟୱାଦାଃ କର୍ତ୍ତୱ୍ୟାଃ,
36020201d3	ସର୍ୱ୍ୱେଷାଂ ମାନୱାନାଂ କୃତେ ୱିଶେଷତୋ ୱଯଂ ଯତ୍ ଶାନ୍ତତ୍ୱେନ ନିର୍ୱ୍ୱିରୋଧତ୍ୱେନ ଚେଶ୍ଚରଭକ୍ତିଂ ୱିନୀତତ୍ୱଞ୍ଚାଚରନ୍ତଃ କାଲଂ ଯାପଯାମସ୍ତଦର୍ଥଂ ନୃପତୀନାମ୍ ଉଚ୍ଚପଦସ୍ଥାନାଞ୍ଚ କୃତେ ତେ କର୍ତ୍ତୱ୍ୟାଃ|
36020300b1	ଯତୋଽସ୍ମାକଂ ତାରକସ୍ୟେଶ୍ୱରସ୍ୟ ସାକ୍ଷାତ୍ ତଦେୱୋତ୍ତମଂ ଗ୍ରାହ୍ୟଞ୍ଚ ଭୱତି,
36020400a7	ସ ସର୍ୱ୍ୱେଷାଂ ମାନୱାନାଂ ପରିତ୍ରାଣଂ ସତ୍ୟଜ୍ଞାନପ୍ରାପ୍ତିଞ୍ଚେଚ୍ଛତି|
36020500cb	ଯତ ଏକୋଽଦ୍ୱିତୀଯ ଈଶ୍ୱରୋ ୱିଦ୍ୟତେ କିଞ୍ଚେଶ୍ୱରେ ମାନୱେଷୁ ଚୈକୋ ଽଦ୍ୱିତୀଯୋ ମଧ୍ୟସ୍ଥଃ
360206015e	ସ ନରାୱତାରଃ ଖ୍ରୀଷ୍ଟୋ ଯୀଶୁ ର୍ୱିଦ୍ୟତେ ଯଃ ସର୍ୱ୍ୱେଷାଂ ମୁକ୍ତେ ର୍ମୂଲ୍ୟମ୍ ଆତ୍ମଦାନଂ କୃତୱାନ୍| ଏତେନ ଯେନ ପ୍ରମାଣେନୋପଯୁକ୍ତେ ସମଯେ ପ୍ରକାଶିତୱ୍ୟଂ,
360207016c	ତଦ୍ଘୋଷଯିତା ଦୂତୋ ୱିଶ୍ୱାସେ ସତ୍ୟଧର୍ମ୍ମେ ଚ ଭିନ୍ନଜାତୀଯାନାମ୍ ଉପଦେଶକଶ୍ଚାହଂ ନ୍ୟଯୂଜ୍ୟେ, ଏତଦହଂ ଖ୍ରୀଷ୍ଟସ୍ୟ ନାମ୍ନା ଯଥାତଥ୍ୟଂ ୱଦାମି ନାନୃତଂ କଥଯାମି|
360208011c	ଅତୋ ମମାଭିମତମିଦଂ ପୁରୁଷୈଃ କ୍ରୋଧସନ୍ଦେହୌ ୱିନା ପୱିତ୍ରକରାନ୍ ଉତ୍ତୋଲ୍ୟ ସର୍ୱ୍ୱସ୍ମିନ୍ ସ୍ଥାନେ ପ୍ରାର୍ଥନା କ୍ରିଯତାଂ|
3602090192	ତଦ୍ୱତ୍ ନାର୍ୟ୍ୟୋଽପି ସଲଜ୍ଜାଃ ସଂଯତମନସଶ୍ଚ ସତ୍ୟୋ ଯୋଗ୍ୟମାଚ୍ଛାଦନଂ ପରିଦଧତୁ କିଞ୍ଚ କେଶସଂସ୍କାରୈଃ କଣକମୁକ୍ତାଭି ର୍ମହାର୍ଘ୍ୟପରିଚ୍ଛଦୈଶ୍ଚାତ୍ମଭୂଷଣଂ ନ କୁର୍ୱ୍ୱତ୍ୟଃ
36020a00c6	ସ୍ୱୀକୃତେଶ୍ୱରଭକ୍ତୀନାଂ ଯୋଷିତାଂ ଯୋଗ୍ୟୈଃ ସତ୍ୟର୍ମ୍ମଭିଃ ସ୍ୱଭୂଷଣଂ କୁର୍ୱ୍ୱତାଂ|
36020b007c	ନାରୀ ସମ୍ପୂର୍ଣୱିନୀତତ୍ୱେନ ନିର୍ୱିରୋଧଂ ଶିକ୍ଷତାଂ|
36020c00ef	ନାର୍ୟ୍ୟାଃ ଶିକ୍ଷାଦାନଂ ପୁରୁଷାଯାଜ୍ଞାଦାନଂ ୱାହଂ ନାନୁଜାନାମି ତଯା ନିର୍ୱ୍ୱିରୋଧତ୍ୱମ୍ ଆଚରିତୱ୍ୟଂ|
36020d007c	ଯତଃ ପ୍ରଥମମ୍ ଆଦମସ୍ତତଃ ପରଂ ହୱାଯାଃ ସୃଷ୍ଟି ର୍ବଭୂୱ|
36020e00d9	କିଞ୍ଚାଦମ୍ ଭ୍ରାନ୍ତିଯୁକ୍ତୋ ନାଭୱତ୍ ଯୋଷିଦେୱ ଭ୍ରାନ୍ତିଯୁକ୍ତା ଭୂତ୍ୱାତ୍ୟାଚାରିଣୀ ବଭୂୱ|
36020f013b	ତଥାପି ନାରୀଗଣୋ ଯଦି ୱିଶ୍ୱାସେ ପ୍ରେମ୍ନି ପୱିତ୍ରତାଯାଂ ସଂଯତମନସି ଚ ତିଷ୍ଠତି ତର୍ହ୍ୟପତ୍ୟପ୍ରସୱୱର୍ତ୍ମନା ପରିତ୍ରାଣଂ ପ୍ରାପ୍ସ୍ୟତି|
36030100c8	ଯଦି କଶ୍ଚିଦ୍ ଅଧ୍ୟକ୍ଷପଦମ୍ ଆକାଙ୍କ୍ଷତେ ତର୍ହି ସ ଉତ୍ତମଂ କର୍ମ୍ମ ଲିପ୍ସତ ଇତି ସତ୍ୟଂ|
3603020118	ଅତୋଽଧ୍ୟକ୍ଷେଣାନିନ୍ଦିତେନୈକସ୍ୟା ଯୋଷିତୋ ଭର୍ତ୍ରା ପରିମିତଭୋଗେନ ସଂଯତମନସା ସଭ୍ୟେନାତିଥିସେୱକେନ ଶିକ୍ଷଣେ ନିପୁଣେନ
36030300ac	ନ ମଦ୍ୟପେନ ନ ପ୍ରହାରକେଣ କିନ୍ତୁ ମୃଦୁଭାୱେନ ନିର୍ୱ୍ୱିୱାଦେନ ନିର୍ଲୋଭେନ
36030400ef	ସ୍ୱପରିୱାରାଣାମ୍ ଉତ୍ତମଶାସକେନ ପୂର୍ଣୱିନୀତତ୍ୱାଦ୍ ୱଶ୍ୟାନାଂ ସନ୍ତାନାନାଂ ନିଯନ୍ତ୍ରା ଚ ଭୱିତୱ୍ୟଂ|
36030500eb	ଯତ ଆତ୍ମପରିୱାରାନ୍ ଶାସିତୁଂ ଯୋ ନ ଶକ୍ନୋତି ତେନେଶ୍ୱରସ୍ୟ ସମିତେସ୍ତତ୍ତ୍ୱାୱଧାରଣଂ କଥଂ କାରିଷ୍ୟତେ?
36030600ea	ଅପରଂ ସ ଗର୍ୱ୍ୱିତୋ ଭୂତ୍ୱା ଯତ୍ ଶଯତାନ ଇୱ ଦଣ୍ଡଯୋଗ୍ୟୋ ନ ଭୱେତ୍ ତଦର୍ଥଂ ତେନ ନୱଶିଷ୍ୟେଣ ନ ଭୱିତୱ୍ୟଂ|
360307010c	ଯଚ୍ଚ ନିନ୍ଦାଯାଂ ଶଯତାନସ୍ୟ ଜାଲେ ଚ ନ ପତେତ୍ ତଦର୍ଥଂ ତେନ ବହିଃସ୍ଥଲୋକାନାମପି ମଧ୍ୟେ ସୁଖ୍ୟାତିଯୁକ୍ତେନ ଭୱିତୱ୍ୟଂ|
3603080104	ତଦ୍ୱତ୍ ପରିଚାରକୈରପି ୱିନୀତୈ ର୍ଦ୍ୱିୱିଧୱାକ୍ୟରହିତୈ ର୍ବହୁମଦ୍ୟପାନେ ଽନାସକ୍ତୈ ର୍ନିର୍ଲୋଭୈଶ୍ଚ ଭୱିତୱ୍ୟଂ,
3603090092	ନିର୍ମ୍ମଲସଂୱେଦେନ ଚ ୱିଶ୍ୱାସସ୍ୟ ନିଗୂଢୱାକ୍ୟଂ ଧାତିୱ୍ୟଞ୍ଚ|
36030a00e0	ଅଗ୍ରେ ତେଷାଂ ପରୀକ୍ଷା କ୍ରିଯତାଂ ତତଃ ପରମ୍ ଅନିନ୍ଦିତା ଭୂତ୍ୱା ତେ ପରିଚର୍ୟ୍ୟାଂ କୁର୍ୱ୍ୱନ୍ତୁ|
36030b00eb	ଅପରଂ ଯୋଷିଦ୍ଭିରପି ୱିନୀତାଭିରନପୱାଦିକାଭିଃ ସତର୍କାଭିଃ ସର୍ୱ୍ୱତ୍ର ୱିଶ୍ୱାସ୍ୟାଭିଶ୍ଚ ଭୱିତୱ୍ୟଂ|
36030c00ea	ପରିଚାରକା ଏକୈକଯୋଷିତୋ ଭର୍ତ୍ତାରୋ ଭୱେଯୁଃ, ନିଜସନ୍ତାନାନାଂ ପରିଜନାନାଞ୍ଚ ସୁଶାସନଂ କୁର୍ୟ୍ୟୁଶ୍ଚ|
36030d0132	ଯତଃ ସା ପରିଚର୍ୟ୍ୟା ଯୈ ର୍ଭଦ୍ରରୂପେଣ ସାଧ୍ୟତେ ତେ ଶ୍ରେଷ୍ଠପଦଂ ପ୍ରାପ୍ନୁୱନ୍ତି ଖ୍ରୀଷ୍ଟେ ଯୀଶୌ ୱିଶ୍ୱାସେନ ମହୋତ୍ସୁକା ଭୱନ୍ତି ଚ|
36030e00cd	ତ୍ୱାଂ ପ୍ରତ୍ୟେତତ୍ପତ୍ରଲେଖନସମଯେ ଶୀଘ୍ରଂ ତ୍ୱତ୍ସମୀପଗମନସ୍ୟ ପ୍ରତ୍ୟାଶା ମମ ୱିଦ୍ୟତେ|
36030f01a2	ଯଦି ୱା ୱିଲମ୍ବେଯ ତର୍ହୀଶ୍ୱରସ୍ୟ ଗୃହେ ଽର୍ଥତଃ ସତ୍ୟଧର୍ମ୍ମସ୍ୟ ସ୍ତମ୍ଭଭିତ୍ତିମୂଲସ୍ୱରୂପାଯାମ୍ ଅମରେଶ୍ୱରସ୍ୟ ସମିତୌ ତ୍ୱଯା କୀଦୃଶ ଆଚାରଃ କର୍ତ୍ତୱ୍ୟସ୍ତତ୍ ଜ୍ଞାତୁଂ ଶକ୍ଷ୍ୟତେ|
3603100251	ଅପରଂ ଯସ୍ୟ ମହତ୍ତ୍ୱଂ ସର୍ୱ୍ୱସ୍ୱୀକୃତମ୍ ଈଶ୍ୱରଭକ୍ତେସ୍ତତ୍ ନିଗୂଢୱାକ୍ୟମିଦମ୍ ଈଶ୍ୱରୋ ମାନୱଦେହେ ପ୍ରକାଶିତ ଆତ୍ମନା ସପୁଣ୍ୟୀକୃତୋ ଦୂତୈଃ ସନ୍ଦୃଷ୍ଟଃ ସର୍ୱ୍ୱଜାତୀଯାନାଂ ନିକଟେ ଘୋଷିତୋ ଜଗତୋ ୱିଶ୍ୱାସପାତ୍ରୀଭୂତସ୍ତେଜଃପ୍ରାପ୍ତଯେ ସ୍ୱର୍ଗଂ ନୀତଶ୍ଚେତି|
36040100ce	ପୱିତ୍ର ଆତ୍ମା ସ୍ପଷ୍ଟମ୍ ଇଦଂ ୱାକ୍ୟଂ ୱଦତି ଚରମକାଲେ କତିପଯଲୋକା ୱହ୍ନିନାଙ୍କିତତ୍ୱାତ୍
36040200cd	କଠୋରମନସାଂ କାପଟ୍ୟାଦ୍ ଅନୃତୱାଦିନାଂ ୱିୱାହନିଷେଧକାନାଂ ଭକ୍ଷ୍ୟୱିଶେଷନିଷେଧକାନାଞ୍ଚ
36040301ef	ଭୂତସ୍ୱରୂପାଣାଂ ଶିକ୍ଷାଯାଂ ଭ୍ରମକାତ୍ମନାଂ ୱାକ୍ୟେଷୁ ଚ ମନାଂସି ନିୱେଶ୍ୟ ଧର୍ମ୍ମାଦ୍ ଭ୍ରଂଶିଷ୍ୟନ୍ତେ| ତାନି ତୁ ଭକ୍ଷ୍ୟାଣି ୱିଶ୍ୱାସିନାଂ ସ୍ୱୀକୃତସତ୍ୟଧର୍ମ୍ମାଣାଞ୍ଚ ଧନ୍ୟୱାଦସହିତାଯ ଭୋଗାଯେଶ୍ୱରେଣ ସସୃଜିରେ|
3604040112	ଯତ ଈଶ୍ୱରେଣ ଯଦ୍ୟତ୍ ସୃଷ୍ଟଂ ତତ୍ ସର୍ୱ୍ୱମ୍ ଉତ୍ତମଂ ଯଦି ଚ ଧନ୍ୟୱାଦେନ ଭୁଜ୍ୟତେ ତର୍ହି ତସ୍ୟ କିମପି ନାଗ୍ରାହ୍ୟଂ ଭୱତି,
3604050085	ଯତ ଈଶ୍ୱରସ୍ୟ ୱାକ୍ୟେନ ପ୍ରାର୍ଥନଯା ଚ ତତ୍ ପୱିତ୍ରୀଭୱତି|
36040601a7	ଏତାନି ୱାକ୍ୟାନି ଯଦି ତ୍ୱଂ ଭ୍ରାତୃନ୍ ଜ୍ଞାପଯେସ୍ତର୍ହି ଯୀଶୁଖ୍ରୀଷ୍ଟସ୍ୟୋତ୍ତମ୍ଃ ପରିଚାରକୋ ଭୱିଷ୍ୟସି ଯୋ ୱିଶ୍ୱାସୋ ହିତୋପଦେଶଶ୍ଚ ତ୍ୱଯା ଗୃହୀତସ୍ତଦୀଯୱାକ୍ୟୈରାପ୍ୟାଯିଷ୍ୟସେ ଚ|
360407012e	ଯାନ୍ୟୁପାଖ୍ୟାନାନି ଦୁର୍ଭାୱାନି ୱୃଦ୍ଧଯୋଷିତାମେୱ ଯୋଗ୍ୟାନି ଚ ତାନି ତ୍ୱଯା ୱିସୃଜ୍ୟନ୍ତାମ୍ ଈଶ୍ୱରଭକ୍ତଯେ ଯତ୍ନଃ କ୍ରିଯତାଞ୍ଚ|
360408013d	ଯତଃ ଶାରୀରିକୋ ଯତ୍ନଃ ସ୍ୱଲ୍ପଫଲଦୋ ଭୱତି କିନ୍ତ୍ୱୀଶ୍ୱରଭକ୍ତିରୈହିକପାରତ୍ରିକଜୀୱନଯୋଃ ପ୍ରତିଜ୍ଞାଯୁକ୍ତା ସତୀ ସର୍ୱ୍ୱତ୍ର ଫଲଦା ଭୱତି|
36040900f4	ୱାକ୍ୟମେତଦ୍ ୱିଶ୍ୱସନୀଯଂ ସର୍ୱ୍ୱୈ ର୍ଗ୍ରହଣୀଯଞ୍ଚ ୱଯଞ୍ଚ ତଦର୍ଥମେୱ ଶ୍ରାମ୍ୟାମୋ ନିନ୍ଦାଂ ଭୁଂଜ୍ମହେ ଚ|
36040a00f1	ଯତୋ ହେତୋଃ ସର୍ୱ୍ୱମାନୱାନାଂ ୱିଶେଷତୋ ୱିଶ୍ୱାସିନାଂ ତ୍ରାତା ଯୋଽମର ଈଶ୍ୱରସ୍ତସ୍ମିନ୍ ୱଯଂ ୱିଶ୍ୱସାମଃ|
36040b0069	ତ୍ୱମ୍ ଏତାନି ୱାକ୍ୟାନି ପ୍ରଚାରଯ ସମୁପଦିଶ ଚ|
36040c0154	ଅଲ୍ପୱଯଷ୍କତ୍ୱାତ୍ କେନାପ୍ୟୱଜ୍ଞେଯୋ ନ ଭୱ କିନ୍ତ୍ୱାଲାପେନାଚରଣେନ ପ୍ରେମ୍ନା ସଦାତ୍ମତ୍ୱେନ ୱିଶ୍ୱାସେନ ଶୁଚିତ୍ୱେନ ଚ ୱିଶ୍ୱାସିନାମ୍ ଆଦର୍ଶୋ ଭୱ|
36040d00b2	ଯାୱନ୍ନାହମ୍ ଆଗମିଷ୍ୟାମି ତାୱତ୍ ତ୍ୱ ପାଠେ ଚେତଯନେ ଉପଦେଶେ ଚ ମନୋ ନିଧତ୍ସ୍ୱ|
36040e012b	ପ୍ରାଚୀନଗଣହସ୍ତାର୍ପଣସହିତେନ ଭୱିଷ୍ୟଦ୍ୱାକ୍ୟେନ ଯଦ୍ଦାନଂ ତୁଭ୍ୟଂ ୱିଶ୍ରାଣିତଂ ତୱାନ୍ତଃସ୍ଥେ ତସ୍ମିନ୍ ଦାନେ ଶିଥିଲମନା ମା ଭୱ|
36040f00d5	ଏତେଷୁ ମନୋ ନିୱେଶଯ, ଏତେଷୁ ୱର୍ତ୍ତସ୍ୱ, ଇତ୍ଥଞ୍ଚ ସର୍ୱ୍ୱୱିଷଯେ ତୱ ଗୁଣୱୃଦ୍ଧିଃ ପ୍ରକାଶତାଂ|
3604100125	ସ୍ୱସ୍ମିନ୍ ଉପଦେଶେ ଚ ସାୱଧାନୋ ଭୂତ୍ୱାୱତିଷ୍ଠସ୍ୱ ତତ୍ କୃତ୍ୱା ତ୍ୱଯାତ୍ମପରିତ୍ରାଣଂ ଶ୍ରୋତୃଣାଞ୍ଚ ପରିତ୍ରାଣଂ ସାଧଯିଷ୍ୟତେ|
360501009e	ତ୍ୱଂ ପ୍ରାଚୀନଂ ନ ଭର୍ତ୍ସଯ କିନ୍ତୁ ତଂ ପିତରମିୱ ଯୂନଶ୍ଚ ଭ୍ରାତୃନିୱ
36050200be	ୱୃଦ୍ଧାଃ ସ୍ତ୍ରିଯଶ୍ଚ ମାତୃନିୱ ଯୁୱତୀଶ୍ଚ ପୂର୍ଣଶୁଚିତ୍ୱେନ ଭଗିନୀରିୱ ୱିନଯସ୍ୱ|
360503004b	ଅପରଂ ସତ୍ୟୱିଧୱାଃ ସମ୍ମନ୍ୟସ୍ୱ|
36050401f4	କସ୍ୟାଶ୍ଚିଦ୍ ୱିଧୱାଯା ଯଦି ପୁତ୍ରାଃ ପୌତ୍ରା ୱା ୱିଦ୍ୟନ୍ତେ ତର୍ହି ତେ ପ୍ରଥମତଃ ସ୍ୱୀଯପରିଜନାନ୍ ସେୱିତୁଂ ପିତ୍ରୋଃ ପ୍ରତ୍ୟୁପକର୍ତ୍ତୁଞ୍ଚ ଶିକ୍ଷନ୍ତାଂ ଯତସ୍ତଦେୱେଶ୍ୱରସ୍ୟ ସାକ୍ଷାଦ୍ ଉତ୍ତମଂ ଗ୍ରାହ୍ୟଞ୍ଚ କର୍ମ୍ମ|
360505012a	ଅପରଂ ଯା ନାରୀ ସତ୍ୟୱିଧୱା ନାଥହୀନା ଚାସ୍ତି ସା ଈଶ୍ୱରସ୍ୟାଶ୍ରଯେ ତିଷ୍ଠନ୍ତୀ ଦିୱାନିଶଂ ନିୱେଦନପ୍ରାର୍ଥନାଭ୍ୟାଂ କାଲଂ ଯାପଯତି|
3605060089	କିନ୍ତୁ ଯା ୱିଧୱା ସୁଖଭୋଗାସକ୍ତା ସା ଜୀୱତ୍ୟପି ମୃତା ଭୱତି|
36050700aa	ଅତଏୱ ତା ଯଦ୍ ଅନିନ୍ଦିତା ଭୱେଯୂସ୍ତଦର୍ଥମ୍ ଏତାନି ତ୍ୱଯା ନିଦିଶ୍ୟନ୍ତାଂ|
360508011c	ଯଦି କଶ୍ଚିତ୍ ସ୍ୱଜାତୀଯାନ୍ ଲୋକାନ୍ ୱିଶେଷତଃ ସ୍ୱୀଯପରିଜନାନ୍ ନ ପାଲଯତି ତର୍ହି ସ ୱିଶ୍ୱାସାଦ୍ ଭ୍ରଷ୍ଟୋ ଽପ୍ୟଧମଶ୍ଚ ଭୱତି|
360509011e	ୱିଧୱାୱର୍ଗେ ଯସ୍ୟା ଗଣନା ଭୱତି ତଯା ଷଷ୍ଟିୱତ୍ସରେଭ୍ୟୋ ନ୍ୟୂନୱଯସ୍କଯା ନ ଭୱିତୱ୍ୟଂ; ଅପରଂ ପୂର୍ୱ୍ୱମ୍ ଏକସ୍ୱାମିକା ଭୂତ୍ୱା
36050a01c0	ସା ଯତ୍ ଶିଶୁପୋଷଣେନାତିଥିସେୱନେନ ପୱିତ୍ରଲୋକାନାଂ ଚରଣପ୍ରକ୍ଷାଲନେନ କ୍ଲିଷ୍ଟାନାମ୍ ଉପକାରେଣ ସର୍ୱ୍ୱୱିଧସତ୍କର୍ମ୍ମାଚରଣେନ ଚ ସତ୍କର୍ମ୍ମକରଣାତ୍ ସୁଖ୍ୟାତିପ୍ରାପ୍ତା ଭୱେତ୍ ତଦପ୍ୟାୱଶ୍ୟକଂ|
36050b00f8	କିନ୍ତୁ ଯୁୱତୀ ର୍ୱିଧୱା ନ ଗୃହାଣ ଯତଃ ଖ୍ରୀଷ୍ଟସ୍ୟ ୱୈପରୀତ୍ୟେନ ତାସାଂ ଦର୍ପେ ଜାତେ ତା ୱିୱାହମ୍ ଇଚ୍ଛନ୍ତି|
36050c008c	ତସ୍ମାଚ୍ଚ ପୂର୍ୱ୍ୱଧର୍ମ୍ମଂ ପରିତ୍ୟଜ୍ୟ ଦଣ୍ଡନୀଯା ଭୱନ୍ତି|
36050d0198	ଅନନ୍ତରଂ ତା ଗୃହାଦ୍ ଗୃହଂ ପର୍ୟ୍ୟଟନ୍ତ୍ୟ ଆଲସ୍ୟଂ ଶିକ୍ଷନ୍ତେ କେୱଲମାଲସ୍ୟଂ ନହି କିନ୍ତ୍ୱନର୍ଥକାଲାପଂ ପରାଧିକାରଚର୍ଚ୍ଚାଞ୍ଚାପି ଶିକ୍ଷମାଣା ଅନୁଚିତାନି ୱାକ୍ୟାନି ଭାଷନ୍ତେ|
36050e0162	ଅତୋ ମମେଚ୍ଛେଯଂ ଯୁୱତ୍ୟୋ ୱିଧୱା ୱିୱାହଂ କୁର୍ୱ୍ୱତାମ୍ ଅପତ୍ୟୱତ୍ୟୋ ଭୱନ୍ତୁ ଗୃହକର୍ମ୍ମ କୁର୍ୱ୍ୱତାଞ୍ଚେତ୍ଥଂ ୱିପକ୍ଷାଯ କିମପି ନିନ୍ଦାଦ୍ୱାରଂ ନ ଦଦତୁ|
36050f00a7	ଯତ ଇତଃ ପୂର୍ୱ୍ୱମ୍ ଅପି କାଶ୍ଚିତ୍ ଶଯତାନସ୍ୟ ପଶ୍ଚାଦ୍ଗାମିନ୍ୟୋ ଜାତାଃ|
36051001dc	ଅପରଂ ୱିଶ୍ୱାସିନ୍ୟା ୱିଶ୍ୱାସିନୋ ୱା କସ୍ୟାପି ପରିୱାରାଣାଂ ମଧ୍ୟେ ଯଦି ୱିଧୱା ୱିଦ୍ୟନ୍ତେ ତର୍ହି ସ ତାଃ ପ୍ରତିପାଲଯତୁ ତସ୍ମାତ୍ ସମିତୌ ଭାରେ ଽନାରୋପିତେ ସତ୍ୟୱିଧୱାନାଂ ପ୍ରତିପାଲନଂ କର୍ତ୍ତୁଂ ତଯା ଶକ୍ୟତେ|
3605110150	ଯେ ପ୍ରାଞ୍ଚଃ ସମିତିଂ ସମ୍ୟଗ୍ ଅଧିତିଷ୍ଠନ୍ତି ୱିଶେଷତ ଈଶ୍ୱରୱାକ୍ୟେନୋପଦେଶେନ ଚ ଯେ ଯତ୍ନଂ ୱିଦଧତେ ତେ ଦ୍ୱିଗୁଣସ୍ୟାଦରସ୍ୟ ଯୋଗ୍ୟା ମାନ୍ୟନ୍ତାଂ|
360512013a	ଯସ୍ମାତ୍ ଶାସ୍ତ୍ରେ ଲିଖିତମିଦମାସ୍ତେ, ତ୍ୱଂ ଶସ୍ୟମର୍ଦ୍ଦକୱୃଷସ୍ୟାସ୍ୟଂ ମା ବଧାନେତି, ଅପରମପି କାର୍ୟ୍ୟକୃଦ୍ ୱେତନସ୍ୟ ଯୋଗ୍ୟୋ ଭୱତୀତି|
36051300e9	ଦ୍ୱୌ ତ୍ରୀନ୍ ୱା ସାକ୍ଷିଣୋ ୱିନା କସ୍ୟାଚିତ୍ ପ୍ରାଚୀନସ୍ୟ ୱିରୁଦ୍ଧମ୍ ଅଭିଯୋଗସ୍ତ୍ୱଯା ନ ଗୃହ୍ୟତାଂ|
36051400e5	ଅପରଂ ଯେ ପାପମାଚରନ୍ତି ତାନ୍ ସର୍ୱ୍ୱେଷାଂ ସମକ୍ଷଂ ଭର୍ତ୍ସଯସ୍ୱ ତେନାପରେଷାମପି ଭୀତି ର୍ଜନିଷ୍ୟତେ|
36051501b0	ଅହମ୍ ଈଶ୍ୱରସ୍ୟ ପ୍ରଭୋ ର୍ୟୀଶୁଖ୍ରୀଷ୍ଟସ୍ୟ ମନୋନୀତଦିୱ୍ୟଦୂତାନାଞ୍ଚ ଗୋଚରେ ତ୍ୱାମ୍ ଇଦମ୍ ଆଜ୍ଞାପଯାମି ତ୍ୱଂ କସ୍ୟାପ୍ୟନୁରୋଧେନ କିମପି ନ କୁର୍ୱ୍ୱନ ୱିନାପକ୍ଷପାତମ୍ ଏତାନ ୱିଧୀନ୍ ପାଲଯ|
36051600e5	କସ୍ୟାପି ମୂର୍ଦ୍ଧି ହସ୍ତାପର୍ଣଂ ତ୍ୱରଯା ମାକାର୍ଷୀଃ| ପରପାପାନାଞ୍ଚାଂଶୀ ମା ଭୱ| ସ୍ୱଂ ଶୁଚିଂ ରକ୍ଷ|
36051700f4	ଅପରଂ ତୱୋଦରପୀଡାଯାଃ ପୁନଃ ପୁନ ଦୁର୍ବ୍ବଲତାଯାଶ୍ଚ ନିମିତ୍ତଂ କେୱଲଂ ତୋଯଂ ନ ପିୱନ୍ କିଞ୍ଚିନ୍ ମଦ୍ୟଂ ପିୱ|
36051800d1	କେଷାଞ୍ଚିତ୍ ମାନୱାନାଂ ପାପାନି ୱିଚାରାତ୍ ପୂର୍ୱ୍ୱଂ କେଷାଞ୍ଚିତ୍ ପଶ୍ଚାତ୍ ପ୍ରକାଶନ୍ତେ|
36051900d8	ତଥୈୱ ସତ୍କର୍ମ୍ମାଣ୍ୟପି ପ୍ରକାଶନ୍ତେ ତଦନ୍ୟଥା ସତି ପ୍ରଚ୍ଛନ୍ନାନି ସ୍ଥାତୁଂ ନ ଶକ୍ନୁୱନ୍ତି|
360601016d	ଯାୱନ୍ତୋ ଲୋକା ଯୁଗଧାରିଣୋ ଦାସାଃ ସନ୍ତି ତେ ସ୍ୱସ୍ୱସ୍ୱାମିନଂ ପୂର୍ଣସମାଦରଯୋଗ୍ୟଂ ମନ୍ୟନ୍ତାଂ ନୋ ଚେଦ୍ ଈଶ୍ୱରସ୍ୟ ନାମ୍ନ ଉପଦେଶସ୍ୟ ଚ ନିନ୍ଦା ସମ୍ଭୱିଷ୍ୟତି|
36060201cc	ଯେଷାଞ୍ଚ ସ୍ୱାମିନୋ ୱିଶ୍ୱାସିନଃ ଭୱନ୍ତି ତୈସ୍ତେ ଭ୍ରାତୃତ୍ୱାତ୍ ନାୱଜ୍ଞେଯାଃ କିନ୍ତୁ ତେ କର୍ମ୍ମଫଲଭୋଗିନୋ ୱିଶ୍ୱାସିନଃ ପ୍ରିଯାଶ୍ଚ ଭୱନ୍ତୀତି ହେତୋଃ ସେୱନୀଯା ଏୱ, ତ୍ୱମ୍ ଏତାନି ଶିକ୍ଷଯ ସମୁପଦିଶ ଚ|
3606030138	ଯଃ କଶ୍ଚିଦ୍ ଇତରଶିକ୍ଷାଂ କରୋତି, ଅସ୍ମାକଂ ପ୍ରଭୋ ର୍ୟୀଶୁଖ୍ରୀଷ୍ଟସ୍ୟ ହିତୱାକ୍ୟାନୀଶ୍ୱରଭକ୍ତେ ର୍ୟୋଗ୍ୟାଂ ଶିକ୍ଷାଞ୍ଚ ନ ସ୍ୱୀକରୋତି
36060400ce	ସ ଦର୍ପଧ୍ମାତଃ ସର୍ୱ୍ୱଥା ଜ୍ଞାନହୀନଶ୍ଚ ୱିୱାଦୈ ର୍ୱାଗ୍ୟୁଦ୍ଧୈଶ୍ଚ ରୋଗଯୁକ୍ତଶ୍ଚ ଭୱତି|
36060501ea	ତାଦୃଶାଦ୍ ଭାୱାଦ୍ ଈର୍ଷ୍ୟାୱିରୋଧାପୱାଦଦୁଷ୍ଟାସୂଯା ଭ୍ରଷ୍ଟମନସାଂ ସତ୍ୟଜ୍ଞାନହୀନାନାମ୍ ଈଶ୍ୱରଭକ୍ତିଂ ଲାଭୋପାଯମ୍ ଇୱ ମନ୍ୟମାନାନାଂ ଲୋକାନାଂ ୱିୱାଦାଶ୍ଚ ଜାଯନ୍ତେ ତାଦୃଶେଭ୍ୟୋ ଲୋକେଭ୍ୟସ୍ତ୍ୱଂ ପୃଥକ୍ ତିଷ୍ଠ|
36060600a3	ସଂଯତେଚ୍ଛଯା ଯୁକ୍ତା ଯେଶ୍ୱରଭକ୍ତିଃ ସା ମହାଲାଭୋପାଯୋ ଭୱତୀତି ସତ୍ୟଂ|
36060700fd	ଏତଜ୍ଜଗତ୍ପ୍ରୱେଶନକାଲେଽସ୍ମାଭିଃ କିମପି ନାନାଯି ତତ୍ତଯଜନକାଲେଽପି କିମପି ନେତୁଂ ନ ଶକ୍ଷ୍ୟତ ଇତି ନିଶ୍ଚିତଂ|
36060800b4	ଅତଏୱ ଖାଦ୍ୟାନ୍ୟାଚ୍ଛାଦନାନି ଚ ପ୍ରାପ୍ୟାସ୍ମାଭିଃ ସନ୍ତୁଷ୍ଟୈ ର୍ଭୱିତୱ୍ୟଂ|
3606090183	ଯେ ତୁ ଧନିନୋ ଭୱିତୁଂ ଚେଷ୍ଟନ୍ତେ ତେ ପରୀକ୍ଷାଯାମ୍ ଉନ୍ମାଥେ ପତନ୍ତି ଯେ ଚାଭିଲାଷା ମାନୱାନ୍ ୱିନାଶେ ନରକେ ଚ ମଜ୍ଜଯନ୍ତି ତାଦୃଶେଷ୍ୱଜ୍ଞାନାହିତାଭିଲାଷେଷ୍ୱପି ପତନ୍ତି|
36060a013e	ଯତୋଽର୍ଥସ୍ପୃହା ସର୍ୱ୍ୱେଷାଂ ଦୁରିତାନାଂ ମୂଲଂ ଭୱତି ତାମୱଲମ୍ବ୍ୟ କେଚିଦ୍ ୱିଶ୍ୱାସାଦ୍ ଅଭ୍ରଂଶନ୍ତ ନାନାକ୍ଲେଶୈଶ୍ଚ ସ୍ୱାନ୍ ଅୱିଧ୍ୟନ୍|
36060b011d	ହେ ଈଶ୍ୱରସ୍ୟ ଲୋକ ତ୍ୱମ୍ ଏତେଭ୍ୟଃ ପଲାଯ୍ୟ ଧର୍ମ୍ମ ଈଶ୍ୱରଭକ୍ତି ର୍ୱିଶ୍ୱାସଃ ପ୍ରେମ ସହିଷ୍ଣୁତା କ୍ଷାନ୍ତିଶ୍ଚୈତାନ୍ୟାଚର|
36060c0171	ୱିଶ୍ୱାସରୂପମ୍ ଉତ୍ତମଯୁଦ୍ଧଂ କୁରୁ, ଅନନ୍ତଜୀୱନମ୍ ଆଲମ୍ବସ୍ୱ ଯତସ୍ତଦର୍ଥଂ ତ୍ୱମ୍ ଆହୂତୋ ଽଭୱଃ, ବହୁସାକ୍ଷିଣାଂ ସମକ୍ଷଞ୍ଚୋତ୍ତମାଂ ପ୍ରତିଜ୍ଞାଂ ସ୍ୱୀକୃତୱାନ୍|
36060d01b3	ଅପରଂ ସର୍ୱ୍ୱେଷାଂ ଜୀୱଯିତୁରୀଶ୍ୱରସ୍ୟ ସାକ୍ଷାଦ୍ ଯଶ୍ଚ ଖ୍ରୀଷ୍ଟୋ ଯୀଶୁଃ ପନ୍ତୀଯପୀଲାତସ୍ୟ ସମକ୍ଷମ୍ ଉତ୍ତମାଂ ପ୍ରତିଜ୍ଞାଂ ସ୍ୱୀକୃତୱାନ୍ ତସ୍ୟ ସାକ୍ଷାଦ୍ ଅହଂ ତ୍ୱାମ୍ ଇଦମ୍ ଆଜ୍ଞାପଯାମି|
36060e015d	ଈଶ୍ୱରେଣ ସ୍ୱସମଯେ ପ୍ରକାଶିତୱ୍ୟମ୍ ଅସ୍ମାକଂ ପ୍ରଭୋ ର୍ୟୀଶୁଖ୍ରୀଷ୍ଟସ୍ୟାଗମନଂ ଯାୱତ୍ ତ୍ୱଯା ନିଷ୍କଲଙ୍କତ୍ୱେନ ନିର୍ଦ୍ଦୋଷତ୍ୱେନ ଚ ୱିଧୀ ରକ୍ଷ୍ୟତାଂ|
36060f00bc	ସ ଈଶ୍ୱରଃ ସଚ୍ଚିଦାନନ୍ଦଃ, ଅଦ୍ୱିତୀଯସମ୍ରାଟ୍, ରାଜ୍ଞାଂ ରାଜା, ପ୍ରଭୂନାଂ ପ୍ରଭୁଃ,
360610015e	ଅମରତାଯା ଅଦ୍ୱିତୀଯ ଆକରଃ, ଅଗମ୍ୟତେଜୋନିୱାସୀ, ମର୍ତ୍ତ୍ୟାନାଂ କେନାପି ନ ଦୃଷ୍ଟଃ କେନାପି ନ ଦୃଶ୍ୟଶ୍ଚ| ତସ୍ୟ ଗୌରୱପରାକ୍ରମୌ ସଦାତନୌ ଭୂଯାସ୍ତାଂ| ଆମେନ୍|
360611013f	ଇହଲୋକେ ଯେ ଧନିନସ୍ତେ ଚିତ୍ତସମୁନ୍ନତିଂ ଚପଲେ ଧନେ ୱିଶ୍ୱାସଞ୍ଚ ନ କୁର୍ୱ୍ୱତାଂ କିନ୍ତୁ ଭୋଗାର୍ଥମ୍ ଅସ୍ମଭ୍ୟଂ ପ୍ରଚୁରତ୍ୱେନ ସର୍ୱ୍ୱଦାତା
3606120106	ଯୋଽମର ଈଶ୍ୱରସ୍ତସ୍ମିନ୍ ୱିଶ୍ୱସନ୍ତୁ ସଦାଚାରଂ କୁର୍ୱ୍ୱନ୍ତୁ ସତ୍କର୍ମ୍ମଧନେନ ଧନିନୋ ସୁକଲା ଦାତାରଶ୍ଚ ଭୱନ୍ତୁ,
36061300f9	ଯଥା ଚ ସତ୍ୟଂ ଜୀୱନଂ ପାପ୍ନୁଯୁସ୍ତଥା ପାରତ୍ରିକାମ୍ ଉତ୍ତମସମ୍ପଦଂ ସଞ୍ଚିନ୍ୱନ୍ତ୍ୱେତି ତ୍ୱଯାଦିଶ୍ୟନ୍ତାଂ|
36061400e7	ହେ ତୀମଥିଯ, ତ୍ୱମ୍ ଉପନିଧିଂ ଗୋପଯ କାଲ୍ପନିକୱିଦ୍ୟାଯା ଅପୱିତ୍ରଂ ପ୍ରଲାପଂ ୱିରୋଧୋକ୍ତିଞ୍ଚ ତ୍ୟଜ ଚ,
36061500fa	ଯତଃ କତିପଯା ଲୋକାସ୍ତାଂ ୱିଦ୍ୟାମୱଲମ୍ବ୍ୟ ୱିଶ୍ୱାସାଦ୍ ଭ୍ରଷ୍ଟା ଅଭୱନ| ପ୍ରସାଦସ୍ତୱ ସହାଯୋ ଭୂଯାତ୍| ଆମେନ୍|
3700000019	୨ ତୀମଥିଯଃ
370101019d	ଖ୍ରୀଷ୍ଟେନ ଯୀଶୁନା ଯା ଜୀୱନସ୍ୟ ପ୍ରତିଜ୍ଞା ତାମଧୀଶ୍ୱରସ୍ୟେଚ୍ଛଯା ଯୀଶୋଃ ଖ୍ରୀଷ୍ଟସ୍ୟୈକଃ ପ୍ରେରିତଃ ପୌଲୋଽହଂ ସ୍ୱକୀଯଂ ପ୍ରିଯଂ ଧର୍ମ୍ମପୁତ୍ରଂ ତୀମଥିଯଂ ପ୍ରତି ପତ୍ରଂ ଲିଖାମି|
37010200e4	ତାତ ଈଶ୍ୱରୋଽସ୍ମାକଂ ପ୍ରଭୁ ର୍ୟୀଶୁଖ୍ରୀଷ୍ଟଶ୍ଚ ତ୍ୱଯି ପ୍ରସାଦଂ ଦଯାଂ ଶାନ୍ତିଞ୍ଚ କ୍ରିଯାସ୍ତାଂ|
3701030150	ଅହମ୍ ଆ ପୂର୍ୱ୍ୱପୁରୁଷାତ୍ ଯମ୍ ଈଶ୍ୱରଂ ପୱିତ୍ରମନସା ସେୱେ ତଂ ଧନ୍ୟଂ ୱଦନଂ କଥଯାମି, ଅହମ୍ ଅହୋରାତ୍ରଂ ପ୍ରାର୍ଥନାସମଯେ ତ୍ୱାଂ ନିରନ୍ତରଂ ସ୍ମରାମି|
370104012e	ଯଶ୍ଚ ୱିଶ୍ୱାସଃ ପ୍ରଥମେ ଲୋଯୀନାମିକାଯାଂ ତୱ ମାତାମହ୍ୟାମ୍ ଉନୀକୀନାମିକାଯାଂ ମାତରି ଚାତିଷ୍ଠତ୍ ତୱାନ୍ତରେଽପି ତିଷ୍ଠତୀତି ମନ୍ୟେ
370105012f	ତୱ ତଂ ନିଷ୍କପଟଂ ୱିଶ୍ୱାସଂ ମନସି କୁର୍ୱ୍ୱନ୍ ତୱାଶ୍ରୁପାତଂ ସ୍ମରନ୍ ଯଥାନନ୍ଦେନ ପ୍ରଫଲ୍ଲୋ ଭୱେଯଂ ତଦର୍ଥଂ ତୱ ଦର୍ଶନମ୍ ଆକାଙ୍କ୍ଷେ|
3701060103	ଅତୋ ହେତୋ ର୍ମମ ହସ୍ତାର୍ପଣେନ ଲବ୍ଧୋ ଯ ଈଶ୍ୱରସ୍ୟ ୱରସ୍ତ୍ୱଯି ୱିଦ୍ୟତେ ତମ୍ ଉଜ୍ଜ୍ୱାଲଯିତୁଂ ତ୍ୱାଂ ସ୍ମାରଯାମି|
37010700f9	ଯତ ଈଶ୍ୱରୋଽସ୍ମଭ୍ୟଂ ଭଯଜନକମ୍ ଆତ୍ମାନମ୍ ଅଦତ୍ତ୍ୱା ଶକ୍ତିପ୍ରେମସତର୍କତାନାମ୍ ଆକରମ୍ ଆତ୍ମାନଂ ଦତ୍ତୱାନ୍|
3701080154	ଅତଏୱାସ୍ମାକଂ ପ୍ରଭୁମଧି ତସ୍ୟ ୱନ୍ଦିଦାସଂ ମାମଧି ଚ ପ୍ରମାଣଂ ଦାତୁଂ ନ ତ୍ରପସ୍ୱ କିନ୍ତ୍ୱୀଶ୍ୱରୀଯଶକ୍ତ୍ୟା ସୁସଂୱାଦସ୍ୟ କୃତେ ଦୁଃଖସ୍ୟ ସହଭାଗୀ ଭୱ|
370109021f	ସୋଽସ୍ମାନ୍ ପରିତ୍ରାଣପାତ୍ରାଣି କୃତୱାନ୍ ପୱିତ୍ରେଣାହ୍ୱାନେନାହୂତୱାଂଶ୍ଚ; ଅସ୍ମତ୍କର୍ମ୍ମହେତୁନେତି ନହି ସ୍ୱୀଯନିରୂପାଣସ୍ୟ ପ୍ରସାଦସ୍ୟ ଚ କୃତେ ତତ୍ କୃତୱାନ୍| ସ ପ୍ରସାଦଃ ସୃଷ୍ଟେଃ ପୂର୍ୱ୍ୱକାଲେ ଖ୍ରୀଷ୍ଟେନ ଯୀଶୁନାସ୍ମଭ୍ୟମ୍ ଅଦାଯି,
37010a0170	କିନ୍ତ୍ୱଧୁନାସ୍ମାକଂ ପରିତ୍ରାତୁ ର୍ୟୀଶୋଃ ଖ୍ରୀଷ୍ଟସ୍ୟାଗମନେନ ପ୍ରାକାଶତ| ଖ୍ରୀଷ୍ଟୋ ମୃତ୍ୟୁଂ ପରାଜିତୱାନ୍ ସୁସଂୱାଦେନ ଚ ଜୀୱନମ୍ ଅମରତାଞ୍ଚ ପ୍ରକାଶିତୱାନ୍|
37010b00aa	ତସ୍ୟ ଘୋଷଯିତା ଦୂତଶ୍ଚାନ୍ୟଜାତୀଯାନାଂ ଶିକ୍ଷକଶ୍ଚାହଂ ନିଯୁକ୍ତୋଽସ୍ମି|
37010c01c7	ତସ୍ମାତ୍ କାରଣାତ୍ ମମାଯଂ କ୍ଲେଶୋ ଭୱତି ତେନ ମମ ଲଜ୍ଜା ନ ଜାଯତେ ଯତୋଽହଂ ଯସ୍ମିନ୍ ୱିଶ୍ୱସିତୱାନ୍ ତମୱଗତୋଽସ୍ମି ମହାଦିନଂ ଯାୱତ୍ ମମୋପନିଧେ ର୍ଗୋପନସ୍ୟ ଶକ୍ତିସ୍ତସ୍ୟ ୱିଦ୍ୟତ ଇତି ନିଶ୍ଚିତଂ ଜାନାମି|
37010d00f4	ହିତଦାଯକାନାଂ ୱାକ୍ୟାନାମ୍ ଆଦର୍ଶରୂପେଣ ମତ୍ତଃ ଶ୍ରୁତାଃ ଖ୍ରୀଷ୍ଟେ ଯୀଶୌ ୱିଶ୍ୱାସପ୍ରେମ୍ନୋଃ କଥା ଧାରଯ|
37010e00b1	ଅପରମ୍ ଅସ୍ମଦନ୍ତର୍ୱାସିନା ପୱିତ୍ରେଣାତ୍ମନା ତାମୁତ୍ତମାମ୍ ଉପନିଧିଂ ଗୋପଯ|
37010f0108	ଆଶିଯାଦେଶୀଯାଃ ସର୍ୱ୍ୱେ ମାଂ ତ୍ୟକ୍ତୱନ୍ତ ଇତି ତ୍ୱଂ ଜାନାସି ତେଷାଂ ମଧ୍ୟେ ଫୂଗିଲ୍ଲୋ ହର୍ମ୍ମଗିନିଶ୍ଚ ୱିଦ୍ୟେତେ|
37011000dc	ପ୍ରଭୁରନୀଷିଫରସ୍ୟ ପରିୱାରାନ୍ ପ୍ରତି କୃପାଂ ୱିଦଧାତୁ ଯତଃ ସ ପୁନଃ ପୁନ ର୍ମାମ୍ ଆପ୍ୟାଯିତୱାନ୍
37011100f5	ମମ ଶୃଙ୍ଖଲେନ ନ ତ୍ରପିତ୍ୱା ରୋମାନଗରେ ଉପସ୍ଥିତିସମଯେ ଯତ୍ନେନ ମାଂ ମୃଗଯିତ୍ୱା ମମୋଦ୍ଦେଶଂ ପ୍ରାପ୍ତୱାନ୍|
370112017b	ଅତୋ ୱିଚାରଦିନେ ସ ଯଥା ପ୍ରଭୋଃ କୃପାଭାଜନଂ ଭୱେତ୍ ତାଦୃଶଂ ୱରଂ ପ୍ରଭୁସ୍ତସ୍ମୈ ଦେଯାତ୍| ଇଫିଷନଗରେଽପି ସ କତି ପ୍ରକାରୈ ର୍ମାମ୍ ଉପକୃତୱାନ୍ ତତ୍ ତ୍ୱଂ ସମ୍ୟଗ୍ ୱେତ୍ସି|
37020100a9	ହେ ମମ ପୁତ୍ର, ଖ୍ରୀଷ୍ଟଯୀଶୁତୋ ଯୋଽନୁଗ୍ରହସ୍ତସ୍ୟ ବଲେନ ତ୍ୱଂ ବଲୱାନ୍ ଭୱ|
3702020144	ଅପରଂ ବହୁଭିଃ ସାକ୍ଷିଭିଃ ପ୍ରମାଣୀକୃତାଂ ଯାଂ ଶିକ୍ଷାଂ ଶ୍ରୁତୱାନସି ତାଂ ୱିଶ୍ୱାସ୍ୟେଷୁ ପରସ୍ମୈ ଶିକ୍ଷାଦାନେ ନିପୁଣେଷୁ ଚ ଲୋକେଷୁ ସମର୍ପଯ|
3702030083	ତ୍ୱଂ ଯୀଶୁଖ୍ରୀଷ୍ଟସ୍ୟୋତ୍ତମୋ ଯୋଦ୍ଧେୱ କ୍ଲେଶଂ ସହସ୍ୱ|
37020400ee	ଯୋ ଯୁଦ୍ଧଂ କରୋତି ସ ସାଂସାରିକେ ୱ୍ୟାପାରେ ମଗ୍ନୋ ନ ଭୱତି କିନ୍ତୁ ସ୍ୱନିଯୋଜଯିତ୍ରେ ରୋଚିତୁଂ ଚେଷ୍ଟତେ|
37020500d3	ଅପରଂ ଯୋ ମଲ୍ଲୈ ର୍ୟୁଧ୍ୟତି ସ ଯଦି ନିଯମାନୁସାରେଣ ନ ଯୁଦ୍ଧ୍ୟତି ତର୍ହି କିରୀଟଂ ନ ଲପ୍ସ୍ୟତେ|
370206009f	ଅପରଂ ଯଃ କୃଷୀୱଲଃ କର୍ମ୍ମ କରୋତି ତେନ ପ୍ରଥମେନ ଫଲଭାଗିନା ଭୱିତୱ୍ୟଂ|
37020700d0	ମଯା ଯଦୁଚ୍ୟତେ ତତ୍ ତ୍ୱଯା ବୁଧ୍ୟତାଂ ଯତଃ ପ୍ରଭୁସ୍ତୁଭ୍ୟଂ ସର୍ୱ୍ୱତ୍ର ବୁଦ୍ଧିଂ ଦାସ୍ୟତି|
37020800ed	ମମ ସୁସଂୱାଦସ୍ୟ ୱଚନାନୁସାରାଦ୍ ଦାଯୂଦ୍ୱଂଶୀଯଂ ମୃତଗଣମଧ୍ୟାଦ୍ ଉତ୍ଥାପିତଞ୍ଚ ଯୀଶୁଂ ଖ୍ରୀଷ୍ଟଂ ସ୍ମର|
370209012d	ତତ୍ସୁସଂୱାଦକାରଣାଦ୍ ଅହଂ ଦୁଷ୍କର୍ମ୍ମେୱ ବନ୍ଧନଦଶାପର୍ୟ୍ୟନ୍ତଂ କ୍ଲେଶଂ ଭୁଞ୍ଜେ କିନ୍ତ୍ୱୀଶ୍ୱରସ୍ୟ ୱାକ୍ୟମ୍ ଅବଦ୍ଧଂ ତିଷ୍ଠତି|
37020a0162	ଖ୍ରୀଷ୍ଟେନ ଯୀଶୁନା ଯଦ୍ ଅନନ୍ତଗୌରୱସହିତଂ ପରିତ୍ରାଣଂ ଜାଯତେ ତଦଭିରୁଚିତୈ ର୍ଲୋକୈରପି ଯତ୍ ଲଭ୍ୟେତ ତଦର୍ଥମହଂ ତେଷାଂ ନିମିତ୍ତଂ ସର୍ୱ୍ୱାଣ୍ୟେତାନି ସହେ|
37020b0182	ଅପରମ୍ ଏଷା ଭାରତୀ ସତ୍ୟା ଯଦି ୱଯଂ ତେନ ସାର୍ଦ୍ଧଂ ମ୍ରିଯାମହେ ତର୍ହି ତେନ ସାର୍ଦ୍ଧଂ ଜୀୱିୱ୍ୟାମଃ, ଯଦି ଚ କ୍ଲେଶଂ ସହାମହେ ତର୍ହି ତେନ ସାର୍ଦ୍ଧଂ ରାଜତ୍ୱମପି କରିଷ୍ୟାମହେ|
37020c00a5	ଯଦି ୱଯଂ ତମ୍ ଅନଙ୍ଗୀକୁର୍ମ୍ମସ୍ତର୍ହି ସୋ ଽସ୍ମାନପ୍ୟନଙ୍ଗୀକରିଷ୍ୟତି|
37020d00d4	ଯଦି ୱଯଂ ନ ୱିଶ୍ୱାସାମସ୍ତର୍ହି ସ ୱିଶ୍ୱାସ୍ୟସ୍ତିଷ୍ଠତି ଯତଃ ସ୍ୱମ୍ ଅପହ୍ନୋତୁଂ ନ ଶକ୍ନୋତି|
37020e012b	ତ୍ୱମେତାନି ସ୍ମାରଯନ୍ ତେ ଯଥା ନିଷ୍ଫଲଂ ଶ୍ରୋତୃଣାଂ ଭ୍ରଂଶଜନକଂ ୱାଗ୍ୟୁଦ୍ଧଂ ନ କୁର୍ୟ୍ୟସ୍ତଥା ପ୍ରଭୋଃ ସମକ୍ଷଂ ଦୃଢଂ ୱିନୀଯାଦିଶ|
37020f015a	ଅପରଂ ତ୍ୱମ୍ ଈଶ୍ୱରସ୍ୟ ସାକ୍ଷାତ୍ ସ୍ୱଂ ପରୀକ୍ଷିତମ୍ ଅନିନ୍ଦନୀଯକର୍ମ୍ମକାରିଣଞ୍ଚ ସତ୍ୟମତସ୍ୟ ୱାକ୍ୟାନାଂ ସଦ୍ୱିଭଜନେ ନିପୁଣଞ୍ଚ ଦର୍ଶଯିତୁଂ ଯତସ୍ୱ|
37021000f1	କିନ୍ତ୍ୱପୱିତ୍ରା ଅନର୍ଥକକଥା ଦୂରୀକୁରୁ ଯତସ୍ତଦାଲମ୍ବିନ ଉତ୍ତରୋତ୍ତରମ୍ ଅଧର୍ମ୍ମେ ୱର୍ଦ୍ଧିଷ୍ୟନ୍ତେ,
370211014c	ତେଷାଞ୍ଚ ୱାକ୍ୟଂ ଗଲିତକ୍ଷତୱତ୍ କ୍ଷଯୱର୍ଦ୍ଧକୋ ଭୱିଷ୍ୟତି ତେଷାଂ ମଧ୍ୟେ ହୁମିନାଯଃ ଫିଲୀତଶ୍ଚେତିନାମାନୌ ଦ୍ୱୌ ଜନୌ ସତ୍ୟମତାଦ୍ ଭ୍ରଷ୍ଟୌ ଜାତୌ,
37021200ca	ମୃତାନାଂ ପୁନରୁତ୍ଥିତି ର୍ୱ୍ୟତୀତେତି ୱଦନ୍ତୌ କେଷାଞ୍ଚିଦ୍ ୱିଶ୍ୱାସମ୍ ଉତ୍ପାଟଯତଶ୍ଚ|
37021301e4	ତଥାପୀଶ୍ୱରସ୍ୟ ଭିତ୍ତିମୂଲମ୍ ଅଚଲଂ ତିଷ୍ଠତି ତସ୍ମିଂଶ୍ଚେଯଂ ଲିପି ର୍ମୁଦ୍ରାଙ୍କିତା ୱିଦ୍ୟତେ| ଯଥା, ଜାନାତି ପରମେଶସ୍ତୁ ସ୍ୱକୀଯାନ୍ ସର୍ୱ୍ୱମାନୱାନ୍| ଅପଗଚ୍ଛେଦ୍ ଅଧର୍ମ୍ମାଚ୍ଚ ଯଃ କଶ୍ଚିତ୍ ଖ୍ରୀଷ୍ଟନାମକୃତ୍||
37021401b4	କିନ୍ତୁ ବୃହନ୍ନିକେତନେ କେୱଲ ସୁୱର୍ଣମଯାନି ରୌପ୍ୟମଯାଣି ଚ ଭାଜନାନି ୱିଦ୍ୟନ୍ତ ଇତି ତର୍ହି କାଷ୍ଠମଯାନି ମୃଣ୍ମଯାନ୍ୟପି ୱିଦ୍ୟନ୍ତେ ତେଷାଞ୍ଚ କିଯନ୍ତି ସମ୍ମାନାଯ କିଯନ୍ତପମାନାଯ ଚ ଭୱନ୍ତି|
370215017d	ଅତୋ ଯଦି କଶ୍ଚିଦ୍ ଏତାଦୃଶେଭ୍ୟଃ ସ୍ୱଂ ପରିଷ୍କରୋତି ତର୍ହି ସ ପାୱିତଂ ପ୍ରଭୋଃ କାର୍ୟ୍ୟଯୋଗ୍ୟଂ ସର୍ୱ୍ୱସତ୍କାର୍ୟ୍ୟାଯୋପଯୁକ୍ତଂ ସମ୍ମାନାର୍ଥକଞ୍ଚ ଭାଜନଂ ଭୱିଷ୍ୟତି|
37021601db	ଯୌୱନାୱସ୍ଥାଯା ଅଭିଲାଷାସ୍ତ୍ୱଯା ପରିତ୍ୟଜ୍ୟନ୍ତାଂ ଧର୍ମ୍ମୋ ୱିଶ୍ୱାସଃ ପ୍ରେମ ଯେ ଚ ଶୁଚିମନୋଭିଃ ପ୍ରଭୁମ୍ ଉଦ୍ଦିଶ୍ୟ ପ୍ରାର୍ଥନାଂ କୁର୍ୱ୍ୱତେ ତୈଃ ସାର୍ଦ୍ଧମ୍ ଐକ୍ୟଭାୱଶ୍ଚୈତେଷୁ ତ୍ୱଯା ଯତ୍ନୋ ୱିଧୀଯତାଂ|
37021700e3	ଅପରଂ ତ୍ୱମ୍ ଅନର୍ଥକାନ୍ ଅଜ୍ଞାନାଂଶ୍ଚ ପ୍ରଶ୍ନାନ୍ ୱାଗ୍ୟୁଦ୍ଧୋତ୍ପାଦକାନ୍ ଜ୍ଞାତ୍ୱା ଦୂରୀକୁରୁ|
370218018f	ଯତଃ ପ୍ରଭୋ ର୍ଦାସେନ ଯୁଦ୍ଧମ୍ ଅକର୍ତ୍ତୱ୍ୟଂ କିନ୍ତୁ ସର୍ୱ୍ୱାନ୍ ପ୍ରତି ଶାନ୍ତେନ ଶିକ୍ଷାଦାନେଚ୍ଛୁକେନ ସହିଷ୍ଣୁନା ଚ ଭୱିତୱ୍ୟଂ, ୱିପକ୍ଷାଶ୍ଚ ତେନ ନମ୍ରତ୍ୱେନ ଚେତିତୱ୍ୟାଃ|
37021900d2	ତଥା କୃତେ ଯଦୀଶ୍ୱରଃ ସତ୍ୟମତସ୍ୟ ଜ୍ଞାନାର୍ଥଂ ତେଭ୍ୟୋ ମନଃପରିୱର୍ତ୍ତନରୂପଂ ୱରଂ ଦଦ୍ୟାତ୍,
37021a0107	ତର୍ହି ତେ ଯେନ ଶଯତାନେନ ନିଜାଭିଲାଷସାଧନାଯ ଧୃତାସ୍ତସ୍ୟ ଜାଲାତ୍ ଚେତନାଂ ପ୍ରାପ୍ୟୋଦ୍ଧାରଂ ଲବ୍ଧୁଂ ଶକ୍ଷ୍ୟନ୍ତି|
3703010089	ଚରମଦିନେଷୁ କ୍ଲେଶଜନକାଃ ସମଯା ଉପସ୍ଥାସ୍ୟନ୍ତୀତି ଜାନୀହି|
370302014a	ଯତସ୍ତାତ୍କାଲିକା ଲୋକା ଆତ୍ମପ୍ରେମିଣୋ ଽର୍ଥପ୍ରେମିଣ ଆତ୍ମଶ୍ଲାଘିନୋ ଽଭିମାନିନୋ ନିନ୍ଦକାଃ ପିତ୍ରୋରନାଜ୍ଞାଗ୍ରାହିଣଃ କୃତଘ୍ନା ଅପୱିତ୍ରାଃ
37030300cb	ପ୍ରୀତିୱର୍ଜିତା ଅସନ୍ଧେଯା ମୃଷାପୱାଦିନୋ ଽଜିତେନ୍ଦ୍ରିଯାଃ ପ୍ରଚଣ୍ଡା ଭଦ୍ରଦ୍ୱେଷିଣୋ
37030400c2	ୱିଶ୍ୱାସଘାତକା ଦୁଃସାହସିନୋ ଦର୍ପଧ୍ମାତା ଈଶ୍ୱରାପ୍ରେମିଣଃ କିନ୍ତୁ ସୁଖପ୍ରେମିଣୋ
37030500e3	ଭକ୍ତୱେଶାଃ କିନ୍ତ୍ୱସ୍ୱୀକୃତଭକ୍ତିଗୁଣା ଭୱିଷ୍ୟନ୍ତି; ଏତାଦୃଶାନାଂ ଲୋକାନାଂ ସଂମର୍ଗଂ ପରିତ୍ୟଜ|
3703060106	ଯତୋ ଯେ ଜନାଃ ପ୍ରଚ୍ଛନ୍ନଂ ଗେହାନ୍ ପ୍ରୱିଶନ୍ତି ପାପୈ ର୍ଭାରଗ୍ରସ୍ତା ନାନାୱିଧାଭିଲାଷୈଶ୍ଚାଲିତା ଯାଃ କାମିନ୍ୟୋ
3703070148	ନିତ୍ୟଂ ଶିକ୍ଷନ୍ତେ କିନ୍ତୁ ସତ୍ୟମତସ୍ୟ ତତ୍ତ୍ୱଜ୍ଞାନଂ ପ୍ରାପ୍ତୁଂ କଦାଚିତ୍ ନ ଶକ୍ନୁୱନ୍ତି ତା ଦାସୀୱଦ୍ ୱଶୀକୁର୍ୱ୍ୱତେ ଚ ତେ ତାଦୃଶା ଲୋକାଃ|
370308019a	ଯାନ୍ନି ର୍ୟାମ୍ବ୍ରିଶ୍ଚ ଯଥା ମୂସମଂ ପ୍ରତି ୱିପକ୍ଷତ୍ୱମ୍ ଅକୁରୁତାଂ ତଥୈୱ ଭ୍ରଷ୍ଟମନସୋ ୱିଶ୍ୱାସୱିଷଯେ ଽଗ୍ରାହ୍ୟାଶ୍ଚୈତେ ଲୋକା ଅପି ସତ୍ୟମତଂ ପ୍ରତି ୱିପକ୍ଷତାଂ କୁର୍ୱ୍ୱନ୍ତି|
3703090125	କିନ୍ତୁ ତେ ବହୁଦୂରମ୍ ଅଗ୍ରସରା ନ ଭୱିଷ୍ୟନ୍ତି ଯତସ୍ତଯୋ ର୍ମୂଢତା ଯଦ୍ୱତ୍ ତଦ୍ୱଦ୍ ଏତେଷାମପି ମୂଢତା ସର୍ୱ୍ୱଦୃଶ୍ୟା ଭୱିଷ୍ୟତି|
37030a00cc	ମମୋପଦେଶଃ ଶିଷ୍ଟତାଭିପ୍ରାଯୋ ୱିଶ୍ୱାସୋ ର୍ଧର୍ୟ୍ୟଂ ପ୍ରେମ ସହିଷ୍ଣୁତୋପଦ୍ରୱଃ କ୍ଲେଶା
37030b01aa	ଆନ୍ତିଯଖିଯାଯାମ୍ ଇକନିଯେ ଲୂସ୍ତ୍ରାଯାଞ୍ଚ ମାଂ ପ୍ରତି ଯଦ୍ୟଦ୍ ଅଘଟତ ଯାଂଶ୍ଚୋପଦ୍ରୱାନ୍ ଅହମ୍ ଅସହେ ସର୍ୱ୍ୱମେତତ୍ ତ୍ୱମ୍ ଅୱଗତୋଽସି କିନ୍ତୁ ତତ୍ସର୍ୱ୍ୱତଃ ପ୍ରଭୁ ର୍ମାମ୍ ଉଦ୍ଧୃତୱାନ୍|
37030c011c	ପରନ୍ତୁ ଯାୱନ୍ତୋ ଲୋକାଃ ଖ୍ରୀଷ୍ଟେନ ଯୀଶୁନେଶ୍ୱରଭକ୍ତିମ୍ ଆଚରିତୁମ୍ ଇଚ୍ଛନ୍ତି ତେଷାଂ ସର୍ୱ୍ୱେଷାମ୍ ଉପଦ୍ରୱୋ ଭୱିଷ୍ୟତି|
37030d00f8	ଅପରଂ ପାପିଷ୍ଠାଃ ଖଲାଶ୍ଚ ଲୋକା ଭ୍ରାମ୍ୟନ୍ତୋ ଭ୍ରମଯନ୍ତଶ୍ଚୋତ୍ତରୋତ୍ତରଂ ଦୁଷ୍ଟତ୍ୱେନ ୱର୍ଦ୍ଧିଷ୍ୟନ୍ତେ|
37030e013c	କିନ୍ତୁ ତ୍ୱଂ ଯଦ୍ ଯଦ୍ ଅଶିକ୍ଷଥାଃ, ଯଚ୍ଚ ତ୍ୱଯି ସମର୍ପିତମ୍ ଅଭୂତ୍ ତସ୍ମିନ୍ ଅୱତିଷ୍ଠ, ଯତଃ କସ୍ମାତ୍ ଶିକ୍ଷାଂ ପ୍ରାପ୍ତୋଽସି ତଦ୍ ୱେତ୍ସି;
37030f016b	ଯାନି ଚ ଧର୍ମ୍ମଶାସ୍ତ୍ରାଣି ଖ୍ରୀଷ୍ଟେ ଯୀଶୌ ୱିଶ୍ୱାସେନ ପରିତ୍ରାଣପ୍ରାପ୍ତଯେ ତ୍ୱାଂ ଜ୍ଞାନିନଂ କର୍ତ୍ତୁଂ ଶକ୍ନୁୱନ୍ତି ତାନି ତ୍ୱଂ ଶୈଶୱକାଲାଦ୍ ଅୱଗତୋଽସି|
370310010a	ତତ୍ ସର୍ୱ୍ୱଂ ଶାସ୍ତ୍ରମ୍ ଈଶ୍ୱରସ୍ୟାତ୍ମନା ଦତ୍ତଂ ଶିକ୍ଷାଯୈ ଦୋଷବୋଧାଯ ଶୋଧନାଯ ଧର୍ମ୍ମୱିନଯାଯ ଚ ଫଲଯୂକ୍ତଂ ଭୱତି
37031100b0	ତେନ ଚେଶ୍ୱରସ୍ୟ ଲୋକୋ ନିପୁଣଃ ସର୍ୱ୍ୱସ୍ମୈ ସତ୍କର୍ମ୍ମଣେ ସୁସଜ୍ଜଶ୍ଚ ଭୱତି|
370401018d	ଈଶ୍ୱରସ୍ୟ ଗୋଚରେ ଯଶ୍ଚ ଯୀଶୁଃ ଖ୍ରୀଷ୍ଟଃ ସ୍ୱୀଯାଗମନକାଲେ ସ୍ୱରାଜତ୍ୱେନ ଜୀୱତାଂ ମୃତାନାଞ୍ଚ ଲୋକାନାଂ ୱିଚାରଂ କରିଷ୍ୟତି ତସ୍ୟ ଗୋଚରେ ଽହଂ ତ୍ୱାମ୍ ଇଦଂ ଦୃଢମ୍ ଆଜ୍ଞାପଯାମି|
3704020111	ତ୍ୱଂ ୱାକ୍ୟଂ ଘୋଷଯ କାଲେଽକାଲେ ଚୋତ୍ସୁକୋ ଭୱ ପୂର୍ଣଯା ସହିଷ୍ଣୁତଯା ଶିକ୍ଷଯା ଚ ଲୋକାନ୍ ପ୍ରବୋଧଯ ଭର୍ତ୍ସଯ ୱିନଯସ୍ୱ ଚ|
3704030160	ଯତ ଏତାଦୃଶଃ ସମଯ ଆଯାତି ଯସ୍ମିନ୍ ଲୋକା ଯଥାର୍ଥମ୍ ଉପଦେଶମ୍ ଅସହ୍ୟମାନାଃ କର୍ଣକଣ୍ଡୂଯନୱିଶିଷ୍ଟା ଭୂତ୍ୱା ନିଜାଭିଲାଷାତ୍ ଶିକ୍ଷକାନ୍ ସଂଗ୍ରହୀଷ୍ୟନ୍ତି
37040400e1	ସତ୍ୟମତାଚ୍ଚ ଶ୍ରୋତ୍ରାଣି ନିୱର୍ତ୍ତ୍ୟ ୱିପଥଗାମିନୋ ଭୂତ୍ୱୋପାଖ୍ୟାନେଷୁ ପ୍ରୱର୍ତ୍ତିଷ୍ୟନ୍ତେ;
3704050146	କିନ୍ତୁ ତ୍ୱଂ ସର୍ୱ୍ୱୱିଷଯେ ପ୍ରବୁଦ୍ଧୋ ଭୱ ଦୁଃଖଭୋଗଂ ସ୍ୱୀକୁରୁ ସୁସଂୱାଦପ୍ରଚାରକସ୍ୟ କର୍ମ୍ମ ସାଧଯ ନିଜପରିଚର୍ୟ୍ୟାଂ ପୂର୍ଣତ୍ୱେନ କୁରୁ ଚ|
370406009c	ମମ ପ୍ରାଣାନାମ୍ ଉତ୍ସର୍ଗୋ ଭୱତି ମମ ପ୍ରସ୍ଥାନକାଲଶ୍ଚୋପାତିଷ୍ଠତ୍|
37040700ec	ଅହମ୍ ଉତ୍ତମଯୁଦ୍ଧଂ କୃତୱାନ୍ ଗନ୍ତୱ୍ୟମାର୍ଗସ୍ୟାନ୍ତଂ ଯାୱଦ୍ ଧାୱିତୱାନ୍ ୱିଶ୍ୱାସଞ୍ଚ ରକ୍ଷିତୱାନ୍|
3704080225	ଶେଷଂ ପୁଣ୍ୟମୁକୁଟଂ ମଦର୍ଥଂ ରକ୍ଷିତଂ ୱିଦ୍ୟତେ ତଚ୍ଚ ତସ୍ମିନ୍ ମହାଦିନେ ଯଥାର୍ଥୱିଚାରକେଣ ପ୍ରଭୁନା ମହ୍ୟଂ ଦାଯିଷ୍ୟତେ କେୱଲଂ ମହ୍ୟମ୍ ଇତି ନହି କିନ୍ତୁ ଯାୱନ୍ତୋ ଲୋକାସ୍ତସ୍ୟାଗମନମ୍ ଆକାଙ୍କ୍ଷନ୍ତେ ତେଭ୍ୟଃ ସର୍ୱ୍ୱେଭ୍ୟୋ ଽପି ଦାଯିଷ୍ୟତେ|
3704090062	ତ୍ୱଂ ତ୍ୱରଯା ମତ୍ସମୀପମ୍ ଆଗନ୍ତୁଂ ଯତସ୍ୱ,
37040a0141	ଯତୋ ଦୀମା ଐହିକସଂସାରମ୍ ଈହମାନୋ ମାଂ ପରିତ୍ୟଜ୍ୟ ଥିଷଲନୀକୀଂ ଗତୱାନ୍ ତଥା କ୍ରୀଷ୍କି ର୍ଗାଲାତିଯାଂ ଗତୱାନ୍ ତୀତଶ୍ଚ ଦାଲ୍ମାତିଯାଂ ଗତୱାନ୍|
37040b010e	କେୱଲୋ ଲୂକୋ ମଯା ସାର୍ଦ୍ଧଂ ୱିଦ୍ୟତେ| ତ୍ୱଂ ମାର୍କଂ ସଙ୍ଗିନଂ କୃତ୍ୱାଗଚ୍ଛ ଯତଃ ସ ପରିଚର୍ୟ୍ୟଯା ମମୋପକାରୀ ଭୱିଷ୍ୟତି,
37040c0060	ତୁଖିକଞ୍ଚାହମ୍ ଇଫିଷନଗରଂ ପ୍ରେଷିତୱାନ୍|
37040d014b	ଯଦ୍ ଆଚ୍ଛାଦନୱସ୍ତ୍ରଂ ତ୍ରୋଯାନଗରେ କାର୍ପସ୍ୟ ସନ୍ନିଧୌ ମଯା ନିକ୍ଷିପ୍ତଂ ତ୍ୱମାଗମନସମଯେ ତତ୍ ପୁସ୍ତକାନି ଚ ୱିଶେଷତଶ୍ଚର୍ମ୍ମଗ୍ରନ୍ଥାନ୍ ଆନଯ|
37040e00de	କାଂସ୍ୟକାରଃ ସିକନ୍ଦରୋ ମମ ବହ୍ୱନିଷ୍ଟଂ କୃତୱାନ୍ ପ୍ରଭୁସ୍ତସ୍ୟ କର୍ମ୍ମଣାଂ ସମୁଚିତଫଲଂ ଦଦାତୁ|
37040f00c9	ତ୍ୱମପି ତସ୍ମାତ୍ ସାୱଧାନାସ୍ତିଷ୍ଠ ଯତଃ ସୋଽସ୍ମାକଂ ୱାକ୍ୟାନାମ୍ ଅତୀୱ ୱିପକ୍ଷୋ ଜାତଃ|
3704100124	ମମ ପ୍ରଥମପ୍ରତ୍ୟୁତ୍ତରସମଯେ କୋଽପି ମମ ସହାଯୋ ନାଭୱତ୍ ସର୍ୱ୍ୱେ ମାଂ ପର୍ୟ୍ୟତ୍ୟଜନ୍ ତାନ୍ ପ୍ରତି ତସ୍ୟ ଦୋଷସ୍ୟ ଗଣନା ନ ଭୂଯାତ୍;
3704110196	କିନ୍ତୁ ପ୍ରଭୁ ର୍ମମ ସହାଯୋ ଽଭୱତ୍ ଯଥା ଚ ମଯା ଘୋଷଣା ସାଧ୍ୟେତ ଭିନ୍ନଜାତୀଯାଶ୍ଚ ସର୍ୱ୍ୱେ ସୁସଂୱାଦଂ ଶୃଣୁଯୁସ୍ତଥା ମହ୍ୟଂ ଶକ୍ତିମ୍ ଅଦଦାତ୍ ତତୋ ଽହଂ ସିଂହସ୍ୟ ମୁଖାଦ୍ ଉଦ୍ଧୃତଃ|
370412016e	ଅପରଂ ସର୍ୱ୍ୱସ୍ମାଦ୍ ଦୁଷ୍କର୍ମ୍ମତଃ ପ୍ରଭୁ ର୍ମାମ୍ ଉଦ୍ଧରିଷ୍ୟତି ନିଜସ୍ୱର୍ଗୀଯରାଜ୍ୟଂ ନେତୁଂ ମାଂ ତାରଯିଷ୍ୟତି ଚ| ତସ୍ୟ ଧନ୍ୟୱାଦଃ ସଦାକାଲଂ ଭୂଯାତ୍| ଆମେନ୍|
370413009c	ତ୍ୱଂ ପ୍ରିଷ୍କାମ୍ ଆକ୍କିଲମ୍ ଅନୀଷିଫରସ୍ୟ ପରିଜନାଂଶ୍ଚ ନମସ୍କୁରୁ|
37041400c8	ଇରାସ୍ତଃ କରିନ୍ଥନଗରେ ଽତିଷ୍ଠତ୍ ତ୍ରଫିମଶ୍ଚ ପୀଡିତତ୍ୱାତ୍ ମିଲୀତନଗରେ ମଯା ୱ୍ୟହୀଯତ|
3704150128	ତ୍ୱଂ ହେମନ୍ତକାଲାତ୍ ପୂର୍ୱ୍ୱମ୍ ଆଗନ୍ତୁଂ ଯତସ୍ୱ| ଉବୂଲଃ ପୂଦି ର୍ଲୀନଃ କ୍ଲୌଦିଯା ସର୍ୱ୍ୱେ ଭ୍ରାତରଶ୍ଚ ତ୍ୱାଂ ନମସ୍କୁର୍ୱ୍ୱତେ|
37041600ca	ପ୍ରଭୁ ର୍ୟୀଶୁଃ ଖ୍ରୀଷ୍ଟସ୍ତୱାତ୍ମନା ସହ ଭୂଯାତ୍| ଯୁଷ୍ମାସ୍ୱନୁଗ୍ରହୋ ଭୂଯାତ୍| ଆମେନ୍|
380000000c	ତୀତଃ
3801010155	ଅନନ୍ତଜୀୱନସ୍ୟାଶାତୋ ଜାତାଯା ଈଶ୍ୱରଭକ୍ତେ ର୍ୟୋଗ୍ୟସ୍ୟ ସତ୍ୟମତସ୍ୟ ଯତ୍ ତତ୍ୱଜ୍ଞାନଂ ଯଶ୍ଚ ୱିଶ୍ୱାସ ଈଶ୍ୱରସ୍ୟାଭିରୁଚିତଲୋକୈ ର୍ଲଭ୍ୟତେ ତଦର୍ଥଂ
380102011d	ଯୀଶୁଖ୍ରୀଷ୍ଟସ୍ୟ ପ୍ରେରିତ ଈଶ୍ୱରସ୍ୟ ଦାସଃ ପୌଲୋଽହଂ ସାଧାରଣୱିଶ୍ୱାସାତ୍ ମମ ପ୍ରକୃତଂ ଧର୍ମ୍ମପୁତ୍ରଂ ତୀତଂ ପ୍ରତି ଲିଖମି|
3801030111	ନିଷ୍କପଟ ଈଶ୍ୱର ଆଦିକାଲାତ୍ ପୂର୍ୱ୍ୱଂ ତତ୍ ଜୀୱନଂ ପ୍ରତିଜ୍ଞାତୱାନ୍ ସ୍ୱନିରୂପିତସମଯେ ଚ ଘୋଷଣଯା ତତ୍ ପ୍ରକାଶିତୱାନ୍|
380104019a	ମମ ତ୍ରାତୁରୀଶ୍ୱରସ୍ୟାଜ୍ଞଯା ଚ ତସ୍ୟ ଘୋଷଣଂ ମଯି ସମର୍ପିତମ୍ ଅଭୂତ୍| ଅସ୍ମାକଂ ତାତ ଈଶ୍ୱରଃ ପରିତ୍ରାତା ପ୍ରଭୁ ର୍ୟୀଶୁଖ୍ରୀଷ୍ଟଶ୍ଚ ତୁଭ୍ୟମ୍ ଅନୁଗ୍ରହଂ ଦଯାଂ ଶାନ୍ତିଞ୍ଚ ୱିତରତୁ|
380105017d	ତ୍ୱଂ ଯଦ୍ ଅସମ୍ପୂର୍ଣକାର୍ୟ୍ୟାଣି ସମ୍ପୂରଯେ ର୍ମଦୀଯାଦେଶାଚ୍ଚ ପ୍ରତିନଗରଂ ପ୍ରାଚୀନଗଣାନ୍ ନିଯୋଜଯେସ୍ତଦର୍ଥମହଂ ତ୍ୱାଂ କ୍ରୀତ୍ୟୁପଦ୍ୱୀପେ ସ୍ଥାପଯିତ୍ୱା ଗତୱାନ୍|
380106016a	ତସ୍ମାଦ୍ ଯୋ ନରୋ ଽନିନ୍ଦିତ ଏକସ୍ୟା ଯୋଷିତଃ ସ୍ୱାମୀ ୱିଶ୍ୱାସିନାମ୍ ଅପଚଯସ୍ୟାୱାଧ୍ୟତ୍ୱସ୍ୟ ୱା ଦୋଷେଣାଲିପ୍ତାନାଞ୍ଚ ସନ୍ତାନାନାଂ ଜନକୋ ଭୱତି ସ ଏୱ ଯୋଗ୍ୟଃ|
380107016f	ଯତୋ ହେତୋରଦ୍ୟକ୍ଷେଣେଶ୍ୱରସ୍ୟ ଗୃହାଦ୍ୟକ୍ଷେଣେୱାନିନ୍ଦନୀଯେନ ଭୱିତୱ୍ୟଂ| ତେନ ସ୍ୱେଚ୍ଛାଚାରିଣା କ୍ରୋଧିନା ପାନାସକ୍ତେନ ପ୍ରହାରକେଣ ଲୋଭିନା ୱା ନ ଭୱିତୱ୍ୟଂ
38010800fb	କିନ୍ତ୍ୱତିଥିସେୱକେନ ସଲ୍ଲୋକାନୁରାଗିଣା ୱିନୀତେନ ନ୍ୟାଯ୍ୟେନ ଧାର୍ମ୍ମିକେଣ ଜିତେନ୍ଦ୍ରିଯେଣ ଚ ଭୱିତୱ୍ୟଂ,
380109017a	ଉପଦେଶେ ଚ ୱିଶ୍ୱସ୍ତଂ ୱାକ୍ୟଂ ତେନ ଧାରିତୱ୍ୟଂ ଯତଃ ସ ଯଦ୍ ଯଥାର୍ଥେନୋପଦେଶେନ ଲୋକାନ୍ ୱିନେତୁଂ ୱିଘ୍ନକାରିଣଶ୍ଚ ନିରୁତ୍ତରାନ୍ କର୍ତ୍ତୁଂ ଶକ୍ନୁଯାତ୍ ତଦ୍ ଆୱଶ୍ୟକଂ|
38010a012f	ଯତସ୍ତେ ବହୱୋ ଽୱାଧ୍ୟା ଅନର୍ଥକୱାକ୍ୟୱାଦିନଃ ପ୍ରୱଞ୍ଚକାଶ୍ଚ ସନ୍ତି ୱିଶେଷତଶ୍ଛିନ୍ନତ୍ୱଚାଂ ମଧ୍ୟେ କେଚିତ୍ ତାଦୃଶା ଲୋକାଃ ସନ୍ତି|
38010b0133	ତେଷାଞ୍ଚ ୱାଗ୍ରୋଧ ଆୱଶ୍ୟକୋ ଯତସ୍ତେ କୁତ୍ସିତଲାଭସ୍ୟାଶଯାନୁଚିତାନି ୱାକ୍ୟାନି ଶିକ୍ଷଯନ୍ତୋ ନିଖିଲପରିୱାରାଣାଂ ସୁମତିଂ ନାଶଯନ୍ତି|
38010c016c	ତେଷାଂ ସ୍ୱଦେଶୀଯ ଏକୋ ଭୱିଷ୍ୟଦ୍ୱାଦୀ ୱଚନମିଦମୁକ୍ତୱାନ୍, ଯଥା, କ୍ରୀତୀଯମାନୱାଃ ସର୍ୱ୍ୱେ ସଦା କାପଟ୍ୟୱାଦିନଃ| ହିଂସ୍ରଜନ୍ତୁସମାନାସ୍ତେ ଽଲସାଶ୍ଚୋଦରଭାରତଃ||
38010d00e2	ସାକ୍ଷ୍ୟମେତତ୍ ତଥ୍ୟଂ, ଅତୋ ହେତୋସ୍ତ୍ୱଂ ତାନ୍ ଗାଢଂ ଭର୍ତ୍ସଯ ତେ ଚ ଯଥା ୱିଶ୍ୱାସେ ସ୍ୱସ୍ଥା ଭୱେଯୁ
38010e00ef	ର୍ୟିହୂଦୀଯୋପାଖ୍ୟାନେଷୁ ସତ୍ୟମତଭ୍ରଷ୍ଟାନାଂ ମାନୱାନାମ୍ ଆଜ୍ଞାସୁ ଚ ମନାଂସି ନ ନିୱେଶଯେଯୁସ୍ତଥାଦିଶ|
38010f0186	ଶୁଚୀନାଂ କୃତେ ସର୍ୱ୍ୱାଣ୍ୟେୱ ଶୁଚୀନି ଭୱନ୍ତି କିନ୍ତୁ କଲଙ୍କିତାନାମ୍ ଅୱିଶ୍ୱାସିନାଞ୍ଚ କୃତେ ଶୁଚି କିମପି ନ ଭୱତି ଯତସ୍ତେଷାଂ ବୁଦ୍ଧଯଃ ସଂୱେଦାଶ୍ଚ କଲଙ୍କିତାଃ ସନ୍ତି|
380110017a	ଈଶ୍ୱରସ୍ୟ ଜ୍ଞାନଂ ତେ ପ୍ରତିଜାନନ୍ତି କିନ୍ତୁ କର୍ମ୍ମଭିସ୍ତଦ୍ ଅନଙ୍ଗୀକୁର୍ୱ୍ୱତେ ଯତସ୍ତେ ଗର୍ହିତା ଅନାଜ୍ଞାଗ୍ରାହିଣଃ ସର୍ୱ୍ୱସତ୍କର୍ମ୍ମଣଶ୍ଚାଯୋଗ୍ୟାଃ ସନ୍ତି|
3802010078	ଯଥାର୍ଥସ୍ୟୋପଦେଶସ୍ୟ ୱାକ୍ୟାନି ତ୍ୱଯା କଥ୍ୟନ୍ତାଂ
3802020118	ୱିଶେଷତଃ ପ୍ରାଚୀନଲୋକା ଯଥା ପ୍ରବୁଦ୍ଧା ଧୀରା ୱିନୀତା ୱିଶ୍ୱାସେ ପ୍ରେମ୍ନି ସହିଷ୍ଣୁତାଯାଞ୍ଚ ସ୍ୱସ୍ଥା ଭୱେଯୁସ୍ତଦ୍ୱତ୍
3802030105	ପ୍ରାଚୀନଯୋଷିତୋଽପି ଯଥା ଧର୍ମ୍ମଯୋଗ୍ୟମ୍ ଆଚାରଂ କୁର୍ୟ୍ୟୁଃ ପରନିନ୍ଦକା ବହୁମଦ୍ୟପାନସ୍ୟ ନିଘ୍ନାଶ୍ଚ ନ ଭୱେଯୁଃ
380204013c	କିନ୍ତୁ ସୁଶିକ୍ଷାକାରିଣ୍ୟଃ ସତ୍ୟ ଈଶ୍ୱରସ୍ୟ ୱାକ୍ୟଂ ଯତ୍ ନ ନିନ୍ଦ୍ୟେତ ତଦର୍ଥଂ ଯୁୱତୀଃ ସୁଶୀଲତାମ୍ ଅର୍ଥତଃ ପତିସ୍ନେହମ୍ ଅପତ୍ୟସ୍ନେହଂ
38020500d9	ୱିନୀତିଂ ଶୁଚିତ୍ୱଂ ଗୃହିଣୀତ୍ୱଂ ସୌଜନ୍ୟଂ ସ୍ୱାମିନିଘ୍ନଞ୍ଚାଦିଶେଯୁସ୍ତଥା ତ୍ୱଯା କଥ୍ୟତାଂ|
3802060055	ତଦ୍ୱଦ୍ ଯୂନୋଽପି ୱିନୀତଯେ ପ୍ରବୋଧଯ|
38020700fe	ତ୍ୱଞ୍ଚ ସର୍ୱ୍ୱୱିଷଯେ ସ୍ୱଂ ସତ୍କର୍ମ୍ମଣାଂ ଦୃଷ୍ଟାନ୍ତଂ ଦର୍ଶଯ ଶିକ୍ଷାଯାଞ୍ଚାୱିକୃତତ୍ୱଂ ଧୀରତାଂ ଯଥାର୍ଥଂ
38020800ff	ନିର୍ଦ୍ଦୋଷଞ୍ଚ ୱାକ୍ୟଂ ପ୍ରକାଶଯ ତେନ ୱିପକ୍ଷୋ ଯୁଷ୍ମାକମ୍ ଅପୱାଦସ୍ୟ କିମପି ଛିଦ୍ରଂ ନ ପ୍ରାପ୍ୟ ତ୍ରପିଷ୍ୟତେ|
38020900f9	ଦାସାଶ୍ଚ ଯତ୍ ସ୍ୱପ୍ରଭୂନାଂ ନିଘ୍ନାଃ ସର୍ୱ୍ୱୱିଷଯେ ତୁଷ୍ଟିଜନକାଶ୍ଚ ଭୱେଯୁଃ ପ୍ରତ୍ୟୁତ୍ତରଂ ନ କୁର୍ୟ୍ୟୁଃ
38020a018d	କିମପି ନାପହରେଯୁଃ କିନ୍ତୁ ପୂର୍ଣାଂ ସୁୱିଶ୍ୱସ୍ତତାଂ ପ୍ରକାଶଯେଯୁରିତି ତାନ୍ ଆଦିଶ| ଯତ ଏୱମ୍ପ୍ରକାରେଣାସ୍ମକଂ ତ୍ରାତୁରୀଶ୍ୱରସ୍ୟ ଶିକ୍ଷା ସର୍ୱ୍ୱୱିଷଯେ ତୈ ର୍ଭୂଷିତୱ୍ୟା|
38020b00c5	ଯତୋ ହେତୋସ୍ତ୍ରାଣାଜନକ ଈଶ୍ୱରସ୍ୟାନୁଗ୍ରହଃ ସର୍ୱ୍ୱାନ୍ ମାନୱାନ୍ ପ୍ରତ୍ୟୁଦିତୱାନ୍
38020c0163	ସ ଚାସ୍ମାନ୍ ଇଦଂ ଶିକ୍ଷ୍ୟତି ଯଦ୍ ୱଯମ୍ ଅଧର୍ମ୍ମଂ ସାଂସାରିକାଭିଲାଷାଂଶ୍ଚାନଙ୍ଗୀକୃତ୍ୟ ୱିନୀତତ୍ୱେନ ନ୍ୟାଯେନେଶ୍ୱରଭକ୍ତ୍ୟା ଚେହଲୋକେ ଆଯୁ ର୍ୟାପଯାମଃ,
38020d011a	ପରମସୁଖସ୍ୟାଶାମ୍ ଅର୍ଥତୋ ଽସ୍ମାକଂ ମହତ ଈଶ୍ୱରସ୍ୟ ତ୍ରାଣକର୍ତ୍ତୁ ର୍ୟୀଶୁଖ୍ରୀଷ୍ଟସ୍ୟ ପ୍ରଭାୱସ୍ୟୋଦଯଂ ପ୍ରତୀକ୍ଷାମହେ|
38020e0199	ଯତଃ ସ ଯଥାସ୍ମାନ୍ ସର୍ୱ୍ୱସ୍ମାଦ୍ ଅଧର୍ମ୍ମାତ୍ ମୋଚଯିତ୍ୱା ନିଜାଧିକାରସ୍ୱରୂପଂ ସତ୍କର୍ମ୍ମସୂତ୍ସୁକମ୍ ଏକଂ ପ୍ରଜାୱର୍ଗଂ ପାୱଯେତ୍ ତଦର୍ଥମ୍ ଅସ୍ମାକଂ କୃତେ ଆତ୍ମଦାନଂ କୃତୱାନ୍|
38020f00bb	ଏତାନି ଭାଷସ୍ୱ ପୂର୍ଣସାମର୍ଥ୍ୟେନ ଚାଦିଶ ପ୍ରବୋଧଯ ଚ, କୋଽପି ତ୍ୱାଂ ନାୱମନ୍ୟତାଂ|
3803010108	ତେ ଯଥା ଦେଶାଧିପାନାଂ ଶାସକାନାଞ୍ଚ ନିଘ୍ନା ଆଜ୍ଞାଗ୍ରାହିଣ୍ଶ୍ଚ ସର୍ୱ୍ୱସ୍ମୈ ସତ୍କର୍ମ୍ମଣେ ସୁସଜ୍ଜାଶ୍ଚ ଭୱେଯୁଃ
3803020131	କମପି ନ ନିନ୍ଦେଯୁ ର୍ନିୱ୍ୱିରୋଧିନଃ କ୍ଷାନ୍ତାଶ୍ଚ ଭୱେଯୁଃ ସର୍ୱ୍ୱାନ୍ ପ୍ରତି ଚ ପୂର୍ଣଂ ମୃଦୁତ୍ୱଂ ପ୍ରକାଶଯେଯୁଶ୍ଚେତି ତାନ୍ ଆଦିଶ|
380303018d	ଯତଃ ପୂର୍ୱ୍ୱଂ ୱଯମପି ନିର୍ବ୍ବୋଧା ଅନାଜ୍ଞାଗ୍ରାହିଣୋ ଭ୍ରାନ୍ତା ନାନାଭିଲାଷାଣାଂ ସୁଖାନାଞ୍ଚ ଦାସେଯା ଦୁଷ୍ଟତ୍ୱେର୍ଷ୍ୟାଚାରିଣୋ ଘୃଣିତାଃ ପରସ୍ପରଂ ଦ୍ୱେଷିଣଶ୍ଚାଭୱାମଃ|
3803040103	କିନ୍ତ୍ୱସ୍ମାକଂ ତ୍ରାତୁରୀଶ୍ୱରସ୍ୟ ଯା ଦଯା ମର୍ତ୍ତ୍ୟାନାଂ ପ୍ରତି ଚ ଯା ପ୍ରୀତିସ୍ତସ୍ୟାଃ ପ୍ରାଦୁର୍ଭାୱେ ଜାତେ
380305019f	ୱଯମ୍ ଆତ୍ମକୃତେଭ୍ୟୋ ଧର୍ମ୍ମକର୍ମ୍ମଭ୍ୟସ୍ତନ୍ନହି କିନ୍ତୁ ତସ୍ୟ କୃପାତଃ ପୁନର୍ଜନ୍ମରୂପେଣ ପ୍ରକ୍ଷାଲନେନ ପ୍ରୱିତ୍ରସ୍ୟାତ୍ମନୋ ନୂତନୀକରଣେନ ଚ ତସ୍ମାତ୍ ପରିତ୍ରାଣାଂ ପ୍ରାପ୍ତାଃ
38030600d7	ସ ଚାସ୍ମାକଂ ତ୍ରାତ୍ରା ଯୀଶୁଖ୍ରୀଷ୍ଟେନାସ୍ମଦୁପରି ତମ୍ ଆତ୍ମାନଂ ପ୍ରଚୁରତ୍ୱେନ ୱୃଷ୍ଟୱାନ୍|
38030700cc	ଇତ୍ଥଂ ୱଯଂ ତସ୍ୟାନୁଗ୍ରହେଣ ସପୁଣ୍ୟୀଭୂଯ ପ୍ରତ୍ୟାଶଯାନନ୍ତଜୀୱନସ୍ୟାଧିକାରିଣୋ ଜାତାଃ|
38030801ce	ୱାକ୍ୟମେତଦ୍ ୱିଶ୍ୱସନୀଯମ୍ ଅତୋ ହେତୋରୀଶ୍ୱରେ ଯେ ୱିଶ୍ୱସିତୱନ୍ତସ୍ତେ ଯଥା ସତ୍କର୍ମ୍ମାଣ୍ୟନୁତିଷ୍ଠେଯୁସ୍ତଥା ତାନ୍ ଦୃଢମ୍ ଆଜ୍ଞାପଯେତି ମମାଭିମତଂ| ତାନ୍ୟେୱୋତ୍ତମାନି ମାନୱେଭ୍ୟଃ ଫଲଦାନି ଚ ଭୱନ୍ତି|
3803090123	ମୂଢେଭ୍ୟଃ ପ୍ରଶ୍ନୱଂଶାୱଲିୱିୱାଦେଭ୍ୟୋ ୱ୍ୟୱସ୍ଥାଯା ୱିତଣ୍ଡାଭ୍ୟଶ୍ଚ ନିୱର୍ତ୍ତସ୍ୱ ଯତସ୍ତା ନିଷ୍ଫଲା ଅନର୍ଥକାଶ୍ଚ ଭୱନ୍ତି|
38030a009d	ଯୋ ଜନୋ ବିଭିତ୍ସୁସ୍ତମ୍ ଏକୱାରଂ ଦ୍ୱିର୍ୱ୍ୱା ପ୍ରବୋଧ୍ୟ ଦୂରୀକୁରୁ,
38030b00b6	ଯତସ୍ତାଦୃଶୋ ଜନୋ ୱିପଥଗାମୀ ପାପିଷ୍ଠ ଆତ୍ମଦୋଷକଶ୍ଚ ଭୱତୀତି ତ୍ୱଯା ଜ୍ଞାଯତାଂ|
38030c0172	ଯଦାହମ୍ ଆର୍ତ୍ତିମାଂ ତୁଖିକଂ ୱା ତୱ ସମୀପଂ ପ୍ରେଷଯିଷ୍ୟାମି ତଦା ତ୍ୱଂ ନୀକପଲୌ ମମ ସମୀପମ୍ ଆଗନ୍ତୁଂ ଯତସ୍ୱ ଯତସ୍ତତ୍ରୈୱାହଂ ଶୀତକାଲଂ ଯାପଯିତୁଂ ମତିମ୍ ଅକାର୍ଷଂ|
38030d00fb	ୱ୍ୟୱସ୍ଥାପକଃ ସୀନା ଆପଲ୍ଲୁଶ୍ଚୈତଯୋଃ କସ୍ୟାପ୍ୟଭାୱୋ ଯନ୍ନ ଭୱେତ୍ ତଦର୍ଥଂ ତୌ ଯତ୍ନେନ ତ୍ୱଯା ୱିସୃଜ୍ୟେତାଂ|
38030e0113	ଅପରମ୍ ଅସ୍ମଦୀଯଲୋକା ଯନ୍ନିଷ୍ଫଲା ନ ଭୱେଯୁସ୍ତଦର୍ଥଂ ପ୍ରଯୋଜନୀଯୋପକାରାଯା ସତ୍କର୍ମ୍ମାଣ୍ୟନୁଷ୍ଠାତୁଂ ଶିକ୍ଷନ୍ତାଂ|
38030f0156	ମମ ସଙ୍ଗିନଃ ସୱ୍ୱେ ତ୍ୱାଂ ନମସ୍କୁର୍ୱ୍ୱତେ| ଯେ ୱିଶ୍ୱାସାଦ୍ ଅସ୍ମାସୁ ପ୍ରୀଯନ୍ତେ ତାନ୍ ନମସ୍କୁରୁ; ସର୍ୱ୍ୱେଷୁ ଯୁଷ୍ମାସ୍ୱନୁଗ୍ରହୋ ଭୂଯାତ୍| ଆମେନ୍|
3900000018	ଫିଲୋମୋନଃ
39010100d4	ଖ୍ରୀଷ୍ଟସ୍ୟ ଯୀଶୋ ର୍ବନ୍ଦିଦାସଃ ପୌଲସ୍ତୀଥିଯନାମା ଭ୍ରାତା ଚ ପ୍ରିଯଂ ସହକାରିଣଂ ଫିଲୀମୋନଂ
39010200f2	ପ୍ରିଯାମ୍ ଆପ୍ପିଯାଂ ସହସେନାମ୍ ଆର୍ଖିପ୍ପଂ ଫିଲୀମୋନସ୍ୟ ଗୃହେ ସ୍ଥିତାଂ ସମିତିଞ୍ଚ ପ୍ରତି ପତ୍ରଂ ଲିଖତଃ|
39010300f7	ଅସ୍ମାକଂ ତାତ ଈଶ୍ୱରଃ ପ୍ରଭୁ ର୍ୟୀଶୁଖ୍ରୀଷ୍ଟଶ୍ଚ ଯୁଷ୍ମାନ୍ ପ୍ରତି ଶାନ୍ତିମ୍ ଅନୁଗ୍ରହଞ୍ଚ କ୍ରିଯାସ୍ତାଂ|
39010400fa	ପ୍ରଭୁଂ ଯୀଶୁଂ ପ୍ରତି ସର୍ୱ୍ୱାନ୍ ପୱିତ୍ରଲୋକାନ୍ ପ୍ରତି ଚ ତୱ ପ୍ରେମୱିଶ୍ୱାସଯୋ ର୍ୱୃତ୍ତାନ୍ତଂ ନିଶମ୍ୟାହଂ
39010500a6	ପ୍ରାର୍ଥନାସମଯେ ତୱ ନାମୋଚ୍ଚାରଯନ୍ ନିରନ୍ତରଂ ମମେଶ୍ୱରଂ ଧନ୍ୟଂ ୱଦାମି|
3901060176	ଅସ୍ମାସୁ ଯଦ୍ୟତ୍ ସୌଜନ୍ୟଂ ୱିଦ୍ୟତେ ତତ୍ ସର୍ୱ୍ୱଂ ଖ୍ରୀଷ୍ଟଂ ଯୀଶୁଂ ଯତ୍ ପ୍ରତି ଭୱତୀତି ଜ୍ଞାନାଯ ତୱ ୱିଶ୍ୱାସମୂଲିକା ଦାନଶୀଲତା ଯତ୍ ସଫଲା ଭୱେତ୍ ତଦହମ୍ ଇଚ୍ଛାମି|
390107012a	ହେ ଭ୍ରାତଃ, ତ୍ୱଯା ପୱିତ୍ରଲୋକାନାଂ ପ୍ରାଣ ଆପ୍ୟାଯିତା ଅଭୱନ୍ ଏତସ୍ମାତ୍ ତୱ ପ୍ରେମ୍ନାସ୍ମାକଂ ମହାନ୍ ଆନନ୍ଦଃ ସାନ୍ତ୍ୱନା ଚ ଜାତଃ|
3901080100	ତ୍ୱଯା ଯତ୍ କର୍ତ୍ତୱ୍ୟଂ ତତ୍ ତ୍ୱାମ୍ ଆଜ୍ଞାପଯିତୁଂ ଯଦ୍ୟପ୍ୟହଂ ଖ୍ରୀଷ୍ଟେନାତୀୱୋତ୍ସୁକୋ ଭୱେଯଂ ତଥାପି ୱୃଦ୍ଧ
39010900dc	ଇଦାନୀଂ ଯୀଶୁଖ୍ରୀଷ୍ଟସ୍ୟ ବନ୍ଦିଦାସଶ୍ଚୈୱମ୍ଭୂତୋ ଯଃ ପୌଲଃ ସୋଽହଂ ତ୍ୱାଂ ୱିନେତୁଂ ୱରଂ ମନ୍ୟେ|
39010a00ae	ଅତଃ ଶୃଙ୍ଖଲବଦ୍ଧୋଽହଂ ଯମଜନଯଂ ତଂ ମଦୀଯତନଯମ୍ ଓନୀଷିମମ୍ ଅଧି ତ୍ୱାଂ ୱିନଯେ|
39010b00a5	ସ ପୂର୍ୱ୍ୱଂ ତୱାନୁପକାରକ ଆସୀତ୍ କିନ୍ତ୍ୱିଦାନୀଂ ତୱ ମମ ଚୋପକାରୀ ଭୱତି|
39010c00b7	ତମେୱାହଂ ତୱ ସମୀପଂ ପ୍ରେଷଯାମି, ଅତୋ ମଦୀଯପ୍ରାଣସ୍ୱରୂପଃ ସ ତ୍ୱଯାନୁଗୃହ୍ୟତାଂ|
39010d00d1	ସୁସଂୱାଦସ୍ୟ କୃତେ ଶୃଙ୍ଖଲବଦ୍ଧୋଽହଂ ପରିଚାରକମିୱ ତଂ ସ୍ୱସନ୍ନିଧୌ ୱର୍ତ୍ତଯିତୁମ୍ ଐଚ୍ଛଂ|
39010e011c	କିନ୍ତୁ ତୱ ସୌଜନ୍ୟଂ ଯଦ୍ ବଲେନ ନ ଭୂତ୍ୱା ସ୍ୱେଚ୍ଛାଯାଃ ଫଲଂ ଭୱେତ୍ ତଦର୍ଥଂ ତୱ ସମ୍ମତିଂ ୱିନା କିମପି କର୍ତ୍ତୱ୍ୟଂ ନାମନ୍ୟେ|
39010f0125	କୋ ଜାନାତି କ୍ଷଣକାଲାର୍ଥଂ ତ୍ୱତ୍ତସ୍ତସ୍ୟ ୱିଚ୍ଛେଦୋଽଭୱଦ୍ ଏତସ୍ୟାଯମ୍ ଅଭିପ୍ରାଯୋ ଯତ୍ ତ୍ୱମ୍ ଅନନ୍ତକାଲାର୍ଥଂ ତଂ ଲପ୍ସ୍ୟସେ
3901100160	ପୁନ ର୍ଦାସମିୱ ଲପ୍ସ୍ୟସେ ତନ୍ନହି କିନ୍ତୁ ଦାସାତ୍ ଶ୍ରେଷ୍ଠଂ ମମ ପ୍ରିଯଂ ତୱ ଚ ଶାରୀରିକସମ୍ବନ୍ଧାତ୍ ପ୍ରଭୁସମ୍ବନ୍ଧାଚ୍ଚ ତତୋଽଧିକଂ ପ୍ରିଯଂ ଭ୍ରାତରମିୱ|
3901110099	ଅତୋ ହେତୋ ର୍ୟଦି ମାଂ ସହଭାଗିନଂ ଜାନାସି ତର୍ହି ମାମିୱ ତମନୁଗୃହାଣ|
39011200d6	ତେନ ଯଦି ତୱ କିମପ୍ୟପରାଦ୍ଧଂ ତୁଭ୍ୟଂ କିମପି ଧାର୍ୟ୍ୟତେ ୱା ତର୍ହି ତତ୍ ମମେତି ୱିଦିତ୍ୱା ଗଣଯ|
390113012e	ଅହଂ ତତ୍ ପରିଶୋତ୍ସ୍ୟାମି, ଏତତ୍ ପୌଲୋଽହଂ ସ୍ୱହସ୍ତେନ ଲିଖାମି, ଯତସ୍ତ୍ୱଂ ସ୍ୱପ୍ରାଣାନ୍ ଅପି ମହ୍ୟଂ ଧାରଯସି ତଦ୍ ୱକ୍ତୁଂ ନେଚ୍ଛାମି|
39011400c7	ଭୋ ଭ୍ରାତଃ, ପ୍ରଭୋଃ କୃତେ ମମ ୱାଞ୍ଛାଂ ପୂରଯ ଖ୍ରୀଷ୍ଟସ୍ୟ କୃତେ ମମ ପ୍ରାଣାନ୍ ଆପ୍ୟାଯଯ|
39011500fc	ତୱାଜ୍ଞାଗ୍ରାହିତ୍ୱେ ୱିଶ୍ୱସ୍ୟ ମଯା ଏତତ୍ ଲିଖ୍ୟତେ ମଯା ଯଦୁଚ୍ୟତେ ତତୋଽଧିକଂ ତ୍ୱଯା କାରିଷ୍ୟତ ଇତି ଜାନାମି|
3901160169	ତତ୍କରଣସମଯେ ମଦର୍ଥମପି ୱାସଗୃହଂ ତ୍ୱଯା ସଜ୍ଜୀକ୍ରିଯତାଂ ଯତୋ ଯୁଷ୍ମାକଂ ପ୍ରାର୍ଥନାନାଂ ଫଲରୂପୋ ୱର ଇୱାହଂ ଯୁଷ୍ମଭ୍ୟଂ ଦାଯିଷ୍ୟେ ମମେତି ପ୍ରତ୍ୟାଶା ଜାଯତେ|
3901170074	ଖ୍ରୀଷ୍ଟସ୍ୟ ଯୀଶାଃ କୃତେ ମଯା ସହ ବନ୍ଦିରିପାଫ୍ରା
39011800b4	ମମ ସହକାରିଣୋ ମାର୍କ ଆରିଷ୍ଟାର୍ଖୋ ଦୀମା ଲୂକଶ୍ଚ ତ୍ୱାଂ ନମସ୍କାରଂ ୱେଦଯନ୍ତି|
39011900c9	ଅସ୍ମାକଂ ପ୍ରଭୋ ର୍ୟୀଶୁଖ୍ରୀଷ୍ଟସ୍ୟାନୁଗ୍ରହୋ ଯୁଷ୍ମାକମ୍ ଆତ୍ମନା ସହ ଭୂଯାତ୍| ଆମେନ୍|
3a00000015	ଇବ୍ରିଣଃ
3a010100ca	ପୁରା ଯ ଈଶ୍ୱରୋ ଭୱିଷ୍ୟଦ୍ୱାଦିଭିଃ ପିତୃଲୋକେଭ୍ୟୋ ନାନାସମଯେ ନାନାପ୍ରକାରଂ କଥିତୱାନ୍
3a0102013b	ସ ଏତସ୍ମିନ୍ ଶେଷକାଲେ ନିଜପୁତ୍ରେଣାସ୍ମଭ୍ୟଂ କଥିତୱାନ୍| ସ ତଂ ପୁତ୍ରଂ ସର୍ୱ୍ୱାଧିକାରିଣଂ କୃତୱାନ୍ ତେନୈୱ ଚ ସର୍ୱ୍ୱଜଗନ୍ତି ସୃଷ୍ଟୱାନ୍|
3a01030224	ସ ପୁତ୍ରସ୍ତସ୍ୟ ପ୍ରଭାୱସ୍ୟ ପ୍ରତିବିମ୍ବସ୍ତସ୍ୟ ତତ୍ତ୍ୱସ୍ୟ ମୂର୍ତ୍ତିଶ୍ଚାସ୍ତି ସ୍ୱୀଯଶକ୍ତିୱାକ୍ୟେନ ସର୍ୱ୍ୱଂ ଧତ୍ତେ ଚ ସ୍ୱପ୍ରାଣୈରସ୍ମାକଂ ପାପମାର୍ଜ୍ଜନଂ କୃତ୍ୱା ଊର୍ଦ୍ଧ୍ୱସ୍ଥାନେ ମହାମହିମ୍ନୋ ଦକ୍ଷିଣପାର୍ଶ୍ୱେ ସମୁପୱିଷ୍ଟୱାନ୍|
3a010400cf	ଦିୱ୍ୟଦୂତଗଣାଦ୍ ଯଥା ସ ୱିଶିଷ୍ଟନାମ୍ନୋ ଽଧିକାରୀ ଜାତସ୍ତଥା ତେଭ୍ୟୋଽପି ଶ୍ରେଷ୍ଠୋ ଜାତଃ|
3a01050176	ଯତୋ ଦୂତାନାଂ ମଧ୍ୟେ କଦାଚିଦୀଶ୍ୱରେଣେଦଂ କ ଉକ୍ତଃ? ଯଥା, "ମଦୀଯତନଯୋ ଽସି ତ୍ୱମ୍ ଅଦ୍ୟୈୱ ଜନିତୋ ମଯା| " ପୁନଶ୍ଚ "ଅହଂ ତସ୍ୟ ପିତା ଭୱିଷ୍ୟାମି ସ ଚ ମମ ପୁତ୍ରୋ ଭୱିଷ୍ୟତି| "
3a01060112	ଅପରଂ ଜଗତି ସ୍ୱକୀଯାଦ୍ୱିତୀଯପୁତ୍ରସ୍ୟ ପୁନରାନଯନକାଲେ ତେନୋକ୍ତଂ, ଯଥା, "ଈଶ୍ୱରସ୍ୟ ସକଲୈ ର୍ଦୂତୈରେଷ ଏୱ ପ୍ରଣମ୍ୟତାଂ| "
3a0107012e	ଦୂତାନ୍ ଅଧି ତେନେଦମ୍ ଉକ୍ତଂ, ଯଥା, "ସ କରୋତି ନିଜାନ୍ ଦୂତାନ୍ ଗନ୍ଧୱାହସ୍ୱରୂପକାନ୍| ୱହ୍ନିଶିଖାସ୍ୱରୂପାଂଶ୍ଚ କରୋତି ନିଜସେୱକାନ୍|| "
3a01080141	କିନ୍ତୁ ପୁତ୍ରମୁଦ୍ଦିଶ୍ୟ ତେନୋକ୍ତଂ, ଯଥା, "ହେ ଈଶ୍ୱର ସଦା ସ୍ଥାଯି ତୱ ସିଂହାସନଂ ଭୱେତ୍| ଯାଥାର୍ଥ୍ୟସ୍ୟ ଭୱେଦ୍ଦଣ୍ଡୋ ରାଜଦଣ୍ଡସ୍ତ୍ୱଦୀଯକଃ|
3a0109013f	ପୁଣ୍ୟେ ପ୍ରେମ କରୋଷି ତ୍ୱଂ କିଞ୍ଚାଧର୍ମ୍ମମ୍ ଋତୀଯସେ| ତସ୍ମାଦ୍ ଯ ଈଶ ଈଶସ୍ତେ ସ ତେ ମିତ୍ରଗଣାଦପି| ଅଧିକାହ୍ଲାଦତୈଲେନ ସେଚନଂ କୃତୱାନ୍ ତୱ|| "
3a010a00eb	ପୁନଶ୍ଚ, ଯଥା, "ହେ ପ୍ରଭୋ ପୃଥିୱୀମୂଲମ୍ ଆଦୌ ସଂସ୍ଥାପିତଂ ତ୍ୱଯା| ତଥା ତ୍ୱଦୀଯହସ୍ତେନ କୃତଂ ଗଗନମଣ୍ଡଲଂ|
3a010b00e7	ଇମେ ୱିନଂକ୍ଷ୍ୟତସ୍ତ୍ୱନ୍ତୁ ନିତ୍ୟମେୱାୱତିଷ୍ଠସେ| ଇଦନ୍ତୁ ସକଲଂ ୱିଶ୍ୱଂ ସଂଜରିଷ୍ୟତି ୱସ୍ତ୍ରୱତ୍|
3a010c00ff	ସଙ୍କୋଚିତଂ ତ୍ୱଯା ତତ୍ତୁ ୱସ୍ତ୍ରୱତ୍ ପରିୱର୍ତ୍ସ୍ୟତେ| ତ୍ୱନ୍ତୁ ନିତ୍ୟଂ ସ ଏୱାସୀ ର୍ନିରନ୍ତାସ୍ତୱ ୱତ୍ସରାଃ|| "
3a010d0158	ଅପରଂ ଦୂତାନାଂ ମଧ୍ୟେ କଃ କଦାଚିଦୀଶ୍ୱରେଣେଦମୁକ୍ତଃ? ଯଥା, "ତୱାରୀନ୍ ପାଦପୀଠଂ ତେ ଯାୱନ୍ନହି କରୋମ୍ୟହଂ| ମମ ଦକ୍ଷିଣଦିଗ୍ଭାଗେ ତାୱତ୍ ତ୍ୱଂ ସମୁପାୱିଶ|| "
3a010e0133	ଯେ ପରିତ୍ରାଣସ୍ୟାଧିକାରିଣୋ ଭୱିଷ୍ୟନ୍ତି ତେଷାଂ ପରିଚର୍ୟ୍ୟାର୍ଥଂ ପ୍ରେଷ୍ୟମାଣାଃ ସେୱନକାରିଣ ଆତ୍ମାନଃ କିଂ ତେ ସର୍ୱ୍ୱେ ଦୂତା ନହି?
3a020100fe	ଅତୋ ୱଯଂ ଯଦ୍ ଭ୍ରମସ୍ରୋତସା ନାପନୀଯାମହେ ତଦର୍ଥମସ୍ମାଭି ର୍ୟଦ୍ୟଦ୍ ଅଶ୍ରାୱି ତସ୍ମିନ୍ ମନାଂସି ନିଧାତୱ୍ୟାନି|
3a02020133	ଯତୋ ହେତୋ ଦୂତୈଃ କଥିତଂ ୱାକ୍ୟଂ ଯଦ୍ୟମୋଘମ୍ ଅଭୱଦ୍ ଯଦି ଚ ତଲ୍ଲଙ୍ଘନକାରିଣେ ତସ୍ୟାଗ୍ରାହକାଯ ଚ ସର୍ୱ୍ୱସ୍ମୈ ସମୁଚିତଂ ଦଣ୍ଡମ୍ ଅଦୀଯତ,
3a0203017e	ତର୍ହ୍ୟସ୍ମାଭିସ୍ତାଦୃଶଂ ମହାପରିତ୍ରାଣମ୍ ଅୱଜ୍ଞାଯ କଥଂ ରକ୍ଷା ପ୍ରାପ୍ସ୍ୟତେ, ଯତ୍ ପ୍ରଥମତଃ ପ୍ରଭୁନା ପ୍ରୋକ୍ତଂ ତତୋଽସ୍ମାନ୍ ଯାୱତ୍ ତସ୍ୟ ଶ୍ରୋତୃଭିଃ ସ୍ଥିରୀକୃତଂ,
3a02040143	ଅପରଂ ଲକ୍ଷଣୈରଦ୍ଭୁତକର୍ମ୍ମଭି ର୍ୱିୱିଧଶକ୍ତିପ୍ରକାଶେନ ନିଜେଚ୍ଛାତଃ ପୱିତ୍ରସ୍ୟାତ୍ମନୋ ୱିଭାଗେନ ଚ ଯଦ୍ ଈଶ୍ୱରେଣ ପ୍ରମାଣୀକୃତମ୍ ଅଭୂତ୍|
3a020500d2	ୱଯଂ ତୁ ଯସ୍ୟ ଭାୱିରାଜ୍ୟସ୍ୟ କଥାଂ କଥଯାମଃ, ତତ୍ ତେନ୍ ଦିୱ୍ୟଦୂତାନାମ୍ ଅଧୀନୀକୃତମିତି ନହି|
3a0206017c	କିନ୍ତୁ କୁତ୍ରାପି କଶ୍ଚିତ୍ ପ୍ରମାଣମ୍ ଈଦୃଶଂ ଦତ୍ତୱାନ୍, ଯଥା, "କିଂ ୱସ୍ତୁ ମାନୱୋ ଯତ୍ ସ ନିତ୍ୟଂ ସଂସ୍ମର୍ୟ୍ୟତେ ତ୍ୱଯା| କିଂ ୱା ମାନୱସନ୍ତାନୋ ଯତ୍ ସ ଆଲୋଚ୍ୟତେ ତ୍ୱଯା|
3a02070152	ଦିୱ୍ୟଦତଗଣେଭ୍ୟଃ ସ କିଞ୍ଚିନ୍ ନ୍ୟୂନଃ କୃତସ୍ତ୍ୱଯା| ତେଜୋଗୌରୱରୂପେଣ କିରୀଟେନ ୱିଭୂଷିତଃ| ସୃଷ୍ଟଂ ଯତ୍ ତେ କରାଭ୍ୟାଂ ସ ତତ୍ପ୍ରଭୁତ୍ୱେ ନିଯୋଜିତଃ|
3a02080191	ଚରଣାଧଶ୍ଚ ତସ୍ୟୈୱ ତ୍ୱଯା ସର୍ୱ୍ୱଂ ୱଶୀକୃତଂ|| " ତେନ ସର୍ୱ୍ୱଂ ଯସ୍ୟ ୱଶୀକୃତଂ ତସ୍ୟାୱଶୀଭୂତଂ କିମପି ନାୱଶେଷିତଂ କିନ୍ତ୍ୱଧୁନାପି ୱଯଂ ସର୍ୱ୍ୱାଣି ତସ୍ୟ ୱଶୀଭୂତାନି ନ ପଶ୍ୟାମଃ|
3a020901d8	ତଥାପି ଦିୱ୍ୟଦୂତଗଣେଭ୍ୟୋ ଯଃ କିଞ୍ଚିନ୍ ନ୍ୟୂନୀକୃତୋଽଭୱତ୍ ତଂ ଯୀଶୁଂ ମୃତ୍ୟୁଭୋଗହେତୋସ୍ତେଜୋଗୌରୱରୂପେଣ କିରୀଟେନ ୱିଭୂଷିତଂ ପଶ୍ୟାମଃ, ଯତ ଈଶ୍ୱରସ୍ୟାନୁଗ୍ରହାତ୍ ସ ସର୍ୱ୍ୱେଷାଂ କୃତେ ମୃତ୍ୟୁମ୍ ଅସ୍ୱଦତ|
3a020a0193	ଅପରଞ୍ଚ ଯସ୍ମୈ ଯେନ ଚ କୃତ୍ସ୍ନଂ ୱସ୍ତୁ ସୃଷ୍ଟଂ ୱିଦ୍ୟତେ ବହୁସନ୍ତାନାନାଂ ୱିଭୱାଯାନଯନକାଲେ ତେଷାଂ ପରିତ୍ରାଣାଗ୍ରସରସ୍ୟ ଦୁଃଖଭୋଗେନ ସିଦ୍ଧୀକରଣମପି ତସ୍ୟୋପଯୁକ୍ତମ୍ ଅଭୱତ୍|
3a020b0105	ଯତଃ ପାୱକଃ ପୂଯମାନାଶ୍ଚ ସର୍ୱ୍ୱେ ଏକସ୍ମାଦେୱୋତ୍ପନ୍ନା ଭୱନ୍ତି, ଇତି ହେତୋଃ ସ ତାନ୍ ଭ୍ରାତୃନ୍ ୱଦିତୁଂ ନ ଲଜ୍ଜତେ|
3a020c0116	ତେନ ସ ଉକ୍ତୱାନ୍, ଯଥା, "ଦ୍ୟୋତଯିଷ୍ୟାମି ତେ ନାମ ଭ୍ରାତୃଣାଂ ମଧ୍ୟତୋ ମମ| ପରନ୍ତୁ ସମିତେ ର୍ମଧ୍ୟେ କରିଷ୍ୟେ ତେ ପ୍ରଶଂସନଂ|| "
3a020d0105	ପୁନରପି, ଯଥା, "ତସ୍ମିନ୍ ୱିଶ୍ୱସ୍ୟ ସ୍ଥାତାହଂ| " ପୁନରପି, ଯଥା, "ପଶ୍ୟାହମ୍ ଅପତ୍ୟାନି ଚ ଦତ୍ତାନି ମହ୍ୟମ୍ ଈଶ୍ୱରାତ୍| "
3a020e0193	ତେଷାମ୍ ଅପତ୍ୟାନାଂ ରୁଧିରପଲଲୱିଶିଷ୍ଟତ୍ୱାତ୍ ସୋଽପି ତଦ୍ୱତ୍ ତଦ୍ୱିଶିଷ୍ଟୋଽଭୂତ୍ ତସ୍ୟାଭିପ୍ରାଯୋଽଯଂ ଯତ୍ ସ ମୃତ୍ୟୁବଲାଧିକାରିଣଂ ଶଯତାନଂ ମୃତ୍ୟୁନା ବଲହୀନଂ କୁର୍ୟ୍ୟାତ୍
3a020f00b4	ଯେ ଚ ମୃତ୍ୟୁଭଯାଦ୍ ଯାୱଜ୍ଜୀୱନଂ ଦାସତ୍ୱସ୍ୟ ନିଘ୍ନା ଆସନ୍ ତାନ୍ ଉଦ୍ଧାରଯେତ୍|
3a021000aa	ସ ଦୂତାନାମ୍ ଉପକାରୀ ନ ଭୱତି କିନ୍ତ୍ୱିବ୍ରାହୀମୋ ୱଂଶସ୍ୟୈୱୋପକାରୀ ଭୱତୀ|
3a021101a6	ଅତୋ ହେତୋଃ ସ ଯଥା କୃପାୱାନ୍ ପ୍ରଜାନାଂ ପାପଶୋଧନାର୍ଥମ୍ ଈଶ୍ୱରୋଦ୍ଦେଶ୍ୟୱିଷଯେ ୱିଶ୍ୱାସ୍ୟୋ ମହାଯାଜକୋ ଭୱେତ୍ ତଦର୍ଥଂ ସର୍ୱ୍ୱୱିଷଯେ ସ୍ୱଭ୍ରାତୃଣାଂ ସଦୃଶୀଭୱନଂ ତସ୍ୟୋଚିତମ୍ ଆସୀତ୍|
3a021200ef	ଯତଃ ସ ସ୍ୱଯଂ ପରୀକ୍ଷାଂ ଗତ୍ୱା ଯଂ ଦୁଃଖଭୋଗମ୍ ଅୱଗତସ୍ତେନ ପରୀକ୍ଷାକ୍ରାନ୍ତାନ୍ ଉପକର୍ତ୍ତୁଂ ଶକ୍ନୋତି|
3a03010134	ହେ ସ୍ୱର୍ଗୀଯସ୍ୟାହ୍ୱାନସ୍ୟ ସହଭାଗିନଃ ପୱିତ୍ରଭ୍ରାତରଃ, ଅସ୍ମାକଂ ଧର୍ମ୍ମପ୍ରତିଜ୍ଞାଯା ଦୂତୋଽଗ୍ରସରଶ୍ଚ ଯୋ ଯୀଶୁସ୍ତମ୍ ଆଲୋଚଧ୍ୱଂ|
3a03020112	ମୂସା ଯଦ୍ୱତ୍ ତସ୍ୟ ସର୍ୱ୍ୱପରିୱାରମଧ୍ୟେ ୱିଶ୍ୱାସ୍ୟ ଆସୀତ୍, ତଦ୍ୱତ୍ ଅଯମପି ସ୍ୱନିଯୋଜକସ୍ୟ ସମୀପେ ୱିଶ୍ୱାସ୍ୟୋ ଭୱତି|
3a030300f4	ପରିୱାରାଚ୍ଚ ଯଦ୍ୱତ୍ ତତ୍ସ୍ଥାପଯିତୁରଧିକଂ ଗୌରୱଂ ଭୱତି ତଦ୍ୱତ୍ ମୂସସୋଽଯଂ ବହୁତରଗୌରୱସ୍ୟ ଯୋଗ୍ୟୋ ଭୱତି|
3a030400ec	ଏକୈକସ୍ୟ ନିୱେଶନସ୍ୟ ପରିଜନାନାଂ ସ୍ଥାପଯିତା କଶ୍ଚିଦ୍ ୱିଦ୍ୟତେ ଯଶ୍ଚ ସର୍ୱ୍ୱସ୍ଥାପଯିତା ସ ଈଶ୍ୱର ଏୱ|
3a03050144	ମୂସାଶ୍ଚ ୱକ୍ଷ୍ୟମାଣାନାଂ ସାକ୍ଷୀ ଭୃତ୍ୟ ଇୱ ତସ୍ୟ ସର୍ୱ୍ୱପରିଜନମଧ୍ୟେ ୱିଶ୍ୱାସ୍ୟୋଽଭୱତ୍ କିନ୍ତୁ ଖ୍ରୀଷ୍ଟସ୍ତସ୍ୟ ପରିଜନାନାମଧ୍ୟକ୍ଷ ଇୱ|
3a030600e0	ୱଯଂ ତୁ ଯଦି ୱିଶ୍ୱାସସ୍ୟୋତ୍ସାହଂ ଶ୍ଲାଘନଞ୍ଚ ଶେଷଂ ଯାୱଦ୍ ଧାରଯାମସ୍ତର୍ହି ତସ୍ୟ ପରିଜନା ଭୱାମଃ|
3a030700e7	ଅତୋ ହେତୋଃ ପୱିତ୍ରେଣାତ୍ମନା ଯଦ୍ୱତ୍ କଥିତଂ, ତଦ୍ୱତ୍, "ଅଦ୍ୟ ଯୂଯଂ କଥାଂ ତସ୍ୟ ଯଦି ସଂଶ୍ରୋତୁମିଚ୍ଛଥ|
3a0308014c	ତର୍ହି ପୁରା ପରୀକ୍ଷାଯା ଦିନେ ପ୍ରାନ୍ତରମଧ୍ୟତଃ| ମଦାଜ୍ଞାନିଗ୍ରହସ୍ଥାନେ ଯୁଷ୍ମାଭିସ୍ତୁ କୃତଂ ଯଥା| ତଥା ମା କୁରୁତେଦାନୀଂ କଠିନାନି ମନାଂସି ୱଃ|
3a03090188	ଯୁଷ୍ମାକଂ ପିତରସ୍ତତ୍ର ମତ୍ପରୀକ୍ଷାମ୍ ଅକୁର୍ୱ୍ୱତ| କୁର୍ୱ୍ୱଦ୍ଭି ର୍ମେଽନୁସନ୍ଧାନଂ ତୈରଦୃଶ୍ୟନ୍ତ ମତ୍କ୍ରିଯାଃ| ଚତ୍ୱାରିଂଶତ୍ସମା ଯାୱତ୍ କ୍ରୁଦ୍ଧ୍ୱାହନ୍ତୁ ତଦନ୍ୱଯେ|
3a030a00d7	ଅୱାଦିଷମ୍ ଇମେ ଲୋକା ଭ୍ରାନ୍ତାନ୍ତଃକରଣାଃ ସଦା| ମାମକୀନାନି ୱର୍ତ୍ମାନି ପରିଜାନନ୍ତି ନୋ ଇମେ|
3a030b00d8	ଇତି ହେତୋରହଂ କୋପାତ୍ ଶପଥଂ କୃତୱାନ୍ ଇମଂ| ପ୍ରେୱେକ୍ଷ୍ୟତେ ଜନୈରେତୈ ର୍ନ ୱିଶ୍ରାମସ୍ଥଲଂ ମମ|| "
3a030c012a	ହେ ଭ୍ରାତରଃ ସାୱଧାନା ଭୱତ, ଅମରେଶ୍ୱରାତ୍ ନିୱର୍ତ୍ତକୋ ଯୋଽୱିଶ୍ୱାସସ୍ତଦ୍ୟୁକ୍ତଂ ଦୁଷ୍ଟାନ୍ତଃକରଣଂ ଯୁଷ୍ମାକଂ କସ୍ୟାପି ନ ଭୱତୁ|
3a030d0162	କିନ୍ତୁ ଯାୱଦ୍ ଅଦ୍ୟନାମା ସମଯୋ ୱିଦ୍ୟତେ ତାୱଦ୍ ଯୁଷ୍ମନ୍ମଧ୍ୟେ କୋଽପି ପାପସ୍ୟ ୱଞ୍ଚନଯା ଯତ୍ କଠୋରୀକୃତୋ ନ ଭୱେତ୍ ତଦର୍ଥଂ ପ୍ରତିଦିନଂ ପରସ୍ପରମ୍ ଉପଦିଶତ|
3a030e0114	ଯତୋ ୱଯଂ ଖ୍ରୀଷ୍ଟସ୍ୟାଂଶିନୋ ଜାତାଃ କିନ୍ତୁ ପ୍ରଥମୱିଶ୍ୱାସସ୍ୟ ଦୃଢତ୍ୱମ୍ ଅସ୍ମାଭିଃ ଶେଷଂ ଯାୱଦ୍ ଅମୋଘଂ ଧାରଯିତୱ୍ୟଂ|
3a030f0174	ଅଦ୍ୟ ଯୂଯଂ କଥାଂ ତସ୍ୟ ଯଦି ସଂଶ୍ରୋତୁମିଚ୍ଛଥ, ତର୍ହ୍ୟାଜ୍ଞାଲଙ୍ଘନସ୍ଥାନେ ଯୁଷ୍ମାଭିସ୍ତୁ କୃତଂ ଯଥା, ତଥା ମା କୁରୁତେଦାନୀଂ କଠିନାନି ମନାଂସି ୱ ଇତି ତେନ ଯଦୁକ୍ତଂ,
3a03100103	ତଦନୁସାରାଦ୍ ଯେ ଶ୍ରୁତ୍ୱା ତସ୍ୟ କଥାଂ ନ ଗୃହୀତୱନ୍ତସ୍ତେ କେ? କିଂ ମୂସସା ମିସରଦେଶାଦ୍ ଆଗତାଃ ସର୍ୱ୍ୱେ ଲୋକା ନହି?
3a03110127	କେଭ୍ୟୋ ୱା ସ ଚତ୍ୱାରିଂଶଦ୍ୱର୍ଷାଣି ଯାୱଦ୍ ଅକ୍ରୁଧ୍ୟତ୍? ପାପଂ କୁର୍ୱ୍ୱତାଂ ଯେଷାଂ କୁଣପାଃ ପ୍ରାନ୍ତରେ ଽପତନ୍ କିଂ ତେଭ୍ୟୋ ନହି?
3a0312011f	ପ୍ରୱେକ୍ଷ୍ୟତେ ଜନୈରେତୈ ର୍ନ ୱିଶ୍ରାମସ୍ଥଲଂ ମମେତି ଶପଥଃ କେଷାଂ ୱିରୁଦ୍ଧଂ ତେନାକାରି? କିମ୍ ଅୱିଶ୍ୱାସିନାଂ ୱିରୁଦ୍ଧଂ ନହି?
3a031300c3	ଅତସ୍ତେ ତତ୍ ସ୍ଥାନଂ ପ୍ରୱେଷ୍ଟୁମ୍ ଅୱିଶ୍ୱାସାତ୍ ନାଶକ୍ନୁୱନ୍ ଇତି ୱଯଂ ୱୀକ୍ଷାମହେ|
3a0401014a	ଅପରଂ ତଦ୍ୱିଶ୍ରାମପ୍ରାପ୍ତେଃ ପ୍ରତିଜ୍ଞା ଯଦି ତିଷ୍ଠତି ତର୍ହ୍ୟସ୍ମାକଂ କଶ୍ଚିତ୍ ଚେତ୍ ତସ୍ୟାଃ ଫଲେନ ୱଞ୍ଚିତୋ ଭୱେତ୍ ୱଯମ୍ ଏତସ୍ମାଦ୍ ବିଭୀମଃ|
3a040201d7	ଯତୋ ଽସ୍ମାକଂ ସମୀପେ ଯଦ୍ୱତ୍ ତଦ୍ୱତ୍ ତେଷାଂ ସମୀପେଽପି ସୁସଂୱାଦଃ ପ୍ରଚାରିତୋ ଽଭୱତ୍ କିନ୍ତୁ ତୈଃ ଶ୍ରୁତଂ ୱାକ୍ୟଂ ତାନ୍ ପ୍ରତି ନିଷ୍ଫଲମ୍ ଅଭୱତ୍, ଯତସ୍ତେ ଶ୍ରୋତାରୋ ୱିଶ୍ୱାସେନ ସାର୍ଦ୍ଧଂ ତନ୍ନାମିଶ୍ରଯନ୍|
3a04030208	ତଦ୍ ୱିଶ୍ରାମସ୍ଥାନଂ ୱିଶ୍ୱାସିଭିରସ୍ମାଭିଃ ପ୍ରୱିଶ୍ୟତେ ଯତସ୍ତେନୋକ୍ତଂ, "ଅହଂ କୋପାତ୍ ଶପଥଂ କୃତୱାନ୍ ଇମଂ, ପ୍ରୱେକ୍ଷ୍ୟତେ ଜନୈରେତୈ ର୍ନ ୱିଶ୍ରାମସ୍ଥଲଂ ମମ| " କିନ୍ତୁ ତସ୍ୟ କର୍ମ୍ମାଣି ଜଗତଃ ସୃଷ୍ଟିକାଲାତ୍ ସମାପ୍ତାନି ସନ୍ତି|
3a0404013c	ଯତଃ କସ୍ମିଂଶ୍ଚିତ୍ ସ୍ଥାନେ ସପ୍ତମଂ ଦିନମଧି ତେନେଦମ୍ ଉକ୍ତଂ, ଯଥା, "ଈଶ୍ୱରଃ ସପ୍ତମେ ଦିନେ ସ୍ୱକୃତେଭ୍ୟଃ ସର୍ୱ୍ୱକର୍ମ୍ମଭ୍ୟୋ ୱିଶଶ୍ରାମ| "
3a040500ec	କିନ୍ତ୍ୱେତସ୍ମିନ୍ ସ୍ଥାନେ ପୁନସ୍ତେନୋଚ୍ୟତେ, ଯଥା, "ପ୍ରୱେକ୍ଷ୍ୟତେ ଜନୈରେତୈ ର୍ନ ୱିଶ୍ରାମସ୍ଥଲଂ ମମ| "
3a0406011f	ଫଲତସ୍ତତ୍ ସ୍ଥାନଂ କୈଶ୍ଚିତ୍ ପ୍ରୱେଷ୍ଟୱ୍ୟଂ କିନ୍ତୁ ଯେ ପୁରା ସୁସଂୱାଦଂ ଶ୍ରୁତୱନ୍ତସ୍ତୈରୱିଶ୍ୱାସାତ୍ ତନ୍ନ ପ୍ରୱିଷ୍ଟମ୍,
3a040701cf	ଇତି ହେତୋଃ ସ ପୁନରଦ୍ୟନାମକଂ ଦିନଂ ନିରୂପ୍ୟ ଦୀର୍ଘକାଲେ ଗତେଽପି ପୂର୍ୱ୍ୱୋକ୍ତାଂ ୱାଚଂ ଦାଯୂଦା କଥଯତି, ଯଥା, "ଅଦ୍ୟ ଯୂଯଂ କଥାଂ ତସ୍ୟ ଯଦି ସଂଶ୍ରୋତୁମିଚ୍ଛଥ, ତର୍ହି ମା କୁରୁତେଦାନୀଂ କଠିନାନି ମନାଂସି ୱଃ| "
3a040800fa	ଅପରଂ ଯିହୋଶୂଯୋ ଯଦି ତାନ୍ ୱ୍ୟଶ୍ରାମଯିଷ୍ୟତ୍ ତର୍ହି ତତଃ ପରମ୍ ଅପରସ୍ୟ ଦିନସ୍ୟ ୱାଗ୍ ଈଶ୍ୱରେଣ ନାକଥଯିଷ୍ୟତ|
3a04090090	ଅତ ଈଶ୍ୱରସ୍ୟ ପ୍ରଜାଭିଃ କର୍ତ୍ତୱ୍ୟ ଏକୋ ୱିଶ୍ରାମସ୍ତିଷ୍ଠତି|
3a040a014a	ଅପରମ୍ ଈଶ୍ୱରୋ ଯଦ୍ୱତ୍ ସ୍ୱକୃତକର୍ମ୍ମଭ୍ୟୋ ୱିଶଶ୍ରାମ ତଦ୍ୱତ୍ ତସ୍ୟ ୱିଶ୍ରାମସ୍ଥାନଂ ପ୍ରୱିଷ୍ଟୋ ଜନୋଽପି ସ୍ୱକୃତକର୍ମ୍ମଭ୍ୟୋ ୱିଶ୍ରାମ୍ୟତି|
3a040b00ce	ଅତୋ ୱଯଂ ତଦ୍ ୱିଶ୍ରାମସ୍ଥାନଂ ପ୍ରୱେଷ୍ଟୁଂ ଯତାମହୈ, ତଦୱିଶ୍ୱାସୋଦାହରଣେନ କୋଽପି ନ ପତତୁ|
3a040c01ea	ଈଶ୍ୱରସ୍ୟ ୱାଦୋଽମରଃ ପ୍ରଭାୱୱିଶିଷ୍ଟଶ୍ଚ ସର୍ୱ୍ୱସ୍ମାଦ୍ ଦ୍ୱିଧାରଖଙ୍ଗାଦପି ତୀକ୍ଷ୍ଣଃ, ଅପରଂ ପ୍ରାଣାତ୍ମନୋ ର୍ଗ୍ରନ୍ଥିମଜ୍ଜଯୋଶ୍ଚ ପରିଭେଦାଯ ୱିଚ୍ଛେଦକାରୀ ମନସଶ୍ଚ ସଙ୍କଲ୍ପାନାମ୍ ଅଭିପ୍ରେତାନାଞ୍ଚ ୱିଚାରକଃ|
3a040d0162	ଅପରଂ ଯସ୍ୟ ସମୀପେ ସ୍ୱୀଯା ସ୍ୱୀଯା କଥାସ୍ମାଭିଃ କଥଯିତୱ୍ୟା ତସ୍ୟାଗୋଚରଃ କୋଽପି ପ୍ରାଣୀ ନାସ୍ତି ତସ୍ୟ ଦୃଷ୍ଟୌ ସର୍ୱ୍ୱମେୱାନାୱୃତଂ ପ୍ରକାଶିତଞ୍ଚାସ୍ତେ|
3a040e0193	ଅପରଂ ଯ ଉଚ୍ଚତମଂ ସ୍ୱର୍ଗଂ ପ୍ରୱିଷ୍ଟ ଏତାଦୃଶ ଏକୋ ୱ୍ୟକ୍ତିରର୍ଥତ ଈଶ୍ୱରସ୍ୟ ପୁତ୍ରୋ ଯୀଶୁରସ୍ମାକଂ ମହାଯାଜକୋଽସ୍ତି, ଅତୋ ହେତୋ ର୍ୱଯଂ ଧର୍ମ୍ମପ୍ରତିଜ୍ଞାଂ ଦୃଢମ୍ ଆଲମ୍ବାମହୈ|
3a040f013c	ଅସ୍ମାକଂ ଯୋ ମହାଯାଜକୋ ଽସ୍ତି ସୋଽସ୍ମାକଂ ଦୁଃଖୈ ର୍ଦୁଃଖିତୋ ଭୱିତୁମ୍ ଅଶକ୍ତୋ ନହି କିନ୍ତୁ ପାପଂ ୱିନା ସର୍ୱ୍ୱୱିଷଯେ ୱଯମିୱ ପରୀକ୍ଷିତଃ|
3a04100124	ଅତଏୱ କୃପାଂ ଗ୍ରହୀତୁଂ ପ୍ରଯୋଜନୀଯୋପକାରାର୍ଥମ୍ ଅନୁଗ୍ରହଂ ପ୍ରାପ୍ତୁଞ୍ଚ ୱଯମ୍ ଉତ୍ସାହେନାନୁଗ୍ରହସିଂହାସନସ୍ୟ ସମୀପଂ ଯାମଃ|
3a05010169	ଯଃ କଶ୍ଚିତ୍ ମହାଯାଜକୋ ଭୱତି ସ ମାନୱାନାଂ ମଧ୍ୟାତ୍ ନୀତଃ ସନ୍ ମାନୱାନାଂ କୃତ ଈଶ୍ୱରୋଦ୍ଦେଶ୍ୟୱିଷଯେଽର୍ଥତ ଉପହାରାଣାଂ ପାପାର୍ଥକବଲୀନାଞ୍ଚ ଦାନ ନିଯୁଜ୍ୟତେ|
3a05020123	ସ ଚାଜ୍ଞାନାଂ ଭ୍ରାନ୍ତାନାଞ୍ଚ ଲୋକାନାଂ ଦୁଃଖେନ ଦୁଃଖୀ ଭୱିତୁଂ ଶକ୍ନୋତି, ଯତୋ ହେତୋଃ ସ ସ୍ୱଯମପି ଦୌର୍ବ୍ବଲ୍ୟୱେଷ୍ଟିତୋ ଭୱତି|
3a050300f4	ଏତସ୍ମାତ୍ କାରଣାଚ୍ଚ ଯଦ୍ୱତ୍ ଲୋକାନାଂ କୃତେ ତଦ୍ୱଦ୍ ଆତ୍ମକୃତେଽପି ପାପାର୍ଥକବଲିଦାନଂ ତେନ କର୍ତ୍ତୱ୍ୟଂ|
3a050400e5	ସ ଘୋଚ୍ଚପଦଃ ସ୍ୱେଚ୍ଛାତଃ କେନାପି ନ ଗୃହ୍ୟତେ କିନ୍ତୁ ହାରୋଣ ଇୱ ଯ ଈଶ୍ୱରେଣାହୂଯତେ ତେନୈୱ ଗୃହ୍ୟତେ|
3a050501bd	ଏୱମ୍ପ୍ରକାରେଣ ଖ୍ରୀଷ୍ଟୋଽପି ମହାଯାଜକତ୍ୱଂ ଗ୍ରହୀତୁଂ ସ୍ୱୀଯଗୌରୱଂ ସ୍ୱଯଂ ନ କୃତୱାନ୍, କିନ୍ତୁ "ମଦୀଯତନଯୋଽସି ତ୍ୱମ୍ ଅଦ୍ୟୈୱ ଜନିତୋ ମଯେତି" ୱାଚଂ ଯସ୍ତଂ ଭାଷିତୱାନ୍ ସ ଏୱ ତସ୍ୟ ଗୌରୱଂ କୃତୱାନ୍|
3a050600bf	ତଦ୍ୱଦ୍ ଅନ୍ୟଗୀତେଽପୀଦମୁକ୍ତଂ, ତ୍ୱଂ ମଲ୍କୀଷେଦକଃ ଶ୍ରେଣ୍ୟାଂ ଯାଜକୋଽସି ସଦାତନଃ|
3a0507019e	ସ ଚ ଦେହୱାସକାଲେ ବହୁକ୍ରନ୍ଦନେନାଶ୍ରୁପାତେନ ଚ ମୃତ୍ୟୁତ ଉଦ୍ଧରଣେ ସମର୍ଥସ୍ୟ ପିତୁଃ ସମୀପେ ପୁନଃ ପୁନର୍ୱିନତିଂ ପ୍ରର୍ଥନାଞ୍ଚ କୃତ୍ୱା ତତ୍ଫଲରୂପିଣୀଂ ଶଙ୍କାତୋ ରକ୍ଷାଂ ପ୍ରାପ୍ୟ ଚ
3a050800ab	ଯଦ୍ୟପି ପୁତ୍ରୋଽଭୱତ୍ ତଥାପି ଯୈରକ୍ଲିଶ୍ୟତ ତୈରାଜ୍ଞାଗ୍ରହଣମ୍ ଅଶିକ୍ଷତ|
3a050900e5	ଇତ୍ଥଂ ସିଦ୍ଧୀଭୂଯ ନିଜାଜ୍ଞାଗ୍ରାହିଣାଂ ସର୍ୱ୍ୱେଷାମ୍ ଅନନ୍ତପରିତ୍ରାଣସ୍ୟ କାରଣସ୍ୱରୂପୋ ଽଭୱତ୍|
3a050a009f	ତସ୍ମାତ୍ ସ ମଲ୍କୀଷେଦକଃ ଶ୍ରେଣୀଭୁକ୍ତୋ ମହାଯାଜକ ଈଶ୍ୱରେଣାଖ୍ୟାତଃ|
3a050b00da	ତମଧ୍ୟସ୍ମାକଂ ବହୁକଥାଃ କଥଯିତୱ୍ୟାଃ କିନ୍ତୁ ତାଃ ସ୍ତବ୍ଧକର୍ଣୈ ର୍ୟୁଷ୍ମାଭି ର୍ଦୁର୍ଗମ୍ୟାଃ|
3a050c0243	ଯତୋ ଯୂଯଂ ଯଦ୍ୟପି ସମଯସ୍ୟ ଦୀର୍ଘତ୍ୱାତ୍ ଶିକ୍ଷକା ଭୱିତୁମ୍ ଅଶକ୍ଷ୍ୟତ ତଥାପୀଶ୍ୱରସ୍ୟ ୱାକ୍ୟାନାଂ ଯା ପ୍ରଥମା ୱର୍ଣମାଲା ତାମଧି ଶିକ୍ଷାପ୍ରାପ୍ତି ର୍ୟୁଷ୍ମାକଂ ପୁନରାୱଶ୍ୟକା ଭୱତି, ତଥା କଠିନଦ୍ରୱ୍ୟେ ନହି କିନ୍ତୁ ଦୁଗ୍ଧେ ଯୁଷ୍ମାକଂ ପ୍ରଯୋଜନମ୍ ଆସ୍ତେ|
3a050d00a6	ଯୋ ଦୁଗ୍ଧପାଯୀ ସ ଶିଶୁରେୱେତିକାରଣାତ୍ ଧର୍ମ୍ମୱାକ୍ୟେ ତତ୍ପରୋ ନାସ୍ତି|
3a050e0124	କିନ୍ତୁ ସଦସଦ୍ୱିଚାରେ ଯେଷାଂ ଚେତାଂସି ୱ୍ୟୱହାରେଣ ଶିକ୍ଷିତାନି ତାଦୃଶାନାଂ ସିଦ୍ଧଲୋକାନାଂ କଠୋରଦ୍ରୱ୍ୟେଷୁ ପ୍ରଯୋଜନମସ୍ତି|
3a06010116	ୱଯଂ ମୃତିଜନକକର୍ମ୍ମଭ୍ୟୋ ମନଃପରାୱର୍ତ୍ତନମ୍ ଈଶ୍ୱରେ ୱିଶ୍ୱାସୋ ମଜ୍ଜନଶିକ୍ଷଣଂ ହସ୍ତାର୍ପଣଂ ମୃତଲୋକାନାମ୍ ଉତ୍ଥାନମ୍
3a06020162	ଅନନ୍ତକାଲସ୍ଥାଯିୱିଚାରାଜ୍ଞା ଚୈତୈଃ ପୁନର୍ଭିତ୍ତିମୂଲଂ ନ ସ୍ଥାପଯନ୍ତଃ ଖ୍ରୀଷ୍ଟୱିଷଯକଂ ପ୍ରଥମୋପଦେଶଂ ପଶ୍ଚାତ୍କୃତ୍ୟ ସିଦ୍ଧିଂ ଯାୱଦ୍ ଅଗ୍ରସରା ଭୱାମ|
3a06030074	ଈଶ୍ୱରସ୍ୟାନୁମତ୍ୟା ଚ ତଦ୍ ଅସ୍ମାଭିଃ କାରିଷ୍ୟତେ|
3a060400e8	ଯ ଏକକୃତ୍ୱୋ ଦୀପ୍ତିମଯା ଭୂତ୍ୱା ସ୍ୱର୍ଗୀଯୱରରସମ୍ ଆସ୍ୱଦିତୱନ୍ତଃ ପୱିତ୍ରସ୍ୟାତ୍ମନୋଽଂଶିନୋ ଜାତା
3a060500c0	ଈଶ୍ୱରସ୍ୟ ସୁୱାକ୍ୟଂ ଭାୱିକାଲସ୍ୟ ଶକ୍ତିଞ୍ଚାସ୍ୱଦିତୱନ୍ତଶ୍ଚ ତେ ଭ୍ରଷ୍ଟ୍ୱା ଯଦି
3a06060168	ସ୍ୱମନୋଭିରୀଶ୍ୱରସ୍ୟ ପୁତ୍ରଂ ପୁନଃ କ୍ରୁଶେ ଘ୍ନନ୍ତି ଲଜ୍ଜାସ୍ପଦଂ କୁର୍ୱ୍ୱତେ ଚ ତର୍ହି ମନଃପରାୱର୍ତ୍ତନାଯ ପୁନସ୍ତାନ୍ ନୱୀନୀକର୍ତ୍ତୁଂ କୋଽପି ନ ଶକ୍ନୋତି|
3a0607015a	ଯତୋ ଯା ଭୂମିଃ ସ୍ୱୋପରି ଭୂଯଃ ପତିତଂ ୱୃଷ୍ଟିଂ ପିୱତୀ ତତ୍ଫଲାଧିକାରିଣାଂ ନିମିତ୍ତମ୍ ଇଷ୍ଟାନି ଶାକାଦୀନ୍ୟୁତ୍ପାଦଯତି ସା ଈଶ୍ୱରାଦ୍ ଆଶିଷଂ ପ୍ରାପ୍ତା|
3a0608010a	କିନ୍ତୁ ଯା ଭୂମି ର୍ଗୋକ୍ଷୁରକଣ୍ଟକୱୃକ୍ଷାନ୍ ଉତ୍ପାଦଯତି ସା ନ ଗ୍ରାହ୍ୟା ଶାପାର୍ହା ଚ ଶେଷେ ତସ୍ୟା ଦାହୋ ଭୱିଷ୍ୟତି|
3a06090139	ହେ ପ୍ରିଯତମାଃ, ଯଦ୍ୟପି ୱଯମ୍ ଏତାଦୃଶଂ ୱାକ୍ୟଂ ଭାଷାମହେ ତଥାପି ଯୂଯଂ ତତ ଉତ୍କୃଷ୍ଟାଃ ପରିତ୍ରାଣପଥସ୍ୟ ପଥିକାଶ୍ଚାଧ୍ୱ ଇତି ୱିଶ୍ୱସାମଃ|
3a060a0170	ଯତୋ ଯୁଷ୍ମାଭିଃ ପୱିତ୍ରଲୋକାନାଂ ଯ ଉପକାରୋ ଽକାରି କ୍ରିଯତେ ଚ ତେନେଶ୍ୱରସ୍ୟ ନାମ୍ନେ ପ୍ରକାଶିତଂ ପ୍ରେମ ଶ୍ରମଞ୍ଚ ୱିସ୍ମର୍ତ୍ତୁମ୍ ଈଶ୍ୱରୋଽନ୍ୟାଯକାରୀ ନ ଭୱତି|
3a060b0105	ଅପରଂ ଯୁଷ୍ମାକମ୍ ଏକୈକୋ ଜନୋ ଯତ୍ ପ୍ରତ୍ୟାଶାପୂରଣାର୍ଥଂ ଶେଷଂ ଯାୱତ୍ ତମେୱ ଯତ୍ନଂ ପ୍ରକାଶଯେଦିତ୍ୟହମ୍ ଇଚ୍ଛାମି|
3a060c0116	ଅତଃ ଶିଥିଲା ନ ଭୱତ କିନ୍ତୁ ଯେ ୱିଶ୍ୱାସେନ ସହିଷ୍ଣୁତଯା ଚ ପ୍ରତିଜ୍ଞାନାଂ ଫଲାଧିକାରିଣୋ ଜାତାସ୍ତେଷାମ୍ ଅନୁଗାମିନୋ ଭୱତ|
3a060d017e	ଈଶ୍ୱରୋ ଯଦା ଇବ୍ରାହୀମେ ପ୍ରତ୍ୟଜାନାତ୍ ତଦା ଶ୍ରେଷ୍ଠସ୍ୟ କସ୍ୟାପ୍ୟପରସ୍ୟ ନାମ୍ନା ଶପଥଂ କର୍ତ୍ତୁଂ ନାଶକ୍ନୋତ୍, ଅତୋ ହେତୋଃ ସ୍ୱନାମ୍ନା ଶପଥଂ କୃତ୍ୱା ତେନୋକ୍ତଂ ଯଥା,
3a060e00a7	"ସତ୍ୟମ୍ ଅହଂ ତ୍ୱାମ୍ ଆଶିଷଂ ଗଦିଷ୍ୟାମି ତୱାନ୍ୱଯଂ ୱର୍ଦ୍ଧଯିଷ୍ୟାମି ଚ| "
3a060f00b4	ଅନେନ ପ୍ରକାରେଣ ସ ସହିଷ୍ଣୁତାଂ ୱିଧାଯ ତସ୍ୟାଃ ପ୍ରତ୍ୟାଶାଯାଃ ଫଲଂ ଲବ୍ଧୱାନ୍|
3a061000ff	ଅଥ ମାନୱାଃ ଶ୍ରେଷ୍ଠସ୍ୟ କସ୍ୟଚିତ୍ ନାମ୍ନା ଶପନ୍ତେ, ଶପଥଶ୍ଚ ପ୍ରମାଣାର୍ଥଂ ତେଷାଂ ସର୍ୱ୍ୱୱିୱାଦାନ୍ତକୋ ଭୱତି|
3a06110167	ଇତ୍ୟସ୍ମିନ୍ ଈଶ୍ୱରଃ ପ୍ରତିଜ୍ଞାଯାଃ ଫଲାଧିକାରିଣଃ ସ୍ୱୀଯମନ୍ତ୍ରଣାଯା ଅମୋଘତାଂ ବାହୁଲ୍ୟତୋ ଦର୍ଶଯିତୁମିଚ୍ଛନ୍ ଶପଥେନ ସ୍ୱପ୍ରତିଜ୍ଞାଂ ସ୍ଥିରୀକୃତୱାନ୍|
3a06120186	ଅତଏୱ ଯସ୍ମିନ୍ ଅନୃତକଥନମ୍ ଈଶ୍ୱରସ୍ୟ ନ ସାଧ୍ୟଂ ତାଦୃଶେନାଚଲେନ ୱିଷଯଦ୍ୱଯେନ ସମ୍ମୁଖସ୍ଥରକ୍ଷାସ୍ଥଲସ୍ୟ ପ୍ରାପ୍ତଯେ ପଲାଯିତାନାମ୍ ଅସ୍ମାକଂ ସୁଦୃଢା ସାନ୍ତ୍ୱନା ଜାଯତେ|
3a061300ef	ସା ପ୍ରତ୍ୟାଶାସ୍ମାକଂ ମନୋନୌକାଯା ଅଚଲୋ ଲଙ୍ଗରୋ ଭୂତ୍ୱା ୱିଚ୍ଛେଦକୱସ୍ତ୍ରସ୍ୟାଭ୍ୟନ୍ତରଂ ପ୍ରୱିଷ୍ଟା|
3a061400e6	ତତ୍ରୈୱାସ୍ମାକମ୍ ଅଗ୍ରସରୋ ଯୀଶୁଃ ପ୍ରୱିଶ୍ୟ ମଲ୍କୀଷେଦକଃ ଶ୍ରେଣ୍ୟାଂ ନିତ୍ୟସ୍ଥାଯୀ ଯାଜକୋଽଭୱତ୍|
3a07010150	ଶାଲମସ୍ୟ ରାଜା ସର୍ୱ୍ୱୋପରିସ୍ଥସ୍ୟେଶ୍ୱରସ୍ୟ ଯାଜକଶ୍ଚ ସନ୍ ଯୋ ନୃପତୀନାଂ ମାରଣାତ୍ ପ୍ରତ୍ୟାଗତମ୍ ଇବ୍ରାହୀମଂ ସାକ୍ଷାତ୍କୃତ୍ୟାଶିଷଂ ଗଦିତୱାନ୍,
3a07020189	ଯସ୍ମୈ ଚେବ୍ରାହୀମ୍ ସର୍ୱ୍ୱଦ୍ରୱ୍ୟାଣାଂ ଦଶମାଂଶଂ ଦତ୍ତୱାନ୍ ସ ମଲ୍କୀଷେଦକ୍ ସ୍ୱନାମ୍ନୋଽର୍ଥେନ ପ୍ରଥମତୋ ଧର୍ମ୍ମରାଜଃ ପଶ୍ଚାତ୍ ଶାଲମସ୍ୟ ରାଜାର୍ଥତଃ ଶାନ୍ତିରାଜୋ ଭୱତି|
3a0703018d	ଅପରଂ ତସ୍ୟ ପିତା ମାତା ୱଂଶସ୍ୟ ନିର୍ଣଯ ଆଯୁଷ ଆରମ୍ଭୋ ଜୀୱନସ୍ୟ ଶେଷଶ୍ଚୈତେଷାମ୍ ଅଭାୱୋ ଭୱତି, ଇତ୍ଥଂ ସ ଈଶ୍ୱରପୁତ୍ରସ୍ୟ ସଦୃଶୀକୃତଃ, ସ ତ୍ୱନନ୍ତକାଲଂ ଯାୱଦ୍ ଯାଜକସ୍ତିଷ୍ଠତି|
3a07040114	ଅତଏୱାସ୍ମାକଂ ପୂର୍ୱ୍ୱପୁରୁଷ ଇବ୍ରାହୀମ୍ ଯସ୍ମୈ ଲୁଠିତଦ୍ରୱ୍ୟାଣାଂ ଦଶମାଂଶଂ ଦତ୍ତୱାନ୍ ସ କୀଦୃକ୍ ମହାନ୍ ତଦ୍ ଆଲୋଚଯତ|
3a07050163	ଯାଜକତ୍ୱପ୍ରାପ୍ତା ଲେୱେଃ ସନ୍ତାନା ୱ୍ୟୱସ୍ଥାନୁସାରେଣ ଲୋକେଭ୍ୟୋଽର୍ଥତ ଇବ୍ରାହୀମୋ ଜାତେଭ୍ୟଃ ସ୍ୱୀଯଭ୍ରାତୃଭ୍ୟୋ ଦଶମାଂଶଗ୍ରହଣସ୍ୟାଦେଶଂ ଲବ୍ଧୱନ୍ତଃ|
3a07060140	କିନ୍ତ୍ୱସୌ ଯଦ୍ୟପି ତେଷାଂ ୱଂଶାତ୍ ନୋତ୍ପନ୍ନସ୍ତଥାପୀବ୍ରାହୀମୋ ଦଶମାଂଶଂ ଗୃହୀତୱାନ୍ ପ୍ରତିଜ୍ଞାନାମ୍ ଅଧିକାରିଣମ୍ ଆଶିଷଂ ଗଦିତୱାଂଶ୍ଚ|
3a070700bd	ଅପରଂ ଯଃ ଶ୍ରେଯାନ୍ ସ କ୍ଷୁଦ୍ରତରାଯାଶିଷଂ ଦଦାତୀତ୍ୟତ୍ର କୋଽପି ସନ୍ଦେହୋ ନାସ୍ତି|
3a07080125	ଅପରମ୍ ଇଦାନୀଂ ଯେ ଦଶମାଂଶଂ ଗୃହ୍ଲନ୍ତି ତେ ମୃତ୍ୟୋରଧୀନା ମାନୱାଃ କିନ୍ତୁ ତଦାନୀଂ ଯୋ ଗୃହୀତୱାନ୍ ସ ଜୀୱତୀତିପ୍ରମାଣପ୍ରାପ୍ତଃ|
3a070900da	ଅପରଂ ଦଶମାଂଶଗ୍ରାହୀ ଲେୱିରପୀବ୍ରାହୀମ୍ଦ୍ୱାରା ଦଶମାଂଶଂ ଦତ୍ତୱାନ୍ ଏତଦପି କଥଯିତୁଂ ଶକ୍ୟତେ|
3a070a00d4	ଯତୋ ଯଦା ମଲ୍କୀଷେଦକ୍ ତସ୍ୟ ପିତରଂ ସାକ୍ଷାତ୍ କୃତୱାନ୍ ତଦାନୀଂ ସ ଲେୱିଃ ପିତୁରୁରସ୍ୟାସୀତ୍|
3a070b0265	ଅପରଂ ଯସ୍ୟ ସମ୍ବନ୍ଧେ ଲୋକା ୱ୍ୟୱସ୍ଥାଂ ଲବ୍ଧୱନ୍ତସ୍ତେନ ଲେୱୀଯଯାଜକୱର୍ଗେଣ ଯଦି ସିଦ୍ଧିଃ ସମଭୱିଷ୍ୟତ୍ ତର୍ହି ହାରୋଣସ୍ୟ ଶ୍ରେଣ୍ୟା ମଧ୍ୟାଦ୍ ଯାଜକଂ ନ ନିରୂପ୍ୟେଶ୍ୱରେଣ ମଲ୍କୀଷେଦକଃ ଶ୍ରେଣ୍ୟା ମଧ୍ୟାଦ୍ ଅପରସ୍ୟୈକସ୍ୟ ଯାଜକସ୍ୟୋତ୍ଥାପନଂ କୁତ ଆୱଶ୍ୟକମ୍ ଅଭୱିଷ୍ୟତ୍?
3a070c00a7	ଯତୋ ଯାଜକୱର୍ଗସ୍ୟ ୱିନିମଯେନ ସୁତରାଂ ୱ୍ୟୱସ୍ଥାଯା ଅପି ୱିନିମଯୋ ଜାଯତେ|
3a070d012d	ଅପରଞ୍ଚ ତଦ୍ ୱାକ୍ୟଂ ଯସ୍ୟୋଦ୍ଦେଶ୍ୟଂ ସୋଽପରେଣ ୱଂଶେନ ସଂଯୁକ୍ତାଽସ୍ତି ତସ୍ୟ ୱଂଶସ୍ୟ ଚ କୋଽପି କଦାପି ୱେଦ୍ୟାଃ କର୍ମ୍ମ ନ କୃତୱାନ୍|
3a070e0150	ୱସ୍ତୁତସ୍ତୁ ଯଂ ୱଂଶମଧି ମୂସା ଯାଜକତ୍ୱସ୍ୟୈକାଂ କଥାମପି ନ କଥିତୱାନ୍ ତସ୍ମିନ୍ ଯିହୂଦାୱଂଶେଽସ୍ମାକଂ ପ୍ରଭୁ ର୍ଜନ୍ମ ଗୃହୀତୱାନ୍ ଇତି ସୁସ୍ପଷ୍ଟଂ|
3a070f00ed	ତସ୍ୟ ସ୍ପଷ୍ଟତରମ୍ ଅପରଂ ପ୍ରମାଣମିଦଂ ଯତ୍ ମଲ୍କୀଷେଦକଃ ସାଦୃଶ୍ୟୱତାପରେଣ ତାଦୃଶେନ ଯାଜକେନୋଦେତୱ୍ୟଂ,
3a07100102	ଯସ୍ୟ ନିରୂପଣଂ ଶରୀରସମ୍ବନ୍ଧୀଯୱିଧିଯୁକ୍ତଯା ୱ୍ୟୱସ୍ଥାଯା ନ ଭୱତି କିନ୍ତ୍ୱକ୍ଷଯଜୀୱନଯୁକ୍ତଯା ଶକ୍ତ୍ୟା ଭୱତି|
3a071100d6	ଯତ ଈଶ୍ୱର ଇଦଂ ସାକ୍ଷ୍ୟଂ ଦତ୍ତୱାନ୍, ଯଥା, "ତ୍ୱଂ ମକ୍ଲୀଷେଦକଃ ଶ୍ରେଣ୍ୟାଂ ଯାଜକୋଽସି ସଦାତନଃ| "
3a0712013e	ଅନେନାଗ୍ରୱର୍ତ୍ତିନୋ ୱିଧେ ଦୁର୍ବ୍ବଲତାଯା ନିଷ୍ଫଲତାଯାଶ୍ଚ ହେତୋରର୍ଥତୋ ୱ୍ୟୱସ୍ଥଯା କିମପି ସିଦ୍ଧଂ ନ ଜାତମିତିହେତୋସ୍ତସ୍ୟ ଲୋପୋ ଭୱତି|
3a071300d2	ଯଯା ଚ ୱଯମ୍ ଈଶ୍ୱରସ୍ୟ ନିକଟୱର୍ତ୍ତିନୋ ଭୱାମ ଏତାଦୃଶୀ ଶ୍ରେଷ୍ଠପ୍ରତ୍ୟାଶା ସଂସ୍ଥାପ୍ୟତେ|
3a071400c4	ଅପରଂ ଯୀଶୁଃ ଶପଥଂ ୱିନା ନ ନିଯୁକ୍ତସ୍ତସ୍ମାଦପି ସ ଶ୍ରେଷ୍ଠନିଯମସ୍ୟ ମଧ୍ୟସ୍ଥୋ ଜାତଃ|
3a071500b8	ଯତସ୍ତେ ଶପଥଂ ୱିନା ଯାଜକା ଜାତାଃ କିନ୍ତ୍ୱସୌ ଶପଥେନ ଜାତଃ ଯତଃ ସ ଇଦମୁକ୍ତଃ, ଯଥା,
3a071600e1	"ପରମେଶ ଇଦଂ ଶେପେ ନ ଚ ତସ୍ମାନ୍ନିୱର୍ତ୍ସ୍ୟତେ| ତ୍ୱଂ ମଲ୍କୀଷେଦକଃ ଶ୍ରେଣ୍ୟାଂ ଯାଜକୋଽସି ସଦାତନଃ| "
3a071700b4	ତେ ଚ ବହୱୋ ଯାଜକା ଅଭୱନ୍ ଯତସ୍ତେ ମୃତ୍ୟୁନା ନିତ୍ୟସ୍ଥାଯିତ୍ୱାତ୍ ନିୱାରିତାଃ,
3a071800c5	କିନ୍ତ୍ୱସାୱନନ୍ତକାଲଂ ଯାୱତ୍ ତିଷ୍ଠତି ତସ୍ମାତ୍ ତସ୍ୟ ଯାଜକତ୍ୱଂ ନ ପରିୱର୍ତ୍ତନୀଯଂ|
3a07190172	ତତୋ ହେତୋ ର୍ୟେ ମାନୱାସ୍ତେନେଶ୍ୱରସ୍ୟ ସନ୍ନିଧିଂ ଗଚ୍ଛନ୍ତି ତାନ୍ ସ ଶେଷଂ ଯାୱତ୍ ପରିତ୍ରାତୁଂ ଶକ୍ନୋତି ଯତସ୍ତେଷାଂ କୃତେ ପ୍ରାର୍ଥନାଂ କର୍ତ୍ତୁଂ ସ ସତତଂ ଜୀୱତି|
3a071a0150	ଅପରମ୍ ଅସ୍ମାକଂ ତାଦୃଶମହାଯାଜକସ୍ୟ ପ୍ରଯୋଜନମାସୀଦ୍ ଯଃ ପୱିତ୍ରୋ ଽହିଂସକୋ ନିଷ୍କଲଙ୍କଃ ପାପିଭ୍ୟୋ ଭିନ୍ନଃ ସ୍ୱର୍ଗାଦପ୍ୟୁଚ୍ଚୀକୃତଶ୍ଚ ସ୍ୟାତ୍|
3a071b01c7	ଅପରଂ ମହାଯାଜକାନାଂ ଯଥା ତଥା ତସ୍ୟ ପ୍ରତିଦିନଂ ପ୍ରଥମଂ ସ୍ୱପାପାନାଂ କୃତେ ତତଃ ପରଂ ଲୋକାନାଂ ପାପାନାଂ କୃତେ ବଲିଦାନସ୍ୟ ପ୍ରଯୋଜନଂ ନାସ୍ତି ଯତ ଆତ୍ମବଲିଦାନଂ କୃତ୍ୱା ତଦ୍ ଏକକୃତ୍ୱସ୍ତେନ ସମ୍ପାଦିତଂ|
3a071c01b6	ଯତୋ ୱ୍ୟୱସ୍ଥଯା ଯେ ମହାଯାଜକା ନିରୂପ୍ୟନ୍ତେ ତେ ଦୌର୍ବ୍ବଲ୍ୟଯୁକ୍ତା ମାନୱାଃ କିନ୍ତୁ ୱ୍ୟୱସ୍ଥାତଃ ପରଂ ଶପଥଯୁକ୍ତେନ ୱାକ୍ୟେନ ଯୋ ମହାଯାଜକୋ ନିରୂପିତଃ ସୋ ଽନନ୍ତକାଲାର୍ଥଂ ସିଦ୍ଧଃ ପୁତ୍ର ଏୱ|
3a08010162	କଥ୍ୟମାନାନାଂ ୱାକ୍ୟାନାଂ ସାରୋଽଯମ୍ ଅସ୍ମାକମ୍ ଏତାଦୃଶ ଏକୋ ମହାଯାଜକୋଽସ୍ତି ଯଃ ସ୍ୱର୍ଗେ ମହାମହିମ୍ନଃ ସିଂହାସନସ୍ୟ ଦକ୍ଷିଣପାର୍ଶ୍ୱୋ ସମୁପୱିଷ୍ଟୱାନ୍
3a080200ff	ଯଚ୍ଚ ଦୂଷ୍ୟଂ ନ ମନୁଜୈଃ କିନ୍ତ୍ୱୀଶ୍ୱରେଣ ସ୍ଥାପିତଂ ତସ୍ୟ ସତ୍ୟଦୂଷ୍ୟସ୍ୟ ପୱିତ୍ରୱସ୍ତୂନାଞ୍ଚ ସେୱକଃ ସ ଭୱତି|
3a08030137	ଯତ ଏକୈକୋ ମହାଯାଜକୋ ନୈୱେଦ୍ୟାନାଂ ବଲୀନାଞ୍ଚ ଦାନେ ନିଯୁଜ୍ୟତେ, ଅତୋ ହେତୋରେତସ୍ୟାପି କିଞ୍ଚିଦ୍ ଉତ୍ସର୍ଜନୀଯଂ ୱିଦ୍ୟତ ଇତ୍ୟାୱଶ୍ୟକଂ|
3a0804014e	କିଞ୍ଚ ସ ଯଦି ପୃଥିୱ୍ୟାମ୍ ଅସ୍ଥାସ୍ୟତ୍ ତର୍ହି ଯାଜକୋ ନାଭୱିଷ୍ୟତ୍, ଯତୋ ଯେ ୱ୍ୟୱସ୍ଥାନୁସାରାତ୍ ନୈୱେଦ୍ୟାନି ଦଦତ୍ୟେତାଦୃଶା ଯାଜକା ୱିଦ୍ୟନ୍ତେ|
3a0805025d	ତେ ତୁ ସ୍ୱର୍ଗୀଯୱସ୍ତୂନାଂ ଦୃଷ୍ଟାନ୍ତେନ ଛାଯଯା ଚ ସେୱାମନୁତିଷ୍ଠନ୍ତି ଯତୋ ମୂସସି ଦୂଷ୍ୟଂ ସାଧଯିତୁମ୍ ଉଦ୍ୟତେ ସତୀଶ୍ୱରସ୍ତଦେୱ ତମାଦିଷ୍ଟୱାନ୍ ଫଲତଃ ସ ତମୁକ୍ତୱାନ୍, ଯଥା, "ଅୱଧେହି ଗିରୌ ତ୍ୱାଂ ଯଦ୍ୟନ୍ନିଦର୍ଶନଂ ଦର୍ଶିତଂ ତଦ୍ୱତ୍ ସର୍ୱ୍ୱାଣି ତ୍ୱଯା କ୍ରିଯନ୍ତାଂ| "
3a08060156	କିନ୍ତ୍ୱିଦାନୀମ୍ ଅସୌ ତସ୍ମାତ୍ ଶ୍ରେଷ୍ଠଂ ସେୱକପଦଂ ପ୍ରାପ୍ତୱାନ୍ ଯତଃ ସ ଶ୍ରେଷ୍ଠପ୍ରତିଜ୍ଞାଭିଃ ସ୍ଥାପିତସ୍ୟ ଶ୍ରେଷ୍ଠନିଯମସ୍ୟ ମଧ୍ୟସ୍ଥୋଽଭୱତ୍|
3a080700f5	ସ ପ୍ରଥମୋ ନିଯମୋ ଯଦି ନିର୍ଦ୍ଦୋଷୋଽଭୱିଷ୍ୟତ ତର୍ହି ଦ୍ୱିତୀଯସ୍ୟ ନିଯମସ୍ୟ କିମପି ପ୍ରଯୋଜନଂ ନାଭୱିଷ୍ୟତ୍|
3a080801cc	କିନ୍ତୁ ସ ଦୋଷମାରୋପଯନ୍ ତେଭ୍ୟଃ କଥଯତି, ଯଥା, "ପରମେଶ୍ୱର ଇଦଂ ଭାଷତେ ପଶ୍ୟ ଯସ୍ମିନ୍ ସମଯେଽହମ୍ ଇସ୍ରାଯେଲୱଂଶେନ ଯିହୂଦାୱଂଶେନ ଚ ସାର୍ଦ୍ଧମ୍ ଏକଂ ନୱୀନଂ ନିଯମଂ ସ୍ଥିରୀକରିଷ୍ୟାମ୍ୟେତାଦୃଶଃ ସମଯ ଆଯାତି|
3a0809023c	ପରମେଶ୍ୱରୋଽପରମପି କଥଯତି ତେଷାଂ ପୂର୍ୱ୍ୱପୁରୁଷାଣାଂ ମିସରଦେଶାଦ୍ ଆନଯନାର୍ଥଂ ଯସ୍ମିନ୍ ଦିନେଽହଂ ତେଷାଂ କରଂ ଧୃତ୍ୱା ତୈଃ ସହ ନିଯମଂ ସ୍ଥିରୀକୃତୱାନ୍ ତଦ୍ଦିନସ୍ୟ ନିଯମାନୁସାରେଣ ନହି ଯତସ୍ତୈ ର୍ମମ ନିଯମେ ଲଙ୍ଘିତେଽହଂ ତାନ୍ ପ୍ରତି ଚିନ୍ତାଂ ନାକରୱଂ|
3a080a0253	କିନ୍ତୁ ପରମେଶ୍ୱରଃ କଥଯତି ତଦ୍ଦିନାତ୍ ପରମହଂ ଇସ୍ରାଯେଲୱଂଶୀଯୈଃ ସାର୍ଦ୍ଧମ୍ ଇମଂ ନିଯମଂ ସ୍ଥିରୀକରିଷ୍ୟାମି, ତେଷାଂ ଚିତ୍ତେ ମମ ୱିଧୀନ୍ ସ୍ଥାପଯିଷ୍ୟାମି ତେଷାଂ ହୃତ୍ପତ୍ରେ ଚ ତାନ୍ ଲେଖିଷ୍ୟାମି, ଅପରମହଂ ତେଷାମ୍ ଈଶ୍ୱରୋ ଭୱିଷ୍ୟାମି ତେ ଚ ମମ ଲୋକା ଭୱିଷ୍ୟନ୍ତି|
3a080b01ac	ଅପରଂ ତ୍ୱଂ ପରମେଶ୍ୱରଂ ଜାନୀହୀତିୱାକ୍ୟେନ ତେଷାମେକୈକୋ ଜନଃ ସ୍ୱଂ ସ୍ୱଂ ସମୀପୱାସିନଂ ଭ୍ରାତରଞ୍ଚ ପୁନ ର୍ନ ଶିକ୍ଷଯିଷ୍ୟତି ଯତ ଆକ୍ଷୁଦ୍ରାତ୍ ମହାନ୍ତଂ ଯାୱତ୍ ସର୍ୱ୍ୱେ ମାଂ ଜ୍ଞାସ୍ୟନ୍ତି|
3a080c00f4	ଯତୋ ହେତୋରହଂ ତେଷାମ୍ ଅଧର୍ମ୍ମାନ୍ କ୍ଷମିଷ୍ୟେ ତେଷାଂ ପାପାନ୍ୟପରାଧାଂଶ୍ଚ ପୁନଃ କଦାପି ନ ସ୍ମରିଷ୍ୟାମି| "
3a080d0123	ଅନେନ ତଂ ନିଯମଂ ନୂତନଂ ଗଦିତ୍ୱା ସ ପ୍ରଥମଂ ନିଯମଂ ପୁରାତନୀକୃତୱାନ୍; ଯଚ୍ଚ ପୁରାତନଂ ଜୀର୍ଣାଞ୍ଚ ଜାତଂ ତସ୍ୟ ଲୋପୋ ନିକଟୋ ଽଭୱତ୍|
3a090100bf	ସ ପ୍ରଥମୋ ନିଯମ ଆରାଧନାଯା ୱିୱିଧରୀତିଭିରୈହିକପୱିତ୍ରସ୍ଥାନେନ ଚ ୱିଶିଷ୍ଟ ଆସୀତ୍|
3a0902014e	ଯତୋ ଦୂଷ୍ୟମେକଂ ନିରମୀଯତ ତସ୍ୟ ପ୍ରଥମକୋଷ୍ଠସ୍ୟ ନାମ ପୱିତ୍ରସ୍ଥାନମିତ୍ୟାସୀତ୍ ତତ୍ର ଦୀପୱୃକ୍ଷୋ ଭୋଜନାସନଂ ଦର୍ଶନୀଯପୂପାନାଂ ଶ୍ରେଣୀ ଚାସୀତ୍|
3a090300ec	ତତ୍ପଶ୍ଚାଦ୍ ଦ୍ୱିତୀଯାଯାସ୍ତିରଷ୍କରିଣ୍ୟା ଅଭ୍ୟନ୍ତରେ ଽତିପୱିତ୍ରସ୍ଥାନମିତିନାମକଂ କୋଷ୍ଠମାସୀତ୍,
3a0904017f	ତତ୍ର ଚ ସୁୱର୍ଣମଯୋ ଧୂପାଧାରଃ ପରିତଃ ସୁୱର୍ଣମଣ୍ଡିତା ନିଯମମଞ୍ଜୂଷା ଚାସୀତ୍ ତନ୍ମଧ୍ୟେ ମାନ୍ନାଯାଃ ସୁୱର୍ଣଘଟୋ ହାରୋଣସ୍ୟ ମଞ୍ଜରିତଦଣ୍ଡସ୍ତକ୍ଷିତୌ ନିଯମପ୍ରସ୍ତରୌ,
3a090500f8	ତଦୁପରି ଚ କରୁଣାସନେ ଛାଯାକାରିଣୌ ତେଜୋମଯୌ କିରୂବାୱାସ୍ତାମ୍, ଏତେଷାଂ ୱିଶେଷୱୃତ୍ତାନ୍ତକଥନାଯ ନାଯଂ ସମଯଃ|
3a09060108	ଏତେଷ୍ୱୀଦୃକ୍ ନିର୍ମ୍ମିତେଷୁ ଯାଜକା ଈଶ୍ୱରସେୱାମ୍ ଅନୁତିଷ୍ଠନତୋ ଦୂଷ୍ୟସ୍ୟ ପ୍ରଥମକୋଷ୍ଠଂ ନିତ୍ୟଂ ପ୍ରୱିଶନ୍ତି|
3a090701ec	କିନ୍ତୁ ଦ୍ୱିତୀଯଂ କୋଷ୍ଠଂ ପ୍ରତିୱର୍ଷମ୍ ଏକକୃତ୍ୱ ଏକାକିନା ମହାଯାଜକେନ ପ୍ରୱିଶ୍ୟତେ କିନ୍ତ୍ୱାତ୍ମନିମିତ୍ତଂ ଲୋକାନାମ୍ ଅଜ୍ଞାନକୃତପାପାନାଞ୍ଚ ନିମିତ୍ତମ୍ ଉତ୍ସର୍ଜ୍ଜନୀଯଂ ରୁଧିରମ୍ ଅନାଦାଯ ତେନ ନ ପ୍ରୱିଶ୍ୟତେ|
3a09080150	ଇତ୍ୟନେନ ପୱିତ୍ର ଆତ୍ମା ଯତ୍ ଜ୍ଞାପଯତି ତଦିଦଂ ତତ୍ ପ୍ରଥମଂ ଦୂଷ୍ୟଂ ଯାୱତ୍ ତିଷ୍ଠତି ତାୱତ୍ ମହାପୱିତ୍ରସ୍ଥାନଗାମୀ ପନ୍ଥା ଅପ୍ରକାଶିତସ୍ତିଷ୍ଠତି|
3a09090181	ତଚ୍ଚ ଦୂଷ୍ୟଂ ୱର୍ତ୍ତମାନସମଯସ୍ୟ ଦୃଷ୍ଟାନ୍ତଃ, ଯତୋ ହେତୋଃ ସାମ୍ପ୍ରତଂ ସଂଶୋଧନକାଲଂ ଯାୱଦ୍ ଯନ୍ନିରୂପିତଂ ତଦନୁସାରାତ୍ ସେୱାକାରିଣୋ ମାନସିକସିଦ୍ଧିକରଣେଽସମର୍ଥାଭିଃ
3a090a00f7	କେୱଲଂ ଖାଦ୍ୟପେଯେଷୁ ୱିୱିଧମଜ୍ଜନେଷୁ ଚ ଶାରୀରିକରୀତିଭି ର୍ୟୁକ୍ତାନି ନୈୱେଦ୍ୟାନି ବଲିଦାନାନି ଚ ଭୱନ୍ତି|
3a090b0158	ଅପରଂ ଭାୱିମଙ୍ଗଲାନାଂ ମହାଯାଜକଃ ଖ୍ରୀଷ୍ଟ ଉପସ୍ଥାଯାହସ୍ତନିର୍ମ୍ମିତେନାର୍ଥତ ଏତତ୍ସୃଷ୍ଟେ ର୍ବହିର୍ଭୂତେନ ଶ୍ରେଷ୍ଠେନ ସିଦ୍ଧେନ ଚ ଦୂଷ୍ୟେଣ ଗତ୍ୱା
3a090c0156	ଛାଗାନାଂ ଗୋୱତ୍ସାନାଂ ୱା ରୁଧିରମ୍ ଅନାଦାଯ ସ୍ୱୀଯରୁଧିରମ୍ ଆଦାଯୈକକୃତ୍ୱ ଏୱ ମହାପୱିତ୍ରସ୍ଥାନଂ ପ୍ରୱିଶ୍ୟାନନ୍ତକାଲିକାଂ ମୁକ୍ତିଂ ପ୍ରାପ୍ତୱାନ୍|
3a090d00e0	ୱୃଷଛାଗାନାଂ ରୁଧିରେଣ ଗୱୀଭସ୍ମନଃ ପ୍ରକ୍ଷେପେଣ ଚ ଯଦ୍ୟଶୁଚିଲୋକାଃ ଶାରୀରିଶୁଚିତ୍ୱାଯ ପୂଯନ୍ତେ,
3a090e0203	ତର୍ହି କିଂ ମନ୍ୟଧ୍ୱେ ଯଃ ସଦାତନେନାତ୍ମନା ନିଷ୍କଲଙ୍କବଲିମିୱ ସ୍ୱମେୱେଶ୍ୱରାଯ ଦତ୍ତୱାନ୍, ତସ୍ୟ ଖ୍ରୀଷ୍ଟସ୍ୟ ରୁଧିରେଣ ଯୁଷ୍ମାକଂ ମନାଂସ୍ୟମରେଶ୍ୱରସ୍ୟ ସେୱାଯୈ କିଂ ମୃତ୍ୟୁଜନକେଭ୍ୟଃ କର୍ମ୍ମଭ୍ୟୋ ନ ପୱିତ୍ରୀକାରିଷ୍ୟନ୍ତେ?
3a090f019c	ସ ନୂତନନିଯମସ୍ୟ ମଧ୍ୟସ୍ଥୋଽଭୱତ୍ ତସ୍ୟାଭିପ୍ରାଯୋଽଯଂ ଯତ୍ ପ୍ରଥମନିଯମଲଙ୍ଘନରୂପପାପେଭ୍ୟୋ ମୃତ୍ୟୁନା ମୁକ୍ତୌ ଜାତାଯାମ୍ ଆହୂତଲୋକା ଅନନ୍ତକାଲୀଯସମ୍ପଦଃ ପ୍ରତିଜ୍ଞାଫଲଂ ଲଭେରନ୍|
3a0910009b	ଯତ୍ର ନିଯମୋ ଭୱତି ତତ୍ର ନିଯମସାଧକସ୍ୟ ବଲେ ର୍ମୃତ୍ୟୁନା ଭୱିତୱ୍ୟଂ|
3a09110106	ଯତୋ ହତେନ ବଲିନା ନିଯମଃ ସ୍ଥିରୀଭୱତି କିନ୍ତୁ ନିଯମସାଧକୋ ବଲି ର୍ୟାୱତ୍ ଜୀୱତି ତାୱତ୍ ନିଯମୋ ନିରର୍ଥକସ୍ତିଷ୍ଠତି|
3a09120088	ତସ୍ମାତ୍ ସ ପୂର୍ୱ୍ୱନିଯମୋଽପି ରୁଧିରପାତଂ ୱିନା ନ ସାଧିତଃ|
3a0913020e	ଫଲତଃ ସର୍ୱ୍ୱଲୋକାନ୍ ପ୍ରତି ୱ୍ୟୱସ୍ଥାନୁସାରେଣ ସର୍ୱ୍ୱା ଆଜ୍ଞାଃ କଥଯିତ୍ୱା ମୂସା ଜଲେନ ସିନ୍ଦୂରୱର୍ଣଲୋମ୍ନା ଏଷୋୱତୃଣେନ ଚ ସାର୍ଦ୍ଧଂ ଗୋୱତ୍ସାନାଂ ଛାଗାନାଞ୍ଚ ରୁଧିରଂ ଗୃହୀତ୍ୱା ଗ୍ରନ୍ଥେ ସର୍ୱ୍ୱଲୋକେଷୁ ଚ ପ୍ରକ୍ଷିପ୍ୟ ବଭାଷେ,
3a09140097	ଯୁଷ୍ମାନ୍ ଅଧୀଶ୍ୱରୋ ଯଂ ନିଯମଂ ନିରୂପିତୱାନ୍ ତସ୍ୟ ରୁଧିରମେତତ୍|
3a091500c2	ତଦ୍ୱତ୍ ସ ଦୂଷ୍ୟେଽପି ସେୱାର୍ଥକେଷୁ ସର୍ୱ୍ୱପାତ୍ରେଷୁ ଚ ରୁଧିରଂ ପ୍ରକ୍ଷିପ୍ତୱାନ୍|
3a09160105	ଅପରଂ ୱ୍ୟୱସ୍ଥାନୁସାରେଣ ପ୍ରାଯଶଃ ସର୍ୱ୍ୱାଣି ରୁଧିରେଣ ପରିଷ୍କ୍ରିଯନ୍ତେ ରୁଧିରପାତଂ ୱିନା ପାପମୋଚନଂ ନ ଭୱତି ଚ|
3a0917019e	ଅପରଂ ଯାନି ସ୍ୱର୍ଗୀଯୱସ୍ତୂନାଂ ଦୃଷ୍ଟାନ୍ତାସ୍ତେଷାମ୍ ଏତୈଃ ପାୱନମ୍ ଆୱଶ୍ୟକମ୍ ଆସୀତ୍ କିନ୍ତୁ ସାକ୍ଷାତ୍ ସ୍ୱର୍ଗୀଯୱସ୍ତୂନାମ୍ ଏତେଭ୍ୟଃ ଶ୍ରେଷ୍ଠେ ର୍ବଲିଦାନୈଃ ପାୱନମାୱଶ୍ୟକଂ|
3a091801c5	ଯତଃ ଖ୍ରୀଷ୍ଟଃ ସତ୍ୟପୱିତ୍ରସ୍ଥାନସ୍ୟ ଦୃଷ୍ଟାନ୍ତରୂପଂ ହସ୍ତକୃତଂ ପୱିତ୍ରସ୍ଥାନଂ ନ ପ୍ରୱିଷ୍ଟୱାନ୍ କିନ୍ତ୍ୱସ୍ମନ୍ନିମିତ୍ତମ୍ ଇଦାନୀମ୍ ଈଶ୍ୱରସ୍ୟ ସାକ୍ଷାଦ୍ ଉପସ୍ଥାତୁଂ ସ୍ୱର୍ଗମେୱ ପ୍ରୱିଷ୍ଟଃ|
3a09190139	ଯଥା ଚ ମହାଯାଜକଃ ପ୍ରତିୱର୍ଷଂ ପରଶୋଣିତମାଦାଯ ମହାପୱିତ୍ରସ୍ଥାନଂ ପ୍ରୱିଶତି ତଥା ଖ୍ରୀଷ୍ଟେନ ପୁନଃ ପୁନରାତ୍ମୋତ୍ସର୍ଗୋ ନ କର୍ତ୍ତୱ୍ୟଃ,
3a091a0197	କର୍ତ୍ତୱ୍ୟେ ସତି ଜଗତଃ ସୃଷ୍ଟିକାଲମାରଭ୍ୟ ବହୁୱାରଂ ତସ୍ୟ ମୃତ୍ୟୁଭୋଗ ଆୱଶ୍ୟକୋଽଭୱତ୍; କିନ୍ତ୍ୱିଦାନୀଂ ସ ଆତ୍ମୋତ୍ସର୍ଗେଣ ପାପନାଶାର୍ଥମ୍ ଏକକୃତ୍ୱୋ ଜଗତଃ ଶେଷକାଲେ ପ୍ରଚକାଶେ|
3a091b00b0	ଅପରଂ ଯଥା ମାନୁଷସ୍ୟୈକକୃତ୍ୱୋ ମରଣଂ ତତ୍ ପଶ୍ଚାଦ୍ ୱିଚାରୋ ନିରୂପିତୋଽସ୍ତି,
3a091c01a5	ତଦ୍ୱତ୍ ଖ୍ରୀଷ୍ଟୋଽପି ବହୂନାଂ ପାପୱହନାର୍ଥଂ ବଲିରୂପେଣୈକକୃତ୍ୱ ଉତ୍ସସୃଜେ, ଅପରଂ ଦ୍ୱିତୀଯୱାରଂ ପାପାଦ୍ ଭିନ୍ନଃ ସନ୍ ଯେ ତଂ ପ୍ରତୀକ୍ଷନ୍ତେ ତେଷାଂ ପରିତ୍ରାଣାର୍ଥଂ ଦର୍ଶନଂ ଦାସ୍ୟତି|
3a0a0101c8	ୱ୍ୟୱସ୍ଥା ଭୱିଷ୍ୟନ୍ମଙ୍ଗଲାନାଂ ଛାଯାସ୍ୱରୂପା ନ ଚ ୱସ୍ତୂନାଂ ମୂର୍ତ୍ତିସ୍ୱରୂପା ତତୋ ହେତୋ ର୍ନିତ୍ୟଂ ଦୀଯମାନୈରେକୱିଧୈ ର୍ୱାର୍ଷିକବଲିଭିଃ ଶରଣାଗତଲୋକାନ୍ ସିଦ୍ଧାନ୍ କର୍ତ୍ତୁଂ କଦାପି ନ ଶକ୍ନୋତି|
3a0a020170	ଯଦ୍ୟଶକ୍ଷ୍ୟତ୍ ତର୍ହି ତେଷାଂ ବଲୀନାଂ ଦାନଂ କିଂ ନ ନ୍ୟୱର୍ତ୍ତିଷ୍ୟତ? ଯତଃ ସେୱାକାରିଷ୍ୱେକକୃତ୍ୱଃ ପୱିତ୍ରୀଭୂତେଷୁ ତେଷାଂ କୋଽପି ପାପବୋଧଃ ପୁନ ର୍ନାଭୱିଷ୍ୟତ୍|
3a0a030097	କିନ୍ତୁ ତୈ ର୍ବଲିଦାନୈଃ ପ୍ରତିୱତ୍ସରଂ ପାପାନାଂ ସ୍ମାରଣଂ ଜାଯତେ|
3a0a040086	ଯତୋ ୱୃଷାଣାଂ ଛାଗାନାଂ ୱା ରୁଧିରେଣ ପାପମୋଚନଂ ନ ସମ୍ଭୱତି|
3a0a050118	ଏତତ୍କାରଣାତ୍ ଖ୍ରୀଷ୍ଟେନ ଜଗତ୍ ପ୍ରୱିଶ୍ୟେଦମ୍ ଉଚ୍ୟତେ, ଯଥା, "ନେଷ୍ଟ୍ୱା ବଲିଂ ନ ନୈୱେଦ୍ୟଂ ଦେହୋ ମେ ନିର୍ମ୍ମିତସ୍ତ୍ୱଯା|
3a0a060080	ନ ଚ ତ୍ୱଂ ବଲିଭି ର୍ହୱ୍ୟୈଃ ପାପଘ୍ନୈ ର୍ୱା ପ୍ରତୁଷ୍ୟସି|
3a0a070142	ଅୱାଦିଷଂ ତଦୈୱାହଂ ପଶ୍ୟ କୁର୍ୱ୍ୱେ ସମାଗମଂ| ଧର୍ମ୍ମଗ୍ରନ୍ଥସ୍ୟ ସର୍ଗେ ମେ ୱିଦ୍ୟତେ ଲିଖିତା କଥା| ଈଶ ମନୋଽଭିଲାଷସ୍ତେ ମଯା ସମ୍ପୂରଯିଷ୍ୟତେ| "
3a0a0801b2	ଇତ୍ୟସ୍ମିନ୍ ପ୍ରଥମତୋ ଯେଷାଂ ଦାନଂ ୱ୍ୟୱସ୍ଥାନୁସାରାଦ୍ ଭୱତି ତାନ୍ୟଧି ତେନେଦମୁକ୍ତଂ ଯଥା, ବଲିନୈୱେଦ୍ୟହୱ୍ୟାନି ପାପଘ୍ନଞ୍ଚୋପଚାରକଂ, ନେମାନି ୱାଞ୍ଛସି ତ୍ୱଂ ହି ନ ଚୈତେଷୁ ପ୍ରତୁଷ୍ୟସୀତି|
3a0a090147	ତତଃ ପରଂ ତେନୋକ୍ତଂ ଯଥା, "ପଶ୍ୟ ମନୋଽଭିଲାଷଂ ତେ କର୍ତ୍ତୁଂ କୁର୍ୱ୍ୱେ ସମାଗମଂ;" ଦ୍ୱିତୀଯମ୍ ଏତଦ୍ ୱାକ୍ୟଂ ସ୍ଥିରୀକର୍ତ୍ତୁଂ ସ ପ୍ରଥମଂ ଲୁମ୍ପତି|
3a0a0a00e3	ତେନ ମନୋଽଭିଲାଷେଣ ଚ ୱଯଂ ଯୀଶୁଖ୍ରୀଷ୍ଟସ୍ୟୈକକୃତ୍ୱଃ ସ୍ୱଶରୀରୋତ୍ସର୍ଗାତ୍ ପୱିତ୍ରୀକୃତା ଅଭୱାମ|
3a0a0b0174	ଅପରମ୍ ଏକୈକୋ ଯାଜକଃ ପ୍ରତିଦିନମ୍ ଉପାସନାଂ କୁର୍ୱ୍ୱନ୍ ଯୈଶ୍ଚ ପାପାନି ନାଶଯିତୁଂ କଦାପି ନ ଶକ୍ୟନ୍ତେ ତାଦୃଶାନ୍ ଏକରୂପାନ୍ ବଲୀନ୍ ପୁନଃ ପୁନରୁତ୍ସୃଜନ୍ ତିଷ୍ଠତି|
3a0a0c00c7	କିନ୍ତ୍ୱସୌ ପାପନାଶକମ୍ ଏକଂ ବଲିଂ ଦତ୍ୱାନନ୍ତକାଲାର୍ଥମ୍ ଈଶ୍ୱରସ୍ୟ ଦକ୍ଷିଣ ଉପୱିଶ୍ୟ
3a0a0d00b9	ଯାୱତ୍ ତସ୍ୟ ଶତ୍ରୱସ୍ତସ୍ୟ ପାଦପୀଠଂ ନ ଭୱନ୍ତି ତାୱତ୍ ପ୍ରତୀକ୍ଷମାଣସ୍ତିଷ୍ଠତି|
3a0a0e00a6	ଯତ ଏକେନ ବଲିଦାନେନ ସୋଽନନ୍ତକାଲାର୍ଥଂ ପୂଯମାନାନ୍ ଲୋକାନ୍ ସାଧିତୱାନ୍|
3a0a0f0082	ଏତସ୍ମିନ୍ ପୱିତ୍ର ଆତ୍ମାପ୍ୟସ୍ମାକଂ ପକ୍ଷେ ପ୍ରମାଣଯତି
3a0a1001df	"ଯତୋ ହେତୋସ୍ତଦ୍ଦିନାତ୍ ପରମ୍ ଅହଂ ତୈଃ ସାର୍ଦ୍ଧମ୍ ଇମଂ ନିଯମଂ ସ୍ଥିରୀକରିଷ୍ୟାମୀତି ପ୍ରଥମତ ଉକ୍ତ୍ୱା ପରମେଶ୍ୱରେଣେଦଂ କଥିତଂ, ତେଷାଂ ଚିତ୍ତେ ମମ ୱିଧୀନ୍ ସ୍ଥାପଯିଷ୍ୟାମି ତେଷାଂ ମନଃସୁ ଚ ତାନ୍ ଲେଖିଷ୍ୟାମି ଚ,
3a0a11009c	ଅପରଞ୍ଚ ତେଷାଂ ପାପାନ୍ୟପରାଧାଂଶ୍ଚ ପୁନଃ କଦାପି ନ ସ୍ମାରିଷ୍ୟାମି| "
3a0a1200a2	କିନ୍ତୁ ଯତ୍ର ପାପମୋଚନଂ ଭୱତି ତତ୍ର ପାପାର୍ଥକବଲିଦାନଂ ପୁନ ର୍ନ ଭୱତି|
3a0a1300c0	ଅତୋ ହେ ଭ୍ରାତରଃ, ଯୀଶୋ ରୁଧିରେଣ ପୱିତ୍ରସ୍ଥାନପ୍ରୱେଶାଯାସ୍ମାକମ୍ ଉତ୍ସାହୋ ଭୱତି,
3a0a1400f8	ଯତଃ ସୋଽସ୍ମଦର୍ଥଂ ତିରସ୍କରିଣ୍ୟାର୍ଥତଃ ସ୍ୱଶରୀରେଣ ନୱୀନଂ ଜୀୱନଯୁକ୍ତଞ୍ଚୈକଂ ପନ୍ଥାନଂ ନିର୍ମ୍ମିତୱାନ୍,
3a0a15009c	ଅପରଞ୍ଚେଶ୍ୱରୀଯପରିୱାରସ୍ୟାଧ୍ୟକ୍ଷ ଏକୋ ମହାଯାଜକୋଽସ୍ମାକମସ୍ତି|
3a0a1601ba	ଅତୋ ହେତୋରସ୍ମାଭିଃ ସରଲାନ୍ତଃକରଣୈ ର୍ଦୃଢୱିଶ୍ୱାସୈଃ ପାପବୋଧାତ୍ ପ୍ରକ୍ଷାଲିତମନୋଭି ର୍ନିର୍ମ୍ମଲଜଲେ ସ୍ନାତଶରୀରୈଶ୍ଚେଶ୍ୱରମ୍ ଉପାଗତ୍ୟ ପ୍ରତ୍ୟାଶାଯାଃ ପ୍ରତିଜ୍ଞା ନିଶ୍ଚଲା ଧାରଯିତୱ୍ୟା|
3a0a170068	ଯତୋ ଯସ୍ତାମ୍ ଅଙ୍ଗୀକୃତୱାନ୍ ସ ୱିଶ୍ୱସନୀଯଃ|
3a0a1800ee	ଅପରଂ ପ୍ରେମ୍ନି ସତ୍କ୍ରିଯାସୁ ଚୈକୈକସ୍ୟୋତ୍ସାହୱୃଦ୍ଧ୍ୟର୍ଥମ୍ ଅସ୍ମାଭିଃ ପରସ୍ପରଂ ମନ୍ତ୍ରଯିତୱ୍ୟଂ|
3a0a1901b2	ଅପରଂ କତିପଯଲୋକା ଯଥା କୁର୍ୱ୍ୱନ୍ତି ତଥାସ୍ମାଭିଃ ସଭାକରଣଂ ନ ପରିତ୍ୟକ୍ତୱ୍ୟଂ ପରସ୍ପରମ୍ ଉପଦେଷ୍ଟୱ୍ୟଞ୍ଚ ଯତସ୍ତତ୍ ମହାଦିନମ୍ ଉତ୍ତରୋତ୍ତରଂ ନିକଟୱର୍ତ୍ତି ଭୱତୀତି ଯୁଷ୍ମାଭି ର୍ଦୃଶ୍ୟତେ|
3a0a1a013f	ସତ୍ୟମତସ୍ୟ ଜ୍ଞାନପ୍ରାପ୍ତେଃ ପରଂ ଯଦି ୱଯଂ ସ୍ୱଂଚ୍ଛଯା ପାପାଚାରଂ କୁର୍ମ୍ମସ୍ତର୍ହି ପାପାନାଂ କୃତେ ଽନ୍ୟତ୍ କିମପି ବଲିଦାନଂ ନାୱଶିଷ୍ୟତେ
3a0a1b00b4	କିନ୍ତୁ ୱିଚାରସ୍ୟ ଭଯାନକା ପ୍ରତୀକ୍ଷା ରିପୁନାଶକାନଲସ୍ୟ ତାପଶ୍ଚାୱଶିଷ୍ୟତେ|
3a0a1c00fd	ଯଃ କଶ୍ଚିତ୍ ମୂସସୋ ୱ୍ୟୱସ୍ଥାମ୍ ଅୱମନ୍ୟତେ ସ ଦଯାଂ ୱିନା ଦ୍ୱଯୋସ୍ତିସୃଣାଂ ୱା ସାକ୍ଷିଣାଂ ପ୍ରମାଣେନ ହନ୍ୟତେ,
3a0a1d01fb	ତସ୍ମାତ୍ କିଂ ବୁଧ୍ୟଧ୍ୱେ ଯୋ ଜନ ଈଶ୍ୱରସ୍ୟ ପୁତ୍ରମ୍ ଅୱଜାନାତି ଯେନ ଚ ପୱିତ୍ରୀକୃତୋ ଽଭୱତ୍ ତତ୍ ନିଯମସ୍ୟ ରୁଧିରମ୍ ଅପୱିତ୍ରଂ ଜାନାତି, ଅନୁଗ୍ରହକରମ୍ ଆତ୍ମାନମ୍ ଅପମନ୍ୟତେ ଚ, ସ କିଯନ୍ମହାଘୋରତରଦଣ୍ଡସ୍ୟ ଯୋଗ୍ୟୋ ଭୱିଷ୍ୟତି?
3a0a1e017a	ଯତଃ ପରମେଶ୍ୱରଃ କଥଯତି, "ଦାନଂ ଫଲସ୍ୟ ମତ୍କର୍ମ୍ମ ସୂଚିତଂ ପ୍ରଦଦାମ୍ୟହଂ| " ପୁନରପି, "ତଦା ୱିଚାରଯିଷ୍ୟନ୍ତେ ପରେଶେନ ନିଜାଃ ପ୍ରଜାଃ| " ଇଦଂ ଯଃ କଥିତୱାନ୍ ତଂ ୱଯଂ ଜାନୀମଃ|
3a0a1f005b	ଅମରେଶ୍ୱରସ୍ୟ କରଯୋଃ ପତନଂ ମହାଭଯାନକଂ|
3a0a200166	ହେ ଭ୍ରାତରଃ, ପୂର୍ୱ୍ୱଦିନାନି ସ୍ମରତ ଯତସ୍ତଦାନୀଂ ଯୂଯଂ ଦୀପ୍ତିଂ ପ୍ରାପ୍ୟ ବହୁଦୁର୍ଗତିରୂପଂ ସଂଗ୍ରାମଂ ସହମାନା ଏକତୋ ନିନ୍ଦାକ୍ଲେଶୈଃ କୌତୁକୀକୃତା ଅଭୱତ,
3a0a21005e	ଅନ୍ୟତଶ୍ଚ ତଦ୍ଭୋଗିନାଂ ସମାଂଶିନୋ ଽଭୱତ|
3a0a22017e	ଯୂଯଂ ମମ ବନ୍ଧନସ୍ୟ ଦୁଃଖେନ ଦୁଃଖିନୋ ଽଭୱତ, ଯୁଷ୍ମାକମ୍ ଉତ୍ତମା ନିତ୍ୟା ଚ ସମ୍ପତ୍ତିଃ ସ୍ୱର୍ଗେ ୱିଦ୍ୟତ ଇତି ଜ୍ଞାତ୍ୱା ସାନନ୍ଦଂ ସର୍ୱ୍ୱସ୍ୱସ୍ୟାପହରଣମ୍ ଅସହଧ୍ୱଞ୍ଚ|
3a0a230090	ଅତଏୱ ମହାପୁରସ୍କାରଯୁକ୍ତଂ ଯୁଷ୍ମାକମ୍ ଉତ୍ସାହଂ ନ ପରିତ୍ୟଜତ|
3a0a240128	ଯତୋ ଯୂଯଂ ଯେନେଶ୍ୱରସ୍ୟେଚ୍ଛାଂ ପାଲଯିତ୍ୱା ପ୍ରତିଜ୍ଞାଯାଃ ଫଲଂ ଲଭଧ୍ୱଂ ତଦର୍ଥଂ ଯୁଷ୍ମାଭି ର୍ଧୈର୍ୟ୍ୟାୱଲମ୍ବନଂ କର୍ତ୍ତୱ୍ୟଂ|
3a0a2500a4	ଯେନାଗନ୍ତୱ୍ୟଂ ସ ସ୍ୱଲ୍ପକାଲାତ୍ ପରମ୍ ଆଗମିଷ୍ୟତି ନ ଚ ୱିଲମ୍ବିଷ୍ୟତେ|
3a0a2600fd	"ପୁଣ୍ୟୱାନ୍ ଜନୋ ୱିଶ୍ୱାସେନ ଜୀୱିଷ୍ୟତି କିନ୍ତୁ ଯଦି ନିୱର୍ତ୍ତତେ ତର୍ହି ମମ ମନସ୍ତସ୍ମିନ୍ ନ ତୋଷଂ ଯାସ୍ୟତି| "
3a0a270107	କିନ୍ତୁ ୱଯଂ ୱିନାଶଜନିକାଂ ଧର୍ମ୍ମାତ୍ ନିୱୃତ୍ତିଂ ନ କୁର୍ୱ୍ୱାଣା ଆତ୍ମନଃ ପରିତ୍ରାଣାଯ ୱିଶ୍ୱାସଂ କୁର୍ୱ୍ୱାମହେ|
3a0b0100a4	ୱିଶ୍ୱାସ ଆଶଂସିତାନାଂ ନିଶ୍ଚଯଃ, ଅଦୃଶ୍ୟାନାଂ ୱିଷଯାଣାଂ ଦର୍ଶନଂ ଭୱତି|
3a0b020093	ତେନ ୱିଶ୍ୱାସେନ ପ୍ରାଞ୍ଚୋ ଲୋକାଃ ପ୍ରାମାଣ୍ୟଂ ପ୍ରାପ୍ତୱନ୍ତଃ|
3a0b03013b	ଅପରମ୍ ଈଶ୍ୱରସ୍ୟ ୱାକ୍ୟେନ ଜଗନ୍ତ୍ୟସୃଜ୍ୟନ୍ତ, ଦୃଷ୍ଟୱସ୍ତୂନି ଚ ପ୍ରତ୍ୟକ୍ଷୱସ୍ତୁଭ୍ୟୋ ନୋଦପଦ୍ୟନ୍ତୈତଦ୍ ୱଯଂ ୱିଶ୍ୱାସେନ ବୁଧ୍ୟାମହେ|
3a0b0401ff	ୱିଶ୍ୱାସେନ ହାବିଲ୍ ଈଶ୍ୱରମୁଦ୍ଦିଶ୍ୟ କାବିଲଃ ଶ୍ରେଷ୍ଠଂ ବଲିଦାନଂ କୃତୱାନ୍ ତସ୍ମାଚ୍ଚେଶ୍ୱରେଣ ତସ୍ୟ ଦାନାନ୍ୟଧି ପ୍ରମାଣେ ଦତ୍ତେ ସ ଧାର୍ମ୍ମିକ ଇତ୍ୟସ୍ୟ ପ୍ରମାଣଂ ଲବ୍ଧୱାନ୍ ତେନ ୱିଶ୍ୱାସେନ ଚ ସ ମୃତଃ ସନ୍ ଅଦ୍ୟାପି ଭାଷତେ|
3a0b050236	ୱିଶ୍ୱାସେନ ହନୋକ୍ ଯଥା ମୃତ୍ୟୁଂ ନ ପଶ୍ୟେତ୍ ତଥା ଲୋକାନ୍ତରଂ ନୀତଃ, ତସ୍ୟୋଦ୍ଦେଶଶ୍ଚ କେନାପି ନ ପ୍ରାପି ଯତ ଈଶ୍ୱରସ୍ତଂ ଲୋକାନ୍ତରଂ ନୀତୱାନ୍, ତତ୍ପ୍ରମାଣମିଦଂ ତସ୍ୟ ଲୋକାନ୍ତରୀକରଣାତ୍ ପୂର୍ୱ୍ୱଂ ସ ଈଶ୍ୱରାଯ ରୋଚିତୱାନ୍ ଇତି ପ୍ରମାଣଂ ପ୍ରାପ୍ତୱାନ୍|
3a0b060189	କିନ୍ତୁ ୱିଶ୍ୱାସଂ ୱିନା କୋଽପୀଶ୍ୱରାଯ ରୋଚିତୁଂ ନ ଶକ୍ନୋତି ଯତ ଈଶ୍ୱରୋଽସ୍ତି ସ୍ୱାନ୍ୱେଷିଲୋକେଭ୍ୟଃ ପୁରସ୍କାରଂ ଦଦାତି ଚେତିକଥାଯାମ୍ ଈଶ୍ୱରଶରଣାଗତୈ ର୍ୱିଶ୍ୱସିତୱ୍ୟଂ|
3a0b07021a	ଅପରଂ ତଦାନୀଂ ଯାନ୍ୟଦୃଶ୍ୟାନ୍ୟାସନ୍ ତାନୀଶ୍ୱରେଣାଦିଷ୍ଟଃ ସନ୍ ନୋହୋ ୱିଶ୍ୱାସେନ ଭୀତ୍ୱା ସ୍ୱପରିଜନାନାଂ ରକ୍ଷାର୍ଥଂ ପୋତଂ ନିର୍ମ୍ମିତୱାନ୍ ତେନ ଚ ଜଗଜ୍ଜନାନାଂ ଦୋଷାନ୍ ଦର୍ଶିତୱାନ୍ ୱିଶ୍ୱାସାତ୍ ଲଭ୍ୟସ୍ୟ ପୁଣ୍ୟସ୍ୟାଧିକାରୀ ବଭୂୱ ଚ|
3a0b080198	ୱିଶ୍ୱାସେନେବ୍ରାହୀମ୍ ଆହୂତଃ ସନ୍ ଆଜ୍ଞାଂ ଗୃହୀତ୍ୱା ଯସ୍ୟ ସ୍ଥାନସ୍ୟାଧିକାରସ୍ତେନ ପ୍ରାପ୍ତୱ୍ୟସ୍ତତ୍ ସ୍ଥାନଂ ପ୍ରସ୍ଥିତୱାନ୍ କିନ୍ତୁ ପ୍ରସ୍ଥାନସମଯେ କ୍କ ଯାମୀତି ନାଜାନାତ୍|
3a0b090140	ୱିଶ୍ୱାସେନ ସ ପ୍ରତିଜ୍ଞାତେ ଦେଶେ ପରଦେଶୱତ୍ ପ୍ରୱସନ୍ ତସ୍ୟାଃ ପ୍ରତିଜ୍ଞାଯାଃ ସମାନାଂଶିଭ୍ୟାମ୍ ଇସ୍ହାକା ଯାକୂବା ଚ ସହ ଦୂଷ୍ୟୱାସ୍ୟଭୱତ୍|
3a0b0a00cb	ଯସ୍ମାତ୍ ସ ଈଶ୍ୱରେଣ ନିର୍ମ୍ମିତଂ ସ୍ଥାପିତଞ୍ଚ ଭିତ୍ତିମୂଲଯୁକ୍ତଂ ନଗରଂ ପ୍ରତ୍ୟୈକ୍ଷତ|
3a0b0b0162	ଅପରଞ୍ଚ ୱିଶ୍ୱାସେନ ସାରା ୱଯୋତିକ୍ରାନ୍ତା ସନ୍ତ୍ୟପି ଗର୍ଭଧାରଣାଯ ଶକ୍ତିଂ ପ୍ରାପ୍ୟ ପୁତ୍ରୱତ୍ୟଭୱତ୍, ଯତଃ ସା ପ୍ରତିଜ୍ଞାକାରିଣଂ ୱିଶ୍ୱାସ୍ୟମ୍ ଅମନ୍ୟତ|
3a0b0c0132	ତତୋ ହେତୋ ର୍ମୃତକଲ୍ପାଦ୍ ଏକସ୍ମାତ୍ ଜନାଦ୍ ଆକାଶୀଯନକ୍ଷତ୍ରାଣୀୱ ଗଣନାତୀତାଃ ସମୁଦ୍ରତୀରସ୍ଥସିକତା ଇୱ ଚାସଂଖ୍ୟା ଲୋକା ଉତ୍ପେଦିରେ|
3a0b0d01bb	ଏତେ ସର୍ୱ୍ୱେ ପ୍ରତିଜ୍ଞାଯାଃ ଫଲାନ୍ୟପ୍ରାପ୍ୟ କେୱଲଂ ଦୂରାତ୍ ତାନି ନିରୀକ୍ଷ୍ୟ ୱନ୍ଦିତ୍ୱା ଚ, ପୃଥିୱ୍ୟାଂ ୱଯଂ ୱିଦେଶିନଃ ପ୍ରୱାସିନଶ୍ଚାସ୍ମହ ଇତି ସ୍ୱୀକୃତ୍ୟ ୱିଶ୍ୱାସେନ ପ୍ରାଣାନ୍ ତତ୍ୟଜୁଃ|
3a0b0e00be	ଯେ ତୁ ଜନା ଇତ୍ଥଂ କଥଯନ୍ତି ତୈଃ ପୈତୃକଦେଶୋ ଽସ୍ମାଭିରନ୍ୱିଷ୍ୟତ ଇତି ପ୍ରକାଶ୍ୟତେ|
3a0b0f00e1	ତେ ଯସ୍ମାଦ୍ ଦେଶାତ୍ ନିର୍ଗତାସ୍ତଂ ଯଦ୍ୟସ୍ମରିଷ୍ୟନ୍ ତର୍ହି ପରାୱର୍ତ୍ତନାଯ ସମଯମ୍ ଅଲପ୍ସ୍ୟନ୍ତ|
3a0b1001c5	କିନ୍ତୁ ତେ ସର୍ୱ୍ୱୋତ୍କୃଷ୍ଟମ୍ ଅର୍ଥତଃ ସ୍ୱର୍ଗୀଯଂ ଦେଶମ୍ ଆକାଙ୍କ୍ଷନ୍ତି ତସ୍ମାଦ୍ ଈଶ୍ୱରସ୍ତାନଧି ନ ଲଜ୍ଜମାନସ୍ତେଷାମ୍ ଈଶ୍ୱର ଇତି ନାମ ଗୃହୀତୱାନ୍ ଯତଃ ସ ତେଷାଂ କୃତେ ନଗରମେକଂ ସଂସ୍ଥାପିତୱାନ୍|
3a0b1100b2	ଅପରମ୍ ଇବ୍ରାହୀମଃ ପରୀକ୍ଷାଯାଂ ଜାତାଯାଂ ସ ୱିଶ୍ୱାସେନେସ୍ହାକମ୍ ଉତ୍ସସର୍ଜ,
3a0b12011a	ୱସ୍ତୁତ ଇସ୍ହାକି ତୱ ୱଂଶୋ ୱିଖ୍ୟାସ୍ୟତ ଇତି ୱାଗ୍ ଯମଧି କଥିତା ତମ୍ ଅଦ୍ୱିତୀଯଂ ପୁତ୍ରଂ ପ୍ରତିଜ୍ଞାପ୍ରାପ୍ତଃ ସ ଉତ୍ସସର୍ଜ|
3a0b1300c8	ଯତ ଈଶ୍ୱରୋ ମୃତାନପ୍ୟୁତ୍ଥାପଯିତୁଂ ଶକ୍ନୋତୀତି ସ ମେନେ ତସ୍ମାତ୍ ସ ଉପମାରୂପଂ ତଂ ଲେଭେ|
3a0b1400aa	ଅପରମ୍ ଇସ୍ହାକ୍ ୱିଶ୍ୱାସେନ ଯାକୂବ୍ ଏଷାୱେ ଚ ଭାୱିୱିଷଯାନଧ୍ୟାଶିଷଂ ଦଦୌ|
3a0b15011e	ଅପରଂ ଯାକୂବ୍ ମରଣକାଲେ ୱିଶ୍ୱାସେନ ଯୂଷଫଃ ପୁତ୍ରଯୋରେକୈକସ୍ମୈ ଜନାଯାଶିଷଂ ଦଦୌ ଯଷ୍ଟ୍ୟା ଅଗ୍ରଭାଗେ ସମାଲମ୍ବ୍ୟ ପ୍ରଣନାମ ଚ|
3a0b160125	ଅପରଂ ଯୂଷଫ୍ ଚରମକାଲେ ୱିଶ୍ୱାସେନେସ୍ରାଯେଲ୍ୱଂଶୀଯାନାଂ ମିସରଦେଶାଦ୍ ବହିର୍ଗମନସ୍ୟ ୱାଚଂ ଜଗାଦ ନିଜାସ୍ଥୀନି ଚାଧି ସମାଦିଦେଶ|
3a0b17015e	ନୱଜାତୋ ମୂସାଶ୍ଚ ୱିଶ୍ୱାସାତ୍ ତ୍ରାନ୍ ମାସାନ୍ ସ୍ୱପିତୃଭ୍ୟାମ୍ ଅଗୋପ୍ୟତ ଯତସ୍ତୌ ସ୍ୱଶିଶୁଂ ପରମସୁନ୍ଦରଂ ଦୃଷ୍ଟୱନ୍ତୌ ରାଜାଜ୍ଞାଞ୍ଚ ନ ଶଙ୍କିତୱନ୍ତୌ|
3a0b1800b7	ଅପରଂ ୱଯଃପ୍ରାପ୍ତୋ ମୂସା ୱିଶ୍ୱାସାତ୍ ଫିରୌଣୋ ଦୌହିତ୍ର ଇତି ନାମ ନାଙ୍ଗୀଚକାର|
3a0b1900c6	ଯତଃ ସ କ୍ଷଣିକାତ୍ ପାପଜସୁଖଭୋଗାଦ୍ ଈଶ୍ୱରସ୍ୟ ପ୍ରଜାଭିଃ ସାର୍ଦ୍ଧଂ ଦୁଃଖଭୋଗଂ ୱୱ୍ରେ|
3a0b1a011a	ତଥା ମିସରଦେଶୀଯନିଧିଭ୍ୟଃ ଖ୍ରୀଷ୍ଟନିମିତ୍ତାଂ ନିନ୍ଦାଂ ମହତୀଂ ସମ୍ପତ୍ତିଂ ମେନେ ଯତୋ ହେତୋଃ ସ ପୁରସ୍କାରଦାନମ୍ ଅପୈକ୍ଷତ|
3a0b1b0125	ଅପରଂ ସ ୱିଶ୍ୱାସେନ ରାଜ୍ଞଃ କ୍ରୋଧାତ୍ ନ ଭୀତ୍ୱା ମିସରଦେଶଂ ପରିତତ୍ୟାଜ, ଯତସ୍ତେନାଦୃଶ୍ୟଂ ୱୀକ୍ଷମାଣେନେୱ ଧୈର୍ୟ୍ୟମ୍ ଆଲମ୍ବି|
3a0b1c0156	ଅପରଂ ପ୍ରଥମଜାତାନାଂ ହନ୍ତା ଯତ୍ ସ୍ୱୀଯଲୋକାନ୍ ନ ସ୍ପୃଶେତ୍ ତଦର୍ଥଂ ସ ୱିଶ୍ୱାସେନ ନିସ୍ତାରପର୍ୱ୍ୱୀଯବଲିଚ୍ଛେଦନଂ ରୁଧିରସେଚନଞ୍ଚାନୁଷ୍ଠିତାୱାନ୍|
3a0b1d0120	ଅପରଂ ତେ ୱିଶ୍ୱାସାତ୍ ସ୍ଥଲେନେୱ ସୂଫ୍ସାଗରେଣ ଜଗ୍ମୁଃ କିନ୍ତୁ ମିସ୍ରୀଯଲୋକାସ୍ତତ୍ କର୍ତ୍ତୁମ୍ ଉପକ୍ରମ୍ୟ ତୋଯେଷୁ ମମଜ୍ଜୁଃ|
3a0b1e00e0	ଅପରଞ୍ଚ ୱିଶ୍ୱାସାତ୍ ତୈଃ ସପ୍ତାହଂ ଯାୱଦ୍ ଯିରୀହୋଃ ପ୍ରାଚୀରସ୍ୟ ପ୍ରଦକ୍ଷିଣେ କୃତେ ତତ୍ ନିପପାତ|
3a0b1f00f3	ୱିଶ୍ୱାସାଦ୍ ରାହବ୍ନାମିକା ୱେଶ୍ୟାପି ପ୍ରୀତ୍ୟା ଚାରାନ୍ ଅନୁଗୃହ୍ୟାୱିଶ୍ୱାସିଭିଃ ସାର୍ଦ୍ଧଂ ନ ୱିନନାଶ|
3a0b200165	ଅଧିକଂ କିଂ କଥଯିଷ୍ୟାମି? ଗିଦିଯୋନୋ ବାରକଃ ଶିମ୍ଶୋନୋ ଯିପ୍ତହୋ ଦାଯୂଦ୍ ଶିମୂଯେଲୋ ଭୱିଷ୍ୟଦ୍ୱାଦିନଶ୍ଚୈତେଷାଂ ୱୃତ୍ତାନ୍ତକଥନାଯ ମମ ସମଯାଭାୱୋ ଭୱିଷ୍ୟତି|
3a0b210143	ୱିଶ୍ୱାସାତ୍ ତେ ରାଜ୍ୟାନି ୱଶୀକୃତୱନ୍ତୋ ଧର୍ମ୍ମକର୍ମ୍ମାଣି ସାଧିତୱନ୍ତଃ ପ୍ରତିଜ୍ଞାନାଂ ଫଲଂ ଲବ୍ଧୱନ୍ତଃ ସିଂହାନାଂ ମୁଖାନି ରୁଦ୍ଧୱନ୍ତୋ
3a0b220178	ୱହ୍ନେର୍ଦାହଂ ନିର୍ୱ୍ୱାପିତୱନ୍ତଃ ଖଙ୍ଗଧାରାଦ୍ ରକ୍ଷାଂ ପ୍ରାପ୍ତୱନ୍ତୋ ଦୌର୍ବ୍ବଲ୍ୟେ ସବଲୀକୃତା ଯୁଦ୍ଧେ ପରାକ୍ରମିଣୋ ଜାତାଃ ପରେଷାଂ ସୈନ୍ୟାନି ଦୱଯିତୱନ୍ତଶ୍ଚ|
3a0b230140	ଯୋଷିତଃ ପୁନରୁତ୍ଥାନେନ ମୃତାନ୍ ଆତ୍ମଜାନ୍ ଲେଭିରେ, ଅପରେ ଚ ଶ୍ରେଷ୍ଠୋତ୍ଥାନସ୍ୟ ପ୍ରାପ୍ତେରାଶଯା ରକ୍ଷାମ୍ ଅଗୃହୀତ୍ୱା ତାଡନେନ ମୃତୱନ୍ତଃ|
3a0b24008b	ଅପରେ ତିରସ୍କାରୈଃ କଶାଭି ର୍ବନ୍ଧନୈଃ କାରଯା ଚ ପରୀକ୍ଷିତାଃ|
3a0b2501e4	ବହୱଶ୍ଚ ପ୍ରସ୍ତରାଘାତୈ ର୍ହତାଃ କରପତ୍ରୈ ର୍ୱା ୱିଦୀର୍ଣା ଯନ୍ତ୍ରୈ ର୍ୱା କ୍ଲିଷ୍ଟାଃ ଖଙ୍ଗଧାରୈ ର୍ୱା ୱ୍ୟାପାଦିତାଃ| ତେ ମେଷାଣାଂ ଛାଗାନାଂ ୱା ଚର୍ମ୍ମାଣି ପରିଧାଯ ଦୀନାଃ ପୀଡିତା ଦୁଃଖାର୍ତ୍ତାଶ୍ଚାଭ୍ରାମ୍ୟନ୍|
3a0b2600ff	ସଂସାରୋ ଯେଷାମ୍ ଅଯୋଗ୍ୟସ୍ତେ ନିର୍ଜନସ୍ଥାନେଷୁ ପର୍ୱ୍ୱତେଷୁ ଗହ୍ୱରେଷୁ ପୃଥିୱ୍ୟାଶ୍ଛିଦ୍ରେଷୁ ଚ ପର୍ୟ୍ୟଟନ୍|
3a0b2700ca	ଏତୈଃ ସର୍ୱ୍ୱୈ ର୍ୱିଶ୍ୱାସାତ୍ ପ୍ରମାଣଂ ପ୍ରାପି କିନ୍ତୁ ପ୍ରତିଜ୍ଞାଯାଃ ଫଲଂ ନ ପ୍ରାପି|
3a0b2800fa	ଯତସ୍ତେ ଯଥାସ୍ମାନ୍ ୱିନା ସିଦ୍ଧା ନ ଭୱେଯୁସ୍ତଥୈୱେଶ୍ୱରେଣାସ୍ମାକଂ କୃତେ ଶ୍ରେଷ୍ଠତରଂ କିମପି ନିର୍ଦିଦିଶେ|
3a0c010173	ଅତୋ ହେତୋରେତାୱତ୍ସାକ୍ଷିମେଘୈ ର୍ୱେଷ୍ଟିତାଃ ସନ୍ତୋ ୱଯମପି ସର୍ୱ୍ୱଭାରମ୍ ଆଶୁବାଧକଂ ପାପଞ୍ଚ ନିକ୍ଷିପ୍ୟାସ୍ମାକଂ ଗମନାଯ ନିରୂପିତେ ମାର୍ଗେ ଧୈର୍ୟ୍ୟେଣ ଧାୱାମ|
3a0c020247	ଯଶ୍ଚାସ୍ମାକଂ ୱିଶ୍ୱାସସ୍ୟାଗ୍ରେସରଃ ସିଦ୍ଧିକର୍ତ୍ତା ଚାସ୍ତି ତଂ ଯୀଶୁଂ ୱୀକ୍ଷାମହୈ ଯତଃ ସ ସ୍ୱସମ୍ମୁଖସ୍ଥିତାନନ୍ଦସ୍ୟ ପ୍ରାପ୍ତ୍ୟର୍ଥମ୍ ଅପମାନଂ ତୁଚ୍ଛୀକୃତ୍ୟ କ୍ରୁଶସ୍ୟ ଯାତନାଂ ସୋଢୱାନ୍ ଈଶ୍ୱରୀଯସିଂହାସନସ୍ୟ ଦକ୍ଷିଣପାର୍ଶ୍ୱେ ସମୁପୱିଷ୍ଟୱାଂଶ୍ଚ|
3a0c03012f	ଯଃ ପାପିଭିଃ ସ୍ୱୱିରୁଦ୍ଧମ୍ ଏତାଦୃଶଂ ୱୈପରୀତ୍ୟଂ ସୋଢୱାନ୍ ତମ୍ ଆଲୋଚଯତ ତେନ ଯୂଯଂ ସ୍ୱମନଃସୁ ଶ୍ରାନ୍ତାଃ କ୍ଲାନ୍ତାଶ୍ଚ ନ ଭୱିଷ୍ୟଥ|
3a0c0400c1	ଯୂଯଂ ପାପେନ ସହ ଯୁଧ୍ୟନ୍ତୋଽଦ୍ୟାପି ଶୋଣିତୱ୍ୟଯପର୍ୟ୍ୟନ୍ତଂ ପ୍ରତିରୋଧଂ ନାକୁରୁତ|
3a0c05019d	ତଥା ଚ ପୁତ୍ରାନ୍ ପ୍ରତୀୱ ଯୁଷ୍ମାନ୍ ପ୍ରତି ଯ ଉପଦେଶ ଉକ୍ତସ୍ତଂ କିଂ ୱିସ୍ମୃତୱନ୍ତଃ? "ପରେଶେନ କୃତାଂ ଶାସ୍ତିଂ ହେ ମତ୍ପୁତ୍ର ନ ତୁଚ୍ଛଯ| ତେନ ସଂଭର୍ତ୍ସିତଶ୍ଚାପି ନୈୱ କ୍ଲାମ୍ୟ କଦାଚନ|
3a0c0600eb	ପରେଶଃ ପ୍ରୀଯତେ ଯସ୍ମିନ୍ ତସ୍ମୈ ଶାସ୍ତିଂ ଦଦାତି ଯତ୍| ଯନ୍ତୁ ପୁତ୍ରଂ ସ ଗୃହ୍ଲାତି ତମେୱ ପ୍ରହରତ୍ୟପି| "
3a0c070147	ଯଦି ଯୂଯଂ ଶାସ୍ତିଂ ସହଧ୍ୱଂ ତର୍ହୀଶ୍ୱରଃ ପୁତ୍ରୈରିୱ ଯୁଷ୍ମାଭିଃ ସାର୍ଦ୍ଧଂ ୱ୍ୟୱହରତି ଯତଃ ପିତା ଯସ୍ମୈ ଶାସ୍ତିଂ ନ ଦଦାତି ତାଦୃଶଃ ପୁତ୍ରଃ କଃ?
3a0c080106	ସର୍ୱ୍ୱେ ଯସ୍ୟାଃ ଶାସ୍ତେରଂଶିନୋ ଭୱନ୍ତି ସା ଯଦି ଯୁଷ୍ମାକଂ ନ ଭୱତି ତର୍ହି ଯୂଯମ୍ ଆତ୍ମଜା ନ କିନ୍ତୁ ଜାରଜା ଆଧ୍ୱେ|
3a0c09019a	ଅପରମ୍ ଅସ୍ମାକଂ ଶାରୀରିକଜନ୍ମଦାତାରୋଽସ୍ମାକଂ ଶାସ୍ତିକାରିଣୋଽଭୱନ୍ ତେ ଚାସ୍ମାଭିଃ ସମ୍ମାନିତାସ୍ତସ୍ମାଦ୍ ଯ ଆତ୍ମନାଂ ଜନଯିତା ୱଯଂ କିଂ ତତୋଽଧିକଂ ତସ୍ୟ ୱଶୀଭୂଯ ନ ଜୀୱିଷ୍ୟାମଃ?
3a0c0a0157	ତେ ତ୍ୱଲ୍ପଦିନାନି ଯାୱତ୍ ସ୍ୱମନୋଽମତାନୁସାରେଣ ଶାସ୍ତିଂ କୃତୱନ୍ତଃ କିନ୍ତ୍ୱେଷୋଽସ୍ମାକଂ ହିତାଯ ତସ୍ୟ ପୱିତ୍ରତାଯା ଅଂଶିତ୍ୱାଯ ଚାସ୍ମାନ୍ ଶାସ୍ତି|
3a0c0b0179	ଶାସ୍ତିଶ୍ଚ ୱର୍ତ୍ତମାନସମଯେ କେନାପି ନାନନ୍ଦଜନିକା କିନ୍ତୁ ଶୋକଜନିକୈୱ ମନ୍ୟତେ ତଥାପି ଯେ ତଯା ୱିନୀଯନ୍ତେ ତେଭ୍ୟଃ ସା ପଶ୍ଚାତ୍ ଶାନ୍ତିଯୁକ୍ତଂ ଧର୍ମ୍ମଫଲଂ ଦଦାତି|
3a0c0c00ae	ଅତଏୱ ଯୂଯଂ ଶିଥିଲାନ୍ ହସ୍ତାନ୍ ଦୁର୍ବ୍ବଲାନି ଜାନୂନି ଚ ସବଲାନି କୁରୁଧ୍ୱଂ|
3a0c0d0100	ଯଥା ଚ ଦୁର୍ବ୍ବଲସ୍ୟ ସନ୍ଧିସ୍ଥାନଂ ନ ଭଜ୍ୟେତ ସ୍ୱସ୍ଥଂ ତିଷ୍ଠେତ୍ ତଥା ସ୍ୱଚରଣାର୍ଥଂ ସରଲଂ ମାର୍ଗଂ ନିର୍ମ୍ମାତ|
3a0c0e011f	ଅପରଞ୍ଚ ସର୍ୱ୍ୱୈଃ ସାର୍ଥମ୍ ଏକ୍ୟଭାୱଂ ଯଚ୍ଚ ୱିନା ପରମେଶ୍ୱରସ୍ୟ ଦର୍ଶନଂ କେନାପି ନ ଲପ୍ସ୍ୟତେ ତତ୍ ପୱିତ୍ରତ୍ୱଂ ଚେଷ୍ଟଧ୍ୱଂ|
3a0c0f0133	ଯଥା କଶ୍ଚିଦ୍ ଈଶ୍ୱରସ୍ୟାନୁଗ୍ରହାତ୍ ନ ପତେତ୍, ଯଥା ଚ ତିକ୍ତତାଯା ମୂଲଂ ପ୍ରରୁହ୍ୟ ବାଧାଜନକଂ ନ ଭୱେତ୍ ତେନ ଚ ବହୱୋଽପୱିତ୍ରା ନ ଭୱେଯୁଃ,
3a0c100148	ଯଥା ଚ କଶ୍ଚିତ୍ ଲମ୍ପଟୋ ୱା ଏକକୃତ୍ୱ ଆହାରାର୍ଥଂ ସ୍ୱୀଯଜ୍ୟେଷ୍ଠାଧିକାରୱିକ୍ରେତା ଯ ଏଷୌସ୍ତଦ୍ୱଦ୍ ଅଧର୍ମ୍ମାଚାରୀ ନ ଭୱେତ୍ ତଥା ସାୱଧାନା ଭୱତ|
3a0c110172	ଯତଃ ସ ଏଷୌଃ ପଶ୍ଚାଦ୍ ଆଶୀର୍ୱ୍ୱାଦାଧିକାରୀ ଭୱିତୁମ୍ ଇଚ୍ଛନ୍ନପି ନାନୁଗୃହୀତ ଇତି ଯୂଯଂ ଜାନୀଥ, ସ ଚାଶ୍ରୁପାତେନ ମତ୍ୟନ୍ତରଂ ପ୍ରାର୍ଥଯମାନୋଽପି ତଦୁପାଯଂ ନ ଲେଭେ|
3a0c12016f	ଅପରଞ୍ଚ ସ୍ପୃଶ୍ୟଃ ପର୍ୱ୍ୱତଃ ପ୍ରଜ୍ୱଲିତୋ ୱହ୍ନିଃ କୃଷ୍ଣାୱର୍ଣୋ ମେଘୋ ଽନ୍ଧକାରୋ ଝଞ୍ଭ୍ଶ ତୂରୀୱାଦ୍ୟଂ ୱାକ୍ୟାନାଂ ଶବ୍ଦଶ୍ଚ ନୈତେଷାଂ ସନ୍ନିଧୌ ଯୂଯମ୍ ଆଗତାଃ|
3a0c1300da	ତଂ ଶବ୍ଦଂ ଶ୍ରୁତ୍ୱା ଶ୍ରୋତାରସ୍ତାଦୃଶଂ ସମ୍ଭାଷଣଂ ଯତ୍ ପୁନ ର୍ନ ଜାଯତେ ତତ୍ ପ୍ରାର୍ଥିତୱନ୍ତଃ|
3a0c1400f1	ଯତଃ ପଶୁରପି ଯଦି ଧରାଧରଂ ସ୍ପୃଶତି ତର୍ହି ସ ପାଷାଣାଘାତୈ ର୍ହନ୍ତୱ୍ୟ ଇତ୍ୟାଦେଶଂ ସୋଢୁଂ ତେ ନାଶକ୍ନୁୱନ୍|
3a0c1500b2	ତଚ୍ଚ ଦର୍ଶନମ୍ ଏୱଂ ଭଯାନକଂ ଯତ୍ ମୂସସୋକ୍ତଂ ଭୀତସ୍ତ୍ରାସଯୁକ୍ତଶ୍ଚାସ୍ମୀତି|
3a0c1600db	କିନ୍ତୁ ସୀଯୋନ୍ପର୍ୱ୍ୱତୋ ଽମରେଶ୍ୱରସ୍ୟ ନଗରଂ ସ୍ୱର୍ଗସ୍ଥଯିରୂଶାଲମମ୍ ଅଯୁତାନି ଦିୱ୍ୟଦୂତାଃ
3a0c170137	ସ୍ୱର୍ଗେ ଲିଖିତାନାଂ ପ୍ରଥମଜାତାନାମ୍ ଉତ୍ସୱଃ ସମିତିଶ୍ଚ ସର୍ୱ୍ୱେଷାଂ ୱିଚାରାଧିପତିରୀଶ୍ୱରଃ ସିଦ୍ଧୀକୃତଧାର୍ମ୍ମିକାନାମ୍ ଆତ୍ମାନୋ
3a0c18012e	ନୂତନନିଯମସ୍ୟ ମଧ୍ୟସ୍ଥୋ ଯୀଶୁଃ, ଅପରଂ ହାବିଲୋ ରକ୍ତାତ୍ ଶ୍ରେଯଃ ପ୍ରଚାରକଂ ପ୍ରୋକ୍ଷଣସ୍ୟ ରକ୍ତଞ୍ଚୈତେଷାଂ ସନ୍ନିଧୌ ଯୂଯମ୍ ଆଗତାଃ|
3a0c1901be	ସାୱଧାନା ଭୱତ ତଂ ୱକ୍ତାରଂ ନାୱଜାନୀତ ଯତୋ ହେତୋଃ ପୃଥିୱୀସ୍ଥିତଃ ସ ୱକ୍ତା ଯୈରୱଜ୍ଞାତସ୍ତୈ ର୍ୟଦି ରକ୍ଷା ନାପ୍ରାପି ତର୍ହି ସ୍ୱର୍ଗୀଯୱକ୍ତୁଃ ପରାଙ୍ମୁଖୀଭୂଯାସ୍ମାଭିଃ କଥଂ ରକ୍ଷା ପ୍ରାପ୍ସ୍ୟତେ?
3a0c1a0180	ତଦା ତସ୍ୟ ରୱାତ୍ ପୃଥିୱୀ କମ୍ପିତା କିନ୍ତ୍ୱିଦାନୀଂ ତେନେଦଂ ପ୍ରତିଜ୍ଞାତଂ ଯଥା, "ଅହଂ ପୁନରେକକୃତ୍ୱଃ ପୃଥିୱୀଂ କମ୍ପଯିଷ୍ୟାମି କେୱଲଂ ତନ୍ନହି ଗଗନମପି କମ୍ପଯିଷ୍ୟାମି| "
3a0c1b010e	ସ ଏକକୃତ୍ୱଃ ଶବ୍ଦୋ ନିଶ୍ଚଲୱିଷଯାଣାଂ ସ୍ଥିତଯେ ନିର୍ମ୍ମିତାନାମିୱ ଚଞ୍ଚଲୱସ୍ତୂନାଂ ସ୍ଥାନାନ୍ତରୀକରଣଂ ପ୍ରକାଶଯତି|
3a0c1c0140	ଅତଏୱ ନିଶ୍ଚଲରାଜ୍ୟପ୍ରାପ୍ତୈରସ୍ମାଭିଃ ସୋଽନୁଗ୍ରହ ଆଲମ୍ବିତୱ୍ୟୋ ଯେନ ୱଯଂ ସାଦରଂ ସଭଯଞ୍ଚ ତୁଷ୍ଟିଜନକରୂପେଣେଶ୍ୱରଂ ସେୱିତୁଂ ଶକ୍ନୁଯାମ|
3a0c1d005e	ଯତୋଽସ୍ମାକମ୍ ଈଶ୍ୱରଃ ସଂହାରକୋ ୱହ୍ନିଃ|
3a0d0100a6	ଭ୍ରାତୃଷୁ ପ୍ରେମ ତିଷ୍ଠତୁ| ଅତିଥିସେୱା ଯୁଷ୍ମାଭି ର୍ନ ୱିସ୍ମର୍ୟ୍ୟତାଂ
3a0d0200a1	ଯତସ୍ତଯା ପ୍ରଚ୍ଛନ୍ନରୂପେଣ ଦିୱ୍ୟଦୂତାଃ କେଷାଞ୍ଚିଦ୍ ଅତିଥଯୋଽଭୱନ୍|
3a0d0300c0	ବନ୍ଦିନଃ ସହବନ୍ଦିଭିରିୱ ଦୁଃଖିନଶ୍ଚ ଦେହୱାସିଭିରିୱ ଯୁଷ୍ମାଭିଃ ସ୍ମର୍ୟ୍ୟନ୍ତାଂ|
3a0d040133	ୱିୱାହଃ ସର୍ୱ୍ୱେଷାଂ ସମୀପେ ସମ୍ମାନିତୱ୍ୟସ୍ତଦୀଯଶଯ୍ୟା ଚ ଶୁଚିଃ କିନ୍ତୁ ୱେଶ୍ୟାଗାମିନଃ ପାରଦାରିକାଶ୍ଚେଶ୍ୱରେଣ ଦଣ୍ଡଯିଷ୍ୟନ୍ତେ|
3a0d05014c	ଯୂଯମ୍ ଆଚାରେ ନିର୍ଲୋଭା ଭୱତ ୱିଦ୍ୟମାନୱିଷଯେ ସନ୍ତୁଷ୍ୟତ ଚ ଯସ୍ମାଦ୍ ଈଶ୍ୱର ଏୱେଦଂ କଥିତୱାନ୍, ଯଥା, "ତ୍ୱାଂ ନ ତ୍ୟକ୍ଷ୍ୟାମି ନ ତ୍ୱାଂ ହାସ୍ୟାମି| "
3a0d060158	ଅତଏୱ ୱଯମ୍ ଉତ୍ସାହେନେଦଂ କଥଯିତୁଂ ଶକ୍ନୁମଃ, "ମତ୍ପକ୍ଷେ ପରମେଶୋଽସ୍ତି ନ ଭେଷ୍ୟାମି କଦାଚନ| ଯସ୍ମାତ୍ ମାଂ ପ୍ରତି କିଂ କର୍ତ୍ତୁଂ ମାନୱଃ ପାରଯିଷ୍ୟତି|| "
3a0d0701a1	ଯୁଷ୍ମାକଂ ଯେ ନାଯକା ଯୁଷ୍ମଭ୍ୟମ୍ ଈଶ୍ୱରସ୍ୟ ୱାକ୍ୟଂ କଥିତୱନ୍ତସ୍ତେ ଯୁଷ୍ମାଭିଃ ସ୍ମର୍ୟ୍ୟନ୍ତାଂ ତେଷାମ୍ ଆଚାରସ୍ୟ ପରିଣାମମ୍ ଆଲୋଚ୍ୟ ଯୁଷ୍ମାଭିସ୍ତେଷାଂ ୱିଶ୍ୱାସୋଽନୁକ୍ରିଯତାଂ|
3a0d08006a	ଯୀଶୁଃ ଖ୍ରୀଷ୍ଟଃ ଶ୍ୱୋଽଦ୍ୟ ସଦା ଚ ସ ଏୱାସ୍ତେ|
3a0d090178	ଯୂଯଂ ନାନାୱିଧନୂତନଶିକ୍ଷାଭି ର୍ନ ପରିୱର୍ତ୍ତଧ୍ୱଂ ଯତୋଽନୁଗ୍ରହେଣାନ୍ତଃକରଣସ୍ୟ ସୁସ୍ଥିରୀଭୱନଂ କ୍ଷେମଂ ନ ଚ ଖାଦ୍ୟଦ୍ରୱ୍ୟୈଃ| ଯତସ୍ତଦାଚାରିଣସ୍ତୈ ର୍ନୋପକୃତାଃ|
3a0d0a0102	ଯେ ଦଷ୍ୟସ୍ୟ ସେୱାଂ କୁର୍ୱ୍ୱନ୍ତି ତେ ଯସ୍ୟା ଦ୍ରୱ୍ୟଭୋଜନସ୍ୟାନଧିକାରିଣସ୍ତାଦୃଶୀ ଯଜ୍ଞୱେଦିରସ୍ମାକମ୍ ଆସ୍ତେ|
3a0d0b013c	ଯତୋ ଯେଷାଂ ପଶୂନାଂ ଶୋଣିତଂ ପାପନାଶାଯ ମହାଯାଜକେନ ମହାପୱିତ୍ରସ୍ଥାନସ୍ୟାଭ୍ୟନ୍ତରଂ ନୀଯତେ ତେଷାଂ ଶରୀରାଣି ଶିବିରାଦ୍ ବହି ର୍ଦହ୍ୟନ୍ତେ|
3a0d0c010d	ତସ୍ମାଦ୍ ଯୀଶୁରପି ଯତ୍ ସ୍ୱରୁଧିରେଣ ପ୍ରଜାଃ ପୱିତ୍ରୀକୁର୍ୟ୍ୟାତ୍ ତଦର୍ଥଂ ନଗରଦ୍ୱାରସ୍ୟ ବହି ର୍ମୃତିଂ ଭୁକ୍ତୱାନ୍|
3a0d0d00c8	ଅତୋ ହେତୋରସ୍ମାଭିରପି ତସ୍ୟାପମାନଂ ସହମାନୈଃ ଶିବିରାଦ୍ ବହିସ୍ତସ୍ୟ ସମୀପଂ ଗନ୍ତୱ୍ୟଂ|
3a0d0e00ca	ଯତୋ ଽତ୍ରାସ୍ମାକଂ ସ୍ଥାଯି ନଗରଂ ନ ୱିଦ୍ୟତେ କିନ୍ତୁ ଭାୱି ନଗରମ୍ ଅସ୍ମାଭିରନ୍ୱିଷ୍ୟତେ|
3a0d0f012d	ଅତଏୱ ଯୀଶୁନାସ୍ମାଭି ର୍ନିତ୍ୟଂ ପ୍ରଶଂସାରୂପୋ ବଲିରର୍ଥତସ୍ତସ୍ୟ ନାମାଙ୍ଗୀକୁର୍ୱ୍ୱତାମ୍ ଓଷ୍ଠାଧରାଣାଂ ଫଲମ୍ ଈଶ୍ୱରାଯ ଦାତୱ୍ୟଂ|
3a0d1000e8	ଅପରଞ୍ଚ ପରୋପକାରୋ ଦାନଞ୍ଚ ଯୁଷ୍ମାଭି ର୍ନ ୱିସ୍ମର୍ୟ୍ୟତାଂ ଯତସ୍ତାଦୃଶଂ ବଲିଦାନମ୍ ଈଶ୍ୱରାଯ ରୋଚତେ|
3a0d110297	ଯୂଯଂ ସ୍ୱନାଯକାନାମ୍ ଆଜ୍ଞାଗ୍ରାହିଣୋ ୱଶ୍ୟାଶ୍ଚ ଭୱତ ଯତୋ ଯୈରୁପନିଧିଃ ପ୍ରତିଦାତୱ୍ୟସ୍ତାଦୃଶା ଲୋକା ଇୱ ତେ ଯୁଷ୍ମଦୀଯାତ୍ମନାଂ ରକ୍ଷଣାର୍ଥଂ ଜାଗ୍ରତି, ଅତସ୍ତେ ଯଥା ସାନନ୍ଦାସ୍ତତ୍ କୁର୍ୟ୍ୟୁ ର୍ନ ଚ ସାର୍ତ୍ତସ୍ୱରା ଅତ୍ର ଯତଧ୍ୱଂ ଯତସ୍ତେଷାମ୍ ଆର୍ତ୍ତସ୍ୱରୋ ଯୁଷ୍ମାକମ୍ ଇଷ୍ଟଜନକୋ ନ ଭୱେତ୍|
3a0d12017b	ଅପରଞ୍ଚ ଯୂଯମ୍ ଅସ୍ମନ୍ନିମିତ୍ତିଂ ପ୍ରାର୍ଥନାଂ କୁରୁତ ଯତୋ ୱଯମ୍ ଉତ୍ତମମନୋୱିଶିଷ୍ଟାଃ ସର୍ୱ୍ୱତ୍ର ସଦାଚାରଂ କର୍ତ୍ତୁମ୍ ଇଚ୍ଛୁକାଶ୍ଚ ଭୱାମ ଇତି ନିଶ୍ଚିତଂ ଜାନୀମଃ|
3a0d1300e3	ୱିଶେଷତୋଽହଂ ଯଥା ତ୍ୱରଯା ଯୁଷ୍ମଭ୍ୟଂ ପୁନ ର୍ଦୀଯେ ତଦର୍ଥଂ ପ୍ରାର୍ଥନାଯୈ ଯୁଷ୍ମାନ୍ ଅଧିକଂ ୱିନଯେ|
3a0d1400fd	ଅନନ୍ତନିଯମସ୍ୟ ରୁଧିରେଣ ୱିଶିଷ୍ଟୋ ମହାନ୍ ମେଷପାଲକୋ ଯେନ ମୃତଗଣମଧ୍ୟାତ୍ ପୁନରାନାଯି ସ ଶାନ୍ତିଦାଯକ ଈଶ୍ୱରୋ
3a0d1501e1	ନିଜାଭିମତସାଧନାଯ ସର୍ୱ୍ୱସ୍ମିନ୍ ସତ୍କର୍ମ୍ମଣି ଯୁଷ୍ମାନ୍ ସିଦ୍ଧାନ୍ କରୋତୁ, ତସ୍ୟ ଦୃଷ୍ଟୌ ଚ ଯଦ୍ୟତ୍ ତୁଷ୍ଟିଜନକଂ ତଦେୱ ଯୁଷ୍ମାକଂ ମଧ୍ୟେ ଯୀଶୁନା ଖ୍ରୀଷ୍ଟେନ ସାଧଯତୁ| ତସ୍ମୈ ମହିମା ସର୍ୱ୍ୱଦା ଭୂଯାତ୍| ଆମେନ୍|
3a0d1600fd	ହେ ଭ୍ରାତରଃ, ୱିନଯେଽହଂ ଯୂଯମ୍ ଇଦମ୍ ଉପଦେଶୱାକ୍ୟଂ ସହଧ୍ୱଂ ଯତୋଽହଂ ସଂକ୍ଷେପେଣ ଯୁଷ୍ମାନ୍ ପ୍ରତି ଲିଖିତୱାନ୍|
3a0d17014e	ଅସ୍ମାକଂ ଭ୍ରାତା ତୀମଥିଯୋ ମୁକ୍ତୋଽଭୱଦ୍ ଇତି ଜାନୀତ, ସ ଚ ଯଦି ତ୍ୱରଯା ସମାଗଚ୍ଛତି ତର୍ହି ତେନ ସାର୍ଦ୍ଧଂମ୍ ଅହଂ ଯୁଷ୍ମାନ୍ ସାକ୍ଷାତ୍ କରିଷ୍ୟାମି|
3a0d180106	ଯୁଷ୍ମାକଂ ସର୍ୱ୍ୱାନ୍ ନାଯକାନ୍ ପୱିତ୍ରଲୋକାଂଶ୍ଚ ନମସ୍କୁରୁତ| ଅପରମ୍ ଇତାଲିଯାଦେଶୀଯାନାଂ ନମସ୍କାରଂ ଜ୍ଞାସ୍ୟଥ|
3a0d190085	ଅନୁଗ୍ରହୋ ଯୁଷ୍ମାକଂ ସର୍ୱ୍ୱେଷାଂ ସହାଯୋ ଭୂଯାତ୍| ଆମେନ୍|
3b00000012	ଯାକୂବଃ
3b0101011e	ଈଶ୍ୱରସ୍ୟ ପ୍ରଭୋ ର୍ୟୀଶୁଖ୍ରୀଷ୍ଟସ୍ୟ ଚ ଦାସୋ ଯାକୂବ୍ ୱିକୀର୍ଣୀଭୂତାନ୍ ଦ୍ୱାଦଶଂ ୱଂଶାନ୍ ପ୍ରତି ନମସ୍କୃତ୍ୟ ପତ୍ରଂ ଲିଖତି|
3b010200df	ହେ ମମ ଭ୍ରାତରଃ, ଯୂଯଂ ଯଦା ବହୁୱିଧପରୀକ୍ଷାଷୁ ନିପତତ ତଦା ତତ୍ ପୂର୍ଣାନନ୍ଦସ୍ୟ କାରଣଂ ମନ୍ୟଧ୍ୱଂ|
3b010300b9	ଯତୋ ଯୁଷ୍ମାକଂ ୱିଶ୍ୱାସସ୍ୟ ପରୀକ୍ଷିତତ୍ୱେନ ଧୈର୍ୟ୍ୟଂ ସମ୍ପାଦ୍ୟତ ଇତି ଜାନୀଥ|
3b01040128	ତଚ୍ଚ ଧୈର୍ୟ୍ୟଂ ସିଦ୍ଧଫଲଂ ଭୱତୁ ତେନ ଯୂଯଂ ସିଦ୍ଧାଃ ସମ୍ପୂର୍ଣାଶ୍ଚ ଭୱିଷ୍ୟଥ କସ୍ୟାପି ଗୁଣସ୍ୟାଭାୱଶ୍ଚ ଯୁଷ୍ମାକଂ ନ ଭୱିଷ୍ୟତି|
3b01050162	ଯୁଷ୍ମାକଂ କସ୍ୟାପି ଜ୍ଞାନାଭାୱୋ ଯଦି ଭୱେତ୍ ତର୍ହି ଯ ଈଶ୍ୱରଃ ସରଲଭାୱେନ ତିରସ୍କାରଞ୍ଚ ୱିନା ସର୍ୱ୍ୱେଭ୍ୟୋ ଦଦାତି ତତଃ ସ ଯାଚତାଂ ତତସ୍ତସ୍ମୈ ଦାଯିଷ୍ୟତେ|
3b01060144	କିନ୍ତୁ ସ ନିଃସନ୍ଦେହଃ ସନ୍ ୱିଶ୍ୱାସେନ ଯାଚତାଂ ଯତଃ ସନ୍ଦିଗ୍ଧୋ ମାନୱୋ ୱାଯୁନା ଚାଲିତସ୍ୟୋତ୍ପ୍ଲୱମାନସ୍ୟ ଚ ସମୁଦ୍ରତରଙ୍ଗସ୍ୟ ସଦୃଶୋ ଭୱତି|
3b01070091	ତାଦୃଶୋ ମାନୱଃ ପ୍ରଭୋଃ କିଞ୍ଚିତ୍ ପ୍ରାପ୍ସ୍ୟତୀତି ନ ମନ୍ୟତାଂ|
3b01080065	ଦ୍ୱିମନା ଲୋକଃ ସର୍ୱ୍ୱଗତିଷୁ ଚଞ୍ଚଲୋ ଭୱତି|
3b01090069	ଯୋ ଭ୍ରାତା ନମ୍ରଃ ସ ନିଜୋନ୍ନତ୍ୟା ଶ୍ଲାଘତାଂ|
3b010a00b4	ଯଶ୍ଚ ଧନୱାନ୍ ସ ନିଜନମ୍ରତଯା ଶ୍ଲାଘତାଂଯତଃ ସ ତୃଣପୁଷ୍ପୱତ୍ କ୍ଷଯଂ ଗମିଷ୍ୟତି|
3b010b0178	ଯତଃ ସତାପେନ ସୂର୍ୟ୍ୟେଣୋଦିତ୍ୟ ତୃଣଂ ଶୋଷ୍ୟତେ ତତ୍ପୁଷ୍ପଞ୍ଚ ଭ୍ରଶ୍ୟତି ତେନ ତସ୍ୟ ରୂପସ୍ୟ ସୌନ୍ଦର୍ୟ୍ୟଂ ନଶ୍ୟତି ତଦ୍ୱଦ୍ ଧନିଲୋକୋଽପି ସ୍ୱୀଯମୂଢତଯା ମ୍ଲାସ୍ୟତି|
3b010c013d	ଯୋ ଜନଃ ପରୀକ୍ଷାଂ ସହତେ ସ ଏୱ ଧନ୍ୟଃ, ଯତଃ ପରୀକ୍ଷିତତ୍ୱଂ ପ୍ରାପ୍ୟ ସ ପ୍ରଭୁନା ସ୍ୱପ୍ରେମକାରିଭ୍ୟଃ ପ୍ରତିଜ୍ଞାତଂ ଜୀୱନମୁକୁଟଂ ଲପ୍ସ୍ୟତେ|
3b010d010b	ଈଶ୍ୱରୋ ମାଂ ପରୀକ୍ଷତ ଇତି ପରୀକ୍ଷାସମଯେ କୋଽପି ନ ୱଦତୁ ଯତଃ ପାପାଯେଶ୍ୱରସ୍ୟ ପରୀକ୍ଷା ନ ଭୱତି ସ ଚ କମପି ନ ପରୀକ୍ଷତେ|
3b010e00c3	କିନ୍ତୁ ଯଃ କଶ୍ଚିତ୍ ସ୍ୱୀଯମନୋୱାଞ୍ଛଯାକୃଷ୍ୟତେ ଲୋଭ୍ୟତେ ଚ ତସ୍ୟୈୱ ପରୀକ୍ଷା ଭୱତି|
3b010f00ff	ତସ୍ମାତ୍ ସା ମନୋୱାଞ୍ଛା ସଗର୍ଭା ଭୂତ୍ୱା ଦୁଷ୍କୃତିଂ ପ୍ରସୂତେ ଦୁଷ୍କୃତିଶ୍ଚ ପରିଣାମଂ ଗତ୍ୱା ମୃତ୍ୟୁଂ ଜନଯତି|
3b0110005e	ହେ ମମ ପ୍ରିଯଭ୍ରାତରଃ, ଯୂଯଂ ନ ଭ୍ରାମ୍ୟତ|
3b011101a1	ଯତ୍ କିଞ୍ଚିଦ୍ ଉତ୍ତମଂ ଦାନଂ ପୂର୍ଣୋ ୱରଶ୍ଚ ତତ୍ ସର୍ୱ୍ୱମ୍ ଊର୍ଦ୍ଧ୍ୱାଦ୍ ଅର୍ଥତୋ ଯସ୍ମିନ୍ ଦଶାନ୍ତରଂ ପରିୱର୍ତ୍ତନଜାତଚ୍ଛାଯା ୱା ନାସ୍ତି ତସ୍ମାଦ୍ ଦୀପ୍ତ୍ୟାକରାତ୍ ପିତୁରୱରୋହତି|
3b01120129	ତସ୍ୟ ସୃଷ୍ଟୱସ୍ତୂନାଂ ମଧ୍ୟେ ୱଯଂ ଯତ୍ ପ୍ରଥମଫଲସ୍ୱରୂପା ଭୱାମସ୍ତଦର୍ଥଂ ସ ସ୍ୱେଚ୍ଛାତଃ ସତ୍ୟମତସ୍ୟ ୱାକ୍ୟେନାସ୍ମାନ୍ ଜନଯାମାସ|
3b011300f0	ଅତଏୱ ହେ ମମ ପ୍ରିଯଭ୍ରାତରଃ, ଯୁଷ୍ମାକମ୍ ଏକୈକୋ ଜନଃ ଶ୍ରୱଣେ ତ୍ୱରିତଃ କଥନେ ଧୀରଃ କ୍ରୋଧେଽପି ଧୀରୋ ଭୱତୁ|
3b01140072	ଯତୋ ମାନୱସ୍ୟ କ୍ରୋଧ ଈଶ୍ୱରୀଯଧର୍ମ୍ମଂ ନ ସାଧଯତି|
3b01150167	ଅତୋ ହେତୋ ର୍ୟୂଯଂ ସର୍ୱ୍ୱାମ୍ ଅଶୁଚିକ୍ରିଯାଂ ଦୁଷ୍ଟତାବାହୁଲ୍ୟଞ୍ଚ ନିକ୍ଷିପ୍ୟ ଯୁଷ୍ମନ୍ମନସାଂ ପରିତ୍ରାଣେ ସମର୍ଥଂ ରୋପିତଂ ୱାକ୍ୟଂ ନମ୍ରଭାୱେନ ଗୃହ୍ଲୀତ|
3b011600f9	ଅପରଞ୍ଚ ଯୂଯଂ କେୱଲମ୍ ଆତ୍ମୱଞ୍ଚଯିତାରୋ ୱାକ୍ୟସ୍ୟ ଶ୍ରୋତାରୋ ନ ଭୱତ କିନ୍ତୁ ୱାକ୍ୟସ୍ୟ କର୍ମ୍ମକାରିଣୋ ଭୱତ|
3b01170149	ଯତୋ ଯଃ କଶ୍ଚିଦ୍ ୱାକ୍ୟସ୍ୟ କର୍ମ୍ମକାରୀ ନ ଭୂତ୍ୱା କେୱଲଂ ତସ୍ୟ ଶ୍ରୋତା ଭୱତି ସ ଦର୍ପଣେ ସ୍ୱୀଯଶାରୀରିକୱଦନଂ ନିରୀକ୍ଷମାଣସ୍ୟ ମନୁଜସ୍ୟ ସଦୃଶଃ|
3b011800ae	ଆତ୍ମାକାରେ ଦୃଷ୍ଟେ ସ ପ୍ରସ୍ଥାଯ କୀଦୃଶ ଆସୀତ୍ ତତ୍ ତତ୍କ୍ଷଣାଦ୍ ୱିସ୍ମରତି|
3b0119018d	କିନ୍ତୁ ଯଃ କଶ୍ଚିତ୍ ନତ୍ୱା ମୁକ୍ତେଃ ସିଦ୍ଧାଂ ୱ୍ୟୱସ୍ଥାମ୍ ଆଲୋକ୍ୟ ତିଷ୍ଠତି ସ ୱିସ୍ମୃତିଯୁକ୍ତଃ ଶ୍ରୋତା ନ ଭୂତ୍ୱା କର୍ମ୍ମକର୍ତ୍ତୈୱ ସନ୍ ସ୍ୱକାର୍ୟ୍ୟେ ଧନ୍ୟୋ ଭୱିଷ୍ୟତି|
3b011a00e8	ଅନାଯତ୍ତରସନଃ ସନ୍ ଯଃ କଶ୍ଚିତ୍ ସ୍ୱମନୋ ୱଞ୍ଚଯିତ୍ୱା ସ୍ୱଂ ଭକ୍ତଂ ମନ୍ୟତେ ତସ୍ୟ ଭକ୍ତି ର୍ମୁଧା ଭୱତି|
3b011b017b	କ୍ଲେଶକାଲେ ପିତୃହୀନାନାଂ ୱିଧୱାନାଞ୍ଚ ଯଦ୍ ଅୱେକ୍ଷଣଂ ସଂସାରାଚ୍ଚ ନିଷ୍କଲଙ୍କେନ ଯଦ୍ ଆତ୍ମରକ୍ଷଣଂ ତଦେୱ ପିତୁରୀଶ୍ୱରସ୍ୟ ସାକ୍ଷାତ୍ ଶୁଚି ର୍ନିର୍ମ୍ମଲା ଚ ଭକ୍ତିଃ|
3b020100f4	ହେ ମମ ଭ୍ରାତରଃ, ଯୂଯମ୍ ଅସ୍ମାକଂ ତେଜସ୍ୱିନଃ ପ୍ରଭୋ ର୍ୟୀଶୁଖ୍ରୀଷ୍ଟସ୍ୟ ଧର୍ମ୍ମଂ ମୁଖାପେକ୍ଷଯା ନ ଧାରଯତ|
3b0202015d	ଯତୋ ଯୁଷ୍ମାକଂ ସଭାଯାଂ ସ୍ୱର୍ଣାଙ୍ଗୁରୀଯକଯୁକ୍ତେ ଭ୍ରାଜିଷ୍ଣୁପରିଚ୍ଛଦେ ପୁରୁଷେ ପ୍ରୱିଷ୍ଟେ ମଲିନୱସ୍ତ୍ରେ କସ୍ମିଂଶ୍ଚିଦ୍ ଦରିଦ୍ରେଽପି ପ୍ରୱିଷ୍ଟେ
3b020301d0	ଯୂଯଂ ଯଦି ତଂ ଭ୍ରାଜିଷ୍ଣୁପରିଚ୍ଛଦୱସାନଂ ଜନଂ ନିରୀକ୍ଷ୍ୟ ୱଦେତ ଭୱାନ୍ ଅତ୍ରୋତ୍ତମସ୍ଥାନ ଉପୱିଶତ୍ୱିତି କିଞ୍ଚ ତଂ ଦରିଦ୍ରଂ ଯଦି ୱଦେତ ତ୍ୱମ୍ ଅମୁସ୍ମିନ୍ ସ୍ଥାନେ ତିଷ୍ଠ ଯଦ୍ୱାତ୍ର ମମ ପାଦପୀଠ ଉପୱିଶେତି,
3b02040090	ତର୍ହି ମନଃସୁ ୱିଶେଷ୍ୟ ଯୂଯଂ କିଂ କୁତର୍କୈଃ କୁୱିଚାରକା ନ ଭୱଥ?
3b020501f7	ହେ ମମ ପ୍ରିଯଭ୍ରାତରଃ, ଶୃଣୁତ, ସଂସାରେ ଯେ ଦରିଦ୍ରାସ୍ତାନ୍ ଈଶ୍ୱରୋ ୱିଶ୍ୱାସେନ ଧନିନଃ ସ୍ୱପ୍ରେମକାରିଭ୍ୟଶ୍ଚ ପ୍ରତିଶ୍ରୁତସ୍ୟ ରାଜ୍ୟସ୍ୟାଧିକାରିଣଃ କର୍ତ୍ତୁଂ କିଂ ନ ୱରୀତୱାନ୍? କିନ୍ତୁ ଦରିଦ୍ରୋ ଯୁଷ୍ମାଭିରୱଜ୍ଞାଯତେ|
3b020600be	ଧନୱନ୍ତ ଏୱ କିଂ ଯୁଷ୍ମାନ୍ ନୋପଦ୍ରୱନ୍ତି ବଲାଚ୍ଚ ୱିଚାରାସନାନାଂ ସମୀପଂ ନ ନଯନ୍ତି?
3b02070098	ଯୁଷ୍ମଦୁପରି ପରିକୀର୍ତ୍ତିତଂ ପରମଂ ନାମ କିଂ ତୈରେୱ ନ ନିନ୍ଦ୍ୟତେ?
3b0208014c	କିଞ୍ଚ ତ୍ୱଂ ସ୍ୱସମୀପୱାସିନି ସ୍ୱାତ୍ମୱତ୍ ପ୍ରୀଯସ୍ୱ, ଏତଚ୍ଛାସ୍ତ୍ରୀଯୱଚନାନୁସାରତୋ ଯଦି ଯୂଯଂ ରାଜକୀଯୱ୍ୟୱସ୍ଥାଂ ପାଲଯଥ ତର୍ହି ଭଦ୍ରଂ କୁରୁଥ|
3b020900d1	ଯଦି ଚ ମୁଖାପେକ୍ଷାଂ କୁରୁଥ ତର୍ହି ପାପମ୍ ଆଚରଥ ୱ୍ୟୱସ୍ଥଯା ଚାଜ୍ଞାଲଙ୍ଘିନ ଇୱ ଦୂଷ୍ୟଧ୍ୱେ|
3b020a010d	ଯତୋ ଯଃ କଶ୍ଚିତ୍ କୃତ୍ସ୍ନାଂ ୱ୍ୟୱସ୍ଥାଂ ପାଲଯତି ସ ଯଦ୍ୟେକସ୍ମିନ୍ ୱିଧୌ ସ୍ଖଲତି ତର୍ହି ସର୍ୱ୍ୱେଷାମ୍ ଅପରାଧୀ ଭୱତି|
3b020b01b7	ଯତୋ ହେତୋସ୍ତ୍ୱଂ ପରଦାରାନ୍ ମା ଗଚ୍ଛେତି ଯଃ କଥିତୱାନ୍ ସ ଏୱ ନରହତ୍ୟାଂ ମା କୁର୍ୟ୍ୟା ଇତ୍ୟପି କଥିତୱାନ୍ ତସ୍ମାତ୍ ତ୍ୱଂ ପରଦାରାନ୍ ନ ଗତ୍ୱା ଯଦି ନରହତ୍ୟାଂ କରୋଷି ତର୍ହି ୱ୍ୟୱସ୍ଥାଲଙ୍ଘୀ ଭୱସି|
3b020c00ec	ମୁକ୍ତେ ର୍ୱ୍ୟୱସ୍ଥାତୋ ଯେଷାଂ ୱିଚାରେଣ ଭୱିତୱ୍ୟଂ ତାଦୃଶା ଲୋକା ଇୱ ଯୂଯଂ କଥାଂ କଥଯତ କର୍ମ୍ମ କୁରୁତ ଚ|
3b020d00d8	ଯୋ ଦଯାଂ ନାଚରତି ତସ୍ୟ ୱିଚାରୋ ନିର୍ଦ୍ଦଯେନ କାରିଷ୍ୟତେ, କିନ୍ତୁ ଦଯା ୱିଚାରମ୍ ଅଭିଭୱିଷ୍ୟତି|
3b020e0172	ହେ ମମ ଭ୍ରାତରଃ, ମମ ପ୍ରତ୍ୟଯୋଽସ୍ତୀତି ଯଃ କଥଯତି ତସ୍ୟ କର୍ମ୍ମାଣି ଯଦି ନ ୱିଦ୍ୟନ୍ତ ତର୍ହି ତେନ କିଂ ଫଲଂ? ତେନ ପ୍ରତ୍ୟଯେନ କିଂ ତସ୍ୟ ପରିତ୍ରାଣଂ ଭୱିତୁଂ ଶକ୍ନୋତି?
3b020f0190	କେଷୁଚିଦ୍ ଭ୍ରାତୃଷୁ ଭଗିନୀଷୁ ୱା ୱସନହୀନେଷୁ ପ୍ରାତ୍ୟହିକାହାରହୀନେଷୁ ଚ ସତ୍ସୁ ଯୁଷ୍ମାକଂ କୋଽପି ତେଭ୍ୟଃ ଶରୀରାର୍ଥଂ ପ୍ରଯୋଜନୀଯାନି ଦ୍ରୱ୍ୟାଣି ନ ଦତ୍ୱା ଯଦି ତାନ୍ ୱଦେତ୍,
3b021000a8	ଯୂଯଂ ସକୁଶଲଂ ଗତ୍ୱୋଷ୍ଣଗାତ୍ରା ଭୱତ ତୃପ୍ୟତ ଚେତି ତର୍ହ୍ୟେତେନ କିଂ ଫଲଂ?
3b021100d0	ତଦ୍ୱତ୍ ପ୍ରତ୍ୟଯୋ ଯଦି କର୍ମ୍ମଭି ର୍ୟୁକ୍ତୋ ନ ଭୱେତ୍ ତର୍ହ୍ୟେକାକିତ୍ୱାତ୍ ମୃତ ଏୱାସ୍ତେ|
3b021201c9	କିଞ୍ଚ କଶ୍ଚିଦ୍ ଇଦଂ ୱଦିଷ୍ୟତି ତୱ ପ୍ରତ୍ୟଯୋ ୱିଦ୍ୟତେ ମମ ଚ କର୍ମ୍ମାଣି ୱିଦ୍ୟନ୍ତେ, ତ୍ୱଂ କର୍ମ୍ମହୀନଂ ସ୍ୱପ୍ରତ୍ୟଯଂ ମାଂ ଦର୍ଶଯ ତର୍ହ୍ୟହମପି ମତ୍କର୍ମ୍ମଭ୍ୟଃ ସ୍ୱପ୍ରତ୍ୟଯଂ ତ୍ୱାଂ ଦର୍ଶଯିଷ୍ୟାମି|
3b021300d8	ଏକ ଈଶ୍ୱରୋ ଽସ୍ତୀତି ତ୍ୱଂ ପ୍ରତ୍ୟେଷି| ଭଦ୍ରଂ କରୋଷି| ଭୂତା ଅପି ତତ୍ ପ୍ରତିଯନ୍ତି କମ୍ପନ୍ତେ ଚ|
3b021400e3	କିନ୍ତୁ ହେ ନିର୍ବ୍ବୋଧମାନୱ, କର୍ମ୍ମହୀନଃ ପ୍ରତ୍ୟଯୋ ମୃତ ଏୱାସ୍ତ୍ୟେତଦ୍ ଅୱଗନ୍ତୁଂ କିମ୍ ଇଚ୍ଛସି?
3b02150130	ଅସ୍ମାକଂ ପୂର୍ୱ୍ୱପୁରୁଷୋ ଯ ଇବ୍ରାହୀମ୍ ସ୍ୱପୁତ୍ରମ୍ ଇସ୍ହାକଂ ଯଜ୍ଞୱେଦ୍ୟାମ୍ ଉତ୍ସୃଷ୍ଟୱାନ୍ ସ କିଂ କର୍ମ୍ମଭ୍ୟୋ ନ ସପୁଣ୍ୟୀକୃତଃ?
3b021600e7	ପ୍ରତ୍ୟଯେ ତସ୍ୟ କର୍ମ୍ମଣାଂ ସହକାରିଣି ଜାତେ କର୍ମ୍ମଭିଃ ପ୍ରତ୍ୟଯଃ ସିଦ୍ଧୋ ଽଭୱତ୍ ତତ୍ କିଂ ପଶ୍ୟସି?
3b02170164	ଇତ୍ଥଞ୍ଚେଦଂ ଶାସ୍ତ୍ରୀଯୱଚନଂ ସଫଲମ୍ ଅଭୱତ୍, ଇବ୍ରାହୀମ୍ ପରମେଶ୍ୱରେ ୱିଶ୍ୱସିତୱାନ୍ ତଚ୍ଚ ତସ୍ୟ ପୁଣ୍ୟାଯାଗଣ୍ୟତ ସ ଚେଶ୍ୱରସ୍ୟ ମିତ୍ର ଇତି ନାମ ଲବ୍ଧୱାନ୍|
3b021800a3	ପଶ୍ୟତ ମାନୱଃ କର୍ମ୍ମଭ୍ୟଃ ସପୁଣ୍ୟୀକ୍ରିଯତେ ନ ଚୈକାକିନା ପ୍ରତ୍ୟଯେନ|
3b0219011b	ତଦ୍ୱଦ୍ ଯା ରାହବ୍ନାମିକା ୱାରାଙ୍ଗନା ଚାରାନ୍ ଅନୁଗୃହ୍ୟାପରେଣ ମାର୍ଗେଣ ୱିସସର୍ଜ ସାପି କିଂ କର୍ମ୍ମଭ୍ୟୋ ନ ସପୁଣ୍ୟୀକୃତା?
3b021a00c2	ଅତଏୱାତ୍ମହୀନୋ ଦେହୋ ଯଥା ମୃତୋଽସ୍ତି ତଥୈୱ କର୍ମ୍ମହୀନଃ ପ୍ରତ୍ୟଯୋଽପି ମୃତୋଽସ୍ତି|
3b030100f8	ହେ ମମ ଭ୍ରାତରଃ, ଶିକ୍ଷକୈରସ୍ମାଭି ର୍ଗୁରୁତରଦଣ୍ଡୋ ଲପ୍ସ୍ୟତ ଇତି ଜ୍ଞାତ୍ୱା ଯୂଯମ୍ ଅନେକେ ଶିକ୍ଷକା ମା ଭୱତ|
3b03020130	ଯତଃ ସର୍ୱ୍ୱେ ୱଯଂ ବହୁୱିଷଯେଷୁ ସ୍ଖଲାମଃ, ଯଃ କଶ୍ଚିଦ୍ ୱାକ୍ୟେ ନ ସ୍ଖଲତି ସ ସିଦ୍ଧପୁରୁଷଃ କୃତ୍ସ୍ନଂ ୱଶୀକର୍ତ୍ତୁଂ ସମର୍ଥଶ୍ଚାସ୍ତି|
3b0303010b	ପଶ୍ୟତ ୱଯମ୍ ଅଶ୍ୱାନ୍ ୱଶୀକର୍ତ୍ତୁଂ ତେଷାଂ ୱକ୍ତ୍ରେଷୁ ଖଲୀନାନ୍ ନିଧାଯ ତେଷାଂ କୃତ୍ସ୍ନଂ ଶରୀରମ୍ ଅନୁୱର୍ତ୍ତଯାମଃ|
3b0304017f	ପଶ୍ୟତ ଯେ ପୋତା ଅତୀୱ ବୃହଦାକାରାଃ ପ୍ରଚଣ୍ଡୱାତୈଶ୍ଚ ଚାଲିତାସ୍ତେଽପି କର୍ଣଧାରସ୍ୟ ମନୋଽଭିମତାଦ୍ ଅତିକ୍ଷୁଦ୍ରେଣ କର୍ଣେନ ୱାଞ୍ଛିତଂ ସ୍ଥାନଂ ପ୍ରତ୍ୟନୁୱର୍ତ୍ତନ୍ତେ|
3b0305010b	ତଦ୍ୱଦ୍ ରସନାପି କ୍ଷୁଦ୍ରତରାଙ୍ଗଂ ସନ୍ତୀ ଦର୍ପୱାକ୍ୟାନି ଭାଷତେ| ପଶ୍ୟ କୀଦୃଙ୍ମହାରଣ୍ୟଂ ଦହ୍ୟତେ ଽଲ୍ପେନ ୱହ୍ନିନା|
3b0306018f	ରସନାପି ଭୱେଦ୍ ୱହ୍ନିରଧର୍ମ୍ମରୂପପିଷ୍ଟପେ| ଅସ୍ମଦଙ୍ଗେଷୁ ରସନା ତାଦୃଶଂ ସନ୍ତିଷ୍ଠତି ସା କୃତ୍ସ୍ନଂ ଦେହଂ କଲଙ୍କଯତି ସୃଷ୍ଟିରଥସ୍ୟ ଚକ୍ରଂ ପ୍ରଜ୍ୱଲଯତି ନରକାନଲେନ ଜ୍ୱଲତି ଚ|
3b030700f2	ପଶୁପକ୍ଷ୍ୟୁରୋଗଜଲଚରାଣାଂ ସର୍ୱ୍ୱେଷାଂ ସ୍ୱଭାୱୋ ଦମଯିତୁଂ ଶକ୍ୟତେ ମାନୁଷିକସ୍ୱଭାୱେନ ଦମଯାଞ୍ଚକ୍ରେ ଚ|
3b030800f8	କିନ୍ତୁ ମାନୱାନାଂ କେନାପି ଜିହ୍ୱା ଦମଯିତୁଂ ନ ଶକ୍ୟତେ ସା ନ ନିୱାର୍ୟ୍ୟମ୍ ଅନିଷ୍ଟଂ ହଲାହଲୱିଷେଣ ପୂର୍ଣା ଚ|
3b030900d9	ତଯା ୱଯଂ ପିତରମ୍ ଈଶ୍ୱରଂ ଧନ୍ୟଂ ୱଦାମଃ, ତଯା ଚେଶ୍ୱରସ୍ୟ ସାଦୃଶ୍ୟେ ସୃଷ୍ଟାନ୍ ମାନୱାନ୍ ଶପାମଃ|
3b030a00cc	ଏକସ୍ମାଦ୍ ୱଦନାଦ୍ ଧନ୍ୟୱାଦଶାପୌ ନିର୍ଗଚ୍ଛତଃ| ହେ ମମ ଭ୍ରାତରଃ, ଏତାଦୃଶଂ ନ କର୍ତ୍ତୱ୍ୟଂ|
3b030b00b0	ପ୍ରସ୍ରୱଣଃ କିମ୍ ଏକସ୍ମାତ୍ ଛିଦ୍ରାତ୍ ମିଷ୍ଟଂ ତିକ୍ତଞ୍ଚ ତୋଯଂ ନିର୍ଗମଯତି?
3b030c018d	ହେ ମମ ଭ୍ରାତରଃ, ଉଡୁମ୍ବରତରୁଃ କିଂ ଜିତଫଲାନି ଦ୍ରାକ୍ଷାଲତା ୱା କିମ୍ ଉଡୁମ୍ବରଫଲାନି ଫଲିତୁଂ ଶକ୍ନୋତି? ତଦ୍ୱଦ୍ ଏକଃ ପ୍ରସ୍ରୱଣୋ ଲୱଣମିଷ୍ଟେ ତୋଯେ ନିର୍ଗମଯିତୁଂ ନ ଶକ୍ନୋତି|
3b030d011b	ଯୁଷ୍ମାକଂ ମଧ୍ୟେ ଜ୍ଞାନୀ ସୁବୋଧଶ୍ଚ କ ଆସ୍ତେ? ତସ୍ୟ କର୍ମ୍ମାଣି ଜ୍ଞାନମୂଲକମୃଦୁତାଯୁକ୍ତାନୀତି ସଦାଚାରାତ୍ ସ ପ୍ରମାଣଯତୁ|
3b030e013a	କିନ୍ତୁ ଯୁଷ୍ମଦନ୍ତଃକରଣମଧ୍ୟେ ଯଦି ତିକ୍ତେର୍ଷ୍ୟା ୱିୱାଦେଚ୍ଛା ଚ ୱିଦ୍ୟତେ ତର୍ହି ସତ୍ୟମତସ୍ୟ ୱିରୁଦ୍ଧଂ ନ ଶ୍ଲାଘଧ୍ୱଂ ନଚାନୃତଂ କଥଯତ|
3b030f00b7	ତାଦୃଶଂ ଜ୍ଞାନମ୍ ଊର୍ଦ୍ଧ୍ୱାଦ୍ ଆଗତଂ ନହି କିନ୍ତୁ ପାର୍ଥିୱଂ ଶରୀରି ଭୌତିକଞ୍ଚ|
3b031000e3	ଯତୋ ହେତୋରୀର୍ଷ୍ୟା ୱିୱାଦେଚ୍ଛା ଚ ଯତ୍ର ୱେଦ୍ୟେତେ ତତ୍ରୈୱ କଲହଃ ସର୍ୱ୍ୱଂ ଦୁଷ୍କୃତଞ୍ଚ ୱିଦ୍ୟତେ|
3b03110176	କିନ୍ତୂର୍ଦ୍ଧ୍ୱାଦ୍ ଆଗତଂ ଯତ୍ ଜ୍ଞାନଂ ତତ୍ ପ୍ରଥମଂ ଶୁଚି ତତଃ ପରଂ ଶାନ୍ତଂ କ୍ଷାନ୍ତମ୍ ଆଶୁସନ୍ଧେଯଂ ଦଯାଦିସତ୍ଫଲୈଃ ପରିପୂର୍ଣମ୍ ଅସନ୍ଦିଗ୍ଧଂ ନିଷ୍କପଟଞ୍ଚ ଭୱତି|
3b03120079	ଶାନ୍ତ୍ୟାଚାରିଭିଃ ଶାନ୍ତ୍ୟା ଧର୍ମ୍ମଫଲଂ ରୋପ୍ୟତେ|
3b04010113	ଯୁଷ୍ମାକଂ ମଧ୍ୟେ ସମରା ରଣଶ୍ଚ କୁତ ଉତ୍ପଦ୍ୟନ୍ତେ? ଯୁଷ୍ମଦଙ୍ଗଶିବିରାଶ୍ରିତାଭ୍ୟଃ ସୁଖେଚ୍ଛାଭ୍ୟଃ କିଂ ନୋତ୍ପଦ୍ୟନ୍ତେ?
3b040201cb	ଯୂଯଂ ୱାଞ୍ଛଥ କିନ୍ତୁ ନାପ୍ନୁଥ, ଯୂଯଂ ନରହତ୍ୟାମ୍ ଈର୍ଷ୍ୟାଞ୍ଚ କୁରୁଥ କିନ୍ତୁ କୃତାର୍ଥା ଭୱିତୁଂ ନ ଶକ୍ନୁଥ, ଯୂଯଂ ଯୁଧ୍ୟଥ ରଣଂ କୁରୁଥ ଚ କିନ୍ତ୍ୱପ୍ରାପ୍ତାସ୍ତିଷ୍ଠଥ, ଯତୋ ହେତୋଃ ପ୍ରାର୍ଥନାଂ ନ କୁରୁଥ|
3b040300e3	ଯୂଯଂ ପ୍ରାର୍ଥଯଧ୍ୱେ କିନ୍ତୁ ନ ଲଭଧ୍ୱେ ଯତୋ ହେତୋଃ ସ୍ୱସୁଖଭୋଗେଷୁ ୱ୍ୟଯାର୍ଥଂ କୁ ପ୍ରାର୍ଥଯଧ୍ୱେ|
3b040401cb	ହେ ୱ୍ୟଭିଚାରିଣୋ ୱ୍ୟଭିଚାରିଣ୍ୟଶ୍ଚ, ସଂସାରସ୍ୟ ଯତ୍ ମୈତ୍ର୍ୟଂ ତଦ୍ ଈଶ୍ୱରସ୍ୟ ଶାତ୍ରୱମିତି ଯୂଯଂ କିଂ ନ ଜାନୀଥ? ଅତ ଏୱ ଯଃ କଶ୍ଚିତ୍ ସଂସାରସ୍ୟ ମିତ୍ରଂ ଭୱିତୁମ୍ ଅଭିଲଷତି ସ ଏୱେଶ୍ୱରସ୍ୟ ଶତ୍ରୁ ର୍ଭୱତି|
3b0405012a	ଯୂଯଂ କିଂ ମନ୍ୟଧ୍ୱେ? ଶାସ୍ତ୍ରସ୍ୟ ୱାକ୍ୟଂ କିଂ ଫଲହୀନଂ ଭୱେତ୍? ଅସ୍ମଦନ୍ତର୍ୱାସୀ ଯ ଆତ୍ମା ସ ୱା କିମ୍ ଈର୍ଷ୍ୟାର୍ଥଂ ପ୍ରେମ କରୋତି?
3b0406017a	ତନ୍ନହି କିନ୍ତୁ ସ ପ୍ରତୁଲଂ ୱରଂ ୱିତରତି ତସ୍ମାଦ୍ ଉକ୍ତମାସ୍ତେ ଯଥା, ଆତ୍ମାଭିମାନଲୋକାନାଂ ୱିପକ୍ଷୋ ଭୱତୀଶ୍ୱରଃ| କିନ୍ତୁ ତେନୈୱ ନମ୍ରେଭ୍ୟଃ ପ୍ରସାଦାଦ୍ ଦୀଯତେ ୱରଃ||
3b040700c2	ଅତଏୱ ଯୂଯମ୍ ଈଶ୍ୱରସ୍ୟ ୱଶ୍ୟା ଭୱତ ଶଯତାନଂ ସଂରୁନ୍ଧ ତେନ ସ ଯୁଷ୍ମତ୍ତଃ ପଲାଯିଷ୍ୟତେ|
3b040801a9	ଈଶ୍ୱରସ୍ୟ ସମୀପୱର୍ତ୍ତିନୋ ଭୱତ ତେନ ସ ଯୁଷ୍ମାକଂ ସମୀପୱର୍ତ୍ତୀ ଭୱିଷ୍ୟତି| ହେ ପାପିନଃ, ଯୂଯଂ ସ୍ୱକରାନ୍ ପରିଷ୍କୁରୁଧ୍ୱଂ| ହେ ଦ୍ୱିମନୋଲୋକାଃ, ଯୂଯଂ ସ୍ୱାନ୍ତଃକରଣାନି ଶୁଚୀନି କୁରୁଧ୍ୱଂ|
3b040900e2	ଯୂଯମ୍ ଉଦ୍ୱିଜଧ୍ୱଂ ଶୋଚତ ୱିଲପତ ଚ, ଯୁଷ୍ମାକଂ ହାସଃ ଶୋକାଯ, ଆନନ୍ଦଶ୍ଚ କାତରତାଯୈ ପରିୱର୍ତ୍ତେତାଂ|
3b040a009b	ପ୍ରଭୋଃ ସମକ୍ଷଂ ନମ୍ରା ଭୱତ ତସ୍ମାତ୍ ସ ଯୁଷ୍ମାନ୍ ଉଚ୍ଚୀକରିଷ୍ୟତି|
3b040b0244	ହେ ଭ୍ରାତରଃ, ଯୂଯଂ ପରସ୍ପରଂ ମା ଦୂଷଯତ| ଯଃ କଶ୍ଚିଦ୍ ଭ୍ରାତରଂ ଦୂଷଯତି ଭ୍ରାତୁ ର୍ୱିଚାରଞ୍ଚ କରୋତି ସ ୱ୍ୟୱସ୍ଥାଂ ଦୂଷଯତି ୱ୍ୟୱସ୍ଥାଯାଶ୍ଚ ୱିଚାରଂ କରୋତି| ତ୍ୱଂ ଯଦି ୱ୍ୟୱସ୍ଥାଯା ୱିଚାରଂ କରୋଷି ତର୍ହି ୱ୍ୟୱସ୍ଥାପାଲଯିତା ନ ଭୱସି କିନ୍ତୁ ୱିଚାରଯିତା ଭୱସି|
3b040c0131	ଅଦ୍ୱିତୀଯୋ ୱ୍ୟୱସ୍ଥାପକୋ ୱିଚାରଯିତା ଚ ସ ଏୱାସ୍ତେ ଯୋ ରକ୍ଷିତୁଂ ନାଶଯିତୁଞ୍ଚ ପାରଯତି| କିନ୍ତୁ କସ୍ତ୍ୱଂ ଯତ୍ ପରସ୍ୟ ୱିଚାରଂ କରୋଷି?
3b040d0162	ଅଦ୍ୟ ଶ୍ୱୋ ୱା ୱଯମ୍ ଅମୁକନଗରଂ ଗତ୍ୱା ତତ୍ର ୱର୍ଷମେକଂ ଯାପଯନ୍ତୋ ୱାଣିଜ୍ୟଂ କରିଷ୍ୟାମଃ ଲାଭଂ ପ୍ରାପ୍ସ୍ୟାମଶ୍ଚେତି କଥାଂ ଭାଷମାଣା ଯୂଯମ୍ ଇଦାନୀଂ ଶୃଣୁତ|
3b040e0148	ଶ୍ୱଃ କିଂ ଘଟିଷ୍ୟତେ ତଦ୍ ଯୂଯଂ ନ ଜାନୀଥ ଯତୋ ଜୀୱନଂ ୱୋ ଭୱେତ୍ କୀଦୃକ୍ ତତ୍ତୁ ବାଷ୍ପସ୍ୱରୂପକଂ, କ୍ଷଣମାତ୍ରଂ ଭୱେଦ୍ ଦୃଶ୍ୟଂ ଲୁପ୍ୟତେ ଚ ତତଃ ପରଂ|
3b040f0122	ତଦନୁକ୍ତ୍ୱା ଯୁଷ୍ମାକମ୍ ଇଦଂ କଥନୀଯଂ ପ୍ରଭୋରିଚ୍ଛାତୋ ୱଯଂ ଯଦି ଜୀୱାମସ୍ତର୍ହ୍ୟେତତ୍ କର୍ମ୍ମ ତତ୍ କର୍ମ୍ମ ୱା କରିଷ୍ୟାମ ଇତି|
3b041000ea	କିନ୍ତ୍ୱିଦାନୀଂ ଯୂଯଂ ଗର୍ୱ୍ୱୱାକ୍ୟୈଃ ଶ୍ଲାଘନଂ କୁରୁଧ୍ୱେ ତାଦୃଶଂ ସର୍ୱ୍ୱଂ ଶ୍ଲାଘନଂ କୁତ୍ସିତମେୱ|
3b041100b9	ଅତୋ ଯଃ କଶ୍ଚିତ୍ ସତ୍କର୍ମ୍ମ କର୍ତ୍ତଂ ୱିଦିତ୍ୱା ତନ୍ନ କରୋତି ତସ୍ୟ ପାପଂ ଜାଯତେ|
3b050100ea	ହେ ଧନୱନ୍ତଃ, ଯୂଯମ୍ ଇଦାନୀଂ ଶୃଣୁତ ଯୁଷ୍ମାଭିରାଗମିଷ୍ୟତ୍କ୍ଲେଶହେତୋଃ କ୍ରନ୍ଦ୍ୟତାଂ ୱିଲପ୍ୟତାଞ୍ଚ|
3b0502007a	ଯୁଷ୍ମାକଂ ଦ୍ରୱିଣଂ ଜୀର୍ଣଂ କୀଟଭୁକ୍ତାଃ ସୁଚେଲକାଃ|
3b050301b2	କନକଂ ରଜତଞ୍ଚାପି ୱିକୃତିଂ ପ୍ରଗମିଷ୍ୟତି, ତତ୍କଲଙ୍କଶ୍ଚ ଯୁଷ୍ମାକଂ ପାପଂ ପ୍ରମାଣଯିଷ୍ୟତି, ହୁତାଶୱଚ୍ଚ ଯୁଷ୍ମାକଂ ପିଶିତଂ ଖାଦଯିଷ୍ୟତି| ଇତ୍ଥମ୍ ଅନ୍ତିମଘସ୍ରେଷୁ ଯୁଷ୍ମାଭିଃ ସଞ୍ଚିତଂ ଧନଂ|
3b050401f0	ପଶ୍ୟତ ଯୈଃ କୃଷୀୱଲୈ ର୍ୟୁଷ୍ମାକଂ ଶସ୍ୟାନି ଛିନ୍ନାନି ତେଭ୍ୟୋ ଯୁଷ୍ମାଭି ର୍ୟଦ୍ ୱେତନଂ ଛିନ୍ନଂ ତଦ୍ ଉଚ୍ଚୈ ର୍ଧ୍ୱନିଂ କରୋତି ତେଷାଂ ଶସ୍ୟଚ୍ଛେଦକାନାମ୍ ଆର୍ତ୍ତରାୱଃ ସେନାପତେଃ ପରମେଶ୍ୱରସ୍ୟ କର୍ଣକୁହରଂ ପ୍ରୱିଷ୍ଟଃ|
3b05050103	ଯୂଯଂ ପୃଥିୱ୍ୟାଂ ସୁଖଭୋଗଂ କାମୁକତାଞ୍ଚାରିତୱନ୍ତଃ, ମହାଭୋଜସ୍ୟ ଦିନ ଇୱ ନିଜାନ୍ତଃକରଣାନି ପରିତର୍ପିତୱନ୍ତଶ୍ଚ|
3b050600f2	ଅପରଞ୍ଚ ଯୁଷ୍ମାଭି ର୍ଧାର୍ମ୍ମିକସ୍ୟ ଦଣ୍ଡାଜ୍ଞା ହତ୍ୟା ଚାକାରି ତଥାପି ସ ଯୁଷ୍ମାନ୍ ନ ପ୍ରତିରୁଦ୍ଧୱାନ୍|
3b050701d9	ହେ ଭ୍ରାତରଃ, ଯୂଯଂ ପ୍ରଭୋରାଗମନଂ ଯାୱଦ୍ ଧୈର୍ୟ୍ୟମାଲମ୍ବଧ୍ୱଂ| ପଶ୍ୟତ କୃଷିୱଲୋ ଭୂମେ ର୍ବହୁମୂଲ୍ୟଂ ଫଲଂ ପ୍ରତୀକ୍ଷମାଣୋ ଯାୱତ୍ ପ୍ରଥମମ୍ ଅନ୍ତିମଞ୍ଚ ୱୃଷ୍ଟିଜଲଂ ନ ପ୍ରାପ୍ନୋତି ତାୱଦ୍ ଧୈର୍ୟ୍ୟମ୍ ଆଲମ୍ବତେ|
3b050800fe	ଯୂଯମପି ଧୈର୍ୟ୍ୟମାଲମ୍ବ୍ୟ ସ୍ୱାନ୍ତଃକରଣାନି ସ୍ଥିରୀକୁରୁତ, ଯତଃ ପ୍ରଭୋରୁପସ୍ଥିତିଃ ସମୀପୱର୍ତ୍ତିନ୍ୟଭୱତ୍|
3b050900fe	ହେ ଭ୍ରାତରଃ, ଯୂଯଂ ଯଦ୍ ଦଣ୍ଡ୍ୟା ନ ଭୱେତ ତଦର୍ଥଂ ପରସ୍ପରଂ ନ ଗ୍ଲାଯତ, ପଶ୍ୟତ ୱିଚାରଯିତା ଦ୍ୱାରସମୀପେ ତିଷ୍ଠତି|
3b050a0132	ହେ ମମ ଭ୍ରାତରଃ, ଯେ ଭୱିଷ୍ୟଦ୍ୱାଦିନଃ ପ୍ରଭୋ ର୍ନାମ୍ନା ଭାଷିତୱନ୍ତସ୍ତାନ୍ ଯୂଯଂ ଦୁଃଖସହନସ୍ୟ ଧୈର୍ୟ୍ୟସ୍ୟ ଚ ଦୃଷ୍ଟାନ୍ତାନ୍ ଜାନୀତ|
3b050b016e	ପଶ୍ୟତ ଧୈର୍ୟ୍ୟଶୀଲା ଅସ୍ମାଭି ର୍ଧନ୍ୟା ଉଚ୍ୟନ୍ତେ| ଆଯୂବୋ ଧୈର୍ୟ୍ୟଂ ଯୁଷ୍ମାଭିରଶ୍ରାୱି ପ୍ରଭୋଃ ପରିଣାମଶ୍ଚାଦର୍ଶି ଯତଃ ପ୍ରଭୁ ର୍ବହୁକୃପଃ ସକରୁଣଶ୍ଚାସ୍ତି|
3b050c01f4	ହେ ଭ୍ରାତରଃ ୱିଶେଷତ ଇଦଂ ୱଦାମି ସ୍ୱର୍ଗସ୍ୟ ୱା ପୃଥିୱ୍ୟା ୱାନ୍ୟୱସ୍ତୁନୋ ନାମ ଗୃହୀତ୍ୱା ଯୁଷ୍ମାଭିଃ କୋଽପି ଶପଥୋ ନ କ୍ରିଯତାଂ, କିନ୍ତୁ ଯଥା ଦଣ୍ଡ୍ୟା ନ ଭୱତ ତଦର୍ଥଂ ଯୁଷ୍ମାକଂ ତଥୈୱ ତନ୍ନହି ଚେତିୱାକ୍ୟଂ ଯଥେଷ୍ଟଂ ଭୱତୁ|
3b050d00e2	ଯୁଷ୍ମାକଂ କଶ୍ଚିଦ୍ ଦୁଃଖୀ ଭୱତି? ସ ପ୍ରାର୍ଥନାଂ କରୋତୁ| କଶ୍ଚିଦ୍ ୱାନନ୍ଦିତୋ ଭୱତି? ସ ଗୀତଂ ଗାଯତୁ|
3b050e0157	ଯୁଷ୍ମାକଂ କଶ୍ଚିତ୍ ପୀଡିତୋ ଽସ୍ତି? ସ ସମିତେଃ ପ୍ରାଚୀନାନ୍ ଆହ୍ୱାତୁ ତେ ଚ ପଭୋ ର୍ନାମ୍ନା ତଂ ତୈଲେନାଭିଷିଚ୍ୟ ତସ୍ୟ କୃତେ ପ୍ରାର୍ଥନାଂ କୁର୍ୱ୍ୱନ୍ତୁ|
3b050f0146	ତସ୍ମାଦ୍ ୱିଶ୍ୱାସଜାତପ୍ରାର୍ଥନଯା ସ ରୋଗୀ ରକ୍ଷାଂ ଯାସ୍ୟତି ପ୍ରଭୁଶ୍ଚ ତମ୍ ଉତ୍ଥାପଯିଷ୍ୟତି ଯଦି ଚ କୃତପାପୋ ଭୱେତ୍ ତର୍ହି ସ ତଂ କ୍ଷମିଷ୍ୟତେ|
3b0510019d	ଯୂଯଂ ପରସ୍ପରମ୍ ଅପରାଧାନ୍ ଅଙ୍ଗୀକୁରୁଧ୍ୱମ୍ ଆରୋଗ୍ୟପ୍ରାପ୍ତ୍ୟର୍ଥଞ୍ଚୈକଜନୋ ଽନ୍ୟସ୍ୟ କୃତେ ପ୍ରାର୍ଥନାଂ କରୋତୁ ଧାର୍ମ୍ମିକସ୍ୟ ସଯତ୍ନା ପ୍ରାର୍ଥନା ବହୁଶକ୍ତିୱିଶିଷ୍ଟା ଭୱତି|
3b0511014e	ଯ ଏଲିଯୋ ୱଯମିୱ ସୁଖଦୁଃଖଭୋଗୀ ମର୍ତ୍ତ୍ୟ ଆସୀତ୍ ସ ପ୍ରାର୍ଥନଯାନାୱୃଷ୍ଟିଂ ଯାଚିତୱାନ୍ ତେନ ଦେଶେ ସାର୍ଦ୍ଧୱତ୍ସରତ୍ରଯଂ ଯାୱଦ୍ ୱୃଷ୍ଟି ର୍ନ ବଭୂୱ|
3b051200f7	ପଶ୍ଚାତ୍ ତେନ ପୁନଃ ପ୍ରାର୍ଥନାଯାଂ କୃତାଯାମ୍ ଆକାଶସ୍ତୋଯାନ୍ୟୱର୍ଷୀତ୍ ପୃଥିୱୀ ଚ ସ୍ୱଫଲାନି ପ୍ରାରୋହଯତ୍|
3b051300d9	ହେ ଭ୍ରାତରଃ, ଯୁଷ୍ମାକଂ କସ୍ମିଂଶ୍ଚିତ୍ ସତ୍ୟମତାଦ୍ ଭ୍ରଷ୍ଟେ ଯଦି କଶ୍ଚିତ୍ ତଂ ପରାୱର୍ତ୍ତଯତି
3b05140136	ତର୍ହି ଯୋ ଜନଃ ପାପିନଂ ୱିପଥଭ୍ରମଣାତ୍ ପରାୱର୍ତ୍ତଯତି ସ ତସ୍ୟାତ୍ମାନଂ ମୃତ୍ୟୁତ ଉଦ୍ଧରିଷ୍ୟତି ବହୁପାପାନ୍ୟାୱରିଷ୍ୟତି ଚେତି ଜାନାତୁ|
3c00000013	୧ ପିତରଃ
3c010100c4	ପନ୍ତ-ଗାଲାତିଯା-କପ୍ପଦକିଯା-ଆଶିଯା-ବିଥୁନିଯାଦେଶେଷୁ ପ୍ରୱାସିନୋ ଯେ ୱିକୀର୍ଣଲୋକାଃ
3c01020244	ପିତୁରୀଶ୍ୱରସ୍ୟ ପୂର୍ୱ୍ୱନିର୍ଣଯାଦ୍ ଆତ୍ମନଃ ପାୱନେନ ଯୀଶୁଖ୍ରୀଷ୍ଟସ୍ୟାଜ୍ଞାଗ୍ରହଣାଯ ଶୋଣିତପ୍ରୋକ୍ଷଣାଯ ଚାଭିରୁଚିତାସ୍ତାନ୍ ପ୍ରତି ଯୀଶୁଖ୍ରୀଷ୍ଟସ୍ୟ ପ୍ରେରିତଃ ପିତରଃ ପତ୍ରଂ ଲିଖତି| ଯୁଷ୍ମାନ୍ ପ୍ରତି ବାହୁଲ୍ୟେନ ଶାନ୍ତିରନୁଗ୍ରହଶ୍ଚ ଭୂଯାସ୍ତାଂ|
3c01030172	ଅସ୍ମାକଂ ପ୍ରଭୋ ର୍ୟୀଶୁଖ୍ରୀଷ୍ଟସ୍ୟ ତାତ ଈଶ୍ୱରୋ ଧନ୍ୟଃ, ଯତଃ ସ ସ୍ୱକୀଯବହୁକୃପାତୋ ମୃତଗଣମଧ୍ୟାଦ୍ ଯୀଶୁଖ୍ରୀଷ୍ଟସ୍ୟୋତ୍ଥାନେନ ଜୀୱନପ୍ରତ୍ୟାଶାର୍ଥମ୍ ଅର୍ଥତୋ
3c01040144	ଽକ୍ଷଯନିଷ୍କଲଙ୍କାମ୍ଲାନସମ୍ପତ୍ତିପ୍ରାପ୍ତ୍ୟର୍ଥମ୍ ଅସ୍ମାନ୍ ପୁନ ର୍ଜନଯାମାସ| ସା ସମ୍ପତ୍ତିଃ ସ୍ୱର୍ଗେ ଽସ୍ମାକଂ କୃତେ ସଞ୍ଚିତା ତିଷ୍ଠତି,
3c010500d2	ଯୂଯଞ୍ଚେଶ୍ୱରସ୍ୟ ଶକ୍ତିତଃ ଶେଷକାଲେ ପ୍ରକାଶ୍ୟପରିତ୍ରାଣାର୍ଥଂ ୱିଶ୍ୱାସେନ ରକ୍ଷ୍ୟଧ୍ୱେ|
3c01060152	ତସ୍ମାଦ୍ ଯୂଯଂ ଯଦ୍ୟପ୍ୟାନନ୍ଦେନ ପ୍ରଫୁଲ୍ଲା ଭୱଥ ତଥାପି ସାମ୍ପ୍ରତଂ ପ୍ରଯୋଜନହେତୋଃ କିଯତ୍କାଲପର୍ୟ୍ୟନ୍ତଂ ନାନାୱିଧପରୀକ୍ଷାଭିଃ କ୍ଲିଶ୍ୟଧ୍ୱେ|
3c010701fe	ଯତୋ ୱହ୍ନିନା ଯସ୍ୟ ପରୀକ୍ଷା ଭୱତି ତସ୍ମାତ୍ ନଶ୍ୱରସୁୱର୍ଣାଦପି ବହୁମୂଲ୍ୟଂ ଯୁଷ୍ମାକଂ ୱିଶ୍ୱାସରୂପଂ ଯତ୍ ପରୀକ୍ଷିତଂ ସ୍ୱର୍ଣଂ ତେନ ଯୀଶୁଖ୍ରୀଷ୍ଟସ୍ୟାଗମନସମଯେ ପ୍ରଶଂସାଯାଃ ସମାଦରସ୍ୟ ଗୌରୱସ୍ୟ ଚ ଯୋଗ୍ୟତା ପ୍ରାପ୍ତୱ୍ୟା|
3c01080194	ଯୂଯଂ ତଂ ଖ୍ରୀଷ୍ଟମ୍ ଅଦୃଷ୍ଟ୍ୱାପି ତସ୍ମିନ୍ ପ୍ରୀଯଧ୍ୱେ ସାମ୍ପ୍ରତଂ ତଂ ନ ପଶ୍ୟନ୍ତୋଽପି ତସ୍ମିନ୍ ୱିଶ୍ୱସନ୍ତୋ ଽନିର୍ୱ୍ୱଚନୀଯେନ ପ୍ରଭାୱଯୁକ୍ତେନ ଚାନନ୍ଦେନ ପ୍ରଫୁଲ୍ଲା ଭୱଥ,
3c01090093	ସ୍ୱୱିଶ୍ୱାସସ୍ୟ ପରିଣାମରୂପମ୍ ଆତ୍ମନାଂ ପରିତ୍ରାଣଂ ଲଭଧ୍ୱେ ଚ|
3c010a0171	ଯୁଷ୍ମାସୁ ଯୋ ଽନୁଗ୍ରହୋ ୱର୍ତ୍ତତେ ତଦ୍ୱିଷଯେ ଯ ଈଶ୍ୱରୀଯୱାକ୍ୟଂ କଥିତୱନ୍ତସ୍ତେ ଭୱିଷ୍ୟଦ୍ୱାଦିନସ୍ତସ୍ୟ ପରିତ୍ରାଣସ୍ୟାନ୍ୱେଷଣମ୍ ଅନୁସନ୍ଧାନଞ୍ଚ କୃତୱନ୍ତଃ|
3c010b01e4	ୱିଶେଷତସ୍ତେଷାମନ୍ତର୍ୱ୍ୱାସୀ ଯଃ ଖ୍ରୀଷ୍ଟସ୍ୟାତ୍ମା ଖ୍ରୀଷ୍ଟେ ୱର୍ତ୍ତିଷ୍ୟମାଣାନି ଦୁଃଖାନି ତଦନୁଗାମିପ୍ରଭାୱଞ୍ଚ ପୂର୍ୱ୍ୱଂ ପ୍ରାକାଶଯତ୍ ତେନ କଃ କୀଦୃଶୋ ୱା ସମଯୋ ନିରଦିଶ୍ୟତୈତସ୍ୟାନୁସନ୍ଧାନଂ କୃତୱନ୍ତଃ|
3c010c02ee	ତତସ୍ତୈ ର୍ୱିଷଯୈସ୍ତେ ଯନ୍ନ ସ୍ୱାନ୍ କିନ୍ତ୍ୱସ୍ମାନ୍ ଉପକୁର୍ୱ୍ୱନ୍ତ୍ୟେତତ୍ ତେଷାଂ ନିକଟେ ପ୍ରାକାଶ୍ୟତ| ଯାଂଶ୍ଚ ତାନ୍ ୱିଷଯାନ୍ ଦିୱ୍ୟଦୂତା ଅପ୍ୟୱନତଶିରସୋ ନିରୀକ୍ଷିତୁମ୍ ଅଭିଲଷନ୍ତି ତେ ୱିଷଯାଃ ସାମ୍ପ୍ରତଂ ସ୍ୱର୍ଗାତ୍ ପ୍ରେଷିତସ୍ୟ ପୱିତ୍ରସ୍ୟାତ୍ମନଃ ସହାଯ୍ୟାଦ୍ ଯୁଷ୍ମତ୍ସମୀପେ ସୁସଂୱାଦପ୍ରଚାରଯିତୃଭିଃ ପ୍ରାକାଶ୍ୟନ୍ତ|
3c010d0181	ଅତଏୱ ଯୂଯଂ ମନଃକଟିବନ୍ଧନଂ କୃତ୍ୱା ପ୍ରବୁଦ୍ଧାଃ ସନ୍ତୋ ଯୀଶୁଖ୍ରୀଷ୍ଟସ୍ୟ ପ୍ରକାଶସମଯେ ଯୁଷ୍ମାସୁ ୱର୍ତ୍ତିଷ୍ୟମାନସ୍ୟାନୁଗ୍ରହସ୍ୟ ସମ୍ପୂର୍ଣାଂ ପ୍ରତ୍ୟାଶାଂ କୁରୁତ|
3c010e0139	ଅପରଂ ପୂର୍ୱ୍ୱୀଯାଜ୍ଞାନତାୱସ୍ଥାଯାଃ କୁତ୍ସିତାଭିଲାଷାଣାଂ ଯୋଗ୍ୟମ୍ ଆଚାରଂ ନ କୁର୍ୱ୍ୱନ୍ତୋ ଯୁଷ୍ମଦାହ୍ୱାନକାରୀ ଯଥା ପୱିତ୍ରୋ ଽସ୍ତି
3c010f00bb	ଯୂଯମପ୍ୟାଜ୍ଞାଗ୍ରାହିସନ୍ତାନା ଇୱ ସର୍ୱ୍ୱସ୍ମିନ୍ ଆଚାରେ ତାଦୃକ୍ ପୱିତ୍ରା ଭୱତ|
3c0110009b	ଯତୋ ଲିଖିତମ୍ ଆସ୍ତେ, ଯୂଯଂ ପୱିତ୍ରାସ୍ତିଷ୍ଠତ ଯସ୍ମାଦହଂ ପୱିତ୍ରଃ|
3c01110194	ଅପରଞ୍ଚ ଯୋ ୱିନାପକ୍ଷପାତମ୍ ଏକୈକମାନୁଷସ୍ୟ କର୍ମ୍ମାନୁସାରାଦ୍ ୱିଚାରଂ କରୋତି ସ ଯଦି ଯୁଷ୍ମାଭିସ୍ତାତ ଆଖ୍ୟାଯତେ ତର୍ହି ସ୍ୱପ୍ରୱାସସ୍ୟ କାଲୋ ଯୁଷ୍ମାଭି ର୍ଭୀତ୍ୟା ଯାପ୍ୟତାଂ|
3c011200d0	ଯୂଯଂ ନିରର୍ଥକାତ୍ ପୈତୃକାଚାରାତ୍ କ୍ଷଯଣୀଯୈ ରୂପ୍ୟସୁୱର୍ଣାଦିଭି ର୍ମୁକ୍ତିଂ ନ ପ୍ରାପ୍ୟ
3c011300fe	ନିଷ୍କଲଙ୍କନିର୍ମ୍ମଲମେଷଶାୱକସ୍ୟେୱ ଖ୍ରୀଷ୍ଟସ୍ୟ ବହୁମୂଲ୍ୟେନ ରୁଧିରେଣ ମୁକ୍ତିଂ ପ୍ରାପ୍ତୱନ୍ତ ଇତି ଜାନୀଥ|
3c011400f4	ସ ଜଗତୋ ଭିତ୍ତିମୂଲସ୍ଥାପନାତ୍ ପୂର୍ୱ୍ୱଂ ନିଯୁକ୍ତଃ କିନ୍ତୁ ଚରମଦିନେଷୁ ଯୁଷ୍ମଦର୍ଥଂ ପ୍ରକାଶିତୋ ଽଭୱତ୍|
3c01150148	ଯତସ୍ତେନୈୱ ମୃତଗଣାତ୍ ତସ୍ୟୋତ୍ଥାପଯିତରି ତସ୍ମୈ ଗୌରୱଦାତରି ଚେଶ୍ୱରେ ୱିଶ୍ୱସିଥ ତସ୍ମାଦ୍ ଈଶ୍ୱରେ ଯୁଷ୍ମାକଂ ୱିଶ୍ୱାସଃ ପ୍ରତ୍ୟାଶା ଚାସ୍ତେ|
3c0116015f	ଯୂଯମ୍ ଆତ୍ମନା ସତ୍ୟମତସ୍ୟାଜ୍ଞାଗ୍ରହଣଦ୍ୱାରା ନିଷ୍କପଟାଯ ଭ୍ରାତୃପ୍ରେମ୍ନେ ପାୱିତମନସୋ ଭୂତ୍ୱା ନିର୍ମ୍ମଲାନ୍ତଃକରଣୈଃ ପରସ୍ପରଂ ଗାଢଂ ପ୍ରେମ କୁରୁତ|
3c0117015b	ଯସ୍ମାଦ୍ ଯୂଯଂ କ୍ଷଯଣୀଯୱୀର୍ୟ୍ୟାତ୍ ନହି କିନ୍ତ୍ୱକ୍ଷଯଣୀଯୱୀର୍ୟ୍ୟାଦ୍ ଈଶ୍ୱରସ୍ୟ ଜୀୱନଦାଯକେନ ନିତ୍ୟସ୍ଥାଯିନା ୱାକ୍ୟେନ ପୁନର୍ଜନ୍ମ ଗୃହୀତୱନ୍ତଃ|
3c011800ef	ସର୍ୱ୍ୱପ୍ରାଣୀ ତୃଣୈସ୍ତୁଲ୍ୟସ୍ତତ୍ତେଜସ୍ତୃଣପୁଷ୍ପୱତ୍| ତୃଣାନି ପରିଶୁଷ୍ୟତି ପୁଷ୍ପାଣି ନିପତନ୍ତି ଚ|
3c01190102	କିନ୍ତୁ ୱାକ୍ୟଂ ପରେଶସ୍ୟାନନ୍ତକାଲଂ ୱିତିଷ୍ଠତେ| ତଦେୱ ଚ ୱାକ୍ୟଂ ସୁସଂୱାଦେନ ଯୁଷ୍ମାକମ୍ ଅନ୍ତିକେ ପ୍ରକାଶିତଂ|
3c020100e7	ସର୍ୱ୍ୱାନ୍ ଦ୍ୱେଷାନ୍ ସର୍ୱ୍ୱାଂଶ୍ଚ ଛଲାନ୍ କାପଟ୍ୟାନୀର୍ଷ୍ୟାଃ ସମସ୍ତଗ୍ଲାନିକଥାଶ୍ଚ ଦୂରୀକୃତ୍ୟ
3c020200f4	ଯୁଷ୍ମାଭିଃ ପରିତ୍ରାଣାଯ ୱୃଦ୍ଧିପ୍ରାପ୍ତ୍ୟର୍ଥଂ ନୱଜାତଶିଶୁଭିରିୱ ପ୍ରକୃତଂ ୱାଗ୍ଦୁଗ୍ଧଂ ପିପାସ୍ୟତାଂ|
3c02030084	ଯତଃ ପ୍ରଭୁ ର୍ମଧୁର ଏତସ୍ୟାସ୍ୱାଦଂ ଯୂଯଂ ପ୍ରାପ୍ତୱନ୍ତଃ|
3c02040128	ଅପରଂ ମାନୁଷୈରୱଜ୍ଞାତସ୍ୟ କିନ୍ତ୍ୱୀଶ୍ୱରେଣାଭିରୁଚିତସ୍ୟ ବହୁମୂଲ୍ୟସ୍ୟ ଜୀୱତ୍ପ୍ରସ୍ତରସ୍ୟେୱ ତସ୍ୟ ପ୍ରଭୋଃ ସନ୍ନିଧିମ୍ ଆଗତା
3c0205015d	ଯୂଯମପି ଜୀୱତ୍ପ୍ରସ୍ତରା ଇୱ ନିଚୀଯମାନା ଆତ୍ମିକମନ୍ଦିରଂ ଖ୍ରୀଷ୍ଟେନ ଯୀଶୁନା ଚେଶ୍ୱରତୋଷକାଣାମ୍ ଆତ୍ମିକବଲୀନାଂ ଦାନାର୍ଥଂ ପୱିତ୍ରୋ ଯାଜକୱର୍ଗୋ ଭୱଥ|
3c020601ab	ଯତଃ ଶାସ୍ତ୍ରେ ଲିଖିତମାସ୍ତେ, ଯଥା, ପଶ୍ୟ ପାଷାଣ ଏକୋ ଽସ୍ତି ସୀଯୋନି ସ୍ଥାପିତୋ ମଯା| ମୁଖ୍ୟକୋଣସ୍ୟ ଯୋଗ୍ୟଃ ସ ୱୃତଶ୍ଚାତୀୱ ମୂଲ୍ୟୱାନ୍| ଯୋ ଜନୋ ୱିଶ୍ୱସେତ୍ ତସ୍ମିନ୍ ସ ଲଜ୍ଜାଂ ନ ଗମିଷ୍ୟତି|
3c020701ba	ୱିଶ୍ୱାସିନାଂ ଯୁଷ୍ମାକମେୱ ସମୀପେ ସ ମୂଲ୍ୟୱାନ୍ ଭୱତି କିନ୍ତ୍ୱୱିଶ୍ୱାସିନାଂ କୃତେ ନିଚେତୃଭିରୱଜ୍ଞାତଃ ସ ପାଷାଣଃ କୋଣସ୍ୟ ଭିତ୍ତିମୂଲଂ ଭୂତ୍ୱା ବାଧାଜନକଃ ପାଷାଣଃ ସ୍ଖଲନକାରକଶ୍ଚ ଶୈଲୋ ଜାତଃ|
3c0208009e	ତେ ଚାୱିଶ୍ୱାସାଦ୍ ୱାକ୍ୟେନ ସ୍ଖଲନ୍ତି ସ୍ଖଲନେ ଚ ନିଯୁକ୍ତାଃ ସନ୍ତି|
3c020901d1	କିନ୍ତୁ ଯୂଯଂ ଯେନାନ୍ଧକାରମଧ୍ୟାତ୍ ସ୍ୱକୀଯାଶ୍ଚର୍ୟ୍ୟଦୀପ୍ତିମଧ୍ୟମ୍ ଆହୂତାସ୍ତସ୍ୟ ଗୁଣାନ୍ ପ୍ରକାଶଯିତୁମ୍ ଅଭିରୁଚିତୋ ୱଂଶୋ ରାଜକୀଯୋ ଯାଜକୱର୍ଗଃ ପୱିତ୍ରା ଜାତିରଧିକର୍ତ୍ତୱ୍ୟାଃ ପ୍ରଜାଶ୍ଚ ଜାତାଃ|
3c020a015d	ପୂର୍ୱ୍ୱଂ ଯୂଯଂ ତସ୍ୟ ପ୍ରଜା ନାଭୱତ କିନ୍ତ୍ୱିଦାନୀମ୍ ଈଶ୍ୱରସ୍ୟ ପ୍ରଜା ଆଧ୍ୱେ| ପୂର୍ୱ୍ୱମ୍ ଅନନୁକମ୍ପିତା ଅଭୱତ କିନ୍ତ୍ୱିଦାନୀମ୍ ଅନୁକମ୍ପିତା ଆଧ୍ୱେ|
3c020b0159	ହେ ପ୍ରିଯତମାଃ, ଯୂଯଂ ପ୍ରୱାସିନୋ ୱିଦେଶିନଶ୍ଚ ଲୋକା ଇୱ ମନସଃ ପ୍ରାତିକୂଲ୍ୟେନ ଯୋଧିଭ୍ୟଃ ଶାରୀରିକସୁଖାଭିଲାଷେଭ୍ୟୋ ନିୱର୍ତ୍ତଧ୍ୱମ୍ ଇତ୍ୟହଂ ୱିନଯେ|
3c020c01f0	ଦେୱପୂଜକାନାଂ ମଧ୍ୟେ ଯୁଷ୍ମାକମ୍ ଆଚାର ଏୱମ୍ ଉତ୍ତମୋ ଭୱତୁ ଯଥା ତେ ଯୁଷ୍ମାନ୍ ଦୁଷ୍କର୍ମ୍ମକାରିଲୋକାନିୱ ପୁନ ର୍ନ ନିନ୍ଦନ୍ତଃ କୃପାଦୃଷ୍ଟିଦିନେ ସ୍ୱଚକ୍ଷୁର୍ଗୋଚରୀଯସତ୍କ୍ରିଯାଭ୍ୟ ଈଶ୍ୱରସ୍ୟ ପ୍ରଶଂସାଂ କୁର୍ୟ୍ୟୁଃ|
3c020d0111	ତତୋ ହେତୋ ର୍ୟୂଯଂ ପ୍ରଭୋରନୁରୋଧାତ୍ ମାନୱସୃଷ୍ଟାନାଂ କର୍ତୃତ୍ୱପଦାନାଂ ୱଶୀଭୱତ ୱିଶେଷତୋ ଭୂପାଲସ୍ୟ ଯତଃ ସ ଶ୍ରେଷ୍ଠଃ,
3c020e011c	ଦେଶାଧ୍ୟକ୍ଷାଣାଞ୍ଚ ଯତସ୍ତେ ଦୁଷ୍କର୍ମ୍ମକାରିଣାଂ ଦଣ୍ଡଦାନାର୍ଥଂ ସତ୍କର୍ମ୍ମକାରିଣାଂ ପ୍ରଶଂସାର୍ଥଞ୍ଚ ତେନ ପ୍ରେରିତାଃ|
3c020f011a	ଇତ୍ଥଂ ନିର୍ବ୍ବୋଧମାନୁଷାଣାମ୍ ଅଜ୍ଞାନତ୍ୱଂ ଯତ୍ ସଦାଚାରିଭି ର୍ୟୁଷ୍ମାଭି ର୍ନିରୁତ୍ତରୀକ୍ରିଯତେ ତଦ୍ ଈଶ୍ୱରସ୍ୟାଭିମତଂ|
3c0210010f	ଯୂଯଂ ସ୍ୱାଧୀନା ଇୱାଚରତ ତଥାପି ଦୁଷ୍ଟତାଯା ୱେଷସ୍ୱରୂପାଂ ସ୍ୱାଧୀନତାଂ ଧାରଯନ୍ତ ଇୱ ନହି କିନ୍ତ୍ୱୀଶ୍ୱରସ୍ୟ ଦାସା ଇୱ|
3c021100e0	ସର୍ୱ୍ୱାନ୍ ସମାଦ୍ରିଯଧ୍ୱଂ ଭ୍ରାତୃୱର୍ଗେ ପ୍ରୀଯଧ୍ୱମ୍ ଈଶ୍ୱରାଦ୍ ବିଭୀତ ଭୂପାଲଂ ସମ୍ମନ୍ୟଧ୍ୱଂ|
3c02120102	ହେ ଦାସାଃ ଯୂଯଂ ସମ୍ପୂର୍ଣାଦରେଣ ପ୍ରଭୂନାଂ ୱଶ୍ୟା ଭୱତ କେୱଲଂ ଭଦ୍ରାଣାଂ ଦଯାଲୂନାଞ୍ଚ ନହି କିନ୍ତ୍ୱନୃଜୂନାମପି|
3c021300ad	ଯତୋ ଽନ୍ୟାଯେନ ଦୁଃଖଭୋଗକାଲ ଈଶ୍ୱରଚିନ୍ତଯା ଯତ୍ କ୍ଲେଶସହନଂ ତଦେୱ ପ୍ରିଯଂ|
3c0214012f	ପାପଂ କୃତ୍ୱା ଯୁଷ୍ମାକଂ ଚପେଟାଘାତସହନେନ କା ପ୍ରଶଂସା? କିନ୍ତୁ ସଦାଚାରଂ କୃତ୍ୱା ଯୁଷ୍ମାକଂ ଯଦ୍ ଦୁଃଖସହନଂ ତଦେୱେଶ୍ୱରସ୍ୟ ପ୍ରିଯଂ|
3c0215016c	ତଦର୍ଥମେୱ ଯୂଯମ୍ ଆହୂତା ଯତଃ ଖ୍ରୀଷ୍ଟୋଽପି ଯୁଷ୍ମନ୍ନିମିତ୍ତଂ ଦୁଃଖଂ ଭୁକ୍ତ୍ୱା ଯୂଯଂ ଯତ୍ ତସ୍ୟ ପଦଚିହ୍ନୈ ର୍ୱ୍ରଜେତ ତଦର୍ଥଂ ଦୃଷ୍ଟାନ୍ତମେକଂ ଦର୍ଶିତୱାନ୍|
3c0216008f	ସ କିମପି ପାପଂ ନ କୃତୱାନ୍ ତସ୍ୟ ୱଦନେ କାପି ଛଲସ୍ୟ କଥା ନାସୀତ୍|
3c02170149	ନିନ୍ଦିତୋ ଽପି ସନ୍ ସ ପ୍ରତିନିନ୍ଦାଂ ନ କୃତୱାନ୍ ଦୁଃଖଂ ସହମାନୋ ଽପି ନ ଭର୍ତ୍ସିତୱାନ୍ କିନ୍ତୁ ଯଥାର୍ଥୱିଚାରଯିତୁଃ ସମୀପେ ସ୍ୱଂ ସମର୍ପିତୱାନ୍|
3c02180151	ୱଯଂ ଯତ୍ ପାପେଭ୍ୟୋ ନିୱୃତ୍ୟ ଧର୍ମ୍ମାର୍ଥଂ ଜୀୱାମସ୍ତଦର୍ଥଂ ସ ସ୍ୱଶରୀରେଣାସ୍ମାକଂ ପାପାନି କ୍ରୁଶ ଊଢୱାନ୍ ତସ୍ୟ ପ୍ରହାରୈ ର୍ୟୂଯଂ ସ୍ୱସ୍ଥା ଅଭୱତ|
3c0219013e	ଯତଃ ପୂର୍ୱ୍ୱଂ ଯୂଯଂ ଭ୍ରମଣକାରିମେଷା ଇୱାଧ୍ୱଂ କିନ୍ତ୍ୱଧୁନା ଯୁଷ୍ମାକମ୍ ଆତ୍ମନାଂ ପାଲକସ୍ୟାଧ୍ୟକ୍ଷସ୍ୟ ଚ ସମୀପଂ ପ୍ରତ୍ୟାୱର୍ତ୍ତିତାଃ|
3c030100f3	ହେ ଯୋଷିତଃ, ଯୂଯମପି ନିଜସ୍ୱାମିନାଂ ୱଶ୍ୟା ଭୱତ ତଥା ସତି ଯଦି କେଚିଦ୍ ୱାକ୍ୟେ ୱିଶ୍ୱାସିନୋ ନ ସନ୍ତି ତର୍ହି
3c03020119	ତେ ୱିନାୱାକ୍ୟଂ ଯୋଷିତାମ୍ ଆଚାରେଣାର୍ଥତସ୍ତେଷାଂ ପ୍ରତ୍ୟକ୍ଷେଣ ଯୁଷ୍ମାକଂ ସଭଯସତୀତ୍ୱାଚାରେଣାକ୍ରଷ୍ଟୁଂ ଶକ୍ଷ୍ୟନ୍ତେ|
3c030300db	ଅପରଂ କେଶରଚନଯା ସ୍ୱର୍ଣାଲଙ୍କାରଧାରଣୋନ ପରିଚ୍ଛଦପରିଧାନେନ ୱା ଯୁଷ୍ମାକଂ ୱାହ୍ୟଭୂଷା ନ ଭୱତୁ,
3c030400f7	କିନ୍ତ୍ୱୀଶ୍ୱରସ୍ୟ ସାକ୍ଷାଦ୍ ବହୁମୂଲ୍ୟକ୍ଷମାଶାନ୍ତିଭାୱାକ୍ଷଯରତ୍ନେନ ଯୁକ୍ତୋ ଗୁପ୍ତ ଆନ୍ତରିକମାନୱ ଏୱ|
3c0305014c	ଯତଃ ପୂର୍ୱ୍ୱକାଲେ ଯାଃ ପୱିତ୍ରସ୍ତ୍ରିଯ ଈଶ୍ୱରେ ପ୍ରତ୍ୟାଶାମକୁର୍ୱ୍ୱନ୍ ତା ଅପି ତାଦୃଶୀମେୱ ଭୂଷାଂ ଧାରଯନ୍ତ୍ୟୋ ନିଜସ୍ୱାମିନାଂ ୱଶ୍ୟା ଅଭୱନ୍|
3c03060149	ତଥୈୱ ସାରା ଇବ୍ରାହୀମୋ ୱଶ୍ୟା ସତୀ ତଂ ପତିମାଖ୍ୟାତୱତୀ ଯୂଯଞ୍ଚ ଯଦି ସଦାଚାରିଣ୍ୟୋ ଭୱଥ ୱ୍ୟାକୁଲତଯା ଚ ଭୀତା ନ ଭୱଥ ତର୍ହି ତସ୍ୟାଃ କନ୍ୟା ଆଧ୍ୱେ|
3c030701b4	ହେ ପୁରୁଷାଃ, ଯୂଯଂ ଜ୍ଞାନତୋ ଦୁର୍ବ୍ବଲତରଭାଜନୈରିୱ ଯୋଷିଦ୍ଭିଃ ସହୱାସଂ କୁରୁତ, ଏକସ୍ୟ ଜୀୱନୱରସ୍ୟ ସହଭାଗିନୀଭ୍ୟତାଭ୍ୟଃ ସମାଦରଂ ୱିତରତ ଚ ନ ଚେଦ୍ ଯୁଷ୍ମାକଂ ପ୍ରାର୍ଥନାନାଂ ବାଧା ଜନିଷ୍ୟତେ|
3c030800f1	ୱିଶେଷତୋ ଯୂଯଂ ସର୍ୱ୍ୱ ଏକମନସଃ ପରଦୁଃଖୈ ର୍ଦୁଃଖିତା ଭ୍ରାତୃପ୍ରମିଣଃ କୃପାୱନ୍ତଃ ପ୍ରୀତିଭାୱାଶ୍ଚ ଭୱତ|
3c03090154	ଅନିଷ୍ଟସ୍ୟ ପରିଶୋଧେନାନିଷ୍ଟଂ ନିନ୍ଦାଯା ୱା ପରିଶୋଧେନ ନିନ୍ଦାଂ ନ କୁର୍ୱ୍ୱନ୍ତ ଆଶିଷଂ ଦତ୍ତ ଯତୋ ଯୂଯମ୍ ଆଶିରଧିକାରିଣୋ ଭୱିତୁମାହୂତା ଇତି ଜାନୀଥ|
3c030a010a	ଅପରଞ୍ଚ, ଜୀୱନେ ପ୍ରୀଯମାଣୋ ଯଃ ସୁଦିନାନି ଦିଦୃକ୍ଷତେ| ପାପାତ୍ ଜିହ୍ୱାଂ ମୃଷାୱାକ୍ୟାତ୍ ସ୍ୱାଧରୌ ସ ନିୱର୍ତ୍ତଯେତ୍|
3c030b00e8	ସ ତ୍ୟଜେଦ୍ ଦୁଷ୍ଟତାମାର୍ଗଂ ସତ୍କ୍ରିଯାଞ୍ଚ ସମାଚରେତ୍| ମୃଗଯାଣଶ୍ଚ ଶାନ୍ତିଂ ସ ନିତ୍ୟମେୱାନୁଧାୱତୁ|
3c030c0169	ଲୋଚନେ ପରମେଶସ୍ୟୋନ୍ମୀଲିତେ ଧାର୍ମ୍ମିକାନ୍ ପ୍ରତି| ପ୍ରାର୍ଥନାଯାଃ କୃତେ ତେଷାଃ ତଚ୍ଛ୍ରୋତ୍ରେ ସୁଗମେ ସଦା| କ୍ରୋଧାସ୍ୟଞ୍ଚ ପରେଶସ୍ୟ କଦାଚାରିଷୁ ୱର୍ତ୍ତତେ|
3c030d00b4	ଅପରଂ ଯଦି ଯୂଯମ୍ ଉତ୍ତମସ୍ୟାନୁଗାମିନୋ ଭୱଥ ତର୍ହି କୋ ଯୁଷ୍ମାନ୍ ହିଂସିଷ୍ୟତେ?
3c030e00f4	ଯଦି ଚ ଧର୍ମ୍ମାର୍ଥଂ କ୍ଲିଶ୍ୟଧ୍ୱଂ ତର୍ହି ଧନ୍ୟା ଭୱିଷ୍ୟଥ| ତେଷାମ୍ ଆଶଙ୍କଯା ଯୂଯଂ ନ ବିଭୀତ ନ ୱିଙ୍କ୍ତ ୱା|
3c030f01bd	ମନୋଭିଃ କିନ୍ତୁ ମନ୍ୟଧ୍ୱଂ ପୱିତ୍ରଂ ପ୍ରଭୁମୀଶ୍ୱରଂ| ଅପରଞ୍ଚ ଯୁଷ୍ମାକମ୍ ଆନ୍ତରିକପ୍ରତ୍ୟାଶାଯାସ୍ତତ୍ତ୍ୱଂ ଯଃ କଶ୍ଚିତ୍ ପୃଚ୍ଛତି ତସ୍ମୈ ଶାନ୍ତିଭୀତିଭ୍ୟାମ୍ ଉତ୍ତରଂ ଦାତୁଂ ସଦା ସୁସଜ୍ଜା ଭୱତ|
3c03100188	ଯେ ଚ ଖ୍ରୀଷ୍ଟଧର୍ମ୍ମେ ଯୁଷ୍ମାକଂ ସଦାଚାରଂ ଦୂଷଯନ୍ତି ତେ ଦୁଷ୍କର୍ମ୍ମକାରିଣାମିୱ ଯୁଷ୍ମାକମ୍ ଅପୱାଦେନ ଯତ୍ ଲଜ୍ଜିତା ଭୱେଯୁସ୍ତଦର୍ଥଂ ଯୁଷ୍ମାକମ୍ ଉତ୍ତମଃ ସଂୱେଦୋ ଭୱତୁ|
3c031100fe	ଈଶ୍ୱରସ୍ୟାଭିମତାଦ୍ ଯଦି ଯୁଷ୍ମାଭିଃ କ୍ଲେଶଃ ସୋଢୱ୍ୟସ୍ତର୍ହି ସଦାଚାରିଭିଃ କ୍ଲେଶସହନଂ ୱରଂ ନ ଚ କଦାଚାରିଭିଃ|
3c0312020f	ଯସ୍ମାଦ୍ ଈଶ୍ୱରସ୍ୟ ସନ୍ନିଧିମ୍ ଅସ୍ମାନ୍ ଆନେତୁମ୍ ଅଧାର୍ମ୍ମିକାଣାଂ ୱିନିମଯେନ ଧାର୍ମ୍ମିକଃ ଖ୍ରୀଷ୍ଟୋ ଽପ୍ୟେକକୃତ୍ୱଃ ପାପାନାଂ ଦଣ୍ଡଂ ଭୁକ୍ତୱାନ୍, ସ ଚ ଶରୀରସମ୍ବନ୍ଧେ ମାରିତଃ କିନ୍ତ୍ୱାତ୍ମନଃ ସମ୍ବନ୍ଧେ ପୁନ ର୍ଜୀୱିତୋ ଽଭୱତ୍|
3c031300cd	ତତ୍ସମ୍ବନ୍ଧେ ଚ ସ ଯାତ୍ରାଂ ୱିଧାଯ କାରାବଦ୍ଧାନାମ୍ ଆତ୍ମନାଂ ସମୀପେ ୱାକ୍ୟଂ ଘୋଷିତୱାନ୍|
3c031401c6	ପୁରା ନୋହସ୍ୟ ସମଯେ ଯାୱତ୍ ପୋତୋ ନିରମୀଯତ ତାୱଦ୍ ଈଶ୍ୱରସ୍ୟ ଦୀର୍ଘସହିଷ୍ଣୁତା ଯଦା ୱ୍ୟଲମ୍ବତ ତଦା ତେଽନାଜ୍ଞାଗ୍ରାହିଣୋଽଭୱନ୍| ତେନ ପୋତୋନାଲ୍ପେଽର୍ଥାଦ୍ ଅଷ୍ଟାୱେୱ ପ୍ରାଣିନସ୍ତୋଯମ୍ ଉତ୍ତୀର୍ଣାଃ|
3c031501bd	ତନ୍ନିଦର୍ଶନଞ୍ଚାୱଗାହନଂ (ଅର୍ଥତଃ ଶାରୀରିକମଲିନତାଯା ଯସ୍ତ୍ୟାଗଃ ସ ନହି କିନ୍ତ୍ୱୀଶ୍ୱରାଯୋତ୍ତମସଂୱେଦସ୍ୟ ଯା ପ୍ରତଜ୍ଞା ସୈୱ) ଯୀଶୁଖ୍ରୀଷ୍ଟସ୍ୟ ପୁନରୁତ୍ଥାନେନେଦାନୀମ୍ ଅସ୍ମାନ୍ ଉତ୍ତାରଯତି,
3c031600f4	ଯତଃ ସ ସ୍ୱର୍ଗଂ ଗତ୍ୱେଶ୍ୱରସ୍ୟ ଦକ୍ଷିଣେ ୱିଦ୍ୟତେ ସ୍ୱର୍ଗୀଯଦୂତାଃ ଶାସକା ବଲାନି ଚ ତସ୍ୟ ୱଶୀଭୂତା ଅଭୱନ୍|
3c04010131	ଅସ୍ମାକଂ ୱିନିମଯେନ ଖ୍ରୀଷ୍ଟଃ ଶରୀରସମ୍ବନ୍ଧେ ଦଣ୍ଡଂ ଭୁକ୍ତୱାନ୍ ଅତୋ ହେତୋଃ ଶରୀରସମ୍ବନ୍ଧେ ଯୋ ଦଣ୍ଡଂ ଭୁକ୍ତୱାନ୍ ସ ପାପାତ୍ ମୁକ୍ତ
3c04020154	ଇତିଭାୱେନ ଯୂଯମପି ସୁସଜ୍ଜୀଭୂଯ ଦେହୱାସସ୍ୟାୱଶିଷ୍ଟଂ ସମଯଂ ପୁନର୍ମାନୱାନାମ୍ ଇଚ୍ଛାସାଧନାର୍ଥଂ ନହି କିନ୍ତ୍ୱୀଶ୍ୱରସ୍ୟେଚ୍ଛାସାଧନାର୍ଥଂ ଯାପଯତ|
3c04030197	ଆଯୁଷୋ ଯଃ ସମଯୋ ୱ୍ୟତୀତସ୍ତସ୍ମିନ୍ ଯୁଷ୍ମାଭି ର୍ୟଦ୍ ଦେୱପୂଜକାନାମ୍ ଇଚ୍ଛାସାଧନଂ କାମକୁତ୍ସିତାଭିଲାଷମଦ୍ୟପାନରଙ୍ଗରସମତ୍ତତାଘୃଣାର୍ହଦେୱପୂଜାଚରଣଞ୍ଚାକାରି ତେନ ବାହୁଲ୍ୟଂ|
3c04040110	ଯୂଯଂ ତୈଃ ସହ ତସ୍ମିନ୍ ସର୍ୱ୍ୱନାଶପଙ୍କେ ମଜ୍ଜିତୁଂ ନ ଧାୱଥ, ଇତ୍ୟନେନାଶ୍ଚର୍ୟ୍ୟଂ ୱିଜ୍ଞାଯ ତେ ଯୁଷ୍ମାନ୍ ନିନ୍ଦନ୍ତି|
3c040500e2	କିନ୍ତୁ ଯୋ ଜୀୱତାଂ ମୃତାନାଞ୍ଚ ୱିଚାରଂ କର୍ତ୍ତୁମ୍ ଉଦ୍ୟତୋଽସ୍ତି ତସ୍ମୈ ତୈରୁତ୍ତରଂ ଦାଯିଷ୍ୟତେ|
3c04060198	ଯତୋ ହେତୋ ର୍ୟେ ମୃତାସ୍ତେଷାଂ ଯତ୍ ମାନୱୋଦ୍ଦେଶ୍ୟଃ ଶାରୀରିକୱିଚାରଃ କିନ୍ତ୍ୱୀଶ୍ୱରୋଦ୍ଦେଶ୍ୟମ୍ ଆତ୍ମିକଜୀୱନଂ ଭୱତ୍ ତଦର୍ଥଂ ତେଷାମପି ସନ୍ନିଧୌ ସୁସମାଚାରଃ ପ୍ରକାଶିତୋଽଭୱତ୍|
3c040700e6	ସର୍ୱ୍ୱେଷାମ୍ ଅନ୍ତିମକାଲ ଉପସ୍ଥିତସ୍ତସ୍ମାଦ୍ ଯୂଯଂ ସୁବୁଦ୍ଧଯଃ ପ୍ରାର୍ଥନାର୍ଥଂ ଜାଗ୍ରତଶ୍ଚ ଭୱତ|
3c040800dd	ୱିଶେଷତଃ ପରସ୍ପରଂ ଗାଢଂ ପ୍ରେମ କୁରୁତ, ଯତଃ, ପାପାନାମପି ବାହୁଲ୍ୟଂ ପ୍ରେମ୍ନୈୱାଚ୍ଛାଦଯିଷ୍ୟତେ|
3c0409006b	କାତରୋକ୍ତିଂ ୱିନା ପରସ୍ପରମ୍ ଆତିଥ୍ୟଂ କୃରୁତ|
3c040a0113	ଯେନ ଯୋ ୱରୋ ଲବ୍ଧସ୍ତେନୈୱ ସ ପରମ୍ ଉପକରୋତୃ, ଇତ୍ଥଂ ଯୂଯମ୍ ଈଶ୍ୱରସ୍ୟ ବହୁୱିଧପ୍ରସାଦସ୍ୟୋତ୍ତମା ଭାଣ୍ଡାଗାରାଧିପା ଭୱତ|
3c040b020a	ଯୋ ୱାକ୍ୟଂ କଥଯତି ସ ଈଶ୍ୱରସ୍ୟ ୱାକ୍ୟମିୱ କଥଯତୁ ଯଶ୍ଚ ପରମ୍ ଉପକରୋତି ସ ଈଶ୍ୱରଦତ୍ତସାମର୍ଥ୍ୟାଦିୱୋପକରୋତୁ| ସର୍ୱ୍ୱୱିଷଯେ ଯୀଶୁଖ୍ରୀଷ୍ଟେନେଶ୍ୱରସ୍ୟ ଗୌରୱଂ ପ୍ରକାଶ୍ୟତାଂ ତସ୍ୟୈୱ ଗୌରୱଂ ପରାକ୍ରମଶ୍ଚ ସର୍ୱ୍ୱଦା ଭୂଯାତ୍| ଆମେନ|
3c040c0115	ହେ ପ୍ରିଯତମାଃ, ଯୁଷ୍ମାକଂ ପରୀକ୍ଷାର୍ଥଂ ଯସ୍ତାପୋ ଯୁଷ୍ମାସୁ ୱର୍ତ୍ତତେ ତମ୍ ଅସମ୍ଭୱଘଟିତଂ ମତ୍ୱା ନାଶ୍ଚର୍ୟ୍ୟଂ ଜାନୀତ,
3c040d0118	କିନ୍ତୁ ଖ୍ରୀଷ୍ଟେନ କ୍ଲେଶାନାଂ ସହଭାଗିତ୍ୱାଦ୍ ଆନନ୍ଦତ ତେନ ତସ୍ୟ ପ୍ରତାପପ୍ରକାଶେଽପ୍ୟାନନନ୍ଦେନ ପ୍ରଫୁଲ୍ଲା ଭୱିଷ୍ୟଥ|
3c040e01c4	ଯଦି ଖ୍ରୀଷ୍ଟସ୍ୟ ନାମହେତୁନା ଯୁଷ୍ମାକଂ ନିନ୍ଦା ଭୱତି ତର୍ହି ଯୂଯଂ ଧନ୍ୟା ଯତୋ ଗୌରୱଦାଯକ ଈଶ୍ୱରସ୍ୟାତ୍ମା ଯୁଷ୍ମାସ୍ୱଧିତିଷ୍ଠତି ତେଷାଂ ମଧ୍ୟେ ସ ନିନ୍ଦ୍ୟତେ କିନ୍ତୁ ଯୁଷ୍ମନ୍ମଧ୍ୟେ ପ୍ରଶଂସ୍ୟତେ|
3c040f00fe	କିନ୍ତୁ ଯୁଷ୍ମାକଂ କୋଽପି ହନ୍ତା ୱା ଚୈରୋ ୱା ଦୁଷ୍କର୍ମ୍ମକୃଦ୍ ୱା ପରାଧିକାରଚର୍ଚ୍ଚକ ଇୱ ଦଣ୍ଡଂ ନ ଭୁଙ୍କ୍ତାଂ|
3c041000de	ଯଦି ଚ ଖ୍ରୀଷ୍ଟୀଯାନ ଇୱ ଦଣ୍ଡଂ ଭୁଙ୍କ୍ତେ ତର୍ହି ସ ନ ଲଜ୍ଜମାନସ୍ତତ୍କାରଣାଦ୍ ଈଶ୍ୱରଂ ପ୍ରଶଂସତୁ|
3c04110143	ଯତୋ ୱିଚାରସ୍ୟାରମ୍ଭସମଯେ ଈଶ୍ୱରସ୍ୟ ମନ୍ଦିରେ ଯୁଜ୍ୟତେ ଯଦି ଚାସ୍ମତ୍ସ୍ୱାରଭତେ ତର୍ହୀଶ୍ୱରୀଯସୁସଂୱାଦାଗ୍ରାହିଣାଂ ଶେଷଦଶା କା ଭୱିଷ୍ୟତି?
3c0412010f	ଧାର୍ମ୍ମିକେନାପି ଚେତ୍ ତ୍ରାଣମ୍ ଅତିକୃଚ୍ଛ୍ରେଣ ଗମ୍ୟତେ| ତର୍ହ୍ୟଧାର୍ମ୍ମିକପାପିଭ୍ୟାମ୍ ଆଶ୍ରଯଃ କୁତ୍ର ଲପ୍ସ୍ୟତେ|
3c04130110	ଅତ ଈଶ୍ୱରେଚ୍ଛାତୋ ଯେ ଦୁଃଖଂ ଭୁଞ୍ଜତେ ତେ ସଦାଚାରେଣ ସ୍ୱାତ୍ମାନୋ ୱିଶ୍ୱାସ୍ୟସ୍ରଷ୍ଟୁରୀଶ୍ୱସ୍ୟ କରାଭ୍ୟାଂ ନିଦଧତାଂ|
3c05010130	ଖ୍ରୀଷ୍ଟସ୍ୟ କ୍ଲେଶାନାଂ ସାକ୍ଷୀ ପ୍ରକାଶିଷ୍ୟମାଣସ୍ୟ ପ୍ରତାପସ୍ୟାଂଶୀ ପ୍ରାଚୀନଶ୍ଚାହଂ ଯୁଷ୍ମାକଂ ପ୍ରାଚୀନାନ୍ ୱିନୀଯେଦଂ ୱଦାମି|
3c05020180	ଯୁଷ୍ମାକଂ ମଧ୍ୟୱର୍ତ୍ତୀ ଯ ଈଶ୍ୱରସ୍ୟ ମେଷୱୃନ୍ଦୋ ଯୂଯଂ ତଂ ପାଲଯତ ତସ୍ୟ ୱୀକ୍ଷଣଂ କୁରୁତ ଚ, ଆୱଶ୍ୟକତ୍ୱେନ ନହି କିନ୍ତୁ ସ୍ୱେଚ୍ଛାତୋ ନ ୱ କୁଲୋଭେନ କିନ୍ତ୍ୱିଚ୍ଛୁକମନସା|
3c050300c7	ଅପରମ୍ ଅଂଶାନାମ୍ ଅଧିକାରିଣ ଇୱ ନ ପ୍ରଭୱତ କିନ୍ତୁ ୱୃନ୍ଦସ୍ୟ ଦୃଷ୍ଟାନ୍ତସ୍ୱରୂପା ଭୱତ|
3c050400a6	ତେନ ପ୍ରଧାନପାଲକ ଉପସ୍ଥିତେ ଯୂଯମ୍ ଅମ୍ଲାନଂ ଗୌରୱକିରୀଟଂ ଲପ୍ସ୍ୟଧ୍ୱେ|
3c050501e9	ହେ ଯୁୱାନଃ, ଯୂଯମପି ପ୍ରାଚୀନଲୋକାନାଂ ୱଶ୍ୟା ଭୱତ ସର୍ୱ୍ୱେ ଚ ସର୍ୱ୍ୱେଷାଂ ୱଶୀଭୂଯ ନମ୍ରତାଭରଣେନ ଭୂଷିତା ଭୱତ, ଯତଃ, ଆତ୍ମାଭିମାନିଲୋକାନାଂ ୱିପକ୍ଷୋ ଭୱତୀଶ୍ୱରଃ| କିନ୍ତୁ ତେନୈୱ ନମ୍ରେଭ୍ୟଃ ପ୍ରସାଦାଦ୍ ଦୀଯତେ ୱରଃ|
3c050600ef	ଅତୋ ଯୂଯମ୍ ଈଶ୍ୱରସ୍ୟ ବଲୱତ୍କରସ୍ୟାଧୋ ନମ୍ରୀଭୂଯ ତିଷ୍ଠତ ତେନ ସ ଉଚିତସମଯେ ଯୁଷ୍ମାନ୍ ଉଚ୍ଚୀକରିଷ୍ୟତି|
3c050700b4	ଯୂଯଂ ସର୍ୱ୍ୱଚିନ୍ତାଂ ତସ୍ମିନ୍ ନିକ୍ଷିପତ ଯତଃ ସ ଯୁଷ୍ମାନ୍ ପ୍ରତି ଚିନ୍ତଯତି|
3c05080149	ଯୂଯଂ ପ୍ରବୁଦ୍ଧା ଜାଗ୍ରତଶ୍ଚ ତିଷ୍ଠତ ଯତୋ ଯୁଷ୍ମାକଂ ପ୍ରତିୱାଦୀ ଯଃ ଶଯତାନଃ ସ ଗର୍ଜ୍ଜନକାରୀ ସିଂହ ଇୱ ପର୍ୟ୍ୟଟନ୍ କଂ ଗ୍ରସିଷ୍ୟାମୀତି ମୃଗଯତେ,
3c0509014e	ଅତୋ ୱିଶ୍ୱାସେ ସୁସ୍ଥିରାସ୍ତିଷ୍ଠନ୍ତସ୍ତେନ ସାର୍ଦ୍ଧଂ ଯୁଧ୍ୟତ, ଯୁଷ୍ମାକଂ ଜଗନ୍ନିୱାସିଭ୍ରାତୃଷ୍ୱପି ତାଦୃଶାଃ କ୍ଲେଶା ୱର୍ତ୍ତନ୍ତ ଇତି ଜାନୀତ|
3c050a01e2	କ୍ଷଣିକଦୁଃଖଭୋଗାତ୍ ପରମ୍ ଅସ୍ମଭ୍ୟଂ ଖ୍ରୀଷ୍ଟେନ ଯୀଶୁନା ସ୍ୱକୀଯାନନ୍ତଗୌରୱଦାନାର୍ଥଂ ଯୋଽସ୍ମାନ୍ ଆହୂତୱାନ୍ ସ ସର୍ୱ୍ୱାନୁଗ୍ରାହୀଶ୍ୱରଃ ସ୍ୱଯଂ ଯୁଷ୍ମାନ୍ ସିଦ୍ଧାନ୍ ସ୍ଥିରାନ୍ ସବଲାନ୍ ନିଶ୍ଚଲାଂଶ୍ଚ କରୋତୁ|
3c050b008b	ତସ୍ୟ ଗୌରୱଂ ପରାକ୍ରମଶ୍ଚାନନ୍ତକାଲଂ ଯାୱଦ୍ ଭୂଯାତ୍| ଆମେନ୍|
3c050c01d7	ଯଃ ସିଲ୍ୱାନୋ (ମନ୍ୟେ) ଯୁଷ୍ମାକଂ ୱିଶ୍ୱାସ୍ୟୋ ଭ୍ରାତା ଭୱତି ତଦ୍ୱାରାହଂ ସଂକ୍ଷେପେଣ ଲିଖିତ୍ୱା ଯୁଷ୍ମାନ୍ ୱିନୀତୱାନ୍ ଯୂଯଞ୍ଚ ଯସ୍ମିନ୍ ଅଧିତିଷ୍ଠଥ ସ ଏୱେଶ୍ୱରସ୍ୟ ସତ୍ୟୋ ଽନୁଗ୍ରହ ଇତି ପ୍ରମାଣଂ ଦତ୍ତୱାନ୍|
3c050d0103	ଯୁଷ୍ମାଭିଃ ସହାଭିରୁଚିତା ଯା ସମିତି ର୍ବାବିଲି ୱିଦ୍ୟତେ ସା ମମ ପୁତ୍ରୋ ମାର୍କଶ୍ଚ ଯୁଷ୍ମାନ୍ ନମସ୍କାରଂ ୱେଦଯତି|
3c050e011d	ଯୂଯଂ ପ୍ରେମଚୁମ୍ବନେନ ପରସ୍ପରଂ ନମସ୍କୁରୁତ| ଯୀଶୁଖ୍ରୀଷ୍ଟାଶ୍ରିତାନାଂ ଯୁଷ୍ମାକଂ ସର୍ୱ୍ୱେଷାଂ ଶାନ୍ତି ର୍ଭୂଯାତ୍| ଆମେନ୍|
3d00000013	୨ ପିତରଃ
3d010101ea	ଯେ ଜନା ଅସ୍ମାଭିଃ ସାର୍ଦ୍ଧମ୍ ଅସ୍ତଦୀଶ୍ୱରେ ତ୍ରାତରି ଯୀଶୁଖ୍ରୀଷ୍ଟେ ଚ ପୁଣ୍ୟସମ୍ବଲିତୱିଶ୍ୱାସଧନସ୍ୟ ସମାନାଂଶିତ୍ୱଂ ପ୍ରାପ୍ତାସ୍ତାନ୍ ପ୍ରତି ଯୀଶୁଖ୍ରୀଷ୍ଟସ୍ୟ ଦାସଃ ପ୍ରେରିତଶ୍ଚ ଶିମୋନ୍ ପିତରଃ ପତ୍ରଂ ଲିଖତି|
3d010200fd	ଈଶ୍ୱରସ୍ୟାସ୍ମାକଂ ପ୍ରଭୋ ର୍ୟୀଶୋଶ୍ଚ ତତ୍ୱଜ୍ଞାନେନ ଯୁଷ୍ମାସ୍ୱନୁଗ୍ରହଶାନ୍ତ୍ୟୋ ର୍ବାହୁଲ୍ୟଂ ୱର୍ତ୍ତତାଂ|
3d01030199	ଜୀୱନାର୍ଥମ୍ ଈଶ୍ୱରଭକ୍ତ୍ୟର୍ଥଞ୍ଚ ଯଦ୍ୟଦ୍ ଆୱଶ୍ୟକଂ ତତ୍ ସର୍ୱ୍ୱଂ ଗୌରୱସଦ୍ଗୁଣାଭ୍ୟାମ୍ ଅସ୍ମଦାହ୍ୱାନକାରିଣସ୍ତତ୍ତ୍ୱଜ୍ଞାନଦ୍ୱାରା ତସ୍ୟେଶ୍ୱରୀଯଶକ୍ତିରସ୍ମଭ୍ୟଂ ଦତ୍ତୱତୀ|
3d010401e0	ତତ୍ସର୍ୱ୍ୱେଣ ଚାସ୍ମଭ୍ୟଂ ତାଦୃଶା ବହୁମୂଲ୍ୟା ମହାପ୍ରତିଜ୍ଞା ଦତ୍ତା ଯାଭି ର୍ୟୂଯଂ ସଂସାରୱ୍ୟାପ୍ତାତ୍ କୁତ୍ସିତାଭିଲାଷମୂଲାତ୍ ସର୍ୱ୍ୱନାଶାଦ୍ ରକ୍ଷାଂ ପ୍ରାପ୍ୟେଶ୍ୱରୀଯସ୍ୱଭାୱସ୍ୟାଂଶିନୋ ଭୱିତୁଂ ଶକ୍ନୁଥ|
3d010500bd	ତତୋ ହେତୋ ର୍ୟୂଯଂ ସମ୍ପୂର୍ଣଂ ଯତ୍ନଂ ୱିଧାଯ ୱିଶ୍ୱାସେ ସୌଜନ୍ୟଂ ସୌଜନ୍ୟେ ଜ୍ଞାନଂ
3d010600c2	ଜ୍ଞାନ ଆଯତେନ୍ଦ୍ରିଯତାମ୍ ଆଯତେନ୍ଦ୍ରିଯତାଯାଂ ଧୈର୍ୟ୍ୟଂ ଧୈର୍ୟ୍ୟ ଈଶ୍ୱରଭକ୍ତିମ୍
3d0107006e	ଈଶ୍ୱରଭକ୍ତୌ ଭ୍ରାତୃସ୍ନେହେ ଚ ପ୍ରେମ ଯୁଙ୍କ୍ତ|
3d01080176	ଏତାନି ଯଦି ଯୁଷ୍ମାସୁ ୱିଦ୍ୟନ୍ତେ ୱର୍ଦ୍ଧନ୍ତେ ଚ ତର୍ହ୍ୟସ୍ମତ୍ପ୍ରଭୋ ର୍ୟୀଶୁଖ୍ରୀଷ୍ଟସ୍ୟ ତତ୍ତ୍ୱଜ୍ଞାନେ ଯୁଷ୍ମାନ୍ ଅଲସାନ୍ ନିଷ୍ଫଲାଂଶ୍ଚ ନ ସ୍ଥାପଯିଷ୍ୟନ୍ତି|
3d01090119	କିନ୍ତ୍ୱେତାନି ଯସ୍ୟ ନ ୱିଦ୍ୟନ୍ତେ ସୋ ଽନ୍ଧୋ ମୁଦ୍ରିତଲୋଚନଃ ସ୍ୱକୀଯପୂର୍ୱ୍ୱପାପାନାଂ ମାର୍ଜ୍ଜନସ୍ୟ ୱିସ୍ମୃତିଂ ଗତଶ୍ଚ|
3d010a00f9	ତସ୍ମାଦ୍ ହେ ଭ୍ରାତରଃ, ଯୂଯଂ ସ୍ୱକୀଯାହ୍ୱାନୱରଣଯୋ ର୍ଦୃଢକରଣେ ବହୁ ଯତଧ୍ୱଂ, ତତ୍ କୃତ୍ୱା କଦାଚ ନ ସ୍ଖଲିଷ୍ୟଥ|
3d010b0123	ଯତୋ ଽନେନ ପ୍ରକାରେଣାସ୍ମାକଂ ପ୍ରଭୋସ୍ତ୍ରାତୃ ର୍ୟୀଶୁଖ୍ରୀଷ୍ଟସ୍ୟାନନ୍ତରାଜ୍ୟସ୍ୟ ପ୍ରୱେଶେନ ଯୂଯଂ ସୁକଲେନ ଯୋଜଯିଷ୍ୟଧ୍ୱେ|
3d010c0169	ଯଦ୍ୟପି ଯୂଯମ୍ ଏତତ୍ ସର୍ୱ୍ୱଂ ଜାନୀଥ ୱର୍ତ୍ତମାନେ ସତ୍ୟମତେ ସୁସ୍ଥିରା ଭୱଥ ଚ ତଥାପି ଯୁଷ୍ମାନ୍ ସର୍ୱ୍ୱଦା ତତ୍ ସ୍ମାରଯିତୁମ୍ ଅହମ୍ ଅଯତ୍ନୱାନ୍ ନ ଭୱିଷ୍ୟାମି|
3d010d00dc	ଯାୱଦ୍ ଏତସ୍ମିନ୍ ଦୂଷ୍ୟେ ତିଷ୍ଠାମି ତାୱଦ୍ ଯୁଷ୍ମାନ୍ ସ୍ମାରଯନ୍ ପ୍ରବୋଧଯିତୁଂ ୱିହିତଂ ମନ୍ୟେ|
3d010e012b	ଯତୋ ଽସ୍ମାକଂ ପ୍ରଭୁ ର୍ୟୀଶୁଖ୍ରୀଷ୍ଟୋ ମାଂ ଯତ୍ ଜ୍ଞାପିତୱାନ୍ ତଦନୁସାରାଦ୍ ଦୂଷ୍ୟମେତତ୍ ମଯା ଶୀଘ୍ରଂ ତ୍ୟକ୍ତୱ୍ୟମ୍ ଇତି ଜାନାମି|
3d010f00d6	ମମ ପରଲୋକଗମନାତ୍ ପରମପି ଯୂଯଂ ଯଦେତାନି ସ୍ମର୍ତ୍ତୁଂ ଶକ୍ଷ୍ୟଥ ତସ୍ମିନ୍ ସର୍ୱ୍ୱଥା ଯତିଷ୍ୟେ|
3d011001eb	ଯତୋ ଽସ୍ମାକଂ ପ୍ରଭୋ ର୍ୟୀଶୁଖ୍ରୀଷ୍ଟସ୍ୟ ପରାକ୍ରମଂ ପୁନରାଗମନଞ୍ଚ ଯୁଷ୍ମାନ୍ ଜ୍ଞାପଯନ୍ତୋ ୱଯଂ କଲ୍ପିତାନ୍ୟୁପାଖ୍ୟାନାନ୍ୟନ୍ୱଗଚ୍ଛାମେତି ନହି କିନ୍ତୁ ତସ୍ୟ ମହିମ୍ନଃ ପ୍ରତ୍ୟକ୍ଷସାକ୍ଷିଣୋ ଭୂତ୍ୱା ଭାଷିତୱନ୍ତଃ|
3d011101a8	ଯତଃ ସ ପିତୁରୀଶ୍ୱରାଦ୍ ଗୌରୱଂ ପ୍ରଶଂସାଞ୍ଚ ପ୍ରାପ୍ତୱାନ୍ ୱିଶେଷତୋ ମହିମଯୁକ୍ତତେଜୋମଧ୍ୟାଦ୍ ଏତାଦୃଶୀ ୱାଣୀ ତଂ ପ୍ରତି ନିର୍ଗତୱତୀ, ଯଥା, ଏଷ ମମ ପ୍ରିଯପୁତ୍ର ଏତସ୍ମିନ୍ ମମ ପରମସନ୍ତୋଷଃ|
3d011200d9	ସ୍ୱର୍ଗାତ୍ ନିର୍ଗତେଯଂ ୱାଣୀ ପୱିତ୍ରପର୍ୱ୍ୱତେ ତେନ ସାର୍ଦ୍ଧଂ ୱିଦ୍ୟମାନୈରସ୍ମାଭିରଶ୍ରାୱି|
3d01130213	ଅପରମ୍ ଅସ୍ମତ୍ସମୀପେ ଦୃଢତରଂ ଭୱିଷ୍ୟଦ୍ୱାକ୍ୟଂ ୱିଦ୍ୟତେ ଯୂଯଞ୍ଚ ଯଦି ଦିନାରମ୍ଭଂ ଯୁଷ୍ମନ୍ମନଃସୁ ପ୍ରଭାତୀଯନକ୍ଷତ୍ରସ୍ୟୋଦଯଞ୍ଚ ଯାୱତ୍ ତିମିରମଯେ ସ୍ଥାନେ ଜ୍ୱଲନ୍ତଂ ପ୍ରଦୀପମିୱ ତଦ୍ ୱାକ୍ୟଂ ସମ୍ମନ୍ୟଧ୍ୱେ ତର୍ହି ଭଦ୍ରଂ କରିଷ୍ୟଥ|
3d01140101	ଶାସ୍ତ୍ରୀଯଂ କିମପି ଭୱିଷ୍ୟଦ୍ୱାକ୍ୟଂ ମନୁଷ୍ୟସ୍ୟ ସ୍ୱକୀଯଭାୱବୋଧକଂ ନହି, ଏତଦ୍ ଯୁଷ୍ମାଭିଃ ସମ୍ୟକ୍ ଜ୍ଞାଯତାଂ|
3d01150172	ଯତୋ ଭୱିଷ୍ୟଦ୍ୱାକ୍ୟଂ ପୁରା ମାନୁଷାଣାମ୍ ଇଚ୍ଛାତୋ ନୋତ୍ପନ୍ନଂ କିନ୍ତ୍ୱୀଶ୍ୱରସ୍ୟ ପୱିତ୍ରଲୋକାଃ ପୱିତ୍ରେଣାତ୍ମନା ପ୍ରୱର୍ତ୍ତିତାଃ ସନ୍ତୋ ୱାକ୍ୟମ୍ ଅଭାଷନ୍ତ|
3d0201029c	ଅପରଂ ପୂର୍ୱ୍ୱକାଲେ ଯଥା ଲୋକାନାଂ ମଧ୍ୟେ ମିଥ୍ୟାଭୱିଷ୍ୟଦ୍ୱାଦିନ ଉପାତିଷ୍ଠନ୍ ତଥା ଯୁଷ୍ମାକଂ ମଧ୍ୟେଽପି ମିଥ୍ୟାଶିକ୍ଷକା ଉପସ୍ଥାସ୍ୟନ୍ତି, ତେ ସ୍ୱେଷାଂ କ୍ରେତାରଂ ପ୍ରଭୁମ୍ ଅନଙ୍ଗୀକୃତ୍ୟ ସତ୍ୱରଂ ୱିନାଶଂ ସ୍ୱେଷୁ ୱର୍ତ୍ତଯନ୍ତି ୱିନାଶକୱୈଧର୍ମ୍ମ୍ୟଂ ଗୁପ୍ତଂ ଯୁଷ୍ମନ୍ମଧ୍ୟମ୍ ଆନେଷ୍ୟନ୍ତି|
3d020200d2	ତତୋ ଽନେକେଷୁ ତେଷାଂ ୱିନାଶକମାର୍ଗଂ ଗତେଷୁ ତେଭ୍ୟଃ ସତ୍ୟମାର୍ଗସ୍ୟ ନିନ୍ଦା ସମ୍ଭୱିଷ୍ୟତି|
3d02030154	ଅପରଞ୍ଚ ତେ ଲୋଭାତ୍ କାପଟ୍ୟୱାକ୍ୟୈ ର୍ୟୁଷ୍ମତ୍ତୋ ଲାଭଂ କରିଷ୍ୟନ୍ତେ କିନ୍ତୁ ତେଷାଂ ପୁରାତନଦଣ୍ଡାଜ୍ଞା ନ ୱିଲମ୍ବତେ ତେଷାଂ ୱିନାଶଶ୍ଚ ନ ନିଦ୍ରାତି|
3d020400f7	ଈଶ୍ୱରଃ କୃତପାପାନ୍ ଦୂତାନ୍ ନ କ୍ଷମିତ୍ୱା ତିମିରଶୃଙ୍ଖଲୈଃ ପାତାଲେ ରୁଦ୍ଧ୍ୱା ୱିଚାରାର୍ଥଂ ସମର୍ପିତୱାନ୍|
3d02050146	ପୁରାତନଂ ସଂସାରମପି ନ କ୍ଷମିତ୍ୱା ତଂ ଦୁଷ୍ଟାନାଂ ସଂସାରଂ ଜଲାପ୍ଲାୱନେନ ମଜ୍ଜଯିତ୍ୱା ସପ୍ତଜନୈଃ ସହିତଂ ଧର୍ମ୍ମପ୍ରଚାରକଂ ନୋହଂ ରକ୍ଷିତୱାନ୍|
3d0206010a	ସିଦୋମମ୍ ଅମୋରା ଚେତିନାମକେ ନଗରେ ଭୱିଷ୍ୟତାଂ ଦୁଷ୍ଟାନାଂ ଦୃଷ୍ଟାନ୍ତଂ ୱିଧାଯ ଭସ୍ମୀକୃତ୍ୟ ୱିନାଶେନ ଦଣ୍ଡିତୱାନ୍;
3d020700e3	କିନ୍ତୁ ତୈଃ କୁତ୍ସିତୱ୍ୟଭିଚାରିଭି ର୍ଦୁଷ୍ଟାତ୍ମଭିଃ କ୍ଲିଷ୍ଟଂ ଧାର୍ମ୍ମିକଂ ଲୋଟଂ ରକ୍ଷିତୱାନ୍|
3d02080167	ସ ଧାର୍ମ୍ମିକୋ ଜନସ୍ତେଷାଂ ମଧ୍ୟେ ନିୱସନ୍ ସ୍ୱୀଯଦୃଷ୍ଟିଶ୍ରୋତ୍ରଗୋଚରେଭ୍ୟସ୍ତେଷାମ୍ ଅଧର୍ମ୍ମାଚାରେଭ୍ୟଃ ସ୍ୱକୀଯଧାର୍ମ୍ମିକମନସି ଦିନେ ଦିନେ ତପ୍ତୱାନ୍|
3d02090115	ପ୍ରଭୁ ର୍ଭକ୍ତାନ୍ ପରୀକ୍ଷାଦ୍ ଉଦ୍ଧର୍ତ୍ତୁଂ ୱିଚାରଦିନଞ୍ଚ ଯାୱଦ୍ ଦଣ୍ଡ୍ୟାମାନାନ୍ ଅଧାର୍ମ୍ମିକାନ୍ ରୋଦ୍ଧୁଂ ପାରଯତି,
3d020a015d	ୱିଶେଷତୋ ଯେ ଽମେଧ୍ୟାଭିଲାଷାତ୍ ଶାରୀରିକସୁଖମ୍ ଅନୁଗଚ୍ଛନ୍ତି କର୍ତୃତ୍ୱପଦାନି ଚାୱଜାନନ୍ତି ତାନେୱ (ରୋଦ୍ଧୁଂ ପାରଯତି|) ତେ ଦୁଃସାହସିନଃ ପ୍ରଗଲ୍ଭାଶ୍ଚ|
3d020b0192	ଅପରଂ ବଲଗୌରୱାଭ୍ୟାଂ ଶ୍ରେଷ୍ଠା ଦିୱ୍ୟଦୂତାଃ ପ୍ରଭୋଃ ସନ୍ନିଧୌ ଯେଷାଂ ୱୈପରୀତ୍ୟେନ ନିନ୍ଦାସୂଚକଂ ୱିଚାରଂ ନ କୁର୍ୱ୍ୱନ୍ତି ତେଷାମ୍ ଉଚ୍ଚପଦସ୍ଥାନାଂ ନିନ୍ଦନାଦ୍ ଇମେ ନ ଭୀତାଃ|
3d020c01f8	କିନ୍ତୁ ଯେ ବୁଦ୍ଧିହୀନାଃ ପ୍ରକୃତା ଜନ୍ତୱୋ ଧର୍ତ୍ତୱ୍ୟତାଯୈ ୱିନାଶ୍ୟତାଯୈ ଚ ଜାଯନ୍ତେ ତତ୍ସଦୃଶା ଇମେ ଯନ୍ନ ବୁଧ୍ୟନ୍ତେ ତତ୍ ନିନ୍ଦନ୍ତଃ ସ୍ୱକୀଯୱିନାଶ୍ୟତଯା ୱିନଂକ୍ଷ୍ୟନ୍ତି ସ୍ୱୀଯାଧର୍ମ୍ମସ୍ୟ ଫଲଂ ପ୍ରାପ୍ସ୍ୟନ୍ତି ଚ|
3d020d0150	ତେ ଦିୱା ପ୍ରକୃଷ୍ଟଭୋଜନଂ ସୁଖଂ ମନ୍ୟନ୍ତେ ନିଜଛଲୈଃ ସୁଖଭୋଗିନଃ ସନ୍ତୋ ଯୁଷ୍ମାଭିଃ ସାର୍ଦ୍ଧଂ ଭୋଜନଂ କୁର୍ୱ୍ୱନ୍ତଃ କଲଙ୍କିନୋ ଦୋଷିଣଶ୍ଚ ଭୱନ୍ତି|
3d020e0112	ତେଷାଂ ଲୋଚନାନି ପରଦାରାକାଙ୍କ୍ଷୀଣି ପାପେ ଚାଶ୍ରାନ୍ତାନି ତେ ଚଞ୍ଚଲାନି ମନାଂସି ମୋହଯନ୍ତି ଲୋଭେ ତତ୍ପରମନସଃ ସନ୍ତି ଚ|
3d020f018b	ତେ ଶାପଗ୍ରସ୍ତା ୱଂଶାଃ ସରଲମାର୍ଗଂ ୱିହାଯ ବିଯୋରପୁତ୍ରସ୍ୟ ବିଲିଯମସ୍ୟ ୱିପଥେନ ୱ୍ରଜନ୍ତୋ ଭ୍ରାନ୍ତା ଅଭୱନ୍| ସ ବିଲିଯମୋ ଽପ୍ୟଧର୍ମ୍ମାତ୍ ପ୍ରାପ୍ୟେ ପାରିତୋଷିକେଽପ୍ରୀଯତ,
3d0210013e	କିନ୍ତୁ ନିଜାପରାଧାଦ୍ ଭର୍ତ୍ସନାମ୍ ଅଲଭତ ଯତୋ ୱଚନଶକ୍ତିହୀନଂ ୱାହନଂ ମାନୁଷିକଗିରମ୍ ଉଚ୍ଚାର୍ୟ୍ୟ ଭୱିଷ୍ୟଦ୍ୱାଦିନ ଉନ୍ମତ୍ତତାମ୍ ଅବାଧତ|
3d02110126	ଇମେ ନିର୍ଜଲାନି ପ୍ରସ୍ରୱଣାନି ପ୍ରଚଣ୍ଡୱାଯୁନା ଚାଲିତା ମେଘାଶ୍ଚ ତେଷାଂ କୃତେ ନିତ୍ୟସ୍ଥାଯୀ ଘୋରତରାନ୍ଧକାରଃ ସଞ୍ଚିତୋ ଽସ୍ତି|
3d0212015b	ଯେ ଚ ଜନା ଭ୍ରାନ୍ତ୍ୟାଚାରିଗଣାତ୍ କୃଚ୍ଛ୍ରେଣୋଦ୍ଧୃତାସ୍ତାନ୍ ଇମେ ଽପରିମିତଦର୍ପକଥା ଭାଷମାଣାଃ ଶାରୀରିକସୁଖାଭିଲାଷୈଃ କାମକ୍ରୀଡାଭିଶ୍ଚ ମୋହଯନ୍ତି|
3d02130118	ତେଭ୍ୟଃ ସ୍ୱାଧୀନତାଂ ପ୍ରତିଜ୍ଞାଯ ସ୍ୱଯଂ ୱିନାଶ୍ୟତାଯା ଦାସା ଭୱନ୍ତି, ଯତଃ, ଯୋ ଯେନୈୱ ପରାଜିଗ୍ୟେ ସ ଜାତସ୍ତସ୍ୟ କିଙ୍କରଃ|
3d02140172	ତ୍ରାତୁଃ ପ୍ରଭୋ ର୍ୟୀଶୁଖ୍ରୀଷ୍ଟସ୍ୟ ଜ୍ଞାନେନ ସଂସାରସ୍ୟ ମଲେଭ୍ୟ ଉଦ୍ଧୃତା ଯେ ପୁନସ୍ତେଷୁ ନିମଜ୍ଜ୍ୟ ପରାଜୀଯନ୍ତେ ତେଷାଂ ପ୍ରଥମଦଶାତଃ ଶେଷଦଶା କୁତ୍ସିତା ଭୱତି|
3d0215013a	ତେଷାଂ ପକ୍ଷେ ଧର୍ମ୍ମପଥସ୍ୟ ଜ୍ଞାନାପ୍ରାପ୍ତି ର୍ୱରଂ ନ ଚ ନିର୍ଦ୍ଦିଷ୍ଟାତ୍ ପୱିତ୍ରୱିଧିମାର୍ଗାତ୍ ଜ୍ଞାନପ୍ରାପ୍ତାନାଂ ପରାୱର୍ତ୍ତନଂ|
3d02160184	କିନ୍ତୁ ଯେଯଂ ସତ୍ୟା ଦୃଷ୍ଟାନ୍ତକଥା ସୈୱ ତେଷୁ ଫଲିତୱତୀ, ଯଥା, କୁକ୍କୁରଃ ସ୍ୱୀଯୱାନ୍ତାଯ ୱ୍ୟାୱର୍ତ୍ତତେ ପୁନଃ ପୁନଃ| ଲୁଠିତୁଂ କର୍ଦ୍ଦମେ ତଦ୍ୱତ୍ କ୍ଷାଲିତଶ୍ଚୈୱ ଶୂକରଃ||
3d03010196	ହେ ପ୍ରିଯତମାଃ, ଯୂଯଂ ଯଥା ପୱିତ୍ରଭୱିଷ୍ୟଦ୍ୱକ୍ତୃଭିଃ ପୂର୍ୱ୍ୱୋକ୍ତାନି ୱାକ୍ୟାନି ତ୍ରାତ୍ରା ପ୍ରଭୁନା ପ୍ରେରିତାନାମ୍ ଅସ୍ମାକମ୍ ଆଦେଶଞ୍ଚ ସାରଥ ତଥା ଯୁଷ୍ମାନ୍ ସ୍ମାରଯିତ୍ୱା
3d030200a7	ଯୁଷ୍ମାକଂ ସରଲଭାୱଂ ପ୍ରବୋଧଯିତୁମ୍ ଅହଂ ଦ୍ୱିତୀଯମ୍ ଇଦଂ ପତ୍ରଂ ଲିଖାମି|
3d030300cb	ପ୍ରଥମଂ ଯୁଷ୍ମାଭିରିଦଂ ଜ୍ଞାଯତାଂ ଯତ୍ ଶେଷେ କାଲେ ସ୍ୱେଚ୍ଛାଚାରିଣୋ ନିନ୍ଦକା ଉପସ୍ଥାଯ
3d0304015d	ୱଦିଷ୍ୟନ୍ତି ପ୍ରଭୋରାଗମନସ୍ୟ ପ୍ରତିଜ୍ଞା କୁତ୍ର? ଯତଃ ପିତୃଲୋକାନାଂ ମହାନିଦ୍ରାଗମନାତ୍ ପରଂ ସର୍ୱ୍ୱାଣି ସୃଷ୍ଟେରାରମ୍ଭକାଲେ ଯଥା ତଥୈୱାୱତିଷ୍ଠନ୍ତେ|
3d03050144	ପୂର୍ୱ୍ୱମ୍ ଈଶ୍ୱରସ୍ୟ ୱାକ୍ୟେନାକାଶମଣ୍ଡଲଂ ଜଲାଦ୍ ଉତ୍ପନ୍ନା ଜଲେ ସନ୍ତିଷ୍ଠମାନା ଚ ପୃଥିୱ୍ୟୱିଦ୍ୟତୈତଦ୍ ଅନିଚ୍ଛୁକତାତସ୍ତେ ନ ଜାନାନ୍ତି,
3d0306007f	ତତସ୍ତାତ୍କାଲିକସଂସାରୋ ଜଲେନାପ୍ଲାୱିତୋ ୱିନାଶଂ ଗତଃ|
3d03070144	କିନ୍ତ୍ୱଧୁନା ୱର୍ତ୍ତମାନେ ଆକାଶଭୂମଣ୍ଡଲେ ତେନୈୱ ୱାକ୍ୟେନ ୱହ୍ନ୍ୟର୍ଥଂ ଗୁପ୍ତେ ୱିଚାରଦିନଂ ଦୁଷ୍ଟମାନୱାନାଂ ୱିନାଶଞ୍ଚ ଯାୱଦ୍ ରକ୍ଷ୍ୟତେ|
3d03080130	ହେ ପ୍ରିଯତମାଃ, ଯୂଯମ୍ ଏତଦେକଂ ୱାକ୍ୟମ୍ ଅନୱଗତା ମା ଭୱତ ଯତ୍ ପ୍ରଭୋଃ ସାକ୍ଷାଦ୍ ଦିନମେକଂ ୱର୍ଷସହସ୍ରୱଦ୍ ୱର୍ଷସହସ୍ରଞ୍ଚ ଦିନୈକୱତ୍|
3d030901ff	କେଚିଦ୍ ଯଥା ୱିଲମ୍ବଂ ମନ୍ୟନ୍ତେ ତଥା ପ୍ରଭୁଃ ସ୍ୱପ୍ରତିଜ୍ଞାଯାଂ ୱିଲମ୍ବତେ ତନ୍ନହି କିନ୍ତୁ କୋଽପି ଯନ୍ନ ୱିନଶ୍ୟେତ୍ ସର୍ୱ୍ୱଂ ଏୱ ମନଃପରାୱର୍ତ୍ତନଂ ଗଚ୍ଛେଯୁରିତ୍ୟଭିଲଷନ୍ ସୋ ଽସ୍ମାନ୍ ପ୍ରତି ଦୀର୍ଘସହିଷ୍ଣୁତାଂ ୱିଦଧାତି|
3d030a01bb	କିନ୍ତୁ କ୍ଷପାଯାଂ ଚୌର ଇୱ ପ୍ରଭୋ ର୍ଦିନମ୍ ଆଗମିଷ୍ୟତି ତସ୍ମିନ୍ ମହାଶବ୍ଦେନ ଗଗନମଣ୍ଡଲଂ ଲୋପ୍ସ୍ୟତେ ମୂଲୱସ୍ତୂନି ଚ ତାପେନ ଗଲିଷ୍ୟନ୍ତେ ପୃଥିୱୀ ତନ୍ମଧ୍ୟସ୍ଥିତାନି କର୍ମ୍ମାଣି ଚ ଧକ୍ଷ୍ୟନ୍ତେ|
3d030b0120	ଅତଃ ସର୍ୱ୍ୱୈରେତୈ ର୍ୱିକାରେ ଗନ୍ତୱ୍ୟେ ସତି ଯସ୍ମିନ୍ ଆକାଶମଣ୍ଡଲଂ ଦାହେନ ୱିକାରିଷ୍ୟତେ ମୂଲୱସ୍ତୂନି ଚ ତାପେନ ଗଲିଷ୍ୟନ୍ତେ
3d030c0142	ତସ୍ୟେଶ୍ୱରଦିନସ୍ୟାଗମନଂ ପ୍ରତୀକ୍ଷମାଣୈରାକାଙ୍କ୍ଷମାଣୈଶ୍ଚ ଯୂଷ୍ମାଭି ର୍ଧର୍ମ୍ମାଚାରେଶ୍ୱରଭକ୍ତିଭ୍ୟାଂ କୀଦୃଶୈ ର୍ଲୋକୈ ର୍ଭୱିତୱ୍ୟଂ?
3d030d0116	ତଥାପି ୱଯଂ ତସ୍ୟ ପ୍ରତିଜ୍ଞାନୁସାରେଣ ଧର୍ମ୍ମସ୍ୟ ୱାସସ୍ଥାନଂ ନୂତନମ୍ ଆକାଶମଣ୍ଡଲଂ ନୂତନଂ ଭୂମଣ୍ଡଲଞ୍ଚ ପ୍ରତୀକ୍ଷାମହେ|
3d030e013f	ଅତଏୱ ହେ ପ୍ରିଯତମାଃ, ତାନି ପ୍ରତୀକ୍ଷମାଣା ଯୂଯଂ ନିଷ୍କଲଙ୍କା ଅନିନ୍ଦିତାଶ୍ଚ ଭୂତ୍ୱା ଯତ୍ ଶାନ୍ତ୍ୟାଶ୍ରିତାସ୍ତିଷ୍ଠଥୈତସ୍ମିନ୍ ଯତଧ୍ୱଂ|
3d030f01a7	ଅସ୍ମାକଂ ପ୍ରଭୋ ର୍ଦୀର୍ଘସହିଷ୍ଣୁତାଞ୍ଚ ପରିତ୍ରାଣଜନିକାଂ ମନ୍ୟଧ୍ୱଂ| ଅସ୍ମାକଂ ପ୍ରିଯଭ୍ରାତ୍ରେ ପୌଲାଯ ଯତ୍ ଜ୍ଞାନମ୍ ଅଦାଯି ତଦନୁସାରେଣ ସୋଽପି ପତ୍ରେ ଯୁଷ୍ମାନ୍ ପ୍ରତି ତଦେୱାଲିଖତ୍|
3d03100213	ସ୍ୱକୀଯସର୍ୱ୍ୱପତ୍ରେଷୁ ଚୈତାନ୍ୟଧି ପ୍ରସ୍ତୁତ୍ୟ ତଦେୱ ଗଦତି| ତେଷୁ ପତ୍ରେଷୁ କତିପଯାନି ଦୁରୂହ୍ୟାଣି ୱାକ୍ୟାନି ୱିଦ୍ୟନ୍ତେ ଯେ ଚ ଲୋକା ଅଜ୍ଞାନାଶ୍ଚଞ୍ଚଲାଶ୍ଚ ତେ ନିଜୱିନାଶାର୍ଥମ୍ ଅନ୍ୟଶାସ୍ତ୍ରୀଯୱଚନାନୀୱ ତାନ୍ୟପି ୱିକାରଯନ୍ତି|
3d0311016a	ତସ୍ମାଦ୍ ହେ ପ୍ରିଯତମାଃ, ଯୂଯଂ ପୂର୍ୱ୍ୱଂ ବୁଦ୍ଧ୍ୱା ସାୱଧାନାସ୍ତିଷ୍ଠତ, ଅଧାର୍ମ୍ମିକାଣାଂ ଭ୍ରାନ୍ତିସ୍ରୋତସାପହୃତାଃ ସ୍ୱକୀଯସୁସ୍ଥିରତ୍ୱାତ୍ ମା ଭ୍ରଶ୍ୟତ|
3d03120143	କିନ୍ତ୍ୱସ୍ମାକଂ ପ୍ରଭୋସ୍ତ୍ରାତୁ ର୍ୟୀଶୁଖ୍ରୀଷ୍ଟସ୍ୟାନୁଗ୍ରହେ ଜ୍ଞାନେ ଚ ୱର୍ଦ୍ଧଧ୍ୱଂ| ତସ୍ୟ ଗୌରୱମ୍ ଇଦାନୀଂ ସଦାକାଲଞ୍ଚ ଭୂଯାତ୍| ଆମେନ୍|
3e00000013	୧ ଯୋହନଃ
3e0101017a	ଆଦିତୋ ଯ ଆସୀଦ୍ ଯସ୍ୟ ୱାଗ୍ ଅସ୍ମାଭିରଶ୍ରାୱି ଯଞ୍ଚ ୱଯଂ ସ୍ୱନେତ୍ରୈ ର୍ଦୃଷ୍ଟୱନ୍ତୋ ଯଞ୍ଚ ୱୀକ୍ଷିତୱନ୍ତଃ ସ୍ୱକରୈଃ ସ୍ପୃଷ୍ଟୱନ୍ତଶ୍ଚ ତଂ ଜୀୱନୱାଦଂ ୱଯଂ ଜ୍ଞାପଯାମଃ|
3e010201b5	ସ ଜୀୱନସ୍ୱରୂପଃ ପ୍ରକାଶତ ୱଯଞ୍ଚ ତଂ ଦୃଷ୍ଟୱନ୍ତସ୍ତମଧି ସାକ୍ଷ୍ୟଂ ଦଦ୍ମଶ୍ଚ, ଯଶ୍ଚ ପିତୁଃ ସନ୍ନିଧାୱୱର୍ତ୍ତତାସ୍ମାକଂ ସମୀପେ ପ୍ରକାଶତ ଚ ତମ୍ ଅନନ୍ତଜୀୱନସ୍ୱରୂପଂ ୱଯଂ ଯୁଷ୍ମାନ୍ ଜ୍ଞାପଯାମଃ|
3e010301c7	ଅସ୍ମାଭି ର୍ୟଦ୍ ଦୃଷ୍ଟଂ ଶ୍ରୁତଞ୍ଚ ତଦେୱ ଯୁଷ୍ମାନ୍ ଜ୍ଞାପ୍ୟତେ ତେନାସ୍ମାଭିଃ ସହାଂଶିତ୍ୱଂ ଯୁଷ୍ମାକଂ ଭୱିଷ୍ୟତି| ଅସ୍ମାକଞ୍ଚ ସହାଂଶିତ୍ୱଂ ପିତ୍ରା ତତ୍ପୁତ୍ରେଣ ଯୀଶୁଖ୍ରୀଷ୍ଟେନ ଚ ସାର୍ଦ୍ଧଂ ଭୱତି|
3e010400bb	ଅପରଞ୍ଚ ଯୁଷ୍ମାକମ୍ ଆନନ୍ଦୋ ଯତ୍ ସମ୍ପୂର୍ଣୋ ଭୱେଦ୍ ତଦର୍ଥଂ ୱଯମ୍ ଏତାନି ଲିଖାମଃ|
3e0105012e	ୱଯଂ ଯାଂ ୱାର୍ତ୍ତାଂ ତସ୍ମାତ୍ ଶ୍ରୁତ୍ୱା ଯୁଷ୍ମାନ୍ ଜ୍ଞାପଯାମଃ ସେଯମ୍| ଈଶ୍ୱରୋ ଜ୍ୟୋତିସ୍ତସ୍ମିନ୍ ଅନ୍ଧକାରସ୍ୟ ଲେଶୋଽପି ନାସ୍ତି|
3e010600f6	ୱଯଂ ତେନ ସହାଂଶିନ ଇତି ଗଦିତ୍ୱା ଯଦ୍ୟନ୍ଧାକାରେ ଚରାମସ୍ତର୍ହି ସତ୍ୟାଚାରିଣୋ ନ ସନ୍ତୋ ଽନୃତୱାଦିନୋ ଭୱାମଃ|
3e010701c3	କିନ୍ତୁ ସ ଯଥା ଜ୍ୟୋତିଷି ୱର୍ତ୍ତତେ ତଥା ୱଯମପି ଯଦି ଜ୍ୟୋତିଷି ଚରାମସ୍ତର୍ହି ପରସ୍ପରଂ ସହଭାଗିନୋ ଭୱାମସ୍ତସ୍ୟ ପୁତ୍ରସ୍ୟ ଯୀଶୁଖ୍ରୀଷ୍ଟସ୍ୟ ରୁଧିରଞ୍ଚାସ୍ମାନ୍ ସର୍ୱ୍ୱସ୍ମାତ୍ ପାପାତ୍ ଶୁଦ୍ଧଯତି|
3e010800fc	ୱଯଂ ନିଷ୍ପାପା ଇତି ଯଦି ୱଦାମସ୍ତର୍ହି ସ୍ୱଯମେୱ ସ୍ୱାନ୍ ୱଞ୍ଚଯାମଃ ସତ୍ୟମତଞ୍ଚାସ୍ମାକମ୍ ଅନ୍ତରେ ନ ୱିଦ୍ୟତେ|
3e01090194	ଯଦି ସ୍ୱପାପାନି ସ୍ୱୀକୁର୍ମ୍ମହେ ତର୍ହି ସ ୱିଶ୍ୱାସ୍ୟୋ ଯାଥାର୍ଥିକଶ୍ଚାସ୍ତି ତସ୍ମାଦ୍ ଅସ୍ମାକଂ ପାପାନି କ୍ଷମିଷ୍ୟତେ ସର୍ୱ୍ୱସ୍ମାଦ୍ ଅଧର୍ମ୍ମାଚ୍ଚାସ୍ମାନ୍ ଶୁଦ୍ଧଯିଷ୍ୟତି|
3e010a010b	ୱଯମ୍ ଅକୃତପାପା ଇତି ଯଦି ୱଦାମସ୍ତର୍ହି ତମ୍ ଅନୃତୱାଦିନଂ କୁର୍ମ୍ମସ୍ତସ୍ୟ ୱାକ୍ୟଞ୍ଚାସ୍ମାକମ୍ ଅନ୍ତରେ ନ ୱିଦ୍ୟତେ|
3e02010207	ହେ ପ୍ରିଯବାଲକାଃ, ଯୁଷ୍ମାଭି ର୍ୟତ୍ ପାପଂ ନ କ୍ରିଯେତ ତଦର୍ଥଂ ଯୁଷ୍ମାନ୍ ପ୍ରତ୍ୟେତାନି ମଯା ଲିଖ୍ୟନ୍ତେ| ଯଦି ତୁ କେନାପି ପାପଂ କ୍ରିଯତେ ତର୍ହି ପିତୁଃ ସମୀପେ ଽସ୍ମାକଂ ଏକଃ ସହାଯୋ ଽର୍ଥତୋ ଧାର୍ମ୍ମିକୋ ଯୀଶୁଃ ଖ୍ରୀଷ୍ଟୋ ୱିଦ୍ୟତେ|
3e02020100	ସ ଚାସ୍ମାକଂ ପାପାନାଂ ପ୍ରାଯଶ୍ଚିତ୍ତଂ କେୱଲମସ୍ମାକଂ ନହି କିନ୍ତୁ ଲିଖିଲସଂସାରସ୍ୟ ପାପାନାଂ ପ୍ରାଯଶ୍ଚିତ୍ତଂ|
3e02030074	ୱଯଂ ତଂ ଜାନୀମ ଇତି ତଦୀଯାଜ୍ଞାପାଲନେନାୱଗଚ୍ଛାମଃ|
3e020400f1	ଅହଂ ତଂ ଜାନାମୀତି ୱଦିତ୍ୱା ଯସ୍ତସ୍ୟାଜ୍ଞା ନ ପାଲଯତି ସୋ ଽନୃତୱାଦୀ ସତ୍ୟମତଞ୍ଚ ତସ୍ୟାନ୍ତରେ ନ ୱିଦ୍ୟତେ|
3e02050132	ଯଃ କଶ୍ଚିତ୍ ତସ୍ୟ ୱାକ୍ୟଂ ପାଲଯତି ତସ୍ମିନ୍ ଈଶ୍ୱରସ୍ୟ ପ୍ରେମ ସତ୍ୟରୂପେଣ ସିଧ୍ୟତି ୱଯଂ ତସ୍ମିନ୍ ୱର୍ତ୍ତାମହେ ତଦ୍ ଏତେନାୱଗଚ୍ଛାମଃ|
3e02060105	ଅହଂ ତସ୍ମିନ୍ ତିଷ୍ଠାମୀତି ଯୋ ଗଦତି ତସ୍ୟେଦମ୍ ଉଚିତଂ ଯତ୍ ଖ୍ରୀଷ୍ଟୋ ଯାଦୃଗ୍ ଆଚରିତୱାନ୍ ସୋ ଽପି ତାଦୃଗ୍ ଆଚରେତ୍|
3e020701bc	ହେ ପ୍ରିଯତମାଃ, ଯୁଷ୍ମାନ୍ ପ୍ରତ୍ୟହଂ ନୂତନାମାଜ୍ଞାଂ ଲିଖାମୀତି ନହି କିନ୍ତ୍ୱାଦିତୋ ଯୁଷ୍ମାଭି ର୍ଲବ୍ଧାଂ ପୁରାତନାମାଜ୍ଞାଂ ଲିଖାମି| ଆଦିତୋ ଯୁଷ୍ମାଭି ର୍ୟଦ୍ ୱାକ୍ୟଂ ଶ୍ରୁତଂ ସା ପୁରାତନାଜ୍ଞା|
3e0208015f	ପୁନରପି ଯୁଷ୍ମାନ୍ ପ୍ରତି ନୂତନାଜ୍ଞା ମଯା ଲିଖ୍ୟତ ଏତଦପି ତସ୍ମିନ୍ ଯୁଷ୍ମାସୁ ଚ ସତ୍ୟଂ, ଯତୋ ଽନ୍ଧକାରୋ ୱ୍ୟତ୍ୟେତି ସତ୍ୟା ଜ୍ୟୋତିଶ୍ଚେଦାନୀଂ ପ୍ରକାଶତେ;
3e020900e1	ଅହଂ ଜ୍ୟୋତିଷି ୱର୍ତ୍ତ ଇତି ଗଦିତ୍ୱା ଯଃ ସ୍ୱଭ୍ରାତରଂ ଦ୍ୱେଷ୍ଟି ସୋ ଽଦ୍ୟାପି ତମିସ୍ରେ ୱର୍ତ୍ତତେ|
3e020a00d5	ସ୍ୱଭ୍ରାତରି ଯଃ ପ୍ରୀଯତେ ସ ଏୱ ଜ୍ୟୋତିଷି ୱର୍ତ୍ତତେ ୱିଘ୍ନଜନକଂ କିମପି ତସ୍ମିନ୍ ନ ୱିଦ୍ୟତେ|
3e020b0169	କିନ୍ତୁ ସ୍ୱଭ୍ରାତରଂ ଯୋ ଦ୍ୱେଷ୍ଟି ସ ତିମିରେ ୱର୍ତ୍ତତେ ତିମିରେ ଚରତି ଚ ତିମିରେଣ ଚ ତସ୍ୟ ନଯନେ ଽନ୍ଧୀକ୍ରିଯେତେ ତସ୍ମାତ୍ କ୍କ ଯାମୀତି ସ ଜ୍ଞାତୁଂ ନ ଶକ୍ନୋତି|
3e020c00e4	ହେ ଶିଶୱଃ, ଯୂଯଂ ତସ୍ୟ ନାମ୍ନା ପାପକ୍ଷମାଂ ପ୍ରାପ୍ତୱନ୍ତସ୍ତସ୍ମାଦ୍ ଅହଂ ଯୁଷ୍ମାନ୍ ପ୍ରତି ଲିଖାମି|
3e020d021b	ହେ ପିତରଃ, ଯ ଆଦିତୋ ୱର୍ତ୍ତମାନସ୍ତଂ ଯୂଯଂ ଜାନୀଥ ତସ୍ମାଦ୍ ଯୁଷ୍ମାନ୍ ପ୍ରତି ଲିଖାମି| ହେ ଯୁୱାନଃ ଯୂଯଂ ପାପତ୍ମାନଂ ଜିତୱନ୍ତସ୍ତସ୍ମାଦ୍ ଯୁଷ୍ମାନ୍ ପ୍ରତି ଲିଖାମି| ହେ ବାଲକାଃ, ଯୂଯଂ ପିତରଂ ଜାନୀଥ ତସ୍ମାଦହଂ ଯୁଷ୍ମାନ୍ ପ୍ରତି ଲିଖିତୱାନ୍|
3e020e0233	ହେ ପିତରଃ, ଆଦିତୋ ଯୋ ୱର୍ତ୍ତମାନସ୍ତଂ ଯୂଯଂ ଜାନୀଥ ତସ୍ମାଦ୍ ଯୁଷ୍ମାନ୍ ପ୍ରତି ଲିଖିତୱାନ୍| ହେ ଯୁୱାନଃ, ଯୂଯଂ ବଲୱନ୍ତ ଆଧ୍ୱେ, ଈଶ୍ୱରସ୍ୟ ୱାକ୍ୟଞ୍ଚ ଯୁଷ୍ମଦନ୍ତରେ ୱର୍ତତେ ପାପାତ୍ମା ଚ ଯୁଷ୍ମାଭିଃ ପରାଜିଗ୍ୟେ ତସ୍ମାଦ୍ ଯୁଷ୍ମାନ୍ ପ୍ରତି ଲିଖିତୱାନ୍|
3e020f00fe	ଯୂଯଂ ସଂସାରେ ସଂସାରସ୍ଥୱିଷଯେଷୁ ଚ ମା ପ୍ରୀଯଧ୍ୱଂ ଯଃ ସଂସାରେ ପ୍ରୀଯତେ ତସ୍ୟାନ୍ତରେ ପିତୁଃ ପ୍ରେମ ନ ତିଷ୍ଠତି|
3e02100183	ଯତଃ ସଂସାରେ ଯଦ୍ୟତ୍ ସ୍ଥିତମ୍ ଅର୍ଥତଃ ଶାରୀରିକଭାୱସ୍ୟାଭିଲାଷୋ ଦର୍ଶନେନ୍ଦ୍ରିଯସ୍ୟାଭିଲାଷୋ ଜୀୱନସ୍ୟ ଗର୍ୱ୍ୱଶ୍ଚ ସର୍ୱ୍ୱମେତତ୍ ପିତୃତୋ ନ ଜାଯତେ କିନ୍ତୁ ସଂସାରଦେୱ|
3e021100f1	ସଂସାରସ୍ତଦୀଯାଭିଲାଷଶ୍ଚ ୱ୍ୟତ୍ୟେତି କିନ୍ତୁ ଯ ଈଶ୍ୱରସ୍ୟେଷ୍ଟଂ କରୋତି ସୋ ଽନନ୍ତକାଲଂ ଯାୱତ୍ ତିଷ୍ଠତି|
3e02120182	ହେ ବାଲକାଃ, ଶେଷକାଲୋଽଯଂ, ଅପରଂ ଖ୍ରୀଷ୍ଟାରିଣୋପସ୍ଥାୱ୍ୟମିତି ଯୁଷ୍ମାଭି ର୍ୟଥା ଶ୍ରୁତଂ ତଥା ବହୱଃ ଖ୍ରୀଷ୍ଟାରଯ ଉପସ୍ଥିତାସ୍ତସ୍ମାଦଯଂ ଶେଷକାଲୋଽସ୍ତୀତି ୱଯଂ ଜାନୀମଃ|
3e021301b9	ତେ ଽସ୍ମନ୍ମଧ୍ୟାନ୍ ନିର୍ଗତୱନ୍ତଃ କିନ୍ତ୍ୱସ୍ମଦୀଯା ନାସନ୍ ଯଦ୍ୟସ୍ମଦୀଯା ଅଭୱିଷ୍ୟନ୍ ତର୍ହ୍ୟସ୍ମତ୍ସଙ୍ଗେ ଽସ୍ଥାସ୍ୟନ୍, କିନ୍ତୁ ସର୍ୱ୍ୱେ ଽସ୍ମଦୀଯା ନ ସନ୍ତ୍ୟେତସ୍ୟ ପ୍ରକାଶ ଆୱଶ୍ୟକ ଆସୀତ୍|
3e021400b8	ଯଃ ପୱିତ୍ରସ୍ତସ୍ମାଦ୍ ଯୂଯମ୍ ଅଭିଷେକଂ ପ୍ରାପ୍ତୱନ୍ତସ୍ତେନ ସର୍ୱ୍ୱାଣି ଜାନୀଥ|
3e02150180	ଯୂଯଂ ସତ୍ୟମତଂ ନ ଜାନୀଥ ତତ୍କାରଣାଦ୍ ଅହଂ ଯୁଷ୍ମାନ୍ ପ୍ରତି ଲିଖିତୱାନ୍ ତନ୍ନହି କିନ୍ତୁ ଯୂଯଂ ତତ୍ ଜାନୀଥ ସତ୍ୟମତାଚ୍ଚ କିମପ୍ୟନୃତୱାକ୍ୟଂ ନୋତ୍ପଦ୍ୟତେ ତତ୍କାରଣାଦେୱ|
3e02160140	ଯୀଶୁରଭିଷିକ୍ତସ୍ତ୍ରାତେତି ଯୋ ନାଙ୍ଗୀକରୋତି ତଂ ୱିନା କୋ ଽପରୋ ଽନୃତୱାଦୀ ଭୱେତ୍? ସ ଏୱ ଖ୍ରୀଷ୍ଟାରି ର୍ୟଃ ପିତରଂ ପୁତ୍ରଞ୍ଚ ନାଙ୍ଗୀକରୋତି|
3e021700eb	ଯଃ କଶ୍ଚିତ୍ ପୁତ୍ରଂ ନାଙ୍ଗୀକରୋତି ସ ପିତରମପି ନ ଧାରଯତି ଯଶ୍ଚ ପୁତ୍ରମଙ୍ଗୀକରୋତି ସ ପିତରମପି ଧାରଯତି|
3e02180159	ଆଦିତୋ ଯୁଷ୍ମାଭି ର୍ୟତ୍ ଶ୍ରୁତଂ ତଦ୍ ଯୁଷ୍ମାସୁ ତିଷ୍ଠତୁ, ଆଦିତଃ ଶ୍ରୁତଂ ୱାକ୍ୟଂ ଯଦି ଯୁଷ୍ମାସୁ ତିଷ୍ଠତି, ତର୍ହି ଯୂଯମପି ପୁତ୍ରେ ପିତରି ଚ ସ୍ଥାସ୍ୟଥ|
3e0219009a	ସ ଚ ପ୍ରତିଜ୍ଞଯାସ୍ମଭ୍ୟଂ ଯତ୍ ପ୍ରତିଜ୍ଞାତୱାନ୍ ତଦ୍ ଅନନ୍ତଜୀୱନଂ|
3e021a008b	ଯେ ଜନା ଯୁଷ୍ମାନ୍ ଭ୍ରାମଯନ୍ତି ତାନଧ୍ୟହମ୍ ଇଦଂ ଲିଖିତୱାନ୍|
3e021b0260	ଅପରଂ ଯୂଯଂ ତସ୍ମାଦ୍ ଯମ୍ ଅଭିଷେକଂ ପ୍ରାପ୍ତୱନ୍ତଃ ସ ଯୁଷ୍ମାସୁ ତିଷ୍ଠତି ତତଃ କୋଽପି ଯଦ୍ ଯୁଷ୍ମାନ୍ ଶିକ୍ଷଯେତ୍ ତଦ୍ ଅନାୱଶ୍ୟକଂ, ସ ଚାଭିଷେକୋ ଯୁଷ୍ମାନ୍ ସର୍ୱ୍ୱାଣି ଶିକ୍ଷଯତି ସତ୍ୟଶ୍ଚ ଭୱତି ନ ଚାତଥ୍ୟଃ, ଅତଃ ସ ଯୁଷ୍ମାନ୍ ଯଦ୍ୱଦ୍ ଅଶିକ୍ଷଯତ୍ ତଦ୍ୱତ୍ ତତ୍ର ସ୍ଥାସ୍ୟଥ|
3e021c0178	ଅତଏୱ ହେ ପ୍ରିଯବାଲକା ଯୂଯଂ ତତ୍ର ତିଷ୍ଠତ, ତଥା ସତି ସ ଯଦା ପ୍ରକାଶିଷ୍ୟତେ ତଦା ୱଯଂ ପ୍ରତିଭାନ୍ୱିତା ଭୱିଷ୍ୟାମଃ, ତସ୍ୟାଗମନସମଯେ ଚ ତସ୍ୟ ସାକ୍ଷାନ୍ନ ତ୍ରପିଷ୍ୟାମହେ|
3e021d0106	ସ ଧାର୍ମ୍ମିକୋ ଽସ୍ତୀତି ଯଦି ଯୂଯଂ ଜାନୀଥ ତର୍ହି ଯଃ କଶ୍ଚିଦ୍ ଧର୍ମ୍ମାଚାରଂ କରୋତି ସ ତସ୍ମାତ୍ ଜାତ ଇତ୍ୟପି ଜାନୀତ|
3e03010194	ପଶ୍ୟତ ୱଯମ୍ ଈଶ୍ୱରସ୍ୟ ସନ୍ତାନା ଇତି ନାମ୍ନାଖ୍ୟାମହେ, ଏତେନ ପିତାସ୍ମଭ୍ୟଂ କୀଦୃକ୍ ମହାପ୍ରେମ ପ୍ରଦତ୍ତୱାନ୍, କିନ୍ତୁ ସଂସାରସ୍ତଂ ନାଜାନାତ୍ ତତ୍କାରଣାଦସ୍ମାନ୍ ଅପି ନ ଜାନାତି|
3e03020214	ହେ ପ୍ରିଯତମାଃ, ଇଦାନୀଂ ୱଯମ୍ ଈଶ୍ୱରସ୍ୟ ସନ୍ତାନା ଆସ୍ମହେ ପଶ୍ଚାତ୍ କିଂ ଭୱିଷ୍ୟାମସ୍ତଦ୍ ଅଦ୍ୟାପ୍ୟପ୍ରକାଶିତଂ କିନ୍ତୁ ପ୍ରକାଶଂ ଗତେ ୱଯଂ ତସ୍ୟ ସଦୃଶା ଭୱିଷ୍ୟାମି ଇତି ଜାନୀମଃ, ଯତଃ ସ ଯାଦୃଶୋ ଽସ୍ତି ତାଦୃଶୋ ଽସ୍ମାଭିର୍ଦର୍ଶିଷ୍ୟତେ|
3e030300e4	ତସ୍ମିନ୍ ଏଷା ପ୍ରତ୍ୟାଶା ଯସ୍ୟ କସ୍ୟଚିଦ୍ ଭୱତି ସ ସ୍ୱଂ ତଥା ପୱିତ୍ରଂ କରୋତି ଯଥା ସ ପୱିତ୍ରୋ ଽସ୍ତି|
3e030400c4	ଯଃ କଶ୍ଚିତ୍ ପାପମ୍ ଆଚରତି ସ ୱ୍ୟୱସ୍ଥାଲଙ୍ଘନଂ କରୋତି ଯତଃ ପାପମେୱ ୱ୍ୟୱସ୍ଥାଲଙ୍ଘନଂ|
3e030500e1	ଅପରଂ ସୋ ଽସ୍ମାକଂ ପାପାନ୍ୟପହର୍ତ୍ତୁଂ ପ୍ରାକାଶତୈତଦ୍ ଯୂଯଂ ଜାନୀଥ, ପାପଞ୍ଚ ତସ୍ମିନ୍ ନ ୱିଦ୍ୟତେ|
3e0306010b	ଯଃ କଶ୍ଚିତ୍ ତସ୍ମିନ୍ ତିଷ୍ଠତି ସ ପାପାଚାରଂ ନ କରୋତି ଯଃ କଶ୍ଚିତ୍ ପାପାଚାରଂ କରୋତି ସ ତଂ ନ ଦୃଷ୍ଟୱାନ୍ ନ ୱାୱଗତୱାନ୍|
3e03070153	ହେ ପ୍ରିଯବାଲକାଃ, କଶ୍ଚିଦ୍ ଯୁଷ୍ମାକଂ ଭ୍ରମଂ ନ ଜନଯେତ୍, ଯଃ କଶ୍ଚିଦ୍ ଧର୍ମ୍ମାଚାରଂ କରୋତି ସ ତାଦୃଗ୍ ଧାର୍ମ୍ମିକୋ ଭୱତି ଯାଦୃକ୍ ସ ଧାମ୍ମିକୋ ଽସ୍ତି|
3e03080135	ଯଃ ପାପାଚାରଂ କରୋତି ସ ଶଯତାନାତ୍ ଜାତୋ ଯତଃ ଶଯତାନ ଆଦିତଃ ପାପାଚାରୀ ଶଯତାନସ୍ୟ କର୍ମ୍ମଣାଂ ଲୋପାର୍ଥମେୱେଶ୍ୱରସ୍ୟ ପୁତ୍ରଃ ପ୍ରାକାଶତ|
3e03090158	ଯଃ କଶ୍ଚିଦ୍ ଈଶ୍ୱରାତ୍ ଜାତଃ ସ ପାପାଚାରଂ ନ କରୋତି ଯତସ୍ତସ୍ୟ ୱୀର୍ୟ୍ୟଂ ତସ୍ମିନ୍ ତିଷ୍ଠତି ପାପାଚାରଂ କର୍ତ୍ତୁଞ୍ଚ ନ ଶକ୍ନୋତି ଯତଃ ସ ଈଶ୍ୱରାତ୍ ଜାତଃ|
3e030a01ae	ଇତ୍ୟନେନେଶ୍ୱରସ୍ୟ ସନ୍ତାନାଃ ଶଯତାନସ୍ୟ ଚ ସନ୍ତାନା ୱ୍ୟକ୍ତା ଭୱନ୍ତି| ଯଃ କଶ୍ଚିଦ୍ ଧର୍ମ୍ମାଚାରଂ ନ କରୋତି ସ ଈଶ୍ୱରାତ୍ ଜାତୋ ନହି ଯଶ୍ଚ ସ୍ୱଭ୍ରାତରି ନ ପ୍ରୀଯତେ ସୋ ଽପୀଶ୍ୱରାତ୍ ଜାତୋ ନହି|
3e030b00e3	ଯତସ୍ତସ୍ୟ ଯ ଆଦେଶ ଆଦିତୋ ଯୁଷ୍ମାଭିଃ ଶ୍ରୁତଃ ସ ଏଷ ଏୱ ଯଦ୍ ଅସ୍ମାଭିଃ ପରସ୍ପରଂ ପ୍ରେମ କର୍ତ୍ତୱ୍ୟଂ|
3e030c01e0	ପାପାତ୍ମତୋ ଜାତୋ ଯଃ କାବିଲ୍ ସ୍ୱଭ୍ରାତରଂ ହତୱାନ୍ ତତ୍ସଦୃଶୈରସ୍ମାଭି ର୍ନ ଭୱିତୱ୍ୟଂ| ସ କସ୍ମାତ୍ କାରଣାତ୍ ତଂ ହତୱାନ୍? ତସ୍ୟ କର୍ମ୍ମାଣି ଦୁଷ୍ଟାନି ତଦ୍ଭ୍ରାତୁଶ୍ଚ କର୍ମ୍ମାଣି ଧର୍ମ୍ମାଣ୍ୟାସନ୍ ଇତି କାରଣାତ୍|
3e030d00ca	ହେ ମମ ଭ୍ରାତରଃ, ସଂସାରୋ ଯଦି ଯୁଷ୍ମାନ୍ ଦ୍ୱେଷ୍ଟି ତର୍ହି ତଦ୍ ଆଶ୍ଚର୍ୟ୍ୟଂ ନ ମନ୍ୟଧ୍ୱଂ|
3e030e0136	ୱଯଂ ମୃତ୍ୟୁମ୍ ଉତ୍ତୀର୍ୟ୍ୟ ଜୀୱନଂ ପ୍ରାପ୍ତୱନ୍ତସ୍ତଦ୍ ଭ୍ରାତୃଷୁ ପ୍ରେମକରଣାତ୍ ଜାନୀମଃ| ଭ୍ରାତରି ଯୋ ନ ପ୍ରୀଯତେ ସ ମୃତ୍ୟୌ ତିଷ୍ଠତି|
3e030f0124	ଯଃ କଶ୍ଚିତ୍ ସ୍ୱଭ୍ରାତରଂ ଦ୍ୱେଷ୍ଟି ସଂ ନରଘାତୀ କିଞ୍ଚାନନ୍ତଜୀୱନଂ ନରଘାତିନଃ କସ୍ୟାପ୍ୟନ୍ତରେ ନାୱତିଷ୍ଠତେ ତଦ୍ ଯୂଯଂ ଜାନୀଥ|
3e03100161	ଅସ୍ମାକଂ କୃତେ ସ ସ୍ୱପ୍ରାଣାଂସ୍ତ୍ୟକ୍ତୱାନ୍ ଇତ୍ୟନେନ ୱଯଂ ପ୍ରେମ୍ନସ୍ତତ୍ତ୍ୱମ୍ ଅୱଗତାଃ, ଅପରଂ ଭ୍ରାତୃଣାଂ କୃତେ ଽସ୍ମାଭିରପି ପ୍ରାଣାସ୍ତ୍ୟକ୍ତୱ୍ୟାଃ|
3e03110149	ସାଂସାରିକଜୀୱିକାପ୍ରାପ୍ତୋ ଯୋ ଜନଃ ସ୍ୱଭ୍ରାତରଂ ଦୀନଂ ଦୃଷ୍ଟ୍ୱା ତସ୍ମାତ୍ ସ୍ୱୀଯଦଯାଂ ରୁଣଦ୍ଧି ତସ୍ୟାନ୍ତର ଈଶ୍ୱରସ୍ୟ ପ୍ରେମ କଥଂ ତିଷ୍ଠେତ୍?
3e031200fb	ହେ ମମ ପ୍ରିଯବାଲକାଃ, ୱାକ୍ୟେନ ଜିହ୍ୱଯା ୱାସ୍ମାଭିଃ ପ୍ରେମ ନ କର୍ତ୍ତୱ୍ୟଂ କିନ୍ତୁ କାର୍ୟ୍ୟେଣ ସତ୍ୟତଯା ଚୈୱ|
3e0313010e	ଏତେନ ୱଯଂ ଯତ୍ ସତ୍ୟମତସମ୍ବନ୍ଧୀଯାସ୍ତତ୍ ଜାନୀମସ୍ତସ୍ୟ ସାକ୍ଷାତ୍ ସ୍ୱାନ୍ତଃକରଣାନି ସାନ୍ତ୍ୱଯିତୁଂ ଶକ୍ଷ୍ୟାମଶ୍ଚ|
3e031400ea	ଯତୋ ଽସ୍ମଦନ୍ତଃକରଣଂ ଯଦ୍ୟସ୍ମାନ୍ ଦୂଷଯତି ତର୍ହ୍ୟସ୍ମଦନ୍ତଃ କରଣାଦ୍ ଈଶ୍ୱରୋ ମହାନ୍ ସର୍ୱ୍ୱଜ୍ଞଶ୍ଚ|
3e03150109	ହେ ପ୍ରିଯତମାଃ, ଅସ୍ମଦନ୍ତଃକରଣଂ ଯଦ୍ୟସ୍ମାନ୍ ନ ଦୂଷଯତି ତର୍ହି ୱଯମ୍ ଈଶ୍ୱରସ୍ୟ ସାକ୍ଷାତ୍ ପ୍ରତିଭାନ୍ୱିତା ଭୱାମଃ|
3e03160134	ଯଚ୍ଚ ପ୍ରାର୍ଥଯାମହେ ତତ୍ ତସ୍ମାତ୍ ପ୍ରାପ୍ନୁମଃ, ଯତୋ ୱଯଂ ତସ୍ୟାଜ୍ଞାଃ ପାଲଯାମସ୍ତସ୍ୟ ସାକ୍ଷାତ୍ ତୁଷ୍ଟିଜନକମ୍ ଆଚାରଂ କୁର୍ମ୍ମଶ୍ଚ|
3e0317012f	ଅପରଂ ତସ୍ୟେଯମାଜ୍ଞା ଯଦ୍ ୱଯଂ ପୁତ୍ରସ୍ୟ ଯୀଶୁଖ୍ରୀଷ୍ଟସ୍ୟ ନାମ୍ନି ୱିଶ୍ୱସିମସ୍ତସ୍ୟାଜ୍ଞାନୁସାରେଣ ଚ ପରସ୍ପରଂ ପ୍ରେମ କୁର୍ମ୍ମଃ|
3e03180164	ଯଶ୍ଚ ତସ୍ୟାଜ୍ଞାଃ ପାଲଯତି ସ ତସ୍ମିନ୍ ତିଷ୍ଠତି ତସ୍ମିନ୍ ସୋଽପି ତିଷ୍ଠତି; ସ ଚାସ୍ମାନ୍ ଯମ୍ ଆତ୍ମାନଂ ଦତ୍ତୱାନ୍ ତସ୍ମାତ୍ ସୋ ଽସ୍ମାସୁ ତିଷ୍ଠତୀତି ଜାନୀମଃ|
3e0401018a	ହେ ପ୍ରିଯତମାଃ, ଯୂଯଂ ସର୍ୱ୍ୱେଷ୍ୱାତ୍ମସୁ ନ ୱିଶ୍ୱସିତ କିନ୍ତୁ ତେ ଈଶ୍ୱରାତ୍ ଜାତା ନ ୱେତ୍ୟାତ୍ମନଃ ପରୀକ୍ଷଧ୍ୱଂ ଯତୋ ବହୱୋ ମୃଷାଭୱିଷ୍ୟଦ୍ୱାଦିନୋ ଜଗନ୍ମଧ୍ୟମ୍ ଆଗତୱନ୍ତଃ|
3e0402014d	ଈଶ୍ୱରୀଯୋ ଯ ଆତ୍ମା ସ ଯୁଷ୍ମାଭିରନେନ ପରିଚୀଯତାଂ, ଯୀଶୁଃ ଖ୍ରୀଷ୍ଟୋ ନରାୱତାରୋ ଭୂତ୍ୱାଗତ ଏତଦ୍ ଯେନ କେନଚିଦ୍ ଆତ୍ମନା ସ୍ୱୀକ୍ରିଯତେ ସ ଈଶ୍ୱରୀଯଃ|
3e040301ea	କିନ୍ତୁ ଯୀଶୁଃ ଖ୍ରୀଷ୍ଟୋ ନରାୱତାରୋ ଭୂତ୍ୱାଗତ ଏତଦ୍ ଯେନ କେନଚିଦ୍ ଆତ୍ମନା ନାଙ୍ଗୀକ୍ରିଯତେ ସ ଈଶ୍ୱରୀଯୋ ନହି କିନ୍ତୁ ଖ୍ରୀଷ୍ଟାରେରାତ୍ମା, ତେନ ଚାଗନ୍ତୱ୍ୟମିତି ଯୁଷ୍ମାଭିଃ ଶ୍ରୁତଂ, ସ ଚେଦାନୀମପି ଜଗତି ୱର୍ତ୍ତତେ|
3e04040114	ହେ ବାଲକାଃ, ଯୂଯମ୍ ଈଶ୍ୱରାତ୍ ଜାତାସ୍ତାନ୍ ଜିତୱନ୍ତଶ୍ଚ ଯତଃ ସଂସାରାଧିଷ୍ଠାନକାରିଣୋ ଽପି ଯୁଷ୍ମଦଧିଷ୍ଠାନକାରୀ ମହାନ୍|
3e040500d6	ତେ ସଂସାରାତ୍ ଜାତାସ୍ତତୋ ହେତୋଃ ସଂସାରାଦ୍ ଭାଷନ୍ତେ ସଂସାରଶ୍ଚ ତେଷାଂ ୱାକ୍ୟାନି ଗୃହ୍ଲାତି|
3e040601bc	ୱଯମ୍ ଈଶ୍ୱରାତ୍ ଜାତାଃ, ଈଶ୍ୱରଂ ଯୋ ଜାନାତି ସୋଽସ୍ମଦ୍ୱାକ୍ୟାନି ଗୃହ୍ଲାତି ଯଶ୍ଚେଶ୍ୱରାତ୍ ଜାତୋ ନହି ସୋଽସ୍ମଦ୍ୱାକ୍ୟାନି ନ ଗୃହ୍ଲାତି; ଅନେନ ୱଯଂ ସତ୍ୟାତ୍ମାନଂ ଭ୍ରାମକାତ୍ମାନଞ୍ଚ ପରିଚିନୁମଃ|
3e04070144	ହେ ପ୍ରିଯତମାଃ, ୱଯଂ ପରସ୍ପରଂ ପ୍ରେମ କରୱାମ, ଯତଃ ପ୍ରେମ ଈଶ୍ୱରାତ୍ ଜାଯତେ, ଅପରଂ ଯଃ କଶ୍ଚିତ୍ ପ୍ରେମ କରୋତି ସ ଈଶ୍ୱରାତ୍ ଜାତ ଈଶ୍ୱରଂ ୱେତ୍ତି ଚ|
3e04080098	ଯଃ ପ୍ରେମ ନ କରୋତି ସ ଈଶ୍ୱରଂ ନ ଜାନାତି ଯତ ଈଶ୍ୱରଃ ପ୍ରେମସ୍ୱରୂପଃ|
3e04090165	ଅସ୍ମାସ୍ୱୀଶ୍ୱରସ୍ୟ ପ୍ରେମୈତେନ ପ୍ରାକାଶତ ଯତ୍ ସ୍ୱପୁତ୍ରେଣାସ୍ମଭ୍ୟଂ ଜୀୱନଦାନାର୍ଥମ୍ ଈଶ୍ୱରଃ ସ୍ୱୀଯମ୍ ଅଦ୍ୱିତୀଯଂ ପୁତ୍ରଂ ଜଗନ୍ମଧ୍ୟଂ ପ୍ରେଷିତୱାନ୍|
3e040a0199	ୱଯଂ ଯଦ୍ ଈଶ୍ୱରେ ପ୍ରୀତୱନ୍ତ ଇତ୍ୟତ୍ର ନହି କିନ୍ତୁ ସ ଯଦସ୍ମାସୁ ପ୍ରୀତୱାନ୍ ଅସ୍ମତ୍ପାପାନାଂ ପ୍ରାଯଶ୍ଚିର୍ତ୍ତାର୍ଥଂ ସ୍ୱପୁତ୍ରଂ ପ୍ରେଷିତୱାଂଶ୍ଚେତ୍ୟତ୍ର ପ୍ରେମ ସନ୍ତିଷ୍ଠତେ|
3e040b0108	ହେ ପ୍ରିଯତମାଃ, ଅସ୍ମାସୁ ଯଦୀଶ୍ୱରେଣୈତାଦୃଶଂ ପ୍ରେମ କୃତଂ ତର୍ହି ପରସ୍ପରଂ ପ୍ରେମ କର୍ତ୍ତୁମ୍ ଅସ୍ମାକମପ୍ୟୁଚିତଂ|
3e040c0151	ଈଶ୍ୱରଃ କଦାଚ କେନାପି ନ ଦୃଷ୍ଟଃ ଯଦ୍ୟସ୍ମାଭିଃ ପରସ୍ପରଂ ପ୍ରେମ କ୍ରିଯତେ ତର୍ହୀଶ୍ୱରୋ ଽସ୍ମନ୍ମଧ୍ୟେ ତିଷ୍ଠତି ତସ୍ୟ ପ୍ରେମ ଚାସ୍ମାସୁ ସେତ୍ସ୍ୟତେ|
3e040d0111	ଅସ୍ମଭ୍ୟଂ ତେନ ସ୍ୱକୀଯାତ୍ମନୋଂଽଶୋ ଦତ୍ତ ଇତ୍ୟନେନ ୱଯଂ ଯତ୍ ତସ୍ମିନ୍ ତିଷ୍ଠାମଃ ସ ଚ ଯଦ୍ ଅସ୍ମାସୁ ତିଷ୍ଠତୀତି ଜାନୀମଃ|
3e040e00b0	ପିତା ଜଗତ୍ରାତାରଂ ପୁତ୍ରଂ ପ୍ରେଷିତୱାନ୍ ଏତଦ୍ ୱଯଂ ଦୃଷ୍ଟ୍ୱା ପ୍ରମାଣଯାମଃ|
3e040f00e4	ଯୀଶୁରୀଶ୍ୱରସ୍ୟ ପୁତ୍ର ଏତଦ୍ ଯେନାଙ୍ଗୀକ୍ରିଯତେ ତସ୍ମିନ୍ ଈଶ୍ୱରସ୍ତିଷ୍ଠତି ସ ଚେଶ୍ୱରେ ତିଷ୍ଠତି|
3e041001c4	ଅସ୍ମାସ୍ୱୀଶ୍ୱରସ୍ୟ ଯତ୍ ପ୍ରେମ ୱର୍ତ୍ତତେ ତଦ୍ ୱଯଂ ଜ୍ଞାତୱନ୍ତସ୍ତସ୍ମିନ୍ ୱିଶ୍ୱାସିତୱନ୍ତଶ୍ଚ| ଈଶ୍ୱରଃ ପ୍ରେମସ୍ୱରୂପଃ ପ୍ରେମ୍ନୀ ଯସ୍ତିଷ୍ଠତି ସ ଈଶ୍ୱରେ ତିଷ୍ଠତି ତସ୍ମିଂଶ୍ଚେଶ୍ୱରସ୍ତିଷ୍ଠତି|
3e04110169	ସ ଯାଦୃଶୋ ଽସ୍ତି ୱଯମପ୍ୟେତସ୍ମିନ୍ ଜଗତି ତାଦୃଶା ଭୱାମ ଏତସ୍ମାଦ୍ ୱିଚାରଦିନେ ଽସ୍ମାଭି ର୍ୟା ପ୍ରତିଭା ଲଭ୍ୟତେ ସାସ୍ମତ୍ସମ୍ବନ୍ଧୀଯସ୍ୟ ପ୍ରେମ୍ନଃ ସିଦ୍ଧିଃ|
3e0412013e	ପ୍ରେମ୍ନି ଭୀତି ର୍ନ ୱର୍ତ୍ତତେ କିନ୍ତୁ ସିଦ୍ଧଂ ପ୍ରେମ ଭୀତିଂ ନିରାକରୋତି ଯତୋ ଭୀତିଃ ସଯାତନାସ୍ତି ଭୀତୋ ମାନୱଃ ପ୍ରେମ୍ନି ସିଦ୍ଧୋ ନ ଜାତଃ|
3e041300a5	ଅସ୍ମାସୁ ସ ପ୍ରଥମଂ ପ୍ରୀତୱାନ୍ ଇତି କାରଣାଦ୍ ୱଯଂ ତସ୍ମିନ୍ ପ୍ରୀଯାମହେ|
3e041401f7	ଈଶ୍ୱରେ ଽହଂ ପ୍ରୀଯ ଇତ୍ୟୁକ୍ତ୍ୱା ଯଃ କଶ୍ଚିତ୍ ସ୍ୱଭ୍ରାତରଂ ଦ୍ୱେଷ୍ଟି ସୋ ଽନୃତୱାଦୀ| ସ ଯଂ ଦୃଷ୍ଟୱାନ୍ ତସ୍ମିନ୍ ସ୍ୱଭ୍ରାତରି ଯଦି ନ ପ୍ରୀଯତେ ତର୍ହି ଯମ୍ ଈଶ୍ୱରଂ ନ ଦୃଷ୍ଟୱାନ୍ କଥଂ ତସ୍ମିନ୍ ପ୍ରେମ କର୍ତ୍ତୁଂ ଶକ୍ନୁଯାତ୍?
3e041500ea	ଅତ ଈଶ୍ୱରେ ଯଃ ପ୍ରୀଯତେ ସ ସ୍ୱୀଯଭ୍ରାତର୍ୟ୍ୟପି ପ୍ରୀଯତାମ୍ ଇଯମ୍ ଆଜ୍ଞା ତସ୍ମାଦ୍ ଅସ୍ମାଭି ର୍ଲବ୍ଧା|
3e05010151	ଯୀଶୁରଭିଷିକ୍ତସ୍ତ୍ରାତେତି ଯଃ କଶ୍ଚିଦ୍ ୱିଶ୍ୱାସିତି ସ ଈଶ୍ୱରାତ୍ ଜାତଃ; ଅପରଂ ଯଃ କଶ୍ଚିତ୍ ଜନଯିତରି ପ୍ରୀଯତେ ସ ତସ୍ମାତ୍ ଜାତେ ଜନେ ଽପି ପ୍ରୀଯତେ|
3e050200fc	ୱଯମ୍ ଈଶ୍ୱରସ୍ୟ ସନ୍ତାନେଷୁ ପ୍ରୀଯାମହେ ତଦ୍ ଅନେନ ଜାନୀମୋ ଯଦ୍ ଈଶ୍ୱରେ ପ୍ରୀଯାମହେ ତସ୍ୟାଜ୍ଞାଃ ପାଲଯାମଶ୍ଚ|
3e050300f9	ଯତ ଈଶ୍ୱରେ ଯତ୍ ପ୍ରେମ ତତ୍ ତଦୀଯାଜ୍ଞାପାଲନେନାସ୍ମାଭିଃ ପ୍ରକାଶଯିତୱ୍ୟଂ, ତସ୍ୟାଜ୍ଞାଶ୍ଚ କଠୋରା ନ ଭୱନ୍ତି|
3e050400f8	ଯତୋ ଯଃ କଶ୍ଚିଦ୍ ଈଶ୍ୱରାତ୍ ଜାତଃ ସ ସଂସାରଂ ଜଯତି କିଞ୍ଚାସ୍ମାକଂ ଯୋ ୱିଶ୍ୱାସଃ ସ ଏୱାସ୍ମାକଂ ସଂସାରଜଯିଜଯଃ|
3e050500ac	ଯୀଶୁରୀଶ୍ୱରସ୍ୟ ପୁତ୍ର ଇତି ଯୋ ୱିଶ୍ୱସିତି ତଂ ୱିନା କୋଽପରଃ ସଂସାରଂ ଜଯତି?
3e05060163	ସୋଽଭିଷିକ୍ତସ୍ତ୍ରାତା ଯୀଶୁସ୍ତୋଯରୁଧିରାଭ୍ୟାମ୍ ଆଗତଃ କେୱଲଂ ତୋଯେନ ନହି କିନ୍ତୁ ତୋଯରୁଧିରାଭ୍ୟାମ୍, ଆତ୍ମା ଚ ସାକ୍ଷୀ ଭୱତି ଯତ ଆତ୍ମା ସତ୍ୟତାସ୍ୱରୂପଃ|
3e050700e9	ଯତୋ ହେତୋଃ ସ୍ୱର୍ଗେ ପିତା ୱାଦଃ ପୱିତ୍ର ଆତ୍ମା ଚ ତ୍ରଯ ଇମେ ସାକ୍ଷିଣଃ ସନ୍ତି, ତ୍ରଯ ଇମେ ଚୈକୋ ଭୱନ୍ତି|
3e050800fd	ତଥା ପୃଥିୱ୍ୟାମ୍ ଆତ୍ମା ତୋଯଂ ରୁଧିରଞ୍ଚ ତ୍ରୀଣ୍ୟେତାନି ସାକ୍ଷ୍ୟଂ ଦଦାତି ତେଷାଂ ତ୍ରଯାଣାମ୍ ଏକତ୍ୱଂ ଭୱତି ଚ|
3e0509014d	ମାନୱାନାଂ ସାକ୍ଷ୍ୟଂ ଯଦ୍ୟସ୍ମାଭି ର୍ଗୃହ୍ୟତେ ତର୍ହୀଶ୍ୱରସ୍ୟ ସାକ୍ଷ୍ୟଂ ତସ୍ମାଦପି ଶ୍ରେଷ୍ଠଂ ଯତଃ ସ୍ୱପୁତ୍ରମଧୀଶ୍ୱରେଣ ଦତ୍ତଂ ସାକ୍ଷ୍ୟମିଦଂ|
3e050a01d2	ଈଶ୍ୱରସ୍ୟ ପୁତ୍ରେ ଯୋ ୱିଶ୍ୱାସିତି ସ ନିଜାନ୍ତରେ ତତ୍ ସାକ୍ଷ୍ୟଂ ଧାରଯତି; ଈଶ୍ୱରେ ଯୋ ନ ୱିଶ୍ୱସିତି ସ ତମ୍ ଅନୃତୱାଦିନଂ କରୋତି ଯତ ଈଶ୍ୱରଃ ସ୍ୱପୁତ୍ରମଧି ଯତ୍ ସାକ୍ଷ୍ୟଂ ଦତ୍ତୱାନ୍ ତସ୍ମିନ୍ ସ ନ ୱିଶ୍ୱସିତି|
3e050b00f3	ତଚ୍ଚ ସାକ୍ଷ୍ୟମିଦଂ ଯଦ୍ ଈଶ୍ୱରୋ ଽସ୍ମଭ୍ୟମ୍ ଅନନ୍ତଜୀୱନଂ ଦତ୍ତୱାନ୍ ତଚ୍ଚ ଜୀୱନଂ ତସ୍ୟ ପୁତ୍ରେ ୱିଦ୍ୟତେ|
3e050c00cd	ଯଃ ପୁତ୍ରଂ ଧାରଯତି ସ ଜୀୱନଂ ଧାରିଯତି, ଈଶ୍ୱରସ୍ୟ ପୁତ୍ରଂ ଯୋ ନ ଧାରଯତି ସ ଜୀୱନଂ ନ ଧାରଯତି|
3e050d019d	ଈଶ୍ୱରପୁତ୍ରସ୍ୟ ନାମ୍ନି ଯୁଷ୍ମାନ୍ ପ୍ରତ୍ୟେତାନି ମଯା ଲିଖିତାନି ତସ୍ୟାଭିପ୍ରାଯୋ ଽଯଂ ଯଦ୍ ଯୂଯମ୍ ଅନନ୍ତଜୀୱନପ୍ରାପ୍ତା ଇତି ଜାନୀଯାତ ତସ୍ୟେଶ୍ୱରପୁତ୍ରସ୍ୟ ନାମ୍ନି ୱିଶ୍ୱସେତ ଚ|
3e050e014b	ତସ୍ୟାନ୍ତିକେ ଽସ୍ମାକଂ ଯା ପ୍ରତିଭା ଭୱତି ତସ୍ୟାଃ କାରଣମିଦଂ ଯଦ୍ ୱଯଂ ଯଦି ତସ୍ୟାଭିମତଂ କିମପି ତଂ ଯାଚାମହେ ତର୍ହି ସୋ ଽସ୍ମାକଂ ୱାକ୍ୟଂ ଶୃଣୋତି|
3e050f0120	ସ ଚାସ୍ମାକଂ ଯତ୍ କିଞ୍ଚନ ଯାଚନଂ ଶୃଣୋତୀତି ଯଦି ଜାନୀମସ୍ତର୍ହି ତସ୍ମାଦ୍ ଯାଚିତା ୱରା ଅସ୍ମାଭିଃ ପ୍ରାପ୍ୟନ୍ତେ ତଦପି ଜାନୀମଃ|
3e0510027b	କଶ୍ଚିଦ୍ ଯଦି ସ୍ୱଭ୍ରାତରମ୍ ଅମୃତ୍ୟୁଜନକଂ ପାପଂ କୁର୍ୱ୍ୱନ୍ତଂ ପଶ୍ୟତି ତର୍ହି ସ ପ୍ରାର୍ଥନାଂ କରୋତୁ ତେନେଶ୍ୱରସ୍ତସ୍ମୈ ଜୀୱନଂ ଦାସ୍ୟତି, ଅର୍ଥତୋ ମୃତ୍ୟୁଜନକଂ ପାପଂ ଯେନ ନାକାରିତସ୍ମୈ| କିନ୍ତୁ ମୃତ୍ୟୁଜନକମ୍ ଏକଂ ପାପମ୍ ଆସ୍ତେ ତଦଧି ତେନ ପ୍ରାର୍ଥନା କ୍ରିଯତାମିତ୍ୟହଂ ନ ୱଦାମି|
3e0511009a	ସର୍ୱ୍ୱ ଏୱାଧର୍ମ୍ମଃ ପାପଂ କିନ୍ତୁ ସର୍ୱ୍ୱପାଂପ ମୃତ୍ୟୁଜନକଂ ନହି|
3e05120137	ଯ ଈଶ୍ୱରାତ୍ ଜାତଃ ସ ପାପାଚାରଂ ନ କରୋତି କିନ୍ତ୍ୱୀଶ୍ୱରାତ୍ ଜାତୋ ଜନଃ ସ୍ୱଂ ରକ୍ଷତି ତସ୍ମାତ୍ ସ ପାପାତ୍ମା ତଂ ନ ସ୍ପୃଶତୀତି ୱଯଂ ଜାନୀମଃ|
3e051300ce	ୱଯମ୍ ଈଶ୍ୱରାତ୍ ଜାତାଃ କିନ୍ତୁ କୃତ୍ସ୍ନଃ ସଂସାରଃ ପାପାତ୍ମନୋ ୱଶଂ ଗତୋ ଽସ୍ତୀତି ଜାନୀମଃ|
3e05140260	ଅପରମ୍ ଈଶ୍ୱରସ୍ୟ ପୁତ୍ର ଆଗତୱାନ୍ ୱଯଞ୍ଚ ଯଯା ତସ୍ୟ ସତ୍ୟମଯସ୍ୟ ଜ୍ଞାନଂ ପ୍ରାପ୍ନୁଯାମସ୍ତାଦୃଶୀଂ ଧିଯମ୍ ଅସ୍ମଭ୍ୟଂ ଦତ୍ତୱାନ୍ ଇତି ଜାନୀମସ୍ତସ୍ମିନ୍ ସତ୍ୟମଯେ ଽର୍ଥତସ୍ତସ୍ୟ ପୁତ୍ରେ ଯୀଶୁଖ୍ରୀଷ୍ଟେ ତିଷ୍ଠାମଶ୍ଚ; ସ ଏୱ ସତ୍ୟମଯ ଈଶ୍ୱରୋ ଽନନ୍ତଜୀୱନସ୍ୱରୂପଶ୍ଚାସ୍ତି|
3e05150099	ହେ ପ୍ରିଯବାଲକାଃ, ଯୂଯଂ ଦେୱମୂର୍ତ୍ତିଭ୍ୟଃ ସ୍ୱାନ୍ ରକ୍ଷତ| ଆମେନ୍|
3f00000013	୨ ଯୋହନଃ
3f010100c2	ହେ ଅଭିରୁଚିତେ କୁରିଯେ, ତ୍ୱାଂ ତୱ ପୁତ୍ରାଂଶ୍ଚ ପ୍ରତି ପ୍ରାଚୀନୋଽହଂ ପତ୍ରଂ ଲିଖାମି|
3f0102018b	ସତ୍ୟମତାଦ୍ ଯୁଷ୍ମାସୁ ମମ ପ୍ରେମାସ୍ତି କେୱଲଂ ମମ ନହି କିନ୍ତୁ ସତ୍ୟମତଜ୍ଞାନାଂ ସର୍ୱ୍ୱେଷାମେୱ| ଯତଃ ସତ୍ୟମତମ୍ ଅସ୍ମାସୁ ତିଷ୍ଠତ୍ୟନନ୍ତକାଲଂ ଯାୱଚ୍ଚାସ୍ମାସୁ ସ୍ଥାସ୍ୟତି|
3f0103017b	ପିତୁରୀଶ୍ୱରାତ୍ ତତ୍ପିତୁଃ ପୁତ୍ରାତ୍ ପ୍ରଭୋ ର୍ୟୀଶୁଖ୍ରୀଷ୍ଟାଚ୍ଚ ପ୍ରାପ୍ୟୋ ଽନୁଗ୍ରହଃ କୃପା ଶାନ୍ତିଶ୍ଚ ସତ୍ୟତାପ୍ରେମଭ୍ୟାଂ ସାର୍ଦ୍ଧଂ ଯୁଷ୍ମାନ୍ ଅଧିତିଷ୍ଠତୁ|
3f01040158	ୱଯଂ ପିତୃତୋ ଯାମ୍ ଆଜ୍ଞାଂ ପ୍ରାପ୍ତୱନ୍ତସ୍ତଦନୁସାରେଣ ତୱ କେଚିଦ୍ ଆତ୍ମଜାଃ ସତ୍ୟମତମ୍ ଆଚରନ୍ତ୍ୟେତସ୍ୟ ପ୍ରମାଣଂ ପ୍ରାପ୍ୟାହଂ ଭୃଶମ୍ ଆନନ୍ଦିତୱାନ୍|
3f0105017a	ସାମ୍ପ୍ରତଞ୍ଚ ହେ କୁରିଯେ, ନୱୀନାଂ କାଞ୍ଚିଦ୍ ଆଜ୍ଞାଂ ନ ଲିଖନ୍ନହମ୍ ଆଦିତୋ ଲବ୍ଧାମ୍ ଆଜ୍ଞାଂ ଲିଖନ୍ ତ୍ୱାମ୍ ଇଦଂ ୱିନଯେ ଯଦ୍ ଅସ୍ମାଭିଃ ପରସ୍ପରଂ ପ୍ରେମ କର୍ତ୍ତୱ୍ୟଂ|
3f0106012e	ଅପରଂ ପ୍ରେମୈତେନ ପ୍ରକାଶତେ ଯଦ୍ ୱଯଂ ତସ୍ୟାଜ୍ଞା ଆଚରେମ| ଆଦିତୋ ଯୁଷ୍ମାଭି ର୍ୟା ଶ୍ରୁତା ସେଯମ୍ ଆଜ୍ଞା ସା ଚ ଯୁଷ୍ମାଭିରାଚରିତୱ୍ୟା|
3f0107014f	ଯତୋ ବହୱଃ ପ୍ରୱଞ୍ଚକା ଜଗତ୍ ପ୍ରୱିଶ୍ୟ ଯୀଶୁଖ୍ରୀଷ୍ଟୋ ନରାୱତାରୋ ଭୂତ୍ୱାଗତ ଏତତ୍ ନାଙ୍ଗୀକୁର୍ୱ୍ୱନ୍ତି ସ ଏୱ ପ୍ରୱଞ୍ଚକଃ ଖ୍ରୀଷ୍ଟାରିଶ୍ଚାସ୍ତି|
3f01080116	ଅସ୍ମାକଂ ଶ୍ରମୋ ଯତ୍ ପଣ୍ଡଶ୍ରମୋ ନ ଭୱେତ୍ କିନ୍ତୁ ସମ୍ପୂର୍ଣଂ ୱେତନମସ୍ମାଭି ର୍ଲଭ୍ୟେତ ତଦର୍ଥଂ ସ୍ୱାନଧି ସାୱଧାନା ଭୱତଃ|
3f01090166	ଯଃ କଶ୍ଚିଦ୍ ୱିପଥଗାମୀ ଭୂତ୍ୱା ଖ୍ରୀଷ୍ଟସ୍ୟ ଶିକ୍ଷାଯାଂ ନ ତିଷ୍ଠତି ସ ଈଶ୍ୱରଂ ନ ଧାରଯତି ଖ୍ରୀଷ୍ଟସ୍ୟ ଶିଜ୍ଞାଯାଂ ଯସ୍ତିଷ୍ଠତି ସ ପିତରଂ ପୁତ୍ରଞ୍ଚ ଧାରଯତି|
3f010a015e	ଯଃ କଶ୍ଚିଦ୍ ଯୁଷ୍ମତ୍ସନ୍ନିଧିମାଗଚ୍ଛନ୍ ଶିକ୍ଷାମେନାଂ ନାନଯତି ସ ଯୁଷ୍ମାଭିଃ ସ୍ୱୱେଶ୍ମନି ନ ଗୃହ୍ୟତାଂ ତୱ ମଙ୍ଗଲଂ ଭୂଯାଦିତି ୱାଗପି ତସ୍ମୈ ନ କଥ୍ୟତାଂ|
3f010b00df	ଯତସ୍ତୱ ମଙ୍ଗଲଂ ଭୂଯାଦିତି ୱାଚଂ ଯଃ କଶ୍ଚିତ୍ ତସ୍ମୈ କଥଯତି ସ ତସ୍ୟ ଦୁଷ୍କର୍ମ୍ମଣାମ୍ ଅଂଶୀ ଭୱତି|
3f010c0232	ଯୁଷ୍ମାନ୍ ପ୍ରତି ମଯା ବହୂନି ଲେଖିତୱ୍ୟାନି କିନ୍ତୁ ପତ୍ରମସୀଭ୍ୟାଂ ତତ୍ କର୍ତ୍ତୁଂ ନେଚ୍ଛାମି, ଯତୋ ଽସ୍ମାକମ୍ ଆନନ୍ଦୋ ଯଥା ସମ୍ପୂର୍ଣୋ ଭୱିଷ୍ୟତି ତଥା ଯୁଷ୍ମତ୍ସମୀପମୁପସ୍ଥାଯାହଂ ସମ୍ମୁଖୀଭୂଯ ଯୁଷ୍ମାଭିଃ ସମ୍ଭାଷିଷ୍ୟ ଇତି ପ୍ରତ୍ୟାଶା ମମାସ୍ତେ|
3f010d00ac	ତୱାଭିରୁଚିତାଯା ଭଗିନ୍ୟା ବାଲକାସ୍ତ୍ୱାଂ ନମସ୍କାରଂ ଜ୍ଞାପଯନ୍ତି| ଆମେନ୍|
4000000013	୩ ଯୋହନଃ
40010100c8	ପ୍ରାଚୀନୋ ଽହଂ ସତ୍ୟମତାଦ୍ ଯସ୍ମିନ୍ ପ୍ରୀଯେ ତଂ ପ୍ରିଯତମଂ ଗାଯଂ ପ୍ରତି ପତ୍ରଂ ଲିଖାମି|
40010200e3	ହେ ପ୍ରିଯ, ତୱାତ୍ମା ଯାଦୃକ୍ ଶୁଭାନ୍ୱିତସ୍ତାଦୃକ୍ ସର୍ୱ୍ୱୱିଷଯେ ତୱ ଶୁଭଂ ସ୍ୱାସ୍ଥ୍ୟଞ୍ଚ ଭୂଯାତ୍|
400103010f	ଭ୍ରାତୃଭିରାଗତ୍ୟ ତୱ ସତ୍ୟମତସ୍ୟାର୍ଥତସ୍ତ୍ୱଂ କୀଦୃକ୍ ସତ୍ୟମତମାଚରସ୍ୟେତସ୍ୟ ସାକ୍ଷ୍ୟେ ଦତ୍ତେ ମମ ମହାନନ୍ଦୋ ଜାତଃ|
40010400d0	ମମ ସନ୍ତାନାଃ ସତ୍ୟମତମାଚରନ୍ତୀତିୱାର୍ତ୍ତାତୋ ମମ ଯ ଆନନ୍ଦୋ ଜାଯତେ ତତୋ ମହତ୍ତରୋ ନାସ୍ତି|
4001050124	ହେ ପ୍ରିଯ, ଭ୍ରାତୃନ୍ ପ୍ରତି ୱିଶେଷତସ୍ତାନ୍ ୱିଦେଶିନୋ ଭୃତୃନ୍ ପ୍ରତି ତ୍ୱଯା ଯଦ୍ୟତ୍ କୃତଂ ତତ୍ ସର୍ୱ୍ୱଂ ୱିଶ୍ୱାସିନୋ ଯୋଗ୍ୟଂ|
400106013c	ତେ ଚ ସମିତେଃ ସାକ୍ଷାତ୍ ତୱ ପ୍ରମ୍ନଃ ପ୍ରମାଣଂ ଦତ୍ତୱନ୍ତଃ, ଅପରମ୍ ଈଶ୍ୱରଯୋଗ୍ୟରୂପେଣ ତାନ୍ ପ୍ରସ୍ଥାପଯତା ତ୍ୱଯା ସତ୍କର୍ମ୍ମ କାରିଷ୍ୟତେ|
40010700ba	ଯତସ୍ତେ ତସ୍ୟ ନାମ୍ନା ଯାତ୍ରାଂ ୱିଧାଯ ଭିନ୍ନଜାତୀଯେଭ୍ୟଃ କିମପି ନ ଗୃହୀତୱନ୍ତଃ|
40010800d8	ତସ୍ମାଦ୍ ୱଯଂ ଯତ୍ ସତ୍ୟମତସ୍ୟ ସହାଯା ଭୱେମ ତଦର୍ଥମେତାଦୃଶା ଲୋକା ଅସ୍ମାଭିରନୁଗ୍ରହୀତୱ୍ୟାଃ|
400109010a	ସମିତିଂ ପ୍ରତ୍ୟହଂ ପତ୍ରଂ ଲିଖିତୱାନ୍ କିନ୍ତୁ ତେଷାଂ ମଧ୍ୟେ ଯୋ ଦିଯତ୍ରିଫିଃ ପ୍ରଧାନାଯତେ ସୋ ଽସ୍ମାନ୍ ନ ଗୃହ୍ଲାତି|
40010a0249	ଅତୋ ଽହଂ ଯଦୋପସ୍ଥାସ୍ୟାମି ତଦା ତେନ ଯଦ୍ୟତ୍ କ୍ରିଯତେ ତତ୍ ସର୍ୱ୍ୱଂ ତଂ ସ୍ମାରଯିଷ୍ୟାମି, ଯତଃ ସ ଦୁର୍ୱ୍ୱାକ୍ୟୈରସ୍ମାନ୍ ଅପୱଦତି, ତେନାପି ତୃପ୍ତିଂ ନ ଗତ୍ୱା ସ୍ୱଯମପି ଭ୍ରାତୃନ୍ ନାନୁଗୃହ୍ଲାତି ଯେ ଚାନୁଗ୍ରହୀତୁମିଚ୍ଛନ୍ତି ତାନ୍ ସମିତିତୋ ଽପି ବହିଷ୍କରୋତି|
40010b016b	ହେ ପ୍ରିଯ, ତ୍ୱଯା ଦୁଷ୍କର୍ମ୍ମ ନାନୁକ୍ରିଯତାଂ କିନ୍ତୁ ସତ୍କର୍ମ୍ମୈୱ| ଯଃ ସତ୍କର୍ମ୍ମାଚାରୀ ସ ଈଶ୍ୱରାତ୍ ଜାତଃ, ଯୋ ଦୁଷ୍କର୍ମ୍ମାଚାରୀ ସ ଈଶ୍ୱରଂ ନ ଦୃଷ୍ଟୱାନ୍|
40010c0177	ଦୀମୀତ୍ରିଯସ୍ୟ ପକ୍ଷେ ସର୍ୱ୍ୱୈଃ ସାକ୍ଷ୍ୟମ୍ ଅଦାଯି ୱିଶେଷତଃ ସତ୍ୟମତେନାପି, ୱଯମପି ତତ୍ପକ୍ଷେ ସାକ୍ଷ୍ୟଂ ଦଦ୍ମଃ, ଅସ୍ମାକଞ୍ଚ ସାକ୍ଷ୍ୟଂ ସତ୍ୟମେୱେତି ଯୂଯଂ ଜାନୀଥ|
40010d00c6	ତ୍ୱାଂ ପ୍ରତି ମଯା ବହୂନି ଲେଖିତୱ୍ୟାନି କିନ୍ତୁ ମସୀଲେଖନୀଭ୍ୟାଂ ଲେଖିତୁଂ ନେଚ୍ଛାମି|
40010e0227	ଅଚିରେଣ ତ୍ୱାଂ ଦ୍ରକ୍ଷ୍ୟାମୀତି ମମ ପ୍ରତ୍ୟାଶାସ୍ତେ ତଦାୱାଂ ସମ୍ମୁଖୀଭୂଯ ପରସ୍ପରଂ ସମ୍ଭାଷିଷ୍ୟାୱହେ| ତୱ ଶାନ୍ତି ର୍ଭୂଯାତ୍| ଅସ୍ମାକଂ ମିତ୍ରାଣି ତ୍ୱାଂ ନମସ୍କାରଂ ଜ୍ଞାପଯନ୍ତି ତ୍ୱମପ୍ୟେକୈକସ୍ୟ ନାମ ପ୍ରୋଚ୍ୟ ମିତ୍ରେଭ୍ୟୋ ନମସ୍କୁରୁ| ଇତି|
4100000015	ଯିହୂଦାଃ
4101010165	ଯୀଶୁଖ୍ରୀଷ୍ଟସ୍ୟ ଦାସୋ ଯାକୂବୋ ଭ୍ରାତା ଯିହୂଦାସ୍ତାତେନେଶ୍ୱରେଣ ପୱିତ୍ରୀକୃତାନ୍ ଯୀଶୁଖ୍ରୀଷ୍ଟେନ ରକ୍ଷିତାଂଶ୍ଚାହୂତାନ୍ ଲୋକାନ୍ ପ୍ରତି ପତ୍ରଂ ଲିଖତି|
4101020093	କୃପା ଶାନ୍ତିଃ ପ୍ରେମ ଚ ବାହୁଲ୍ୟରୂପେଣ ଯୁଷ୍ମାସ୍ୱଧିତିଷ୍ଠତୁ|
410103023d	ହେ ପ୍ରିଯାଃ, ସାଧାରଣପରିତ୍ରାଣମଧି ଯୁଷ୍ମାନ୍ ପ୍ରତି ଲେଖିତୁଂ ମମ ବହୁଯତ୍ନେ ଜାତେ ପୂର୍ୱ୍ୱକାଲେ ପୱିତ୍ରଲୋକେଷୁ ସମର୍ପିତୋ ଯୋ ଧର୍ମ୍ମସ୍ତଦର୍ଥଂ ଯୂଯଂ ପ୍ରାଣୱ୍ୟଯେନାପି ସଚେଷ୍ଟା ଭୱତେତି ୱିନଯାର୍ଥଂ ଯୁଷ୍ମାନ୍ ପ୍ରତି ପତ୍ରଲେଖନମାୱଶ୍ୟକମ୍ ଅମନ୍ୟେ|
4101040272	ଯସ୍ମାଦ୍ ଏତଦ୍ରୂପଦଣ୍ଡପ୍ରାପ୍ତଯେ ପୂର୍ୱ୍ୱଂ ଲିଖିତାଃ କେଚିଜ୍ଜନା ଅସ୍ମାନ୍ ଉପସୃପ୍ତୱନ୍ତଃ, ତେ ଽଧାର୍ମ୍ମିକଲୋକା ଅସ୍ମାକମ୍ ଈଶ୍ୱରସ୍ୟାନୁଗ୍ରହଂ ଧ୍ୱଜୀକୃତ୍ୟ ଲମ୍ପଟତାମ୍ ଆଚରନ୍ତି, ଅଦ୍ୱିତୀଯୋ ଽଧିପତି ର୍ୟୋ ଽସ୍ମାକଂ ପ୍ରଭୁ ର୍ୟୀଶୁଖ୍ରୀଷ୍ଟସ୍ତଂ ନାଙ୍ଗୀକୁର୍ୱ୍ୱନ୍ତି|
410105019a	ତସ୍ମାଦ୍ ଯୂଯଂ ପୁରା ଯଦ୍ ଅୱଗତାସ୍ତତ୍ ପୁନ ର୍ୟୁଷ୍ମାନ୍ ସ୍ମାରଯିତୁମ୍ ଇଚ୍ଛାମି, ଫଲତଃ ପ୍ରଭୁରେକକୃତ୍ୱଃ ସ୍ୱପ୍ରଜା ମିସରଦେଶାଦ୍ ଉଦଧାର ଯତ୍ ତତଃ ପରମ୍ ଅୱିଶ୍ୱାସିନୋ ୱ୍ୟନାଶଯତ୍|
41010601aa	ଯେ ଚ ସ୍ୱର୍ଗଦୂତାଃ ସ୍ୱୀଯକର୍ତୃତ୍ୱପଦେ ନ ସ୍ଥିତ୍ୱା ସ୍ୱୱାସସ୍ଥାନଂ ପରିତ୍ୟକ୍ତୱନ୍ତସ୍ତାନ୍ ସ ମହାଦିନସ୍ୟ ୱିଚାରାର୍ଥମ୍ ଅନ୍ଧକାରମଯେ ଽଧଃସ୍ଥାନେ ସଦାସ୍ଥାଯିଭି ର୍ବନ୍ଧନୈରବଧ୍ନାତ୍|
410107020e	ଅପରଂ ସିଦୋମମ୍ ଅମୋରା ତନ୍ନିକଟସ୍ଥନଗରାଣି ଚୈତେଷାଂ ନିୱାସିନସ୍ତତ୍ସମରୂପଂ ୱ୍ୟଭିଚାରଂ କୃତୱନ୍ତୋ ୱିଷମମୈଥୁନସ୍ୟ ଚେଷ୍ଟଯା ୱିପଥଂ ଗତୱନ୍ତଶ୍ଚ ତସ୍ମାତ୍ ତାନ୍ୟପି ଦୃଷ୍ଟାନ୍ତସ୍ୱରୂପାଣି ଭୂତ୍ୱା ସଦାତନୱହ୍ନିନା ଦଣ୍ଡଂ ଭୁଞ୍ଜତେ|
410108011d	ତଥୈୱେମେ ସ୍ୱପ୍ନାଚାରିଣୋଽପି ସ୍ୱଶରୀରାଣି କଲଙ୍କଯନ୍ତି ରାଜାଧୀନତାଂ ନ ସ୍ୱୀକୁର୍ୱ୍ୱନ୍ତ୍ୟୁଚ୍ଚପଦସ୍ଥାନ୍ ନିନ୍ଦନ୍ତି ଚ|
41010901ab	କିନ୍ତୁ ପ୍ରଧାନଦିୱ୍ୟଦୂତୋ ମୀଖାଯେଲୋ ଯଦା ମୂସସୋ ଦେହେ ଶଯତାନେନ ୱିୱଦମାନଃ ସମଭାଷତ ତଦା ତିସ୍ମନ୍ ନିନ୍ଦାରୂପଂ ଦଣ୍ଡଂ ସମର୍ପଯିତୁଂ ସାହସଂ ନ କୃତ୍ୱାକଥଯତ୍ ପ୍ରଭୁସ୍ତ୍ୱାଂ ଭର୍ତ୍ସଯତାଂ|
41010a0102	କିନ୍ତ୍ୱିମେ ଯନ୍ନ ବୁଧ୍ୟନ୍ତେ ତନ୍ନିନ୍ଦନ୍ତି ଯଚ୍ଚ ନିର୍ବ୍ବୋଧପଶୱ ଇୱେନ୍ଦ୍ରିଯୈରୱଗଚ୍ଛନ୍ତି ତେନ ନଶ୍ୟନ୍ତି|
41010b0140	ତାନ୍ ଧିକ୍, ତେ କାବିଲୋ ମାର୍ଗେ ଚରନ୍ତି ପାରିତୋଷିକସ୍ୟାଶାତୋ ବିଲିଯମୋ ଭ୍ରାନ୍ତିମନୁଧାୱନ୍ତି କୋରହସ୍ୟ ଦୁର୍ମ୍ମୁଖତ୍ୱେନ ୱିନଶ୍ୟନ୍ତି ଚ|
41010c01fc	ଯୁଷ୍ମାକଂ ପ୍ରେମଭୋଜ୍ୟେଷୁ ତେ ୱିଘ୍ନଜନକା ଭୱନ୍ତି, ଆତ୍ମମ୍ଭରଯଶ୍ଚ ଭୂତ୍ୱା ନିର୍ଲଜ୍ଜଯା ଯୁଷ୍ମାଭିଃ ସାର୍ଦ୍ଧଂ ଭୁଞ୍ଜତେ| ତେ ୱାଯୁଭିଶ୍ଚାଲିତା ନିସ୍ତୋଯମେଘା ହେମନ୍ତକାଲିକା ନିଷ୍ଫଲା ଦ୍ୱି ର୍ମୃତା ଉନ୍ମୂଲିତା ୱୃକ୍ଷାଃ,
41010d0133	ସ୍ୱକୀଯଲଜ୍ଜାଫେଣୋଦ୍ୱମକାଃ ପ୍ରଚଣ୍ଡାଃ ସାମୁଦ୍ରତରଙ୍ଗାଃ ସଦାକାଲଂ ଯାୱତ୍ ଘୋରତିମିରଭାଗୀନି ଭ୍ରମଣକାରୀଣି ନକ୍ଷତ୍ରାଣି ଚ ଭୱନ୍ତି|
41010e014c	ଆଦମତଃ ସପ୍ତମଃ ପୁରୁଷୋ ଯୋ ହନୋକଃ ସ ତାନୁଦ୍ଦିଶ୍ୟ ଭୱିଷ୍ୟଦ୍ୱାକ୍ୟମିଦଂ କଥିତୱାନ୍, ଯଥା, ପଶ୍ୟ ସ୍ୱକୀଯପୁଣ୍ୟାନାମ୍ ଅଯୁତୈ ର୍ୱେଷ୍ଟିତଃ ପ୍ରଭୁଃ|
41010f02bb	ସର୍ୱ୍ୱାନ୍ ପ୍ରତି ୱିଚାରାଜ୍ଞାସାଧନାଯାଗମିଷ୍ୟତି| ତଦା ଚାଧାର୍ମ୍ମିକାଃ ସର୍ୱ୍ୱେ ଜାତା ଯୈରପରାଧିନଃ| ୱିଧର୍ମ୍ମକର୍ମ୍ମଣାଂ ତେଷାଂ ସର୍ୱ୍ୱେଷାମେୱ କାରଣାତ୍| ତଥା ତଦ୍ୱୈପରୀତ୍ୟେନାପ୍ୟଧର୍ମ୍ମାଚାରିପାପିନାଂ| ଉକ୍ତକଠୋରୱାକ୍ୟାନାଂ ସର୍ୱ୍ୱେଷାମପି କାରଣାତ୍| ପରମେଶେନ ଦୋଷିତ୍ୱଂ ତେଷାଂ ପ୍ରକାଶଯିଷ୍ୟତେ||
410110011f	ତେ ୱାକ୍କଲହକାରିଣଃ ସ୍ୱଭାଗ୍ୟନିନ୍ଦକାଃ ସ୍ୱେଚ୍ଛାଚାରିଣୋ ଦର୍ପୱାଦିମୁଖୱିଶିଷ୍ଟା ଲାଭାର୍ଥଂ ମନୁଷ୍ୟସ୍ତାୱକାଶ୍ଚ ସନ୍ତି|
4101110129	କିନ୍ତୁ ହେ ପ୍ରିଯତମାଃ, ଅସ୍ମାକଂ ପ୍ରଭୋ ର୍ୟୀଶୁଖ୍ରୀଷ୍ଟସ୍ୟ ପ୍ରେରିତୈ ର୍ୟଦ୍ ୱାକ୍ୟଂ ପୂର୍ୱ୍ୱଂ ଯୁଷ୍ମଭ୍ୟଂ କଥିତଂ ତତ୍ ସ୍ମରତ,
41011200b1	ଫଲତଃ ଶେଷସମଯେ ସ୍ୱେଚ୍ଛାତୋ ଽଧର୍ମ୍ମାଚାରିଣୋ ନିନ୍ଦକା ଉପସ୍ଥାସ୍ୟନ୍ତୀତି|
41011300ad	ଏତେ ଲୋକାଃ ସ୍ୱାନ୍ ପୃଥକ୍ କୁର୍ୱ୍ୱନ୍ତଃ ସାଂସାରିକା ଆତ୍ମହୀନାଶ୍ଚ ସନ୍ତି|
4101140118	କିନ୍ତୁ ହେ ପ୍ରିଯତମାଃ, ଯୂଯଂ ସ୍ୱେଷାମ୍ ଅତିପୱିତ୍ରୱିଶ୍ୱାସେ ନିଚୀଯମାନାଃ ପୱିତ୍ରେଣାତ୍ମନା ପ୍ରାର୍ଥନାଂ କୁର୍ୱ୍ୱନ୍ତ
4101150107	ଈଶ୍ୱରସ୍ୟ ପ୍ରେମ୍ନା ସ୍ୱାନ୍ ରକ୍ଷତ, ଅନନ୍ତଜୀୱନାଯ ଚାସ୍ମାକଂ ପ୍ରଭୋ ର୍ୟୀଶୁଖ୍ରୀଷ୍ଟସ୍ୟ କୃପାଂ ପ୍ରତୀକ୍ଷଧ୍ୱଂ|
410116006d	ଅପରଂ ଯୂଯଂ ୱିୱିଚ୍ୟ କାଂଶ୍ଚିଦ୍ ଅନୁକମ୍ପଧ୍ୱଂ
41011700f2	କାଂଶ୍ଚିଦ୍ ଅଗ୍ନିତ ଉଦ୍ଧୃତ୍ୟ ଭଯଂ ପ୍ରଦର୍ଶ୍ୟ ରକ୍ଷତ, ଶାରୀରିକଭାୱେନ କଲଙ୍କିତଂ ୱସ୍ତ୍ରମପି ଋତୀଯଧ୍ୱଂ|
410118010e	ଅପରଞ୍ଚ ଯୁଷ୍ମାନ୍ ସ୍ଖଲନାଦ୍ ରକ୍ଷିତୁମ୍ ଉଲ୍ଲାସେନ ସ୍ୱୀଯତେଜସଃ ସାକ୍ଷାତ୍ ନିର୍ଦ୍ଦୋଷାନ୍ ସ୍ଥାପଯିତୁଞ୍ଚ ସମର୍ଥୋ
4101190161	ଯୋ ଽସ୍ମାକମ୍ ଅଦ୍ୱିତୀଯସ୍ତ୍ରାଣକର୍ତ୍ତା ସର୍ୱ୍ୱଜ୍ଞ ଈଶ୍ୱରସ୍ତସ୍ୟ ଗୌରୱଂ ମହିମା ପରାକ୍ରମଃ କର୍ତୃତ୍ୱଞ୍ଚେଦାନୀମ୍ ଅନନ୍ତକାଲଂ ଯାୱଦ୍ ଭୂଯାତ୍| ଆମେନ୍|
420000001b	ପ୍ରକାଶିତଂ
42010101c8	ଯତ୍ ପ୍ରକାଶିତଂ ୱାକ୍ୟମ୍ ଈଶ୍ୱରଃ ସ୍ୱଦାସାନାଂ ନିକଟଂ ଶୀଘ୍ରମୁପସ୍ଥାସ୍ୟନ୍ତୀନାଂ ଘଟନାନାଂ ଦର୍ଶନାର୍ଥଂ ଯୀଶୁଖ୍ରୀଷ୍ଟେ ସମର୍ପିତୱାନ୍ ତତ୍ ସ ସ୍ୱୀଯଦୂତଂ ପ୍ରେଷ୍ୟ ନିଜସେୱକଂ ଯୋହନଂ ଜ୍ଞାପିତୱାନ୍|
42010200da	ସ ଚେଶ୍ୱରସ୍ୟ ୱାକ୍ୟେ ଖ୍ରୀଷ୍ଟସ୍ୟ ସାକ୍ଷ୍ୟେ ଚ ଯଦ୍ୟଦ୍ ଦୃଷ୍ଟୱାନ୍ ତସ୍ୟ ପ୍ରମାଣଂ ଦତ୍ତୱାନ୍|
4201030138	ଏତସ୍ୟ ଭୱିଷ୍ୟଦ୍ୱକ୍ତୃଗ୍ରନ୍ଥସ୍ୟ ୱାକ୍ୟାନାଂ ପାଠକଃ ଶ୍ରୋତାରଶ୍ଚ ତନ୍ମଧ୍ୟେ ଲିଖିତାଜ୍ଞାଗ୍ରାହିଣଶ୍ଚ ଧନ୍ୟା ଯତଃ ସ କାଲଃ ସନ୍ନିକଟଃ|
4201040167	ଯୋହନ୍ ଆଶିଯାଦେଶସ୍ଥାଃ ସପ୍ତ ସମିତୀଃ ପ୍ରତି ପତ୍ରଂ ଲିଖତି| ଯୋ ୱର୍ତ୍ତମାନୋ ଭୂତୋ ଭୱିଷ୍ୟଂଶ୍ଚ ଯେ ଚ ସପ୍ତାତ୍ମାନସ୍ତସ୍ୟ ସିଂହାସନସ୍ୟ ସମ୍ମୁଖେ ତିଷ୍ଠନ୍ତି
4201050184	ଯଶ୍ଚ ଯୀଶୁଖ୍ରୀଷ୍ଟୋ ୱିଶ୍ୱସ୍ତଃ ସାକ୍ଷୀ ମୃତାନାଂ ମଧ୍ୟେ ପ୍ରଥମଜାତୋ ଭୂମଣ୍ଡଲସ୍ଥରାଜାନାମ୍ ଅଧିପତିଶ୍ଚ ଭୱତି, ଏତେଭ୍ୟୋ ଽନୁଗ୍ରହଃ ଶାନ୍ତିଶ୍ଚ ଯୁଷ୍ମାସୁ ୱର୍ତ୍ତତାଂ|
4201060208	ଯୋ ଽସ୍ମାସୁ ପ୍ରୀତୱାନ୍ ସ୍ୱରୁଧିରେଣାସ୍ମାନ୍ ସ୍ୱପାପେଭ୍ୟଃ ପ୍ରକ୍ଷାଲିତୱାନ୍ ତସ୍ୟ ପିତୁରୀଶ୍ୱରସ୍ୟ ଯାଜକାନ୍ କୃତ୍ୱାସ୍ମାନ୍ ରାଜୱର୍ଗେ ନିଯୁକ୍ତୱାଂଶ୍ଚ ତସ୍ମିନ୍ ମହିମା ପରାକ୍ରମଶ୍ଚାନନ୍ତକାଲଂ ଯାୱଦ୍ ୱର୍ତ୍ତତାଂ| ଆମେନ୍|
42010701ae	ପଶ୍ୟତ ସ ମେଘୈରାଗଚ୍ଛତି ତେନୈକୈକସ୍ୟ ଚକ୍ଷୁସ୍ତଂ ଦ୍ରକ୍ଷ୍ୟତି ଯେ ଚ ତଂ ୱିଦ୍ଧୱନ୍ତସ୍ତେ ଽପି ତଂ ୱିଲୋକିଷ୍ୟନ୍ତେ ତସ୍ୟ କୃତେ ପୃଥିୱୀସ୍ଥାଃ ସର୍ୱ୍ୱେ ୱଂଶା ୱିଲପିଷ୍ୟନ୍ତି| ସତ୍ୟମ୍ ଆମେନ୍|
4201080119	ୱର୍ତ୍ତମାନୋ ଭୂତୋ ଭୱିଷ୍ୟଂଶ୍ଚ ଯଃ ସର୍ୱ୍ୱଶକ୍ତିମାନ୍ ପ୍ରଭୁଃ ପରମେଶ୍ୱରଃ ସ ଗଦତି, ଅହମେୱ କଃ କ୍ଷଶ୍ଚାର୍ଥତ ଆଦିରନ୍ତଶ୍ଚ|
4201090194	ଯୁଷ୍ମାକଂ ଭ୍ରାତା ଯୀଶୁଖ୍ରୀଷ୍ଟସ୍ୟ କ୍ଲେଶରାଜ୍ୟତିତିକ୍ଷାଣାଂ ସହଭାଗୀ ଚାହଂ ଯୋହନ୍ ଈଶ୍ୱରସ୍ୟ ୱାକ୍ୟହେତୋ ର୍ୟୀଶୁଖ୍ରୀଷ୍ଟସ୍ୟ ସାକ୍ଷ୍ୟହେତୋଶ୍ଚ ପାତ୍ମନାମକ ଉପଦ୍ୱୀପ ଆସଂ|
42010a00cf	ତତ୍ର ପ୍ରଭୋ ର୍ଦିନେ ଆତ୍ମନାୱିଷ୍ଟୋ ଽହଂ ସ୍ୱପଶ୍ଚାତ୍ ତୂରୀଧ୍ୱନିୱତ୍ ମହାରୱମ୍ ଅଶ୍ରୌଷଂ,
42010b0206	ତେନୋକ୍ତମ୍, ଅହଂ କଃ କ୍ଷଶ୍ଚାର୍ଥତ ଆଦିରନ୍ତଶ୍ଚ| ତ୍ୱଂ ଯଦ୍ ଦ୍ରକ୍ଷ୍ୟସି ତଦ୍ ଗ୍ରନ୍ଥେ ଲିଖିତ୍ୱାଶିଯାଦେଶସ୍ଥାନାଂ ସପ୍ତ ସମିତୀନାଂ ସମୀପମ୍ ଇଫିଷଂ ସ୍ମୁର୍ଣାଂ ଥୁଯାତୀରାଂ ସାର୍ଦ୍ଦିଂ ଫିଲାଦିଲ୍ଫିଯାଂ ଲାଯଦୀକେଯାଞ୍ଚ ପ୍ରେଷଯ|
42010c0144	ତତୋ ମଯା ସମ୍ଭାଷମାଣସ୍ୟ କସ୍ୟ ରୱଃ ଶ୍ରୂଯତେ ତଦ୍ଦର୍ଶନାର୍ଥଂ ମୁଖଂ ପରାୱର୍ତ୍ତିତଂ ତତ୍ ପରାୱର୍ତ୍ୟ ସ୍ୱର୍ଣମଯାଃ ସପ୍ତ ଦୀପୱୃକ୍ଷା ଦୃଷ୍ଟାଃ|
42010d0141	ତେଷାଂ ସପ୍ତ ଦୀପୱୃକ୍ଷାଣାଂ ମଧ୍ୟେ ଦୀର୍ଘପରିଚ୍ଛଦପରିହିତଃ ସୁୱର୍ଣଶୃଙ୍ଖଲେନ ୱେଷ୍ଟିତୱକ୍ଷଶ୍ଚ ମନୁଷ୍ୟପୁତ୍ରାକୃତିରେକୋ ଜନସ୍ତିଷ୍ଠତି,
42010e00b5	ତସ୍ୟ ଶିରଃ କେଶଶ୍ଚ ଶ୍ୱେତମେଷଲୋମାନୀୱ ହିମୱତ୍ ଶ୍ରେତୌ ଲୋଚନେ ୱହ୍ନିଶିଖାସମେ
42010f00ad	ଚରଣୌ ୱହ୍ନିକୁଣ୍ଡେତାପିତସୁପିତ୍ତଲସଦୃଶୌ ରୱଶ୍ଚ ବହୁତୋଯାନାଂ ରୱତୁଲ୍ୟଃ|
4201100177	ତସ୍ୟ ଦକ୍ଷିଣହସ୍ତେ ସପ୍ତ ତାରା ୱିଦ୍ୟନ୍ତେ ୱକ୍ତ୍ରାଚ୍ଚ ତୀକ୍ଷ୍ଣୋ ଦ୍ୱିଧାରଃ ଖଙ୍ଗୋ ନିର୍ଗଚ୍ଛତି ମୁଖମଣ୍ଡଲଞ୍ଚ ସ୍ୱତେଜସା ଦେଦୀପ୍ୟମାନସ୍ୟ ସୂର୍ୟ୍ୟସ୍ୟ ସଦୃଶଂ|
4201110112	ତଂ ଦୃଷ୍ଟ୍ୱାହଂ ମୃତକଲ୍ପସ୍ତଚ୍ଚରଣେ ପତିତସ୍ତତଃ ସ୍ୱଦକ୍ଷିଣକରଂ ମଯି ନିଧାଯ ତେନୋକ୍ତମ୍ ମା ଭୈଷୀଃ; ଅହମ୍ ଆଦିରନ୍ତଶ୍ଚ|
420112012b	ଅହମ୍ ଅମରସ୍ତଥାପି ମୃତୱାନ୍ କିନ୍ତୁ ପଶ୍ୟାହମ୍ ଅନନ୍ତକାଲଂ ଯାୱତ୍ ଜୀୱାମି| ଆମେନ୍| ମୃତ୍ୟୋଃ ପରଲୋକସ୍ୟ ଚ କୁଞ୍ଜିକା ମମ ହସ୍ତଗତାଃ|
42011300b6	ଅତୋ ଯଦ୍ ଭୱତି ଯଚ୍ଚେତଃ ପରଂ ଭୱିଷ୍ୟତି ତ୍ୱଯା ଦୃଷ୍ଟଂ ତତ୍ ସର୍ୱ୍ୱଂ ଲିଖ୍ୟତାଂ|
42011401f2	ମମ ଦକ୍ଷିଣହସ୍ତେ ସ୍ଥିତା ଯାଃ ସପ୍ତ ତାରା ଯେ ଚ ସ୍ୱର୍ଣମଯାଃ ସପ୍ତ ଦୀପୱୃକ୍ଷାସ୍ତ୍ୱଯା ଦୃଷ୍ଟାସ୍ତତ୍ତାତ୍ପର୍ୟ୍ୟମିଦଂ ତାଃ ସପ୍ତ ତାରାଃ ସପ୍ତ ସମିତୀନାଂ ଦୂତାଃ ସୁୱର୍ଣମଯାଃ ସପ୍ତ ଦୀପୱୃକ୍ଷାଶ୍ଚ ସପ୍ତ ସମିତଯଃ ସନ୍ତି|
4202010176	ଇଫିଷସ୍ଥସମିତେ ର୍ଦୂତଂ ପ୍ରତି ତ୍ୱମ୍ ଇଦଂ ଲିଖ; ଯୋ ଦକ୍ଷିଣକରେଣ ସପ୍ତ ତାରା ଧାରଯତି ସପ୍ତାନାଂ ସୁୱର୍ଣଦୀପୱୃକ୍ଷାଣାଂ ମଧ୍ୟେ ଗମନାଗମନେ କରୋତି ଚ ତେନେଦମ୍ ଉଚ୍ୟତେ|
42020201a9	ତୱ କ୍ରିଯାଃ ଶ୍ରମଃ ସହିଷ୍ଣୁତା ଚ ମମ ଗୋଚରାଃ, ତ୍ୱଂ ଦୁଷ୍ଟାନ୍ ସୋଢୁଂ ନ ଶକ୍ନୋଷି ଯେ ଚ ପ୍ରେରିତା ନ ସନ୍ତଃ ସ୍ୱାନ୍ ପ୍ରେରିତାନ୍ ୱଦନ୍ତି ତ୍ୱଂ ତାନ୍ ପରୀକ୍ଷ୍ୟ ମୃଷାଭାଷିଣୋ ୱିଜ୍ଞାତୱାନ୍,
42020300f0	ଅପରଂ ତ୍ୱଂ ତିତିକ୍ଷାଂ ୱିଦଧାସି ମମ ନାମାର୍ଥଂ ବହୁ ସୋଢୱାନସି ତଥାପି ନ ପର୍ୟ୍ୟକ୍ଲାମ୍ୟସ୍ତଦପି ଜାନାମି|
42020400b6	କିଞ୍ଚ ତୱ ୱିରୁଦ୍ଧଂ ମଯୈତତ୍ ୱକ୍ତୱ୍ୟଂ ଯତ୍ ତୱ ପ୍ରଥମଂ ପ୍ରେମ ତ୍ୱଯା ୱ୍ୟହୀଯତ|
42020501b2	ଅତଃ କୁତଃ ପତିତୋ ଽସି ତତ୍ ସ୍ମୃତ୍ୱା ମନଃ ପରାୱର୍ତ୍ତ୍ୟ ପୂର୍ୱ୍ୱୀଯକ୍ରିଯାଃ କୁରୁ ନ ଚେତ୍ ତ୍ୱଯା ମନସି ନ ପରିୱର୍ତ୍ତିତେ ଽହଂ ତୂର୍ଣମ୍ ଆଗତ୍ୟ ତୱ ଦୀପୱୃକ୍ଷଂ ସ୍ୱସ୍ଥାନାଦ୍ ଅପସାରଯିଷ୍ୟାମି|
42020600e7	ତଥାପି ତୱେଷ ଗୁଣୋ ୱିଦ୍ୟତେ ଯତ୍ ନୀକଲାଯତୀଯଲୋକାନାଂ ଯାଃ କ୍ରିଯା ଅହମ୍ ଋତୀଯେ ତାସ୍ତ୍ୱମପି ଋତୀଯମେ|
4202070172	ଯସ୍ୟ ଶ୍ରୋତ୍ରଂ ୱିଦ୍ୟତେ ସ ସମିତୀଃ ପ୍ରତ୍ୟୁଚ୍ୟମାନାମ୍ ଆତ୍ମନଃ କଥାଂ ଶୃଣୋତୁ| ଯୋ ଜନୋ ଜଯତି ତସ୍ମା ଅହମ୍ ଈଶ୍ୱରସ୍ୟାରାମସ୍ଥଜୀୱନତରୋଃ ଫଲଂ ଭୋକ୍ତୁଂ ଦାସ୍ୟାମି|
420208010c	ଅପରଂ ସ୍ମୁର୍ଣାସ୍ଥସମିତେ ର୍ଦୂତଂ ପ୍ରତୀଦଂ ଲିଖ; ଯ ଆଦିରନ୍ତଶ୍ଚ ଯୋ ମୃତୱାନ୍ ପୁନର୍ଜୀୱିତୱାଂଶ୍ଚ ତେନେଦମ୍ ଉଚ୍ୟତେ,
42020901aa	ତୱ କ୍ରିଯାଃ କ୍ଲେଶୋ ଦୈନ୍ୟଞ୍ଚ ମମ ଗୋଚରାଃ କିନ୍ତୁ ତ୍ୱଂ ଧନୱାନସି ଯେ ଚ ଯିହୂଦୀଯା ନ ସନ୍ତଃ ଶଯତାନସ୍ୟ ସମାଜାଃ ସନ୍ତି ତଥାପି ସ୍ୱାନ୍ ଯିହୂଦୀଯାନ୍ ୱଦନ୍ତି ତେଷାଂ ନିନ୍ଦାମପ୍ୟହଂ ଜାନାମି|
42020a026d	ତ୍ୱଯା ଯୋ ଯଃ କ୍ଲେଶଃ ସୋଢୱ୍ୟସ୍ତସ୍ମାତ୍ ମା ଭୈଷୀଃ ପଶ୍ୟ ଶଯତାନୋ ଯୁଷ୍ମାକଂ ପରୀକ୍ଷାର୍ଥଂ କାଂଶ୍ଚିତ୍ କାରାଯାଂ ନିକ୍ଷେପ୍ସ୍ୟତି ଦଶ ଦିନାନି ଯାୱତ୍ କ୍ଲେଶୋ ଯୁଷ୍ମାସୁ ୱର୍ତ୍ତିଷ୍ୟତେ ଚ| ତ୍ୱଂ ମୃତ୍ୟୁପର୍ୟ୍ୟନ୍ତଂ ୱିଶ୍ୱାସ୍ୟୋ ଭୱ ତେନାହଂ ଜୀୱନକିରୀଟଂ ତୁଭ୍ୟଂ ଦାସ୍ୟାମି|
42020b0121	ଯସ୍ୟ ଶ୍ରୋତ୍ରଂ ୱିଦ୍ୟତେ ସ ସମିତୀଃ ପ୍ରତ୍ୟୁଚ୍ୟମାନାମ୍ ଆତ୍ମନଃ କଥାଂ ଶୃଣୋତୁ| ଯୋ ଜଯତି ସ ଦ୍ୱିତୀଯମୃତ୍ୟୁନା ନ ହିଂସିଷ୍ୟତେ|
42020c00e5	ଅପରଂ ପର୍ଗାମସ୍ଥସମିତେ ର୍ଦୂତଂ ପ୍ରତୀଦଂ ଲିଖ, ଯସ୍ତୀକ୍ଷ୍ଣଂ ଦ୍ୱିଧାରଂ ଖଙ୍ଗଂ ଧାରଯତି ସ ଏୱ ଭାଷତେ|
42020d0249	ତୱ କ୍ରିଯା ମମ ଗୋଚରାଃ, ଯତ୍ର ଶଯତାନସ୍ୟ ସିଂହାସନଂ ତତ୍ରୈୱ ତ୍ୱଂ ୱସସି ତଦପି ଜାନାମି| ତ୍ୱଂ ମମ ନାମ ଧାରଯସି ମଦ୍ଭକ୍ତେରସ୍ୱୀକାରସ୍ତ୍ୱଯା ନ କୃତୋ ମମ ୱିଶ୍ୱାସ୍ୟସାକ୍ଷିଣ ଆନ୍ତିପାଃ ସମଯେ ଽପି ନ କୃତଃ| ସ ତୁ ଯୁଷ୍ମନ୍ମଧ୍ୟେ ଽଘାନି ଯତଃ ଶଯତାନସ୍ତତ୍ରୈୱ ନିୱସତି|
42020e0211	ତଥାପି ତୱ ୱିରୁଦ୍ଧଂ ମମ କିଞ୍ଚିଦ୍ ୱକ୍ତୱ୍ୟଂ ଯତୋ ଦେୱପ୍ରସାଦାଦନାଯ ପରଦାରଗମନାଯ ଚେସ୍ରାଯେଲଃ ସନ୍ତାନାନାଂ ସମ୍ମୁଖ ଉନ୍ମାଥଂ ସ୍ଥାପଯିତୁଂ ବାଲାକ୍ ଯେନାଶିକ୍ଷ୍ୟତ ତସ୍ୟ ବିଲିଯମଃ ଶିକ୍ଷାୱଲମ୍ବିନସ୍ତୱ କେଚିତ୍ ଜନାସ୍ତତ୍ର ସନ୍ତି|
42020f00c6	ତଥା ନୀକଲାଯତୀଯାନାଂ ଶିକ୍ଷାୱଲମ୍ବିନସ୍ତୱ କେଚିତ୍ ଜନା ଅପି ସନ୍ତି ତଦେୱାହମ୍ ଋତୀଯେ|
4202100106	ଅତୋ ହେତୋସ୍ତ୍ୱଂ ମନଃ ପରିୱର୍ତ୍ତଯ ନ ଚେଦହଂ ତ୍ୱରଯା ତୱ ସମୀପମୁପସ୍ଥାଯ ମଦ୍ୱକ୍ତସ୍ଥଖଙ୍ଗେନ ତୈଃ ସହ ଯୋତ୍ସ୍ୟାମି|
4202110265	ଯସ୍ୟ ଶ୍ରୋତ୍ରଂ ୱିଦ୍ୟତେ ସ ସମିତୀଃ ପ୍ରତ୍ୟୁଚ୍ୟମାନାମ୍ ଆତ୍ମନଃ କଥାଂ ଶୃଣୋତୁ| ଯୋ ଜନୋ ଜଯତି ତସ୍ମା ଅହଂ ଗୁପ୍ତମାନ୍ନାଂ ଭୋକ୍ତୁଂ ଦାସ୍ୟାମି ଶୁଭ୍ରପ୍ରସ୍ତରମପି ତସ୍ମୈ ଦାସ୍ୟାମି ତତ୍ର ପ୍ରସ୍ତରେ ନୂତନଂ ନାମ ଲିଖିତଂ ତଚ୍ଚ ଗ୍ରହୀତାରଂ ୱିନା ନାନ୍ୟେନ କେନାପ୍ୟୱଗମ୍ୟତେ|
420212012f	ଅପରଂ ଥୁଯାତୀରାସ୍ଥସମିତେ ର୍ଦୂତଂ ପ୍ରତୀଦଂ ଲିଖ| ଯସ୍ୟ ଲୋଚନେ ୱହ୍ନିଶିଖାସଦୃଶେ ଚରଣୌ ଚ ସୁପିତ୍ତଲସଙ୍କାଶୌ ସ ଈଶ୍ୱରପୁତ୍ରୋ ଭାଷତେ,
4202130132	ତୱ କ୍ରିଯାଃ ପ୍ରେମ ୱିଶ୍ୱାସଃ ପରିଚର୍ୟ୍ୟା ସହିଷ୍ଣୁତା ଚ ମମ ଗୋଚରାଃ, ତୱ ପ୍ରଥମକ୍ରିଯାଭ୍ୟଃ ଶେଷକ୍ରିଯାଃ ଶ୍ରେଷ୍ଠାସ୍ତଦପି ଜାନାମି|
42021401e4	ତଥାପି ତୱ ୱିରୁଦ୍ଧଂ ମଯା କିଞ୍ଚିଦ୍ ୱକ୍ତୱ୍ୟଂ ଯତୋ ଯା ଈଷେବଲ୍ନାମିକା ଯୋଷିତ୍ ସ୍ୱାଂ ଭୱିଷ୍ୟଦ୍ୱାଦିନୀଂ ମନ୍ୟତେ ୱେଶ୍ୟାଗମନାଯ ଦେୱପ୍ରସାଦାଶନାଯ ଚ ମମ ଦାସାନ୍ ଶିକ୍ଷଯତି ଭ୍ରାମଯତି ଚ ସା ତ୍ୱଯା ନ ନିୱାର୍ୟ୍ୟତେ|
420215010f	ଅହଂ ମନଃପରିୱର୍ତ୍ତନାଯ ତସ୍ୟୈ ସମଯଂ ଦତ୍ତୱାନ୍ କିନ୍ତୁ ସା ସ୍ୱୀଯୱେଶ୍ୟାକ୍ରିଯାତୋ ମନଃପରିୱର୍ତ୍ତଯିତୁଂ ନାଭିଲଷତି|
42021601ae	ପଶ୍ୟାହଂ ତାଂ ଶଯ୍ୟାଯାଂ ନିକ୍ଷେପ୍ସ୍ୟାମି, ଯେ ତଯା ସାର୍ଦ୍ଧଂ ୱ୍ୟଭିଚାରଂ କୁର୍ୱ୍ୱନ୍ତି ତେ ଯଦି ସ୍ୱକ୍ରିଯାଭ୍ୟୋ ମନାଂସି ନ ପରାୱର୍ତ୍ତଯନ୍ତି ତର୍ହି ତାନପି ମହାକ୍ଲେଶେ ନିକ୍ଷେପ୍ସ୍ୟାମି
42021701be	ତସ୍ୟାଃ ସନ୍ତାନାଂଶ୍ଚ ମୃତ୍ୟୁନା ହନିଷ୍ୟାମି| ତେନାହମ୍ ଅନ୍ତଃକରଣାନାଂ ମନସାଞ୍ଚାନୁସନ୍ଧାନକାରୀ ଯୁଷ୍ମାକମେକୈକସ୍ମୈ ଚ ସ୍ୱକ୍ରିଯାଣାଂ ଫଲଂ ମଯା ଦାତୱ୍ୟମିତି ସର୍ୱ୍ୱାଃ ସମିତଯୋ ଜ୍ଞାସ୍ୟନ୍ତି|
42021801fc	ଅପରମ୍ ଅୱଶିଷ୍ଟାନ୍ ଥୁଯାତୀରସ୍ଥଲୋକାନ୍ ଅର୍ଥତୋ ଯାୱନ୍ତସ୍ତାଂ ଶିକ୍ଷାଂ ନ ଧାରଯନ୍ତି ଯେ ଚ କୈଶ୍ଚିତ୍ ଶଯତାନସ୍ୟ ଗମ୍ଭୀରାର୍ଥା ଉଚ୍ୟନ୍ତେ ତାନ୍ ଯେ ନାୱଗତୱନ୍ତସ୍ତାନହଂ ୱଦାମି ଯୁଷ୍ମାସୁ କମପ୍ୟପରଂ ଭାରଂ ନାରୋପଯିଷ୍ୟାମି;
420219008c	କିନ୍ତୁ ଯଦ୍ ଯୁଷ୍ମାକଂ ୱିଦ୍ୟତେ ତତ୍ ମମାଗମନଂ ଯାୱଦ୍ ଧାରଯତ|
42021a00f4	ଯୋ ଜନୋ ଜଯତି ଶେଷପର୍ୟ୍ୟନ୍ତଂ ମମ କ୍ରିଯାଃ ପାଲଯତି ଚ ତସ୍ମା ଅହମ୍ ଅନ୍ୟଜାତୀଯାନାମ୍ ଆଧିପତ୍ୟଂ ଦାସ୍ୟାମି;
42021b0130	ପିତୃତୋ ମଯା ଯଦ୍ୱତ୍ କର୍ତୃତ୍ୱଂ ଲବ୍ଧଂ ତଦ୍ୱତ୍ ସୋ ଽପି ଲୌହଦଣ୍ଡେନ ତାନ୍ ଚାରଯିଷ୍ୟତି ତେନ ମୃଦ୍ଭାଜନାନୀୱ ତେ ଚୂର୍ଣା ଭୱିଷ୍ୟନ୍ତି|
42021c0078	ଅପରମ୍ ଅହଂ ତସ୍ମୈ ପ୍ରଭାତୀଯତାରାମ୍ ଅପି ଦାସ୍ୟାମି|
42021d00b7	ଯସ୍ୟ ଶ୍ରୋତ୍ରଂ ୱିଦ୍ୟତେ ସ ସମିତୀଃ ପ୍ରତ୍ୟୁଚ୍ୟମାନାମ୍ ଆତ୍ମନଃ କଥାଂ ଶୃଣୋତୁ|
42030101b9	ଅପରଂ ସାର୍ଦ୍ଦିସ୍ଥସମିତେ ର୍ଦୂତଂ ପ୍ରତୀଦଂ ଲିଖ, ଯୋ ଜନ ଈଶ୍ୱରସ୍ୟ ସପ୍ତାତ୍ମନଃ ସପ୍ତ ତାରାଶ୍ଚ ଧାରଯତି ସ ଏୱ ଭାଷତେ, ତୱ କ୍ରିଯା ମମ ଗୋଚରାଃ, ତ୍ୱଂ ଜୀୱଦାଖ୍ୟୋ ଽସି ତଥାପି ମୃତୋ ଽସି ତଦପି ଜାନାମି|
4203020147	ପ୍ରବୁଦ୍ଧୋ ଭୱ, ଅୱଶିଷ୍ଟଂ ଯଦ୍ୟତ୍ ମୃତକଲ୍ପଂ ତଦପି ସବଲୀକୁରୁ ଯତ ଈଶ୍ୱରସ୍ୟ ସାକ୍ଷାତ୍ ତୱ କର୍ମ୍ମାଣି ନ ସିଦ୍ଧାନୀତି ପ୍ରମାଣଂ ମଯା ପ୍ରାପ୍ତଂ|
4203030211	ଅତଃ କୀଦୃଶୀଂ ଶିକ୍ଷାଂ ଲବ୍ଧୱାନ୍ ଶ୍ରୁତୱାଶ୍ଚାସି ତତ୍ ସ୍ମରନ୍ ତାଂ ପାଲଯ ସ୍ୱମନଃ ପରିୱର୍ତ୍ତଯ ଚ| ଚେତ୍ ପ୍ରବୁଦ୍ଧୋ ନ ଭୱେସ୍ତର୍ହ୍ୟହଂ ସ୍ତେନ ଇୱ ତୱ ସମୀପମ୍ ଉପସ୍ଥାସ୍ୟାମି କିଞ୍ଚ କସ୍ମିନ୍ ଦଣ୍ଡେ ଉପସ୍ଥାସ୍ୟାମି ତନ୍ନ ଜ୍ଞାସ୍ୟସି|
4203040190	ତଥାପି ଯୈଃ ସ୍ୱୱାସାଂସି ନ କଲଙ୍କିତାନି ତାଦୃଶାଃ କତିପଯଲୋକାଃ ସାର୍ଦ୍ଦିନଗରେ ଽପି ତୱ ୱିଦ୍ୟନ୍ତେ ତେ ଶୁଭ୍ରପରିଚ୍ଛଦୈ ର୍ମମ ସଙ୍ଗେ ଗମନାଗମନେ କରିଷ୍ୟନ୍ତି ଯତସ୍ତେ ଯୋଗ୍ୟାଃ|
42030501c2	ଯୋ ଜନୋ ଜଯତି ସ ଶୁଭ୍ରପରିଚ୍ଛଦଂ ପରିଧାପଯିଷ୍ୟନ୍ତେ, ଅହଞ୍ଚ ଜୀୱନଗ୍ରନ୍ଥାତ୍ ତସ୍ୟ ନାମ ନାନ୍ତର୍ଧାପଯିଷ୍ୟାମି କିନ୍ତୁ ମତ୍ପିତୁଃ ସାକ୍ଷାତ୍ ତସ୍ୟ ଦୂତାନାଂ ସାକ୍ଷାଚ୍ଚ ତସ୍ୟ ନାମ ସ୍ୱୀକରିଷ୍ୟାମି|
42030600b7	ଯସ୍ୟ ଶ୍ରୋତ୍ରଂ ୱିଦ୍ୟତେ ସ ସମିତୀଃ ପ୍ରତ୍ୟୁଚ୍ୟମାନାମ୍ ଆତ୍ମନଃ କଥାଂ ଶୃଣୋତୁ|
42030701cb	ଅପରଞ୍ଚ ଫିଲାଦିଲ୍ଫିଯାସ୍ଥସମିତେ ର୍ଦୂତଂ ପ୍ରତୀଦଂ ଲିଖ, ଯଃ ପୱିତ୍ରଃ ସତ୍ୟମଯଶ୍ଚାସ୍ତି ଦାଯୂଦଃ କୁଞ୍ଜିକାଂ ଧାରଯତି ଚ ଯେନ ମୋଚିତେ ଽପରଃ କୋଽପି ନ ରୁଣଦ୍ଧି ରୁଦ୍ଧେ ଚାପରଃ କୋଽପି ନ ମୋଚଯତି ସ ଏୱ ଭାଷତେ|
42030801d8	ତୱ କ୍ରିଯା ମମ ଗୋଚରାଃ ପଶ୍ୟ ତୱ ସମୀପେ ଽହଂ ମୁକ୍ତଂ ଦ୍ୱାରଂ ସ୍ଥାପିତୱାନ୍ ତତ୍ କେନାପି ରୋଦ୍ଧୁଂ ନ ଶକ୍ୟତେ ଯତସ୍ତୱାଲ୍ପଂ ବଲମାସ୍ତେ ତଥାପି ତ୍ୱଂ ମମ ୱାକ୍ୟଂ ପାଲିତୱାନ୍ ମମ ନାମ୍ନୋ ଽସ୍ୱୀକାରଂ ନ କୃତୱାଂଶ୍ଚ|
4203090203	ପଶ୍ୟ ଯିହୂଦୀଯା ନ ସନ୍ତୋ ଯେ ମୃଷାୱାଦିନଃ ସ୍ୱାନ୍ ଯିହୂଦୀଯାନ୍ ୱଦନ୍ତି ତେଷାଂ ଶଯତାନସମାଜୀଯାନାଂ କାଂଶ୍ଚିଦ୍ ଅହମ୍ ଆନେଷ୍ୟାମି ପଶ୍ୟ ତେ ମଦାଜ୍ଞାତ ଆଗତ୍ୟ ତୱ ଚରଣଯୋଃ ପ୍ରଣଂସ୍ୟନ୍ତି ତ୍ୱଞ୍ଚ ମମ ପ୍ରିଯୋ ଽସୀତି ଜ୍ଞାସ୍ୟନ୍ତି|
42030a01bf	ତ୍ୱଂ ମମ ସହିଷ୍ଣୁତାସୂଚକଂ ୱାକ୍ୟଂ ରକ୍ଷିତୱାନସି ତତ୍କାରଣାତ୍ ପୃଥିୱୀନିୱାସିନାଂ ପରୀକ୍ଷାର୍ଥଂ କୃତ୍ସ୍ନଂ ଜଗଦ୍ ଯେନାଗାମିପରୀକ୍ଷାଦିନେନାକ୍ରମିଷ୍ୟତେ ତସ୍ମାଦ୍ ଅହମପି ତ୍ୱାଂ ରକ୍ଷିଷ୍ୟାମି|
42030b00bb	ପଶ୍ୟ ମଯା ଶୀଘ୍ରମ୍ ଆଗନ୍ତୱ୍ୟଂ ତୱ ଯଦସ୍ତି ତତ୍ ଧାରଯ କୋ ଽପି ତୱ କିରୀଟଂ ନାପହରତୁ|
42030c02ce	ଯୋ ଜନୋ ଜଯତି ତମହଂ ମଦୀଯେଶ୍ୱରସ୍ୟ ମନ୍ଦିରେ ସ୍ତମ୍ଭଂ କୃତ୍ୱା ସ୍ଥାପଯିସ୍ୟାମି ସ ପୁନ ର୍ନ ନିର୍ଗମିଷ୍ୟତି| ଅପରଞ୍ଚ ତସ୍ମିନ୍ ମଦୀଯେଶ୍ୱରସ୍ୟ ନାମ ମଦୀଯେଶ୍ୱରସ୍ୟ ପୁର୍ୟ୍ୟା ଅପି ନାମ ଅର୍ଥତୋ ଯା ନୱୀନା ଯିରୂଶାନମ୍ ପୁରୀ ସ୍ୱର୍ଗାତ୍ ମଦୀଯେଶ୍ୱରସ୍ୟ ସମୀପାଦ୍ ଅୱରୋକ୍ଷ୍ୟତି ତସ୍ୟା ନାମ ମମାପି ନୂତନଂ ନାମ ଲେଖିଷ୍ୟାମି|
42030d00b7	ଯସ୍ୟ ଶ୍ରୋତ୍ରଂ ୱିଦ୍ୟତେ ସ ସମିତୀଃ ପ୍ରତ୍ୟୁଚ୍ୟମାନାମ୍ ଆତ୍ମନଃ କଥାଂ ଶୃଣୋତୁ|
42030e015c	ଅପରଞ୍ଚ ଲାଯଦିକେଯାସ୍ଥସମିତେ ର୍ଦୂତଂ ପ୍ରତୀଦଂ ଲିଖ, ଯ ଆମେନ୍ ଅର୍ଥତୋ ୱିଶ୍ୱାସ୍ୟଃ ସତ୍ୟମଯଶ୍ଚ ସାକ୍ଷୀ, ଈଶ୍ୱରସ୍ୟ ସୃଷ୍ଟେରାଦିଶ୍ଚାସ୍ତି ସ ଏୱ ଭାଷତେ|
42030f009b	ତୱ କ୍ରିଯା ମମ ଗୋଚରାଃ ତ୍ୱଂ ଶୀତୋ ନାସି ତପ୍ତୋ ଽପି ନାସୀତି ଜାନାମି|
420310016f	ତୱ ଶୀତତ୍ୱଂ ତପ୍ତତ୍ୱଂ ୱା ୱରଂ ଭୱେତ୍, ଶୀତୋ ନ ଭୂତ୍ୱା ତପ୍ତୋ ଽପି ନ ଭୂତ୍ୱା ତ୍ୱମେୱମ୍ଭୂତଃ କଦୂଷ୍ଣୋ ଽସି ତତ୍କାରଣାଦ୍ ଅହଂ ସ୍ୱମୁଖାତ୍ ତ୍ୱାମ୍ ଉଦ୍ୱମିଷ୍ୟାମି|
4203110175	ଅହଂ ଧନୀ ସମୃଦ୍ଧଶ୍ଚାସ୍ମି ମମ କସ୍ୟାପ୍ୟଭାୱୋ ନ ଭୱତୀତି ତ୍ୱଂ ୱଦସି କିନ୍ତୁ ତ୍ୱମେୱ ଦୁଃଖାର୍ତ୍ତୋ ଦୁର୍ଗତୋ ଦରିଦ୍ରୋ ଽନ୍ଧୋ ନଗ୍ନଶ୍ଚାସି ତତ୍ ତ୍ୱଯା ନାୱଗମ୍ୟତେ|
420312026a	ତ୍ୱଂ ଯଦ୍ ଧନୀ ଭୱେସ୍ତଦର୍ଥଂ ମତ୍ତୋ ୱହ୍ନୌ ତାପିତଂ ସୁୱର୍ଣଂ କ୍ରୀଣୀହି ନଗ୍ନତ୍ୱାତ୍ ତୱ ଲଜ୍ଜା ଯନ୍ନ ପ୍ରକାଶେତ ତଦର୍ଥଂ ପରିଧାନାଯ ମତ୍ତଃ ଶୁଭ୍ରୱାସାଂସି କ୍ରୀଣୀହି ଯଚ୍ଚ ତୱ ଦୃଷ୍ଟିଃ ପ୍ରସନ୍ନା ଭୱେତ୍ ତଦର୍ଥଂ ଚକ୍ଷୁର୍ଲେପନାଯାଞ୍ଜନଂ ମତ୍ତଃ କ୍ରୀଣୀହୀତି ମମ ମନ୍ତ୍ରଣା|
42031300f1	ଯେଷ୍ୱହଂ ପ୍ରୀଯେ ତାନ୍ ସର୍ୱ୍ୱାନ୍ ଭର୍ତ୍ସଯାମି ଶାସ୍ମି ଚ, ଅତସ୍ତ୍ୱମ୍ ଉଦ୍ୟମଂ ୱିଧାଯ ମନଃ ପରିୱର୍ତ୍ତଯ|
42031401b0	ପଶ୍ୟାହଂ ଦ୍ୱାରି ତିଷ୍ଠନ୍ ତଦ୍ ଆହନ୍ମି ଯଦି କଶ୍ଚିତ୍ ମମ ରୱଂ ଶ୍ରୁତ୍ୱା ଦ୍ୱାରଂ ମୋଚଯତି ତର୍ହ୍ୟହଂ ତସ୍ୟ ସନ୍ନିଧିଂ ପ୍ରୱିଶ୍ୟ ତେନ ସାର୍ଦ୍ଧଂ ଭୋକ୍ଷ୍ୟେ ସୋ ଽପି ମଯା ସାର୍ଦ୍ଧଂ ଭୋକ୍ଷ୍ୟତେ|
4203150149	ଅପରମହଂ ଯଥା ଜିତୱାନ୍ ମମ ପିତ୍ରା ଚ ସହ ତସ୍ୟ ସିଂହାସନ ଉପୱିଷ୍ଟଶ୍ଚାସ୍ମି, ତଥା ଯୋ ଜନୋ ଜଯତି ତମହଂ ମଯା ସାର୍ଦ୍ଧଂ ମତ୍ସିଂହାସନ ଉପୱେଶଯିଷ୍ୟାମି|
42031600b4	ଯସ୍ୟ ଶ୍ରୋତ୍ରଂ ୱିଦ୍ୟତେ ସ ସମିତୀଃ ପ୍ରତ୍ୟୁଚ୍ୟମାନମ୍ ଆତ୍ମନଃ କଥାଂ ଶୃଣୋତୁ|
420401021e	ତତଃ ପରଂ ମଯା ଦୃଷ୍ଟିପାତଂ କୃତ୍ୱା ସ୍ୱର୍ଗେ ମୁକ୍ତଂ ଦ୍ୱାରମ୍ ଏକଂ ଦୃଷ୍ଟଂ ମଯା ସହଭାଷମାଣସ୍ୟ ଚ ଯସ୍ୟ ତୂରୀୱାଦ୍ୟତୁଲ୍ୟୋ ରୱଃ ପୂର୍ୱ୍ୱଂ ଶ୍ରୁତଃ ସ ମାମ୍ ଅୱୋଚତ୍ ସ୍ଥାନମେତଦ୍ ଆରୋହଯ, ଇତଃ ପରଂ ଯେନ ଯେନ ଭୱିତୱ୍ୟଂ ତଦହଂ ତ୍ୱାଂ ଦର୍ଶଯିଷ୍ୟେ|
420402012b	ତେନାହଂ ତତ୍କ୍ଷଣାଦ୍ ଆତ୍ମାୱିଷ୍ଟୋ ଭୂତ୍ୱା ଽପଶ୍ୟଂ ସ୍ୱର୍ଗେ ସିଂହାସନମେକଂ ସ୍ଥାପିତଂ ତତ୍ର ସିଂହାସନେ ଏକୋ ଜନ ଉପୱିଷ୍ଟୋ ଽସ୍ତି|
4204030164	ସିଂହାସନେ ଉପୱିଷ୍ଟସ୍ୟ ତସ୍ୟ ଜନସ୍ୟ ରୂପଂ ସୂର୍ୟ୍ୟକାନ୍ତମଣେଃ ପ୍ରୱାଲସ୍ୟ ଚ ତୁଲ୍ୟଂ ତତ୍ ସିଂହାସନଞ୍ଚ ମରକତମଣିୱଦ୍ରୂପୱିଶିଷ୍ଟେନ ମେଘଧନୁଷା ୱେଷ୍ଟିତଂ|
42040401dd	ତସ୍ୟ ସିଂହାସନେ ଚତୁର୍ଦିକ୍ଷୁ ଚତୁର୍ୱିଂଶତିସିଂହାସନାନି ତିଷ୍ଠନ୍ତି ତେଷୁ ସିଂହାସନେଷୁ ଚତୁର୍ୱିଂଶତି ପ୍ରାଚୀନଲୋକା ଉପୱିଷ୍ଟାସ୍ତେ ଶୁଭ୍ରୱାସଃପରିହିତାସ୍ତେଷାଂ ଶିରାଂସି ଚ ସୁୱର୍ଣକିରୀଟୈ ର୍ଭୂଷିତାନି|
420405014e	ତସ୍ୟ ସିଂହାସନସ୍ୟ ମଧ୍ୟାତ୍ ତଡିତୋ ରୱାଃ ସ୍ତନିତାନି ଚ ନିର୍ଗଚ୍ଛନ୍ତି ସିଂହାସନସ୍ୟାନ୍ତିକେ ଚ ସପ୍ତ ଦୀପା ଜ୍ୱଲନ୍ତି ତ ଈଶ୍ୱରସ୍ୟ ସପ୍ତାତ୍ମାନଃ|
42040601ac	ଅପରଂ ସିଂହାସନସ୍ୟାନ୍ତିକେ ସ୍ଫଟିକତୁଲ୍ୟଃ କାଚମଯୋ ଜଲାଶଯୋ ୱିଦ୍ୟତେ, ଅପରମ୍ ଅଗ୍ରତଃ ପଶ୍ଚାଚ୍ଚ ବହୁଚକ୍ଷୁଷ୍ମନ୍ତଶ୍ଚତ୍ୱାରଃ ପ୍ରାଣିନଃ ସିଂହସନସ୍ୟ ମଧ୍ୟେ ଚତୁର୍ଦିକ୍ଷୁ ଚ ୱିଦ୍ୟନ୍ତେ|
420407016d	ତେଷାଂ ପ୍ରଥମଃ ପ୍ରାଣୀ ସିଂହାକାରୋ ଦ୍ୱିତୀଯଃ ପ୍ରାଣୀ ଗୋୱାତ୍ସାକାରସ୍ତୃତୀଯଃ ପ୍ରାଣୀ ମନୁଷ୍ୟୱଦ୍ୱଦନୱିଶିଷ୍ଟଶ୍ଚତୁର୍ଥଶ୍ଚ ପ୍ରାଣୀ ଉଡ୍ଡୀଯମାନକୁରରୋପମଃ|
4204080252	ତେଷାଂ ଚତୁର୍ଣାମ୍ ଏକୈକସ୍ୟ ପ୍ରାଣିନଃ ଷଟ୍ ପକ୍ଷାଃ ସନ୍ତି ତେ ଚ ସର୍ୱ୍ୱାଙ୍ଗେଷ୍ୱଭ୍ୟନ୍ତରେ ଚ ବହୁଚକ୍ଷୁର୍ୱିଶିଷ୍ଟାଃ, ତେ ଦିୱାନିଶଂ ନ ୱିଶ୍ରାମ୍ୟ ଗଦନ୍ତି ପୱିତ୍ରଃ ପୱିତ୍ରଃ ପୱିତ୍ରଃ ସର୍ୱ୍ୱଶକ୍ତିମାନ୍ ୱର୍ତ୍ତମାନୋ ଭୂତୋ ଭୱିଷ୍ୟଂଶ୍ଚ ପ୍ରଭୁଃ ପରମେଶ୍ୱରଃ|
4204090114	ଇତ୍ଥଂ ତୈଃ ପ୍ରାଣିଭିସ୍ତସ୍ୟାନନ୍ତଜୀୱିନଃ ସିଂହାସନୋପୱିଷ୍ଟସ୍ୟ ଜନସ୍ୟ ପ୍ରଭାୱେ ଗୌରୱେ ଧନ୍ୟୱାଦେ ଚ ପ୍ରକୀର୍ତ୍ତିତେ
42040a0196	ତେ ଚତୁର୍ୱିଂଶତିପ୍ରାଚୀନା ଅପି ତସ୍ୟ ସିଂହାସନୋପୱିଷ୍ଟସ୍ୟାନ୍ତିକେ ପ୍ରଣିନତ୍ୟ ତମ୍ ଅନନ୍ତଜୀୱିନଂ ପ୍ରଣମନ୍ତି ସ୍ୱୀଯକିରୀଟାଂଶ୍ଚ ସିଂହାସନସ୍ୟାନ୍ତିକେ ନିକ୍ଷିପ୍ୟ ୱଦନ୍ତି,
42040b0169	ହେ ପ୍ରଭୋ ଈଶ୍ୱରାସ୍ମାକଂ ପ୍ରଭାୱଂ ଗୌରୱଂ ବଲଂ| ତ୍ୱମେୱାର୍ହସି ସମ୍ପ୍ରାପ୍ତୁଂ ଯତ୍ ସର୍ୱ୍ୱଂ ସସୃଜେ ତ୍ୱଯା| ତୱାଭିଲାଷତଶ୍ଚୈୱ ସର୍ୱ୍ୱଂ ସମ୍ଭୂଯ ନିର୍ମ୍ମମେ||
420501012c	ଅନନ୍ତରଂ ତସ୍ୟ ସିହାସନୋପୱିଷ୍ଟଜନସ୍ୟ ଦକ୍ଷିଣସ୍ତେ ଽନ୍ତ ର୍ବହିଶ୍ଚ ଲିଖିତଂ ପତ୍ରମେକଂ ମଯା ଦୃଷ୍ଟଂ ତତ୍ ସପ୍ତମୁଦ୍ରାଭିରଙ୍କିତଂ|
420502013b	ତତ୍ପଶ୍ଚାଦ୍ ଏକୋ ବଲୱାନ୍ ଦୂତୋ ଦୃଷ୍ଟଃ ସ ଉଚ୍ଚୈଃ ସ୍ୱରେଣ ୱାଚମିମାଂ ଘୋଷଯତି କଃ ପତ୍ରମେତଦ୍ ୱିୱରୀତୁଂ ତମ୍ମୁଦ୍ରା ମୋଚଯିତୁଞ୍ଚାର୍ହତି?
42050300f6	କିନ୍ତୁ ସ୍ୱର୍ଗମର୍ତ୍ତ୍ୟପାତାଲେଷୁ ତତ୍ ପତ୍ରଂ ୱିୱରୀତୁଂ ନିରୀକ୍ଷିତୁଞ୍ଚ କସ୍ୟାପି ସାମର୍ଥ୍ୟଂ ନାଭୱତ୍|
42050400e4	ଅତୋ ଯସ୍ତତ୍ ପତ୍ରଂ ୱିୱରୀତୁଂ ନିରୀକ୍ଷିତୁଞ୍ଚାର୍ହତି ତାଦୃଶଜନସ୍ୟାଭାୱାଦ୍ ଅହଂ ବହୁ ରୋଦିତୱାନ୍|
42050501a0	କିନ୍ତୁ ତେଷାଂ ପ୍ରାଚୀନାନାମ୍ ଏକୋ ଜନୋ ମାମୱଦତ୍ ମା ରୋଦୀଃ ପଶ୍ୟ ଯୋ ଯିହୂଦାୱଂଶୀଯଃ ସିଂହୋ ଦାଯୂଦୋ ମୂଲସ୍ୱରୂପଶ୍ଚାସ୍ତି ସ ପତ୍ରସ୍ୟ ତସ୍ୟ ସପ୍ତମୁଦ୍ରାଣାଞ୍ଚ ମୋଚନାଯ ପ୍ରମୂତୱାନ୍|
42050601f3	ଅପରଂ ସିଂହାସନସ୍ୟ ଚତୁର୍ଣାଂ ପ୍ରାଣିନାଂ ପ୍ରାଚୀନୱର୍ଗସ୍ୟ ଚ ମଧ୍ୟ ଏକୋ ମେଷଶାୱକୋ ମଯା ଦୃଷ୍ଟଃ ସ ଛେଦିତ ଇୱ ତସ୍ୟ ସପ୍ତଶୃଙ୍ଗାଣି ସପ୍ତଲୋଚନାନି ଚ ସନ୍ତି ତାନି କୃତ୍ସ୍ନାଂ ପୃଥିୱୀଂ ପ୍ରେଷିତା ଈଶ୍ୱରସ୍ୟ ସପ୍ତାତ୍ମାନଃ|
42050700b9	ସ ଉପାଗତ୍ୟ ତସ୍ୟ ସିଂହାସନୋପୱିଷ୍ଟଜନସ୍ୟ ଦକ୍ଷିଣକରାତ୍ ତତ୍ ପତ୍ରଂ ଗୃହୀତୱାନ୍|
4205080246	ପତ୍ରେ ଗୃହୀତେ ଚତ୍ୱାରଃ ପ୍ରାଣିନଶ୍ଚତୁର୍ୱିଂଂଶତିପ୍ରାଚୀନାଶ୍ଚ ତସ୍ୟ ମେଷଶାୱକସ୍ୟାନ୍ତିକେ ପ୍ରଣିପତନ୍ତି ତେଷାମ୍ ଏକୈକସ୍ୟ କରଯୋ ର୍ୱୀଣାଂ ସୁଗନ୍ଧିଦ୍ରୱ୍ୟୈଃ ପରିପୂର୍ଣଂ ସ୍ୱର୍ଣମଯପାତ୍ରଞ୍ଚ ତିଷ୍ଠତି ତାନି ପୱିତ୍ରଲୋକାନାଂ ପ୍ରାର୍ଥନାସ୍ୱରୂପାଣି|
420509024e	ଅପରଂ ତେ ନୂତନମେକଂ ଗୀତମଗାଯନ୍, ଯଥା, ଗ୍ରହୀତୁଂ ପତ୍ରିକାଂ ତସ୍ୟ ମୁଦ୍ରା ମୋଚଯିତୁଂ ତଥା| ତ୍ୱମେୱାର୍ହସି ଯସ୍ମାତ୍ ତ୍ୱଂ ବଲିୱତ୍ ଛେଦନଂ ଗତଃ| ସର୍ୱ୍ୱାଭ୍ୟୋ ଜାତିଭାଷାଭ୍ୟଃ ସର୍ୱ୍ୱସ୍ମାଦ୍ ୱଂଶଦେଶତଃ| ଈଶ୍ୱରସ୍ୟ କୃତେ ଽସ୍ମାନ୍ ତ୍ୱଂ ସ୍ୱୀଯରକ୍ତେନ କ୍ରୀତୱାନ୍|
42050a00dc	ଅସ୍ମଦୀଶ୍ୱରପକ୍ଷେ ଽସ୍ମାନ୍ ନୃପତୀନ୍ ଯାଜକାନପି| କୃତୱାଂସ୍ତେନ ରାଜତ୍ୱଂ କରିଷ୍ୟାମୋ ମହୀତଲେ||
42050b0189	ଅପରଂ ନିରୀକ୍ଷମାଣେନ ମଯା ସିଂହାସନସ୍ୟ ପ୍ରାଣିଚତୁଷ୍ଟଯସ୍ୟ ପ୍ରାଚୀନୱର୍ଗସ୍ୟ ଚ ପରିତୋ ବହୂନାଂ ଦୂତାନାଂ ରୱଃ ଶ୍ରୁତଃ, ତେଷାଂ ସଂଖ୍ୟା ଅଯୁତାଯୁତାନି ସହସ୍ରସହସ୍ତ୍ରାଣି ଚ|
42050c0119	ତୈରୁଚ୍ଚୈରିଦମ୍ ଉକ୍ତଂ, ପରାକ୍ରମଂ ଧନଂ ଜ୍ଞାନଂ ଶକ୍ତିଂ ଗୌରୱମାଦରଂ| ପ୍ରଶଂସାଞ୍ଚାର୍ହତି ପ୍ରାପ୍ତୁଂ ଛେଦିତୋ ମେଷଶାୱକଃ||
42050d01e5	ଅପରଂ ସ୍ୱର୍ଗମର୍ତ୍ତ୍ୟପାତାଲସାଗରେଷୁ ଯାନି ୱିଦ୍ୟନ୍ତେ ତେଷାଂ ସର୍ୱ୍ୱେଷାଂ ସୃଷ୍ଟୱସ୍ତୂନାଂ ୱାଗିଯଂ ମଯା ଶ୍ରୁତା, ପ୍ରଶଂସାଂ ଗୌରୱଂ ଶୌର୍ୟ୍ୟମ୍ ଆଧିପତ୍ୟଂ ସନାତନଂ| ସିଂହସନୋପୱିଷ୍ଟଶ୍ଚ ମେଷୱତ୍ସଶ୍ଚ ଗଚ୍ଛତାଂ|
42050e0132	ଅପରଂ ତେ ଚତ୍ୱାରଃ ପ୍ରାଣିନଃ କଥିତୱନ୍ତସ୍ତଥାସ୍ତୁ, ତତଶ୍ଚତୁର୍ୱିଂଶତିପ୍ରାଚୀନା ଅପି ପ୍ରଣିପତ୍ୟ ତମ୍ ଅନନ୍ତକାଲଜୀୱିନଂ ପ୍ରାଣମନ୍|
42060101ae	ଅନନ୍ତରଂ ମଯି ନିରୀକ୍ଷମାଣେ ମେଷଶାୱକେନ ତାସାଂ ସପ୍ତମୁଦ୍ରାଣାମ୍ ଏକା ମୁଦ୍ରା ମୁକ୍ତା ତତସ୍ତେଷାଂ ଚତୁର୍ଣାମ୍ ଏକସ୍ୟ ପ୍ରାଣିନ ଆଗତ୍ୟ ପଶ୍ୟେତିୱାଚକୋ ମେଘଗର୍ଜନତୁଲ୍ୟୋ ରୱୋ ମଯା ଶ୍ରୁତଃ|
4206020145	ତତଃ ପରମ୍ ଏକଃ ଶୁକ୍ଲାଶ୍ଚୋ ଦୃଷ୍ଟଃ, ତଦାରୂଢୋ ଜନୋ ଧନୁ ର୍ଧାରଯତି ତସ୍ମୈ ଚ କିରୀଟମେକମ୍ ଅଦାଯି ତତଃ ସ ପ୍ରଭୱନ୍ ପ୍ରଭୱିଷ୍ୟଂଶ୍ଚ ନିର୍ଗତୱାନ୍|
42060300e9	ଅପରଂ ଦ୍ୱିତୀଯମୁଦ୍ରାଯାଂ ତେନ ମୋଚିତାଯାଂ ଦ୍ୱିତୀଯସ୍ୟ ପ୍ରାଣିନ ଆଗତ୍ୟ ପଶ୍ୟେତି ୱାକ୍ ମଯା ଶ୍ରୁତା|
42060401cc	ତତୋ ଽରୁଣୱର୍ଣୋ ଽପର ଏକୋ ଽଶ୍ୱୋ ନିର୍ଗତୱାନ୍ ତଦାରୋହିଣି ପୃଥିୱୀତଃ ଶାନ୍ତ୍ୟପହରଣସ୍ୟ ଲୋକାନାଂ ମଧ୍ୟେ ପରସ୍ପରଂ ପ୍ରତିଘାତୋତ୍ପାଦନସ୍ୟ ଚ ସାମର୍ଥ୍ୟଂ ସମର୍ପିତମ୍, ଏକୋ ବୃହତ୍ଖଙ୍ଗୋ ଽପି ତସ୍ମା ଅଦାଯି|
4206050181	ଅପରଂ ତୃତୀଯମୁଦ୍ରାଯାଂ ତନ ମୋଚିତାଯାଂ ତୃତୀଯସ୍ୟ ପ୍ରାଣିନ ଆଗତ୍ୟ ପଶ୍ୟେତି ୱାକ୍ ମଯା ଶ୍ରୁତା, ତତଃ କାଲୱର୍ଣ ଏକୋ ଽଶ୍ୱୋ ମଯା ଦୃଷ୍ଟଃ, ତଦାରୋହିଣୋ ହସ୍ତେ ତୁଲା ତିଷ୍ଠତି
42060601c3	ଅନନ୍ତରଂ ପ୍ରାଣିଚତୁଷ୍ଟଯସ୍ୟ ମଧ୍ୟାଦ୍ ୱାଗିଯଂ ଶ୍ରୁତା ଗୋଧୂମାନାମେକଃ ସେଟକୋ ମୁଦ୍ରାପାଦୈକମୂଲ୍ୟଃ, ଯୱାନାଞ୍ଚ ସେଟକତ୍ରଯଂ ମୁଦ୍ରାପାଦୈକମୂଲ୍ୟଂ ତୈଲଦ୍ରାକ୍ଷାରସାଶ୍ଚ ତ୍ୱଯା ମା ହିଂସିତୱ୍ୟାଃ|
42060700ec	ଅନନ୍ତରଂ ଚତୁର୍ଥମୁଦ୍ରାଯାଂ ତେନ ମୋଚିତାଯାଂ ଚତୁର୍ଥସ୍ୟ ପ୍ରାଣିନ ଆଗତ୍ୟ ପଶ୍ୟେତି ୱାକ୍ ମଯା ଶ୍ରୁତା|
42060801fc	ତତଃ ପାଣ୍ଡୁରୱର୍ଣ ଏକୋ ଽଶ୍ୱୋ ମଯା ଦୃଷ୍ଟଃ, ତଦାରୋହିଣୋ ନାମ ମୃତ୍ୟୁରିତି ପରଲୋକଶ୍ଚ ତମ୍ ଅନୁଚରତି ଖଙ୍ଗେନ ଦୁର୍ଭିକ୍ଷେଣ ମହାମାର୍ୟ୍ୟା ୱନ୍ୟପଶୁଭିଶ୍ଚ ଲୋକାନାଂ ବଧାଯ ପୃଥିୱ୍ୟାଶ୍ଚତୁର୍ଥାଂଶସ୍ୟାଧିପତ୍ୟଂ ତସ୍ମା ଅଦାଯି|
4206090156	ଅନନ୍ତରଂ ପଞ୍ଚମମୁଦ୍ରାଯାଂ ତେନ ମୋଚିତାଯାମ୍ ଈଶ୍ୱରୱାକ୍ୟହେତୋସ୍ତତ୍ର ସାକ୍ଷ୍ୟଦାନାଚ୍ଚ ଛେଦିତାନାଂ ଲୋକାନାଂ ଦେହିନୋ ୱେଦ୍ୟା ଅଧୋ ମଯାଦୃଶ୍ୟନ୍ତ|
42060a0144	ତ ଉଚ୍ଚୈରିଦଂ ଗଦନ୍ତି, ହେ ପୱିତ୍ର ସତ୍ୟମଯ ପ୍ରଭୋ ଅସ୍ମାକଂ ରକ୍ତପାତେ ପୃଥିୱୀନିୱାସିଭି ର୍ୱିୱଦିତୁଂ ତସ୍ୟ ଫଲ ଦାତୁଞ୍ଚ କତି କାଲଂ ୱିଲମ୍ବସେ?
42060b01e4	ତତସ୍ତେଷାମ୍ ଏକୈକସ୍ମୈ ଶୁଭ୍ରଃ ପରିଚ୍ଛଦୋ ଽଦାଯି ୱାଗିଯଞ୍ଚାକଥ୍ୟତ ଯୂଯମଲ୍ପକାଲମ୍ ଅର୍ଥତୋ ଯୁଷ୍ମାକଂ ଯେ ସହାଦାସା ଭ୍ରାତରୋ ଯୂଯମିୱ ଘାନିଷ୍ୟନ୍ତେ ତେଷାଂ ସଂଖ୍ୟା ଯାୱତ୍ ସମ୍ପୂର୍ଣତାଂ ନ ଗଚ୍ଛତି ତାୱଦ୍ ୱିରମତ|
42060c0191	ଅନନ୍ତରଂ ଯଦା ସ ଷଷ୍ଠମୁଦ୍ରାମମୋଚଯତ୍ ତଦା ମଯି ନିରୀକ୍ଷମାଣେ ମହାନ୍ ଭୂକମ୍ପୋ ଽଭୱତ୍ ସୂର୍ୟ୍ୟଶ୍ଚ ଉଷ୍ଟ୍ରଲୋମଜୱସ୍ତ୍ରୱତ୍ କୃଷ୍ଣୱର୍ଣଶ୍ଚନ୍ଦ୍ରମାଶ୍ଚ ରକ୍ତସଙ୍କାଶୋ ଽଭୱତ୍
42060d00f7	ଗଗନସ୍ଥତାରାଶ୍ଚ ପ୍ରବଲୱାଯୁନା ଚାଲିତାଦ୍ ଉଡୁମ୍ବରୱୃକ୍ଷାତ୍ ନିପାତିତାନ୍ୟପକ୍କଫଲାନୀୱ ଭୂତଲେ ନ୍ୟପତନ୍|
42060e010c	ଆକାଶମଣ୍ଡଲଞ୍ଚ ସଙ୍କୁଚ୍ୟମାନଗ୍ରନ୍ଥଇୱାନ୍ତର୍ଧାନମ୍ ଅଗମତ୍ ଗିରଯ ଉପଦ୍ୱୀପାଶ୍ଚ ସର୍ୱ୍ୱେ ସ୍ଥାନାନ୍ତରଂ ଚାଲିତାଃ
42060f0175	ପୃଥିୱୀସ୍ଥା ଭୂପାଲା ମହାଲ୍ଲୋକାଃ ସହସ୍ତ୍ରପତଯୋ ଧନିନଃ ପରାକ୍ରମିଣଶ୍ଚ ଲୋକା ଦାସା ମୁକ୍ତାଶ୍ଚ ସର୍ୱ୍ୱେ ଽପି ଗୁହାସୁ ଗିରିସ୍ଥଶୈଲେଷୁ ଚ ସ୍ୱାନ୍ ପ୍ରାଚ୍ଛାଦଯନ୍|
420610013c	ତେ ଚ ଗିରୀନ୍ ଶୈଲାଂଶ୍ଚ ୱଦନ୍ତି ଯୂଯମ୍ ଅସ୍ମଦୁପରି ପତିତ୍ୱା ସିଂହାସନୋପୱିଷ୍ଟଜନସ୍ୟ ଦୃଷ୍ଟିତୋ ମେଷଶାୱକସ୍ୟ କୋପାଚ୍ଚାସ୍ମାନ୍ ଗୋପାଯତ;
4206110097	ଯତସ୍ତସ୍ୟ କ୍ରୋଧସ୍ୟ ମହାଦିନମ୍ ଉପସ୍ଥିତଂ କଃ ସ୍ଥାତୁଂ ଶକ୍ନୋତି?
42070101b4	ଅନନ୍ତରଂ ଚତ୍ୱାରୋ ଦିୱ୍ୟଦୂତା ମଯା ଦୃଷ୍ଟାଃ, ତେ ପୃଥିୱ୍ୟାଶ୍ଚତୁର୍ଷୁ କୋଣେଷୁ ତିଷ୍ଠନତଃ ପୃଥିୱ୍ୟାଂ ସମୁଦ୍ରେ ୱୃକ୍ଷେଷୁ ଚ ୱାଯୁ ର୍ୟଥା ନ ୱହେତ୍ ତଥା ପୃଥିୱ୍ୟାଶ୍ଚତୁରୋ ୱାଯୂନ୍ ଧାରଯନ୍ତି|
42070201cc	ଅନନ୍ତରଂ ସୂର୍ୟ୍ୟୋଦଯସ୍ଥାନାଦ୍ ଉଦ୍ୟନ୍ ଅପର ଏକୋ ଦୂତୋ ମଯା ଦୃଷ୍ଟଃ ସୋଽମରେଶ୍ୱରସ୍ୟ ମୁଦ୍ରାଂ ଧାରଯତି, ଯେଷୁ ଚର୍ତୁଷୁ ଦୂତେଷୁ ପୃଥିୱୀସମୁଦ୍ରଯୋ ର୍ହିଂସନସ୍ୟ ଭାରୋ ଦତ୍ତସ୍ତାନ୍ ସ ଉଚ୍ଚୈରିଦଂ ଅୱଦତ୍|
4207030141	ଈଶ୍ୱରସ୍ୟ ଦାସା ଯାୱଦ୍ ଅସ୍ମାଭି ର୍ଭାଲେଷୁ ମୁଦ୍ରଯାଙ୍କିତା ନ ଭୱିଷ୍ୟନ୍ତି ତାୱତ୍ ପୃଥିୱୀ ସମୁଦ୍ରୋ ତରୱଶ୍ଚ ଯୁଷ୍ମାଭି ର୍ନ ହିଂସ୍ୟନ୍ତାଂ|
420704015d	ତତଃ ପରଂ ମୁଦ୍ରାଙ୍କିତଲୋକାନାଂ ସଂଖ୍ୟା ମଯାଶ୍ରାୱି| ଇସ୍ରାଯେଲଃ ସର୍ୱ୍ୱୱଂଶାଯାଶ୍ଚତୁଶ୍ଚତ୍ୱାରିଂଶତ୍ସହସ୍ରାଧିକଲକ୍ଷଲୋକା ମୁଦ୍ରଯାଙ୍କିତା ଅଭୱନ୍,
42070500e5	ଅର୍ଥତୋ ଯିହୂଦାୱଂଶେ ଦ୍ୱାଦଶସହସ୍ରାଣି ରୂବେଣୱଂଶେ ଦ୍ୱାଦଶସହସ୍ରାଣି ଗାଦୱଂଶେ ଦ୍ୱାଦଶସହସ୍ରାଣି,
42070600d8	ଆଶେରୱଂଶେ ଦ୍ୱାଦଶସହସ୍ରାଣି ନପ୍ତାଲିୱଂଶେ ଦ୍ୱାଦଶସହସ୍ରାଣି ମିନଶିୱଂଶେ ଦ୍ୱାଦଶସହସ୍ରାଣି,
42070700d8	ଶିମିଯୋନୱଂଶେ ଦ୍ୱାଦଶସହସ୍ରାଣି ଲେୱିୱଂଶେ ଦ୍ୱାଦଶସହସ୍ରାଣି ଇଷାଖରୱଂଶେ ଦ୍ୱାଦଶସହସ୍ରାଣି,
420708011d	ସିବୂଲୂନୱଂଶେ ଦ୍ୱାଦଶସହସ୍ରାଣି ଯୂଷଫୱଂଶେ ଦ୍ୱାଦଶସହସ୍ରାଣି ବିନ୍ୟାମୀନୱଂଶେ ଚ ଦ୍ୱାଦଶସହସ୍ରାଣି ଲୋକା ମୁଦ୍ରାଙ୍କିତାଃ|
4207090279	ତତଃ ପରଂ ସର୍ୱ୍ୱଜାତୀଯାନାଂ ସର୍ୱ୍ୱୱଂଶୀଯାନାଂ ସର୍ୱ୍ୱଦେଶୀଯାନାଂ ସର୍ୱ୍ୱଭାଷାୱାଦିନାଞ୍ଚ ମହାଲୋକାରଣ୍ୟଂ ମଯା ଦୃଷ୍ଟଂ, ତାନ୍ ଗଣଯିତୁଂ କେନାପି ନ ଶକ୍ୟଂ, ତେ ଚ ଶୁଭ୍ରପରିଚ୍ଛଦପରିହିତାଃ ସନ୍ତଃ କରୈଶ୍ଚ ତାଲୱୃନ୍ତାନି ୱହନ୍ତଃ ସିଂହାସନସ୍ୟ ମେଷଶାୱକସ୍ୟ ଚାନ୍ତିକେ ତିଷ୍ଠନ୍ତି,
42070a0124	ଉଚ୍ଚୈଃସ୍ୱରୈରିଦଂ କଥଯନ୍ତି ଚ, ସିଂହାସନୋପୱିଷ୍ଟସ୍ୟ ପରମେଶସ୍ୟ ନଃ ସ୍ତୱଃ| ସ୍ତୱଶ୍ଚ ମେଷୱତ୍ସସ୍ୟ ସମ୍ଭୂଯାତ୍ ତ୍ରାଣକାରଣାତ୍|
42070b016e	ତତଃ ସର୍ୱ୍ୱେ ଦୂତାଃ ସିଂହାସନସ୍ୟ ପ୍ରାଚୀନୱର୍ଗସ୍ୟ ପ୍ରାଣିଚତୁଷ୍ଟଯସ୍ୟ ଚ ପରିତସ୍ତିଷ୍ଠନ୍ତଃ ସିଂହାସନସ୍ୟାନ୍ତିକେ ନ୍ୟୂବ୍ଜୀଭୂଯେଶ୍ୱରଂ ପ୍ରଣମ୍ୟ ୱଦନ୍ତି,
42070c017b	ତଥାସ୍ତୁ ଧନ୍ୟୱାଦଶ୍ଚ ତେଜୋ ଜ୍ଞାନଂ ପ୍ରଶଂସନଂ| ଶୌର୍ୟ୍ୟଂ ପରାକ୍ରମଶ୍ଚାପି ଶକ୍ତିଶ୍ଚ ସର୍ୱ୍ୱମେୱ ତତ୍| ୱର୍ତ୍ତତାମୀଶ୍ୱରେଽସ୍ମାକଂ ନିତ୍ୟଂ ନିତ୍ୟଂ ତଥାସ୍ତ୍ୱିତି|
42070d00f9	ତତଃ ପରଂ ତେଷାଂ ପ୍ରାଚୀନାନାମ୍ ଏକୋ ଜନୋ ମାଂ ସମ୍ଭାଷ୍ୟ ଜଗାଦ ଶୁଭ୍ରପରିଚ୍ଛଦପରିହିତା ଇମେ କେ? କୁତୋ ୱାଗତାଃ?
42070e0190	ତତୋ ମଯୋକ୍ତଂ ହେ ମହେଚ୍ଛ ଭୱାନେୱ ତତ୍ ଜାନାତି| ତେନ କଥିତଂ, ଇମେ ମହାକ୍ଲେଶମଧ୍ୟାଦ୍ ଆଗତ୍ୟ ମେଷଶାୱକସ୍ୟ ରୁଧିରେଣ ସ୍ୱୀଯପରିଚ୍ଛଦାନ୍ ପ୍ରକ୍ଷାଲିତୱନ୍ତଃ ଶୁକ୍ଲୀକୃତୱନ୍ତଶ୍ଚ|
42070f015b	ତତ୍କାରଣାତ୍ ତ ଈଶ୍ୱରସ୍ୟ ସିଂହାସନସ୍ୟାନ୍ତିକେ ତିଷ୍ଠନ୍ତୋ ଦିୱାରାତ୍ରଂ ତସ୍ୟ ମନ୍ଦିରେ ତଂ ସେୱନ୍ତେ ସିଂହାସନୋପୱିଷ୍ଟୋ ଜନଶ୍ଚ ତାନ୍ ଅଧିସ୍ଥାସ୍ୟତି|
42071000d9	ତେଷାଂ କ୍ଷୁଧା ପିପାସା ୱା ପୁନ ର୍ନ ଭୱିଷ୍ୟତି ରୌଦ୍ରଂ କୋପ୍ୟୁତ୍ତାପୋ ୱା ତେଷୁ ନ ନିପତିଷ୍ୟତି,
42071101a9	ଯତଃ ସିଂହାସନାଧିଷ୍ଠାନକାରୀ ମେଷଶାୱକସ୍ତାନ୍ ଚାରଯିଷ୍ୟତି, ଅମୃତତୋଯାନାଂ ପ୍ରସ୍ରୱଣାନାଂ ସନ୍ନିଧିଂ ତାନ୍ ଗମଯିଷ୍ୟତି ଚ, ଈଶ୍ୱରୋଽପି ତେଷାଂ ନଯନଭ୍ୟଃ ସର୍ୱ୍ୱମଶ୍ରୁ ପ୍ରମାର୍କ୍ଷ୍ୟତି|
42080100d3	ଅନନ୍ତରଂ ସପ୍ତମମୁଦ୍ରାଯାଂ ତେନ ମୋଚିତାଯାଂ ସାର୍ଦ୍ଧଦଣ୍ଡକାଲଂ ସ୍ୱର୍ଗୋ ନିଃଶବ୍ଦୋଽଭୱତ୍|
42080200e0	ଅପରମ୍ ଅହମ୍ ଈଶ୍ୱରସ୍ୟାନ୍ତିକେ ତିଷ୍ଠତଃ ସପ୍ତଦୂତାନ୍ ଅପଶ୍ୟଂ ତେଭ୍ୟଃ ସପ୍ତତୂର୍ୟ୍ୟୋଽଦୀଯନ୍ତ|
420803023b	ତତଃ ପରମ୍ ଅନ୍ୟ ଏକୋ ଦୂତ ଆଗତଃ ସ ସ୍ୱର୍ଣଧୂପାଧାରଂ ଗୃହୀତ୍ୱା ୱେଦିମୁପାତିଷ୍ଠତ୍ ସ ଚ ଯତ୍ ସିଂହାସନସ୍ୟାନ୍ତିକେ ସ୍ଥିତାଯାଃ ସୁୱର୍ଣୱେଦ୍ୟା ଉପରି ସର୍ୱ୍ୱେଷାଂ ପୱିତ୍ରଲୋକାନାଂ ପ୍ରାର୍ଥନାସୁ ଧୂପାନ୍ ଯୋଜଯେତ୍ ତଦର୍ଥଂ ପ୍ରଚୁରଧୂପାସ୍ତସ୍ମୈ ଦତ୍ତାଃ|
4208040106	ତତସ୍ତସ୍ୟ ଦୂତସ୍ୟ କରାତ୍ ପୱିତ୍ରଲୋକାନାଂ ପ୍ରାର୍ଥନାଭିଃ ସଂଯୁକ୍ତଧୂପାନାଂ ଧୂମ ଈଶ୍ୱରସ୍ୟ ସମକ୍ଷଂ ଉଦତିଷ୍ଠତ୍|
4208050168	ପଶ୍ଚାତ୍ ସ ଦୂତୋ ଧୂପାଧାରଂ ଗୃହୀତ୍ୱା ୱେଦ୍ୟା ୱହ୍ନିନା ପୂରଯିତ୍ୱା ପୃଥିୱ୍ୟାଂ ନିକ୍ଷିପ୍ତୱାନ୍ ତେନ ରୱା ମେଘଗର୍ଜ୍ଜନାନି ୱିଦ୍ୟୁତୋ ଭୂମିକମ୍ପଶ୍ଚାଭୱନ୍|
42080600bc	ତତଃ ପରଂ ସପ୍ତତୂରୀ ର୍ଧାରଯନ୍ତଃ ସପ୍ତଦୂତାସ୍ତୂରୀ ର୍ୱାଦଯିତୁମ୍ ଉଦ୍ୟତା ଅଭୱନ୍|
42080701dc	ପ୍ରଥମେନ ତୂର୍ୟ୍ୟାଂ ୱାଦିତାଯାଂ ରକ୍ତମିଶ୍ରିତୌ ଶିଲାୱହ୍ନୀ ସମ୍ଭୂଯ ପୃଥିୱ୍ୟାଂ ନିକ୍ଷିପ୍ତୌ ତେନ ପୃଥିୱ୍ୟାସ୍ତୃତୀଯାଂଶୋ ଦଗ୍ଧଃ, ତରୂଣାମପି ତୃତୀଯାଂଶୋ ଦଗ୍ଧଃ, ହରିଦ୍ୱର୍ଣତୃଣାନି ଚ ସର୍ୱ୍ୱାଣି ଦଗ୍ଧାନି|
4208080152	ଅନନ୍ତରଂ ଦ୍ୱିତୀଯଦୂତେନ ତୂର୍ୟ୍ୟାଂ ୱାଦିତାଯାଂ ୱହ୍ନିନା ପ୍ରଜ୍ୱଲିତୋ ମହାପର୍ୱ୍ୱତଃ ସାଗରେ ନିକ୍ଷିପ୍ତସ୍ତେନ ସାଗରସ୍ୟ ତୃତୀଯାଂଶୋ ରକ୍ତୀଭୂତଃ
42080900fb	ସାଗରେ ସ୍ଥିତାନାଂ ସପ୍ରାଣାନାଂ ସୃଷ୍ଟୱସ୍ତୂନାଂ ତୃତୀଯାଂଶୋ ମୃତଃ, ଅର୍ଣୱଯାନାନାମ୍ ଅପି ତୃତୀଯାଂଶୋ ନଷ୍ଟଃ|
42080a0149	ଅପରଂ ତୃତୀଯଦୂତେନ ତୂର୍ୟ୍ୟାଂ ୱାଦିତାଯାଂ ଦୀପ ଇୱ ଜ୍ୱଲନ୍ତୀ ଏକା ମହତୀ ତାରା ଗଗଣାତ୍ ନିପତ୍ୟ ନଦୀନାଂ ଜଲପ୍ରସ୍ରୱଣାନାଞ୍ଚୋପର୍ୟ୍ୟାୱତୀର୍ଣା|
42080b011b	ତସ୍ୟାସ୍ତାରାଯା ନାମ ନାଗଦମନକମିତି, ତେନ ତୋଯାନାଂ ତୃତୀଯାଂଶେ ନାଗଦମନକୀଭୂତେ ତୋଯାନାଂ ତିକ୍ତତ୍ୱାତ୍ ବହୱୋ ମାନୱା ମୃତାଃ|
42080c024a	ଅପରଂ ଚତୁର୍ଥଦୂତେନ ତୂର୍ୟ୍ୟାଂ ୱାଦିତାଯାଂ ସୂର୍ୟ୍ୟସ୍ୟ ତୃତୀଯାଂଶଶ୍ଚନ୍ଦ୍ରସ୍ୟ ତୃତୀଯାଂଶୋ ନକ୍ଷତ୍ରାଣାଞ୍ଚ ତୃତୀଯାଂଶଃ ପ୍ରହୃତଃ, ତେନ ତେଷାଂ ତୃତୀଯାଂଶେ ଽନ୍ଧକାରୀଭୂତେ ଦିୱସସ୍ତୃତୀଯାଂଶକାଲଂ ଯାୱତ୍ ତେଜୋହୀନୋ ଭୱତି ନିଶାପି ତାମେୱାୱସ୍ଥାଂ ଗଚ୍ଛତି|
42080d0234	ତଦା ନିରୀକ୍ଷମାଣେନ ମଯାକାଶମଧ୍ୟେନାଭିପତତ ଏକସ୍ୟ ଦୂତସ୍ୟ ରୱଃ ଶ୍ରୁତଃ ସ ଉଚ୍ଚୈ ର୍ଗଦତି, ଅପରୈ ର୍ୟୈସ୍ତ୍ରିଭି ର୍ଦୂତୈସ୍ତୂର୍ୟ୍ୟୋ ୱାଦିତୱ୍ୟାସ୍ତେଷାମ୍ ଅୱଶିଷ୍ଟତୂରୀଧ୍ୱନିତଃ ପୃଥିୱୀନିୱାସିନାଂ ସନ୍ତାପଃ ସନ୍ତାପଃ ସନ୍ତାପଶ୍ଚ ସମ୍ଭୱିଷ୍ୟତି|
420901013e	ତତଃ ପରଂ ସପ୍ତମଦୂତେନ ତୂର୍ୟ୍ୟାଂ ୱାଦିତାଯାଂ ଗଗନାତ୍ ପୃଥିୱ୍ୟାଂ ନିପତିତ ଏକସ୍ତାରକୋ ମଯା ଦୃଷ୍ଟଃ, ତସ୍ମୈ ରସାତଲକୂପସ୍ୟ କୁଞ୍ଜିକାଦାଯି|
420902013a	ତେନ ରସାତଲକୂପେ ମୁକ୍ତେ ମହାଗ୍ନିକୁଣ୍ଡସ୍ୟ ଧୂମ ଇୱ ଧୂମସ୍ତସ୍ମାତ୍ କୂପାଦ୍ ଉଦ୍ଗତଃ| ତସ୍ମାତ୍ କୂପଧୂମାତ୍ ସୂର୍ୟ୍ୟାକାଶୌ ତିମିରାୱୃତୌ|
42090300dd	ତସ୍ମାଦ୍ ଧୂମାତ୍ ପତଙ୍ଗେଷୁ ପୃଥିୱ୍ୟାଂ ନିର୍ଗତେଷୁ ନରଲୋକସ୍ଥୱୃଶ୍ଚିକୱତ୍ ବଲଂ ତେଭ୍ୟୋଽଦାଯି|
42090401ca	ଅପରଂ ପୃଥିୱ୍ୟାସ୍ତୃଣାନି ହରିଦ୍ୱର୍ଣଶାକାଦଯୋ ୱୃକ୍ଷାଶ୍ଚ ତୈ ର୍ନ ସିଂହିତୱ୍ୟାଃ କିନ୍ତୁ ଯେଷାଂ ଭାଲେଷ୍ୱୀଶ୍ୱରସ୍ୟ ମୁଦ୍ରାଯା ଅଙ୍କୋ ନାସ୍ତି କେୱଲଂ ତେ ମାନୱାସ୍ତୈ ର୍ହିଂସିତୱ୍ୟା ଇଦଂ ତ ଆଦିଷ୍ଟାଃ|
420905019c	ପରନ୍ତୁ ତେଷାଂ ବଧାଯ ନହି କେୱଲଂ ପଞ୍ଚ ମାସାନ୍ ଯାୱତ୍ ଯାତନାଦାନାଯ ତେଭ୍ୟଃ ସାମର୍ଥ୍ୟମଦାଯି| ୱୃଶ୍ଚିକେନ ଦଷ୍ଟସ୍ୟ ମାନୱସ୍ୟ ଯାଦୃଶୀ ଯାତନା ଜାଯତେ ତୈରପି ତାଦୃଶୀ ଯାତନା ପ୍ରଦୀଯତେ|
420906018f	ତସ୍ମିନ୍ ସମଯେ ମାନୱା ମୃତ୍ୟୁଂ ମୃଗଯିଷ୍ୟନ୍ତେ କିନ୍ତୁ ପ୍ରାପ୍ତୁଂ ନ ଶକ୍ଷ୍ୟନ୍ତି, ତେ ପ୍ରାଣାନ୍ ତ୍ୟକ୍ତୁମ୍ ଅଭିଲଷିଷ୍ୟନ୍ତି କିନ୍ତୁ ମୃତ୍ୟୁସ୍ତେଭ୍ୟୋ ଦୂରଂ ପଲାଯିଷ୍ୟତେ|
42090701b0	ତେଷାଂ ପତଙ୍ଗାନାମ୍ ଆକାରୋ ଯୁଦ୍ଧାର୍ଥଂ ସୁସଜ୍ଜିତାନାମ୍ ଅଶ୍ୱାନାମ୍ ଆକାରସ୍ୟ ତୁଲ୍ୟଃ, ତେଷାଂ ଶିରଃସୁ ସୁୱର୍ଣକିରୀଟାନୀୱ କିରୀଟାନି ୱିଦ୍ୟନ୍ତେ, ମୁଖମଣ୍ଡଲାନି ଚ ମାନୁଷିକମୁଖତୁଲ୍ୟାନି,
420908009d	କେଶାଶ୍ଚ ଯୋଷିତାଂ କେଶାନାଂ ସଦୃଶାଃ, ଦନ୍ତାଶ୍ଚ ସିଂହଦନ୍ତତୁଲ୍ୟାଃ,
42090900f9	ଲୌହକୱଚୱତ୍ ତେଷାଂ କୱଚାନି ସନ୍ତି, ତେଷାଂ ପକ୍ଷାଣାଂ ଶବ୍ଦୋ ରଣାଯ ଧାୱତାମଶ୍ୱରଥାନାଂ ସମୂହସ୍ୟ ଶବ୍ଦତୁଲ୍ୟଃ|
42090a0171	ୱୃଶ୍ଚିକାନାମିୱ ତେଷାଂ ଲାଙ୍ଗୂଲାନି ସନ୍ତି, ତେଷୁ ଲାଙ୍ଗୂଲେଷୁ କଣ୍ଟକାନି ୱିଦ୍ୟନ୍ତେ, ଅପରଂ ପଞ୍ଚ ମାସାନ୍ ଯାୱତ୍ ମାନୱାନାଂ ହିଂସନାଯ ତେ ସାମର୍ଥ୍ୟପ୍ରାପ୍ତାଃ|
42090b0113	ତେଷାଂ ରାଜା ଚ ରସାତଲସ୍ୟ ଦୂତସ୍ତସ୍ୟ ନାମ ଇବ୍ରୀଯଭାଷଯା ଅବଦ୍ଦୋନ୍ ଯୂନାନୀଯଭାଷଯା ଚ ଅପଲ୍ଲୁଯୋନ୍ ଅର୍ଥତୋ ୱିନାଶକ ଇତି|
42090c00c9	ପ୍ରଥମଃ ସନ୍ତାପୋ ଗତୱାନ୍ ପଶ୍ୟ ଇତଃ ପରମପି ଦ୍ୱାଭ୍ୟାଂ ସନ୍ତାପାଭ୍ୟାମ୍ ଉପସ୍ଥାତୱ୍ୟଂ|
42090d0140	ତତଃ ପରଂ ଷଷ୍ଠଦୂତେନ ତୂର୍ୟ୍ୟାଂ ୱାଦିତାଯାମ୍ ଈଶ୍ୱରସ୍ୟାନ୍ତିକେ ସ୍ଥିତାଯାଃ ସୁୱର୍ଣୱେଦ୍ୟାଶ୍ଚତୁଶ୍ଚୂଡାତଃ କସ୍ୟଚିଦ୍ ରୱୋ ମଯାଶ୍ରାୱି|
42090e00e6	ସ ତୂରୀଧାରିଣଂ ଷଷ୍ଠଦୂତମ୍ ଅୱଦତ୍, ଫରାତାଖ୍ୟେ ମହାନଦେ ଯେ ଚତ୍ୱାରୋ ଦୂତା ବଦ୍ଧାଃ ସନ୍ତି ତାନ୍ ମୋଚଯ|
42090f0145	ତତସ୍ତଦ୍ଦଣ୍ଡସ୍ୟ ତଦ୍ଦିନସ୍ୟ ତନ୍ମାସସ୍ୟ ତଦ୍ୱତ୍ସରସ୍ୟ ଚ କୃତେ ନିରୂପିତାସ୍ତେ ଚତ୍ୱାରୋ ଦୂତା ମାନୱାନାଂ ତୃତୀଯାଂଶସ୍ୟ ବଧାର୍ଥଂ ମୋଚିତାଃ|
42091000aa	ଅପରମ୍ ଅଶ୍ୱାରୋହିସୈନ୍ୟାନାଂ ସଂଖ୍ୟା ମଯାଶ୍ରାୱି, ତେ ୱିଂଶତିକୋଟଯ ଆସନ୍|
4209110235	ମଯା ଯେ ଽଶ୍ୱା ଅଶ୍ୱାରୋହିଣଶ୍ଚ ଦୃଷ୍ଟାସ୍ତ ଏତାଦୃଶାଃ, ତେଷାଂ ୱହ୍ନିସ୍ୱରୂପାଣି ନୀଲପ୍ରସ୍ତରସ୍ୱରୂପାଣି ଗନ୍ଧକସ୍ୱରୂପାଣି ଚ ୱର୍ମ୍ମାଣ୍ୟାସନ୍, ୱାଜିନାଞ୍ଚ ସିଂହମୂର୍ଦ୍ଧସଦୃଶା ମୂର୍ଦ୍ଧାନଃ, ତେଷାଂ ମୁଖେଭ୍ୟୋ ୱହ୍ନିଧୂମଗନ୍ଧକା ନିର୍ଗଚ୍ଛନ୍ତି|
4209120119	ଏତୈସ୍ତ୍ରିଭି ର୍ଦଣ୍ଡୈରର୍ଥତସ୍ତେଷାଂ ମୁଖେଭ୍ୟୋ ନିର୍ଗଚ୍ଛଦ୍ଭି ର୍ୱହ୍ନିଧୂମଗନ୍ଧକୈ ର୍ମାନୁଷାଣାଂ ତୁତୀଯାଂଶୋ ଽଘାନି|
4209130139	ତେଷାଂ ୱାଜିନାଂ ବଲଂ ମୁଖେଷୁ ଲାଙ୍ଗୂଲେଷୁ ଚ ସ୍ଥିତଂ, ଯତସ୍ତେଷାଂ ଲାଙ୍ଗୂଲାନି ସର୍ପାକାରାଣି ମସ୍ତକୱିଶିଷ୍ଟାନି ଚ ତୈରେୱ ତେ ହିଂସନ୍ତି|
4209140233	ଅପରମ୍ ଅୱଶିଷ୍ଟା ଯେ ମାନୱା ତୈ ର୍ଦଣ୍ଡୈ ର୍ନ ହତାସ୍ତେ ଯଥା ଦୃଷ୍ଟିଶ୍ରୱଣଗମନଶକ୍ତିହୀନାନ୍ ସ୍ୱର୍ଣରୌପ୍ୟପିତ୍ତଲପ୍ରସ୍ତରକାଷ୍ଠମଯାନ୍ ୱିଗ୍ରହାନ୍ ଭୂତାଂଶ୍ଚ ନ ପୂଜଯିଷ୍ୟନ୍ତି ତଥା ସ୍ୱହସ୍ତାନାଂ କ୍ରିଯାଭ୍ୟଃ ସ୍ୱମନାଂସି ନ ପରାୱର୍ତ୍ତିତୱନ୍ତଃ
42091500aa	ସ୍ୱବଧକୁହକୱ୍ୟଭିଚାରଚୌର୍ୟ୍ୟୋଭ୍ୟୋ ଽପି ମନାଂସି ନ ପରାୱର୍ତ୍ତିତୱନ୍ତଃ|
420a010191	ଅନନ୍ତରଂ ସ୍ୱର୍ଗାଦ୍ ଅୱରୋହନ୍ ଅପର ଏକୋ ମହାବଲୋ ଦୂତୋ ମଯା ଦୃଷ୍ଟଃ, ସ ପରିହିତମେଘସ୍ତସ୍ୟ ଶିରଶ୍ଚ ମେଘଧନୁଷା ଭୂଷିତଂ ମୁଖମଣ୍ଡଲଞ୍ଚ ସୂର୍ୟ୍ୟତୁଲ୍ୟଂ ଚରଣୌ ଚ ୱହ୍ନିସ୍ତମ୍ଭସମୌ|
420a0200fc	ସ ସ୍ୱକରେଣ ୱିସ୍ତୀର୍ଣମେକଂ କ୍ଷୂଦ୍ରଗ୍ରନ୍ଥଂ ଧାରଯତି, ଦକ୍ଷିଣଚରଣେନ ସମୁଦ୍ରେ ୱାମଚରଣେନ ଚ ସ୍ଥଲେ ତିଷ୍ଠତି|
420a0300fe	ସ ସିଂହଗର୍ଜନୱଦ୍ ଉଚ୍ଚୈଃସ୍ୱରେଣ ନ୍ୟନଦତ୍ ନିନାଦେ କୃତେ ସପ୍ତ ସ୍ତନିତାନି ସ୍ୱକୀଯାନ୍ ସ୍ୱନାନ୍ ପ୍ରାକାଶଯନ୍|
420a040186	ତୈଃ ସପ୍ତ ସ୍ତନିତୈ ର୍ୱାକ୍ୟେ କଥିତେ ଽହଂ ତତ୍ ଲେଖିତୁମ୍ ଉଦ୍ୟତ ଆସଂ କିନ୍ତୁ ସ୍ୱର୍ଗାଦ୍ ୱାଗିଯଂ ମଯା ଶ୍ରୁତା ସପ୍ତ ସ୍ତନିତୈ ର୍ୟଦ୍ ଯଦ୍ ଉକ୍ତଂ ତତ୍ ମୁଦ୍ରଯାଙ୍କଯ ମା ଲିଖ|
420a0500e1	ଅପରଂ ସମୁଦ୍ରମେଦିନ୍ୟୋସ୍ତିଷ୍ଠନ୍ ଯୋ ଦୂତୋ ମଯା ଦୃଷ୍ଟଃ ସ ଗଗନଂ ପ୍ରତି ସ୍ୱଦକ୍ଷିଣକରମୁତ୍ଥାପ୍ୟ
420a060207	ଅପରଂ ସ୍ୱର୍ଗାଦ୍ ଯସ୍ୟ ରୱୋ ମଯାଶ୍ରାୱି ସ ପୁନ ର୍ମାଂ ସମ୍ଭାୱ୍ୟାୱଦତ୍ ତ୍ୱଂ ଗତ୍ୱା ସମୁଦ୍ରମେଦିନ୍ୟୋସ୍ତିଷ୍ଠତୋ ଦୂତସ୍ୟ କରାତ୍ ତଂ ୱିସ୍ତୀର୍ଣ କ୍ଷୁଦ୍ରଗ୍ରନ୍ଥଂ ଗୃହାଣ, ତେନ ମଯା ଦୂତସମୀପଂ ଗତ୍ୱା କଥିତଂ ଗ୍ରନ୍ଥୋ ଽସୌ ଦୀଯତାଂ|
420a0701a5	କିନ୍ତୁ ତୂରୀଂ ୱାଦିଷ୍ୟତଃ ସପ୍ତମଦୂତସ୍ୟ ତୂରୀୱାଦନସମଯ ଈଶ୍ୱରସ୍ୟ ଗୁପ୍ତା ମନ୍ତ୍ରଣା ତସ୍ୟ ଦାସାନ୍ ଭୱିଷ୍ୟଦ୍ୱାଦିନଃ ପ୍ରତି ତେନ ସୁସଂୱାଦେ ଯଥା ପ୍ରକାଶିତା ତଥୈୱ ସିଦ୍ଧା ଭୱିଷ୍ୟତି|
420a080189	ଅପରଂ ସ୍ୱର୍ଗାଦ୍ ଯସ୍ୟ ରୱୋ ମଯାଶ୍ରାୱି ସ ପୁନ ର୍ମାଂ ସମ୍ଭାଷ୍ୟାୱଦତ୍ ତ୍ୱଂ ଗତ୍ୱା ସମୁଦ୍ରମେଦିନ୍ୟୋସ୍ତିଷ୍ଠତୋ ଦୂତସ୍ୟ କରାତ୍ ତଂ ୱିସ୍ତୀର୍ଣଂ କ୍ଷୁଦ୍ରଗ୍ରନ୍ଥଂ ଗୃହାଣ,
420a09017b	ତେନ ମଯା ଦୂତସମୀପଂ ଗତ୍ୱା କଥିତଂ ଗ୍ରନ୍ଥୋ ଽସୌ ଦୀଯତାଂ| ସ ମାମ୍ ଅୱଦତ୍ ତଂ ଗୃହୀତ୍ୱା ଗିଲ, ତୱୋଦରେ ସ ତିକ୍ତରସୋ ଭୱିଷ୍ୟତି କିନ୍ତୁ ମୁଖେ ମଧୁୱତ୍ ସ୍ୱାଦୁ ର୍ଭୱିଷ୍ୟତି|
420a0a0138	ତେନ ମଯା ଦୂତସ୍ୟ କରାଦ୍ ଗ୍ରନ୍ଥୋ ଗୃହୀତୋ ଗିଲିତଶ୍ଚ| ସ ତୁ ମମ ମୁଖେ ମଧୁୱତ୍ ସ୍ୱାଦୁରାସୀତ୍ କିନ୍ତ୍ୱଦନାତ୍ ପରଂ ମମୋଦରସ୍ତିକ୍ତତାଂ ଗତଃ|
420a0b00e6	ତତଃ ସ ମାମ୍ ଅୱଦତ୍ ବହୂନ୍ ଜାତିୱଂଶଭାଷାୱଦିରାଜାନ୍ ଅଧି ତ୍ୱଯା ପୁନ ର୍ଭୱିଷ୍ୟଦ୍ୱାକ୍ୟଂ ୱକ୍ତୱ୍ୟଂ|
420b010153	ଅନନ୍ତରଂ ପରିମାଣଦଣ୍ଡୱଦ୍ ଏକୋ ନଲୋ ମହ୍ୟମଦାଯି, ସ ଚ ଦୂତ ଉପତିଷ୍ଠନ୍ ମାମ୍ ଅୱଦତ୍, ଉତ୍ଥାଯେଶ୍ୱରସ୍ୟ ମନ୍ଦିରଂ ୱେଦୀଂ ତତ୍ରତ୍ୟସେୱକାଂଶ୍ଚ ମିମୀଷ୍ୱ|
420b020191	କିନ୍ତୁ ମନ୍ଦିରସ୍ୟ ବହିଃପ୍ରାଙ୍ଗଣଂ ତ୍ୟଜ ନ ମିମୀଷ୍ୱ ଯତସ୍ତଦ୍ ଅନ୍ୟଜାତୀଯେଭ୍ୟୋ ଦତ୍ତଂ, ପୱିତ୍ରଂ ନଗରଞ୍ଚ ଦ୍ୱିଚତ୍ୱାରିଂଶନ୍ମାସାନ୍ ଯାୱତ୍ ତେଷାଂ ଚରଣୈ ର୍ମର୍ଦ୍ଦିଷ୍ୟତେ|
420b0301a1	ପଶ୍ଚାତ୍ ମମ ଦ୍ୱାଭ୍ୟାଂ ସାକ୍ଷିଭ୍ୟାଂ ମଯା ସାମର୍ଥ୍ୟଂ ଦାଯିଷ୍ୟତେ ତାୱୁଷ୍ଟ୍ରଲୋମଜୱସ୍ତ୍ରପରିହିତୌ ଷଷ୍ଠ୍ୟଧିକଦ୍ୱିଶତାଧିକସହସ୍ରଦିନାନି ଯାୱଦ୍ ଭୱିଷ୍ୟଦ୍ୱାକ୍ୟାନି ୱଦିଷ୍ୟତଃ|
420b04009f	ତାୱେୱ ଜଗଦୀଶ୍ୱରସ୍ୟାନ୍ତିକେ ତିଷ୍ଠନ୍ତୌ ଜିତୱୃକ୍ଷୌ ଦୀପୱୃକ୍ଷୌ ଚ|
420b05019e	ଯଦି କେଚିତ୍ ତୌ ହିଂସିତୁଂ ଚେଷ୍ଟନ୍ତେ ତର୍ହି ତଯୋ ର୍ୱଦନାଭ୍ୟାମ୍ ଅଗ୍ନି ର୍ନିର୍ଗତ୍ୟ ତଯୋଃ ଶତ୍ରୂନ୍ ଭସ୍ମୀକରିଷ୍ୟତି| ଯଃ କଶ୍ଚିତ୍ ତୌ ହିଂସିତୁଂ ଚେଷ୍ଟତେ ତେନୈୱମେୱ ୱିନଷ୍ଟୱ୍ୟଂ|
420b06022e	ତଯୋ ର୍ଭୱିଷ୍ୟଦ୍ୱାକ୍ୟକଥନଦିନେଷୁ ଯଥା ୱୃଷ୍ଟି ର୍ନ ଜାଯତେ ତଥା ଗଗନଂ ରୋଦ୍ଧୁଂ ତଯୋଃ ସାମର୍ଥ୍ୟମ୍ ଅସ୍ତି, ଅପରଂ ତୋଯାନି ଶୋଣିତରୂପାଣି କର୍ତ୍ତୁଂ ନିଜାଭିଲାଷାତ୍ ମୁହୁର୍ମୁହୁଃ ସର୍ୱ୍ୱୱିଧଦଣ୍ଡୈଃ ପୃଥିୱୀମ୍ ଆହନ୍ତୁଞ୍ଚ ତଯୋଃ ସାମର୍ଥ୍ୟମସ୍ତି|
420b070117	ଅପରଂ ତଯୋଃ ସାକ୍ଷ୍ୟେ ସମାପ୍ତେ ସତି ରସାତଲାଦ୍ ଯେନୋତ୍ଥିତୱ୍ୟଂ ସ ପଶୁସ୍ତାଭ୍ୟାଂ ସହ ଯୁଦ୍ଧ୍ୱା ତୌ ଜେଷ୍ୟତି ହନିଷ୍ୟତି ଚ|
420b08019a	ତତସ୍ତଯୋଃ ପ୍ରଭୁରପି ଯସ୍ୟାଂ ମହାପୁର୍ୟ୍ୟାଂ କ୍ରୁଶେ ହତୋ ଽର୍ଥତୋ ଯସ୍ୟାଃ ପାରମାର୍ଥିକନାମନୀ ସିଦୋମଂ ମିସରଶ୍ଚେତି ତସ୍ୟା ମହାପୁର୍ୟ୍ୟାଂଃ ସନ୍ନିୱେଶେ ତଯୋଃ କୁଣପେ ସ୍ଥାସ୍ୟତଃ|
420b0901b2	ତତୋ ନାନାଜାତୀଯା ନାନାୱଂଶୀଯା ନାନାଭାଷାୱାଦିନୋ ନାନାଦେଶୀଯାଶ୍ଚ ବହୱୋ ମାନୱାଃ ସାର୍ଦ୍ଧଦିନତ୍ରଯଂ ତଯୋଃ କୁଣପେ ନିରୀକ୍ଷିଷ୍ୟନ୍ତେ, ତଯୋଃ କୁଣପଯୋଃ ଶ୍ମଶାନେ ସ୍ଥାପନଂ ନାନୁଜ୍ଞାସ୍ୟନ୍ତି|
420b0a01b8	ପୃଥିୱୀନିୱାସିନଶ୍ଚ ତଯୋ ର୍ହେତୋରାନନ୍ଦିଷ୍ୟନ୍ତି ସୁଖଭୋଗଂ କୁର୍ୱ୍ୱନ୍ତଃ ପରସ୍ପରଂ ଦାନାନି ପ୍ରେଷଯିଷ୍ୟନ୍ତି ଚ ଯତସ୍ତାଭ୍ୟାଂ ଭୱିଷ୍ୟଦ୍ୱାଦିଭ୍ୟାଂ ପୃଥିୱୀନିୱାସିନୋ ଯାତନାଂ ପ୍ରାପ୍ତାଃ|
420b0b0179	ତସ୍ମାତ୍ ସାର୍ଦ୍ଧଦିନତ୍ରଯାତ୍ ପରମ୍ ଈଶ୍ୱରାତ୍ ଜୀୱନଦାଯକ ଆତ୍ମନି ତୌ ପ୍ରୱିଷ୍ଟେ ତୌ ଚରଣୈରୁଦତିଷ୍ଠତାଂ, ତେନ ଯାୱନ୍ତସ୍ତାୱପଶ୍ୟନ୍ ତେ ଽତୀୱ ତ୍ରାସଯୁକ୍ତା ଅଭୱନ୍|
420b0c017b	ତତଃ ପରଂ ତୌ ସ୍ୱର୍ଗାଦ୍ ଉଚ୍ଚୈରିଦଂ କଥଯନ୍ତଂ ରୱମ୍ ଅଶୃଣୁତାଂ ଯୁୱାଂ ସ୍ଥାନମ୍ ଏତଦ୍ ଆରୋହତାଂ ତତସ୍ତଯୋଃ ଶତ୍ରୁଷୁ ନିରୀକ୍ଷମାଣେଷୁ ତୌ ମେଘେନ ସ୍ୱର୍ଗମ୍ ଆରୂଢୱନ୍ତୌ|
420b0d01ad	ତଦ୍ଦଣ୍ଡେ ମହାଭୂମିକମ୍ପେ ଜାତେ ପୁର୍ୟ୍ୟା ଦଶମାଂଶଃ ପତିତଃ ସପ୍ତସହସ୍ରାଣି ମାନୁଷାଶ୍ଚ ତେନ ଭୂମିକମ୍ପେନ ହତାଃ, ଅୱଶିଷ୍ଟାଶ୍ଚ ଭଯଂ ଗତ୍ୱା ସ୍ୱର୍ଗୀଯେଶ୍ୱରସ୍ୟ ପ୍ରଶଂସାମ୍ ଅକୀର୍ତ୍ତଯନ୍|
420b0e009d	ଦ୍ୱିତୀଯଃ ସନ୍ତାପୋ ଗତଃ ପଶ୍ୟ ତୃତୀଯଃ ସନ୍ତାପସ୍ତୂର୍ଣମ୍ ଆଗଚ୍ଛତି|
420b0f0219	ଅନନ୍ତରଂ ସପ୍ତଦୂତେନ ତୂର୍ୟ୍ୟାଂ ୱାଦିତାଯାଂ ସ୍ୱର୍ଗ ଉଚ୍ଚୈଃ ସ୍ୱରୈର୍ୱାଗିଯଂ କୀର୍ତ୍ତିତା, ରାଜତ୍ୱଂ ଜଗତୋ ଯଦ୍ୟଦ୍ ରାଜ୍ୟଂ ତଦଧୁନାଭୱତ୍| ଅସ୍ମତ୍ପ୍ରଭୋସ୍ତଦୀଯାଭିଷିକ୍ତସ୍ୟ ତାରକସ୍ୟ ଚ| ତେନ ଚାନନ୍ତକାଲୀଯଂ ରାଜତ୍ୱଂ ପ୍ରକରିଷ୍ୟତେ||
420b100133	ଅପରମ୍ ଈଶ୍ୱରସ୍ୟାନ୍ତିକେ ସ୍ୱକୀଯସିଂହାସନେଷୂପୱିଷ୍ଟାଶ୍ଚତୁର୍ୱିଂଶତିପ୍ରାଚୀନା ଭୁୱି ନ୍ୟଙ୍ଭୂଖା ଭୂତ୍ୱେଶ୍ୱରଂ ପ୍ରଣମ୍ୟାୱଦନ୍,
420b11016b	ହେ ଭୂତ ୱର୍ତ୍ତମାନାପି ଭୱିଷ୍ୟଂଶ୍ଚ ପରେଶ୍ୱର| ହେ ସର୍ୱ୍ୱଶକ୍ତିମନ୍ ସ୍ୱାମିନ୍ ୱଯଂ ତେ କୁର୍ମ୍ମହେ ସ୍ତୱଂ| ଯତ୍ ତ୍ୱଯା କ୍ରିଯତେ ରାଜ୍ୟଂ ଗୃହୀତ୍ୱା ତେ ମହାବଲଂ|
420b120297	ୱିଜାତୀଯେଷୁ କୁପ୍ୟତ୍ସୁ ପ୍ରାଦୁର୍ଭୂତା ତୱ କ୍ରୁଧା| ମୃତାନାମପି କାଲୋ ଽସୌ ୱିଚାରୋ ଭୱିତା ଯଦା| ଭୃତ୍ୟାଶ୍ଚ ତୱ ଯାୱନ୍ତୋ ଭୱିଷ୍ୟଦ୍ୱାଦିସାଧୱଃ| ଯେ ଚ କ୍ଷୁଦ୍ରା ମହାନ୍ତୋ ୱା ନାମତସ୍ତେ ହି ବିଭ୍ୟତି| ଯଦା ସର୍ୱ୍ୱେଭ୍ୟ ଏତେଭ୍ୟୋ ୱେତନଂ ୱିତରିଷ୍ୟତେ| ଗନ୍ତୱ୍ୟଶ୍ଚ ଯଦା ନାଶୋ ୱସୁଧାଯା ୱିନାଶକୈଃ||
420b1301bb	ଅନନ୍ତରମ୍ ଈଶ୍ୱରସ୍ୟ ସ୍ୱର୍ଗସ୍ଥମନ୍ଦିରସ୍ୟ ଦ୍ୱାରଂ ମୁକ୍ତଂ ତନ୍ମନ୍ଦିରମଧ୍ୟେ ଚ ନିଯମମଞ୍ଜୂଷା ଦୃଶ୍ୟାଭୱତ୍, ତେନ ତଡିତୋ ରୱାଃ ସ୍ତନିତାନି ଭୂମିକମ୍ପୋ ଗୁରୁତରଶିଲାୱୃଷ୍ଟିଶ୍ଚୈତାନି ସମଭୱନ୍|
420c01015d	ତତଃ ପରଂ ସ୍ୱର୍ଗେ ମହାଚିତ୍ରଂ ଦୃଷ୍ଟଂ ଯୋଷିଦେକାସୀତ୍ ସା ପରିହିତସୂର୍ୟ୍ୟା ଚନ୍ଦ୍ରଶ୍ଚ ତସ୍ୟାଶ୍ଚରଣଯୋରଧୋ ଦ୍ୱାଦଶତାରାଣାଂ କିରୀଟଞ୍ଚ ଶିରସ୍ୟାସୀତ୍|
420c020090	ସା ଗର୍ଭୱତୀ ସତୀ ପ୍ରସୱୱେଦନଯା ୱ୍ୟଥିତାର୍ତ୍ତରାୱମ୍ ଅକରୋତ୍|
420c030160	ତତଃ ସ୍ୱର୍ଗେ ଽପରମ୍ ଏକଂ ଚିତ୍ରଂ ଦୃଷ୍ଟଂ ମହାନାଗ ଏକ ଉପାତିଷ୍ଠତ୍ ସ ଲୋହିତୱର୍ଣସ୍ତସ୍ୟ ସପ୍ତ ଶିରାଂସି ସପ୍ତ ଶୃଙ୍ଗାଣି ଶିରଃସୁ ଚ ସପ୍ତ କିରୀଟାନ୍ୟାସନ୍|
420c0401c0	ସ ସ୍ୱଲାଙ୍ଗୂଲେନ ଗଗନସ୍ଥନକ୍ଷତ୍ରାଣାଂ ତୃତୀଯାଂଶମ୍ ଅୱମୃଜ୍ୟ ପୃଥିୱ୍ୟାଂ ନ୍ୟପାତଯତ୍| ସ ଏୱ ନାଗୋ ନୱଜାତଂ ସନ୍ତାନଂ ଗ୍ରସିତୁମ୍ ଉଦ୍ୟତସ୍ତସ୍ୟାଃ ପ୍ରସୱିଷ୍ୟମାଣାଯା ଯୋଷିତୋ ଽନ୍ତିକେ ଽତିଷ୍ଠତ୍|
420c05017d	ସା ତୁ ପୁଂସନ୍ତାନଂ ପ୍ରସୂତା ସ ଏୱ ଲୌହମଯରାଜଦଣ୍ଡେନ ସର୍ୱ୍ୱଜାତୀଶ୍ଚାରଯିଷ୍ୟତି, କିଞ୍ଚ ତସ୍ୟାଃ ସନ୍ତାନ ଈଶ୍ୱରସ୍ୟ ସମୀପଂ ତଦୀଯସିଂହାସନସ୍ୟ ଚ ସନ୍ନିଧିମ୍ ଉଦ୍ଧୃତଃ|
420c060147	ସା ଚ ଯୋଷିତ୍ ପ୍ରାନ୍ତରଂ ପଲାଯିତା ଯତସ୍ତତ୍ରେଶ୍ୱରେଣ ନିର୍ମ୍ମିତ ଆଶ୍ରମେ ଷଷ୍ଠ୍ୟଧିକଶତଦ୍ୱଯାଧିକସହସ୍ରଦିନାନି ତସ୍ୟାଃ ପାଲନେନ ଭୱିତୱ୍ୟଂ|
420c07019f	ତତଃ ପରଂ ସ୍ୱର୍ଗେ ସଂଗ୍ରାମ ଉପାପିଷ୍ଠତ୍ ମୀଖାଯେଲସ୍ତସ୍ୟ ଦୂତାଶ୍ଚ ତେନ ନାଗେନ ସହାଯୁଧ୍ୟନ୍ ତଥା ସ ନାଗସ୍ତସ୍ୟ ଦୂତାଶ୍ଚ ସଂଗ୍ରାମମ୍ ଅକୁର୍ୱ୍ୱନ୍, କିନ୍ତୁ ପ୍ରଭୱିତୁଂ ନାଶକ୍ନୁୱନ୍
420c08006c	ଯତଃ ସ୍ୱର୍ଗେ ତେଷାଂ ସ୍ଥାନଂ ପୁନ ର୍ନାୱିଦ୍ୟତ|
420c0901ec	ଅପରଂ ସ ମହାନାଗୋ ଽର୍ଥତୋ ଦିଯାୱଲଃ (ଅପୱାଦକଃ) ଶଯତାନଶ୍ଚ (ୱିପକ୍ଷଃ) ଇତି ନାମ୍ନା ୱିଖ୍ୟାତୋ ଯଃ ପୁରାତନଃ ସର୍ପଃ କୃତ୍ସ୍ନଂ ନରଲୋକଂ ଭ୍ରାମଯତି ସ ପୃଥିୱ୍ୟାଂ ନିପାତିତସ୍ତେନ ସାର୍ଦ୍ଧଂ ତସ୍ୟ ଦୂତା ଅପି ତତ୍ର ନିପାତିତାଃ|
420c0a0266	ତତଃ ପରଂ ସ୍ୱର୍ଗେ ଉଚ୍ଚୈ ର୍ଭାଷମାଣୋ ରୱୋ ଽଯଂ ମଯାଶ୍ରାୱି, ତ୍ରାଣଂ ଶକ୍ତିଶ୍ଚ ରାଜତ୍ୱମଧୁନୈୱେଶ୍ୱରସ୍ୟ ନଃ| ତଥା ତେନାଭିଷିକ୍ତସ୍ୟ ତ୍ରାତୁଃ ପରାକ୍ରମୋ ଽଭୱତ୍ଂ|| ଯତୋ ନିପାତିତୋ ଽସ୍ମାକଂ ଭ୍ରାତୃଣାଂ ସୋ ଽଭିଯୋଜକଃ| ଯେନେଶ୍ୱରସ୍ୟ ନଃ ସାକ୍ଷାତ୍ ତେ ଽଦୂଷ୍ୟନ୍ତ ଦିୱାନିଶଂ||
420c0b0146	ମେଷୱତ୍ସସ୍ୟ ରକ୍ତେନ ସ୍ୱସାକ୍ଷ୍ୟୱଚନେନ ଚ| ତେ ତୁ ନିର୍ଜିତୱନ୍ତସ୍ତଂ ନ ଚ ସ୍ନେହମ୍ ଅକୁର୍ୱ୍ୱତ| ପ୍ରାଣୋଷ୍ୱପି ସ୍ୱକୀଯେଷୁ ମରଣସ୍ୟୈୱ ସଙ୍କଟେ|
420c0c01c1	ତସ୍ମାଦ୍ ଆନନ୍ଦତୁ ସ୍ୱର୍ଗୋ ହୃଷ୍ୟନ୍ତାଂ ତନ୍ନିୱାମିନଃ| ହା ଭୂମିସାଗରୌ ତାପୋ ଯୁୱାମେୱାକ୍ରମିଷ୍ୟତି| ଯୁୱଯୋରୱତୀର୍ଣୋ ଯତ୍ ଶୈତାନୋ ଽତୀୱ କାପନଃ| ଅଲ୍ପୋ ମେ ସମଯୋ ଽସ୍ତ୍ୟେତଚ୍ଚାପି ତେନାୱଗମ୍ୟତେ||
420c0d00e9	ଅନନ୍ତରଂ ସ ନାଗଃ ପୃଥିୱ୍ୟାଂ ସ୍ୱଂ ନିକ୍ଷିପ୍ତଂ ୱିଲୋକ୍ୟ ତାଂ ପୁତ୍ରପ୍ରସୂତାଂ ଯୋଷିତମ୍ ଉପାଦ୍ରୱତ୍|
420c0e01e0	ତତଃ ସା ଯୋଷିତ୍ ଯତ୍ ସ୍ୱକୀଯଂ ପ୍ରାନ୍ତରସ୍ଥାଶ୍ରମଂ ପ୍ରତ୍ୟୁତ୍ପତିତୁଂ ଶକ୍ନୁଯାତ୍ ତଦର୍ଥଂ ମହାକୁରରସ୍ୟ ପକ୍ଷଦ୍ୱଯଂ ତସ୍ୱୈ ଦତ୍ତଂ, ସା ତୁ ତତ୍ର ନାଗତୋ ଦୂରେ କାଲୈକଂ କାଲଦ୍ୱଯଂ କାଲାର୍ଦ୍ଧଞ୍ଚ ଯାୱତ୍ ପାଲ୍ୟତେ|
420c0f0102	କିଞ୍ଚ ସ ନାଗସ୍ତାଂ ଯୋଷିତଂ ସ୍ରୋତସା ପ୍ଲାୱଯିତୁଂ ସ୍ୱମୁଖାତ୍ ନଦୀୱତ୍ ତୋଯାନି ତସ୍ୟାଃ ପଶ୍ଚାତ୍ ପ୍ରାକ୍ଷିପତ୍|
420c1000e8	କିନ୍ତୁ ମେଦିନୀ ଯୋଷିତମ୍ ଉପକୁର୍ୱ୍ୱତୀ ନିଜୱଦନଂ ୱ୍ୟାଦାଯ ନାଗମୁଖାଦ୍ ଉଦ୍ଗୀର୍ଣାଂ ନଦୀମ୍ ଅପିୱତ୍|
420c11016c	ତତୋ ନାଗୋ ଯୋଷିତେ କ୍ରୁଦ୍ଧ୍ୱା ତଦ୍ୱଂଶସ୍ୟାୱଶିଷ୍ଟଲୋକୈରର୍ଥତୋ ଯ ଈଶ୍ୱରସ୍ୟାଜ୍ଞାଃ ପାଲଯନ୍ତି ଯୀଶୋଃ ସାକ୍ଷ୍ୟଂ ଧାରଯନ୍ତି ଚ ତୈଃ ସହ ଯୋଦ୍ଧୁଂ ନିର୍ଗତୱାନ୍|
420d0101d9	ତତଃ ପରମହଂ ସାଗରୀଯସିକତାଯାଂ ତିଷ୍ଠନ୍ ସାଗରାଦ୍ ଉଦ୍ଗଚ୍ଛନ୍ତମ୍ ଏକଂ ପଶୁଂ ଦୃଷ୍ଟୱାନ୍ ତସ୍ୟ ଦଶ ଶୃଙ୍ଗାଣି ସପ୍ତ ଶିରାଂସି ଚ ଦଶ ଶୃଙ୍ଗେଷୁ ଦଶ କିରୀଟାନି ଶିରଃସୁ ଚେଶ୍ୱରନିନ୍ଦାସୂଚକାନି ନାମାନି ୱିଦ୍ୟନ୍ତେ|
420d02018e	ମଯା ଦୃଷ୍ଟଃ ସ ପଶୁଶ୍ଚିତ୍ରୱ୍ୟାଘ୍ରସଦୃଶଃ କିନ୍ତୁ ତସ୍ୟ ଚରଣୌ ଭଲ୍ଲୂକସ୍ୟେୱ ୱଦନଞ୍ଚ ସିଂହୱଦନମିୱ| ନାଗନେ ତସ୍ମୈ ସ୍ୱୀଯପରାକ୍ରମଃ ସ୍ୱୀଯଂ ସିଂହାସନଂ ମହାଧିପତ୍ୟଞ୍ଚାଦାଯି|
420d030198	ମଯି ନିରୀକ୍ଷମାଣେ ତସ୍ୟ ଶିରସାମ୍ ଏକମ୍ ଅନ୍ତକାଘାତେନ ଛେଦିତମିୱାଦୃଶ୍ୟତ, କିନ୍ତୁ ତସ୍ୟାନ୍ତକକ୍ଷତସ୍ୟ ପ୍ରତୀକାରୋ ଽକ୍ରିଯତ ତତଃ କୃତ୍ସ୍ନୋ ନରଲୋକସ୍ତଂ ପଶୁମଧି ଚମତ୍କାରଂ ଗତଃ,
420d04015e	ଯଶ୍ଚ ନାଗସ୍ତସ୍ମୈ ପଶୱେ ସାମର୍ଥ୍ୟଂ ଦତ୍ତୱାନ୍ ସର୍ୱ୍ୱେ ତଂ ପ୍ରାଣମନ୍ ପଶୁମପି ପ୍ରଣମନ୍ତୋ ଽକଥଯନ୍, କୋ ୱିଦ୍ୟତେ ପଶୋସ୍ତୁଲ୍ୟସ୍ତେନ କୋ ଯୋଦ୍ଧୁମର୍ହତି|
420d050119	ଅନନ୍ତରଂ ତସ୍ମୈ ଦର୍ପୱାକ୍ୟେଶ୍ୱରନିନ୍ଦାୱାଦି ୱଦନଂ ଦ୍ୱିଚତ୍ୱାରିଂଶନ୍ମାସାନ୍ ଯାୱଦ୍ ଅୱସ୍ଥିତେଃ ସାମର୍ଥ୍ୟଞ୍ଚାଦାଯି|
420d0600f2	ତତଃ ସ ଈଶ୍ୱରନିନ୍ଦନାର୍ଥଂ ମୁଖଂ ୱ୍ୟାଦାଯ ତସ୍ୟ ନାମ ତସ୍ୟାୱାସଂ ସ୍ୱର୍ଗନିୱାସିନଶ୍ଚ ନିନ୍ଦିତୁମ୍ ଆରଭତ|
420d070190	ଅପରଂ ଧାର୍ମ୍ମିକୈଃ ସହ ଯୋଧନସ୍ୟ ତେଷାଂ ପରାଜଯସ୍ୟ ଚାନୁମତିଃ ସର୍ୱ୍ୱଜାତୀଯାନାଂ ସର୍ୱ୍ୱୱଂଶୀଯାନାଂ ସର୍ୱ୍ୱଭାଷାୱାଦିନାଂ ସର୍ୱ୍ୱଦେଶୀଯାନାଞ୍ଚାଧିପତ୍ୟମପି ତସ୍ମା ଅଦାଯି|
420d080176	ତତୋ ଜଗତଃ ସୃଷ୍ଟିକାଲାତ୍ ଛେଦିତସ୍ୟ ମେଷୱତ୍ସସ୍ୟ ଜୀୱନପୁସ୍ତକେ ଯାୱତାଂ ନାମାନି ଲିଖିତାନି ନ ୱିଦ୍ୟନ୍ତେ ତେ ପୃଥିୱୀନିୱାସିନଃ ସର୍ୱ୍ୱେ ତଂ ପଶୁଂ ପ୍ରଣଂସ୍ୟନ୍ତି|
420d090053	ଯସ୍ୟ ଶ୍ରୋତ୍ରଂ ୱିଦ୍ୟତେ ସ ଶୃଣୋତୁ|
420d0a01c6	ଯୋ ଜନୋ ଽପରାନ୍ ୱନ୍ଦୀକୃତ୍ୟ ନଯତି ସ ସ୍ୱଯଂ ୱନ୍ଦୀଭୂଯ ସ୍ଥାନାନ୍ତରଂ ଗମିଷ୍ୟତି, ଯଶ୍ଚ ଖଙ୍ଗେନ ହନ୍ତି ସ ସ୍ୱଯଂ ଖଙ୍ଗେନ ଘାନିଷ୍ୟତେ| ଅତ୍ର ପୱିତ୍ରଲୋକାନାଂ ସହିଷ୍ଣୁତଯା ୱିଶ୍ୱାସେନ ଚ ପ୍ରକାଶିତୱ୍ୟଂ|
420d0b0112	ଅନନ୍ତରଂ ପୃଥିୱୀତ ଉଦ୍ଗଚ୍ଛନ୍ ଅପର ଏକଃ ପଶୁ ର୍ମଯା ଦୃଷ୍ଟଃ ସ ମେଷଶାୱକୱତ୍ ଶୃଙ୍ଗଦ୍ୱଯୱିଶିଷ୍ଟ ଆସୀତ୍ ନାଗୱଚ୍ଚାଭାଷତ|
420d0c0178	ସ ପ୍ରଥମପଶୋରନ୍ତିକେ ତସ୍ୟ ସର୍ୱ୍ୱଂ ପରାକ୍ରମଂ ୱ୍ୟୱହରତି ୱିଶେଷତୋ ଯସ୍ୟ ପ୍ରଥମପଶୋରନ୍ତିକକ୍ଷତଂ ପ୍ରତୀକାରଂ ଗତଂ ତସ୍ୟ ପୂଜାଂ ପୃଥିୱୀଂ ତନ୍ନିୱାସିନଶ୍ଚ କାରଯତି|
420d0d00bf	ଅପରଂ ମାନୱାନାଂ ସାକ୍ଷାଦ୍ ଆକାଶତୋ ଭୁୱି ୱହ୍ନିୱର୍ଷଣାଦୀନି ମହାଚିତ୍ରାଣି କରୋତି|
420d0e0213	ତସ୍ୟ ପଶୋଃ ସାକ୍ଷାଦ୍ ଯେଷାଂ ଚିତ୍ରକର୍ମ୍ମଣାଂ ସାଧନାଯ ସାମର୍ଥ୍ୟଂ ତସ୍ମୈ ଦତ୍ତଂ ତୈଃ ସ ପୃଥିୱୀନିୱାସିନୋ ଭ୍ରାମଯତି, ୱିଶେଷତୋ ଯଃ ପଶୁଃ ଖଙ୍ଗେନ କ୍ଷତଯୁକ୍ତୋ ଭୂତ୍ୱାପ୍ୟଜୀୱତ୍ ତସ୍ୟ ପ୍ରତିମାନିର୍ମ୍ମାଣଂ ପୃଥିୱୀନିୱାସିନ ଆଦିଶତି|
420d0f01a0	ଅପରଂ ତସ୍ୟ ପଶୋଃ ପ୍ରତିମା ଯଥା ଭାଷତେ ଯାୱନ୍ତଶ୍ଚ ମାନୱାସ୍ତାଂ ପଶୁପ୍ରତିମାଂ ନ ପୂଜଯନ୍ତି ତେ ଯଥା ହନ୍ୟନ୍ତେ ତଥା ପଶୁପ୍ରତିମାଯାଃ ପ୍ରାଣପ୍ରତିଷ୍ଠାର୍ଥଂ ସାମର୍ଥ୍ୟଂ ତସ୍ମା ଅଦାଯି|
420d1000e3	ଅପରଂ କ୍ଷୁଦ୍ରମହଦ୍ଧନିଦରିଦ୍ରମୁକ୍ତଦାସାନ୍ ସର୍ୱ୍ୱାନ୍ ଦକ୍ଷିଣକରେ ଭାଲେ ୱା କଲଙ୍କଂ ଗ୍ରାହଯତି|
420d11014e	ତସ୍ମାଦ୍ ଯେ ତଂ କଲଙ୍କମର୍ଥତଃ ପଶୋ ର୍ନାମ ତସ୍ୟ ନାମ୍ନଃ ସଂଖ୍ୟାଙ୍କଂ ୱା ଧାରଯନ୍ତି ତାନ୍ ୱିନା ପରେଣ କେନାପି କ୍ରଯୱିକ୍ରଯେ କର୍ତ୍ତୁଂ ନ ଶକ୍ୟେତେ|
420d120155	ଅତ୍ର ଜ୍ଞାନେନ ପ୍ରକାଶିତୱ୍ୟଂ| ଯୋ ବୁଦ୍ଧିୱିଶିଷ୍ଟଃ ସ ପଶୋଃ ସଂଖ୍ୟାଂ ଗଣଯତୁ ଯତଃ ସା ମାନୱସ୍ୟ ସଂଖ୍ୟା ଭୱତି| ସା ଚ ସଂଖ୍ୟା ଷଟ୍ଷଷ୍ଟ୍ୟଧିକଷଟ୍ଶତାନି|
420e010216	ତତଃ ପରଂ ନିରୀକ୍ଷମାଣେନ ମଯା ମେଷଶାୱକୋ ଦୃଷ୍ଟଃ ସ ସିଯୋନପର୍ୱ୍ୱତସ୍ୟୋପର୍ୟ୍ୟତିଷ୍ଠତ୍, ଅପରଂ ଯେଷାଂ ଭାଲେଷୁ ତସ୍ୟ ନାମ ତତ୍ପିତୁଶ୍ଚ ନାମ ଲିଖିତମାସ୍ତେ ତାଦୃଶାଶ୍ଚତୁଶ୍ଚତ୍ୱାରିଂଶତ୍ସହସ୍ରାଧିକା ଲକ୍ଷଲୋକାସ୍ତେନ ସାର୍ଦ୍ଧମ୍ ଆସନ୍|
420e020152	ଅନନ୍ତରଂ ବହୁତୋଯାନାଂ ରୱ ଇୱ ଗୁରୁତରସ୍ତନିତସ୍ୟ ଚ ରୱ ଇୱ ଏକୋ ରୱଃ ସ୍ୱର୍ଗାତ୍ ମଯାଶ୍ରାୱି| ମଯା ଶ୍ରୁତଃ ସ ରୱୋ ୱୀଣାୱାଦକାନାଂ ୱୀଣାୱାଦନସ୍ୟ ସଦୃଶଃ|
420e03022b	ସିଂହସନସ୍ୟାନ୍ତିକେ ପ୍ରାଣିଚତୁଷ୍ଟଯସ୍ୟ ପ୍ରାଚୀନୱର୍ଗସ୍ୟ ଚାନ୍ତିକେ ଽପି ତେ ନୱୀନମେକଂ ଗୀତମ୍ ଅଗାଯନ୍ କିନ୍ତୁ ଧରଣୀତଃ ପରିକ୍ରୀତାନ୍ ତାନ୍ ଚତୁଶ୍ଚତ୍ୱାରିଂଶତ୍ୟହସ୍ରାଧିକଲକ୍ଷଲୋକାନ୍ ୱିନା ନାପରେଣ କେନାପି ତଦ୍ ଗୀତଂ ଶିକ୍ଷିତୁଂ ଶକ୍ୟତେ|
420e040210	ଇମେ ଯୋଷିତାଂ ସଙ୍ଗେନ ନ କଲଙ୍କିତା ଯତସ୍ତେ ଽମୈଥୁନା ମେଷଶାୱକୋ ଯତ୍ କିମପି ସ୍ଥାନଂ ଗଚ୍ଛେତ୍ ତତ୍ସର୍ୱ୍ୱସ୍ମିନ୍ ସ୍ଥାନେ ତମ୍ ଅନୁଗଚ୍ଛନ୍ତି ଯତସ୍ତେ ମନୁଷ୍ୟାଣାଂ ମଧ୍ୟତଃ ପ୍ରଥମଫଲାନୀୱେଶ୍ୱରସ୍ୟ ମେଷଶାୱକସ୍ୟ ଚ କୃତେ ପରିକ୍ରୀତାଃ|
420e0500f1	ତେଷାଂ ୱଦନେଷୁ ଚାନୃତଂ କିମପି ନ ୱିଦ୍ୟତେ ଯତସ୍ତେ ନିର୍ଦ୍ଦୋଷା ଈଶ୍ୱରସିଂହାସନସ୍ୟାନ୍ତିକେ ତିଷ୍ଠନ୍ତି|
420e060223	ଅନନ୍ତରମ୍ ଆକାଶମଧ୍ୟେନୋଡ୍ଡୀଯମାନୋ ଽପର ଏକୋ ଦୂତୋ ମଯା ଦୃଷ୍ଟଃ ସୋ ଽନନ୍ତକାଲୀଯଂ ସୁସଂୱାଦଂ ଧାରଯତି ସ ଚ ସୁସଂୱାଦଃ ସର୍ୱ୍ୱଜାତୀଯାନ୍ ସର୍ୱ୍ୱୱଂଶୀଯାନ୍ ସର୍ୱ୍ୱଭାଷାୱାଦିନଃ ସର୍ୱ୍ୱଦେଶୀଯାଂଶ୍ଚ ପୃଥିୱୀନିୱାସିନଃ ପ୍ରତି ତେନ ଘୋଷିତୱ୍ୟଃ|
420e0701fa	ସ ଉଚ୍ଚୈଃସ୍ୱରେଣେଦଂ ଗଦତି ଯୂଯମୀଶ୍ୱରାଦ୍ ବିଭୀତ ତସ୍ୟ ସ୍ତୱଂ କୁରୁତ ଚ ଯତସ୍ତଦୀଯୱିଚାରସ୍ୟ ଦଣ୍ଡ ଉପାତିଷ୍ଠତ୍ ତସ୍ମାଦ୍ ଆକାଶମଣ୍ଡଲସ୍ୟ ପୃଥିୱ୍ୟାଃ ସମୁଦ୍ରସ୍ୟ ତୋଯପ୍ରସ୍ରୱଣାନାଞ୍ଚ ସ୍ରଷ୍ଟା ଯୁଷ୍ମାଭିଃ ପ୍ରଣମ୍ୟତାଂ|
420e080150	ତତ୍ପଶ୍ଚାଦ୍ ଦ୍ୱିତୀଯ ଏକୋ ଦୂତ ଉପସ୍ଥାଯାୱଦତ୍ ପତିତା ପତିତା ସା ମହାବାବିଲ୍ ଯା ସର୍ୱ୍ୱଜାତୀଯାନ୍ ସ୍ୱକୀଯଂ ୱ୍ୟଭିଚାରରୂପଂ କ୍ରୋଧମଦମ୍ ଅପାଯଯତ୍|
420e090140	ତତ୍ପଶ୍ଚାଦ୍ ତୃତୀଯୋ ଦୂତ ଉପସ୍ଥାଯୋଚ୍ଚୈରୱଦତ୍, ଯଃ କଶ୍ଚିତ ତଂ ଶଶୁଂ ତସ୍ୟ ପ୍ରତିମାଞ୍ଚ ପ୍ରଣମତି ସ୍ୱଭାଲେ ସ୍ୱକରେ ୱା କଲଙ୍କଂ ଗୃହ୍ଲାତି ଚ
420e0a019e	ସୋ ଽପୀଶ୍ୱରସ୍ୟ କ୍ରୋଧପାତ୍ରେ ସ୍ଥିତମ୍ ଅମିଶ୍ରିତଂ ମଦତ୍ ଅର୍ଥତ ଈଶ୍ୱରସ୍ୟ କ୍ରୋଧମଦଂ ପାସ୍ୟତି ପୱିତ୍ରଦୂତାନାଂ ମେଷଶାୱକସ୍ୟ ଚ ସାକ୍ଷାଦ୍ ୱହ୍ନିଗନ୍ଧକଯୋ ର୍ୟାତନାଂ ଲପ୍ସ୍ୟତେ ଚ|
420e0b01a0	ତେଷାଂ ଯାତନାଯା ଧୂମୋ ଽନନ୍ତକାଲଂ ଯାୱଦ୍ ଉଦ୍ଗମିଷ୍ୟତି ଯେ ଚ ପଶୁଂ ତସ୍ୟ ପ୍ରତିମାଞ୍ଚ ପୂଜଯନ୍ତି ତସ୍ୟ ନାମ୍ନୋ ଽଙ୍କଂ ୱା ଗୃହ୍ଲନ୍ତି ତେ ଦିୱାନିଶଂ କଞ୍ଚନ ୱିରାମଂ ନ ପ୍ରାପ୍ସ୍ୟନ୍ତି|
420e0c0109	ଯେ ମାନୱା ଈଶ୍ୱରସ୍ୟାଜ୍ଞା ଯୀଶୌ ୱିଶ୍ୱାସଞ୍ଚ ପାଲଯନ୍ତି ତେଷାଂ ପୱିତ୍ରଲୋକାନାଂ ସହିଷ୍ଣୁତଯାତ୍ର ପ୍ରକାଶିତୱ୍ୟଂ|
420e0d0233	ଅପରଂ ସ୍ୱର୍ଗାତ୍ ମଯା ସହ ସମ୍ଭାଷମାଣ ଏକୋ ରୱୋ ମଯାଶ୍ରାୱି ତେନୋକ୍ତଂ ତ୍ୱଂ ଲିଖ, ଇଦାନୀମାରଭ୍ୟ ଯେ ପ୍ରଭୌ ମ୍ରିଯନ୍ତେ ତେ ମୃତା ଧନ୍ୟା ଇତି; ଆତ୍ମା ଭାଷତେ ସତ୍ୟଂ ସ୍ୱଶ୍ରମେଭ୍ୟସ୍ତୈ ର୍ୱିରାମଃ ପ୍ରାପ୍ତୱ୍ୟଃ ତେଷାଂ କର୍ମ୍ମାଣି ଚ ତାନ୍ ଅନୁଗଚ୍ଛନ୍ତି|
420e0e0188	ତଦନନ୍ତରଂ ନିରୀକ୍ଷମାଣେନ ମଯା ଶ୍ୱେତୱର୍ଣ ଏକୋ ମେଘୋ ଦୃଷ୍ଟସ୍ତନ୍ମେଘାରୂଢୋ ଜନୋ ମାନୱପୁତ୍ରାକୃତିରସ୍ତି ତସ୍ୟ ଶିରସି ସୁୱର୍ଣକିରୀଟଂ କରେ ଚ ତୀକ୍ଷ୍ଣଂ ଦାତ୍ରଂ ତିଷ୍ଠତି|
420e0f01ff	ତତଃ ପରମ୍ ଅନ୍ୟ ଏକୋ ଦୂତୋ ମନ୍ଦିରାତ୍ ନିର୍ଗତ୍ୟୋଚ୍ଚୈଃସ୍ୱରେଣ ତଂ ମେଘାରୂଢଂ ସମ୍ଭାଷ୍ୟାୱଦତ୍ ତ୍ୱଯା ଦାତ୍ରଂ ପ୍ରସାର୍ୟ୍ୟ ଶସ୍ୟଚ୍ଛେଦନଂ କ୍ରିଯତାଂ ଶସ୍ୟଚ୍ଛେଦନସ୍ୟ ସମଯ ଉପସ୍ଥିତୋ ଯତୋ ମେଦିନ୍ୟାଃ ଶସ୍ୟାନି ପରିପକ୍କାନି|
420e1000cb	ତତସ୍ତେନ ମେଘାରୂଢେନ ପୃଥିୱ୍ୟାଂ ଦାତ୍ରଂ ପ୍ରସାର୍ୟ୍ୟ ପୃଥିୱ୍ୟାଃ ଶସ୍ୟଚ୍ଛେଦନଂ କୃତଂ|
420e1100d7	ଅନନ୍ତରମ୍ ଅପର ଏକୋ ଦୂତଃ ସ୍ୱର୍ଗସ୍ଥମନ୍ଦିରାତ୍ ନିର୍ଗତଃ ସୋ ଽପି ତୀକ୍ଷ୍ଣଂ ଦାତ୍ରଂ ଧାରଯତି|
420e12022a	ଅପରମ୍ ଅନ୍ୟ ଏକୋ ଦୂତୋ ୱେଦିତୋ ନିର୍ଗତଃ ସ ୱହ୍ନେରଧିପତିଃ ସ ଉଚ୍ଚୈଃସ୍ୱରେଣ ତଂ ତୀକ୍ଷ୍ଣଦାତ୍ରଧାରିଣଂ ସମ୍ଭାଷ୍ୟାୱଦତ୍ ତ୍ୱଯା ସ୍ୱଂ ତୀକ୍ଷ୍ଣଂ ଦାତ୍ରଂ ପ୍ରସାର୍ୟ୍ୟ ମେଦିନ୍ୟା ଦ୍ରାକ୍ଷାଗୁଚ୍ଛଚ୍ଛେଦନଂ କ୍ରିଯତାଂ ଯତସ୍ତତ୍ଫଲାନି ପରିଣତାନି|
420e130186	ତତଃ ସ ଦୂତଃ ପୃଥିୱ୍ୟାଂ ସ୍ୱଦାତ୍ରଂ ପ୍ରସାର୍ୟ୍ୟ ପୃଥିୱ୍ୟା ଦ୍ରାକ୍ଷାଫଲଚ୍ଛେଦନମ୍ ଅକରୋତ୍ ତତ୍ଫଲାନି ଚେଶ୍ୱରସ୍ୟ କ୍ରୋଧସ୍ୱରୂପସ୍ୟ ମହାକୁଣ୍ଡସ୍ୟ ମଧ୍ୟଂ ନିରକ୍ଷିପତ୍|
420e140151	ତତ୍କୁଣ୍ଡସ୍ଥଫଲାନି ଚ ବହି ର୍ମର୍ଦ୍ଦିତାନି ତତଃ କୁଣ୍ଡମଧ୍ୟାତ୍ ନିର୍ଗତଂ ରକ୍ତଂ କ୍ରୋଶଶତପର୍ୟ୍ୟନ୍ତମ୍ ଅଶ୍ୱାନାଂ ଖଲୀନାନ୍ ଯାୱଦ୍ ୱ୍ୟାପ୍ନୋତ୍|
420f0101a2	ତତଃ ପରମ୍ ଅହଂ ସ୍ୱର୍ଗେ ଽପରମ୍ ଏକମ୍ ଅଦ୍ଭୁତଂ ମହାଚିହ୍ନଂ ଦୃଷ୍ଟୱାନ୍ ଅର୍ଥତୋ ଯୈ ର୍ଦଣ୍ଡୈରୀଶ୍ୱରସ୍ୟ କୋପଃ ସମାପ୍ତିଂ ଗମିଷ୍ୟତି ତାନ୍ ଦଣ୍ଡାନ୍ ଧାରଯନ୍ତଃ ସପ୍ତ ଦୂତା ମଯା ଦୃଷ୍ଟାଃ|
420f0201c6	ୱହ୍ନିମିଶ୍ରିତସ୍ୟ କାଚମଯସ୍ୟ ଜଲାଶଯସ୍ୟାକୃତିରପି ଦୃଷ୍ଟା ଯେ ଚ ପଶୋସ୍ତତ୍ପ୍ରତିମାଯାସ୍ତନ୍ନାମ୍ନୋ ଽଙ୍କସ୍ୟ ଚ ପ୍ରଭୂତୱନ୍ତସ୍ତେ ତସ୍ୟ କାଚମଯଜଲାଶଯସ୍ୟ ତୀରେ ତିଷ୍ଠନ୍ତ ଈଶ୍ୱରୀଯୱୀଣା ଧାରଯନ୍ତି,
420f03021c	ଈଶ୍ୱରଦାସସ୍ୟ ମୂସସୋ ଗୀତଂ ମେଷଶାୱକସ୍ୟ ଚ ଗୀତଂ ଗାଯନ୍ତୋ ୱଦନ୍ତି, ଯଥା, ସର୍ୱ୍ୱଶକ୍ତିୱିଶିଷ୍ଟସ୍ତ୍ୱଂ ହେ ପ୍ରଭୋ ପରମେଶ୍ୱର| ତ୍ୱଦୀଯସର୍ୱ୍ୱକର୍ମ୍ମାଣି ମହାନ୍ତି ଚାଦ୍ଭୁତାନି ଚ| ସର୍ୱ୍ୱପୁଣ୍ୟୱତାଂ ରାଜନ୍ ମାର୍ଗା ନ୍ୟାଯ୍ୟା ଋତାଶ୍ଚ ତେ|
420f040246	ହେ ପ୍ରଭୋ ନାମଧେଯାତ୍ତେ କୋ ନ ଭୀତିଂ ଗମିଷ୍ୟତି| କୋ ୱା ତ୍ୱଦୀଯନାମ୍ନଶ୍ଚ ପ୍ରଶଂସାଂ ନ କରିଷ୍ୟତି| କେୱଲସ୍ତ୍ୱଂ ପୱିତ୍ରୋ ଽସି ସର୍ୱ୍ୱଜାତୀଯମାନୱାଃ| ତ୍ୱାମେୱାଭିପ୍ରଣଂସ୍ୟନ୍ତି ସମାଗତ୍ୟ ତ୍ୱଦନ୍ତିକଂ| ଯସ୍ମାତ୍ତୱ ୱିଚାରାଜ୍ଞାଃ ପ୍ରାଦୁର୍ଭାୱଂ ଗତାଃ କିଲ||
420f0500d2	ତଦନନ୍ତରଂ ମଯି ନିରୀକ୍ଷମାଣେ ସତି ସ୍ୱର୍ଗେ ସାକ୍ଷ୍ୟାୱାସସ୍ୟ ମନ୍ଦିରସ୍ୟ ଦ୍ୱାରଂ ମୁକ୍ତଂ|
420f0601c0	ଯେ ଚ ସପ୍ତ ଦୂତାଃ ସପ୍ତ ଦଣ୍ଡାନ୍ ଧାରଯନ୍ତି ତେ ତସ୍ମାତ୍ ମନ୍ଦିରାତ୍ ନିରଗଚ୍ଛନ୍| ତେଷାଂ ପରିଚ୍ଛଦା ନିର୍ମ୍ମଲଶୃଭ୍ରୱର୍ଣୱସ୍ତ୍ରନିର୍ମ୍ମିତା ୱକ୍ଷାଂସି ଚ ସୁୱର୍ଣଶୃଙ୍ଖଲୈ ର୍ୱେଷ୍ଟିତାନ୍ୟାସନ୍|
420f0700cd	ଅପରଂ ଚତୁର୍ଣାଂ ପ୍ରାଣିନାମ୍ ଏକସ୍ତେଭ୍ୟଃ ସପ୍ତଦୂତେଭ୍ୟଃ ସପ୍ତସୁୱର୍ଣକଂସାନ୍ ଅଦଦାତ୍|
420f080190	ଅନନ୍ତରମ୍ ଈଶ୍ୱରସ୍ୟ ତେଜଃପ୍ରଭାୱକାରଣାତ୍ ମନ୍ଦିରଂ ଧୂମେନ ପରିପୂର୍ଣଂ ତସ୍ମାତ୍ ତୈଃ ସପ୍ତଦୂତୈଃ ସପ୍ତଦଣ୍ଡାନାଂ ସମାପ୍ତିଂ ଯାୱତ୍ ମନ୍ଦିରଂ କେନାପି ପ୍ରୱେଷ୍ଟୁଂ ନାଶକ୍ୟତ|
421001015f	ତତଃ ପରଂ ମନ୍ଦିରାତ୍ ତାନ୍ ସପ୍ତଦୂତାନ୍ ସମ୍ଭାଷମାଣ ଏଷ ମହାରୱୋ ମଯାଶ୍ରାୱି, ଯୂଯଂ ଗତ୍ୱା ତେଭ୍ୟଃ ସପ୍ତକଂସେଭ୍ୟ ଈଶ୍ୱରସ୍ୟ କ୍ରୋଧଂ ପୃଥିୱ୍ୟାଂ ସ୍ରାୱଯତ|
42100201b7	ତତଃ ପ୍ରଥମୋ ଦୂତୋ ଗତ୍ୱା ସ୍ୱକଂସେ ଯଦ୍ୟଦ୍ ଅୱିଦ୍ୟତ ତତ୍ ପୃଥିୱ୍ୟାମ୍ ଅସ୍ରାୱଯତ୍ ତସ୍ମାତ୍ ପଶୋଃ କଲଙ୍କଧାରିଣାଂ ତତ୍ପ୍ରତିମାପୂଜକାନାଂ ମାନୱାନାଂ ଶରୀରେଷୁ ୱ୍ୟଥାଜନକା ଦୁଷ୍ଟୱ୍ରଣା ଅଭୱନ୍|
4210030187	ତତଃ ପରଂ ଦ୍ୱିତୀଯୋ ଦୂତଃ ସ୍ୱକଂସେ ଯଦ୍ୟଦ୍ ଅୱିଦ୍ୟତ ତତ୍ ସମୁଦ୍ରେ ଽସ୍ରାୱଯତ୍ ତେନ ସ କୁଣପସ୍ଥଶୋଣିତରୂପ୍ୟଭୱତ୍ ସମୁଦ୍ରେ ସ୍ଥିତାଶ୍ଚ ସର୍ୱ୍ୱେ ପ୍ରାଣିନୋ ମୃତ୍ୟୁଂ ଗତାଃ|
42100401a7	ଅପରଂ ତୃତୀଯୋ ଦୂତଃ ସ୍ୱକଂସେ ଯଦ୍ୟଦ୍ ଅୱିଦ୍ୟତ ତତ୍ ସର୍ୱ୍ୱଂ ନଦୀଷୁ ଜଲପ୍ରସ୍ରୱଣେଷୁ ଚାସ୍ରାୱଯତ୍ ତତସ୍ତାନି ରକ୍ତମଯାନ୍ୟଭୱନ୍| ଅପରଂ ତୋଯାନାମ୍ ଅଧିପସ୍ୟ ଦୂତସ୍ୟ ୱାଗିଯଂ ମଯା ଶ୍ରୁତା|
42100500ef	ୱର୍ତ୍ତମାନଶ୍ଚ ଭୂତଶ୍ଚ ଭୱିଷ୍ୟଂଶ୍ଚ ପରମେଶ୍ୱରଃ| ତ୍ୱମେୱ ନ୍ୟାଯ୍ୟକାରୀ ଯଦ୍ ଏତାଦୃକ୍ ତ୍ୱଂ ୱ୍ୟଚାରଯଃ|
42100600f3	ଭୱିଷ୍ୟଦ୍ୱାଦିସାଧୂନାଂ ରକ୍ତଂ ତୈରେୱ ପାତିତଂ| ଶୋଣିତଂ ତ୍ୱନ୍ତୁ ତେଭ୍ୟୋ ଽଦାସ୍ତତ୍ପାନଂ ତେଷୁ ଯୁଜ୍ୟତେ||
4210070197	ଅନନ୍ତରଂ ୱେଦୀତୋ ଭାଷମାଣସ୍ୟ କସ୍ୟଚିଦ୍ ଅଯଂ ରୱୋ ମଯା ଶ୍ରୁତଃ, ହେ ପରଶ୍ୱର ସତ୍ୟଂ ତତ୍ ହେ ସର୍ୱ୍ୱଶକ୍ତିମନ୍ ପ୍ରଭୋ| ସତ୍ୟା ନ୍ୟାଯ୍ୟାଶ୍ଚ ସର୍ୱ୍ୱା ହି ୱିଚାରାଜ୍ଞାସ୍ତ୍ୱଦୀଯକାଃ||
421008014f	ଅନନ୍ତରଂ ଚତୁର୍ଥୋ ଦୂତଃ ସ୍ୱକଂସେ ଯଦ୍ୟଦ୍ ଅୱିଦ୍ୟତ ତତ୍ ସର୍ୱ୍ୱଂ ସୂର୍ୟ୍ୟେ ଽସ୍ରାୱଯତ୍ ତସ୍ମୈ ଚ ୱହ୍ନିନା ମାନୱାନ୍ ଦଗ୍ଧୁଂ ସାମର୍ଥ୍ୟମ୍ ଅଦାଯି|
4210090169	ତେନ ମନୁଷ୍ୟା ମହାତାପେନ ତାପିତାସ୍ତେଷାଂ ଦଣ୍ଡାନାମ୍ ଆଧିପତ୍ୟୱିଶିଷ୍ଟସ୍ୟେଶ୍ୱରସ୍ୟ ନାମାନିନ୍ଦନ୍ ତତ୍ପ୍ରଶଂସାର୍ଥଞ୍ଚ ମନଃପରିୱର୍ତ୍ତନଂ ନାକୁର୍ୱ୍ୱନ୍|
42100a01aa	ତତଃ ପରଂ ପଞ୍ଚମୋ ଦୂତଃ ସ୍ୱକଂସେ ଯଦ୍ୟଦ୍ ଅୱିଦ୍ୟତ ତତ୍ ସର୍ୱ୍ୱଂ ପଶୋଃ ସିଂହାସନେ ଽସ୍ରାୱଯତ୍ ତେନ ତସ୍ୟ ରାଷ୍ଟ୍ରଂ ତିମିରାଚ୍ଛନ୍ନମ୍ ଅଭୱତ୍ ଲୋକାଶ୍ଚ ୱେଦନାକାରଣାତ୍ ସ୍ୱରସନା ଅଦଂଦଶ୍ୟତ|
42100b00eb	ସ୍ୱକୀଯୱ୍ୟଥାୱ୍ରଣକାରଣାଚ୍ଚ ସ୍ୱର୍ଗସ୍ଥମ୍ ଅନିନ୍ଦନ୍ ସ୍ୱକ୍ରିଯାଭ୍ୟଶ୍ଚ ମନାଂସି ନ ପରାୱର୍ତ୍ତଯନ୍|
42100c01b5	ତତଃ ପରଂ ଷଷ୍ଠୋ ଦୂତଃ ସ୍ୱକଂସେ ଯଦ୍ୟଦ୍ ଅୱିଦ୍ୟତ ତତ୍ ସର୍ୱ୍ୱଂ ଫରାତାଖ୍ୟୋ ମହାନଦେ ଽସ୍ରାୱଯତ୍ ତେନ ସୂର୍ୟ୍ୟୋଦଯଦିଶ ଆଗମିଷ୍ୟତାଂ ରାଜ୍ଞାଂ ମାର୍ଗସୁଗମାର୍ଥଂ ତସ୍ୟ ତୋଯାନି ପର୍ୟ୍ୟଶୁଷ୍ୟନ୍|
42100d0160	ଅନନ୍ତରଂ ନାଗସ୍ୟ ୱଦନାତ୍ ପଶୋ ର୍ୱଦନାତ୍ ମିଥ୍ୟାଭୱିଷ୍ୟଦ୍ୱାଦିନଶ୍ଚ ୱଦନାତ୍ ନିର୍ଗଚ୍ଛନ୍ତସ୍ତ୍ରଯୋ ଽଶୁଚଯ ଆତ୍ମାନୋ ମଯା ଦୃଷ୍ଟାସ୍ତେ ମଣ୍ଡୂକାକାରାଃ|
42100e01ce	ତ ଆଶ୍ଚର୍ୟ୍ୟକର୍ମ୍ମକାରିଣୋ ଭୂତାନାମ୍ ଆତ୍ମାନଃ ସନ୍ତି ସର୍ୱ୍ୱଶକ୍ତିମତ ଈଶ୍ୱରସ୍ୟ ମହାଦିନେ ଯେନ ଯୁଦ୍ଧେନ ଭୱିତୱ୍ୟଂ ତତ୍କୃତେ କୃତ୍ସ୍ରଜଗତୋ ରାଜ୍ଞାଃ ସଂଗ୍ରହୀତୁଂ ତେଷାଂ ସନ୍ନିଧିଂ ନିର୍ଗଚ୍ଛନ୍ତି|
42100f0095	ଅପରମ୍ ଇବ୍ରିଭାଷଯା ହର୍ମ୍ମଗିଦ୍ଦୋନାମକସ୍ଥନେ ତେ ସଙ୍ଗୃହୀତାଃ|
421010016e	ପଶ୍ୟାହଂ ଚୈରୱଦ୍ ଆଗଚ୍ଛାମି ଯୋ ଜନଃ ପ୍ରବୁଦ୍ଧସ୍ତିଷ୍ଠତି ଯଥା ଚ ନଗ୍ନଃ ସନ୍ ନ ପର୍ୟ୍ୟଟତି ତସ୍ୟ ଲଜ୍ଜା ଚ ଯଥା ଦୃଶ୍ୟା ନ ଭୱତି ତଥା ସ୍ୱୱାସାଂସି ରକ୍ଷତି ସ ଧନ୍ୟଃ|
4210110188	ତତଃ ପରଂ ସପ୍ତମୋ ଦୂତଃ ସ୍ୱକଂସେ ଯଦ୍ୟଦ୍ ଅୱିଦ୍ୟତ ତତ୍ ସର୍ୱ୍ୱମ୍ ଆକାଶେ ଽସ୍ରାୱଯତ୍ ତେନ ସ୍ୱର୍ଗୀଯମନ୍ଦିରମଧ୍ୟସ୍ଥସିଂହାସନାତ୍ ମହାରୱୋ ଽଯଂ ନିର୍ଗତଃ ସମାପ୍ତିରଭୱଦିତି|
4210120187	ତଦନନ୍ତରଂ ତଡିତୋ ରୱାଃ ସ୍ତନିତାନି ଚାଭୱନ୍, ଯସ୍ମିନ୍ କାଲେ ଚ ପୃଥିୱ୍ୟାଂ ମନୁଷ୍ୟାଃ ସୃଷ୍ଟାସ୍ତମ୍ ଆରଭ୍ୟ ଯାଦୃଙ୍ମହାଭୂମିକମ୍ପଃ କଦାପି ନାଭୱତ୍ ତାଦୃଗ୍ ଭୂକମ୍ପୋ ଽଭୱତ୍|
421013015f	ତଦାନୀଂ ମହାନଗରୀ ତ୍ରିଖଣ୍ଡା ଜାତା ଭିନ୍ନଜାତୀଯାନାଂ ନଗରାଣି ଚ ନ୍ୟପତନ୍ ମହାବାବିଲ୍ ଚେଶ୍ୱରେଣ ସ୍ୱକୀଯପ୍ରଚଣ୍ଡକୋପମଦିରାପାତ୍ରଦାନାର୍ଥଂ ସଂସ୍ମୃତା|
4210140063	ଦ୍ୱୀପାଶ୍ଚ ପଲାଯିତା ଗିରଯଶ୍ଚାନ୍ତହିତାଃ|
42101501a5	ଗଗନମଣ୍ଡଲାଚ୍ଚ ମନୁଷ୍ୟାଣାମ୍ ଉପର୍ୟ୍ୟେକୈକଦ୍ରୋଣପରିମିତଶିଲାନାଂ ମହାୱୃଷ୍ଟିରଭୱତ୍ ତଚ୍ଛିଲାୱୃଷ୍ଟେଃ କ୍ଲେଶାତ୍ ମନୁଷ୍ୟା ଈଶ୍ୱରମ୍ ଅନିନ୍ଦମ୍ ଯତସ୍ତଜ୍ଜାତଃ କ୍ଲେଶୋ ଽତୀୱ ମହାନ୍|
4211010189	ତଦନନ୍ତରଂ ତେଷାଂ ସପ୍ତକଂସଧାରିଣାଂ ସପ୍ତଦୂତାନାମ୍ ଏକ ଆଗତ୍ୟ ମାଂ ସମ୍ଭାଷ୍ୟାୱଦତ୍, ଅତ୍ରାଗଚ୍ଛ, ମେଦିନ୍ୟା ନରପତଯୋ ଯଯା ୱେଶ୍ୟଯା ସାର୍ଦ୍ଧଂ ୱ୍ୟଭିଚାରକର୍ମ୍ମ କୃତୱନ୍ତଃ,
4211020133	ଯସ୍ୟା ୱ୍ୟଭିଚାରମଦେନ ଚ ପୃଥିୱୀନିୱାସିନୋ ମତ୍ତା ଅଭୱନ୍ ତସ୍ୟା ବହୁତୋଯେଷୂପୱିଷ୍ଟାଯା ମହାୱେଶ୍ୟାଯା ଦଣ୍ଡମ୍ ଅହଂ ତ୍ୱାଂ ଦର୍ଶଯାମି|
42110301b1	ତତୋ ଽହମ୍ ଆତ୍ମନାୱିଷ୍ଟସ୍ତେନ ଦୂତେନ ପ୍ରାନ୍ତରଂ ନୀତସ୍ତତ୍ର ନିନ୍ଦାନାମଭିଃ ପରିପୂର୍ଣଂ ସପ୍ତଶିରୋଭି ର୍ଦଶଶୃଙ୍ଗୈଶ୍ଚ ୱିଶିଷ୍ଟଂ ସିନ୍ଦୂରୱର୍ଣଂ ପଶୁମୁପୱିଷ୍ଟା ଯୋଷିଦେକା ମଯା ଦୃଷ୍ଟା|
42110401e5	ସା ନାରୀ କୃଷ୍ଣଲୋହିତୱର୍ଣଂ ସିନ୍ଦୂରୱର୍ଣଞ୍ଚ ପରିଚ୍ଛଦଂ ଧାରଯତି ସ୍ୱର୍ଣମଣିମୁକ୍ତାଭିଶ୍ଚ ୱିଭୂଷିତାସ୍ତି ତସ୍ୟାଃ କରେ ଘୃଣାର୍ହଦ୍ରୱ୍ୟୈଃ ସ୍ୱୱ୍ୟଭିଚାରଜାତମଲୈଶ୍ଚ ପରିପୂର୍ଣ ଏକଃ ସୁୱର୍ଣମଯଃ କଂସୋ ୱିଦ୍ୟତେ|
421105010f	ତସ୍ୟା ଭାଲେ ନିଗୂଢୱାକ୍ୟମିଦଂ ପୃଥିୱୀସ୍ଥୱେଶ୍ୟାନାଂ ଘୃଣ୍ୟକ୍ରିଯାଣାଞ୍ଚ ମାତା ମହାବାବିଲିତି ନାମ ଲିଖିତମ୍ ଆସ୍ତେ|
4211060166	ମମ ଦୃଷ୍ଟିଗୋଚରସ୍ଥା ସା ନାରୀ ପୱିତ୍ରଲୋକାନାଂ ରୁଧିରେଣ ଯୀଶୋଃ ସାକ୍ଷିଣାଂ ରୁଧିରେଣ ଚ ମତ୍ତାସୀତ୍ ତସ୍ୟା ଦର୍ଶନାତ୍ ମମାତିଶଯମ୍ ଆଶ୍ଚର୍ୟ୍ୟଜ୍ଞାନଂ ଜାତଂ|
4211070198	ତତଃ ସ ଦୂତୋ ମାମ୍ ଅୱଦତ୍ କୁତସ୍ତୱାଶ୍ଚର୍ୟ୍ୟଜ୍ଞାନଂ ଜାଯତେ? ଅସ୍ୟା ଯୋଷିତସ୍ତଦ୍ୱାହନସ୍ୟ ସପ୍ତଶିରୋଭି ର୍ଦଶଶୃଙ୍ଗୈଶ୍ଚ ଯୁକ୍ତସ୍ୟ ପଶୋଶ୍ଚ ନିଗୂଢଭାୱମ୍ ଅହଂ ତ୍ୱାଂ ଜ୍ଞାପଯାମି|
42110802b5	ତ୍ୱଯା ଦୃଷ୍ଟୋ ଽସୌ ପଶୁରାସୀତ୍ ନେଦାନୀଂ ୱର୍ତ୍ତତେ କିନ୍ତୁ ରସାତଲାତ୍ ତେନୋଦେତୱ୍ୟଂ ୱିନାଶଶ୍ଚ ଗନ୍ତୱ୍ୟଃ| ତତୋ ଯେଷାଂ ନାମାନି ଜଗତଃ ସୃଷ୍ଟିକାଲମ୍ ଆରଭ୍ୟ ଜୀୱନପୁସ୍ତକେ ଲିଖିତାନି ନ ୱିଦ୍ୟନ୍ତେ ତେ ପୃଥିୱୀନିୱାସିନୋ ଭୂତମ୍ ଅୱର୍ତ୍ତମାନମୁପସ୍ଥାସ୍ୟନ୍ତଞ୍ଚ ତଂ ପଶୁଂ ଦୃଷ୍ଟ୍ୱାଶ୍ଚର୍ୟ୍ୟଂ ମଂସ୍ୟନ୍ତେ|
421109014c	ଅତ୍ର ଜ୍ଞାନଯୁକ୍ତଯା ବୁଦ୍ଧ୍ୟା ପ୍ରକାଶିତୱ୍ୟଂ| ତାନି ସପ୍ତଶିରାଂସି ତସ୍ୟା ଯୋଷିତ ଉପୱେଶନସ୍ଥାନସ୍ୱରୂପାଃ ସପ୍ତଗିରଯଃ ସପ୍ତ ରାଜାନଶ୍ଚ ସନ୍ତି|
42110a011c	ତେଷାଂ ପଞ୍ଚ ପତିତା ଏକଶ୍ଚ ୱର୍ତ୍ତମାନଃ ଶେଷଶ୍ଚାଦ୍ୟାପ୍ୟନୁପସ୍ଥିତଃ ସ ଯଦୋପସ୍ଥାସ୍ୟତି ତଦାପି ତେନାଲ୍ପକାଲଂ ସ୍ଥାତୱ୍ୟଂ|
42110b00f0	ଯଃ ପଶୁରାସୀତ୍ କିନ୍ତ୍ୱିଦାନୀଂ ନ ୱର୍ତ୍ତତେ ସ ଏୱାଷ୍ଟମଃ, ସ ସପ୍ତାନାମ୍ ଏକୋ ଽସ୍ତି ୱିନାଶଂ ଗମିଷ୍ୟତି ଚ|
42110c01a2	ତ୍ୱଯା ଦୃଷ୍ଟାନି ଦଶଶୃଙ୍ଗାଣ୍ୟପି ଦଶ ରାଜାନଃ ସନ୍ତିଃ, ଅଦ୍ୟାପି ତୈ ରାଜ୍ୟଂ ନ ପ୍ରାପ୍ତଂ କିନ୍ତୁ ମୁହୂର୍ତ୍ତମେକଂ ଯାୱତ୍ ପଶୁନା ସାର୍ଦ୍ଧଂ ତେ ରାଜାନ ଇୱ ପ୍ରଭୁତ୍ୱଂ ପ୍ରାପ୍ସ୍ୟନ୍ତି|
42110d00a6	ତ ଏକମନ୍ତ୍ରଣା ଭୱିଷ୍ୟନ୍ତି ସ୍ୱକୀଯଶକ୍ତିପ୍ରଭାୱୌ ପଶୱେ ଦାସ୍ୟନ୍ତି ଚ|
42110e01a0	ତେ ମେଷଶାୱକେନ ସାର୍ଦ୍ଧଂ ଯୋତ୍ସ୍ୟନ୍ତି, କିନ୍ତୁ ମେଷଶାୱକସ୍ତାନ୍ ଜେଷ୍ୟତି ଯତଃ ସ ପ୍ରଭୂନାଂ ପ୍ରଭୂ ରାଜ୍ଞାଂ ରାଜା ଚାସ୍ତି ତସ୍ୟ ସଙ୍ଗିନୋ ଽପ୍ୟାହୂତା ଅଭିରୁଚିତା ୱିଶ୍ୱାସ୍ୟାଶ୍ଚ|
42110f00f5	ଅପରଂ ସ ମାମ୍ ଅୱଦତ୍ ସା ୱେଶ୍ୟା ଯତ୍ରୋପୱିଶତି ତାନି ତୋଯାନି ଲୋକା ଜନତା ଜାତଯୋ ନାନାଭାଷାୱାଦିନଶ୍ଚ ସନ୍ତି|
4211100186	ତ୍ୱଯା ଦୃଷ୍ଟାନି ଦଶ ଶୃଙ୍ଗାଣି ପଶୁଶ୍ଚେମେ ତାଂ ୱେଶ୍ୟାମ୍ ଋତୀଯିଷ୍ୟନ୍ତେ ଦୀନାଂ ନଗ୍ନାଞ୍ଚ କରିଷ୍ୟନ୍ତି ତସ୍ୟା ମାଂସାନି ଭୋକ୍ଷ୍ୟନ୍ତେ ୱହ୍ନିନା ତାଂ ଦାହଯିଷ୍ୟନ୍ତି ଚ|
42111101d2	ଯତ ଈଶ୍ୱରସ୍ୟ ୱାକ୍ୟାନି ଯାୱତ୍ ସିଦ୍ଧିଂ ନ ଗମିଷ୍ୟନ୍ତି ତାୱଦ୍ ଈଶ୍ୱରସ୍ୟ ମନୋଗତଂ ସାଧଯିତୁମ୍ ଏକାଂ ମନ୍ତ୍ରଣାଂ କୃତ୍ୱା ତସ୍ମୈ ପଶୱେ ସ୍ୱେଷାଂ ରାଜ୍ୟଂ ଦାତୁଞ୍ଚ ତେଷାଂ ମନାଂସୀଶ୍ୱରେଣ ପ୍ରୱର୍ତ୍ତିତାନି|
42111200cf	ଅପରଂ ତ୍ୱଯା ଦୃଷ୍ଟା ଯୋଷିତ୍ ସା ମହାନଗରୀ ଯା ପୃଥିୱ୍ୟା ରାଜ୍ଞାମ୍ ଉପରି ରାଜତ୍ୱଂ କୁରୁତେ|
421201010d	ତଦନନ୍ତରଂ ସ୍ୱର୍ଗାଦ୍ ଅୱରୋହନ୍ ଅପର ଏକୋ ଦୂତୋ ମଯା ଦୃଷ୍ଟଃ ସ ମହାପରାକ୍ରମୱିଶିଷ୍ଟସ୍ତସ୍ୟ ତେଜସା ଚ ପୃଥିୱୀ ଦୀପ୍ତା|
42120201bb	ସ ବଲୱତା ସ୍ୱରେଣ ୱାଚମିମାମ୍ ଅଘୋଷଯତ୍ ପତିତା ପତିତା ମହାବାବିଲ୍, ସା ଭୂତାନାଂ ୱସତିଃ ସର୍ୱ୍ୱେଷାମ୍ ଅଶୁଚ୍ୟାତ୍ମନାଂ କାରା ସର୍ୱ୍ୱେଷାମ୍ ଅଶୁଚୀନାଂ ଘୃଣ୍ୟାନାଞ୍ଚ ପକ୍ଷିଣାଂ ପିଞ୍ଜରଶ୍ଚାଭୱତ୍|
42120301be	ଯତଃ ସର୍ୱ୍ୱଜାତୀଯାସ୍ତସ୍ୟା ୱ୍ୟଭିଚାରଜାତାଂ କୋପମଦିରାଂ ପୀତୱନ୍ତଃ ପୃଥିୱ୍ୟା ରାଜାନଶ୍ଚ ତଯା ସହ ୱ୍ୟଭିଚାରଂ କୃତୱନ୍ତଃ ପୃଥିୱ୍ୟା ୱଣିଜଶ୍ଚ ତସ୍ୟାଃ ସୁଖଭୋଗବାହୁଲ୍ୟାଦ୍ ଧନାଢ୍ୟତାଂ ଗତୱନ୍ତଃ|
421204017a	ତତଃ ପରଂ ସ୍ୱର୍ଗାତ୍ ମଯାପର ଏଷ ରୱଃ ଶ୍ରୁତଃ, ହେ ମମ ପ୍ରଜାଃ, ଯୂଯଂ ଯତ୍ ତସ୍ୟାଃ ପାପାନାମ୍ ଅଂଶିନୋ ନ ଭୱତ ତସ୍ୟା ଦଣ୍ଡୈଶ୍ଚ ଦଣ୍ଡଯୁକ୍ତା ନ ଭୱତ ତଦର୍ଥଂ ତତୋ ନିର୍ଗଚ୍ଛତ|
42120500d8	ଯତସ୍ତସ୍ୟାଃ ପାପାନି ଗଗନସ୍ପର୍ଶାନ୍ୟଭୱନ୍ ତସ୍ୟା ଅଧର୍ମ୍ମକ୍ରିଯାଶ୍ଚେଶ୍ୱରେଣ ସଂସ୍ମୃତାଃ|
42120601e0	ପରାନ୍ ପ୍ରତି ତଯା ଯଦ୍ୱଦ୍ ୱ୍ୟୱହୃତଂ ତଦ୍ୱତ୍ ତାଂ ପ୍ରତି ୱ୍ୟୱହରତ, ତସ୍ୟାଃ କର୍ମ୍ମଣାଂ ଦ୍ୱିଗୁଣଫଲାନି ତସ୍ୟୈ ଦତ୍ତ, ଯସ୍ମିନ୍ କଂସେ ସା ପରାନ୍ ମଦ୍ୟମ୍ ଅପାଯଯତ୍ ତମେୱ ତସ୍ୟାଃ ପାନାର୍ଥଂ ଦ୍ୱିଗୁଣମଦ୍ୟେନ ପୂରଯତ|
421207017a	ତଯା ଯାତ୍ମଶ୍ଲାଘା ଯଶ୍ଚ ସୁଖଭୋଗଃ କୃତସ୍ତଯୋ ର୍ଦ୍ୱିଗୁଣୌ ଯାତନାଶୋକୌ ତସ୍ୟୈ ଦତ୍ତ, ଯତଃ ସା ସ୍ୱକୀଯାନ୍ତଃକରଣେ ୱଦତି, ରାଜ୍ଞୀୱଦ୍ ଉପୱିଷ୍ଟାହଂ ନାନାଥା ନ ଚ ଶୋକୱିତ୍|
4212080164	ତସ୍ମାଦ୍ ଦିୱସ ଏକସ୍ମିନ୍ ମାରୀଦୁର୍ଭିକ୍ଷଶୋଚନୈଃ, ସା ସମାପ୍ଲୋଷ୍ୟତେ ନାରୀ ଧ୍ୟକ୍ଷ୍ୟତେ ୱହ୍ନିନା ଚ ସା; ଯଦ୍ ୱିଚାରାଧିପସ୍ତସ୍ୟା ବଲୱାନ୍ ପ୍ରଭୁରୀଶ୍ୱରଃ,
421209015f	ୱ୍ୟଭିଚାରସ୍ତଯା ସାର୍ଦ୍ଧଂ ସୁଖଭୋଗଶ୍ଚ ଯୈଃ କୃତଃ, ତେ ସର୍ୱ୍ୱ ଏୱ ରାଜାନସ୍ତଦ୍ଦାହଧୂମଦର୍ଶନାତ୍, ପ୍ରରୋଦିଷ୍ୟନ୍ତି ୱକ୍ଷାଂସି ଚାହନିଷ୍ୟନ୍ତି ବାହୁଭିଃ|
42120a0168	ତସ୍ୟାସ୍ତୈ ର୍ୟାତନାଭୀତେ ର୍ଦୂରେ ସ୍ଥିତ୍ୱେଦମୁଚ୍ୟତେ, ହା ହା ବାବିଲ୍ ମହାସ୍ଥାନ ହା ପ୍ରଭାୱାନ୍ୱିତେ ପୁରି, ଏକସ୍ମିନ୍ ଆଗତା ଦଣ୍ଡେ ୱିଚାରାଜ୍ଞା ତ୍ୱଦୀଯକା|
42120b00f6	ମେଦିନ୍ୟା ୱଣିଜଶ୍ଚ ତସ୍ୟାଃ କୃତେ ରୁଦନ୍ତି ଶୋଚନ୍ତି ଚ ଯତସ୍ତେଷାଂ ପଣ୍ୟଦ୍ରୱ୍ୟାଣି କେନାପି ନ କ୍ରୀଯନ୍ତେ|
42120c0241	ଫଲତଃ ସୁୱର୍ଣରୌପ୍ୟମଣିମୁକ୍ତାଃ ସୂକ୍ଷ୍ମୱସ୍ତ୍ରାଣି କୃଷ୍ଣଲୋହିତୱାସାଂସି ପଟ୍ଟୱସ୍ତ୍ରାଣି ସିନ୍ଦୂରୱର୍ଣୱାସାଂସି ଚନ୍ଦନାଦିକାଷ୍ଠାନି ଗଜଦନ୍ତେନ ମହାର୍ଘକାଷ୍ଠେନ ପିତ୍ତଲଲୌହାଭ୍ୟାଂ ମର୍ମ୍ମରପ୍ରସ୍ତରେଣ ୱା ନିର୍ମ୍ମିତାନି ସର୍ୱ୍ୱୱିଧପାତ୍ରାଣି
42120d01a6	ତ୍ୱଗେଲା ଧୂପଃ ସୁଗନ୍ଧିଦ୍ରୱ୍ୟଂ ଗନ୍ଧରସୋ ଦ୍ରାକ୍ଷାରସସ୍ତୈଲଂ ଶସ୍ୟଚୂର୍ଣଂ ଗୋଧୂମୋ ଗାୱୋ ମେଷା ଅଶ୍ୱା ରଥା ଦାସେଯା ମନୁଷ୍ୟପ୍ରାଣାଶ୍ଚୈତାନି ପଣ୍ୟଦ୍ରୱ୍ୟାଣି କେନାପି ନ କ୍ରୀଯନ୍ତେ|
42120e012a	ତୱ ମନୋଽଭିଲାଷସ୍ୟ ଫଲାନାଂ ସମଯୋ ଗତଃ, ତ୍ୱତ୍ତୋ ଦୂରୀକୃତଂ ଯଦ୍ୟତ୍ ଶୋଭନଂ ଭୂଷଣଂ ତୱ, କଦାଚନ ତଦୁଦ୍ଦେଶୋ ନ ପୁନ ର୍ଲପ୍ସ୍ୟତେ ତ୍ୱଯା|
42120f0135	ତଦ୍ୱିକ୍ରେତାରୋ ଯେ ୱଣିଜସ୍ତଯା ଧନିନୋ ଜାତାସ୍ତେ ତସ୍ୟା ଯାତନାଯା ଭଯାଦ୍ ଦୂରେ ତିଷ୍ଠନତୋ ରୋଦିଷ୍ୟନ୍ତି ଶୋଚନ୍ତଶ୍ଚେଦଂ ଗଦିଷ୍ୟନ୍ତି
421210014b	ହା ହା ମହାପୁରି, ତ୍ୱଂ ସୂକ୍ଷ୍ମୱସ୍ତ୍ରୈଃ କୃଷ୍ଣଲୋହିତୱସ୍ତ୍ରୈଃ ସିନ୍ଦୂରୱର୍ଣୱାସୋଭିଶ୍ଚାଚ୍ଛାଦିତା ସ୍ୱର୍ଣମଣିମୁକ୍ତାଭିରଲଙ୍କୃତା ଚାସୀଃ,
421211012f	କିନ୍ତ୍ୱେକସ୍ମିନ୍ ଦଣ୍ଡେ ସା ମହାସମ୍ପଦ୍ ଲୁପ୍ତା| ଅପରଂ ପୋତାନାଂ କର୍ଣଧାରାଃ ସମୂହଲୋକା ନାୱିକାଃ ସମୁଦ୍ରୱ୍ୟୱସାଯିନଶ୍ଚ ସର୍ୱ୍ୱେ
4212120107	ଦୂରେ ତିଷ୍ଠନ୍ତସ୍ତସ୍ୟା ଦାହସ୍ୟ ଧୂମଂ ନିରୀକ୍ଷମାଣା ଉଚ୍ଚୈଃସ୍ୱରେଣ ୱଦନ୍ତି ତସ୍ୟା ମହାନଗର୍ୟ୍ୟାଃ କିଂ ତୁଲ୍ୟଂ?
4212130246	ଅପରଂ ସ୍ୱଶିରଃସୁ ମୃତ୍ତିକାଂ ନିକ୍ଷିପ୍ୟ ତେ ରୁଦନ୍ତଃ ଶୋଚନ୍ତଶ୍ଚୋଚ୍ଚୈଃସ୍ୱରେଣେଦଂ ୱଦନ୍ତି ହା ହା ଯସ୍ୟା ମହାପୁର୍ୟ୍ୟା ବାହୁଲ୍ୟଧନକାରଣାତ୍, ସମ୍ପତ୍ତିଃ ସଞ୍ଚିତା ସର୍ୱ୍ୱୈଃ ସାମୁଦ୍ରପୋତନାଯକୈଃ, ଏକସ୍ମିନ୍ନେୱ ଦଣ୍ଡେ ସା ସମ୍ପୂର୍ଣୋଚ୍ଛିନ୍ନତାଂ ଗତା|
42121401d5	ହେ ସ୍ୱର୍ଗୱାସିନଃ ସର୍ୱ୍ୱେ ପୱିତ୍ରାଃ ପ୍ରେରିତାଶ୍ଚ ହେ| ହେ ଭାୱିୱାଦିନୋ ଯୂଯଂ କୃତେ ତସ୍ୟାଃ ପ୍ରହର୍ଷତ| ଯୁଷ୍ମାକଂ ଯତ୍ ତଯା ସାର୍ଦ୍ଧଂ ଯୋ ୱିୱାଦଃ ପୁରାଭୱତ୍| ଦଣ୍ଡଂ ସମୁଚିତଂ ତସ୍ୟ ତସ୍ୟୈ ୱ୍ୟତରଦୀଶ୍ୱରଃ||
42121501e5	ଅନନ୍ତରମ୍ ଏକୋ ବଲୱାନ୍ ଦୂତୋ ବୃହତ୍ପେଷଣୀପ୍ରସ୍ତରତୁଲ୍ୟଂ ପାଷାଣମେକଂ ଗୃହୀତ୍ୱା ସମୁଦ୍ରେ ନିକ୍ଷିପ୍ୟ କଥିତୱାନ୍, ଈଦୃଗ୍ବଲପ୍ରକାଶେନ ବାବିଲ୍ ମହାନଗରୀ ନିପାତଯିଷ୍ୟତେ ତତସ୍ତସ୍ୟା ଉଦ୍ଦେଶଃ ପୁନ ର୍ନ ଲପ୍ସ୍ୟତେ|
42121601ea	ୱଲ୍ଲକୀୱାଦିନାଂ ଶବ୍ଦଂ ପୁନ ର୍ନ ଶ୍ରୋଷ୍ୟତେ ତ୍ୱଯି| ଗାଥାକାନାଞ୍ଚ ଶବ୍ଦୋ ୱା ୱଂଶୀତୂର୍ୟ୍ୟାଦିୱାଦିନାଂ| ଶିଲ୍ପକର୍ମ୍ମକରଃ କୋ ଽପି ପୁନ ର୍ନ ଦ୍ରକ୍ଷ୍ୟତେ ତ୍ୱଯି| ପେଷଣୀପ୍ରସ୍ତରଧ୍ୱାନଃ ପୁନ ର୍ନ ଶ୍ରୋଷ୍ୟତେ ତ୍ୱଯି|
42121701df	ଦୀପସ୍ୟାପି ପ୍ରଭା ତଦ୍ୱତ୍ ପୁନ ର୍ନ ଦ୍ରକ୍ଷ୍ୟତେ ତ୍ୱଯି| ନ କନ୍ୟାୱରଯୋଃ ଶବ୍ଦଃ ପୁନଃ ସଂଶ୍ରୋଷ୍ୟତେ ତ୍ୱଯି| ଯସ୍ମାନ୍ମୁଖ୍ୟାଃ ପୃଥିୱ୍ୟା ଯେ ୱଣିଜସ୍ତେଽଭୱନ୍ ତୱ| ଯସ୍ମାଚ୍ଚ ଜାତଯଃ ସର୍ୱ୍ୱା ମୋହିତାସ୍ତୱ ମାଯଯା|
42121800f6	ଭାୱିୱାଦିପୱିତ୍ରାଣାଂ ଯାୱନ୍ତଶ୍ଚ ହତା ଭୁୱି| ସର୍ୱ୍ୱେଷାଂ ଶୋଣିତଂ ତେଷାଂ ପ୍ରାପ୍ତଂ ସର୍ୱ୍ୱଂ ତୱାନ୍ତରେ||
4213010176	ତତଃ ପରଂ ସ୍ୱର୍ଗସ୍ଥାନାଂ ମହାଜନତାଯା ମହାଶବ୍ଦୋ ଽଯଂ ମଯା ଶ୍ରୂତଃ, ବ୍ରୂତ ପରେଶ୍ୱରଂ ଧନ୍ୟମ୍ ଅସ୍ମଦୀଯୋ ଯ ଈଶ୍ୱରଃ| ତସ୍ୟାଭୱତ୍ ପରିତ୍ରାଣାଂ ପ୍ରଭାୱଶ୍ଚ ପରାକ୍ରମଃ|
42130201e7	ୱିଚାରାଜ୍ଞାଶ୍ଚ ତସ୍ୟୈୱ ସତ୍ୟା ନ୍ୟାଯ୍ୟା ଭୱନ୍ତି ଚ| ଯା ସ୍ୱୱେଶ୍ୟାକ୍ରିଯାଭିଶ୍ଚ ୱ୍ୟକରୋତ୍ କୃତ୍ସ୍ନମେଦିନୀଂ| ତାଂ ସ ଦଣ୍ଡିତୱାନ୍ ୱେଶ୍ୟାଂ ତସ୍ୟାଶ୍ଚ କରତସ୍ତଥା| ଶୋଣିତସ୍ୟ ସ୍ୱଦାସାନାଂ ସଂଶୋଧଂ ସ ଗୃହୀତୱାନ୍||
421303012e	ପୁନରପି ତୈରିଦମୁକ୍ତଂ ଯଥା, ବ୍ରୂତ ପରେଶ୍ୱରଂ ଧନ୍ୟଂ ଯନ୍ନିତ୍ୟଂ ନିତ୍ୟମେୱ ଚ| ତସ୍ୟା ଦାହସ୍ୟ ଧୂମୋ ଽସୌ ଦିଶମୂର୍ଦ୍ଧ୍ୱମୁଦେଷ୍ୟତି||
4213040182	ତତଃ ପରଂ ଚତୁର୍ୱ୍ୱିଂଶତିପ୍ରାଚୀନାଶ୍ଚତ୍ୱାରଃ ପ୍ରାଣିନଶ୍ଚ ପ୍ରଣିପତ୍ୟ ସିଂହାସନୋପୱିଷ୍ଟମ୍ ଈଶ୍ୱରଂ ପ୍ରଣମ୍ୟାୱଦନ୍, ତଥାସ୍ତୁ ପରମେଶଶ୍ଚ ସର୍ୱ୍ୱୈରେୱ ପ୍ରଶସ୍ୟତାଂ||
4213050153	ଅନନ୍ତରଂ ସିଂହାସନମଧ୍ୟାଦ୍ ଏଷ ରୱୋ ନିର୍ଗତୋ, ଯଥା, ହେ ଈଶ୍ୱରସ୍ୟ ଦାସେଯାସ୍ତଦ୍ଭକ୍ତାଃ ସକଲା ନରାଃ| ଯୂଯଂ କ୍ଷୁଦ୍ରା ମହାନ୍ତଶ୍ଚ ପ୍ରଶଂସତ ୱ ଈଶ୍ୱରଂ||
42130601fd	ତତଃ ପରଂ ମହାଜନତାଯାଃ ଶବ୍ଦ ଇୱ ବହୁତୋଯାନାଞ୍ଚ ଶବ୍ଦ ଇୱ ଗୃରୁତରସ୍ତନିତାନାଞ୍ଚ ଶବ୍ଦ ଇୱ ଶବ୍ଦୋ ଽଯଂ ମଯା ଶ୍ରୁତଃ, ବ୍ରୂତ ପରେଶ୍ୱରଂ ଧନ୍ୟଂ ରାଜତ୍ୱଂ ପ୍ରାପ୍ତୱାନ୍ ଯତଃ| ସ ପରମେଶ୍ୱରୋ ଽସ୍ମାକଂ ଯଃ ସର୍ୱ୍ୱଶକ୍ତିମାନ୍ ପ୍ରଭୁଃ|
4213070155	କୀର୍ତ୍ତଯାମଃ ସ୍ତୱଂ ତସ୍ୟ ହୃଷ୍ଟାଶ୍ଚୋଲ୍ଲାସିତା ୱଯଂ| ଯନ୍ମେଷଶାୱକସ୍ୟୈୱ ୱିୱାହସମଯୋ ଽଭୱତ୍| ୱାଗ୍ଦତ୍ତା ଚାଭୱତ୍ ତସ୍ମୈ ଯା କନ୍ୟା ସା ସୁସଜ୍ଜିତା|
4213080067	ପରିଧାନାଯ ତସ୍ୟୈ ଚ ଦତ୍ତଃ ଶୁଭ୍ରଃ ସୁଚେଲକଃ||
42130901c9	ସ ସୁଚେଲକଃ ପୱିତ୍ରଲୋକାନାଂ ପୁଣ୍ୟାନି| ତତଃ ସ ମାମ୍ ଉକ୍ତୱାନ୍ ତ୍ୱମିଦଂ ଲିଖ ମେଷଶାୱକସ୍ୟ ୱିୱାହଭୋଜ୍ୟାଯ ଯେ ନିମନ୍ତ୍ରିତାସ୍ତେ ଧନ୍ୟା ଇତି| ପୁନରପି ମାମ୍ ଅୱଦତ୍, ଇମାନୀଶ୍ୱରସ୍ୟ ସତ୍ୟାନି ୱାକ୍ୟାନି|
42130a0251	ଅନନ୍ତରଂ ଅହଂ ତସ୍ୟ ଚରଣଯୋରନ୍ତିକେ ନିପତ୍ୟ ତଂ ପ୍ରଣନ୍ତୁମୁଦ୍ୟତଃ| ତତଃ ସ ମାମ୍ ଉକ୍ତୱାନ୍ ସାୱଧାନସ୍ତିଷ୍ଠ ମୈୱଂ କୁରୁ ଯୀଶୋଃ ସାକ୍ଷ୍ୟୱିଶିଷ୍ଟୈସ୍ତୱ ଭ୍ରାତୃଭିସ୍ତ୍ୱଯା ଚ ସହଦାସୋ ଽହଂ| ଈଶ୍ୱରମେୱ ପ୍ରଣମ ଯସ୍ମାଦ୍ ଯୀଶୋଃ ସାକ୍ଷ୍ୟଂ ଭୱିଷ୍ୟଦ୍ୱାକ୍ୟସ୍ୟ ସାରଂ|
42130b01a1	ଅନନ୍ତରଂ ମଯା ମୁକ୍ତଃ ସ୍ୱର୍ଗୋ ଦୃଷ୍ଟଃ, ଏକଃ ଶ୍ୱେତୱର୍ଣୋ ଽଶ୍ୱୋ ଽପି ଦୃଷ୍ଟସ୍ତଦାରୂଢୋ ଜନୋ ୱିଶ୍ୱାସ୍ୟଃ ସତ୍ୟମଯଶ୍ଚେତି ନାମ୍ନା ଖ୍ୟାତଃ ସ ଯାଥାର୍ଥ୍ୟେନ ୱିଚାରଂ ଯୁଦ୍ଧଞ୍ଚ କରୋତି|
42130c0144	ତସ୍ୟ ନେତ୍ରେ ଽଗ୍ନିଶିଖାତୁଲ୍ୟେ ଶିରସି ଚ ବହୁକିରୀଟାନି ୱିଦ୍ୟନ୍ତେ ତତ୍ର ତସ୍ୟ ନାମ ଲିଖିତମସ୍ତି ତମେୱ ୱିନା ନାପରଃ କୋ ଽପି ତନ୍ନାମ ଜାନାତି|
42130d00a9	ସ ରୁଧିରମଗ୍ନେନ ପରିଚ୍ଛଦେନାଚ୍ଛାଦିତ ଈଶ୍ୱରୱାଦ ଇତି ନାମ୍ନାଭିଧୀଯତେ ଚ|
42130e0118	ଅପରଂ ସ୍ୱର୍ଗସ୍ଥସୈନ୍ୟାନି ଶ୍ୱେତାଶ୍ୱାରୂଢାନି ପରିହିତନିର୍ମ୍ମଲଶ୍ୱେତସୂକ୍ଷ୍ମୱସ୍ତ୍ରାଣି ଚ ଭୂତ୍ୱା ତମନୁଗଚ୍ଛନ୍ତି|
42130f0264	ତସ୍ୟ ୱକ୍ତ୍ରାଦ୍ ଏକସ୍ତୀକ୍ଷଣଃ ଖଙ୍ଗୋ ନିର୍ଗଚ୍ଛତି ତେନ ଖଙ୍ଗେନ ସର୍ୱ୍ୱଜାତୀଯାସ୍ତେନାଘାତିତୱ୍ୟାଃ ସ ଚ ଲୌହଦଣ୍ଡେନ ତାନ୍ ଚାରଯିଷ୍ୟତି ସର୍ୱ୍ୱଶକ୍ତିମତ ଈଶ୍ୱରସ୍ୟ ପ୍ରଚଣ୍ଡକୋପରସୋତ୍ପାଦକଦ୍ରାକ୍ଷାକୁଣ୍ଡେ ଯଦ୍ୟତ୍ ତିଷ୍ଠତି ତତ୍ ସର୍ୱ୍ୱଂ ସ ଏୱ ପଦାଭ୍ୟାଂ ପିନଷ୍ଟି|
42131000c8	ଅପରଂ ତସ୍ୟ ପରିଚ୍ଛଦ ଉରସି ଚ ରାଜ୍ଞାଂ ରାଜା ପ୍ରଭୂନାଂ ପ୍ରଭୁଶ୍ଚେତି ନାମ ନିଖିତମସ୍ତି|
421311015f	ଅନନ୍ତରଂ ସୂର୍ୟ୍ୟେ ତିଷ୍ଠନ୍ ଏକୋ ଦୂତୋ ମଯା ଦୃଷ୍ଟଃ, ଆକାଶମଧ୍ୟ ଉଡ୍ଡୀଯମାନାନ୍ ସର୍ୱ୍ୱାନ୍ ପକ୍ଷିଣଃ ପ୍ରତି ସ ଉଚ୍ଚୈଃସ୍ୱରେଣେଦଂ ଘୋଷଯତି, ଅତ୍ରାଗଚ୍ଛତ|
421312020e	ଈଶ୍ୱରସ୍ୟ ମହାଭୋଜ୍ୟେ ମିଲତ, ରାଜ୍ଞାଂ କ୍ରୱ୍ୟାଣି ସେନାପତୀନାଂ କ୍ରୱ୍ୟାଣି ୱୀରାଣାଂ କ୍ରୱ୍ୟାଣ୍ୟଶ୍ୱାନାଂ ତଦାରୂଢାନାଞ୍ଚ କ୍ରୱ୍ୟାଣି ଦାସମୁକ୍ତାନାଂ କ୍ଷୁଦ୍ରମହତାଂ ସର୍ୱ୍ୱେଷାମେୱ କ୍ରୱ୍ୟାଣି ଚ ଯୁଷ୍ମାଭି ର୍ଭକ୍ଷିତୱ୍ୟାନି|
4213130160	ତତଃ ପରଂ ତେନାଶ୍ୱାରୂଢଜନେନ ତଦୀଯସୈନ୍ୟୈଶ୍ଚ ସାର୍ଦ୍ଧଂ ଯୁଦ୍ଧଂ କର୍ତ୍ତୁଂ ସ ପଶୁଃ ପୃଥିୱ୍ୟା ରାଜାନସ୍ତେଷାଂ ସୈନ୍ୟାନି ଚ ସମାଗଚ୍ଛନ୍ତୀତି ମଯା ଦୃଷ୍ଟଂ|
4213140230	ତତଃ ସ ପଶୁ ର୍ଧୃତୋ ଯଶ୍ଚ ମିଥ୍ୟାଭୱିଷ୍ୟଦ୍ୱକ୍ତା ତସ୍ୟାନ୍ତିକେ ଚିତ୍ରକର୍ମ୍ମାଣି କୁର୍ୱ୍ୱନ୍ ତୈରେୱ ପଶ୍ୱଙ୍କଧାରିଣସ୍ତତ୍ପ୍ରତିମାପୂଜକାଂଶ୍ଚ ଭ୍ରମିତୱାନ୍ ସୋ ଽପି ତେନ ସାର୍ଦ୍ଧଂ ଧୃତଃ| ତୌ ଚ ୱହ୍ନିଗନ୍ଧକଜ୍ୱଲିତହ୍ରଦେ ଜୀୱନ୍ତୌ ନିକ୍ଷିପ୍ତୌ|
4213150113	ଅୱଶିଷ୍ଟାଶ୍ଚ ତସ୍ୟାଶ୍ୱାରୂଢସ୍ୟ ୱକ୍ତ୍ରନିର୍ଗତଖଙ୍ଗେନ ହତାଃ, ତେଷାଂ କ୍ରୱ୍ୟୈଶ୍ଚ ପକ୍ଷିଣଃ ସର୍ୱ୍ୱେ ତୃପ୍ତିଂ ଗତାଃ|
4214010109	ତତଃ ପରଂ ସ୍ୱର୍ଗାଦ୍ ଅୱରୋହନ୍ ଏକୋ ଦୂତୋ ମଯା ଦୃଷ୍ଟସ୍ତସ୍ୟ କରେ ରମାତଲସ୍ୟ କୁଞ୍ଜିକା ମହାଶୃଙ୍ଖଲଞ୍ଚୈକଂ ତିଷ୍ଠତଃ|
42140200fd	ଅପରଂ ନାଗୋ ଽର୍ଥତଃ ଯୋ ୱୃଦ୍ଧଃ ସର୍ପୋ ଽପୱାଦକଃ ଶଯତାନଶ୍ଚାସ୍ତି ତମେୱ ଧୃତ୍ୱା ୱର୍ଷସହସ୍ରଂ ଯାୱଦ୍ ବଦ୍ଧୱାନ୍|
421403021c	ଅପରଂ ରସାତଲେ ତଂ ନିକ୍ଷିପ୍ୟ ତଦୁପରି ଦ୍ୱାରଂ ରୁଦ୍ଧ୍ୱା ମୁଦ୍ରାଙ୍କିତୱାନ୍ ଯସ୍ମାତ୍ ତଦ୍ ୱର୍ଷସହସ୍ରଂ ଯାୱତ୍ ସମ୍ପୂର୍ଣଂ ନ ଭୱେତ୍ ତାୱଦ୍ ଭିନ୍ନଜାତୀଯାସ୍ତେନ ପୁନ ର୍ନ ଭ୍ରମିତୱ୍ୟାଃ| ତତଃ ପରମ୍ ଅଲ୍ପକାଲାର୍ଥଂ ତସ୍ୟ ମୋଚନେନ ଭୱିତୱ୍ୟଂ|
4214040381	ଅନନ୍ତରଂ ମଯା ସିଂହାସନାନି ଦୃଷ୍ଟାନି ତତ୍ର ଯେ ଜନା ଉପାୱିଶନ୍ ତେଭ୍ୟୋ ୱିଚାରଭାରୋ ଽଦୀଯତ; ଅନନ୍ତରଂ ଯୀଶୋଃ ସାକ୍ଷ୍ୟସ୍ୟ କାରଣାଦ୍ ଈଶ୍ୱରୱାକ୍ୟସ୍ୟ କାରଣାଚ୍ଚ ଯେଷାଂ ଶିରଶ୍ଛେଦନଂ କୃତଂ ପଶୋସ୍ତଦୀଯପ୍ରତିମାଯା ୱା ପୂଜା ଯୈ ର୍ନ କୃତା ଭାଲେ କରେ ୱା କଲଙ୍କୋ ଽପି ନ ଧୃତସ୍ତେଷାମ୍ ଆତ୍ମାନୋ ଽପି ମଯା ଦୃଷ୍ଟାଃ, ତେ ପ୍ରାପ୍ତଜୀୱନାସ୍ତଦ୍ୱର୍ଷସହସ୍ରଂ ଯାୱତ୍ ଖ୍ରୀଷ୍ଟେନ ସାର୍ଦ୍ଧଂ ରାଜତ୍ୱମକୁର୍ୱ୍ୱନ୍|
42140500d1	କିନ୍ତ୍ୱୱଶିଷ୍ଟା ମୃତଜନାସ୍ତସ୍ୟ ୱର୍ଷସହସ୍ରସ୍ୟ ସମାପ୍ତେଃ ପୂର୍ୱ୍ୱଂ ଜୀୱନଂ ନ ପ୍ରାପନ୍|
4214060215	ଏଷା ପ୍ରଥମୋତ୍ଥିତିଃ| ଯଃ କଶ୍ଚିତ୍ ପ୍ରଥମାଯା ଉତ୍ଥିତେରଂଶୀ ସ ଧନ୍ୟଃ ପୱିତ୍ରଶ୍ଚ| ତେଷୁ ଦ୍ୱିତୀଯମୃତ୍ୟୋଃ କୋ ଽପ୍ୟଧିକାରୋ ନାସ୍ତି ତ ଈଶ୍ୱରସ୍ୟ ଖ୍ରୀଷ୍ଟସ୍ୟ ଚ ଯାଜକା ଭୱିଷ୍ୟନ୍ତି ୱର୍ଷସହସ୍ରଂ ଯାୱତ୍ ତେନ ସହ ରାଜତ୍ୱଂ କରିଷ୍ୟନ୍ତି ଚ|
4214070080	ୱର୍ଷସହସ୍ରେ ସମାପ୍ତେ ଶଯତାନଃ ସ୍ୱକାରାତୋ ମୋକ୍ଷ୍ୟତେ|
42140801d7	ତତଃ ସ ପୃଥିୱ୍ୟାଶ୍ଚତୁର୍ଦିକ୍ଷୁ ସ୍ଥିତାନ୍ ସର୍ୱ୍ୱଜାତୀଯାନ୍ ୱିଶେଷତୋ ଜୂଜାଖ୍ୟାନ୍ ମାଜୂଜାଖ୍ୟାଂଶ୍ଚ ସାମୁଦ୍ରସିକତାୱଦ୍ ବହୁସଂଖ୍ୟକାନ୍ ଜନାନ୍ ଭ୍ରମଯିତ୍ୱା ଯୁଦ୍ଧାର୍ଥଂ ସଂଗ୍ରହୀତୁଂ ନିର୍ଗମିଷ୍ୟତି|
421409019a	ତତସ୍ତେ ମେଦିନ୍ୟାଃ ପ୍ରସ୍ଥେନାଗତ୍ୟ ପୱିତ୍ରଲୋକାନାଂ ଦୁର୍ଗଂ ପ୍ରିଯତମାଂ ନଗରୀଞ୍ଚ ୱେଷ୍ଟିତୱନ୍ତଃ କିନ୍ତ୍ୱୀଶ୍ୱରେଣ ନିକ୍ଷିପ୍ତୋ ଽଗ୍ନିରାକାଶାତ୍ ପତିତ୍ୱା ତାନ୍ ଖାଦିତୱାନ୍|
42140a01be	ତେଷାଂ ଭ୍ରମଯିତା ଚ ଶଯତାନୋ ୱହ୍ନିଗନ୍ଧକଯୋ ର୍ହ୍ରଦେ ଽର୍ଥତଃ ପଶୁ ର୍ମିଥ୍ୟାଭୱିଷ୍ୟଦ୍ୱାଦୀ ଚ ଯତ୍ର ତିଷ୍ଠତସ୍ତତ୍ରୈୱ ନିକ୍ଷିପ୍ତଃ, ତତ୍ରାନନ୍ତକାଲଂ ଯାୱତ୍ ତେ ଦିୱାନିଶଂ ଯାତନାଂ ଭୋକ୍ଷ୍ୟନ୍ତେ|
42140b0160	ତତଃ ଶୁକ୍ଲମ୍ ଏକଂ ମହାସିଂହାସନଂ ମଯା ଦୃଷ୍ଟଂ ତଦୁପୱିଷ୍ଟୋ ଽପି ଦୃଷ୍ଟସ୍ତସ୍ୟ ୱଦନାନ୍ତିକାଦ୍ ଭୂନଭୋମଣ୍ଡଲେ ପଲାଯେତାଂ ପୁନସ୍ତାଭ୍ୟାଂ ସ୍ଥାନଂ ନ ଲବ୍ଧଂ|
42140c0290	ଅପରଂ କ୍ଷୁଦ୍ରା ମହାନ୍ତଶ୍ଚ ସର୍ୱ୍ୱେ ମୃତା ମଯା ଦୃଷ୍ଟାଃ, ତେ ସିଂହାସନସ୍ୟାନ୍ତିକେ ଽତିଷ୍ଠନ୍ ଗ୍ରନ୍ଥାଶ୍ଚ ୱ୍ୟସ୍ତୀର୍ୟ୍ୟନ୍ତ ଜୀୱନପୁସ୍ତକାଖ୍ୟମ୍ ଅପରମ୍ ଏକଂ ପୁସ୍ତକମପି ୱିସ୍ତୀର୍ଣଂ| ତତ୍ର ଗ୍ରନ୍ଥେଷୁ ଯଦ୍ୟତ୍ ଲିଖିତଂ ତସ୍ମାତ୍ ମୃତାନାମ୍ ଏକୈକସ୍ୟ ସ୍ୱକ୍ରିଯାନୁଯାଯୀ ୱିଚାରଃ କୃତଃ|
42140d018f	ତଦାନୀଂ ସମୁଦ୍ରେଣ ସ୍ୱାନ୍ତରସ୍ଥା ମୃତଜନାଃ ସମର୍ପିତାଃ, ମୃତ୍ୟୁପରଲୋକାଭ୍ୟାମପି ସ୍ୱାନ୍ତରସ୍ଥା ମୃତଜନାଃ ସର୍ମିପତାଃ, ତେଷାଞ୍ଚୈକୈକସ୍ୟ ସ୍ୱକ୍ରିଯାନୁଯାଯୀ ୱିଚାରଃ କୃତଃ|
42140e00ae	ଅପରଂ ମୃତ୍ୟୁପରଲୋକୌ ୱହ୍ନିହ୍ରଦେ ନିକ୍ଷିପ୍ତୌ, ଏଷ ଏୱ ଦ୍ୱିତୀଯୋ ମୃତ୍ୟୁଃ|
42140f00e0	ଯସ୍ୟ କସ୍ୟଚିତ୍ ନାମ ଜୀୱନପୁସ୍ତକେ ଲିଖିତଂ ନାୱିଦ୍ୟତ ସ ଏୱ ତସ୍ମିନ୍ ୱହ୍ନିହ୍ରଦେ ନ୍ୟକ୍ଷିପ୍ୟତ|
421501015a	ଅନନ୍ତରଂ ନୱୀନମ୍ ଆକାଶମଣ୍ଡଲଂ ନୱୀନା ପୃଥିୱୀ ଚ ମଯା ଦୃଷ୍ଟେ ଯତଃ ପ୍ରଥମମ୍ ଆକାଶମଣ୍ଡଲଂ ପ୍ରଥମା ପୃଥିୱୀ ଚ ଲୋପଂ ଗତେ ସମୁଦ୍ରୋ ଽପି ତତଃ ପରଂ ନ ୱିଦ୍ୟତେ|
4215020137	ଅପରଂ ସ୍ୱର୍ଗାଦ୍ ଅୱରୋହନ୍ତୀ ପୱିତ୍ରା ନଗରୀ, ଅର୍ଥତୋ ନୱୀନା ଯିରୂଶାଲମପୁରୀ ମଯା ଦୃଷ୍ଟା, ସା ୱରାଯ ୱିଭୂଷିତା କନ୍ୟେୱ ସୁସଜ୍ଜିତାସୀତ୍|
4215030200	ଅନନ୍ତରଂ ସ୍ୱର୍ଗାଦ୍ ଏଷ ମହାରୱୋ ମଯା ଶ୍ରୁତଃ ପଶ୍ୟାଯଂ ମାନୱୈଃ ସାର୍ଦ୍ଧମ୍ ଈଶ୍ୱରସ୍ୟାୱାସଃ, ସ ତୈଃ ସାର୍ଦ୍ଧଂ ୱତ୍ସ୍ୟତି ତେ ଚ ତସ୍ୟ ପ୍ରଜା ଭୱିଷ୍ୟନ୍ତି, ଈଶ୍ୱରଶ୍ଚ ସ୍ୱଯଂ ତେଷାମ୍ ଈଶ୍ୱରୋ ଭୂତ୍ୱା ତୈଃ ସାର୍ଦ୍ଧଂ ସ୍ଥାସ୍ୟତି|
42150401b6	ତେଷାଂ ନେତ୍ରେଭ୍ୟଶ୍ଚାଶ୍ରୂଣି ସର୍ୱ୍ୱାଣୀଶ୍ୱରେଣ ପ୍ରମାର୍କ୍ଷ୍ୟନ୍ତେ ମୃତ୍ୟୁରପି ପୁନ ର୍ନ ଭୱିଷ୍ୟତି ଶୋକୱିଲାପକ୍ଲେଶା ଅପି ପୁନ ର୍ନ ଭୱିଷ୍ୟନ୍ତି, ଯତଃ ପ୍ରଥମାନି ସର୍ୱ୍ୱାଣି ୱ୍ୟତୀତିନି|
4215050148	ଅପରଂ ସିଂହାସନୋପୱିଷ୍ଟୋ ଜନୋଽୱଦତ୍ ପଶ୍ୟାହଂ ସର୍ୱ୍ୱାଣି ନୂତନୀକରୋମି| ପୁନରୱଦତ୍ ଲିଖ ଯତ ଇମାନି ୱାକ୍ୟାନି ସତ୍ୟାନି ୱିଶ୍ୱାସ୍ୟାନି ଚ ସନ୍ତି|
4215060148	ପନ ର୍ମାମ୍ ଅୱଦତ୍ ସମାପ୍ତଂ, ଅହଂ କଃ କ୍ଷଶ୍ଚ, ଅହମ୍ ଆଦିରନ୍ତଶ୍ଚ ଯଃ ପିପାସତି ତସ୍ମା ଅହଂ ଜୀୱନଦାଯିପ୍ରସ୍ରୱଣସ୍ୟ ତୋଯଂ ୱିନାମୂଲ୍ୟଂ ଦାସ୍ୟାମି|
42150700f0	ଯୋ ଜଯତି ସ ସର୍ୱ୍ୱେଷାମ୍ ଅଧିକାରୀ ଭୱିଷ୍ୟତି, ଅହଞ୍ଚ ତସ୍ୟେଶ୍ୱରୋ ଭୱିଷ୍ୟାମି ସ ଚ ମମ ପୁତ୍ରୋ ଭୱିଷ୍ୟତି|
42150801dc	କିନ୍ତୁ ଭୀତାନାମ୍ ଅୱିଶ୍ୱାସିନାଂ ଘୃଣ୍ୟାନାଂ ନରହନ୍ତୃଣାଂ ୱେଶ୍ୟାଗାମିନାଂ ମୋହକାନାଂ ଦେୱପୂଜକାନାଂ ସର୍ୱ୍ୱେଷାମ୍ ଅନୃତୱାଦିନାଞ୍ଚାଂଶୋ ୱହ୍ନିଗନ୍ଧକଜ୍ୱଲିତହ୍ରଦେ ଭୱିଷ୍ୟତି, ଏଷ ଏୱ ଦ୍ୱିତୀଯୋ ମୃତ୍ୟୁଃ|
42150901dd	ଅନନ୍ତରଂ ଶେଷସପ୍ତଦଣ୍ଡୈଃ ପରିପୂର୍ଣାଃ ସପ୍ତ କଂସା ଯେଷାଂ ସପ୍ତଦୂତାନାଂ କରେଷ୍ୱାସନ୍ ତେଷାମେକ ଆଗତ୍ୟ ମାଂ ସମ୍ଭାଷ୍ୟାୱଦତ୍, ଆଗଚ୍ଛାହଂ ତାଂ କନ୍ୟାମ୍ ଅର୍ଥତୋ ମେଷଶାୱକସ୍ୟ ଭାୱିଭାର୍ୟ୍ୟାଂ ତ୍ୱାଂ ଦର୍ଶଯାମି|
42150a0176	ତତଃ ସ ଆତ୍ମାୱିଷ୍ଟଂ ମାମ୍ ଅତ୍ୟୁଚ୍ଚଂ ମହାପର୍ୱ୍ୱତମେଂକ ନୀତ୍ୱେଶ୍ୱରସ୍ୟ ସନ୍ନିଧିତଃ ସ୍ୱର୍ଗାଦ୍ ଅୱରୋହନ୍ତୀଂ ଯିରୂଶାଲମାଖ୍ୟାଂ ପୱିତ୍ରାଂ ନଗରୀଂ ଦର୍ଶିତୱାନ୍|
42150b00f3	ସା ଈଶ୍ୱରୀଯପ୍ରତାପୱିଶିଷ୍ଟା ତସ୍ୟାସ୍ତେଜୋ ମହାର୍ଘରତ୍ନୱଦ୍ ଅର୍ଥତଃ ସୂର୍ୟ୍ୟକାନ୍ତମଣିତେଜସ୍ତୁଲ୍ୟଂ|
42150c01d3	ତସ୍ୟାଃ ପ୍ରାଚୀରଂ ବୃହଦ୍ ଉଚ୍ଚଞ୍ଚ ତତ୍ର ଦ୍ୱାଦଶ ଗୋପୁରାଣି ସନ୍ତି ତଦ୍ଗୋପୁରୋପରି ଦ୍ୱାଦଶ ସ୍ୱର୍ଗଦୂତା ୱିଦ୍ୟନ୍ତେ ତତ୍ର ଚ ଦ୍ୱାଦଶ ନାମାନ୍ୟର୍ଥତ ଇସ୍ରାଯେଲୀଯାନାଂ ଦ୍ୱାଦଶୱଂଶାନାଂ ନାମାନି ଲିଖିତାନି|
42150d0140	ପୂର୍ୱ୍ୱଦିଶି ତ୍ରୀଣି ଗୋପୁରାଣି ଉତ୍ତରଦିଶି ତ୍ରୀଣି ଗୋପୁରାଣି ଦକ୍ଷିଣଦିଷି ତ୍ରୀଣି ଗୋପୁରାଣି ପଶ୍ଚୀମଦିଶି ଚ ତ୍ରୀଣି ଗୋପୁରାଣି ସନ୍ତି|
42150e0116	ନଗର୍ୟ୍ୟାଃ ପ୍ରାଚୀରସ୍ୟ ଦ୍ୱାଦଶ ମୂଲାନି ସନ୍ତି ତତ୍ର ମେଷାଶାୱାକସ୍ୟ ଦ୍ୱାଦଶପ୍ରେରିତାନାଂ ଦ୍ୱାଦଶ ନାମାନି ଲିଖିତାନି|
42150f0139	ଅନରଂ ନଗର୍ୟ୍ୟାସ୍ତଦୀଯଗୋପୁରାଣାଂ ତତ୍ପ୍ରାଚୀରସ୍ୟ ଚ ମାପନାର୍ଥଂ ମଯା ସମ୍ଭାଷମାଣସ୍ୟ ଦୂତସ୍ୟ କରେ ସ୍ୱର୍ଣମଯ ଏକଃ ପରିମାଣଦଣ୍ଡ ଆସୀତ୍|
42151001e2	ନଗର୍ୟ୍ୟା ଆକୃତିଶ୍ଚତୁରସ୍ରା ତସ୍ୟା ଦୈର୍ଘ୍ୟପ୍ରସ୍ଥେ ସମେ| ତତଃ ପରଂ ସ ତେଗ ପରିମାଣଦଣ୍ଡେନ ତାଂ ନଗରୀଂ ପରିମିତୱାନ୍ ତସ୍ୟାଃ ପରିମାଣଂ ଦ୍ୱାଦଶସହସ୍ରନଲ୍ୱାଃ| ତସ୍ୟା ଦୈର୍ଘ୍ୟଂ ପ୍ରସ୍ଥମ୍ ଉଚ୍ଚତ୍ୱଞ୍ଚ ସମାନାନି|
4215110140	ଅପରଂ ସ ତସ୍ୟାଃ ପ୍ରାଚୀରଂ ପରିମିତୱାନ୍ ତସ୍ୟ ମାନୱାସ୍ୟାର୍ଥତୋ ଦୂତସ୍ୟ ପରିମାଣାନୁସାରତସ୍ତତ୍ ଚତୁଶ୍ଚତ୍ୱାରିଂଶଦଧିକାଶତହସ୍ତପରିମିତଂ |
4215120117	ତସ୍ୟ ପ୍ରାଚୀରସ୍ୟ ନିର୍ମ୍ମିତିଃ ସୂର୍ୟ୍ୟକାନ୍ତମଣିଭି ର୍ନଗରୀ ଚ ନିର୍ମ୍ମଲକାଚତୁଲ୍ୟେନ ଶୁଦ୍ଧସୁୱର୍ଣେନ ନିର୍ମ୍ମିତା|
42151301a9	ନଗର୍ୟ୍ୟାଃ ପ୍ରାଚୀରସ୍ୟ ମୂଲାନି ଚ ସର୍ୱ୍ୱୱିଧମହାର୍ଘମଣିଭି ର୍ଭୂଷିତାନି| ତେଷାଂ ପ୍ରଥମଂ ଭିତ୍ତିମୂଲଂ ସୂର୍ୟ୍ୟକାନ୍ତସ୍ୟ, ଦ୍ୱିତୀଯଂ ନୀଲସ୍ୟ, ତୃତୀଯଂ ତାମ୍ରମଣେଃ, ଚତୁର୍ଥଂ ମରକତସ୍ୟ,
42151401a6	ପଞ୍ଚମଂ ୱୈଦୂର୍ୟ୍ୟସ୍ୟ, ଷଷ୍ଠଂ ଶୋଣରତ୍ନସ୍ୟ, ସପ୍ତମଂ ଚନ୍ଦ୍ରକାନ୍ତସ୍ୟ, ଅଷ୍ଟମଂ ଗୋମେଦସ୍ୟ, ନୱମଂ ପଦ୍ମରାଗସ୍ୟ, ଦଶମଂ ଲଶୂନୀଯସ୍ୟ, ଏକାଦଶଂ ଷେରୋଜସ୍ୟ, ଦ୍ୱାଦଶଂ ମର୍ଟୀଷ୍ମଣେଶ୍ଚାସ୍ତି|
4215150187	ଦ୍ୱାଦଶଗୋପୁରାଣି ଦ୍ୱାଦଶମୁକ୍ତାଭି ର୍ନିର୍ମ୍ମିତାନି, ଏକୈକଂ ଗୋପୁରମ୍ ଏକୈକଯା ମୁକ୍ତଯା କୃତଂ ନଗର୍ୟ୍ୟା ମହାମାର୍ଗଶ୍ଚାଚ୍ଛକାଚୱତ୍ ନିର୍ମ୍ମଲସୁୱର୍ଣେନ ନିର୍ମ୍ମିତଂ|
4215160120	ତସ୍ୟା ଅନ୍ତର ଏକମପି ମନ୍ଦିରଂ ମଯା ନ ଦୃଷ୍ଟଂ ସତଃ ସର୍ୱ୍ୱଶକ୍ତିମାନ୍ ପ୍ରଭୁଃ ପରମେଶ୍ୱରୋ ମେଷଶାୱକଶ୍ଚ ସ୍ୱଯଂ ତସ୍ୟ ମନ୍ଦିରଂ|
421517015d	ତସ୍ୟୈ ନଗର୍ୟ୍ୟୈ ଦୀପ୍ତିଦାନାର୍ଥଂ ସୂର୍ୟ୍ୟାଚନ୍ଦ୍ରମସୋଃ ପ୍ରଯୋଜନଂ ନାସ୍ତି ଯତ ଈଶ୍ୱରସ୍ୟ ପ୍ରତାପସ୍ତାଂ ଦୀପଯତି ମେଷଶାୱକଶ୍ଚ ତସ୍ୟା ଜ୍ୟୋତିରସ୍ତି|
4215180150	ପରିତ୍ରାଣପ୍ରାପ୍ତଲୋକନିୱହାଶ୍ଚ ତସ୍ୟା ଆଲୋକେ ଗମନାଗମନେ କୁର୍ୱ୍ୱନ୍ତି ପୃଥିୱ୍ୟା ରାଜାନଶ୍ଚ ସ୍ୱକୀଯଂ ପ୍ରତାପଂ ଗୌରୱଞ୍ଚ ତନ୍ମଧ୍ୟମ୍ ଆନଯନ୍ତି|
42151900a9	ତସ୍ୟା ଦ୍ୱାରାଣି ଦିୱା କଦାପି ନ ରୋତ୍ସ୍ୟନ୍ତେ ନିଶାପି ତତ୍ର ନ ଭୱିଷ୍ୟତି|
42151a0082	ସର୍ୱ୍ୱଜାତୀନାଂ ଗୌରୱପ୍ରତାପୌ ତନ୍ମଧ୍ୟମ୍ ଆନେଷ୍ୟେତେ|
42151b017c	ପରନ୍ତ୍ୱପୱିତ୍ରଂ ଘୃଣ୍ୟକୃଦ୍ ଅନୃତକୃଦ୍ ୱା କିମପି ତନ୍ମଧ୍ୟଂ ନ ପ୍ରୱେକ୍ଷ୍ୟତି ମେଷଶାୱକସ୍ୟ ଜୀୱନପୁସ୍ତକେ ଯେଷାଂ ନାମାନି ଲିଖିତାନି କେୱଲଂ ତ ଏୱ ପ୍ରୱେକ୍ଷ୍ୟନ୍ତି|
4216010131	ଅନନ୍ତରଂ ସ ସ୍ଫଟିକୱତ୍ ନିର୍ମ୍ମଲମ୍ ଅମୃତତୋଯସ୍ୟ ସ୍ରୋତୋ ମାମ୍ ଅଉର୍ଶଯତ୍ ତଦ୍ ଈଶ୍ୱରସ୍ୟ ମେଷଶାୱକସ୍ୟ ଚ ସିଂହାସନାତ୍ ନିର୍ଗଚ୍ଛତି|
42160201d7	ନଗର୍ୟ୍ୟା ମାର୍ଗମଧ୍ୟେ ତସ୍ୟା ନଦ୍ୟାଃ ପାର୍ଶ୍ୱଯୋରମୃତୱୃକ୍ଷା ୱିଦ୍ୟନ୍ତେ ତେଷାଂ ଦ୍ୱାଦଶଫଲାନି ଭୱନ୍ତି, ଏକୈକୋ ୱୃକ୍ଷଃ ପ୍ରତିମାସଂ ସ୍ୱଫଲଂ ଫଲତି ତଦ୍ୱୃକ୍ଷପତ୍ରାଣି ଚାନ୍ୟଜାତୀଯାନାମ୍ ଆରୋଗ୍ୟଜନକାନି|
4216030143	ଅପରଂ କିମପି ଶାପଗ୍ରସ୍ତଂ ପୁନ ର୍ନ ଭୱିଷ୍ୟତି ତସ୍ୟା ମଧ୍ୟ ଈଶ୍ୱରସ୍ୟ ମେଷଶାୱକସ୍ୟ ଚ ସିଂହାସନଂ ସ୍ଥାସ୍ୟତି ତସ୍ୟ ଦାସାଶ୍ଚ ତଂ ସେୱିଷ୍ୟନ୍ତେ|
42160400ab	ତସ୍ୟ ୱଦନଦର୍ଶନଂ ପ୍ରାପ୍ସ୍ୟନ୍ତି ଭାଲେଷୁ ଚ ତସ୍ୟ ନାମ ଲିଖିତଂ ଭୱିଷ୍ୟତି|
4216050128	ତଦାନୀଂ ରାତ୍ରିଃ ପୁନ ର୍ନ ଭୱିଷ୍ୟତି ଯତଃ ପ୍ରଭୁଃ ପରମେଶ୍ୱରସ୍ତାନ୍ ଦୀପଯିଷ୍ୟତି ତେ ଚାନନ୍ତକାଲଂ ଯାୱଦ୍ ରାଜତ୍ୱଂ କରିଷ୍ୟନ୍ତେ|
42160601c8	ଅନନ୍ତରଂ ସ ମାମ୍ ଅୱଦତ୍, ୱାକ୍ୟାନୀମାନି ୱିଶ୍ୱାସ୍ୟାନି ସତ୍ୟାନି ଚ, ଅଚିରାଦ୍ ଯୈ ର୍ଭୱିତୱ୍ୟଂ ତାନି ସ୍ୱଦାସାନ୍ ଜ୍ଞାପଯିତୁଂ ପୱିତ୍ରଭୱିଷ୍ୟଦ୍ୱାଦିନାଂ ପ୍ରଭୁଃ ପରମେଶ୍ୱରଃ ସ୍ୱଦୂତଂ ପ୍ରେଷିତୱାନ୍|
42160700d4	ପଶ୍ୟାହଂ ତୂର୍ଣମ୍ ଆଗଚ୍ଛାମି, ଏତଦ୍ଗ୍ରନ୍ଥସ୍ୟ ଭୱିଷ୍ୟଦ୍ୱାକ୍ୟାନି ଯଃ ପାଲଯତି ସ ଏୱ ଧନ୍ୟଃ|
4216080131	ଯୋହନହମ୍ ଏତାନି ଶ୍ରୁତୱାନ୍ ଦୃଷ୍ଟୱାଂଶ୍ଚାସ୍ମି ଶ୍ରୁତ୍ୱା ଦୃଷ୍ଟ୍ୱା ଚ ତଦ୍ଦର୍ଶକଦୂତସ୍ୟ ପ୍ରଣାମାର୍ଥଂ ତଚ୍ଚରଣଯୋରନ୍ତିକେ ଽପତଂ|
4216090175	ତତଃ ସ ମାମ୍ ଅୱଦତ୍ ସାୱଧାନୋ ଭୱ ମୈୱଂ କୃରୁ, ତ୍ୱଯା ତୱ ଭ୍ରାତୃଭି ର୍ଭୱିଷ୍ୟଦ୍ୱାଦିଭିରେତଦ୍ଗ୍ରନ୍ଥସ୍ଥୱାକ୍ୟପାଲନକାରିଭିଶ୍ଚ ସହଦାସୋ ଽହଂ| ତ୍ୱମ୍ ଈଶ୍ୱରଂ ପ୍ରଣମ|
42160a010e	ସ ପୁନ ର୍ମାମ୍ ଅୱଦତ୍, ଏତଦ୍ଗ୍ରନ୍ଥସ୍ଥଭୱିଷ୍ୟଦ୍ୱାକ୍ୟାନି ତ୍ୱଯା ନ ମୁଦ୍ରାଙ୍କଯିତୱ୍ୟାନି ଯତଃ ସମଯୋ ନିକଟୱର୍ତ୍ତୀ|
42160b0195	ଅଧର୍ମ୍ମାଚାର ଇତଃ ପରମପ୍ୟଧର୍ମ୍ମମ୍ ଆଚରତୁ, ଅମେଧ୍ୟାଚାର ଇତଃ ପରମପ୍ୟମେଧ୍ୟମ୍ ଆଚରତୁ ଧର୍ମ୍ମାଚାର ଇତଃ ପରମପି ଧର୍ମ୍ମମ୍ ଆଚରତୁ ପୱିତ୍ରାଚାରଶ୍ଚେତଃ ପରମପି ପୱିତ୍ରମ୍ ଆଚରତୁ|
42160c00f3	ପଶ୍ୟାହଂ ତୂର୍ଣମ୍ ଆଗଚ୍ଛାମି, ଏକୈକସ୍ମୈ ସ୍ୱକ୍ରିଯାନୁଯାଯିଫଲଦାନାର୍ଥଂ ମଦ୍ଦାତୱ୍ୟଫଲଂ ମମ ସମୱର୍ତ୍ତି|
42160d0068	ଅହଂ କଃ କ୍ଷଶ୍ଚ ପ୍ରଥମଃ ଶେଷଶ୍ଚାଦିରନ୍ତଶ୍ଚ|
42160e0105	ଅମୁତୱୃକ୍ଷସ୍ୟାଧିକାରପ୍ରାପ୍ତ୍ୟର୍ଥଂ ଦ୍ୱାରୈ ର୍ନଗରପ୍ରୱେଶାର୍ଥଞ୍ଚ ଯେ ତସ୍ୟାଜ୍ଞାଃ ପାଲଯନ୍ତି ତ ଏୱ ଧନ୍ୟାଃ|
42160f013b	କୁକ୍କୁରୈ ର୍ମାଯାୱିଭିଃ ପୁଙ୍ଗାମିଭି ର୍ନରହନ୍ତୃଭି ର୍ଦେୱାର୍ଚ୍ଚକୈଃ ସର୍ୱ୍ୱୈରନୃତେ ପ୍ରୀଯମାଣୈରନୃତାଚାରିଭିଶ୍ଚ ବହିଃ ସ୍ଥାତୱ୍ୟଂ|
421610015e	ମଣ୍ଡଲୀଷୁ ଯୁଷ୍ମଭ୍ୟମେତେଷାଂ ସାକ୍ଷ୍ୟଦାନାର୍ଥଂ ଯୀଶୁରହଂ ସ୍ୱଦୂତଂ ପ୍ରେଷିତୱାନ୍, ଅହମେୱ ଦାଯୂଦୋ ମୂଲଂ ୱଂଶଶ୍ଚ, ଅହଂ ତେଜୋମଯପ୍ରଭାତୀଯତାରାସ୍ୱରୂପଃ|
421611016a	ଆତ୍ମା କନ୍ୟା ଚ କଥଯତଃ, ତ୍ୱଯାଗମ୍ୟତାଂ| ଶ୍ରୋତାପି ୱଦତୁ, ଆଗମ୍ୟତାମିତି| ଯଶ୍ଚ ତୃଷାର୍ତ୍ତଃ ସ ଆଗଚ୍ଛତୁ ଯଶ୍ଚେଚ୍ଛତି ସ ୱିନା ମୂଲ୍ୟଂ ଜୀୱନଦାଯି ଜଲଂ ଗୃହ୍ଲାତୁ|
42161201ec	ଯଃ କଶ୍ଚିଦ୍ ଏତଦ୍ଗ୍ରନ୍ଥସ୍ଥଭୱିଷ୍ୟଦ୍ୱାକ୍ୟାନି ଶୃଣୋତି ତସ୍ମା ଅହଂ ସାକ୍ଷ୍ୟମିଦଂ ଦଦାମି, କଶ୍ଚିଦ୍ ଯଦ୍ୟପରଂ କିମପ୍ୟେତେଷୁ ଯୋଜଯତି ତର୍ହୀଶ୍ୱରୋଗ୍ରନ୍ଥେଽସ୍ମିନ୍ ଲିଖିତାନ୍ ଦଣ୍ଡାନ୍ ତସ୍ମିନ୍ନେୱ ଯୋଜଯିଷ୍ୟତି|
4216130189	ଯଦି ଚ କଶ୍ଚିଦ୍ ଏତଦ୍ଗ୍ରନ୍ଥସ୍ଥଭୱିଷ୍ୟଦ୍ୱାକ୍ୟେଭ୍ୟଃ କିମପ୍ୟପହରତି ତର୍ହୀଶ୍ୱରୋ ଗ୍ରନ୍ଥେ ଽସ୍ମିନ୍ ଲିଖିତାତ୍ ଜୀୱନୱୃକ୍ଷାତ୍ ପୱିତ୍ରନଗରାଚ୍ଚ ତସ୍ୟାଂଶମପହରିଷ୍ୟତି|
4216140100	ଏତତ୍ ସାକ୍ଷ୍ୟଂ ଯୋ ଦଦାତି ସ ଏୱ ୱକ୍ତି ସତ୍ୟମ୍ ଅହଂ ତୂର୍ଣମ୍ ଆଗଚ୍ଛାମି| ତଥାସ୍ତୁ| ପ୍ରଭୋ ଯୀଶୋ, ଆଗମ୍ୟତାଂ ଭୱତା|
42161500d1	ଅସ୍ମାକଂ ପ୍ରଭୋ ର୍ୟୀଶୁଖ୍ରୀଷ୍ଟସ୍ୟାନୁଗ୍ରହଃ ସର୍ୱ୍ୱେଷୁ ଯୁଷ୍ମାସୁ ୱର୍ତ୍ତତାଂ| ଆମେନ୍|
